time_utc,time_scada,turbine_id,prediction,p10,p90,issue_time_scada,lead_hours,model_version
2026-01-31 18:00:00,2026-02-01 00:00:00,1,0.01847043621948567,0.009576477954332427,0.2141939993664982,2026-01-31 23:00:00,1,t1-direct-d7d0b047c9
2026-01-31 18:00:00,2026-02-01 00:00:00,2,0.02121723214224106,0.008085185666970696,0.15571381457288833,2026-01-31 23:00:00,1,t2-direct-60103e48d3
2026-01-31 19:00:00,2026-02-01 01:00:00,1,0.012727067016999011,0.00986364641445676,0.17990946485415768,2026-01-31 23:00:00,2,t1-direct-d7d0b047c9
2026-01-31 19:00:00,2026-02-01 01:00:00,2,0.00906317730934023,0.008260517688905221,0.11670490525370733,2026-01-31 23:00:00,2,t2-direct-60103e48d3
2026-01-31 20:00:00,2026-02-01 02:00:00,1,0.012104753952963555,0.009894762067658533,0.1024132009049769,2026-01-31 23:00:00,3,t1-direct-d7d0b047c9
2026-01-31 20:00:00,2026-02-01 02:00:00,2,0.008683883849813865,0.00836281709638758,0.07348872437711149,2026-01-31 23:00:00,3,t2-direct-60103e48d3
2026-01-31 21:00:00,2026-02-01 03:00:00,1,0.013515467436989573,0.009824226393457232,0.10605544381099732,2026-01-31 23:00:00,4,t1-direct-d7d0b047c9
2026-01-31 21:00:00,2026-02-01 03:00:00,2,0.0078054844656605905,0.0078054844656605905,0.0809286042083771,2026-01-31 23:00:00,4,t2-direct-60103e48d3
2026-01-31 22:00:00,2026-02-01 04:00:00,1,0.009821066729467401,0.009821066729467401,0.1452744731903656,2026-01-31 23:00:00,5,t1-direct-d7d0b047c9
2026-01-31 22:00:00,2026-02-01 04:00:00,2,0.008956572562420379,0.008420439450407258,0.1216246525173773,2026-01-31 23:00:00,5,t2-direct-60103e48d3
2026-01-31 23:00:00,2026-02-01 05:00:00,1,0.012770196061293957,0.009861489962242013,0.23679404442999538,2026-01-31 23:00:00,6,t1-direct-d7d0b047c9
2026-01-31 23:00:00,2026-02-01 05:00:00,2,0.011367802021394273,0.00777194408199431,0.22898897639487054,2026-01-31 23:00:00,6,t2-direct-60103e48d3
2026-02-01 00:00:00,2026-02-01 06:00:00,1,0.03090035606876339,0.00895483856172758,0.29792294584852785,2026-01-31 23:00:00,7,t1-direct-d7d0b047c9
2026-02-01 00:00:00,2026-02-01 06:00:00,2,0.021351681872681796,0.008743542154763953,0.31761707233298997,2026-01-31 23:00:00,7,t2-direct-60103e48d3
2026-02-01 01:00:00,2026-02-01 07:00:00,1,0.058222693725827876,0.0047295476181517596,0.528698117490078,2026-01-31 23:00:00,8,t1-direct-d7d0b047c9
2026-02-01 01:00:00,2026-02-01 07:00:00,2,0.07080279431483982,0.007259046313980874,0.5100709558400454,2026-01-31 23:00:00,8,t2-direct-60103e48d3
2026-02-01 02:00:00,2026-02-01 08:00:00,1,0.14339694895369617,0.00023205297410322512,0.7367458677960805,2026-01-31 23:00:00,9,t1-direct-d7d0b047c9
2026-02-01 02:00:00,2026-02-01 08:00:00,2,0.12326568773303942,0.005422940050202871,0.6400716517539515,2026-01-31 23:00:00,9,t2-direct-60103e48d3
2026-02-01 03:00:00,2026-02-01 09:00:00,1,0.18587945196365535,0.0,0.7264677963471575,2026-01-31 23:00:00,10,t1-direct-d7d0b047c9
2026-02-01 03:00:00,2026-02-01 09:00:00,2,0.10799840672604644,0.006009256190167553,0.7324853194634304,2026-01-31 23:00:00,10,t2-direct-60103e48d3
2026-02-01 04:00:00,2026-02-01 10:00:00,1,0.22010221246438633,0.012168791084698871,0.839979663275224,2026-01-31 23:00:00,11,t1-direct-d7d0b047c9
2026-02-01 04:00:00,2026-02-01 10:00:00,2,0.1961386696866273,0.0,0.8102878746131573,2026-01-31 23:00:00,11,t2-direct-60103e48d3
2026-02-01 05:00:00,2026-02-01 11:00:00,1,0.26540564322456706,0.00952685543816173,0.8338211282762935,2026-01-31 23:00:00,12,t1-direct-d7d0b047c9
2026-02-01 05:00:00,2026-02-01 11:00:00,2,0.22661000452056818,0.007278623750451241,0.8343550625541323,2026-01-31 23:00:00,12,t2-direct-60103e48d3
2026-02-01 06:00:00,2026-02-01 12:00:00,1,0.32985926082572253,0.002663920857746027,0.9044086293307636,2026-01-31 23:00:00,13,t1-direct-d7d0b047c9
2026-02-01 06:00:00,2026-02-01 12:00:00,2,0.326571058986356,0.020991020496098856,0.9097391932157748,2026-01-31 23:00:00,13,t2-direct-60103e48d3
2026-02-01 07:00:00,2026-02-01 13:00:00,1,0.3777677035728994,0.013534720347216034,0.9177989977137968,2026-01-31 23:00:00,14,t1-direct-d7d0b047c9
2026-02-01 07:00:00,2026-02-01 13:00:00,2,0.3960167731041635,0.007350731993076509,0.9125784010000793,2026-01-31 23:00:00,14,t2-direct-60103e48d3
2026-02-01 08:00:00,2026-02-01 14:00:00,1,0.39613980682664257,0.007244677081327033,0.8740861051076644,2026-01-31 23:00:00,15,t1-direct-d7d0b047c9
2026-02-01 08:00:00,2026-02-01 14:00:00,2,0.38947566938541134,0.01683865589659611,0.8733923821845281,2026-01-31 23:00:00,15,t2-direct-60103e48d3
2026-02-01 09:00:00,2026-02-01 15:00:00,1,0.40248325891143255,0.003407796648978112,0.8606816323240518,2026-01-31 23:00:00,16,t1-direct-d7d0b047c9
2026-02-01 09:00:00,2026-02-01 15:00:00,2,0.3772002194130991,0.013665174537466906,0.8628289936459053,2026-01-31 23:00:00,16,t2-direct-60103e48d3
2026-02-01 10:00:00,2026-02-01 16:00:00,1,0.4112954934985474,0.008019568372937713,0.880065951058272,2026-01-31 23:00:00,17,t1-direct-d7d0b047c9
2026-02-01 10:00:00,2026-02-01 16:00:00,2,0.36666052494540313,0.016253285741030132,0.8795820438864715,2026-01-31 23:00:00,17,t2-direct-60103e48d3
2026-02-01 11:00:00,2026-02-01 17:00:00,1,0.45228781252212064,0.01723623952427583,0.9053258214112654,2026-01-31 23:00:00,18,t1-direct-d7d0b047c9
2026-02-01 11:00:00,2026-02-01 17:00:00,2,0.38509414375189627,0.0183910355844214,0.8983577475652373,2026-01-31 23:00:00,18,t2-direct-60103e48d3
2026-02-01 12:00:00,2026-02-01 18:00:00,1,0.35614751829816854,0.00513583945211471,0.8335742249969544,2026-01-31 23:00:00,19,t1-direct-d7d0b047c9
2026-02-01 12:00:00,2026-02-01 18:00:00,2,0.28052223967902057,0.007240880013224038,0.8113017962390691,2026-01-31 23:00:00,19,t2-direct-60103e48d3
2026-02-01 13:00:00,2026-02-01 19:00:00,1,0.2747670373140274,0.009019695347903978,0.8045896600675251,2026-01-31 23:00:00,20,t1-direct-d7d0b047c9
2026-02-01 13:00:00,2026-02-01 19:00:00,2,0.2378813748860091,0.0015183967337432103,0.7442863748749033,2026-01-31 23:00:00,20,t2-direct-60103e48d3
2026-02-01 14:00:00,2026-02-01 20:00:00,1,0.30485826222211915,0.0068701385834691875,0.8349069585580975,2026-01-31 23:00:00,21,t1-direct-d7d0b047c9
2026-02-01 14:00:00,2026-02-01 20:00:00,2,0.2643762287383263,0.0030703618960394863,0.7843004279847532,2026-01-31 23:00:00,21,t2-direct-60103e48d3
2026-02-01 15:00:00,2026-02-01 21:00:00,1,0.36430485559461134,0.028610808155396683,0.8508256631292959,2026-01-31 23:00:00,22,t1-direct-d7d0b047c9
2026-02-01 15:00:00,2026-02-01 21:00:00,2,0.3055631042638225,0.008385849591321992,0.8040317300814352,2026-01-31 23:00:00,22,t2-direct-60103e48d3
2026-02-01 16:00:00,2026-02-01 22:00:00,1,0.38145552978823694,0.03444044567487159,0.8809483193584304,2026-01-31 23:00:00,23,t1-direct-d7d0b047c9
2026-02-01 16:00:00,2026-02-01 22:00:00,2,0.3155037276557553,0.01680192376923001,0.8551171605113562,2026-01-31 23:00:00,23,t2-direct-60103e48d3
2026-02-01 17:00:00,2026-02-01 23:00:00,1,0.3438199962447989,0.02963505112288728,0.8473370660871482,2026-01-31 23:00:00,24,t1-direct-d7d0b047c9
2026-02-01 17:00:00,2026-02-01 23:00:00,2,0.27105871733591325,0.018878169515582743,0.8073608240841657,2026-01-31 23:00:00,24,t2-direct-60103e48d3
2026-02-01 18:00:00,2026-02-02 00:00:00,1,0.274638373683832,0.001889230781262241,0.8185928106173075,2026-02-01 23:00:00,1,t1-direct-d7d0b047c9
2026-02-01 18:00:00,2026-02-02 00:00:00,2,0.20408430126269259,0.00912915537608952,0.7924956572780991,2026-02-01 23:00:00,1,t2-direct-60103e48d3
2026-02-01 19:00:00,2026-02-02 01:00:00,1,0.3155673923426789,0.03375863689018627,0.859328920213505,2026-02-01 23:00:00,2,t1-direct-d7d0b047c9
2026-02-01 19:00:00,2026-02-02 01:00:00,2,0.3030251379796837,0.011454596698743547,0.8627929868800199,2026-02-01 23:00:00,2,t2-direct-60103e48d3
2026-02-01 20:00:00,2026-02-02 02:00:00,1,0.3607770676961912,0.03369652037842763,0.9009330832094345,2026-02-01 23:00:00,3,t1-direct-d7d0b047c9
2026-02-01 20:00:00,2026-02-02 02:00:00,2,0.3369337059947383,0.016166259567755525,0.8705418373860354,2026-02-01 23:00:00,3,t2-direct-60103e48d3
2026-02-01 21:00:00,2026-02-02 03:00:00,1,0.49799405419967674,0.04771237552727858,0.9116846550264773,2026-02-01 23:00:00,4,t1-direct-d7d0b047c9
2026-02-01 21:00:00,2026-02-02 03:00:00,2,0.4305947423640572,0.024356093445963012,0.9005096752601534,2026-02-01 23:00:00,4,t2-direct-60103e48d3
2026-02-01 22:00:00,2026-02-02 04:00:00,1,0.5182936907435695,0.0978958435087775,0.9317223238125854,2026-02-01 23:00:00,5,t1-direct-d7d0b047c9
2026-02-01 22:00:00,2026-02-02 04:00:00,2,0.4682328958088104,0.03909253528334272,0.9020606748730255,2026-02-01 23:00:00,5,t2-direct-60103e48d3
2026-02-01 23:00:00,2026-02-02 05:00:00,1,0.5366665627848464,0.1823466094254817,0.9657772069080551,2026-02-01 23:00:00,6,t1-direct-d7d0b047c9
2026-02-01 23:00:00,2026-02-02 05:00:00,2,0.4096599603070192,0.03641139808864907,0.9382137850404546,2026-02-01 23:00:00,6,t2-direct-60103e48d3
2026-02-02 00:00:00,2026-02-02 06:00:00,1,0.46499492909651724,0.2169047772225465,0.9860928789087327,2026-02-01 23:00:00,7,t1-direct-d7d0b047c9
2026-02-02 00:00:00,2026-02-02 06:00:00,2,0.38697265580601753,0.04602504172701649,0.9666387184934477,2026-02-01 23:00:00,7,t2-direct-60103e48d3
2026-02-02 01:00:00,2026-02-02 07:00:00,1,0.37359776132253547,0.22467110192736658,0.9884837448283696,2026-02-01 23:00:00,8,t1-direct-d7d0b047c9
2026-02-02 01:00:00,2026-02-02 07:00:00,2,0.3400934144559699,0.011745322115416179,0.9677395256999135,2026-02-01 23:00:00,8,t2-direct-60103e48d3
2026-02-02 02:00:00,2026-02-02 08:00:00,1,0.3183806289423599,0.20351956488269593,0.9896849308157571,2026-02-01 23:00:00,9,t1-direct-d7d0b047c9
2026-02-02 02:00:00,2026-02-02 08:00:00,2,0.29929756674162317,0.00833531904287077,0.971432764826283,2026-02-01 23:00:00,9,t2-direct-60103e48d3
2026-02-02 03:00:00,2026-02-02 09:00:00,1,0.5380801495619018,0.2748271133628349,0.9979956472683178,2026-02-01 23:00:00,10,t1-direct-d7d0b047c9
2026-02-02 03:00:00,2026-02-02 09:00:00,2,0.4960040891190319,0.10849034281064474,0.9718651720195992,2026-02-01 23:00:00,10,t2-direct-60103e48d3
2026-02-02 04:00:00,2026-02-02 10:00:00,1,0.6226404149106545,0.2145417005988723,0.9866786650497428,2026-02-01 23:00:00,11,t1-direct-d7d0b047c9
2026-02-02 04:00:00,2026-02-02 10:00:00,2,0.5121250511664298,0.07018935788423636,0.9773749707304311,2026-02-01 23:00:00,11,t2-direct-60103e48d3
2026-02-02 05:00:00,2026-02-02 11:00:00,1,0.7860131507291687,0.30584195430881417,0.9889453274759905,2026-02-01 23:00:00,12,t1-direct-d7d0b047c9
2026-02-02 05:00:00,2026-02-02 11:00:00,2,0.7630099743997495,0.06041225308731479,0.9699185776730669,2026-02-01 23:00:00,12,t2-direct-60103e48d3
2026-02-02 06:00:00,2026-02-02 12:00:00,1,0.8216555200983207,0.3165996788235773,0.9916855490407699,2026-02-01 23:00:00,13,t1-direct-d7d0b047c9
2026-02-02 06:00:00,2026-02-02 12:00:00,2,0.8479420879728852,0.2005618090054221,0.966836423626702,2026-02-01 23:00:00,13,t2-direct-60103e48d3
2026-02-02 07:00:00,2026-02-02 13:00:00,1,0.8372761164554954,0.3474956946267785,0.9922017879256471,2026-02-01 23:00:00,14,t1-direct-d7d0b047c9
2026-02-02 07:00:00,2026-02-02 13:00:00,2,0.8847653205115886,0.2342545940420433,0.9654689993644462,2026-02-01 23:00:00,14,t2-direct-60103e48d3
2026-02-02 08:00:00,2026-02-02 14:00:00,1,0.8735906765477629,0.3700201943820477,0.9915925527446385,2026-02-01 23:00:00,15,t1-direct-d7d0b047c9
2026-02-02 08:00:00,2026-02-02 14:00:00,2,0.9047655008783606,0.2760434322196238,0.970559780246471,2026-02-01 23:00:00,15,t2-direct-60103e48d3
2026-02-02 09:00:00,2026-02-02 15:00:00,1,0.8435346503419917,0.3571036910625146,0.9924736932783007,2026-02-01 23:00:00,16,t1-direct-d7d0b047c9
2026-02-02 09:00:00,2026-02-02 15:00:00,2,0.8495248418973048,0.2876094991011242,0.9725906629490023,2026-02-01 23:00:00,16,t2-direct-60103e48d3
2026-02-02 10:00:00,2026-02-02 16:00:00,1,0.763465004012775,0.17892781266065594,0.986227736869208,2026-02-01 23:00:00,17,t1-direct-d7d0b047c9
2026-02-02 10:00:00,2026-02-02 16:00:00,2,0.751571438988145,0.09246359429302309,0.9731804492909959,2026-02-01 23:00:00,17,t2-direct-60103e48d3
2026-02-02 11:00:00,2026-02-02 17:00:00,1,0.5773990081204774,0.1583073803180996,0.9882173124153613,2026-02-01 23:00:00,18,t1-direct-d7d0b047c9
2026-02-02 11:00:00,2026-02-02 17:00:00,2,0.5415190302510258,0.03546085283618883,0.9689184919489817,2026-02-01 23:00:00,18,t2-direct-60103e48d3
2026-02-02 12:00:00,2026-02-02 18:00:00,1,0.5666679515098072,0.08945131040569465,0.8918941271628498,2026-02-01 23:00:00,19,t1-direct-d7d0b047c9
2026-02-02 12:00:00,2026-02-02 18:00:00,2,0.569014729823478,0.08889939265410479,0.8684331634244311,2026-02-01 23:00:00,19,t2-direct-60103e48d3
2026-02-02 13:00:00,2026-02-02 19:00:00,1,0.30474942338275623,0.018157997954957594,0.80933304409332,2026-02-01 23:00:00,20,t1-direct-d7d0b047c9
2026-02-02 13:00:00,2026-02-02 19:00:00,2,0.3519404351714601,0.04865360683055031,0.8023448655907294,2026-02-01 23:00:00,20,t2-direct-60103e48d3
2026-02-02 14:00:00,2026-02-02 20:00:00,1,0.1338600032460822,0.006799375305911348,0.6828986199025024,2026-02-01 23:00:00,21,t1-direct-d7d0b047c9
2026-02-02 14:00:00,2026-02-02 20:00:00,2,0.1346986725658912,0.010571125551088967,0.603744244217703,2026-02-01 23:00:00,21,t2-direct-60103e48d3
2026-02-02 15:00:00,2026-02-02 21:00:00,1,0.09733629173588193,0.007720708230738449,0.6717036373485215,2026-02-01 23:00:00,22,t1-direct-d7d0b047c9
2026-02-02 15:00:00,2026-02-02 21:00:00,2,0.09769558897422119,0.012660181884195154,0.5920289311905947,2026-02-01 23:00:00,22,t2-direct-60103e48d3
2026-02-02 16:00:00,2026-02-02 22:00:00,1,0.09009061048831811,0.007238565665088514,0.6091347996210399,2026-02-01 23:00:00,23,t1-direct-d7d0b047c9
2026-02-02 16:00:00,2026-02-02 22:00:00,2,0.09526925017648076,0.013693008454030986,0.5613697217031959,2026-02-01 23:00:00,23,t2-direct-60103e48d3
2026-02-02 17:00:00,2026-02-02 23:00:00,1,0.11914414105475692,0.006286437565421826,0.5108768955069162,2026-02-01 23:00:00,24,t1-direct-d7d0b047c9
2026-02-02 17:00:00,2026-02-02 23:00:00,2,0.11212032639683689,0.009818951738746196,0.5325683568060466,2026-02-01 23:00:00,24,t2-direct-60103e48d3
2026-02-02 18:00:00,2026-02-03 00:00:00,1,0.1392726979533594,0.003942011991818595,0.5586870498918958,2026-02-02 23:00:00,1,t1-direct-d7d0b047c9
2026-02-02 18:00:00,2026-02-03 00:00:00,2,0.09826490343308644,0.010422906811467875,0.5815813193954827,2026-02-02 23:00:00,1,t2-direct-60103e48d3
2026-02-02 19:00:00,2026-02-03 01:00:00,1,0.2402241457364329,0.0,0.7315261028597706,2026-02-02 23:00:00,2,t1-direct-d7d0b047c9
2026-02-02 19:00:00,2026-02-03 01:00:00,2,0.1691670332997959,0.01204224471207821,0.7404928167333976,2026-02-02 23:00:00,2,t2-direct-60103e48d3
2026-02-02 20:00:00,2026-02-03 02:00:00,1,0.3407841126021402,0.01854858630284134,0.8416207658806456,2026-02-02 23:00:00,3,t1-direct-d7d0b047c9
2026-02-02 20:00:00,2026-02-03 02:00:00,2,0.26168745832907914,0.027659351618584654,0.8549269665577448,2026-02-02 23:00:00,3,t2-direct-60103e48d3
2026-02-02 21:00:00,2026-02-03 03:00:00,1,0.5046973864040797,0.05025086276910934,0.9026761607911955,2026-02-02 23:00:00,4,t1-direct-d7d0b047c9
2026-02-02 21:00:00,2026-02-03 03:00:00,2,0.4151866789820012,0.057307383697977665,0.9093758170286298,2026-02-02 23:00:00,4,t2-direct-60103e48d3
2026-02-02 22:00:00,2026-02-03 04:00:00,1,0.5419487393830108,0.12404142143167285,0.9428324559338721,2026-02-02 23:00:00,5,t1-direct-d7d0b047c9
2026-02-02 22:00:00,2026-02-03 04:00:00,2,0.4553871802344465,0.07508360261644575,0.9305957699334251,2026-02-02 23:00:00,5,t2-direct-60103e48d3
2026-02-02 23:00:00,2026-02-03 05:00:00,1,0.4498004450797548,0.10255695177833585,0.9205683200950162,2026-02-02 23:00:00,6,t1-direct-d7d0b047c9
2026-02-02 23:00:00,2026-02-03 05:00:00,2,0.3818297587868371,0.05013526749187841,0.9077854214773923,2026-02-02 23:00:00,6,t2-direct-60103e48d3
2026-02-03 00:00:00,2026-02-03 06:00:00,1,0.2727466359388386,0.03988873357884623,0.8842990065187237,2026-02-02 23:00:00,7,t1-direct-d7d0b047c9
2026-02-03 00:00:00,2026-02-03 06:00:00,2,0.24944625051716304,0.05830519451695898,0.8628415783894235,2026-02-02 23:00:00,7,t2-direct-60103e48d3
2026-02-03 01:00:00,2026-02-03 07:00:00,1,0.2125590487688399,0.01944808409999199,0.7777632977297851,2026-02-02 23:00:00,8,t1-direct-d7d0b047c9
2026-02-03 01:00:00,2026-02-03 07:00:00,2,0.22860230980867524,0.027210810358886228,0.7989475231377068,2026-02-02 23:00:00,8,t2-direct-60103e48d3
2026-02-03 02:00:00,2026-02-03 08:00:00,1,0.14363834274766152,0.005904254024320932,0.7123910354768087,2026-02-02 23:00:00,9,t1-direct-d7d0b047c9
2026-02-03 02:00:00,2026-02-03 08:00:00,2,0.11174593370995373,0.011383998772918694,0.7038246946253577,2026-02-02 23:00:00,9,t2-direct-60103e48d3
2026-02-03 03:00:00,2026-02-03 09:00:00,1,0.07421278771426847,0.004536210029323334,0.4473854712103488,2026-02-02 23:00:00,10,t1-direct-d7d0b047c9
2026-02-03 03:00:00,2026-02-03 09:00:00,2,0.04403028055965946,0.00955584468171141,0.42236979489898413,2026-02-02 23:00:00,10,t2-direct-60103e48d3
2026-02-03 04:00:00,2026-02-03 10:00:00,1,0.04260233098111335,0.008337607737669728,0.3578424891731322,2026-02-02 23:00:00,11,t1-direct-d7d0b047c9
2026-02-03 04:00:00,2026-02-03 10:00:00,2,0.031456662362021756,0.006663394754689852,0.2819379996677976,2026-02-02 23:00:00,11,t2-direct-60103e48d3
2026-02-03 05:00:00,2026-02-03 11:00:00,1,0.02839023947528676,0.009080487791542372,0.20604310849758695,2026-02-02 23:00:00,12,t1-direct-d7d0b047c9
2026-02-03 05:00:00,2026-02-03 11:00:00,2,0.02216395246587279,0.00862869791104964,0.22817858042566036,2026-02-02 23:00:00,12,t2-direct-60103e48d3
2026-02-03 06:00:00,2026-02-03 12:00:00,1,0.021241788616186013,0.00943791033449741,0.24780774490165933,2026-02-02 23:00:00,13,t1-direct-d7d0b047c9
2026-02-03 06:00:00,2026-02-03 12:00:00,2,0.01875348083721779,0.006138096130309998,0.22761897825967092,2026-02-02 23:00:00,13,t2-direct-60103e48d3
2026-02-03 07:00:00,2026-02-03 13:00:00,1,0.019819197967649037,0.009509039866924258,0.2352122849659602,2026-02-02 23:00:00,14,t1-direct-d7d0b047c9
2026-02-03 07:00:00,2026-02-03 13:00:00,2,0.01821553088522615,0.008267841329874842,0.2320712794059665,2026-02-02 23:00:00,14,t2-direct-60103e48d3
2026-02-03 08:00:00,2026-02-03 14:00:00,1,0.02495502387804473,0.009252248571404473,0.2222789211731595,2026-02-02 23:00:00,15,t1-direct-d7d0b047c9
2026-02-03 08:00:00,2026-02-03 14:00:00,2,0.022745471099301494,0.008664722746957464,0.21468677044074277,2026-02-02 23:00:00,15,t2-direct-60103e48d3
2026-02-03 09:00:00,2026-02-03 15:00:00,1,0.05317625856671542,0.007841186836970937,0.29396606173363704,2026-02-02 23:00:00,16,t1-direct-d7d0b047c9
2026-02-03 09:00:00,2026-02-03 15:00:00,2,0.044341353154468625,0.008568613118605989,0.2987609330310696,2026-02-02 23:00:00,16,t2-direct-60103e48d3
2026-02-03 10:00:00,2026-02-03 16:00:00,1,0.08255790459394252,0.00645679136736646,0.3851551122127728,2026-02-02 23:00:00,17,t1-direct-d7d0b047c9
2026-02-03 10:00:00,2026-02-03 16:00:00,2,0.07948641623803993,0.007935037418074484,0.3868823530719728,2026-02-02 23:00:00,17,t2-direct-60103e48d3
2026-02-03 11:00:00,2026-02-03 17:00:00,1,0.12168444482276376,0.005153745780570887,0.44448410371225827,2026-02-02 23:00:00,18,t1-direct-d7d0b047c9
2026-02-03 11:00:00,2026-02-03 17:00:00,2,0.09694183556647785,0.008406213565133422,0.4122261695797963,2026-02-02 23:00:00,18,t2-direct-60103e48d3
2026-02-03 12:00:00,2026-02-03 18:00:00,1,0.1437148263462086,0.005083993649748403,0.585932006299049,2026-02-02 23:00:00,19,t1-direct-d7d0b047c9
2026-02-03 12:00:00,2026-02-03 18:00:00,2,0.16420693119000754,0.006204312404266388,0.5753891533792056,2026-02-02 23:00:00,19,t2-direct-60103e48d3
2026-02-03 13:00:00,2026-02-03 19:00:00,1,0.24764129858134845,0.0005713286237997162,0.7024104274859032,2026-02-02 23:00:00,20,t1-direct-d7d0b047c9
2026-02-03 13:00:00,2026-02-03 19:00:00,2,0.2349262475915506,0.000978277385001447,0.7431183851399332,2026-02-02 23:00:00,20,t2-direct-60103e48d3
2026-02-03 14:00:00,2026-02-03 20:00:00,1,0.30376432061217556,0.0,0.7945750106240339,2026-02-02 23:00:00,21,t1-direct-d7d0b047c9
2026-02-03 14:00:00,2026-02-03 20:00:00,2,0.28462014110797357,0.007938654100874076,0.8222858246996441,2026-02-02 23:00:00,21,t2-direct-60103e48d3
2026-02-03 15:00:00,2026-02-03 21:00:00,1,0.28785944410090425,0.0,0.7706344629622147,2026-02-02 23:00:00,22,t1-direct-d7d0b047c9
2026-02-03 15:00:00,2026-02-03 21:00:00,2,0.26640789861752845,0.01989545830429848,0.8119297050901719,2026-02-02 23:00:00,22,t2-direct-60103e48d3
2026-02-03 16:00:00,2026-02-03 22:00:00,1,0.2788086490971549,0.0,0.7781549281454216,2026-02-02 23:00:00,23,t1-direct-d7d0b047c9
2026-02-03 16:00:00,2026-02-03 22:00:00,2,0.2549070391338354,0.018526925147182238,0.7803911659785767,2026-02-02 23:00:00,23,t2-direct-60103e48d3
2026-02-03 17:00:00,2026-02-03 23:00:00,1,0.22002640732004622,0.0011558831693345706,0.6700155342823648,2026-02-02 23:00:00,24,t1-direct-d7d0b047c9
2026-02-03 17:00:00,2026-02-03 23:00:00,2,0.20490907392978136,0.011219632683575703,0.6798629963898084,2026-02-02 23:00:00,24,t2-direct-60103e48d3
2026-02-03 18:00:00,2026-02-04 00:00:00,1,0.4135489409674356,0.02237247827277966,0.9001449547433321,2026-02-03 23:00:00,1,t1-direct-d7d0b047c9
2026-02-03 18:00:00,2026-02-04 00:00:00,2,0.4086344029157991,0.03863725720202288,0.8905432775164182,2026-02-03 23:00:00,1,t2-direct-60103e48d3
2026-02-03 19:00:00,2026-02-04 01:00:00,1,0.41157784364391065,0.024998745923187626,0.9107023321429557,2026-02-03 23:00:00,2,t1-direct-d7d0b047c9
2026-02-03 19:00:00,2026-02-04 01:00:00,2,0.40453247324801644,0.03175975242365647,0.921970364227964,2026-02-03 23:00:00,2,t2-direct-60103e48d3
2026-02-03 20:00:00,2026-02-04 02:00:00,1,0.4011155756018524,0.02133141046238085,0.9127302142517892,2026-02-03 23:00:00,3,t1-direct-d7d0b047c9
2026-02-03 20:00:00,2026-02-04 02:00:00,2,0.40781050856435846,0.04094573497860898,0.9076348069452299,2026-02-03 23:00:00,3,t2-direct-60103e48d3
2026-02-03 21:00:00,2026-02-04 03:00:00,1,0.3436105105586047,0.01316160217316753,0.9059831148290053,2026-02-03 23:00:00,4,t1-direct-d7d0b047c9
2026-02-03 21:00:00,2026-02-04 03:00:00,2,0.35139560050223384,0.03633325498086398,0.9033874770533401,2026-02-03 23:00:00,4,t2-direct-60103e48d3
2026-02-03 22:00:00,2026-02-04 04:00:00,1,0.37962850664029874,0.021473082023228784,0.8983969346154177,2026-02-03 23:00:00,5,t1-direct-d7d0b047c9
2026-02-03 22:00:00,2026-02-04 04:00:00,2,0.3844051544903683,0.04434218499734438,0.8776348096408337,2026-02-03 23:00:00,5,t2-direct-60103e48d3
2026-02-03 23:00:00,2026-02-04 05:00:00,1,0.457626479181239,0.028761270591694754,0.9719795574680393,2026-02-03 23:00:00,6,t1-direct-d7d0b047c9
2026-02-03 23:00:00,2026-02-04 05:00:00,2,0.4542773683958944,0.04789375921905914,0.9548975243553077,2026-02-03 23:00:00,6,t2-direct-60103e48d3
2026-02-04 00:00:00,2026-02-04 06:00:00,1,0.5862651471338429,0.046258446988869384,0.9960567608117712,2026-02-03 23:00:00,7,t1-direct-d7d0b047c9
2026-02-04 00:00:00,2026-02-04 06:00:00,2,0.6115719397246319,0.08223685559129068,0.9611164879672189,2026-02-03 23:00:00,7,t2-direct-60103e48d3
2026-02-04 01:00:00,2026-02-04 07:00:00,1,0.6192847383984464,0.05478862955183683,0.9892753758721267,2026-02-03 23:00:00,8,t1-direct-d7d0b047c9
2026-02-04 01:00:00,2026-02-04 07:00:00,2,0.6082179736025005,0.09093983632416458,0.9703584049200686,2026-02-03 23:00:00,8,t2-direct-60103e48d3
2026-02-04 02:00:00,2026-02-04 08:00:00,1,0.49618598908859834,0.04358117003036638,0.964004830344467,2026-02-03 23:00:00,9,t1-direct-d7d0b047c9
2026-02-04 02:00:00,2026-02-04 08:00:00,2,0.5055339105888013,0.06930773337488794,0.9392601171225669,2026-02-03 23:00:00,9,t2-direct-60103e48d3
2026-02-04 03:00:00,2026-02-04 09:00:00,1,0.39997713475570984,0.016018270412221147,0.9250667507624534,2026-02-03 23:00:00,10,t1-direct-d7d0b047c9
2026-02-04 03:00:00,2026-02-04 09:00:00,2,0.38051405838999497,0.028670474037250093,0.8974398131422313,2026-02-03 23:00:00,10,t2-direct-60103e48d3
2026-02-04 04:00:00,2026-02-04 10:00:00,1,0.2692800514326923,0.0,0.8463302671551983,2026-02-03 23:00:00,11,t1-direct-d7d0b047c9
2026-02-04 04:00:00,2026-02-04 10:00:00,2,0.30534276637378877,0.02010014553340239,0.8754288707074869,2026-02-03 23:00:00,11,t2-direct-60103e48d3
2026-02-04 05:00:00,2026-02-04 11:00:00,1,0.20583817734070287,0.0015932987504495566,0.7024951768252479,2026-02-03 23:00:00,12,t1-direct-d7d0b047c9
2026-02-04 05:00:00,2026-02-04 11:00:00,2,0.22031374838656403,0.014269132562167192,0.7156525075124401,2026-02-03 23:00:00,12,t2-direct-60103e48d3
2026-02-04 06:00:00,2026-02-04 12:00:00,1,0.17788915890960297,0.0019989332544156357,0.6110576923470309,2026-02-03 23:00:00,13,t1-direct-d7d0b047c9
2026-02-04 06:00:00,2026-02-04 12:00:00,2,0.1965908814543906,0.0045523109622711,0.6547146816155225,2026-02-03 23:00:00,13,t2-direct-60103e48d3
2026-02-04 07:00:00,2026-02-04 13:00:00,1,0.16861639755105085,0.0028539832224071804,0.5477460265348291,2026-02-03 23:00:00,14,t1-direct-d7d0b047c9
2026-02-04 07:00:00,2026-02-04 13:00:00,2,0.18506721135474002,0.0010850890207104724,0.5831989369653743,2026-02-03 23:00:00,14,t2-direct-60103e48d3
2026-02-04 08:00:00,2026-02-04 14:00:00,1,0.1447164456605085,0.0033704178918307626,0.47797582420112833,2026-02-03 23:00:00,15,t1-direct-d7d0b047c9
2026-02-04 08:00:00,2026-02-04 14:00:00,2,0.15331080710413897,0.0004991385319359776,0.5131539118618139,2026-02-03 23:00:00,15,t2-direct-60103e48d3
2026-02-04 09:00:00,2026-02-04 15:00:00,1,0.1497546443975391,0.003143604514467546,0.45745639972202345,2026-02-03 23:00:00,16,t1-direct-d7d0b047c9
2026-02-04 09:00:00,2026-02-04 15:00:00,2,0.1540057565300276,0.012946070130269105,0.49066171327462293,2026-02-03 23:00:00,16,t2-direct-60103e48d3
2026-02-04 10:00:00,2026-02-04 16:00:00,1,0.1497266469954296,0.003145004384573019,0.4359064858574551,2026-02-03 23:00:00,17,t1-direct-d7d0b047c9
2026-02-04 10:00:00,2026-02-04 16:00:00,2,0.16277471637429006,0.011150632609018163,0.4686896680221475,2026-02-03 23:00:00,17,t2-direct-60103e48d3
2026-02-04 11:00:00,2026-02-04 17:00:00,1,0.07403985743731552,0.006964774619681341,0.42112656133019877,2026-02-03 23:00:00,18,t1-direct-d7d0b047c9
2026-02-04 11:00:00,2026-02-04 17:00:00,2,0.08771776886692535,0.012359953062952414,0.4266591902753103,2026-02-03 23:00:00,18,t2-direct-60103e48d3
2026-02-04 12:00:00,2026-02-04 18:00:00,1,0.04370773733837772,0.008314612898387821,0.293249202466728,2026-02-03 23:00:00,19,t1-direct-d7d0b047c9
2026-02-04 12:00:00,2026-02-04 18:00:00,2,0.048436529896375195,0.007875608213931087,0.25974602512699524,2026-02-03 23:00:00,19,t2-direct-60103e48d3
2026-02-04 13:00:00,2026-02-04 19:00:00,1,0.06378161414884224,0.007310919057864594,0.4314257673419082,2026-02-03 23:00:00,20,t1-direct-d7d0b047c9
2026-02-04 13:00:00,2026-02-04 19:00:00,2,0.055534828660429275,0.008149914959117592,0.43351208408099384,2026-02-03 23:00:00,20,t2-direct-60103e48d3
2026-02-04 14:00:00,2026-02-04 20:00:00,1,0.13192558495192086,0.005606694546278906,0.6882957980746264,2026-02-03 23:00:00,21,t1-direct-d7d0b047c9
2026-02-04 14:00:00,2026-02-04 20:00:00,2,0.14689903819768005,0.004507573463482378,0.6684302184358272,2026-02-03 23:00:00,21,t2-direct-60103e48d3
2026-02-04 15:00:00,2026-02-04 21:00:00,1,0.35791318465625693,0.004105947640296759,0.9211309389660667,2026-02-03 23:00:00,22,t1-direct-d7d0b047c9
2026-02-04 15:00:00,2026-02-04 21:00:00,2,0.33185211958939037,0.009516523025311141,0.9174192962321388,2026-02-03 23:00:00,22,t2-direct-60103e48d3
2026-02-04 16:00:00,2026-02-04 22:00:00,1,0.648433376046246,0.11898530513444783,1.0,2026-02-03 23:00:00,23,t1-direct-d7d0b047c9
2026-02-04 16:00:00,2026-02-04 22:00:00,2,0.6436727655864813,0.18829808486799937,0.9989043248992042,2026-02-03 23:00:00,23,t2-direct-60103e48d3
2026-02-04 17:00:00,2026-02-04 23:00:00,1,0.6870014780880631,0.26211152653907455,1.0,2026-02-03 23:00:00,24,t1-direct-d7d0b047c9
2026-02-04 17:00:00,2026-02-04 23:00:00,2,0.634734795935764,0.3233283604336252,1.0,2026-02-03 23:00:00,24,t2-direct-60103e48d3
2026-02-04 18:00:00,2026-02-05 00:00:00,1,0.6806371996890166,0.2982416689222278,0.9993021925559019,2026-02-04 23:00:00,1,t1-direct-d7d0b047c9
2026-02-04 18:00:00,2026-02-05 00:00:00,2,0.643545145406231,0.3636022856392439,0.9971427113301609,2026-02-04 23:00:00,1,t2-direct-60103e48d3
2026-02-04 19:00:00,2026-02-05 01:00:00,1,0.8595370381719178,0.39190733116627813,0.9917800097715083,2026-02-04 23:00:00,2,t1-direct-d7d0b047c9
2026-02-04 19:00:00,2026-02-05 01:00:00,2,0.8391085445291313,0.4882273072583918,0.9971904139320885,2026-02-04 23:00:00,2,t2-direct-60103e48d3
2026-02-04 20:00:00,2026-02-05 02:00:00,1,0.9569817057976945,0.41135171509248514,0.9916599531722375,2026-02-04 23:00:00,3,t1-direct-d7d0b047c9
2026-02-04 20:00:00,2026-02-05 02:00:00,2,0.9386373360133367,0.5742415883541275,0.9933677200246683,2026-02-04 23:00:00,3,t2-direct-60103e48d3
2026-02-04 21:00:00,2026-02-05 03:00:00,1,0.9706210882937866,0.41066974596768047,0.9909476854670254,2026-02-04 23:00:00,4,t1-direct-d7d0b047c9
2026-02-04 21:00:00,2026-02-05 03:00:00,2,0.9453084015146651,0.6921692786150107,0.9938816810139811,2026-02-04 23:00:00,4,t2-direct-60103e48d3
2026-02-04 22:00:00,2026-02-05 04:00:00,1,0.9750235632269,0.42112426094102295,0.990724950274473,2026-02-04 23:00:00,5,t1-direct-d7d0b047c9
2026-02-04 22:00:00,2026-02-05 04:00:00,2,0.9540070064807968,0.754449769415376,0.9851973371266114,2026-02-04 23:00:00,5,t2-direct-60103e48d3
2026-02-04 23:00:00,2026-02-05 05:00:00,1,0.9750435802440287,0.42112326009016654,0.9907241882312547,2026-02-04 23:00:00,6,t1-direct-d7d0b047c9
2026-02-04 23:00:00,2026-02-05 05:00:00,2,0.9641180373000178,0.7571858029467552,0.9793971437651626,2026-02-04 23:00:00,6,t2-direct-60103e48d3
2026-02-05 00:00:00,2026-02-05 06:00:00,1,0.9750058132634275,0.4211251484391966,0.9907260678701733,2026-02-04 23:00:00,7,t1-direct-d7d0b047c9
2026-02-05 00:00:00,2026-02-05 06:00:00,2,0.9645180009403181,0.8346674579785617,0.9798904280042535,2026-02-04 23:00:00,7,t2-direct-60103e48d3
2026-02-05 01:00:00,2026-02-05 07:00:00,1,0.9753644358069871,0.4211072173120186,0.9907081312598187,2026-02-04 23:00:00,8,t1-direct-d7d0b047c9
2026-02-05 01:00:00,2026-02-05 07:00:00,2,0.9637687472055345,0.8059238750305863,0.9796068650431052,2026-02-04 23:00:00,8,t2-direct-60103e48d3
2026-02-05 02:00:00,2026-02-05 08:00:00,1,0.9753028582025215,0.42111029619224194,0.9907112039118264,2026-02-04 23:00:00,9,t1-direct-d7d0b047c9
2026-02-05 02:00:00,2026-02-05 08:00:00,2,0.9637902827891379,0.8185798596527388,0.9801451692761163,2026-02-04 23:00:00,9,t2-direct-60103e48d3
2026-02-05 03:00:00,2026-02-05 09:00:00,1,0.975149075781143,0.4211179853133109,0.9907188930328954,2026-02-04 23:00:00,10,t1-direct-d7d0b047c9
2026-02-05 03:00:00,2026-02-05 09:00:00,2,0.9633059906672925,0.803160274276504,0.9793005314783118,2026-02-04 23:00:00,10,t2-direct-60103e48d3
2026-02-05 04:00:00,2026-02-05 10:00:00,1,0.9753002940565554,0.4211104243995403,0.9907113320713469,2026-02-04 23:00:00,11,t1-direct-d7d0b047c9
2026-02-05 04:00:00,2026-02-05 10:00:00,2,0.9694970102455037,0.7758617108134614,0.9781913623575375,2026-02-04 23:00:00,11,t2-direct-60103e48d3
2026-02-05 05:00:00,2026-02-05 11:00:00,1,0.9764567110404546,0.42105260355034524,0.9906535146528703,2026-02-04 23:00:00,12,t1-direct-d7d0b047c9
2026-02-05 05:00:00,2026-02-05 11:00:00,2,0.9710843003712337,0.6676404679335511,0.9773260964569919,2026-02-04 23:00:00,12,t2-direct-60103e48d3
2026-02-05 06:00:00,2026-02-05 12:00:00,1,0.988948774215304,0.4204280003916028,0.9900288891698706,2026-02-04 23:00:00,13,t1-direct-d7d0b047c9
2026-02-05 06:00:00,2026-02-05 12:00:00,2,0.9702695710972454,0.693791430637139,0.9761042352676933,2026-02-04 23:00:00,13,t2-direct-60103e48d3
2026-02-05 07:00:00,2026-02-05 13:00:00,1,0.9856901466741318,0.4038377007282994,0.9901918210668081,2026-02-04 23:00:00,14,t1-direct-d7d0b047c9
2026-02-05 07:00:00,2026-02-05 13:00:00,2,0.9702465290427168,0.7087652883799105,0.9763203778218942,2026-02-04 23:00:00,14,t2-direct-60103e48d3
2026-02-05 08:00:00,2026-02-05 14:00:00,1,0.9689521358202396,0.40467460127099397,0.9910402879721077,2026-02-04 23:00:00,15,t1-direct-d7d0b047c9
2026-02-05 08:00:00,2026-02-05 14:00:00,2,0.9668982986403285,0.6410674127348526,0.9773470066895157,2026-02-04 23:00:00,15,t2-direct-60103e48d3
2026-02-05 09:00:00,2026-02-05 15:00:00,1,0.8957271665928718,0.34677146623490873,0.9947109063842213,2026-02-04 23:00:00,16,t1-direct-d7d0b047c9
2026-02-05 09:00:00,2026-02-05 15:00:00,2,0.9514418098590077,0.5503618270206574,0.9767251248692366,2026-02-04 23:00:00,16,t2-direct-60103e48d3
2026-02-05 10:00:00,2026-02-05 16:00:00,1,0.8697225536822617,0.3417630488747535,0.9960109620684485,2026-02-04 23:00:00,17,t1-direct-d7d0b047c9
2026-02-05 10:00:00,2026-02-05 16:00:00,2,0.9422368199452267,0.4657503467467779,0.9768847481975829,2026-02-04 23:00:00,17,t2-direct-60103e48d3
2026-02-05 11:00:00,2026-02-05 17:00:00,1,0.8736294280551075,0.36163976216922533,0.995795783745275,2026-02-04 23:00:00,18,t1-direct-d7d0b047c9
2026-02-05 11:00:00,2026-02-05 17:00:00,2,0.8665926718649339,0.45940143941031525,0.978417421773819,2026-02-04 23:00:00,18,t2-direct-60103e48d3
2026-02-05 12:00:00,2026-02-05 18:00:00,1,0.8477258089880433,0.35029203189378355,0.9960096810299636,2026-02-04 23:00:00,19,t1-direct-d7d0b047c9
2026-02-05 12:00:00,2026-02-05 18:00:00,2,0.8220931991864122,0.36450820782622295,0.9825269549770121,2026-02-04 23:00:00,19,t2-direct-60103e48d3
2026-02-05 13:00:00,2026-02-05 19:00:00,1,0.753277840195722,0.28906591017929173,1.0,2026-02-04 23:00:00,20,t1-direct-d7d0b047c9
2026-02-05 13:00:00,2026-02-05 19:00:00,2,0.6552418623583169,0.2694724363878613,0.9893366413153291,2026-02-04 23:00:00,20,t2-direct-60103e48d3
2026-02-05 14:00:00,2026-02-05 20:00:00,1,0.6775129749668543,0.2077831672367419,1.0,2026-02-04 23:00:00,21,t1-direct-d7d0b047c9
2026-02-05 14:00:00,2026-02-05 20:00:00,2,0.5542108789640214,0.2176865094888492,0.9978240088123542,2026-02-04 23:00:00,21,t2-direct-60103e48d3
2026-02-05 15:00:00,2026-02-05 21:00:00,1,0.6471760753167268,0.2073830654346463,1.0,2026-02-04 23:00:00,22,t1-direct-d7d0b047c9
2026-02-05 15:00:00,2026-02-05 21:00:00,2,0.5815671719821217,0.17307305380400967,0.9813564147120208,2026-02-04 23:00:00,22,t2-direct-60103e48d3
2026-02-05 16:00:00,2026-02-05 22:00:00,1,0.6883936986751049,0.21189779133383524,0.9999693210772596,2026-02-04 23:00:00,23,t1-direct-d7d0b047c9
2026-02-05 16:00:00,2026-02-05 22:00:00,2,0.5626678153797672,0.18512662938224417,0.9922704126386357,2026-02-04 23:00:00,23,t2-direct-60103e48d3
2026-02-05 17:00:00,2026-02-05 23:00:00,1,0.6773074888680831,0.19755433798352856,1.0,2026-02-04 23:00:00,24,t1-direct-d7d0b047c9
2026-02-05 17:00:00,2026-02-05 23:00:00,2,0.5289205384169726,0.15852841765262765,0.9974285166974839,2026-02-04 23:00:00,24,t2-direct-60103e48d3
2026-02-05 18:00:00,2026-02-06 00:00:00,1,0.49535913404160997,0.19762837694735252,0.9615180014264764,2026-02-05 23:00:00,1,t1-direct-d7d0b047c9
2026-02-05 18:00:00,2026-02-06 00:00:00,2,0.3436110347247955,0.09543943225852097,0.9639768654751109,2026-02-05 23:00:00,1,t2-direct-60103e48d3
2026-02-05 19:00:00,2026-02-06 01:00:00,1,0.42158124245307255,0.13627110205829446,0.9205040195344553,2026-02-05 23:00:00,2,t1-direct-d7d0b047c9
2026-02-05 19:00:00,2026-02-06 01:00:00,2,0.32116453418167856,0.06961280400092712,0.9242524282965663,2026-02-05 23:00:00,2,t2-direct-60103e48d3
2026-02-05 20:00:00,2026-02-06 02:00:00,1,0.38842052742395405,0.11057272113787914,0.8783621947769147,2026-02-05 23:00:00,3,t1-direct-d7d0b047c9
2026-02-05 20:00:00,2026-02-06 02:00:00,2,0.30726095674664905,0.0784244974814075,0.8931938965414132,2026-02-05 23:00:00,3,t2-direct-60103e48d3
2026-02-05 21:00:00,2026-02-06 03:00:00,1,0.35491918218269863,0.0657625480615115,0.8265201547050594,2026-02-05 23:00:00,4,t1-direct-d7d0b047c9
2026-02-05 21:00:00,2026-02-06 03:00:00,2,0.2763625429487757,0.06242512481128401,0.8612803731319573,2026-02-05 23:00:00,4,t2-direct-60103e48d3
2026-02-05 22:00:00,2026-02-06 04:00:00,1,0.18385741367101352,0.028648350065315492,0.7910636268847301,2026-02-05 23:00:00,5,t1-direct-d7d0b047c9
2026-02-05 22:00:00,2026-02-06 04:00:00,2,0.11826962769061397,0.034256716132890455,0.8418598242022542,2026-02-05 23:00:00,5,t2-direct-60103e48d3
2026-02-05 23:00:00,2026-02-06 05:00:00,1,0.1081326085209833,0.010829190253700965,0.7494696207688356,2026-02-05 23:00:00,6,t1-direct-d7d0b047c9
2026-02-05 23:00:00,2026-02-06 05:00:00,2,0.1132015762427528,0.011468049529566787,0.7749779011841881,2026-02-05 23:00:00,6,t2-direct-60103e48d3
2026-02-06 00:00:00,2026-02-06 06:00:00,1,0.08670339216101572,0.003586065579214995,0.594242664606544,2026-02-05 23:00:00,7,t1-direct-d7d0b047c9
2026-02-06 00:00:00,2026-02-06 06:00:00,2,0.05554688981608465,0.007807118025877802,0.5500150855028548,2026-02-05 23:00:00,7,t2-direct-60103e48d3
2026-02-06 01:00:00,2026-02-06 07:00:00,1,0.11130488685553093,0.0049525509448088145,0.6482329394193336,2026-02-05 23:00:00,8,t1-direct-d7d0b047c9
2026-02-06 01:00:00,2026-02-06 07:00:00,2,0.06465202737145097,0.006291774611054339,0.6166221227068657,2026-02-05 23:00:00,8,t2-direct-60103e48d3
2026-02-06 02:00:00,2026-02-06 08:00:00,1,0.10851679348241412,0.0050741591328151425,0.5027200194826652,2026-02-05 23:00:00,9,t1-direct-d7d0b047c9
2026-02-06 02:00:00,2026-02-06 08:00:00,2,0.08054940416586671,0.008300245300165182,0.5379379901286088,2026-02-05 23:00:00,9,t2-direct-60103e48d3
2026-02-06 03:00:00,2026-02-06 09:00:00,1,0.04146629079147178,0.008450547511312266,0.420012532183073,2026-02-05 23:00:00,10,t1-direct-d7d0b047c9
2026-02-06 03:00:00,2026-02-06 09:00:00,2,0.039242129325799714,0.0074757117103572135,0.46627595193327154,2026-02-05 23:00:00,10,t2-direct-60103e48d3
2026-02-06 04:00:00,2026-02-06 10:00:00,1,0.03486343146192437,0.00865016823845257,0.40650839050117826,2026-02-05 23:00:00,11,t1-direct-d7d0b047c9
2026-02-06 04:00:00,2026-02-06 10:00:00,2,0.025959481220339562,0.006834982160484095,0.41686785574171226,2026-02-05 23:00:00,11,t2-direct-60103e48d3
2026-02-06 05:00:00,2026-02-06 11:00:00,1,0.2048950925170257,0.0002375486954067918,0.7643358736417933,2026-02-05 23:00:00,12,t1-direct-d7d0b047c9
2026-02-06 05:00:00,2026-02-06 11:00:00,2,0.19236779486921343,0.0,0.821794201183641,2026-02-05 23:00:00,12,t2-direct-60103e48d3
2026-02-06 06:00:00,2026-02-06 12:00:00,1,0.5837857450662408,0.13642618402312184,1.0,2026-02-05 23:00:00,13,t1-direct-d7d0b047c9
2026-02-06 06:00:00,2026-02-06 12:00:00,2,0.6024567407265573,0.06177474568967267,0.9951600593268635,2026-02-05 23:00:00,13,t2-direct-60103e48d3
2026-02-06 07:00:00,2026-02-06 13:00:00,1,0.9142947915679704,0.3376227836141982,0.9959353027126541,2026-02-05 23:00:00,14,t1-direct-d7d0b047c9
2026-02-06 07:00:00,2026-02-06 13:00:00,2,0.8959291506510912,0.33524693818896345,0.9717872165072661,2026-02-05 23:00:00,14,t2-direct-60103e48d3
2026-02-06 08:00:00,2026-02-06 14:00:00,1,0.9662203174057865,0.405147282748862,0.9911667229562907,2026-02-05 23:00:00,15,t1-direct-d7d0b047c9
2026-02-06 08:00:00,2026-02-06 14:00:00,2,0.9548880186038493,0.5586310123275888,0.9737839902102776,2026-02-05 23:00:00,15,t2-direct-60103e48d3
2026-02-06 09:00:00,2026-02-06 15:00:00,1,0.9897932240022786,0.42038577790225407,0.9899866903514956,2026-02-05 23:00:00,16,t1-direct-d7d0b047c9
2026-02-06 09:00:00,2026-02-06 15:00:00,2,0.9692588408641276,0.8884245297630293,0.9777249875893849,2026-02-05 23:00:00,16,t2-direct-60103e48d3
2026-02-06 10:00:00,2026-02-06 16:00:00,1,0.9895635510803436,0.4203972615483508,0.9899981705473994,2026-02-05 23:00:00,17,t1-direct-d7d0b047c9
2026-02-06 10:00:00,2026-02-06 16:00:00,2,0.9703181009821409,0.8961794548861121,0.9776218145866022,2026-02-05 23:00:00,17,t2-direct-60103e48d3
2026-02-06 11:00:00,2026-02-06 17:00:00,1,0.9896234609976886,0.4272269548960239,0.9899951734388206,2026-02-05 23:00:00,18,t1-direct-d7d0b047c9
2026-02-06 11:00:00,2026-02-06 17:00:00,2,0.9727368228728144,0.9175821991173938,0.9785175077700676,2026-02-05 23:00:00,18,t2-direct-60103e48d3
2026-02-06 12:00:00,2026-02-06 18:00:00,1,0.989549295590402,0.42723066316638825,0.9899988840877443,2026-02-05 23:00:00,19,t1-direct-d7d0b047c9
2026-02-06 12:00:00,2026-02-06 18:00:00,2,0.9734474976542042,0.9402029771808121,0.9797257800954104,2026-02-05 23:00:00,19,t2-direct-60103e48d3
2026-02-06 13:00:00,2026-02-06 19:00:00,1,0.9895829562241456,0.4272289801347011,0.9899971914532891,2026-02-05 23:00:00,20,t1-direct-d7d0b047c9
2026-02-06 13:00:00,2026-02-06 19:00:00,2,0.9739335643538196,0.9340273757870702,0.9811181401597491,2026-02-05 23:00:00,20,t2-direct-60103e48d3
2026-02-06 14:00:00,2026-02-06 20:00:00,1,0.9895992624321402,0.42722816482430126,0.9899963761314753,2026-02-05 23:00:00,21,t1-direct-d7d0b047c9
2026-02-06 14:00:00,2026-02-06 20:00:00,2,0.9738895196644244,0.9361415514241954,0.9803829401555191,2026-02-05 23:00:00,21,t2-direct-60103e48d3
2026-02-06 15:00:00,2026-02-06 21:00:00,1,0.9896196059908186,0.4272271476463674,0.9899953595095621,2026-02-05 23:00:00,22,t1-direct-d7d0b047c9
2026-02-06 15:00:00,2026-02-06 21:00:00,2,0.9738951787599252,0.9408971903080774,0.985117172211294,2026-02-05 23:00:00,22,t2-direct-60103e48d3
2026-02-06 16:00:00,2026-02-06 22:00:00,1,0.98880458408886,0.4272678987414654,0.9900361400259189,2026-02-05 23:00:00,23,t1-direct-d7d0b047c9
2026-02-06 16:00:00,2026-02-06 22:00:00,2,0.9729736457363434,0.9078028383963399,0.981967355515617,2026-02-05 23:00:00,23,t2-direct-60103e48d3
2026-02-06 17:00:00,2026-02-06 23:00:00,1,0.9894231367798423,0.4272369711069163,0.9900060408394876,2026-02-05 23:00:00,24,t1-direct-d7d0b047c9
2026-02-06 17:00:00,2026-02-06 23:00:00,2,0.9726874866531056,0.8422019530378494,0.9795762206681906,2026-02-05 23:00:00,24,t2-direct-60103e48d3
2026-02-06 18:00:00,2026-02-07 00:00:00,1,0.8103242558693289,0.25529638511862895,0.9947526438732419,2026-02-06 23:00:00,1,t1-direct-d7d0b047c9
2026-02-06 18:00:00,2026-02-07 00:00:00,2,0.8093524781025274,0.4198236166938371,0.9886901641728373,2026-02-06 23:00:00,1,t2-direct-60103e48d3
2026-02-06 19:00:00,2026-02-07 01:00:00,1,0.6314837526670042,0.20825786660494694,0.9952770497137742,2026-02-06 23:00:00,2,t1-direct-d7d0b047c9
2026-02-06 19:00:00,2026-02-07 01:00:00,2,0.6334659166875103,0.23105154716412485,0.9815412019610685,2026-02-06 23:00:00,2,t2-direct-60103e48d3
2026-02-06 20:00:00,2026-02-07 02:00:00,1,0.5649255118770176,0.14160855276711093,0.9770400462526774,2026-02-06 23:00:00,3,t1-direct-d7d0b047c9
2026-02-06 20:00:00,2026-02-07 02:00:00,2,0.5825964942115965,0.13470016987313416,0.9654691182540907,2026-02-06 23:00:00,3,t2-direct-60103e48d3
2026-02-06 21:00:00,2026-02-07 03:00:00,1,0.44883518183228016,0.04854092509760799,0.9252343619594632,2026-02-06 23:00:00,4,t1-direct-d7d0b047c9
2026-02-06 21:00:00,2026-02-07 03:00:00,2,0.4736027742601859,0.10044673360155132,0.9010231200389047,2026-02-06 23:00:00,4,t2-direct-60103e48d3
2026-02-06 22:00:00,2026-02-07 04:00:00,1,0.33781829834885463,0.0,0.8264948310344526,2026-02-06 23:00:00,5,t1-direct-d7d0b047c9
2026-02-06 22:00:00,2026-02-07 04:00:00,2,0.32218785632789226,0.039828128828824416,0.8081686276350477,2026-02-06 23:00:00,5,t2-direct-60103e48d3
2026-02-06 23:00:00,2026-02-07 05:00:00,1,0.22510697169142876,0.0,0.6080140306737076,2026-02-06 23:00:00,6,t1-direct-d7d0b047c9
2026-02-06 23:00:00,2026-02-07 05:00:00,2,0.2070956284472836,0.020297851733164923,0.6499770838317477,2026-02-06 23:00:00,6,t2-direct-60103e48d3
2026-02-07 00:00:00,2026-02-07 06:00:00,1,0.06842966642825286,0.007031402617300973,0.40697367263619993,2026-02-06 23:00:00,7,t1-direct-d7d0b047c9
2026-02-07 00:00:00,2026-02-07 06:00:00,2,0.05734194752093847,0.008151928187711786,0.4075657127747425,2026-02-06 23:00:00,7,t2-direct-60103e48d3
2026-02-07 01:00:00,2026-02-07 07:00:00,1,0.004230035674443542,0.004230035674443542,0.18739311171759201,2026-02-06 23:00:00,8,t1-direct-d7d0b047c9
2026-02-07 01:00:00,2026-02-07 07:00:00,2,0.009227572523917048,0.008794352042970677,0.19322378792179523,2026-02-06 23:00:00,8,t2-direct-60103e48d3
2026-02-07 02:00:00,2026-02-07 08:00:00,1,0.010973726766453471,0.009951313426984038,0.08271931008431008,2026-02-06 23:00:00,9,t1-direct-d7d0b047c9
2026-02-07 02:00:00,2026-02-07 08:00:00,2,0.008619696643508541,0.008619696643508541,0.06415736469863446,2026-02-06 23:00:00,9,t2-direct-60103e48d3
2026-02-07 03:00:00,2026-02-07 09:00:00,1,0.010428350581778777,0.009978582236217773,0.07653276662953712,2026-02-06 23:00:00,10,t1-direct-d7d0b047c9
2026-02-07 03:00:00,2026-02-07 09:00:00,2,0.010400852986150138,0.008350672929122319,0.05460130307514453,2026-02-06 23:00:00,10,t2-direct-60103e48d3
2026-02-07 04:00:00,2026-02-07 10:00:00,1,0.019928875436193712,0.009503555993497025,0.20045141761083943,2026-02-06 23:00:00,11,t1-direct-d7d0b047c9
2026-02-07 04:00:00,2026-02-07 10:00:00,2,0.031124468327553473,0.006637091970173422,0.1831607218125421,2026-02-06 23:00:00,11,t2-direct-60103e48d3
2026-02-07 05:00:00,2026-02-07 11:00:00,1,0.09367427658424024,0.005924863622301962,0.46768691956775643,2026-02-06 23:00:00,12,t1-direct-d7d0b047c9
2026-02-07 05:00:00,2026-02-07 11:00:00,2,0.08040102364691934,0.006502669757016091,0.4737800500680366,2026-02-06 23:00:00,12,t2-direct-60103e48d3
2026-02-07 06:00:00,2026-02-07 12:00:00,1,0.16686349370166048,0.002250400002215852,0.7483746921848602,2026-02-06 23:00:00,13,t1-direct-d7d0b047c9
2026-02-07 06:00:00,2026-02-07 12:00:00,2,0.15237338332722467,0.0033256560088998355,0.730098900782673,2026-02-06 23:00:00,13,t2-direct-60103e48d3
2026-02-07 07:00:00,2026-02-07 13:00:00,1,0.2194469283643908,0.0,0.7092678467572504,2026-02-06 23:00:00,14,t1-direct-d7d0b047c9
2026-02-07 07:00:00,2026-02-07 13:00:00,2,0.21871859890547327,0.0078122249385289555,0.6926982860905562,2026-02-06 23:00:00,14,t2-direct-60103e48d3
2026-02-07 08:00:00,2026-02-07 14:00:00,1,0.2505845127367819,0.0041314851032950295,0.6667961959300194,2026-02-06 23:00:00,15,t1-direct-d7d0b047c9
2026-02-07 08:00:00,2026-02-07 14:00:00,2,0.26026517871464655,0.00579769461958185,0.6471089681044825,2026-02-06 23:00:00,15,t2-direct-60103e48d3
2026-02-07 09:00:00,2026-02-07 15:00:00,1,0.2244789222458249,0.0009900580718902874,0.614529452443094,2026-02-06 23:00:00,16,t1-direct-d7d0b047c9
2026-02-07 09:00:00,2026-02-07 15:00:00,2,0.21541180187568348,0.007740363113704712,0.6051111722044564,2026-02-06 23:00:00,16,t2-direct-60103e48d3
2026-02-07 10:00:00,2026-02-07 16:00:00,1,0.13105992319525533,0.005267130550319965,0.522391985117368,2026-02-06 23:00:00,17,t1-direct-d7d0b047c9
2026-02-07 10:00:00,2026-02-07 16:00:00,2,0.13839299963919216,0.008892101837380456,0.5110780743181307,2026-02-06 23:00:00,17,t2-direct-60103e48d3
2026-02-07 11:00:00,2026-02-07 17:00:00,1,0.05333689623957713,0.00783116711886292,0.31277243237427577,2026-02-06 23:00:00,18,t1-direct-d7d0b047c9
2026-02-07 11:00:00,2026-02-07 17:00:00,2,0.0452259339807856,0.008414966930196506,0.3241629454664012,2026-02-06 23:00:00,18,t2-direct-60103e48d3
2026-02-07 12:00:00,2026-02-07 18:00:00,1,0.0601392198404775,0.007493038773282834,0.2937278638297442,2026-02-06 23:00:00,19,t1-direct-d7d0b047c9
2026-02-07 12:00:00,2026-02-07 18:00:00,2,0.04881725061492173,0.01028350436358988,0.27081732921721074,2026-02-06 23:00:00,19,t2-direct-60103e48d3
2026-02-07 13:00:00,2026-02-07 19:00:00,1,0.09343987023770384,0.005981991067269654,0.5598504149592969,2026-02-06 23:00:00,20,t1-direct-d7d0b047c9
2026-02-07 13:00:00,2026-02-07 19:00:00,2,0.10592322993062633,0.01610883788937109,0.4891495423507384,2026-02-06 23:00:00,20,t2-direct-60103e48d3
2026-02-07 14:00:00,2026-02-07 20:00:00,1,0.21310113075045375,0.0017268540424456857,0.743125261432351,2026-02-06 23:00:00,21,t1-direct-d7d0b047c9
2026-02-07 14:00:00,2026-02-07 20:00:00,2,0.1884566739414094,0.026696305827594385,0.7633538466279997,2026-02-06 23:00:00,21,t2-direct-60103e48d3
2026-02-07 15:00:00,2026-02-07 21:00:00,1,0.3429073745282475,0.014606908930126061,0.9212665706715462,2026-02-06 23:00:00,22,t1-direct-d7d0b047c9
2026-02-07 15:00:00,2026-02-07 21:00:00,2,0.3308214416310796,0.04657934268578928,0.887946142206034,2026-02-06 23:00:00,22,t2-direct-60103e48d3
2026-02-07 16:00:00,2026-02-07 22:00:00,1,0.45430283776021374,0.05095905881148566,0.9703413701795365,2026-02-06 23:00:00,23,t1-direct-d7d0b047c9
2026-02-07 16:00:00,2026-02-07 22:00:00,2,0.4512807217909048,0.08945228734230798,0.9591897433956076,2026-02-06 23:00:00,23,t2-direct-60103e48d3
2026-02-07 17:00:00,2026-02-07 23:00:00,1,0.5521064250649633,0.16400330112142936,1.0,2026-02-06 23:00:00,24,t1-direct-d7d0b047c9
2026-02-07 17:00:00,2026-02-07 23:00:00,2,0.5856383160134842,0.1753457261611877,0.973792432400352,2026-02-06 23:00:00,24,t2-direct-60103e48d3
2026-02-07 18:00:00,2026-02-08 00:00:00,1,0.9386538561720621,0.4297754351373052,0.9875410352650955,2026-02-07 23:00:00,1,t1-direct-d7d0b047c9
2026-02-07 18:00:00,2026-02-08 00:00:00,2,0.92076860440215,0.7813763371295864,0.9781633445223302,2026-02-07 23:00:00,1,t2-direct-60103e48d3
2026-02-07 19:00:00,2026-02-08 01:00:00,1,0.9603670036357912,0.4286897777641189,0.9915001589652167,2026-02-07 23:00:00,2,t1-direct-d7d0b047c9
2026-02-07 19:00:00,2026-02-08 01:00:00,2,0.9528247974352839,0.814035327227091,0.9792116376698367,2026-02-07 23:00:00,2,t2-direct-60103e48d3
2026-02-07 20:00:00,2026-02-08 02:00:00,1,0.9570309360721919,0.42885658114229863,0.9913350603619798,2026-02-07 23:00:00,3,t1-direct-d7d0b047c9
2026-02-07 20:00:00,2026-02-08 02:00:00,2,0.9471054596871907,0.7427335153578779,0.9846256394140813,2026-02-07 23:00:00,3,t2-direct-60103e48d3
2026-02-07 21:00:00,2026-02-08 03:00:00,1,0.9219103845690532,0.4182539706812931,0.9920221119012284,2026-02-07 23:00:00,4,t1-direct-d7d0b047c9
2026-02-07 21:00:00,2026-02-08 03:00:00,2,0.8964960671249682,0.6084735000052334,0.9756898930615234,2026-02-07 23:00:00,4,t2-direct-60103e48d3
2026-02-07 22:00:00,2026-02-08 04:00:00,1,0.8269212084883657,0.3175813267551837,0.9782695172230588,2026-02-07 23:00:00,5,t1-direct-d7d0b047c9
2026-02-07 22:00:00,2026-02-08 04:00:00,2,0.8198752196192511,0.38546623327482116,0.9764903223399826,2026-02-07 23:00:00,5,t2-direct-60103e48d3
2026-02-07 23:00:00,2026-02-08 05:00:00,1,0.6798498760328517,0.2192820216363719,0.9751819010126903,2026-02-07 23:00:00,6,t1-direct-d7d0b047c9
2026-02-07 23:00:00,2026-02-08 05:00:00,2,0.7382211789992166,0.3078047483540281,0.9563008637775843,2026-02-07 23:00:00,6,t2-direct-60103e48d3
2026-02-08 00:00:00,2026-02-08 06:00:00,1,0.5546814817879148,0.10516089544085105,0.9894010509210136,2026-02-07 23:00:00,7,t1-direct-d7d0b047c9
2026-02-08 00:00:00,2026-02-08 06:00:00,2,0.579503552618474,0.1590869555937789,0.9667708639397325,2026-02-07 23:00:00,7,t2-direct-60103e48d3
2026-02-08 01:00:00,2026-02-08 07:00:00,1,0.44623675678215413,0.03731794256905907,0.9303809909499414,2026-02-07 23:00:00,8,t1-direct-d7d0b047c9
2026-02-08 01:00:00,2026-02-08 07:00:00,2,0.4570390828305431,0.08574505297442259,0.8925269616118552,2026-02-07 23:00:00,8,t2-direct-60103e48d3
2026-02-08 02:00:00,2026-02-08 08:00:00,1,0.30413594027296303,0.0,0.7582796865355674,2026-02-07 23:00:00,9,t1-direct-d7d0b047c9
2026-02-08 02:00:00,2026-02-08 08:00:00,2,0.28305931128745926,0.02040204238983634,0.7539369364155388,2026-02-07 23:00:00,9,t2-direct-60103e48d3
2026-02-08 03:00:00,2026-02-08 09:00:00,1,0.1513667269954655,0.003126953772890212,0.6013305104666089,2026-02-07 23:00:00,10,t1-direct-d7d0b047c9
2026-02-08 03:00:00,2026-02-08 09:00:00,2,0.16327461966567253,0.005189504193714112,0.580783896807554,2026-02-07 23:00:00,10,t2-direct-60103e48d3
2026-02-08 04:00:00,2026-02-08 10:00:00,1,0.07677971585771798,0.006669649372620573,0.42696769799785056,2026-02-07 23:00:00,11,t1-direct-d7d0b047c9
2026-02-08 04:00:00,2026-02-08 10:00:00,2,0.08320377689738405,0.007784184639546277,0.43650314587948735,2026-02-07 23:00:00,11,t2-direct-60103e48d3
2026-02-08 05:00:00,2026-02-08 11:00:00,1,0.041839009580526824,0.008404808486600877,0.2766026648020727,2026-02-07 23:00:00,12,t1-direct-d7d0b047c9
2026-02-08 05:00:00,2026-02-08 11:00:00,2,0.03999087226451832,0.008541774491810449,0.2430523848518592,2026-02-07 23:00:00,12,t2-direct-60103e48d3
2026-02-08 06:00:00,2026-02-08 12:00:00,1,0.008894459011335978,0.008894459011335978,0.1765984938051244,2026-02-07 23:00:00,13,t1-direct-d7d0b047c9
2026-02-08 06:00:00,2026-02-08 12:00:00,2,0.010868461919187005,0.008870692264039514,0.14113134467439536,2026-02-07 23:00:00,13,t2-direct-60103e48d3
2026-02-08 07:00:00,2026-02-08 13:00:00,1,0.009927038084559811,0.009927038084559811,0.13984324394315412,2026-02-07 23:00:00,14,t1-direct-d7d0b047c9
2026-02-08 07:00:00,2026-02-08 13:00:00,2,0.01079837073341864,0.008650976982300853,0.09200235274594484,2026-02-07 23:00:00,14,t2-direct-60103e48d3
2026-02-08 08:00:00,2026-02-08 14:00:00,1,0.026531220459957598,0.009173438742308831,0.25223713321827873,2026-02-07 23:00:00,15,t1-direct-d7d0b047c9
2026-02-08 08:00:00,2026-02-08 14:00:00,2,0.024984700490444003,0.007399890885923344,0.20551463928882324,2026-02-07 23:00:00,15,t2-direct-60103e48d3
2026-02-08 09:00:00,2026-02-08 15:00:00,1,0.10800044700566619,0.005096736615343919,0.536263301039218,2026-02-07 23:00:00,16,t1-direct-d7d0b047c9
2026-02-08 09:00:00,2026-02-08 15:00:00,2,0.11430515768657254,0.005250462428755667,0.5263303903585834,2026-02-07 23:00:00,16,t2-direct-60103e48d3
2026-02-08 10:00:00,2026-02-08 16:00:00,1,0.35297258885156646,6.329539350724556e-05,0.9017098006354584,2026-02-07 23:00:00,17,t1-direct-d7d0b047c9
2026-02-08 10:00:00,2026-02-08 16:00:00,2,0.34697571880428596,0.03850897136303438,0.8807843646816726,2026-02-07 23:00:00,17,t2-direct-60103e48d3
2026-02-08 11:00:00,2026-02-08 17:00:00,1,0.8498391585049603,0.31518460799501946,1.0,2026-02-07 23:00:00,18,t1-direct-d7d0b047c9
2026-02-08 11:00:00,2026-02-08 17:00:00,2,0.886176516308167,0.459308949299194,0.9877434303612713,2026-02-07 23:00:00,18,t2-direct-60103e48d3
2026-02-08 12:00:00,2026-02-08 18:00:00,1,0.9725734850897504,0.41740481497142257,0.9908561742780286,2026-02-07 23:00:00,19,t1-direct-d7d0b047c9
2026-02-08 12:00:00,2026-02-08 18:00:00,2,0.9632632676395119,0.7405153676021239,0.9887148857127778,2026-02-07 23:00:00,19,t2-direct-60103e48d3
2026-02-08 13:00:00,2026-02-08 19:00:00,1,0.974800029829555,0.4279681264544305,0.990736346630116,2026-02-07 23:00:00,20,t1-direct-d7d0b047c9
2026-02-08 13:00:00,2026-02-08 19:00:00,2,0.9690753807264346,0.8116135149245198,0.9861333887858216,2026-02-07 23:00:00,20,t2-direct-60103e48d3
2026-02-08 14:00:00,2026-02-08 20:00:00,1,0.9748627950906796,0.4279649881913744,0.990733207915963,2026-02-07 23:00:00,21,t1-direct-d7d0b047c9
2026-02-08 14:00:00,2026-02-08 20:00:00,2,0.9699324489315418,0.750272940275404,0.9844432277974079,2026-02-07 23:00:00,21,t2-direct-60103e48d3
2026-02-08 15:00:00,2026-02-08 21:00:00,1,0.9748553897313263,0.427965358459342,0.9907335748610544,2026-02-07 23:00:00,22,t1-direct-d7d0b047c9
2026-02-08 15:00:00,2026-02-08 21:00:00,2,0.9701991908309651,0.7117392470614285,0.9845203593942073,2026-02-07 23:00:00,22,t2-direct-60103e48d3
2026-02-08 16:00:00,2026-02-08 22:00:00,1,0.9772431443873977,0.4278459707265385,0.9906141817364774,2026-02-07 23:00:00,23,t1-direct-d7d0b047c9
2026-02-08 16:00:00,2026-02-08 22:00:00,2,0.9704948697614514,0.855433578115677,0.9840608137048109,2026-02-07 23:00:00,23,t2-direct-60103e48d3
2026-02-08 17:00:00,2026-02-08 23:00:00,1,0.9774219970393822,0.42100433925039893,0.9906052391038782,2026-02-07 23:00:00,24,t1-direct-d7d0b047c9
2026-02-08 17:00:00,2026-02-08 23:00:00,2,0.9704948697614514,0.8235084740807267,0.9848179745625876,2026-02-07 23:00:00,24,t2-direct-60103e48d3
2026-02-08 18:00:00,2026-02-09 00:00:00,1,0.9777689482277221,0.42098699169098186,0.9905878914621591,2026-02-08 23:00:00,1,t1-direct-d7d0b047c9
2026-02-08 18:00:00,2026-02-09 00:00:00,2,0.9733590666750661,0.6789710297246464,0.9776342337493418,2026-02-08 23:00:00,1,t2-direct-60103e48d3
2026-02-08 19:00:00,2026-02-09 01:00:00,1,0.9782598043541201,0.42096244888466194,0.9905633486771308,2026-02-08 23:00:00,2,t1-direct-d7d0b047c9
2026-02-08 19:00:00,2026-02-09 01:00:00,2,0.9727659699612512,0.6489054283516402,0.9776456189691887,2026-02-08 23:00:00,2,t2-direct-60103e48d3
2026-02-08 20:00:00,2026-02-09 02:00:00,1,0.9782741324447412,0.4209617324801309,0.9905626040692566,2026-02-08 23:00:00,3,t1-direct-d7d0b047c9
2026-02-08 20:00:00,2026-02-09 02:00:00,2,0.97384733432377,0.6920117292297145,0.9773828874760373,2026-02-08 23:00:00,3,t2-direct-60103e48d3
2026-02-08 21:00:00,2026-02-09 03:00:00,1,0.965380473920332,0.4048531843659894,0.991207286995477,2026-02-08 23:00:00,4,t1-direct-d7d0b047c9
2026-02-08 21:00:00,2026-02-09 03:00:00,2,0.9723122840980433,0.6523482306724703,0.9775646602855129,2026-02-08 23:00:00,4,t2-direct-60103e48d3
2026-02-08 22:00:00,2026-02-09 04:00:00,1,0.941288760889482,0.38770386805813684,0.9924118726702204,2026-02-08 23:00:00,5,t1-direct-d7d0b047c9
2026-02-08 22:00:00,2026-02-09 04:00:00,2,0.9651337611652876,0.6436762865043506,0.9774803556782752,2026-02-08 23:00:00,5,t2-direct-60103e48d3
2026-02-08 23:00:00,2026-02-09 05:00:00,1,0.941275838623647,0.3877045141714286,0.9924125518814164,2026-02-08 23:00:00,6,t1-direct-d7d0b047c9
2026-02-08 23:00:00,2026-02-09 05:00:00,2,0.9642333757656,0.6539145350101871,0.9791164382920512,2026-02-08 23:00:00,6,t2-direct-60103e48d3
2026-02-09 00:00:00,2026-02-09 06:00:00,1,0.9374050155027724,0.38789805532747235,0.9926061025462337,2026-02-08 23:00:00,7,t1-direct-d7d0b047c9
2026-02-09 00:00:00,2026-02-09 06:00:00,2,0.9641842582956431,0.5509724259067964,0.9762138759302015,2026-02-08 23:00:00,7,t2-direct-60103e48d3
2026-02-09 01:00:00,2026-02-09 07:00:00,1,0.9283708642397693,0.3883497628906224,0.9930577772263983,2026-02-08 23:00:00,8,t1-direct-d7d0b047c9
2026-02-09 01:00:00,2026-02-09 07:00:00,2,0.9651519696776568,0.5386162776663428,0.9775977434650467,2026-02-08 23:00:00,8,t2-direct-60103e48d3
2026-02-09 02:00:00,2026-02-09 08:00:00,1,0.9251907349796472,0.38850876935362855,0.9932168036955726,2026-02-08 23:00:00,9,t1-direct-d7d0b047c9
2026-02-09 02:00:00,2026-02-09 08:00:00,2,0.9650051622403025,0.43402910385760807,0.9775880414955423,2026-02-08 23:00:00,9,t2-direct-60103e48d3
2026-02-09 03:00:00,2026-02-09 09:00:00,1,0.9309199665271307,0.3882223077762543,0.9929302224019874,2026-02-08 23:00:00,10,t1-direct-d7d0b047c9
2026-02-09 03:00:00,2026-02-09 09:00:00,2,0.9571550004843756,0.39840763717394945,0.9751786491392511,2026-02-08 23:00:00,10,t2-direct-60103e48d3
2026-02-09 04:00:00,2026-02-09 10:00:00,1,0.9385695055320832,0.378752238436574,0.9925591721894184,2026-02-08 23:00:00,11,t1-direct-d7d0b047c9
2026-02-09 04:00:00,2026-02-09 10:00:00,2,0.9592192009446464,0.5344957793252425,0.9841372359783594,2026-02-08 23:00:00,11,t2-direct-60103e48d3
2026-02-09 05:00:00,2026-02-09 11:00:00,1,0.9401889229576694,0.37867126756529457,0.9924781898351539,2026-02-08 23:00:00,12,t1-direct-d7d0b047c9
2026-02-09 05:00:00,2026-02-09 11:00:00,2,0.95867941484386,0.5283794229850761,0.9879616439056165,2026-02-08 23:00:00,12,t2-direct-60103e48d3
2026-02-09 06:00:00,2026-02-09 12:00:00,1,0.9312727416074101,0.3791170766328076,0.9929324033943683,2026-02-08 23:00:00,13,t1-direct-d7d0b047c9
2026-02-09 06:00:00,2026-02-09 12:00:00,2,0.9579282926148501,0.5277764162978077,0.9864203294790851,2026-02-08 23:00:00,13,t2-direct-60103e48d3
2026-02-09 07:00:00,2026-02-09 13:00:00,1,0.9306717210286178,0.3791471276617472,0.992964188745574,2026-02-08 23:00:00,14,t1-direct-d7d0b047c9
2026-02-09 07:00:00,2026-02-09 13:00:00,2,0.9631479878385227,0.5476205481607072,0.9873656371078875,2026-02-08 23:00:00,14,t2-direct-60103e48d3
2026-02-09 08:00:00,2026-02-09 14:00:00,1,0.931128866390001,0.3791242703936779,0.9929258747619436,2026-02-08 23:00:00,15,t1-direct-d7d0b047c9
2026-02-09 08:00:00,2026-02-09 14:00:00,2,0.9623684845601395,0.5153677426725589,0.9832073059896902,2026-02-08 23:00:00,15,t2-direct-60103e48d3
2026-02-09 09:00:00,2026-02-09 15:00:00,1,0.9313861444262219,0.38819899888129983,0.9929045271487099,2026-02-08 23:00:00,16,t1-direct-d7d0b047c9
2026-02-09 09:00:00,2026-02-09 15:00:00,2,0.9595691392973063,0.4904415876836955,0.9819731678972774,2026-02-08 23:00:00,16,t2-direct-60103e48d3
2026-02-09 10:00:00,2026-02-09 16:00:00,1,0.9110934518647128,0.3892136335093753,0.9939245425793857,2026-02-08 23:00:00,17,t1-direct-d7d0b047c9
2026-02-09 10:00:00,2026-02-09 16:00:00,2,0.9471319546786858,0.42892154156426443,0.9762438348543868,2026-02-08 23:00:00,17,t2-direct-60103e48d3
2026-02-09 11:00:00,2026-02-09 17:00:00,1,0.8785510637906607,0.3908407529130779,0.9978034792148035,2026-02-08 23:00:00,18,t1-direct-d7d0b047c9
2026-02-09 11:00:00,2026-02-09 17:00:00,2,0.925411440016392,0.4998463545419278,0.9731320096187865,2026-02-08 23:00:00,18,t2-direct-60103e48d3
2026-02-09 12:00:00,2026-02-09 18:00:00,1,0.8644165572642823,0.37918884020323423,0.9998322633341395,2026-02-08 23:00:00,19,t1-direct-d7d0b047c9
2026-02-09 12:00:00,2026-02-09 18:00:00,2,0.898907056608518,0.42712252380324794,0.9858469730356892,2026-02-08 23:00:00,19,t2-direct-60103e48d3
2026-02-09 13:00:00,2026-02-09 19:00:00,1,0.7850724938416385,0.26437244724943976,1.0,2026-02-08 23:00:00,20,t1-direct-d7d0b047c9
2026-02-09 13:00:00,2026-02-09 19:00:00,2,0.8579982396068596,0.20117878867073857,0.9908904887490353,2026-02-08 23:00:00,20,t2-direct-60103e48d3
2026-02-09 14:00:00,2026-02-09 20:00:00,1,0.6766586793540766,0.19902347300397016,1.0,2026-02-08 23:00:00,21,t1-direct-d7d0b047c9
2026-02-09 14:00:00,2026-02-09 20:00:00,2,0.587283353973362,0.16241594198135545,1.0,2026-02-08 23:00:00,21,t2-direct-60103e48d3
2026-02-09 15:00:00,2026-02-09 21:00:00,1,0.4030801298043021,0.03199755212125477,0.9961225051138414,2026-02-08 23:00:00,22,t1-direct-d7d0b047c9
2026-02-09 15:00:00,2026-02-09 21:00:00,2,0.38072258837546147,0.07720569470432326,1.0,2026-02-08 23:00:00,22,t2-direct-60103e48d3
2026-02-09 16:00:00,2026-02-09 22:00:00,1,0.1735898049254708,0.009976339550299557,0.8698137725755406,2026-02-08 23:00:00,23,t1-direct-d7d0b047c9
2026-02-09 16:00:00,2026-02-09 22:00:00,2,0.17163248214679078,0.015979482242048287,0.7850853224634378,2026-02-08 23:00:00,23,t2-direct-60103e48d3
2026-02-09 17:00:00,2026-02-09 23:00:00,1,0.1551581783359171,0.00326933720341277,0.7145550879270448,2026-02-08 23:00:00,24,t1-direct-d7d0b047c9
2026-02-09 17:00:00,2026-02-09 23:00:00,2,0.14694938463795007,0.01020897108391633,0.7782250971573518,2026-02-08 23:00:00,24,t2-direct-60103e48d3
2026-02-09 18:00:00,2026-02-10 00:00:00,1,0.16410391483209022,0.0022866769545516197,0.598648118509763,2026-02-09 23:00:00,1,t1-direct-d7d0b047c9
2026-02-09 18:00:00,2026-02-10 00:00:00,2,0.10264803352017986,0.009856854021740899,0.5799575212618617,2026-02-09 23:00:00,1,t2-direct-60103e48d3
2026-02-09 19:00:00,2026-02-10 01:00:00,1,0.12291945838194387,0.004606596653735126,0.45944158186559125,2026-02-09 23:00:00,2,t1-direct-d7d0b047c9
2026-02-09 19:00:00,2026-02-10 01:00:00,2,0.07807113783345,0.010177672300101706,0.4431733263999953,2026-02-09 23:00:00,2,t2-direct-60103e48d3
2026-02-09 20:00:00,2026-02-10 02:00:00,1,0.09206228874277086,0.005921464201718449,0.5114464259954372,2026-02-09 23:00:00,3,t1-direct-d7d0b047c9
2026-02-09 20:00:00,2026-02-10 02:00:00,2,0.0468861181956488,0.00868362701215497,0.47187051812820363,2026-02-09 23:00:00,3,t2-direct-60103e48d3
2026-02-09 21:00:00,2026-02-10 03:00:00,1,0.07490478973755349,0.006886438971127548,0.4578778974041641,2026-02-09 23:00:00,4,t1-direct-d7d0b047c9
2026-02-09 21:00:00,2026-02-10 03:00:00,2,0.05459400247665664,0.008458812557970041,0.458154690410729,2026-02-09 23:00:00,4,t2-direct-60103e48d3
2026-02-09 22:00:00,2026-02-10 04:00:00,1,0.09997567755894575,0.002883973861352196,0.5051055407324873,2026-02-09 23:00:00,5,t1-direct-d7d0b047c9
2026-02-09 22:00:00,2026-02-10 04:00:00,2,0.04805549431247636,0.008207602939594778,0.5034845613094999,2026-02-09 23:00:00,5,t2-direct-60103e48d3
2026-02-09 23:00:00,2026-02-10 05:00:00,1,0.13847959285437103,0.0008986686989891635,0.5133089663846285,2026-02-09 23:00:00,6,t1-direct-d7d0b047c9
2026-02-09 23:00:00,2026-02-10 05:00:00,2,0.09722966305802062,0.005777290228820897,0.55178072754863,2026-02-09 23:00:00,6,t2-direct-60103e48d3
2026-02-10 00:00:00,2026-02-10 06:00:00,1,0.14434839256381635,0.00043886079416760593,0.5611637534312932,2026-02-09 23:00:00,7,t1-direct-d7d0b047c9
2026-02-10 00:00:00,2026-02-10 06:00:00,2,0.08602229972029496,0.006304170343524165,0.5702848220186119,2026-02-09 23:00:00,7,t2-direct-60103e48d3
2026-02-10 01:00:00,2026-02-10 07:00:00,1,0.20389454873530322,0.0,0.6919335345380571,2026-02-09 23:00:00,8,t1-direct-d7d0b047c9
2026-02-10 01:00:00,2026-02-10 07:00:00,2,0.1186490472781463,0.004556514671916909,0.7515473512258786,2026-02-09 23:00:00,8,t2-direct-60103e48d3
2026-02-10 02:00:00,2026-02-10 08:00:00,1,0.3097085451296401,0.004046404251887181,0.8550059861011878,2026-02-09 23:00:00,9,t1-direct-d7d0b047c9
2026-02-10 02:00:00,2026-02-10 08:00:00,2,0.2391827285922717,0.021214107520997172,0.8278213846172349,2026-02-09 23:00:00,9,t2-direct-60103e48d3
2026-02-10 03:00:00,2026-02-10 09:00:00,1,0.3554163070090681,0.013096818841553448,0.8534854093915012,2026-02-09 23:00:00,10,t1-direct-d7d0b047c9
2026-02-10 03:00:00,2026-02-10 09:00:00,2,0.3395217537104855,0.007610045085945316,0.8763858849234327,2026-02-09 23:00:00,10,t2-direct-60103e48d3
2026-02-10 04:00:00,2026-02-10 10:00:00,1,0.3727797900366505,0.002872309109673621,0.8135425768364931,2026-02-09 23:00:00,11,t1-direct-d7d0b047c9
2026-02-10 04:00:00,2026-02-10 10:00:00,2,0.33953030329923284,0.00017696921859139403,0.8654336000660251,2026-02-09 23:00:00,11,t2-direct-60103e48d3
2026-02-10 05:00:00,2026-02-10 11:00:00,1,0.2669994410062318,0.006434846125775884,0.8403958629546024,2026-02-09 23:00:00,12,t1-direct-d7d0b047c9
2026-02-10 05:00:00,2026-02-10 11:00:00,2,0.26600039599049413,0.009878006759281244,0.8808288976436534,2026-02-09 23:00:00,12,t2-direct-60103e48d3
2026-02-10 06:00:00,2026-02-10 12:00:00,1,0.22116693104290475,0.0,0.6528903993345319,2026-02-09 23:00:00,13,t1-direct-d7d0b047c9
2026-02-10 06:00:00,2026-02-10 12:00:00,2,0.21464368979314075,0.006678185294687861,0.6904787513591839,2026-02-09 23:00:00,13,t2-direct-60103e48d3
2026-02-10 07:00:00,2026-02-10 13:00:00,1,0.27793438930317027,0.0,0.7831496609220675,2026-02-09 23:00:00,14,t1-direct-d7d0b047c9
2026-02-10 07:00:00,2026-02-10 13:00:00,2,0.26588047749233773,0.0026367081764865907,0.8065238070119007,2026-02-09 23:00:00,14,t2-direct-60103e48d3
2026-02-10 08:00:00,2026-02-10 14:00:00,1,0.3037324487891774,0.0,0.7536777865533075,2026-02-09 23:00:00,15,t1-direct-d7d0b047c9
2026-02-10 08:00:00,2026-02-10 14:00:00,2,0.2921430972492263,0.009687091838593453,0.7606075917478075,2026-02-09 23:00:00,15,t2-direct-60103e48d3
2026-02-10 09:00:00,2026-02-10 15:00:00,1,0.3295457759277003,0.0,0.754603328636577,2026-02-09 23:00:00,16,t1-direct-d7d0b047c9
2026-02-10 09:00:00,2026-02-10 15:00:00,2,0.3126817164294555,0.017149694929419035,0.8142681191080566,2026-02-09 23:00:00,16,t2-direct-60103e48d3
2026-02-10 10:00:00,2026-02-10 16:00:00,1,0.3193638309775425,0.000380349282841308,0.7947170754497166,2026-02-09 23:00:00,17,t1-direct-d7d0b047c9
2026-02-10 10:00:00,2026-02-10 16:00:00,2,0.2833564529644981,0.0115782690430688,0.7897453327705187,2026-02-09 23:00:00,17,t2-direct-60103e48d3
2026-02-10 11:00:00,2026-02-10 17:00:00,1,0.24842250468025856,0.0,0.6635891896630316,2026-02-09 23:00:00,18,t1-direct-d7d0b047c9
2026-02-10 11:00:00,2026-02-10 17:00:00,2,0.21656026974333276,0.008946233803819259,0.727810526607297,2026-02-09 23:00:00,18,t2-direct-60103e48d3
2026-02-10 12:00:00,2026-02-10 18:00:00,1,0.14293680479469392,0.004112179800798643,0.5889958179580721,2026-02-09 23:00:00,19,t1-direct-d7d0b047c9
2026-02-10 12:00:00,2026-02-10 18:00:00,2,0.13050758574847543,0.009840508257521682,0.6934870008490721,2026-02-09 23:00:00,19,t2-direct-60103e48d3
2026-02-10 13:00:00,2026-02-10 19:00:00,1,0.12816856490463768,0.004193026707208891,0.5936490978791955,2026-02-09 23:00:00,20,t1-direct-d7d0b047c9
2026-02-10 13:00:00,2026-02-10 19:00:00,2,0.129326257132146,0.00474240151017781,0.7244326552213376,2026-02-09 23:00:00,20,t2-direct-60103e48d3
2026-02-10 14:00:00,2026-02-10 20:00:00,1,0.28892286809527823,0.003087512628993039,0.819003902199435,2026-02-09 23:00:00,21,t1-direct-d7d0b047c9
2026-02-10 14:00:00,2026-02-10 20:00:00,2,0.24913806823124707,0.005171059824758795,0.8560240739664612,2026-02-09 23:00:00,21,t2-direct-60103e48d3
2026-02-10 15:00:00,2026-02-10 21:00:00,1,0.47892876971513504,0.0282868388434816,1.0,2026-02-09 23:00:00,22,t1-direct-d7d0b047c9
2026-02-10 15:00:00,2026-02-10 21:00:00,2,0.42087014714494914,0.033851266758836596,1.0,2026-02-09 23:00:00,22,t2-direct-60103e48d3
2026-02-10 16:00:00,2026-02-10 22:00:00,1,0.724183159564718,0.1247895714343028,1.0,2026-02-09 23:00:00,23,t1-direct-d7d0b047c9
2026-02-10 16:00:00,2026-02-10 22:00:00,2,0.6637036643146985,0.15538483104716372,1.0,2026-02-09 23:00:00,23,t2-direct-60103e48d3
2026-02-10 17:00:00,2026-02-10 23:00:00,1,0.8085204768559486,0.27900916786050645,1.0,2026-02-09 23:00:00,24,t1-direct-d7d0b047c9
2026-02-10 17:00:00,2026-02-10 23:00:00,2,0.8435784780616962,0.3160399917109977,0.9988887911375095,2026-02-09 23:00:00,24,t2-direct-60103e48d3
2026-02-10 18:00:00,2026-02-11 00:00:00,1,0.9388518996742965,0.3771510723988978,0.9925349171201373,2026-02-10 23:00:00,1,t1-direct-d7d0b047c9
2026-02-10 18:00:00,2026-02-11 00:00:00,2,0.9628793945651339,0.8448942668282355,0.987057498124138,2026-02-10 23:00:00,1,t2-direct-60103e48d3
2026-02-10 19:00:00,2026-02-11 01:00:00,1,0.9382330442675395,0.38785665388923396,0.9925646687522655,2026-02-10 23:00:00,2,t1-direct-d7d0b047c9
2026-02-10 19:00:00,2026-02-11 01:00:00,2,0.9659901976972352,0.8146713794695797,0.9862506116818703,2026-02-10 23:00:00,2,t2-direct-60103e48d3
2026-02-10 20:00:00,2026-02-11 02:00:00,1,0.9012905053533623,0.3523517236834427,0.9944116946850204,2026-02-10 23:00:00,3,t1-direct-d7d0b047c9
2026-02-10 20:00:00,2026-02-11 02:00:00,2,0.955837947058742,0.6377859481769627,0.9850897834012498,2026-02-10 23:00:00,3,t2-direct-60103e48d3
2026-02-10 21:00:00,2026-02-11 03:00:00,1,0.8381704258111297,0.329572359785679,0.9973237921972898,2026-02-10 23:00:00,4,t1-direct-d7d0b047c9
2026-02-10 21:00:00,2026-02-11 03:00:00,2,0.8921728470161242,0.4245455473481555,0.988032850202724,2026-02-10 23:00:00,4,t2-direct-60103e48d3
2026-02-10 22:00:00,2026-02-11 04:00:00,1,0.7889459633122673,0.26546746311383596,0.9994609644921898,2026-02-10 23:00:00,5,t1-direct-d7d0b047c9
2026-02-10 22:00:00,2026-02-11 04:00:00,2,0.7560627846034871,0.3531785273967403,0.9876477696817857,2026-02-10 23:00:00,5,t2-direct-60103e48d3
2026-02-10 23:00:00,2026-02-11 05:00:00,1,0.5255373863265287,0.1741431469513967,1.0,2026-02-10 23:00:00,6,t1-direct-d7d0b047c9
2026-02-10 23:00:00,2026-02-11 05:00:00,2,0.4546623165338738,0.1019665170922997,0.9779405292508961,2026-02-10 23:00:00,6,t2-direct-60103e48d3
2026-02-11 00:00:00,2026-02-11 06:00:00,1,0.3973772931935432,0.01944398437706296,0.849877916281631,2026-02-10 23:00:00,7,t1-direct-d7d0b047c9
2026-02-11 00:00:00,2026-02-11 06:00:00,2,0.42269103871714475,0.057248852983074194,0.8731976290064871,2026-02-10 23:00:00,7,t2-direct-60103e48d3
2026-02-11 01:00:00,2026-02-11 07:00:00,1,0.07213716635524221,0.007349898981760569,0.5065271018820648,2026-02-10 23:00:00,8,t1-direct-d7d0b047c9
2026-02-11 01:00:00,2026-02-11 07:00:00,2,0.07263807370163711,0.010671929913261637,0.5473280229835814,2026-02-10 23:00:00,8,t2-direct-60103e48d3
2026-02-11 02:00:00,2026-02-11 08:00:00,1,0.09207755295029824,0.005895362225332643,0.5095746576095761,2026-02-10 23:00:00,9,t1-direct-d7d0b047c9
2026-02-11 02:00:00,2026-02-11 08:00:00,2,0.04999555668247001,0.008350581179019906,0.5345459515579338,2026-02-10 23:00:00,9,t2-direct-60103e48d3
2026-02-11 03:00:00,2026-02-11 09:00:00,1,0.07427037325296056,0.006692737646906324,0.529661846317833,2026-02-10 23:00:00,10,t1-direct-d7d0b047c9
2026-02-11 03:00:00,2026-02-11 09:00:00,2,0.0736716408132746,0.005723973139239849,0.585845213278784,2026-02-10 23:00:00,10,t2-direct-60103e48d3
2026-02-11 04:00:00,2026-02-11 10:00:00,1,0.06754751957379107,0.004294723075529569,0.5306537340151424,2026-02-10 23:00:00,11,t1-direct-d7d0b047c9
2026-02-11 04:00:00,2026-02-11 10:00:00,2,0.07461117646538437,0.005686745128488116,0.5437226680522467,2026-02-10 23:00:00,11,t2-direct-60103e48d3
2026-02-11 05:00:00,2026-02-11 11:00:00,1,0.19990695044831988,0.0,0.7292295811189865,2026-02-10 23:00:00,12,t1-direct-d7d0b047c9
2026-02-11 05:00:00,2026-02-11 11:00:00,2,0.19580396228547584,0.004605759240479207,0.7707142300268621,2026-02-10 23:00:00,12,t2-direct-60103e48d3
2026-02-11 06:00:00,2026-02-11 12:00:00,1,0.34124466087724376,0.0066927553305376475,0.9244615387992383,2026-02-10 23:00:00,13,t1-direct-d7d0b047c9
2026-02-11 06:00:00,2026-02-11 12:00:00,2,0.4087337465435373,0.0241697083954982,0.9815834348445003,2026-02-10 23:00:00,13,t2-direct-60103e48d3
2026-02-11 07:00:00,2026-02-11 13:00:00,1,0.35599218485041645,0.019984653910596062,0.9613024012493656,2026-02-10 23:00:00,14,t1-direct-d7d0b047c9
2026-02-11 07:00:00,2026-02-11 13:00:00,2,0.42012073331363065,0.026393666736105548,1.0,2026-02-10 23:00:00,14,t2-direct-60103e48d3
2026-02-11 08:00:00,2026-02-11 14:00:00,1,0.3414628656662785,0.0,0.9983823016036623,2026-02-10 23:00:00,15,t1-direct-d7d0b047c9
2026-02-11 08:00:00,2026-02-11 14:00:00,2,0.32452804845833394,0.0023610763294091286,0.9958719792126537,2026-02-10 23:00:00,15,t2-direct-60103e48d3
2026-02-11 09:00:00,2026-02-11 15:00:00,1,0.3726192063265032,0.005858391764461179,0.996775022357393,2026-02-10 23:00:00,16,t1-direct-d7d0b047c9
2026-02-11 09:00:00,2026-02-11 15:00:00,2,0.3896526185063258,0.05352657211150197,0.9991539079090576,2026-02-10 23:00:00,16,t2-direct-60103e48d3
2026-02-11 10:00:00,2026-02-11 16:00:00,1,0.5812548052948652,0.08267881890246775,1.0,2026-02-10 23:00:00,17,t1-direct-d7d0b047c9
2026-02-11 10:00:00,2026-02-11 16:00:00,2,0.5608077163537118,0.05894461515048688,0.967866143211048,2026-02-10 23:00:00,17,t2-direct-60103e48d3
2026-02-11 11:00:00,2026-02-11 17:00:00,1,0.9392217368218679,0.3146671387668656,0.9971814810533317,2026-02-10 23:00:00,18,t1-direct-d7d0b047c9
2026-02-11 11:00:00,2026-02-11 17:00:00,2,0.9030909438238734,0.35567179595972376,0.97366816814651,2026-02-10 23:00:00,18,t2-direct-60103e48d3
2026-02-11 12:00:00,2026-02-11 18:00:00,1,0.9716228878451428,0.4120509944898296,0.9909116546866211,2026-02-10 23:00:00,19,t1-direct-d7d0b047c9
2026-02-11 12:00:00,2026-02-11 18:00:00,2,0.9561480199996598,0.5888375963590486,0.9781614402706036,2026-02-10 23:00:00,19,t2-direct-60103e48d3
2026-02-11 13:00:00,2026-02-11 19:00:00,1,0.9751842063130013,0.39999536410299563,0.9907183948231607,2026-02-10 23:00:00,20,t1-direct-d7d0b047c9
2026-02-11 13:00:00,2026-02-11 19:00:00,2,0.9657303782069913,0.6240839217744467,0.9808858626798133,2026-02-10 23:00:00,20,t2-direct-60103e48d3
2026-02-11 14:00:00,2026-02-11 20:00:00,1,0.9774793659601795,0.421001470804359,0.9906019663758091,2026-02-10 23:00:00,21,t1-direct-d7d0b047c9
2026-02-11 14:00:00,2026-02-11 20:00:00,2,0.9590098196438483,0.5978353133478638,0.9801960471168738,2026-02-10 23:00:00,21,t2-direct-60103e48d3
2026-02-11 15:00:00,2026-02-11 21:00:00,1,0.9928769927854982,0.42291033513971654,0.9928769927854982,2026-02-10 23:00:00,22,t1-direct-d7d0b047c9
2026-02-11 15:00:00,2026-02-11 21:00:00,2,0.9697375113185034,0.6923052427524036,0.9800000988216098,2026-02-10 23:00:00,22,t2-direct-60103e48d3
2026-02-11 16:00:00,2026-02-11 22:00:00,1,0.9580978052142489,0.40428981437708167,0.9916194162104288,2026-02-10 23:00:00,23,t1-direct-d7d0b047c9
2026-02-11 16:00:00,2026-02-11 22:00:00,2,0.9504223153790797,0.5184534249342632,0.9799484782167902,2026-02-10 23:00:00,23,t2-direct-60103e48d3
2026-02-11 17:00:00,2026-02-11 23:00:00,1,0.9439239957551756,0.408172269631775,0.9922377422269872,2026-02-10 23:00:00,24,t1-direct-d7d0b047c9
2026-02-11 17:00:00,2026-02-11 23:00:00,2,0.9160458998345885,0.518058188819768,0.9787458309799528,2026-02-10 23:00:00,24,t2-direct-60103e48d3
2026-02-11 18:00:00,2026-02-12 00:00:00,1,0.5899058586457123,0.09385227218518705,0.9830912618702445,2026-02-11 23:00:00,1,t1-direct-d7d0b047c9
2026-02-11 18:00:00,2026-02-12 00:00:00,2,0.5739468027684717,0.10468099798325958,0.9791854614346911,2026-02-11 23:00:00,1,t2-direct-60103e48d3
2026-02-11 19:00:00,2026-02-12 01:00:00,1,0.551316171010984,0.0551878886431858,0.9631816934153603,2026-02-11 23:00:00,2,t1-direct-d7d0b047c9
2026-02-11 19:00:00,2026-02-12 01:00:00,2,0.5544050277274541,0.075774559195189,0.9633251514415156,2026-02-11 23:00:00,2,t2-direct-60103e48d3
2026-02-11 20:00:00,2026-02-12 02:00:00,1,0.5718792336065935,0.07143843792782645,1.0,2026-02-11 23:00:00,3,t1-direct-d7d0b047c9
2026-02-11 20:00:00,2026-02-12 02:00:00,2,0.5577772067363604,0.08525569155850315,0.9902039030340748,2026-02-11 23:00:00,3,t2-direct-60103e48d3
2026-02-11 21:00:00,2026-02-12 03:00:00,1,0.5092671591360706,0.05567085089731316,1.0,2026-02-11 23:00:00,4,t1-direct-d7d0b047c9
2026-02-11 21:00:00,2026-02-12 03:00:00,2,0.4973065792003396,0.07034675836041082,0.9783357031348403,2026-02-11 23:00:00,4,t2-direct-60103e48d3
2026-02-11 22:00:00,2026-02-12 04:00:00,1,0.4142856384136129,0.03869709082504036,0.9226447682383945,2026-02-11 23:00:00,5,t1-direct-d7d0b047c9
2026-02-11 22:00:00,2026-02-12 04:00:00,2,0.4115837597968711,0.04458383367650476,0.9166415230855821,2026-02-11 23:00:00,5,t2-direct-60103e48d3
2026-02-11 23:00:00,2026-02-12 05:00:00,1,0.2474284247119484,0.0001658507989406588,0.7358192915429645,2026-02-11 23:00:00,6,t1-direct-d7d0b047c9
2026-02-11 23:00:00,2026-02-12 05:00:00,2,0.23465181179169708,0.007180268625939984,0.7168555967792969,2026-02-11 23:00:00,6,t2-direct-60103e48d3
2026-02-12 00:00:00,2026-02-12 06:00:00,1,0.11630190369175056,0.004578706440955052,0.5282386681112547,2026-02-11 23:00:00,7,t1-direct-d7d0b047c9
2026-02-12 00:00:00,2026-02-12 06:00:00,2,0.10352161783979939,0.006691562887663885,0.5131590379435751,2026-02-11 23:00:00,7,t2-direct-60103e48d3
2026-02-12 01:00:00,2026-02-12 07:00:00,1,0.04733649595439279,0.00804823437857801,0.35870128082054853,2026-02-11 23:00:00,8,t1-direct-d7d0b047c9
2026-02-12 01:00:00,2026-02-12 07:00:00,2,0.024170531841675797,0.009037613335610704,0.3468891617264708,2026-02-11 23:00:00,8,t2-direct-60103e48d3
2026-02-12 02:00:00,2026-02-12 08:00:00,1,0.053582781825484205,0.007820860674032502,0.23694340831704186,2026-02-11 23:00:00,9,t1-direct-d7d0b047c9
2026-02-12 02:00:00,2026-02-12 08:00:00,2,0.028427107378398493,0.008171408136291004,0.19664510818403202,2026-02-11 23:00:00,9,t2-direct-60103e48d3
2026-02-12 03:00:00,2026-02-12 09:00:00,1,0.010186477015291332,0.009990675914542144,0.1581110973206984,2026-02-11 23:00:00,10,t1-direct-d7d0b047c9
2026-02-12 03:00:00,2026-02-12 09:00:00,2,0.008815016423570233,0.008298302294771381,0.12025887331101921,2026-02-11 23:00:00,10,t2-direct-60103e48d3
2026-02-12 04:00:00,2026-02-12 10:00:00,1,0.014416601654433807,0.00977916968258502,0.14411980030815258,2026-02-11 23:00:00,11,t1-direct-d7d0b047c9
2026-02-12 04:00:00,2026-02-12 10:00:00,2,0.010788061425243054,0.008088240003915698,0.11840159522021326,2026-02-11 23:00:00,11,t2-direct-60103e48d3
2026-02-12 05:00:00,2026-02-12 11:00:00,1,0.015603425327416282,0.009719828498935896,0.15538536041956463,2026-02-11 23:00:00,12,t1-direct-d7d0b047c9
2026-02-12 05:00:00,2026-02-12 11:00:00,2,0.010770945883103728,0.006180819051498989,0.14583170134167167,2026-02-11 23:00:00,12,t2-direct-60103e48d3
2026-02-12 06:00:00,2026-02-12 12:00:00,1,0.009723369886130795,0.009723369886130795,0.15849846853428531,2026-02-11 23:00:00,13,t1-direct-d7d0b047c9
2026-02-12 06:00:00,2026-02-12 12:00:00,2,0.009598830181208792,0.008164518571786895,0.13638508518842146,2026-02-11 23:00:00,13,t2-direct-60103e48d3
2026-02-12 07:00:00,2026-02-12 13:00:00,1,0.010799253364906506,0.009960037097061386,0.16690140091061265,2026-02-11 23:00:00,14,t1-direct-d7d0b047c9
2026-02-12 07:00:00,2026-02-12 13:00:00,2,0.010658469161429072,0.007991997271256896,0.1449744340317351,2026-02-11 23:00:00,14,t2-direct-60103e48d3
2026-02-12 08:00:00,2026-02-12 14:00:00,1,0.013578736410862413,0.00982106294476359,0.1573986523309823,2026-02-11 23:00:00,15,t1-direct-d7d0b047c9
2026-02-12 08:00:00,2026-02-12 14:00:00,2,0.011228660372299115,0.008775286712937766,0.10479548866353511,2026-02-11 23:00:00,15,t2-direct-60103e48d3
2026-02-12 09:00:00,2026-02-12 15:00:00,1,0.017148248891769104,0.009642587320718255,0.14620252816338702,2026-02-11 23:00:00,16,t1-direct-d7d0b047c9
2026-02-12 09:00:00,2026-02-12 15:00:00,2,0.016194711769168608,0.007034075834889523,0.1540086185062488,2026-02-11 23:00:00,16,t2-direct-60103e48d3
2026-02-12 10:00:00,2026-02-12 16:00:00,1,0.02798766010242506,0.009100616760185459,0.2032710142125537,2026-02-11 23:00:00,17,t1-direct-d7d0b047c9
2026-02-12 10:00:00,2026-02-12 16:00:00,2,0.03623814427144986,0.008183263951142446,0.20155759986798788,2026-02-11 23:00:00,17,t2-direct-60103e48d3
2026-02-12 11:00:00,2026-02-12 17:00:00,1,0.088994980163596,0.006047009957447433,0.41622298330712837,2026-02-11 23:00:00,18,t1-direct-d7d0b047c9
2026-02-12 11:00:00,2026-02-12 17:00:00,2,0.10749856601149184,0.007336093960677387,0.39007231158389793,2026-02-11 23:00:00,18,t2-direct-60103e48d3
2026-02-12 12:00:00,2026-02-12 18:00:00,1,0.2046272808252808,0.0017542386684821776,0.5633847786560815,2026-02-11 23:00:00,19,t1-direct-d7d0b047c9
2026-02-12 12:00:00,2026-02-12 18:00:00,2,0.17732760648200258,0.01154500825419208,0.579743974734424,2026-02-11 23:00:00,19,t2-direct-60103e48d3
2026-02-12 13:00:00,2026-02-12 19:00:00,1,0.2065728085649935,0.0023776275365652855,0.5565527265526491,2026-02-11 23:00:00,20,t1-direct-d7d0b047c9
2026-02-12 13:00:00,2026-02-12 19:00:00,2,0.20549567075109115,0.016111945776452058,0.5488106440427478,2026-02-11 23:00:00,20,t2-direct-60103e48d3
2026-02-12 14:00:00,2026-02-12 20:00:00,1,0.22510620786753494,0.0010605438074992868,0.5666538464621598,2026-02-11 23:00:00,21,t1-direct-d7d0b047c9
2026-02-12 14:00:00,2026-02-12 20:00:00,2,0.21232805338862273,0.01592904087009267,0.5546568817668247,2026-02-11 23:00:00,21,t2-direct-60103e48d3
2026-02-12 15:00:00,2026-02-12 21:00:00,1,0.22095697396750835,0.00124024249111096,0.5713856306480227,2026-02-11 23:00:00,22,t1-direct-d7d0b047c9
2026-02-12 15:00:00,2026-02-12 21:00:00,2,0.20610123657114238,0.015205669470329641,0.5649841223980159,2026-02-11 23:00:00,22,t2-direct-60103e48d3
2026-02-12 16:00:00,2026-02-12 22:00:00,1,0.21931562350943576,0.0006821908825409562,0.48580397025981403,2026-02-11 23:00:00,23,t1-direct-d7d0b047c9
2026-02-12 16:00:00,2026-02-12 22:00:00,2,0.1959419670339465,0.019495647339069444,0.516571811704624,2026-02-11 23:00:00,23,t2-direct-60103e48d3
2026-02-12 17:00:00,2026-02-12 23:00:00,1,0.19492128329470512,0.0007516514690837084,0.42715290322308896,2026-02-11 23:00:00,24,t1-direct-d7d0b047c9
2026-02-12 17:00:00,2026-02-12 23:00:00,2,0.15981966662421107,0.01345998827083783,0.45647198229199004,2026-02-11 23:00:00,24,t2-direct-60103e48d3
2026-02-12 18:00:00,2026-02-13 00:00:00,1,0.020049262736667916,0.009497536628473314,0.11801975402138062,2026-02-12 23:00:00,1,t1-direct-d7d0b047c9
2026-02-12 18:00:00,2026-02-13 00:00:00,2,0.016501328920398056,0.008443498474172842,0.12374193981331781,2026-02-12 23:00:00,1,t2-direct-60103e48d3
2026-02-12 19:00:00,2026-02-13 01:00:00,1,0.01863230908318639,0.009568384311147392,0.10469855542025186,2026-02-12 23:00:00,2,t1-direct-d7d0b047c9
2026-02-12 19:00:00,2026-02-13 01:00:00,2,0.020672498742652257,0.00825765161886358,0.07716962127635238,2026-02-12 23:00:00,2,t2-direct-60103e48d3
2026-02-12 20:00:00,2026-02-13 02:00:00,1,0.012297189447116478,0.009885140292950886,0.08643772708249431,2026-02-12 23:00:00,3,t1-direct-d7d0b047c9
2026-02-12 20:00:00,2026-02-13 02:00:00,2,0.014824592801135118,0.008092056954476116,0.0981289483090347,2026-02-12 23:00:00,3,t2-direct-60103e48d3
2026-02-12 21:00:00,2026-02-13 03:00:00,1,0.012868785554891337,0.009856560487562144,0.0765856416811146,2026-02-12 23:00:00,4,t1-direct-d7d0b047c9
2026-02-12 21:00:00,2026-02-13 03:00:00,2,0.010736713593881658,0.008160873319720152,0.06894997658486272,2026-02-12 23:00:00,4,t2-direct-60103e48d3
2026-02-12 22:00:00,2026-02-13 04:00:00,1,0.013110242850633029,0.00984448762277506,0.07108056811317884,2026-02-12 23:00:00,5,t1-direct-d7d0b047c9
2026-02-12 22:00:00,2026-02-13 04:00:00,2,0.011019318446799745,0.008113265245939624,0.05372055893176009,2026-02-12 23:00:00,5,t2-direct-60103e48d3
2026-02-12 23:00:00,2026-02-13 05:00:00,1,0.013486185415588077,0.009825690494527308,0.084129897227313,2026-02-12 23:00:00,6,t1-direct-d7d0b047c9
2026-02-12 23:00:00,2026-02-13 05:00:00,2,0.01116114838048063,0.007543956323637895,0.079784994478676,2026-02-12 23:00:00,6,t2-direct-60103e48d3
2026-02-13 00:00:00,2026-02-13 06:00:00,1,0.0209462110191146,0.00945268921435098,0.11124934385995217,2026-02-12 23:00:00,7,t1-direct-d7d0b047c9
2026-02-13 00:00:00,2026-02-13 06:00:00,2,0.013420071904381832,0.007371081135618439,0.10061410371729501,2026-02-12 23:00:00,7,t2-direct-60103e48d3
2026-02-13 01:00:00,2026-02-13 07:00:00,1,0.011890227930120406,0.009905488368800692,0.10760966500133559,2026-02-12 23:00:00,8,t1-direct-d7d0b047c9
2026-02-13 01:00:00,2026-02-13 07:00:00,2,0.012416629274118084,0.00815641039589425,0.0916619369280882,2026-02-12 23:00:00,8,t2-direct-60103e48d3
2026-02-13 02:00:00,2026-02-13 08:00:00,1,0.008983504905986053,0.008983504905986053,0.10442712679719375,2026-02-12 23:00:00,9,t1-direct-d7d0b047c9
2026-02-13 02:00:00,2026-02-13 08:00:00,2,0.012388516496128273,0.008527078864375351,0.1030181681823272,2026-02-12 23:00:00,9,t2-direct-60103e48d3
2026-02-13 03:00:00,2026-02-13 09:00:00,1,0.00934060491200272,0.00934060491200272,0.08209843979081989,2026-02-12 23:00:00,10,t1-direct-d7d0b047c9
2026-02-13 03:00:00,2026-02-13 09:00:00,2,0.010267733451000998,0.007342060813536517,0.06854817799748074,2026-02-12 23:00:00,10,t2-direct-60103e48d3
2026-02-13 04:00:00,2026-02-13 10:00:00,1,0.009379748833801365,0.009379748833801365,0.10537950242752948,2026-02-12 23:00:00,11,t1-direct-d7d0b047c9
2026-02-13 04:00:00,2026-02-13 10:00:00,2,0.01283713986813175,0.008049149422792043,0.08741111518300626,2026-02-12 23:00:00,11,t2-direct-60103e48d3
2026-02-13 05:00:00,2026-02-13 11:00:00,1,0.014640023514556214,0.0097679985895789,0.1479331881856631,2026-02-12 23:00:00,12,t1-direct-d7d0b047c9
2026-02-13 05:00:00,2026-02-13 11:00:00,2,0.012134898980265854,0.00827613487052409,0.10047995479047937,2026-02-12 23:00:00,12,t2-direct-60103e48d3
2026-02-13 06:00:00,2026-02-13 12:00:00,1,0.00918469039151215,0.00918469039151215,0.10082426586464895,2026-02-12 23:00:00,13,t1-direct-d7d0b047c9
2026-02-13 06:00:00,2026-02-13 12:00:00,2,0.008406323446453638,0.007589638981604358,0.09962194236971536,2026-02-12 23:00:00,13,t2-direct-60103e48d3
2026-02-13 07:00:00,2026-02-13 13:00:00,1,0.009653849428168087,0.009653849428168087,0.12431530544704383,2026-02-12 23:00:00,14,t1-direct-d7d0b047c9
2026-02-13 07:00:00,2026-02-13 13:00:00,2,0.010668910641023445,0.007939844575529795,0.11299145574463197,2026-02-12 23:00:00,14,t2-direct-60103e48d3
2026-02-13 08:00:00,2026-02-13 14:00:00,1,0.012276775663981585,0.009886160982107633,0.15164344525477355,2026-02-12 23:00:00,15,t1-direct-d7d0b047c9
2026-02-13 08:00:00,2026-02-13 14:00:00,2,0.01056762507487879,0.006819709102255118,0.10868668403165985,2026-02-12 23:00:00,15,t2-direct-60103e48d3
2026-02-13 09:00:00,2026-02-13 15:00:00,1,0.01212371989642627,0.009893813770485397,0.1185729515627403,2026-02-12 23:00:00,16,t1-direct-d7d0b047c9
2026-02-13 09:00:00,2026-02-13 15:00:00,2,0.010307995520522322,0.008563933232490236,0.10127476733097945,2026-02-12 23:00:00,16,t2-direct-60103e48d3
2026-02-13 10:00:00,2026-02-13 16:00:00,1,0.012468609689366097,0.009876569280838406,0.1378215846718941,2026-02-12 23:00:00,17,t1-direct-d7d0b047c9
2026-02-13 10:00:00,2026-02-13 16:00:00,2,0.010765406730616543,0.00858502652946751,0.09218296442972965,2026-02-12 23:00:00,17,t2-direct-60103e48d3
2026-02-13 11:00:00,2026-02-13 17:00:00,1,0.02411233421060978,0.009294383054776222,0.25947362055732165,2026-02-12 23:00:00,18,t1-direct-d7d0b047c9
2026-02-13 11:00:00,2026-02-13 17:00:00,2,0.02485808024294868,0.0067768366168789555,0.23997528428578613,2026-02-12 23:00:00,18,t2-direct-60103e48d3
2026-02-13 12:00:00,2026-02-13 18:00:00,1,0.026680977054965548,0.009165950912558434,0.30076688406962687,2026-02-12 23:00:00,19,t1-direct-d7d0b047c9
2026-02-13 12:00:00,2026-02-13 18:00:00,2,0.025515534847469244,0.011502598378402984,0.28685410211140805,2026-02-12 23:00:00,19,t2-direct-60103e48d3
2026-02-13 13:00:00,2026-02-13 19:00:00,1,0.03788385632397955,0.008605806949107734,0.32963226880349705,2026-02-12 23:00:00,20,t1-direct-d7d0b047c9
2026-02-13 13:00:00,2026-02-13 19:00:00,2,0.028964263870948557,0.010670039822379601,0.2725793315511193,2026-02-12 23:00:00,20,t2-direct-60103e48d3
2026-02-13 14:00:00,2026-02-13 20:00:00,1,0.08288301743276265,0.0064592739106212466,0.4336734137461541,2026-02-12 23:00:00,21,t1-direct-d7d0b047c9
2026-02-13 14:00:00,2026-02-13 20:00:00,2,0.061879839659082864,0.008526867490482808,0.3712151663608726,2026-02-12 23:00:00,21,t2-direct-60103e48d3
2026-02-13 15:00:00,2026-02-13 21:00:00,1,0.1608003027468452,0.003972789812284133,0.5777187918729494,2026-02-12 23:00:00,22,t1-direct-d7d0b047c9
2026-02-13 15:00:00,2026-02-13 21:00:00,2,0.13733677306567468,0.011722502782025052,0.5917137212544706,2026-02-12 23:00:00,22,t2-direct-60103e48d3
2026-02-13 16:00:00,2026-02-13 22:00:00,1,0.15932286315017696,0.0045742625484428145,0.6897416545386488,2026-02-12 23:00:00,23,t1-direct-d7d0b047c9
2026-02-13 16:00:00,2026-02-13 22:00:00,2,0.15515495630358142,0.010712132408497277,0.6664240303215422,2026-02-12 23:00:00,23,t2-direct-60103e48d3
2026-02-13 17:00:00,2026-02-13 23:00:00,1,0.29961925822325186,0.00020264577713285936,0.9079610508255943,2026-02-12 23:00:00,24,t1-direct-d7d0b047c9
2026-02-13 17:00:00,2026-02-13 23:00:00,2,0.27700450917614383,0.024216458463767077,0.8547590216626193,2026-02-12 23:00:00,24,t2-direct-60103e48d3
2026-02-13 18:00:00,2026-02-14 00:00:00,1,0.5780113989059703,0.25961226428170103,0.9885901532115355,2026-02-13 23:00:00,1,t1-direct-d7d0b047c9
2026-02-13 18:00:00,2026-02-14 00:00:00,2,0.5352875329295902,0.22607534091828707,0.9717266113029992,2026-02-13 23:00:00,1,t2-direct-60103e48d3
2026-02-13 19:00:00,2026-02-14 01:00:00,1,0.6156629246332506,0.2706682348790045,0.9882599153343392,2026-02-13 23:00:00,2,t1-direct-d7d0b047c9
2026-02-13 19:00:00,2026-02-14 01:00:00,2,0.5316262006781519,0.3044330348365648,0.9941587467956767,2026-02-13 23:00:00,2,t2-direct-60103e48d3
2026-02-13 20:00:00,2026-02-14 02:00:00,1,0.679328626570039,0.2674849497821651,0.9918115858770904,2026-02-13 23:00:00,3,t1-direct-d7d0b047c9
2026-02-13 20:00:00,2026-02-14 02:00:00,2,0.5695187024635436,0.2910496172144226,0.9839285944184961,2026-02-13 23:00:00,3,t2-direct-60103e48d3
2026-02-13 21:00:00,2026-02-14 03:00:00,1,0.7487713857166703,0.2753145130032131,0.992365538240384,2026-02-13 23:00:00,4,t1-direct-d7d0b047c9
2026-02-13 21:00:00,2026-02-14 03:00:00,2,0.5772119489615573,0.3014971983193112,0.9821620673005886,2026-02-13 23:00:00,4,t2-direct-60103e48d3
2026-02-13 22:00:00,2026-02-14 04:00:00,1,0.7552814812638527,0.25468444246061495,0.9808645847737733,2026-02-13 23:00:00,5,t1-direct-d7d0b047c9
2026-02-13 22:00:00,2026-02-14 04:00:00,2,0.6887033919789369,0.31004081972547615,0.967934360665097,2026-02-13 23:00:00,5,t2-direct-60103e48d3
2026-02-13 23:00:00,2026-02-14 05:00:00,1,0.5977997417237911,0.19534329222133856,0.9837751066396122,2026-02-13 23:00:00,6,t1-direct-d7d0b047c9
2026-02-13 23:00:00,2026-02-14 05:00:00,2,0.508348753295474,0.24844782002477617,0.969833288922848,2026-02-13 23:00:00,6,t2-direct-60103e48d3
2026-02-14 00:00:00,2026-02-14 06:00:00,1,0.47627764408240314,0.0767014018987735,0.921286973850372,2026-02-13 23:00:00,7,t1-direct-d7d0b047c9
2026-02-14 00:00:00,2026-02-14 06:00:00,2,0.4222889978230466,0.07668791575125233,0.8833960776568262,2026-02-13 23:00:00,7,t2-direct-60103e48d3
2026-02-14 01:00:00,2026-02-14 07:00:00,1,0.2676616336651124,0.015606401101670164,0.7823971193057876,2026-02-13 23:00:00,8,t1-direct-d7d0b047c9
2026-02-14 01:00:00,2026-02-14 07:00:00,2,0.21352914679020701,0.01173238753568484,0.779564865311664,2026-02-13 23:00:00,8,t2-direct-60103e48d3
2026-02-14 02:00:00,2026-02-14 08:00:00,1,0.17783125470415115,0.0032841484222359274,0.6937538385897029,2026-02-13 23:00:00,9,t1-direct-d7d0b047c9
2026-02-14 02:00:00,2026-02-14 08:00:00,2,0.11804671026173068,0.010625934373314272,0.6590000662468491,2026-02-13 23:00:00,9,t2-direct-60103e48d3
2026-02-14 03:00:00,2026-02-14 09:00:00,1,0.13663697237768324,0.00400400020155367,0.532597987626501,2026-02-13 23:00:00,10,t1-direct-d7d0b047c9
2026-02-14 03:00:00,2026-02-14 09:00:00,2,0.09186222453425427,0.010839909586788168,0.5307352756078939,2026-02-13 23:00:00,10,t2-direct-60103e48d3
2026-02-14 04:00:00,2026-02-14 10:00:00,1,0.09983916653074575,0.005249455623997701,0.40227150042393606,2026-02-13 23:00:00,11,t1-direct-d7d0b047c9
2026-02-14 04:00:00,2026-02-14 10:00:00,2,0.08306427450946631,0.00528631567478835,0.43089136029622616,2026-02-13 23:00:00,11,t2-direct-60103e48d3
2026-02-14 05:00:00,2026-02-14 11:00:00,1,0.09694621669116128,0.005427601031929907,0.4473124058133044,2026-02-13 23:00:00,12,t1-direct-d7d0b047c9
2026-02-14 05:00:00,2026-02-14 11:00:00,2,0.10748861717916156,0.006137871932060834,0.5271606541105137,2026-02-13 23:00:00,12,t2-direct-60103e48d3
2026-02-14 06:00:00,2026-02-14 12:00:00,1,0.14532737286935127,0.0032857111054632737,0.5630693695945864,2026-02-13 23:00:00,13,t1-direct-d7d0b047c9
2026-02-14 06:00:00,2026-02-14 12:00:00,2,0.15377634928389478,0.005185566446878981,0.6341502992875049,2026-02-13 23:00:00,13,t2-direct-60103e48d3
2026-02-14 07:00:00,2026-02-14 13:00:00,1,0.1872408026131803,0.001187334041523741,0.5901401859539773,2026-02-13 23:00:00,14,t1-direct-d7d0b047c9
2026-02-14 07:00:00,2026-02-14 13:00:00,2,0.18285482407765896,0.006617156582629513,0.6298088133398119,2026-02-13 23:00:00,14,t2-direct-60103e48d3
2026-02-14 08:00:00,2026-02-14 14:00:00,1,0.20498228539619964,0.00030025990237278477,0.5963738631450105,2026-02-13 23:00:00,15,t1-direct-d7d0b047c9
2026-02-14 08:00:00,2026-02-14 14:00:00,2,0.2040366136411104,0.006186412424330351,0.6220231659920865,2026-02-13 23:00:00,15,t2-direct-60103e48d3
2026-02-14 09:00:00,2026-02-14 15:00:00,1,0.20337808152183295,0.0004695050478526752,0.5000720389209069,2026-02-13 23:00:00,16,t1-direct-d7d0b047c9
2026-02-14 09:00:00,2026-02-14 15:00:00,2,0.20746716606560972,0.005414370062722718,0.529965494916484,2026-02-13 23:00:00,16,t2-direct-60103e48d3
2026-02-14 10:00:00,2026-02-14 16:00:00,1,0.17099481639790712,0.0026963554758409614,0.5658475499136366,2026-02-13 23:00:00,17,t1-direct-d7d0b047c9
2026-02-14 10:00:00,2026-02-14 16:00:00,2,0.17480837210537875,0.004750803887082017,0.5908630509108275,2026-02-13 23:00:00,17,t2-direct-60103e48d3
2026-02-14 11:00:00,2026-02-14 17:00:00,1,0.22462975412611577,0.0007369185183650484,0.639522695924635,2026-02-13 23:00:00,18,t1-direct-d7d0b047c9
2026-02-14 11:00:00,2026-02-14 17:00:00,2,0.21469754345647732,0.007945943260531746,0.6690674138309395,2026-02-13 23:00:00,18,t2-direct-60103e48d3
2026-02-14 12:00:00,2026-02-14 18:00:00,1,0.30739057398808606,0.0,0.7165623043655316,2026-02-13 23:00:00,19,t1-direct-d7d0b047c9
2026-02-14 12:00:00,2026-02-14 18:00:00,2,0.2870326719539276,0.018024837273980743,0.7494752985469252,2026-02-13 23:00:00,19,t2-direct-60103e48d3
2026-02-14 13:00:00,2026-02-14 19:00:00,1,0.2757143902722939,0.0026213246617391994,0.705948974551869,2026-02-13 23:00:00,20,t1-direct-d7d0b047c9
2026-02-14 13:00:00,2026-02-14 19:00:00,2,0.28940024387214375,0.03014250939661739,0.7034849656739559,2026-02-13 23:00:00,20,t2-direct-60103e48d3
2026-02-14 14:00:00,2026-02-14 20:00:00,1,0.22302049827724754,0.0008358524611334073,0.5562433515363573,2026-02-13 23:00:00,21,t1-direct-d7d0b047c9
2026-02-14 14:00:00,2026-02-14 20:00:00,2,0.18813966695980167,0.022950066052454227,0.5641970454882512,2026-02-13 23:00:00,21,t2-direct-60103e48d3
2026-02-14 15:00:00,2026-02-14 21:00:00,1,0.18246779230523438,0.0021060046820642886,0.5136117293565378,2026-02-13 23:00:00,22,t1-direct-d7d0b047c9
2026-02-14 15:00:00,2026-02-14 21:00:00,2,0.14256395771536157,0.009533854209445969,0.544099662133906,2026-02-13 23:00:00,22,t2-direct-60103e48d3
2026-02-14 16:00:00,2026-02-14 22:00:00,1,0.15987991311266686,0.003298734585539226,0.4673271664681996,2026-02-13 23:00:00,23,t1-direct-d7d0b047c9
2026-02-14 16:00:00,2026-02-14 22:00:00,2,0.10464161295655776,0.009357510851779743,0.45164393681001613,2026-02-13 23:00:00,23,t2-direct-60103e48d3
2026-02-14 17:00:00,2026-02-14 23:00:00,1,0.09963453664631824,0.005517038827108564,0.3755061334112202,2026-02-13 23:00:00,24,t1-direct-d7d0b047c9
2026-02-14 17:00:00,2026-02-14 23:00:00,2,0.0802433148884608,0.009656876071227727,0.3428489458581511,2026-02-13 23:00:00,24,t2-direct-60103e48d3
2026-02-14 18:00:00,2026-02-15 00:00:00,1,0.011686495711048234,0.0099156749797543,0.13299974265878323,2026-02-14 23:00:00,1,t1-direct-d7d0b047c9
2026-02-14 18:00:00,2026-02-15 00:00:00,2,0.015454738642640702,0.008232832301312184,0.11543576504842237,2026-02-14 23:00:00,1,t2-direct-60103e48d3
2026-02-14 19:00:00,2026-02-15 01:00:00,1,0.009413420398604733,0.009413420398604733,0.11090979931056577,2026-02-14 23:00:00,2,t1-direct-d7d0b047c9
2026-02-14 19:00:00,2026-02-15 01:00:00,2,0.010432533568869163,0.008361035439902081,0.09058430776305151,2026-02-14 23:00:00,2,t2-direct-60103e48d3
2026-02-14 20:00:00,2026-02-15 02:00:00,1,0.011302572210220256,0.009934871154795698,0.11469885907774033,2026-02-14 23:00:00,3,t1-direct-d7d0b047c9
2026-02-14 20:00:00,2026-02-15 02:00:00,2,0.010844730382845988,0.008379360605971066,0.07089820534811075,2026-02-14 23:00:00,3,t2-direct-60103e48d3
2026-02-14 21:00:00,2026-02-15 03:00:00,1,0.008158080148713762,0.008158080148713762,0.09266754429209169,2026-02-14 23:00:00,4,t1-direct-d7d0b047c9
2026-02-14 21:00:00,2026-02-15 03:00:00,2,0.010152898627941664,0.008164981910663074,0.07676949361593079,2026-02-14 23:00:00,4,t2-direct-60103e48d3
2026-02-14 22:00:00,2026-02-15 04:00:00,1,0.017641297488108918,0.009617934890901266,0.14936860590176051,2026-02-14 23:00:00,5,t1-direct-d7d0b047c9
2026-02-14 22:00:00,2026-02-15 04:00:00,2,0.013727614073452346,0.008359248962783183,0.11028956803464932,2026-02-14 23:00:00,5,t2-direct-60103e48d3
2026-02-14 23:00:00,2026-02-15 05:00:00,1,0.034999746033846306,0.008750012463614395,0.17029390490456056,2026-02-14 23:00:00,6,t1-direct-d7d0b047c9
2026-02-14 23:00:00,2026-02-15 05:00:00,2,0.024054160079146836,0.008674725194156352,0.14786522257339252,2026-02-14 23:00:00,6,t2-direct-60103e48d3
2026-02-15 00:00:00,2026-02-15 06:00:00,1,0.03968178020845686,0.008479716493139729,0.4042471347978956,2026-02-14 23:00:00,7,t1-direct-d7d0b047c9
2026-02-15 00:00:00,2026-02-15 06:00:00,2,0.01073224811466103,0.008752865759683844,0.406761718332208,2026-02-14 23:00:00,7,t2-direct-60103e48d3
2026-02-15 01:00:00,2026-02-15 07:00:00,1,0.1430204968277189,0.0034984248292191655,0.5328547699757196,2026-02-14 23:00:00,8,t1-direct-d7d0b047c9
2026-02-15 01:00:00,2026-02-15 07:00:00,2,0.12682058300700105,0.00753847533979668,0.5110542820501474,2026-02-14 23:00:00,8,t2-direct-60103e48d3
2026-02-15 02:00:00,2026-02-15 08:00:00,1,0.2563510956922104,0.008870883328206819,0.8313060438435551,2026-02-14 23:00:00,9,t1-direct-d7d0b047c9
2026-02-15 02:00:00,2026-02-15 08:00:00,2,0.19201599234895653,0.015161040403132736,0.817450704479669,2026-02-14 23:00:00,9,t2-direct-60103e48d3
2026-02-15 03:00:00,2026-02-15 09:00:00,1,0.3961981961249534,0.05340058045163404,0.9636391761982737,2026-02-14 23:00:00,10,t1-direct-d7d0b047c9
2026-02-15 03:00:00,2026-02-15 09:00:00,2,0.3476624501097882,0.06981082588852366,0.9536116036793878,2026-02-14 23:00:00,10,t2-direct-60103e48d3
2026-02-15 04:00:00,2026-02-15 10:00:00,1,0.6207497248072298,0.18919855939210822,0.9986808806952197,2026-02-14 23:00:00,11,t1-direct-d7d0b047c9
2026-02-15 04:00:00,2026-02-15 10:00:00,2,0.5557137512527776,0.1894136957732767,0.9761233740292905,2026-02-14 23:00:00,11,t2-direct-60103e48d3
2026-02-15 05:00:00,2026-02-15 11:00:00,1,0.7629899541387942,0.2936457304200171,0.992881443898456,2026-02-14 23:00:00,12,t1-direct-d7d0b047c9
2026-02-15 05:00:00,2026-02-15 11:00:00,2,0.7762118502912464,0.31765722388263284,0.9745249723690282,2026-02-14 23:00:00,12,t2-direct-60103e48d3
2026-02-15 06:00:00,2026-02-15 12:00:00,1,0.841849840885064,0.3264412264757133,0.9936213983518476,2026-02-14 23:00:00,13,t1-direct-d7d0b047c9
2026-02-15 06:00:00,2026-02-15 12:00:00,2,0.8472481853754749,0.41549795490601366,0.9788750609690666,2026-02-14 23:00:00,13,t2-direct-60103e48d3
2026-02-15 07:00:00,2026-02-15 13:00:00,1,0.8872636330559199,0.35627593565881643,0.9914549260937758,2026-02-14 23:00:00,14,t1-direct-d7d0b047c9
2026-02-15 07:00:00,2026-02-15 13:00:00,2,0.930852285424751,0.615160819119639,0.9697411078630762,2026-02-14 23:00:00,14,t2-direct-60103e48d3
2026-02-15 08:00:00,2026-02-15 14:00:00,1,0.9029404602966099,0.3760093895251001,0.9917169619495059,2026-02-14 23:00:00,15,t1-direct-d7d0b047c9
2026-02-15 08:00:00,2026-02-15 14:00:00,2,0.9296802531985848,0.5752944731038407,0.9739575087535849,2026-02-14 23:00:00,15,t2-direct-60103e48d3
2026-02-15 09:00:00,2026-02-15 15:00:00,1,0.8987069657306886,0.34666185436374297,0.9925576758624735,2026-02-14 23:00:00,16,t1-direct-d7d0b047c9
2026-02-15 09:00:00,2026-02-15 15:00:00,2,0.9277525842933557,0.5354214328126123,0.9702443123039973,2026-02-14 23:00:00,16,t2-direct-60103e48d3
2026-02-15 10:00:00,2026-02-15 16:00:00,1,0.8629713551381887,0.3086700126404873,0.9975671804223847,2026-02-14 23:00:00,17,t1-direct-d7d0b047c9
2026-02-15 10:00:00,2026-02-15 16:00:00,2,0.909906935230226,0.37048233754045146,0.9716861486854248,2026-02-14 23:00:00,17,t2-direct-60103e48d3
2026-02-15 11:00:00,2026-02-15 17:00:00,1,0.9502720763088224,0.30180339619486407,0.9903933785676552,2026-02-14 23:00:00,18,t1-direct-d7d0b047c9
2026-02-15 11:00:00,2026-02-15 17:00:00,2,0.9341826514645424,0.3601422003608068,0.9737451546088689,2026-02-14 23:00:00,18,t2-direct-60103e48d3
2026-02-15 12:00:00,2026-02-15 18:00:00,1,0.957578345842347,0.30143808271818784,0.9914304564478944,2026-02-14 23:00:00,19,t1-direct-d7d0b047c9
2026-02-15 12:00:00,2026-02-15 18:00:00,2,0.9090002242925186,0.33249786395965564,0.977587650065677,2026-02-14 23:00:00,19,t2-direct-60103e48d3
2026-02-15 13:00:00,2026-02-15 19:00:00,1,0.9534575672983024,0.3427532440510541,0.9931693068646165,2026-02-14 23:00:00,20,t1-direct-d7d0b047c9
2026-02-15 13:00:00,2026-02-15 19:00:00,2,0.8866548832743094,0.4304343807232676,0.9816417373131567,2026-02-14 23:00:00,20,t2-direct-60103e48d3
2026-02-15 14:00:00,2026-02-15 20:00:00,1,0.9680029364506347,0.3585122866407239,0.9933469192272838,2026-02-14 23:00:00,21,t1-direct-d7d0b047c9
2026-02-15 14:00:00,2026-02-15 20:00:00,2,0.9210996357464908,0.4534567106215325,0.9819838786403189,2026-02-14 23:00:00,21,t2-direct-60103e48d3
2026-02-15 15:00:00,2026-02-15 21:00:00,1,0.9687563975587425,0.35308261441990674,0.996763614916724,2026-02-14 23:00:00,22,t1-direct-d7d0b047c9
2026-02-15 15:00:00,2026-02-15 21:00:00,2,0.9076007234163361,0.4160791784536256,0.9859728226111782,2026-02-14 23:00:00,22,t2-direct-60103e48d3
2026-02-15 16:00:00,2026-02-15 22:00:00,1,0.9641239752753813,0.29493510641419307,0.9975955593950375,2026-02-14 23:00:00,23,t1-direct-d7d0b047c9
2026-02-15 16:00:00,2026-02-15 22:00:00,2,0.9065052189582928,0.381475939439213,0.9835890637242797,2026-02-14 23:00:00,23,t2-direct-60103e48d3
2026-02-15 17:00:00,2026-02-15 23:00:00,1,0.8218609703889349,0.22098818443556112,1.0,2026-02-14 23:00:00,24,t1-direct-d7d0b047c9
2026-02-15 17:00:00,2026-02-15 23:00:00,2,0.6440454720806882,0.2213918465472548,0.991854602370213,2026-02-14 23:00:00,24,t2-direct-60103e48d3
2026-02-15 18:00:00,2026-02-16 00:00:00,1,0.6494919650299918,0.111054108514,0.9127289584039275,2026-02-15 23:00:00,1,t1-direct-d7d0b047c9
2026-02-15 18:00:00,2026-02-16 00:00:00,2,0.5474110968720574,0.10079271538165768,0.9468815165859987,2026-02-15 23:00:00,1,t2-direct-60103e48d3
2026-02-15 19:00:00,2026-02-16 01:00:00,1,0.604153342212713,0.08453374294887739,0.9402173406209897,2026-02-15 23:00:00,2,t1-direct-d7d0b047c9
2026-02-15 19:00:00,2026-02-16 01:00:00,2,0.5493266005825764,0.072100950828977,0.9470555556133327,2026-02-15 23:00:00,2,t2-direct-60103e48d3
2026-02-15 20:00:00,2026-02-16 02:00:00,1,0.6297531789075199,0.110692433649338,0.9715384762141708,2026-02-15 23:00:00,3,t1-direct-d7d0b047c9
2026-02-15 20:00:00,2026-02-16 02:00:00,2,0.5547318743721424,0.11686652824957006,0.9817542543049785,2026-02-15 23:00:00,3,t2-direct-60103e48d3
2026-02-15 21:00:00,2026-02-16 03:00:00,1,0.6711279030592444,0.14314989297180758,0.9734788343240429,2026-02-15 23:00:00,4,t1-direct-d7d0b047c9
2026-02-15 21:00:00,2026-02-16 03:00:00,2,0.5681406287453702,0.1246469250985065,0.9767937699659353,2026-02-15 23:00:00,4,t2-direct-60103e48d3
2026-02-15 22:00:00,2026-02-16 04:00:00,1,0.641791383163928,0.14855187419571586,0.979576628366781,2026-02-15 23:00:00,5,t1-direct-d7d0b047c9
2026-02-15 22:00:00,2026-02-16 04:00:00,2,0.5018397221174473,0.10876615746347273,0.9817530862387673,2026-02-15 23:00:00,5,t2-direct-60103e48d3
2026-02-15 23:00:00,2026-02-16 05:00:00,1,0.6712903570055923,0.1415140750836733,0.9811243248744708,2026-02-15 23:00:00,6,t1-direct-d7d0b047c9
2026-02-15 23:00:00,2026-02-16 05:00:00,2,0.5367524018461259,0.10765405038146941,0.9836725057563015,2026-02-15 23:00:00,6,t2-direct-60103e48d3
2026-02-16 00:00:00,2026-02-16 06:00:00,1,0.6904613201386176,0.19896781086444126,0.9864897777425822,2026-02-15 23:00:00,7,t1-direct-d7d0b047c9
2026-02-16 00:00:00,2026-02-16 06:00:00,2,0.6212253414313781,0.14692617300933503,0.9772866880559775,2026-02-15 23:00:00,7,t2-direct-60103e48d3
2026-02-16 01:00:00,2026-02-16 07:00:00,1,0.6464097715046094,0.2070341163641814,0.991081372575656,2026-02-15 23:00:00,8,t1-direct-d7d0b047c9
2026-02-16 01:00:00,2026-02-16 07:00:00,2,0.5778939064403585,0.14651456531850904,0.9845978096151953,2026-02-15 23:00:00,8,t2-direct-60103e48d3
2026-02-16 02:00:00,2026-02-16 08:00:00,1,0.6750353152309138,0.11894217345674174,0.967313305478512,2026-02-15 23:00:00,9,t1-direct-d7d0b047c9
2026-02-16 02:00:00,2026-02-16 08:00:00,2,0.6517233129646928,0.11681365058940363,0.9752727081483161,2026-02-15 23:00:00,9,t2-direct-60103e48d3
2026-02-16 03:00:00,2026-02-16 09:00:00,1,0.6881200669681622,0.10008530942153238,0.9879099847690794,2026-02-15 23:00:00,10,t1-direct-d7d0b047c9
2026-02-16 03:00:00,2026-02-16 09:00:00,2,0.6787770201064884,0.13106379817858316,0.9846374843644837,2026-02-15 23:00:00,10,t2-direct-60103e48d3
2026-02-16 04:00:00,2026-02-16 10:00:00,1,0.5914272031955619,0.06260689537270048,0.9542013579965208,2026-02-15 23:00:00,11,t1-direct-d7d0b047c9
2026-02-16 04:00:00,2026-02-16 10:00:00,2,0.6163581771874926,0.09208625012511062,0.9403747700104781,2026-02-15 23:00:00,11,t2-direct-60103e48d3
2026-02-16 05:00:00,2026-02-16 11:00:00,1,0.6055599405647323,0.08828104224108924,0.9593466982941533,2026-02-15 23:00:00,12,t1-direct-d7d0b047c9
2026-02-16 05:00:00,2026-02-16 11:00:00,2,0.6979717468272894,0.11302077448452186,0.9647823225260552,2026-02-15 23:00:00,12,t2-direct-60103e48d3
2026-02-16 06:00:00,2026-02-16 12:00:00,1,0.5714264367522971,0.05428776711286509,0.9266067552280255,2026-02-15 23:00:00,13,t1-direct-d7d0b047c9
2026-02-16 06:00:00,2026-02-16 12:00:00,2,0.6048648377452954,0.10899884172349578,0.934299176356505,2026-02-15 23:00:00,13,t2-direct-60103e48d3
2026-02-16 07:00:00,2026-02-16 13:00:00,1,0.5476771458312251,0.05193074563360339,0.8833847992258108,2026-02-15 23:00:00,14,t1-direct-d7d0b047c9
2026-02-16 07:00:00,2026-02-16 13:00:00,2,0.5629465396187242,0.09406362475909646,0.8899787719653127,2026-02-15 23:00:00,14,t2-direct-60103e48d3
2026-02-16 08:00:00,2026-02-16 14:00:00,1,0.49353112716402187,0.03362496883263277,0.8735065183866506,2026-02-15 23:00:00,15,t1-direct-d7d0b047c9
2026-02-16 08:00:00,2026-02-16 14:00:00,2,0.543532491331244,0.06329047869152621,0.8887819051722475,2026-02-15 23:00:00,15,t2-direct-60103e48d3
2026-02-16 09:00:00,2026-02-16 15:00:00,1,0.5017585788969565,0.05165834058994284,0.9080107436780798,2026-02-15 23:00:00,16,t1-direct-d7d0b047c9
2026-02-16 09:00:00,2026-02-16 15:00:00,2,0.5723009497859346,0.06145996588480651,0.8914188555911389,2026-02-15 23:00:00,16,t2-direct-60103e48d3
2026-02-16 10:00:00,2026-02-16 16:00:00,1,0.6541645633059369,0.06158204162460734,0.970020537700423,2026-02-15 23:00:00,17,t1-direct-d7d0b047c9
2026-02-16 10:00:00,2026-02-16 16:00:00,2,0.7084670055849337,0.11395697517491121,0.9742473268952203,2026-02-15 23:00:00,17,t2-direct-60103e48d3
2026-02-16 11:00:00,2026-02-16 17:00:00,1,0.7590327813286148,0.21847829515000905,1.0,2026-02-15 23:00:00,18,t1-direct-d7d0b047c9
2026-02-16 11:00:00,2026-02-16 17:00:00,2,0.6760591544069177,0.13673668084167945,0.9822862893183675,2026-02-15 23:00:00,18,t2-direct-60103e48d3
2026-02-16 12:00:00,2026-02-16 18:00:00,1,0.6639909308497106,0.21018122460219507,1.0,2026-02-15 23:00:00,19,t1-direct-d7d0b047c9
2026-02-16 12:00:00,2026-02-16 18:00:00,2,0.6190087039894583,0.18198168138138204,0.9887453596164951,2026-02-15 23:00:00,19,t2-direct-60103e48d3
2026-02-16 13:00:00,2026-02-16 19:00:00,1,0.606662104683812,0.2025509102862637,0.9845814596273019,2026-02-15 23:00:00,20,t1-direct-d7d0b047c9
2026-02-16 13:00:00,2026-02-16 19:00:00,2,0.5375256347391296,0.12408914353629336,0.9807854841593786,2026-02-15 23:00:00,20,t2-direct-60103e48d3
2026-02-16 14:00:00,2026-02-16 20:00:00,1,0.6640755476204017,0.1895751874515464,0.991890597308444,2026-02-15 23:00:00,21,t1-direct-d7d0b047c9
2026-02-16 14:00:00,2026-02-16 20:00:00,2,0.5646185355392752,0.07346545881525951,0.9777838031654892,2026-02-15 23:00:00,21,t2-direct-60103e48d3
2026-02-16 15:00:00,2026-02-16 21:00:00,1,0.6745575823001416,0.24564503618325706,1.0,2026-02-15 23:00:00,22,t1-direct-d7d0b047c9
2026-02-16 15:00:00,2026-02-16 21:00:00,2,0.5748197862634676,0.08737658577665924,0.9801250621363589,2026-02-15 23:00:00,22,t2-direct-60103e48d3
2026-02-16 16:00:00,2026-02-16 22:00:00,1,0.6740241202199458,0.21310353894461637,0.9942642390294671,2026-02-15 23:00:00,23,t1-direct-d7d0b047c9
2026-02-16 16:00:00,2026-02-16 22:00:00,2,0.5594632560722417,0.10074943162983485,0.9778183288106475,2026-02-15 23:00:00,23,t2-direct-60103e48d3
2026-02-16 17:00:00,2026-02-16 23:00:00,1,0.5781652954455921,0.20996483211638972,1.0,2026-02-15 23:00:00,24,t1-direct-d7d0b047c9
2026-02-16 17:00:00,2026-02-16 23:00:00,2,0.5128687568626967,0.09906875222840478,0.9829015219922074,2026-02-15 23:00:00,24,t2-direct-60103e48d3
2026-02-16 18:00:00,2026-02-17 00:00:00,1,0.4334293591193212,0.11525396248373443,0.9101099626777416,2026-02-16 23:00:00,1,t1-direct-d7d0b047c9
2026-02-16 18:00:00,2026-02-17 00:00:00,2,0.4143442020942174,0.06481454667836312,0.8860526502523092,2026-02-16 23:00:00,1,t2-direct-60103e48d3
2026-02-16 19:00:00,2026-02-17 01:00:00,1,0.4729720083568491,0.13498757881111362,0.9361539053319485,2026-02-16 23:00:00,2,t1-direct-d7d0b047c9
2026-02-16 19:00:00,2026-02-17 01:00:00,2,0.4891450857769264,0.07296512472094707,0.904358607372672,2026-02-16 23:00:00,2,t2-direct-60103e48d3
2026-02-16 20:00:00,2026-02-17 02:00:00,1,0.5215134885300874,0.16535392029191687,0.9596692201568029,2026-02-16 23:00:00,3,t1-direct-d7d0b047c9
2026-02-16 20:00:00,2026-02-17 02:00:00,2,0.5013227230398911,0.0797678903771889,0.9158219111392596,2026-02-16 23:00:00,3,t2-direct-60103e48d3
2026-02-16 21:00:00,2026-02-17 03:00:00,1,0.5665658023073217,0.17982360887836474,0.9543879300201282,2026-02-16 23:00:00,4,t1-direct-d7d0b047c9
2026-02-16 21:00:00,2026-02-17 03:00:00,2,0.5243681845940886,0.08324248452579136,0.9225722588309928,2026-02-16 23:00:00,4,t2-direct-60103e48d3
2026-02-16 22:00:00,2026-02-17 04:00:00,1,0.4956831421945807,0.10017297377229845,0.9456819223394859,2026-02-16 23:00:00,5,t1-direct-d7d0b047c9
2026-02-16 22:00:00,2026-02-17 04:00:00,2,0.5002411707986251,0.09358517007805467,0.9369451305529662,2026-02-16 23:00:00,5,t2-direct-60103e48d3
2026-02-16 23:00:00,2026-02-17 05:00:00,1,0.3296163132423753,0.024795640730241653,0.8137188076424684,2026-02-16 23:00:00,6,t1-direct-d7d0b047c9
2026-02-16 23:00:00,2026-02-17 05:00:00,2,0.32353522831500714,0.03779632394067911,0.7996346533010088,2026-02-16 23:00:00,6,t2-direct-60103e48d3
2026-02-17 00:00:00,2026-02-17 06:00:00,1,0.15253598928917708,0.005130096730452893,0.6885034082408306,2026-02-16 23:00:00,7,t1-direct-d7d0b047c9
2026-02-17 00:00:00,2026-02-17 06:00:00,2,0.14553658706043376,0.006550278108084701,0.6631434077402711,2026-02-16 23:00:00,7,t2-direct-60103e48d3
2026-02-17 01:00:00,2026-02-17 07:00:00,1,0.1571699460269407,0.002573589917812008,0.5002292810349521,2026-02-16 23:00:00,8,t1-direct-d7d0b047c9
2026-02-17 01:00:00,2026-02-17 07:00:00,2,0.1250812184579888,0.004760390472225345,0.5181638093140136,2026-02-16 23:00:00,8,t2-direct-60103e48d3
2026-02-17 02:00:00,2026-02-17 08:00:00,1,0.15083898454098005,0.0030087324131314874,0.5158829795863145,2026-02-16 23:00:00,9,t1-direct-d7d0b047c9
2026-02-17 02:00:00,2026-02-17 08:00:00,2,0.1406791730750943,0.004019452819396058,0.5289828214288586,2026-02-16 23:00:00,9,t2-direct-60103e48d3
2026-02-17 03:00:00,2026-02-17 09:00:00,1,0.16951165889662553,0.0026783617934931225,0.5737027623340981,2026-02-16 23:00:00,10,t1-direct-d7d0b047c9
2026-02-17 03:00:00,2026-02-17 09:00:00,2,0.1627577852539308,0.0050912396607102894,0.5889901605969338,2026-02-16 23:00:00,10,t2-direct-60103e48d3
2026-02-17 04:00:00,2026-02-17 10:00:00,1,0.1694238817928578,0.0023012355025439635,0.6501667511951456,2026-02-16 23:00:00,11,t1-direct-d7d0b047c9
2026-02-17 04:00:00,2026-02-17 10:00:00,2,0.17069475172089735,0.004241341783121355,0.6525811313517044,2026-02-16 23:00:00,11,t2-direct-60103e48d3
2026-02-17 05:00:00,2026-02-17 11:00:00,1,0.15335236678879263,0.002994795585257115,0.5677648031092225,2026-02-16 23:00:00,12,t1-direct-d7d0b047c9
2026-02-17 05:00:00,2026-02-17 11:00:00,2,0.15435140621216292,0.00449508842735169,0.5790251476138728,2026-02-16 23:00:00,12,t2-direct-60103e48d3
2026-02-17 06:00:00,2026-02-17 12:00:00,1,0.23094266603571278,0.0,0.6510628056380279,2026-02-16 23:00:00,13,t1-direct-d7d0b047c9
2026-02-17 06:00:00,2026-02-17 12:00:00,2,0.2216798664577942,0.012255950788659764,0.673635391521384,2026-02-16 23:00:00,13,t2-direct-60103e48d3
2026-02-17 07:00:00,2026-02-17 13:00:00,1,0.23577717421811356,0.004024555489994586,0.6621403188080706,2026-02-16 23:00:00,14,t1-direct-d7d0b047c9
2026-02-17 07:00:00,2026-02-17 13:00:00,2,0.22475913676074408,0.0362666577397589,0.7145014312454261,2026-02-16 23:00:00,14,t2-direct-60103e48d3
2026-02-17 08:00:00,2026-02-17 14:00:00,1,0.30284884968475473,7.01558936593294e-05,0.7461836584603097,2026-02-16 23:00:00,15,t1-direct-d7d0b047c9
2026-02-17 08:00:00,2026-02-17 14:00:00,2,0.31627410628346786,0.06187915836016361,0.7502617488140579,2026-02-16 23:00:00,15,t2-direct-60103e48d3
2026-02-17 09:00:00,2026-02-17 15:00:00,1,0.3005078083958699,0.00010646488941279397,0.779010750951932,2026-02-16 23:00:00,16,t1-direct-d7d0b047c9
2026-02-17 09:00:00,2026-02-17 15:00:00,2,0.3117039750939891,0.062524059231639,0.8271636370643605,2026-02-16 23:00:00,16,t2-direct-60103e48d3
2026-02-17 10:00:00,2026-02-17 16:00:00,1,0.34600063569055406,2.239156273975418e-05,0.813272801610712,2026-02-16 23:00:00,17,t1-direct-d7d0b047c9
2026-02-17 10:00:00,2026-02-17 16:00:00,2,0.3529872729695512,0.07525963630261434,0.8744466195574645,2026-02-16 23:00:00,17,t2-direct-60103e48d3
2026-02-17 11:00:00,2026-02-17 17:00:00,1,0.4597694411804975,0.013702902329932043,0.9454333562852391,2026-02-16 23:00:00,18,t1-direct-d7d0b047c9
2026-02-17 11:00:00,2026-02-17 17:00:00,2,0.4640494822614353,0.13243104890400914,0.9264137820872963,2026-02-16 23:00:00,18,t2-direct-60103e48d3
2026-02-17 12:00:00,2026-02-17 18:00:00,1,0.6097627891221007,0.03739227516938104,0.9920283721345252,2026-02-16 23:00:00,19,t1-direct-d7d0b047c9
2026-02-17 12:00:00,2026-02-17 18:00:00,2,0.6333296447290916,0.08287702170105049,1.0,2026-02-16 23:00:00,19,t2-direct-60103e48d3
2026-02-17 13:00:00,2026-02-17 19:00:00,1,0.6930072695862327,0.10016374037621112,1.0,2026-02-16 23:00:00,20,t1-direct-d7d0b047c9
2026-02-17 13:00:00,2026-02-17 19:00:00,2,0.6963427192123042,0.14077676807940842,0.9938888554789684,2026-02-16 23:00:00,20,t2-direct-60103e48d3
2026-02-17 14:00:00,2026-02-17 20:00:00,1,0.6902554808214887,0.15717335488663742,1.0,2026-02-16 23:00:00,21,t1-direct-d7d0b047c9
2026-02-17 14:00:00,2026-02-17 20:00:00,2,0.6077510847462598,0.1733347127132715,0.9794410341768143,2026-02-16 23:00:00,21,t2-direct-60103e48d3
2026-02-17 15:00:00,2026-02-17 21:00:00,1,0.6748894976307827,0.21539493086564027,1.0,2026-02-16 23:00:00,22,t1-direct-d7d0b047c9
2026-02-17 15:00:00,2026-02-17 21:00:00,2,0.6257588979826668,0.26667440549368393,0.9915127532155907,2026-02-16 23:00:00,22,t2-direct-60103e48d3
2026-02-17 16:00:00,2026-02-17 22:00:00,1,0.7085906007576533,0.25664906692038486,1.0,2026-02-16 23:00:00,23,t1-direct-d7d0b047c9
2026-02-17 16:00:00,2026-02-17 22:00:00,2,0.5610799668651181,0.2402896300392378,0.991139395913289,2026-02-16 23:00:00,23,t2-direct-60103e48d3
2026-02-17 17:00:00,2026-02-17 23:00:00,1,0.7496393148907957,0.2614846709203124,1.0,2026-02-16 23:00:00,24,t1-direct-d7d0b047c9
2026-02-17 17:00:00,2026-02-17 23:00:00,2,0.6364970053138853,0.33000069925794967,0.9940209281373545,2026-02-16 23:00:00,24,t2-direct-60103e48d3
2026-02-17 18:00:00,2026-02-18 00:00:00,1,0.7715132214164,0.25810637970658623,0.9828952201895097,2026-02-17 23:00:00,1,t1-direct-d7d0b047c9
2026-02-17 18:00:00,2026-02-18 00:00:00,2,0.6090454682748937,0.2562506098137736,0.9816326874627361,2026-02-17 23:00:00,1,t2-direct-60103e48d3
2026-02-17 19:00:00,2026-02-18 01:00:00,1,0.700287643620116,0.2664369989296612,0.9961016923582061,2026-02-17 23:00:00,2,t1-direct-d7d0b047c9
2026-02-17 19:00:00,2026-02-18 01:00:00,2,0.6267543482704909,0.2996263183838856,0.984619850159819,2026-02-17 23:00:00,2,t2-direct-60103e48d3
2026-02-17 20:00:00,2026-02-18 02:00:00,1,0.7002653756561285,0.22626436613379008,0.9904426857637386,2026-02-17 23:00:00,3,t1-direct-d7d0b047c9
2026-02-17 20:00:00,2026-02-18 02:00:00,2,0.6555500689968548,0.255651841568097,0.9897812044058389,2026-02-17 23:00:00,3,t2-direct-60103e48d3
2026-02-17 21:00:00,2026-02-18 03:00:00,1,0.7340986344699396,0.24015222052372742,0.9887182091321443,2026-02-17 23:00:00,4,t1-direct-d7d0b047c9
2026-02-17 21:00:00,2026-02-18 03:00:00,2,0.5910007917758328,0.22252499128978687,0.9765557252390993,2026-02-17 23:00:00,4,t2-direct-60103e48d3
2026-02-17 22:00:00,2026-02-18 04:00:00,1,0.7604781618101784,0.2544246084332986,0.9838283140664253,2026-02-17 23:00:00,5,t1-direct-d7d0b047c9
2026-02-17 22:00:00,2026-02-18 04:00:00,2,0.5888432454877197,0.24787354612883067,0.9769341573615227,2026-02-17 23:00:00,5,t2-direct-60103e48d3
2026-02-17 23:00:00,2026-02-18 05:00:00,1,0.7690278542578008,0.25542194626000314,0.9875322066022664,2026-02-17 23:00:00,6,t1-direct-d7d0b047c9
2026-02-17 23:00:00,2026-02-18 05:00:00,2,0.6267573214751131,0.3045053342995184,0.979129245649698,2026-02-17 23:00:00,6,t2-direct-60103e48d3
2026-02-18 00:00:00,2026-02-18 06:00:00,1,0.7476456610805572,0.22651898924822422,0.9940516101851486,2026-02-17 23:00:00,7,t1-direct-d7d0b047c9
2026-02-18 00:00:00,2026-02-18 06:00:00,2,0.5875988240975832,0.24451622443833532,0.9815915129561668,2026-02-17 23:00:00,7,t2-direct-60103e48d3
2026-02-18 01:00:00,2026-02-18 07:00:00,1,0.8745585197677137,0.3222415433757708,0.9893866452978393,2026-02-17 23:00:00,8,t1-direct-d7d0b047c9
2026-02-18 01:00:00,2026-02-18 07:00:00,2,0.7478240297610268,0.44105711671124864,0.9774669439810639,2026-02-17 23:00:00,8,t2-direct-60103e48d3
2026-02-18 02:00:00,2026-02-18 08:00:00,1,0.8982921185635495,0.3647314445908978,0.9886551899242064,2026-02-17 23:00:00,9,t1-direct-d7d0b047c9
2026-02-18 02:00:00,2026-02-18 08:00:00,2,0.8101117514717366,0.5197117960065512,0.975416238798997,2026-02-17 23:00:00,9,t2-direct-60103e48d3
2026-02-18 03:00:00,2026-02-18 09:00:00,1,0.9450325220803489,0.40319548121329285,0.9896254273531045,2026-02-17 23:00:00,10,t1-direct-d7d0b047c9
2026-02-18 03:00:00,2026-02-18 09:00:00,2,0.9209501577312934,0.5682567613326275,0.9757989458774439,2026-02-17 23:00:00,10,t2-direct-60103e48d3
2026-02-18 04:00:00,2026-02-18 10:00:00,1,0.8868551682332556,0.3908542198108817,0.9916119951110637,2026-02-17 23:00:00,11,t1-direct-d7d0b047c9
2026-02-18 04:00:00,2026-02-18 10:00:00,2,0.9093530712872302,0.548067378248965,0.9711436485320544,2026-02-17 23:00:00,11,t2-direct-60103e48d3
2026-02-18 05:00:00,2026-02-18 11:00:00,1,0.877224209443339,0.4018127986125457,0.9926567686723058,2026-02-17 23:00:00,12,t1-direct-d7d0b047c9
2026-02-18 05:00:00,2026-02-18 11:00:00,2,0.9227981404002802,0.5929496806771548,0.9725574142040955,2026-02-17 23:00:00,12,t2-direct-60103e48d3
2026-02-18 06:00:00,2026-02-18 12:00:00,1,0.956615378338269,0.4288773590289948,0.989930582149275,2026-02-17 23:00:00,13,t1-direct-d7d0b047c9
2026-02-18 06:00:00,2026-02-18 12:00:00,2,0.958820788189693,0.7207184056497649,0.9758724153357003,2026-02-17 23:00:00,13,t2-direct-60103e48d3
2026-02-18 07:00:00,2026-02-18 13:00:00,1,0.9718573739195154,0.4212825704063923,0.9894008965403959,2026-02-17 23:00:00,14,t1-direct-d7d0b047c9
2026-02-18 07:00:00,2026-02-18 13:00:00,2,0.9650974335518651,0.7084351364584637,0.9739243656788169,2026-02-17 23:00:00,14,t2-direct-60103e48d3
2026-02-18 08:00:00,2026-02-18 14:00:00,1,0.9846328807665118,0.4115562026746096,0.990221411911228,2026-02-17 23:00:00,15,t1-direct-d7d0b047c9
2026-02-18 08:00:00,2026-02-18 14:00:00,2,0.9654855662833107,0.8084962957710952,0.9759322766608926,2026-02-17 23:00:00,15,t2-direct-60103e48d3
2026-02-18 09:00:00,2026-02-18 15:00:00,1,0.9829042791696896,0.41164263275445057,0.9903072194179228,2026-02-17 23:00:00,16,t1-direct-d7d0b047c9
2026-02-18 09:00:00,2026-02-18 15:00:00,2,0.9608915028694682,0.7573169359888563,0.9756212148670163,2026-02-17 23:00:00,16,t2-direct-60103e48d3
2026-02-18 10:00:00,2026-02-18 16:00:00,1,0.9596665132472465,0.41280452105057286,0.9913016636468933,2026-02-17 23:00:00,17,t1-direct-d7d0b047c9
2026-02-18 10:00:00,2026-02-18 16:00:00,2,0.9411226346478878,0.6935014374851642,0.9735680279538741,2026-02-17 23:00:00,17,t2-direct-60103e48d3
2026-02-18 11:00:00,2026-02-18 17:00:00,1,0.9044691389728644,0.35595938653748804,0.9916205656036519,2026-02-17 23:00:00,18,t1-direct-d7d0b047c9
2026-02-18 11:00:00,2026-02-18 17:00:00,2,0.8868866745280808,0.5250147988831662,0.9750747609661208,2026-02-17 23:00:00,18,t2-direct-60103e48d3
2026-02-18 12:00:00,2026-02-18 18:00:00,1,0.7977688276594591,0.24351706370539883,0.994448116489618,2026-02-17 23:00:00,19,t1-direct-d7d0b047c9
2026-02-18 12:00:00,2026-02-18 18:00:00,2,0.8128949947719807,0.26170781492817674,0.9768849364789272,2026-02-17 23:00:00,19,t2-direct-60103e48d3
2026-02-18 13:00:00,2026-02-18 19:00:00,1,0.8203272651414729,0.23781297548542335,1.0,2026-02-17 23:00:00,20,t1-direct-d7d0b047c9
2026-02-18 13:00:00,2026-02-18 19:00:00,2,0.6182790803758007,0.2673739253314497,0.9852221287233411,2026-02-17 23:00:00,20,t2-direct-60103e48d3
2026-02-18 14:00:00,2026-02-18 20:00:00,1,0.8853426966752593,0.26911569691746073,1.0,2026-02-17 23:00:00,21,t1-direct-d7d0b047c9
2026-02-18 14:00:00,2026-02-18 20:00:00,2,0.7534251520792732,0.3019550413601203,0.9810813838836645,2026-02-17 23:00:00,21,t2-direct-60103e48d3
2026-02-18 15:00:00,2026-02-18 21:00:00,1,0.8684401632327854,0.26719356410740314,0.999335117747483,2026-02-17 23:00:00,22,t1-direct-d7d0b047c9
2026-02-18 15:00:00,2026-02-18 21:00:00,2,0.6926275439202567,0.3071638272135284,0.9884125443606269,2026-02-17 23:00:00,22,t2-direct-60103e48d3
2026-02-18 16:00:00,2026-02-18 22:00:00,1,0.8433823046063764,0.24055600456127924,0.9957364694039774,2026-02-17 23:00:00,23,t1-direct-d7d0b047c9
2026-02-18 16:00:00,2026-02-18 22:00:00,2,0.6500512876932671,0.27721366354835997,0.9808641826706537,2026-02-17 23:00:00,23,t2-direct-60103e48d3
2026-02-18 17:00:00,2026-02-18 23:00:00,1,0.7523427816567498,0.20006633846716348,0.9992940503235272,2026-02-17 23:00:00,24,t1-direct-d7d0b047c9
2026-02-18 17:00:00,2026-02-18 23:00:00,2,0.5616617757844578,0.2069580339281209,0.9872899919639808,2026-02-17 23:00:00,24,t2-direct-60103e48d3
2026-02-18 18:00:00,2026-02-19 00:00:00,1,0.7755010060271381,0.20127591197810035,0.9799223540804862,2026-02-18 23:00:00,1,t1-direct-d7d0b047c9
2026-02-18 18:00:00,2026-02-19 00:00:00,2,0.6393793997488552,0.17929021715264326,0.970728734374484,2026-02-18 23:00:00,1,t2-direct-60103e48d3
2026-02-18 19:00:00,2026-02-19 01:00:00,1,0.7166739708677534,0.20095998862739006,0.9846384958772233,2026-02-18 23:00:00,2,t1-direct-d7d0b047c9
2026-02-18 19:00:00,2026-02-19 01:00:00,2,0.5552670976421832,0.1484011027651651,0.9849052562707118,2026-02-18 23:00:00,2,t2-direct-60103e48d3
2026-02-18 20:00:00,2026-02-19 02:00:00,1,0.7051754428471781,0.19969530641762978,0.9860424414220096,2026-02-18 23:00:00,3,t1-direct-d7d0b047c9
2026-02-18 20:00:00,2026-02-19 02:00:00,2,0.557505607544751,0.1597227548733992,0.969326294203662,2026-02-18 23:00:00,3,t2-direct-60103e48d3
2026-02-18 21:00:00,2026-02-19 03:00:00,1,0.7340529558412893,0.19724080722511206,0.958668605147274,2026-02-18 23:00:00,4,t1-direct-d7d0b047c9
2026-02-18 21:00:00,2026-02-19 03:00:00,2,0.6100175753482864,0.1540582390147704,0.9613496628689775,2026-02-18 23:00:00,4,t2-direct-60103e48d3
2026-02-18 22:00:00,2026-02-19 04:00:00,1,0.7157575115514635,0.17758149437710335,0.9543576252639869,2026-02-18 23:00:00,5,t1-direct-d7d0b047c9
2026-02-18 22:00:00,2026-02-19 04:00:00,2,0.6066455739752187,0.14135257390184214,0.9585384110683193,2026-02-18 23:00:00,5,t2-direct-60103e48d3
2026-02-18 23:00:00,2026-02-19 05:00:00,1,0.5821720386679036,0.1343342852328543,0.9409248875962043,2026-02-18 23:00:00,6,t1-direct-d7d0b047c9
2026-02-18 23:00:00,2026-02-19 05:00:00,2,0.5915815310828095,0.103057839877788,0.9580367076804823,2026-02-18 23:00:00,6,t2-direct-60103e48d3
2026-02-19 00:00:00,2026-02-19 06:00:00,1,0.5909824771576065,0.049979902551547495,0.8756203100748534,2026-02-18 23:00:00,7,t1-direct-d7d0b047c9
2026-02-19 00:00:00,2026-02-19 06:00:00,2,0.5460254835768225,0.0665263291539882,0.8831069213292331,2026-02-18 23:00:00,7,t2-direct-60103e48d3
2026-02-19 01:00:00,2026-02-19 07:00:00,1,0.388113189550791,0.04768249881687503,0.838090062816992,2026-02-18 23:00:00,8,t1-direct-d7d0b047c9
2026-02-19 01:00:00,2026-02-19 07:00:00,2,0.3975886650376683,0.04348061939902842,0.8434164867302603,2026-02-18 23:00:00,8,t2-direct-60103e48d3
2026-02-19 02:00:00,2026-02-19 08:00:00,1,0.3774632164800816,0.03344805364188991,0.8361788228064677,2026-02-18 23:00:00,9,t1-direct-d7d0b047c9
2026-02-19 02:00:00,2026-02-19 08:00:00,2,0.36773335170991694,0.040200555559265105,0.8657516612516871,2026-02-18 23:00:00,9,t2-direct-60103e48d3
2026-02-19 03:00:00,2026-02-19 09:00:00,1,0.36977804309367746,0.01143237779377737,0.8016202121406362,2026-02-18 23:00:00,10,t1-direct-d7d0b047c9
2026-02-19 03:00:00,2026-02-19 09:00:00,2,0.30104165926090376,0.014614266437346146,0.7920295414968549,2026-02-18 23:00:00,10,t2-direct-60103e48d3
2026-02-19 04:00:00,2026-02-19 10:00:00,1,0.33200024188219524,0.01587475496708618,0.8205585638053221,2026-02-18 23:00:00,11,t1-direct-d7d0b047c9
2026-02-19 04:00:00,2026-02-19 10:00:00,2,0.26328553285824574,0.02047235900663527,0.8267283470635214,2026-02-18 23:00:00,11,t2-direct-60103e48d3
2026-02-19 05:00:00,2026-02-19 11:00:00,1,0.37927461974258286,0.025269394694690195,0.8641026568985067,2026-02-18 23:00:00,12,t1-direct-d7d0b047c9
2026-02-19 05:00:00,2026-02-19 11:00:00,2,0.34574764382508333,0.01864556664734418,0.8872338742820269,2026-02-18 23:00:00,12,t2-direct-60103e48d3
2026-02-19 06:00:00,2026-02-19 12:00:00,1,0.43243373692351106,0.026255796527053232,0.863138041008699,2026-02-18 23:00:00,13,t1-direct-d7d0b047c9
2026-02-19 06:00:00,2026-02-19 12:00:00,2,0.47448544756127575,0.03977973562252379,0.9336758753871165,2026-02-18 23:00:00,13,t2-direct-60103e48d3
2026-02-19 07:00:00,2026-02-19 13:00:00,1,0.29751863487550695,0.006049125602829275,0.8362124219016553,2026-02-18 23:00:00,14,t1-direct-d7d0b047c9
2026-02-19 07:00:00,2026-02-19 13:00:00,2,0.37324643426057413,0.017835057160694,0.8720178778808121,2026-02-18 23:00:00,14,t2-direct-60103e48d3
2026-02-19 08:00:00,2026-02-19 14:00:00,1,0.2854093203977929,0.0016448144540827658,0.7602801393849267,2026-02-18 23:00:00,15,t1-direct-d7d0b047c9
2026-02-19 08:00:00,2026-02-19 14:00:00,2,0.2811435537367054,0.013041637962647123,0.7498818714215725,2026-02-18 23:00:00,15,t2-direct-60103e48d3
2026-02-19 09:00:00,2026-02-19 15:00:00,1,0.21127824321067898,0.006041215585840365,0.6270332021661492,2026-02-18 23:00:00,16,t1-direct-d7d0b047c9
2026-02-19 09:00:00,2026-02-19 15:00:00,2,0.2170663983433784,0.011958165931778064,0.6555133723839637,2026-02-18 23:00:00,16,t2-direct-60103e48d3
2026-02-19 10:00:00,2026-02-19 16:00:00,1,0.18455709271533047,0.005580985682520578,0.5785069242387274,2026-02-18 23:00:00,17,t1-direct-d7d0b047c9
2026-02-19 10:00:00,2026-02-19 16:00:00,2,0.1752661871002817,0.008620764165757355,0.6098193323778283,2026-02-18 23:00:00,17,t2-direct-60103e48d3
2026-02-19 11:00:00,2026-02-19 17:00:00,1,0.17042336943103115,0.004252873969144977,0.550127331235253,2026-02-18 23:00:00,18,t1-direct-d7d0b047c9
2026-02-19 11:00:00,2026-02-19 17:00:00,2,0.15310096114437705,0.0073352362477676625,0.5659981651978527,2026-02-18 23:00:00,18,t2-direct-60103e48d3
2026-02-19 12:00:00,2026-02-19 18:00:00,1,0.15081826952751212,0.0052583114334369685,0.5604062345476453,2026-02-18 23:00:00,19,t1-direct-d7d0b047c9
2026-02-19 12:00:00,2026-02-19 18:00:00,2,0.1753696029521204,0.008039803343427299,0.6676256251368637,2026-02-18 23:00:00,19,t2-direct-60103e48d3
2026-02-19 13:00:00,2026-02-19 19:00:00,1,0.12802889009223983,0.004817319175107623,0.5571803764252645,2026-02-18 23:00:00,20,t1-direct-d7d0b047c9
2026-02-19 13:00:00,2026-02-19 19:00:00,2,0.13197468054232017,0.006842004978258487,0.6359960015645613,2026-02-18 23:00:00,20,t2-direct-60103e48d3
2026-02-19 14:00:00,2026-02-19 20:00:00,1,0.0994313108398304,0.005809222981759607,0.551202900937732,2026-02-18 23:00:00,21,t1-direct-d7d0b047c9
2026-02-19 14:00:00,2026-02-19 20:00:00,2,0.08900558972670802,0.007000768496169457,0.6177595732300732,2026-02-18 23:00:00,21,t2-direct-60103e48d3
2026-02-19 15:00:00,2026-02-19 21:00:00,1,0.07419106466426204,0.006790303131952641,0.45269071034288666,2026-02-18 23:00:00,22,t1-direct-d7d0b047c9
2026-02-19 15:00:00,2026-02-19 21:00:00,2,0.06814814112347073,0.007562691586420686,0.5171563060839325,2026-02-18 23:00:00,22,t2-direct-60103e48d3
2026-02-19 16:00:00,2026-02-19 22:00:00,1,0.08850830563875446,0.0060744410832280216,0.4557041782993224,2026-02-18 23:00:00,23,t1-direct-d7d0b047c9
2026-02-19 16:00:00,2026-02-19 22:00:00,2,0.07091366146753633,0.005925901949353399,0.5144258898632541,2026-02-18 23:00:00,23,t2-direct-60103e48d3
2026-02-19 17:00:00,2026-02-19 23:00:00,1,0.13042584822798564,0.004574940507326181,0.5969786387104954,2026-02-18 23:00:00,24,t1-direct-d7d0b047c9
2026-02-19 17:00:00,2026-02-19 23:00:00,2,0.10967617999415717,0.00702532433512959,0.6653034767960812,2026-02-18 23:00:00,24,t2-direct-60103e48d3
2026-02-19 18:00:00,2026-02-20 00:00:00,1,0.29117825699447575,0.0,0.7899540768425017,2026-02-19 23:00:00,1,t1-direct-d7d0b047c9
2026-02-19 18:00:00,2026-02-20 00:00:00,2,0.2606290000664272,0.014752902453084027,0.797077932164397,2026-02-19 23:00:00,1,t2-direct-60103e48d3
2026-02-19 19:00:00,2026-02-20 01:00:00,1,0.30884822891313307,0.0,0.8695493025475807,2026-02-19 23:00:00,2,t1-direct-d7d0b047c9
2026-02-19 19:00:00,2026-02-20 01:00:00,2,0.2815854531047361,0.008920303337665414,0.9106046220339077,2026-02-19 23:00:00,2,t2-direct-60103e48d3
2026-02-19 20:00:00,2026-02-20 02:00:00,1,0.2860661483469353,0.0,0.8507513756212861,2026-02-19 23:00:00,3,t1-direct-d7d0b047c9
2026-02-19 20:00:00,2026-02-20 02:00:00,2,0.2640210983749989,0.009062885826877642,0.8700214708581693,2026-02-19 23:00:00,3,t2-direct-60103e48d3
2026-02-19 21:00:00,2026-02-20 03:00:00,1,0.2967496141011947,0.0,0.8238816436869528,2026-02-19 23:00:00,4,t1-direct-d7d0b047c9
2026-02-19 21:00:00,2026-02-20 03:00:00,2,0.269132240033632,0.013905479210043203,0.8680761321393253,2026-02-19 23:00:00,4,t2-direct-60103e48d3
2026-02-19 22:00:00,2026-02-20 04:00:00,1,0.2894682004267941,0.0,0.8256558179902361,2026-02-19 23:00:00,5,t1-direct-d7d0b047c9
2026-02-19 22:00:00,2026-02-20 04:00:00,2,0.26104113263248296,0.021011752181349513,0.8223478424903807,2026-02-19 23:00:00,5,t2-direct-60103e48d3
2026-02-19 23:00:00,2026-02-20 05:00:00,1,0.28509341941473143,0.0,0.8827879113622982,2026-02-19 23:00:00,6,t1-direct-d7d0b047c9
2026-02-19 23:00:00,2026-02-20 05:00:00,2,0.2986630654541501,0.01548083256427718,0.882085625985476,2026-02-19 23:00:00,6,t2-direct-60103e48d3
2026-02-20 00:00:00,2026-02-20 06:00:00,1,0.3366982979498759,0.027079987129211447,0.9273530196764417,2026-02-19 23:00:00,7,t1-direct-d7d0b047c9
2026-02-20 00:00:00,2026-02-20 06:00:00,2,0.3484025184541272,0.03807770153372958,0.913313603997171,2026-02-19 23:00:00,7,t2-direct-60103e48d3
2026-02-20 01:00:00,2026-02-20 07:00:00,1,0.4281402893786114,0.047399658304017545,0.9645524577022033,2026-02-19 23:00:00,8,t1-direct-d7d0b047c9
2026-02-20 01:00:00,2026-02-20 07:00:00,2,0.46883510080330365,0.08334854028744954,0.951382460020981,2026-02-19 23:00:00,8,t2-direct-60103e48d3
2026-02-20 02:00:00,2026-02-20 08:00:00,1,0.4563926141868393,0.050576062219945706,0.9933126372883985,2026-02-19 23:00:00,9,t1-direct-d7d0b047c9
2026-02-20 02:00:00,2026-02-20 08:00:00,2,0.5224535192884687,0.08922125819223065,0.9640360520930398,2026-02-19 23:00:00,9,t2-direct-60103e48d3
2026-02-20 03:00:00,2026-02-20 09:00:00,1,0.40243283729691265,0.04615731812387075,0.9699443714532296,2026-02-19 23:00:00,10,t1-direct-d7d0b047c9
2026-02-20 03:00:00,2026-02-20 09:00:00,2,0.44909693236951764,0.07393916560645014,0.9428253411369689,2026-02-19 23:00:00,10,t2-direct-60103e48d3
2026-02-20 04:00:00,2026-02-20 10:00:00,1,0.323123129418247,0.018751349909540138,0.8535128006144765,2026-02-19 23:00:00,11,t1-direct-d7d0b047c9
2026-02-20 04:00:00,2026-02-20 10:00:00,2,0.35738972162406635,0.04066648765044584,0.8478516068337435,2026-02-19 23:00:00,11,t2-direct-60103e48d3
2026-02-20 05:00:00,2026-02-20 11:00:00,1,0.21343491703373846,0.0022147534351391607,0.7158868051157554,2026-02-19 23:00:00,12,t1-direct-d7d0b047c9
2026-02-20 05:00:00,2026-02-20 11:00:00,2,0.2283610513668597,0.0023946351423558276,0.6932853674830268,2026-02-19 23:00:00,12,t2-direct-60103e48d3
2026-02-20 06:00:00,2026-02-20 12:00:00,1,0.11757831302510191,0.004827425138206928,0.45868492478184963,2026-02-19 23:00:00,13,t1-direct-d7d0b047c9
2026-02-20 06:00:00,2026-02-20 12:00:00,2,0.12649919670276347,0.008259506171120978,0.47728180028814826,2026-02-19 23:00:00,13,t2-direct-60103e48d3
2026-02-20 07:00:00,2026-02-20 13:00:00,1,0.045748380409714746,0.008363944954866392,0.3141199771315325,2026-02-19 23:00:00,14,t1-direct-d7d0b047c9
2026-02-20 07:00:00,2026-02-20 13:00:00,2,0.059511251477661765,0.007470294342810303,0.3227089591453295,2026-02-19 23:00:00,14,t2-direct-60103e48d3
2026-02-20 08:00:00,2026-02-20 14:00:00,1,0.033884017008418255,0.008805798914885796,0.23639255101301138,2026-02-19 23:00:00,15,t1-direct-d7d0b047c9
2026-02-20 08:00:00,2026-02-20 14:00:00,2,0.031335604680705814,0.009997129946555921,0.2336963587799006,2026-02-19 23:00:00,15,t2-direct-60103e48d3
2026-02-20 09:00:00,2026-02-20 15:00:00,1,0.017378279393168508,0.009631085795648284,0.1992037477374894,2026-02-19 23:00:00,16,t1-direct-d7d0b047c9
2026-02-20 09:00:00,2026-02-20 15:00:00,2,0.016395231112275914,0.010027710131356324,0.1887119344449032,2026-02-19 23:00:00,16,t2-direct-60103e48d3
2026-02-20 10:00:00,2026-02-20 16:00:00,1,0.01928953450046267,0.009535523040283577,0.1660712115728009,2026-02-19 23:00:00,17,t1-direct-d7d0b047c9
2026-02-20 10:00:00,2026-02-20 16:00:00,2,0.014753292117449041,0.008550444354929423,0.15570959484472147,2026-02-19 23:00:00,17,t2-direct-60103e48d3
2026-02-20 11:00:00,2026-02-20 17:00:00,1,0.029306982026684077,0.009034650663972507,0.2579789296704573,2026-02-19 23:00:00,18,t1-direct-d7d0b047c9
2026-02-20 11:00:00,2026-02-20 17:00:00,2,0.030313753042598608,0.006629824558589327,0.2132103921250862,2026-02-19 23:00:00,18,t2-direct-60103e48d3
2026-02-20 12:00:00,2026-02-20 18:00:00,1,0.08297301585679796,0.006348108172787331,0.5504377177702624,2026-02-19 23:00:00,19,t1-direct-d7d0b047c9
2026-02-20 12:00:00,2026-02-20 18:00:00,2,0.09050867653290419,0.007830935101808073,0.5496020536408469,2026-02-19 23:00:00,19,t2-direct-60103e48d3
2026-02-20 13:00:00,2026-02-20 19:00:00,1,0.22069477313239566,0.00039310283531060475,0.8113165225437169,2026-02-19 23:00:00,20,t1-direct-d7d0b047c9
2026-02-20 13:00:00,2026-02-20 19:00:00,2,0.2027266426415631,0.0021433482532697834,0.8577450990820588,2026-02-19 23:00:00,20,t2-direct-60103e48d3
2026-02-20 14:00:00,2026-02-20 20:00:00,1,0.4931347209114375,0.05017991830725793,1.0,2026-02-19 23:00:00,21,t1-direct-d7d0b047c9
2026-02-20 14:00:00,2026-02-20 20:00:00,2,0.4524247937861457,0.029589643750537242,0.9803690758604455,2026-02-19 23:00:00,21,t2-direct-60103e48d3
2026-02-20 15:00:00,2026-02-20 21:00:00,1,0.7217503954075901,0.27110969629234505,1.0,2026-02-19 23:00:00,22,t1-direct-d7d0b047c9
2026-02-20 15:00:00,2026-02-20 21:00:00,2,0.6436178914510232,0.15354873714598233,0.9804482963694559,2026-02-19 23:00:00,22,t2-direct-60103e48d3
2026-02-20 16:00:00,2026-02-20 22:00:00,1,0.7691993891949452,0.2718517405109693,0.9966357842731192,2026-02-19 23:00:00,23,t1-direct-d7d0b047c9
2026-02-20 16:00:00,2026-02-20 22:00:00,2,0.7497592307746561,0.22300083003991866,0.9836097895234669,2026-02-19 23:00:00,23,t2-direct-60103e48d3
2026-02-20 17:00:00,2026-02-20 23:00:00,1,0.8320546465957478,0.2906469636625135,1.0,2026-02-19 23:00:00,24,t1-direct-d7d0b047c9
2026-02-20 17:00:00,2026-02-20 23:00:00,2,0.8278925377993107,0.2736489880033004,0.9755960398273854,2026-02-19 23:00:00,24,t2-direct-60103e48d3
2026-02-20 18:00:00,2026-02-21 00:00:00,1,0.7842324397838382,0.2651190545180758,0.9812655388915891,2026-02-20 23:00:00,1,t1-direct-d7d0b047c9
2026-02-20 18:00:00,2026-02-21 00:00:00,2,0.7686155090256337,0.21712089177322302,0.9432212464145935,2026-02-20 23:00:00,1,t2-direct-60103e48d3
2026-02-20 19:00:00,2026-02-21 01:00:00,1,0.7556763665614743,0.2577549554893088,0.9858026057792839,2026-02-20 23:00:00,2,t1-direct-d7d0b047c9
2026-02-20 19:00:00,2026-02-21 01:00:00,2,0.6957211329661774,0.27310595258094295,0.9696451864397931,2026-02-20 23:00:00,2,t2-direct-60103e48d3
2026-02-20 20:00:00,2026-02-21 02:00:00,1,0.7316456429027698,0.26540038928810467,0.9904243061290037,2026-02-20 23:00:00,3,t1-direct-d7d0b047c9
2026-02-20 20:00:00,2026-02-21 02:00:00,2,0.6243116625675035,0.25598623510716056,0.9609221895067144,2026-02-20 23:00:00,3,t2-direct-60103e48d3
2026-02-20 21:00:00,2026-02-21 03:00:00,1,0.6965804396242152,0.23584716218276247,0.990648424167548,2026-02-20 23:00:00,4,t1-direct-d7d0b047c9
2026-02-20 21:00:00,2026-02-21 03:00:00,2,0.5868447310260743,0.19846782076983538,0.9381968772151874,2026-02-20 23:00:00,4,t2-direct-60103e48d3
2026-02-20 22:00:00,2026-02-21 04:00:00,1,0.620966205326644,0.17054950984132677,0.9754518470798889,2026-02-20 23:00:00,5,t1-direct-d7d0b047c9
2026-02-20 22:00:00,2026-02-21 04:00:00,2,0.5003363740368906,0.12322262725420052,0.9427818911873869,2026-02-20 23:00:00,5,t2-direct-60103e48d3
2026-02-20 23:00:00,2026-02-21 05:00:00,1,0.5299512647520577,0.13517181391506589,0.9592178299393241,2026-02-20 23:00:00,6,t1-direct-d7d0b047c9
2026-02-20 23:00:00,2026-02-21 05:00:00,2,0.4845639024850008,0.11791979781843726,0.9448197010146491,2026-02-20 23:00:00,6,t2-direct-60103e48d3
2026-02-21 00:00:00,2026-02-21 06:00:00,1,0.5412511131874451,0.12213981752420777,0.9491488589947499,2026-02-20 23:00:00,7,t1-direct-d7d0b047c9
2026-02-21 00:00:00,2026-02-21 06:00:00,2,0.4871195115117569,0.11958034619931118,0.9451808611907573,2026-02-20 23:00:00,7,t2-direct-60103e48d3
2026-02-21 01:00:00,2026-02-21 07:00:00,1,0.5377795090551996,0.08742368941085743,0.9267766107997423,2026-02-20 23:00:00,8,t1-direct-d7d0b047c9
2026-02-21 01:00:00,2026-02-21 07:00:00,2,0.48742756609998694,0.09801666358206518,0.8983393205631143,2026-02-20 23:00:00,8,t2-direct-60103e48d3
2026-02-21 02:00:00,2026-02-21 08:00:00,1,0.5757020925820662,0.06559738814402083,0.944808618549277,2026-02-20 23:00:00,9,t1-direct-d7d0b047c9
2026-02-21 02:00:00,2026-02-21 08:00:00,2,0.4973048122533634,0.09459744460780523,0.9153445698543141,2026-02-20 23:00:00,9,t2-direct-60103e48d3
2026-02-21 03:00:00,2026-02-21 09:00:00,1,0.26727990597256496,0.01497255457244423,0.8162610317056018,2026-02-20 23:00:00,10,t1-direct-d7d0b047c9
2026-02-21 03:00:00,2026-02-21 09:00:00,2,0.23286046481386705,0.0121274992356252,0.8361003125915699,2026-02-20 23:00:00,10,t2-direct-60103e48d3
2026-02-21 04:00:00,2026-02-21 10:00:00,1,0.22492851565901112,0.0,0.8115078261937398,2026-02-20 23:00:00,11,t1-direct-d7d0b047c9
2026-02-21 04:00:00,2026-02-21 10:00:00,2,0.2101147203873105,0.005953432227039868,0.7979040102079938,2026-02-20 23:00:00,11,t2-direct-60103e48d3
2026-02-21 05:00:00,2026-02-21 11:00:00,1,0.23935437621436523,6.395851692325705e-05,0.8714732389494833,2026-02-20 23:00:00,12,t1-direct-d7d0b047c9
2026-02-21 05:00:00,2026-02-21 11:00:00,2,0.24836918995472235,0.00518651946489887,0.8678187754888138,2026-02-20 23:00:00,12,t2-direct-60103e48d3
2026-02-21 06:00:00,2026-02-21 12:00:00,1,0.4443172417791564,0.04795357728355071,1.0,2026-02-20 23:00:00,13,t1-direct-d7d0b047c9
2026-02-21 06:00:00,2026-02-21 12:00:00,2,0.42661463177218495,0.05047539817730434,0.9591127458476262,2026-02-20 23:00:00,13,t2-direct-60103e48d3
2026-02-21 07:00:00,2026-02-21 13:00:00,1,0.7017579325444492,0.22188019084115018,1.0,2026-02-20 23:00:00,14,t1-direct-d7d0b047c9
2026-02-21 07:00:00,2026-02-21 13:00:00,2,0.7102132143780054,0.2290798375453822,0.9744122925168067,2026-02-20 23:00:00,14,t2-direct-60103e48d3
2026-02-21 08:00:00,2026-02-21 14:00:00,1,0.7970045128902251,0.308437922771021,0.9978699727567111,2026-02-20 23:00:00,15,t1-direct-d7d0b047c9
2026-02-21 08:00:00,2026-02-21 14:00:00,2,0.8233064182116544,0.2905491130125437,0.9733423726731903,2026-02-20 23:00:00,15,t2-direct-60103e48d3
2026-02-21 09:00:00,2026-02-21 15:00:00,1,0.6341689926676801,0.25174960518259665,1.0,2026-02-20 23:00:00,16,t1-direct-d7d0b047c9
2026-02-21 09:00:00,2026-02-21 15:00:00,2,0.6479575831589767,0.20624790823896555,0.9766535088717953,2026-02-20 23:00:00,16,t2-direct-60103e48d3
2026-02-21 10:00:00,2026-02-21 16:00:00,1,0.5276924642151805,0.1830044625289977,0.9430681757628445,2026-02-20 23:00:00,17,t1-direct-d7d0b047c9
2026-02-21 10:00:00,2026-02-21 16:00:00,2,0.5901810341442733,0.15238956782791074,0.9278077010066612,2026-02-20 23:00:00,17,t2-direct-60103e48d3
2026-02-21 11:00:00,2026-02-21 17:00:00,1,0.4403466404077789,0.036416897921943026,0.8889079506995896,2026-02-20 23:00:00,18,t1-direct-d7d0b047c9
2026-02-21 11:00:00,2026-02-21 17:00:00,2,0.40180376660062733,0.06063996002608868,0.8942278301124817,2026-02-20 23:00:00,18,t2-direct-60103e48d3
2026-02-21 12:00:00,2026-02-21 18:00:00,1,0.3062426222177189,0.0008044415703815644,0.7838073902371593,2026-02-20 23:00:00,19,t1-direct-d7d0b047c9
2026-02-21 12:00:00,2026-02-21 18:00:00,2,0.2855816451035801,0.015200300635052066,0.7441015571231309,2026-02-20 23:00:00,19,t2-direct-60103e48d3
2026-02-21 13:00:00,2026-02-21 19:00:00,1,0.2717187101334028,0.0077650011019496645,0.8391782428282049,2026-02-20 23:00:00,20,t1-direct-d7d0b047c9
2026-02-21 13:00:00,2026-02-21 19:00:00,2,0.25376179470816007,0.01477872487996365,0.7747653886397826,2026-02-20 23:00:00,20,t2-direct-60103e48d3
2026-02-21 14:00:00,2026-02-21 20:00:00,1,0.31395769232262283,0.0003937597454826691,0.8725997017224787,2026-02-20 23:00:00,21,t1-direct-d7d0b047c9
2026-02-21 14:00:00,2026-02-21 20:00:00,2,0.31868788539416953,0.018425997110591452,0.8566337243244506,2026-02-20 23:00:00,21,t2-direct-60103e48d3
2026-02-21 15:00:00,2026-02-21 21:00:00,1,0.43755344864715406,0.03615108004996426,0.9485485680420203,2026-02-20 23:00:00,22,t1-direct-d7d0b047c9
2026-02-21 15:00:00,2026-02-21 21:00:00,2,0.3954142939517227,0.05928558219440294,0.9290538258141479,2026-02-20 23:00:00,22,t2-direct-60103e48d3
2026-02-21 16:00:00,2026-02-21 22:00:00,1,0.5843162095625183,0.10984300065445246,1.0,2026-02-20 23:00:00,23,t1-direct-d7d0b047c9
2026-02-21 16:00:00,2026-02-21 22:00:00,2,0.5715583733833846,0.18823535774997108,0.9791122078770746,2026-02-20 23:00:00,23,t2-direct-60103e48d3
2026-02-21 17:00:00,2026-02-21 23:00:00,1,0.619826869844646,0.19763835779672267,1.0,2026-02-20 23:00:00,24,t1-direct-d7d0b047c9
2026-02-21 17:00:00,2026-02-21 23:00:00,2,0.6193616409319824,0.2267343386738389,0.9702198671951092,2026-02-20 23:00:00,24,t2-direct-60103e48d3
2026-02-21 18:00:00,2026-02-22 00:00:00,1,0.09367448282088818,0.005857433377145865,0.5190445490362398,2026-02-21 23:00:00,1,t1-direct-d7d0b047c9
2026-02-21 18:00:00,2026-02-22 00:00:00,2,0.07184080333045435,0.007075584768370974,0.5579244167869812,2026-02-21 23:00:00,1,t2-direct-60103e48d3
2026-02-21 19:00:00,2026-02-22 01:00:00,1,0.06946201748648301,0.007020736245017166,0.3905440230996607,2026-02-21 23:00:00,2,t1-direct-d7d0b047c9
2026-02-21 19:00:00,2026-02-22 01:00:00,2,0.047876569503363234,0.008788704010439567,0.3349865212873896,2026-02-21 23:00:00,2,t2-direct-60103e48d3
2026-02-21 20:00:00,2026-02-22 02:00:00,1,0.04400526554906806,0.008299167174191505,0.31465101419308683,2026-02-21 23:00:00,3,t1-direct-d7d0b047c9
2026-02-21 20:00:00,2026-02-22 02:00:00,2,0.029158131970004362,0.008880431519281393,0.3050482457784771,2026-02-21 23:00:00,3,t2-direct-60103e48d3
2026-02-21 21:00:00,2026-02-22 03:00:00,1,0.014533801371028103,0.009773309696755307,0.2182205560836548,2026-02-21 23:00:00,4,t1-direct-d7d0b047c9
2026-02-21 21:00:00,2026-02-22 03:00:00,2,0.020183316958930244,0.008705786360086338,0.22058775085170537,2026-02-21 23:00:00,4,t2-direct-60103e48d3
2026-02-21 22:00:00,2026-02-22 04:00:00,1,0.011130442216459435,0.009943477654483739,0.1695143730228359,2026-02-21 23:00:00,5,t1-direct-d7d0b047c9
2026-02-21 22:00:00,2026-02-22 04:00:00,2,0.01056076927868118,0.008162840622423326,0.14513960101459106,2026-02-21 23:00:00,5,t2-direct-60103e48d3
2026-02-21 23:00:00,2026-02-22 05:00:00,1,0.00988988183749456,0.00988988183749456,0.0666631108669823,2026-02-21 23:00:00,6,t1-direct-d7d0b047c9
2026-02-21 23:00:00,2026-02-22 05:00:00,2,0.01018775875243983,0.00799318109348894,0.05658093640710149,2026-02-21 23:00:00,6,t2-direct-60103e48d3
2026-02-22 00:00:00,2026-02-22 06:00:00,1,0.009500905651771356,0.009500905651771356,0.08938229305878201,2026-02-21 23:00:00,7,t1-direct-d7d0b047c9
2026-02-22 00:00:00,2026-02-22 06:00:00,2,0.010739705702170775,0.00818783968626458,0.08444102456581767,2026-02-21 23:00:00,7,t2-direct-60103e48d3
2026-02-22 01:00:00,2026-02-22 07:00:00,1,0.014293432674498532,0.009785328131581785,0.16748648792263598,2026-02-21 23:00:00,8,t1-direct-d7d0b047c9
2026-02-22 01:00:00,2026-02-22 07:00:00,2,0.017827518493751148,0.008639197263647806,0.13334497560926203,2026-02-21 23:00:00,8,t2-direct-60103e48d3
2026-02-22 02:00:00,2026-02-22 08:00:00,1,0.11447215680680714,0.004902375189941646,0.5458648462159834,2026-02-21 23:00:00,9,t1-direct-d7d0b047c9
2026-02-22 02:00:00,2026-02-22 08:00:00,2,0.11135030409175205,0.007236002017850171,0.5721403127284347,2026-02-21 23:00:00,9,t2-direct-60103e48d3
2026-02-22 03:00:00,2026-02-22 09:00:00,1,0.21881175706072004,0.005139998965635079,0.8984679664765676,2026-02-21 23:00:00,10,t1-direct-d7d0b047c9
2026-02-22 03:00:00,2026-02-22 09:00:00,2,0.1651145510282169,0.008804359796768912,0.8860319075350872,2026-02-21 23:00:00,10,t2-direct-60103e48d3
2026-02-22 04:00:00,2026-02-22 10:00:00,1,0.41044050977951546,0.06074187178641155,0.9820297622035921,2026-02-21 23:00:00,11,t1-direct-d7d0b047c9
2026-02-22 04:00:00,2026-02-22 10:00:00,2,0.3375574353250229,0.04727002342773007,0.9581021698915895,2026-02-21 23:00:00,11,t2-direct-60103e48d3
2026-02-22 05:00:00,2026-02-22 11:00:00,1,0.49732513705610265,0.05024083020515269,0.9600638612542243,2026-02-21 23:00:00,12,t1-direct-d7d0b047c9
2026-02-22 05:00:00,2026-02-22 11:00:00,2,0.44620803015465255,0.03512447691967813,0.9673601253219946,2026-02-21 23:00:00,12,t2-direct-60103e48d3
2026-02-22 06:00:00,2026-02-22 12:00:00,1,0.38689571385681426,0.021528210649309543,1.0,2026-02-21 23:00:00,13,t1-direct-d7d0b047c9
2026-02-22 06:00:00,2026-02-22 12:00:00,2,0.48831951560754516,0.01440237748544032,0.9836337067106251,2026-02-21 23:00:00,13,t2-direct-60103e48d3
2026-02-22 07:00:00,2026-02-22 13:00:00,1,0.4735497563404511,0.0492002128494497,1.0,2026-02-21 23:00:00,14,t1-direct-d7d0b047c9
2026-02-22 07:00:00,2026-02-22 13:00:00,2,0.5783196479846914,0.03839352053094125,0.9845446909298761,2026-02-21 23:00:00,14,t2-direct-60103e48d3
2026-02-22 08:00:00,2026-02-22 14:00:00,1,0.6260922931697067,0.21373740126703766,1.0,2026-02-21 23:00:00,15,t1-direct-d7d0b047c9
2026-02-22 08:00:00,2026-02-22 14:00:00,2,0.6866491776212691,0.2289928567223029,0.9719192983376834,2026-02-21 23:00:00,15,t2-direct-60103e48d3
2026-02-22 09:00:00,2026-02-22 15:00:00,1,0.8282136181898794,0.2162507226759467,0.9985568609664974,2026-02-21 23:00:00,16,t1-direct-d7d0b047c9
2026-02-22 09:00:00,2026-02-22 15:00:00,2,0.8492941665211766,0.36613733352394906,0.9663883997952031,2026-02-21 23:00:00,16,t2-direct-60103e48d3
2026-02-22 10:00:00,2026-02-22 16:00:00,1,0.8648571605307951,0.27576208963927495,0.9948575358307936,2026-02-21 23:00:00,17,t1-direct-d7d0b047c9
2026-02-22 10:00:00,2026-02-22 16:00:00,2,0.9113244508373562,0.362191368715135,0.9607525830170676,2026-02-21 23:00:00,17,t2-direct-60103e48d3
2026-02-22 11:00:00,2026-02-22 17:00:00,1,0.821705242954769,0.2779196855180762,0.9997380049779957,2026-02-21 23:00:00,18,t1-direct-d7d0b047c9
2026-02-22 11:00:00,2026-02-22 17:00:00,2,0.8740195929918146,0.3769254959000958,0.9663170999247332,2026-02-21 23:00:00,18,t2-direct-60103e48d3
2026-02-22 12:00:00,2026-02-22 18:00:00,1,0.7540144780949244,0.20116349302937075,1.0,2026-02-21 23:00:00,19,t1-direct-d7d0b047c9
2026-02-22 12:00:00,2026-02-22 18:00:00,2,0.7443269436879495,0.19700768288795967,0.9732185648568306,2026-02-21 23:00:00,19,t2-direct-60103e48d3
2026-02-22 13:00:00,2026-02-22 19:00:00,1,0.5940854155387442,0.09871092563416312,0.9402373864021709,2026-02-21 23:00:00,20,t1-direct-d7d0b047c9
2026-02-22 13:00:00,2026-02-22 19:00:00,2,0.5192206847635722,0.10507661709958305,0.9764887491991436,2026-02-21 23:00:00,20,t2-direct-60103e48d3
2026-02-22 14:00:00,2026-02-22 20:00:00,1,0.48805623123319625,0.051136207834806546,0.9274861464435922,2026-02-21 23:00:00,21,t1-direct-d7d0b047c9
2026-02-22 14:00:00,2026-02-22 20:00:00,2,0.4134282433939115,0.05800364352680648,0.9305987014375732,2026-02-21 23:00:00,21,t2-direct-60103e48d3
2026-02-22 15:00:00,2026-02-22 21:00:00,1,0.36648164058346866,0.002400694783054047,0.8440175325448148,2026-02-21 23:00:00,22,t1-direct-d7d0b047c9
2026-02-22 15:00:00,2026-02-22 21:00:00,2,0.30236218944957016,0.024372141168825523,0.8427375713529975,2026-02-21 23:00:00,22,t2-direct-60103e48d3
2026-02-22 16:00:00,2026-02-22 22:00:00,1,0.29699429966211083,0.0005828560148101181,0.8066265194492259,2026-02-21 23:00:00,23,t1-direct-d7d0b047c9
2026-02-22 16:00:00,2026-02-22 22:00:00,2,0.25214079952304524,0.019444037835090744,0.7797510790998349,2026-02-21 23:00:00,23,t2-direct-60103e48d3
2026-02-22 17:00:00,2026-02-22 23:00:00,1,0.2740423278512031,0.0018145859982626744,0.7554029430142625,2026-02-21 23:00:00,24,t1-direct-d7d0b047c9
2026-02-22 17:00:00,2026-02-22 23:00:00,2,0.24382985437651195,0.02189691619799891,0.8019580047227088,2026-02-21 23:00:00,24,t2-direct-60103e48d3
2026-02-22 18:00:00,2026-02-23 00:00:00,1,0.08071252080404875,0.006462453005135177,0.4344650926446535,2026-02-22 23:00:00,1,t1-direct-d7d0b047c9
2026-02-22 18:00:00,2026-02-23 00:00:00,2,0.057270154831336136,0.0044044449932640825,0.40877509723944777,2026-02-22 23:00:00,1,t2-direct-60103e48d3
2026-02-22 19:00:00,2026-02-23 01:00:00,1,0.06054055192120174,0.007471738063364389,0.4215454663419973,2026-02-22 23:00:00,2,t1-direct-d7d0b047c9
2026-02-22 19:00:00,2026-02-23 01:00:00,2,0.03875587033900749,0.007263606452919284,0.39257474281771276,2026-02-22 23:00:00,2,t2-direct-60103e48d3
2026-02-22 20:00:00,2026-02-23 02:00:00,1,0.04266558828203718,0.008366720351204851,0.39443081631626803,2026-02-22 23:00:00,3,t1-direct-d7d0b047c9
2026-02-22 20:00:00,2026-02-23 02:00:00,2,0.040963208977898555,0.007712327702898383,0.3378219225052148,2026-02-22 23:00:00,3,t2-direct-60103e48d3
2026-02-22 21:00:00,2026-02-23 03:00:00,1,0.03966624990850336,0.008516687269881543,0.35406209876453143,2026-02-22 23:00:00,4,t1-direct-d7d0b047c9
2026-02-22 21:00:00,2026-02-23 03:00:00,2,0.03857929761194964,0.007473419804460871,0.36555077232640354,2026-02-22 23:00:00,4,t2-direct-60103e48d3
2026-02-22 22:00:00,2026-02-23 04:00:00,1,0.045239988165989155,0.008238000357007252,0.2918209977328843,2026-02-22 23:00:00,5,t1-direct-d7d0b047c9
2026-02-22 22:00:00,2026-02-23 04:00:00,2,0.03243000186937721,0.0057914411834965596,0.3151794474364101,2026-02-22 23:00:00,5,t2-direct-60103e48d3
2026-02-22 23:00:00,2026-02-23 05:00:00,1,0.025157257140927782,0.009242136908260323,0.2806842858560972,2026-02-22 23:00:00,6,t1-direct-d7d0b047c9
2026-02-22 23:00:00,2026-02-23 05:00:00,2,0.023325032964343868,0.007175480181421005,0.29026180659812595,2026-02-22 23:00:00,6,t2-direct-60103e48d3
2026-02-23 00:00:00,2026-02-23 06:00:00,1,0.023003022345709178,0.009349848648021252,0.28021094855134304,2026-02-22 23:00:00,7,t1-direct-d7d0b047c9
2026-02-23 00:00:00,2026-02-23 06:00:00,2,0.019277641318107996,0.0070418450290594715,0.29134878978644063,2026-02-22 23:00:00,7,t2-direct-60103e48d3
2026-02-23 01:00:00,2026-02-23 07:00:00,1,0.02508955008449544,0.00924552226108194,0.27810607259999215,2026-02-22 23:00:00,8,t1-direct-d7d0b047c9
2026-02-23 01:00:00,2026-02-23 07:00:00,2,0.020400039694214958,0.005897729129900027,0.29284623369954577,2026-02-22 23:00:00,8,t2-direct-60103e48d3
2026-02-23 02:00:00,2026-02-23 08:00:00,1,0.028708795493825438,0.00906455999061544,0.27481073341598766,2026-02-22 23:00:00,9,t1-direct-d7d0b047c9
2026-02-23 02:00:00,2026-02-23 08:00:00,2,0.02445209941179531,0.00906904184425522,0.3345253947429105,2026-02-22 23:00:00,9,t2-direct-60103e48d3
2026-02-23 03:00:00,2026-02-23 09:00:00,1,0.022433149026167474,0.009378342313998337,0.2991712190349285,2026-02-22 23:00:00,10,t1-direct-d7d0b047c9
2026-02-23 03:00:00,2026-02-23 09:00:00,2,0.024530479300423937,0.008716117223293907,0.2894431358610031,2026-02-22 23:00:00,10,t2-direct-60103e48d3
2026-02-23 04:00:00,2026-02-23 10:00:00,1,0.032970083092400564,0.008851495610686683,0.3130420752873849,2026-02-22 23:00:00,11,t1-direct-d7d0b047c9
2026-02-23 04:00:00,2026-02-23 10:00:00,2,0.02632193010093578,0.008442442864736627,0.3337291231589201,2026-02-22 23:00:00,11,t2-direct-60103e48d3
2026-02-23 05:00:00,2026-02-23 11:00:00,1,0.08900511843097574,0.006049743843757921,0.3698430608710071,2026-02-22 23:00:00,12,t1-direct-d7d0b047c9
2026-02-23 05:00:00,2026-02-23 11:00:00,2,0.05033720530271683,0.008246475026592509,0.4418811561539899,2026-02-22 23:00:00,12,t2-direct-60103e48d3
2026-02-23 06:00:00,2026-02-23 12:00:00,1,0.1461790702889922,0.0016545838826747261,0.5965751572550979,2026-02-22 23:00:00,13,t1-direct-d7d0b047c9
2026-02-23 06:00:00,2026-02-23 12:00:00,2,0.16291892862986126,0.006604811151494194,0.6681282242517577,2026-02-22 23:00:00,13,t2-direct-60103e48d3
2026-02-23 07:00:00,2026-02-23 13:00:00,1,0.2957769910575366,0.0023553927912734474,0.7328797504101028,2026-02-22 23:00:00,14,t1-direct-d7d0b047c9
2026-02-23 07:00:00,2026-02-23 13:00:00,2,0.3032967832257522,0.005152892336013903,0.7783077015609954,2026-02-22 23:00:00,14,t2-direct-60103e48d3
2026-02-23 08:00:00,2026-02-23 14:00:00,1,0.41857936114071137,0.010706507454114,0.9364421427485539,2026-02-22 23:00:00,15,t1-direct-d7d0b047c9
2026-02-23 08:00:00,2026-02-23 14:00:00,2,0.4242498606980931,0.02248453672173989,0.9223057595239977,2026-02-22 23:00:00,15,t2-direct-60103e48d3
2026-02-23 09:00:00,2026-02-23 15:00:00,1,0.5686249796422836,0.04746275487335372,0.9813392731386372,2026-02-22 23:00:00,16,t1-direct-d7d0b047c9
2026-02-23 09:00:00,2026-02-23 15:00:00,2,0.5313271975366259,0.05188414725801438,0.9593074803401581,2026-02-22 23:00:00,16,t2-direct-60103e48d3
2026-02-23 10:00:00,2026-02-23 16:00:00,1,0.6145103506339391,0.07028385277052918,0.9968645495866083,2026-02-22 23:00:00,17,t1-direct-d7d0b047c9
2026-02-23 10:00:00,2026-02-23 16:00:00,2,0.6065600795071373,0.09492874934381446,0.9757465439767153,2026-02-22 23:00:00,17,t2-direct-60103e48d3
2026-02-23 11:00:00,2026-02-23 17:00:00,1,0.6756270185368427,0.1496651576354332,0.99584117855268,2026-02-22 23:00:00,18,t1-direct-d7d0b047c9
2026-02-23 11:00:00,2026-02-23 17:00:00,2,0.6841359795500579,0.1961500018356102,0.9626862122402176,2026-02-22 23:00:00,18,t2-direct-60103e48d3
2026-02-23 12:00:00,2026-02-23 18:00:00,1,0.74181885219905,0.21925953258358766,0.9920886027223222,2026-02-22 23:00:00,19,t1-direct-d7d0b047c9
2026-02-23 12:00:00,2026-02-23 18:00:00,2,0.7496319623836913,0.2407238009980417,0.9716050344945791,2026-02-22 23:00:00,19,t2-direct-60103e48d3
2026-02-23 13:00:00,2026-02-23 19:00:00,1,0.760255721109684,0.2930692928583486,0.9927597001597068,2026-02-22 23:00:00,20,t1-direct-d7d0b047c9
2026-02-23 13:00:00,2026-02-23 19:00:00,2,0.7933145469533164,0.24156674439368298,0.9719190987902944,2026-02-22 23:00:00,20,t2-direct-60103e48d3
2026-02-23 14:00:00,2026-02-23 20:00:00,1,0.7962261569401083,0.284096930803892,0.9922988371746209,2026-02-22 23:00:00,21,t1-direct-d7d0b047c9
2026-02-23 14:00:00,2026-02-23 20:00:00,2,0.8004375950447514,0.29281849228488577,0.971927039479138,2026-02-22 23:00:00,21,t2-direct-60103e48d3
2026-02-23 15:00:00,2026-02-23 21:00:00,1,0.8199473041267512,0.320592097373548,0.9928236672575143,2026-02-22 23:00:00,22,t1-direct-d7d0b047c9
2026-02-23 15:00:00,2026-02-23 21:00:00,2,0.8213945602735331,0.3343612602682457,0.9729888862094963,2026-02-22 23:00:00,22,t2-direct-60103e48d3
2026-02-23 16:00:00,2026-02-23 22:00:00,1,0.9212547077779308,0.3506381099813709,0.9887202878782045,2026-02-22 23:00:00,23,t1-direct-d7d0b047c9
2026-02-23 16:00:00,2026-02-23 22:00:00,2,0.8985690149836869,0.3847544939473906,0.9701202573504526,2026-02-22 23:00:00,23,t2-direct-60103e48d3
2026-02-23 17:00:00,2026-02-23 23:00:00,1,0.9350798381571009,0.41759549800189066,0.9876375855762709,2026-02-22 23:00:00,24,t1-direct-d7d0b047c9
2026-02-23 17:00:00,2026-02-23 23:00:00,2,0.9071914096199434,0.4141133682827243,0.9726242121824846,2026-02-22 23:00:00,24,t2-direct-60103e48d3
2026-02-23 18:00:00,2026-02-24 00:00:00,1,0.9176411882375413,0.37674926209959614,0.9860632224171235,2026-02-23 23:00:00,1,t1-direct-d7d0b047c9
2026-02-23 18:00:00,2026-02-24 00:00:00,2,0.8901006890132682,0.5337464535836398,0.9743809005918324,2026-02-23 23:00:00,1,t2-direct-60103e48d3
2026-02-23 19:00:00,2026-02-24 01:00:00,1,0.9078731838327361,0.39327008091183235,0.9878786794031297,2026-02-23 23:00:00,2,t1-direct-d7d0b047c9
2026-02-23 19:00:00,2026-02-24 01:00:00,2,0.9025156946760386,0.5136162744614594,0.9743668772097761,2026-02-23 23:00:00,2,t2-direct-60103e48d3
2026-02-23 20:00:00,2026-02-24 02:00:00,1,0.88347963215551,0.34321446234484476,0.9944528019415284,2026-02-23 23:00:00,3,t1-direct-d7d0b047c9
2026-02-23 20:00:00,2026-02-24 02:00:00,2,0.8916208039386256,0.457064219768406,0.9722525933216296,2026-02-23 23:00:00,3,t2-direct-60103e48d3
2026-02-23 21:00:00,2026-02-24 03:00:00,1,0.7758152965212574,0.3010262219688902,0.9967360237028592,2026-02-23 23:00:00,4,t1-direct-d7d0b047c9
2026-02-23 21:00:00,2026-02-24 03:00:00,2,0.7474702072022865,0.3347552843192078,0.9732103497057317,2026-02-23 23:00:00,4,t2-direct-60103e48d3
2026-02-23 22:00:00,2026-02-24 04:00:00,1,0.7321259023582836,0.23304723057191257,0.9920255542095762,2026-02-23 23:00:00,5,t1-direct-d7d0b047c9
2026-02-23 22:00:00,2026-02-24 04:00:00,2,0.6648743355920288,0.2899887631944498,0.9705000238851882,2026-02-23 23:00:00,5,t2-direct-60103e48d3
2026-02-23 23:00:00,2026-02-24 05:00:00,1,0.5669521866529845,0.22492690610536525,0.9973225460474592,2026-02-23 23:00:00,6,t1-direct-d7d0b047c9
2026-02-23 23:00:00,2026-02-24 05:00:00,2,0.583694674748233,0.251370136969883,0.9638658015864461,2026-02-23 23:00:00,6,t2-direct-60103e48d3
2026-02-24 00:00:00,2026-02-24 06:00:00,1,0.5063099855314149,0.21502046927777624,0.9964551253382411,2026-02-23 23:00:00,7,t1-direct-d7d0b047c9
2026-02-24 00:00:00,2026-02-24 06:00:00,2,0.5043973762042973,0.19834632578440753,0.9693586071102394,2026-02-23 23:00:00,7,t2-direct-60103e48d3
2026-02-24 01:00:00,2026-02-24 07:00:00,1,0.43971258481061787,0.13711239625425647,0.9962840835496647,2026-02-23 23:00:00,8,t1-direct-d7d0b047c9
2026-02-24 01:00:00,2026-02-24 07:00:00,2,0.49832966196683814,0.16344430082804595,0.962069592888125,2026-02-23 23:00:00,8,t2-direct-60103e48d3
2026-02-24 02:00:00,2026-02-24 08:00:00,1,0.4478170009928101,0.11636185586591469,0.9977843601611676,2026-02-23 23:00:00,9,t1-direct-d7d0b047c9
2026-02-24 02:00:00,2026-02-24 08:00:00,2,0.4637039857911488,0.11442902245326209,0.9594431718026658,2026-02-23 23:00:00,9,t2-direct-60103e48d3
2026-02-24 03:00:00,2026-02-24 09:00:00,1,0.42356502306985766,0.07275959680138239,0.9936414418505499,2026-02-23 23:00:00,10,t1-direct-d7d0b047c9
2026-02-24 03:00:00,2026-02-24 09:00:00,2,0.45160030646038357,0.09776134055063884,0.9555410869362451,2026-02-23 23:00:00,10,t2-direct-60103e48d3
2026-02-24 04:00:00,2026-02-24 10:00:00,1,0.43150928836245617,0.07236238353675245,0.9771558566881666,2026-02-23 23:00:00,11,t1-direct-d7d0b047c9
2026-02-24 04:00:00,2026-02-24 10:00:00,2,0.46153496444209213,0.08601925098891816,0.9372982600887647,2026-02-23 23:00:00,11,t2-direct-60103e48d3
2026-02-24 05:00:00,2026-02-24 11:00:00,1,0.43293641227777907,0.07943683902281612,0.9762591504671452,2026-02-23 23:00:00,12,t1-direct-d7d0b047c9
2026-02-24 05:00:00,2026-02-24 11:00:00,2,0.433249152357116,0.09392942218668382,0.9290227557666086,2026-02-23 23:00:00,12,t2-direct-60103e48d3
2026-02-24 06:00:00,2026-02-24 12:00:00,1,0.4555213642304521,0.05386342324750415,0.9305876383111524,2026-02-23 23:00:00,13,t1-direct-d7d0b047c9
2026-02-24 06:00:00,2026-02-24 12:00:00,2,0.5318664141597943,0.09098120611441546,0.8965253063259843,2026-02-23 23:00:00,13,t2-direct-60103e48d3
2026-02-24 07:00:00,2026-02-24 13:00:00,1,0.4365223099826795,0.042588473463664955,0.8767060491073682,2026-02-23 23:00:00,14,t1-direct-d7d0b047c9
2026-02-24 07:00:00,2026-02-24 13:00:00,2,0.5089853016894624,0.05654081032917524,0.8736097333243205,2026-02-23 23:00:00,14,t2-direct-60103e48d3
2026-02-24 08:00:00,2026-02-24 14:00:00,1,0.43697305348021814,0.031400024531070325,0.8392893287517134,2026-02-23 23:00:00,15,t1-direct-d7d0b047c9
2026-02-24 08:00:00,2026-02-24 14:00:00,2,0.47115473626911586,0.055229707621471,0.8228870431369194,2026-02-23 23:00:00,15,t2-direct-60103e48d3
2026-02-24 09:00:00,2026-02-24 15:00:00,1,0.4332315673016734,0.023970764473314587,0.7959479933176529,2026-02-23 23:00:00,16,t1-direct-d7d0b047c9
2026-02-24 09:00:00,2026-02-24 15:00:00,2,0.4377579201445311,0.033558405364502164,0.7906713152351471,2026-02-23 23:00:00,16,t2-direct-60103e48d3
2026-02-24 10:00:00,2026-02-24 16:00:00,1,0.42644112883933977,0.023733185226948783,0.7731223656066895,2026-02-23 23:00:00,17,t1-direct-d7d0b047c9
2026-02-24 10:00:00,2026-02-24 16:00:00,2,0.4281400139075273,0.028989430223639256,0.7711522392507596,2026-02-23 23:00:00,17,t2-direct-60103e48d3
2026-02-24 11:00:00,2026-02-24 17:00:00,1,0.3668003400793895,0.018617990117285543,0.7017005399681809,2026-02-23 23:00:00,18,t1-direct-d7d0b047c9
2026-02-24 11:00:00,2026-02-24 17:00:00,2,0.38039222221838054,0.02911342680452167,0.7337613023030174,2026-02-23 23:00:00,18,t2-direct-60103e48d3
2026-02-24 12:00:00,2026-02-24 18:00:00,1,0.2686628848240392,0.002060400377483118,0.7022544544977973,2026-02-23 23:00:00,19,t1-direct-d7d0b047c9
2026-02-24 12:00:00,2026-02-24 18:00:00,2,0.2665866027649338,0.008126969075214485,0.7522705404358414,2026-02-23 23:00:00,19,t2-direct-60103e48d3
2026-02-24 13:00:00,2026-02-24 19:00:00,1,0.15219204360214722,0.00568897232577617,0.5887395930319141,2026-02-23 23:00:00,20,t1-direct-d7d0b047c9
2026-02-24 13:00:00,2026-02-24 19:00:00,2,0.17458087282760257,0.0006553432818346416,0.6299117846998129,2026-02-23 23:00:00,20,t2-direct-60103e48d3
2026-02-24 14:00:00,2026-02-24 20:00:00,1,0.10993961572859548,0.005064199852751569,0.4700586921850899,2026-02-23 23:00:00,21,t1-direct-d7d0b047c9
2026-02-24 14:00:00,2026-02-24 20:00:00,2,0.13971139706585556,0.008004798517587425,0.5163216198500948,2026-02-23 23:00:00,21,t2-direct-60103e48d3
2026-02-24 15:00:00,2026-02-24 21:00:00,1,0.07749186454564913,0.0066899645593438,0.37338377955889046,2026-02-23 23:00:00,22,t1-direct-d7d0b047c9
2026-02-24 15:00:00,2026-02-24 21:00:00,2,0.09065942554281664,0.010570104834390581,0.38223292022757654,2026-02-23 23:00:00,22,t2-direct-60103e48d3
2026-02-24 16:00:00,2026-02-24 22:00:00,1,0.058379770675435844,0.00668801487797524,0.3417947696972711,2026-02-23 23:00:00,23,t1-direct-d7d0b047c9
2026-02-24 16:00:00,2026-02-24 22:00:00,2,0.06301945581469467,0.011359426507123606,0.38807621729207886,2026-02-23 23:00:00,23,t2-direct-60103e48d3
2026-02-24 17:00:00,2026-02-24 23:00:00,1,0.03125706432613489,0.008936113642190109,0.22711774029323464,2026-02-23 23:00:00,24,t1-direct-d7d0b047c9
2026-02-24 17:00:00,2026-02-24 23:00:00,2,0.023374757068480693,0.009789475344771113,0.2043643144035171,2026-02-23 23:00:00,24,t2-direct-60103e48d3
2026-02-24 18:00:00,2026-02-25 00:00:00,1,0.010890626057080383,0.009955468462452693,0.0583464773234895,2026-02-24 23:00:00,1,t1-direct-d7d0b047c9
2026-02-24 18:00:00,2026-02-25 00:00:00,2,0.01060214031353031,0.008471125221989716,0.06252165659944522,2026-02-24 23:00:00,1,t2-direct-60103e48d3
2026-02-24 19:00:00,2026-02-25 01:00:00,1,0.01044919993278178,0.009977539768667621,0.04605841491856894,2026-02-24 23:00:00,2,t1-direct-d7d0b047c9
2026-02-24 19:00:00,2026-02-25 01:00:00,2,0.010962289466465693,0.008164777648483376,0.039648327637496414,2026-02-24 23:00:00,2,t2-direct-60103e48d3
2026-02-24 20:00:00,2026-02-25 02:00:00,1,0.010483232716249185,0.009975838129494251,0.06097209111078195,2026-02-24 23:00:00,3,t1-direct-d7d0b047c9
2026-02-24 20:00:00,2026-02-25 02:00:00,2,0.011009686147928039,0.008271293429715974,0.06099295350663812,2026-02-24 23:00:00,3,t2-direct-60103e48d3
2026-02-24 21:00:00,2026-02-25 03:00:00,1,0.01674360431523627,0.009662819549544897,0.12742327253854663,2026-02-24 23:00:00,4,t1-direct-d7d0b047c9
2026-02-24 21:00:00,2026-02-25 03:00:00,2,0.018555193873226947,0.007990217450540817,0.10586804790780913,2026-02-24 23:00:00,4,t2-direct-60103e48d3
2026-02-24 22:00:00,2026-02-25 04:00:00,1,0.01870042304184588,0.009564978613214417,0.14950279447336579,2026-02-24 23:00:00,5,t1-direct-d7d0b047c9
2026-02-24 22:00:00,2026-02-25 04:00:00,2,0.011932195433511013,0.008173830397339522,0.10312020103378938,2026-02-24 23:00:00,5,t2-direct-60103e48d3
2026-02-24 23:00:00,2026-02-25 05:00:00,1,0.014964600891687609,0.00975176972072233,0.14431239341404664,2026-02-24 23:00:00,6,t1-direct-d7d0b047c9
2026-02-24 23:00:00,2026-02-25 05:00:00,2,0.009338450153199035,0.008755402505279581,0.07742366820689853,2026-02-24 23:00:00,6,t2-direct-60103e48d3
2026-02-25 00:00:00,2026-02-25 06:00:00,1,0.017090267681613303,0.009645486381226046,0.19213953958664276,2026-02-24 23:00:00,7,t1-direct-d7d0b047c9
2026-02-25 00:00:00,2026-02-25 06:00:00,2,0.0156339231741474,0.00876859727011736,0.11864339827157826,2026-02-24 23:00:00,7,t2-direct-60103e48d3
2026-02-25 01:00:00,2026-02-25 07:00:00,1,0.04796152946103627,0.008372535697542802,0.26111488626532486,2026-02-24 23:00:00,8,t1-direct-d7d0b047c9
2026-02-25 01:00:00,2026-02-25 07:00:00,2,0.051099156282752134,0.0075008628462284385,0.21989272102505467,2026-02-24 23:00:00,8,t2-direct-60103e48d3
2026-02-25 02:00:00,2026-02-25 08:00:00,1,0.06317440701986196,0.00756281867718446,0.38286517745857973,2026-02-24 23:00:00,9,t1-direct-d7d0b047c9
2026-02-25 02:00:00,2026-02-25 08:00:00,2,0.051922335574974596,0.008675276787062612,0.3449298488395251,2026-02-24 23:00:00,9,t2-direct-60103e48d3
2026-02-25 03:00:00,2026-02-25 09:00:00,1,0.07886749342592933,0.006784185950460611,0.48708079146851246,2026-02-24 23:00:00,10,t1-direct-d7d0b047c9
2026-02-25 03:00:00,2026-02-25 09:00:00,2,0.08287000644032948,0.0075432774203211955,0.398732428950083,2026-02-24 23:00:00,10,t2-direct-60103e48d3
2026-02-25 04:00:00,2026-02-25 10:00:00,1,0.07256403055336627,0.006753950431725289,0.42291075925869226,2026-02-24 23:00:00,11,t1-direct-d7d0b047c9
2026-02-25 04:00:00,2026-02-25 10:00:00,2,0.07959349395427746,0.007023814824414096,0.40537326337922,2026-02-24 23:00:00,11,t2-direct-60103e48d3
2026-02-25 05:00:00,2026-02-25 11:00:00,1,0.16412647207887454,0.0027619406232322063,0.7100131028356564,2026-02-24 23:00:00,12,t1-direct-d7d0b047c9
2026-02-25 05:00:00,2026-02-25 11:00:00,2,0.17776161595603684,0.004835630903489541,0.6855982116756829,2026-02-24 23:00:00,12,t2-direct-60103e48d3
2026-02-25 06:00:00,2026-02-25 12:00:00,1,0.41048487950389073,0.01701449721079773,0.9449226474596764,2026-02-24 23:00:00,13,t1-direct-d7d0b047c9
2026-02-25 06:00:00,2026-02-25 12:00:00,2,0.45780747834554864,0.04545069955441339,0.932678563321004,2026-02-24 23:00:00,13,t2-direct-60103e48d3
2026-02-25 07:00:00,2026-02-25 13:00:00,1,0.5974325091828456,0.05355114536305128,0.9572862207500823,2026-02-24 23:00:00,14,t1-direct-d7d0b047c9
2026-02-25 07:00:00,2026-02-25 13:00:00,2,0.6578882030666544,0.10835868032017248,0.9447377833008617,2026-02-24 23:00:00,14,t2-direct-60103e48d3
2026-02-25 08:00:00,2026-02-25 14:00:00,1,0.5332612387728664,0.03828470226945835,0.8988418267945606,2026-02-24 23:00:00,15,t1-direct-d7d0b047c9
2026-02-25 08:00:00,2026-02-25 14:00:00,2,0.5834204841022482,0.10210258702825015,0.8919716117157545,2026-02-24 23:00:00,15,t2-direct-60103e48d3
2026-02-25 09:00:00,2026-02-25 15:00:00,1,0.38511485231512654,0.009134528425048416,0.8218835028543224,2026-02-24 23:00:00,16,t1-direct-d7d0b047c9
2026-02-25 09:00:00,2026-02-25 15:00:00,2,0.42011371660414787,0.047292701163820894,0.8376424177993202,2026-02-24 23:00:00,16,t2-direct-60103e48d3
2026-02-25 10:00:00,2026-02-25 16:00:00,1,0.3315725321669585,0.0038685950692224913,0.7778842037123608,2026-02-24 23:00:00,17,t1-direct-d7d0b047c9
2026-02-25 10:00:00,2026-02-25 16:00:00,2,0.3568020003259291,0.02344822978497796,0.8014105782155374,2026-02-24 23:00:00,17,t2-direct-60103e48d3
2026-02-25 11:00:00,2026-02-25 17:00:00,1,0.23293798340704364,0.0004366961875491293,0.6132204287813774,2026-02-24 23:00:00,18,t1-direct-d7d0b047c9
2026-02-25 11:00:00,2026-02-25 17:00:00,2,0.21060241427996393,0.004481621101139449,0.6834573751905922,2026-02-24 23:00:00,18,t2-direct-60103e48d3
2026-02-25 12:00:00,2026-02-25 18:00:00,1,0.174161328844837,0.0026129600824318366,0.5480914852044435,2026-02-24 23:00:00,19,t1-direct-d7d0b047c9
2026-02-25 12:00:00,2026-02-25 18:00:00,2,0.14207184534498962,0.007985093511374441,0.5644508209902295,2026-02-24 23:00:00,19,t2-direct-60103e48d3
2026-02-25 13:00:00,2026-02-25 19:00:00,1,0.176130776659309,0.0018768738381440553,0.5299561634139487,2026-02-24 23:00:00,20,t1-direct-d7d0b047c9
2026-02-25 13:00:00,2026-02-25 19:00:00,2,0.15409925140616837,0.003891860097711447,0.5440385849485162,2026-02-24 23:00:00,20,t2-direct-60103e48d3
2026-02-25 14:00:00,2026-02-25 20:00:00,1,0.22531852783647194,0.0007688771389578186,0.6286598721853185,2026-02-24 23:00:00,21,t1-direct-d7d0b047c9
2026-02-25 14:00:00,2026-02-25 20:00:00,2,0.18666099088937255,0.0058261203178223975,0.6252658974266108,2026-02-24 23:00:00,21,t2-direct-60103e48d3
2026-02-25 15:00:00,2026-02-25 21:00:00,1,0.28460755519992564,0.001109004423448412,0.7535033952714472,2026-02-24 23:00:00,22,t1-direct-d7d0b047c9
2026-02-25 15:00:00,2026-02-25 21:00:00,2,0.25423464050696437,0.011483277237523903,0.7654896399350355,2026-02-24 23:00:00,22,t2-direct-60103e48d3
2026-02-25 16:00:00,2026-02-25 22:00:00,1,0.5063304151768109,0.029521282440771957,0.9448298340167477,2026-02-24 23:00:00,23,t1-direct-d7d0b047c9
2026-02-25 16:00:00,2026-02-25 22:00:00,2,0.4741721174107732,0.07628092940917713,0.9653116830060697,2026-02-24 23:00:00,23,t2-direct-60103e48d3
2026-02-25 17:00:00,2026-02-25 23:00:00,1,0.6220949953093751,0.13031148036422102,1.0,2026-02-24 23:00:00,24,t1-direct-d7d0b047c9
2026-02-25 17:00:00,2026-02-25 23:00:00,2,0.5745642310109801,0.12693730808235193,1.0,2026-02-24 23:00:00,24,t2-direct-60103e48d3
2026-02-25 18:00:00,2026-02-26 00:00:00,1,0.4909347437303335,0.056856291553014415,0.9925705501520212,2026-02-25 23:00:00,1,t1-direct-d7d0b047c9
2026-02-25 18:00:00,2026-02-26 00:00:00,2,0.4365955635005701,0.0830508402860125,0.9923908677847622,2026-02-25 23:00:00,1,t2-direct-60103e48d3
2026-02-25 19:00:00,2026-02-26 01:00:00,1,0.640010947730038,0.23448627278800482,0.9964560265368493,2026-02-25 23:00:00,2,t1-direct-d7d0b047c9
2026-02-25 19:00:00,2026-02-26 01:00:00,2,0.6008290644388729,0.23516809130422678,0.9947888332911514,2026-02-25 23:00:00,2,t2-direct-60103e48d3
2026-02-25 20:00:00,2026-02-26 02:00:00,1,0.6852873648247201,0.24190475216774732,0.9974279598565008,2026-02-25 23:00:00,3,t1-direct-d7d0b047c9
2026-02-25 20:00:00,2026-02-26 02:00:00,2,0.7079245380167282,0.23580731922649006,0.9770933372823236,2026-02-25 23:00:00,3,t2-direct-60103e48d3
2026-02-25 21:00:00,2026-02-26 03:00:00,1,0.6682832772403446,0.23758014634209207,0.9913191990995732,2026-02-25 23:00:00,4,t1-direct-d7d0b047c9
2026-02-25 21:00:00,2026-02-26 03:00:00,2,0.7013390986577692,0.2065516351629958,0.9765168574637489,2026-02-25 23:00:00,4,t2-direct-60103e48d3
2026-02-25 22:00:00,2026-02-26 04:00:00,1,0.6348706599742182,0.22509418596683756,0.9866819103631899,2026-02-25 23:00:00,5,t1-direct-d7d0b047c9
2026-02-25 22:00:00,2026-02-26 04:00:00,2,0.5716170153044653,0.17772960489502754,0.9796962667574802,2026-02-25 23:00:00,5,t2-direct-60103e48d3
2026-02-25 23:00:00,2026-02-26 05:00:00,1,0.6273193658694955,0.2274765994867175,0.9938217839018595,2026-02-25 23:00:00,6,t1-direct-d7d0b047c9
2026-02-25 23:00:00,2026-02-26 05:00:00,2,0.5638892725276761,0.18345171144438072,0.9750296504643201,2026-02-25 23:00:00,6,t2-direct-60103e48d3
2026-02-26 00:00:00,2026-02-26 06:00:00,1,0.6091154108402522,0.2186113726658972,0.9887317868205809,2026-02-25 23:00:00,7,t1-direct-d7d0b047c9
2026-02-26 00:00:00,2026-02-26 06:00:00,2,0.5546753855072372,0.1911112637612764,0.9755638971461702,2026-02-25 23:00:00,7,t2-direct-60103e48d3
2026-02-26 01:00:00,2026-02-26 07:00:00,1,0.5800047119173167,0.21306829704615732,0.9809820386964612,2026-02-25 23:00:00,8,t1-direct-d7d0b047c9
2026-02-26 01:00:00,2026-02-26 07:00:00,2,0.4881455873488636,0.1797758398089881,0.9875617563500425,2026-02-25 23:00:00,8,t2-direct-60103e48d3
2026-02-26 02:00:00,2026-02-26 08:00:00,1,0.6102499286745874,0.13048939675388588,0.9459381535047509,2026-02-25 23:00:00,9,t1-direct-d7d0b047c9
2026-02-26 02:00:00,2026-02-26 08:00:00,2,0.5747127413955376,0.14982984856261294,0.9656270445763442,2026-02-25 23:00:00,9,t2-direct-60103e48d3
2026-02-26 03:00:00,2026-02-26 09:00:00,1,0.3023155177242947,0.0023199003217672653,0.8573026633889054,2026-02-25 23:00:00,10,t1-direct-d7d0b047c9
2026-02-26 03:00:00,2026-02-26 09:00:00,2,0.25814469842335785,0.024361438116231954,0.9131547739649375,2026-02-25 23:00:00,10,t2-direct-60103e48d3
2026-02-26 04:00:00,2026-02-26 10:00:00,1,0.14833737119676882,0.0030905772066140424,0.629494251900204,2026-02-25 23:00:00,11,t1-direct-d7d0b047c9
2026-02-26 04:00:00,2026-02-26 10:00:00,2,0.13267387405756528,0.005582154097179853,0.688845461626721,2026-02-25 23:00:00,11,t2-direct-60103e48d3
2026-02-26 05:00:00,2026-02-26 11:00:00,1,0.28644812221554034,0.0,0.8691567497288211,2026-02-25 23:00:00,12,t1-direct-d7d0b047c9
2026-02-26 05:00:00,2026-02-26 11:00:00,2,0.23755830597201355,0.013018030066006825,0.8763410150673515,2026-02-25 23:00:00,12,t2-direct-60103e48d3
2026-02-26 06:00:00,2026-02-26 12:00:00,1,0.3800750393299821,0.011589183127643454,0.8728072993444196,2026-02-25 23:00:00,13,t1-direct-d7d0b047c9
2026-02-26 06:00:00,2026-02-26 12:00:00,2,0.34483800127461367,0.014641360319057217,0.8637161074176531,2026-02-25 23:00:00,13,t2-direct-60103e48d3
2026-02-26 07:00:00,2026-02-26 13:00:00,1,0.33858149211003913,9.06326351616249e-05,0.9108003197306211,2026-02-25 23:00:00,14,t1-direct-d7d0b047c9
2026-02-26 07:00:00,2026-02-26 13:00:00,2,0.3413639178315768,0.027777126786402595,0.9584684125998238,2026-02-25 23:00:00,14,t2-direct-60103e48d3
2026-02-26 08:00:00,2026-02-26 14:00:00,1,0.2464449254975498,0.0032188775861418106,0.8289499804308317,2026-02-25 23:00:00,15,t1-direct-d7d0b047c9
2026-02-26 08:00:00,2026-02-26 14:00:00,2,0.26773445185079137,0.014407527738810377,0.8144850512053741,2026-02-25 23:00:00,15,t2-direct-60103e48d3
2026-02-26 09:00:00,2026-02-26 15:00:00,1,0.27533647236061193,0.0049039383485262045,0.8262489321756001,2026-02-25 23:00:00,16,t1-direct-d7d0b047c9
2026-02-26 09:00:00,2026-02-26 15:00:00,2,0.2936115228982912,0.01264773358739929,0.8270050931532245,2026-02-25 23:00:00,16,t2-direct-60103e48d3
2026-02-26 10:00:00,2026-02-26 16:00:00,1,0.302306436386562,0.014792891899942928,0.8815214968921103,2026-02-25 23:00:00,17,t1-direct-d7d0b047c9
2026-02-26 10:00:00,2026-02-26 16:00:00,2,0.3306853734186653,0.0199629231416234,0.850928367697934,2026-02-25 23:00:00,17,t2-direct-60103e48d3
2026-02-26 11:00:00,2026-02-26 17:00:00,1,0.4242948109027933,0.02332529364280017,0.9086778237764863,2026-02-25 23:00:00,18,t1-direct-d7d0b047c9
2026-02-26 11:00:00,2026-02-26 17:00:00,2,0.40836281438893285,0.06684479587435649,0.8973731645813228,2026-02-25 23:00:00,18,t2-direct-60103e48d3
2026-02-26 12:00:00,2026-02-26 18:00:00,1,0.4637545811381014,0.038462152195461285,0.9673046045322776,2026-02-25 23:00:00,19,t1-direct-d7d0b047c9
2026-02-26 12:00:00,2026-02-26 18:00:00,2,0.4362991833085257,0.06131261482176498,0.9385661372638192,2026-02-25 23:00:00,19,t2-direct-60103e48d3
2026-02-26 13:00:00,2026-02-26 19:00:00,1,0.595966477809594,0.04454474034484912,0.9804290026148463,2026-02-25 23:00:00,20,t1-direct-d7d0b047c9
2026-02-26 13:00:00,2026-02-26 19:00:00,2,0.59360327503726,0.10573402920340685,0.9539313202839967,2026-02-25 23:00:00,20,t2-direct-60103e48d3
2026-02-26 14:00:00,2026-02-26 20:00:00,1,0.6363418745395324,0.18171118821901755,0.9953470606512397,2026-02-25 23:00:00,21,t1-direct-d7d0b047c9
2026-02-26 14:00:00,2026-02-26 20:00:00,2,0.6443007503115097,0.24083590517210735,0.9445393025450067,2026-02-25 23:00:00,21,t2-direct-60103e48d3
2026-02-26 15:00:00,2026-02-26 21:00:00,1,0.69943008563092,0.23591610759764498,0.9985230725506554,2026-02-25 23:00:00,22,t1-direct-d7d0b047c9
2026-02-26 15:00:00,2026-02-26 21:00:00,2,0.7304234558350398,0.2618275567060184,0.9673292101315447,2026-02-25 23:00:00,22,t2-direct-60103e48d3
2026-02-26 16:00:00,2026-02-26 22:00:00,1,0.7283999079881435,0.29220982973810306,0.9969423500657836,2026-02-25 23:00:00,23,t1-direct-d7d0b047c9
2026-02-26 16:00:00,2026-02-26 22:00:00,2,0.7247153425711333,0.3019712025267092,0.9692891810073248,2026-02-25 23:00:00,23,t2-direct-60103e48d3
2026-02-26 17:00:00,2026-02-26 23:00:00,1,0.7740567341451698,0.24266008417593454,0.9941563184699278,2026-02-25 23:00:00,24,t1-direct-d7d0b047c9
2026-02-26 17:00:00,2026-02-26 23:00:00,2,0.7972006917664872,0.3431797101457212,0.9717233742200102,2026-02-25 23:00:00,24,t2-direct-60103e48d3
2026-02-26 18:00:00,2026-02-27 00:00:00,1,0.8129514422811501,0.31496808569755513,0.994512871223146,2026-02-26 23:00:00,1,t1-direct-d7d0b047c9
2026-02-26 18:00:00,2026-02-27 00:00:00,2,0.804184215373032,0.3341716466368988,0.996127729356332,2026-02-26 23:00:00,1,t2-direct-60103e48d3
2026-02-26 19:00:00,2026-02-27 01:00:00,1,0.7348869594458255,0.2798609397273093,1.0,2026-02-26 23:00:00,2,t1-direct-d7d0b047c9
2026-02-26 19:00:00,2026-02-27 01:00:00,2,0.7215893157693679,0.2810817519985567,0.9947368822473799,2026-02-26 23:00:00,2,t2-direct-60103e48d3
2026-02-26 20:00:00,2026-02-27 02:00:00,1,0.6347332294067518,0.2215378539676769,0.9893173842193064,2026-02-26 23:00:00,3,t1-direct-d7d0b047c9
2026-02-26 20:00:00,2026-02-27 02:00:00,2,0.6443145171517868,0.24659516331960707,0.9815024265346877,2026-02-26 23:00:00,3,t2-direct-60103e48d3
2026-02-26 21:00:00,2026-02-27 03:00:00,1,0.514727666025257,0.15217373379863186,0.9686860808619072,2026-02-26 23:00:00,4,t1-direct-d7d0b047c9
2026-02-26 21:00:00,2026-02-27 03:00:00,2,0.5385074533518904,0.19519903370454655,0.9530405471898727,2026-02-26 23:00:00,4,t2-direct-60103e48d3
2026-02-26 22:00:00,2026-02-27 04:00:00,1,0.49986249286936846,0.089094503607837,0.977724171410606,2026-02-26 23:00:00,5,t1-direct-d7d0b047c9
2026-02-26 22:00:00,2026-02-27 04:00:00,2,0.4549608003291238,0.1219120123015548,0.9407862737604562,2026-02-26 23:00:00,5,t2-direct-60103e48d3
2026-02-26 23:00:00,2026-02-27 05:00:00,1,0.3828535642386561,0.050025666793376444,0.8292669784784679,2026-02-26 23:00:00,6,t1-direct-d7d0b047c9
2026-02-26 23:00:00,2026-02-27 05:00:00,2,0.38767506971265203,0.07210021029588065,0.8546639576545052,2026-02-26 23:00:00,6,t2-direct-60103e48d3
2026-02-27 00:00:00,2026-02-27 06:00:00,1,0.34623249396390154,0.00905777372550115,0.780114844734318,2026-02-26 23:00:00,7,t1-direct-d7d0b047c9
2026-02-27 00:00:00,2026-02-27 06:00:00,2,0.34418268967173715,0.030357681535243874,0.8117378406214337,2026-02-26 23:00:00,7,t2-direct-60103e48d3
2026-02-27 01:00:00,2026-02-27 07:00:00,1,0.27853957280798447,0.002730088452285895,0.7472671790763039,2026-02-26 23:00:00,8,t1-direct-d7d0b047c9
2026-02-27 01:00:00,2026-02-27 07:00:00,2,0.26182849646750844,0.0173058321001906,0.7737451531366348,2026-02-26 23:00:00,8,t2-direct-60103e48d3
2026-02-27 02:00:00,2026-02-27 08:00:00,1,0.2640995373722251,0.0,0.7022371522910691,2026-02-26 23:00:00,9,t1-direct-d7d0b047c9
2026-02-27 02:00:00,2026-02-27 08:00:00,2,0.2531156419349912,0.014569866820036775,0.7066951172433091,2026-02-26 23:00:00,9,t2-direct-60103e48d3
2026-02-27 03:00:00,2026-02-27 09:00:00,1,0.2645743707428076,0.0,0.7267114015671052,2026-02-26 23:00:00,10,t1-direct-d7d0b047c9
2026-02-27 03:00:00,2026-02-27 09:00:00,2,0.2102002232464616,0.010356352164716948,0.6968912818759205,2026-02-26 23:00:00,10,t2-direct-60103e48d3
2026-02-27 04:00:00,2026-02-27 10:00:00,1,0.2404181303339249,0.0,0.6790085821317161,2026-02-26 23:00:00,11,t1-direct-d7d0b047c9
2026-02-27 04:00:00,2026-02-27 10:00:00,2,0.19497434287708026,0.004363052304400733,0.6547180406390405,2026-02-26 23:00:00,11,t2-direct-60103e48d3
2026-02-27 05:00:00,2026-02-27 11:00:00,1,0.22020930437655892,0.0,0.6026565258298994,2026-02-26 23:00:00,12,t1-direct-d7d0b047c9
2026-02-27 05:00:00,2026-02-27 11:00:00,2,0.18981914111330905,0.0055878459907498235,0.6251905783704795,2026-02-26 23:00:00,12,t2-direct-60103e48d3
2026-02-27 06:00:00,2026-02-27 12:00:00,1,0.2106454636922957,0.0025758559886876475,0.6912982793101984,2026-02-26 23:00:00,13,t1-direct-d7d0b047c9
2026-02-27 06:00:00,2026-02-27 12:00:00,2,0.20557952645838218,0.006845364163832496,0.6588228364356681,2026-02-26 23:00:00,13,t2-direct-60103e48d3
2026-02-27 07:00:00,2026-02-27 13:00:00,1,0.291153549771647,0.005120105862167601,0.802320322261893,2026-02-26 23:00:00,14,t1-direct-d7d0b047c9
2026-02-27 07:00:00,2026-02-27 13:00:00,2,0.2838660189594306,0.008439965507035185,0.8163271902598357,2026-02-26 23:00:00,14,t2-direct-60103e48d3
2026-02-27 08:00:00,2026-02-27 14:00:00,1,0.4254865112831818,0.0241362647873673,0.9463476905376369,2026-02-26 23:00:00,15,t1-direct-d7d0b047c9
2026-02-27 08:00:00,2026-02-27 14:00:00,2,0.38971550087119583,0.044506065035308295,0.9152591490374591,2026-02-26 23:00:00,15,t2-direct-60103e48d3
2026-02-27 09:00:00,2026-02-27 15:00:00,1,0.4715729118946078,0.11420818438332658,0.9994117836607618,2026-02-26 23:00:00,16,t1-direct-d7d0b047c9
2026-02-27 09:00:00,2026-02-27 15:00:00,2,0.44856252160844856,0.0865116502417162,0.9601139102625235,2026-02-26 23:00:00,16,t2-direct-60103e48d3
2026-02-27 10:00:00,2026-02-27 16:00:00,1,0.6059775471925302,0.2256804814420455,1.0,2026-02-26 23:00:00,17,t1-direct-d7d0b047c9
2026-02-27 10:00:00,2026-02-27 16:00:00,2,0.6227119126035974,0.2154891741564406,0.9723452624509861,2026-02-26 23:00:00,17,t2-direct-60103e48d3
2026-02-27 11:00:00,2026-02-27 17:00:00,1,0.7747433723647679,0.294682278530933,0.993958851433893,2026-02-26 23:00:00,18,t1-direct-d7d0b047c9
2026-02-27 11:00:00,2026-02-27 17:00:00,2,0.7548060317480061,0.26796365615994916,0.9723297694147433,2026-02-26 23:00:00,18,t2-direct-60103e48d3
2026-02-27 12:00:00,2026-02-27 18:00:00,1,0.7927950242991451,0.31243111420672665,0.9921762677406969,2026-02-26 23:00:00,19,t1-direct-d7d0b047c9
2026-02-27 12:00:00,2026-02-27 18:00:00,2,0.8177345935584038,0.33941551435268424,0.9703113273880662,2026-02-26 23:00:00,19,t2-direct-60103e48d3
2026-02-27 13:00:00,2026-02-27 19:00:00,1,0.7823511995675991,0.2931420016480706,0.9944397096097759,2026-02-26 23:00:00,20,t1-direct-d7d0b047c9
2026-02-27 13:00:00,2026-02-27 19:00:00,2,0.8013962633320739,0.3371102604218967,0.971313015894554,2026-02-26 23:00:00,20,t2-direct-60103e48d3
2026-02-27 14:00:00,2026-02-27 20:00:00,1,0.7199785236324655,0.23523244287666528,0.992680802174743,2026-02-26 23:00:00,21,t1-direct-d7d0b047c9
2026-02-27 14:00:00,2026-02-27 20:00:00,2,0.689629553331921,0.22133080163763502,0.971038471652935,2026-02-26 23:00:00,21,t2-direct-60103e48d3
2026-02-27 15:00:00,2026-02-27 21:00:00,1,0.630991957150315,0.22361625324200873,0.9975005345313372,2026-02-26 23:00:00,22,t1-direct-d7d0b047c9
2026-02-27 15:00:00,2026-02-27 21:00:00,2,0.6158682575789756,0.21478193760923237,0.9640729904246752,2026-02-26 23:00:00,22,t2-direct-60103e48d3
2026-02-27 16:00:00,2026-02-27 22:00:00,1,0.5811216053726874,0.22610977083089012,0.9919280580922063,2026-02-26 23:00:00,23,t1-direct-d7d0b047c9
2026-02-27 16:00:00,2026-02-27 22:00:00,2,0.5713287506164313,0.1717741773541248,0.9549320532106138,2026-02-26 23:00:00,23,t2-direct-60103e48d3
2026-02-27 17:00:00,2026-02-27 23:00:00,1,0.4541900270506373,0.15209204667897946,0.995085319600711,2026-02-26 23:00:00,24,t1-direct-d7d0b047c9
2026-02-27 17:00:00,2026-02-27 23:00:00,2,0.5119560368819494,0.07299541241124524,0.9584838097500923,2026-02-26 23:00:00,24,t2-direct-60103e48d3
2026-02-27 18:00:00,2026-02-28 00:00:00,1,0.4235620447473499,0.10366234259217277,0.9844043942334162,2026-02-27 23:00:00,1,t1-direct-d7d0b047c9
2026-02-27 18:00:00,2026-02-28 00:00:00,2,0.41660301771809843,0.09517376720903958,0.9537355477444189,2026-02-27 23:00:00,1,t2-direct-60103e48d3
2026-02-27 19:00:00,2026-02-28 01:00:00,1,0.39930252294163876,0.07206684394488055,0.9876055890680178,2026-02-27 23:00:00,2,t1-direct-d7d0b047c9
2026-02-27 19:00:00,2026-02-28 01:00:00,2,0.4048406595585316,0.08009989413118435,0.9480211392849589,2026-02-27 23:00:00,2,t2-direct-60103e48d3
2026-02-27 20:00:00,2026-02-28 02:00:00,1,0.4014910131348787,0.1185944606862695,1.0,2026-02-27 23:00:00,3,t1-direct-d7d0b047c9
2026-02-27 20:00:00,2026-02-28 02:00:00,2,0.41394217384024695,0.09358396330195762,0.9612121781592444,2026-02-27 23:00:00,3,t2-direct-60103e48d3
2026-02-27 21:00:00,2026-02-28 03:00:00,1,0.4403946408033367,0.20994469060611834,0.991599239919858,2026-02-27 23:00:00,4,t1-direct-d7d0b047c9
2026-02-27 21:00:00,2026-02-28 03:00:00,2,0.4325997200243506,0.11118069173161166,0.9437460440920831,2026-02-27 23:00:00,4,t2-direct-60103e48d3
2026-02-27 22:00:00,2026-02-28 04:00:00,1,0.5679143444625003,0.22424502311199723,0.9942420109037458,2026-02-27 23:00:00,5,t1-direct-d7d0b047c9
2026-02-27 22:00:00,2026-02-28 04:00:00,2,0.5477463897387786,0.1845065398243233,0.9492053256630799,2026-02-27 23:00:00,5,t2-direct-60103e48d3
2026-02-27 23:00:00,2026-02-28 05:00:00,1,0.5653765340124498,0.22437191363449976,0.9953324430647392,2026-02-27 23:00:00,6,t1-direct-d7d0b047c9
2026-02-27 23:00:00,2026-02-28 05:00:00,2,0.5231359462832392,0.21837362821661294,0.9542793808952319,2026-02-27 23:00:00,6,t2-direct-60103e48d3
2026-02-28 00:00:00,2026-02-28 06:00:00,1,0.5897789910651481,0.22291719895987028,0.9925502106554578,2026-02-27 23:00:00,7,t1-direct-d7d0b047c9
2026-02-28 00:00:00,2026-02-28 06:00:00,2,0.5657071360420813,0.24159499568114795,0.9553478943360274,2026-02-27 23:00:00,7,t2-direct-60103e48d3
2026-02-28 01:00:00,2026-02-28 07:00:00,1,0.5796726960392037,0.2239979596548951,0.987611091145538,2026-02-27 23:00:00,8,t1-direct-d7d0b047c9
2026-02-28 01:00:00,2026-02-28 07:00:00,2,0.5469709151578693,0.250424064093945,0.9574584208774318,2026-02-27 23:00:00,8,t2-direct-60103e48d3
2026-02-28 02:00:00,2026-02-28 08:00:00,1,0.6285668812051413,0.23677789882453,0.9916428620969435,2026-02-27 23:00:00,9,t1-direct-d7d0b047c9
2026-02-28 02:00:00,2026-02-28 08:00:00,2,0.5766417840658037,0.2165026196179673,0.961383297423006,2026-02-27 23:00:00,9,t2-direct-60103e48d3
2026-02-28 03:00:00,2026-02-28 09:00:00,1,0.7685261960979443,0.279957076114104,0.9948242214583412,2026-02-27 23:00:00,10,t1-direct-d7d0b047c9
2026-02-28 03:00:00,2026-02-28 09:00:00,2,0.7357115177806096,0.2619170581618603,0.9574322342222928,2026-02-27 23:00:00,10,t2-direct-60103e48d3
2026-02-28 04:00:00,2026-02-28 10:00:00,1,0.7926093317201093,0.31366223180210573,0.9940658911823083,2026-02-27 23:00:00,11,t1-direct-d7d0b047c9
2026-02-28 04:00:00,2026-02-28 10:00:00,2,0.7534825419009777,0.2539643793222619,0.9572981063161904,2026-02-27 23:00:00,11,t2-direct-60103e48d3
2026-02-28 05:00:00,2026-02-28 11:00:00,1,0.6970998657941319,0.25193809730627,0.9863988514239271,2026-02-27 23:00:00,12,t1-direct-d7d0b047c9
2026-02-28 05:00:00,2026-02-28 11:00:00,2,0.6436192275686697,0.20350323354137817,0.9630066403513775,2026-02-27 23:00:00,12,t2-direct-60103e48d3
2026-02-28 06:00:00,2026-02-28 12:00:00,1,0.6341055129379446,0.22401545008446577,0.9898169365404608,2026-02-27 23:00:00,13,t1-direct-d7d0b047c9
2026-02-28 06:00:00,2026-02-28 12:00:00,2,0.6020354627151008,0.2795204070744084,0.9575606892239658,2026-02-27 23:00:00,13,t2-direct-60103e48d3
2026-02-28 07:00:00,2026-02-28 13:00:00,1,0.62405915496757,0.22514751744516165,0.9818786532693098,2026-02-27 23:00:00,14,t1-direct-d7d0b047c9
2026-02-28 07:00:00,2026-02-28 13:00:00,2,0.6016100688323734,0.27303563773047324,0.9560294601939772,2026-02-27 23:00:00,14,t2-direct-60103e48d3
2026-02-28 08:00:00,2026-02-28 14:00:00,1,0.6494099605516219,0.22387997716595903,0.9826161520342215,2026-02-27 23:00:00,15,t1-direct-d7d0b047c9
2026-02-28 08:00:00,2026-02-28 14:00:00,2,0.5978613791261493,0.26141858621260133,0.9563329170136465,2026-02-27 23:00:00,15,t2-direct-60103e48d3
2026-02-28 09:00:00,2026-02-28 15:00:00,1,0.6346184045567498,0.22461955496570263,0.9861091370023235,2026-02-27 23:00:00,16,t1-direct-d7d0b047c9
2026-02-28 09:00:00,2026-02-28 15:00:00,2,0.5945628677802386,0.23242054231420906,0.9606449758901485,2026-02-27 23:00:00,16,t2-direct-60103e48d3
2026-02-28 10:00:00,2026-02-28 16:00:00,1,0.6072037582050367,0.2259902872832883,0.9884550024185004,2026-02-27 23:00:00,17,t1-direct-d7d0b047c9
2026-02-28 10:00:00,2026-02-28 16:00:00,2,0.5752089024918765,0.22840838471312602,0.9500418939789355,2026-02-27 23:00:00,17,t2-direct-60103e48d3
2026-02-28 11:00:00,2026-02-28 17:00:00,1,0.4922065629606078,0.21808584824014665,0.9996158928977712,2026-02-27 23:00:00,18,t1-direct-d7d0b047c9
2026-02-28 11:00:00,2026-02-28 17:00:00,2,0.5258987529864575,0.15279624354919852,0.9417864600848143,2026-02-27 23:00:00,18,t2-direct-60103e48d3
2026-02-28 12:00:00,2026-02-28 18:00:00,1,0.40346095672610804,0.09383066306863008,0.9744158883591528,2026-02-27 23:00:00,19,t1-direct-d7d0b047c9
2026-02-28 12:00:00,2026-02-28 18:00:00,2,0.4494716259008847,0.07008618359520424,0.9119728550035552,2026-02-27 23:00:00,19,t2-direct-60103e48d3
2026-02-28 13:00:00,2026-02-28 19:00:00,1,0.41182347635117744,0.04128382799200275,0.8941439994952409,2026-02-27 23:00:00,20,t1-direct-d7d0b047c9
2026-02-28 13:00:00,2026-02-28 19:00:00,2,0.4351410465815322,0.054113492945361,0.8527346682313015,2026-02-27 23:00:00,20,t2-direct-60103e48d3
2026-02-28 14:00:00,2026-02-28 20:00:00,1,0.36104272886775957,0.027143003346615013,0.7892187936923547,2026-02-27 23:00:00,21,t1-direct-d7d0b047c9
2026-02-28 14:00:00,2026-02-28 20:00:00,2,0.3676692939193181,0.04384115356662899,0.7774210813707179,2026-02-27 23:00:00,21,t2-direct-60103e48d3
2026-02-28 15:00:00,2026-02-28 21:00:00,1,0.22238971825519968,0.00962004123870866,0.6972175301551089,2026-02-27 23:00:00,22,t1-direct-d7d0b047c9
2026-02-28 15:00:00,2026-02-28 21:00:00,2,0.24657818048315247,0.024460228574622433,0.7105195945520734,2026-02-27 23:00:00,22,t2-direct-60103e48d3
2026-02-28 16:00:00,2026-02-28 22:00:00,1,0.14310527309259521,0.008125740344103377,0.5973212694470219,2026-02-27 23:00:00,23,t1-direct-d7d0b047c9
2026-02-28 16:00:00,2026-02-28 22:00:00,2,0.16853323940914577,0.013353801381121938,0.5609000630378411,2026-02-27 23:00:00,23,t2-direct-60103e48d3
2026-02-28 17:00:00,2026-02-28 23:00:00,1,0.14720005094887706,0.004077331766901754,0.5045464857718772,2026-02-27 23:00:00,24,t1-direct-d7d0b047c9
2026-02-28 17:00:00,2026-02-28 23:00:00,2,0.14933267442019926,0.015404634016104313,0.5107985827303037,2026-02-27 23:00:00,24,t2-direct-60103e48d3
