time_utc,time_scada,lead_hours,prediction,level1,residual_pred,wind_fc,temp_fc,run_day,p10,p90,turbine_id,issue_time_utc,issue_time_scada,model_version
2026-01-31 18:00:00,2026-02-01 00:00:00,1,0.02121723214224106,0.018333333333333333,0.002883898808907725,1.0,0.6,1.0,0.008085185666970696,0.15571381457288833,2,2026-01-31 17:00:00,2026-01-31 23:00:00,t2-direct-60103e48d3
2026-01-31 19:00:00,2026-02-01 01:00:00,2,0.00906317730934023,0.0,0.00906317730934023,0.21,0.3,1.0,0.008260517688905221,0.11670490525370733,2,2026-01-31 17:00:00,2026-01-31 23:00:00,t2-direct-60103e48d3
2026-01-31 20:00:00,2026-02-01 02:00:00,3,0.008683883849813865,0.018333333333333333,-0.009649449483519468,0.42,-1.0,1.0,0.00836281709638758,0.07348872437711149,2,2026-01-31 17:00:00,2026-01-31 23:00:00,t2-direct-60103e48d3
2026-01-31 21:00:00,2026-02-01 03:00:00,4,0.0078054844656605905,0.018333333333333333,-0.010527848867672742,0.4,-1.2,1.0,0.0078054844656605905,0.0809286042083771,2,2026-01-31 17:00:00,2026-01-31 23:00:00,t2-direct-60103e48d3
2026-01-31 22:00:00,2026-02-01 04:00:00,5,0.008956572562420379,0.018333333333333333,-0.009376760770912955,0.96,-1.4,1.0,0.008420439450407258,0.1216246525173773,2,2026-01-31 17:00:00,2026-01-31 23:00:00,t2-direct-60103e48d3
2026-01-31 23:00:00,2026-02-01 05:00:00,6,0.011367802021394273,0.018333333333333333,-0.00696553131193906,0.8,-1.9,1.0,0.00777194408199431,0.22898897639487054,2,2026-01-31 17:00:00,2026-01-31 23:00:00,t2-direct-60103e48d3
2026-02-01 00:00:00,2026-02-01 06:00:00,7,0.021351681872681796,0.021478157465992753,-0.0001264755933109568,1.49,-1.2,1.0,0.008743542154763953,0.31761707233298997,2,2026-01-31 17:00:00,2026-01-31 23:00:00,t2-direct-60103e48d3
2026-02-01 01:00:00,2026-02-01 07:00:00,8,0.07080279431483982,0.031090155763407942,0.03971263855143188,2.12,-1.7,1.0,0.007259046313980874,0.5100709558400454,2,2026-01-31 17:00:00,2026-01-31 23:00:00,t2-direct-60103e48d3
2026-02-01 02:00:00,2026-02-01 08:00:00,9,0.12326568773303942,0.06392563565745149,0.05934005207558793,3.33,-1.9,1.0,0.005422940050202871,0.6400716517539515,2,2026-01-31 17:00:00,2026-01-31 23:00:00,t2-direct-60103e48d3
2026-02-01 03:00:00,2026-02-01 09:00:00,10,0.10799840672604644,0.1835357474826722,-0.07553734075662577,5.05,-1.1,1.0,0.006009256190167553,0.7324853194634304,2,2026-01-31 17:00:00,2026-01-31 23:00:00,t2-direct-60103e48d3
2026-02-01 04:00:00,2026-02-01 10:00:00,11,0.1961386696866273,0.1602499360413007,0.035888733645326604,4.83,1.2,1.0,0.0,0.8102878746131573,2,2026-01-31 17:00:00,2026-01-31 23:00:00,t2-direct-60103e48d3
2026-02-01 05:00:00,2026-02-01 11:00:00,12,0.22661000452056818,0.12802565455891085,0.09858434996165732,4.53,2.5,1.0,0.007278623750451241,0.8343550625541323,2,2026-01-31 17:00:00,2026-01-31 23:00:00,t2-direct-60103e48d3
2026-02-01 06:00:00,2026-02-01 12:00:00,13,0.326571058986356,0.20315684343383814,0.12341421555251789,5.28,4.1,2.0,0.020991020496098856,0.9097391932157748,2,2026-01-31 17:00:00,2026-01-31 23:00:00,t2-direct-60103e48d3
2026-02-01 07:00:00,2026-02-01 13:00:00,14,0.3960167731041635,0.2530773702303682,0.1429394028737953,5.72,4.9,2.0,0.007350731993076509,0.9125784010000793,2,2026-01-31 17:00:00,2026-01-31 23:00:00,t2-direct-60103e48d3
2026-02-01 08:00:00,2026-02-01 14:00:00,15,0.38947566938541134,0.24945532644103885,0.1400203429443725,5.69,5.1,2.0,0.01683865589659611,0.8733923821845281,2,2026-01-31 17:00:00,2026-01-31 23:00:00,t2-direct-60103e48d3
2026-02-01 09:00:00,2026-02-01 15:00:00,16,0.3772002194130991,0.19832255886264827,0.17887766055045085,5.24,5.5,2.0,0.013665174537466906,0.8628289936459053,2,2026-01-31 17:00:00,2026-01-31 23:00:00,t2-direct-60103e48d3
2026-02-01 10:00:00,2026-02-01 16:00:00,17,0.36666052494540313,0.177669185133413,0.18899133981199012,5.03,5.3,2.0,0.016253285741030132,0.8795820438864715,2,2026-01-31 17:00:00,2026-01-31 23:00:00,t2-direct-60103e48d3
2026-02-01 11:00:00,2026-02-01 17:00:00,18,0.38509414375189627,0.2924494233726138,0.09264472037928245,6.02,3.6,2.0,0.0183910355844214,0.8983577475652373,2,2026-01-31 17:00:00,2026-01-31 23:00:00,t2-direct-60103e48d3
2026-02-01 12:00:00,2026-02-01 18:00:00,19,0.28052223967902057,0.28037050510976924,0.00015173456925132722,5.91,1.0,2.0,0.007240880013224038,0.8113017962390691,2,2026-01-31 17:00:00,2026-01-31 23:00:00,t2-direct-60103e48d3
2026-02-01 13:00:00,2026-02-01 19:00:00,20,0.2378813748860091,0.3009465840825632,-0.06306520919655409,6.06,0.3,2.0,0.0015183967337432103,0.7442863748749033,2,2026-01-31 17:00:00,2026-01-31 23:00:00,t2-direct-60103e48d3
2026-02-01 14:00:00,2026-02-01 20:00:00,21,0.2643762287383263,0.2971602069590923,-0.03278397822076601,6.03,0.1,2.0,0.0030703618960394863,0.7843004279847532,2,2026-01-31 17:00:00,2026-01-31 23:00:00,t2-direct-60103e48d3
2026-02-01 15:00:00,2026-02-01 21:00:00,22,0.3055631042638225,0.3623463507608966,-0.056783246497074114,6.49,-0.1,2.0,0.008385849591321992,0.8040317300814352,2,2026-01-31 17:00:00,2026-01-31 23:00:00,t2-direct-60103e48d3
2026-02-01 16:00:00,2026-02-01 22:00:00,23,0.3155037276557553,0.36409659396366884,-0.04859286630791354,6.5,-0.3,2.0,0.01680192376923001,0.8551171605113562,2,2026-01-31 17:00:00,2026-01-31 23:00:00,t2-direct-60103e48d3
2026-02-01 17:00:00,2026-02-01 23:00:00,24,0.27105871733591325,0.3764259225967002,-0.10536720526078697,6.58,-0.5,2.0,0.018878169515582743,0.8073608240841657,2,2026-01-31 17:00:00,2026-01-31 23:00:00,t2-direct-60103e48d3
2026-02-01 18:00:00,2026-02-02 00:00:00,25,0.23196035888150054,0.29006712615706653,-0.05810676727556599,5.97,-0.8,2.0,0.0,0.7974514394993449,2,2026-01-31 17:00:00,2026-01-31 23:00:00,t2-direct-60103e48d3
2026-02-01 19:00:00,2026-02-02 01:00:00,26,0.16227064306664288,0.2567351097980993,-0.09446446673145645,5.71,-1.1,2.0,0.0,0.7898799973990135,2,2026-01-31 17:00:00,2026-01-31 23:00:00,t2-direct-60103e48d3
2026-02-01 20:00:00,2026-02-02 02:00:00,27,0.27723954672788614,0.29986180162267567,-0.02262225489478953,6.04,-1.3,2.0,0.009045878357828774,0.8220774636472059,2,2026-01-31 17:00:00,2026-01-31 23:00:00,t2-direct-60103e48d3
2026-02-01 21:00:00,2026-02-02 03:00:00,28,0.33520808474972114,0.3118299410508282,0.02337814369889296,6.13,-1.3,2.0,0.013973555173841079,0.8403596718373043,2,2026-01-31 17:00:00,2026-01-31 23:00:00,t2-direct-60103e48d3
2026-02-01 22:00:00,2026-02-02 04:00:00,29,0.396524107159487,0.3173504224733517,0.07917368468613528,6.17,-1.5,2.0,0.04578227710048538,0.890984639285495,2,2026-01-31 17:00:00,2026-01-31 23:00:00,t2-direct-60103e48d3
2026-02-01 23:00:00,2026-02-02 05:00:00,30,0.4385427041501854,0.3150920865565517,0.12345061759363374,6.15,-1.9,2.0,0.04422708993272606,0.9074617448290785,2,2026-01-31 17:00:00,2026-01-31 23:00:00,t2-direct-60103e48d3
2026-02-02 00:00:00,2026-02-02 06:00:00,31,0.3596970277277753,0.3541525852358045,0.00554444249197078,6.42,-2.1,2.0,0.04461545094717112,0.9376802883022468,2,2026-01-31 17:00:00,2026-01-31 23:00:00,t2-direct-60103e48d3
2026-02-02 01:00:00,2026-02-02 07:00:00,32,0.34336110610939513,0.3483337936128378,-0.004972687503442652,6.38,-2.3,2.0,0.039186104799074084,0.947596830712665,2,2026-01-31 17:00:00,2026-01-31 23:00:00,t2-direct-60103e48d3
2026-02-02 02:00:00,2026-02-02 08:00:00,33,0.3271038062133264,0.37583944045178735,-0.048735634238460945,6.56,-2.5,2.0,0.04305346774395086,0.9643423287119208,2,2026-01-31 17:00:00,2026-01-31 23:00:00,t2-direct-60103e48d3
2026-02-02 03:00:00,2026-02-02 09:00:00,34,0.4788480672236221,0.36983715172097675,0.10901091550264536,6.53,-1.3,2.0,0.1142937726691805,0.9727851133483691,2,2026-01-31 17:00:00,2026-01-31 23:00:00,t2-direct-60103e48d3
2026-02-02 04:00:00,2026-02-02 10:00:00,35,0.5064872365375856,0.4993605016980353,0.007126734839550342,7.22,2.0,2.0,0.07177779617859426,0.9730436944987539,2,2026-01-31 17:00:00,2026-01-31 23:00:00,t2-direct-60103e48d3
2026-02-02 05:00:00,2026-02-02 11:00:00,36,0.7748576467965118,0.36556074353623674,0.40929690326027507,6.55,4.8,2.0,0.09153424756426509,0.9694045104177976,2,2026-01-31 17:00:00,2026-01-31 23:00:00,t2-direct-60103e48d3
2026-02-02 06:00:00,2026-02-02 12:00:00,37,0.894194559748105,0.6016235357192834,0.2925710240288216,7.88,6.3,3.0,0.3144704621676748,0.9684386989174963,2,2026-01-31 17:00:00,2026-01-31 23:00:00,t2-direct-60103e48d3
2026-02-02 07:00:00,2026-02-02 13:00:00,38,0.9004291713229926,0.671196121232105,0.22923305009088757,8.53,7.4,3.0,0.3319222262795225,0.972475967100261,2,2026-01-31 17:00:00,2026-01-31 23:00:00,t2-direct-60103e48d3
2026-02-02 08:00:00,2026-02-02 14:00:00,39,0.9223499822200507,0.8111548339410974,0.11119514827895327,9.35,8.4,3.0,0.36773522337857767,0.9729640446330678,2,2026-01-31 17:00:00,2026-01-31 23:00:00,t2-direct-60103e48d3
2026-02-02 09:00:00,2026-02-02 15:00:00,40,0.9190105066588488,0.7375516232277104,0.18145888343113836,9.07,8.4,3.0,0.3846794798373169,0.9732546962656473,2,2026-01-31 17:00:00,2026-01-31 23:00:00,t2-direct-60103e48d3
2026-02-02 10:00:00,2026-02-02 16:00:00,41,0.8398868101430707,0.6552732623015715,0.1846135478414992,8.3,7.6,3.0,0.2762522257203528,0.9748202821947017,2,2026-01-31 17:00:00,2026-01-31 23:00:00,t2-direct-60103e48d3
2026-02-02 11:00:00,2026-02-02 17:00:00,42,0.6346957577804323,0.6024919310600666,0.0322038267203657,7.88,5.6,3.0,0.14278706083779413,0.9584976860228456,2,2026-01-31 17:00:00,2026-01-31 23:00:00,t2-direct-60103e48d3
2026-02-02 12:00:00,2026-02-02 18:00:00,43,0.3522562493142868,0.06891175726044999,0.2833444920538368,3.44,2.0,3.0,0.053832975203556954,0.8662225392251891,2,2026-01-31 17:00:00,2026-01-31 23:00:00,t2-direct-60103e48d3
2026-02-02 13:00:00,2026-02-02 19:00:00,44,0.24637875646468524,0.02235326544790592,0.22402549101677932,1.56,1.0,3.0,0.0035573660281671138,0.7789035348301654,2,2026-01-31 17:00:00,2026-01-31 23:00:00,t2-direct-60103e48d3
2026-02-02 14:00:00,2026-02-02 20:00:00,45,0.17413221522537412,0.02601965251880692,0.1481125627065672,1.82,0.5,3.0,0.003960561328839263,0.5079986664474638,2,2026-01-31 17:00:00,2026-01-31 23:00:00,t2-direct-60103e48d3
2026-02-02 15:00:00,2026-02-02 21:00:00,46,0.12287983034666074,0.020087764491191724,0.10279206585546902,1.39,1.5,3.0,0.005342678813357621,0.4012995291928118,2,2026-01-31 17:00:00,2026-01-31 23:00:00,t2-direct-60103e48d3
2026-02-02 16:00:00,2026-02-02 22:00:00,47,0.08892901172677213,0.02273316986528969,0.06619584186148245,1.59,1.7,3.0,0.004391021877066553,0.3815569119834796,2,2026-01-31 17:00:00,2026-01-31 23:00:00,t2-direct-60103e48d3
2026-02-02 17:00:00,2026-02-02 23:00:00,48,0.05920620799475831,0.019681445513597313,0.03952476248116099,1.36,1.9,3.0,0.007119975415929174,0.4138217412075464,2,2026-01-31 17:00:00,2026-01-31 23:00:00,t2-direct-60103e48d3
2026-02-01 18:00:00,2026-02-02 00:00:00,1,0.20408430126269259,0.23168022881264447,-0.027595927549951882,5.5,-0.3,1.0,0.00912915537608952,0.7924956572780991,2,2026-02-01 17:00:00,2026-02-01 23:00:00,t2-direct-60103e48d3
2026-02-01 19:00:00,2026-02-02 01:00:00,2,0.3030251379796837,0.3387639239092847,-0.035738785929601,6.33,-0.6,1.0,0.011454596698743547,0.8627929868800199,2,2026-02-01 17:00:00,2026-02-01 23:00:00,t2-direct-60103e48d3
2026-02-01 20:00:00,2026-02-02 02:00:00,3,0.3369337059947383,0.38737288119894375,-0.05043917520420543,6.65,-0.8,1.0,0.016166259567755525,0.8705418373860354,2,2026-02-01 17:00:00,2026-02-01 23:00:00,t2-direct-60103e48d3
2026-02-01 21:00:00,2026-02-02 03:00:00,4,0.4305947423640572,0.386230000194488,0.044364742169569205,6.64,-1.1,1.0,0.024356093445963012,0.9005096752601534,2,2026-02-01 17:00:00,2026-02-01 23:00:00,t2-direct-60103e48d3
2026-02-01 22:00:00,2026-02-02 04:00:00,5,0.4682328958088104,0.35029156674322715,0.11794132906558324,6.4,-1.4,1.0,0.03909253528334272,0.9020606748730255,2,2026-02-01 17:00:00,2026-02-01 23:00:00,t2-direct-60103e48d3
2026-02-01 23:00:00,2026-02-02 05:00:00,6,0.4096599603070192,0.3537942186588474,0.05586574164817176,6.42,-1.8,1.0,0.03641139808864907,0.9382137850404546,2,2026-02-01 17:00:00,2026-02-01 23:00:00,t2-direct-60103e48d3
2026-02-02 00:00:00,2026-02-02 06:00:00,7,0.38697265580601753,0.42305790682444705,-0.03608525101842952,6.84,-2.0,1.0,0.04602504172701649,0.9666387184934477,2,2026-02-01 17:00:00,2026-02-01 23:00:00,t2-direct-60103e48d3
2026-02-02 01:00:00,2026-02-02 07:00:00,8,0.3400934144559699,0.41476249258233233,-0.07466907812636242,6.8,-2.3,1.0,0.011745322115416179,0.9677395256999135,2,2026-02-01 17:00:00,2026-02-01 23:00:00,t2-direct-60103e48d3
2026-02-02 02:00:00,2026-02-02 08:00:00,9,0.29929756674162317,0.3775995891406366,-0.07830202239901346,6.57,-2.7,1.0,0.00833531904287077,0.971432764826283,2,2026-02-01 17:00:00,2026-02-01 23:00:00,t2-direct-60103e48d3
2026-02-02 03:00:00,2026-02-02 09:00:00,10,0.4960040891190319,0.35972841039671355,0.13627567872231833,6.46,-1.7,1.0,0.10849034281064474,0.9718651720195992,2,2026-02-01 17:00:00,2026-02-01 23:00:00,t2-direct-60103e48d3
2026-02-02 04:00:00,2026-02-02 10:00:00,11,0.5121250511664298,0.596784433643142,-0.08465938247671223,7.8,1.7,1.0,0.07018935788423636,0.9773749707304311,2,2026-02-01 17:00:00,2026-02-01 23:00:00,t2-direct-60103e48d3
2026-02-02 05:00:00,2026-02-02 11:00:00,12,0.7630099743997495,0.3994483476461006,0.3635616267536489,6.77,4.1,1.0,0.06041225308731479,0.9699185776730669,2,2026-02-01 17:00:00,2026-02-01 23:00:00,t2-direct-60103e48d3
2026-02-02 06:00:00,2026-02-02 12:00:00,13,0.8479420879728852,0.51049732189216,0.33744476608072516,7.31,6.5,2.0,0.2005618090054221,0.966836423626702,2,2026-02-01 17:00:00,2026-02-01 23:00:00,t2-direct-60103e48d3
2026-02-02 07:00:00,2026-02-02 13:00:00,14,0.8847653205115886,0.6418613139565582,0.24290400655503042,8.2,7.8,2.0,0.2342545940420433,0.9654689993644462,2,2026-02-01 17:00:00,2026-02-01 23:00:00,t2-direct-60103e48d3
2026-02-02 08:00:00,2026-02-02 14:00:00,15,0.9047655008783606,0.7212189608177938,0.1835465400605668,9.01,8.6,2.0,0.2760434322196238,0.970559780246471,2,2026-02-01 17:00:00,2026-02-01 23:00:00,t2-direct-60103e48d3
2026-02-02 09:00:00,2026-02-02 15:00:00,16,0.8495248418973048,0.6848467396859891,0.16467810221131574,8.84,8.7,2.0,0.2876094991011242,0.9725906629490023,2,2026-02-01 17:00:00,2026-02-01 23:00:00,t2-direct-60103e48d3
2026-02-02 10:00:00,2026-02-02 16:00:00,17,0.751571438988145,0.5356818884113727,0.2158895505767724,7.47,7.8,2.0,0.09246359429302309,0.9731804492909959,2,2026-02-01 17:00:00,2026-02-01 23:00:00,t2-direct-60103e48d3
2026-02-02 11:00:00,2026-02-02 17:00:00,18,0.5415190302510258,0.09946997107432047,0.4420490591767053,4.22,5.0,2.0,0.03546085283618883,0.9689184919489817,2,2026-02-01 17:00:00,2026-02-01 23:00:00,t2-direct-60103e48d3
2026-02-02 12:00:00,2026-02-02 18:00:00,19,0.569014729823478,0.24859564133320192,0.3204190884902761,5.66,1.8,2.0,0.08889939265410479,0.8684331634244311,2,2026-02-01 17:00:00,2026-02-01 23:00:00,t2-direct-60103e48d3
2026-02-02 13:00:00,2026-02-02 19:00:00,20,0.3519404351714601,0.10472143093260826,0.24721900423885185,4.3,0.6,2.0,0.04865360683055031,0.8023448655907294,2,2026-02-01 17:00:00,2026-02-01 23:00:00,t2-direct-60103e48d3
2026-02-02 14:00:00,2026-02-02 20:00:00,21,0.1346986725658912,0.08917697181504634,0.04552170075084484,3.85,0.0,2.0,0.010571125551088967,0.603744244217703,2,2026-02-01 17:00:00,2026-02-01 23:00:00,t2-direct-60103e48d3
2026-02-02 15:00:00,2026-02-02 21:00:00,22,0.09769558897422119,0.11920825484800048,-0.021512665873779285,4.43,-0.6,2.0,0.012660181884195154,0.5920289311905947,2,2026-02-01 17:00:00,2026-02-01 23:00:00,t2-direct-60103e48d3
2026-02-02 16:00:00,2026-02-02 22:00:00,23,0.09526925017648076,0.13645393288867969,-0.041184682712198925,4.59,-1.0,2.0,0.013693008454030986,0.5613697217031959,2,2026-02-01 17:00:00,2026-02-01 23:00:00,t2-direct-60103e48d3
2026-02-02 17:00:00,2026-02-02 23:00:00,24,0.11212032639683689,0.06920387562539257,0.04291645077144432,3.43,-1.7,2.0,0.009818951738746196,0.5325683568060466,2,2026-02-01 17:00:00,2026-02-01 23:00:00,t2-direct-60103e48d3
2026-02-02 18:00:00,2026-02-03 00:00:00,25,0.12384369122680507,0.04239800221282945,0.08144568901397561,2.6,-0.3,2.0,0.006012199720708142,0.5609075202289963,2,2026-02-01 17:00:00,2026-02-01 23:00:00,t2-direct-60103e48d3
2026-02-02 19:00:00,2026-02-03 01:00:00,26,0.19810444668819138,0.09035770665687322,0.10774674003131816,3.89,0.1,2.0,0.00729413759828193,0.7077437585729852,2,2026-02-01 17:00:00,2026-02-01 23:00:00,t2-direct-60103e48d3
2026-02-02 20:00:00,2026-02-03 02:00:00,27,0.28729195592552875,0.22060764151312345,0.0666843144124053,5.41,0.5,2.0,0.014160818924486118,0.8273074988496896,2,2026-02-01 17:00:00,2026-02-01 23:00:00,t2-direct-60103e48d3
2026-02-02 21:00:00,2026-02-03 03:00:00,28,0.3298060182582875,0.22734202466220538,0.1024639935960821,5.46,-0.7,2.0,0.0257997035276899,0.8575829532448505,2,2026-02-01 17:00:00,2026-02-01 23:00:00,t2-direct-60103e48d3
2026-02-02 22:00:00,2026-02-03 04:00:00,29,0.24098535614501235,0.18565389083944117,0.055331465305571176,5.07,-1.3,2.0,0.012375657672965112,0.860740251964823,2,2026-02-01 17:00:00,2026-02-01 23:00:00,t2-direct-60103e48d3
2026-02-02 23:00:00,2026-02-03 05:00:00,30,0.20554851604148017,0.13474443825541926,0.0708040777860609,4.57,-1.7,2.0,0.012949610739721645,0.8573072840343086,2,2026-02-01 17:00:00,2026-02-01 23:00:00,t2-direct-60103e48d3
2026-02-03 00:00:00,2026-02-03 06:00:00,31,0.166412246813101,0.15064811647092521,0.015764130342175775,4.72,-1.6,2.0,0.004915239985930991,0.805558595480815,2,2026-02-01 17:00:00,2026-02-01 23:00:00,t2-direct-60103e48d3
2026-02-03 01:00:00,2026-02-03 07:00:00,32,0.060467595907885814,0.1014374806226863,-0.04096988471480049,4.25,-2.0,2.0,0.003548495163863165,0.7800687509395257,2,2026-02-01 17:00:00,2026-02-01 23:00:00,t2-direct-60103e48d3
2026-02-03 02:00:00,2026-02-03 08:00:00,33,0.06629677229803217,0.05960985657025075,0.00668691572778142,3.24,-2.3,2.0,0.0066343822139462855,0.6510795212029962,2,2026-02-01 17:00:00,2026-02-01 23:00:00,t2-direct-60103e48d3
2026-02-03 03:00:00,2026-02-03 09:00:00,34,0.05527745575246567,0.02820344278646166,0.02707401296600401,1.95,-0.2,2.0,0.006546648858872239,0.5055808280040087,2,2026-02-01 17:00:00,2026-02-01 23:00:00,t2-direct-60103e48d3
2026-02-03 04:00:00,2026-02-03 10:00:00,35,0.04608983845782616,0.020578927875732102,0.025510910582094058,1.43,3.2,2.0,0.0058256748992844345,0.33878991335829745,2,2026-02-01 17:00:00,2026-02-01 23:00:00,t2-direct-60103e48d3
2026-02-03 05:00:00,2026-02-03 11:00:00,36,0.019727226272981322,0.028672102085968383,-0.008944875812987061,1.99,4.7,2.0,0.00853083073370746,0.21186875174969538,2,2026-02-01 17:00:00,2026-02-01 23:00:00,t2-direct-60103e48d3
2026-02-03 06:00:00,2026-02-03 12:00:00,37,0.01221387594420763,0.052946513261174666,-0.04073263731696704,3.02,6.0,3.0,0.00814581561746378,0.21278461123966844,2,2026-02-01 17:00:00,2026-02-01 23:00:00,t2-direct-60103e48d3
2026-02-03 07:00:00,2026-02-03 13:00:00,38,0.009543851643328704,0.05151654401097335,-0.04197269236764465,2.97,7.2,3.0,0.008168872362294162,0.1445990396780018,2,2026-02-01 17:00:00,2026-02-01 23:00:00,t2-direct-60103e48d3
2026-02-03 08:00:00,2026-02-03 14:00:00,39,0.014195673758192072,0.06676780792334763,-0.05257213416515556,3.42,7.0,3.0,0.008592811668004624,0.14829041362652515,2,2026-02-01 17:00:00,2026-02-01 23:00:00,t2-direct-60103e48d3
2026-02-03 09:00:00,2026-02-03 15:00:00,40,0.033594553843714924,0.06786416039753544,-0.03426960655382052,3.44,6.8,3.0,0.00825563108360236,0.2604732031451158,2,2026-02-01 17:00:00,2026-02-01 23:00:00,t2-direct-60103e48d3
2026-02-03 10:00:00,2026-02-03 16:00:00,41,0.058649437755482856,0.1599318623245343,-0.10128242456905144,4.86,6.9,3.0,0.007793865654211057,0.33446325007549954,2,2026-02-01 17:00:00,2026-02-01 23:00:00,t2-direct-60103e48d3
2026-02-03 11:00:00,2026-02-03 17:00:00,42,0.13499501695093488,0.17790771812069217,-0.04291270116975729,5.03,4.9,3.0,0.005023556819502256,0.6128949790189295,2,2026-02-01 17:00:00,2026-02-01 23:00:00,t2-direct-60103e48d3
2026-02-03 12:00:00,2026-02-03 18:00:00,43,0.25249094393887533,0.4702950526623388,-0.21780410872346345,7.1,3.4,3.0,0.000956918719159594,0.7007249004398923,2,2026-02-01 17:00:00,2026-02-01 23:00:00,t2-direct-60103e48d3
2026-02-03 13:00:00,2026-02-03 19:00:00,44,0.24020206586572285,0.3910387093138533,-0.15083664344813047,6.71,3.6,3.0,0.014027078442767182,0.759072150258941,2,2026-02-01 17:00:00,2026-02-01 23:00:00,t2-direct-60103e48d3
2026-02-03 14:00:00,2026-02-03 20:00:00,45,0.23001540388019653,0.31908555000682676,-0.08907014612663022,6.22,3.4,3.0,0.00541121858855978,0.6849777468890497,2,2026-02-01 17:00:00,2026-02-01 23:00:00,t2-direct-60103e48d3
2026-02-03 15:00:00,2026-02-03 21:00:00,46,0.17501527454129093,0.23938529817371554,-0.06437002363242461,5.59,3.2,3.0,0.007115409116887905,0.5898163192722604,2,2026-02-01 17:00:00,2026-02-01 23:00:00,t2-direct-60103e48d3
2026-02-03 16:00:00,2026-02-03 22:00:00,47,0.1504703064880813,0.19374317821979226,-0.04327287173171096,5.18,3.3,3.0,0.009471886984124683,0.552744478904794,2,2026-02-01 17:00:00,2026-02-01 23:00:00,t2-direct-60103e48d3
2026-02-03 17:00:00,2026-02-03 23:00:00,48,0.16704972072371754,0.2968007947425121,-0.12975107401879454,6.05,3.2,3.0,0.010206887606664716,0.6006649129260047,2,2026-02-01 17:00:00,2026-02-01 23:00:00,t2-direct-60103e48d3
2026-02-02 18:00:00,2026-02-03 00:00:00,1,0.09826490343308644,0.09287771531654938,0.005387188116537059,3.97,-0.8,1.0,0.010422906811467875,0.5815813193954827,2,2026-02-02 17:00:00,2026-02-02 23:00:00,t2-direct-60103e48d3
2026-02-02 19:00:00,2026-02-03 01:00:00,2,0.1691670332997959,0.1973050734617055,-0.0281380401619096,5.19,-0.8,1.0,0.01204224471207821,0.7404928167333976,2,2026-02-02 17:00:00,2026-02-02 23:00:00,t2-direct-60103e48d3
2026-02-02 20:00:00,2026-02-03 02:00:00,3,0.26168745832907914,0.3006989581100368,-0.03901149978095764,6.05,-0.8,1.0,0.027659351618584654,0.8549269665577448,2,2026-02-02 17:00:00,2026-02-02 23:00:00,t2-direct-60103e48d3
2026-02-02 21:00:00,2026-02-03 03:00:00,4,0.4151866789820012,0.3604015706706198,0.05478510831138139,6.47,-1.0,1.0,0.057307383697977665,0.9093758170286298,2,2026-02-02 17:00:00,2026-02-02 23:00:00,t2-direct-60103e48d3
2026-02-02 22:00:00,2026-02-03 04:00:00,5,0.4553871802344465,0.3686875677453965,0.08669961248905,6.52,-1.6,1.0,0.07508360261644575,0.9305957699334251,2,2026-02-02 17:00:00,2026-02-02 23:00:00,t2-direct-60103e48d3
2026-02-02 23:00:00,2026-02-03 05:00:00,6,0.3818297587868371,0.3703220877023539,0.011507671084483195,6.53,-1.7,1.0,0.05013526749187841,0.9077854214773923,2,2026-02-02 17:00:00,2026-02-02 23:00:00,t2-direct-60103e48d3
2026-02-03 00:00:00,2026-02-03 06:00:00,7,0.24944625051716304,0.15737563378187905,0.092070616735284,4.78,-2.4,1.0,0.05830519451695898,0.8628415783894235,2,2026-02-02 17:00:00,2026-02-02 23:00:00,t2-direct-60103e48d3
2026-02-03 01:00:00,2026-02-03 07:00:00,8,0.22860230980867524,0.038072611145881126,0.19052969866279412,2.43,-2.7,1.0,0.027210810358886228,0.7989475231377068,2,2026-02-02 17:00:00,2026-02-02 23:00:00,t2-direct-60103e48d3
2026-02-03 02:00:00,2026-02-03 08:00:00,9,0.11174593370995373,0.06942857851608143,0.042317355193872294,3.43,-2.7,1.0,0.011383998772918694,0.7038246946253577,2,2026-02-02 17:00:00,2026-02-02 23:00:00,t2-direct-60103e48d3
2026-02-03 03:00:00,2026-02-03 09:00:00,10,0.04403028055965946,0.038960807744115686,0.005069472815543777,2.47,-0.5,1.0,0.00955584468171141,0.42236979489898413,2,2026-02-02 17:00:00,2026-02-02 23:00:00,t2-direct-60103e48d3
2026-02-03 04:00:00,2026-02-03 10:00:00,11,0.031456662362021756,0.04397378773787223,-0.012517125375850473,2.67,3.0,1.0,0.006663394754689852,0.2819379996677976,2,2026-02-02 17:00:00,2026-02-02 23:00:00,t2-direct-60103e48d3
2026-02-03 05:00:00,2026-02-03 11:00:00,12,0.02216395246587279,0.06770461954180708,-0.045540667075934294,3.43,5.1,1.0,0.00862869791104964,0.22817858042566036,2,2026-02-02 17:00:00,2026-02-02 23:00:00,t2-direct-60103e48d3
2026-02-03 06:00:00,2026-02-03 12:00:00,13,0.01875348083721779,0.08752499728815426,-0.06877151645093646,3.82,5.5,2.0,0.006138096130309998,0.22761897825967092,2,2026-02-02 17:00:00,2026-02-02 23:00:00,t2-direct-60103e48d3
2026-02-03 07:00:00,2026-02-03 13:00:00,14,0.01821553088522615,0.08217921893634793,-0.06396368805112178,3.71,6.4,2.0,0.008267841329874842,0.2320712794059665,2,2026-02-02 17:00:00,2026-02-02 23:00:00,t2-direct-60103e48d3
2026-02-03 08:00:00,2026-02-03 14:00:00,15,0.022745471099301494,0.04126621994769544,-0.01852074884839395,2.58,7.0,2.0,0.008664722746957464,0.21468677044074277,2,2026-02-02 17:00:00,2026-02-02 23:00:00,t2-direct-60103e48d3
2026-02-03 09:00:00,2026-02-03 15:00:00,16,0.044341353154468625,0.05305810405077335,-0.008716750896304727,3.03,7.6,2.0,0.008568613118605989,0.2987609330310696,2,2026-02-02 17:00:00,2026-02-02 23:00:00,t2-direct-60103e48d3
2026-02-03 10:00:00,2026-02-03 16:00:00,17,0.07948641623803993,0.16370925798034863,-0.08422284174230871,4.9,7.2,2.0,0.007935037418074484,0.3868823530719728,2,2026-02-02 17:00:00,2026-02-02 23:00:00,t2-direct-60103e48d3
2026-02-03 11:00:00,2026-02-03 17:00:00,18,0.09694183556647785,0.15186163374990458,-0.054919798183426724,4.77,5.1,2.0,0.008406213565133422,0.4122261695797963,2,2026-02-02 17:00:00,2026-02-02 23:00:00,t2-direct-60103e48d3
2026-02-03 12:00:00,2026-02-03 18:00:00,19,0.16420693119000754,0.09758457691520343,0.0666223542748041,4.14,1.7,2.0,0.006204312404266388,0.5753891533792056,2,2026-02-02 17:00:00,2026-02-02 23:00:00,t2-direct-60103e48d3
2026-02-03 13:00:00,2026-02-03 19:00:00,20,0.2349262475915506,0.29654095934753755,-0.061614711755986956,6.04,2.1,2.0,0.000978277385001447,0.7431183851399332,2,2026-02-02 17:00:00,2026-02-02 23:00:00,t2-direct-60103e48d3
2026-02-03 14:00:00,2026-02-03 20:00:00,21,0.28462014110797357,0.5707804937027964,-0.2861603525948228,7.64,2.1,2.0,0.007938654100874076,0.8222858246996441,2,2026-02-02 17:00:00,2026-02-02 23:00:00,t2-direct-60103e48d3
2026-02-03 15:00:00,2026-02-03 21:00:00,22,0.26640789861752845,0.47035763337029507,-0.20394973475276662,7.09,2.2,2.0,0.01989545830429848,0.8119297050901719,2,2026-02-02 17:00:00,2026-02-02 23:00:00,t2-direct-60103e48d3
2026-02-03 16:00:00,2026-02-03 22:00:00,23,0.2549070391338354,0.3943745739380646,-0.1394675348042292,6.72,2.1,2.0,0.018526925147182238,0.7803911659785767,2,2026-02-02 17:00:00,2026-02-02 23:00:00,t2-direct-60103e48d3
2026-02-03 17:00:00,2026-02-03 23:00:00,24,0.20490907392978136,0.37581680507754506,-0.1709077311477637,6.6,2.5,2.0,0.011219632683575703,0.6798629963898084,2,2026-02-02 17:00:00,2026-02-02 23:00:00,t2-direct-60103e48d3
2026-02-03 18:00:00,2026-02-04 00:00:00,25,0.1817140723550943,0.21075326750764029,-0.029039195152545993,5.34,2.8,2.0,0.005345665610467759,0.6058556882197059,2,2026-02-02 17:00:00,2026-02-02 23:00:00,t2-direct-60103e48d3
2026-02-03 19:00:00,2026-02-04 01:00:00,26,0.21016787467219017,0.20404039608764235,0.006127478584547819,5.28,2.7,2.0,0.006158112505711161,0.7295085880960643,2,2026-02-02 17:00:00,2026-02-02 23:00:00,t2-direct-60103e48d3
2026-02-03 20:00:00,2026-02-04 02:00:00,27,0.2542332168093408,0.31316395046988715,-0.05893073366054635,6.17,2.7,2.0,0.004865769644107176,0.7504140810699103,2,2026-02-02 17:00:00,2026-02-02 23:00:00,t2-direct-60103e48d3
2026-02-03 21:00:00,2026-02-04 03:00:00,28,0.2711893806370367,0.36943611709834384,-0.09824673646130716,6.56,2.8,2.0,0.0051313704032825425,0.7888138710379818,2,2026-02-02 17:00:00,2026-02-02 23:00:00,t2-direct-60103e48d3
2026-02-03 22:00:00,2026-02-04 04:00:00,29,0.3195786703880269,0.4025485580172925,-0.0829698876292656,6.78,2.8,2.0,0.016320762914340425,0.8641827263655546,2,2026-02-02 17:00:00,2026-02-02 23:00:00,t2-direct-60103e48d3
2026-02-03 23:00:00,2026-02-04 05:00:00,30,0.3706108956514191,0.5673090337532951,-0.19669813810187603,7.62,2.3,2.0,0.026557777908962743,0.8922018513845476,2,2026-02-02 17:00:00,2026-02-02 23:00:00,t2-direct-60103e48d3
2026-02-04 00:00:00,2026-02-04 06:00:00,31,0.3237177759621528,0.36840780819162144,-0.04469003222946866,6.55,2.4,2.0,0.03445173155126918,0.8687857220697909,2,2026-02-02 17:00:00,2026-02-02 23:00:00,t2-direct-60103e48d3
2026-02-04 01:00:00,2026-02-04 07:00:00,32,0.40568239307882004,0.3121363440597787,0.09354604901904134,6.16,2.4,2.0,0.04489602232702261,0.8908360612948976,2,2026-02-02 17:00:00,2026-02-02 23:00:00,t2-direct-60103e48d3
2026-02-04 02:00:00,2026-02-04 08:00:00,33,0.4535195097568383,0.32944668514598574,0.12407282461085256,6.29,2.3,2.0,0.0438804357910203,0.9029237440781235,2,2026-02-02 17:00:00,2026-02-02 23:00:00,t2-direct-60103e48d3
2026-02-04 03:00:00,2026-02-04 09:00:00,34,0.4417156482783761,0.48299466359500204,-0.04127901531662592,7.15,2.5,2.0,0.03984717784007463,0.8807673363906852,2,2026-02-02 17:00:00,2026-02-02 23:00:00,t2-direct-60103e48d3
2026-02-04 04:00:00,2026-02-04 10:00:00,35,0.3120815479253659,0.3115453167265162,0.0005362311988497126,6.16,3.0,2.0,0.012358844446820227,0.7652581964627201,2,2026-02-02 17:00:00,2026-02-02 23:00:00,t2-direct-60103e48d3
2026-02-04 05:00:00,2026-02-04 11:00:00,36,0.1823210794314486,0.19448694016049606,-0.012165860729047462,5.19,3.7,2.0,0.007438865269432882,0.6741973908453388,2,2026-02-02 17:00:00,2026-02-02 23:00:00,t2-direct-60103e48d3
2026-02-04 06:00:00,2026-02-04 12:00:00,37,0.14266662398143573,0.16527423404692787,-0.02260761006549214,4.89,2.8,3.0,0.0058847345218662195,0.5557812418304925,2,2026-02-02 17:00:00,2026-02-02 23:00:00,t2-direct-60103e48d3
2026-02-04 07:00:00,2026-02-04 13:00:00,38,0.12529768767072966,0.18060867973227454,-0.055310992061544884,5.05,3.7,3.0,0.003870028589168961,0.4651594682637533,2,2026-02-02 17:00:00,2026-02-02 23:00:00,t2-direct-60103e48d3
2026-02-04 08:00:00,2026-02-04 14:00:00,39,0.10670199659382994,0.20594899781486065,-0.09924700122103071,5.31,4.6,3.0,0.00512422870528266,0.4112425791083106,2,2026-02-02 17:00:00,2026-02-02 23:00:00,t2-direct-60103e48d3
2026-02-04 09:00:00,2026-02-04 15:00:00,40,0.07012082197862589,0.17691784194152566,-0.10679701996289977,5.02,4.9,3.0,0.00805770883410735,0.38399529870207455,2,2026-02-02 17:00:00,2026-02-02 23:00:00,t2-direct-60103e48d3
2026-02-04 10:00:00,2026-02-04 16:00:00,41,0.06248384083955462,0.18786737163065795,-0.12538353079110331,5.13,4.8,3.0,0.006600513366174177,0.40447247411849574,2,2026-02-02 17:00:00,2026-02-02 23:00:00,t2-direct-60103e48d3
2026-02-04 11:00:00,2026-02-04 17:00:00,42,0.04757665166917016,0.18724262809783881,-0.13966597642866865,5.12,4.2,3.0,0.00855671395112935,0.3595550023952463,2,2026-02-02 17:00:00,2026-02-02 23:00:00,t2-direct-60103e48d3
2026-02-04 12:00:00,2026-02-04 18:00:00,43,0.025659061273991503,0.03206398930600781,-0.006404928032016307,2.19,2.6,3.0,0.009458290749531504,0.22821389957365254,2,2026-02-02 17:00:00,2026-02-02 23:00:00,t2-direct-60103e48d3
2026-02-04 13:00:00,2026-02-04 19:00:00,44,0.015458666273815525,0.018892941098065864,-0.003434274824250339,1.3,1.6,3.0,0.008747108548096644,0.22523788736063008,2,2026-02-02 17:00:00,2026-02-02 23:00:00,t2-direct-60103e48d3
2026-02-04 14:00:00,2026-02-04 20:00:00,45,0.05611067992685923,0.02050135707027994,0.03560932285657929,1.42,0.8,3.0,0.007119713049039619,0.40843842411385817,2,2026-02-02 17:00:00,2026-02-02 23:00:00,t2-direct-60103e48d3
2026-02-04 15:00:00,2026-02-04 21:00:00,46,0.20797425228081715,0.25975710257759266,-0.05178285029677551,5.75,0.9,3.0,0.0023749771631743355,0.7378619333388887,2,2026-02-02 17:00:00,2026-02-02 23:00:00,t2-direct-60103e48d3
2026-02-04 16:00:00,2026-02-04 22:00:00,47,0.2524935551956705,0.3659681113190274,-0.11347455612335688,6.51,-0.6,3.0,0.03018575644385879,0.9412016428784752,2,2026-02-02 17:00:00,2026-02-02 23:00:00,t2-direct-60103e48d3
2026-02-04 17:00:00,2026-02-04 23:00:00,48,0.4553678473649278,0.5684370013576838,-0.11306915399275602,7.59,-1.7,3.0,0.09246471095669406,1.0,2,2026-02-02 17:00:00,2026-02-02 23:00:00,t2-direct-60103e48d3
2026-02-03 18:00:00,2026-02-04 00:00:00,1,0.4086344029157991,0.37581680507754506,0.03281759783825405,6.6,2.5,1.0,0.03863725720202288,0.8905432775164182,2,2026-02-03 17:00:00,2026-02-03 23:00:00,t2-direct-60103e48d3
2026-02-03 19:00:00,2026-02-04 01:00:00,2,0.40453247324801644,0.33005941555501844,0.074473057692998,6.29,1.7,1.0,0.03175975242365647,0.921970364227964,2,2026-02-03 17:00:00,2026-02-03 23:00:00,t2-direct-60103e48d3
2026-02-03 20:00:00,2026-02-04 02:00:00,3,0.40781050856435846,0.5037643165688516,-0.0959538080044931,7.24,2.0,1.0,0.04094573497860898,0.9076348069452299,2,2026-02-03 17:00:00,2026-02-03 23:00:00,t2-direct-60103e48d3
2026-02-03 21:00:00,2026-02-04 03:00:00,4,0.35139560050223384,0.3577489237731049,-0.00635332327087107,6.48,2.5,1.0,0.03633325498086398,0.9033874770533401,2,2026-02-03 17:00:00,2026-02-03 23:00:00,t2-direct-60103e48d3
2026-02-03 22:00:00,2026-02-04 04:00:00,5,0.3844051544903683,0.3410707464694161,0.043334408020952175,6.37,2.6,1.0,0.04434218499734438,0.8776348096408337,2,2026-02-03 17:00:00,2026-02-03 23:00:00,t2-direct-60103e48d3
2026-02-03 23:00:00,2026-02-04 05:00:00,6,0.4542773683958944,0.311939144444474,0.14233822395142037,6.16,2.6,1.0,0.04789375921905914,0.9548975243553077,2,2026-02-03 17:00:00,2026-02-03 23:00:00,t2-direct-60103e48d3
2026-02-04 00:00:00,2026-02-04 06:00:00,7,0.6115719397246319,0.5652816450866239,0.046290294638007934,7.61,2.6,1.0,0.08223685559129068,0.9611164879672189,2,2026-02-03 17:00:00,2026-02-03 23:00:00,t2-direct-60103e48d3
2026-02-04 01:00:00,2026-02-04 07:00:00,8,0.6082179736025005,0.4213785555567826,0.1868394180457179,6.87,2.5,1.0,0.09093983632416458,0.9703584049200686,2,2026-02-03 17:00:00,2026-02-03 23:00:00,t2-direct-60103e48d3
2026-02-04 02:00:00,2026-02-04 08:00:00,9,0.5055339105888013,0.4457706716270055,0.05976323896179575,6.98,2.4,1.0,0.06930773337488794,0.9392601171225669,2,2026-02-03 17:00:00,2026-02-03 23:00:00,t2-direct-60103e48d3
2026-02-04 03:00:00,2026-02-04 09:00:00,10,0.38051405838999497,0.4497998041351569,-0.06928574574516194,7.0,2.6,1.0,0.028670474037250093,0.8974398131422313,2,2026-02-03 17:00:00,2026-02-03 23:00:00,t2-direct-60103e48d3
2026-02-04 04:00:00,2026-02-04 10:00:00,11,0.30534276637378877,0.4818547165701434,-0.17651195019635463,7.15,3.1,1.0,0.02010014553340239,0.8754288707074869,2,2026-02-03 17:00:00,2026-02-03 23:00:00,t2-direct-60103e48d3
2026-02-04 05:00:00,2026-02-04 11:00:00,12,0.22031374838656403,0.45874415363355525,-0.23843040524699122,7.05,3.7,1.0,0.014269132562167192,0.7156525075124401,2,2026-02-03 17:00:00,2026-02-03 23:00:00,t2-direct-60103e48d3
2026-02-04 06:00:00,2026-02-04 12:00:00,13,0.1965908814543906,0.195725489345687,0.0008653921087035943,5.21,4.9,2.0,0.0045523109622711,0.6547146816155225,2,2026-02-03 17:00:00,2026-02-03 23:00:00,t2-direct-60103e48d3
2026-02-04 07:00:00,2026-02-04 13:00:00,14,0.18506721135474002,0.09398186626005701,0.09108534509468301,4.04,6.0,2.0,0.0010850890207104724,0.5831989369653743,2,2026-02-03 17:00:00,2026-02-03 23:00:00,t2-direct-60103e48d3
2026-02-04 08:00:00,2026-02-04 14:00:00,15,0.15331080710413897,0.08987825092926206,0.0634325561748769,3.91,7.8,2.0,0.0004991385319359776,0.5131539118618139,2,2026-02-03 17:00:00,2026-02-03 23:00:00,t2-direct-60103e48d3
2026-02-04 09:00:00,2026-02-04 15:00:00,16,0.1540057565300276,0.11208847233597397,0.04191728419405363,4.41,8.3,2.0,0.012946070130269105,0.49066171327462293,2,2026-02-03 17:00:00,2026-02-03 23:00:00,t2-direct-60103e48d3
2026-02-04 10:00:00,2026-02-04 16:00:00,17,0.16277471637429006,0.0987563775990264,0.06401833877526365,4.21,7.8,2.0,0.011150632609018163,0.4686896680221475,2,2026-02-03 17:00:00,2026-02-03 23:00:00,t2-direct-60103e48d3
2026-02-04 11:00:00,2026-02-04 17:00:00,18,0.08771776886692535,0.07008036739271266,0.017637401474212694,3.48,6.3,2.0,0.012359953062952414,0.4266591902753103,2,2026-02-03 17:00:00,2026-02-03 23:00:00,t2-direct-60103e48d3
2026-02-04 12:00:00,2026-02-04 18:00:00,19,0.048436529896375195,0.048498723479237574,-6.219358286237847e-05,2.84,2.7,2.0,0.007875608213931087,0.25974602512699524,2,2026-02-03 17:00:00,2026-02-03 23:00:00,t2-direct-60103e48d3
2026-02-04 13:00:00,2026-02-04 19:00:00,20,0.055534828660429275,0.018333333333333333,0.03720149532709594,0.73,1.1,2.0,0.008149914959117592,0.43351208408099384,2,2026-02-03 17:00:00,2026-02-03 23:00:00,t2-direct-60103e48d3
2026-02-04 14:00:00,2026-02-04 20:00:00,21,0.14689903819768005,0.182491255714318,-0.035592217516637964,5.05,0.6,2.0,0.004507573463482378,0.6684302184358272,2,2026-02-03 17:00:00,2026-02-03 23:00:00,t2-direct-60103e48d3
2026-02-04 15:00:00,2026-02-04 21:00:00,22,0.33185211958939037,0.36881552055220695,-0.036963400962816584,6.54,0.8,2.0,0.009516523025311141,0.9174192962321388,2,2026-02-03 17:00:00,2026-02-03 23:00:00,t2-direct-60103e48d3
2026-02-04 16:00:00,2026-02-04 22:00:00,23,0.6436727655864813,0.4982352494172084,0.14543751616927292,7.2,0.3,2.0,0.18829808486799937,0.9989043248992042,2,2026-02-03 17:00:00,2026-02-03 23:00:00,t2-direct-60103e48d3
2026-02-04 17:00:00,2026-02-04 23:00:00,24,0.634734795935764,0.5791113058337481,0.05562349010201584,7.67,-0.3,2.0,0.3233283604336252,1.0,2,2026-02-03 17:00:00,2026-02-03 23:00:00,t2-direct-60103e48d3
2026-02-04 18:00:00,2026-02-05 00:00:00,25,0.5937355096402188,0.5337545470836956,0.05998096255652319,7.38,-0.9,2.0,0.31354630055084626,0.9945338086280325,2,2026-02-03 17:00:00,2026-02-03 23:00:00,t2-direct-60103e48d3
2026-02-04 19:00:00,2026-02-05 01:00:00,26,0.6082568555615723,0.5927684381073136,0.015488417454258663,7.75,-0.9,2.0,0.3744869753798009,0.9980079073908189,2,2026-02-03 17:00:00,2026-02-03 23:00:00,t2-direct-60103e48d3
2026-02-04 20:00:00,2026-02-05 02:00:00,27,0.8507498906995694,0.6332923935588397,0.2174574971407297,8.05,-0.9,2.0,0.44592141272568253,0.9949611416364946,2,2026-02-03 17:00:00,2026-02-03 23:00:00,t2-direct-60103e48d3
2026-02-04 21:00:00,2026-02-05 03:00:00,28,0.8840549294921894,0.6767656190873947,0.2072893104047947,8.57,-0.4,2.0,0.45792963184781516,0.996324333926183,2,2026-02-03 17:00:00,2026-02-03 23:00:00,t2-direct-60103e48d3
2026-02-04 22:00:00,2026-02-05 04:00:00,29,0.9144145422213723,0.6865288372914031,0.22788570492996918,8.78,-0.4,2.0,0.4625802076767514,0.9767015829165916,2,2026-02-03 17:00:00,2026-02-03 23:00:00,t2-direct-60103e48d3
2026-02-04 23:00:00,2026-02-05 05:00:00,30,0.961237804937841,0.8474078682707101,0.11382993666713082,9.66,-0.4,2.0,0.6950419853936283,0.977010772925184,2,2026-02-03 17:00:00,2026-02-03 23:00:00,t2-direct-60103e48d3
2026-02-05 00:00:00,2026-02-05 06:00:00,31,0.9645656948352627,0.8895879115494038,0.07497778328585891,10.41,0.5,2.0,0.8113101490807964,0.9795239877220424,2,2026-02-03 17:00:00,2026-02-03 23:00:00,t2-direct-60103e48d3
2026-02-05 01:00:00,2026-02-05 07:00:00,32,0.9654873184179014,0.921476231755632,0.04401108666226938,11.19,1.0,2.0,0.8253267097679282,0.9797379297484619,2,2026-02-03 17:00:00,2026-02-03 23:00:00,t2-direct-60103e48d3
2026-02-05 02:00:00,2026-02-05 08:00:00,33,0.9655859885573154,0.9285946594889433,0.0369913290683721,11.33,0.9,2.0,0.8143917422598685,0.9801805113171599,2,2026-02-03 17:00:00,2026-02-03 23:00:00,t2-direct-60103e48d3
2026-02-05 03:00:00,2026-02-05 09:00:00,34,0.9643163236396588,0.9308521169528754,0.033464206686783404,11.51,1.6,2.0,0.7918217949764812,0.9786292208867624,2,2026-02-03 17:00:00,2026-02-03 23:00:00,t2-direct-60103e48d3
2026-02-05 04:00:00,2026-02-05 10:00:00,35,0.9612005639729434,0.893317049555092,0.06788351441785145,10.58,2.8,2.0,0.7534718730430477,0.9781033474295302,2,2026-02-03 17:00:00,2026-02-03 23:00:00,t2-direct-60103e48d3
2026-02-05 05:00:00,2026-02-05 11:00:00,36,0.9693970517436779,0.9026137822561894,0.06678326948748847,10.9,4.4,2.0,0.6612808725109729,0.9774991882250128,2,2026-02-03 17:00:00,2026-02-03 23:00:00,t2-direct-60103e48d3
2026-02-05 06:00:00,2026-02-05 12:00:00,37,0.9703318873214929,0.9302557449260999,0.04007614239539303,11.53,6.3,3.0,0.684008805045903,0.9768504270770548,2,2026-02-03 17:00:00,2026-02-03 23:00:00,t2-direct-60103e48d3
2026-02-05 07:00:00,2026-02-05 13:00:00,38,0.9708254871110107,0.9430397652045165,0.0277857219064942,12.07,7.5,3.0,0.6833934172077181,0.9765741525262001,2,2026-02-03 17:00:00,2026-02-03 23:00:00,t2-direct-60103e48d3
2026-02-05 08:00:00,2026-02-05 14:00:00,39,0.9687428494466495,0.9360667899331981,0.03267605951345132,11.94,8.3,3.0,0.6936978689620685,0.9776699502216484,2,2026-02-03 17:00:00,2026-02-03 23:00:00,t2-direct-60103e48d3
2026-02-05 09:00:00,2026-02-05 15:00:00,40,0.9579080409889114,0.9263649003327004,0.031543140656211,11.38,8.6,3.0,0.6222839341412293,0.9779222155991968,2,2026-02-03 17:00:00,2026-02-03 23:00:00,t2-direct-60103e48d3
2026-02-05 10:00:00,2026-02-05 16:00:00,41,0.9510012359817569,0.8894762081741815,0.061525027807575405,10.5,8.0,3.0,0.5714516312600799,0.9773830032253708,2,2026-02-03 17:00:00,2026-02-03 23:00:00,t2-direct-60103e48d3
2026-02-05 11:00:00,2026-02-05 17:00:00,42,0.9494762890468028,0.8732776652164438,0.07619862383035902,10.15,6.6,3.0,0.6299493160374366,0.9786591967771454,2,2026-02-03 17:00:00,2026-02-03 23:00:00,t2-direct-60103e48d3
2026-02-05 12:00:00,2026-02-05 18:00:00,43,0.8928474513683772,0.7028198022841297,0.19002764908424752,8.89,3.9,3.0,0.5572550200905262,0.9807415486085596,2,2026-02-03 17:00:00,2026-02-03 23:00:00,t2-direct-60103e48d3
2026-02-05 13:00:00,2026-02-05 19:00:00,44,0.9240012461861191,0.675284550836947,0.24871669534917207,8.56,1.7,3.0,0.5296622950954478,0.980765463159511,2,2026-02-03 17:00:00,2026-02-03 23:00:00,t2-direct-60103e48d3
2026-02-05 14:00:00,2026-02-05 20:00:00,45,0.7709891366222634,0.6272248917166808,0.1437642449055826,8.02,0.7,3.0,0.35737247330207855,0.9956217689857549,2,2026-02-03 17:00:00,2026-02-03 23:00:00,t2-direct-60103e48d3
2026-02-05 15:00:00,2026-02-05 21:00:00,46,0.6291611012000471,0.4263470619701479,0.2028140392298992,6.87,-0.2,3.0,0.19425027219295327,0.9939790224317918,2,2026-02-03 17:00:00,2026-02-03 23:00:00,t2-direct-60103e48d3
2026-02-05 16:00:00,2026-02-05 22:00:00,47,0.456955099457152,0.36445676757404166,0.09249833188311035,6.5,-0.6,3.0,0.052450188055877145,0.9872980658964907,2,2026-02-03 17:00:00,2026-02-03 23:00:00,t2-direct-60103e48d3
2026-02-05 17:00:00,2026-02-05 23:00:00,48,0.43212454651116033,0.4162285632917322,0.015895983219428145,6.82,-0.7,3.0,0.07008735107618275,0.9898859363503947,2,2026-02-03 17:00:00,2026-02-03 23:00:00,t2-direct-60103e48d3
2026-02-04 18:00:00,2026-02-05 00:00:00,1,0.643545145406231,0.5742253844907095,0.0693197609155215,7.63,-1.3,1.0,0.3636022856392439,0.9971427113301609,2,2026-02-04 17:00:00,2026-02-04 23:00:00,t2-direct-60103e48d3
2026-02-04 19:00:00,2026-02-05 01:00:00,2,0.8391085445291313,0.6748776863861179,0.16423085814301341,8.52,-1.3,1.0,0.4882273072583918,0.9971904139320885,2,2026-02-04 17:00:00,2026-02-04 23:00:00,t2-direct-60103e48d3
2026-02-04 20:00:00,2026-02-05 02:00:00,3,0.9386373360133367,0.7750294920052242,0.16360784400811246,9.11,-0.9,1.0,0.5742415883541275,0.9933677200246683,2,2026-02-04 17:00:00,2026-02-04 23:00:00,t2-direct-60103e48d3
2026-02-04 21:00:00,2026-02-05 03:00:00,4,0.9453084015146651,0.8510607730409175,0.09424762847374757,9.71,-0.4,1.0,0.6921692786150107,0.9938816810139811,2,2026-02-04 17:00:00,2026-02-04 23:00:00,t2-direct-60103e48d3
2026-02-04 22:00:00,2026-02-05 04:00:00,5,0.9540070064807968,0.8733784279187032,0.0806285785620936,10.07,-0.1,1.0,0.754449769415376,0.9851973371266114,2,2026-02-04 17:00:00,2026-02-04 23:00:00,t2-direct-60103e48d3
2026-02-04 23:00:00,2026-02-05 05:00:00,6,0.9641180373000178,0.8896889371858424,0.07442910011417536,10.41,0.2,1.0,0.7571858029467552,0.9793971437651626,2,2026-02-04 17:00:00,2026-02-04 23:00:00,t2-direct-60103e48d3
2026-02-05 00:00:00,2026-02-05 06:00:00,7,0.9645180009403181,0.9095658890668572,0.05495211187346094,10.98,1.1,1.0,0.8346674579785617,0.9798904280042535,2,2026-02-04 17:00:00,2026-02-04 23:00:00,t2-direct-60103e48d3
2026-02-05 01:00:00,2026-02-05 07:00:00,8,0.9637687472055345,0.9335211430636847,0.030247604141849793,11.71,1.5,1.0,0.8059238750305863,0.9796068650431052,2,2026-02-04 17:00:00,2026-02-04 23:00:00,t2-direct-60103e48d3
2026-02-05 02:00:00,2026-02-05 08:00:00,9,0.9637902827891379,0.9384715165369394,0.025318766252198532,11.89,1.4,1.0,0.8185798596527388,0.9801451692761163,2,2026-02-04 17:00:00,2026-02-04 23:00:00,t2-direct-60103e48d3
2026-02-05 03:00:00,2026-02-05 09:00:00,10,0.9633059906672925,0.9425116784102991,0.020794312256993353,11.98,2.0,1.0,0.803160274276504,0.9793005314783118,2,2026-02-04 17:00:00,2026-02-04 23:00:00,t2-direct-60103e48d3
2026-02-05 04:00:00,2026-02-05 10:00:00,11,0.9694970102455037,0.9317474802040739,0.03774953004142978,11.6,3.2,1.0,0.7758617108134614,0.9781913623575375,2,2026-02-04 17:00:00,2026-02-04 23:00:00,t2-direct-60103e48d3
2026-02-05 05:00:00,2026-02-05 11:00:00,12,0.9710843003712337,0.9294544300194015,0.04162987035183219,11.45,4.9,1.0,0.6676404679335511,0.9773260964569919,2,2026-02-04 17:00:00,2026-02-04 23:00:00,t2-direct-60103e48d3
2026-02-05 06:00:00,2026-02-05 12:00:00,13,0.9702695710972454,0.9486249354451969,0.02164463565204855,12.16,5.9,2.0,0.693791430637139,0.9761042352676933,2,2026-02-04 17:00:00,2026-02-04 23:00:00,t2-direct-60103e48d3
2026-02-05 07:00:00,2026-02-05 13:00:00,14,0.9702465290427168,0.9622624129617707,0.007984116080946069,12.64,7.3,2.0,0.7087652883799105,0.9763203778218942,2,2026-02-04 17:00:00,2026-02-04 23:00:00,t2-direct-60103e48d3
2026-02-05 08:00:00,2026-02-05 14:00:00,15,0.9668982986403285,0.9328968416634275,0.034001456976901046,11.75,7.7,2.0,0.6410674127348526,0.9773470066895157,2,2026-02-04 17:00:00,2026-02-04 23:00:00,t2-direct-60103e48d3
2026-02-05 09:00:00,2026-02-05 15:00:00,16,0.9514418098590077,0.8921391996466342,0.059302610212373486,10.6,7.9,2.0,0.5503618270206574,0.9767251248692366,2,2026-02-04 17:00:00,2026-02-04 23:00:00,t2-direct-60103e48d3
2026-02-05 10:00:00,2026-02-05 16:00:00,17,0.9422368199452267,0.6767702586938406,0.2654665612513861,8.65,7.3,2.0,0.4657503467467779,0.9768847481975829,2,2026-02-04 17:00:00,2026-02-04 23:00:00,t2-direct-60103e48d3
2026-02-05 11:00:00,2026-02-05 17:00:00,18,0.8665926718649339,0.6601226892333417,0.20646998263159222,8.32,5.9,2.0,0.45940143941031525,0.978417421773819,2,2026-02-04 17:00:00,2026-02-04 23:00:00,t2-direct-60103e48d3
2026-02-05 12:00:00,2026-02-05 18:00:00,19,0.8220931991864122,0.6698417438751684,0.15225145531124384,8.46,3.4,2.0,0.36450820782622295,0.9825269549770121,2,2026-02-04 17:00:00,2026-02-04 23:00:00,t2-direct-60103e48d3
2026-02-05 13:00:00,2026-02-05 19:00:00,20,0.6552418623583169,0.4900760807699711,0.16516578158834583,7.17,1.1,2.0,0.2694724363878613,0.9893366413153291,2,2026-02-04 17:00:00,2026-02-04 23:00:00,t2-direct-60103e48d3
2026-02-05 14:00:00,2026-02-05 20:00:00,21,0.5542108789640214,0.3792044902810587,0.17500638868296275,6.6,-0.3,2.0,0.2176865094888492,0.9978240088123542,2,2026-02-04 17:00:00,2026-02-04 23:00:00,t2-direct-60103e48d3
2026-02-05 15:00:00,2026-02-05 21:00:00,22,0.5815671719821217,0.4007290174536987,0.180838154528423,6.74,-0.6,2.0,0.17307305380400967,0.9813564147120208,2,2026-02-04 17:00:00,2026-02-04 23:00:00,t2-direct-60103e48d3
2026-02-05 16:00:00,2026-02-05 22:00:00,23,0.5626678153797672,0.39770632996372723,0.16496148541603994,6.72,-0.6,2.0,0.18512662938224417,0.9922704126386357,2,2026-02-04 17:00:00,2026-02-04 23:00:00,t2-direct-60103e48d3
2026-02-05 17:00:00,2026-02-05 23:00:00,24,0.5289205384169726,0.4543514358272701,0.07456910258970251,6.99,-1.0,2.0,0.15852841765262765,0.9974285166974839,2,2026-02-04 17:00:00,2026-02-04 23:00:00,t2-direct-60103e48d3
2026-02-05 18:00:00,2026-02-06 00:00:00,25,0.33117940472813784,0.34145002753156645,-0.010270622803428608,6.34,-1.6,2.0,0.08150445811759036,0.975291609275095,2,2026-02-04 17:00:00,2026-02-04 23:00:00,t2-direct-60103e48d3
2026-02-05 19:00:00,2026-02-06 01:00:00,26,0.32770673090169,0.3021265306376688,0.02558020026402119,6.06,-0.9,2.0,0.03953623923535954,0.9238462283043252,2,2026-02-04 17:00:00,2026-02-04 23:00:00,t2-direct-60103e48d3
2026-02-05 20:00:00,2026-02-06 02:00:00,27,0.3301643810582966,0.25300256007827265,0.07716182098002394,5.68,-0.8,2.0,0.06337106780611584,0.9072975103543192,2,2026-02-04 17:00:00,2026-02-04 23:00:00,t2-direct-60103e48d3
2026-02-05 21:00:00,2026-02-06 03:00:00,28,0.2566665366999953,0.21951002483568388,0.0371565118643114,5.39,-1.1,2.0,0.052896450542917556,0.8751766710660495,2,2026-02-04 17:00:00,2026-02-04 23:00:00,t2-direct-60103e48d3
2026-02-05 22:00:00,2026-02-06 04:00:00,29,0.08354481621524251,0.18105089105365224,-0.09750607483840973,5.03,-0.3,2.0,0.010900126921886466,0.7868203122858137,2,2026-02-04 17:00:00,2026-02-04 23:00:00,t2-direct-60103e48d3
2026-02-05 23:00:00,2026-02-06 05:00:00,30,0.10853132224919251,0.054537849120189746,0.05399347312900277,3.06,0.5,2.0,0.004976311436089592,0.6128571270363727,2,2026-02-04 17:00:00,2026-02-04 23:00:00,t2-direct-60103e48d3
2026-02-06 00:00:00,2026-02-06 06:00:00,31,0.09482489956267039,0.05452795999925085,0.04029693956341954,3.06,0.6,2.0,0.005556695470231632,0.6468724979213143,2,2026-02-04 17:00:00,2026-02-04 23:00:00,t2-direct-60103e48d3
2026-02-06 01:00:00,2026-02-06 07:00:00,32,0.03722529951972917,0.6199494797099149,-0.5827241801901857,7.97,1.2,2.0,0.008006063776488416,0.5095143954883561,2,2026-02-04 17:00:00,2026-02-04 23:00:00,t2-direct-60103e48d3
2026-02-06 02:00:00,2026-02-06 08:00:00,33,0.0320956457875087,0.26378513575311585,-0.23168948996560715,5.78,0.3,2.0,0.008829696575610547,0.3455302160825412,2,2026-02-04 17:00:00,2026-02-04 23:00:00,t2-direct-60103e48d3
2026-02-06 03:00:00,2026-02-06 09:00:00,34,0.11183804832996098,0.20454797230768654,-0.09270992397772555,5.28,1.9,2.0,0.007232363290510219,0.6477621052182332,2,2026-02-04 17:00:00,2026-02-04 23:00:00,t2-direct-60103e48d3
2026-02-06 04:00:00,2026-02-06 10:00:00,35,0.2614016733592863,0.6712670565763951,-0.40986538321710875,8.5,4.3,2.0,0.0012690711328429694,0.8812546855551429,2,2026-02-04 17:00:00,2026-02-04 23:00:00,t2-direct-60103e48d3
2026-02-06 05:00:00,2026-02-06 11:00:00,36,0.4702414583243051,0.9651174275070761,-0.494875969182771,13.45,6.7,2.0,0.0,0.9998650698628571,2,2026-02-04 17:00:00,2026-02-04 23:00:00,t2-direct-60103e48d3
2026-02-06 06:00:00,2026-02-06 12:00:00,37,0.7979505991171041,0.9617489489268343,-0.16379834980973018,12.57,6.1,3.0,0.23295015938397312,0.9957875173949775,2,2026-02-04 17:00:00,2026-02-04 23:00:00,t2-direct-60103e48d3
2026-02-06 07:00:00,2026-02-06 13:00:00,38,0.9425037265033268,0.874912101827357,0.0675916246759698,10.18,6.8,3.0,0.46774276450205843,0.9749145197646902,2,2026-02-04 17:00:00,2026-02-04 23:00:00,t2-direct-60103e48d3
2026-02-06 08:00:00,2026-02-06 14:00:00,39,0.9681960753057449,0.965,0.00319607530574495,13.05,6.8,3.0,0.6014658050772542,0.9758585911808348,2,2026-02-04 17:00:00,2026-02-04 23:00:00,t2-direct-60103e48d3
2026-02-06 09:00:00,2026-02-06 15:00:00,40,0.96308316233429,0.965,-0.0019168376657099362,12.98,6.0,3.0,0.7294328450969442,0.9765118498193309,2,2026-02-04 17:00:00,2026-02-04 23:00:00,t2-direct-60103e48d3
2026-02-06 10:00:00,2026-02-06 16:00:00,41,0.9548593373872415,0.965,-0.010140662612758478,13.0,5.6,3.0,0.7161601030770655,0.9769724724214022,2,2026-02-04 17:00:00,2026-02-04 23:00:00,t2-direct-60103e48d3
2026-02-06 11:00:00,2026-02-06 17:00:00,42,0.9532482738586435,0.965,-0.011751726141356444,13.23,4.6,3.0,0.6904192144572421,0.9782686687815008,2,2026-02-04 17:00:00,2026-02-04 23:00:00,t2-direct-60103e48d3
2026-02-06 12:00:00,2026-02-06 18:00:00,43,0.9577294010847304,0.9657052143751299,-0.007975813290399536,13.56,2.5,3.0,0.6443260073595826,0.9800921099759281,2,2026-02-04 17:00:00,2026-02-04 23:00:00,t2-direct-60103e48d3
2026-02-06 13:00:00,2026-02-06 19:00:00,44,0.9528235634213098,0.965,-0.012176436578690164,12.97,1.9,3.0,0.6426481663777963,0.9803775923510136,2,2026-02-04 17:00:00,2026-02-04 23:00:00,t2-direct-60103e48d3
2026-02-06 14:00:00,2026-02-06 20:00:00,45,0.9515958850659547,0.9314379015081149,0.02015798355783982,11.55,1.3,3.0,0.6018158552684483,0.9812243089609195,2,2026-02-04 17:00:00,2026-02-04 23:00:00,t2-direct-60103e48d3
2026-02-06 15:00:00,2026-02-06 21:00:00,46,0.9524699061844296,0.8789092589845563,0.07356064719987332,10.17,0.5,3.0,0.6702728133235798,0.9818611086933495,2,2026-02-04 17:00:00,2026-02-04 23:00:00,t2-direct-60103e48d3
2026-02-06 16:00:00,2026-02-06 22:00:00,47,0.9514203434482741,0.836416412843105,0.11500393060516911,9.52,0.5,3.0,0.6679603055306835,0.9822183665952396,2,2026-02-04 17:00:00,2026-02-04 23:00:00,t2-direct-60103e48d3
2026-02-06 17:00:00,2026-02-06 23:00:00,48,0.9278298405853631,0.815706325031747,0.1121235155536161,9.28,0.6,3.0,0.6599537555706506,0.9827122242536741,2,2026-02-04 17:00:00,2026-02-04 23:00:00,t2-direct-60103e48d3
2026-02-05 18:00:00,2026-02-06 00:00:00,1,0.3436110347247955,0.37600959794317756,-0.03239856321838208,6.57,-1.4,1.0,0.09543943225852097,0.9639768654751109,2,2026-02-05 17:00:00,2026-02-05 23:00:00,t2-direct-60103e48d3
2026-02-05 19:00:00,2026-02-06 01:00:00,2,0.32116453418167856,0.31878143356028904,0.0023831006213895223,6.18,-1.6,1.0,0.06961280400092712,0.9242524282965663,2,2026-02-05 17:00:00,2026-02-05 23:00:00,t2-direct-60103e48d3
2026-02-05 20:00:00,2026-02-06 02:00:00,3,0.30726095674664905,0.23177009931642842,0.07549085743022063,5.49,-1.9,1.0,0.0784244974814075,0.8931938965414132,2,2026-02-05 17:00:00,2026-02-05 23:00:00,t2-direct-60103e48d3
2026-02-05 21:00:00,2026-02-06 03:00:00,4,0.2763625429487757,0.19107966074887886,0.08528288219989685,5.12,-2.0,1.0,0.06242512481128401,0.8612803731319573,2,2026-02-05 17:00:00,2026-02-05 23:00:00,t2-direct-60103e48d3
2026-02-05 22:00:00,2026-02-06 04:00:00,5,0.11826962769061397,0.15183598508394036,-0.03356635739332639,4.73,-1.8,1.0,0.034256716132890455,0.8418598242022542,2,2026-02-05 17:00:00,2026-02-05 23:00:00,t2-direct-60103e48d3
2026-02-05 23:00:00,2026-02-06 05:00:00,6,0.1132015762427528,0.05339670648068993,0.059804869762062875,3.01,-1.4,1.0,0.011468049529566787,0.7749779011841881,2,2026-02-05 17:00:00,2026-02-05 23:00:00,t2-direct-60103e48d3
2026-02-06 00:00:00,2026-02-06 06:00:00,7,0.05554688981608465,0.05094570659001566,0.004601183226068992,2.92,-0.8,1.0,0.007807118025877802,0.5500150855028548,2,2026-02-05 17:00:00,2026-02-05 23:00:00,t2-direct-60103e48d3
2026-02-06 01:00:00,2026-02-06 07:00:00,8,0.06465202737145097,0.02934908259978796,0.03530294477166301,2.02,0.2,1.0,0.006291774611054339,0.6166221227068657,2,2026-02-05 17:00:00,2026-02-05 23:00:00,t2-direct-60103e48d3
2026-02-06 02:00:00,2026-02-06 08:00:00,9,0.08054940416586671,0.3039452988609693,-0.22339589469510263,6.09,1.3,1.0,0.008300245300165182,0.5379379901286088,2,2026-02-05 17:00:00,2026-02-05 23:00:00,t2-direct-60103e48d3
2026-02-06 03:00:00,2026-02-06 09:00:00,10,0.039242129325799714,0.5155524583767679,-0.47631032905096815,7.29,1.6,1.0,0.0074757117103572135,0.46627595193327154,2,2026-02-05 17:00:00,2026-02-05 23:00:00,t2-direct-60103e48d3
2026-02-06 04:00:00,2026-02-06 10:00:00,11,0.025959481220339562,0.22680894919431466,-0.2008494679739751,5.48,3.0,1.0,0.006834982160484095,0.41686785574171226,2,2026-02-05 17:00:00,2026-02-05 23:00:00,t2-direct-60103e48d3
2026-02-06 05:00:00,2026-02-06 11:00:00,12,0.19236779486921343,0.04648728345436122,0.1458805114148522,2.77,4.5,1.0,0.0,0.821794201183641,2,2026-02-05 17:00:00,2026-02-05 23:00:00,t2-direct-60103e48d3
2026-02-06 06:00:00,2026-02-06 12:00:00,13,0.6024567407265573,0.9286272949391795,-0.3261705542126222,11.42,7.3,2.0,0.06177474568967267,0.9951600593268635,2,2026-02-05 17:00:00,2026-02-05 23:00:00,t2-direct-60103e48d3
2026-02-06 07:00:00,2026-02-06 13:00:00,14,0.8959291506510912,0.9620403558836985,-0.06611120523260727,12.61,6.8,2.0,0.33524693818896345,0.9717872165072661,2,2026-02-05 17:00:00,2026-02-05 23:00:00,t2-direct-60103e48d3
2026-02-06 08:00:00,2026-02-06 14:00:00,15,0.9548880186038493,0.9619564133656116,-0.007068394761762242,12.6,6.7,2.0,0.5586310123275888,0.9737839902102776,2,2026-02-05 17:00:00,2026-02-05 23:00:00,t2-direct-60103e48d3
2026-02-06 09:00:00,2026-02-06 15:00:00,16,0.9692588408641276,0.965,0.004258840864127644,13.06,6.6,2.0,0.8884245297630293,0.9777249875893849,2,2026-02-05 17:00:00,2026-02-05 23:00:00,t2-direct-60103e48d3
2026-02-06 10:00:00,2026-02-06 16:00:00,17,0.9703181009821409,0.965,0.005318100982140916,13.08,4.8,2.0,0.8961794548861121,0.9776218145866022,2,2026-02-05 17:00:00,2026-02-05 23:00:00,t2-direct-60103e48d3
2026-02-06 11:00:00,2026-02-06 17:00:00,18,0.9727368228728144,0.9607987381326891,0.011938084740125254,12.45,4.5,2.0,0.9175821991173938,0.9785175077700676,2,2026-02-05 17:00:00,2026-02-05 23:00:00,t2-direct-60103e48d3
2026-02-06 12:00:00,2026-02-06 18:00:00,19,0.9734474976542042,0.9677937692668529,0.005653728387351342,14.21,3.6,2.0,0.9402029771808121,0.9797257800954104,2,2026-02-05 17:00:00,2026-02-05 23:00:00,t2-direct-60103e48d3
2026-02-06 13:00:00,2026-02-06 19:00:00,20,0.9739335643538196,0.9659812088878583,0.007952355465961292,13.65,2.9,2.0,0.9340273757870702,0.9811181401597491,2,2026-02-05 17:00:00,2026-02-05 23:00:00,t2-direct-60103e48d3
2026-02-06 14:00:00,2026-02-06 20:00:00,21,0.9738895196644244,0.9666593228512823,0.007230196813142076,13.85,2.6,2.0,0.9361415514241954,0.9803829401555191,2,2026-02-05 17:00:00,2026-02-05 23:00:00,t2-direct-60103e48d3
2026-02-06 15:00:00,2026-02-06 21:00:00,22,0.9738951787599252,0.9670181279645342,0.0068770507953909155,13.95,2.1,2.0,0.9408971903080774,0.985117172211294,2,2026-02-05 17:00:00,2026-02-05 23:00:00,t2-direct-60103e48d3
2026-02-06 16:00:00,2026-02-06 22:00:00,23,0.9729736457363434,0.965,0.007973645736343404,12.98,1.4,2.0,0.9078028383963399,0.981967355515617,2,2026-02-05 17:00:00,2026-02-05 23:00:00,t2-direct-60103e48d3
2026-02-06 17:00:00,2026-02-06 23:00:00,24,0.9726874866531056,0.9374774517488201,0.035210034904285425,11.87,1.4,2.0,0.8422019530378494,0.9795762206681906,2,2026-02-05 17:00:00,2026-02-05 23:00:00,t2-direct-60103e48d3
2026-02-06 18:00:00,2026-02-07 00:00:00,25,0.959116902308904,0.9414537109012974,0.017663191407606638,11.95,1.4,2.0,0.7542008434359715,0.9843141891298938,2,2026-02-05 17:00:00,2026-02-05 23:00:00,t2-direct-60103e48d3
2026-02-06 19:00:00,2026-02-07 01:00:00,26,0.932825595116697,0.896708068933216,0.036117526183481075,10.69,1.4,2.0,0.7241919731658641,0.983175034798527,2,2026-02-05 17:00:00,2026-02-05 23:00:00,t2-direct-60103e48d3
2026-02-06 20:00:00,2026-02-07 02:00:00,27,0.8817429470547486,0.8874634173034184,-0.005720470248669729,10.34,1.3,2.0,0.45001619450795916,0.9825245257628122,2,2026-02-05 17:00:00,2026-02-05 23:00:00,t2-direct-60103e48d3
2026-02-06 21:00:00,2026-02-07 03:00:00,28,0.8124392781444991,0.8315339092427996,-0.019094631098300452,9.46,1.1,2.0,0.34891404021779576,0.9565878851589236,2,2026-02-05 17:00:00,2026-02-05 23:00:00,t2-direct-60103e48d3
2026-02-06 22:00:00,2026-02-07 04:00:00,29,0.5560296867907257,0.641816920572313,-0.08578723378158726,8.13,0.7,2.0,0.12020557653705588,0.9473891201725884,2,2026-02-05 17:00:00,2026-02-05 23:00:00,t2-direct-60103e48d3
2026-02-06 23:00:00,2026-02-07 05:00:00,30,0.3524475618151321,0.5501313715399546,-0.19768380972482252,7.49,-0.1,2.0,0.05501395487209765,0.8204972285939183,2,2026-02-05 17:00:00,2026-02-05 23:00:00,t2-direct-60103e48d3
2026-02-07 00:00:00,2026-02-07 06:00:00,31,0.24453195476048478,0.22183659264583488,0.022695362114649897,5.41,-1.1,2.0,0.02193830537085356,0.6547924169267638,2,2026-02-05 17:00:00,2026-02-05 23:00:00,t2-direct-60103e48d3
2026-02-07 01:00:00,2026-02-07 07:00:00,32,0.08154921310711565,0.12475605359650369,-0.04320684048938804,4.48,-1.0,2.0,0.009474365880434502,0.40160913603386744,2,2026-02-05 17:00:00,2026-02-05 23:00:00,t2-direct-60103e48d3
2026-02-07 02:00:00,2026-02-07 08:00:00,33,0.02135025546699399,0.03824316685580696,-0.01689291138881297,2.44,-1.5,2.0,0.009019074833401445,0.1836891982164854,2,2026-02-05 17:00:00,2026-02-05 23:00:00,t2-direct-60103e48d3
2026-02-07 03:00:00,2026-02-07 09:00:00,34,0.011158956595339938,0.018333333333333333,-0.007174376737993395,0.86,-0.4,2.0,0.008515592791073136,0.0977943939098608,2,2026-02-05 17:00:00,2026-02-05 23:00:00,t2-direct-60103e48d3
2026-02-07 04:00:00,2026-02-07 10:00:00,35,0.021096634697948532,0.02850355688967678,-0.007406922191728248,1.97,0.6,2.0,0.0069058264670578216,0.17839208734251077,2,2026-02-05 17:00:00,2026-02-05 23:00:00,t2-direct-60103e48d3
2026-02-07 05:00:00,2026-02-07 11:00:00,36,0.028907099611574165,0.028116938589317846,0.0007901610222563193,1.95,2.0,2.0,0.008462260527027123,0.3168492384011619,2,2026-02-05 17:00:00,2026-02-05 23:00:00,t2-direct-60103e48d3
2026-02-07 06:00:00,2026-02-07 12:00:00,37,0.05996415489973868,0.030269178939716812,0.029694975960021866,2.08,2.0,3.0,0.006537583936390139,0.5056679559970985,2,2026-02-05 17:00:00,2026-02-05 23:00:00,t2-direct-60103e48d3
2026-02-07 07:00:00,2026-02-07 13:00:00,38,0.10232920461857334,0.025439361927198395,0.07688984269137494,1.79,2.8,3.0,0.008177720396380928,0.5511772206365254,2,2026-02-05 17:00:00,2026-02-05 23:00:00,t2-direct-60103e48d3
2026-02-07 08:00:00,2026-02-07 14:00:00,39,0.10625929271923462,0.02989273760766772,0.0763665551115669,2.06,3.1,3.0,0.0064017011619914715,0.5629194562717601,2,2026-02-05 17:00:00,2026-02-05 23:00:00,t2-direct-60103e48d3
2026-02-07 09:00:00,2026-02-07 15:00:00,40,0.12945294293831885,0.03973263797689007,0.08972030496142878,2.51,3.1,3.0,0.007534669130376995,0.5368640745293208,2,2026-02-05 17:00:00,2026-02-05 23:00:00,t2-direct-60103e48d3
2026-02-07 10:00:00,2026-02-07 16:00:00,41,0.13826354850120007,0.06659666155063433,0.07166688695056574,3.4,2.9,3.0,0.008614059789999934,0.6110107496528197,2,2026-02-05 17:00:00,2026-02-05 23:00:00,t2-direct-60103e48d3
2026-02-07 11:00:00,2026-02-07 17:00:00,42,0.10479337624082036,0.14732775962828715,-0.04253438338746679,4.71,2.1,3.0,0.007383755208688156,0.5585718457024524,2,2026-02-05 17:00:00,2026-02-05 23:00:00,t2-direct-60103e48d3
2026-02-07 12:00:00,2026-02-07 18:00:00,43,0.07381137008174364,0.05434160724680319,0.01946976283494045,3.05,-0.2,3.0,0.01612926195743636,0.4508886417640161,2,2026-02-05 17:00:00,2026-02-05 23:00:00,t2-direct-60103e48d3
2026-02-07 13:00:00,2026-02-07 19:00:00,44,0.12849833777606864,0.26767274594100665,-0.139174408164938,5.81,0.4,3.0,0.017830565109084026,0.7227916793679557,2,2026-02-05 17:00:00,2026-02-05 23:00:00,t2-direct-60103e48d3
2026-02-07 14:00:00,2026-02-07 20:00:00,45,0.24491030766889196,0.7965632587526137,-0.5516529510837217,9.2,-0.1,3.0,0.031053133038753927,0.8608884510143766,2,2026-02-05 17:00:00,2026-02-05 23:00:00,t2-direct-60103e48d3
2026-02-07 15:00:00,2026-02-07 21:00:00,46,0.4681795926527096,0.9006108789719791,-0.4324312863192695,10.8,-0.5,3.0,0.13194005734444653,1.0,2,2026-02-05 17:00:00,2026-02-05 23:00:00,t2-direct-60103e48d3
2026-02-07 16:00:00,2026-02-07 22:00:00,47,0.6145549520519578,0.8300422220751008,-0.21548727002314305,9.42,-0.6,3.0,0.2307449521928049,0.9873797373322701,2,2026-02-05 17:00:00,2026-02-05 23:00:00,t2-direct-60103e48d3
2026-02-07 17:00:00,2026-02-07 23:00:00,48,0.6492987459724873,0.6831561322996005,-0.033857386327113215,8.7,-1.1,3.0,0.23459871654022507,0.97791762450912,2,2026-02-05 17:00:00,2026-02-05 23:00:00,t2-direct-60103e48d3
2026-02-06 18:00:00,2026-02-07 00:00:00,1,0.8093524781025274,0.5955845248603393,0.2137679532421881,7.78,0.4,1.0,0.4198236166938371,0.9886901641728373,2,2026-02-06 17:00:00,2026-02-06 23:00:00,t2-direct-60103e48d3
2026-02-06 19:00:00,2026-02-07 01:00:00,2,0.6334659166875103,0.3334161414793688,0.30004977520814147,6.3,0.1,1.0,0.23105154716412485,0.9815412019610685,2,2026-02-06 17:00:00,2026-02-06 23:00:00,t2-direct-60103e48d3
2026-02-06 20:00:00,2026-02-07 02:00:00,3,0.5825964942115965,0.26289440684568444,0.3197020873659121,5.77,-0.1,1.0,0.13470016987313416,0.9654691182540907,2,2026-02-06 17:00:00,2026-02-06 23:00:00,t2-direct-60103e48d3
2026-02-06 21:00:00,2026-02-07 03:00:00,4,0.4736027742601859,0.32258460884644524,0.15101816541374063,6.22,-0.1,1.0,0.10044673360155132,0.9010231200389047,2,2026-02-06 17:00:00,2026-02-06 23:00:00,t2-direct-60103e48d3
2026-02-06 22:00:00,2026-02-07 04:00:00,5,0.32218785632789226,0.3015356924546407,0.020652163873251583,6.06,-0.3,1.0,0.039828128828824416,0.8081686276350477,2,2026-02-06 17:00:00,2026-02-06 23:00:00,t2-direct-60103e48d3
2026-02-06 23:00:00,2026-02-07 05:00:00,6,0.2070956284472836,0.27649110956401973,-0.06939548111673613,5.87,-0.5,1.0,0.020297851733164923,0.6499770838317477,2,2026-02-06 17:00:00,2026-02-06 23:00:00,t2-direct-60103e48d3
2026-02-07 00:00:00,2026-02-07 06:00:00,7,0.05734194752093847,0.09168163422184022,-0.034339686700901755,3.93,-0.8,1.0,0.008151928187711786,0.4075657127747425,2,2026-02-06 17:00:00,2026-02-06 23:00:00,t2-direct-60103e48d3
2026-02-07 01:00:00,2026-02-07 07:00:00,8,0.009227572523917048,0.041202758397372564,-0.03197518587345552,2.55,-1.9,1.0,0.008794352042970677,0.19322378792179523,2,2026-02-06 17:00:00,2026-02-06 23:00:00,t2-direct-60103e48d3
2026-02-07 02:00:00,2026-02-07 08:00:00,9,0.008619696643508541,0.018333333333333333,-0.009713636689824792,0.91,-2.2,1.0,0.008619696643508541,0.06415736469863446,2,2026-02-06 17:00:00,2026-02-06 23:00:00,t2-direct-60103e48d3
2026-02-07 03:00:00,2026-02-07 09:00:00,10,0.010400852986150138,0.018333333333333333,-0.007932480347183196,0.59,-1.1,1.0,0.008350672929122319,0.05460130307514453,2,2026-02-06 17:00:00,2026-02-06 23:00:00,t2-direct-60103e48d3
2026-02-07 04:00:00,2026-02-07 10:00:00,11,0.031124468327553473,0.019446740384703856,0.011677727942849617,1.34,0.5,1.0,0.006637091970173422,0.1831607218125421,2,2026-02-06 17:00:00,2026-02-06 23:00:00,t2-direct-60103e48d3
2026-02-07 05:00:00,2026-02-07 11:00:00,12,0.08040102364691934,0.05919968588369241,0.021201337763226927,3.24,1.6,1.0,0.006502669757016091,0.4737800500680366,2,2026-02-06 17:00:00,2026-02-06 23:00:00,t2-direct-60103e48d3
2026-02-07 06:00:00,2026-02-07 12:00:00,13,0.15237338332722467,0.07107557787026425,0.08129780545696041,3.48,1.8,2.0,0.0033256560088998355,0.730098900782673,2,2026-02-06 17:00:00,2026-02-06 23:00:00,t2-direct-60103e48d3
2026-02-07 07:00:00,2026-02-07 13:00:00,14,0.21871859890547327,0.1258500703174776,0.09286852858799566,4.51,2.6,2.0,0.0078122249385289555,0.6926982860905562,2,2026-02-06 17:00:00,2026-02-06 23:00:00,t2-direct-60103e48d3
2026-02-07 08:00:00,2026-02-07 14:00:00,15,0.26026517871464655,0.19095272497665078,0.06931245373799577,5.15,3.0,2.0,0.00579769461958185,0.6471089681044825,2,2026-02-06 17:00:00,2026-02-06 23:00:00,t2-direct-60103e48d3
2026-02-07 09:00:00,2026-02-07 15:00:00,16,0.21541180187568348,0.17817518505431043,0.03723661682137305,5.02,2.8,2.0,0.007740363113704712,0.6051111722044564,2,2026-02-06 17:00:00,2026-02-06 23:00:00,t2-direct-60103e48d3
2026-02-07 10:00:00,2026-02-07 16:00:00,17,0.13839299963919216,0.10182693085739886,0.036566068781793304,4.28,2.0,2.0,0.008892101837380456,0.5110780743181307,2,2026-02-06 17:00:00,2026-02-06 23:00:00,t2-direct-60103e48d3
2026-02-07 11:00:00,2026-02-07 17:00:00,18,0.0452259339807856,0.06544183670882217,-0.02021590272803657,3.37,0.9,2.0,0.008414966930196506,0.3241629454664012,2,2026-02-06 17:00:00,2026-02-06 23:00:00,t2-direct-60103e48d3
2026-02-07 12:00:00,2026-02-07 18:00:00,19,0.04881725061492173,0.02185480064682707,0.02696244996809466,1.52,-0.3,2.0,0.01028350436358988,0.27081732921721074,2,2026-02-06 17:00:00,2026-02-06 23:00:00,t2-direct-60103e48d3
2026-02-07 13:00:00,2026-02-07 19:00:00,20,0.10592322993062633,0.1188632282203262,-0.01293999828969987,4.43,0.0,2.0,0.01610883788937109,0.4891495423507384,2,2026-02-06 17:00:00,2026-02-06 23:00:00,t2-direct-60103e48d3
2026-02-07 14:00:00,2026-02-07 20:00:00,21,0.1884566739414094,0.47712663367123476,-0.28866995972982534,7.1,-0.2,2.0,0.026696305827594385,0.7633538466279997,2,2026-02-06 17:00:00,2026-02-06 23:00:00,t2-direct-60103e48d3
2026-02-07 15:00:00,2026-02-07 21:00:00,22,0.3308214416310796,0.5038150385791252,-0.1729935969480456,7.22,-0.3,2.0,0.04657934268578928,0.887946142206034,2,2026-02-06 17:00:00,2026-02-06 23:00:00,t2-direct-60103e48d3
2026-02-07 16:00:00,2026-02-07 22:00:00,23,0.4512807217909048,0.5512992173880146,-0.10001849559710979,7.49,-0.9,2.0,0.08945228734230798,0.9591897433956076,2,2026-02-06 17:00:00,2026-02-06 23:00:00,t2-direct-60103e48d3
2026-02-07 17:00:00,2026-02-07 23:00:00,24,0.5856383160134842,0.7253937082325101,-0.139755392219026,8.92,-1.2,2.0,0.1753457261611877,0.973792432400352,2,2026-02-06 17:00:00,2026-02-06 23:00:00,t2-direct-60103e48d3
2026-02-07 18:00:00,2026-02-08 00:00:00,25,0.6175315703541733,0.8358373911560816,-0.2183058208019083,9.49,-1.4,2.0,0.25029503390359853,0.9806639458609425,2,2026-02-06 17:00:00,2026-02-06 23:00:00,t2-direct-60103e48d3
2026-02-07 19:00:00,2026-02-08 01:00:00,26,0.7710554055984621,0.8879374144490843,-0.11688200885062217,10.32,-1.7,2.0,0.327882245381191,0.9713945560884308,2,2026-02-06 17:00:00,2026-02-06 23:00:00,t2-direct-60103e48d3
2026-02-07 20:00:00,2026-02-08 02:00:00,27,0.7704754072617677,0.8226082078295655,-0.05213280056779779,9.3,-2.2,2.0,0.4441518978709773,0.9804577798973376,2,2026-02-06 17:00:00,2026-02-06 23:00:00,t2-direct-60103e48d3
2026-02-07 21:00:00,2026-02-08 03:00:00,28,0.7863109525398376,0.8501354918642705,-0.06382453932443288,9.67,-2.7,2.0,0.43371867262337066,0.9771910789123432,2,2026-02-06 17:00:00,2026-02-06 23:00:00,t2-direct-60103e48d3
2026-02-07 22:00:00,2026-02-08 04:00:00,29,0.7867678415035823,0.8546192519691128,-0.06785141046553056,9.73,-2.8,2.0,0.43616892716718547,0.9737702902893414,2,2026-02-06 17:00:00,2026-02-06 23:00:00,t2-direct-60103e48d3
2026-02-07 23:00:00,2026-02-08 05:00:00,30,0.6974533249543864,0.7602586635826409,-0.06280533862825455,9.04,-2.2,2.0,0.26872712324640585,0.9564151201626019,2,2026-02-06 17:00:00,2026-02-06 23:00:00,t2-direct-60103e48d3
2026-02-08 00:00:00,2026-02-08 06:00:00,31,0.5866434498306446,0.5196846782781299,0.06695877155251473,7.29,-1.1,2.0,0.12473737112269268,0.9409596000197407,2,2026-02-06 17:00:00,2026-02-06 23:00:00,t2-direct-60103e48d3
2026-02-08 01:00:00,2026-02-08 07:00:00,32,0.452472043447086,0.43004178042321667,0.022430263023869357,6.88,-1.0,2.0,0.09241740510267737,0.894238271137871,2,2026-02-06 17:00:00,2026-02-06 23:00:00,t2-direct-60103e48d3
2026-02-08 02:00:00,2026-02-08 08:00:00,33,0.3941043225034802,0.3362082294072556,0.05789609309622462,6.31,-1.0,2.0,0.055931204505205445,0.8146486532498063,2,2026-02-06 17:00:00,2026-02-06 23:00:00,t2-direct-60103e48d3
2026-02-08 03:00:00,2026-02-08 09:00:00,34,0.23275363454684905,0.2793395133983023,-0.046585878851453266,5.89,-0.7,2.0,0.023072076159955296,0.7493458208059167,2,2026-02-06 17:00:00,2026-02-06 23:00:00,t2-direct-60103e48d3
2026-02-08 04:00:00,2026-02-08 10:00:00,35,0.14053970173595373,0.1680416502163963,-0.027501948480442573,4.9,-0.2,2.0,0.004563742874536231,0.6357282274915437,2,2026-02-06 17:00:00,2026-02-06 23:00:00,t2-direct-60103e48d3
2026-02-08 05:00:00,2026-02-08 11:00:00,36,0.1315293496845505,0.07229306290087502,0.05923628678367547,3.5,1.1,2.0,0.005768097780943282,0.5458362634779497,2,2026-02-06 17:00:00,2026-02-06 23:00:00,t2-direct-60103e48d3
2026-02-08 06:00:00,2026-02-08 12:00:00,37,0.1141960382897959,0.053378967045658046,0.06081707124413785,3.02,1.5,3.0,0.004506000540811461,0.5274954374789201,2,2026-02-06 17:00:00,2026-02-06 23:00:00,t2-direct-60103e48d3
2026-02-08 07:00:00,2026-02-08 13:00:00,38,0.0540973256746472,0.024287486335535863,0.029809839339111337,1.71,3.0,3.0,0.008319516284860905,0.3392382188032696,2,2026-02-06 17:00:00,2026-02-06 23:00:00,t2-direct-60103e48d3
2026-02-08 08:00:00,2026-02-08 14:00:00,39,0.022631401708034425,0.018333333333333333,0.004298068374701092,0.3,3.1,3.0,0.008928826116128904,0.22615197240414023,2,2026-02-06 17:00:00,2026-02-06 23:00:00,t2-direct-60103e48d3
2026-02-08 09:00:00,2026-02-08 15:00:00,40,0.045558108233906554,0.02097103273863827,0.024587075495268285,1.46,3.4,3.0,0.006820161006935249,0.2964162249407095,2,2026-02-06 17:00:00,2026-02-06 23:00:00,t2-direct-60103e48d3
2026-02-08 10:00:00,2026-02-08 16:00:00,41,0.10720517933468908,0.09517579118532198,0.012029388149367104,4.07,3.9,3.0,0.0006943527274682892,0.5457716007058698,2,2026-02-06 17:00:00,2026-02-06 23:00:00,t2-direct-60103e48d3
2026-02-08 11:00:00,2026-02-08 17:00:00,42,0.27849543752754924,0.5709275609717579,-0.29243212344420866,7.64,2.0,3.0,0.0,0.9345242257789422,2,2026-02-06 17:00:00,2026-02-06 23:00:00,t2-direct-60103e48d3
2026-02-08 12:00:00,2026-02-08 18:00:00,43,0.6961517871559866,0.8868688575922311,-0.19071707043624453,10.3,-0.1,3.0,0.2650870666138692,1.0,2,2026-02-06 17:00:00,2026-02-06 23:00:00,t2-direct-60103e48d3
2026-02-08 13:00:00,2026-02-08 19:00:00,44,0.9683278706462948,0.9386444167287272,0.029683453917567548,11.85,-1.6,3.0,0.7607808466510403,0.9854496534760976,2,2026-02-06 17:00:00,2026-02-06 23:00:00,t2-direct-60103e48d3
2026-02-08 14:00:00,2026-02-08 20:00:00,45,0.9712467799321651,0.93133322265422,0.0399135572779451,11.49,-2.4,3.0,0.795447673943402,0.983170427951736,2,2026-02-06 17:00:00,2026-02-06 23:00:00,t2-direct-60103e48d3
2026-02-08 15:00:00,2026-02-08 21:00:00,46,0.9714813579467775,0.9600304380166015,0.011450919930175996,12.26,-3.0,3.0,0.7610874346893692,0.9872562768238731,2,2026-02-06 17:00:00,2026-02-06 23:00:00,t2-direct-60103e48d3
2026-02-08 16:00:00,2026-02-08 22:00:00,47,0.9713664371045685,0.9610384223824653,0.010328014722103207,12.37,-2.4,3.0,0.7662561897577853,0.9827766374091467,2,2026-02-06 17:00:00,2026-02-06 23:00:00,t2-direct-60103e48d3
2026-02-08 17:00:00,2026-02-08 23:00:00,48,0.9711880291998963,0.9608626608516948,0.010325368348201525,12.36,-1.9,3.0,0.8023288879024967,0.9830887326064243,2,2026-02-06 17:00:00,2026-02-06 23:00:00,t2-direct-60103e48d3
2026-02-07 18:00:00,2026-02-08 00:00:00,1,0.92076860440215,0.91590265980034,0.004865944601810002,11.06,-1.3,1.0,0.7813763371295864,0.9781633445223302,2,2026-02-07 17:00:00,2026-02-07 23:00:00,t2-direct-60103e48d3
2026-02-07 19:00:00,2026-02-08 01:00:00,2,0.9528247974352839,0.9325131091957457,0.020311688239538217,11.59,-1.6,1.0,0.814035327227091,0.9792116376698367,2,2026-02-07 17:00:00,2026-02-07 23:00:00,t2-direct-60103e48d3
2026-02-07 20:00:00,2026-02-08 02:00:00,3,0.9471054596871907,0.9304220043034559,0.016683455383734835,11.43,-1.8,1.0,0.7427335153578779,0.9846256394140813,2,2026-02-07 17:00:00,2026-02-07 23:00:00,t2-direct-60103e48d3
2026-02-07 21:00:00,2026-02-08 03:00:00,4,0.8964960671249682,0.8951564349210146,0.0013396322039536113,10.59,-1.8,1.0,0.6084735000052334,0.9756898930615234,2,2026-02-07 17:00:00,2026-02-07 23:00:00,t2-direct-60103e48d3
2026-02-07 22:00:00,2026-02-08 04:00:00,5,0.8198752196192511,0.8407411245009081,-0.02086590488165696,9.55,-2.0,1.0,0.38546623327482116,0.9764903223399826,2,2026-02-07 17:00:00,2026-02-07 23:00:00,t2-direct-60103e48d3
2026-02-07 23:00:00,2026-02-08 05:00:00,6,0.7382211789992166,0.669066826162524,0.06915435283669258,8.39,-1.8,1.0,0.3078047483540281,0.9563008637775843,2,2026-02-07 17:00:00,2026-02-07 23:00:00,t2-direct-60103e48d3
2026-02-08 00:00:00,2026-02-08 06:00:00,7,0.579503552618474,0.6231785693597227,-0.04367501674124874,7.97,-1.3,1.0,0.1590869555937789,0.9667708639397325,2,2026-02-07 17:00:00,2026-02-07 23:00:00,t2-direct-60103e48d3
2026-02-08 01:00:00,2026-02-08 07:00:00,8,0.4570390828305431,0.5721826694809605,-0.1151435866504174,7.62,-1.0,1.0,0.08574505297442259,0.8925269616118552,2,2026-02-07 17:00:00,2026-02-07 23:00:00,t2-direct-60103e48d3
2026-02-08 02:00:00,2026-02-08 08:00:00,9,0.28305931128745926,0.40135269096046927,-0.11829337967301001,6.74,-1.1,1.0,0.02040204238983634,0.7539369364155388,2,2026-02-07 17:00:00,2026-02-07 23:00:00,t2-direct-60103e48d3
2026-02-08 03:00:00,2026-02-08 09:00:00,10,0.16327461966567253,0.1801158712665581,-0.016841251600885565,5.02,-0.4,1.0,0.005189504193714112,0.580783896807554,2,2026-02-07 17:00:00,2026-02-07 23:00:00,t2-direct-60103e48d3
2026-02-08 04:00:00,2026-02-08 10:00:00,11,0.08320377689738405,0.06862477742173889,0.014578999475645157,3.43,0.9,1.0,0.007784184639546277,0.43650314587948735,2,2026-02-07 17:00:00,2026-02-07 23:00:00,t2-direct-60103e48d3
2026-02-08 05:00:00,2026-02-08 11:00:00,12,0.03999087226451832,0.041691809038115195,-0.0017009367735968742,2.58,1.8,1.0,0.008541774491810449,0.2430523848518592,2,2026-02-07 17:00:00,2026-02-07 23:00:00,t2-direct-60103e48d3
2026-02-08 06:00:00,2026-02-08 12:00:00,13,0.010868461919187005,0.027762632889160605,-0.0168941709699736,1.93,2.6,2.0,0.008870692264039514,0.14113134467439536,2,2026-02-07 17:00:00,2026-02-07 23:00:00,t2-direct-60103e48d3
2026-02-08 07:00:00,2026-02-08 13:00:00,14,0.01079837073341864,0.018333333333333333,-0.0075349625999146935,0.97,3.2,2.0,0.008650976982300853,0.09200235274594484,2,2026-02-07 17:00:00,2026-02-07 23:00:00,t2-direct-60103e48d3
2026-02-08 08:00:00,2026-02-08 14:00:00,15,0.024984700490444003,0.02440057898718184,0.0005841215032621645,1.72,3.7,2.0,0.007399890885923344,0.20551463928882324,2,2026-02-07 17:00:00,2026-02-07 23:00:00,t2-direct-60103e48d3
2026-02-08 09:00:00,2026-02-08 15:00:00,16,0.11430515768657254,0.09872864288092784,0.015576514805644703,4.19,4.0,2.0,0.005250462428755667,0.5263303903585834,2,2026-02-07 17:00:00,2026-02-07 23:00:00,t2-direct-60103e48d3
2026-02-08 10:00:00,2026-02-08 16:00:00,17,0.34697571880428596,0.46370049610179387,-0.11672477729750791,7.07,3.4,2.0,0.03850897136303438,0.8807843646816726,2,2026-02-07 17:00:00,2026-02-07 23:00:00,t2-direct-60103e48d3
2026-02-08 11:00:00,2026-02-08 17:00:00,18,0.886176516308167,0.8387094381113296,0.047467078196837376,9.57,2.1,2.0,0.459308949299194,0.9877434303612713,2,2026-02-07 17:00:00,2026-02-07 23:00:00,t2-direct-60103e48d3
2026-02-08 12:00:00,2026-02-08 18:00:00,19,0.9632632676395119,0.8841339509599511,0.0791293166795608,10.25,-0.1,2.0,0.7405153676021239,0.9887148857127778,2,2026-02-07 17:00:00,2026-02-07 23:00:00,t2-direct-60103e48d3
2026-02-08 13:00:00,2026-02-08 19:00:00,20,0.9690753807264346,0.9065970631899101,0.06247831753652455,10.89,-1.7,2.0,0.8116135149245198,0.9861333887858216,2,2026-02-07 17:00:00,2026-02-07 23:00:00,t2-direct-60103e48d3
2026-02-08 14:00:00,2026-02-08 20:00:00,21,0.9699324489315418,0.9323984960350443,0.037533952896497524,11.57,-2.4,2.0,0.750272940275404,0.9844432277974079,2,2026-02-07 17:00:00,2026-02-07 23:00:00,t2-direct-60103e48d3
2026-02-08 15:00:00,2026-02-08 21:00:00,22,0.9701991908309651,0.9350866524550819,0.03511253837588313,11.77,-2.2,2.0,0.7117392470614285,0.9845203593942073,2,2026-02-07 17:00:00,2026-02-07 23:00:00,t2-direct-60103e48d3
2026-02-08 16:00:00,2026-02-08 22:00:00,23,0.9704948697614514,0.9341668563725293,0.03632801338892211,11.71,-1.9,2.0,0.855433578115677,0.9840608137048109,2,2026-02-07 17:00:00,2026-02-07 23:00:00,t2-direct-60103e48d3
2026-02-08 17:00:00,2026-02-08 23:00:00,24,0.9704948697614514,0.9483440277728179,0.022150841988633485,12.04,-1.9,2.0,0.8235084740807267,0.9848179745625876,2,2026-02-07 17:00:00,2026-02-07 23:00:00,t2-direct-60103e48d3
2026-02-08 18:00:00,2026-02-09 00:00:00,25,0.9740578300779694,0.9615308404167435,0.012526989661225896,12.43,-1.7,2.0,0.6756383099176593,0.9779993373550004,2,2026-02-07 17:00:00,2026-02-07 23:00:00,t2-direct-60103e48d3
2026-02-08 19:00:00,2026-02-09 01:00:00,26,0.9727659699612512,0.9541834350231706,0.018582534938080597,12.16,-1.7,2.0,0.6493339287979422,0.9781193862039655,2,2026-02-07 17:00:00,2026-02-07 23:00:00,t2-direct-60103e48d3
2026-02-08 20:00:00,2026-02-09 02:00:00,27,0.9728129701297429,0.9496931793363215,0.023119790793421413,12.07,-1.7,2.0,0.6418696895856268,0.9771463124982257,2,2026-02-07 17:00:00,2026-02-07 23:00:00,t2-direct-60103e48d3
2026-02-08 21:00:00,2026-02-09 03:00:00,28,0.9732137931932824,0.9511899312319378,0.022023861961344537,12.1,-1.7,2.0,0.6095597398185003,0.9777059803157899,2,2026-02-07 17:00:00,2026-02-07 23:00:00,t2-direct-60103e48d3
2026-02-08 22:00:00,2026-02-09 04:00:00,29,0.9659798094764732,0.934527708929211,0.03145210054726222,11.74,-1.7,2.0,0.654890821747341,0.9772200958617975,2,2026-02-07 17:00:00,2026-02-07 23:00:00,t2-direct-60103e48d3
2026-02-08 23:00:00,2026-02-09 05:00:00,30,0.9659073668652147,0.9474196799024925,0.018487686962722183,12.02,-2.0,2.0,0.5851544546304296,0.9777910866438355,2,2026-02-07 17:00:00,2026-02-07 23:00:00,t2-direct-60103e48d3
2026-02-09 00:00:00,2026-02-09 06:00:00,31,0.9642333757656,0.9211978383721999,0.04303553739340005,11.14,-2.3,2.0,0.6018166848719824,0.9771947386411997,2,2026-02-07 17:00:00,2026-02-07 23:00:00,t2-direct-60103e48d3
2026-02-09 01:00:00,2026-02-09 07:00:00,32,0.9665119545339979,0.900977209608219,0.06553474492577882,10.78,-2.5,2.0,0.5600166570525976,0.9763040509809117,2,2026-02-07 17:00:00,2026-02-07 23:00:00,t2-direct-60103e48d3
2026-02-09 02:00:00,2026-02-09 08:00:00,33,0.9649984413067987,0.8884450955477403,0.07655334575905837,10.32,-3.2,2.0,0.5459819690164266,0.9777532918917181,2,2026-02-07 17:00:00,2026-02-07 23:00:00,t2-direct-60103e48d3
2026-02-09 03:00:00,2026-02-09 09:00:00,34,0.9639185014855903,0.8715560240125628,0.0923624774730275,10.01,-2.5,2.0,0.48434978018810304,0.9766210788218528,2,2026-02-07 17:00:00,2026-02-07 23:00:00,t2-direct-60103e48d3
2026-02-09 04:00:00,2026-02-09 10:00:00,35,0.9545184927359207,0.8741230859693483,0.08039540676657242,10.08,-0.3,2.0,0.5283328494420094,0.9833436002888706,2,2026-02-07 17:00:00,2026-02-07 23:00:00,t2-direct-60103e48d3
2026-02-09 05:00:00,2026-02-09 11:00:00,36,0.9571069779649178,0.7632587613467551,0.19384821661816276,9.1,2.2,2.0,0.5317543364493719,0.9874750183734992,2,2026-02-07 17:00:00,2026-02-07 23:00:00,t2-direct-60103e48d3
2026-02-09 06:00:00,2026-02-09 12:00:00,37,0.95763205398291,0.8287063823340098,0.12892567164890012,9.46,4.5,3.0,0.49429964995278003,0.9912560983143315,2,2026-02-07 17:00:00,2026-02-07 23:00:00,t2-direct-60103e48d3
2026-02-09 07:00:00,2026-02-09 13:00:00,38,0.9636258864913069,0.8522068864143887,0.11141900007691818,9.8,5.9,3.0,0.5053213245972303,0.9858652785512619,2,2026-02-07 17:00:00,2026-02-07 23:00:00,t2-direct-60103e48d3
2026-02-09 08:00:00,2026-02-09 14:00:00,39,0.9635203458313071,0.850249314349452,0.11327103148185513,9.78,6.5,3.0,0.5757588495270138,0.986100901696982,2,2026-02-07 17:00:00,2026-02-07 23:00:00,t2-direct-60103e48d3
2026-02-09 09:00:00,2026-02-09 15:00:00,40,0.9533386226444683,0.9094027152576661,0.0439359073868022,11.05,6.6,3.0,0.5369810074575682,0.9735073712507972,2,2026-02-07 17:00:00,2026-02-07 23:00:00,t2-direct-60103e48d3
2026-02-09 10:00:00,2026-02-09 16:00:00,41,0.9507255512903354,0.865050294940901,0.0856752563494344,10.01,6.5,3.0,0.5037642558434212,0.9736781552225642,2,2026-02-07 17:00:00,2026-02-07 23:00:00,t2-direct-60103e48d3
2026-02-09 11:00:00,2026-02-09 17:00:00,42,0.9455402947697497,0.7094291972121285,0.23611109755762116,8.93,5.3,3.0,0.3720867646229975,0.9807203125572105,2,2026-02-07 17:00:00,2026-02-07 23:00:00,t2-direct-60103e48d3
2026-02-09 12:00:00,2026-02-09 18:00:00,43,0.8428000670840298,0.7333236709736678,0.10947639611036197,9.0,3.4,3.0,0.217954492409265,0.983906835994644,2,2026-02-07 17:00:00,2026-02-07 23:00:00,t2-direct-60103e48d3
2026-02-09 13:00:00,2026-02-09 19:00:00,44,0.6120203433125028,0.6008850933168388,0.011135249995663954,7.83,1.6,3.0,0.14904576043524348,1.0,2,2026-02-07 17:00:00,2026-02-07 23:00:00,t2-direct-60103e48d3
2026-02-09 14:00:00,2026-02-09 20:00:00,45,0.47853258627928597,0.4009957347839859,0.07753685149530004,6.75,0.4,3.0,0.10188806950019103,1.0,2,2026-02-07 17:00:00,2026-02-07 23:00:00,t2-direct-60103e48d3
2026-02-09 15:00:00,2026-02-09 21:00:00,46,0.43294350304110196,0.2544085419879484,0.17853496105315358,5.69,-1.1,3.0,0.12263442189508633,1.0,2,2026-02-07 17:00:00,2026-02-07 23:00:00,t2-direct-60103e48d3
2026-02-09 16:00:00,2026-02-09 22:00:00,47,0.45807960195177333,0.20186749427157605,0.2562121076801973,5.23,-1.7,3.0,0.10234608309604143,0.973927765538062,2,2026-02-07 17:00:00,2026-02-07 23:00:00,t2-direct-60103e48d3
2026-02-09 17:00:00,2026-02-09 23:00:00,48,0.39924336459392556,0.19382172930851402,0.20542163528541155,5.15,-1.6,3.0,0.06512684801456531,0.9979049978364514,2,2026-02-07 17:00:00,2026-02-07 23:00:00,t2-direct-60103e48d3
2026-02-08 18:00:00,2026-02-09 00:00:00,1,0.9733590666750661,0.9594461722496255,0.013912894425440636,12.27,-1.4,1.0,0.6789710297246464,0.9776342337493418,2,2026-02-08 17:00:00,2026-02-08 23:00:00,t2-direct-60103e48d3
2026-02-08 19:00:00,2026-02-09 01:00:00,2,0.9727659699612512,0.9394242292173733,0.03334174074387786,11.87,-1.3,1.0,0.6489054283516402,0.9776456189691887,2,2026-02-08 17:00:00,2026-02-08 23:00:00,t2-direct-60103e48d3
2026-02-08 20:00:00,2026-02-09 02:00:00,3,0.97384733432377,0.9503950236931797,0.02345231063059028,12.09,-1.3,1.0,0.6920117292297145,0.9773828874760373,2,2026-02-08 17:00:00,2026-02-08 23:00:00,t2-direct-60103e48d3
2026-02-08 21:00:00,2026-02-09 03:00:00,4,0.9723122840980433,0.9420634341095432,0.03024884998850008,11.92,-1.5,1.0,0.6523482306724703,0.9775646602855129,2,2026-02-08 17:00:00,2026-02-08 23:00:00,t2-direct-60103e48d3
2026-02-08 22:00:00,2026-02-09 04:00:00,5,0.9651337611652876,0.9569525040660493,0.008181257099238337,12.22,-1.4,1.0,0.6436762865043506,0.9774803556782752,2,2026-02-08 17:00:00,2026-02-08 23:00:00,t2-direct-60103e48d3
2026-02-08 23:00:00,2026-02-09 05:00:00,6,0.9642333757656,0.9330262357649661,0.03120714000063385,11.63,-1.5,1.0,0.6539145350101871,0.9791164382920512,2,2026-02-08 17:00:00,2026-02-08 23:00:00,t2-direct-60103e48d3
2026-02-09 00:00:00,2026-02-09 06:00:00,7,0.9641842582956431,0.8961982450888408,0.06798601320680231,10.62,-2.5,1.0,0.5509724259067964,0.9762138759302015,2,2026-02-08 17:00:00,2026-02-08 23:00:00,t2-direct-60103e48d3
2026-02-09 01:00:00,2026-02-09 07:00:00,8,0.9651519696776568,0.8672756344259095,0.09787633525174733,9.93,-3.2,1.0,0.5386162776663428,0.9775977434650467,2,2026-02-08 17:00:00,2026-02-08 23:00:00,t2-direct-60103e48d3
2026-02-09 02:00:00,2026-02-09 08:00:00,9,0.9650051622403025,0.8633693785372859,0.10163578370301662,9.86,-3.6,1.0,0.43402910385760807,0.9775880414955423,2,2026-02-08 17:00:00,2026-02-08 23:00:00,t2-direct-60103e48d3
2026-02-09 03:00:00,2026-02-09 09:00:00,10,0.9571550004843756,0.8472049072719331,0.10995009321244253,9.63,-2.7,1.0,0.39840763717394945,0.9751786491392511,2,2026-02-08 17:00:00,2026-02-08 23:00:00,t2-direct-60103e48d3
2026-02-09 04:00:00,2026-02-09 10:00:00,11,0.9592192009446464,0.8178087363649554,0.14141046457969098,9.28,-0.1,1.0,0.5344957793252425,0.9841372359783594,2,2026-02-08 17:00:00,2026-02-08 23:00:00,t2-direct-60103e48d3
2026-02-09 05:00:00,2026-02-09 11:00:00,12,0.95867941484386,0.8381195448959796,0.12055986994788037,9.57,2.8,1.0,0.5283794229850761,0.9879616439056165,2,2026-02-08 17:00:00,2026-02-08 23:00:00,t2-direct-60103e48d3
2026-02-09 06:00:00,2026-02-09 12:00:00,13,0.9579282926148501,0.8279962468688723,0.12993204574597783,9.44,3.6,2.0,0.5277764162978077,0.9864203294790851,2,2026-02-08 17:00:00,2026-02-08 23:00:00,t2-direct-60103e48d3
2026-02-09 07:00:00,2026-02-09 13:00:00,14,0.9631479878385227,0.8406623380324337,0.122485649806089,9.62,4.1,2.0,0.5476205481607072,0.9873656371078875,2,2026-02-08 17:00:00,2026-02-08 23:00:00,t2-direct-60103e48d3
2026-02-09 08:00:00,2026-02-09 14:00:00,15,0.9623684845601395,0.7833277060717858,0.17904077848835365,9.22,6.2,2.0,0.5153677426725589,0.9832073059896902,2,2026-02-08 17:00:00,2026-02-08 23:00:00,t2-direct-60103e48d3
2026-02-09 09:00:00,2026-02-09 15:00:00,16,0.9595691392973063,0.8436449516740091,0.11592418762329715,9.69,6.6,2.0,0.4904415876836955,0.9819731678972774,2,2026-02-08 17:00:00,2026-02-08 23:00:00,t2-direct-60103e48d3
2026-02-09 10:00:00,2026-02-09 16:00:00,17,0.9471319546786858,0.8632014218909795,0.08393053278770635,9.98,6.6,2.0,0.42892154156426443,0.9762438348543868,2,2026-02-08 17:00:00,2026-02-08 23:00:00,t2-direct-60103e48d3
2026-02-09 11:00:00,2026-02-09 17:00:00,18,0.925411440016392,0.8481943887601037,0.0772170512562883,9.74,5.5,2.0,0.4998463545419278,0.9731320096187865,2,2026-02-08 17:00:00,2026-02-08 23:00:00,t2-direct-60103e48d3
2026-02-09 12:00:00,2026-02-09 18:00:00,19,0.898907056608518,0.8662126125782309,0.032694444030287095,9.99,3.2,2.0,0.42712252380324794,0.9858469730356892,2,2026-02-08 17:00:00,2026-02-08 23:00:00,t2-direct-60103e48d3
2026-02-09 13:00:00,2026-02-09 19:00:00,20,0.8579982396068596,0.7396684192528399,0.11832982035401973,9.0,1.2,2.0,0.20117878867073857,0.9908904887490353,2,2026-02-08 17:00:00,2026-02-08 23:00:00,t2-direct-60103e48d3
2026-02-09 14:00:00,2026-02-09 20:00:00,21,0.587283353973362,0.6495083762642961,-0.062225022290934184,8.18,-0.1,2.0,0.16241594198135545,1.0,2,2026-02-08 17:00:00,2026-02-08 23:00:00,t2-direct-60103e48d3
2026-02-09 15:00:00,2026-02-09 21:00:00,22,0.38072258837546147,0.36457694292960346,0.016145645445858003,6.5,-0.7,2.0,0.07720569470432326,1.0,2,2026-02-08 17:00:00,2026-02-08 23:00:00,t2-direct-60103e48d3
2026-02-09 16:00:00,2026-02-09 22:00:00,23,0.17163248214679078,0.06864935293049763,0.10298312921629314,3.42,-1.6,2.0,0.015979482242048287,0.7850853224634378,2,2026-02-08 17:00:00,2026-02-08 23:00:00,t2-direct-60103e48d3
2026-02-09 17:00:00,2026-02-09 23:00:00,24,0.14694938463795007,0.018555041193059573,0.1283943434448905,1.27,-1.3,2.0,0.01020897108391633,0.7782250971573518,2,2026-02-08 17:00:00,2026-02-08 23:00:00,t2-direct-60103e48d3
2026-02-09 18:00:00,2026-02-10 00:00:00,25,0.08419126498482936,0.018333333333333333,0.06585793165149603,1.17,-0.7,2.0,0.010101768751880583,0.5876290887256481,2,2026-02-08 17:00:00,2026-02-08 23:00:00,t2-direct-60103e48d3
2026-02-09 19:00:00,2026-02-10 01:00:00,26,0.11118710443647185,0.05860163606532662,0.052585468371145236,3.21,-0.3,2.0,0.006866261239149532,0.621583083872169,2,2026-02-08 17:00:00,2026-02-08 23:00:00,t2-direct-60103e48d3
2026-02-09 20:00:00,2026-02-10 02:00:00,27,0.11948788276944335,0.08625240560446482,0.03323547716497853,3.76,0.4,2.0,0.005545953520655594,0.557767422490189,2,2026-02-08 17:00:00,2026-02-08 23:00:00,t2-direct-60103e48d3
2026-02-09 21:00:00,2026-02-10 03:00:00,28,0.1242235934604776,0.08940542804066143,0.034818165419816166,3.86,0.5,2.0,0.004459971920180536,0.5997775467289784,2,2026-02-08 17:00:00,2026-02-08 23:00:00,t2-direct-60103e48d3
2026-02-09 22:00:00,2026-02-10 04:00:00,29,0.15194075645423846,0.10006114039836726,0.0518796160558712,4.22,1.1,2.0,0.005608091427136058,0.6900063393636086,2,2026-02-08 17:00:00,2026-02-08 23:00:00,t2-direct-60103e48d3
2026-02-09 23:00:00,2026-02-10 05:00:00,30,0.13109103217443985,0.15005496429779366,-0.018963932123353816,4.73,1.1,2.0,0.005521094959286682,0.6504675246178704,2,2026-02-08 17:00:00,2026-02-08 23:00:00,t2-direct-60103e48d3
2026-02-10 00:00:00,2026-02-10 06:00:00,31,0.23946950190244062,0.1396867413447946,0.09978276055764601,4.63,0.7,2.0,0.014109124987876809,0.7740513712303185,2,2026-02-08 17:00:00,2026-02-08 23:00:00,t2-direct-60103e48d3
2026-02-10 01:00:00,2026-02-10 07:00:00,32,0.2402782108218273,0.26513030535857574,-0.024852094536748442,5.8,1.7,2.0,0.01814433730929188,0.8748653702984025,2,2026-02-08 17:00:00,2026-02-08 23:00:00,t2-direct-60103e48d3
2026-02-10 02:00:00,2026-02-10 08:00:00,33,0.24419783991630117,0.06749783651078928,0.1767000034055119,3.41,1.2,2.0,0.002395481027501589,0.8873242175113816,2,2026-02-08 17:00:00,2026-02-08 23:00:00,t2-direct-60103e48d3
2026-02-10 03:00:00,2026-02-10 09:00:00,34,0.16197232389077093,0.23066683325298445,-0.06869450936221352,5.51,2.5,2.0,0.008834596592223631,0.7196446375800938,2,2026-02-08 17:00:00,2026-02-08 23:00:00,t2-direct-60103e48d3
2026-02-10 04:00:00,2026-02-10 10:00:00,35,0.17614728683962178,0.05651285846077207,0.1196344283788497,3.15,4.6,2.0,0.0025886771911737827,0.7161478888488495,2,2026-02-08 17:00:00,2026-02-08 23:00:00,t2-direct-60103e48d3
2026-02-10 05:00:00,2026-02-10 11:00:00,36,0.18210495982874758,0.18015885566410647,0.0019461041646411104,5.06,6.1,2.0,0.002671018350500848,0.7238306035966562,2,2026-02-08 17:00:00,2026-02-08 23:00:00,t2-direct-60103e48d3
2026-02-10 06:00:00,2026-02-10 12:00:00,37,0.21050986993174672,0.131705205878062,0.07880466405368472,4.59,7.1,3.0,0.0039365409329429335,0.7342410425420755,2,2026-02-08 17:00:00,2026-02-08 23:00:00,t2-direct-60103e48d3
2026-02-10 07:00:00,2026-02-10 13:00:00,38,0.2852470273481999,0.20134540890091854,0.08390161844728136,5.28,7.0,3.0,0.0023425136163242044,0.8105053356713234,2,2026-02-08 17:00:00,2026-02-08 23:00:00,t2-direct-60103e48d3
2026-02-10 08:00:00,2026-02-10 14:00:00,39,0.3102655715408887,0.23614096845080135,0.07412460309008734,5.59,7.4,3.0,0.007685338715070877,0.9346632848383816,2,2026-02-08 17:00:00,2026-02-08 23:00:00,t2-direct-60103e48d3
2026-02-10 09:00:00,2026-02-10 15:00:00,40,0.21425844266342361,0.3906556726382433,-0.17639722997481969,6.75,8.9,3.0,0.012021823167578244,0.8325476249949413,2,2026-02-08 17:00:00,2026-02-08 23:00:00,t2-direct-60103e48d3
2026-02-10 10:00:00,2026-02-10 16:00:00,41,0.16099064209331762,0.19612097656304375,-0.03513033446972613,5.25,10.7,3.0,0.010096535232061388,0.6839323331828967,2,2026-02-08 17:00:00,2026-02-08 23:00:00,t2-direct-60103e48d3
2026-02-10 11:00:00,2026-02-10 17:00:00,42,0.1262193224174035,0.29776604175626126,-0.17154671933885776,6.09,7.7,3.0,0.008566873015121199,0.6223733066898871,2,2026-02-08 17:00:00,2026-02-08 23:00:00,t2-direct-60103e48d3
2026-02-10 12:00:00,2026-02-10 18:00:00,43,0.0774102164776849,0.1172511488483472,-0.0398409323706623,4.44,4.7,3.0,0.009886279492932054,0.6699017477362499,2,2026-02-08 17:00:00,2026-02-08 23:00:00,t2-direct-60103e48d3
2026-02-10 13:00:00,2026-02-10 19:00:00,44,0.09074894205700325,0.08831545836771436,0.00243348368928889,3.83,1.9,3.0,0.009946409472402218,0.7055334866284697,2,2026-02-08 17:00:00,2026-02-08 23:00:00,t2-direct-60103e48d3
2026-02-10 14:00:00,2026-02-10 20:00:00,45,0.20970019793331648,0.3169023492079054,-0.1072021512745889,6.19,1.6,3.0,0.014813344878523954,0.8634879903386945,2,2026-02-08 17:00:00,2026-02-08 23:00:00,t2-direct-60103e48d3
2026-02-10 15:00:00,2026-02-10 21:00:00,46,0.3919510715607226,0.6672597203454298,-0.2753086487847072,8.39,2.0,3.0,0.03987758193186086,1.0,2,2026-02-08 17:00:00,2026-02-08 23:00:00,t2-direct-60103e48d3
2026-02-10 16:00:00,2026-02-10 22:00:00,47,0.5677329666259894,0.8703459580594479,-0.30261299143345854,10.04,1.6,3.0,0.09088259963241357,1.0,2,2026-02-08 17:00:00,2026-02-08 23:00:00,t2-direct-60103e48d3
2026-02-10 17:00:00,2026-02-10 23:00:00,48,0.7349405661200696,0.8950491751883695,-0.16010860906829982,10.63,1.6,3.0,0.18318380340260398,1.0,2,2026-02-08 17:00:00,2026-02-08 23:00:00,t2-direct-60103e48d3
2026-02-09 18:00:00,2026-02-10 00:00:00,1,0.10264803352017986,0.03220078499315452,0.07044724852702533,2.19,-0.5,1.0,0.009856854021740899,0.5799575212618617,2,2026-02-09 17:00:00,2026-02-09 23:00:00,t2-direct-60103e48d3
2026-02-09 19:00:00,2026-02-10 01:00:00,2,0.07807113783345,0.05493264357237948,0.023138494261070522,3.07,-0.8,1.0,0.010177672300101706,0.4431733263999953,2,2026-02-09 17:00:00,2026-02-09 23:00:00,t2-direct-60103e48d3
2026-02-09 20:00:00,2026-02-10 02:00:00,3,0.0468861181956488,0.037350968717789354,0.009535149477859446,2.41,-0.3,1.0,0.00868362701215497,0.47187051812820363,2,2026-02-09 17:00:00,2026-02-09 23:00:00,t2-direct-60103e48d3
2026-02-09 21:00:00,2026-02-10 03:00:00,4,0.05459400247665664,0.03232673639709297,0.02226726607956367,2.2,0.4,1.0,0.008458812557970041,0.458154690410729,2,2026-02-09 17:00:00,2026-02-09 23:00:00,t2-direct-60103e48d3
2026-02-09 22:00:00,2026-02-10 04:00:00,5,0.04805549431247636,0.03182033085478779,0.01623516345768857,2.17,0.6,1.0,0.008207602939594778,0.5034845613094999,2,2026-02-09 17:00:00,2026-02-09 23:00:00,t2-direct-60103e48d3
2026-02-09 23:00:00,2026-02-10 05:00:00,6,0.09722966305802062,0.05390907058017676,0.04332059247784387,3.04,1.5,1.0,0.005777290228820897,0.55178072754863,2,2026-02-09 17:00:00,2026-02-09 23:00:00,t2-direct-60103e48d3
2026-02-10 00:00:00,2026-02-10 06:00:00,7,0.08602229972029496,0.018607393477634092,0.06741490624266086,1.28,2.6,1.0,0.006304170343524165,0.5702848220186119,2,2026-02-09 17:00:00,2026-02-09 23:00:00,t2-direct-60103e48d3
2026-02-10 01:00:00,2026-02-10 07:00:00,8,0.1186490472781463,0.08225113636470677,0.03639791091343954,3.69,1.6,1.0,0.004556514671916909,0.7515473512258786,2,2026-02-09 17:00:00,2026-02-09 23:00:00,t2-direct-60103e48d3
2026-02-10 02:00:00,2026-02-10 08:00:00,9,0.2391827285922717,0.12801311826028902,0.11116961033198267,4.52,0.7,1.0,0.021214107520997172,0.8278213846172349,2,2026-02-09 17:00:00,2026-02-09 23:00:00,t2-direct-60103e48d3
2026-02-10 03:00:00,2026-02-10 09:00:00,10,0.3395217537104855,0.24185642426644258,0.09766532944404291,5.61,3.0,1.0,0.007610045085945316,0.8763858849234327,2,2026-02-09 17:00:00,2026-02-09 23:00:00,t2-direct-60103e48d3
2026-02-10 04:00:00,2026-02-10 10:00:00,11,0.33953030329923284,0.13784560678024121,0.20168469651899162,4.64,5.6,1.0,0.00017696921859139403,0.8654336000660251,2,2026-02-09 17:00:00,2026-02-09 23:00:00,t2-direct-60103e48d3
2026-02-10 05:00:00,2026-02-10 11:00:00,12,0.26600039599049413,0.20722842365640728,0.05877197233408685,5.33,6.0,1.0,0.009878006759281244,0.8808288976436534,2,2026-02-09 17:00:00,2026-02-09 23:00:00,t2-direct-60103e48d3
2026-02-10 06:00:00,2026-02-10 12:00:00,13,0.21464368979314075,0.05338781132875632,0.16125587846438444,3.04,6.9,2.0,0.006678185294687861,0.6904787513591839,2,2026-02-09 17:00:00,2026-02-09 23:00:00,t2-direct-60103e48d3
2026-02-10 07:00:00,2026-02-10 13:00:00,14,0.26588047749233773,0.17328779254285387,0.09259268494948386,5.0,7.7,2.0,0.0026367081764865907,0.8065238070119007,2,2026-02-09 17:00:00,2026-02-09 23:00:00,t2-direct-60103e48d3
2026-02-10 08:00:00,2026-02-10 14:00:00,15,0.2921430972492263,0.5201635057639676,-0.2280204085147413,7.39,9.9,2.0,0.009687091838593453,0.7606075917478075,2,2026-02-09 17:00:00,2026-02-09 23:00:00,t2-direct-60103e48d3
2026-02-10 09:00:00,2026-02-10 15:00:00,16,0.3126817164294555,0.16379273968981406,0.14888897673964147,4.92,10.5,2.0,0.017149694929419035,0.8142681191080566,2,2026-02-09 17:00:00,2026-02-09 23:00:00,t2-direct-60103e48d3
2026-02-10 10:00:00,2026-02-10 16:00:00,17,0.2833564529644981,0.17287439782418598,0.11048205514031209,5.01,10.1,2.0,0.0115782690430688,0.7897453327705187,2,2026-02-09 17:00:00,2026-02-09 23:00:00,t2-direct-60103e48d3
2026-02-10 11:00:00,2026-02-10 17:00:00,18,0.21656026974333276,0.24465566422246343,-0.028095394479130675,5.67,8.3,2.0,0.008946233803819259,0.727810526607297,2,2026-02-09 17:00:00,2026-02-09 23:00:00,t2-direct-60103e48d3
2026-02-10 12:00:00,2026-02-10 18:00:00,19,0.13050758574847543,0.09303737285784502,0.037470212890630406,4.0,4.3,2.0,0.009840508257521682,0.6934870008490721,2,2026-02-09 17:00:00,2026-02-09 23:00:00,t2-direct-60103e48d3
2026-02-10 13:00:00,2026-02-10 19:00:00,20,0.129326257132146,0.11041543267108361,0.018910824461062375,4.36,1.8,2.0,0.00474240151017781,0.7244326552213376,2,2026-02-09 17:00:00,2026-02-09 23:00:00,t2-direct-60103e48d3
2026-02-10 14:00:00,2026-02-10 20:00:00,21,0.24913806823124707,0.04924886349206152,0.19988920473918553,2.86,0.3,2.0,0.005171059824758795,0.8560240739664612,2,2026-02-09 17:00:00,2026-02-09 23:00:00,t2-direct-60103e48d3
2026-02-10 15:00:00,2026-02-10 21:00:00,22,0.42087014714494914,0.5858276022486586,-0.16495745510370946,7.73,1.6,2.0,0.033851266758836596,1.0,2,2026-02-09 17:00:00,2026-02-09 23:00:00,t2-direct-60103e48d3
2026-02-10 16:00:00,2026-02-10 22:00:00,23,0.6637036643146985,0.6113063147832642,0.05239734953143427,7.9,0.7,2.0,0.15538483104716372,1.0,2,2026-02-09 17:00:00,2026-02-09 23:00:00,t2-direct-60103e48d3
2026-02-10 17:00:00,2026-02-10 23:00:00,24,0.8435784780616962,0.6865452497030453,0.15703322835865086,8.79,0.5,2.0,0.3160399917109977,0.9988887911375095,2,2026-02-09 17:00:00,2026-02-09 23:00:00,t2-direct-60103e48d3
2026-02-10 18:00:00,2026-02-11 00:00:00,25,0.9526507773122173,0.9536770171714098,-0.0010262398591925903,12.19,1.0,2.0,0.664803686067219,0.9891632882483107,2,2026-02-09 17:00:00,2026-02-09 23:00:00,t2-direct-60103e48d3
2026-02-10 19:00:00,2026-02-11 01:00:00,26,0.9628216546846281,0.9100541445865853,0.052767510098042814,10.99,1.2,2.0,0.7383191185229616,0.9867915426570912,2,2026-02-09 17:00:00,2026-02-09 23:00:00,t2-direct-60103e48d3
2026-02-10 20:00:00,2026-02-11 02:00:00,27,0.9209714739981516,0.7700098062476558,0.1509616677504958,9.11,0.8,2.0,0.5332372042360624,0.9854861723653536,2,2026-02-09 17:00:00,2026-02-09 23:00:00,t2-direct-60103e48d3
2026-02-10 21:00:00,2026-02-11 03:00:00,28,0.7735741535367914,0.6357065565545287,0.1378675969822627,8.08,0.3,2.0,0.49533936094893943,0.9938293187470157,2,2026-02-09 17:00:00,2026-02-09 23:00:00,t2-direct-60103e48d3
2026-02-10 22:00:00,2026-02-11 04:00:00,29,0.7126832606168777,0.37140887480491097,0.34127438581196673,6.55,-0.1,2.0,0.2440397770755675,0.9858480506961542,2,2026-02-09 17:00:00,2026-02-09 23:00:00,t2-direct-60103e48d3
2026-02-10 23:00:00,2026-02-11 05:00:00,30,0.4736773064819985,0.0569976162275727,0.4166796902544258,3.15,-0.2,2.0,0.1490639296843081,0.9709458477174362,2,2026-02-09 17:00:00,2026-02-09 23:00:00,t2-direct-60103e48d3
2026-02-11 00:00:00,2026-02-11 06:00:00,31,0.3021766920685464,0.08718249962850981,0.2149941924400366,3.78,-0.7,2.0,0.062319479988809434,0.9089842597216138,2,2026-02-09 17:00:00,2026-02-09 23:00:00,t2-direct-60103e48d3
2026-02-11 01:00:00,2026-02-11 07:00:00,32,0.12241460167487309,0.034503823743890306,0.08791077793098279,2.3,-1.3,2.0,0.008773426956715222,0.6473765943649136,2,2026-02-09 17:00:00,2026-02-09 23:00:00,t2-direct-60103e48d3
2026-02-11 02:00:00,2026-02-11 08:00:00,33,0.029705511885757544,0.030902331308650485,-0.0011968194228929412,2.11,-1.2,2.0,0.008582276673495554,0.40717800738521975,2,2026-02-09 17:00:00,2026-02-09 23:00:00,t2-direct-60103e48d3
2026-02-11 03:00:00,2026-02-11 09:00:00,34,0.05655767256666441,0.018333333333333333,0.03822433923333108,1.19,1.5,2.0,0.008036259919084847,0.4520619974984261,2,2026-02-09 17:00:00,2026-02-09 23:00:00,t2-direct-60103e48d3
2026-02-11 04:00:00,2026-02-11 10:00:00,35,0.04725749771036025,0.09632527748708672,-0.04906777977672647,4.12,6.2,2.0,0.006233007676386723,0.38357559929571367,2,2026-02-09 17:00:00,2026-02-09 23:00:00,t2-direct-60103e48d3
2026-02-11 05:00:00,2026-02-11 11:00:00,36,0.11368787431678071,0.03143857954837463,0.08224929476840608,2.17,9.5,2.0,0.005663680732637205,0.4725023518134993,2,2026-02-09 17:00:00,2026-02-09 23:00:00,t2-direct-60103e48d3
2026-02-11 06:00:00,2026-02-11 12:00:00,37,0.20777232198427165,0.13984214998652778,0.06793017199774387,4.68,9.4,3.0,0.01936225306431738,0.7642286028536859,2,2026-02-09 17:00:00,2026-02-09 23:00:00,t2-direct-60103e48d3
2026-02-11 07:00:00,2026-02-11 13:00:00,38,0.30394581323779735,0.8518677061159398,-0.5479218928781424,9.8,6.3,3.0,0.0,0.9001096472832624,2,2026-02-09 17:00:00,2026-02-09 23:00:00,t2-direct-60103e48d3
2026-02-11 08:00:00,2026-02-11 14:00:00,39,0.38978322912982155,0.9001002787780555,-0.510317049648234,10.85,4.0,3.0,0.03147281091164977,0.922412605551468,2,2026-02-09 17:00:00,2026-02-09 23:00:00,t2-direct-60103e48d3
2026-02-11 09:00:00,2026-02-11 15:00:00,40,0.39620263588715293,0.5667053023005636,-0.17050266641341066,7.63,3.8,3.0,0.03594950286456711,0.9641572424423817,2,2026-02-09 17:00:00,2026-02-09 23:00:00,t2-direct-60103e48d3
2026-02-11 10:00:00,2026-02-11 16:00:00,41,0.5719095948885535,0.8528871125648535,-0.28097751767629997,9.78,3.4,3.0,0.08180470529410677,0.9939901694009411,2,2026-02-09 17:00:00,2026-02-09 23:00:00,t2-direct-60103e48d3
2026-02-11 11:00:00,2026-02-11 17:00:00,42,0.8769070699889713,0.8635941140656628,0.0133129559233085,9.94,2.7,3.0,0.5861042452594649,0.9784727434203685,2,2026-02-09 17:00:00,2026-02-09 23:00:00,t2-direct-60103e48d3
2026-02-11 12:00:00,2026-02-11 18:00:00,43,0.9652259569204236,0.8899770837090113,0.07524887321141227,10.45,2.5,3.0,0.6113194637442307,0.978186746661764,2,2026-02-09 17:00:00,2026-02-09 23:00:00,t2-direct-60103e48d3
2026-02-11 13:00:00,2026-02-11 19:00:00,44,0.9596065468603769,0.8821237520303001,0.0774827948300768,10.24,1.8,3.0,0.6722193717749536,0.9778790629211334,2,2026-02-09 17:00:00,2026-02-09 23:00:00,t2-direct-60103e48d3
2026-02-11 14:00:00,2026-02-11 20:00:00,45,0.9152020615122308,0.7891590744467907,0.12604298706544015,9.19,1.5,3.0,0.4178805135484483,0.979164259778787,2,2026-02-09 17:00:00,2026-02-09 23:00:00,t2-direct-60103e48d3
2026-02-11 15:00:00,2026-02-11 21:00:00,46,0.748959963337451,0.5334965132981957,0.21546345003925527,7.4,1.5,3.0,0.2763198348496374,0.9747975253235619,2,2026-02-09 17:00:00,2026-02-09 23:00:00,t2-direct-60103e48d3
2026-02-11 16:00:00,2026-02-11 22:00:00,47,0.6226601420882746,0.46104295750445284,0.16161718458382174,7.04,1.3,3.0,0.1618729680714867,0.9685558646435931,2,2026-02-09 17:00:00,2026-02-09 23:00:00,t2-direct-60103e48d3
2026-02-11 17:00:00,2026-02-11 23:00:00,48,0.6002516421641287,0.4333197348855083,0.16693190727862045,6.91,0.8,3.0,0.13987500304859357,0.9532658569573446,2,2026-02-09 17:00:00,2026-02-09 23:00:00,t2-direct-60103e48d3
2026-02-10 18:00:00,2026-02-11 00:00:00,1,0.9628793945651339,0.9287272820186482,0.03415211254648576,11.34,0.9,1.0,0.8448942668282355,0.987057498124138,2,2026-02-10 17:00:00,2026-02-10 23:00:00,t2-direct-60103e48d3
2026-02-10 19:00:00,2026-02-11 01:00:00,2,0.9659901976972352,0.9423755601427112,0.023614637554523976,11.97,1.5,1.0,0.8146713794695797,0.9862506116818703,2,2026-02-10 17:00:00,2026-02-10 23:00:00,t2-direct-60103e48d3
2026-02-10 20:00:00,2026-02-11 02:00:00,3,0.955837947058742,0.8969147987060458,0.058923148352696186,10.69,0.8,1.0,0.6377859481769627,0.9850897834012498,2,2026-02-10 17:00:00,2026-02-10 23:00:00,t2-direct-60103e48d3
2026-02-10 21:00:00,2026-02-11 03:00:00,4,0.8921728470161242,0.6765710364127733,0.21560181060335093,8.57,0.0,1.0,0.4245455473481555,0.988032850202724,2,2026-02-10 17:00:00,2026-02-10 23:00:00,t2-direct-60103e48d3
2026-02-10 22:00:00,2026-02-11 04:00:00,5,0.7560627846034871,0.48173426703832495,0.27432851756516213,7.12,-0.3,1.0,0.3531785273967403,0.9876477696817857,2,2026-02-10 17:00:00,2026-02-10 23:00:00,t2-direct-60103e48d3
2026-02-10 23:00:00,2026-02-11 05:00:00,6,0.4546623165338738,0.16288478487789348,0.2917775316559803,4.85,0.1,1.0,0.1019665170922997,0.9779405292508961,2,2026-02-10 17:00:00,2026-02-10 23:00:00,t2-direct-60103e48d3
2026-02-11 00:00:00,2026-02-11 06:00:00,7,0.42269103871714475,0.09625711632240294,0.3264339223947418,4.09,0.6,1.0,0.057248852983074194,0.8731976290064871,2,2026-02-10 17:00:00,2026-02-10 23:00:00,t2-direct-60103e48d3
2026-02-11 01:00:00,2026-02-11 07:00:00,8,0.07263807370163711,0.033646842204781084,0.03899123149685602,2.27,-0.5,1.0,0.010671929913261637,0.5473280229835814,2,2026-02-10 17:00:00,2026-02-10 23:00:00,t2-direct-60103e48d3
2026-02-11 02:00:00,2026-02-11 08:00:00,9,0.04999555668247001,0.03816371291321549,0.011831843769254516,2.44,-0.5,1.0,0.008350581179019906,0.5345459515579338,2,2026-02-10 17:00:00,2026-02-10 23:00:00,t2-direct-60103e48d3
2026-02-11 03:00:00,2026-02-11 09:00:00,10,0.0736716408132746,0.16206290170294893,-0.08839126088967433,4.85,1.5,1.0,0.005723973139239849,0.585845213278784,2,2026-02-10 17:00:00,2026-02-10 23:00:00,t2-direct-60103e48d3
2026-02-11 04:00:00,2026-02-11 10:00:00,11,0.07461117646538437,0.05821890928288602,0.016392267182498352,3.22,6.0,1.0,0.005686745128488116,0.5437226680522467,2,2026-02-10 17:00:00,2026-02-10 23:00:00,t2-direct-60103e48d3
2026-02-11 05:00:00,2026-02-11 11:00:00,12,0.19580396228547584,0.02827603279182997,0.16752792949364587,1.97,6.4,1.0,0.004605759240479207,0.7707142300268621,2,2026-02-10 17:00:00,2026-02-10 23:00:00,t2-direct-60103e48d3
2026-02-11 06:00:00,2026-02-11 12:00:00,13,0.4087337465435373,0.10723081081825275,0.3015029357252845,4.37,9.5,2.0,0.0241697083954982,0.9815834348445003,2,2026-02-10 17:00:00,2026-02-10 23:00:00,t2-direct-60103e48d3
2026-02-11 07:00:00,2026-02-11 13:00:00,14,0.42012073331363065,0.09633092789574207,0.3237898054178886,4.13,8.2,2.0,0.026393666736105548,1.0,2,2026-02-10 17:00:00,2026-02-10 23:00:00,t2-direct-60103e48d3
2026-02-11 08:00:00,2026-02-11 14:00:00,15,0.32452804845833394,0.018333333333333333,0.3061947151250006,1.2,9.7,2.0,0.0023610763294091286,0.9958719792126537,2,2026-02-10 17:00:00,2026-02-10 23:00:00,t2-direct-60103e48d3
2026-02-11 09:00:00,2026-02-11 15:00:00,16,0.3896526185063258,0.5626870081161651,-0.1730343896098393,7.67,11.0,2.0,0.05352657211150197,0.9991539079090576,2,2026-02-10 17:00:00,2026-02-10 23:00:00,t2-direct-60103e48d3
2026-02-11 10:00:00,2026-02-11 16:00:00,17,0.5608077163537118,0.9513026462479208,-0.390494929894209,12.22,6.3,2.0,0.05894461515048688,0.967866143211048,2,2026-02-10 17:00:00,2026-02-10 23:00:00,t2-direct-60103e48d3
2026-02-11 11:00:00,2026-02-11 17:00:00,18,0.9030909438238734,0.9632746164084459,-0.06018367258457247,12.7,4.5,2.0,0.35567179595972376,0.97366816814651,2,2026-02-10 17:00:00,2026-02-10 23:00:00,t2-direct-60103e48d3
2026-02-11 12:00:00,2026-02-11 18:00:00,19,0.9561480199996598,0.965,-0.008851980000340154,13.19,3.5,2.0,0.5888375963590486,0.9781614402706036,2,2026-02-10 17:00:00,2026-02-10 23:00:00,t2-direct-60103e48d3
2026-02-11 13:00:00,2026-02-11 19:00:00,20,0.9657303782069913,0.9403813793368184,0.025348998870172834,11.94,2.2,2.0,0.6240839217744467,0.9808858626798133,2,2026-02-10 17:00:00,2026-02-10 23:00:00,t2-direct-60103e48d3
2026-02-11 14:00:00,2026-02-11 20:00:00,21,0.9590098196438483,0.9444359052656554,0.014573914378192998,12.01,1.4,2.0,0.5978353133478638,0.9801960471168738,2,2026-02-10 17:00:00,2026-02-10 23:00:00,t2-direct-60103e48d3
2026-02-11 15:00:00,2026-02-11 21:00:00,22,0.9697375113185034,0.9051324926544285,0.06460501866407486,10.9,1.0,2.0,0.6923052427524036,0.9800000988216098,2,2026-02-10 17:00:00,2026-02-10 23:00:00,t2-direct-60103e48d3
2026-02-11 16:00:00,2026-02-11 22:00:00,23,0.9504223153790797,0.8480928791653981,0.10232943621368162,9.68,0.5,2.0,0.5184534249342632,0.9799484782167902,2,2026-02-10 17:00:00,2026-02-10 23:00:00,t2-direct-60103e48d3
2026-02-11 17:00:00,2026-02-11 23:00:00,24,0.9160458998345885,0.6766682802242397,0.23937761961034876,8.57,-0.2,2.0,0.518058188819768,0.9787458309799528,2,2026-02-10 17:00:00,2026-02-10 23:00:00,t2-direct-60103e48d3
2026-02-11 18:00:00,2026-02-12 00:00:00,25,0.8107069721360541,0.8244074495873019,-0.013700477451247806,9.36,0.9,2.0,0.34162956099076436,0.9776614716070593,2,2026-02-10 17:00:00,2026-02-10 23:00:00,t2-direct-60103e48d3
2026-02-11 19:00:00,2026-02-12 01:00:00,26,0.7349108319633206,0.641816920572313,0.09309391139100764,8.13,0.7,2.0,0.2942161257083708,0.9821317190726782,2,2026-02-10 17:00:00,2026-02-10 23:00:00,t2-direct-60103e48d3
2026-02-11 20:00:00,2026-02-12 02:00:00,27,0.683258292405367,0.5285592866495358,0.15469900575583118,7.36,0.5,2.0,0.23394022845805612,0.981916732003818,2,2026-02-10 17:00:00,2026-02-10 23:00:00,t2-direct-60103e48d3
2026-02-11 21:00:00,2026-02-12 03:00:00,28,0.5823105416097075,0.5606975925407613,0.021612949068946175,7.56,0.3,2.0,0.14182633060012745,0.9742259864639473,2,2026-02-10 17:00:00,2026-02-10 23:00:00,t2-direct-60103e48d3
2026-02-11 22:00:00,2026-02-12 04:00:00,29,0.5434724888673658,0.33434572258652984,0.20912676628083593,6.31,0.6,2.0,0.09768923029213594,0.9653831880875707,2,2026-02-10 17:00:00,2026-02-10 23:00:00,t2-direct-60103e48d3
2026-02-11 23:00:00,2026-02-12 05:00:00,30,0.5260921279577958,0.36917597069831964,0.15691615725947616,6.54,0.5,2.0,0.07867719223027503,0.9448817025868619,2,2026-02-10 17:00:00,2026-02-10 23:00:00,t2-direct-60103e48d3
2026-02-12 00:00:00,2026-02-12 06:00:00,31,0.4120133327066394,0.39532827661268233,0.016685056093957096,6.71,0.1,2.0,0.04657860250587831,0.8800132058422264,2,2026-02-10 17:00:00,2026-02-10 23:00:00,t2-direct-60103e48d3
2026-02-12 01:00:00,2026-02-12 07:00:00,32,0.21277733068486368,0.22703164533037065,-0.014254314645506971,5.46,-0.3,2.0,0.007264131509573418,0.7099811434164462,2,2026-02-10 17:00:00,2026-02-10 23:00:00,t2-direct-60103e48d3
2026-02-12 02:00:00,2026-02-12 08:00:00,33,0.1069537601807974,0.07850082263664585,0.028452937544151555,3.61,-0.5,2.0,0.006311133203173225,0.5284297389617667,2,2026-02-10 17:00:00,2026-02-10 23:00:00,t2-direct-60103e48d3
2026-02-12 03:00:00,2026-02-12 09:00:00,34,0.05909323094742268,0.028373417709249775,0.030719813238172904,1.96,-0.3,2.0,0.0074113826228269855,0.38026042596009163,2,2026-02-10 17:00:00,2026-02-10 23:00:00,t2-direct-60103e48d3
2026-02-12 04:00:00,2026-02-12 10:00:00,35,0.028438203801977473,0.027365740228271485,0.0010724635737059882,1.9,0.0,2.0,0.008343872301045233,0.19436004974916743,2,2026-02-10 17:00:00,2026-02-10 23:00:00,t2-direct-60103e48d3
2026-02-12 05:00:00,2026-02-12 11:00:00,36,0.022971582512549514,0.021560046122396134,0.0014115363901533798,1.5,0.9,2.0,0.008456432858959983,0.20022455212417828,2,2026-02-10 17:00:00,2026-02-10 23:00:00,t2-direct-60103e48d3
2026-02-12 06:00:00,2026-02-12 12:00:00,37,0.035849697899388674,0.07411878731417422,-0.038269089414785545,3.54,2.4,3.0,0.006578069108699475,0.3921589798564576,2,2026-02-10 17:00:00,2026-02-10 23:00:00,t2-direct-60103e48d3
2026-02-12 07:00:00,2026-02-12 13:00:00,38,0.05391149946368385,0.23961954961485799,-0.18570805015117414,5.59,2.9,3.0,0.006364192988027359,0.3867390859227471,2,2026-02-10 17:00:00,2026-02-10 23:00:00,t2-direct-60103e48d3
2026-02-12 08:00:00,2026-02-12 14:00:00,39,0.0685193427385281,0.1886003582103209,-0.1200810154717928,5.13,3.6,3.0,0.008299858058817132,0.3833918450057533,2,2026-02-10 17:00:00,2026-02-10 23:00:00,t2-direct-60103e48d3
2026-02-12 09:00:00,2026-02-12 15:00:00,40,0.07041658986707394,0.11941991373762136,-0.04900332387054741,4.46,4.6,3.0,0.007605471228400912,0.3319980359411869,2,2026-02-10 17:00:00,2026-02-10 23:00:00,t2-direct-60103e48d3
2026-02-12 10:00:00,2026-02-12 16:00:00,41,0.055124928139105064,0.07256630377687898,-0.017441375637773912,3.52,4.6,3.0,0.009602018503524816,0.4361922396065986,2,2026-02-10 17:00:00,2026-02-10 23:00:00,t2-direct-60103e48d3
2026-02-12 11:00:00,2026-02-12 17:00:00,42,0.12090786495449306,0.19988199589857283,-0.07897413094407978,5.24,3.0,3.0,0.008715725814344794,0.6358313270513529,2,2026-02-10 17:00:00,2026-02-10 23:00:00,t2-direct-60103e48d3
2026-02-12 12:00:00,2026-02-12 18:00:00,43,0.22140208475871967,0.21038440726869817,0.011017677490021499,5.32,0.2,3.0,0.010215744417446881,0.6883599630417636,2,2026-02-10 17:00:00,2026-02-10 23:00:00,t2-direct-60103e48d3
2026-02-12 13:00:00,2026-02-12 19:00:00,44,0.2370501136461507,0.1938749897485118,0.04317512389763889,5.16,-0.1,3.0,0.008272236872237215,0.7293447629949624,2,2026-02-10 17:00:00,2026-02-10 23:00:00,t2-direct-60103e48d3
2026-02-12 14:00:00,2026-02-12 20:00:00,45,0.16671825718962077,0.07478104675911162,0.09193721043050915,3.54,-0.5,3.0,0.0063063515099501255,0.5666739540999405,2,2026-02-10 17:00:00,2026-02-10 23:00:00,t2-direct-60103e48d3
2026-02-12 15:00:00,2026-02-12 21:00:00,46,0.12474240016188029,0.031558390830746,0.0931840093311343,2.15,-1.0,3.0,0.01456612889843846,0.4321067200213583,2,2026-02-10 17:00:00,2026-02-10 23:00:00,t2-direct-60103e48d3
2026-02-12 16:00:00,2026-02-12 22:00:00,47,0.10469778413526379,0.05923797856207205,0.045459805573191736,3.23,-1.3,3.0,0.017115880474103493,0.4327889066683449,2,2026-02-10 17:00:00,2026-02-10 23:00:00,t2-direct-60103e48d3
2026-02-12 17:00:00,2026-02-12 23:00:00,48,0.06854147550573857,0.047049102115002524,0.021492373390736043,2.77,-1.8,3.0,0.008897786517916985,0.24091540471227424,2,2026-02-10 17:00:00,2026-02-10 23:00:00,t2-direct-60103e48d3
2026-02-11 18:00:00,2026-02-12 00:00:00,1,0.5739468027684717,0.47685020003828393,0.09709660273018772,7.11,1.1,1.0,0.10468099798325958,0.9791854614346911,2,2026-02-11 17:00:00,2026-02-11 23:00:00,t2-direct-60103e48d3
2026-02-11 19:00:00,2026-02-12 01:00:00,2,0.5544050277274541,0.40490143804966416,0.14950358967778998,6.78,0.9,1.0,0.075774559195189,0.9633251514415156,2,2026-02-11 17:00:00,2026-02-11 23:00:00,t2-direct-60103e48d3
2026-02-11 20:00:00,2026-02-12 02:00:00,3,0.5577772067363604,0.4533536588553043,0.10442354788105612,7.0,0.7,1.0,0.08525569155850315,0.9902039030340748,2,2026-02-11 17:00:00,2026-02-11 23:00:00,t2-direct-60103e48d3
2026-02-11 21:00:00,2026-02-12 03:00:00,4,0.4973065792003396,0.4964961654698053,0.0008104137305343095,7.2,1.2,1.0,0.07034675836041082,0.9783357031348403,2,2026-02-11 17:00:00,2026-02-11 23:00:00,t2-direct-60103e48d3
2026-02-11 22:00:00,2026-02-12 04:00:00,5,0.4115837597968711,0.3604391034939678,0.051144656302903324,6.49,1.5,1.0,0.04458383367650476,0.9166415230855821,2,2026-02-11 17:00:00,2026-02-11 23:00:00,t2-direct-60103e48d3
2026-02-11 23:00:00,2026-02-12 05:00:00,6,0.23465181179169708,0.3120969072669391,-0.07744509547524203,6.15,1.1,1.0,0.007180268625939984,0.7168555967792969,2,2026-02-11 17:00:00,2026-02-11 23:00:00,t2-direct-60103e48d3
2026-02-12 00:00:00,2026-02-12 06:00:00,7,0.10352161783979939,0.16147835327546603,-0.05795673543566664,4.84,0.8,1.0,0.006691562887663885,0.5131590379435751,2,2026-02-11 17:00:00,2026-02-11 23:00:00,t2-direct-60103e48d3
2026-02-12 01:00:00,2026-02-12 07:00:00,8,0.024170531841675797,0.04815064492039168,-0.023980113078715882,2.82,0.7,1.0,0.009037613335610704,0.3468891617264708,2,2026-02-11 17:00:00,2026-02-11 23:00:00,t2-direct-60103e48d3
2026-02-12 02:00:00,2026-02-12 08:00:00,9,0.028427107378398493,0.036257701177215544,-0.007830593798817051,2.37,0.1,1.0,0.008171408136291004,0.19664510818403202,2,2026-02-11 17:00:00,2026-02-11 23:00:00,t2-direct-60103e48d3
2026-02-12 03:00:00,2026-02-12 09:00:00,10,0.008815016423570233,0.030680688943078224,-0.02186567251950799,2.1,0.1,1.0,0.008298302294771381,0.12025887331101921,2,2026-02-11 17:00:00,2026-02-11 23:00:00,t2-direct-60103e48d3
2026-02-12 04:00:00,2026-02-12 10:00:00,11,0.010788061425243054,0.028839253761406097,-0.018051192336163042,1.99,0.5,1.0,0.008088240003915698,0.11840159522021326,2,2026-02-11 17:00:00,2026-02-11 23:00:00,t2-direct-60103e48d3
2026-02-12 05:00:00,2026-02-12 11:00:00,12,0.010770945883103728,0.047574869339717975,-0.03680392345661425,2.8,1.2,1.0,0.006180819051498989,0.14583170134167167,2,2026-02-11 17:00:00,2026-02-11 23:00:00,t2-direct-60103e48d3
2026-02-12 06:00:00,2026-02-12 12:00:00,13,0.009598830181208792,0.042785326529936926,-0.03318649634872813,2.62,1.4,2.0,0.008164518571786895,0.13638508518842146,2,2026-02-11 17:00:00,2026-02-11 23:00:00,t2-direct-60103e48d3
2026-02-12 07:00:00,2026-02-12 13:00:00,14,0.010658469161429072,0.0219431268620072,-0.011284657700578127,1.53,1.5,2.0,0.007991997271256896,0.1449744340317351,2,2026-02-11 17:00:00,2026-02-11 23:00:00,t2-direct-60103e48d3
2026-02-12 08:00:00,2026-02-12 14:00:00,15,0.011228660372299115,0.018333333333333333,-0.007104672961034219,1.22,2.2,2.0,0.008775286712937766,0.10479548866353511,2,2026-02-11 17:00:00,2026-02-11 23:00:00,t2-direct-60103e48d3
2026-02-12 09:00:00,2026-02-12 15:00:00,16,0.016194711769168608,0.02417151165965839,-0.007976799890489782,1.7,2.4,2.0,0.007034075834889523,0.1540086185062488,2,2026-02-11 17:00:00,2026-02-11 23:00:00,t2-direct-60103e48d3
2026-02-12 10:00:00,2026-02-12 16:00:00,17,0.03623814427144986,0.03691490573426502,-0.0006767614628151591,2.4,1.9,2.0,0.008183263951142446,0.20155759986798788,2,2026-02-11 17:00:00,2026-02-11 23:00:00,t2-direct-60103e48d3
2026-02-12 11:00:00,2026-02-12 17:00:00,18,0.10749856601149184,0.05288750314799406,0.05461106286349778,3.0,1.1,2.0,0.007336093960677387,0.39007231158389793,2,2026-02-11 17:00:00,2026-02-11 23:00:00,t2-direct-60103e48d3
2026-02-12 12:00:00,2026-02-12 18:00:00,19,0.17732760648200258,0.21727685003883385,-0.03994924355683127,5.38,0.3,2.0,0.01154500825419208,0.579743974734424,2,2026-02-11 17:00:00,2026-02-11 23:00:00,t2-direct-60103e48d3
2026-02-12 13:00:00,2026-02-12 19:00:00,20,0.20549567075109115,0.21402033590285982,-0.008524665151768668,5.35,0.0,2.0,0.016111945776452058,0.5488106440427478,2,2026-02-11 17:00:00,2026-02-11 23:00:00,t2-direct-60103e48d3
2026-02-12 14:00:00,2026-02-12 20:00:00,21,0.21232805338862273,0.1730216670553391,0.03930638633328362,4.95,-0.2,2.0,0.01592904087009267,0.5546568817668247,2,2026-02-11 17:00:00,2026-02-11 23:00:00,t2-direct-60103e48d3
2026-02-12 15:00:00,2026-02-12 21:00:00,22,0.20610123657114238,0.07577450609745533,0.13032673047368704,3.56,-0.2,2.0,0.015205669470329641,0.5649841223980159,2,2026-02-11 17:00:00,2026-02-11 23:00:00,t2-direct-60103e48d3
2026-02-12 16:00:00,2026-02-12 22:00:00,23,0.1959419670339465,0.06523774299728537,0.13070422403666115,3.36,-0.6,2.0,0.019495647339069444,0.516571811704624,2,2026-02-11 17:00:00,2026-02-11 23:00:00,t2-direct-60103e48d3
2026-02-12 17:00:00,2026-02-12 23:00:00,24,0.15981966662421107,0.02771712656934095,0.13210254005487013,1.92,-0.5,2.0,0.01345998827083783,0.45647198229199004,2,2026-02-11 17:00:00,2026-02-11 23:00:00,t2-direct-60103e48d3
2026-02-12 18:00:00,2026-02-13 00:00:00,25,0.10365059327231502,0.02772492640898572,0.0759256668633293,1.92,-0.7,2.0,0.012558503956317399,0.3763373844217801,2,2026-02-11 17:00:00,2026-02-11 23:00:00,t2-direct-60103e48d3
2026-02-12 19:00:00,2026-02-13 01:00:00,26,0.08024997440463108,0.03824316685580696,0.04200680754882412,2.44,-1.5,2.0,0.013736679391746623,0.39342411327057114,2,2026-02-11 17:00:00,2026-02-11 23:00:00,t2-direct-60103e48d3
2026-02-12 20:00:00,2026-02-13 02:00:00,27,0.05344284406515468,0.04738807226174943,0.006054771803405246,2.78,-2.6,2.0,0.012114949974013335,0.27148692137324226,2,2026-02-11 17:00:00,2026-02-11 23:00:00,t2-direct-60103e48d3
2026-02-12 21:00:00,2026-02-13 03:00:00,28,0.0429603238239661,0.03459409576625866,0.00836622805770744,2.3,-2.5,2.0,0.011370194192966636,0.21826060652695756,2,2026-02-11 17:00:00,2026-02-11 23:00:00,t2-direct-60103e48d3
2026-02-12 22:00:00,2026-02-13 04:00:00,29,0.014096064851486336,0.022844190928569836,-0.0087481260770835,1.59,-2.6,2.0,0.010261867240433858,0.15821031705938846,2,2026-02-11 17:00:00,2026-02-11 23:00:00,t2-direct-60103e48d3
2026-02-12 23:00:00,2026-02-13 05:00:00,30,0.011979560822071194,0.018333333333333333,-0.006353772511262139,0.87,-2.8,2.0,0.00848018667840197,0.1303655838454846,2,2026-02-11 17:00:00,2026-02-11 23:00:00,t2-direct-60103e48d3
2026-02-13 00:00:00,2026-02-13 06:00:00,31,0.0201511481900041,0.041294750830306454,-0.021143602640302354,2.55,-3.0,2.0,0.008335942865124787,0.11433483189098459,2,2026-02-11 17:00:00,2026-02-11 23:00:00,t2-direct-60103e48d3
2026-02-13 01:00:00,2026-02-13 07:00:00,32,0.015260301511897743,0.03916262792844064,-0.0239023264165429,2.47,-3.0,2.0,0.007423716493006407,0.09333208350248665,2,2026-02-11 17:00:00,2026-02-11 23:00:00,t2-direct-60103e48d3
2026-02-13 02:00:00,2026-02-13 08:00:00,33,0.010787273366787479,0.026312267667784082,-0.015524994300996603,1.83,-2.9,2.0,0.008302656204873698,0.0693811011793773,2,2026-02-11 17:00:00,2026-02-11 23:00:00,t2-direct-60103e48d3
2026-02-13 03:00:00,2026-02-13 09:00:00,34,0.01337025990469205,0.032294636897459074,-0.018924376992767025,2.19,-2.6,2.0,0.008047408756028503,0.10219856742317908,2,2026-02-11 17:00:00,2026-02-11 23:00:00,t2-direct-60103e48d3
2026-02-13 04:00:00,2026-02-13 10:00:00,35,0.009725346049944987,0.05030881308600908,-0.040583467036064094,2.89,-2.5,2.0,0.007955886604585186,0.08284784504003602,2,2026-02-11 17:00:00,2026-02-11 23:00:00,t2-direct-60103e48d3
2026-02-13 05:00:00,2026-02-13 11:00:00,36,0.008779868481703267,0.02943535260523511,-0.020655484123531843,2.02,-1.9,2.0,0.007264283302930082,0.1451841579373435,2,2026-02-11 17:00:00,2026-02-11 23:00:00,t2-direct-60103e48d3
2026-02-13 06:00:00,2026-02-13 12:00:00,37,0.027922908526597116,0.01997971984048059,0.007943188686116525,1.38,0.4,3.0,0.007912681857809627,0.3246333735681961,2,2026-02-11 17:00:00,2026-02-11 23:00:00,t2-direct-60103e48d3
2026-02-13 07:00:00,2026-02-13 13:00:00,38,0.03501927610494802,0.03312435043395555,0.0018949256709924686,2.25,1.1,3.0,0.006161162207524374,0.3783238838847072,2,2026-02-11 17:00:00,2026-02-11 23:00:00,t2-direct-60103e48d3
2026-02-13 08:00:00,2026-02-13 14:00:00,39,0.034056888923623276,0.02630319653507719,0.007753692388546087,1.84,1.8,3.0,0.008885765745064392,0.338342760414264,2,2026-02-11 17:00:00,2026-02-11 23:00:00,t2-direct-60103e48d3
2026-02-13 09:00:00,2026-02-13 15:00:00,40,0.0699096331869189,0.03141945744204801,0.03849017574487089,2.15,2.2,3.0,0.005114964636117103,0.43601170592603133,2,2026-02-11 17:00:00,2026-02-11 23:00:00,t2-direct-60103e48d3
2026-02-13 10:00:00,2026-02-13 16:00:00,41,0.07533886503800523,0.03273019716932388,0.04260866786868135,2.23,2.5,3.0,0.009472329318965467,0.4377643402573275,2,2026-02-11 17:00:00,2026-02-11 23:00:00,t2-direct-60103e48d3
2026-02-13 11:00:00,2026-02-13 17:00:00,42,0.07150467449288059,0.04721111557680869,0.0242935589160719,2.79,2.3,3.0,0.007769541164007451,0.40066389487803256,2,2026-02-11 17:00:00,2026-02-11 23:00:00,t2-direct-60103e48d3
2026-02-13 12:00:00,2026-02-13 18:00:00,43,0.04971216780916001,0.04847086961948802,0.0012412981896719882,2.83,0.1,3.0,0.007980675362164298,0.2849355219462448,2,2026-02-11 17:00:00,2026-02-11 23:00:00,t2-direct-60103e48d3
2026-02-13 13:00:00,2026-02-13 19:00:00,44,0.03604269888288863,0.03362473719680107,0.002417961686087558,2.27,-0.2,3.0,0.008380120460930094,0.28775559002552625,2,2026-02-11 17:00:00,2026-02-11 23:00:00,t2-direct-60103e48d3
2026-02-13 14:00:00,2026-02-13 20:00:00,45,0.028217820796675907,0.018333333333333333,0.009884487463342573,1.22,-0.6,3.0,0.008120593057821947,0.24346351353262058,2,2026-02-11 17:00:00,2026-02-11 23:00:00,t2-direct-60103e48d3
2026-02-13 15:00:00,2026-02-13 21:00:00,46,0.05000318974958779,0.04297183262528803,0.00703135712429976,2.62,-0.8,3.0,0.012706847777174977,0.3515970830063891,2,2026-02-11 17:00:00,2026-02-11 23:00:00,t2-direct-60103e48d3
2026-02-13 16:00:00,2026-02-13 22:00:00,47,0.15932918358194653,0.1481518121808558,0.011177371401090735,4.7,-1.0,3.0,0.0073028759525994025,0.6995446017461409,2,2026-02-11 17:00:00,2026-02-11 23:00:00,t2-direct-60103e48d3
2026-02-13 17:00:00,2026-02-13 23:00:00,48,0.2421371152790623,0.367479455064013,-0.12534233978495074,6.52,-0.6,3.0,0.021548992776343173,0.8936504999708414,2,2026-02-11 17:00:00,2026-02-11 23:00:00,t2-direct-60103e48d3
2026-02-12 18:00:00,2026-02-13 00:00:00,1,0.016501328920398056,0.026905825203175984,-0.010404496282777929,1.87,-1.0,1.0,0.008443498474172842,0.12374193981331781,2,2026-02-12 17:00:00,2026-02-12 23:00:00,t2-direct-60103e48d3
2026-02-12 19:00:00,2026-02-13 01:00:00,2,0.020672498742652257,0.031912825839421385,-0.011240327096769129,2.17,-1.5,1.0,0.00825765161886358,0.07716962127635238,2,2026-02-12 17:00:00,2026-02-12 23:00:00,t2-direct-60103e48d3
2026-02-12 20:00:00,2026-02-13 02:00:00,3,0.014824592801135118,0.03990472471984368,-0.025080131918708563,2.5,-2.3,1.0,0.008092056954476116,0.0981289483090347,2,2026-02-12 17:00:00,2026-02-12 23:00:00,t2-direct-60103e48d3
2026-02-12 21:00:00,2026-02-13 03:00:00,4,0.010736713593881658,0.018333333333333333,-0.007596619739451676,0.72,-2.5,1.0,0.008160873319720152,0.06894997658486272,2,2026-02-12 17:00:00,2026-02-12 23:00:00,t2-direct-60103e48d3
2026-02-12 22:00:00,2026-02-13 04:00:00,5,0.011019318446799745,0.018333333333333333,-0.0073140148865335885,1.09,-2.5,1.0,0.008113265245939624,0.05372055893176009,2,2026-02-12 17:00:00,2026-02-12 23:00:00,t2-direct-60103e48d3
2026-02-12 23:00:00,2026-02-13 05:00:00,6,0.01116114838048063,0.01911481558685104,-0.00795366720637041,1.31,-2.6,1.0,0.007543956323637895,0.079784994478676,2,2026-02-12 17:00:00,2026-02-12 23:00:00,t2-direct-60103e48d3
2026-02-13 00:00:00,2026-02-13 06:00:00,7,0.013420071904381832,0.021095953057548487,-0.007675881153166655,1.46,-1.9,1.0,0.007371081135618439,0.10061410371729501,2,2026-02-12 17:00:00,2026-02-12 23:00:00,t2-direct-60103e48d3
2026-02-13 01:00:00,2026-02-13 07:00:00,8,0.012416629274118084,0.04042903944205297,-0.028012410167934886,2.52,-2.2,1.0,0.00815641039589425,0.0916619369280882,2,2026-02-12 17:00:00,2026-02-12 23:00:00,t2-direct-60103e48d3
2026-02-13 02:00:00,2026-02-13 08:00:00,9,0.012388516496128273,0.018711040759855097,-0.006322524263726825,1.28,-2.4,1.0,0.008527078864375351,0.1030181681823272,2,2026-02-12 17:00:00,2026-02-12 23:00:00,t2-direct-60103e48d3
2026-02-13 03:00:00,2026-02-13 09:00:00,10,0.010267733451000998,0.018333333333333333,-0.008065599882332335,0.83,-2.0,1.0,0.007342060813536517,0.06854817799748074,2,2026-02-12 17:00:00,2026-02-12 23:00:00,t2-direct-60103e48d3
2026-02-13 04:00:00,2026-02-13 10:00:00,11,0.01283713986813175,0.018333333333333333,-0.005496193465201584,1.2,-1.2,1.0,0.008049149422792043,0.08741111518300626,2,2026-02-12 17:00:00,2026-02-12 23:00:00,t2-direct-60103e48d3
2026-02-13 05:00:00,2026-02-13 11:00:00,12,0.012134898980265854,0.024918108897215976,-0.012783209916950122,1.75,-0.6,1.0,0.00827613487052409,0.10047995479047937,2,2026-02-12 17:00:00,2026-02-12 23:00:00,t2-direct-60103e48d3
2026-02-13 06:00:00,2026-02-13 12:00:00,13,0.008406323446453638,0.03929916901620521,-0.030892845569751574,2.48,-1.4,2.0,0.007589638981604358,0.09962194236971536,2,2026-02-12 17:00:00,2026-02-12 23:00:00,t2-direct-60103e48d3
2026-02-13 07:00:00,2026-02-13 13:00:00,14,0.010668910641023445,0.018333333333333333,-0.007664422692309889,1.1,-0.4,2.0,0.007939844575529795,0.11299145574463197,2,2026-02-12 17:00:00,2026-02-12 23:00:00,t2-direct-60103e48d3
2026-02-13 08:00:00,2026-02-13 14:00:00,15,0.01056762507487879,0.02817187949316568,-0.01760425441828689,1.95,0.6,2.0,0.006819709102255118,0.10868668403165985,2,2026-02-12 17:00:00,2026-02-12 23:00:00,t2-direct-60103e48d3
2026-02-13 09:00:00,2026-02-13 15:00:00,16,0.010307995520522322,0.028144362331258006,-0.017836366810735686,1.95,1.3,2.0,0.008563933232490236,0.10127476733097945,2,2026-02-12 17:00:00,2026-02-12 23:00:00,t2-direct-60103e48d3
2026-02-13 10:00:00,2026-02-13 16:00:00,17,0.010765406730616543,0.018333333333333333,-0.0075679266027167905,1.24,1.6,2.0,0.00858502652946751,0.09218296442972965,2,2026-02-12 17:00:00,2026-02-12 23:00:00,t2-direct-60103e48d3
2026-02-13 11:00:00,2026-02-13 17:00:00,18,0.02485808024294868,0.03378715550996083,-0.00892907526701215,2.28,1.2,2.0,0.0067768366168789555,0.23997528428578613,2,2026-02-12 17:00:00,2026-02-12 23:00:00,t2-direct-60103e48d3
2026-02-13 12:00:00,2026-02-13 18:00:00,19,0.025515534847469244,0.09821454972550883,-0.07269901487803959,4.15,-0.5,2.0,0.011502598378402984,0.28685410211140805,2,2026-02-12 17:00:00,2026-02-12 23:00:00,t2-direct-60103e48d3
2026-02-13 13:00:00,2026-02-13 19:00:00,20,0.028964263870948557,0.1814187024472947,-0.15245443857634614,5.03,-0.9,2.0,0.010670039822379601,0.2725793315511193,2,2026-02-12 17:00:00,2026-02-12 23:00:00,t2-direct-60103e48d3
2026-02-13 14:00:00,2026-02-13 20:00:00,21,0.061879839659082864,0.1933181364793417,-0.13143829682025884,5.15,-0.8,2.0,0.008526867490482808,0.3712151663608726,2,2026-02-12 17:00:00,2026-02-12 23:00:00,t2-direct-60103e48d3
2026-02-13 15:00:00,2026-02-13 21:00:00,22,0.13733677306567468,0.2763957939799991,-0.1390590209143244,5.87,-0.4,2.0,0.011722502782025052,0.5917137212544706,2,2026-02-12 17:00:00,2026-02-12 23:00:00,t2-direct-60103e48d3
2026-02-13 16:00:00,2026-02-13 22:00:00,23,0.15515495630358142,0.29927175907058506,-0.14411680276700364,6.04,-0.7,2.0,0.010712132408497277,0.6664240303215422,2,2026-02-12 17:00:00,2026-02-12 23:00:00,t2-direct-60103e48d3
2026-02-13 17:00:00,2026-02-13 23:00:00,24,0.27700450917614383,0.37110730942850684,-0.094102800252363,6.54,-1.1,2.0,0.024216458463767077,0.8547590216626193,2,2026-02-12 17:00:00,2026-02-12 23:00:00,t2-direct-60103e48d3
2026-02-13 18:00:00,2026-02-14 00:00:00,25,0.38406409324128643,0.3852476488080145,-0.0011835555667280562,6.64,-0.3,2.0,0.08754530197694266,0.9687525749104187,2,2026-02-12 17:00:00,2026-02-12 23:00:00,t2-direct-60103e48d3
2026-02-13 19:00:00,2026-02-14 01:00:00,26,0.5311503920952988,0.5038150385791252,0.027335353516173555,7.22,-0.3,2.0,0.1713813378648551,0.9746098557935405,2,2026-02-12 17:00:00,2026-02-12 23:00:00,t2-direct-60103e48d3
2026-02-13 20:00:00,2026-02-14 02:00:00,27,0.5510505986020192,0.45397321016423814,0.09707738843778108,6.99,-0.8,2.0,0.22131170482479617,0.9671274273629924,2,2026-02-12 17:00:00,2026-02-12 23:00:00,t2-direct-60103e48d3
2026-02-13 21:00:00,2026-02-14 03:00:00,28,0.5313263308823528,0.40273991788150704,0.12858641300084578,6.75,-1.0,2.0,0.22902107934503896,0.9727155309727117,2,2026-02-12 17:00:00,2026-02-12 23:00:00,t2-direct-60103e48d3
2026-02-13 22:00:00,2026-02-14 04:00:00,29,0.5290559492511159,0.3327185489293419,0.196337400321774,6.29,-0.6,2.0,0.1812538693977423,0.9438960236005058,2,2026-02-12 17:00:00,2026-02-12 23:00:00,t2-direct-60103e48d3
2026-02-13 23:00:00,2026-02-14 05:00:00,30,0.5059890752409304,0.17401767042312768,0.33197140481780274,4.96,-0.2,2.0,0.12394090596164431,0.9161651013942823,2,2026-02-12 17:00:00,2026-02-12 23:00:00,t2-direct-60103e48d3
2026-02-14 00:00:00,2026-02-14 06:00:00,31,0.3852981612271464,0.09256420596002615,0.2927339552671202,3.96,-0.7,2.0,0.0662723525056948,0.8263507490269131,2,2026-02-12 17:00:00,2026-02-12 23:00:00,t2-direct-60103e48d3
2026-02-14 01:00:00,2026-02-14 07:00:00,32,0.16684387697042857,0.026720758030715712,0.14012311893971285,1.86,-0.5,2.0,0.0057919911407433855,0.825593175721408,2,2026-02-12 17:00:00,2026-02-12 23:00:00,t2-direct-60103e48d3
2026-02-14 02:00:00,2026-02-14 08:00:00,33,0.1567094427422199,0.024381092692319105,0.1323283500499008,1.71,-0.4,2.0,0.005645473854879429,0.6348209066101612,2,2026-02-12 17:00:00,2026-02-12 23:00:00,t2-direct-60103e48d3
2026-02-14 03:00:00,2026-02-14 09:00:00,34,0.14321430792883408,0.033551287158970135,0.10966302076986395,2.27,0.8,2.0,0.0037314000089821997,0.5895804958077975,2,2026-02-12 17:00:00,2026-02-12 23:00:00,t2-direct-60103e48d3
2026-02-14 04:00:00,2026-02-14 10:00:00,35,0.13976607294461035,0.018333333333333333,0.12143273961127701,1.25,2.2,2.0,0.0028646708055939663,0.6248354321550171,2,2026-02-12 17:00:00,2026-02-12 23:00:00,t2-direct-60103e48d3
2026-02-14 05:00:00,2026-02-14 11:00:00,36,0.13731910382996285,0.018333333333333333,0.1189857704966295,0.67,4.2,2.0,0.002620702158664362,0.5872271772689199,2,2026-02-12 17:00:00,2026-02-12 23:00:00,t2-direct-60103e48d3
2026-02-14 06:00:00,2026-02-14 12:00:00,37,0.13833863600180002,0.023332758162411475,0.11500587783938854,1.64,4.1,3.0,0.009834091022688174,0.6581577922731718,2,2026-02-12 17:00:00,2026-02-12 23:00:00,t2-direct-60103e48d3
2026-02-14 07:00:00,2026-02-14 13:00:00,38,0.10728466640182786,0.018333333333333333,0.08895133306849454,0.73,4.7,3.0,0.005638207181034471,0.6357925621450209,2,2026-02-12 17:00:00,2026-02-12 23:00:00,t2-direct-60103e48d3
2026-02-14 08:00:00,2026-02-14 14:00:00,39,0.10078448897449137,0.018333333333333333,0.08245115564115804,0.61,5.7,3.0,0.006896652884957888,0.5906599073881211,2,2026-02-12 17:00:00,2026-02-12 23:00:00,t2-direct-60103e48d3
2026-02-14 09:00:00,2026-02-14 15:00:00,40,0.0834760904873363,0.018333333333333333,0.06514275715400297,0.3,6.4,3.0,0.007033071373116817,0.45895467062153594,2,2026-02-12 17:00:00,2026-02-12 23:00:00,t2-direct-60103e48d3
2026-02-14 10:00:00,2026-02-14 16:00:00,41,0.08872586153467196,0.018526263341953245,0.07019959819271872,1.28,6.6,3.0,0.005230390304411164,0.4813912594693853,2,2026-02-12 17:00:00,2026-02-12 23:00:00,t2-direct-60103e48d3
2026-02-14 11:00:00,2026-02-14 17:00:00,42,0.11084098197019751,0.033087432807673706,0.0777535491625238,2.26,5.6,3.0,0.005342580296291061,0.5852063760338818,2,2026-02-12 17:00:00,2026-02-12 23:00:00,t2-direct-60103e48d3
2026-02-14 12:00:00,2026-02-14 18:00:00,43,0.12209056487738983,0.061918497048196644,0.06017206782919318,3.31,2.5,3.0,0.01819674846601317,0.607080378982262,2,2026-02-12 17:00:00,2026-02-12 23:00:00,t2-direct-60103e48d3
2026-02-14 13:00:00,2026-02-14 19:00:00,44,0.10858388272133628,0.024714986662004404,0.08386889605933187,1.74,1.9,3.0,0.010741853924231742,0.6071404952803537,2,2026-02-12 17:00:00,2026-02-12 23:00:00,t2-direct-60103e48d3
2026-02-14 14:00:00,2026-02-14 20:00:00,45,0.15870478177373196,0.055569305518123675,0.10313547625560829,3.1,0.8,3.0,0.005852348770692711,0.5563801165552897,2,2026-02-12 17:00:00,2026-02-12 23:00:00,t2-direct-60103e48d3
2026-02-14 15:00:00,2026-02-14 21:00:00,46,0.19042246317413955,0.19785851680082578,-0.007436053626686229,5.2,-0.1,3.0,0.007422520196410987,0.6370449994468578,2,2026-02-12 17:00:00,2026-02-12 23:00:00,t2-direct-60103e48d3
2026-02-14 16:00:00,2026-02-14 22:00:00,47,0.16243434386347091,0.24530712842255437,-0.08287278455908345,5.62,0.1,3.0,0.006805119948497584,0.5981815775444744,2,2026-02-12 17:00:00,2026-02-12 23:00:00,t2-direct-60103e48d3
2026-02-14 17:00:00,2026-02-14 23:00:00,48,0.09499835643799169,0.09610726954122188,-0.0011089131032301913,4.08,-0.4,3.0,0.008167988542938792,0.44939083422564585,2,2026-02-12 17:00:00,2026-02-12 23:00:00,t2-direct-60103e48d3
2026-02-13 18:00:00,2026-02-14 00:00:00,1,0.5352875329295902,0.533610463860466,0.0016770690691242374,7.38,-0.8,1.0,0.22607534091828707,0.9717266113029992,2,2026-02-13 17:00:00,2026-02-13 23:00:00,t2-direct-60103e48d3
2026-02-13 19:00:00,2026-02-14 01:00:00,2,0.5316262006781519,0.5278049952603859,0.0038212054177659827,7.34,-1.2,1.0,0.3044330348365648,0.9941587467956767,2,2026-02-13 17:00:00,2026-02-13 23:00:00,t2-direct-60103e48d3
2026-02-13 20:00:00,2026-02-14 02:00:00,3,0.5695187024635436,0.5586856716641541,0.010833030799389576,7.54,-0.5,1.0,0.2910496172144226,0.9839285944184961,2,2026-02-13 17:00:00,2026-02-13 23:00:00,t2-direct-60103e48d3
2026-02-13 21:00:00,2026-02-14 03:00:00,4,0.5772119489615573,0.5346288303829582,0.04258311857859909,7.39,-0.4,1.0,0.3014971983193112,0.9821620673005886,2,2026-02-13 17:00:00,2026-02-13 23:00:00,t2-direct-60103e48d3
2026-02-13 22:00:00,2026-02-14 04:00:00,5,0.6887033919789369,0.5488291048635076,0.13987428711542937,7.48,-0.3,1.0,0.31004081972547615,0.967934360665097,2,2026-02-13 17:00:00,2026-02-13 23:00:00,t2-direct-60103e48d3
2026-02-13 23:00:00,2026-02-14 05:00:00,6,0.508348753295474,0.48855142025542325,0.01979733304005077,7.15,-0.4,1.0,0.24844782002477617,0.969833288922848,2,2026-02-13 17:00:00,2026-02-13 23:00:00,t2-direct-60103e48d3
2026-02-14 00:00:00,2026-02-14 06:00:00,7,0.4222889978230466,0.40035554512540433,0.02193345269764224,6.74,-0.3,1.0,0.07668791575125233,0.8833960776568262,2,2026-02-13 17:00:00,2026-02-13 23:00:00,t2-direct-60103e48d3
2026-02-14 01:00:00,2026-02-14 07:00:00,8,0.21352914679020701,0.2670974909285624,-0.05356834413835537,5.8,-0.4,1.0,0.01173238753568484,0.779564865311664,2,2026-02-13 17:00:00,2026-02-13 23:00:00,t2-direct-60103e48d3
2026-02-14 02:00:00,2026-02-14 08:00:00,9,0.11804671026173068,0.08596474292851791,0.032081967333212766,3.75,-0.6,1.0,0.010625934373314272,0.6590000662468491,2,2026-02-13 17:00:00,2026-02-13 23:00:00,t2-direct-60103e48d3
2026-02-14 03:00:00,2026-02-14 09:00:00,10,0.09186222453425427,0.08712724528591946,0.004734979248334811,3.78,-0.3,1.0,0.010839909586788168,0.5307352756078939,2,2026-02-13 17:00:00,2026-02-13 23:00:00,t2-direct-60103e48d3
2026-02-14 04:00:00,2026-02-14 10:00:00,11,0.08306427450946631,0.048096083506992876,0.034968191002473434,2.82,1.3,1.0,0.00528631567478835,0.43089136029622616,2,2026-02-13 17:00:00,2026-02-13 23:00:00,t2-direct-60103e48d3
2026-02-14 05:00:00,2026-02-14 11:00:00,12,0.10748861717916156,0.023263144788525487,0.08422547239063607,1.63,1.7,1.0,0.006137871932060834,0.5271606541105137,2,2026-02-13 17:00:00,2026-02-13 23:00:00,t2-direct-60103e48d3
2026-02-14 06:00:00,2026-02-14 12:00:00,13,0.15377634928389478,0.018333333333333333,0.13544301595056144,1.18,3.5,2.0,0.005185566446878981,0.6341502992875049,2,2026-02-13 17:00:00,2026-02-13 23:00:00,t2-direct-60103e48d3
2026-02-14 07:00:00,2026-02-14 13:00:00,14,0.18285482407765896,0.02226844756941152,0.16058637650824745,1.56,4.4,2.0,0.006617156582629513,0.6298088133398119,2,2026-02-13 17:00:00,2026-02-13 23:00:00,t2-direct-60103e48d3
2026-02-14 08:00:00,2026-02-14 14:00:00,15,0.2040366136411104,0.055172909788436114,0.14886370385267428,3.1,4.8,2.0,0.006186412424330351,0.6220231659920865,2,2026-02-13 17:00:00,2026-02-13 23:00:00,t2-direct-60103e48d3
2026-02-14 09:00:00,2026-02-14 15:00:00,16,0.20746716606560972,0.08579330345820106,0.12167386260740866,3.77,4.5,2.0,0.005414370062722718,0.529965494916484,2,2026-02-13 17:00:00,2026-02-13 23:00:00,t2-direct-60103e48d3
2026-02-14 10:00:00,2026-02-14 16:00:00,17,0.17480837210537875,0.06007883506501498,0.11472953704036377,3.28,3.7,2.0,0.004750803887082017,0.5908630509108275,2,2026-02-13 17:00:00,2026-02-13 23:00:00,t2-direct-60103e48d3
2026-02-14 11:00:00,2026-02-14 17:00:00,18,0.21469754345647732,0.07469381544573585,0.14000372801074146,3.55,2.2,2.0,0.007945943260531746,0.6690674138309395,2,2026-02-13 17:00:00,2026-02-13 23:00:00,t2-direct-60103e48d3
2026-02-14 12:00:00,2026-02-14 18:00:00,19,0.2870326719539276,0.20380855504629702,0.0832241169076306,5.27,1.5,2.0,0.018024837273980743,0.7494752985469252,2,2026-02-13 17:00:00,2026-02-13 23:00:00,t2-direct-60103e48d3
2026-02-14 13:00:00,2026-02-14 19:00:00,20,0.28940024387214375,0.1966104915084782,0.09278975236366555,5.19,0.3,2.0,0.03014250939661739,0.7034849656739559,2,2026-02-13 17:00:00,2026-02-13 23:00:00,t2-direct-60103e48d3
2026-02-14 14:00:00,2026-02-14 20:00:00,21,0.18813966695980167,0.24150586248768213,-0.05336619552788047,5.59,0.5,2.0,0.022950066052454227,0.5641970454882512,2,2026-02-13 17:00:00,2026-02-13 23:00:00,t2-direct-60103e48d3
2026-02-14 15:00:00,2026-02-14 21:00:00,22,0.14256395771536157,0.19443164198871765,-0.051867684273356085,5.17,0.6,2.0,0.009533854209445969,0.544099662133906,2,2026-02-13 17:00:00,2026-02-13 23:00:00,t2-direct-60103e48d3
2026-02-14 16:00:00,2026-02-14 22:00:00,23,0.10464161295655776,0.10980361383790126,-0.005162000881343498,4.35,1.0,2.0,0.009357510851779743,0.45164393681001613,2,2026-02-13 17:00:00,2026-02-13 23:00:00,t2-direct-60103e48d3
2026-02-14 17:00:00,2026-02-14 23:00:00,24,0.0802433148884608,0.09082714921663612,-0.01058383432817532,3.91,1.0,2.0,0.009656876071227727,0.3428489458581511,2,2026-02-13 17:00:00,2026-02-13 23:00:00,t2-direct-60103e48d3
2026-02-14 18:00:00,2026-02-15 00:00:00,25,0.016214281156913136,0.03353664004283732,-0.01732235888592418,2.27,1.0,2.0,0.009065100246995403,0.18131528967769062,2,2026-02-13 17:00:00,2026-02-13 23:00:00,t2-direct-60103e48d3
2026-02-14 19:00:00,2026-02-15 01:00:00,26,0.009899876757288362,0.028333761239059035,-0.018433884481770673,1.96,0.7,2.0,0.009709229842158175,0.12881318108814663,2,2026-02-13 17:00:00,2026-02-13 23:00:00,t2-direct-60103e48d3
2026-02-14 20:00:00,2026-02-15 02:00:00,27,0.010088085872602027,0.018333333333333333,-0.008245247460731306,0.67,-0.6,2.0,0.009300427857904072,0.10327414540079265,2,2026-02-13 17:00:00,2026-02-13 23:00:00,t2-direct-60103e48d3
2026-02-14 21:00:00,2026-02-15 03:00:00,28,0.010753034818268947,0.027234305752994927,-0.01648127093472598,1.89,-0.9,2.0,0.009153386007999477,0.10365993832831004,2,2026-02-13 17:00:00,2026-02-13 23:00:00,t2-direct-60103e48d3
2026-02-14 22:00:00,2026-02-15 04:00:00,29,0.026748627265740146,0.018333333333333333,0.008415293932406812,1.17,-0.4,2.0,0.008472167545808169,0.10092435261802145,2,2026-02-13 17:00:00,2026-02-13 23:00:00,t2-direct-60103e48d3
2026-02-14 23:00:00,2026-02-15 05:00:00,30,0.04847959475025493,0.052371540294184435,-0.0038919455439295064,2.97,-1.8,2.0,0.008951605363450375,0.21954724318665794,2,2026-02-13 17:00:00,2026-02-13 23:00:00,t2-direct-60103e48d3
2026-02-15 00:00:00,2026-02-15 06:00:00,31,0.020954764857692067,0.08894485240688715,-0.06799008754919508,3.83,-2.6,2.0,0.008416225441988586,0.2666205621353145,2,2026-02-13 17:00:00,2026-02-13 23:00:00,t2-direct-60103e48d3
2026-02-15 01:00:00,2026-02-15 07:00:00,32,0.06099108060042985,0.17940838939884785,-0.118417308798418,5.0,-2.5,2.0,0.008100735381009652,0.5302856595332341,2,2026-02-13 17:00:00,2026-02-13 23:00:00,t2-direct-60103e48d3
2026-02-15 02:00:00,2026-02-15 08:00:00,33,0.18149320935830549,0.2807811686118228,-0.0992879592535173,5.89,-2.2,2.0,0.00796103793495967,0.7428535560376469,2,2026-02-13 17:00:00,2026-02-13 23:00:00,t2-direct-60103e48d3
2026-02-15 03:00:00,2026-02-15 09:00:00,34,0.2768754276536771,0.3767908859582531,-0.09991545830457599,6.58,-0.8,2.0,0.03358239516510833,0.9049190644912958,2,2026-02-13 17:00:00,2026-02-13 23:00:00,t2-direct-60103e48d3
2026-02-15 04:00:00,2026-02-15 10:00:00,35,0.5980402487428319,0.42889946376497373,0.16914078497785817,6.9,2.0,2.0,0.1300110702896134,0.9814264670148575,2,2026-02-13 17:00:00,2026-02-13 23:00:00,t2-direct-60103e48d3
2026-02-15 05:00:00,2026-02-15 11:00:00,36,0.6761719907770969,0.583155020663986,0.09301697011311094,7.73,3.4,2.0,0.2839864337223104,0.9809597417949067,2,2026-02-13 17:00:00,2026-02-13 23:00:00,t2-direct-60103e48d3
2026-02-15 06:00:00,2026-02-15 12:00:00,37,0.8760520166547529,0.6364877794300844,0.23956423722466846,8.13,4.8,3.0,0.33104109474324883,0.9861309366642458,2,2026-02-13 17:00:00,2026-02-13 23:00:00,t2-direct-60103e48d3
2026-02-15 07:00:00,2026-02-15 13:00:00,38,0.9077642342503772,0.6862737993650602,0.22149043488531706,8.85,6.7,3.0,0.4459445815253156,0.9687510390018563,2,2026-02-13 17:00:00,2026-02-13 23:00:00,t2-direct-60103e48d3
2026-02-15 08:00:00,2026-02-15 14:00:00,39,0.9033632310449908,0.7731132867673947,0.13024994427759617,9.19,7.0,3.0,0.5025494300100102,0.9748683778141707,2,2026-02-13 17:00:00,2026-02-13 23:00:00,t2-direct-60103e48d3
2026-02-15 09:00:00,2026-02-15 15:00:00,40,0.9290720593568013,0.7391674472758739,0.18990461208092735,9.06,6.9,3.0,0.6106221923347812,0.9754709011767753,2,2026-02-13 17:00:00,2026-02-13 23:00:00,t2-direct-60103e48d3
2026-02-15 10:00:00,2026-02-15 16:00:00,41,0.9128933085295116,0.6692652312415409,0.24362807728797065,8.48,6.6,3.0,0.4763325058314435,0.9721891466921195,2,2026-02-13 17:00:00,2026-02-13 23:00:00,t2-direct-60103e48d3
2026-02-15 11:00:00,2026-02-15 17:00:00,42,0.8408345974502,0.6318874485303234,0.20894714891987654,8.1,5.3,3.0,0.3085555751208112,0.97829644223903,2,2026-02-13 17:00:00,2026-02-13 23:00:00,t2-direct-60103e48d3
2026-02-15 12:00:00,2026-02-15 18:00:00,43,0.6136168421346273,0.498871464424701,0.11474537770992632,7.23,3.4,3.0,0.19305665443969855,0.9841825256270806,2,2026-02-13 17:00:00,2026-02-13 23:00:00,t2-direct-60103e48d3
2026-02-15 13:00:00,2026-02-15 19:00:00,44,0.6014299853027674,0.34339034647221156,0.2580396388305558,6.38,1.9,3.0,0.20996920904563376,0.984331624104861,2,2026-02-13 17:00:00,2026-02-13 23:00:00,t2-direct-60103e48d3
2026-02-15 14:00:00,2026-02-15 20:00:00,45,0.6440055582223805,0.3219024917870927,0.3221030664352878,6.23,1.9,3.0,0.191226345911776,0.979578150023588,2,2026-02-13 17:00:00,2026-02-13 23:00:00,t2-direct-60103e48d3
2026-02-15 15:00:00,2026-02-15 21:00:00,46,0.6591982838173946,0.3918511792610424,0.26734710455635224,6.7,1.7,3.0,0.184683214286679,0.9817831654092233,2,2026-02-13 17:00:00,2026-02-13 23:00:00,t2-direct-60103e48d3
2026-02-15 16:00:00,2026-02-15 22:00:00,47,0.7665565033835017,0.40742496012851137,0.3591315432549903,6.8,1.7,3.0,0.2668745211510398,0.9779369846337684,2,2026-02-13 17:00:00,2026-02-13 23:00:00,t2-direct-60103e48d3
2026-02-15 17:00:00,2026-02-15 23:00:00,48,0.77544181228514,0.4668980835453789,0.3085437287397611,7.07,1.7,3.0,0.30897683880072335,0.9775235508904516,2,2026-02-13 17:00:00,2026-02-13 23:00:00,t2-direct-60103e48d3
2026-02-14 18:00:00,2026-02-15 00:00:00,1,0.015454738642640702,0.018333333333333333,-0.0028785946906926315,0.43,-1.0,1.0,0.008232832301312184,0.11543576504842237,2,2026-02-14 17:00:00,2026-02-14 23:00:00,t2-direct-60103e48d3
2026-02-14 19:00:00,2026-02-15 01:00:00,2,0.010432533568869163,0.018333333333333333,-0.00790079976446417,0.6,-0.6,1.0,0.008361035439902081,0.09058430776305151,2,2026-02-14 17:00:00,2026-02-14 23:00:00,t2-direct-60103e48d3
2026-02-14 20:00:00,2026-02-15 02:00:00,3,0.010844730382845988,0.018333333333333333,-0.0074886029504873455,1.16,0.0,1.0,0.008379360605971066,0.07089820534811075,2,2026-02-14 17:00:00,2026-02-14 23:00:00,t2-direct-60103e48d3
2026-02-14 21:00:00,2026-02-15 03:00:00,4,0.010152898627941664,0.019222090679043864,-0.009069192051102199,1.32,-1.4,1.0,0.008164981910663074,0.07676949361593079,2,2026-02-14 17:00:00,2026-02-14 23:00:00,t2-direct-60103e48d3
2026-02-14 22:00:00,2026-02-15 04:00:00,5,0.013727614073452346,0.03277590961343195,-0.019048295539979603,2.22,-2.2,1.0,0.008359248962783183,0.11028956803464932,2,2026-02-14 17:00:00,2026-02-14 23:00:00,t2-direct-60103e48d3
2026-02-14 23:00:00,2026-02-15 05:00:00,6,0.024054160079146836,0.08127091707026846,-0.05721675699112162,3.65,-3.2,1.0,0.008674725194156352,0.14786522257339252,2,2026-02-14 17:00:00,2026-02-14 23:00:00,t2-direct-60103e48d3
2026-02-15 00:00:00,2026-02-15 06:00:00,7,0.01073224811466103,0.06101074853509895,-0.05027850042043792,3.27,-3.2,1.0,0.008752865759683844,0.406761718332208,2,2026-02-14 17:00:00,2026-02-14 23:00:00,t2-direct-60103e48d3
2026-02-15 01:00:00,2026-02-15 07:00:00,8,0.12682058300700105,0.21096246436641758,-0.08414188135941653,5.31,-2.1,1.0,0.00753847533979668,0.5110542820501474,2,2026-02-14 17:00:00,2026-02-14 23:00:00,t2-direct-60103e48d3
2026-02-15 02:00:00,2026-02-15 08:00:00,9,0.19201599234895653,0.22874628809413222,-0.036730295745175695,5.46,-2.5,1.0,0.015161040403132736,0.817450704479669,2,2026-02-14 17:00:00,2026-02-14 23:00:00,t2-direct-60103e48d3
2026-02-15 03:00:00,2026-02-15 09:00:00,10,0.3476624501097882,0.3930486710494313,-0.04538622093964312,6.69,-0.5,1.0,0.06981082588852366,0.9536116036793878,2,2026-02-14 17:00:00,2026-02-14 23:00:00,t2-direct-60103e48d3
2026-02-15 04:00:00,2026-02-15 10:00:00,11,0.5557137512527776,0.5547438794504822,0.0009698718022953523,7.54,2.2,1.0,0.1894136957732767,0.9761233740292905,2,2026-02-14 17:00:00,2026-02-14 23:00:00,t2-direct-60103e48d3
2026-02-15 05:00:00,2026-02-15 11:00:00,12,0.7762118502912464,0.5860320549333292,0.19017979535791718,7.75,3.6,1.0,0.31765722388263284,0.9745249723690282,2,2026-02-14 17:00:00,2026-02-14 23:00:00,t2-direct-60103e48d3
2026-02-15 06:00:00,2026-02-15 12:00:00,13,0.8472481853754749,0.6838947080240516,0.16335347735142325,8.77,4.0,2.0,0.41549795490601366,0.9788750609690666,2,2026-02-14 17:00:00,2026-02-14 23:00:00,t2-direct-60103e48d3
2026-02-15 07:00:00,2026-02-15 13:00:00,14,0.930852285424751,0.8390982263762545,0.09175405904849643,9.61,5.1,2.0,0.615160819119639,0.9697411078630762,2,2026-02-14 17:00:00,2026-02-14 23:00:00,t2-direct-60103e48d3
2026-02-15 08:00:00,2026-02-15 14:00:00,15,0.9296802531985848,0.8558320916171831,0.07384816158140173,9.85,5.9,2.0,0.5752944731038407,0.9739575087535849,2,2026-02-14 17:00:00,2026-02-14 23:00:00,t2-direct-60103e48d3
2026-02-15 09:00:00,2026-02-15 15:00:00,16,0.9277525842933557,0.8356761579329557,0.09207642636040003,9.58,6.6,2.0,0.5354214328126123,0.9702443123039973,2,2026-02-14 17:00:00,2026-02-14 23:00:00,t2-direct-60103e48d3
2026-02-15 10:00:00,2026-02-15 16:00:00,17,0.909906935230226,0.680886300624446,0.22902063460578004,8.73,6.4,2.0,0.37048233754045146,0.9716861486854248,2,2026-02-14 17:00:00,2026-02-14 23:00:00,t2-direct-60103e48d3
2026-02-15 11:00:00,2026-02-15 17:00:00,18,0.9341826514645424,0.6292490433076148,0.3049336081569276,8.08,5.3,2.0,0.3601422003608068,0.9737451546088689,2,2026-02-14 17:00:00,2026-02-14 23:00:00,t2-direct-60103e48d3
2026-02-15 12:00:00,2026-02-15 18:00:00,19,0.9090002242925186,0.6655367992807124,0.24346342501180618,8.37,3.7,2.0,0.33249786395965564,0.977587650065677,2,2026-02-14 17:00:00,2026-02-14 23:00:00,t2-direct-60103e48d3
2026-02-15 13:00:00,2026-02-15 19:00:00,20,0.8866548832743094,0.6533602923353952,0.23329459093891425,8.23,2.0,2.0,0.4304343807232676,0.9816417373131567,2,2026-02-14 17:00:00,2026-02-14 23:00:00,t2-direct-60103e48d3
2026-02-15 14:00:00,2026-02-15 20:00:00,21,0.9210996357464908,0.667590099086793,0.2535095366596978,8.39,1.3,2.0,0.4534567106215325,0.9819838786403189,2,2026-02-14 17:00:00,2026-02-14 23:00:00,t2-direct-60103e48d3
2026-02-15 15:00:00,2026-02-15 21:00:00,22,0.9076007234163361,0.652828341112115,0.25477238230422117,8.22,1.4,2.0,0.4160791784536256,0.9859728226111782,2,2026-02-14 17:00:00,2026-02-14 23:00:00,t2-direct-60103e48d3
2026-02-15 16:00:00,2026-02-15 22:00:00,23,0.9065052189582928,0.6394435084063079,0.2670617105519849,8.12,1.5,2.0,0.381475939439213,0.9835890637242797,2,2026-02-14 17:00:00,2026-02-14 23:00:00,t2-direct-60103e48d3
2026-02-15 17:00:00,2026-02-15 23:00:00,24,0.6440454720806882,0.5721066704283353,0.07193880165235289,7.64,1.2,2.0,0.2213918465472548,0.991854602370213,2,2026-02-14 17:00:00,2026-02-14 23:00:00,t2-direct-60103e48d3
2026-02-15 18:00:00,2026-02-16 00:00:00,25,0.574997580700478,0.39535720270825103,0.17964037799222698,6.72,1.3,2.0,0.17115607907016178,0.9697333719732664,2,2026-02-14 17:00:00,2026-02-14 23:00:00,t2-direct-60103e48d3
2026-02-15 19:00:00,2026-02-16 01:00:00,26,0.5944078495745209,0.38932581062863847,0.2050820389458824,6.68,1.3,2.0,0.16977163287482566,0.9755886685962656,2,2026-02-14 17:00:00,2026-02-14 23:00:00,t2-direct-60103e48d3
2026-02-15 20:00:00,2026-02-16 02:00:00,27,0.5851592069960853,0.4030204558211322,0.18213875117495304,6.77,1.2,2.0,0.18500125232599873,0.9782779656944686,2,2026-02-14 17:00:00,2026-02-14 23:00:00,t2-direct-60103e48d3
2026-02-15 21:00:00,2026-02-16 03:00:00,28,0.5925747922530792,0.37877087448931646,0.21380391776376273,6.61,1.3,2.0,0.17268747790276345,0.9867192121725487,2,2026-02-14 17:00:00,2026-02-14 23:00:00,t2-direct-60103e48d3
2026-02-15 22:00:00,2026-02-16 04:00:00,29,0.5504518256117141,0.32127801302329617,0.22917381258841796,6.22,1.2,2.0,0.11252366814295744,0.9863406354161135,2,2026-02-14 17:00:00,2026-02-14 23:00:00,t2-direct-60103e48d3
2026-02-15 23:00:00,2026-02-16 05:00:00,30,0.5394219621580308,0.285195674263243,0.25422628789478785,5.95,1.5,2.0,0.11553581184279077,0.9653278341055104,2,2026-02-14 17:00:00,2026-02-14 23:00:00,t2-direct-60103e48d3
2026-02-16 00:00:00,2026-02-16 06:00:00,31,0.5663832193805779,0.26692260273290735,0.29946061664767054,5.81,1.2,2.0,0.08952845099026446,0.9609075307765939,2,2026-02-14 17:00:00,2026-02-14 23:00:00,t2-direct-60103e48d3
2026-02-16 01:00:00,2026-02-16 07:00:00,32,0.5021429938574031,0.24799321170204827,0.2541497821553549,5.65,1.1,2.0,0.07938219399068014,0.949717949163973,2,2026-02-14 17:00:00,2026-02-14 23:00:00,t2-direct-60103e48d3
2026-02-16 02:00:00,2026-02-16 08:00:00,33,0.5040521005025793,0.327085763359903,0.1769663371426763,6.26,0.7,2.0,0.10158105274761137,0.9687252521476675,2,2026-02-14 17:00:00,2026-02-14 23:00:00,t2-direct-60103e48d3
2026-02-16 03:00:00,2026-02-16 09:00:00,34,0.5003046228945536,0.40203003538740395,0.09827458750714962,6.77,2.0,2.0,0.12212735358916438,0.9849352329407433,2,2026-02-14 17:00:00,2026-02-14 23:00:00,t2-direct-60103e48d3
2026-02-16 04:00:00,2026-02-16 10:00:00,35,0.6158570332701377,0.4689804521924665,0.14687658107767126,7.1,4.1,2.0,0.10841498926017235,0.9611942739894289,2,2026-02-14 17:00:00,2026-02-14 23:00:00,t2-direct-60103e48d3
2026-02-16 05:00:00,2026-02-16 11:00:00,36,0.6533703318566043,0.2567425909215011,0.3966277409351032,5.76,6.1,2.0,0.12047203846824306,0.9849503483652398,2,2026-02-14 17:00:00,2026-02-14 23:00:00,t2-direct-60103e48d3
2026-02-16 06:00:00,2026-02-16 12:00:00,37,0.8008982685513423,0.464845051561301,0.33605321699004126,7.11,7.5,3.0,0.1323661907190431,0.9846733502337741,2,2026-02-14 17:00:00,2026-02-14 23:00:00,t2-direct-60103e48d3
2026-02-16 07:00:00,2026-02-16 13:00:00,38,0.8609367884813452,0.561941831528828,0.2989949569525172,7.64,8.2,3.0,0.23444482506515063,0.9895339706145234,2,2026-02-14 17:00:00,2026-02-14 23:00:00,t2-direct-60103e48d3
2026-02-16 08:00:00,2026-02-16 14:00:00,39,0.9032267403238388,0.6517651971531367,0.251461543170702,8.29,9.3,3.0,0.25911791084463487,0.9667381164901492,2,2026-02-14 17:00:00,2026-02-14 23:00:00,t2-direct-60103e48d3
2026-02-16 09:00:00,2026-02-16 15:00:00,40,0.8720553327255559,0.6503239855471286,0.22173134717842735,8.28,9.4,3.0,0.21464305024289876,0.9699155574275447,2,2026-02-14 17:00:00,2026-02-14 23:00:00,t2-direct-60103e48d3
2026-02-16 10:00:00,2026-02-16 16:00:00,41,0.8588604947159533,0.5004487053479693,0.358411789367984,7.29,9.5,3.0,0.18286283239443846,0.9728810929961541,2,2026-02-14 17:00:00,2026-02-14 23:00:00,t2-direct-60103e48d3
2026-02-16 11:00:00,2026-02-16 17:00:00,42,0.8116257432636059,0.4697413904236711,0.34188435283993485,7.14,8.4,3.0,0.10188630519770403,0.972713695213558,2,2026-02-14 17:00:00,2026-02-14 23:00:00,t2-direct-60103e48d3
2026-02-16 12:00:00,2026-02-16 18:00:00,43,0.598673231657391,0.49373272074455926,0.10494051091283169,7.23,6.1,3.0,0.15185601642911978,0.9836171706901697,2,2026-02-14 17:00:00,2026-02-14 23:00:00,t2-direct-60103e48d3
2026-02-16 13:00:00,2026-02-16 19:00:00,44,0.5640686627074478,0.3807537233443026,0.18331493936314525,6.64,3.4,3.0,0.13808725958811352,1.0,2,2026-02-14 17:00:00,2026-02-14 23:00:00,t2-direct-60103e48d3
2026-02-16 14:00:00,2026-02-16 20:00:00,45,0.5471495085230894,0.3066948541648992,0.2404546543581902,6.11,1.2,3.0,0.13106861880705917,0.9791228470022323,2,2026-02-14 17:00:00,2026-02-14 23:00:00,t2-direct-60103e48d3
2026-02-16 15:00:00,2026-02-16 21:00:00,46,0.5429592863280083,0.3406157406239472,0.20234354570406105,6.35,0.4,3.0,0.12701517002452561,0.9766251548991469,2,2026-02-14 17:00:00,2026-02-14 23:00:00,t2-direct-60103e48d3
2026-02-16 16:00:00,2026-02-16 22:00:00,47,0.5398129547759221,0.38475791207772636,0.1550550426981957,6.64,0.1,3.0,0.12247949672545966,0.9742361521377352,2,2026-02-14 17:00:00,2026-02-14 23:00:00,t2-direct-60103e48d3
2026-02-16 17:00:00,2026-02-16 23:00:00,48,0.5560479546942866,0.4592749448598045,0.09677300983448206,7.02,-0.1,3.0,0.15697890799768582,0.9853374806105908,2,2026-02-14 17:00:00,2026-02-14 23:00:00,t2-direct-60103e48d3
2026-02-15 18:00:00,2026-02-16 00:00:00,1,0.5474110968720574,0.24967515848775498,0.29773593838430235,5.67,1.9,1.0,0.10079271538165768,0.9468815165859987,2,2026-02-15 17:00:00,2026-02-15 23:00:00,t2-direct-60103e48d3
2026-02-15 19:00:00,2026-02-16 01:00:00,2,0.5493266005825764,0.2023711985446675,0.3469554020379089,5.26,2.2,1.0,0.072100950828977,0.9470555556133327,2,2026-02-15 17:00:00,2026-02-15 23:00:00,t2-direct-60103e48d3
2026-02-15 20:00:00,2026-02-16 02:00:00,3,0.5547318743721424,0.2861378573115686,0.26859401706057384,5.96,1.9,1.0,0.11686652824957006,0.9817542543049785,2,2026-02-15 17:00:00,2026-02-15 23:00:00,t2-direct-60103e48d3
2026-02-15 21:00:00,2026-02-16 03:00:00,4,0.5681406287453702,0.3152794113286623,0.2528612174167079,6.18,1.9,1.0,0.1246469250985065,0.9767937699659353,2,2026-02-15 17:00:00,2026-02-15 23:00:00,t2-direct-60103e48d3
2026-02-15 22:00:00,2026-02-16 04:00:00,5,0.5018397221174473,0.3511590421863436,0.15068067993110373,6.43,1.7,1.0,0.10876615746347273,0.9817530862387673,2,2026-02-15 17:00:00,2026-02-15 23:00:00,t2-direct-60103e48d3
2026-02-15 23:00:00,2026-02-16 05:00:00,6,0.5367524018461259,0.3785288866094186,0.15822351523670736,6.61,1.5,1.0,0.10765405038146941,0.9836725057563015,2,2026-02-15 17:00:00,2026-02-15 23:00:00,t2-direct-60103e48d3
2026-02-16 00:00:00,2026-02-16 06:00:00,7,0.6212253414313781,0.39022181260450955,0.23100352882686853,6.69,1.8,1.0,0.14692617300933503,0.9772866880559775,2,2026-02-15 17:00:00,2026-02-15 23:00:00,t2-direct-60103e48d3
2026-02-16 01:00:00,2026-02-16 07:00:00,8,0.5778939064403585,0.4094457897309126,0.16844811670944593,6.81,1.8,1.0,0.14651456531850904,0.9845978096151953,2,2026-02-15 17:00:00,2026-02-15 23:00:00,t2-direct-60103e48d3
2026-02-16 02:00:00,2026-02-16 08:00:00,9,0.6517233129646928,0.42523046368982576,0.22649284927486701,6.88,1.6,1.0,0.11681365058940363,0.9752727081483161,2,2026-02-15 17:00:00,2026-02-15 23:00:00,t2-direct-60103e48d3
2026-02-16 03:00:00,2026-02-16 09:00:00,10,0.6787770201064884,0.36202894900972277,0.31674807109676567,6.51,2.7,1.0,0.13106379817858316,0.9846374843644837,2,2026-02-15 17:00:00,2026-02-15 23:00:00,t2-direct-60103e48d3
2026-02-16 04:00:00,2026-02-16 10:00:00,11,0.6163581771874926,0.46290881467118383,0.1534493625163088,7.08,5.0,1.0,0.09208625012511062,0.9403747700104781,2,2026-02-15 17:00:00,2026-02-15 23:00:00,t2-direct-60103e48d3
2026-02-16 05:00:00,2026-02-16 11:00:00,12,0.6979717468272894,0.2656109947805981,0.4323607520466913,5.84,6.9,1.0,0.11302077448452186,0.9647823225260552,2,2026-02-15 17:00:00,2026-02-15 23:00:00,t2-direct-60103e48d3
2026-02-16 06:00:00,2026-02-16 12:00:00,13,0.6048648377452954,0.3097824585431717,0.2950823792021237,6.16,4.8,2.0,0.10899884172349578,0.934299176356505,2,2026-02-15 17:00:00,2026-02-15 23:00:00,t2-direct-60103e48d3
2026-02-16 07:00:00,2026-02-16 13:00:00,14,0.5629465396187242,0.24243904757597165,0.32050749204275253,5.64,6.7,2.0,0.09406362475909646,0.8899787719653127,2,2026-02-15 17:00:00,2026-02-15 23:00:00,t2-direct-60103e48d3
2026-02-16 08:00:00,2026-02-16 14:00:00,15,0.543532491331244,0.14089033261731923,0.40264215871392484,4.68,7.6,2.0,0.06329047869152621,0.8887819051722475,2,2026-02-15 17:00:00,2026-02-15 23:00:00,t2-direct-60103e48d3
2026-02-16 09:00:00,2026-02-16 15:00:00,16,0.5723009497859346,0.20907291919759347,0.36322803058834113,5.36,8.2,2.0,0.06145996588480651,0.8914188555911389,2,2026-02-15 17:00:00,2026-02-15 23:00:00,t2-direct-60103e48d3
2026-02-16 10:00:00,2026-02-16 16:00:00,17,0.7084670055849337,0.19949408990118656,0.5089729156837471,5.27,8.4,2.0,0.11395697517491121,0.9742473268952203,2,2026-02-15 17:00:00,2026-02-15 23:00:00,t2-direct-60103e48d3
2026-02-16 11:00:00,2026-02-16 17:00:00,18,0.6760591544069177,0.30434321232349926,0.3717159420834184,6.14,7.7,2.0,0.13673668084167945,0.9822862893183675,2,2026-02-15 17:00:00,2026-02-15 23:00:00,t2-direct-60103e48d3
2026-02-16 12:00:00,2026-02-16 18:00:00,19,0.6190087039894583,0.4157533877890655,0.20325531620039278,6.87,5.6,2.0,0.18198168138138204,0.9887453596164951,2,2026-02-15 17:00:00,2026-02-15 23:00:00,t2-direct-60103e48d3
2026-02-16 13:00:00,2026-02-16 19:00:00,20,0.5375256347391296,0.24177806109374347,0.2957475736453862,5.61,3.1,2.0,0.12408914353629336,0.9807854841593786,2,2026-02-15 17:00:00,2026-02-15 23:00:00,t2-direct-60103e48d3
2026-02-16 14:00:00,2026-02-16 20:00:00,21,0.5646185355392752,0.3356255287243971,0.2289930068148781,6.33,2.1,2.0,0.07346545881525951,0.9777838031654892,2,2026-02-15 17:00:00,2026-02-15 23:00:00,t2-direct-60103e48d3
2026-02-16 15:00:00,2026-02-16 21:00:00,22,0.5748197862634676,0.435875084116773,0.13894470214669463,6.93,1.8,2.0,0.08737658577665924,0.9801250621363589,2,2026-02-15 17:00:00,2026-02-15 23:00:00,t2-direct-60103e48d3
2026-02-16 16:00:00,2026-02-16 22:00:00,23,0.5594632560722417,0.5226474300133147,0.03681582605892697,7.33,1.3,2.0,0.10074943162983485,0.9778183288106475,2,2026-02-15 17:00:00,2026-02-15 23:00:00,t2-direct-60103e48d3
2026-02-16 17:00:00,2026-02-16 23:00:00,24,0.5128687568626967,0.44232672795871886,0.07054202890397787,6.95,0.7,2.0,0.09906875222840478,0.9829015219922074,2,2026-02-15 17:00:00,2026-02-15 23:00:00,t2-direct-60103e48d3
2026-02-16 18:00:00,2026-02-17 00:00:00,25,0.49534939273841727,0.34142435181330383,0.15392504092511344,6.36,1.0,2.0,0.11851881672066894,0.9674693953113778,2,2026-02-15 17:00:00,2026-02-15 23:00:00,t2-direct-60103e48d3
2026-02-16 19:00:00,2026-02-17 01:00:00,26,0.5059830099077726,0.3004569754405852,0.20552603446718737,6.06,0.8,2.0,0.11395779489215058,0.9614023324816916,2,2026-02-15 17:00:00,2026-02-15 23:00:00,t2-direct-60103e48d3
2026-02-16 20:00:00,2026-02-17 02:00:00,27,0.5115348048236928,0.3217795710487641,0.18975523377492876,6.22,0.7,2.0,0.13611879776252017,0.9605954701382171,2,2026-02-15 17:00:00,2026-02-15 23:00:00,t2-direct-60103e48d3
2026-02-16 21:00:00,2026-02-17 03:00:00,28,0.4912429430518108,0.32738922368170426,0.16385371937010657,6.26,0.4,2.0,0.14641077929618634,0.9538850606438838,2,2026-02-15 17:00:00,2026-02-15 23:00:00,t2-direct-60103e48d3
2026-02-16 22:00:00,2026-02-17 04:00:00,29,0.5002275755086819,0.2769619758117818,0.22326559969690013,5.88,0.4,2.0,0.09924844975189717,0.9170379652337021,2,2026-02-15 17:00:00,2026-02-15 23:00:00,t2-direct-60103e48d3
2026-02-16 23:00:00,2026-02-17 05:00:00,30,0.49059606723810945,0.30197938539561986,0.1886166818424896,6.07,0.6,2.0,0.0711880323375873,0.8524142213082053,2,2026-02-15 17:00:00,2026-02-15 23:00:00,t2-direct-60103e48d3
2026-02-17 00:00:00,2026-02-17 06:00:00,31,0.17800892898923534,0.21467786290538823,-0.03666893391615289,5.37,2.2,2.0,0.012172561878761146,0.7390457982030835,2,2026-02-15 17:00:00,2026-02-15 23:00:00,t2-direct-60103e48d3
2026-02-17 01:00:00,2026-02-17 07:00:00,32,0.08739076532147474,0.2250288614125511,-0.13763809609107636,5.46,2.3,2.0,0.008881187892437609,0.5815526017078733,2,2026-02-15 17:00:00,2026-02-15 23:00:00,t2-direct-60103e48d3
2026-02-17 02:00:00,2026-02-17 08:00:00,33,0.06774642631142586,0.10372549083857763,-0.03597906452715177,4.3,2.4,2.0,0.00936273351911511,0.4711485182345066,2,2026-02-15 17:00:00,2026-02-15 23:00:00,t2-direct-60103e48d3
2026-02-17 03:00:00,2026-02-17 09:00:00,34,0.060103396047283875,0.06617590084605951,-0.006072504798775635,3.39,2.4,2.0,0.008424559783027925,0.42091554005928766,2,2026-02-15 17:00:00,2026-02-15 23:00:00,t2-direct-60103e48d3
2026-02-17 04:00:00,2026-02-17 10:00:00,35,0.09793574736662522,0.08244919947325388,0.015486547893371339,3.7,3.0,2.0,0.004177306331099417,0.5265738015055539,2,2026-02-15 17:00:00,2026-02-15 23:00:00,t2-direct-60103e48d3
2026-02-17 05:00:00,2026-02-17 11:00:00,36,0.20689674765295435,0.15675998012770676,0.050136767525247594,4.81,3.8,2.0,0.002723018794111104,0.7525530773187632,2,2026-02-15 17:00:00,2026-02-15 23:00:00,t2-direct-60103e48d3
2026-02-17 06:00:00,2026-02-17 12:00:00,37,0.2843661864034985,0.3789378996466475,-0.094571713243149,6.67,8.7,3.0,0.017771093132892046,0.9127908467350414,2,2026-02-15 17:00:00,2026-02-15 23:00:00,t2-direct-60103e48d3
2026-02-17 07:00:00,2026-02-17 13:00:00,38,0.2978824581434204,0.4427945090035087,-0.1449120508600883,7.02,8.8,3.0,0.02513954382354755,0.8591846543189349,2,2026-02-15 17:00:00,2026-02-15 23:00:00,t2-direct-60103e48d3
2026-02-17 08:00:00,2026-02-17 14:00:00,39,0.23277227567409728,0.1622231108637995,0.07054916481029777,4.9,9.8,3.0,0.05164126256372362,0.7255558344947419,2,2026-02-15 17:00:00,2026-02-15 23:00:00,t2-direct-60103e48d3
2026-02-17 09:00:00,2026-02-17 15:00:00,40,0.17752515022124105,0.08180294620855953,0.09572220401268151,3.72,10.3,3.0,0.002451018674192229,0.6408154186085926,2,2026-02-15 17:00:00,2026-02-15 23:00:00,t2-direct-60103e48d3
2026-02-17 10:00:00,2026-02-17 16:00:00,41,0.14491910228835833,0.07104775211177591,0.07387135017658242,3.51,9.1,3.0,0.004363156160382853,0.5442064785839795,2,2026-02-15 17:00:00,2026-02-15 23:00:00,t2-direct-60103e48d3
2026-02-17 11:00:00,2026-02-17 17:00:00,42,0.13866706672648385,0.03986272967423289,0.09880433705225096,2.53,8.1,3.0,0.048533260860553915,0.5539648846895612,2,2026-02-15 17:00:00,2026-02-15 23:00:00,t2-direct-60103e48d3
2026-02-17 12:00:00,2026-02-17 18:00:00,43,0.22841544594187208,0.08716070390696797,0.14125474203490412,3.81,6.0,3.0,0.03667707326266417,0.7461119766788484,2,2026-02-15 17:00:00,2026-02-15 23:00:00,t2-direct-60103e48d3
2026-02-17 13:00:00,2026-02-17 19:00:00,44,0.3292326129924961,0.14066307182969762,0.1885695411627985,4.66,4.4,3.0,0.049075896367462846,0.8884692418516931,2,2026-02-15 17:00:00,2026-02-15 23:00:00,t2-direct-60103e48d3
2026-02-17 14:00:00,2026-02-17 20:00:00,45,0.4272376205267635,0.17121424991015113,0.2560233706166124,4.96,4.5,3.0,0.051431936613979545,0.8524273073658102,2,2026-02-15 17:00:00,2026-02-15 23:00:00,t2-direct-60103e48d3
2026-02-17 15:00:00,2026-02-17 21:00:00,46,0.5331401114890215,0.2212492252301542,0.3118908862588673,5.43,2.7,3.0,0.08017845011367802,0.9009102014909038,2,2026-02-15 17:00:00,2026-02-15 23:00:00,t2-direct-60103e48d3
2026-02-17 16:00:00,2026-02-17 22:00:00,47,0.5973928285208729,0.2789478756761556,0.31844495284471735,5.92,3.9,3.0,0.11641859890634937,0.9198249301159946,2,2026-02-15 17:00:00,2026-02-15 23:00:00,t2-direct-60103e48d3
2026-02-17 17:00:00,2026-02-17 23:00:00,48,0.5713295320308992,0.33377351365461294,0.23755601837628626,6.32,2.4,3.0,0.1375684347737811,0.976580414027562,2,2026-02-15 17:00:00,2026-02-15 23:00:00,t2-direct-60103e48d3
2026-02-16 18:00:00,2026-02-17 00:00:00,1,0.4143442020942174,0.18643458336636254,0.22790961872785487,5.11,3.9,1.0,0.06481454667836312,0.8860526502523092,2,2026-02-16 17:00:00,2026-02-16 23:00:00,t2-direct-60103e48d3
2026-02-16 19:00:00,2026-02-17 01:00:00,2,0.4891450857769264,0.17454179471588047,0.3146032910610459,4.99,3.9,1.0,0.07296512472094707,0.904358607372672,2,2026-02-16 17:00:00,2026-02-16 23:00:00,t2-direct-60103e48d3
2026-02-16 20:00:00,2026-02-17 02:00:00,3,0.5013227230398911,0.25502743440394005,0.24629528863595107,5.73,3.9,1.0,0.0797678903771889,0.9158219111392596,2,2026-02-16 17:00:00,2026-02-16 23:00:00,t2-direct-60103e48d3
2026-02-16 21:00:00,2026-02-17 03:00:00,4,0.5243681845940886,0.3042492496803163,0.22011893491377232,6.11,3.7,1.0,0.08324248452579136,0.9225722588309928,2,2026-02-16 17:00:00,2026-02-16 23:00:00,t2-direct-60103e48d3
2026-02-16 22:00:00,2026-02-17 04:00:00,5,0.5002411707986251,0.38165570164433893,0.11858546915428614,6.65,3.9,1.0,0.09358517007805467,0.9369451305529662,2,2026-02-16 17:00:00,2026-02-16 23:00:00,t2-direct-60103e48d3
2026-02-16 23:00:00,2026-02-17 05:00:00,6,0.32353522831500714,0.2962225584955304,0.02731266981947672,6.05,3.8,1.0,0.03779632394067911,0.7996346533010088,2,2026-02-16 17:00:00,2026-02-16 23:00:00,t2-direct-60103e48d3
2026-02-17 00:00:00,2026-02-17 06:00:00,7,0.14553658706043376,0.03787307787895523,0.10766350918147853,2.44,3.2,1.0,0.006550278108084701,0.6631434077402711,2,2026-02-16 17:00:00,2026-02-16 23:00:00,t2-direct-60103e48d3
2026-02-17 01:00:00,2026-02-17 07:00:00,8,0.1250812184579888,0.029876314530310137,0.09520490392767866,2.06,3.5,1.0,0.004760390472225345,0.5181638093140136,2,2026-02-16 17:00:00,2026-02-16 23:00:00,t2-direct-60103e48d3
2026-02-17 02:00:00,2026-02-17 08:00:00,9,0.1406791730750943,0.05506604261446927,0.08561313046062505,3.09,3.2,1.0,0.004019452819396058,0.5289828214288586,2,2026-02-16 17:00:00,2026-02-16 23:00:00,t2-direct-60103e48d3
2026-02-17 03:00:00,2026-02-17 09:00:00,10,0.1627577852539308,0.11792816522328138,0.04482962003064943,4.44,3.5,1.0,0.0050912396607102894,0.5889901605969338,2,2026-02-16 17:00:00,2026-02-16 23:00:00,t2-direct-60103e48d3
2026-02-17 04:00:00,2026-02-17 10:00:00,11,0.17069475172089735,0.22619760352386808,-0.05550285180297074,5.48,3.8,1.0,0.004241341783121355,0.6525811313517044,2,2026-02-16 17:00:00,2026-02-16 23:00:00,t2-direct-60103e48d3
2026-02-17 05:00:00,2026-02-17 11:00:00,12,0.15435140621216292,0.29631881514990394,-0.141967408937741,6.05,3.7,1.0,0.00449508842735169,0.5790251476138728,2,2026-02-16 17:00:00,2026-02-16 23:00:00,t2-direct-60103e48d3
2026-02-17 06:00:00,2026-02-17 12:00:00,13,0.2216798664577942,0.08440513227363934,0.13727473418415487,3.75,5.9,2.0,0.012255950788659764,0.673635391521384,2,2026-02-16 17:00:00,2026-02-16 23:00:00,t2-direct-60103e48d3
2026-02-17 07:00:00,2026-02-17 13:00:00,14,0.22475913676074408,0.1262407899528361,0.09851834680790797,4.53,5.6,2.0,0.0362666577397589,0.7145014312454261,2,2026-02-16 17:00:00,2026-02-16 23:00:00,t2-direct-60103e48d3
2026-02-17 08:00:00,2026-02-17 14:00:00,15,0.31627410628346786,0.08716070390696797,0.2291134023764999,3.81,6.0,2.0,0.06187915836016361,0.7502617488140579,2,2026-02-16 17:00:00,2026-02-16 23:00:00,t2-direct-60103e48d3
2026-02-17 09:00:00,2026-02-17 15:00:00,16,0.3117039750939891,0.15637904866862834,0.15532492642536078,4.82,6.2,2.0,0.062524059231639,0.8271636370643605,2,2026-02-16 17:00:00,2026-02-16 23:00:00,t2-direct-60103e48d3
2026-02-17 10:00:00,2026-02-17 16:00:00,17,0.3529872729695512,0.21984022475919554,0.13314704821035564,5.44,6.1,2.0,0.07525963630261434,0.8744466195574645,2,2026-02-16 17:00:00,2026-02-16 23:00:00,t2-direct-60103e48d3
2026-02-17 11:00:00,2026-02-17 17:00:00,18,0.4640494822614353,0.23744629817767918,0.2266031840837561,5.59,5.7,2.0,0.13243104890400914,0.9264137820872963,2,2026-02-16 17:00:00,2026-02-16 23:00:00,t2-direct-60103e48d3
2026-02-17 12:00:00,2026-02-17 18:00:00,19,0.6333296447290916,0.4208613917549217,0.21246825297416988,6.89,5.2,2.0,0.08287702170105049,1.0,2,2026-02-16 17:00:00,2026-02-16 23:00:00,t2-direct-60103e48d3
2026-02-17 13:00:00,2026-02-17 19:00:00,20,0.6963427192123042,0.491324223847452,0.20501849536485217,7.2,3.9,2.0,0.14077676807940842,0.9938888554789684,2,2026-02-16 17:00:00,2026-02-16 23:00:00,t2-direct-60103e48d3
2026-02-17 14:00:00,2026-02-17 20:00:00,21,0.6077510847462598,0.4942841080526037,0.11346697669365613,7.21,3.5,2.0,0.1733347127132715,0.9794410341768143,2,2026-02-16 17:00:00,2026-02-16 23:00:00,t2-direct-60103e48d3
2026-02-17 15:00:00,2026-02-17 21:00:00,22,0.6257588979826668,0.43805955123678697,0.18769934674587985,6.95,3.0,2.0,0.26667440549368393,0.9915127532155907,2,2026-02-16 17:00:00,2026-02-16 23:00:00,t2-direct-60103e48d3
2026-02-17 16:00:00,2026-02-17 22:00:00,23,0.5610799668651181,0.47092487830485835,0.09015508856025972,7.09,1.9,2.0,0.2402896300392378,0.991139395913289,2,2026-02-16 17:00:00,2026-02-16 23:00:00,t2-direct-60103e48d3
2026-02-17 17:00:00,2026-02-17 23:00:00,24,0.6364970053138853,0.5080992616822618,0.12839774363162348,7.25,0.9,2.0,0.33000069925794967,0.9940209281373545,2,2026-02-16 17:00:00,2026-02-16 23:00:00,t2-direct-60103e48d3
2026-02-17 18:00:00,2026-02-18 00:00:00,25,0.6457381571539565,0.5908975075956222,0.05484064955833434,7.76,1.4,2.0,0.3110103572413518,0.9917655047137892,2,2026-02-16 17:00:00,2026-02-16 23:00:00,t2-direct-60103e48d3
2026-02-17 19:00:00,2026-02-18 01:00:00,26,0.8204811875442465,0.678968420404558,0.14151276713968852,8.63,0.8,2.0,0.4047010405178733,0.9885567281746193,2,2026-02-16 17:00:00,2026-02-16 23:00:00,t2-direct-60103e48d3
2026-02-17 20:00:00,2026-02-18 02:00:00,27,0.8217950931970891,0.8250537616610032,-0.003258668463914094,9.37,1.0,2.0,0.4647761171781412,0.9836314518497304,2,2026-02-16 17:00:00,2026-02-16 23:00:00,t2-direct-60103e48d3
2026-02-17 21:00:00,2026-02-18 03:00:00,28,0.8188971565896908,0.6270954251430406,0.19180173144665014,8.02,0.8,2.0,0.37601068399383203,0.976609719230497,2,2026-02-16 17:00:00,2026-02-16 23:00:00,t2-direct-60103e48d3
2026-02-17 22:00:00,2026-02-18 04:00:00,29,0.6371317434982098,0.5112787938017438,0.125852949696466,7.26,0.4,2.0,0.3077799998032818,0.97898252614725,2,2026-02-16 17:00:00,2026-02-16 23:00:00,t2-direct-60103e48d3
2026-02-17 23:00:00,2026-02-18 05:00:00,30,0.6571514831395732,0.490845223903695,0.16630625923587816,7.17,0.7,2.0,0.3374100368872089,0.9795371794507124,2,2026-02-16 17:00:00,2026-02-16 23:00:00,t2-direct-60103e48d3
2026-02-18 00:00:00,2026-02-18 06:00:00,31,0.8644514437965791,0.5744013734076645,0.2900500703889146,7.66,1.8,2.0,0.42936303935238945,0.9768632682244367,2,2026-02-16 17:00:00,2026-02-16 23:00:00,t2-direct-60103e48d3
2026-02-18 01:00:00,2026-02-18 07:00:00,32,0.8975689110897853,0.6125564488020782,0.28501246228770716,7.92,1.8,2.0,0.45145858018023755,0.9765658525073717,2,2026-02-16 17:00:00,2026-02-16 23:00:00,t2-direct-60103e48d3
2026-02-18 02:00:00,2026-02-18 08:00:00,33,0.9054763106445455,0.6070043463268019,0.2984719643177436,7.88,2.0,2.0,0.4807166618431157,0.9759728702297756,2,2026-02-16 17:00:00,2026-02-16 23:00:00,t2-direct-60103e48d3
2026-02-18 03:00:00,2026-02-18 09:00:00,34,0.8738356754361208,0.6386846216841628,0.235151053751958,8.13,3.1,2.0,0.5789870804982633,0.9771620141401755,2,2026-02-16 17:00:00,2026-02-16 23:00:00,t2-direct-60103e48d3
2026-02-18 04:00:00,2026-02-18 10:00:00,35,0.9065613325321709,0.4950586071424121,0.41150272538975874,7.23,5.4,2.0,0.5587659205240336,0.9747105539790447,2,2026-02-16 17:00:00,2026-02-16 23:00:00,t2-direct-60103e48d3
2026-02-18 05:00:00,2026-02-18 11:00:00,36,0.9415616761555128,0.5602216702687579,0.3813400058867549,7.63,8.3,2.0,0.6228457190183649,0.9732582106732939,2,2026-02-16 17:00:00,2026-02-16 23:00:00,t2-direct-60103e48d3
2026-02-18 06:00:00,2026-02-18 12:00:00,37,0.9678355939935814,0.8736940959137028,0.0941414980798786,10.21,11.0,3.0,0.6297683219778429,0.9768020920972611,2,2026-02-16 17:00:00,2026-02-16 23:00:00,t2-direct-60103e48d3
2026-02-18 07:00:00,2026-02-18 13:00:00,38,0.9690691386498659,0.8783830045405893,0.09068613410927662,10.31,12.7,3.0,0.6787641989808824,0.9744847768991209,2,2026-02-16 17:00:00,2026-02-16 23:00:00,t2-direct-60103e48d3
2026-02-18 08:00:00,2026-02-18 14:00:00,39,0.9656467945034919,0.8919442748479383,0.07370251965555363,10.66,13.3,3.0,0.7149747740411501,0.9759545276414735,2,2026-02-16 17:00:00,2026-02-16 23:00:00,t2-direct-60103e48d3
2026-02-18 09:00:00,2026-02-18 15:00:00,40,0.9489028471808987,0.8753961587418652,0.07350668843903352,10.27,13.6,3.0,0.6096526209189159,0.9737027061067883,2,2026-02-16 17:00:00,2026-02-16 23:00:00,t2-direct-60103e48d3
2026-02-18 10:00:00,2026-02-18 16:00:00,41,0.9411603322986303,0.8366103349638484,0.10454999733478187,9.67,13.4,3.0,0.5515863619352853,0.9731256491474622,2,2026-02-16 17:00:00,2026-02-16 23:00:00,t2-direct-60103e48d3
2026-02-18 11:00:00,2026-02-18 17:00:00,42,0.8734066494225599,0.7251352806245456,0.14827136879801428,9.06,11.9,3.0,0.35514522420304695,0.977395001969047,2,2026-02-16 17:00:00,2026-02-16 23:00:00,t2-direct-60103e48d3
2026-02-18 12:00:00,2026-02-18 18:00:00,43,0.646117974197737,0.5847332493768438,0.06138472482089319,7.79,8.8,3.0,0.1960680474435441,0.9943049282489507,2,2026-02-16 17:00:00,2026-02-16 23:00:00,t2-direct-60103e48d3
2026-02-18 13:00:00,2026-02-18 19:00:00,44,0.5768443467007905,0.331845000959082,0.24499934574170856,6.33,5.4,3.0,0.11445012532360982,0.999190312995804,2,2026-02-16 17:00:00,2026-02-16 23:00:00,t2-direct-60103e48d3
2026-02-18 14:00:00,2026-02-18 20:00:00,45,0.5472507266194048,0.20806615047957094,0.3391845761398338,5.32,3.3,3.0,0.07710002616662298,0.9975774579982843,2,2026-02-16 17:00:00,2026-02-16 23:00:00,t2-direct-60103e48d3
2026-02-18 15:00:00,2026-02-18 21:00:00,46,0.49559568488628447,0.17661069495914994,0.31898498992713453,5.0,2.1,3.0,0.047998187062012865,0.9143586654885696,2,2026-02-16 17:00:00,2026-02-16 23:00:00,t2-direct-60103e48d3
2026-02-18 16:00:00,2026-02-18 22:00:00,47,0.4519162313719046,0.16305684583017152,0.28885938554173307,4.86,1.5,3.0,0.04778436337492936,0.9230583182169878,2,2026-02-16 17:00:00,2026-02-16 23:00:00,t2-direct-60103e48d3
2026-02-18 17:00:00,2026-02-18 23:00:00,48,0.46055727316279005,0.16603867821183915,0.2945185949509509,4.89,1.5,3.0,0.05286596260866294,0.9185344642737063,2,2026-02-16 17:00:00,2026-02-16 23:00:00,t2-direct-60103e48d3
2026-02-17 18:00:00,2026-02-18 00:00:00,1,0.6090454682748937,0.48748829200736965,0.12155717626752405,7.16,1.3,1.0,0.2562506098137736,0.9816326874627361,2,2026-02-17 17:00:00,2026-02-17 23:00:00,t2-direct-60103e48d3
2026-02-17 19:00:00,2026-02-18 01:00:00,2,0.6267543482704909,0.5088777440252512,0.11787660424523971,7.25,0.5,1.0,0.2996263183838856,0.984619850159819,2,2026-02-17 17:00:00,2026-02-17 23:00:00,t2-direct-60103e48d3
2026-02-17 20:00:00,2026-02-18 02:00:00,3,0.6555500689968548,0.5871726636197755,0.06837740537707926,7.73,0.7,1.0,0.255651841568097,0.9897812044058389,2,2026-02-17 17:00:00,2026-02-17 23:00:00,t2-direct-60103e48d3
2026-02-17 21:00:00,2026-02-18 03:00:00,4,0.5910007917758328,0.40012810018031986,0.1908726915955129,6.75,1.1,1.0,0.22252499128978687,0.9765557252390993,2,2026-02-17 17:00:00,2026-02-17 23:00:00,t2-direct-60103e48d3
2026-02-17 22:00:00,2026-02-18 04:00:00,5,0.5888432454877197,0.39397226862035417,0.19487097686736554,6.71,1.2,1.0,0.24787354612883067,0.9769341573615227,2,2026-02-17 17:00:00,2026-02-17 23:00:00,t2-direct-60103e48d3
2026-02-17 23:00:00,2026-02-18 05:00:00,6,0.6267573214751131,0.4588391796292099,0.1679181418459032,7.03,1.3,1.0,0.3045053342995184,0.979129245649698,2,2026-02-17 17:00:00,2026-02-17 23:00:00,t2-direct-60103e48d3
2026-02-18 00:00:00,2026-02-18 06:00:00,7,0.5875988240975832,0.47369592425355067,0.11390289984403257,7.1,1.6,1.0,0.24451622443833532,0.9815915129561668,2,2026-02-17 17:00:00,2026-02-17 23:00:00,t2-direct-60103e48d3
2026-02-18 01:00:00,2026-02-18 07:00:00,8,0.7478240297610268,0.3692444364417653,0.3785795933192615,6.55,1.7,1.0,0.44105711671124864,0.9774669439810639,2,2026-02-17 17:00:00,2026-02-17 23:00:00,t2-direct-60103e48d3
2026-02-18 02:00:00,2026-02-18 08:00:00,9,0.8101117514717366,0.5238130142956214,0.2862987371761152,7.34,1.6,1.0,0.5197117960065512,0.975416238798997,2,2026-02-17 17:00:00,2026-02-17 23:00:00,t2-direct-60103e48d3
2026-02-18 03:00:00,2026-02-18 09:00:00,10,0.9209501577312934,0.6294257545027903,0.29152440322850315,8.06,3.1,1.0,0.5682567613326275,0.9757989458774439,2,2026-02-17 17:00:00,2026-02-17 23:00:00,t2-direct-60103e48d3
2026-02-18 04:00:00,2026-02-18 10:00:00,11,0.9093530712872302,0.6315039731285794,0.2778490981586508,8.1,5.6,1.0,0.548067378248965,0.9711436485320544,2,2026-02-17 17:00:00,2026-02-17 23:00:00,t2-direct-60103e48d3
2026-02-18 05:00:00,2026-02-18 11:00:00,12,0.9227981404002802,0.6710046015961403,0.2517935388041399,8.54,8.8,1.0,0.5929496806771548,0.9725574142040955,2,2026-02-17 17:00:00,2026-02-17 23:00:00,t2-direct-60103e48d3
2026-02-18 06:00:00,2026-02-18 12:00:00,13,0.958820788189693,0.6813738723722318,0.27744691581746117,8.78,10.2,2.0,0.7207184056497649,0.9758724153357003,2,2026-02-17 17:00:00,2026-02-17 23:00:00,t2-direct-60103e48d3
2026-02-18 07:00:00,2026-02-18 13:00:00,14,0.9650974335518651,0.7734608521144686,0.19163658143739648,9.25,12.4,2.0,0.7084351364584637,0.9739243656788169,2,2026-02-17 17:00:00,2026-02-17 23:00:00,t2-direct-60103e48d3
2026-02-18 08:00:00,2026-02-18 14:00:00,15,0.9654855662833107,0.8934467929143102,0.07203877336900055,10.71,12.7,2.0,0.8084962957710952,0.9759322766608926,2,2026-02-17 17:00:00,2026-02-17 23:00:00,t2-direct-60103e48d3
2026-02-18 09:00:00,2026-02-18 15:00:00,16,0.9608915028694682,0.917607789488065,0.043283713381403244,11.28,12.9,2.0,0.7573169359888563,0.9756212148670163,2,2026-02-17 17:00:00,2026-02-17 23:00:00,t2-direct-60103e48d3
2026-02-18 10:00:00,2026-02-18 16:00:00,17,0.9411226346478878,0.874123215260952,0.06699941938693577,10.24,12.9,2.0,0.6935014374851642,0.9735680279538741,2,2026-02-17 17:00:00,2026-02-17 23:00:00,t2-direct-60103e48d3
2026-02-18 11:00:00,2026-02-18 17:00:00,18,0.8868866745280808,0.8392670241770703,0.047619650351010456,9.69,11.9,2.0,0.5250147988831662,0.9750747609661208,2,2026-02-17 17:00:00,2026-02-17 23:00:00,t2-direct-60103e48d3
2026-02-18 12:00:00,2026-02-18 18:00:00,19,0.8128949947719807,0.6193155559475243,0.19357943882445638,8.04,9.0,2.0,0.26170781492817674,0.9768849364789272,2,2026-02-17 17:00:00,2026-02-17 23:00:00,t2-direct-60103e48d3
2026-02-18 13:00:00,2026-02-18 19:00:00,20,0.6182790803758007,0.47770298741755823,0.14057609295824247,7.15,5.3,2.0,0.2673739253314497,0.9852221287233411,2,2026-02-17 17:00:00,2026-02-17 23:00:00,t2-direct-60103e48d3
2026-02-18 14:00:00,2026-02-18 20:00:00,21,0.7534251520792732,0.41534041465779636,0.3380847374214768,6.85,3.4,2.0,0.3019550413601203,0.9810813838836645,2,2026-02-17 17:00:00,2026-02-17 23:00:00,t2-direct-60103e48d3
2026-02-18 15:00:00,2026-02-18 21:00:00,22,0.6926275439202567,0.5641150979628632,0.12851244595739353,7.61,3.4,2.0,0.3071638272135284,0.9884125443606269,2,2026-02-17 17:00:00,2026-02-17 23:00:00,t2-direct-60103e48d3
2026-02-18 16:00:00,2026-02-18 22:00:00,23,0.6500512876932671,0.6025957807696128,0.0474555069236543,7.86,3.4,2.0,0.27721366354835997,0.9808641826706537,2,2026-02-17 17:00:00,2026-02-17 23:00:00,t2-direct-60103e48d3
2026-02-18 17:00:00,2026-02-18 23:00:00,24,0.5616617757844578,0.4804142706210445,0.08124750516341323,7.14,2.7,2.0,0.2069580339281209,0.9872899919639808,2,2026-02-17 17:00:00,2026-02-17 23:00:00,t2-direct-60103e48d3
2026-02-18 18:00:00,2026-02-19 00:00:00,25,0.5659839730532722,0.29492675671219676,0.27105721634107544,6.03,2.4,2.0,0.14024026602272555,0.9743520097938461,2,2026-02-17 17:00:00,2026-02-17 23:00:00,t2-direct-60103e48d3
2026-02-18 19:00:00,2026-02-19 01:00:00,26,0.5891847125523108,0.3747915588668421,0.21439315368546863,6.59,2.1,2.0,0.18603550636784544,0.9610604962484877,2,2026-02-17 17:00:00,2026-02-17 23:00:00,t2-direct-60103e48d3
2026-02-18 20:00:00,2026-02-19 02:00:00,27,0.5842459044985795,0.21326372144023237,0.3709821830583471,5.35,1.0,2.0,0.1831198669503903,0.9534033723706155,2,2026-02-17 17:00:00,2026-02-17 23:00:00,t2-direct-60103e48d3
2026-02-18 21:00:00,2026-02-19 03:00:00,28,0.592523839405816,0.24931307836333472,0.34321076104248127,5.66,0.9,2.0,0.17541446816316547,0.9501346047817025,2,2026-02-17 17:00:00,2026-02-17 23:00:00,t2-direct-60103e48d3
2026-02-18 22:00:00,2026-02-19 04:00:00,29,0.5949053083918322,0.2574362083077576,0.3374691000840746,5.73,0.9,2.0,0.17157268408354726,0.9557193284870473,2,2026-02-17 17:00:00,2026-02-17 23:00:00,t2-direct-60103e48d3
2026-02-18 23:00:00,2026-02-19 05:00:00,30,0.4821122507447889,0.16317415670742746,0.31893809403736145,4.86,1.3,2.0,0.14579248142320322,0.9343552563732379,2,2026-02-17 17:00:00,2026-02-17 23:00:00,t2-direct-60103e48d3
2026-02-19 00:00:00,2026-02-19 06:00:00,31,0.471527052126361,0.22425287018833048,0.2472741819380305,5.45,1.8,2.0,0.1238221764681785,0.961041576993126,2,2026-02-17 17:00:00,2026-02-17 23:00:00,t2-direct-60103e48d3
2026-02-19 01:00:00,2026-02-19 07:00:00,32,0.48382034071663615,0.28329800748196027,0.2005223332346759,5.94,2.1,2.0,0.1247122606231521,0.9134610295268404,2,2026-02-17 17:00:00,2026-02-17 23:00:00,t2-direct-60103e48d3
2026-02-19 02:00:00,2026-02-19 08:00:00,33,0.49670514119842335,0.24464407439250296,0.2520610668059204,5.63,2.4,2.0,0.09358594964933786,0.9085566196294625,2,2026-02-17 17:00:00,2026-02-17 23:00:00,t2-direct-60103e48d3
2026-02-19 03:00:00,2026-02-19 09:00:00,34,0.554955781979666,0.27300890118942833,0.28194688079023766,5.88,4.6,2.0,0.04078819939685341,0.9730686842347607,2,2026-02-17 17:00:00,2026-02-17 23:00:00,t2-direct-60103e48d3
2026-02-19 04:00:00,2026-02-19 10:00:00,35,0.6243221849769538,0.4101593371369702,0.21416284783998357,6.86,7.5,2.0,0.11571673613956024,0.9608236704273972,2,2026-02-17 17:00:00,2026-02-17 23:00:00,t2-direct-60103e48d3
2026-02-19 05:00:00,2026-02-19 11:00:00,36,0.6541856392326564,0.2123551310783604,0.441830508154296,5.4,10.0,2.0,0.062038755466582995,0.9819512728168258,2,2026-02-17 17:00:00,2026-02-17 23:00:00,t2-direct-60103e48d3
2026-02-19 06:00:00,2026-02-19 12:00:00,37,0.5182716438833822,0.341031997881778,0.1772396460016042,6.43,10.5,3.0,0.030312837225137,1.0,2,2026-02-17 17:00:00,2026-02-17 23:00:00,t2-direct-60103e48d3
2026-02-19 07:00:00,2026-02-19 13:00:00,38,0.4720416087345536,0.21640976445881246,0.25563184427574115,5.45,12.3,3.0,0.029047661039245887,0.9498688575877756,2,2026-02-17 17:00:00,2026-02-17 23:00:00,t2-direct-60103e48d3
2026-02-19 08:00:00,2026-02-19 14:00:00,39,0.4010014448830943,0.23161689716246878,0.16938454772062553,5.59,13.4,3.0,0.007640398700511919,0.905725916465237,2,2026-02-17 17:00:00,2026-02-17 23:00:00,t2-direct-60103e48d3
2026-02-19 09:00:00,2026-02-19 15:00:00,40,0.2504491130478601,0.2651577626812462,-0.014708649633386084,5.88,13.2,3.0,0.0023143799011253463,0.8639051727601953,2,2026-02-17 17:00:00,2026-02-17 23:00:00,t2-direct-60103e48d3
2026-02-19 10:00:00,2026-02-19 16:00:00,41,0.16591178033500323,0.061798991268628686,0.10411278906637454,3.35,13.2,3.0,0.006461243500067965,0.7249963393994716,2,2026-02-17 17:00:00,2026-02-17 23:00:00,t2-direct-60103e48d3
2026-02-19 11:00:00,2026-02-19 17:00:00,42,0.1363852836759295,0.059703275257454023,0.07668200841847547,3.3,12.1,3.0,0.0054329035289231165,0.6041834555612093,2,2026-02-17 17:00:00,2026-02-17 23:00:00,t2-direct-60103e48d3
2026-02-19 12:00:00,2026-02-19 18:00:00,43,0.12197771876173223,0.0779444741576827,0.04403324460404953,3.64,8.8,3.0,0.004313742057181186,0.6851143683291647,2,2026-02-17 17:00:00,2026-02-17 23:00:00,t2-direct-60103e48d3
2026-02-19 13:00:00,2026-02-19 19:00:00,44,0.08935221122076777,0.02401579166956451,0.06533641955120326,1.7,8.2,3.0,0.007501383867838107,0.7113989759796526,2,2026-02-17 17:00:00,2026-02-17 23:00:00,t2-direct-60103e48d3
2026-02-19 14:00:00,2026-02-19 20:00:00,45,0.08018177240987308,0.020713372626677988,0.05946839978319509,1.45,8.9,3.0,0.007514902436358731,0.6042708773669266,2,2026-02-17 17:00:00,2026-02-17 23:00:00,t2-direct-60103e48d3
2026-02-19 15:00:00,2026-02-19 21:00:00,46,0.08476970821647051,0.07293213713084827,0.011837571085622237,3.54,7.7,3.0,0.007322696930172901,0.5966233847843025,2,2026-02-17 17:00:00,2026-02-17 23:00:00,t2-direct-60103e48d3
2026-02-19 16:00:00,2026-02-19 22:00:00,47,0.1295583968168974,0.09266914929771815,0.036889247519179255,4.01,9.0,3.0,0.007031549542277832,0.6297627832302363,2,2026-02-17 17:00:00,2026-02-17 23:00:00,t2-direct-60103e48d3
2026-02-19 17:00:00,2026-02-19 23:00:00,48,0.2053007590766052,0.1317255949391379,0.07357516413746729,4.6,8.9,3.0,0.006823520556080098,0.6994711385473771,2,2026-02-17 17:00:00,2026-02-17 23:00:00,t2-direct-60103e48d3
2026-02-18 18:00:00,2026-02-19 00:00:00,1,0.6393793997488552,0.28027001701308474,0.3591093827357704,5.92,2.5,1.0,0.17929021715264326,0.970728734374484,2,2026-02-18 17:00:00,2026-02-18 23:00:00,t2-direct-60103e48d3
2026-02-18 19:00:00,2026-02-19 01:00:00,2,0.5552670976421832,0.3133613747135246,0.24190572292865858,6.17,2.5,1.0,0.1484011027651651,0.9849052562707118,2,2026-02-18 17:00:00,2026-02-18 23:00:00,t2-direct-60103e48d3
2026-02-18 20:00:00,2026-02-19 02:00:00,3,0.557505607544751,0.18666565506992444,0.37083995247482654,5.1,1.9,1.0,0.1597227548733992,0.969326294203662,2,2026-02-18 17:00:00,2026-02-18 23:00:00,t2-direct-60103e48d3
2026-02-18 21:00:00,2026-02-19 03:00:00,4,0.6100175753482864,0.18859095049427907,0.4214266248540073,5.12,2.0,1.0,0.1540582390147704,0.9613496628689775,2,2026-02-18 17:00:00,2026-02-18 23:00:00,t2-direct-60103e48d3
2026-02-18 22:00:00,2026-02-19 04:00:00,5,0.6066455739752187,0.17351152923396845,0.4331340447412502,4.97,2.3,1.0,0.14135257390184214,0.9585384110683193,2,2026-02-18 17:00:00,2026-02-18 23:00:00,t2-direct-60103e48d3
2026-02-18 23:00:00,2026-02-19 05:00:00,6,0.5915815310828095,0.19225421720281038,0.39932731387999915,5.16,2.5,1.0,0.103057839877788,0.9580367076804823,2,2026-02-18 17:00:00,2026-02-18 23:00:00,t2-direct-60103e48d3
2026-02-19 00:00:00,2026-02-19 06:00:00,7,0.5460254835768225,0.11041543267108361,0.43561005090573884,4.36,1.8,1.0,0.0665263291539882,0.8831069213292331,2,2026-02-18 17:00:00,2026-02-18 23:00:00,t2-direct-60103e48d3
2026-02-19 01:00:00,2026-02-19 07:00:00,8,0.3975886650376683,0.12324846842667739,0.27434019661099096,4.48,1.6,1.0,0.04348061939902842,0.8434164867302603,2,2026-02-18 17:00:00,2026-02-18 23:00:00,t2-direct-60103e48d3
2026-02-19 02:00:00,2026-02-19 08:00:00,9,0.36773335170991694,0.12843239525994088,0.23930095644997607,4.53,1.8,1.0,0.040200555559265105,0.8657516612516871,2,2026-02-18 17:00:00,2026-02-18 23:00:00,t2-direct-60103e48d3
2026-02-19 03:00:00,2026-02-19 09:00:00,10,0.30104165926090376,0.12364490549012619,0.17739675377077757,4.5,4.6,1.0,0.014614266437346146,0.7920295414968549,2,2026-02-18 17:00:00,2026-02-18 23:00:00,t2-direct-60103e48d3
2026-02-19 04:00:00,2026-02-19 10:00:00,11,0.26328553285824574,0.15930513275947222,0.10398040009877352,4.86,8.0,1.0,0.02047235900663527,0.8267283470635214,2,2026-02-18 17:00:00,2026-02-18 23:00:00,t2-direct-60103e48d3
2026-02-19 05:00:00,2026-02-19 11:00:00,12,0.34574764382508333,0.21465089082309502,0.1310967530019883,5.42,10.0,1.0,0.01864556664734418,0.8872338742820269,2,2026-02-18 17:00:00,2026-02-18 23:00:00,t2-direct-60103e48d3
2026-02-19 06:00:00,2026-02-19 12:00:00,13,0.47448544756127575,0.2599380930222227,0.21454735453905305,5.82,10.8,2.0,0.03977973562252379,0.9336758753871165,2,2026-02-18 17:00:00,2026-02-18 23:00:00,t2-direct-60103e48d3
2026-02-19 07:00:00,2026-02-19 13:00:00,14,0.37324643426057413,0.14991970540948812,0.223326728851086,4.79,11.9,2.0,0.017835057160694,0.8720178778808121,2,2026-02-18 17:00:00,2026-02-18 23:00:00,t2-direct-60103e48d3
2026-02-19 08:00:00,2026-02-19 14:00:00,15,0.2811435537367054,0.11256468929316099,0.16857886444354442,4.44,13.2,2.0,0.013041637962647123,0.7498818714215725,2,2026-02-18 17:00:00,2026-02-18 23:00:00,t2-direct-60103e48d3
2026-02-19 09:00:00,2026-02-19 15:00:00,16,0.2170663983433784,0.11724730228474622,0.09981909605863218,4.49,14.2,2.0,0.011958165931778064,0.6555133723839637,2,2026-02-18 17:00:00,2026-02-18 23:00:00,t2-direct-60103e48d3
2026-02-19 10:00:00,2026-02-19 16:00:00,17,0.1752661871002817,0.08502450717816423,0.09024167992211746,3.8,14.5,2.0,0.008620764165757355,0.6098193323778283,2,2026-02-18 17:00:00,2026-02-18 23:00:00,t2-direct-60103e48d3
2026-02-19 11:00:00,2026-02-19 17:00:00,18,0.15310096114437705,0.09623226224786079,0.05686869889651626,4.15,13.0,2.0,0.0073352362477676625,0.5659981651978527,2,2026-02-18 17:00:00,2026-02-18 23:00:00,t2-direct-60103e48d3
2026-02-19 12:00:00,2026-02-19 18:00:00,19,0.1753696029521204,0.09490504805810682,0.08046455489401358,4.09,9.9,2.0,0.008039803343427299,0.6676256251368637,2,2026-02-18 17:00:00,2026-02-18 23:00:00,t2-direct-60103e48d3
2026-02-19 13:00:00,2026-02-19 19:00:00,20,0.13197468054232017,0.0524474194655702,0.07952726107674997,3.01,8.5,2.0,0.006842004978258487,0.6359960015645613,2,2026-02-18 17:00:00,2026-02-18 23:00:00,t2-direct-60103e48d3
2026-02-19 14:00:00,2026-02-19 20:00:00,21,0.08900558972670802,0.024503836772741844,0.06450175295396618,1.74,9.6,2.0,0.007000768496169457,0.6177595732300732,2,2026-02-18 17:00:00,2026-02-18 23:00:00,t2-direct-60103e48d3
2026-02-19 15:00:00,2026-02-19 21:00:00,22,0.06814814112347073,0.018333333333333333,0.049814807790137396,0.71,9.1,2.0,0.007562691586420686,0.5171563060839325,2,2026-02-18 17:00:00,2026-02-18 23:00:00,t2-direct-60103e48d3
2026-02-19 16:00:00,2026-02-19 22:00:00,23,0.07091366146753633,0.04772514987579294,0.023188511591743392,2.83,8.4,2.0,0.005925901949353399,0.5144258898632541,2,2026-02-18 17:00:00,2026-02-18 23:00:00,t2-direct-60103e48d3
2026-02-19 17:00:00,2026-02-19 23:00:00,24,0.10967617999415717,0.1961094485749853,-0.08643326858082813,5.24,9.1,2.0,0.00702532433512959,0.6653034767960812,2,2026-02-18 17:00:00,2026-02-18 23:00:00,t2-direct-60103e48d3
2026-02-19 18:00:00,2026-02-20 00:00:00,25,0.11848161269571544,0.3728426018219554,-0.25436098912623994,6.63,8.8,2.0,0.009140761725025495,0.5957449247150444,2,2026-02-18 17:00:00,2026-02-18 23:00:00,t2-direct-60103e48d3
2026-02-19 19:00:00,2026-02-20 01:00:00,26,0.11002845834795559,0.24128195229000504,-0.13125349394204944,5.64,8.2,2.0,0.008948527056754321,0.5440635203966889,2,2026-02-18 17:00:00,2026-02-18 23:00:00,t2-direct-60103e48d3
2026-02-19 20:00:00,2026-02-20 02:00:00,27,0.12848043101753903,0.16091937644454354,-0.03243894542700451,4.87,6.9,2.0,0.010300062480725541,0.6530562478310896,2,2026-02-18 17:00:00,2026-02-18 23:00:00,t2-direct-60103e48d3
2026-02-19 21:00:00,2026-02-20 03:00:00,28,0.2154043150411279,0.2917554766258608,-0.07635116158473293,6.04,7.1,2.0,0.006522247430554073,0.7970262602982431,2,2026-02-18 17:00:00,2026-02-18 23:00:00,t2-direct-60103e48d3
2026-02-19 22:00:00,2026-02-20 04:00:00,29,0.269394572941765,0.4143554908681173,-0.1449609179263523,6.88,7.6,2.0,0.004785864829589315,0.8657273621996595,2,2026-02-18 17:00:00,2026-02-18 23:00:00,t2-direct-60103e48d3
2026-02-19 23:00:00,2026-02-20 05:00:00,30,0.3077833234367007,0.40317054315565976,-0.09538721971895908,6.82,7.2,2.0,0.003506057810623353,0.9071429670417422,2,2026-02-18 17:00:00,2026-02-18 23:00:00,t2-direct-60103e48d3
2026-02-20 00:00:00,2026-02-20 06:00:00,31,0.3243437928286454,0.5527437688219669,-0.22839997599332146,7.57,6.9,2.0,0.005164957962479344,0.9222817063496127,2,2026-02-18 17:00:00,2026-02-18 23:00:00,t2-direct-60103e48d3
2026-02-20 01:00:00,2026-02-20 07:00:00,32,0.38005074495161195,0.5623674316374766,-0.18231668668586465,7.63,6.8,2.0,0.03844157413563726,0.9280576804204634,2,2026-02-18 17:00:00,2026-02-18 23:00:00,t2-direct-60103e48d3
2026-02-20 02:00:00,2026-02-20 08:00:00,33,0.37669372242196475,0.4860312359644135,-0.10933751354244875,7.2,6.7,2.0,0.017140530690436473,0.9172384312072043,2,2026-02-18 17:00:00,2026-02-18 23:00:00,t2-direct-60103e48d3
2026-02-20 03:00:00,2026-02-20 09:00:00,34,0.2604878814518409,0.4114553938739966,-0.15096751242215573,6.87,8.0,2.0,0.0019141569181662654,0.8413286692443502,2,2026-02-18 17:00:00,2026-02-18 23:00:00,t2-direct-60103e48d3
2026-02-20 04:00:00,2026-02-20 10:00:00,35,0.1788778759649291,0.22413150077865981,-0.045253624813730714,5.5,9.6,2.0,0.0,0.6382377651299727,2,2026-02-18 17:00:00,2026-02-18 23:00:00,t2-direct-60103e48d3
2026-02-20 05:00:00,2026-02-20 11:00:00,36,0.09634629721301832,0.13781220792152832,-0.041465910708509995,4.67,11.1,2.0,0.0070248455692382555,0.5500689929693473,2,2026-02-18 17:00:00,2026-02-18 23:00:00,t2-direct-60103e48d3
2026-02-20 06:00:00,2026-02-20 12:00:00,37,0.05203438505163548,0.049912138083595285,0.002122246968040198,2.93,13.3,3.0,0.007265675232483788,0.3416897323920007,2,2026-02-18 17:00:00,2026-02-18 23:00:00,t2-direct-60103e48d3
2026-02-20 07:00:00,2026-02-20 13:00:00,38,0.0508464970647101,0.043280571829493,0.007565925235217104,2.68,14.5,3.0,0.009644589000490963,0.33012799750211763,2,2026-02-18 17:00:00,2026-02-18 23:00:00,t2-direct-60103e48d3
2026-02-20 08:00:00,2026-02-20 14:00:00,39,0.07027241528278494,0.03646539589074012,0.03380701939204482,2.42,14.9,3.0,0.00721375669113726,0.4362011312328305,2,2026-02-18 17:00:00,2026-02-18 23:00:00,t2-direct-60103e48d3
2026-02-20 09:00:00,2026-02-20 15:00:00,40,0.08118187780256177,0.02422985516181104,0.05695202264075073,1.73,15.0,3.0,0.006924641332259229,0.5207656650730923,2,2026-02-18 17:00:00,2026-02-18 23:00:00,t2-direct-60103e48d3
2026-02-20 10:00:00,2026-02-20 16:00:00,41,0.10214916132505836,0.018750110863993728,0.08339905046106463,1.31,15.1,3.0,0.00547191962047619,0.6369470796257909,2,2026-02-18 17:00:00,2026-02-18 23:00:00,t2-direct-60103e48d3
2026-02-20 11:00:00,2026-02-20 17:00:00,42,0.1461910712751677,0.031088388642648422,0.11510268263251927,2.16,14.0,3.0,0.0,0.7076594224119825,2,2026-02-18 17:00:00,2026-02-18 23:00:00,t2-direct-60103e48d3
2026-02-20 12:00:00,2026-02-20 18:00:00,43,0.2159512764314256,0.04102544923522412,0.17492582719620148,2.58,10.0,3.0,0.0,0.8954333676502058,2,2026-02-18 17:00:00,2026-02-18 23:00:00,t2-direct-60103e48d3
2026-02-20 13:00:00,2026-02-20 19:00:00,44,0.33365724627464616,0.31681672890155704,0.016840517373089114,6.24,8.4,3.0,0.0,1.0,2,2026-02-18 17:00:00,2026-02-18 23:00:00,t2-direct-60103e48d3
2026-02-20 14:00:00,2026-02-20 20:00:00,45,0.4899913683505383,0.5249657000499296,-0.03497433169939129,7.41,8.7,3.0,0.06383158365927488,1.0,2,2026-02-18 17:00:00,2026-02-18 23:00:00,t2-direct-60103e48d3
2026-02-20 15:00:00,2026-02-20 21:00:00,46,0.6026971835592092,0.5672485610149793,0.03544862254422987,7.67,7.8,3.0,0.1875144927074494,0.9909570417391831,2,2026-02-18 17:00:00,2026-02-18 23:00:00,t2-direct-60103e48d3
2026-02-20 16:00:00,2026-02-20 22:00:00,47,0.6824118561296771,0.6477404863328725,0.03467136979680463,8.23,6.3,3.0,0.2923125907106122,0.9888288537452903,2,2026-02-18 17:00:00,2026-02-18 23:00:00,t2-direct-60103e48d3
2026-02-20 17:00:00,2026-02-20 23:00:00,48,0.7910431872936095,0.6429582860774716,0.14808490121613782,8.18,4.9,3.0,0.2613271864656457,0.9858609284908287,2,2026-02-18 17:00:00,2026-02-18 23:00:00,t2-direct-60103e48d3
2026-02-19 18:00:00,2026-02-20 00:00:00,1,0.2606290000664272,0.30508336305732425,-0.044454362990897056,6.15,8.3,1.0,0.014752902453084027,0.797077932164397,2,2026-02-19 17:00:00,2026-02-19 23:00:00,t2-direct-60103e48d3
2026-02-19 19:00:00,2026-02-20 01:00:00,2,0.2815854531047361,0.45481169594177995,-0.17322624283704385,7.07,8.2,1.0,0.008920303337665414,0.9106046220339077,2,2026-02-19 17:00:00,2026-02-19 23:00:00,t2-direct-60103e48d3
2026-02-19 20:00:00,2026-02-20 02:00:00,3,0.2640210983749989,0.5302511000611042,-0.26623000168610533,7.44,8.3,1.0,0.009062885826877642,0.8700214708581693,2,2026-02-19 17:00:00,2026-02-19 23:00:00,t2-direct-60103e48d3
2026-02-19 21:00:00,2026-02-20 03:00:00,4,0.269132240033632,0.5321069893695168,-0.2629747493358848,7.45,8.1,1.0,0.013905479210043203,0.8680761321393253,2,2026-02-19 17:00:00,2026-02-19 23:00:00,t2-direct-60103e48d3
2026-02-19 22:00:00,2026-02-20 04:00:00,5,0.26104113263248296,0.4314915362347159,-0.17045040360223296,6.96,7.8,1.0,0.021011752181349513,0.8223478424903807,2,2026-02-19 17:00:00,2026-02-19 23:00:00,t2-direct-60103e48d3
2026-02-19 23:00:00,2026-02-20 05:00:00,6,0.2986630654541501,0.5151559088316853,-0.21649284337753516,7.34,7.5,1.0,0.01548083256427718,0.882085625985476,2,2026-02-19 17:00:00,2026-02-19 23:00:00,t2-direct-60103e48d3
2026-02-20 00:00:00,2026-02-20 06:00:00,7,0.3484025184541272,0.5827641980702505,-0.2343616796161233,7.76,6.9,1.0,0.03807770153372958,0.913313603997171,2,2026-02-19 17:00:00,2026-02-19 23:00:00,t2-direct-60103e48d3
2026-02-20 01:00:00,2026-02-20 07:00:00,8,0.46883510080330365,0.6048315585698397,-0.13599645776653607,7.91,6.9,1.0,0.08334854028744954,0.951382460020981,2,2026-02-19 17:00:00,2026-02-19 23:00:00,t2-direct-60103e48d3
2026-02-20 02:00:00,2026-02-20 08:00:00,9,0.5224535192884687,0.6694468190717295,-0.1469932997832608,8.49,7.2,1.0,0.08922125819223065,0.9640360520930398,2,2026-02-19 17:00:00,2026-02-19 23:00:00,t2-direct-60103e48d3
2026-02-20 03:00:00,2026-02-20 09:00:00,10,0.44909693236951764,0.5968966648805081,-0.14779973251099043,7.86,8.0,1.0,0.07393916560645014,0.9428253411369689,2,2026-02-19 17:00:00,2026-02-19 23:00:00,t2-direct-60103e48d3
2026-02-20 04:00:00,2026-02-20 10:00:00,11,0.35738972162406635,0.3243110260027937,0.033078695621272636,6.3,8.8,1.0,0.04066648765044584,0.8478516068337435,2,2026-02-19 17:00:00,2026-02-19 23:00:00,t2-direct-60103e48d3
2026-02-20 05:00:00,2026-02-20 11:00:00,12,0.2283610513668597,0.21846319958701654,0.009897851779843148,5.45,9.5,1.0,0.0023946351423558276,0.6932853674830268,2,2026-02-19 17:00:00,2026-02-19 23:00:00,t2-direct-60103e48d3
2026-02-20 06:00:00,2026-02-20 12:00:00,13,0.12649919670276347,0.10139577774652642,0.02510341895623705,4.32,11.9,2.0,0.008259506171120978,0.47728180028814826,2,2026-02-19 17:00:00,2026-02-19 23:00:00,t2-direct-60103e48d3
2026-02-20 07:00:00,2026-02-20 13:00:00,14,0.059511251477661765,0.056446165792662005,0.0030650856849997604,3.18,13.3,2.0,0.007470294342810303,0.3227089591453295,2,2026-02-19 17:00:00,2026-02-19 23:00:00,t2-direct-60103e48d3
2026-02-20 08:00:00,2026-02-20 14:00:00,15,0.031335604680705814,0.04227655260488283,-0.010940947924177019,2.64,14.0,2.0,0.009997129946555921,0.2336963587799006,2,2026-02-19 17:00:00,2026-02-19 23:00:00,t2-direct-60103e48d3
2026-02-20 09:00:00,2026-02-20 15:00:00,16,0.016395231112275914,0.030908891597707044,-0.01451366048543113,2.15,14.4,2.0,0.010027710131356324,0.1887119344449032,2,2026-02-19 17:00:00,2026-02-19 23:00:00,t2-direct-60103e48d3
2026-02-20 10:00:00,2026-02-20 16:00:00,17,0.014753292117449041,0.020728298908207887,-0.005975006790758845,1.46,14.1,2.0,0.008550444354929423,0.15570959484472147,2,2026-02-19 17:00:00,2026-02-19 23:00:00,t2-direct-60103e48d3
2026-02-20 11:00:00,2026-02-20 17:00:00,18,0.030313753042598608,0.02802841256322542,0.0022853404793731873,1.97,12.9,2.0,0.006629824558589327,0.2132103921250862,2,2026-02-19 17:00:00,2026-02-19 23:00:00,t2-direct-60103e48d3
2026-02-20 12:00:00,2026-02-20 18:00:00,19,0.09050867653290419,0.06881756390213396,0.021691112630770226,3.47,9.7,2.0,0.007830935101808073,0.5496020536408469,2,2026-02-19 17:00:00,2026-02-19 23:00:00,t2-direct-60103e48d3
2026-02-20 13:00:00,2026-02-20 19:00:00,20,0.2027266426415631,0.5603642462345059,-0.3576376035929428,7.63,8.2,2.0,0.0021433482532697834,0.8577450990820588,2,2026-02-19 17:00:00,2026-02-19 23:00:00,t2-direct-60103e48d3
2026-02-20 14:00:00,2026-02-20 20:00:00,21,0.4524247937861457,0.6187508012413733,-0.16632600745522758,8.03,8.4,2.0,0.029589643750537242,0.9803690758604455,2,2026-02-19 17:00:00,2026-02-19 23:00:00,t2-direct-60103e48d3
2026-02-20 15:00:00,2026-02-20 21:00:00,22,0.6436178914510232,0.6369824875048563,0.006635403946166907,8.16,7.5,2.0,0.15354873714598233,0.9804482963694559,2,2026-02-19 17:00:00,2026-02-19 23:00:00,t2-direct-60103e48d3
2026-02-20 16:00:00,2026-02-20 22:00:00,23,0.7497592307746561,0.6597299266730257,0.09002930410163046,8.32,6.2,2.0,0.22300083003991866,0.9836097895234669,2,2026-02-19 17:00:00,2026-02-19 23:00:00,t2-direct-60103e48d3
2026-02-20 17:00:00,2026-02-20 23:00:00,24,0.8278925377993107,0.6391277657673456,0.18876477203196507,8.15,4.8,2.0,0.2736489880033004,0.9755960398273854,2,2026-02-19 17:00:00,2026-02-19 23:00:00,t2-direct-60103e48d3
2026-02-20 18:00:00,2026-02-21 00:00:00,25,0.7181778211196173,0.6414831354106298,0.07669468570898741,8.16,4.0,2.0,0.2826712398085369,0.9804789826333447,2,2026-02-19 17:00:00,2026-02-19 23:00:00,t2-direct-60103e48d3
2026-02-20 19:00:00,2026-02-21 01:00:00,26,0.7708131490811349,0.6566749042032293,0.11413824487790558,8.27,3.5,2.0,0.3059601675895022,0.9777978440289607,2,2026-02-19 17:00:00,2026-02-19 23:00:00,t2-direct-60103e48d3
2026-02-20 20:00:00,2026-02-21 02:00:00,27,0.6388403284967074,0.610655333719628,0.028184994777079364,7.92,3.3,2.0,0.2710717327991273,0.97998649946473,2,2026-02-19 17:00:00,2026-02-19 23:00:00,t2-direct-60103e48d3
2026-02-20 21:00:00,2026-02-21 03:00:00,28,0.6053757070344467,0.48511284844717617,0.12026285858727048,7.17,3.7,2.0,0.1974136391761973,0.9634296785884486,2,2026-02-19 17:00:00,2026-02-19 23:00:00,t2-direct-60103e48d3
2026-02-20 22:00:00,2026-02-21 04:00:00,29,0.5045955645102921,0.36512142186776575,0.13947414264252633,6.54,3.9,2.0,0.1392178214941076,0.9290650399378004,2,2026-02-19 17:00:00,2026-02-19 23:00:00,t2-direct-60103e48d3
2026-02-20 23:00:00,2026-02-21 05:00:00,30,0.419048020809617,0.2194102531026502,0.1996377677069668,5.42,3.6,2.0,0.10275540818296114,0.907345916424952,2,2026-02-19 17:00:00,2026-02-19 23:00:00,t2-direct-60103e48d3
2026-02-21 00:00:00,2026-02-21 06:00:00,31,0.45973921646860905,0.1620061479050561,0.29773306856355297,4.86,3.3,2.0,0.06370182268195967,0.9026411334723228,2,2026-02-19 17:00:00,2026-02-19 23:00:00,t2-direct-60103e48d3
2026-02-21 01:00:00,2026-02-21 07:00:00,32,0.46661381778298605,0.09286868475647837,0.3737451330265077,3.99,3.4,2.0,0.06674452050579921,0.921781109276717,2,2026-02-19 17:00:00,2026-02-19 23:00:00,t2-direct-60103e48d3
2026-02-21 02:00:00,2026-02-21 08:00:00,33,0.4204210002892284,0.13925860331970322,0.28116239696952516,4.64,3.2,2.0,0.087544526659529,0.9433778784863482,2,2026-02-19 17:00:00,2026-02-19 23:00:00,t2-direct-60103e48d3
2026-02-21 03:00:00,2026-02-21 09:00:00,34,0.2614926569434108,0.24530657204121237,0.016186084902198417,5.65,4.5,2.0,0.0321039536710252,0.9204510449482071,2,2026-02-19 17:00:00,2026-02-19 23:00:00,t2-direct-60103e48d3
2026-02-21 04:00:00,2026-02-21 10:00:00,35,0.16263074841579747,0.14867382080472707,0.013956927611070397,4.75,6.9,2.0,0.005362449581758855,0.6874410384580392,2,2026-02-19 17:00:00,2026-02-19 23:00:00,t2-direct-60103e48d3
2026-02-21 05:00:00,2026-02-21 11:00:00,36,0.19800068807616766,0.03689490409931116,0.1611057839768565,2.42,9.1,2.0,0.00040460369096009807,0.7983222339603707,2,2026-02-19 17:00:00,2026-02-19 23:00:00,t2-direct-60103e48d3
2026-02-21 06:00:00,2026-02-21 12:00:00,37,0.30351059620027987,0.3848311689434962,-0.08132057274321636,6.73,11.3,3.0,0.02205503235126216,0.9336931367123644,2,2026-02-19 17:00:00,2026-02-19 23:00:00,t2-direct-60103e48d3
2026-02-21 07:00:00,2026-02-21 13:00:00,38,0.48977083177965874,0.965,-0.4752291682203412,13.06,9.7,3.0,0.04511612584094077,0.972141373533255,2,2026-02-19 17:00:00,2026-02-19 23:00:00,t2-direct-60103e48d3
2026-02-21 08:00:00,2026-02-21 14:00:00,39,0.6157001948466528,0.89194037977792,-0.2762401849312671,10.61,9.3,3.0,0.098300222744648,0.969961045935416,2,2026-02-19 17:00:00,2026-02-19 23:00:00,t2-direct-60103e48d3
2026-02-21 09:00:00,2026-02-21 15:00:00,40,0.8326984051418829,0.8922358874553532,-0.059537482313470336,10.62,9.2,3.0,0.31903756057492794,0.9729660443093743,2,2026-02-19 17:00:00,2026-02-19 23:00:00,t2-direct-60103e48d3
2026-02-21 10:00:00,2026-02-21 16:00:00,41,0.8743186911102834,0.8280048641912126,0.04631382691907082,9.5,8.9,3.0,0.37715038136104917,0.9710254779744525,2,2026-02-19 17:00:00,2026-02-19 23:00:00,t2-direct-60103e48d3
2026-02-21 11:00:00,2026-02-21 17:00:00,42,0.7606991665198237,0.6408395567169392,0.11985960980288457,8.2,8.6,3.0,0.24051305070899232,0.9730137559935902,2,2026-02-19 17:00:00,2026-02-19 23:00:00,t2-direct-60103e48d3
2026-02-21 12:00:00,2026-02-21 18:00:00,43,0.7381725500564126,0.5808928144515186,0.15727973560489394,7.75,7.1,3.0,0.3052030910682051,0.9689152934503583,2,2026-02-19 17:00:00,2026-02-19 23:00:00,t2-direct-60103e48d3
2026-02-21 13:00:00,2026-02-21 19:00:00,44,0.7550993500629178,0.6559069600673101,0.09919238999560775,8.29,6.1,3.0,0.29264945898129946,0.9722591032516658,2,2026-02-19 17:00:00,2026-02-19 23:00:00,t2-direct-60103e48d3
2026-02-21 14:00:00,2026-02-21 20:00:00,45,0.7145615494436969,0.5282588539956893,0.1863026954480076,7.4,5.2,3.0,0.264974967394318,0.9785333868676933,2,2026-02-19 17:00:00,2026-02-19 23:00:00,t2-direct-60103e48d3
2026-02-21 15:00:00,2026-02-21 21:00:00,46,0.8412045175802628,0.672831986603777,0.16837253097648586,8.54,4.9,3.0,0.3815558308310943,0.9775453684275903,2,2026-02-19 17:00:00,2026-02-19 23:00:00,t2-direct-60103e48d3
2026-02-21 16:00:00,2026-02-21 22:00:00,47,0.8246658345198713,0.9029815935928701,-0.07831575907299881,10.9,3.9,3.0,0.40773748964467665,0.9781895588913507,2,2026-02-19 17:00:00,2026-02-19 23:00:00,t2-direct-60103e48d3
2026-02-21 17:00:00,2026-02-21 23:00:00,48,0.7814104834953425,0.8990355206442548,-0.11762503714891237,10.8,3.1,3.0,0.42340122133292607,0.9748256794804331,2,2026-02-19 17:00:00,2026-02-19 23:00:00,t2-direct-60103e48d3
2026-02-20 18:00:00,2026-02-21 00:00:00,1,0.7686155090256337,0.6606425851487517,0.10797292387688195,8.31,4.5,1.0,0.21712089177322302,0.9432212464145935,2,2026-02-20 17:00:00,2026-02-20 23:00:00,t2-direct-60103e48d3
2026-02-20 19:00:00,2026-02-21 01:00:00,2,0.6957211329661774,0.6191486813039104,0.076572451662267,7.99,3.9,1.0,0.27310595258094295,0.9696451864397931,2,2026-02-20 17:00:00,2026-02-20 23:00:00,t2-direct-60103e48d3
2026-02-20 20:00:00,2026-02-21 02:00:00,3,0.6243116625675035,0.5505590210257906,0.0737526415417129,7.53,4.0,1.0,0.25598623510716056,0.9609221895067144,2,2026-02-20 17:00:00,2026-02-20 23:00:00,t2-direct-60103e48d3
2026-02-20 21:00:00,2026-02-21 03:00:00,4,0.5868447310260743,0.5127144128261447,0.07413031819992955,7.3,4.2,1.0,0.19846782076983538,0.9381968772151874,2,2026-02-20 17:00:00,2026-02-20 23:00:00,t2-direct-60103e48d3
2026-02-20 22:00:00,2026-02-21 04:00:00,5,0.5003363740368906,0.4138912640902865,0.08644510994660409,6.85,4.2,1.0,0.12322262725420052,0.9427818911873869,2,2026-02-20 17:00:00,2026-02-20 23:00:00,t2-direct-60103e48d3
2026-02-20 23:00:00,2026-02-21 05:00:00,6,0.4845639024850008,0.33795033616767167,0.14661356631732914,6.36,4.0,1.0,0.11791979781843726,0.9448197010146491,2,2026-02-20 17:00:00,2026-02-20 23:00:00,t2-direct-60103e48d3
2026-02-21 00:00:00,2026-02-21 06:00:00,7,0.4871195115117569,0.2645046388196746,0.2226148726920823,5.81,3.8,1.0,0.11958034619931118,0.9451808611907573,2,2026-02-20 17:00:00,2026-02-20 23:00:00,t2-direct-60103e48d3
2026-02-21 01:00:00,2026-02-21 07:00:00,8,0.48742756609998694,0.16999949496215,0.31742807113783694,4.94,3.2,1.0,0.09801666358206518,0.8983393205631143,2,2026-02-20 17:00:00,2026-02-20 23:00:00,t2-direct-60103e48d3
2026-02-21 02:00:00,2026-02-21 08:00:00,9,0.4973048122533634,0.13708360018027083,0.3602212120730926,4.62,3.3,1.0,0.09459744460780523,0.9153445698543141,2,2026-02-20 17:00:00,2026-02-20 23:00:00,t2-direct-60103e48d3
2026-02-21 03:00:00,2026-02-21 09:00:00,10,0.23286046481386705,0.12464399729115144,0.1082164675227156,4.51,4.7,1.0,0.0121274992356252,0.8361003125915699,2,2026-02-20 17:00:00,2026-02-20 23:00:00,t2-direct-60103e48d3
2026-02-21 04:00:00,2026-02-21 10:00:00,11,0.2101147203873105,0.018333333333333333,0.19178138705397715,0.76,5.7,1.0,0.005953432227039868,0.7979040102079938,2,2026-02-20 17:00:00,2026-02-20 23:00:00,t2-direct-60103e48d3
2026-02-21 05:00:00,2026-02-21 11:00:00,12,0.24836918995472235,0.25508582361532434,-0.006716633660601989,5.76,8.2,1.0,0.00518651946489887,0.8678187754888138,2,2026-02-20 17:00:00,2026-02-20 23:00:00,t2-direct-60103e48d3
2026-02-21 06:00:00,2026-02-21 12:00:00,13,0.42661463177218495,0.9309418053337135,-0.5043271735615286,11.6,7.6,2.0,0.05047539817730434,0.9591127458476262,2,2026-02-20 17:00:00,2026-02-20 23:00:00,t2-direct-60103e48d3
2026-02-21 07:00:00,2026-02-21 13:00:00,14,0.7102132143780054,0.9471204131357249,-0.23690719875771948,12.17,8.7,2.0,0.2290798375453822,0.9744122925168067,2,2026-02-20 17:00:00,2026-02-20 23:00:00,t2-direct-60103e48d3
2026-02-21 08:00:00,2026-02-21 14:00:00,15,0.8233064182116544,0.9327138286353277,-0.1094074104236733,11.75,8.7,2.0,0.2905491130125437,0.9733423726731903,2,2026-02-20 17:00:00,2026-02-20 23:00:00,t2-direct-60103e48d3
2026-02-21 09:00:00,2026-02-21 15:00:00,16,0.6479575831589767,0.6819754201040648,-0.03401783694508809,8.79,9.9,2.0,0.20624790823896555,0.9766535088717953,2,2026-02-20 17:00:00,2026-02-20 23:00:00,t2-direct-60103e48d3
2026-02-21 10:00:00,2026-02-21 16:00:00,17,0.5901810341442733,0.45498589703550424,0.13519513710876901,7.08,9.3,2.0,0.15238956782791074,0.9278077010066612,2,2026-02-20 17:00:00,2026-02-20 23:00:00,t2-direct-60103e48d3
2026-02-21 11:00:00,2026-02-21 17:00:00,18,0.40180376660062733,0.15907804116124613,0.2427257254393812,4.86,8.4,2.0,0.06063996002608868,0.8942278301124817,2,2026-02-20 17:00:00,2026-02-20 23:00:00,t2-direct-60103e48d3
2026-02-21 12:00:00,2026-02-21 18:00:00,19,0.2855816451035801,0.1493905136195957,0.13619113148398437,4.75,5.7,2.0,0.015200300635052066,0.7441015571231309,2,2026-02-20 17:00:00,2026-02-20 23:00:00,t2-direct-60103e48d3
2026-02-21 13:00:00,2026-02-21 19:00:00,20,0.25376179470816007,0.11007998760484393,0.14368180710331613,4.37,4.3,2.0,0.01477872487996365,0.7747653886397826,2,2026-02-20 17:00:00,2026-02-20 23:00:00,t2-direct-60103e48d3
2026-02-21 14:00:00,2026-02-21 20:00:00,21,0.31868788539416953,0.29941509964258345,0.019272785751586086,6.08,4.6,2.0,0.018425997110591452,0.8566337243244506,2,2026-02-20 17:00:00,2026-02-20 23:00:00,t2-direct-60103e48d3
2026-02-21 15:00:00,2026-02-21 21:00:00,22,0.3954142939517227,0.3669441398586096,0.028470154093113098,6.56,4.9,2.0,0.05928558219440294,0.9290538258141479,2,2026-02-20 17:00:00,2026-02-20 23:00:00,t2-direct-60103e48d3
2026-02-21 16:00:00,2026-02-21 22:00:00,23,0.5715583733833846,0.5013515413038243,0.07020683207956024,7.25,4.4,2.0,0.18823535774997108,0.9791122078770746,2,2026-02-20 17:00:00,2026-02-20 23:00:00,t2-direct-60103e48d3
2026-02-21 17:00:00,2026-02-21 23:00:00,24,0.6193616409319824,0.7065957228719244,-0.08723408193994198,8.9,3.5,2.0,0.2267343386738389,0.9702198671951092,2,2026-02-20 17:00:00,2026-02-20 23:00:00,t2-direct-60103e48d3
2026-02-21 18:00:00,2026-02-22 00:00:00,25,0.6381458761309139,0.5776920604730883,0.060453815657825594,7.69,2.8,2.0,0.13704373363332256,0.9705094045856696,2,2026-02-20 17:00:00,2026-02-20 23:00:00,t2-direct-60103e48d3
2026-02-21 19:00:00,2026-02-22 01:00:00,26,0.6176597539747083,0.6264849308514464,-0.008825176876738117,8.03,2.3,2.0,0.13639569253237882,0.9627615069696158,2,2026-02-20 17:00:00,2026-02-20 23:00:00,t2-direct-60103e48d3
2026-02-21 20:00:00,2026-02-22 02:00:00,27,0.4501525867377113,0.5091376172726235,-0.05898503053491222,7.26,1.5,2.0,0.07231060621540314,0.9136930708684199,2,2026-02-20 17:00:00,2026-02-20 23:00:00,t2-direct-60103e48d3
2026-02-21 21:00:00,2026-02-22 03:00:00,28,0.27829189908301044,0.2993259662235311,-0.02103406714052064,6.05,0.6,2.0,0.02088981434774334,0.8471549664980457,2,2026-02-20 17:00:00,2026-02-20 23:00:00,t2-direct-60103e48d3
2026-02-21 22:00:00,2026-02-22 04:00:00,29,0.11254733427655836,0.21386871783600278,-0.10132138355944442,5.35,0.2,2.0,0.009907673176478685,0.6102568105114884,2,2026-02-20 17:00:00,2026-02-20 23:00:00,t2-direct-60103e48d3
2026-02-21 23:00:00,2026-02-22 05:00:00,30,0.012178619631866054,0.09380406851846725,-0.0816254488866012,4.0,-1.0,2.0,0.008473556348174476,0.32156984039295156,2,2026-02-20 17:00:00,2026-02-20 23:00:00,t2-direct-60103e48d3
2026-02-22 00:00:00,2026-02-22 06:00:00,31,0.01880293587830973,0.018333333333333333,0.00046960254497639686,0.46,-2.4,2.0,0.008331598312678146,0.13296912447987844,2,2026-02-20 17:00:00,2026-02-20 23:00:00,t2-direct-60103e48d3
2026-02-22 01:00:00,2026-02-22 07:00:00,32,0.009521184158370973,0.018333333333333333,-0.00881214917496236,0.93,-1.9,2.0,0.008058674810969717,0.0633199008650536,2,2026-02-20 17:00:00,2026-02-20 23:00:00,t2-direct-60103e48d3
2026-02-22 02:00:00,2026-02-22 08:00:00,33,0.01009690208381572,0.023084219655319288,-0.012987317571503568,1.61,-1.6,2.0,0.007686538855779669,0.08271462465004327,2,2026-02-20 17:00:00,2026-02-20 23:00:00,t2-direct-60103e48d3
2026-02-22 03:00:00,2026-02-22 09:00:00,34,0.010219437181444111,0.02815614392901967,-0.017936706747575557,1.95,1.0,2.0,0.0066904815249845834,0.12605163840951913,2,2026-02-20 17:00:00,2026-02-20 23:00:00,t2-direct-60103e48d3
2026-02-22 04:00:00,2026-02-22 10:00:00,35,0.018577205353489813,0.03333316545010029,-0.014755960096610475,2.27,3.8,2.0,0.007185814694298605,0.25721155988724803,2,2026-02-20 17:00:00,2026-02-20 23:00:00,t2-direct-60103e48d3
2026-02-22 05:00:00,2026-02-22 11:00:00,36,0.06011279270362733,0.05482105370620442,0.005291738997422905,3.09,5.7,2.0,0.0035907092021205053,0.3718707824058888,2,2026-02-20 17:00:00,2026-02-20 23:00:00,t2-direct-60103e48d3
2026-02-22 06:00:00,2026-02-22 12:00:00,37,0.10329495805157186,0.062216494267349105,0.04107846378422276,3.33,6.1,3.0,0.004991596167210552,0.5938850477994969,2,2026-02-20 17:00:00,2026-02-20 23:00:00,t2-direct-60103e48d3
2026-02-22 07:00:00,2026-02-22 13:00:00,38,0.29432645667592977,0.17776637085950872,0.11656008581642105,5.04,6.8,3.0,0.005246672162545263,0.8557012595046141,2,2026-02-20 17:00:00,2026-02-20 23:00:00,t2-direct-60103e48d3
2026-02-22 08:00:00,2026-02-22 14:00:00,39,0.5355892782563043,0.5478619342766443,-0.01227265602034,7.54,7.0,3.0,0.05119897042293303,0.99000344979735,2,2026-02-20 17:00:00,2026-02-20 23:00:00,t2-direct-60103e48d3
2026-02-22 09:00:00,2026-02-22 15:00:00,40,0.8483860823508532,0.6930085531759603,0.1553775291748929,8.89,7.4,3.0,0.25060651479830875,0.9829078022994442,2,2026-02-20 17:00:00,2026-02-20 23:00:00,t2-direct-60103e48d3
2026-02-22 10:00:00,2026-02-22 16:00:00,41,0.9012302844243366,0.7000677917238697,0.20116249270046693,8.92,7.7,3.0,0.3369358196137783,0.9713958276789714,2,2026-02-20 17:00:00,2026-02-20 23:00:00,t2-direct-60103e48d3
2026-02-22 11:00:00,2026-02-22 17:00:00,42,0.8202739700450156,0.7239316831545065,0.09634228689050905,9.0,6.7,3.0,0.2644477243828255,0.9772525004600033,2,2026-02-20 17:00:00,2026-02-20 23:00:00,t2-direct-60103e48d3
2026-02-22 12:00:00,2026-02-22 18:00:00,43,0.7522855502056643,0.6050048397179315,0.14728071048773284,7.9,5.7,3.0,0.22319355262253227,0.9816151970052641,2,2026-02-20 17:00:00,2026-02-20 23:00:00,t2-direct-60103e48d3
2026-02-22 13:00:00,2026-02-22 19:00:00,44,0.6009178295545214,0.38003253126100733,0.2208852982935141,6.64,4.0,3.0,0.16235417678109465,0.9922863284696339,2,2026-02-20 17:00:00,2026-02-20 23:00:00,t2-direct-60103e48d3
2026-02-22 14:00:00,2026-02-22 20:00:00,45,0.6220731421089679,0.2787572577974663,0.3433158843115016,5.91,2.7,3.0,0.12379352041108493,0.9801449836203385,2,2026-02-20 17:00:00,2026-02-20 23:00:00,t2-direct-60103e48d3
2026-02-22 15:00:00,2026-02-22 21:00:00,46,0.5379071556476914,0.25107372249272314,0.2868334331549683,5.68,1.6,3.0,0.12456706790494754,0.970414231241424,2,2026-02-20 17:00:00,2026-02-20 23:00:00,t2-direct-60103e48d3
2026-02-22 16:00:00,2026-02-22 22:00:00,47,0.5046137459689725,0.2285023977839834,0.27611134818498906,5.48,0.8,3.0,0.11163206889277277,0.9335497951536946,2,2026-02-20 17:00:00,2026-02-20 23:00:00,t2-direct-60103e48d3
2026-02-22 17:00:00,2026-02-22 23:00:00,48,0.509095802788388,0.22749637562050282,0.2815994271678851,5.47,0.6,3.0,0.09030172546270154,0.9489551804791568,2,2026-02-20 17:00:00,2026-02-20 23:00:00,t2-direct-60103e48d3
2026-02-21 18:00:00,2026-02-22 00:00:00,1,0.07184080333045435,0.17892661126712844,-0.10708580793667409,5.03,3.2,1.0,0.007075584768370974,0.5579244167869812,2,2026-02-21 17:00:00,2026-02-21 23:00:00,t2-direct-60103e48d3
2026-02-21 19:00:00,2026-02-22 01:00:00,2,0.047876569503363234,0.12067031530388912,-0.07279374580052589,4.46,2.4,1.0,0.008788704010439567,0.3349865212873896,2,2026-02-21 17:00:00,2026-02-21 23:00:00,t2-direct-60103e48d3
2026-02-21 20:00:00,2026-02-22 02:00:00,3,0.029158131970004362,0.13167046332438237,-0.10251233135437801,4.56,1.7,1.0,0.008880431519281393,0.3050482457784771,2,2026-02-21 17:00:00,2026-02-21 23:00:00,t2-direct-60103e48d3
2026-02-21 21:00:00,2026-02-22 03:00:00,4,0.020183316958930244,0.07353566398045913,-0.053352347021528884,3.52,0.3,1.0,0.008705786360086338,0.22058775085170537,2,2026-02-21 17:00:00,2026-02-21 23:00:00,t2-direct-60103e48d3
2026-02-21 22:00:00,2026-02-22 04:00:00,5,0.01056076927868118,0.028717515916538785,-0.018156746637857605,1.98,-0.6,1.0,0.008162840622423326,0.14513960101459106,2,2026-02-21 17:00:00,2026-02-21 23:00:00,t2-direct-60103e48d3
2026-02-21 23:00:00,2026-02-22 05:00:00,6,0.01018775875243983,0.018333333333333333,-0.008145574580893503,0.83,-1.3,1.0,0.00799318109348894,0.05658093640710149,2,2026-02-21 17:00:00,2026-02-21 23:00:00,t2-direct-60103e48d3
2026-02-22 00:00:00,2026-02-22 06:00:00,7,0.010739705702170775,0.018333333333333333,-0.007593627631162558,0.5,-0.9,1.0,0.00818783968626458,0.08444102456581767,2,2026-02-21 17:00:00,2026-02-21 23:00:00,t2-direct-60103e48d3
2026-02-22 01:00:00,2026-02-22 07:00:00,8,0.017827518493751148,0.03157152745906635,-0.013744008965315201,2.15,-1.3,1.0,0.008639197263647806,0.13334497560926203,2,2026-02-21 17:00:00,2026-02-21 23:00:00,t2-direct-60103e48d3
2026-02-22 02:00:00,2026-02-22 08:00:00,9,0.11135030409175205,0.06689827979285132,0.04445202429890073,3.39,-0.9,1.0,0.007236002017850171,0.5721403127284347,2,2026-02-21 17:00:00,2026-02-21 23:00:00,t2-direct-60103e48d3
2026-02-22 03:00:00,2026-02-22 09:00:00,10,0.1651145510282169,0.23816302512825702,-0.07304847410004012,5.57,1.8,1.0,0.008804359796768912,0.8860319075350872,2,2026-02-21 17:00:00,2026-02-21 23:00:00,t2-direct-60103e48d3
2026-02-22 04:00:00,2026-02-22 10:00:00,11,0.3375574353250229,0.2660114580335458,0.0715459772914771,5.82,3.6,1.0,0.04727002342773007,0.9581021698915895,2,2026-02-21 17:00:00,2026-02-21 23:00:00,t2-direct-60103e48d3
2026-02-22 05:00:00,2026-02-22 11:00:00,12,0.44620803015465255,0.5042119958478394,-0.05800396569318683,7.27,5.2,1.0,0.03512447691967813,0.9673601253219946,2,2026-02-21 17:00:00,2026-02-21 23:00:00,t2-direct-60103e48d3
2026-02-22 06:00:00,2026-02-22 12:00:00,13,0.48831951560754516,0.15516402348512762,0.3331554921224176,4.81,6.6,2.0,0.01440237748544032,0.9836337067106251,2,2026-02-21 17:00:00,2026-02-21 23:00:00,t2-direct-60103e48d3
2026-02-22 07:00:00,2026-02-22 13:00:00,14,0.5783196479846914,0.40381806263584447,0.1745015853488469,6.83,7.9,2.0,0.03839352053094125,0.9845446909298761,2,2026-02-21 17:00:00,2026-02-21 23:00:00,t2-direct-60103e48d3
2026-02-22 08:00:00,2026-02-22 14:00:00,15,0.6866491776212691,0.6006827577984732,0.08596641982279585,7.9,9.2,2.0,0.2289928567223029,0.9719192983376834,2,2026-02-21 17:00:00,2026-02-21 23:00:00,t2-direct-60103e48d3
2026-02-22 09:00:00,2026-02-22 15:00:00,16,0.8492941665211766,0.6540050780545101,0.19528908846666648,8.31,9.6,2.0,0.36613733352394906,0.9663883997952031,2,2026-02-21 17:00:00,2026-02-21 23:00:00,t2-direct-60103e48d3
2026-02-22 10:00:00,2026-02-22 16:00:00,17,0.9113244508373562,0.6513801159733519,0.25994433486400437,8.29,9.6,2.0,0.362191368715135,0.9607525830170676,2,2026-02-21 17:00:00,2026-02-21 23:00:00,t2-direct-60103e48d3
2026-02-22 11:00:00,2026-02-22 17:00:00,18,0.8740195929918146,0.5984232848153279,0.2755963081764867,7.88,8.9,2.0,0.3769254959000958,0.9663170999247332,2,2026-02-21 17:00:00,2026-02-21 23:00:00,t2-direct-60103e48d3
2026-02-22 12:00:00,2026-02-22 18:00:00,19,0.7443269436879495,0.5606438817820415,0.183683061905908,7.62,6.9,2.0,0.19700768288795967,0.9732185648568306,2,2026-02-21 17:00:00,2026-02-21 23:00:00,t2-direct-60103e48d3
2026-02-22 13:00:00,2026-02-22 19:00:00,20,0.5192206847635722,0.29300473617661205,0.22621594858696015,6.03,4.4,2.0,0.10507661709958305,0.9764887491991436,2,2026-02-21 17:00:00,2026-02-21 23:00:00,t2-direct-60103e48d3
2026-02-22 14:00:00,2026-02-22 20:00:00,21,0.4134282433939115,0.11715312810802592,0.29627511528588557,4.43,3.0,2.0,0.05800364352680648,0.9305987014375732,2,2026-02-21 17:00:00,2026-02-21 23:00:00,t2-direct-60103e48d3
2026-02-22 15:00:00,2026-02-22 21:00:00,22,0.30236218944957016,0.09460346797200209,0.20775872147756808,4.04,1.7,2.0,0.024372141168825523,0.8427375713529975,2,2026-02-21 17:00:00,2026-02-21 23:00:00,t2-direct-60103e48d3
2026-02-22 16:00:00,2026-02-22 22:00:00,23,0.25214079952304524,0.09624225352480577,0.1558985459982395,4.09,0.7,2.0,0.019444037835090744,0.7797510790998349,2,2026-02-21 17:00:00,2026-02-21 23:00:00,t2-direct-60103e48d3
2026-02-22 17:00:00,2026-02-22 23:00:00,24,0.24382985437651195,0.10466587209127795,0.139163982285234,4.3,0.7,2.0,0.02189691619799891,0.8019580047227088,2,2026-02-21 17:00:00,2026-02-21 23:00:00,t2-direct-60103e48d3
2026-02-22 18:00:00,2026-02-23 00:00:00,25,0.185569348588261,0.051069050691518084,0.1345002978967429,2.93,0.7,2.0,0.009286408230268967,0.8510930626468898,2,2026-02-21 17:00:00,2026-02-21 23:00:00,t2-direct-60103e48d3
2026-02-22 19:00:00,2026-02-23 01:00:00,26,0.21833024743212823,0.023018893949149632,0.1953113534829786,1.61,0.9,2.0,0.00411506222286992,0.8432080638378733,2,2026-02-21 17:00:00,2026-02-21 23:00:00,t2-direct-60103e48d3
2026-02-22 20:00:00,2026-02-23 02:00:00,27,0.1984447594767833,0.01984037533231737,0.17860438414446594,1.37,0.7,2.0,0.00720721143317965,0.7731275464268658,2,2026-02-21 17:00:00,2026-02-21 23:00:00,t2-direct-60103e48d3
2026-02-22 21:00:00,2026-02-23 03:00:00,28,0.11107429537324959,0.022215663239862418,0.08885863213338717,1.55,1.2,2.0,0.005115205955541935,0.6059465826300645,2,2026-02-21 17:00:00,2026-02-21 23:00:00,t2-direct-60103e48d3
2026-02-22 22:00:00,2026-02-23 04:00:00,29,0.04307635070824018,0.028113028505678078,0.014963322202562104,1.95,2.1,2.0,0.006046360830583533,0.43592006612822976,2,2026-02-21 17:00:00,2026-02-21 23:00:00,t2-direct-60103e48d3
2026-02-22 23:00:00,2026-02-23 05:00:00,30,0.0340934119603539,0.02892469103377328,0.005168720926580616,2.0,2.5,2.0,0.00705619653501335,0.3315768079023528,2,2026-02-21 17:00:00,2026-02-21 23:00:00,t2-direct-60103e48d3
2026-02-23 00:00:00,2026-02-23 06:00:00,31,0.019594652066780148,0.052762198014480594,-0.033167545947700446,3.0,2.4,2.0,0.007498344024631766,0.3160175444469552,2,2026-02-21 17:00:00,2026-02-21 23:00:00,t2-direct-60103e48d3
2026-02-23 01:00:00,2026-02-23 07:00:00,32,0.01968694718933934,0.08800362550776897,-0.06831667831842964,3.82,2.0,2.0,0.008361375817918482,0.31841483494362033,2,2026-02-21 17:00:00,2026-02-21 23:00:00,t2-direct-60103e48d3
2026-02-23 02:00:00,2026-02-23 08:00:00,33,0.026350265990928344,0.08003718430251236,-0.053686918311584016,3.65,2.0,2.0,0.008137570799317425,0.3402447564214728,2,2026-02-21 17:00:00,2026-02-21 23:00:00,t2-direct-60103e48d3
2026-02-23 03:00:00,2026-02-23 09:00:00,34,0.020555776829181915,0.06728506408624793,-0.046729287257066016,3.42,4.6,2.0,0.008294865751838144,0.2872998426328475,2,2026-02-21 17:00:00,2026-02-21 23:00:00,t2-direct-60103e48d3
2026-02-23 04:00:00,2026-02-23 10:00:00,35,0.026472883008974782,0.059171011768535065,-0.03269812875956028,3.26,7.0,2.0,0.00827510669267302,0.29573040500511916,2,2026-02-21 17:00:00,2026-02-21 23:00:00,t2-direct-60103e48d3
2026-02-23 05:00:00,2026-02-23 11:00:00,36,0.053912873703061234,0.07755448727965294,-0.02364161357659171,3.63,8.2,2.0,0.007731661308053958,0.35313941448356145,2,2026-02-21 17:00:00,2026-02-21 23:00:00,t2-direct-60103e48d3
2026-02-23 06:00:00,2026-02-23 12:00:00,37,0.11281686141733276,0.08595256485867678,0.02686429655865598,3.8,10.5,3.0,0.005101974389887937,0.6222780455819092,2,2026-02-21 17:00:00,2026-02-21 23:00:00,t2-direct-60103e48d3
2026-02-23 07:00:00,2026-02-23 13:00:00,38,0.22804006764363838,0.1229714026474509,0.10506866499618747,4.53,11.4,3.0,0.004233611814731086,0.7956242997493113,2,2026-02-21 17:00:00,2026-02-21 23:00:00,t2-direct-60103e48d3
2026-02-23 08:00:00,2026-02-23 14:00:00,39,0.396389611470746,0.21692059787623458,0.1794690135945114,5.45,11.6,3.0,0.016688537725616404,0.9569200935727222,2,2026-02-21 17:00:00,2026-02-21 23:00:00,t2-direct-60103e48d3
2026-02-23 09:00:00,2026-02-23 15:00:00,40,0.5329429279775034,0.2855730494023263,0.24736987857517712,6.02,10.9,3.0,0.03861600379662378,0.9920875415474851,2,2026-02-21 17:00:00,2026-02-21 23:00:00,t2-direct-60103e48d3
2026-02-23 10:00:00,2026-02-23 16:00:00,41,0.583988257625651,0.36064981044462663,0.22333844718102436,6.56,10.3,3.0,0.047308791036768216,0.9745119838476692,2,2026-02-21 17:00:00,2026-02-21 23:00:00,t2-direct-60103e48d3
2026-02-23 11:00:00,2026-02-23 17:00:00,42,0.4982442507806122,0.384205438832444,0.11403881194816817,6.71,9.3,3.0,0.02214898803630727,0.9386911956596369,2,2026-02-21 17:00:00,2026-02-21 23:00:00,t2-direct-60103e48d3
2026-02-23 12:00:00,2026-02-23 18:00:00,43,0.4869848697210076,0.4101593371369702,0.07682553258403735,6.86,7.5,3.0,0.0,0.9061862286393592,2,2026-02-21 17:00:00,2026-02-21 23:00:00,t2-direct-60103e48d3
2026-02-23 13:00:00,2026-02-23 19:00:00,44,0.532159786405512,0.6683941393985451,-0.1362343529930331,8.45,5.5,3.0,0.0149308892910206,0.9160986200556736,2,2026-02-21 17:00:00,2026-02-21 23:00:00,t2-direct-60103e48d3
2026-02-23 14:00:00,2026-02-23 20:00:00,45,0.6549975606214067,0.8404104022847629,-0.18541284166335625,9.62,4.4,3.0,0.11260575160467112,0.9666927554523067,2,2026-02-21 17:00:00,2026-02-21 23:00:00,t2-direct-60103e48d3
2026-02-23 15:00:00,2026-02-23 21:00:00,46,0.8053641113507478,0.90635121704384,-0.10098710569309222,10.96,3.9,3.0,0.2301855398180952,0.9726709582671695,2,2026-02-21 17:00:00,2026-02-21 23:00:00,t2-direct-60103e48d3
2026-02-23 16:00:00,2026-02-23 22:00:00,47,0.8336133881331282,0.8980117188737223,-0.06439833074059409,10.76,3.0,3.0,0.3100078782300857,0.9770341706199839,2,2026-02-21 17:00:00,2026-02-21 23:00:00,t2-direct-60103e48d3
2026-02-23 17:00:00,2026-02-23 23:00:00,48,0.8162217762704056,0.8808576072330937,-0.0646358309626881,10.22,1.9,3.0,0.2774180757642918,0.9768826765418787,2,2026-02-21 17:00:00,2026-02-21 23:00:00,t2-direct-60103e48d3
2026-02-22 18:00:00,2026-02-23 00:00:00,1,0.057270154831336136,0.02834563788104646,0.028924516950289674,1.96,0.4,1.0,0.0044044449932640825,0.40877509723944777,2,2026-02-22 17:00:00,2026-02-22 23:00:00,t2-direct-60103e48d3
2026-02-22 19:00:00,2026-02-23 01:00:00,2,0.03875587033900749,0.029523220700030408,0.009232649638977079,2.03,0.0,1.0,0.007263606452919284,0.39257474281771276,2,2026-02-22 17:00:00,2026-02-22 23:00:00,t2-direct-60103e48d3
2026-02-22 20:00:00,2026-02-23 02:00:00,3,0.040963208977898555,0.02250108223397671,0.018462126743921843,1.57,0.4,1.0,0.007712327702898383,0.3378219225052148,2,2026-02-22 17:00:00,2026-02-22 23:00:00,t2-direct-60103e48d3
2026-02-22 21:00:00,2026-02-23 03:00:00,4,0.03857929761194964,0.020885252570306975,0.017694045041642667,1.45,1.4,1.0,0.007473419804460871,0.36555077232640354,2,2026-02-22 17:00:00,2026-02-22 23:00:00,t2-direct-60103e48d3
2026-02-22 22:00:00,2026-02-23 04:00:00,5,0.03243000186937721,0.029098194961779893,0.0033318069075973164,2.01,2.3,1.0,0.0057914411834965596,0.3151794474364101,2,2026-02-22 17:00:00,2026-02-22 23:00:00,t2-direct-60103e48d3
2026-02-22 23:00:00,2026-02-23 05:00:00,6,0.023325032964343868,0.018333333333333333,0.004991699631010534,1.25,2.9,1.0,0.007175480181421005,0.29026180659812595,2,2026-02-22 17:00:00,2026-02-22 23:00:00,t2-direct-60103e48d3
2026-02-23 00:00:00,2026-02-23 06:00:00,7,0.019277641318107996,0.018333333333333333,0.000944307984774663,1.0,3.0,1.0,0.0070418450290594715,0.29134878978644063,2,2026-02-22 17:00:00,2026-02-22 23:00:00,t2-direct-60103e48d3
2026-02-23 01:00:00,2026-02-23 07:00:00,8,0.020400039694214958,0.032734660049783,-0.012334620355568045,2.23,2.4,1.0,0.005897729129900027,0.29284623369954577,2,2026-02-22 17:00:00,2026-02-22 23:00:00,t2-direct-60103e48d3
2026-02-23 02:00:00,2026-02-23 08:00:00,9,0.02445209941179531,0.09011774391591149,-0.06566564450411617,3.89,1.8,1.0,0.00906904184425522,0.3345253947429105,2,2026-02-22 17:00:00,2026-02-22 23:00:00,t2-direct-60103e48d3
2026-02-23 03:00:00,2026-02-23 09:00:00,10,0.024530479300423937,0.10145014087978362,-0.07691966157935967,4.28,3.7,1.0,0.008716117223293907,0.2894431358610031,2,2026-02-22 17:00:00,2026-02-22 23:00:00,t2-direct-60103e48d3
2026-02-23 04:00:00,2026-02-23 10:00:00,11,0.02632193010093578,0.09450320666633655,-0.06818127656540077,4.06,6.5,1.0,0.008442442864736627,0.3337291231589201,2,2026-02-22 17:00:00,2026-02-22 23:00:00,t2-direct-60103e48d3
2026-02-23 05:00:00,2026-02-23 11:00:00,12,0.05033720530271683,0.09338708194751784,-0.04304987664480101,4.03,8.1,1.0,0.008246475026592509,0.4418811561539899,2,2026-02-22 17:00:00,2026-02-22 23:00:00,t2-direct-60103e48d3
2026-02-23 06:00:00,2026-02-23 12:00:00,13,0.16291892862986126,0.16650374906877766,-0.003584820438916392,4.94,9.2,2.0,0.006604811151494194,0.6681282242517577,2,2026-02-22 17:00:00,2026-02-22 23:00:00,t2-direct-60103e48d3
2026-02-23 07:00:00,2026-02-23 13:00:00,14,0.3032967832257522,0.3277612020079641,-0.024464418782211894,6.33,9.3,2.0,0.005152892336013903,0.7783077015609954,2,2026-02-22 17:00:00,2026-02-22 23:00:00,t2-direct-60103e48d3
2026-02-23 08:00:00,2026-02-23 14:00:00,15,0.4242498606980931,0.3860544912516016,0.038195369446491545,6.72,9.0,2.0,0.02248453672173989,0.9223057595239977,2,2026-02-22 17:00:00,2026-02-22 23:00:00,t2-direct-60103e48d3
2026-02-23 09:00:00,2026-02-23 15:00:00,16,0.5313271975366259,0.5860191049339338,-0.05469190739730789,7.8,9.0,2.0,0.05188414725801438,0.9593074803401581,2,2026-02-22 17:00:00,2026-02-22 23:00:00,t2-direct-60103e48d3
2026-02-23 10:00:00,2026-02-23 16:00:00,17,0.6065600795071373,0.7155726665032264,-0.10901258699608907,8.98,7.8,2.0,0.09492874934381446,0.9757465439767153,2,2026-02-22 17:00:00,2026-02-22 23:00:00,t2-direct-60103e48d3
2026-02-23 11:00:00,2026-02-23 17:00:00,18,0.6841359795500579,0.8207868401974483,-0.1366508606473904,9.37,6.2,2.0,0.1961500018356102,0.9626862122402176,2,2026-02-22 17:00:00,2026-02-22 23:00:00,t2-direct-60103e48d3
2026-02-23 12:00:00,2026-02-23 18:00:00,19,0.7496319623836913,0.8626936079210581,-0.11306164553736675,9.95,4.8,2.0,0.2407238009980417,0.9716050344945791,2,2026-02-22 17:00:00,2026-02-22 23:00:00,t2-direct-60103e48d3
2026-02-23 13:00:00,2026-02-23 19:00:00,20,0.7933145469533164,0.8904365899891136,-0.09712204303579719,10.48,3.5,2.0,0.24156674439368298,0.9719190987902944,2,2026-02-22 17:00:00,2026-02-22 23:00:00,t2-direct-60103e48d3
2026-02-23 14:00:00,2026-02-23 20:00:00,21,0.8004375950447514,0.8857760828714313,-0.08533848782667985,10.31,2.5,2.0,0.29281849228488577,0.971927039479138,2,2026-02-22 17:00:00,2026-02-22 23:00:00,t2-direct-60103e48d3
2026-02-23 15:00:00,2026-02-23 21:00:00,22,0.8213945602735331,0.8864458991626404,-0.0650513388891073,10.31,1.6,2.0,0.3343612602682457,0.9729888862094963,2,2026-02-22 17:00:00,2026-02-22 23:00:00,t2-direct-60103e48d3
2026-02-23 16:00:00,2026-02-23 22:00:00,23,0.8985690149836869,0.888791788845611,0.009777226138075856,10.38,0.5,2.0,0.3847544939473906,0.9701202573504526,2,2026-02-22 17:00:00,2026-02-22 23:00:00,t2-direct-60103e48d3
2026-02-23 17:00:00,2026-02-23 23:00:00,24,0.9071914096199434,0.8626754318145617,0.044515977805381635,9.88,-1.0,2.0,0.4141133682827243,0.9726242121824846,2,2026-02-22 17:00:00,2026-02-22 23:00:00,t2-direct-60103e48d3
2026-02-23 18:00:00,2026-02-24 00:00:00,25,0.938887516288238,0.8407411245009081,0.09814639178732987,9.55,-2.0,2.0,0.5372642450255525,0.9794022076618287,2,2026-02-22 17:00:00,2026-02-22 23:00:00,t2-direct-60103e48d3
2026-02-23 19:00:00,2026-02-24 01:00:00,26,0.9180102067991526,0.8448336789402445,0.07317652785890805,9.6,-2.5,2.0,0.48851145667979906,0.9767351033756213,2,2026-02-22 17:00:00,2026-02-22 23:00:00,t2-direct-60103e48d3
2026-02-23 20:00:00,2026-02-24 02:00:00,27,0.8130650038060515,0.6782103286602462,0.1348546751458053,8.58,-2.4,2.0,0.34462467343297803,0.9736533465765117,2,2026-02-22 17:00:00,2026-02-22 23:00:00,t2-direct-60103e48d3
2026-02-23 21:00:00,2026-02-24 03:00:00,28,0.6797668871587754,0.643254223143944,0.03651266401483144,8.11,-2.4,2.0,0.27045408886230443,0.9758443570323455,2,2026-02-22 17:00:00,2026-02-22 23:00:00,t2-direct-60103e48d3
2026-02-23 22:00:00,2026-02-24 04:00:00,29,0.7290883612016834,0.6340649202044631,0.09502344099722027,8.04,-2.5,2.0,0.27963204385027657,0.9729332892136077,2,2026-02-22 17:00:00,2026-02-22 23:00:00,t2-direct-60103e48d3
2026-02-23 23:00:00,2026-02-24 05:00:00,30,0.7605057431300042,0.6689854003783774,0.0915203427516268,8.38,-2.6,2.0,0.3094590398641024,0.9804527001392019,2,2026-02-22 17:00:00,2026-02-22 23:00:00,t2-direct-60103e48d3
2026-02-24 00:00:00,2026-02-24 06:00:00,31,0.7460270732987734,0.7037088597145845,0.04231821358418886,8.82,-2.9,2.0,0.3430733607316544,0.9711640761208299,2,2026-02-22 17:00:00,2026-02-22 23:00:00,t2-direct-60103e48d3
2026-02-24 01:00:00,2026-02-24 07:00:00,32,0.6425534798887657,0.683952882590963,-0.04139940270219733,8.7,-2.7,2.0,0.2822382817645409,0.9694363489395498,2,2026-02-22 17:00:00,2026-02-22 23:00:00,t2-direct-60103e48d3
2026-02-24 02:00:00,2026-02-24 08:00:00,33,0.5485009521545617,0.6815223730413366,-0.13302142088677482,8.65,-2.5,2.0,0.194903266279716,0.9571901622738986,2,2026-02-22 17:00:00,2026-02-22 23:00:00,t2-direct-60103e48d3
2026-02-24 03:00:00,2026-02-24 09:00:00,34,0.48792156071695997,0.5067472351899593,-0.018825674472999376,7.22,-1.8,2.0,0.07484800420039933,0.9499522087961083,2,2026-02-22 17:00:00,2026-02-22 23:00:00,t2-direct-60103e48d3
2026-02-24 04:00:00,2026-02-24 10:00:00,35,0.4982598858546619,0.43869439027300255,0.059565495581659356,6.92,-0.9,2.0,0.04637588627593864,0.9375435047356604,2,2026-02-22 17:00:00,2026-02-22 23:00:00,t2-direct-60103e48d3
2026-02-24 05:00:00,2026-02-24 11:00:00,36,0.47228492277546613,0.387778016230571,0.08450690654489512,6.66,0.1,2.0,0.034245263010562244,0.8917062667916249,2,2026-02-22 17:00:00,2026-02-22 23:00:00,t2-direct-60103e48d3
2026-02-24 06:00:00,2026-02-24 12:00:00,37,0.45220564779738015,0.34223280445344606,0.10997284334393409,6.37,1.6,3.0,0.05235661278818221,0.8509316410642065,2,2026-02-22 17:00:00,2026-02-22 23:00:00,t2-direct-60103e48d3
2026-02-24 07:00:00,2026-02-24 13:00:00,38,0.427429632280228,0.30041652095465965,0.12701311132556836,6.07,2.2,3.0,0.03455144131657445,0.8071425940423849,2,2026-02-22 17:00:00,2026-02-22 23:00:00,t2-direct-60103e48d3
2026-02-24 08:00:00,2026-02-24 14:00:00,39,0.4274595635650217,0.26317747615143733,0.16428208741358435,5.79,2.4,3.0,0.042587976874281785,0.7942163646045999,2,2026-02-22 17:00:00,2026-02-22 23:00:00,t2-direct-60103e48d3
2026-02-24 09:00:00,2026-02-24 15:00:00,40,0.4181614680266227,0.23869608323865982,0.17946538478796287,5.58,2.6,3.0,0.044252484869928554,0.7718351788401316,2,2026-02-22 17:00:00,2026-02-22 23:00:00,t2-direct-60103e48d3
2026-02-24 10:00:00,2026-02-24 16:00:00,41,0.3977850263675785,0.18356324468857804,0.21422178167900047,5.07,2.1,3.0,0.03596307855192343,0.7734192003612909,2,2026-02-22 17:00:00,2026-02-22 23:00:00,t2-direct-60103e48d3
2026-02-24 11:00:00,2026-02-24 17:00:00,42,0.29738894426353013,0.13803016240321198,0.15935878186031815,4.62,1.7,3.0,0.02157284995687564,0.7807745600730596,2,2026-02-22 17:00:00,2026-02-22 23:00:00,t2-direct-60103e48d3
2026-02-24 12:00:00,2026-02-24 18:00:00,43,0.21475508649332384,0.0955567171481006,0.11919836934522324,4.07,1.3,3.0,0.0,0.6388819060817944,2,2026-02-22 17:00:00,2026-02-22 23:00:00,t2-direct-60103e48d3
2026-02-24 13:00:00,2026-02-24 19:00:00,44,0.1250004442099157,0.06893568466584357,0.05606475954407214,3.43,-0.5,3.0,0.008967420871350551,0.5179998449820084,2,2026-02-22 17:00:00,2026-02-22 23:00:00,t2-direct-60103e48d3
2026-02-24 14:00:00,2026-02-24 20:00:00,45,0.0933579812104983,0.04647196317204276,0.046886018038455546,2.75,-1.3,3.0,0.0095234850994083,0.43163970387470113,2,2026-02-22 17:00:00,2026-02-22 23:00:00,t2-direct-60103e48d3
2026-02-24 15:00:00,2026-02-24 21:00:00,46,0.0304489002038636,0.02678141468177393,0.0036674855220896717,1.86,-2.1,3.0,0.008914318200014211,0.3297391772742114,2,2026-02-22 17:00:00,2026-02-22 23:00:00,t2-direct-60103e48d3
2026-02-24 16:00:00,2026-02-24 22:00:00,47,0.010890746417864633,0.02336093351616335,-0.012470187098298715,1.63,-2.0,3.0,0.008682390495746789,0.15365239380716927,2,2026-02-22 17:00:00,2026-02-22 23:00:00,t2-direct-60103e48d3
2026-02-24 17:00:00,2026-02-24 23:00:00,48,0.03046261275666547,0.03077901359829148,-0.00031640084162600987,2.1,-2.2,3.0,0.007779193392563447,0.2430787901803772,2,2026-02-22 17:00:00,2026-02-22 23:00:00,t2-direct-60103e48d3
2026-02-23 18:00:00,2026-02-24 00:00:00,1,0.8901006890132682,0.8890607421676294,0.001039946845638795,10.38,-0.3,1.0,0.5337464535836398,0.9743809005918324,2,2026-02-23 17:00:00,2026-02-23 23:00:00,t2-direct-60103e48d3
2026-02-23 19:00:00,2026-02-24 01:00:00,2,0.9025156946760386,0.8670816032172513,0.0354340914587874,9.95,-1.3,1.0,0.5136162744614594,0.9743668772097761,2,2026-02-23 17:00:00,2026-02-23 23:00:00,t2-direct-60103e48d3
2026-02-23 20:00:00,2026-02-24 02:00:00,3,0.8916208039386256,0.775637975424374,0.11598282851425168,9.1,-2.0,1.0,0.457064219768406,0.9722525933216296,2,2026-02-23 17:00:00,2026-02-23 23:00:00,t2-direct-60103e48d3
2026-02-23 21:00:00,2026-02-24 03:00:00,4,0.7474702072022865,0.6712194720985869,0.07625073510369962,8.43,-2.4,1.0,0.3347552843192078,0.9732103497057317,2,2026-02-23 17:00:00,2026-02-23 23:00:00,t2-direct-60103e48d3
2026-02-23 22:00:00,2026-02-24 04:00:00,5,0.6648743355920288,0.6328649045476883,0.03200943104434051,8.03,-2.6,1.0,0.2899887631944498,0.9705000238851882,2,2026-02-23 17:00:00,2026-02-23 23:00:00,t2-direct-60103e48d3
2026-02-23 23:00:00,2026-02-24 05:00:00,6,0.583694674748233,0.614477105740378,-0.03078243099214495,7.89,-2.8,1.0,0.251370136969883,0.9638658015864461,2,2026-02-23 17:00:00,2026-02-23 23:00:00,t2-direct-60103e48d3
2026-02-24 00:00:00,2026-02-24 06:00:00,7,0.5043973762042973,0.4692312360481834,0.035166140156113856,7.04,-3.0,1.0,0.19834632578440753,0.9693586071102394,2,2026-02-23 17:00:00,2026-02-23 23:00:00,t2-direct-60103e48d3
2026-02-24 01:00:00,2026-02-24 07:00:00,8,0.49832966196683814,0.48897506229597276,0.009354599670865382,7.13,-2.9,1.0,0.16344430082804595,0.962069592888125,2,2026-02-23 17:00:00,2026-02-23 23:00:00,t2-direct-60103e48d3
2026-02-24 02:00:00,2026-02-24 08:00:00,9,0.4637039857911488,0.45777222891897534,0.005931756872173455,6.99,-2.8,1.0,0.11442902245326209,0.9594431718026658,2,2026-02-23 17:00:00,2026-02-23 23:00:00,t2-direct-60103e48d3
2026-02-24 03:00:00,2026-02-24 09:00:00,10,0.45160030646038357,0.39086393518077284,0.060736371279610735,6.66,-2.4,1.0,0.09776134055063884,0.9555410869362451,2,2026-02-23 17:00:00,2026-02-23 23:00:00,t2-direct-60103e48d3
2026-02-24 04:00:00,2026-02-24 10:00:00,11,0.46153496444209213,0.3810384490885347,0.08049651535355745,6.6,-1.8,1.0,0.08601925098891816,0.9372982600887647,2,2026-02-23 17:00:00,2026-02-23 23:00:00,t2-direct-60103e48d3
2026-02-24 05:00:00,2026-02-24 11:00:00,12,0.433249152357116,0.40110303830027744,0.03214611405683854,6.74,-0.9,1.0,0.09392942218668382,0.9290227557666086,2,2026-02-23 17:00:00,2026-02-23 23:00:00,t2-direct-60103e48d3
2026-02-24 06:00:00,2026-02-24 12:00:00,13,0.5318664141597943,0.48480448867003456,0.04706192548975974,7.14,0.4,2.0,0.09098120611441546,0.8965253063259843,2,2026-02-23 17:00:00,2026-02-23 23:00:00,t2-direct-60103e48d3
2026-02-24 07:00:00,2026-02-24 13:00:00,14,0.5089853016894624,0.40264859743001974,0.1063367042594427,6.77,1.5,2.0,0.05654081032917524,0.8736097333243205,2,2026-02-23 17:00:00,2026-02-23 23:00:00,t2-direct-60103e48d3
2026-02-24 08:00:00,2026-02-24 14:00:00,15,0.47115473626911586,0.3223029216795525,0.14885181458956337,6.23,1.5,2.0,0.055229707621471,0.8228870431369194,2,2026-02-23 17:00:00,2026-02-23 23:00:00,t2-direct-60103e48d3
2026-02-24 09:00:00,2026-02-24 15:00:00,16,0.4377579201445311,0.2532323596465108,0.18452556049802027,5.7,1.8,2.0,0.033558405364502164,0.7906713152351471,2,2026-02-23 17:00:00,2026-02-23 23:00:00,t2-direct-60103e48d3
2026-02-24 10:00:00,2026-02-24 16:00:00,17,0.4281400139075273,0.1718829756282263,0.256257038279301,4.95,1.7,2.0,0.028989430223639256,0.7711522392507596,2,2026-02-23 17:00:00,2026-02-23 23:00:00,t2-direct-60103e48d3
2026-02-24 11:00:00,2026-02-24 17:00:00,18,0.38039222221838054,0.12660284153646037,0.25378938068192014,4.51,1.3,2.0,0.02911342680452167,0.7337613023030174,2,2026-02-23 17:00:00,2026-02-23 23:00:00,t2-direct-60103e48d3
2026-02-24 12:00:00,2026-02-24 18:00:00,19,0.2665866027649338,0.08099164459177388,0.1855949581731599,3.66,0.2,2.0,0.008126969075214485,0.7522705404358414,2,2026-02-23 17:00:00,2026-02-23 23:00:00,t2-direct-60103e48d3
2026-02-24 13:00:00,2026-02-24 19:00:00,20,0.17458087282760257,0.04787494862420099,0.12670592420340157,2.8,-2.1,2.0,0.0006553432818346416,0.6299117846998129,2,2026-02-23 17:00:00,2026-02-23 23:00:00,t2-direct-60103e48d3
2026-02-24 14:00:00,2026-02-24 20:00:00,21,0.13971139706585556,0.026463714549796,0.11324768251605956,1.84,-2.5,2.0,0.008004798517587425,0.5163216198500948,2,2026-02-23 17:00:00,2026-02-23 23:00:00,t2-direct-60103e48d3
2026-02-24 15:00:00,2026-02-24 21:00:00,22,0.09065942554281664,0.018333333333333333,0.0723260922094833,0.81,-2.3,2.0,0.010570104834390581,0.38223292022757654,2,2026-02-23 17:00:00,2026-02-23 23:00:00,t2-direct-60103e48d3
2026-02-24 16:00:00,2026-02-24 22:00:00,23,0.06301945581469467,0.03062545112811973,0.03239400468657494,2.09,-2.5,2.0,0.011359426507123606,0.38807621729207886,2,2026-02-23 17:00:00,2026-02-23 23:00:00,t2-direct-60103e48d3
2026-02-24 17:00:00,2026-02-24 23:00:00,24,0.023374757068480693,0.05547077031960384,-0.03209601325112314,3.08,-3.5,2.0,0.009789475344771113,0.2043643144035171,2,2026-02-23 17:00:00,2026-02-23 23:00:00,t2-direct-60103e48d3
2026-02-24 18:00:00,2026-02-25 00:00:00,25,0.01131417872425946,0.03202867310615143,-0.02071449438189197,2.17,-4.1,2.0,0.008521121367379404,0.11121002944061484,2,2026-02-23 17:00:00,2026-02-23 23:00:00,t2-direct-60103e48d3
2026-02-24 19:00:00,2026-02-25 01:00:00,26,0.012129747148009016,0.02619824092469554,-0.014068493776686524,1.82,-4.3,2.0,0.008429116167993083,0.0969414504468598,2,2026-02-23 17:00:00,2026-02-23 23:00:00,t2-direct-60103e48d3
2026-02-24 20:00:00,2026-02-25 02:00:00,27,0.01801892853065129,0.0480684563743401,-0.030049527843688813,2.8,-4.2,2.0,0.007989465571499602,0.17327677576900674,2,2026-02-23 17:00:00,2026-02-23 23:00:00,t2-direct-60103e48d3
2026-02-24 21:00:00,2026-02-25 03:00:00,28,0.018249200893097058,0.0895008809245202,-0.07125168003142314,3.84,-4.4,2.0,0.008305421973511232,0.20535495082819946,2,2026-02-23 17:00:00,2026-02-23 23:00:00,t2-direct-60103e48d3
2026-02-24 22:00:00,2026-02-25 04:00:00,29,0.02053429543245371,0.16756738145464123,-0.1470330860221875,4.87,-4.4,2.0,0.008737480560291807,0.2932076456531657,2,2026-02-23 17:00:00,2026-02-23 23:00:00,t2-direct-60103e48d3
2026-02-24 23:00:00,2026-02-25 05:00:00,30,0.06913667765929846,0.22517792068748116,-0.1560412430281827,5.42,-3.9,2.0,0.007076952838626804,0.48007722252605833,2,2026-02-23 17:00:00,2026-02-23 23:00:00,t2-direct-60103e48d3
2026-02-25 00:00:00,2026-02-25 06:00:00,31,0.10246096367853273,0.26356128790837285,-0.1611003242298401,5.75,-3.7,2.0,0.010251669899620022,0.5612102133630235,2,2026-02-23 17:00:00,2026-02-23 23:00:00,t2-direct-60103e48d3
2026-02-25 01:00:00,2026-02-25 07:00:00,32,0.14034601248420495,0.3169104789512741,-0.17656446646706916,6.15,-3.7,2.0,0.007901111736998812,0.6858521253692437,2,2026-02-23 17:00:00,2026-02-23 23:00:00,t2-direct-60103e48d3
2026-02-25 02:00:00,2026-02-25 08:00:00,33,0.220660765896531,0.35734872504957643,-0.13668795915304544,6.43,-3.5,2.0,0.004473128566192058,0.7993359047018569,2,2026-02-23 17:00:00,2026-02-23 23:00:00,t2-direct-60103e48d3
2026-02-25 03:00:00,2026-02-25 09:00:00,34,0.4381741628935715,0.35239986113001787,0.0857743017635536,6.41,-1.9,2.0,0.01653905346215362,0.9017726286331726,2,2026-02-23 17:00:00,2026-02-23 23:00:00,t2-direct-60103e48d3
2026-02-25 04:00:00,2026-02-25 10:00:00,35,0.5204027500359333,0.3563046680648869,0.16409808197104636,6.45,-0.1,2.0,0.05572521633383071,0.9627342488864317,2,2026-02-23 17:00:00,2026-02-23 23:00:00,t2-direct-60103e48d3
2026-02-25 05:00:00,2026-02-25 11:00:00,36,0.7307362803167398,0.4353203714563296,0.29541590886041014,6.93,2.1,2.0,0.08437153741104586,0.9752353683191435,2,2026-02-23 17:00:00,2026-02-23 23:00:00,t2-direct-60103e48d3
2026-02-25 06:00:00,2026-02-25 12:00:00,37,0.7294149578461372,0.5137545312556028,0.21566042659053442,7.31,4.8,3.0,0.09922069323621074,0.9693497591841289,2,2026-02-23 17:00:00,2026-02-23 23:00:00,t2-direct-60103e48d3
2026-02-25 07:00:00,2026-02-25 13:00:00,38,0.7007463307407062,0.4110096135869085,0.28973671715379773,6.85,5.8,3.0,0.09826825740645773,0.9377488073795186,2,2026-02-23 17:00:00,2026-02-23 23:00:00,t2-direct-60103e48d3
2026-02-25 08:00:00,2026-02-25 14:00:00,39,0.6331944084326275,0.2891281544352027,0.34406625399742485,6.01,5.7,3.0,0.09289366897519147,0.9478899318798104,2,2026-02-23 17:00:00,2026-02-23 23:00:00,t2-direct-60103e48d3
2026-02-25 09:00:00,2026-02-25 15:00:00,40,0.584951649344213,0.30343960634311523,0.2815120430010977,6.12,5.9,3.0,0.07496693861933879,0.9222822652839211,2,2026-02-23 17:00:00,2026-02-23 23:00:00,t2-direct-60103e48d3
2026-02-25 10:00:00,2026-02-25 16:00:00,41,0.44509139692677435,0.30401866481550366,0.1410727321112707,6.12,5.3,3.0,0.042876983125756774,0.9125180112205912,2,2026-02-23 17:00:00,2026-02-23 23:00:00,t2-direct-60103e48d3
2026-02-25 11:00:00,2026-02-25 17:00:00,42,0.3606665606515025,0.31105410034968467,0.04961246030181782,6.16,3.5,3.0,0.021624826428084776,0.89708112455174,2,2026-02-23 17:00:00,2026-02-23 23:00:00,t2-direct-60103e48d3
2026-02-25 12:00:00,2026-02-25 18:00:00,43,0.3228958196021775,0.16539152796267986,0.15750429163949764,4.89,2.6,3.0,0.010068941349807847,0.8953048254424864,2,2026-02-23 17:00:00,2026-02-23 23:00:00,t2-direct-60103e48d3
2026-02-25 13:00:00,2026-02-25 19:00:00,44,0.29922735699857883,0.15703529194643925,0.14219206505213958,4.8,1.6,3.0,0.021046421296421647,0.8834479341736053,2,2026-02-23 17:00:00,2026-02-23 23:00:00,t2-direct-60103e48d3
2026-02-25 14:00:00,2026-02-25 20:00:00,45,0.34087631315213396,0.1064540152485238,0.23442229790361016,4.32,1.3,3.0,0.02218303397643201,0.8832555585475439,2,2026-02-23 17:00:00,2026-02-23 23:00:00,t2-direct-60103e48d3
2026-02-25 15:00:00,2026-02-25 21:00:00,46,0.3718298538729057,0.12571638213116226,0.24611347174174342,4.5,1.0,3.0,0.030281082407980275,0.9471841859721098,2,2026-02-23 17:00:00,2026-02-23 23:00:00,t2-direct-60103e48d3
2026-02-25 16:00:00,2026-02-25 22:00:00,47,0.4559821434607491,0.1942438589306068,0.2617382845301423,5.17,0.9,3.0,0.04209130041013914,1.0,2,2026-02-23 17:00:00,2026-02-23 23:00:00,t2-direct-60103e48d3
2026-02-25 17:00:00,2026-02-25 23:00:00,48,0.6152525308191079,0.26720356425192143,0.3480489665671865,5.81,0.9,3.0,0.08907198299266661,1.0,2,2026-02-23 17:00:00,2026-02-23 23:00:00,t2-direct-60103e48d3
2026-02-24 18:00:00,2026-02-25 00:00:00,1,0.01060214031353031,0.025757351536249005,-0.015155211222718694,1.8,-1.4,1.0,0.008471125221989716,0.06252165659944522,2,2026-02-24 17:00:00,2026-02-24 23:00:00,t2-direct-60103e48d3
2026-02-24 19:00:00,2026-02-25 01:00:00,2,0.010962289466465693,0.021081648405669534,-0.010119358939203842,1.46,-1.3,1.0,0.008164777648483376,0.039648327637496414,2,2026-02-24 17:00:00,2026-02-24 23:00:00,t2-direct-60103e48d3
2026-02-24 20:00:00,2026-02-25 02:00:00,3,0.011009686147928039,0.01935942783120579,-0.008349741683277751,1.33,-1.6,1.0,0.008271293429715974,0.06099295350663812,2,2026-02-24 17:00:00,2026-02-24 23:00:00,t2-direct-60103e48d3
2026-02-24 21:00:00,2026-02-25 03:00:00,4,0.018555193873226947,0.03160665317158455,-0.013051459298357604,2.15,-2.1,1.0,0.007990217450540817,0.10586804790780913,2,2026-02-24 17:00:00,2026-02-24 23:00:00,t2-direct-60103e48d3
2026-02-24 22:00:00,2026-02-25 04:00:00,5,0.011932195433511013,0.06552256330601712,-0.05359036787250611,3.36,-1.9,1.0,0.008173830397339522,0.10312020103378938,2,2026-02-24 17:00:00,2026-02-24 23:00:00,t2-direct-60103e48d3
2026-02-24 23:00:00,2026-02-25 05:00:00,6,0.009338450153199035,0.06778544255531548,-0.05844699240211644,3.4,-2.5,1.0,0.008755402505279581,0.07742366820689853,2,2026-02-24 17:00:00,2026-02-24 23:00:00,t2-direct-60103e48d3
2026-02-25 00:00:00,2026-02-25 06:00:00,7,0.0156339231741474,0.08514485958014315,-0.06951093640599575,3.73,-1.6,1.0,0.00876859727011736,0.11864339827157826,2,2026-02-24 17:00:00,2026-02-24 23:00:00,t2-direct-60103e48d3
2026-02-25 01:00:00,2026-02-25 07:00:00,8,0.051099156282752134,0.07936260292691924,-0.028263446644167106,3.62,-1.9,1.0,0.0075008628462284385,0.21989272102505467,2,2026-02-24 17:00:00,2026-02-24 23:00:00,t2-direct-60103e48d3
2026-02-25 02:00:00,2026-02-25 08:00:00,9,0.051922335574974596,0.0908703376580378,-0.038948002083063205,3.9,-1.4,1.0,0.008675276787062612,0.3449298488395251,2,2026-02-24 17:00:00,2026-02-24 23:00:00,t2-direct-60103e48d3
2026-02-25 03:00:00,2026-02-25 09:00:00,10,0.08287000644032948,0.08890625463590923,-0.006036248195579755,3.84,-0.2,1.0,0.0075432774203211955,0.398732428950083,2,2026-02-24 17:00:00,2026-02-24 23:00:00,t2-direct-60103e48d3
2026-02-25 04:00:00,2026-02-25 10:00:00,11,0.07959349395427746,0.06013693552062764,0.019456558433649823,3.27,0.9,1.0,0.007023814824414096,0.40537326337922,2,2026-02-24 17:00:00,2026-02-24 23:00:00,t2-direct-60103e48d3
2026-02-25 05:00:00,2026-02-25 11:00:00,12,0.17776161595603684,0.05307522205283516,0.12468639390320169,3.01,1.9,1.0,0.004835630903489541,0.6855982116756829,2,2026-02-24 17:00:00,2026-02-24 23:00:00,t2-direct-60103e48d3
2026-02-25 06:00:00,2026-02-25 12:00:00,13,0.45780747834554864,0.40636728282545964,0.051440195520088994,6.81,3.5,2.0,0.04545069955441339,0.932678563321004,2,2026-02-24 17:00:00,2026-02-24 23:00:00,t2-direct-60103e48d3
2026-02-25 07:00:00,2026-02-25 13:00:00,14,0.6578882030666544,0.4241438533621139,0.2337443497045405,6.9,4.6,2.0,0.10835868032017248,0.9447377833008617,2,2026-02-24 17:00:00,2026-02-24 23:00:00,t2-direct-60103e48d3
2026-02-25 08:00:00,2026-02-25 14:00:00,15,0.5834204841022482,0.3486966888631009,0.23472379523914733,6.44,5.1,2.0,0.10210258702825015,0.8919716117157545,2,2026-02-24 17:00:00,2026-02-24 23:00:00,t2-direct-60103e48d3
2026-02-25 09:00:00,2026-02-25 15:00:00,16,0.42011371660414787,0.2786730733315815,0.1414406432725664,5.93,5.6,2.0,0.047292701163820894,0.8376424177993202,2,2026-02-24 17:00:00,2026-02-24 23:00:00,t2-direct-60103e48d3
2026-02-25 10:00:00,2026-02-25 16:00:00,17,0.3568020003259291,0.2069568199975862,0.14984518032834293,5.32,4.8,2.0,0.02344822978497796,0.8014105782155374,2,2026-02-24 17:00:00,2026-02-24 23:00:00,t2-direct-60103e48d3
2026-02-25 11:00:00,2026-02-25 17:00:00,18,0.21060241427996393,0.21925930859477452,-0.008656894314810593,5.42,3.8,2.0,0.004481621101139449,0.6834573751905922,2,2026-02-24 17:00:00,2026-02-24 23:00:00,t2-direct-60103e48d3
2026-02-25 12:00:00,2026-02-25 18:00:00,19,0.14207184534498962,0.05144783427177502,0.0906240110732146,2.95,2.3,2.0,0.007985093511374441,0.5644508209902295,2,2026-02-24 17:00:00,2026-02-24 23:00:00,t2-direct-60103e48d3
2026-02-25 13:00:00,2026-02-25 19:00:00,20,0.15409925140616837,0.06632816564360267,0.0877710857625657,3.39,1.7,2.0,0.003891860097711447,0.5440385849485162,2,2026-02-24 17:00:00,2026-02-24 23:00:00,t2-direct-60103e48d3
2026-02-25 14:00:00,2026-02-25 20:00:00,21,0.18666099088937255,0.09169366964820237,0.09496732124117017,3.94,1.2,2.0,0.0058261203178223975,0.6252658974266108,2,2026-02-24 17:00:00,2026-02-24 23:00:00,t2-direct-60103e48d3
2026-02-25 15:00:00,2026-02-25 21:00:00,22,0.25423464050696437,0.1509324902064647,0.10330215030049966,4.74,1.4,2.0,0.011483277237523903,0.7654896399350355,2,2026-02-24 17:00:00,2026-02-24 23:00:00,t2-direct-60103e48d3
2026-02-25 16:00:00,2026-02-25 22:00:00,23,0.4741721174107732,0.2050671075728876,0.2691050098378856,5.28,1.1,2.0,0.07628092940917713,0.9653116830060697,2,2026-02-24 17:00:00,2026-02-24 23:00:00,t2-direct-60103e48d3
2026-02-25 17:00:00,2026-02-25 23:00:00,24,0.5745642310109801,0.3331841515151268,0.24138007949585327,6.3,0.3,2.0,0.12693730808235193,1.0,2,2026-02-24 17:00:00,2026-02-24 23:00:00,t2-direct-60103e48d3
2026-02-25 18:00:00,2026-02-26 00:00:00,25,0.5530789856524118,0.5048546324008911,0.048224353251520635,7.23,0.3,2.0,0.16009083092542198,0.9862837810872049,2,2026-02-24 17:00:00,2026-02-24 23:00:00,t2-direct-60103e48d3
2026-02-25 19:00:00,2026-02-26 01:00:00,26,0.6275012749622101,0.444532114138036,0.18296916082417408,6.96,0.7,2.0,0.19492510713314387,0.9797688370052038,2,2026-02-24 17:00:00,2026-02-24 23:00:00,t2-direct-60103e48d3
2026-02-25 20:00:00,2026-02-26 02:00:00,27,0.6555204540315731,0.488639837724378,0.16688061630719508,7.16,0.7,2.0,0.21953893703668576,0.9789547894370618,2,2026-02-24 17:00:00,2026-02-24 23:00:00,t2-direct-60103e48d3
2026-02-25 21:00:00,2026-02-26 03:00:00,28,0.7881934740441531,0.5197486293570064,0.2684448446871467,7.31,1.1,2.0,0.2548968498327602,0.9714743061824893,2,2026-02-24 17:00:00,2026-02-24 23:00:00,t2-direct-60103e48d3
2026-02-25 22:00:00,2026-02-26 04:00:00,29,0.8246873774557457,0.5534523747233515,0.2712350027323942,7.52,0.9,2.0,0.24355321521423834,0.9673048336908362,2,2026-02-24 17:00:00,2026-02-24 23:00:00,t2-direct-60103e48d3
2026-02-25 23:00:00,2026-02-26 05:00:00,30,0.6077274003853731,0.4990865520267435,0.10864084835862958,7.21,1.0,2.0,0.16393281974732948,0.9847838057089078,2,2026-02-24 17:00:00,2026-02-24 23:00:00,t2-direct-60103e48d3
2026-02-26 00:00:00,2026-02-26 06:00:00,31,0.6260110663131804,0.2683421138688758,0.3576689524443046,5.82,1.1,2.0,0.18594609539168844,0.9722988955703191,2,2026-02-24 17:00:00,2026-02-24 23:00:00,t2-direct-60103e48d3
2026-02-26 01:00:00,2026-02-26 07:00:00,32,0.6725619344441346,0.45518287233002136,0.21737906211411323,7.01,0.9,2.0,0.2077918116329016,0.9879588035236632,2,2026-02-24 17:00:00,2026-02-24 23:00:00,t2-direct-60103e48d3
2026-02-26 02:00:00,2026-02-26 08:00:00,33,0.6028955274542516,0.4686016197260797,0.13429390772817185,7.07,0.8,2.0,0.18789082052704764,0.9879432102690835,2,2026-02-24 17:00:00,2026-02-24 23:00:00,t2-direct-60103e48d3
2026-02-26 03:00:00,2026-02-26 09:00:00,34,0.6187485565137278,0.39148405767044914,0.2272644988432787,6.7,2.0,2.0,0.1591881690889222,0.9940375413586193,2,2026-02-24 17:00:00,2026-02-24 23:00:00,t2-direct-60103e48d3
2026-02-26 04:00:00,2026-02-26 10:00:00,35,0.45856434846337657,0.04735963628272376,0.4112047121806528,2.8,3.6,2.0,0.05305995616823711,1.0,2,2026-02-24 17:00:00,2026-02-24 23:00:00,t2-direct-60103e48d3
2026-02-26 05:00:00,2026-02-26 11:00:00,36,0.23954054915873488,0.5763403544814243,-0.3367998053226894,7.7,4.8,2.0,0.011160593680777209,0.8035857449910313,2,2026-02-24 17:00:00,2026-02-24 23:00:00,t2-direct-60103e48d3
2026-02-26 06:00:00,2026-02-26 12:00:00,37,0.1796113391585756,0.16678576358973995,0.012825575568835651,4.92,5.3,3.0,0.0,0.7624875889579519,2,2026-02-24 17:00:00,2026-02-24 23:00:00,t2-direct-60103e48d3
2026-02-26 07:00:00,2026-02-26 13:00:00,38,0.13217307185590904,0.6503266216130484,-0.5181535497571395,8.22,3.3,3.0,0.003119833226738311,0.6765708005390281,2,2026-02-24 17:00:00,2026-02-24 23:00:00,t2-direct-60103e48d3
2026-02-26 08:00:00,2026-02-26 14:00:00,39,0.21735065293146938,0.17528491312774755,0.04206573980372183,4.98,1.0,3.0,0.005530187445177276,0.7910334044693191,2,2026-02-24 17:00:00,2026-02-24 23:00:00,t2-direct-60103e48d3
2026-02-26 09:00:00,2026-02-26 15:00:00,40,0.28115782208912343,0.0634059069086483,0.21775191518047515,3.33,0.5,3.0,0.016527519527230916,0.9377943352454164,2,2026-02-24 17:00:00,2026-02-24 23:00:00,t2-direct-60103e48d3
2026-02-26 10:00:00,2026-02-26 16:00:00,41,0.5105195499726631,0.04151790453146807,0.46900164544119505,2.57,0.7,3.0,0.05832509881349168,0.9669922494987498,2,2026-02-24 17:00:00,2026-02-24 23:00:00,t2-direct-60103e48d3
2026-02-26 11:00:00,2026-02-26 17:00:00,42,0.6238828765121911,0.2049578918196316,0.4189249846925595,5.27,-0.3,3.0,0.13908585838523935,0.9998013622874504,2,2026-02-24 17:00:00,2026-02-24 23:00:00,t2-direct-60103e48d3
2026-02-26 12:00:00,2026-02-26 18:00:00,43,0.7642051348741464,0.8096385530257764,-0.045433418151629934,9.23,-1.8,3.0,0.20225588169487352,0.9732679096151722,2,2026-02-24 17:00:00,2026-02-24 23:00:00,t2-direct-60103e48d3
2026-02-26 13:00:00,2026-02-26 19:00:00,44,0.902671137694776,0.8412575231801661,0.061413614514609915,9.55,-2.6,3.0,0.5447436975878714,0.9756436352574607,2,2026-02-24 17:00:00,2026-02-24 23:00:00,t2-direct-60103e48d3
2026-02-26 14:00:00,2026-02-26 20:00:00,45,0.8474157249584969,0.8806218263932343,-0.033206101434737345,10.15,-3.4,3.0,0.5649630479655394,0.974668477521224,2,2026-02-24 17:00:00,2026-02-24 23:00:00,t2-direct-60103e48d3
2026-02-26 15:00:00,2026-02-26 21:00:00,46,0.898694830195591,0.633116971757651,0.26557785843794,8.02,-3.8,3.0,0.3529795191557029,0.9772255552693171,2,2026-02-24 17:00:00,2026-02-24 23:00:00,t2-direct-60103e48d3
2026-02-26 16:00:00,2026-02-26 22:00:00,47,0.8633704117936222,0.6441895624939842,0.219180849299638,8.1,-4.1,3.0,0.32756558257418733,0.9700600627686983,2,2026-02-24 17:00:00,2026-02-24 23:00:00,t2-direct-60103e48d3
2026-02-26 17:00:00,2026-02-26 23:00:00,48,0.7778677778325298,0.5979989026658837,0.17986887516664607,7.75,-4.5,3.0,0.34240797345653273,0.9728694561469533,2,2026-02-24 17:00:00,2026-02-24 23:00:00,t2-direct-60103e48d3
2026-02-25 18:00:00,2026-02-26 00:00:00,1,0.4365955635005701,0.42027731159691945,0.01631825190365066,6.84,-0.5,1.0,0.0830508402860125,0.9923908677847622,2,2026-02-25 17:00:00,2026-02-25 23:00:00,t2-direct-60103e48d3
2026-02-25 19:00:00,2026-02-26 01:00:00,2,0.6008290644388729,0.518546903893267,0.08228216054560589,7.29,-0.3,1.0,0.23516809130422678,0.9947888332911514,2,2026-02-25 17:00:00,2026-02-25 23:00:00,t2-direct-60103e48d3
2026-02-25 20:00:00,2026-02-26 02:00:00,3,0.7079245380167282,0.5735870202304528,0.13433751778627534,7.64,0.2,1.0,0.23580731922649006,0.9770933372823236,2,2026-02-25 17:00:00,2026-02-25 23:00:00,t2-direct-60103e48d3
2026-02-25 21:00:00,2026-02-26 03:00:00,4,0.7013390986577692,0.5811033850998546,0.12023571355791463,7.69,0.5,1.0,0.2065516351629958,0.9765168574637489,2,2026-02-25 17:00:00,2026-02-25 23:00:00,t2-direct-60103e48d3
2026-02-25 22:00:00,2026-02-26 04:00:00,5,0.5716170153044653,0.3915698386765351,0.18004717662793018,6.69,0.7,1.0,0.17772960489502754,0.9796962667574802,2,2026-02-25 17:00:00,2026-02-25 23:00:00,t2-direct-60103e48d3
2026-02-25 23:00:00,2026-02-26 05:00:00,6,0.5638892725276761,0.2623225022541684,0.30156677027350764,5.77,0.6,1.0,0.18345171144438072,0.9750296504643201,2,2026-02-25 17:00:00,2026-02-25 23:00:00,t2-direct-60103e48d3
2026-02-26 00:00:00,2026-02-26 06:00:00,7,0.5546753855072372,0.3350424577092509,0.21963292779798627,6.31,0.0,1.0,0.1911112637612764,0.9755638971461702,2,2026-02-25 17:00:00,2026-02-25 23:00:00,t2-direct-60103e48d3
2026-02-26 01:00:00,2026-02-26 07:00:00,8,0.4881455873488636,0.29100741306082817,0.19713817428803543,5.98,-0.4,1.0,0.1797758398089881,0.9875617563500425,2,2026-02-25 17:00:00,2026-02-25 23:00:00,t2-direct-60103e48d3
2026-02-26 02:00:00,2026-02-26 08:00:00,9,0.5747127413955376,0.233691343219306,0.3410213981762316,5.52,0.1,1.0,0.14982984856261294,0.9656270445763442,2,2026-02-25 17:00:00,2026-02-25 23:00:00,t2-direct-60103e48d3
2026-02-26 03:00:00,2026-02-26 09:00:00,10,0.25814469842335785,0.1872194893476932,0.07092520907566466,5.1,1.0,1.0,0.024361438116231954,0.9131547739649375,2,2026-02-25 17:00:00,2026-02-25 23:00:00,t2-direct-60103e48d3
2026-02-26 04:00:00,2026-02-26 10:00:00,11,0.13267387405756528,0.09119664856196313,0.04147722549560215,3.93,2.6,1.0,0.005582154097179853,0.688845461626721,2,2026-02-25 17:00:00,2026-02-25 23:00:00,t2-direct-60103e48d3
2026-02-26 05:00:00,2026-02-26 11:00:00,12,0.23755830597201355,0.032159302793465024,0.20539900317854853,2.2,4.2,1.0,0.013018030066006825,0.8763410150673515,2,2026-02-25 17:00:00,2026-02-25 23:00:00,t2-direct-60103e48d3
2026-02-26 06:00:00,2026-02-26 12:00:00,13,0.34483800127461367,0.47393756334626885,-0.12909956207165518,7.12,3.8,2.0,0.014641360319057217,0.8637161074176531,2,2026-02-25 17:00:00,2026-02-25 23:00:00,t2-direct-60103e48d3
2026-02-26 07:00:00,2026-02-26 13:00:00,14,0.3413639178315768,0.24403792125301085,0.09732599657856597,5.62,1.7,2.0,0.027777126786402595,0.9584684125998238,2,2026-02-25 17:00:00,2026-02-25 23:00:00,t2-direct-60103e48d3
2026-02-26 08:00:00,2026-02-26 14:00:00,15,0.26773445185079137,0.23672256740028708,0.03101188445050429,5.54,-0.8,2.0,0.014407527738810377,0.8144850512053741,2,2026-02-25 17:00:00,2026-02-25 23:00:00,t2-direct-60103e48d3
2026-02-26 09:00:00,2026-02-26 15:00:00,16,0.2936115228982912,0.12108201952604636,0.17252950337224482,4.44,-2.0,2.0,0.01264773358739929,0.8270050931532245,2,2026-02-25 17:00:00,2026-02-25 23:00:00,t2-direct-60103e48d3
2026-02-26 10:00:00,2026-02-26 16:00:00,17,0.3306853734186653,0.12326991075800445,0.20741546266066083,4.46,-2.1,2.0,0.0199629231416234,0.850928367697934,2,2026-02-25 17:00:00,2026-02-25 23:00:00,t2-direct-60103e48d3
2026-02-26 11:00:00,2026-02-26 17:00:00,18,0.40836281438893285,0.09213969670445252,0.3162231176844803,3.94,-1.9,2.0,0.06684479587435649,0.8973731645813228,2,2026-02-25 17:00:00,2026-02-25 23:00:00,t2-direct-60103e48d3
2026-02-26 12:00:00,2026-02-26 18:00:00,19,0.4362991833085257,0.44278358792339034,-0.006484404614864658,6.93,-1.9,2.0,0.06131261482176498,0.9385661372638192,2,2026-02-25 17:00:00,2026-02-25 23:00:00,t2-direct-60103e48d3
2026-02-26 13:00:00,2026-02-26 19:00:00,20,0.59360327503726,0.6388623539587097,-0.04525907892144976,8.08,-2.1,2.0,0.10573402920340685,0.9539313202839967,2,2026-02-25 17:00:00,2026-02-25 23:00:00,t2-direct-60103e48d3
2026-02-26 14:00:00,2026-02-26 20:00:00,21,0.6443007503115097,0.6641336434584713,-0.019832893146961572,8.28,-2.2,2.0,0.24083590517210735,0.9445393025450067,2,2026-02-25 17:00:00,2026-02-25 23:00:00,t2-direct-60103e48d3
2026-02-26 15:00:00,2026-02-26 21:00:00,22,0.7304234558350398,0.6298070233452291,0.10061643248981067,8.01,-2.3,2.0,0.2618275567060184,0.9673292101315447,2,2026-02-25 17:00:00,2026-02-25 23:00:00,t2-direct-60103e48d3
2026-02-26 16:00:00,2026-02-26 22:00:00,23,0.7247153425711333,0.41476249258233233,0.309952849988801,6.8,-2.3,2.0,0.3019712025267092,0.9692891810073248,2,2026-02-25 17:00:00,2026-02-25 23:00:00,t2-direct-60103e48d3
2026-02-26 17:00:00,2026-02-26 23:00:00,24,0.7972006917664872,0.6677308659778461,0.12946982578864108,8.35,-2.9,2.0,0.3431797101457212,0.9717233742200102,2,2026-02-25 17:00:00,2026-02-25 23:00:00,t2-direct-60103e48d3
2026-02-26 18:00:00,2026-02-27 00:00:00,25,0.7902330336931985,0.7004651750145932,0.08976785867860537,8.81,-2.7,2.0,0.3005153315290619,1.0,2,2026-02-25 17:00:00,2026-02-25 23:00:00,t2-direct-60103e48d3
2026-02-26 19:00:00,2026-02-27 01:00:00,26,0.8471873106254837,0.8253097931694232,0.02187751745606048,9.33,-2.8,2.0,0.42029779090878394,0.9968245563649405,2,2026-02-25 17:00:00,2026-02-25 23:00:00,t2-direct-60103e48d3
2026-02-26 20:00:00,2026-02-27 02:00:00,27,0.7831602454546103,0.8276772103419954,-0.0445169648873851,9.36,-3.0,2.0,0.3684484796593477,0.9851319444402294,2,2026-02-25 17:00:00,2026-02-25 23:00:00,t2-direct-60103e48d3
2026-02-26 21:00:00,2026-02-27 03:00:00,28,0.7365686046026346,0.5977960041581462,0.13877260044448847,7.76,-3.3,2.0,0.2810500967990197,0.9840271879318649,2,2026-02-25 17:00:00,2026-02-25 23:00:00,t2-direct-60103e48d3
2026-02-26 22:00:00,2026-02-27 04:00:00,29,0.6772861605391733,0.5210931951090402,0.15619296543013317,7.28,-3.2,2.0,0.2714445782084662,0.9615435807384477,2,2026-02-25 17:00:00,2026-02-25 23:00:00,t2-direct-60103e48d3
2026-02-26 23:00:00,2026-02-27 05:00:00,30,0.621852007767048,0.472218269068462,0.14963373869858598,7.05,-3.4,2.0,0.2686055696926293,0.9469013279641857,2,2026-02-25 17:00:00,2026-02-25 23:00:00,t2-direct-60103e48d3
2026-02-27 00:00:00,2026-02-27 06:00:00,31,0.5067871057143182,0.5861498860576837,-0.07936278034336552,7.7,-1.8,2.0,0.13989056121510318,0.9447169123417649,2,2026-02-25 17:00:00,2026-02-25 23:00:00,t2-direct-60103e48d3
2026-02-27 01:00:00,2026-02-27 07:00:00,32,0.4452513142860478,0.43614635738403945,0.009104956902008354,6.9,-1.9,2.0,0.09842065722529386,0.9458456666483588,2,2026-02-25 17:00:00,2026-02-25 23:00:00,t2-direct-60103e48d3
2026-02-27 02:00:00,2026-02-27 08:00:00,33,0.41917105157953516,0.45201241348483406,-0.032841361905298905,6.97,-2.1,2.0,0.0689246637513718,0.9236644990198225,2,2026-02-25 17:00:00,2026-02-25 23:00:00,t2-direct-60103e48d3
2026-02-27 03:00:00,2026-02-27 09:00:00,34,0.3024677327805059,0.3915094423136345,-0.08904170953312857,6.67,-1.7,2.0,0.027603343531706792,0.8312860172657468,2,2026-02-25 17:00:00,2026-02-25 23:00:00,t2-direct-60103e48d3
2026-02-27 04:00:00,2026-02-27 10:00:00,35,0.21048342042947032,0.2484314238773756,-0.037948003447905276,5.64,-0.9,2.0,0.0040422898596297885,0.7348174060023438,2,2026-02-25 17:00:00,2026-02-25 23:00:00,t2-direct-60103e48d3
2026-02-27 05:00:00,2026-02-27 11:00:00,36,0.2405027313320133,0.17911962451104702,0.06138310682096629,5.01,-0.4,2.0,0.003291467926723357,0.7837373946706231,2,2026-02-25 17:00:00,2026-02-25 23:00:00,t2-direct-60103e48d3
2026-02-27 06:00:00,2026-02-27 12:00:00,37,0.35699114870424226,0.3642663331738147,-0.007275184469572427,6.47,-4.2,3.0,0.042819892450082386,0.9421713722344507,2,2026-02-25 17:00:00,2026-02-25 23:00:00,t2-direct-60103e48d3
2026-02-27 07:00:00,2026-02-27 13:00:00,38,0.39584572114339006,0.3761644413343076,0.019681279809082464,6.55,-4.0,3.0,0.07164182682673975,0.9523903012857498,2,2026-02-25 17:00:00,2026-02-25 23:00:00,t2-direct-60103e48d3
2026-02-27 08:00:00,2026-02-27 14:00:00,39,0.5128573367767609,0.4380775041912741,0.07477983258548682,6.89,-4.1,3.0,0.09781610258114337,0.9511374172032494,2,2026-02-25 17:00:00,2026-02-25 23:00:00,t2-direct-60103e48d3
2026-02-27 09:00:00,2026-02-27 15:00:00,40,0.5268486369458709,0.3836288240157298,0.14321981293014113,6.6,-3.9,3.0,0.11102714828380511,0.9612353820437367,2,2026-02-25 17:00:00,2026-02-25 23:00:00,t2-direct-60103e48d3
2026-02-27 10:00:00,2026-02-27 16:00:00,41,0.5793957541999629,0.3903232873721848,0.18907246682777812,6.64,-4.4,3.0,0.13839815102946096,0.9668698622612854,2,2026-02-25 17:00:00,2026-02-25 23:00:00,t2-direct-60103e48d3
2026-02-27 11:00:00,2026-02-27 17:00:00,42,0.785437893845517,0.4955053865838511,0.28993250726166586,7.14,-5.1,3.0,0.22524775683489606,0.9689548713845101,2,2026-02-25 17:00:00,2026-02-25 23:00:00,t2-direct-60103e48d3
2026-02-27 12:00:00,2026-02-27 18:00:00,43,0.829954776009,0.6027365769277783,0.22721819908122176,7.77,-6.1,3.0,0.3526179425899972,0.9722977734337728,2,2026-02-25 17:00:00,2026-02-25 23:00:00,t2-direct-60103e48d3
2026-02-27 13:00:00,2026-02-27 19:00:00,44,0.8329489884728963,0.6221257715131413,0.21082321695975503,7.91,-6.6,3.0,0.40118749618090965,0.9723131515753474,2,2026-02-25 17:00:00,2026-02-25 23:00:00,t2-direct-60103e48d3
2026-02-27 14:00:00,2026-02-27 20:00:00,45,0.8445364145156341,0.5941054520639251,0.25043096245170904,7.7,-7.0,3.0,0.3852835890506848,0.9736347845189754,2,2026-02-25 17:00:00,2026-02-25 23:00:00,t2-direct-60103e48d3
2026-02-27 15:00:00,2026-02-27 21:00:00,46,0.7835662940467717,0.5961784097496607,0.18738788429711095,7.71,-7.3,3.0,0.25393470093219095,0.9686800733429348,2,2026-02-25 17:00:00,2026-02-25 23:00:00,t2-direct-60103e48d3
2026-02-27 16:00:00,2026-02-27 22:00:00,47,0.7156197959775266,0.48873160988836306,0.2268881860891635,7.09,-7.3,3.0,0.18741703888283812,0.9713627377150944,2,2026-02-25 17:00:00,2026-02-25 23:00:00,t2-direct-60103e48d3
2026-02-27 17:00:00,2026-02-27 23:00:00,48,0.5355369117524568,0.3433248443762983,0.19221206737615848,6.31,-7.0,3.0,0.06582035528609526,0.9682495279635948,2,2026-02-25 17:00:00,2026-02-25 23:00:00,t2-direct-60103e48d3
2026-02-26 18:00:00,2026-02-27 00:00:00,1,0.804184215373032,0.674054525828356,0.13012968954467596,8.52,0.4,1.0,0.3341716466368988,0.996127729356332,2,2026-02-26 17:00:00,2026-02-26 23:00:00,t2-direct-60103e48d3
2026-02-26 19:00:00,2026-02-27 01:00:00,2,0.7215893157693679,0.8048296225835853,-0.08324030681421735,9.23,-0.2,1.0,0.2810817519985567,0.9947368822473799,2,2026-02-26 17:00:00,2026-02-26 23:00:00,t2-direct-60103e48d3
2026-02-26 20:00:00,2026-02-27 02:00:00,3,0.6443145171517868,0.6238585706421091,0.020455946509677636,7.98,-0.8,1.0,0.24659516331960707,0.9815024265346877,2,2026-02-26 17:00:00,2026-02-26 23:00:00,t2-direct-60103e48d3
2026-02-26 21:00:00,2026-02-27 03:00:00,4,0.5385074533518904,0.649242093835493,-0.1107346404836026,8.17,-0.9,1.0,0.19519903370454655,0.9530405471898727,2,2026-02-26 17:00:00,2026-02-26 23:00:00,t2-direct-60103e48d3
2026-02-26 22:00:00,2026-02-27 04:00:00,5,0.4549608003291238,0.6121545562341183,-0.15719375590499451,7.89,-1.0,1.0,0.1219120123015548,0.9407862737604562,2,2026-02-26 17:00:00,2026-02-26 23:00:00,t2-direct-60103e48d3
2026-02-26 23:00:00,2026-02-27 05:00:00,6,0.38767506971265203,0.4746246249673448,-0.08694955525469278,7.08,-1.2,1.0,0.07210021029588065,0.8546639576545052,2,2026-02-26 17:00:00,2026-02-26 23:00:00,t2-direct-60103e48d3
2026-02-27 00:00:00,2026-02-27 06:00:00,7,0.34418268967173715,0.2340829105491303,0.11009977912260685,5.52,-0.4,1.0,0.030357681535243874,0.8117378406214337,2,2026-02-26 17:00:00,2026-02-26 23:00:00,t2-direct-60103e48d3
2026-02-27 01:00:00,2026-02-27 07:00:00,8,0.26182849646750844,0.22703164533037065,0.03479685113713779,5.46,-0.3,1.0,0.0173058321001906,0.7737451531366348,2,2026-02-26 17:00:00,2026-02-26 23:00:00,t2-direct-60103e48d3
2026-02-27 02:00:00,2026-02-27 08:00:00,9,0.2531156419349912,0.22819379120093908,0.02492185073405212,5.47,-0.3,1.0,0.014569866820036775,0.7066951172433091,2,2026-02-26 17:00:00,2026-02-26 23:00:00,t2-direct-60103e48d3
2026-02-27 03:00:00,2026-02-27 09:00:00,10,0.2102002232464616,0.1975428070860458,0.012657416160415796,5.2,0.4,1.0,0.010356352164716948,0.6968912818759205,2,2026-02-26 17:00:00,2026-02-26 23:00:00,t2-direct-60103e48d3
2026-02-27 04:00:00,2026-02-27 10:00:00,11,0.19497434287708026,0.1319051642438121,0.06306917863326816,4.56,1.3,1.0,0.004363052304400733,0.6547180406390405,2,2026-02-26 17:00:00,2026-02-26 23:00:00,t2-direct-60103e48d3
2026-02-27 05:00:00,2026-02-27 11:00:00,12,0.18981914111330905,0.13708879215958092,0.052730348953728134,4.61,1.5,1.0,0.0055878459907498235,0.6251905783704795,2,2026-02-26 17:00:00,2026-02-26 23:00:00,t2-direct-60103e48d3
2026-02-27 06:00:00,2026-02-27 12:00:00,13,0.20557952645838218,0.10043625151844283,0.10514327493993934,4.23,0.6,2.0,0.006845364163832496,0.6588228364356681,2,2026-02-26 17:00:00,2026-02-26 23:00:00,t2-direct-60103e48d3
2026-02-27 07:00:00,2026-02-27 13:00:00,14,0.2838660189594306,0.2021377096226254,0.0817283093368052,5.25,1.0,2.0,0.008439965507035185,0.8163271902598357,2,2026-02-26 17:00:00,2026-02-26 23:00:00,t2-direct-60103e48d3
2026-02-27 08:00:00,2026-02-27 14:00:00,15,0.38971550087119583,0.2647380037040212,0.12497749716717466,5.79,0.7,2.0,0.044506065035308295,0.9152591490374591,2,2026-02-26 17:00:00,2026-02-26 23:00:00,t2-direct-60103e48d3
2026-02-27 09:00:00,2026-02-27 15:00:00,16,0.44856252160844856,0.30881076394015383,0.13975175766829473,6.12,0.4,2.0,0.0865116502417162,0.9601139102625235,2,2026-02-26 17:00:00,2026-02-26 23:00:00,t2-direct-60103e48d3
2026-02-27 10:00:00,2026-02-27 16:00:00,17,0.6227119126035974,0.4749188262059703,0.14779308639762706,7.09,-0.2,2.0,0.2154891741564406,0.9723452624509861,2,2026-02-26 17:00:00,2026-02-26 23:00:00,t2-direct-60103e48d3
2026-02-27 11:00:00,2026-02-27 17:00:00,18,0.7548060317480061,0.6298275357086963,0.12497849603930977,8.02,-1.3,2.0,0.26796365615994916,0.9723297694147433,2,2026-02-26 17:00:00,2026-02-26 23:00:00,t2-direct-60103e48d3
2026-02-27 12:00:00,2026-02-27 18:00:00,19,0.8177345935584038,0.6269921814297321,0.1907424121286717,7.98,-3.2,2.0,0.33941551435268424,0.9703113273880662,2,2026-02-26 17:00:00,2026-02-26 23:00:00,t2-direct-60103e48d3
2026-02-27 13:00:00,2026-02-27 19:00:00,20,0.8013962633320739,0.6544592887336973,0.14693697459837662,8.18,-3.8,2.0,0.3371102604218967,0.971313015894554,2,2026-02-26 17:00:00,2026-02-26 23:00:00,t2-direct-60103e48d3
2026-02-27 14:00:00,2026-02-27 20:00:00,21,0.689629553331921,0.6156461266545614,0.07398342667735958,7.89,-3.7,2.0,0.22133080163763502,0.971038471652935,2,2026-02-26 17:00:00,2026-02-26 23:00:00,t2-direct-60103e48d3
2026-02-27 15:00:00,2026-02-27 21:00:00,22,0.6158682575789756,0.5133052570690213,0.10256300050995426,7.23,-4.0,2.0,0.21478193760923237,0.9640729904246752,2,2026-02-26 17:00:00,2026-02-26 23:00:00,t2-direct-60103e48d3
2026-02-27 16:00:00,2026-02-27 22:00:00,23,0.5713287506164313,0.5100591250107113,0.061269625605720024,7.21,-4.6,2.0,0.1717741773541248,0.9549320532106138,2,2026-02-26 17:00:00,2026-02-26 23:00:00,t2-direct-60103e48d3
2026-02-27 17:00:00,2026-02-27 23:00:00,24,0.5119560368819494,0.4836169237721092,0.028339113109840164,7.09,-4.7,2.0,0.07299541241124524,0.9584838097500923,2,2026-02-26 17:00:00,2026-02-26 23:00:00,t2-direct-60103e48d3
2026-02-27 18:00:00,2026-02-28 00:00:00,25,0.41670914889124466,0.31711352217072775,0.09959562672051692,6.15,-3.9,2.0,0.0796164826133588,0.9405909557878684,2,2026-02-26 17:00:00,2026-02-26 23:00:00,t2-direct-60103e48d3
2026-02-27 19:00:00,2026-02-28 01:00:00,26,0.39892863456540684,0.32809491049786726,0.07083372406753957,6.23,-4.2,2.0,0.08240195953326096,0.896956719662523,2,2026-02-26 17:00:00,2026-02-26 23:00:00,t2-direct-60103e48d3
2026-02-27 20:00:00,2026-02-28 02:00:00,27,0.4311870521655123,0.2150578029456764,0.2161292492198359,5.33,-4.4,2.0,0.08152879476585445,0.9421619824761771,2,2026-02-26 17:00:00,2026-02-26 23:00:00,t2-direct-60103e48d3
2026-02-27 21:00:00,2026-02-28 03:00:00,28,0.3997866151286533,0.267470363892124,0.13231625123652935,5.77,-5.0,2.0,0.08300228269665183,0.9399737289719144,2,2026-02-26 17:00:00,2026-02-26 23:00:00,t2-direct-60103e48d3
2026-02-27 22:00:00,2026-02-28 04:00:00,29,0.46043121250588764,0.3211106506904794,0.13932056181540825,6.17,-5.2,2.0,0.14877186511960178,0.933042087911609,2,2026-02-26 17:00:00,2026-02-26 23:00:00,t2-direct-60103e48d3
2026-02-27 23:00:00,2026-02-28 05:00:00,30,0.46411747594341074,0.4441077166129702,0.020009759330440524,6.9,-6.1,2.0,0.2043141193453233,0.9576443075736787,2,2026-02-26 17:00:00,2026-02-26 23:00:00,t2-direct-60103e48d3
2026-02-28 00:00:00,2026-02-28 06:00:00,31,0.5488027079307505,0.5179919755981476,0.030810732332602897,7.23,-6.6,2.0,0.2221269815003935,0.9597273440456238,2,2026-02-26 17:00:00,2026-02-26 23:00:00,t2-direct-60103e48d3
2026-02-28 01:00:00,2026-02-28 07:00:00,32,0.5705202196189928,0.4962493908578751,0.07427082876111768,7.13,-6.6,2.0,0.21845545609672434,0.9572270041005135,2,2026-02-26 17:00:00,2026-02-26 23:00:00,t2-direct-60103e48d3
2026-02-28 02:00:00,2026-02-28 08:00:00,33,0.5392287893873394,0.5458935513341617,-0.006664761946822306,7.4,-7.0,2.0,0.21016610919694506,0.9518292891991514,2,2026-02-26 17:00:00,2026-02-26 23:00:00,t2-direct-60103e48d3
2026-02-28 03:00:00,2026-02-28 09:00:00,34,0.5073857164885219,0.5083763900527003,-0.0009906735641783682,7.18,-7.1,2.0,0.19951795423588292,0.9518105790575333,2,2026-02-26 17:00:00,2026-02-26 23:00:00,t2-direct-60103e48d3
2026-02-28 04:00:00,2026-02-28 10:00:00,35,0.5184465336684569,0.509401379622145,0.009045154046311898,7.19,-6.5,2.0,0.23183890522462863,0.9453884711380985,2,2026-02-26 17:00:00,2026-02-26 23:00:00,t2-direct-60103e48d3
2026-02-28 05:00:00,2026-02-28 11:00:00,36,0.5307293726142165,0.49728432475861434,0.03344504785560215,7.14,-6.0,2.0,0.19221123778116056,0.9228235364225166,2,2026-02-26 17:00:00,2026-02-26 23:00:00,t2-direct-60103e48d3
2026-02-28 06:00:00,2026-02-28 12:00:00,37,0.47614063416369534,0.4511644999512355,0.024976134212459866,6.93,-6.3,3.0,0.16822486524985392,0.92576827306461,2,2026-02-26 17:00:00,2026-02-26 23:00:00,t2-direct-60103e48d3
2026-02-28 07:00:00,2026-02-28 13:00:00,38,0.48592461476119025,0.4481716142883499,0.03775300047284036,6.92,-5.9,3.0,0.14414957746652374,0.9425201769705867,2,2026-02-26 17:00:00,2026-02-26 23:00:00,t2-direct-60103e48d3
2026-02-28 08:00:00,2026-02-28 14:00:00,39,0.4766780334237278,0.3861210159157826,0.0905570175079452,6.6,-5.9,3.0,0.11194740664120578,0.9327075460242761,2,2026-02-26 17:00:00,2026-02-26 23:00:00,t2-direct-60103e48d3
2026-02-28 09:00:00,2026-02-28 15:00:00,40,0.48423291636023036,0.3113340738082586,0.17289884255197174,6.09,-6.1,3.0,0.0970441678439325,0.9394382495875965,2,2026-02-26 17:00:00,2026-02-26 23:00:00,t2-direct-60103e48d3
2026-02-28 10:00:00,2026-02-28 16:00:00,41,0.4711907885295732,0.30186958727745344,0.16932120125211975,6.02,-6.0,3.0,0.08830076025555172,0.9373980430692235,2,2026-02-26 17:00:00,2026-02-26 23:00:00,t2-direct-60103e48d3
2026-02-28 11:00:00,2026-02-28 17:00:00,42,0.39748247055644625,0.32193278297373557,0.07554968758271069,6.17,-6.0,3.0,0.058206463706684364,0.9191156972790816,2,2026-02-26 17:00:00,2026-02-26 23:00:00,t2-direct-60103e48d3
2026-02-28 12:00:00,2026-02-28 18:00:00,43,0.4116701422232049,0.22222854172726508,0.18944160049593983,5.38,-6.1,3.0,0.05029447895263356,0.8476360020318345,2,2026-02-26 17:00:00,2026-02-26 23:00:00,t2-direct-60103e48d3
2026-02-28 13:00:00,2026-02-28 19:00:00,44,0.32961230034178884,0.19086342741181977,0.13874887292996907,5.09,-6.4,3.0,0.02732670489712785,0.7833818770578074,2,2026-02-26 17:00:00,2026-02-26 23:00:00,t2-direct-60103e48d3
2026-02-28 14:00:00,2026-02-28 20:00:00,45,0.2502390792782403,0.12366716284657078,0.1265719164316695,4.44,-6.4,3.0,0.012480114139417325,0.7641839108876505,2,2026-02-26 17:00:00,2026-02-26 23:00:00,t2-direct-60103e48d3
2026-02-28 15:00:00,2026-02-28 21:00:00,46,0.17476823448871934,0.07827505826009493,0.09649317622862441,3.58,-6.3,3.0,0.008648344836636263,0.7013231999406784,2,2026-02-26 17:00:00,2026-02-26 23:00:00,t2-direct-60103e48d3
2026-02-28 16:00:00,2026-02-28 22:00:00,47,0.12471513922053924,0.047747365666174824,0.07696777355436442,2.78,-6.5,3.0,0.011904467265334104,0.6666440547365639,2,2026-02-26 17:00:00,2026-02-26 23:00:00,t2-direct-60103e48d3
2026-02-28 17:00:00,2026-02-28 23:00:00,48,0.15284902752217863,0.042428405145816486,0.11042062237636215,2.58,-6.9,3.0,0.011887311533945566,0.6636828600140412,2,2026-02-26 17:00:00,2026-02-26 23:00:00,t2-direct-60103e48d3
2026-02-27 18:00:00,2026-02-28 00:00:00,1,0.41660301771809843,0.36171611771283657,0.05488690000526186,6.45,-4.6,1.0,0.09517376720903958,0.9537355477444189,2,2026-02-27 17:00:00,2026-02-27 23:00:00,t2-direct-60103e48d3
2026-02-27 19:00:00,2026-02-28 01:00:00,2,0.4048406595585316,0.3249132737373488,0.0799273858211828,6.2,-5.0,1.0,0.08009989413118435,0.9480211392849589,2,2026-02-27 17:00:00,2026-02-27 23:00:00,t2-direct-60103e48d3
2026-02-27 20:00:00,2026-02-28 02:00:00,3,0.41394217384024695,0.3927199358949379,0.02122223794530903,6.65,-5.1,1.0,0.09358396330195762,0.9612121781592444,2,2026-02-27 17:00:00,2026-02-27 23:00:00,t2-direct-60103e48d3
2026-02-27 21:00:00,2026-02-28 03:00:00,4,0.4325997200243506,0.32501625746325574,0.10758346256109486,6.2,-5.1,1.0,0.11118069173161166,0.9437460440920831,2,2026-02-27 17:00:00,2026-02-27 23:00:00,t2-direct-60103e48d3
2026-02-27 22:00:00,2026-02-28 04:00:00,5,0.5477463897387786,0.4568722232847431,0.09087416645403557,6.96,-5.8,1.0,0.1845065398243233,0.9492053256630799,2,2026-02-27 17:00:00,2026-02-27 23:00:00,t2-direct-60103e48d3
2026-02-27 23:00:00,2026-02-28 05:00:00,6,0.5231359462832392,0.47988692137830824,0.04324902490493099,7.06,-6.2,1.0,0.21837362821661294,0.9542793808952319,2,2026-02-27 17:00:00,2026-02-27 23:00:00,t2-direct-60103e48d3
2026-02-28 00:00:00,2026-02-28 06:00:00,7,0.5657071360420813,0.5551947744158279,0.010512361626253464,7.47,-5.7,1.0,0.24159499568114795,0.9553478943360274,2,2026-02-27 17:00:00,2026-02-27 23:00:00,t2-direct-60103e48d3
2026-02-28 01:00:00,2026-02-28 07:00:00,8,0.5469709151578693,0.5448527821342943,0.0021181330235749973,7.4,-6.3,1.0,0.250424064093945,0.9574584208774318,2,2026-02-27 17:00:00,2026-02-27 23:00:00,t2-direct-60103e48d3
2026-02-28 02:00:00,2026-02-28 08:00:00,9,0.5766417840658037,0.5279225454591395,0.04871923860666416,7.29,-6.8,1.0,0.2165026196179673,0.961383297423006,2,2026-02-27 17:00:00,2026-02-27 23:00:00,t2-direct-60103e48d3
2026-02-28 03:00:00,2026-02-28 09:00:00,10,0.7357115177806096,0.5280691632085324,0.20764235457207725,7.29,-6.9,1.0,0.2619170581618603,0.9574322342222928,2,2026-02-27 17:00:00,2026-02-27 23:00:00,t2-direct-60103e48d3
2026-02-28 04:00:00,2026-02-28 10:00:00,11,0.7534825419009777,0.6065852963468228,0.14689724555415495,7.79,-7.0,1.0,0.2539643793222619,0.9572981063161904,2,2026-02-27 17:00:00,2026-02-27 23:00:00,t2-direct-60103e48d3
2026-02-28 05:00:00,2026-02-28 11:00:00,12,0.6436192275686697,0.5840021008195482,0.05961712674912156,7.64,-6.7,1.0,0.20350323354137817,0.9630066403513775,2,2026-02-27 17:00:00,2026-02-27 23:00:00,t2-direct-60103e48d3
2026-02-28 06:00:00,2026-02-28 12:00:00,13,0.6020354627151008,0.6296191831240749,-0.027583720408974166,7.96,-7.2,2.0,0.2795204070744084,0.9575606892239658,2,2026-02-27 17:00:00,2026-02-27 23:00:00,t2-direct-60103e48d3
2026-02-28 07:00:00,2026-02-28 13:00:00,14,0.6016100688323734,0.6040372142648667,-0.0024271454324932273,7.77,-7.1,2.0,0.27303563773047324,0.9560294601939772,2,2026-02-27 17:00:00,2026-02-27 23:00:00,t2-direct-60103e48d3
2026-02-28 08:00:00,2026-02-28 14:00:00,15,0.5978613791261493,0.592808101574828,0.005053277551321345,7.69,-7.2,2.0,0.26141858621260133,0.9563329170136465,2,2026-02-27 17:00:00,2026-02-27 23:00:00,t2-direct-60103e48d3
2026-02-28 09:00:00,2026-02-28 15:00:00,16,0.5945628677802386,0.5902119143413348,0.004350953438903793,7.67,-7.6,2.0,0.23242054231420906,0.9606449758901485,2,2026-02-27 17:00:00,2026-02-27 23:00:00,t2-direct-60103e48d3
2026-02-28 10:00:00,2026-02-28 16:00:00,17,0.5752089024918765,0.5257342722749325,0.04947463021694398,7.27,-7.5,2.0,0.22840838471312602,0.9500418939789355,2,2026-02-27 17:00:00,2026-02-27 23:00:00,t2-direct-60103e48d3
2026-02-28 11:00:00,2026-02-28 17:00:00,18,0.5258987529864575,0.4867020905980294,0.039196662388428116,7.08,-7.4,2.0,0.15279624354919852,0.9417864600848143,2,2026-02-27 17:00:00,2026-02-27 23:00:00,t2-direct-60103e48d3
2026-02-28 12:00:00,2026-02-28 18:00:00,19,0.4494716259008847,0.3279057363375399,0.1215658895633448,6.21,-6.6,2.0,0.07008618359520424,0.9119728550035552,2,2026-02-27 17:00:00,2026-02-27 23:00:00,t2-direct-60103e48d3
2026-02-28 13:00:00,2026-02-28 19:00:00,20,0.4351410465815322,0.29226268374946063,0.14287836283207156,5.94,-7.1,2.0,0.054113492945361,0.8527346682313015,2,2026-02-27 17:00:00,2026-02-27 23:00:00,t2-direct-60103e48d3
2026-02-28 14:00:00,2026-02-28 20:00:00,21,0.3676692939193181,0.25248105537857757,0.1151882385407405,5.63,-7.3,2.0,0.04384115356662899,0.7774210813707179,2,2026-02-27 17:00:00,2026-02-27 23:00:00,t2-direct-60103e48d3
2026-02-28 15:00:00,2026-02-28 21:00:00,22,0.24657818048315247,0.14217562954348428,0.10440255093966819,4.61,-6.9,2.0,0.024460228574622433,0.7105195945520734,2,2026-02-27 17:00:00,2026-02-27 23:00:00,t2-direct-60103e48d3
2026-02-28 16:00:00,2026-02-28 22:00:00,23,0.16853323940914577,0.11128357163443932,0.057249667774706456,4.32,-7.2,2.0,0.013353801381121938,0.5609000630378411,2,2026-02-27 17:00:00,2026-02-27 23:00:00,t2-direct-60103e48d3
2026-02-28 17:00:00,2026-02-28 23:00:00,24,0.14933267442019926,0.09260198284603711,0.05673069157416215,3.93,-7.1,2.0,0.015404634016104313,0.5107985827303037,2,2026-02-27 17:00:00,2026-02-27 23:00:00,t2-direct-60103e48d3
2026-02-28 18:00:00,2026-03-01 00:00:00,25,0.09032111975676546,0.09022017374034193,0.00010094601642353374,3.85,-7.3,2.0,0.006262871850546511,0.42688316560461437,2,2026-02-27 17:00:00,2026-02-27 23:00:00,t2-direct-60103e48d3
2026-02-28 19:00:00,2026-03-01 01:00:00,26,0.06685269473816782,0.08131655643274277,-0.014463861694574948,3.63,-7.8,2.0,0.007295023523099173,0.38882591355039875,2,2026-02-27 17:00:00,2026-02-27 23:00:00,t2-direct-60103e48d3
2026-02-28 20:00:00,2026-03-01 02:00:00,27,0.03402818275999947,0.0642019527652773,-0.030173770005277836,3.31,-8.0,2.0,0.008348782744950909,0.3930528823082687,2,2026-02-27 17:00:00,2026-02-27 23:00:00,t2-direct-60103e48d3
2026-02-28 21:00:00,2026-03-01 03:00:00,28,0.024421549637016822,0.037997292524075126,-0.013575742887058304,2.41,-8.4,2.0,0.008150607861994199,0.3965105660266248,2,2026-02-27 17:00:00,2026-02-27 23:00:00,t2-direct-60103e48d3
2026-02-28 22:00:00,2026-03-01 04:00:00,29,0.02376149845344215,0.0396740720570095,-0.015912573603567348,2.47,-9.2,2.0,0.008531687211950826,0.2417314334469638,2,2026-02-27 17:00:00,2026-02-27 23:00:00,t2-direct-60103e48d3
2026-02-28 23:00:00,2026-03-01 05:00:00,30,0.025627605013819305,0.0340414339201838,-0.008413828906364496,2.26,-9.3,2.0,0.008914378048297374,0.25964819778329207,2,2026-02-27 17:00:00,2026-02-27 23:00:00,t2-direct-60103e48d3
2026-03-01 00:00:00,2026-03-01 06:00:00,31,0.019491669924850942,0.036623858286916576,-0.017132188362065634,2.36,-8.0,2.0,0.008691347762494613,0.22926011771096275,2,2026-02-27 17:00:00,2026-02-27 23:00:00,t2-direct-60103e48d3
2026-03-01 01:00:00,2026-03-01 07:00:00,32,0.010577788599845499,0.04147681138715929,-0.030899022787313796,2.54,-8.3,2.0,0.00825837494478627,0.23833483139314213,2,2026-02-27 17:00:00,2026-02-27 23:00:00,t2-direct-60103e48d3
2026-03-01 02:00:00,2026-03-01 08:00:00,33,0.015420408932256336,0.04308649984512368,-0.02766609091286734,2.6,-8.3,2.0,0.008494458704481424,0.2322313845466262,2,2026-02-27 17:00:00,2026-02-27 23:00:00,t2-direct-60103e48d3
2026-03-01 03:00:00,2026-03-01 09:00:00,34,0.023332522936391854,0.03791608181484079,-0.014583558878448935,2.41,-7.4,2.0,0.007755989247162223,0.2050156082371817,2,2026-02-27 17:00:00,2026-02-27 23:00:00,t2-direct-60103e48d3
2026-03-01 04:00:00,2026-03-01 10:00:00,35,0.023836478843452455,0.037032348774859516,-0.013195869931407062,2.38,-6.4,2.0,0.008594375032513467,0.2065487415643859,2,2026-02-27 17:00:00,2026-02-27 23:00:00,t2-direct-60103e48d3
2026-03-01 05:00:00,2026-03-01 11:00:00,36,0.017347891683518073,0.04470491812026676,-0.027357026436748685,2.67,-5.4,2.0,0.008658605059877129,0.26358798604752776,2,2026-02-27 17:00:00,2026-02-27 23:00:00,t2-direct-60103e48d3
2026-03-01 06:00:00,2026-03-01 12:00:00,37,0.043924091641785463,0.023861631624984465,0.020062460016801,1.66,-5.7,3.0,0.00591610046022048,0.3987584315734944,2,2026-02-27 17:00:00,2026-02-27 23:00:00,t2-direct-60103e48d3
2026-03-01 07:00:00,2026-03-01 13:00:00,38,0.06982327078931866,0.024501729836441367,0.04532154095287729,1.71,-4.7,3.0,0.007074343944053971,0.4402817440298878,2,2026-02-27 17:00:00,2026-02-27 23:00:00,t2-direct-60103e48d3
2026-03-01 08:00:00,2026-03-01 14:00:00,39,0.05616980126388,0.03003132490343688,0.02613847636044312,2.05,-4.2,3.0,0.009598330128237555,0.43923335481106607,2,2026-02-27 17:00:00,2026-02-27 23:00:00,t2-direct-60103e48d3
2026-03-01 09:00:00,2026-03-01 15:00:00,40,0.052652896664024326,0.03923589375918799,0.013417002904836335,2.47,-3.9,3.0,0.011544156550471474,0.39567350573185756,2,2026-02-27 17:00:00,2026-02-27 23:00:00,t2-direct-60103e48d3
2026-03-01 10:00:00,2026-03-01 16:00:00,41,0.040154922735780876,0.03845965484049639,0.0016952678952844857,2.44,-4.2,3.0,0.010447921701607236,0.2925005225654577,2,2026-02-27 17:00:00,2026-02-27 23:00:00,t2-direct-60103e48d3
2026-03-01 11:00:00,2026-03-01 17:00:00,42,0.03978839381721444,0.03801413407731239,0.0017742597399020496,2.42,-5.3,3.0,0.009081765163145794,0.27489531444124815,2,2026-02-27 17:00:00,2026-02-27 23:00:00,t2-direct-60103e48d3
2026-03-01 12:00:00,2026-03-01 18:00:00,43,0.038781991681457136,0.03765617270655291,0.0011258189749042274,2.4,-7.5,3.0,0.008837203320647809,0.28977321728960304,2,2026-02-27 17:00:00,2026-02-27 23:00:00,t2-direct-60103e48d3
2026-03-01 13:00:00,2026-03-01 19:00:00,44,0.03187959996842088,0.022471576422430226,0.009408023545990653,1.55,-8.8,3.0,0.00865168290362461,0.2769634268204717,2,2026-02-27 17:00:00,2026-02-27 23:00:00,t2-direct-60103e48d3
2026-03-01 14:00:00,2026-03-01 20:00:00,45,0.04517193563006936,0.050330097905963454,-0.005158162275894093,2.87,-8.3,3.0,0.008151217921467467,0.44413139499021725,2,2026-02-27 17:00:00,2026-02-27 23:00:00,t2-direct-60103e48d3
2026-03-01 15:00:00,2026-03-01 21:00:00,46,0.0773991283989244,0.17460598356599216,-0.09720685516706776,4.92,-7.7,3.0,0.007235458951296486,0.5225057319916236,2,2026-02-27 17:00:00,2026-02-27 23:00:00,t2-direct-60103e48d3
2026-03-01 16:00:00,2026-03-01 22:00:00,47,0.13614134862722532,0.568240716587883,-0.4320993679606577,7.54,-6.9,3.0,0.009992564686503752,0.7482077383942727,2,2026-02-27 17:00:00,2026-02-27 23:00:00,t2-direct-60103e48d3
2026-03-01 17:00:00,2026-03-01 23:00:00,48,0.23416830026223046,0.7522785582884516,-0.5181102580262211,8.98,-4.9,3.0,0.007751947450191615,0.8069789777891044,2,2026-02-27 17:00:00,2026-02-27 23:00:00,t2-direct-60103e48d3
