time_utc,time_scada,lead_hours,prediction,level1,residual_pred,wind_fc,temp_fc,run_day,p10,p90,turbine_id,issue_time_utc,issue_time_scada,model_version
2026-01-31 18:00:00,2026-02-01 00:00:00,1,0.01847043621948567,0.02,-0.0015295637805143314,1.0,0.6,1.0,0.009576477954332427,0.2141939993664982,1,2026-01-31 17:00:00,2026-01-31 23:00:00,t1-direct-d7d0b047c9
2026-01-31 19:00:00,2026-02-01 01:00:00,2,0.012727067016999011,0.0,0.012727067016999011,0.21,0.3,1.0,0.00986364641445676,0.17990946485415768,1,2026-01-31 17:00:00,2026-01-31 23:00:00,t1-direct-d7d0b047c9
2026-01-31 20:00:00,2026-02-01 02:00:00,3,0.012104753952963555,0.018895769688271006,-0.006791015735307451,0.42,-1.0,1.0,0.009894762067658533,0.1024132009049769,1,2026-01-31 17:00:00,2026-01-31 23:00:00,t1-direct-d7d0b047c9
2026-01-31 21:00:00,2026-02-01 03:00:00,4,0.013515467436989573,0.01882963025498833,-0.005314162817998756,0.4,-1.2,1.0,0.009824226393457232,0.10605544381099732,1,2026-01-31 17:00:00,2026-01-31 23:00:00,t1-direct-d7d0b047c9
2026-01-31 22:00:00,2026-02-01 04:00:00,5,0.009821066729467401,0.02,-0.0101789332705326,0.96,-1.4,1.0,0.009821066729467401,0.1452744731903656,1,2026-01-31 17:00:00,2026-01-31 23:00:00,t1-direct-d7d0b047c9
2026-01-31 23:00:00,2026-02-01 05:00:00,6,0.012770196061293957,0.02,-0.007229803938706043,0.8,-1.9,1.0,0.009861489962242013,0.23679404442999538,1,2026-01-31 17:00:00,2026-01-31 23:00:00,t1-direct-d7d0b047c9
2026-02-01 00:00:00,2026-02-01 06:00:00,7,0.03090035606876339,0.022358618099494566,0.008541737969268826,1.49,-1.2,1.0,0.00895483856172758,0.29792294584852785,1,2026-01-31 17:00:00,2026-01-31 23:00:00,t1-direct-d7d0b047c9
2026-02-01 01:00:00,2026-02-01 07:00:00,8,0.058222693725827876,0.03230818691608953,0.025914506809738343,2.12,-1.7,1.0,0.0047295476181517596,0.528698117490078,1,2026-01-31 17:00:00,2026-01-31 23:00:00,t1-direct-d7d0b047c9
2026-02-01 02:00:00,2026-02-01 08:00:00,9,0.14339694895369617,0.07132835900989032,0.07206858994380586,3.33,-1.9,1.0,0.00023205297410322512,0.7367458677960805,1,2026-01-31 17:00:00,2026-01-31 23:00:00,t1-direct-d7d0b047c9
2026-02-01 03:00:00,2026-02-01 09:00:00,10,0.18587945196365535,0.19425122256658314,-0.008371770602927792,5.05,-1.1,1.0,0.0,0.7264677963471575,1,2026-01-31 17:00:00,2026-01-31 23:00:00,t1-direct-d7d0b047c9
2026-02-01 04:00:00,2026-02-01 10:00:00,11,0.22010221246438633,0.171741604839924,0.048360607624462315,4.83,1.2,1.0,0.012168791084698871,0.839979663275224,1,2026-01-31 17:00:00,2026-01-31 23:00:00,t1-direct-d7d0b047c9
2026-02-01 05:00:00,2026-02-01 11:00:00,12,0.26540564322456706,0.13884937293054347,0.12655627029402358,4.53,2.5,1.0,0.00952685543816173,0.8338211282762935,1,2026-01-31 17:00:00,2026-01-31 23:00:00,t1-direct-d7d0b047c9
2026-02-01 06:00:00,2026-02-01 12:00:00,13,0.32985926082572253,0.21321828198604353,0.116640978839679,5.28,4.1,2.0,0.002663920857746027,0.9044086293307636,1,2026-01-31 17:00:00,2026-01-31 23:00:00,t1-direct-d7d0b047c9
2026-02-01 07:00:00,2026-02-01 13:00:00,14,0.3777677035728994,0.26445100937980726,0.11331669419309215,5.72,4.9,2.0,0.013534720347216034,0.9177989977137968,1,2026-01-31 17:00:00,2026-01-31 23:00:00,t1-direct-d7d0b047c9
2026-02-01 08:00:00,2026-02-01 14:00:00,15,0.39613980682664257,0.2607254786250685,0.13541432820157406,5.69,5.1,2.0,0.007244677081327033,0.8740861051076644,1,2026-01-31 17:00:00,2026-01-31 23:00:00,t1-direct-d7d0b047c9
2026-02-01 09:00:00,2026-02-01 15:00:00,16,0.40248325891143255,0.20854514023389334,0.1939381186775392,5.24,5.5,2.0,0.003407796648978112,0.8606816323240518,1,2026-01-31 17:00:00,2026-01-31 23:00:00,t1-direct-d7d0b047c9
2026-02-01 10:00:00,2026-02-01 16:00:00,17,0.4112954934985474,0.18858021229563257,0.2227152812029148,5.03,5.3,2.0,0.008019568372937713,0.880065951058272,1,2026-01-31 17:00:00,2026-01-31 23:00:00,t1-direct-d7d0b047c9
2026-02-01 11:00:00,2026-02-01 17:00:00,18,0.45228781252212064,0.3092114057961545,0.1430764067259661,6.02,3.6,2.0,0.01723623952427583,0.9053258214112654,1,2026-01-31 17:00:00,2026-01-31 23:00:00,t1-direct-d7d0b047c9
2026-02-01 12:00:00,2026-02-01 18:00:00,19,0.35614751829816854,0.29501867683731214,0.0611288414608564,5.91,1.0,2.0,0.00513583945211471,0.8335742249969544,1,2026-01-31 17:00:00,2026-01-31 23:00:00,t1-direct-d7d0b047c9
2026-02-01 13:00:00,2026-02-01 19:00:00,20,0.2747670373140274,0.31919556963034507,-0.04442853231631766,6.06,0.3,2.0,0.009019695347903978,0.8045896600675251,1,2026-01-31 17:00:00,2026-01-31 23:00:00,t1-direct-d7d0b047c9
2026-02-01 14:00:00,2026-02-01 20:00:00,21,0.30485826222211915,0.3147465765102667,-0.00988831428814757,6.03,0.1,2.0,0.0068701385834691875,0.8349069585580975,1,2026-01-31 17:00:00,2026-01-31 23:00:00,t1-direct-d7d0b047c9
2026-02-01 15:00:00,2026-02-01 21:00:00,22,0.36430485559461134,0.3874569561140594,-0.02315210051944805,6.49,-0.1,2.0,0.028610808155396683,0.8508256631292959,1,2026-01-31 17:00:00,2026-01-31 23:00:00,t1-direct-d7d0b047c9
2026-02-01 16:00:00,2026-02-01 22:00:00,23,0.38145552978823694,0.38930336652577513,-0.007847836737538194,6.5,-0.3,2.0,0.03444044567487159,0.8809483193584304,1,2026-01-31 17:00:00,2026-01-31 23:00:00,t1-direct-d7d0b047c9
2026-02-01 17:00:00,2026-02-01 23:00:00,24,0.3438199962447989,0.40231013079798406,-0.058490134553185136,6.58,-0.5,2.0,0.02963505112288728,0.8473370660871482,1,2026-01-31 17:00:00,2026-01-31 23:00:00,t1-direct-d7d0b047c9
2026-02-01 18:00:00,2026-02-02 00:00:00,25,0.23716745118551694,0.3064122065678865,-0.06924475538236954,5.97,-0.8,2.0,0.01653380098722193,0.812582599120265,1,2026-01-31 17:00:00,2026-01-31 23:00:00,t1-direct-d7d0b047c9
2026-02-01 19:00:00,2026-02-02 01:00:00,26,0.18610134217424187,0.2682132557923307,-0.08211191361808881,5.71,-1.1,2.0,0.01573789127637426,0.8327102181461425,1,2026-01-31 17:00:00,2026-01-31 23:00:00,t1-direct-d7d0b047c9
2026-02-01 20:00:00,2026-02-02 02:00:00,27,0.3036742517231742,0.31792095023997724,-0.014246698516803047,6.04,-1.3,2.0,0.029211663865641613,0.8621895639915738,1,2026-01-31 17:00:00,2026-01-31 23:00:00,t1-direct-d7d0b047c9
2026-02-01 21:00:00,2026-02-02 03:00:00,28,0.37243944745688157,0.3319835140680564,0.040455933388825194,6.13,-1.3,2.0,0.053990105864418325,0.8776915149282121,1,2026-01-31 17:00:00,2026-01-31 23:00:00,t1-direct-d7d0b047c9
2026-02-01 22:00:00,2026-02-02 04:00:00,29,0.47193910648089127,0.3384700797395216,0.13346902674136968,6.17,-1.5,2.0,0.06658587263668136,0.9113422925514525,1,2026-01-31 17:00:00,2026-01-31 23:00:00,t1-direct-d7d0b047c9
2026-02-01 23:00:00,2026-02-02 05:00:00,30,0.4638068853350994,0.3358165350372815,0.1279903502978179,6.15,-1.9,2.0,0.11375595350879081,0.9502432761283586,1,2026-01-31 17:00:00,2026-01-31 23:00:00,t1-direct-d7d0b047c9
2026-02-02 00:00:00,2026-02-02 06:00:00,31,0.4303134137683312,0.37881298369198424,0.05150043007634697,6.42,-2.1,2.0,0.19505385647350942,0.9702950297510833,1,2026-01-31 17:00:00,2026-01-31 23:00:00,t1-direct-d7d0b047c9
2026-02-02 01:00:00,2026-02-02 07:00:00,32,0.39868658001800833,0.3726744782435798,0.02601210177442853,6.38,-2.3,2.0,0.20378078521800008,0.97660449265433,1,2026-01-31 17:00:00,2026-01-31 23:00:00,t1-direct-d7d0b047c9
2026-02-02 02:00:00,2026-02-02 08:00:00,33,0.3712937296034139,0.4016914243593947,-0.03039769475598081,6.56,-2.5,2.0,0.2178916550562231,0.9877950466277181,1,2026-01-31 17:00:00,2026-01-31 23:00:00,t1-direct-d7d0b047c9
2026-02-02 03:00:00,2026-02-02 09:00:00,34,0.5154834734220316,0.39535933954447366,0.12012413387755794,6.53,-1.3,2.0,0.2560049389770084,0.9922716325174545,1,2026-01-31 17:00:00,2026-01-31 23:00:00,t1-direct-d7d0b047c9
2026-02-02 04:00:00,2026-02-02 10:00:00,35,0.5571690118398778,0.5233444427369562,0.03382456910292153,7.22,2.0,2.0,0.21119281458684036,0.9869296846667137,1,2026-01-31 17:00:00,2026-01-31 23:00:00,t1-direct-d7d0b047c9
2026-02-02 05:00:00,2026-02-02 11:00:00,36,0.7441685792353971,0.39084796387705556,0.3533206153583416,6.55,4.8,2.0,0.27939885877748794,0.9946811121303554,1,2026-01-31 17:00:00,2026-01-31 23:00:00,t1-direct-d7d0b047c9
2026-02-02 06:00:00,2026-02-02 12:00:00,37,0.835156616183911,0.6098329473263013,0.22532366885760968,7.88,6.3,3.0,0.3719418974002403,0.9918669483590149,1,2026-01-31 17:00:00,2026-01-31 23:00:00,t1-direct-d7d0b047c9
2026-02-02 07:00:00,2026-02-02 13:00:00,38,0.8803907461583396,0.6817941818481575,0.19859656431018202,8.53,7.4,3.0,0.39837714120979945,0.9919794691276912,1,2026-01-31 17:00:00,2026-01-31 23:00:00,t1-direct-d7d0b047c9
2026-02-02 08:00:00,2026-02-02 14:00:00,39,0.9033212588726363,0.834156473547222,0.06916478532541426,9.35,8.4,3.0,0.4095892536102472,0.9943423747462511,1,2026-01-31 17:00:00,2026-01-31 23:00:00,t1-direct-d7d0b047c9
2026-02-02 09:00:00,2026-02-02 15:00:00,40,0.8948866035336885,0.7577931424320828,0.1370934611016057,9.07,8.4,3.0,0.37729286819983454,0.9923691609492679,1,2026-01-31 17:00:00,2026-01-31 23:00:00,t1-direct-d7d0b047c9
2026-02-02 10:00:00,2026-02-02 16:00:00,41,0.827235321880914,0.6621414307440321,0.1650938911368819,8.3,7.6,3.0,0.28130188471864603,1.0,1,2026-01-31 17:00:00,2026-01-31 23:00:00,t1-direct-d7d0b047c9
2026-02-02 11:00:00,2026-02-02 17:00:00,42,0.6722373568922047,0.610679632783565,0.06155772410863969,7.88,5.6,3.0,0.18253464965237426,0.9644611830652956,1,2026-01-31 17:00:00,2026-01-31 23:00:00,t1-direct-d7d0b047c9
2026-02-02 12:00:00,2026-02-02 18:00:00,43,0.3155254531453137,0.07724937841345103,0.23827607473186269,3.44,2.0,3.0,0.018348614594178192,0.8816023187899167,1,2026-01-31 17:00:00,2026-01-31 23:00:00,t1-direct-d7d0b047c9
2026-02-02 13:00:00,2026-02-02 19:00:00,44,0.27135316854193314,0.02301494908592944,0.2483382194560037,1.56,1.0,3.0,0.0,0.8063276504741004,1,2026-01-31 17:00:00,2026-01-31 23:00:00,t1-direct-d7d0b047c9
2026-02-02 14:00:00,2026-02-02 20:00:00,45,0.19360752905580986,0.026223583022568303,0.16738394603324155,1.82,0.5,3.0,0.001869238746114249,0.5381222846106785,1,2026-01-31 17:00:00,2026-01-31 23:00:00,t1-direct-d7d0b047c9
2026-02-02 15:00:00,2026-02-02 21:00:00,46,0.12459656698870063,0.021315823368393792,0.10328074362030684,1.39,1.5,3.0,0.005032185193426686,0.44337917808694444,1,2026-01-31 17:00:00,2026-01-31 23:00:00,t1-direct-d7d0b047c9
2026-02-02 16:00:00,2026-02-02 22:00:00,47,0.09736542715451114,0.02329987739896727,0.07406554975554387,1.59,1.7,3.0,0.005674519603774589,0.4367771560067454,1,2026-01-31 17:00:00,2026-01-31 23:00:00,t1-direct-d7d0b047c9
2026-02-02 17:00:00,2026-02-02 23:00:00,48,0.06762266324309794,0.021011084135197988,0.04661157910789995,1.36,1.9,3.0,0.007179515985438659,0.4184856100205248,1,2026-01-31 17:00:00,2026-01-31 23:00:00,t1-direct-d7d0b047c9
2026-02-01 18:00:00,2026-02-02 00:00:00,1,0.274638373683832,0.24244252106443429,0.0321958526193977,5.5,-0.3,1.0,0.001889230781262241,0.8185928106173075,1,2026-02-01 17:00:00,2026-02-01 23:00:00,t1-direct-d7d0b047c9
2026-02-01 19:00:00,2026-02-02 01:00:00,2,0.3155673923426789,0.362578791523348,-0.0470113991806691,6.33,-0.6,1.0,0.03375863689018627,0.859328920213505,1,2026-02-01 17:00:00,2026-02-01 23:00:00,t1-direct-d7d0b047c9
2026-02-01 20:00:00,2026-02-02 02:00:00,3,0.3607770676961912,0.4138585706421092,-0.05308150294591796,6.65,-0.8,1.0,0.03369652037842763,0.9009330832094345,1,2026-02-01 17:00:00,2026-02-01 23:00:00,t1-direct-d7d0b047c9
2026-02-01 21:00:00,2026-02-02 03:00:00,4,0.49799405419967674,0.41265289397806787,0.08534116022160887,6.64,-1.1,1.0,0.04771237552727858,0.9116846550264773,1,2026-02-01 17:00:00,2026-02-01 23:00:00,t1-direct-d7d0b047c9
2026-02-01 22:00:00,2026-02-02 04:00:00,5,0.5182936907435695,0.3747398213261883,0.14355386941738113,6.4,-1.4,1.0,0.0978958435087775,0.9317223238125854,1,2026-02-01 17:00:00,2026-02-01 23:00:00,t1-direct-d7d0b047c9
2026-02-01 23:00:00,2026-02-02 05:00:00,6,0.5366665627848464,0.37843492664376577,0.1582316361410806,6.42,-1.8,1.0,0.1823466094254817,0.9657772069080551,1,2026-02-01 17:00:00,2026-02-01 23:00:00,t1-direct-d7d0b047c9
2026-02-02 00:00:00,2026-02-02 06:00:00,7,0.46499492909651724,0.4499103664676382,0.015084562628879028,6.84,-2.0,1.0,0.2169047772225465,0.9860928789087327,1,2026-02-01 17:00:00,2026-02-01 23:00:00,t1-direct-d7d0b047c9
2026-02-02 01:00:00,2026-02-02 07:00:00,8,0.37359776132253547,0.4419268099037985,-0.06832904858126304,6.8,-2.3,1.0,0.22467110192736658,0.9884837448283696,1,2026-02-01 17:00:00,2026-02-01 23:00:00,t1-direct-d7d0b047c9
2026-02-02 02:00:00,2026-02-02 08:00:00,9,0.3183806289423599,0.40354828451466424,-0.08516765557230432,6.57,-2.7,1.0,0.20351956488269593,0.9896849308157571,1,2026-02-01 17:00:00,2026-02-01 23:00:00,t1-direct-d7d0b047c9
2026-02-02 03:00:00,2026-02-02 09:00:00,10,0.5380801495619018,0.3846951728727234,0.15338497668917833,6.46,-1.7,1.0,0.2748271133628349,0.9979956472683178,1,2026-02-01 17:00:00,2026-02-01 23:00:00,t1-direct-d7d0b047c9
2026-02-02 04:00:00,2026-02-02 10:00:00,11,0.6226404149106545,0.6051148228020635,0.01752559210859095,7.8,1.7,1.0,0.2145417005988723,0.9866786650497428,1,2026-02-01 17:00:00,2026-02-01 23:00:00,t1-direct-d7d0b047c9
2026-02-02 05:00:00,2026-02-02 11:00:00,12,0.7860131507291687,0.4265975242566922,0.3594156264724765,6.77,4.1,1.0,0.30584195430881417,0.9889453274759905,1,2026-02-01 17:00:00,2026-02-01 23:00:00,t1-direct-d7d0b047c9
2026-02-02 06:00:00,2026-02-02 12:00:00,13,0.8216555200983207,0.5340625854801739,0.2875929346181467,7.31,6.5,2.0,0.3165996788235773,0.9916855490407699,1,2026-02-01 17:00:00,2026-02-01 23:00:00,t1-direct-d7d0b047c9
2026-02-02 07:00:00,2026-02-02 13:00:00,14,0.8372761164554954,0.6490647811076442,0.18821133534785117,8.2,7.8,2.0,0.3474956946267785,0.9922017879256471,1,2026-02-01 17:00:00,2026-02-01 23:00:00,t1-direct-d7d0b047c9
2026-02-02 08:00:00,2026-02-02 14:00:00,15,0.8735906765477629,0.7408480051817945,0.1327426713659684,9.01,8.6,2.0,0.3700201943820477,0.9915925527446385,1,2026-02-01 17:00:00,2026-02-01 23:00:00,t1-direct-d7d0b047c9
2026-02-02 09:00:00,2026-02-02 15:00:00,16,0.8435346503419917,0.7022701095289837,0.141264540813008,8.84,8.7,2.0,0.3571036910625146,0.9924736932783007,1,2026-02-01 17:00:00,2026-02-01 23:00:00,t1-direct-d7d0b047c9
2026-02-02 10:00:00,2026-02-02 16:00:00,17,0.763465004012775,0.5554498676675736,0.2080151363452013,7.47,7.8,2.0,0.17892781266065594,0.986227736869208,1,2026-02-01 17:00:00,2026-02-01 23:00:00,t1-direct-d7d0b047c9
2026-02-02 11:00:00,2026-02-02 17:00:00,18,0.5773990081204774,0.10971404836235894,0.46768495975811847,4.22,5.0,2.0,0.1583073803180996,0.9882173124153613,1,2026-02-01 17:00:00,2026-02-01 23:00:00,t1-direct-d7d0b047c9
2026-02-02 12:00:00,2026-02-02 18:00:00,19,0.5666679515098072,0.25984123108557905,0.30682672042422815,5.66,1.8,2.0,0.08945131040569465,0.8918941271628498,1,2026-02-01 17:00:00,2026-02-01 23:00:00,t1-direct-d7d0b047c9
2026-02-02 13:00:00,2026-02-02 19:00:00,20,0.30474942338275623,0.11481689231591895,0.18993253106683727,4.3,0.6,2.0,0.018157997954957594,0.80933304409332,1,2026-02-01 17:00:00,2026-02-01 23:00:00,t1-direct-d7d0b047c9
2026-02-02 14:00:00,2026-02-02 20:00:00,21,0.1338600032460822,0.1005647156874486,0.03329528755863359,3.85,0.0,2.0,0.006799375305911348,0.6828986199025024,1,2026-02-01 17:00:00,2026-02-01 23:00:00,t1-direct-d7d0b047c9
2026-02-02 15:00:00,2026-02-02 21:00:00,22,0.09733629173588193,0.12975642947866717,-0.03242013774278524,4.43,-0.6,2.0,0.007720708230738449,0.6717036373485215,1,2026-02-01 17:00:00,2026-02-01 23:00:00,t1-direct-d7d0b047c9
2026-02-02 16:00:00,2026-02-02 22:00:00,23,0.09009061048831811,0.1475410349581176,-0.05745042446979949,4.59,-1.0,2.0,0.007238565665088514,0.6091347996210399,1,2026-02-01 17:00:00,2026-02-01 23:00:00,t1-direct-d7d0b047c9
2026-02-02 17:00:00,2026-02-02 23:00:00,24,0.11914414105475692,0.07759626897182034,0.041547872082936574,3.43,-1.7,2.0,0.006286437565421826,0.5108768955069162,1,2026-02-01 17:00:00,2026-02-01 23:00:00,t1-direct-d7d0b047c9
2026-02-02 18:00:00,2026-02-03 00:00:00,25,0.14349196046834373,0.04406466887949613,0.0994272915888476,2.6,-0.3,2.0,0.0007801402600207119,0.5599683030817839,1,2026-02-01 17:00:00,2026-02-01 23:00:00,t1-direct-d7d0b047c9
2026-02-02 19:00:00,2026-02-03 01:00:00,26,0.25298081712083537,0.10161425776907249,0.15136655935176288,3.89,0.1,2.0,0.0,0.7369003506542193,1,2026-02-01 17:00:00,2026-02-01 23:00:00,t1-direct-d7d0b047c9
2026-02-02 20:00:00,2026-02-03 02:00:00,27,0.3426331712704546,0.23105357412778413,0.11157959714267049,5.41,0.5,2.0,0.018134599220941794,0.7678718268490289,1,2026-02-01 17:00:00,2026-02-01 23:00:00,t1-direct-d7d0b047c9
2026-02-02 21:00:00,2026-02-03 03:00:00,28,0.399392498308291,0.23798036822398266,0.16141213008430833,5.46,-0.7,2.0,0.036015962843740146,0.8306450263221545,1,2026-02-01 17:00:00,2026-02-01 23:00:00,t1-direct-d7d0b047c9
2026-02-02 22:00:00,2026-02-03 04:00:00,29,0.27382482220680054,0.19629876114479314,0.0775260610620074,5.07,-1.3,2.0,0.03598348647276181,0.8087104987996678,1,2026-02-01 17:00:00,2026-02-01 23:00:00,t1-direct-d7d0b047c9
2026-02-02 23:00:00,2026-02-03 05:00:00,30,0.2665492193875917,0.1457781186175678,0.1207711007700239,4.57,-1.7,2.0,0.02231736902848569,0.8528485205181872,1,2026-02-01 17:00:00,2026-02-01 23:00:00,t1-direct-d7d0b047c9
2026-02-03 00:00:00,2026-02-03 06:00:00,31,0.18364343760836574,0.1621787867773083,0.021464650831057447,4.72,-1.6,2.0,0.011156176978390442,0.8092413566285764,1,2026-02-01 17:00:00,2026-02-01 23:00:00,t1-direct-d7d0b047c9
2026-02-03 01:00:00,2026-02-03 07:00:00,32,0.08921401885148576,0.11146294573868414,-0.022248926887198373,4.25,-2.0,2.0,0.0009790106727272652,0.8081320066741683,1,2026-02-01 17:00:00,2026-02-01 23:00:00,t1-direct-d7d0b047c9
2026-02-03 02:00:00,2026-02-03 08:00:00,33,0.09519699264729176,0.06613021945076146,0.029066773196530296,3.24,-2.3,2.0,0.0028529958022123075,0.6528913292158877,1,2026-02-01 17:00:00,2026-02-01 23:00:00,t1-direct-d7d0b047c9
2026-02-03 03:00:00,2026-02-03 09:00:00,34,0.08609543278493305,0.028844131343753993,0.057251301441179056,1.95,-0.2,2.0,0.0034261143393311405,0.4648697407325791,1,2026-02-01 17:00:00,2026-02-01 23:00:00,t1-direct-d7d0b047c9
2026-02-03 04:00:00,2026-02-03 10:00:00,35,0.048143952667214926,0.021684195906799077,0.02645975676041585,1.43,3.2,2.0,0.005236898903814062,0.3791227544429725,1,2026-02-01 17:00:00,2026-02-01 23:00:00,t1-direct-d7d0b047c9
2026-02-03 05:00:00,2026-02-03 11:00:00,36,0.021772270209069605,0.02940652250316206,-0.007634252294092456,1.99,4.7,2.0,0.00941138625485323,0.23098260599673887,1,2026-02-01 17:00:00,2026-02-01 23:00:00,t1-direct-d7d0b047c9
2026-02-03 06:00:00,2026-02-03 12:00:00,37,0.01138403154945273,0.05696812240078185,-0.04558409085132912,3.02,6.0,3.0,0.009930798187834074,0.24166143286121225,1,2026-02-01 17:00:00,2026-02-01 23:00:00,t1-direct-d7d0b047c9
2026-02-03 07:00:00,2026-02-03 13:00:00,38,0.009162459743429285,0.05500191468175503,-0.04583945493832575,2.97,7.2,3.0,0.009162459743429285,0.19601750882896454,1,2026-02-01 17:00:00,2026-02-01 23:00:00,t1-direct-d7d0b047c9
2026-02-03 08:00:00,2026-02-03 14:00:00,39,0.015591602571871307,0.07470343857564198,-0.059111836003770665,3.42,7.0,3.0,0.009720419636713145,0.21128736125993203,1,2026-02-01 17:00:00,2026-02-01 23:00:00,t1-direct-d7d0b047c9
2026-02-03 09:00:00,2026-02-03 15:00:00,40,0.02684152673593424,0.07600535713874002,-0.049163830402805773,3.44,6.8,3.0,0.009157923428509997,0.279890096959189,1,2026-02-01 17:00:00,2026-02-01 23:00:00,t1-direct-d7d0b047c9
2026-02-03 10:00:00,2026-02-03 16:00:00,41,0.061545311756414124,0.17143413358038315,-0.10988882182396903,4.86,6.9,3.0,0.007422734177486005,0.3589603689181424,1,2026-02-01 17:00:00,2026-02-01 23:00:00,t1-direct-d7d0b047c9
2026-02-03 11:00:00,2026-02-03 17:00:00,42,0.1433986295944148,0.18881079418333574,-0.045412164588920945,5.03,4.9,3.0,0.005201549693452573,0.6210414251210903,1,2026-02-01 17:00:00,2026-02-01 23:00:00,t1-direct-d7d0b047c9
2026-02-03 12:00:00,2026-02-03 18:00:00,43,0.2531868699519902,0.4953716797552333,-0.24218480980324308,7.1,3.4,3.0,0.0007009811898503471,0.698241424279287,1,2026-02-01 17:00:00,2026-02-01 23:00:00,t1-direct-d7d0b047c9
2026-02-03 13:00:00,2026-02-03 19:00:00,44,0.2502503185047538,0.41772581788421154,-0.16747549937945772,6.71,3.6,3.0,0.0014081996434688049,0.76001631879801,1,2026-02-01 17:00:00,2026-02-01 23:00:00,t1-direct-d7d0b047c9
2026-02-03 14:00:00,2026-02-03 20:00:00,45,0.22884585506821706,0.3405088545913547,-0.11166299952313766,6.22,3.4,3.0,0.0018943285627821826,0.6810533315160938,1,2026-02-01 17:00:00,2026-02-01 23:00:00,t1-direct-d7d0b047c9
2026-02-03 15:00:00,2026-02-03 21:00:00,46,0.17892430236000986,0.2503677352643931,-0.07144343290438324,5.59,3.2,3.0,0.0037614461278325517,0.6159944116529275,1,2026-02-01 17:00:00,2026-02-01 23:00:00,t1-direct-d7d0b047c9
2026-02-03 16:00:00,2026-02-03 22:00:00,47,0.13157396497975432,0.20411840561246586,-0.07254444063271154,5.18,3.3,3.0,0.006652644089605003,0.6035762144201605,1,2026-02-01 17:00:00,2026-02-01 23:00:00,t1-direct-d7d0b047c9
2026-02-03 17:00:00,2026-02-03 23:00:00,48,0.14181451580103863,0.314324267155785,-0.17250975135474636,6.05,3.2,3.0,0.005983077220990701,0.6110485821331313,1,2026-02-01 17:00:00,2026-02-01 23:00:00,t1-direct-d7d0b047c9
2026-02-02 18:00:00,2026-02-03 00:00:00,1,0.1392726979533594,0.10385426546656241,0.03541843248679698,3.97,-0.8,1.0,0.003942011991818595,0.5586870498918958,1,2026-02-02 17:00:00,2026-02-02 23:00:00,t1-direct-d7d0b047c9
2026-02-02 19:00:00,2026-02-03 01:00:00,2,0.2402241457364329,0.207561571012982,0.03266257472345088,5.19,-0.8,1.0,0.0,0.7315261028597706,1,2026-02-02 17:00:00,2026-02-02 23:00:00,t1-direct-d7d0b047c9
2026-02-02 20:00:00,2026-02-03 02:00:00,3,0.3407841126021402,0.31890460911262647,0.02187950348951373,6.05,-0.8,1.0,0.01854858630284134,0.8416207658806456,1,2026-02-02 17:00:00,2026-02-02 23:00:00,t1-direct-d7d0b047c9
2026-02-02 21:00:00,2026-02-03 03:00:00,4,0.5046973864040797,0.38540531997486627,0.11929206642921342,6.47,-1.0,1.0,0.05025086276910934,0.9026761607911955,1,2026-02-02 17:00:00,2026-02-02 23:00:00,t1-direct-d7d0b047c9
2026-02-02 22:00:00,2026-02-03 04:00:00,5,0.5419487393830108,0.39414659161419113,0.14780214776881967,6.52,-1.6,1.0,0.12404142143167285,0.9428324559338721,1,2026-02-02 17:00:00,2026-02-02 23:00:00,t1-direct-d7d0b047c9
2026-02-02 23:00:00,2026-02-03 05:00:00,6,0.4498004450797548,0.3958709203599924,0.05392952471976242,6.53,-1.7,1.0,0.10255695177833585,0.9205683200950162,1,2026-02-02 17:00:00,2026-02-02 23:00:00,t1-direct-d7d0b047c9
2026-02-03 00:00:00,2026-02-03 06:00:00,7,0.2727466359388386,0.1689631126558164,0.10378352328302218,4.78,-2.4,1.0,0.03988873357884623,0.8842990065187237,1,2026-02-02 17:00:00,2026-02-02 23:00:00,t1-direct-d7d0b047c9
2026-02-03 01:00:00,2026-02-03 07:00:00,8,0.2125590487688399,0.0397392778125478,0.1728197709562921,2.43,-2.7,1.0,0.01944808409999199,0.7777632977297851,1,2026-02-02 17:00:00,2026-02-02 23:00:00,t1-direct-d7d0b047c9
2026-02-03 02:00:00,2026-02-03 08:00:00,9,0.14363834274766152,0.07786310365451336,0.06577523909314816,3.43,-2.7,1.0,0.005904254024320932,0.7123910354768087,1,2026-02-02 17:00:00,2026-02-02 23:00:00,t1-direct-d7d0b047c9
2026-02-03 03:00:00,2026-02-03 09:00:00,10,0.07421278771426847,0.04062747441078236,0.0335853133034861,2.47,-0.5,1.0,0.004536210029323334,0.4473854712103488,1,2026-02-02 17:00:00,2026-02-02 23:00:00,t1-direct-d7d0b047c9
2026-02-03 04:00:00,2026-02-03 10:00:00,11,0.04260233098111335,0.0456404544045389,-0.0030381234234255483,2.67,3.0,1.0,0.008337607737669728,0.3578424891731322,1,2026-02-02 17:00:00,2026-02-02 23:00:00,t1-direct-d7d0b047c9
2026-02-03 05:00:00,2026-02-03 11:00:00,12,0.02839023947528676,0.07581590237256257,-0.04742566289727581,3.43,5.1,1.0,0.009080487791542372,0.20604310849758695,1,2026-02-02 17:00:00,2026-02-02 23:00:00,t1-direct-d7d0b047c9
2026-02-03 06:00:00,2026-02-03 12:00:00,13,0.021241788616186013,0.09909629388576674,-0.07785450526958072,3.82,5.5,2.0,0.00943791033449741,0.24780774490165933,1,2026-02-02 17:00:00,2026-02-02 23:00:00,t1-direct-d7d0b047c9
2026-02-03 07:00:00,2026-02-03 13:00:00,14,0.019819197967649037,0.09300448915357983,-0.07318529118593078,3.71,6.4,2.0,0.009509039866924258,0.2352122849659602,1,2026-02-02 17:00:00,2026-02-02 23:00:00,t1-direct-d7d0b047c9
2026-02-03 08:00:00,2026-02-03 14:00:00,15,0.02495502387804473,0.04293288661436212,-0.01797786273631739,2.58,7.0,2.0,0.009252248571404473,0.2222789211731595,1,2026-02-02 17:00:00,2026-02-02 23:00:00,t1-direct-d7d0b047c9
2026-02-03 09:00:00,2026-02-03 15:00:00,16,0.05317625856671542,0.05712155973648003,-0.00394530116976461,3.03,7.6,2.0,0.007841186836970937,0.29396606173363704,1,2026-02-02 17:00:00,2026-02-02 23:00:00,t1-direct-d7d0b047c9
2026-02-03 10:00:00,2026-02-03 16:00:00,17,0.08255790459394252,0.17508561604767034,-0.09252771145372782,4.9,7.2,2.0,0.00645679136736646,0.3851551122127728,1,2026-02-02 17:00:00,2026-02-02 23:00:00,t1-direct-d7d0b047c9
2026-02-03 11:00:00,2026-02-03 17:00:00,18,0.12168444482276376,0.16343022647125574,-0.04174578164849198,4.77,5.1,2.0,0.005153745780570887,0.44448410371225827,1,2026-02-02 17:00:00,2026-02-02 23:00:00,t1-direct-d7d0b047c9
2026-02-03 12:00:00,2026-02-03 18:00:00,19,0.1437148263462086,0.10803814244314379,0.03567668390306482,4.14,1.7,2.0,0.005083993649748403,0.585932006299049,1,2026-02-02 17:00:00,2026-02-02 23:00:00,t1-direct-d7d0b047c9
2026-02-03 13:00:00,2026-02-03 19:00:00,20,0.24764129858134845,0.31401896056668993,-0.06637766198534148,6.04,2.1,2.0,0.0005713286237997162,0.7024104274859032,1,2026-02-02 17:00:00,2026-02-02 23:00:00,t1-direct-d7d0b047c9
2026-02-03 14:00:00,2026-02-03 20:00:00,21,0.30376432061217556,0.5839674844668554,-0.28020316385467986,7.64,2.1,2.0,0.0,0.7945750106240339,1,2026-02-02 17:00:00,2026-02-02 23:00:00,t1-direct-d7d0b047c9
2026-02-03 15:00:00,2026-02-03 21:00:00,22,0.28785944410090425,0.49543190780499574,-0.2075724637040915,7.09,2.2,2.0,0.0,0.7706344629622147,1,2026-02-02 17:00:00,2026-02-02 23:00:00,t1-direct-d7d0b047c9
2026-02-03 16:00:00,2026-02-03 22:00:00,23,0.2788086490971549,0.42124497177348935,-0.14243632267633444,6.72,2.1,2.0,0.0,0.7781549281454216,1,2026-02-02 17:00:00,2026-02-02 23:00:00,t1-direct-d7d0b047c9
2026-02-03 17:00:00,2026-02-03 23:00:00,24,0.22002640732004622,0.401667545283271,-0.18164113796322476,6.6,2.5,2.0,0.0011558831693345706,0.6700155342823648,1,2026-02-02 17:00:00,2026-02-02 23:00:00,t1-direct-d7d0b047c9
2026-02-03 18:00:00,2026-02-04 00:00:00,25,0.168938845311525,0.22091764657928717,-0.051978801267762165,5.34,2.8,2.0,0.002155627568595858,0.6054730300672602,1,2026-02-02 17:00:00,2026-02-02 23:00:00,t1-direct-d7d0b047c9
2026-02-03 19:00:00,2026-02-04 01:00:00,26,0.20713517994728595,0.21407238288472094,-0.006937202937434994,5.28,2.7,2.0,0.0004917885943434841,0.7235827923060831,1,2026-02-02 17:00:00,2026-02-02 23:00:00,t1-direct-d7d0b047c9
2026-02-03 20:00:00,2026-02-04 02:00:00,27,0.24625829524039708,0.33355097513545073,-0.08729267989505365,6.17,2.7,2.0,0.0,0.7343166038318496,1,2026-02-02 17:00:00,2026-02-02 23:00:00,t1-direct-d7d0b047c9
2026-02-03 21:00:00,2026-02-04 03:00:00,28,0.2648057388393168,0.3949362700524653,-0.1301305312131485,6.56,2.8,2.0,0.0,0.7989365336859873,1,2026-02-02 17:00:00,2026-02-02 23:00:00,t1-direct-d7d0b047c9
2026-02-03 22:00:00,2026-02-04 04:00:00,29,0.30776177068653515,0.4298680758570705,-0.12210630517053533,6.78,2.8,2.0,0.0,0.8544881371357931,1,2026-02-02 17:00:00,2026-02-02 23:00:00,t1-direct-d7d0b047c9
2026-02-03 23:00:00,2026-02-04 05:00:00,30,0.3467835461432262,0.5811469232578856,-0.23436337711465943,7.62,2.3,2.0,0.00823597802650139,0.910070119947461,1,2026-02-02 17:00:00,2026-02-02 23:00:00,t1-direct-d7d0b047c9
2026-02-04 00:00:00,2026-02-04 06:00:00,31,0.343797938526147,0.39385146065636256,-0.05005352213021558,6.55,2.4,2.0,0.014070071454337474,0.8882275534191193,1,2026-02-02 17:00:00,2026-02-02 23:00:00,t1-direct-d7d0b047c9
2026-02-04 01:00:00,2026-02-04 07:00:00,32,0.3983631182641774,0.33234353760357327,0.06601958066060415,6.16,2.4,2.0,0.02056469071844058,0.9194764015229264,1,2026-02-02 17:00:00,2026-02-02 23:00:00,t1-direct-d7d0b047c9
2026-02-04 02:00:00,2026-02-04 08:00:00,33,0.4351339564124439,0.35268318837986656,0.08245076803257734,6.29,2.3,2.0,0.023849279561166725,0.9325422096470483,1,2026-02-02 17:00:00,2026-02-02 23:00:00,t1-direct-d7d0b047c9
2026-02-04 03:00:00,2026-02-04 09:00:00,34,0.4460104603923686,0.5075938617054656,-0.06158340131309703,7.15,2.5,2.0,0.019115005499260818,0.895543777998083,1,2026-02-02 17:00:00,2026-02-02 23:00:00,t1-direct-d7d0b047c9
2026-02-04 04:00:00,2026-02-04 10:00:00,35,0.29020464641109067,0.3316490804869898,-0.04144443407589915,6.16,3.0,2.0,0.0025491510604725987,0.8057882765257877,1,2026-02-02 17:00:00,2026-02-02 23:00:00,t1-direct-d7d0b047c9
2026-02-04 05:00:00,2026-02-04 11:00:00,36,0.16698832091939278,0.20483737548847952,-0.03784905456908674,5.19,3.7,2.0,0.0029735319042176467,0.6601165319651229,1,2026-02-02 17:00:00,2026-02-02 23:00:00,t1-direct-d7d0b047c9
2026-02-04 06:00:00,2026-02-04 12:00:00,37,0.1497187685315065,0.1765984262453636,-0.026879657713857086,4.89,2.8,3.0,0.002977707810543462,0.5556261906299272,1,2026-02-02 17:00:00,2026-02-02 23:00:00,t1-direct-d7d0b047c9
2026-02-04 07:00:00,2026-02-04 13:00:00,38,0.09990385824505202,0.19142172374119873,-0.09151786549614671,5.05,3.7,3.0,0.005572205870786565,0.46823746512484055,1,2026-02-02 17:00:00,2026-02-02 23:00:00,t1-direct-d7d0b047c9
2026-02-04 08:00:00,2026-02-04 14:00:00,39,0.08675136857199876,0.21597611203814238,-0.1292247434661436,5.31,4.6,3.0,0.006230156199714065,0.44244313651567296,1,2026-02-02 17:00:00,2026-02-02 23:00:00,t1-direct-d7d0b047c9
2026-02-04 09:00:00,2026-02-04 15:00:00,40,0.0742773839284593,0.18785391387680814,-0.11357652994834884,5.02,4.9,3.0,0.006889555585836413,0.41527157300606565,1,2026-02-02 17:00:00,2026-02-02 23:00:00,t1-direct-d7d0b047c9
2026-02-04 10:00:00,2026-02-04 16:00:00,41,0.06674172674889356,0.19843845924296935,-0.1316967324940758,5.13,4.8,3.0,0.00726633844481471,0.4101358452219524,1,2026-02-02 17:00:00,2026-02-02 23:00:00,t1-direct-d7d0b047c9
2026-02-04 11:00:00,2026-02-04 17:00:00,42,0.06148117597519929,0.19783454049457752,-0.13635336451937824,5.12,4.2,3.0,0.007425940966546744,0.35894790324424836,1,2026-02-02 17:00:00,2026-02-02 23:00:00,t1-direct-d7d0b047c9
2026-02-04 12:00:00,2026-02-04 18:00:00,43,0.03683811169282701,0.03347678716720937,0.0033613245256176386,2.19,2.6,3.0,0.00865809418066536,0.2575360842409555,1,2026-02-02 17:00:00,2026-02-02 23:00:00,t1-direct-d7d0b047c9
2026-02-04 13:00:00,2026-02-04 19:00:00,44,0.020917864779357222,0.0204197058235494,0.0004981589558078238,1.3,1.6,3.0,0.00945410652633885,0.20284937586484975,1,2026-02-02 17:00:00,2026-02-02 23:00:00,t1-direct-d7d0b047c9
2026-02-04 14:00:00,2026-02-04 20:00:00,45,0.06084821348347046,0.02162601780270995,0.03922219568076051,1.42,0.8,3.0,0.007457589091133185,0.46558652138119777,1,2026-02-02 17:00:00,2026-02-02 23:00:00,t1-direct-d7d0b047c9
2026-02-04 15:00:00,2026-02-04 21:00:00,46,0.20414605642838343,0.27132159122266664,-0.0671755347942832,5.75,0.9,3.0,0.0020047393497819588,0.696221172282826,1,2026-02-02 17:00:00,2026-02-02 23:00:00,t1-direct-d7d0b047c9
2026-02-04 16:00:00,2026-02-04 22:00:00,47,0.27070354582808487,0.39127771450505455,-0.12057416867696968,6.51,-0.6,3.0,0.025488209572964382,0.9176305237292814,1,2026-02-02 17:00:00,2026-02-02 23:00:00,t1-direct-d7d0b047c9
2026-02-04 17:00:00,2026-02-04 23:00:00,48,0.45296719816162156,0.5820633969364515,-0.12909619877482992,7.59,-1.7,3.0,0.04615632933434205,0.9970466554994568,1,2026-02-02 17:00:00,2026-02-02 23:00:00,t1-direct-d7d0b047c9
2026-02-03 18:00:00,2026-02-04 00:00:00,1,0.4135489409674356,0.401667545283271,0.01188139568416463,6.6,2.5,1.0,0.02237247827277966,0.9001449547433321,1,2026-02-03 17:00:00,2026-02-03 23:00:00,t1-direct-d7d0b047c9
2026-02-03 19:00:00,2026-02-04 01:00:00,2,0.41157784364391065,0.35339601347928684,0.058181830164623805,6.29,1.7,1.0,0.024998745923187626,0.9107023321429557,1,2026-02-03 17:00:00,2026-02-03 23:00:00,t1-direct-d7d0b047c9
2026-02-03 20:00:00,2026-02-04 02:00:00,3,0.4011155756018524,0.5275827006577418,-0.12646712505588942,7.24,2.0,1.0,0.02133141046238085,0.9127302142517892,1,2026-02-03 17:00:00,2026-02-03 23:00:00,t1-direct-d7d0b047c9
2026-02-03 21:00:00,2026-02-04 03:00:00,4,0.3436105105586047,0.38260692324781764,-0.038996412689212945,6.48,2.5,1.0,0.01316160217316753,0.9059831148290053,1,2026-02-03 17:00:00,2026-02-03 23:00:00,t1-direct-d7d0b047c9
2026-02-03 22:00:00,2026-02-04 04:00:00,5,0.37962850664029874,0.3650123625757943,0.014616144064504455,6.37,2.6,1.0,0.021473082023228784,0.8983969346154177,1,2026-02-03 17:00:00,2026-02-03 23:00:00,t1-direct-d7d0b047c9
2026-02-03 23:00:00,2026-02-04 05:00:00,6,0.457626479181239,0.3321118280555903,0.1255146511256487,6.16,2.6,1.0,0.028761270591694754,0.9719795574680393,1,2026-02-03 17:00:00,2026-02-03 23:00:00,t1-direct-d7d0b047c9
2026-02-04 00:00:00,2026-02-04 06:00:00,7,0.5862651471338429,0.5794996699662153,0.006765477167627654,7.61,2.6,1.0,0.046258446988869384,0.9960567608117712,1,2026-02-03 17:00:00,2026-02-03 23:00:00,t1-direct-d7d0b047c9
2026-02-04 01:00:00,2026-02-04 07:00:00,8,0.6192847383984464,0.448294148706277,0.17099058969216946,6.87,2.5,1.0,0.05478862955183683,0.9892753758721267,1,2026-02-03 17:00:00,2026-02-03 23:00:00,t1-direct-d7d0b047c9
2026-02-04 02:00:00,2026-02-04 08:00:00,9,0.49618598908859834,0.47176926793175467,0.02441672115684368,6.98,2.4,1.0,0.04358117003036638,0.964004830344467,1,2026-02-03 17:00:00,2026-02-03 23:00:00,t1-direct-d7d0b047c9
2026-02-04 03:00:00,2026-02-04 09:00:00,10,0.39997713475570984,0.4756469292929831,-0.07566979453727324,7.0,2.6,1.0,0.016018270412221147,0.9250667507624534,1,2026-02-03 17:00:00,2026-02-03 23:00:00,t1-direct-d7d0b047c9
2026-02-04 04:00:00,2026-02-04 10:00:00,11,0.2692800514326923,0.5064967698319174,-0.2372167183992251,7.15,3.1,1.0,0.0,0.8463302671551983,1,2026-02-03 17:00:00,2026-02-03 23:00:00,t1-direct-d7d0b047c9
2026-02-04 05:00:00,2026-02-04 11:00:00,12,0.20583817734070287,0.48425502505084017,-0.2784168477101373,7.05,3.7,1.0,0.0015932987504495566,0.7024951768252479,1,2026-02-03 17:00:00,2026-02-03 23:00:00,t1-direct-d7d0b047c9
2026-02-04 06:00:00,2026-02-04 12:00:00,13,0.17788915890960297,0.2060346397008308,-0.028145480791227834,5.21,4.9,2.0,0.0019989332544156357,0.6110576923470309,1,2026-02-03 17:00:00,2026-02-03 23:00:00,t1-direct-d7d0b047c9
2026-02-04 07:00:00,2026-02-04 13:00:00,14,0.16861639755105085,0.10483573297190253,0.06378066457914831,4.04,6.0,2.0,0.0028539832224071804,0.5477460265348291,1,2026-02-03 17:00:00,2026-02-03 23:00:00,t1-direct-d7d0b047c9
2026-02-04 08:00:00,2026-02-04 14:00:00,15,0.1447164456605085,0.1011880749000848,0.04352837076042371,3.91,7.8,2.0,0.0033704178918307626,0.47797582420112833,1,2026-02-03 17:00:00,2026-02-03 23:00:00,t1-direct-d7d0b047c9
2026-02-04 09:00:00,2026-02-04 15:00:00,16,0.1497546443975391,0.12241415376313983,0.027340490634399278,4.41,8.3,2.0,0.003143604514467546,0.45745639972202345,1,2026-02-03 17:00:00,2026-02-03 23:00:00,t1-direct-d7d0b047c9
2026-02-04 10:00:00,2026-02-04 16:00:00,17,0.1497266469954296,0.10907974305098644,0.04064690394444315,4.21,7.8,2.0,0.003145004384573019,0.4359064858574551,1,2026-02-03 17:00:00,2026-02-03 23:00:00,t1-direct-d7d0b047c9
2026-02-04 11:00:00,2026-02-04 17:00:00,18,0.07403985743731552,0.07863710294551296,-0.004597245508197442,3.48,6.3,2.0,0.006964774619681341,0.42112656133019877,1,2026-02-03 17:00:00,2026-02-03 23:00:00,t1-direct-d7d0b047c9
2026-02-04 12:00:00,2026-02-04 18:00:00,19,0.04370773733837772,0.05085241145061835,-0.00714467411224063,2.84,2.7,2.0,0.008314612898387821,0.293249202466728,1,2026-02-03 17:00:00,2026-02-03 23:00:00,t1-direct-d7d0b047c9
2026-02-04 13:00:00,2026-02-04 19:00:00,20,0.06378161414884224,0.019919772665195932,0.043861841483646316,0.73,1.1,2.0,0.007310919057864594,0.4314257673419082,1,2026-02-03 17:00:00,2026-02-03 23:00:00,t1-direct-d7d0b047c9
2026-02-04 14:00:00,2026-02-04 20:00:00,21,0.13192558495192086,0.1932415471905074,-0.06131596223858654,5.05,0.6,2.0,0.005606694546278906,0.6882957980746264,1,2026-02-03 17:00:00,2026-02-03 23:00:00,t1-direct-d7d0b047c9
2026-02-04 15:00:00,2026-02-04 21:00:00,22,0.35791318465625693,0.3942815747950022,-0.036368390138745266,6.54,0.8,2.0,0.004105947640296759,0.9211309389660667,1,2026-02-03 17:00:00,2026-02-03 23:00:00,t1-direct-d7d0b047c9
2026-02-04 16:00:00,2026-02-04 22:00:00,23,0.648433376046246,0.5222614931734537,0.12617188287279224,7.2,0.3,2.0,0.11898530513444783,1.0,1,2026-02-03 17:00:00,2026-02-03 23:00:00,t1-direct-d7d0b047c9
2026-02-04 17:00:00,2026-02-04 23:00:00,24,0.6870014780880631,0.5907362693232536,0.09626520876480948,7.67,-0.3,2.0,0.26211152653907455,1.0,1,2026-02-03 17:00:00,2026-02-03 23:00:00,t1-direct-d7d0b047c9
2026-02-04 18:00:00,2026-02-05 00:00:00,25,0.6315732489664609,0.553883902838836,0.0776893461276249,7.38,-0.9,2.0,0.2698965515767217,0.9984056632978645,1,2026-02-03 17:00:00,2026-02-03 23:00:00,t1-direct-d7d0b047c9
2026-02-04 19:00:00,2026-02-05 01:00:00,26,0.6531044404916986,0.6018326892955256,0.051271751196173,7.75,-0.9,2.0,0.285199002252272,1.0,1,2026-02-03 17:00:00,2026-02-03 23:00:00,t1-direct-d7d0b047c9
2026-02-04 20:00:00,2026-02-05 02:00:00,27,0.8364819045089514,0.6407100837198687,0.19577182078908273,8.05,-0.9,2.0,0.372700607708229,0.9931589306603769,1,2026-02-03 17:00:00,2026-02-03 23:00:00,t1-direct-d7d0b047c9
2026-02-04 21:00:00,2026-02-05 03:00:00,28,0.9072594756197518,0.6901484286310922,0.21711104698865968,8.57,-0.4,2.0,0.38300131559801653,0.9941401175854961,1,2026-02-03 17:00:00,2026-02-03 23:00:00,t1-direct-d7d0b047c9
2026-02-04 22:00:00,2026-02-05 04:00:00,29,0.9505086712885964,0.7047932559371047,0.24571541535149166,8.78,-0.4,2.0,0.4011983359557718,0.9919725770610933,1,2026-02-03 17:00:00,2026-02-03 23:00:00,t1-direct-d7d0b047c9
2026-02-04 23:00:00,2026-02-05 05:00:00,30,0.9710362558909735,0.854545643080442,0.11649061281053152,9.66,-0.4,2.0,0.4213236263078193,0.9909243634389696,1,2026-02-03 17:00:00,2026-02-03 23:00:00,t1-direct-d7d0b047c9
2026-02-05 00:00:00,2026-02-05 06:00:00,31,0.9750435802440287,0.8997939557747018,0.07524962446932693,10.41,0.5,2.0,0.42112326009016654,0.9907242473282347,1,2026-02-03 17:00:00,2026-02-03 23:00:00,t1-direct-d7d0b047c9
2026-02-05 01:00:00,2026-02-05 07:00:00,32,0.975319219840407,0.9207913468791411,0.05452787296126593,11.19,1.0,2.0,0.4211094781103476,0.9907103994651035,1,2026-02-03 17:00:00,2026-02-03 23:00:00,t1-direct-d7d0b047c9
2026-02-05 02:00:00,2026-02-05 08:00:00,33,0.9753643037033427,0.9261926567972969,0.04917164690604581,11.33,0.9,2.0,0.4211072239172009,0.9907081329219367,1,2026-02-03 17:00:00,2026-02-03 23:00:00,t1-direct-d7d0b047c9
2026-02-05 03:00:00,2026-02-05 09:00:00,34,0.9751822632601808,0.9292966608102038,0.04588560244997697,11.51,1.6,2.0,0.421116325939359,0.9907172398745225,1,2026-02-03 17:00:00,2026-02-03 23:00:00,t1-direct-d7d0b047c9
2026-02-05 04:00:00,2026-02-05 10:00:00,35,0.9751150202786993,0.9016585247775459,0.07345649550115341,10.58,2.8,2.0,0.42111968808843303,0.9907206160082964,1,2026-02-03 17:00:00,2026-02-03 23:00:00,t1-direct-d7d0b047c9
2026-02-05 05:00:00,2026-02-05 11:00:00,36,0.9763659617084632,0.9069218987177863,0.06944406299067696,10.9,4.4,2.0,0.4210571410169448,0.9906580607634545,1,2026-02-03 17:00:00,2026-02-03 23:00:00,t1-direct-d7d0b047c9
2026-02-05 06:00:00,2026-02-05 12:00:00,37,0.9887440381604112,0.9284766492733874,0.060267388887023876,11.53,6.3,3.0,0.4204382371943475,0.9900391569314062,1,2026-02-03 17:00:00,2026-02-03 23:00:00,t1-direct-d7d0b047c9
2026-02-05 07:00:00,2026-02-05 13:00:00,38,0.9889272402074085,0.9462556712863233,0.04267156892108526,12.07,7.5,3.0,0.4204290770919976,0.9900299636723487,1,2026-02-03 17:00:00,2026-02-03 23:00:00,t1-direct-d7d0b047c9
2026-02-05 08:00:00,2026-02-05 14:00:00,39,0.9732942725904172,0.9364935059064775,0.03680076668393972,11.94,8.3,3.0,0.404457494432485,0.9908117898068339,1,2026-02-03 17:00:00,2026-02-03 23:00:00,t1-direct-d7d0b047c9
2026-02-05 09:00:00,2026-02-05 15:00:00,40,0.946803524362222,0.9243859561269855,0.02241756823523655,11.38,8.6,3.0,0.3874281298844998,0.9921477608378415,1,2026-02-03 17:00:00,2026-02-03 23:00:00,t1-direct-d7d0b047c9
2026-02-05 10:00:00,2026-02-05 16:00:00,41,0.9096562701578884,0.8997381040870908,0.009918166070797652,10.5,8.0,3.0,0.38928549259471645,0.9940065234860768,1,2026-02-03 17:00:00,2026-02-03 23:00:00,t1-direct-d7d0b047c9
2026-02-05 11:00:00,2026-02-05 17:00:00,42,0.9037273982112599,0.8804813313997026,0.023246066811557275,10.15,6.6,3.0,0.3805139912840402,0.9943079605109522,1,2026-02-03 17:00:00,2026-02-03 23:00:00,t1-direct-d7d0b047c9
2026-02-05 12:00:00,2026-02-05 18:00:00,43,0.8932649450365318,0.7217588782031178,0.17150606683341396,8.89,3.9,3.0,0.37282505871239835,0.9948717280919079,1,2026-02-03 17:00:00,2026-02-03 23:00:00,t1-direct-d7d0b047c9
2026-02-05 13:00:00,2026-02-05 19:00:00,44,0.8832604699389899,0.6879268262554206,0.1953336436835693,8.56,1.7,3.0,0.36078357317729337,0.9953337357943451,1,2026-02-03 17:00:00,2026-02-03 23:00:00,t1-direct-d7d0b047c9
2026-02-05 14:00:00,2026-02-05 20:00:00,45,0.830236162313248,0.6347942694237638,0.19544189288948421,8.02,0.7,3.0,0.3139108581656447,0.9976135013244333,1,2026-02-03 17:00:00,2026-02-03 23:00:00,t1-direct-d7d0b047c9
2026-02-05 15:00:00,2026-02-05 21:00:00,46,0.7365863813714819,0.4530758691642526,0.28351051220722934,6.87,-0.2,3.0,0.27259354019326143,1.0,1,2026-02-03 17:00:00,2026-02-03 23:00:00,t1-direct-d7d0b047c9
2026-02-05 16:00:00,2026-02-05 22:00:00,47,0.6061739519688484,0.3896833298949597,0.2164906220738887,6.5,-0.6,3.0,0.19771795422142668,1.0,1,2026-02-03 17:00:00,2026-02-03 23:00:00,t1-direct-d7d0b047c9
2026-02-05 17:00:00,2026-02-05 23:00:00,48,0.6061725220127506,0.4433377651729954,0.16283475683975523,6.82,-0.7,3.0,0.2086562006744634,1.0,1,2026-02-03 17:00:00,2026-02-03 23:00:00,t1-direct-d7d0b047c9
2026-02-04 18:00:00,2026-02-05 00:00:00,1,0.6806371996890166,0.5867664582320348,0.09387074145698182,7.63,-1.3,1.0,0.2982416689222278,0.9993021925559019,1,2026-02-04 17:00:00,2026-02-04 23:00:00,t1-direct-d7d0b047c9
2026-02-04 19:00:00,2026-02-05 01:00:00,2,0.8595370381719178,0.6873165295791768,0.17222050859274107,8.52,-1.3,1.0,0.39190733116627813,0.9917800097715083,1,2026-02-04 17:00:00,2026-02-04 23:00:00,t1-direct-d7d0b047c9
2026-02-04 20:00:00,2026-02-05 02:00:00,3,0.9569817057976945,0.7966764312887535,0.16030527450894094,9.11,-0.9,1.0,0.41135171509248514,0.9916599531722375,1,2026-02-04 17:00:00,2026-02-04 23:00:00,t1-direct-d7d0b047c9
2026-02-04 21:00:00,2026-02-05 03:00:00,4,0.9706210882937866,0.8560400132137087,0.11458107508007787,9.71,-0.4,1.0,0.41066974596768047,0.9909476854670254,1,2026-02-04 17:00:00,2026-02-04 23:00:00,t1-direct-d7d0b047c9
2026-02-04 22:00:00,2026-02-05 04:00:00,5,0.9750235632269,0.880615681669382,0.094407881557518,10.07,-0.1,1.0,0.42112426094102295,0.990724950274473,1,2026-02-04 17:00:00,2026-02-04 23:00:00,t1-direct-d7d0b047c9
2026-02-04 23:00:00,2026-02-05 05:00:00,6,0.9750435802440287,0.8998444685929211,0.0751991116511076,10.41,0.2,1.0,0.42112326009016654,0.9907241882312547,1,2026-02-04 17:00:00,2026-02-04 23:00:00,t1-direct-d7d0b047c9
2026-02-05 00:00:00,2026-02-05 06:00:00,7,0.9750058132634275,0.9120337419609243,0.06297207130250315,10.98,1.1,1.0,0.4211251484391966,0.9907260678701733,1,2026-02-04 17:00:00,2026-02-04 23:00:00,t1-direct-d7d0b047c9
2026-02-05 01:00:00,2026-02-05 07:00:00,8,0.9753644358069871,0.9329665717125666,0.04239786409442048,11.71,1.5,1.0,0.4211072173120186,0.9907081312598187,1,2026-02-04 17:00:00,2026-02-04 23:00:00,t1-direct-d7d0b047c9
2026-02-05 02:00:00,2026-02-05 08:00:00,9,0.9753028582025215,0.9398601231517153,0.035442735050806196,11.89,1.4,1.0,0.42111029619224194,0.9907112039118264,1,2026-02-04 17:00:00,2026-02-04 23:00:00,t1-direct-d7d0b047c9
2026-02-05 03:00:00,2026-02-05 09:00:00,10,0.975149075781143,0.9455163497744189,0.029632726006724064,11.98,2.0,1.0,0.4211179853133109,0.9907188930328954,1,2026-02-04 17:00:00,2026-02-04 23:00:00,t1-direct-d7d0b047c9
2026-02-05 04:00:00,2026-02-05 10:00:00,11,0.9753002940565554,0.9305277852806016,0.044772508775953734,11.6,3.2,1.0,0.4211104243995403,0.9907113320713469,1,2026-02-04 17:00:00,2026-02-04 23:00:00,t1-direct-d7d0b047c9
2026-02-05 05:00:00,2026-02-05 11:00:00,12,0.9764567110404546,0.9273748412766771,0.049081869763777486,11.45,4.9,1.0,0.42105260355034524,0.9906535146528703,1,2026-02-04 17:00:00,2026-02-04 23:00:00,t1-direct-d7d0b047c9
2026-02-05 06:00:00,2026-02-05 12:00:00,13,0.988948774215304,0.9540749096232758,0.034873864592028236,12.16,5.9,2.0,0.4204280003916028,0.9900288891698706,1,2026-02-04 17:00:00,2026-02-04 23:00:00,t1-direct-d7d0b047c9
2026-02-05 07:00:00,2026-02-05 13:00:00,14,0.9856901466741318,0.9730165506156944,0.01267359605843743,12.64,7.3,2.0,0.4038377007282994,0.9901918210668081,1,2026-02-04 17:00:00,2026-02-04 23:00:00,t1-direct-d7d0b047c9
2026-02-05 08:00:00,2026-02-05 14:00:00,15,0.9689521358202396,0.9321081572872129,0.03684397853302679,11.75,7.7,2.0,0.40467460127099397,0.9910402879721077,1,2026-02-04 17:00:00,2026-02-04 23:00:00,t1-direct-d7d0b047c9
2026-02-05 09:00:00,2026-02-05 15:00:00,16,0.8957271665928718,0.901069599823317,-0.005342433230445254,10.6,7.9,2.0,0.34677146623490873,0.9947109063842213,1,2026-02-04 17:00:00,2026-02-04 23:00:00,t1-direct-d7d0b047c9
2026-02-05 10:00:00,2026-02-05 16:00:00,17,0.8697225536822617,0.6901553880407608,0.17956716564150088,8.65,7.3,2.0,0.3417630488747535,0.9960109620684485,1,2026-02-04 17:00:00,2026-02-04 23:00:00,t1-direct-d7d0b047c9
2026-02-05 11:00:00,2026-02-05 17:00:00,18,0.8736294280551075,0.6668696220025081,0.20675980605259936,8.32,5.9,2.0,0.36163976216922533,0.995795783745275,1,2026-02-04 17:00:00,2026-02-04 23:00:00,t1-direct-d7d0b047c9
2026-02-05 12:00:00,2026-02-05 18:00:00,19,0.8477258089880433,0.6797626158127525,0.16796319317529074,8.46,3.4,2.0,0.35029203189378355,0.9960096810299636,1,2026-02-04 17:00:00,2026-02-04 23:00:00,t1-direct-d7d0b047c9
2026-02-05 13:00:00,2026-02-05 19:00:00,20,0.753277840195722,0.5144090601896464,0.2388687800060756,7.17,1.1,2.0,0.28906591017929173,1.0,1,2026-02-04 17:00:00,2026-02-04 23:00:00,t1-direct-d7d0b047c9
2026-02-05 14:00:00,2026-02-05 20:00:00,21,0.6775129749668543,0.40524136703642816,0.2722716079304261,6.6,-0.3,2.0,0.2077831672367419,1.0,1,2026-02-04 17:00:00,2026-02-04 23:00:00,t1-direct-d7d0b047c9
2026-02-05 15:00:00,2026-02-05 21:00:00,22,0.6471760753167268,0.4279485605372353,0.21922751477949154,6.74,-0.6,2.0,0.2073830654346463,1.0,1,2026-02-04 17:00:00,2026-02-04 23:00:00,t1-direct-d7d0b047c9
2026-02-05 16:00:00,2026-02-05 22:00:00,23,0.6883936986751049,0.42475979131704555,0.26363390735805936,6.72,-0.6,2.0,0.21189779133383524,0.9999693210772596,1,2026-02-04 17:00:00,2026-02-04 23:00:00,t1-direct-d7d0b047c9
2026-02-05 17:00:00,2026-02-05 23:00:00,24,0.6773074888680831,0.4800274470117086,0.19728004185637454,6.99,-1.0,2.0,0.19755433798352856,1.0,1,2026-02-04 17:00:00,2026-02-04 23:00:00,t1-direct-d7d0b047c9
2026-02-05 18:00:00,2026-02-06 00:00:00,25,0.477112657284138,0.3654124832567441,0.1117001740273939,6.34,-1.6,2.0,0.19854070078522618,0.969477453581234,1,2026-02-04 17:00:00,2026-02-04 23:00:00,t1-direct-d7d0b047c9
2026-02-05 19:00:00,2026-02-06 01:00:00,26,0.4781140738127871,0.32058200683259414,0.15753206698019295,6.06,-0.9,2.0,0.13466900923732783,0.9079835512782817,1,2026-02-04 17:00:00,2026-02-04 23:00:00,t1-direct-d7d0b047c9
2026-02-05 20:00:00,2026-02-06 02:00:00,27,0.4235598109190983,0.26437406179479467,0.1591857491243036,5.68,-0.8,2.0,0.10209946846017787,0.913605108701639,1,2026-02-04 17:00:00,2026-02-04 23:00:00,t1-direct-d7d0b047c9
2026-02-05 21:00:00,2026-02-06 03:00:00,28,0.32640731029759495,0.22992459697384626,0.09648271332374869,5.39,-1.1,2.0,0.06492735668761263,0.8547111027572137,1,2026-02-04 17:00:00,2026-02-04 23:00:00,t1-direct-d7d0b047c9
2026-02-05 22:00:00,2026-02-06 04:00:00,29,0.15505500144602238,0.19184919468519715,-0.036794193239174766,5.03,-0.3,2.0,0.007876920292539447,0.7731707449527584,1,2026-02-04 17:00:00,2026-02-04 23:00:00,t1-direct-d7d0b047c9
2026-02-05 23:00:00,2026-02-06 05:00:00,30,0.16204987683287655,0.059156209206927574,0.10289366762594898,3.06,0.5,2.0,0.0,0.5990532405154607,1,2026-02-04 17:00:00,2026-02-04 23:00:00,t1-direct-d7d0b047c9
2026-02-06 00:00:00,2026-02-06 06:00:00,31,0.12192204114141646,0.0591426116656366,0.06277942947577986,3.06,0.6,2.0,0.004460030305634841,0.7026552439645992,1,2026-02-04 17:00:00,2026-02-04 23:00:00,t1-direct-d7d0b047c9
2026-02-06 01:00:00,2026-02-06 07:00:00,32,0.07232083737878049,0.6277007427171669,-0.5553799053383864,7.97,1.2,2.0,0.006880717096688194,0.47676761057257744,1,2026-02-04 17:00:00,2026-02-04 23:00:00,t1-direct-d7d0b047c9
2026-02-06 02:00:00,2026-02-06 08:00:00,33,0.04343259056782482,0.27553086784324443,-0.2320982772754196,5.78,0.3,2.0,0.008325129437235984,0.3551583511655389,1,2026-02-04 17:00:00,2026-02-04 23:00:00,t1-direct-d7d0b047c9
2026-02-06 03:00:00,2026-02-06 09:00:00,34,0.08044649704211124,0.21456303989743034,-0.1341165428553191,5.28,1.9,2.0,0.0066304969100406536,0.6012754421562717,1,2026-02-04 17:00:00,2026-02-04 23:00:00,t1-direct-d7d0b047c9
2026-02-06 04:00:00,2026-02-06 10:00:00,35,0.28407790689443874,0.6819005848645926,-0.39782267797015386,8.5,4.3,2.0,0.0,0.8230336253165347,1,2026-02-04 17:00:00,2026-02-04 23:00:00,t1-direct-d7d0b047c9
2026-02-06 05:00:00,2026-02-06 11:00:00,36,0.46797749227508345,0.977136376694971,-0.5091588844198875,13.45,6.7,2.0,0.02264904863839723,1.0,1,2026-02-04 17:00:00,2026-02-04 23:00:00,t1-direct-d7d0b047c9
2026-02-06 06:00:00,2026-02-06 12:00:00,37,0.7659163715196163,0.9723319319024458,-0.2064155603828295,12.57,6.1,3.0,0.28179761709157397,1.0,1,2026-02-04 17:00:00,2026-02-04 23:00:00,t1-direct-d7d0b047c9
2026-02-06 07:00:00,2026-02-06 13:00:00,38,0.9465551378013944,0.8826605802142538,0.06389455758714069,10.18,6.8,3.0,0.33893945803235026,0.9939955005217553,1,2026-02-04 17:00:00,2026-02-04 23:00:00,t1-direct-d7d0b047c9
2026-02-06 08:00:00,2026-02-06 14:00:00,39,0.9718917939975072,0.9766666666666667,-0.004774872669159436,13.05,6.8,3.0,0.38008792770565647,0.9908953299781972,1,2026-02-04 17:00:00,2026-02-04 23:00:00,t1-direct-d7d0b047c9
2026-02-06 09:00:00,2026-02-06 15:00:00,40,0.9740077317763249,0.9766666666666667,-0.0026589348903417465,12.98,6.0,3.0,0.4211750525135518,0.9907759694686069,1,2026-02-04 17:00:00,2026-02-04 23:00:00,t1-direct-d7d0b047c9
2026-02-06 10:00:00,2026-02-06 16:00:00,41,0.9740692362749105,0.9766666666666667,-0.0025974303917561947,13.0,5.6,3.0,0.4280046661321627,0.9907721760636932,1,2026-02-04 17:00:00,2026-02-04 23:00:00,t1-direct-d7d0b047c9
2026-02-06 11:00:00,2026-02-06 17:00:00,42,0.9718041392300172,0.9766666666666667,-0.0048625274366495,13.23,4.6,3.0,0.4281179209844075,0.9908853574813015,1,2026-02-04 17:00:00,2026-02-04 23:00:00,t1-direct-d7d0b047c9
2026-02-06 12:00:00,2026-02-06 18:00:00,43,0.9704940485353762,0.9794875241671863,-0.008993475631810077,13.56,2.5,3.0,0.42818342551913946,0.9909587851786454,1,2026-02-04 17:00:00,2026-02-04 23:00:00,t1-direct-d7d0b047c9
2026-02-06 13:00:00,2026-02-06 19:00:00,44,0.9685910981311875,0.9766666666666667,-0.008075568535479194,12.97,1.9,3.0,0.4282785730393489,0.9910522765265847,1,2026-02-04 17:00:00,2026-02-04 23:00:00,t1-direct-d7d0b047c9
2026-02-06 14:00:00,2026-02-06 20:00:00,45,0.9407509796957289,0.930102114573658,0.01064886512207086,11.55,1.3,3.0,0.40959852194800794,0.9924418692329817,1,2026-02-04 17:00:00,2026-02-04 23:00:00,t1-direct-d7d0b047c9
2026-02-06 15:00:00,2026-02-06 21:00:00,46,0.9528629553031484,0.8879901230905194,0.06487283221262896,10.17,0.5,3.0,0.4290649801807509,0.9918320006914166,1,2026-02-04 17:00:00,2026-02-04 23:00:00,t1-direct-d7d0b047c9
2026-02-06 16:00:00,2026-02-06 22:00:00,47,0.9671750811935649,0.8500491385873309,0.11712594260623399,9.52,0.5,3.0,0.4283493738862302,0.9911185735279822,1,2026-02-04 17:00:00,2026-02-04 23:00:00,t1-direct-d7d0b047c9
2026-02-06 17:00:00,2026-02-06 23:00:00,48,0.9574766132922348,0.8388786455537709,0.11859796773846387,9.28,0.6,3.0,0.42883429728129663,0.9914731673506153,1,2026-02-04 17:00:00,2026-02-04 23:00:00,t1-direct-d7d0b047c9
2026-02-05 18:00:00,2026-02-06 00:00:00,1,0.49535913404160997,0.40187093116349865,0.09348820287811133,6.57,-1.4,1.0,0.19762837694735252,0.9615180014264764,1,2026-02-05 17:00:00,2026-02-05 23:00:00,t1-direct-d7d0b047c9
2026-02-05 19:00:00,2026-02-06 01:00:00,2,0.42158124245307255,0.3401515177666729,0.08142972468639964,6.18,-1.6,1.0,0.13627110205829446,0.9205040195344553,1,2026-02-05 17:00:00,2026-02-05 23:00:00,t1-direct-d7d0b047c9
2026-02-05 20:00:00,2026-02-06 02:00:00,3,0.38842052742395405,0.24253495929689778,0.14588556812705628,5.49,-1.9,1.0,0.11057272113787914,0.8783621947769147,1,2026-02-05 17:00:00,2026-02-05 23:00:00,t1-direct-d7d0b047c9
2026-02-05 21:00:00,2026-02-06 03:00:00,4,0.35491918218269863,0.20154367205724957,0.15337551012544906,5.12,-2.0,1.0,0.0657625480615115,0.8265201547050594,1,2026-02-05 17:00:00,2026-02-05 23:00:00,t1-direct-d7d0b047c9
2026-02-05 22:00:00,2026-02-06 04:00:00,5,0.18385741367101352,0.16340377628448016,0.020453637386533358,4.73,-1.8,1.0,0.028648350065315492,0.7910636268847301,1,2026-02-05 17:00:00,2026-02-05 23:00:00,t1-direct-d7d0b047c9
2026-02-05 23:00:00,2026-02-06 05:00:00,6,0.1081326085209833,0.05758713807761533,0.050545470443367976,3.01,-1.4,1.0,0.010829190253700965,0.7494696207688356,1,2026-02-05 17:00:00,2026-02-05 23:00:00,t1-direct-d7d0b047c9
2026-02-06 00:00:00,2026-02-06 06:00:00,7,0.08670339216101572,0.05421701322793821,0.03248637893307751,2.92,-0.8,1.0,0.003586065579214995,0.594242664606544,1,2026-02-05 17:00:00,2026-02-05 23:00:00,t1-direct-d7d0b047c9
2026-02-06 01:00:00,2026-02-06 07:00:00,8,0.11130488685553093,0.030218899119745554,0.08108598773578538,2.02,0.2,1.0,0.0049525509448088145,0.6482329394193336,1,2026-02-05 17:00:00,2026-02-05 23:00:00,t1-direct-d7d0b047c9
2026-02-06 02:00:00,2026-02-06 08:00:00,9,0.10851679348241412,0.32271905949497226,-0.21420226601255815,6.09,1.3,1.0,0.0050741591328151425,0.5027200194826652,1,2026-02-05 17:00:00,2026-02-05 23:00:00,t1-direct-d7d0b047c9
2026-02-06 03:00:00,2026-02-06 09:00:00,10,0.04146629079147178,0.5389276792397967,-0.4974613884483249,7.29,1.6,1.0,0.008450547511312266,0.420012532183073,1,2026-02-05 17:00:00,2026-02-05 23:00:00,t1-direct-d7d0b047c9
2026-02-06 04:00:00,2026-02-06 10:00:00,11,0.03486343146192437,0.23743206202843792,-0.20256863056651356,5.48,3.0,1.0,0.00865016823845257,0.40650839050117826,1,2026-02-05 17:00:00,2026-02-05 23:00:00,t1-direct-d7d0b047c9
2026-02-06 05:00:00,2026-02-06 11:00:00,12,0.2048950925170257,0.0481539501210279,0.1567411423959978,2.77,4.5,1.0,0.0002375486954067918,0.7643358736417933,1,2026-02-05 17:00:00,2026-02-05 23:00:00,t1-direct-d7d0b047c9
2026-02-06 06:00:00,2026-02-06 12:00:00,13,0.5837857450662408,0.9262375305413717,-0.3424517854751309,11.42,7.3,2.0,0.13642618402312184,1.0,1,2026-02-05 17:00:00,2026-02-05 23:00:00,t1-direct-d7d0b047c9
2026-02-06 07:00:00,2026-02-06 13:00:00,14,0.9142947915679704,0.972720474511598,-0.0584256829436276,12.61,6.8,2.0,0.3376227836141982,0.9959353027126541,1,2026-02-05 17:00:00,2026-02-05 23:00:00,t1-direct-d7d0b047c9
2026-02-06 08:00:00,2026-02-06 14:00:00,15,0.9662203174057865,0.9726085511541488,-0.006388233748362282,12.6,6.7,2.0,0.405147282748862,0.9911667229562907,1,2026-02-05 17:00:00,2026-02-05 23:00:00,t1-direct-d7d0b047c9
2026-02-06 09:00:00,2026-02-06 15:00:00,16,0.9897932240022786,0.9766666666666667,0.013126557335611966,13.06,6.6,2.0,0.42038577790225407,0.9899866903514956,1,2026-02-05 17:00:00,2026-02-05 23:00:00,t1-direct-d7d0b047c9
2026-02-06 10:00:00,2026-02-06 16:00:00,17,0.9895635510803436,0.9766666666666667,0.012896884413676868,13.08,4.8,2.0,0.4203972615483508,0.9899981705473994,1,2026-02-05 17:00:00,2026-02-05 23:00:00,t1-direct-d7d0b047c9
2026-02-06 11:00:00,2026-02-06 17:00:00,18,0.9896234609976886,0.9710649841769189,0.01855847682076972,12.45,4.5,2.0,0.4272269548960239,0.9899951734388206,1,2026-02-05 17:00:00,2026-02-05 23:00:00,t1-direct-d7d0b047c9
2026-02-06 12:00:00,2026-02-06 18:00:00,19,0.989549295590402,0.986714641133892,0.0028346544565099885,14.21,3.6,2.0,0.42723066316638825,0.9899988840877443,1,2026-02-05 17:00:00,2026-02-05 23:00:00,t1-direct-d7d0b047c9
2026-02-06 13:00:00,2026-02-06 19:00:00,20,0.9895829562241456,0.9805915022181,0.008991454006045618,13.65,2.9,2.0,0.4272289801347011,0.9899971914532891,1,2026-02-05 17:00:00,2026-02-05 23:00:00,t1-direct-d7d0b047c9
2026-02-06 14:00:00,2026-02-06 20:00:00,21,0.9895992624321402,0.983303958071796,0.0062953043603442005,13.85,2.6,2.0,0.42722816482430126,0.9899963761314753,1,2026-02-05 17:00:00,2026-02-05 23:00:00,t1-direct-d7d0b047c9
2026-02-06 15:00:00,2026-02-06 21:00:00,22,0.9896196059908186,0.9843877172269362,0.005231888763882364,13.95,2.1,2.0,0.4272271476463674,0.9899953595095621,1,2026-02-05 17:00:00,2026-02-05 23:00:00,t1-direct-d7d0b047c9
2026-02-06 16:00:00,2026-02-06 22:00:00,23,0.98880458408886,0.9766666666666667,0.012137917422193278,12.98,1.4,2.0,0.4272678987414654,0.9900361400259189,1,2026-02-05 17:00:00,2026-02-05 23:00:00,t1-direct-d7d0b047c9
2026-02-06 17:00:00,2026-02-06 23:00:00,24,0.9894231367798423,0.9384684324483482,0.05095470433149407,11.87,1.4,2.0,0.4272369711069163,0.9900060408394876,1,2026-02-05 17:00:00,2026-02-05 23:00:00,t1-direct-d7d0b047c9
2026-02-06 18:00:00,2026-02-07 00:00:00,25,0.9822081710654802,0.9440351952618165,0.038172975803663745,11.95,1.4,2.0,0.42759771939263436,0.990415267030047,1,2026-02-05 17:00:00,2026-02-05 23:00:00,t1-direct-d7d0b047c9
2026-02-06 19:00:00,2026-02-07 01:00:00,26,0.9557655256584524,0.9033540344666079,0.05241149119184452,10.69,1.4,2.0,0.4165612136268232,0.9914309364002591,1,2026-02-05 17:00:00,2026-02-05 23:00:00,t1-direct-d7d0b047c9
2026-02-06 20:00:00,2026-02-07 02:00:00,27,0.8819099087260581,0.8987317086517091,-0.016821799925651026,10.34,1.3,2.0,0.33519137188449644,0.9897705586413318,1,2026-02-05 17:00:00,2026-02-05 23:00:00,t1-direct-d7d0b047c9
2026-02-06 21:00:00,2026-02-07 03:00:00,28,0.7979654489350719,0.8480517507508423,-0.05008630181577034,9.46,1.1,2.0,0.29795900872620895,0.9837939258650136,1,2026-02-05 17:00:00,2026-02-05 23:00:00,t1-direct-d7d0b047c9
2026-02-06 22:00:00,2026-02-07 04:00:00,29,0.539796290978851,0.6490214975580051,-0.10922520657915413,8.13,0.7,2.0,0.054590235054628955,0.9791466852493358,1,2026-02-05 17:00:00,2026-02-05 23:00:00,t1-direct-d7d0b047c9
2026-02-06 23:00:00,2026-02-07 05:00:00,30,0.3280153947108603,0.5671900727095464,-0.23917467799868608,7.49,-0.1,2.0,0.0,0.8451053429062234,1,2026-02-05 17:00:00,2026-02-05 23:00:00,t1-direct-d7d0b047c9
2026-02-07 00:00:00,2026-02-07 06:00:00,31,0.2679686167942868,0.2323176381500016,0.03565097864428521,5.41,-1.1,2.0,0.0,0.6479313465490071,1,2026-02-05 17:00:00,2026-02-05 23:00:00,t1-direct-d7d0b047c9
2026-02-07 01:00:00,2026-02-07 07:00:00,32,0.1290796748638005,0.1354775969380611,-0.006397922074260598,4.48,-1.0,2.0,0.004020122106563384,0.3885084893769117,1,2026-02-05 17:00:00,2026-02-05 23:00:00,t1-direct-d7d0b047c9
2026-02-07 02:00:00,2026-02-07 08:00:00,33,0.01976967386758356,0.03990983352247363,-0.020140159654890074,2.44,-1.5,2.0,0.009511516071927533,0.18646188365015173,1,2026-02-05 17:00:00,2026-02-05 23:00:00,t1-direct-d7d0b047c9
2026-02-07 03:00:00,2026-02-07 09:00:00,34,0.010082555525222612,0.02,-0.009917444474777388,0.86,-0.4,2.0,0.009995871989045581,0.11581589048166009,1,2026-02-05 17:00:00,2026-02-05 23:00:00,t1-direct-d7d0b047c9
2026-02-07 04:00:00,2026-02-07 10:00:00,35,0.01616573766315587,0.029204268267612136,-0.013038530604456266,1.97,0.6,2.0,0.009691712882148918,0.2037089179247766,1,2026-02-05 17:00:00,2026-02-05 23:00:00,t1-direct-d7d0b047c9
2026-02-07 05:00:00,2026-02-07 11:00:00,36,0.03968189594024111,0.028740326307181416,0.010941569633059693,1.95,2.0,2.0,0.008499440092750794,0.3561234431615468,1,2026-02-05 17:00:00,2026-02-05 23:00:00,t1-direct-d7d0b047c9
2026-02-07 06:00:00,2026-02-07 12:00:00,37,0.07224738271376384,0.03132301472766018,0.04092436798610366,2.08,2.0,3.0,0.006963760762384294,0.5021516195444437,1,2026-02-05 17:00:00,2026-02-05 23:00:00,t1-direct-d7d0b047c9
2026-02-07 07:00:00,2026-02-07 13:00:00,38,0.1054929406857355,0.025527234312638074,0.07996570637309743,1.79,2.8,3.0,0.005285621625075343,0.5731692196003286,1,2026-02-05 17:00:00,2026-02-05 23:00:00,t1-direct-d7d0b047c9
2026-02-07 08:00:00,2026-02-07 14:00:00,39,0.09986921046953295,0.030871285129201266,0.0689979253403317,2.06,3.1,3.0,0.005566808135885476,0.5318159401889502,1,2026-02-05 17:00:00,2026-02-05 23:00:00,t1-direct-d7d0b047c9
2026-02-07 09:00:00,2026-02-07 15:00:00,40,0.11379138533284536,0.04139930464355675,0.07239208068928861,2.51,3.1,3.0,0.004870699392719849,0.5479528995368768,1,2026-02-05 17:00:00,2026-02-05 23:00:00,t1-direct-d7d0b047c9
2026-02-07 10:00:00,2026-02-07 16:00:00,41,0.12250794720280701,0.07450020225804493,0.04800774494476208,3.4,2.9,3.0,0.004501647268995004,0.5894839472541445,1,2026-02-05 17:00:00,2026-02-05 23:00:00,t1-direct-d7d0b047c9
2026-02-07 11:00:00,2026-02-07 17:00:00,42,0.10177051578406397,0.1587546687833378,-0.05698415299927383,4.71,2.1,3.0,0.005380982490327119,0.4627087355497665,1,2026-02-05 17:00:00,2026-02-05 23:00:00,t1-direct-d7d0b047c9
2026-02-07 12:00:00,2026-02-07 18:00:00,43,0.10388363052770512,0.05888637663102106,0.04499725389668406,3.05,-0.2,3.0,0.005905240420145605,0.5188859339746463,1,2026-02-05 17:00:00,2026-02-05 23:00:00,t1-direct-d7d0b047c9
2026-02-07 13:00:00,2026-02-07 19:00:00,44,0.1613626804958998,0.2800988098140161,-0.11873612931811628,5.81,0.4,3.0,0.0024283901576028777,0.6636902122035726,1,2026-02-05 17:00:00,2026-02-05 23:00:00,t1-direct-d7d0b047c9
2026-02-07 14:00:00,2026-02-07 20:00:00,45,0.2764141654344592,0.81901771428917,-0.5426035488547108,9.2,-0.1,3.0,0.0,0.8495122175984281,1,2026-02-05 17:00:00,2026-02-05 23:00:00,t1-direct-d7d0b047c9
2026-02-07 15:00:00,2026-02-07 21:00:00,46,0.5381928095881026,0.9054491757146904,-0.36725636612658785,10.8,-0.5,3.0,0.13981424256901748,1.0,1,2026-02-05 17:00:00,2026-02-05 23:00:00,t1-direct-d7d0b047c9
2026-02-07 16:00:00,2026-02-07 22:00:00,47,0.6427638639090854,0.8474415150913291,-0.2046776511822438,9.42,-0.6,3.0,0.17780060578331858,1.0,1,2026-02-05 17:00:00,2026-02-05 23:00:00,t1-direct-d7d0b047c9
2026-02-07 17:00:00,2026-02-07 23:00:00,48,0.6213275783752882,0.6997341984494007,-0.07840662007411248,8.7,-1.1,3.0,0.2064692463182108,1.0,1,2026-02-05 17:00:00,2026-02-05 23:00:00,t1-direct-d7d0b047c9
2026-02-06 18:00:00,2026-02-07 00:00:00,1,0.8103242558693289,0.6041207597823589,0.20620349608696997,7.78,0.4,1.0,0.25529638511862895,0.9947526438732419,1,2026-02-06 17:00:00,2026-02-06 23:00:00,t1-direct-d7d0b047c9
2026-02-06 19:00:00,2026-02-07 01:00:00,2,0.6314837526670042,0.35693717489398613,0.27454657777301805,6.3,0.1,1.0,0.20825786660494694,0.9952770497137742,1,2026-02-06 17:00:00,2026-02-06 23:00:00,t1-direct-d7d0b047c9
2026-02-06 20:00:00,2026-02-07 02:00:00,3,0.5649255118770176,0.274548532755561,0.29037697912145655,5.77,-0.1,1.0,0.14160855276711093,0.9770400462526774,1,2026-02-06 17:00:00,2026-02-06 23:00:00,t1-direct-d7d0b047c9
2026-02-06 21:00:00,2026-02-07 03:00:00,4,0.44883518183228016,0.3446202487279065,0.10421493310437369,6.22,-0.1,1.0,0.04854092509760799,0.9252343619594632,1,2026-02-06 17:00:00,2026-02-06 23:00:00,t1-direct-d7d0b047c9
2026-02-06 22:00:00,2026-02-07 04:00:00,5,0.33781829834885463,0.3198877719675361,0.017930526381318534,6.06,-0.3,1.0,0.0,0.8264948310344526,1,2026-02-06 17:00:00,2026-02-06 23:00:00,t1-direct-d7d0b047c9
2026-02-06 23:00:00,2026-02-07 05:00:00,6,0.22510697169142876,0.2904603870710564,-0.06535341537962766,5.87,-0.5,1.0,0.0,0.6080140306737076,1,2026-02-06 17:00:00,2026-02-06 23:00:00,t1-direct-d7d0b047c9
2026-02-07 00:00:00,2026-02-07 06:00:00,7,0.06842966642825286,0.10279108227126539,-0.03436141584301253,3.93,-0.8,1.0,0.007031402617300973,0.40697367263619993,1,2026-02-06 17:00:00,2026-02-06 23:00:00,t1-direct-d7d0b047c9
2026-02-07 01:00:00,2026-02-07 07:00:00,8,0.004230035674443542,0.04286942506403924,-0.0386393893895957,2.55,-1.9,1.0,0.004230035674443542,0.18739311171759201,1,2026-02-06 17:00:00,2026-02-06 23:00:00,t1-direct-d7d0b047c9
2026-02-07 02:00:00,2026-02-07 08:00:00,9,0.010973726766453471,0.02,-0.009026273233546529,0.91,-2.2,1.0,0.009951313426984038,0.08271931008431008,1,2026-02-06 17:00:00,2026-02-06 23:00:00,t1-direct-d7d0b047c9
2026-02-07 03:00:00,2026-02-07 09:00:00,10,0.010428350581778777,0.019460964297127237,-0.00903261371534846,0.59,-1.1,1.0,0.009978582236217773,0.07653276662953712,1,2026-02-06 17:00:00,2026-02-06 23:00:00,t1-direct-d7d0b047c9
2026-02-07 04:00:00,2026-02-07 10:00:00,11,0.019928875436193712,0.020835055288527894,-0.0009061798523341824,1.34,0.5,1.0,0.009503555993497025,0.20045141761083943,1,2026-02-06 17:00:00,2026-02-06 23:00:00,t1-direct-d7d0b047c9
2026-02-07 05:00:00,2026-02-07 11:00:00,12,0.09367427658424024,0.06556623475674374,0.028108041827496502,3.24,1.6,1.0,0.005924863622301962,0.46768691956775643,1,2026-02-06 17:00:00,2026-02-06 23:00:00,t1-direct-d7d0b047c9
2026-02-07 06:00:00,2026-02-07 12:00:00,13,0.16686349370166048,0.07981891538760547,0.08704457831405502,3.48,1.8,2.0,0.002250400002215852,0.7483746921848602,1,2026-02-06 17:00:00,2026-02-06 23:00:00,t1-direct-d7d0b047c9
2026-02-07 07:00:00,2026-02-07 13:00:00,14,0.2194469283643908,0.13660580168156544,0.08284112668282537,4.51,2.6,2.0,0.0,0.7092678467572504,1,2026-02-06 17:00:00,2026-02-06 23:00:00,t1-direct-d7d0b047c9
2026-02-07 08:00:00,2026-02-07 14:00:00,15,0.2505845127367819,0.2014209674774291,0.04916354525935279,5.15,3.0,2.0,0.0041314851032950295,0.6667961959300194,1,2026-02-06 17:00:00,2026-02-06 23:00:00,t1-direct-d7d0b047c9
2026-02-07 09:00:00,2026-02-07 15:00:00,16,0.2244789222458249,0.1890693455525001,0.03540957669332481,5.02,2.8,2.0,0.0009900580718902874,0.614529452443094,1,2026-02-06 17:00:00,2026-02-06 23:00:00,t1-direct-d7d0b047c9
2026-02-07 10:00:00,2026-02-07 16:00:00,17,0.13105992319525533,0.11183193911335924,0.01922798408189609,4.28,2.0,2.0,0.005267130550319965,0.522391985117368,1,2026-02-06 17:00:00,2026-02-06 23:00:00,t1-direct-d7d0b047c9
2026-02-07 11:00:00,2026-02-07 17:00:00,18,0.05333689623957713,0.073128847758393,-0.019791951518815867,3.37,0.9,2.0,0.00783116711886292,0.31277243237427577,1,2026-02-06 17:00:00,2026-02-06 23:00:00,t1-direct-d7d0b047c9
2026-02-07 12:00:00,2026-02-07 18:00:00,19,0.0601392198404775,0.022641100485120302,0.0374981193553572,1.52,-0.3,2.0,0.007493038773282834,0.2937278638297442,1,2026-02-06 17:00:00,2026-02-06 23:00:00,t1-direct-d7d0b047c9
2026-02-07 13:00:00,2026-02-07 19:00:00,20,0.09343987023770384,0.12940062076887807,-0.03596075053117423,4.43,0.0,2.0,0.005981991067269654,0.5598504149592969,1,2026-02-06 17:00:00,2026-02-06 23:00:00,t1-direct-d7d0b047c9
2026-02-07 14:00:00,2026-02-07 20:00:00,21,0.21310113075045375,0.5019464344104114,-0.28884530365995764,7.1,-0.2,2.0,0.0017268540424456857,0.743125261432351,1,2026-02-06 17:00:00,2026-02-06 23:00:00,t1-direct-d7d0b047c9
2026-02-07 15:00:00,2026-02-07 21:00:00,22,0.3429073745282475,0.527631515825524,-0.18472414129727655,7.22,-0.3,2.0,0.014606908930126061,0.9212665706715462,1,2026-02-06 17:00:00,2026-02-06 23:00:00,t1-direct-d7d0b047c9
2026-02-07 16:00:00,2026-02-07 22:00:00,23,0.45430283776021374,0.5681389474610952,-0.11383610970088143,7.49,-0.9,2.0,0.05095905881148566,0.9703413701795365,1,2026-02-06 17:00:00,2026-02-06 23:00:00,t1-direct-d7d0b047c9
2026-02-07 17:00:00,2026-02-07 23:00:00,24,0.5521064250649633,0.7451793056245626,-0.19307288055959926,8.92,-1.2,2.0,0.16400330112142936,1.0,1,2026-02-06 17:00:00,2026-02-06 23:00:00,t1-direct-d7d0b047c9
2026-02-07 18:00:00,2026-02-08 00:00:00,25,0.5942965392398334,0.8498122660790031,-0.2555157268391697,9.49,-1.4,2.0,0.23661887228457407,0.9931256486131965,1,2026-02-06 17:00:00,2026-02-06 23:00:00,t1-direct-d7d0b047c9
2026-02-07 19:00:00,2026-02-08 01:00:00,26,0.7195133780594173,0.8989687072245421,-0.17945532916512485,10.32,-1.7,2.0,0.3001441275241722,0.9863959706100967,1,2026-02-06 17:00:00,2026-02-06 23:00:00,t1-direct-d7d0b047c9
2026-02-07 20:00:00,2026-02-08 02:00:00,27,0.7506646860781838,0.8444003274454284,-0.09373564136724455,9.3,-2.2,2.0,0.30895748228186143,0.9771330914320252,1,2026-02-06 17:00:00,2026-02-06 23:00:00,t1-direct-d7d0b047c9
2026-02-07 21:00:00,2026-02-08 03:00:00,28,0.7763501738243079,0.8556614890959895,-0.07931131527168156,9.67,-2.7,2.0,0.32409034837777184,0.9748238285161832,1,2026-02-06 17:00:00,2026-02-06 23:00:00,t1-direct-d7d0b047c9
2026-02-07 22:00:00,2026-02-08 04:00:00,29,0.7736882162253376,0.857495754593425,-0.08380753836808741,9.73,-2.8,2.0,0.3073849255920739,0.9796417494097818,1,2026-02-06 17:00:00,2026-02-06 23:00:00,t1-direct-d7d0b047c9
2026-02-07 23:00:00,2026-02-08 05:00:00,30,0.6492807457592537,0.7813516968003233,-0.1320709510410697,9.04,-2.2,2.0,0.20410947570211352,0.9665999316477605,1,2026-02-06 17:00:00,2026-02-06 23:00:00,t1-direct-d7d0b047c9
2026-02-08 00:00:00,2026-02-08 06:00:00,31,0.5326107743820122,0.5424521344343138,-0.009841360052301629,7.29,-1.1,2.0,0.09826400129495261,0.9720985948358988,1,2026-02-06 17:00:00,2026-02-06 23:00:00,t1-direct-d7d0b047c9
2026-02-08 01:00:00,2026-02-08 07:00:00,32,0.4421581040273257,0.45663168842735635,-0.014473584400030659,6.88,-1.0,2.0,0.048874778987855694,0.9346728023133373,1,2026-02-06 17:00:00,2026-02-06 23:00:00,t1-direct-d7d0b047c9
2026-02-08 02:00:00,2026-02-08 08:00:00,33,0.4128140708189894,0.35988267424648207,0.05293139657250734,6.31,-1.0,2.0,0.027141285257113346,0.8626955521772742,1,2026-02-06 17:00:00,2026-02-06 23:00:00,t1-direct-d7d0b047c9
2026-02-08 03:00:00,2026-02-08 09:00:00,34,0.26221988953136427,0.29380726157633846,-0.031587372044974193,5.89,-0.7,2.0,0.0,0.7567260665573503,1,2026-02-06 17:00:00,2026-02-06 23:00:00,t1-direct-d7d0b047c9
2026-02-08 04:00:00,2026-02-08 10:00:00,35,0.1513224649446899,0.1792735952091831,-0.027951130264493196,4.9,-0.2,2.0,0.0030257418584762885,0.6411073098088527,1,2026-02-06 17:00:00,2026-02-06 23:00:00,t1-direct-d7d0b047c9
2026-02-08 05:00:00,2026-02-08 11:00:00,36,0.1208040084703566,0.08126467886145576,0.039539329608900844,3.5,1.1,2.0,0.004610564087000599,0.5310650536715971,1,2026-02-06 17:00:00,2026-02-06 23:00:00,t1-direct-d7d0b047c9
2026-02-08 06:00:00,2026-02-08 12:00:00,37,0.10550334560804489,0.057562746354446484,0.04794059925359841,3.02,1.5,3.0,0.005300965595615256,0.48549248256184074,1,2026-02-06 17:00:00,2026-02-06 23:00:00,t1-direct-d7d0b047c9
2026-02-08 07:00:00,2026-02-08 13:00:00,38,0.04187435457523291,0.024465614751651897,0.017408739823581015,1.71,3.0,3.0,0.008535227563860583,0.3514191375535483,1,2026-02-06 17:00:00,2026-02-06 23:00:00,t1-direct-d7d0b047c9
2026-02-08 08:00:00,2026-02-08 14:00:00,39,0.020723491575367407,0.018492021483718476,0.002231470091648931,0.3,3.1,3.0,0.00946382518653834,0.25318982047463157,1,2026-02-06 17:00:00,2026-02-06 23:00:00,t1-direct-d7d0b047c9
2026-02-08 09:00:00,2026-02-08 15:00:00,40,0.0357361474874093,0.021978274553978702,0.013757872933430601,1.46,3.4,3.0,0.008713192390936243,0.32351674181346735,1,2026-02-06 17:00:00,2026-02-06 23:00:00,t1-direct-d7d0b047c9
2026-02-08 10:00:00,2026-02-08 16:00:00,41,0.13037104962316973,0.10589699957213805,0.024474050051031676,4.07,3.9,3.0,0.003981447284148232,0.5298223715181725,1,2026-02-06 17:00:00,2026-02-06 23:00:00,t1-direct-d7d0b047c9
2026-02-08 11:00:00,2026-02-08 17:00:00,42,0.27706826141388136,0.5840869766228867,-0.3070187152090053,7.64,2.0,3.0,0.0,0.8594635639833677,1,2026-02-06 17:00:00,2026-02-06 23:00:00,t1-direct-d7d0b047c9
2026-02-08 12:00:00,2026-02-08 18:00:00,43,0.7199561801168808,0.8984344287961156,-0.17847824867923479,10.3,-0.1,3.0,0.2094497968063893,1.0,1,2026-02-06 17:00:00,2026-02-06 23:00:00,t1-direct-d7d0b047c9
2026-02-08 13:00:00,2026-02-08 19:00:00,44,0.9888999003294728,0.9401021834202182,0.04879771690925461,11.85,-1.6,3.0,0.42726313292943463,0.9900343618555026,1,2026-02-06 17:00:00,2026-02-06 23:00:00,t1-direct-d7d0b047c9
2026-02-08 14:00:00,2026-02-08 20:00:00,45,0.9799528963217398,0.9299581811495526,0.04999471517218712,11.49,-2.4,3.0,0.4277104831298213,0.990478699490002,1,2026-02-06 17:00:00,2026-02-06 23:00:00,t1-direct-d7d0b047c9
2026-02-08 15:00:00,2026-02-08 21:00:00,46,0.9774292314907385,0.9700405840221354,0.007388647468603016,12.26,-3.0,3.0,0.42100397752783103,0.9906048773813104,1,2026-02-06 17:00:00,2026-02-06 23:00:00,t1-direct-d7d0b047c9
2026-02-08 16:00:00,2026-02-08 22:00:00,47,0.9774219970393822,0.9713845631766205,0.006037433862761676,12.37,-2.4,3.0,0.42100433925039893,0.9906052391038782,1,2026-02-06 17:00:00,2026-02-06 23:00:00,t1-direct-d7d0b047c9
2026-02-08 17:00:00,2026-02-08 23:00:00,48,0.9774219970393822,0.9711502144689266,0.006271782570455575,12.36,-1.9,3.0,0.42100433925039893,0.9906052391038782,1,2026-02-06 17:00:00,2026-02-06 23:00:00,t1-direct-d7d0b047c9
2026-02-07 18:00:00,2026-02-08 00:00:00,1,0.9386538561720621,0.9166931322061324,0.02196072396592974,11.06,-1.3,1.0,0.4297754351373052,0.9875410352650955,1,2026-02-07 17:00:00,2026-02-07 23:00:00,t1-direct-d7d0b047c9
2026-02-07 19:00:00,2026-02-08 01:00:00,2,0.9603670036357912,0.9315805251441504,0.028786478491640843,11.59,-1.6,1.0,0.4286897777641189,0.9915001589652167,1,2026-02-07 17:00:00,2026-02-07 23:00:00,t1-direct-d7d0b047c9
2026-02-07 20:00:00,2026-02-08 02:00:00,3,0.9570309360721919,0.9287052559172518,0.02832568015494008,11.43,-1.8,1.0,0.42885658114229863,0.9913350603619798,1,2026-02-07 17:00:00,2026-02-07 23:00:00,t1-direct-d7d0b047c9
2026-02-07 21:00:00,2026-02-08 03:00:00,4,0.9219103845690532,0.9025782174605071,0.019332167108546017,10.59,-1.8,1.0,0.4182539706812931,0.9920221119012284,1,2026-02-07 17:00:00,2026-02-07 23:00:00,t1-direct-d7d0b047c9
2026-02-07 22:00:00,2026-02-08 04:00:00,5,0.8269212084883657,0.8518183388109776,-0.02489713032261187,9.55,-2.0,1.0,0.3175813267551837,0.9782695172230588,1,2026-02-07 17:00:00,2026-02-07 23:00:00,t1-direct-d7d0b047c9
2026-02-07 23:00:00,2026-02-08 05:00:00,6,0.6798498760328517,0.6786002392437859,0.0012496367890658666,8.39,-1.8,1.0,0.2192820216363719,0.9751819010126903,1,2026-02-07 17:00:00,2026-02-07 23:00:00,t1-direct-d7d0b047c9
2026-02-08 00:00:00,2026-02-08 06:00:00,7,0.5546814817879148,0.6308491051257297,-0.0761676233378149,7.97,-1.3,1.0,0.10516089544085105,0.9894010509210136,1,2026-02-07 17:00:00,2026-02-07 23:00:00,t1-direct-d7d0b047c9
2026-02-08 01:00:00,2026-02-08 07:00:00,8,0.44623675678215413,0.5851067522866138,-0.13886999550445966,7.62,-1.0,1.0,0.03731794256905907,0.9303809909499414,1,2026-02-07 17:00:00,2026-02-07 23:00:00,t1-direct-d7d0b047c9
2026-02-08 02:00:00,2026-02-08 08:00:00,9,0.30413594027296303,0.4286065018191031,-0.12447056154614006,6.74,-1.1,1.0,0.0,0.7582796865355674,1,2026-02-07 17:00:00,2026-02-07 23:00:00,t1-direct-d7d0b047c9
2026-02-08 03:00:00,2026-02-08 09:00:00,10,0.1513667269954655,0.19094534222433948,-0.03957861522887399,5.02,-0.4,1.0,0.003126953772890212,0.6013305104666089,1,2026-02-07 17:00:00,2026-02-07 23:00:00,t1-direct-d7d0b047c9
2026-02-08 04:00:00,2026-02-08 10:00:00,11,0.07677971585771798,0.0769085898549816,-0.00012887399726362048,3.43,0.9,1.0,0.006669649372620573,0.42696769799785056,1,2026-02-07 17:00:00,2026-02-07 23:00:00,t1-direct-d7d0b047c9
2026-02-08 05:00:00,2026-02-08 11:00:00,12,0.041839009580526824,0.04335847570478187,-0.0015194661242550478,2.58,1.8,1.0,0.008404808486600877,0.2766026648020727,1,2026-02-07 17:00:00,2026-02-07 23:00:00,t1-direct-d7d0b047c9
2026-02-08 06:00:00,2026-02-08 12:00:00,13,0.008894459011335978,0.02831515946699273,-0.01942070045565675,1.93,2.6,2.0,0.008894459011335978,0.1765984938051244,1,2026-02-07 17:00:00,2026-02-07 23:00:00,t1-direct-d7d0b047c9
2026-02-08 07:00:00,2026-02-08 13:00:00,14,0.009927038084559811,0.02,-0.010072961915440189,0.97,3.2,2.0,0.009927038084559811,0.13984324394315412,1,2026-02-07 17:00:00,2026-02-07 23:00:00,t1-direct-d7d0b047c9
2026-02-08 08:00:00,2026-02-08 14:00:00,15,0.026531220459957598,0.02455043424038638,0.001980786219571217,1.72,3.7,2.0,0.009173438742308831,0.25223713321827873,1,2026-02-07 17:00:00,2026-02-07 23:00:00,t1-direct-d7d0b047c9
2026-02-08 09:00:00,2026-02-08 15:00:00,16,0.10800044700566619,0.10905508996823216,-0.001054642962565966,4.19,4.0,2.0,0.005096736615343919,0.536263301039218,1,2026-02-07 17:00:00,2026-02-07 23:00:00,t1-direct-d7d0b047c9
2026-02-08 10:00:00,2026-02-08 16:00:00,17,0.35297258885156646,0.48902503885485926,-0.1360524500032928,7.07,3.4,2.0,6.329539350724556e-05,0.9017098006354584,1,2026-02-07 17:00:00,2026-02-07 23:00:00,t1-direct-d7d0b047c9
2026-02-08 11:00:00,2026-02-08 17:00:00,18,0.8498391585049603,0.8509871943788773,-0.001148035873916986,9.57,2.1,2.0,0.31518460799501946,1.0,1,2026-02-07 17:00:00,2026-02-07 23:00:00,t1-direct-d7d0b047c9
2026-02-08 12:00:00,2026-02-08 18:00:00,19,0.9725734850897504,0.8949563790577125,0.07761710603203786,10.25,-0.1,2.0,0.41740481497142257,0.9908561742780286,1,2026-02-07 17:00:00,2026-02-07 23:00:00,t1-direct-d7d0b047c9
2026-02-08 13:00:00,2026-02-08 19:00:00,20,0.974800029829555,0.9098507817572867,0.06494924807226832,10.89,-1.7,2.0,0.4279681264544305,0.990736346630116,1,2026-02-07 17:00:00,2026-02-07 23:00:00,t1-direct-d7d0b047c9
2026-02-08 14:00:00,2026-02-08 20:00:00,21,0.9748627950906796,0.931422932048186,0.04343986304249359,11.57,-2.4,2.0,0.4279649881913744,0.990733207915963,1,2026-02-07 17:00:00,2026-02-07 23:00:00,t1-direct-d7d0b047c9
2026-02-08 15:00:00,2026-02-08 21:00:00,22,0.9748553897313263,0.9351213134371148,0.03973407629421155,11.77,-2.2,2.0,0.427965358459342,0.9907335748610544,1,2026-02-07 17:00:00,2026-02-07 23:00:00,t1-direct-d7d0b047c9
2026-02-08 16:00:00,2026-02-08 22:00:00,23,0.9772431443873977,0.9338544275122279,0.043388716875169764,11.71,-1.9,2.0,0.4278459707265385,0.9906141817364774,1,2026-02-07 17:00:00,2026-02-07 23:00:00,t1-direct-d7d0b047c9
2026-02-08 17:00:00,2026-02-08 23:00:00,24,0.9774219970393822,0.9536816388819451,0.023740358157437025,12.04,-1.9,2.0,0.42100433925039893,0.9906052391038782,1,2026-02-07 17:00:00,2026-02-07 23:00:00,t1-direct-d7d0b047c9
2026-02-08 18:00:00,2026-02-09 00:00:00,25,0.9774254031344283,0.9720411205556582,0.005384282578770105,12.43,-1.7,2.0,0.42100416894564663,0.9906050688008707,1,2026-02-07 17:00:00,2026-02-07 23:00:00,t1-direct-d7d0b047c9
2026-02-08 19:00:00,2026-02-09 01:00:00,26,0.9777689482277221,0.9618568090324389,0.015912139195283226,12.16,-1.7,2.0,0.42098699169098186,0.9905878914621591,1,2026-02-07 17:00:00,2026-02-07 23:00:00,t1-direct-d7d0b047c9
2026-02-08 20:00:00,2026-02-09 02:00:00,27,0.9782741324447412,0.9555704510708503,0.022703681373890894,12.07,-1.7,2.0,0.4209617324801309,0.9905626058603451,1,2026-02-07 17:00:00,2026-02-07 23:00:00,t1-direct-d7d0b047c9
2026-02-08 21:00:00,2026-02-09 03:00:00,28,0.9750213236563179,0.957665903724713,0.017355419931604832,12.1,-1.7,2.0,0.40437114187919,0.9907252445086777,1,2026-02-07 17:00:00,2026-02-07 23:00:00,t1-direct-d7d0b047c9
2026-02-08 22:00:00,2026-02-09 04:00:00,29,0.941275838623647,0.9343505997776652,0.00692523884598184,11.74,-1.7,2.0,0.3877045141714286,0.9924125187357214,1,2026-02-07 17:00:00,2026-02-07 23:00:00,t1-direct-d7d0b047c9
2026-02-08 23:00:00,2026-02-09 05:00:00,30,0.941288760889482,0.9523875518634897,-0.011098790974007677,12.02,-2.0,2.0,0.38770386805813684,0.9924118726224297,1,2026-02-07 17:00:00,2026-02-07 23:00:00,t1-direct-d7d0b047c9
2026-02-09 00:00:00,2026-02-09 06:00:00,31,0.9412620099344835,0.9205866458619116,0.020675364072571867,11.14,-2.3,2.0,0.3877052056058867,0.9924132101677716,1,2026-02-07 17:00:00,2026-02-07 23:00:00,t1-direct-d7d0b047c9
2026-02-09 01:00:00,2026-02-09 07:00:00,32,0.937412988840286,0.9057185364766316,0.031694452363654424,10.78,-2.5,2.0,0.3878976566605966,0.9926056631347167,1,2026-02-07 17:00:00,2026-02-07 23:00:00,t1-direct-d7d0b047c9
2026-02-09 02:00:00,2026-02-09 08:00:00,33,0.9342871095479303,0.8992225477738701,0.03506456177406014,10.32,-3.2,2.0,0.3880539506252144,0.9927619586100227,1,2026-02-07 17:00:00,2026-02-07 23:00:00,t1-direct-d7d0b047c9
2026-02-09 03:00:00,2026-02-09 09:00:00,34,0.9326915024093029,0.8781858097945281,0.05450569261477478,10.01,-2.5,2.0,0.37031350520517303,0.992841753601874,1,2026-02-07 17:00:00,2026-02-07 23:00:00,t1-direct-d7d0b047c9
2026-02-09 04:00:00,2026-02-09 10:00:00,35,0.9313454238735287,0.881608559070242,0.04973686480328665,10.08,-0.3,2.0,0.37911344251950174,0.9929213199014214,1,2026-02-07 17:00:00,2026-02-07 23:00:00,t1-direct-d7d0b047c9
2026-02-09 05:00:00,2026-02-09 11:00:00,36,0.9400157581201636,0.7844642982305918,0.15555145988957175,9.1,2.2,2.0,0.3786799258071698,0.9924868427046741,1,2026-02-07 17:00:00,2026-02-07 23:00:00,t1-direct-d7d0b047c9
2026-02-09 06:00:00,2026-02-09 12:00:00,37,0.9313226628560193,0.8468950351972465,0.08442762765877276,9.46,4.5,3.0,0.37911458057037717,0.9929276968424358,1,2026-02-07 17:00:00,2026-02-07 23:00:00,t1-direct-d7d0b047c9
2026-02-09 07:00:00,2026-02-09 13:00:00,38,0.9315141639531227,0.8565088777755833,0.07500528617753943,9.8,5.9,3.0,0.37910500551552195,0.9928924474601515,1,2026-02-07 17:00:00,2026-02-07 23:00:00,t1-direct-d7d0b047c9
2026-02-09 08:00:00,2026-02-09 14:00:00,39,0.9409513282339204,0.8557080528399273,0.08524327539399301,9.78,6.5,3.0,0.37260061714242587,0.9924152138406024,1,2026-02-07 17:00:00,2026-02-07 23:00:00,t1-direct-d7d0b047c9
2026-02-09 09:00:00,2026-02-09 15:00:00,40,0.9413963142787097,0.9119137612188721,0.029482553059837602,11.05,6.6,3.0,0.38769849038867543,0.992393100839472,1,2026-02-07 17:00:00,2026-02-07 23:00:00,t1-direct-d7d0b047c9
2026-02-09 10:00:00,2026-02-09 16:00:00,41,0.903824491113999,0.8695115043656457,0.03431298674835326,10.01,6.5,3.0,0.3805091366389032,0.994272700413293,1,2026-02-07 17:00:00,2026-02-07 23:00:00,t1-direct-d7d0b047c9
2026-02-09 11:00:00,2026-02-09 17:00:00,42,0.8965341156267798,0.7286161254409166,0.16791799018586318,8.93,5.3,3.0,0.3899416003212719,0.9946509373757855,1,2026-02-07 17:00:00,2026-02-07 23:00:00,t1-direct-d7d0b047c9
2026-02-09 12:00:00,2026-02-09 18:00:00,43,0.866418037197384,0.7534066419685137,0.11301139522887027,9.0,3.4,3.0,0.3475810270822898,0.995320428604244,1,2026-02-07 17:00:00,2026-02-07 23:00:00,t1-direct-d7d0b047c9
2026-02-09 13:00:00,2026-02-09 19:00:00,44,0.7140129883349047,0.6091129659839177,0.10490002235098694,7.83,1.6,3.0,0.27937943937995524,1.0,1,2026-02-07 17:00:00,2026-02-07 23:00:00,t1-direct-d7d0b047c9
2026-02-09 14:00:00,2026-02-09 20:00:00,45,0.5537251582268421,0.4282299326658899,0.12549522556095222,6.75,0.4,3.0,0.1854527113738152,1.0,1,2026-02-07 17:00:00,2026-02-07 23:00:00,t1-direct-d7d0b047c9
2026-02-09 15:00:00,2026-02-09 21:00:00,46,0.508714134801571,0.26582021461617544,0.24289392018539557,5.69,-1.1,3.0,0.15324943837867133,1.0,1,2026-02-07 17:00:00,2026-02-07 23:00:00,t1-direct-d7d0b047c9
2026-02-09 16:00:00,2026-02-09 22:00:00,47,0.47970730113287685,0.21197191112919017,0.2677353900036867,5.23,-1.7,3.0,0.06244811026406738,0.9916572785357566,1,2026-02-07 17:00:00,2026-02-07 23:00:00,t1-direct-d7d0b047c9
2026-02-09 17:00:00,2026-02-09 23:00:00,48,0.38329602618427566,0.20419433833156356,0.1791016878527121,5.15,-1.6,3.0,0.029681309393596422,0.9764828101481324,1,2026-02-07 17:00:00,2026-02-07 23:00:00,t1-direct-d7d0b047c9
2026-02-08 18:00:00,2026-02-09 00:00:00,1,0.9777689482277221,0.9692246411494758,0.008544307078246272,12.27,-1.4,1.0,0.42098699169098186,0.9905878914621591,1,2026-02-08 17:00:00,2026-02-08 23:00:00,t1-direct-d7d0b047c9
2026-02-08 19:00:00,2026-02-09 01:00:00,2,0.9782598043541201,0.9411939209043227,0.03706588344979733,11.87,-1.3,1.0,0.42096244888466194,0.9905633486771308,1,2026-02-08 17:00:00,2026-02-08 23:00:00,t1-direct-d7d0b047c9
2026-02-08 20:00:00,2026-02-09 02:00:00,3,0.9782741324447412,0.9565530331704517,0.021721099274289446,12.09,-1.3,1.0,0.4209617324801309,0.9905626040692566,1,2026-02-08 17:00:00,2026-02-08 23:00:00,t1-direct-d7d0b047c9
2026-02-08 21:00:00,2026-02-09 03:00:00,4,0.965380473920332,0.9448888077533607,0.02049166616697129,11.92,-1.5,1.0,0.4048531843659894,0.991207286995477,1,2026-02-08 17:00:00,2026-02-08 23:00:00,t1-direct-d7d0b047c9
2026-02-08 22:00:00,2026-02-09 04:00:00,5,0.941288760889482,0.9657335056924691,-0.024444744802987084,12.22,-1.4,1.0,0.38770386805813684,0.9924118726702204,1,2026-02-08 17:00:00,2026-02-08 23:00:00,t1-direct-d7d0b047c9
2026-02-08 23:00:00,2026-02-09 05:00:00,6,0.941275838623647,0.9322860741768285,0.008989764446818538,11.63,-1.5,1.0,0.3877045141714286,0.9924125518814164,1,2026-02-08 17:00:00,2026-02-08 23:00:00,t1-direct-d7d0b047c9
2026-02-09 00:00:00,2026-02-09 06:00:00,7,0.9374050155027724,0.9030991225444203,0.03430589295835218,10.62,-2.5,1.0,0.38789805532747235,0.9926061025462337,1,2026-02-08 17:00:00,2026-02-08 23:00:00,t1-direct-d7d0b047c9
2026-02-09 01:00:00,2026-02-09 07:00:00,8,0.9283708642397693,0.8724786236789904,0.055892240560778905,9.93,-3.2,1.0,0.3883497628906224,0.9930577772263983,1,2026-02-08 17:00:00,2026-02-08 23:00:00,t1-direct-d7d0b047c9
2026-02-09 02:00:00,2026-02-09 08:00:00,9,0.9251907349796472,0.8672702824941589,0.05792045248548827,9.86,-3.6,1.0,0.38850876935362855,0.9932168036955726,1,2026-02-08 17:00:00,2026-02-08 23:00:00,t1-direct-d7d0b047c9
2026-02-09 03:00:00,2026-02-09 09:00:00,10,0.9309199665271307,0.8544626135809423,0.07645735294618838,9.63,-2.7,1.0,0.3882223077762543,0.9929302224019874,1,2026-02-08 17:00:00,2026-02-08 23:00:00,t1-direct-d7d0b047c9
2026-02-09 04:00:00,2026-02-09 10:00:00,11,0.9385695055320832,0.8410598973119747,0.09750960822010846,9.28,-0.1,1.0,0.378752238436574,0.9925591721894184,1,2026-02-08 17:00:00,2026-02-08 23:00:00,t1-direct-d7d0b047c9
2026-02-09 05:00:00,2026-02-09 11:00:00,12,0.9401889229576694,0.8507458744271432,0.0894430485305262,9.57,2.8,1.0,0.37867126756529457,0.9924781898351539,1,2026-02-08 17:00:00,2026-02-08 23:00:00,t1-direct-d7d0b047c9
2026-02-09 06:00:00,2026-02-09 12:00:00,13,0.9312727416074101,0.8466045252342357,0.08466821637317445,9.44,3.6,2.0,0.3791170766328076,0.9929324033943683,1,2026-02-08 17:00:00,2026-02-08 23:00:00,t1-direct-d7d0b047c9
2026-02-09 07:00:00,2026-02-09 13:00:00,14,0.9306717210286178,0.8517861079829654,0.07888561304565245,9.62,4.1,2.0,0.3791471276617472,0.992964188745574,1,2026-02-08 17:00:00,2026-02-08 23:00:00,t1-direct-d7d0b047c9
2026-02-09 08:00:00,2026-02-09 14:00:00,15,0.931128866390001,0.8052858283828113,0.12584303800718977,9.22,6.2,2.0,0.3791242703936779,0.9929258747619436,1,2026-02-08 17:00:00,2026-02-08 23:00:00,t1-direct-d7d0b047c9
2026-02-09 09:00:00,2026-02-09 15:00:00,16,0.9313861444262219,0.8530062681090643,0.07837987631715759,9.69,6.6,2.0,0.38819899888129983,0.9929045271487099,1,2026-02-08 17:00:00,2026-02-08 23:00:00,t1-direct-d7d0b047c9
2026-02-09 10:00:00,2026-02-09 16:00:00,17,0.9110934518647128,0.8670463402990837,0.04404711156562913,9.98,6.6,2.0,0.3892136335093753,0.9939245425793857,1,2026-02-08 17:00:00,2026-02-08 23:00:00,t1-direct-d7d0b047c9
2026-02-09 11:00:00,2026-02-09 17:00:00,18,0.8785510637906607,0.8548674014624666,0.023683662328194077,9.74,5.5,2.0,0.3908407529130779,0.9978034792148035,1,2026-02-08 17:00:00,2026-02-08 23:00:00,t1-direct-d7d0b047c9
2026-02-09 12:00:00,2026-02-09 18:00:00,19,0.8644165572642823,0.8710612612154188,-0.006644703951136477,9.99,3.2,2.0,0.37918884020323423,0.9998322633341395,1,2026-02-08 17:00:00,2026-02-08 23:00:00,t1-direct-d7d0b047c9
2026-02-09 13:00:00,2026-02-09 19:00:00,20,0.7850724938416385,0.7599893183081547,0.025083175533483715,9.0,1.2,2.0,0.26437244724943976,1.0,1,2026-02-08 17:00:00,2026-02-08 23:00:00,t1-direct-d7d0b047c9
2026-02-09 14:00:00,2026-02-09 20:00:00,21,0.6766586793540766,0.6565206668576886,0.020138012496388025,8.18,-0.1,2.0,0.19902347300397016,1.0,1,2026-02-08 17:00:00,2026-02-08 23:00:00,t1-direct-d7d0b047c9
2026-02-09 15:00:00,2026-02-09 21:00:00,22,0.4030801298043021,0.3898101082920359,0.013270021512266195,6.5,-0.7,2.0,0.03199755212125477,0.9961225051138414,1,2026-02-08 17:00:00,2026-02-08 23:00:00,t1-direct-d7d0b047c9
2026-02-09 16:00:00,2026-02-09 22:00:00,23,0.1735898049254708,0.0769377732716326,0.09665203165383819,3.42,-1.6,2.0,0.009976339550299557,0.8698137725755406,1,2026-02-08 17:00:00,2026-02-08 23:00:00,t1-direct-d7d0b047c9
2026-02-09 17:00:00,2026-02-09 23:00:00,24,0.1551581783359171,0.02016628089479468,0.13499189744112242,1.27,-1.3,2.0,0.00326933720341277,0.7145550879270448,1,2026-02-08 17:00:00,2026-02-08 23:00:00,t1-direct-d7d0b047c9
2026-02-09 18:00:00,2026-02-10 00:00:00,25,0.13833696600273637,0.02,0.11833696600273637,1.17,-0.7,2.0,0.003930726561749642,0.5869534362411559,1,2026-02-08 17:00:00,2026-02-08 23:00:00,t1-direct-d7d0b047c9
2026-02-09 19:00:00,2026-02-10 01:00:00,26,0.17073999661019537,0.06474391625649077,0.1059960803537046,3.21,-0.3,2.0,0.0021855627277801437,0.5270617455547664,1,2026-02-08 17:00:00,2026-02-08 23:00:00,t1-direct-d7d0b047c9
2026-02-09 20:00:00,2026-02-10 02:00:00,27,0.18552780595731327,0.09784139832196861,0.08768640763534466,3.76,0.4,2.0,0.0,0.587328004466529,1,2026-02-08 17:00:00,2026-02-08 23:00:00,t1-direct-d7d0b047c9
2026-02-09 21:00:00,2026-02-10 03:00:00,28,0.21124859864904016,0.10076778788799534,0.11048081076104482,3.86,0.5,2.0,0.0,0.6350370306971065,1,2026-02-08 17:00:00,2026-02-08 23:00:00,t1-direct-d7d0b047c9
2026-02-09 22:00:00,2026-02-10 04:00:00,29,0.2329348508887415,0.11023953220595609,0.12269531868278541,4.22,1.1,2.0,0.0,0.7554454352116811,1,2026-02-08 17:00:00,2026-02-08 23:00:00,t1-direct-d7d0b047c9
2026-02-09 23:00:00,2026-02-10 05:00:00,30,0.23389543904180032,0.16156709859876636,0.07232834044303396,4.73,1.1,2.0,0.0,0.7263140888513152,1,2026-02-08 17:00:00,2026-02-08 23:00:00,t1-direct-d7d0b047c9
2026-02-10 00:00:00,2026-02-10 06:00:00,31,0.30593486202699754,0.1508748686784861,0.15505999334851145,4.63,0.7,2.0,0.0,0.7839086834969138,1,2026-02-08 17:00:00,2026-02-08 23:00:00,t1-direct-d7d0b047c9
2026-02-10 01:00:00,2026-02-10 07:00:00,32,0.2808751666188325,0.27711144212965977,0.003763724489172726,5.8,1.7,2.0,0.0073027803910207245,0.8562708428147808,1,2026-02-08 17:00:00,2026-02-08 23:00:00,t1-direct-d7d0b047c9
2026-02-10 02:00:00,2026-02-10 08:00:00,33,0.3050860994652199,0.07557034752322894,0.22951575194199098,3.41,1.2,2.0,0.0,0.8627547491685518,1,2026-02-08 17:00:00,2026-02-08 23:00:00,t1-direct-d7d0b047c9
2026-02-10 03:00:00,2026-02-10 09:00:00,34,0.222861861178024,0.24140017134592684,-0.018538310167902833,5.51,2.5,2.0,0.0,0.6998826468693662,1,2026-02-08 17:00:00,2026-02-08 23:00:00,t1-direct-d7d0b047c9
2026-02-10 04:00:00,2026-02-10 10:00:00,35,0.2316788293436564,0.061871847050228274,0.16980698229342814,3.15,4.6,2.0,0.0,0.7323854885133403,1,2026-02-08 17:00:00,2026-02-08 23:00:00,t1-direct-d7d0b047c9
2026-02-10 05:00:00,2026-02-10 11:00:00,36,0.22902080115755602,0.19098689380863626,0.03803390734891976,5.06,6.1,2.0,0.0,0.668666149213173,1,2026-02-08 17:00:00,2026-02-08 23:00:00,t1-direct-d7d0b047c9
2026-02-10 06:00:00,2026-02-10 12:00:00,37,0.231480464859262,0.1426439102284181,0.08883655463084389,4.59,7.1,3.0,0.0,0.7319612527504754,1,2026-02-08 17:00:00,2026-02-08 23:00:00,t1-direct-d7d0b047c9
2026-02-10 07:00:00,2026-02-10 13:00:00,38,0.30751379425732184,0.21146722860422124,0.0960465656531006,5.28,7.0,3.0,0.0,0.7686754055848515,1,2026-02-08 17:00:00,2026-02-08 23:00:00,t1-direct-d7d0b047c9
2026-02-10 08:00:00,2026-02-10 14:00:00,39,0.3467096609657808,0.2470307104065385,0.09967895055924231,5.59,7.4,3.0,0.0,0.8935589419506107,1,2026-02-08 17:00:00,2026-02-08 23:00:00,t1-direct-d7d0b047c9
2026-02-10 09:00:00,2026-02-10 15:00:00,40,0.28269340463712433,0.4173217352374141,-0.13462833060028978,6.75,8.9,3.0,0.0,0.7713995945701797,1,2026-02-08 17:00:00,2026-02-08 23:00:00,t1-direct-d7d0b047c9
2026-02-10 10:00:00,2026-02-10 16:00:00,41,0.16399541848885849,0.2064169440109423,-0.04242152552208381,5.25,10.7,3.0,0.0028788673209294846,0.691078640705726,1,2026-02-08 17:00:00,2026-02-08 23:00:00,t1-direct-d7d0b047c9
2026-02-10 11:00:00,2026-02-10 17:00:00,42,0.14726233668639524,0.31545843239694027,-0.16819609571054503,6.09,7.7,3.0,0.003056849473018347,0.5825573961349269,1,2026-02-08 17:00:00,2026-02-08 23:00:00,t1-direct-d7d0b047c9
2026-02-10 12:00:00,2026-02-10 18:00:00,43,0.08656015070050771,0.1277381639165247,-0.041178013216016995,4.44,4.7,3.0,0.006041730726665209,0.6324022110024201,1,2026-02-08 17:00:00,2026-02-08 23:00:00,t1-direct-d7d0b047c9
2026-02-10 13:00:00,2026-02-10 19:00:00,44,0.12187492731497265,0.09979892595648683,0.022076001358485822,3.83,1.9,3.0,0.004345455513720217,0.7123610929130116,1,2026-02-08 17:00:00,2026-02-08 23:00:00,t1-direct-d7d0b047c9
2026-02-10 14:00:00,2026-02-10 20:00:00,45,0.2538196282686821,0.33794359365262217,-0.08412396538394007,6.19,1.6,3.0,0.0021785548116469156,0.781016070712281,1,2026-02-08 17:00:00,2026-02-08 23:00:00,t1-direct-d7d0b047c9
2026-02-10 15:00:00,2026-02-10 21:00:00,46,0.43317335235636034,0.6758895805181447,-0.2427162281617844,8.39,2.0,3.0,0.042786565167474366,0.9960943443418996,1,2026-02-08 17:00:00,2026-02-08 23:00:00,t1-direct-d7d0b047c9
2026-02-10 16:00:00,2026-02-10 22:00:00,47,0.5792319393693153,0.8765723885237083,-0.29734044915439306,10.04,1.6,3.0,0.09704008602994352,1.0,1,2026-02-08 17:00:00,2026-02-08 23:00:00,t1-direct-d7d0b047c9
2026-02-10 17:00:00,2026-02-10 23:00:00,48,0.7458293716930369,0.9025245875941846,-0.15669521590114777,10.63,1.6,3.0,0.1936989693756428,1.0,1,2026-02-08 17:00:00,2026-02-08 23:00:00,t1-direct-d7d0b047c9
2026-02-09 18:00:00,2026-02-10 00:00:00,1,0.16410391483209022,0.033640941991785425,0.13046297284030478,2.19,-0.5,1.0,0.0022866769545516197,0.598648118509763,1,2026-02-09 17:00:00,2026-02-09 23:00:00,t1-direct-d7d0b047c9
2026-02-09 19:00:00,2026-02-10 01:00:00,2,0.12291945838194387,0.05969905157868846,0.06322040680325541,3.07,-0.8,1.0,0.004606596653735126,0.45944158186559125,1,2026-02-09 17:00:00,2026-02-09 23:00:00,t1-direct-d7d0b047c9
2026-02-09 20:00:00,2026-02-10 02:00:00,3,0.09206228874277086,0.03901763538445603,0.05304465335831483,2.41,-0.3,1.0,0.005921464201718449,0.5114464259954372,1,2026-02-09 17:00:00,2026-02-09 23:00:00,t1-direct-d7d0b047c9
2026-02-09 21:00:00,2026-02-10 03:00:00,4,0.07490478973755349,0.03379208367651157,0.04111270606104192,2.2,0.4,1.0,0.006886438971127548,0.4578778974041641,1,2026-02-09 17:00:00,2026-02-09 23:00:00,t1-direct-d7d0b047c9
2026-02-09 22:00:00,2026-02-10 04:00:00,5,0.09997567755894575,0.033184397025745355,0.0667912805332004,2.17,0.6,1.0,0.002883973861352196,0.5051055407324873,1,2026-02-09 17:00:00,2026-02-09 23:00:00,t1-direct-d7d0b047c9
2026-02-09 23:00:00,2026-02-10 05:00:00,6,0.13847959285437103,0.05829163871440971,0.08018795413996133,3.04,1.5,1.0,0.0008986686989891635,0.5133089663846285,1,2026-02-09 17:00:00,2026-02-09 23:00:00,t1-direct-d7d0b047c9
2026-02-10 00:00:00,2026-02-10 06:00:00,7,0.14434839256381635,0.02020554510822557,0.12414284745559077,1.28,2.6,1.0,0.00043886079416760593,0.5611637534312932,1,2026-02-09 17:00:00,2026-02-09 23:00:00,t1-direct-d7d0b047c9
2026-02-10 01:00:00,2026-02-10 07:00:00,8,0.20389454873530322,0.09308989109975593,0.11080465763554728,3.69,1.6,1.0,0.0,0.6919335345380571,1,2026-02-09 17:00:00,2026-02-09 23:00:00,t1-direct-d7d0b047c9
2026-02-10 02:00:00,2026-02-10 08:00:00,9,0.3097085451296401,0.13883644487258973,0.17087210025705035,4.52,0.7,1.0,0.004046404251887181,0.8550059861011878,1,2026-02-09 17:00:00,2026-02-09 23:00:00,t1-direct-d7d0b047c9
2026-02-10 03:00:00,2026-02-10 09:00:00,10,0.3554163070090681,0.25290946495976946,0.10250684204929866,5.61,3.0,1.0,0.013096818841553448,0.8534854093915012,1,2026-02-09 17:00:00,2026-02-09 23:00:00,t1-direct-d7d0b047c9
2026-02-10 04:00:00,2026-02-10 10:00:00,11,0.3727797900366505,0.14897619865879042,0.2238035913778601,4.64,5.6,1.0,0.002872309109673621,0.8135425768364931,1,2026-02-09 17:00:00,2026-02-09 23:00:00,t1-direct-d7d0b047c9
2026-02-10 05:00:00,2026-02-10 11:00:00,12,0.2669994410062318,0.21729209290373322,0.04970734810249858,5.33,6.0,1.0,0.006434846125775884,0.8403958629546024,1,2026-02-09 17:00:00,2026-02-09 23:00:00,t1-direct-d7d0b047c9
2026-02-10 06:00:00,2026-02-10 12:00:00,13,0.22116693104290475,0.05757490724370662,0.16359202379919813,3.04,6.9,2.0,0.0,0.6528903993345319,1,2026-02-09 17:00:00,2026-02-09 23:00:00,t1-direct-d7d0b047c9
2026-02-10 07:00:00,2026-02-10 13:00:00,14,0.27793438930317027,0.18434486612475873,0.09358952317841154,5.0,7.7,2.0,0.0,0.7831496609220675,1,2026-02-09 17:00:00,2026-02-09 23:00:00,t1-direct-d7d0b047c9
2026-02-10 08:00:00,2026-02-10 14:00:00,15,0.3037324487891774,0.542841181766557,-0.23910873297737967,7.39,9.9,2.0,0.0,0.7536777865533075,1,2026-02-09 17:00:00,2026-02-09 23:00:00,t1-direct-d7d0b047c9
2026-02-10 09:00:00,2026-02-10 15:00:00,16,0.3295457759277003,0.17516631503348692,0.15437946089421337,4.92,10.5,2.0,0.0,0.754603328636577,1,2026-02-09 17:00:00,2026-02-09 23:00:00,t1-direct-d7d0b047c9
2026-02-10 10:00:00,2026-02-10 16:00:00,17,0.3193638309775425,0.18394525123004646,0.13541857974749605,5.01,10.1,2.0,0.000380349282841308,0.7947170754497166,1,2026-02-09 17:00:00,2026-02-09 23:00:00,t1-direct-d7d0b047c9
2026-02-10 11:00:00,2026-02-10 17:00:00,18,0.24842250468025856,0.25578868320024806,-0.007366178519989497,5.67,8.3,2.0,0.0,0.6635891896630316,1,2026-02-09 17:00:00,2026-02-09 23:00:00,t1-direct-d7d0b047c9
2026-02-10 12:00:00,2026-02-10 18:00:00,19,0.14293680479469392,0.10399618328104743,0.038940621513646495,4.0,4.3,2.0,0.004112179800798643,0.5889958179580721,1,2026-02-09 17:00:00,2026-02-09 23:00:00,t1-direct-d7d0b047c9
2026-02-10 13:00:00,2026-02-10 19:00:00,20,0.12816856490463768,0.12068883160872165,0.00747973329591603,4.36,1.8,2.0,0.004193026707208891,0.5936490978791955,1,2026-02-09 17:00:00,2026-02-09 23:00:00,t1-direct-d7d0b047c9
2026-02-10 14:00:00,2026-02-10 20:00:00,21,0.28892286809527823,0.051883853968251264,0.23703901412702696,2.86,0.3,2.0,0.003087512628993039,0.819003902199435,1,2026-02-09 17:00:00,2026-02-09 23:00:00,t1-direct-d7d0b047c9
2026-02-10 15:00:00,2026-02-10 21:00:00,22,0.47892876971513504,0.5961932601603684,-0.1172644904452334,7.73,1.6,2.0,0.0282868388434816,1.0,1,2026-02-09 17:00:00,2026-02-09 23:00:00,t1-direct-d7d0b047c9
2026-02-10 16:00:00,2026-02-10 22:00:00,23,0.724183159564718,0.6192736569136826,0.10490950265103538,7.9,0.7,2.0,0.1247895714343028,1.0,1,2026-02-09 17:00:00,2026-02-09 23:00:00,t1-direct-d7d0b047c9
2026-02-10 17:00:00,2026-02-10 23:00:00,24,0.8085204768559486,0.7048178745545679,0.10370260230138073,8.79,0.5,2.0,0.27900916786050645,1.0,1,2026-02-09 17:00:00,2026-02-09 23:00:00,t1-direct-d7d0b047c9
2026-02-10 18:00:00,2026-02-11 00:00:00,25,0.9264673601218452,0.9611478240399739,-0.034680463918128734,12.19,1.0,2.0,0.3576982423634064,0.9931879288861094,1,2026-02-09 17:00:00,2026-02-09 23:00:00,t1-direct-d7d0b047c9
2026-02-10 19:00:00,2026-02-11 01:00:00,26,0.9331242239414821,0.9123927533724892,0.020731470568992938,10.99,1.2,2.0,0.3573653991724246,0.992822304658489,1,2026-02-09 17:00:00,2026-02-09 23:00:00,t1-direct-d7d0b047c9
2026-02-10 20:00:00,2026-02-11 02:00:00,27,0.9019846257180943,0.7914685073152763,0.11051611840281805,9.11,0.8,2.0,0.33856289894239644,0.9943783947225816,1,2026-02-09 17:00:00,2026-02-09 23:00:00,t1-direct-d7d0b047c9
2026-02-10 21:00:00,2026-02-11 03:00:00,28,0.821478705535756,0.6430638926406654,0.17841481289509054,8.08,0.3,2.0,0.286902792010275,0.9981483301529668,1,2026-02-09 17:00:00,2026-02-09 23:00:00,t1-direct-d7d0b047c9
2026-02-10 22:00:00,2026-02-11 04:00:00,29,0.7779258539599615,0.397017421039613,0.3809084329203485,6.55,-0.1,2.0,0.22677660759235685,0.9995467819424821,1,2026-02-09 17:00:00,2026-02-09 23:00:00,t1-direct-d7d0b047c9
2026-02-10 23:00:00,2026-02-11 05:00:00,30,0.6096365170762966,0.06253838897957913,0.5470981280967175,3.15,-0.2,2.0,0.1697281289550438,1.0,1,2026-02-09 17:00:00,2026-02-09 23:00:00,t1-direct-d7d0b047c9
2026-02-11 00:00:00,2026-02-11 06:00:00,31,0.306748484037588,0.09879185152163834,0.20795663251594965,3.78,-0.7,2.0,0.026427303885275977,0.9452631291809901,1,2026-02-09 17:00:00,2026-02-09 23:00:00,t1-direct-d7d0b047c9
2026-02-11 01:00:00,2026-02-11 07:00:00,32,0.11293676557609243,0.03617049041055698,0.07676627516553546,2.3,-1.3,2.0,0.004880183446648076,0.7171770755821587,1,2026-02-09 17:00:00,2026-02-09 23:00:00,t1-direct-d7d0b047c9
2026-02-11 02:00:00,2026-02-11 08:00:00,33,0.032447983883149116,0.032082797570380586,0.0003651863127685298,2.11,-1.2,2.0,0.008874359771469768,0.3989567751921371,1,2026-02-09 17:00:00,2026-02-09 23:00:00,t1-direct-d7d0b047c9
2026-02-11 03:00:00,2026-02-11 09:00:00,34,0.047432908000250226,0.02,0.027432908000250226,1.19,1.5,2.0,0.008128354365294195,0.4719606284513147,1,2026-02-09 17:00:00,2026-02-09 23:00:00,t1-direct-d7d0b047c9
2026-02-11 04:00:00,2026-02-11 10:00:00,35,0.05405381868601855,0.10691876517370671,-0.052864946487688164,4.12,6.2,2.0,0.007797308831005781,0.35182281249866015,1,2026-02-09 17:00:00,2026-02-09 23:00:00,t1-direct-d7d0b047c9
2026-02-11 05:00:00,2026-02-11 11:00:00,36,0.13044512484225612,0.032726295458049566,0.09771882938420656,2.17,9.5,2.0,0.003912046322616547,0.4861240539186509,1,2026-02-09 17:00:00,2026-02-09 23:00:00,t1-direct-d7d0b047c9
2026-02-11 06:00:00,2026-02-11 12:00:00,37,0.18411879797465353,0.15103513384027345,0.033083664134380075,4.68,9.4,3.0,0.0026756853594887275,0.6974676136861386,1,2026-02-09 17:00:00,2026-02-09 23:00:00,t1-direct-d7d0b047c9
2026-02-11 07:00:00,2026-02-11 13:00:00,38,0.3061016018919265,0.856370122198945,-0.5502685203070186,9.8,6.3,3.0,0.00010758067923438697,0.9242046042045159,1,2026-02-09 17:00:00,2026-02-09 23:00:00,t1-direct-d7d0b047c9
2026-02-11 08:00:00,2026-02-11 14:00:00,39,0.39045893773627305,0.905073734395629,-0.5146147966593559,10.85,4.0,3.0,0.030080331038179642,0.9408656231758872,1,2026-02-09 17:00:00,2026-02-09 23:00:00,t1-direct-d7d0b047c9
2026-02-11 09:00:00,2026-02-11 15:00:00,40,0.42051426296803046,0.5806563914525412,-0.16014212848451076,7.63,3.8,3.0,0.020569442992293074,0.966854049540371,1,2026-02-09 17:00:00,2026-02-09 23:00:00,t1-direct-d7d0b047c9
2026-02-11 10:00:00,2026-02-11 16:00:00,41,0.5688572705476705,0.8567871521098643,-0.2879298815621938,9.78,3.4,3.0,0.12736400436459916,1.0,1,2026-02-09 17:00:00,2026-02-09 23:00:00,t1-direct-d7d0b047c9
2026-02-11 11:00:00,2026-02-11 17:00:00,42,0.9141603980590841,0.867569929865328,0.04659046819375612,9.94,2.7,3.0,0.34383777125881365,0.9908721931645846,1,2026-02-09 17:00:00,2026-02-09 23:00:00,t1-direct-d7d0b047c9
2026-02-11 12:00:00,2026-02-11 18:00:00,43,0.9656799135395526,0.8999885418545056,0.06569137168504702,10.45,2.5,3.0,0.42159144342539034,0.9911926804446252,1,2026-02-09 17:00:00,2026-02-09 23:00:00,t1-direct-d7d0b047c9
2026-02-11 13:00:00,2026-02-11 19:00:00,44,0.9577721356802924,0.8922761138181778,0.06549602186211456,10.24,1.8,3.0,0.4288195211618938,0.9915927340152351,1,2026-02-09 17:00:00,2026-02-09 23:00:00,t1-direct-d7d0b047c9
2026-02-11 14:00:00,2026-02-11 20:00:00,45,0.929563632134893,0.8113358730718787,0.1182277590630143,9.19,1.5,3.0,0.37537910455503043,0.9924835042542295,1,2026-02-09 17:00:00,2026-02-09 23:00:00,t1-direct-d7d0b047c9
2026-02-11 15:00:00,2026-02-11 21:00:00,46,0.7838262142487565,0.5536742503881172,0.2301519638606393,7.4,1.5,3.0,0.26298019397845773,0.9909126821044876,1,2026-02-09 17:00:00,2026-02-09 23:00:00,t1-direct-d7d0b047c9
2026-02-11 16:00:00,2026-02-11 22:00:00,47,0.7014824400821821,0.48646740772358366,0.21501503235859842,7.04,1.3,3.0,0.1373315583132001,0.9890799280800506,1,2026-02-09 17:00:00,2026-02-09 23:00:00,t1-direct-d7d0b047c9
2026-02-11 17:00:00,2026-02-11 23:00:00,48,0.6181955413074133,0.45978641151888516,0.1584091297885281,6.91,0.8,3.0,0.10276943791863591,0.9905231487380326,1,2026-02-09 17:00:00,2026-02-09 23:00:00,t1-direct-d7d0b047c9
2026-02-10 18:00:00,2026-02-11 00:00:00,1,0.9388518996742965,0.9263750127756412,0.012476886898655337,11.34,0.9,1.0,0.3771510723988978,0.9925349171201373,1,2026-02-10 17:00:00,2026-02-10 23:00:00,t1-direct-d7d0b047c9
2026-02-10 19:00:00,2026-02-11 01:00:00,2,0.9382330442675395,0.9453257841997957,-0.007092739932256231,11.97,1.5,1.0,0.38785665388923396,0.9925646687522655,1,2026-02-10 17:00:00,2026-02-10 23:00:00,t1-direct-d7d0b047c9
2026-02-10 20:00:00,2026-02-11 02:00:00,3,0.9012905053533623,0.9034573993530228,-0.002166893999660524,10.69,0.8,1.0,0.3523517236834427,0.9944116946850204,1,2026-02-10 17:00:00,2026-02-10 23:00:00,t1-direct-d7d0b047c9
2026-02-10 21:00:00,2026-02-11 03:00:00,4,0.8381704258111297,0.6898565546191598,0.14831387119196981,8.57,0.0,1.0,0.329572359785679,0.9973237921972898,1,2026-02-10 17:00:00,2026-02-10 23:00:00,t1-direct-d7d0b047c9
2026-02-10 22:00:00,2026-02-11 04:00:00,5,0.7889459633122673,0.5063808484779869,0.2825651148342804,7.12,-0.3,1.0,0.26546746311383596,0.9994609644921898,1,2026-02-10 17:00:00,2026-02-10 23:00:00,t1-direct-d7d0b047c9
2026-02-10 23:00:00,2026-02-11 05:00:00,6,0.5255373863265287,0.17428862538196369,0.35124876094456503,4.85,0.1,1.0,0.1741431469513967,1.0,1,2026-02-10 17:00:00,2026-02-10 23:00:00,t1-direct-d7d0b047c9
2026-02-11 00:00:00,2026-02-11 06:00:00,7,0.3973772931935432,0.10685817747176557,0.29051911572177763,4.09,0.6,1.0,0.01944398437706296,0.849877916281631,1,2026-02-10 17:00:00,2026-02-10 23:00:00,t1-direct-d7d0b047c9
2026-02-11 01:00:00,2026-02-11 07:00:00,8,0.07213716635524221,0.035313508871447755,0.03682365748379446,2.27,-0.5,1.0,0.007349898981760569,0.5065271018820648,1,2026-02-10 17:00:00,2026-02-10 23:00:00,t1-direct-d7d0b047c9
2026-02-11 02:00:00,2026-02-11 08:00:00,9,0.09207755295029824,0.03983037957988217,0.05224717337041607,2.44,-0.5,1.0,0.005895362225332643,0.5095746576095761,1,2026-02-10 17:00:00,2026-02-10 23:00:00,t1-direct-d7d0b047c9
2026-02-11 03:00:00,2026-02-11 09:00:00,10,0.07427037325296056,0.17349413831285063,-0.09922376505989007,4.85,1.5,1.0,0.006692737646906324,0.529661846317833,1,2026-02-10 17:00:00,2026-02-10 23:00:00,t1-direct-d7d0b047c9
2026-02-11 04:00:00,2026-02-11 10:00:00,11,0.06754751957379107,0.06421766693063494,0.0033298526431561337,3.22,6.0,1.0,0.004294723075529569,0.5306537340151424,1,2026-02-10 17:00:00,2026-02-10 23:00:00,t1-direct-d7d0b047c9
2026-02-11 05:00:00,2026-02-11 11:00:00,12,0.19990695044831988,0.028931239350195967,0.17097571109812393,1.97,6.4,1.0,0.0,0.7292295811189865,1,2026-02-10 17:00:00,2026-02-10 23:00:00,t1-direct-d7d0b047c9
2026-02-11 06:00:00,2026-02-11 12:00:00,13,0.34124466087724376,0.11740469032298984,0.22383997055425392,4.37,9.5,2.0,0.0066927553305376475,0.9244615387992383,1,2026-02-10 17:00:00,2026-02-10 23:00:00,t1-direct-d7d0b047c9
2026-02-11 07:00:00,2026-02-11 13:00:00,14,0.35599218485041645,0.10692378775917816,0.2490683970912383,4.13,8.2,2.0,0.019984653910596062,0.9613024012493656,1,2026-02-10 17:00:00,2026-02-10 23:00:00,t1-direct-d7d0b047c9
2026-02-11 08:00:00,2026-02-11 14:00:00,15,0.3414628656662785,0.02,0.32146286566627846,1.2,9.7,2.0,0.0,0.9983823016036623,1,2026-02-10 17:00:00,2026-02-10 23:00:00,t1-direct-d7d0b047c9
2026-02-11 09:00:00,2026-02-11 15:00:00,16,0.3726192063265032,0.5773915274277175,-0.2047723211012143,7.67,11.0,2.0,0.005858391764461179,0.996775022357393,1,2026-02-10 17:00:00,2026-02-10 23:00:00,t1-direct-d7d0b047c9
2026-02-11 10:00:00,2026-02-11 16:00:00,17,0.5812548052948652,0.9578237047470893,-0.37656889945222416,12.22,6.3,2.0,0.08267881890246775,1.0,1,2026-02-10 17:00:00,2026-02-10 23:00:00,t1-direct-d7d0b047c9
2026-02-11 11:00:00,2026-02-11 17:00:00,18,0.9392217368218679,0.9743661552112614,-0.03514441838939342,12.7,4.5,2.0,0.3146671387668656,0.9971814810533317,1,2026-02-10 17:00:00,2026-02-10 23:00:00,t1-direct-d7d0b047c9
2026-02-11 12:00:00,2026-02-11 18:00:00,19,0.9716228878451428,0.9766666666666667,-0.005043778821523848,13.19,3.5,2.0,0.4120509944898296,0.9909116546866211,1,2026-02-10 17:00:00,2026-02-10 23:00:00,t1-direct-d7d0b047c9
2026-02-11 13:00:00,2026-02-11 19:00:00,20,0.9751842063130013,0.9425339310715459,0.03265027524145536,11.94,2.2,2.0,0.39999536410299563,0.9907183948231607,1,2026-02-10 17:00:00,2026-02-10 23:00:00,t1-direct-d7d0b047c9
2026-02-11 14:00:00,2026-02-11 20:00:00,21,0.9774793659601795,0.9482102673719177,0.029269098588261766,12.01,1.4,2.0,0.421001470804359,0.9906019663758091,1,2026-02-10 17:00:00,2026-02-10 23:00:00,t1-direct-d7d0b047c9
2026-02-11 15:00:00,2026-02-11 21:00:00,22,0.9928769927854982,0.908773891657668,0.08410310112783026,10.9,1.0,2.0,0.42291033513971654,0.9928769927854982,1,2026-02-10 17:00:00,2026-02-10 23:00:00,t1-direct-d7d0b047c9
2026-02-11 16:00:00,2026-02-11 22:00:00,23,0.9580978052142489,0.8548258748100871,0.10327193040416183,9.68,0.5,2.0,0.40428981437708167,0.9916194162104288,1,2026-02-10 17:00:00,2026-02-10 23:00:00,t1-direct-d7d0b047c9
2026-02-11 17:00:00,2026-02-11 23:00:00,24,0.9439239957551756,0.6900024203363595,0.2539215754188161,8.57,-0.2,2.0,0.408172269631775,0.9922377422269872,1,2026-02-10 17:00:00,2026-02-10 23:00:00,t1-direct-d7d0b047c9
2026-02-11 18:00:00,2026-02-12 00:00:00,25,0.8447624330903019,0.8451363808917751,-0.00037394780147326223,9.36,0.9,2.0,0.32702245669905194,0.9959885347231893,1,2026-02-10 17:00:00,2026-02-10 23:00:00,t1-direct-d7d0b047c9
2026-02-11 19:00:00,2026-02-12 01:00:00,26,0.7487154853221407,0.6490214975580051,0.09969398776413563,8.13,0.7,2.0,0.275861296264101,0.9988480598746712,1,2026-02-10 17:00:00,2026-02-10 23:00:00,t1-direct-d7d0b047c9
2026-02-11 20:00:00,2026-02-12 02:00:00,27,0.6945605140103357,0.5496627537360812,0.1448977602742545,7.36,0.5,2.0,0.21854648973749768,1.0,1,2026-02-10 17:00:00,2026-02-10 23:00:00,t1-direct-d7d0b047c9
2026-02-11 21:00:00,2026-02-12 03:00:00,28,0.5958128491577661,0.5757751272727019,0.020037721885064252,7.56,0.3,2.0,0.16247001514203013,0.9996636093892768,1,2026-02-10 17:00:00,2026-02-10 23:00:00,t1-direct-d7d0b047c9
2026-02-11 22:00:00,2026-02-12 04:00:00,29,0.5538665110811538,0.357917831886156,0.1959486791949978,6.31,0.6,2.0,0.09901289150494119,0.999605309172237,1,2026-02-10 17:00:00,2026-02-10 23:00:00,t1-direct-d7d0b047c9
2026-02-11 23:00:00,2026-02-12 05:00:00,30,0.5422590627554515,0.39466182989419796,0.1475972328612536,6.54,0.5,2.0,0.049462497830139784,0.9703013438377087,1,2026-02-10 17:00:00,2026-02-10 23:00:00,t1-direct-d7d0b047c9
2026-02-12 00:00:00,2026-02-12 06:00:00,31,0.3937881367390497,0.4222510756939652,-0.028462938954915473,6.71,0.1,2.0,0.04554272277093985,0.8806867309869892,1,2026-02-10 17:00:00,2026-02-10 23:00:00,t1-direct-d7d0b047c9
2026-02-12 01:00:00,2026-02-12 07:00:00,32,0.19061558538627627,0.23766112091123837,-0.0470455355249621,5.46,-0.3,2.0,0.007767658081709733,0.7570381499020997,1,2026-02-10 17:00:00,2026-02-10 23:00:00,t1-direct-d7d0b047c9
2026-02-12 02:00:00,2026-02-12 08:00:00,33,0.10768764732328774,0.0886363935476836,0.01905125377560414,3.61,-0.5,2.0,0.005071050665705706,0.534375652145867,1,2026-02-10 17:00:00,2026-02-10 23:00:00,t1-direct-d7d0b047c9
2026-02-12 03:00:00,2026-02-12 09:00:00,34,0.043531653625065815,0.02904810125109973,0.014483552373966084,1.96,-0.3,2.0,0.008244056603440159,0.39846070153724733,1,2026-02-10 17:00:00,2026-02-10 23:00:00,t1-direct-d7d0b047c9
2026-02-12 04:00:00,2026-02-12 10:00:00,35,0.03269653812012769,0.02783888827392578,0.004857649846201909,1.9,0.0,2.0,0.008858528655195885,0.2637484979947547,1,2026-02-10 17:00:00,2026-02-10 23:00:00,t1-direct-d7d0b047c9
2026-02-12 05:00:00,2026-02-12 11:00:00,36,0.02306288470386219,0.022420034591797103,0.0006428501120650867,1.5,0.9,2.0,0.009346855530113602,0.22865672479607688,1,2026-02-10 17:00:00,2026-02-10 23:00:00,t1-direct-d7d0b047c9
2026-02-12 06:00:00,2026-02-12 12:00:00,37,0.04048203936213226,0.08343272660224854,-0.04295068724011628,3.54,2.4,3.0,0.008475897797200094,0.3692466547444094,1,2026-02-10 17:00:00,2026-02-10 23:00:00,t1-direct-d7d0b047c9
2026-02-12 07:00:00,2026-02-12 13:00:00,38,0.041744488478811966,0.2506086796038539,-0.20886419112504195,5.59,2.9,3.0,0.008412775341366113,0.36489029588753985,1,2026-02-10 17:00:00,2026-02-10 23:00:00,t1-direct-d7d0b047c9
2026-02-12 08:00:00,2026-02-12 14:00:00,39,0.06864536617612821,0.19914701293664352,-0.13050164676051532,5.13,3.6,3.0,0.007171156473452976,0.40852666108989016,1,2026-02-10 17:00:00,2026-02-10 23:00:00,t1-direct-d7d0b047c9
2026-02-12 09:00:00,2026-02-12 15:00:00,40,0.07838503968071675,0.12997470270858869,-0.051589663027871935,4.46,4.6,3.0,0.006580747781270865,0.37432050597402,1,2026-02-10 17:00:00,2026-02-10 23:00:00,t1-direct-d7d0b047c9
2026-02-12 10:00:00,2026-02-12 16:00:00,41,0.064451741641779,0.08158915240171045,-0.017137410759931457,3.52,4.6,3.0,0.007274171883538273,0.4777623760222671,1,2026-02-10 17:00:00,2026-02-10 23:00:00,t1-direct-d7d0b047c9
2026-02-12 11:00:00,2026-02-12 17:00:00,42,0.10670733987956829,0.2100525960352871,-0.1033452561557188,5.24,3.0,3.0,0.005049090872164319,0.5996386224669041,1,2026-02-10 17:00:00,2026-02-10 23:00:00,t1-direct-d7d0b047c9
2026-02-12 12:00:00,2026-02-12 18:00:00,43,0.21626477561619065,0.22053824747637527,-0.004273471860184619,5.32,0.2,3.0,0.0018175717814041537,0.6653540769661554,1,2026-02-10 17:00:00,2026-02-10 23:00:00,t1-direct-d7d0b047c9
2026-02-12 13:00:00,2026-02-12 19:00:00,44,0.2242326944019692,0.2042458234235614,0.01998687097840779,5.16,-0.1,3.0,0.004170495543912328,0.7019939782549729,1,2026-02-10 17:00:00,2026-02-10 23:00:00,t1-direct-d7d0b047c9
2026-02-12 14:00:00,2026-02-12 20:00:00,45,0.14830850480734337,0.08421915969311171,0.06408934511423166,3.54,-0.5,3.0,0.0048070037791527465,0.5262399255853312,1,2026-02-10 17:00:00,2026-02-10 23:00:00,t1-direct-d7d0b047c9
2026-02-12 15:00:00,2026-02-12 21:00:00,46,0.12857400299304514,0.0328700689968952,0.09570393399614993,2.15,-1.0,3.0,0.004128969874262353,0.4316664382505391,1,2026-02-10 17:00:00,2026-02-10 23:00:00,t1-direct-d7d0b047c9
2026-02-12 16:00:00,2026-02-12 22:00:00,47,0.11415938125094015,0.06561888718951574,0.04854049406142441,3.23,-1.3,3.0,0.004857039520088355,0.41436315314182465,1,2026-02-10 17:00:00,2026-02-10 23:00:00,t1-direct-d7d0b047c9
2026-02-12 17:00:00,2026-02-12 23:00:00,48,0.08281302062343927,0.04885918207479515,0.03395383854864412,2.77,-1.8,3.0,0.006302761491167472,0.2853038275866242,1,2026-02-10 17:00:00,2026-02-10 23:00:00,t1-direct-d7d0b047c9
2026-02-11 18:00:00,2026-02-12 00:00:00,1,0.5899058586457123,0.5016803930193008,0.08822546562641154,7.11,1.1,1.0,0.09385227218518705,0.9830912618702445,1,2026-02-11 17:00:00,2026-02-11 23:00:00,t1-direct-d7d0b047c9
2026-02-11 19:00:00,2026-02-12 01:00:00,2,0.551316171010984,0.43235023501209985,0.11896593599888411,6.78,0.9,1.0,0.0551878886431858,0.9631816934153603,1,2026-02-11 17:00:00,2026-02-11 23:00:00,t1-direct-d7d0b047c9
2026-02-11 20:00:00,2026-02-12 02:00:00,3,0.5718792336065935,0.4790671804522227,0.09281205315437085,7.0,0.7,1.0,0.07143843792782645,1.0,1,2026-02-11 17:00:00,2026-02-11 23:00:00,t1-direct-d7d0b047c9
2026-02-11 21:00:00,2026-02-12 03:00:00,4,0.5092671591360706,0.5205877883218176,-0.011320629185747055,7.2,1.2,1.0,0.05567085089731316,1.0,1,2026-02-11 17:00:00,2026-02-11 23:00:00,t1-direct-d7d0b047c9
2026-02-11 22:00:00,2026-02-12 04:00:00,5,0.4142856384136129,0.3854449150412554,0.02884072337235749,6.49,1.5,1.0,0.03869709082504036,0.9226447682383945,1,2026-02-11 17:00:00,2026-02-11 23:00:00,t1-direct-d7d0b047c9
2026-02-11 23:00:00,2026-02-12 05:00:00,6,0.2474284247119484,0.33229719937198676,-0.08486877466003837,6.15,1.1,1.0,0.0001658507989406588,0.7358192915429645,1,2026-02-11 17:00:00,2026-02-11 23:00:00,t1-direct-d7d0b047c9
2026-02-12 00:00:00,2026-02-12 06:00:00,7,0.11630190369175056,0.17292907483295047,-0.05662717114119992,4.84,0.8,1.0,0.004578706440955052,0.5282386681112547,1,2026-02-11 17:00:00,2026-02-11 23:00:00,t1-direct-d7d0b047c9
2026-02-12 01:00:00,2026-02-12 07:00:00,8,0.04733649595439279,0.05037380343220524,-0.0030373074778124454,2.82,0.7,1.0,0.00804823437857801,0.35870128082054853,1,2026-02-11 17:00:00,2026-02-11 23:00:00,t1-direct-d7d0b047c9
2026-02-12 02:00:00,2026-02-12 08:00:00,9,0.053582781825484205,0.037924367843882215,0.01565841398160199,2.37,0.1,1.0,0.007820860674032502,0.23694340831704186,1,2026-02-11 17:00:00,2026-02-11 23:00:00,t1-direct-d7d0b047c9
2026-02-12 03:00:00,2026-02-12 09:00:00,10,0.010186477015291332,0.03181682673169387,-0.02163034971640254,2.1,0.1,1.0,0.009990675914542144,0.1581110973206984,1,2026-02-11 17:00:00,2026-02-11 23:00:00,t1-direct-d7d0b047c9
2026-02-12 04:00:00,2026-02-12 10:00:00,11,0.014416601654433807,0.02960710451368732,-0.015190502859253514,1.99,0.5,1.0,0.00977916968258502,0.14411980030815258,1,2026-02-11 17:00:00,2026-02-11 23:00:00,t1-direct-d7d0b047c9
2026-02-12 05:00:00,2026-02-12 11:00:00,12,0.015603425327416282,0.04958211200877889,-0.03397868668136261,2.8,1.2,1.0,0.009719828498935896,0.15538536041956463,1,2026-02-11 17:00:00,2026-02-11 23:00:00,t1-direct-d7d0b047c9
2026-02-12 06:00:00,2026-02-12 12:00:00,13,0.009723369886130795,0.044451993196603604,-0.03472862331047281,2.62,1.4,2.0,0.009723369886130795,0.15849846853428531,1,2026-02-11 17:00:00,2026-02-11 23:00:00,t1-direct-d7d0b047c9
2026-02-12 07:00:00,2026-02-12 13:00:00,14,0.010799253364906506,0.0227073451465054,-0.011908091781598892,1.53,1.5,2.0,0.009960037097061386,0.16690140091061265,1,2026-02-11 17:00:00,2026-02-11 23:00:00,t1-direct-d7d0b047c9
2026-02-12 08:00:00,2026-02-12 14:00:00,15,0.013578736410862413,0.02,-0.006421263589137588,1.22,2.2,2.0,0.00982106294476359,0.1573986523309823,1,2026-02-11 17:00:00,2026-02-11 23:00:00,t1-direct-d7d0b047c9
2026-02-12 09:00:00,2026-02-12 15:00:00,16,0.017148248891769104,0.02437863374474379,-0.007230384852974687,1.7,2.4,2.0,0.009642587320718255,0.14620252816338702,1,2026-02-11 17:00:00,2026-02-11 23:00:00,t1-direct-d7d0b047c9
2026-02-12 10:00:00,2026-02-12 16:00:00,17,0.02798766010242506,0.0385815724009317,-0.01059391229850664,2.4,1.9,2.0,0.009100616760185459,0.2032710142125537,1,2026-02-11 17:00:00,2026-02-11 23:00:00,t1-direct-d7d0b047c9
2026-02-12 11:00:00,2026-02-12 17:00:00,18,0.088994980163596,0.0568869834951585,0.0321079966684375,3.0,1.1,2.0,0.006047009957447433,0.41622298330712837,1,2026-02-11 17:00:00,2026-02-11 23:00:00,t1-direct-d7d0b047c9
2026-02-12 12:00:00,2026-02-12 18:00:00,19,0.2046272808252808,0.22762761718280053,-0.02300033635751972,5.38,0.3,2.0,0.0017542386684821776,0.5633847786560815,1,2026-02-11 17:00:00,2026-02-11 23:00:00,t1-direct-d7d0b047c9
2026-02-12 13:00:00,2026-02-12 19:00:00,20,0.2065728085649935,0.22427805978579868,-0.017705251220805185,5.35,0.0,2.0,0.0023776275365652855,0.5565527265526491,1,2026-02-11 17:00:00,2026-02-11 23:00:00,t1-direct-d7d0b047c9
2026-02-12 14:00:00,2026-02-12 20:00:00,21,0.22510620786753494,0.1840876114868278,0.04101859638070712,4.95,-0.2,2.0,0.0010605438074992868,0.5666538464621598,1,2026-02-11 17:00:00,2026-02-11 23:00:00,t1-direct-d7d0b047c9
2026-02-12 15:00:00,2026-02-12 21:00:00,22,0.22095697396750835,0.08539889265739486,0.1355580813101135,3.56,-0.2,2.0,0.00124024249111096,0.5713856306480227,1,2026-02-11 17:00:00,2026-02-11 23:00:00,t1-direct-d7d0b047c9
2026-02-12 16:00:00,2026-02-12 22:00:00,23,0.21931562350943576,0.07288648647594304,0.14642913703349272,3.36,-0.6,2.0,0.0006821908825409562,0.48580397025981403,1,2026-02-11 17:00:00,2026-02-11 23:00:00,t1-direct-d7d0b047c9
2026-02-12 17:00:00,2026-02-12 23:00:00,24,0.19492128329470512,0.02826055188320914,0.16666073141149598,1.92,-0.5,2.0,0.0007516514690837084,0.42715290322308896,1,2026-02-11 17:00:00,2026-02-11 23:00:00,t1-direct-d7d0b047c9
2026-02-12 18:00:00,2026-02-13 00:00:00,25,0.1350809701405382,0.028269911690782863,0.10681105844975533,1.92,-0.7,2.0,0.00358959483067145,0.35857423688719176,1,2026-02-11 17:00:00,2026-02-11 23:00:00,t1-direct-d7d0b047c9
2026-02-12 19:00:00,2026-02-13 01:00:00,26,0.11073840534830465,0.03990983352247363,0.07082857182583102,2.44,-1.5,2.0,0.004849723028843206,0.3527370787726904,1,2026-02-11 17:00:00,2026-02-11 23:00:00,t1-direct-d7d0b047c9
2026-02-12 20:00:00,2026-02-13 02:00:00,27,0.07171230369346752,0.04932526602657215,0.022387037666895378,2.78,-2.6,2.0,0.00680687627700817,0.24738371083099714,1,2026-02-11 17:00:00,2026-02-11 23:00:00,t1-direct-d7d0b047c9
2026-02-12 21:00:00,2026-02-13 03:00:00,28,0.05550609622746555,0.03626076243292533,0.01924533379454022,2.3,-2.5,2.0,0.0077246949539334295,0.2012696252639662,1,2026-02-11 17:00:00,2026-02-11 23:00:00,t1-direct-d7d0b047c9
2026-02-12 22:00:00,2026-02-13 04:00:00,29,0.013338598074963686,0.023383143196427376,-0.01004454512146369,1.59,-2.6,2.0,0.009833069861558526,0.16175508591482662,1,2026-02-11 17:00:00,2026-02-11 23:00:00,t1-direct-d7d0b047c9
2026-02-12 23:00:00,2026-02-13 05:00:00,30,0.022994157570881624,0.02,0.002994157570881624,0.87,-2.8,2.0,0.009350291886762629,0.1349776699550628,1,2026-02-11 17:00:00,2026-02-11 23:00:00,t1-direct-d7d0b047c9
2026-02-13 00:00:00,2026-02-13 06:00:00,31,0.02346924214913196,0.04296141749697313,-0.01949217534784117,2.55,-3.0,2.0,0.009326537657850112,0.12997862597219792,1,2026-02-11 17:00:00,2026-02-11 23:00:00,t1-direct-d7d0b047c9
2026-02-13 01:00:00,2026-02-13 07:00:00,32,0.013375824109471909,0.04082929459510731,-0.027453470485635404,2.47,-3.0,2.0,0.009831208559833115,0.12164373991932559,1,2026-02-11 17:00:00,2026-02-11 23:00:00,t1-direct-d7d0b047c9
2026-02-13 02:00:00,2026-02-13 08:00:00,33,0.011327871970953803,0.026574721201340898,-0.015246849230387095,1.83,-2.9,2.0,0.00993360616675902,0.11067637219926839,1,2026-02-11 17:00:00,2026-02-11 23:00:00,t1-direct-d7d0b047c9
2026-02-13 03:00:00,2026-02-13 09:00:00,34,0.012398375001059404,0.03375356427695089,-0.021355189275891487,2.19,-2.6,2.0,0.009880081015253742,0.14334151509267673,1,2026-02-11 17:00:00,2026-02-11 23:00:00,t1-direct-d7d0b047c9
2026-02-13 04:00:00,2026-02-13 10:00:00,35,0.00807508319808654,0.05334128465992916,-0.045266201461842626,2.89,-2.5,2.0,0.00807508319808654,0.1531812115683287,1,2026-02-11 17:00:00,2026-02-11 23:00:00,t1-direct-d7d0b047c9
2026-02-13 05:00:00,2026-02-13 11:00:00,36,0.01123397416021832,0.03032242312628213,-0.019088448966063813,2.02,-1.9,2.0,0.009938301057295795,0.174947370408817,1,2026-02-11 17:00:00,2026-02-11 23:00:00,t1-direct-d7d0b047c9
2026-02-13 06:00:00,2026-02-13 12:00:00,37,0.03130940353491044,0.02123478988036044,0.01007461365455,1.38,0.4,3.0,0.00893452958856119,0.308879583856444,1,2026-02-11 17:00:00,2026-02-11 23:00:00,t1-direct-d7d0b047c9
2026-02-13 07:00:00,2026-02-13 13:00:00,38,0.04267950553059951,0.03474922052074666,0.00793028500985285,2.25,1.1,3.0,0.008366024488776734,0.32369301066914263,1,2026-02-11 17:00:00,2026-02-11 23:00:00,t1-direct-d7d0b047c9
2026-02-13 08:00:00,2026-02-13 14:00:00,39,0.04063887480631425,0.026563835842092626,0.014075038964221624,1.84,1.8,3.0,0.008468056024990997,0.3310513531698218,1,2026-02-11 17:00:00,2026-02-11 23:00:00,t1-direct-d7d0b047c9
2026-02-13 09:00:00,2026-02-13 15:00:00,40,0.05668854771369088,0.032703348930457614,0.02398519878323327,2.15,2.2,3.0,0.007584863603112273,0.4265494036975593,1,2026-02-11 17:00:00,2026-02-11 23:00:00,t1-direct-d7d0b047c9
2026-02-13 10:00:00,2026-02-13 16:00:00,41,0.07320911916979156,0.03427623660318865,0.038932882566602905,2.23,2.5,3.0,0.006940150057726871,0.4129354123338405,1,2026-02-11 17:00:00,2026-02-11 23:00:00,t1-direct-d7d0b047c9
2026-02-13 11:00:00,2026-02-13 17:00:00,42,0.06053142940649657,0.04908195058477863,0.011449478821717943,2.79,2.3,3.0,0.00739271951847198,0.36802375932253345,1,2026-02-11 17:00:00,2026-02-11 23:00:00,t1-direct-d7d0b047c9
2026-02-13 12:00:00,2026-02-13 18:00:00,43,0.06762003944984463,0.050814112393462715,0.01680592705638191,2.83,0.1,3.0,0.007118997792814476,0.34511315165583295,1,2026-02-11 17:00:00,2026-02-11 23:00:00,t1-direct-d7d0b047c9
2026-02-13 13:00:00,2026-02-13 19:00:00,44,0.03446937692893653,0.03529140386346774,-0.0008220269345312128,2.27,-0.2,3.0,0.008776530918859885,0.2574919798677678,1,2026-02-11 17:00:00,2026-02-11 23:00:00,t1-direct-d7d0b047c9
2026-02-13 14:00:00,2026-02-13 20:00:00,45,0.021657953086817717,0.02,0.0016579530868177164,1.22,-0.6,3.0,0.009417102110965825,0.2388713517191792,1,2026-02-11 17:00:00,2026-02-11 23:00:00,t1-direct-d7d0b047c9
2026-02-13 15:00:00,2026-02-13 21:00:00,46,0.060538831783272865,0.04463849929195471,0.015900332491318156,2.62,-0.8,3.0,0.007473058176143063,0.38527289422913336,1,2026-02-11 17:00:00,2026-02-11 23:00:00,t1-direct-d7d0b047c9
2026-02-13 16:00:00,2026-02-13 22:00:00,47,0.16606183631551963,0.1596044729781742,0.006457363337345423,4.7,-1.0,3.0,0.003283095202919084,0.6563580680767603,1,2026-02-11 17:00:00,2026-02-11 23:00:00,t1-direct-d7d0b047c9
2026-02-13 17:00:00,2026-02-13 23:00:00,48,0.26692530075614807,0.39287209911514925,-0.1259467983590012,6.52,-0.6,3.0,0.0035401864235377056,0.8677188987542264,1,2026-02-11 17:00:00,2026-02-11 23:00:00,t1-direct-d7d0b047c9
2026-02-12 18:00:00,2026-02-13 00:00:00,1,0.020049262736667916,0.02728699024381118,-0.007237727507143264,1.87,-1.0,1.0,0.009497536628473314,0.11801975402138062,1,2026-02-12 17:00:00,2026-02-12 23:00:00,t1-direct-d7d0b047c9
2026-02-12 19:00:00,2026-02-13 01:00:00,2,0.01863230908318639,0.03329539100730567,-0.014663081924119279,2.17,-1.5,1.0,0.009568384311147392,0.10469855542025186,1,2026-02-12 17:00:00,2026-02-12 23:00:00,t1-direct-d7d0b047c9
2026-02-12 20:00:00,2026-02-13 02:00:00,3,0.012297189447116478,0.04157139138651036,-0.029274201939393882,2.5,-2.3,1.0,0.009885140292950886,0.08643772708249431,1,2026-02-12 17:00:00,2026-02-12 23:00:00,t1-direct-d7d0b047c9
2026-02-12 21:00:00,2026-02-13 03:00:00,4,0.012868785554891337,0.01989716026911447,-0.007028374714223134,0.72,-2.5,1.0,0.009856560487562144,0.0765856416811146,1,2026-02-12 17:00:00,2026-02-12 23:00:00,t1-direct-d7d0b047c9
2026-02-12 22:00:00,2026-02-13 04:00:00,5,0.013110242850633029,0.02,-0.006889757149366972,1.09,-2.5,1.0,0.00984448762277506,0.07108056811317884,1,2026-02-12 17:00:00,2026-02-12 23:00:00,t1-direct-d7d0b047c9
2026-02-12 23:00:00,2026-02-13 05:00:00,6,0.013486185415588077,0.02058611169013828,-0.007099926274550203,1.31,-2.6,1.0,0.009825690494527308,0.084129897227313,1,2026-02-12 17:00:00,2026-02-12 23:00:00,t1-direct-d7d0b047c9
2026-02-13 00:00:00,2026-02-13 06:00:00,7,0.0209462110191146,0.022071964793161362,-0.0011257537740467609,1.46,-1.9,1.0,0.00945268921435098,0.11124934385995217,1,2026-02-12 17:00:00,2026-02-12 23:00:00,t1-direct-d7d0b047c9
2026-02-13 01:00:00,2026-02-13 07:00:00,8,0.011890227930120406,0.04209570610871964,-0.030205478178599234,2.52,-2.2,1.0,0.009905488368800692,0.10760966500133559,1,2026-02-12 17:00:00,2026-02-12 23:00:00,t1-direct-d7d0b047c9
2026-02-13 02:00:00,2026-02-13 08:00:00,9,0.008983504905986053,0.020283280569891322,-0.011299775663905269,1.28,-2.4,1.0,0.008983504905986053,0.10442712679719375,1,2026-02-12 17:00:00,2026-02-12 23:00:00,t1-direct-d7d0b047c9
2026-02-13 03:00:00,2026-02-13 09:00:00,10,0.00934060491200272,0.02,-0.01065939508799728,0.83,-2.0,1.0,0.00934060491200272,0.08209843979081989,1,2026-02-12 17:00:00,2026-02-12 23:00:00,t1-direct-d7d0b047c9
2026-02-13 04:00:00,2026-02-13 10:00:00,11,0.009379748833801365,0.02,-0.010620251166198635,1.2,-1.2,1.0,0.009379748833801365,0.10537950242752948,1,2026-02-12 17:00:00,2026-02-12 23:00:00,t1-direct-d7d0b047c9
2026-02-13 05:00:00,2026-02-13 11:00:00,12,0.014640023514556214,0.02493858167291198,-0.010298558158355767,1.75,-0.6,1.0,0.0097679985895789,0.1479331881856631,1,2026-02-12 17:00:00,2026-02-12 23:00:00,t1-direct-d7d0b047c9
2026-02-13 06:00:00,2026-02-13 12:00:00,13,0.00918469039151215,0.04096583568287188,-0.03178114529135973,2.48,-1.4,2.0,0.00918469039151215,0.10082426586464895,1,2026-02-12 17:00:00,2026-02-12 23:00:00,t1-direct-d7d0b047c9
2026-02-13 07:00:00,2026-02-13 13:00:00,14,0.009653849428168087,0.02,-0.010346150571831914,1.1,-0.4,2.0,0.009653849428168087,0.12431530544704383,1,2026-02-12 17:00:00,2026-02-12 23:00:00,t1-direct-d7d0b047c9
2026-02-13 08:00:00,2026-02-13 14:00:00,15,0.012276775663981585,0.028806255391798815,-0.01652947972781723,1.95,0.6,2.0,0.009886160982107633,0.15164344525477355,1,2026-02-12 17:00:00,2026-02-12 23:00:00,t1-direct-d7d0b047c9
2026-02-13 09:00:00,2026-02-13 15:00:00,16,0.01212371989642627,0.02877323479750961,-0.016649514901083337,1.95,1.3,2.0,0.009893813770485397,0.1185729515627403,1,2026-02-12 17:00:00,2026-02-12 23:00:00,t1-direct-d7d0b047c9
2026-02-13 10:00:00,2026-02-13 16:00:00,17,0.012468609689366097,0.02,-0.007531390310633903,1.24,1.6,2.0,0.009876569280838406,0.1378215846718941,1,2026-02-12 17:00:00,2026-02-12 23:00:00,t1-direct-d7d0b047c9
2026-02-13 11:00:00,2026-02-13 17:00:00,18,0.02411233421060978,0.0354538221766275,-0.011341487966017721,2.28,1.2,2.0,0.009294383054776222,0.25947362055732165,1,2026-02-12 17:00:00,2026-02-12 23:00:00,t1-direct-d7d0b047c9
2026-02-13 12:00:00,2026-02-13 18:00:00,19,0.026680977054965548,0.10859811827452637,-0.08191714121956081,4.15,-0.5,2.0,0.009165950912558434,0.30076688406962687,1,2026-02-12 17:00:00,2026-02-12 23:00:00,t1-direct-d7d0b047c9
2026-02-13 13:00:00,2026-02-13 19:00:00,20,0.03788385632397955,0.19220474569905152,-0.15432088937507196,5.03,-0.9,2.0,0.008605806949107734,0.32963226880349705,1,2026-02-12 17:00:00,2026-02-12 23:00:00,t1-direct-d7d0b047c9
2026-02-13 14:00:00,2026-02-13 20:00:00,21,0.08288301743276265,0.20370753193003033,-0.12082451449726768,5.15,-0.8,2.0,0.0064592739106212466,0.4336734137461541,1,2026-02-12 17:00:00,2026-02-12 23:00:00,t1-direct-d7d0b047c9
2026-02-13 15:00:00,2026-02-13 21:00:00,22,0.1608003027468452,0.2903483912598322,-0.129548088512987,5.87,-0.4,2.0,0.003972789812284133,0.5777187918729494,1,2026-02-12 17:00:00,2026-02-12 23:00:00,t1-direct-d7d0b047c9
2026-02-13 16:00:00,2026-02-13 22:00:00,23,0.15932286315017696,0.31722765024127075,-0.1579047870910938,6.04,-0.7,2.0,0.0045742625484428145,0.6897416545386488,1,2026-02-12 17:00:00,2026-02-12 23:00:00,t1-direct-d7d0b047c9
2026-02-13 17:00:00,2026-02-13 23:00:00,24,0.29961925822325186,0.3966992861370328,-0.09708002791378095,6.54,-1.1,2.0,0.00020264577713285936,0.9079610508255943,1,2026-02-12 17:00:00,2026-02-12 23:00:00,t1-direct-d7d0b047c9
2026-02-13 18:00:00,2026-02-14 00:00:00,25,0.42585830331137264,0.41161656724068924,0.014241736070683408,6.64,-0.3,2.0,0.09224496678576499,0.9753753853056316,1,2026-02-12 17:00:00,2026-02-12 23:00:00,t1-direct-d7d0b047c9
2026-02-13 19:00:00,2026-02-14 01:00:00,26,0.5696757221886477,0.527631515825524,0.04204420636312367,7.22,-0.3,2.0,0.15090185832521363,0.9853713947745097,1,2026-02-12 17:00:00,2026-02-12 23:00:00,t1-direct-d7d0b047c9
2026-02-13 20:00:00,2026-02-14 02:00:00,27,0.6476932098544925,0.479663440358565,0.16802976949592752,6.99,-0.8,2.0,0.22705780704545037,0.9803981800651695,1,2026-02-12 17:00:00,2026-02-12 23:00:00,t1-direct-d7d0b047c9
2026-02-13 21:00:00,2026-02-14 03:00:00,28,0.6635421840610769,0.4300699499995385,0.2334722340615384,6.75,-1.0,2.0,0.24502248007726607,0.9903057478040149,1,2026-02-12 17:00:00,2026-02-12 23:00:00,t1-direct-d7d0b047c9
2026-02-13 22:00:00,2026-02-14 04:00:00,29,0.6610052591712204,0.3562012530829687,0.30480400608825176,6.29,-0.6,2.0,0.2115597281693959,0.9834429039834878,1,2026-02-12 17:00:00,2026-02-12 23:00:00,t1-direct-d7d0b047c9
2026-02-13 23:00:00,2026-02-14 05:00:00,30,0.6172094918174249,0.18505041474235676,0.4321590770750682,4.96,-0.2,2.0,0.14491457466288488,0.9425698329863759,1,2026-02-12 17:00:00,2026-02-12 23:00:00,t1-direct-d7d0b047c9
2026-02-14 00:00:00,2026-02-14 06:00:00,31,0.40806099743567137,0.10357559048298622,0.30448540695268517,3.96,-0.7,2.0,0.039071811026737846,0.8352111848533983,1,2026-02-12 17:00:00,2026-02-12 23:00:00,t1-direct-d7d0b047c9
2026-02-14 01:00:00,2026-02-14 07:00:00,32,0.18939868251847045,0.027064909636858855,0.1623337728816116,1.86,-0.5,2.0,0.005262177128209533,0.8629052991335455,1,2026-02-12 17:00:00,2026-02-12 23:00:00,t1-direct-d7d0b047c9
2026-02-14 02:00:00,2026-02-14 08:00:00,33,0.14575635906397233,0.02453581951923933,0.121220539544733,1.71,-0.4,2.0,0.004356663711756387,0.6986021989752835,1,2026-02-12 17:00:00,2026-02-12 23:00:00,t1-direct-d7d0b047c9
2026-02-14 03:00:00,2026-02-14 09:00:00,34,0.1649457027548721,0.035217953825636805,0.1297277489292353,2.27,0.8,2.0,0.0021588877800992334,0.5751953074777723,1,2026-02-12 17:00:00,2026-02-12 23:00:00,t1-direct-d7d0b047c9
2026-02-14 04:00:00,2026-02-14 10:00:00,35,0.13999614339357785,0.02,0.11999614339357785,1.25,2.2,2.0,0.0033954641308333866,0.6141604286232352,1,2026-02-12 17:00:00,2026-02-12 23:00:00,t1-direct-d7d0b047c9
2026-02-14 05:00:00,2026-02-14 11:00:00,36,0.12097898865421229,0.01971258177620802,0.10126640687800427,0.67,4.2,2.0,0.00449884118895609,0.5651118268042574,1,2026-02-12 17:00:00,2026-02-12 23:00:00,t1-direct-d7d0b047c9
2026-02-14 06:00:00,2026-02-14 12:00:00,37,0.14189929397998904,0.023749568621808607,0.11814972535818044,1.64,4.1,3.0,0.003481165199073044,0.6164900997937424,1,2026-02-12 17:00:00,2026-02-12 23:00:00,t1-direct-d7d0b047c9
2026-02-14 07:00:00,2026-02-14 13:00:00,38,0.10021699145222068,0.019909276501449608,0.08030771495077108,0.73,4.7,3.0,0.005521079810345303,0.6071914263683305,1,2026-02-12 17:00:00,2026-02-12 23:00:00,t1-direct-d7d0b047c9
2026-02-14 08:00:00,2026-02-14 14:00:00,39,0.09408485260359607,0.019510821578780396,0.07457403102481568,0.61,5.7,3.0,0.005827686752776534,0.5690044356499792,1,2026-02-12 17:00:00,2026-02-12 23:00:00,t1-direct-d7d0b047c9
2026-02-14 09:00:00,2026-02-14 15:00:00,40,0.07580537297523272,0.018488102521578578,0.057317270453654146,0.3,6.4,3.0,0.009889335810216546,0.5027472852283478,1,2026-02-12 17:00:00,2026-02-12 23:00:00,t1-direct-d7d0b047c9
2026-02-14 10:00:00,2026-02-14 16:00:00,41,0.08319431907963953,0.020144697506464936,0.06304962157317459,1.28,6.6,3.0,0.006267114922974493,0.48896324644369044,1,2026-02-12 17:00:00,2026-02-12 23:00:00,t1-direct-d7d0b047c9
2026-02-14 11:00:00,2026-02-14 17:00:00,42,0.10363477570484908,0.034704919369208456,0.06892985633564062,2.26,5.6,3.0,0.005192651270163828,0.5453041044652218,1,2026-02-12 17:00:00,2026-02-12 23:00:00,t1-direct-d7d0b047c9
2026-02-14 12:00:00,2026-02-14 18:00:00,43,0.1406964732798115,0.06894488191140018,0.07175159136841132,3.31,2.5,3.0,0.0034993597635974705,0.5166880622161525,1,2026-02-12 17:00:00,2026-02-12 23:00:00,t1-direct-d7d0b047c9
2026-02-14 13:00:00,2026-02-14 19:00:00,44,0.12784874250607514,0.024786239996503305,0.10306250250957183,1.74,1.9,3.0,0.004142405828135659,0.5445400662820825,1,2026-02-12 17:00:00,2026-02-12 23:00:00,t1-direct-d7d0b047c9
2026-02-14 14:00:00,2026-02-14 20:00:00,45,0.14394013358670787,0.06057446175408673,0.08336567183262114,3.1,0.8,3.0,0.003363081129798301,0.5345335300573446,1,2026-02-12 17:00:00,2026-02-12 23:00:00,t1-direct-d7d0b047c9
2026-02-14 15:00:00,2026-02-14 21:00:00,46,0.1819951967039663,0.20809656624079825,-0.026101369536831953,5.2,-0.1,3.0,0.003639921278086794,0.6061004098642513,1,2026-02-12 17:00:00,2026-02-12 23:00:00,t1-direct-d7d0b047c9
2026-02-14 16:00:00,2026-02-14 22:00:00,47,0.14500292959154637,0.2564587606631987,-0.11145583107165236,5.62,0.1,3.0,0.009500763977670967,0.5875546037448727,1,2026-02-12 17:00:00,2026-02-12 23:00:00,t1-direct-d7d0b047c9
2026-02-14 17:00:00,2026-02-14 23:00:00,48,0.09259431286455731,0.10672498033293797,-0.014130667468380653,4.08,-0.4,3.0,0.00730112511910587,0.4539958707904457,1,2026-02-12 17:00:00,2026-02-12 23:00:00,t1-direct-d7d0b047c9
2026-02-13 18:00:00,2026-02-14 00:00:00,1,0.5780113989059703,0.553766835219962,0.024244563686008358,7.38,-0.8,1.0,0.25961226428170103,0.9885901532115355,1,2026-02-13 17:00:00,2026-02-13 23:00:00,t1-direct-d7d0b047c9
2026-02-13 19:00:00,2026-02-14 01:00:00,2,0.6156629246332506,0.549049891982397,0.06661303265085361,7.34,-1.2,1.0,0.2706682348790045,0.9882599153343392,1,2026-02-13 17:00:00,2026-02-13 23:00:00,t1-direct-d7d0b047c9
2026-02-13 20:00:00,2026-02-14 02:00:00,3,0.679328626570039,0.5741404415604584,0.1051881850095806,7.54,-0.5,1.0,0.2674849497821651,0.9918115858770904,1,2026-02-13 17:00:00,2026-02-13 23:00:00,t1-direct-d7d0b047c9
2026-02-13 21:00:00,2026-02-14 03:00:00,4,0.7487713857166703,0.5545942580194868,0.19417712769718354,7.39,-0.4,1.0,0.2753145130032131,0.992365538240384,1,2026-02-13 17:00:00,2026-02-13 23:00:00,t1-direct-d7d0b047c9
2026-02-13 22:00:00,2026-02-14 04:00:00,5,0.7552814812638527,0.5661319810349332,0.18914950022891952,7.48,-0.3,1.0,0.25468444246061495,0.9808645847737733,1,2026-02-13 17:00:00,2026-02-13 23:00:00,t1-direct-d7d0b047c9
2026-02-13 23:00:00,2026-02-14 05:00:00,6,0.5977997417237911,0.5129417177395552,0.08485802398423592,7.15,-0.4,1.0,0.19534329222133856,0.9837751066396122,1,2026-02-13 17:00:00,2026-02-13 23:00:00,t1-direct-d7d0b047c9
2026-02-14 00:00:00,2026-02-14 06:00:00,7,0.47627764408240314,0.42755456775134226,0.04872307633106088,6.74,-0.3,1.0,0.0767014018987735,0.921286973850372,1,2026-02-13 17:00:00,2026-02-13 23:00:00,t1-direct-d7d0b047c9
2026-02-14 01:00:00,2026-02-14 07:00:00,8,0.2676616336651124,0.27942288517439406,-0.011761251509281645,5.8,-0.4,1.0,0.015606401101670164,0.7823971193057876,1,2026-02-13 17:00:00,2026-02-13 23:00:00,t1-direct-d7d0b047c9
2026-02-14 02:00:00,2026-02-14 08:00:00,9,0.17783125470415115,0.09749979889428168,0.08033145580986947,3.75,-0.6,1.0,0.0032841484222359274,0.6937538385897029,1,2026-02-13 17:00:00,2026-02-13 23:00:00,t1-direct-d7d0b047c9
2026-02-14 03:00:00,2026-02-14 09:00:00,10,0.13663697237768324,0.09874273655044692,0.03789423582723632,3.78,-0.3,1.0,0.00400400020155367,0.532597987626501,1,2026-02-13 17:00:00,2026-02-13 23:00:00,t1-direct-d7d0b047c9
2026-02-14 04:00:00,2026-02-14 10:00:00,11,0.09983916653074575,0.05029878148878188,0.04954038504196387,2.82,1.3,1.0,0.005249455623997701,0.40227150042393606,1,2026-02-13 17:00:00,2026-02-13 23:00:00,t1-direct-d7d0b047c9
2026-02-14 05:00:00,2026-02-14 11:00:00,12,0.09694621669116128,0.023697358591394116,0.07324885809976717,1.63,1.7,1.0,0.005427601031929907,0.4473124058133044,1,2026-02-13 17:00:00,2026-02-13 23:00:00,t1-direct-d7d0b047c9
2026-02-14 06:00:00,2026-02-14 12:00:00,13,0.14532737286935127,0.02,0.12532737286935128,1.18,3.5,2.0,0.0032857111054632737,0.5630693695945864,1,2026-02-13 17:00:00,2026-02-13 23:00:00,t1-direct-d7d0b047c9
2026-02-14 07:00:00,2026-02-14 13:00:00,14,0.1872408026131803,0.02295133567705864,0.16428946693612165,1.56,4.4,2.0,0.001187334041523741,0.5901401859539773,1,2026-02-13 17:00:00,2026-02-13 23:00:00,t1-direct-d7d0b047c9
2026-02-14 08:00:00,2026-02-14 14:00:00,15,0.20498228539619964,0.06002941762576633,0.1449528677704333,3.1,4.8,2.0,0.00030025990237278477,0.5963738631450105,1,2026-02-13 17:00:00,2026-02-13 23:00:00,t1-direct-d7d0b047c9
2026-02-14 09:00:00,2026-02-14 15:00:00,16,0.20337808152183295,0.09729621452328042,0.10608186699855253,3.77,4.5,2.0,0.0004695050478526752,0.5000720389209069,1,2026-02-13 17:00:00,2026-02-13 23:00:00,t1-direct-d7d0b047c9
2026-02-14 10:00:00,2026-02-14 16:00:00,17,0.17099481639790712,0.06676028330637195,0.10423453309153517,3.28,3.7,2.0,0.0026963554758409614,0.5658475499136366,1,2026-02-13 17:00:00,2026-02-13 23:00:00,t1-direct-d7d0b047c9
2026-02-14 11:00:00,2026-02-14 17:00:00,18,0.22462975412611577,0.08411557250847798,0.1405141816176378,3.55,2.2,2.0,0.0007369185183650484,0.639522695924635,1,2026-02-13 17:00:00,2026-02-13 23:00:00,t1-direct-d7d0b047c9
2026-02-14 12:00:00,2026-02-14 18:00:00,19,0.30739057398808606,0.2138482698780871,0.09354230410999895,5.27,1.5,2.0,0.0,0.7165623043655316,1,2026-02-13 17:00:00,2026-02-13 23:00:00,t1-direct-d7d0b047c9
2026-02-14 13:00:00,2026-02-14 19:00:00,20,0.2757143902722939,0.20689014179152893,0.06882424848076496,5.19,0.3,2.0,0.0026213246617391994,0.705948974551869,1,2026-02-13 17:00:00,2026-02-13 23:00:00,t1-direct-d7d0b047c9
2026-02-14 14:00:00,2026-02-14 20:00:00,21,0.22302049827724754,0.2525488871301873,-0.029528388852939763,5.59,0.5,2.0,0.0008358524611334073,0.5562433515363573,1,2026-02-13 17:00:00,2026-02-13 23:00:00,t1-direct-d7d0b047c9
2026-02-14 15:00:00,2026-02-14 21:00:00,22,0.18246779230523438,0.20478392058909373,-0.022316128283859343,5.17,0.6,2.0,0.0021060046820642886,0.5136117293565378,1,2026-02-13 17:00:00,2026-02-13 23:00:00,t1-direct-d7d0b047c9
2026-02-14 16:00:00,2026-02-14 22:00:00,23,0.15987991311266686,0.12005789343700234,0.039822019675664524,4.35,1.0,2.0,0.003298734585539226,0.4673271664681996,1,2026-02-13 17:00:00,2026-02-13 23:00:00,t1-direct-d7d0b047c9
2026-02-14 17:00:00,2026-02-14 23:00:00,24,0.09963453664631824,0.1020315400444173,-0.0023970033980990485,3.91,1.0,2.0,0.005517038827108564,0.3755061334112202,1,2026-02-13 17:00:00,2026-02-13 23:00:00,t1-direct-d7d0b047c9
2026-02-14 18:00:00,2026-02-15 00:00:00,25,0.021750571322706084,0.03520330670950399,-0.013452735386797903,2.27,1.0,2.0,0.009412471199171407,0.1922946440444733,1,2026-02-13 17:00:00,2026-02-13 23:00:00,t1-direct-d7d0b047c9
2026-02-14 19:00:00,2026-02-15 01:00:00,26,0.014830943773509509,0.029000513486870844,-0.014169569713361335,1.96,0.7,2.0,0.009758452576631237,0.1324594982085962,1,2026-02-13 17:00:00,2026-02-13 23:00:00,t1-direct-d7d0b047c9
2026-02-14 20:00:00,2026-02-15 02:00:00,27,0.016156007384931035,0.019725495184924006,-0.003569487799992971,0.67,-0.6,2.0,0.009692199396060159,0.1023639282417994,1,2026-02-13 17:00:00,2026-02-13 23:00:00,t1-direct-d7d0b047c9
2026-02-14 21:00:00,2026-02-15 03:00:00,28,0.012198405825709682,0.027681166903593915,-0.015482761077884233,1.89,-0.9,2.0,0.009890079474021228,0.11586850002874054,1,2026-02-13 17:00:00,2026-02-13 23:00:00,t1-direct-d7d0b047c9
2026-02-14 22:00:00,2026-02-15 04:00:00,29,0.024624037565348613,0.02,0.004624037565348613,1.17,-0.4,2.0,0.00926879788703928,0.13416583507839788,1,2026-02-13 17:00:00,2026-02-13 23:00:00,t1-direct-d7d0b047c9
2026-02-14 23:00:00,2026-02-15 05:00:00,30,0.03647576018825953,0.05617753457117027,-0.019701774382910743,2.97,-1.8,2.0,0.008676211755893733,0.19892411179171432,1,2026-02-13 17:00:00,2026-02-13 23:00:00,t1-direct-d7d0b047c9
2026-02-15 00:00:00,2026-02-15 06:00:00,31,0.04744995694733653,0.10035838732464043,-0.0529084303773039,3.83,-2.6,2.0,0.008127501917939886,0.3305614884059277,1,2026-02-13 17:00:00,2026-02-13 23:00:00,t1-direct-d7d0b047c9
2026-02-15 01:00:00,2026-02-15 07:00:00,32,0.10598595377441745,0.19026144308555293,-0.08427548931113547,5.0,-2.5,2.0,0.00582277305064853,0.5448659417288154,1,2026-02-13 17:00:00,2026-02-13 23:00:00,t1-direct-d7d0b047c9
2026-02-15 02:00:00,2026-02-15 08:00:00,33,0.1837090255672911,0.295501206452225,-0.1117921808849339,5.89,-2.2,2.0,0.0033196817012236812,0.777343968088997,1,2026-02-13 17:00:00,2026-02-13 23:00:00,t1-direct-d7d0b047c9
2026-02-15 03:00:00,2026-02-15 09:00:00,34,0.30510035497926485,0.4026951470914904,-0.09759479211222555,6.58,-0.8,2.0,0.027958905283379853,0.9080491017465502,1,2026-02-13 17:00:00,2026-02-13 23:00:00,t1-direct-d7d0b047c9
2026-02-15 04:00:00,2026-02-15 10:00:00,35,0.5758547414812244,0.4555323160043857,0.12032242547683869,6.9,2.0,2.0,0.09844087609276636,1.0,1,2026-02-13 17:00:00,2026-02-13 23:00:00,t1-direct-d7d0b047c9
2026-02-15 05:00:00,2026-02-15 11:00:00,36,0.6646813609298826,0.5940217876228219,0.07065957330706074,7.73,3.4,2.0,0.19017655821082818,1.0,1,2026-02-13 17:00:00,2026-02-13 23:00:00,t1-direct-d7d0b047c9
2026-02-15 06:00:00,2026-02-15 12:00:00,37,0.8492605136004658,0.6438255849443322,0.20543492865613366,8.13,4.8,3.0,0.27000491749028765,0.9981125053148516,1,2026-02-13 17:00:00,2026-02-13 23:00:00,t1-direct-d7d0b047c9
2026-02-15 07:00:00,2026-02-15 13:00:00,38,0.8654020169359837,0.7044106990475902,0.1609913178883935,8.85,6.7,3.0,0.3106738201924224,0.996923843297039,1,2026-02-13 17:00:00,2026-02-13 23:00:00,t1-direct-d7d0b047c9
2026-02-15 08:00:00,2026-02-15 14:00:00,39,0.8669819915313526,0.7946883683545053,0.07229362317684729,9.19,7.0,3.0,0.33558738247257036,0.9956836304399063,1,2026-02-13 17:00:00,2026-02-13 23:00:00,t1-direct-d7d0b047c9
2026-02-15 09:00:00,2026-02-15 15:00:00,40,0.8822688672514464,0.7594695598820524,0.12279930736939393,9.06,6.9,3.0,0.3543164481312455,0.9949590319078273,1,2026-02-13 17:00:00,2026-02-13 23:00:00,t1-direct-d7d0b047c9
2026-02-15 10:00:00,2026-02-15 16:00:00,41,0.8798197958210353,0.6788978468623114,0.20092194895872395,8.48,6.6,3.0,0.34312133622290364,0.9945023117046907,1,2026-02-13 17:00:00,2026-02-13 23:00:00,t1-direct-d7d0b047c9
2026-02-15 11:00:00,2026-02-15 17:00:00,42,0.8651005426148353,0.6393402623170652,0.22576028029777007,8.1,5.3,3.0,0.2900586347367664,1.0,1,2026-02-13 17:00:00,2026-02-13 23:00:00,t1-direct-d7d0b047c9
2026-02-15 12:00:00,2026-02-15 18:00:00,43,0.8031490733200288,0.5228737903235218,0.28027528299650706,7.23,3.4,3.0,0.2112119045698575,1.0,1,2026-02-13 17:00:00,2026-02-13 23:00:00,t1-direct-d7d0b047c9
2026-02-15 13:00:00,2026-02-15 19:00:00,44,0.7915062501515189,0.36745941312819386,0.424046837023325,6.38,1.9,3.0,0.21147702452092765,1.0,1,2026-02-13 17:00:00,2026-02-13 23:00:00,t1-direct-d7d0b047c9
2026-02-15 14:00:00,2026-02-15 20:00:00,45,0.8133946310720968,0.34381876118316723,0.4695758698889295,6.23,1.9,3.0,0.1940297165855681,1.0,1,2026-02-13 17:00:00,2026-02-13 23:00:00,t1-direct-d7d0b047c9
2026-02-15 15:00:00,2026-02-15 21:00:00,46,0.821612155366498,0.41858292903729016,0.40302922632920785,6.7,1.7,3.0,0.20288202527086574,1.0,1,2026-02-13 17:00:00,2026-02-13 23:00:00,t1-direct-d7d0b047c9
2026-02-15 16:00:00,2026-02-15 22:00:00,47,0.8702328763762228,0.43486512453470766,0.43536775184151516,6.8,1.7,3.0,0.2499248799268714,0.9946031268961045,1,2026-02-13 17:00:00,2026-02-13 23:00:00,t1-direct-d7d0b047c9
2026-02-15 17:00:00,2026-02-15 23:00:00,48,0.8580344495498622,0.49210241624417417,0.365932033305688,7.07,1.7,3.0,0.26873693420023925,0.9990192667819577,1,2026-02-13 17:00:00,2026-02-13 23:00:00,t1-direct-d7d0b047c9
2026-02-14 18:00:00,2026-02-15 00:00:00,1,0.011686495711048234,0.018929002299896507,-0.007242506588848273,0.43,-1.0,1.0,0.0099156749797543,0.13299974265878323,1,2026-02-14 17:00:00,2026-02-14 23:00:00,t1-direct-d7d0b047c9
2026-02-14 19:00:00,2026-02-15 01:00:00,2,0.009413420398604733,0.019492980762618514,-0.01007956036401378,0.6,-0.6,1.0,0.009413420398604733,0.11090979931056577,1,2026-02-14 17:00:00,2026-02-14 23:00:00,t1-direct-d7d0b047c9
2026-02-14 20:00:00,2026-02-15 02:00:00,3,0.011302572210220256,0.02,-0.008697427789779744,1.16,0.0,1.0,0.009934871154795698,0.11469885907774033,1,2026-02-14 17:00:00,2026-02-14 23:00:00,t1-direct-d7d0b047c9
2026-02-14 21:00:00,2026-02-15 03:00:00,4,0.008158080148713762,0.020666568009282897,-0.012508487860569135,1.32,-1.4,1.0,0.008158080148713762,0.09266754429209169,1,2026-02-14 17:00:00,2026-02-14 23:00:00,t1-direct-d7d0b047c9
2026-02-14 22:00:00,2026-02-15 04:00:00,5,0.017641297488108918,0.034331091536118345,-0.016689794048009427,2.22,-2.2,1.0,0.009617934890901266,0.14936860590176051,1,2026-02-14 17:00:00,2026-02-14 23:00:00,t1-direct-d7d0b047c9
2026-02-14 23:00:00,2026-02-15 05:00:00,6,0.034999746033846306,0.09192588068761044,-0.056926134653764136,3.65,-3.2,1.0,0.008750012463614395,0.17029390490456056,1,2026-02-14 17:00:00,2026-02-14 23:00:00,t1-direct-d7d0b047c9
2026-02-15 00:00:00,2026-02-15 06:00:00,7,0.03968178020845686,0.06786693055209667,-0.028185150343639803,3.27,-3.2,1.0,0.008479716493139729,0.4042471347978956,1,2026-02-14 17:00:00,2026-02-14 23:00:00,t1-direct-d7d0b047c9
2026-02-15 01:00:00,2026-02-15 07:00:00,8,0.1430204968277189,0.2211328204911724,-0.0781123236634535,5.31,-2.1,1.0,0.0034984248292191655,0.5328547699757196,1,2026-02-14 17:00:00,2026-02-14 23:00:00,t1-direct-d7d0b047c9
2026-02-15 02:00:00,2026-02-15 08:00:00,9,0.2563510956922104,0.23942475346825026,0.01692634222396011,5.46,-2.5,1.0,0.008870883328206819,0.8313060438435551,1,2026-02-14 17:00:00,2026-02-14 23:00:00,t1-direct-d7d0b047c9
2026-02-15 03:00:00,2026-02-15 09:00:00,10,0.3961981961249534,0.41984621707778835,-0.02364802095283497,6.69,-0.5,1.0,0.05340058045163404,0.9636391761982737,1,2026-02-14 17:00:00,2026-02-14 23:00:00,t1-direct-d7d0b047c9
2026-02-15 04:00:00,2026-02-15 10:00:00,11,0.6207497248072298,0.5709377353868501,0.049811989420379676,7.54,2.2,1.0,0.18919855939210822,0.9986808806952197,1,2026-02-14 17:00:00,2026-02-14 23:00:00,t1-direct-d7d0b047c9
2026-02-15 05:00:00,2026-02-15 11:00:00,12,0.7629899541387942,0.5963593779666633,0.16663057617213095,7.75,3.6,1.0,0.2936457304200171,0.992881443898456,1,2026-02-14 17:00:00,2026-02-14 23:00:00,t1-direct-d7d0b047c9
2026-02-15 06:00:00,2026-02-15 12:00:00,13,0.841849840885064,0.7008420620360775,0.14100777884898652,8.77,4.0,2.0,0.3264412264757133,0.9936213983518476,1,2026-02-14 17:00:00,2026-02-14 23:00:00,t1-direct-d7d0b047c9
2026-02-15 07:00:00,2026-02-15 13:00:00,14,0.8872636330559199,0.8511462441236193,0.036117388932300654,9.61,5.1,2.0,0.35627593565881643,0.9914549260937758,1,2026-02-14 17:00:00,2026-02-14 23:00:00,t1-direct-d7d0b047c9
2026-02-15 08:00:00,2026-02-15 14:00:00,15,0.9029404602966099,0.8579919162676355,0.04494854402897441,9.85,5.9,2.0,0.3760093895251001,0.9917169619495059,1,2026-02-14 17:00:00,2026-02-14 23:00:00,t1-direct-d7d0b047c9
2026-02-15 09:00:00,2026-02-15 15:00:00,16,0.8987069657306886,0.8497463070331789,0.04896065869750976,9.58,6.6,2.0,0.34666185436374297,0.9925576758624735,1,2026-02-14 17:00:00,2026-02-14 23:00:00,t1-direct-d7d0b047c9
2026-02-15 10:00:00,2026-02-15 16:00:00,17,0.8629713551381887,0.6963294509366689,0.1666419042015198,8.73,6.4,2.0,0.3086700126404873,0.9975671804223847,1,2026-02-14 17:00:00,2026-02-14 23:00:00,t1-direct-d7d0b047c9
2026-02-15 11:00:00,2026-02-15 17:00:00,18,0.9502720763088224,0.6367678172249244,0.313504259083898,8.08,5.3,2.0,0.30180339619486407,0.9903933785676552,1,2026-02-14 17:00:00,2026-02-14 23:00:00,t1-direct-d7d0b047c9
2026-02-15 12:00:00,2026-02-15 18:00:00,19,0.957578345842347,0.6733051989210685,0.2842731469212785,8.37,3.7,2.0,0.30143808271818784,0.9914304564478944,1,2026-02-14 17:00:00,2026-02-14 23:00:00,t1-direct-d7d0b047c9
2026-02-15 13:00:00,2026-02-15 19:00:00,20,0.9534575672983024,0.6602762850270102,0.29318128227129225,8.23,2.0,2.0,0.3427532440510541,0.9931693068646165,1,2026-02-14 17:00:00,2026-02-14 23:00:00,t1-direct-d7d0b047c9
2026-02-15 14:00:00,2026-02-15 20:00:00,21,0.9680029364506347,0.6763851486301895,0.29161778782044523,8.39,1.3,2.0,0.3585122866407239,0.9933469192272838,1,2026-02-14 17:00:00,2026-02-14 23:00:00,t1-direct-d7d0b047c9
2026-02-15 15:00:00,2026-02-15 21:00:00,22,0.9687563975587425,0.659757632584312,0.3089987649744306,8.22,1.4,2.0,0.35308261441990674,0.996763614916724,1,2026-02-14 17:00:00,2026-02-14 23:00:00,t1-direct-d7d0b047c9
2026-02-15 16:00:00,2026-02-15 22:00:00,23,0.9641239752753813,0.6467074206961502,0.3174165545792311,8.12,1.5,2.0,0.29493510641419307,0.9975955593950375,1,2026-02-14 17:00:00,2026-02-14 23:00:00,t1-direct-d7d0b047c9
2026-02-15 17:00:00,2026-02-15 23:00:00,24,0.8218609703889349,0.5850450030563558,0.23681596733257915,7.64,1.2,2.0,0.22098818443556112,1.0,1,2026-02-14 17:00:00,2026-02-14 23:00:00,t1-direct-d7d0b047c9
2026-02-15 18:00:00,2026-02-16 00:00:00,25,0.752422092772263,0.4222815911354443,0.33014050163681874,6.72,1.3,2.0,0.2328079088840681,0.9866247578027748,1,2026-02-14 17:00:00,2026-02-14 23:00:00,t1-direct-d7d0b047c9
2026-02-15 19:00:00,2026-02-16 01:00:00,26,0.7787674876027305,0.4159188038866223,0.36284868371610823,6.68,1.3,2.0,0.23149063914254464,0.9889666225193905,1,2026-02-14 17:00:00,2026-02-14 23:00:00,t1-direct-d7d0b047c9
2026-02-15 20:00:00,2026-02-16 02:00:00,27,0.7496801571593249,0.4303659021116706,0.3193142550476543,6.77,1.2,2.0,0.22719976887727866,0.9839163872953866,1,2026-02-14 17:00:00,2026-02-14 23:00:00,t1-direct-d7d0b047c9
2026-02-15 21:00:00,2026-02-16 03:00:00,28,0.7318616592789505,0.40478392620118364,0.3270777330777669,6.61,1.3,2.0,0.2281925675149895,0.9895913673171486,1,2026-02-14 17:00:00,2026-02-14 23:00:00,t1-direct-d7d0b047c9
2026-02-15 22:00:00,2026-02-16 04:00:00,29,0.5982306652653411,0.3430849986357063,0.2551456666296348,6.22,1.2,2.0,0.1438568886405236,0.9804905270099546,1,2026-02-14 17:00:00,2026-02-14 23:00:00,t1-direct-d7d0b047c9
2026-02-15 23:00:00,2026-02-16 05:00:00,30,0.6435307220528204,0.3006882505926438,0.34284247146017655,5.95,1.5,2.0,0.16314363317820196,0.9602315093030913,1,2026-02-14 17:00:00,2026-02-14 23:00:00,t1-direct-d7d0b047c9
2026-02-16 00:00:00,2026-02-16 06:00:00,31,0.609729294454105,0.2792173915444994,0.3305119029096055,5.81,1.2,2.0,0.10214571729564748,0.9511861888067521,1,2026-02-14 17:00:00,2026-02-14 23:00:00,t1-direct-d7d0b047c9
2026-02-16 01:00:00,2026-02-16 07:00:00,32,0.5889292334517627,0.25922158917924965,0.3297076442725131,5.65,1.1,2.0,0.11414264087760889,0.9671670958814322,1,2026-02-14 17:00:00,2026-02-14 23:00:00,t1-direct-d7d0b047c9
2026-02-16 02:00:00,2026-02-16 08:00:00,33,0.5846960229434413,0.3499091052812194,0.23478691766222187,6.26,0.7,2.0,0.10434990890856477,0.982264230860833,1,2026-02-14 17:00:00,2026-02-14 23:00:00,t1-direct-d7d0b047c9
2026-02-16 03:00:00,2026-02-16 09:00:00,34,0.6385444880126776,0.4293210629727924,0.20922342503988522,6.77,2.0,2.0,0.14604609480895347,0.9892897533555401,1,2026-02-14 17:00:00,2026-02-14 23:00:00,t1-direct-d7d0b047c9
2026-02-16 04:00:00,2026-02-16 10:00:00,35,0.6502921374236142,0.49410650035565695,0.1561856370679573,7.1,4.1,2.0,0.1389914239522141,0.969732061211044,1,2026-02-14 17:00:00,2026-02-14 23:00:00,t1-direct-d7d0b047c9
2026-02-16 05:00:00,2026-02-16 11:00:00,36,0.6513247240766307,0.2682209506621153,0.38310377341451535,5.76,6.1,2.0,0.14585357773095986,0.9973321300127662,1,2026-02-14 17:00:00,2026-02-14 23:00:00,t1-direct-d7d0b047c9
2026-02-16 06:00:00,2026-02-16 12:00:00,37,0.7104258166921725,0.490126565913633,0.2202992507785395,7.11,7.5,3.0,0.1446694856607481,1.0,1,2026-02-14 17:00:00,2026-02-14 23:00:00,t1-direct-d7d0b047c9
2026-02-16 07:00:00,2026-02-16 13:00:00,38,0.8017492085215993,0.5767860714505061,0.22496313707109317,7.64,8.2,3.0,0.20491055043658157,1.0,1,2026-02-14 17:00:00,2026-02-14 23:00:00,t1-direct-d7d0b047c9
2026-02-16 08:00:00,2026-02-16 14:00:00,39,0.8278513284062693,0.6587210672243082,0.16913026118196106,8.29,9.3,3.0,0.29195741854232626,0.996986200494209,1,2026-02-14 17:00:00,2026-02-14 23:00:00,t1-direct-d7d0b047c9
2026-02-16 09:00:00,2026-02-16 15:00:00,40,0.799735084968231,0.6573158859084504,0.14241919905978062,8.28,9.4,3.0,0.2935333013513207,0.997944102643588,1,2026-02-14 17:00:00,2026-02-14 23:00:00,t1-direct-d7d0b047c9
2026-02-16 10:00:00,2026-02-16 16:00:00,41,0.8078984054369825,0.5243917364752385,0.28350666896174403,7.29,9.5,3.0,0.28640991861457943,0.9891524073066895,1,2026-02-14 17:00:00,2026-02-14 23:00:00,t1-direct-d7d0b047c9
2026-02-16 11:00:00,2026-02-16 17:00:00,42,0.7692819604326194,0.4948388318864403,0.27444312854617914,7.14,8.4,3.0,0.2954898131021481,0.996358253363885,1,2026-02-14 17:00:00,2026-02-14 23:00:00,t1-direct-d7d0b047c9
2026-02-16 12:00:00,2026-02-16 18:00:00,43,0.6501749767451992,0.5179282324960169,0.13224674424918226,7.23,6.1,3.0,0.21647972413146654,1.0,1,2026-02-14 17:00:00,2026-02-14 23:00:00,t1-direct-d7d0b047c9
2026-02-16 13:00:00,2026-02-16 19:00:00,44,0.6065499695365604,0.4068757227954547,0.19967424674110568,6.64,3.4,3.0,0.18243002173311607,1.0,1,2026-02-14 17:00:00,2026-02-14 23:00:00,t1-direct-d7d0b047c9
2026-02-16 14:00:00,2026-02-16 20:00:00,45,0.6132924648383961,0.32594978697708993,0.28734267786130613,6.11,1.2,3.0,0.20412775501439745,0.9966295370310234,1,2026-02-14 17:00:00,2026-02-14 23:00:00,t1-direct-d7d0b047c9
2026-02-16 15:00:00,2026-02-16 21:00:00,46,0.5750356165609235,0.3645323564091458,0.21050326015177773,6.35,0.4,3.0,0.20604059742827108,0.9912418277066416,1,2026-02-14 17:00:00,2026-02-14 23:00:00,t1-direct-d7d0b047c9
2026-02-16 16:00:00,2026-02-16 22:00:00,47,0.5944537374796202,0.41109992189884687,0.1833538155807733,6.64,0.1,3.0,0.22871706909059114,0.9977488458984084,1,2026-02-14 17:00:00,2026-02-14 23:00:00,t1-direct-d7d0b047c9
2026-02-16 17:00:00,2026-02-16 23:00:00,48,0.6051164963705646,0.4847658617197116,0.12035063465085305,7.02,-0.1,3.0,0.2686365445133273,1.0,1,2026-02-14 17:00:00,2026-02-14 23:00:00,t1-direct-d7d0b047c9
2026-02-15 18:00:00,2026-02-16 00:00:00,1,0.6494919650299918,0.2609515915874051,0.38854037344258674,5.67,1.9,1.0,0.111054108514,0.9127289584039275,1,2026-02-15 17:00:00,2026-02-15 23:00:00,t1-direct-d7d0b047c9
2026-02-15 19:00:00,2026-02-16 01:00:00,2,0.604153342212713,0.21245882525984527,0.3916945169528677,5.26,2.2,1.0,0.08453374294887739,0.9402173406209897,1,2026-02-15 17:00:00,2026-02-15 23:00:00,t1-direct-d7d0b047c9
2026-02-15 20:00:00,2026-02-16 02:00:00,3,0.6297531789075199,0.3017953156744264,0.3279578632330935,5.96,1.9,1.0,0.110692433649338,0.9715384762141708,1,2026-02-15 17:00:00,2026-02-15 23:00:00,t1-direct-d7d0b047c9
2026-02-15 21:00:00,2026-02-16 03:00:00,4,0.6711279030592444,0.3360366416445115,0.3350912614147329,6.18,1.9,1.0,0.14314989297180758,0.9734788343240429,1,2026-02-15 17:00:00,2026-02-15 23:00:00,t1-direct-d7d0b047c9
2026-02-15 22:00:00,2026-02-16 04:00:00,5,0.641791383163928,0.3756549602551903,0.26613642290873774,6.43,1.7,1.0,0.14855187419571586,0.979576628366781,1,2026-02-15 17:00:00,2026-02-15 23:00:00,t1-direct-d7d0b047c9
2026-02-15 23:00:00,2026-02-16 05:00:00,6,0.6712903570055923,0.40452864228392876,0.2667617147216635,6.61,1.5,1.0,0.1415140750836733,0.9811243248744708,1,2026-02-15 17:00:00,2026-02-15 23:00:00,t1-direct-d7d0b047c9
2026-02-16 00:00:00,2026-02-16 06:00:00,7,0.6904613201386176,0.41686403674028844,0.27359728339832917,6.69,1.8,1.0,0.19896781086444126,0.9864897777425822,1,2026-02-15 17:00:00,2026-02-15 23:00:00,t1-direct-d7d0b047c9
2026-02-16 01:00:00,2026-02-16 07:00:00,8,0.6464097715046094,0.43680998309942465,0.20959978840518478,6.81,1.8,1.0,0.2070341163641814,0.991081372575656,1,2026-02-15 17:00:00,2026-02-15 23:00:00,t1-direct-d7d0b047c9
2026-02-16 02:00:00,2026-02-16 08:00:00,9,0.6750353152309138,0.4520012482628899,0.22303406696802386,6.88,1.6,1.0,0.11894217345674174,0.967313305478512,1,2026-02-15 17:00:00,2026-02-15 23:00:00,t1-direct-d7d0b047c9
2026-02-16 03:00:00,2026-02-16 09:00:00,10,0.6881200669681622,0.3871221147062277,0.3009979522619345,6.51,2.7,1.0,0.10008530942153238,0.9879099847690794,1,2026-02-15 17:00:00,2026-02-15 23:00:00,t1-direct-d7d0b047c9
2026-02-16 04:00:00,2026-02-16 10:00:00,11,0.5914272031955619,0.4882631198840466,0.10316408331151528,7.08,5.0,1.0,0.06260689537270048,0.9542013579965208,1,2026-02-15 17:00:00,2026-02-15 23:00:00,t1-direct-d7d0b047c9
2026-02-16 05:00:00,2026-02-16 11:00:00,12,0.6055599405647323,0.27767625220053604,0.32788368836419624,5.84,6.9,1.0,0.08828104224108924,0.9593466982941533,1,2026-02-15 17:00:00,2026-02-15 23:00:00,t1-direct-d7d0b047c9
2026-02-16 06:00:00,2026-02-16 12:00:00,13,0.5714264367522971,0.32957772212156006,0.24184871463073704,6.16,4.8,2.0,0.05428776711286509,0.9266067552280255,1,2026-02-15 17:00:00,2026-02-15 23:00:00,t1-direct-d7d0b047c9
2026-02-16 07:00:00,2026-02-16 13:00:00,14,0.5476771458312251,0.2535087346495708,0.29416841118165427,5.64,6.7,2.0,0.05193074563360339,0.8833847992258108,1,2026-02-15 17:00:00,2026-02-15 23:00:00,t1-direct-d7d0b047c9
2026-02-16 08:00:00,2026-02-16 14:00:00,15,0.49353112716402187,0.1521160721782771,0.34141505498574476,4.68,7.6,2.0,0.03362496883263277,0.8735065183866506,1,2026-02-15 17:00:00,2026-02-15 23:00:00,t1-direct-d7d0b047c9
2026-02-16 09:00:00,2026-02-16 15:00:00,16,0.5017585788969565,0.2191892883175247,0.2825692905794318,5.36,8.2,2.0,0.05165834058994284,0.9080107436780798,1,2026-02-15 17:00:00,2026-02-15 23:00:00,t1-direct-d7d0b047c9
2026-02-16 10:00:00,2026-02-16 16:00:00,17,0.6541645633059369,0.20967762023781367,0.4444869430681232,5.27,8.4,2.0,0.06158204162460734,0.970020537700423,1,2026-02-15 17:00:00,2026-02-15 23:00:00,t1-direct-d7d0b047c9
2026-02-16 11:00:00,2026-02-16 17:00:00,18,0.7590327813286148,0.32318660781344494,0.4358461735151699,6.14,7.7,2.0,0.21847829515000905,1.0,1,2026-02-15 17:00:00,2026-02-15 23:00:00,t1-direct-d7d0b047c9
2026-02-16 12:00:00,2026-02-16 18:00:00,19,0.6639909308497106,0.44288045341103044,0.22111047743868018,6.87,5.6,2.0,0.21018122460219507,1.0,1,2026-02-15 17:00:00,2026-02-15 23:00:00,t1-direct-d7d0b047c9
2026-02-16 13:00:00,2026-02-16 19:00:00,20,0.606662104683812,0.25282886283927897,0.353833241844533,5.61,3.1,2.0,0.2025509102862637,0.9845814596273019,1,2026-02-15 17:00:00,2026-02-15 23:00:00,t1-direct-d7d0b047c9
2026-02-16 14:00:00,2026-02-16 20:00:00,21,0.6640755476204017,0.3592679570425874,0.30480759057781426,6.33,2.1,2.0,0.1895751874515464,0.991890597308444,1,2026-02-15 17:00:00,2026-02-15 23:00:00,t1-direct-d7d0b047c9
2026-02-16 15:00:00,2026-02-16 21:00:00,22,0.6745575823001416,0.462245694989576,0.2123118873105656,6.93,1.8,2.0,0.24564503618325706,1.0,1,2026-02-15 17:00:00,2026-02-15 23:00:00,t1-direct-d7d0b047c9
2026-02-16 16:00:00,2026-02-16 22:00:00,23,0.6740241202199458,0.5448593702191515,0.1291647500007943,7.33,1.3,2.0,0.21310353894461637,0.9942642390294671,1,2026-02-15 17:00:00,2026-02-15 23:00:00,t1-direct-d7d0b047c9
2026-02-16 17:00:00,2026-02-16 23:00:00,24,0.5781652954455921,0.4684547958299449,0.10971049961564722,6.95,0.7,2.0,0.20996483211638972,1.0,1,2026-02-15 17:00:00,2026-02-15 23:00:00,t1-direct-d7d0b047c9
2026-02-16 18:00:00,2026-02-17 00:00:00,25,0.5732042628550249,0.36538539678473075,0.20781886607029415,6.36,1.0,2.0,0.17769084366046423,0.9773254005305307,1,2026-02-15 17:00:00,2026-02-15 23:00:00,t1-direct-d7d0b047c9
2026-02-16 19:00:00,2026-02-17 01:00:00,26,0.5489346818965035,0.3186202794760209,0.23031440242048262,6.06,0.8,2.0,0.2067901620323116,0.9791496391139556,1,2026-02-15 17:00:00,2026-02-15 23:00:00,t1-direct-d7d0b047c9
2026-02-16 20:00:00,2026-02-17 02:00:00,27,0.540875715338545,0.34367432931563113,0.19720138602291382,6.22,0.7,2.0,0.20520982076549854,0.978399746914431,1,2026-02-15 17:00:00,2026-02-15 23:00:00,t1-direct-d7d0b047c9
2026-02-16 21:00:00,2026-02-17 03:00:00,28,0.5151238298372288,0.3502656711593358,0.164858158677893,6.26,0.4,2.0,0.18446321652004255,0.9571255657796489,1,2026-02-15 17:00:00,2026-02-15 23:00:00,t1-direct-d7d0b047c9
2026-02-16 22:00:00,2026-02-17 04:00:00,29,0.4977011392025767,0.2910136549121769,0.2066874842903998,5.88,0.4,2.0,0.18167361807689048,0.9667269712011042,1,2026-02-15 17:00:00,2026-02-15 23:00:00,t1-direct-d7d0b047c9
2026-02-16 23:00:00,2026-02-17 05:00:00,30,0.42356978923909056,0.32040911117318666,0.1031606780659039,6.07,0.6,2.0,0.06721791727432413,0.8959108414683485,1,2026-02-15 17:00:00,2026-02-15 23:00:00,t1-direct-d7d0b047c9
2026-02-17 00:00:00,2026-02-17 06:00:00,31,0.21094901497999646,0.2249543732741136,-0.014005358294117143,5.37,2.2,2.0,0.0050724913633447,0.7756418091952291,1,2026-02-15 17:00:00,2026-02-15 23:00:00,t1-direct-d7d0b047c9
2026-02-17 01:00:00,2026-02-17 07:00:00,32,0.10280741507614313,0.23560111459576683,-0.1327936995196237,5.46,2.3,2.0,0.005679872568360639,0.6182464973610887,1,2026-02-15 17:00:00,2026-02-15 23:00:00,t1-direct-d7d0b047c9
2026-02-17 02:00:00,2026-02-17 08:00:00,33,0.0816317349713078,0.11378982909394986,-0.03215809412264206,4.3,2.4,2.0,0.0066612036608814235,0.5128341707331621,1,2026-02-15 17:00:00,2026-02-15 23:00:00,t1-direct-d7d0b047c9
2026-02-17 03:00:00,2026-02-17 09:00:00,34,0.09131906568318156,0.07400054892136233,0.017318516761819225,3.39,2.4,2.0,0.006316963159211084,0.42849653876712146,1,2026-02-15 17:00:00,2026-02-15 23:00:00,t1-direct-d7d0b047c9
2026-02-17 04:00:00,2026-02-17 10:00:00,35,0.10828621557429867,0.09332509104115565,0.014961124533143022,3.7,3.0,2.0,0.005135183251648218,0.5217301217035122,1,2026-02-15 17:00:00,2026-02-15 23:00:00,t1-direct-d7d0b047c9
2026-02-17 05:00:00,2026-02-17 11:00:00,36,0.2169178248257633,0.16836798079011653,0.04854984403564677,4.81,3.8,2.0,0.0011060167792590891,0.7605957237342238,1,2026-02-15 17:00:00,2026-02-15 23:00:00,t1-direct-d7d0b047c9
2026-02-17 06:00:00,2026-02-17 12:00:00,37,0.28575005726280317,0.40496012856496144,-0.11921007130215827,6.67,8.7,3.0,0.0010285260528060114,0.919576780542503,1,2026-02-15 17:00:00,2026-02-15 23:00:00,t1-direct-d7d0b047c9
2026-02-17 07:00:00,2026-02-17 13:00:00,38,0.3141872975420919,0.46890499112117123,-0.15471769357907933,7.02,8.8,3.0,0.0,0.8553477236721168,1,2026-02-15 17:00:00,2026-02-15 23:00:00,t1-direct-d7d0b047c9
2026-02-17 08:00:00,2026-02-17 14:00:00,39,0.24254903230601704,0.1736490071683395,0.06890002513767754,4.9,9.8,3.0,0.002604254331854433,0.7185523477558926,1,2026-02-15 17:00:00,2026-02-15 23:00:00,t1-direct-d7d0b047c9
2026-02-17 09:00:00,2026-02-17 15:00:00,40,0.18043737886863448,0.09255766528933111,0.08787971357930337,3.72,10.3,3.0,0.002511949805189151,0.6026538652741806,1,2026-02-15 17:00:00,2026-02-15 23:00:00,t1-direct-d7d0b047c9
2026-02-17 10:00:00,2026-02-17 16:00:00,41,0.14967143696762653,0.07978587229940057,0.06988556466822596,3.51,9.1,3.0,0.00404681793933373,0.49931442937565734,1,2026-02-15 17:00:00,2026-02-15 23:00:00,t1-direct-d7d0b047c9
2026-02-17 11:00:00,2026-02-17 17:00:00,42,0.16002655151770478,0.04152939634089957,0.11849715517680522,2.53,8.1,3.0,0.004838290307084797,0.5230978199968541,1,2026-02-15 17:00:00,2026-02-15 23:00:00,t1-direct-d7d0b047c9
2026-02-17 12:00:00,2026-02-17 18:00:00,43,0.24120107995799714,0.09877247754693448,0.14242860241106264,3.81,6.0,3.0,0.002480990300420205,0.745692736510506,1,2026-02-15 17:00:00,2026-02-15 23:00:00,t1-direct-d7d0b047c9
2026-02-17 13:00:00,2026-02-17 19:00:00,44,0.3473446288924805,0.15188170949104232,0.1954629194014382,4.66,4.4,3.0,0.0004925188640799716,0.8419871085830191,1,2026-02-15 17:00:00,2026-02-15 23:00:00,t1-direct-d7d0b047c9
2026-02-17 14:00:00,2026-02-17 20:00:00,45,0.4196219681857275,0.18234044157981277,0.23728152660591473,4.96,4.5,3.0,0.01381423571647733,0.8613182316847506,1,2026-02-15 17:00:00,2026-02-15 23:00:00,t1-direct-d7d0b047c9
2026-02-17 15:00:00,2026-02-17 21:00:00,46,0.48244690601676515,0.2317134888081586,0.25073341720860653,5.43,2.7,3.0,0.06191434182459071,0.9346289715523721,1,2026-02-15 17:00:00,2026-02-15 23:00:00,t1-direct-d7d0b047c9
2026-02-17 16:00:00,2026-02-17 22:00:00,47,0.6521012874508992,0.29334708725281605,0.3587542001980832,5.92,3.9,3.0,0.12331672240799851,0.9542423820999604,1,2026-02-15 17:00:00,2026-02-15 23:00:00,t1-direct-d7d0b047c9
2026-02-17 17:00:00,2026-02-17 23:00:00,48,0.6188748241176929,0.35731418290303485,0.26156064121465805,6.32,2.4,3.0,0.1450839224161818,0.9873543612872271,1,2026-02-15 17:00:00,2026-02-15 23:00:00,t1-direct-d7d0b047c9
2026-02-16 18:00:00,2026-02-17 00:00:00,1,0.4334293591193212,0.1970534305874838,0.23637592853183736,5.11,3.9,1.0,0.11525396248373443,0.9101099626777416,1,2026-02-16 17:00:00,2026-02-16 23:00:00,t1-direct-d7d0b047c9
2026-02-16 19:00:00,2026-02-17 01:00:00,2,0.4729720083568491,0.18555706822535112,0.287414940131498,4.99,3.9,1.0,0.13498757881111362,0.9361539053319485,1,2026-02-16 17:00:00,2026-02-16 23:00:00,t1-direct-d7d0b047c9
2026-02-16 20:00:00,2026-02-17 02:00:00,3,0.5215134885300874,0.266456789672624,0.2550566988574634,5.73,3.9,1.0,0.16535392029191687,0.9596692201568029,1,2026-02-16 17:00:00,2026-02-16 23:00:00,t1-direct-d7d0b047c9
2026-02-16 21:00:00,2026-02-17 03:00:00,4,0.5665658023073217,0.3230762017077049,0.24348960059961677,6.11,3.7,1.0,0.17982360887836474,0.9543879300201282,1,2026-02-16 17:00:00,2026-02-16 23:00:00,t1-direct-d7d0b047c9
2026-02-16 22:00:00,2026-02-17 04:00:00,5,0.4956831421945807,0.4078272603427458,0.0878558818518349,6.65,3.9,1.0,0.10017297377229845,0.9456819223394859,1,2026-02-16 17:00:00,2026-02-16 23:00:00,t1-direct-d7d0b047c9
2026-02-16 23:00:00,2026-02-17 05:00:00,6,0.3296163132423753,0.31364483956558153,0.015971473676793746,6.05,3.8,1.0,0.024795640730241653,0.8137188076424684,1,2026-02-16 17:00:00,2026-02-16 23:00:00,t1-direct-d7d0b047c9
2026-02-17 00:00:00,2026-02-17 06:00:00,7,0.15253598928917708,0.03953974454562191,0.11299624474355517,2.44,3.2,1.0,0.005130096730452893,0.6885034082408306,1,2026-02-16 17:00:00,2026-02-16 23:00:00,t1-direct-d7d0b047c9
2026-02-17 01:00:00,2026-02-17 07:00:00,8,0.1571699460269407,0.030851577436372166,0.12631836859056855,2.06,3.5,1.0,0.002573589917812008,0.5002292810349521,1,2026-02-16 17:00:00,2026-02-16 23:00:00,t1-direct-d7d0b047c9
2026-02-17 02:00:00,2026-02-17 08:00:00,9,0.15083898454098005,0.05988247526156192,0.09095650927941812,3.09,3.2,1.0,0.0030087324131314874,0.5158829795863145,1,2026-02-16 17:00:00,2026-02-16 23:00:00,t1-direct-d7d0b047c9
2026-02-17 03:00:00,2026-02-17 09:00:00,10,0.16951165889662553,0.1284363370531756,0.04107532184344995,4.44,3.5,1.0,0.0026783617934931225,0.5737027623340981,1,2026-02-16 17:00:00,2026-02-16 23:00:00,t1-direct-d7d0b047c9
2026-02-17 04:00:00,2026-02-17 10:00:00,11,0.1694238817928578,0.23680324933883573,-0.06737936754597793,5.48,3.8,1.0,0.0023012355025439635,0.6501667511951456,1,2026-02-16 17:00:00,2026-02-16 23:00:00,t1-direct-d7d0b047c9
2026-02-17 05:00:00,2026-02-17 11:00:00,12,0.15335236678879263,0.3137579411344704,-0.1604055743456778,6.05,3.7,1.0,0.002994795585257115,0.5677648031092225,1,2026-02-16 17:00:00,2026-02-16 23:00:00,t1-direct-d7d0b047c9
2026-02-17 06:00:00,2026-02-17 12:00:00,13,0.23094266603571278,0.09564776124161338,0.1352949047940994,3.75,5.9,2.0,0.0,0.6510628056380279,1,2026-02-16 17:00:00,2026-02-16 23:00:00,t1-direct-d7d0b047c9
2026-02-17 07:00:00,2026-02-17 13:00:00,14,0.23577717421811356,0.1370087313055289,0.09876844291258466,4.53,5.6,2.0,0.004024555489994586,0.6621403188080706,1,2026-02-16 17:00:00,2026-02-16 23:00:00,t1-direct-d7d0b047c9
2026-02-17 08:00:00,2026-02-17 14:00:00,15,0.30284884968475473,0.09877247754693448,0.20407637213782026,3.81,6.0,2.0,7.01558936593294e-05,0.7461836584603097,1,2026-02-16 17:00:00,2026-02-16 23:00:00,t1-direct-d7d0b047c9
2026-02-17 09:00:00,2026-02-17 15:00:00,16,0.3005078083958699,0.1679997470463407,0.13250806134952917,4.82,6.2,2.0,0.00010646488941279397,0.779010750951932,1,2026-02-16 17:00:00,2026-02-16 23:00:00,t1-direct-d7d0b047c9
2026-02-17 10:00:00,2026-02-17 16:00:00,17,0.34600063569055406,0.23026423118088682,0.11573640450966724,5.44,6.1,2.0,2.239156273975418e-05,0.813272801610712,1,2026-02-16 17:00:00,2026-02-16 23:00:00,t1-direct-d7d0b047c9
2026-02-17 11:00:00,2026-02-17 17:00:00,18,0.4597694411804975,0.24837333526847,0.2113961059120275,5.59,5.7,2.0,0.013702902329932043,0.9454333562852391,1,2026-02-16 17:00:00,2026-02-16 23:00:00,t1-direct-d7d0b047c9
2026-02-17 12:00:00,2026-02-17 18:00:00,19,0.6097627891221007,0.4477964271526063,0.16196636196949438,6.89,5.2,2.0,0.03739227516938104,0.9920283721345252,1,2026-02-16 17:00:00,2026-02-16 23:00:00,t1-direct-d7d0b047c9
2026-02-17 13:00:00,2026-02-17 19:00:00,20,0.6930072695862327,0.5156102805950415,0.17739698899119116,7.2,3.9,2.0,0.10016374037621112,1.0,1,2026-02-16 17:00:00,2026-02-16 23:00:00,t1-direct-d7d0b047c9
2026-02-17 14:00:00,2026-02-17 20:00:00,21,0.6902554808214887,0.5184588909578942,0.17179658986359447,7.21,3.5,2.0,0.15717335488663742,1.0,1,2026-02-16 17:00:00,2026-02-16 23:00:00,t1-direct-d7d0b047c9
2026-02-17 15:00:00,2026-02-17 21:00:00,22,0.6748894976307827,0.46434803928552926,0.2105414583452534,6.95,3.0,2.0,0.21539493086564027,1.0,1,2026-02-16 17:00:00,2026-02-16 23:00:00,t1-direct-d7d0b047c9
2026-02-17 16:00:00,2026-02-17 22:00:00,23,0.7085906007576533,0.49597782774201904,0.2126127730156343,7.09,1.9,2.0,0.25664906692038486,1.0,1,2026-02-16 17:00:00,2026-02-16 23:00:00,t1-direct-d7d0b047c9
2026-02-17 17:00:00,2026-02-17 23:00:00,24,0.7496393148907957,0.5317546779097457,0.21788463698104998,7.25,0.9,2.0,0.2614846709203124,1.0,1,2026-02-16 17:00:00,2026-02-16 23:00:00,t1-direct-d7d0b047c9
2026-02-17 18:00:00,2026-02-18 00:00:00,25,0.718374283063741,0.6003125582547764,0.1180617248089646,7.76,1.4,2.0,0.2963309818391138,0.9981830240238398,1,2026-02-16 17:00:00,2026-02-16 23:00:00,t1-direct-d7d0b047c9
2026-02-17 19:00:00,2026-02-18 01:00:00,26,0.8154550305743659,0.6934526306068369,0.12200239996752893,8.63,0.8,2.0,0.3277609669912481,0.9929227561860692,1,2026-02-16 17:00:00,2026-02-16 23:00:00,t1-direct-d7d0b047c9
2026-02-17 20:00:00,2026-02-18 02:00:00,27,0.8506076956906147,0.845400781285562,0.0052069144050527205,9.37,1.0,2.0,0.31968560573743465,0.9884810229325136,1,2026-02-16 17:00:00,2026-02-16 23:00:00,t1-direct-d7d0b047c9
2026-02-17 21:00:00,2026-02-18 03:00:00,28,0.8261665386186028,0.6346680395144646,0.1914984991041382,8.02,0.8,2.0,0.29673213433480794,0.9896483392661265,1,2026-02-16 17:00:00,2026-02-16 23:00:00,t1-direct-d7d0b047c9
2026-02-17 22:00:00,2026-02-18 04:00:00,29,0.7274665456816799,0.5348146787465404,0.19265186693513947,7.26,0.4,2.0,0.2724541994915357,0.9920829144084726,1,2026-02-16 17:00:00,2026-02-16 23:00:00,t1-direct-d7d0b047c9
2026-02-17 23:00:00,2026-02-18 05:00:00,30,0.7748334785965288,0.5151492881679671,0.2596841904285617,7.17,0.7,2.0,0.2903904186110323,0.9971101461047933,1,2026-02-16 17:00:00,2026-02-16 23:00:00,t1-direct-d7d0b047c9
2026-02-18 00:00:00,2026-02-18 06:00:00,31,0.9049813727216485,0.5869094492270608,0.3180719234945877,7.66,1.8,2.0,0.31011692455083184,0.9891722666807805,1,2026-02-16 17:00:00,2026-02-16 23:00:00,t1-direct-d7d0b047c9
2026-02-18 01:00:00,2026-02-18 07:00:00,32,0.9073387129791031,0.6204925375820262,0.2868461753970769,7.92,1.8,2.0,0.3099990575379591,0.9904627321553428,1,2026-02-16 17:00:00,2026-02-16 23:00:00,t1-direct-d7d0b047c9
2026-02-18 02:00:00,2026-02-18 08:00:00,33,0.9236947229220136,0.6150792376686317,0.3086154852533819,7.88,2.0,2.0,0.36014209574195877,0.9881872929115523,1,2026-02-16 17:00:00,2026-02-16 23:00:00,t1-direct-d7d0b047c9
2026-02-18 03:00:00,2026-02-18 09:00:00,34,0.8781282916584049,0.6459675061420588,0.2321607855163461,8.13,3.1,2.0,0.37788747602492834,0.9894574286683573,1,2026-02-16 17:00:00,2026-02-16 23:00:00,t1-direct-d7d0b047c9
2026-02-18 04:00:00,2026-02-18 10:00:00,35,0.9349318363559095,0.519204273540567,0.4157275628153425,7.23,5.4,2.0,0.3718289337525895,0.9867359503904545,1,2026-02-16 17:00:00,2026-02-16 23:00:00,t1-direct-d7d0b047c9
2026-02-18 05:00:00,2026-02-18 11:00:00,36,0.8894896909448575,0.5753884404266991,0.3141012505181584,7.63,8.3,2.0,0.3807908394623075,0.9902324863755164,1,2026-02-16 17:00:00,2026-02-16 23:00:00,t1-direct-d7d0b047c9
2026-02-18 06:00:00,2026-02-18 12:00:00,37,0.9694728159170877,0.8810365723293815,0.08843624358770619,10.21,11.0,3.0,0.4013297412933996,0.9898154019523207,1,2026-02-16 17:00:00,2026-02-16 23:00:00,t1-direct-d7d0b047c9
2026-02-18 07:00:00,2026-02-18 13:00:00,38,0.9785123226734036,0.8872884504985634,0.09122387217484018,10.31,12.7,3.0,0.4209498229686979,0.9905547839414623,1,2026-02-16 17:00:00,2026-02-16 23:00:00,t1-direct-d7d0b047c9
2026-02-18 08:00:00,2026-02-18 14:00:00,39,0.9786805995322109,0.9009721374239691,0.07770846210824178,10.66,13.3,3.0,0.4118538167363247,0.9905145284105766,1,2026-02-16 17:00:00,2026-02-16 23:00:00,t1-direct-d7d0b047c9
2026-02-18 09:00:00,2026-02-18 15:00:00,40,0.9781467947939055,0.883305989433598,0.09484080536030759,10.27,13.6,3.0,0.41188050697323986,0.990304469544832,1,2026-02-16 17:00:00,2026-02-16 23:00:00,t1-direct-d7d0b047c9
2026-02-18 10:00:00,2026-02-18 16:00:00,41,0.9424939286200703,0.8501284703639986,0.09236545825607168,9.67,13.4,3.0,0.4136631502819317,0.9921783734295218,1,2026-02-16 17:00:00,2026-02-16 23:00:00,t1-direct-d7d0b047c9
2026-02-18 11:00:00,2026-02-18 17:00:00,42,0.8640426154875932,0.7449111869812994,0.11913142850629377,9.06,11.9,3.0,0.31736068064459166,0.9954045971039589,1,2026-02-16 17:00:00,2026-02-16 23:00:00,t1-direct-d7d0b047c9
2026-02-18 12:00:00,2026-02-18 18:00:00,43,0.7022443192392078,0.5953040984520189,0.1069402207871889,7.79,8.8,3.0,0.21925222405845285,1.0,1,2026-02-16 17:00:00,2026-02-16 23:00:00,t1-direct-d7d0b047c9
2026-02-18 13:00:00,2026-02-18 19:00:00,44,0.752604925527839,0.3552797079714857,0.39732521755635325,6.33,5.4,3.0,0.17990817316422714,1.0,1,2026-02-16 17:00:00,2026-02-16 23:00:00,t1-direct-d7d0b047c9
2026-02-18 14:00:00,2026-02-18 20:00:00,45,0.6410141238325229,0.21815375477898727,0.42286036905353563,5.32,3.3,3.0,0.1023987116521915,0.9844540887863436,1,2026-02-16 17:00:00,2026-02-16 23:00:00,t1-direct-d7d0b047c9
2026-02-18 15:00:00,2026-02-18 21:00:00,46,0.5831219470357492,0.1875570051271783,0.39556494190857083,5.0,2.1,3.0,0.0478871709921308,0.9280520293532886,1,2026-02-16 17:00:00,2026-02-16 23:00:00,t1-direct-d7d0b047c9
2026-02-18 16:00:00,2026-02-18 22:00:00,47,0.4893117392970492,0.1744549509691658,0.3148567883278834,4.86,1.5,3.0,0.05257768137906571,0.9182792482796509,1,2026-02-16 17:00:00,2026-02-16 23:00:00,t1-direct-d7d0b047c9
2026-02-18 17:00:00,2026-02-18 23:00:00,48,0.5169557423967734,0.17733738893811116,0.3396183534586623,4.89,1.5,3.0,0.051527989939689656,0.886772599933719,1,2026-02-16 17:00:00,2026-02-16 23:00:00,t1-direct-d7d0b047c9
2026-02-17 18:00:00,2026-02-18 00:00:00,1,0.7715132214164,0.511918556718872,0.259594664697528,7.16,1.3,1.0,0.25810637970658623,0.9828952201895097,1,2026-02-17 17:00:00,2026-02-17 23:00:00,t1-direct-d7d0b047c9
2026-02-17 19:00:00,2026-02-18 01:00:00,2,0.700287643620116,0.5325038939992393,0.16778374962087672,7.25,0.5,1.0,0.2664369989296612,0.9961016923582061,1,2026-02-17 17:00:00,2026-02-17 23:00:00,t1-direct-d7d0b047c9
2026-02-17 20:00:00,2026-02-18 02:00:00,3,0.7002653756561285,0.5972861225244008,0.10297925313172762,7.73,0.7,1.0,0.22626436613379008,0.9904426857637386,1,2026-02-17 17:00:00,2026-02-17 23:00:00,t1-direct-d7d0b047c9
2026-02-17 21:00:00,2026-02-18 03:00:00,4,0.7340986344699396,0.4273146258312531,0.3067840086386865,6.75,1.1,1.0,0.24015222052372742,0.9887182091321443,1,2026-02-17 17:00:00,2026-02-17 23:00:00,t1-direct-d7d0b047c9
2026-02-17 22:00:00,2026-02-18 04:00:00,5,0.7604781618101784,0.42082056176799265,0.3396576000421857,6.71,1.2,1.0,0.2544246084332986,0.9838283140664253,1,2026-02-17 17:00:00,2026-02-17 23:00:00,t1-direct-d7d0b047c9
2026-02-17 23:00:00,2026-02-18 05:00:00,6,0.7690278542578008,0.4843464786406431,0.28468137561715773,7.03,1.3,1.0,0.25542194626000314,0.9875322066022664,1,2026-02-17 17:00:00,2026-02-17 23:00:00,t1-direct-d7d0b047c9
2026-02-18 00:00:00,2026-02-18 06:00:00,7,0.7476456610805572,0.4986446990309861,0.24900096204957106,7.1,1.6,1.0,0.22651898924822422,0.9940516101851486,1,2026-02-17 17:00:00,2026-02-17 23:00:00,t1-direct-d7d0b047c9
2026-02-18 01:00:00,2026-02-18 07:00:00,8,0.8745585197677137,0.39473405749167917,0.47982446227603454,6.55,1.7,1.0,0.3222415433757708,0.9893866452978393,1,2026-02-17 17:00:00,2026-02-17 23:00:00,t1-direct-d7d0b047c9
2026-02-18 02:00:00,2026-02-18 08:00:00,9,0.8982921185635495,0.5458064074485257,0.3524857111150238,7.34,1.6,1.0,0.3647314445908978,0.9886551899242064,1,2026-02-17 17:00:00,2026-02-17 23:00:00,t1-direct-d7d0b047c9
2026-02-18 03:00:00,2026-02-18 09:00:00,10,0.9450325220803489,0.6369401106402205,0.30809241144012844,8.06,3.1,1.0,0.40319548121329285,0.9896254273531045,1,2026-02-17 17:00:00,2026-02-17 23:00:00,t1-direct-d7d0b047c9
2026-02-18 04:00:00,2026-02-18 10:00:00,11,0.8868551682332556,0.6389663738003648,0.2478887944328908,8.1,5.6,1.0,0.3908542198108817,0.9916119951110637,1,2026-02-17 17:00:00,2026-02-17 23:00:00,t1-direct-d7d0b047c9
2026-02-18 05:00:00,2026-02-18 11:00:00,12,0.877224209443339,0.6815069023942103,0.1957173070491287,8.54,8.8,1.0,0.4018127986125457,0.9926567686723058,1,2026-02-17 17:00:00,2026-02-17 23:00:00,t1-direct-d7d0b047c9
2026-02-18 06:00:00,2026-02-18 12:00:00,13,0.956615378338269,0.6970608085583477,0.2595545697799213,8.78,10.2,2.0,0.4288773590289948,0.989930582149275,1,2026-02-17 17:00:00,2026-02-17 23:00:00,t1-direct-d7d0b047c9
2026-02-18 07:00:00,2026-02-18 13:00:00,14,0.9718573739195154,0.7950489674020945,0.1768084065174209,9.25,12.4,2.0,0.4212825704063923,0.9894008965403959,1,2026-02-17 17:00:00,2026-02-17 23:00:00,t1-direct-d7d0b047c9
2026-02-18 08:00:00,2026-02-18 14:00:00,15,0.9846328807665118,0.901723396457155,0.08290948430935674,10.71,12.7,2.0,0.4115562026746096,0.990221411911228,1,2026-02-17 17:00:00,2026-02-17 23:00:00,t1-direct-d7d0b047c9
2026-02-18 09:00:00,2026-02-18 15:00:00,16,0.9829042791696896,0.9179469040353418,0.06495737513434774,11.28,12.9,2.0,0.41164263275445057,0.9903072194179228,1,2026-02-17 17:00:00,2026-02-17 23:00:00,t1-direct-d7d0b047c9
2026-02-18 10:00:00,2026-02-18 16:00:00,17,0.9596665132472465,0.8816087314590471,0.07805778178819944,10.24,12.9,2.0,0.41280452105057286,0.9913016636468933,1,2026-02-17 17:00:00,2026-02-17 23:00:00,t1-direct-d7d0b047c9
2026-02-18 11:00:00,2026-02-18 17:00:00,18,0.9044691389728644,0.8512152977694076,0.053253841203456775,9.69,11.9,2.0,0.35595938653748804,0.9916205656036519,1,2026-02-17 17:00:00,2026-02-17 23:00:00,t1-direct-d7d0b047c9
2026-02-18 12:00:00,2026-02-18 18:00:00,19,0.7977688276594591,0.6270826670488362,0.17068616061062292,8.04,9.0,2.0,0.24351706370539883,0.994448116489618,1,2026-02-17 17:00:00,2026-02-17 23:00:00,t1-direct-d7d0b047c9
2026-02-18 13:00:00,2026-02-18 19:00:00,20,0.8203272651414729,0.5025011207226625,0.3178261444188104,7.15,5.3,2.0,0.23781297548542335,1.0,1,2026-02-17 17:00:00,2026-02-17 23:00:00,t1-direct-d7d0b047c9
2026-02-18 14:00:00,2026-02-18 20:00:00,21,0.8853426966752593,0.4424830055854481,0.4428596910898112,6.85,3.4,2.0,0.26911569691746073,1.0,1,2026-02-17 17:00:00,2026-02-17 23:00:00,t1-direct-d7d0b047c9
2026-02-18 15:00:00,2026-02-18 21:00:00,22,0.8684401632327854,0.5785518504281597,0.2898883128046257,7.61,3.4,2.0,0.26719356410740314,0.999335117747483,1,2026-02-17 17:00:00,2026-02-17 23:00:00,t1-direct-d7d0b047c9
2026-02-18 16:00:00,2026-02-18 22:00:00,23,0.8433823046063764,0.6107808862503725,0.2326014183560039,7.86,3.4,2.0,0.24055600456127924,0.9957364694039774,1,2026-02-17 17:00:00,2026-02-17 23:00:00,t1-direct-d7d0b047c9
2026-02-18 17:00:00,2026-02-18 23:00:00,24,0.7523427816567498,0.5051104759861682,0.24723230567058163,7.14,2.7,2.0,0.20006633846716348,0.9992940503235272,1,2026-02-17 17:00:00,2026-02-17 23:00:00,t1-direct-d7d0b047c9
2026-02-18 18:00:00,2026-02-19 00:00:00,25,0.7107702703294483,0.31212227247016444,0.39864799785928384,6.03,2.4,2.0,0.20750464296508098,0.9867444526913072,1,2026-02-17 17:00:00,2026-02-17 23:00:00,t1-direct-d7d0b047c9
2026-02-18 19:00:00,2026-02-19 01:00:00,26,0.746888595494138,0.4005859668631887,0.3463026286309493,6.59,2.1,2.0,0.20038481984418444,0.9786040140165247,1,2026-02-17 17:00:00,2026-02-17 23:00:00,t1-direct-d7d0b047c9
2026-02-18 20:00:00,2026-02-19 02:00:00,27,0.7027031693875205,0.22349982776709615,0.4792033416204244,5.35,1.0,2.0,0.19935242663563857,0.983280818909642,1,2026-02-17 17:00:00,2026-02-17 23:00:00,t1-direct-d7d0b047c9
2026-02-18 21:00:00,2026-02-19 03:00:00,28,0.6517749378695057,0.2605791663165728,0.3911957715529329,5.66,0.9,2.0,0.2004991982315697,0.9843864078887408,1,2026-02-17 17:00:00,2026-02-17 23:00:00,t1-direct-d7d0b047c9
2026-02-18 22:00:00,2026-02-19 04:00:00,29,0.6344828237122682,0.26893438568797917,0.365548438024289,5.73,0.9,2.0,0.20127822568561815,0.9799913179107359,1,2026-02-17 17:00:00,2026-02-17 23:00:00,t1-direct-d7d0b047c9
2026-02-18 23:00:00,2026-02-19 05:00:00,30,0.6036481453898107,0.17456835148384656,0.4290797939059642,4.86,1.3,2.0,0.18838988971943732,0.9761089091437691,1,2026-02-17 17:00:00,2026-02-17 23:00:00,t1-direct-d7d0b047c9
2026-02-19 00:00:00,2026-02-19 06:00:00,31,0.5972145192229709,0.23480295219371136,0.3624115670292595,5.45,1.8,2.0,0.18359122804827221,0.9929737869431398,1,2026-02-17 17:00:00,2026-02-17 23:00:00,t1-direct-d7d0b047c9
2026-02-19 01:00:00,2026-02-19 07:00:00,32,0.5582263445957877,0.2984584921246366,0.2597678524711511,5.94,2.1,2.0,0.17796486876674972,0.9689731845718781,1,2026-02-17 17:00:00,2026-02-17 23:00:00,t1-direct-d7d0b047c9
2026-02-19 02:00:00,2026-02-19 08:00:00,33,0.5482965615596975,0.25577676223228873,0.2925197993274088,5.63,2.4,2.0,0.17647872784969465,0.9375071846564533,1,2026-02-17 17:00:00,2026-02-17 23:00:00,t1-direct-d7d0b047c9
2026-02-19 03:00:00,2026-02-19 09:00:00,34,0.6492277215152115,0.28636879223091155,0.3628589292842999,5.88,4.6,2.0,0.1915289133438498,0.9900333602681626,1,2026-02-17 17:00:00,2026-02-17 23:00:00,t1-direct-d7d0b047c9
2026-02-19 04:00:00,2026-02-19 10:00:00,35,0.6774542452257944,0.43749670541502894,0.2399575398107655,6.86,7.5,2.0,0.14408769022705037,0.943675354259272,1,2026-02-17 17:00:00,2026-02-17 23:00:00,t1-direct-d7d0b047c9
2026-02-19 05:00:00,2026-02-19 11:00:00,36,0.5865915381364518,0.22256527768059928,0.3640262604558525,5.4,10.0,2.0,0.06333115947712076,0.9926166208502315,1,2026-02-17 17:00:00,2026-02-17 23:00:00,t1-direct-d7d0b047c9
2026-02-19 06:00:00,2026-02-19 12:00:00,37,0.4930386160116407,0.36497148494487935,0.12806713106676132,6.43,10.5,3.0,0.04872720553910098,0.9608954039034336,1,2026-02-17 17:00:00,2026-02-17 23:00:00,t1-direct-d7d0b047c9
2026-02-19 07:00:00,2026-02-19 13:00:00,38,0.4139685035398967,0.22673575772906424,0.1872327458108325,5.45,12.3,3.0,0.0372087136078349,0.9130463535210643,1,2026-02-17 17:00:00,2026-02-17 23:00:00,t1-direct-d7d0b047c9
2026-02-19 08:00:00,2026-02-19 14:00:00,39,0.3691034670308565,0.24237737993853928,0.12672608709231722,5.59,13.4,3.0,0.006555727831335845,0.8878854042089205,1,2026-02-17 17:00:00,2026-02-17 23:00:00,t1-direct-d7d0b047c9
2026-02-19 09:00:00,2026-02-19 15:00:00,40,0.2337563319233976,0.27714370448379755,-0.043387372560399956,5.88,13.2,3.0,0.008341864618124029,0.8174161538359932,1,2026-02-17 17:00:00,2026-02-17 23:00:00,t1-direct-d7d0b047c9
2026-02-19 10:00:00,2026-02-19 16:00:00,41,0.18007156819113226,0.06880296879816324,0.11126859939296903,3.35,13.2,3.0,0.004226870399203164,0.6897749145433989,1,2026-02-17 17:00:00,2026-02-17 23:00:00,t1-direct-d7d0b047c9
2026-02-19 11:00:00,2026-02-19 17:00:00,42,0.12787408037926457,0.06625867014566596,0.06161541023359861,3.3,12.1,3.0,0.004948205953797788,0.5919606051648143,1,2026-02-17 17:00:00,2026-02-17 23:00:00,t1-direct-d7d0b047c9
2026-02-19 12:00:00,2026-02-19 18:00:00,43,0.13217310903200907,0.08797572972891488,0.0441973793030942,3.64,8.8,3.0,0.0044611134363213845,0.6065522719543086,1,2026-02-17 17:00:00,2026-02-17 23:00:00,t1-direct-d7d0b047c9
2026-02-19 13:00:00,2026-02-19 19:00:00,44,0.08694686648840763,0.02426184375217338,0.06268502273623425,1.7,8.2,3.0,0.0061082102951183215,0.6235307262948114,1,2026-02-17 17:00:00,2026-02-17 23:00:00,t1-direct-d7d0b047c9
2026-02-19 14:00:00,2026-02-19 20:00:00,45,0.08707067240320872,0.021785029470008488,0.06528564293320023,1.45,8.9,3.0,0.006118252833143142,0.5375888265949464,1,2026-02-17 17:00:00,2026-02-17 23:00:00,t1-direct-d7d0b047c9
2026-02-19 15:00:00,2026-02-19 21:00:00,46,0.08951186743398232,0.08202357950954899,0.007488287924433332,3.54,7.7,3.0,0.006085055775894438,0.5618583634022549,1,2026-02-17 17:00:00,2026-02-17 23:00:00,t1-direct-d7d0b047c9
2026-02-19 16:00:00,2026-02-19 22:00:00,47,0.13100664025555972,0.10366887344982353,0.027337766805736186,4.01,9.0,3.0,0.003994842471843563,0.5588136253502038,1,2026-02-17 17:00:00,2026-02-17 23:00:00,t1-direct-d7d0b047c9
2026-02-19 17:00:00,2026-02-19 23:00:00,48,0.25449836651491375,0.14266493644765263,0.11183343006726112,4.6,8.9,3.0,0.0,0.6547351368875192,1,2026-02-17 17:00:00,2026-02-17 23:00:00,t1-direct-d7d0b047c9
2026-02-18 18:00:00,2026-02-19 00:00:00,1,0.7755010060271381,0.2949006033237078,0.4806004027034303,5.92,2.5,1.0,0.20127591197810035,0.9799223540804862,1,2026-02-18 17:00:00,2026-02-18 23:00:00,t1-direct-d7d0b047c9
2026-02-18 19:00:00,2026-02-19 01:00:00,2,0.7166739708677534,0.3337829486217247,0.3828910222460287,6.17,2.5,1.0,0.20095998862739006,0.9846384958772233,1,2026-02-18 17:00:00,2026-02-18 23:00:00,t1-direct-d7d0b047c9
2026-02-18 20:00:00,2026-02-19 02:00:00,3,0.7051754428471781,0.19727679990092695,0.5078986429462512,5.1,1.9,1.0,0.19969530641762978,0.9860424414220096,1,2026-02-18 17:00:00,2026-02-18 23:00:00,t1-direct-d7d0b047c9
2026-02-18 21:00:00,2026-02-19 03:00:00,4,0.7340529558412893,0.19913791881113643,0.5349150370301529,5.12,2.0,1.0,0.19724080722511206,0.958668605147274,1,2026-02-18 17:00:00,2026-02-18 23:00:00,t1-direct-d7d0b047c9
2026-02-18 22:00:00,2026-02-19 04:00:00,5,0.7157575115514635,0.1845611449261695,0.531196366625294,4.97,2.3,1.0,0.17758149437710335,0.9543576252639869,1,2026-02-18 17:00:00,2026-02-18 23:00:00,t1-direct-d7d0b047c9
2026-02-18 23:00:00,2026-02-19 05:00:00,6,0.5821720386679036,0.20267907662938336,0.37949296203852023,5.16,2.5,1.0,0.1343342852328543,0.9409248875962043,1,2026-02-18 17:00:00,2026-02-18 23:00:00,t1-direct-d7d0b047c9
2026-02-19 00:00:00,2026-02-19 06:00:00,7,0.5909824771576065,0.12068883160872165,0.47029364554888486,4.36,1.8,1.0,0.049979902551547495,0.8756203100748534,1,2026-02-18 17:00:00,2026-02-18 23:00:00,t1-direct-d7d0b047c9
2026-02-19 01:00:00,2026-02-19 07:00:00,8,0.388113189550791,0.13392289973167773,0.2541902898191133,4.48,1.6,1.0,0.04768249881687503,0.838090062816992,1,2026-02-18 17:00:00,2026-02-18 23:00:00,t1-direct-d7d0b047c9
2026-02-19 02:00:00,2026-02-19 08:00:00,9,0.3774632164800816,0.1392688242784807,0.23819439220160088,4.53,1.8,1.0,0.03344805364188991,0.8361788228064677,1,2026-02-18 17:00:00,2026-02-18 23:00:00,t1-direct-d7d0b047c9
2026-02-19 03:00:00,2026-02-19 09:00:00,10,0.36977804309367746,0.1343317254533593,0.23544631764031815,4.5,4.6,1.0,0.01143237779377737,0.8016202121406362,1,2026-02-18 17:00:00,2026-02-18 23:00:00,t1-direct-d7d0b047c9
2026-02-19 04:00:00,2026-02-19 10:00:00,11,0.33200024188219524,0.17082829500082314,0.1611719468813721,4.86,8.0,1.0,0.01587475496708618,0.8205585638053221,1,2026-02-18 17:00:00,2026-02-18 23:00:00,t1-direct-d7d0b047c9
2026-02-19 05:00:00,2026-02-19 11:00:00,12,0.37927461974258286,0.22492663056089773,0.15434798918168513,5.42,10.0,1.0,0.025269394694690195,0.8641026568985067,1,2026-02-18 17:00:00,2026-02-18 23:00:00,t1-direct-d7d0b047c9
2026-02-19 06:00:00,2026-02-19 12:00:00,13,0.43243373692351106,0.27150775282285755,0.1609259841006535,5.82,10.8,2.0,0.026255796527053232,0.863138041008699,1,2026-02-18 17:00:00,2026-02-18 23:00:00,t1-direct-d7d0b047c9
2026-02-19 07:00:00,2026-02-19 13:00:00,14,0.29751863487550695,0.1614276128702013,0.13609102200530565,4.79,11.9,2.0,0.006049125602829275,0.8362124219016553,1,2026-02-18 17:00:00,2026-02-18 23:00:00,t1-direct-d7d0b047c9
2026-02-19 08:00:00,2026-02-19 14:00:00,15,0.2854093203977929,0.12290525250023895,0.16250406789755392,4.44,13.2,2.0,0.0016448144540827658,0.7602801393849267,1,2026-02-18 17:00:00,2026-02-18 23:00:00,t1-direct-d7d0b047c9
2026-02-19 09:00:00,2026-02-19 15:00:00,16,0.21127824321067898,0.1277341971478112,0.08354404606286778,4.49,14.2,2.0,0.006041215585840365,0.6270332021661492,1,2026-02-18 17:00:00,2026-02-18 23:00:00,t1-direct-d7d0b047c9
2026-02-19 10:00:00,2026-02-19 16:00:00,17,0.18455709271533047,0.09638326894073668,0.08817382377459379,3.8,14.5,2.0,0.005580985682520578,0.5785069242387274,1,2026-02-18 17:00:00,2026-02-18 23:00:00,t1-direct-d7d0b047c9
2026-02-19 11:00:00,2026-02-19 17:00:00,18,0.17042336943103115,0.10683608496106144,0.06358728446996971,4.15,13.0,2.0,0.004252873969144977,0.550127331235253,1,2026-02-18 17:00:00,2026-02-18 23:00:00,t1-direct-d7d0b047c9
2026-02-19 12:00:00,2026-02-19 18:00:00,19,0.15081826952751212,0.10565633901461347,0.04516193051289866,4.09,9.9,2.0,0.0052583114334369685,0.5604062345476453,1,2026-02-18 17:00:00,2026-02-18 23:00:00,t1-direct-d7d0b047c9
2026-02-19 13:00:00,2026-02-19 19:00:00,20,0.12802889009223983,0.056281868431825706,0.07174702166041413,3.01,8.5,2.0,0.004817319175107623,0.5571803764252645,1,2026-02-18 17:00:00,2026-02-18 23:00:00,t1-direct-d7d0b047c9
2026-02-19 14:00:00,2026-02-19 20:00:00,21,0.0994313108398304,0.02462787757955638,0.07480343326027401,1.74,9.6,2.0,0.005809222981759607,0.551202900937732,1,2026-02-18 17:00:00,2026-02-18 23:00:00,t1-direct-d7d0b047c9
2026-02-19 15:00:00,2026-02-19 21:00:00,22,0.07419106466426204,0.019831028679950635,0.0543600359843114,0.71,9.1,2.0,0.006790303131952641,0.45269071034288666,1,2026-02-18 17:00:00,2026-02-18 23:00:00,t1-direct-d7d0b047c9
2026-02-19 16:00:00,2026-02-19 22:00:00,23,0.08850830563875446,0.049788747745881975,0.038719557892872486,2.83,8.4,2.0,0.0060744410832280216,0.4557041782993224,1,2026-02-18 17:00:00,2026-02-18 23:00:00,t1-direct-d7d0b047c9
2026-02-19 17:00:00,2026-02-19 23:00:00,24,0.13042584822798564,0.20640580028915245,-0.07597995206116681,5.24,9.1,2.0,0.004574940507326181,0.5969786387104954,1,2026-02-18 17:00:00,2026-02-18 23:00:00,t1-direct-d7d0b047c9
2026-02-19 18:00:00,2026-02-20 00:00:00,25,0.1470300714653265,0.3985299242663851,-0.2514998528010586,6.63,8.8,2.0,0.00044776723542341856,0.5541541772938219,1,2026-02-18 17:00:00,2026-02-18 23:00:00,t1-direct-d7d0b047c9
2026-02-19 19:00:00,2026-02-20 01:00:00,26,0.1799718062005824,0.25231857949829084,-0.07234677329770844,5.64,8.2,2.0,0.0,0.5403230794974223,1,2026-02-18 17:00:00,2026-02-18 23:00:00,t1-direct-d7d0b047c9
2026-02-19 20:00:00,2026-02-20 02:00:00,27,0.2120988414992716,0.17238873056305876,0.03971011093621285,4.87,6.9,2.0,0.00023518286732462923,0.6519988071720871,1,2026-02-18 17:00:00,2026-02-18 23:00:00,t1-direct-d7d0b047c9
2026-02-19 21:00:00,2026-02-20 03:00:00,28,0.2752040552453526,0.30839601836871977,-0.033191963123367196,6.04,7.1,2.0,0.0,0.757386647229289,1,2026-02-18 17:00:00,2026-02-18 23:00:00,t1-direct-d7d0b047c9
2026-02-19 22:00:00,2026-02-20 04:00:00,29,0.2997589404112099,0.4415351090059073,-0.14177616859469744,6.88,7.6,2.0,0.0,0.8261281508412579,1,2026-02-18 17:00:00,2026-02-18 23:00:00,t1-direct-d7d0b047c9
2026-02-19 23:00:00,2026-02-20 05:00:00,30,0.3346157590468615,0.4305242360030403,-0.09590847695617877,6.82,7.2,2.0,0.0,0.9146686638787644,1,2026-02-18 17:00:00,2026-02-18 23:00:00,t1-direct-d7d0b047c9
2026-02-20 00:00:00,2026-02-20 06:00:00,31,0.31948157708645836,0.5693126455011814,-0.24983106841472308,7.57,6.9,2.0,0.0009412185614836033,0.9216454942368726,1,2026-02-18 17:00:00,2026-02-18 23:00:00,t1-direct-d7d0b047c9
2026-02-20 01:00:00,2026-02-20 07:00:00,32,0.37823250664791314,0.5771318715387831,-0.19889936489086996,7.63,6.8,2.0,0.024918063356728803,0.939125833317052,1,2026-02-18 17:00:00,2026-02-18 23:00:00,t1-direct-d7d0b047c9
2026-02-20 02:00:00,2026-02-20 08:00:00,33,0.3814304276108137,0.5105162772188842,-0.12908584960807046,7.2,6.7,2.0,0.021326111913528067,0.9276790648412314,1,2026-02-18 17:00:00,2026-02-18 23:00:00,t1-direct-d7d0b047c9
2026-02-20 03:00:00,2026-02-20 09:00:00,34,0.28086526581008286,0.43874403821457314,-0.15787877240449028,6.87,8.0,2.0,0.0,0.8372839394280769,1,2026-02-18 17:00:00,2026-02-18 23:00:00,t1-direct-d7d0b047c9
2026-02-20 04:00:00,2026-02-20 10:00:00,35,0.17736514212234605,0.2346781150866215,-0.057312972964275455,5.5,9.6,2.0,0.0007479624392411899,0.6395986758868633,1,2026-02-18 17:00:00,2026-02-18 23:00:00,t1-direct-d7d0b047c9
2026-02-20 05:00:00,2026-02-20 11:00:00,36,0.08253108457978228,0.14894175608574275,-0.06641067150596047,4.67,11.1,2.0,0.006357050456207963,0.5329510019683519,1,2026-02-18 17:00:00,2026-02-18 23:00:00,t1-direct-d7d0b047c9
2026-02-20 06:00:00,2026-02-20 12:00:00,37,0.04011144784870007,0.05279585653161019,-0.012684408682910119,2.93,13.3,3.0,0.008648475382741695,0.35018336567340597,1,2026-02-18 17:00:00,2026-02-18 23:00:00,t1-direct-d7d0b047c9
2026-02-20 07:00:00,2026-02-20 13:00:00,38,0.044302691281265044,0.04494723849615967,-0.0006445472148946252,2.68,14.5,3.0,0.00820935059015715,0.34218183729517326,1,2026-02-18 17:00:00,2026-02-18 23:00:00,t1-direct-d7d0b047c9
2026-02-20 08:00:00,2026-02-20 14:00:00,39,0.06087664828307852,0.038132062557406796,0.022744585725671722,2.42,14.9,3.0,0.007330557641252344,0.44772157543116337,1,2026-02-18 17:00:00,2026-02-18 23:00:00,t1-direct-d7d0b047c9
2026-02-20 09:00:00,2026-02-20 15:00:00,40,0.06842445301529403,0.024422391371358276,0.04400206164393575,1.73,15.0,3.0,0.0069531674046415665,0.5097109775865456,1,2026-02-18 17:00:00,2026-02-18 23:00:00,t1-direct-d7d0b047c9
2026-02-20 10:00:00,2026-02-20 16:00:00,41,0.11638961691288177,0.020312583147995295,0.09607703376488648,1.31,15.1,3.0,0.00455490920976219,0.5901481188856001,1,2026-02-18 17:00:00,2026-02-18 23:00:00,t1-direct-d7d0b047c9
2026-02-20 11:00:00,2026-02-20 17:00:00,42,0.13400331931950726,0.03230606637117811,0.10169725294832915,2.16,14.0,3.0,0.003674224089430911,0.6584446259876938,1,2026-02-18 17:00:00,2026-02-18 23:00:00,t1-direct-d7d0b047c9
2026-02-20 12:00:00,2026-02-20 18:00:00,43,0.23344026562623782,0.042692115901890794,0.19074814972434703,2.58,10.0,3.0,0.0,0.8778114460285436,1,2026-02-18 17:00:00,2026-02-18 23:00:00,t1-direct-d7d0b047c9
2026-02-20 13:00:00,2026-02-20 19:00:00,44,0.34488918665055035,0.3378429897926628,0.007046196857887543,6.24,8.4,3.0,0.003202220092797914,1.0,1,2026-02-18 17:00:00,2026-02-18 23:00:00,t1-direct-d7d0b047c9
2026-02-20 14:00:00,2026-02-20 20:00:00,45,0.5473207311028186,0.5467429646239012,0.0005777664789174963,7.41,8.7,3.0,0.1130961188765795,1.0,1,2026-02-18 17:00:00,2026-02-18 23:00:00,t1-direct-d7d0b047c9
2026-02-20 15:00:00,2026-02-20 21:00:00,46,0.6938430447235903,0.581097789158004,0.11274525556558623,7.67,7.8,3.0,0.2786195217254977,1.0,1,2026-02-18 17:00:00,2026-02-18 23:00:00,t1-direct-d7d0b047c9
2026-02-20 16:00:00,2026-02-20 22:00:00,47,0.7376321685213734,0.6547969741745506,0.08283519434682274,8.23,6.3,3.0,0.31351978607966313,1.0,1,2026-02-18 17:00:00,2026-02-18 23:00:00,t1-direct-d7d0b047c9
2026-02-20 17:00:00,2026-02-20 23:00:00,48,0.7854699323565363,0.6501343289255348,0.13533560343100148,8.18,4.9,3.0,0.2216537530271082,1.0,1,2026-02-18 17:00:00,2026-02-18 23:00:00,t1-direct-d7d0b047c9
2026-02-19 18:00:00,2026-02-20 00:00:00,1,0.29117825699447575,0.3240562849256893,-0.03287802793121353,6.15,8.3,1.0,0.0,0.7899540768425017,1,2026-02-19 17:00:00,2026-02-19 23:00:00,t1-direct-d7d0b047c9
2026-02-19 19:00:00,2026-02-20 01:00:00,2,0.30884822891313307,0.4804704041143947,-0.1716221752012616,7.07,8.2,1.0,0.0,0.8695493025475807,1,2026-02-19 17:00:00,2026-02-19 23:00:00,t1-direct-d7d0b047c9
2026-02-19 20:00:00,2026-02-20 02:00:00,3,0.2860661483469353,0.5510373521329806,-0.2649712037860453,7.44,8.3,1.0,0.0,0.8507513756212861,1,2026-02-19 17:00:00,2026-02-19 23:00:00,t1-direct-d7d0b047c9
2026-02-19 21:00:00,2026-02-20 03:00:00,4,0.2967496141011947,0.5525452621960658,-0.2557956480948711,7.45,8.1,1.0,0.0,0.8238816436869528,1,2026-02-19 17:00:00,2026-02-19 23:00:00,t1-direct-d7d0b047c9
2026-02-19 22:00:00,2026-02-20 04:00:00,5,0.2894682004267941,0.45802694214067896,-0.16855874171388485,6.96,7.8,1.0,0.0,0.8256558179902361,1,2026-02-19 17:00:00,2026-02-19 23:00:00,t1-direct-d7d0b047c9
2026-02-19 23:00:00,2026-02-20 05:00:00,6,0.28509341941473143,0.5385460375723486,-0.2534526181576172,7.34,7.5,1.0,0.0,0.8827879113622982,1,2026-02-19 17:00:00,2026-02-19 23:00:00,t1-direct-d7d0b047c9
2026-02-20 00:00:00,2026-02-20 06:00:00,7,0.3366982979498759,0.5937042442654118,-0.2570059463155359,7.76,6.9,1.0,0.027079987129211447,0.9273530196764417,1,2026-02-19 17:00:00,2026-02-19 23:00:00,t1-direct-d7d0b047c9
2026-02-20 01:00:00,2026-02-20 07:00:00,8,0.4281402893786114,0.6129607696055938,-0.18482048022698233,7.91,6.9,1.0,0.047399658304017545,0.9645524577022033,1,2026-02-19 17:00:00,2026-02-19 23:00:00,t1-direct-d7d0b047c9
2026-02-20 02:00:00,2026-02-20 08:00:00,9,0.4563926141868393,0.6791702286075942,-0.22277761442075494,8.49,7.2,1.0,0.050576062219945706,0.9933126372883985,1,2026-02-19 17:00:00,2026-02-19 23:00:00,t1-direct-d7d0b047c9
2026-02-20 03:00:00,2026-02-20 09:00:00,10,0.40243283729691265,0.6052242482584953,-0.20279141096158265,7.86,8.0,1.0,0.04615731812387075,0.9699443714532296,1,2026-02-19 17:00:00,2026-02-19 23:00:00,t1-direct-d7d0b047c9
2026-02-20 04:00:00,2026-02-20 10:00:00,11,0.323123129418247,0.34664878888661593,-0.02352565946836893,6.3,8.8,1.0,0.018751349909540138,0.8535128006144765,1,2026-02-19 17:00:00,2026-02-19 23:00:00,t1-direct-d7d0b047c9
2026-02-20 05:00:00,2026-02-20 11:00:00,12,0.21343491703373846,0.22884786243235986,-0.015412945398621397,5.45,9.5,1.0,0.0022147534351391607,0.7158868051157554,1,2026-02-19 17:00:00,2026-02-19 23:00:00,t1-direct-d7d0b047c9
2026-02-20 06:00:00,2026-02-20 12:00:00,13,0.11757831302510191,0.1114258765154309,0.006152436509671011,4.32,11.9,2.0,0.004827425138206928,0.45868492478184963,1,2026-02-19 17:00:00,2026-02-19 23:00:00,t1-direct-d7d0b047c9
2026-02-20 07:00:00,2026-02-20 13:00:00,14,0.045748380409714746,0.06178014463157693,-0.016031764221862185,3.18,13.3,2.0,0.008363944954866392,0.3141199771315325,1,2026-02-19 17:00:00,2026-02-19 23:00:00,t1-direct-d7d0b047c9
2026-02-20 08:00:00,2026-02-20 14:00:00,15,0.033884017008418255,0.04394321927154951,-0.010059202263131256,2.64,14.0,2.0,0.008805798914885796,0.23639255101301138,1,2026-02-19 17:00:00,2026-02-19 23:00:00,t1-direct-d7d0b047c9
2026-02-20 09:00:00,2026-02-20 15:00:00,16,0.017378279393168508,0.03209066991724845,-0.014712390524079945,2.15,14.4,2.0,0.009631085795648284,0.1992037477374894,1,2026-02-19 17:00:00,2026-02-19 23:00:00,t1-direct-d7d0b047c9
2026-02-20 10:00:00,2026-02-20 16:00:00,17,0.01928953450046267,0.021796224181155916,-0.0025066896806932477,1.46,14.1,2.0,0.009535523040283577,0.1660712115728009,1,2026-02-19 17:00:00,2026-02-19 23:00:00,t1-direct-d7d0b047c9
2026-02-20 11:00:00,2026-02-20 17:00:00,18,0.029306982026684077,0.028634095075870506,0.0006728869508135712,1.97,12.9,2.0,0.009034650663972507,0.2579789296704573,1,2026-02-19 17:00:00,2026-02-19 23:00:00,t1-direct-d7d0b047c9
2026-02-20 12:00:00,2026-02-20 18:00:00,19,0.08297301585679796,0.07713752380045075,0.005835492056347216,3.47,9.7,2.0,0.006348108172787331,0.5504377177702624,1,2026-02-19 17:00:00,2026-02-19 23:00:00,t1-direct-d7d0b047c9
2026-02-20 13:00:00,2026-02-20 19:00:00,20,0.22069477313239566,0.5755042833988693,-0.3548095102664736,7.63,8.2,2.0,0.00039310283531060475,0.8113165225437169,1,2026-02-19 17:00:00,2026-02-19 23:00:00,t1-direct-d7d0b047c9
2026-02-20 14:00:00,2026-02-20 20:00:00,21,0.4931347209114375,0.6265320312103388,-0.13339731029890134,8.03,8.4,2.0,0.05017991830725793,1.0,1,2026-02-19 17:00:00,2026-02-19 23:00:00,t1-direct-d7d0b047c9
2026-02-20 15:00:00,2026-02-20 21:00:00,22,0.7217503954075901,0.6443079253172348,0.07744247009035532,8.16,7.5,2.0,0.27110969629234505,1.0,1,2026-02-19 17:00:00,2026-02-19 23:00:00,t1-direct-d7d0b047c9
2026-02-20 16:00:00,2026-02-20 22:00:00,23,0.7691993891949452,0.6664866785061999,0.10271271068874532,8.32,6.2,2.0,0.2718517405109693,0.9966357842731192,1,2026-02-19 17:00:00,2026-02-19 23:00:00,t1-direct-d7d0b047c9
2026-02-20 17:00:00,2026-02-20 23:00:00,24,0.8320546465957478,0.646399571623162,0.18565507497258582,8.15,4.8,2.0,0.2906469636625135,1.0,1,2026-02-19 17:00:00,2026-02-19 23:00:00,t1-direct-d7d0b047c9
2026-02-20 18:00:00,2026-02-21 00:00:00,25,0.7322532345908775,0.648696057025364,0.08355717756551351,8.16,4.0,2.0,0.27306929877899555,0.9847478668493133,1,2026-02-19 17:00:00,2026-02-19 23:00:00,t1-direct-d7d0b047c9
2026-02-20 19:00:00,2026-02-21 01:00:00,26,0.8095985441388326,0.6635080315981484,0.14609051254068417,8.27,3.5,2.0,0.2700633074466532,0.9801504164259105,1,2026-02-19 17:00:00,2026-02-19 23:00:00,t1-direct-d7d0b047c9
2026-02-20 20:00:00,2026-02-21 02:00:00,27,0.7050044688260764,0.6186389503766372,0.08636551844943918,7.92,3.3,2.0,0.24380841644543838,0.9866541552313206,1,2026-02-19 17:00:00,2026-02-19 23:00:00,t1-direct-d7d0b047c9
2026-02-20 21:00:00,2026-02-21 03:00:00,28,0.6801531985112755,0.5096324155481595,0.170520782963116,7.17,3.7,2.0,0.2351840849024397,0.989130331472678,1,2026-02-19 17:00:00,2026-02-19 23:00:00,t1-direct-d7d0b047c9
2026-02-20 22:00:00,2026-02-21 04:00:00,29,0.6102203664873677,0.3903845036553719,0.21983586283199574,6.54,3.9,2.0,0.16485227562051147,0.9368342477805152,1,2026-02-19 17:00:00,2026-02-19 23:00:00,t1-direct-d7d0b047c9
2026-02-20 23:00:00,2026-02-21 05:00:00,30,0.49617954905865225,0.22982197461986878,0.2663575744387835,5.42,3.6,2.0,0.11082141163287501,0.9024041069028983,1,2026-02-19 17:00:00,2026-02-19 23:00:00,t1-direct-d7d0b047c9
2026-02-21 00:00:00,2026-02-21 06:00:00,31,0.49156771938089755,0.17343927630822087,0.3181284430726767,4.86,3.3,2.0,0.061891338302380305,0.8852965631096603,1,2026-02-19 17:00:00,2026-02-19 23:00:00,t1-direct-d7d0b047c9
2026-02-21 01:00:00,2026-02-21 07:00:00,32,0.4840442520573388,0.10384623830205485,0.38019801375528395,3.99,3.4,2.0,0.05798797472439743,0.9334284958618714,1,2026-02-19 17:00:00,2026-02-19 23:00:00,t1-direct-d7d0b047c9
2026-02-21 02:00:00,2026-02-21 08:00:00,33,0.45423014413590906,0.1504333513401106,0.30379679279579846,4.64,3.2,2.0,0.07467672070339343,0.9412702171372088,1,2026-02-19 17:00:00,2026-02-19 23:00:00,t1-direct-d7d0b047c9
2026-02-21 03:00:00,2026-02-21 09:00:00,34,0.28352718526393933,0.256458188385247,0.027068996878692353,5.65,4.5,2.0,0.03933041499769177,0.8429118824346469,1,2026-02-19 17:00:00,2026-02-19 23:00:00,t1-direct-d7d0b047c9
2026-02-21 04:00:00,2026-02-21 10:00:00,35,0.1813107097901442,0.16014279437154147,0.021167915418602717,4.75,6.9,2.0,0.002676274421838154,0.6397358512406293,1,2026-02-19 17:00:00,2026-02-19 23:00:00,t1-direct-d7d0b047c9
2026-02-21 05:00:00,2026-02-21 11:00:00,36,0.18433377855687108,0.03856157076597783,0.14577220779089325,2.42,9.1,2.0,0.0025626627159608673,0.8250603284402761,1,2026-02-19 17:00:00,2026-02-19 23:00:00,t1-direct-d7d0b047c9
2026-02-21 06:00:00,2026-02-21 12:00:00,37,0.2955591001232592,0.4111772038671315,-0.11561810374387232,6.73,11.3,3.0,0.016176384059677584,0.9478966504923283,1,2026-02-19 17:00:00,2026-02-19 23:00:00,t1-direct-d7d0b047c9
2026-02-21 07:00:00,2026-02-21 13:00:00,38,0.4352884265845349,0.9766666666666667,-0.5413782400821318,13.06,9.7,3.0,0.06654087961869981,0.9934754478461144,1,2026-02-19 17:00:00,2026-02-19 23:00:00,t1-direct-d7d0b047c9
2026-02-21 08:00:00,2026-02-21 14:00:00,39,0.5752259186587079,0.9009701898889599,-0.32574427123025207,10.61,9.3,3.0,0.19985257839453502,0.999765290362243,1,2026-02-19 17:00:00,2026-02-19 23:00:00,t1-direct-d7d0b047c9
2026-02-21 09:00:00,2026-02-21 15:00:00,40,0.807307070965954,0.9011179437276765,-0.09381087276172251,10.62,9.2,3.0,0.2797069233171259,1.0,1,2026-02-19 17:00:00,2026-02-19 23:00:00,t1-direct-d7d0b047c9
2026-02-21 10:00:00,2026-02-21 16:00:00,41,0.8929684429213629,0.8466080505024658,0.04636039241889711,9.5,8.9,3.0,0.3873960550028378,0.9938084313854796,1,2026-02-19 17:00:00,2026-02-19 23:00:00,t1-direct-d7d0b047c9
2026-02-21 11:00:00,2026-02-21 17:00:00,42,0.7681047075231537,0.6480685677990156,0.12003613972413818,8.2,8.6,3.0,0.31997476621560716,1.0,1,2026-02-19 17:00:00,2026-02-19 23:00:00,t1-direct-d7d0b047c9
2026-02-21 12:00:00,2026-02-21 18:00:00,43,0.7476558887015737,0.5921837450751922,0.1554721436263815,7.75,7.1,3.0,0.29250793048898877,1.0,1,2026-02-19 17:00:00,2026-02-19 23:00:00,t1-direct-d7d0b047c9
2026-02-21 13:00:00,2026-02-21 19:00:00,44,0.7886583174662478,0.6627592860656273,0.12589903140062053,8.29,6.1,3.0,0.27603850442093336,1.0,1,2026-02-19 17:00:00,2026-02-19 23:00:00,t1-direct-d7d0b047c9
2026-02-21 14:00:00,2026-02-21 20:00:00,45,0.7535934071893361,0.5494186522048309,0.2041747549845052,7.4,5.2,3.0,0.2920357729677676,1.0,1,2026-02-19 17:00:00,2026-02-19 23:00:00,t1-direct-d7d0b047c9
2026-02-21 15:00:00,2026-02-21 21:00:00,46,0.855402206306998,0.6842479799056653,0.1711542264013327,8.54,4.9,3.0,0.3144780284467107,1.0,1,2026-02-19 17:00:00,2026-02-19 23:00:00,t1-direct-d7d0b047c9
2026-02-21 16:00:00,2026-02-21 22:00:00,47,0.8449607645578219,0.9071923482300515,-0.062231583672229585,10.9,3.9,3.0,0.33137963908767953,1.0,1,2026-02-19 17:00:00,2026-02-19 23:00:00,t1-direct-d7d0b047c9
2026-02-21 17:00:00,2026-02-21 23:00:00,48,0.7931956990328771,0.9045177603221274,-0.11132206128925026,10.8,3.1,3.0,0.3145602540262426,1.0,1,2026-02-19 17:00:00,2026-02-19 23:00:00,t1-direct-d7d0b047c9
2026-02-20 18:00:00,2026-02-21 00:00:00,1,0.7842324397838382,0.6673765205200329,0.11685591926380523,8.31,4.5,1.0,0.2651190545180758,0.9812655388915891,1,2026-02-20 17:00:00,2026-02-20 23:00:00,t1-direct-d7d0b047c9
2026-02-20 19:00:00,2026-02-21 01:00:00,2,0.7556763665614743,0.6269199642713126,0.12875640229016172,7.99,3.9,1.0,0.2577549554893088,0.9858026057792839,1,2026-02-20 17:00:00,2026-02-20 23:00:00,t1-direct-d7d0b047c9
2026-02-20 20:00:00,2026-02-21 02:00:00,3,0.7316456429027698,0.5675375379167881,0.16410810498598172,7.53,4.0,1.0,0.26540038928810467,0.9904243061290037,1,2026-02-20 17:00:00,2026-02-20 23:00:00,t1-direct-d7d0b047c9
2026-02-20 21:00:00,2026-02-21 03:00:00,4,0.6965804396242152,0.5361963271309262,0.160384112493289,7.3,4.2,1.0,0.23584716218276247,0.990648424167548,1,2026-02-20 17:00:00,2026-02-20 23:00:00,t1-direct-d7d0b047c9
2026-02-20 22:00:00,2026-02-21 04:00:00,5,0.620966205326644,0.44108833436258144,0.1798778709640626,6.85,4.2,1.0,0.17054950984132677,0.9754518470798889,1,2026-02-20 17:00:00,2026-02-20 23:00:00,t1-direct-d7d0b047c9
2026-02-20 23:00:00,2026-02-21 05:00:00,6,0.5299512647520577,0.3617205011585694,0.16823076359348826,6.36,4.0,1.0,0.13517181391506589,0.9592178299393241,1,2026-02-20 17:00:00,2026-02-20 23:00:00,t1-direct-d7d0b047c9
2026-02-21 00:00:00,2026-02-21 06:00:00,7,0.5412511131874451,0.2763762839464509,0.2648748292409942,5.81,3.8,1.0,0.12213981752420777,0.9491488589947499,1,2026-02-20 17:00:00,2026-02-20 23:00:00,t1-direct-d7d0b047c9
2026-02-21 01:00:00,2026-02-21 07:00:00,8,0.5377795090551996,0.18116617846341165,0.3566133305917879,4.94,3.2,1.0,0.08742368941085743,0.9267766107997423,1,2026-02-20 17:00:00,2026-02-20 23:00:00,t1-direct-d7d0b047c9
2026-02-21 02:00:00,2026-02-21 08:00:00,9,0.5757020925820662,0.14819037935257096,0.4275117132294952,4.62,3.3,1.0,0.06559738814402083,0.944808618549277,1,2026-02-20 17:00:00,2026-02-20 23:00:00,t1-direct-d7d0b047c9
2026-02-21 03:00:00,2026-02-21 09:00:00,10,0.26727990597256496,0.13536203887316658,0.13191786709939837,4.51,4.7,1.0,0.01497255457244423,0.8162610317056018,1,2026-02-20 17:00:00,2026-02-20 23:00:00,t1-direct-d7d0b047c9
2026-02-21 04:00:00,2026-02-21 10:00:00,11,0.22492851565901112,0.02,0.20492851565901113,0.76,5.7,1.0,0.0,0.8115078261937398,1,2026-02-20 17:00:00,2026-02-20 23:00:00,t1-direct-d7d0b047c9
2026-02-21 05:00:00,2026-02-21 11:00:00,12,0.23935437621436523,0.2665168471471907,-0.027162470932825478,5.76,8.2,1.0,6.395851692325705e-05,0.8714732389494833,1,2026-02-20 17:00:00,2026-02-20 23:00:00,t1-direct-d7d0b047c9
2026-02-21 06:00:00,2026-02-21 12:00:00,13,0.4443172417791564,0.9294199823338561,-0.48510274055469976,11.6,7.6,2.0,0.04795357728355071,1.0,1,2026-02-20 17:00:00,2026-02-20 23:00:00,t1-direct-d7d0b047c9
2026-02-21 07:00:00,2026-02-21 13:00:00,14,0.7017579325444492,0.9519685783900149,-0.25021064584556574,12.17,8.7,2.0,0.22188019084115018,1.0,1,2026-02-20 17:00:00,2026-02-20 23:00:00,t1-direct-d7d0b047c9
2026-02-21 08:00:00,2026-02-21 14:00:00,15,0.7970045128902251,0.9318565143735756,-0.13485200148335053,11.75,8.7,2.0,0.308437922771021,0.9978699727567111,1,2026-02-20 17:00:00,2026-02-20 23:00:00,t1-direct-d7d0b047c9
2026-02-21 09:00:00,2026-02-21 15:00:00,16,0.6341689926676801,0.6979631301560971,-0.063794137488417,8.79,9.9,2.0,0.25174960518259665,1.0,1,2026-02-20 17:00:00,2026-02-20 23:00:00,t1-direct-d7d0b047c9
2026-02-21 10:00:00,2026-02-21 16:00:00,17,0.5276924642151805,0.4806380562948211,0.047054407920359365,7.08,9.3,2.0,0.1830044625289977,0.9430681757628445,1,2026-02-20 17:00:00,2026-02-20 23:00:00,t1-direct-d7d0b047c9
2026-02-21 11:00:00,2026-02-21 17:00:00,18,0.4403466404077789,0.17060877312253792,0.26973786728524096,4.86,8.4,2.0,0.036416897921943026,0.8889079506995896,1,2026-02-20 17:00:00,2026-02-20 23:00:00,t1-direct-d7d0b047c9
2026-02-21 12:00:00,2026-02-21 18:00:00,19,0.3062426222177189,0.16088188383687474,0.14536073838084418,4.75,5.7,2.0,0.0008044415703815644,0.7838073902371593,1,2026-02-20 17:00:00,2026-02-20 23:00:00,t1-direct-d7d0b047c9
2026-02-21 13:00:00,2026-02-21 19:00:00,20,0.2717187101334028,0.12034290388416198,0.15137580624924085,4.37,4.3,2.0,0.0077650011019496645,0.8391782428282049,1,2026-02-20 17:00:00,2026-02-20 23:00:00,t1-direct-d7d0b047c9
2026-02-21 14:00:00,2026-02-21 20:00:00,21,0.31395769232262283,0.31739607541336884,-0.003438383090746011,6.08,4.6,2.0,0.0003937597454826691,0.8725997017224787,1,2026-02-20 17:00:00,2026-02-20 23:00:00,t1-direct-d7d0b047c9
2026-02-21 15:00:00,2026-02-21 21:00:00,22,0.43755344864715406,0.392307370986372,0.04524607766078209,6.56,4.9,2.0,0.03615108004996426,0.9485485680420203,1,2026-02-20 17:00:00,2026-02-20 23:00:00,t1-direct-d7d0b047c9
2026-02-21 16:00:00,2026-02-21 22:00:00,23,0.5843162095625183,0.5252606312297456,0.05905557833277264,7.25,4.4,2.0,0.10984300065445246,1.0,1,2026-02-20 17:00:00,2026-02-20 23:00:00,t1-direct-d7d0b047c9
2026-02-21 17:00:00,2026-02-21 23:00:00,24,0.619826869844646,0.7256763958129548,-0.10584952596830888,8.9,3.5,2.0,0.19763835779672267,1.0,1,2026-02-20 17:00:00,2026-02-20 23:00:00,t1-direct-d7d0b047c9
2026-02-21 18:00:00,2026-02-22 00:00:00,25,0.6279507866070807,0.5895831324677175,0.03836765413936316,7.69,2.8,2.0,0.11285625946895705,1.0,1,2026-02-20 17:00:00,2026-02-20 23:00:00,t1-direct-d7d0b047c9
2026-02-21 19:00:00,2026-02-22 01:00:00,26,0.6237926357866194,0.6340728075801602,-0.010280171793540793,8.03,2.3,2.0,0.05492534278606709,1.0,1,2026-02-20 17:00:00,2026-02-20 23:00:00,t1-direct-d7d0b047c9
2026-02-21 20:00:00,2026-02-22 02:00:00,27,0.5010407345998883,0.5327539975756577,-0.031713262975769374,7.26,1.5,2.0,0.04035855633383517,0.9484149756776428,1,2026-02-20 17:00:00,2026-02-20 23:00:00,t1-direct-d7d0b047c9
2026-02-21 21:00:00,2026-02-22 03:00:00,28,0.2992872681308042,0.3172913436459823,-0.01800407551517813,6.05,0.6,2.0,0.0,0.8516492975257335,1,2026-02-20 17:00:00,2026-02-20 23:00:00,t1-direct-d7d0b047c9
2026-02-21 22:00:00,2026-02-22 04:00:00,29,0.11818470141464578,0.2241221097741743,-0.10593740835952851,5.35,0.2,2.0,0.004766479690834005,0.603546950837292,1,2026-02-20 17:00:00,2026-02-20 23:00:00,t1-direct-d7d0b047c9
2026-02-21 23:00:00,2026-02-22 05:00:00,30,0.004474970491858759,0.10467769053493385,-0.1002027200430751,4.0,-1.0,2.0,0.004474970491858759,0.33591078210126435,1,2026-02-20 17:00:00,2026-02-20 23:00:00,t1-direct-d7d0b047c9
2026-02-22 00:00:00,2026-02-22 06:00:00,31,0.023813042194472646,0.019031330484934897,0.004781711709537749,0.46,-2.4,2.0,0.009309347655583078,0.19638981026415253,1,2026-02-20 17:00:00,2026-02-20 23:00:00,t1-direct-d7d0b047c9
2026-02-22 01:00:00,2026-02-22 07:00:00,32,0.010001344564065606,0.02,-0.009998655435934395,0.93,-1.9,2.0,0.00999993253710343,0.10213456965025981,1,2026-02-20 17:00:00,2026-02-20 23:00:00,t1-direct-d7d0b047c9
2026-02-22 02:00:00,2026-02-22 08:00:00,33,0.00718112585121383,0.023563164741489465,-0.016382038890275633,1.61,-1.6,2.0,0.00718112585121383,0.10447460977779757,1,2026-02-20 17:00:00,2026-02-20 23:00:00,t1-direct-d7d0b047c9
2026-02-22 03:00:00,2026-02-22 09:00:00,34,0.013072446445882518,0.0287873727148236,-0.015714926268941082,1.95,1.0,2.0,0.009846377443012585,0.17058071479151926,1,2026-02-20 17:00:00,2026-02-20 23:00:00,t1-direct-d7d0b047c9
2026-02-22 04:00:00,2026-02-22 10:00:00,35,0.03275041160973235,0.03499979854012035,-0.002249386930388002,2.27,3.8,2.0,0.008862479184820093,0.23980364062148116,1,2026-02-20 17:00:00,2026-02-20 23:00:00,t1-direct-d7d0b047c9
2026-02-22 05:00:00,2026-02-22 11:00:00,36,0.05923732635506713,0.059545615512697755,-0.0003082891576306271,3.09,5.7,2.0,0.0047243651910480675,0.4197937262511134,1,2026-02-20 17:00:00,2026-02-20 23:00:00,t1-direct-d7d0b047c9
2026-02-22 06:00:00,2026-02-22 12:00:00,37,0.12610678904480815,0.06929875360914374,0.056808035435664414,3.33,6.1,3.0,0.004195046167922323,0.568000333816821,1,2026-02-20 17:00:00,2026-02-20 23:00:00,t1-direct-d7d0b047c9
2026-02-22 07:00:00,2026-02-22 13:00:00,38,0.3050015737028099,0.18867415849752509,0.1163274152052848,5.04,6.8,3.0,0.0013198481049540578,0.8150897636888134,1,2026-02-20 17:00:00,2026-02-20 23:00:00,t1-direct-d7d0b047c9
2026-02-22 08:00:00,2026-02-22 14:00:00,39,0.4990743261250768,0.5653461549331068,-0.06627182880803001,7.54,7.0,3.0,0.04545591163869106,1.0,1,2026-02-20 17:00:00,2026-02-20 23:00:00,t1-direct-d7d0b047c9
2026-02-22 09:00:00,2026-02-22 15:00:00,40,0.8317472615395516,0.7115797072533921,0.12016755428615944,8.89,7.4,3.0,0.20948804320683545,1.0,1,2026-02-20 17:00:00,2026-02-20 23:00:00,t1-direct-d7d0b047c9
2026-02-22 10:00:00,2026-02-22 16:00:00,41,0.8518409481772972,0.7189036672468481,0.1329372809304491,8.92,7.7,3.0,0.3099575321722514,0.9967763191608343,1,2026-02-20 17:00:00,2026-02-20 23:00:00,t1-direct-d7d0b047c9
2026-02-22 11:00:00,2026-02-22 17:00:00,42,0.8194820115384385,0.7436624546061338,0.07581955693230469,9.0,6.7,3.0,0.274812307412596,1.0,1,2026-02-20 17:00:00,2026-02-20 23:00:00,t1-direct-d7d0b047c9
2026-02-22 12:00:00,2026-02-22 18:00:00,43,0.7467322240603179,0.6131297187249832,0.1336025053353347,7.9,5.7,3.0,0.23286449055527825,1.0,1,2026-02-20 17:00:00,2026-02-20 23:00:00,t1-direct-d7d0b047c9
2026-02-22 13:00:00,2026-02-22 19:00:00,44,0.6644959552336722,0.40611490477351686,0.25838105046015536,6.64,4.0,3.0,0.2016320731057778,1.0,1,2026-02-20 17:00:00,2026-02-20 23:00:00,t1-direct-d7d0b047c9
2026-02-22 14:00:00,2026-02-22 20:00:00,45,0.7144194063245742,0.29312311124535617,0.42129629507921806,5.91,2.7,3.0,0.17329117765223911,1.0,1,2026-02-20 17:00:00,2026-02-20 23:00:00,t1-direct-d7d0b047c9
2026-02-22 15:00:00,2026-02-22 21:00:00,46,0.6802964339587634,0.26239011456394373,0.41790631939481965,5.68,1.6,3.0,0.12379290322206038,0.9595324403961025,1,2026-02-20 17:00:00,2026-02-20 23:00:00,t1-direct-d7d0b047c9
2026-02-22 16:00:00,2026-02-22 22:00:00,47,0.6100434349036652,0.23917389486352578,0.3708695400401394,5.48,0.8,3.0,0.1293247926018492,0.9427073215297959,1,2026-02-20 17:00:00,2026-02-20 23:00:00,t1-direct-d7d0b047c9
2026-02-22 17:00:00,2026-02-22 23:00:00,48,0.5710752215209669,0.23813912920966002,0.3329360923113069,5.47,0.6,3.0,0.08983855427158627,0.9791057743508429,1,2026-02-20 17:00:00,2026-02-20 23:00:00,t1-direct-d7d0b047c9
2026-02-21 18:00:00,2026-02-22 00:00:00,1,0.09367448282088818,0.18979572422489083,-0.09612124140400265,5.03,3.2,1.0,0.005857433377145865,0.5190445490362398,1,2026-02-21 17:00:00,2026-02-21 23:00:00,t1-direct-d7d0b047c9
2026-02-21 19:00:00,2026-02-22 01:00:00,2,0.06946201748648301,0.13126417932380233,-0.06180216183731932,4.46,2.4,1.0,0.007020736245017166,0.3905440230996607,1,2026-02-21 17:00:00,2026-02-21 23:00:00,t1-direct-d7d0b047c9
2026-02-21 20:00:00,2026-02-22 02:00:00,3,0.04400526554906806,0.142608081969936,-0.09860281642086793,4.56,1.7,1.0,0.008299167174191505,0.31465101419308683,1,2026-02-21 17:00:00,2026-02-21 23:00:00,t1-direct-d7d0b047c9
2026-02-21 21:00:00,2026-02-22 03:00:00,4,0.014533801371028103,0.08274026764346189,-0.06820646627243379,3.52,0.3,1.0,0.009773309696755307,0.2182205560836548,1,2026-02-21 17:00:00,2026-02-21 23:00:00,t1-direct-d7d0b047c9
2026-02-21 22:00:00,2026-02-22 04:00:00,5,0.011130442216459435,0.029461019099846546,-0.01833057688338711,1.98,-0.6,1.0,0.009943477654483739,0.1695143730228359,1,2026-02-21 17:00:00,2026-02-21 23:00:00,t1-direct-d7d0b047c9
2026-02-21 23:00:00,2026-02-22 05:00:00,6,0.00988988183749456,0.02,-0.010110118162505441,0.83,-1.3,1.0,0.00988988183749456,0.0666631108669823,1,2026-02-21 17:00:00,2026-02-21 23:00:00,t1-direct-d7d0b047c9
2026-02-22 00:00:00,2026-02-22 06:00:00,7,0.009500905651771356,0.019161427112151408,-0.009660521460380052,0.5,-0.9,1.0,0.009500905651771356,0.08938229305878201,1,2026-02-21 17:00:00,2026-02-21 23:00:00,t1-direct-d7d0b047c9
2026-02-22 01:00:00,2026-02-22 07:00:00,8,0.014293432674498532,0.03288583295087962,-0.01859240027638109,2.15,-1.3,1.0,0.009785328131581785,0.16748648792263598,1,2026-02-21 17:00:00,2026-02-21 23:00:00,t1-direct-d7d0b047c9
2026-02-22 02:00:00,2026-02-22 08:00:00,9,0.11447215680680714,0.07485837392067761,0.03961378288612953,3.39,-0.9,1.0,0.004902375189941646,0.5458648462159834,1,2026-02-21 17:00:00,2026-02-21 23:00:00,t1-direct-d7d0b047c9
2026-02-22 03:00:00,2026-02-22 09:00:00,10,0.21881175706072004,0.24911054013192147,-0.03029878307120143,5.57,1.8,1.0,0.005139998965635079,0.8984679664765676,1,2026-02-21 17:00:00,2026-02-21 23:00:00,t1-direct-d7d0b047c9
2026-02-22 04:00:00,2026-02-22 10:00:00,11,0.41044050977951546,0.2781467965227496,0.13229371325676587,5.82,3.6,1.0,0.06074187178641155,0.9820297622035921,1,2026-02-21 17:00:00,2026-02-21 23:00:00,t1-direct-d7d0b047c9
2026-02-22 05:00:00,2026-02-22 11:00:00,12,0.49732513705610265,0.5280135498886473,-0.030688412832544698,7.27,5.2,1.0,0.05024083020515269,0.9600638612542243,1,2026-02-21 17:00:00,2026-02-21 23:00:00,t1-direct-d7d0b047c9
2026-02-22 06:00:00,2026-02-22 12:00:00,13,0.38689571385681426,0.16682522270229003,0.22007049115452423,4.81,6.6,2.0,0.021528210649309543,1.0,1,2026-02-21 17:00:00,2026-02-21 23:00:00,t1-direct-d7d0b047c9
2026-02-22 07:00:00,2026-02-22 13:00:00,14,0.4735497563404511,0.43120733347664175,0.04234242286380935,6.83,7.9,2.0,0.0492002128494497,1.0,1,2026-02-21 17:00:00,2026-02-21 23:00:00,t1-direct-d7d0b047c9
2026-02-22 08:00:00,2026-02-22 14:00:00,15,0.6260922931697067,0.6089156888535114,0.017176604316195276,7.9,9.2,2.0,0.21373740126703766,1.0,1,2026-02-21 17:00:00,2026-02-21 23:00:00,t1-direct-d7d0b047c9
2026-02-22 09:00:00,2026-02-22 15:00:00,16,0.8282136181898794,0.6609049511031474,0.16730866708673198,8.31,9.6,2.0,0.2162507226759467,0.9985568609664974,1,2026-02-21 17:00:00,2026-02-21 23:00:00,t1-direct-d7d0b047c9
2026-02-22 10:00:00,2026-02-22 16:00:00,17,0.8648571605307951,0.658345613074018,0.20651154745677713,8.29,9.6,2.0,0.27576208963927495,0.9948575358307936,1,2026-02-21 17:00:00,2026-02-21 23:00:00,t1-direct-d7d0b047c9
2026-02-22 11:00:00,2026-02-22 17:00:00,18,0.821705242954769,0.6067127026949447,0.21499254025982428,7.88,8.9,2.0,0.2779196855180762,0.9997380049779957,1,2026-02-21 17:00:00,2026-02-21 23:00:00,t1-direct-d7d0b047c9
2026-02-22 12:00:00,2026-02-22 18:00:00,19,0.7540144780949244,0.575731487281242,0.17828299081368237,7.62,6.9,2.0,0.20116349302937075,1.0,1,2026-02-21 17:00:00,2026-02-21 23:00:00,t1-direct-d7d0b047c9
2026-02-22 13:00:00,2026-02-22 19:00:00,20,0.5940854155387442,0.3098638983408525,0.2842215171978917,6.03,4.4,2.0,0.09871092563416312,0.9402373864021709,1,2026-02-21 17:00:00,2026-02-21 23:00:00,t1-direct-d7d0b047c9
2026-02-22 14:00:00,2026-02-22 20:00:00,21,0.48805623123319625,0.1276370800280684,0.36041915120512785,4.43,3.0,2.0,0.051136207834806546,0.9274861464435922,1,2026-02-21 17:00:00,2026-02-21 23:00:00,t1-direct-d7d0b047c9
2026-02-22 15:00:00,2026-02-22 21:00:00,22,0.36648164058346866,0.10538826782696482,0.26109337275650385,4.04,1.7,2.0,0.002400694783054047,0.8440175325448148,1,2026-02-21 17:00:00,2026-02-21 23:00:00,t1-direct-d7d0b047c9
2026-02-22 16:00:00,2026-02-22 22:00:00,23,0.29699429966211083,0.10684496609612365,0.19014933356598718,4.09,0.7,2.0,0.0005828560148101181,0.8066265194492259,1,2026-02-21 17:00:00,2026-02-21 23:00:00,t1-direct-d7d0b047c9
2026-02-22 17:00:00,2026-02-22 23:00:00,24,0.2740423278512031,0.11475959726079706,0.15928273059040604,4.3,0.7,2.0,0.0018145859982626744,0.7554029430142625,1,2026-02-21 17:00:00,2026-02-21 23:00:00,t1-direct-d7d0b047c9
2026-02-22 18:00:00,2026-02-23 00:00:00,25,0.2102760571745924,0.054386611367504036,0.15588944580708838,2.93,0.7,2.0,0.007103871453714716,0.8086990966033021,1,2026-02-21 17:00:00,2026-02-21 23:00:00,t1-direct-d7d0b047c9
2026-02-22 19:00:00,2026-02-23 01:00:00,26,0.2795338126356651,0.023514170461862223,0.2560196421738029,1.61,0.9,2.0,0.0005306036242498369,0.808671833583714,1,2026-02-21 17:00:00,2026-02-21 23:00:00,t1-direct-d7d0b047c9
2026-02-22 20:00:00,2026-02-23 02:00:00,27,0.21715099749541256,0.021130281499238027,0.19602071599617454,1.37,0.7,2.0,0.0,0.7064540673632367,1,2026-02-21 17:00:00,2026-02-21 23:00:00,t1-direct-d7d0b047c9
2026-02-22 21:00:00,2026-02-23 03:00:00,28,0.11772903930728368,0.022911747429896812,0.09481729187738687,1.55,1.2,2.0,0.005947401433215982,0.5255488030037984,1,2026-02-21 17:00:00,2026-02-21 23:00:00,t1-direct-d7d0b047c9
2026-02-22 22:00:00,2026-02-23 04:00:00,29,0.050644155927514735,0.028735634206813694,0.02190852172070104,1.95,2.1,2.0,0.007925621584336982,0.4137679587270067,1,2026-02-21 17:00:00,2026-02-21 23:00:00,t1-direct-d7d0b047c9
2026-02-22 23:00:00,2026-02-23 05:00:00,30,0.03302376349941339,0.02970962924052794,0.003314134258885451,2.0,2.5,2.0,0.008848811590336042,0.33158243533379095,1,2026-02-21 17:00:00,2026-02-21 23:00:00,t1-direct-d7d0b047c9
2026-02-23 00:00:00,2026-02-23 06:00:00,31,0.025179907987896256,0.056714688936577495,-0.03153478094868124,3.0,2.4,2.0,0.009241004365911899,0.29681608474171844,1,2026-02-21 17:00:00,2026-02-21 23:00:00,t1-direct-d7d0b047c9
2026-02-23 01:00:00,2026-02-23 07:00:00,32,0.02582795623053727,0.09952174119209094,-0.07369378496155367,3.82,2.0,2.0,0.009208601953779847,0.287474136426758,1,2026-02-21 17:00:00,2026-02-21 23:00:00,t1-direct-d7d0b047c9
2026-02-23 02:00:00,2026-02-23 08:00:00,33,0.023777077577855115,0.09046082302590008,-0.06668374544804496,3.65,2.0,2.0,0.009311145886413954,0.29840472121285205,1,2026-02-21 17:00:00,2026-02-21 23:00:00,t1-direct-d7d0b047c9
2026-02-23 03:00:00,2026-02-23 09:00:00,34,0.024329956844140292,0.07531768026908608,-0.05098772342494579,3.42,4.6,2.0,0.009283501923099695,0.29212458902379074,1,2026-02-21 17:00:00,2026-02-21 23:00:00,t1-direct-d7d0b047c9
2026-02-23 04:00:00,2026-02-23 10:00:00,35,0.023697706070307297,0.06552680784840238,-0.04182910177809508,3.26,7.0,2.0,0.009315114461791346,0.2739761614114002,1,2026-02-21 17:00:00,2026-02-21 23:00:00,t1-direct-d7d0b047c9
2026-02-23 05:00:00,2026-02-23 11:00:00,36,0.05912170613812323,0.08751262031125454,-0.028390914173131304,3.63,8.2,2.0,0.0075439144584005455,0.3084241636079724,1,2026-02-21 17:00:00,2026-02-21 23:00:00,t1-direct-d7d0b047c9
2026-02-23 06:00:00,2026-02-23 12:00:00,37,0.09247487063583586,0.09748533743634533,-0.005010466800509469,3.8,10.5,3.0,0.0030463097862013233,0.5593205118805669,1,2026-02-21 17:00:00,2026-02-21 23:00:00,t1-direct-d7d0b047c9
2026-02-23 07:00:00,2026-02-23 13:00:00,38,0.21983838856254345,0.13363717564685043,0.08620121291569302,4.53,11.4,3.0,0.0,0.7524076557446605,1,2026-02-21 17:00:00,2026-02-21 23:00:00,t1-direct-d7d0b047c9
2026-02-23 08:00:00,2026-02-23 14:00:00,39,0.3614116469141105,0.22726118638698412,0.13415046052712637,5.45,11.6,3.0,0.015933603981227673,0.9312161373564289,1,2026-02-21 17:00:00,2026-02-21 23:00:00,t1-direct-d7d0b047c9
2026-02-23 09:00:00,2026-02-23 15:00:00,40,0.48330174485282446,0.3011316663810667,0.18217007847175776,6.02,10.9,3.0,0.039780963079181164,0.9610151703936491,1,2026-02-21 17:00:00,2026-02-21 23:00:00,t1-direct-d7d0b047c9
2026-02-23 10:00:00,2026-02-23 16:00:00,41,0.49927507068927646,0.38566719929689547,0.11360787139238099,6.56,10.3,3.0,0.05079545408490843,0.974713395676365,1,2026-02-21 17:00:00,2026-02-21 23:00:00,t1-direct-d7d0b047c9
2026-02-23 11:00:00,2026-02-23 17:00:00,42,0.510047776457682,0.41051709298074673,0.09953068347693522,6.71,9.3,3.0,0.032146981998782076,0.9627641910608353,1,2026-02-21 17:00:00,2026-02-21 23:00:00,t1-direct-d7d0b047c9
2026-02-23 12:00:00,2026-02-23 18:00:00,43,0.4532731480656836,0.43749670541502894,0.015776442650654643,6.86,7.5,3.0,0.01296538201033648,0.905809562076135,1,2026-02-21 17:00:00,2026-02-21 23:00:00,t1-direct-d7d0b047c9
2026-02-23 13:00:00,2026-02-23 19:00:00,44,0.510412779499569,0.6775912090978176,-0.16717842959824858,8.45,5.5,3.0,0.020149434790904586,0.9357262171782875,1,2026-02-21 17:00:00,2026-02-21 23:00:00,t1-direct-d7d0b047c9
2026-02-23 14:00:00,2026-02-23 20:00:00,45,0.6879457776514625,0.8516830433589182,-0.16373726570745573,9.62,4.4,3.0,0.10298974778604642,1.0,1,2026-02-21 17:00:00,2026-02-21 23:00:00,t1-direct-d7d0b047c9
2026-02-23 15:00:00,2026-02-23 21:00:00,46,0.8293896099844751,0.9096700125322352,-0.08028040254776014,10.96,3.9,3.0,0.2895383310816124,0.9958865477390533,1,2026-02-21 17:00:00,2026-02-21 23:00:00,t1-direct-d7d0b047c9
2026-02-23 16:00:00,2026-02-23 22:00:00,47,0.8278073095708574,0.9040058594368611,-0.07619854986600372,10.76,3.0,3.0,0.3255975465003079,0.9963264074514006,1,2026-02-21 17:00:00,2026-02-21 23:00:00,t1-direct-d7d0b047c9
2026-02-23 17:00:00,2026-02-23 23:00:00,48,0.8136643402986062,0.8905879207552359,-0.07692358045662961,10.22,1.9,3.0,0.3059452148227231,0.9955583845314959,1,2026-02-21 17:00:00,2026-02-21 23:00:00,t1-direct-d7d0b047c9
2026-02-22 18:00:00,2026-02-23 00:00:00,1,0.08071252080404875,0.029014765457255755,0.051697755346792995,1.96,0.4,1.0,0.006462453005135177,0.4344650926446535,1,2026-02-22 17:00:00,2026-02-22 23:00:00,t1-direct-d7d0b047c9
2026-02-22 19:00:00,2026-02-23 01:00:00,2,0.06054055192120174,0.03042786484003649,0.030112687081165247,2.03,0.0,1.0,0.007471738063364389,0.4215454663419973,1,2026-02-22 17:00:00,2026-02-22 23:00:00,t1-direct-d7d0b047c9
2026-02-22 20:00:00,2026-02-23 02:00:00,3,0.04266558828203718,0.023125811675482534,0.01953977660655465,1.57,0.4,1.0,0.008366720351204851,0.39443081631626803,1,2026-02-22 17:00:00,2026-02-22 23:00:00,t1-direct-d7d0b047c9
2026-02-22 21:00:00,2026-02-23 03:00:00,4,0.03966624990850336,0.02191393942773023,0.017752310480773133,1.45,1.4,1.0,0.008516687269881543,0.35406209876453143,1,2026-02-22 17:00:00,2026-02-22 23:00:00,t1-direct-d7d0b047c9
2026-02-22 22:00:00,2026-02-23 04:00:00,5,0.045239988165989155,0.029917833954135876,0.015322154211853279,2.01,2.3,1.0,0.008238000357007252,0.2918209977328843,1,2026-02-22 17:00:00,2026-02-22 23:00:00,t1-direct-d7d0b047c9
2026-02-22 23:00:00,2026-02-23 05:00:00,6,0.025157257140927782,0.02,0.005157257140927782,1.25,2.9,1.0,0.009242136908260323,0.2806842858560972,1,2026-02-22 17:00:00,2026-02-22 23:00:00,t1-direct-d7d0b047c9
2026-02-23 00:00:00,2026-02-23 06:00:00,7,0.023003022345709178,0.02,0.0030030223457091776,1.0,3.0,1.0,0.009349848648021252,0.28021094855134304,1,2026-02-22 17:00:00,2026-02-22 23:00:00,t1-direct-d7d0b047c9
2026-02-23 01:00:00,2026-02-23 07:00:00,8,0.02508955008449544,0.03428159205973961,-0.009192041975244168,2.23,2.4,1.0,0.00924552226108194,0.27810607259999215,1,2026-02-22 17:00:00,2026-02-22 23:00:00,t1-direct-d7d0b047c9
2026-02-23 02:00:00,2026-02-23 08:00:00,9,0.028708795493825438,0.10140095755488428,-0.07269216206105884,3.89,1.8,1.0,0.00906455999061544,0.27481073341598766,1,2026-02-22 17:00:00,2026-02-22 23:00:00,t1-direct-d7d0b047c9
2026-02-23 03:00:00,2026-02-23 09:00:00,10,0.022433149026167474,0.11147419930054842,-0.08904105027438095,4.28,3.7,1.0,0.009378342313998337,0.2991712190349285,1,2026-02-22 17:00:00,2026-02-22 23:00:00,t1-direct-d7d0b047c9
2026-02-23 04:00:00,2026-02-23 10:00:00,11,0.032970083092400564,0.10529914666637323,-0.07232906357397267,4.06,6.5,1.0,0.008851495610686683,0.3130420752873849,1,2026-02-22 17:00:00,2026-02-22 23:00:00,t1-direct-d7d0b047c9
2026-02-23 05:00:00,2026-02-23 11:00:00,12,0.08900511843097574,0.10430703580520104,-0.015301917374225302,4.03,8.1,1.0,0.006049743843757921,0.3698430608710071,1,2026-02-22 17:00:00,2026-02-22 23:00:00,t1-direct-d7d0b047c9
2026-02-23 06:00:00,2026-02-23 12:00:00,13,0.1461790702889922,0.17778695743315173,-0.03160788714415952,4.94,9.2,2.0,0.0016545838826747261,0.5965751572550979,1,2026-02-22 17:00:00,2026-02-22 23:00:00,t1-direct-d7d0b047c9
2026-02-23 07:00:00,2026-02-23 13:00:00,14,0.2957769910575366,0.35070274569269116,-0.05492575463515459,6.33,9.3,2.0,0.0023553927912734474,0.7328797504101028,1,2026-02-22 17:00:00,2026-02-22 23:00:00,t1-direct-d7d0b047c9
2026-02-23 08:00:00,2026-02-23 14:00:00,15,0.41857936114071137,0.4124677416866712,0.006111619454040151,6.72,9.0,2.0,0.010706507454114,0.9364421427485539,1,2026-02-22 17:00:00,2026-02-22 23:00:00,t1-direct-d7d0b047c9
2026-02-23 09:00:00,2026-02-23 15:00:00,16,0.5686249796422836,0.5963488560921546,-0.027723876449870954,7.8,9.0,2.0,0.04746275487335372,0.9813392731386372,1,2026-02-22 17:00:00,2026-02-22 23:00:00,t1-direct-d7d0b047c9
2026-02-23 10:00:00,2026-02-23 16:00:00,17,0.6145103506339391,0.7349899748304307,-0.12047962419649161,8.98,7.8,2.0,0.07028385277052918,0.9968645495866083,1,2026-02-22 17:00:00,2026-02-22 23:00:00,t1-direct-d7d0b047c9
2026-02-23 11:00:00,2026-02-23 17:00:00,18,0.6756270185368427,0.8436552225050168,-0.16802820396817408,9.37,6.2,2.0,0.1496651576354332,0.99584117855268,1,2026-02-22 17:00:00,2026-02-22 23:00:00,t1-direct-d7d0b047c9
2026-02-23 12:00:00,2026-02-23 18:00:00,19,0.74181885219905,0.8663692550058552,-0.12455040280680518,9.95,4.8,2.0,0.21925953258358766,0.9920886027223222,1,2026-02-22 17:00:00,2026-02-22 23:00:00,t1-direct-d7d0b047c9
2026-02-23 13:00:00,2026-02-23 19:00:00,20,0.760255721109684,0.9002182949945567,-0.13996257388487277,10.48,3.5,2.0,0.2930692928583486,0.9927597001597068,1,2026-02-22 17:00:00,2026-02-22 23:00:00,t1-direct-d7d0b047c9
2026-02-23 14:00:00,2026-02-23 20:00:00,21,0.7962261569401083,0.8971458882730194,-0.1009197313329111,10.31,2.5,2.0,0.284096930803892,0.9922988371746209,1,2026-02-22 17:00:00,2026-02-22 23:00:00,t1-direct-d7d0b047c9
2026-02-23 15:00:00,2026-02-23 21:00:00,22,0.8199473041267512,0.8980389766612982,-0.07809167253454696,10.31,1.6,2.0,0.320592097373548,0.9928236672575143,1,2026-02-22 17:00:00,2026-02-22 23:00:00,t1-direct-d7d0b047c9
2026-02-23 16:00:00,2026-02-23 22:00:00,23,0.9212547077779308,0.8993958944228054,0.021858813355125406,10.38,0.5,2.0,0.3506381099813709,0.9887202878782045,1,2026-02-22 17:00:00,2026-02-22 23:00:00,t1-direct-d7d0b047c9
2026-02-23 17:00:00,2026-02-23 23:00:00,24,0.9350798381571009,0.8663450201971933,0.06873481795990766,9.88,-1.0,2.0,0.41759549800189066,0.9876375855762709,1,2026-02-22 17:00:00,2026-02-22 23:00:00,t1-direct-d7d0b047c9
2026-02-23 18:00:00,2026-02-24 00:00:00,25,0.9452098358031725,0.8518183388109776,0.09339149699219496,9.55,-2.0,2.0,0.4170889981195872,0.9923464198898182,1,2026-02-22 17:00:00,2026-02-22 23:00:00,t1-direct-d7d0b047c9
2026-02-23 19:00:00,2026-02-24 01:00:00,26,0.9223061191935646,0.8534925656270698,0.06881355356649488,9.6,-2.5,2.0,0.39787470380887013,0.9947476567161281,1,2026-02-22 17:00:00,2026-02-22 23:00:00,t1-direct-d7d0b047c9
2026-02-23 20:00:00,2026-02-24 02:00:00,27,0.822748961234013,0.6923154929903693,0.13043346824364366,8.58,-2.4,2.0,0.32343203453703917,0.9970850908897617,1,2026-02-22 17:00:00,2026-02-22 23:00:00,t1-direct-d7d0b047c9
2026-02-23 21:00:00,2026-02-24 03:00:00,28,0.7242879973705216,0.6504228675653453,0.07386512980517634,8.11,-2.4,2.0,0.23343912582130066,0.9923646740646421,1,2026-02-22 17:00:00,2026-02-22 23:00:00,t1-direct-d7d0b047c9
2026-02-23 22:00:00,2026-02-24 04:00:00,29,0.7331438029088964,0.6414632971993515,0.09168050570954489,8.04,-2.5,2.0,0.24225952044439963,0.9941157401906493,1,2026-02-22 17:00:00,2026-02-22 23:00:00,t1-direct-d7d0b047c9
2026-02-23 23:00:00,2026-02-24 05:00:00,30,0.7668556127015724,0.6784781005675661,0.08837751213400635,8.38,-2.6,2.0,0.31589351078969613,1.0,1,2026-02-22 17:00:00,2026-02-22 23:00:00,t1-direct-d7d0b047c9
2026-02-24 00:00:00,2026-02-24 06:00:00,31,0.725145865866426,0.7226812752872148,0.0024645905792112233,8.82,-2.9,2.0,0.30159998787964126,0.9916146948860705,1,2026-02-22 17:00:00,2026-02-22 23:00:00,t1-direct-d7d0b047c9
2026-02-24 01:00:00,2026-02-24 07:00:00,32,0.6354764572350746,0.7009293238864445,-0.06545286665136985,8.7,-2.7,2.0,0.22150069257626076,0.9841705394638878,1,2026-02-22 17:00:00,2026-02-22 23:00:00,t1-direct-d7d0b047c9
2026-02-24 02:00:00,2026-02-24 08:00:00,33,0.5009110221722739,0.6972835595620047,-0.19637253738973082,8.65,-2.5,2.0,0.21983668056695077,0.9889854652794934,1,2026-02-22 17:00:00,2026-02-22 23:00:00,t1-direct-d7d0b047c9
2026-02-24 03:00:00,2026-02-24 09:00:00,34,0.4510042731664979,0.5304534794810637,-0.07944920631456581,7.22,-1.8,2.0,0.12579846160156305,0.9616281503437656,1,2026-02-22 17:00:00,2026-02-22 23:00:00,t1-direct-d7d0b047c9
2026-02-24 04:00:00,2026-02-24 10:00:00,35,0.4473131089816071,0.46495901219256386,-0.01764590321095677,6.92,-0.9,2.0,0.06700108849671821,0.9515046705893426,1,2026-02-22 17:00:00,2026-02-22 23:00:00,t1-direct-d7d0b047c9
2026-02-24 05:00:00,2026-02-24 11:00:00,36,0.4347775150504993,0.41428596584030936,0.02049154921018992,6.66,0.1,2.0,0.04738818584100174,0.9086283229761528,1,2026-02-22 17:00:00,2026-02-22 23:00:00,t1-direct-d7d0b047c9
2026-02-24 06:00:00,2026-02-24 12:00:00,37,0.4075616345044898,0.3662382698996061,0.04132336460488367,6.37,1.6,3.0,0.01666970568923043,0.857781369705788,1,2026-02-22 17:00:00,2026-02-22 23:00:00,t1-direct-d7d0b047c9
2026-02-24 07:00:00,2026-02-24 13:00:00,38,0.4146501065161327,0.31857274545505837,0.09607736106107434,6.07,2.2,3.0,0.01932544574850592,0.823251613904245,1,2026-02-22 17:00:00,2026-02-22 23:00:00,t1-direct-d7d0b047c9
2026-02-24 08:00:00,2026-02-24 14:00:00,39,0.41403697168473663,0.274839689755764,0.13919728192897263,5.79,2.4,3.0,0.018669473522882618,0.7857187606130276,1,2026-02-22 17:00:00,2026-02-22 23:00:00,t1-direct-d7d0b047c9
2026-02-24 09:00:00,2026-02-24 15:00:00,40,0.43283993267729853,0.24965882847405008,0.18318110420324846,5.58,2.6,3.0,0.01728689537360134,0.7797559254867082,1,2026-02-22 17:00:00,2026-02-22 23:00:00,t1-direct-d7d0b047c9
2026-02-24 10:00:00,2026-02-24 16:00:00,41,0.4058485700761894,0.19427780319895877,0.21157076687723064,5.07,2.1,3.0,0.018287690060592887,0.7794139095798842,1,2026-02-22 17:00:00,2026-02-22 23:00:00,t1-direct-d7d0b047c9
2026-02-24 11:00:00,2026-02-24 17:00:00,42,0.3004820550601812,0.149166521644979,0.1513155334152022,4.62,1.7,3.0,0.011303632695192023,0.7553036640846837,1,2026-02-22 17:00:00,2026-02-22 23:00:00,t1-direct-d7d0b047c9
2026-02-24 12:00:00,2026-02-24 18:00:00,43,0.22559825641511116,0.10623560042794128,0.11936265598716989,4.07,1.3,3.0,0.003996802050713427,0.6543938976075484,1,2026-02-22 17:00:00,2026-02-22 23:00:00,t1-direct-d7d0b047c9
2026-02-24 13:00:00,2026-02-24 19:00:00,44,0.12457361769023471,0.07727779220735591,0.047295825482878806,3.43,-0.5,3.0,0.005437273488212643,0.49039594924157826,1,2026-02-22 17:00:00,2026-02-22 23:00:00,t1-direct-d7d0b047c9
2026-02-24 14:00:00,2026-02-24 20:00:00,45,0.08877229467837965,0.04813862983870944,0.04063366483967021,2.75,-1.3,3.0,0.00712018245064476,0.3938038751450799,1,2026-02-22 17:00:00,2026-02-22 23:00:00,t1-direct-d7d0b047c9
2026-02-24 15:00:00,2026-02-24 21:00:00,46,0.03587835443638987,0.027137697618128714,0.008740656818261156,1.86,-2.1,3.0,0.008826597500914489,0.32087485660175086,1,2026-02-22 17:00:00,2026-02-22 23:00:00,t1-direct-d7d0b047c9
2026-02-24 16:00:00,2026-02-24 22:00:00,47,0.01692265121494195,0.02377070013712251,-0.00684804892218056,1.63,-2.0,3.0,0.009653867204559612,0.17965466569318478,1,2026-02-22 17:00:00,2026-02-22 23:00:00,t1-direct-d7d0b047c9
2026-02-24 17:00:00,2026-02-24 23:00:00,48,0.0293502624332854,0.031934816317949775,-0.0025845538846643763,2.1,-2.2,3.0,0.00903248664364244,0.24927570746045552,1,2026-02-22 17:00:00,2026-02-22 23:00:00,t1-direct-d7d0b047c9
2026-02-23 18:00:00,2026-02-24 00:00:00,1,0.9176411882375413,0.8995303710838147,0.018110817153726533,10.38,-0.3,1.0,0.37674926209959614,0.9860632224171235,1,2026-02-23 17:00:00,2026-02-23 23:00:00,t1-direct-d7d0b047c9
2026-02-23 19:00:00,2026-02-24 01:00:00,2,0.9078731838327361,0.8722199154007793,0.03565326843195682,9.95,-1.3,1.0,0.39327008091183235,0.9878786794031297,1,2026-02-23 17:00:00,2026-02-23 23:00:00,t1-direct-d7d0b047c9
2026-02-23 20:00:00,2026-02-24 02:00:00,3,0.88347963215551,0.7973077328361214,0.08617189931938851,9.1,-2.0,1.0,0.34321446234484476,0.9944528019415284,1,2026-02-23 17:00:00,2026-02-23 23:00:00,t1-direct-d7d0b047c9
2026-02-23 21:00:00,2026-02-24 03:00:00,4,0.7758152965212574,0.6818292081478803,0.09398608837337707,8.43,-2.4,1.0,0.3010262219688902,0.9967360237028592,1,2026-02-23 17:00:00,2026-02-23 23:00:00,t1-direct-d7d0b047c9
2026-02-23 22:00:00,2026-02-24 04:00:00,5,0.7321259023582836,0.640293281933996,0.09183262042428753,8.03,-2.6,1.0,0.23304723057191257,0.9920255542095762,1,2026-02-23 17:00:00,2026-02-23 23:00:00,t1-direct-d7d0b047c9
2026-02-23 23:00:00,2026-02-24 05:00:00,6,0.5669521866529845,0.6223651780968684,-0.0554129914438839,7.89,-2.8,1.0,0.22492690610536525,0.9973225460474592,1,2026-02-23 17:00:00,2026-02-23 23:00:00,t1-direct-d7d0b047c9
2026-02-24 00:00:00,2026-02-24 06:00:00,7,0.5063099855314149,0.4943478562468733,0.011962129284541656,7.04,-3.0,1.0,0.21502046927777624,0.9964551253382411,1,2026-02-23 17:00:00,2026-02-23 23:00:00,t1-direct-d7d0b047c9
2026-02-24 01:00:00,2026-02-24 07:00:00,8,0.43971258481061787,0.5133494333876029,-0.07363684857698499,7.13,-2.9,1.0,0.13711239625425647,0.9962840835496647,1,2026-02-23 17:00:00,2026-02-23 23:00:00,t1-direct-d7d0b047c9
2026-02-24 02:00:00,2026-02-24 08:00:00,9,0.4478170009928101,0.48331963885936474,-0.035502637866554665,6.99,-2.8,1.0,0.11636185586591469,0.9977843601611676,1,2026-02-23 17:00:00,2026-02-23 23:00:00,t1-direct-d7d0b047c9
2026-02-24 03:00:00,2026-02-24 09:00:00,10,0.42356502306985766,0.41754144077678595,0.006023582293071705,6.66,-2.4,1.0,0.07275959680138239,0.9936414418505499,1,2026-02-23 17:00:00,2026-02-23 23:00:00,t1-direct-d7d0b047c9
2026-02-24 04:00:00,2026-02-24 10:00:00,11,0.43150928836245617,0.4071760928113479,0.024333195551108244,6.6,-1.8,1.0,0.07236238353675245,0.9771558566881666,1,2026-02-23 17:00:00,2026-02-23 23:00:00,t1-direct-d7d0b047c9
2026-02-24 05:00:00,2026-02-24 11:00:00,12,0.43293641227777907,0.4283431319797798,0.004593280297999269,6.74,-0.9,1.0,0.07943683902281612,0.9762591504671452,1,2026-02-23 17:00:00,2026-02-23 23:00:00,t1-direct-d7d0b047c9
2026-02-24 06:00:00,2026-02-24 12:00:00,13,0.4555213642304521,0.5093356482438427,-0.05381428401339061,7.14,0.4,2.0,0.05386342324750415,0.9305876383111524,1,2026-02-23 17:00:00,2026-02-23 23:00:00,t1-direct-d7d0b047c9
2026-02-24 07:00:00,2026-02-24 13:00:00,14,0.4365223099826795,0.4299736119408266,0.006548698041852874,6.77,1.5,2.0,0.042588473463664955,0.8767060491073682,1,2026-02-23 17:00:00,2026-02-23 23:00:00,t1-direct-d7d0b047c9
2026-02-24 08:00:00,2026-02-24 14:00:00,15,0.43697305348021814,0.34428926630680745,0.09268378717341069,6.23,1.5,2.0,0.031400024531070325,0.8392893287517134,1,2026-02-23 17:00:00,2026-02-23 23:00:00,t1-direct-d7d0b047c9
2026-02-24 09:00:00,2026-02-24 15:00:00,16,0.4332315673016734,0.2646104270649825,0.1686211402366909,5.7,1.8,2.0,0.023970764473314587,0.7959479933176529,1,2026-02-23 17:00:00,2026-02-23 23:00:00,t1-direct-d7d0b047c9
2026-02-24 10:00:00,2026-02-24 16:00:00,17,0.42644112883933977,0.18298687644061876,0.243454252398721,4.95,1.7,2.0,0.023733185226948783,0.7731223656066895,1,2026-02-23 17:00:00,2026-02-23 23:00:00,t1-direct-d7d0b047c9
2026-02-24 11:00:00,2026-02-24 17:00:00,18,0.3668003400793895,0.13738209700114143,0.22941824307824807,4.51,1.3,2.0,0.018617990117285543,0.7017005399681809,1,2026-02-23 17:00:00,2026-02-23 23:00:00,t1-direct-d7d0b047c9
2026-02-24 12:00:00,2026-02-24 18:00:00,19,0.2686628848240392,0.09159424461939814,0.17706864020464108,3.66,0.2,2.0,0.002060400377483118,0.7022544544977973,1,2026-02-23 17:00:00,2026-02-23 23:00:00,t1-direct-d7d0b047c9
2026-02-24 13:00:00,2026-02-24 19:00:00,20,0.15219204360214722,0.04999472102494303,0.10219732257720418,2.8,-2.1,2.0,0.00568897232577617,0.5887395930319141,1,2026-02-23 17:00:00,2026-02-23 23:00:00,t1-direct-d7d0b047c9
2026-02-24 14:00:00,2026-02-24 20:00:00,21,0.10993961572859548,0.026756457459755204,0.08318315826884028,1.84,-2.5,2.0,0.005064199852751569,0.4700586921850899,1,2026-02-23 17:00:00,2026-02-23 23:00:00,t1-direct-d7d0b047c9
2026-02-24 15:00:00,2026-02-24 21:00:00,22,0.07749186454564913,0.02,0.05749186454564913,0.81,-2.3,2.0,0.0066899645593438,0.37338377955889046,1,2026-02-23 17:00:00,2026-02-23 23:00:00,t1-direct-d7d0b047c9
2026-02-24 16:00:00,2026-02-24 22:00:00,23,0.058379770675435844,0.03175054135374368,0.026629229321692163,2.09,-2.5,2.0,0.00668801487797524,0.3417947696972711,1,2026-02-23 17:00:00,2026-02-23 23:00:00,t1-direct-d7d0b047c9
2026-02-24 17:00:00,2026-02-24 23:00:00,24,0.03125706432613489,0.06043897585612196,-0.029181911529987066,3.08,-3.5,2.0,0.008936113642190109,0.22711774029323464,1,2026-02-23 17:00:00,2026-02-23 23:00:00,t1-direct-d7d0b047c9
2026-02-24 18:00:00,2026-02-25 00:00:00,25,0.010585037575022268,0.03343440772738172,-0.02284937015235945,2.17,-4.1,2.0,0.009970747886555598,0.12952502335075475,1,2026-02-23 17:00:00,2026-02-23 23:00:00,t1-direct-d7d0b047c9
2026-02-24 19:00:00,2026-02-25 01:00:00,26,0.015010558872629486,0.026437889109634648,-0.011427330237005161,1.82,-4.3,2.0,0.009749471821675237,0.10370644861487748,1,2026-02-23 17:00:00,2026-02-23 23:00:00,t1-direct-d7d0b047c9
2026-02-24 20:00:00,2026-02-25 02:00:00,27,0.01758443572351696,0.05026079418138432,-0.03267635845786736,2.8,-4.2,2.0,0.009620777979130864,0.19624329216912706,1,2026-02-23 17:00:00,2026-02-23 23:00:00,t1-direct-d7d0b047c9
2026-02-24 21:00:00,2026-02-25 03:00:00,28,0.02157431624867422,0.1008526348958698,-0.07927831864719559,3.84,-4.4,2.0,0.009421283952873,0.23604255462559023,1,2026-02-23 17:00:00,2026-02-23 23:00:00,t1-direct-d7d0b047c9
2026-02-24 22:00:00,2026-02-25 04:00:00,29,0.03599474575610034,0.1788151354061532,-0.14282038965005286,4.87,-4.4,2.0,0.008700262477501695,0.3077491261489851,1,2026-02-23 17:00:00,2026-02-23 23:00:00,t1-direct-d7d0b047c9
2026-02-24 23:00:00,2026-02-25 05:00:00,30,0.0855482121431395,0.23575443270712348,-0.15020622056398397,5.42,-3.9,2.0,0.006799906392335214,0.5178374155144894,1,2026-02-23 17:00:00,2026-02-23 23:00:00,t1-direct-d7d0b047c9
2026-02-25 00:00:00,2026-02-25 06:00:00,31,0.1283484141004875,0.2752678466256714,-0.14691943252518389,5.75,-3.7,2.0,0.0045963157630309615,0.5900037820330524,1,2026-02-23 17:00:00,2026-02-23 23:00:00,t1-direct-d7d0b047c9
2026-02-25 01:00:00,2026-02-25 07:00:00,32,0.1381696689273496,0.3379531461010804,-0.1997834771737308,6.15,-3.7,2.0,0.004096357097813863,0.7213980722398108,1,2026-02-23 17:00:00,2026-02-23 23:00:00,t1-direct-d7d0b047c9
2026-02-25 02:00:00,2026-02-25 08:00:00,33,0.2514670418327565,0.38218473558343596,-0.1307176937506795,6.43,-3.5,2.0,0.0,0.8708104483969442,1,2026-02-23 17:00:00,2026-02-23 23:00:00,t1-direct-d7d0b047c9
2026-02-25 03:00:00,2026-02-25 09:00:00,34,0.43664650296266133,0.3769639560639016,0.059682546898759736,6.41,-1.9,2.0,0.05926771419360943,0.9028689475797014,1,2026-02-23 17:00:00,2026-02-23 23:00:00,t1-direct-d7d0b047c9
2026-02-25 04:00:00,2026-02-25 10:00:00,35,0.5084016796599674,0.38108331283035685,0.12731836682961056,6.45,-0.1,2.0,0.09138125046966228,0.9585757037520529,1,2026-02-23 17:00:00,2026-02-23 23:00:00,t1-direct-d7d0b047c9
2026-02-25 05:00:00,2026-02-25 11:00:00,36,0.6771782629305854,0.46171183618854783,0.21546642674203753,6.93,2.1,2.0,0.11846088268435695,0.9932970399468739,1,2026-02-23 17:00:00,2026-02-23 23:00:00,t1-direct-d7d0b047c9
2026-02-25 06:00:00,2026-02-25 12:00:00,37,0.6471842017184669,0.5371973433637881,0.10998685835467881,7.31,4.8,3.0,0.05600458381498674,0.9934602103771735,1,2026-02-23 17:00:00,2026-02-23 23:00:00,t1-direct-d7d0b047c9
2026-02-25 07:00:00,2026-02-25 13:00:00,38,0.6149167013727227,0.4383150165848944,0.17660168478782828,6.85,5.8,3.0,0.06393253524846754,0.9733775405232106,1,2026-02-23 17:00:00,2026-02-23 23:00:00,t1-direct-d7d0b047c9
2026-02-25 08:00:00,2026-02-25 14:00:00,39,0.5835439153523845,0.3053089147946964,0.2782350005576881,6.01,5.7,3.0,0.054171307721577744,0.9617237203868174,1,2026-02-23 17:00:00,2026-02-23 23:00:00,t1-direct-d7d0b047c9
2026-02-25 09:00:00,2026-02-25 15:00:00,40,0.5583879062124875,0.3221248707864937,0.23626303542599375,6.12,5.9,3.0,0.03714063153518743,0.9289551634924698,1,2026-02-23 17:00:00,2026-02-23 23:00:00,t1-direct-d7d0b047c9
2026-02-25 10:00:00,2026-02-25 16:00:00,41,0.45233579495792714,0.32280526449155006,0.12953053046637708,6.12,5.3,3.0,0.024030067266023136,0.8797580129406679,1,2026-02-23 17:00:00,2026-02-23 23:00:00,t1-direct-d7d0b047c9
2026-02-25 11:00:00,2026-02-25 17:00:00,42,0.3903438187945091,0.3310719012442128,0.05927191755029626,6.16,3.5,3.0,0.0038819653823745637,0.8438256863692566,1,2026-02-23 17:00:00,2026-02-23 23:00:00,t1-direct-d7d0b047c9
2026-02-25 12:00:00,2026-02-25 18:00:00,43,0.37466799507182796,0.1767118103639239,0.19795618470790408,4.89,2.6,3.0,0.004211445612266218,0.9072522906731852,1,2026-02-23 17:00:00,2026-02-23 23:00:00,t1-direct-d7d0b047c9
2026-02-25 13:00:00,2026-02-25 19:00:00,44,0.3113088083650386,0.1686341155482246,0.142674692816814,4.8,1.6,3.0,0.012477027871433677,0.8968098893016836,1,2026-02-23 17:00:00,2026-02-23 23:00:00,t1-direct-d7d0b047c9
2026-02-25 14:00:00,2026-02-25 20:00:00,45,0.3614678702517398,0.11660361989170684,0.24486425036003298,4.32,1.3,3.0,0.023943992811430392,0.8993534500296068,1,2026-02-23 17:00:00,2026-02-23 23:00:00,t1-direct-d7d0b047c9
2026-02-25 15:00:00,2026-02-25 21:00:00,46,0.4117938478811449,0.13646793573942775,0.2753259121417172,4.5,1.0,3.0,0.02877535529223041,0.9244763897135458,1,2026-02-23 17:00:00,2026-02-23 23:00:00,t1-direct-d7d0b047c9
2026-02-25 16:00:00,2026-02-25 22:00:00,47,0.4776131139330727,0.20460239696625326,0.27301071696681944,5.17,0.9,3.0,0.05311115299660324,0.9899481299869775,1,2026-02-23 17:00:00,2026-02-23 23:00:00,t1-direct-d7d0b047c9
2026-02-25 17:00:00,2026-02-25 23:00:00,48,0.6797060679106287,0.2795475213293409,0.4001585465812878,5.81,0.9,3.0,0.18065115335697263,1.0,1,2026-02-23 17:00:00,2026-02-23 23:00:00,t1-direct-d7d0b047c9
2026-02-24 18:00:00,2026-02-25 00:00:00,1,0.010890626057080383,0.025908821843498808,-0.015018195786418425,1.8,-1.4,1.0,0.009955468462452693,0.0583464773234895,1,2026-02-24 17:00:00,2026-02-24 23:00:00,t1-direct-d7d0b047c9
2026-02-24 19:00:00,2026-02-25 01:00:00,2,0.01044919993278178,0.02206123630425215,-0.01161203637147037,1.46,-1.3,1.0,0.009977539768667621,0.04605841491856894,1,2026-02-24 17:00:00,2026-02-24 23:00:00,t1-direct-d7d0b047c9
2026-02-24 20:00:00,2026-02-25 02:00:00,3,0.010483232716249185,0.020769570873404343,-0.010286338157155158,1.33,-1.6,1.0,0.009975838129494251,0.06097209111078195,1,2026-02-24 17:00:00,2026-02-24 23:00:00,t1-direct-d7d0b047c9
2026-02-24 21:00:00,2026-02-25 03:00:00,4,0.01674360431523627,0.032927983805901465,-0.016184379490665195,2.15,-2.1,1.0,0.009662819549544897,0.12742327253854663,1,2026-02-24 17:00:00,2026-02-24 23:00:00,t1-direct-d7d0b047c9
2026-02-24 22:00:00,2026-02-25 04:00:00,5,0.01870042304184588,0.073224710592562,-0.054524287550716116,3.36,-1.9,1.0,0.009564978613214417,0.14950279447336579,1,2026-02-24 17:00:00,2026-02-24 23:00:00,t1-direct-d7d0b047c9
2026-02-24 23:00:00,2026-02-25 05:00:00,6,0.014964600891687609,0.07591187970110379,-0.06094727880941618,3.4,-2.5,1.0,0.00975176972072233,0.14431239341404664,1,2026-02-24 17:00:00,2026-02-24 23:00:00,t1-direct-d7d0b047c9
2026-02-25 00:00:00,2026-02-25 06:00:00,7,0.017090267681613303,0.09652618741808665,-0.07943591973647335,3.73,-1.6,1.0,0.009645486381226046,0.19213953958664276,1,2026-02-24 17:00:00,2026-02-24 23:00:00,t1-direct-d7d0b047c9
2026-02-25 01:00:00,2026-02-25 07:00:00,8,0.04796152946103627,0.08965975764238326,-0.041698228181347,3.62,-1.9,1.0,0.008372535697542802,0.26111488626532486,1,2026-02-24 17:00:00,2026-02-24 23:00:00,t1-direct-d7d0b047c9
2026-02-25 02:00:00,2026-02-25 08:00:00,9,0.06317440701986196,0.10206992977010768,-0.038895522750245715,3.9,-1.4,1.0,0.00756281867718446,0.38286517745857973,1,2026-02-24 17:00:00,2026-02-24 23:00:00,t1-direct-d7d0b047c9
2026-02-25 03:00:00,2026-02-25 09:00:00,10,0.07886749342592933,0.10032407819488227,-0.021456584768952944,3.84,-0.2,1.0,0.006784185950460611,0.48708079146851246,1,2026-02-24 17:00:00,2026-02-24 23:00:00,t1-direct-d7d0b047c9
2026-02-25 04:00:00,2026-02-25 10:00:00,11,0.07256403055336627,0.06682927759741199,0.005734752955954284,3.27,0.9,1.0,0.006753950431725289,0.42291075925869226,1,2026-02-24 17:00:00,2026-02-24 23:00:00,t1-direct-d7d0b047c9
2026-02-25 05:00:00,2026-02-25 11:00:00,12,0.16412647207887454,0.05714509698931502,0.10698137508955952,3.01,1.9,1.0,0.0027619406232322063,0.7100131028356564,1,2026-02-24 17:00:00,2026-02-24 23:00:00,t1-direct-d7d0b047c9
2026-02-25 06:00:00,2026-02-25 12:00:00,13,0.41048487950389073,0.433847209536282,-0.023362330032391243,6.81,3.5,2.0,0.01701449721079773,0.9449226474596764,1,2026-02-24 17:00:00,2026-02-24 23:00:00,t1-direct-d7d0b047c9
2026-02-25 07:00:00,2026-02-25 13:00:00,14,0.5974325091828456,0.45095548794749807,0.14647702123534756,6.9,4.6,2.0,0.05355114536305128,0.9572862207500823,1,2026-02-24 17:00:00,2026-02-24 23:00:00,t1-direct-d7d0b047c9
2026-02-25 08:00:00,2026-02-25 14:00:00,15,0.5332612387728664,0.3730573127933079,0.16020392597955846,6.44,5.1,2.0,0.03828470226945835,0.8988418267945606,1,2026-02-24 17:00:00,2026-02-24 23:00:00,t1-direct-d7d0b047c9
2026-02-25 09:00:00,2026-02-25 15:00:00,16,0.38511485231512654,0.2930241944979415,0.09209065781718506,5.93,5.6,2.0,0.009134528425048416,0.8218835028543224,1,2026-02-24 17:00:00,2026-02-24 23:00:00,t1-direct-d7d0b047c9
2026-02-25 10:00:00,2026-02-25 16:00:00,17,0.3315725321669585,0.2170127291403744,0.11455980302658408,5.32,4.8,2.0,0.0038685950692224913,0.7778842037123608,1,2026-02-24 17:00:00,2026-02-24 23:00:00,t1-direct-d7d0b047c9
2026-02-25 11:00:00,2026-02-25 17:00:00,18,0.23293798340704364,0.22966671741176806,0.0032712659952755796,5.42,3.8,2.0,0.0004366961875491293,0.6132204287813774,1,2026-02-24 17:00:00,2026-02-24 23:00:00,t1-direct-d7d0b047c9
2026-02-25 12:00:00,2026-02-25 18:00:00,19,0.174161328844837,0.054907438790357324,0.11925389005447969,2.95,2.3,2.0,0.0026129600824318366,0.5480914852044435,1,2026-02-24 17:00:00,2026-02-24 23:00:00,t1-direct-d7d0b047c9
2026-02-25 13:00:00,2026-02-25 19:00:00,20,0.176130776659309,0.07418136336844483,0.10194941329086418,3.39,1.7,2.0,0.0018768738381440553,0.5299561634139487,1,2026-02-24 17:00:00,2026-02-24 23:00:00,t1-direct-d7d0b047c9
2026-02-25 14:00:00,2026-02-25 20:00:00,21,0.22531852783647194,0.10280178042803173,0.12251674740844021,3.94,1.2,2.0,0.0007688771389578186,0.6286598721853185,1,2026-02-24 17:00:00,2026-02-24 23:00:00,t1-direct-d7d0b047c9
2026-02-25 15:00:00,2026-02-25 21:00:00,22,0.28460755519992564,0.1624720471920834,0.12213550800784223,4.74,1.4,2.0,0.001109004423448412,0.7535033952714472,1,2026-02-24 17:00:00,2026-02-24 23:00:00,t1-direct-d7d0b047c9
2026-02-25 16:00:00,2026-02-25 22:00:00,23,0.5063304151768109,0.21506902493211297,0.2912613902446979,5.28,1.1,2.0,0.029521282440771957,0.9448298340167477,1,2026-02-24 17:00:00,2026-02-24 23:00:00,t1-direct-d7d0b047c9
2026-02-25 17:00:00,2026-02-25 23:00:00,24,0.6220949953093751,0.3566924382284121,0.26540255708096294,6.3,0.3,2.0,0.13031148036422102,1.0,1,2026-02-24 17:00:00,2026-02-24 23:00:00,t1-direct-d7d0b047c9
2026-02-25 18:00:00,2026-02-26 00:00:00,25,0.6024583698410712,0.5286320271727875,0.0738263426682837,7.23,0.3,2.0,0.2234890669120269,0.9908982347342874,1,2026-02-24 17:00:00,2026-02-24 23:00:00,t1-direct-d7d0b047c9
2026-02-25 19:00:00,2026-02-26 01:00:00,26,0.6676627474937735,0.47057727275440053,0.197085474739373,6.96,0.7,2.0,0.24616513224836623,0.990752567632695,1,2026-02-24 17:00:00,2026-02-24 23:00:00,t1-direct-d7d0b047c9
2026-02-25 20:00:00,2026-02-26 02:00:00,27,0.6508983587928846,0.5130268112435117,0.13787154754937292,7.16,0.7,2.0,0.24874042752341546,0.9952441110143038,1,2026-02-24 17:00:00,2026-02-24 23:00:00,t1-direct-d7d0b047c9
2026-02-25 21:00:00,2026-02-26 03:00:00,28,0.7333124257767768,0.542504094685901,0.1908083310908758,7.31,1.1,2.0,0.26307592768260024,0.9936807624502475,1,2026-02-24 17:00:00,2026-02-24 23:00:00,t1-direct-d7d0b047c9
2026-02-25 22:00:00,2026-02-26 04:00:00,29,0.7305231433807718,0.5698883877960564,0.1606347555847154,7.52,0.9,2.0,0.2610659685690627,0.9912971295810178,1,2026-02-24 17:00:00,2026-02-24 23:00:00,t1-direct-d7d0b047c9
2026-02-25 23:00:00,2026-02-26 05:00:00,30,0.620978057291566,0.5230807919254875,0.09789726536607846,7.21,1.0,2.0,0.21801824034333156,0.9951783443919122,1,2026-02-24 17:00:00,2026-02-24 23:00:00,t1-direct-d7d0b047c9
2026-02-26 00:00:00,2026-02-26 06:00:00,31,0.656264960528816,0.28088531712926235,0.37537964339955365,5.82,1.1,2.0,0.2101112472782688,0.9953978696145747,1,2026-02-24 17:00:00,2026-02-24 23:00:00,t1-direct-d7d0b047c9
2026-02-26 01:00:00,2026-02-26 07:00:00,32,0.6573817143336954,0.48082762650307814,0.17655408783061727,7.01,0.9,2.0,0.23459431048113738,1.0,1,2026-02-24 17:00:00,2026-02-24 23:00:00,t1-direct-d7d0b047c9
2026-02-26 02:00:00,2026-02-26 08:00:00,33,0.6047080966075594,0.4937419097113148,0.1109661868962446,7.07,0.8,2.0,0.2247774144999497,1.0,1,2026-02-24 17:00:00,2026-02-24 23:00:00,t1-direct-d7d0b047c9
2026-02-26 03:00:00,2026-02-26 09:00:00,34,0.6226442517804028,0.41819563593073017,0.20444861584967267,6.7,2.0,2.0,0.12944911522560854,0.9855810451835383,1,2026-02-24 17:00:00,2026-02-24 23:00:00,t1-direct-d7d0b047c9
2026-02-26 04:00:00,2026-02-26 10:00:00,35,0.4362277993155929,0.04928616655541185,0.38694163276018106,2.8,3.6,2.0,0.0280086850540594,1.0,1,2026-02-24 17:00:00,2026-02-24 23:00:00,t1-direct-d7d0b047c9
2026-02-26 05:00:00,2026-02-26 11:00:00,36,0.2835525896350969,0.5884848713494906,-0.3049322817143937,7.7,4.8,2.0,0.0,0.7628294024950706,1,2026-02-24 17:00:00,2026-02-24 23:00:00,t1-direct-d7d0b047c9
2026-02-26 06:00:00,2026-02-26 12:00:00,37,0.21022094541653902,0.17805957147008195,0.03216137394645707,4.92,5.3,3.0,0.0,0.7281982952727154,1,2026-02-24 17:00:00,2026-02-24 23:00:00,t1-direct-d7d0b047c9
2026-02-26 07:00:00,2026-02-26 13:00:00,38,0.13369816055846587,0.6573184560727222,-0.5236202955142564,8.22,3.3,3.0,0.0038375335640737918,0.6211592126307942,1,2026-02-24 17:00:00,2026-02-24 23:00:00,t1-direct-d7d0b047c9
2026-02-26 08:00:00,2026-02-26 14:00:00,39,0.2281050780338945,0.1862754160234893,0.041829662010405194,4.98,1.0,3.0,0.0,0.7434207909898496,1,2026-02-24 17:00:00,2026-02-24 23:00:00,t1-direct-d7d0b047c9
2026-02-26 09:00:00,2026-02-26 15:00:00,40,0.3025031895220616,0.07071118112068651,0.2317920084013751,3.33,0.5,3.0,0.011102709940052524,0.9610626844118395,1,2026-02-24 17:00:00,2026-02-24 23:00:00,t1-direct-d7d0b047c9
2026-02-26 10:00:00,2026-02-26 16:00:00,41,0.553191058286882,0.04318457119813475,0.5100064870887472,2.57,0.7,3.0,0.030323850966049504,0.9659453241666103,1,2026-02-24 17:00:00,2026-02-24 23:00:00,t1-direct-d7d0b047c9
2026-02-26 11:00:00,2026-02-26 17:00:00,42,0.6611224996058976,0.21495929542564388,0.4461632041802538,5.27,-0.3,3.0,0.18874992490961529,1.0,1,2026-02-24 17:00:00,2026-02-24 23:00:00,t1-direct-d7d0b047c9
2026-02-26 12:00:00,2026-02-26 18:00:00,43,0.7422713612935119,0.8325833320975764,-0.0903119708040645,9.23,-1.8,3.0,0.21804000770660126,1.0,1,2026-02-24 17:00:00,2026-02-24 23:00:00,t1-direct-d7d0b047c9
2026-02-26 13:00:00,2026-02-26 19:00:00,44,0.8545402390545421,0.8520295928161286,0.002510646238413572,9.55,-2.6,3.0,0.366958809101428,0.9945579963011757,1,2026-02-24 17:00:00,2026-02-24 23:00:00,t1-direct-d7d0b047c9
2026-02-26 14:00:00,2026-02-26 20:00:00,45,0.8421547298164052,0.8902735463020901,-0.048118816485684945,10.15,-3.4,3.0,0.38063027980436603,0.9951702605821987,1,2026-02-24 17:00:00,2026-02-24 23:00:00,t1-direct-d7d0b047c9
2026-02-26 15:00:00,2026-02-26 21:00:00,46,0.8700650705570929,0.6405390474637097,0.2295260230933832,8.02,-3.8,3.0,0.38594064842020187,0.9947052769053346,1,2026-02-24 17:00:00,2026-02-24 23:00:00,t1-direct-d7d0b047c9
2026-02-26 16:00:00,2026-02-26 22:00:00,47,0.8533505414895879,0.6513348234316345,0.20201571805795338,8.1,-4.1,3.0,0.3710894687304949,0.9942297668383384,1,2026-02-24 17:00:00,2026-02-24 23:00:00,t1-direct-d7d0b047c9
2026-02-26 17:00:00,2026-02-26 23:00:00,48,0.7765429764705429,0.6062989300992366,0.1702440463713063,7.75,-4.5,3.0,0.2897929570595042,0.9893108326868734,1,2026-02-24 17:00:00,2026-02-24 23:00:00,t1-direct-d7d0b047c9
2026-02-25 18:00:00,2026-02-26 00:00:00,1,0.4909347437303335,0.4472343048952809,0.043700438835052646,6.84,-0.5,1.0,0.056856291553014415,0.9925705501520212,1,2026-02-25 17:00:00,2026-02-25 23:00:00,t1-direct-d7d0b047c9
2026-02-25 19:00:00,2026-02-26 01:00:00,2,0.640010947730038,0.5415276927466127,0.09848325498342525,7.29,-0.3,1.0,0.23448627278800482,0.9964560265368493,1,2026-02-25 17:00:00,2026-02-25 23:00:00,t1-direct-d7d0b047c9
2026-02-25 20:00:00,2026-02-26 02:00:00,3,0.6852873648247201,0.5862477872705762,0.09903957755414383,7.64,0.2,1.0,0.24190475216774732,0.9974279598565008,1,2026-02-25 17:00:00,2026-02-25 23:00:00,t1-direct-d7d0b047c9
2026-02-25 21:00:00,2026-02-26 03:00:00,4,0.6682832772403446,0.5923548337269652,0.07592844351337946,7.69,0.5,1.0,0.23758014634209207,0.9913191990995732,1,2026-02-25 17:00:00,2026-02-25 23:00:00,t1-direct-d7d0b047c9
2026-02-25 22:00:00,2026-02-26 04:00:00,5,0.6348706599742182,0.4182861301789088,0.2165845297953094,6.69,0.7,1.0,0.22509418596683756,0.9866819103631899,1,2026-02-25 17:00:00,2026-02-25 23:00:00,t1-direct-d7d0b047c9
2026-02-25 23:00:00,2026-02-26 05:00:00,6,0.6273193658694955,0.2739602880328589,0.35335907783663667,5.77,0.6,1.0,0.2274765994867175,0.9938217839018595,1,2026-02-25 17:00:00,2026-02-25 23:00:00,t1-direct-d7d0b047c9
2026-02-26 00:00:00,2026-02-26 06:00:00,7,0.6091154108402522,0.35865284915847717,0.25046256168177505,6.31,0.0,1.0,0.2186113726658972,0.9887317868205809,1,2026-02-25 17:00:00,2026-02-25 23:00:00,t1-direct-d7d0b047c9
2026-02-26 01:00:00,2026-02-26 07:00:00,8,0.5800047119173167,0.30751704367980637,0.27248766823751036,5.98,-0.4,1.0,0.21306829704615732,0.9809820386964612,1,2026-02-25 17:00:00,2026-02-25 23:00:00,t1-direct-d7d0b047c9
2026-02-26 02:00:00,2026-02-26 08:00:00,9,0.6102499286745874,0.24451109588271472,0.3657388327918727,5.52,0.1,1.0,0.13048939675388588,0.9459381535047509,1,2026-02-25 17:00:00,2026-02-25 23:00:00,t1-direct-d7d0b047c9
2026-02-26 03:00:00,2026-02-26 09:00:00,10,0.3023155177242947,0.19781217303610343,0.10450334468819128,5.1,1.0,1.0,0.0023199003217672653,0.8573026633889054,1,2026-02-25 17:00:00,2026-02-25 23:00:00,t1-direct-d7d0b047c9
2026-02-26 04:00:00,2026-02-26 10:00:00,11,0.14833737119676882,0.10235998390693019,0.045977387289838634,3.93,2.6,1.0,0.0030905772066140424,0.629494251900204,1,2026-02-25 17:00:00,2026-02-25 23:00:00,t1-direct-d7d0b047c9
2026-02-26 05:00:00,2026-02-26 11:00:00,12,0.28644812221554034,0.03359116335215803,0.25285695886338233,2.2,4.2,1.0,0.0,0.8691567497288211,1,2026-02-25 17:00:00,2026-02-25 23:00:00,t1-direct-d7d0b047c9
2026-02-26 06:00:00,2026-02-26 12:00:00,13,0.3800750393299821,0.4988772539472863,-0.11880221461730422,7.12,3.8,2.0,0.011589183127643454,0.8728072993444196,1,2026-02-25 17:00:00,2026-02-25 23:00:00,t1-direct-d7d0b047c9
2026-02-26 07:00:00,2026-02-26 13:00:00,14,0.33858149211003913,0.2551532904316683,0.08342820167837084,5.62,1.7,2.0,9.06326351616249e-05,0.9108003197306211,1,2026-02-25 17:00:00,2026-02-25 23:00:00,t1-direct-d7d0b047c9
2026-02-26 08:00:00,2026-02-26 14:00:00,15,0.2464449254975498,0.24762892646886667,-0.0011840009713168786,5.54,-0.8,2.0,0.0032188775861418106,0.8289499804308317,1,2026-02-25 17:00:00,2026-02-25 23:00:00,t1-direct-d7d0b047c9
2026-02-26 09:00:00,2026-02-26 15:00:00,16,0.27533647236061193,0.13168874930290198,0.14364772305770995,4.44,-2.0,2.0,0.0049039383485262045,0.8262489321756001,1,2026-02-25 17:00:00,2026-02-25 23:00:00,t1-direct-d7d0b047c9
2026-02-26 10:00:00,2026-02-26 16:00:00,17,0.302306436386562,0.13394501213585877,0.16836142425070325,4.46,-2.1,2.0,0.014792891899942928,0.8815214968921103,1,2026-02-25 17:00:00,2026-02-25 23:00:00,t1-direct-d7d0b047c9
2026-02-26 11:00:00,2026-02-26 17:00:00,18,0.4242948109027933,0.10319824892247631,0.321096561980317,3.94,-1.9,2.0,0.02332529364280017,0.9086778237764863,1,2026-02-25 17:00:00,2026-02-25 23:00:00,t1-direct-d7d0b047c9
2026-02-26 12:00:00,2026-02-26 18:00:00,19,0.4637545811381014,0.4688944806079747,-0.005139899469873255,6.93,-1.9,2.0,0.038462152195461285,0.9673046045322776,1,2026-02-25 17:00:00,2026-02-25 23:00:00,t1-direct-d7d0b047c9
2026-02-26 13:00:00,2026-02-26 19:00:00,20,0.595966477809594,0.6461407951097419,-0.050174317300147875,8.08,-2.1,2.0,0.04454474034484912,0.9804290026148463,1,2026-02-25 17:00:00,2026-02-25 23:00:00,t1-direct-d7d0b047c9
2026-02-26 14:00:00,2026-02-26 20:00:00,21,0.6363418745395324,0.6712004651877068,-0.034858590648174426,8.28,-2.2,2.0,0.18171118821901755,0.9953470606512397,1,2026-02-25 17:00:00,2026-02-25 23:00:00,t1-direct-d7d0b047c9
2026-02-26 15:00:00,2026-02-26 21:00:00,22,0.69943008563092,0.6373118477615983,0.06211823786932169,8.01,-2.3,2.0,0.23591610759764498,0.9985230725506554,1,2026-02-25 17:00:00,2026-02-25 23:00:00,t1-direct-d7d0b047c9
2026-02-26 16:00:00,2026-02-26 22:00:00,23,0.7283999079881435,0.4419268099037985,0.28647309808434496,6.8,-2.3,2.0,0.29220982973810306,0.9969423500657836,1,2026-02-25 17:00:00,2026-02-25 23:00:00,t1-direct-d7d0b047c9
2026-02-26 17:00:00,2026-02-26 23:00:00,24,0.7740567341451698,0.6765962989667692,0.09746043517840064,8.35,-2.9,2.0,0.24266008417593454,0.9941563184699278,1,2026-02-25 17:00:00,2026-02-25 23:00:00,t1-direct-d7d0b047c9
2026-02-26 18:00:00,2026-02-27 00:00:00,25,0.8009437333700871,0.7193159524109737,0.08162778095911338,8.81,-2.7,2.0,0.23907116327040068,0.99310169492833,1,2026-02-25 17:00:00,2026-02-25 23:00:00,t1-direct-d7d0b047c9
2026-02-26 19:00:00,2026-02-27 01:00:00,26,0.8286092175912574,0.8455055214480974,-0.016896303856840045,9.33,-2.8,2.0,0.28754584240842096,1.0,1,2026-02-25 17:00:00,2026-02-25 23:00:00,t1-direct-d7d0b047c9
2026-02-26 20:00:00,2026-02-27 02:00:00,27,0.7944933274823379,0.8464740102914223,-0.05198068280908441,9.36,-3.0,2.0,0.3434367746115099,0.9931373465108521,1,2026-02-25 17:00:00,2026-02-25 23:00:00,t1-direct-d7d0b047c9
2026-02-26 21:00:00,2026-02-27 03:00:00,28,0.7090976259433035,0.6061011040541925,0.10299652188911101,7.76,-3.3,2.0,0.28854839616403555,0.9949469498736981,1,2026-02-25 17:00:00,2026-02-25 23:00:00,t1-direct-d7d0b047c9
2026-02-26 22:00:00,2026-02-27 04:00:00,29,0.6943023260274771,0.5435965543594284,0.15070577166804866,7.28,-3.2,2.0,0.2493326912469913,0.9786249829214098,1,2026-02-25 17:00:00,2026-02-25 23:00:00,t1-direct-d7d0b047c9
2026-02-26 23:00:00,2026-02-27 05:00:00,30,0.6201954738984746,0.49722259479270525,0.12297287910576937,7.05,-3.4,2.0,0.26621130777146274,0.9866704166642372,1,2026-02-25 17:00:00,2026-02-25 23:00:00,t1-direct-d7d0b047c9
2026-02-27 00:00:00,2026-02-27 06:00:00,31,0.5109082796028896,0.5964551157552014,-0.08554683615231173,7.7,-1.8,2.0,0.13128230366698002,0.9728579424767614,1,2026-02-25 17:00:00,2026-02-25 23:00:00,t1-direct-d7d0b047c9
2026-02-27 01:00:00,2026-02-27 07:00:00,32,0.43871979303904285,0.46250677001371215,-0.023786976974669305,6.9,-1.9,2.0,0.06910230770690029,0.9508599473722065,1,2026-02-25 17:00:00,2026-02-25 23:00:00,t1-direct-d7d0b047c9
2026-02-27 02:00:00,2026-02-27 08:00:00,33,0.3803778670913507,0.4777763578400408,-0.09739849074869011,6.97,-2.1,2.0,0.05042901134517036,0.9239739554826468,1,2026-02-25 17:00:00,2026-02-25 23:00:00,t1-direct-d7d0b047c9
2026-02-27 03:00:00,2026-02-27 09:00:00,34,0.28217589976473106,0.41822241533453014,-0.13604651556979908,6.67,-1.7,2.0,0.013231247812665714,0.8524660987226516,1,2026-02-25 17:00:00,2026-02-25 23:00:00,t1-direct-d7d0b047c9
2026-02-27 04:00:00,2026-02-27 10:00:00,35,0.19951838756072116,0.2596723217024434,-0.060153934141722265,5.64,-0.9,2.0,0.002916031911835232,0.7528573113349307,1,2026-02-25 17:00:00,2026-02-25 23:00:00,t1-direct-d7d0b047c9
2026-02-27 05:00:00,2026-02-27 11:00:00,36,0.2172143449406123,0.1899823036940121,0.027232041246600197,5.01,-0.4,2.0,0.0026985703205353873,0.8220890255882438,1,2026-02-25 17:00:00,2026-02-25 23:00:00,t1-direct-d7d0b047c9
2026-02-27 06:00:00,2026-02-27 12:00:00,37,0.3348254045029752,0.3894824320661488,-0.05465702756317359,6.47,-4.2,3.0,0.0567578783944831,0.9723860544212737,1,2026-02-25 17:00:00,2026-02-25 23:00:00,t1-direct-d7d0b047c9
2026-02-27 07:00:00,2026-02-27 13:00:00,38,0.41550898199042124,0.4020342824332622,0.01347469955715902,6.55,-4.0,3.0,0.12484536094763743,0.9916753418351476,1,2026-02-25 17:00:00,2026-02-25 23:00:00,t1-direct-d7d0b047c9
2026-02-27 08:00:00,2026-02-27 14:00:00,39,0.49192708976895216,0.46436531731691544,0.027561772452036726,6.89,-4.1,3.0,0.21766494442028989,0.99948482609412,1,2026-02-25 17:00:00,2026-02-25 23:00:00,t1-direct-d7d0b047c9
2026-02-27 09:00:00,2026-02-27 15:00:00,40,0.5947102422603583,0.409908796031246,0.18480144622911227,6.6,-3.9,3.0,0.2181691498394639,0.9919261325735695,1,2026-02-25 17:00:00,2026-02-25 23:00:00,t1-direct-d7d0b047c9
2026-02-27 10:00:00,2026-02-27 16:00:00,41,0.6582140735602092,0.41697108704464914,0.2412429865155601,6.64,-4.4,3.0,0.22682870481846928,0.9923852312836445,1,2026-02-25 17:00:00,2026-02-25 23:00:00,t1-direct-d7d0b047c9
2026-02-27 11:00:00,2026-02-27 17:00:00,42,0.8280913952556792,0.519634256762403,0.30845713849327616,7.14,-5.1,3.0,0.3281287450120992,0.9969608433603443,1,2026-02-25 17:00:00,2026-02-25 23:00:00,t1-direct-d7d0b047c9
2026-02-27 12:00:00,2026-02-27 18:00:00,43,0.8459678002147138,0.6109181625045839,0.23504963771013,7.77,-6.1,3.0,0.3735428457954962,0.9947044954355126,1,2026-02-25 17:00:00,2026-02-25 23:00:00,t1-direct-d7d0b047c9
2026-02-27 13:00:00,2026-02-27 19:00:00,44,0.8450201616767943,0.6298226272253128,0.2151975344514815,7.91,-6.6,3.0,0.3819276978894753,0.9946848052282149,1,2026-02-25 17:00:00,2026-02-25 23:00:00,t1-direct-d7d0b047c9
2026-02-27 14:00:00,2026-02-27 20:00:00,45,0.8606666835368112,0.6029190131352724,0.2577476704015388,7.7,-7.0,3.0,0.38230525731919524,0.994566145923123,1,2026-02-25 17:00:00,2026-02-25 23:00:00,t1-direct-d7d0b047c9
2026-02-27 15:00:00,2026-02-27 21:00:00,46,0.8258753321953868,0.6046032912549326,0.22127204094045416,7.71,-7.3,3.0,0.3144451420716903,0.9951043650093025,1,2026-02-25 17:00:00,2026-02-25 23:00:00,t1-direct-d7d0b047c9
2026-02-27 16:00:00,2026-02-27 22:00:00,47,0.7779922149801728,0.5131151333261439,0.2648770816540289,7.09,-7.3,3.0,0.2775502264394394,0.9969374397056711,1,2026-02-25 17:00:00,2026-02-25 23:00:00,t1-direct-d7d0b047c9
2026-02-27 17:00:00,2026-02-27 23:00:00,48,0.5955596102894675,0.3673903120160216,0.22816929827344584,6.31,-7.0,3.0,0.19722900903222912,0.9801867667741571,1,2026-02-25 17:00:00,2026-02-25 23:00:00,t1-direct-d7d0b047c9
2026-02-26 18:00:00,2026-02-27 00:00:00,1,0.8129514422811501,0.686081788742534,0.12686965353861612,8.52,0.4,1.0,0.31496808569755513,0.994512871223146,1,2026-02-26 17:00:00,2026-02-26 23:00:00,t1-direct-d7d0b047c9
2026-02-26 19:00:00,2026-02-27 01:00:00,2,0.7348869594458255,0.8275940667638031,-0.0927071073179776,9.23,-0.2,1.0,0.2798609397273093,1.0,1,2026-02-26 17:00:00,2026-02-26 23:00:00,t1-direct-d7d0b047c9
2026-02-26 20:00:00,2026-02-27 02:00:00,3,0.6347332294067518,0.6315121063760564,0.0032211230306954386,7.98,-0.8,1.0,0.2215378539676769,0.9893173842193064,1,2026-02-26 17:00:00,2026-02-26 23:00:00,t1-direct-d7d0b047c9
2026-02-26 21:00:00,2026-02-27 03:00:00,4,0.514727666025257,0.6562610414896056,-0.14153337546434863,8.17,-0.9,1.0,0.15217373379863186,0.9686860808619072,1,2026-02-26 17:00:00,2026-02-26 23:00:00,t1-direct-d7d0b047c9
2026-02-26 22:00:00,2026-02-27 04:00:00,5,0.49986249286936846,0.6201006923282654,-0.12023819945889691,7.89,-1.0,1.0,0.089094503607837,0.977724171410606,1,2026-02-26 17:00:00,2026-02-26 23:00:00,t1-direct-d7d0b047c9
2026-02-26 23:00:00,2026-02-27 05:00:00,6,0.3828535642386561,0.4995384861841113,-0.11668492194545521,7.08,-1.2,1.0,0.050025666793376444,0.8292669784784679,1,2026-02-26 17:00:00,2026-02-26 23:00:00,t1-direct-d7d0b047c9
2026-02-27 00:00:00,2026-02-27 06:00:00,7,0.34623249396390154,0.244913850850534,0.10131864311336755,5.52,-0.4,1.0,0.00905777372550115,0.780114844734318,1,2026-02-26 17:00:00,2026-02-26 23:00:00,t1-direct-d7d0b047c9
2026-02-27 01:00:00,2026-02-27 07:00:00,8,0.27853957280798447,0.23766112091123837,0.040878451896746104,5.46,-0.3,1.0,0.002730088452285895,0.7472671790763039,1,2026-02-26 17:00:00,2026-02-26 23:00:00,t1-direct-d7d0b047c9
2026-02-27 02:00:00,2026-02-27 08:00:00,9,0.2640995373722251,0.23885647094953733,0.025243066422687754,5.47,-0.3,1.0,0.0,0.7022371522910691,1,2026-02-26 17:00:00,2026-02-26 23:00:00,t1-direct-d7d0b047c9
2026-02-27 03:00:00,2026-02-27 09:00:00,10,0.2645743707428076,0.2077913801831776,0.05678299055962999,5.2,0.4,1.0,0.0,0.7267114015671052,1,2026-02-26 17:00:00,2026-02-26 23:00:00,t1-direct-d7d0b047c9
2026-02-27 04:00:00,2026-02-27 10:00:00,11,0.2404181303339249,0.1428501172930979,0.09756801304082699,4.56,1.3,1.0,0.0,0.6790085821317161,1,2026-02-26 17:00:00,2026-02-26 23:00:00,t1-direct-d7d0b047c9
2026-02-27 05:00:00,2026-02-27 11:00:00,12,0.22020930437655892,0.1481957335812345,0.07201357079532442,4.61,1.5,1.0,0.0,0.6026565258298994,1,2026-02-26 17:00:00,2026-02-26 23:00:00,t1-direct-d7d0b047c9
2026-02-27 06:00:00,2026-02-27 12:00:00,13,0.2106454636922957,0.11057296431268994,0.10007249937960576,4.23,0.6,2.0,0.0025758559886876475,0.6912982793101984,1,2026-02-26 17:00:00,2026-02-26 23:00:00,t1-direct-d7d0b047c9
2026-02-27 07:00:00,2026-02-27 13:00:00,14,0.291153549771647,0.21223311930187122,0.07892043046977576,5.25,1.0,2.0,0.005120105862167601,0.802320322261893,1,2026-02-26 17:00:00,2026-02-26 23:00:00,t1-direct-d7d0b047c9
2026-02-27 08:00:00,2026-02-27 14:00:00,15,0.4254865112831818,0.27665048768555817,0.14883602359762366,5.79,0.7,2.0,0.0241362647873673,0.9463476905376369,1,2026-02-26 17:00:00,2026-02-26 23:00:00,t1-direct-d7d0b047c9
2026-02-27 09:00:00,2026-02-27 15:00:00,16,0.4715729118946078,0.3284359809630141,0.14313693093159374,6.12,0.4,2.0,0.11420818438332658,0.9994117836607618,1,2026-02-26 17:00:00,2026-02-26 23:00:00,t1-direct-d7d0b047c9
2026-02-27 10:00:00,2026-02-27 16:00:00,17,0.6059775471925302,0.49982162722579593,0.10615591996673424,7.09,-0.2,2.0,0.2256804814420455,1.0,1,2026-02-26 17:00:00,2026-02-26 23:00:00,t1-direct-d7d0b047c9
2026-02-27 11:00:00,2026-02-27 17:00:00,18,0.7747433723647679,0.6373318473159788,0.13741152504878906,8.02,-1.3,2.0,0.294682278530933,0.993958851433893,1,2026-02-26 17:00:00,2026-02-26 23:00:00,t1-direct-d7d0b047c9
2026-02-27 12:00:00,2026-02-27 18:00:00,19,0.7927950242991451,0.6345673768939888,0.15822764740515627,7.98,-3.2,2.0,0.31243111420672665,0.9921762677406969,1,2026-02-26 17:00:00,2026-02-26 23:00:00,t1-direct-d7d0b047c9
2026-02-27 13:00:00,2026-02-27 19:00:00,20,0.7823511995675991,0.6613478065153549,0.12100339305224428,8.18,-3.8,2.0,0.2931420016480706,0.9944397096097759,1,2026-02-26 17:00:00,2026-02-26 23:00:00,t1-direct-d7d0b047c9
2026-02-27 14:00:00,2026-02-27 20:00:00,21,0.7199785236324655,0.6235049734881973,0.09647355014426817,7.89,-3.7,2.0,0.23523244287666528,0.992680802174743,1,2026-02-26 17:00:00,2026-02-26 23:00:00,t1-direct-d7d0b047c9
2026-02-27 15:00:00,2026-02-27 21:00:00,22,0.630991957150315,0.5367649591842211,0.0942269979660939,7.23,-4.0,2.0,0.22361625324200873,0.9975005345313372,1,2026-02-26 17:00:00,2026-02-26 23:00:00,t1-direct-d7d0b047c9
2026-02-27 16:00:00,2026-02-27 22:00:00,23,0.5811216053726874,0.5336408621656971,0.04748074320699036,7.21,-4.6,2.0,0.22610977083089012,0.9919280580922063,1,2026-02-26 17:00:00,2026-02-26 23:00:00,t1-direct-d7d0b047c9
2026-02-27 17:00:00,2026-02-27 23:00:00,24,0.4541900270506373,0.5081927286428318,-0.0540027015921945,7.09,-4.7,2.0,0.15209204667897946,0.995085319600711,1,2026-02-26 17:00:00,2026-02-26 23:00:00,t1-direct-d7d0b047c9
2026-02-27 18:00:00,2026-02-28 00:00:00,25,0.4332220047759484,0.3381917218839384,0.09503028289200999,6.15,-3.9,2.0,0.09914828738413506,0.9910170880680195,1,2026-02-26 17:00:00,2026-02-26 23:00:00,t1-direct-d7d0b047c9
2026-02-27 19:00:00,2026-02-28 01:00:00,26,0.3749445799260074,0.35109485316832734,0.023849726757680045,6.23,-4.2,2.0,0.08850962188022227,0.9434733378773997,1,2026-02-26 17:00:00,2026-02-26 23:00:00,t1-direct-d7d0b047c9
2026-02-27 20:00:00,2026-02-28 02:00:00,27,0.4330114334493494,0.22534516874412427,0.20766626470522512,5.33,-4.4,2.0,0.09272005624863461,0.9852276838168308,1,2026-02-26 17:00:00,2026-02-26 23:00:00,t1-direct-d7d0b047c9
2026-02-27 21:00:00,2026-02-28 03:00:00,28,0.3934984550872679,0.27986101090657894,0.11363744418068894,5.77,-5.0,2.0,0.11987442826744032,1.0,1,2026-02-26 17:00:00,2026-02-26 23:00:00,t1-direct-d7d0b047c9
2026-02-27 22:00:00,2026-02-28 04:00:00,29,0.4731244818220087,0.3428883478946466,0.1302361339273621,6.17,-5.2,2.0,0.21133387500288392,1.0,1,2026-02-26 17:00:00,2026-02-26 23:00:00,t1-direct-d7d0b047c9
2026-02-27 23:00:00,2026-02-28 05:00:00,30,0.5016535038197936,0.4701688300235102,0.03148467379628339,6.9,-6.1,2.0,0.22755806514413257,1.0,1,2026-02-26 17:00:00,2026-02-26 23:00:00,t1-direct-d7d0b047c9
2026-02-28 00:00:00,2026-02-28 06:00:00,31,0.5870978297586669,0.5410768135068282,0.04602101625183863,7.23,-6.6,2.0,0.22247234114504133,0.9916310671429892,1,2026-02-26 17:00:00,2026-02-26 23:00:00,t1-direct-d7d0b047c9
2026-02-28 01:00:00,2026-02-28 07:00:00,32,0.6171644485882541,0.5203502909509374,0.09681415763731671,7.13,-6.6,2.0,0.23816152815752184,0.991848580669265,1,2026-02-26 17:00:00,2026-02-26 23:00:00,t1-direct-d7d0b047c9
2026-02-28 02:00:00,2026-02-28 08:00:00,33,0.5956765656819208,0.5637468437923397,0.0319297218895811,7.4,-7.0,2.0,0.22235966151800762,0.9861970216338444,1,2026-02-26 17:00:00,2026-02-26 23:00:00,t1-direct-d7d0b047c9
2026-02-28 03:00:00,2026-02-28 09:00:00,34,0.568095427615654,0.5320213879203933,0.036074039695260685,7.18,-7.1,2.0,0.22373871842132098,0.990732816948476,1,2026-02-26 17:00:00,2026-02-26 23:00:00,t1-direct-d7d0b047c9
2026-02-28 04:00:00,2026-02-28 10:00:00,35,0.5316377783396099,0.5330078440473777,-0.0013700657077677647,7.19,-6.5,2.0,0.226692626521034,0.9784550671405854,1,2026-02-26 17:00:00,2026-02-26 23:00:00,t1-direct-d7d0b047c9
2026-02-28 05:00:00,2026-02-28 11:00:00,36,0.545662140865592,0.5213463175621752,0.02431582330341675,7.14,-6.0,2.0,0.218375693657681,0.962013879223249,1,2026-02-26 17:00:00,2026-02-26 23:00:00,t1-direct-d7d0b047c9
2026-02-28 06:00:00,2026-02-28 12:00:00,37,0.4884420305294169,0.4769603207550737,0.011481709774343207,6.93,-6.3,3.0,0.22290717346016498,0.98703559673805,1,2026-02-26 17:00:00,2026-02-26 23:00:00,t1-direct-d7d0b047c9
2026-02-28 07:00:00,2026-02-28 13:00:00,38,0.4803072844744848,0.47407994959079286,0.006227334883691926,6.92,-5.9,3.0,0.21830029718134453,0.9947825812831655,1,2026-02-26 17:00:00,2026-02-26 23:00:00,t1-direct-d7d0b047c9
2026-02-28 08:00:00,2026-02-28 14:00:00,39,0.4976124633411006,0.41253792155218083,0.08507454178891977,6.6,-5.9,3.0,0.19508315898428524,0.9942365040816585,1,2026-02-26 17:00:00,2026-02-26 23:00:00,t1-direct-d7d0b047c9
2026-02-28 09:00:00,2026-02-28 15:00:00,40,0.5075744424579749,0.3314008700580372,0.1761735723999377,6.09,-6.1,3.0,0.19458506002844161,0.9976849405650605,1,2026-02-26 17:00:00,2026-02-26 23:00:00,t1-direct-d7d0b047c9
2026-02-28 10:00:00,2026-02-28 16:00:00,41,0.4972251904607974,0.3202800983843411,0.17694509207645626,6.02,-6.0,3.0,0.17012181395248016,0.9972544880972177,1,2026-02-26 17:00:00,2026-02-26 23:00:00,t1-direct-d7d0b047c9
2026-02-28 11:00:00,2026-02-28 17:00:00,42,0.404130341235211,0.3438543533274726,0.060275987907738415,6.17,-6.0,3.0,0.10585993893263862,0.9865196728572445,1,2026-02-26 17:00:00,2026-02-26 23:00:00,t1-direct-d7d0b047c9
2026-02-28 12:00:00,2026-02-28 18:00:00,43,0.37366703848679717,0.2327207857766155,0.14094625271018166,5.38,-6.1,3.0,0.037926796713476596,0.8381047382725807,1,2026-02-26 17:00:00,2026-02-26 23:00:00,t1-direct-d7d0b047c9
2026-02-28 13:00:00,2026-02-28 19:00:00,44,0.29587030085476823,0.20133464649809246,0.09453565435667577,5.09,-6.4,3.0,0.02914262570475723,0.7741071741874544,1,2026-02-26 17:00:00,2026-02-26 23:00:00,t1-direct-d7d0b047c9
2026-02-28 14:00:00,2026-02-28 20:00:00,45,0.21596968717868054,0.13435467835219278,0.08161500882648776,4.44,-6.4,3.0,0.006535560870826462,0.7935052606299111,1,2026-02-26 17:00:00,2026-02-26 23:00:00,t1-direct-d7d0b047c9
2026-02-28 15:00:00,2026-02-28 21:00:00,46,0.15848138543661663,0.08836829835052938,0.07011308708608725,3.58,-6.3,3.0,0.006731888538076963,0.7625099693410193,1,2026-02-26 17:00:00,2026-02-26 23:00:00,t1-direct-d7d0b047c9
2026-02-28 16:00:00,2026-02-28 22:00:00,47,0.1096885726919689,0.049819294457657065,0.05986927823431183,2.78,-6.5,3.0,0.008632707399600398,0.741782876509657,1,2026-02-26 17:00:00,2026-02-26 23:00:00,t1-direct-d7d0b047c9
2026-02-28 17:00:00,2026-02-28 23:00:00,48,0.1534146029494988,0.044095071812483164,0.10931953113701563,2.58,-6.9,3.0,0.0036316998236159137,0.6903224794748704,1,2026-02-26 17:00:00,2026-02-26 23:00:00,t1-direct-d7d0b047c9
2026-02-27 18:00:00,2026-02-28 00:00:00,1,0.4235620447473499,0.38679209487654553,0.03676994987080434,6.45,-4.6,1.0,0.10366234259217277,0.9844043942334162,1,2026-02-27 17:00:00,2026-02-27 23:00:00,t1-direct-d7d0b047c9
2026-02-27 19:00:00,2026-02-28 01:00:00,2,0.39930252294163876,0.34735642997471816,0.0519460929669206,6.2,-5.0,1.0,0.07206684394488055,0.9876055890680178,1,2026-02-27 17:00:00,2026-02-27 23:00:00,t1-direct-d7d0b047c9
2026-02-27 20:00:00,2026-02-28 02:00:00,3,0.4014910131348787,0.4194994195521689,-0.01800840641729018,6.65,-5.1,1.0,0.1185944606862695,1.0,1,2026-02-27 17:00:00,2026-02-27 23:00:00,t1-direct-d7d0b047c9
2026-02-27 21:00:00,2026-02-28 03:00:00,4,0.4403946408033367,0.3474774358526588,0.0929172049506779,6.2,-5.1,1.0,0.20994469060611834,0.991599239919858,1,2026-02-27 17:00:00,2026-02-27 23:00:00,t1-direct-d7d0b047c9
2026-02-27 22:00:00,2026-02-28 04:00:00,5,0.5679143444625003,0.4824534680234119,0.08546087643908845,6.96,-5.8,1.0,0.22424502311199723,0.9942420109037458,1,2026-02-27 17:00:00,2026-02-27 23:00:00,t1-direct-d7d0b047c9
2026-02-27 23:00:00,2026-02-28 05:00:00,6,0.5653765340124498,0.5046029519029332,0.060773582109516555,7.06,-6.2,1.0,0.22437191363449976,0.9953324430647392,1,2026-02-27 17:00:00,2026-02-27 23:00:00,t1-direct-d7d0b047c9
2026-02-28 00:00:00,2026-02-28 06:00:00,7,0.5897789910651481,0.5713040875461936,0.018474903518954533,7.47,-5.7,1.0,0.22291719895987028,0.9925502106554578,1,2026-02-27 17:00:00,2026-02-27 23:00:00,t1-direct-d7d0b047c9
2026-02-28 01:00:00,2026-02-28 07:00:00,8,0.5796726960392037,0.5629012188174475,0.016771477221756204,7.4,-6.3,1.0,0.2239979596548951,0.987611091145538,1,2026-02-27 17:00:00,2026-02-27 23:00:00,t1-direct-d7d0b047c9
2026-02-28 02:00:00,2026-02-28 08:00:00,9,0.6285668812051413,0.5491454015188841,0.07942147968625712,7.29,-6.8,1.0,0.23677789882453,0.9916428620969435,1,2026-02-27 17:00:00,2026-02-27 23:00:00,t1-direct-d7d0b047c9
2026-02-28 03:00:00,2026-02-28 09:00:00,10,0.7685261960979443,0.5492645284402659,0.2192616676576784,7.29,-6.9,1.0,0.279957076114104,0.9948242214583412,1,2026-02-27 17:00:00,2026-02-27 23:00:00,t1-direct-d7d0b047c9
2026-02-28 04:00:00,2026-02-28 10:00:00,11,0.7926093317201093,0.6146706639381522,0.1779386677819571,7.79,-7.0,1.0,0.31366223180210573,0.9940658911823083,1,2026-02-27 17:00:00,2026-02-27 23:00:00,t1-direct-d7d0b047c9
2026-02-28 05:00:00,2026-02-28 11:00:00,12,0.6970998657941319,0.5947100402492163,0.1023898255449156,7.64,-6.7,1.0,0.25193809730627,0.9863988514239271,1,2026-02-27 17:00:00,2026-02-27 23:00:00,t1-direct-d7d0b047c9
2026-02-28 06:00:00,2026-02-28 12:00:00,13,0.6341055129379446,0.6371287035459731,-0.00302319060802847,7.96,-7.2,2.0,0.22401545008446577,0.9898169365404608,1,2026-02-27 17:00:00,2026-02-27 23:00:00,t1-direct-d7d0b047c9
2026-02-28 07:00:00,2026-02-28 13:00:00,14,0.62405915496757,0.612186283908245,0.011872871059324996,7.77,-7.1,2.0,0.22514751744516165,0.9818786532693098,1,2026-02-27 17:00:00,2026-02-27 23:00:00,t1-direct-d7d0b047c9
2026-02-28 08:00:00,2026-02-28 14:00:00,15,0.6494099605516219,0.601864915862881,0.04754504468874088,7.69,-7.2,2.0,0.22387997716595903,0.9826161520342215,1,2026-02-27 17:00:00,2026-02-27 23:00:00,t1-direct-d7d0b047c9
2026-02-28 09:00:00,2026-02-28 15:00:00,16,0.6346184045567498,0.5997555137356678,0.03486289082108196,7.67,-7.6,2.0,0.22461955496570263,0.9861091370023235,1,2026-02-27 17:00:00,2026-02-27 23:00:00,t1-direct-d7d0b047c9
2026-02-28 10:00:00,2026-02-28 16:00:00,17,0.6072037582050367,0.547367429556716,0.05983632864832067,7.27,-7.5,2.0,0.2259902872832883,0.9884550024185004,1,2026-02-27 17:00:00,2026-02-27 23:00:00,t1-direct-d7d0b047c9
2026-02-28 11:00:00,2026-02-28 17:00:00,18,0.4922065629606078,0.5111619117534919,-0.01895534879288413,7.08,-7.4,2.0,0.21808584824014665,0.9996158928977712,1,2026-02-27 17:00:00,2026-02-27 23:00:00,t1-direct-d7d0b047c9
2026-02-28 12:00:00,2026-02-28 18:00:00,19,0.40346095672610804,0.3508725735299427,0.05258838319616532,6.21,-6.6,2.0,0.09383066306863008,0.9744158883591528,1,2026-02-27 17:00:00,2026-02-27 23:00:00,t1-direct-d7d0b047c9
2026-02-28 13:00:00,2026-02-28 19:00:00,20,0.41182347635117744,0.30899198673894956,0.10283148961222788,5.94,-7.1,2.0,0.04128382799200275,0.8941439994952409,1,2026-02-27 17:00:00,2026-02-27 23:00:00,t1-direct-d7d0b047c9
2026-02-28 14:00:00,2026-02-28 20:00:00,21,0.36104272886775957,0.26383765696082256,0.097205071906937,5.63,-7.3,2.0,0.027143003346615013,0.7892187936923547,1,2026-02-27 17:00:00,2026-02-27 23:00:00,t1-direct-d7d0b047c9
2026-02-28 15:00:00,2026-02-28 21:00:00,22,0.22238971825519968,0.15344153463338484,0.06894818362181485,4.61,-6.9,2.0,0.00962004123870866,0.6972175301551089,1,2026-02-27 17:00:00,2026-02-27 23:00:00,t1-direct-d7d0b047c9
2026-02-28 16:00:00,2026-02-28 22:00:00,23,0.14310527309259521,0.12158409991468222,0.021521173177912994,4.32,-7.2,2.0,0.008125740344103377,0.5973212694470219,1,2026-02-27 17:00:00,2026-02-27 23:00:00,t1-direct-d7d0b047c9
2026-02-28 17:00:00,2026-02-28 23:00:00,24,0.14720005094887706,0.10360916993721818,0.04359088101165888,3.93,-7.1,2.0,0.004077331766901754,0.5045464857718772,1,2026-02-27 17:00:00,2026-02-27 23:00:00,t1-direct-d7d0b047c9
2026-02-28 18:00:00,2026-03-01 00:00:00,25,0.08256809469614888,0.10149200628771135,-0.018923911591562467,3.85,-7.3,2.0,0.006404893528505845,0.4867408884938688,1,2026-02-27 17:00:00,2026-02-27 23:00:00,t1-direct-d7d0b047c9
2026-02-28 19:00:00,2026-03-01 01:00:00,26,0.06831548037564641,0.09198007743054869,-0.023664597054902273,3.63,-7.8,2.0,0.007024776570296425,0.4208038853295971,1,2026-02-27 17:00:00,2026-02-27 23:00:00,t1-direct-d7d0b047c9
2026-02-28 20:00:00,2026-03-01 02:00:00,27,0.057642190868355335,0.07165648557543347,-0.014014294707078136,3.31,-8.0,2.0,0.007501598957786931,0.40537300011433625,1,2026-02-27 17:00:00,2026-02-27 23:00:00,t1-direct-d7d0b047c9
2026-02-28 21:00:00,2026-03-01 03:00:00,28,0.036231426936326326,0.039663959190741796,-0.00343253225441547,2.41,-8.4,2.0,0.008520859991379786,0.38454389270823586,1,2026-02-27 17:00:00,2026-02-27 23:00:00,t1-direct-d7d0b047c9
2026-02-28 22:00:00,2026-03-01 04:00:00,29,0.034825110034694615,0.04134073872367617,-0.006515628688981555,2.47,-9.2,2.0,0.008705497109054154,0.2854314164144558,1,2026-02-27 17:00:00,2026-02-27 23:00:00,t1-direct-d7d0b047c9
2026-02-28 23:00:00,2026-03-01 05:00:00,30,0.04542366628952098,0.03570810058685047,0.009715565702670508,2.26,-9.3,2.0,0.008221877393378395,0.2985471624073061,1,2026-02-27 17:00:00,2026-02-27 23:00:00,t1-direct-d7d0b047c9
2026-03-01 00:00:00,2026-03-01 06:00:00,31,0.03733580079989248,0.03829052495358325,-0.0009547241536907725,2.36,-8.0,2.0,0.008579206515797438,0.29815054190829815,1,2026-02-27 17:00:00,2026-02-27 23:00:00,t1-direct-d7d0b047c9
2026-03-01 01:00:00,2026-03-01 07:00:00,32,0.03613135117919521,0.043143478053825964,-0.00701212687463075,2.54,-8.3,2.0,0.008666788069272312,0.3001936740246469,1,2026-02-27 17:00:00,2026-02-27 23:00:00,t1-direct-d7d0b047c9
2026-03-01 02:00:00,2026-03-01 08:00:00,33,0.02972410450642404,0.04475316651179036,-0.015029062005366318,2.6,-8.3,2.0,0.009013651139844547,0.26480387582189335,1,2026-02-27 17:00:00,2026-02-27 23:00:00,t1-direct-d7d0b047c9
2026-03-01 03:00:00,2026-03-01 09:00:00,34,0.018842168163487688,0.03958274848150747,-0.02074058031801978,2.41,-7.4,2.0,0.009557891357132326,0.2534713172305175,1,2026-02-27 17:00:00,2026-02-27 23:00:00,t1-direct-d7d0b047c9
2026-03-01 04:00:00,2026-03-01 10:00:00,35,0.02211749272355787,0.03869901544152619,-0.016581522717968318,2.38,-6.4,2.0,0.009394125129128817,0.2280763879343437,1,2026-02-27 17:00:00,2026-02-27 23:00:00,t1-direct-d7d0b047c9
2026-03-01 05:00:00,2026-03-01 11:00:00,36,0.018374859583903367,0.046371584786933435,-0.02799672520303007,2.67,-5.4,2.0,0.009581877424196916,0.2656873678936832,1,2026-02-27 17:00:00,2026-02-27 23:00:00,t1-direct-d7d0b047c9
2026-03-01 06:00:00,2026-03-01 12:00:00,37,0.03523649230643665,0.024146223718738348,0.0110902685876983,1.66,-5.7,3.0,0.008818761837448865,0.3972193048489785,1,2026-02-27 17:00:00,2026-02-27 23:00:00,t1-direct-d7d0b047c9
2026-03-01 07:00:00,2026-03-01 13:00:00,38,0.07098120861450005,0.024626297377331026,0.046354911237169026,1.71,-4.7,3.0,0.007011208228637114,0.4145593122600174,1,2026-02-27 17:00:00,2026-02-27 23:00:00,t1-direct-d7d0b047c9
2026-03-01 08:00:00,2026-03-01 14:00:00,39,0.04143389541554065,0.031037589884124257,0.010396305531416392,2.05,-4.2,3.0,0.008488573888585087,0.428173504460155,1,2026-02-27 17:00:00,2026-02-27 23:00:00,t1-direct-d7d0b047c9
2026-03-01 09:00:00,2026-03-01 15:00:00,40,0.05093301597715814,0.04090256042585466,0.010030455551303476,2.47,-3.9,3.0,0.008080393830277456,0.3883209981104589,1,2026-02-27 17:00:00,2026-02-27 23:00:00,t1-direct-d7d0b047c9
2026-03-01 10:00:00,2026-03-01 16:00:00,41,0.03262906645785284,0.04012632150716306,-0.007497255049310224,2.44,-4.2,3.0,0.008862269480685001,0.3244591264725545,1,2026-02-27 17:00:00,2026-02-27 23:00:00,t1-direct-d7d0b047c9
2026-03-01 11:00:00,2026-03-01 17:00:00,42,0.037836172246261034,0.03968080074397906,-0.0018446284977180274,2.42,-5.3,3.0,0.008608811791079033,0.3355128739606075,1,2026-02-27 17:00:00,2026-02-27 23:00:00,t1-direct-d7d0b047c9
2026-03-01 12:00:00,2026-03-01 18:00:00,43,0.04385380501960272,0.03932283937321958,0.004530965646383139,2.4,-7.5,3.0,0.008302439173762471,0.3267008802377238,1,2026-02-27 17:00:00,2026-02-27 23:00:00,t1-direct-d7d0b047c9
2026-03-01 13:00:00,2026-03-01 19:00:00,44,0.043866611215539766,0.02310368231682267,0.020762928898717097,1.55,-8.8,3.0,0.008306669204529722,0.29265249240700825,1,2026-02-27 17:00:00,2026-02-27 23:00:00,t1-direct-d7d0b047c9
2026-03-01 14:00:00,2026-03-01 20:00:00,45,0.058573898856614855,0.053370551287366425,0.00520334756924843,2.87,-8.3,3.0,0.007571304822475963,0.4245192354107206,1,2026-02-27 17:00:00,2026-02-27 23:00:00,t1-direct-d7d0b047c9
2026-03-01 15:00:00,2026-03-01 21:00:00,46,0.08578685565313908,0.18561911744712575,-0.09983226179398667,4.92,-7.7,3.0,0.006210656982649748,0.5195300962016332,1,2026-02-27 17:00:00,2026-02-27 23:00:00,t1-direct-d7d0b047c9
2026-03-01 16:00:00,2026-03-01 22:00:00,47,0.15707632915476724,0.5819039155609882,-0.424827586406221,7.54,-6.9,3.0,0.0035949790309528495,0.6790794100758667,1,2026-02-27 17:00:00,2026-02-27 23:00:00,t1-direct-d7d0b047c9
2026-03-01 17:00:00,2026-03-01 23:00:00,48,0.23516484618625844,0.7730723375576019,-0.5379074913713434,8.98,-4.9,3.0,0.0015442522211268073,0.7334278963666216,1,2026-02-27 17:00:00,2026-02-27 23:00:00,t1-direct-d7d0b047c9
