tree
version=v4
num_class=1
num_tree_per_iteration=1
label_index=0
max_feature_idx=35
objective=quantile
feature_names=wind_fc temp_fc air_density wind_corrected level1 level1_mean3 run_day lead_hours hour day_of_week month wind_fc_prev wind_fc_next wind_fc_mean3 wind_fc_std3 wind_fc_ramp wind_ecmwf wind_ifs9 wind_gfs wind_aifs ens_mean ens_std ens_mean3 level1_ens wind10_ukmo wind10_cma wind10_jma ens10_mean ens10_std wind10 gust shear wdir_sin wdir_cos pres rh
feature_infos=[0.050000000000000003:25.884999999999998] [-20:41.25] [1.0507975963732479:1.3050395587586379] [0.04947305932046147:25.049113859144207] [0:0.97999999999999998] [0.0038888888888888892:0.97999999999999998] [1:3] [1:48] [0:23] [0:6] [1:12] [0.050000000000000003:25.884999999999998] [0.050000000000000003:25.884999999999998] [0.18000000000000002:22.915000000000003] [0:11.882662089503906] [-9.2149999999999999:13.15] [0.14999999999999999:21.02] [0.185:14.395] [0.050000000000000003:24.545000000000002] [0.050000000000000003:15.65] [0.59499999999999997:21.163333333333334] [0:10.287751211999636] [0.72583333333333322:20.826111111111107] [0.011666666666666667:0.97999999999999998] [0.050000000000000003:16.200000000000003] [0:14.710000000000001] [0.050000000000000003:11.23] [0.35333333333333333:13.377500000000001] [0:7.8063467768220498] [0.10000000000000001:17.734999999999999] [0.55000000000000004:35.049999999999997] [0.038022813688212934:8.3200000000000003] [-1:1] [-1:1] [935.70000000000005:985.79999999999995] [5.5:100]
tree_sizes=2985 2796 3013 3039 3033 3034 3053 3066 3049 3046 3066 3056 3033 3036 3040 3052 3064 3047 3068 3043 3066 3073 3046 3050 3057 3060 3056 3049 3044 3029 3059 3060 3042 3041 3053 3048 3029 3041 3071 3048 3040 3060 3054 3040 3059 3036 3027 3039 3023 3068 3030 3071 3050 3041 3056 3035 3063 3044 3051 3044 3065 3026 3059 3034 3019 3038 3056 3062 3029 3037 3064 3030 3025 3057 3038 3055 3057 3050 3049 3016 3047 3048 3048 3051 3059 3042 3065 3038 3035 3044 3023 3061 3051 3046 3052 3050 3071 3026 3062 3066 3031 3017 3042 3035 3017 3047 3023 3041 3023 3038 3037 3011 3020 3040 3019 3034 3037 3026 3032 3039 2986 3043 3043 3031 3054 2983 3035 3019 3053 3035 3068 3060 3026 3031 3051 3015 3052 3050 3007 3010 3033 3039 3003 2997 3010 3024 3018 3038 3038 3017 3023 3037 3025 2972 3023 3019 3024 3038 3003 3018 2983 3012 3009 2997 3059 3019 3044 3006 3025 3022

Tree=0
num_leaves=31
num_cat=0
split_feature=22 22 22 34 1 22 34 16 22 13 29 10 1 8 29 19 32 8 12 34 27 16 10 16 14 34 1 35 16 31
split_gain=2077.78 340.516 191.878 130.396 116.504 55.7906 42.4167 51.1482 33.7266 31.5023 28.3294 34.5344 25.765 25.7557 25.4389 26.2961 19.6891 23.8497 19.6673 19.5494 18.4367 18.2075 17.1169 15.1026 14.5719 13.7991 15.6949 21.96 13.1666 12.9772
threshold=4.5825833333333348 2.6331250000000006 6.9056111111111118 953.82500000000016 0.37500000000000006 3.4935000000000005 953.62500000000011 4.2925000000000013 2.1831250000000004 5.1225000000000014 2.2125000000000004 11.500000000000002 -4.3749999999999991 10.500000000000002 2.6325000000000007 4.1025000000000009 -0.77159520228797429 10.500000000000002 0.94750000000000012 954.72500000000014 3.301458333333334 7.0725000000000007 11.500000000000002 6.342500000000002 0.34757493196910733 940.87500000000011 21.775000000000002 58.250000000000007 4.0475000000000012 1.8833112290008842
decision_type=2 2 2 2 2 2 2 8 2 2 2 2 2 2 2 8 2 2 10 2 2 8 2 8 2 2 2 2 10 2
left_child=1 3 6 18 10 16 20 12 -5 -4 11 29 -8 28 15 24 17 -6 -1 -18 -2 -12 -15 -17 -9 -20 27 -27 -7 -3
right_child=2 4 9 8 5 13 7 14 -10 -11 21 -13 -14 22 -16 23 19 -19 25 -21 -22 -23 -24 -25 -26 26 -28 -29 -30 -31
leaf_value=0.0099499997962266204 0.0099999997764825821 0.0099499997962266204 0.0099999997764825821 0.0099499997962266204 0.0099499997962266204 0.0099499997962266204 0.0099999997764825821 0.0099499997962266204 0.0099499997962266204 0.014499999675899744 0.0099499997962266204 0.0099499997962266204 0.0099999997764825821 0.0099999997764825821 0.0099999997764825821 0.0099999997764825821 0.0099999997764825821 0.0099999997764825821 0.0099499997962266204 0.0099499997962266204 0.010349999777972699 0.0099999997764825821 0.0099499997962266204 0.0099999997764825821 0.0099999997764825821 0.0099499997962266204 0.0099499997962266204 0.0099999997764825821 0.0099999997764825821 0.0099499997962266204
leaf_weight=663 9468 1357 3632 3019 2015 2258 224 305 2361 39795 877 856 893 6202 5707 1166 4235 1986 445 1337 6122 353 285 2570 659 1029 2538 925 3407 787
leaf_count=663 9468 1357 3632 3019 2015 2258 224 305 2361 39795 877 856 893 6202 5707 1166 4235 1986 445 1337 6122 353 285 2570 659 1029 2538 925 3407 787
internal_value=0.00781048 0.00204643 0.0108289 -0.00238234 0.003922 0.00481109 0.00884885 0.00746916 -0.00572145 0.0120651 -0.000632822 -0.00220965 0.00138235 0.0061632 0.0081263 0.00649309 0.00309762 0.00148602 0.000836753 0.00426143 0.00986919 0.00324696 0.00745702 0.00763913 0.00208669 0.00150567 0.00202268 -9.18825e-06 0.00468519 -0.00424756
internal_weight=107476 36935 70541 10980 25955 21725 27114 11524 5380 43427 4230 3000 1117 12152 10407 4700 9573 4001 5600 5572 15590 1230 6487 3736 964 4937 4492 1954 5665 2144
internal_count=107476 36935 70541 10980 25955 21725 27114 11524 5380 43427 4230 3000 1117 12152 10407 4700 9573 4001 5600 5572 15590 1230 6487 3736 964 4937 4492 1954 5665 2144
is_linear=0
shrinkage=1


Tree=1
num_leaves=31
num_cat=0
split_feature=22 13 19 19 26 30 1 22 35 27 29 10 19 32 3 1 26 18 1 35 1 23 13 0 30 19 20 13 29 14
split_gain=453.453 48.1557 34.2673 24.3489 21.7576 19.8486 17.1549 12.8477 11.9758 9.60398 9.39617 11.1173 22.8907 8.848 12.6181 14.0206 7.33428 6.75666 6.59917 7.85169 6.54533 9.45051 7.514 6.47651 6.34723 6.22821 6.5325 6.58465 6.44961 7.46954
threshold=6.0841666666666674 4.9791666666666687 4.2875000000000005 5.1175000000000006 5.3275000000000015 4.7750000000000012 37.525000000000006 3.4935000000000005 15.750000000000002 3.1070833333333341 4.5675000000000017 2.5000000000000004 8.5125000000000028 0.95368063612909471 3.2888690623331178 -5.8249999999999984 2.2025000000000006 9.0125000000000028 26.175000000000004 70.250000000000014 16.525000000000002 0.085388324758746428 4.1841666666666679 6.0075000000000012 3.1250000000000004 2.9625000000000004 2.5685416666666669 2.5591666666666666 0.99250000000000016 0.67941764278927597
decision_type=2 2 10 8 2 2 2 2 2 2 2 2 10 2 2 2 2 2 2 2 2 2 2 2 2 10 2 2 2 2
left_child=2 4 5 9 -2 13 7 -7 -8 23 11 12 -5 16 24 -16 -1 -4 19 -9 22 -22 -17 -3 -15 26 27 -18 -28 -30
right_child=1 3 17 10 -6 6 8 18 -10 -11 -12 -13 -14 14 15 20 25 -19 -20 -21 21 -23 -24 -25 -26 -27 28 -29 29 -31
leaf_value=-4.8499980848282563e-05 0 -4.8499980848282563e-05 5.0000008195638655e-05 0.000560000257342832 -4.9999980255961418e-05 -4.8499980848282563e-05 -4.9999980255961418e-05 0 0 0.00021500000450760126 0.00586499981302768 0.0023650000216439366 -0.00013499999698251484 -4.8499980848282563e-05 -4.9999980255961418e-05 -4.9999980255961418e-05 -4.8499980848282563e-05 0 0 1.4999994076788509e-06 -4.9999980255961418e-05 0 0 0 0 0 0 1.4999994076788509e-06 -4.8499980848282563e-05 0
leaf_weight=14692 5972 226 4451 3123 206 4378 218 6401 203 2791 26019 13531 205 3151 215 793 2857 241 4045 2342 281 500 587 708 867 1367 575 745 3662 2256
leaf_count=14692 5972 226 4451 3123 206 4378 218 6401 203 2791 26019 13531 205 3151 215 793 2857 241 4045 2342 281 500 587 708 867 1367 575 745 3662 2256
internal_value=-0.000322322 0.00166243 -0.00223298 0.00199234 -0.000825813 -0.00246241 -0.00164956 -0.00150148 -0.00759859 -0.00033378 0.00219444 0.00164178 8.82089e-05 -0.0029013 -0.00390342 -0.00563713 -0.00265561 0.000218437 -0.00102056 -0.00148388 -0.00488781 -0.00266794 -0.00612996 -0.00295847 -0.00287248 -0.00322525 -0.00348267 -0.0024519 -0.00405217 -0.00434678
internal_weight=107608 52781 54827 46603 6178 50135 17587 17166 421 3725 42878 16859 3328 32548 6394 2376 26154 4692 12788 8743 2161 781 1380 934 4018 11462 10095 3602 6493 5918
internal_count=107608 52781 54827 46603 6178 50135 17587 17166 421 3725 42878 16859 3328 32548 6394 2376 26154 4692 12788 8743 2161 781 1380 934 4018 11462 10095 3602 6493 5918
is_linear=0
shrinkage=0.03


Tree=2
num_leaves=31
num_cat=0
split_feature=22 22 10 21 26 29 22 34 35 34 8 1 24 22 24 2 2 34 30 17 9 18 13 1 27 21 24 25 1 12
split_gain=193.673 27.8282 19.9549 14.035 11.4165 10.0643 9.43223 8.91017 8.74861 8.60763 7.8522 7.29255 7.17845 7.22783 6.36651 6.73096 12.3619 8.23593 5.94933 5.7503 5.80621 5.72197 5.56252 5.49282 5.36271 5.34751 5.25255 5.20456 12.2153 5.16329
threshold=7.2589583333333341 5.1706944444444458 2.5000000000000004 2.4209809908347126 2.2025000000000006 4.5675000000000017 8.5023333333333362 953.72500000000014 57.250000000000007 957.62500000000011 11.500000000000002 23.425000000000004 2.4250000000000007 2.2679166666666668 3.5250000000000008 1.1955876848058069 1.1770580455002846 956.32500000000016 4.2250000000000005 7.0875000000000012 1.0000000180025095e-35 12.227500000000003 4.1841666666666679 -2.3749999999999996 4.170625000000002 2.7304715708546619 1.7250000000000003 5.5925000000000011 13.075000000000003 8.4975000000000023
decision_type=2 2 2 2 2 2 2 2 2 2 2 2 10 2 10 2 2 2 2 8 2 2 2 2 2 2 10 8 2 10
left_child=1 4 5 10 12 8 21 -6 -2 11 27 14 13 -1 15 16 17 -9 26 -7 -21 -4 23 -15 -5 -24 -10 -3 -29 -20
right_child=2 3 6 24 7 19 -8 9 18 -11 -12 -13 -14 22 -16 -17 -18 -19 29 20 -22 -23 25 -25 -26 -27 -28 28 -30 -31
leaf_value=-4.7044981422834066e-05 -0.00013094999707303942 1.4549994254484978e-06 0.0019890499944705516 0 -1.5000002458691492e-06 -0.00014144999711774287 0.0089890498007554557 -4.7044981422834066e-05 -4.9999980255961418e-05 -4.7044981422834066e-05 0.00070000005885958669 -4.9999980255961418e-05 1.4549994254484978e-06 -4.7044981422834066e-05 1.4999994076788509e-06 -4.7044981422834066e-05 -4.8690480189833998e-05 -4.7044981422834066e-05 0.00084819999157190976 -0.00031094999137334527 0.010139049598099662 -4.9999980255961418e-05 0 1.4549994254484978e-06 0.00030000000845571261 -1.05000000447035e-05 1.4999994076788509e-06 -0.00010149998869746922 0.00040000000968575477 -0.00015180000470279981
leaf_weight=3068 357 5445 10155 7508 14799 324 22472 1193 313 4006 8604 227 5739 854 412 722 270 294 2312 276 2324 376 3205 9204 1191 374 306 385 543 423
leaf_count=3068 357 5445 10155 7508 14799 324 22472 1193 313 4006 8604 227 5739 854 412 722 270 294 2312 276 2324 376 3205 9204 1191 374 306 385 543 423
internal_value=0.000388379 -0.000582692 0.00205519 0.000247794 -0.00102585 0.000553464 0.00235697 -0.00151272 -0.000483584 -0.00238435 0.000804365 -0.0035658 -0.000550047 -0.000864452 -0.00314814 -0.00372101 -0.00472134 -0.00362533 -5.35863e-06 0.00186821 0.00233781 0.00161475 -0.000568025 -0.0002063 -0.000710363 -0.00158287 -0.00264904 6.11488e-06 -0.00206431 0.000596715
internal_weight=107681 68043 39638 23676 44367 6635 33003 21923 3711 7124 14977 3118 22444 16705 2891 2479 1757 1487 3354 2924 2600 10531 13637 10058 8699 3579 619 6373 928 2735
internal_count=107681 68043 39638 23676 44367 6635 33003 21923 3711 7124 14977 3118 22444 16705 2891 2479 1757 1487 3354 2924 2600 10531 13637 10058 8699 3579 619 6373 928 2735
is_linear=0
shrinkage=0.03


Tree=3
num_leaves=31
num_cat=0
split_feature=22 22 19 10 19 19 34 34 19 9 34 11 1 18 9 24 30 22 11 14 16 16 25 32 19 25 34 19 8 19
split_gain=145.77 25.7859 18.8086 13.3528 13.2695 14.5865 11.1228 9.90847 6.58839 6.42823 7.8877 7.1855 7.20614 6.58997 6.36895 6.33653 6.21272 5.46226 5.34393 4.77874 8.61069 4.75787 5.24085 4.88743 4.54416 4.42034 5.23391 4.29197 5.65387 9.48598
threshold=7.6735000000000015 2.4179583333333339 5.3225000000000007 2.5000000000000004 9.7025000000000023 5.9575000000000005 953.22500000000014 958.22500000000014 3.4025000000000007 2.5000000000000004 955.02500000000009 7.2725000000000017 15.875000000000002 9.8625000000000025 4.5000000000000009 1.6750000000000005 5.325000000000002 9.1757500000000025 3.7975000000000008 0.29652150006367678 0.51750000000000018 7.4525000000000015 2.2925000000000004 0.9426055981926128 5.3975000000000009 1.8875000000000004 944.57500000000016 4.7975000000000012 12.500000000000002 3.4725000000000006
decision_type=2 2 10 2 10 8 2 2 10 2 2 2 2 2 2 10 2 2 2 2 10 8 10 2 10 8 2 10 2 10
left_child=1 14 6 4 5 -2 8 9 -3 11 -11 13 -13 -8 19 21 -7 24 -4 20 -1 22 -9 -24 -5 26 -10 28 -12 -30
right_child=3 2 18 17 -6 16 7 15 25 10 27 12 -14 -15 -16 -17 -18 -19 -20 -21 -22 -23 23 -25 -26 -27 -28 -29 29 -31
leaf_value=-4.7129131374785632e-05 -0.00017724600444995713 4.5000007376071873e-08 0 0.0019733785633006262 -0.00012702149716084825 -2.3946000339478463e-05 -4.5633631980149021e-05 -1.7459834659309531e-08 -4.9954980248585343e-05 1.4113494426850476e-06 -4.7088631405597519e-05 -2.1000001765787595e-05 -0.00021244997913949187 -7.0950000649318073e-05 -4.5633631980149021e-05 1.4113494426850476e-06 0.0051848785214287227 0.010769378139839787 0.0015790499345306307 -4.5633631980149021e-05 -4.6999981415457997e-05 1.4549994254484978e-06 -4.5633631980149021e-05 -4.7088631405597519e-05 0.0050738783732116781 0.0001985757313181955 1.4113494426850476e-06 -5.1543630484594015e-05 1.4956344815357949e-06 -2.745000190101562e-05
leaf_weight=222 326 25932 1190 6255 395 1118 4740 2437 247 2825 1808 376 210 261 2376 7583 4111 17851 4732 4088 1767 2128 1529 920 4960 4863 632 246 1110 302
leaf_count=222 326 25932 1190 6255 395 1118 4740 2437 247 2825 1808 376 210 261 2376 7583 4111 17851 4732 4088 1767 2128 1529 920 4960 4863 632 246 1110 302
internal_value=0.000598075 -0.000169422 3.60979e-05 0.00218749 0.000891688 0.00127068 -0.000127988 -0.00058176 0.000251334 -0.00122494 -0.00056655 -0.00196513 -0.00509645 -0.00159349 -0.00172629 -5.81426e-05 0.0016559 0.00245255 0.00164603 -0.00224087 -0.00344684 -0.000707793 -0.00122306 -0.00220171 0.00193182 0.00117035 -0.000783937 -0.00152463 -0.00122791 0.000194778
internal_weight=107540 72524 64071 35016 5950 5555 58149 26475 31674 11878 6291 5587 586 5001 8453 14597 5229 29066 5922 6077 1989 7014 4886 2449 11215 5742 879 3466 3220 1412
internal_count=107540 72524 64071 35016 5950 5555 58149 26475 31674 11878 6291 5587 586 5001 8453 14597 5229 29066 5922 6077 1989 7014 4886 2449 11215 5742 879 3466 3220 1412
is_linear=0
shrinkage=0.03


Tree=4
num_leaves=31
num_cat=0
split_feature=22 22 10 19 19 12 22 30 24 16 15 19 22 21 26 26 8 16 1 11 14 10 1 34 16 20 19 14 11 1
split_gain=123.816 30.7053 15.4075 11.8393 11.1763 10.6418 10.1924 8.98489 8.8971 6.43682 6.50288 6.40483 5.94819 5.84092 5.76691 5.45511 4.32107 4.30364 3.86703 5.44428 7.88128 4.65295 3.83202 5.18886 3.9836 4.25891 8.23658 3.94604 3.72866 3.95367
threshold=7.2589583333333341 3.9402083333333335 2.5000000000000004 9.7025000000000023 5.182500000000001 4.7825000000000015 2.2679166666666668 5.8750000000000009 1.8250000000000004 10.312500000000002 0.15000000000000127 5.3225000000000007 8.6045138888888903 2.4338596748004551 4.142500000000001 1.6425000000000003 10.500000000000002 3.9975000000000005 5.0750000000000011 2.9675000000000007 0.58286647985051887 6.5000000000000009 -7.7249999999999988 963.22500000000014 1.1225000000000003 1.7618333333333336 0.40250000000000008 0.37014073690197641 5.8775000000000013 4.6750000000000016
decision_type=2 2 2 10 8 10 2 2 8 10 2 10 2 2 2 2 2 10 2 2 2 2 2 2 10 2 10 2 2 2
left_child=1 6 3 4 -2 14 22 9 28 10 -6 16 -7 -13 -4 -8 17 -10 19 -17 -21 -20 -1 24 25 -24 -27 -25 29 -3
right_child=2 8 5 -5 7 12 15 -9 11 -11 -12 13 -14 -15 -16 18 -18 -19 21 20 -22 -23 23 27 -26 26 -28 -29 -30 -31
leaf_value=5.1533579550321438e-06 -0.00016479444739233532 -4.708857902553079e-05 0.00021933497577793085 -0.00012321085224602278 3.7183788255420664e-06 0.002225177116577767 1.366480408238977e-06 0.0045370828643070881 -1.6887307685811877e-05 0.0023528468938460272 -0.00017634762199537961 0.001647551508470258 0.008851297516562771 0 -0.00014672785576712717 -4.5633108185109229e-05 1.4140089441501088e-06 1.3253589766410063e-06 4.3650007154772543e-08 -4.8896042340480007e-05 -4.7088107610557726e-05 -4.7001331415679296e-05 -4.4264623020744561e-05 -4.4264623020744561e-05 -4.4264623020744561e-05 -9.4219751312559963e-05 -4.4264623020744561e-05 -4.4264623020744561e-05 6.4836837827415129e-07 -1.4550002384930774e-06
leaf_weight=227 215 722 1181 393 725 9959 7047 4009 2750 743 612 3005 21519 1048 212 2179 18162 11397 4783 379 586 6727 1243 336 3996 271 347 320 695 1540
leaf_count=227 215 722 1181 393 725 9959 7047 4009 2750 743 612 3005 21519 1048 212 2179 18162 11397 4783 379 586 6727 1243 336 3996 271 347 320 695 1540
internal_value=0.000648952 -0.000129713 0.00198226 0.000670099 0.00098621 0.00224945 -0.00088051 0.0012253 0.000413412 -0.000374101 -0.00161624 0.00054214 0.00236299 0.0016656 -0.000315451 -0.000563761 0.000400972 7.84353e-06 -0.000893512 -0.00182534 -0.00369588 -0.000638298 -0.00189918 -0.00203299 -0.00174667 -0.00289228 -0.00492135 -0.00455673 -0.00116779 -0.00175739
internal_weight=107328 67760 39568 6697 6304 32871 28441 6089 39319 2080 1337 36362 31478 4053 1393 21701 32309 14147 14654 3144 965 11510 6740 6513 5857 1861 618 656 2957 2262
internal_count=107328 67760 39568 6697 6304 32871 28441 6089 39319 2080 1337 36362 31478 4053 1393 21701 32309 14147 14654 3144 965 11510 6740 6513 5857 1861 618 656 2957 2262
is_linear=0
shrinkage=0.03


Tree=5
num_leaves=31
num_cat=0
split_feature=22 22 10 31 13 1 34 31 24 8 16 9 2 22 16 9 35 28 26 1 22 26 34 1 28 31 34 9 26 29
split_gain=115.528 39.7402 10.1093 10.507 10.0409 8.17809 6.44203 9.64399 6.42319 5.61469 5.3283 7.94129 4.50589 4.4042 4.23238 4.11525 4.3531 4.05812 4.90571 7.9577 5.15875 3.97828 4.66578 7.06721 5.42118 5.18907 4.6099 4.459 3.74121 8.21188
threshold=8.0478472222222255 2.9902777777777785 2.5000000000000004 2.1257983995301379 4.9008333333333356 0.52500000000000013 959.82500000000016 2.3507881029156432 3.4250000000000007 16.500000000000004 11.012500000000001 4.5000000000000009 1.0933093954201454 9.1757500000000025 1.1825000000000003 4.5000000000000009 64.750000000000014 0.93388246480579695 1.1875000000000002 13.475000000000003 2.105694444444445 1.8575000000000002 951.22500000000014 17.525000000000002 1.0296277638092566 1.0202166170374263 953.72500000000014 1.0000000180025095e-35 2.6475000000000004 1.6925000000000003
decision_type=2 2 2 2 2 2 2 2 10 2 8 2 2 2 10 2 2 2 2 2 2 2 2 2 2 2 2 2 2 2
left_child=1 14 3 10 9 6 -5 -8 12 28 11 -2 -6 -4 15 17 -17 18 -1 20 -20 -16 25 24 27 -23 -25 -24 -3 -30
right_child=2 4 13 5 8 -7 7 -9 -10 -11 -12 -13 -14 -15 21 16 -18 -19 19 -21 -22 22 23 26 -26 -27 -28 -29 29 -31
leaf_value=-4.289569384706293e-05 0.001479945027791841 5.5026923772915481e-07 0.0032596467849464556 0.0040242005706887657 0.00030549582788325905 -0.0001488890263379906 0.00038194512498812523 -0.0002671130116228737 0.00036528995438610008 1.367579174139221e-06 0.0090932197321659334 -0.00018641536413498819 7.8250564478332322e-07 0.010330758621166234 -4.2936684330122216e-05 -4.2936684330122216e-05 4.2817038808017935e-06 -4.4258168783592072e-05 -4.2936684330122216e-05 -4.4259514342516458e-05 -4.5760616858440212e-05 2.9086893750736481e-06 -4.6575987290988134e-05 -4.5651345720918792e-05 4.1969470828513705e-06 -4.5591291473208916e-05 -4.7207836339549289e-05 -4.2936684330122216e-05 -4.5169353232855232e-05 -3.9760744228994198e-08
leaf_weight=311 1250 13215 8083 553 3030 269 286 206 10635 9053 2391 272 14948 17953 4914 570 416 1135 348 750 276 1015 265 397 798 2717 304 1483 3103 6629
leaf_count=311 1250 13215 8083 553 3030 269 286 206 10635 9053 2391 272 14948 17953 4914 570 416 1135 348 750 276 1015 265 397 798 2717 304 1483 3103 6629
internal_value=0.000676938 4.76435e-05 0.00221277 0.00100745 0.000396071 -0.00131008 -9.99999e-05 -0.0025835 0.000804354 3.09328e-05 0.00178637 0.000396857 0.000458433 0.00245451 -0.00129731 -0.00216793 -0.000496468 -0.00275044 -0.00368343 -0.00445105 -0.00694436 -0.0010179 -0.00147809 -0.00230904 -0.0015688 -0.00075301 -0.00496742 -0.002502 -0.000218674 -0.000664886
internal_weight=107575 76312 31263 5227 60613 1314 1045 492 28613 32000 3913 1522 17978 26036 15699 3806 986 2820 1685 1374 624 11893 6979 3247 2546 3732 701 1748 22947 9732
internal_count=107575 76312 31263 5227 60613 1314 1045 492 28613 32000 3913 1522 17978 26036 15699 3806 986 2820 1685 1374 624 11893 6979 3247 2546 3732 701 1748 22947 9732
is_linear=0
shrinkage=0.03


Tree=6
num_leaves=31
num_cat=0
split_feature=22 22 16 19 10 19 19 19 18 10 22 17 25 18 28 26 22 4 32 34 21 35 2 26 24 2 24 32 9 25
split_gain=122.941 22.7432 22.5541 14.0604 6.97084 14.4893 8.1053 6.42004 6.14963 7.21358 5.37017 5.13165 8.07699 6.38227 5.11751 5.08186 4.79022 4.64838 7.872 4.10771 3.96771 4.07053 3.96078 4.33101 4.04763 3.7548 3.67281 3.61553 3.55233 3.99451
threshold=6.7209722222222243 8.5522777777777801 3.8275000000000006 5.1525000000000007 2.5000000000000004 9.7025000000000023 6.8025000000000011 4.892500000000001 10.102500000000003 1.5000000000000002 2.2679166666666668 4.2925000000000013 0.40750000000000008 6.7725000000000017 1.2871382985610949 4.307500000000001 2.144083333333334 0.39790200256038305 -0.96359376111369355 950.12500000000011 2.4338596748004551 50.250000000000007 1.211369574024485 2.6025000000000005 3.2750000000000008 1.2207695782691121 1.8750000000000002 0.39873388578253705 1.5000000000000002 3.7375000000000007
decision_type=2 2 8 10 2 10 8 10 2 2 2 10 10 2 2 2 2 2 2 2 2 2 2 2 10 2 8 2 2 8
left_child=2 3 10 8 5 6 -3 11 -2 -10 27 16 13 14 -13 28 -4 22 -19 -6 -9 -22 23 -12 -24 -5 -18 -1 29 -11
right_child=1 4 7 25 19 -7 -8 20 9 15 17 12 -14 -15 -16 -17 26 18 -20 -21 21 -23 24 -25 -26 -27 -28 -29 -30 -31
leaf_value=-4.1648583800218547e-05 0.0002056323983399478 -0.00027002771334601149 -4.1607593317159255e-05 0.0025626174144734288 0.0038763359306820525 -0.00014329656541394096 0.0051488214899554343 0.00080313481144129876 -0.00016712782677014043 -0.00025002869474158567 -6.9668799121879106e-08 1.2830327646902623e-06 -1.0126882873695216e-07 -8.7082092097480078e-05 -3.1954806495350686e-05 -0.00015095319935979509 -4.2770599844898604e-05 -4.3814538963879891e-05 -5.1591287151641664e-06 0.0093708355883498802 -5.7509200049788178e-05 0.0002748457743115982 -4.4279877919092838e-05 -4.4223552729012631e-05 -4.7277577442969812e-05 -0.00016075215629912903 1.3061913998275998e-06 -4.1607593317159255e-05 0.0002783057391292635 0.00079077760075874234
leaf_weight=4252 9191 201 333 6786 5582 387 3756 3022 342 268 9499 266 1585 211 231 335 3349 309 515 16595 448 578 2164 6180 320 289 26647 2183 1469 258
leaf_count=4252 9191 201 333 6786 5582 387 3756 3022 342 268 9499 266 1585 211 231 335 3349 309 515 16595 448 578 2164 6180 320 289 26647 2183 1469 258
internal_value=0.000544767 0.00173009 -0.000323107 0.000935649 0.0022971 0.00119614 0.00173927 0.000152965 0.000304095 -0.000961524 -0.00100971 1.30568e-05 -0.00135379 -0.00400561 -0.00210956 -0.000359743 0.000116602 -0.000755529 -0.00295296 0.00251244 0.00127905 -0.000331717 -0.000655053 -0.000478385 -0.00176697 0.00199364 0.000156595 -0.00175854 0.0002175 -0.00188701
internal_weight=107551 45459 62092 18938 26521 4344 3957 36670 11863 2672 25422 32622 2293 708 497 2330 30329 18987 824 22177 4048 1026 18163 15679 2484 7075 29996 6435 1995 526
internal_count=107551 45459 62092 18938 26521 4344 3957 36670 11863 2672 25422 32622 2293 708 497 2330 30329 18987 824 22177 4048 1026 18163 15679 2484 7075 29996 6435 1995 526
is_linear=0
shrinkage=0.03


Tree=7
num_leaves=31
num_cat=0
split_feature=22 19 22 10 19 19 8 1 30 9 29 1 32 26 10 8 19 31 33 16 16 12 22 34 35 1 35 11 10 0
split_gain=123.713 32.0737 21.6357 10.0662 12.6058 13.1305 8.58906 8.55473 6.70446 5.77654 5.43561 5.30511 8.11158 6.70442 7.33993 6.63906 5.82633 7.13559 5.27615 9.95943 5.59451 6.12161 5.14181 5.02737 4.61593 5.75611 4.56806 8.3341 4.98686 5.70902
threshold=8.1363888888888898 5.1525000000000007 2.4526388888888895 2.5000000000000004 6.5025000000000013 9.9025000000000016 13.500000000000002 37.525000000000006 5.0750000000000011 4.5000000000000009 2.6125000000000007 10.425000000000002 -0.87878364999916136 2.2925000000000004 11.500000000000002 8.5000000000000018 2.5125000000000006 1.7479166505914401 0.095842103007655569 0.63250000000000017 5.9575000000000014 5.9225000000000012 5.1706944444444458 949.42500000000018 70.250000000000014 26.175000000000004 46.250000000000007 2.7525000000000004 9.5000000000000018 2.9925000000000006
decision_type=2 10 2 2 8 10 2 2 2 2 2 2 2 2 2 2 8 2 2 10 10 10 2 2 2 2 2 2 2 2
left_child=1 2 9 4 -2 8 11 -8 -6 -1 -3 13 16 15 18 -4 17 23 19 -15 -20 -22 -21 -13 25 26 27 -14 29 -29
right_child=3 10 6 -5 5 -7 7 -9 -10 -11 -12 12 24 14 -16 -17 -18 -19 20 22 21 -23 -24 -25 -26 -27 -28 28 -30 -31
leaf_value=-4.0400970846158063e-05 -0.00026192688860836332 4.2040089252067819e-06 1.3090875831386657e-06 0.0067805589839424057 -6.6594280681176075e-05 -0.0001107489589260842 1.3145448547166593e-06 -4.5718391494460173e-05 0.0054794586573748477 -4.0399126286211994e-05 0.0021479009844241146 -4.4320853737037854e-05 1.3581948368012255e-06 -0.00031363316008466944 2.9418894412992913e-06 -4.3057605729879922e-05 -4.0777541355884426e-06 -4.7149701423731569e-05 -4.1601094584872083e-05 -4.3749186312521499e-05 -5.602694533701999e-05 -5.8911471434811435e-05 1.3094515570872752e-06 2.8545864247372236e-06 2.7722968647295586e-06 2.7936054772136866e-06 1.3064508184741845e-06 -4.5909361928502065e-05 -0.00012801963739496639 -1.0603771725562362e-05
leaf_weight=6436 271 2644 4393 25226 557 339 24229 398 3870 2503 6092 599 840 203 971 2990 6866 825 1056 1542 797 313 1323 495 1869 3196 4989 225 274 1137
leaf_count=6436 271 2644 4393 25226 557 339 24229 398 3870 2503 6092 599 840 203 971 2990 6866 825 1056 1542 797 313 1323 495 1869 3196 4989 225 274 1137
internal_value=0.00052054 -0.000116759 -0.000335207 0.00214613 0.000920468 0.00128023 -0.000128496 0.000300463 0.00171728 -0.00171098 0.00159455 -0.000431162 -0.000135788 -0.000894284 -0.00162077 -0.000283026 -0.000834471 -0.00229366 -0.0020649 -0.00126131 -0.0031976 -0.00468161 -0.000799651 -0.000698817 0.000354208 0.000112788 -0.000343373 -0.0013954 -0.00263985 -0.00188296
internal_weight=107468 77205 68469 30263 5037 4766 59530 24627 4427 8939 8736 34903 21315 13588 6205 7383 8785 1919 5234 3068 2166 1110 2865 1094 12530 10661 7465 2476 1636 1362
internal_count=107468 77205 68469 30263 5037 4766 59530 24627 4427 8939 8736 34903 21315 13588 6205 7383 8785 1919 5234 3068 2166 1110 2865 1094 12530 10661 7465 2476 1636 1362
is_linear=0
shrinkage=0.03


Tree=8
num_leaves=31
num_cat=0
split_feature=22 22 10 19 19 19 22 30 12 35 24 31 31 17 10 28 2 29 34 9 24 35 30 28 18 2 27 34 18 15
split_gain=114.445 32.4014 14.4422 16.0494 13.2842 10.8196 9.81958 9.01113 7.08204 7.85327 5.93105 5.5564 4.99225 5.15428 6.8433 5.8979 4.79936 5.9163 4.68918 6.77919 7.85096 6.0223 4.85394 4.66617 4.2741 4.18277 4.13828 3.74896 3.73697 3.74165
threshold=7.7872777777777786 3.9695138888888892 2.5000000000000004 5.9575000000000005 5.6475000000000009 9.7025000000000023 2.2679166666666668 5.4750000000000005 7.182500000000001 84.250000000000014 1.1750000000000005 2.5630849295897846 2.5855701880637114 4.0025000000000004 10.500000000000002 0.83362911417113705 1.211369574024485 1.2325000000000002 950.52500000000009 5.5000000000000009 1.3250000000000004 15.250000000000002 4.4250000000000016 1.570917659039418 9.1675000000000022 1.1094644165171836 3.3670833333333339 949.62500000000011 12.077500000000002 0.15000000000000127
decision_type=2 2 2 8 10 10 2 2 10 2 8 2 2 10 2 2 2 2 2 2 10 2 2 2 2 2 2 2 2 2
left_child=1 6 3 -2 10 7 18 28 9 11 -3 -4 23 25 15 -15 17 -8 21 20 22 -1 -20 24 26 -14 -12 -10 29 -5
right_child=2 4 8 5 -6 -7 16 -9 27 -11 12 -13 13 14 -16 -17 -18 -19 19 -21 -22 -23 -24 -25 -26 -27 -28 -29 -30 -31
leaf_value=-8.91474204560941e-05 -0.00022541878156382518 -4.6473826492379514e-05 0.0030720821821552872 -3.6311379437054712e-05 0.0014512622450725539 -0.00010742649015830169 1.3153935805863621e-06 0.0049645937167105865 0.0036511285263344266 -0.0011839094027680105 1.247609744740647e-06 -0.00022996028468777536 -4.8081417401967789e-05 -4.8808654574376687e-05 -1.8546096731873739e-07 -6.2792675614207772e-05 -4.2991663024756553e-05 -4.1724005877385434e-05 -3.9187152497625628e-05 7.8752889036139649e-06 -3.9146106677767959e-05 -3.9146106677767959e-05 -8.8970375676122911e-05 -4.2266100984450839e-06 -4.5262077420204875e-06 1.4299103858938545e-06 0.00029988157357044716 0.0087912939356574876 0.0016640583684756315 -0.00020910909980015826
leaf_weight=201 268 1147 5613 447 4932 394 3171 3919 5518 262 16844 221 347 216 412 205 3095 15817 2111 555 1343 2333 251 9892 3493 1371 5833 16308 225 391
leaf_count=201 268 1147 5613 447 4932 394 3171 3919 5518 262 16844 221 347 216 412 205 3095 15817 2111 555 1343 2333 251 9892 3493 1371 5833 16308 225 391
internal_value=0.000524874 -0.000137453 0.00197635 0.000591609 0.000368615 0.000951124 -0.000920608 0.00133066 0.0022561 0.00135027 0.000186345 0.00157938 0.000249599 -0.00103169 -0.00296062 -0.00562676 -0.0006135 -0.000434686 -0.00191763 -0.0025252 -0.00298787 -0.000893265 -0.00402788 0.000340367 0.000550143 -9.05396e-05 0.0007006 0.00250873 -0.00111517 -0.00203559
internal_weight=107135 73569 33566 5644 44692 5376 28877 4982 27922 6096 39760 5834 38613 2551 833 421 22083 18988 6794 4260 3705 2534 2362 36062 26170 1718 22677 21826 1063 838
internal_count=107135 73569 33566 5644 44692 5376 28877 4982 27922 6096 39760 5834 38613 2551 833 421 22083 18988 6794 4260 3705 2534 2362 36062 26170 1718 22677 21826 1063 838
is_linear=0
shrinkage=0.03


Tree=9
num_leaves=31
num_cat=0
split_feature=22 16 19 22 10 19 19 30 24 1 3 8 23 27 30 22 34 1 18 10 21 24 8 1 16 34 10 10 8 34
split_gain=108.371 37.4298 14.9011 11.2635 9.16064 12.6219 11.59 6.41932 6.29447 6.85097 5.42037 5.38504 6.5211 5.36474 5.37646 5.19263 4.81187 5.01019 4.56453 6.58992 4.87719 7.38484 11.0423 4.21933 6.62549 3.97795 5.31574 6.20963 5.03484 4.54592
threshold=8.1785416666666695 3.8275000000000006 5.6125000000000016 2.2679166666666668 2.5000000000000004 9.9025000000000016 6.5475000000000012 4.3250000000000011 1.3750000000000002 -0.7749999999999998 6.9095455156646359 13.500000000000002 0.36076467981095423 5.0579166666666682 12.425000000000002 9.2856944444444469 965.22500000000014 20.525000000000002 8.9125000000000032 2.5000000000000004 3.1829990102351324 5.8750000000000009 10.500000000000002 -7.7249999999999988 3.6075000000000008 950.62500000000011 10.500000000000002 11.500000000000002 17.500000000000004 944.42500000000018
decision_type=2 10 10 2 2 10 8 2 8 2 2 2 2 2 2 2 2 2 2 2 2 8 2 2 8 2 2 2 2 2
left_child=1 3 8 23 5 6 -2 -4 9 -3 -8 12 -5 14 18 -6 17 -13 -10 20 21 -20 -23 -1 25 29 28 -28 -27 -25
right_child=4 2 7 11 15 -7 10 -9 13 -11 -12 16 -14 -15 -16 -17 -18 -19 19 -21 -22 22 -24 24 -26 26 27 -29 -30 -31
leaf_value=7.8168633371965726e-06 -0.00022495009926405883 -9.0359583526856697e-05 1.6453839365372861e-05 -4.0515279020245115e-05 0.0028685831643803146 -0.00010420369545355265 4.5496664985079925e-07 0.0026822336847634356 1.2405034339056306e-06 -3.9755302233235131e-05 0.0058714715431780915 2.6151348503130995e-06 -0.00030409736697917608 0.0017281951174452543 -0.00012193492871673541 0.0099915947778327543 -4.6863238918486545e-05 -9.1257291419152143e-06 -2.4139800970166044e-05 1.3240227980287206e-06 1.3856168799925052e-06 -0.00014175349915854151 -5.4942046159218642e-05 -3.9295859072516651e-05 -4.0574075483033874e-05 -3.9252750816309586e-05 1.0488442925585694e-05 -3.8012712466399633e-05 -3.7903533211564257e-05 -3.7795900031605545e-05
leaf_weight=222 251 311 1575 12631 7620 331 1324 4778 33106 1976 3067 4014 280 1850 257 17123 374 3599 700 4601 558 225 238 843 243 2352 505 410 438 1638
leaf_count=222 251 311 1575 12631 7620 331 1324 4778 33106 1976 3067 4014 280 1850 257 17123 374 3599 700 4601 558 225 238 843 243 2352 505 410 438 1638
internal_value=0.000529108 -6.00547e-05 0.00042776 -0.000948428 0.00206985 0.000893733 0.0012989 0.001785 0.000230817 -0.00129974 0.00165901 -0.000605942 -0.000984593 0.000315238 0.000241497 0.002306 6.38149e-06 0.000170517 0.000269926 -0.000468468 -0.00204925 -0.00315154 -0.00607051 -0.00202329 -0.00216397 -0.00196931 -0.00259164 -0.000603261 -0.0032415 -0.0010366
internal_weight=107440 77724 50175 27549 29716 4973 4642 6353 43822 2287 4391 20898 12911 41535 39685 24743 7987 7613 39428 6322 1721 1163 463 6651 6429 6186 3705 915 2790 2481
internal_count=107440 77724 50175 27549 29716 4973 4642 6353 43822 2287 4391 20898 12911 41535 39685 24743 7987 7613 39428 6322 1721 1163 463 6651 6429 6186 3705 915 2790 2481
is_linear=0
shrinkage=0.03


Tree=10
num_leaves=31
num_cat=0
split_feature=22 22 30 22 16 28 10 10 15 31 18 21 21 14 34 34 26 14 35 35 1 19 10 15 13 30 19 19 28 10
split_gain=106.631 27.1613 16.6205 9.48293 9.40335 8.55489 6.94799 6.71957 7.12403 5.92929 5.83738 5.81785 5.52609 7.56071 5.30485 10.2818 7.22121 8.99295 6.19738 5.19485 4.8944 6.58989 5.43928 8.89031 4.93622 4.71468 12.2057 4.50354 5.29242 4.47769
threshold=7.2589583333333341 2.4526388888888895 6.1250000000000009 5.1706944444444458 10.677500000000002 1.98919345723431 8.5000000000000018 2.5000000000000004 0.15000000000000127 2.5165561214201126 9.9125000000000014 3.5303303370735049 1.9393012057077275 0.26846787517317344 952.52500000000009 957.52500000000009 1.1375000000000004 0.31033583958886451 14.250000000000002 72.250000000000014 -0.27499999999999986 0.88250000000000017 2.5000000000000004 0.20499999999999877 8.0691666666666695 7.9250000000000016 9.6075000000000017 4.3825000000000012 1.3637139083563692 6.5000000000000009
decision_type=2 2 2 2 8 2 2 2 2 2 2 2 2 2 2 2 2 2 2 2 2 10 2 2 2 2 10 10 2 2
left_child=1 14 4 20 5 7 11 8 -2 27 -10 25 -11 -14 18 16 -16 -18 -1 -12 21 -3 -23 -24 29 26 -4 28 -5 -22
right_child=2 3 6 9 -6 -7 -8 -9 10 12 19 -13 13 -15 15 -17 17 -19 -20 -21 24 22 23 -25 -26 -27 -28 -29 -30 -31
leaf_value=-8.5294122070235769e-05 9.1451055938957841e-06 -3.7831447629521405e-05 0.0027726501251927557 3.7749618358716947e-06 0.0035992144836409236 -0.00067819705594750494 0.0076868744469391209 0.00090877007865732104 2.1167256822756522e-06 3.0601344385410686e-05 -0.00013045208424929453 5.2449105781059461e-05 -6.6858740016244398e-05 -7.8548686466810517e-06 -3.6833386106492283e-05 -3.6833900061409191e-05 -8.3758482705589347e-05 -3.8245828640244736e-05 -3.6837846476486784e-05 -0.00035236425604285665 1.1781068154725383e-06 -3.9196792739304358e-05 -9.0071256247851577e-05 -5.0259862598651078e-06 -1.6307086932394654e-05 0.0047678558467962751 -0.00010107758458994605 0.00055262100039440033 -6.1776022931307909e-06 -7.5411415297236879e-06
leaf_weight=218 850 3665 3290 9033 3112 219 11926 3756 211 919 217 1718 253 1081 371 3074 468 972 3822 256 12225 925 345 215 241 13766 220 6141 6309 17564
leaf_count=218 850 3665 3290 9033 3112 219 11926 3756 211 919 217 1718 253 1081 371 3074 468 972 3822 256 12225 925 345 215 241 13766 220 6141 6309 17564
internal_value=0.000508218 -0.000213528 0.0017464 2.01627e-05 0.00058115 -0.000163765 0.00207114 7.93202e-05 -0.00159064 0.000483468 -0.00385776 0.00171388 -0.000979185 -0.00220911 -0.00175532 -0.00242025 -0.0042109 -0.00516955 -0.00094932 -0.00569247 -0.000292454 -0.00114646 -0.00282886 -0.00515044 -0.00014583 0.00187941 0.000896159 0.000637053 0.000362025 -0.000110861
internal_weight=107382 67841 39541 58916 8621 5509 30920 5290 1534 23736 684 18994 2253 1334 8925 4885 1811 1440 4040 473 35180 5150 1485 560 30030 17276 3510 21483 15342 29789
internal_count=107382 67841 39541 58916 8621 5509 30920 5290 1534 23736 684 18994 2253 1334 8925 4885 1811 1440 4040 473 35180 5150 1485 560 30030 17276 3510 21483 15342 29789
is_linear=0
shrinkage=0.03


Tree=11
num_leaves=31
num_cat=0
split_feature=22 16 19 22 10 19 19 12 35 4 30 32 27 2 3 12 9 24 2 8 34 19 23 32 24 34 22 34 34 19
split_gain=104.259 31.1021 15.1603 11.0395 9.74292 15.0664 14.8798 7.02897 6.95794 6.26046 6.21918 6.03923 5.7716 5.9636 4.98317 4.8773 4.8052 4.78431 6.61524 4.50164 5.05674 5.45852 4.90605 4.49925 4.18423 4.06247 4.02172 3.93868 6.94706 7.48813
threshold=8.1363888888888898 4.142500000000001 5.6475000000000009 2.2679166666666668 2.5000000000000004 6.5475000000000012 9.9025000000000016 7.6325000000000012 84.250000000000014 0.39790200256038305 4.075000000000002 -0.96359376111369355 4.9906250000000014 1.0647675979197662 6.9095455156646359 8.6025000000000027 4.5000000000000009 1.7750000000000001 1.2118139095015665 13.500000000000002 965.22500000000014 6.0725000000000007 0.34976978235021183 0.9426055981926128 5.2750000000000012 957.02500000000009 6.4513888888888902 953.22500000000014 957.72500000000014 5.1175000000000006
decision_type=2 10 10 2 2 8 10 10 2 2 2 2 2 2 2 10 2 8 2 2 2 8 2 2 8 2 2 2 2 8
left_child=1 3 12 16 5 -2 14 8 -6 19 -4 15 13 -3 24 -11 -1 18 26 22 21 -21 -5 -20 -7 -26 -15 -19 29 -29
right_child=4 2 10 9 7 6 -8 -9 -10 11 -12 -13 -14 17 -16 -17 -18 27 23 20 -22 -23 -24 -25 25 -27 -28 28 -30 -31
leaf_value=-3.5728898478214423e-05 -0.00032373751928105858 -4.689159503600963e-05 -9.1558578949832611e-06 -3.8237473628022245e-05 0.0029424176721539927 -0.00037314040915637533 -0.00012653852172181569 0.0081665191666837663 -0.0014128873159375047 -0.00013108161565320595 0.0023883203888754316 -1.2528802522925266e-05 0.0014114351478994088 -1.7924226107248267e-06 0.0057225267799171963 -1.4936759582313274e-05 -3.5687550352348877e-05 1.426942180015895e-06 -3.6592988233600066e-05 -1.1709325437586084e-05 -4.4671712202382809e-05 2.7710139255534533e-06 -0.00020083508114068945 -8.651385288815122e-05 -0.00078113561484418454 0.0016995972317221226 -0.00018324941342143952 -3.9857644959133736e-05 1.4743752380698116e-06 9.9522587486920368e-07
leaf_weight=4786 279 216 1291 13603 6062 207 357 18906 215 204 4723 811 1964 2590 3070 265 1919 18715 292 3578 404 4495 202 218 248 917 216 3125 9544 4067
leaf_count=4786 279 216 1291 13603 6062 207 357 18906 215 204 4723 811 1964 2590 3070 265 1919 18715 292 3578 404 4495 202 218 248 917 216 3125 9544 4067
internal_value=0.000497023 -8.78639e-05 0.000395456 -0.000837705 0.00198946 0.000789691 0.00118589 0.00223118 0.0013596 -0.000531845 0.0018013 -0.00256809 0.000188782 0.000108726 0.0016609 -0.00525949 -0.00191133 0.000136722 -0.000952123 -0.000414322 0.000129804 0.000294504 -0.000748371 -0.00407767 0.000156863 0.000858974 -0.000377801 0.00023869 -9.56931e-05 -0.0007995
internal_weight=107489 77228 46961 30267 30261 5078 4799 25183 6277 23562 6014 1280 40947 38983 4442 469 6705 38767 3316 22282 8477 8073 13805 510 1372 1165 2806 35451 16736 7192
internal_count=107489 77228 46961 30267 30261 5078 4799 25183 6277 23562 6014 1280 40947 38983 4442 469 6705 38767 3316 22282 8477 8073 13805 510 1372 1165 2806 35451 16736 7192
is_linear=0
shrinkage=0.03


Tree=12
num_leaves=31
num_cat=0
split_feature=22 22 19 21 9 10 19 19 24 2 2 11 1 19 1 10 18 1 26 24 9 19 27 3 26 18 24 21 33 1
split_gain=104.368 30.0435 19.3859 9.04137 6.67728 6.53317 13.8825 7.08875 6.04132 5.94648 6.2097 5.68608 5.31213 4.8545 5.20658 5.56093 5.905 5.05893 4.50376 5.73295 4.49329 4.47225 4.37414 4.23534 4.22996 4.08669 5.30266 3.69113 3.47641 3.42311
threshold=8.5023333333333362 2.4526388888888895 5.6125000000000016 2.5101817658811121 4.5000000000000009 2.5000000000000004 9.7025000000000023 6.7625000000000011 1.3750000000000002 1.211369574024485 1.2207695782691121 3.8725000000000005 21.475000000000005 2.1875000000000004 29.875000000000004 6.5000000000000009 3.2025000000000006 35.225000000000009 1.5125000000000004 1.2750000000000001 3.5000000000000004 4.1375000000000011 3.7306250000000007 3.9955794571832572 1.5725000000000005 11.232500000000002 4.3750000000000009 1.9916403414414965 -0.23343647497176648 4.4750000000000005
decision_type=2 2 10 2 2 2 10 8 8 2 2 2 2 8 2 2 2 2 2 10 2 8 2 2 2 2 8 2 2 2
left_child=1 4 8 -4 18 6 7 -2 9 24 -11 12 -5 23 25 -16 17 -17 19 -1 -18 -22 -7 -10 -3 -15 -27 28 -20 -9
right_child=5 2 3 11 -6 22 -8 29 13 10 -12 -13 -14 14 15 16 20 -19 27 -21 21 -23 -24 -25 -26 26 -28 -29 -30 -31
leaf_value=-3.4657031523867999e-05 -0.00021006294388113702 3.4904009500606881e-06 0.0023494291992011067 -0.00015738118892899729 -3.4528767520386255e-05 0.002803134447607279 -0.00012427342709412886 0.0045816416127493383 -1.4099210928912933e-06 -8.5497929857079733e-05 -3.6873764748284553e-05 0.00057530138605347073 0.00027844334088511367 9.8437887787257372e-07 0.00035193118997782285 -9.0142580122525191e-06 0.00035436402979083427 -5.2157678543466846e-05 -3.5902556577634759e-05 8.4732988241046312e-06 -5.338728299045159e-05 2.9592272520286705e-06 0.0078472052813677185 -1.9475378004402653e-05 -4.0143830722945638e-05 -0.00018318685889727587 -4.6686239559741097e-05 -8.3163491105232574e-05 -3.5939980951700114e-05 -0.0015086565694854173
leaf_weight=1185 205 1033 6022 402 2488 2443 386 3677 3895 237 341 1162 208 46002 2227 563 1668 227 1519 859 305 1101 20012 2655 2501 275 840 201 2595 210
leaf_count=1185 205 1033 6022 402 2488 2443 386 3677 3895 237 341 1162 208 46002 2227 563 1668 227 1519 859 305 1101 20012 2655 2501 275 840 201 2595 210
internal_value=0.000507701 -3.31237e-05 0.000170534 0.00158251 -0.00168199 0.0021241 0.00107607 0.00159043 -1.87856e-06 -0.00111343 -0.0039211 -0.000300506 -0.00263415 7.46952e-05 0.000169583 0.000994587 0.000305505 -0.002 -0.0021972 -0.00103367 0.000900292 -0.000348689 0.00233281 -0.000695652 -0.000649336 6.2837e-05 -0.00172768 -0.00274653 -0.00254625 0.00187847
internal_weight=107444 80511 71664 7794 8847 26933 4478 4092 63870 4112 578 1772 610 59758 53208 6091 3864 790 6359 2044 3074 1406 22455 6550 3534 47117 1115 4315 4114 3887
internal_count=107444 80511 71664 7794 8847 26933 4478 4092 63870 4112 578 1772 610 59758 53208 6091 3864 790 6359 2044 3074 1406 22455 6550 3534 47117 1115 4315 4114 3887
is_linear=0
shrinkage=0.03


Tree=13
num_leaves=31
num_cat=0
split_feature=22 16 19 22 10 31 25 2 30 26 34 34 9 10 26 19 30 14 10 35 9 19 0 2 26 29 35 34 26 10
split_gain=104.422 37.0587 15.9308 10.6665 7.72979 13.7732 16.2229 9.31357 7.50213 6.70536 5.40439 5.32127 5.54534 6.2231 5.65382 5.59346 6.2362 6.9655 5.28945 5.27117 5.22991 4.12122 4.2919 3.97892 4.7662 5.49478 4.31857 3.93656 6.82873 9.8192
threshold=8.5023333333333362 3.9975000000000005 5.6125000000000016 2.2679166666666668 2.5000000000000004 2.1257983995301379 4.8775000000000013 1.2182936004707428 4.3250000000000011 2.1575000000000006 950.12500000000011 950.62500000000011 5.5000000000000009 10.500000000000002 1.1875000000000002 3.1425000000000005 4.1750000000000016 0.30000000000003196 11.500000000000002 15.750000000000002 1.0000000180025095e-35 6.722500000000001 7.182500000000001 1.067347601825255 3.7575000000000007 1.2775000000000003 83.750000000000014 953.22500000000014 4.0525000000000011 2.5000000000000004
decision_type=2 10 10 2 2 2 10 2 2 2 2 2 2 2 2 8 2 2 2 2 2 10 2 2 2 2 2 2 2 2
left_child=1 3 27 11 5 20 -7 -8 -4 -5 21 19 13 14 -13 -16 17 -17 -15 -1 -2 22 -6 -11 25 -25 -27 -3 -29 -30
right_child=4 2 8 9 10 6 7 -9 -10 23 -12 12 -14 18 15 16 -18 -19 -20 -21 -22 -23 -24 24 -26 26 -28 28 29 -31
leaf_value=-8.0585232025231265e-05 -0.0010383582566022397 1.4686527556164334e-06 -1.5526514062809312e-05 -3.71439220764999e-06 -0.0011894425511678032 0.001503941464756521 -0.00041118889600065257 -0.00015662767867770461 0.0024838591405606483 -4.1113513514618243e-05 0.0077108129305313326 -3.3617320578151976e-05 1.061603087441399e-05 1.213906886004951e-05 -3.3618534873996218e-05 -3.4872685675971806e-05 -7.9116205883937631e-05 -3.3619293204811861e-05 -3.3654506310001818e-05 -3.3576134410902376e-05 0.0060127941688753505 0.0097495449862323759 0.0020631030729246131 4.9558385096827059e-06 2.2590050815694992e-06 -3.88825472560283e-05 -8.7640380457810257e-05 3.8958628337318337e-08 -7.9174007699755531e-05 1.1035641254637968e-06
leaf_weight=216 337 23497 1694 10717 490 649 206 200 5894 460 16756 638 526 451 1264 222 206 479 383 2291 3071 2175 3001 1087 2507 7250 341 18968 650 842
leaf_count=216 337 23497 1694 10717 490 649 206 200 5894 460 16756 638 526 451 1264 222 206 479 383 2291 3071 2175 3001 1087 2507 7250 341 18968 650 842
internal_value=0.000431215 -0.000108962 0.000373909 -0.000966016 0.00205002 0.00090846 -0.00208019 -0.00674453 0.00164283 -0.000651585 0.00227699 -0.00201796 -0.00267441 -0.00308964 -0.00376439 -0.00449311 -0.00629276 -0.00488244 -0.000808105 -0.000923169 0.00183534 0.00147381 0.000833238 -0.00114979 -0.00103619 -0.00136888 -0.00165442 0.000154702 -0.000149523 -0.0021002
internal_weight=107468 80583 51545 29038 26885 4463 1055 406 7588 22362 22422 6676 4169 3643 2809 2171 907 701 834 2507 3408 5666 3491 11645 11185 8678 7591 43957 20460 1492
internal_count=107468 80583 51545 29038 26885 4463 1055 406 7588 22362 22422 6676 4169 3643 2809 2171 907 701 834 2507 3408 5666 3491 11645 11185 8678 7591 43957 20460 1492
is_linear=0
shrinkage=0.03


Tree=14
num_leaves=31
num_cat=0
split_feature=22 16 19 22 29 4 9 16 27 10 17 9 10 24 2 2 35 34 9 10 10 29 10 35 10 24 25 2 30 7
split_gain=94.3808 35.0991 12.9297 9.2945 7.45622 7.03732 12.2504 12.7418 6.45037 5.7825 8.35733 5.56587 13.7711 5.44697 6.33768 5.24357 5.14816 6.53614 6.0015 7.78 6.14113 6.03909 4.97227 4.56437 4.48397 8.42955 6.80307 4.14784 4.10846 3.87046
threshold=8.5522777777777801 3.8275000000000006 5.6475000000000009 2.2679166666666668 2.6125000000000007 0.41076629543205778 5.5000000000000009 10.677500000000002 4.9906250000000014 8.5000000000000018 7.0875000000000012 1.0000000180025095e-35 2.5000000000000004 1.3750000000000002 1.2118139095015665 1.067347601825255 15.250000000000002 950.62500000000011 5.5000000000000009 10.500000000000002 11.500000000000002 2.2125000000000004 5.5000000000000009 65.750000000000014 5.5000000000000009 1.2250000000000003 4.2625000000000011 1.1526236958154461 12.425000000000002 18.500000000000004
decision_type=2 10 10 2 2 2 2 8 2 2 8 2 2 8 2 2 2 2 2 2 2 2 2 2 2 10 8 2 2 2
left_child=1 3 8 16 -4 6 -2 -8 13 10 -7 12 -12 14 -3 -5 -1 -18 19 21 -21 24 -13 -24 27 26 -26 -19 29 -15
right_child=5 2 4 15 -6 9 7 -9 -10 -11 11 22 -14 28 -16 -17 17 18 -20 20 -22 -23 23 -25 25 -27 -28 -29 -30 -31
leaf_value=-7.9489199884711902e-05 0.0025565063261762406 -3.6307463172415355e-05 -5.4236051259767958e-07 -3.9208526877603092e-05 0.0025440827296863552 -0.00030781721434405569 -0.0019334429195712478 0.0010197913252257532 0.0016596147064506636 0.0086921876662997919 -0.00066276274367463078 0.0092647237391645341 0.0050462100884881549 2.5244526479234645e-06 -8.1484265212780402e-05 -3.4503687917905167e-05 -3.2531853520454689e-05 1.6055731721951928e-05 1.0338417460742717e-05 1.1814525908380012e-05 -3.2644871120701758e-05 -7.8131264218036503e-05 0.0016759132416304776 -0.0022079948361661043 -8.0930504210697282e-05 -3.2503681000979319e-05 -3.2570130307219864e-05 -3.2608785542159908e-05 -6.561092974880101e-05 1.0694162539026591e-07
leaf_weight=226 3542 1966 1984 507 5525 330 203 305 2434 9581 395 9078 1228 14884 341 20713 2303 308 520 449 387 385 1645 210 250 478 293 1034 280 25828
leaf_count=226 3542 1966 1984 507 5525 330 203 305 2434 9581 395 9078 1228 14884 341 20713 2303 308 520 449 387 385 1645 210 250 478 293 1034 280 25828
internal_value=0.000472007 -3.60665e-05 0.000415347 -0.00089888 0.00156867 0.00202553 0.000872996 -0.00346199 0.00022583 0.00223305 0.00181662 0.00194077 0.000300369 0.000141257 -0.00127552 -0.000592226 -0.00187873 -0.0017185 -0.00243563 -0.00287211 -0.000335315 -0.00364185 0.00218404 0.000766129 -0.00306208 -0.00455848 -0.00710036 -0.00191091 0.000221138 0.000246236
internal_weight=107612 81095 53242 27853 7509 26517 4050 508 45733 22467 12886 12556 1623 43299 2307 21220 6633 6407 4104 3584 836 2748 10933 1855 2363 1021 543 1342 40992 40712
internal_count=107612 81095 53242 27853 7509 26517 4050 508 45733 22467 12886 12556 1623 43299 2307 21220 6633 6407 4104 3584 836 2748 10933 1855 2363 1021 543 1342 40992 40712
is_linear=0
shrinkage=0.03


Tree=15
num_leaves=31
num_cat=0
split_feature=22 22 19 22 21 10 17 26 8 29 19 9 34 10 29 10 25 10 35 25 28 33 11 10 17 34 34 34 0 26
split_gain=91.3811 34.5586 12.1022 11.5702 10.4974 7.12863 7.30608 6.88406 6.53255 5.87769 15.064 5.66678 6.5866 5.47413 7.22283 5.56641 7.32193 5.32044 5.07015 5.44252 5.0475 5.02329 5.00637 4.70507 5.56231 6.45595 6.86439 6.92488 5.10065 6.35643
threshold=8.6543055555555579 3.8495138888888891 5.3225000000000007 2.2679166666666668 2.4338596748004551 8.5000000000000018 7.0875000000000012 1.6425000000000003 10.500000000000002 5.0925000000000011 10.002500000000003 4.5000000000000009 950.92500000000018 10.500000000000002 2.2125000000000004 5.5000000000000009 4.2625000000000011 11.500000000000002 60.750000000000007 2.1025000000000005 1.2456089538657522 0.3090169943749474 3.8725000000000005 11.500000000000002 3.7825000000000002 961.52500000000009 954.92500000000018 956.02500000000009 7.2725000000000017 4.2825000000000015
decision_type=2 2 10 2 2 2 8 2 2 2 10 2 2 2 2 2 8 2 2 8 2 2 2 2 10 2 2 2 2 2
left_child=1 3 8 11 -4 6 -2 -5 23 10 -8 12 -1 14 15 18 -17 -15 -14 -20 -10 -18 -6 24 28 26 -26 -28 29 -3
right_child=5 2 4 7 22 -7 9 -9 20 -11 -12 -13 13 17 -16 16 21 -19 19 -21 -22 -23 -24 -25 25 -27 27 -29 -30 -31
leaf_value=-3.167888402724828e-05 -0.00029858269791373406 8.9830855732544717e-07 0.0020341990946912019 2.3525599557929108e-06 -9.8377067707384929e-05 0.0071814223343340229 0.0029834097210492258 -3.6923446981153363e-05 4.0253651987381085e-06 0.0072900935047228183 -0.00035550144365379294 -3.0140375107945254e-05 1.5616842721951908e-05 1.142046101617205e-05 -7.5787326291495408e-05 -7.8658353659037051e-05 -3.0098271496519496e-05 -3.1665524987080707e-05 -3.1630521975895138e-05 1.4098139430941646e-05 7.5297046568189693e-07 -3.1594708919570124e-05 0.00028573019848576514 8.4121030053878107e-06 1.2941691625306172e-05 4.5652507814631299e-06 -0.00011984930109398468 -4.7573716635527125e-05 -4.368899430711198e-05 -4.4682874522792619e-05
leaf_weight=1764 310 14225 7382 6702 730 10714 4648 13681 12636 9771 310 1933 365 392 333 317 271 364 518 271 12103 320 1671 1496 260 311 215 531 2329 937
leaf_count=1764 310 14225 7382 6702 730 10714 4648 13681 12636 9771 310 1933 365 392 333 317 271 364 518 271 12103 320 1671 1496 260 311 215 531 2329 937
internal_value=0.000436581 -5.27527e-05 0.000381135 -0.000926237 0.00133725 0.00199546 0.00157319 -0.00056754 0.000173349 0.0016694 0.000826919 -0.0019927 -0.00253354 -0.00335456 -0.00405625 -0.00337881 -0.00513253 -0.00111958 -0.00198274 -0.00332872 0.000500606 -0.00311577 -0.000385287 -0.000225417 -0.000354329 -0.00223071 -0.00339466 -0.00484953 -0.000212448 -1.14722e-05
internal_weight=107810 82057 54826 27231 9783 25753 15039 20383 45043 14729 4958 6848 4915 3151 2395 2062 908 756 1154 789 24739 591 2401 20304 18808 1317 1006 746 17491 15162
internal_count=107810 82057 54826 27231 9783 25753 15039 20383 45043 14729 4958 6848 4915 3151 2395 2062 908 756 1154 789 24739 591 2401 20304 18808 1317 1006 746 17491 15162
is_linear=0
shrinkage=0.03


Tree=16
num_leaves=31
num_cat=0
split_feature=16 30 23 19 23 19 8 21 31 25 34 9 16 16 30 9 34 35 26 35 34 26 33 24 35 34 14 1 33 19
split_gain=85.0744 26.1926 21.0759 11.2077 9.70833 9.62214 7.58549 7.30249 9.58767 12.1809 6.68549 5.94918 5.21284 5.10129 10.6348 4.62404 10.722 5.34698 4.62039 4.5773 5.94948 10.2723 10.6336 7.78013 7.14976 5.46353 5.33425 4.39205 4.51508 4.33116
threshold=7.0725000000000007 7.7750000000000012 0.039697850239731963 9.802500000000002 0.8013234008593636 4.7975000000000012 13.500000000000002 2.4338596748004551 2.5165561214201126 4.6575000000000015 955.12500000000011 5.5000000000000009 0.51750000000000018 0.51750000000000018 3.5250000000000008 5.5000000000000009 960.62500000000011 24.750000000000004 1.6075000000000002 14.750000000000002 951.22500000000014 1.8875000000000004 0.39873388578253682 1.6250000000000002 60.250000000000007 963.22500000000014 0.41868842830916458 9.2250000000000014 -0.27563735581699894 5.1175000000000006
decision_type=10 2 2 10 2 8 2 2 2 10 2 2 10 10 2 2 2 2 2 2 2 2 2 10 2 2 2 2 2 10
left_child=2 3 11 4 7 10 -4 29 15 -10 -3 13 -8 14 -1 17 -17 -9 27 -15 -21 23 -23 24 -22 -26 -24 -7 -29 -2
right_child=1 5 6 -5 -6 18 12 8 9 -11 -12 -13 -14 19 -16 16 -18 -19 -20 20 21 22 26 -25 25 -27 -28 28 -30 -31
leaf_value=-2.9141006509721538e-05 5.2020544261274206e-05 0.00025730263194309979 -7.4269888484801614e-06 -0.0003448364003441792 0.0061092563929704587 0.0033743974355758548 0.00042423233703676143 -7.7377309816477623e-05 -4.0844985303263286e-05 -0.00058130282910368513 -0.00017323339131694975 5.5794511255744664e-06 1.4460698780616176e-06 -4.2527399738352419e-05 -7.2143106432555183e-05 -9.0438107595511121e-06 -0.0019946806252592341 5.4013442856587145e-06 0.0057139870867354515 -3.1207530018863943e-05 5.5794511255744664e-06 -3.1379701471835675e-05 -3.4741262862483826e-05 5.6807945823424105e-06 -3.2139188688132324e-05 -7.6497739327157692e-05 -3.4325638562755273e-05 -0.0013239125984721213 0.0006536216820847079 0.0016450596194074506
leaf_weight=450 6875 749 24666 291 2821 451 1100 252 1159 209 365 1955 17293 361 231 992 206 7644 23409 4799 651 2075 500 1365 994 321 566 279 518 4286
leaf_count=450 6875 749 24666 291 2821 451 1100 252 1159 209 365 1955 17293 361 231 992 206 7644 23409 4799 651 2075 500 1365 994 321 566 279 518 4286
internal_value=0.000444361 0.00134204 -0.00034656 0.000644503 0.000714631 0.00201129 -1.53956e-05 0.000498382 -7.10804e-05 -0.00240787 -0.000713137 -0.00134562 0.000445646 -0.00158962 -0.00410641 0.00028157 -0.00145137 0.000545248 0.0021345 -0.00144058 -0.00133265 -0.00192589 -0.00315544 -0.000763489 -0.00196956 -0.00323864 -0.00558543 0.00035435 -0.00098379 0.00103197
internal_weight=107833 50506 57327 24735 24444 25771 43059 21623 10462 1368 1114 14268 18393 12313 681 9094 1198 7896 24657 11632 11271 6472 3141 3331 1966 1315 1066 1248 797 11161
internal_count=107833 50506 57327 24735 24444 25771 43059 21623 10462 1368 1114 14268 18393 12313 681 9094 1198 7896 24657 11632 11271 6472 3141 3331 1966 1315 1066 1248 797 11161
is_linear=0
shrinkage=0.03


Tree=17
num_leaves=31
num_cat=0
split_feature=22 16 19 22 24 26 4 1 25 10 31 19 19 16 30 2 8 34 32 2 5 5 14 24 22 0 22 34 34 30
split_gain=90.1036 30.4289 16.4358 9.0467 6.47946 6.38312 6.30772 5.75884 8.70199 4.94746 6.73182 17.1264 6.16188 4.61316 5.18347 4.54286 5.60172 6.48431 5.90817 5.95509 5.55505 5.31018 4.94001 5.36779 5.15632 4.52295 4.47422 4.4327 5.53843 5.14585
threshold=8.9047916666666698 3.8275000000000006 5.6475000000000009 2.2679166666666668 1.8750000000000002 2.0725000000000007 0.1154917915793591 -0.7749999999999998 2.6525000000000007 8.5000000000000018 2.1257983995301379 10.002500000000003 7.4625000000000012 10.957500000000001 7.4250000000000016 1.0606654351972422 13.500000000000002 962.12500000000011 -0.8949002852437673 1.2176200759404772 0.044138965703788051 0.027071779186479752 0.54380603159583007 1.3750000000000002 5.3868333333333345 7.2725000000000017 7.096055555555556 950.92500000000018 957.52500000000009 4.2250000000000005
decision_type=2 10 10 2 8 2 2 2 10 2 2 10 8 8 2 2 2 2 2 2 2 2 2 8 2 2 2 2 2 2
left_child=1 3 4 27 7 13 26 8 -3 10 -7 12 -12 14 -2 -5 18 -18 22 -20 21 -19 23 -17 -25 -9 -4 -1 29 -29
right_child=5 2 6 15 -6 9 -8 25 -10 -11 11 -13 -14 -15 -16 16 17 20 19 -21 -22 -23 -24 24 -26 -27 -28 28 -30 -31
leaf_value=-2.9709254192482424e-05 -0.0020581791067093868 -1.8411983166945616e-05 0.00025083151042254339 -3.4541804114341221e-05 1.2275003125467032e-06 0.0072415485423994175 0.0022579803706420242 -1.8720658733730829e-05 -0.0001161173207465169 0.0078496045947870473 -0.00026739359278501741 -0.00036361007323231469 0.0038515577309427133 0.0033026707754185329 0.00052910038205215447 -3.6412863082683172e-05 2.9995003213193827e-06 -3.73686240885717e-05 -5.4776285532945676e-07 -3.5948127177987449e-05 -2.1877964411652063e-06 -8.61217234484099e-05 -3.2905403050973636e-05 -3.8137631580069227e-05 -0.00029606407423538598 -9.0511681531102185e-05 -0.00021992573082947809 -2.9659111018958954e-05 -2.9634832868758818e-05 -3.4883769975438942e-05
leaf_weight=2546 215 361 805 204 43094 10688 7766 3445 253 9105 207 224 1451 846 768 232 7009 260 6687 1562 592 209 2585 1762 207 237 297 1305 2330 425
leaf_count=2546 215 361 805 204 43094 10688 7766 3445 253 9105 207 224 1451 846 768 232 7009 260 6687 1562 592 209 2585 1762 207 237 297 1305 2330 425
internal_value=0.000402769 -5.58458e-05 0.000345947 -0.000865508 0.000124064 0.00204483 0.00153094 -0.000986282 -0.00366397 0.00218842 0.00180119 0.000146264 0.00120505 0.000341876 -0.00105364 -0.000564558 -0.000520843 0.00010031 -0.000905291 -0.000418343 -0.00207974 -0.0045 -0.00174327 -0.00278649 -0.00226596 -0.000535395 -0.000590786 -0.00183512 -0.00245018 -0.00373487
internal_weight=107677 84173 56258 27915 47390 23504 8868 4296 614 21675 12570 1882 1658 1829 983 21309 21105 8070 13035 8249 1061 469 4786 2201 1969 3682 1102 6606 4060 1730
internal_count=107677 84173 56258 27915 47390 23504 8868 4296 614 21675 12570 1882 1658 1829 983 21309 21105 8070 13035 8249 1061 469 4786 2201 1969 3682 1102 6606 4060 1730
is_linear=0
shrinkage=0.03


Tree=18
num_leaves=31
num_cat=0
split_feature=20 16 12 23 27 21 7 16 9 21 10 34 8 33 17 26 26 35 33 35 9 10 20 29 16 16 20 28 31 16
split_gain=85.3986 30.424 8.28451 8.13367 7.79261 6.22982 5.41802 5.2046 6.3045 5.18812 5.5378 17.2359 5.08114 4.95033 4.40195 4.40938 4.37043 7.2517 7.45167 4.31806 4.11089 29.0213 4.04765 4.40615 4.31193 3.94612 3.77224 3.58548 3.49767 3.48899
threshold=8.6935416666666683 3.8275000000000006 3.6125000000000007 0.82764931824394938 4.925625000000001 2.4338596748004551 17.500000000000004 1.1825000000000003 1.0000000180025095e-35 2.4338596748004551 1.5000000000000002 959.12500000000011 20.500000000000004 0.28400453026986811 5.2275000000000009 1.9175000000000002 2.3075000000000006 78.750000000000014 -0.069756473744125441 16.250000000000004 1.0000000180025095e-35 2.5000000000000004 4.6256250000000012 1.7725000000000002 0.51750000000000018 6.342500000000002 3.4255000000000009 0.94613192789650191 1.7251975201973868 10.782500000000002
decision_type=2 10 10 2 2 2 2 10 2 2 2 2 2 2 10 2 2 2 2 2 2 2 2 2 10 10 2 2 2 8
left_child=1 2 7 9 5 6 25 8 13 -2 11 -11 -8 -1 19 -16 -4 -18 -19 -7 21 -5 23 -10 -25 -3 -14 28 -21 -12
right_child=3 4 16 20 -6 14 12 -9 22 10 29 -13 26 -15 15 -17 17 18 -20 27 -22 -23 -24 24 -26 -27 -28 -29 -30 -31
leaf_value=-2.887260454563981e-05 0.0038117858216571237 1.3912355971209453e-06 3.5901115411539338e-06 -0.0019023896820851217 0.0017425467301471131 -7.7048121899916429e-05 1.1370690758856493e-08 -3.0711848662693158e-05 -2.8703206342582153e-05 0.0049041542482094625 -2.0701305684930477e-05 -0.00067858428477355465 -4.3182382383357231e-05 -3.5595193820174605e-05 -0.00022826227284711154 -4.6769566020786901e-05 -9.5401429038749671e-06 -0.00015436744703264111 -2.9537712741152649e-05 -7.2413685268696292e-07 0.010001097926928366 0.013113119658901872 0.0002921125447481559 -5.3782085371555793e-05 -3.3899764045748654e-05 0.00060139268400555854 0.00015107941903322002 -6.7100978117274295e-06 5.1463066776149567e-06 0.0035127481938851388
leaf_weight=462 7191 6074 4873 231 4092 227 18776 13749 2197 226 1831 201 289 334 200 709 4528 200 236 2067 12797 1458 255 329 726 6604 3430 9174 2366 1924
leaf_count=462 7191 6074 4873 231 4092 227 18776 13749 2197 226 1831 201 289 334 200 709 4528 200 236 2067 12797 1458 255 329 726 6604 3430 9174 2366 1924
internal_value=0.000428337 -4.62625e-05 -0.000850828 0.00193114 0.000369245 0.00026598 0.000482944 -0.00123243 -0.00214276 0.00132967 0.000488655 -0.00272917 0.000203333 -0.00454682 -0.000251627 -0.00226805 -0.000150274 -0.000776414 -0.00444898 -0.000118361 0.00240273 0.00100767 -0.0015914 -0.00187719 -0.00346698 0.000978791 0.00121563 -4.91477e-05 0.000650969 0.000857713
internal_weight=107756 81897 27889 25859 54008 49916 35173 18052 4303 11373 4182 427 22495 796 14743 909 9837 4964 436 13834 14486 1689 3507 3252 1055 12678 3719 13607 4433 3755
internal_count=107756 81897 27889 25859 54008 49916 35173 18052 4303 11373 4182 427 22495 796 14743 909 9837 4964 436 13834 14486 1689 3507 3252 1055 12678 3719 13607 4433 3755
is_linear=0
shrinkage=0.03


Tree=19
num_leaves=31
num_cat=0
split_feature=20 22 19 22 12 9 29 34 34 31 9 26 9 19 34 34 30 26 26 28 24 4 26 9 9 28 30 33 11 8
split_gain=90.1488 30.6163 15.5227 7.90178 6.92305 7.4818 6.4646 5.86911 8.04813 7.76674 9.35815 6.27487 5.4593 4.8961 4.71951 4.67665 4.45092 4.41818 4.42084 4.8827 4.37318 5.08766 4.55604 4.32815 5.69913 11.1053 6.29719 7.08723 5.26993 4.32566
threshold=8.903666666666668 3.5259722222222227 5.6775000000000011 2.2679166666666668 7.0275000000000007 5.5000000000000009 2.6325000000000007 953.62500000000011 957.92500000000018 2.6386994588411286 3.5000000000000004 4.4975000000000014 4.5000000000000009 5.7525000000000013 949.72500000000014 950.92500000000018 4.0250000000000012 2.6025000000000005 3.1575000000000006 1.0768719166922629 1.3250000000000004 0.011667890616907357 1.8575000000000002 2.5000000000000004 1.0000000180025095e-35 1.570917659039418 6.075000000000002 0.078456108245891568 6.9375000000000009 5.5000000000000009
decision_type=2 2 10 2 8 2 2 2 2 2 2 2 2 8 2 2 2 2 2 2 10 2 2 2 2 2 2 2 2 2
left_child=1 3 7 12 5 -2 -4 29 9 23 -11 -10 15 -6 -15 -1 -13 -5 19 -19 21 -17 -22 24 -9 -26 -27 -28 -25 -3
right_child=4 2 6 17 13 -7 -8 8 11 10 -12 16 -14 14 -16 20 -18 18 -20 -21 22 -23 -24 28 25 26 27 -29 -30 -31
leaf_value=-2.8006426409270604e-05 0.0022988503104156657 -4.5468973382346357e-06 4.355846372597373e-05 -2.9473761609100592e-05 -0.00010539535476604474 -0.0014967522710570889 0.0025887232894491949 2.2210010901326478e-06 1.6183104159902226e-06 -1.101488782790469e-05 -9.0689113320426311e-05 -8.2091015823869827e-05 -2.651049330132712e-05 0.003009695972528001 0.008010542024659199 1.6451129553310353e-05 0.00037909001636732747 -3.9194617783312853e-05 -3.232865564750295e-05 3.614518921000627e-06 1.1729639567519898e-05 -2.7948133533065055e-05 -2.79064822699093e-05 -9.0091356228265065e-06 -4.3541263273183374e-05 -4.5446038929263552e-05 -0.00048581495408251622 -0.00012257926160817641 0.00040741905114993049 4.8434809365159936e-06
leaf_weight=1798 2754 7327 2211 10317 205 432 6482 1251 13336 276 273 358 1962 4132 16508 229 204 1717 3543 581 631 1731 507 3547 2165 227 230 209 1204 21407
leaf_count=1798 2754 7327 2211 10317 205 432 6482 1251 13336 276 273 358 1962 4132 16508 229 204 1717 3543 581 631 1731 507 3547 2165 227 230 209 1204 21407
internal_value=0.00039516 -6.97615e-05 0.000283486 -0.00100135 0.0020146 0.000710749 0.00145654 8.73144e-05 -0.000266695 -0.00094535 -0.0043917 0.000191613 -0.00185429 0.00221367 0.00225963 -0.00238972 -0.00289947 -0.000638866 -0.00129781 -0.00232132 -0.00309571 -0.0039542 -0.0016063 -0.000728785 -0.00144458 -0.00218865 -0.00556185 -0.00764189 -0.00011291 0.000374126
internal_weight=107754 83723 60707 23016 24031 3186 8693 52014 23280 9382 549 13898 6858 20845 20640 4896 562 16158 5841 2298 3098 1960 1138 8833 4082 2831 666 439 4751 28734
internal_count=107754 83723 60707 23016 24031 3186 8693 52014 23280 9382 549 13898 6858 20845 20640 4896 562 16158 5841 2298 3098 1960 1138 8833 4082 2831 666 439 4751 28734
is_linear=0
shrinkage=0.03


Tree=20
num_leaves=31
num_cat=0
split_feature=22 22 22 19 10 17 21 31 25 12 10 19 28 30 19 9 25 15 17 1 1 35 31 30 2 12 15 11 4 27
split_gain=85.6704 28.7514 12.4704 9.24209 7.58676 8.96235 5.96414 5.87797 6.00531 5.62972 5.28407 7.06752 6.17593 5.46031 15.4481 4.99027 4.88979 4.57171 4.36465 4.3949 4.0231 4.90693 3.98366 7.21464 6.55526 4.56874 4.41693 3.75219 3.79122 3.59298
threshold=8.6543055555555579 4.9997916666666677 2.4526388888888895 5.7125000000000012 8.5000000000000018 7.0875000000000012 2.4338596748004551 2.5165561214201126 4.7575000000000012 6.0025000000000013 5.5000000000000009 5.6775000000000011 2.1273917882351725 8.3750000000000018 9.7025000000000023 4.5000000000000009 3.3375000000000004 1.0000000180025095e-35 5.0725000000000007 25.275000000000002 -0.27499999999999986 63.250000000000007 1.8682117124560009 2.0250000000000004 1.2182936004707428 3.3725000000000005 0.17999999999999985 3.7975000000000008 0.048106838672869003 2.5220833333333341
decision_type=2 2 2 10 2 8 2 2 10 10 2 10 2 2 10 2 8 2 10 2 2 2 2 2 2 10 2 2 2 2
left_child=1 2 15 7 5 -2 -5 -3 18 -6 13 12 -12 14 -7 -1 -17 -18 19 -9 22 29 25 -24 -25 26 -4 28 -8 -22
right_child=4 3 20 6 9 10 27 8 -10 -11 11 -13 -14 -15 -16 16 17 -19 -20 -21 21 -23 23 24 -26 -27 -28 -29 -30 -31
leaf_value=-2.7769419756941365e-05 -0.00047933051719803628 3.7458079280795831e-06 -2.995876863551413e-05 0.002372914475757533 -0.0006565292157225172 0.0032312101073517286 4.9643526162341451e-05 2.3336387464700695e-06 -0.00015992538071009984 0.0069569994263937868 0.00050280353028663537 0.0066191139349501176 -0.0028448835066881067 0.0081986246040484413 -0.00072719878637112747 1.3329940388813795e-05 -3.2277326385949554e-05 1.3301373742293649e-05 -7.3456922219727595e-05 -5.1790576762208228e-05 -3.1776548411201754e-05 1.9479400861830035e-06 7.6954221147409696e-06 -7.7769195399786839e-05 -3.4269788346392872e-05 6.0416656786908997e-06 -4.3569253812112633e-05 0.00061529775789915208 -0.00019316009850235666 -2.8555802995268789e-07
leaf_weight=6430 323 29532 1528 5587 485 3777 257 1691 200 10171 891 1103 400 8086 345 1711 476 289 619 238 10329 8506 337 359 784 1186 615 1356 287 9576
leaf_count=6430 323 29532 1528 5587 485 3777 257 1691 200 10171 891 1103 400 8086 345 1711 476 289 619 238 10329 8506 337 359 784 1186 615 1356 287 9576
internal_value=0.000381954 -9.14673e-05 -0.000637583 0.000487051 0.00189725 0.00145981 0.00143633 0.000266687 -0.00105921 0.00250896 0.00156952 0.000280117 -0.00122454 0.00182216 0.000931912 -0.00163416 -0.000488513 -0.00247403 -0.000660399 4.49846e-05 -0.000370203 -0.000234269 -0.00117221 -0.00246465 -0.00359843 -0.000594781 -0.00142039 -1.57479e-05 -0.00210929 -0.000491964
internal_weight=107474 81893 42126 39767 25581 14925 7487 32280 2748 10656 14602 2394 1291 12208 4122 8906 2476 765 2548 1929 33220 28411 4809 1480 1143 3329 2143 1900 544 19905
internal_count=107474 81893 42126 39767 25581 14925 7487 32280 2748 10656 14602 2394 1291 12208 4122 8906 2476 765 2548 1929 33220 28411 4809 1480 1143 3329 2143 1900 544 19905
is_linear=0
shrinkage=0.03


Tree=21
num_leaves=31
num_cat=0
split_feature=22 22 19 27 10 17 22 26 12 10 19 22 8 21 29 19 26 32 8 21 10 1 26 21 10 26 32 1 8 16
split_gain=80.2646 30.8136 9.73788 9.60152 8.16815 8.19994 7.83302 7.50474 5.16775 4.84891 6.63928 5.86545 4.76552 5.2391 4.62727 15.4551 4.41439 4.39081 4.67939 4.11316 3.77398 6.77491 7.36498 6.0864 4.91585 8.89929 5.49111 4.52625 13.2415 4.25608
threshold=8.6543055555555579 3.5259722222222227 5.7125000000000012 2.8835416666666673 8.5000000000000018 7.0875000000000012 2.4179583333333339 3.1575000000000006 6.0025000000000013 5.5000000000000009 5.6775000000000011 10.683333333333335 10.500000000000002 1.3321426972962911 5.0925000000000011 10.002500000000003 2.1575000000000006 -0.81408451933196946 5.5000000000000009 2.697571245287635 11.500000000000002 -0.074999999999999997 2.4825000000000008 1.6061363448691623 9.5000000000000018 3.7025000000000006 -0.97625883275952019 24.675000000000004 7.5000000000000009 9.6525000000000016
decision_type=2 2 10 2 2 8 2 2 10 2 10 2 2 2 2 10 2 2 2 2 2 2 2 2 2 2 2 2 2 10
left_child=1 6 12 7 5 -2 -1 -4 -6 14 11 -11 20 -14 15 -7 -8 18 -18 -5 21 22 -3 -24 26 29 27 -23 -29 -26
right_child=4 2 3 19 8 9 16 -9 -10 10 -12 -13 13 -15 -16 -17 17 -19 -20 -21 -22 24 23 -25 25 -27 -28 28 -30 -31
leaf_value=-2.6276707048774211e-05 -0.00046495060168209515 -1.445990588724674e-07 2.4212299889213893e-05 0.0025523242324673959 -0.00036834913233137949 0.0029279294874264218 -1.2864270572982353e-06 -0.00026699664854519555 0.0065421828947930787 -7.0868176997011258e-05 0.0065150496319970851 -0.0035187943848223025 4.490281930635213e-05 1.1303757464536852e-06 0.0084335356124531965 -0.00084211624109337753 -3.7263603249494769e-05 -3.1340550762127143e-05 -3.5676783923386087e-05 -3.0508049552342776e-05 9.1742397662577011e-06 -8.2641218026889396e-06 -0.00028311567188898121 -4.0349039119776499e-05 -1.1623772937680806e-06 -0.00020068859012856014 1.6185859537870887e-06 -0.00020977175006589674 5.053022182383261e-05 -0.00025235327740565761
leaf_weight=8513 319 1902 1018 5499 507 4078 7253 242 10242 1021 1111 255 8085 19932 7966 290 805 4766 1626 900 1776 1492 202 1941 2665 380 12173 226 283 200
leaf_count=8513 319 1902 1018 5499 507 4078 7253 242 10242 1021 1111 255 8085 19932 7966 290 805 4766 1626 900 1776 1492 202 1941 2665 380 12173 226 283 200
internal_value=0.00037469 -8.50348e-05 0.000278305 0.0012757 0.00183403 0.00138185 -0.00101711 -0.00111462 0.00246578 0.00148533 0.000247074 -0.00122717 0.00012916 0.000392585 0.00172478 0.000938486 -0.000591491 -0.00111761 -0.00215394 0.00174688 -0.000188428 -0.000298477 -0.0014037 -0.00260754 -4.14944e-05 -0.00109385 0.000199732 -0.00125474 -0.00368288 -0.000517421
internal_weight=107668 81879 58916 7659 25789 15040 22963 1260 10749 14721 2387 1276 51257 28017 12334 4368 14450 7197 2431 6399 23240 21464 4045 2143 17419 3245 14174 2001 509 2865
internal_count=107668 81879 58916 7659 25789 15040 22963 1260 10749 14721 2387 1276 51257 28017 12334 4368 14450 7197 2431 6399 23240 21464 4045 2143 17419 3245 14174 2001 509 2865
is_linear=0
shrinkage=0.03


Tree=22
num_leaves=31
num_cat=0
split_feature=22 22 19 22 11 10 17 34 24 26 9 18 2 21 9 18 10 19 12 34 19 16 34 3 34 34 26 24 21 8
split_gain=79.3987 31.2298 12.0764 9.9449 7.8412 7.30993 7.12743 5.68191 7.47477 8.41601 5.45718 5.38092 5.99596 7.07678 5.18197 22.4314 6.07407 6.48317 5.64063 5.10611 4.94727 6.69472 4.93037 4.57669 5.05123 4.54733 5.48846 5.9139 4.69385 4.75127
threshold=8.9047916666666698 3.8495138888888891 5.7125000000000012 2.2679166666666668 3.7975000000000008 8.5000000000000018 7.0875000000000012 953.42500000000018 1.3750000000000002 1.5725000000000005 4.5000000000000009 10.312500000000002 1.2214465925583009 3.1095596887872481 1.0000000180025095e-35 14.692500000000003 5.5000000000000009 6.5875000000000012 9.9125000000000014 959.82500000000016 5.1525000000000007 7.3175000000000017 959.22500000000014 6.2832113634065125 956.22500000000014 950.92500000000018 1.6925000000000001 1.2750000000000001 1.3009107380340736 14.500000000000002
decision_type=2 2 10 2 2 2 8 2 8 2 2 2 2 2 2 2 2 10 10 2 8 10 2 2 2 2 2 10 2 2
left_child=1 3 7 10 -4 6 -2 -3 9 -9 25 20 -13 -14 15 -8 -16 18 -18 -11 22 23 -10 -22 -25 -1 27 -27 29 -28
right_child=5 2 4 -5 -6 -7 14 8 11 19 -12 12 13 -15 16 -17 17 -19 -20 -21 21 -23 -24 24 -26 26 28 -29 -30 -31
leaf_value=-2.5518081923760065e-05 -0.00038983994660073292 2.3651144934858958e-06 -8.9903347281570671e-05 -2.9997921308695517e-05 0.002065956591737379 0.0065520239567581811 0.0022951235707669659 8.1028398820238814e-06 -2.7935875469446842e-05 -9.1012131493377332e-05 -2.517524756918853e-05 -4.0434639858896627e-05 -0.00028740856356849353 -3.6623228817832349e-05 0.0069920945109468004 -0.0022668765146544559 0.00034127955282265852 0.0074195976393341845 -0.0028266162803796237 -3.2760180702082032e-05 1.0981701825873023e-06 0.00039871387446697797 2.389072529256484e-06 -0.00027735454831537054 -1.0203712523446425e-05 -2.531368982335049e-05 -2.5406807024751388e-05 1.3931526231620514e-05 -3.308181193665218e-05 -1.9443375103692949e-05
leaf_weight=1734 242 26121 972 20475 7704 9864 1547 247 3459 301 1912 1638 299 443 9835 265 623 745 317 290 6028 5533 2523 518 883 882 1044 586 309 294
leaf_count=1734 242 26121 972 20475 7704 9864 1547 247 3459 301 1912 1638 299 443 9835 265 623 745 317 290 6028 5533 2523 518 883 882 1044 586 309 294
internal_value=0.000343178 -8.67576e-05 0.000312777 -0.000922213 0.00134293 0.0018873 0.00143472 0.000127547 -0.000225741 -0.00299644 -0.00191945 -0.00011618 -0.00145912 -0.00368675 0.00152778 3.63237e-05 0.00176226 9.76332e-05 -0.00155556 -0.00492785 5.28789e-05 0.000382201 -0.000660431 -0.000206215 -0.00174751 -0.00245426 -0.00313942 -0.00179633 -0.00432748 -0.00353388
internal_weight=107633 84195 56959 27236 8676 23438 13574 48283 22162 838 6761 21324 2380 742 13332 1812 11520 1685 940 591 18944 12962 5982 7429 1401 4849 3115 1468 1647 1338
internal_count=107633 84195 56959 27236 8676 23438 13574 48283 22162 838 6761 21324 2380 742 13332 1812 11520 1685 940 591 18944 12962 5982 7429 1401 4849 3115 1468 1647 1338
is_linear=0
shrinkage=0.03


Tree=23
num_leaves=31
num_cat=0
split_feature=22 22 19 30 10 22 17 10 35 9 18 9 14 16 35 9 10 1 1 24 29 21 9 1 28 12 28 9 35 1
split_gain=79.1702 30.3501 15.1959 7.34024 6.0563 5.77352 5.4399 5.66499 7.09142 5.68043 18.855 5.11336 5.00068 8.39532 4.89232 5.8887 6.83625 5.1082 4.80951 5.03448 4.79413 4.16821 4.24524 4.24916 6.52605 3.9949 3.88009 5.52628 5.39969 8.14327
threshold=8.9047916666666698 2.4526388888888895 5.6475000000000009 5.8250000000000011 8.5000000000000018 4.9997916666666677 7.0875000000000012 5.5000000000000009 67.750000000000014 1.0000000180025095e-35 14.692500000000003 4.5000000000000009 0.22928326314227457 0.95250000000000024 28.250000000000004 3.5000000000000004 4.5000000000000009 35.875000000000007 -0.47499999999999992 1.1750000000000005 1.2325000000000002 2.4585755529567694 1.5000000000000002 21.475000000000005 1.0106923162826822 6.0025000000000013 1.8246232487702956 4.5000000000000009 66.750000000000014 19.475000000000005
decision_type=2 2 10 2 2 2 8 2 2 2 2 2 2 10 2 2 2 2 2 8 2 2 2 2 2 10 2 2 2 2
left_child=1 11 5 21 6 18 -2 9 -9 10 -8 12 13 -1 15 -7 -17 -18 19 -3 -20 -4 -23 24 -24 -6 -16 28 29 -28
right_child=4 2 3 -5 25 14 7 8 -10 -11 -12 -13 -14 -15 26 16 17 -19 20 -21 -22 22 23 -25 -26 -27 27 -29 -30 -31
leaf_value=-3.1032222565244599e-05 -0.00043930688523361036 -7.4842407261603618e-05 0.00046676080365024708 0.0027500667215449403 -0.0005272124643112896 0.0011671035878927528 0.0030590086196580859 0.0013051143935755931 -0.0029982003197709622 0.0069736381663781724 -0.0022024021447660551 -2.4563644137044713e-05 -2.4752539466047269e-05 -2.4695987315098215e-05 1.9118233826313182e-06 -7.0791991294756154e-05 0.0008493919588724952 -4.2470064669176859e-05 4.0569592764835672e-06 -3.0436826418521728e-05 -4.3121271506211439e-06 0.0025348026736347201 0.00032570099398721676 0.00063812419389537914 -0.00042802300947414269 0.0066054629996368562 -0.0001599125133327231 0.00016076531973875991 4.3906413514594431e-06 -2.4149472588831599e-05
leaf_weight=400 271 324 2363 5441 361 2592 1246 1848 203 9738 223 2443 4991 1070 22832 276 1450 303 3534 4408 24761 279 243 282 489 9620 1276 1727 1451 1188
leaf_count=400 271 324 2363 5441 361 2592 1246 1848 203 9738 223 2443 4991 1070 22832 276 1450 303 3534 4408 24761 279 243 282 489 9620 1276 1727 1451 1188
internal_value=0.000342899 -8.72598e-05 0.000108835 0.00125808 0.00188178 -4.93595e-05 0.00146719 0.00155349 0.000103599 0.00181868 7.9376e-05 -0.00174296 -0.00218481 -0.00372203 0.000230665 0.00113554 -7.52211e-05 0.000619454 -0.000329953 -0.00121469 -0.000181802 0.000217973 -0.00114869 -0.00204907 -0.0032483 0.00244272 8.36407e-05 -0.000620506 -0.00124362 -0.00209721
internal_weight=107633 84123 75219 9097 23510 66122 13529 13258 2051 11207 1469 8904 6461 1470 33095 4621 2029 1753 33027 4732 28295 3656 1293 1014 732 9981 28474 5642 3915 2464
internal_count=107633 84123 75219 9097 23510 66122 13529 13258 2051 11207 1469 8904 6461 1470 33095 4621 2029 1753 33027 4732 28295 3656 1293 1014 732 9981 28474 5642 3915 2464
is_linear=0
shrinkage=0.03


Tree=24
num_leaves=31
num_cat=0
split_feature=22 22 19 29 10 27 17 10 19 30 9 18 16 1 16 12 1 22 9 27 18 1 16 16 32 21 3 30 16 2
split_gain=76.0047 29.8815 14.1966 7.45307 7.04412 5.67952 5.66454 5.56059 5.80773 5.51093 5.41453 17.4602 4.63245 4.08849 7.57418 4.01721 4.07721 3.81089 3.74844 5.92501 3.54966 7.96337 3.5072 3.49462 3.37608 4.72578 4.76642 3.41764 3.26642 3.67243
threshold=8.9047916666666698 2.4859166666666672 5.7125000000000012 2.6125000000000007 8.5000000000000018 4.9906250000000014 7.0875000000000012 5.5000000000000009 5.017500000000001 12.325000000000003 1.0000000180025095e-35 14.692500000000003 8.4575000000000014 -7.7249999999999988 4.432500000000001 4.7825000000000015 5.2750000000000012 10.921125000000002 1.5000000000000002 3.5356250000000005 11.162500000000001 -2.7749999999999995 2.6975000000000007 3.9975000000000005 0.62249093318774806 1.9916403414414965 3.6225979041159664 2.4250000000000007 3.8275000000000006 1.2319223162890933
decision_type=2 2 10 2 2 2 8 2 10 2 2 2 8 2 8 10 2 2 2 2 2 2 8 10 2 2 2 2 10 2
left_child=1 13 5 -4 6 9 -2 10 17 15 11 -8 -12 -1 24 16 18 -9 19 28 -17 -22 -20 -7 25 26 -15 -26 29 -3
right_child=4 2 3 -5 -6 23 7 8 -10 -11 12 -13 -14 14 -16 20 -18 -19 22 -21 21 -23 -24 -25 27 -27 -28 -29 -30 -31
leaf_value=1.6664279850756336e-05 -0.00038743407217785639 -3.6024383260159184e-05 -2.5381035612442713e-05 0.0022520268545619749 0.0059300473827867779 -5.3064140012237155e-05 0.0020754145616252626 -0.00071922287632961482 0.0060578564333189679 -0.00010022509092097162 -0.0012863815557723523 -0.0021363300804230732 0.0072490229214331103 -2.5126288127358103e-05 -2.888371901642624e-05 2.7650082051318066e-06 -5.4034086654714342e-07 -0.0036074511172692041 -3.2616529080931011e-05 -0.00011344546803974067 -0.00026995837498283433 -5.8292396925327394e-05 -1.4416893978134537e-06 0.0015436761499836745 1.3823156711303234e-05 -3.0435433766240509e-05 1.6698780034640915e-05 -2.5901055803496215e-05 -1.2266921623828283e-05 -2.4372400052396405e-05
leaf_weight=316 259 912 2120 6534 9918 293 1268 904 921 466 259 213 9619 5691 362 25646 25076 205 1445 214 202 848 6086 2797 1069 211 255 1472 1756 448
leaf_count=316 259 912 2120 6534 9918 293 1268 904 921 466 259 213 9619 5691 362 25646 25076 205 1445 214 202 848 6086 2797 1069 211 255 1472 1756 448
internal_value=0.000327721 -9.37143e-05 0.000106336 0.00124864 0.00183352 -4.31005e-05 0.00139046 0.00147581 2.94841e-05 -0.000104637 0.00173416 4.23958e-05 0.00198766 -0.0016898 -0.00180695 -8.03185e-05 -0.00028738 -0.00142998 -0.000772777 -0.00161019 0.00019842 -0.00150711 -0.000401672 0.00121163 -0.00162771 -0.0020073 -0.00184708 -0.000705813 -0.00127267 -0.00237363
internal_weight=107785 84219 74843 8654 23566 66189 13648 13389 2030 63099 11359 1481 9878 9376 9060 62633 35937 1109 10861 3330 26696 1050 7531 3090 8698 6157 5946 2541 3116 1360
internal_count=107785 84219 74843 8654 23566 66189 13648 13389 2030 63099 11359 1481 9878 9376 9060 62633 35937 1109 10861 3330 26696 1050 7531 3090 8698 6157 5946 2541 3116 1360
is_linear=0
shrinkage=0.03


Tree=25
num_leaves=31
num_cat=0
split_feature=23 23 19 8 29 10 19 1 10 26 24 34 35 17 19 23 34 26 33 1 24 5 17 10 19 23 35 19 34 9
split_gain=74.686 27.9183 14.8992 8.2988 8.23559 5.86841 5.76623 5.56729 9.13894 7.58546 9.89806 5.70717 8.16754 9.06199 9.00344 5.92898 5.21117 8.25213 10.0474 7.34478 5.7743 5.04215 5.00169 4.86429 4.73545 4.66377 4.54725 7.53848 4.48132 9.09115
threshold=0.74641177189413532 0.039697850239731963 5.7125000000000012 13.500000000000002 3.1475000000000004 8.5000000000000018 6.5875000000000012 5.4750000000000005 11.500000000000002 1.7075000000000002 1.7750000000000001 961.52500000000009 81.250000000000014 2.9175000000000004 0.94750000000000012 0.5496169325285013 952.52500000000009 1.6425000000000003 0.49240481012316878 17.525000000000002 1.2750000000000001 0.019318061135908782 10.212500000000002 5.5000000000000009 7.1525000000000007 0.2168836745111907 53.750000000000007 0.97250000000000014 963.47500000000014 1.5000000000000002
decision_type=2 2 10 2 2 2 8 2 2 2 10 2 2 10 10 2 2 2 2 2 10 2 8 2 10 2 2 8 2 2
left_child=1 16 3 7 -4 6 -2 8 9 -3 11 12 13 15 -14 -11 26 20 -19 21 28 -20 -9 -8 -25 -10 27 -1 -18 -30
right_child=5 2 4 -5 -6 -7 23 22 25 10 -12 -13 14 -15 -16 -17 17 18 19 -21 -22 -23 -24 24 -26 -27 -28 -29 29 -31
leaf_value=-3.4250406266688374e-05 -0.00041450465651126641 1.776154237052206e-06 3.2614013618646978e-05 3.9537428072302506e-06 0.002726707162136059 0.0070814519842105558 0.0058149569368265101 -3.549851291055074e-05 -3.5977978700803091e-06 -2.7319815583962691e-05 -1.3389945799617691e-05 -3.0744403648770999e-05 -0.00028350307602428452 -0.00011043138820426244 -2.8784951545124546e-05 -0.00078210243746133258 -2.3190713951506228e-05 -2.4403943652175467e-05 -2.86900747462772e-05 -3.5929781609391536e-05 7.7414080305636918e-06 -2.3754612120004075e-05 8.2896418737007582e-07 -0.0017981024652928747 0.010791094352781628 0.0010544243283829736 1.0151862653133229e-05 -2.4330270579455847e-05 -6.8418054463874309e-05 -2.3232530200398993e-05
leaf_weight=860 217 2429 3369 26455 6290 9093 10352 1573 1304 1184 2770 1342 336 206 200 316 1301 2757 311 340 1561 411 23222 875 600 1332 2061 4093 236 284
leaf_count=860 217 2429 3369 26455 6290 9093 10352 1573 1304 1184 2770 1342 336 206 200 316 1301 2757 311 340 1561 411 23222 875 600 1332 2061 4093 236 284
internal_value=0.000349352 -4.11447e-05 0.000197752 2.86723e-05 0.00129418 0.00194783 0.00151232 -0.000266379 -0.000814338 -0.00127913 -0.00182387 -0.00286375 -0.00378905 -0.00275979 -0.00700924 -0.00193355 -0.00125633 -0.00182306 -0.00277798 -0.00525211 -0.00074225 -0.00349931 -1.39112e-05 0.00160167 -1.0135e-05 0.000733813 -0.0006736 -0.00116599 -0.00188773 -0.00422857
internal_weight=107680 86543 72328 62669 9659 21137 12044 36214 11419 8783 6354 3584 2242 1706 536 1500 14215 7201 3819 1062 3382 722 24795 11827 1475 2636 7014 4953 1821 520
internal_count=107680 86543 72328 62669 9659 21137 12044 36214 11419 8783 6354 3584 2242 1706 536 1500 14215 7201 3819 1062 3382 722 24795 11827 1475 2636 7014 4953 1821 520
is_linear=0
shrinkage=0.03


Tree=26
num_leaves=31
num_cat=0
split_feature=27 16 20 19 8 25 21 34 10 8 1 19 9 10 16 23 26 29 12 1 10 10 29 19 19 27 35 30 26 12
split_gain=75.7916 19.8345 18.0388 14.3595 8.61879 6.62778 6.61377 4.92438 7.0574 7.87901 7.99043 7.93184 8.61735 7.05923 4.98145 4.87787 5.13399 5.38207 4.65404 4.58671 4.44801 4.41277 4.47781 13.6315 6.54474 4.37999 4.24284 4.23563 4.17784 7.44105
threshold=3.7135416666666674 10.462500000000002 2.4964583333333334 4.6225000000000014 16.500000000000004 1.6825000000000003 2.4338596748004551 950.52500000000009 10.500000000000002 17.500000000000004 -7.7249999999999988 0.40250000000000008 5.5000000000000009 9.5000000000000018 2.9625000000000008 0.066395018712519807 2.5125000000000006 6.6325000000000012 1.8075000000000003 -1.4749999999999999 11.500000000000002 8.5000000000000018 5.3425000000000011 10.002500000000003 6.5475000000000012 1.6606250000000002 14.750000000000002 5.3750000000000009 2.3975000000000004 5.392500000000001
decision_type=2 10 2 10 2 8 2 2 2 2 2 10 2 2 8 2 2 2 10 2 2 2 2 10 8 2 2 2 2 10
left_child=2 3 7 5 28 -2 -5 26 9 10 -9 12 13 14 18 -7 17 27 -12 -8 -10 22 23 24 -3 -22 -1 -17 -4 -30
right_child=1 21 4 6 -6 15 19 8 20 -11 11 -13 -14 -15 -16 16 -18 -19 -20 -21 25 -23 -24 -25 -26 -27 -28 -29 29 -31
leaf_value=-3.0800514630451389e-05 -4.4684481110725573e-05 -0.00056212238027672176 -5.9772423450412864e-07 0.0032144416816045616 3.5498091461810993e-06 -3.7499076409185241e-05 -0.00072890712391627632 1.5932109214316701e-05 1.4383795462648099e-05 7.4825630629114093e-06 -3.0215013688906672e-05 -2.3698024487373313e-05 1.4599085367739804e-05 -1.8729633103185016e-05 -4.7167625055578454e-05 -0.00064399336855540932 0.00030801378734204534 -0.0010243480276604577 -2.3600327490027692e-05 0.00022917097484384798 -2.5362637094988678e-05 0.0076719544323234955 0.0094883092862794293 -0.0013378663920085164 0.0030048404662243147 1.060622840724534e-05 -2.245938911725904e-05 5.2700651488910964e-06 -2.9918197309380389e-05 3.6130149532903611e-06
leaf_weight=283 416 200 20788 6868 18424 802 201 248 834 879 393 2168 218 202 308 207 9819 494 473 1705 311 7747 6302 273 2734 364 3831 2516 11971 5489
leaf_count=283 416 200 20788 6868 18424 802 201 248 834 879 393 2168 218 202 308 207 9819 494 473 1705 311 7747 6302 273 2734 364 3831 2516 11971 5489
internal_value=0.000323747 0.00135253 -0.000293173 0.000776017 -8.14086e-05 0.000188092 0.00173049 -0.00143425 -0.00195471 -0.00250776 -0.00307098 -0.00341492 -0.00502064 -0.00589573 -0.00678371 0.000300802 0.000440764 -0.000598696 -0.00555913 0.000166405 -0.000160502 0.00212143 0.00168667 0.000772416 0.0013719 -0.00196324 -0.000623452 -7.36802e-05 -0.000338169 -0.000680217
internal_weight=107468 40284 67184 23028 56672 14254 8774 10512 6398 4889 4010 3762 1594 1376 1174 13838 13036 3217 866 1906 1509 17256 9509 3207 2934 675 4114 2723 38248 17460
internal_count=107468 40284 67184 23028 56672 14254 8774 10512 6398 4889 4010 3762 1594 1376 1174 13838 13036 3217 866 1906 1509 17256 9509 3207 2934 675 4114 2723 38248 17460
is_linear=0
shrinkage=0.03


Tree=27
num_leaves=31
num_cat=0
split_feature=22 22 19 24 27 26 9 10 9 34 31 16 34 1 25 34 19 16 18 10 25 19 18 27 27 34 1 26 29 34
split_gain=69.5388 32.1583 16.4273 7.2622 5.70633 6.59075 5.36589 5.2639 14.286 23.2696 7.2342 13.9756 5.89544 4.81585 5.16568 5.71638 4.81071 4.68857 5.24767 8.04893 12.316 4.98346 5.19377 4.68224 4.63069 4.15349 3.94493 6.57283 3.99229 3.80381
threshold=9.3423611111111136 2.4526388888888895 5.9925000000000006 1.7750000000000001 2.8693750000000011 3.2025000000000006 4.5000000000000009 2.5000000000000004 1.0000000180025095e-35 956.92500000000018 2.1257983995301379 11.957500000000001 949.92500000000018 -0.17499999999999993 2.3625000000000007 961.62500000000011 8.5875000000000021 3.9975000000000005 10.412500000000001 1.5000000000000002 4.4125000000000005 3.5875000000000004 13.007500000000002 5.0893750000000013 4.6379166666666682 964.77500000000009 -5.8249999999999984 3.7575000000000007 7.2025000000000015 963.22500000000014
decision_type=2 2 10 8 2 2 2 2 2 2 2 10 2 2 10 2 10 10 2 2 10 10 2 2 2 2 2 2 2 2
left_child=1 6 3 13 5 -4 29 8 9 -2 -10 -12 16 14 -3 -16 -9 23 24 20 -20 22 -21 -5 25 26 27 -19 -28 -1
right_child=7 2 4 17 -6 -7 -8 12 10 -11 11 -13 -14 -15 15 -17 -18 18 19 21 -22 -23 -24 -25 -26 -27 28 -29 -30 -31
leaf_value=-2.2763633849241288e-05 -0.0024995760153861523 -1.5862863626734141e-05 0.00016869963706040626 -7.8534890020867827e-06 0.0022722927314333839 -0.00041450176261082313 -2.1580113425125395e-05 0.00059814522369589537 0.0070106299444137026 0.0014003173531052962 -0.0016060437928575103 0.0021022924119160199 0.0080232032956724601 -2.7669175465921505e-05 -7.9197222303759582e-05 -2.9273149357884404e-05 0.012849491212480304 4.5315637838507467e-06 -0.00010026463739842452 -4.2907941067803295e-05 -0.00080816500405971612 0.00096794160706983521 -0.00031238721819185598 -0.00025574181810337137 0.0012295866117095473 7.7001454157924437e-06 1.5094199124025608e-06 -9.0418247951674438e-05 -0.00078568191949043137 -2.5381492175145785e-05
leaf_weight=5742 214 612 792 16999 7474 212 2529 2734 2276 231 212 343 13124 5580 272 238 1002 492 403 2355 204 1122 211 255 4381 2251 34225 368 212 695
leaf_count=5742 214 612 792 16999 7474 212 2529 2734 2276 231 212 343 13124 5580 272 238 1002 492 403 2355 204 1122 211 255 4381 2251 34225 368 212 695
internal_value=0.00031346 -5.19005e-05 0.000142176 -8.54872e-06 0.00138913 -0.000731417 -0.00175365 0.00190298 0.000800975 -0.00416667 0.0015878 -0.00147321 0.00211681 -0.000947368 -0.00273647 -0.00495146 0.00106335 9.06385e-05 0.000248156 -0.00075 -0.00393627 -0.000220958 -0.000949825 -0.000331305 0.000350479 0.000242697 0.000162909 -0.00183815 0.000213141 -0.00221344
internal_weight=107760 87624 78658 70180 8478 1004 8966 20136 3276 445 2831 555 16860 6702 1122 510 3736 63478 46224 4295 607 3688 2566 17254 41929 37548 35297 860 34437 6437
internal_count=107760 87624 78658 70180 8478 1004 8966 20136 3276 445 2831 555 16860 6702 1122 510 3736 63478 46224 4295 607 3688 2566 17254 41929 37548 35297 860 34437 6437
is_linear=0
shrinkage=0.03


Tree=28
num_leaves=31
num_cat=0
split_feature=22 22 12 26 10 24 21 19 1 28 21 11 19 35 34 9 24 12 8 10 31 24 35 1 26 35 9 8 24 9
split_gain=66.9081 27.8512 10.1288 8.20566 7.54882 6.6586 6.37003 5.798 8.86011 5.09885 5.04024 4.84698 4.56773 22.2342 6.37052 4.47065 5.36454 4.29552 4.20304 6.68432 11.0807 6.47508 5.49824 4.60047 7.34977 5.37125 4.55271 4.37831 4.19644 4.05884
threshold=8.6543055555555579 2.4526388888888895 4.8625000000000016 2.6475000000000004 8.5000000000000018 3.3250000000000006 3.2335623412309302 4.892500000000001 -2.3749999999999996 1.2662872235225058 1.6861616908142805 12.187500000000002 9.9025000000000016 49.250000000000007 949.72500000000014 1.0000000180025095e-35 7.1750000000000016 6.0025000000000013 5.5000000000000009 9.5000000000000018 1.9828745600804429 1.5750000000000004 66.750000000000014 7.2250000000000005 3.4175000000000004 46.750000000000007 2.5000000000000004 3.5000000000000004 4.1250000000000009 3.5000000000000004
decision_type=2 2 10 2 2 8 2 10 2 2 2 2 10 2 2 2 8 10 2 2 2 10 2 2 2 2 2 2 10 2
left_child=1 -1 3 -3 6 10 11 9 -9 -7 -4 12 14 -14 -2 -8 -17 -6 19 21 27 23 -22 24 -5 26 -25 -21 -20 -30
right_child=4 2 5 18 17 7 15 8 -10 -11 -12 -13 13 -15 -16 16 -18 -19 28 20 22 -23 -24 25 -26 -27 -28 -29 29 -31
leaf_value=-2.1970204278568272e-05 2.6118985319557749e-05 5.4693042958759709e-07 7.5340876943855762e-06 -5.2167421553042769e-05 -0.00068944326881093616 1.0165841756228546e-05 -0.0021860066712142533 -0.00034793863583259513 0.0015137829491747967 -1.7155052253315337e-06 -3.1548249963565624e-05 0.010273508783103532 0.010263446899625933 -0.0015394268243821333 0.0046412754557146789 -0.00056617879010172208 0.0025094627684499088 0.0055550540890996567 -2.7204313235301008e-06 8.8032666586795348e-06 -0.00015727929564882589 4.8743706019022288e-06 -3.4041321620225781e-05 -5.715667651034728e-05 -2.6609112725180463e-05 3.367434061241157e-06 -3.1133650477844184e-05 -3.6890900305822821e-05 -8.3405575959359475e-06 -5.3582686063708051e-05
leaf_weight=8919 2503 24102 2347 206 471 9052 384 322 8263 10597 3855 2732 478 258 6328 308 1874 10293 7568 472 203 1307 292 307 592 1261 773 229 763 488
leaf_count=8919 2503 24102 2347 206 471 9052 384 322 8263 10597 3855 2732 478 258 6328 308 1874 10293 7568 472 203 1307 292 307 592 1261 773 229 763 488
internal_value=0.000292519 -0.000126045 6.73526e-05 -0.000266568 0.00163014 0.000441276 0.00119132 0.000636779 0.00128696 0.000352447 -0.000448526 0.00147489 0.00115556 -0.00110931 0.00134484 -0.000168028 0.000359397 0.00223531 -0.000831398 -0.00147052 -0.00345712 -0.000932824 -0.00687 -0.0016708 -0.00363138 -0.000996164 -0.00254378 -0.00101558 -0.000421917 -0.00202787
internal_weight=107547 81918 72999 38563 25629 34436 14865 28234 8585 19649 6202 12299 9567 736 8831 2566 2182 10764 14461 5642 1196 4446 495 3139 798 2341 1080 701 8819 1251
internal_count=107547 81918 72999 38563 25629 34436 14865 28234 8585 19649 6202 12299 9567 736 8831 2566 2182 10764 14461 5642 1196 4446 495 3139 798 2341 1080 701 8819 1251
is_linear=0
shrinkage=0.03


Tree=29
num_leaves=31
num_cat=0
split_feature=22 22 19 24 11 9 20 34 9 26 34 33 27 10 20 25 35 25 15 1 27 19 32 22 28 21 29 25 19 27
split_gain=66.595 29.9953 14.5506 6.9145 6.49831 5.13752 4.83496 4.53877 5.86827 5.41489 6.11009 5.9126 6.15954 5.40226 4.40492 4.21037 4.15352 4.21635 4.19937 4.08213 4.71681 3.9705 17.9015 3.84916 4.2043 3.82601 3.78857 3.75242 3.61589 3.3642
threshold=9.3423611111111136 2.4526388888888895 5.7125000000000012 1.8750000000000002 3.7975000000000008 4.5000000000000009 7.2141666666666682 963.12500000000011 1.5000000000000002 1.5725000000000005 951.22500000000014 0.49240481012316878 2.2220833333333343 8.5000000000000018 7.0988750000000023 1.5725000000000005 45.250000000000007 4.0125000000000011 1.0000000180025095e-35 33.175000000000011 5.8981250000000012 9.6075000000000017 0.99809679250719918 4.9997916666666677 3.0212235301587667 3.2087040476521245 5.9675000000000011 3.1625000000000005 4.5875000000000012 2.8556250000000007
decision_type=2 2 10 8 2 2 2 2 2 2 2 2 2 2 2 10 2 8 2 2 2 10 2 2 2 2 2 10 10 2
left_child=1 5 3 6 14 7 -3 9 15 13 27 -12 -13 -1 -4 -9 18 -18 -7 20 21 25 -23 26 -25 -2 -5 -11 -27 -6
right_child=19 2 4 23 29 16 -8 8 -10 10 11 12 -14 -15 -16 -17 17 -19 -20 -21 -22 22 -24 24 -26 28 -28 -29 -30 -31
leaf_value=-2.1486999770487193e-05 0.0044998129422427471 -2.5665400138398489e-05 2.4839909699643645e-05 -1.1909863117227221e-06 -0.00027689405313585853 -2.3054953676545449e-05 -0.00031050638183659955 -6.5547525554685371e-05 -1.928416403415192e-05 -2.1439074922329804e-05 -2.0473931916710137e-05 -2.1098898848412439e-05 -6.6934649153632453e-05 1.559955244280025e-05 -0.00027281020713771411 -2.5467658501362456e-05 1.688907542701993e-05 -2.3210540000855632e-05 1.7616410010354402e-05 -0.003741064481685498 0.012229447499943596 0.0078179796718952123 -0.0015856972613581353 4.6428066468034815e-06 -0.00043998041424299995 0.0019213002678398438 -4.4873633255960645e-05 -2.8645131657681174e-05 -0.0017479845369490117 0.0021178918037099213
leaf_weight=999 8339 7163 739 26696 737 551 214 206 266 1601 1396 423 251 699 242 252 1243 322 334 227 8571 598 210 33180 622 1726 333 356 387 8361
leaf_count=999 8339 7163 739 26696 737 551 214 206 266 1601 1396 423 251 699 242 252 1243 322 334 227 8571 598 210 33180 622 1726 333 356 387 8361
internal_value=0.000299975 -5.86298e-05 0.000129017 -2.8235e-05 0.00119268 -0.00170856 -0.000895286 -0.00215262 -0.00438683 -0.00186649 -0.00246503 -0.0036 -0.0059028 -0.000443922 -0.00112272 -0.00642765 -0.000537678 0.00039172 -0.00217416 0.00185835 0.00190427 0.00149933 -0.000523985 7.69776e-05 0.000290354 0.00165592 -0.000189872 -0.00125841 0.000514164 0.00144282
internal_weight=107244 87186 78287 68208 10079 8899 7377 6449 724 5725 4027 2070 674 1698 981 458 2450 1565 885 20058 19831 11260 808 60831 33802 10452 27029 1957 2113 9098
internal_count=107244 87186 78287 68208 10079 8899 7377 6449 724 5725 4027 2070 674 1698 981 458 2450 1565 885 20058 19831 11260 808 60831 33802 10452 27029 1957 2113 9098
is_linear=0
shrinkage=0.03


Tree=30
num_leaves=31
num_cat=0
split_feature=22 22 12 19 26 12 9 35 35 2 31 34 25 34 11 21 34 2 9 28 26 34 29 25 32 35 34 19 18 31
split_gain=64.0204 29.3181 12.7417 9.05941 7.59642 5.3815 8.01873 4.99121 4.72968 4.93741 6.86109 6.72497 9.77235 5.59921 5.53136 4.60222 6.62236 4.98704 4.59858 4.58676 4.57335 7.26203 4.3806 4.37958 4.50206 4.43142 4.19481 4.58572 4.16585 5.15283
threshold=9.3423611111111136 2.4179583333333339 4.8625000000000016 5.7525000000000013 2.6475000000000004 7.0275000000000007 5.5000000000000009 70.750000000000014 36.250000000000007 1.1139535249002337 1.7093833089527388 953.42500000000018 5.9825000000000008 965.07500000000016 8.3375000000000021 2.1604122865861273 959.02500000000009 1.1919212302242419 4.5000000000000009 0.22732133995913281 1.5125000000000004 951.22500000000014 2.1775000000000007 3.2625000000000006 -0.82409480842201666 67.750000000000014 950.12500000000011 8.5875000000000021 8.3125000000000018 1.0862772831905041
decision_type=2 2 8 10 2 10 2 2 2 2 2 2 10 2 2 2 2 2 2 2 2 2 2 8 2 2 2 10 2 2
left_child=1 18 4 8 -3 6 -2 -5 -4 10 -10 12 -11 -13 -12 -9 17 -17 20 -6 23 -22 -23 24 25 -1 27 -7 -21 -30
right_child=5 2 3 7 19 26 -8 15 9 11 14 13 -14 -15 -16 16 -18 -19 -20 28 21 22 -24 -25 -26 -27 -28 -29 29 -31
leaf_value=-1.8296709030493489e-05 0.001425039350778099 5.0792594851669999e-07 6.9791713657741839e-05 0.002637788545628092 -4.3170599810130521e-05 0.0011151207517752443 -0.0022453261303039952 0.00098468102797433254 6.4207835962717949e-06 5.2083562640011319e-05 -4.6449108013047761e-05 -1.1935497933614549e-05 -0.00047083628166858877 0.00024101229411524499 -0.00036782468292035703 -0.00056621260612367151 -0.0010336504911828848 0.0022451064467003188 -1.9647783877899568e-05 -1.5864218338784934e-05 -2.1177601957003948e-05 -2.0541309178084016e-05 -6.0451117293840745e-05 1.8776693283439738e-05 -1.5773571844601131e-05 -3.7151283087943607e-05 0.0070927410575885559 0.011895084079544265 -4.3085114617168002e-05 -2.857157777820597e-05
leaf_weight=384 1571 24516 8470 6269 200 2789 251 1315 1697 6412 1121 11469 246 1521 291 205 262 427 2381 11345 1922 1947 323 493 770 329 14563 1026 507 2621
leaf_count=384 1571 24516 8470 6269 200 2789 251 1315 1697 6412 1121 11469 246 1521 291 205 262 427 2381 11345 1922 1947 323 493 770 329 14563 1026 507 2621
internal_value=0.000283507 -6.81661e-05 0.000112701 0.000491438 -0.000271036 0.00180549 0.00024959 0.00136084 0.000255219 2.99184e-05 -0.00107996 0.00020577 0.000980639 -0.000191612 -0.00262103 0.000134146 -0.00152169 0.000150707 -0.00173638 -0.000810805 -0.00216848 -0.00272909 -0.00387692 -0.000975265 -0.00178831 -0.00349721 0.00195964 0.00107199 -0.00074741 -0.00171593
internal_weight=107643 87443 78894 39705 39189 20200 1822 8478 31227 22757 3109 19648 6658 12990 1412 2209 894 632 8549 14673 6168 4192 2270 1976 1483 713 18378 3815 14473 3128
internal_count=107643 87443 78894 39705 39189 20200 1822 8478 31227 22757 3109 19648 6658 12990 1412 2209 894 632 8549 14673 6168 4192 2270 1976 1483 713 18378 3815 14473 3128
is_linear=0
shrinkage=0.03


Tree=31
num_leaves=31
num_cat=0
split_feature=27 22 23 19 8 23 23 9 14 34 10 32 17 25 34 19 33 34 23 2 19 34 23 34 35 8 32 22 23 34
split_gain=61.7348 22.3869 12.5485 10.276 7.01776 5.58756 4.72631 4.70339 4.95206 4.47772 9.94206 27.5202 10.4685 4.45112 4.10747 9.1316 8.60802 11.2721 6.43576 5.79 6.48837 5.79521 6.30214 6.17768 5.41539 6.67275 6.02993 5.32226 5.07362 4.58679
threshold=4.1293750000000005 2.4179583333333339 0.85077952690602288 5.7525000000000013 13.500000000000002 0.11560906363050021 0.8013234008593636 4.5000000000000009 0.22250468159868481 957.02500000000009 2.5000000000000004 0.9681107762825325 9.2225000000000019 1.7875000000000003 954.12500000000011 5.7125000000000012 0.095842103007655569 962.02500000000009 0.25116723024720172 1.211369574024485 3.2125000000000004 957.42500000000018 0.28840887029756435 958.72500000000014 46.250000000000007 7.5000000000000009 -0.97233289553061575 3.1897916666666672 0.52314224472774062 942.67500000000018
decision_type=2 2 2 10 2 2 2 2 2 2 2 2 8 8 2 10 2 2 2 2 8 2 2 2 2 2 2 2 2 2
left_child=1 7 3 5 6 -2 14 8 -1 10 11 -4 -12 -7 24 16 18 19 -16 21 -21 -18 -23 -24 25 26 29 -27 -22 -3
right_child=2 4 9 -5 -6 13 -8 -9 -10 -11 12 -13 -14 -15 15 -17 17 -19 -20 20 28 22 23 -25 -26 27 -28 -29 -30 -31
leaf_value=-2.0348294242421676e-05 -3.4559722189646849e-05 -2.7902727712988615e-05 0.0056132268559908102 0.0037948011910658355 3.0979024645839264e-06 -0.00019209068325380381 0.0032240630589792027 -1.8974632389192334e-05 -1.9739811637153552e-05 0.010572196319148311 -0.0014931009644003211 -0.0022342819764581091 0.0092339710898964866 0.00041981828812020697 -2.4790965011485568e-05 0.001239370332785755 -4.0384464746554288e-05 1.5581245781897019e-06 3.9026684853404586e-05 -7.2613892264646843e-05 -2.7712063576329651e-05 3.8664754649972086e-06 0.00076425819550471135 -0.00023879583186718292 2.2984109568110686e-06 -3.5747176803829513e-05 -3.077398683515954e-05 5.7529871636328123e-06 -0.00071151822747396757 -0.00016237015404832721
leaf_weight=1334 867 200 435 6997 27187 237 1010 2365 4683 5298 256 202 6232 11383 6091 1464 1303 2211 3235 243 917 915 207 350 13868 898 3298 3048 423 407
leaf_count=1334 867 200 435 6997 27187 237 1010 2365 4683 5298 256 202 6232 11383 6091 1464 1303 2211 3235 243 917 915 207 350 13868 898 3298 3048 423 407
internal_value=0.000229918 -0.000236829 0.00133652 0.000861101 -5.46224e-05 0.000345101 -0.000306936 -0.00169834 -0.00214364 0.00208151 0.00158836 -0.00197664 0.00193963 0.00051871 -0.000359389 -0.000703352 -0.000912264 -0.00174369 -0.00032601 -0.00262801 -0.00407494 -0.00179676 -0.000503724 -0.00300534 -8.43766e-05 -0.000713722 -0.00159207 0.000156416 -0.0032342 -0.00432843
internal_weight=107564 75657 31907 19484 67275 12487 40088 8382 6017 12423 7125 637 6488 11620 39078 17359 15895 6569 9326 4358 1583 2775 1472 557 21719 7851 3905 3946 1340 607
internal_count=107564 75657 31907 19484 67275 12487 40088 8382 6017 12423 7125 637 6488 11620 39078 17359 15895 6569 9326 4358 1583 2775 1472 557 21719 7851 3905 3946 1340 607
is_linear=0
shrinkage=0.03


Tree=32
num_leaves=31
num_cat=0
split_feature=27 22 16 19 21 24 29 2 2 25 26 8 32 21 29 32 16 34 10 16 19 34 10 32 17 33 34 8 12 19
split_gain=59.8976 22.7512 14.3795 9.18155 9.56478 6.26231 5.2369 5.02722 7.16528 4.66421 4.65559 4.61597 4.58888 4.52061 4.44744 6.06518 6.17603 4.66911 4.66395 4.15833 4.15193 4.9772 6.3113 22.5661 4.85589 3.95792 4.54373 7.38421 7.89848 4.51775
threshold=3.9279166666666669 2.4179583333333339 10.782500000000002 4.8575000000000008 2.3573811384143606 1.3250000000000004 4.5325000000000015 1.211369574024485 1.2221243581812249 4.7575000000000012 1.5725000000000005 13.500000000000002 0.22495105434386511 1.9490959441827982 3.3175000000000008 0.90992662233962551 3.9425000000000008 960.22500000000014 4.5000000000000009 7.1675000000000013 6.5475000000000012 956.12500000000011 2.5000000000000004 0.98624804680367306 9.2225000000000019 -0.0087262032186418287 953.62500000000011 13.500000000000002 1.1725000000000003 2.2575000000000007
decision_type=2 2 10 10 2 8 2 2 2 10 2 2 2 2 2 2 10 2 2 10 8 2 2 2 8 2 2 2 10 8
left_child=1 12 3 14 -5 7 9 10 -9 -6 -3 -7 13 25 17 16 -16 -2 19 -17 -4 22 23 -22 -24 29 -27 28 -28 -1
right_child=2 5 20 4 6 11 -8 8 -10 -11 -12 -13 -14 -15 15 18 -18 -19 -20 -21 21 -23 24 -25 -26 26 27 -29 -30 -31
leaf_value=-1.5495901232971883e-05 -1.2879465676859637e-05 6.4100159972571397e-06 -0.00040002319099262395 0.0039884333444484181 0.00053568626747466206 -6.514191748750248e-06 0.00069981375930537365 -7.4586951306666112e-05 -2.4239643315274901e-05 -0.0013399163971597055 -3.0551614123428081e-05 3.0169214583333015e-06 -1.8008632368881856e-05 -2.5544800944365933e-05 -3.3640373017165858e-05 0.00087468631770947229 0.00016334591897477073 -0.0013816929815458777 0.0017934920393174437 -0.00028956814228906945 0.0024931773884772522 0.0082620104864923501 -0.0010735355477551325 -0.0022512476517490944 0.0072984529523415871 -1.9278675199865187e-05 -1.7113124796683723e-05 -1.6739237351076212e-05 -2.072258644613479e-05 -2.0289711782459756e-05
leaf_weight=1482 873 965 330 6228 213 35155 1445 266 339 269 2401 24356 3158 215 1258 523 7045 201 2065 714 531 6863 391 225 6523 952 217 467 591 1330
leaf_count=1482 873 965 330 6228 213 35155 1445 266 339 269 2401 24356 3158 215 1258 523 7045 201 2065 714 531 6863 391 225 6523 952 217 467 591 1330
internal_value=0.000250688 -0.000248098 0.00125514 0.000746293 0.00153125 -5.37747e-05 -0.000315217 -0.00120649 -0.00371311 -0.00300616 -0.000751112 2.32376e-05 -0.00171367 -0.0022567 0.000241012 0.000412145 -2.05825e-05 -0.00160148 0.00149864 4.10629e-05 0.00196792 0.00204354 0.00151661 -0.00108016 0.00180113 -0.00207038 -0.00301478 -0.00418359 -0.00591144 -0.00131842
internal_weight=107591 71894 35697 20834 8155 63482 1927 3971 605 482 3366 59511 8412 5254 12679 11605 8303 1074 3302 1237 14863 14533 7670 756 6914 5039 2227 1275 808 2812
internal_count=107591 71894 35697 20834 8155 63482 1927 3971 605 482 3366 59511 8412 5254 12679 11605 8303 1074 3302 1237 14863 14533 7670 756 6914 5039 2227 1275 808 2812
is_linear=0
shrinkage=0.03


Tree=33
num_leaves=31
num_cat=0
split_feature=22 23 22 21 19 28 9 8 19 17 25 9 4 34 33 21 25 3 34 25 1 8 30 9 18 1 24 31 30 19
split_gain=61.3688 24.4237 16.0338 9.41806 7.85022 5.1634 4.59225 4.48291 4.36582 8.28237 13.7103 4.65513 10.9435 7.78799 6.09552 5.28591 4.23615 4.81781 3.94617 3.75529 7.85293 7.19298 3.70163 3.61013 13.3804 3.58222 7.09333 3.49161 5.45264 3.73782
threshold=5.2397222222222233 0.86279639905912575 2.4526388888888895 2.4338596748004551 5.7125000000000012 2.5793886544251405 4.5000000000000009 11.500000000000002 6.3725000000000014 5.2275000000000009 4.4125000000000005 5.5000000000000009 0.41076629543205778 960.02500000000009 0.034899496702501191 3.2616489939393012 3.3375000000000004 1.8767767735184671 954.82500000000016 6.1075000000000008 13.275000000000002 4.5000000000000009 5.4250000000000016 1.0000000180025095e-35 14.692500000000003 -0.17499999999999993 1.1750000000000005 1.8597940368326638 2.2250000000000005 0.88250000000000017
decision_type=2 2 2 2 10 2 2 2 8 10 10 2 2 2 2 2 8 2 2 8 2 2 2 2 2 2 8 2 2 10
left_child=2 3 6 4 5 7 -1 19 9 -5 18 -10 13 14 15 -13 -8 -18 -11 -2 21 -21 -6 24 -3 26 -4 -28 -29 -30
right_child=1 23 25 8 22 -7 16 -9 11 10 -12 12 -14 -15 -16 -17 17 -19 -20 20 -22 -23 -24 -25 -26 -27 27 28 29 -31
leaf_value=-1.8833782009281147e-05 5.7119187462012672e-06 0.009294536064456245 -6.7751061144045375e-05 -4.6082079510697023e-06 0.00031908827710151852 -0.00038074890182847619 1.6440600667463849e-05 0.00075099238350551589 1.2355097270269985e-05 0.00021663457624492499 -0.00096108080107843482 -0.0012914142684710059 0.0027697100468013808 -0.0020352238870074884 1.7924189371501946e-05 -3.5337694952622769e-05 -2.3055346127304483e-05 1.71268825224998e-05 -9.5064682379208176e-05 -3.0542620484330224e-06 0.00036672525161850374 -0.00032414271843799304 0.0033799701048357078 0.0087883493785055056 -0.002222043426276864 -2.4938538801191017e-06 -3.9942367290605844e-06 9.6938829264126886e-06 -2.900848462746125e-05 -4.0063828309164455e-05
leaf_weight=6451 8488 904 351 4083 1970 1067 1725 12454 11610 222 237 201 685 344 438 207 427 361 407 203 572 266 8026 9838 276 30757 3445 443 676 446
leaf_count=6451 8488 904 351 4083 1970 1067 1725 12454 11610 222 237 201 685 344 438 207 427 361 407 203 572 266 8026 9838 276 30757 3445 443 676 446
internal_value=0.00023758 0.000846103 -0.000606028 0.000571623 0.000874648 0.000569942 -0.00174133 0.000668956 2.83097e-05 -0.000733347 -0.00338921 0.000308006 -0.00107713 -0.00281172 -0.00124794 -0.00386441 -0.000651708 -0.00246658 -0.00104574 0.000179044 -0.00151721 -0.00437342 0.00157664 0.00212773 0.000556962 -0.000324059 -0.00103932 -0.000747757 -0.00192038 -0.00302928
internal_weight=107580 62498 45082 51480 33046 23050 8964 21983 18434 4949 866 13485 1875 1190 846 408 2513 788 629 9529 1041 469 9996 11018 1180 36118 5361 5010 1565 1122
internal_count=107580 62498 45082 51480 33046 23050 8964 21983 18434 4949 866 13485 1875 1190 846 408 2513 788 629 9529 1041 469 9996 11018 1180 36118 5361 5010 1565 1122
is_linear=0
shrinkage=0.03


Tree=34
num_leaves=31
num_cat=0
split_feature=22 20 22 21 16 19 34 26 35 24 35 14 1 31 30 35 8 25 34 18 31 14 21 16 25 26 1 25 3 19
split_gain=57.5474 22.9301 13.5309 9.65103 7.50059 7.1092 4.17129 6.92837 5.42223 4.14564 4.25729 6.60292 4.04316 4.37323 6.54187 4.10151 3.99481 3.93744 3.87328 10.4621 5.19725 7.29022 3.85423 5.76305 4.39298 3.71202 4.32677 5.98141 3.68565 3.68434
threshold=5.209722222222223 10.700833333333337 2.4179583333333339 2.4338596748004551 10.782500000000002 5.3225000000000007 950.62500000000011 1.6925000000000001 14.750000000000002 1.2750000000000001 71.750000000000014 0.37014073690197641 -0.27499999999999986 2.0817639617912711 2.0250000000000004 76.250000000000014 21.500000000000004 3.3775000000000004 954.92500000000018 10.752500000000003 2.134058829001785 0.3321269837476693 3.5303303370735049 13.887500000000003 5.0825000000000014 2.1875000000000004 10.425000000000002 0.40750000000000008 11.190660307052012 1.3025000000000004
decision_type=2 2 2 2 8 10 2 2 2 10 2 2 2 2 2 2 2 8 2 2 2 2 2 8 10 2 2 10 2 8
left_child=2 3 6 5 18 -2 8 9 -1 10 -8 -12 13 -4 -15 -16 29 -7 -5 -20 -21 -22 -3 24 -24 -14 27 -27 -6 -9
right_child=1 22 12 4 28 17 7 16 -10 -11 11 -13 25 14 15 -17 -18 -19 19 20 21 -23 23 -25 -26 26 -28 -29 -30 -31
leaf_value=-6.0615580734217993e-05 8.8330643144300271e-05 0.0087096793247352002 -2.1357891733085436e-05 8.8355569489110407e-07 0.001191606361456609 0.00018093718080417929 -1.4317020754333106e-05 -1.7230318665761089e-05 -1.7848132126265931e-05 1.5856426797221251e-05 -2.1559295626022504e-05 -1.7074860706308783e-05 7.8691866561016175e-07 9.5097995763225935e-06 -4.1985942841147175e-05 -3.3524824114447169e-05 1.988269944642209e-05 0.0022783215935363644 3.2337666466576705e-08 -0.00025534426911738681 -0.00010339709042332319 -0.00090507016826853616 0.0024212846990595196 0.013713650740181058 -0.003065936681322684 -3.0811525777893046e-05 -8.5361272765919682e-06 -2.6218403396540115e-05 -0.00056301893165761703 -2.0440874520909357e-05
leaf_weight=215 21513 10284 4224 7842 4555 2067 747 922 3003 1138 288 378 14995 261 215 578 216 9293 3782 1586 269 320 328 602 354 342 13269 2201 247 1551
leaf_count=215 21513 10284 4224 7842 4555 2067 747 922 3003 1138 288 378 14995 261 215 578 216 9293 3782 1586 269 320 328 602 354 342 13269 2201 247 1551
internal_value=0.000213449 0.000796644 -0.000611947 0.000525302 -2.07996e-05 0.000834266 -0.0016916 -0.00221354 -0.00083959 -0.00109038 -0.00217278 -0.0039076 -0.000358686 -0.0011255 -0.00284986 -0.00419925 -0.00327506 0.00144127 -0.000376195 -0.000952533 -0.0026078 -0.00500505 0.00200328 0.000451513 -0.00143231 -0.000227152 -0.000547765 -0.00168014 0.000999792 -0.00361622
internal_weight=107585 63042 44543 51474 18601 32873 8458 5240 3218 2551 1413 666 36085 5278 1054 793 2689 11360 13799 5957 2175 589 11568 1284 682 30807 15812 2543 4802 2473
internal_count=107585 63042 44543 51474 18601 32873 8458 5240 3218 2551 1413 666 36085 5278 1054 793 2689 11360 13799 5957 2175 589 11568 1284 682 30807 15812 2543 4802 2473
is_linear=0
shrinkage=0.03


Tree=35
num_leaves=31
num_cat=0
split_feature=27 20 16 10 31 25 8 34 34 1 26 19 35 21 1 16 19 11 10 16 26 33 7 35 32 19 14 32 18 17
split_gain=56.5932 20.4335 11.2676 9.15952 18.1334 18.8727 5.926 5.39334 5.32917 6.25147 8.30589 5.08054 6.58882 4.83225 4.38883 5.85349 4.08926 4.05328 4.3825 4.04106 4.01961 6.36777 3.97433 3.84001 3.71878 3.63416 3.67041 3.51069 3.45521 3.4267
threshold=4.1293750000000005 2.4964583333333334 8.5375000000000032 2.5000000000000004 2.134058829001785 4.8775000000000013 13.500000000000002 950.12500000000011 951.22500000000014 21.325000000000006 2.6925000000000008 3.6525000000000007 77.750000000000014 3.5303303370735049 -7.7249999999999988 4.432500000000001 5.8175000000000017 1.4125000000000003 7.5000000000000009 3.8275000000000006 1.8875000000000004 0.60873824923885345 40.500000000000007 14.750000000000002 0.91702515554752073 0.5375000000000002 0.097510683175375465 0.14780378300014818 3.7375000000000007 1.6075000000000002
decision_type=2 2 10 2 2 10 2 2 2 2 2 10 2 2 2 8 10 2 2 8 2 2 2 2 2 8 2 2 2 8
left_child=1 8 11 4 13 -6 19 16 23 14 -11 12 24 -4 -10 20 -5 18 -8 29 -16 -22 -21 -1 -2 -25 -27 -23 -20 -3
right_child=2 6 3 7 5 -7 17 -9 9 10 -12 -13 -14 -15 15 -17 -18 -19 28 22 21 27 -24 25 -26 26 -28 -29 -30 -31
leaf_value=-4.9396031662796773e-05 -1.2066465238205414e-05 -2.9198227227242394e-05 0.0047764827702568968 0.00046229218096974337 0.00033832014105855939 -0.0012410628539356132 1.9362469071428489e-06 0.0062296099841582554 1.695836832865189e-05 -1.4690753219205216e-05 -3.2856377275672453e-05 0.0010093422344770034 -0.00033440379183579023 -0.001408614179221081 -1.6951126859301117e-05 -2.2422832956712807e-05 0.005732143621196761 4.0585564311608308e-06 -4.5449197018684053e-05 7.3633282253786348e-07 -1.6912762151324345e-05 -2.0757379276684137e-05 -3.0176502216754546e-05 -2.9198702197396117e-05 0.00088275452337740069 -2.4263471073796336e-05 8.5942550093711002e-06 -1.7635316267185231e-05 -3.7526464824954873e-05 -2.5834866533360895e-05
leaf_weight=314 3719 266 2286 2746 454 378 813 14495 328 213 237 3757 336 258 2798 349 2293 24862 204 24757 1791 273 4816 275 1229 226 3550 253 429 9036
leaf_count=314 3719 266 2286 2746 454 378 813 14495 328 213 237 3757 336 258 2798 349 2293 24862 204 24757 1791 273 4816 275 1229 226 3550 253 429 9036
internal_value=0.000213307 -0.000233129 0.00127216 0.00162601 0.000182786 -0.00364875 -3.43774e-05 0.00187533 -0.00145392 -0.00201601 -0.00540659 0.000375083 -0.000224617 0.00144057 -0.00174815 -0.00195063 0.00102835 0.000313305 -0.00122812 -0.000269676 -0.00169043 -0.00261369 -9.80795e-05 -0.000648741 5.33011e-05 -0.000398669 -0.000153927 -0.00550282 -0.00308934 -0.00081487
internal_weight=107741 75790 31951 22910 3376 832 65183 19534 10607 6242 450 9041 5284 2544 5792 5464 5039 26308 1446 38875 5115 2317 29573 4365 4948 4051 3776 526 633 9302
internal_count=107741 75790 31951 22910 3376 832 65183 19534 10607 6242 450 9041 5284 2544 5792 5464 5039 26308 1446 38875 5115 2317 29573 4365 4948 4051 3776 526 633 9302
is_linear=0
shrinkage=0.03


Tree=36
num_leaves=31
num_cat=0
split_feature=22 22 23 19 24 16 9 35 15 18 28 9 11 34 22 12 9 18 30 1 16 14 30 18 24 32 16 27 8 32
split_gain=54.9393 23.8926 14.3523 7.37539 7.43798 5.4429 5.25897 4.99895 6.77407 7.25212 5.86821 5.72944 7.6422 5.18911 5.11186 4.36562 4.2605 18.1312 4.22929 4.14902 4.10854 5.9113 4.01584 3.90101 3.84784 3.81927 3.79011 3.78663 3.60305 3.95609
threshold=7.6735000000000015 2.4526388888888895 0.85295247855104439 6.3325000000000005 2.4250000000000007 4.2425000000000006 4.5000000000000009 61.750000000000007 0.14499999999999971 9.7175000000000029 1.1249624993474467 3.5000000000000004 6.0725000000000007 949.32500000000016 9.9912916666666707 5.767500000000001 1.0000000180025095e-35 14.692500000000003 5.6250000000000009 -3.3749999999999996 1.1825000000000003 0.22250468159868481 4.4250000000000016 13.277500000000002 1.1750000000000005 0.39873388578253705 0.81250000000000011 2.9579166666666672 14.500000000000002 0.97988739209073494
decision_type=2 2 2 10 8 10 2 2 2 2 2 2 2 2 2 10 2 2 2 2 10 2 2 2 10 2 10 2 2 2
left_child=1 6 3 4 -2 -3 20 13 -9 -10 19 18 -13 14 -6 28 17 -4 -12 -11 21 -1 -5 -24 25 26 -23 -22 29 -15
right_child=2 5 16 22 7 -7 -8 8 9 10 11 12 -14 15 -16 -17 -18 -19 -20 -21 27 24 23 -25 -26 -27 -28 -29 -30 -31
leaf_value=-2.2198756376080665e-05 -0.00094999972235616109 -1.8280167536128977e-05 0.0075330841917005857 -0.00028919485643697418 0.00039659577710436823 1.2365439116054789e-06 -1.6120226968447703e-05 0.00037840092454970235 0.0011366842228449376 -0.00029380572391034081 -0.00078333771762888692 -0.0006652399918262176 -0.002860307696512499 0.00061986410497750523 -0.0027917090510314177 0.0037718885836892399 0.0072048151813714593 -0.0020211455976722448 0.00090642800513061146 0.0022152976469972754 -1.6953066211262329e-05 -1.5590895253847853e-05 0.0034904884134785209 -0.0013691603447764694 -7.4961414478802614e-06 -1.6102108649026285e-05 -5.8739396949649604e-05 -2.1508141019663633e-05 0.0021629332168087304 -0.0011207001650168393
leaf_weight=522 235 22066 1125 508 2582 41547 2492 3726 797 347 225 265 262 278 290 4233 11370 301 321 509 4012 418 6819 403 540 345 347 312 303 208
leaf_count=522 235 22066 1125 508 2582 41547 2492 3726 797 347 225 265 262 278 290 4233 11370 301 321 509 4012 418 6819 403 540 345 347 312 303 208
internal_value=0.000183209 -0.000287951 0.00115747 0.00069784 0.000300494 -8.33254e-05 -0.00173535 0.000387987 -0.000231377 -0.00136653 -0.00235936 -0.0038321 -0.00605075 0.000894037 -0.000123045 0.00147523 0.00195828 0.000410902 -0.00165517 -0.000501742 -0.00218459 -0.00324943 0.00144667 0.00162806 -0.0023565 -0.00336323 -0.00453896 -0.00164657 -0.000570529 -0.00216293
internal_weight=107708 72601 35107 22311 14581 63613 8988 14346 6452 2726 1929 1073 527 7894 2872 5022 12796 1426 546 856 6496 2172 7730 7222 1650 1110 765 4324 789 486
internal_count=107708 72601 35107 22311 14581 63613 8988 14346 6452 2726 1929 1073 527 7894 2872 5022 12796 1426 546 856 6496 2172 7730 7222 1650 1110 765 4324 789 486
is_linear=0
shrinkage=0.03


Tree=37
num_leaves=31
num_cat=0
split_feature=27 22 20 22 8 19 28 27 28 33 29 10 33 10 32 26 16 24 8 31 19 16 29 22 15 31 19 29 2 25
split_gain=54.6752 26.0287 8.01305 6.61566 6.89642 4.32644 3.97063 3.90063 3.83465 4.5847 3.83368 16.5557 4.08857 6.84715 3.8195 6.11314 5.24938 4.37889 4.35268 3.76273 3.51657 4.41187 3.94986 3.71037 3.46157 5.77271 4.02171 3.54991 4.42258 3.4948
threshold=4.5256250000000007 2.4526388888888895 10.700833333333337 9.2856944444444469 13.500000000000002 4.722500000000001 1.3714708494677008 5.4870833333333353 1.5240157342714855 0.25037047035109405 4.9675000000000011 2.5000000000000004 0.33379414889141285 11.500000000000002 -0.70088257582277247 1.9475000000000005 2.1525000000000007 1.2750000000000001 13.500000000000002 1.0202166170374263 0.5375000000000002 1.1225000000000003 0.95750000000000013 1.7778472222222224 0.17999999999999985 1.0780873626396099 2.8625000000000007 1.7075000000000002 1.2176200759404772 4.2425000000000006
decision_type=2 2 2 2 2 8 2 2 2 2 2 2 2 2 2 2 10 10 2 2 10 10 2 2 2 2 10 2 2 10
left_child=1 8 5 4 -3 6 -2 -8 9 20 11 -4 -12 -14 16 -16 19 -17 -19 -11 21 23 -22 -1 25 26 -6 28 -26 -29
right_child=2 3 10 -5 24 -7 7 -9 -10 14 12 -13 13 -15 15 17 -18 18 -20 -21 22 -23 -24 -25 27 -27 -28 29 -30 -31
leaf_value=-1.6333828779812754e-05 0.00063857472104182395 -1.1250436821437856e-05 -0.0011581105918962791 0.0020374369290352768 -2.7368093744199218e-06 0.0014314951391363189 -0.00014479388880269951 0.0014195497502862628 1.6520057646966384e-05 -1.6027333621509326e-05 0.012341409403091622 0.0045508668148007327 0.01680678283360847 -0.0024932175359403262 -1.262710968525458e-05 -1.6972242758438158e-05 -1.6439114149413622e-05 -3.4788743106916733e-05 -2.1988260350061104e-05 -2.0670354565906909e-05 -1.9632525555621037e-05 -1.6754555838058658e-05 1.542970795548597e-05 -2.3456779383276427e-05 -3.2901931554730113e-05 7.557973742427374e-06 -5.3584766669874051e-05 3.5550383867898235e-06 -7.4468223281081943e-05 -0.00011026629588057562
leaf_weight=362 473 40148 311 4642 2166 13237 716 284 882 208 8259 1107 624 326 887 992 255 320 204 314 367 1746 1920 431 1121 15255 414 8123 221 1345
leaf_count=362 473 40148 311 4642 2166 13237 716 284 882 208 8259 1107 624 326 887 992 255 320 204 314 367 1746 1920 431 1121 15255 414 8123 221 1345
internal_value=0.000173315 -0.000201766 0.0013918 -1.61355e-05 -9.01333e-05 0.000937819 -0.000602842 -0.00167164 -0.00173462 -0.00194133 0.00201947 0.000565004 0.002243 0.000376963 -0.00282575 -0.00222633 -0.00465345 -0.00338067 -0.00559168 -0.00636433 -0.00135624 -0.00212382 -0.000501309 -0.00397368 0.000265445 0.000522141 -0.000789168 -0.000158114 -0.00159911 4.68702e-05
internal_weight=107660 82323 25337 73435 68793 14710 1473 1000 8888 8006 10627 1418 9209 950 3180 2403 777 1516 524 522 4826 2539 2287 793 28645 17835 2580 10810 1342 9468
internal_count=107660 82323 25337 73435 68793 14710 1473 1000 8888 8006 10627 1418 9209 950 3180 2403 777 1516 524 522 4826 2539 2287 793 28645 17835 2580 10810 1342 9468
is_linear=0
shrinkage=0.03


Tree=38
num_leaves=31
num_cat=0
split_feature=27 23 16 16 34 1 27 19 32 18 26 33 24 32 16 24 35 34 35 29 1 19 9 23 29 34 34 15 34 18
split_gain=47.54 21.3349 8.34928 6.5687 6.41261 8.70808 5.54853 8.17631 33.4599 5.88363 5.51289 5.78611 5.19129 5.13674 10.4766 4.73291 4.3255 4.2376 6.44107 4.2074 3.83272 5.67429 3.90247 3.60872 3.55536 3.63953 7.46341 4.5171 4.15366 4.95105
threshold=4.5256250000000007 0.033995620143041062 7.267500000000001 5.9075000000000015 951.82500000000016 22.075000000000006 6.1943750000000009 9.6075000000000017 0.99535829673000953 15.677500000000002 1.6925000000000001 0.60873824923885345 2.2750000000000008 0.89490028524376763 7.2175000000000011 1.2750000000000001 40.250000000000007 950.62500000000011 74.250000000000014 4.307500000000001 -0.37499999999999994 3.9675000000000007 1.0000000180025095e-35 0.85295247855104439 0.99250000000000016 962.72500000000014 959.62500000000011 0.17999999999999985 955.02500000000009 8.6125000000000025
decision_type=2 2 10 8 2 2 2 10 2 2 2 2 8 2 8 10 2 2 2 2 2 10 2 2 2 2 2 2 2 2
left_child=1 4 13 20 -1 10 7 9 -9 -4 15 -12 19 14 -2 -6 -13 18 -8 -5 21 -3 -22 -14 -24 26 28 -27 -26 -30
right_child=2 3 6 12 5 -7 17 8 -10 -11 11 16 23 -15 -16 -17 -18 -19 -20 -21 22 -23 24 -25 25 27 -28 -29 29 -31
leaf_value=-1.5927443900933588e-05 -3.5340688280291572e-06 -2.2155453231602277e-05 0.002756522540955346 -1.1233897773447972e-05 -1.5675147757179523e-05 -2.9211923691680983e-05 0.004710843899247392 0.0070471604800876469 -0.002237101124093721 -0.0020510746543495675 -1.553693489541489e-05 -2.3679470211731569e-05 6.8641709378198171e-06 0.0012107507280003716 -0.00085874907529300275 1.4966816716821367e-05 -1.6469937802189791e-05 0.012577778595927663 -0.0032207817222969994 -0.00020544392877878978 4.8978286734725792e-06 -6.7016223066602499e-05 9.013759445865866e-06 0.0037866182627388461 -3.9030348747960761e-06 -3.3940011357370248e-05 7.8600084556180308e-06 4.4868830464807851e-06 -2.3388301848135331e-05 -9.2573774348004076e-05
leaf_weight=4578 2420 4304 12382 2688 1421 285 1863 685 224 336 2017 210 35507 869 232 1137 419 6037 210 255 4359 259 1151 1342 16916 622 1441 429 2864 201
leaf_count=4578 2420 4304 12382 2688 1421 285 1863 685 224 336 2017 210 35507 869 232 1137 419 6037 210 255 4359 259 1151 1342 16916 622 1441 429 2864 201
internal_value=0.000209059 -0.000139971 0.00134758 4.01422e-05 -0.00143358 -0.00212468 0.00156706 0.00119652 -0.00154595 0.00139307 -0.00184066 -0.0027997 0.000298666 -7.65729e-06 -0.000663907 -0.000845103 -0.00530442 0.00218854 0.00101492 -0.000912822 -0.000275936 -0.00108165 -0.000144383 0.000395534 -0.000296585 -0.000379971 -0.000295142 -0.00209943 -0.000445662 -0.00146091
internal_weight=107663 82405 25258 72338 10067 5489 21737 13627 909 12718 5204 2646 39792 3521 2652 2558 629 8110 2073 2943 32546 4563 27983 36849 23624 22473 21422 1051 19981 3065
internal_count=107663 82405 25258 72338 10067 5489 21737 13627 909 12718 5204 2646 39792 3521 2652 2558 629 8110 2073 2943 32546 4563 27983 36849 23624 22473 21422 1051 19981 3065
is_linear=0
shrinkage=0.03


Tree=39
num_leaves=31
num_cat=0
split_feature=16 22 30 22 23 10 35 32 8 1 15 31 22 14 9 25 4 32 16 25 9 32 25 34 15 8 31 35 13 16
split_gain=47.8274 19.7298 18.8859 8.2264 7.05911 6.61788 9.9674 8.39051 7.39069 6.79108 5.90972 9.3842 5.82356 4.68066 4.59992 4.9171 6.03482 4.42285 8.13834 4.74315 4.15904 5.97491 7.61968 8.11473 7.13565 5.99369 5.86616 4.93701 4.61758 6.44388
threshold=7.0725000000000007 2.4526388888888895 7.7750000000000012 10.921125000000002 0.20929323754796839 2.5000000000000004 67.250000000000014 0.99687937417578498 13.500000000000002 -0.67499999999999982 0.05250000000000022 2.4251942501942509 9.9238194444444456 2.3674106811732805 4.5000000000000009 3.3375000000000004 0.023144591309102888 0.9681107762825325 10.362500000000002 3.7825000000000006 1.0000000180025095e-35 -0.87878364999916136 5.057500000000001 946.37500000000011 -0.62499999999999978 20.500000000000004 1.1870024284658434 16.750000000000004 4.7641666666666689 1.7275000000000003
decision_type=10 2 2 2 2 2 2 2 2 2 2 2 2 2 2 8 2 2 10 10 2 2 10 2 2 2 2 2 2 10
left_child=1 14 5 4 -4 6 7 8 -2 -9 -8 17 -7 -5 -1 -16 -17 -12 19 -19 28 22 25 -24 -25 27 -26 -22 29 -3
right_child=2 20 3 13 -6 12 10 9 -10 -11 11 -13 -14 -15 15 16 -18 18 -20 -21 21 -23 23 24 26 -27 -28 -29 -30 -31
leaf_value=-1.5956487081507327e-05 -0.00070508250551626784 -3.487203429761473e-05 -0.00020086650561410618 0.011385733506706502 0.0016885436631997174 8.9467668373282866e-06 0.0001878943382558886 -0.0003576117121748379 0.0013809467978292526 -0.0019994040465255497 0.001627751454845242 -0.00065569590976791105 0.0038004374468873746 -0.0017909285466478442 1.6863032876898789e-05 -2.0258284726580307e-05 1.8441098253081637e-05 -5.5983278981396079e-05 0.003024776897494448 -0.00054182409444879427 2.2716369757192662e-05 2.6034491535925976e-07 8.0678253911215759e-05 4.921104977164963e-06 -0.00041158750089543536 7.9628548636953191e-06 -0.00015314259150485924 -2.1734544841158388e-05 3.5648029386331389e-05 2.8670535206048662e-06
leaf_weight=6469 313 697 234 8510 16545 17670 1632 207 308 216 626 358 2107 356 1699 461 330 287 436 302 599 23574 318 241 260 2338 450 13367 2745 3551
leaf_count=6469 313 697 234 8510 16545 17670 1632 207 308 216 626 358 2107 356 1699 461 330 287 436 302 599 23574 318 241 260 2338 450 13367 2745 3551
internal_value=0.000175337 -0.000418237 0.000851712 0.00142047 0.00102937 0.000255283 -0.000757996 -0.0033346 -0.00109744 -0.00656776 -1.56335e-05 -0.00110377 0.000495451 0.00215962 -0.00171051 -0.000613226 -0.00255905 -0.000143116 -0.00135437 -0.00364141 -0.000177588 -0.000292549 -0.000711173 -0.00294584 -0.00432741 -0.000536391 -0.00583217 -0.000771741 0.000498571 -0.000121326
internal_weight=107206 57099 50107 25645 16779 24462 4685 1044 621 423 3641 2009 19777 8866 8959 2490 791 1651 1025 589 48140 41147 17573 1269 951 16304 710 13966 6993 4248
internal_count=107206 57099 50107 25645 16779 24462 4685 1044 621 423 3641 2009 19777 8866 8959 2490 791 1651 1025 589 48140 41147 17573 1269 951 16304 710 13966 6993 4248
is_linear=0
shrinkage=0.03


Tree=40
num_leaves=31
num_cat=0
split_feature=16 22 27 19 19 21 9 19 32 29 34 10 8 10 8 26 14 34 17 11 0 34 34 8 27 2 8 34 34 24
split_gain=44.1922 26.673 9.54243 7.97184 7.62865 9.52904 6.01322 5.68585 14.9962 5.40812 5.31277 10.9339 8.13842 5.62623 5.25702 8.71861 4.9649 4.81676 5.34303 4.70466 6.34205 4.5947 4.57856 4.54189 4.44445 4.33124 4.79559 5.20945 8.89594 5.7544
threshold=10.517500000000002 2.9902777777777785 6.1943750000000009 5.6775000000000011 5.7125000000000012 2.6088718825452362 5.5000000000000009 9.2125000000000021 0.99687937417578498 7.2025000000000015 951.22500000000014 10.500000000000002 14.500000000000002 11.500000000000002 11.500000000000002 1.4175000000000002 0.40299917286925624 952.62500000000011 7.2475000000000014 3.7975000000000008 2.9125000000000005 953.32500000000016 964.37500000000011 1.0000000180025095e-35 2.8835416666666673 1.0647675979197662 13.500000000000002 953.22500000000014 959.62500000000011 1.3250000000000004
decision_type=10 2 2 8 10 2 2 10 2 2 2 2 2 2 2 2 2 2 10 2 2 2 2 2 2 2 2 2 2 8
left_child=1 6 3 21 25 24 10 17 9 -9 23 12 14 -13 22 -16 -17 18 -5 20 -7 -2 -12 -1 -6 -3 27 -27 29 -29
right_child=2 4 -4 7 5 19 -8 8 -10 -11 11 13 -14 -15 15 16 -18 -19 -20 -21 -22 -23 -24 -25 -26 26 -28 28 -30 -31
leaf_value=2.0095118337105438e-05 2.2070884098166861e-06 -4.4861518645388223e-05 0.013697194578004874 0.00132156231843075 -0.00011280615791245306 -2.6149675059912447e-06 1.1577652381696053e-05 0.0076506423723359954 -0.0018059907583144437 -0.00260438244089752 -1.8355653662495506e-05 1.1618882424397417e-05 -1.8582052529957231e-05 -1.736423409995507e-05 -5.6742224240848014e-06 -5.7623583576005628e-05 -2.2224680209272008e-05 0.0032089682074680592 -0.0013956064717713791 -0.00017554811985526594 -0.00024072459831566488 -0.00035773202358540824 -4.2027350592501166e-05 -1.7454494865431039e-05 0.0024046634489974447 2.0027421921776402e-06 3.6678228157449406e-06 -3.4403538113285812e-05 2.4607918407533035e-06 -3.0105013955545026e-05
leaf_weight=278 226 538 6388 3455 814 226 2151 702 339 226 2922 1146 1905 888 232 328 298 7485 200 1312 207 201 247 5301 7575 18140 26516 433 8148 8763
leaf_count=278 226 538 6388 3455 814 226 2151 702 339 226 2922 1146 1905 888 232 328 298 7485 200 1312 207 201 247 5301 7575 18140 26516 433 8148 8763
internal_value=0.000169804 -0.00011379 0.00147324 0.00100101 0.000128459 0.000891804 -0.00123508 0.00114011 -0.000761792 0.00121543 -0.001469 -0.00196613 -0.00261647 -6.76801e-05 -0.00338021 -0.00546466 -0.00729319 0.00135666 0.000463115 -0.00112286 -0.00381507 -0.00300694 -0.00280813 -0.000758059 0.00131129 4.70088e-06 2.80624e-05 -0.000200006 -0.000571675 -0.00121096
internal_weight=107590 88368 19222 12834 72672 10134 15696 12407 1267 928 13545 7966 5932 2034 4027 858 626 11140 3655 1745 433 427 3169 5579 8389 62538 62000 35484 17344 9196
internal_count=107590 88368 19222 12834 72672 10134 15696 12407 1267 928 13545 7966 5932 2034 4027 858 626 11140 3655 1745 433 427 3169 5579 8389 62538 62000 35484 17344 9196
is_linear=0
shrinkage=0.03


Tree=41
num_leaves=31
num_cat=0
split_feature=22 22 12 26 26 35 10 25 9 9 33 21 24 9 24 1 30 18 10 10 35 33 1 35 12 2 35 2 24 30
split_gain=44.7828 28.0571 8.39391 6.3572 6.15431 7.87779 8.78771 6.75079 5.78908 5.18761 6.04165 6.57224 5.37077 5.36823 6.81181 5.07999 5.61165 4.88276 4.76145 4.82184 10.6421 4.49475 4.70176 4.49283 4.47459 3.9883 3.95471 6.03483 5.01626 3.97948
threshold=10.249388888888889 2.4179583333333339 4.7425000000000006 2.3075000000000006 2.5125000000000006 71.250000000000014 10.500000000000002 1.7375000000000005 4.5000000000000009 3.5000000000000004 0.32556815445715659 1.3225181150289498 8.5250000000000021 5.5000000000000009 4.2250000000000005 -3.6249999999999996 9.0250000000000021 8.8175000000000026 6.5000000000000009 4.5000000000000009 21.750000000000004 -0.43049470426488839 22.575000000000006 88.750000000000014 7.5375000000000005 1.0880881565731924 61.250000000000007 1.1597043153806983 2.5750000000000006 3.6750000000000007
decision_type=2 2 8 2 2 2 2 8 2 2 2 2 8 2 8 2 2 2 2 2 2 2 2 2 10 2 2 2 10 2
left_child=1 8 3 -3 23 7 9 -6 26 12 11 -11 -7 14 -13 -14 -17 -16 19 20 -5 22 -21 -4 -2 -26 27 29 -28 -1
right_child=24 2 4 18 5 6 -8 -9 -10 10 -12 13 15 -15 17 16 -18 -19 -20 21 -22 -23 -24 -25 25 -27 28 -29 -30 -31
leaf_value=-1.3522968940320318e-05 -0.00044315240703363454 1.4838427594250982e-06 -2.4896103340579788e-06 -8.4268998420670182e-05 -1.9941912839062329e-05 0.00011511893152025994 0.00076114981065698373 0.00035205009181464602 -1.3374192734261203e-05 -0.00053808363201723137 -0.00095935734612870673 -0.00017108534172148883 -0.00035163685504726011 0.0028482836733087556 0.00084729110046767695 0.00044350949253737988 -0.0031991908103088298 -0.00066083092814822847 -2.6383899897362422e-05 -3.0473762318178557e-05 -1.452860036269675e-05 1.5738361093616939e-05 5.6817574168698851e-06 0.00026407655543119309 -0.0025024240759407429 0.0073759658091529417 -1.6257652308138291e-05 1.7992647164505985e-05 1.674282341973927e-05 -1.5888234743270338e-05
leaf_weight=1653 956 19641 19133 366 1548 1145 1670 19895 2412 217 226 205 295 381 312 516 232 474 9067 482 5097 2665 519 1041 207 12605 2508 528 283 1165
leaf_count=1653 956 19641 19133 366 1548 1145 1670 19895 2412 217 226 205 295 381 312 516 232 474 9067 482 5097 2665 519 1041 207 12605 2508 528 283 1165
internal_value=0.000181872 -5.29669e-05 0.000111603 -0.000221421 0.000378053 0.000673205 -0.000320711 0.000936171 -0.00169079 -0.00108308 -0.00226648 -0.00160163 -9.84951e-05 -0.000823529 -0.00198494 -0.00165172 -0.000326693 -0.000697851 -0.00062535 -0.000141559 -0.000706108 0.000699537 -0.00101093 -1.87322e-05 0.00177913 0.00192682 -0.00217991 -0.00148075 -0.00301395 -0.00203188
internal_weight=107444 93676 85127 37837 47290 27116 5673 21443 8549 4003 1815 1589 2188 1372 991 1043 748 786 18196 9129 5463 3666 1001 20174 13768 12812 6137 3346 2791 2818
internal_count=107444 93676 85127 37837 47290 27116 5673 21443 8549 4003 1815 1589 2188 1372 991 1043 748 786 18196 9129 5463 3666 1001 20174 13768 12812 6137 3346 2791 2818
is_linear=0
shrinkage=0.03


Tree=42
num_leaves=31
num_cat=0
split_feature=22 22 22 19 26 10 1 33 28 27 10 13 34 19 29 19 34 26 34 14 35 32 19 31 35 29 12 22 35 10
split_gain=48.79 22.4091 16.6541 7.35191 6.45 5.79825 8.16986 6.18837 4.5876 6.3325 4.49744 4.86371 5.09602 4.39234 4.32185 4.56387 4.15182 8.39112 6.94121 6.67329 4.8338 5.31936 5.05454 7.89403 4.6581 4.12364 3.82269 3.73605 4.52936 4.34386
threshold=4.9997916666666677 10.921125000000002 2.4179583333333339 6.3725000000000014 2.6475000000000004 6.5000000000000009 22.575000000000006 -0.5663846699108962 1.3637139083563692 3.7506250000000008 6.5000000000000009 4.5075000000000012 950.02500000000009 9.9025000000000016 1.0275000000000003 3.4375000000000004 952.52500000000009 1.5725000000000005 957.52500000000009 0.31033583958886451 67.250000000000014 0.36648727148060617 0.56750000000000023 1.2514373894556605 15.250000000000002 1.6275000000000002 7.5375000000000005 10.249388888888889 32.250000000000007 11.500000000000002
decision_type=2 2 2 10 2 2 2 2 2 2 2 2 2 10 2 10 2 2 2 2 2 2 10 2 2 2 10 2 2 2
left_child=2 3 16 8 -4 6 -6 -7 9 -2 11 12 -5 -13 -9 -16 24 20 19 -19 -18 22 23 -22 -1 -21 -3 28 -10 -30
right_child=1 26 4 10 5 7 -8 14 27 -11 -12 13 -14 -15 15 -17 17 18 -20 25 21 -23 -24 -25 -26 -27 -28 -29 29 -31
leaf_value=-5.4001766544551873e-05 2.3460669806534342e-06 -0.0017026986904051518 -3.9370584583959739e-07 -0.00033031719679976003 -2.3015077078131525e-05 8.5726405289478395e-06 1.2631095454109596e-05 1.3555021178596123e-05 0.00047306118426627503 0.0011108694698229375 0.0031608829791808582 0.0014882260649633418 7.5998059744065638e-05 -0.0016474004901673499 -2.8725889420112298e-05 5.027220333055744e-06 1.7288060889578472e-05 -6.0396455187800723e-05 -1.3432929603530412e-05 -1.4056384722923933e-05 -2.3258269714207992e-05 1.6417326578755597e-05 -1.2306052216666235e-05 -1.8161333291688886e-05 -1.4517990801312455e-05 -2.3272651892170321e-05 0.0081806178935636773 0.003666464726652283 -3.7080934982734177e-05 0.00016737204595834688
leaf_weight=257 17483 325 21633 220 3249 1077 2285 243 3829 6646 4561 5404 236 268 4609 670 868 379 1457 398 324 350 338 269 3550 321 9763 1378 13487 1800
leaf_count=257 17483 325 21633 220 3249 1077 2285 243 3829 6646 4561 5404 236 268 4609 670 868 379 1457 398 324 350 338 269 3550 321 9763 1378 13487 1800
internal_value=0.000144788 0.000658207 -0.000649425 0.000420956 -0.00035036 -0.000903856 -0.000187398 -0.00150409 0.000251613 0.000531905 0.00112745 0.000595793 -0.00236876 0.000836005 -0.00190953 -0.00208989 -0.00183502 -0.00243109 -0.0035918 -0.00539075 -0.00104596 -0.00221384 -0.00339423 -0.00505184 -0.00109627 -0.00365055 0.00195819 -7.84427e-05 -0.000187333 -0.000418454
internal_weight=107677 65400 42277 55312 33766 12133 5534 6599 44623 24129 10689 6128 456 5672 5522 5279 8511 4704 2555 1098 2149 1281 931 593 3807 719 10088 20494 19116 15287
internal_count=107677 65400 42277 55312 33766 12133 5534 6599 44623 24129 10689 6128 456 5672 5522 5279 8511 4704 2555 1098 2149 1281 931 593 3807 719 10088 20494 19116 15287
is_linear=0
shrinkage=0.03


Tree=43
num_leaves=31
num_cat=0
split_feature=16 27 20 21 21 9 32 1 19 25 34 32 9 34 32 9 17 34 26 34 34 9 35 26 28 16 34 30 21 24
split_gain=42.6087 17.0003 13.1506 7.24959 6.80465 8.19128 16.3849 6.89937 6.15375 7.68272 10.6541 11.1713 6.06349 8.11317 5.74158 5.48383 5.07443 4.58896 4.47375 7.77008 6.52305 6.40765 6.04418 6.87254 5.43006 4.13958 4.10832 3.97271 3.75897 3.47206
threshold=6.8025000000000011 4.925625000000001 2.4964583333333334 2.4338596748004551 2.1066363386632925 1.0000000180025095e-35 0.9681107762825325 30.725000000000005 6.3725000000000014 4.2025000000000015 955.52500000000009 0.95368063612909471 5.5000000000000009 959.82500000000016 -0.061046214993534818 4.5000000000000009 1.6075000000000002 952.32500000000016 1.8575000000000002 951.22500000000014 963.32500000000016 1.5000000000000002 48.750000000000007 2.8525000000000005 0.95204166566434734 13.467500000000003 969.47500000000014 12.325000000000003 1.1940124056646473 0.9750000000000002
decision_type=10 2 2 2 2 2 2 2 8 8 2 2 2 2 2 2 8 2 2 2 2 2 2 2 2 10 2 2 2 10
left_child=2 3 15 27 -3 6 17 25 9 -5 14 -12 -10 -14 -11 18 -4 -6 20 -20 29 -22 23 -21 28 -7 -18 -2 -24 -1
right_child=1 4 16 8 5 7 -8 -9 12 10 11 -13 13 -15 -16 -17 26 -19 19 22 21 -23 24 -25 -26 -27 -28 -29 -30 -31
leaf_value=-1.2694452945084169e-05 0.00032851156458382601 0.0058709200466069179 -2.6827899706617624e-05 -1.2733383976847952e-06 -0.0016373113603423248 0.0017789717826191024 -0.0021720119783104827 -0.0020636062173381388 2.4141625740188063e-05 -9.9547614494175678e-05 -0.00088501725844342615 -1.2201245503105471e-05 -1.329569553099633e-05 -0.0021295271996755087 4.0043080462743784e-05 -1.214834132244727e-05 -2.2258294656680824e-06 0.010339302415939049 -1.6083766496618365e-05 -1.2769251979026983e-05 -2.5334085314342703e-05 1.2712531741776202e-05 -1.3416387107700687e-05 -2.7478115364775665e-05 -9.7572551586092699e-06 0.011549351053826654 -3.8645732746017298e-05 -0.0012188568652462145 -2.2026452432104566e-05 1.5555336695263957e-05
leaf_weight=1410 19547 10144 533 2431 289 4702 209 220 9242 340 337 238 1141 309 589 2984 43224 334 2250 304 358 241 549 349 604 2210 362 362 308 1226
leaf_count=1410 19547 10144 533 2431 289 4702 209 220 9242 340 337 238 1141 309 589 2984 43224 334 2250 304 358 241 549 349 604 2210 362 362 308 1226
internal_value=0.00014828 0.000757507 -0.000438043 0.000367042 0.0015019 0.000844774 -0.00196416 0.0011736 -0.000140035 -0.00115355 -0.00283499 -0.00602586 0.000233337 -0.00156701 -0.00083833 -0.00138751 -0.000210158 0.000492038 -0.00181523 -0.00244175 -0.000967592 -0.0037798 -0.00374611 -0.00614134 -0.00265825 0.00134104 -0.000174394 0.00073953 -0.00418677 -0.000322605
internal_weight=107346 52644 54702 34536 18108 7964 832 7132 14627 3935 1504 575 10692 1450 929 10583 44119 623 7599 4364 3235 599 2114 653 1461 6912 43586 19909 857 2636
internal_count=107346 52644 54702 34536 18108 7964 832 7132 14627 3935 1504 575 10692 1450 929 10583 44119 623 7599 4364 3235 599 2114 653 1461 6912 43586 19909 857 2636
is_linear=0
shrinkage=0.03


Tree=44
num_leaves=31
num_cat=0
split_feature=16 22 24 29 10 1 16 34 1 29 33 9 30 34 29 33 12 31 30 5 11 34 8 17 29 24 12 25 17 34
split_gain=44.4352 24.7982 8.36605 8.30429 7.3415 14.0717 5.93265 5.5627 6.02702 6.19811 11.4223 5.35434 4.92443 4.90794 6.49989 8.27936 4.89065 4.81347 4.71377 4.67068 5.32893 4.38644 5.42681 5.2677 6.00327 4.75214 4.57496 5.43644 4.06325 4.9436
threshold=10.517500000000002 2.4179583333333339 1.8750000000000002 5.1725000000000012 2.5000000000000004 0.37500000000000006 7.0725000000000007 965.67500000000018 -4.3749999999999991 2.8525000000000005 0.10452846326765323 4.5000000000000009 4.3750000000000009 953.92500000000018 4.8875000000000011 -0.095842103007655791 10.092500000000003 1.0381293801878824 3.7750000000000008 0.65313440415939128 7.1525000000000007 950.92500000000018 13.500000000000002 1.6075000000000002 2.1775000000000007 1.2750000000000001 1.7675000000000003 1.5525000000000004 9.1300000000000026 950.62500000000011
decision_type=10 2 8 2 2 2 10 2 2 2 2 2 2 2 2 2 10 2 2 2 2 2 2 10 2 8 10 10 8 2
left_child=1 11 -3 4 5 16 13 8 9 -8 -11 21 -6 -4 17 19 -2 -15 -10 20 -16 -1 23 24 26 -24 -23 -28 -5 -30
right_child=3 2 6 28 12 -7 7 -9 18 10 -12 -13 -14 14 15 -17 -18 -19 -20 -21 -22 22 25 -25 -26 -27 27 -29 29 -31
leaf_value=-1.4306943308397667e-05 0.00078670147479378014 -2.1328986644983324e-05 1.2689058116630761e-06 0.0012273728450886928 -9.3043583696158922e-05 -0.0016767374773868707 1.6132472373162326e-06 0.0021733021496539869 -8.0798966417440849e-06 -4.1959124992490665e-05 -0.0012008955992467399 -1.2405019625467379e-05 0.0023021692999342404 -2.6547663518305781e-05 -5.1469498166169399e-05 -1.0655904338598011e-05 -0.0011988857717606847 -2.6463729669553178e-06 0.00032663174669364005 -0.00011023373620779714 -0.00065520798737745453 -1.4578529676897624e-05 -1.8977780879713879e-05 -7.7586698860019136e-06 -5.3404963643972987e-05 -5.9953629431009834e-06 -1.3653266375222919e-05 1.9466411364356776e-05 0.0034963548316684586 0.012463894548560995
leaf_weight=2288 1344 7616 25217 1228 826 369 725 1480 3781 362 257 2354 5329 1479 342 848 210 13964 23143 226 275 1021 246 428 294 1063 449 377 2500 7530
leaf_count=2288 1344 7616 25217 1228 826 369 725 1480 3781 362 257 2354 5329 1479 342 848 210 13964 23143 226 275 1021 246 428 294 1063 449 377 2500 7530
internal_value=8.84306e-05 -0.000197019 -3.25513e-05 0.00139072 0.000656192 -0.000960062 6.73611e-05 0.000392028 0.000297952 -0.00165901 -0.00385096 -0.0017349 0.00116153 -0.000160709 -0.000552424 -0.00231545 0.000296344 -0.000358687 0.00039593 -0.00441156 -0.00575402 -0.00219932 -0.0028138 -0.00361422 -0.00422041 -0.00123516 -0.00356857 -0.0018917 0.00191725 0.00211659
internal_weight=107571 88235 79715 19336 8078 1923 72099 29748 28268 1344 619 8520 6155 42351 17134 1691 1554 15443 26924 843 617 6166 3878 2569 2141 1309 1847 826 11258 10030
internal_count=107571 88235 79715 19336 8078 1923 72099 29748 28268 1344 619 8520 6155 42351 17134 1691 1554 15443 26924 843 617 6166 3878 2569 2141 1309 1847 826 11258 10030
is_linear=0
shrinkage=0.03


Tree=45
num_leaves=31
num_cat=0
split_feature=23 23 20 21 16 19 10 21 9 29 14 32 16 34 18 9 9 28 9 16 25 1 17 10 2 11 1 25 16 34
split_gain=41.7736 15.9704 10.2009 8.11297 7.31033 6.20373 5.50418 5.39944 11.9975 11.3729 5.17174 5.16949 5.16163 4.92414 10.823 8.31189 4.79917 5.18007 4.74931 5.51933 6.66903 4.42511 4.16846 3.83204 4.08508 3.56413 4.56306 3.55792 4.43348 3.97243
threshold=0.31849041552931751 0.86889002361234835 2.4964583333333334 2.4338596748004551 10.782500000000002 5.7125000000000012 11.500000000000002 2.116731855757763 1.0000000180025095e-35 4.9675000000000011 0.97443359512977612 0.98624804680367306 3.8825000000000007 960.22500000000014 10.362500000000002 4.5000000000000009 4.5000000000000009 2.545120944855332 4.5000000000000009 1.1825000000000003 2.1275000000000004 -1.1749999999999996 1.6525000000000003 5.5000000000000009 1.1588907018872494 7.9025000000000007 -1.4749999999999999 4.3975000000000017 10.847500000000002 954.12500000000011
decision_type=2 2 2 2 8 10 2 2 2 2 2 2 10 2 2 2 2 2 2 10 8 2 8 2 2 2 2 8 8 2
left_child=2 3 18 5 6 11 13 -3 9 -9 -10 12 -2 -5 -15 21 17 -14 19 20 -1 -16 -4 -12 -25 -6 -27 28 -7 -30
right_child=1 7 22 4 25 27 -8 8 10 -11 23 -13 16 14 15 -17 -18 -19 -20 -21 -22 -23 -24 24 -26 26 -28 -29 29 -31
leaf_value=-1.795159896486242e-05 -0.00023804114623696552 0.012666838999148907 -2.4987218988105647e-05 -3.9192283924774486e-05 0.00158676092034496 0.0012858140474972569 0.00081322764778544456 -0.0017865691814390461 0.0063272150851449134 0.0050846032847015965 0.00093213991630192628 0.0015211344626808348 3.1595818567140331e-05 6.8149146144659033e-06 -0.00052239649726378468 -0.0020754403360860531 0.0014577193366990689 -0.00095604748545002644 -1.0935159039695004e-05 -1.2606743461182797e-05 -1.1353793813476745e-05 -1.8060795914111161e-05 -3.1113095156841232e-06 -0.0052349536258405856 0.0035554378618664756 -0.0011629191986078638 0.00033976945073503807 0.00340907962931604 -0.0025067820911996727 0.00020431378848924652
leaf_weight=1109 340 4515 588 6473 3734 2954 1113 211 4230 256 631 3210 7941 509 274 202 3062 639 3016 5383 1258 306 47871 202 234 234 849 6144 201 237
leaf_count=1109 340 4515 588 6473 3734 2954 1113 211 4230 256 631 3210 7941 509 274 202 3062 639 3016 5383 1258 306 47871 202 234 234 849 6144 201 237
internal_value=0.000107458 0.000758284 -0.000427739 0.000477165 -0.000108621 0.00080152 -0.000619117 0.00180834 0.00119813 -0.00338771 0.00160524 0.000424821 0.00013815 -0.000902046 -0.00259028 -0.00479543 0.000245213 -0.000118812 -0.00126284 -0.00165571 -0.00286214 -0.00292308 -0.000242097 -0.000260261 -0.00240816 0.000831813 -0.000681066 0.00140111 0.000619959 -0.00218059
internal_weight=107926 48701 59225 38422 13694 24728 8877 10279 5764 467 5297 15192 11982 7764 1291 782 11642 8580 10766 7750 2367 580 48459 1067 436 4817 1083 9536 3392 438
internal_count=107926 48701 59225 38422 13694 24728 8877 10279 5764 467 5297 15192 11982 7764 1291 782 11642 8580 10766 7750 2367 580 48459 1067 436 4817 1083 9536 3392 438
is_linear=0
shrinkage=0.03


Tree=46
num_leaves=31
num_cat=0
split_feature=23 22 22 24 21 10 34 18 29 10 26 34 35 8 0 24 1 4 1 27 10 30 9 9 24 10 35 8 26 9
split_gain=40.9824 14.7484 12.5592 9.37551 6.4277 5.95522 14.1814 21.6805 5.17218 19.3513 4.42956 4.10515 4.73457 5.64729 6.49899 4.55171 5.76214 9.28567 7.95017 7.19562 4.59044 6.22552 8.11175 4.06106 4.04642 4.04033 6.24732 4.03811 6.14834 5.00781
threshold=0.31849041552931751 10.921125000000002 2.4526388888888895 2.2250000000000005 2.4338596748004551 1.5000000000000002 959.42500000000018 11.162500000000001 4.9675000000000011 2.5000000000000004 2.7975000000000003 956.82500000000016 39.750000000000007 8.5000000000000018 8.052500000000002 5.7750000000000012 1.2750000000000001 0.62597321669510264 19.475000000000005 3.4343749999999997 7.5000000000000009 8.6750000000000025 3.5000000000000004 4.5000000000000009 8.1750000000000025 11.500000000000002 86.250000000000014 6.5000000000000009 2.3975000000000004 1.5000000000000002
decision_type=2 2 2 8 2 2 2 2 2 2 2 2 2 2 2 8 2 2 2 2 2 2 2 2 8 2 2 2 2 2
left_child=2 3 23 -2 11 6 -6 -8 9 -3 24 12 13 14 -5 -14 17 -17 20 -20 -18 -22 -23 -1 -10 26 -7 28 29 -4
right_child=1 8 27 4 5 25 7 -9 10 -11 -12 -13 15 -15 -16 16 18 -19 19 -21 21 22 -24 -25 -26 -27 -28 -29 -30 -31
leaf_value=-1.2441584333535778e-05 -0.00016122109692734573 -0.0015106499562666349 7.7429669440254777e-06 -0.0013241210526709604 0.00011373304283570008 1.5511524677370057e-05 -5.705094342869973e-06 -0.0015556164359462406 -0.0037801316250424886 0.0038733616073479481 0.011408933189850473 0.0014928130963928414 0.00090783458337198521 0.0022437890924327753 0.0013733867931955749 -0.00073523338544579959 0.0020858612080722925 0.00098532344161737025 -0.00096428498528796118 -0.00048012707422633201 0.0021454912188824836 -0.0018213479634101614 0.0042437524083685516 -1.1291845768404077e-05 0.0024743523772462052 0.0015893844878277382 -0.00047925035929698482 -8.9216147399262532e-07 -2.1572467470330897e-05 -1.3098519481644578e-05
leaf_weight=6427 855 327 2041 285 976 9929 389 321 297 1292 7593 8568 2738 6593 299 293 2432 248 459 1240 517 381 268 2500 521 1517 302 34901 8496 4662
leaf_count=6427 855 327 2041 285 976 9929 389 321 297 1292 7593 8568 2738 6593 299 293 2432 248 459 1240 517 381 268 2500 521 1517 302 34901 8496 4662
internal_value=8.54541e-05 0.000730188 -0.000445843 0.00046381 0.000534296 7.58996e-06 -0.00165701 -0.00486713 0.00175486 0.000201355 0.00205359 0.000825167 0.000537441 0.00110568 -0.00171138 6.15314e-05 -0.000411775 -0.00334615 -0.000109204 -0.00179754 0.000689426 -0.000855679 -0.00280275 -0.0014822 -4.37423e-05 0.000247086 3.25324e-05 -0.000261052 -0.0006691 1.02863e-05
internal_weight=107667 48640 59027 38610 37755 13434 1686 710 10030 1619 8411 24321 15753 7177 584 8576 5838 541 5297 1699 3598 1166 649 8927 818 11748 10231 50100 15199 6703
internal_count=107667 48640 59027 38610 37755 13434 1686 710 10030 1619 8411 24321 15753 7177 584 8576 5838 541 5297 1699 3598 1166 649 8927 818 11748 10231 50100 15199 6703
is_linear=0
shrinkage=0.03


Tree=47
num_leaves=31
num_cat=0
split_feature=20 23 23 24 19 10 28 10 15 34 21 9 10 21 2 34 17 5 8 34 34 32 4 20 9 34 16 20 2 31
split_gain=40.4241 14.2904 11.3667 10.5921 7.87505 6.51195 7.09164 7.68257 9.85174 6.12112 5.90483 8.03285 13.996 5.73751 6.0574 10.24 5.39339 4.59491 4.39623 7.00546 9.06493 8.85601 9.9163 8.21557 7.93343 6.95668 6.53877 6.50259 4.12532 4.89138
threshold=6.4755000000000011 0.85295247855104439 0.032865689543680084 2.2250000000000005 4.722500000000001 11.500000000000002 1.3788412254493687 10.500000000000002 0.2500000000000005 958.82500000000016 1.9177569362055646 1.0000000180025095e-35 3.5000000000000004 2.1714895037091444 1.2162752585305394 959.82500000000016 3.9675000000000002 0.11910497316806357 13.500000000000002 954.12500000000011 957.62500000000011 0.73724926354828246 0.055664346410588442 2.7755000000000005 4.5000000000000009 969.47500000000014 8.8475000000000019 5.4988750000000008 1.2248429590802654 2.1037250506991145
decision_type=2 2 2 8 10 2 2 2 2 2 2 2 2 2 2 2 10 2 2 2 2 2 2 2 2 2 10 2 2 2
left_child=2 3 -1 -2 5 6 28 16 9 -9 -3 12 -12 -6 17 -16 -8 -15 19 -4 21 23 -23 -21 27 -22 -20 -24 -5 -30
right_child=1 10 18 4 13 -7 7 8 -10 -11 11 -13 -14 14 15 -17 -18 -19 26 20 25 22 24 -25 -26 -27 -28 -29 29 -31
leaf_value=-1.2029685564047993e-05 -0.00017586626142373208 0.010483731844320502 -3.696719253961974e-06 0.0005460422984660024 0.0019929748146702729 0.0016826783641970707 -5.399261176517741e-05 0.0016034790193641295 -0.0029794523719676837 -0.0017063391087715817 -0.0016568528977779918 0.003757160759127509 0.0032383885516686813 -0.00020546209463137146 0.00011032105155062908 -0.0013193935768811298 -0.00030130499379105483 0.0011064493281200635 1.1699977818278865e-06 -3.2233135309000395e-05 -4.0746826128499223e-06 -1.7818148796493282e-05 -2.5357298918301222e-05 -2.0304639065767198e-05 -0.00013909333932949437 -3.8254847509922528e-05 -0.0001235317937840016 -0.00010656782013763384 -2.3950817143971858e-05 -0.00034302184634173042
leaf_weight=9179 801 4668 17881 8095 9126 1813 8223 313 236 250 239 7341 507 441 379 247 214 4568 19597 314 7353 615 356 2478 241 260 389 249 1019 264
leaf_count=9179 801 4668 17881 8095 9126 1813 8223 313 236 250 239 7341 507 441 379 247 214 4568 19597 314 7353 615 356 2478 241 260 389 249 1019 264
internal_value=9.35159e-05 0.000732569 -0.000435256 0.000426655 0.000504475 0.000122896 -4.44706e-05 -0.000634347 -0.00343657 -0.00125176 0.00159522 0.00110368 -0.00185353 0.0010323 0.000279255 -0.00249128 -0.000367093 0.000627643 -0.000256162 -0.000487328 -0.00105231 -0.00216087 -0.0040498 -0.00116696 -0.00614806 -0.000432003 8.79397e-05 -0.0042541 0.000536502 -0.00104115
internal_weight=107656 48744 58912 35989 35188 20427 18614 9236 799 563 12755 8087 746 14761 5635 626 8437 5009 49733 29747 11866 4253 1461 2792 846 7613 19986 605 9378 1283
internal_count=107656 48744 58912 35989 35188 20427 18614 9236 799 563 12755 8087 746 14761 5635 626 8437 5009 49733 29747 11866 4253 1461 2792 846 7613 19986 605 9378 1283
is_linear=0
shrinkage=0.03


Tree=48
num_leaves=31
num_cat=0
split_feature=22 22 22 10 31 35 9 21 17 34 19 16 1 35 8 35 16 8 9 34 10 10 8 8 31 19 34 31 28 6
split_gain=40.425 20.4892 7.64953 6.33109 17.1587 16.2558 6.35581 5.96774 5.9516 5.61212 6.3448 5.89677 5.88653 8.61013 5.45997 5.06519 4.84967 4.2848 4.00161 5.08286 5.23193 6.7372 4.74977 6.0898 4.79918 4.147 3.98129 5.22649 3.90488 3.88628
threshold=9.2856944444444469 2.2679166666666668 5.2397222222222233 2.5000000000000004 2.1257983995301379 62.750000000000007 1.0000000180025095e-35 1.9703603200891575 1.6075000000000002 951.02500000000009 7.4625000000000012 9.1475000000000026 16.875000000000004 69.250000000000014 11.500000000000002 67.750000000000014 11.307500000000003 5.5000000000000009 5.5000000000000009 950.92500000000018 10.500000000000002 11.500000000000002 13.500000000000002 2.5000000000000004 1.4839317173926252 2.3675000000000006 944.42500000000018 1.0202166170374263 2.545120944855332 1.5000000000000002
decision_type=2 2 2 2 2 2 2 2 8 2 10 8 2 2 2 2 8 2 2 2 2 2 2 2 2 8 2 2 2 2
left_child=1 18 8 4 6 -6 -2 14 17 10 12 15 -5 -14 16 -11 -4 -3 19 26 22 -22 23 -21 29 -23 27 -1 -16 -25
right_child=3 2 7 9 5 -7 -8 -9 -10 11 -12 -13 13 -15 28 -17 -18 -19 -20 20 21 25 -24 24 -26 -27 -28 -29 -30 -31
leaf_value=3.3377172983320223e-05 -0.0021600469906890621 -2.4756335858803159e-05 2.9015891283926813e-06 0.0044486832785005977 -0.0017738512650241774 -9.4692968835052285e-05 0.0047600424180988593 -5.0192072252643933e-06 -5.3213871066945526e-06 0.0026856996923813946 0.0068440924055540057 0.0056736299202985521 -0.00077944973073934445 -0.0051769263270938035 0.00084848359554010879 -0.0023172995305647324 -0.00022254167785212142 -2.7053551239505719e-05 1.6199300545688619e-05 -1.0279041902144878e-05 1.7769849204579586e-05 -9.2238892825027689e-06 -1.2648189427065532e-05 -1.3308304098450721e-05 -1.4680175118203958e-05 -5.7869866052865054e-05 -7.2960062055632715e-06 -1.4249115265684598e-05 -0.0003056597305425916 -9.6348851537639107e-06
leaf_weight=218 290 210 7593 1016 299 423 2358 22122 37534 259 1731 11923 1872 203 11463 225 210 587 941 354 462 201 920 505 331 206 1508 484 430 664
leaf_count=218 290 210 7593 1016 299 423 2358 22122 37534 259 1731 11923 1872 203 11463 225 210 587 941 354 462 201 920 505 331 206 1508 484 430 664
internal_value=8.34613e-05 -0.000199671 -6.55362e-05 0.00127825 8.8889e-05 -0.0039945 0.00120769 0.000215049 -0.000371635 0.00151079 0.000641392 0.00184829 -0.000173449 -0.00108894 0.000594792 -0.0013865 -2.19005e-05 -0.00292893 -0.00178085 -0.00207255 -0.00276069 -0.000724256 -0.00339619 -0.00427004 -0.00510299 -0.00351699 -0.000934537 -0.00279208 0.000999244 -0.0041678
internal_weight=107542 86943 80149 20599 3370 722 2648 41818 38331 17229 4822 12407 3091 2075 19696 484 7803 797 6794 5853 3643 869 2774 1854 1500 407 2210 702 11893 1169
internal_count=107542 86943 80149 20599 3370 722 2648 41818 38331 17229 4822 12407 3091 2075 19696 484 7803 797 6794 5853 3643 869 2774 1854 1500 407 2210 702 11893 1169
is_linear=0
shrinkage=0.03


Tree=49
num_leaves=31
num_cat=0
split_feature=16 23 26 8 29 19 19 34 17 18 2 24 19 11 18 35 17 34 24 28 19 34 26 33 24 35 34 29 34 35
split_gain=35.6961 17.5671 8.36718 6.97663 5.89365 13.2967 5.68257 6.42642 6.23989 5.63457 7.72557 6.51269 6.15707 5.77725 5.30766 6.49233 5.99549 4.9915 4.98283 4.97008 4.82553 4.53747 6.1637 7.24104 4.96756 4.91198 4.44742 6.9584 5.37385 4.2622
threshold=10.517500000000002 0.039697850239731963 2.7525000000000004 10.500000000000002 4.9225000000000012 9.6075000000000017 6.5475000000000012 956.82500000000016 7.1675000000000013 3.2025000000000006 1.1167777120230042 8.4250000000000025 1.0625000000000002 4.6275000000000013 9.1675000000000022 23.250000000000004 6.1525000000000007 950.62500000000011 4.0250000000000012 1.3714708494677008 4.6925000000000017 952.82500000000016 1.6425000000000003 0.60181502315204827 1.2750000000000001 40.250000000000007 963.87500000000011 1.3575000000000002 957.12500000000011 62.250000000000007
decision_type=10 2 2 2 2 10 8 2 10 2 2 8 10 2 2 2 8 2 10 2 10 2 2 2 10 2 2 2 2 2
left_child=1 21 6 18 5 -4 -2 8 -8 10 11 12 -5 14 -11 -16 -17 -6 -3 -15 -21 29 24 -24 26 -25 28 -28 -23 -1
right_child=2 3 4 9 17 -7 7 -9 -10 13 -12 -13 -14 19 15 16 -18 -19 -20 20 -22 22 23 25 -26 -27 27 -29 -30 -31
leaf_value=-1.3602128750801259e-05 -0.00099266864447498872 -1.5410718338698257e-05 0.0018881293303039785 -8.6918803201318536e-05 0.0025585170756253208 -0.0015404551807044308 -9.8445919062305627e-05 0.0026543548583528326 -0.0033638541935377083 1.3368234925224192e-06 1.3843795917864964e-06 -1.9186665940450732e-05 -4.5435131049512131e-05 0.00038781345582212222 -8.3768216888510517e-05 -9.3437150314762312e-05 -3.1067245025703068e-06 0.010882983693495612 1.3146685228431643e-05 -1.0292263507195309e-05 0.0016298828367897888 -1.9485685214779056e-05 -1.2335243967943939e-05 -2.6234188824855501e-05 9.7389911011072683e-06 -1.1080571751107219e-05 -6.4082146192701405e-06 -8.0607892953361531e-05 1.2652328197230184e-05 1.7058403255040761e-05
leaf_weight=5905 340 26669 5221 372 2301 375 1879 1460 212 10840 2740 1240 411 11353 232 200 1560 7575 6267 7901 4310 522 2871 320 1626 524 257 212 822 1312
leaf_count=5905 340 26669 5221 372 2301 375 1879 1460 212 10840 2740 1240 411 11353 232 200 1560 7575 6267 7901 4310 522 2871 320 1626 524 257 212 822 1312
internal_value=0.000100961 -0.000154423 0.0012675 3.17815e-05 0.00158015 0.000801286 2.38707e-05 0.000380484 -0.000685591 0.000292173 -0.000677642 -0.00208136 -0.00421447 0.000419164 -9.30123e-05 -0.00151427 -0.000883853 0.00202085 -0.000293616 0.000698036 0.000277751 -0.00111415 -0.00164939 -0.00249597 -0.000732578 -0.00493286 -0.00181023 -0.00431013 -0.00092513 -0.000582802
internal_weight=107829 88466 19363 74095 15472 5596 3891 3551 2091 41159 4763 2023 783 36396 12832 1992 1760 9876 32936 23564 12211 14371 7154 3715 3439 844 1813 469 1344 7217
internal_count=107829 88466 19363 74095 15472 5596 3891 3551 2091 41159 4763 2023 783 36396 12832 1992 1760 9876 32936 23564 12211 14371 7154 3715 3439 844 1813 469 1344 7217
is_linear=0
shrinkage=0.03


Tree=50
num_leaves=31
num_cat=0
split_feature=22 22 22 19 21 0 14 35 9 18 9 24 28 26 10 1 18 21 35 27 1 0 35 10 9 26 8 24 28 9
split_gain=34.2048 16.0813 12.6802 7.03421 7.0226 5.31 5.29091 7.79947 5.80504 11.6518 4.54376 4.43847 5.02149 4.40721 4.93235 7.16216 5.9501 6.49837 4.79211 9.9621 5.17395 4.8145 4.46126 4.36168 6.04296 4.861 6.13538 5.69692 4.31873 4.11717
threshold=5.2397222222222233 10.249388888888889 2.4179583333333339 6.3725000000000014 1.9079308163357742 12.032500000000002 1.4128251838072543 75.250000000000014 1.0000000180025095e-35 14.692500000000003 4.5000000000000009 3.5750000000000006 1.3637139083563692 2.1575000000000006 6.5000000000000009 22.575000000000006 1.0525000000000004 2.2239332648811048 46.750000000000007 2.1435416666666671 8.6250000000000018 4.682500000000001 15.250000000000002 6.5000000000000009 3.5000000000000004 3.1575000000000006 3.5000000000000004 6.1750000000000016 1.3232787557680359 1.0000000180025095e-35
decision_type=2 2 2 10 2 2 2 2 2 2 2 8 2 2 2 2 2 2 2 2 2 2 2 2 2 2 2 10 2 2
left_child=2 3 10 5 -3 11 8 -8 9 -6 28 -2 -13 -4 15 18 17 -16 19 -15 -20 -21 -18 24 -5 -26 -27 -28 -1 -14
right_child=1 4 13 23 6 -7 7 -9 -10 -11 -12 12 29 14 16 -17 22 -19 20 21 -22 -23 -24 -25 25 26 27 -29 -30 -31
leaf_value=-1.136220073301602e-05 -2.6004560595437079e-05 0.0090587652072428009 9.1068079013396224e-08 0.00211123378721977 0.0029560037340881926 -0.0005177818036668821 0.0028588221525779039 -0.0054549903762696741 0.0041783157366827063 -0.0026003398271860663 -1.0239231957217461e-05 9.3918070100106781e-05 0.00070953081913772216 -3.56083229007419e-05 -2.0392560425471652e-05 1.1370909395167996e-05 -6.7479779123572728e-05 -0.00013429858513397134 -1.869798582556599e-05 2.7101370061616108e-06 9.8140956667697343e-06 -4.436528745705489e-05 -1.5771815001828004e-05 0.0028412802991282095 0.00070390933254468023 0.0020685279697199585 -0.00069580284468086576 -0.0031280271077388289 -3.5366903064873096e-06 -3.9887013299932159e-05
leaf_weight=5155 5746 5060 17734 2748 569 446 618 268 7093 210 2386 16972 2267 275 213 3123 349 214 2598 885 1342 269 9648 3872 1062 255 687 223 935 14184
leaf_count=5155 5746 5060 17734 2748 569 446 618 268 7093 210 2386 16972 2267 275 213 3123 349 214 2598 885 1342 269 9648 3872 1062 255 687 223 935 14184
internal_value=5.63072e-05 0.000512001 -0.0005726 0.000254524 0.0014146 8.367e-05 0.000899692 -0.00129293 0.00114714 -0.00130485 -0.00161797 0.000120922 0.000253351 -0.000330651 -0.00064912 -0.000112275 -0.0010862 -0.00453472 -0.000776516 -0.00226151 -0.000235741 -0.00102502 -0.000936713 0.00101909 0.000430723 -0.000729839 -0.0020641 -0.00321311 -0.0020525 -0.000120138
internal_weight=107406 62280 45126 48462 13818 39615 8758 886 7872 779 8476 39169 33423 36650 18916 8492 10424 427 5369 1429 3940 1154 9997 8847 4975 2227 1165 910 6090 16451
internal_count=107406 62280 45126 48462 13818 39615 8758 886 7872 779 8476 39169 33423 36650 18916 8492 10424 427 5369 1429 3940 1154 9997 8847 4975 2227 1165 910 6090 16451
is_linear=0
shrinkage=0.03


Tree=51
num_leaves=31
num_cat=0
split_feature=16 22 27 19 29 32 19 25 8 18 1 10 16 35 9 10 19 32 27 18 25 19 32 8 19 14 22 2 10 18
split_gain=38.0516 17.1158 8.50585 8.27913 5.39351 5.19364 5.16039 5.9832 5.07881 5.35498 5.08041 5.13687 6.46058 4.98942 4.8712 4.52539 4.52124 13.4781 4.73409 4.48869 4.39955 5.45284 4.38962 5.43715 7.37998 8.94344 4.76072 5.33852 4.32446 5.45877
threshold=10.517500000000002 2.4526388888888895 6.1943750000000009 6.3725000000000014 3.2625000000000006 0.98897820466835418 6.5025000000000013 4.8775000000000013 13.500000000000002 12.147500000000003 18.875000000000004 11.500000000000002 7.4525000000000015 69.750000000000014 4.5000000000000009 6.5000000000000009 9.2125000000000021 0.99687937417578498 3.8664583333333336 1.5875000000000001 1.7125000000000001 3.1675000000000004 -0.83385407025023295 5.5000000000000009 3.2525000000000004 0.22928326314227457 3.6186111111111114 1.1089058206799027 4.5000000000000009 3.5725000000000007
decision_type=10 2 2 10 2 2 8 8 2 2 2 2 10 2 2 2 10 2 2 2 8 10 2 2 10 2 2 2 2 2
left_child=1 14 6 8 5 -5 7 -2 10 19 11 -3 -13 22 -1 -11 18 -18 -8 -10 21 -21 23 24 25 -12 -27 -28 -24 -30
right_child=2 3 -4 4 -6 -7 16 -9 9 15 13 12 -14 -15 -16 -17 17 -19 -20 20 -22 -23 28 -25 -26 26 27 -29 29 -31
leaf_value=-1.0920195485645009e-05 0.00020021539939194902 -2.1063563468699998e-05 0.011072622728426986 0.00048907732445833236 0.0026990244078094238 -0.00062217198448856936 -6.8115623158135995e-05 -0.00089536727694438257 -3.4442742655242336e-05 0.000377498757924999 -4.6373927465043775e-05 -1.0430125715218172e-05 0.0011710598279487878 1.7375421179067289e-05 -8.9103914765712757e-06 -0.0018543761747714773 0.0026943918521118515 -0.0022294221910588359 0.0028150838635306276 -5.3825111961175105e-07 7.2015723315453464e-06 -5.9962192089072533e-05 -9.3419780120908459e-05 -1.4308687411703289e-06 2.0334105404371665e-05 -3.2799767880046687e-05 -9.9767729523986368e-05 9.2279854668600446e-07 -2.4059370698927654e-05 1.3215864420022537e-05
leaf_weight=6452 474 22571 6476 1223 5030 487 2400 264 1262 450 269 2012 1199 1012 2493 458 972 347 8547 3522 24560 771 336 4191 671 284 329 914 2681 5055
leaf_count=6452 474 22571 6476 1223 5030 487 2400 264 1262 450 269 2012 1199 1012 2493 458 972 347 8547 3522 24560 771 336 4191 671 284 329 914 2681 5055
internal_value=4.87946e-05 -0.000216168 0.00124865 -7.57831e-05 0.000929578 -0.000524781 0.00080575 -0.00162315 -0.000169244 0.000121149 -0.000386188 -0.000645441 0.000476679 3.84836e-05 -0.00145978 -0.00214239 0.00095249 -0.000704683 0.00115239 0.000189741 0.000266443 -0.000619125 -0.000101798 -0.000671769 -0.00178762 -0.00278845 -0.00188577 -0.00107452 0.000368454 0.000513887
internal_weight=107712 88232 19480 79287 6740 1710 13004 738 72547 31023 41524 25782 3211 15742 8945 908 12266 1319 10947 30115 28853 4293 14730 6658 2467 1796 1527 1243 8072 7736
internal_count=107712 88232 19480 79287 6740 1710 13004 738 72547 31023 41524 25782 3211 15742 8945 908 12266 1319 10947 30115 28853 4293 14730 6658 2467 1796 1527 1243 8072 7736
is_linear=0
shrinkage=0.03


Tree=52
num_leaves=31
num_cat=0
split_feature=27 16 24 23 21 19 21 8 26 35 1 10 31 25 21 35 16 23 5 24 20 17 1 35 23 18 35 26 8 34
split_gain=35.0396 12.026 10.8978 8.19913 7.71262 7.50065 7.03789 5.94566 5.3665 4.26474 4.26203 4.02665 8.69051 7.86054 4.11844 4.02296 8.58508 7.59729 3.85125 4.49339 3.73219 3.5004 3.48866 9.16864 3.45452 5.06815 5.99633 3.80932 3.76289 6.34101
threshold=3.8664583333333336 10.517500000000002 1.4250000000000005 0.033995620143041062 1.9079308163357742 4.892500000000001 2.3573811384143606 13.500000000000002 1.5725000000000005 15.750000000000002 28.075000000000006 2.5000000000000004 2.1257983995301379 4.8775000000000013 3.3405650715093222 77.250000000000014 9.9025000000000016 0.69316962390734405 0.096365662398088525 4.2250000000000005 6.9008333333333356 1.6075000000000002 17.375000000000004 68.750000000000014 0.54455652106124619 8.9625000000000021 24.750000000000004 4.4125000000000005 18.500000000000004 962.12500000000011
decision_type=2 10 8 2 2 10 2 2 2 2 2 2 2 10 2 2 8 2 2 10 2 8 2 2 2 2 2 2 2 2
left_child=2 5 8 9 -3 15 -7 21 -1 -4 -10 12 14 -14 -6 18 17 -17 19 -2 -8 -5 -13 -24 25 27 -27 -9 -28 -30
right_child=1 4 3 7 11 6 20 24 10 -11 -12 22 13 -15 -16 16 -18 -19 -20 -21 -22 -23 23 -25 -26 26 28 -29 29 -31
leaf_value=-2.7104239809664155e-06 4.0728811083025186e-07 0.0081165388205236503 -2.942730459531813e-05 -2.2185494146820459e-05 0.0036568111925978208 0.0029916861648241855 -0.00052340092114359677 3.8932169942205944e-06 -1.8980554327547095e-05 -9.9511464066324197e-06 1.7504716980231825e-05 0.0037180959765549782 -6.1194346058412012e-05 -0.0010670735155364692 -0.0014927901328205698 0.00037741144015856945 -0.001737842800982193 -0.0022350582284540363 3.164595125592261e-05 -9.4022207502450784e-05 -3.6428820176076453e-05 -9.8109028978685817e-06 0.0017291444027533491 -0.0058249221578611276 0.0014900516398483386 -7.133702631622635e-05 0.0001572267748284945 -6.9097637182595945e-05 -3.1797499934173507e-05 -0.00059433268839699418
leaf_weight=1869 445 5597 419 338 1391 6007 223 17957 4404 7266 322 6541 436 344 256 724 248 240 10860 317 1540 33018 1647 251 2364 243 843 355 1152 209
leaf_count=1869 445 5597 419 338 1391 6007 223 17957 4404 7266 322 6541 436 344 256 724 248 240 10860 317 1540 33018 1647 251 2364 243 843 355 1152 209
internal_value=7.72321e-05 0.000824369 -0.000314185 -0.000194767 0.00142877 0.00034121 0.00107653 -6.96302e-05 -0.001475 -0.00111378 -0.00201268 0.000962009 -0.00011472 -0.00271338 0.00112046 -0.000104214 -0.00174528 -0.000452012 6.76014e-05 -0.00198696 -0.000588801 -0.000325889 0.00127155 0.000138728 0.000300026 0.000176122 -0.00110481 0.000347546 -0.000605704 -0.00157906
internal_weight=107826 37067 70759 64164 16463 20604 7770 56479 6595 7685 4726 10866 2427 780 1647 12834 1212 964 11622 762 1763 33356 8439 1898 23123 20759 2447 18312 2204 1361
internal_count=107826 37067 70759 64164 16463 20604 7770 56479 6595 7685 4726 10866 2427 780 1647 12834 1212 964 11622 762 1763 33356 8439 1898 23123 20759 2447 18312 2204 1361
is_linear=0
shrinkage=0.03


Tree=53
num_leaves=31
num_cat=0
split_feature=22 22 19 21 10 35 34 25 35 1 23 25 24 34 31 26 29 28 10 14 7 2 11 8 16 26 25 31 19 21
split_gain=34.0287 17.728 8.64958 6.42447 6.40269 10.2843 14.7835 10.7048 7.16586 7.61658 5.60052 5.54271 5.40248 4.65207 5.75574 4.63429 6.30733 5.88529 4.48974 8.53861 4.40491 4.23755 4.08358 3.75857 5.03595 5.20516 5.0673 4.30334 4.16739 4.14396
threshold=9.6255000000000024 2.4526388888888895 6.3725000000000014 2.1066363386632925 2.5000000000000004 65.250000000000014 958.52500000000009 5.1325000000000012 73.250000000000014 7.4750000000000005 0.7818343114007843 4.097500000000001 1.8750000000000002 948.27500000000009 1.4433496191959811 3.1575000000000006 2.6675000000000004 1.0970965469500518 5.5000000000000009 1.2253757918394419 43.500000000000007 1.0647675979197662 7.6075000000000008 13.500000000000002 3.0175000000000005 2.7375000000000007 3.9975000000000005 2.2152443276544456 0.5375000000000002 1.1160290461258511
decision_type=2 2 10 2 2 2 2 10 2 2 2 10 8 2 2 2 2 2 2 2 2 2 2 2 10 2 10 2 10 2
left_child=1 -1 10 13 5 6 7 -5 -6 -10 12 -11 22 14 -2 -4 17 -17 19 -18 21 -14 -3 24 25 -23 -26 28 -27 -25
right_child=3 2 15 4 8 -7 -8 -9 9 11 -12 -13 20 -15 -16 16 18 -19 -20 -21 -22 23 -24 29 26 27 -28 -29 -30 -31
leaf_value=-1.01537352114347e-05 -0.0028705874739684023 -1.6136957296363253e-05 0.0020157084489818406 -0.0011961178116584735 0.0047190689791816792 0.0022796479502875584 0.0037325900471762916 -0.002403104978912809 0.0010408419624118276 -0.00030915045097966334 -0.0018388393628909943 -0.0056787796658080225 -4.2483103376349459e-05 0.0082722425971571336 0.004779876620435896 -0.00076985841007694094 0.00064827197030393785 7.0985465055844744e-05 0.0030210341026192214 -0.0023142111592542799 -2.4750487853245105e-05 -1.5147836859669711e-05 -6.5456545792436628e-05 1.4135116489893667e-05 -5.8979137063801758e-06 -2.3589450583020951e-05 1.5881799098288671e-05 -6.7021075561120248e-05 8.8369384516043426e-06 2.0527146928841726e-06
leaf_weight=8882 409 7180 3931 240 6461 1280 442 247 858 236 516 296 590 7015 570 335 994 353 1581 241 7144 3980 275 5693 18967 1265 7938 228 674 18666
leaf_count=8882 409 7180 3931 240 6461 1280 442 247 858 236 516 296 590 7015 570 335 994 353 1581 241 7144 3980 275 5693 18967 1265 7938 228 674 18666
internal_value=5.04318e-05 -0.000189416 -4.9121e-05 0.00123827 0.000733234 -0.000692412 -0.00308672 -0.00666463 0.00113455 -0.000817204 -0.000148275 -0.00362011 -0.000126024 0.00187298 -6.40243e-05 0.000925403 0.000131662 -0.0024329 0.000761432 -0.000592742 -3.84496e-05 4.81503e-05 -0.000890751 7.42477e-05 -0.000134132 -0.000908485 4.2921e-05 -0.00208978 -0.00162191 0.000356961
internal_weight=107487 89433 80551 18054 10060 2209 929 487 7851 1390 73116 532 72600 7994 979 7435 3504 688 2816 1235 65145 58001 7455 57411 33052 6147 26905 2167 1939 24359
internal_count=107487 89433 80551 18054 10060 2209 929 487 7851 1390 73116 532 72600 7994 979 7435 3504 688 2816 1235 65145 58001 7455 57411 33052 6147 26905 2167 1939 24359
is_linear=0
shrinkage=0.03


Tree=54
num_leaves=31
num_cat=0
split_feature=27 16 24 34 23 34 25 21 35 1 19 16 32 32 17 34 34 1 34 1 35 6 21 16 23 16 26 1 1 34
split_gain=35.1288 17.1551 7.79448 7.38723 7.25802 6.22254 5.94574 7.82196 5.58959 5.44385 5.36325 8.74983 6.1756 4.64174 4.50915 4.39279 5.06053 6.71346 4.73854 4.66116 5.35593 4.25028 4.70792 4.57172 4.2363 4.6994 4.17705 3.85204 3.835 4.11894
threshold=4.925625000000001 3.8275000000000006 2.2250000000000005 957.02500000000009 0.51295881520250419 952.92500000000018 6.5075000000000012 2.1066363386632925 68.250000000000014 32.725000000000009 1.5325000000000004 10.417500000000002 -0.93663652364155492 0.99687937417578498 7.1225000000000014 957.42500000000018 963.12500000000011 -0.27499999999999986 960.02500000000009 -6.5249999999999995 85.250000000000014 1.5000000000000002 2.651844876619545 10.847500000000002 0.035174807280145694 3.5525000000000007 1.5525000000000004 0.37500000000000006 -3.8749999999999996 958.82500000000016
decision_type=2 8 8 2 2 2 8 2 2 2 10 10 2 2 8 2 2 2 2 2 2 2 2 8 2 10 2 2 2 2
left_child=1 5 4 6 27 8 7 -2 -1 13 11 12 -8 -9 -5 24 17 18 -17 -18 -21 22 -4 -24 26 -26 -7 28 -3 -30
right_child=3 2 21 14 -6 15 10 9 -10 -11 -12 -13 -14 -15 -16 16 19 -19 -20 20 -22 -23 23 -25 25 -27 -28 -29 29 -31
leaf_value=-1.1897093023896313e-05 0.0019376110833347329 8.4508316384799124e-07 1.211490152835247e-05 -0.00025805834274099534 -0.00083848636847484812 -9.8413883418928459e-06 -0.0019895467238565537 -8.750714854405145e-05 1.3621553281529738e-05 -0.0025355858694150702 0.0061245361372056842 0.0071184288622842288 0.00049025960837812332 -0.0010920891493590179 0.0064608883868344895 1.4705995773818085e-05 1.6598786947840377e-05 6.8071472109858603e-06 -2.2051864933036525e-05 -2.6753052804875994e-05 1.9752574296374829e-06 -9.7605311643971644e-07 -2.4669401949936426e-05 0.00065462656117131596 -1.7477722771548631e-05 -3.5862444209559215e-05 -1.2964834862192482e-05 -1.2695304764233664e-05 -7.202474614509581e-05 -1.865453144190145e-05
leaf_weight=12074 4840 383 16264 334 272 624 304 2964 1785 200 3078 1406 209 259 6272 506 386 3145 962 1372 448 35118 3643 1442 2484 281 1156 4764 301 326
leaf_count=12074 4840 383 16264 334 272 624 304 2964 1785 200 3078 1406 209 259 6272 506 386 3145 962 1372 448 35118 3643 1442 2484 281 1156 4764 301 326
internal_value=4.10383e-05 -0.000216911 4.95698e-05 0.00118001 -0.000973723 -0.000877239 0.000771203 0.000276851 -0.000450303 -0.000820012 0.00158757 0.000341476 -0.00299421 -0.000517658 0.0019994 -0.00139748 -0.000914859 -0.000348852 -0.00202037 -0.00209498 -0.00272877 0.000159212 0.000492976 -0.000303536 -0.00211978 -0.00138087 -0.0032605 -0.000745458 -0.00242365 -0.00385918
internal_weight=107602 87736 62513 19866 6046 25223 13260 8263 13859 3423 4997 1919 513 3223 6606 11364 6819 4613 1468 2206 1820 56467 21349 5085 4545 2765 1780 5774 1010 627
internal_count=107602 87736 62513 19866 6046 25223 13260 8263 13859 3423 4997 1919 513 3223 6606 11364 6819 4613 1468 2206 1820 56467 21349 5085 4545 2765 1780 5774 1010 627
is_linear=0
shrinkage=0.03


Tree=55
num_leaves=31
num_cat=0
split_feature=22 22 19 32 18 25 32 10 8 27 2 32 26 10 8 10 19 19 10 35 1 10 26 14 9 25 0 28 25 19
split_gain=31.2492 17.3798 10.0048 5.44571 8.08569 6.63134 6.3392 6.57165 5.50854 5.36708 5.09608 8.99491 6.26253 7.15977 5.92042 5.07798 8.4027 5.02829 8.23719 19.5288 7.47315 5.69115 10.4884 4.72552 4.08365 4.7684 4.28789 6.08819 4.04172 6.91584
threshold=10.249388888888889 2.4526388888888895 6.3725000000000014 0.99535829673000953 12.147500000000003 2.8925000000000005 0.95368063612909471 4.5000000000000009 13.500000000000002 6.1943750000000009 1.1660487668648771 0.8869770585236475 2.9825000000000008 10.500000000000002 8.5000000000000018 3.5000000000000004 5.8175000000000017 11.197500000000002 2.5000000000000004 65.250000000000014 17.075000000000006 11.500000000000002 3.1425000000000005 1.778571524185826 1.0000000180025095e-35 4.097500000000001 6.7025000000000015 0.94021052604677047 1.7375000000000005 3.1675000000000004
decision_type=2 2 10 2 2 10 2 2 2 2 2 2 2 2 2 2 8 8 2 2 2 2 2 2 2 8 2 2 8 10
left_child=1 -1 3 4 8 -6 7 -7 10 17 11 -3 -12 14 15 24 -17 18 19 -2 -19 -20 -23 -11 -14 26 27 -26 29 -10
right_child=9 2 -4 -5 5 6 -8 -9 28 23 12 -13 13 -15 -16 16 -18 20 21 -21 -22 22 -24 -25 25 -27 -28 -29 -30 -31
leaf_value=-9.3467713893118253e-06 -0.0023787915389379189 -1.6961901946897661e-05 0.001176603086897116 1.0708340276923099e-05 7.9089698750777889e-05 -0.0012943891753738029 -8.1530465302064904e-05 -0.00058496630844865282 -7.331396657767881e-07 0.010474867542922225 -1.1530398017994148e-05 1.329583070740707e-05 -0.0002645404992050071 -2.6412572812879954e-06 -0.00026653384776418248 -7.6631288542990965e-05 -1.5192069481203829e-05 0.0040791654145547369 0.0046685936491842927 0.00451763472513729 -0.0027854907101282243 -0.0046380109663176124 0.0024486664580874191 -0.0013105467343759729 -6.5295048021180298e-05 9.1038925831806434e-05 0.0005207365936709344 -1.593758851365349e-05 5.6817230458679299e-06 -6.0700038545205234e-05
leaf_weight=8942 304 17725 9018 6353 538 275 347 465 3747 5994 10930 5992 324 1372 347 256 213 4287 1134 262 913 207 215 497 217 427 233 749 24419 856
leaf_count=8942 304 17725 9018 6353 538 275 347 465 3747 5994 10930 5992 324 1372 347 256 213 4287 1134 262 913 207 215 497 217 427 233 749 24419 856
internal_value=4.95897e-05 -0.00014672 -1.40434e-05 -0.000126468 -0.000203407 -0.00229141 -0.00363462 -0.00519463 -0.000153203 0.00138146 -0.000387084 -0.000112933 -0.000818417 -0.00181173 -0.00268928 -0.0021547 -0.00494304 0.000823802 -0.000406206 -0.00348862 0.00132565 0.000722614 -0.00223419 0.00200939 -0.00147315 -0.000853464 -0.00182143 -0.00270031 0.000159369 -0.000655599
internal_weight=107558 93745 84803 75785 69432 1625 1087 740 67807 13813 38785 23717 15068 4138 2766 2419 469 7322 2122 566 5200 1556 422 6491 1950 1626 1199 966 29022 4603
internal_count=107558 93745 84803 75785 69432 1625 1087 740 67807 13813 38785 23717 15068 4138 2766 2419 469 7322 2122 566 5200 1556 422 6491 1950 1626 1199 966 29022 4603
is_linear=0
shrinkage=0.03


Tree=56
num_leaves=31
num_cat=0
split_feature=12 22 26 19 1 24 21 22 12 16 16 33 10 19 27 29 19 2 10 28 11 34 34 19 32 1 8 30 16 15
split_gain=33.1161 11.7514 10.0754 7.25467 5.12084 4.89707 7.66592 4.63896 4.4809 4.19062 7.72063 4.13328 3.99494 7.51412 5.23094 3.82505 6.43955 3.66227 4.85565 3.63934 3.38357 3.35819 3.84851 7.39622 7.78121 7.70818 4.43049 3.34713 3.31165 3.45879
threshold=7.8975000000000017 2.4526388888888895 2.7225000000000006 3.0675000000000008 35.525000000000006 3.4750000000000005 3.2335623412309302 11.26215277777778 7.8525000000000018 10.782500000000002 9.2825000000000024 0.1218693434051476 6.5000000000000009 7.5925000000000011 4.6693750000000014 0.83250000000000013 1.0025000000000002 1.0880881565731924 6.5000000000000009 2.8955488458801222 10.097500000000002 942.17500000000018 944.87500000000011 5.0525000000000011 -0.93038214053199442 26.325000000000006 16.500000000000004 3.9250000000000007 2.8075000000000006 -0.35000000000000026
decision_type=8 2 2 8 2 10 2 2 10 10 10 2 2 8 2 2 10 2 2 2 2 2 2 10 2 2 2 2 8 2
left_child=1 15 -2 -4 7 8 -7 12 17 10 -8 -12 13 14 -5 16 -1 18 27 -14 21 -19 23 24 25 -23 -27 -3 29 -24
right_child=2 5 3 4 -6 6 9 -9 -10 -11 11 -13 19 -15 -16 -17 -18 20 -20 -21 -22 22 28 -25 -26 26 -28 -29 -30 -31
leaf_value=-8.7934395087374033e-06 -1.1405148711494532e-06 -6.9509185631883711e-06 -3.5094426176930422e-05 0.00061824777020864712 -0.0024221398230669894 1.3796461695685276e-05 -2.7522873376468296e-05 0.0085910085527457925 -0.0012028903763464317 0.0015489447168495001 -0.0002238885755079584 -0.00010966756994410988 0.0025348889783989264 0.0021505219096472762 -0.0012148577443310369 -8.1364425399453303e-06 -1.9178921016699005e-05 1.0480162407986073e-05 -9.5959377249500787e-06 -0.001466600522782395 -0.00067711613838165343 -4.4940643424747936e-06 -2.5412179889368755e-05 -0.00057411303271676095 7.8109435650978645e-07 -0.00014923147652271375 -0.000152041517079061 0.00035241103456871211 -4.0001244720155302e-06 -1.3668372817621996e-05
leaf_weight=751 7085 216 327 561 201 16161 1104 7579 267 643 246 274 5722 4251 1078 7799 336 2426 3104 297 322 458 2207 384 2412 232 211 1758 34961 4238
leaf_count=751 7085 216 327 561 201 16161 1104 7579 267 643 246 274 5722 4251 1078 7799 336 2426 3104 297 322 458 2207 384 2412 232 211 1758 34961 4238
internal_value=5.04852e-05 -0.000254859 0.000957463 0.00130153 0.00137539 -0.000127155 0.000294255 0.00142482 -0.000273153 -0.00133759 -0.00214733 -0.00514286 0.00105481 0.000498728 -0.00122445 -0.00128355 -0.0029478 -0.000253391 0.000512296 0.00159811 -0.000334691 -0.000313733 -0.00037224 -0.00129903 -0.000838155 -0.00320861 -0.0060067 0.00167357 -0.000289343 -0.000913953
internal_weight=107611 80510 27101 20016 19689 71624 18428 19488 53196 2267 1624 520 11909 5890 1639 8886 1087 52929 5078 6019 47851 47529 45103 3697 3313 901 443 1974 41406 6445
internal_count=107611 80510 27101 20016 19689 71624 18428 19488 53196 2267 1624 520 11909 5890 1639 8886 1087 52929 5078 6019 47851 47529 45103 3697 3313 901 443 1974 41406 6445
is_linear=0
shrinkage=0.03


Tree=57
num_leaves=31
num_cat=0
split_feature=27 16 14 34 21 15 24 20 18 9 33 34 8 6 30 9 32 31 25 31 24 12 18 12 31 1 11 1 25 25
split_gain=30.9985 15.7951 8.1376 7.34695 6.06138 6.07887 5.53414 4.91747 6.92152 10.2326 6.03072 4.66153 4.35048 4.31199 4.44063 4.55034 3.93292 5.12186 3.96209 10.1637 3.83082 3.70982 3.68519 3.50874 3.71066 4.44803 3.50809 4.19302 3.76641 3.52081
threshold=4.925625000000001 3.8275000000000006 1.5316344740911405 957.02500000000009 2.7304715708546619 -1.6200000000000001 1.8750000000000002 12.652500000000002 13.277500000000002 1.0000000180025095e-35 0.32556815445715659 952.92500000000018 13.500000000000002 2.5000000000000004 12.325000000000003 3.5000000000000004 0.8869770585236475 1.5456583329565834 6.0225000000000009 1.1828294168126303 1.4250000000000005 8.6575000000000024 9.2625000000000028 4.4075000000000015 1.0202166170374263 35.875000000000007 7.347500000000001 0.37500000000000006 2.2175000000000007 3.4175000000000004
decision_type=2 8 2 2 2 2 8 2 2 2 2 2 2 2 2 2 2 2 10 2 10 8 2 10 2 2 2 2 10 10
left_child=1 11 3 7 -4 -6 26 8 16 -10 -11 23 -7 14 21 -16 17 18 -2 -20 -13 -8 -21 24 -1 -26 27 28 -3 -30
right_child=2 6 4 -5 5 12 13 -9 9 10 -12 20 -14 -15 15 -17 -18 -19 19 22 -22 -23 -24 -25 25 -27 -28 -29 29 -31
leaf_value=1.4244803500850535e-05 0.00052604119405478145 -4.4717259032878323e-06 0.00059940641416632301 0.0055202080296326483 -0.0035615871469629767 0.00047597779246822986 2.9887335582088057e-06 0.011149837611994352 -0.0032134990034663699 0.00094983668514205476 -0.0040714312852709513 -1.3007415548976723e-05 -0.0056797260043619079 -2.5626296442875877e-05 -0.0025318741602673956 7.3632891057823747e-05 0.0042940268143912197 0.0052894776196388774 -0.0027750858819549796 -0.0022200226906447852 -8.6486372425339305e-06 0.0010305418857057211 0.001740556330330118 5.991614306240645e-06 -1.3858027590667235e-05 -4.7370492728553585e-05 -6.7695934148948863e-05 -1.1665138544997714e-05 -7.2207090152529764e-05 -2.7100366189985546e-05
leaf_weight=2262 2981 361 1268 6185 201 299 44859 2079 207 1001 254 6591 207 7392 330 310 2774 1083 286 263 4640 5148 748 3380 7970 297 271 3424 237 202
leaf_count=2262 2981 361 1268 6185 201 299 44859 2079 207 1001 254 6591 207 7392 330 310 2774 1083 286 263 4640 5148 748 3380 7970 297 271 3424 237 202
internal_value=5.05047e-05 -0.000191813 0.00112131 0.00132335 -0.000704545 -0.00291994 6.35125e-05 0.000879891 0.000592689 -0.0013047 -0.000273809 -0.000826804 -0.00113894 0.000142082 0.000240879 -0.00223256 0.000934275 0.000459001 -8.40521e-06 -0.0013894 -0.00128133 0.000272755 3.24804e-05 -0.000459465 -0.000729352 -0.00102382 -0.00095 -0.000734925 -0.00268323 -0.00453378
internal_weight=107510 87674 19836 17861 1975 707 62534 11676 9597 1462 1255 25140 506 58039 50647 640 8135 5361 4278 1297 11231 50007 1011 13909 10529 8267 4495 4224 800 439
internal_count=107510 87674 19836 17861 1975 707 62534 11676 9597 1462 1255 25140 506 58039 50647 640 8135 5361 4278 1297 11231 50007 1011 13909 10529 8267 4495 4224 800 439
is_linear=0
shrinkage=0.03


Tree=58
num_leaves=31
num_cat=0
split_feature=16 16 21 35 9 10 2 34 1 8 29 20 33 1 11 34 8 3 35 32 30 35 19 1 9 31 35 34 18 10
split_gain=28.8968 13.6988 8.94129 5.66472 11.3801 9.19078 8.35995 5.93876 10.1045 5.80935 5.71212 7.01351 6.07739 5.22898 4.89669 4.84867 7.59346 6.47445 4.81541 4.74179 6.57853 7.09164 6.19662 5.43648 5.36056 5.02744 5.21597 4.66013 4.55883 4.50202
threshold=10.517500000000002 3.9975000000000005 2.0873467009345545 28.250000000000004 3.5000000000000004 4.5000000000000009 1.0647675979197662 959.42500000000018 0.9750000000000002 19.500000000000004 3.3175000000000008 8.1320833333333358 0.04361772647272262 22.225000000000005 3.6125000000000007 963.22500000000014 10.500000000000002 3.5193680214609278 15.250000000000002 -0.5663846699108962 10.025000000000002 71.750000000000014 7.1175000000000006 13.675000000000002 4.5000000000000009 2.5630849295897846 56.250000000000007 949.32500000000016 3.6275000000000008 2.5000000000000004
decision_type=10 8 2 2 2 2 2 2 2 2 2 2 2 2 2 2 2 2 2 2 2 2 10 2 2 2 2 2 2 2
left_child=1 15 27 4 28 13 -7 8 29 19 11 -9 -13 -6 -11 18 17 -17 -1 20 -10 22 24 -23 -22 -21 -27 -2 -3 -5
right_child=2 3 -4 7 5 6 -8 10 9 14 -12 12 -14 -15 -16 16 -18 -19 -20 25 21 23 -24 -25 -26 26 -28 -29 -30 -31
leaf_value=-3.3280622708906412e-05 0.00119831740684222 -2.2687979309734842e-05 0.00078013699830925814 -2.555120265853767e-05 -3.1818914895315241e-05 -0.00014472114138388298 3.8870604270678558e-05 2.4392690100686949e-06 -7.1043385966889323e-06 -2.4231783244208232e-05 0.00078426443581640229 0.0011950870364124593 -0.0011886110396904525 -0.0003183793790899545 0.00024019734093938471 1.8203039933649925e-05 -3.0741080802196283e-05 -2.2202795350302669e-05 -8.3256871906469926e-06 4.4332937544600663e-06 -0.00060376142460784787 -0.0035655807418268053 0.0032635387894691366 -0.0017280432739392522 1.5963161263671392e-05 -0.00011622449705977599 -1.1131111447820058e-06 0.0073306838104170687 0.0008843210311537999 -5.1798345319121674e-05
leaf_weight=889 1218 689 12120 2877 268 226 2850 7724 11035 1307 5802 219 509 251 5658 834 1129 291 23685 10996 1656 217 579 298 803 518 764 5990 4337 1910
leaf_count=889 1218 689 12120 2877 268 226 2850 7724 11035 1307 5802 219 509 251 5658 834 1129 291 23685 10996 1656 217 579 298 803 518 764 5990 4337 1910
internal_value=4.62316e-05 -0.000183717 0.00109678 6.30753e-05 0.00077591 -0.0005125 0.00011295 -5.32177e-05 -0.000246382 -6.37486e-05 0.000470019 -2.76693e-05 -0.0028322 -0.00418511 0.000708035 -0.000749301 -0.00207968 -0.000331858 -0.000626876 -0.000263928 -0.00062948 -0.00175126 -0.00119487 -0.00499038 -0.00185187 0.00017048 -0.00160373 0.00193318 0.00169708 -0.00153568
internal_weight=107649 88321 19328 61493 8621 3595 3076 52872 38618 33831 14254 8452 728 519 6965 26828 2254 1125 24574 26866 14588 3553 3038 515 2459 12278 1282 7208 5026 4787
internal_count=107649 88321 19328 61493 8621 3595 3076 52872 38618 33831 14254 8452 728 519 6965 26828 2254 1125 24574 26866 14588 3553 3038 515 2459 12278 1282 7208 5026 4787
is_linear=0
shrinkage=0.03


Tree=59
num_leaves=31
num_cat=0
split_feature=22 22 19 21 34 10 30 25 35 17 1 34 35 34 17 18 25 34 9 35 22 24 2 11 12 18 2 19 10 4
split_gain=30.0061 15.963 8.35957 6.54904 7.59836 8.46424 16.9392 15.2716 10.4417 7.8997 6.65074 4.96507 4.49089 5.03953 6.08399 14.7695 10.0001 4.6562 4.95251 6.39596 8.17136 7.6619 5.66617 5.40797 5.36846 4.74857 4.65699 4.42218 5.0133 5.81673
threshold=10.249388888888889 2.4526388888888895 6.3725000000000014 1.9079308163357742 957.32500000000016 2.5000000000000004 10.725000000000001 5.1075000000000008 73.250000000000014 9.4075000000000006 16.525000000000002 954.22500000000014 90.250000000000014 953.62500000000011 3.7825000000000002 10.922500000000003 4.5225000000000017 957.62500000000011 2.5000000000000004 82.250000000000014 7.7872777777777786 5.5750000000000011 1.2054027804380076 7.2725000000000017 2.7925000000000004 9.5725000000000016 1.2131488738969571 3.3175000000000008 6.5000000000000009 0.48371291487990437
decision_type=2 2 10 2 2 2 2 10 2 8 2 2 2 2 10 2 10 2 2 2 2 10 2 2 10 2 2 10 2 2
left_child=1 -1 12 -2 5 6 7 -5 9 -7 11 -10 13 27 17 -16 -17 18 19 20 21 23 24 25 -20 -15 -24 28 -3 -30
right_child=3 2 -4 4 -6 8 -8 -9 10 -11 -12 -13 -14 14 15 16 -18 -19 22 -21 -22 -23 26 -25 -26 -27 -28 -29 29 -31
leaf_value=-8.294095858138046e-06 0.0079587033239326109 5.278332805457321e-06 0.0010475659067391973 -0.0012020243681635705 0.0044880565725089229 -0.0039820687185694809 0.013290872057731563 -0.0023712445355206862 0.0097714985385923755 0.0046442200542743568 -0.0062869335880260746 -0.0027581024019063126 1.339358502219762e-05 -1.9243696720631046e-05 -2.4581288056639682e-05 -9.1373702188531083e-05 -0.001212956825480029 7.6598858216184516e-07 -2.4359664995428696e-05 -0.00041955606044401001 0.0014648642321831746 -0.00042093732621603728 -0.00012728091524770148 -0.00031566448821304319 1.8748930597739833e-05 -8.081299111028317e-05 -1.771506403366809e-05 2.3021481306331587e-05 -8.6540152003616692e-06 -0.00032722455368511071
leaf_weight=8958 5103 13403 9044 201 3694 207 271 201 248 3493 243 213 1633 2978 4696 255 202 17113 712 321 1032 204 361 310 3527 201 1208 9463 15883 2119
leaf_count=8958 5103 13403 9044 201 3694 207 271 201 248 3493 243 213 1633 2978 4696 255 202 17113 712 321 1032 204 361 310 3527 201 1208 9463 15883 2119
internal_value=3.06135e-05 -0.000162355 -3.49001e-05 0.00133237 0.000834435 8.08738e-05 -0.00303982 -0.006914 0.000560671 0.00119838 -0.00277574 -0.000637339 -0.000138008 -0.000172395 -0.000447396 -0.00139414 -0.00651299 -0.000272737 -0.000758633 -0.00144565 -0.00116385 -0.00182288 -0.000161018 -0.00148626 0.000409284 -0.00111275 -0.00169822 5.0498e-05 -0.000120821 -0.000447826
internal_weight=107497 93623 84665 13874 8771 5077 673 402 4404 3700 704 461 75621 73988 33120 5153 457 27967 10854 5046 4725 3693 5808 3489 4239 3179 1569 40868 31405 18002
internal_count=107497 93623 84665 13874 8771 5077 673 402 4404 3700 704 461 75621 73988 33120 5153 457 27967 10854 5046 4725 3693 5808 3489 4239 3179 1569 40868 31405 18002
is_linear=0
shrinkage=0.03


Tree=60
num_leaves=31
num_cat=0
split_feature=27 22 10 24 21 8 25 16 34 13 24 11 5 26 24 19 27 33 6 16 17 26 26 22 32 9 5 13 1 33
split_gain=30.8588 15.4005 6.60785 6.48153 5.60336 5.85759 5.54808 5.03083 5.47897 6.85731 5.68183 4.78298 4.75138 4.86825 6.46463 4.63827 4.56672 5.38781 4.53195 4.27044 4.04233 3.86446 3.6351 3.63049 4.36757 3.51638 4.04032 3.89435 4.48048 3.809
threshold=5.1606250000000014 2.4526388888888895 8.5000000000000018 1.8750000000000002 2.697571245287635 18.500000000000004 4.7825000000000015 5.6725000000000012 954.02500000000009 3.7383333333333333 2.5750000000000006 10.357500000000002 0.15531198884478847 2.8225000000000007 4.4250000000000016 3.5875000000000004 5.4006250000000025 -0.31729257441605202 2.5000000000000004 12.772500000000003 5.847500000000001 2.4075000000000006 4.0275000000000007 3.7230555555555553 0.98624804680367306 4.5000000000000009 0.13822739360281328 2.8600000000000008 5.0750000000000011 0.35019404643548474
decision_type=2 2 2 8 2 2 10 8 2 2 10 2 2 2 10 10 2 2 2 8 10 2 2 2 2 2 2 2 2 2
left_child=1 -1 4 6 11 16 21 8 10 22 -5 19 13 20 23 -16 -6 -18 -14 -2 25 -3 -10 -15 -25 27 -27 28 29 -9
right_child=2 3 -4 7 5 -7 -8 12 9 -11 -12 -13 18 14 15 -17 17 -19 -20 -21 -22 -23 -24 24 -26 26 -28 -29 -30 -31
leaf_value=-8.0175203810961154e-06 0.001082125541528534 -3.8909182589234872e-06 0.0058717865788172783 -6.0585098240733189e-06 -0.00083640067357701399 -0.0033155949379458467 -7.0935960714659028e-05 -2.6791201249642271e-05 6.4695010815669567e-07 -2.5865915376434046e-05 1.2373285374815811e-05 0.0058018372686256094 0.0001845587772895689 -3.3802272290974659e-05 -0.00015888288099434356 -8.1035094426532659e-05 -0.0013550332948793267 0.0022533203219569429 -8.3782296540563892e-05 -0.00065655137904013382 -0.00011090762590117957 -1.9908667104438259e-05 -2.2171510425979845e-05 6.2250185550213539e-06 -5.802093053875013e-05 1.0307922759461332e-05 -2.7645578008467092e-05 3.6104407514112556e-06 -2.7059910238293102e-06 -3.7258575587682092e-05
leaf_weight=8891 3921 4059 6529 12749 392 325 282 354 5364 4256 4490 3725 29641 208 353 348 210 1601 4003 220 204 3219 350 2678 1176 2152 216 4032 1153 261
leaf_count=8891 3921 4059 6529 12749 392 325 282 354 5364 4256 4490 3725 29641 208 353 348 210 1601 4003 220 204 3219 350 2678 1176 2152 216 4032 1153 261
internal_value=2.29681e-05 -0.000197061 0.00119855 -6.77595e-05 0.000728147 -0.000499802 -0.000904164 1.77585e-05 -0.00030657 -0.000866165 1.72235e-05 0.00112286 0.000206417 -0.000277397 -0.00104258 -0.00369263 5.8424e-05 0.000695485 0.000395316 0.000420405 0.000158291 -0.000742276 -0.000186746 -0.000581264 -0.000370044 0.000263551 0.00123641 -0.000134367 -0.00130626 -0.0033629
internal_weight=107362 90439 16923 81548 10394 2528 7560 73988 27209 9970 17239 7866 46779 13135 4763 701 2203 1811 33644 4141 8372 7278 5714 4062 3854 8168 2368 5800 1768 615
internal_count=107362 90439 16923 81548 10394 2528 7560 73988 27209 9970 17239 7866 46779 13135 4763 701 2203 1811 33644 4141 8372 7278 5714 4062 3854 8168 2368 5800 1768 615
is_linear=0
shrinkage=0.03


Tree=61
num_leaves=31
num_cat=0
split_feature=12 26 22 22 26 35 24 8 17 25 23 29 35 14 29 9 14 35 34 35 17 24 31 34 9 25 21 9 35 18
split_gain=27.8166 17.0766 11.2758 6.17885 4.94457 4.65276 4.42376 4.40625 6.39833 6.43056 5.42251 9.08504 4.68573 4.05038 4.75431 8.91311 3.77447 3.8926 4.03546 5.81688 10.9882 3.88425 3.7898 4.6222 3.83849 5.33335 3.68994 3.40359 3.36674 4.48715
threshold=6.1125000000000016 2.5275000000000007 2.4859166666666672 11.26215277777778 2.3975000000000004 88.250000000000014 2.2250000000000005 5.5000000000000009 5.1275000000000013 3.9975000000000005 0.40052128885497373 1.9725000000000004 64.250000000000014 1.8696902589099995 4.9225000000000012 1.5000000000000002 2.0343631272054918 28.250000000000004 957.12500000000011 83.250000000000014 9.3225000000000016 7.1250000000000009 2.0955005567365124 963.87500000000011 2.5000000000000004 4.7075000000000014 2.6829412885848289 3.5000000000000004 46.750000000000007 3.9325000000000006
decision_type=8 2 2 2 2 2 8 2 8 8 2 2 2 2 2 2 2 2 2 2 8 10 2 2 2 10 2 2 2 2
left_child=2 5 -1 6 -4 -2 -3 8 12 10 28 -12 -6 14 15 -5 17 27 19 -19 -21 -18 -20 24 -24 -26 -15 -8 29 -10
right_child=1 3 4 13 7 -7 16 -9 9 -11 11 -13 -14 26 -16 -17 21 18 22 20 -22 -23 23 -25 25 -27 -28 -29 -30 -31
leaf_value=-8.0366580373984297e-06 -3.119929113193909e-05 -3.8767290407995588e-05 6.7392520094617864e-07 -0.0013062563542332009 -3.4805610047905634e-05 0.00063667327569531156 0.0021812725142616777 -7.8539978839017417e-06 1.0129924968798122e-06 1.3781585124091802e-05 -0.00021651167699095143 -0.00011689501745007406 -1.5520643148979871e-05 0.0022856002589549266 0.0097024857460021596 0.0038595709319384774 -3.3588517499326048e-06 0.00027281398087152382 0.0027524238266228521 0.0022519555290038914 -0.0026250436736035077 -0.0016729867580697968 0.0023033910453180823 -0.0010000291204100471 0.00057667474288450511 -0.0010776699951617202 -0.0055421228622826481 0.0005001737897649221 -9.8131841679182161e-06 -3.4495227951022547e-05
leaf_weight=9301 12720 628 27849 257 228 730 2843 16018 655 2011 201 610 716 267 6505 733 1117 10648 4324 315 307 210 866 234 590 339 202 1661 3322 1162
leaf_count=9301 12720 628 27849 257 228 730 2843 16018 655 2011 201 610 716 267 6505 733 1117 10648 4324 315 307 210 866 234 590 339 202 1661 3322 1162
internal_value=1.25217e-05 0.000575987 -0.00040048 0.000952482 -0.000230669 -0.00032107 0.000712667 -0.000537588 -0.00107239 -0.00079425 -0.00128967 -0.0035625 -0.00340148 0.00167675 0.001846 -9.04521e-05 0.000779317 0.000872538 0.000671035 0.000329934 -0.00247847 -0.000772522 0.0012754 0.000205015 0.000725 -0.00061349 -0.00101899 0.00165935 -0.000927877 -0.00196432
internal_weight=107569 45496 62073 32046 52772 13450 24082 24923 8905 7961 5950 811 944 7964 7495 990 23454 22127 17623 11270 622 1327 6353 2029 1795 929 469 4504 5139 1817
internal_count=107569 45496 62073 32046 52772 13450 24082 24923 8905 7961 5950 811 944 7964 7495 990 23454 22127 17623 11270 622 1327 6353 2029 1795 929 469 4504 5139 1817
is_linear=0
shrinkage=0.03


Tree=62
num_leaves=31
num_cat=0
split_feature=27 22 16 21 22 8 10 24 9 32 27 30 20 19 26 32 2 26 10 9 32 5 27 34 0 14 26 34 15 10
split_gain=29.1641 10.5727 8.86817 7.5757 6.94995 4.40413 4.24302 7.69862 5.36766 6.17841 4.22647 5.40764 5.23154 4.19524 4.88094 5.39971 4.36684 4.7079 4.17876 6.29377 4.12866 4.06701 4.04209 3.80163 7.29417 5.22331 4.34825 4.02364 3.74129 3.6001
threshold=3.8664583333333336 2.4526388888888895 11.372500000000002 2.4459609562360627 3.6888750000000008 13.500000000000002 11.500000000000002 2.3250000000000006 4.5000000000000009 -0.90992662233962551 6.1943750000000009 13.525000000000002 12.029500000000002 4.8575000000000008 3.6425000000000005 0.92384435400961407 1.2167232008117836 1.6925000000000001 2.5000000000000004 1.0000000180025095e-35 -0.97233289553061575 0.54646899687194572 5.7356250000000015 947.77500000000009 7.347500000000001 0.27527259216999805 1.9175000000000002 952.32500000000016 -1.6200000000000001 3.5000000000000004
decision_type=2 2 10 2 2 2 2 8 2 2 2 2 2 10 2 2 2 2 2 2 2 2 2 2 2 2 2 2 2 2
left_child=1 -1 3 4 -2 20 21 -8 9 -9 11 18 -13 14 15 16 17 -6 19 -4 23 -7 29 24 25 -3 -27 -25 -5 -19
right_child=2 5 10 28 13 6 7 8 -10 -11 -12 12 -14 -15 -16 -17 -18 22 -20 -21 -22 -23 -24 27 -26 26 -28 -29 -30 -31
leaf_value=-7.3941677453511109e-06 -4.4194342815554838e-05 -6.1735625897759407e-05 -0.0012963419472183425 -0.00073892138830896888 -0.0014700241296111592 1.5324889848524099e-06 -0.00013322623653905079 -6.6720025349042877e-05 -0.00011806099249687886 0.00020253788310049914 0.0098745940674978185 -0.0046292001066268783 0.003602083900180205 0.0026522786689962101 0.00068588202107850783 0.0014366824424137208 0.0004846887957217521 -0.0002429259699682562 0.0029153416310129568 0.00068683388726531013 -9.4878119182428268e-06 0.0016588064695005154 -0.0025441736837389303 1.5765829771833742e-05 -0.00033973027778702006 1.9506772368015691e-05 -1.8138934481882871e-05 -2.5588630625087618e-05 -4.4113134896857061e-05 -1.297150959931206e-05
leaf_weight=8878 500 235 299 378 256 21547 329 258 384 928 5476 227 214 7670 4593 1583 484 333 4809 1255 32171 1329 200 1177 249 345 771 2036 6254 2555
leaf_count=8878 500 235 299 378 256 21547 329 258 384 928 5476 227 214 7670 4593 1583 484 333 4809 1255 32171 1329 200 1177 249 345 771 2036 6254 2555
internal_value=7.60259e-06 -0.000350061 0.000688793 0.000362259 0.000678915 -0.000210851 9.86684e-05 -0.00126208 -0.000380952 0.000619647 0.00134799 0.000847702 -0.00234753 0.000777872 0.000372865 -0.000237629 -0.000846856 -0.00123261 0.00107082 -0.000280949 -0.000418178 0.000211879 -0.000903977 -0.00123724 -0.00242991 -0.00154646 -0.00067975 -0.00064046 -0.000505349 -0.000613895
internal_weight=107723 70637 37086 24806 18174 61759 24775 1899 1570 1186 12280 6804 441 17674 10004 5411 3828 3344 6363 1554 36984 22876 3088 4813 1600 1351 1116 3213 6632 2888
internal_count=107723 70637 37086 24806 18174 61759 24775 1899 1570 1186 12280 6804 441 17674 10004 5411 3828 3344 6363 1554 36984 22876 3088 4813 1600 1351 1116 3213 6632 2888
is_linear=0
shrinkage=0.03


Tree=63
num_leaves=31
num_cat=0
split_feature=27 22 14 21 15 17 30 22 8 1 12 9 26 22 9 29 21 15 1 10 9 22 32 8 10 27 9 10 13 29
split_gain=27.164 11.6818 6.91704 5.06298 5.13933 4.80274 4.35013 4.88986 4.63925 5.83559 4.17848 8.33669 4.19746 4.11988 3.91084 6.86956 3.84172 3.58657 4.47769 5.23959 5.11562 4.17535 5.33486 3.97107 6.9616 12.8324 3.58539 3.47077 5.30917 3.44735
threshold=4.925625000000001 2.4526388888888895 1.5316344740911405 2.7304715708546619 0.72000000000000053 1.6075000000000002 12.325000000000003 9.0714583333333358 13.500000000000002 37.525000000000006 7.0275000000000007 5.5000000000000009 1.7625000000000004 11.26215277777778 3.5000000000000004 4.9675000000000011 1.1160290461258511 0.069999999999999632 11.675000000000002 4.5000000000000009 1.0000000180025095e-35 6.4110555555555573 0.89490028524376763 19.500000000000004 2.5000000000000004 3.402083333333334 3.5000000000000004 6.5000000000000009 6.8291666666666675 1.6725000000000003
decision_type=2 2 2 2 2 8 2 2 2 2 8 2 2 2 2 2 2 2 2 2 2 2 2 2 2 2 2 2 2 2
left_child=1 -1 13 -4 -5 -3 7 8 -7 16 11 12 -9 -2 15 -15 -10 18 -18 20 -20 22 -22 -19 25 29 -8 -21 -29 -25
right_child=2 5 3 4 -6 6 26 10 9 -11 -12 -13 -14 14 -16 -17 17 23 19 27 21 -23 -24 24 -26 -27 -28 28 -30 -31
leaf_value=-7.0278776664711097e-06 0.0013126844271841049 -1.9365770218851956e-05 0.00044760464232624627 -0.0037934559846328842 -4.3137627909956076e-05 -1.0714524508430477e-05 -0.0017909660424416268 -0.0020050658848152344 1.2263508282736739e-05 -2.8237320485837451e-05 0.0019739095758503781 -0.0025395242761700643 0.0011089987907250034 -0.00095813435029533302 0.0095824436037049814 0.0087968806333149213 9.9119880075258774e-06 2.6827269463718452e-06 0.00070720736312739898 1.8042223265685007e-05 -3.730368450734789e-05 -0.00054671521468956194 1.9530451166044917e-05 -3.494920428882584e-05 -1.1733742321667833e-05 -0.00082343993649619529 -1.519392089422089e-05 -2.0831225818066683e-05 0.001823549507911629 1.4082099754002371e-05
leaf_weight=8946 10999 659 1329 290 424 40523 451 255 6458 355 5447 261 1684 344 3210 3293 5567 5469 260 1864 503 234 243 206 3359 228 425 3282 732 349
leaf_count=8946 10999 659 1329 290 424 40523 451 255 6458 355 5447 261 1684 344 3210 3293 5567 5469 260 1864 503 234 243 206 3359 228 425 3282 732 349
internal_value=2.58886e-05 -0.000200991 0.00102679 -0.000625488 -0.00265369 -8.4345e-05 -6.27558e-05 -3.88566e-05 -0.000117954 0.000170949 0.000680999 -0.000421769 0.000260803 0.00121607 0.00179378 0.00111779 0.000218436 3.17476e-05 0.000362884 -0.000135617 -0.00190361 -0.0028934 -0.00177364 -0.000405262 -0.00110538 -0.0036434 -0.00215891 0.000238654 -0.000258273 -0.00115179
internal_weight=107649 87760 19889 2043 714 78814 78155 77279 69632 29109 7647 2200 1939 17846 6847 3637 28754 22296 12685 7118 1240 980 746 9611 4142 783 876 5878 4014 555
internal_count=107649 87760 19889 2043 714 78814 78155 77279 69632 29109 7647 2200 1939 17846 6847 3637 28754 22296 12685 7118 1240 980 746 9611 4142 783 876 5878 4014 555
is_linear=0
shrinkage=0.03


Tree=64
num_leaves=31
num_cat=0
split_feature=27 16 22 19 35 18 21 34 32 8 25 21 18 23 24 25 34 17 29 32 11 16 26 19 14 26 24 26 9 34
split_gain=24.8615 9.18623 9.07767 6.45122 8.08164 7.43042 7.19415 7.05306 6.26868 6.08169 5.31202 5.17554 5.13642 4.69266 4.50408 4.45688 5.68099 11.0203 6.56093 5.7426 5.24336 7.30322 10.9752 5.57248 5.03391 4.4223 4.74165 4.2221 4.24055 4.10485
threshold=3.695625000000001 10.902500000000002 2.4179583333333339 3.4375000000000004 77.250000000000014 8.8175000000000026 2.2590064187144354 954.72500000000014 0.90992662233962551 12.500000000000002 4.807500000000001 1.8869218209325254 3.6275000000000008 0.78402029392472017 2.5750000000000006 6.5075000000000012 956.92500000000018 7.3675000000000006 3.5475000000000003 0.99809679250719918 10.742500000000001 13.467500000000003 3.0725000000000007 8.6525000000000016 1.4128251838072543 4.7425000000000006 6.7750000000000012 3.2625000000000006 5.5000000000000009 951.22500000000014
decision_type=2 10 2 10 2 2 2 2 2 2 10 2 2 2 10 8 2 8 2 2 2 10 2 10 2 2 10 2 2 2
left_child=2 3 14 4 8 -6 -5 12 -2 10 -7 29 -8 -9 27 16 18 -18 -13 20 -20 22 -22 -24 -17 -19 -27 28 -1 -3
right_child=1 11 -4 6 5 9 7 13 -10 -11 -12 15 -14 -15 -16 24 17 25 19 -21 21 -23 23 -25 -26 26 -28 -29 -30 -31
leaf_value=-7.8195126639451102e-06 -2.7612086516090596e-05 0.0021896288357553559 -5.6496501796193506e-06 0.0012749204539176503 1.1844574172926464e-05 -0.0015654486334808386 -0.00035198838058536457 -0.00022118678810943961 0.00042998358614801792 -0.0021833293191801484 9.9731562828209139e-05 0.0016956088900911051 0.00095876338056123829 -0.0022647203391444912 7.1652285620296856e-06 0.0086376856358948862 -0.0012148401984229879 0.0039008769939030776 0.00079827843342881804 -0.0016730270631292905 -0.0047542305224275196 0.002273574833295721 -0.0044826475157367556 0.0061861342199947163 -0.0023505004818816619 -0.0016783344573318823 0.0071781113331404571 1.5496681375966899e-07 1.750179726720308e-05 0.0095191125911862004
leaf_weight=5266 8264 1323 58487 8238 597 267 319 1156 4357 237 303 832 1803 210 983 2901 205 2379 1494 329 208 425 318 248 342 409 247 1226 849 3386
leaf_count=5266 8264 1323 58487 8238 597 267 319 1156 4357 237 303 832 1803 210 983 2901 205 2379 1494 329 208 425 318 248 342 409 247 1226 849 3386
internal_value=-5.07362e-06 0.000578428 -0.000361395 0.000234237 -0.000199929 -0.00235486 0.000753389 -0.000388205 4.06306e-05 -0.00422291 -0.00250435 0.00116723 0.000693935 -0.00206565 -0.00128803 0.000791046 0.000369348 0.0012943 -0.000408914 -0.00105847 -0.000597109 -0.0020706 -0.00379718 -0.0015972 0.00171151 0.00175164 -0.000426626 -0.00154329 -0.0018652 0.0019913
internal_weight=107608 40797 66811 25751 14025 1404 11726 3488 12621 807 570 15046 2122 1366 8324 10337 7094 3240 3854 3022 2693 1199 774 566 3243 3035 656 7341 6115 4709
internal_count=107608 40797 66811 25751 14025 1404 11726 3488 12621 807 570 15046 2122 1366 8324 10337 7094 3240 3854 3022 2693 1199 774 566 3243 3035 656 7341 6115 4709
is_linear=0
shrinkage=0.03


Tree=65
num_leaves=31
num_cat=0
split_feature=12 16 21 16 10 35 31 12 24 19 32 25 8 17 21 16 18 10 31 17 24 35 25 32 25 35 1 19 25 10
split_gain=24.9954 12.1299 10.058 8.20435 6.48144 5.9466 7.19819 7.57187 5.3308 4.98496 4.3329 4.58246 4.28799 4.17189 4.4529 4.63649 4.0622 6.62744 4.03936 3.95255 4.80586 3.9003 3.87707 7.2012 3.63661 4.37806 6.45823 3.44327 3.32979 5.99266
threshold=4.8225000000000007 11.372500000000002 2.4338596748004551 2.8575000000000004 2.5000000000000004 62.750000000000007 2.134058829001785 7.0675000000000017 3.4750000000000005 7.3725000000000014 -0.77159520228797429 4.3525000000000009 13.500000000000002 5.2275000000000009 1.8489588849630323 5.3025000000000011 2.3275000000000006 6.5000000000000009 1.302288192626935 1.9175000000000002 0.9750000000000002 39.750000000000007 1.4125000000000003 -0.88697705852364728 6.5075000000000012 72.250000000000014 9.0250000000000021 4.3525000000000009 2.6975000000000007 11.500000000000002
decision_type=8 8 2 8 2 2 2 10 10 10 2 10 2 8 2 10 2 2 2 8 10 2 8 2 8 2 2 10 10 2
left_child=3 2 8 19 5 -4 -7 -8 13 10 11 -6 18 14 -2 -16 17 -12 -13 20 -1 27 23 -23 -3 -26 -27 -10 -21 -30
right_child=1 24 4 -5 9 6 7 -9 21 -11 16 12 -14 -15 15 -17 -18 -19 -20 28 -22 22 -24 -25 25 26 -28 -29 29 -31
leaf_value=-7.1643490852143529e-06 -7.1144889468379305e-06 0.0010866422003045658 -0.0018318667645094992 -4.7791256988376219e-06 -1.1413009459304048e-05 -1.978841557435263e-06 -2.349304457869272e-05 -0.00085643038257936883 0.00012548184187686102 0.0052761517610570349 0.00019770751506051294 0.0011781778300748091 -0.0012343762118688041 8.2090655030983734e-06 -1.0079842407929637e-05 -0.0001070376032292062 6.2477298589289407e-05 -0.00017239498954973456 -0.00037144648967937809 -6.6238838988063974e-06 -1.2424639751063978e-05 -0.00057087113188426537 0.00033053645248181236 0.00029762854203071049 0.009347744179501797 0.0047925541313931994 -0.0059445131744079345 0.0038688884571458069 -1.3768895634792052e-05 -2.9762032046232933e-05
leaf_weight=255 819 9753 353 32229 3521 1232 325 223 1541 805 280 262 669 18291 206 236 3575 405 390 9325 1129 200 9320 213 3762 801 201 2965 3911 306
leaf_count=255 819 9753 353 32229 3521 1232 325 223 1541 805 280 262 669 18291 206 236 3575 405 390 9325 1129 200 9320 213 3762 801 201 2965 3911 306
internal_value=1.90592e-05 0.000423409 0.000183982 -0.00049841 -0.000560398 -0.00205847 -0.00134454 -0.00418806 0.000449254 -0.000236985 -0.000437466 -0.00105096 -0.0025543 0.000127627 -0.00153791 -0.00394631 0.000260258 -0.00184783 -0.000812785 -0.00107977 -0.00260475 0.000890691 0.000552372 -0.00227512 0.00117897 0.00185825 9.53328e-05 0.00162004 -0.000923009 -0.00162222
internal_weight=107503 60348 45831 47155 12040 2133 1780 548 33791 9907 9102 4842 1321 19552 1261 442 4260 685 652 14926 1384 14239 9733 413 14517 4764 1002 4506 13542 4217
internal_count=107503 60348 45831 47155 12040 2133 1780 548 33791 9907 9102 4842 1321 19552 1261 442 4260 685 652 14926 1384 14239 9733 413 14517 4764 1002 4506 13542 4217
is_linear=0
shrinkage=0.03


Tree=66
num_leaves=31
num_cat=0
split_feature=27 22 14 34 35 34 10 30 22 5 22 7 0 26 21 34 9 24 31 26 2 34 30 35 30 24 12 15 26 12
split_gain=24.9269 12.2715 7.42186 7.23094 4.73723 8.30991 6.41671 14.6307 4.64129 4.43324 4.20369 3.90079 3.88874 3.85339 6.91581 5.52141 4.01443 3.9459 3.86902 3.79274 3.41042 5.81791 6.49327 10.5616 4.66703 7.3785 5.12334 3.87631 3.61896 7.3547
threshold=4.925625000000001 2.4859166666666672 1.8696902589099995 957.02500000000009 76.750000000000014 951.02500000000009 2.5000000000000004 10.025000000000002 11.00902777777778 0.84389235733259849 5.2397222222222233 41.500000000000007 7.8225000000000016 1.5725000000000005 2.1066363386632925 952.92500000000018 1.0000000180025095e-35 0.92500000000000016 1.0153208178275053 2.7525000000000004 1.2291722338685644 964.47500000000014 3.8250000000000006 77.750000000000014 4.3250000000000011 4.6250000000000009 3.6525000000000007 0.22000000000000011 2.5275000000000007 4.7825000000000015
decision_type=2 2 2 2 2 2 2 2 2 2 2 2 2 2 2 2 2 10 2 2 2 2 2 2 2 10 10 2 2 10
left_child=1 13 3 4 6 -6 7 -2 -8 -7 -3 20 -4 17 15 18 -17 -1 -15 -10 24 22 -22 -24 25 -12 -27 -25 -26 -30
right_child=2 10 12 -5 5 9 8 -9 19 -11 11 -13 -14 14 -16 16 -18 -19 -20 -21 21 -23 23 27 28 26 -28 -29 29 -31
leaf_value=-5.7255557119735566e-06 -0.0020680469523247855 -7.3341251827305395e-06 -0.0012433485658688358 0.0045710484527115404 -0.0043773960894117198 -0.0016662122123432539 0.0005927550879119101 0.0077922002811342296 -0.0032989627489965578 0.0051569938854830752 -1.0201908342499442e-06 -4.8877090174988441e-05 -0.00028460156776613456 2.6873002061557503e-05 -1.6642893410240425e-05 -9.3129000627797394e-06 -6.253848250669519e-06 1.8153976735194051e-05 -8.7791144136052127e-06 0.0084473921049266053 1.6525575846080101e-05 0.00020060931148683473 -0.00013119580956491336 -0.00010858149135613457 4.5613862857047968e-06 -0.00011860575314087462 -0.00012145850688270194 -0.0011690554868130718 -9.0485216626160815e-05 0.00071673594428787557
leaf_weight=1562 263 35521 208 6359 221 208 6945 300 237 585 5667 6399 1074 1115 210 493 2029 1606 2362 3492 634 938 1123 200 13354 228 583 205 1472 12061
leaf_count=1562 263 35521 208 6359 221 208 6945 300 237 585 5667 6399 1074 1115 210 493 2029 1606 2362 3492 634 938 1123 200 13354 228 583 205 1472 12061
internal_value=-8.52681e-06 -0.000225871 0.000950194 0.00110234 0.000675832 -0.00128361 0.00085314 -0.00225528 0.00101807 0.000161654 -0.000103138 9.68533e-05 -0.00125408 -0.00125123 -0.00168539 -0.0014945 -0.00256193 -0.000398991 -0.000717691 0.00187118 0.000216754 -0.000734299 -0.00158929 -0.00264579 0.000305214 -0.000417399 -0.00308456 -0.00676829 0.000479362 0.000825011
internal_weight=107654 87762 19892 18610 12251 1014 11237 563 10674 793 78385 42864 1282 9377 6209 5999 2522 3168 3477 3729 36465 3100 2162 1528 33365 6478 811 405 26887 13533
internal_count=107654 87762 19892 18610 12251 1014 11237 563 10674 793 78385 42864 1282 9377 6209 5999 2522 3168 3477 3729 36465 3100 2162 1528 33365 6478 811 405 26887 13533
is_linear=0
shrinkage=0.03


Tree=67
num_leaves=31
num_cat=0
split_feature=22 27 17 34 21 17 34 9 0 22 35 34 2 31 24 14 11 8 31 34 34 8 28 8 20 24 35 2 20 8
split_gain=22.921 10.6656 6.98876 6.09328 5.83455 4.90833 13.5418 12.439 12.0307 4.85325 4.17664 6.96718 6.65286 4.55496 4.4152 4.03707 3.98767 3.89368 5.1361 3.87189 4.46033 3.94917 4.33351 3.86501 5.97135 3.80712 3.80332 10.636 4.14416 4.06321
threshold=5.209722222222223 5.4006250000000025 1.9175000000000002 956.92500000000018 2.4338596748004551 7.2125000000000012 954.92500000000018 2.5000000000000004 8.0025000000000031 2.3851666666666675 46.250000000000007 961.72500000000014 1.186570052844844 1.8148686477174851 0.9750000000000002 1.8696902589099995 5.6125000000000016 4.5000000000000009 1.7554996572165991 959.32500000000016 955.02500000000009 10.500000000000002 0.98500581639440954 11.500000000000002 9.9564583333333356 0.9750000000000002 73.250000000000014 1.1351972055241923 11.278541666666667 11.500000000000002
decision_type=2 2 8 2 2 8 2 2 2 2 2 2 2 2 10 2 2 2 2 2 2 2 2 2 2 10 2 2 2 2
left_child=2 4 25 26 23 6 -6 16 -9 -4 11 13 19 -11 -15 -5 -8 18 -14 20 -12 22 -22 24 -2 -1 28 -28 29 -3
right_child=1 3 9 15 5 -7 7 8 -10 10 12 -13 17 14 -16 -17 -18 -19 -20 -21 21 -23 -24 -25 -26 -27 27 -29 -30 -31
leaf_value=-8.4327543953397236e-06 -1.0339757141064695e-05 0.0041865215682378391 -6.2628873779033666e-06 0.0066182704676628831 0.00054895268990476245 -4.4077694983171533e-06 -6.7346558799561299e-05 -4.8182993255333959e-05 -0.0010929920387644611 -7.6145759404777404e-06 5.9673653385791733e-06 -3.126997679611915e-05 -1.0070662712441405e-05 -3.1321171757840488e-05 -5.1599184053825397e-06 -0.0010516823496485557 0.00055224912033721902 -9.1535426119413935e-06 -2.4437777594704091e-05 9.0006047599382184e-06 -2.0723409014190875e-05 1.3681161766197707e-06 -3.0836444460936026e-05 0.00056894979333830338 0.0041905911237330035 -9.7077974810387714e-06 -0.0078456864480755898 0.00061517062230051879 0.0069428479660783521 -0.00015626067237579724
leaf_weight=349 12187 1260 6882 4637 635 16965 241 440 200 10837 9815 227 1122 1598 1031 211 369 6633 999 1449 632 841 303 15724 1584 1905 206 1110 3270 3673
leaf_count=349 12187 1260 6882 4637 635 16965 241 440 200 10837 9815 227 1122 1598 1031 211 369 6633 999 1449 632 841 303 15724 1584 1905 206 1110 3270 3673
internal_value=-4.19117e-07 0.000369374 -0.000520099 0.00108691 0.00015605 -0.000256165 -0.00170635 -0.00351394 -0.0064186 -0.000433355 -0.000291868 -0.000702365 -3.38547e-05 -0.000613317 -0.00173235 0.00195219 -0.000439024 -0.000673364 -0.00179069 0.000395554 0.000212401 -0.00116901 -0.00250532 0.000419492 5.24827e-05 -0.00214608 0.000645422 -0.000849356 0.0008856 0.000335966
internal_weight=107335 62712 44623 14367 48345 18850 1885 1250 640 42369 35487 13693 21794 13466 2629 4848 610 8754 2121 13040 11591 1776 935 29495 13771 2254 9519 1316 8203 4933
internal_count=107335 62712 44623 14367 48345 18850 1885 1250 640 42369 35487 13693 21794 13466 2629 4848 610 8754 2121 13040 11591 1776 935 29495 13771 2254 9519 1316 8203 4933
is_linear=0
shrinkage=0.03


Tree=68
num_leaves=31
num_cat=0
split_feature=27 10 22 21 10 31 26 19 8 19 9 15 16 24 26 29 16 24 35 19 8 21 14 24 28 23 9 14 16 24
split_gain=22.8824 9.45037 8.57579 7.18746 8.2742 6.78544 11.5956 7.0924 6.7621 5.87796 5.21352 5.0679 3.82811 3.73468 3.79795 3.5934 3.56216 7.52863 5.43058 10.3721 3.82105 3.54078 4.16553 3.44783 3.96377 3.42753 3.41913 3.75799 4.15718 3.28092
threshold=3.8664583333333336 8.5000000000000018 2.4179583333333339 2.1927931198934902 7.5000000000000009 2.1257983995301379 3.3675000000000006 8.9975000000000023 15.500000000000002 3.4375000000000004 4.5000000000000009 -1.7499999999999996 1.0000000180025095e-35 2.5750000000000006 3.2625000000000006 6.3675000000000006 10.312500000000002 9.2750000000000021 77.250000000000014 7.1525000000000007 10.500000000000002 4.6658234354144188 0.91233674338663107 7.8750000000000009 2.287425772668668 0.44313166551698885 5.5000000000000009 0.22928326314227457 1.3425000000000005 1.8750000000000002
decision_type=2 2 2 2 2 2 2 10 2 8 2 2 10 10 2 2 10 8 2 8 2 2 2 8 2 2 2 2 10 8
left_child=2 3 13 9 5 11 -7 -8 10 -2 -6 -5 -11 14 26 29 17 18 25 -20 -19 -13 -23 24 -18 -3 27 28 -1 -4
right_child=1 16 15 4 8 6 7 -9 -10 12 -12 21 -14 -15 -16 -17 23 20 19 -21 -22 22 -24 -25 -26 -27 -28 -29 -30 -31
leaf_value=-1.1080447958120576e-05 -4.2962599059227029e-05 3.2255743309222768e-05 -1.4928128746239007e-05 -0.0013156982645164609 -0.00031609849754025336 -0.001211931595524335 0.00073695130038973307 -0.001361134325750213 -0.0045576102956590902 -0.00020413503700688311 0.00029041521009887897 0.00017399723314709498 0.00074689400617983476 6.3324019572779521e-06 9.2956160208528617e-07 -0.00039637351074893972 0.0015921940762396081 -0.0019078820024606793 0.0015619934094146758 -0.0017594912905863291 -0.00023278072291627372 0.00022892571848553357 -0.0015430730851925521 0.0091046044581883593 -0.0031953060463553876 0.0036297870199544419 1.6866731742527473e-05 -6.5908438580742493e-06 -6.1476613513488163e-06 -2.3417164323074821e-06
leaf_weight=541 496 1571 7546 313 334 286 826 205 269 236 309 7228 12511 1019 1233 436 3445 212 427 359 418 217 203 4037 388 2694 840 4080 710 54233
leaf_count=541 496 1571 7546 313 334 286 826 205 269 236 309 7228 12511 1019 1233 436 3445 212 427 359 418 217 203 4037 388 2694 840 4080 710 54233
internal_value=8.97555e-06 0.00061348 -0.000307546 0.000248699 -0.000350172 -8.14391e-05 -0.00207186 -0.000576255 -0.0030687 0.000709466 -0.001375 0.000248933 0.000834457 -0.00120562 -0.00143987 -0.000185873 0.00124395 0.000670595 0.00105676 -0.00122882 -0.00240945 0.000402979 -0.00225882 0.00165714 0.00101068 0.00147892 -0.00174336 -0.00202343 -0.00346099 -0.000166596
internal_weight=107622 36984 70638 23433 10190 9278 1317 1031 912 13243 643 7961 12747 8423 7404 62215 13551 5681 5051 786 630 7648 420 7870 3833 4265 6171 5331 1251 61779
internal_count=107622 36984 70638 23433 10190 9278 1317 1031 912 13243 643 7961 12747 8423 7404 62215 13551 5681 5051 786 630 7648 420 7870 3833 4265 6171 5331 1251 61779
is_linear=0
shrinkage=0.03


Tree=69
num_leaves=31
num_cat=0
split_feature=20 27 17 34 25 26 26 19 16 32 6 14 35 1 1 21 15 17 34 1 1 1 19 32 35 16 34 1 35 33
split_gain=21.4775 9.76987 6.43875 5.87642 5.98554 5.9902 7.36891 5.74601 7.09588 6.63724 5.65594 4.93184 4.75204 7.24044 4.83804 4.48756 4.38192 4.33774 4.33364 3.97781 3.66431 4.96197 4.45582 3.59541 4.31337 11.0447 3.5925 5.24984 5.6248 9.68514
threshold=5.3877500000000014 5.1606250000000014 1.6075000000000002 957.32500000000016 6.5075000000000012 2.6625000000000005 2.3525000000000005 3.4025000000000007 10.417500000000002 -0.96359376111369355 2.5000000000000004 1.8696902589099995 45.250000000000007 7.9750000000000005 1.4250000000000005 2.0873467009345545 0.3949999999999998 8.8250000000000011 951.72500000000014 16.875000000000004 2.8250000000000006 11.025000000000002 0.94750000000000012 -0.95878322595067689 39.750000000000007 11.492500000000001 964.77500000000009 -4.3749999999999991 77.750000000000014 0.15643446504023081
decision_type=2 2 8 2 8 2 2 10 10 2 2 2 2 2 2 2 2 10 2 2 2 2 10 2 2 10 2 2 2 2
left_child=2 10 20 4 5 6 -3 8 9 -6 17 -5 13 -4 -14 23 -15 26 19 -10 -1 22 -22 24 -7 -26 27 28 -2 -30
right_child=1 3 12 11 7 15 -8 -9 18 -11 -12 -13 14 16 -16 -17 -18 -19 -20 -21 21 -23 -24 -25 25 -27 -28 -29 29 -31
leaf_value=-4.2925275529628647e-06 -1.7117555491911827e-05 0.00076197904614996924 -2.8846680746260307e-05 0.0057593966593209077 -0.002107829043555616 0.0027081323475376964 -0.0046576602478856245 0.0064234867456475506 0.0029114148180821899 0.00063134548430909094 -9.0546829719994408e-05 -0.0013712784776553043 -1.1948000618321776e-05 -1.4331643067162363e-05 4.7697963414336093e-07 -0.0004922607362805012 3.2732815597477483e-08 -0.00065880715992933212 0.0095381991117830939 -0.0051388243899388175 -5.5872999697968887e-06 -2.5089588506517318e-06 -4.3266453698417406e-05 0.0048624076499796188 -0.002164391177331072 0.0049462815749424377 0.0006469302972553282 2.1752380890117506e-05 4.6581267460854001e-05 -0.00033221638055526848
leaf_weight=857 1755 265 200 5177 225 1201 216 2906 224 256 5592 200 8153 11373 20487 2448 4735 200 881 328 226 259 358 1739 388 327 2322 33742 277 349
leaf_count=857 1755 265 200 5177 225 1201 216 2906 224 256 5592 200 8153 11373 20487 2448 4735 200 881 328 226 259 358 1739 388 327 2322 33742 277 349
internal_value=-1.06991e-05 0.000359766 -0.000495273 0.000975992 0.000590061 1.82133e-06 -0.0032037 0.00139275 0.000115685 -0.00301852 0.000125921 0.0017932 -0.000426579 -0.000835285 -0.000193751 0.000256876 -0.000763731 0.000254981 0.00117455 -0.000904847 -0.00230499 -0.00370401 -0.00522581 0.000922131 2.49871e-05 -0.0018125 0.000278154 0.000204523 -0.00115549 -0.00358479
internal_weight=107666 61018 46648 16781 11404 6584 481 4820 1914 481 44237 5377 44948 16308 28640 6103 16108 38645 1433 552 1700 843 584 3655 1916 715 38445 36123 2381 626
internal_count=107666 61018 46648 16781 11404 6584 481 4820 1914 481 44237 5377 44948 16308 28640 6103 16108 38645 1433 552 1700 843 584 3655 1916 715 38445 36123 2381 626
is_linear=0
shrinkage=0.03


Tree=70
num_leaves=31
num_cat=0
split_feature=16 16 26 24 25 6 25 34 8 3 29 29 34 35 29 33 18 35 26 23 16 24 18 31 29 34 30 35 10 18
split_gain=20.9558 10.1434 6.97464 4.40191 5.57764 4.4652 4.30449 3.81616 5.57366 4.38256 4.10715 6.41773 3.23085 4.88729 3.13339 3.33093 3.13016 5.10269 5.68798 3.93063 4.5757 10.1226 5.6348 3.78799 3.45519 3.50976 4.86959 7.15314 4.50702 4.89026
threshold=10.902500000000002 3.8275000000000006 2.7525000000000004 3.0750000000000006 5.0325000000000015 1.5000000000000002 5.9825000000000008 963.12500000000011 10.500000000000002 3.5193680214609278 1.3025000000000004 2.1025000000000005 951.22500000000014 68.750000000000014 5.0925000000000011 0.095842103007655569 12.147500000000003 65.750000000000014 3.4925000000000006 0.32843189109942733 8.5375000000000032 3.2750000000000008 5.6775000000000011 1.1750093492894542 1.3575000000000002 953.42500000000018 6.9750000000000005 68.750000000000014 6.5000000000000009 4.7175000000000011
decision_type=10 8 2 8 10 2 8 2 2 2 2 2 2 2 2 2 2 2 2 2 10 10 2 2 2 2 2 2 2 2
left_child=1 7 -2 4 14 -5 -4 -1 9 -9 -10 -12 13 -8 15 -3 19 23 -19 20 24 -22 -23 -18 -7 28 -27 -28 -26 -30
right_child=2 3 6 5 -6 16 12 8 10 -11 11 -13 -14 -15 -16 -17 17 18 -20 -21 21 22 -24 -25 25 26 27 -29 29 -31
leaf_value=-6.6889932759575768e-06 -0.00029304038775314898 2.3963196046133368e-06 0.0011050489440971693 9.0464621782024133e-06 -6.4858931443278946e-05 6.4023369608803661e-06 0.0027969306692099175 1.8286719401875376e-05 -9.7233851498973113e-06 -2.0408956170318231e-05 -6.0890181960209719e-05 -2.4710828806708691e-05 0.0087692494743333623 -0.0052001050125393767 -0.00012089087176095313 -2.1310130033834023e-05 -0.0021685830760640869 -0.00066925004345243157 -0.0026546823041698623 8.3121472975802559e-05 8.3069113569377122e-06 -7.7662301135965206e-05 -8.7130401436361611e-05 0.00077877757110019624 9.4895196977589501e-06 -6.799091661423873e-06 -0.00011916895395040988 0.0001553443600165054 -3.4671200586148671e-05 3.5339651222679803e-06
leaf_weight=23223 2976 5932 7352 21063 429 1738 1076 864 379 264 381 333 4984 202 456 4013 233 449 222 15825 763 307 211 1126 3485 4187 858 262 1537 2498
leaf_count=23223 2976 5932 7352 21063 429 1738 1076 864 379 264 381 333 4984 202 456 4013 233 449 222 15825 763 307 211 1126 3485 4187 858 262 1537 2498
internal_value=-1.14834e-05 -0.000190196 0.000968967 7.0429e-06 -0.000545454 0.000116343 0.00125648 -0.000698573 -0.00188544 -0.000402471 -0.0034071 -0.00473992 0.00183437 0.00048636 -0.000406208 -0.00029397 -9.78163e-05 -0.00123833 -0.00336834 -2.45295e-05 -0.000358463 -0.00207387 -0.00528872 -0.000178152 -0.000206932 -0.000377104 -0.000967432 -0.00272 3.98672e-05 -0.000642327
internal_weight=107628 91038 16590 65594 10830 54764 13614 25444 2221 1128 1093 714 6262 1278 10401 9945 33701 2030 671 31671 15846 1281 518 1359 14565 12827 5307 1120 7520 4035
internal_count=107628 91038 16590 65594 10830 54764 13614 25444 2221 1128 1093 714 6262 1278 10401 9945 33701 2030 671 31671 15846 1281 518 1359 14565 12827 5307 1120 7520 4035
is_linear=0
shrinkage=0.03


Tree=71
num_leaves=31
num_cat=0
split_feature=27 22 14 34 26 20 32 26 16 19 29 21 23 12 11 10 32 8 1 1 15 22 28 21 17 25 29 8 21 10
split_gain=20.1742 10.2965 8.18567 5.34455 5.32825 5.84985 5.17297 8.66267 6.73071 8.05245 6.4741 4.80864 4.34441 5.23142 4.15536 3.87031 4.84376 3.79601 5.40445 4.95974 6.92409 5.66122 5.58269 4.39722 4.4337 4.27801 5.51536 4.70142 4.99616 3.76383
threshold=5.1985416666666682 2.4859166666666672 1.185126575518425 957.32500000000016 2.6625000000000005 10.345833333333335 0.99687937417578498 5.1775000000000011 11.752500000000003 3.6525000000000007 8.3975000000000026 2.5101817658811121 0.86889002361234835 13.622500000000002 10.447500000000002 4.5000000000000009 -0.95878322595067689 14.500000000000002 37.025000000000006 -4.3749999999999991 0.17999999999999985 9.6255000000000024 0.6822572828486333 1.1940124056646473 8.052500000000002 3.7625000000000006 1.7725000000000002 7.5000000000000009 2.1391338772680681 2.5000000000000004
decision_type=2 2 2 2 2 2 2 2 10 10 2 2 2 10 2 2 2 2 2 2 2 2 2 2 10 8 2 2 2 2
left_child=1 -1 3 4 5 -2 8 -8 9 10 15 14 -13 -14 -4 -6 -17 19 23 20 25 -21 -22 -19 -25 26 -3 28 -28 -24
right_child=2 17 11 -5 6 -7 7 -9 -10 -11 -12 12 13 -15 -16 16 -18 18 -20 21 22 -23 29 24 -26 -27 27 -29 -30 -31
leaf_value=-5.4153572481942075e-06 0.00098817438281767196 1.7323665835885369e-05 -0.00053065464742267339 0.0058395610079585783 -0.0014772783086122968 -0.00351572476008679 0.0064013378612739012 -0.0016709041386428036 0.0086868235556666618 0.0032260377761964224 -0.0029664489906545102 -7.5818019028186035e-05 -0.0045072132387824352 -0.0026515324317736249 0.0026423492253160072 -0.00050716657940014546 0.0044224165488066609 1.3770633887241166e-05 -4.3076944452385838e-05 -7.5033314239092424e-06 -0.00035199142969680598 0.0015412878325653623 -9.6505652033048104e-05 1.8532610584058432e-06 -0.0016442688793543337 2.0367976060571106e-05 2.0018099648077218e-05 -0.00011152038795190938 -0.00010387954236481449 3.6375548374232067e-05
leaf_weight=9400 301 360 803 4634 295 260 226 204 3061 2922 401 534 202 280 1037 627 765 7567 457 42444 295 3868 1211 22959 226 1316 306 217 328 272
leaf_count=9400 301 360 803 4634 295 260 226 204 3061 2922 401 534 202 280 1037 627 765 7567 457 42444 295 3868 1211 22959 226 1316 306 217 328 272
internal_value=2.08197e-05 -0.000154026 0.000984236 0.00128881 0.000864233 -0.00195583 0.00105138 -0.00213793 0.00122251 0.000544367 -0.00087721 -0.000476057 -0.00212733 -0.00417659 0.000439024 -5.85105e-05 0.000605583 -4.59727e-05 0.000214231 -0.000206412 -0.00117981 -0.00011581 -0.00261133 0.000262574 5.7568e-05 -0.000169431 -0.00145312 -0.00276519 -0.00143662 -0.00184879
internal_weight=107778 91226 16552 13696 9062 561 8501 430 8071 5010 2088 2856 1016 482 1840 1687 1392 81826 31209 50617 4305 46312 1778 30752 23185 2527 1211 851 634 1483
internal_count=107778 91226 16552 13696 9062 561 8501 430 8071 5010 2088 2856 1016 482 1840 1687 1392 81826 31209 50617 4305 46312 1778 30752 23185 2527 1211 851 634 1483
is_linear=0
shrinkage=0.03


Tree=72
num_leaves=31
num_cat=0
split_feature=22 25 22 10 19 14 19 25 17 8 11 25 24 17 8 28 34 9 35 10 35 18 15 19 35 11 34 16 16 25
split_gain=22.0067 9.04179 7.64563 6.8664 12.1104 6.59811 6.00465 15.9564 13.937 6.1347 6.05003 4.76158 4.35488 3.83751 3.80256 3.70554 5.39375 3.7927 5.92712 5.4469 3.65585 5.64172 3.59409 3.27348 3.72735 3.77842 3.43059 3.23291 3.20117 4.02896
threshold=7.4845138888888902 6.5075000000000012 2.4859166666666672 2.5000000000000004 9.5025000000000013 0.38763169805025638 7.9575000000000005 4.4125000000000005 5.3425000000000011 12.500000000000002 6.8675000000000006 3.9725000000000006 2.4750000000000005 1.6075000000000002 5.5000000000000009 2.2460806137420106 957.32500000000016 4.5000000000000009 29.250000000000004 10.500000000000002 78.750000000000014 10.692500000000003 -1.6850000000000001 8.7975000000000012 71.250000000000014 4.3275000000000015 952.42500000000018 7.0275000000000007 10.727500000000003 3.9275000000000007
decision_type=2 8 2 2 10 2 8 10 10 2 2 10 8 8 2 2 2 2 2 2 2 2 2 10 2 2 2 8 8 10
left_child=2 3 -1 4 6 27 7 -2 -9 10 11 14 -7 -4 -8 23 17 19 -19 20 21 -17 -3 24 25 -14 -27 -5 29 -26
right_child=1 22 13 5 -6 12 9 8 -10 -11 -12 -13 15 -15 -16 16 -18 18 -20 -21 -22 -23 -24 -25 28 26 -28 -29 -30 -31
leaf_value=-5.6561117615038302e-06 0.0004131213090131089 -0.0020018996164907084 -1.7201336663107443e-05 -0.0011133681953279574 -0.0016283296481195977 -0.00092292616896991534 -8.1203786863408823e-05 -0.00033850956541182437 -0.0013251297484656239 0.001862516521024749 0.0012896717252492771 -0.00016537799126374429 -0.00050016082999389331 -4.9067769345083466e-06 -0.0015833986871542306 -0.0018449798559646497 0.0067581642164149507 -0.0023993682203153023 0.0026428892886689232 -0.0048554118831270346 -0.0032760689257564347 0.00095852915133314172 0.0036968317501234016 0.0044335724187536526 0.00023288237397933696 0.00030989612358862636 0.0028326456022451482 0.0018907030974394008 0.00067753471513524175 -0.0013850328183477117
leaf_weight=9305 566 331 635 246 224 220 244 230 226 1634 1141 572 491 60530 217 729 791 200 714 205 239 849 8081 1036 706 3719 2927 9104 805 798
leaf_count=9305 566 331 635 246 224 220 244 230 226 1634 1141 572 491 60530 217 729 791 200 714 205 239 849 8081 1036 706 3719 2927 9104 805 798
internal_value=-7.10163e-06 0.000582685 -0.000318836 0.000330085 -0.000673651 0.000543517 -0.000353671 -0.00238948 -0.00653362 0.000195122 -0.000848095 -0.00250578 0.000141125 -0.00019691 -0.00475751 0.000206627 -0.000605305 -0.00119755 0.000404788 -0.00192107 -0.00138803 -0.000856601 0.00144778 0.000495471 0.000319331 0.000658219 0.000846189 0.00116408 -0.000727312 -0.00154274
internal_weight=107715 37245 70470 28833 5054 23779 4830 1022 456 3808 2174 1033 14429 61165 461 14209 3727 2936 914 2022 1817 1578 8412 10482 9446 7137 6646 9350 2309 1504
internal_count=107715 37245 70470 28833 5054 23779 4830 1022 456 3808 2174 1033 14429 61165 461 14209 3727 2936 914 2022 1817 1578 8412 10482 9446 7137 6646 9350 2309 1504
is_linear=0
shrinkage=0.03


Tree=73
num_leaves=31
num_cat=0
split_feature=22 22 21 35 16 7 17 30 33 18 34 19 34 34 31 16 30 24 10 31 25 8 17 24 34 14 10 26 19 34
split_gain=18.2265 12.4561 7.17337 12.4552 5.49125 4.4024 4.14896 3.84578 5.64259 3.73706 3.92816 4.18225 7.10432 17.2766 6.99937 6.45473 6.60475 3.81013 4.79554 9.42135 15.7615 11.6455 5.38513 4.27765 3.68129 4.36845 4.19848 3.89514 3.82959 3.61006
threshold=11.26215277777778 3.9695138888888892 2.4957289329603749 73.250000000000014 13.082500000000001 41.500000000000007 1.6075000000000002 8.6250000000000018 0.06104621499353461 15.032500000000002 942.52500000000009 4.5275000000000007 954.92500000000018 958.62500000000011 1.1039500918269138 7.7625000000000011 3.2750000000000008 3.6250000000000004 2.5000000000000004 1.8452729068427629 4.6575000000000015 7.5000000000000009 3.7475000000000005 9.9250000000000025 957.42500000000018 0.99262698599894628 11.500000000000002 4.4125000000000005 5.2175000000000011 943.77500000000009
decision_type=2 2 2 2 10 2 8 2 2 2 2 8 2 2 2 10 2 10 2 2 10 2 10 10 2 2 2 2 10 2
left_child=1 6 -2 7 -5 9 -1 8 -4 10 -3 12 29 15 -15 16 -14 24 19 -19 22 -22 -21 -20 26 27 -13 -26 -27 -12
right_child=2 5 3 4 -6 -7 -8 -9 -10 -11 11 17 13 14 -16 -17 -18 18 23 20 21 -23 -24 -25 25 28 -28 -29 -30 -31
leaf_value=-7.7420488185221768e-06 0.0072398146700004083 4.6309778208043701e-05 -0.0013730273579241159 -0.0045851206334699994 -0.0010058436679183157 -2.2834583415632054e-05 -6.8988176290677747e-06 0.0099195318784768161 0.0033174549699459105 -0.0017500416162629219 -4.5222832664630403e-05 -4.2875213826672374e-06 -3.4354673515044602e-05 -8.0609981971598517e-05 7.557950127093805e-06 -0.00012655062967493609 -3.4644271045964348e-05 0.00020288440828818057 0.00064424428575168683 -0.00056760979060968672 -0.0005755275952244826 -0.0022164778551437662 0.00056625187197531231 -0.0036590155222274178 1.8484203666550846e-05 -3.9317411659004453e-06 -0.00013075554662830802 -4.3492350506442599e-05 -0.0011447063902844509 7.5521798120964206e-06
leaf_weight=1584 4995 3697 279 287 374 10516 27305 2017 413 288 441 20203 201 202 1809 409 918 1348 14688 328 210 211 781 208 6680 1041 373 670 200 4856
leaf_count=1584 4995 3697 279 287 374 10516 27305 2017 413 288 441 20203 201 202 1809 409 918 1348 14688 328 210 211 781 208 6680 1041 373 670 200 4856
internal_value=-1.64035e-05 -0.000129865 0.00132796 0.000257778 -0.00341892 8.57107e-05 -0.000654219 0.00115954 -0.00076614 0.00018532 0.000201954 0.000139131 -0.00045945 -0.00149915 0.000328869 -0.00389824 -0.0026984 0.000251843 0.000598009 -0.000522372 -0.00213029 -0.00703521 -0.000245063 0.000814576 4.08269e-05 0.000562238 -0.000176959 0.000840245 -0.00108106 0.000235949
internal_weight=107532 99167 8365 3370 661 70278 28889 2709 692 59762 59474 55777 8836 3539 2011 1528 1119 46941 17774 2878 1530 421 1109 14896 29167 8591 20576 7350 1241 5297
internal_count=107532 99167 8365 3370 661 70278 28889 2709 692 59762 59474 55777 8836 3539 2011 1528 1119 46941 17774 2878 1530 421 1109 14896 29167 8591 20576 7350 1241 5297
is_linear=0
shrinkage=0.03


Tree=74
num_leaves=31
num_cat=0
split_feature=22 16 21 10 9 30 9 17 26 1 32 24 9 26 19 28 29 26 28 24 10 2 25 19 1 11 34 8 1 16
split_gain=18.9479 11.4642 7.48204 5.09791 15.2248 5.67903 5.53359 4.84631 4.45809 4.26783 4.21959 4.2901 6.69358 5.2321 3.96574 4.83021 4.82281 6.17223 5.32577 9.39486 4.19871 8.55199 10.5337 6.71871 6.61057 6.65126 4.75519 4.09214 4.00191 4.38062
threshold=9.8652777777777789 3.8275000000000006 2.0873467009345545 2.5000000000000004 1.0000000180025095e-35 20.275000000000002 5.5000000000000009 1.6075000000000002 2.5875000000000004 -2.5749999999999993 0.9426055981926128 7.9250000000000016 3.5000000000000004 3.1275000000000004 6.3725000000000014 1.498248282694514 3.0075000000000007 3.2325000000000008 1.1457343896471694 4.7750000000000012 7.5000000000000009 1.0916836565199912 4.097500000000001 4.9175000000000013 30.225000000000005 11.107500000000002 963.02500000000009 13.500000000000002 19.775000000000002 8.8475000000000019
decision_type=2 8 2 2 2 2 2 8 2 2 2 8 2 2 10 2 2 2 2 8 2 2 10 10 2 2 2 2 2 10
left_child=1 7 8 4 -4 10 9 -1 -2 -6 11 12 13 -5 15 27 17 -16 19 -19 24 22 -22 26 25 -17 28 -3 29 -23
right_child=2 14 3 5 6 -7 -8 -9 -10 -11 -12 -13 -14 -15 16 20 -18 18 -20 -21 21 23 -24 -25 -26 -27 -28 -29 -30 -31
leaf_value=-8.2550791548795907e-06 -0.0012096951564488743 -4.3861246450058731e-06 -0.0021608924855889811 -0.0042361645671713877 -0.0010040908908457592 -0.0076994258438709186 -0.0014384144423406466 -6.9033752485034847e-06 0.0063186751938686019 0.0039128214812540448 0.0032179313208475333 0.0021981297406665963 0.0069398720186234992 -0.00078197886025591524 0.0006140719188991343 -8.4855175767892896e-06 0.0015367477012710351 -3.1602808655177908e-05 7.8712948974895099e-05 -0.0020595663132098921 -6.2041333017951009e-05 -2.9858841100702255e-05 -0.00094116288931939606 0.0013849341853461197 0.00066374723399679906 -0.0010782990128222882 8.1269152613319142e-05 8.0503102394854882e-06 -7.814426867990657e-06 -0.0007552407837935881
leaf_weight=1491 599 22886 257 237 723 236 288 23990 6521 720 3830 2452 324 203 1154 8557 5940 249 380 235 454 2137 233 1340 1408 356 967 17102 1346 981
leaf_count=1491 599 22886 257 237 723 236 288 23990 6521 720 3830 2452 324 203 1154 8557 5940 249 380 235 454 2137 233 1340 1408 356 967 17102 1346 981
internal_value=1.56144e-06 -0.000167217 0.000940531 0.000378437 -0.000966382 0.000745986 5.35715e-05 -0.000707329 0.00167158 0.000814227 0.000900298 9.87272e-05 -0.00185696 -0.00424719 4.22183e-05 -4.42947e-05 0.000669848 -0.000596144 -0.00250633 -0.00457669 -0.000455634 -0.000997722 -0.00417486 -0.000672521 -6.36257e-05 -0.000365665 -0.00114183 0.000138624 -0.00155471 -0.00214409
internal_weight=107596 91206 16390 9270 1988 7282 1731 25481 7120 1443 7046 3216 764 440 65725 57767 7958 2018 864 484 17779 7458 687 6771 10321 8913 5431 39988 4464 3118
internal_count=107596 91206 16390 9270 1988 7282 1731 25481 7120 1443 7046 3216 764 440 65725 57767 7958 2018 864 484 17779 7458 687 6771 10321 8913 5431 39988 4464 3118
is_linear=0
shrinkage=0.03


Tree=75
num_leaves=31
num_cat=0
split_feature=16 34 20 29 24 32 19 19 21 16 19 35 10 9 22 25 24 32 25 11 34 25 26 26 8 35 30 35 19 19
split_gain=18.5473 9.18756 11.019 9.13586 8.9678 6.79638 6.65539 6.10788 6.08767 5.98227 5.21167 6.11125 5.06477 6.66809 4.64882 4.44927 4.58233 4.43825 5.58989 9.23506 4.19752 4.16894 4.11901 3.9851 4.99705 3.90294 3.85726 4.97524 4.1898 5.34039
threshold=7.0725000000000007 953.32500000000016 7.5205000000000011 5.1725000000000012 3.0750000000000006 0.94828754594723541 10.002500000000003 7.4625000000000012 2.3184899899003093 11.812500000000002 2.1875000000000004 75.250000000000014 11.500000000000002 2.5000000000000004 3.6888750000000008 4.3525000000000009 7.3750000000000009 0.87032255546191739 6.0225000000000009 8.5475000000000012 957.42500000000018 2.6725000000000003 3.0725000000000007 3.6075000000000008 14.500000000000002 42.250000000000007 2.6250000000000004 57.750000000000007 0.97250000000000014 1.9775000000000003
decision_type=8 2 2 2 8 2 10 10 2 10 10 2 2 2 2 10 8 2 10 2 2 8 2 2 2 2 2 2 8 8
left_child=1 10 21 6 -5 7 -2 8 9 17 11 14 -9 -14 -1 -10 -17 18 -6 -20 -21 25 -15 -18 -25 -3 27 -23 -29 -30
right_child=3 2 -4 4 5 -7 -8 12 15 -11 -12 -13 13 22 -16 16 23 -19 19 20 -22 26 -24 24 -26 -27 -28 28 29 -31
leaf_value=-1.1617274196372358e-05 4.5857125597919406e-06 -1.9654300673709585e-05 -0.0012310374909634196 -0.0003970705415584724 0.00032760068218454908 0.0075157681618502198 -0.001217211301404438 0.0063069848205894808 0.00018471335149432776 0.0072340988249401427 1.1021579970105243e-05 2.1776577282198799e-05 0.010276835440931385 -0.00439876149449834 3.5901025602501242e-07 -0.0018634840029493804 0.00033901519278286608 0.0037021945749232182 -0.0029709310271625777 -0.002445010824565671 0.0048472464197501534 1.5235325665771101e-05 -0.00064206335034838302 -0.0001642314919884981 -0.0039747414663560557 -2.4999735129103913e-06 -1.1559719259870888e-05 2.0832853129131179e-05 -2.8581858224407186e-05 -1.8495309648181524e-05
leaf_weight=10286 31453 1384 345 225 4478 4477 359 4290 1370 1777 9386 1312 294 201 10140 270 636 1266 283 463 295 314 223 371 395 10579 8741 287 397 1408
leaf_count=10286 31453 1384 345 225 4478 4477 359 4290 1370 1777 9386 1312 294 201 10140 270 636 1266 283 463 295 314 223 371 395 10579 8741 287 397 1408
internal_value=-7.93787e-06 -0.000396325 -0.000844629 0.000391071 0.000871617 0.000935669 6.90198e-05 0.000655714 0.000277543 0.000687055 -5.8402e-05 -0.00031348 0.00153082 -0.00079668 -0.000441094 -0.000874302 -0.00191055 0.00028056 -8.74365e-05 -0.00206214 -0.000322411 -0.000764439 -0.00318881 -0.00121109 -0.00266148 -0.000375251 -0.00118176 -0.00224471 -0.00277253 -0.00330663
internal_weight=107705 54579 23455 53126 21314 21089 31812 16612 11604 8562 31124 21738 5008 718 20426 3042 1672 6785 5519 1041 758 23110 424 1402 766 11963 11147 2406 2092 1805
internal_count=107705 54579 23455 53126 21314 21089 31812 16612 11604 8562 31124 21738 5008 718 20426 3042 1672 6785 5519 1041 758 23110 424 1402 766 11963 11147 2406 2092 1805
is_linear=0
shrinkage=0.03


Tree=76
num_leaves=31
num_cat=0
split_feature=16 22 18 21 14 8 22 6 34 20 5 9 29 34 34 1 9 33 29 25 32 1 8 2 34 34 29 29 25 32
split_gain=17.552 9.40219 6.55365 6.53737 6.47084 8.43387 5.05292 4.89918 4.50926 4.98738 3.93551 3.80669 4.88933 3.54848 3.6099 3.49033 6.60823 3.95581 9.10758 3.48016 3.40223 5.43943 3.52377 3.48564 3.37178 5.48458 3.32728 3.15768 3.86324 3.56798
threshold=5.9075000000000015 11.26215277777778 15.032500000000002 2.4957289329603749 0.94757145712463364 18.500000000000004 2.4526388888888895 2.5000000000000004 954.02500000000009 6.8606250000000015 0.015858993754972846 3.5000000000000004 4.8875000000000011 940.22500000000014 965.67500000000018 -5.8249999999999984 4.5000000000000009 0.15643446504023081 2.9175000000000004 2.2675000000000005 -0.87878364999916136 16.675000000000004 17.500000000000004 1.1778973773938199 949.42500000000018 948.97500000000014 2.4225000000000008 0.95750000000000013 3.1425000000000005 0.64942331933852349
decision_type=8 2 2 2 2 2 2 2 2 2 2 2 2 2 2 2 2 2 2 10 2 2 2 2 2 2 2 2 10 2
left_child=6 2 7 -3 11 -6 27 10 24 19 -2 12 -5 -12 15 16 17 26 -19 -10 22 23 -21 -22 25 -8 -15 28 29 -1
right_child=1 3 -4 4 5 -7 8 -9 9 -11 13 -13 -14 14 -16 -17 -18 18 -20 20 21 -23 -24 -25 -26 -27 -28 -29 -30 -31
leaf_value=-7.0562632109566888e-06 -2.3341686654115202e-05 0.0066873426723973233 -0.0023399376378983785 -0.0012876871567137115 -0.00072109892022303296 -0.0085087011827331815 -4.8727477019260917e-06 -3.8339489222908583e-05 -4.5589831994314553e-06 -0.00039761714976112273 0.00079731468387494401 0.005344113012208618 0.0049927536777115084 -4.1684933383239876e-05 0.00013385184976259481 1.0718122694369138e-05 -0.0014815599526743794 1.9016845038472101e-05 -0.00061801256021590408 -2.7518840981673714e-05 1.3668618978717164e-05 -3.5481032583148732e-05 5.7902094338355265e-07 -9.3699978725036297e-06 7.2231987332808593e-06 -3.6559490596105848e-05 0.0007542026319877224 -4.589948946420464e-06 -2.9714844513496434e-05 1.8803825832800516e-05
leaf_weight=901 352 5010 277 382 540 201 13812 6881 7291 216 740 1177 979 311 2163 42914 398 428 231 1748 727 330 512 2733 7218 754 818 7009 242 376
leaf_count=901 352 5010 277 382 540 201 13812 6881 7291 216 740 1177 979 311 2163 42914 398 428 231 1748 727 330 512 2733 7218 754 818 7009 242 376
internal_value=-8.60905e-06 0.000308994 0.000168216 0.00125115 0.000209196 -0.00224799 -0.000470506 0.000191488 -0.000312256 -0.000741705 0.000298077 0.000929611 -0.000151537 0.000321384 0.000288969 0.00023146 -0.000936559 -0.000153932 -0.00199247 -0.000667391 -0.00119901 -0.000648221 -0.00211921 -0.000294372 -4.48849e-05 -0.000307597 0.000923281 -0.00112575 -0.00236417 -0.00169189
internal_weight=107671 63802 55513 8289 3279 741 43869 55236 35341 13557 48355 2538 1361 48003 47263 45100 2186 1788 659 13341 6050 3790 2260 3460 21784 14566 1129 8528 1519 1277
internal_count=107671 63802 55513 8289 3279 741 43869 55236 35341 13557 48355 2538 1361 48003 47263 45100 2186 1788 659 13341 6050 3790 2260 3460 21784 14566 1129 8528 1519 1277
is_linear=0
shrinkage=0.03


Tree=77
num_leaves=31
num_cat=0
split_feature=27 22 14 21 30 35 34 15 30 19 16 35 34 34 21 8 33 13 27 13 30 34 10 19 27 17 32 24 22 31
split_gain=17.6952 8.72777 7.05667 7.60965 5.9513 5.40009 4.448 4.18971 4.16961 6.94406 3.81863 3.83824 3.68539 3.63762 3.61912 3.73067 4.83047 3.88527 3.67023 5.36545 4.94429 5.74781 3.45621 3.36931 3.32844 3.44876 3.27179 3.2556 4.35498 3.64393
threshold=5.1270833333333341 3.8495138888888891 0.69217651891209397 2.7123827546964807 12.325000000000003 73.250000000000014 952.42500000000018 1.0550000000000006 8.7250000000000032 8.7975000000000012 11.957500000000001 39.750000000000007 957.32500000000016 942.52500000000009 1.3537978984098442 11.500000000000002 -0.66259481767468253 6.9025000000000016 2.6706250000000007 9.2308333333333366 9.6250000000000018 946.37500000000011 7.5000000000000009 6.7625000000000011 4.192916666666668 1.6075000000000002 -0.12186934340514725 2.2750000000000008 6.4110555555555573 2.4410900989848363
decision_type=2 2 2 2 2 2 2 2 2 10 10 2 2 2 2 2 2 2 2 2 2 2 2 8 2 8 2 8 2 2
left_child=1 24 8 10 13 -5 -6 -7 9 -2 11 -4 -10 22 15 18 -17 -18 -15 20 21 -20 -3 -14 25 -1 -24 28 -16 -29
right_child=2 4 3 5 6 7 -8 -9 12 -11 -12 -13 23 14 27 16 17 -19 19 -21 -22 -23 26 -25 -26 -27 -28 29 -30 -31
leaf_value=-6.7933171143196371e-06 0.0010816889570032383 2.8783049117379921e-05 0.0019444984409856859 -9.5580042773071966e-05 -0.00031406196081441948 -0.0036196005309653279 -0.001316957907863026 -0.0018052513594384316 0.0029891543690997134 -0.0015204644842125683 0.0064498165069697012 -0.00050277699446072506 -0.00056815318486690993 7.674564064001458e-06 -8.6635668749213104e-06 -0.00012202215765776659 3.196494261035115e-05 0.0029120675071452758 -0.00022849633365636235 0.0045468418497785134 -0.001545146506108616 -1.6575027747541393e-05 -0.00013751703784075511 0.0082576265693539447 -6.1101912199923924e-05 -6.1896958350999944e-06 1.2023884456402782e-05 1.8811389886005413e-06 -0.00015471054681534337 -2.8099066120110062e-05
leaf_weight=1591 857 3533 1819 1280 854 277 310 209 6006 243 1603 1620 206 1887 3278 213 4972 2528 317 371 221 2543 202 3214 306 25153 201 36053 755 4819
leaf_count=1591 857 3533 1819 1280 854 277 310 209 6006 243 1603 1620 206 1887 3278 213 4972 2528 317 371 221 2543 202 3214 306 25153 201 36053 755 4819
internal_value=1.9825e-06 -0.000166892 0.000879636 0.000126816 2.64978e-05 -0.00156522 -0.0020941 -0.00424033 0.00136625 -0.00038009 0.000720428 0.000155923 0.00157014 6.65451e-05 6.57338e-06 0.000446198 0.000867971 0.000995337 -0.000163361 -0.000744576 -0.00115587 -0.000816754 0.00094849 0.0023562 -0.000617631 -0.000581629 -0.00166912 -0.000121242 -0.000933878 -4.0952e-05
internal_weight=107441 90107 17334 6808 63057 1766 1164 486 10526 1100 5042 3439 9426 61893 57957 13052 7713 7500 5339 3452 3081 2860 3936 3420 27050 26744 403 44905 4033 40872
internal_count=107441 90107 17334 6808 63057 1766 1164 486 10526 1100 5042 3439 9426 61893 57957 13052 7713 7500 5339 3452 3081 2860 3936 3420 27050 26744 403 44905 4033 40872
is_linear=0
shrinkage=0.03


Tree=78
num_leaves=31
num_cat=0
split_feature=22 22 17 7 19 29 2 35 26 24 2 2 33 35 34 10 19 19 12 26 9 26 31 34 34 29 30 24 18 19
split_gain=15.3517 9.24869 5.49162 5.23146 4.71024 4.3704 4.63477 9.07262 3.55151 3.52696 3.49846 4.08604 4.07259 3.46535 5.33997 4.67081 8.0066 7.91875 6.27945 6.24134 5.52155 11.3506 4.97522 5.65938 4.66397 6.86783 4.55714 5.04126 6.17581 4.21341
threshold=4.9997916666666677 12.246944444444447 1.6075000000000002 41.500000000000007 2.1875000000000004 5.0125000000000011 1.1397007908824843 63.750000000000007 2.3975000000000004 2.4250000000000007 1.1968871189560581 1.1629702256743009 0.04361772647272262 73.250000000000014 967.02500000000009 2.5000000000000004 4.6925000000000017 9.2775000000000016 4.7025000000000015 1.9475000000000005 5.5000000000000009 3.1875000000000004 1.0603668450330468 952.32500000000016 948.27500000000009 8.0825000000000014 12.225000000000001 7.9250000000000016 11.232500000000002 4.1025000000000009
decision_type=2 2 8 2 10 2 2 2 2 10 2 2 2 2 2 2 8 10 10 2 2 2 2 2 2 2 2 10 2 10
left_child=2 3 10 13 8 -3 7 -7 9 -4 11 -1 -13 15 26 16 -2 -18 20 -20 22 -22 23 -17 25 -21 -15 28 -28 -27
right_child=1 5 4 -5 -6 6 -8 -9 -10 -11 -12 12 -14 14 -16 18 17 -19 19 24 21 -23 -24 -25 -26 29 27 -29 -30 -31
leaf_value=-6.5868338980604177e-07 -0.00019091571052670713 -0.00085320095090233401 -4.7407920438779425e-06 -4.8233209738320248e-05 2.4881938995943573e-06 0.0058748570722147167 0.0089241312223442039 -0.0068949005277029723 -1.0884345800956999e-05 6.6406690838514591e-06 -2.4000465855936183e-06 -9.3079332889838685e-06 -2.5789705268848012e-05 -6.446754092129855e-06 0.0018993541919913128 6.1143288417169966e-07 7.2695127785410076e-06 -0.0014306954552199031 -1.894490616696923e-05 0.00014381983477599014 -1.0956483737627677e-05 -0.00011508181772182975 8.4329394325541307e-06 -9.9789550771153812e-05 0.0011948085026450993 -0.0029967595428596798 -0.0010200638161786827 0.0016921773805718351 -0.003542748815100093 -0.00016039018498449631
leaf_weight=244 204 379 14323 8948 9768 840 3559 202 12892 3421 857 298 264 10332 754 282 3729 206 4578 7187 523 263 5045 277 16851 286 313 316 204 278
leaf_count=244 204 379 14323 8948 9768 840 3559 202 12892 3421 857 298 264 10332 754 282 3729 206 4578 7187 523 263 5045 277 16851 286 313 316 204 278
internal_value=-1.85917e-05 0.000268422 -0.000465844 0.000166191 -0.000396149 0.00151053 0.00176574 5.73077e-06 -0.000579028 -0.000303566 -0.00215288 -0.00356597 -0.00496296 0.000282261 -0.000166303 0.000416906 -0.000536438 -0.000232233 0.000527899 0.000714408 -0.00032369 -0.00267004 7.48808e-06 -0.00266489 0.000903645 0.000294353 -0.000331692 -0.00245943 -0.00427011 -0.00287873
internal_weight=107623 65556 42067 60576 40404 4980 4601 1042 30636 17744 1663 806 562 51628 11919 39709 4139 3935 35570 29180 6390 786 5604 559 24602 7751 11165 833 517 564
internal_count=107623 65556 42067 60576 40404 4980 4601 1042 30636 17744 1663 806 562 51628 11919 39709 4139 3935 35570 29180 6390 786 5604 559 24602 7751 11165 833 517 564
is_linear=0
shrinkage=0.03


Tree=79
num_leaves=31
num_cat=0
split_feature=22 25 17 10 19 14 24 19 25 17 8 9 27 35 35 1 9 12 2 2 33 28 12 35 1 24 3 25 35 17
split_gain=15.6767 8.87982 5.95635 5.77242 12.5313 6.79359 6.78877 4.82392 14.8815 11.5598 4.39492 11.3386 5.42716 4.64639 4.09247 10.6384 10.0059 3.7605 3.69833 4.6995 5.58485 3.18089 3.36086 4.21804 3.33585 6.84605 3.59541 3.17926 4.39112 4.19269
threshold=7.5238194444444453 6.5725000000000007 1.6075000000000002 2.5000000000000004 9.5025000000000013 0.38763169805025638 2.4750000000000005 7.9575000000000005 4.4125000000000005 5.932500000000001 12.500000000000002 1.0000000180025095e-35 3.6020833333333342 67.750000000000014 72.750000000000014 14.175000000000002 4.5000000000000009 6.1125000000000016 1.1968871189560581 1.1629702256743009 0.04361772647272262 2.2047900021115265 10.867500000000001 71.250000000000014 2.6250000000000004 5.2750000000000012 9.164931765989806 4.7575000000000012 77.250000000000014 7.4675000000000011
decision_type=2 8 8 2 10 2 8 8 10 10 2 2 2 2 2 2 2 10 2 2 2 2 10 2 2 10 2 10 2 10
left_child=2 3 18 4 7 27 -7 8 -2 -10 11 -9 17 -14 -3 16 -16 -13 19 -1 -21 22 23 -8 -25 26 -26 29 -29 -5
right_child=1 14 -4 5 -6 6 21 10 9 -11 -12 12 13 -15 15 -17 -18 -19 -20 20 -22 -23 -24 24 25 -27 -28 28 -30 -31
leaf_value=-6.3892288811187924e-07 0.00037448388910226956 0.0049968315661617912 -4.5823672592354365e-06 0.00075836219302654088 -0.0016314048120593112 -0.00098979343973445034 0.0006453352770015541 -0.0018847458832813525 -0.00043537747056465319 -0.0014223910091478739 0.0012357371019587893 -0.0002646962791160961 -0.00074068258369783843 0.0017778540860200177 0.0044368400399887042 -0.005389002470438998 -0.0015525378891372565 0.00033400863272017969 -2.4091149891267254e-06 -1.0728636179610437e-05 -2.9284357495996096e-05 -0.00063561621303553765 0.0028688136718793486 0.00039015271079654689 0.00010943188290902374 -0.0029436440282073245 -0.003076140012291893 0.003839419946448101 -0.00093482365576607826 -0.0030635532399353872
leaf_weight=259 527 6400 69308 4339 232 216 6835 217 247 201 1641 295 471 942 1121 223 262 215 913 290 277 3931 1456 883 682 241 200 4321 422 204
leaf_count=259 527 6400 69308 4339 232 216 6835 217 247 201 1641 295 471 942 1121 223 262 215 913 290 277 3931 1456 883 682 241 200 4321 422 204
internal_value=-3.97768e-05 0.000463449 -0.000299907 0.000217039 -0.000710194 0.00041205 4.98316e-06 -0.000374291 -0.00225 -0.00623841 0.000111728 -0.000783217 -4.20123e-05 0.000916079 0.00134665 -7.44868e-06 0.000979107 -0.00267961 -0.00203154 -0.00348014 -0.00499825 8.59974e-05 0.000363133 0.000142777 -0.00106514 -0.00214628 -0.000906426 0.00104488 0.00158783 0.000476913
internal_weight=107771 36724 71047 28718 4988 23730 14444 4756 975 448 3781 2140 1923 1413 8006 1606 1383 510 1739 826 567 14228 10297 8841 2006 1123 882 9286 4743 4543
internal_count=107771 36724 71047 28718 4988 23730 14444 4756 975 448 3781 2140 1923 1413 8006 1606 1383 510 1739 826 567 14228 10297 8841 2006 1123 882 9286 4743 4543
is_linear=0
shrinkage=0.03


Tree=80
num_leaves=31
num_cat=0
split_feature=16 21 24 34 20 16 19 35 34 26 33 35 16 18 33 24 12 10 35 19 34 9 35 19 20 24 3 10 35 22
split_gain=14.8878 8.36477 7.94357 7.02925 13.8058 6.80964 5.51713 5.63024 4.88988 5.31455 4.60251 4.50303 6.91459 5.95923 5.37285 4.49413 5.59178 4.36486 8.35351 7.21299 5.87336 10.6565 12.1486 13.94 4.97522 7.1551 4.98308 4.54055 4.48514 8.51661
threshold=7.0725000000000007 1.8177948522702321 7.8750000000000009 953.32500000000016 7.5205000000000011 11.632500000000002 2.1875000000000004 76.250000000000014 965.97500000000014 1.6225000000000003 -0.5663846699108962 80.250000000000014 7.2175000000000011 8.9125000000000032 0.10452846326765323 1.7250000000000003 5.1575000000000015 2.5000000000000004 63.250000000000007 7.4625000000000012 956.52500000000009 2.5000000000000004 81.250000000000014 6.932500000000001 6.9406250000000016 3.2250000000000005 3.6872580478191925 10.500000000000002 70.750000000000014 11.0875
decision_type=8 2 8 2 2 10 10 2 2 2 2 2 10 2 2 10 10 2 2 10 2 2 2 8 2 10 2 2 2 2
left_child=3 5 8 6 -5 10 7 -1 9 -3 -2 -12 -13 -14 -15 16 -11 18 19 -17 -20 -22 23 -23 25 -19 -26 -27 -28 -30
right_child=1 2 -4 4 -6 -7 -8 -9 -10 15 11 12 13 14 -16 17 -18 24 20 -21 21 22 -24 -25 26 27 28 -29 29 -31
leaf_value=-6.6766788452860339e-06 -0.00029587329497269725 1.7921462609180438e-05 7.3391154328082759e-05 -7.2667663527689479e-06 -0.00107128386422419 0.007105757957579853 1.1681093403998337e-05 1.9809588223024274e-05 0.0022489440478087211 -2.087283705698618e-05 0.00027024128323855306 -4.9668607144236694e-05 0.0021015326799518957 -4.0801625445955565e-06 -0.0011355560574217943 -0.00035007628312685199 -0.00022576131589506114 6.5245067328122472e-06 0.00040874908695476557 -0.0020154836649238354 1.513612164051983e-05 -0.0011580292180823266 3.3529744289801378e-05 -0.00082833678319686787 -0.00020215870468234738 -9.437889615518692e-05 0.00076629689499607136 -3.7248802881719652e-06 -0.00013077732655818544 -0.0034066445111976362
leaf_weight=20451 278 1440 18439 23054 343 2985 9262 1205 606 493 13663 428 787 525 212 381 232 1043 807 228 640 231 289 200 206 1207 5202 443 1923 213
leaf_count=20451 278 1440 18439 23054 343 2985 9262 1205 606 493 13663 428 787 525 212 381 232 1043 807 228 640 231 289 200 206 1207 5202 443 1923 213
internal_value=-2.55256e-05 0.000331658 5.19751e-05 -0.000374724 -0.000766986 0.000838532 -7.78061e-05 -0.000339873 -0.000441953 -0.000547718 0.000591207 0.000659731 -0.000686765 0.000262917 -0.00166981 -0.000729535 -0.00302055 -0.000600783 -0.0016548 -0.0047443 -0.000777624 -0.00197802 -0.00446897 -0.00763073 -0.000314294 -0.00141994 8.10705e-05 -0.00264653 0.00021163 -0.000944418
internal_weight=107416 53101 34223 54315 23397 18878 30918 21656 15784 15178 15893 15615 1952 1524 737 13738 725 13013 2776 609 2167 1360 720 431 10237 2693 7544 1650 7338 2136
internal_count=107416 53101 34223 54315 23397 18878 30918 21656 15784 15178 15893 15615 1952 1524 737 13738 725 13013 2776 609 2167 1360 720 431 10237 2693 7544 1650 7338 2136
is_linear=0
shrinkage=0.03


Tree=81
num_leaves=31
num_cat=0
split_feature=20 20 24 34 21 34 35 19 18 1 16 28 8 25 25 24 13 14 26 12 34 16 29 33 1 34 34 16 18 8
split_gain=14.9125 6.67807 5.39426 4.83359 4.61197 5.1685 6.57194 8.14764 5.46859 6.02649 7.52386 5.41622 6.47819 5.83291 5.11127 6.59984 4.5704 4.47917 4.41778 4.78593 4.4932 4.41788 4.35895 5.81631 4.09519 4.02815 6.01543 4.85438 4.38128 5.26343
threshold=6.4755000000000011 12.177916666666668 2.2250000000000005 971.02500000000009 2.4338596748004551 956.82500000000016 39.750000000000007 4.1375000000000011 13.277500000000002 16.675000000000004 5.7175000000000011 2.380663414580781 7.5000000000000009 2.9125000000000005 4.9575000000000014 6.7250000000000005 8.4908333333333363 2.3674106811732805 1.9925000000000004 7.0675000000000017 950.52500000000009 9.8525000000000027 5.0125000000000011 0.10452846326765323 -3.6249999999999996 953.22500000000014 957.62500000000011 7.2175000000000011 4.307500000000001 5.5000000000000009
decision_type=2 2 8 2 2 2 2 10 2 2 10 2 2 10 8 10 2 2 2 10 2 10 2 2 2 2 2 10 2 2
left_child=3 2 -2 25 5 6 7 11 9 10 -8 12 -4 -13 15 18 -7 22 19 -11 21 -20 23 -3 -12 28 -27 -28 -1 -30
right_child=1 17 4 -5 -6 16 8 -9 -10 14 24 13 -14 -15 -16 -17 -18 -19 20 -21 -22 -23 -24 -25 -26 26 27 -29 29 -31
leaf_value=-6.2018040442632717e-06 -0.00015322736124116142 -0.0026537014235771587 -0.0013100764650172186 -5.1164920406746302e-05 -1.796652426970474e-05 0.00056466909219181295 -0.00044805676277055365 0.0032535661155483368 -0.0028585530903879174 -0.00023636564917032805 -0.00092769462979794596 0.0022511300315726343 0.00070791185484569497 -0.0034787163186837063 0.00022171931727041306 -0.001032840773877977 0.0028358162710540305 -0.0025165487541101155 -0.00017737642168556535 -0.0016893306398327926 0.0010649096109079052 -0.0024595386333060988 0.0076689335889443362 0.01225686672636123 0.0010959978219445298 -1.5079254088038486e-05 -3.5440470927825106e-06 2.1074087825185148e-05 -1.050275471176712e-05 1.0764329375427695e-05
leaf_weight=15997 841 213 243 372 15429 5450 203 3891 281 304 201 246 3350 316 1367 210 4099 247 703 301 616 216 4652 206 5088 10941 14009 1556 4526 11702
leaf_count=15997 841 213 243 372 15429 5450 203 3891 281 304 201 246 3350 316 1367 210 4099 247 703 301 616 216 4652 206 5088 10941 14009 1556 4526 11702
internal_value=-1.76468e-05 0.000371194 0.00024804 -0.000337873 0.000295209 0.000531008 0.000225073 0.000855546 -0.000309637 -0.000182657 0.000448608 -6.85095e-05 0.000361034 -0.00279365 -0.00111472 -0.00196178 0.00109242 0.00137404 -0.00145455 -0.00361475 -0.000594156 -0.00191883 0.00156678 -0.00135141 0.000668115 -0.000316109 -0.000590019 -0.000210983 -9.07538e-05 0.000256515
internal_weight=107776 48673 43355 59103 42514 27085 17536 8046 9490 9209 5492 4155 3593 562 3717 2350 9549 5318 2140 605 1535 919 5071 419 5289 58731 26506 15565 32225 16228
internal_count=107776 48673 43355 59103 42514 27085 17536 8046 9490 9209 5492 4155 3593 562 3717 2350 9549 5318 2140 605 1535 919 5071 419 5289 58731 26506 15565 32225 16228
is_linear=0
shrinkage=0.03


Tree=82
num_leaves=31
num_cat=0
split_feature=20 25 24 34 10 19 2 9 13 26 25 34 34 16 16 31 2 33 27 2 26 29 14 26 9 33 26 22 2 19
split_gain=14.9258 7.75983 5.36513 5.03708 5.30035 14.3983 7.16848 4.46573 6.16993 4.40788 5.42077 4.1988 4.41102 5.84287 4.1711 4.01109 9.32156 3.81976 6.4036 4.20149 3.81253 6.1365 3.6293 3.77743 5.39965 3.37415 3.33786 3.33747 3.22475 5.23473
threshold=6.4755000000000011 6.5725000000000007 2.0250000000000008 966.47500000000014 2.5000000000000004 9.2775000000000016 1.2221243581812249 2.5000000000000004 9.0925000000000029 2.3075000000000006 8.672500000000003 953.32500000000016 957.62500000000011 8.4575000000000014 6.892500000000001 2.0955005567365124 1.2310042558604566 -0.5663846699108962 2.4506250000000005 1.1448350230589963 3.4025000000000007 3.7425000000000006 0.68604543095436277 1.3475000000000004 3.5000000000000004 -0.23343647497176648 1.3825000000000003 3.8495138888888891 1.2367646876684808 5.6775000000000011
decision_type=2 8 8 2 2 10 2 2 2 2 8 2 2 10 10 2 2 2 2 2 2 2 2 2 2 2 2 2 2 10
left_child=11 2 -2 4 5 6 7 -4 -9 10 -3 27 13 17 -14 20 -17 18 19 -13 -8 -22 23 24 25 -6 -19 -1 29 -11
right_child=1 9 3 -5 22 -7 15 8 -10 28 -12 12 14 -15 -16 16 -18 26 -20 -21 21 -23 -24 -25 -26 -27 -28 -29 -30 -31
leaf_value=-6.1498178217699556e-06 -0.00013195933720606522 -0.0024796614430353022 0.0014860969815942075 0.0021636506002200412 -0.0015032722665045386 -0.0014098600694560412 3.6145246076043982e-05 0.00012260276180058518 -0.00084728158078090305 0.00086401676429511667 0.00028293816157599851 -3.5614349183901542e-05 -4.2443786063893151e-06 -7.4745414935446859e-05 1.136162649921342e-05 -0.00050921172769215488 -6.3487548784809368e-05 3.3369478797983983e-06 2.1384492652487416e-05 -1.5495377655169886e-05 -4.0486521838104282e-05 -0.0023715624981159289 -4.2190743342162374e-05 0.00060277484353454976 0.0011058278234882214 -0.00013234150550854579 -1.6353985579940777e-05 3.1872614338211702e-06 -0.0010771077636706505 0.0053984564868970091
leaf_weight=14387 532 236 1247 1776 213 246 1092 1338 208 3680 730 227 13833 367 2095 232 609 2181 304 592 631 219 12071 18297 289 223 6829 18093 342 4281
leaf_count=14387 532 236 1247 1776 213 246 1092 1338 208 3680 730 227 13833 367 2095 232 609 2181 304 592 631 219 12071 18297 289 223 6829 18093 342 4281
internal_value=-9.21734e-06 0.00038056 0.000196008 0.000237311 0.000162107 -0.000668268 -0.00035155 0.000721587 -0.000355899 0.00116099 -0.000753862 -0.00033008 -0.000610827 -0.00108805 -0.000295989 -0.00142791 -0.00315248 -0.000951963 -0.0025984 -0.00397209 -0.000674884 -0.00217544 0.000317673 0.000575813 -0.0015411 -0.00363265 -0.000745424 -0.000101585 0.00138409 0.00150678
internal_weight=107400 48492 39223 38691 36915 5822 5576 2793 1546 9269 966 58908 26428 10500 15928 2783 841 10133 1123 819 1942 850 31093 19022 725 436 9010 32480 8303 7961
internal_count=107400 48492 39223 38691 36915 5822 5576 2793 1546 9269 966 58908 26428 10500 15928 2783 841 10133 1123 819 1942 850 31093 19022 725 436 9010 32480 8303 7961
is_linear=0
shrinkage=0.03


Tree=83
num_leaves=31
num_cat=0
split_feature=22 21 35 1 22 10 29 19 28 27 29 9 28 27 26 10 35 19 26 35 20 31 25 2 17 3 35 1 16 24
split_gain=15.0366 6.51474 8.11543 8.3129 6.40296 5.78865 5.85547 7.41308 5.11556 5.03504 4.78313 4.49672 4.20339 4.43523 5.13674 4.32832 4.6013 4.31259 4.8434 6.64615 4.82324 4.19134 5.62476 4.58005 4.12351 4.20653 3.80394 3.71473 5.13658 3.73477
threshold=9.5711805555555571 2.2945758956899192 73.250000000000014 16.525000000000002 3.9695138888888892 2.5000000000000004 6.3675000000000006 7.5125000000000011 0.87755341685643329 4.2185416666666677 4.5025000000000013 5.5000000000000009 1.4827392298347652 3.7506250000000008 3.1725000000000003 4.5000000000000009 25.250000000000004 6.5025000000000013 3.6825000000000006 52.750000000000007 9.5536666666666701 2.0255227666583475 4.2425000000000006 1.2241621755804373 5.1775000000000011 3.6872580478191925 41.750000000000007 -2.0749999999999993 10.677500000000002 10.375000000000002
decision_type=2 2 2 2 2 2 2 10 2 2 2 2 2 2 2 2 2 10 2 2 2 2 10 2 8 2 2 2 10 8
left_child=4 -2 5 27 8 6 7 -3 11 -10 -9 -1 13 14 -6 16 -15 20 -19 -20 -14 -16 23 24 -23 -26 -27 29 -29 -4
right_child=1 2 3 -5 12 -7 -8 10 9 -11 -12 -13 17 15 21 -17 -18 18 19 -21 -22 22 -24 -25 25 26 -28 28 -30 -31
leaf_value=-1.1150760481026271e-05 0.0040706445056801722 -0.00029671367530474088 -0.0016389782189967783 -0.0050967867042652423 3.726075454691748e-06 0.0025150752746701632 0.0074266021500635779 -0.00095457445703153959 -1.1244786272580216e-06 -5.7713001448147511e-05 -0.0023947599396778431 1.1302537062769062e-05 -2.1379107722169065e-05 -0.00026018784747804016 -3.6798471848347064e-07 0.00068740260234071533 3.6907100035809745e-05 0.0027842975362733459 0.00056063129819540253 -0.0044565982006157254 -0.0027116260963428724 -7.5387898263877033e-05 0.00045115143314030894 -0.00012016916066910865 -8.6832805722569499e-05 -0.00022817160625039374 9.2456015179265824e-06 -0.0028579417600788914 0.003947968329399686 0.00086479252405534499
leaf_weight=12783 9655 607 426 234 24342 5624 326 209 14017 268 200 1913 18001 209 3009 6367 2393 2107 489 206 248 276 408 325 208 334 1231 212 729 208
leaf_count=12783 9655 607 426 234 24342 5624 326 209 14017 268 200 1913 18001 209 3009 6367 2393 2107 489 206 248 276 408 325 208 334 1231 212 729 208
internal_value=-3.94908e-05 0.000740439 0.000148633 -0.00163892 -0.000200787 0.000613685 -0.00115367 -0.00227424 -0.000567067 -0.000162701 -0.00536956 -0.000959935 -2.42859e-05 0.000159716 -1.46326e-05 0.000745153 -0.000285385 -0.000366024 0.000728892 -0.00143571 -0.000534294 -0.000817288 -0.00165554 -0.00221438 -0.00168111 -0.00114229 -0.000601911 -0.000844937 0.000352009 -0.00261033
internal_weight=107564 18430 8775 1809 89134 6966 1342 1016 28981 14285 409 14696 60153 39102 30133 8969 2602 21051 2802 695 18249 5791 2782 2374 2049 1773 1565 1575 941 634
internal_count=107564 18430 8775 1809 89134 6966 1342 1016 28981 14285 409 14696 60153 39102 30133 8969 2602 21051 2802 695 18249 5791 2782 2374 2049 1773 1565 1575 941 634
is_linear=0
shrinkage=0.03


Tree=84
num_leaves=31
num_cat=0
split_feature=12 26 35 21 35 8 24 24 33 19 25 2 33 26 3 25 32 22 28 9 10 12 35 19 8 32 26 2 9 12
split_gain=12.1181 10.1424 6.60762 6.06916 4.39472 5.11924 4.35024 4.29595 3.84911 6.46942 4.83159 4.28007 9.6073 7.19747 3.82066 3.79024 3.64774 3.61255 4.61116 4.55808 3.76406 5.1297 4.31216 4.01638 3.44877 3.44872 3.37593 5.22499 6.69426 5.74804
threshold=7.0275000000000007 2.6275000000000004 85.750000000000014 2.2945758956899192 78.750000000000014 14.500000000000002 3.8750000000000004 4.3250000000000011 -0.0087262032186418287 7.9575000000000005 4.4125000000000005 1.2158276459519668 0.25881904510252057 3.3675000000000006 8.9612362443448106 1.1875000000000002 -0.94260559819261247 3.9990277777777781 0.87755341685643329 5.5000000000000009 9.5000000000000018 3.8325000000000005 74.250000000000014 0.45250000000000007 18.500000000000004 0.92384435400961407 3.1725000000000003 1.0862992734309145 5.5000000000000009 4.0525000000000011
decision_type=8 2 2 2 2 2 8 10 2 10 10 2 2 2 2 8 2 2 2 2 2 10 2 8 2 2 2 2 2 10
left_child=17 2 4 15 5 6 -2 25 9 10 -5 -10 -13 -14 -11 -3 24 18 19 20 23 -22 -23 -1 -12 -6 -19 -28 -29 -30
right_child=1 3 -4 8 7 -7 -8 -9 11 14 16 12 13 -15 -16 -17 -18 26 -20 -21 21 22 -24 -25 -26 -27 27 28 29 -31
leaf_value=-1.4357496197805681e-05 -0.00018931444482930127 -0.00058362131959254816 0.00075529086799452623 -2.3362421091352309e-05 -0.00036339849040977428 3.6742232882774766e-05 -0.00013612696626208619 -0.0012329662607869021 0.0010604447379284196 -0.00086580601277797702 -0.00027848994681787625 0.00049830569687839938 -0.0030938369692523511 -0.0006564013309356228 0.0066452854053261597 0.0017147313554537224 -0.0015234153795655851 2.0316504471030656e-06 -1.7503542331366409e-06 1.2609965606963795e-05 1.9940566929252849e-06 -5.7334302974841947e-06 -3.9586567945412031e-05 -1.3297699676173952e-05 -0.0045707803247733844 0.00032905836020469926 0.0002064746293657184 -1.6566094356263353e-05 -9.8914079016087668e-05 -0.00018289687377635088
leaf_weight=306 581 205 839 1419 478 3397 4036 325 4360 200 684 1124 206 334 860 15853 367 30907 14217 1899 2769 337 247 9158 200 215 1866 8922 424 886
leaf_count=306 581 205 839 1419 478 3397 4036 325 4360 200 684 1124 206 334 860 15853 367 30907 14217 1899 2769 337 247 9158 200 215 1866 8922 424 886
internal_value=-4.40134e-05 0.000407952 -0.000409781 0.000720688 -0.000646675 -0.000410026 -0.00105993 -0.00249853 0.000130341 -0.000626506 -0.00141308 0.000599104 -0.000693829 -0.0039633 0.00135211 0.00107913 -0.00276831 -0.000268212 -0.000527369 -0.000899531 -0.00110271 -0.000238535 -0.00278098 -0.0014086 -0.00170754 -0.00114756 -9.38153e-05 -0.000518549 -0.0007848 -0.00278327
internal_weight=107621 35683 9871 25812 9032 8014 4617 1018 9754 3730 2670 6024 1664 540 1060 16058 1251 71938 28933 14716 12817 3353 584 9464 884 693 43005 12098 10232 1310
internal_count=107621 35683 9871 25812 9032 8014 4617 1018 9754 3730 2670 6024 1664 540 1060 16058 1251 71938 28933 14716 12817 3353 584 9464 884 693 43005 12098 10232 1310
is_linear=0
shrinkage=0.03


Tree=85
num_leaves=31
num_cat=0
split_feature=22 35 25 34 10 19 34 28 16 26 33 31 30 14 18 9 35 35 10 9 14 21 34 34 34 35 16 17 10 35
split_gain=14.0136 7.95223 6.75196 6.82185 7.19077 11.0531 6.47245 6.34315 5.91027 5.96258 7.2186 6.43981 5.46989 5.37461 7.19801 4.80781 8.89155 5.88809 5.57535 6.07374 4.69675 4.28969 4.13461 6.12143 5.9479 6.15713 5.98307 5.50011 4.17588 7.24032
threshold=7.3722777777777795 71.250000000000014 6.5725000000000007 957.12500000000011 2.5000000000000004 8.6525000000000016 969.02500000000009 2.2460806137420106 11.632500000000002 3.9175000000000004 0.11319890333640049 1.4300862231896716 4.075000000000002 0.38311225508983776 12.512500000000003 3.5000000000000004 38.250000000000007 27.250000000000004 4.5000000000000009 2.5000000000000004 1.4128251838072543 2.747774173497501 953.22500000000014 957.62500000000011 954.92500000000018 21.750000000000004 8.6675000000000022 4.4025000000000007 6.5000000000000009 15.250000000000002
decision_type=2 2 8 2 2 10 2 2 10 2 2 2 2 2 2 2 2 2 2 2 2 2 2 2 2 2 10 10 2 2
left_child=22 2 3 4 5 -2 8 -6 9 13 11 -11 -5 -3 -15 16 -9 -17 -18 -20 -10 -22 28 24 -24 -26 -27 -28 -1 -30
right_child=1 6 -4 12 7 -7 -8 15 20 10 -12 -13 -14 14 -16 17 18 -19 19 -21 21 -23 23 -25 25 26 27 -29 29 -31
leaf_value=5.3296925948943457e-06 -0.00023359092733690517 0.00020578753104584957 0.0042819690163941387 -0.00021441571642806211 0.00078209035289514219 -0.0014872181904213165 0.0055074534908364572 0.00090742760254682833 0.0021796091177980282 -0.0042225695737679349 -0.00079374688334720106 -3.093287652490423e-06 0.0021568332996738425 -0.00027961476212394975 -0.0026805572436518548 -0.0038192023723405792 0.0014674088966450298 0.0015793786610638083 -0.0021798004686494482 -0.0038893815599422032 0.00065084203990246783 -0.003925044684324001 -3.4397211940525269e-06 -2.2839513205034926e-06 -8.5765405666054015e-05 -1.7910386456226059e-05 -2.8179243090297074e-05 -0.00034350767620151324 -4.4455577817934173e-05 -4.5232244822906126e-06
leaf_weight=15292 699 2338 6474 342 11292 204 551 785 2429 212 401 821 5944 2784 370 283 201 1247 385 215 323 210 5714 18782 216 6377 219 212 698 21680
leaf_count=15292 699 2338 6474 342 11292 204 551 785 2429 212 401 821 5944 2784 370 283 201 1247 385 215 323 210 5714 18782 216 6377 219 212 698 21680
internal_value=-3.64884e-05 0.000422173 0.000685034 0.000430099 8.83391e-05 -0.0025011 -0.000284661 0.00025144 -0.000461538 -0.00094099 -0.00266018 -0.00132081 0.0012618 -0.000490085 -0.00129725 -0.000945851 -0.00210057 0.000254072 -0.0043139 -0.00575207 0.000659252 -0.00187918 -0.000291784 -0.000545281 -0.00105281 -0.00163722 -0.001476 -0.00487844 -7.96283e-05 -0.000340705
internal_weight=107700 38510 28071 21597 15311 903 10439 14408 9888 6926 1434 1033 6286 5492 3154 3116 1586 1530 801 600 2962 533 69190 31520 12738 7024 6808 431 37670 22378
internal_count=107700 38510 28071 21597 15311 903 10439 14408 9888 6926 1434 1033 6286 5492 3154 3116 1586 1530 801 600 2962 533 69190 31520 12738 7024 6808 431 37670 22378
is_linear=0
shrinkage=0.03


Tree=86
num_leaves=31
num_cat=0
split_feature=22 25 24 35 34 19 32 19 19 24 26 34 17 10 32 34 35 19 34 10 33 20 10 12 1 10 35 1 16 1
split_gain=12.5218 7.69181 4.6862 4.11249 5.35475 6.82354 4.75525 9.68756 6.02112 7.02826 4.21178 4.95412 4.79095 5.56032 3.92817 3.88459 13.656 5.11757 3.78854 5.74171 5.00428 8.37252 5.45803 6.17169 4.72998 4.15977 5.57266 4.87248 5.37931 4.69067
threshold=7.3722777777777795 5.4975000000000014 2.1750000000000007 71.250000000000014 949.32500000000016 9.6075000000000017 0.94828754594723541 8.6525000000000016 4.2525000000000013 6.2750000000000012 1.8725000000000003 959.62500000000011 6.2475000000000014 11.500000000000002 0.93663652364155514 951.52500000000009 73.250000000000014 12.802500000000002 953.22500000000014 10.500000000000002 0.33379414889141285 5.5335416666666681 9.5000000000000018 6.5375000000000005 5.4750000000000005 6.5000000000000009 15.250000000000002 29.525000000000002 4.432500000000001 0.82500000000000018
decision_type=2 8 8 2 2 10 2 8 10 10 2 2 10 2 2 2 2 8 2 2 2 2 2 10 2 2 2 2 10 2
left_child=18 2 -2 4 6 10 8 -8 9 -4 11 -6 -12 14 -14 16 17 -3 25 20 -20 -22 -23 -24 -21 27 -27 28 -1 -28
right_child=1 15 3 -5 5 -7 7 -9 -10 -11 12 -13 13 -15 -16 -17 -18 -19 19 24 21 22 23 -25 -26 26 29 -29 -30 -31
leaf_value=-8.9570064889254832e-06 -0.00078051502223552025 0.0037097496899084642 -0.00025944332863864667 -0.00013430461003392821 -0.00066844903000467192 -0.001208541946895372 -0.0020242778749438124 -0.00036659719789768882 0.0021758449690782162 -0.003231255776773093 0.0015217237439816885 0.0019998087444701895 0.0031111150345928527 -0.0044400823180504364 -0.00059840015878939745 0.0029870917566969541 -0.0049869542925589198 -0.00078028833674241452 -6.9831691868975188e-06 -3.4443518778436637e-06 -5.3463853030887308e-06 -9.2957562984160333e-05 -0.00031598610232923491 -0.0003514969741482874 1.316246217527475e-05 -4.1347186618214299e-05 -5.574678532575731e-05 4.6957361402512732e-05 7.0184431507930901e-06 -4.041403445116786e-06
leaf_weight=5303 270 2129 2006 7186 913 366 322 865 1483 203 8951 346 371 242 305 10429 325 1709 17722 6509 4043 793 203 225 2104 711 330 3095 6888 21382
leaf_count=5303 270 2129 2006 7186 913 366 322 865 1483 203 8951 346 371 242 305 10429 325 1709 17722 6509 4043 793 203 225 2104 711 330 3095 6888 21382
internal_value=-2.67602e-05 0.000407615 7.53966e-05 0.00012082 0.00038338 0.00073676 -0.000449017 -0.00209648 8.27699e-05 -0.000909214 0.000869846 -0.000761867 0.00107829 -0.000981582 0.000422908 0.000949921 0.000174904 0.000677596 -0.000267569 -0.00050984 -0.00075734 -0.00156918 -0.00374144 -0.00645727 0.000150731 -6.45117e-05 -0.000324639 0.000317049 4.69827e-05 -0.000238707
internal_weight=107729 38421 23829 23559 16373 11494 4879 1187 3692 2209 11128 1259 9869 918 676 14592 4163 3838 69308 31599 22986 5264 1221 428 8613 37709 22423 15286 12191 21712
internal_count=107729 38421 23829 23559 16373 11494 4879 1187 3692 2209 11128 1259 9869 918 676 14592 4163 3838 69308 31599 22986 5264 1221 428 8613 37709 22423 15286 12191 21712
is_linear=0
shrinkage=0.03


Tree=87
num_leaves=31
num_cat=0
split_feature=22 19 19 26 35 24 19 10 2 32 20 8 29 23 22 12 25 9 24 28 25 9 1 35 1 35 8 24 8 26
split_gain=12.5838 5.05791 4.37467 5.9151 5.64008 5.04745 4.66151 3.78772 7.67364 3.58745 4.46603 4.4067 4.36165 5.02377 4.30156 3.48096 3.70749 4.91994 3.53436 4.46992 4.41529 5.67281 3.26265 3.21401 4.63776 5.64123 3.76233 6.87371 6.06615 10.6833
threshold=9.9912916666666707 7.5925000000000011 6.3325000000000005 3.1575000000000006 45.250000000000007 6.3750000000000009 7.5125000000000011 5.5000000000000009 1.1145172190255992 0.9935340235047978 9.5536666666666701 18.500000000000004 2.3875000000000006 0.40052128885497373 9.6255000000000024 7.4025000000000007 6.1075000000000008 4.5000000000000009 7.8750000000000009 2.0061776985086772 5.9025000000000007 3.5000000000000004 30.925000000000008 89.750000000000014 5.4750000000000005 46.250000000000007 13.500000000000002 6.3750000000000009 8.5000000000000018 2.8675000000000006
decision_type=2 8 10 2 2 8 10 2 2 2 2 2 2 2 2 10 10 2 8 2 8 2 2 2 2 2 2 8 2 2
left_child=2 -2 9 -4 7 -6 -7 8 -5 10 23 14 13 -11 -12 16 17 -3 19 -17 21 -21 -20 24 25 -1 28 -28 -27 -30
right_child=1 15 3 4 5 6 -8 -9 -10 12 11 -13 -14 -15 -16 18 -18 -19 22 20 -22 -23 -24 -25 -26 26 27 -29 29 -31
leaf_value=-8.6274328586455443e-05 -0.0014064164762615703 0.001435236217520086 0.0014741062998142335 -0.0020183468763764118 1.028649278102256e-06 -0.0020630285008931067 -0.0011909033499981319 0.0032852707659088809 0.0020295834544764922 3.1058993735622477e-06 -0.0025961113880412809 0.0012908379786210455 0.00019685568529743985 -0.00021788547813066502 -0.0010735379305190258 0.0009533627353839263 -0.0028273025532088935 -0.0019120568135501685 0.0045083234115589291 -0.0040789559232454571 0.0068447036997314878 0.00044534811406759546 -0.0048807257392912487 1.6497236525082457e-05 -2.1999376483643094e-06 -5.7174290221353069e-06 -2.3947283026759384e-05 1.2130611297644627e-05 -2.0265331928872846e-05 -0.0012702850972653704
leaf_weight=238 431 822 4315 301 1101 507 479 1128 632 2831 413 336 3926 778 836 2759 264 200 10033 293 270 225 202 1962 53391 7848 3797 3422 3482 231
leaf_count=238 431 822 4315 301 1101 507 479 1128 632 2831 413 336 3926 778 836 2759 264 200 10033 293 270 225 202 1962 53391 7848 3797 3422 3482 231
internal_value=-5.22053e-06 0.00078541 -0.000138518 0.000511219 -0.000297616 -0.00139532 -0.00294854 0.000814618 -0.000598081 -0.000204405 -0.000266347 -0.00183962 0.000419761 -0.000332872 -0.00265789 0.00087733 -0.000613478 0.000210321 0.00101661 0.000200169 -0.00178562 -0.00339579 0.00129932 -0.000232696 -0.000265183 -0.000667402 -0.000608464 -7.10132e-05 -0.000943887 -0.00194217
internal_weight=107453 15499 91954 8463 4148 2087 986 2061 933 83491 75956 1585 7535 3609 1249 15068 1286 1022 13782 3547 788 518 10235 74371 72409 19018 18780 7219 11561 3713
internal_count=107453 15499 91954 8463 4148 2087 986 2061 933 83491 75956 1585 7535 3609 1249 15068 1286 1022 13782 3547 788 518 10235 74371 72409 19018 18780 7219 11561 3713
is_linear=0
shrinkage=0.03


Tree=88
num_leaves=31
num_cat=0
split_feature=22 22 35 2 32 26 24 7 34 18 34 1 25 8 21 34 29 0 15 10 34 21 19 32 24 13 28 20 35 17
split_gain=10.3283 5.79383 4.74338 13.5186 5.19436 10.7483 4.75063 4.65732 4.54355 3.9804 3.49232 5.70002 5.36458 4.9058 7.2316 8.98236 6.68938 4.27762 4.05138 5.3726 3.86861 3.04807 4.26474 3.7695 4.86578 4.83376 4.17863 6.2046 3.84853 3.59153
threshold=11.26215277777778 5.1706944444444458 73.250000000000014 1.1397007908824843 0.99809679250719918 5.1775000000000011 7.9250000000000016 41.500000000000007 942.67500000000018 15.032500000000002 947.67500000000018 26.775000000000002 0.76750000000000018 6.5000000000000009 1.7482226092838389 944.22500000000014 7.7925000000000013 6.1925000000000017 -2.0849999999999991 8.5000000000000018 945.77500000000009 1.8274230486754515 9.7025000000000023 0.9935340235047978 7.5250000000000012 5.9175000000000013 1.5425438945293994 7.6345000000000018 24.750000000000004 8.1475000000000026
decision_type=2 2 2 2 2 2 8 2 2 2 2 2 10 2 2 2 2 2 2 2 2 2 10 2 10 2 2 2 2 10
left_child=1 -1 4 -4 -2 -6 -5 8 -3 10 12 18 -10 14 17 -16 -15 -14 19 -12 -18 -20 23 24 28 26 -25 -28 -23 -30
right_child=2 7 3 6 5 -7 -8 -9 9 -11 11 -13 13 16 15 -17 20 -19 21 -21 -22 22 -24 25 -26 -27 27 -29 29 -31
leaf_value=-3.7032749549806284e-06 0.00604699517146862 0.00064333936566903817 -0.0079409259360808115 -0.002441494022793516 0.0065800868178561549 -0.001452763588048222 0.004427376424418158 -6.3372278702217326e-05 0.00083863881311868637 -0.0024798820734857462 -0.00074952285036701007 0.0026171534267237862 -3.5823648248535477e-05 2.6404592960674719e-05 -0.00018812779604519594 9.2504911648897697e-05 -0.00038816588171726793 -0.0011283510558189526 0.00029297553137408618 7.7636075889534999e-05 -0.0033007457368643082 -0.00017548405086310645 -0.0021872074573726632 9.3135628994518534e-06 0.0039008112252707288 0.0025151789607982616 2.3020170880529859e-05 -0.0012262225386943896 -7.6666192809270175e-06 -0.00080438457489376996
leaf_weight=44123 5669 2694 249 217 484 270 1476 8131 812 241 307 1566 200 4922 359 846 246 377 12756 259 218 295 260 1819 1493 2300 222 221 14017 364
leaf_count=44123 5669 2694 249 217 484 270 1476 8131 812 241 307 1566 200 4922 359 846 246 377 12756 259 218 295 260 1819 1493 2300 222 221 14017 364
internal_value=-2.98821e-06 -8.8498e-05 0.00100896 -0.000289676 0.00140152 -0.000932806 0.000676679 0.000117149 0.000232313 0.000159166 0.00018049 0.000306738 -0.000386975 -0.000649101 -0.00201119 -0.000681818 -0.000196995 -0.00475773 0.0002258 -0.00228021 -0.00362047 0.000268162 4.5866e-05 9.41841e-05 -0.000120749 0.000855266 -0.000129687 -0.00272545 -0.000286901 -0.000216669
internal_weight=107413 99048 8365 1942 6423 754 1693 54925 46794 44100 43859 35879 7980 7168 1782 1205 5386 577 34313 566 464 33747 20991 20731 16169 4562 2262 443 14676 14381
internal_count=107413 99048 8365 1942 6423 754 1693 54925 46794 44100 43859 35879 7980 7168 1782 1205 5386 577 34313 566 464 33747 20991 20731 16169 4562 2262 443 14676 14381
is_linear=0
shrinkage=0.03


Tree=89
num_leaves=31
num_cat=0
split_feature=22 21 35 10 15 29 19 34 19 35 34 19 34 29 10 35 2 32 31 35 11 2 2 8 23 3 18 2 12 2
split_gain=12.1425 6.17096 5.87195 8.34919 7.52219 6.91022 9.23771 5.26886 4.26406 4.80352 5.75488 5.50627 4.67579 4.57775 8.85465 4.07519 4.06065 4.12505 6.22954 5.05654 6.29755 5.04629 4.60368 4.19325 4.95993 4.24026 3.76126 4.02801 3.83523 3.87944
threshold=9.6255000000000024 2.3074189674831769 73.250000000000014 2.5000000000000004 -0.38999999999999918 6.3125000000000009 7.5125000000000011 950.62500000000011 3.4375000000000004 90.250000000000014 952.22500000000014 6.3325000000000005 953.12500000000011 6.4775000000000009 5.5000000000000009 74.250000000000014 1.2737186211814968 0.8869770585236475 1.799595728311467 84.250000000000014 2.9325000000000006 1.2054027804380076 1.2358393984442708 18.500000000000004 0.72452741843777979 8.3054025834537715 6.9675000000000011 1.2060628531589239 2.4975000000000005 1.0994950215050927
decision_type=2 2 2 2 2 2 10 2 10 2 2 10 2 2 2 2 2 2 2 2 2 2 2 2 2 2 2 2 10 2
left_child=8 7 3 5 -4 6 -3 15 16 10 -10 13 -13 -12 -15 -2 17 23 22 26 -21 -22 -19 24 -1 -26 28 -28 -20 -30
right_child=1 2 4 -5 -6 -7 -8 -9 9 -11 11 12 -14 14 -16 -17 -18 18 19 20 21 -23 -24 -25 25 -27 27 -29 29 -31
leaf_value=-8.184040714218465e-06 0.0008635451651088404 -0.00094386246182461572 -0.0031688996826858642 0.0026477445500171998 -0.00040376022445706033 0.0065716913852635495 -0.0020440836772490372 0.0051198491239727055 4.3050638678678435e-05 0.00069092481860259162 -2.2695872636615995e-05 -0.0018377430854075037 0.001057474132133737 -0.0014137964480004949 0.0015033481792766129 -0.0065788711670942942 2.0345107301436978e-05 1.2987074760306225e-05 1.1994219933174448e-05 1.5156261416646539e-05 -0.00030929914901327288 -3.4574657005811251e-05 -3.3143502893938038e-05 1.2753684910241509e-06 -0.0035558585454442473 -0.0012303546982959435 4.712155687991547e-05 -2.1403037253100109e-05 -4.8576812318614037e-05 -1.8756146131192231e-05
leaf_weight=34149 2133 594 358 5549 1374 301 390 7141 11541 807 7930 347 3660 316 237 201 337 10193 492 209 237 498 768 9337 204 341 2705 2475 202 2603
leaf_count=34149 2133 594 358 5549 1374 301 390 7141 11541 807 7930 347 3660 316 237 201 337 10193 492 209 237 498 768 9337 204 341 2705 2475 202 2603
internal_value=-3.31957e-05 0.000676771 9.31048e-05 0.000488668 -0.00146459 -0.00168605 -0.0028999 0.00120411 -0.000176197 0.000157952 8.12532e-05 -0.000364946 0.000551097 -0.000797714 -0.00342473 -3.33475e-05 -0.000304378 -0.000321665 3.11965e-05 -0.000534373 -0.00261117 -0.00391216 0.000517326 -0.000484989 -0.000636848 -0.00346364 -0.000301698 0.000202507 -0.00109297 -0.00152135
internal_weight=107629 18041 8566 6834 1732 1285 984 9475 89588 24838 24031 12490 4007 8483 553 2334 64750 64413 20382 9421 944 735 10961 44031 34694 545 8477 5180 3297 2805
internal_count=107629 18041 8566 6834 1732 1285 984 9475 89588 24838 24031 12490 4007 8483 553 2334 64750 64413 20382 9421 944 735 10961 44031 34694 545 8477 5180 3297 2805
is_linear=0
shrinkage=0.03


Tree=90
num_leaves=31
num_cat=0
split_feature=27 34 35 19 1 17 22 21 35 29 27 21 35 19 22 32 2 32 12 26 35 7 25 19 8 34 10 19 34 8
split_gain=11.5436 6.04035 10.8813 7.61856 6.96098 4.31954 4.36783 3.77583 5.32129 4.61926 3.70456 3.46238 3.28149 3.13784 2.93652 5.36522 2.84247 6.89189 6.76038 4.65507 3.02113 2.81029 2.66928 3.79227 2.57418 3.63244 2.57322 4.67101 4.60528 2.63767
threshold=5.4006250000000025 951.52500000000009 74.250000000000014 3.4725000000000006 17.375000000000004 9.0475000000000012 3.8495138888888891 2.5371039099565715 64.750000000000014 5.0125000000000011 4.0306250000000015 0.93067403886729749 27.250000000000004 2.1525000000000007 9.8652777777777789 0.84335933205092517 1.1117044389259425 0.90255091666790865 10.537500000000001 4.2575000000000012 28.250000000000004 41.500000000000007 3.6525000000000007 7.1525000000000007 6.5000000000000009 956.32500000000016 9.5000000000000018 0.94750000000000012 962.12500000000011 5.5000000000000009
decision_type=2 2 2 10 2 10 2 2 2 2 2 2 2 10 2 2 2 2 10 2 2 2 10 8 2 2 2 10 2 2
left_child=5 2 3 4 -2 6 10 9 -9 -3 13 -8 -12 26 15 22 17 19 -18 -6 -21 -13 -11 -24 -10 -26 -1 28 -28 -29
right_child=1 7 -4 -5 16 -7 11 8 24 14 12 21 -14 -15 -16 -17 18 -19 -20 20 -22 -23 23 -25 25 -27 27 29 -30 -31
leaf_value=-6.7463940933755913e-06 0.0034203540938118732 -0.00119032120368257 -0.0042111204318829552 0.0031142802096414796 -0.0033422183332256928 -0.00059366884839703448 1.921837105498517e-05 0.0051193113122403322 0.0018559217435180247 0.0022412684254433613 -7.947362923218566e-05 -6.8831097794053151e-08 -9.3803673234049522e-06 4.1142478930711494e-06 0.0064150237564323375 0.0088471772535099798 -0.0035107065665177105 0.0066613088421297647 -0.0011343191783851668 0.00036206027410523448 -0.0026622151317713099 -2.5570655102267576e-05 -0.0039569408258091909 -0.00017881461755610617 4.9108446038611277e-05 -0.0033811224991686676 9.5835256948872789e-06 -8.9797890042718835e-06 -1.5296391895851004e-05 -4.3920031197390401e-06
leaf_weight=16615 394 237 344 2594 216 253 6931 1760 254 285 201 49548 244 4731 4992 688 208 294 265 365 241 8997 211 477 290 389 2621 561 1228 1030
leaf_count=16615 394 237 344 2594 216 253 6931 1760 254 285 201 49548 244 4731 4992 688 208 294 265 365 241 8997 211 477 290 389 2621 561 1228 1030
internal_value=-3.56195e-05 0.000751396 -0.000102923 0.00028612 -0.00111217 -0.000158447 -0.000147651 0.00118992 0.000236842 0.001562 -0.000466919 -1.48439e-05 -0.00316667 -0.000421485 0.00170907 0.000614046 -0.00199686 -0.00116146 -0.00393515 -0.00256832 -0.00119804 -8.9923e-05 -0.000819018 -0.00182684 -0.00158955 -0.00254825 -0.000571849 -5.50953e-06 0.000559678 -0.0013703
internal_weight=107464 14504 4921 4577 1983 92960 92707 9583 2693 6890 27231 65476 445 26786 6653 1661 1589 1116 473 822 606 58545 973 688 933 679 22055 5440 3849 1591
internal_count=107464 14504 4921 4577 1983 92960 92707 9583 2693 6890 27231 65476 445 26786 6653 1661 1589 1116 473 822 606 58545 973 688 933 679 22055 5440 3849 1591
is_linear=0
shrinkage=0.03


Tree=91
num_leaves=31
num_cat=0
split_feature=24 16 34 21 24 20 16 5 29 16 32 14 6 33 34 18 24 32 27 33 15 11 34 11 5 35 26 19 26 19
split_gain=10.3131 5.35572 4.59782 3.61457 3.96621 7.80631 3.50998 3.31273 3.21217 3.05738 2.95689 4.35269 2.88384 3.30371 4.54516 3.85712 2.71132 3.30862 3.40354 3.15211 2.70719 4.08687 3.68154 2.66218 5.56779 2.28302 2.68066 2.8772 3.37524 4.45593
threshold=7.8750000000000009 3.8275000000000006 949.22500000000014 1.1265341391103807 2.2250000000000005 7.821833333333335 5.6725000000000012 0.34355110873672517 1.4275000000000004 8.9725000000000019 -0.96811077628253228 0.2018043607060713 2.5000000000000004 0.60873824923885345 961.02500000000009 2.8275000000000006 2.0750000000000006 -0.99535829673000931 1.6220833333333335 -0.034899496702500851 -1.6200000000000001 8.4425000000000026 967.02500000000009 11.587500000000002 0.66101984138462333 30.750000000000004 2.4075000000000006 1.5325000000000004 3.3125000000000004 3.2125000000000004
decision_type=10 8 2 2 8 2 10 2 2 10 2 2 2 2 2 2 10 2 2 2 2 2 2 2 2 2 2 8 2 8
left_child=1 16 23 6 5 7 8 25 -3 -4 11 -10 13 20 15 -15 17 18 -1 -20 21 -6 -22 24 -2 -5 -27 -28 29 -29
right_child=2 3 9 4 12 -7 -8 -9 10 -11 -12 -13 -14 14 -16 -17 -18 -19 19 -21 22 -23 -24 -25 -26 26 27 28 -30 -31
leaf_value=-3.6708763886794702e-05 0.00021753434963957125 1.9193445888262809e-05 -9.5924976940284663e-05 -3.2601632071675559e-05 8.4712641247756082e-06 -0.0010482517341130738 0.00058993214741784393 -7.627280155037412e-05 -5.925996638560365e-05 0.0067186903726146113 3.3006695800488761e-07 -8.5443872830077466e-06 -3.0942835971575658e-05 -3.5367326938107834e-05 -4.7172075890938785e-05 7.0199511065406654e-06 1.0945568290414778e-06 -4.4719181011500932e-06 -5.4015879165885306e-05 -3.2439546224019564e-07 4.4536232788890186e-06 -0.0007581352339956261 7.8933480299489374e-05 0.0049408099186158839 -0.00435288638642564 5.459870048061087e-06 2.7004367360435424e-05 -1.861788792489426e-05 3.4222437631140844e-06 -2.3926884675822902e-05
leaf_weight=221 472 379 663 328 1146 218 8138 604 233 4861 3402 1031 7403 327 210 1113 6417 17961 271 554 44501 895 1272 349 291 2233 217 289 730 679
leaf_count=221 472 379 663 328 1146 218 8138 604 233 4861 3402 1031 7403 327 210 1113 6417 17961 271 554 44501 895 1272 349 291 2233 217 289 730 679
internal_value=-2.65888e-05 -0.000102047 0.00111851 2.50024e-05 -7.06931e-05 -0.000855365 0.000476115 -0.000613569 -0.000145544 0.0014726 -0.000362235 -0.00159811 2.47936e-06 8.51443e-05 -0.00123263 -0.000622837 -0.000478509 -0.000658479 -0.00229496 -0.00139157 0.000130743 -0.00093695 0.000178448 -0.000639212 -0.00162891 -0.00033073 -0.000138695 -0.000960937 -0.00137757 -0.00253443
internal_weight=107408 100772 6636 75348 62165 5298 13183 5080 5045 5524 4666 1264 56867 49464 1650 1440 25424 19007 1046 825 47814 2041 45773 1112 763 4476 4148 1915 1698 968
internal_count=107408 100772 6636 75348 62165 5298 13183 5080 5045 5524 4666 1264 56867 49464 1650 1440 25424 19007 1046 825 47814 2041 45773 1112 763 4476 4148 1915 1698 968
is_linear=0
shrinkage=0.03


Tree=92
num_leaves=31
num_cat=0
split_feature=22 29 9 35 1 21 22 31 34 29 19 24 34 34 1 14 33 27 1 35 32 31 21 27 33 35 9 11 19 25
split_gain=11.106 4.84288 5.39023 5.3431 8.03711 4.50399 4.23416 4.05505 5.56548 6.88768 4.435 3.53137 3.2963 3.95284 5.10211 9.01387 5.44007 5.96629 4.9262 9.30291 5.7289 5.68504 5.61271 6.12093 5.3554 4.98734 5.64676 7.18491 6.59825 5.67448
threshold=11.26215277777778 4.9675000000000011 1.5000000000000002 73.250000000000014 16.525000000000002 2.7123827546964807 5.2397222222222233 2.5165561214201126 961.62500000000011 2.3875000000000006 5.0825000000000014 2.4250000000000007 942.52500000000009 960.32500000000016 -4.3749999999999991 0.99262698599894628 0.13052122218260662 3.2185416666666673 2.0750000000000006 67.250000000000014 0.50751903745502713 1.8597940368326638 1.4371651750670822 3.695625000000001 -0.017452406437283484 28.250000000000004 4.5000000000000009 5.2375000000000016 7.3725000000000014 3.0025000000000004
decision_type=2 2 2 2 2 2 2 2 2 2 10 10 2 2 2 2 2 2 2 2 2 2 2 2 2 2 2 2 10 10
left_child=6 2 -2 -3 5 -5 -1 12 10 -10 -9 -12 -8 18 15 16 -15 -18 19 24 21 25 23 -21 -14 -20 27 -27 29 -29
right_child=1 3 -4 4 -6 -7 7 8 9 -11 11 -13 13 14 -16 -17 17 -19 20 22 -22 -23 -24 -25 -26 26 -28 28 -30 -31
leaf_value=-3.3080597635451805e-06 -0.0013639090895252444 0.0063545993291351565 0.0011277612365673039 0.004049306102179847 -0.0067734959958930564 -0.0018984957482872389 0.00049451233230312351 -4.107751853407117e-05 -1.1402269676908354e-06 -0.0011353885239893907 -0.00057962803324089756 0.00055411367545986226 -0.0011542330955740458 0.00032457491106489448 0.00037578692697146966 -0.0011364316094864357 1.9235927747892867e-05 -0.00029714436714319416 0.00016105762241413546 1.0743839708994214e-06 0.00023607854805750462 0.00012197114976022542 4.2689001249180041e-06 -0.00078232562740125297 -0.00057599239164348999 8.6872506486341739e-06 6.9302382964704282e-05 -0.00010515294539978031 0.0011255233921171769 -0.00071716933992501167
leaf_weight=45140 295 5458 804 1364 229 286 2638 1873 240 235 490 1507 247 1271 7534 313 419 575 2877 210 13076 5580 3863 219 1158 1551 2699 1618 920 2993
leaf_count=45140 295 5458 804 1364 229 286 2638 1873 240 235 490 1507 247 1271 7534 313 419 575 2877 210 13076 5580 3863 219 1158 1551 2699 1618 920 2993
internal_value=-8.30173e-06 0.00103637 -0.000817935 0.00131449 -6.52865e-05 0.000670695 -9.71475e-05 8.18319e-05 -0.000796552 -0.00384375 -0.000418064 0.000564935 0.000158602 0.000100768 0.000626273 -0.000524971 0.000138767 -0.00151952 -4.28732e-05 -0.000853911 0.000104793 -0.000238776 -0.000159181 -0.00339401 -0.00296808 -0.000590381 -0.000913243 -0.00135798 -0.00186362 -0.00232604
internal_weight=107682 8436 1099 7337 1879 1650 99246 54106 4345 475 3870 1997 49761 47123 10112 2578 2265 994 37011 5697 31314 18238 4292 429 1405 12658 9781 7082 5531 4611
internal_count=107682 8436 1099 7337 1879 1650 99246 54106 4345 475 3870 1997 49761 47123 10112 2578 2265 994 37011 5697 31314 18238 4292 429 1405 12658 9781 7082 5531 4611
is_linear=0
shrinkage=0.03


Tree=93
num_leaves=31
num_cat=0
split_feature=24 22 14 2 31 29 24 28 28 18 34 34 31 19 35 9 29 19 32 34 0 19 34 1 9 31 16 33 18 21
split_gain=10.7763 4.92478 3.98682 3.92564 3.91557 3.53786 5.61779 4.78376 3.86735 3.7334 6.3996 10.9009 5.77845 4.53298 4.38311 4.07221 3.1043 3.92266 5.22249 3.81583 3.52747 3.09099 2.97004 7.88905 11.3485 6.88958 4.50491 4.67229 5.47437 5.68548
threshold=7.8750000000000009 12.246944444444447 1.8203582520614059 1.1389149935488161 1.3497738360493396 2.5125000000000006 0.82500000000000018 1.3714708494677008 0.22732133995913281 13.087500000000002 958.62500000000011 953.82500000000016 1.6333435520130799 6.5025000000000013 52.750000000000007 1.0000000180025095e-35 5.1725000000000012 9.9025000000000016 0.99535829673000953 948.37500000000011 6.5025000000000013 6.932500000000001 953.82500000000016 16.875000000000004 2.5000000000000004 2.2822421500583965 7.4975000000000014 0.25037047035109405 2.3875000000000006 0.87796023011045665
decision_type=10 2 2 2 2 2 8 2 2 2 2 2 2 10 2 2 2 10 2 2 2 10 2 2 2 2 8 2 2 2
left_child=1 5 -2 4 -3 -1 -7 8 -8 13 11 -11 -13 15 -15 -9 17 18 -10 20 -20 -4 -17 25 -25 26 27 28 -24 -30
right_child=2 3 21 -5 -6 6 7 9 16 10 -12 12 -14 14 -16 22 -18 -19 19 -21 -22 -23 23 24 -26 -27 -28 -29 29 -31
leaf_value=-3.8771257794199633e-06 0.0032361591831517019 0.0053074085572092956 -0.0016955214667755964 0.0062284519702566704 -0.0066547320062749268 -3.2116509559776917e-05 -5.9581360036007312e-05 5.2892336065213812e-05 4.5228205277900858e-06 -0.00078979505202065366 0.0012875926694725166 -0.0023677244400145286 -0.0032228675604433566 0.0041168664078898454 -0.00010034541958635624 -7.7953533116830487e-06 0.0009143095549083469 -0.0023205809476265003 2.8532966406756703e-05 0.0014183961204248584 -0.0019172891387410501 0.0064437775812504145 1.1292979391435159e-05 -0.00056116455022439194 -6.0068696140933657e-05 -0.0011213612947890666 5.1409000936559236e-05 3.6834356771529224e-05 3.2543206602201089e-05 -9.2979198423081641e-05
leaf_weight=41283 6108 231 238 2332 467 368 795 2819 22090 805 661 219 282 1862 1851 9478 3766 203 237 2949 235 218 310 382 625 256 4356 533 242 1220
leaf_count=41283 6108 231 238 2332 467 368 795 2819 22090 805 661 219 282 1862 1851 9478 3766 203 237 2949 235 218 310 382 625 256 4356 533 242 1220
internal_value=-6.39499e-06 -8.30738e-05 0.00117095 0.00110708 -0.00086202 -0.000119991 3.41652e-05 5.85252e-05 0.000314564 -0.000240755 -0.00149544 -0.00270938 -0.00616008 -0.000137349 0.000825444 -0.000314298 0.000370358 0.00025242 0.000285821 0.00137566 -0.0011195 -0.00152278 -0.000485667 -0.000914113 -0.00338834 -0.000551719 -0.000364086 -0.00143506 -0.00217445 -0.0029407
internal_weight=107421 100857 6564 3030 698 97827 56544 56176 30275 25901 1967 1306 501 23934 3713 20221 29480 25714 25511 3421 472 456 17402 7924 1007 6917 6661 2305 1772 1462
internal_count=107421 100857 6564 3030 698 97827 56544 56176 30275 25901 1967 1306 501 23934 3713 20221 29480 25714 25511 3421 472 456 17402 7924 1007 6917 6661 2305 1772 1462
is_linear=0
shrinkage=0.03


Tree=94
num_leaves=31
num_cat=0
split_feature=12 21 19 1 33 34 17 19 30 29 30 34 24 19 30 9 24 16 26 28 18 18 35 30 11 21 26 19 17 2
split_gain=10.3382 5.78004 5.71686 4.08557 6.89185 5.03895 3.69473 3.66833 3.55118 3.90894 3.45583 4.99163 5.80752 5.04108 13.2147 4.60394 6.45603 4.8617 4.72107 4.40235 4.66861 4.50645 5.69826 4.88556 4.65102 4.28541 4.18139 3.98785 3.73994 3.54878
threshold=10.537500000000001 1.8869218209325254 10.282500000000002 -2.0749999999999993 0.28400453026986811 957.22500000000014 8.052500000000002 7.3725000000000014 14.425000000000002 9.2025000000000023 5.1750000000000016 959.72500000000014 7.1750000000000016 9.7025000000000023 8.6250000000000018 2.5000000000000004 6.7250000000000005 10.782500000000002 3.8825000000000007 2.287425772668668 15.032500000000002 3.2025000000000006 59.250000000000007 8.8750000000000018 4.8275000000000015 2.3573811384143606 1.7775000000000003 1.2025000000000003 7.5825000000000005 1.2001480956303103
decision_type=8 2 10 2 2 2 10 10 2 2 2 2 10 10 2 2 8 8 2 2 2 2 2 2 2 2 2 10 8 2
left_child=10 -2 3 4 -3 6 7 8 -5 -10 -1 13 15 19 -15 18 27 25 -13 21 -21 -12 24 -24 -23 -18 -26 29 -25 -17
right_child=1 2 -4 5 -6 -7 -8 -9 9 -11 11 12 -14 14 -16 16 17 -19 -20 20 -22 22 23 28 26 -27 -28 -29 -30 -31
leaf_value=-4.0520532748589306e-06 0.0041318085591777126 0.00081755810736236826 0.0080551313627468812 9.5899455902952171e-06 -0.0013150508445359333 0.0047106095217870096 -0.0034404409615447196 0.0041139852744424311 -0.0035926836622516018 -0.00081797668316973909 -1.6308531967407615e-05 0.00030119440970278799 0.0058661780111584939 -0.0021884210509579977 0.0057004663825387034 -0.00086749799747725688 3.3713563251297729e-05 0.0061546487170083281 -0.0013066386840808017 -0.00010852916859332373 -0.0027078883333424455 -9.0547203027816454e-06 -8.5018783223293931e-06 0.0003898496334680031 -4.5064506294986324e-05 -0.00072724993966307924 0.00044038088878888817 -1.8150166666335596e-05 -0.0013160251483867031 -0.00019343089041729756
leaf_weight=47947 4457 410 1059 1223 335 1322 286 899 281 598 5012 2874 1347 343 300 397 1129 1036 270 3965 257 4697 6205 244 1952 351 15199 1060 1444 603
leaf_count=47947 4457 410 1059 1223 335 1322 286 899 281 598 5012 2874 1347 343 300 397 1129 1036 270 3965 257 4697 6205 244 1952 351 15199 1060 1444 603
internal_value=-2.72911e-05 0.000849655 0.000272515 -0.000126516 -0.00218 0.000207412 -0.000421932 -0.000108782 -0.000794494 -0.00224321 -0.000125976 5.20642e-05 0.000686839 -9.3279e-05 -0.00271759 0.000368932 -0.000238376 0.000780643 0.00125183 -4.96407e-05 -0.000963804 6.15399e-05 0.000201809 -0.000488858 0.00045138 -0.000323232 0.000680403 -0.00148184 -0.00191731 -0.00283582
internal_weight=107502 10870 6413 5354 745 4609 3287 3001 2102 879 96632 48685 9067 39618 643 7720 4576 2516 3144 38975 4222 34753 29741 7893 21848 1480 17151 2060 1688 1000
internal_count=107502 10870 6413 5354 745 4609 3287 3001 2102 879 96632 48685 9067 39618 643 7720 4576 2516 3144 38975 4222 34753 29741 7893 21848 1480 17151 2060 1688 1000
is_linear=0
shrinkage=0.03


Tree=95
num_leaves=31
num_cat=0
split_feature=22 22 35 34 1 32 1 9 34 10 5 34 33 25 30 34 26 34 25 35 31 10 25 9 32 26 27 1 33 11
split_gain=9.37582 4.7478 4.59716 5.6883 4.70877 7.69572 4.68142 8.3685 6.05201 4.39772 9.27625 5.31191 6.06765 4.31808 4.2865 9.334 4.98954 6.61419 7.5018 5.16286 5.005 6.46721 5.31095 4.48197 4.65368 4.71483 4.31132 7.51094 6.38539 6.70317
threshold=12.246944444444447 5.8277777777777784 40.250000000000007 964.77500000000009 23.325000000000006 -0.97625883275952019 -5.8249999999999984 4.5000000000000009 961.82500000000016 4.5000000000000009 0.11658624279826074 951.92500000000018 0.21643137258081221 3.3375000000000004 4.0250000000000012 962.72500000000014 1.8725000000000003 959.62500000000011 3.3775000000000004 71.750000000000014 1.4300862231896716 2.5000000000000004 5.2875000000000005 2.5000000000000004 0.98897820466835418 3.1725000000000003 4.3885416666666677 2.0750000000000006 0.06104621499353461 11.342500000000003
decision_type=2 2 2 2 2 2 2 2 2 2 2 2 2 8 2 2 2 2 10 2 2 2 10 2 2 2 2 2 2 2
left_child=1 -1 9 4 6 -6 7 8 13 10 -3 12 -12 -4 15 23 17 18 -16 26 21 -21 -23 -8 -25 -26 -18 28 -28 -30
right_child=-2 2 3 -5 5 -7 14 -9 -10 -11 11 -13 -14 -15 16 -17 19 -19 -20 20 -22 22 -24 24 25 -27 27 -29 29 -31
leaf_value=-3.3564109720636801e-06 0.0051959469417155544 -0.00012668192145058732 -5.5026172094468231e-05 0.00085147214308682335 -0.00050485317620178102 -3.7597159686131484e-05 1.8477649084976871e-05 -0.0015129182010332214 -0.00045008214902991068 0.00062276458664207589 -0.00037800989361180988 0.0016064214569523798 -0.004755293274677109 0.00036887847264198225 -3.5274985777624787e-05 -0.00056543307866875939 0.00095885633459386944 0.00089661774448684972 -0.00047167563092507918 0.00038302514707500219 -1.6744761000027536e-06 -0.0007054323786205161 -0.0037293638265784288 -1.4069024432984721e-05 -2.6215183082151628e-05 -0.00030768042638125074 -0.0022102878970929754 0.0010138647962377942 0.00052952749635396857 -0.0033316361690792482
leaf_weight=51803 4976 278 216 3217 731 2040 1417 405 422 11484 668 1626 249 874 1686 268 7293 1208 1500 208 6347 351 222 1188 346 257 343 5018 644 266
leaf_count=51803 4976 278 216 3217 731 2040 1417 405 422 11484 668 1626 249 874 1686 268 7293 1208 1500 208 6347 351 222 1188 346 257 343 5018 644 266
internal_value=-2.67487e-05 -8.84674e-05 0.000117691 -6.11153e-05 -0.000177718 -0.00136059 -6.9971e-05 -0.00150312 -0.000470666 0.000573375 -0.000487261 8.59499e-05 -0.00173427 0.000712329 2.64642e-05 -0.000960069 0.000163326 -0.000754262 -0.00147039 0.000358313 -0.000295247 -0.00255343 -0.00418858 -0.000506069 -0.00150167 -0.00363651 0.000701747 0.000124761 -0.00194833 -0.000622951
internal_weight=107551 102575 50772 36467 33250 2771 30479 1917 1512 14305 2821 2543 917 1090 28562 3476 25086 4394 3186 20692 7128 781 573 3208 1791 603 13564 6271 1253 910
internal_count=107551 102575 50772 36467 33250 2771 30479 1917 1512 14305 2821 2543 917 1090 28562 3476 25086 4394 3186 20692 7128 781 573 3208 1791 603 13564 6271 1253 910
is_linear=0
shrinkage=0.03


Tree=96
num_leaves=31
num_cat=0
split_feature=27 14 2 19 8 34 32 26 35 16 17 20 26 12 35 26 35 35 8 2 34 34 16 8 2 32 1 8 21 34
split_gain=9.3761 6.60446 5.76586 7.18516 5.98108 4.21819 6.87542 6.13557 5.97942 9.32266 3.76731 3.61405 3.50731 3.32174 4.72144 4.20932 4.77584 4.08667 4.0544 4.65779 4.17672 4.8532 4.66368 4.0752 3.98684 3.68751 3.387 3.29545 5.41657 3.50551
threshold=5.3579166666666671 0.80565190994622138 1.2300875627377155 8.1225000000000023 14.500000000000002 960.32500000000016 0.99809679250719918 2.6775000000000007 68.750000000000014 10.902500000000002 8.9675000000000011 10.345833333333335 3.9175000000000004 4.7425000000000006 44.750000000000007 4.0275000000000007 12.250000000000002 88.750000000000014 7.5000000000000009 1.1309226075116905 946.97500000000014 949.12500000000011 1.9925000000000004 3.5000000000000004 1.1897749778616504 0.99901018088683491 35.525000000000006 11.500000000000002 1.3225181150289498 954.42500000000018
decision_type=2 2 2 10 2 2 2 2 2 10 10 2 2 8 2 2 2 2 2 2 2 2 10 2 2 2 2 2 2 2
left_child=10 5 3 4 -3 6 7 11 -9 -10 13 -2 -11 14 15 16 -1 25 19 23 -20 22 -22 -18 -16 27 -17 29 -29 -15
right_child=1 2 -4 -5 -6 -7 -8 8 9 12 -12 -13 -14 17 24 26 18 -19 20 -21 21 -23 -24 -25 -26 -27 -28 28 -30 -31
leaf_value=-9.6337441516044993e-05 0.00026445373832678198 0.00028312985513551992 -0.0038696361722895425 0.0041270220548173019 -0.0020119343666489577 0.0069623128266896447 -0.0017956419045236638 0.0040360380265758783 -0.0021113137131949719 -0.0020702781172824668 -0.00054376921727199048 -0.003686913598928095 0.0044557484040157356 5.3928870741242953e-07 1.6722045956770251e-06 3.7765523262647345e-05 -4.2216064974369493e-06 0.00010157855114975754 1.4758288426428037e-06 -6.5671704811204803e-05 -5.0574034456309924e-05 -9.0168081275153807e-06 -3.0537446133042241e-05 -3.4682725327035844e-05 -5.6208839023369828e-06 0.00063025125759788928 -3.737670911259332e-05 0.00016078933356735657 -7.6036001978430698e-06 -4.0286499074283602e-05
leaf_weight=272 215 2021 226 1303 1382 2299 342 5631 281 207 249 206 786 11289 18675 1584 1184 1534 4222 380 375 4741 1114 480 12755 2728 359 6507 15101 8979
leaf_count=272 215 2021 226 1303 1382 2299 342 5631 281 207 249 206 786 11289 18675 1584 1184 1534 4222 380 375 4741 1114 480 12755 2728 359 6507 15101 8979
internal_value=-3.02423e-05 0.000668076 -0.000229694 -2.54712e-06 -0.000727993 0.00111221 0.000773361 0.000968217 0.00118307 -0.000670836 -0.000142717 -0.00252817 0.000700401 -0.000132666 -0.000312638 -0.000756116 -0.000954044 4.73312e-05 -0.00086729 -0.00208785 -0.000627713 -0.00112109 -0.00261245 -0.00139485 -0.000104978 -5.11096e-06 0.000543635 -7.47832e-05 0.000182946 -0.000349529
internal_weight=107427 14899 4932 4706 3403 9967 7668 7326 6905 1274 92528 421 993 92279 46141 14711 12768 46138 12496 2044 10452 6230 1489 1664 31430 44604 1943 41876 21608 20268
internal_count=107427 14899 4932 4706 3403 9967 7668 7326 6905 1274 92528 421 993 92279 46141 14711 12768 46138 12496 2044 10452 6230 1489 1664 31430 44604 1943 41876 21608 20268
is_linear=0
shrinkage=0.03


Tree=97
num_leaves=31
num_cat=0
split_feature=16 24 17 1 9 25 11 35 23 9 26 16 11 29 32 12 16 11 26 34 1 24 29 19 26 25 19 26 27 4
split_gain=8.59521 5.3466 4.36308 4.14178 6.53565 4.03424 3.92131 7.25951 4.37511 6.9167 5.44026 4.12982 3.89176 3.81883 4.4243 4.2775 5.5345 3.58456 6.38819 3.74638 3.56504 5.06128 4.56844 6.58077 5.00009 4.28452 3.47393 3.37791 3.3163 3.28281
threshold=10.902500000000002 7.9250000000000016 9.6575000000000024 37.025000000000006 3.5000000000000004 8.0125000000000011 6.8675000000000006 29.750000000000004 0.69316962390734405 4.5000000000000009 4.307500000000001 9.797500000000003 9.6175000000000015 6.017500000000001 -0.77159520228797429 8.3875000000000028 7.4975000000000014 11.007500000000002 3.1725000000000003 961.12500000000011 17.375000000000004 5.4750000000000005 5.1725000000000012 9.802500000000002 2.1325000000000007 3.6725000000000008 8.6525000000000016 3.6075000000000008 3.4843750000000009 0.79178450798327493
decision_type=10 10 8 2 2 10 2 2 2 2 2 8 2 2 2 10 10 2 2 2 2 10 2 10 2 8 10 2 2 2
left_child=3 2 17 5 -5 6 8 -8 -1 10 -10 12 13 -9 15 16 -15 19 -19 -2 22 29 23 24 28 -24 -20 -13 -4 -22
right_child=1 -3 20 4 -6 -7 7 11 9 -11 -12 27 -14 14 -16 -17 -18 18 26 -21 21 -23 25 -25 -26 -27 -28 -29 -30 -31
leaf_value=-2.6939401860391101e-06 0.0005139068914342018 0.0062379587000011213 -0.0010799111411637177 5.8227316955237337e-06 -7.4136565341626062e-05 -0.00091895597835687062 0.0012604852704980838 -2.1687499500200852e-05 0.0011135513493587157 -0.0016960786875216856 -0.00077255997010094795 0.0015836101940015972 0.00015698607345414201 -0.0006133879046306169 0.00037873270616914503 -0.00062742439610874912 -0.0014026990284056354 -0.0034024177814947791 -0.00084690096289633996 -0.0008274052899917045 0.0013962564914389208 -0.0038079563611204117 -0.0016210283407694529 -0.0011264628562537306 0.00093676272603215394 0.0053503622902149823 0.0033625991753000462 -0.00036753351996236051 9.0084104524391407e-05 -0.0015224507132449215
leaf_weight=65576 736 4146 207 333 536 374 4143 8398 686 378 201 3290 3582 279 618 974 248 388 213 201 1286 377 249 249 3802 3341 309 1530 205 930
leaf_count=65576 736 4146 207 333 536 374 4143 8398 686 378 201 3290 3582 279 618 974 248 388 213 201 1286 377 249 249 3802 3341 309 1530 205 930
internal_value=-3.04758e-05 0.000596431 0.000286366 -0.000144946 -0.00220023 -0.000125041 -0.000112014 0.000225257 -0.000228391 -0.00197244 -0.000514574 -2.39377e-05 -0.000283111 -0.00057394 -0.00171045 -0.00258765 -0.00475376 -0.00105778 -0.00239344 0.000245223 0.000519951 -0.000446882 0.000831348 0.000190018 0.00047215 0.00162726 -0.000216319 0.000733679 -0.00264748 0.000102657
internal_weight=107785 16639 12493 91146 869 90277 89903 23062 66841 1265 887 18919 14099 10517 2119 1501 527 1847 910 937 10646 2593 8053 4463 4214 3590 522 4820 412 2216
internal_count=107785 16639 12493 91146 869 90277 89903 23062 66841 1265 887 18919 14099 10517 2119 1501 527 1847 910 937 10646 2593 8053 4463 4214 3590 522 4820 412 2216
is_linear=0
shrinkage=0.03


Tree=98
num_leaves=31
num_cat=0
split_feature=27 29 1 14 35 8 35 8 1 31 29 27 4 16 21 1 10 24 15 34 31 30 1 16 12 32 10 34 31 24
split_gain=9.33198 4.89528 7.039 4.64335 4.46196 3.73639 3.6616 7.1298 5.65993 5.59126 4.14488 4.0652 4.87191 3.88985 3.59011 4.94452 5.78241 5.56846 5.19628 5.66685 7.09647 9.12663 5.89097 4.20396 4.02175 3.90024 4.25646 4.80443 5.16343 3.49501
threshold=5.4006250000000025 4.9675000000000011 -1.3249999999999995 0.63973301722932618 44.250000000000007 13.500000000000002 44.750000000000007 7.5000000000000009 2.4750000000000005 2.5855701880637114 6.9475000000000007 3.268333333333334 0.43333883491676167 6.9375000000000009 1.3321426972962911 17.375000000000004 4.5000000000000009 4.3250000000000011 1.0000000180025095e-35 961.52500000000009 2.3128122013049084 2.7250000000000005 3.4250000000000007 12.167500000000002 3.0075000000000007 0.99809679250719918 11.500000000000002 957.52500000000009 1.9828745600804429 1.1750000000000005
decision_type=2 2 2 2 2 2 2 2 2 2 2 2 2 10 2 2 2 10 2 2 2 2 2 10 10 2 2 2 2 10
left_child=5 2 -2 -3 -4 6 9 -8 -9 11 -10 12 29 -11 24 18 17 -17 23 25 21 -21 -23 -16 -7 26 -20 28 -28 -1
right_child=1 3 4 -5 -6 14 7 8 10 13 -12 -13 -14 -15 15 16 -18 -19 19 20 -22 22 -24 -25 -26 -27 27 -29 -30 -31
leaf_value=-1.4454568853759959e-05 0.0055762500563444365 0.0038075145949490511 -0.00055167044621760115 0.00015597050897223725 -0.0013731072219447821 -2.8180736664842366e-06 1.6153043646350242e-06 -2.1398415240473836e-05 -1.7791154163934899e-06 -1.1059482121267959e-05 -0.00094095125428989262 -2.9291428949416605e-06 -0.00041849746704519537 -0.00084945918920960111 1.4939796543209996e-05 -3.9872678704889314e-05 -1.1389009566366102e-05 -0.00038523064019888633 1.5057560442673987e-05 -5.0384498559535186e-05 -0.0011500433959616811 4.6636193261116541e-05 -0.00066825918983949237 -0.00053566512710790369 2.1296903044464362e-05 -0.00064270694760783697 -0.0024267398942357469 2.952230616489251e-05 -3.0527013528931259e-05 1.2890113179278919e-06
leaf_weight=4046 258 7811 200 6025 206 3672 29127 5210 7739 249 221 6275 219 203 7412 1039 9375 216 3604 328 236 1076 380 314 9387 370 212 234 210 1894
leaf_count=4046 258 7811 200 6025 206 3672 29127 5210 7739 249 221 6275 219 203 7412 1039 9375 216 3604 328 236 1076 380 314 9387 370 212 234 210 1894
internal_value=-2.12151e-05 0.00068666 -0.00182063 0.000807601 -0.00426277 -0.00013132 -0.00028903 -0.000154106 -0.000733207 -0.000731673 -0.000229755 -0.000611625 -0.00115883 -0.00399125 9.73208e-05 -0.00011323 -0.000603667 -0.0025119 0.000249496 -0.000365139 -0.00168889 -0.00103298 -8.21344e-06 0.000778425 0.000500383 0.000213592 0.000471278 -0.00174281 -0.00363934 -0.000994113
internal_weight=107748 14500 664 13836 406 93248 55183 42297 13170 12886 7960 12434 6159 452 38065 25006 10630 1255 14376 6650 2020 1784 1456 7726 13059 4630 4260 656 422 5940
internal_count=107748 14500 664 13836 406 93248 55183 42297 13170 12886 7960 12434 6159 452 38065 25006 10630 1255 14376 6650 2020 1784 1456 7726 13059 4630 4260 656 422 5940
is_linear=0
shrinkage=0.03


Tree=99
num_leaves=31
num_cat=0
split_feature=27 14 17 34 32 32 19 10 10 19 35 22 35 16 31 7 16 30 25 34 23 35 34 34 35 34 35 31 34 34
split_gain=8.04996 5.79347 4.67906 4.44017 6.23337 4.35699 5.28543 5.58785 6.65489 6.8467 4.12587 3.40611 7.01444 4.82897 3.18374 3.06653 4.84166 4.35173 4.00846 3.41821 7.43111 4.38886 4.07592 4.52796 4.59569 4.40294 3.66008 3.40556 3.98787 3.53372
threshold=5.3579166666666671 0.69217651891209397 9.2225000000000019 959.92500000000018 0.99809679250719918 0.90992662233962551 8.2775000000000016 8.5000000000000018 7.5000000000000009 6.2925000000000013 48.250000000000007 12.246944444444447 59.250000000000007 10.902500000000002 1.5383373551746244 41.500000000000007 6.9825000000000008 12.325000000000003 4.3725000000000014 952.92500000000018 0.48868033452912624 19.250000000000004 949.22500000000014 948.97500000000014 50.750000000000007 947.27500000000009 39.250000000000007 2.4983341634844214 963.32500000000016 944.07500000000016
decision_type=2 2 10 2 2 2 10 2 2 10 2 2 2 10 2 2 8 2 8 2 2 2 2 2 2 2 2 2 2 2
left_child=2 3 15 4 11 6 7 8 9 -3 -11 12 -2 -14 -7 16 19 27 -19 22 21 -21 23 24 25 26 -1 -18 29 -29
right_child=1 5 -4 -5 -6 14 -8 -9 -10 10 -12 -13 13 -15 -16 -17 17 18 -20 20 -22 -23 -24 -25 -26 -27 -28 28 -30 -31
leaf_value=2.2460180109761319e-06 0.0024170109615452833 -0.00027694414782028346 -0.0006503310497685109 0.0066128616873440994 -0.0031610208607309484 0.0070946912155364699 0.0029959267469122988 0.00066735171755215002 -0.0043608230863042517 -0.0018815650498285063 -0.0045589889418304842 0.006123765563179338 -0.0019262197640541219 -0.0001819661159937208 -0.00098682730417052277 -1.3222863752473293e-05 2.1914332199015133e-05 -0.0019299725545328824 0.0018342214603564249 -4.0502374721324871e-05 -0.0010955253696239488 -4.0635515631963838e-06 1.0820703687356445e-05 -3.4173294968184473e-05 9.5469690268426033e-06 -2.3766146685001171e-05 -1.1833630057487633e-05 -0.00038710056004001743 -0.0010589888553728612 -1.378291184359669e-06
leaf_weight=6599 3602 1732 208 2247 307 787 1160 1163 260 263 201 1899 387 619 335 13576 29770 607 244 206 213 19904 7374 487 5017 2304 2970 241 218 2926
leaf_count=6599 3602 1732 208 2247 307 787 1160 1163 260 263 201 1899 387 619 335 13576 29770 607 244 206 213 19904 7374 487 5017 2304 2970 241 218 2926
internal_value=1.01827e-05 0.000655843 -9.38741e-05 0.00113203 0.00074967 -7.56856e-05 -0.000470945 -0.0010356 -0.00184559 -0.00130032 -0.00451599 0.000947635 0.000505962 -0.00170326 0.00160248 -8.36597e-05 -1.21387e-05 0.000258093 -0.00185397 -0.000216021 -0.00050428 -0.000444444 2.07224e-05 -0.000230065 -0.000147381 -0.000469018 -0.000185189 0.000312575 -0.000588495 -0.000314943
internal_weight=107826 14962 92864 9061 6814 5901 4779 3619 2456 2196 464 6507 4608 1006 1122 92656 79080 34006 851 45074 20323 20110 24751 17377 16890 11873 9569 33155 3385 3167
internal_count=107826 14962 92864 9061 6814 5901 4779 3619 2456 2196 464 6507 4608 1006 1122 92656 79080 34006 851 45074 20323 20110 24751 17377 16890 11873 9569 33155 3385 3167
is_linear=0
shrinkage=0.03


Tree=100
num_leaves=31
num_cat=0
split_feature=22 21 31 9 28 1 26 1 30 12 9 24 26 23 1 25 34 34 24 2 30 16 18 34 33 12 26 33 25 30
split_gain=7.80105 3.8609 4.67297 5.0956 5.7405 4.92553 3.65702 5.3402 4.97864 2.99304 4.74005 4.99181 4.48597 5.31478 3.90259 3.7906 4.40998 4.29288 8.09651 6.70227 5.26636 4.87421 4.84067 4.47693 4.81533 4.61215 3.60782 8.63826 6.0382 9.2231
threshold=11.26215277777778 2.2696153308387053 1.3286891577234805 1.0000000180025095e-35 3.7214937265389429 17.375000000000004 3.5075000000000003 2.8250000000000006 7.1250000000000009 6.0025000000000013 1.5000000000000002 0.9750000000000002 1.9325000000000003 0.7818343114007843 7.7250000000000005 10.217500000000003 959.42500000000018 949.32500000000016 9.1750000000000025 1.1934282199736466 12.325000000000003 9.797500000000003 12.012500000000003 942.67500000000018 0.31729257441605191 6.7875000000000014 2.4225000000000003 0.095842103007655569 4.2625000000000011 7.4750000000000005
decision_type=2 2 2 2 2 2 2 2 2 8 2 8 2 2 2 8 2 2 10 2 2 10 2 2 2 10 2 2 10 2
left_child=9 -2 -3 -4 5 6 7 -5 -8 -1 12 -12 13 14 -11 17 -17 18 23 21 26 22 -19 -13 25 -25 27 -21 -29 -30
right_child=1 2 3 4 -6 -7 8 -9 -10 10 11 15 -14 -15 -16 16 -18 19 -20 20 -22 -23 -24 24 -26 -27 -28 28 29 -31
leaf_value=-2.4935834379327358e-06 0.0044610044795170556 0.007293002464669341 -0.0016584947899604607 -0.0030312653514163188 -0.0044884464290363257 -0.0033560731340749684 -0.00099181694697419217 0.0040614499426748539 0.00719568449915546 0.00045947024372600885 -0.00015357234673748455 5.784223729146414e-05 0.00041201503094289577 -0.0025779196463130492 -7.7493670019292311e-05 0.0002287072174232348 -0.00099131462038490109 1.8819924422395739e-05 -0.0050558899774440147 2.8644835997195426e-05 -0.0024454314618622785 0.0030407777610120252 -0.0023737061432301679 2.1860183168461045e-05 0.0002876569056344244 -0.00049484181421580978 2.3312851020166768e-05 -0.00014081851712799813 -0.0019266904572765844 -0.00022743222787218633
leaf_weight=61010 4297 699 218 419 220 349 241 315 1671 456 204 1553 9486 200 1071 2579 364 5495 212 1408 395 4002 308 1033 951 3450 4088 638 225 273
leaf_count=61010 4297 699 218 419 220 349 241 315 1671 456 204 1553 9486 200 1071 2579 364 5495 212 1408 395 4002 308 1033 951 3450 4088 638 225 273
internal_value=2.00307e-05 0.000896016 0.000240754 -0.000215532 8.85094e-05 0.000435 0.000878159 -0.000917456 0.00156808 -5.42924e-05 0.000153219 -6.09203e-05 0.000672045 -0.000732679 -0.000123368 -2.51305e-05 0.000990163 -0.00014965 -0.000762493 0.000112609 -0.000594283 0.000619266 6.35332e-05 -0.000584811 -0.000990623 -0.00140174 -0.000392346 -0.00127815 -0.00321823 -0.00567793
internal_weight=107830 8429 4132 3433 3215 2995 2646 734 1912 99401 38391 27178 11213 1727 1527 26974 2943 24031 7199 16832 7027 9805 5803 6987 5434 4483 6632 2544 1136 498
internal_count=107830 8429 4132 3433 3215 2995 2646 734 1912 99401 38391 27178 11213 1727 1527 26974 2943 24031 7199 16832 7027 9805 5803 6987 5434 4483 6632 2544 1136 498
is_linear=0
shrinkage=0.03


Tree=101
num_leaves=31
num_cat=0
split_feature=16 24 26 9 9 10 10 35 7 19 10 9 35 35 14 34 9 16 9 24 24 24 34 28 26 31 14 25 7 34
split_gain=7.48672 5.15284 4.12151 4.07189 4.59665 11.4066 6.01343 6.31595 4.0587 3.4733 5.60422 5.56857 7.17198 5.32926 4.78634 7.57693 7.17308 6.00769 5.64086 4.68699 4.00944 3.54788 3.20189 3.44701 3.02801 5.40327 5.23383 3.098 4.83464 3.27293
threshold=11.557500000000003 7.8750000000000009 2.4225000000000003 3.5000000000000004 2.5000000000000004 11.500000000000002 8.5000000000000018 65.750000000000014 43.500000000000007 3.4375000000000004 5.5000000000000009 3.5000000000000004 18.750000000000004 39.250000000000007 0.46655653462359298 956.02500000000009 5.5000000000000009 9.2825000000000024 5.5000000000000009 9.2750000000000021 6.6750000000000016 1.0750000000000004 950.62500000000011 3.7214937265389429 1.9575000000000002 1.7093833089527388 0.60267459335177442 2.5425000000000004 19.500000000000004 962.72500000000014
decision_type=10 8 2 2 2 2 2 2 2 10 2 2 2 2 2 2 2 10 2 10 8 8 2 2 2 2 2 8 2 2
left_child=8 3 -3 4 6 -6 7 -2 9 19 11 24 -13 -12 -14 18 17 -17 -16 -1 -20 -15 -4 -24 25 26 -11 28 -26 -29
right_child=1 2 22 -5 5 -7 -8 -9 -10 10 13 12 14 21 15 16 -18 -19 20 -21 -22 -23 23 -25 27 -27 -28 29 -30 -31
leaf_value=-1.6531096083362285e-06 -0.0018316892785550317 -0.00070606354029545545 0.00035263915221496722 0.00074043274388031072 0.00042346899274308124 -0.0043102310530266138 0.0024234157857755609 0.0011369552346738767 -1.8874264923976154e-05 -0.00024976832116846794 0.00093356039642879848 -0.00050255391057717625 6.0697689891299738e-06 -5.3907865464918757e-05 0.00015803464610785473 -0.00084294526872340627 8.6120824910185714e-06 -0.0008963964310590044 -2.8869795393607048e-05 -0.0030974972195252312 -0.0040598981790616736 2.0374205893140453e-05 0.0048536235810632405 -0.00076287089668468084 -0.00071477765711099798 5.7792663417788253e-05 -9.2191252263740271e-06 0.00052376874934437743 9.3662628765567378e-06 -0.00051593607903809263
leaf_weight=60814 284 675 1657 1854 321 207 868 206 9951 274 4600 220 2142 296 896 330 201 205 230 201 200 9700 5950 267 211 471 263 3420 304 251
leaf_count=60814 284 675 1657 1854 321 207 868 206 9951 274 4600 220 2142 296 896 330 201 205 230 201 200 9700 5950 267 211 471 263 3420 304 251
internal_value=1.56039e-05 0.000712299 0.00111842 -0.000216288 -0.00119619 -0.00355722 -0.000268525 -0.00290909 -7.43814e-05 -7.4265e-06 0.000296544 -0.000265614 -0.00104719 0.000666941 -0.000766928 -0.00179681 -0.00422672 -0.00602778 -0.000437265 -0.000128073 -0.00324138 0.000277772 0.00131133 0.00162343 0.000400462 -0.00107206 -0.00311624 0.000755906 -0.00141346 0.00106175
internal_weight=107469 12289 8549 3740 1886 528 1358 490 95180 85229 24214 9618 4424 14596 4204 2062 736 535 1326 61015 430 9996 7874 6217 5194 1008 537 4186 515 3671
internal_count=107469 12289 8549 3740 1886 528 1358 490 95180 85229 24214 9618 4424 14596 4204 2062 736 535 1326 61015 430 9996 7874 6217 5194 1008 537 4186 515 3671
is_linear=0
shrinkage=0.03


Tree=102
num_leaves=31
num_cat=0
split_feature=27 14 2 8 34 34 32 26 35 16 32 17 2 22 7 34 2 23 28 8 31 11 14 26 30 34 5 9 26 11
split_gain=8.85626 4.99875 4.83456 5.09056 4.81298 3.6178 5.05157 5.14213 3.86854 7.08268 4.08309 3.19534 3.1491 3.26783 4.77954 3.46168 3.49816 4.47985 3.2523 4.02767 3.84593 3.56652 3.22735 3.78815 3.60763 3.53665 3.55478 4.67166 5.00387 6.36786
threshold=5.4006250000000025 0.80565190994622138 1.2300875627377155 15.500000000000002 951.02500000000009 959.82500000000016 0.99809679250719918 2.6775000000000007 69.250000000000014 10.902500000000002 -0.99353402350479758 9.2225000000000019 1.2737186211814968 5.8277777777777784 41.500000000000007 965.07500000000016 1.2221243581812249 0.407137956794348 0.6822572828486333 4.5000000000000009 1.8232849016402233 5.1275000000000013 0.4315765671735759 1.9575000000000002 9.8750000000000018 964.17500000000018 0.18295961186044948 3.5000000000000004 2.5875000000000004 3.0425000000000009
decision_type=2 2 2 2 2 2 2 2 2 10 2 10 2 2 2 2 2 2 2 2 2 2 2 2 2 2 2 2 2 2
left_child=11 5 3 -3 -5 6 7 -2 10 -10 -9 12 13 -1 15 16 22 -18 -19 21 -21 -20 23 24 -15 26 27 -24 -29 -30
right_child=1 2 -4 4 -6 -7 -8 8 9 -11 -12 -13 -14 14 -16 -17 17 18 19 20 -22 -23 25 -25 -26 -27 -28 28 29 -31
leaf_value=-3.4785267639691023e-06 -0.0032024863528887352 0.00093981903071193803 -0.003759565153887888 -0.0019727623349819591 0.00052084578239822621 0.0061915557149238984 -0.0015351598736602211 -0.00042888986717346921 -0.0025471772535093523 0.0017160466647065896 0.0041168250390996378 -0.00071403372158231244 2.043752806138777e-05 -7.8923981621015693e-06 -0.00012894966623099962 0.00087731762168769174 3.7028502992594656e-05 -0.00066552401090377606 -9.0456366413170709e-05 9.5670493671188846e-06 -0.00045279479079044502 0.0021662290961627375 3.1573715814769801e-06 0.00034112584981557784 -0.0012726588968615658 -0.00095394039362223519 9.2907738224902334e-05 -1.7947675522600876e-05 7.6809099370049166e-06 -0.00037269903925930261
leaf_weight=51467 351 2939 214 767 882 2379 323 871 265 938 4571 216 403 2268 5948 2015 593 258 219 613 1116 522 1766 10254 211 231 13824 658 204 495
leaf_count=51467 351 2939 214 767 882 2379 323 871 265 938 4571 216 403 2268 5948 2015 593 258 219 613 1116 522 1766 10254 211 231 13824 658 204 495
internal_value=-9.15692e-06 0.000680455 -0.000111088 9.6669e-05 -0.00123519 0.00107225 0.000740989 0.000911013 0.0010985 -0.000439569 0.00143859 -0.000116384 -0.000107822 -0.000119395 7.97331e-05 0.000212499 0.000139182 -0.000783824 -0.00129748 -0.000957576 -0.00174913 0.00088874 0.000241777 0.000603627 -0.000448068 -2.65377e-05 2.4245e-05 -0.000889066 -0.00220925 -0.00396733
internal_weight=107781 14500 4802 4588 1649 9698 7319 6996 6645 1203 5442 93281 93065 92662 41195 35247 33232 3321 2728 2470 1729 741 29911 12733 2479 17178 16947 3123 1357 699
internal_count=107781 14500 4802 4588 1649 9698 7319 6996 6645 1203 5442 93281 93065 92662 41195 35247 33232 3321 2728 2470 1729 741 29911 12733 2479 17178 16947 3123 1357 699
is_linear=0
shrinkage=0.03


Tree=103
num_leaves=31
num_cat=0
split_feature=16 21 31 24 21 34 19 32 30 34 35 35 3 26 31 31 28 19 33 25 16 9 2 34 31 0 33 17 26 35
split_gain=7.91353 5.70089 4.09677 3.31237 4.77158 4.98222 4.36488 6.03818 7.64198 5.89113 7.21138 4.68714 4.28916 4.66418 3.98267 5.3329 5.3082 5.00015 3.85445 3.59962 3.89109 5.23965 3.59495 3.57537 3.34787 6.21677 5.08604 6.28836 4.46893 4.39803
threshold=11.557500000000003 1.7873849026950113 1.3218174939349263 3.5750000000000006 2.4209809908347126 954.92500000000018 4.3525000000000009 -0.87878364999916136 9.7250000000000014 957.62500000000011 37.750000000000007 39.750000000000007 4.1812053205804283 2.8375000000000008 2.1108925290875695 1.1131046864359564 1.3714708494677008 4.1725000000000012 -0.42261826174069922 2.4075000000000006 10.782500000000002 5.5000000000000009 1.2737186211814968 945.92500000000018 2.6386994588411286 4.8025000000000011 -0.36648727148060634 5.2575000000000012 3.3825000000000003 46.750000000000007
decision_type=10 2 2 10 2 2 10 2 2 2 2 2 2 2 2 2 2 10 2 8 10 2 2 2 2 2 2 10 2 2
left_child=3 -2 -3 22 6 12 7 8 18 10 -10 -8 13 -6 15 -7 17 -16 -5 -17 21 -21 24 -9 -1 29 -27 28 -28 -26
right_child=1 2 -4 4 5 14 11 23 9 -11 -12 -13 -14 -15 16 19 -18 -19 -20 20 -22 -23 -24 -25 25 26 27 -29 -30 -31
leaf_value=-2.7977686803509253e-06 0.0046131134869548153 0.0057074577125058677 5.3817762581994665e-05 -9.9756605870894767e-05 1.2687217302999859e-05 -7.8404381777265363e-05 0.0027814506338686837 -3.5580460678064064e-05 -0.00084418637542768972 0.00044540454766014992 -0.0030327668738608328 0.00020971318450703478 0.00014453706089637356 -0.00013923327392880455 -0.00035333963701576624 6.5082133189888451e-05 -0.00055741798275846569 0.0001825863631463101 7.370369274906276e-06 -3.4388485565700166e-05 0.0032083379953675131 -0.0015299682364151223 2.0178229690884923e-05 2.5806933257952279e-05 -4.8939770079544207e-05 0.00040655659915963865 -5.0448415389184823e-05 0.00019876573929334079 -0.00092912707647240867 1.1808514088798537e-05
leaf_weight=66075 3059 1510 7714 308 511 411 3277 415 315 311 383 6169 2968 397 278 400 379 230 2695 1446 410 207 353 4456 204 201 965 287 259 1145
leaf_count=66075 3059 1510 7714 308 511 411 3277 415 315 311 383 6169 2968 397 278 400 379 230 2695 1446 410 207 353 4456 204 201 965 287 259 1145
internal_value=-7.85191e-06 0.00070874 0.000336115 -0.000100094 0.00018898 -0.000440853 0.000451456 -2.599e-05 -0.000887229 -0.00313905 -0.00466003 0.000900222 0.000313837 -0.00148521 -0.001218 -0.00067315 -0.00296973 -0.000947368 -0.000126662 -0.00014222 -0.000648452 -0.00129735 -0.000208119 0.000683552 -0.00022363 -0.00119276 -0.00239022 -0.00298615 -0.00392026 0.000330133
internal_weight=107738 12283 9224 95455 25966 7637 18329 8883 4012 1009 698 9446 3876 908 3761 2874 887 508 3003 2463 2063 1653 69489 4871 69136 3061 1712 1511 1224 1349
internal_count=107738 12283 9224 95455 25966 7637 18329 8883 4012 1009 698 9446 3876 908 3761 2874 887 508 3003 2463 2063 1653 69489 4871 69136 3061 1712 1511 1224 1349
is_linear=0
shrinkage=0.03


Tree=104
num_leaves=31
num_cat=0
split_feature=22 2 9 18 21 19 29 35 34 19 27 29 18 2 31 2 35 5 33 9 34 19 33 5 16 14 31 33 29 28
split_gain=7.81833 4.4138 4.12072 3.47965 5.0451 5.65358 12.3998 3.59301 4.91684 6.30537 5.78596 6.18478 4.39199 4.14475 3.3532 3.30945 10.9155 3.20086 3.16647 3.5099 2.95492 2.84137 3.94252 2.77673 2.76472 2.73509 2.65586 3.22261 2.63844 2.89678
threshold=12.246944444444447 1.0647675979197662 3.5000000000000004 7.1625000000000014 1.9490959441827982 9.7025000000000023 4.8875000000000011 69.750000000000014 947.87500000000011 7.1525000000000007 3.846458333333334 8.0825000000000014 8.5575000000000028 1.1891326085659781 2.6109653380092062 1.1389149935488161 64.750000000000014 0.10499102856727748 0.62249093318774806 4.5000000000000009 955.32500000000016 10.192500000000003 0.17364817766693022 0.3637042951787251 6.9825000000000008 0.50529694240119538 1.423678831138367 -0.33379414889141251 5.0125000000000011 2.7916689671754731
decision_type=2 2 2 2 2 10 2 2 2 8 2 2 2 2 2 2 2 2 2 2 2 8 2 2 10 2 2 2 2 2
left_child=1 2 -1 -3 7 18 -7 8 9 -5 12 23 -11 26 21 16 -2 -4 -6 25 -8 -15 24 -12 -23 -20 -9 -28 -17 -30
right_child=15 3 17 4 5 6 20 13 -10 10 11 -13 -14 14 -16 28 -18 -19 19 -21 -22 22 -24 -25 -26 -27 27 -29 29 -31
leaf_value=4.7157928929992539e-06 0.0037632633655157208 -2.4106847212099545e-06 -1.0909525678785171e-05 0.0023276285059006465 2.1664604370361453e-06 -0.0023046266222870471 0.0063000687469106156 -0.002210020767889303 0.0016296026975239676 -0.00016677811347936918 -0.00068507703498214812 -0.0035285709200949915 -0.0018871258607326162 0.0018995409948915928 -0.00028916357207319242 -0.0011551197917155386 -0.0058633000766617977 -0.00015012849586466137 -0.00011712726048958789 2.0045243723125546e-05 -0.0023000280182124098 -0.00024853697294834038 -0.00065453862534142564 0.0017935636099726141 0.0013643848340586669 -3.6434452257148097e-05 0.00091444560697281332 -0.00061074239103102597 0.0055040649331855249 0.0007783238560086994
leaf_weight=302 824 53798 238 1228 28987 200 232 234 9501 410 246 205 236 1076 216 378 202 296 231 266 229 213 249 1259 1078 360 362 895 2666 946
leaf_count=302 824 53798 238 1228 28987 200 232 234 9501 410 246 205 236 1076 216 378 202 296 231 266 229 213 249 1259 1078 360 362 895 2666 946
internal_value=3.0762e-05 -2.58307e-05 -0.00219025 -7.93374e-06 0.000177992 -5.45722e-05 -0.00278829 0.000585425 0.000833079 -0.000113681 -0.0010216 -0.000104956 -0.00342857 -0.000164279 0.000509693 0.00118662 -0.000331717 -0.00376252 6.43249e-06 -0.00178538 -5.79398e-05 0.000808089 -1.94174e-05 0.000566225 0.000650463 -0.00306544 -0.00144184 -0.000886688 0.00157697 0.00182638
internal_weight=107563 102547 836 101711 47913 30505 661 17408 13085 3584 2356 1710 646 4323 2832 5016 1026 534 29844 857 461 2616 1540 1505 1291 591 1491 1257 3990 3612
internal_count=107563 102547 836 101711 47913 30505 661 17408 13085 3584 2356 1710 646 4323 2832 5016 1026 534 29844 857 461 2616 1540 1505 1291 591 1491 1257 3990 3612
is_linear=0
shrinkage=0.03


Tree=105
num_leaves=31
num_cat=0
split_feature=22 1 24 1 31 25 32 14 26 31 15 2 11 24 25 18 19 24 18 19 2 31 0 26 13 33 12 12 25 16
split_gain=7.03051 4.16822 4.23193 3.90112 4.10752 3.88378 4.58254 3.49576 3.46327 3.42676 2.85193 2.62235 4.82129 3.82189 4.91241 6.0346 3.38798 2.87403 3.69451 8.14469 3.56974 4.161 4.50284 3.89494 3.76487 5.89179 3.88963 3.56972 3.7782 4.90071
threshold=12.246944444444447 37.025000000000006 8.0250000000000021 16.675000000000004 1.3497738360493396 7.2375000000000007 -0.80382625221112003 0.98320903169163387 5.0375000000000005 1.1399919549477073 1.8000000000000003 1.0880881565731924 6.5325000000000015 1.6750000000000005 3.1225000000000005 2.6675000000000004 1.2025000000000003 1.8750000000000002 13.087500000000002 9.2125000000000021 1.1236145453215969 2.0606417882509547 10.277500000000002 4.5825000000000014 6.5241666666666678 -0.29237170472273682 8.0875000000000021 7.9925000000000015 5.9825000000000008 6.342500000000002
decision_type=2 2 10 2 2 10 2 2 2 2 2 2 2 10 8 2 8 10 2 10 2 2 2 2 2 2 10 8 10 10
left_child=1 2 5 -2 -5 11 8 -6 -7 -3 -4 12 13 16 -15 -16 -1 20 -19 -20 21 22 -13 -24 -23 -26 -27 28 -22 -30
right_child=3 9 10 4 7 6 -8 -9 -10 -11 -12 17 -14 14 15 -17 -18 18 19 -21 27 24 23 -25 25 26 -28 -29 29 -31
leaf_value=-7.1680760599051628e-05 0.0051441202913403115 -1.3904024658770102e-05 0.0022476838724621822 0.0042725673824528694 -0.00053174442544183379 -0.0019827141730108661 5.6085477740337066e-05 -0.0066956792772172131 -0.00084975494042786176 -0.00042855591133252779 -0.0027864425100495829 -4.7209974773947168e-06 0.0011783381649264335 2.0930065805589339e-05 -9.3063003816084167e-05 -5.1990032995232125e-05 1.6777584830443004e-05 5.8564426100686704e-06 -3.1331735756496746e-05 -0.0021301004161913399 -1.2553966392423766e-06 -1.8136851273230848e-05 -0.0021154688319371599 0.00016685474408267099 2.0490779170435449e-05 -0.0016247401629024077 -0.00014047312970705842 0.00025250773783595614 6.2719147072578949e-05 -0.0012909537006497822
leaf_weight=214 3948 697 3953 370 383 448 461 279 384 203 214 12634 2160 662 202 645 3624 36341 1188 389 29131 2320 368 206 294 388 289 4546 316 485
leaf_count=214 3948 697 3953 370 383 448 461 279 384 203 214 12634 2160 662 202 645 3624 36341 1188 389 29131 2320 368 206 294 388 289 4546 316 485
internal_value=2.51145e-05 -2.8258e-05 -1.02485e-05 0.00112538 -0.000514947 -5.02046e-05 -0.00168028 -0.00192504 -0.00300358 -0.00205525 0.000925456 -2.82551e-05 0.000509984 2.63454e-05 -0.00125033 -0.00275704 0.000529274 -7.37344e-05 0.000124041 -0.0012952 -0.000220843 -0.000583677 -0.000345569 -0.00293264 -0.00153732 -0.00310143 -0.00463196 -4.71536e-05 -0.000166149 -0.00219231
internal_weight=107742 102762 101862 4980 1032 97695 1293 662 832 900 4167 96402 7507 5347 1509 847 3838 88895 37918 1577 50977 16499 13208 574 3291 971 677 34478 29932 801
internal_count=107742 102762 101862 4980 1032 97695 1293 662 832 900 4167 96402 7507 5347 1509 847 3838 88895 37918 1577 50977 16499 13208 574 3291 971 677 34478 29932 801
is_linear=0
shrinkage=0.03


Tree=106
num_leaves=31
num_cat=0
split_feature=22 35 1 21 18 32 26 28 10 8 24 1 2 8 19 1 34 8 35 10 1 26 24 9 1 10 24 18 35 35
split_gain=6.38376 4.32079 9.98482 4.23199 4.17101 2.93255 7.47816 3.28253 5.59497 4.07613 2.76389 2.96699 2.92698 2.59009 2.89469 5.14 6.77649 6.27836 6.70478 5.46954 5.45173 12.7867 3.68942 3.59248 2.94173 5.98145 2.83355 3.93553 2.8889 2.79635
threshold=11.26215277777778 73.250000000000014 17.375000000000004 2.5950304268125124 15.447500000000002 0.99809679250719918 5.6375000000000011 2.3559154250555863 11.500000000000002 18.500000000000004 3.5750000000000006 35.525000000000006 1.2737186211814968 13.500000000000002 0.5375000000000002 0.52500000000000013 959.42500000000018 17.500000000000004 69.250000000000014 6.5000000000000009 24.075000000000006 3.5575000000000006 1.8750000000000002 2.5000000000000004 4.4750000000000005 9.5000000000000018 1.0250000000000001 6.2275000000000009 61.250000000000007 28.750000000000004
decision_type=2 2 2 2 2 2 2 2 2 2 10 2 2 2 10 2 2 2 2 2 2 2 8 2 2 2 10 2 2 2
left_child=4 5 3 -3 10 7 -7 -2 9 -9 12 -12 13 -1 22 16 -16 18 19 -17 23 -22 24 -21 -15 -26 27 28 29 -19
right_child=1 2 -4 -5 -6 6 -8 8 -10 -11 11 -13 -14 14 15 17 -18 26 -20 20 21 -23 -24 -25 25 -27 -28 -29 -30 -31
leaf_value=-4.0796840230957311e-06 0.0051866967994787351 0.003421966962205781 -0.0071459089615132599 -0.0020965823123786508 -0.0024036953886833064 0.0034950909138311611 -0.0030273619179826202 0.0039992029036528022 -0.0067171099307675218 -0.0017981537965773523 1.474741307663501e-05 -7.2357673130388857e-05 1.9469510063492602e-05 -5.0298621936981453e-05 -7.9780100263387313e-05 7.6076952936973518e-06 1.7348810528347422e-05 -2.0335943869710213e-06 -0.0024890469838239502 -3.9174248004677709e-05 -9.0282077695546788e-05 -1.8055019107300014e-05 9.4554022126741316e-06 1.810677460606402e-05 -2.5449897460718435e-05 1.6749738606076638e-05 1.7860380995287187e-05 4.3974894473827176e-05 2.1817553204495198e-05 -3.4919312619553172e-05
leaf_weight=42131 3338 1314 213 449 216 566 206 1700 289 248 27982 326 332 462 388 1795 280 536 211 287 380 599 16132 363 483 474 3349 1559 322 766
leaf_count=42131 3338 1314 213 449 216 566 206 1700 289 248 27982 326 332 462 388 1795 280 536 211 287 380 599 16132 363 483 474 3349 1559 322 766
internal_value=5.69912e-05 0.000854827 -0.00036951 0.000378394 -9.87129e-06 0.00123599 -0.000494208 0.00147581 0.000584746 0.00116436 -6.95719e-07 0.00024985 -0.000100813 -0.000114134 0.000107358 -0.000278136 -0.00281724 -0.000110008 -0.00110852 -0.000783902 -0.00203978 -0.00344817 0.000345352 9.16032e-05 -0.00111868 -0.000165281 0.000446076 -0.000194793 -0.00122652 -0.00185463
internal_weight=107696 8323 1976 1763 99373 6347 772 5575 2237 1948 99157 28308 70849 70517 28386 10835 668 10167 3635 3424 1629 979 17551 650 1419 957 6532 3183 1624 1302
internal_count=107696 8323 1976 1763 99373 6347 772 5575 2237 1948 99157 28308 70849 70517 28386 10835 668 10167 3635 3424 1629 979 17551 650 1419 957 6532 3183 1624 1302
is_linear=0
shrinkage=0.03


Tree=107
num_leaves=31
num_cat=0
split_feature=22 14 21 35 26 16 8 2 26 19 10 21 27 34 15 31 13 2 35 2 8 10 33 17 34 24 18 24 10 9
split_gain=6.76965 4.80289 3.94577 5.24061 4.16534 4.01743 3.59223 6.45788 6.32523 6.55567 6.45603 4.9638 4.82602 4.28593 7.41476 5.58041 6.6189 6.97879 3.76822 3.55662 5.68068 3.48465 4.86109 4.29088 3.31832 3.75204 3.57675 10.5462 4.55738 9.04637
threshold=10.921125000000002 2.3674106811732805 2.6226934310412067 74.250000000000014 2.6475000000000004 13.082500000000001 13.500000000000002 1.1351972055241923 4.432500000000001 5.8575000000000008 8.5000000000000018 1.3119875983478078 5.4006250000000025 961.62500000000011 0.19500000000000053 2.1901111300474265 3.0575000000000001 1.1891326085659781 42.250000000000007 1.2040848001550404 5.5000000000000009 11.500000000000002 -0.078456108245891901 2.9475000000000007 942.17500000000018 5.7250000000000005 2.8775000000000008 3.2250000000000005 5.5000000000000009 5.5000000000000009
decision_type=2 2 2 2 2 10 2 2 2 10 2 2 2 2 2 2 2 2 2 2 2 2 2 10 2 8 2 10 2 2
left_child=6 2 4 -4 -2 -5 12 11 13 -10 -11 -8 -1 21 18 16 -16 -18 -15 -14 -21 -9 23 -23 25 -13 27 -26 29 -28
right_child=1 -3 3 5 -6 -7 7 8 9 10 -12 24 19 14 15 -17 17 -19 -20 20 -22 22 -24 -25 26 -27 28 -29 -30 -31
leaf_value=-4.7263309339210766e-06 -0.002130717570245415 -0.0034168303283651446 0.00092107167955026879 -0.0034165225903836712 0.0038366535029169813 -0.00030427446016561275 8.470469418891904e-06 1.6417968009305189e-05 1.9667873299374384e-05 -0.0035884468362892444 -0.00058734108330910442 -8.1907279690071247e-05 0.0022913747025128041 -1.6584057268432573e-05 -3.5095795721016207e-05 -0.00090928275181452662 -0.00046059932047183414 0.00076962450823720189 1.9024028645771738e-05 0.0026274187793482221 -0.0031774948410327329 -8.8316887619534892e-07 3.5231740187186034e-05 -0.00044330595028118009 -1.2697299072205649e-05 2.0554349249385078e-05 -4.6823852401047128e-05 -8.7431446808720838e-05 -5.9968273641080455e-06 -0.0017806856937434606
leaf_weight=53323 326 348 2800 219 6106 250 7833 13038 608 226 205 466 2919 204 465 299 315 936 3173 203 214 328 958 307 1079 1403 2249 251 6262 336
leaf_count=53323 326 348 2800 219 6106 250 7833 13038 608 226 205 466 2919 204 465 299 315 936 3173 203 214 328 958 307 1079 1403 2249 251 6262 336
internal_value=4.62316e-05 0.000787448 0.000912116 6.32255e-05 0.00134317 -0.00285443 -3.01213e-05 0.000183974 0.00054996 -0.00172701 -0.0045344 -0.000203832 -0.000184826 0.000668514 -5.44746e-05 -0.00149257 -0.000826264 0.000312898 0.000804554 0.000921281 -0.0016564 0.000934887 -0.000388611 -0.00241406 -0.000586009 0.000574707 -0.000799352 -0.00224719 -0.000580547 -0.001639
internal_weight=107649 10049 9701 3269 6432 469 97600 40941 21062 1039 431 19879 56659 20023 5392 2015 1716 1251 3377 3336 417 14631 1593 635 12046 1869 10177 1330 8847 2585
internal_count=107649 10049 9701 3269 6432 469 97600 40941 21062 1039 431 19879 56659 20023 5392 2015 1716 1251 3377 3336 417 14631 1593 635 12046 1869 10177 1330 8847 2585
is_linear=0
shrinkage=0.03


Tree=108
num_leaves=31
num_cat=0
split_feature=24 34 25 7 22 25 17 17 1 26 29 26 10 1 26 34 35 25 10 22 2 29 27 14 2 14 2 16 23 14
split_gain=6.15249 3.67803 4.92678 3.10311 3.32769 4.10002 4.98305 4.62642 5.61592 5.05136 3.85794 4.26647 6.73381 4.29346 4.04118 4.44961 4.03178 3.71075 3.26898 9.83505 3.5962 4.08 3.26894 3.21136 5.59404 3.38606 3.679 4.98315 5.07879 3.92853
threshold=7.8750000000000009 946.47500000000014 5.0825000000000014 41.500000000000007 6.4921527777777781 0.87750000000000017 6.4775000000000009 8.2475000000000023 0.52500000000000013 2.8375000000000008 2.5775000000000006 3.4925000000000006 5.5000000000000009 3.2250000000000005 2.4225000000000003 966.47500000000014 71.250000000000014 4.3725000000000014 2.5000000000000004 11.00902777777778 1.1351972055241923 6.8825000000000012 2.8556250000000007 0.16703293088491258 1.2411788004663677 0.41868842830916458 1.1975378958325107 12.092500000000003 0.60735453087586333 0.88681076523310554
decision_type=10 2 8 2 2 10 8 10 2 2 2 2 2 2 2 2 2 10 2 2 2 2 2 2 2 2 2 10 2 2
left_child=3 2 -2 4 -1 6 -6 10 -9 -10 11 -7 17 -14 22 16 18 -13 19 -16 21 -20 -12 -18 25 -25 27 28 -27 -30
right_child=1 -3 -4 -5 5 7 -8 8 9 -11 14 12 13 -15 15 -17 23 -19 20 -21 -22 -23 -24 24 -26 26 -28 -29 29 -31
leaf_value=-1.403127469880794e-06 -0.0023267331029096154 0.0028866982470181694 0.0016664978149387069 -1.2192049337028855e-05 -0.00025770083635266532 1.0591604050769632e-05 0.00172660289304843 -0.0014619307501563578 -0.0028059360532713576 0.0051263042662681585 0.00059846891904935236 -3.9281471364004095e-05 -0.00020754032006927301 -0.00056194286251673247 5.7411844907868275e-05 0.0045969520873846642 0.0011995800899844422 0.0025144400111810536 0.00079414474402057203 -0.0020679645493360279 0.0023627839523760277 -0.00042817775927835933 -0.00013064442723433433 0.00041643314147036452 -0.00069522935514079948 -0.00013994834634256285 6.4342197995780892e-05 0.002704150137850895 -0.0040940167869548596 -0.0034149386903932753
leaf_weight=50234 303 5943 385 14863 386 2523 2270 241 201 334 1214 650 272 274 953 792 657 229 4675 219 6840 2544 6987 1186 229 337 943 417 211 322
leaf_count=50234 303 5943 385 14863 386 2523 2270 241 201 334 1214 650 272 274 953 792 657 229 4675 219 6840 2544 6987 1186 229 337 943 417 211 322
internal_value=5.13941e-05 0.000936257 -0.0011342 -6.74193e-06 6.23369e-05 0.000282866 0.00141601 0.000192152 -0.00208963 -0.000361111 0.00024699 -0.000631419 -0.00194056 -0.00454083 0.000368652 0.000595426 0.00050563 -0.000308823 0.000734642 -0.000785047 0.000861562 0.000394103 -0.000193395 -0.000305085 -0.000653425 -0.000345513 -0.00103356 -0.00207353 -0.00336 -0.00516914
internal_weight=107634 6631 688 101003 86140 35906 2656 33250 776 535 32474 3948 1425 546 28526 20325 19533 879 15231 1172 14059 7219 8201 4302 3645 3416 2230 1287 870 533
internal_count=107634 6631 688 101003 86140 35906 2656 33250 776 535 32474 3948 1425 546 28526 20325 19533 879 15231 1172 14059 7219 8201 4302 3645 3416 2230 1287 870 533
is_linear=0
shrinkage=0.03


Tree=109
num_leaves=31
num_cat=0
split_feature=22 1 8 7 16 33 18 35 9 22 15 11 35 25 31 23 33 11 30 14 29 23 32 11 24 18 8 27 27 24
split_gain=5.51324 4.84936 5.78506 3.36529 3.67583 3.53593 3.58324 5.53824 3.15333 4.25091 4.50928 3.80541 5.90922 6.06008 6.23242 4.75606 3.7427 3.64479 5.92025 4.26994 3.07767 3.05357 3.05037 2.96053 2.81553 2.76625 3.76877 2.6865 2.99845 3.11045
threshold=12.246944444444447 17.675000000000004 18.500000000000004 41.500000000000007 7.267500000000001 0.73724926354828257 1.2325000000000004 57.250000000000007 1.0000000180025095e-35 5.1706944444444458 0.93000000000000049 7.2725000000000017 25.250000000000004 0.84250000000000014 1.2745276292335117 0.30411597351479402 0.17364817766693022 8.1375000000000028 6.325000000000002 0.70496453811522275 5.0125000000000011 0.019469600034940058 -0.95368063612909426 1.9675000000000005 3.0750000000000006 6.3275000000000015 7.5000000000000009 1.4829166666666669 2.3156250000000007 1.6750000000000005
decision_type=2 2 2 2 8 2 2 2 2 2 2 2 2 10 2 2 2 2 2 2 2 2 2 2 10 2 2 2 2 10
left_child=3 20 -3 4 8 6 7 -6 9 10 22 21 -13 -14 15 -15 -12 18 -16 -20 -2 -10 -1 -7 -23 26 -19 -24 29 -29
right_child=1 2 -4 -5 5 23 -8 -9 11 -11 16 12 13 14 17 -17 -18 25 19 -21 -22 24 27 -25 -26 -27 -28 28 -30 -31
leaf_value=1.9790345907282484e-05 -0.0011495621630712304 0.0016725448055114397 -0.0043245156810207607 -1.3070187031305469e-05 -0.00037324251223897804 1.8486805792840549e-05 2.6531923228206155e-05 2.170010513799391e-06 2.6471439985010634e-06 0.00021292762410534671 -2.9816937390369442e-06 0.0010705962576766585 5.564953823560195e-05 -0.00012936069375657687 -3.8059256463210627e-06 -0.0011077719973501834 -4.2285058144128759e-05 -0.00016168665820526758 -0.00060347579151775338 -0.00014806045354756229 0.004728190766264107 -4.5066284416818076e-06 4.68600354531465e-06 -4.1524299524012449e-05 8.1064824968105701e-06 9.5856888547320789e-05 -5.4566338265015639e-06 -2.2242597095754027e-05 8.1857126519538003e-06 3.5569922968795713e-06
leaf_weight=821 380 668 282 15083 200 225 38770 269 1836 1980 355 447 562 202 431 248 299 220 202 279 3657 28105 515 220 7006 885 317 1156 1497 597
leaf_count=821 380 668 282 15083 200 225 38770 269 1836 1980 355 447 562 202 431 248 299 220 202 279 3657 28105 515 220 7006 885 317 1156 1497 597
internal_value=4.02159e-05 0.00101382 -0.000910995 -7.09602e-06 6.41423e-05 0.000277709 0.000307996 -0.00228481 -0.000112582 0.000465052 1.71593e-05 -0.000214996 -0.00111927 -0.00155237 -0.00212549 -0.00534066 -0.00230349 -0.00149551 -0.00297056 -0.00524074 0.00146734 -0.000122023 0.000350251 -0.00236667 -0.000184446 -0.000542397 -0.00223063 -1.19362e-05 -0.000331797 -0.00117235
internal_weight=107714 4987 950 102727 87644 39684 39239 469 47960 7220 5240 40740 3793 3346 2784 450 654 2334 912 481 4037 36947 4586 445 35111 1422 537 3765 3250 1753
internal_count=107714 4987 950 102727 87644 39684 39239 469 47960 7220 5240 40740 3793 3346 2784 450 654 2334 912 481 4037 36947 4586 445 35111 1422 537 3765 3250 1753
is_linear=0
shrinkage=0.03


Tree=110
num_leaves=31
num_cat=0
split_feature=22 2 35 7 22 34 35 30 18 30 31 25 34 28 34 15 24 25 15 8 25 35 19 21 2 9 32 8 11 13
split_gain=5.92233 4.22124 7.38888 3.05138 3.53123 4.62794 5.02423 6.92551 6.3578 10.8837 6.00944 4.29724 5.94285 3.19362 6.41474 3.2102 3.07396 4.46277 4.32128 4.74727 4.18183 4.04002 5.8794 3.43125 5.04885 4.03902 5.10688 4.93503 3.32108 5.02206
threshold=12.246944444444447 1.1397007908824843 64.750000000000014 41.500000000000007 6.4921527777777781 965.07500000000016 52.750000000000007 4.6250000000000009 13.492500000000001 12.125000000000002 2.5855701880637114 4.682500000000001 957.42500000000018 0.93388246480579695 963.32500000000016 -2.0849999999999991 6.825000000000002 1.1275000000000002 0.0099999999999998996 3.5000000000000004 3.4575000000000005 57.250000000000007 4.722500000000001 1.5968615050570472 1.1699717286917328 3.5000000000000004 0.92384435400961407 8.5000000000000018 7.4375000000000009 8.7058333333333362
decision_type=2 2 2 2 2 2 2 2 2 2 2 10 2 2 2 2 8 10 2 2 8 2 10 2 2 2 2 2 2 2
left_child=3 2 -2 4 -1 6 7 10 13 11 -6 -10 -13 14 -8 -15 17 -17 -18 -20 -21 22 -19 24 -22 -25 -27 -28 -23 -30
right_child=1 -3 -4 -5 5 -7 8 -9 9 -11 -12 12 -14 15 -16 16 18 21 19 20 23 28 -24 25 -26 26 27 -29 29 -31
leaf_value=-1.5613603555826497e-06 0.0034444500753076802 0.0044906495031297672 -0.0056682317312913401 -1.2384889112637266e-05 -1.4602242539146714e-05 0.001422213213005533 0.00048968702457541065 0.00081576715876794487 0.0016131306858194311 -0.0030573503574667579 -0.00085270825622112015 -0.001283062954836982 0.0023317647153850724 -0.0016157352452042834 -0.00050623014845875059 0.00059329039824772831 0.00057857818262315006 -0.00064397733040717276 0.0010904794910295346 0.00031381521183372846 -0.0028499690761216727 -2.4011388597613791e-06 -0.00020034448014135902 6.7351378490137357e-05 -0.00017642221941100323 0.0020130327844345257 -0.00047960403911205958 -0.0018176071981152444 -0.00092983041170245336 -0.00013354138932017006
leaf_weight=50779 821 3937 231 14940 836 2213 3740 15312 474 320 225 331 208 286 218 788 3565 225 632 619 282 2399 239 1049 324 316 223 268 695 1124
leaf_count=50779 821 3937 231 14940 836 2213 3740 15312 474 320 225 331 208 286 218 788 3565 225 632 619 282 2399 239 1049 324 316 223 268 695 1124
internal_value=2.97983e-05 0.00103865 -0.000647114 -1.92916e-05 4.82355e-05 0.000271508 0.000186555 0.000568385 -0.000154664 -0.00214574 -0.00177017 -0.00061002 -0.00243199 2.11813e-06 0.000747918 -0.000224557 -0.000153376 -0.000690411 0.000250446 -0.000465573 -0.000951717 -0.00104203 -0.00368443 -0.00150547 -0.00345663 -0.000860827 -0.00244951 -0.00434879 -0.000747336 -0.00171217
internal_weight=107619 4989 1052 102630 87690 36911 34698 16373 18325 1333 1061 1013 539 16992 3958 13034 12748 5470 7278 3713 3081 4682 464 2462 606 1856 807 491 4218 1819
internal_count=107619 4989 1052 102630 87690 36911 34698 16373 18325 1333 1061 1013 539 16992 3958 13034 12748 5470 7278 3713 3081 4682 464 2462 606 1856 807 491 4218 1819
is_linear=0
shrinkage=0.03


Tree=111
num_leaves=31
num_cat=0
split_feature=22 29 2 35 28 2 16 8 27 2 19 30 35 15 25 25 2 34 19 34 34 34 29 18 13 19 34 18 25 34
split_gain=6.49377 3.57901 3.13805 4.57059 3.55545 3.7043 3.40593 2.82038 4.54632 4.39459 4.52429 6.70345 4.52119 5.23786 5.13901 4.01127 3.92226 4.37235 3.81643 3.48024 3.39827 5.1133 7.15969 5.5156 4.13444 3.37469 3.69875 5.39633 3.28558 5.12553
threshold=12.246944444444447 5.0125000000000011 1.1369552327118126 59.250000000000007 2.5793886544251405 1.2071645822840524 12.867500000000001 13.500000000000002 5.8981250000000012 1.1351972055241923 8.4075000000000024 15.525000000000002 52.750000000000007 0.094999999999999876 3.4375000000000009 6.4525000000000015 1.203426890226911 964.92500000000018 3.6775000000000007 949.52500000000009 968.62500000000011 961.52500000000009 3.3675000000000006 9.0125000000000028 3.8033333333333341 3.1025000000000005 952.02500000000009 10.987500000000002 6.1525000000000007 945.77500000000009
decision_type=2 2 2 2 2 2 10 2 2 2 10 2 2 2 8 10 2 2 8 2 2 2 2 2 2 10 2 2 10 2
left_child=7 -2 3 -3 -4 6 -6 8 -1 10 11 28 14 19 18 20 25 -18 -11 -14 21 -15 23 24 -23 26 27 -10 -9 -30
right_child=1 2 4 -5 5 -7 -8 9 16 12 -12 -13 13 15 -16 -17 17 -19 -20 -21 -22 22 -24 -25 -26 -27 -28 -29 29 -31
leaf_value=-4.461576046025147e-06 -0.0016623759057663365 0.0035248199794155489 0.004680748746453565 -0.0047713946477849706 -0.0028463535722652255 -0.0037380330128607055 0.0047133418760307915 -2.6594416820507073e-06 0.0012394991666464321 1.6001645964772308e-05 0.0041073024679663395 -0.0037980794816225866 -0.00013882629494092137 1.9811493916750231e-06 0.00069080605112079691 -0.0012520923658800481 -0.0023225701531082686 0.001580497085531909 -9.1390180645885282e-06 1.3732584367844343e-05 0.0034885853384301071 -4.019625408343585e-05 0.00024692428003905497 -0.0011384576408938897 4.3813009535695959e-05 0.0051669274340142204 0.0049637563483692698 -0.0038802717303190581 0.0010147159424825148 -0.0016911827225209637
leaf_weight=56714 380 747 2410 208 229 274 789 18615 272 492 694 354 375 4418 4129 249 277 203 1539 8992 322 617 715 319 291 1647 558 205 281 504
leaf_count=56714 380 747 2410 208 229 274 789 18615 272 492 694 354 375 4418 4129 249 277 203 1539 8992 322 617 715 319 291 1647 558 205 281 504
internal_value=1.80573e-05 0.00106922 0.00129794 -0.000234375 0.00169301 0.000420972 0.00125513 -3.35061e-05 -0.00016653 0.000152129 -0.000166039 -0.000249911 0.000441793 0.000179967 0.00113382 -0.000445069 0.000939691 -0.00154639 -0.00010167 0.000642446 -0.000304172 -0.000457188 -0.00173806 -0.00312419 -0.00191238 0.00138668 4.32693e-05 -0.00188589 -0.000174697 -0.00206962
internal_weight=107819 5037 4657 955 3702 1292 1018 102782 59876 42906 20448 19754 22458 16298 6160 6931 3162 480 2031 9367 6682 6360 1942 1227 908 2682 1035 477 19400 785
internal_count=107819 5037 4657 955 3702 1292 1018 102782 59876 42906 20448 19754 22458 16298 6160 6931 3162 480 2031 9367 6682 6360 1942 1227 908 2682 1035 477 19400 785
is_linear=0
shrinkage=0.03


Tree=112
num_leaves=31
num_cat=0
split_feature=22 21 35 19 30 24 18 27 8 2 10 8 9 21 35 8 10 20 33 21 10 35 34 33 28 9 34 33 19 21
split_gain=6.18643 3.35135 5.79461 5.07475 3.34984 3.06113 3.91739 3.44748 4.08465 3.21071 7.57618 5.74545 5.49403 9.98073 4.99691 5.34526 7.65918 10.5059 5.93301 7.17067 5.51755 6.03363 4.63699 5.73632 4.09608 3.61417 3.57746 4.10456 2.97629 2.88554
threshold=11.26215277777778 2.4957289329603749 73.250000000000014 9.5025000000000013 13.525000000000002 3.5250000000000008 14.537500000000001 6.6293750000000005 14.500000000000002 1.0880881565731924 7.5000000000000009 10.500000000000002 3.5000000000000004 1.8076146805301858 46.250000000000007 7.5000000000000009 5.5000000000000009 5.5335416666666681 0.39873388578253682 1.1160290461258511 6.5000000000000009 38.750000000000007 946.87500000000011 0.87032255546191739 2.2665546048524967 3.5000000000000004 948.67500000000018 -0.23343647497176648 4.1375000000000011 1.5862298063166997
decision_type=2 2 2 10 2 10 2 2 2 2 2 2 2 2 2 2 2 2 2 2 2 2 2 2 2 2 2 2 8 2
left_child=5 -2 -3 4 -4 7 -7 9 -9 10 11 -1 -12 -14 15 16 -11 26 24 -20 -19 -22 -21 29 -17 -26 27 -18 -13 -24
right_child=1 2 3 -5 -6 6 -8 8 -10 14 12 28 13 -15 -16 18 17 20 19 22 21 -23 23 -25 25 -27 -28 -29 -30 -31
leaf_value=-4.0220186802004242e-05 0.0034276399629261686 0.00188729706650743 -0.0022667139834905109 0.0010355668855593903 -0.005400164884149611 1.3207406813373328e-05 -0.0020910556388541758 2.5376313751326595e-05 -0.0032748524366329212 1.0773963221885982e-05 2.014948762595694e-05 1.4837756853762168e-06 -0.0002908195334341097 1.3465388054638306e-05 -1.8824815771596724e-07 3.2170469457055147e-06 9.108782708705893e-06 -0.00029807207417109795 1.4226060994215822e-06 2.0137129945627799e-06 -0.00079683380138889529 -2.1541659356198329e-05 -2.4865348052854519e-05 9.1378792020578684e-06 -0.0016390585237799535 9.1100188423082345e-05 -9.6852146173923067e-06 -2.3458978745677476e-05 0.00033789163729505266 -5.6024745125990929e-05
leaf_weight=440 5044 2669 214 219 204 28283 306 223 209 1374 832 1480 384 318 43989 10494 1324 364 1211 514 301 503 542 313 559 402 286 407 3298 860
leaf_count=440 5044 2669 214 219 204 28283 306 223 209 1374 832 1480 384 318 43989 10494 1324 364 1211 514 301 503 542 313 559 402 286 407 3298 860
internal_value=2.74982e-05 0.00081149 6.88615e-05 -0.00249065 -0.00441135 -3.852e-05 0.000223369 -0.000144538 -0.00280092 -0.000127991 0.00049371 0.00103848 -0.00135673 -0.00330127 -0.00019419 -0.000594481 -0.00149277 -0.00229937 -0.000319127 -0.00141074 -0.00455754 -0.00313721 -0.00241853 -0.0031657 9.16242e-06 -0.00186025 -0.000983679 -0.000464862 0.001341 -0.00398294
internal_weight=107566 8350 3306 637 418 99216 28589 70627 432 70195 6752 5218 1534 702 63443 19454 4559 3185 14895 3440 1168 804 2229 1715 11455 961 2017 1731 4778 1402
internal_count=107566 8350 3306 637 418 99216 28589 70627 432 70195 6752 5218 1534 702 63443 19454 4559 3185 14895 3440 1168 804 2229 1715 11455 961 2017 1731 4778 1402
is_linear=0
shrinkage=0.03


Tree=113
num_leaves=31
num_cat=0
split_feature=16 24 19 18 18 28 8 16 9 27 28 31 8 22 30 19 8 11 2 19 18 4 31 2 27 24 26 10 32 18
split_gain=6.39212 5.1348 3.37223 4.48728 3.32687 3.2515 3.3049 3.72601 3.1219 4.40434 4.24764 3.00465 3.51522 3.97224 2.58181 2.51655 2.3616 3.57357 3.23991 4.69151 4.30343 3.98623 5.15854 10.648 7.62897 4.59082 3.56714 3.37243 3.51844 3.36088
threshold=9.8525000000000027 7.9750000000000005 4.9175000000000013 8.3625000000000025 12.147500000000003 2.3559154250555863 18.500000000000004 13.207500000000001 2.5000000000000004 4.9906250000000014 1.1656721951525117 1.285254828180604 8.5000000000000018 10.53204166666667 15.525000000000002 6.642500000000001 13.500000000000002 6.8675000000000006 1.1315036106578964 2.1875000000000004 3.5725000000000007 0.099454301628495598 1.6411453312769104 1.1089058206799027 2.7020833333333338 0.37500000000000006 2.9625000000000004 11.500000000000002 -0.99535829673000931 1.1675000000000002
decision_type=8 10 8 2 2 2 2 10 2 2 2 2 2 2 2 10 2 2 2 10 2 2 2 2 2 10 2 2 2 2
left_child=4 2 3 -2 16 -4 7 11 10 -10 -6 -7 -13 -14 -8 -12 18 -18 19 21 29 -1 25 24 -24 -23 -27 28 -22 -20
right_child=1 -3 5 -5 8 6 14 -9 9 -11 15 12 13 -15 -16 -17 17 -19 20 -21 27 22 23 -25 -26 26 -28 -29 -30 -31
leaf_value=1.1552039835457418e-06 -0.00014868758524964927 0.0042764185405131426 3.1497437260368552e-05 7.7919857139672678e-06 -0.0010089488193663117 0.00071925362530057173 -0.00079558740213481519 0.004173193576549313 0.00022184767740315688 -0.0012145239474589153 -0.001738738623386878 -8.5777663074231849e-05 -0.001014883800363921 -0.0040683084147860385 -0.0074098539252453605 0.0083235799558189459 -1.7383947757045569e-06 0.00017288920733002011 -5.9190280784559951e-06 2.0187191326899394e-05 -5.3917443029205775e-05 3.1857802027548104e-05 -2.3610937907754739e-05 -1.0786570002178595e-05 -0.00029482465931963649 -0.00012325291181510857 -6.6076874416984726e-06 5.0893572637582508e-06 -1.4110833619308677e-05 2.3016210108004206e-06
leaf_weight=7572 203 4754 19286 274 234 723 255 736 641 361 419 429 221 302 217 203 24655 8681 1618 6295 600 1937 203 1130 235 375 449 2476 16332 5888
leaf_count=7572 203 4754 19286 274 234 723 255 736 641 361 419 429 221 302 217 203 24655 8681 1618 6295 600 1937 203 1130 235 375 449 2476 16332 5888
internal_value=1.59876e-05 0.000411604 0.000223302 -0.00225934 -0.000119015 0.000277217 -0.000661703 -0.000209851 -0.00137198 -0.000232373 -0.00269686 -0.000991071 -0.00209404 -0.00373295 -0.0029434 -0.00137799 -8.92531e-05 0.000102217 -0.000230744 7.84573e-05 -0.000439764 -0.00027188 -0.000997462 -0.00236872 -0.00631151 -0.000215835 -0.00208444 -0.00067563 -0.000826829 0.000170151
internal_weight=107704 27400 22646 477 80304 22169 2883 2411 1858 1002 856 1675 952 523 472 622 78446 33336 45110 18196 26914 11901 4329 1568 438 2761 824 19408 16932 7506
internal_count=107704 27400 22646 477 80304 22169 2883 2411 1858 1002 856 1675 952 523 472 622 78446 33336 45110 18196 26914 11901 4329 1568 438 2761 824 19408 16932 7506
is_linear=0
shrinkage=0.03


Tree=114
num_leaves=31
num_cat=0
split_feature=12 34 31 27 19 26 1 34 17 30 28 29 20 34 34 8 4 1 22 19 1 12 19 32 32 30 25 29 31 25
split_gain=5.06833 5.95192 8.9445 7.11867 8.56503 5.52516 5.30801 5.33852 7.70131 4.64689 3.00639 4.24523 2.87734 3.307 3.93484 7.14402 9.48612 9.72921 5.93874 5.01429 3.26563 3.15589 3.13443 14.0233 3.87599 6.11279 3.37177 8.12985 5.07438 3.12679
threshold=10.537500000000001 948.57500000000016 1.5107132517164368 5.5829166666666676 0.97250000000000014 3.7575000000000007 -1.8749999999999998 956.92500000000018 8.052500000000002 14.425000000000002 2.9556555947591319 10.997500000000002 1.8181666666666669 942.67500000000018 944.72500000000014 7.5000000000000009 0.058175651637228695 24.825000000000006 3.4635000000000002 4.7975000000000012 37.025000000000006 6.8275000000000015 9.7025000000000023 0.99687937417578498 0.99140711019144634 5.2750000000000012 5.7775000000000007 5.0925000000000011 2.134058829001785 3.1625000000000005
decision_type=8 2 2 2 10 2 2 2 10 2 2 2 2 2 2 2 2 2 2 10 2 10 10 2 2 2 10 2 2 10
left_child=12 2 3 -2 -5 6 -3 8 9 -8 -7 -12 29 20 15 16 -15 19 -17 -18 21 -14 24 -24 -16 -26 -27 28 -28 -1
right_child=1 5 -4 4 -6 10 7 -9 -10 -11 11 -13 13 14 22 18 17 -19 -20 -21 -22 -23 23 -25 25 26 27 -29 -30 -31
leaf_value=2.3762030725586571e-06 7.9125579697177711e-05 -0.0013349286796174547 0.001311206413986857 -0.0076939836964164598 -0.00040947768632267897 0.0038849751494627878 0.00093690945664248542 0.005612503638500339 -0.0033331383685431923 -0.003514910362819861 0.0049803596027338456 -0.0036948449265898696 7.1351415483891609e-06 3.9106356979676237e-07 -3.49127701777614e-06 -3.0119568896494197e-05 -1.6808793374067041e-05 -0.00019929010435471901 1.3365668408147595e-05 -0.0010104215193252775 -2.5460220732968342e-05 0.0010023162828904225 0.0012804320733199297 -0.0017421239148356807 -4.5675099050161264e-06 0.0011855915837131858 -0.0031515945450752477 0.0071501641358562573 0.0013683916051291367 -3.4622467028617814e-06
leaf_weight=3255 292 414 1226 260 293 4525 1119 1216 289 314 485 374 5010 834 68180 646 536 339 3193 219 633 1408 414 269 5910 4377 356 417 234 605
leaf_count=3255 292 414 1226 260 293 4525 1119 1216 289 314 485 374 5010 834 68180 646 536 339 3193 219 633 1408 414 269 5910 4377 356 417 234 605
internal_value=3.51706e-05 0.000651221 -0.000793352 -0.00315882 -0.00514516 0.000993937 3.75336e-05 0.000487258 -0.000587145 0.000319193 0.00158879 -3.81943e-05 -3.3612e-05 -6.69498e-05 -0.000118214 -0.00087474 -0.00236213 -0.0041929 -0.00012565 -0.00226974 0.000557398 0.000760392 -6.37333e-05 -0.00207994 -4.62763e-05 0.00046836 0.00119911 -0.000364624 -0.00262185 0.000768435
internal_weight=107642 10807 2071 845 553 8736 3352 2938 1722 1433 5384 859 96835 92975 85924 5767 1928 1094 3839 755 7051 6418 80157 683 79474 11294 5384 1007 590 3860
internal_count=107642 10807 2071 845 553 8736 3352 2938 1722 1433 5384 859 96835 92975 85924 5767 1928 1094 3839 755 7051 6418 80157 683 79474 11294 5384 1007 590 3860
is_linear=0
shrinkage=0.03


Tree=115
num_leaves=31
num_cat=0
split_feature=16 26 34 31 26 28 12 10 35 19 24 34 35 19 15 35 19 26 26 33 30 10 34 24 35 18 34 30 26 33
split_gain=5.57839 5.36345 6.46211 3.94151 6.10346 5.13531 4.50653 3.74263 3.54519 3.2531 5.65357 5.3142 6.42491 4.89696 6.2716 3.95523 3.42549 6.21941 6.36882 4.42101 3.81949 9.5167 3.90328 3.42476 3.57663 3.42009 5.97353 6.49978 3.59091 3.19714
threshold=10.902500000000002 2.7225000000000006 950.12500000000011 1.9264231375742982 5.7025000000000015 2.9556555947591319 16.657500000000002 8.5000000000000018 51.750000000000007 3.4375000000000004 9.1750000000000025 952.22500000000014 88.750000000000014 9.0675000000000026 0.0099999999999998996 12.250000000000002 6.3325000000000005 3.6225000000000005 4.5225000000000009 0.026175951569892341 11.025000000000002 5.5000000000000009 957.92500000000018 2.6750000000000007 40.750000000000007 9.0125000000000028 962.12500000000011 6.2250000000000005 1.3625000000000005 0.26722820045975998
decision_type=10 2 2 2 2 2 10 2 2 10 10 2 2 10 2 2 10 2 2 2 2 2 2 10 2 2 2 2 2 2
left_child=9 -2 7 5 8 -4 -7 29 -5 10 -1 15 13 16 -15 -11 20 -18 19 -19 22 -22 -13 -17 -25 28 -27 -28 -24 -3
right_child=1 2 3 4 -6 6 -8 -9 -10 11 -12 12 -14 14 -16 23 17 18 -20 -21 21 -23 25 24 -26 26 27 -29 -30 -31
leaf_value=-3.0335740386401575e-06 -0.00033946804885417472 -0.00067638379559502521 0.0040805703872662021 0.0045473613046221762 -0.0015714955362194556 0.0022981828510961542 -0.0093138384186744905 0.0016410575494605177 6.1358858562250351e-05 -0.0001115982185025008 -0.0023551320184958158 -3.7960642533211488e-05 0.00035364200251164599 0.0017857064633871938 -0.0032873019162670911 8.9374969480816598e-06 0.00206114650470563 -0.003145093098486556 0.00096107172507885609 -1.4897298510267377e-05 -0.001366645442232666 0.001508572340237132 -3.9073353842157245e-05 0.001654077840509992 0.00011458307807290605 1.6356804247636587e-05 -0.00080230691903637773 -0.00010440211781573473 4.4453185861767494e-05 -0.0053360384198200975
leaf_weight=65842 2884 1860 6064 997 368 737 215 539 2691 238 204 3752 951 200 200 5596 2505 341 543 226 288 225 407 3153 2864 939 202 286 1969 215
leaf_count=65842 2884 1860 6064 997 368 737 215 539 2691 238 204 3752 951 200 200 5596 2505 341 543 226 288 225 407 3153 2864 939 202 286 1969 215
internal_value=1.87246e-05 0.000524887 0.000772624 0.00108928 0.00034425 0.00151944 -0.000526646 -0.000568156 0.000713241 -7.35351e-05 -0.000183676 0.000218763 -0.000199248 -0.000386416 -0.00362963 0.000678391 -0.000273871 0.000493094 -0.0013722 -0.00358217 -0.000617614 -0.00311004 -0.000446428 0.000757359 0.0012539 0.00023083 -0.000928072 -0.00360243 0.000927342 -0.00114663
internal_weight=107501 16570 13686 11072 4056 7016 952 2614 3688 90931 66046 24885 13034 12083 400 11851 11683 3615 1110 567 8068 513 7555 11613 6017 3803 1427 488 2376 2075
internal_count=107501 16570 13686 11072 4056 7016 952 2614 3688 90931 66046 24885 13034 12083 400 11851 11683 3615 1110 567 8068 513 7555 11613 6017 3803 1427 488 2376 2075
is_linear=0
shrinkage=0.03


Tree=116
num_leaves=31
num_cat=0
split_feature=16 26 34 2 34 32 23 9 9 5 34 25 19 35 3 26 24 18 19 21 23 34 28 34 19 16 24 12 18 25
split_gain=5.42098 4.57435 3.89082 5.00705 5.36022 5.29862 12.3836 4.11481 6.88056 10.2495 5.37049 5.41759 3.96198 3.55279 3.50468 3.46627 5.46415 3.23193 3.17583 4.55524 4.09551 3.79405 5.02471 3.09799 3.3818 4.73045 3.03413 2.98966 2.92627 2.90674
threshold=10.782500000000002 2.5125000000000006 950.12500000000011 1.1897749778616504 965.07500000000016 0.99809679250719918 0.86279639905912575 2.5000000000000004 3.5000000000000004 0.89625221675803857 958.02500000000009 6.5725000000000007 8.7975000000000012 19.250000000000004 9.0959706636225821 2.3525000000000005 5.5750000000000011 8.8675000000000015 3.4375000000000004 2.4338596748004551 0.021734986252937873 952.22500000000014 0.37452191730644352 959.72500000000014 5.1175000000000006 8.4175000000000022 9.1750000000000025 8.3375000000000021 1.0525000000000004 4.1625000000000005
decision_type=10 2 2 2 2 2 2 2 2 2 2 8 10 2 2 2 10 2 10 2 2 2 2 2 10 10 10 10 2 10
left_child=18 15 12 17 5 7 -7 -5 9 14 -10 27 13 -3 -9 -2 -17 -4 20 21 -1 -20 -23 24 25 -24 -22 -12 -21 -30
right_child=1 2 3 4 -6 6 -8 8 10 -11 11 -13 -14 -15 -16 16 -18 -19 19 28 26 22 23 -25 -26 -27 -28 -29 29 -31
leaf_value=1.8307628911054506e-06 -0.00012889005311677893 -0.0049144823068477733 -0.00059443257188413411 0.0024984433786556614 0.0049966439875304743 0.002608933248679991 -0.0024349621040581568 -0.0026875462427574516 0.0023571598208346339 -0.0053784312074001174 -0.0022789713083997314 -0.0034793695896947982 0.0040281678928621089 -0.00033416106396492285 0.0028735906672937368 -5.656181585343478e-05 -0.0031553918927252483 0.0040339594389704348 0.00020090779396858132 -0.00020854465055736524 -4.7365659807029056e-06 -0.00027741937938584364 -1.0768204309985814e-05 5.111560297168084e-05 0.00033787606313551507 -0.00026627242729913744 -0.0022844780579409419 0.0012277819118275625 4.2249471920689536e-06 -0.00020918209641713239
leaf_weight=4243 1850 233 420 1589 1346 232 258 218 1071 200 239 238 717 1959 212 278 201 5740 8510 226 61344 307 2259 3481 3879 320 203 410 3591 1935
leaf_count=4243 1850 233 420 1589 1346 232 258 218 1071 200 239 238 717 1959 212 278 201 5740 8510 226 61344 307 2259 3481 3879 320 203 410 3591 1935
internal_value=3.06089e-05 0.000515216 0.000706304 0.00094178 0.000325524 -0.000156036 -0.00309091 0.000191535 -0.000546085 -0.00325984 0.000333164 -0.00138901 -0.000278998 -0.000912153 -0.00062069 -0.00072108 -0.0029814 0.00154258 -6.28549e-05 0.000228613 -0.000171441 0.000455093 6.614e-05 0.000183729 -0.000205168 -0.00104605 -0.000233607 4.12845e-05 -0.00050964 -0.000371
internal_weight=107709 17411 15082 12173 6013 4667 490 4177 2588 630 1958 887 2909 2192 430 2329 479 6160 90298 24508 65790 18756 10246 9939 6458 2579 61547 649 5752 5526
internal_count=107709 17411 15082 12173 6013 4667 490 4177 2588 630 1958 887 2909 2192 430 2329 479 6160 90298 24508 65790 18756 10246 9939 6458 2579 61547 649 5752 5526
is_linear=0
shrinkage=0.03


Tree=117
num_leaves=31
num_cat=0
split_feature=16 21 24 28 29 24 24 21 35 27 9 35 35 20 27 27 7 24 2 18 15 26 34 20 2 9 9 1 26 34
split_gain=5.43971 5.60262 3.45847 3.19854 2.93321 3.24885 2.75414 4.05932 4.4076 3.80634 3.40829 3.59351 4.66694 5.16546 8.23864 12.04 3.04428 3.26103 2.99286 2.71861 5.09587 3.04944 5.08317 2.71463 2.70755 3.8366 7.91947 4.21384 6.65672 3.42663
threshold=11.557500000000003 1.9703603200891575 7.9250000000000016 3.1194744430847416 8.7725000000000026 7.4750000000000005 3.5250000000000008 2.815638617161123 21.750000000000004 6.8070833333333356 2.5000000000000004 89.250000000000014 77.250000000000014 7.4441666666666668 4.417083333333335 3.7306250000000007 40.500000000000007 9.2750000000000021 1.2737186211814968 3.2525000000000008 0.21250000000000038 1.2575000000000003 954.72500000000014 3.1935416666666669 1.0880881565731924 3.5000000000000004 4.5000000000000009 31.925000000000008 3.1025000000000005 943.47500000000014
decision_type=10 2 10 2 2 10 10 2 2 2 2 2 2 2 2 2 2 10 2 2 2 2 2 2 2 2 2 2 2 2
left_child=6 -2 3 4 5 -3 9 10 -9 18 -8 12 16 -14 15 -15 17 19 24 20 23 22 -21 -12 25 -1 27 -27 -29 -28
right_child=1 2 -4 -5 -6 -7 7 8 -10 -11 11 -13 13 14 -16 -17 -18 -19 -20 21 -22 -23 -24 -25 -26 26 29 28 -30 -31
leaf_value=3.4778692618244907e-05 0.0035193510539345079 3.4059711907159135e-06 0.0047602789446192116 -0.0050196087715699183 0.0044599941538658212 -0.0019769456947438058 4.5264403479429479e-05 -0.00019355189279088438 -2.0371276689992511e-05 -0.0031349166894193278 -9.8849148792876967e-06 0.0010134895347373113 1.0254298577445104e-05 -0.00057518719688398384 0.00013960774147586395 -0.0014972725612827805 -0.00012237433415459106 -0.0031434631949485326 1.9977148430499986e-05 0.00058267550593420995 3.0632130261618346e-05 0.00015989412990259793 -3.8700527685896137e-05 -6.128912014366886e-05 -3.3578064530670828e-06 1.1832062030474859e-05 3.8077407811961685e-05 -0.00014870495899656433 -5.4189074601485694e-05 -2.8172760991479576e-05
leaf_weight=3758 3715 5166 2203 261 480 402 9345 214 4447 335 200 612 975 244 431 244 1529 203 333 224 241 6980 247 201 61371 262 1119 262 467 858
leaf_count=3758 3715 5166 2203 261 480 402 9345 214 4447 335 200 612 975 244 431 244 1529 203 333 224 241 6980 247 201 61371 262 1119 262 467 858
internal_value=3.40713e-05 0.000629578 0.000205002 -0.000152518 -1.09036e-05 -0.000205634 -4.25204e-05 0.000218321 -0.000584441 -0.000142431 0.000391034 6.34729e-05 -5.39917e-05 -0.00141548 -0.00302273 -0.0056714 0.000209054 0.000435851 -0.000126689 0.000530872 -0.00133539 0.000692463 -0.00163235 -0.00339163 -0.000140657 0.000430545 -0.000375378 -0.00255723 -0.00372343 0.000721998
internal_weight=107329 12227 8512 6309 6048 5568 95102 26337 4661 68765 21676 12331 11719 1894 919 488 9825 8296 68430 8093 642 7451 471 401 68097 6726 2968 991 729 1977
internal_count=107329 12227 8512 6309 6048 5568 95102 26337 4661 68765 21676 12331 11719 1894 919 488 9825 8296 68430 8093 642 7451 471 401 68097 6726 2968 991 729 1977
is_linear=0
shrinkage=0.03


Tree=118
num_leaves=31
num_cat=0
split_feature=22 14 29 10 28 9 9 15 10 26 33 4 6 1 32 22 34 34 1 22 26 35 32 8 33 33 14 26 33 18
split_gain=4.66326 5.24647 5.23349 6.45505 3.92944 6.20214 3.17848 2.94645 2.81389 3.31055 2.6257 4.87207 2.51418 2.34713 3.77855 2.1955 3.97487 2.98563 4.4762 3.57611 3.54519 4.67009 3.42223 3.00218 5.65579 5.3017 3.99613 3.52563 2.99745 8.16429
threshold=10.921125000000002 0.67352307557598701 5.0125000000000011 2.5000000000000004 2.3559154250555863 2.5000000000000004 3.5000000000000004 -0.81999999999999884 11.500000000000002 3.3825000000000003 0.087155742747658027 0.78547439117695583 2.5000000000000004 18.125000000000004 -0.92384435400961384 5.8277777777777784 942.52500000000009 947.77500000000009 26.925000000000004 10.188944444444447 3.3675000000000006 52.250000000000007 0.99535829673000953 6.5000000000000009 0.11319890333640049 0.31729257441605191 0.58286647985051887 4.0275000000000007 0.026175951569892341 10.867500000000001
decision_type=2 2 2 2 2 2 2 2 2 2 2 2 2 2 2 2 2 2 2 2 2 2 2 2 2 2 2 2 2 2
left_child=12 2 3 -2 10 -6 -7 -8 13 -10 11 -3 15 -4 -15 -1 -17 19 20 -18 22 -22 -19 24 -23 26 27 -26 29 -25
right_child=1 4 8 -5 5 6 7 -9 9 -11 -12 -13 -14 14 -16 16 17 18 -20 -21 21 23 -24 28 25 -27 -28 -29 -30 -31
leaf_value=-1.1635551663562423e-06 -0.0012176727664983129 -0.0022979262287827285 0.0039625420126385043 0.00039286485766581666 0.0019133497095797935 -0.0075278010072214047 -0.0031891751097232351 -0.00033922311164277683 -0.0029139537670928692 0.003846738113606358 0.0041290105917195698 0.0010384852144205081 -1.2863911421573132e-05 0.0046434473328098155 -0.002257249254812764 0.0011492907183920458 -3.6002255673136496e-05 2.4868967871445956e-05 0.002803420097563283 -0.0030534724286380931 0.00028924075332796497 0.00021936315632631112 0.00076810955601056561 -0.00054695643397482399 0.00066057054873258593 0.00047490298304335763 -0.00074989952622847654 -0.00040667208619768653 -1.2111112339575555e-05 -0.0015593533464694268
leaf_weight=45337 317 216 3305 1073 732 240 222 499 234 705 537 1063 12348 571 338 1985 6487 17670 1191 368 3895 1592 2501 1002 216 345 275 437 1353 486
leaf_count=45337 317 216 3305 1073 732 240 222 499 234 705 537 1063 12348 571 338 1985 6487 17670 1191 368 3895 1592 2501 1002 216 345 275 437 1353 486
internal_value=2.09216e-05 0.000635975 0.0011376 -0.000494624 -0.000299658 -0.00133746 -0.00291615 -0.00189669 0.00157794 9.21611e-05 0.000668863 -7.24298e-05 -4.2526e-05 0.00190851 0.000554705 1.55031e-05 0.00017808 0.000109299 0.000234726 -0.000456997 0.000162407 -0.000311992 0.000388234 -0.000858343 -0.000172474 -0.00165962 -0.00283601 -0.00153647 -0.00154849 -0.00247555
internal_weight=107540 10052 6543 1390 3509 1693 961 721 5153 939 1816 1279 97488 4214 909 85140 39803 37818 30963 6855 29772 9601 20171 5706 2865 1273 928 653 2841 1488
internal_count=107540 10052 6543 1390 3509 1693 961 721 5153 939 1816 1279 97488 4214 909 85140 39803 37818 30963 6855 29772 9601 20171 5706 2865 1273 928 653 2841 1488
is_linear=0
shrinkage=0.03


Tree=119
num_leaves=31
num_cat=0
split_feature=27 19 8 1 3 29 9 1 34 2 21 14 29 18 16 16 34 19 34 34 18 19 23 34 34 9 1 8 18 10
split_gain=6.16097 8.21399 3.74804 5.93601 4.40969 3.30033 4.10341 3.14308 3.10762 4.96322 2.96667 2.55518 2.48673 2.42885 3.16264 2.72654 4.23356 3.58815 6.20912 7.99495 8.35479 3.72503 3.55971 3.45295 4.51083 4.85612 5.08878 7.41831 3.88321 5.28699
threshold=6.1943750000000009 7.8525000000000009 16.500000000000004 18.425000000000004 10.930035001444507 8.5125000000000011 4.5000000000000009 -2.0749999999999993 964.92500000000018 1.2082683260917315 0.91835201107227815 0.48120508448395699 6.7625000000000011 16.012500000000006 12.582500000000001 9.9025000000000016 967.97500000000014 9.2775000000000016 952.72500000000014 957.92500000000018 13.277500000000002 4.5875000000000012 0.021734986252937873 953.22500000000014 958.62500000000011 5.5000000000000009 17.075000000000006 6.5000000000000009 10.412500000000001 11.500000000000002
decision_type=2 10 2 2 2 2 2 2 2 2 2 2 2 2 10 8 2 10 2 2 2 8 2 2 2 2 2 2 2 2
left_child=5 2 8 -4 -5 10 -7 -3 9 11 -1 -2 -9 15 -15 22 17 21 -19 20 -20 -17 -12 -24 25 26 -25 -28 -26 -30
right_child=1 7 3 4 -6 6 -8 12 -10 -11 13 -13 -14 14 -16 16 -18 18 19 -21 -22 -23 23 24 28 -27 27 -29 29 -31
leaf_value=2.4918152883697485e-06 0.0035727629392774407 -0.001024229846127836 0.00094494525313010812 -0.00063674892064444905 -0.0051442147002482659 -0.002533182837570396 0.00057104330463541631 -0.00013060177640631036 0.0048272175131039326 -0.0044266201503861489 1.0934832738794341e-05 -0.00032904641829349266 0.0044049699412822474 -0.0026280164339275479 0.00048924653871875942 -6.1887555254750258e-05 0.006048879996327557 0.0054652427568283131 -0.0017934273054682594 0.0019388774785293371 -0.0025654605520770129 3.888318656957816e-05 -1.1027386438603598e-07 -1.163925507461647e-05 1.3571647792497724e-06 1.4066410885445009e-05 -7.3844072719330116e-05 -4.2011157086110255e-05 -0.00051302978606701088 0.0015908421528599691
leaf_weight=14683 1401 414 615 202 229 501 310 260 430 206 1421 1840 2843 203 221 324 493 372 280 208 266 15847 33922 9505 14049 1864 268 2739 1274 369
leaf_count=14683 1401 414 615 202 229 501 310 260 430 206 1421 1840 2843 203 221 324 493 372 280 208 266 15847 33922 9505 14049 1864 268 2739 1274 369
internal_value=2.14478e-05 0.00079929 7.91407e-06 -0.00158135 -0.00425917 -4.48225e-05 -0.00194485 0.00190545 0.000438176 0.000136443 -2.905e-05 0.000426063 0.00223263 -9.81106e-05 -0.00234965 -8.64961e-05 0.000242765 0.000164201 -0.0014695 -0.00302767 -0.00492196 0.000278375 -0.000176058 -0.000209079 -0.000443122 -0.000826924 -0.00103971 -0.00211454 -9.13549e-05 -0.00146905
internal_weight=107559 8440 4923 1046 431 99119 811 3517 3877 3447 98308 3241 3103 83625 424 83201 17790 17297 1126 754 546 16171 65411 63990 30068 14376 12512 3007 15692 1643
internal_count=107559 8440 4923 1046 431 99119 811 3517 3877 3447 98308 3241 3103 83625 424 83201 17790 17297 1126 754 546 16171 65411 63990 30068 14376 12512 3007 15692 1643
is_linear=0
shrinkage=0.03


Tree=120
num_leaves=31
num_cat=0
split_feature=16 34 31 19 26 33 12 19 25 35 30 26 26 18 26 19 10 33 14 19 33 26 18 28 10 11 11 35 1 10
split_gain=5.06513 6.32767 4.3327 4.19956 3.39565 3.36267 4.33921 9.68813 5.44315 4.90128 4.60441 7.83349 4.16162 6.81111 4.09171 3.5083 3.14643 2.81216 3.61275 2.50011 2.5959 5.8739 2.52014 2.40398 2.33972 3.07606 5.61746 4.67866 7.10253 5.97381
threshold=9.9025000000000016 950.22500000000014 1.3892775624797002 8.6525000000000016 6.1275000000000004 0.35019404643548474 10.177500000000002 9.2775000000000016 6.7025000000000015 48.250000000000007 18.825000000000006 6.8975000000000009 3.2025000000000006 12.672500000000001 1.9575000000000002 6.722500000000001 4.5000000000000009 0.21643137258081221 0.35108166191544332 8.2225000000000019 0.017452406437283369 4.6775000000000011 12.297500000000003 2.6976592745773775 6.5000000000000009 12.187500000000002 11.007500000000002 64.750000000000014 26.325000000000006 3.5000000000000004
decision_type=10 2 2 10 2 2 10 10 10 2 2 2 2 2 2 10 2 2 2 10 2 2 2 2 2 2 2 2 2 2
left_child=-1 3 19 4 24 6 7 8 14 -9 -8 -12 13 15 17 -7 -5 18 -4 20 21 22 -3 -22 25 26 27 28 29 -2
right_child=1 2 5 16 -6 12 10 9 -10 -11 11 -13 -14 -15 -16 -17 -18 -19 -20 -21 23 -23 -24 -25 -26 -27 -28 -29 -30 -31
leaf_value=-1.0398345861524493e-06 0.00046274516431105942 -0.00040097436136043605 -0.0028551603187820266 -0.0022715035863074572 -0.0053336640625153385 -0.001177953699033531 0.0028869066129095381 -0.00068550111631282291 -0.0033086013037303208 -0.0017639092009347106 -0.0088251557399587118 0.0043858762693597033 0.00071738578412698314 -0.0041293790423868344 0.00057953599923216137 0.00084578058323768587 0.0057713844944574577 0.00033100303644610472 -0.00019742191874781373 0.0045640569091063175 0.0048950740743523785 0.0034655800510991173 -0.0042755496234145223 -0.0020940419169392208 0.00011151224081345452 0.0039402358092735469 -0.0038749770157671891 0.0032605767699020473 0.004375885332127032 -0.0022579717650223832
leaf_weight=83446 240 357 217 264 305 209 4032 266 310 285 262 234 458 245 6826 408 727 206 232 1263 1941 610 217 355 1654 298 256 338 472 751
leaf_count=83446 240 357 217 264 305 209 4032 266 310 285 262 234 458 245 6826 408 727 206 232 1263 1941 610 217 355 1654 298 256 338 472 751
internal_value=4.49629e-05 0.00042668 0.00068323 -0.0004887 -0.000893262 0.000420571 0.000568544 0.000162454 0.000435223 -0.00366367 0.00131569 -0.0014012 -0.00101887 -0.00224221 0.000597515 -0.000545016 0.00126807 -0.00165909 -0.00298018 0.00146778 0.00105022 -9.08325e-05 -0.00225907 0.00163755 -0.000658445 -0.00126483 -0.0016775 -0.00107807 -0.00181267 -0.00325
internal_weight=107684 24238 18933 5305 4314 14190 12870 8342 7791 551 4528 496 1320 862 7481 617 991 655 449 4743 3480 1184 574 2296 4009 2355 2057 1801 1463 991
internal_count=107684 24238 18933 5305 4314 14190 12870 8342 7791 551 4528 496 1320 862 7481 617 991 655 449 4743 3480 1184 574 2296 4009 2355 2057 1801 1463 991
is_linear=0
shrinkage=0.03


Tree=121
num_leaves=31
num_cat=0
split_feature=22 26 24 29 10 15 7 16 26 2 25 15 24 12 9 25 34 20 20 22 15 34 1 1 25 14 34 31 18 10
split_gain=5.8346 3.64337 5.32481 4.30527 5.95112 3.76239 2.6461 3.05617 4.02482 4.636 6.11876 5.063 3.65977 4.1972 3.30371 5.20533 4.54954 8.39067 4.45 4.26627 4.70477 3.44968 3.17512 12.1127 3.44412 3.7442 2.97047 3.42396 7.7164 5.40601
threshold=10.921125000000002 2.6475000000000004 6.6750000000000016 5.0125000000000011 2.5000000000000004 2.242500000000001 40.500000000000007 7.0725000000000007 3.7175000000000007 1.2346847320703283 3.5175000000000005 0.19500000000000053 1.3750000000000002 4.1725000000000012 1.0000000180025095e-35 2.6975000000000007 952.42500000000018 7.4822500000000014 1.8181666666666669 5.1706944444444458 0.93000000000000049 949.22500000000014 16.675000000000004 18.425000000000004 3.5625000000000009 0.51007352411196427 946.57500000000016 2.1037250506991145 7.7425000000000015 7.5000000000000009
decision_type=2 2 10 2 2 2 2 8 2 2 8 2 8 10 2 10 2 2 2 2 2 2 2 2 10 2 2 2 2 2
left_child=6 2 -2 4 -3 -5 7 14 12 -10 -11 -12 13 -9 19 18 21 22 -16 20 -1 -17 -18 -24 -25 -26 27 29 -29 -14
right_child=1 3 -4 5 -6 -7 -8 8 9 10 11 -13 26 -15 15 16 17 -19 -20 -21 -22 -23 23 24 25 -27 -28 28 -30 -31
leaf_value=1.3720495319565797e-06 0.00082741379215684136 -0.0012734495584422363 -0.0026396747090840873 0.0030834898599674831 0.00013020898750176765 -0.0034294393214680478 -1.0687025016200187e-05 1.3255869740407183e-05 -1.0427687683100418e-05 -0.00070046909175662596 0.00031957726935139018 -0.00029057672739936971 0.00047075095319493783 -0.00027821896131841284 4.7573210449005001e-06 -1.0748903456255769e-05 -1.0247540812083761e-05 -0.0010374869188403682 -1.0326556929944434e-06 0.00018394519717270994 -2.5884844486329676e-05 2.2416505959685837e-05 -0.00012601405732769338 1.5112189565781733e-05 3.3071008926161685e-06 -7.5729605492638524e-05 3.3161785361352296e-05 4.5061206512863526e-06 -0.0016208628246064667 -0.00030871260050416776
leaf_weight=4385 472 331 274 7539 1227 279 16302 237 8398 225 380 255 2005 205 2018 7054 5132 202 20875 1728 635 2105 273 419 214 211 22442 720 364 776
leaf_count=4385 472 331 274 7539 1227 279 16302 237 8398 225 380 255 2005 205 2018 7054 5132 202 20875 1728 635 2105 273 419 214 211 22442 720 364 776
internal_value=3.20931e-05 0.000717488 -0.00129427 0.000878158 -0.000560461 0.00116503 -3.90508e-05 3.09367e-05 0.000237171 -0.000301846 -0.00239306 -0.000867187 0.00042375 -0.00226846 -0.000133176 -0.000240495 -0.000662824 -0.00127277 4.75588e-05 0.000478898 3.5821e-05 -0.000232759 -0.00107499 -0.00252139 -0.000727915 -0.00261628 0.000469406 -0.000298449 -0.00172452 0.000259512
internal_weight=107682 10122 746 9376 1558 7818 97560 81258 36007 9258 860 635 26749 442 45251 38503 15610 6451 22893 6748 5020 9159 6249 1117 844 425 26307 3865 1084 2781
internal_count=107682 10122 746 9376 1558 7818 97560 81258 36007 9258 860 635 26749 442 45251 38503 15610 6451 22893 6748 5020 9159 6249 1117 844 425 26307 3865 1084 2781
is_linear=0
shrinkage=0.03


Tree=122
num_leaves=31
num_cat=0
split_feature=27 19 34 21 1 35 23 34 1 12 21 1 11 15 24 14 32 28 9 32 23 24 16 0 24 24 19 12 34 34
split_gain=6.16564 7.73692 4.55982 4.26556 4.22713 3.89392 3.2815 4.82695 3.38638 6.71643 3.06666 2.85271 2.71511 2.59792 2.77851 3.74763 3.37292 2.59838 2.59144 7.37199 2.46653 3.02193 3.00912 3.03101 2.61331 2.94793 2.77915 2.42232 2.41728 6.23051
threshold=6.1943750000000009 7.8525000000000009 952.72500000000014 0.91835201107227815 -2.0749999999999993 68.250000000000014 0.6720650877325921 947.17500000000018 26.175000000000004 10.737500000000002 2.9618538320659029 5.4750000000000005 8.7175000000000029 -1.1499999999999995 5.6250000000000009 0.21542593468135232 -0.70088257582277247 0.68969649098101393 4.5000000000000009 -0.97988739209073461 0.021734986252937873 0.47500000000000003 2.8575000000000004 7.557500000000001 2.2250000000000005 0.67500000000000016 3.2125000000000004 1.9325000000000003 959.32500000000016 954.92500000000018
decision_type=2 10 2 2 2 2 2 2 2 10 2 2 2 2 8 2 2 2 2 2 2 8 8 2 10 8 10 10 2 2
left_child=3 2 5 12 -3 6 -2 -8 9 -9 18 -12 13 -1 -15 16 17 -16 -4 -20 -5 -22 23 24 25 -23 -27 -18 29 -24
right_child=1 4 10 20 -6 -7 7 8 -10 -11 11 -13 -14 14 15 -17 27 -19 19 -21 21 22 28 -25 -26 26 -28 -29 -30 -31
leaf_value=-1.398007876714482e-05 0.0021186202674676 -0.0022071424749818607 0.0032577655834667629 4.8398399457754741e-06 0.003943640638697365 -0.003641174589511719 -0.0031970011232716668 -0.0030799624036233495 0.0058300439323722003 0.00079987040620767443 -0.0033304907939678361 0.0036581159756108681 0.002886732300131489 1.0466956083146488e-05 -9.7492820412109295e-05 4.130338371769086e-06 -6.6368281184370752e-06 -4.1621437814252476e-05 -0.0028663317729251668 0.0031632034102012309 -4.6679717583110077e-05 6.4800804787874405e-06 5.7696585777257734e-07 -5.602792241271498e-05 4.6975090990123739e-06 -9.2743891872357847e-06 1.2859080503237631e-05 3.0128745997145327e-05 6.2231780058120621e-06 -2.0466556633971192e-05
leaf_weight=1321 484 401 1698 1439 3143 280 339 217 241 468 206 213 1408 4645 203 6075 209 527 219 522 301 202 40437 385 2588 7643 605 382 17307 13470
leaf_count=1321 484 401 1698 1439 3143 280 339 217 241 468 206 213 1408 4645 203 6075 209 527 219 522 301 202 40437 385 2588 7643 605 382 17307 13470
internal_value=1.83487e-05 0.000796942 2.26902e-05 -4.7896e-05 0.00186306 -0.00106342 -0.000531927 -0.00133465 -0.00020623 -0.00128261 0.000794272 -0.00156368 0.000422335 0.000289968 0.000428607 6.72883e-05 -0.00137783 -0.00273469 0.00120172 -0.00027748 -0.000130229 -0.000151622 -0.000140594 -0.000592492 -0.000500407 -0.000755766 -0.000844057 0.000307047 -6.80716e-05 -0.000167106
internal_weight=107578 8431 4887 99147 3544 2029 1749 1265 926 685 2858 419 14770 13362 12041 7396 1321 730 2439 741 84377 82938 82637 11423 11038 8450 8248 591 71214 53907
internal_count=107578 8431 4887 99147 3544 2029 1749 1265 926 685 2858 419 14770 13362 12041 7396 1321 730 2439 741 84377 82938 82637 11423 11038 8450 8248 591 71214 53907
is_linear=0
shrinkage=0.03


Tree=123
num_leaves=31
num_cat=0
split_feature=22 35 1 16 31 1 19 34 32 31 28 10 2 19 24 27 12 27 24 10 2 10 35 35 2 32 12 35 16 26
split_gain=5.47331 3.81905 10.9951 3.35203 3.05069 3.01053 3.63943 2.78628 2.68683 6.84753 2.78156 4.82553 2.87203 3.27472 3.59028 2.33421 2.26004 2.22381 2.78587 3.63989 3.47337 5.77331 3.71484 3.19417 4.42138 5.49144 2.86476 5.97051 3.21376 4.26472
threshold=11.26215277777778 73.750000000000014 16.525000000000002 13.082500000000001 1.4773466530522021 37.025000000000006 2.6575000000000006 938.17500000000018 0.99809679250719918 2.0120301023915483 2.3098529895484723 11.500000000000002 1.1676973292542889 6.182500000000001 10.325000000000003 5.1270833333333341 9.3075000000000028 1.4270833333333337 3.8750000000000004 8.5000000000000018 1.0880881565731924 7.5000000000000009 16.750000000000004 45.750000000000007 1.1007772314604916 -0.7880107536067219 4.517500000000001 19.750000000000004 7.3625000000000007 1.1625000000000003
decision_type=2 2 2 10 2 2 10 2 2 2 2 2 2 10 8 2 10 2 10 2 2 2 2 2 2 2 10 2 10 2
left_child=5 8 3 4 -3 7 -7 -1 10 -10 15 12 13 14 -12 16 -2 -9 20 26 21 -19 -23 -22 25 -25 27 -20 29 -29
right_child=1 2 -4 -5 -6 6 -8 17 9 -11 11 -13 -14 -15 -16 -17 -18 18 19 -21 23 22 -24 24 -26 -27 -28 28 -30 -31
leaf_value=0.00012576114579179409 -0.0010998964958063777 -0.0044974520396636039 -0.0049225907997624621 0.0036250969425441625 0.00053666772437876487 -6.4458228218397568e-06 -0.00017723420696018943 3.5863830050072292e-06 0.003443367334306302 -0.001326380212781849 -0.0043321724071243911 -0.0044332637400851258 0.0039426026546886938 0.0036661643716774132 5.2253089222453748e-05 0.0036146885661543292 0.0060570222170756582 3.973212473701914e-05 -6.8560134171342162e-05 3.9971821064524612e-05 -9.972369647365062e-06 -0.00012239835800452285 -1.6574299377544339e-05 -0.00021662437391412192 -5.7717807931645294e-07 -1.321875435142672e-05 8.6375435289260673e-06 -5.4280825844737256e-05 -6.7549517769708035e-05 1.3656384585297808e-05
leaf_weight=390 320 310 236 854 480 687 200 4267 543 251 203 300 837 412 680 2717 207 4498 215 13344 18951 244 1278 223 42166 434 10003 214 734 1230
leaf_count=390 320 310 236 854 480 687 200 4267 543 251 203 300 837 412 680 2717 207 4498 215 13344 18951 244 1278 223 42166 434 10003 214 734 1230
internal_value=3.82007e-05 0.000775584 -0.000413793 0.000462098 -0.000943396 -2.39798e-05 -0.00175897 -8.21815e-06 0.00112124 -0.000510638 0.00134976 0.000581042 0.00108376 0.000196154 -0.000834459 0.00192428 9.58648e-05 -1.8373e-05 -4.8942e-05 0.000216741 -0.000149825 0.000537759 -0.00105697 -0.00021687 -7.33398e-05 -0.00250604 -0.000153375 -0.00108465 -0.000607421 0.000215321
internal_weight=107428 8350 1880 1644 790 99078 887 98191 6470 794 5676 2432 2132 1295 883 3244 527 97801 93534 25740 67794 6020 1522 61774 42823 657 12396 2393 2178 1444
internal_count=107428 8350 1880 1644 790 99078 887 98191 6470 794 5676 2432 2132 1295 883 3244 527 97801 93534 25740 67794 6020 1522 61774 42823 657 12396 2393 2178 1444
is_linear=0
shrinkage=0.03


Tree=124
num_leaves=31
num_cat=0
split_feature=24 9 35 35 7 14 21 17 22 20 29 35 33 35 11 34 35 15 20 24 12 14 1 34 34 8 11 19 19 26
split_gain=4.43138 3.4552 5.37938 3.98403 2.80536 2.63781 3.37966 2.53282 6.72853 3.70588 3.45398 2.62388 4.11799 2.8112 2.4669 4.93947 3.53658 2.73193 2.20105 2.76571 5.77938 2.68742 2.94617 2.77383 2.17028 3.26814 2.77888 2.21676 2.13571 3.0719
threshold=7.8750000000000009 4.5000000000000009 74.250000000000014 22.750000000000004 40.500000000000007 0.24036430683444074 0.91835201107227815 3.9675000000000002 5.5664583333333342 9.7820833333333344 5.2875000000000005 86.250000000000014 -0.18222858652173743 63.750000000000007 10.097500000000002 960.02500000000009 62.250000000000007 -0.084999999999999507 1.6335416666666671 1.3750000000000002 6.8675000000000006 0.64564567166003439 -0.37499999999999994 958.42500000000018 949.32500000000016 14.500000000000002 6.7375000000000016 9.2125000000000021 2.7225000000000006 1.7975000000000001
decision_type=10 2 2 2 2 2 2 10 2 2 2 2 2 2 2 2 2 2 2 8 10 2 2 2 2 2 2 10 8 2
left_child=4 14 3 -3 5 7 -7 10 -9 -10 11 13 -13 24 15 16 17 -2 -8 20 21 22 -20 -23 25 26 28 -26 -1 -30
right_child=1 2 -4 -5 -6 6 18 8 9 -11 -12 12 -14 -15 -16 -17 -18 -19 19 -21 -22 23 -24 -25 27 -27 -28 -29 29 -31
leaf_value=2.2069032415206537e-05 -0.0011377901529243464 -0.0028577017771503213 -0.0024943554321890222 0.001612586457304514 -1.0974470530223115e-05 4.3332502890355433e-06 1.8271181365899483e-05 -5.7864213029957925e-05 6.7757089812593257e-05 -0.0014093569969441744 0.0023566006958902607 1.3970012832852602e-05 -7.7603118061904839e-05 1.0409704340816824e-05 0.003532881511880105 0.0060206285840588101 -0.00052490360593208019 0.0023349680769336753 -5.0453939415315109e-05 -2.7032220257282996e-06 -0.00028315175645609171 -5.9788360002058743e-06 -5.0579341771708754e-06 2.1495672169690588e-05 9.0153796306164334e-06 7.5336235904907332e-06 -0.0015722369335016263 -0.0011084567018881338 -3.4847538395446959e-05 -6.1222109781972759e-06
leaf_weight=351 314 297 298 1265 16849 10595 414 275 1071 304 2317 258 344 5170 2798 562 302 813 246 52345 258 1027 1259 365 4456 934 232 209 279 1325
leaf_count=351 314 297 298 1265 16849 10595 414 275 1071 304 2317 258 344 5170 2798 562 302 813 246 52345 258 1027 1259 365 4456 934 232 209 279 1325
internal_value=2.51635e-05 0.000775023 -0.000321716 0.000386726 -2.42942e-05 4.65499e-05 -3.97359e-05 0.000373931 -0.000743202 0.000119565 0.000490239 0.000307012 -0.00162109 0.000397192 0.00120088 0.000392285 -0.000546025 0.000230565 -0.000132835 -0.000149176 -0.00101108 -0.000623363 -0.0015 0.000326414 3.69658e-05 -0.000574856 -0.00120849 0.000446467 -0.000834184 -0.0012977
internal_weight=107532 6649 1860 1562 100883 84034 66509 17525 1650 1375 15875 13558 602 12956 4789 1991 1429 1127 55914 55500 3155 2897 1505 1392 7786 3121 2187 4665 1955 1604
internal_count=107532 6649 1860 1562 100883 84034 66509 17525 1650 1375 15875 13558 602 12956 4789 1991 1429 1127 55914 55500 3155 2897 1505 1392 7786 3121 2187 4665 1955 1604
is_linear=0
shrinkage=0.03


Tree=125
num_leaves=31
num_cat=0
split_feature=16 21 15 16 28 2 34 32 25 34 8 8 25 35 18 34 1 28 27 19 9 10 8 2 15 18 32 34 34 32
split_gain=6.77754 3.14515 4.07008 5.83104 8.2163 3.87303 3.00764 5.21379 3.9607 3.92897 4.8844 7.85343 3.09656 2.94098 2.68229 2.40898 2.78129 2.58992 4.08066 2.40647 4.88067 5.64942 5.09702 4.81661 5.7272 7.3287 3.63416 5.25051 4.59969 3.61831
threshold=11.557500000000003 1.7873849026950113 -0.74249999999999949 13.742500000000001 2.3559154250555863 1.2008024244529059 962.92500000000018 0.99809679250719918 4.3325000000000014 955.22500000000014 13.500000000000002 8.5000000000000018 5.7025000000000015 29.250000000000004 16.012500000000006 953.42500000000018 9.6250000000000018 1.2116878719974278 6.9156250000000012 6.3725000000000014 2.5000000000000004 6.5000000000000009 2.5000000000000004 1.1520208065921842 0.2874999999999997 10.922500000000003 0.95368063612909471 949.32500000000016 947.37500000000011 -0.97988739209073461
decision_type=10 2 2 10 2 2 2 2 8 2 2 2 8 2 2 2 2 2 2 10 2 2 2 2 2 2 2 2 2 2
left_child=14 13 3 4 -3 15 7 8 -7 -10 11 12 -11 -2 19 16 -4 -18 -19 -1 -21 22 -22 26 -25 -26 28 -28 -24 -30
right_child=1 2 5 -5 -6 6 -8 -9 9 10 -12 -13 -14 -15 -16 -17 17 18 -20 20 21 -23 23 24 25 -27 27 -29 29 -31
leaf_value=-1.9635986729613087e-06 -0.0017495421681535911 -0.00043723492272808334 0.0036160274544278551 0.004436576870610119 -0.0036343342839683019 -0.0017238921017304783 0.0039759600974485186 -0.0012235673742575686 0.0020549847880398614 -0.00066765290739273107 0.0050951383934036186 -0.0034708544560861669 0.0033284969348181914 0.0029997590888914305 -0.0024391214313085447 0.003940920977020662 0.002590415887376961 -0.0029291553055561408 0.0037819201728857975 0.0019054463029245512 0.0021472871237237226 0.0012526314861139997 0.002226048391321696 0.0024091922396703618 0.001274141778451549 -0.0023375576979003092 -0.0017004794877835017 -0.00067266395655535304 -0.0048118866299162004 -0.00024643944151230522
leaf_weight=85507 368 640 571 330 229 348 929 225 558 310 342 258 280 2638 226 2657 373 800 480 4234 440 2245 340 743 239 208 303 255 245 393
leaf_count=85507 368 640 571 330 229 348 929 225 558 310 342 258 280 2638 226 2657 373 800 480 4234 440 2245 340 743 239 208 303 255 245 393
internal_value=1.57076e-05 0.000677255 0.000404928 -0.00122342 -0.00250915 0.000645649 -0.000156682 -0.000733878 -0.000262732 0.000321734 -0.00065272 -0.00187104 5.04203e-05 0.00152043 -6.98866e-05 0.00117949 0.000449529 -0.000175513 -0.00081712 -6.20447e-05 0.000387047 -0.000209933 -0.00102554 -0.00150934 -7.53137e-05 -0.00274115 -0.00261648 -0.00453996 -0.00150153 -0.00299533
internal_weight=107714 12336 9330 1199 869 8131 3250 2321 2096 1748 1190 848 590 3006 95378 4881 2224 1653 1280 95152 9645 5411 3166 2726 1190 447 1536 558 978 638
internal_count=107714 12336 9330 1199 869 8131 3250 2321 2096 1748 1190 848 590 3006 95378 4881 2224 1653 1280 95152 9645 5411 3166 2726 1190 447 1536 558 978 638
is_linear=0
shrinkage=0.03


Tree=126
num_leaves=31
num_cat=0
split_feature=27 19 34 21 19 24 16 12 31 2 35 11 2 21 14 7 26 31 34 19 34 18 16 19 35 10 19 35 34 13
split_gain=5.80677 7.61011 4.08521 3.89618 3.50102 3.43851 3.51912 3.30363 5.04373 3.0504 2.72068 6.95633 2.72053 2.69371 2.67814 3.21899 2.65457 3.61073 2.60141 4.37601 9.07223 8.04141 5.66562 6.15103 8.40519 6.39785 5.0778 4.82655 4.37451 4.34421
threshold=6.1943750000000009 7.8525000000000009 952.72500000000014 2.2143243416725857 6.8825000000000012 8.3250000000000028 12.867500000000001 14.177500000000002 1.3497738360493396 1.0647675979197662 25.250000000000004 10.357500000000002 1.2182936004707428 0.91835201107227815 0.19813715788143818 40.500000000000007 3.5925000000000007 1.9470892417364218 952.52500000000009 9.0675000000000026 957.02500000000009 13.277500000000002 7.6725000000000012 5.1525000000000007 77.250000000000014 2.5000000000000004 0.88250000000000017 62.750000000000007 968.27500000000009 11.375000000000002
decision_type=2 10 2 2 8 10 8 10 2 2 2 2 2 2 2 2 2 2 2 10 2 2 8 8 2 2 8 2 2 2
left_child=9 2 4 -4 -2 6 -5 8 10 -1 -6 -12 -3 16 15 -15 -11 -18 -16 22 21 -21 26 24 25 -24 -20 29 -29 -25
right_child=1 12 3 5 7 -7 -8 -9 -10 13 11 -13 -14 14 18 -17 17 -19 19 20 -22 -23 23 27 -26 -27 -28 28 -30 -31
leaf_value=-3.0991104195533896e-05 0.0019499530784682642 0.003654935121981446 0.0029198792712002712 -0.0044759386546665203 0.0038116410281958343 0.0040085169894061093 -0.00050885924195315571 0.0028385980756171713 -0.0039597025287813944 1.3984030053638962e-06 -0.0029891041525279749 0.0012372712423128751 -0.0017196382172199711 8.2731834942336577e-06 1.4642577134720696e-06 -1.9479267853495868e-05 4.2576059080903886e-05 -2.3489901639567876e-05 1.7456558615038365e-05 -0.0022440842043994955 0.00083130477424186555 -0.0029994439437870338 -0.00022029479184638694 0.0010231893542313915 2.6960396481780085e-05 -0.00012679163950614608 -9.6681073080726463e-06 -2.9727917441666604e-05 0.004606485220943415 -0.002335497772782268
leaf_weight=809 404 3111 1921 215 329 480 260 353 372 12258 292 279 398 11439 33569 1965 2013 201 1242 275 358 200 203 5655 628 1016 17853 8636 433 219
leaf_count=809 404 3111 1921 215 329 480 260 353 372 12258 292 279 398 11439 33569 1965 2013 201 1242 275 358 200 203 5655 628 1016 17853 8636 433 219
internal_value=4.68197e-05 0.000803183 3.9715e-05 0.000766401 -0.000989675 -0.000796875 -0.00259375 -0.00161043 -0.00232106 -1.75191e-05 -0.00109392 -0.00233854 0.00186881 -2.353e-06 -6.77092e-05 0.000320829 0.000375492 0.00133033 -0.000141823 -0.000316314 -0.00245943 -0.00515625 -0.00026623 0.000135755 -0.00149514 -0.00294363 -0.000619633 0.000337771 -9.62088e-05 0.00100731
internal_weight=107386 8414 4905 2876 2029 955 475 1625 1272 98972 900 571 3509 98163 83691 13404 14472 2214 70287 36718 833 475 35885 16790 1847 1219 19095 14943 9069 5874
internal_count=107386 8414 4905 2876 2029 955 475 1625 1272 98972 900 571 3509 98163 83691 13404 14472 2214 70287 36718 833 475 35885 16790 1847 1219 19095 14943 9069 5874
is_linear=0
shrinkage=0.03


Tree=127
num_leaves=31
num_cat=0
split_feature=22 2 35 32 7 22 35 2 22 26 19 34 30 2 34 2 19 9 1 24 10 25 20 15 35 31 33 0 24 22
split_gain=4.79283 4.15113 4.66451 4.15561 2.69167 3.39672 4.21561 4.74417 6.28331 4.69972 4.24527 4.21233 5.79215 4.05629 3.84944 4.11168 5.69681 3.66928 4.79491 4.39444 3.6059 5.44736 6.09273 5.1335 4.81419 3.99824 3.85281 3.38927 4.53644 9.40626
threshold=12.246944444444447 1.1389149935488161 64.750000000000014 0.97233289553061597 40.500000000000007 6.4921527777777781 71.250000000000014 1.1906325506139135 8.8563888888888922 2.1325000000000007 9.0675000000000026 957.62500000000011 9.6750000000000025 1.1637895794347288 957.02500000000009 1.2001480956303103 7.4625000000000012 2.5000000000000004 -4.3749999999999991 1.1750000000000005 5.5000000000000009 3.6525000000000007 9.6058333333333348 0.49500000000000061 56.750000000000007 1.3637510942737838 -0.13052122218260634 13.132500000000002 6.5250000000000012 7.8289444444444465
decision_type=2 2 2 2 2 2 2 2 2 2 8 2 2 2 2 2 10 2 2 10 2 10 2 2 2 2 2 2 8 2
left_child=4 2 3 -2 5 -1 9 8 10 20 -8 12 -10 -14 15 -11 -17 18 19 -9 21 24 25 -22 -7 -23 -27 28 29 -19
right_child=1 -3 -4 -5 -6 6 7 17 11 14 -12 -13 13 -15 -16 16 -18 27 -20 -21 23 22 -24 -25 -26 26 -28 -29 -30 -31
leaf_value=-1.3883892668895639e-06 0.0037325125515929665 0.0028865011442346057 -0.0048903147942762756 -0.0024236816643819271 -1.1011600143915475e-05 -8.5648989148170412e-05 -0.00030305275507635533 -0.00032415857418346348 0.0015358683773232494 0.0003490113742567503 0.00059333910467436436 -0.0022751760216508008 -0.0020229317177724599 -0.0043925744398735445 0.0012765091274899703 8.1356947194971727e-06 -0.0019206492828896498 0.00013403246487463772 0.0014194608127106989 4.8748931706431226e-05 0.00071280844333062427 0.00075588772487237285 -0.0029265391267256509 -0.00032590478990721577 0.0011082374053773721 -0.00021957346279688898 -0.00089038405760810538 -0.0021432969248916908 0.00013503411573106283 -0.00088053897755518236
leaf_weight=49374 591 3930 206 219 17194 324 672 282 358 14431 911 205 450 225 5974 898 351 868 1949 431 2321 295 202 666 414 257 248 215 2175 917
leaf_count=49374 591 3930 206 219 17194 324 672 282 358 14431 911 205 450 225 5974 898 351 868 1949 431 2321 295 202 666 414 257 248 215 2175 917
internal_value=1.90503e-05 0.000930721 -0.00077571 0.000257669 -2.49385e-05 4.40072e-05 0.000265426 -0.000270723 -0.00130467 0.000461722 -5.10074e-05 -0.00290105 -0.00210116 -0.00372794 0.000648784 0.000401658 -0.00124641 0.000156533 0.00102587 -0.00107382 -0.00039497 -0.00147851 -0.0029136 0.000237634 0.000476447 -0.00171429 -0.00332353 -0.000398325 -0.000196721 -0.00131564
internal_weight=107553 4946 1016 810 102607 85413 36039 9658 2821 26381 1583 1238 1033 675 21654 15680 1249 6837 2662 713 4727 1740 1002 2987 738 800 505 4175 3960 1785
internal_count=107553 4946 1016 810 102607 85413 36039 9658 2821 26381 1583 1238 1033 675 21654 15680 1249 6837 2662 713 4727 1740 1002 2987 738 800 505 4175 3960 1785
is_linear=0
shrinkage=0.03


Tree=128
num_leaves=31
num_cat=0
split_feature=5 26 34 32 29 8 18 23 24 31 15 33 27 35 25 26 34 33 26 35 18 1 26 31 31 21 16 18 10 34
split_gain=5.18366 4.08497 4.64244 3.00875 12.9284 6.58953 5.42329 5.02721 4.19024 4.5311 3.68507 5.35622 3.55839 3.24401 3.00985 5.03491 3.48925 4.80676 5.25564 4.40322 4.86344 9.46922 8.59748 6.50746 3.8379 3.54593 4.45428 3.67478 3.6681 3.3376
threshold=0.92775668400794131 2.6275000000000004 953.12500000000011 -0.41467745240824966 5.1725000000000012 18.500000000000004 3.1475000000000009 0.90798071010344017 0.9750000000000002 1.8756720624367684 -1.2349999999999994 -0.46173103126271881 1.4556250000000002 14.750000000000002 5.8125000000000009 5.2775000000000007 960.52500000000009 0.62249093318774806 1.9725000000000004 68.250000000000014 10.312500000000002 2.4750000000000005 3.9425000000000008 2.2326492323008007 1.074849123122801 2.9412561091851361 6.2975000000000012 7.9325000000000019 11.500000000000002 961.82500000000016
decision_type=2 2 2 2 2 2 2 2 8 2 2 2 2 2 8 2 2 2 2 2 2 2 2 2 2 2 10 2 2 2
left_child=3 2 -2 5 12 -1 -6 8 -7 10 11 -10 -5 -14 16 -16 -15 19 -19 24 25 22 23 -22 -18 26 27 28 -21 -28
right_child=1 -3 -4 4 6 7 -8 -9 9 -11 -12 -13 13 14 15 -17 17 18 -20 20 21 -23 -24 -25 -26 -27 29 -29 -30 -31
leaf_value=-8.5408994543112632e-06 0.0020814566967325529 0.0020528781674229069 -0.0023206124607941581 6.2925756709210871e-06 -0.00014160816843387637 -5.8301136638340633e-05 0.0021295922913681358 -0.0037268463132021845 -4.9435555339720333e-05 8.6041535639781443e-05 4.7749102396095819e-06 -4.2099084761252177e-06 -5.0143179077032931e-05 4.2173720675551912e-06 -9.0104901186625012e-06 -0.0015545746678586215 -9.8986967970145909e-06 -1.3116208434994173e-05 -0.00010238031296616109 -3.5109085221682495e-06 0.0004582725374635116 -0.0026125839657933961 -0.0011112207459257465 -0.00062145534634912086 5.9407465030942853e-05 1.4612133865886527e-05 -0.000203738971694641 -8.0352760206442927e-05 -4.1431529714152821e-05 0.00026914553348962204
leaf_weight=37091 208 5268 210 2400 410 209 7601 257 213 5329 5713 573 867 26907 5231 207 313 313 254 1056 743 205 203 290 2688 777 341 207 269 1267
leaf_count=37091 208 5268 210 2400 410 209 7601 257 213 5329 5713 573 867 26907 5231 207 313 313 254 1056 743 205 203 290 2688 777 341 207 269 1267
internal_value=2.87109e-05 0.000909858 -0.00192908 -2.04827e-05 0.000137516 -0.000188601 0.00124663 0.000413204 0.000502491 0.000577537 4.56643e-05 -0.00187358 -6.20972e-05 -0.000126142 -8.78718e-05 -0.000745177 1.19706e-05 -0.000501847 -0.00316259 -0.000319584 -0.000834607 -0.00232158 -0.00131507 -0.000193642 0.0005998 -0.000285313 -0.000734499 -0.00188939 -0.00129699 0.000368258
internal_weight=107620 5686 418 101934 52549 49385 8011 12294 12037 11828 6499 786 44538 42138 41271 5438 35833 8926 567 8359 5358 1441 1236 1033 3001 3917 3140 1532 1325 1608
internal_count=107620 5686 418 101934 52549 49385 8011 12294 12037 11828 6499 786 44538 42138 41271 5438 35833 8926 567 8359 5358 1441 1236 1033 3001 3917 3140 1532 1325 1608
is_linear=0
shrinkage=0.03


Tree=129
num_leaves=31
num_cat=0
split_feature=19 27 32 34 24 14 35 35 5 34 35 21 14 18 12 18 30 23 16 34 10 19 29 16 31 15 31 18 24 20
split_gain=5.61772 7.59942 4.30295 5.54765 6.07368 3.76321 3.63001 4.14291 4.91464 3.16976 2.99211 2.90125 3.41191 4.34949 2.87875 2.89628 2.96996 2.82786 2.41467 2.28171 3.1116 2.3994 2.15767 6.58954 4.80324 5.30881 3.36175 3.2711 2.75519 2.39363
threshold=7.9025000000000007 6.1943750000000009 0.89490028524376763 957.72500000000014 7.4750000000000005 0.89529790200431669 66.750000000000014 52.250000000000007 0.40428375849479276 975.07500000000005 78.750000000000014 0.91835201107227815 0.29297326385420136 9.3175000000000026 2.6075000000000008 6.9675000000000011 3.0750000000000006 0.021734986252937873 13.082500000000001 947.27500000000009 6.5000000000000009 2.7575000000000007 8.3975000000000026 14.557500000000003 1.3218174939349263 1.3950000000000005 1.4300862231896716 16.837500000000002 7.6750000000000016 12.177916666666668
decision_type=10 2 2 2 10 2 2 2 2 2 2 2 2 2 10 2 2 2 10 2 2 10 2 10 2 2 2 2 10 2
left_child=9 2 -2 4 5 6 7 8 -4 11 -3 -1 13 14 -13 19 -17 -14 -12 20 -16 -22 27 24 28 26 -26 29 -24 -19
right_child=1 10 3 -5 -6 -7 -8 -9 -10 -11 18 12 17 -15 15 16 -18 22 -20 -21 21 -23 23 -25 25 -27 -28 -29 -30 -31
leaf_value=2.5974035203352916e-06 0.0023916555940703792 0.0034002631612107016 -0.0012102733079382565 0.0010434813712828399 -0.0030519917744888099 0.004132292019401438 0.0011438440180026456 -0.0021807285448035086 9.2073946505043028e-05 0.00034266322707550558 -0.001583604414706678 2.7745394527626912e-06 1.4975886903929934e-05 9.7096737195219183e-05 4.226243409279333e-05 -2.9553608227662168e-05 2.2973253651767774e-05 -5.4809730494725839e-06 0.0035564636343153886 -2.0573238913572585e-05 9.4652366449009341e-07 -0.00011349938784040655 0.00028402546733537508 0.0033966557511251206 -0.0036804352986980148 -0.0058384069380861148 -0.00024506437596884235 -0.0042705387882927288 -0.001998706779667847 0.0035172356927713746
leaf_weight=15321 1459 2903 221 1036 250 348 337 348 546 539 320 4348 943 8270 510 370 3513 58043 242 4026 779 241 627 418 267 238 396 204 213 584
leaf_count=15321 1459 2903 221 1036 250 348 337 348 546 539 320 4348 943 8270 510 370 3513 58043 242 4026 779 241 627 418 267 238 396 204 213 584
internal_value=3.3097e-05 0.000797255 -9.89e-06 -0.000644452 -0.00154745 -0.000930748 -0.00160192 -0.00242411 -0.00117746 -2.82408e-05 0.00185447 -4.07486e-05 -0.000110006 0.000210362 -0.000115937 -0.000410102 0.000218364 -0.000224111 -0.000148148 -0.000849128 0.000136808 -0.000819512 -0.000249365 -0.00117976 -0.00199141 -0.00350662 -0.00209731 -0.000215123 -0.000355029 -0.00020175
internal_weight=107860 8010 4545 3086 2050 1800 1452 1115 767 99850 3465 99311 83990 22057 13787 9439 3883 61933 562 5556 1530 1020 60990 2159 1741 901 663 58831 840 58627
internal_count=107860 8010 4545 3086 2050 1800 1452 1115 767 99850 3465 99311 83990 22057 13787 9439 3883 61933 562 5556 1530 1020 60990 2159 1741 901 663 58831 840 58627
is_linear=0
shrinkage=0.03


Tree=130
num_leaves=31
num_cat=0
split_feature=24 14 2 21 11 1 18 25 26 29 15 5 35 30 27 16 29 25 1 12 33 18 16 25 35 22 25 17 11 33
split_gain=4.44075 3.33153 2.99275 2.71288 2.69989 2.69399 2.67603 3.15651 2.54416 4.64996 2.76151 2.47287 3.21739 2.70374 2.42184 2.30167 4.52427 2.52407 2.28303 4.2628 2.13578 2.12197 5.00819 9.8857 3.56036 4.4198 4.17963 5.09582 5.12381 10.1048
threshold=6.9250000000000016 1.8696902589099995 1.2737186211814968 1.2587874453384595 10.357500000000002 38.275000000000006 13.377500000000003 7.2375000000000007 2.5875000000000004 6.3125000000000009 -0.98999999999999999 0.057021496611578425 41.750000000000007 7.1250000000000009 2.4770833333333342 7.1175000000000006 4.7075000000000014 5.0075000000000012 19.175000000000004 7.6725000000000012 -0.4539904997395468 7.9775000000000018 13.467500000000003 2.1725000000000003 46.750000000000007 8.5522777777777801 3.9975000000000005 5.0225000000000009 6.1025000000000009 0.06104621499353461
decision_type=10 2 2 2 2 2 2 10 2 2 2 2 2 2 2 10 2 10 2 10 2 2 8 10 2 2 10 10 2 2
left_child=2 -2 3 6 -3 21 7 8 9 15 11 14 -13 -14 -10 16 17 -1 -17 -20 -12 22 24 -24 25 -5 27 -26 -29 -30
right_child=1 4 -4 5 -6 -7 -8 -9 10 -11 20 12 13 -15 -16 18 -18 -19 19 -21 -22 -23 23 -25 26 -27 -28 28 29 -31
leaf_value=1.6252595565395907e-07 0.00089812184020943413 -0.00055026706932584098 1.7472899604713281e-05 -9.8258126958412774e-06 0.00079704317516033718 -9.0000937913751431e-05 0.0029005914098319389 -0.00082039498593238674 -3.6885751847086713e-07 -0.0024323091675242598 -2.1216610283271991e-06 5.8965818203703543e-05 1.110342622637675e-05 -0.0012304562068507505 -4.8504320018157165e-05 0.00155985414397705 -0.00012899862516120878 -2.8115594325633488e-05 0.0015185073895587794 -0.0011991848628223386 1.8174969820533159e-05 2.2489176846458499e-06 -4.2679593328550356e-05 -9.6722162142988739e-06 -1.1501937450813203e-06 -0.0027025764199015262 1.486716258726462e-05 1.2119778281298343e-06 -3.9478425587875824e-05 -0.00042457207222827361
leaf_weight=11983 10070 349 408 13580 286 204 555 293 224 206 1336 669 241 238 208 1327 331 288 436 208 8340 31570 213 539 18652 221 3730 461 307 200
leaf_count=11983 10070 349 408 13580 286 204 555 293 224 206 1336 669 241 238 208 1327 331 288 436 208 8340 31570 213 539 18652 221 3730 461 307 200
internal_value=4.35466e-05 0.000623249 -2.04798e-05 -3.13777e-05 -0.00147656 -0.000130148 0.000224598 0.000180914 0.000216014 -4.28164e-05 0.000555723 -0.000605678 0.000124892 -0.00174174 -0.00252632 2.11964e-05 -0.000128024 -3.39686e-05 0.000973178 -0.000489984 0.000745584 -0.000119908 -0.000271209 -0.00268692 -0.000221956 -0.000603868 3.85368e-06 -0.00017121 -0.00228777 -0.00435352
internal_weight=107673 10705 96968 96560 635 69677 26883 26328 26035 14779 11256 1580 1148 479 432 14573 12602 12271 1971 644 9676 69473 37903 752 37151 13801 23350 19620 968 507
internal_count=107673 10705 96968 96560 635 69677 26883 26328 26035 14779 11256 1580 1148 479 432 14573 12602 12271 1971 644 9676 69473 37903 752 37151 13801 23350 19620 968 507
is_linear=0
shrinkage=0.03


Tree=131
num_leaves=31
num_cat=0
split_feature=12 24 1 7 25 9 21 17 25 1 19 27 18 9 21 14 19 9 10 8 10 1 32 31 9 16 28 8 9 16
split_gain=5.0051 7.8763 4.97977 3.09853 3.35297 4.31274 3.99834 4.94543 3.76917 5.6015 3.78417 3.37023 3.17314 4.08174 2.93482 2.40221 2.36675 3.24023 3.46585 3.20253 5.34851 6.12297 12.4042 3.65672 3.63641 5.49462 4.97326 4.88152 6.12089 4.52284
threshold=7.9425000000000017 1.4250000000000005 35.525000000000006 41.500000000000007 4.807500000000001 1.5000000000000002 2.8475807714558132 8.5200000000000014 4.0725000000000007 20.375000000000004 6.0725000000000007 5.4870833333333353 11.422500000000003 3.5000000000000004 1.6371532704271499 0.48120508448395699 7.1525000000000007 5.5000000000000009 9.5000000000000018 13.500000000000002 4.5000000000000009 17.825000000000006 0.78257835753184668 2.5855701880637114 1.0000000180025095e-35 0.81250000000000011 1.498248282694514 16.500000000000004 1.5000000000000002 8.9325000000000028
decision_type=8 8 2 2 8 2 2 8 10 2 8 2 2 2 2 2 8 2 2 2 2 2 2 2 2 10 2 2 2 10
left_child=16 -2 3 4 5 -3 15 -8 -7 10 -10 14 -12 -14 -11 -6 17 -1 -19 20 21 -18 -23 -22 -21 -26 -27 -28 -29 -30
right_child=1 2 -4 -5 6 8 7 -9 9 11 12 -13 13 -15 -16 -17 19 18 -20 24 23 22 -24 -25 25 26 27 28 29 -31
leaf_value=-2.7454308549505062e-07 -0.00016895123372317301 0.00064317136133589838 -0.00071441783382679587 -0.00021250464263655836 0.0026623305524196396 1.6864644670620977e-05 -0.00063025182084289026 5.4593237065480735e-05 -0.00065241161024749076 -0.0015459618461886168 0.00088935449191864468 -0.0035700897072676141 -0.0040715623519372952 0.00076460255161962614 0.000355240845677266 0.00071819195898253495 -1.7826615289247309e-05 1.8959384311356253e-05 -5.7263635107020894e-06 1.6777239282438524e-05 -1.3897429367171719e-06 9.9750866041873075e-06 -0.0023368776916165928 -8.5111446003780747e-05 3.9291098859677172e-05 1.1975651111689724e-06 1.8337225342298834e-06 -0.00062684550420174666 -1.3716717917007293e-05 -0.0014464611568978424
leaf_weight=30137 203 2394 238 3845 5840 4288 217 2086 201 202 760 235 220 346 210 5385 9247 3501 1096 2845 17803 253 252 475 1114 10614 1453 304 1294 474
leaf_count=30137 203 2394 238 3845 5840 4288 217 2086 201 202 760 235 220 346 210 5385 9247 3501 1096 2845 17803 253 252 475 1114 10614 1453 304 1294 474
internal_value=2.15369e-05 0.000377882 0.000423504 0.000463025 0.000598151 0.000144228 0.000895145 -0.000243067 -0.000258853 -0.0012749 -0.000280026 -0.00360276 0.000306537 -0.00138704 -0.00192806 0.00112867 -9.60094e-05 9.10217e-05 0.000832464 -0.000236837 -0.000437667 -0.00100482 -0.00420588 -0.000134879 7.42419e-05 -0.000109516 -0.000269584 -0.00124504 -0.00217814 -0.00149239
internal_weight=107532 26670 26467 26229 22384 8856 13528 2303 6462 2174 1527 647 1326 566 412 11225 80862 34734 4597 46128 28030 9752 505 18278 18098 15253 14139 3525 2072 1768
internal_count=107532 26670 26467 26229 22384 8856 13528 2303 6462 2174 1527 647 1326 566 412 11225 80862 34734 4597 46128 28030 9752 505 18278 18098 15253 14139 3525 2072 1768
is_linear=0
shrinkage=0.03


Tree=132
num_leaves=31
num_cat=0
split_feature=19 30 1 34 33 10 17 5 15 10 13 9 33 6 33 7 29 22 25 34 35 34 2 19 17 28 26 14 15 24
split_gain=5.09421 5.51475 3.34304 2.90465 4.23002 3.21512 6.03905 6.12276 3.04741 4.31529 4.41746 4.15957 6.45146 3.10146 3.74576 2.87537 3.25689 3.18624 4.34406 4.75194 4.43045 5.49242 6.13564 4.01807 3.90402 3.32781 3.3436 3.41269 3.28379 2.87631
threshold=7.9025000000000007 14.125000000000002 -2.0749999999999993 960.92500000000018 -0.23343647497176648 2.5000000000000004 6.7375000000000016 0.5041940848894072 0.95000000000000018 3.5000000000000004 7.0208333333333339 5.5000000000000009 0.35019404643548474 1.5000000000000002 0.1478037830001481 40.500000000000007 8.177500000000002 7.3722777777777795 0.87750000000000017 964.77500000000009 71.250000000000014 964.07500000000016 1.1389149935488161 7.0725000000000007 8.5725000000000016 2.3098529895484723 1.6625000000000003 0.51520222566807117 0.30499999999999994 5.2250000000000005
decision_type=10 2 2 2 2 2 10 2 2 2 2 2 2 2 2 2 2 2 10 2 2 2 2 10 8 2 2 2 2 10
left_child=15 3 -3 4 -2 6 7 -6 9 -7 -11 12 13 -12 -15 17 -17 -1 -19 20 25 22 -22 29 -25 26 27 -20 -27 -24
right_child=1 2 -4 -5 5 8 -8 -9 -10 10 11 -13 -14 14 -16 16 -18 18 19 -21 21 -23 23 24 -26 28 -28 -29 -30 -31
leaf_value=-6.6196781499208766e-07 0.0035986677464845762 -0.0024270690820209599 0.0031135900086660786 0.0030701456903275835 -0.00034245201373623576 0.0041811781757504426 0.00012561464325063133 -0.0029306480661611244 0.0044921106595650394 -0.0010295585731596774 0.002838680853273321 0.0061601867260448256 -0.0036280890458200441 -0.0024163709663030429 0.00095721590312614839 -7.6535341723762261e-06 -0.003153036136099826 0.0016628686957354958 -0.00090310770131814299 0.002171856568564277 -0.0028791571067356228 -0.001225581307715061 0.00013279716770696012 5.0023624593965638e-05 -0.0020852819075420979 0.00059485249867695128 0.00056993815905838536 0.00013531602614488865 -0.0011606587638452359 -0.00038990654091973324
leaf_weight=57605 940 252 2125 724 206 655 339 205 512 252 503 385 302 351 287 16065 593 1509 395 2038 392 257 3488 218 214 1641 12460 316 1346 1198
leaf_count=57605 940 252 2125 724 206 655 339 205 512 252 503 385 302 351 287 16065 593 1509 395 2038 392 257 3488 218 214 1641 12460 316 1346 1198
internal_value=4.87949e-05 0.000775084 0.00198615 0.000265267 4.2494e-06 -0.000422039 -0.00218543 -0.00460817 -1.19925e-05 -0.000410584 -0.00107914 -0.000559738 -0.00129903 -0.000259162 -0.0016423 -9.7753e-06 -0.000369441 6.23602e-05 0.00034172 0.000243199 0.000114227 -0.000599272 -0.000397099 -0.00011829 -0.00286957 0.000368991 0.000573998 -0.00142039 -0.000534425 0.000138137
internal_weight=107773 8038 2377 5661 4937 3997 750 411 3247 2735 2080 1828 1443 1141 638 99735 16658 83077 25472 23963 21925 5767 5510 5118 432 16158 13171 711 2987 4686
internal_count=107773 8038 2377 5661 4937 3997 750 411 3247 2735 2080 1828 1443 1141 638 99735 16658 83077 25472 23963 21925 5767 5510 5118 432 16158 13171 711 2987 4686
is_linear=0
shrinkage=0.03


Tree=133
num_leaves=31
num_cat=0
split_feature=22 1 19 32 28 31 32 26 19 21 17 15 35 35 3 10 28 2 30 26 22 35 33 20 28 8 2 11 10 2
split_gain=4.35425 3.77781 4.62233 4.87253 2.82248 3.23894 5.38275 3.7358 2.10843 3.77773 3.50494 4.56721 3.77901 3.29167 4.10289 3.2663 3.14598 3.04741 2.92284 2.73436 4.44072 2.63859 2.28826 2.22837 2.42889 2.08134 3.97519 3.75541 3.57904 5.10875
threshold=11.67951388888889 17.675000000000004 12.047500000000001 -0.95878322595067689 2.6563422532581558 1.9470892417364218 0.99809679250719918 3.7025000000000006 3.4375000000000004 1.8177948522702321 4.8725000000000014 -1.0799999999999987 62.250000000000007 28.250000000000004 5.5387277164331774 9.5000000000000018 1.1976709165826529 1.2737186211814968 5.325000000000002 5.222500000000001 9.8097222222222253 15.750000000000002 0.31729257441605191 1.6335416666666671 1.4257596658875435 13.500000000000002 1.1369552327118126 10.877500000000001 6.5000000000000009 1.1122658585646967
decision_type=2 2 8 2 2 2 2 2 10 2 8 2 2 2 2 2 2 2 2 2 2 2 2 2 2 2 2 2 2 2
left_child=8 4 -3 -4 5 -2 7 -7 17 13 12 18 -11 14 21 16 -14 23 -12 -15 -21 -10 -20 24 -1 -25 27 28 -27 -30
right_child=1 2 3 -5 -6 6 -8 -9 9 10 11 -13 15 19 -16 -17 -18 -19 22 20 -22 -23 -24 25 -26 26 -28 -29 29 -31
leaf_value=2.2898185412576758e-06 0.0027727276896785092 0.0037011352570305643 0.00021383574220272287 -0.0049462899878797064 -5.2644082296078053e-05 -0.0017666325387691534 -0.0016591340956960009 0.00439936260708528 -8.9920640154972237e-05 -0.00014159469704343113 1.9895115665771278e-05 9.885630539463713e-06 1.0386272868521776e-06 1.8848225460349659e-05 0.0034597266240207372 2.6498254190857795e-05 -0.00015411447627246145 1.7187868128043861e-05 -0.00037254035771226344 -0.0019245823537747001 0.0030775466495387392 1.8549774221052281e-05 -0.0010413411941874134 -4.9366285298423352e-06 -3.3526068955574798e-06 8.156150889367525e-06 7.5803665835529396e-06 -0.0021803076264036592 -3.0888918018350255e-05 1.3524243307934577e-05
leaf_weight=2170 2983 462 441 369 1437 202 218 602 225 384 465 13967 213 9692 1716 542 230 342 741 214 250 577 275 40480 311 6137 13983 396 5327 2195
leaf_count=2170 2983 462 441 369 1437 202 218 602 225 384 465 13967 213 9692 1716 542 230 342 741 214 250 577 275 40480 311 6137 13983 396 5327 2195
internal_value=3.02927e-05 0.000769757 -0.000700078 -0.00206135 0.00111364 0.00152244 6.4265e-05 0.00120148 -1.8981e-05 0.000194365 -0.000100404 2.87324e-05 -0.0015524 0.000585377 0.00155529 -0.000560606 -0.00245759 -0.000107182 -0.00155249 0.000344258 -0.00189339 -0.000215613 -0.00245054 -0.00012088 0.000761464 -0.000152883 4.57869e-05 -0.000310455 -0.000226361 -0.000664807
internal_weight=107546 6714 1272 810 5442 4005 1022 804 100832 29491 16817 15448 1369 12674 2518 985 443 71341 1481 10156 464 802 1016 70999 2481 68518 28038 14055 13659 7522
internal_count=107546 6714 1272 810 5442 4005 1022 804 100832 29491 16817 15448 1369 12674 2518 985 443 71341 1481 10156 464 802 1016 70999 2481 68518 28038 14055 13659 7522
is_linear=0
shrinkage=0.03


Tree=134
num_leaves=31
num_cat=0
split_feature=19 27 34 34 18 1 29 20 34 14 18 12 28 0 4 15 24 13 25 17 17 5 17 32 1 31 18 27 12 1
split_gain=4.29926 6.14495 5.41932 8.07935 11.5219 3.56731 2.8103 2.47086 2.42602 2.60852 4.85693 4.05852 2.84956 4.66826 6.15734 3.01488 2.45245 4.56178 3.34428 4.37089 4.92924 4.1456 3.08424 2.93774 2.64588 3.15857 4.58741 4.05234 2.58375 2.51452
threshold=8.6525000000000016 6.1943750000000009 952.52500000000009 957.32500000000016 13.277500000000002 -2.0749999999999993 6.7625000000000011 1.6335416666666671 938.97500000000014 0.28919428302325362 8.0775000000000023 2.0075000000000007 1.6786552157241474 3.9525000000000006 0.16439584189693748 -0.15499999999999844 1.7750000000000001 7.6525000000000007 0.72250000000000025 6.6575000000000015 4.3225000000000007 0.060768083204120769 5.1525000000000007 0.86159635224327558 35.875000000000007 1.1670666190658536 5.892500000000001 3.467083333333334 5.0075000000000012 31.275000000000002
decision_type=10 2 2 2 2 2 2 2 2 2 2 10 2 2 2 2 8 2 10 8 10 2 8 2 2 2 2 2 10 2
left_child=7 2 -2 4 -4 -3 -7 -1 -9 10 11 -10 -13 -14 -15 -16 17 -11 19 20 28 -21 -20 -22 29 26 27 -26 -18 -24
right_child=1 5 3 -5 -6 6 -8 8 9 16 -12 12 13 14 15 -17 18 -19 22 21 23 -23 24 -25 25 -27 -28 -29 -30 -31
leaf_value=1.7446553709786711e-06 0.0043240912025198711 -0.0021456306519158897 -0.0005347458977954235 0.0007396813343610426 -0.0021822629070271816 -0.00068671630231815107 0.0030773392376819996 2.3665433789605976e-05 4.8263087732510193e-06 -4.4441002554719381e-06 3.6976443479578391e-05 -3.4578510305491429e-06 2.5437179100431216e-05 -0.00011657030437958796 -0.00065001516653436029 -1.7263106689189463e-05 1.8141600611962991e-05 -0.00018003669121287996 1.144527050725732e-05 -6.7166669882699059e-06 -1.320536646683892e-05 7.7811098504372293e-05 -6.5443076156491622e-06 -0.00012974919751712049 3.2933846210389001e-06 -0.0016983268452128101 0.0001604073836619523 -8.7184319372761524e-05 -9.9851552755144533e-06 2.3953564931063757e-05
leaf_weight=2588 1051 364 535 676 358 227 2296 849 3023 6382 12008 8759 295 212 247 801 794 212 3373 1518 408 3853 50732 474 238 251 344 308 475 3923
leaf_count=2588 1051 364 535 676 358 227 2296 849 3023 6382 12008 8759 295 212 247 801 794 212 3373 1518 408 3853 50732 474 238 251 344 308 475 3923
internal_value=5.3096e-05 0.000869195 -0.000182857 -0.00129797 -0.0031637 0.00182261 0.00222271 9.02315e-06 -1.48063e-05 -2.85901e-05 0.000233728 -0.000160321 -0.000443648 -0.001625 -0.00241897 -0.00145869 -0.00011932 -0.000671011 -6.47264e-05 0.000530889 -0.000610853 0.000988281 -0.000140484 -0.00232694 -0.00019376 -0.00162042 -0.00077095 -0.00247187 0.000586342 -0.000163831
internal_weight=107574 5507 2620 1569 893 2887 2523 102067 99479 98630 25345 13337 10314 1555 1260 1048 73285 6594 66691 7522 2151 5371 59169 882 55796 1141 890 546 1269 54655
internal_count=107574 5507 2620 1569 893 2887 2523 102067 99479 98630 25345 13337 10314 1555 1260 1048 73285 6594 66691 7522 2151 5371 59169 882 55796 1141 890 546 1269 54655
is_linear=0
shrinkage=0.03


Tree=135
num_leaves=31
num_cat=0
split_feature=16 32 31 20 19 10 9 35 14 35 35 1 9 28 32 8 1 29 1 34 31 28 28 25 11 27 34 10 19 1
split_gain=4.21028 4.37817 4.00695 3.22708 2.57536 3.93113 4.19738 6.68492 4.46582 3.59588 3.33328 3.55546 4.5405 4.99843 3.24089 11.2796 3.0599 2.99391 2.94742 4.86337 6.69743 4.64771 3.83256 3.37849 2.83325 5.9677 4.34844 3.09078 10.5088 2.67055
threshold=13.082500000000001 0.99687937417578498 2.0120301023915483 13.727666666666668 3.4375000000000004 5.5000000000000009 3.5000000000000004 15.750000000000002 1.2253757918394419 58.750000000000007 35.750000000000007 32.975000000000009 2.5000000000000004 1.3012045700968966 0.99809679250719918 6.5000000000000009 28.075000000000006 4.2175000000000011 7.4750000000000005 961.82500000000016 1.3823778242261373 2.5793886544251405 1.0970965469500518 4.6575000000000015 5.8425000000000011 3.0179166666666668 959.92500000000018 4.5000000000000009 7.642500000000001 -14.249999999999998
decision_type=10 2 2 2 10 2 2 2 2 2 2 2 2 2 2 2 2 2 2 2 2 2 2 10 2 2 2 2 10 2
left_child=3 -2 -3 4 29 6 16 -8 14 -10 11 -7 -13 -14 24 -16 18 -11 19 -6 -21 22 -20 -22 -9 -26 27 -27 -29 -1
right_child=1 2 -4 -5 5 10 7 8 9 17 -12 12 13 -15 15 -17 -18 -19 21 20 23 -23 -24 -25 25 26 -28 28 -30 -31
leaf_value=1.5663471254016976e-05 0.0021356635464285143 0.0023746367104413957 -0.0018080257908506423 -0.0066217198934747637 0.00011980422211227858 0.0011558850096682733 -0.00069072889683132106 1.7951885938798493e-05 1.1172763195631231e-05 -8.2586439591344674e-05 1.6830321621000584e-05 0.00096376511700008551 0.00045964572419494827 -0.00083239942522082497 4.4757626437532495e-05 -0.0015116118182302955 0.0044735216804837651 -0.002067896555775872 -7.2969017790652048e-05 -0.00091338012131691277 0.00099242619601338567 -0.002312455999929889 0.000117366122530335 -0.00064606813159911645 -7.170933235184273e-05 0.00040607393946857375 -0.00060191885152084104 -0.0041067211335576656 0.0035234536052778181 -1.0640040488568009e-06
leaf_weight=314 4487 379 220 209 1999 3427 222 1564 260 205 13082 424 298 384 340 270 379 222 1149 210 316 302 2195 245 210 1641 205 285 298 72104
leaf_count=314 4487 379 220 209 1999 3427 222 1564 260 205 13082 424 298 384 340 270 379 222 1149 210 316 302 2195 245 210 1641 205 285 298 72104
internal_value=6.30043e-05 0.000905127 -0.00149503 2.12819e-05 2.89602e-05 0.000262004 -0.000144466 -0.000742797 -0.00053406 -0.00278757 0.000550795 0.00125143 -0.000226823 -0.00173799 -0.000209838 -0.0022439 0.000359559 -0.00446528 0.000203707 0.000940541 -0.00107861 -0.000356615 -3.22483e-05 0.000641343 8.76902e-05 -0.000511725 -8.75102e-05 0.000301481 -0.00156633 -6.8017e-05
internal_weight=107845 5086 599 102759 102550 30132 12517 5722 5500 687 17615 4533 1106 682 4813 610 6795 427 6416 2770 771 3646 3344 561 4203 2639 2429 2224 583 72418
internal_count=107845 5086 599 102759 102550 30132 12517 5722 5500 687 17615 4533 1106 682 4813 610 6795 427 6416 2770 771 3646 3344 561 4203 2639 2429 2224 583 72418
is_linear=0
shrinkage=0.03


Tree=136
num_leaves=31
num_cat=0
split_feature=24 9 35 35 19 34 7 32 0 20 17 2 14 2 18 31 32 10 8 19 24 1 35 2 34 23 8 2 27 21
split_gain=4.30251 3.09392 4.07796 3.49684 2.98744 3.13237 2.60301 2.31325 2.25977 2.15379 2.94832 7.20616 2.79369 2.87019 2.90075 2.6368 2.60559 2.47975 2.32367 2.12282 3.3228 3.74719 3.22239 2.63206 2.5034 2.47117 2.51601 3.71283 3.08722 4.61657
threshold=7.8750000000000009 4.5000000000000009 69.750000000000014 25.250000000000004 7.5925000000000011 961.52500000000009 40.500000000000007 -0.98624804680367273 4.1875000000000009 12.177916666666668 8.4725000000000019 1.1934282199736466 0.55817410664894951 1.1629702256743009 15.447500000000002 2.0187942676795481 0.99961926108774357 2.5000000000000004 6.5000000000000009 3.6525000000000007 1.0750000000000004 18.875000000000004 91.250000000000014 1.2737186211814968 965.97500000000014 0.035174807280145694 13.500000000000002 1.1660487668648771 4.7006250000000014 1.7873849026950113
decision_type=10 2 2 2 10 2 2 2 2 2 10 2 2 2 2 2 2 2 2 10 10 2 2 2 2 2 2 2 2 2
left_child=6 4 3 -3 5 -2 9 -5 -8 10 16 -12 15 14 -14 -11 19 18 -18 23 -21 22 24 25 -22 -1 28 -28 29 -27
right_child=1 2 -4 7 -6 -7 8 -9 -10 12 11 -13 13 -15 -16 -17 17 -19 -20 20 21 -23 -24 -25 -26 26 27 -29 -30 -31
leaf_value=1.1729134055875631e-06 -0.0001251602211383544 -0.0012023484517199555 -0.0020632041668127887 -0.00057795094265936987 0.0030727837413499987 0.0040361822540645976 1.6516231429910458e-06 0.0037829924057368311 -3.6594057499692618e-05 0.0026904861123367855 0.0020261071029712236 -0.0011403542227436032 0.0020155974963131881 0.0025591617308245006 -0.0040750314221861287 -0.00070206555464540435 3.8889115353625611e-05 4.0539238237555713e-05 -0.00028536794925347766 -1.9555060198869434e-05 -1.8887097597068691e-06 0.00038817441363651119 0.0018644843889882544 1.5466955865328557e-05 0.00091395198001261856 -1.4455580252310494e-05 -4.2356985267177036e-06 1.0578428811713371e-05 0.0002273134121742802 -2.5344156207708112e-06
leaf_weight=9082 1741 388 349 280 2380 673 6553 830 10294 1317 292 360 326 483 360 248 247 1620 215 5866 8958 4571 444 276 565 10331 13145 7172 2675 15511
leaf_count=9082 1741 388 349 280 2380 673 6553 830 10294 1317 292 360 326 483 360 248 247 1620 215 5866 8958 4571 444 276 565 10331 13145 7172 2675 15511
internal_value=5.55613e-05 0.000794914 -0.00024784 0.00043513 0.0011965 0.000451426 6.86721e-06 0.00129148 -0.000333432 7.50813e-05 4.72123e-05 -0.00195434 0.000902519 -0.000206985 -0.00145007 0.0017293 6.35079e-05 0.00110973 -0.00082227 3.57248e-05 0.000298986 0.000542117 0.000215704 -5.66007e-05 9.85517e-05 -7.06478e-05 -0.000155163 9.99411e-05 -0.000336898 -0.000437343
internal_weight=107552 6641 1847 1498 4794 2414 100911 1110 16847 84064 81330 652 2734 1169 686 1565 80678 2082 462 78596 20404 14538 9967 58192 9523 57916 48834 20317 28517 25842
internal_count=107552 6641 1847 1498 4794 2414 100911 1110 16847 84064 81330 652 2734 1169 686 1565 80678 2082 462 78596 20404 14538 9967 58192 9523 57916 48834 20317 28517 25842
is_linear=0
shrinkage=0.03


Tree=137
num_leaves=31
num_cat=0
split_feature=24 34 8 21 29 1 31 34 19 32 32 19 1 26 27 26 28 14 18 34 18 14 35 34 31 16 24 19 10 18
split_gain=4.62907 2.61537 3.91655 2.59857 2.42394 4.67593 3.83896 3.75489 3.39499 3.63508 2.51933 2.2765 2.32626 3.636 2.60284 3.0908 2.68949 7.52139 2.3216 2.21024 2.39588 3.16716 3.03004 5.73517 4.4538 4.37584 3.86847 5.4594 3.77181 4.85335
threshold=7.8750000000000009 946.77500000000009 15.500000000000002 0.91835201107227815 6.4225000000000012 -1.8749999999999998 1.4773466530522021 961.12500000000011 7.7925000000000013 -0.99353402350479758 -0.90992662233962551 6.4225000000000012 14.175000000000002 0.84250000000000014 6.4006250000000016 4.1875000000000009 1.975095988376524 0.58754432456908001 7.1175000000000006 942.17500000000018 7.3975000000000017 0.43577517139003163 46.750000000000007 962.22500000000014 1.4499092972747734 4.097500000000001 7.3750000000000009 5.5725000000000007 6.5000000000000009 3.0425000000000004
decision_type=10 2 2 2 2 2 2 2 10 2 2 10 2 2 2 2 2 2 2 2 2 2 2 2 2 10 8 10 2 2
left_child=3 2 -2 11 7 6 -6 10 9 -7 -3 12 -1 -14 15 16 18 -18 -15 -5 22 -22 23 24 28 -26 -27 -28 -21 -30
right_child=1 4 -4 19 5 8 -8 -9 -10 -11 -12 -13 13 14 -16 -17 17 -19 -20 20 21 -23 -24 -25 25 26 27 -29 29 -31
leaf_value=4.691126143357826e-06 0.00024642536890071752 -0.00075880323513773606 -0.0021326447936873679 9.9224068268317957e-06 -0.004891651379710601 -0.0015838051344127574 0.0027015013722135215 0.004145218888067864 0.0031401700833907226 0.0031343667334523006 0.00012473658519674102 0.0032838182730796904 -1.9535575959627632e-05 -7.6058069050256721e-07 -0.001275070450854736 4.5165956433791587e-05 -0.0015774817974618964 0.00012585686949560251 0.0018993135684357168 1.2414108449487326e-05 1.8202160741555215e-05 -1.3744139140155626e-05 -6.3990971680897077e-07 -3.8224808664212001e-05 -2.2214898614292092e-05 7.8344468153071757e-06 -1.92899189684698e-05 -0.0011863567884143442 -4.0158833965825526e-05 -5.9864596447937666e-07
leaf_weight=5705 419 444 298 5006 309 274 321 455 2006 1462 695 630 275 5852 267 996 259 287 1044 4298 18413 21775 26190 219 1525 1747 1667 258 1564 3118
leaf_count=5705 419 444 298 5006 309 274 321 455 2006 1462 695 630 275 5852 267 996 259 287 1044 4298 18413 21775 26190 219 1525 1747 1667 258 1564 3118
internal_value=5.78385e-05 0.000822219 -0.000885041 7.27014e-06 0.00102797 0.00139273 -0.000992126 2.62665e-05 0.00179504 0.000820218 -0.000894231 0.000367167 0.000291014 -1.00166e-05 9.81631e-05 0.000191164 -1.93365e-05 -0.0020363 0.000141719 -5.70029e-05 -9.49255e-05 6.92659e-05 -0.000257495 -0.000607041 -0.000531589 -0.0012301 -0.000667392 -0.00159326 -0.000126878 -0.000715596
internal_weight=107778 6683 717 101095 5966 4372 630 1594 3742 1736 1139 15315 14685 8980 8705 8438 7442 546 6896 85780 80774 40188 40586 14396 14177 5197 3672 1925 8980 4682
internal_count=107778 6683 717 101095 5966 4372 630 1594 3742 1736 1139 15315 14685 8980 8705 8438 7442 546 6896 85780 80774 40188 40586 14396 14177 5197 3672 1925 8980 4682
is_linear=0
shrinkage=0.03


Tree=138
num_leaves=31
num_cat=0
split_feature=24 9 14 9 21 27 24 12 20 34 25 26 34 27 30 12 13 30 35 33 21 16 28 1 14 20 25 34 30 31
split_gain=3.98046 3.51746 5.18353 3.01372 2.84896 2.78957 2.74766 2.27402 3.28829 4.07286 2.58474 2.40512 2.65052 3.38409 3.20651 2.71035 2.67546 2.24747 2.94021 2.20566 2.19298 2.08681 1.91619 1.9671 1.9871 1.82898 2.92388 3.27301 3.12494 2.47604
threshold=7.8750000000000009 4.5000000000000009 0.56816224208700439 5.5000000000000009 0.91835201107227815 4.7006250000000014 9.0750000000000028 3.3725000000000005 2.4614583333333342 963.67500000000018 7.2375000000000007 2.7675000000000005 947.47500000000014 3.0179166666666668 9.7250000000000014 6.5375000000000005 6.1041666666666687 3.1250000000000004 61.250000000000007 -0.13917310096006555 0.61809856271559782 7.9875000000000016 1.0366613062791976 30.575000000000006 0.49601747281051317 12.177916666666668 6.1075000000000008 950.12500000000011 17.425000000000004 2.0187942676795481
decision_type=10 2 2 2 2 2 10 10 2 2 10 2 2 2 2 10 2 2 2 2 2 10 2 2 2 2 8 2 2 2
left_child=4 5 -3 6 7 -2 -4 8 -1 17 11 12 13 19 15 16 -14 18 -10 20 -9 -7 23 24 -19 -6 28 -28 29 -27
right_child=1 2 3 -5 25 21 -8 10 9 -11 -12 -13 14 -15 -16 -17 -18 22 -20 -21 -22 -23 -24 -25 -26 26 27 -29 -30 -31
leaf_value=9.9805599807279091e-07 -0.00033315088079833102 0.0029028431566387328 -0.00060058898396297001 3.2771689137814483e-05 -1.8956515533206583e-06 -0.00073254626892402556 -0.0042489849897870717 -3.7426497390742401e-05 -3.298329273101819e-05 -6.340277140947124e-05 -0.00074193045522907451 8.4603061746817853e-05 1.2310754521021365e-05 -0.00021918325167091137 -0.0018866872808398186 0.0028238621077096315 -0.00010124718340199604 1.0019385169426215e-05 3.7977917027766285e-06 7.4820483465583653e-05 1.4234885277130866e-05 0.0028558520590032418 2.2294622150297284e-05 -5.5801494404140034e-05 -1.5414323734371902e-05 0.0031959748827908936 -0.0033663324788954039 0.002558794324733923 -0.0080718340147436472 -0.0024776149677368342
leaf_weight=4197 216 994 262 394 82931 316 224 214 257 204 312 3897 2141 399 224 875 358 320 231 311 234 4188 412 203 588 729 233 1366 200 239
leaf_count=4197 216 994 262 394 82931 316 224 214 257 204 312 3897 2141 399 224 875 358 320 231 311 234 4188 412 203 588 729 233 1366 200 239
internal_value=5.62532e-05 0.000770117 -0.000328898 -0.002 9.64594e-06 0.00120635 -0.00356823 0.000385581 -4.58157e-05 -0.00097973 0.00069398 0.00079106 0.000337744 -0.000907996 0.000739384 0.000971293 0.000466054 -0.000563988 -0.00232454 0.000270943 -0.00107285 0.0013666 5.89016e-06 -0.000642473 -3.94303e-05 -5.78275e-05 0.000700217 0.0015318 -0.000439898 0.000271326
internal_weight=107669 6594 1874 880 101075 4720 486 15377 6412 2215 8965 8653 4756 1158 3598 3374 2499 2011 488 759 448 4504 1523 1111 908 85698 2767 1599 1168 968
internal_count=107669 6594 1874 880 101075 4720 486 15377 6412 2215 8965 8653 4756 1158 3598 3374 2499 2011 488 759 448 4504 1523 1111 908 85698 2767 1599 1168 968
is_linear=0
shrinkage=0.03


Tree=139
num_leaves=31
num_cat=0
split_feature=22 35 16 21 16 30 14 28 9 34 26 32 23 19 21 35 34 26 32 33 8 28 34 28 31 15 25 9 28 35
split_gain=4.89839 3.74118 6.13906 5.57329 2.80629 2.24739 2.6042 2.40855 2.96171 4.70204 2.04945 8.27907 1.79749 2.09495 4.49136 2.60498 3.03099 4.04858 4.43408 4.60295 3.56529 4.1937 3.02522 3.16972 2.59054 2.44638 3.46017 2.60699 3.39988 3.89552
threshold=11.357361111111114 74.250000000000014 13.082500000000001 2.5371039099565715 11.957500000000001 7.4250000000000016 0.72478157629269868 2.4573323438397892 2.5000000000000004 952.12500000000011 5.7025000000000015 0.99140711019144634 0.019469600034940058 4.1375000000000011 1.8177948522702321 54.250000000000007 962.32500000000016 2.0425000000000004 -0.95368063612909426 0.33379414889141285 11.500000000000002 1.4325803496875824 957.42500000000018 1.515172913671494 1.0780873626396099 -1.0799999999999987 3.7825000000000006 4.5000000000000009 0.3975655082289376 79.750000000000014
decision_type=2 2 10 2 10 2 2 2 2 2 2 2 2 10 2 2 2 2 2 2 2 2 2 2 2 2 8 2 2 2
left_child=12 5 3 4 -3 -2 10 -8 -9 -10 -7 -12 -1 -14 15 24 17 20 22 -20 21 -17 23 -19 -15 26 -16 28 -27 -30
right_child=1 2 -4 -5 -6 6 7 8 9 -11 11 -13 13 14 25 16 -18 18 19 -21 -22 -23 -24 -25 -26 27 -28 -29 29 -31
leaf_value=1.6227114576945722e-06 -0.00069087910446652618 -0.0040335720015670937 0.0021285702917419719 -0.0032653425045285423 0.0025451055793791096 0.0030362935187033878 0.0021503805810353981 0.0023492970462259243 0.00017993848705265768 -0.0035461903610803248 0.0021660858330310542 -0.0051242237119305022 -1.880944431168096e-06 -6.8873717974168375e-05 2.1743594072944627e-05 -0.00015739725730458181 0.0014906997266531858 -0.0001014803926637848 0.00077505706407062945 -0.0002315247084729153 2.7995980654085919e-05 -2.1705268630157811e-05 0.0015855090884237799 -0.0027901216117442534 0.00092772285537871195 -0.00049887595845909635 -0.00052184038251191567 0.00012842386341913593 -9.1152276474904735e-05 0.00032227972115269889
leaf_weight=2490 357 279 907 226 321 3239 964 351 236 237 636 217 72383 276 530 355 633 286 1318 339 364 246 217 246 6083 211 898 4366 6943 1526
leaf_count=2490 357 279 907 226 321 3239 964 351 236 237 636 217 72383 276 530 355 633 286 1318 339 364 246 217 246 6083 211 898 4366 6943 1526
internal_value=5.57182e-05 0.00077116 -0.000460874 -0.00232491 -0.000793388 0.00111359 0.00125404 0.000297825 -0.000890229 -0.00242887 0.00167098 0.00036014 -1.50418e-06 -2.19078e-05 0.000215804 0.000692419 9.27913e-05 -0.000265699 0.000393198 0.00125812 -0.00190206 -0.00331188 -0.00151591 -0.00272626 0.00106961 -0.000125561 -0.00130216 3.67799e-06 -0.000297064 -0.000202148
internal_weight=107680 7970 1733 826 600 6237 5880 1788 824 473 4092 853 99710 97220 24837 10363 4004 3371 2406 1657 965 601 749 532 6359 14474 1428 13046 8680 8469
internal_count=107680 7970 1733 826 600 6237 5880 1788 824 473 4092 853 99710 97220 24837 10363 4004 3371 2406 1657 965 601 749 532 6359 14474 1428 13046 8680 8469
is_linear=0
shrinkage=0.03


Tree=140
num_leaves=31
num_cat=0
split_feature=20 16 24 15 32 19 22 25 19 11 18 26 24 34 25 8 16 19 25 25 15 19 31 34 30 35 10 2 26 35
split_gain=4.54873 4.30912 2.56281 3.10223 2.68566 2.80682 2.53595 2.49301 2.54547 2.23267 6.86185 6.66898 4.72274 3.3415 5.11802 2.97547 3.20727 4.4546 5.1857 3.2404 3.28787 5.14817 7.47815 3.54348 3.16886 3.86101 2.99152 3.03638 2.95793 2.94992
threshold=12.177916666666668 11.557500000000003 7.8750000000000009 1.7250000000000005 -0.98624804680367273 7.4625000000000012 9.5092222222222258 1.3275000000000003 8.1225000000000023 10.877500000000001 12.672500000000001 2.9025000000000007 1.7750000000000001 950.12500000000011 3.8225000000000007 13.500000000000002 6.892500000000001 3.3175000000000008 2.4075000000000006 0.32250000000000006 0.37500000000000011 5.6475000000000009 2.1582696656106122 951.12500000000011 7.1250000000000009 84.750000000000014 7.5000000000000009 1.0924056098449049 2.8825000000000003 46.250000000000007
decision_type=2 10 10 2 2 10 2 10 8 2 2 2 10 2 10 2 8 8 10 10 2 10 2 2 2 2 2 2 2 2
left_child=2 -2 9 4 5 6 -4 8 -6 15 12 -12 13 14 -11 -1 -17 18 -18 -19 23 -22 -23 26 25 -25 29 -28 -15 -21
right_child=1 -3 3 -5 7 -7 -8 -9 -10 10 11 -13 -14 28 -16 16 17 19 -20 20 21 22 -24 24 -26 -27 27 -29 -30 -31
leaf_value=-2.1393468672409668e-06 -0.0025727207070853938 0.0020357287670243239 -4.2862534347541723e-05 -0.0018722009306173131 0.0010357556561805281 0.0035166019613016406 -0.0025131955072358386 0.0028771509822956049 -0.0020719082989230095 5.9479792440707919e-05 -0.0026169703436611752 -0.00068492205018975234 0.00050982764994804755 -0.0012855807088790227 -0.00304195206382966 -4.2625772266805325e-07 -8.0902695496938963e-05 0.0017338809521947999 2.9661256234971635e-05 0.001044796406818633 6.1427401593992117e-05 -0.00018938650956384142 -0.0014774638528533145 5.4908163118561949e-05 0.0027678995243917682 -0.00080338867344459212 -0.00054289906502912207 -5.0082002480134681e-05 0.00073507455522675287 -9.6419022500268765e-05
leaf_weight=54956 308 5056 409 232 259 428 215 2766 200 265 253 537 1804 247 389 21179 202 1167 297 1725 3358 928 284 3919 3490 305 354 837 654 596
leaf_count=54956 308 5056 409 232 259 428 215 2766 200 265 253 537 1804 247 389 21179 202 1167 297 1725 3358 928 284 3919 3490 305 354 837 654 596
internal_value=5.62794e-05 0.000907432 1.15882e-05 0.000710456 0.000894675 -0.000420057 -0.00169793 0.00132353 -0.000717672 -2.06851e-05 -0.000701252 -0.00320755 -0.000107907 -0.00131731 -0.00294082 9.51914e-06 0.000211225 0.000512166 -0.00226786 0.00059459 0.000481489 -0.000196721 -0.00186853 0.000757546 0.00111698 0.000563254 -3.24139e-05 -0.00125167 -0.000129139 0.000594583
internal_weight=107619 5364 102255 4509 4277 1052 624 3225 459 97746 4149 790 3359 1555 654 93597 38641 17462 499 16963 15796 4570 1212 11226 7714 4224 3512 1191 901 2321
internal_count=107619 5364 102255 4509 4277 1052 624 3225 459 97746 4149 790 3359 1555 654 93597 38641 17462 499 16963 15796 4570 1212 11226 7714 4224 3512 1191 901 2321
is_linear=0
shrinkage=0.03


Tree=141
num_leaves=31
num_cat=0
split_feature=19 30 33 10 3 26 10 1 21 15 11 29 18 16 25 29 16 33 25 15 33 19 10 34 34 9 18 9 33 30
split_gain=4.35079 4.37333 3.7032 6.66593 4.16543 3.93141 3.64628 3.53511 2.50111 2.80175 2.43364 2.28674 2.78817 5.29087 8.84999 3.50946 5.70743 5.61112 4.41481 3.77166 3.44659 3.4077 3.07874 5.75676 6.51289 7.68907 5.61738 4.32577 4.95765 4.70477
threshold=8.5875000000000021 14.225000000000003 0.35019404643548474 11.500000000000002 6.7524384526589714 5.2775000000000007 4.5000000000000009 -2.0749999999999993 1.2587874453384595 2.3775000000000004 0.75750000000000017 1.1875000000000002 7.9775000000000018 13.467500000000003 2.6725000000000003 7.6975000000000007 14.282500000000002 0.35019404643548474 7.722500000000001 1.3950000000000005 0.84335933205092506 7.3325000000000014 6.5000000000000009 957.52500000000009 954.92500000000018 3.5000000000000004 5.4125000000000005 2.5000000000000004 0.39073112848927366 7.4250000000000016
decision_type=10 2 2 2 2 2 2 2 2 2 2 2 2 8 8 2 10 2 8 2 2 8 2 2 2 2 2 2 2 2
left_child=8 2 4 -4 -2 -6 -7 -3 9 -1 -10 -12 13 22 -15 20 17 18 19 21 -14 -17 -13 24 27 -26 -27 28 -24 -30
right_child=1 7 3 -5 5 6 -8 -9 10 -11 11 12 15 14 -16 16 -18 -19 -20 -21 -22 -23 23 -25 25 26 -28 -29 29 -31
leaf_value=2.2434649880520915e-06 -0.00099875390550242978 -0.0024521899520548 0.00064638496019193417 -0.0039318758311775422 0.0027647593931334809 -0.0012082591390496728 0.0020313826328294368 0.0025189442638908067 -1.4657532470736508e-05 -0.00042388556086360267 4.9056016532119523e-06 1.5404639797495882e-06 1.2203883806527934e-05 -5.6493751660936316e-05 -1.1753122415352848e-05 -0.001867184319732834 0.003113024570515226 0.0050172858666581825 0.0022536011298593143 -0.0041405950506106593 -4.7702544748106438e-05 -0.0019466882186550518 -1.806648649737636e-05 6.4553146198930747e-06 -1.5090967989046313e-05 -5.1549695789111078e-05 -2.8578803545888773e-05 -1.8130446959011004e-06 -2.8028063061187186e-05 -0.00012968714649436329
leaf_weight=27359 302 247 276 215 2376 316 260 1722 1252 260 4603 14790 30828 214 475 293 484 339 555 300 230 1203 4441 4126 907 296 287 7365 892 234
leaf_count=27359 302 247 276 215 2376 316 260 1722 1252 260 4603 14790 30828 214 475 293 484 339 555 300 230 1203 4441 4126 907 296 287 7365 892 234
internal_value=4.15163e-05 0.000846652 0.000244 -0.00217137 0.000611231 0.000955698 -0.0012599 0.00198936 -3.7448e-06 0.0002399 -9.45505e-05 -7.19666e-05 -0.000115625 -0.000307916 -0.00290058 7.55324e-05 -0.00087386 -0.00141373 -0.00193421 -0.00265519 0.000172681 -0.00202665 -0.000253906 -0.000511292 -0.000793928 -0.0026689 -0.00534184 -0.00057695 -0.00120765 -0.00298143
internal_weight=107447 5714 3745 491 3254 2952 576 1969 101733 27619 74114 72862 68259 34027 689 34232 3174 2690 2351 1796 31058 1496 33338 18548 14422 1490 583 12932 5567 1126
internal_count=107447 5714 3745 491 3254 2952 576 1969 101733 27619 74114 72862 68259 34027 689 34232 3174 2690 2351 1796 31058 1496 33338 18548 14422 1490 583 12932 5567 1126
is_linear=0
shrinkage=0.03


Tree=142
num_leaves=31
num_cat=0
split_feature=16 29 1 33 20 27 35 7 12 9 33 26 1 34 9 17 1 35 25 1 1 34 25 29 25 29 26 12 9 11
split_gain=3.90427 3.28947 2.67718 2.53548 2.14995 2.45878 2.2937 2.13871 2.28918 4.97194 4.24837 5.83814 8.19996 5.79607 5.10921 6.28306 5.03148 8.34531 3.75443 4.41697 5.63225 3.7013 4.53617 6.71793 3.47623 3.21618 6.18371 4.93781 2.9584 2.49858
threshold=13.887500000000003 5.0925000000000011 0.20000000000000007 0.15643446504023081 13.992500000000001 7.9172916666666682 78.750000000000014 40.500000000000007 7.9425000000000017 1.5000000000000002 0.26722820045975998 2.6775000000000007 -2.0749999999999993 959.82500000000016 3.5000000000000004 6.7825000000000015 -0.7749999999999998 69.250000000000014 3.3775000000000004 20.525000000000002 6.5750000000000011 945.02500000000009 4.7825000000000015 6.7625000000000011 4.3325000000000014 5.767500000000001 4.7425000000000006 10.997500000000002 4.5000000000000009 11.342500000000003
decision_type=10 2 2 2 2 2 2 2 10 2 2 2 2 2 2 8 2 2 10 2 2 2 10 2 8 2 2 10 2 2
left_child=4 -2 3 -3 5 7 -7 8 -1 -10 13 14 -13 16 -12 -16 -11 18 -18 20 -20 -21 23 -23 28 -19 27 -27 -14 -24
right_child=1 2 -4 -5 -6 6 -8 -9 9 10 11 12 24 -15 15 -17 17 25 19 21 -22 22 29 -25 -26 26 -28 -29 -30 -31
leaf_value=-2.6228227191642456e-07 -0.0006756713482963788 0.0034664211157251954 0.002733122585787198 -0.0049927171053248771 -0.0037747404787138927 0.0021973373367386705 -0.00095143589467745141 -8.5651831444665589e-06 0.0010164915783181876 0.0015345247703391505 -0.0019239191084237772 -0.0012345999425365905 -0.0022567026224225299 0.0022774352844928459 -0.00052644910267636384 0.00014224097893590905 0.00056319079684153664 -0.00014493019631674277 -0.001373016881818102 0.0018774351372010381 0.0017666800145809168 -8.7849730996515562e-05 -0.00088221563402788802 -0.0028604994155444095 0.0027238040863940974 -0.0021894215184582238 0.00073319059980188057 -0.0023432082705280989 0.00024670718035225107 0.0018654978264362821
leaf_weight=67386 415 221 1994 203 332 764 222 17314 5052 647 333 378 221 2233 202 408 1985 616 312 503 1858 290 612 373 1424 335 269 288 298 235
leaf_count=67386 415 221 1994 203 332 764 222 17314 5052 647 333 378 221 2233 202 408 1985 616 312 503 1858 290 612 373 1424 335 269 288 298 235
internal_value=3.62859e-05 0.00113425 0.00155757 -0.000601398 6.57812e-06 1.42881e-05 0.00150151 5.80397e-08 6.11387e-05 0.000353128 5.85896e-05 -0.00088651 -7.60962e-05 0.000351103 -0.00287025 -0.00121951 -1.33284e-05 -0.000228095 0.000261461 -0.000248567 0.000689655 -0.00125917 -0.002 -0.0038488 0.000713039 -0.00222472 -0.00337124 -0.00500159 -0.00137977 -0.000538732
internal_weight=107723 2833 2418 424 104890 104558 986 103572 86258 18872 13820 3264 2321 10556 943 610 8323 7676 6168 4183 2170 2013 1510 663 1943 1508 892 623 519 847
internal_count=107723 2833 2418 424 104890 104558 986 103572 86258 18872 13820 3264 2321 10556 943 610 8323 7676 6168 4183 2170 2013 1510 663 1943 1508 892 623 519 847
is_linear=0
shrinkage=0.03


Tree=143
num_leaves=31
num_cat=0
split_feature=23 14 16 35 1 17 31 25 34 34 35 10 35 34 19 25 19 26 0 21 20 25 23 35 23 1 34 22 1 12
split_gain=4.801 4.69794 5.06227 4.50327 4.47205 3.5201 3.50605 3.23356 3.01192 4.01662 3.23129 2.47671 4.91224 3.09646 2.755 3.87198 2.43512 3.10262 3.2933 4.18723 6.72129 3.67182 2.97411 2.41867 2.36566 3.25091 2.68316 2.57392 2.81389 2.49537
threshold=0.86506996183650109 0.67352307557598701 13.332500000000001 76.750000000000014 6.3750000000000009 9.7325000000000017 1.933062629723586 7.722500000000001 954.92500000000018 959.22500000000014 57.750000000000007 11.500000000000002 57.250000000000007 954.52500000000009 12.047500000000001 7.2375000000000007 6.3725000000000014 3.1575000000000006 6.9125000000000005 2.5371039099565715 8.1320833333333358 3.2025000000000006 0.029988894377442302 86.250000000000014 0.81455168397756517 14.875000000000002 956.82500000000016 7.0574166666666676 24.375000000000004 9.9975000000000023
decision_type=2 2 8 2 2 10 2 8 2 2 2 2 2 2 8 10 10 2 2 2 2 8 2 2 2 2 2 2 2 10
left_child=5 6 3 7 -5 16 11 -3 -8 10 -10 13 -13 14 -2 -16 22 24 19 20 -19 -20 -1 -23 25 -18 -26 -27 29 -29
right_child=1 2 -4 4 -6 -7 8 -9 9 -11 -12 12 -14 -15 15 -17 17 18 21 -21 -22 23 -24 -25 26 27 -28 28 -30 -31
leaf_value=1.1665401083219871e-06 0.0026322044452762937 -0.00071659358136606484 0.0020072668831472473 -0.00072514092083523606 -0.0041185585676276034 -0.00054249450073196254 0.0016333800772149005 0.0021949971104869787 -0.0012675113240222639 0.00057063024827247856 -0.0027318839842896286 -0.0042237853317051103 0.003658360375805319 0.0028911103020316641 0.0013608761356412535 -0.0030032568847801499 0.0018418194252122393 -0.00029928743672721312 -0.0019594927217222889 3.5826649006378904e-05 -0.002080782756110565 0.0008942571243138051 -2.8212241334731949e-06 -0.0015740111752257045 -0.0023165327199513529 -0.00037469986349179048 0.004666678480038924 -0.00042666868832227678 0.0049970570176583393 0.006569456114036646
leaf_weight=7565 595 1341 1439 342 214 224 808 339 255 585 258 346 509 2428 807 294 2352 415 309 615 280 3524 79107 211 362 420 322 829 454 206
leaf_count=7565 595 1341 1439 342 214 224 808 339 255 585 258 346 509 2428 807 294 2352 415 309 615 280 3524 79107 211 362 420 322 829 454 206
internal_value=3.43821e-05 0.000641742 -0.000224185 -0.00111647 -0.00344385 -3.16357e-05 0.00110377 -0.000338279 9.41926e-06 -0.00101179 -0.00293629 0.00152227 5.23257e-05 0.00182659 0.000839506 -5.1537e-05 -2.28612e-05 0.000413141 -8.73296e-05 -0.00139163 -0.00297857 0.000336379 -7.4691e-05 0.000597594 0.000954546 0.0012173 -0.000679245 0.000296238 0.000881526 1.44232e-05
internal_weight=107755 10560 3675 2236 556 97195 6885 1680 1906 1098 513 4979 855 4124 1696 1101 96971 10299 5354 1310 695 4044 86672 3735 4945 4261 684 1909 1489 1035
internal_count=107755 10560 3675 2236 556 97195 6885 1680 1906 1098 513 4979 855 4124 1696 1101 96971 10299 5354 1310 695 4044 86672 3735 4945 4261 684 1909 1489 1035
is_linear=0
shrinkage=0.03


Tree=144
num_leaves=31
num_cat=0
split_feature=19 30 26 10 26 1 33 14 23 2 2 17 30 8 10 26 21 35 18 21 11 33 30 26 5 8 25 1 26 7
split_gain=5.10999 3.95573 4.53665 4.07532 3.54693 3.54634 3.50309 2.89376 4.05608 3.44216 2.53308 2.50091 2.18725 4.16265 3.95999 2.55721 4.07155 2.46514 2.20443 2.54177 2.52204 2.55748 2.0964 2.07249 1.98767 1.91638 5.10311 1.86662 2.89625 2.03602
threshold=8.6525000000000016 9.1750000000000025 2.6625000000000005 2.5000000000000004 3.3825000000000003 -2.0749999999999993 0.3090169943749474 0.61891706498796906 0.86279639905912575 1.1346124040016037 1.1572668949413869 8.7725000000000026 13.425000000000002 15.500000000000002 8.5000000000000018 3.1025000000000005 2.6088718825452362 88.250000000000014 7.9325000000000019 1.1940124056646473 10.357500000000002 -0.095842103007655791 6.575000000000002 4.2825000000000015 0.89625221675803857 15.500000000000002 4.4775000000000009 -8.1249999999999982 4.6475000000000009 40.500000000000007
decision_type=10 2 2 2 2 2 2 2 2 2 2 10 2 2 2 2 2 2 2 2 2 2 2 2 2 2 10 2 2 2
left_child=7 3 -3 -2 -5 6 -4 8 27 23 -6 12 17 18 15 -15 -17 24 -14 -20 -21 -22 -11 -10 -9 -7 -27 28 -1 -29
right_child=1 2 5 4 10 25 -8 11 9 22 -12 -13 13 14 -16 16 -18 -19 19 20 21 -23 -24 -25 -26 26 -28 29 -30 -31
leaf_value=1.9342672373939612e-05 -0.0010024748949808791 -0.0013663376840560403 0.0030229757208734107 0.0061329934782595559 -0.0025020745080285584 0.0026349080574123796 -0.0037216463140822545 -4.0767149704778851e-06 -0.0030715082078673897 -0.00031030180080516651 6.6934049581624525e-05 -0.00049028045399013731 0.0012283760124931818 -0.00028480779998674675 0.0011567720724369099 -0.002444502249909314 -0.0081631159425644036 1.9346167306661717e-05 0.0020852602753602578 -0.0023311767345246697 -0.0019360726213953096 0.0030119104649964958 0.0023437162003030918 0.0028968138717569156 0.0026739755082647266 -0.0023984228990218894 0.0024666764473289661 8.5895907941647695e-07 -5.3880883105492527e-05 -1.1847903505585593e-05
leaf_weight=1289 306 229 302 494 222 2141 239 39809 212 348 373 206 325 206 323 398 202 1602 422 239 523 220 3698 307 544 290 993 42993 224 8012
leaf_count=1289 306 229 302 494 222 2141 239 39809 212 348 373 206 325 206 323 398 202 1602 422 239 523 220 3698 307 544 290 993 42993 224 8012
internal_value=1.75774e-05 0.000900429 0.00136032 -0.000482143 0.00038117 0.00159824 -0.000653846 -3.07911e-05 0.000111039 0.000968271 -0.001175 -0.000210621 -0.000195256 -0.000997555 -0.00241005 -0.00352898 -0.0045124 -0.000140491 -7.09341e-05 -0.000587651 -0.00142249 -0.000549465 0.00126339 -0.00132252 -0.000186357 0.00195451 0.00103183 3.64413e-05 0.00107312 5.58725e-06
internal_weight=107691 5589 4194 1395 1089 3965 541 102102 57083 4565 595 45019 44813 2858 1129 806 600 41955 1729 1404 982 743 4046 519 40353 3424 1283 52518 1513 51005
internal_count=107691 5589 4194 1395 1089 3965 541 102102 57083 4565 595 45019 44813 2858 1129 806 600 41955 1729 1404 982 743 4046 519 40353 3424 1283 52518 1513 51005
is_linear=0
shrinkage=0.03


Tree=145
num_leaves=31
num_cat=0
split_feature=19 32 19 26 11 32 29 8 10 20 35 23 18 23 18 25 26 25 19 34 29 35 24 17 10 18 9 34 10 34
split_gain=4.57203 4.36697 4.76515 3.79693 5.39469 3.67129 7.48312 4.82399 5.21524 8.05014 5.47628 4.7812 4.38331 4.10794 5.96628 6.74817 7.04303 3.55752 3.35887 3.21338 3.11766 3.05936 3.70727 2.94472 6.5774 2.85039 5.58664 3.78407 8.06996 3.30851
threshold=8.6525000000000016 0.99901018088683491 9.7025000000000023 2.6625000000000005 10.277500000000002 0.78257835753184668 5.1725000000000012 18.500000000000004 8.5000000000000018 11.365500000000003 73.250000000000014 0.034626530689995182 3.0925000000000007 0.96298446984074682 13.492500000000001 4.3725000000000014 5.0025000000000013 1.8875000000000004 2.9225000000000003 944.57500000000016 1.8275000000000003 15.750000000000002 1.6250000000000002 7.7125000000000012 10.500000000000002 15.447500000000002 4.5000000000000009 952.82500000000016 4.5000000000000009 949.12500000000011
decision_type=10 2 10 2 2 2 2 2 2 2 2 2 2 2 2 10 2 8 10 2 2 2 10 8 2 2 2 2 2 2
left_child=5 3 -3 4 -2 7 21 11 9 17 -11 -1 -8 14 -13 -16 -17 18 19 -9 -10 22 -7 24 -14 27 -27 28 29 -25
right_child=1 2 -4 -5 -6 6 12 8 20 10 -12 13 23 -15 15 16 -18 -19 -20 -21 -22 -23 -24 25 -26 26 -28 -29 -30 -31
leaf_value=1.0166126596561234e-06 0.0056599189969383729 0.0039625597955991517 -0.0015430103376738475 0.0016959467779373825 -0.0022390842276500912 -1.9696250327776807e-05 -0.00016323894482183347 -3.0996239826538206e-05 -1.311346988274696e-06 -0.00057615893455881771 -0.0071868802809907147 -1.1191801994960698e-05 -0.00060234798249585554 0.002120991291355494 0.0003233810873927884 -0.0040162683709906236 -0.00063271449168123234 1.058545023587364e-05 -3.112858048314774e-05 1.6769659462517263e-06 0.00018140513681464608 5.9041840567741529e-07 -7.3549990830423849e-05 -0.0042998282223723934 0.0049506463953713766 -0.0044581202425883716 0.0032053836871833983 0.0037353795733198235 0.0014359881791141012 -0.00035960927451447869
leaf_weight=7047 201 202 232 4738 200 431 391 375 1060 292 219 36708 381 975 326 347 220 8053 275 1029 3033 34175 201 217 412 228 242 3250 2121 328
leaf_count=7047 201 202 232 4738 200 431 391 375 1060 292 219 36708 381 975 326 347 220 8053 275 1029 3033 34175 201 217 412 228 242 3250 2121 328
internal_value=1.49843e-05 0.000851381 -0.00202278 0.00109584 -0.00169212 -3.06035e-05 0.00018312 -0.000181659 0.000298306 -6.35245e-05 -0.00371512 -0.000332493 0.00103762 -0.000463751 -0.000513668 -0.00292984 -0.00489336 0.00013002 -0.00112411 -0.000523776 0.00120278 -2.84374e-06 -0.00206279 0.00120643 -0.000515037 0.00142044 -0.000821053 0.00159905 0.000759266 -0.00248182
internal_weight=107909 5573 434 5139 401 102336 42377 59959 14336 10243 511 45623 7570 38576 37601 893 567 9732 1679 1404 4093 34807 632 7179 793 6386 470 5916 2666 545
internal_count=107909 5573 434 5139 401 102336 42377 59959 14336 10243 511 45623 7570 38576 37601 893 567 9732 1679 1404 4093 34807 632 7179 793 6386 470 5916 2666 545
is_linear=0
shrinkage=0.03


Tree=146
num_leaves=31
num_cat=0
split_feature=12 35 26 8 35 1 27 2 8 34 31 18 17 27 32 31 23 10 34 1 8 23 3 30 12 31 14 34 29 16
split_gain=5.02335 6.97598 2.53235 3.28478 3.04703 3.62819 7.11227 4.51487 4.23339 3.13026 3.49697 3.98461 2.76026 3.09542 2.38069 7.32015 4.95228 4.69102 8.5761 6.92896 4.40271 4.83849 6.42519 5.52662 3.73776 3.71888 3.56433 3.69007 3.46067 3.53729
threshold=10.537500000000001 18.750000000000004 2.7375000000000007 19.500000000000004 76.750000000000014 8.4250000000000025 6.4714583333333335 1.2189678705313629 6.5000000000000009 947.37500000000011 1.5041275019851785 11.162500000000001 8.3375000000000021 3.826458333333334 0.68832836526074803 1.46378844361603 0.19234096096893624 4.5000000000000009 951.92500000000018 15.075000000000003 18.500000000000004 0.72452741843777979 8.4169247822206827 9.4250000000000025 2.6075000000000008 1.933062629723586 0.60267459335177442 947.37500000000011 4.307500000000001 8.3725000000000023
decision_type=8 2 2 2 2 2 2 2 2 2 2 2 10 2 2 2 2 2 2 2 2 2 2 2 10 2 2 2 2 8
left_child=14 -2 3 12 9 7 -7 -6 -9 10 11 -4 13 -3 20 16 28 18 19 -18 21 -1 23 -23 -17 26 -22 -28 29 -16
right_child=1 2 4 -5 5 6 -8 8 -10 -11 -12 -13 -14 -15 15 24 17 -19 -20 -21 25 22 -24 -25 -26 -27 27 -29 -30 -31
leaf_value=-3.6232883428685831e-06 -0.003432480371911482 -0.00063346020860248736 -0.0025135802805546456 0.0021154783897504117 0.0024672811328553699 0.00091503968637672941 -0.0051504976107431214 0.00035723244372633565 -0.0036954244633610762 0.0019132073349596834 0.0039618379397728682 0.00059414453844386643 -0.001676082358291192 0.00018769350210567969 4.6774190635030797e-06 1.2384315066057029e-05 0.00017022077574591887 0.0017279220229044431 0.00021818777219996893 -0.0030368432653528179 7.9873737878155715e-06 -0.0011519356318501735 -0.0007328637254109127 -0.0038202293184063218 -9.4815088652655525e-06 4.6586830504086256e-05 9.6905151902412088e-06 -3.131961966390253e-05 -3.4836404132464869e-05 -1.4715823799131591e-05
leaf_weight=37721 236 283 213 350 1182 215 262 238 231 5826 541 204 203 894 6741 2346 317 5448 2969 376 4126 298 1827 314 23933 4922 1368 2463 1278 205
leaf_count=37721 236 283 213 350 1182 215 262 238 231 5826 541 204 203 894 6741 2346 317 5448 2969 376 4126 298 1827 314 23933 4922 1368 2463 1278 205
internal_value=3.06878e-05 0.000641735 0.000755706 -0.000293948 0.000959516 -3.09422e-05 -0.00232158 0.00063587 -0.00184177 0.00127 -0.000317757 -0.0023673 -0.000953068 -0.000388325 -3.8114e-05 0.000126072 0.000604533 0.00108612 0.00025525 -0.00273782 -0.00017312 -0.000327897 -0.00162152 -0.00426904 -0.000189583 0.000309454 -9.15598e-05 -0.00075 7.07256e-05 0.000334916
internal_weight=107530 10878 10642 1730 8912 2128 477 1651 469 6784 958 417 1380 1177 96652 43613 17334 9110 3662 693 53039 40160 2439 612 26279 12879 7957 3831 8224 6946
internal_count=107530 10878 10642 1730 8912 2128 477 1651 469 6784 958 417 1380 1177 96652 43613 17334 9110 3662 693 53039 40160 2439 612 26279 12879 7957 3831 8224 6946
is_linear=0
shrinkage=0.03


Tree=147
num_leaves=31
num_cat=0
split_feature=27 32 16 26 33 8 35 2 23 26 32 20 30 11 0 10 28 26 30 31 22 34 2 34 10 33 9 16 8 35
split_gain=5.51569 4.67387 7.08436 4.99817 4.18201 3.06333 4.95751 10.093 2.73318 2.71978 4.07995 5.28048 2.62623 2.62396 2.49306 2.36513 4.83937 2.95 2.72231 2.33608 2.33501 4.12028 6.22579 4.78815 4.77707 4.67478 4.08718 4.80918 4.03256 4.31631
threshold=5.4456250000000006 -0.72534675097891055 12.867500000000001 6.2525000000000004 0.25037047035109405 8.5000000000000018 69.250000000000014 1.1712160485503478 0.021734986252937873 4.7425000000000006 -0.99687937417578476 9.0056250000000038 15.125000000000002 10.357500000000002 11.332500000000001 11.500000000000002 2.545120944855332 3.5075000000000003 8.6250000000000018 1.4701929585781774 7.4845138888888902 953.22500000000014 1.1418673352334283 957.62500000000011 6.5000000000000009 -0.043617726472722392 5.5000000000000009 2.9625000000000008 14.500000000000002 77.250000000000014
decision_type=2 2 10 2 2 2 2 2 2 2 2 2 2 2 2 2 2 2 2 2 2 2 2 2 2 2 2 10 2 2
left_child=8 2 4 15 5 -2 9 -8 -1 10 11 -7 -12 -9 -4 18 17 -17 -3 -15 21 24 23 26 25 -10 27 -23 -22 -30
right_child=1 3 14 -5 -6 6 7 13 20 -11 12 -13 -14 19 -16 16 -18 -19 -20 -21 28 22 -24 -25 -26 -27 -28 -29 29 -31
leaf_value=1.5750164001035806e-06 0.0022326290974467467 -0.0016616973875426264 -0.00027416640460358133 -0.0046694577940423233 -0.0029104697538343246 2.809262714384055e-05 -0.0044225616240923093 -0.0014901005134106309 -1.3357448656872736e-06 0.0012063571732491131 0.00028656153034977393 -0.0024964047157448777 -0.0018986651355277161 -0.00099866476272312036 0.0020015920638250806 -0.0016080373142041704 -0.0069772878439069543 0.0034723167666653966 0.0030299409466111238 0.0034535649597273832 -4.7918001838650588e-05 -2.1630079091418396e-06 -3.2109689627957126e-06 2.1846004877932284e-05 -4.5429465744587733e-06 2.2107001842507053e-05 3.2162000709529611e-05 -5.2341470637468266e-05 0.0010138271424966962 -0.00053638841896021347
leaf_weight=4188 1004 255 207 202 365 219 396 217 7553 1948 1192 208 256 321 1922 234 213 565 3881 378 14622 750 25710 591 21021 6958 434 2610 7965 1353
leaf_count=4188 1004 255 207 202 365 219 396 217 7553 1948 1192 208 256 321 1922 234 213 565 3881 378 14622 750 25710 591 21021 6958 434 2610 7965 1353
internal_value=1.97137e-05 0.000575422 0.000143436 0.00127171 -0.000348441 -0.000161621 -0.000458171 -0.00204556 -6.31931e-05 8.85581e-05 -0.000726064 -0.00328472 3.71646e-05 -0.000306189 0.00164339 0.0014543 0.000153392 0.00122761 0.00177204 0.00059233 -9.82337e-05 -0.000190745 -0.000449003 -0.00149317 2.80272e-05 0.000446611 -0.00188418 -0.00223774 0.000155356 0.000642926
internal_weight=107738 13983 8633 5350 6504 6139 5135 1312 93755 3823 1875 427 1448 916 2129 5148 1012 799 4136 699 89567 65627 30095 4385 35532 14511 3794 3360 23940 9318
internal_count=107738 13983 8633 5350 6504 6139 5135 1312 93755 3823 1875 427 1448 916 2129 5148 1012 799 4136 699 89567 65627 30095 4385 35532 14511 3794 3360 23940 9318
is_linear=0
shrinkage=0.03


Tree=148
num_leaves=31
num_cat=0
split_feature=27 14 21 17 12 29 16 18 31 19 15 31 25 16 18 33 14 24 19 18 2 18 8 26 29 0 22 23 26 8
split_gain=5.9243 4.74534 3.67893 3.3498 2.98056 4.45153 2.84105 5.4112 4.36312 3.04942 2.5743 2.19906 3.92239 6.05894 4.7641 2.7934 2.58046 2.90114 2.58035 2.94655 2.51153 2.47005 3.20225 3.27555 2.30065 3.50209 2.24736 2.05342 2.56396 2.05257
threshold=5.4456250000000006 0.63973301722932618 1.2587874453384595 9.1300000000000026 9.5325000000000024 6.8825000000000012 13.742500000000001 13.492500000000001 1.3423801159650217 9.3525000000000027 -0.41500000000000042 1.1557868506560671 2.5625000000000004 5.8125000000000009 5.5125000000000011 -0.052335956242944064 1.6376787430378095 1.6750000000000005 2.2575000000000007 1.8225000000000005 1.1460264219388197 6.5775000000000015 11.500000000000002 3.3125000000000004 1.1875000000000002 1.9325000000000003 5.6057500000000013 0.033995620143041062 1.0025000000000002 7.5000000000000009
decision_type=2 2 2 10 10 2 10 2 2 10 2 2 10 8 2 2 2 10 8 2 2 2 2 2 2 2 2 2 2 2
left_child=2 -2 4 -4 5 11 7 29 -9 10 -10 12 -1 14 15 20 21 26 19 -17 -14 24 23 -23 -13 -26 -18 28 -27 -3
right_child=1 6 3 -5 -6 -7 -8 8 9 -11 -12 16 13 -15 -16 18 17 -19 -20 -21 -22 22 -24 -25 25 27 -28 -29 -30 -31
leaf_value=7.4415736741861161e-06 0.0015705290517298337 0.003511656480949477 -3.6437805848676591e-06 -0.00078851497359212243 0.0031548486111953929 -0.0024453205301683892 0.0023469717758368858 0.00049769777702973197 -0.0047574159026118352 -0.00062265120162333489 -0.0038222990926983316 2.2183683519295254e-06 -4.1198999202059303e-05 0.00028077748978007008 -9.4961634219643899e-05 -1.3476681545690257e-05 -1.5382420704512496e-05 3.4595243439534787e-06 6.203906745056704e-06 1.4466235504724891e-06 -1.8409823565409059e-07 6.2050801625915052e-05 0.0016361770877912094 -0.0010296130231996193 -2.644512188183088e-05 -2.977863033032423e-05 -0.00048957156495821861 -5.0279780391836685e-06 1.4884257344988618e-05 -2.4452372850792422e-05
leaf_weight=4901 8044 456 67899 204 956 238 1093 367 233 232 211 1517 241 790 217 221 317 380 1518 250 230 1479 2490 218 447 205 209 7463 1255 3403
leaf_count=4901 8044 456 67899 204 956 238 1093 367 233 232 211 1517 241 790 217 221 317 380 1518 250 230 1479 2490 218 447 205 209 7463 1255 3403
internal_value=3.18697e-05 0.000606451 -5.42978e-05 -0.000169451 0.000252711 0.000188606 -3.24999e-05 -0.000341145 -0.00225286 -0.00367401 -0.00511804 0.000228884 0.000622716 -0.000149481 -0.000831096 -0.000450304 2.25212e-05 -0.00152799 4.3631e-05 -0.00188445 -0.00251471 0.000116188 0.000734971 -0.000269683 -0.000122016 -0.0002976 -0.00296045 -0.000167003 0.000860068 0.000177795
internal_weight=107684 14039 93645 68103 25542 24586 5995 4902 1043 676 444 24348 8368 3467 2677 2460 15980 906 1989 471 471 15074 4187 1697 10887 9370 526 8923 1460 3859
internal_count=107684 14039 93645 68103 25542 24586 5995 4902 1043 676 444 24348 8368 3467 2677 2460 15980 906 1989 471 471 15074 4187 1697 10887 9370 526 8923 1460 3859
is_linear=0
shrinkage=0.03


Tree=149
num_leaves=31
num_cat=0
split_feature=24 9 19 13 22 34 17 34 21 3 18 34 16 33 35 24 0 31 26 31 11 26 18 34 21 11 29 31 34 22
split_gain=4.85366 2.66548 3.34796 3.33771 3.45012 3.90529 3.57996 2.87879 2.3967 2.25253 2.19574 2.97344 5.88221 3.5966 3.27987 3.42841 2.85159 2.772 2.52197 3.17557 2.30465 2.19972 3.05795 2.06748 3.39885 2.06626 2.97859 3.0363 2.49044 9.33565
threshold=7.8750000000000009 4.5000000000000009 7.4625000000000012 9.3791666666666682 12.917888888888891 952.12500000000011 7.5825000000000005 961.52500000000009 1.2587874453384595 7.1934865769288008 7.1625000000000014 948.47500000000014 9.797500000000003 -0.043617726472722392 76.750000000000014 4.0750000000000011 7.6975000000000007 1.8525060198447301 2.7675000000000005 1.9404206881308481 1.2225000000000004 3.9825000000000008 2.0425000000000004 959.62500000000011 0.82320005612915248 0.75750000000000017 1.1875000000000002 2.4983341634844214 961.62500000000011 7.3371527777777787
decision_type=10 2 10 2 2 2 10 2 2 2 2 2 10 2 2 10 2 2 2 2 2 2 2 2 2 2 2 2 2 2
left_child=8 2 7 9 5 -5 -7 -2 10 -3 16 12 18 -14 -13 23 20 -18 19 -12 -1 -22 -23 24 -16 -10 -27 -28 -29 -30
right_child=1 3 -4 4 -6 6 -8 -9 25 -11 11 14 13 -15 15 -17 17 -19 -20 -21 21 22 -24 -25 -26 26 27 28 29 -31
leaf_value=4.0997699545339969e-06 -0.0001212099858309705 -0.00013928167767475878 0.0023440387717577793 8.2399353172810802e-05 0.0026951435851512982 -0.0037177451266195874 -0.00096797127544114177 0.0032555496637485782 -1.3338066065262786e-05 0.0036527405583296857 -0.00068942331451767806 0.0019142215286699828 -1.9108053466106895e-05 -0.004330454184442536 0.0019758013524649944 -0.0028511688901751674 -0.00071517904588500243 0.00021816606769030055 0.0019855330649242438 0.001100886444356648 -4.4955934636785669e-07 -2.1681173987482487e-05 3.6200024998329706e-05 0.0032936714596769226 -0.0012140021896476594 3.9281033218186914e-06 -2.1392929364942698e-06 -1.5586187395851769e-05 7.5425634282739757e-06 -0.0010982633476673909
leaf_weight=1658 1699 213 2414 391 373 230 201 655 1282 429 277 3976 222 235 236 219 238 200 935 249 16978 349 1214 244 227 4609 62198 4835 372 247
leaf_count=1658 1699 213 2414 391 373 230 201 655 1282 429 277 3976 222 235 236 219 238 200 935 249 16978 349 1214 244 227 4609 62198 4835 372 247
internal_value=3.16422e-05 0.000819213 0.00119296 -0.000151466 -0.0010875 -0.00216929 -0.00412156 0.000386605 -1.98999e-05 0.00158578 0.000219249 0.000685714 -0.000315132 -0.00326623 0.00107724 -0.000528464 6.49647e-05 -0.00231603 0.000615962 -0.00103955 0.000117155 2.11907e-05 0.0010963 0.000492978 -0.000685897 -0.000109194 -8.79666e-05 -0.000138256 -0.000816633 -0.00260096
internal_weight=107605 6605 4768 1837 1195 822 431 2354 101000 642 27457 6820 1918 457 4902 926 20637 438 1461 526 20199 18541 1563 707 463 73543 72261 67652 5454 619
internal_count=107605 6605 4768 1837 1195 822 431 2354 101000 642 27457 6820 1918 457 4902 926 20637 438 1461 526 20199 18541 1563 707 463 73543 72261 67652 5454 619
is_linear=0
shrinkage=0.03


Tree=150
num_leaves=31
num_cat=0
split_feature=27 19 34 21 19 26 24 35 19 7 18 13 16 25 29 15 27 28 1 19 34 5 8 1 1 34 2 12 24 21
split_gain=3.86077 7.97867 7.5292 2.79498 2.62674 6.60011 3.57903 2.57792 3.36758 2.53654 2.94503 3.89903 3.79787 6.02071 2.82563 2.92967 4.02057 2.78168 2.69728 2.53443 2.51297 2.46203 2.96129 2.38975 2.29922 2.26874 2.61401 3.02711 11.9701 5.45399
threshold=6.1943750000000009 12.802500000000002 947.07500000000016 1.1830064102377325 9.5025000000000013 5.0025000000000013 6.825000000000002 76.750000000000014 9.422500000000003 41.500000000000007 7.9775000000000018 1.335 12.167500000000002 2.1725000000000003 8.5125000000000011 -1.1499999999999995 4.7006250000000014 1.0912015548603702 -2.9749999999999992 8.0575000000000028 952.92500000000018 0.6988357872093649 14.500000000000002 36.725000000000009 38.275000000000006 967.97500000000014 1.2221243581812249 4.1725000000000012 4.575000000000002 3.1336247646972133
decision_type=2 8 2 2 10 2 10 2 10 2 2 2 8 10 2 2 2 2 2 10 2 2 2 2 2 2 2 10 10 2
left_child=3 7 -3 23 9 6 -6 19 -9 10 12 -12 -5 -14 15 16 17 -13 -15 21 -18 -2 -23 -1 -25 26 27 28 -17 -30
right_child=1 2 -4 4 5 -7 -8 8 -10 -11 11 14 13 18 -16 25 20 -19 -20 -21 -22 22 -24 24 -26 -27 -28 -29 29 -31
leaf_value=2.3443091794928157e-06 0.0029324296321564659 -0.0028240888076340245 1.3149685463191285e-05 -1.8335105504831093e-06 0.0020749843186316074 -0.0019989233790091523 -0.0015615294266286225 -0.0027656338234699138 0.0022157779022503278 -1.6547097611070949e-05 -4.4102322893281237e-05 -7.2707374852373202e-05 -4.7689803319513933e-05 1.6956131736374208e-05 -0.0017940616201351071 4.4617794215743612e-06 -0.00036892824611954817 4.5090554334074395e-05 -7.1785510294404583e-05 0.0023720222733076054 -0.0011247273888429878 0.0038401789468978597 -0.0014997717015505789 -6.6104802858432679e-05 1.5723949897500122e-06 0.0029534501419341969 -1.4890199108404545e-05 0.00018266410510570368 -0.00025675903851824785 -0.00012292367360920454
leaf_weight=23526 412 292 3570 33761 501 215 352 338 422 11534 260 545 216 256 296 2427 255 1006 352 2594 228 463 302 237 209 534 4195 18124 200 209
leaf_count=23526 412 292 3570 33761 501 215 352 338 422 11534 260 545 216 256 296 2427 255 1006 352 2594 228 463 302 237 209 534 4195 18124 200 209
internal_value=4.42618e-05 0.000661943 -0.000339798 -7.90391e-06 -9.75473e-05 -0.0015713 -0.000374126 0.00151521 -7.84313e-05 -7.62871e-05 -1.24056e-06 0.000225817 -0.000186904 -0.002193 0.000260027 0.000291366 -0.000803335 -5.59125e-05 -0.000646003 0.00183607 -0.00317828 0.000677665 -0.000331169 0.000274263 -0.00188914 0.000378182 0.000336844 0.000473647 -0.00043717 -0.00515217
internal_weight=107831 8393 3862 99438 75466 1068 853 4531 760 74398 62864 28279 34585 824 28019 27723 2034 1551 608 3771 483 1177 765 23972 446 25689 25155 20960 2836 409
internal_count=107831 8393 3862 99438 75466 1068 853 4531 760 74398 62864 28279 34585 824 28019 27723 2034 1551 608 3771 483 1177 765 23972 446 25689 25155 20960 2836 409
is_linear=0
shrinkage=0.03


Tree=151
num_leaves=31
num_cat=0
split_feature=24 29 1 31 34 26 15 21 24 13 25 28 8 14 12 33 34 33 17 14 12 25 0 17 18 11 8 1 14 31
split_gain=4.83136 2.66492 3.51755 4.93279 3.47642 3.04483 3.52643 2.54001 2.47178 4.49534 2.99321 4.17036 4.06314 3.79086 3.39295 3.80031 3.64379 3.38093 3.31046 3.24444 2.96007 2.86155 4.02024 4.70114 5.58233 3.2424 4.52941 5.35617 3.47835 3.15355
threshold=7.8750000000000009 6.3675000000000006 -1.8749999999999998 1.456918026751749 961.12500000000011 3.7175000000000007 -0.050000000000000148 1.1830064102377325 3.7750000000000008 5.1858333333333357 3.4775000000000005 1.3470755360077578 18.500000000000004 1.0028750337571224 8.1875000000000018 -0.026175951569892126 953.22500000000014 -0.39873388578253693 3.6000000000000005 0.60267459335177442 6.5775000000000015 7.722500000000001 7.9125000000000014 4.3775000000000013 8.6125000000000025 10.877500000000001 5.5000000000000009 -2.2249999999999996 0.7993486932080206 1.7251975201973868
decision_type=10 2 2 2 2 2 2 2 8 2 10 2 2 2 10 2 2 2 8 2 10 8 2 10 2 2 2 2 2 2
left_child=7 4 3 -3 5 -2 -7 -1 9 -9 12 -12 14 20 16 -16 -11 -18 -19 -20 -13 25 23 -23 -25 -10 -27 -28 -29 -30
right_child=1 2 -4 -5 -6 6 -8 8 21 10 11 13 -14 -15 15 -17 17 18 19 -21 -22 22 -24 24 -26 26 27 28 29 -31
leaf_value=1.9207580777946344e-06 7.7792528416603473e-05 -0.0047036733449373593 0.0020074635055471004 0.0021401976352495274 0.0032122347185622167 -0.00095336996113039914 -0.00018731697240484036 -1.1001217938577842e-06 -4.4219034869459604e-07 -5.8650662031094683e-06 3.6093374656552461e-05 -7.4509026052062967e-06 2.083658665896888e-06 4.3844285373542433e-05 -0.00023546236643290849 -0.00018776679440312072 1.4538670522942949e-06 -1.5590426831908407e-06 -0.00010926763704426047 -5.8333451762612262e-05 -0.00023359278836389429 1.8871313015376388e-05 0.0015240213410700157 -0.00040861316061686307 0.00075223538351356603 0.00033627086208072419 -0.0014538227192749439 -0.00016214222152584356 -0.0019363192893567787 0.00023011800132552004
leaf_weight=24584 779 276 4178 350 430 268 289 13368 47914 1109 1412 216 1055 201 337 299 278 231 327 306 317 1616 2511 303 211 1093 202 1437 816 349
leaf_count=24584 779 276 4178 350 430 268 289 13368 47914 1109 1412 216 1055 201 337 299 278 231 327 306 317 1616 2511 303 211 1093 202 1437 816 349
internal_value=1.51869e-05 0.000803042 0.00116906 -0.000922345 -0.000193111 -0.000948546 -0.00263167 -3.63592e-05 -0.000122192 -0.00041375 -0.00108912 -0.00018689 -0.00157943 -0.00201353 -0.00216079 -0.00409048 -0.00160771 -0.00279337 -0.00371461 -0.00482915 -0.003329 -2.16801e-05 0.000691563 -0.000266979 -0.00275144 -8.56298e-05 -0.000917222 -0.001555 -0.00118297 -0.00239744
internal_weight=107062 6570 4804 626 1766 1336 557 100492 75908 19456 6088 2146 3942 734 2887 636 2251 1142 864 633 533 56452 4641 2130 514 51811 3897 2804 2602 1165
internal_count=107062 6570 4804 626 1766 1336 557 100492 75908 19456 6088 2146 3942 734 2887 636 2251 1142 864 633 533 56452 4641 2130 514 51811 3897 2804 2602 1165
is_linear=0
shrinkage=0.03


Tree=152
num_leaves=31
num_cat=0
split_feature=27 32 5 26 18 2 35 26 34 14 25 34 34 29 24 35 32 29 11 23 28 18 24 30 34 32 8 22 10 35
split_gain=3.87067 4.25701 7.78585 4.43023 4.15623 4.29958 3.75091 2.74664 6.35909 2.56448 2.5149 3.56757 5.22297 6.32922 3.65699 3.24147 3.09896 2.26703 2.28856 2.54879 2.25472 1.99541 1.93332 1.72293 4.00708 4.41996 2.24923 3.90088 3.5623 9.97786
threshold=5.4456250000000006 -0.7880107536067219 0.92775668400794131 6.2525000000000004 13.842500000000003 1.1315036106578964 76.750000000000014 2.6775000000000007 957.02500000000009 0.67352307557598701 3.9725000000000006 945.02500000000009 947.97500000000014 7.6975000000000007 7.6250000000000009 59.250000000000007 -0.99140711019144601 1.1125000000000003 0.66750000000000009 0.026095900731479452 2.4573323438397892 4.8675000000000006 10.125000000000002 12.325000000000003 952.32500000000016 -0.95368063612909426 13.500000000000002 7.6735000000000015 2.5000000000000004 67.250000000000014
decision_type=2 2 2 2 2 2 2 2 2 2 10 2 2 2 8 2 2 2 2 2 2 2 10 2 2 2 2 2 2 2
left_child=17 2 4 6 10 -6 7 8 -3 -4 -2 -12 13 -13 -14 -16 -17 18 19 -1 -11 -21 -9 26 -25 -26 28 -28 29 -19
right_child=1 3 9 -5 5 -7 -8 22 -10 20 11 12 14 -15 15 16 -18 23 -20 21 -22 -23 -24 24 25 -27 27 -29 -30 -31
leaf_value=4.7063186063453151e-06 0.00066147023653018264 -0.002733871484880046 0.0018513214229214303 -0.004835169082299735 -0.00011420792566462079 -0.0038459291168771331 -0.00097390142091981712 0.0028093905026899024 0.0087813987767926191 0.001766981122044983 0.0033753094649753151 -0.0007524176029770097 -0.0018656731147605801 -0.0023872431721021197 0.0021174020679949777 -0.0015429127149725048 -6.5389215567391852e-05 -0.0001827572955268808 3.4666230893403452e-06 -3.2059413653515676e-05 -0.00067844538261779244 -1.1623839076385565e-05 -0.002306641330361583 -1.2037122867615347e-05 -0.0013426159734824452 -0.00062236832810512726 -8.6168734974799606e-07 0.0007466173763890035 -1.3035608032434478e-06 -3.5555379911533095e-06
leaf_weight=280 927 216 1813 210 266 335 233 4310 246 788 499 356 386 203 1159 219 647 1603 5760 204 1029 299 203 1273 253 241 26708 8122 43119 5726
leaf_count=280 927 216 1813 210 266 335 233 4310 246 788 499 356 386 203 1159 219 647 1603 5760 204 1029 299 203 1273 253 241 26708 8122 43119 5726
internal_value=3.21356e-05 0.000496441 8.2368e-05 0.00115508 -0.000685526 -0.00301485 0.00132822 0.00150301 -0.00069379 0.00113893 -0.000364008 -0.000734888 -0.00112941 -0.00372872 -0.000520281 -7.38905e-06 -0.0013915 -3.75668e-05 0.000500764 -0.0010165 0.000340834 -0.00228543 0.00172842 -7.80585e-05 -0.00100395 -0.00328256 -5.88158e-05 0.000126597 -0.000186827 -0.000798064
internal_weight=107633 14045 8627 5418 4997 601 5208 4975 462 3630 4396 3469 2970 559 2411 2025 866 93588 6543 783 1817 503 4513 87045 1767 494 85278 34830 50448 7329
internal_count=107633 14045 8627 5418 4997 601 5208 4975 462 3630 4396 3469 2970 559 2411 2025 866 93588 6543 783 1817 503 4513 87045 1767 494 85278 34830 50448 7329
is_linear=0
shrinkage=0.03


Tree=153
num_leaves=31
num_cat=0
split_feature=27 32 16 26 33 31 35 1 26 24 14 9 34 34 9 12 23 10 1 32 21 20 2 34 1 25 24 34 24 31
split_gain=4.36192 5.59276 7.47473 3.99664 3.91415 3.62763 3.55432 7.549 4.69466 7.92823 5.39175 3.17925 2.64194 4.73818 4.2718 7.3496 2.57284 2.45968 3.35471 6.3379 2.38422 2.16931 2.07036 2.02971 2.95265 3.44333 3.0756 2.02147 2.13676 2.77034
threshold=5.4456250000000006 -0.72534675097891055 12.867500000000001 5.7025000000000015 0.10452846326765323 1.5170093896713619 69.250000000000014 9.0250000000000021 4.3325000000000014 7.6250000000000009 1.0028750337571224 2.5000000000000004 948.77500000000009 943.62500000000011 1.5000000000000002 9.3775000000000031 0.029988894377442302 11.500000000000002 0.37500000000000006 0.98624804680367306 3.1581071251454271 9.9020833333333353 1.1247621642456853 953.42500000000018 24.675000000000004 8.672500000000003 9.0250000000000021 942.52500000000009 4.7250000000000005 1.1097950511860615
decision_type=2 2 10 2 2 2 2 2 2 8 2 2 2 2 2 10 2 2 2 2 2 2 2 2 2 8 8 2 8 2
left_child=16 2 5 17 -5 6 8 11 9 -2 22 -8 13 -10 -15 -16 -1 23 19 -19 -4 -14 -11 24 25 26 -3 28 29 -18
right_child=1 3 20 4 -6 -7 7 -9 12 10 -12 -13 21 14 15 -17 27 18 -20 -21 -22 -23 -24 -25 -26 -27 -28 -29 -30 -31
leaf_value=1.3957525847511746e-06 -0.0042806766366389184 0.0011691790277856939 0.001724059498357201 -0.0043669944215110681 0.0019574561178249969 0.00069740318901169885 0.0020385736119803363 -0.004221272470051868 0.0047078538968221379 -0.0001749869398680165 -0.0025981849693432358 -0.0015442764198086438 -9.3962982103981547e-05 0.0003940728959048968 0.00020986078657644956 -0.0052495451730792172 -4.1872471904958112e-05 -0.0044933639046783888 0.0037298307058410457 0.0016044053331434193 -0.002532023835959094 0.0026742789052722864 0.002053880005955128 0.0029282870656873214 0.0054908124154921358 0.0011944857421746244 -0.0026518553403336452 -2.9250977878125459e-06 1.4382921805266845e-05 3.9278364075983309e-06
leaf_weight=7541 241 259 1904 243 234 1605 391 377 264 323 344 370 531 327 202 207 271 242 434 263 264 918 447 2461 843 220 232 80047 4574 1231
leaf_count=7541 241 259 1904 243 234 1605 391 377 264 323 344 370 531 327 202 207 271 242 434 263 264 918 447 2461 843 220 232 80047 4574 1231
internal_value=4.0347e-05 0.00053127 6.02065e-05 0.00128642 -0.00132573 -0.000445513 -0.000847786 -0.00231496 -0.000406406 -0.00181985 -0.000739946 -0.000583551 0.000377751 -0.00080597 -0.00204049 -0.00406522 -3.38211e-05 0.00153902 0.00015572 -0.0015 0.00158491 0.00119464 0.000658065 0.00186194 0.00100834 -0.000414804 -0.00180847 -8.0357e-05 0.000446966 -0.00053351
internal_weight=107810 14146 8715 5431 477 6547 4942 1138 3804 1355 1114 761 2449 1000 736 409 93664 4954 939 505 2168 1449 770 4015 1554 711 491 86123 6076 1502
internal_count=107810 14146 8715 5431 477 6547 4942 1138 3804 1355 1114 761 2449 1000 736 409 93664 4954 939 505 2168 1449 770 4015 1554 711 491 86123 6076 1502
is_linear=0
shrinkage=0.03


Tree=154
num_leaves=31
num_cat=0
split_feature=24 9 35 35 12 10 22 2 32 28 25 23 8 7 27 34 25 1 19 34 28 12 4 10 30 19 33 19 23 12
split_gain=4.74001 2.91822 3.0651 4.00359 3.03806 2.40696 2.31567 2.45781 2.51654 2.4356 2.19968 2.12576 2.09992 1.7657 2.01259 1.96562 3.00843 1.75009 1.54453 2.13055 2.26371 1.49695 2.81979 5.48688 3.84872 2.62215 2.46302 4.19173 2.21031 2.06388
threshold=7.8750000000000009 4.5000000000000009 68.750000000000014 25.250000000000004 6.7025000000000015 4.5000000000000009 12.246944444444447 1.1389149935488161 -0.97233289553061575 2.9556555947591319 8.0125000000000011 0.019469600034940058 13.500000000000002 40.500000000000007 6.5514583333333336 940.22500000000014 2.1025000000000005 28.875000000000004 7.5125000000000011 956.12500000000011 2.6563422532581558 10.867500000000001 0.85107930443362256 6.5000000000000009 12.325000000000003 9.7025000000000023 0.35019404643548474 8.5875000000000021 0.81455168397756517 7.4025000000000007
decision_type=10 2 2 2 10 2 2 2 2 2 10 2 2 2 2 2 8 2 10 2 2 10 2 2 2 10 2 8 2 10
left_child=6 4 3 -3 -2 -6 11 8 -8 -9 18 -1 -5 15 -15 16 17 -13 19 20 -7 22 25 24 -24 28 -23 -28 -17 -30
right_child=1 2 -4 12 5 10 7 9 -10 -11 -12 13 -14 14 -16 21 -18 -19 -20 -21 -22 26 23 -25 -26 -27 27 -29 29 -31
leaf_value=1.4169321425526984e-06 -0.00018464973391466854 -0.0014695534495701146 -0.0021115493308895374 0.002629895414524653 0.0028238291528393305 0.0014328053174230892 0.0025619256266342515 0.0017260497757374449 -0.0038509388157322954 -0.00086557396788883181 -0.0019300155699024711 -4.8537250284963896e-05 -0.00016635369722087131 -7.3743919235305049e-06 -0.0036192614245193475 -3.6190626120913977e-07 3.1028797912857567e-05 6.5999145882659634e-06 0.0019309309965079768 0.0028025614388343975 -0.0023198937286362312 0.00039142374034624553 -0.00048858903710300675 0.00012406088044900133 -0.0021819486892634974 -0.0013122153763356537 0.00025302793354867458 -0.0020743398967003751 -0.00045292410250183639 0.0020085476357743952
leaf_weight=2526 401 364 382 717 1196 467 314 1991 386 341 338 211 373 15772 223 68550 1287 235 1277 689 386 3043 363 652 340 361 257 202 935 2796
leaf_count=2526 401 364 382 717 1196 467 314 1991 386 341 338 211 373 15772 223 68550 1287 235 1277 689 386 3043 363 652 340 361 257 202 935 2796
internal_value=6.6912e-05 0.000846096 -0.000169473 0.00046059 0.00123808 0.00146833 1.59243e-05 0.000831742 -0.000723404 0.0012991 0.00103131 -9.42111e-06 0.00136986 -3.22265e-05 -0.000319687 2.58214e-05 0.00102359 -0.00109091 0.00130559 0.000663219 -0.000339161 3.4451e-06 -2.5256e-05 -0.00137868 -0.00320763 8.27029e-08 0.000609068 -0.00142888 1.29072e-05 0.000723501
internal_weight=107375 6590 1836 1454 4754 4353 100785 3032 700 2332 3157 97753 1090 95227 15995 79232 1733 446 2819 1542 853 77499 73997 1355 703 72642 3502 459 72281 3731
internal_count=107375 6590 1836 1454 4754 4353 100785 3032 700 2332 3157 97753 1090 95227 15995 79232 1733 446 2819 1542 853 77499 73997 1355 703 72642 3502 459 72281 3731
is_linear=0
shrinkage=0.03


Tree=155
num_leaves=31
num_cat=0
split_feature=27 8 1 2 8 34 34 29 34 19 24 35 19 28 34 16 35 26 16 26 2 13 29 25 27 34 1 8 21 19
split_gain=6.65291 2.72934 6.92818 3.61227 6.68125 9.01466 9.3735 3.62327 3.99084 4.16685 6.8178 3.56984 6.43209 3.24058 3.60749 2.97897 2.91871 2.53316 2.27809 2.12903 1.95755 1.96128 2.08548 2.32562 2.1659 2.00292 4.11239 6.38256 6.88023 4.37248
threshold=5.4456250000000006 15.500000000000002 2.4750000000000005 1.203426890226911 7.5000000000000009 964.37500000000011 959.02500000000009 5.0125000000000011 956.92500000000018 12.802500000000002 9.0750000000000028 33.750000000000007 7.9025000000000007 1.8628215605111502 948.47500000000014 14.282500000000002 73.250000000000014 2.8375000000000008 0.88750000000000007 5.6375000000000011 1.2737186211814968 11.51416666666667 6.017500000000001 6.1075000000000008 3.5356250000000005 952.82500000000016 17.075000000000006 6.5000000000000009 2.0548379396735403 9.7025000000000023
decision_type=2 2 2 2 2 2 2 2 2 8 10 2 8 2 2 10 2 2 8 2 2 2 2 10 2 2 2 2 2 10
left_child=18 3 -3 7 -5 6 -6 -2 9 17 -11 13 -13 -4 -15 16 19 -9 -1 -14 21 22 25 24 -24 -20 29 28 -28 -27
right_child=1 2 11 4 5 -7 -8 8 -10 10 -12 12 15 14 -16 -17 -18 -19 20 -21 -22 -23 23 -25 -26 26 27 -29 -30 -31
leaf_value=2.3715375919896447e-06 -0.0011168645196653259 0.0027296587439499037 0.0027129120188698901 0.0011531792506833598 -0.00076710565855083032 0.0010561526856719861 -0.0045918630848386125 -0.0025206749653383883 0.0027203808289046347 0.00039862072646609635 -0.0036290525096867024 -0.0020598069615703485 0.00053793267094175417 -0.0032978881939752206 0.0024970598469175815 0.0021210652529566011 -0.0036369828333957526 0.0019909547782665125 1.8122569497376378e-06 -0.0024274994513473025 1.3542848145865812e-05 0.00041433158262332105 -0.00058648451224343578 -0.0013392262993246274 -0.00011380205508911646 -1.0574151209493537e-06 -9.4372691378515105e-05 -1.3506739720979002e-05 -7.555474810334167e-07 -0.002195281415949
leaf_weight=2205 211 1070 723 894 336 440 201 252 2047 2107 275 245 764 293 266 282 434 2963 40345 304 387 1427 254 289 4628 38823 296 4257 220 214
leaf_count=2205 211 1070 723 894 336 440 201 252 2047 2107 275 245 764 293 266 282 434 2963 40345 304 387 1427 254 289 4628 38823 296 4257 220 214
internal_value=4.27707e-05 0.000649873 2.80439e-05 0.000929812 -0.000254264 -0.00196436 -0.00455535 0.00121183 0.00131939 0.000903427 -4.77586e-05 -0.000650482 -0.00143215 0.000587413 -0.00112234 -0.000798211 -0.00132979 0.00160714 -4.9009e-05 -0.000480895 -7.20828e-05 -8.12159e-05 -9.88681e-05 -0.000683346 -0.000526703 -6.29158e-05 -0.000203355 -0.00103411 -0.00416891 -0.00010166
internal_weight=107452 14107 4381 9726 1871 977 537 7855 7644 5597 2382 3311 2029 1282 559 1784 1502 3215 93345 1068 91140 90753 89326 5171 4882 84155 43810 4773 516 39037
internal_count=107452 14107 4381 9726 1871 977 537 7855 7644 5597 2382 3311 2029 1282 559 1784 1502 3215 93345 1068 91140 90753 89326 5171 4882 84155 43810 4773 516 39037
is_linear=0
shrinkage=0.03


Tree=156
num_leaves=31
num_cat=0
split_feature=24 9 14 20 8 14 9 34 19 34 20 31 13 31 29 8 34 34 34 18 23 33 0 8 20 26 2 31 2 23
split_gain=5.14286 2.69303 2.84868 2.46143 3.0868 3.74571 3.60271 2.45587 2.30765 2.61757 2.23094 2.11886 1.9956 2.28519 1.92119 3.68921 2.84065 1.91995 4.96992 11.4308 8.10166 7.35085 13.4496 6.39042 4.50101 4.44753 6.12091 4.29246 11.5448 6.31183
threshold=7.8750000000000009 4.5000000000000009 0.58754432456908001 12.177916666666668 18.500000000000004 0.97443359512977612 1.0000000180025095e-35 957.22500000000014 7.5125000000000011 961.52500000000009 1.6335416666666671 1.191144486309313 10.120833333333335 1.436845895780914 8.5125000000000011 14.500000000000002 950.72500000000014 954.12500000000011 957.72500000000014 13.492500000000001 0.407137956794348 0.15643446504023081 6.4225000000000012 13.500000000000002 5.4988750000000008 3.9625000000000004 1.1693505597259679 1.8452729068427629 1.181477932733173 0.59683603706972488
decision_type=10 2 2 2 2 2 2 2 10 2 2 2 2 2 2 2 2 2 2 2 2 2 2 2 2 2 2 2 2 2
left_child=3 8 -3 10 6 -6 -5 -4 9 11 -1 -2 -13 -14 17 -16 -17 -12 19 20 21 -19 23 24 -23 -20 -27 28 -22 -30
right_child=1 2 7 4 5 -7 -8 -9 -10 -11 14 12 13 -15 15 16 -18 18 25 -21 27 22 -24 -25 -26 26 -28 -29 29 -31
leaf_value=1.4159939494882766e-06 0.001596400386494775 0.0022364538689683029 -5.4424367904124076e-05 -0.001596639304764924 0.00046278920616301674 -0.0055183255758778377 0.0019849992975863374 -0.0021241883299495112 0.001815214595474367 0.0028836176947680666 1.3037462760451431e-06 -0.00084933134472669797 -0.0019356496881068963 0.0025396695932642789 0.00014295198038366929 -0.0031778153391295136 -0.00015340178865238076 -4.3909643947494651e-06 1.7134766551861375e-06 -0.0018535387232516709 0.00059283219629861761 -1.5747204729309552e-05 -0.00037988724320985252 7.0958940769190051e-07 -0.00023704326983161391 0.001626943955192636 -8.813235153474286e-05 0.000729650462226424 -3.8673083994529628e-05 -0.0022696139158950705
leaf_weight=2542 394 984 594 212 406 223 2356 262 2401 666 51731 641 347 331 674 312 286 5724 24459 380 1798 1159 416 1342 309 319 2473 2718 350 472
leaf_count=2542 394 984 594 212 406 223 2356 262 2401 666 51731 641 347 331 674 312 286 5724 24459 380 1798 1159 416 1342 309 319 2473 2718 350 472
internal_value=1.90427e-05 0.000828679 -0.000146341 -3.42418e-05 0.000784197 -0.00109306 0.00124524 -0.00140767 0.00120376 0.000539849 -6.1127e-05 -8.20721e-05 -0.000659365 0.000474378 -8.46333e-05 -0.00124041 -0.00294527 -6.88697e-05 -0.000219755 -0.000664895 -0.000527251 -0.00107873 -0.00222284 -0.00147069 -0.00283503 1.99223e-05 -0.00111334 0.00039753 -0.000468571 -0.00340266
internal_weight=107281 6620 1840 100661 3197 629 2568 856 4780 2379 97464 1713 1319 678 94922 1272 598 93650 41919 14668 14288 8950 3226 2810 1468 27251 2792 5338 2620 822
internal_count=107281 6620 1840 100661 3197 629 2568 856 4780 2379 97464 1713 1319 678 94922 1272 598 93650 41919 14668 14288 8950 3226 2810 1468 27251 2792 5338 2620 822
is_linear=0
shrinkage=0.03


Tree=157
num_leaves=31
num_cat=0
split_feature=24 9 11 11 34 1 34 18 8 19 20 15 24 9 26 35 20 34 31 18 1 21 22 25 28 34 34 1 31 9
split_gain=4.30652 2.7845 4.48594 4.67724 4.74687 9.28601 9.18173 11.2414 3.02126 4.60227 3.5605 3.29211 3.48952 3.24291 3.21938 3.99453 4.56909 3.70442 6.04885 3.20756 4.24759 5.3878 3.51246 2.95257 2.93624 5.53425 2.83085 2.7415 2.8539 2.72661
threshold=7.8750000000000009 4.5000000000000009 9.3175000000000026 2.7525000000000004 962.52500000000009 -5.8249999999999984 961.22500000000014 10.312500000000002 14.500000000000002 7.9025000000000007 3.3285416666666676 2.242500000000001 4.7250000000000005 5.5000000000000009 3.9025000000000007 43.750000000000007 4.9531666666666672 950.52500000000009 1.1169667773110479 3.8875000000000006 -0.17499999999999993 1.8376439852883217 3.755555555555556 1.0000000180025095e-35 2.9556555947591319 953.82500000000016 955.12500000000011 30.075000000000006 1.1369025853965897 4.5000000000000009
decision_type=10 2 2 2 2 2 2 2 2 10 2 2 10 2 2 2 2 2 2 2 2 2 2 10 2 2 2 2 2 2
left_child=1 24 3 23 5 -5 8 -8 11 10 13 12 14 -10 15 16 27 18 -18 -17 21 -21 -22 26 -1 -26 -3 28 -7 -2
right_child=29 2 -4 4 -6 6 7 -9 9 -11 -12 -13 -14 -15 -16 19 17 -19 -20 20 22 -23 -24 -25 25 -27 -28 -29 -30 -31
leaf_value=-1.0246614012956835e-06 0.0013555724548942015 2.5488734385186068e-06 0.0012620898025029711 -0.00098327328807702057 3.1909945309231259e-05 -3.6923200712201313e-05 -3.1605515114907645e-05 -0.0025430892217254567 -3.8456241211726631e-05 -0.0016961106673457809 5.3358996858095697e-05 -0.00016732317754869014 0.00019566774361500004 1.9530732242873337e-06 3.0914277043136102e-05 1.6722757476990573e-05 -9.4782494138157206e-05 -2.583365293764542e-05 -0.00041429518587637908 -9.3999545123472382e-05 -2.0853322811625116e-05 -4.3981408997051278e-05 -2.9523196183761473e-06 1.2211488158671845e-05 -7.5594502652321087e-05 -0.0022684650851943831 -1.1454905540478144e-05 3.633901030092944e-05 6.3008679322230986e-06 -9.5550933878997264e-05
leaf_weight=71125 4797 476 3740 338 1947 298 494 205 303 201 5114 222 1836 371 1123 1426 237 231 381 209 202 330 2574 5711 901 341 204 203 338 1858
leaf_count=71125 4797 476 3740 338 1947 298 494 205 303 201 5114 222 1836 371 1123 1426 237 231 381 209 202 330 2574 5711 901 341 204 203 338 1858
internal_value=5.61347e-05 7.44921e-06 0.000257391 0.000112174 -0.000128631 -0.000292771 -0.000189904 -0.00354119 -3.86438e-05 0.00048999 0.000646297 -0.000368175 -0.000281699 -0.00139617 -0.000566891 -0.000825769 -0.00207679 -0.00362178 -0.00482504 -0.000378635 -0.00089006 -0.00331434 -0.000414239 0.000811914 -9.17343e-05 -0.00153488 -0.00105109 -0.000501185 -0.00146958 0.000795045
internal_weight=107736 101081 28714 24974 18583 16636 16298 699 15599 5989 5788 9610 9388 674 7552 6429 1688 849 618 4741 3315 539 2776 6391 72367 1242 680 839 636 6655
internal_count=107736 101081 28714 24974 18583 16636 16298 699 15599 5989 5788 9610 9388 674 7552 6429 1688 849 618 4741 3315 539 2776 6391 72367 1242 680 839 636 6655
is_linear=0
shrinkage=0.03


Tree=158
num_leaves=31
num_cat=0
split_feature=27 32 19 33 26 35 16 0 25 9 32 26 16 35 26 34 2 17 18 26 1 24 18 30 9 32 18 16 2 34
split_gain=4.74087 3.69644 7.0686 4.8242 4.20923 3.90153 3.36575 4.10884 3.94521 2.77277 4.19545 4.22319 4.29798 3.62365 2.28268 5.01312 2.17808 2.12169 2.0944 8.40014 2.18209 2.25171 1.99715 1.72023 1.62159 3.5148 4.25606 3.68274 3.97033 9.38008
threshold=5.4456250000000006 -0.72534675097891055 9.2775000000000016 0.25037047035109405 6.2525000000000004 76.250000000000014 14.282500000000002 15.8725 3.9725000000000006 1.5000000000000002 -0.99353402350479758 4.8875000000000011 9.3775000000000031 76.250000000000014 2.6775000000000007 957.02500000000009 1.2737186211814968 9.2225000000000019 13.277500000000002 5.222500000000001 18.125000000000004 7.3750000000000009 8.7125000000000021 8.7250000000000032 4.5000000000000009 0.91702515554752073 6.6775000000000011 1.6775000000000004 1.2248429590802654 962.12500000000011
decision_type=2 2 10 2 2 2 10 2 10 2 2 2 8 2 2 2 2 10 2 2 2 10 2 2 2 2 2 10 2 2
left_child=16 2 3 6 5 14 7 8 -2 13 11 12 -11 22 15 -3 17 24 20 -20 -12 -22 -10 -16 -1 26 -26 -27 -29 -30
right_child=1 4 -4 -5 -6 -7 -8 -9 9 10 18 -13 -14 -15 23 -17 -18 -19 19 -21 21 -23 -24 -25 25 27 -28 28 29 -31
leaf_value=-1.1837590561368516e-06 0.0017526883570407519 -0.0026633681915761379 0.0015946076016789144 -0.0028237664302571651 -0.0044703730864603828 -0.00063334703646174609 0.0017393715354549802 -0.0059959818963792816 -0.00020663516761520981 -0.0010559922210548536 0.00060129418468190903 -0.0002319631487845112 -0.0036373276078043846 -0.0026994984957598956 -0.00028902551164080458 0.0079081334210968513 1.2555607862107523e-05 -0.00071430898148569294 -0.0038064071855958498 0.0021038185486816612 -0.0014750828207212561 0.0011444404104144494 0.0024772837205907471 0.0025677043772655518 8.5306258631991783e-07 2.2741444753669519e-05 7.1021405564646777e-05 -5.6313793754129805e-06 -0.00099358318188879149 3.0918398102616327e-05
leaf_weight=66614 1140 215 1605 352 211 240 778 204 255 203 1170 441 200 245 350 245 410 214 378 310 394 256 804 4143 11185 592 5546 8054 508 411
leaf_count=66614 1140 215 1605 352 211 240 778 204 255 203 1170 441 200 245 350 245 410 214 378 310 394 256 804 4143 11185 592 5546 8054 508 411
internal_value=7.75368e-05 0.000589437 0.000207666 -0.000197617 0.00120577 0.00137534 -1.85757e-05 -0.000259783 -0.00011067 -0.000498176 -0.000954423 -0.00277738 -0.00497794 0.000673797 0.00155688 -0.000451613 1.284e-07 -9.53505e-06 -0.000336649 -0.00174026 0.00019726 -0.00119084 0.00143515 0.00176278 -2.58289e-06 0.000196875 0.00045907 -0.000261755 -0.000413344 -0.00227597
internal_weight=107673 14139 8735 7130 5404 5193 6778 6000 5796 4656 3352 844 403 1304 4953 460 93534 93124 2508 688 1820 650 1059 4493 92910 26296 16731 9565 8973 919
internal_count=107673 14139 8735 7130 5404 5193 6778 6000 5796 4656 3352 844 403 1304 4953 460 93534 93124 2508 688 1820 650 1059 4493 92910 26296 16731 9565 8973 919
is_linear=0
shrinkage=0.03


Tree=159
num_leaves=31
num_cat=0
split_feature=27 8 1 35 19 28 16 35 1 34 8 29 34 34 19 24 27 20 4 34 34 23 18 14 1 26 35 2 35 15
split_gain=3.88313 4.39238 6.56133 3.47916 7.15321 5.1362 3.48391 3.54682 3.38725 6.32378 6.16841 4.752 4.41432 4.30814 3.72149 6.67242 3.04531 3.16503 2.46016 2.38102 1.9975 1.96621 2.09312 3.10938 2.77285 3.52154 5.2466 3.47658 3.82785 2.95867
threshold=5.4456250000000006 15.500000000000002 2.4750000000000005 33.750000000000007 7.9025000000000007 2.4290822598235855 14.282500000000002 73.250000000000014 1.2750000000000001 964.92500000000018 7.5000000000000009 5.0125000000000011 959.02500000000009 956.62500000000011 12.802500000000002 8.6250000000000018 6.1314583333333355 10.345833333333335 0.82008615367311577 952.52500000000009 967.22500000000014 0.035174807280145694 7.1175000000000006 0.39122670324676995 -3.1749999999999994 4.6125000000000016 71.250000000000014 1.2400141398467432 64.750000000000014 0.16249999999999967
decision_type=2 2 2 2 8 2 10 2 2 2 2 2 2 2 8 10 2 2 2 2 2 2 2 2 2 2 2 2 2 2
left_child=21 8 20 5 -5 -4 7 18 9 10 -2 -10 -12 14 16 19 17 -13 -6 -16 -3 -1 -23 24 25 27 -27 28 -24 -30
right_child=1 2 3 4 6 -7 -8 -9 11 -11 12 13 -14 -15 15 -17 -18 -19 -20 -21 -22 22 23 -25 -26 26 -28 -29 29 -31
leaf_value=1.3754807840548125e-06 0.00027875109079146477 0.0028349309323090241 0.0019158352790256241 -0.0024452564317592384 -0.0022223702728823916 -0.0027548594501035943 0.0019500758282319818 -0.004466063450100431 -0.0015281447094077848 0.0018182871959428282 -0.0010919397097919022 0.0014963792920746274 -0.0043671134637036377 0.0025232475328402621 -0.00010668645766763407 -0.0034677898400743493 0.002137896307442697 -0.0030084623556845286 5.5073129557302453e-05 0.0015171138552557794 -0.00052338086186901804 -2.8263483232419427e-06 -0.00095723439990757456 -5.7860454940956938e-06 2.7082716351028886e-05 -3.3878343992789138e-05 -0.00068366600380208916 2.4838547051183028e-05 2.081785701767435e-05 -0.00015585958990753479
leaf_weight=10923 564 812 1020 241 288 275 275 437 202 705 311 895 238 2185 1316 367 2025 229 809 671 284 42146 209 24103 13484 432 264 971 634 421
leaf_count=10923 564 812 1020 241 288 275 275 437 202 705 311 895 238 2185 1316 367 2025 229 809 671 284 42146 209 24103 13484 432 264 971 634 421
internal_value=9.62309e-05 0.000559347 -0.000221997 -0.000882089 -0.00164963 0.000334615 -0.000993936 -0.00155166 0.00091671 -0.000250137 -0.00165563 0.00118556 -0.00390433 0.0013056 0.000856754 -4.5782e-05 0.00153044 0.000276351 -0.000634301 0.000643072 0.00178747 2.61882e-05 -2.38057e-05 0.000130148 0.000448538 -0.000387261 -0.00224251 0.000194197 -0.000841607 -9.90565e-05
internal_weight=107736 14149 4441 3345 2050 1295 1809 1534 9708 1818 1113 7890 549 7688 5503 2354 3149 1124 1097 1987 1096 93587 82664 40518 16415 2931 696 2235 1264 1055
internal_count=107736 14149 4441 3345 2050 1295 1809 1534 9708 1818 1113 7890 549 7688 5503 2354 3149 1124 1097 1987 1096 93587 82664 40518 16415 2931 696 2235 1264 1055
is_linear=0
shrinkage=0.03


Tree=160
num_leaves=31
num_cat=0
split_feature=27 32 16 19 25 28 8 24 26 32 1 19 26 28 19 23 8 24 29 8 16 26 34 14 24 34 25 2 34 34
split_gain=5.59597 3.51959 5.77693 4.21955 4.16193 4.03555 4.24152 5.08158 3.24292 4.11525 3.44561 7.46363 2.83478 3.2638 4.05205 2.79875 2.77326 4.24204 2.88171 2.59592 2.44932 2.40231 4.24499 2.38361 2.3017 2.02128 2.0056 1.95786 1.78237 1.55491
threshold=5.4456250000000006 -0.7880107536067219 12.582500000000001 7.5125000000000011 4.097500000000001 1.5240157342714855 8.5000000000000018 7.4750000000000005 5.7025000000000015 0.99687937417578498 -1.4749999999999999 10.812500000000002 3.0725000000000007 2.741934763987476 6.2925000000000013 0.70387084976699088 15.500000000000002 10.425000000000002 6.7625000000000011 19.500000000000004 10.567500000000003 2.6775000000000007 956.52500000000009 0.83481534882976127 9.4250000000000025 963.77500000000009 3.2225000000000006 1.2737186211814968 949.42500000000018 954.92500000000018
decision_type=2 2 10 10 10 2 2 8 2 2 2 8 2 2 10 2 2 8 2 2 10 2 2 2 8 2 8 2 2 2
left_child=27 2 3 4 26 15 -7 -8 10 -10 11 -3 -9 14 24 -6 -5 18 -18 -4 -17 22 -12 -21 -14 -13 -2 29 -26 -1
right_child=1 8 19 16 5 6 7 12 9 -11 21 25 13 -15 -16 20 17 -19 -20 23 -22 -23 -24 -25 28 -27 -28 -29 -30 -31
leaf_value=1.1134063895792471e-06 -0.0010297189929034728 -0.0024161778814264434 0.0013957936170030741 0.0024093398143168764 0.0016631672191049079 0.0010156460568274057 -0.004155900514444661 0.00050454121537236421 0.001418295500734592 -0.0048227572144005273 -0.0030120068175728014 -0.0025749965375675629 -0.0012663212054843974 -0.0054201945071797311 -0.0040188487393700324 -0.0021930357084147659 -0.00070473067323852296 -0.0029321701064090578 0.0024062335346480496 0.0010620250600687044 0.0021985294848718409 0.0025483953477306821 0.0078040705047922607 -0.0037931261610214565 -0.0012000590876185843 0.0024913791297102982 0.00057462969314423689 1.2108487423415806e-05 0.00057867287403225924 -2.5382342932186259e-06
leaf_weight=55044 202 218 2009 1001 541 296 247 241 280 208 203 268 348 225 207 217 219 297 544 216 262 3662 235 213 205 400 686 413 508 38237
leaf_count=55044 202 218 2009 1001 541 296 247 241 280 208 203 268 348 225 207 217 219 297 544 216 262 3662 235 213 205 400 686 413 508 38237
internal_value=6.65326e-05 0.000622326 0.000246519 -0.000237082 -0.000784009 -0.00127468 -0.0019759 -0.00247583 0.00121774 -0.0011075 0.0014462 -0.000249158 -0.00189074 -0.00237717 -0.00177219 0.000292683 0.000872701 -0.000197183 0.000988281 0.00148342 -0.00136983 0.00181242 -0.000284424 -0.000629032 -0.00101032 0.00132838 0.00103471 -1.74814e-05 -2.92478e-05 -2.66598e-05
internal_weight=107852 14158 8684 6246 4185 3297 2277 1981 5474 488 4986 886 1734 1493 1268 1020 2061 1060 763 2438 479 4100 438 429 1061 668 888 93694 713 93281
internal_count=107852 14158 8684 6246 4185 3297 2277 1981 5474 488 4986 886 1734 1493 1268 1020 2061 1060 763 2438 479 4100 438 429 1061 668 888 93694 713 93281
is_linear=0
shrinkage=0.03


Tree=161
num_leaves=31
num_cat=0
split_feature=27 34 35 19 1 2 14 12 15 1 21 8 16 33 1 35 34 20 35 34 22 34 21 1 17 8 24 9 28 27
split_gain=6.12467 3.24127 6.91396 4.18703 3.90196 6.28563 8.69231 4.91993 2.47566 2.966 3.29891 2.77279 3.71244 2.74699 3.8764 2.23134 2.05798 1.95063 2.25674 4.37187 3.57734 7.53138 5.07514 6.56784 5.01178 8.44903 5.56593 6.19266 4.37687 3.9472
threshold=5.4456250000000006 952.72500000000014 77.250000000000014 12.342500000000003 17.975000000000005 1.1117044389259425 0.58754432456908001 10.092500000000003 1.3250000000000008 4.6750000000000016 2.5371039099565715 15.500000000000002 9.797500000000003 0.19936034309715231 -1.4749999999999999 29.750000000000004 958.62500000000011 2.2368333333333337 63.250000000000007 949.12500000000011 7.8289444444444465 954.12500000000011 1.5682617074977478 19.625000000000004 4.0925000000000011 10.500000000000002 4.7250000000000005 2.5000000000000004 0.44409552075060432 2.9864583333333337
decision_type=2 2 2 8 2 2 2 10 2 2 2 2 10 2 2 2 2 2 2 2 2 2 2 2 10 2 10 2 2 2
left_child=17 2 3 -2 -5 7 -7 15 9 10 -3 -11 -13 16 -15 -6 -12 -1 20 -20 21 -19 -23 24 26 -26 28 -28 -24 -27
right_child=1 8 -4 4 5 6 -8 -9 -10 11 13 12 -14 14 -16 -17 -18 18 19 -21 -22 22 23 -25 25 29 27 -29 -30 -31
leaf_value=1.4157874181980559e-06 0.0014226998573338364 0.00088789929693201255 -0.0029699959517633999 0.0014702646449150868 0.0022808562636365444 -0.0055586528060664825 -0.00050721402140944071 -0.0018616980374604186 -0.0019083900848032487 0.0019247903467349324 0.0029595065357409757 -0.0011413659884728471 0.0015605156553220067 -0.0042882494832080873 0.00068963027529333782 -0.00051478342043996647 -0.0013495115627164655 -1.4612885660723016e-06 1.9046763753074599e-05 7.4909531910700979e-08 0.00035459689762656861 -4.0883781014541297e-06 -1.961434001465376e-05 -0.00012097302945046004 -0.00060245439154527828 -0.00017062120619584458 -0.00023554187762638582 -1.3004068859083592e-05 1.3565987010620214e-06 1.1299825525066254e-05
leaf_weight=7678 3080 2194 371 580 524 251 356 382 471 3212 344 237 915 274 204 210 426 30095 4145 30959 11264 4019 259 574 248 230 306 357 2866 417
leaf_count=7678 3080 2194 371 580 524 251 356 382 471 3212 344 237 915 274 204 210 426 30095 4145 30959 11264 4019 259 574 248 230 306 357 2866 417
internal_value=7.42093e-05 0.000658521 0.000111478 0.000385858 -0.000581022 -0.00129687 -0.0037402 4.2819e-05 0.00103852 0.00116605 0.000506528 0.00168505 0.000420052 -0.000723065 -0.00249689 0.00147767 0.000387097 -1.35834e-05 -5.4616e-05 0.000130223 -0.000182761 -0.00031763 -0.00106476 -0.00167788 -0.00130354 -0.00331667 -0.00082415 -0.00330988 -0.000292332 -0.0014862
internal_weight=107448 14031 5754 5383 2303 1723 607 1116 8277 7806 3442 4364 1152 1248 478 734 770 93417 85739 35104 50635 39371 9276 5257 4683 895 3788 663 3125 647
internal_count=107448 14031 5754 5383 2303 1723 607 1116 8277 7806 3442 4364 1152 1248 478 734 770 93417 85739 35104 50635 39371 9276 5257 4683 895 3788 663 3125 647
is_linear=0
shrinkage=0.03


Tree=162
num_leaves=31
num_cat=0
split_feature=24 14 9 21 35 10 6 0 5 16 34 33 1 25 35 15 18 1 35 1 16 14 25 18 16 33 16 26 32 0
split_gain=4.38218 3.15852 2.47471 2.89783 3.95111 2.27834 2.15425 3.70262 3.06052 3.49194 3.29125 3.11834 5.64754 4.20001 6.64297 2.13307 3.64337 2.28565 2.35034 2.78604 2.97046 2.3297 2.3507 3.41369 3.10506 2.16255 2.08319 2.27456 1.9698 2.05777
threshold=8.0750000000000028 1.9200520823509915 4.5000000000000009 1.3959375582468287 25.250000000000004 1.5000000000000002 2.5000000000000004 4.1875000000000009 0.6988357872093649 4.8875000000000011 963.87500000000011 0.33379414889141285 -1.4749999999999999 4.5225000000000017 66.250000000000014 -1.1499999999999995 13.277500000000002 20.975000000000005 76.750000000000014 6.1750000000000016 12.407500000000002 0.27885181249784396 3.8875000000000006 10.467500000000003 9.5125000000000028 -0.19080899537654469 11.892500000000002 3.5575000000000006 0.99961926108774357 7.6525000000000007
decision_type=10 2 2 2 2 2 2 2 2 8 2 2 2 10 2 2 2 2 2 2 10 2 10 2 10 2 10 2 2 2
left_child=6 2 -2 -4 -5 -6 8 -8 28 -10 11 15 -13 14 -14 16 -11 18 26 -20 -21 -19 25 24 -24 -23 -17 -28 29 -1
right_child=1 -3 3 4 5 -7 7 -9 9 10 -12 12 13 -15 -16 17 -18 21 19 20 -22 22 23 -25 -26 -27 27 -29 -30 -31
leaf_value=6.4095795804340953e-07 0.0014682034125007681 -0.00018778334646587125 -0.0013438781936609882 -0.0018289882545065364 -0.0012609320483090419 0.0021471853797868879 4.5034836465599958e-06 -5.5446255854906547e-05 -9.7848901499994069e-05 0.00045325448314769145 0.0026858768953147614 -0.001002232983877565 -0.0022020440861172273 0.0032079394855713647 0.0026168388468403398 0.003175118660429104 -0.003651278672005682 0.0033952891744153191 0.00051714760841910733 -0.0016178804217838463 0.0025913873078457226 -0.0013680661846970934 -0.00031619359590707459 0.00019763835210921565 -0.0025722346298096251 0.0011849397582609728 -0.0011169421670915248 0.00068029355908797329 2.5490977247773547e-05 -6.0064759157270765e-05
leaf_weight=65967 4022 377 217 280 200 746 4921 7807 266 531 1076 235 259 570 224 2575 243 338 815 381 204 207 242 533 220 419 394 1713 2130 9588
leaf_count=65967 4022 377 217 280 200 746 4921 7807 266 531 1076 235 259 570 224 2575 243 338 815 381 204 207 242 533 220 419 394 1713 2130 9588
internal_value=8.99681e-05 0.000888661 0.00107221 6.21558e-06 0.000575142 0.00150158 4.41182e-05 -0.000320898 9.62586e-05 0.000554149 0.000635461 0.000466858 -0.000909513 3.68621e-05 -0.00201025 0.000668367 -0.000831836 0.000813199 0.00110005 2.13524e-05 -0.00155085 -7.79021e-05 -0.00055166 -0.001455 -0.00332762 0.000884311 0.00142223 0.000720171 2.87683e-05 3.37491e-06
internal_weight=107700 5842 5465 1443 1226 946 101858 12728 89130 11445 11179 10103 1288 1053 483 8815 774 8041 6082 1400 585 1959 1621 995 462 626 4682 2107 77685 75555
internal_count=107700 5842 5465 1443 1226 946 101858 12728 89130 11445 11179 10103 1288 1053 483 8815 774 8041 6082 1400 585 1959 1621 995 462 626 4682 2107 77685 75555
is_linear=0
shrinkage=0.03


Tree=163
num_leaves=31
num_cat=0
split_feature=24 7 19 32 1 25 26 25 3 27 9 34 16 30 18 18 13 20 34 19 30 22 34 10 1 10 14 19 26 8
split_gain=4.67129 2.8122 2.58727 5.24 3.59152 3.42112 2.74199 3.47251 2.41668 2.27919 2.22986 3.52 4.41412 4.00174 3.3643 3.5349 3.08404 4.6193 11.51 5.52427 5.33221 4.3308 3.51685 7.40879 3.414 3.15232 3.07804 2.88274 3.90999 2.93073
threshold=7.8750000000000009 40.500000000000007 7.4625000000000012 -0.98624804680367273 -2.0749999999999993 7.722500000000001 5.6375000000000011 3.8025000000000007 4.966746589861267 4.5770833333333352 4.5000000000000009 962.52500000000009 5.4375000000000009 2.2750000000000004 2.6675000000000004 5.6225000000000014 8.5908333333333342 8.5938750000000024 960.02500000000009 7.0725000000000007 5.2250000000000005 6.6811805555555566 950.02500000000009 6.5000000000000009 2.2750000000000004 11.500000000000002 0.60267459335177442 3.3175000000000008 1.4025000000000001 13.500000000000002
decision_type=10 2 10 2 2 8 2 10 2 2 2 2 8 2 2 2 2 2 2 10 2 2 2 2 2 2 2 10 2 2
left_child=1 10 3 6 5 -4 7 -2 -3 -5 -1 16 13 -13 -15 -16 17 19 22 25 -21 -18 23 -19 -24 27 -27 29 -29 -12
right_child=2 8 4 9 -6 -7 -8 -9 -10 -11 11 12 -14 14 15 -17 21 18 -20 20 -22 -23 24 -25 -26 26 -28 28 -30 -31
leaf_value=-1.0220469993644718e-07 7.3662229766931596e-05 3.313250589096892e-07 0.0002995287766114174 -0.00018591484827666947 0.0016869959940546643 -0.0032355244320054571 0.0016990540721267904 -0.0016065565282383143 -8.4624294485972251e-05 0.0015643222618975249 -2.9495640949332639e-06 1.2445504936334974e-05 0.00020219595761604485 5.9145742634882785e-06 -5.9367132065746633e-05 9.2052208223972948e-06 -0.00023161478489294496 -0.0031588603273845703 -0.0027755805237394122 7.1482426821155121e-07 -0.0016791366699270638 0.001527365450321393 -0.00065620736539559238 0.00061328928619185368 0.0025805647527352483 -7.69811688988431e-05 -3.8445103805237045e-06 -4.1632285214095502e-05 5.41161417640118e-05 1.0462381851766843e-05
leaf_weight=60209 236 8376 208 222 2647 218 203 383 8510 2455 6479 328 1644 232 253 200 200 249 237 254 208 3295 437 253 682 241 419 362 3114 4653
leaf_count=60209 236 8376 208 222 2647 218 203 383 8510 2455 6479 328 1644 232 253 200 200 249 237 254 208 3295 437 253 682 241 419 362 3114 4653
internal_value=6.55514e-05 1.50239e-05 0.000840201 0.000281678 0.00147466 -0.00107193 -0.00180653 -0.00279327 -0.000338168 0.000925056 8.6083e-05 0.000332281 0.00136026 -0.000197446 -0.0015 -0.00299345 0.000202438 4.05844e-05 -0.00137198 0.000207817 -0.00300642 0.00101571 -0.000459409 -0.00253254 0.000477758 0.00030603 -0.00171429 0.000397865 0.00115139 0.000162162
internal_weight=107407 100835 6572 3499 3073 426 822 619 16886 2677 83949 23740 2657 1013 685 453 21083 17588 1858 15730 462 3495 1621 502 1119 15268 660 14608 3476 11132
internal_count=107407 100835 6572 3499 3073 426 822 619 16886 2677 83949 23740 2657 1013 685 453 21083 17588 1858 15730 462 3495 1621 502 1119 15268 660 14608 3476 11132
is_linear=0
shrinkage=0.03


Tree=164
num_leaves=31
num_cat=0
split_feature=24 16 19 19 25 32 35 1 33 22 32 14 20 8 26 23 22 35 31 27 1 32 18 1 15 27 8 25 32 8
split_gain=4.24654 4.03974 2.7209 2.26792 3.59628 4.16431 2.00664 2.11869 1.86266 1.84216 1.7804 2.11906 2.02379 2.27919 2.09569 1.88703 1.72023 4.1395 4.68367 4.04574 3.84087 3.8263 3.09689 3.039 2.55743 2.51817 2.39753 3.92002 3.41934 7.8348
threshold=8.0750000000000028 8.9325000000000028 3.2125000000000004 12.802500000000002 8.0125000000000011 -0.98624804680367273 19.750000000000004 -2.0749999999999993 -0.12186934340514725 9.2856944444444469 0.99961926108774357 0.31033583958886451 12.177916666666668 18.500000000000004 5.3825000000000012 0.029988894377442302 3.8495138888888891 46.750000000000007 1.8302848797560383 4.0306250000000015 23.525000000000002 -0.92384435400961384 0.85250000000000015 13.675000000000002 1.2050000000000007 1.9720833333333336 18.500000000000004 10.217500000000003 0.68832836526074803 14.500000000000002
decision_type=10 10 10 8 10 2 2 2 2 2 2 2 2 2 2 2 2 2 2 2 2 2 2 2 2 2 2 8 2 2
left_child=10 2 8 6 5 -5 -3 -8 -2 -9 12 -12 15 -14 -15 -1 17 18 19 21 -20 -17 -18 -23 -25 -22 28 -28 -24 -30
right_child=1 3 -4 4 -6 -7 7 9 -10 -11 11 -13 13 14 -16 16 22 -19 20 -21 25 23 26 24 -26 -27 27 -29 29 -31
leaf_value=1.242177948556633e-06 -8.028128928620034e-05 -0.0024397833855013614 0.00038451215918817961 -0.0021646630981832496 -0.0019362612841626325 0.0021367255072600134 -0.00015307359336941972 -1.3199330127417866e-05 -0.00049127506144618484 0.0018770283663395728 5.3822424042963084e-05 5.5423756359503431e-07 0.0012258077739850267 0.0017058484925500707 -0.0035138472995841739 1.1501056201446976e-05 -7.3433903993100428e-05 2.2134804386190105e-07 -4.2728861699781721e-05 -6.2797150171922602e-05 -3.0979958865800341e-05 -1.4110332504220962e-05 -1.2944352800546427e-05 -4.0236774704964273e-06 -5.1518352565672848e-05 2.6582643845497777e-05 8.3235595102488194e-06 0.00084516019614857825 -1.6357652413614974e-06 0.00031653535486406522
leaf_weight=7430 206 279 465 238 256 1349 316 279 200 2310 1219 1437 2541 390 249 1518 290 12377 517 342 260 205 25603 3630 225 286 14806 1449 22198 4620
leaf_count=7430 206 279 465 238 256 1349 316 279 200 2310 1219 1437 2541 390 249 1518 290 12377 517 342 260 205 25603 3630 225 286 14806 1449 22198 4620
internal_value=7.56315e-05 0.000857869 -0.00102397 0.00118462 0.000345779 0.000880025 0.00166886 0.00190206 -0.00280292 0.00218466 3.01782e-05 0.000795941 9.58158e-06 0.000753532 -0.000843168 -1.51626e-05 -5.37975e-05 -0.00030364 -0.000887378 -0.000556962 -0.00271629 -0.000361096 1.63548e-05 -0.000841328 -0.000648964 -0.000947368 2.95279e-05 0.000347786 -6.91831e-05 0.000167543
internal_weight=107490 5898 871 5027 1843 1587 3184 2905 406 2589 101592 2656 98936 3180 639 95756 88326 19360 6983 5920 1063 5578 68966 4060 3855 546 68676 16255 52421 26818
internal_count=107490 5898 871 5027 1843 1587 3184 2905 406 2589 101592 2656 98936 3180 639 95756 88326 19360 6983 5920 1063 5578 68966 4060 3855 546 68676 16255 52421 26818
is_linear=0
shrinkage=0.03


Tree=165
num_leaves=31
num_cat=0
split_feature=19 6 16 27 14 34 25 2 34 9 30 25 8 30 35 35 8 34 26 31 16 26 21 22 16 17 18 10 17 13
split_gain=4.60244 2.47897 3.07419 2.90354 5.90644 4.6202 2.71621 2.70219 4.16768 2.65687 4.88803 2.95659 4.42313 4.50393 2.90119 2.58005 3.39325 3.66665 4.86952 5.69558 3.48194 3.5847 7.27261 3.45189 3.2135 3.22307 2.71464 2.57457 2.54786 2.46176
threshold=10.002500000000003 2.5000000000000004 7.4075000000000015 4.6379166666666682 1.185126575518425 959.92500000000018 3.0475000000000003 1.2176200759404772 962.42500000000018 4.5000000000000009 10.975000000000001 6.1525000000000007 5.5000000000000009 11.225000000000003 41.250000000000007 52.750000000000007 11.500000000000002 956.42500000000018 4.1175000000000006 1.5170093896713619 6.7575000000000012 3.6075000000000008 1.5862298063166997 9.8097222222222253 13.332500000000001 7.6725000000000012 14.852500000000003 6.5000000000000009 8.1475000000000026 9.0925000000000029
decision_type=10 2 8 2 2 2 10 2 2 2 2 8 2 2 2 2 2 2 2 2 10 2 2 2 10 10 2 2 10 2
left_child=1 3 -3 28 5 6 -5 -7 -9 11 -11 12 -6 -14 -15 16 26 18 19 20 -18 23 -23 -22 25 -17 -8 -16 -1 -2
right_child=29 2 -4 4 9 7 15 8 -10 10 -12 -13 13 14 27 24 17 -19 -20 -21 21 22 -24 -25 -26 -27 -28 -29 -30 -31
leaf_value=1.5681545633335416e-07 -0.0010788461114089876 1.1424090029932324e-06 -0.00016334522818947688 0.0017803407410207583 0.0044431792816074789 0.0029673667868498309 0.002886181955443161 -0.00044934079983813046 0.0018256392271171257 -0.0014934199394456677 -7.0959938645247231e-05 0.00038604241924952373 0.00011828803143788798 -0.00018385413424153451 -0.0032511037497144728 -0.00025433322443100978 -0.00068485400874244604 0.0023580087315771803 0.00072847180195206667 0.0028461069666281895 0.0014992486707886595 -0.00010983527472831988 -0.0032538569490530044 -0.0032221585263836113 0.001167088586110735 -0.0013969169273043982 -0.00069365902448898062 -0.0012122203284753207 -0.00038581233371832481 0.00092303043823400131
leaf_weight=73046 246 7260 5970 1658 229 2294 1637 309 987 312 679 854 468 300 261 2319 245 607 2411 370 482 268 224 205 743 275 241 203 261 2240
leaf_count=73046 246 7260 5970 1658 229 2294 1637 309 987 312 679 854 468 300 261 2319 245 607 2411 370 482 268 224 205 743 275 241 203 261 2240
internal_value=6.95296e-05 3.93255e-05 -0.000344541 9.46101e-05 0.000429517 0.000678338 0.000388794 0.00161892 0.000521138 -0.00071942 -0.00201506 -0.000161638 -0.000980218 -0.00169281 -0.00310533 0.000202452 0.000542196 0.000119577 -0.000195962 -0.00137743 -0.00223793 -0.00154814 -0.00348893 -0.000143063 -0.000478456 -0.000976529 0.00162188 -0.00457996 9.69839e-06 0.00134404
internal_weight=107604 105118 13230 91888 18581 15275 11685 3590 1296 3306 991 2315 1461 1232 764 10027 6690 4812 4205 1794 1424 1179 492 687 3337 2594 1878 464 73307 2486
internal_count=107604 105118 13230 91888 18581 15275 11685 3590 1296 3306 991 2315 1461 1232 764 10027 6690 4812 4205 1794 1424 1179 492 687 3337 2594 1878 464 73307 2486
is_linear=0
shrinkage=0.03


Tree=166
num_leaves=31
num_cat=0
split_feature=24 1 19 30 20 34 32 29 7 32 18 21 12 34 29 9 8 35 28 24 6 29 35 1 18 33 24 8 30 9
split_gain=5.15624 2.99729 3.52803 3.35006 2.48399 2.44227 2.23616 2.07653 2.18947 2.93284 1.93701 1.84853 1.81053 4.46605 4.77781 3.78417 2.95982 2.9304 3.02269 2.85484 2.58053 3.53053 2.52198 3.10837 4.3955 6.75283 3.19483 3.49573 6.87895 3.83893
threshold=8.2750000000000021 -1.8749999999999998 7.642500000000001 15.375000000000002 12.177916666666668 959.72500000000014 0.99901018088683491 1.1875000000000002 17.500000000000004 -0.19936034309715209 8.1725000000000012 3.4240521801733679 3.5775000000000006 964.27500000000009 1.6925000000000003 3.5000000000000004 10.500000000000002 11.750000000000002 1.0366613062791976 5.2750000000000012 2.5000000000000004 8.3975000000000026 28.250000000000004 24.675000000000004 4.307500000000001 0.10452846326765323 3.1250000000000004 7.5000000000000009 4.7750000000000012 4.5000000000000009
decision_type=10 2 10 2 2 2 2 2 2 2 2 2 8 2 2 2 2 2 2 8 2 2 2 2 2 2 10 2 2 2
left_child=4 3 5 -2 7 -3 -6 8 10 11 -1 -10 13 17 16 19 -15 -9 -19 -16 22 -22 -14 -24 -25 26 27 28 -26 -29
right_child=1 2 -4 -5 6 -7 -8 12 9 -11 -12 -13 20 14 15 -17 -18 18 -20 -21 21 -23 23 24 25 -27 -28 29 -30 -31
leaf_value=1.9551833341039867e-07 0.00047654291595471826 -1.8083675559635589e-05 0.0016400615834009245 -0.0069887941894432011 0.0011613426033772734 0.0023880428510139797 -0.0018582175377765623 -5.0449711060525609e-05 2.0461571220382314e-06 1.2317828831258235e-05 -1.9767367699357977e-05 -2.6530094172698985e-05 3.00726901068153e-05 2.0377822729474647e-05 -3.3371060885394087e-05 -9.3783603071199068e-06 -1.288397004846774e-05 -3.9039634458717592e-06 3.7365641443210694e-06 -9.8150649067119862e-05 -1.9522485304173418e-05 -0.0036449843926847137 3.7340512178005083e-06 -3.6400983997671529e-05 3.468452999103033e-08 0.00019017550628046213 0.00018781258742819502 -0.00020571889233331545 -0.00028666602422866544 0.00062183159923378639
leaf_weight=2606 509 1736 2160 203 3230 584 286 223 1969 2842 245 242 8310 421 207 476 374 14169 8802 224 8155 243 43082 1520 273 1797 849 1188 349 569
leaf_count=2606 509 1736 2160 203 3230 584 286 223 1969 2842 245 242 8310 421 207 476 374 14169 8802 224 8155 243 43082 1520 273 1797 849 1188 349 569
internal_value=9.52175e-05 0.00101713 0.00130435 -0.000786611 4.85409e-05 0.000490323 0.000831582 2.07284e-05 0.00048704 0.000861803 -0.000177521 4.19676e-05 -1.96961e-05 -0.000237822 -0.0017188 -0.00320066 -1.87499e-05 -0.000128799 -9.51862e-05 -0.00522248 6.21798e-05 -0.000429132 0.000133427 5.24058e-05 -0.000556488 -0.000128231 -0.000948345 -0.00151133 -0.00343541 -0.000822361
internal_weight=107843 5192 4480 712 102651 2320 3516 99135 7904 5053 2851 2211 91231 24896 1702 907 795 23194 22971 431 66335 8398 57937 49627 6545 5025 3228 2379 622 1757
internal_count=107843 5192 4480 712 102651 2320 3516 99135 7904 5053 2851 2211 91231 24896 1702 907 795 23194 22971 431 66335 8398 57937 49627 6545 5025 3228 2379 622 1757
is_linear=0
shrinkage=0.03


Tree=167
num_leaves=31
num_cat=0
split_feature=27 32 16 5 9 9 10 19 20 21 15 31 9 23 35 8 24 29 16 21 9 19 12 10 26 25 28 21 27 8
split_gain=4.26149 4.26802 5.86921 3.82868 3.93093 5.11561 4.42968 3.68814 4.82378 4.91694 3.31542 3.14249 3.21044 3.17707 3.33151 2.92218 3.17924 2.85446 2.83754 2.47058 2.34214 3.69713 3.03539 5.63911 5.73359 7.30514 3.52649 3.43814 3.74381 2.90995
threshold=5.4456250000000006 -0.7880107536067219 12.582500000000001 0.93561996683150916 2.5000000000000004 3.5000000000000004 10.500000000000002 7.5125000000000011 9.1593750000000025 2.8475807714558132 1.3250000000000008 1.5041275019851785 1.5000000000000002 0.81455168397756517 69.750000000000014 15.500000000000002 10.425000000000002 6.7625000000000011 11.247500000000002 0.91835201107227815 5.5000000000000009 7.0725000000000007 9.1675000000000022 10.500000000000002 3.5075000000000003 3.6525000000000007 1.5240157342714855 2.3573811384143606 3.301458333333334 4.5000000000000009
decision_type=2 2 10 2 2 2 2 10 2 2 2 2 2 2 2 2 8 2 8 2 2 8 8 2 2 10 2 2 2 2
left_child=19 2 7 -3 -5 -6 -7 8 -2 10 11 12 -10 -14 18 -9 17 -17 -15 -1 29 -22 23 24 -23 26 -26 28 -25 -21
right_child=1 3 -4 4 5 6 -8 15 9 -11 -12 -13 13 14 -16 16 -18 -19 -20 20 21 22 -24 27 25 -27 -28 -29 -30 -31
leaf_value=2.4030341044199015e-06 6.8068708523446185e-05 0.0021142601097344114 0.00086938671934175032 0.0015908597358988974 -0.0084437289471977987 -0.0016419985815327169 0.0043413385281313721 0.0022821569322825125 0.0013264599261860487 -0.0024598637843994161 -0.0024334574330495888 0.0025936942148272911 -0.0024112519427571585 0.0035953406885413119 -0.0031479812609761203 -0.00084965958351701065 -0.0034189214307969395 0.0024738950567120186 -0.0034424662601156577 3.2245937512454141e-06 1.8654168090652194e-05 1.2500981503655358e-05 0.0017361802949258038 -4.6118652768496504e-05 -0.00060420124440477133 4.6170254181947171e-05 -1.452332612784872e-05 -0.0015245725542656294 0.0010161452897065654 -5.320773769954906e-06
leaf_weight=14136 1686 4248 2467 481 224 219 230 994 376 365 207 416 356 317 237 221 289 542 207 15601 4674 3984 898 285 296 479 201 379 270 52442
leaf_count=14136 1686 4248 2467 481 224 219 230 994 376 365 207 416 356 317 237 221 289 542 207 15601 4674 3984 898 285 296 479 201 379 270 52442
internal_value=5.70027e-05 0.00054348 0.000131261 0.0012051 -0.000326143 -0.00180088 5.94715e-05 -0.000360405 -0.000872243 -0.00171239 -0.00115134 -0.000753918 -0.00139586 -0.00220053 -0.00109269 0.000681619 -0.000420057 0.000597656 0.000249528 -1.61771e-05 -8.11554e-05 0.000315404 -0.000131529 -0.000379386 2.41693e-05 -0.00203058 -0.00455976 -0.00251118 -0.000991071 -0.000147998
internal_weight=107727 14082 8680 5402 1154 673 449 6213 4167 2481 2116 1909 1493 1117 761 2046 1052 763 524 93645 79509 11466 6792 5894 4960 976 497 934 555 68043
internal_count=107727 14082 8680 5402 1154 673 449 6213 4167 2481 2116 1909 1493 1117 761 2046 1052 763 524 93645 79509 11466 6792 5894 4960 976 497 934 555 68043
is_linear=0
shrinkage=0.03


Tree=168
num_leaves=31
num_cat=0
split_feature=19 31 3 32 27 27 31 31 31 3 1 31 35 5 16 31 34 1 1 14 34 10 21 34 35 19 27 1 34 32
split_gain=4.21757 3.70277 4.34415 2.63142 6.69983 3.11325 3.37409 5.63432 3.33075 3.25618 3.14265 3.05379 6.50092 3.12392 3.09892 3.02194 5.80903 5.5348 4.73095 4.94474 4.30956 5.3798 3.89584 4.56448 5.73416 4.06656 3.93837 4.22859 5.95617 6.14566
threshold=8.6525000000000016 1.3892775624797002 6.941777193650565 0.78257835753184668 5.0214583333333342 7.2993750000000013 1.9470892417364218 2.1661505695414953 1.1097950511860615 9.3275824157953622 23.525000000000002 2.1257983995301379 33.750000000000007 0.15531198884478847 8.5775000000000023 1.5596229565647615 959.62500000000011 0.9750000000000002 -2.5749999999999993 1.0028750337571224 956.92500000000018 2.5000000000000004 2.9839485514365287 950.82500000000016 74.750000000000014 4.2525000000000013 3.3179166666666675 12.875000000000002 953.22500000000014 -0.87878364999916136
decision_type=10 2 2 2 2 2 2 2 2 2 2 2 2 2 10 2 2 2 2 2 2 2 2 2 2 8 2 2 2 2
left_child=3 -2 -3 15 11 6 8 9 10 -8 -6 -5 13 -13 -15 -1 17 18 -17 20 21 -20 26 25 -25 -24 27 -19 -29 -30
right_child=1 2 -4 4 5 -7 7 -9 -10 -11 -12 12 -14 14 -16 16 -18 22 19 -21 -22 -23 23 24 -26 -27 -28 28 29 -31
leaf_value=-4.4498486884521764e-06 0.0016966058181278564 -0.0010938422483605988 0.00038489003163421075 5.7582414104736382e-06 -0.0025558217322741916 -0.004036818690385793 -0.00037967468716238514 0.00065266511804710819 0.0029787669128598249 -0.0032255744720141697 0.0018691021995690569 -3.6562942723642631e-06 -4.1923040462886486e-06 -0.0006859189310462119 -0.0012233638771015174 5.9385635689336761e-06 1.9892835940694191e-05 8.1602711583396257e-06 1.1510689259783443e-05 1.288195167647757e-05 -7.5281320642434831e-05 -0.00025190278351604336 -6.4155233335536302e-05 -2.1940830991581654e-05 -0.0008587797968510173 7.7788245753031689e-05 0.00060478234577217857 -6.2251866248015832e-07 -6.5272562656507087e-05 9.1056301640229921e-06
leaf_weight=33745 1358 303 3919 25112 202 254 295 426 3913 201 330 205 11122 212 261 630 4712 2528 217 238 288 243 529 524 257 1024 4919 8474 874 494
leaf_count=33745 1358 303 3919 25112 202 254 295 426 3913 201 330 205 11122 212 261 630 4712 2528 217 238 288 243 529 524 257 1024 4919 8474 874 494
internal_value=7.81625e-05 0.000880931 0.000441448 3.43038e-05 0.000214608 0.00117899 0.00133302 -0.000317152 0.00167528 -0.00247904 -0.000547486 6.76112e-05 -0.000330368 -0.0031713 -0.0045 -9.41692e-05 0.000149214 -6.22763e-05 -0.00174707 -0.00303935 -0.00423108 -0.0023871 7.68801e-05 -0.00107225 -0.00293511 -0.000129011 0.000232277 -5.33332e-05 -0.000334518 -0.00216752
internal_weight=107809 5580 4222 102229 42533 5621 5367 922 4445 496 532 36912 11800 678 473 59696 25951 21239 1616 986 748 460 19623 2334 781 1553 17289 12370 9842 1368
internal_count=107809 5580 4222 102229 42533 5621 5367 922 4445 496 532 36912 11800 678 473 59696 25951 21239 1616 986 748 460 19623 2334 781 1553 17289 12370 9842 1368
is_linear=0
shrinkage=0.03


Tree=169
num_leaves=31
num_cat=0
split_feature=27 8 1 15 35 16 25 31 27 24 25 14 35 1 29 1 34 24 1 8 1 15 27 27 1 16 16 34 25 16
split_gain=5.25288 3.61858 4.42969 3.09059 2.77343 5.37458 3.49328 3.37442 3.27773 2.22755 2.30899 2.39304 2.19558 3.38744 1.98515 2.8748 3.50408 3.47375 1.88096 1.78825 2.84803 2.09682 1.99389 3.31059 3.04981 3.35566 7.52427 3.01637 2.89103 2.60534
threshold=5.4456250000000006 15.500000000000002 2.4750000000000005 1.2650000000000006 70.250000000000014 12.772500000000003 4.8525000000000009 1.5107132517164368 6.1314583333333355 8.2750000000000021 6.7025000000000015 0.85000490194665546 78.250000000000014 7.7250000000000005 5.8725000000000014 1.2750000000000001 955.72500000000014 10.475000000000001 -14.249999999999998 2.5000000000000004 27.375000000000004 -1.9924999999999997 1.4270833333333337 1.6220833333333335 4.8750000000000009 2.3225000000000007 3.1775000000000007 959.72500000000014 0.87750000000000017 5.4825000000000008
decision_type=2 2 2 2 2 10 10 2 2 10 10 2 2 2 2 2 2 8 2 2 2 2 2 2 2 8 10 2 8 10
left_child=18 3 -3 12 6 7 8 -6 -4 10 -8 -12 14 -14 -2 17 -17 -16 -1 20 21 -20 -21 24 25 -24 -27 28 -26 -30
right_child=1 2 4 -5 5 -7 9 -9 -10 -11 11 -13 13 -15 15 16 -18 -19 19 22 -22 -23 23 -25 27 26 -28 -29 29 -31
leaf_value=1.0812375151496647e-05 -6.8396549188678014e-05 0.0020280625085846615 -0.00048214018535917374 -0.00027534533352729208 -0.0054545547627135229 0.0013441222643938348 0.00060138273641433524 -0.0013485155235579954 -0.0032511573343745491 0.0018512971863365024 -0.0009631543836687228 0.00032694830428164282 0.0010055923620603342 -0.0026551892066022848 0.00037825084723861982 0.0010764637543343059 0.0020532002465337819 -0.0039519812007158591 -0.00012258075947144234 3.108373445935286e-06 -1.5842230393642141e-05 6.6913615216257842e-06 3.7577516399422586e-07 -9.5931863728196289e-07 1.5984861675323384e-05 -8.5379367245942651e-05 -1.7472068867472463e-05 2.3005617970433103e-05 -5.2368693880124261e-06 -6.0416078083351727e-05
leaf_weight=376 769 1065 435 1006 205 267 954 241 266 434 367 201 754 200 614 3973 2084 285 316 3878 368 11907 322 73537 303 239 395 241 1129 286
leaf_count=376 769 1065 435 1006 205 267 954 241 266 434 367 201 754 200 614 3973 2084 285 316 3878 368 11907 322 73537 303 239 395 241 1129 286
internal_value=7.25272e-05 0.000611682 -9.79729e-05 0.000936533 -0.000631111 -0.00228552 -0.000183696 -0.00428381 -0.00199292 0.000468129 -7.46561e-05 -0.00158115 0.00111895 -0.000237748 0.00128655 0.00144634 0.00168113 -0.000136062 -9.09937e-06 -1.77237e-05 0.000314624 0.000393278 -6.98325e-05 -0.000103509 -0.00109418 -0.00247867 -0.00373709 -0.000413951 -0.000856645 -0.00142606
internal_weight=107417 14120 4435 9685 3370 713 2657 446 701 1956 1522 568 8679 954 7725 6956 6057 899 93297 92921 12591 12223 80330 76452 2915 956 634 1959 1718 1415
internal_count=107417 14120 4435 9685 3370 713 2657 446 701 1956 1522 568 8679 954 7725 6956 6057 899 93297 92921 12591 12223 80330 76452 2915 956 634 1959 1718 1415
is_linear=0
shrinkage=0.03


end of trees

feature_importances:
pres=441
wind_aifs=330
rh=298
temp_fc=244
wind10_jma=239
month=234
wind_ecmwf=223
ens_mean3=222
wind10_ukmo=217
day_of_week=206
hour=183
wind10_cma=182
ens_std=154
wdir_sin=151
wind_gfs=147
air_density=144
shear=139
ens10_mean=135
wind10=134
wdir_cos=110
gust=109
wind_fc_std3=106
ens10_std=99
wind_fc_next=95
wind_ifs9=93
level1_ens=77
wind_fc_prev=71
ens_mean=71
wind_fc_ramp=68
wind_fc_mean3=32
wind_fc=30
lead_hours=30
level1_mean3=29
wind_corrected=25
level1=19
run_day=13

parameters:
[boosting: gbdt]
[objective: quantile]
[metric: quantile]
[tree_learner: serial]
[device_type: cpu]
[data_sample_strategy: bagging]
[data: ]
[valid: ]
[num_iterations: 170]
[learning_rate: 0.03]
[num_leaves: 31]
[num_threads: 0]
[seed: 42]
[deterministic: 0]
[force_col_wise: 0]
[force_row_wise: 0]
[histogram_pool_size: -1]
[max_depth: -1]
[min_data_in_leaf: 200]
[min_sum_hessian_in_leaf: 0.001]
[bagging_fraction: 0.8]
[pos_bagging_fraction: 1]
[neg_bagging_fraction: 1]
[bagging_freq: 1]
[bagging_seed: 400]
[bagging_by_query: 0]
[feature_fraction: 0.8]
[feature_fraction_bynode: 1]
[feature_fraction_seed: 30056]
[extra_trees: 0]
[extra_seed: 12879]
[early_stopping_round: 0]
[early_stopping_min_delta: 0]
[first_metric_only: 0]
[max_delta_step: 0]
[lambda_l1: 0]
[lambda_l2: 5]
[linear_lambda: 0]
[min_gain_to_split: 0]
[drop_rate: 0.1]
[max_drop: 50]
[skip_drop: 0.5]
[xgboost_dart_mode: 0]
[uniform_drop: 0]
[drop_seed: 17869]
[top_rate: 0.2]
[other_rate: 0.1]
[min_data_per_group: 100]
[max_cat_threshold: 32]
[cat_l2: 10]
[cat_smooth: 10]
[max_cat_to_onehot: 4]
[top_k: 20]
[monotone_constraints: ]
[monotone_constraints_method: basic]
[monotone_penalty: 0]
[feature_contri: ]
[forcedsplits_filename: ]
[refit_decay_rate: 0.9]
[cegb_tradeoff: 1]
[cegb_penalty_split: 0]
[cegb_penalty_feature_lazy: ]
[cegb_penalty_feature_coupled: ]
[path_smooth: 0]
[interaction_constraints: ]
[verbosity: -1]
[saved_feature_importance_type: 0]
[use_quantized_grad: 0]
[num_grad_quant_bins: 4]
[quant_train_renew_leaf: 0]
[stochastic_rounding: 1]
[linear_tree: 0]
[max_bin: 255]
[max_bin_by_feature: ]
[min_data_in_bin: 3]
[bin_construct_sample_cnt: 200000]
[data_random_seed: 175]
[is_enable_sparse: 1]
[enable_bundle: 1]
[use_missing: 1]
[zero_as_missing: 0]
[feature_pre_filter: 1]
[pre_partition: 0]
[two_round: 0]
[header: 0]
[label_column: ]
[weight_column: ]
[group_column: ]
[ignore_column: ]
[categorical_feature: ]
[forcedbins_filename: ]
[precise_float_parser: 0]
[parser_config_file: ]
[objective_seed: 16083]
[num_class: 1]
[is_unbalance: 0]
[scale_pos_weight: 1]
[sigmoid: 1]
[boost_from_average: 1]
[reg_sqrt: 0]
[alpha: 0.1]
[fair_c: 1]
[poisson_max_delta_step: 0.7]
[tweedie_variance_power: 1.5]
[lambdarank_truncation_level: 30]
[lambdarank_norm: 1]
[label_gain: ]
[lambdarank_position_bias_regularization: 0]
[eval_at: ]
[multi_error_top_k: 1]
[auc_mu_weights: ]
[num_machines: 1]
[local_listen_port: 12400]
[time_out: 120]
[machine_list_filename: ]
[machines: ]
[gpu_platform_id: -1]
[gpu_device_id: -1]
[gpu_device_id_list: ]
[gpu_use_dp: 0]
[num_gpu: 1]

end of parameters

pandas_categorical:[]
