tree
version=v4
num_class=1
num_tree_per_iteration=1
label_index=0
max_feature_idx=35
objective=quantile
feature_names=wind_fc temp_fc air_density wind_corrected level1 level1_mean3 run_day lead_hours hour day_of_week month wind_fc_prev wind_fc_next wind_fc_mean3 wind_fc_std3 wind_fc_ramp wind_ecmwf wind_ifs9 wind_gfs wind_aifs ens_mean ens_std ens_mean3 level1_ens wind10_ukmo wind10_cma wind10_jma ens10_mean ens10_std wind10 gust shear wdir_sin wdir_cos pres rh
feature_infos=[0.050000000000000003:25.884999999999998] [-20:41.25] [1.0507975963732479:1.3050395587586379] [0.04947305932046147:25.049113859144207] [0:0.97999999999999998] [0.0038888888888888892:0.97999999999999998] [1:3] [1:48] [0:23] [0:6] [1:12] [0.050000000000000003:25.884999999999998] [0.050000000000000003:25.884999999999998] [0.18000000000000002:22.915000000000003] [0:11.882662089503906] [-9.2149999999999999:13.15] [0.14999999999999999:21.02] [0.185:14.395] [0.050000000000000003:24.545000000000002] [0.050000000000000003:15.65] [0.59499999999999997:21.163333333333334] [0:10.287751211999636] [0.72583333333333322:20.826111111111107] [0.011666666666666667:0.97999999999999998] [0.050000000000000003:16.200000000000003] [0:14.710000000000001] [0.050000000000000003:11.23] [0.35333333333333333:13.377500000000001] [0:7.8063467768220498] [0.10000000000000001:17.734999999999999] [0.55000000000000004:35.049999999999997] [0.038022813688212934:8.3200000000000003] [-1:1] [-1:1] [935.70000000000005:985.79999999999995] [5.5:100]
tree_sizes=2813 2979 2971 2951 2977 2954 2963 2970 2971 2971 2961 2982 2981 2980 2976 2968 2987 2969 2952 3001 2966 2967 2991 2964 2974 2986 3001 2995 2978 2967 2976 2978 2969 2988 3001 2987 2996 2968 2997 3003 2990 3000 2989 3005 2975 2999 2991 3004 2992 3001 3013 3003 3009 2994 3016 2996 3009 2998 3005 3025 3005 3020 3024 3024 3029 3028 3005 2974 3015 3017 3020 3021 3004 3014 3015 3023 3001 3009 3042 3025 3023 3041 3019 3029 2991 3035 3024 3039 3012 3017 3025 3036 3017 3039 3023 3032 3029 3031 3035 3031 3025 3018 3019 3024 3003 3068 3004 3026 3049 3041 3014 3036 3029 3034 3036 3057 3010 3042 3040 3019 3021 3017 3048 3059 3038 3043 3045 3034 2991 3039 3033 3070 3038 3036 3008 3017 3028 3039 3000 3049 3014 3019 3024 3025 3016 3055 3067 3021 3050 2989 3014 3050 3025 3035 3029 3014 3031 3036 3013 3025 3013 3028 3012 3035 3042 3014 3034 3004 3033 3022 3022 3051 3071 3049 3043 3026 3024 3038 3026 3046 3056 3024 3031 3038 3048 3056 3014 3030 3048 3030 3026 3016 3034 3007 3012 3025 3037 2999 3057 3067 3041 3005 3044 3065 3078 3024 3012 3024 3058 3007 3039 3046 3022 3038 3008 3036 3062 3029 3009 3034 3034 3010 3014 2998 3049 3039 3036 3030 3012 3028 3015 3033 3017 3009

Tree=0
num_leaves=31
num_cat=0
split_feature=22 23 22 34 27 32 27 34 8 1 8 22 27 31 32 0 8 10 16 1 14 15 22 29 31 19 34 19 0 35
split_gain=2870.61 316.041 301.681 60.5223 42.4766 41.7391 68.0856 39.2671 36.1877 35.2123 33.9169 29.2678 25.6041 24.6333 22.3184 28.3981 18.4207 21.289 18.3783 17.7426 13.7184 13.2915 13.0265 12.4033 11.3934 10.4224 9.94581 9.03566 13.7049 8.91841
threshold=10.459722222222224 0.66421452014984872 12.246944444444447 958.82500000000016 6.2641666666666671 -0.91702515554752051 5.4006250000000025 959.52500000000009 10.500000000000002 9.0250000000000021 14.500000000000002 7.6338750000000006 6.3314583333333347 2.0671000239190698 -0.93038214053199442 8.4025000000000016 14.500000000000002 2.5000000000000004 10.727500000000003 15.275000000000002 1.0536523761728904 0.10500000000000222 11.67951388888889 4.9225000000000012 1.9977663037377935 7.9025000000000007 964.62500000000011 8.2225000000000019 10.447500000000002 41.750000000000007
decision_type=2 2 2 2 2 2 2 2 2 2 2 2 2 2 2 2 2 2 10 2 2 2 2 2 2 10 2 10 2 2
left_child=1 11 3 4 22 25 13 18 24 23 27 -1 19 16 -10 -16 26 -18 -8 -11 -14 -12 -2 -4 -5 -3 -7 28 -6 -19
right_child=2 5 9 8 10 6 7 -9 14 12 21 -13 20 -15 15 -17 17 29 -20 -21 -22 -23 -24 -25 -26 -27 -28 -29 -30 -31
leaf_value=0.95056664347648623 0.96191664516925812 0.96136664390563964 0.96251664459705355 0.96221664488315584 0.96191664516925812 0.96191664516925812 0.96186664342880246 0.96221664488315584 0.96221664488315584 0.96191664516925812 0.96191664516925812 0.96116664409637453 0.96191664516925812 0.96191664516925812 0.96246664464473719 0.96251664459705355 0.96251664459705355 0.96166664361953735 0.96191664516925812 0.96191664516925812 0.96191664516925812 0.96191664516925812 0.96221664488315584 0.96251664459705355 0.96221664488315584 0.96191664516925812 0.96226664483547208 0.96201664507389073 0.96191664516925812 0.96201664507389073
leaf_weight=72134 2809 3124 318 761 218 2109 485 350 369 263 377 11020 1165 2976 298 660 382 228 487 302 492 395 612 2430 398 818 302 467 224 503
leaf_count=72134 2809 3124 318 761 218 2109 485 350 369 263 377 11020 1165 2976 298 660 382 228 487 302 492 395 612 2430 398 818 302 467 224 503
internal_value=0.961578 0.959794 0.975054 0.97128 0.969396 0.964396 0.965664 0.971858 0.975124 0.9808 0.973302 0.959143 0.977897 0.964397 0.97852 0.980956 0.966092 0.969279 0.968692 0.972219 0.979795 0.968609 0.967463 0.983115 0.97118 0.961878 0.964608 0.977228 0.973868 0.966228
internal_weight=107476 94918 12558 7588 5102 11764 7822 1322 2486 4970 1681 83154 2222 6500 1327 958 3524 1113 972 565 1657 772 3421 2748 1159 3942 2411 909 442 731
internal_count=107476 94918 12558 7588 5102 11764 7822 1322 2486 4970 1681 83154 2222 6500 1327 958 3524 1113 972 565 1657 772 3421 2748 1159 3942 2411 909 442 731
is_linear=0
shrinkage=1


Tree=1
num_leaves=31
num_cat=0
split_feature=22 22 23 31 1 32 27 32 22 17 35 31 9 14 22 26 30 32 31 5 18 19 27 2 29 2 11 13 19 2
split_gain=2805.69 299.294 298.552 51.1735 43.5625 41.3717 59.8108 37.4133 33.3057 25.8096 25.1545 24.9052 22.686 22.6263 17.7907 15.4908 16.1249 22.5257 16.4086 14.972 15.3341 14.0802 13.7902 11.3133 10.8445 10.5653 10.506 10.3726 10.2441 9.81803
threshold=10.459722222222224 12.095486111111112 0.66421452014984872 1.285254828180604 9.0250000000000021 -0.91702515554752051 5.4006250000000025 -0.94260559819261247 6.5268333333333342 8.7125000000000021 76.250000000000014 2.0671000239190698 1.5000000000000002 0.99262698599894628 13.124166666666669 2.4225000000000003 7.4250000000000016 -0.90992662233962551 1.9977663037377935 0.31914624599023361 11.102500000000003 8.8675000000000015 6.3314583333333347 1.2118139095015665 4.9675000000000011 1.1241880618991795 7.9025000000000007 11.835833333333335 8.6525000000000016 1.211369574024485
decision_type=2 2 2 2 2 2 2 2 2 10 2 2 2 2 2 2 2 2 2 2 2 10 2 2 2 2 2 2 10 2
left_child=2 3 8 7 14 28 11 -2 -1 15 -11 19 -8 22 24 -5 -17 21 23 -7 -21 25 -6 -19 -3 -18 -14 -27 -4 -22
right_child=1 4 5 9 13 6 12 -9 -10 10 -12 -13 26 -15 -16 16 17 18 -20 20 29 -23 -24 -25 -26 27 -28 -29 -30 -31
leaf_value=-0.014516999244689941 0.00024250150322914108 0.00082450094819068844 -0.00010749995112419142 0.00023350151181220966 0.00024250150322914108 0.00019569930602414426 0.00048350127339363055 0.00042600132822990578 -0.0014170001149177557 0.00058950117230415205 0.00048950126767158372 0.00024250150322914108 0.00024250150322914108 0.00024250150322914108 0.00082450094819068844 0.00053350122570991476 -5.7499998807907238e-05 0.00043800118482125442 0.00059250116944313037 0.00029250145554542524 0.00024250150322914108 0.00024250150322914108 0.00024250150322914108 0.00083350093960761983 0.00082450094819068844 0.00024250150322914108 0.00024250150322914108 0.00024250150322914108 0.00024250150322914108 0.00082450094819068844
leaf_weight=59939 413 325 3556 567 388 830 416 895 23354 497 288 3006 250 835 1532 1174 279 616 520 1172 921 480 1180 389 1112 646 652 374 430 572
leaf_count=59939 413 325 3556 567 388 830 416 895 23354 497 288 3006 250 835 1532 1174 279 616 520 1172 921 480 1180 389 1112 646 652 374 430 572
internal_value=-1.30475e-05 0.01334 -0.00177023 0.00930365 0.0186896 0.0026939 0.00396127 0.0146733 -0.00240305 0.0080874 0.0131582 0.00277544 0.00977778 0.0156067 0.0211543 0.00728614 0.00787776 0.00895376 0.0116373 0.00449571 0.00558989 0.00662724 0.0177597 0.0138861 0.0185638 0.00497163 0.00703859 0.00638049 0.000205963 0.00760414
internal_weight=107608 12510 95098 7138 5372 11805 7819 1308 83293 5830 785 6501 1318 2403 2969 5045 4478 3304 1525 3495 2665 1779 1568 1005 1437 1299 902 1020 3986 1493
internal_count=107608 12510 95098 7138 5372 11805 7819 1308 83293 5830 785 6501 1318 2403 2969 5045 4478 3304 1525 3495 2665 1779 1568 1005 1437 1299 902 1020 3986 1493
is_linear=0
shrinkage=0.03


Tree=2
num_leaves=31
num_cat=0
split_feature=22 23 23 24 32 24 32 1 22 34 27 29 25 9 22 34 29 32 35 34 24 29 8 1 1 34 10 9 13 34
split_gain=2756.92 289.129 285.409 78.1946 38.2921 62.9837 37.3008 34.4641 34.3295 31.9016 27.1565 25.7184 21.0163 18.4415 16.8401 15.6756 15.6486 20.5658 15.0218 13.9787 14.7686 13.1257 11.9164 11.8837 11.6242 11.6094 11.1462 10.6095 10.4639 9.63607
threshold=10.459722222222224 0.66421452014984872 0.94688165170359218 8.0250000000000021 -0.91702515554752051 7.7750000000000012 -0.94828754594723508 9.0250000000000021 7.4474166666666664 967.47500000000014 6.3314583333333347 6.017500000000001 6.5725000000000007 4.5000000000000009 13.124166666666669 959.52500000000009 6.3125000000000009 0.91702515554752073 73.250000000000014 958.92500000000018 7.0250000000000012 4.9225000000000012 10.500000000000002 15.275000000000002 7.7250000000000005 959.52500000000009 1.5000000000000002 3.5000000000000004 11.51416666666667 950.72500000000014
decision_type=2 2 2 10 2 10 2 2 2 2 2 2 8 2 2 2 2 2 2 2 8 2 2 2 2 2 2 2 2 2
left_child=1 8 3 9 28 11 -5 14 -1 12 23 22 19 -8 21 -13 -14 -18 -12 -2 -21 -4 26 -9 -24 -7 -6 -22 -3 -28
right_child=2 4 7 6 5 25 13 10 -10 -11 18 15 16 -15 -16 -17 17 -19 -20 20 27 -23 24 -25 -26 -27 29 -29 -30 -31
leaf_value=-0.011231489303112029 0.00023522645813226715 -0.00010427495259046404 0.00079976591974496912 0.00027481642037630039 -0.0027147743048071857 0.00023522645813226715 0.00072181599408387977 0.00023522645813226715 -0.00049248948633670911 0.00079949592000245866 0.00023522645813226715 0.00023522645813226715 0.00033522636276483552 0.00032972136801481252 0.00079976591974496912 0.00046899623519182306 0.00028402637411359513 0.00051322119301557717 0.00031022609454421255 0.00026648841325808915 0.00060999577325613816 0.00079976591974496912 0.00053394937043336067 0.00023522645813226715 0.00011862884844264232 0.00066899604445695975 -0.00031477480548620208 0.00080849591141939016 0.00026222653967142295 0.00023663052404841677
leaf_weight=70157 3017 3324 313 898 495 447 716 240 13200 273 1387 935 291 266 1565 274 525 296 246 377 411 1125 1489 305 643 265 521 273 651 2756
leaf_count=70157 3017 3324 313 898 495 447 716 240 13200 273 1387 935 291 266 1565 274 525 296 246 377 411 1125 1489 305 643 265 521 273 651 2756
internal_value=2.83874e-05 -0.0017133 0.0132571 0.00944216 0.00268107 0.00389847 0.0147215 0.0186496 -0.00233549 0.00761357 0.015683 0.00304172 0.00707411 0.0187781 0.0207716 0.00702059 0.0107377 0.0128535 0.0176319 0.00606319 0.00903096 0.018237 0.0022217 0.00973636 0.00401217 0.0123766 0.00120572 0.0116517 0.000282663 0.00184004
internal_weight=107681 95157 12524 7343 11800 7825 1880 5181 83357 5463 2178 7113 5190 982 3003 1209 1112 821 1633 4078 1061 1438 5904 545 2132 712 3772 684 3975 3277
internal_count=107681 95157 12524 7343 11800 7825 1880 5181 83357 5463 2178 7113 5190 982 3003 1209 1112 821 1633 4078 1061 1438 5904 545 2132 712 3772 684 3975 3277
is_linear=0
shrinkage=0.03


Tree=3
num_leaves=31
num_cat=0
split_feature=22 22 23 24 25 34 32 22 31 34 16 1 17 9 19 31 35 14 34 16 31 31 31 20 19 1 31 34 24 9
split_gain=2760.05 304.5 274.34 73.8393 41.6449 35.7346 35.5122 34.0567 33.0645 30.0233 21.4425 20.8797 19.25 17.2814 16.9792 16.4351 17.1376 15.468 13.9761 12.0298 11.8438 11.3663 10.1219 10.7599 9.83583 9.61789 9.41139 9.30387 11.6407 12.4512
threshold=10.459722222222224 12.095486111111112 0.66421452014984872 8.0250000000000021 5.9425000000000017 959.52500000000009 -0.94828754594723508 6.5268333333333342 1.2362028271188208 967.97500000000014 12.092500000000003 9.0250000000000021 7.2125000000000012 4.5000000000000009 7.5525000000000011 1.2362028271188208 34.750000000000007 1.8696902589099995 962.32500000000016 10.677500000000002 2.0120301023915483 1.2460512382673683 2.0606417882509547 9.7231666666666694 10.537500000000001 14.725000000000001 1.3637510942737838 958.72500000000014 6.8750000000000009 3.5000000000000004
decision_type=2 2 2 10 8 2 2 2 2 2 8 2 10 2 10 2 2 2 2 10 2 2 2 2 10 2 2 2 8 2
left_child=2 3 7 9 11 14 19 -1 -7 15 12 20 22 -8 -4 16 -2 25 -14 -5 -3 -16 23 -10 27 -6 -27 -17 -29 -30
right_child=1 4 5 6 17 8 13 -9 10 -11 -12 -13 18 -15 21 24 -18 -19 -20 -21 -22 -23 -24 -25 -26 26 -28 28 29 -31
leaf_value=-0.013744544588255882 0.0002143248275917775 0.00077577294215262045 0.00010435809839308363 0.00022548195085825027 0.00077577294215262045 0.00034124786063285392 0.00072370596552362573 -0.001277714038807154 0.00021470798131079992 0.00077551104240238368 0.00052812725630851931 0.0002281696643883002 0.00025343948178002543 0.00040332964734256515 0.0002281696643883002 0.0002281696643883002 0.00049632455865561973 0.0003608169354550857 0.00045492634813606878 0.00034557110975157564 0.00072577298983633634 0.00022812754241081421 -0.00088079276207832951 0.00077969603841126166 0.00075209931472957064 0.0002281696643883002 0.0002281696643883002 0.00025950177495945412 0.00064919617268978434 0.00078424103407680797
leaf_weight=59894 252 570 5993 226 2752 401 696 23288 776 253 348 889 240 260 339 3084 264 224 251 624 242 2165 720 549 202 388 400 329 546 375
leaf_count=59894 252 570 5993 226 2752 401 696 23288 776 253 348 889 240 260 339 3084 264 224 251 624 242 2165 720 549 202 388 400 329 546 375
internal_value=7.64324e-05 0.0132805 -0.00167278 0.00917749 0.018606 0.00261084 0.0144186 -0.00227964 0.00526596 0.00738136 0.00412876 0.0146114 0.00315702 0.0183996 0.00158186 0.00686257 0.0119424 0.0203895 0.00846169 0.00985965 0.0181322 0.00365404 0.00186585 0.00341729 0.00627219 0.0208858 0.017599 0.00595713 0.00815139 0.00987797
internal_weight=107540 12576 94964 7111 5465 11782 1806 83182 3285 5305 2884 1701 2536 956 8497 5052 516 3764 491 850 812 2504 2045 1325 4536 3540 788 4334 1250 921
internal_count=107540 12576 94964 7111 5465 11782 1806 83182 3285 5305 2884 1701 2536 956 8497 5052 516 3764 491 850 812 2504 2045 1325 4536 3540 788 4334 1250 921
is_linear=0
shrinkage=0.03


Tree=4
num_leaves=31
num_cat=0
split_feature=22 22 23 24 34 34 22 2 24 16 16 25 2 30 26 34 25 19 30 13 1 10 14 19 10 16 19 19 34 26
split_gain=2665.97 292.214 263.141 76.986 38.5071 37.1361 35.3039 34.6183 31.3612 29.1456 28.5048 24.1119 19.4165 15.8087 15.1913 14.9232 16.2692 14.3497 13.7513 29.4124 15.1231 12.9411 11.8609 10.5546 10.1822 9.76331 9.12463 8.96174 8.70469 8.3995
threshold=10.459722222222224 12.246944444444447 0.66421452014984872 8.0250000000000021 959.72500000000014 968.27500000000009 6.1206944444444451 1.1705935579487341 6.8750000000000009 12.092500000000003 11.072500000000002 6.7725000000000009 1.2040848001550404 8.2250000000000014 2.6025000000000005 958.42500000000018 7.0025000000000013 7.5525000000000011 7.4250000000000016 9.1608333333333345 21.925000000000004 11.500000000000002 1.2856677891189265 10.192500000000003 4.5000000000000009 10.727500000000003 8.6525000000000016 8.2225000000000019 960.22500000000014 2.7375000000000007
decision_type=2 2 2 10 2 2 2 2 10 8 10 8 2 2 2 2 8 10 2 2 2 2 2 10 2 10 10 10 2 2
left_child=2 3 6 5 17 14 -1 11 9 21 -5 -3 -10 -9 -2 16 26 24 -16 28 23 -6 -13 -21 -4 -14 -12 -8 -20 -23
right_child=1 7 4 10 8 -7 27 13 12 -11 15 22 25 -15 18 -17 -18 -19 19 20 -22 29 -24 -25 -26 -27 -28 -29 -30 -31
leaf_value=-0.014582207952584981 0.00021886329064011324 0.00022132457445665053 0.00025122900052948813 0.00022021750699523056 0.00020614072717462737 0.00075224571113031264 -0.0017322076903245442 0.00075249975388804293 0.00038868896572284646 0.00051037432101413537 0.00030772983755409153 0.00022132457445665053 0.00048868887035541484 0.00075249975388804293 0.00050059430812402156 0.00070249980157175871 0.00023335575977132648 0.00022132457445665053 0.00049307938335865829 0.0002303245975445096 0.00018032287906213362 0.00057677630645348692 0.00022132457445665053 0.00072953633528768491 -2.4962628284255215e-05 0.00077958653914047432 0.00035372917128816453 0.00036061764461749798 0.00076071380305450353 0.00047535682927681065
leaf_weight=55120 803 1128 2190 493 1569 270 27328 238 376 379 277 906 249 2510 1156 662 338 2507 536 1901 459 206 217 221 3849 209 212 517 259 243
leaf_count=55120 803 1128 2190 493 1569 270 27328 238 376 379 277 906 249 2510 1156 662 338 2507 536 1901 459 206 217 221 3849 209 212 517 259 243
internal_value=9.78816e-05 0.0130674 -0.00162566 0.00934655 0.00256994 0.00753743 -0.00222135 0.0186996 0.00535754 0.00360075 0.0144308 0.0158497 0.0103552 0.0210011 0.00697472 0.016508 0.0136406 0.00151351 0.00764911 0.00861934 0.0070406 0.00215324 0.019008 0.00810719 0.000720218 0.00610367 0.00996559 -0.00135027 0.0136687 0.00661454
internal_weight=107328 12586 94742 7587 11777 5605 82965 4999 3231 2397 1982 2251 834 2748 5335 1489 827 8546 4532 3376 2581 2018 1123 2122 6039 458 489 27845 795 449
internal_count=107328 12586 94742 7587 11777 5605 82965 4999 3231 2397 1982 2251 834 2748 5335 1489 827 8546 4532 3376 2581 2018 1123 2122 6039 458 489 27845 795 449
is_linear=0
shrinkage=0.03


Tree=5
num_leaves=31
num_cat=0
split_feature=22 22 22 24 32 24 2 27 20 31 32 34 34 16 26 33 8 34 10 9 32 8 27 16 34 26 9 18 11 10
split_gain=2610.84 298.671 262.9 84.7018 43.5022 63.4027 33.9836 42.7896 33.4031 32.6484 32.1433 29.1043 20.6411 17.7119 16.3512 18.2816 26.5548 26.7704 15.0689 14.9259 14.5949 14.3193 12.7091 12.5675 12.5144 11.808 11.6353 11.3732 10.7635 9.80771
threshold=10.459722222222224 12.246944444444447 8.6543055555555579 8.0250000000000021 -0.93663652364155492 7.7750000000000012 1.1480176067867423 6.7193750000000012 5.9906250000000005 2.0671000239190698 -0.94828754594723508 967.97500000000014 959.52500000000009 12.972500000000002 2.6025000000000005 0.10452846326765323 9.5000000000000018 951.82500000000016 8.5000000000000018 4.5000000000000009 -0.96359376111369355 10.500000000000002 6.0085416666666669 10.902500000000002 959.52500000000009 2.0425000000000004 1.5000000000000002 12.672500000000001 7.0275000000000007 5.5000000000000009
decision_type=2 2 2 10 2 10 2 2 2 2 2 2 2 10 2 2 2 2 2 2 2 2 2 10 2 2 2 2 2 2
left_child=2 3 8 11 -4 9 7 -3 -1 12 23 14 25 20 -2 -16 -17 -18 -19 27 -8 -14 -15 -5 -7 -6 -27 -12 -23 -9
right_child=1 6 4 10 5 24 13 29 -10 -11 19 -13 21 22 15 16 17 18 -20 -21 -22 28 -24 -25 -26 26 -28 -29 -30 -31
leaf_value=-0.014444742321974806 0.00020889368528968164 0.0002146848372229504 -2.5929225227403617e-05 0.00021061098464639661 -7.2215772030811417e-05 0.00021631658996462967 0.00062992485663883378 0.0002146848372229504 -0.0018933218080992896 0.00019697249509113778 0.00052144980555366316 0.00072967833979640346 0.00044697225667255866 0.0007299247612714021 0.00021441483653031668 0.00057164019680346675 0.0003495046358153195 0.00074597904925790355 0.00072602505806362979 0.00037015476387513457 0.0007299247612714021 0.00045259267741458605 0.000679924808955118 0.00039019222586140985 0.00064164458651569281 0.00063903995349479548 0.00021464397890478824 0.00071783835189094698 0.00046974522484870881 0.0002146848372229504
leaf_weight=53374 805 463 4105 297 673 500 346 603 28507 3317 217 291 758 707 2779 733 336 356 337 267 449 317 2226 632 291 699 1870 551 540 229
leaf_count=53374 805 463 4105 297 673 500 346 603 28507 3317 217 291 758 707 2779 733 336 356 337 267 449 317 2226 632 291 699 1870 551 540 229
internal_value=0.000140128 0.0129549 -0.00156423 0.00919366 0.00238623 0.00355686 0.0186319 0.0143192 -0.00219492 0.00276782 0.0145597 0.00731283 0.0043334 0.0201088 0.00679723 0.00749604 0.00989474 0.013001 0.0163625 0.0182163 0.0158812 0.00710185 0.0212257 0.0104101 0.011642 0.00294549 0.00387063 0.0203829 0.00975522 0.0183799
internal_weight=107575 12624 94951 7601 13070 8965 5023 1295 81881 8174 1964 5637 4857 3728 5346 4541 1762 1029 693 1035 795 1615 2933 929 791 3242 2569 768 857 832
internal_count=107575 12624 94951 7601 13070 8965 5023 1295 81881 8174 1964 5637 4857 3728 5346 4541 1762 1029 693 1035 795 1615 2933 929 791 3242 2569 768 857 832
is_linear=0
shrinkage=0.03


Tree=6
num_leaves=31
num_cat=0
split_feature=23 22 23 24 32 25 34 24 22 16 26 34 2 9 8 22 32 29 9 8 25 19 2 14 13 10 33 30 29 2
split_gain=2581.28 322.434 235.304 84.1379 39.6109 34.7562 32.4203 33.8094 29.3407 27.4518 24.3605 24.9023 21.6999 20.6036 18.529 17.6379 18.3933 29.1094 19.2756 18.7767 15.5659 16.0157 14.7478 13.0565 15.0721 12.3884 16.0989 12.3376 12.2013 11.9892
threshold=0.85077952690602288 12.246944444444447 0.64204562848961022 8.0250000000000021 -0.94828754594723508 6.0225000000000009 959.52500000000009 7.6750000000000016 5.8625833333333341 12.092500000000003 2.4225000000000003 959.82500000000016 1.1705935579487341 4.5000000000000009 11.500000000000002 9.4548750000000013 -0.90630778703664994 6.4775000000000009 1.5000000000000002 14.500000000000002 6.3975000000000009 8.6525000000000016 1.2008024244529059 0.93004032170653883 13.845833333333335 11.500000000000002 0.026175951569892341 6.6750000000000016 5.2525000000000013 1.203426890226911
decision_type=2 2 2 10 2 8 2 10 2 8 2 2 2 2 2 2 2 2 2 2 8 10 2 2 2 2 2 2 2 2
left_child=2 3 8 10 -5 12 15 9 -1 25 -2 20 -3 -6 27 -4 -17 18 19 -18 -12 -22 -9 -7 -25 29 -27 -13 -14 -8
right_child=1 5 6 4 13 23 7 22 -10 -11 11 14 28 -15 -16 16 17 -19 -20 -21 21 -23 -24 24 -26 26 -28 -29 -30 -31
leaf_value=-0.014461399623162121 0.00019949187376182563 0.00020824429210626103 -6.0288156740229136e-06 0.00026742399168779962 0.00067538515693765897 0.00070802701843325933 0.00023643187682281645 0.00022526547970667821 -0.0019806177102063972 0.00049106303413610998 0.00024824785591431528 0.00043026625663617813 0.00070802701843325933 0.00029342187404691409 0.0007136682234892399 7.4479851166806325e-05 0.00020873480405205535 0.0002082467815151301 8.051630669313359e-05 0.00076986861183880428 0.0002065183939549664 0.00045478788514725086 0.00062239524892022111 0.0002095274938399083 0.00062197579257110671 -5.5674012072257483e-05 0.00058338803474409183 0.00059755325236126808 0.00041102730167453248 -0.00056344346316150704
leaf_weight=52299 749 842 4484 925 780 2707 913 228 29621 379 2984 237 202 261 557 1892 434 555 1529 218 593 316 200 298 480 228 378 737 513 1012
leaf_count=52299 749 842 4484 925 780 2707 913 228 29621 379 2984 237 202 261 557 1892 434 555 1529 218 593 316 200 298 480 228 378 737 513 1012
internal_value=0.000161748 0.0125949 -0.00157542 0.0088928 0.0142983 0.0185564 0.00226656 0.0047939 -0.00215941 0.00362264 0.00716105 0.00786112 0.0147177 0.0183241 0.0111113 0.0013386 0.00263674 0.00420722 0.00263358 0.00693151 0.00657029 0.0100142 0.0126236 0.0202479 0.0165211 0.00248304 0.00620622 0.00853728 0.0186042 0.00129793
internal_weight=107551 13181 94370 8139 1966 5042 12450 3338 81920 2910 6173 5424 1557 1041 1531 9112 4628 2736 2181 652 3893 909 428 3485 778 2531 606 974 715 1925
internal_count=107551 13181 94370 8139 1966 5042 12450 3338 81920 2910 6173 5424 1557 1041 1531 9112 4628 2736 2181 652 3893 909 428 3485 778 2531 606 974 715 1925
is_linear=0
shrinkage=0.03


Tree=7
num_leaves=31
num_cat=0
split_feature=22 23 23 34 23 31 32 30 32 2 22 19 20 31 26 8 31 32 10 9 26 26 2 2 35 29 1 30 12 15
split_gain=2489.03 295.374 245.351 41.6411 39.7907 37.6561 45.9694 34.0434 31.7463 31.3429 24.468 23.4959 23.0922 19.8123 16.8268 25.0009 16.7623 21.5486 14.8808 16.0155 15.4068 14.1672 12.6621 14.8754 12.2902 12.7232 13.5923 12.1086 15.3528 11.8578
threshold=10.459722222222224 0.94688165170359218 0.59683603706972488 958.82500000000016 0.77957885576900376 1.2620601237842617 -0.19936034309715209 7.3750000000000009 -0.94828754594723508 1.1480176067867423 13.124166666666669 8.6525000000000016 5.9906250000000005 1.5812303447743632 2.6625000000000005 10.500000000000002 1.285254828180604 -0.94260559819261247 11.500000000000002 4.5000000000000009 3.1425000000000005 3.1125000000000007 1.1668724657858778 1.2054027804380076 37.750000000000007 4.9225000000000012 9.6250000000000018 10.225000000000001 10.867500000000001 -0.11500000000000009
decision_type=2 2 2 2 2 2 2 2 2 2 2 10 2 2 2 2 2 2 2 2 2 2 2 2 2 2 2 2 10 2
left_child=2 3 12 11 21 6 -6 -5 29 13 24 16 -1 -3 -10 -16 17 -2 -7 20 -20 22 -4 -24 -11 -26 -27 -13 -29 -9
right_child=1 9 4 7 5 18 -8 8 14 10 -12 27 -14 -15 15 -17 -18 -19 19 -21 -22 -23 23 -25 25 26 -28 28 -30 -31
leaf_value=-0.013677557968253266 0.00019249029627517138 0.00020199696334307181 1.6683596769053091e-05 0.00061032146005848592 -0.0001160880499562833 0.00021460112968610834 0.00021310107747243845 0.000206194577921952 0.0003052592564737255 0.00068753619876075686 0.00068678620788025998 0.00020277756625528999 -0.0024711986543793306 0.00020199696334307181 0.00066939042670466451 0.00068655796748148324 0.00020068361706678496 0.00019544530611085407 0.000480387786914082 -4.1169951054903069e-05 0.00061843203394217506 -0.00015646065092013493 0.0003117315236931928 0.000243741443513652 0.00068678620788025998 0.00068678620788025998 0.00018659216035029402 0.00019287475740054736 0.0003270846489538903 0.00040156162771370511
leaf_weight=53456 311 920 2222 477 362 4453 777 295 216 236 2154 439 25482 321 486 643 2646 389 275 247 279 4658 1388 1328 266 1052 215 346 895 234
leaf_count=53456 311 920 2222 477 362 4453 777 295 216 236 2154 439 25482 321 486 643 2646 389 275 247 279 4658 1388 1328 266 1052 215 346 895 234
internal_value=0.000160281 0.0127186 -0.0014994 0.00885654 0.00188902 0.00372163 0.00865647 0.0121592 0.0139798 0.0182217 0.0195573 0.00730113 -0.00218581 0.0139382 0.0164333 0.0179127 0.00583169 0.00995745 0.00264461 0.00639826 0.0092093 0.000666805 0.00178555 0.00315766 0.0168112 0.0157159 0.0169882 0.0102018 0.0117231 0.00764607
internal_weight=107468 12541 94927 7377 15989 6393 1139 2351 1874 5164 3923 5026 78938 1241 1345 1129 3346 700 5254 801 554 9596 4938 2716 1769 1533 1267 1680 1241 529
internal_count=107468 12541 94927 7377 15989 6393 1139 2351 1874 5164 3923 5026 78938 1241 1345 1129 3346 700 5254 801 554 9596 4938 2716 1769 1533 1267 1680 1241 529
is_linear=0
shrinkage=0.03


Tree=8
num_leaves=31
num_cat=0
split_feature=22 23 23 24 34 22 31 2 27 32 34 25 25 29 19 22 28 22 24 10 10 32 32 22 9 17 22 9 18 10
split_gain=2428.13 285.465 238.345 72.0426 39.8791 38.6034 36.1926 33.0555 31.0519 30.4359 21.1033 18.8605 18.55 16.3265 16.0078 15.8999 15.6913 14.6671 13.617 13.312 13.1851 12.9235 12.7988 14.365 12.1929 11.24 10.9163 10.4433 10.2377 8.78201
threshold=10.459722222222224 0.94688165170359218 0.66421452014984872 8.0250000000000021 959.52500000000009 7.4474166666666664 1.2620601237842617 1.1480176067867423 6.7193750000000012 -0.93663652364155492 966.62500000000011 6.2875000000000005 6.5725000000000007 6.3125000000000009 7.5525000000000011 9.9912916666666707 2.0546917837182419 4.6530555555555564 7.4750000000000005 5.5000000000000009 11.500000000000002 0.94828754594723541 -0.93038214053199442 14.783750000000003 4.5000000000000009 7.3325000000000014 11.455277777777781 1.0000000180025095e-35 12.752500000000003 1.5000000000000002
decision_type=2 2 2 10 2 2 2 2 2 2 2 8 8 2 10 2 2 2 10 2 2 2 2 2 2 10 2 2 2 2
left_child=2 3 5 10 14 17 18 8 -3 26 12 -9 16 -14 -4 25 29 -1 -6 -10 -17 -15 23 -13 28 -8 -5 -16 -11 -2
right_child=1 7 4 9 6 -7 15 11 19 24 -12 22 13 21 27 20 -18 -19 -20 -21 -22 -23 -24 -25 -26 -27 -28 -29 -30 -31
leaf_value=-0.016767231467624245 0.00071504018287324488 0.00019593705444277852 8.6739973502856992e-05 0.0001930259032300193 0.00022960065465718715 -0.00028186451256103869 0.00022892693840992684 0.00061618266932756956 0.00019589855839076908 0.00057573212184287349 0.00066578120387338676 0.00037026444309150693 0.00026107100395743348 0.00020480243023989541 0.00021697659053518948 0.00065853780239014451 0.0001867156000407033 -0.0049568932061689183 0.00042971397685749867 0.00018094357265296845 0.00066317596496709235 0.00039572724916694387 0.00066766012048692918 0.00067026415698921205 0.00032965072571302767 0.00038939131354901547 0.00034324001382558301 0.00019710513179949053 0.00063452686320508375 0.00022767631656944953
leaf_weight=37679 319 459 5942 556 258 13092 1885 1523 566 212 300 783 280 568 391 434 1094 32092 228 221 207 222 1341 290 248 334 387 2091 468 2665
leaf_count=37679 319 459 5942 556 258 13092 1885 1523 566 212 300 783 280 568 391 434 1094 32092 228 221 207 222 1341 290 248 334 387 2091 468 2665
internal_value=0.000200625 0.0126237 -0.00144117 0.00879888 0.00255287 -0.0020086 0.0053214 0.018011 0.0136307 0.013879 0.00704309 0.0193782 0.00657986 0.0101023 0.00145071 0.00402094 0.00564438 -0.00228908 0.0128554 0.0172462 0.00816873 0.0123019 0.0210905 0.0183868 0.0177556 0.0028071 0.00999051 0.00347165 0.0198832 0.00677083
internal_weight=107135 12502 94633 7319 11770 82863 3346 5183 1246 1871 5448 3937 5148 1070 8424 2860 4078 69771 486 787 641 790 2414 1073 928 2219 943 2482 680 2984
internal_count=107135 12502 94633 7319 11770 82863 3346 5183 1246 1871 5448 3937 5148 1070 8424 2860 4078 69771 486 787 641 790 2414 1073 928 2219 943 2482 680 2984
is_linear=0
shrinkage=0.03


Tree=9
num_leaves=31
num_cat=0
split_feature=22 22 23 24 22 24 32 1 27 32 34 16 14 31 32 29 22 8 10 26 1 31 27 16 8 33 34 26 19 32
split_gain=2443.68 277.454 219.595 64.7428 48.0562 36.7164 48.2999 33.1824 34.016 31.9572 25.3849 21.1867 22.6513 18.2956 17.5012 28.7479 15.8171 14.7721 18.735 14.143 13.8627 15.4553 13.2129 13.0958 10.6139 27.2112 10.2012 10.1518 10.015 9.9986
threshold=10.459722222222224 12.246944444444447 0.72452741843777979 8.0250000000000021 7.4474166666666664 7.8750000000000009 0.87032255546191739 14.725000000000001 6.7193750000000012 -0.93038214053199442 967.97500000000014 12.972500000000002 0.65663917032110619 1.2362028271188208 -0.87032255546191695 6.267500000000001 4.6530555555555564 15.500000000000002 2.5000000000000004 2.6175000000000006 13.275000000000002 2.2064103504781474 6.0085416666666669 10.627500000000003 16.500000000000004 0.087155742747658027 957.92500000000018 3.2975000000000003 4.0075000000000012 0.9426055981926128
decision_type=2 2 2 10 2 10 2 2 2 2 2 10 2 2 2 2 2 2 2 2 2 2 2 10 2 2 2 2 10 2
left_child=2 3 4 10 16 14 -7 11 -9 23 13 12 -3 29 -4 17 -1 -16 -19 -15 21 24 -13 -5 -21 -26 -11 -22 -6 -2
right_child=1 7 5 9 28 6 -8 8 -10 26 -12 22 -14 19 15 -17 -18 18 -20 20 27 -23 -24 -25 25 -27 -28 -29 -30 -31
leaf_value=-0.016164213724893278 0.00017369664531110347 0.00064615281802924633 9.6740846974966425e-05 0.00018469291553745436 -0.00088227810451031838 0.00019866958245818152 0.00042151717175806903 0.00019005894280949565 0.00019002160163904657 0.00031604569355204727 0.00064580776775718495 0.00064615281802924633 0.00035807497159238142 0.000182155140778254 0.00019333456555296059 0.00022016113065938747 -0.0045581866484024312 0.00073773232038797261 0.00023070924271432393 0.00038719972576650274 0.00018891297924375494 0.00022078320859670984 0.00059765286428245295 0.00029066174631161461 0.00018768415774789049 0.0007385599689304327 0.00064899466472501664 0.00017084607475608026 0.00014195040911122559 0.00034671846077329981
leaf_weight=37919 209 479 2726 225 8113 664 473 443 832 451 273 712 303 761 3440 688 32159 425 808 1520 274 621 2239 820 311 353 445 974 7463 317
leaf_count=37919 209 479 2726 225 8113 664 473 443 832 451 273 712 303 761 3440 688 32159 425 808 1520 274 621 2239 820 311 353 445 974 7463 317
internal_value=0.000232304 0.0126636 -0.00141421 0.00902342 -0.00188786 0.00298277 0.00802014 0.01814 0.0138398 0.0137497 0.00737825 0.0195883 0.0149733 0.00690926 0.00227002 0.00326444 -0.00222285 0.00241578 0.00522698 0.00631625 0.00702095 0.00819395 0.0207838 0.0101 0.00938237 0.012583 0.0179267 0.00436233 -0.000380464 0.012226
internal_weight=107440 12562 94878 7554 85654 9224 1137 5008 1275 1941 5613 3733 782 5340 8087 5361 70078 4673 1233 4814 4053 2805 2951 1045 2184 664 896 1248 15576 526
internal_count=107440 12562 94878 7554 85654 9224 1137 5008 1275 1941 5613 3733 782 5340 8087 5361 70078 4673 1233 4814 4053 2805 2951 1045 2184 664 896 1248 15576 526
is_linear=0
shrinkage=0.03


Tree=10
num_leaves=31
num_cat=0
split_feature=22 22 22 34 34 16 27 22 30 27 16 16 9 34 1 14 27 31 1 19 30 31 10 15 9 28 10 33 1 11
split_gain=2371 287.98 212.85 44.5432 42.0472 34.8519 32.3957 31.6568 31.3438 28.5853 37.2863 29.1064 27.4157 24.6402 23.8915 21.6448 20.1179 17.662 19.1665 15.7059 14.9811 13.8048 13.4102 12.3402 12.0613 11.4763 11.2553 11.9113 10.9432 10.5109
threshold=10.459722222222224 12.246944444444447 8.6543055555555579 958.82500000000016 959.52500000000009 12.972500000000002 6.2641666666666671 5.3868333333333345 7.3750000000000009 5.4006250000000025 10.417500000000002 12.092500000000003 3.5000000000000004 951.22500000000014 15.275000000000002 0.65663917032110619 7.1679166666666676 1.3156568049530033 -4.3749999999999991 7.8525000000000009 9.3750000000000018 2.0606417882509547 3.5000000000000004 1.2350000000000001 1.0000000180025095e-35 1.498248282694514 10.500000000000002 0.04361772647272262 1.1250000000000002 9.0075000000000021
decision_type=2 2 2 2 2 10 2 2 2 2 8 8 2 2 2 2 2 2 2 10 2 2 2 2 2 2 2 2 2 2
left_child=2 3 7 6 19 15 23 -1 -5 11 -11 21 17 -8 20 -3 -16 -10 -19 -4 -7 26 -15 -2 -21 -26 -6 -28 -20 -9
right_child=1 5 4 8 9 14 13 29 12 10 -12 -13 -14 22 16 -17 -18 18 28 24 -22 -23 -24 -25 25 -27 27 -29 -30 -31
leaf_value=-0.014181778583229018 0.00019299096795538651 0.00062676823348836838 7.9846016104659159e-05 0.00059784734687247279 0.00023347670392927065 0.00062972323067026273 0.00016261688846829769 -0.0025916384406872426 0.0004270954457712893 0.00021981040960822318 0.00040287339519176179 0.0004572252641025576 0.00062089823578496343 0.00064859152285730325 0.00018435717452520926 0.00018435944964188431 0.00018210946054952437 0.00064038998242448779 0.00013093029299404813 0.00023261485544191494 0.00057831260470686313 -0.00033374217032742793 0.00016963974178426603 0.0002467614484757785 1.4579891088170037e-05 0.00019414768797522698 0.00025028909682256326 0.00046599022639396277 0.0002802652742825695 7.8560023933248456e-05
leaf_weight=46629 3071 707 7298 478 872 459 611 31385 288 351 302 400 786 282 280 531 444 221 299 364 2525 863 800 296 1050 895 274 441 384 3796
leaf_count=46629 3071 707 7298 478 872 459 611 31385 288 351 302 400 786 282 280 531 444 221 299 364 2525 863 800 296 1050 895 274 441 384 3796
internal_value=0.000222037 0.0125222 -0.00139342 0.00881292 0.00215478 0.0181442 0.00719052 -0.00196211 0.0121341 0.00496608 0.0106094 0.00365674 0.0138003 0.0105777 0.0196192 0.0136653 0.0145103 0.0108471 0.00869967 0.00112765 0.0208324 0.00241955 0.0132971 0.0054742 0.00328133 0.00233077 0.004076 0.00685417 0.00613517 -0.00128241
internal_weight=107382 12462 94920 7516 13110 4946 5060 81810 2456 3503 653 2850 1978 1693 3708 1238 724 1192 904 9607 2984 2450 1082 3367 2309 1945 1587 715 683 35181
internal_count=107382 12462 94920 7516 13110 4946 5060 81810 2456 3503 653 2850 1978 1693 3708 1238 724 1192 904 9607 2984 2450 1082 3367 2309 1945 1587 715 683 35181
is_linear=0
shrinkage=0.03


Tree=11
num_leaves=31
num_cat=0
split_feature=22 22 23 24 2 34 24 16 22 32 27 34 31 19 35 32 19 31 35 22 22 34 9 8 19 1 19 19 9 1
split_gain=2343.28 269.808 200.489 60.905 36.64 35.3818 38.503 32.6754 28.7073 28.3764 27.0256 21.0182 18.2138 17.7102 16.5987 16.356 16.3493 16.211 16.794 15.9361 14.2868 14.28 13.472 12.584 13.4629 11.4529 9.72533 9.28699 13.2329 9.16111
threshold=10.459722222222224 12.246944444444447 0.59683603706972488 8.0250000000000021 1.1712160485503478 959.72500000000014 7.8750000000000009 12.092500000000003 5.2397222222222233 -0.94828754594723508 6.3314583333333347 967.97500000000014 2.0606417882509547 7.0725000000000007 73.250000000000014 -0.88697705852364728 7.9575000000000005 1.2362028271188208 35.250000000000007 13.124166666666669 9.6897222222222243 956.62500000000011 1.0000000180025095e-35 16.500000000000004 8.5875000000000021 14.525000000000002 10.537500000000001 5.3975000000000009 3.5000000000000004 19.925000000000004
decision_type=2 2 2 10 2 2 10 8 2 2 2 2 2 10 2 2 10 2 2 2 2 2 2 2 10 2 10 10 2 2
left_child=2 3 8 11 10 16 7 12 -1 23 25 17 13 20 -12 -8 -4 18 -2 -6 -7 -11 -18 24 -5 -3 29 -10 -29 -19
right_child=1 4 5 9 19 6 15 -9 27 21 14 -13 -14 -15 -16 -17 22 26 -20 -21 -22 -23 -24 -25 -26 -27 -28 28 -30 -31
leaf_value=-0.014056324939629853 0.00013130185523182235 0.00012426888918575017 7.4599161392605587e-05 0.0001752147683995542 0.00060942086010304039 0.00015491463832127073 0.00019083473673504235 0.00047490267686655204 -0.0035266870530368277 0.0002477501502067647 0.00016587044158157608 0.0006072218352517378 -0.00094973302512977079 0.00036379105960722576 0.00017837762459281591 0.0006633004627116945 0.00023466133805637556 0.00035764824645902828 0.00036064101449560072 0.00061237385252905672 0.00062432480821784648 0.00061031312531053313 0.0001772626635731589 0.00020416161177640556 0.00027196847961508564 0.00017882645928945172 0.00042573361955283034 0.00045326190366758195 -0.0022651161661075567 0.00013688310970675355
leaf_weight=45088 257 255 9431 275 1204 1319 210 497 26110 426 1474 275 1141 332 254 205 329 3991 271 1521 540 587 1899 318 336 336 243 3929 3863 573
leaf_count=45088 257 255 9431 275 1204 1319 210 497 26110 426 1474 275 1141 332 254 205 329 3991 271 1521 540 587 1899 318 336 336 243 3929 3863 573
internal_value=0.000247297 0.0124023 -0.00136672 0.00880429 0.0177754 0.00170612 0.00404989 0.00309937 -0.00198544 0.0133867 0.0149238 0.00720748 0.00202098 0.00361885 0.0168298 0.0126786 0.000851594 0.00677809 0.0117749 0.0201703 0.00246406 0.0168772 0.00315987 0.00951071 0.0120243 0.00925671 0.00621758 -0.00132557 -0.000416315 0.00589363
internal_weight=107489 12596 94893 7552 5044 15903 4244 3829 78990 1942 2319 5610 3332 2191 1728 415 11659 5335 528 2725 1859 1013 2228 929 611 591 4807 33902 7792 4564
internal_count=107489 12596 94893 7552 5044 15903 4244 3829 78990 1942 2319 5610 3332 2191 1728 415 11659 5335 528 2725 1859 1013 2228 929 611 591 4807 33902 7792 4564
is_linear=0
shrinkage=0.03


Tree=12
num_leaves=31
num_cat=0
split_feature=22 23 23 24 10 22 22 29 24 35 1 33 26 22 33 31 10 18 25 28 26 2 35 28 19 35 0 22 14 10
split_gain=2043.91 208.806 195.243 42.5067 38.5664 31.9595 29.2918 27.8916 27.1806 22.0309 33.8046 17.9354 17.4603 16.9853 15.8545 16.3754 14.7295 14.556 13.3808 12.0547 10.4658 11.3757 10.3983 12.3167 10.6435 10.279 9.65015 9.61553 9.31473 21.0542
threshold=10.459722222222224 0.93655408454361033 0.59683603706972488 7.9750000000000005 11.500000000000002 9.4548750000000013 4.6530555555555564 4.9675000000000011 7.8750000000000009 73.750000000000014 23.175000000000004 0.04361772647272262 2.6625000000000005 12.568777777777779 0.10452846326765323 2.2152443276544456 11.500000000000002 12.672500000000001 8.422500000000003 2.741934763987476 3.1125000000000007 1.1668724657858778 69.250000000000014 1.050043649856369 6.932500000000001 60.750000000000007 11.102500000000003 9.9912916666666707 0.69217651891209397 5.5000000000000009
decision_type=2 2 2 10 2 2 2 2 10 2 2 2 2 2 2 2 2 2 8 2 2 2 2 2 8 2 2 2 2 2
left_child=2 3 6 12 7 20 -1 -3 16 10 17 -10 -2 -6 25 26 -7 -5 28 -8 21 -4 23 -23 -24 -14 -16 -18 29 -9
right_child=1 4 5 9 13 8 19 18 11 -11 -12 -13 14 -15 15 -17 27 -19 -20 -21 -22 22 24 -25 -26 -27 -28 -29 -30 -31
leaf_value=-0.01488214505384667 0.00014962826643237978 0.00019824180247836164 -9.0595038221219506e-06 0.00017170373947873906 0.00060769184245647453 0.00018330634781743498 -0.0032708865844968704 0.00058968256068062444 0.00018278829461384815 0.00030714429717474491 0.00014525019141559635 0.00037768371622943109 0.00015966946613526044 0.0005965060526339816 0.00060745351748294765 0.00039332449584436157 0.00032221028483142897 0.00035922861758418503 0.00029650633873627653 0.00072128614217485427 -0.00013679659099726348 0.0004384187279786686 0.00054674751188445441 0.00023912875116269031 -0.00015500058228109292 0.00043366233762222355 0.00031152893199425932 0.00060532043434656806 0.00017385255290518041 0.00015277970406481805
leaf_weight=37637 893 276 2089 411 386 5051 39973 1208 449 432 307 510 1570 775 919 271 352 650 1006 1251 4395 203 367 1021 1224 1136 420 303 1292 667
leaf_count=37637 893 276 2089 411 386 5051 39973 1208 449 432 307 510 1570 775 919 271 352 650 1006 1251 4395 203 367 1021 1224 1136 420 303 1292 667
internal_value=0.000176343 0.0115164 -0.00133328 0.00805432 0.0158308 0.0016919 -0.00194574 0.0145225 0.00327661 0.0120332 0.0139009 0.0079388 0.00666916 0.0207607 0.00745938 0.00982662 0.00248678 0.0164325 0.0151343 -0.001393 0.000554922 0.00150703 0.00275 0.00482343 0.00114474 0.00603541 0.0111853 0.00670454 0.0141138 0.0155186
internal_weight=107444 12619 94825 7009 5610 15964 78861 4449 6665 1800 1368 959 5209 1161 4316 1610 5706 1061 4173 41224 9299 4904 2815 1224 1591 2706 1339 655 3167 1875
internal_count=107444 12619 94825 7009 5610 15964 78861 4449 6665 1800 1368 959 5209 1161 4316 1610 5706 1061 4173 41224 9299 4904 2815 1224 1591 2706 1339 655 3167 1875
is_linear=0
shrinkage=0.03


Tree=13
num_leaves=31
num_cat=0
split_feature=23 22 22 10 34 25 31 22 23 10 32 31 34 19 22 16 16 31 32 29 34 34 9 16 25 22 29 2 2 14
split_gain=1821.34 223.759 128.289 61.2011 50.6631 39.316 25.5102 24.2339 22.5291 19.7731 29.2851 18.6162 26.4055 23.3763 18.3201 17.0168 16.8302 15.8577 15.5512 37.4027 16.9767 14.5066 14.668 12.178 12.1758 11.9792 11.3692 10.8169 9.84868 9.70065
threshold=0.81455168397756517 11.67951388888889 7.6338750000000006 11.500000000000002 959.22500000000014 6.3975000000000009 1.2362028271188208 12.568777777777779 0.72452741843777979 9.5000000000000018 0.90992662233962551 1.2798232444697093 951.82500000000016 8.6525000000000016 4.6530555555555564 14.557500000000003 10.252500000000003 1.423678831138367 -0.87032255546191695 6.0675000000000017 959.52500000000009 968.27500000000009 2.5000000000000004 6.1525000000000007 4.182500000000001 10.683333333333335 4.9675000000000011 1.2021132249015352 1.162152024816913 0.48603840726152786
decision_type=2 2 2 2 2 8 2 2 2 2 2 2 2 10 2 10 8 2 2 2 2 2 2 10 10 2 2 2 2 2
left_child=2 4 14 5 11 26 -6 -5 -4 10 15 12 -2 25 -1 28 -8 -11 -10 23 -21 22 -18 -20 -24 -13 -3 -28 -7 -26
right_child=1 3 8 7 6 9 16 -9 18 17 -12 13 -14 -15 -16 -17 21 -19 19 20 -22 -23 24 -25 29 -27 27 -29 -30 -31
leaf_value=-0.014435680702231271 0.00011700078237276518 0.00028364694279311205 -1.9603117399323856e-05 0.00059759241253574903 0.00032780217368361591 0.00015371099420098731 0.00014585409341043507 0.00057861087105496309 5.1458151868517539e-05 0.00025480307150355205 0.00057335716295087158 0.00014731898752954364 0.00016342467299346631 0.00018783393166081307 -0.0040727591286550775 0.00028502961179832198 0.00046671468797395365 0.00010453557264870461 0.00039156251568890909 0.00017575359956870931 0.00036015817803912372 0.00058762206752116292 0.00025357817392947577 0.00017619152001387527 0.00060208767543578842 0.00016306933913082244 0.00015568246212950164 0.00058316197203548434 0.00018422122910308886 0.00032398276503967847
leaf_weight=37736 466 310 13406 518 323 654 247 778 2527 273 846 1676 603 1382 34422 404 810 298 213 612 214 256 208 3098 634 1721 1816 336 475 206
leaf_count=37736 466 310 13406 518 323 654 247 778 2527 273 846 1676 603 1382 34422 404 810 298 213 612 214 256 208 3098 634 1721 1816 336 475 206
internal_value=0.000113386 0.00971925 -0.00147435 0.0138189 0.00648987 0.0123932 0.00990257 0.0197018 0.000647073 0.0147411 0.0159576 0.00491645 0.00849441 0.00410807 -0.00206441 0.0133947 0.00878571 0.00957812 0.00207197 0.00320352 0.00889531 0.00964983 0.00868277 0.00177232 0.0110313 0.00276279 0.00955573 0.010331 0.0114048 0.0126391
internal_weight=107468 15240 92228 6708 8532 5412 2684 1296 20070 2950 2379 5848 1069 4779 72158 1533 2361 571 6664 4137 826 2114 1858 3311 1048 3397 2462 2152 1129 840
internal_count=107468 15240 92228 6708 8532 5412 2684 1296 20070 2950 2379 5848 1069 4779 72158 1533 2361 571 6664 4137 826 2114 1858 3311 1048 3397 2462 2152 1129 840
is_linear=0
shrinkage=0.03


Tree=14
num_leaves=31
num_cat=0
split_feature=22 22 22 10 34 25 22 27 34 10 32 32 31 24 32 16 22 32 27 16 31 29 2 9 19 34 30 2 9 2
split_gain=1715.74 243.134 117.502 67.4824 43.5831 30.8629 26.2628 24.382 23.4526 23.304 26.2329 21.033 21.4661 20.4114 31.5386 19.8423 17.3228 16.0375 14.6544 14.4496 13.4792 12.5596 11.056 11.0114 10.8587 10.2828 9.37943 13.6299 19.2788 13.2566
threshold=9.9912916666666707 11.67951388888889 7.5609722222222233 11.500000000000002 960.32500000000016 6.3975000000000009 12.568777777777779 6.2641666666666671 951.62500000000011 9.5000000000000018 0.90992662233962551 -0.91702515554752051 2.0120301023915483 7.6250000000000009 -0.93038214053199442 14.557500000000003 4.6530555555555564 -0.97625883275952019 4.4964583333333348 3.9425000000000008 1.423678831138367 4.5675000000000017 1.162152024816913 4.5000000000000009 8.8675000000000015 958.92500000000018 5.2750000000000012 1.1494155581425787 1.5000000000000002 1.2158276459519668
decision_type=2 2 2 2 2 8 2 2 2 2 2 2 2 10 2 10 2 2 2 10 2 2 2 2 10 2 2 2 2 2
left_child=2 4 16 5 7 21 -5 24 -9 10 15 -6 18 19 -15 22 -1 -10 -13 25 -11 -3 -7 -16 -2 -4 -21 -28 29 -29
right_child=1 3 13 6 11 9 -8 8 17 20 -12 12 -14 14 23 -17 -18 -19 -20 26 -22 -23 -24 -25 -26 -27 27 28 -30 -31
leaf_value=-0.013852609530145809 0.00016085962463267543 0.00014582156139696044 0.00010671825340527019 0.00057910038059898585 0.00018066425485260606 0.00014793408790311991 0.00056029345277729624 0.00014176750963084685 0.00014704521778879375 0.00024715897935844388 0.00055624503783512796 0.00050673342258379607 0.0005517637356496518 1.0621875949407476e-05 0.00052046220656561386 0.0002764787234443722 -0.0041023460073428396 0.00021990395314151921 0.00057605865569456283 -0.0012802095832495589 9.8483151333623596e-05 0.0001992810378700005 0.00017818801440681946 0.00016188792879536561 0.00017127846535015687 0.00041201535996829519 -9.0535842360958411e-05 0.00052370939705255308 0.00012876246976221552 -0.00011577895056277265
leaf_weight=37896 3985 203 334 500 506 637 774 686 363 289 858 250 494 996 577 390 33431 632 893 4120 303 2241 487 221 991 426 6977 1481 5171 500
leaf_count=37896 3985 203 334 500 506 637 774 686 363 289 858 250 494 996 577 390 33431 632 893 4120 303 2241 487 221 991 426 6977 1481 5171 500
internal_value=9.3609e-05 0.0093326 -0.00145938 0.0136465 0.00605111 0.0121607 0.0198812 0.00484674 0.00796975 0.0142331 0.0155717 0.00977235 0.0114245 0.000524365 0.00357865 0.013106 -0.00203795 0.010905 0.0136855 0.000235247 0.00878392 0.00962352 0.0109903 0.00800249 0.00378478 0.00427451 6.59026e-05 0.00043321 0.00135308 0.00386556
internal_weight=107612 15482 92130 6682 8800 5408 1274 6657 1681 2964 2372 2143 1637 20803 1794 1514 71327 995 1143 19009 592 2444 1124 798 4976 760 18249 14129 7152 1981
internal_count=107612 15482 92130 6682 8800 5408 1274 6657 1681 2964 2372 2143 1637 20803 1794 1514 71327 995 1143 19009 592 2444 1124 798 4976 760 18249 14129 7152 1981
is_linear=0
shrinkage=0.03


Tree=15
num_leaves=31
num_cat=0
split_feature=23 22 22 10 34 25 22 8 19 31 27 8 29 22 8 9 33 10 19 8 31 34 33 18 28 19 30 35 8 12
split_gain=1640.58 211.123 121.608 61.4317 38.0724 32.6864 26.4461 21.2099 21.0305 28.2597 20.516 28.3696 20.1177 19.1813 14.4821 13.9318 17.2122 13.7449 13.7352 13.5869 13.481 13.3427 11.9215 11.6509 10.8583 10.133 10.0533 9.27732 9.23918 9.97744
threshold=0.81455168397756517 11.56854166666667 7.5968333333333335 11.500000000000002 959.22500000000014 8.422500000000003 12.411777777777779 13.500000000000002 7.8525000000000009 1.3574890975394276 6.2641666666666671 13.500000000000002 4.9675000000000011 4.6530555555555564 8.5000000000000018 2.5000000000000004 -0.034899496702500851 2.5000000000000004 11.792500000000002 10.500000000000002 1.3356485947649368 959.62500000000011 -0.21643137258081238 14.692500000000003 1.7092798191046763 8.6525000000000016 12.625000000000002 33.750000000000007 8.5000000000000018 6.7425000000000006
decision_type=2 2 2 2 2 8 2 2 10 2 2 2 2 2 2 2 2 2 10 2 2 2 2 2 2 10 2 2 2 10
left_child=2 4 13 5 10 12 7 -5 21 26 25 -12 -3 -1 24 20 -17 19 23 -14 -16 -4 -7 -19 -6 -2 -10 -25 -23 -30
right_child=1 3 8 6 14 22 -8 -9 9 -11 11 -13 17 -15 15 16 -18 18 -20 -21 -22 28 -24 27 -26 -27 -28 -29 29 -31
leaf_value=-0.013587031995259961 0.00014941338927045188 0.0002707628876674084 -3.5881612113984883e-05 0.00052057206197947837 0.0005667432855018783 0.0001505968415066967 0.00054425190319983593 0.00063733524308243748 0.00034417333874571803 0.00015434274102398837 0.00015176010989665278 0.00014164042337380667 0.000542424094109184 -0.0038420055852375987 0.00030606910455397134 0.00023229353020507991 0.00054108488836904776 0.00014306208920100149 0.00013385447386273733 0.00056263313728070275 0.0004559667021877193 2.4347078309464659e-05 0.00028318595111950746 0.00015742271941619586 8.0990465538317567e-05 0.0001602230726343934 0.00016388906051520991 0.00015759718392362786 0.00015246583909373659 0.00034874379330318339
leaf_weight=37930 3276 460 13683 245 588 285 863 218 320 1934 594 778 240 33966 203 241 720 1949 213 256 517 1832 876 248 307 931 206 1245 1134 1552
leaf_count=37930 3276 460 13683 245 588 285 863 218 320 1934 594 778 240 33966 203 241 720 1949 213 256 517 1832 876 248 307 931 206 1245 1134 1552
internal_value=8.65364e-05 0.00920114 -0.00141593 0.0129841 0.00590257 0.0116261 0.0188295 0.0128013 0.000612455 0.00321298 0.00450269 0.00768627 0.0104695 -0.00199883 0.0089198 0.0105676 0.0129472 0.0111302 0.0104631 0.0158922 0.00732414 0.000260188 0.0161552 0.0109208 0.00578333 0.00345655 0.00934463 0.0129513 0.00167278 0.00279153
internal_weight=107810 15253 92557 7098 8155 5772 1326 463 20661 2460 5579 1372 4611 71896 2576 1681 961 4151 3655 496 720 18201 1161 3442 895 4207 526 1493 4518 2686
internal_count=107810 15253 92557 7098 8155 5772 1326 463 20661 2460 5579 1372 4611 71896 2576 1681 961 4151 3655 496 720 18201 1161 3442 895 4207 526 1493 4518 2686
is_linear=0
shrinkage=0.03


Tree=16
num_leaves=31
num_cat=0
split_feature=23 23 23 10 23 29 25 34 19 31 34 25 24 32 35 24 16 8 9 23 10 25 16 33 16 19 9 26 2 13
split_gain=1595.24 196.833 116.793 63.0571 32.2304 31.8433 29.0131 28.7278 21.2971 20.7986 26.0991 20.2985 19.9273 25.7969 17.8841 26.0415 15.2607 15.4384 14.801 14.7597 13.1521 10.5762 10.0603 9.74698 8.3665 7.99003 8.12806 13.6142 7.90093 14.459
threshold=0.82091537878445431 0.91379409702965175 0.47150686923481949 11.500000000000002 0.72452741843777979 4.9675000000000011 5.4975000000000014 959.82500000000016 8.6525000000000016 1.285254828180604 951.22500000000014 8.422500000000003 7.6750000000000016 -0.87032255546191695 56.750000000000007 8.2750000000000021 10.252500000000003 11.500000000000002 2.5000000000000004 0.10613355594089884 3.5000000000000004 6.7025000000000015 7.0725000000000007 -0.21643137258081238 14.557500000000003 3.9675000000000007 1.5000000000000002 3.5225000000000004 1.161334974430922 12.981666666666667
decision_type=2 2 2 2 2 2 10 2 10 2 2 8 10 2 2 10 8 2 2 2 2 8 10 2 10 10 2 2 2 2
left_child=2 7 19 5 25 -3 -5 8 9 10 -2 14 22 -14 15 18 -9 -18 -7 -1 -20 -10 -6 -13 28 -4 27 -27 -16 -30
right_child=1 3 4 6 12 11 -8 16 21 -11 -12 23 13 -15 24 -17 17 -19 20 -21 -22 -23 -24 -25 -26 26 -28 -29 29 -31
leaf_value=-0.013579420653932433 6.3128740817919307e-05 0.00027869344230053132 -0.00077925424877540279 0.00056412270428804815 0.00029477666211353946 0.00013877022652497128 0.00052811618424400072 0.00026076848076285925 0.0001465226083088189 0.00014578972116550918 0.00014875962882575526 0.00014737217730764656 0.0001469201209968278 0.00032545296455680032 0.00013874315459580009 0.00047615141896962366 0.00036562407982441812 0.00052740588730341596 0.00052319637410401347 -0.0044798826794182102 0.00013598898543192852 0.00031068713697641082 0.00015623037117152517 0.00027724323179248737 0.00019251012864800575 0.00057088808712492996 -7.9251317282945648e-05 -0.00045631269093948765 0.00047494074657156713 0.0001200716920527929
leaf_weight=34322 343 461 8761 303 410 386 1082 215 1127 3253 524 251 493 442 532 450 1079 880 228 34836 541 500 5801 871 453 1424 5689 845 678 653
leaf_count=34322 343 461 8761 303 410 386 1082 215 1127 3253 524 251 493 442 532 450 1079 880 228 34836 541 500 5801 871 453 1424 5689 845 678 653
internal_value=6.44571e-05 0.00920756 -0.00139161 0.012916 0.000417888 0.0114554 0.0186583 0.00597615 0.00485727 0.00370182 0.00781995 0.0121456 0.00210348 0.00617553 0.0110945 0.0135559 0.00891602 0.00974694 0.0110819 -0.00201602 0.0134922 0.00776287 0.001486 0.0157533 0.0093632 -0.000302978 0.00038503 0.00190105 0.00842666 0.00713847
internal_weight=107833 14810 93023 6889 23865 5504 1385 7921 5747 4120 867 5043 7146 935 3921 1605 2174 1959 1155 69158 769 1627 6211 1122 2316 16719 7958 2269 1863 1331
internal_count=107833 14810 93023 6889 23865 5504 1385 7921 5747 4120 867 5043 7146 935 3921 1605 2174 1959 1155 69158 769 1627 6211 1122 2316 16719 7958 2269 1863 1331
is_linear=0
shrinkage=0.03


Tree=17
num_leaves=31
num_cat=0
split_feature=23 22 22 10 25 22 34 22 8 31 23 24 32 32 31 26 10 1 18 13 19 23 31 34 24 19 8 34 24 24
split_gain=1510.21 201.931 110.107 70.0107 29.0936 28.7064 27.2875 24.4939 19.7682 19.6571 19.5394 17.9332 26.1222 16.2968 19.3157 16.5838 15.5106 22.0629 21.7988 21.4629 14.7054 14.6103 13.7604 22.8574 11.8972 11.8935 11.4903 11.2136 21.8239 11.0261
threshold=0.82091537878445431 11.56854166666667 7.9564583333333347 11.500000000000002 8.422500000000003 12.568777777777779 959.22500000000014 4.6530555555555564 13.500000000000002 2.0537508537031388 0.75838728171891023 7.7750000000000012 -0.63605400036818838 -0.8949002852437673 2.0120301023915483 2.4525000000000006 1.5000000000000002 9.6250000000000018 14.537500000000001 11.835833333333335 8.6525000000000016 0.95972438699273466 1.2798232444697093 951.32500000000016 4.9250000000000016 12.047500000000001 11.500000000000002 959.52500000000009 9.4750000000000014 7.4250000000000016
decision_type=2 2 2 2 8 2 2 2 2 2 2 10 2 2 2 2 2 2 2 2 10 2 2 2 10 8 2 2 8 10
left_child=2 6 7 4 9 8 20 -1 -5 16 -4 -12 -13 -8 15 -15 19 27 21 -3 22 24 23 -2 -19 -20 -17 -18 -29 -9
right_child=1 3 10 5 -6 -7 13 29 -10 -11 11 12 -14 14 -16 26 17 18 25 -21 -22 -23 -24 -25 -26 -27 -28 28 -30 -31
leaf_value=-0.01272203756939823 3.236802089899497e-05 0.00052990583224360563 4.6399674161908177e-05 0.00050602443036817024 0.00025924529117661186 0.00051227269871668144 0.00014514382302683538 -0.0034415990064631586 0.00060129150466132315 0.00015730111551365278 0.00015985403515834438 0.00013305427077009958 0.00032978078822014199 0.00020935361757960178 0.00039449372601774277 0.00053877226454208894 0.00010398623272898469 0.00012656493142329083 0.00013904311290401482 0.00054469313819167974 0.00014963100886910942 0.00013771531935218628 0.00014267555286274103 0.00014822293840923705 0.00013582157785298142 0.00014492714703096655 0.00052085126135912999 0.00011781859253994664 0.00026526515183155518 0.00092603721619376807
leaf_weight=37938 320 251 11299 322 1133 785 623 36829 241 372 5040 437 330 238 626 477 820 609 257 202 1431 223 3094 433 485 714 469 274 419 986
leaf_count=37938 320 251 11299 322 1133 785 623 36829 241 372 5040 437 330 238 626 477 820 609 257 202 1431 223 3094 433 485 714 469 274 419 986
internal_value=7.39114e-05 0.0089662 -0.00134548 0.0126138 0.0111542 0.0187849 0.00559837 -0.00183636 0.0133996 0.010076 0.000828238 0.00224174 0.00650129 0.00822847 0.00966942 0.0119243 0.0106546 0.0100018 0.0118692 0.0159629 0.00437933 0.0092882 0.00340576 0.00703298 0.00779618 0.0153043 0.0137035 0.00714822 0.00995845 -0.00129574
internal_weight=107677 14818 92859 7107 5759 1348 7711 75753 563 4626 17106 5807 767 2433 1810 1184 4254 3801 2288 453 5278 1317 3847 753 1094 971 946 1513 693 37815
internal_count=107677 14818 92859 7107 5759 1348 7711 75753 563 4626 17106 5807 767 2433 1810 1184 4254 3801 2288 453 5278 1317 3847 753 1094 971 946 1513 693 37815
is_linear=0
shrinkage=0.03


Tree=18
num_leaves=31
num_cat=0
split_feature=23 23 23 10 30 20 23 8 1 1 9 27 34 27 8 32 27 10 16 32 32 29 21 16 1 9 31 8 8 35
split_gain=1453.58 186.131 108.295 67.5854 29.2939 28.9542 25.676 22.927 21.8957 36.4214 33.8357 21.1994 21.1618 19.1783 31.8974 20.4263 18.0969 18.002 18.6706 16.5593 13.8136 31.2505 12.6736 11.77 11.1099 12.0435 11.0376 10.9944 10.4526 16.3026
threshold=0.82091537878445431 0.91379409702965175 0.47150686923481949 11.500000000000002 7.6750000000000016 12.505500000000003 0.75838728171891023 13.500000000000002 9.6250000000000018 6.3750000000000009 1.5000000000000002 7.1679166666666676 960.32500000000016 6.0085416666666669 13.500000000000002 -0.8949002852437673 3.1220833333333338 10.500000000000002 12.972500000000002 0.98897820466835418 -0.91702515554752051 6.4775000000000009 2.7123827546964807 13.467500000000003 14.525000000000002 3.5000000000000004 1.6493622656413358 15.500000000000002 11.500000000000002 56.750000000000007
decision_type=2 2 2 2 2 2 2 2 2 2 2 2 2 2 2 2 2 2 8 2 2 2 2 10 2 2 2 2 2 2
left_child=2 12 16 4 -3 7 -4 -5 9 10 -6 24 13 -2 -15 -16 -1 18 -12 -14 -8 28 -20 -13 25 -10 -19 -21 -22 -30
right_child=1 3 6 5 8 -7 20 -9 11 -11 17 23 19 14 15 -17 -18 26 22 27 21 -23 -24 -25 -26 -27 -28 -29 29 -31
leaf_value=-0.01072412572340942 0.00014514211393105048 6.010101565620539e-05 -3.4024256724948982e-05 0.00049025491969785333 5.1634834044027575e-05 0.00049690451775518112 3.804348005355309e-05 0.0005997428513918135 9.2134523451061761e-05 7.4022850965331787e-05 0.00051200928511872541 0.00011895307984388903 0.00022617213526813281 0.0001360695510733556 0.00011830619741062973 0.00017767930316573864 -0.0028423253455971964 0.00025822506775770911 0.00049552603457106773 0.00053853959280984124 0.00012909807318518539 0.00017427944116024885 0.00050295007569948753 0.00012499991792733683 0.00013512051608294878 0.0001489071900317096 4.8951037106357503e-05 0.00053805252859345895 4.9415145917274744e-05 0.00063237985337118434
leaf_weight=49363 4040 238 17915 317 357 852 1964 257 287 680 422 604 1307 850 854 202 19754 201 483 455 2150 608 240 732 860 221 217 219 517 590
leaf_count=49363 4040 238 17915 317 357 852 1964 257 287 680 422 604 1307 850 854 202 19754 201 483 455 2150 608 240 732 860 221 217 219 517 590
internal_value=6.91523e-05 0.00876745 -0.00132646 0.0123442 0.0108264 0.0181845 0.000421407 0.0127772 0.011288 0.00928215 0.0113922 0.013196 0.00561762 0.00471551 0.00719623 0.00368709 -0.0019269 0.0132915 0.0152478 0.00830665 0.00214998 0.00318992 0.0182019 0.015915 0.0104924 0.0140468 0.0078156 0.0121325 0.00201686 0.0043786
internal_weight=107756 14895 92861 6968 5542 1426 23744 574 5304 2600 1920 2704 7927 5946 1906 1056 69117 1563 1145 1981 5829 3865 723 1336 1368 508 418 674 3257 1107
internal_count=107756 14895 92861 6968 5542 1426 23744 574 5304 2600 1920 2704 7927 5946 1906 1056 69117 1563 1145 1981 5829 3865 723 1336 1368 508 418 674 3257 1107
is_linear=0
shrinkage=0.03


Tree=19
num_leaves=31
num_cat=0
split_feature=23 22 22 16 34 22 24 34 34 9 8 19 16 34 24 24 16 19 18 26 33 26 18 16 16 33 19 9 21 34
split_gain=1391.91 202.927 103.156 35.232 23.892 21.8511 20.0785 18.4217 16.6318 16.3011 15.1643 14.9405 14.1023 15.196 13.0358 12.8957 11.4257 11.3593 11.0259 10.989 10.9356 14.29 10.5933 10.224 10.1763 9.90338 9.88401 9.70158 9.72308 9.43316
threshold=0.81455168397756517 11.56854166666667 7.6338750000000006 14.847500000000002 969.02500000000009 3.7230555555555553 7.6250000000000009 955.82500000000016 959.22500000000014 1.0000000180025095e-35 10.500000000000002 8.6525000000000016 10.462500000000002 966.47500000000014 6.4250000000000016 8.0250000000000021 3.9425000000000008 7.9025000000000007 15.447500000000002 2.8525000000000005 0.06104621499353461 2.4675000000000007 13.962500000000002 12.242500000000001 10.677500000000002 0.35019404643548474 11.022500000000003 1.0000000180025095e-35 2.7123827546964807 958.92500000000018
decision_type=2 2 2 8 2 2 10 2 2 2 2 10 8 2 10 10 10 10 2 2 2 2 2 8 10 2 10 2 2 2
left_child=2 7 5 4 9 -1 16 11 24 -3 -9 25 -12 20 -7 19 29 -18 -5 -11 -14 -22 -21 -23 -8 -2 -24 -19 -29 -4
right_child=1 3 6 18 -6 14 8 10 -10 15 12 -13 13 -15 -16 -17 17 27 -20 22 21 23 26 -25 -26 -27 -28 28 -30 -31
leaf_value=-0.013918653093806977 0.00012709307398458178 0.00012553412183397036 7.9224348989463954e-05 0.00024164327961853865 0.0004819973822225254 -0.0049569747014328773 4.8739809362985387e-05 0.00026725581125210839 0.000311315965201605 0.00012814454959113515 0.00012350840093079075 0.00013787788499850073 0.00012303589038275219 0.00048524520549455728 0.00079468175163510452 0.0004266296115722079 -2.6152402254706608e-05 0.00019019939440851008 0.00047499665058093222 0.00024680868552493239 0.00018298414596537002 0.00047415200889049602 0.00042451390355074389 0.00053664774386414705 0.00019673052407925051 0.00053877543715895142 0.00010061732984155136 8.8597046658915872e-05 0.00062665636916827956 0.00040650955024870423
leaf_weight=25569 2755 579 320 520 409 44573 1028 1930 427 300 281 1173 439 204 2205 1538 15732 254 872 1158 226 602 1502 288 400 215 243 1383 245 384
leaf_count=25569 2755 579 320 520 409 44573 1028 1930 427 300 281 1173 439 204 2205 1538 15732 254 872 1158 226 602 1502 288 400 215 243 1383 245 384
internal_value=5.72381e-05 0.00845843 -0.00132645 0.0121537 0.0110923 -0.00185539 0.000570472 0.00520953 0.00354032 0.0105352 0.0066717 0.00380207 0.00847922 0.00947449 -0.00146964 0.0111182 0.000268842 0.000118508 0.0164667 0.00999408 0.00841346 0.00999286 0.0105609 0.0116983 0.00197209 0.00266218 0.01206 0.00231796 0.00145499 0.00400282
internal_weight=107754 15234 92520 7121 5729 72347 20173 8113 1855 5320 3970 4143 2040 1759 46778 4741 18318 17614 1392 3203 1555 1116 2903 890 1428 2970 1745 1882 1628 704
internal_count=107754 15234 92520 7121 5729 72347 20173 8113 1855 5320 3970 4143 2040 1759 46778 4741 18318 17614 1392 3203 1555 1116 2903 890 1428 2970 1745 1882 1628 704
is_linear=0
shrinkage=0.03


Tree=20
num_leaves=31
num_cat=0
split_feature=23 22 23 10 20 22 2 10 27 32 30 22 33 9 27 1 33 19 24 23 19 19 10 2 0 35 35 24 10 2
split_gain=1277.64 142.083 125.311 77.2542 31.7533 27.9097 23.083 45.4033 26.9078 22.3778 24.0289 22.316 20.9694 19.2848 19.1353 20.1161 12.9307 12.2549 11.6189 11.3587 15.7714 11.2825 14.2304 12.1142 12.0174 11.1393 17.2674 11.0939 10.5405 10.4126
threshold=0.85295247855104439 7.9564583333333347 0.92014420762972848 11.500000000000002 9.6706250000000029 4.6530555555555564 1.1685233597415172 1.5000000000000002 7.1679166666666676 -0.91702515554752051 10.075000000000003 12.73025 0.087155742747658027 1.5000000000000002 7.7356250000000015 4.6750000000000016 0.19936034309715231 8.6525000000000016 8.3250000000000028 0.9657944418923633 8.5125000000000028 8.7225000000000019 1.5000000000000002 1.2400141398467432 10.447500000000002 73.750000000000014 41.250000000000007 7.075000000000002 11.500000000000002 1.1660487668648771
decision_type=2 2 2 2 2 2 2 2 2 2 2 2 2 2 2 2 2 10 10 2 10 8 2 2 2 2 2 10 2 2
left_child=1 5 18 6 29 -1 8 12 -4 17 28 16 -8 -9 -15 -16 -5 -6 21 20 -10 -2 24 -24 -23 26 -20 -7 -11 -3
right_child=2 4 3 11 9 27 7 13 19 10 -12 -13 -14 14 15 -17 -18 -19 25 -21 -22 22 23 -25 -26 -27 -28 -29 -30 -31
leaf_value=-0.011829384104661679 6.9087712575138785e-05 -7.7097785686102682e-05 0.00012004557139252636 0.00048779936231111982 -8.3646838631317404e-05 -0.0030872253960490181 0.00046162318572820981 3.5297578230283341e-05 9.9906379295929817e-05 0.00017982402933777508 0.00017046203998459685 0.00046774748270509759 0.00052171726287408913 0.00012464278607964618 0.00024534330572219238 0.00014415580074662149 0.00024250129342403781 0.000143974167037052 0.00010926929065677492 0.00011499038090617919 0.00010642935133793693 0.00059792664502373411 0.00012693477766921555 0.0005265389376842588 0.00055562178612891637 0.00013273178640227368 0.0003386279152074023 0.00075019567721506858 0.00046778107539225468 0.00017711540045089235
leaf_weight=37896 633 7093 1268 392 1642 36304 235 515 318 2189 905 711 340 1044 220 216 216 344 505 630 358 326 3627 231 206 287 380 1341 392 6710
leaf_count=37896 633 7093 1268 392 1642 36304 235 515 318 2189 905 711 340 1044 220 216 216 344 505 630 358 326 3627 231 206 287 380 1341 392 6710
internal_value=4.09189e-05 -0.00115437 0.00899123 0.0119142 0.00114445 -0.00174097 0.0102346 0.00819029 0.0122559 0.00307723 0.00452363 0.0184011 0.0155948 0.0060225 0.00775758 0.0130204 0.0139576 0.0005334 0.00593468 0.0152952 0.0123965 0.00529654 0.00583618 0.00518923 0.0104358 0.00863551 0.0102978 -0.00116215 0.00303828 0.000377389
internal_weight=107474 94816 12658 6463 19275 75541 5144 2570 2574 5472 3486 1319 575 1995 1480 436 608 1986 6195 1306 676 5023 4390 3858 532 1172 885 37645 2581 13803
internal_count=107474 94816 12658 6463 19275 75541 5144 2570 2574 5472 3486 1319 575 1995 1480 436 608 1986 6195 1306 676 5023 4390 3858 532 1172 885 37645 2581 13803
is_linear=0
shrinkage=0.03


Tree=21
num_leaves=31
num_cat=0
split_feature=23 22 22 10 10 1 33 27 22 23 22 2 31 16 19 2 19 31 32 31 33 8 10 8 26 19 33 15 1 22
split_gain=1228.69 167.027 113.266 78.8246 27.3935 40.9252 29.0279 26.1768 24.9192 22.6956 20.9879 16.5827 19.7612 16.389 15.2217 15.1166 14.4179 19.2401 13.7216 15.3839 13.2797 12.5073 12.4554 41.8349 10.4011 10.2297 9.58103 9.3119 8.81264 8.69904
threshold=0.82764931824394938 11.56854166666667 7.5609722222222233 11.500000000000002 1.5000000000000002 9.0250000000000021 0.087155742747658027 7.1679166666666676 12.73025 0.72452741843777979 4.1925833333333342 1.18232358215727 1.4300862231896716 13.467500000000003 7.4625000000000012 1.2400141398467432 7.8525000000000009 1.308981227982376 -0.90630778703664994 2.0606417882509547 0.19936034309715231 18.500000000000004 1.5000000000000002 13.500000000000002 2.4525000000000006 4.0675000000000017 -0.18222858652173743 0.76500000000000001 22.325000000000006 12.917888888888891
decision_type=2 2 2 2 2 2 2 2 2 2 2 2 2 10 10 2 10 2 2 2 2 2 2 2 2 10 2 2 2 2
left_child=2 15 10 4 6 11 -3 -7 20 25 -1 29 -13 14 -9 22 18 -18 -11 21 -5 27 23 -2 -24 -4 -15 -20 -26 -6
right_child=1 3 9 8 5 7 -8 13 -10 16 -12 12 -14 26 -16 -17 17 -19 19 -21 -22 -23 24 -25 28 -27 -28 -29 -30 -31
leaf_value=-0.012346212293757533 0.00044043791471564574 0.00044741073076166258 -0.00064997711315927236 0.00049680983945158384 0.00010115000914860172 0.00011784465920257911 0.0005083891489511338 9.085697641208641e-05 0.00045371505822394573 -0.00032638682291601454 -0.0037753020961075533 0.00023335475335540921 0.00017798209999501878 0.00011413449233628525 9.6660573614141266e-05 0.00047836907233262944 0.00016538435365203748 0.00014382957971249222 0.00014438351358026403 -0.00016129897354815104 0.00024340985381989254 0.00065248314926479088 5.6026499453063402e-05 0.00063624071820257754 0.00012890213435581466 0.00018418877702822516 9.4146888992552305e-05 0.00028835274274740641 8.3298159952346643e-05 -3.1751354869359336e-05
leaf_weight=31859 455 237 7508 430 235 1691 377 350 694 2007 39414 401 995 368 384 427 366 1362 1921 1413 226 286 813 373 4368 6904 434 214 803 353
leaf_count=31859 455 237 7508 430 235 1691 377 350 694 2007 39414 401 995 368 384 427 366 1362 1921 1413 226 286 813 373 4368 6904 434 214 803 353
internal_value=4.46344e-05 0.0081946 -0.00121545 0.011438 0.00990823 0.00918462 0.0159257 0.0112713 0.0179779 0.000667106 -0.00179605 0.00577074 0.00754604 0.014122 0.0107415 0.00497418 0.0019967 0.00440046 0.00128241 0.00233342 0.0135885 0.00378277 0.00462432 0.00807443 0.00414059 -3.163e-05 0.0171301 0.00297897 0.0046362 0.00152782
internal_weight=107668 14414 93254 7175 5825 5211 614 3227 1350 21981 71273 1984 1396 1536 734 7239 7569 1728 5841 3834 656 2421 6812 828 5984 14412 802 2135 5171 588
internal_count=107668 14414 93254 7175 5825 5211 614 3227 1350 21981 71273 1984 1396 1536 734 7239 7569 1728 5841 3834 656 2421 6812 828 5984 14412 802 2135 5171 588
is_linear=0
shrinkage=0.03


Tree=22
num_leaves=31
num_cat=0
split_feature=22 22 22 10 22 19 10 1 27 22 33 32 29 26 16 34 34 33 19 1 26 8 10 33 24 16 21 25 19 9
split_gain=1170.83 125.556 121.857 72.7038 32.9327 31.0507 27.2569 45.0917 31.71 23.6158 22.0831 21.4646 26.3574 16.4004 16.3036 15.5749 12.5175 15.1703 12.2397 11.6216 11.0557 10.7943 17.2761 10.7676 10.5407 9.66353 9.59204 9.45392 8.50617 12.2113
threshold=10.393611111111113 7.5609722222222233 11.56854166666667 11.500000000000002 9.5092222222222258 11.492500000000001 1.5000000000000002 9.0250000000000021 7.1679166666666676 4.1925833333333342 0.087155742747658027 -0.91702515554752051 6.3125000000000009 7.205000000000001 13.887500000000003 968.62500000000011 961.92500000000018 0.10452846326765323 8.5125000000000028 7.4750000000000005 2.6275000000000004 14.500000000000002 2.5000000000000004 -0.21643137258081238 6.4250000000000016 6.0075000000000012 0.86459467859320283 8.672500000000003 5.3975000000000009 3.5000000000000004
decision_type=2 2 2 2 2 8 2 2 2 2 2 2 2 2 10 2 2 2 10 2 2 2 2 2 10 10 2 8 10 2
left_child=1 9 15 6 25 -5 10 13 -9 -1 -4 -6 21 16 18 20 -8 -18 23 -14 -2 -13 -23 -10 -11 -3 -22 -16 -27 -30
right_child=2 4 3 5 11 -7 7 8 14 24 -12 12 19 -15 27 -17 17 -19 -20 -21 26 22 -24 -25 -26 28 -28 -29 29 -31
leaf_value=-0.011955251218520209 8.7503176126820572e-05 0.0003740083409579993 0.00043398840883881128 0.00015579209822177067 3.7216278983932816e-05 0.00044842532140291103 5.742738449926121e-05 0.00011363158986525554 0.00010687337120836901 -0.0040747898357183371 0.00049084485327696714 0.00015016742307714833 0.00041738144979839561 0.00022635411075474731 0.00011065488857851117 0.00043511200052039008 0.00022063398610194703 0.00013015728112785062 9.2044579926881339e-05 0.00011694084019882921 2.2551430506727585e-05 0.00063613332043595087 0.00014545330109886457 8.7935583433556002e-05 0.00081102235720848567 -0.00039224455176411344 0.00018507659849206195 8.3805864891016378e-05 0.00027957410240869284 -0.00020372950545538782
leaf_weight=31887 899 910 251 331 1895 975 1171 1680 227 37571 378 2265 219 217 403 251 358 211 407 555 314 336 592 247 2008 9229 4395 240 3838 3373
leaf_count=31887 899 910 251 331 1895 975 1171 1680 227 37571 378 2265 219 217 403 251 358 211 407 555 314 336 592 247 2008 9229 4395 240 3838 3373
internal_value=1.19003e-05 -0.00114566 0.00846875 0.0111128 0.000771158 0.0175149 0.00965487 0.00891928 0.0111119 -0.00176824 0.0155726 0.00271416 0.00396752 0.0053104 0.0142564 0.00525972 0.00431519 0.00794948 0.0114752 0.00891913 0.00492357 0.00275516 0.00547267 0.00805428 -0.00127847 0.000114087 0.00550551 0.0179491 -5.29043e-05 0.000718819
internal_weight=107633 94678 12955 7096 23212 1306 5790 5161 3204 71466 629 5862 3967 1957 1524 5859 1740 569 881 774 5608 3193 928 474 39579 17350 4709 643 16440 7211
internal_count=107633 94678 12955 7096 23212 1306 5790 5161 3204 71466 629 5862 3967 1957 1524 5859 1740 569 881 774 5608 3193 928 474 39579 17350 4709 643 16440 7211
is_linear=0
shrinkage=0.03


Tree=23
num_leaves=31
num_cat=0
split_feature=22 22 22 10 19 22 10 1 33 32 8 22 29 16 35 10 8 1 9 35 34 29 1 9 24 31 24 34 10 18
split_gain=1082.11 129.311 119.861 70.5434 32.926 29.6883 26.1554 39.5509 25.3925 23.1908 23.8979 23.1785 21.12 18.9845 18.7306 14.6295 27.9981 16.0453 12.7756 17.9234 17.6943 15.583 12.733 13.9273 13.162 12.6223 11.3387 10.7961 8.48759 8.47878
threshold=10.393611111111113 11.56854166666667 7.5238194444444453 11.500000000000002 11.492500000000001 9.4548750000000013 1.5000000000000002 9.0250000000000021 0.087155742747658027 -0.91702515554752051 10.500000000000002 3.7230555555555553 6.9475000000000007 13.332500000000001 82.250000000000014 1.5000000000000002 13.500000000000002 -6.1749999999999989 1.5000000000000002 65.750000000000014 961.12500000000011 6.5275000000000007 6.1750000000000016 1.5000000000000002 9.4750000000000014 1.3286891577234805 6.4250000000000016 953.82500000000016 1.5000000000000002 13.182500000000003
decision_type=2 2 2 2 8 2 2 2 2 2 2 2 2 10 2 2 2 2 2 2 2 2 2 2 8 2 10 2 2 2
left_child=2 15 11 6 -5 -4 8 14 -3 -7 28 -1 -9 25 22 16 -2 -17 19 -12 21 -20 23 -8 -25 -14 -13 -15 -11 -27
right_child=1 3 5 4 -6 9 7 12 -10 10 18 26 13 27 -16 17 -18 -19 20 -21 -22 -23 -24 24 -26 29 -28 -29 -30 -31
leaf_value=-0.01241716807248458 0.00046454322039034686 0.0004215750278687913 2.0256280379680492e-05 0.00015189519429765382 0.00043497256176082465 -1.4183308710166154e-05 1.8386580325855384e-05 8.3809003970060063e-05 0.00048136811069602215 -0.0024781829242244056 0.00029226199687809037 -0.0044826849662486798 7.0022372656501186e-05 0.00010924226686943372 0.00020824344939698869 0.00049176718876065516 0.00060486037674040919 0.00010876545540852372 -6.5125528613663161e-05 0.00061708994985901623 0.00030078498924864672 0.00012285236534998362 2.1447481100428274e-05 5.7738451937758676e-05 0.00020975085720802643 0.0001079235681726609 0.00095136885877926565 0.00010269489726956559 0.0001531893712966703 0.00011378047938664109
leaf_weight=25516 388 244 17441 340 992 2080 296 554 372 309 407 43399 486 659 317 261 325 4912 605 206 362 314 524 271 542 374 2047 507 2018 565
leaf_count=25516 388 244 17441 340 992 2080 296 554 372 309 407 43399 486 659 317 261 325 4912 605 206 362 314 524 271 542 374 2047 507 2018 565
internal_value=9.11317e-06 0.00814852 -0.00110245 0.0108912 0.0171159 0.000742577 0.00942565 0.00870294 0.015285 0.00250666 0.00378301 -0.00171976 0.0107857 0.0119249 0.00532481 0.00486029 0.00888719 0.00429722 0.0062812 0.00983981 0.00454666 0.00230844 0.00400549 0.00581957 0.00783741 0.00953496 -0.00131324 0.0147925 0.00174057 0.011571
internal_weight=107633 12929 94704 7043 1332 23742 5711 5095 616 6301 4221 70962 3145 2591 1950 5886 713 5173 1894 613 1281 919 1633 1109 813 1425 45446 1166 2327 939
internal_count=107633 12929 94704 7043 1332 23742 5711 5095 616 6301 4221 70962 3145 2591 1950 5886 713 5173 1894 613 1281 919 1633 1109 813 1425 45446 1166 2327 939
is_linear=0
shrinkage=0.03


Tree=24
num_leaves=31
num_cat=0
split_feature=23 22 22 10 19 10 1 27 19 22 22 30 1 32 31 19 16 25 19 10 3 16 25 20 22 28 11 1 27 31
split_gain=1084.16 124.081 114.389 73.0021 34.3191 30.4768 41.605 36.2147 27.7529 25.952 23.2919 16.3539 14.6982 13.6758 18.4941 13.0753 12.8804 14.8747 14.3919 12.4357 23.5452 10.2097 10.097 9.67367 9.50691 8.94891 8.53074 8.42233 13.8399 8.14911
threshold=0.85077952690602288 11.56854166666667 7.5609722222222233 11.500000000000002 11.492500000000001 1.5000000000000002 9.0250000000000021 7.1679166666666676 10.812500000000002 9.4548750000000013 4.1925833333333342 19.925000000000004 -6.5249999999999995 -0.91702515554752051 2.0187942676795481 8.2775000000000016 13.887500000000003 8.672500000000003 8.5125000000000028 1.5000000000000002 10.930035001444507 12.972500000000002 6.7025000000000015 12.505500000000003 12.917888888888891 1.1325740390847872 9.0675000000000026 7.2250000000000005 3.987083333333334 1.4174233890171084
decision_type=2 2 2 2 8 2 2 2 8 2 2 2 2 2 2 10 10 8 10 2 2 10 8 2 2 2 2 2 2 2
left_child=2 12 10 5 -5 8 11 -8 -3 -4 -1 25 -2 15 27 -11 18 -18 24 20 -14 -10 -21 -6 -9 -7 -12 28 -15 -27
right_child=1 3 9 4 23 6 7 16 21 13 26 -13 19 14 -16 -17 17 -19 -20 22 -22 -23 -24 -25 -26 29 -28 -29 -30 -31
leaf_value=-0.011392659892880987 0.00045476845332057648 0.00046167846435777758 3.2134877747640455e-05 0.00014733000319920418 0.00050111738259893564 0.00020927171134984233 0.00010608650239711692 8.3196844750853532e-05 0.00045538607773073836 -0.00018405128564349962 -0.0037251302026065588 0.00020779324927404084 0.00052500081976995263 0.00016954662648415163 0.00013816795767585211 0.00014115484644862785 0.00010403213236661601 8.2056791219949017e-05 8.7708897814144123e-05 0.00010647706676397139 0.00043719297155703533 0.00043887262269590274 0.00011770044802247748 0.0004138462915689478 9.8524309978940323e-05 0.00019641792466732863 0.00087486615422205588 0.00010021112098358764 0.00050830773187355899 5.8562960381075555e-05
leaf_weight=32028 410 201 16920 335 315 232 1642 255 234 1741 37870 213 371 250 1754 422 401 217 410 3866 321 202 1086 668 233 453 1624 1327 697 1087
leaf_count=32028 410 201 16920 335 315 232 1642 255 234 1741 37870 213 371 250 1754 422 401 217 410 3866 321 202 1086 668 233 453 1624 1327 697 1087
internal_value=3.18668e-05 0.00810093 -0.00108993 0.0107921 0.0171701 0.00932411 0.00854137 0.0106816 0.015528 0.000744808 -0.00168281 0.00511809 0.00493943 0.00240591 0.00343813 0.000480165 0.0140316 0.0174414 0.0116013 0.00453319 0.00829842 0.0197551 0.00399919 0.020001 0.00798377 0.00414969 -0.00119502 0.00522071 0.0073834 0.00330097
internal_weight=107785 13152 94633 7098 1318 5780 5143 3158 637 23111 71522 1985 6054 6191 4028 2163 1516 618 898 5644 692 436 4952 983 488 1772 39494 2274 947 1540
internal_count=107785 13152 94633 7098 1318 5780 5143 3158 637 23111 71522 1985 6054 6191 4028 2163 1516 618 898 5644 692 436 4952 983 488 1772 39494 2274 947 1540
is_linear=0
shrinkage=0.03


Tree=25
num_leaves=31
num_cat=0
split_feature=23 23 5 10 19 19 34 1 27 1 9 10 19 2 24 2 35 31 27 10 8 19 33 8 25 25 2 32 8 9
split_gain=1034.46 158.763 86.0289 64.7957 33.1765 23.3686 23.1119 25.7885 23.2814 22.6947 33.9048 22.3806 21.5089 19.9189 23.8351 17.5073 18.2268 17.1375 15.0946 13.8644 46.6637 13.8555 13.6189 21.0656 13.2739 10.2656 10.1085 13.4859 18.9588 11.7175
threshold=0.81455168397756517 0.91379409702965175 0.24182827380615776 11.500000000000002 11.492500000000001 7.8525000000000009 969.02500000000009 9.0250000000000021 7.1679166666666676 5.6750000000000016 1.5000000000000002 10.500000000000002 11.197500000000002 1.1514185477314602 5.5750000000000011 1.2400141398467432 71.750000000000014 1.308981227982376 3.1543750000000004 1.5000000000000002 11.500000000000002 8.5875000000000021 -0.069756473744125441 17.500000000000004 5.5925000000000011 5.8125000000000009 1.2040848001550404 -0.86159635224327535 14.500000000000002 3.5000000000000004
decision_type=2 2 2 2 8 10 2 2 2 2 2 2 8 2 8 2 2 2 2 2 2 10 2 2 8 10 2 2 2 2
left_child=2 15 18 6 -5 13 7 9 -9 10 -3 12 -12 -4 -15 19 -17 -7 -1 20 -2 -21 23 -23 -14 -6 29 -28 -29 -16
right_child=1 3 5 4 25 17 -8 8 -10 -11 11 -13 24 14 26 16 -18 -19 -20 21 -22 22 -24 -25 -26 -27 27 28 -30 -31
leaf_value=-0.0095563116075065378 9.5946481208883399e-06 1.542813921171171e-05 -0.00062332523603174914 0.00014291010310322759 0.0004903784238225339 0.00017702030322808788 0.00039530419224558753 0.00010350086356595733 9.3122922781649901e-05 3.9505873585494229e-05 0.00030064437546014114 0.00016734805237567045 0.00030928407603201033 -0.0014208587697996675 0.000754457711726314 0.00044741880831447589 0.00043682265119394101 0.00011667591387690543 -0.002126837162552173 0.00010925618562002856 0.00056018050458459749 0.00011977866544093016 8.8401872154111324e-05 4.318989428701347e-05 0.00042581336754712092 0.00040464708100123366 -0.0018777590644787989 0.00012917095766494809 0.00063749987527604666 0.00015668033723507729
leaf_weight=45307 401 376 17466 380 274 450 300 1436 1417 670 305 383 200 6290 2459 213 244 1929 12406 5121 485 464 1206 218 424 767 1784 1469 636 2200
leaf_count=45307 401 376 17466 380 274 450 300 1436 1417 670 305 383 200 6290 2459 213 244 1929 12406 5121 485 464 1206 218 424 767 1784 1469 636 2200
internal_value=1.9222e-05 0.00724756 -0.00117681 0.0106031 0.0163233 4.06409e-06 0.00911476 0.00863248 0.0105567 0.00628692 0.00813703 0.0104055 0.0129154 -0.000207435 0.000600686 0.00445782 0.0101493 0.00287039 -0.0018864 0.00412215 0.00765656 0.00367023 0.00586688 0.00924891 0.0161017 0.0190985 0.00163171 0.00050154 0.00212559 0.00257354
internal_weight=107680 15284 92396 6932 1421 34683 5511 5211 2853 2358 1688 1312 929 32304 14838 8352 457 2379 57713 7895 886 7009 1888 682 624 1041 8548 3889 2105 4659
internal_count=107680 15284 92396 6932 1421 34683 5511 5211 2853 2358 1688 1312 929 32304 14838 8352 457 2379 57713 7895 886 7009 1888 682 624 1041 8548 3889 2105 4659
is_linear=0
shrinkage=0.03


Tree=26
num_leaves=31
num_cat=0
split_feature=23 23 23 10 19 27 10 1 19 27 33 35 34 8 32 30 16 10 12 20 19 2 1 2 32 10 8 25 33 8
split_gain=1013.03 129.342 104.236 67.3807 32.9852 32.6326 22.3866 36.8096 34.348 24.5805 19.2842 15.9782 16.9235 15.2687 14.7862 21.0328 16.8579 13.3865 12.3334 11.8281 10.9202 10.1017 9.78142 20.2238 10.563 9.16598 35.8122 11.1985 8.87151 8.64923
threshold=0.84483873734886272 0.90798071010344017 0.59683603706972488 11.500000000000002 11.492500000000001 3.1856250000000008 1.5000000000000002 9.0250000000000021 10.812500000000002 7.1679166666666676 0.087155742747658027 82.250000000000014 958.22500000000014 15.500000000000002 -0.91702515554752051 7.1250000000000009 14.847500000000002 10.500000000000002 5.6125000000000016 12.827916666666669 8.2225000000000019 1.2400141398467432 15.575000000000003 1.203426890226911 0.72534675097891099 1.5000000000000002 13.500000000000002 7.8625000000000016 -0.25037047035109417 15.500000000000002
decision_type=2 2 2 2 8 2 2 2 8 2 2 2 2 2 2 2 8 2 10 2 10 2 2 2 2 2 2 8 2 2
left_child=2 21 5 6 -5 18 8 11 -3 -9 -10 12 -8 17 20 16 -16 -14 -1 -6 -4 25 23 29 -24 26 -2 28 -27 -7
right_child=1 3 14 4 19 22 7 9 10 -11 -12 -13 13 -15 15 -17 -18 -19 -20 -21 -22 -23 24 -25 -26 27 -28 -29 -30 -31
leaf_value=-0.0095161834621054382 0.00041345074483502107 0.00042329799815175813 -0.00024402458290767926 0.00014628658253533654 0.00044394884569044638 0.00053106063768677695 3.5606359157115924e-05 0.00010183275788945178 0.00038726937754750219 9.0135510351916384e-05 0.00042448819558061121 0.00018970032308634259 0.00020993409823937825 -7.2496654671492866e-06 8.4927616686470046e-05 0.00017092724183737269 0.00035154071423365904 0.00017206074739274397 -0.0024541250748209681 0.00039250766857119808 0.00013332684109194305 0.00043298072774396456 -0.0037007104626477715 -0.0044949086891631108 -5.0959972303695828e-06 0.00010807290103278855 0.00055415912570755952 0.00010679797476907726 9.2976222933277564e-05 0.0011560160774422448
leaf_weight=44438 391 238 4488 368 515 4139 864 1571 204 1456 268 331 344 203 5149 4462 303 363 8215 547 622 313 10755 4201 5359 862 316 372 3983 1828
leaf_count=44438 391 238 4488 368 515 4139 864 1571 204 1456 268 331 344 203 5149 4462 303 363 8215 547 622 313 10755 4201 5359 862 316 372 3983 1828
internal_value=4.33218e-05 0.00772332 -0.00106123 0.0104417 0.0162857 -0.00149715 0.00899846 0.00829161 0.014014 0.0104119 0.0186667 0.00522512 0.0040742 0.00691803 0.00122882 0.00190422 0.000653105 0.00898736 -0.00192808 0.0189728 -8.21122e-05 0.00454806 -0.000633622 9.49565e-05 -0.00109324 0.00426345 0.0074705 0.0038221 0.0034299 0.00121718
internal_weight=107468 13509 93959 7272 1430 78935 5842 5132 710 3027 472 2105 1774 910 15024 9914 5452 707 52653 1062 5110 6237 26282 10168 16114 5924 707 5217 4845 5967
internal_count=107468 13509 93959 7272 1430 78935 5842 5132 710 3027 472 2105 1774 910 15024 9914 5452 707 52653 1062 5110 6237 26282 10168 16114 5924 707 5217 4845 5967
is_linear=0
shrinkage=0.03


Tree=27
num_leaves=31
num_cat=0
split_feature=23 23 22 10 22 22 30 10 1 19 27 16 32 22 1 32 29 1 19 31 19 10 11 25 30 1 1 9 30 26
split_gain=932.88 120.509 115.488 63.8102 35.6512 24.9361 20.8202 23.197 38.9936 32.4995 22.8612 21.5873 19.8677 15.4984 15.2909 14.9062 23.1868 14.4774 18.8773 16.1169 13.3843 10.6221 25.7169 12.3493 9.28137 12.4453 12.6756 18.2346 12.3401 13.8628
threshold=0.85077952690602288 0.91379409702965175 6.5268333333333342 11.500000000000002 9.2311805555555591 13.124166666666669 7.6750000000000016 2.5000000000000004 9.0250000000000021 11.197500000000002 7.1679166666666676 12.867500000000001 0.97625883275952063 3.8176388888888897 -6.5249999999999995 -0.90992662233962551 6.3125000000000009 5.6750000000000016 11.022500000000003 1.423678831138367 8.2775000000000016 1.5000000000000002 10.647500000000003 6.6275000000000004 4.6250000000000009 14.325000000000003 1.2750000000000001 3.5000000000000004 5.2250000000000005 2.0725000000000007
decision_type=2 2 2 2 2 2 2 2 2 8 2 8 2 2 2 2 2 2 10 2 10 2 2 8 2 2 2 2 2 2
left_child=2 14 13 6 24 12 -3 9 17 -8 -10 -11 -5 -1 -2 20 -17 18 19 -9 -6 22 -16 -23 -4 26 -26 28 -28 -30
right_child=1 3 4 5 15 -7 7 8 10 11 -12 -13 -14 -15 21 16 -18 -19 -20 -21 -22 23 -24 -25 25 -27 27 -29 29 -31
leaf_value=-0.010980698524486399 0.00041999130591164447 1.3165724204058371e-05 -0.0029805698391998378 0.00029697452732480809 -0.00018255439133941769 0.00037727163874807677 0.000410599058207205 0.00019725207156365388 9.8169606784498354e-05 0.0004092025238674524 8.7354379631703478e-05 0.00039352384929475568 0.00043372016167396042 -0.0048239132321825475 0.0004899466602499025 0.00016269363034848049 0.00015859040216562075 2.9283687021101068e-05 -1.9444808837201232e-05 0.00014181902232118698 0.00012906547818942722 9.0919623515945677e-05 0.00032124867542380065 0.00010645729124767466 -0.00034580936613075818 -0.0003856754878295074 -0.0013327412211823131 -2.8333523361971922e-05 0.00028394088639459162 0.00086311115165962123
leaf_weight=26802 366 241 5166 389 2303 550 273 274 1396 235 1405 237 411 33163 367 4078 998 638 238 539 544 3982 308 1210 4220 11447 427 2731 932 1890
leaf_count=26802 366 241 5166 389 2303 550 273 274 1396 235 1405 237 411 33163 367 4078 998 638 238 539 544 3982 308 1210 4220 11447 427 2731 932 1890
internal_value=4.4819e-05 0.00755993 -0.000991839 0.0103136 0.000384617 0.0161624 0.00885824 0.00925477 0.00842269 0.01418 0.0105941 0.0189182 0.0126335 -0.00178915 0.00453847 0.00215199 0.00312576 0.00480106 0.00695739 0.00912103 0.000413393 0.00416025 0.00769853 0.00369328 -0.00013793 0.000134814 0.000896619 0.00178446 0.00330147 0.00401981
internal_weight=107760 13059 94701 6826 34736 1350 5476 5235 4490 745 2801 472 800 59965 6233 7923 5076 1689 1051 813 2847 5867 675 5192 26813 21647 10200 5980 3249 2822
internal_count=107760 13059 94701 6826 34736 1350 5476 5235 4490 745 2801 472 800 59965 6233 7923 5076 1689 1051 813 2847 5867 675 5192 26813 21647 10200 5980 3249 2822
is_linear=0
shrinkage=0.03


Tree=28
num_leaves=31
num_cat=0
split_feature=23 22 22 10 19 10 1 22 27 33 35 22 34 33 34 24 25 9 8 1 14 8 31 19 35 26 26 19 2 19
split_gain=921.198 114.1 108.37 73.5002 31.2649 28.9847 32.2329 27.8607 23.0295 20.3341 19.3208 17.2322 15.456 12.4506 11.7123 11.294 10.0832 10.0817 10.1651 11.8184 9.69542 9.68109 9.49146 9.30438 8.67671 8.20635 7.8361 7.81263 7.3076 7.17664
threshold=0.85077952690602288 7.9564583333333347 11.56854166666667 11.500000000000002 11.492500000000001 1.5000000000000002 9.4250000000000025 4.160375000000001 7.1679166666666676 0.087155742747658027 82.250000000000014 9.4548750000000013 969.47500000000014 -0.18222858652173743 960.52500000000009 7.4250000000000016 5.6625000000000005 1.5000000000000002 15.500000000000002 5.2750000000000012 1.8696902589099995 8.5000000000000018 1.5317279533905086 12.802500000000002 59.250000000000007 2.6625000000000005 3.1425000000000005 8.4625000000000021 1.161334974430922 7.5525000000000011
decision_type=2 2 2 2 8 2 2 2 2 2 2 2 2 2 2 10 10 2 2 2 2 2 2 8 2 2 2 8 2 10
left_child=1 7 12 5 -5 9 10 -1 -8 -4 17 26 25 24 20 -9 -6 -7 19 22 29 -16 -19 -15 -10 -2 28 -27 -3 -13
right_child=2 11 3 4 16 6 8 15 13 -11 -12 14 -14 23 21 -17 -18 18 -20 -21 -22 -23 -24 -25 -26 27 -28 -29 -30 -31
leaf_value=-0.010201277550870415 0.00010000753231209685 2.8448862050661299e-06 0.00035951291189099011 0.00012532496671432747 0.00042011389483747767 -2.2891911371756279e-05 9.5007755043633458e-05 -0.0028967626121970923 9.2439275730520353e-05 0.00041345862657162538 0.00017588985883310371 3.9225068185644303e-05 0.00035465084598323868 5.8671132171087546e-05 0.00033619494276280191 0.0010503239949577218 0.00036989340371038336 0.00019975710736847672 -4.9339467604014865e-06 4.4112752939798828e-05 0.00021724254667934039 0.00022504971640255998 0.00013535038861672955 7.541663277393584e-05 9.4430852578481734e-05 7.3347423754394355e-05 -0.000108152646802105 0.00017631995075414095 0.00024126674045268857 0.00010202770467656163
leaf_weight=31433 1052 3024 235 341 214 463 1625 43106 219 374 327 3085 228 448 512 1036 786 230 250 450 234 790 350 377 387 586 5722 4160 3893 1610
leaf_count=31433 1052 3024 235 341 214 463 1625 43106 219 374 327 3085 228 448 512 1036 786 230 250 450 234 790 350 377 387 586 5722 4160 3893 1610
internal_value=3.80181e-05 -0.000996242 0.00749096 0.0100088 0.0163351 0.00851655 0.00776691 -0.00151727 0.00972623 0.0147117 0.00485783 0.00109033 0.0045286 0.0125118 0.00238085 -0.00103101 0.0190149 0.00358181 0.00494942 0.00626087 0.00170916 0.00490742 0.00907692 0.00999398 0.0158298 0.00421954 0.000453416 0.004751 0.00113248 0.00140745
internal_weight=107547 94445 13102 7076 1341 5735 5126 75575 3056 609 2070 18870 6026 1431 6231 44142 1000 1743 1280 1030 4929 1302 580 825 606 5798 12639 4746 6917 4695
internal_count=107547 94445 13102 7076 1341 5735 5126 75575 3056 609 2070 18870 6026 1431 6231 44142 1000 1743 1280 1030 4929 1302 580 825 606 5798 12639 4746 6917 4695
is_linear=0
shrinkage=0.03


Tree=29
num_leaves=31
num_cat=0
split_feature=22 22 22 10 10 1 19 22 19 22 29 35 34 32 29 33 25 26 1 34 10 1 27 20 26 24 20 1 1 31
split_gain=868.814 111.221 103.669 72.1535 31.1539 31.1678 30.0597 25.4926 24.4188 21.8576 20.1499 18.6456 17.1363 16.0946 22.0186 13.5761 12.7634 11.5299 10.6787 10.1165 11.1547 9.49377 9.47503 9.16345 9.0286 8.91819 8.34695 9.08706 8.37768 8.18539
threshold=10.393611111111113 7.3722777777777795 11.56854166666667 11.500000000000002 1.5000000000000002 9.0250000000000021 11.492500000000001 9.1757500000000025 11.197500000000002 3.6888750000000008 6.9475000000000007 83.750000000000014 969.47500000000014 -0.91702515554752051 6.3125000000000009 -0.14780378300014829 5.6625000000000005 4.7425000000000006 5.0750000000000011 958.22500000000014 10.500000000000002 19.025000000000002 6.7193750000000012 13.206666666666669 2.6925000000000008 6.3750000000000009 12.029500000000002 16.025000000000002 21.475000000000005 2.0187942676795481
decision_type=2 2 2 2 2 2 8 2 8 2 2 2 2 2 2 2 10 2 2 2 2 2 2 2 2 10 2 2 2 2
left_child=1 9 12 4 8 11 -5 -3 -4 -1 -7 19 24 -9 29 22 -8 -10 -16 -6 -21 -20 -12 -24 -2 -11 -17 -28 -29 -15
right_child=2 7 3 6 5 10 16 13 17 25 15 -13 -14 14 18 26 -18 -19 21 20 -22 -23 23 -25 -26 -27 27 28 -30 -31
leaf_value=-0.010595239003807117 6.3201088359821176e-05 2.224948080869529e-05 0.00040809243196461759 0.00012156521771289673 2.5539094515154116e-05 6.9929291671506813e-05 0.00041129925499440993 4.7345922081464265e-05 0.00039045496272897438 -0.0039692733189647797 9.8198288238248168e-05 0.00017299043327323845 0.00034298175893733595 0.00019630464834710488 0.00036283430881635988 6.8579971803585773e-05 0.00035831748724030499 0.00036539080147552695 6.1492234360543518e-05 0.00016055859847555028 0.00011959180687214798 0.00011723782763017331 9.0281573861363999e-05 9.0044893063387057e-05 0.00013709985076385738 0.00086676651786401181 3.3449790431130384e-05 9.2454429796278082e-05 7.1070008224037373e-05 0.00011484590379288536
leaf_weight=25078 1000 16866 204 343 835 564 215 2788 214 42042 493 286 228 2112 216 235 773 201 316 380 480 464 346 555 4683 1959 395 220 335 2418
leaf_count=25078 1000 16866 204 343 835 564 215 2788 214 42042 493 286 228 2112 216 235 773 201 316 380 480 464 346 555 4683 1959 395 220 335 2418
internal_value=5.55523e-05 -0.000946778 0.0073291 0.00977935 0.00830741 0.00752544 0.0160756 0.000759975 0.0146683 -0.00156892 0.00938405 0.00456042 0.00439097 0.002119 0.00305587 0.0105081 0.0187372 0.0188214 0.00708491 0.00334412 0.0056185 0.00538853 0.0125361 0.0144007 0.0040596 -0.00116582 0.00807983 0.00932984 0.0118125 0.00216317
internal_weight=107244 94259 12985 7074 5743 5124 1331 25180 619 69079 3143 1981 5911 8314 5526 2579 988 415 996 1695 860 780 1394 901 5683 44001 1185 950 555 4530
internal_count=107244 94259 12985 7074 5743 5124 1331 25180 619 69079 3143 1981 5911 8314 5526 2579 988 415 996 1695 860 780 1394 901 5683 44001 1185 950 555 4530
is_linear=0
shrinkage=0.03


Tree=30
num_leaves=31
num_cat=0
split_feature=23 23 22 10 23 17 10 2 33 30 22 35 2 22 19 16 14 32 31 10 13 19 9 26 21 2 12 21 28 34
split_gain=824.802 101.828 100.692 63.2282 29.3146 28.5789 27.1938 35.1083 29.3795 19.33 18.4368 15.497 14.3601 13.9787 12.9636 12.7498 12.6261 12.4964 19.004 9.71236 22.988 9.43977 15.5327 9.30721 9.24232 9.21738 15.2573 9.12294 8.85648 8.32139
threshold=0.85077952690602288 0.91379409702965175 6.5268333333333342 11.500000000000002 0.72452741843777979 8.1975000000000016 1.5000000000000002 1.1685233597415172 0.06104621499353461 13.725000000000003 12.73025 84.750000000000014 1.2400141398467432 3.6888750000000008 7.2025000000000015 14.062500000000002 2.2685806869788285 -0.91702515554752051 2.0187942676795481 1.5000000000000002 10.750833333333334 5.2175000000000011 3.5000000000000004 2.4825000000000008 3.4629099753938921 1.1831704430050491 7.1075000000000008 2.5950304268125124 2.5122922798215845 962.12500000000011
decision_type=2 2 2 2 2 10 2 2 2 2 2 2 2 2 10 10 2 2 2 2 2 10 2 2 2 2 10 2 2 2
left_child=2 12 13 6 21 10 8 9 -3 -8 27 29 19 -1 -10 -7 17 -6 23 20 -2 -4 -23 -19 -24 -25 -27 -5 -11 -9
right_child=1 3 4 5 16 15 7 11 14 28 -12 -13 -14 -15 -16 -17 -18 18 -20 -21 -22 22 24 25 -26 26 -28 -29 -30 -31
leaf_value=-0.01022738188137662 0.00046182804875303916 0.00033715952919485034 -0.00073600130997057082 0.00039913292344932348 -1.576237039040862e-05 0.00012084283880634154 7.6365599860350118e-05 4.158259532717972e-05 0.00035754593111068147 7.9952424881301362e-05 0.00034804708566364749 0.00016542345006991365 0.00039625859440756958 -0.0045192224995743114 0.00041188616744901514 0.00010744778351764355 0.00027572046898766242 0.00012153706983942135 9.0021656821330165e-05 8.4402837228039198e-05 0.00035873980148334758 0.00047179749638789892 -0.00061957982914831184 9.3059128633191316e-05 0.00095106567357949661 0.00014668801321399472 0.00049624233867041499 0.00033646993851408903 8.8130121957399324e-05 0.00015183558617606446
leaf_weight=25238 377 217 16145 224 2795 213 848 1343 243 911 406 246 314 34646 201 314 226 1173 2526 5194 350 5046 4400 1292 260 248 505 243 980 519
leaf_count=25238 377 217 16145 224 2795 213 848 1343 243 911 406 246 314 34646 201 314 226 1173 2526 5194 350 5046 4400 1292 260 248 505 243 980 519
internal_value=2.10958e-05 0.00706123 -0.000958363 0.0095698 0.000329626 0.0152669 0.0081092 0.00731636 0.0138243 0.00955649 0.0186116 0.00438997 0.00427644 -0.00170285 0.0182138 0.00960338 0.00182839 0.0016401 0.00244008 0.00393807 0.00718443 -0.000178799 0.000560395 0.00396711 -0.000688104 0.0051878 0.00782454 0.0142564 0.0112484 0.00343546
internal_weight=107643 13143 94500 6908 34616 1400 5508 4847 661 2739 873 2108 6235 59884 444 527 8765 8539 5744 5921 727 25851 9706 3218 4660 2045 753 467 1891 1862
internal_count=107643 13143 94500 6908 34616 1400 5508 4847 661 2739 873 2108 6235 59884 444 527 8765 8539 5744 5921 727 25851 9706 3218 4660 2045 753 467 1891 1862
is_linear=0
shrinkage=0.03


Tree=31
num_leaves=31
num_cat=0
split_feature=23 23 22 10 19 10 19 23 2 35 33 29 22 2 10 8 22 23 2 27 33 14 32 34 8 33 10 19 9 12
split_gain=816.53 99.0478 95.5563 65.9091 32.914 29.0779 33.2899 28.9887 25.8438 19.5908 18.3901 17.1933 16.3533 14.4589 12.0048 37.5653 11.5605 10.4576 12.626 12.9223 10.147 9.87981 10.8499 9.74881 12.5297 10.7954 9.29405 8.46021 9.92714 8.06626
threshold=0.84483873734886272 0.91379409702965175 6.5268333333333342 11.500000000000002 11.492500000000001 1.5000000000000002 10.812500000000002 0.72452741843777979 1.1705935579487341 84.750000000000014 0.10452846326765323 6.9475000000000007 3.7230555555555553 1.2400141398467432 1.5000000000000002 13.500000000000002 12.568777777777779 0.92844656745430043 1.1474195251904404 6.7193750000000012 0.19936034309715231 2.2685806869788285 -0.97625883275952019 958.22500000000014 15.500000000000002 0.095842103007655569 5.5000000000000009 5.2175000000000011 3.5000000000000004 11.722500000000002
decision_type=2 2 2 2 8 2 8 2 2 2 2 2 2 2 2 2 2 2 2 2 2 2 2 2 2 2 2 10 2 10
left_child=2 13 12 5 -5 6 -3 27 11 23 -8 -7 -1 14 15 -2 -6 -13 19 -19 -18 22 -9 -10 25 -25 -21 29 -29 -4
right_child=1 3 7 4 16 8 10 21 9 -11 -12 17 -14 -15 -16 -17 20 18 -20 26 -22 -23 -24 24 -26 -27 -28 28 -30 -31
leaf_value=-0.0098705604726190381 0.00035108129832404412 0.00037678871329669664 -0.00081095629219224419 0.00011668161449002071 0.00038383717128109515 6.0311735483336993e-05 0.00033694210802987157 -0.00024793591572088992 2.4372822708262908e-05 0.00016230464014768469 0.00036979218931591996 8.2921099484836264e-05 -0.0043570630060721944 0.0003861012148565268 8.4317577165732294e-05 0.00046604675444764874 0.00033765384003548669 9.3372362934832646e-05 4.5701977759181361e-05 8.5841557864415599e-05 0.00028261339346038024 0.00024914513997886838 0.00014063917435658046 0.00017714306282338497 -1.1256608044557552e-05 0.00010340195475987191 6.6918809679779033e-05 0.00037760411504266563 -0.00026384144838985455 0.0010417139834494416
leaf_weight=25491 404 211 15810 385 389 478 226 1460 896 237 208 247 34537 345 5552 342 397 363 914 587 244 222 6591 446 213 249 240 4998 4613 269
leaf_count=25491 404 211 15810 385 389 478 226 1460 896 237 208 247 34537 345 5552 342 397 363 914 587 244 222 6591 446 213 249 240 4998 4613 269
internal_value=3.58646e-05 0.00691273 -0.00095752 0.00942177 0.0152007 0.00792663 0.0139154 0.000314148 0.00712 0.00452932 0.0186287 0.00897777 -0.00167698 0.00429016 0.00395621 0.00752596 0.018 0.0100327 0.0107198 0.0127782 0.0205681 0.00185806 0.00168284 0.00344279 0.00562541 0.00756429 0.0148666 -0.000183305 0.000520694 -0.000604141
internal_weight=107564 13573 93991 6930 1415 5515 645 33963 4870 2041 434 2829 60028 6643 6298 746 1030 2351 2104 1190 641 8273 8051 1804 908 695 827 25690 9611 16079
internal_count=107564 13573 93991 6930 1415 5515 645 33963 4870 2041 434 2829 60028 6643 6298 746 1030 2351 2104 1190 641 8273 8051 1804 908 695 827 25690 9611 16079
is_linear=0
shrinkage=0.03


Tree=32
num_leaves=31
num_cat=0
split_feature=23 23 22 10 17 23 10 30 33 2 2 25 22 27 10 8 2 16 14 21 32 32 30 2 2 19 26 33 22 19
split_gain=775.699 103.945 90.8182 62.0657 36.7498 27.2333 26.9772 33.2284 30.7017 20.6237 19.4057 19.1475 18.1461 15.4076 13.6929 38.0903 17.5842 13.238 11.577 11.4535 10.959 8.8645 8.85451 9.79995 11.2207 9.31704 8.87029 7.99866 8.6085 7.77417
threshold=0.84483873734886272 0.91379409702965175 6.4110555555555573 11.500000000000002 8.1975000000000016 0.72452741843777979 1.5000000000000002 13.425000000000002 0.06104621499353461 1.1693505597259679 1.186570052844844 7.8625000000000016 12.73025 2.6435416666666671 1.5000000000000002 14.500000000000002 1.2379232494571126 14.062500000000002 2.2685806869788285 2.3074189674831769 -0.98321746822993583 0.9681107762825325 4.7250000000000005 1.1526236958154461 1.203426890226911 6.932500000000001 2.1875000000000004 -0.18222858652173743 12.73025 9.9025000000000016
decision_type=2 2 2 2 10 2 2 2 2 2 2 10 2 2 2 2 2 10 2 2 2 2 2 2 2 10 2 2 2 10
left_child=2 14 13 6 12 22 8 -8 -3 27 -11 -12 -5 -1 15 19 -16 -6 20 -2 -7 -10 -4 25 26 -24 -25 28 -9 -29
right_child=1 3 5 4 17 18 7 9 21 10 11 -13 -14 -15 16 -17 -18 -19 -20 -21 -22 -23 23 24 -26 -27 -28 29 -30 -31
leaf_value=-0.0087744439743450836 0.00038679653868220362 0.00031693648007810604 -0.0029207422279172654 0.00035896171210233818 0.00011048882775554121 -0.00042651256630648785 8.6001630500242001e-05 8.629080204118122e-05 0.00038822596948861473 1.9256475946091254e-05 0.00014573566812042582 0.00018034727222545287 0.00032955146482149453 -0.0036705037478735169 8.0428425564288978e-05 0.0004711296071059073 0.00040680659750161552 9.0836762853323732e-05 0.00025997450071866488 -0.00010616790545281972 0.00011980560429472724 0.00033649211773519201 -0.0008162675679035629 0.00011276937809371174 -0.0005174529977793773 0.00032855065461642372 0.00063895047109957862 7.9166627660990355e-05 8.332675507708462e-05 5.8916200189051503e-05
leaf_weight=35541 214 209 5809 451 208 1200 1727 213 205 527 377 209 428 23155 5457 340 318 312 226 301 6938 227 10520 2146 3807 1708 3044 689 729 356
leaf_count=35541 214 209 5809 451 208 1200 1727 213 205 527 377 209 428 23155 5457 340 318 312 226 301 6938 227 10520 2146 3807 1708 3044 689 729 356
internal_value=6.38428e-06 0.00673078 -0.000958481 0.00931737 0.0149594 0.000241674 0.0078615 0.00707968 0.0136486 0.0089372 0.00562701 0.00936041 0.0187025 -0.00168222 0.00404672 0.00758721 0.00351644 0.00851429 0.00173712 0.00239423 0.00154808 0.0181785 -0.000221237 6.2882e-05 0.000814152 -0.000489987 0.00172088 0.0107726 0.0128237 0.00887143
internal_weight=107591 13497 94094 6867 1399 35398 5468 4827 641 3100 1113 586 879 58696 6630 855 5775 520 8364 515 8138 432 27034 21225 8997 12228 5190 1987 942 1045
internal_count=107591 13497 94094 6867 1399 35398 5468 4827 641 3100 1113 586 879 58696 6630 855 5775 520 8364 515 8138 432 27034 21225 8997 12228 5190 1987 942 1045
is_linear=0
shrinkage=0.03


Tree=33
num_leaves=31
num_cat=0
split_feature=23 23 22 2 19 23 25 1 22 8 2 18 31 26 19 31 1 8 9 34 34 25 24 19 19 9 28 21 1 2
split_gain=742.143 102.503 86.0251 65.3456 37.0513 24.1659 17.2634 16.9705 16.2216 14.4969 13.7007 13.5495 20.265 12.6085 9.9402 14.4703 10.0209 17.6298 10.9041 10.5159 9.84307 10.8867 9.83271 9.02397 9.01066 11.8812 8.85204 7.79959 7.22013 12.8433
threshold=0.84483873734886272 0.91379409702965175 6.5268333333333342 1.2054027804380076 11.492500000000001 0.72452741843777979 6.2875000000000005 16.175000000000004 3.6888750000000008 12.500000000000002 1.2400141398467432 13.962500000000002 1.5970363758218651 7.8375000000000012 7.9025000000000007 1.308981227982376 7.0250000000000012 11.500000000000002 1.5000000000000002 960.52500000000009 952.12500000000011 5.2375000000000016 6.3750000000000009 11.492500000000001 5.182500000000001 3.5000000000000004 0.96505397073858612 3.4629099753938921 9.8250000000000028 1.1840185178814904
decision_type=2 2 2 2 8 2 8 2 2 2 2 2 2 2 10 2 2 2 2 2 2 10 10 10 10 2 2 2 2 2
left_child=2 10 8 7 -5 24 9 13 -1 -6 26 -9 -13 20 16 -16 17 -7 -19 -20 21 -3 -10 28 -4 -26 -2 -27 29 -22
right_child=1 3 5 4 6 14 -8 11 22 -11 -12 12 -14 -15 15 -17 -18 18 19 -21 23 -23 -24 -25 25 27 -28 -29 -30 -31
leaf_value=-0.0094481311535244625 0.00032942866796207724 3.7364619928826714e-05 -0.00074364284292133894 0.00018131336968693623 0.00030749745038747498 8.8905686825813118e-05 0.0003171103909074768 8.067758706724936e-05 -0.0044697125307651582 0.00040149861325918093 0.00036231398048578443 8.1575742169145873e-05 7.3241877258842079e-05 0.00016238219099297261 0.00011924512633387808 9.2902469075832877e-05 2.3997558022117615e-07 0.00053492738609810567 -8.671797597959996e-06 0.00024461220383931984 1.1044631231119651e-05 0.00011093838208242279 0.0017735867035929931 -1.8148558137899284e-05 0.00041361896506927339 -0.00059115999046936089 8.7451351014437013e-05 0.0012738224311171686 6.4825576825225595e-05 0.00016382100769744755
leaf_weight=25077 728 235 15998 475 415 1802 799 448 33747 272 342 723 224 274 395 1476 3437 357 410 508 619 517 1142 221 5072 4405 5591 240 710 921
leaf_count=25077 728 235 15998 475 415 1802 799 448 33747 272 342 723 224 274 395 1476 3437 357 410 508 619 517 1142 221 5072 4405 5591 240 710 921
internal_value=1.50571e-05 0.00658762 -0.00092949 0.00916317 0.013793 0.000273566 0.0161247 0.00729508 -0.00161358 0.0124552 0.00393294 0.0101036 0.0121418 0.00616191 0.00167163 0.00359648 0.00111643 0.00235853 0.00505078 0.00328927 0.00561989 0.00863144 -0.00119496 0.0046878 -0.000182543 0.000537852 0.00361053 -0.000558065 0.00525499 0.00407767
internal_weight=107580 13514 94066 6853 1961 34100 1486 4892 59966 687 6661 1395 947 3497 8385 1871 6514 3077 1275 918 3223 752 34889 2471 25715 9717 6319 4645 2250 1540
internal_count=107580 13514 94066 6853 1961 34100 1486 4892 59966 687 6661 1395 947 3497 8385 1871 6514 3077 1275 918 3223 752 34889 2471 25715 9717 6319 4645 2250 1540
is_linear=0
shrinkage=0.03


Tree=34
num_leaves=31
num_cat=0
split_feature=23 23 22 1 19 11 24 16 1 18 27 22 15 1 14 1 34 19 20 20 8 26 12 24 24 18 16 21 1 25
split_gain=702.915 118.35 73.774 64.4423 42.4202 27.3905 20.4964 19.6666 22.2429 16.9438 15.7254 14.6787 14.5294 13.7563 16.4523 13.7207 12.542 12.1064 11.5775 11.4587 17.3707 10.6941 10.1876 9.19716 8.48637 8.04099 11.3177 7.66306 7.44366 12.7917
threshold=0.81455168397756517 0.90342059548159825 6.2671527777777785 0.67500000000000016 10.812500000000002 8.4425000000000026 7.6250000000000009 15.702500000000002 9.6250000000000018 16.012500000000006 6.7193750000000012 3.6888750000000008 0.29500000000000004 14.875000000000002 0.82081006734824025 -6.5249999999999995 951.22500000000014 8.1225000000000023 12.652500000000002 12.827916666666669 12.500000000000002 4.4975000000000014 11.327500000000002 3.0750000000000006 6.3750000000000009 10.987500000000002 4.2925000000000013 0.94330348156504551 5.9250000000000016 8.0125000000000011
decision_type=2 2 2 2 8 2 10 8 2 2 2 2 2 2 2 2 2 10 2 2 2 2 10 10 10 2 10 2 2 8
left_child=2 15 11 4 -3 -6 17 8 16 -9 -10 -1 19 14 -12 -2 -5 22 -15 20 -7 -8 25 -19 -13 -4 -27 -17 29 -18
right_child=1 3 6 7 5 12 21 9 10 -11 13 24 -14 18 -16 27 28 23 -20 -21 -22 -23 -24 -25 -26 26 -28 -29 -30 -31
leaf_value=-0.0091777662615532309 0.00036873027904093858 0.00017607224096440383 -0.00041848288962746173 0.00016834966608025474 0.00029633903994952108 0.00030215737951352548 0.00031575150899818195 0.00012198583965722924 7.9608571265076246e-05 0.00030327654804787829 1.1223347805768834e-05 -0.0047601955250536994 0.00031172568924737082 7.6553200525849571e-05 9.559241795368772e-05 -2.4806403140249966e-05 0.00010388463748346899 0.00024823852032603954 7.6699531646520216e-05 0.00030413627941426987 0.00042609967043987635 -8.4295521816130079e-05 0.00028600711296446587 7.8788578238010444e-05 0.0017818056608185128 0.00063015553365392658 6.8868404982975749e-05 9.4075908433157322e-05 8.915316010001563e-06 0.00018551953119731856
leaf_weight=24993 454 439 25086 318 252 275 1574 277 1207 287 381 30926 293 361 268 535 1093 633 537 561 304 653 1031 1004 966 573 4875 6546 677 206
leaf_count=24993 454 439 25086 318 252 275 1574 277 1207 287 381 30926 293 361 268 535 1093 633 537 561 304 653 1031 1004 966 573 4875 6546 677 206
internal_value=2.27244e-05 0.0059837 -0.000963638 0.00858959 0.0130427 0.0152041 0.000110994 0.00689407 0.00628854 0.0122109 0.00810728 -0.00163289 0.0168088 0.0101153 0.00670183 0.00330438 0.00409221 -7.6069e-05 0.0125316 0.0183668 0.0151079 0.00289382 -0.000206684 0.00243544 -0.00120594 -0.000305905 0.000738308 0.00297587 0.00318627 0.0045115
internal_weight=107585 15271 92314 7736 2124 1685 35429 5612 5048 564 2754 56885 1433 1547 649 7535 2294 33202 898 1140 579 2227 31565 1637 31892 30534 5448 7081 1976 1299
internal_count=107585 15271 92314 7736 2124 1685 35429 5612 5048 564 2754 56885 1433 1547 649 7535 2294 33202 898 1140 579 2227 31565 1637 31892 30534 5448 7081 1976 1299
is_linear=0
shrinkage=0.03


Tree=35
num_leaves=31
num_cat=0
split_feature=23 23 5 1 19 11 1 35 18 29 10 18 24 32 1 10 10 8 24 18 35 16 14 19 8 10 31 35 8 23
split_gain=656.976 98.2972 74.4531 51.0197 36.6657 28.3966 20.8666 19.7262 18.6905 20.1209 16.3009 15.4687 15.3664 26.0013 13.5623 19.496 16.2969 38.4018 12.9144 12.6221 12.1046 11.026 10.4172 9.92477 9.13825 8.85397 8.81594 7.92783 7.72905 11.2442
threshold=0.81455168397756517 0.90342059548159825 0.23461013501836794 0.52500000000000013 10.667500000000002 8.4425000000000026 16.175000000000004 84.750000000000014 13.962500000000002 8.177500000000002 11.500000000000002 10.202500000000002 5.5750000000000011 -0.91702515554752051 -6.5249999999999995 11.500000000000002 1.5000000000000002 15.500000000000002 7.6250000000000009 2.5525000000000007 52.250000000000007 14.557500000000003 0.66277195672956979 5.9575000000000005 8.5000000000000018 6.5000000000000009 1.375745147845951 24.750000000000004 13.500000000000002 0.95667501624815199
decision_type=2 2 2 2 8 2 2 2 2 2 2 2 8 2 2 2 2 2 10 2 2 10 2 10 2 2 2 2 2 2
left_child=2 14 11 4 24 -6 7 10 -8 -10 22 23 -4 19 15 -2 17 -16 -15 -14 -7 -12 -5 -1 -3 -20 -25 -21 29 -22
right_child=1 3 12 6 5 20 8 -9 9 -11 21 -13 13 18 16 -17 -18 -19 25 27 28 -23 -24 26 -26 -27 -28 -29 -30 -31
leaf_value=-0.0072054067675089584 0.00025787344203079428 -6.9400301124205548e-06 -0.0010018826086834287 4.7202837463177554e-05 0.00023222552818723651 0.00031192631518747304 7.59606634394594e-05 0.00017907218408573232 6.9894938990027448e-05 7.5357807993238713e-05 0.0002519791857758147 0.00010873588547504699 0.0037480839917239661 0.00020294141664174646 0.00031856430694676994 0.00037642274619191567 7.1440239542552847e-05 0.00050338804525310141 0.0005044757730496461 -0.003658214419695026 0.00028920780549044343 0.00029713324878833714 8.7686947099215257e-05 0.0026969065637002542 0.00028611524727169767 0.00018309830383936095 -0.0014818515342486119 -0.00014642928501007533 0.00033558586298674696 0.00029501219103184148
leaf_weight=51832 253 205 12390 2080 261 453 614 261 368 633 222 3609 476 10826 460 215 6279 281 417 1867 305 200 1245 394 217 495 1106 9127 396 254
leaf_count=51832 253 205 12390 2080 261 453 614 261 368 633 222 3609 476 10826 460 215 6279 281 417 1867 305 200 1245 394 217 495 1106 9127 396 254
internal_value=4.98323e-06 0.00578378 -0.0009446 0.00816012 0.0121646 0.0141595 0.00666151 0.00548866 0.0095463 0.0120746 0.00491978 -0.00161738 0.000131617 0.000586998 0.00333191 0.00825793 0.00299786 0.00719437 0.00157932 -0.000428759 0.0158429 0.0104543 0.0042027 -0.00174599 0.0042014 0.00499891 0.000657807 -0.000636604 0.0137656 0.0112819
internal_weight=107741 15202 92539 7714 2091 1669 5623 4008 1615 1001 3747 56941 35598 23208 7488 468 7020 741 11738 11470 1408 422 3325 53332 422 912 1500 10994 955 559
internal_count=107741 15202 92539 7714 2091 1669 5623 4008 1615 1001 3747 56941 35598 23208 7488 468 7020 741 11738 11470 1408 422 3325 53332 422 912 1500 10994 955 559
is_linear=0
shrinkage=0.03


Tree=36
num_leaves=31
num_cat=0
split_feature=23 23 22 1 19 11 1 27 35 19 27 1 14 35 34 29 18 22 8 18 32 35 24 1 9 28 1 24 12 1
split_gain=621.887 92.5924 71.7394 43.1919 46.6781 31.3179 20.1033 28.6303 21.8456 18.5832 14.5992 12.5082 12.3546 12.3008 14.2457 11.6661 12.9079 11.541 20.124 11.3279 10.7331 10.485 10.1966 11.4512 10.0639 11.0621 9.74909 10.9391 8.8306 15.0903
threshold=0.81455168397756517 0.90342059548159825 6.1577222222222234 0.52500000000000013 7.4125000000000005 8.4425000000000026 14.875000000000002 6.7193750000000012 84.750000000000014 7.9025000000000007 3.0020833333333341 -6.1749999999999989 0.84270892562814048 39.250000000000007 950.32500000000016 8.177500000000002 13.962500000000002 12.917888888888891 13.500000000000002 13.492500000000001 0.72534675097891099 71.750000000000014 7.6250000000000009 5.0750000000000011 1.0000000180025095e-35 1.498248282694514 3.6250000000000004 8.1250000000000018 5.5025000000000013 14.325000000000003
decision_type=2 2 2 2 10 2 2 2 2 10 2 2 2 2 2 2 2 2 2 2 2 2 10 2 2 2 2 8 10 2
left_child=2 11 10 4 5 -3 8 -8 12 22 -1 21 26 -12 20 -9 -17 18 -7 -6 -15 -2 28 -24 -11 -26 27 -5 -4 -30
right_child=1 3 9 6 19 17 7 15 -10 24 13 -13 -14 14 -16 16 -18 -19 -20 -21 -22 -23 23 -25 25 -27 -28 -29 29 -31
leaf_value=-0.0075362708263023237 0.00036355283308876383 0.00026016231749265129 -0.0020904981465502486 4.9735321317053257e-05 0.00035910286359653432 0.00028098285794000754 7.4735421408025698e-05 5.9442773893113429e-05 0.00017445323089119311 0.00018271378518550921 -0.006279833980591963 8.600636851700294e-05 9.5000365064268344e-05 0.00070137401605435982 -0.0020186019719603929 7.6706334448971563e-05 7.1647640516879431e-05 0.00028628388550494207 0.00037250508118289577 5.4657180195156751e-05 0.0053487155833956083 0.00033322355569635872 0.00059831735775593524 6.1773358718800737e-05 1.021098266944064e-05 0.00014297865568003941 2.4260961573704387e-05 0.00019674066011471524 0.0002145761509678681 -0.00040333789469673985
leaf_weight=42017 254 242 8665 237 208 358 835 222 250 326 6736 6979 950 1481 4519 257 572 451 338 493 945 271 413 1479 1302 876 1780 590 11886 11776
leaf_count=42017 254 242 8665 237 208 358 835 222 250 326 6736 6979 950 1481 4519 257 572 451 338 493 945 271 413 1479 1302 876 1780 590 11886 11776
internal_value=-4.4013e-06 0.00559959 -0.000931589 0.00789176 0.0115847 0.0147654 0.00652703 0.00906504 0.00525944 9.77721e-05 -0.00161022 0.00321854 0.00464318 -0.000758659 0.000127337 0.0123551 0.0139964 0.0168307 0.0141826 0.00522238 0.00197943 0.00766981 -8.49411e-05 0.00205271 0.00258988 0.00184425 0.00356393 0.0062488 -0.00021035 8.97445e-05
internal_weight=107708 15287 92421 7783 2090 1389 5693 1886 3807 36723 55698 7504 3557 13681 6945 1051 829 1147 696 701 2426 525 34219 1892 2504 2178 2607 827 32327 23662
internal_count=107708 15287 92421 7783 2090 1389 5693 1886 3807 36723 55698 7504 3557 13681 6945 1051 829 1147 696 701 2426 525 34219 1892 2504 2178 2607 827 32327 23662
is_linear=0
shrinkage=0.03


Tree=37
num_leaves=31
num_cat=0
split_feature=22 22 22 1 19 1 1 8 22 35 10 8 32 8 22 2 29 22 10 19 19 10 8 24 32 31 8 1 12 31
split_gain=573.82 82.6459 70.897 44.4687 40.6348 22.155 20.2073 43.4484 19.8566 18.4951 18.107 15.3886 14.9631 14.5983 30.5775 14.1028 16.034 13.119 11.1152 10.8 10.4091 11.7174 9.61084 8.93811 8.84817 13.7817 14.9369 14.7017 11.6555 10.8049
threshold=9.9912916666666707 11.56854166666667 5.3868333333333345 0.52500000000000013 7.4125000000000005 16.175000000000004 -0.17499999999999993 14.500000000000002 9.1757500000000025 84.750000000000014 2.5000000000000004 3.5000000000000004 0.95368063612909471 12.500000000000002 12.568777777777779 1.1044572222563562 6.9475000000000007 12.095486111111112 11.500000000000002 5.3975000000000009 8.5875000000000021 4.5000000000000009 4.5000000000000009 6.3750000000000009 -0.90255091666790832 1.2308645816527999 15.500000000000002 5.4750000000000005 7.8525000000000018 1.9828745600804429
decision_type=2 2 2 2 10 2 2 2 2 2 2 2 2 2 2 2 2 2 2 10 10 2 2 10 2 2 2 2 10 2
left_child=2 6 23 4 13 9 7 11 19 18 -6 -2 -9 14 -3 -7 -17 -18 -5 -4 21 -8 -22 -1 -10 28 -27 29 -26 -28
right_child=1 3 8 5 10 15 20 12 24 -11 -12 -13 -14 -15 -16 16 17 -19 -20 -21 22 -23 -24 -25 25 26 27 -29 -30 -31
leaf_value=-0.0071601828445643995 0.00036139128017364922 0.0002660675269274537 -0.00095328377737752821 6.0311692447292396e-05 0.00032459232512418448 3.1031426391585642e-05 0.00013589481988453777 0.00039037863892791848 -5.7615152953959302e-06 0.00016846642163642511 1.0552004875212064e-05 6.4222926282473002e-05 0.00046183479776473079 0.00030382445835615979 0.00027499177195987047 5.341551193836109e-05 6.8586789818840806e-05 7.2385434851927964e-05 0.00028231703152124419 0.0001887732671685691 9.2505850203692004e-05 3.7422533737710985e-05 6.8271917772171341e-05 0.0035030178797849369 0.00014280622873404813 5.80239087266754e-05 0.00050722692872027023 1.4338908804125693e-05 0.00016172759943197001 0.00044847695341868
leaf_weight=46008 394 314 28658 3127 216 249 1289 242 2108 226 371 923 385 426 428 260 255 871 412 10796 324 3400 1478 657 387 2310 237 386 241 282
leaf_count=46008 394 314 28658 3127 216 249 1289 242 2108 226 371 923 385 426 428 260 255 871 412 10796 324 3400 1478 657 387 2310 237 386 241 282
internal_value=-6.40948e-06 0.00531516 -0.000907739 0.00768645 0.0118381 0.00632747 0.00330035 0.00598153 -6.37532e-05 0.00504907 0.00533615 0.00286611 0.0124509 0.0150691 0.0123614 0.00924695 0.0104256 0.0119735 0.00450423 -0.000307459 0.00249338 0.00174542 0.00442944 -0.00172884 0.00155087 0.0024067 0.00160714 0.00486264 0.00645498 0.0081355
internal_weight=107660 15590 92070 7155 1755 5400 8435 1944 45405 3765 587 1317 627 1168 742 1635 1386 1126 3539 39454 6491 4689 1802 46665 5951 3843 3215 905 628 519
internal_count=107660 15590 92070 7155 1755 5400 8435 1944 45405 3765 587 1317 627 1168 742 1635 1386 1126 3539 39454 6491 4689 1802 46665 5951 3843 3215 905 628 519
is_linear=0
shrinkage=0.03


Tree=38
num_leaves=31
num_cat=0
split_feature=23 23 12 1 19 11 1 27 24 32 35 1 8 19 10 8 32 27 21 15 23 10 10 16 25 18 12 9 10 31
split_gain=565.216 83.135 69.1927 41.9661 52.343 21.1177 20.55 24.4748 17.5158 25.7004 17.1655 16.4541 34.01 15.5737 14.0167 13.7148 12.9067 12.8592 12.7326 12.3331 11.0805 12.8206 10.7654 10.6194 10.4903 10.4363 10.3776 10.6027 12.8733 15.2027
threshold=0.81455168397756517 0.90798071010344017 5.6125000000000016 0.52500000000000013 7.4125000000000005 8.4425000000000026 14.875000000000002 6.7193750000000012 6.1250000000000009 -0.95368063612909426 84.750000000000014 -0.17499999999999993 14.500000000000002 6.5025000000000013 2.5000000000000004 3.5000000000000004 0.95368063612909471 3.467083333333334 3.1336247646972133 0.19500000000000053 0.94688165170359218 11.500000000000002 1.5000000000000002 12.972500000000002 5.6625000000000005 13.722500000000002 6.7425000000000006 3.5000000000000004 4.5000000000000009 1.8232849016402233
decision_type=2 2 10 2 10 2 2 2 8 2 2 2 2 10 2 2 2 2 2 2 2 2 2 10 8 2 10 2 2 2
left_child=2 11 13 4 5 -3 10 -8 -4 18 20 12 15 17 -6 -2 -14 -1 -10 23 -5 24 -13 -7 -22 -9 -11 28 29 -28
right_child=1 3 8 6 14 19 7 25 9 26 -12 22 16 -15 -16 -17 -18 -19 -20 -21 21 -23 -24 -25 -26 -27 27 -29 -30 -31
leaf_value=-0.006898041921568978 0.00035548493049177617 0.00022463647893865234 -0.00070174648285901585 0.00014097067654433867 0.00031402242881004125 0.00029680178132057797 7.3613219011131606e-05 7.1243740708758498e-05 -0.0011404265625596587 0.00015200277545385999 0.00017716690051959425 0.0004787198829802254 0.00036606113412187668 0.00079016969658488034 1.1292430620284398e-05 0.00010203348094355303 0.00043991379339862593 -0.00071186895057742889 0.00090496932865408381 0.00027519614335518082 7.5903646856354527e-05 0.0002755312110136765 5.9464079010826444e-05 0.00027358275893461516 9.2385019506522656e-06 6.1686184857900897e-05 0.00029998860277526628 0.00011513255523353989 0.00025308806582656994 0.00075592243902325885
leaf_weight=47818 375 205 14656 869 252 287 762 265 7422 4722 234 239 226 1270 404 921 408 7337 953 317 495 331 5737 515 1667 706 1068 3652 2804 746
leaf_count=47818 375 205 14656 869 252 287 762 265 7422 4722 234 239 226 1270 404 921 408 7337 953 317 495 331 5737 515 1667 706 1068 3652 2804 746
internal_value=-6.41574e-07 0.00535644 -0.000882546 0.00766243 0.0113955 0.0148217 0.00626603 0.00895339 0.000144637 0.000692447 0.00496029 0.00322108 0.00562791 -0.00153828 0.00442057 0.00282244 0.0112958 -0.00161394 -0.000603223 0.0164439 0.00439976 0.0033711 0.00243973 0.0184684 0.00251684 0.0121076 0.00152758 0.00216798 0.00312265 0.00508961
internal_weight=107663 15215 92448 7309 1980 1324 5329 1733 36023 21367 3596 7906 1930 56425 656 1296 634 55155 8375 1119 3362 2493 5976 802 2162 971 12992 8270 4618 1814
internal_count=107663 15215 92448 7309 1980 1324 5329 1733 36023 21367 3596 7906 1930 56425 656 1296 634 55155 8375 1119 3362 2493 5976 802 2162 971 12992 8270 4618 1814
is_linear=0
shrinkage=0.03


Tree=39
num_leaves=31
num_cat=0
split_feature=23 23 22 2 8 26 1 22 28 18 29 23 35 1 8 1 32 8 14 21 30 1 1 9 26 9 22 32 32 9
split_gain=542.294 87.9564 67.372 42.8922 33.4021 32.1941 23.9027 23.2653 23.3044 16.9738 20.4193 16.944 16.8673 12.1063 18.259 20.0337 12.3093 11.4569 11.0266 10.5164 10.4536 11.2039 13.4937 12.8987 12.205 9.48435 9.18327 8.01491 7.69868 7.68728
threshold=0.81455168397756517 0.90342059548159825 5.3868333333333345 1.2076058377359182 13.500000000000002 5.3825000000000012 16.175000000000004 12.568777777777779 2.2253726273992167 13.962500000000002 8.0825000000000014 0.72452741843777979 84.750000000000014 6.1750000000000016 15.500000000000002 -0.57499999999999984 0.9681107762825325 3.5000000000000004 2.2685806869788285 3.9629722333203339 4.6750000000000016 14.325000000000003 1.2750000000000001 3.5000000000000004 2.0725000000000007 2.5000000000000004 3.6888750000000008 0.84335933205092517 -0.97625883275952019 3.5000000000000004
decision_type=2 2 2 2 2 2 2 2 2 2 2 2 2 2 2 2 2 2 2 2 2 2 2 2 2 2 2 2 2 2
left_child=2 13 26 6 7 -6 12 -5 -9 -8 -11 19 -3 14 17 16 -16 -2 28 20 27 22 -22 24 -24 -26 -1 -4 -13 -19
right_child=1 3 11 4 5 -7 9 8 -10 10 -12 18 -14 -15 15 -17 -18 29 -20 -21 21 -23 23 -25 25 -27 -28 -29 -30 -31
leaf_value=-0.0080384362029082938 0.00032882527860729314 7.2287986604827655e-05 0.00027867713568995533 0.00025586417547905139 0.00033314982709038113 0.00026479810829174944 6.7589685052660275e-05 0.00025993836325541905 0.00011102037760773151 6.0749976849558793e-05 6.6963729969539624e-05 -0.00033143008669576755 0.00017309239371458339 4.9417516109302178e-05 0.00035513065069942007 0.00025337156918965619 0.0004354574779003406 0.00020989785680612416 0.00022750950460785234 0.0012265215671544239 -0.00082492513519754501 -0.00068185490561038157 0.00022400066020626495 -2.7934506292761497e-05 0.00074941351795991171 0.0026730964931436707 -0.0045419911037552609 -0.0063782315994649437 9.9131371813712018e-05 -3.2113637028703397e-05
leaf_weight=25100 529 3732 2258 707 452 247 611 363 256 343 627 1152 278 4070 202 595 311 965 200 2356 4679 15859 1444 3092 1836 543 21531 6780 5284 804
leaf_count=25100 529 3732 2258 707 452 247 611 363 256 343 627 1152 278 4070 202 595 311 965 200 2356 4679 15859 1444 3092 1836 543 21531 6780 5284 804
internal_value=-1.47194e-05 0.00525561 -0.000878451 0.00752421 0.0112685 0.016581 0.00615922 0.00841623 0.012649 0.00928562 0.0117538 -5.69168e-05 0.00491656 0.00294105 0.00426033 0.00741779 0.0117394 0.00272514 0.00134347 -0.000296279 -0.000421773 -0.000130345 0.000578325 0.0014198 0.00258386 0.00390226 -0.00167967 -0.00130643 0.00112436 0.0015575
internal_weight=107206 15092 92114 7616 2025 699 5591 1326 619 1581 970 45483 4010 7476 3406 1108 513 2298 6636 38847 36491 27453 11594 6915 3823 2379 46631 9038 6436 1769
internal_count=107206 15092 92114 7616 2025 699 5591 1326 619 1581 970 45483 4010 7476 3406 1108 513 2298 6636 38847 36491 27453 11594 6915 3823 2379 46631 9038 6436 1769
is_linear=0
shrinkage=0.03


Tree=40
num_leaves=31
num_cat=0
split_feature=22 22 22 2 19 2 8 22 2 2 29 22 8 2 32 18 22 16 8 31 22 19 32 29 11 24 18 19 26 2
split_gain=506.357 74.4992 65.3359 49.3434 46.4339 28.1569 21.5877 23.1292 20.5237 18.4886 16.716 16.4317 16.0631 29.523 13.6816 13.501 12.4048 12.1357 11.7053 15.3796 10.6459 10.3612 10.2247 10.925 10.0138 13.0279 9.95958 9.05523 8.9802 8.79791
threshold=9.9912916666666707 11.56854166666667 5.3868333333333345 1.2071645822840524 9.422500000000003 1.1418673352334283 12.500000000000002 12.568777777777779 1.1840185178814904 1.1044572222563562 6.8825000000000012 7.9564583333333347 15.500000000000002 1.2122585710665212 0.9681107762825325 13.962500000000002 14.783750000000003 6.1525000000000007 3.5000000000000004 1.3574890975394276 3.6888750000000008 11.022500000000003 -0.97625883275952019 3.9975000000000005 9.0075000000000021 6.9750000000000005 14.852500000000003 8.5125000000000028 6.3775000000000013 1.1685233597415172
decision_type=2 2 2 2 10 2 2 2 2 2 2 2 2 2 2 2 2 10 2 2 2 10 2 2 2 10 2 10 2 2
left_child=2 8 20 5 6 9 7 -5 27 -3 -11 24 18 -14 -15 -12 21 -13 -10 -20 -1 -7 -19 -24 -4 -26 -6 -2 -18 -25
right_child=1 3 11 4 26 16 -8 -9 12 10 15 17 13 14 -16 -17 28 22 19 -21 -22 -23 23 29 25 -27 -28 -29 -30 -31
leaf_value=-0.0077972831168210454 3.6562920233412786e-05 3.0564335507148269e-05 -0.0013448723070696221 0.00024856089173521702 0.00026979037830336948 7.2579501842559029e-05 0.00027877079043235993 0.00025029391249182018 0.00031241986781002206 4.6337563288399588e-05 6.6942850512670122e-05 0.00034827632759139201 0.00017651364510973933 0.0003444767311784358 0.00042225872096710878 6.4815661179615271e-05 6.4085503524928465e-05 -0.00075716453282837154 0.00021322758144148274 8.0996484405638778e-05 -0.004326922126686626 -9.0608738832065322e-06 -4.8663195761183554e-05 6.557766828210908e-05 0.00076391690016908923 0.0022501941541988868 -4.5030457637933234e-06 6.125669658079772e-05 0.00015517168298284978 0.0002700917632528197
leaf_weight=25127 3459 244 26621 364 208 2747 454 430 612 261 404 860 646 221 313 703 250 2993 362 1547 21852 522 5706 4003 1975 207 245 1232 205 2817
leaf_count=25127 3459 244 26621 364 208 2747 454 430 612 261 404 860 646 221 313 703 250 2993 362 1547 21852 522 5706 4003 1975 207 245 1232 205 2817
internal_value=-2.76042e-05 0.00500149 -0.000869768 0.00727762 0.0117274 0.00584947 0.0147055 0.011587 0.00308967 0.00916141 0.0105142 -5.52378e-05 0.00475904 0.00764557 0.0128349 0.0121214 0.00440547 0.000703307 0.00339549 0.00222727 -0.00165305 0.00374862 0.00051037 0.00088676 -0.000486636 0.00146502 0.00345196 0.00176895 0.00903261 0.0016967
internal_weight=107590 15429 92161 7037 1701 5336 1248 794 8392 1612 1368 45182 3701 1180 534 1107 3724 16379 2521 1909 46979 3269 15519 12526 28803 2182 453 4691 455 6820
internal_count=107590 15429 92161 7037 1701 5336 1248 794 8392 1612 1368 45182 3701 1180 534 1107 3724 16379 2521 1909 46979 3269 15519 12526 28803 2182 453 4691 455 6820
is_linear=0
shrinkage=0.03


Tree=41
num_leaves=31
num_cat=0
split_feature=23 23 22 1 2 17 9 10 27 35 25 1 35 21 32 25 30 32 35 18 22 10 29 25 24 23 26 17 2 1
split_gain=475.565 71.9191 68.4519 42.1809 29.3425 28.3059 21.159 22.0877 19.8451 18.8917 17.1453 15.1635 18.8172 19.0377 18.545 15.1048 14.435 18.713 14.5991 12.4468 12.1104 11.9823 11.6277 11.2637 10.2638 10.0667 8.5489 8.29042 8.24254 8.15611
threshold=0.80825339838800669 0.90798071010344017 5.209722222222223 0.52500000000000013 1.1480176067867423 12.920000000000002 3.5000000000000004 11.500000000000002 7.1679166666666676 83.750000000000014 5.6625000000000005 -0.17499999999999993 53.750000000000007 2.2143243416725857 0.98321746822993605 6.1975000000000007 4.6750000000000016 -0.82409480842201666 38.250000000000007 2.6125000000000007 12.411777777777779 11.500000000000002 3.9675000000000007 5.2625000000000011 6.3750000000000009 0.95534993405821689 2.3375000000000004 8.7125000000000021 1.2021132249015352 14.325000000000003
decision_type=2 2 2 2 2 8 2 2 2 2 10 2 2 2 2 10 2 2 2 2 2 2 2 8 10 2 2 8 2 2
left_child=2 11 24 5 8 15 7 -7 -5 20 -8 12 -2 14 -14 -3 -4 18 -18 -20 -6 23 26 -22 -1 -10 -19 -15 29 -21
right_child=1 3 16 4 9 6 10 -9 25 -11 -12 -13 13 27 -16 -17 17 22 19 28 21 -23 -24 -25 -26 -27 -28 -29 -30 -31
leaf_value=-0.006613365082272179 0.00036903411729527166 0.00027631822981214805 -0.00249976832155841 6.5070452420536986e-05 0.00013204965673649702 9.8842972627986492e-05 0.00029533727989735855 0.00024580910453648298 5.5385959477093052e-05 0.00016227670497040761 0.00025059628090796872 6.0064811282512923e-05 0.00032691238138988013 -0.00040416912037317119 0.00040852362388669176 -5.3291734800997577e-06 -0.0026720464179582756 -0.0021434546271174859 0.004034172398097606 0.00038718553460412476 6.9280512797239568e-05 0.00026149037954130482 0.00026398374097162056 1.1247853911961106e-06 0.0042935123756393852 6.1063588315513054e-05 0.00024399251504617967 0.00026140292832447674 -0.0020588491107989509 -0.00020285215484015228
leaf_weight=44003 204 273 11413 953 1043 310 237 358 227 273 564 6282 371 310 212 221 6551 3193 361 3813 342 275 8314 1580 608 607 5087 902 2445 6112
leaf_count=44003 204 273 11413 953 1043 310 237 358 227 273 564 6282 371 310 212 221 6551 3193 361 3813 342 275 8314 1580 608 607 5087 902 2445 6112
internal_value=-3.1383e-05 0.00482076 -0.000852294 0.00699931 0.00559849 0.0107576 0.0128446 0.00879049 0.00872712 0.00399687 0.0161501 0.00290695 0.00518114 0.004175 0.00860714 0.00448497 -5.7027e-05 0.000238621 -0.000396952 0.000195273 0.00334669 0.00207493 0.000977046 0.00122678 -0.0016952 0.0121073 0.000181049 0.00201643 3.39387e-05 0.000418428
internal_weight=107444 15544 91900 7263 5300 1963 1469 668 1787 3513 801 8281 1999 1795 583 494 47289 35876 19282 12731 3240 2197 16594 1922 44611 834 8280 1212 12370 9925
internal_count=107444 15544 91900 7263 5300 1963 1469 668 1787 3513 801 8281 1999 1795 583 494 47289 35876 19282 12731 3240 2197 16594 1922 44611 834 8280 1212 12370 9925
is_linear=0
shrinkage=0.03


Tree=42
num_leaves=31
num_cat=0
split_feature=23 23 12 1 19 2 18 29 35 27 35 2 17 27 22 32 32 23 28 26 10 22 2 19 10 10 19 10 33 34
split_gain=448.412 68.3286 63.982 50.7876 57.7362 28.2406 18.9798 22.085 17.2279 16.8552 16.0639 15.4419 16.0296 15.4234 13.3201 12.4377 12.16 11.4757 11.4489 11.4186 11.4049 10.8088 10.9888 27.5386 10.1764 9.27987 8.18033 7.34958 10.5387 7.03675
threshold=0.80825339838800669 0.90798071010344017 5.5775000000000015 0.52500000000000013 9.5025000000000013 1.1480176067867423 13.962500000000002 8.0825000000000014 84.750000000000014 3.0020833333333341 36.750000000000007 1.2100385205374242 8.6525000000000016 4.4964583333333348 12.917888888888891 -0.93663652364155492 -0.7880107536067219 0.59683603706972488 2.545120944855332 4.6775000000000011 1.5000000000000002 12.411777777777779 1.1955876848058069 10.192500000000003 4.5000000000000009 1.5000000000000002 6.5025000000000013 11.500000000000002 0.04361772647272262 959.02500000000009
decision_type=2 2 10 2 10 2 2 2 2 2 2 2 8 2 2 2 2 2 2 2 2 2 2 10 2 2 10 2 2 2
left_child=2 11 9 4 14 6 -5 -8 21 26 16 25 -13 -14 27 -15 -4 -12 -11 -16 -17 -7 -23 -24 -9 -2 -1 28 -3 -6
right_child=1 3 10 5 29 8 7 24 -10 18 17 12 13 15 19 20 -18 -19 -20 -21 -22 22 23 -25 -26 -27 -28 -29 -30 -31
leaf_value=-0.0066149639390691512 0.00045256927098660023 0.00019624697085458354 -0.0028410062378578294 6.0287793596976349e-05 0.000252022231820157 0.00012218873235000059 5.1036879868787954e-05 5.9449938772074223e-05 0.00014585896395592047 -0.0018025796193720822 0.00011142704065355707 -8.7498848356692975e-06 0.00024717257790519921 0.00024332128023143551 0.00023408185337165155 0.00032125569909807451 4.8913380311585986e-05 0.00014643153052870116 0.0028188035671392183 0.00024138062509463068 0.00034744877229791023 6.1585995542452072e-06 0.00025204074381692996 -6.8565253081720453e-06 6.2211137830705783e-05 5.3125116459094013e-05 0.0016853248925595065 0.00028582813560430021 0.00026749986356694233 -3.5672509273765304e-06
leaf_weight=41393 234 217 6396 656 200 1081 395 232 234 13381 17280 435 613 206 214 243 3748 8728 758 255 526 1793 246 223 494 6038 379 502 271 306
leaf_count=41393 234 217 6396 656 200 1081 395 232 234 13381 17280 435 613 206 214 243 3748 8728 758 255 526 1793 246 223 494 6038 379 502 271 306
internal_value=-4.11497e-05 0.00465894 -0.000838501 0.0067713 0.0108959 0.00524874 0.00833838 0.0107078 0.00370435 -0.00147441 0.000145033 0.00279217 0.00506953 0.00646328 0.013916 0.00880102 -0.000867278 0.00053996 -0.000578833 0.0181709 0.0105465 0.00314247 0.00195589 0.00601899 0.0138057 0.00205417 -0.00177744 0.0118191 0.00901825 0.00213699
internal_weight=107677 15614 92063 7319 1965 5354 1777 1121 3577 55911 36152 8295 2023 1588 1459 975 10144 26008 14139 469 769 3343 2262 469 726 6272 41772 990 488 506
internal_count=107677 15614 92063 7319 1965 5354 1777 1121 3577 55911 36152 8295 2023 1588 1459 975 10144 26008 14139 469 769 3343 2262 469 726 6272 41772 990 488 506
is_linear=0
shrinkage=0.03


Tree=43
num_leaves=31
num_cat=0
split_feature=23 5 23 1 19 1 11 35 21 24 32 27 19 2 21 1 34 35 21 28 35 19 28 24 2 26 26 21 30 20
split_gain=432.474 66.1422 64.2672 51.8945 53.7411 26.1714 21.6726 17.0153 14.9719 13.1821 16.3553 13.0122 12.3568 11.8872 11.7078 11.3498 19.9071 10.6581 17.5285 9.82594 9.13545 8.9817 8.2801 12.7739 8.60861 8.23241 7.84456 7.36568 7.84516 7.27292
threshold=0.81455168397756517 0.23461013501836794 0.90342059548159825 0.52500000000000013 9.422500000000003 16.175000000000004 8.4425000000000026 83.750000000000014 3.4953617474384244 4.3750000000000009 -0.91702515554752051 6.7193750000000012 7.3325000000000014 1.2379232494571126 3.3405650715093222 23.525000000000002 951.12500000000011 55.750000000000007 2.1823855449113685 2.5122922798215845 71.750000000000014 11.492500000000001 2.4867781611190383 7.8750000000000009 1.1831704430050491 4.2575000000000012 3.0575000000000006 1.3433408290013078 5.8250000000000011 3.5205000000000006
decision_type=2 2 2 2 10 2 2 2 2 8 2 2 10 2 2 2 2 2 2 2 2 10 2 10 2 2 2 2 2 2
left_child=1 8 13 4 6 7 -4 21 19 -3 12 -7 14 -2 -11 16 -13 -8 -19 29 -15 22 23 25 -25 26 -5 -12 -29 -1
right_child=2 9 3 5 -6 11 17 -9 -10 10 27 15 -14 20 -16 -17 -18 18 -20 -21 -22 -23 -24 24 -26 -27 -28 28 -30 -31
leaf_value=-0.0073665150089761476 6.838408308083243e-05 -0.0016248402689046559 0.00021952858432106853 1.6536755484607425e-05 9.5293989167213319e-05 6.1907385344125426e-05 0.00027725329153617138 0.00014227922337091748 0.00023115171625420042 -0.0012152541388413607 -9.1261768675099384e-06 5.7365346531128564e-05 0.00018166206213929777 0.00028282688457194284 0.0009926779631752702 4.0045441530129278e-05 6.1144161955262118e-05 0.00023583697372789203 0.00022510988731309076 0.0017051991755208317 0.0002721875389298766 -9.7572148257229691e-06 3.089722335064817e-05 5.3725274943540128e-05 0.00025539278649602235 2.7742968303906546e-05 0.00013479854532447711 8.0354701642994895e-05 0.00028951230850750434 -0.0041555419758547187
leaf_weight=22645 6951 7822 230 210 516 671 476 289 4701 10400 3264 328 1324 233 1134 267 374 481 351 706 244 371 1274 223 270 829 503 3247 8221 28791
leaf_count=22645 6951 7822 230 210 516 671 476 289 4701 10400 3264 328 1324 233 1134 267 374 481 351 706 244 371 1274 223 270 829 503 3247 8221 28791
internal_value=-3.92924e-05 -0.000809506 0.00466792 0.00659507 0.0106741 0.00509316 0.0134776 0.00376774 -0.00144348 0.000208204 0.000516397 0.00827963 -0.000265413 0.00267671 -0.000580814 0.0105062 0.0125092 0.0149703 0.0127527 -0.00158966 0.00723859 0.0032076 0.00370338 0.00488971 0.00907831 0.00352553 0.00587883 0.00119862 0.00155635 -0.00163795
internal_weight=107346 92255 15091 7663 2054 5609 1538 3969 56843 35412 27590 1640 12858 7428 11534 969 702 1308 832 52142 477 3680 3309 2035 493 1542 713 14732 11468 51436
internal_count=107346 92255 15091 7663 2054 5609 1538 3969 56843 35412 27590 1640 12858 7428 11534 969 702 1308 832 52142 477 3680 3309 2035 493 1542 713 14732 11468 51436
is_linear=0
shrinkage=0.03


Tree=44
num_leaves=31
num_cat=0
split_feature=23 22 23 2 1 17 8 22 28 29 22 16 22 10 8 1 12 34 10 11 32 30 2 8 24 33 11 30 22 1
split_gain=395.544 65.942 58.8122 45.1926 37.7794 33.5789 22.9305 28.9623 19.0989 18.1446 19.9284 16.5287 13.9878 13.3162 35.1135 20.1474 12.4077 11.9622 11.5859 10.909 9.67929 14.8264 9.24361 13.8986 13.1053 11.231 12.9135 9.47044 8.45298 8.6361
threshold=0.81455168397756517 6.0841666666666674 0.90798071010344017 1.2067236491811688 14.875000000000002 12.920000000000002 12.500000000000002 12.568777777777779 1.788827593547945 8.0825000000000014 12.73025 16.452500000000004 3.6888750000000008 1.5000000000000002 11.500000000000002 -6.1749999999999989 11.327500000000002 958.32500000000016 4.5000000000000009 10.277500000000002 -0.97625883275952019 4.6750000000000016 1.1693505597259679 13.500000000000002 7.075000000000002 1.0000000180025095e-35 8.8275000000000023 9.3250000000000028 12.411777777777779 3.0250000000000004
decision_type=2 2 2 2 2 8 2 2 2 2 2 8 2 2 2 2 10 2 2 2 2 2 2 2 10 2 2 2 2 2
left_child=1 12 13 4 11 17 7 -7 -9 -6 -11 28 -1 14 -2 -15 20 -5 -12 -16 -3 -22 -23 24 -24 26 -25 -28 -4 -30
right_child=2 16 3 5 9 6 -8 8 -10 10 18 -13 -14 15 19 -17 -18 -19 -20 -21 21 22 23 25 -26 -27 27 -29 29 -31
leaf_value=-0.0069924740788050227 0.0001277464398346817 -0.0011114155882997292 0.0001041249119457765 0.00027641788257361922 5.5664117448345206e-05 0.00020684301036531181 0.00024347340926810345 0.00022390828148646457 0.00021839800357764116 5.6270722701268819e-05 5.7348847804914563e-05 0.00023842266224567975 -0.003421930651754669 0.00029558960589737764 0.00040929689426741578 5.1755927331311731e-05 0.00028994357477117827 -3.0625919184446015e-06 5.7403492225275295e-05 0.0003660382709290921 -0.0020176079774884815 3.0915450118368357e-05 -1.3666830933786178e-05 -0.00096308792556566215 0.00064816972561245118 0.00057760548107827782 0.0018423731728293945 2.5452875770955575e-05 0.00010359419086253222 8.4242710981530249e-06
leaf_weight=25123 469 6412 1165 206 652 451 551 245 236 414 210 203 29789 371 284 6583 1432 290 447 203 6921 13117 5206 907 470 2620 202 213 421 1758
leaf_count=25123 469 6412 1165 206 652 451 551 245 236 414 210 203 29789 371 284 6583 1432 290 447 203 6921 13117 5206 907 470 2620 202 213 421 1758
internal_value=-6.89101e-05 -0.000805762 0.00442185 0.00637345 0.00491374 0.0102384 0.012494 0.00953468 0.0146235 0.00855382 0.0109545 0.00313598 -0.00146796 0.00263045 0.00594381 0.002171 0.000163977 0.00343713 0.0141979 0.0115427 5.50543e-05 0.000283604 0.000653693 0.00135987 0.00040873 0.00272713 0.000470233 0.00482143 0.00262108 0.00151236
internal_weight=107571 92412 15159 7249 5270 1979 1483 932 481 1723 1071 3547 54912 7910 956 6954 37500 496 657 487 36068 29656 22735 9618 5676 3942 1322 415 3344 2179
internal_count=107571 92412 15159 7249 5270 1979 1483 932 481 1723 1071 3547 54912 7910 956 6954 37500 496 657 487 36068 29656 22735 9618 5676 3942 1322 415 3344 2179
is_linear=0
shrinkage=0.03


Tree=45
num_leaves=31
num_cat=0
split_feature=23 23 5 1 19 1 11 18 29 18 10 16 10 2 17 1 17 32 14 1 26 10 16 4 28 10 21 9 2 17
split_gain=397.246 60.0305 58.9794 56.5007 55.837 34.2848 20.7385 16.7592 22.7282 15.2869 14.3781 14.1903 11.9255 19.3562 18.1265 10.963 15.0874 10.7873 10.1203 9.95606 9.28916 8.8613 8.78949 8.6692 8.48638 7.97394 11.9468 11.2408 22.0737 11.0314
threshold=0.80825339838800669 0.90342059548159825 0.23081980566931198 0.52500000000000013 9.2775000000000016 14.875000000000002 8.4425000000000026 13.962500000000002 7.8875000000000011 10.147500000000003 2.5000000000000004 15.702500000000002 1.5000000000000002 1.2367646876684808 8.6525000000000016 16.175000000000004 6.7825000000000015 -0.7880107536067219 0.42745370108545672 19.925000000000004 2.0425000000000004 10.500000000000002 12.972500000000002 0.89791703599889383 2.545120944855332 4.5000000000000009 3.1336247646972133 3.5000000000000004 1.2021132249015352 8.052500000000002
decision_type=2 2 2 2 10 2 2 2 2 2 2 8 2 2 8 2 8 2 2 2 2 2 10 2 2 2 2 2 2 8
left_child=2 12 9 4 6 11 -3 -7 -9 24 -6 -5 14 -14 -2 16 21 23 -8 -10 -18 -4 -20 -17 -1 26 27 28 -22 -27
right_child=1 3 15 5 10 7 18 8 19 -11 -12 -13 13 -15 -16 17 20 -19 22 -21 25 -23 -24 -25 -26 29 -28 -29 -30 -31
leaf_value=-0.0055357448833474113 0.00028838077275194444 0.00020979379664067265 -0.0051156661889665408 4.5939091323037831e-05 0.0002493166598109553 5.7798833162654005e-05 0.00022818121699538785 4.445993232529033e-05 5.7134344296810855e-05 0.00032437896435281278 -8.4974899941159252e-06 0.00022699142875152732 5.0203249511372447e-05 0.00028672195916187523 0.00034909689298673964 -0.0016296552328621816 -3.332082740195141e-05 0.00010721842315832507 0.00024359059495337586 5.5710917209178007e-05 0.00092276201912278011 0.00020498233332733926 0.00022788492071948625 0.00025599638247317475 0.0017076335630998717 0.00039819690225618927 0.0012880478452697742 3.6828286258095943e-05 -5.3302956343638713e-05 -7.2111840324028177e-06
leaf_weight=52242 404 226 2486 3413 202 732 842 397 309 3627 371 373 6587 392 540 10961 3656 5669 202 446 1555 2547 231 530 752 901 774 1831 1193 3535
leaf_count=52242 404 226 2486 3413 202 732 842 397 309 3627 371 373 6587 392 540 10961 3656 5669 202 446 1555 2547 231 530 752 901 774 1831 1193 3535
internal_value=-5.85381e-05 0.00435739 -0.000808626 0.00623538 0.0104704 0.00467841 0.013504 0.007982 0.0102368 -0.00141036 0.00247578 0.00302611 0.00251905 0.00208806 0.00567755 0.000147462 0.000654438 -0.000398486 0.0149883 0.0132829 0.00117881 -0.00074613 0.0110068 -0.000926671 -0.00153931 0.00166051 0.00243953 0.00185275 0.00306429 0.000718756
internal_weight=107926 15667 92259 7744 2074 5670 1501 1884 1152 56621 573 3786 7923 6979 944 35638 18478 17160 1275 755 13445 5033 433 11491 52994 9789 5353 4579 2748 4436
internal_count=107926 15667 92259 7744 2074 5670 1501 1884 1152 56621 573 3786 7923 6979 944 35638 18478 17160 1275 755 13445 5033 433 11491 52994 9789 5353 4579 2748 4436
is_linear=0
shrinkage=0.03


Tree=46
num_leaves=31
num_cat=0
split_feature=23 22 23 1 17 2 8 22 35 18 29 21 30 35 26 34 2 8 10 35 8 1 22 1 26 10 17 23 24 25
split_gain=377.435 58.8912 56.4295 48.1341 35.9239 33.9395 25.0698 23.8582 19.9659 16.6443 24.2191 14.4631 14.7748 14.1463 12.6656 12.2768 12.1874 12.2487 20.2018 12.0115 11.7979 11.3052 10.5396 10.2914 10.1604 9.77327 13.7123 10.7531 7.98993 7.37082
threshold=0.81455168397756517 5.3868333333333345 0.90798071010344017 0.52500000000000013 12.920000000000002 1.1480176067867423 12.500000000000002 12.568777777777779 84.750000000000014 13.962500000000002 8.0825000000000014 4.1824444553467925 4.6750000000000016 59.750000000000007 5.222500000000001 958.32500000000016 1.1840185178814904 15.500000000000002 1.5000000000000002 24.250000000000004 3.5000000000000004 -0.37499999999999994 2.6331250000000006 19.925000000000004 2.1725000000000003 11.500000000000002 9.1300000000000026 0.94688165170359218 6.3750000000000009 5.3125000000000009
decision_type=2 2 2 2 8 2 2 2 2 2 2 2 2 2 2 2 2 2 2 2 2 2 2 2 2 2 10 2 10 8
left_child=1 22 16 4 15 9 7 -6 25 -5 -11 12 -3 -9 -8 -4 -2 20 -19 -14 29 -20 -1 -12 -21 27 -27 -7 -24 -18
right_child=2 11 3 5 6 8 14 13 -10 10 23 -13 19 -15 -16 -17 17 18 21 24 -22 -23 28 -25 -26 26 -28 -29 -30 -31
leaf_value=-0.0087196729183167156 3.7522470360916656e-05 -0.0028972965356596414 0.00024972522039055055 5.3947422463636038e-05 0.00019379228354448941 0.00010725367101807936 0.00027658166486753123 0.00020609553872459268 0.00015249027164260568 4.7281313515245296e-05 5.5046419618841865e-05 0.00096516395734368306 -0.00098992520199203335 0.00021056450736953614 0.00022932377048019757 -3.3671059160008667e-06 0.00019881511349714837 0.00039725996274273087 0.00039184035121394233 -0.00029561023409518163 0.00011700262992404931 4.9010291118878143e-05 -0.004569673299786442 5.4101984814497457e-05 0.00016058356932355925 0.00024565796435845267 3.4935366021775921e-05 8.905520457176407e-06 0.0043643729441535783 0.00027135654208687462
leaf_weight=11073 4355 9557 215 650 442 732 329 235 242 411 304 2076 4128 230 208 313 332 316 310 10039 1842 507 35050 408 19890 204 210 2147 649 263
leaf_count=11073 4355 9557 215 650 442 732 329 235 242 411 304 2076 4128 230 208 313 332 316 310 10039 1842 507 35050 408 19890 204 210 2147 649 263
internal_value=-4.70046e-05 -0.000767366 0.00433235 0.00623885 0.0102398 0.00474421 0.0126832 0.00954934 0.00303813 0.00812767 0.0103378 -1.31377e-06 -0.000117885 0.014266 0.0178395 0.00350094 0.00257818 0.00387692 0.00645079 0.000174651 0.00266953 0.00391606 -0.00151562 0.0136736 0.000383944 0.00241692 0.00670167 0.00179022 -0.00126448 0.006325
internal_weight=107667 92462 15205 7280 1972 5308 1444 907 3535 1773 1123 45690 43614 465 537 528 7925 3570 1133 34057 2437 817 46772 712 29929 3293 414 2879 35699 595
internal_count=107667 92462 15205 7280 1972 5308 1444 907 3535 1773 1123 45690 43614 465 537 528 7925 3570 1133 34057 2437 817 46772 712 29929 3293 414 2879 35699 595
is_linear=0
shrinkage=0.03


Tree=47
num_leaves=31
num_cat=0
split_feature=23 23 12 2 19 2 8 20 18 29 19 18 16 21 27 32 19 2 8 10 8 32 24 31 19 10 2 15 25 17
split_gain=384.261 57.5384 53.1387 48.8035 52.5371 36.7141 26.7352 25.8503 21.8294 26.6414 17.6334 16.8585 16.2611 13.6272 13.5281 12.1051 11.8454 11.1387 14.2017 18.0413 14.8254 10.9867 14.3624 10.4293 9.95262 7.99246 7.92949 7.6918 7.58331 7.28617
threshold=0.80825339838800669 0.90342059548159825 5.5775000000000015 1.2071645822840524 7.4125000000000005 1.1480176067867423 13.500000000000002 12.505500000000003 13.962500000000002 8.0825000000000014 6.5025000000000013 13.607500000000002 15.702500000000002 3.0457313022248687 3.0020833333333341 0.99140711019144634 3.7925000000000004 1.1840185178814904 15.500000000000002 1.5000000000000002 3.5000000000000004 -0.93663652364155492 5.8250000000000011 1.3356485947649368 7.2975000000000012 4.5000000000000009 1.2151568444807845 0.46499999999999997 5.3125000000000009 6.8625000000000016
decision_type=2 2 10 2 10 2 2 2 2 2 10 2 8 2 2 2 8 2 2 2 2 2 8 2 10 2 2 2 8 10
left_child=2 17 10 5 6 8 7 -5 -3 -10 14 -6 27 21 -1 -9 -15 -2 20 -20 28 24 29 -22 -4 -11 -21 -7 -19 -23
right_child=1 3 13 4 11 12 -8 15 9 25 -12 -13 -14 16 -16 -17 -18 18 19 26 23 22 -24 -25 -26 -27 -28 -29 -30 -31
leaf_value=-0.0057825827074021929 3.7488647979050168e-05 5.2936314549646058e-05 -0.0017802018597324657 0.00018982287515890224 0.00024221602167134759 3.0626265283987555e-05 0.00026019970612384925 0.00020326260161885999 4.4238894685022512e-05 5.1031238503944641e-05 0.0011196606704526916 -4.8943337979953776e-06 0.00018133330736390412 -0.0025195617964755028 -0.0012410881380865424 0.00019994797172066646 0.0007946537328482506 0.00019019876913137999 0.0003959995206992448 8.0123914534556759e-05 0.00017036674128771632 -0.0011982734901900426 0.00017502859971116002 5.1044571006534178e-05 0.00016854278353480945 5.3409253582010319e-05 0.00036284854080207986 8.0385872475959843e-05 0.00027704647948086027 0.00053198168367506497
leaf_weight=41300 4337 761 11104 434 215 2497 490 282 403 237 1250 448 359 1004 13263 211 3646 345 337 551 279 7888 10597 1604 1267 529 245 875 258 640
leaf_count=41300 4337 761 11104 434 215 2497 490 282 403 237 1250 448 359 1004 13263 211 3646 345 337 551 279 7888 10597 1604 1267 529 245 875 258 640
internal_value=-2.07882e-05 0.00431658 -0.000761353 0.00615763 0.0100863 0.00470649 0.0133397 0.0102457 0.00806201 0.0106329 -0.00134166 0.00308533 0.00296226 0.000134767 -0.00142243 0.0149217 0.00164984 0.00252255 0.00375083 0.00652988 0.0024737 -8.91407e-05 0.000361473 0.00115519 -0.000785634 0.0139066 0.00402247 0.00230796 0.0065477 -0.000554788
internal_weight=107656 15697 91959 7741 2080 5661 1417 927 1930 1169 55813 663 3731 36146 54563 493 4650 7956 3619 1133 2486 31496 19125 1883 12371 766 796 3372 603 8528
internal_count=107656 15697 91959 7741 2080 5661 1417 927 1930 1169 55813 663 3731 36146 54563 493 4650 7956 3619 1133 2486 31496 19125 1883 12371 766 796 3372 603 8528
is_linear=0
shrinkage=0.03


Tree=48
num_leaves=31
num_cat=0
split_feature=23 2 19 22 3 16 18 8 19 8 8 10 22 2 22 22 10 21 30 32 8 31 22 31 22 8 10 31 14 28
split_gain=363.82 61.3477 62.3061 60.1062 50.6712 35.5625 25.1566 19.3962 17.1546 16.9535 14.1538 14.0971 12.4695 24.9965 18.2437 12.2261 11.7802 11.3338 13.1499 15.6005 10.9417 10.4143 10.0791 10.0763 10.0552 10.0314 12.6317 9.3602 8.07688 7.7523
threshold=0.82764931824394938 1.2021132249015352 5.7125000000000012 5.3868333333333345 8.5296305888282493 10.847500000000002 17.475000000000005 11.500000000000002 8.2225000000000019 14.500000000000002 13.500000000000002 2.5000000000000004 11.455277777777781 1.1480176067867423 12.411777777777779 12.73025 11.500000000000002 4.1824444553467925 4.6750000000000016 -0.82409480842201666 4.5000000000000009 1.2680943100042332 12.411777777777779 2.0955005567365124 2.6331250000000006 18.500000000000004 3.5000000000000004 1.3497738360493396 1.3557500998832153 1.3714708494677008
decision_type=2 2 10 2 2 10 2 2 10 2 2 2 2 2 2 2 2 2 2 2 2 2 2 2 2 2 2 2 2 2
left_child=3 6 4 24 9 -6 12 -4 17 16 15 -9 -2 14 -14 29 -3 18 -5 20 -20 -16 -15 25 -1 -21 -27 -10 -29 -7
right_child=1 2 7 8 5 10 -8 11 27 -11 -12 -13 13 22 21 -17 -18 -19 19 23 -22 -23 -24 -25 -26 26 -28 28 -30 -31
leaf_value=-0.0083396183589781684 4.1133259611041419e-05 3.7056330004296993e-05 -5.7244074257745133e-06 -0.0029519107773282936 9.6191013123241413e-05 0.00024589239093709237 6.9292319969221772e-05 0.00030438824395342495 0.00028407222485809624 0.00037778935789554763 0.0002581799445558974 5.1685943397553237e-05 4.388534963525701e-05 9.455005270835425e-05 3.992618140819637e-05 0.00019716472302475186 0.00037598924953611277 0.00089112711816628158 0.00033273481542589353 0.00016525573904908606 -0.0010072692607378789 5.008945081614202e-05 1.2249533046937433e-05 -0.00044009865669316636 -0.0041333984980850376 0.0014114262347482409 0.00030491171190602143 4.8346656026332366e-05 0.00049273631442958037 0.00013623505352074135
leaf_weight=11042 4616 545 956 9326 201 264 482 292 375 297 586 413 854 1078 208 472 308 2021 3127 10443 14635 738 1896 3802 35801 379 694 1197 289 205
leaf_count=11042 4616 545 956 9326 201 264 482 292 375 297 586 413 854 1078 208 472 308 2021 3127 10443 14635 738 1896 3802 35801 379 694 1197 289 205
internal_value=-3.79934e-05 0.00439699 0.00728279 -0.000724457 0.00995005 0.0131945 0.00306712 0.00264526 4.22519e-05 0.00503896 0.0147513 0.00640141 0.0027206 0.00379535 0.00658172 0.012333 0.00285664 -7.60945e-05 -0.000180803 9.97424e-05 -0.000505207 0.00944479 0.0021007 0.000801148 -0.00148201 0.00124312 0.00399907 0.00286013 0.00177867 0.00874051
internal_weight=107542 14411 4539 93131 2878 1728 9872 1661 46288 1150 1527 705 9390 4774 1800 941 853 44427 42406 33080 17762 946 2974 15318 46843 11516 1073 1861 1486 469
internal_count=107542 14411 4539 93131 2878 1728 9872 1661 46288 1150 1527 705 9390 4774 1800 941 853 44427 42406 33080 17762 946 2974 15318 46843 11516 1073 1861 1486 469
is_linear=0
shrinkage=0.03


Tree=49
num_leaves=31
num_cat=0
split_feature=23 1 19 20 23 16 8 8 8 20 23 2 18 29 30 32 8 8 29 26 16 33 20 25 18 19 18 5 1 35
split_gain=340.582 54.8824 55.3421 55.1672 54.2793 26.5126 23.4421 22.1079 17.1857 21.9253 15.8421 35.3848 16.4387 21.012 13.4858 13.9488 12.4526 12.1883 12.0322 10.7453 10.5292 10.4232 10.3788 9.56676 9.5225 9.93062 8.8201 8.14842 7.99111 15.4797
threshold=0.80825339838800669 0.52500000000000013 5.0525000000000011 11.546458333333335 0.19568249364984286 16.452500000000004 14.500000000000002 3.5000000000000004 13.500000000000002 12.505500000000003 0.90798071010344017 1.1480176067867423 13.962500000000002 7.8875000000000011 4.6250000000000009 -0.82409480842201666 5.5000000000000009 10.500000000000002 3.9675000000000007 4.6775000000000011 5.1075000000000008 -0.16504132135358066 3.5205000000000006 6.1975000000000007 2.5525000000000007 7.3325000000000014 10.002500000000003 0.55219702195825249 2.8250000000000006 48.250000000000007
decision_type=2 2 10 2 2 8 2 2 2 2 2 2 2 2 2 2 2 2 2 2 10 2 2 10 2 10 2 2 2 2
left_child=4 2 3 6 22 10 7 -2 9 -5 -3 12 21 -14 -6 16 -16 -4 20 -11 26 -12 -1 -19 -18 -26 -17 -27 29 -13
right_child=1 5 17 8 14 -7 -8 -9 -10 19 11 28 13 -15 15 18 24 23 -20 -21 -22 -23 -24 -25 25 27 -28 -29 -30 -31
leaf_value=-0.0062851034023677955 0.0002842063316874142 4.4598994304698169e-05 -6.2723548571497202e-06 0.00017993062883803868 -0.0021180529379571478 0.00013685299403779825 0.00038177063648698288 8.2889945189834345e-05 0.00021829436141150612 0.000186983428168912 5.5298315033879617e-05 0.00022178567299722338 4.1409044319984378e-05 4.9275232612337573e-05 0.00033417953912139638 -0.0020131649956981771 0.0037252132942831614 0.00026996286522548918 0.00025181402898934537 0.00019202473045989209 -7.4071655916795314e-05 1.8703475045087624e-05 -0.0034491523971600644 2.7161839830377069e-05 -0.0015800045030693866 0.0010575522084443289 0.002023955010667159 2.2580566315253404e-05 2.0201607541372457e-05 4.642050746259896e-05
leaf_weight=23724 281 6042 831 297 10491 377 543 791 406 216 257 204 336 678 3985 269 320 354 8169 261 7783 387 22486 210 13347 323 351 981 2567 562
leaf_count=23724 281 6042 831 297 10491 377 543 791 406 216 257 204 336 678 3985 269 320 354 8169 261 7783 387 22486 210 13347 323 351 981 2567 562
internal_value=-1.16575e-05 0.00408715 0.00702265 0.00945536 -0.000705131 0.00300657 0.00582407 0.00322563 0.0143797 0.0116149 0.00273609 0.00398659 0.00756224 0.00993916 2.41823e-05 0.000303267 -0.000252519 0.00213214 0.000938891 0.0155788 0.00014165 0.00377196 -0.00143135 0.00551494 -0.000649239 -0.000761668 0.003888 0.00173262 0.00219922 0.00487938
internal_weight=107829 15600 4190 2795 92229 11410 1615 1072 1180 774 11033 4991 1658 1014 46019 35528 18956 1395 16572 477 8403 644 46210 564 14971 14651 620 1304 3333 766
internal_count=107829 15600 4190 2795 92229 11410 1615 1072 1180 774 11033 4991 1658 1014 46019 35528 18956 1395 16572 477 8403 644 46210 564 14971 14651 620 1304 3333 766
is_linear=0
shrinkage=0.03


Tree=50
num_leaves=31
num_cat=0
split_feature=23 23 1 19 22 1 8 22 23 35 22 2 8 10 9 11 8 2 28 12 19 26 33 19 9 26 24 18 35 27
split_gain=325.92 57.6145 55.7827 54.5316 46.1906 32.8148 27.2802 27.6314 19.5014 14.3912 13.7451 12.0383 11.8485 21.2521 13.8847 11.6728 11.49 11.2942 12.0681 9.41313 9.27283 9.15521 8.58303 8.32411 8.61507 8.08239 10.0092 7.98403 7.81888 8.87937
threshold=0.79096381780526615 0.90342059548159825 0.52500000000000013 9.422500000000003 6.0841666666666674 14.875000000000002 12.500000000000002 12.568777777777779 0.96298446984074682 83.750000000000014 2.6331250000000006 1.1831704430050491 13.500000000000002 1.5000000000000002 1.5000000000000002 9.1825000000000028 3.5000000000000004 1.2082683260917315 2.071288849762194 11.577500000000002 3.5075000000000007 4.8125000000000009 0.39073112848927366 5.7875000000000005 2.5000000000000004 3.5575000000000006 8.7250000000000014 14.692500000000003 41.250000000000007 3.0329166666666674
decision_type=2 2 2 10 2 2 2 2 2 2 2 2 2 2 2 2 2 2 2 10 10 2 2 10 2 2 8 2 2 2
left_child=4 11 3 6 10 9 7 -3 -7 -4 -1 -2 16 15 -15 -14 20 18 22 23 -13 -9 28 -6 25 26 -25 -5 -12 -30
right_child=1 2 5 27 19 8 -8 21 -10 -11 17 12 13 14 -16 -17 -18 -19 -20 -21 -22 -23 -24 24 -26 -27 -28 -29 29 -31
leaf_value=-0.0079458635013373372 3.273695287777545e-05 0.00018543589621387025 4.2233104683151443e-05 0.00019824098434350997 -0.00018340728231915459 4.5249822814445173e-05 0.00020925427978747428 0.0001823007870403918 4.7680653068409753e-05 0.00011534114967173936 -0.0059204424879207209 0.00026468684325330007 0.00038368317297194808 0.00039439426737193363 7.183345487964399e-05 0.00028665345128847441 7.0110267244204432e-05 -0.0080186633445923847 0.0025496827878879491 0.00041047887983194361 7.7483274913558989e-05 0.00018626398854609594 -0.00020645641453399086 0.00038089899511058487 2.4482969556235369e-06 -1.2617376952681535e-05 0.00096501290449165444 -7.9460413331544638e-06 -0.0033749782117385063 0.0010664794031642211
leaf_weight=11044 5020 548 3461 256 25041 1206 568 204 633 302 8551 359 209 265 837 263 1886 7074 2254 1037 313 226 7063 1961 5667 1401 638 292 16045 2782
leaf_count=11044 5020 548 3461 256 25041 1206 568 204 633 302 8551 359 209 265 837 263 1886 7074 2254 1037 313 226 7063 1961 5667 1401 638 292 16045 2782
internal_value=-1.91608e-05 0.00381155 0.00572419 0.009899 -0.000732022 0.00415623 0.0127737 0.00965005 0.00743655 0.00254538 -0.00127912 0.00220094 0.00339956 0.00544522 0.00313821 0.0107421 0.00213266 -0.00104028 -0.000828475 0.000106992 0.00548597 0.0153103 -0.000967689 2.26421e-05 0.000770161 0.00183521 0.00282373 0.00174683 -0.0012082 -0.000866133
internal_weight=107406 16848 7696 2094 90558 5602 1546 978 1839 3763 54813 9152 4132 1574 1102 472 2558 43769 36695 35745 672 430 34441 34708 9667 4000 2599 548 27378 18827
internal_count=107406 16848 7696 2094 90558 5602 1546 978 1839 3763 54813 9152 4132 1574 1102 472 2558 43769 36695 35745 672 430 34441 34708 9667 4000 2599 548 27378 18827
is_linear=0
shrinkage=0.03


Tree=51
num_leaves=31
num_cat=0
split_feature=23 1 19 22 22 8 8 16 14 27 22 12 10 2 22 18 8 22 8 10 19 9 33 10 1 18 10 8 19 0
split_gain=327.609 52.5392 56.0984 61.7165 47.2574 36.3998 22.2953 21.721 14.7378 12.6836 11.3746 10.5965 10.4653 10.6273 25.3707 10.2112 9.57575 14.8246 9.54838 13.8196 9.00963 11.6488 8.98608 8.7506 8.30277 8.1756 8.69766 7.98913 12.7445 7.56889
threshold=0.80825339838800669 0.37500000000000006 5.0525000000000011 11.954458333333335 5.3868333333333345 14.500000000000002 3.5000000000000004 15.702500000000002 1.0999545445153665 8.1483333333333352 2.7916666666666674 11.202500000000002 1.5000000000000002 1.1460264219388197 12.095486111111112 10.987500000000002 13.500000000000002 12.568777777777779 10.500000000000002 2.5000000000000004 5.3975000000000009 3.5000000000000004 0.47714059151611404 11.500000000000002 7.2250000000000005 2.8275000000000006 7.5000000000000009 12.500000000000002 9.5025000000000013 13.132500000000002
decision_type=2 2 10 2 2 2 2 8 2 2 2 10 2 2 2 2 2 2 2 2 10 2 2 2 2 2 2 2 8 2
left_child=4 2 3 5 10 6 -2 8 9 12 -1 15 -3 14 27 20 17 -5 -4 -20 25 -22 -12 -8 -9 26 -6 28 -14 -11
right_child=1 7 18 16 11 -7 23 24 -10 29 22 -13 13 -15 -16 -17 -18 -19 19 -21 21 -23 -24 -25 -26 -27 -28 -29 -30 -31
leaf_value=-0.0073397823893732728 0.00026773953010777806 0.00036019635370992508 -5.1261233172927851e-06 0.00016825508157927382 0.0049973268836697449 0.00034943880395424062 -0.00030777418812696574 0.00020866774598103126 5.45718891244946e-05 8.2459669693363269e-05 -0.0042065780652344471 0.00021704100836439911 5.4976887365660921e-05 2.6395902097452541e-05 4.6328626628317046e-05 0.00014175395919526767 0.00018977321467372049 0.00017910302528590936 0.00026632003247733523 5.6998374619533062e-07 0.00048953618834753131 -0.00046039065340557013 0.00030662579745968112 0.00023318944515196636 3.4195717418183976e-05 -0.00085355392495423056 -0.0036758035926635424 -4.6473613022235407e-06 1.9176441350287321e-05 4.9304548773940746e-05
leaf_weight=13236 331 267 805 201 346 635 584 260 2100 246 28879 1569 345 4974 572 6728 298 449 249 261 5016 4508 4722 314 361 26749 247 1255 698 507
leaf_count=13236 331 267 805 201 346 635 584 260 2100 246 28879 1569 345 4974 572 6728 298 449 249 261 5016 4508 4722 314 361 26749 247 1255 698 507
internal_value=-2.34511e-05 0.00397938 0.00688504 0.00927369 -0.000707245 0.00607705 0.00304133 0.00294176 0.00262996 0.00209246 -0.00137486 -1.48121e-05 0.00174433 0.00154262 0.00299478 -0.000102113 0.0154942 0.0132366 0.00176136 0.00495146 -0.000298284 0.000496169 -0.00108115 0.000571428 0.00838179 -0.000575055 0.00289465 0.00157881 0.0035124 0.00580607
internal_weight=107712 15712 4127 2812 92000 1864 1229 11585 10964 8864 46837 45163 8111 7844 2870 43594 948 650 1315 510 36866 9524 33601 898 621 27342 593 2298 1043 753
internal_count=107712 15712 4127 2812 92000 1864 1229 11585 10964 8864 46837 45163 8111 7844 2870 43594 948 650 1315 510 36866 9524 33601 898 621 27342 593 2298 1043 753
is_linear=0
shrinkage=0.03


Tree=52
num_leaves=31
num_cat=0
split_feature=23 1 19 23 20 8 20 8 34 27 21 18 35 1 23 1 18 30 12 8 26 10 30 35 10 19 28 10 34 14
split_gain=313.69 55.6765 49.2759 59.1074 48.6573 30.9437 26.7817 14.3201 14.2074 13.2923 13.1969 12.5446 12.462 11.0833 10.2399 22.1941 12.679 18.012 9.91791 9.80378 12.5793 8.55032 8.33987 9.19139 8.32227 8.02923 9.30212 11.0183 9.37276 10.3167
threshold=0.81455168397756517 0.37500000000000006 5.5025000000000013 0.94688165170359218 5.7655000000000003 14.500000000000002 14.906666666666668 4.5000000000000009 956.22500000000014 2.6435416666666671 4.1824444553467925 17.475000000000005 35.250000000000007 0.20000000000000007 0.90342059548159825 14.875000000000002 13.962500000000002 14.125000000000002 11.202500000000002 13.500000000000002 4.6775000000000011 11.500000000000002 4.3250000000000011 37.750000000000007 2.5000000000000004 11.022500000000003 2.4867781611190383 11.500000000000002 961.22500000000014 0.82081006734824025
decision_type=2 2 10 2 2 2 2 2 2 2 2 2 2 2 2 2 2 2 10 2 2 2 2 2 2 10 2 2 2 2
left_child=4 2 3 5 9 7 14 -2 -4 -1 18 -8 -11 -14 24 25 -17 -18 22 20 -5 -9 -6 -24 -3 26 27 28 29 -16
right_child=1 6 8 19 10 -7 11 21 -10 12 -12 -13 13 -15 15 16 17 -19 -20 -21 -22 -23 23 -25 -26 -27 -28 -29 -30 -31
leaf_value=-0.0053872943391927398 0.00024871405205246887 0.00030059545867637039 0.00024982489318307264 0.00017045276274149312 -0.0031721066564992626 0.00030132880849989774 4.263078273934341e-05 -0.00024223845839509088 7.3477593092152733e-06 -0.0057583061113397598 0.00090743463964446905 0.00012791171696489357 -0.0075829109846542748 0.0010447750505299435 4.2975547058091719e-06 4.4831923894451671e-05 2.8721943755597446e-05 4.724469774374412e-05 0.00022809414041926156 0.00017824957069504708 0.00017372993452733243 0.00021123454862667889 -0.00027932130188057736 9.5938566994190343e-05 3.3475849678160642e-05 -1.6389583300491226e-05 5.9077179180466734e-06 0.00022747810788468603 0.00011624356844376437 0.00010147787529119046
leaf_weight=33387 393 415 385 237 6099 631 384 497 932 6678 1852 282 2124 8739 923 711 379 525 1370 293 357 281 9595 22741 5140 544 1025 258 390 259
leaf_count=33387 393 415 385 237 6099 631 384 497 932 6678 1852 282 2124 8739 923 711 379 525 1370 293 357 281 9595 22741 5140 544 1025 258 390 259
internal_value=-2.65979e-05 0.00396084 0.00699626 0.00932183 -0.000683174 0.00617266 0.00287589 0.00326275 0.00223071 -0.00130513 7.72639e-05 0.0086915 -0.000636214 -9.11003e-06 0.00250548 0.00348834 0.00637963 0.00873267 -3.80565e-05 0.0156491 0.013202 0.000888888 -0.000127602 6.43758e-05 0.00161601 0.00210723 0.00274301 0.0040218 0.00305897 0.00171356
internal_weight=107826 15241 4006 2689 92585 1802 11235 1171 1317 50928 41657 666 17541 10863 10569 5014 1615 904 39805 887 594 778 38435 32336 5555 3399 2855 1830 1572 1182
internal_count=107826 15241 4006 2689 92585 1802 11235 1171 1317 50928 41657 666 17541 10863 10569 5014 1615 904 39805 887 594 778 38435 32336 5555 3399 2855 1830 1572 1182
is_linear=0
shrinkage=0.03


Tree=53
num_leaves=31
num_cat=0
split_feature=23 23 1 22 19 1 8 22 22 26 29 25 16 21 19 10 8 2 3 22 25 35 1 26 30 35 8 35 34 10
split_gain=295.101 52.0189 53.2444 47.6918 46.3019 34.2649 23.1247 25.4106 17.4842 16.3726 15.6765 14.9994 14.107 12.1726 11.9068 11.0337 26.6007 13.0208 12.088 10.8849 9.96834 11.2973 9.42445 10.44 9.16996 10.7849 8.8504 8.42096 7.6075 12.7428
threshold=0.80825339838800669 0.90342059548159825 0.52500000000000013 5.3868333333333345 9.422500000000003 14.875000000000002 13.500000000000002 12.568777777777779 12.095486111111112 4.6775000000000011 6.9475000000000007 4.4775000000000009 15.702500000000002 4.1108554205072929 5.3975000000000009 1.5000000000000002 12.500000000000002 1.2367646876684808 10.232097046796989 2.6331250000000006 5.6225000000000014 75.250000000000014 23.425000000000004 4.4625000000000012 4.6750000000000016 49.250000000000007 13.500000000000002 52.250000000000007 951.72500000000014 3.5000000000000004
decision_type=2 2 2 2 10 2 2 2 2 2 2 10 8 2 10 2 2 2 2 2 8 2 2 2 2 2 2 2 2 2
left_child=3 15 4 19 6 12 7 -3 -7 -9 -10 -12 20 14 24 16 -2 -17 -18 -1 27 -22 23 -13 -5 -26 -6 -4 29 -21
right_child=1 2 5 13 26 8 -8 9 10 -11 11 22 -14 -15 -16 17 18 -19 -20 28 21 -23 -24 -25 25 -27 -28 -29 -30 -31
leaf_value=-0.0073256752944402372 8.7683490728112097e-05 0.00017026787093846283 0.00010630791835314013 -0.0041545670031450047 -7.2668854482504926e-06 3.1031525602818628e-05 0.00018640660102987866 0.00016533917985924739 2.1374659440253074e-05 0.00017009108009531702 4.2507257462559564e-05 4.3851563225738269e-05 0.00018045206710018413 0.00097495681600749998 0.00011769723008431839 3.7589499158033892e-05 0.00034037259933833886 0.00022587461783793894 0.00026302318684766731 0.007926820241861145 -1.8734453234448e-06 0.00011101596116564315 3.2823847158736093e-05 4.5797158412428373e-05 -0.00064577680464213128 0.0001739918297467087 0.00018841680229943032 5.9151689644362237e-05 -0.0052625401174011188 -0.0025330449825362081
leaf_weight=11024 497 552 200 7128 318 488 525 222 216 256 225 240 350 2309 12945 6566 269 402 200 616 1988 391 225 481 10640 12121 201 826 17955 17111
leaf_count=11024 497 552 200 7128 318 488 525 222 216 256 225 240 350 2309 12945 6566 269 402 200 616 1988 391 225 481 10640 12121 201 826 17955 17111
internal_value=-5.15487e-05 0.00375733 0.00551278 -0.00070021 0.00961905 0.0039929 0.0122019 0.00950725 0.00730053 0.0145466 0.00901509 0.0103801 0.00233378 -4.85143e-06 -0.000119331 0.00205038 0.0050484 0.00163143 0.0101329 -0.00137223 0.00173754 0.000668204 0.0120315 0.0137149 -0.000448485 -0.00015431 0.00183779 0.00420175 -0.00111738 -0.000676236
internal_weight=107487 15638 7704 91849 2074 5630 1555 1030 1875 478 1387 1171 3755 45143 42834 7934 966 6968 469 46706 3405 2379 946 721 29889 22761 519 1026 35682 17727
internal_count=107487 15638 7704 91849 2074 5630 1555 1030 1875 478 1387 1171 3755 45143 42834 7934 966 6968 469 46706 3405 2379 946 721 29889 22761 519 1026 35682 17727
is_linear=0
shrinkage=0.03


Tree=54
num_leaves=31
num_cat=0
split_feature=23 23 1 12 19 1 19 21 35 27 10 33 1 21 10 17 35 1 9 27 35 24 28 1 24 34 32 25 23 21
split_gain=288.421 48.5549 51.5401 47.5761 47.0847 34.6576 18.3953 17.4719 21.0408 14.9519 15.3729 17.2149 13.561 13.8967 13.2697 16.1812 13.199 13.1289 20.7626 19.5361 13.976 12.2869 11.6532 11.6217 10.9012 10.8629 10.034 9.03905 8.79667 8.38994
threshold=0.80825339838800669 0.90342059548159825 0.52500000000000013 5.4625000000000012 9.422500000000003 14.875000000000002 6.8825000000000012 2.1823855449113685 58.750000000000007 6.4714583333333335 5.5000000000000009 -0.16504132135358066 0.20000000000000007 4.1824444553467925 1.5000000000000002 8.6525000000000016 24.250000000000004 5.2750000000000012 1.5000000000000002 8.1483333333333352 56.750000000000007 4.8750000000000009 2.5122922798215845 -6.1749999999999989 5.7750000000000012 967.97500000000014 -0.93663652364155492 5.9025000000000007 0.037494719773921222 3.0672925066296366
decision_type=2 2 2 10 10 2 10 2 2 2 2 2 2 2 2 8 2 2 2 2 2 8 2 2 10 2 2 8 2 2
left_child=3 14 4 6 7 17 12 -3 -9 -7 11 -11 -1 22 15 -2 -5 18 -4 20 -20 25 28 -16 -10 -18 29 -19 -14 -23
right_child=1 2 5 16 -6 9 -8 8 24 10 -12 -13 13 -15 23 -17 21 27 19 -21 -22 26 -24 -25 -26 -27 -28 -29 -30 -31
leaf_value=-0.0079229266809612026 0.00021224819050780219 0.00016601117046889823 -1.6078711646828615e-05 -0.0011016763138885844 4.116231445296048e-05 4.6899822436291738e-05 0.0013079099185706966 0.00021022897409117021 0.00015557985475526571 4.8370889820336777e-05 2.7538223341841972e-05 3.5330555870846039e-05 -0.0064559052084605002 0.0024347773393030778 0.00020723468656647361 0.00026839746749198645 -0.0010701906917336957 4.2819532899784905e-05 0.00019536717203783583 0.00019590355313955032 3.9537775840811535e-05 -0.00014541184390383431 0.0036811678543969993 3.8387659751741808e-05 8.0141191629932873e-05 0.0057344801018935788 0.00027974195831077233 -3.1455138142268978e-06 -0.0027463154860632032 0.00076038924031661425
leaf_weight=10007 394 581 426 4280 536 673 782 455 229 326 415 444 10498 1169 392 544 9923 811 430 226 481 8108 690 6517 286 224 13708 1414 31404 1229
leaf_count=10007 394 581 426 4280 536 673 782 455 229 326 415 444 10498 1169 392 544 9923 811 430 226 481 8108 690 6517 286 224 13708 1414 31404 1229
internal_value=-3.12319e-06 0.00377093 0.00545761 -0.000642269 0.00948327 0.00396248 -0.00120759 0.0121253 0.00956923 0.00731401 0.00934034 0.0118452 -0.00127413 -0.00104609 0.00210634 0.00544645 0.00018075 0.0023111 0.0044139 0.00652277 0.00451637 0.000382986 -0.00113473 0.00164926 0.00533654 -0.000486703 0.000765943 0.000827354 -0.00119851 7.38528e-06
internal_weight=107602 15580 7733 92022 2087 5646 54550 1551 970 1858 1185 770 53768 43761 7847 938 37472 3788 1563 1137 911 33192 42592 6909 515 10147 23045 2225 41902 9337
internal_count=107602 15580 7733 92022 2087 5646 54550 1551 970 1858 1185 770 53768 43761 7847 938 37472 3788 1563 1137 911 33192 42592 6909 515 10147 23045 2225 41902 9337
is_linear=0
shrinkage=0.03


Tree=55
num_leaves=31
num_cat=0
split_feature=22 1 8 22 35 22 26 18 2 28 35 30 35 26 32 32 20 26 26 31 28 26 32 19 25 1 1 31 10 9
split_gain=270.404 58.0778 52.6393 46.5379 27.268 25.1063 35.9409 23.5286 17.355 15.5725 14.2701 12.9609 15.243 12.3014 11.9661 11.2701 11.0672 10.6419 9.54058 8.57646 8.17616 8.13418 8.06443 10.1816 10.1773 8.8755 7.78453 17.2731 7.66938 7.32799
threshold=9.9912916666666707 0.37500000000000006 13.500000000000002 4.6530555555555564 56.750000000000007 11.455277777777781 5.4375000000000009 17.475000000000005 1.2423456509151742 1.7316586457878742 73.250000000000014 4.6250000000000009 38.250000000000007 6.3775000000000013 0.95368063612909471 -0.82409480842201666 14.906666666666668 3.3675000000000006 2.3825000000000003 1.9977663037377935 2.0061776985086772 4.307500000000001 0.87878364999916148 5.3575000000000008 3.4575000000000005 18.575000000000006 23.925000000000004 1.3286891577234805 7.5000000000000009 4.5000000000000009
decision_type=2 2 2 2 2 2 2 2 2 2 2 2 2 2 2 2 2 2 2 2 2 2 2 10 10 2 2 2 2 2
left_child=3 2 4 20 9 14 -7 13 19 -2 -10 22 15 28 -4 -13 -9 -17 -14 21 -1 -6 23 -5 25 -25 27 -15 -3 -19
right_child=1 7 5 11 8 6 -8 16 10 -11 -12 12 18 26 -16 17 -18 29 -20 -21 -22 -23 -24 24 -26 -27 -28 -29 -30 -31
leaf_value=-0.0049055287799226709 0.00019665028485236271 4.05007106095101e-05 0.00022738960256898534 -0.0008265857196863613 5.000815050527518e-05 0.00020039976174023198 0.0001568866305524963 5.4268940192859483e-05 0.00021420459471279803 0.00015550184510873533 0.00019354135279611606 -0.0026281336761041626 -6.1907332642985438e-06 5.7451809599633321e-05 0.00029000962947760999 -0.00038396742433402607 0.00011278369684875388 0.00088646717693405003 0.00023080700678300702 -0.00055824511278419167 0.0014764689925332031 0.00017164824133890117 -0.004202170118556444 0.0013391090977448073 -0.0028370817328755215 0.0052508055105350776 -1.3812291669729192e-05 5.0664697923833433e-05 2.4737987835012906e-05 -0.00025808075527175171
leaf_weight=36236 208 5030 302 4364 642 389 250 242 204 298 241 7217 12830 216 417 2911 276 1831 14292 554 1671 367 9279 200 235 252 205 796 4865 738
leaf_count=36236 208 5030 302 4364 642 389 250 242 204 298 241 7217 12830 216 417 2911 276 1831 14292 554 1671 367 9279 200 235 252 205 796 4865 738
internal_value=-3.78762e-05 0.00362701 0.00680784 -0.000655197 0.0042231 0.0115598 0.0158898 0.00256553 0.00264083 0.0104149 0.00783333 -9.07973e-05 0.00018765 0.00227166 0.00762845 -0.000670053 0.00878776 0.000355514 0.000589228 0.00114222 -0.00146131 0.00278402 -0.000864319 0.000100276 0.00348121 0.0060919 0.00511375 0.00618879 0.0019197 0.00176107
internal_weight=107558 15502 3872 92056 2514 1358 639 11630 2008 506 445 54149 39819 11112 719 12697 518 5480 27122 1563 37907 1009 14330 5051 687 452 1217 1012 9895 2569
internal_count=107558 15502 3872 92056 2514 1358 639 11630 2008 506 445 54149 39819 11112 719 12697 518 5480 27122 1563 37907 1009 14330 5051 687 452 1217 1012 9895 2569
is_linear=0
shrinkage=0.03


Tree=56
num_leaves=31
num_cat=0
split_feature=22 1 8 22 22 26 22 32 26 8 21 24 33 24 30 32 31 18 21 2 32 10 10 10 34 15 31 29 1 31
split_gain=255.446 47.5304 45.3165 39.9234 26.7269 37.7988 26.2571 36.7337 21.921 14.8328 12.3894 11.5738 11.2598 11.162 10.4904 20.6016 12.7801 10.2717 10.2045 9.98891 9.79676 9.55952 9.17643 8.55836 10.1316 7.93305 10.5741 7.36825 7.35117 9.35131
threshold=9.6897222222222243 0.37500000000000006 14.500000000000002 4.6530555555555564 11.455277777777781 5.4375000000000009 12.568777777777779 0.99140711019144634 6.3775000000000013 3.5000000000000004 2.3573811384143606 5.4250000000000016 -0.13917310096006555 6.3750000000000009 5.8250000000000011 0.67556448321067852 1.7754886279100421 17.475000000000005 3.1336247646972133 1.1389149935488161 0.97233289553061597 11.500000000000002 1.5000000000000002 1.5000000000000002 967.22500000000014 1.6650000000000005 1.6493622656413358 5.9225000000000012 23.675000000000004 1.4033791860693323
decision_type=2 2 2 2 2 2 2 2 2 2 2 10 2 10 2 2 2 2 2 2 2 2 2 2 2 2 2 2 2 2
left_child=3 2 6 13 10 -6 9 -8 17 11 20 -2 -10 -1 23 16 18 22 -16 -18 -4 27 -3 -5 -25 -24 -27 -11 29 -14
right_child=1 8 4 14 5 -7 7 -9 12 21 -12 -13 28 -15 15 -17 19 -19 -20 -21 -22 -23 25 24 -26 26 -28 -29 -30 -31
leaf_value=-0.0046821348731985865 0.00034724673570576514 0.0003206887997136465 0.00025070097445753503 -0.007469040541104816 0.0002070633861646376 0.00015099307989748566 0.00014920271986758937 0.00014940707988747248 6.8909983017351181e-05 -0.0012519285315338569 0.00011427992473560521 0.0001611923227961942 5.3638807851230651e-05 0.0073089723829598005 -0.0019790906983312572 0.00025518263423803477 -0.00050265394281792284 5.8419127767499466e-05 0.00056559714396257172 0.00072775081824787201 0.00036295578389581424 0.00016883540536947959 2.7479008399387738e-05 -0.00088278863694001833 0.0049279586997717411 4.0395632256784439e-05 0.00012037154211743909 0.00016728915297125577 -3.2100631441056568e-05 3.7788521137260832e-05
leaf_weight=37522 245 303 214 2796 337 232 433 217 694 779 402 348 249 411 11742 10609 2595 385 1496 2844 215 610 10527 19627 439 347 213 313 201 266
leaf_count=37522 245 303 214 2796 337 232 433 217 694 779 402 348 249 411 11742 10609 2595 385 1496 2844 215 610 10527 19627 439 347 213 313 201 266
internal_value=-5.0207e-05 0.00326262 0.00598276 -0.000695037 0.0104199 0.0154233 0.00385932 0.0091603 0.00236429 0.0023413 0.00692225 0.00640635 0.00589399 -0.00143547 -0.000156348 0.000219589 -0.000380099 0.0019393 -0.000883033 0.00084368 0.0104447 0.000910368 0.00177446 -0.000637863 -0.000420906 0.00163172 0.00509734 -0.000771195 0.00322053 0.00510577
internal_weight=107611 17530 4345 90081 1400 569 2945 650 13185 2295 831 593 1410 37933 52148 29286 18677 11775 13238 5439 429 1702 11390 22862 20066 11087 560 1092 716 515
internal_count=107611 17530 4345 90081 1400 569 2945 650 13185 2295 831 593 1410 37933 52148 29286 18677 11775 13238 5439 429 1702 11390 22862 20066 11087 560 1092 716 515
is_linear=0
shrinkage=0.03


Tree=57
num_leaves=31
num_cat=0
split_feature=22 2 22 22 8 27 32 32 21 20 30 32 11 14 18 9 2 8 5 10 22 1 33 27 22 24 8 2 9 11
split_gain=239.727 47.1611 49.6242 39.1053 26.8093 23.6489 21.9872 19.9809 26.3828 16.8786 16.0647 13.591 13.303 11.2867 11.0051 10.8513 10.0733 9.15886 9.73604 9.07555 9.02073 16.8101 10.77 13.249 9.70161 8.94633 8.72859 8.90405 8.49338 7.56351
threshold=9.6897222222222243 1.2076058377359182 11.56854166666667 3.6888750000000008 13.500000000000002 7.4329166666666673 0.99140711019144634 0.98624804680367306 2.4209809908347126 14.906666666666668 4.6750000000000016 -0.82409480842201666 8.4425000000000026 1.778571524185826 17.475000000000005 4.5000000000000009 1.1389149935488161 8.5000000000000018 0.78641630985364597 1.5000000000000002 11.455277777777781 14.875000000000002 -0.16504132135358066 6.4714583333333335 12.568777777777779 6.3750000000000009 11.500000000000002 1.2264344023955627 2.5000000000000004 10.542500000000002
decision_type=2 2 2 2 2 2 2 2 2 2 2 2 2 2 2 2 2 2 2 2 2 2 2 2 2 10 2 2 2 2
left_child=3 9 7 -1 6 -6 28 26 -9 13 25 12 -12 19 -11 -10 -14 -13 -19 -2 -21 24 23 -23 -22 -5 -3 -28 -4 -20
right_child=1 2 4 10 5 -7 -8 8 15 14 11 17 16 -15 -16 -17 -18 18 29 20 21 22 -24 -25 -26 -27 27 -29 -30 -31
leaf_value=-0.0051222298786608202 0.0003116696730533607 -0.00011643984083907765 0.00017682001603808775 -0.0030181842629697156 0.00018979270198571846 0.00014641070934705535 0.000144366136612921 0.00034431357772214064 0.00019176143524012867 3.455637084623708e-05 -0.0018603409965371209 -0.00019336475210128534 -0.00065301059134031643 6.5796413318053304e-05 8.2634289333033493e-05 -0.00052385736001817952 0.00046163551971562569 0.0003396388120065299 0.0010639099540038065 2.9389496452666892e-05 5.0271498463319015e-05 4.0177607120519973e-05 2.4152081958870309e-05 3.9482773565938959e-05 -1.9530165758785412e-06 0.0033577726574823552 0.00027042066707640974 -5.0264577076260955e-05 4.4613462338550821e-05 0.00010469755269707281
leaf_weight=25072 300 763 270 21752 349 232 369 445 517 375 16790 4862 3300 808 256 283 3405 13895 205 6870 1341 298 945 337 1691 380 440 236 459 265
leaf_count=25072 300 763 270 21752 349 232 369 445 517 375 16790 4862 3300 808 256 283 3405 13895 205 6870 1341 298 945 337 1691 380 440 236 459 265
internal_value=-5.6923e-05 0.00314617 0.00584959 -0.000683391 0.00988895 0.0150973 0.00707706 0.00330904 0.006084 0.00225215 -0.000294362 4.54974e-05 -0.000438511 0.00201032 0.00702358 0.00279503 0.000690759 0.000636907 0.00101774 0.00177348 0.00163698 0.00266277 0.00516719 0.00817969 0.00135133 -0.000950265 0.000895429 0.00336564 0.00400954 0.0052421
internal_weight=107510 17584 4363 89926 1679 581 1098 2684 1245 13221 64854 42722 23495 12590 631 800 6705 19227 14365 11782 11482 4612 1580 635 3032 22132 1439 676 729 470
internal_count=107510 17584 4363 89926 1679 581 1098 2684 1245 13221 64854 42722 23495 12590 631 800 6705 19227 14365 11782 11482 4612 1580 635 3032 22132 1439 676 729 470
is_linear=0
shrinkage=0.03


Tree=58
num_leaves=31
num_cat=0
split_feature=23 1 19 11 16 12 31 18 2 20 35 20 9 34 11 19 12 8 20 21 21 10 23 2 33 10 1 9 11 18
split_gain=240.295 47.6805 47.2827 55.1717 43.1645 40.7493 22.2762 20.239 14.9842 15.2817 13.6465 12.5719 11.0615 11.0251 11.0169 10.2735 9.5602 9.22937 8.99879 8.89654 8.7992 9.34649 8.51688 21.7206 11.2665 14.0986 10.0716 15.4188 8.27293 8.03381
threshold=0.81455168397756517 0.37500000000000006 5.5025000000000013 8.4425000000000026 10.847500000000002 5.4625000000000012 1.4913461218421669 17.475000000000005 1.2082683260917315 3.1568333333333336 24.250000000000004 14.906666666666668 4.5000000000000009 956.72500000000014 12.527500000000002 6.8825000000000012 7.4525000000000015 11.500000000000002 12.827916666666669 3.0871055737522339 4.8701828959174618 11.500000000000002 0.90342059548159825 1.1480176067867423 -0.16504132135358066 5.5000000000000009 5.4750000000000005 1.5000000000000002 12.922500000000001 13.377500000000003
decision_type=2 2 10 2 10 10 2 2 2 2 2 2 2 2 2 10 10 2 2 2 2 2 2 2 2 2 2 2 2 2
left_child=5 2 3 12 -5 8 -6 22 9 -1 -7 -9 16 14 -4 20 -2 18 -8 -12 21 -11 -3 24 25 28 27 -25 -24 -28
right_child=1 7 13 4 6 10 17 11 -10 15 19 -13 -14 -15 -16 -17 -18 -19 -20 -21 -22 -23 23 26 -26 -27 29 -29 -30 -31
leaf_value=-0.0049209777053705614 0.00012522423687210798 3.5173607729142018e-05 0.00020080088960882525 -0.00012380821979683415 0.00014462054730173386 -0.0012135527214948208 0.00017898859160909495 5.2061687753534524e-05 -0.0072769205126712337 -0.0022005073601003098 4.3084769098889213e-05 0.00010485385777277866 -0.00011477394873442934 -9.9244613566257748e-06 0.00024097711751894013 0.0013290818198476505 0.00027021273584145817 0.00020142065166384851 0.00014507788326105107 0.00057838991562704218 0.0035157718761326395 0.0035878927568014094 3.665569644723935e-05 -1.7336176265619767e-05 2.5406110786653225e-05 3.549462071346388e-05 2.8980499974702312e-05 0.00012207012629926421 4.0836900563419044e-05 -6.7492663780354658e-06
leaf_weight=15309 360 5568 204 202 279 4242 320 244 10296 27058 29052 284 328 865 214 747 501 403 240 4279 451 1055 207 444 964 225 620 1132 241 1315
leaf_count=15309 360 5568 204 202 279 4242 320 244 10296 27058 29052 284 328 865 214 747 501 403 240 4279 451 1055 207 444 964 225 620 1132 241 1315
internal_value=-4.23308e-05 0.00345796 0.00630757 0.00860538 0.0125383 -0.000616224 0.0146223 0.00246315 -0.00113705 -0.000898824 0.000145058 0.00817261 0.00379648 0.00157686 0.0055461 -0.000497442 0.0055739 0.0167882 0.0140177 0.000349081 -0.000588471 -0.000655417 0.00217815 0.00305764 0.00590682 0.00888053 0.0017227 0.00349905 0.0119338 0.000270618
internal_weight=107649 15160 3916 2633 1444 92489 1242 11244 54916 44620 37573 528 1189 1283 418 29311 861 963 560 33331 28564 28113 10716 5148 1637 673 3511 1576 448 1935
internal_count=107649 15160 3916 2633 1444 92489 1242 11244 54916 44620 37573 528 1189 1283 418 29311 861 963 560 33331 28564 28113 10716 5148 1637 673 3511 1576 448 1935
is_linear=0
shrinkage=0.03


Tree=59
num_leaves=31
num_cat=0
split_feature=23 1 19 11 31 22 25 24 20 18 1 34 21 9 35 30 33 12 12 9 15 10 10 25 34 10 1 23 29 33
split_gain=219.619 47.2896 46.922 49.8505 40.8084 38.4659 24.2192 15.1752 14.4544 12.9173 12.8993 12.2617 11.9386 11.087 10.6566 16.3988 9.74271 9.40531 8.67809 10.8694 7.93745 7.30434 7.39886 10.3821 7.39097 6.72374 8.18534 23.4301 10.431 11.0113
threshold=0.80825339838800669 0.37500000000000006 5.0525000000000011 8.4425000000000026 1.4913461218421669 3.9402083333333335 5.4625000000000012 7.6250000000000009 14.906666666666668 17.475000000000005 -1.7249999999999999 956.22500000000014 4.1824444553467925 4.5000000000000009 37.750000000000007 5.8250000000000011 1.0000000180025095e-35 7.2275000000000018 5.4275000000000011 5.5000000000000009 0.087500000000000369 8.5000000000000018 10.500000000000002 2.8675000000000006 963.67500000000018 1.5000000000000002 14.875000000000002 0.92844656745430043 6.9475000000000007 -0.16504132135358066
decision_type=2 2 10 2 2 2 10 10 2 2 2 2 2 2 2 2 2 10 10 2 2 2 2 10 2 2 2 2 2 2
left_child=5 2 3 13 -5 -1 -6 10 25 -10 18 -4 14 17 -12 -16 -17 -2 -7 -20 -8 24 -23 -24 -18 -3 -27 -28 -29 -30
right_child=1 8 11 4 6 7 20 -9 9 -11 12 -13 -14 -15 15 16 21 -19 19 -21 -22 22 23 -25 -26 26 27 28 29 -31
leaf_value=-0.0045230088512135088 0.0001248629363152362 0.00028988674015178795 0.00020526093720879142 0.0001345288644376116 0.00020617314737147785 -0.0077746735050118173 0.00016161864506112123 0.00027023592812589246 2.9494384184667321e-05 7.7009642623662841e-05 -0.00095764282114794443 -1.0715006506674324e-05 0.0015945621766952399 -0.00010982951802402452 -0.00091935319560820447 7.1258882241785162e-05 0.00080618316435281611 0.00023280233899921905 -0.0009593661119438457 0.0024309522060521091 0.00013624154689463095 -0.0004509352083565632 0.0027431264593069105 6.9105041705965758e-05 -0.0016605741608597025 3.2251981334639431e-05 2.8070291596530912e-05 6.7432917129650601e-06 4.0487629642913058e-05 2.8668650626165527e-05
leaf_weight=28419 307 283 393 437 261 4088 424 2503 370 276 14989 960 2029 352 19644 9747 3712 596 3090 474 378 1158 262 1533 211 6445 3015 203 407 531
leaf_count=28419 307 283 393 437 261 4088 424 2503 370 276 14989 960 2029 352 19644 9747 3712 596 3090 474 378 1158 262 1533 211 6445 3015 203 407 531
internal_value=-3.67535e-05 0.00324912 0.00601167 0.00825543 0.0119402 -0.000596284 0.0151039 -0.000185358 0.00226268 0.00660829 -0.000279463 0.00142931 -0.000114 0.00382143 -0.00020343 7.4685e-05 0.000768041 0.00557379 -0.00143085 -0.000347997 0.0176877 0.00163232 0.000504056 0.00170833 0.00247989 0.00200184 0.0018779 0.00291564 0.00656806 0.00789608
internal_weight=107497 15638 4108 2755 1500 91859 1063 63440 11530 646 60937 1353 53285 1255 51256 36267 16623 903 7652 3564 802 6876 2953 1795 3923 10884 10601 4156 1141 938
internal_count=107497 15638 4108 2755 1500 91859 1063 63440 11530 646 60937 1353 53285 1255 51256 36267 16623 903 7652 3564 802 6876 2953 1795 3923 10884 10601 4156 1141 938
is_linear=0
shrinkage=0.03


Tree=60
num_leaves=31
num_cat=0
split_feature=22 2 19 3 22 16 8 32 16 21 2 22 22 8 10 33 27 24 2 1 34 25 8 19 18 24 18 21 26 7
split_gain=208.722 48.64 50.0834 39.5856 38.7361 30.5537 22.905 17.4627 14.505 12.9333 11.7619 39.0557 11.3455 10.7039 16.8259 10.5414 11.1671 10.1287 9.08206 7.75457 8.11539 7.71592 7.54987 11.5847 7.44777 7.4395 7.42671 7.12643 7.10432 6.78445
threshold=9.9912916666666707 1.2027696988679388 5.9275000000000011 8.5296305888282493 5.3868333333333345 10.957500000000001 13.500000000000002 0.99140711019144634 16.452500000000004 2.5371039099565715 1.1460264219388197 12.095486111111112 2.7916666666666674 10.500000000000002 2.5000000000000004 -0.16504132135358066 6.7193750000000012 7.6250000000000009 1.2087103889642477 -2.2249999999999996 967.22500000000014 6.1975000000000007 12.500000000000002 11.022500000000003 10.987500000000002 6.5250000000000012 13.277500000000002 4.1824444553467925 4.6475000000000009 21.500000000000004
decision_type=2 2 10 2 2 10 2 2 8 2 2 2 2 2 2 2 2 10 2 2 2 10 2 8 2 10 2 2 2 2
left_child=4 8 3 9 12 -5 7 28 10 -3 11 22 -1 -4 -15 16 -13 19 25 24 27 -9 23 -2 -6 29 -8 -21 -7 -14
right_child=1 2 13 5 17 6 26 21 -10 -11 -12 15 18 14 -16 -17 -18 -19 -20 20 -22 -23 -24 -25 -26 -27 -28 -29 -30 -31
leaf_value=-0.0059323746097368554 4.1295447907611713e-05 0.00029463128183750852 -1.8144105101939312e-05 1.4903885071282373e-05 -0.0035745689346109565 0.00012916667123146874 0.00019998795295033344 0.00015283987830497003 9.8153474188097391e-05 9.7596068740715138e-05 2.6130423236694344e-05 4.0232127707716557e-05 -0.0037344419570157755 0.00022816772946760583 9.7314787427393845e-06 3.2186091966038951e-05 3.7144689893638171e-05 0.00023452227585280414 -0.0064773153224285769 -2.0531864697125311e-05 0.002926219002254152 0.00013202124118633662 1.3807074194793767e-06 9.4177376152095714e-06 0.00020145467105119329 0.005453859999246905 0.00018558662529018054 0.0011881396867148622 0.00014992685152746539 -0.0010705006833738296
leaf_weight=13111 700 344 876 207 4089 288 235 216 352 843 6184 289 11578 315 431 608 328 2303 5321 35560 476 225 1816 707 1174 448 315 1658 200 16165
leaf_count=13111 700 344 876 207 4089 288 235 216 352 843 6184 289 11578 315 431 608 328 2303 5321 35560 476 225 1816 707 1174 448 315 1658 200 16165
internal_value=-4.64396e-05 0.00317573 0.00580333 0.00817964 -0.000589403 0.0111307 0.0126368 0.00967131 0.00209828 0.00395889 0.00189753 0.00307343 -0.00119626 0.00158205 0.00421039 0.00762195 0.0103842 3.57885e-05 -0.000903304 -6.82238e-05 8.24418e-05 0.0139843 0.0013355 0.00298088 -0.00114636 -0.000688503 0.0175135 3.23986e-05 0.0056714 -0.000750649
internal_weight=107362 15479 4495 2873 91883 1686 1479 929 10984 1187 10632 4448 46623 1622 746 1225 617 45260 33512 42957 37694 441 3223 1407 5263 28191 550 37218 488 27743
internal_count=107362 15479 4495 2873 91883 1686 1479 929 10984 1187 10632 4448 46623 1622 746 1225 617 45260 33512 42957 37694 441 3223 1407 5263 28191 550 37218 488 27743
is_linear=0
shrinkage=0.03


Tree=61
num_leaves=31
num_cat=0
split_feature=23 12 23 9 28 9 33 29 9 22 20 13 34 25 34 5 8 35 35 33 35 12 9 24 34 35 12 8 33 9
split_gain=209.663 36.864 32.7298 26.4131 27.4823 18.8643 15.9586 21.8331 14.0804 13.4975 13.4809 14.4575 14.8826 13.3545 12.1164 10.97 12.1189 10.8698 10.5827 9.14235 9.41957 8.89219 8.78997 8.66273 9.40977 8.158 7.74628 7.28588 12.6413 13.8569
threshold=0.80825339838800669 5.4625000000000012 0.90342059548159825 3.5000000000000004 2.4290822598235855 2.5000000000000004 0.04361772647272262 7.3375000000000012 5.5000000000000009 2.8224166666666668 14.906666666666668 13.53916666666667 962.02500000000009 6.0225000000000009 953.72500000000014 0.88908448168931764 13.500000000000002 37.750000000000007 64.250000000000014 0.32556815445715659 31.750000000000004 15.867500000000001 4.5000000000000009 4.8250000000000011 967.72500000000014 39.750000000000007 10.642500000000002 11.500000000000002 0.026175951569892341 1.5000000000000002
decision_type=2 10 2 2 2 2 2 2 2 2 2 2 2 8 2 2 2 2 2 2 2 10 2 8 2 2 10 2 2 2
left_child=1 9 25 5 6 10 15 8 13 -1 11 12 -4 -8 18 -5 -17 26 19 -11 -21 -6 -18 24 -19 -2 -3 -27 -29 -30
right_child=2 17 3 4 21 -7 7 -9 -10 14 -12 -13 -14 -15 -16 16 22 23 -20 20 -22 -23 -24 -25 -26 27 -28 28 29 -31
leaf_value=-0.0056728678340071306 3.6116167552672789e-06 -0.00043076819905769838 7.4383990106216492e-05 3.9508367402287062e-05 3.8564151855203785e-05 -1.2092316582327233e-05 0.00013704743843280686 4.0749041134527858e-05 0.00017736229079036157 -0.0029446350524554485 0.00012917297537620831 1.6652063800146538e-05 0.00012303428672450601 0.00016681156508485339 -0.0040769455246905117 2.2472400836739402e-05 0.00012939361163956774 -0.00086073716340340038 0.0015422191211563845 -0.0012309314126313731 0.0034779926705920078 0.00011770217468629091 5.7565807476281371e-05 0.00020027852416117957 0.0056795122857710373 5.0540678427380965e-05 0.00042579591322121542 4.0705712928077451e-05 0.00030004604897725828 9.7148897513015255e-05
leaf_weight=13389 1993 10187 1409 340 1039 1066 303 312 211 13457 307 1042 367 320 18631 370 231 8410 4289 2835 1981 202 205 17938 210 3470 641 1121 363 930
leaf_count=13389 1993 10187 1409 340 1039 1066 303 312 211 13457 307 1042 367 320 18631 370 231 8410 4289 2835 1981 202 205 17938 210 3470 641 1121 363 930
internal_value=-6.27203e-05 -0.000608266 0.00315244 0.00453978 0.00645025 0.0029235 0.0083953 0.0109053 0.0134303 -0.00110532 0.00409744 0.00343464 0.00507692 0.0157022 -0.000836182 0.00584883 0.00774599 0.000117461 -0.000368503 -0.000683281 0.000438083 0.00283868 0.0111156 0.000444076 -0.000337392 0.00179003 -0.000683468 0.0023515 0.00361637 0.00563251
internal_weight=107569 91968 15601 7724 3533 4191 2292 1146 834 54582 3125 2818 1776 623 41193 1146 806 37386 22562 18273 4816 1241 436 26558 8620 7877 10828 5884 2414 1293
internal_count=107569 91968 15601 7724 3533 4191 2292 1146 834 54582 3125 2818 1776 623 41193 1146 806 37386 22562 18273 4816 1241 436 26558 8620 7877 10828 5884 2414 1293
is_linear=0
shrinkage=0.03


Tree=62
num_leaves=31
num_cat=0
split_feature=22 2 32 13 22 26 21 8 2 10 15 30 2 32 5 19 14 6 10 34 8 32 19 26 9 2 19 34 8 24
split_gain=197.02 50.0701 42.8286 52.9262 34.7282 19.8838 19.3843 16.3716 18.1143 19.6438 16.1141 15.3183 14.2033 13.3595 10.9778 13.1881 9.85222 9.20649 8.69448 8.59185 8.25792 7.54458 9.11029 7.44645 10.1995 9.96587 24.2957 7.76929 6.7192 6.59983
threshold=9.6897222222222243 1.2100385205374242 0.98624804680367306 8.5908333333333342 3.6888750000000008 6.3775000000000013 2.5644728167062509 13.500000000000002 1.2273456567271657 1.5000000000000002 0.19500000000000053 4.6250000000000009 1.186570052844844 -0.81408451933196946 0.59783357303223583 7.3325000000000014 1.4324163715129477 1.5000000000000002 1.5000000000000002 956.02500000000009 8.5000000000000018 0.92384435400961407 6.6775000000000011 2.7675000000000005 3.5000000000000004 1.1660487668648771 7.2525000000000013 946.37500000000011 6.5000000000000009 7.6250000000000009
decision_type=2 2 2 2 2 2 2 2 2 2 2 2 2 2 2 10 2 2 2 2 2 2 10 2 2 2 8 2 2 10
left_child=4 5 7 6 -1 16 -4 19 9 -9 29 17 -7 14 15 28 18 -6 -2 -3 -15 22 -19 27 25 -25 -27 -22 -13 -5
right_child=1 2 3 10 11 12 -8 8 -10 -11 -12 13 -14 20 -16 -17 -18 21 -20 -21 23 -23 -24 24 -26 26 -28 -29 -30 -31
leaf_value=-0.0043606874254894313 0.00026926087441569654 0.00016351948798354178 0.00037980223286843975 0.0001670182737578918 -0.0046600324162911905 2.8583734972372765e-05 0.00010678507436503861 0.00021411569047745016 1.1933742115779369e-05 0.00013586773912123212 0.00012521600059805341 0.00030677261460413052 0.00016499982741798681 -0.00012366960019583406 0.00019740438644146762 0.0011332149449705742 4.7119222356175601e-05 8.2667738011798361e-05 2.2351587519780815e-05 -1.3710230290179801e-05 0.0035998881093193989 -0.0038605209688632293 0.0029636318761439915 0.0012280132679841859 0.00013051611592025059 0.0033315039807139115 0.00033691462218802236 4.1280868355109135e-06 -0.0031386836787867275 0.00012342168816548594
leaf_weight=25225 327 274 390 320 7763 1087 715 222 284 291 285 3495 354 4922 6341 445 1215 7038 10586 1088 1100 6564 228 2778 3109 329 371 6709 13649 219
leaf_count=25225 327 274 390 320 7763 1087 715 222 284 291 285 3495 354 4922 6341 445 1215 7038 10586 1088 1100 6564 228 2778 3109 329 371 6709 13649 219
internal_value=-3.62865e-05 0.00286089 0.00576985 0.00901396 -0.000604391 0.00198269 0.00468919 0.00285721 0.0062581 0.00959652 0.0147503 -0.000236916 0.00530913 8.8918e-05 -0.000384793 -0.000770547 0.00158543 -0.000889389 0.00129886 0.000851499 0.000675671 -0.00042501 0.000240957 0.00103826 0.00178079 0.00289578 0.00608511 0.000411184 -0.000903377 0.017818
internal_weight=107723 17657 4088 1929 90066 13569 1105 2159 797 513 824 64841 1441 43248 23930 17589 12128 21593 10913 1362 19318 13830 7266 14396 6587 3478 700 7809 17144 539
internal_count=107723 17657 4088 1929 90066 13569 1105 2159 797 513 824 64841 1441 43248 23930 17589 12128 21593 10913 1362 19318 13830 7266 14396 6587 3478 700 7809 17144 539
is_linear=0
shrinkage=0.03


Tree=63
num_leaves=31
num_cat=0
split_feature=23 1 19 13 31 22 25 22 21 17 27 26 14 24 1 10 15 21 24 1 1 30 7 10 1 9 25 32 21 15
split_gain=189.033 45.4402 43.8432 40.9231 39.6187 34.9323 25.8459 11.7529 11.7438 11.5408 11.8238 11.1795 11.9278 10.8143 9.76367 9.51454 9.42801 8.9426 8.0635 7.76713 7.32076 7.88006 7.20655 6.7969 6.51582 7.40666 7.61828 7.69426 6.37101 6.28258
threshold=0.80825339838800669 0.37500000000000006 5.0525000000000011 8.4308333333333358 1.4913461218421669 5.3868333333333345 5.557500000000001 2.4859166666666672 2.5644728167062509 8.2475000000000023 7.4329166666666673 6.8975000000000009 1.7013389329671633 7.6250000000000009 1.0000000180025095e-35 10.500000000000002 0.087500000000000369 3.566892753372279 6.5250000000000012 -2.2249999999999996 10.025000000000002 6.7250000000000005 17.500000000000004 1.5000000000000002 1.5750000000000004 3.5000000000000004 4.3325000000000014 -0.93038214053199442 3.9629722333203339 -0.25999999999999951
decision_type=2 2 10 2 2 2 10 2 2 10 2 2 2 10 2 2 2 2 10 2 2 2 2 2 2 2 8 2 2 2
left_child=5 2 3 8 -5 7 -6 -1 -2 -4 15 12 23 17 -9 -11 -8 19 22 -7 21 -21 -16 -3 -23 26 27 -26 -25 -20
right_child=1 11 9 4 6 13 16 14 -10 10 -12 -13 -14 -15 18 -17 -18 -19 29 20 -22 24 -24 28 25 -27 -28 -29 -30 -31
leaf_value=-0.0060086337415577694 0.00028285490662663897 0.00025423955400592058 -8.5694884875636953e-05 0.00010561340573107269 0.00017331091740195535 -0.002199919660433986 0.00014172791339026492 -0.0062147274008132703 9.4072826984556494e-05 0.00021008746827323182 -2.0719540280765835e-05 3.8249682175912749e-05 4.7027145224409757e-05 0.00022282638235000205 -0.0038726688106545848 4.0458019053556392e-05 0.00012136177942944414 0.00070054435848664661 0.0074206071259822533 -5.3227804494912599e-05 -0.00022721405241555413 -2.2472699113730741e-05 -0.0013105270119742076 1.84953455596643e-05 0.00060091964532517069 0.00012386361054912958 0.00022556998615451683 0.0023253999163071969 0.00010310950683753982 0.0011668630188384627
leaf_weight=9373 432 279 605 441 348 4304 398 5690 808 253 265 844 800 2341 10516 236 377 4326 201 7151 22693 1547 20759 9098 219 1273 821 489 508 254
leaf_count=9373 432 279 605 441 348 4304 398 5690 808 253 265 844 800 2341 10516 236 377 4326 201 7151 22693 1547 20759 9098 219 1273 821 489 508 254
internal_value=-6.54604e-05 0.00297726 0.00566243 0.00780278 0.0110249 -0.000584818 0.014008 -0.00115922 0.00371084 0.00123387 0.0036996 0.00200563 0.00174135 1.03604e-05 -0.000921043 0.00644332 0.0170577 -9.82775e-05 -0.000715614 -0.00024365 -9.23745e-05 0.000524119 -0.000773498 0.0014545 0.00153032 0.00239188 0.00379596 0.00606732 0.00131849 0.00322826
internal_weight=107649 15692 4163 2804 1564 91957 1123 46793 1240 1359 754 11529 10685 45164 37420 489 775 42823 31730 38497 34193 11500 31275 9885 4349 2802 1529 708 9606 455
internal_count=107649 15692 4163 2804 1564 91957 1123 46793 1240 1359 754 11529 10685 45164 37420 489 775 42823 31730 38497 34193 11500 31275 9885 4349 2802 1529 708 9606 455
is_linear=0
shrinkage=0.03


Tree=64
num_leaves=31
num_cat=0
split_feature=23 23 19 22 32 34 35 21 32 8 16 14 24 14 34 24 35 8 14 34 27 35 8 33 9 35 12 33 33 8
split_gain=181.192 32.3381 33.2499 31.3566 30.7083 22.5301 22.1663 14.4856 13.5616 19.0513 13.8907 10.6499 9.85737 9.22761 9.12828 9.00763 8.14776 11.2925 7.42974 7.23098 7.11181 7.05758 8.82245 15.2925 18.6998 6.92859 7.71879 10.0897 6.86972 7.37734
threshold=0.78870668118530318 0.90342059548159825 9.2775000000000016 4.6530555555555564 -0.41467745240824966 965.67500000000018 84.750000000000014 2.1823855449113685 0.99687937417578498 15.500000000000002 15.197500000000002 0.82081006734824025 7.6250000000000009 1.8696902589099995 953.62500000000011 6.4750000000000005 61.250000000000007 16.500000000000004 0.22928326314227457 952.02500000000009 7.1679166666666676 43.750000000000007 12.500000000000002 0.026175951569892341 1.5000000000000002 24.250000000000004 5.6475000000000017 0.39073112848927366 0.16504132135358049 4.5000000000000009
decision_type=2 2 10 2 2 2 2 2 2 2 8 2 10 2 2 10 2 2 2 2 2 2 2 2 2 2 8 2 2 2
left_child=3 21 4 14 6 8 19 -7 9 10 18 -4 13 25 15 16 -1 -18 -6 20 -3 -2 28 -24 -25 -5 27 -27 29 -23
right_child=1 2 11 12 5 7 -8 -9 -10 -11 -12 -13 -14 -15 -16 -17 17 -19 -20 -21 -22 22 23 24 -26 26 -28 -29 -30 -31
leaf_value=-0.0034766568652055741 7.6680861865818786e-06 2.7799188533166166e-05 3.28989135138346e-06 -0.00183012492073979 0.00012296710398020826 0.00011740151607678384 0.00013073565862770377 0.00010950842431489948 2.7785248621760016e-05 0.00018898412151213567 0.00017622319912202866 3.5570242311406291e-05 0.00025724302317726338 0.00098774268550322754 -0.0051227536044970209 0.0080145002404832452 -0.00098455879584082072 0.0050001268701925028 8.3717041535761319e-05 1.9774429159531426e-05 2.7864345019764646e-05 0.00013428250080818493 3.389838072037861e-05 0.00031171298918095781 0.0001069334948239653 -0.0021856829190288018 7.612773500326879e-05 0.0014425998895344356 -3.0974861813540811e-05 3.5692083288019178e-05
leaf_weight=16255 2973 616 1910 4375 350 312 331 211 432 217 200 670 2132 3062 16708 234 3870 756 539 1640 303 1217 1223 378 938 16787 23718 2318 1126 1807
leaf_count=16255 2973 616 1910 4375 350 312 331 211 432 217 200 670 2132 3062 16708 234 3870 756 539 1640 303 1217 1223 378 938 16787 23718 2318 1126 1807
internal_value=-3.78586e-05 0.00276532 0.00421109 -0.00057842 0.0056026 0.00822021 0.00354404 0.0136761 0.00654389 0.00806407 0.00639214 0.00142747 -0.000103175 -0.000188004 -0.00123662 -0.000821734 -0.00088782 0.000222845 0.0047349 0.00258697 0.00471104 0.00160691 0.00214715 0.00353891 0.00577744 -0.000291592 -0.00017533 -0.00062402 0.00129242 0.00203631
internal_weight=107608 17393 7731 90215 5151 2261 2890 523 1738 1306 1089 2580 52392 50260 37823 21115 20881 4626 889 2559 919 9662 6689 2539 1316 47198 42823 19105 4150 3024
internal_count=107608 17393 7731 90215 5151 2261 2890 523 1738 1306 1089 2580 52392 50260 37823 21115 20881 4626 889 2559 919 9662 6689 2539 1316 47198 42823 19105 4150 3024
is_linear=0
shrinkage=0.03


Tree=65
num_leaves=31
num_cat=0
split_feature=23 1 19 23 23 8 31 25 8 12 17 18 10 23 23 1 35 19 21 10 10 16 6 21 35 24 12 21 1 11
split_gain=166.831 40.6292 38.6339 45.8848 31.6081 23.5979 21.2224 17.2252 14.5093 10.1365 10.0287 13.1715 9.84062 9.6842 9.33869 9.07994 9.40816 12.8209 9.07981 8.7958 8.71559 7.81651 7.6719 6.74439 6.5275 9.2235 6.52301 7.78492 6.43895 18.4647
threshold=0.80825339838800669 0.37500000000000006 5.0525000000000011 0.94688165170359218 0.15799013076015517 14.500000000000002 1.4913461218421669 6.347500000000001 3.5000000000000004 17.887500000000003 8.2475000000000023 13.087500000000002 2.5000000000000004 0.89206777072358956 0.034626530689995182 -2.2249999999999996 53.250000000000007 5.8575000000000008 4.1108554205072929 11.500000000000002 10.500000000000002 5.2075000000000014 1.5000000000000002 4.1824444553467925 43.250000000000007 6.325000000000002 5.1575000000000015 3.3970218225621971 14.725000000000001 14.550000000000002
decision_type=2 2 10 2 2 2 2 10 2 10 10 2 2 2 2 2 2 10 2 2 2 10 2 2 2 10 8 2 2 2
left_child=4 2 3 5 12 8 -5 -8 -2 18 -4 -12 -1 -7 -14 26 17 23 28 -10 21 -19 -16 -17 -24 -26 -6 -28 -3 -30
right_child=1 9 10 6 15 13 7 -9 19 -11 11 -13 14 -15 22 16 -18 20 -20 -21 -22 -23 24 -25 25 -27 27 -29 29 -31
leaf_value=-0.0063538202906172191 0.00017729284600611516 2.5091331256295239e-05 -6.341426387799442e-05 0.00011890840420176893 -0.007915147678967999 0.00024509103718230564 0.00011423479921111145 0.00011632129790458244 -0.00029257362422083097 8.4706819264301905e-05 0.00018982885938897964 -1.6782354283931822e-05 -0.0048988379296730257 0.00021536961832966273 -0.0037821832025698473 -0.00073140558931269963 0.0002408342556466947 0.0046656177969655321 9.9164633182761554e-05 0.00017174641171051374 0.0012762067016538557 4.3133050801861268e-05 -0.0032480199829633821 0.0012363002417645908 6.7712206943320693e-05 0.0077825514599764055 -0.00076820989420155184 0.0015821753426233135 2.0249320073556813e-05 3.3989387754303163e-05
leaf_weight=5118 339 6603 588 217 2493 436 301 341 581 210 344 416 9156 216 9638 17437 21109 206 530 322 349 5105 6566 859 10248 204 3027 380 3801 363
leaf_count=5118 339 6603 588 217 2493 436 301 341 581 210 344 416 9156 216 9638 17437 21109 206 530 322 349 5105 6566 859 10248 204 3027 380 3801 363
internal_value=-3.83141e-05 0.0028288 0.00539138 0.00742603 -0.000525409 0.00479621 0.0131632 0.0158949 0.00235285 0.00191357 0.00122395 0.0034902 -0.00114621 0.00939726 -0.000970099 -2.67812e-05 0.000118149 -0.00028872 0.00178986 0.000353524 0.000958516 0.000654062 -0.000685946 -0.000674718 -0.000302768 0.000162952 -0.00113294 -0.000278723 0.00159942 0.00252291
internal_weight=107503 15608 4101 2753 91895 1894 859 642 1242 11507 1348 760 40930 652 35812 50965 45065 23956 11297 903 5660 5311 26656 18296 17018 10452 5900 3407 10767 4164
internal_count=107503 15608 4101 2753 91895 1894 859 642 1242 11507 1348 760 40930 652 35812 50965 45065 23956 11297 903 5660 5311 26656 18296 17018 10452 5900 3407 10767 4164
is_linear=0
shrinkage=0.03


Tree=66
num_leaves=31
num_cat=0
split_feature=22 2 35 8 22 12 21 22 9 24 29 16 9 10 30 2 35 35 30 21 26 14 12 34 21 24 7 9 31 30
split_gain=168.354 41.876 39.2644 32.3406 32.1636 27.4421 17.9796 16.1007 22.0364 14.334 13.5593 11.953 11.8414 10.8854 10.9584 10.5112 11.0482 9.95348 10.3881 9.43862 9.13968 9.30633 8.62218 7.36224 7.11145 6.74417 6.48659 6.25846 6.21987 6.08157
threshold=9.6897222222222243 1.2027696988679388 52.750000000000007 13.500000000000002 3.3190277777777779 8.3875000000000028 1.9703603200891575 11.455277777777781 3.5000000000000004 7.6250000000000009 5.2525000000000013 12.242500000000001 1.5000000000000002 2.5000000000000004 6.4750000000000005 1.2423456509151742 71.250000000000014 37.750000000000007 4.2250000000000005 2.651844876619545 6.8975000000000009 1.7013389329671633 10.642500000000002 952.12500000000011 3.4953617474384244 6.325000000000002 19.500000000000004 5.5000000000000009 1.1670666190658536 8.7250000000000032
decision_type=2 2 2 2 2 10 2 2 2 10 2 10 2 2 2 2 2 2 2 2 2 2 10 2 2 10 2 2 2 2
left_child=4 20 5 6 -1 -3 11 12 -9 13 -7 -4 -5 14 -6 -8 -17 22 25 -12 21 -2 24 -16 -15 26 -19 -20 -29 -11
right_child=1 2 3 7 9 10 15 8 -10 29 19 -13 -14 17 23 16 -18 18 27 -21 -22 -23 -24 -25 -26 -27 -28 28 -30 -31
leaf_value=-0.0044286381706402705 2.079841173412743e-05 7.5558585269017709e-05 0.0001343412238419471 0.0003195256261085382 -0.0052695457258111686 0.00018989083427028492 -3.1615758411638763e-05 6.4315086388033781e-05 0.00015592710169679702 0.00098270541767581814 0.00015562992247900183 0.00012211355213216036 6.8367046737106689e-05 -0.0015164602460212692 0.0024222124079806141 0.00019557551975433516 6.7307815391481898e-05 -0.003577727909100934 0.00011378622320777644 0.0001099946453941758 3.3559764793553711e-05 4.3941743996127603e-05 0.00047404260461491351 -5.6701416336036865e-05 0.0014989261513099069 0.0042098099679129929 -0.00053927121728411856 0.0042030659365272314 0.00054206139322108713 0.0001089354319164848
leaf_weight=20079 10733 203 336 216 7227 235 1725 309 263 645 200 254 733 15668 225 216 279 5692 22146 214 803 881 459 2315 967 200 8718 564 3574 1575
leaf_count=20079 10733 203 336 216 7227 235 1725 309 263 645 200 254 733 15668 225 216 279 5692 22146 214 803 881 459 2315 967 200 8718 564 3574 1575
internal_value=-4.52547e-05 0.00263789 0.00490189 0.00373547 -0.000569761 0.0107748 0.00182238 0.00725229 0.0112201 -0.000266005 0.0137661 0.00645378 0.00481446 -0.000343788 -0.00127006 0.000579775 0.00441 -0.000187679 6.64557e-05 0.0102816 0.00169127 0.00147586 -0.000795486 0.000424361 -0.000907753 -0.000574753 -0.000651406 0.000422914 0.00149312 0.00210337
internal_weight=107654 17600 5183 4331 90054 852 2810 1521 572 69975 649 590 949 67755 9767 2220 495 57988 40894 414 12417 11614 17094 2540 16635 14610 14410 26284 4138 2220
internal_count=107654 17600 5183 4331 90054 852 2810 1521 572 69975 649 590 949 67755 9767 2220 495 57988 40894 414 12417 11614 17094 2540 16635 14610 14410 26284 4138 2220
is_linear=0
shrinkage=0.03


Tree=67
num_leaves=31
num_cat=0
split_feature=23 10 17 10 22 22 8 19 15 21 34 35 2 22 27 9 16 33 33 10 27 8 19 21 34 8 11 16 6 8
split_gain=158.225 40.9312 61.0977 42.6292 31.6047 29.8795 25.6629 18.4447 17.4246 14.6809 12.8061 16.997 12.2297 19.1345 12.182 11.9505 11.861 11.0169 10.0143 9.62384 8.35112 7.25371 9.14844 7.19037 6.8545 14.8726 6.64804 6.21365 6.02824 5.95969
threshold=0.80825339838800669 11.500000000000002 6.7375000000000016 1.5000000000000002 6.0841666666666674 11.455277777777781 13.500000000000002 10.192500000000003 0.20499999999999877 2.1714895037091444 953.72500000000014 59.750000000000007 1.1474195251904404 12.095486111111112 2.0156250000000004 2.5000000000000004 12.022500000000003 -0.10452846326765344 0.17364817766693022 5.5000000000000009 6.7193750000000012 12.500000000000002 10.812500000000002 3.5303303370735049 967.47500000000014 15.500000000000002 12.187500000000002 11.012500000000001 1.5000000000000002 18.500000000000004
decision_type=2 2 10 2 2 2 2 8 2 2 2 2 2 2 2 2 10 2 2 2 2 2 8 2 2 2 2 10 2 2
left_child=4 3 5 6 10 15 9 -8 18 -2 11 -1 13 21 -13 -3 -9 19 -7 20 -15 22 26 -6 -12 -26 27 -5 -16 -4
right_child=1 2 29 12 23 8 7 16 -10 -11 24 14 -14 17 28 -17 -18 -19 -20 -21 -22 -23 -24 -25 25 -27 -28 -29 -30 -31
leaf_value=-0.002577152823081469 0.00013827406572296076 0.00033549935921658232 -1.9183420878503553e-05 6.0483073782962023e-05 3.2993480637712361e-06 0.00015130316463374038 0.00017249936656253516 0.00019254312670490269 0.00010288618890481049 8.4051720393010164e-05 -0.0046789453187893269 -0.0024165880438911727 1.3509941787212162e-05 3.671579847928208e-05 3.719821077593166e-05 0.00013532300054885943 0.00015979000563197119 1.6999558663084446e-05 0.00019166555392225883 2.1855981501730022e-05 3.0662442870791342e-05 1.813073061906658e-06 1.1473395817316101e-05 0.00071218269545635972 -0.0058049730637347013 0.015657847079863584 1.0285015213560811e-05 2.0082678512044108e-05 0.0046122742758585118 6.3359861968268491e-05
leaf_weight=23715 326 209 743 205 33283 383 222 240 281 617 22339 2774 6855 226 1665 428 289 582 220 242 331 1727 715 3795 792 325 202 237 3120 247
leaf_count=23715 326 209 743 205 33283 383 222 240 281 617 22339 2774 6855 226 1665 428 289 582 220 242 331 1727 715 3795 792 325 202 237 3120 247
internal_value=-4.54171e-05 0.00275489 0.00625874 0.0020768 -0.000519143 0.0100242 0.00650853 0.010631 0.0135861 0.00318671 -0.000977255 -0.000579687 0.00141114 0.00263171 0.000658778 0.00501402 0.0136573 0.00556061 0.0164655 0.00783955 0.00999822 0.00131414 0.00294941 0.000157106 -0.0015071 0.000783422 0.0055285 0.00757047 0.00157516 0.000452261
internal_weight=107335 15527 2511 13016 91808 1521 1694 751 884 943 54730 31274 11322 4467 7559 637 529 1381 603 799 557 3086 1359 37078 23456 1117 644 442 4785 990
internal_count=107335 15527 2511 13016 91808 1521 1694 751 884 943 54730 31274 11322 4467 7559 637 529 1381 603 799 557 3086 1359 37078 23456 1117 644 442 4785 990
is_linear=0
shrinkage=0.03


Tree=68
num_leaves=31
num_cat=0
split_feature=23 1 22 19 8 27 21 18 31 20 35 19 16 26 12 10 10 6 14 24 21 28 10 35 24 14 16 2 31 22
split_gain=153.185 42.4807 36.0709 43.9366 31.2142 30.2212 16.4766 12.7848 12.7639 19.9696 10.461 10.4004 12.4413 10.0815 9.86963 10.5128 8.33997 8.21084 7.98251 7.88852 7.62236 6.73504 6.3626 6.03386 6.46813 5.77395 5.53672 5.32541 9.77758 5.32081
threshold=0.80825339838800669 0.37500000000000006 11.56854166666667 9.2775000000000016 13.500000000000002 3.3179166666666675 2.5371039099565715 9.9575000000000014 1.4913461218421669 12.505500000000003 21.250000000000004 10.537500000000001 10.677500000000002 6.3775000000000013 5.4625000000000012 2.5000000000000004 1.5000000000000002 1.5000000000000002 1.6107787971454364 8.0250000000000021 4.1108554205072929 1.8143846522524238 5.5000000000000009 42.750000000000007 5.8250000000000011 0.3744774136491722 10.152500000000002 1.1122658585646967 1.375745147845951 2.3106111111111116
decision_type=2 2 2 10 2 2 2 2 2 2 2 8 10 2 10 2 2 2 2 10 2 2 2 2 8 2 10 2 2 2
left_child=5 2 6 4 8 7 11 14 -4 -10 22 21 -13 16 15 -1 -3 -17 20 -12 -18 -2 26 -16 -25 -14 -7 -15 -29 -19
right_child=1 13 3 -5 -6 10 -8 -9 9 -11 19 12 25 27 23 17 18 29 -20 -21 -22 -23 -24 24 -26 -27 -28 28 -30 -31
leaf_value=-0.006148535742660317 -8.526494423244713e-05 0.00023907144281399838 0.00010749371331270481 2.2582291434850575e-05 0.00010965762827979047 -0.00032247255720284498 2.6106305999903043e-05 0.00051583778690477984 0.00010482395294812847 0.00010531151983362074 6.8102235111469064e-05 1.9270795796774154e-05 0.00022778864150120842 -3.996498729103015e-06 -0.003553597554798428 -0.0041669359589576981 1.4379257203663841e-05 -0.00429128055321089 3.8176696996382188e-05 0.00038246739289604425 0.00011617703266770251 0.00017413637819896921 -0.0026016249564933041 -0.00096893820168974403 0.0017237419244002961 0.0001568543957876703 0.00029029164026863279 5.8716584885466494e-05 3.4219218548913307e-05 -0.0015503531093819067
leaf_weight=6419 269 277 204 456 422 1099 1082 3570 271 345 29066 211 420 200 2678 14043 8679 3382 825 1503 379 201 2856 4487 2959 216 227 346 778 19752
leaf_count=6419 269 277 204 456 422 1099 1082 3570 271 345 29066 211 420 200 2678 14043 8679 3382 825 1503 379 201 2856 4487 2959 216 227 346 778 19752
internal_value=-5.97069e-05 0.00269068 0.0053118 0.00865296 0.011567 -0.000525423 0.00293386 -0.000948775 0.00807273 0.0102126 0.000172545 0.00518079 0.00715845 0.00175368 -0.00106431 -0.00126025 0.00143138 -0.0010664 0.0012855 0.000365113 0.00102681 0.00157895 -0.00123382 -0.000220358 0.00021903 0.00923869 0.000482343 0.00421219 0.00501151 -0.000718787
internal_weight=107622 15581 4097 1698 1242 92041 2399 57290 820 616 34751 1317 847 11484 53720 43596 10160 37177 9883 30569 9058 470 4182 10124 7446 636 1326 1324 1124 23134
internal_count=107622 15581 4097 1698 1242 92041 2399 57290 820 616 34751 1317 847 11484 53720 43596 10160 37177 9883 30569 9058 470 4182 10124 7446 636 1326 1324 1124 23134
is_linear=0
shrinkage=0.03


Tree=69
num_leaves=31
num_cat=0
split_feature=20 1 19 11 16 27 31 25 35 21 14 17 34 35 32 17 34 16 1 12 35 21 14 16 19 32 25 20 1 35
split_gain=143.804 44.618 39.8089 41.5165 28.6894 27.3999 15.3561 15.9505 13.0004 12.4735 11.8325 11.0782 17.7391 10.8774 10.6697 8.60243 12.4984 13.9369 8.53562 11.6029 9.57997 9.0246 8.39741 7.91488 7.67866 10.4952 9.49725 7.37776 11.65 8.19309
threshold=9.9564583333333356 1.5750000000000004 5.7525000000000013 8.4425000000000026 11.132500000000002 3.1856250000000008 1.4913461218421669 6.347500000000001 24.250000000000004 2.5644728167062509 1.6700024950081189 8.3375000000000021 956.22500000000014 52.250000000000007 0.77159520228797462 3.9275000000000007 967.22500000000014 7.8525000000000018 0.37500000000000006 5.5025000000000013 61.250000000000007 2.7123827546964807 0.41049766544204236 9.9475000000000016 5.4275000000000011 0.47714059151611399 3.4175000000000004 11.669166666666671 14.875000000000002 27.250000000000004
decision_type=2 2 10 2 10 2 2 10 2 2 2 10 2 2 2 8 2 8 2 10 2 2 2 10 10 2 10 2 2 2
left_child=5 2 3 9 -5 10 -6 13 14 -2 15 -4 -13 -8 -7 -1 18 -18 19 -17 24 -21 -3 -16 -20 26 -26 -24 -29 -30
right_child=1 22 11 4 6 8 7 -9 -10 -11 -12 12 -14 -15 23 16 17 -19 20 21 -22 -23 27 -25 25 -27 -28 28 29 -31
leaf_value=-0.0054460560819809102 0.00024119648701768302 1.161693662778962e-05 -4.3368847937707193e-05 1.8692671922870828e-05 0.00010543265023422398 -0.0042333925725784117 0.00016396302817960339 0.00010607735445078057 9.1393523135457896e-05 6.1342084307557392e-05 0.0015676706157823528 0.00017260045781444466 1.87563499693999e-05 0.00011905754426743225 -0.00023443679755135615 -0.0063117047895439168 0.0023279653016993105 0.0082086115597926924 -0.0035780785576569772 -0.00082964383260734291 -0.00036002645166278378 0.0030256986812156354 2.6638419208715431e-05 0.00029297319746868667 0.0043305414941108003 -0.0022110178975356209 -0.0016477939712126809 2.7657719402237962e-05 7.8474507476622425e-06 3.1274504718870104e-05
leaf_weight=5450 435 4789 805 259 350 3732 203 397 31755 834 3050 312 591 504 1923 6333 787 200 22770 861 12904 209 3591 265 373 727 207 1747 287 1016
leaf_count=5450 435 4789 805 259 350 3732 203 397 31755 834 3050 312 591 504 1923 6333 787 200 22770 861 12904 209 3591 265 373 727 207 1747 287 1016
internal_value=-6.53665e-05 0.00254698 0.00500958 0.00709876 0.0101403 -0.000525478 0.0117738 0.0135149 9.51426e-05 0.00296939 -0.000959482 0.00135201 0.00362445 0.0106728 -0.00119494 -0.00106841 -0.000932939 0.00239818 -0.00100728 -0.00193696 -0.000820933 0.000948836 0.00153476 0.000467852 -0.00117436 0.00105869 0.00405128 0.00222495 0.00330933 0.00545183
internal_weight=107666 16120 4690 2982 1713 91546 1454 1104 37675 1269 53871 1708 903 707 5920 50821 45371 987 44384 7403 36981 1070 11430 2188 24077 1307 580 6641 3050 1303
internal_count=107666 16120 4690 2982 1713 91546 1454 1104 37675 1269 53871 1708 903 707 5920 50821 45371 987 44384 7403 36981 1070 11430 2188 24077 1307 580 6641 3050 1303
is_linear=0
shrinkage=0.03


Tree=70
num_leaves=31
num_cat=0
split_feature=22 2 22 22 8 26 34 32 8 8 25 10 11 7 14 26 24 24 10 30 14 30 32 22 6 9 18 16 32 31
split_gain=131.188 44.0217 31.1956 27.8196 25.3024 20.8801 19.9093 10.3228 8.83786 16.5363 8.79136 8.39916 8.36144 8.2674 8.22586 9.65783 7.99674 7.58745 7.05563 6.57519 6.51633 5.97918 6.03343 5.76556 5.60009 5.41881 6.32202 5.91397 6.94605 5.39834
threshold=9.9912916666666707 1.2076058377359182 4.4119444444444458 11.56854166666667 13.500000000000002 5.2775000000000007 956.52500000000009 0.98624804680367306 3.5000000000000004 14.500000000000002 5.2625000000000011 2.5000000000000004 11.007500000000002 17.500000000000004 1.8203582520614059 6.8975000000000009 8.0250000000000021 6.3750000000000009 1.5000000000000002 8.7250000000000032 1.6700024950081189 5.6250000000000009 -0.88697705852364728 3.2227777777777784 2.5000000000000004 3.5000000000000004 13.722500000000002 10.847500000000002 -0.96359376111369355 1.4174233890171084
decision_type=2 2 2 2 2 2 2 2 2 2 8 2 2 2 2 2 10 10 2 2 2 2 2 2 2 2 2 10 2 2
left_child=2 14 11 8 6 -6 -5 -8 10 -10 -3 -1 -11 21 15 18 20 23 -2 -18 -15 -4 -23 -13 -25 27 -27 28 -20 -17
right_child=1 3 13 4 5 -7 7 -9 9 12 -12 17 -14 16 -16 29 19 -19 25 -21 -22 22 -24 24 -26 26 -28 -29 -30 -31
leaf_value=-0.0056961484521514689 0.00021184069320072073 0.00012858960639447359 -0.002629316860191115 0.0001277976367297484 0.00011858087719909149 9.8606445726372448e-05 3.0439743511204709e-05 9.5231045782752098e-05 -2.4653032538412e-05 0.00021230333219664696 0.00016385754985796374 -0.0039270300380492796 5.0136768709442111e-05 -6.095040221345549e-06 4.0211259751963121e-05 3.8355259454520783e-05 0.0012748495519031527 0.0067931984599861059 -8.2658127238027793e-05 0.00013367461952453301 0.00088775274509581405 -0.00074762315689074366 0.0001184745846808036 -0.0022939484411853878 0.0017719773653548949 1.7319441936667344e-05 3.4964438826469201e-05 -3.9210363119479564e-06 5.8968669789913882e-05 2.0831631865944937e-05
leaf_weight=4469 291 213 8149 206 303 246 507 398 1019 506 201 16184 208 33027 839 378 294 284 506 838 3134 6294 5439 12081 1876 3011 1533 4270 603 321
leaf_count=4469 291 213 8149 206 303 246 507 398 1019 506 201 16184 208 33027 839 378 294 284 506 838 3134 6294 5439 12081 1876 3011 1533 4270 603 321
internal_value=-8.18901e-05 0.0024655 -0.000512491 0.00526731 0.00818018 0.013435 0.00553495 0.00357692 0.00300139 0.00204891 0.00691647 -0.00121929 0.00553268 -8.10605e-05 0.00155601 0.00133458 0.000182342 -0.00104059 0.00109972 0.00265963 0.000104434 -0.00057505 -0.000141337 -0.00108681 -0.000639666 0.000963033 0.00172521 0.000318164 0.00226481 0.00473437
internal_weight=107628 15559 92069 3807 1660 549 1111 905 2147 1733 414 34894 714 57175 11752 10913 37293 30425 10214 1132 36161 19882 11733 30141 13957 9923 4544 5379 1109 699
internal_count=107628 15559 92069 3807 1660 549 1111 905 2147 1733 414 34894 714 57175 11752 10913 37293 30425 10214 1132 36161 19882 11733 30141 13957 9923 4544 5379 1109 699
is_linear=0
shrinkage=0.03


Tree=71
num_leaves=31
num_cat=0
split_feature=22 1 19 22 8 22 14 34 17 28 12 10 21 22 21 30 32 29 32 19 34 10 21 31 12 19 31 26 8 1
split_gain=130.378 42.1098 32.194 37.891 32.6807 29.8047 14.1645 11.0266 14.3314 10.2574 9.56821 9.53852 8.4147 8.17595 7.9077 8.29747 11.3967 10.0696 7.28192 6.96132 10.1625 6.40181 6.33094 6.28725 6.17159 6.11968 12.3085 5.80974 10.0845 12.1948
threshold=9.9912916666666707 0.52500000000000013 5.5025000000000013 11.455277777777781 13.500000000000002 4.5825833333333348 0.14468356276143726 956.72500000000014 8.3875000000000028 1.7092798191046763 17.887500000000003 2.5000000000000004 2.5644728167062509 2.4859166666666672 3.7400690664560963 4.2250000000000005 -0.91702515554752051 3.7425000000000006 0.87878364999916148 4.722500000000001 946.77500000000009 11.500000000000002 4.1108554205072929 1.9116721550219264 10.352500000000003 7.2975000000000012 1.285254828180604 3.4925000000000006 16.500000000000004 14.325000000000003
decision_type=2 2 10 2 2 2 2 2 10 2 10 2 2 2 2 2 2 2 2 10 2 2 2 2 10 10 2 2 2 2
left_child=5 2 3 9 6 11 -5 8 -4 12 22 -1 -2 -13 15 18 23 -18 19 -7 -21 -8 -3 24 25 -17 -27 -19 -29 -30
right_child=1 10 7 4 -6 14 21 -9 -10 -11 -12 13 -14 -15 -16 16 17 27 -20 20 -22 -23 -24 -25 -26 26 -28 28 29 -31
leaf_value=-0.0055312087446054399 0.00024565664113621489 1.927796961901186e-05 -2.7949954469636783e-05 9.384175402664784e-05 0.00013006514465429997 -0.0014678935881950309 8.4842595885427249e-05 -1.895147137595532e-05 0.00019623125617175614 5.7381003866463493e-06 7.5009590144323735e-05 -0.0046971492063828174 7.3944639488856544e-05 -0.0019020345718592131 0.00085863577997749509 -0.0028136105293734338 -9.7618199226422455e-05 0.00010368403210270316 -0.0057419106431865685 0.0060661281191423224 -0.00013625169138694048 0.00010087840052576905 9.8635776104315993e-05 0.00020134855345551865 0.00020466772837364133 0.0010550760766177988 -0.00028897092086165754 0.0002497672455136479 0.00094502893906313204 0.0014023044307588681
leaf_weight=4684 491 10952 202 243 406 2482 228 890 220 468 213 8130 384 24266 4522 10516 11946 8845 6426 268 418 327 511 4698 1171 224 487 2564 205 391
leaf_count=4684 491 10952 202 243 406 2482 228 890 220 468 213 8130 384 24266 4522 10516 11946 8845 6426 268 418 327 511 4698 1171 224 487 2564 205 391
internal_value=-7.0086e-05 0.00247201 0.00518711 0.00715086 0.0110074 -0.00049832 0.00740473 0.00136219 0.00532553 0.00366543 0.00157281 -0.00115599 0.00557386 -0.000972748 -5.61746e-05 -0.000163548 2.21419e-05 0.000444439 -0.0009576 0.00021935 0.00288278 0.0046875 0.0014537 -0.000569441 -0.000923487 -0.00113969 0.00154609 0.00105787 0.00216114 0.00566057
internal_weight=107778 15535 3859 2547 1204 92243 798 1312 422 1343 11676 37080 875 32396 55163 50641 41047 23951 9594 3168 686 555 11463 17096 12398 11227 711 12005 3160 596
internal_count=107778 15535 3859 2547 1204 92243 798 1312 422 1343 11676 37080 875 32396 55163 50641 41047 23951 9594 3168 686 555 11463 17096 12398 11227 711 12005 3160 596
is_linear=0
shrinkage=0.03


Tree=72
num_leaves=31
num_cat=0
split_feature=22 10 17 22 10 22 8 1 15 27 26 17 14 35 11 29 1 22 35 10 9 10 2 34 16 1 10 2 35 34
split_gain=130.658 46.3462 60.913 32.4259 31.9166 29.5885 21.6439 21.1866 18.2438 13.1832 11.9957 11.2932 11.2876 8.99942 8.40919 12.8314 8.03151 17.4001 10.4922 9.58136 10.7587 7.63092 7.19824 7.15846 14.7352 6.94781 6.82984 6.61448 8.24548 6.39596
threshold=9.8652777777777789 11.500000000000002 6.7375000000000016 11.56854166666667 1.5000000000000002 3.2227777777777784 15.500000000000002 -4.1249999999999991 0.23749999999999985 3.1856250000000008 3.8225000000000007 8.5725000000000016 1.4128251838072543 24.250000000000004 8.6575000000000024 8.3975000000000026 14.725000000000001 12.095486111111112 27.750000000000004 4.5000000000000009 3.5000000000000004 5.5000000000000009 1.2379232494571126 967.22500000000014 7.4075000000000015 30.075000000000006 6.5000000000000009 1.2162752585305394 59.250000000000007 952.92500000000018
decision_type=2 2 10 2 2 2 2 2 2 2 2 8 2 2 2 2 2 2 2 2 2 2 2 2 8 2 2 2 2 2
left_child=5 4 3 22 6 -1 11 -8 10 12 -5 -2 23 21 -13 -16 -6 -18 -19 -20 -21 29 -3 27 -25 -15 -27 28 -7 -11
right_child=1 2 -4 8 16 9 7 -9 -10 13 -12 14 -14 25 15 -17 17 18 19 20 -22 -23 -24 24 -26 26 -28 -29 -30 -31
leaf_value=-0.0040342114495190828 -0.00030407684038677663 0.0003111787649272794 1.0820683700647405e-05 0.00018805736052260769 1.1129448250677078e-05 -0.0030728057483348703 4.5565357909622683e-05 0.00022096967959193679 8.7147444931948636e-05 0.00067095204823977019 0.00012616319031467094 -0.00010451793609639872 0.0013497321278899976 6.5086171395335458e-05 0.00012603239482633774 6.278435599905661e-05 1.8373150171150375e-05 5.9847549718694549e-06 2.2573333638902644e-05 1.7999682913794153e-05 2.872737822687757e-05 -0.0022737700623223808 0.0001235203324016687 -0.0046192346504757478 0.0075032629445906402 0.0019076757793961621 0.00084771254967210777 -0.0055137008667301892 -0.00031121516854711571 -0.0016233284111224491
leaf_weight=18653 266 469 1026 203 7144 15218 225 356 233 1177 415 209 4148 28974 379 237 3670 346 224 406 423 3681 237 552 235 680 1212 4356 11926 435
leaf_count=18653 266 469 1026 203 7144 15218 225 356 233 1177 415 209 4148 28974 379 237 3670 346 224 406 423 3681 237 552 235 680 1212 4356 11926 435
internal_value=-7.47779e-05 0.00238426 0.00607071 0.0098009 0.00169654 -0.000518685 0.00557782 0.0102338 0.0137348 -0.000244797 0.0164302 0.00306296 -0.000647503 0.000161016 0.00478916 0.00654106 0.00116312 0.00207588 0.00491667 0.00639981 0.00485971 -0.000981314 0.00499578 -0.000836771 0.00198106 0.000357033 0.00211597 -0.000907476 -0.000733066 0.000738404
internal_weight=107715 16468 2583 1557 13885 91247 1672 581 851 72594 618 1091 36435 36159 825 616 12213 5069 1399 1053 829 5293 706 32287 787 30866 1892 31500 27144 1612
internal_count=107715 16468 2583 1557 13885 91247 1672 581 851 72594 618 1091 36435 36159 825 616 12213 5069 1399 1053 829 5293 706 32287 787 30866 1892 31500 27144 1612
is_linear=0
shrinkage=0.03


Tree=73
num_leaves=31
num_cat=0
split_feature=22 10 17 22 10 22 8 33 33 31 10 21 24 34 22 8 26 31 14 24 25 14 10 28 18 16 21 30 35 9
split_gain=127.238 33.723 51.0045 39.2956 31.2574 26.1707 24.5929 14.1548 12.8519 10.6756 10.2771 10.1044 9.37892 8.29419 7.51577 7.49562 7.35576 9.83382 9.16486 7.11617 6.95444 6.65304 6.96492 8.12152 6.62716 6.59016 6.57426 7.0331 8.86492 7.81752
threshold=9.6897222222222243 11.500000000000002 5.6675000000000013 11.455277777777781 1.5000000000000002 4.5825833333333348 11.500000000000002 0.13052122218260662 0.087155742747658027 1.7401644786897041 2.5000000000000004 1.8772358888804443 7.4750000000000005 957.52500000000009 2.4859166666666672 16.500000000000004 6.8975000000000009 1.3971695594125506 1.6107787971454364 6.3750000000000009 6.4525000000000015 1.8696902589099995 7.5000000000000009 1.3714708494677008 6.8225000000000007 13.082500000000001 3.9629722333203339 3.8750000000000004 37.750000000000007 5.5000000000000009
decision_type=2 2 10 2 2 2 2 2 2 2 2 2 10 2 2 2 2 2 2 10 10 2 2 2 2 10 2 2 2 2
left_child=5 4 3 9 6 10 11 20 -8 -3 -1 -2 21 -9 -12 -10 18 -18 -6 -16 -5 26 23 -23 -14 -13 27 -7 -29 -30
right_child=1 2 -4 7 16 12 8 13 15 -11 14 25 24 -15 19 -17 17 -19 -20 -21 -22 22 -24 -25 -26 -27 -28 28 29 -31
leaf_value=-0.0052746341342428116 0.00010078437532203848 -0.00010029656310533874 1.0422529812993409e-05 9.7908164826921478e-05 1.3545585461203514e-05 -0.003659964248458642 5.2824125884920355e-05 0.00017012307374518308 0.00015609612197808444 0.00030846156568311667 -0.0044272251399472551 -0.00027575394330221938 0.0019116764748150804 8.368895607763468e-05 -0.0018473094648341734 0.0002121848646645863 4.4808919908933257e-05 1.6440237218248166e-05 3.3689506029075619e-05 0.0066445109582004376 0.00013670234930492019 0.0042666534972861762 -0.00029871018202743294 0.00029530467173697337 6.9039928347074399e-05 0.00010992430228625106 0.00110900429606501 -0.00093169682537296732 -4.3329583164861681e-05 0.00050704658473183309
leaf_weight=4652 201 209 1094 209 11310 7356 234 224 367 516 8117 465 516 200 23905 340 345 511 961 317 232 779 1416 880 1841 204 2774 10730 22589 4038
leaf_count=4652 201 209 1094 209 11310 7356 234 224 367 516 8117 465 516 200 23905 340 345 511 961 317 232 779 1416 880 1841 204 2774 10730 22589 4038
internal_value=-6.22677e-05 0.00226834 0.00536184 0.0087837 0.0017109 -0.000519158 0.00540033 0.0130862 0.00874947 0.00359589 -0.00113129 0.00174857 -9.1207e-05 0.00899301 -0.00094135 0.010757 0.00120004 0.00388153 0.00101149 -0.000676354 0.0168767 -0.000177508 0.0011737 0.00248978 0.00175656 -4.00601e-05 -0.000265119 -0.00035308 -0.000186045 0.000107351
internal_weight=107532 17622 2684 1590 14938 89910 1811 865 941 725 36991 870 52919 424 32339 707 13127 856 12271 24222 441 50562 3075 1659 2357 669 47487 44713 37357 26627
internal_count=107532 17622 2684 1590 14938 89910 1811 865 941 725 36991 870 52919 424 32339 707 13127 856 12271 24222 441 50562 3075 1659 2357 669 47487 44713 37357 26627
is_linear=0
shrinkage=0.03


Tree=74
num_leaves=31
num_cat=0
split_feature=23 10 17 22 10 22 8 22 21 26 1 10 1 22 32 10 9 8 19 31 22 14 1 12 32 34 10 26 31 16
split_gain=122.441 35.6673 55.061 36.6653 32.9481 24.8628 18.3872 17.3084 14.7031 13.7754 11.2191 11.1537 10.3929 14.5603 7.94568 12.8323 11.5393 7.49009 9.73661 7.31231 6.95804 6.95631 6.73549 7.14718 7.89562 6.92032 6.65329 7.12987 6.69382 8.06074
threshold=0.80825339838800669 11.500000000000002 12.920000000000002 11.455277777777781 1.5000000000000002 4.6530555555555564 13.500000000000002 11.56854166666667 2.1714895037091444 3.6425000000000005 -3.6249999999999996 2.5000000000000004 14.875000000000002 12.095486111111112 -0.92384435400961384 4.5000000000000009 3.5000000000000004 12.500000000000002 10.412500000000001 1.8525060198447301 2.4859166666666672 0.19098429254792912 -2.2249999999999996 5.6125000000000016 0.99140711019144634 967.22500000000014 6.5000000000000009 2.2175000000000007 2.1108925290875695 7.9375000000000009
decision_type=2 2 8 2 2 2 2 2 2 2 2 2 2 2 2 2 2 2 8 2 2 2 2 10 2 2 2 2 2 10
left_child=5 4 -3 19 6 11 8 10 -2 -5 -8 -1 -6 17 15 -15 -17 18 -14 -4 -13 -11 23 -7 -25 26 27 -24 29 -29
right_child=1 2 3 9 12 22 7 -9 -10 21 -12 20 13 14 -16 16 -18 -19 -20 -21 -22 -23 25 24 -26 -27 -28 28 -30 -31
leaf_value=-0.0050860071147544178 0.00010638553869386502 4.1816516901229621e-06 -1.1676602853619711e-05 0.00017990497102459812 9.7809052663766494e-06 -0.0063660288559669711 3.8105086327479637e-06 0.00011592852793999353 2.0355094089814926e-05 0.0001313775344320171 0.0002031511714154597 -0.0040340378861987141 3.1089770667288517e-05 2.3220812499104355e-05 9.2393312541615104e-06 3.9816009784350286e-06 2.7249579455034627e-05 -7.9882241627871047e-06 7.0541951004703597e-06 0.00029691428160788074 -0.0015542389225611972 0.00010027113587179789 -0.00033556113500044838 -0.0005352075016109946 0.00058929225991237672 0.0019602823725063606 -0.00014162686770706858 0.0002477737754701903 -0.00012781986865086642 0.00034246374510778585
leaf_weight=4825 340 1032 225 248 6916 3108 217 255 633 225 295 8074 631 206 377 344 456 1694 726 419 24901 407 7180 2411 566 603 25683 5071 3497 6031
leaf_count=4825 340 1032 225 248 6916 3108 217 255 633 225 295 8074 631 206 377 344 456 1694 726 419 24901 407 7180 2411 566 603 25683 5071 3497 6031
internal_value=-5.23051e-05 0.00240061 0.0056392 0.00925311 0.00176632 -0.000469796 0.00560458 0.00906606 0.00284356 0.0132203 0.0057911 -0.00106018 0.00117569 0.00230863 0.00485663 0.00624332 0.00447205 0.00114758 0.00280396 0.00377196 -0.000862796 0.0155793 -5.76131e-05 -0.000997538 5.33192e-05 6.14721e-05 2.07295e-05 0.000406398 0.000786975 0.00114738
internal_weight=107596 15646 2556 1524 13090 91950 1740 767 973 880 512 37800 11350 4434 1383 1006 800 3051 1357 644 32975 632 54150 6085 2977 48065 47462 21779 14599 11102
internal_count=107596 15646 2556 1524 13090 91950 1740 767 973 880 512 37800 11350 4434 1383 1006 800 3051 1357 644 32975 632 54150 6085 2977 48065 47462 21779 14599 11102
is_linear=0
shrinkage=0.03


Tree=75
num_leaves=31
num_cat=0
split_feature=22 10 17 22 10 22 15 22 29 26 34 10 1 22 35 10 9 21 32 30 32 32 35 19 30 22 9 12 25 17
split_gain=112.447 41.1992 53.3777 40.0345 30.1654 24.4911 18.7813 16.2297 12.9232 12.7616 11.4333 10.3827 8.18532 19.0692 10.1186 9.90593 11.2889 7.91454 7.69917 7.45283 9.44224 9.13164 8.94666 8.64976 7.74205 8.46069 9.78444 7.71203 7.64529 7.32952
threshold=9.6897222222222243 11.500000000000002 5.6675000000000013 11.455277777777781 1.5000000000000002 4.4750000000000014 0.23749999999999985 11.56854166666667 7.6975000000000007 3.8225000000000007 954.32500000000016 2.5000000000000004 14.725000000000001 12.095486111111112 27.750000000000004 4.5000000000000009 3.5000000000000004 3.9629722333203339 0.98624804680367306 4.6250000000000009 0.87878364999916148 -0.87032255546191695 24.750000000000004 5.892500000000001 8.7250000000000032 7.0574166666666676 3.5000000000000004 10.442500000000003 2.3125000000000004 3.2575000000000003
decision_type=2 2 10 2 2 2 2 2 2 2 2 2 2 2 2 2 2 2 2 2 2 2 2 10 2 2 2 10 10 8
left_child=5 4 3 18 7 11 9 10 -9 -5 -2 -1 -6 -14 -15 -16 -17 19 -3 20 -7 22 -21 27 25 -25 28 -24 -27 -13
right_child=1 2 -4 6 12 17 -8 8 -10 -11 -12 29 13 14 15 16 -18 -19 -20 21 -22 -23 23 24 -26 26 -28 -29 -30 -31
leaf_value=-0.0049436374257272623 0.00019960867428157731 -2.2111280086466456e-05 4.0930101495051382e-06 0.00017450782189386003 9.2044147517946509e-06 0.00038593855242951891 7.5674168863638791e-05 9.4569283816969826e-05 9.0280403825535683e-05 0.00012000702967486897 9.3134015276925551e-05 -0.005028789547407193 1.7339566840114344e-05 4.7124427281819426e-06 2.40918572528781e-05 1.263318085451659e-05 2.6960497869984795e-05 0.0012622163205094393 0.00028876010594800644 -0.0032731407268942365 -0.0041938812557329921 0.00015840706654815111 -0.0012291017023858808 -0.0023393953451243095 -1.6847557534519796e-06 0.0012301457309946561 0.00011677092093466676 0.0006543433620183369 0.00080878086510595166 -0.0017089003208383235
leaf_weight=4587 243 252 1070 211 7570 5077 248 356 272 427 954 3446 4174 365 222 402 407 3222 486 2748 8702 17894 12598 375 1856 225 334 697 454 27831
leaf_count=4587 243 252 1070 211 7570 5077 248 356 272 427 954 3446 4174 365 222 402 407 3222 486 2748 8702 17894 12598 375 1856 225 334 697 454 27831
internal_value=-5.86304e-05 0.00212992 0.00554205 0.00896133 0.00151403 -0.000487924 0.0132458 0.00512295 0.00901422 0.0159658 0.00305241 -0.00109599 0.00101103 0.00188341 0.0049122 0.00642567 0.00483169 -8.53717e-05 0.00376312 -0.000176592 -0.000772418 4.42901e-05 -0.000408512 -0.000144887 0.00124284 0.00293324 0.00435265 -0.000483835 0.00640789 -0.000900231
internal_weight=107705 17659 2694 1624 14965 90046 886 1825 628 638 1197 35864 13140 5570 1396 1031 809 54182 738 50960 13779 37181 19287 16539 3244 1388 1013 13295 679 31277
internal_count=107705 17659 2694 1624 14965 90046 886 1825 628 638 1197 35864 13140 5570 1396 1031 809 54182 738 50960 13779 37181 19287 16539 3244 1388 1013 13295 679 31277
is_linear=0
shrinkage=0.03


Tree=76
num_leaves=31
num_cat=0
split_feature=23 2 12 19 10 26 10 2 16 22 24 15 10 17 1 10 21 25 34 16 1 32 10 1 34 9 26 8 33 32
split_gain=111.91 41.2473 31.6162 27.0173 22.7036 21.8459 20.1608 16.3717 14.6673 12.4958 10.6147 10.5668 9.08686 13.3923 9.10314 8.61701 8.77956 8.51714 8.4723 8.84981 8.41689 9.65432 10.4615 14.3918 7.88896 12.2732 12.2735 11.4566 26.5096 9.7544
threshold=0.88629949191619983 1.2067236491811688 5.5025000000000013 9.2775000000000016 11.500000000000002 3.8625000000000007 1.5000000000000002 1.2082683260917315 12.972500000000002 3.2227777777777784 7.575000000000002 0.20499999999999877 6.5000000000000009 7.5825000000000005 10.025000000000002 11.500000000000002 4.5105639806976017 5.2375000000000016 967.22500000000014 6.892500000000001 16.525000000000002 -0.93038214053199442 5.5000000000000009 24.675000000000004 961.82500000000016 3.5000000000000004 1.9025000000000005 14.500000000000002 0.11319890333640049 0.98624804680367306
decision_type=2 2 8 10 2 2 2 2 10 2 10 2 2 8 2 2 2 10 2 8 2 2 2 2 2 2 2 2 2 2
left_child=2 20 7 4 6 -6 8 9 -3 -1 15 -7 13 -4 24 16 -11 -5 -9 -20 -2 22 23 -22 25 26 -15 -28 -29 -26
right_child=1 3 12 17 5 11 -8 18 -10 10 -12 -13 -14 14 -16 -17 -18 -19 19 -21 21 -23 -24 -25 29 -27 27 28 -30 -31
leaf_value=-0.0030540800789914595 2.0146084199568202e-05 7.939023742592477e-05 -0.0026263154719865442 0.00012660404454461861 6.3017996579903165e-05 0.00011176479551504248 -2.441227643564061e-05 -0.0050969136233009384 8.634003218589203e-05 -0.0012813371727770572 0.0045273965100927705 7.6160131872116813e-05 -2.5132691848399611e-05 -0.00063046198118311741 3.6019302763329458e-05 0.0034333863745983797 0.0027063346269585943 -2.2840866725824878e-05 -0.0045885634192976005 0.0084732502428458371 2.570371178207956e-05 4.3728384740238104e-06 1.9164328385510297e-05 4.2611470438572094e-06 -0.00032387304441476968 0.0001831766567705917 0.00047922871496090753 0.0002791832225916804 0.0006408604122042172 0.00019870177141639633
leaf_weight=15240 4598 351 1891 202 201 441 313 9508 254 27397 311 229 22608 431 12151 1107 737 443 655 203 555 535 535 203 1192 2525 1494 541 356 464
leaf_count=15240 4598 351 1891 202 201 441 313 9508 254 27397 311 229 22608 431 12151 1107 737 443 655 203 555 535 535 203 1192 2525 1494 541 356 464
internal_value=-9.86578e-05 0.00313029 -0.000388329 0.00645264 0.00834615 0.0118116 0.00501192 -0.00086569 0.00818852 -0.000616917 -0.000256996 0.0144 0.000214874 0.00066342 0.000901299 -0.000316044 -0.000418352 0.00117692 -0.00193983 0.000910776 0.00186783 0.00358756 0.00498536 0.00724246 0.00176241 0.00232231 0.00368023 0.00451878 0.00719401 -4.69604e-05
internal_weight=107671 8860 98811 2434 1789 871 918 55158 605 44792 29552 670 43653 21045 19154 29241 28134 645 10366 858 6426 1828 1293 758 7003 5347 2822 2391 897 1656
internal_count=107671 8860 98811 2434 1789 871 918 55158 605 44792 29552 670 43653 21045 19154 29241 28134 645 10366 858 6426 1828 1293 758 7003 5347 2822 2391 897 1656
is_linear=0
shrinkage=0.03


Tree=77
num_leaves=31
num_cat=0
split_feature=22 10 17 22 10 22 8 2 8 21 33 10 35 9 24 21 0 2 19 21 30 31 24 35 17 1 20 33 19 8
split_gain=100.354 40.7245 50.7704 45.3064 27.6597 21.3554 17.4286 20.466 14.4835 14.2482 13.6355 10.0995 8.06689 10.3653 9.44495 8.26506 9.70477 18.0322 8.24538 9.54837 7.76071 7.69694 8.13862 7.49408 7.46105 6.96927 12.5582 9.61843 7.0568 6.94467
threshold=9.6897222222222243 11.500000000000002 5.6675000000000013 11.357361111111114 1.5000000000000002 3.2227777777777784 10.500000000000002 1.2273456567271657 16.500000000000004 2.1604122865861273 0.13052122218260662 1.5000000000000002 37.750000000000007 5.5000000000000009 7.575000000000002 1.9597837890867063 4.0675000000000017 1.2176200759404772 5.1175000000000006 2.7123827546964807 5.8250000000000011 1.7401644786897041 5.7750000000000012 62.250000000000007 3.9275000000000007 14.725000000000001 12.177916666666668 -0.18222858652173743 8.1725000000000012 12.500000000000002
decision_type=2 2 10 2 2 2 2 2 2 2 2 2 2 2 10 2 2 2 8 2 2 2 10 2 10 2 2 2 10 2
left_child=5 4 3 21 6 24 9 8 23 -2 -5 20 18 14 -14 -15 -17 -18 -13 -20 -7 -3 -23 -8 -1 -6 28 -28 -27 -30
right_child=1 2 -4 10 25 11 7 -9 -10 -11 -12 12 13 15 -16 16 17 -19 19 -21 -22 22 -24 -25 -26 26 27 -29 29 -31
leaf_value=-0.0034078415361379422 8.5535266337288799e-05 -7.9178276454739655e-05 6.3238995652000367e-06 0.0001130538749191734 7.4665903100246118e-06 -0.0055250752546839935 0.0001250938175979746 2.9136209756910334e-05 0.0002043577765803728 -0.00029379910314990211 0.00014465606834960121 -0.0034734407415302694 -0.0001163387391696713 1.7157565490130144e-05 0.00074522140260973365 -5.0448501992170992e-05 0.0013038982797037185 0.0048781673219463568 -0.00055113918167556204 0.0012175444255261068 2.9379302605868702e-05 0.00037486034255659884 3.9559252374712219e-05 0.00011242021431380645 0.0091049810891261612 1.4053318917248449e-06 2.2764719009307209e-05 1.2456766097251648e-05 3.1298878509475626e-05 1.1149120470778262e-05
leaf_weight=18370 286 202 1083 467 7615 4110 211 284 292 521 434 5592 38617 3414 1084 1268 2129 232 10824 1881 2083 238 250 230 211 2802 618 768 685 640
leaf_count=18370 286 202 1083 467 7615 4110 211 284 292 521 434 5592 38617 3414 1084 1268 2129 232 10824 1881 2083 238 250 230 211 2802 618 768 685 640
internal_value=-8.2954e-05 0.00198639 0.00539306 0.00879511 0.00137554 -0.000489146 0.00483215 0.00743542 0.0100691 0.00152586 0.0132086 -0.00025284 -0.000142561 6.6482e-05 -0.00012172 0.0011267 0.00212245 0.0032574 -0.000676484 -0.000253738 -0.00140997 0.00297842 0.00500203 0.00651794 -0.00139476 0.000893626 0.00170551 0.0041711 0.000873426 0.00267293
internal_weight=107441 17626 2674 1591 14952 89815 1824 1017 733 807 901 71234 65041 46744 39701 7043 3629 2361 18297 12705 6193 690 488 441 18581 13128 5513 1386 4127 1325
internal_count=107441 17626 2674 1591 14952 89815 1824 1017 733 807 901 71234 65041 46744 39701 7043 3629 2361 18297 12705 6193 690 488 441 18581 13128 5513 1386 4127 1325
is_linear=0
shrinkage=0.03


Tree=78
num_leaves=31
num_cat=0
split_feature=23 2 22 19 35 10 33 10 14 12 10 19 35 8 34 19 18 34 34 32 18 9 34 26 26 32 34 30 24 2
split_gain=101.288 38.8971 31.8727 25.858 21.9211 15.6529 17.9568 11.4116 10.5896 9.66228 9.5213 8.1693 7.66262 10.2723 9.6737 7.61547 7.45257 7.35554 7.32284 7.21057 11.1018 8.2433 11.2098 8.05961 7.1539 6.6301 8.63801 6.51431 6.10798 5.98304
threshold=0.88629949191619983 1.2076058377359182 4.5825833333333348 9.2775000000000016 52.250000000000007 11.500000000000002 0.10452846326765323 1.5000000000000002 0.39122670324676995 6.7025000000000015 2.5000000000000004 5.7525000000000013 37.750000000000007 8.5000000000000018 951.02500000000009 2.2175000000000007 10.987500000000002 958.72500000000014 967.97500000000014 -0.98321746822993583 4.9675000000000011 3.5000000000000004 966.47500000000014 2.0575000000000006 4.0075000000000012 0.95368063612909471 947.27500000000009 7.575000000000002 1.9250000000000005 1.1389149935488161
decision_type=2 2 2 10 2 2 2 2 2 10 2 10 2 2 2 10 2 2 2 2 2 2 2 2 2 2 2 2 10 2
left_child=2 8 10 4 -3 7 -7 -6 -2 11 -1 16 -12 15 28 -14 -4 -5 -16 20 -11 23 -23 -21 -18 26 27 -13 -15 -10
right_child=1 3 9 17 5 6 -8 -9 29 19 12 25 13 14 18 -17 24 -19 -20 21 -22 22 -24 -25 -26 -27 -28 -29 -30 -31
leaf_value=-0.0045002355535630235 3.7580205881715398e-06 7.6118504785094114e-05 -0.0013231372351659087 0.00011634817510050565 8.3398971650723832e-05 8.7130783498355198e-05 5.9471943456966035e-05 -2.9819204989713907e-05 2.1561903323971121e-05 0.0026042754587969593 -0.0041522857958659993 0.0033105497992467012 -0.0031808738547773282 0.0013656314395493474 -0.0014637595857880099 0.00053795142739761985 0.00062200500561228041 -2.3140528695874042e-05 0.014347665986952482 -5.2389954901706375e-05 -0.00016555378117633079 -1.0086759594156559e-05 0.00075416633025726101 0.00015355352173143273 -0.0048739565807807226 -0.00011945362024249561 0.00033692196757790507 0.00033329512812876882 0.0058661015780863465 2.9457615609073117e-05
leaf_weight=4639 2608 431 25795 245 409 322 267 280 1263 768 9516 436 9829 2037 7025 2742 2214 368 253 2353 5291 10010 315 10531 651 1654 1453 290 892 2736
leaf_count=4639 2608 431 25795 245 409 322 267 280 1263 768 9516 436 9829 2037 7025 2742 2214 368 253 2353 5291 10010 315 10531 651 1654 1453 290 892 2736
internal_value=-9.34615e-05 0.00296541 -0.000370339 0.00630168 0.00819311 0.00617771 0.00975252 0.00307349 0.00178902 4.65783e-05 -0.00106744 -0.000309527 -0.00088461 -0.000585701 0.000121327 -0.00115959 -0.000483517 0.00100485 -0.000464644 0.000441908 -0.000479387 0.000682475 5.08221e-05 0.00118845 0.000966898 0.000990359 0.00207555 0.00473598 0.00157566 0.00275799
internal_weight=107623 8929 98694 2322 1709 1278 589 689 6607 61761 36933 32493 32294 22778 10207 12571 28660 613 7278 29268 6059 23209 10325 12884 2865 3833 2179 726 2929 3999
internal_count=107623 8929 98694 2322 1709 1278 589 689 6607 61761 36933 32493 32294 22778 10207 12571 28660 613 7278 29268 6059 23209 10325 12884 2865 3833 2179 726 2929 3999
is_linear=0
shrinkage=0.03


Tree=79
num_leaves=31
num_cat=0
split_feature=23 2 27 19 35 35 14 8 9 32 26 23 10 14 1 35 27 24 21 35 8 25 32 10 33 29 24 9 25 30
split_gain=90.799 36.222 27.9689 26.8239 17.8 13.2036 12.8619 12.0147 12.7605 11.99 9.71332 9.48903 7.91278 7.89727 7.36837 7.36538 7.32842 7.28555 7.52653 7.19901 8.14457 6.29989 6.10413 5.94028 5.81926 6.04485 5.34215 5.22301 8.68065 5.17094
threshold=0.88629949191619983 1.2076058377359182 3.1856250000000008 9.2775000000000016 52.250000000000007 26.750000000000004 1.7013389329671633 11.500000000000002 2.5000000000000004 0.87032255546191739 5.7775000000000007 0.92844656745430043 1.5000000000000002 0.39504219183947592 16.875000000000004 27.250000000000004 5.0579166666666682 5.5250000000000012 3.7400690664560963 34.250000000000007 15.500000000000002 5.2375000000000016 -0.97625883275952019 11.500000000000002 0.47714059151611404 1.0575000000000003 6.4250000000000016 3.5000000000000004 3.4575000000000005 3.0750000000000006
decision_type=2 2 2 10 2 2 2 2 2 2 2 2 2 2 2 2 2 10 2 2 2 10 2 2 2 2 8 2 8 2
left_child=2 13 6 4 -3 9 12 8 -6 -4 22 -9 -1 23 -15 -16 -12 18 19 -14 29 -5 -7 -2 -22 -26 -24 28 -11 -21
right_child=1 3 5 21 7 10 -8 11 -10 27 16 -13 17 14 15 -17 -18 -19 -20 20 24 -23 26 -25 25 -27 -28 -29 -30 -31
leaf_value=-0.0051275846017998601 -4.4010942590231627e-07 7.3834960531720119e-05 -0.0026197221181079246 0.00011222423542194825 8.6935291149310695e-05 -9.4640817622049643e-05 0.0015968985051831484 0.00010465823890507147 5.292945241277547e-05 0.0048532551957844164 0.0032208271886279261 7.6810490583062514e-05 -0.004627572508966742 2.7050007503613447e-05 3.1538775751881566e-06 2.3320615411778704e-05 4.4708836106838251e-05 0.0044708458610969708 0.00096690795836551263 -0.0035596785135909859 -0.00034557178499993954 -2.2675305198082971e-05 9.2385676656114848e-06 0.00016315184437912369 0.01382635366655661 0.0018953512380918008 9.6999399418030061e-05 -0.0001275088384100198 5.475418908944868e-05 -0.0013669344596496924
leaf_weight=4651 2436 424 5336 205 350 6689 2856 218 483 230 208 230 7296 2717 322 949 726 316 2302 10695 9454 422 12291 205 205 578 16646 1271 1326 15734
leaf_count=4651 2436 424 5336 205 350 6689 2856 218 483 230 208 230 7296 2717 322 949 726 316 2302 10695 9454 422 12291 205 205 578 16646 1271 1326 15734
internal_value=-0.000110536 0.00278017 -0.000372819 0.0059923 0.0079386 0.000182234 -0.00083175 0.00613297 0.00396301 -0.000908301 0.000425816 0.0100795 -0.000940999 0.00164652 0.00248835 0.00437069 0.0034377 -0.000823012 -0.00085418 -0.000941752 -0.00077031 0.000678797 0.000346383 0.000373015 -5.18461e-05 0.00242513 0.000535173 0.00067055 0.00183344 -0.00104854
internal_weight=107771 8961 98810 2332 1705 44723 54087 1281 833 8163 36560 448 51231 6629 3988 1271 934 46580 46264 43962 36666 627 35626 2641 10237 783 28937 2827 1556 26429
internal_count=107771 8961 98810 2332 1705 44723 54087 1281 833 8163 36560 448 51231 6629 3988 1271 934 46580 46264 43962 36666 627 35626 2641 10237 783 28937 2827 1556 26429
is_linear=0
shrinkage=0.03


Tree=80
num_leaves=31
num_cat=0
split_feature=22 2 5 19 10 10 10 33 33 21 35 19 17 35 28 10 33 26 34 2 32 10 2 2 19 10 24 31 14 35
split_gain=84.7403 39.6728 27.9271 27.0237 15.7856 12.883 19.2184 15.518 12.6564 11.0721 10.4011 10.3578 9.67829 12.1941 8.80696 8.31943 8.2862 7.58758 7.53892 7.36308 9.90183 7.44166 13.5231 7.39116 10.3991 11.5459 7.7079 6.89057 6.75675 6.60424
threshold=11.26215277777778 1.2076058377359182 0.14974987376816554 9.2775000000000016 2.5000000000000004 11.500000000000002 1.5000000000000002 0.13052122218260662 0.087155742747658027 2.7304715708546619 48.250000000000007 5.3975000000000009 6.9675000000000011 68.750000000000014 2.4023033651620658 6.5000000000000009 -0.095842103007655791 1.3825000000000003 958.82500000000016 1.1404876732905997 -0.93663652364155492 5.5000000000000009 1.1167777120230042 1.1857183201776698 8.9325000000000028 11.500000000000002 9.0750000000000028 2.3249496165995569 1.6107787971454364 34.250000000000007
decision_type=2 2 2 10 2 2 2 2 2 2 2 10 8 2 2 2 2 2 2 2 2 2 2 2 10 2 10 2 2 2
left_child=2 19 4 5 -1 6 8 -7 -3 14 11 15 13 27 29 -4 -16 -14 -5 20 21 22 -2 28 25 -25 -26 -12 -21 -6
right_child=1 3 10 18 9 7 -8 -9 -10 -11 12 -13 17 -15 16 -17 -18 -19 -20 23 -22 -23 -24 24 26 -27 -28 -29 -30 -31
leaf_value=-0.0046159254095955978 1.0835738461154597e-05 5.6893039406238356e-05 7.841608091853081e-06 0.00010219043556871976 -0.0045573483373094427 8.2001085666894005e-05 -4.2636837892765495e-05 6.4357680030569677e-05 8.5747156210371736e-05 0.00080242851374053622 0.0014642950141757372 4.0623631618511569e-05 -0.00087764190694435194 -0.0026287052752076157 0.0075977703947248858 -0.00047187802945354514 -0.0004825785902794662 0.00014215650100298459 -2.2016883053964814e-05 -6.028687899731766e-06 -4.2345571279666664e-07 1.7458011401350158e-05 2.3467862695875332e-05 5.682173989021026e-05 -3.1294153119753566e-05 0.00016715989340793547 9.5532134321716706e-05 -0.00080905883570486228 4.0246518422361044e-05 -0.0016833942540549214
leaf_weight=6813 351 236 6736 207 7982 466 226 308 252 7296 1239 6444 2595 3886 220 9003 285 22203 352 2390 590 522 398 677 624 221 206 891 321 23476
leaf_count=6813 351 236 6736 207 7982 466 226 308 252 7296 1239 6444 2595 3886 220 9003 285 22203 352 2390 590 522 398 677 624 221 206 891 321 23476
internal_value=-8.84192e-05 0.00281358 -0.000333055 0.00643713 -0.000873235 0.00854387 0.00557441 0.0112298 0.00889655 -0.000641734 0.000136579 -0.000358708 0.000493137 -0.00058595 -0.000882414 -0.000773438 0.00302941 0.000754989 0.000803191 0.00163204 0.00321383 0.00469984 0.00660875 0.000966021 0.00249625 0.00472425 7.18556e-05 0.00123653 -1.21509e-05 -0.000945683
internal_weight=107416 8347 99069 2047 46072 1488 714 774 488 39259 52997 22183 30814 6016 31963 15739 505 24798 559 6300 1861 1271 749 4439 1728 898 830 2130 2711 31458
internal_count=107416 8347 99069 2047 46072 1488 714 774 488 39259 52997 22183 30814 6016 31963 15739 505 24798 559 6300 1861 1271 749 4439 1728 898 830 2130 2711 31458
is_linear=0
shrinkage=0.03


Tree=81
num_leaves=31
num_cat=0
split_feature=20 2 19 12 2 8 18 35 35 21 35 19 24 26 31 8 34 14 17 34 18 32 34 8 35 15 32 8 1 34
split_gain=88.3534 39.5482 29.839 28.639 15.5294 15.0052 14.0579 13.3928 9.85459 9.77029 9.54062 8.87021 8.4635 7.90394 8.01537 7.84503 12.5037 7.69345 7.32967 7.30108 7.16359 7.08198 6.91489 9.1813 6.76 6.58416 6.57119 9.97925 12.5274 14.5842
threshold=11.365500000000003 1.2076058377359182 9.2775000000000016 5.4625000000000012 1.2082683260917315 13.500000000000002 9.7625000000000028 55.250000000000007 24.250000000000004 2.0976214207261559 37.750000000000007 1.5325000000000004 5.5750000000000011 2.1725000000000003 2.1661505695414953 7.5000000000000009 948.37500000000011 0.77238267717499631 4.4025000000000007 958.72500000000014 3.4675000000000007 -0.25881904510252068 967.22500000000014 13.500000000000002 62.250000000000007 -1.4049999999999994 -0.84335933205092495 15.500000000000002 4.0750000000000011 961.82500000000016
decision_type=2 2 10 10 2 2 2 2 2 2 2 10 8 2 2 2 2 2 8 2 2 2 2 2 2 2 2 2 2 2
left_child=3 17 5 4 6 7 10 -3 21 -9 25 15 13 -10 -15 -12 24 -2 -13 -4 -14 -5 -6 -24 -17 -1 -22 -28 29 -29
right_child=1 2 19 8 22 -7 -8 9 12 -11 11 18 20 14 -16 16 -18 -19 -20 -21 26 -23 23 -25 -26 -27 27 28 -30 -31
leaf_value=0.0013831085142470422 1.0585870958519518e-05 6.7205902191176385e-05 9.9124722501658932e-05 -0.0023602347774882237 -0.0046537912785554105 9.0162655373193792e-05 0.00096790057598778964 7.1728628558405955e-05 -0.0025561740774260587 4.4715351082854521e-05 -0.0028483234191423535 -0.0027464032425672919 0.0032013503365984188 0.00048153716628406392 -0.00026574937899300654 0.0027039304903810416 -0.0017340144705887894 2.3622430844706837e-05 0.0013376923644596306 -2.1251667540967964e-05 1.1782556489507988e-05 3.512568178187942e-05 -0.0039256270695684813 0.015637746226065861 0.0072653545782276063 -0.0038609543879025063 3.8636194258906006e-05 0.00032758421726993036 0.00010608798177244594 9.1703115747154834e-05
leaf_weight=1368 4000 295 200 3090 9256 489 2972 245 4742 383 9381 2235 1814 4257 4345 1835 7825 2237 7685 360 13126 1635 625 211 387 10897 8931 925 1385 640
leaf_count=1368 4000 295 200 3090 9256 489 2972 245 4742 383 9381 2235 1814 4257 4345 1835 7825 2237 7685 360 13126 1635 625 211 387 10897 8931 925 1385 640
internal_value=-7.55985e-05 0.0029149 0.00661305 -0.00032229 -0.000783275 0.00893013 -0.000542611 0.00661746 0.000239224 0.00408531 -0.000685017 -0.000391238 0.00039171 -0.000225636 0.000316486 -0.000763856 -0.000181159 0.00174127 0.000338538 0.000743362 0.000698836 -0.00105603 -0.0018457 0.000763376 0.00180242 -0.00138753 0.000566487 0.00107749 0.00258883 0.00442357
internal_weight=107776 8209 1972 99567 54677 1412 44585 923 44890 628 41613 29348 40165 13344 8602 19428 10047 6237 9920 560 26821 4725 10092 836 2222 12265 25007 11881 2950 1565
internal_count=107776 8209 1972 99567 54677 1412 44585 923 44890 628 41613 29348 40165 13344 8602 19428 10047 6237 9920 560 26821 4725 10092 836 2222 12265 25007 11881 2950 1565
is_linear=0
shrinkage=0.03


Tree=82
num_leaves=31
num_cat=0
split_feature=23 2 27 19 10 10 15 16 22 2 2 9 34 10 34 16 12 16 33 14 24 10 21 24 27 26 10 34 10 34
split_gain=84.2159 33.1688 26.4932 24.77 15.5228 17.6662 16.3448 15.2486 11.087 10.2676 10.3452 10.5148 9.94377 8.57348 12.9916 9.48686 8.25001 9.99198 8.01285 7.96147 8.06295 7.44718 6.8659 9.45375 6.57534 6.85386 5.42034 10.3428 9.57863 6.88774
threshold=0.90342059548159825 1.2067236491811688 3.3179166666666675 9.2775000000000016 11.500000000000002 1.5000000000000002 0.22999999999999968 12.972500000000002 2.4859166666666672 1.1480176067867423 1.1857183201776698 1.5000000000000002 958.32500000000016 2.5000000000000004 966.47500000000014 7.4075000000000015 5.4275000000000011 13.082500000000001 -0.16504132135358066 1.3180414763327151 5.7250000000000005 5.5000000000000009 1.2699288032933851 7.5250000000000012 8.1483333333333352 4.2325000000000008 6.5000000000000009 953.52500000000009 2.5000000000000004 958.92500000000018
decision_type=2 2 2 10 2 2 2 10 2 2 2 2 2 2 2 10 10 8 2 2 10 2 2 8 2 2 2 2 2 2
left_child=2 9 8 4 5 7 12 -3 -1 18 -11 -12 -6 16 19 -16 -10 -18 21 20 -15 -2 -4 -24 25 -13 27 28 -25 -29
right_child=1 3 22 -5 6 -7 -8 -9 13 10 11 24 -14 14 15 -17 17 -19 -20 -21 -22 -23 23 26 -26 -27 -28 29 -30 -31
leaf_value=-0.0037902094640694132 2.2644600861404593e-05 5.0739600608287968e-05 -7.0401375702431343e-05 1.1757815943702621e-05 0.00012427190526728137 -2.7173264233816111e-05 5.5988376283274687e-05 9.1210105532462722e-05 -0.0040737100146170397 -9.4334363236114874e-06 -3.1337172155168215e-05 0.00010977930913090021 6.6905318377726835e-05 -0.0015968688791998496 0.0015406567233539746 0.0060334617452294358 -0.0015277798872763446 0.0019986918025061175 9.8019933819770694e-06 0.0006662392589314427 0.0045268360512423726 1.4089942285454571e-05 -8.7948602361827148e-06 0.00026078859842986873 0.00011742646943155172 -1.9807761696621905e-06 1.3888809216021912e-05 -3.7547586141874699e-05 0.00034333765873323927 0.00013334280787247489
leaf_weight=8989 554 279 8960 557 236 246 273 233 5594 2051 428 534 288 34396 727 353 1281 209 1020 5554 295 316 16297 299 208 391 6048 3157 5413 2214
leaf_count=8989 554 279 8960 557 236 246 273 233 5594 2051 428 534 288 34396 727 353 1281 209 1020 5554 295 316 16297 299 208 391 6048 3157 5413 2214
internal_value=-8.46336e-05 0.00295551 -0.000316743 0.00614738 0.00808654 0.00496199 0.0110087 0.00811218 -0.000736791 0.0017258 0.000786286 0.0026226 0.0140983 -0.000557009 -0.000391605 0.00284793 -0.00152095 0.000461538 0.00351451 -0.000478883 -0.000647712 0.00562286 0.000252069 0.000449735 0.00413093 0.00301613 0.000941701 0.00133577 0.00222389 0.000390066
internal_weight=107400 7614 99786 2112 1555 758 797 512 57398 5502 3612 1561 524 48409 41325 1080 7084 1490 1890 40245 34691 870 42388 33428 1133 925 17131 11083 5712 5371
internal_count=107400 7614 99786 2112 1555 758 797 512 57398 5502 3612 1561 524 48409 41325 1080 7084 1490 1890 40245 34691 870 42388 33428 1133 925 17131 11083 5712 5371
is_linear=0
shrinkage=0.03


Tree=83
num_leaves=31
num_cat=0
split_feature=22 2 5 19 10 26 10 10 25 10 35 10 21 14 17 35 30 2 27 28 19 33 11 20 21 14 33 32 19 9
split_gain=77.5402 39.7407 27.2833 26.7571 16.3849 16.8876 15.2587 12.7016 12.5682 11.5135 11.4734 10.2262 9.46241 8.87199 7.57908 10.6947 11.0513 8.1141 6.98381 6.73201 6.41947 6.87167 6.05324 5.84313 5.54246 5.36384 5.3323 5.27321 5.12983 5.11668
threshold=11.357361111111114 1.2067236491811688 0.1093694833306529 7.4125000000000005 11.500000000000002 4.0275000000000007 1.5000000000000002 2.5000000000000004 6.347500000000001 2.5000000000000004 43.750000000000007 6.5000000000000009 2.651844876619545 0.77238267717499631 7.0875000000000012 67.750000000000014 5.0250000000000012 1.2027696988679388 4.6379166666666682 1.9176320032270355 8.3325000000000014 0.06104621499353461 2.6825000000000006 10.627083333333337 0.96668139306088552 0.46154631403577123 -0.095842103007655791 -0.82409480842201666 4.9525000000000015 1.5000000000000002
decision_type=2 2 2 10 2 2 2 2 10 2 2 2 2 2 8 2 2 2 2 2 10 2 2 2 2 2 2 2 8 2
left_child=2 13 7 4 6 -6 -3 -1 -7 -5 11 18 19 -2 15 16 -12 -18 22 -9 27 -22 -4 25 28 -20 -21 -13 -16 -29
right_child=1 3 10 9 5 8 -8 12 -10 -11 14 20 -14 -15 24 -17 17 -19 23 26 21 -23 -24 -25 -26 -27 -28 29 -30 -31
leaf_value=-0.0044688375958705463 8.7901321536736605e-06 6.1622347030449991e-05 0.0062093394231366363 0.00012040731519350781 5.3184230298940479e-05 9.9565087749350347e-05 -2.975966988109424e-05 -0.0025940980428630334 6.7952310759266548e-05 -2.2407213263739843e-05 -0.0036257639599944361 -0.0022923967447191552 0.00058994908793595538 2.2813108056512827e-05 0.0049055645959158074 -0.0023358411129192303 0.0016578236609792185 -0.005057664979720349 0.00028088388063300386 0.0054062470565756915 0.00016625479022973287 -3.1372934855067311e-05 -0.00049312125816839748 -2.7619397802702635e-05 0.00012836897611675867 0.00010962169576655856 -0.00035961403940231297 0.00080167133912815514 -0.00028406775703312623 -0.00010550542746330113
leaf_weight=5832 3845 397 201 267 203 296 211 26001 245 415 986 6501 6877 2084 232 4544 1334 228 1234 398 203 208 5629 579 27900 2075 668 1027 3413 3531
leaf_count=5832 3845 397 201 267 203 296 211 26001 245 415 986 6501 6877 2084 232 4544 1334 228 1234 398 203 208 5629 579 27900 2075 668 1027 3413 3531
internal_value=-8.15484e-05 0.00276619 -0.00030935 0.0063796 0.00881651 0.0117997 0.00509951 -0.000918228 0.0145549 0.00151965 9.55199e-05 -0.000465437 -0.000695809 0.00152224 0.000403162 -0.00048274 0.00107168 0.00263816 0.000250539 -0.00094825 -0.0010719 0.00258894 -0.00040617 0.00123452 0.000602376 0.00172088 0.00138375 -0.00120906 -0.000497261 -0.000426036
internal_weight=107564 7963 99601 2034 1352 744 608 39776 541 682 59825 21188 33944 5929 38637 7092 2548 1562 9718 27067 11470 411 5830 3888 31545 3309 1066 11059 3645 4558
internal_count=107564 7963 99601 2034 1352 744 608 39776 541 682 59825 21188 33944 5929 38637 7092 2548 1562 9718 27067 11470 411 5830 3888 31545 3309 1066 11059 3645 4558
is_linear=0
shrinkage=0.03


Tree=84
num_leaves=31
num_cat=0
split_feature=23 2 22 19 10 26 25 10 2 35 27 10 2 14 6 8 29 2 10 19 2 9 2 31 32 11 14 19 19 2
split_gain=72.8139 36.3024 26.7668 23.3917 16.2609 15.5377 18.8307 12.3979 12.1539 12.8379 17.0532 9.98285 8.94042 8.66814 8.42424 7.21714 7.43548 7.24711 7.07965 9.01464 8.05962 10.6181 6.26614 9.1726 6.77273 5.94397 5.62983 5.58462 5.44746 8.46122
threshold=0.90342059548159825 1.2067236491811688 6.5268333333333342 7.4125000000000005 11.500000000000002 4.0275000000000007 6.347500000000001 1.5000000000000002 1.2082683260917315 42.750000000000007 2.6435416666666671 2.5000000000000004 1.2300875627377155 0.66277195672956979 2.5000000000000004 17.500000000000004 0.87750000000000017 1.1660487668648771 3.5000000000000004 2.2975000000000003 1.1762199089169951 3.5000000000000004 1.1057510387845113 1.2127501661539004 0.30069434954884217 2.5675000000000008 2.0343631272054918 1.6775000000000004 10.667500000000002 1.1940752398920289
decision_type=2 2 2 10 2 2 10 2 2 2 2 2 2 2 2 2 2 2 2 8 2 2 2 2 2 2 2 10 10 2
left_child=2 13 8 4 7 -6 -7 12 9 14 15 -5 -3 28 26 17 -17 27 19 -12 21 -21 23 24 -20 -4 -1 -11 29 -2
right_child=1 3 25 11 5 6 -8 -9 -10 10 18 -13 -14 -15 -16 16 -18 -19 22 20 -22 -23 -24 -25 -26 -27 -28 -29 -30 -31
leaf_value=-0.0036473550288763554 1.5064003728352229e-06 6.0757336454542823e-05 0.001937510131272877 0.00011255798743160084 4.464263726414841e-05 9.3814482184766392e-05 7.0600475065954343e-05 -2.5328009453767805e-05 -0.0038736436068240376 -0.0015381409761617585 0.0069970751334510525 -2.0399346114267877e-05 4.2947478506507598e-05 2.2766958438370412e-05 0.001060575026301917 0.011636520971245047 0.00013500901632668871 -0.0036334602500075488 0.0028568765678400991 0.0023975910813673921 -6.4203987240045717e-05 0.0075432578162426501 0.00039650418955337614 -0.0011721531631425496 0.0063110410572452241 2.1532728094145748e-05 0.0018103383823414878 0.0013320356983920984 -1.2767478231425765e-05 0.0001041957943166072
leaf_weight=16155 1958 214 506 278 204 323 245 211 9800 7318 202 412 220 2338 2532 273 4502 5805 213 224 710 209 7437 422 259 39612 761 3025 711 542
leaf_count=16155 1958 214 506 278 204 323 245 211 9800 7318 202 412 220 2338 2532 273 4502 5805 213 224 710 209 7437 422 259 39612 761 3025 711 542
internal_value=-0.000111247 0.00270748 -0.000327249 0.0060554 0.00825527 0.0111892 0.0137277 0.00468461 -0.000729149 -0.000539859 -0.000156745 0.00151079 0.00755809 0.00143194 -0.00114245 -0.000638332 0.000385983 -0.00094125 0.000884412 0.0029 0.00184756 0.00504794 0.000557461 0.00292325 0.00577358 0.000272312 -0.00138396 -0.000464728 0.000418843 0.00107784
internal_weight=107621 7656 99965 2107 1417 772 568 645 59847 50047 30599 690 434 5549 19448 20923 4775 16148 9676 1345 1143 433 8331 894 472 40118 16916 10343 3211 2500
internal_count=107621 7656 99965 2107 1417 772 568 645 59847 50047 30599 690 434 5549 19448 20923 4775 16148 9676 1345 1143 433 8331 894 472 40118 16916 10343 3211 2500
is_linear=0
shrinkage=0.03


Tree=85
num_leaves=31
num_cat=0
split_feature=23 10 17 10 22 33 34 35 33 25 16 27 14 34 15 11 29 9 21 33 7 34 31 34 10 9 5 10 19 19
split_gain=74.1277 29.5224 61.9528 23.8358 23.1818 14.4688 13.4454 15.1802 12.7514 12.562 11.964 11.8402 8.00384 7.92713 7.18033 6.39191 6.39114 6.38386 6.11462 6.03998 5.97259 5.76782 7.56819 7.07239 9.82023 5.92127 5.61714 10.248 20.8627 5.52178
threshold=0.89206777072358956 11.500000000000002 8.2925000000000022 1.5000000000000002 6.4921527777777781 0.13052122218260662 953.72500000000014 49.750000000000007 0.06104621499353461 6.1975000000000007 12.497500000000002 3.1220833333333338 0.65663917032110619 957.52500000000009 0.72000000000000053 2.6425000000000005 2.3875000000000006 5.5000000000000009 3.0457313022248687 0.39073112848927366 41.500000000000007 959.52500000000009 2.3249496165995569 961.82500000000016 11.500000000000002 2.5000000000000004 0.4467161020112142 2.5000000000000004 8.7975000000000012 1.5025000000000002
decision_type=2 2 10 2 2 2 2 2 2 10 10 2 2 2 2 2 2 2 2 2 2 2 2 2 2 2 2 2 8 10
left_child=4 3 5 8 6 9 7 18 -2 -3 -10 29 -5 -7 19 -6 -8 -18 20 -13 -1 25 23 24 -23 26 -17 28 -28 -9
right_child=1 2 -4 12 15 13 16 11 10 -11 -12 14 -14 -15 -16 21 17 -19 -20 -21 -22 22 -24 -25 -26 -27 27 -29 -30 -31
leaf_value=-0.0030534787259339754 3.8926033510584667e-05 8.6781691109071116e-05 -1.7374061205155388e-05 1.5099635217267916e-06 0.0022134370471812953 0.00013740587666339981 -0.0036145879933672273 -0.00069363986275914019 7.3862459112968839e-05 0.00010878266299234051 9.4170264052314886e-05 0.0039956622976555414 1.7333161746259095e-05 5.902598199935216e-05 -0.00061149545696174035 -4.0497844302906352e-05 -0.0025102788854124321 0.0022210261034403991 0.0012740655204573235 0.0062943268812197866 0.00085903652944899407 0.00015837896498253068 -0.0029375864244727112 5.1838607558083447e-05 0.0012555060271469591 -4.4335125446510406e-05 -0.000169982608944792 3.8588062800671012e-05 0.00084755948725147127 0.0015113308987434765
leaf_weight=16016 270 248 602 3514 560 255 15994 7295 202 274 383 1340 2561 237 544 5729 8201 1288 1978 257 2629 2754 1200 5142 385 16650 300 6677 317 3898
leaf_count=16016 270 248 602 3514 560 255 15994 7295 202 274 383 1340 2561 237 544 5729 8201 1288 1978 257 2629 2754 1200 5142 385 16650 300 6677 317 3898
internal_value=-9.99961e-05 0.00258005 0.00622579 0.00172603 -0.000331105 0.0107341 -0.000706031 -0.000315088 0.00640116 0.0142201 0.00887288 0.000473648 0.00106332 0.00692958 0.00251491 0.000230065 -0.00122681 -0.000609544 -0.000825044 0.00352622 -0.000993298 0.000184325 0.000828273 0.00115098 0.00227195 -2.15318e-05 0.000457552 0.00100945 0.00469293 8.22461e-05
internal_weight=107700 8546 1616 6930 99154 1014 59440 33957 855 522 585 13334 6075 492 2141 39714 25483 9489 20623 1597 18645 39154 9481 8281 3139 29673 13023 7294 617 11193
internal_count=107700 8546 1616 6930 99154 1014 59440 33957 855 522 585 13334 6075 492 2141 39714 25483 9489 20623 1597 18645 39154 9481 8281 3139 29673 13023 7294 617 11193
is_linear=0
shrinkage=0.03


Tree=86
num_leaves=31
num_cat=0
split_feature=22 2 19 22 34 35 22 31 10 27 32 26 18 25 2 34 14 26 19 10 5 35 31 19 30 24 32 19 34 2
split_gain=64.7754 32.1772 27.1624 24.7606 12.3969 14.8067 11.4051 13.8003 10.7808 10.5538 7.67274 7.45681 7.34205 7.68385 6.98671 8.80959 6.90982 6.55058 6.53365 6.8759 7.45061 6.47936 7.77087 5.98705 5.87991 5.74676 6.94504 6.19664 6.08655 7.01884
threshold=11.357361111111114 1.2067236491811688 7.7925000000000013 6.0841666666666674 953.72500000000014 62.250000000000007 12.568777777777779 1.5107132517164368 2.5000000000000004 2.0293750000000008 -0.26722820045975981 4.8875000000000011 5.892500000000001 5.057500000000001 1.1156463204877232 947.47500000000014 0.69217651891209397 4.2575000000000012 4.8225000000000007 6.5000000000000009 0.33420957947928653 35.250000000000007 1.2907906643937961 4.3525000000000009 3.2250000000000005 4.2250000000000005 -0.98321746822993583 8.2225000000000019 959.02500000000009 1.2221243581812249
decision_type=2 2 10 2 2 2 2 2 2 2 2 2 2 10 2 2 2 2 10 2 2 2 2 8 2 8 2 10 2 2
left_child=3 16 6 4 5 10 -3 -8 -4 -7 18 -9 13 -12 15 21 -2 -11 19 20 -1 -14 -23 -17 -6 -5 27 -27 -28 -30
right_child=1 2 8 25 24 9 7 11 -10 17 12 -13 14 -15 -16 23 -18 -19 -20 -21 -22 22 -24 -25 -26 26 28 -29 29 -31
leaf_value=-0.0019139615637884938 6.9298212714692553e-06 7.0172829713956427e-05 9.5131800430212624e-05 -0.00091408405711029719 -0.0038367018641243759 -0.0010316117977380234 5.7478095361870318e-05 5.5125848604331558e-05 -2.0619073001567319e-05 0.0034655453911137156 -0.0014539803792535816 5.8029988501155472e-05 -0.0024973709318328839 0.0043599784041387464 -0.0034081643015556285 0.0090406530306771822 1.915617280214315e-05 0.0073522069541256127 0.0024095944741924255 -0.0043472242411904047 0.0041314783333683686 0.0057715684017987986 -0.0019783366738830724 0.0045931410679035806 -0.0020691879437202852 -0.00062327995001170723 2.4441473304520622e-05 4.4912051204741842e-05 0.00018371443986474833 -4.0849353916293664e-06
leaf_weight=4404 3599 696 258 6369 10521 2539 204 201 452 3813 8579 219 499 593 770 204 2312 202 548 7930 501 265 252 248 13100 5678 23131 626 6145 2871
leaf_count=4404 3599 696 258 6369 10521 2539 204 201 452 3813 8579 219 499 593 770 204 2312 202 548 7930 501 265 252 248 13100 5678 23131 626 6145 2871
internal_value=-0.000111637 0.00249522 0.00574939 -0.000319201 -0.000745894 -0.000354715 0.00828679 0.0112369 0.00100699 0.000912943 -0.000689935 0.0143294 -0.000118266 -0.00049428 0.00142042 0.00263136 0.00137373 0.0018694 -0.0011771 -0.00131425 -0.000430754 0.00106954 0.00340805 0.0060919 -0.00126484 0.000204126 0.000342391 -0.000567761 0.000520931 0.00118191
internal_weight=107729 7941 2030 99788 54968 31347 1320 624 710 6554 24793 420 11410 9172 2238 1468 5911 4015 13383 12835 4905 1016 517 452 23621 44820 38451 6304 32147 9016
internal_count=107729 7941 2030 99788 54968 31347 1320 624 710 6554 24793 420 11410 9172 2238 1468 5911 4015 13383 12835 4905 1016 517 452 23621 44820 38451 6304 32147 9016
is_linear=0
shrinkage=0.03


Tree=87
num_leaves=31
num_cat=0
split_feature=23 1 22 19 35 8 10 24 9 10 19 10 17 35 25 24 10 32 35 26 24 33 31 1 8 19 10 28 1 11
split_gain=63.6093 29.6315 22.3515 20.2507 15.7949 12.9276 8.63838 8.16419 7.94694 7.54411 7.19133 18.4486 7.14269 8.69277 8.70744 7.48266 6.76708 6.09297 5.77014 6.76332 6.11666 6.14567 12.2412 16.3069 9.78039 7.80739 6.41389 5.75382 6.68552 5.36104
threshold=0.89206777072358956 0.52500000000000013 4.4119444444444458 9.2775000000000016 61.750000000000007 12.500000000000002 2.5000000000000004 4.1250000000000009 2.5000000000000004 2.5000000000000004 8.7975000000000012 11.500000000000002 2.8375000000000004 26.750000000000004 3.9725000000000006 3.7750000000000008 10.500000000000002 -0.93663652364155492 19.750000000000004 2.1175000000000006 10.025000000000002 -0.35019404643548441 1.7251975201973868 10.825000000000003 3.5000000000000004 9.422500000000003 5.5000000000000009 1.2257064289436426 14.875000000000002 1.2725000000000002
decision_type=2 2 2 10 2 2 2 8 2 2 10 2 8 2 8 10 2 2 2 2 10 2 2 2 2 8 2 2 2 2
left_child=2 3 6 4 -2 8 -1 -4 -6 -5 11 16 -8 -14 15 -15 27 -12 -9 -20 21 22 -21 24 -24 26 -25 -3 -29 -23
right_child=1 10 7 9 5 -7 12 18 -10 -11 17 -13 13 14 -16 -17 -18 -19 19 20 -22 29 23 25 -26 -27 -28 28 -30 -31
leaf_value=-0.0035485959004023225 6.9246361831370998e-05 3.2361619305506519e-05 -0.0012658929662704276 8.3739459483249672e-05 6.6237627533448799e-05 5.7021414204493358e-05 -0.0046344850278700221 -0.00043429219423604226 -2.6017003388107972e-05 -2.0155987432575182e-05 1.2195427633850952e-05 0.00014595022705215732 -0.0039528676139246556 -0.0018565427168748393 0.001309720553527642 0.0026528271255973766 -2.8388772059455558e-05 -1.3343675325658124e-05 -0.00012865367486926903 7.1849032006965344e-07 0.00018875602891669672 0.0037425380072875613 0.0026703169938953448 -0.00059340569928513455 0.0019988895788415695 -0.00023841468235036853 0.002969508216021443 7.5453776045597552e-06 1.5729047152639298e-05 2.9015600837092315e-05
leaf_weight=4473 757 309 12793 209 271 325 2835 3153 340 383 1032 232 4748 16620 5046 1168 640 1261 13653 2441 206 220 235 204 419 782 497 1613 1106 29482
leaf_count=4473 757 309 12793 209 271 325 2835 3153 340 383 1032 232 4748 16620 5046 1168 640 1261 13653 2441 206 220 235 204 419 782 497 1613 1106 29482
internal_value=-8.41173e-05 0.00240905 -0.000297788 0.00532533 0.00699117 0.00434856 -0.000908727 3.48721e-05 0.00174838 0.000542713 0.00132962 0.00211268 -0.000727468 -0.000579839 -0.000336793 -0.000648795 0.00158617 -3.91716e-06 0.000203988 0.000285455 0.000509176 0.000477759 0.00150033 0.00315546 0.00708346 0.00140524 0.00369263 0.00217804 0.00173018 0.000319924
internal_weight=107453 8478 98975 2285 1693 936 34890 64085 611 592 6193 3900 30417 27582 22834 17788 3668 2293 51292 48139 34486 34280 4578 2137 654 1483 701 3028 2719 29702
internal_count=107453 8478 98975 2285 1693 936 34890 64085 611 592 6193 3900 30417 27582 22834 17788 3668 2293 51292 48139 34486 34280 4578 2137 654 1483 701 3028 2719 29702
is_linear=0
shrinkage=0.03


Tree=88
num_leaves=31
num_cat=0
split_feature=22 1 34 12 19 2 21 8 19 24 10 17 0 35 35 10 19 8 34 8 1 34 34 8 8 34 12 13 25 19
split_gain=60.3716 26.7869 21.8166 21.7242 21.4747 16.1946 10.1916 8.46843 8.22882 8.07993 8.03039 9.65622 9.23484 8.00396 7.91407 7.14961 8.58608 7.76619 6.91759 7.51333 6.64425 8.17713 7.14649 8.12287 6.4646 6.37766 10.7748 6.25659 6.10636 6.05105
threshold=11.357361111111114 0.37500000000000006 957.12500000000011 5.4625000000000012 6.7625000000000011 1.2082683260917315 2.0007925508868358 9.5000000000000018 3.5875000000000004 5.7750000000000012 6.5000000000000009 7.3325000000000014 4.1075000000000008 43.750000000000007 57.750000000000007 11.500000000000002 5.9925000000000006 15.500000000000002 967.22500000000014 14.500000000000002 10.025000000000002 961.82500000000016 960.62500000000011 14.500000000000002 6.5000000000000009 971.57500000000005 10.272500000000003 10.212500000000002 3.4775000000000005 8.7975000000000012
decision_type=2 2 2 8 10 2 2 2 10 10 2 8 2 2 2 2 10 2 2 2 2 2 2 2 2 2 10 2 10 10
left_child=3 2 14 5 25 6 8 -8 9 -1 11 -5 -13 27 -2 16 -9 -17 -7 -20 21 22 -14 24 -24 26 -4 -12 -18 -3
right_child=1 29 4 10 -6 18 7 15 -10 -11 13 12 20 -15 -16 17 28 -19 19 -21 -22 -23 23 -25 -26 -27 -28 -29 -30 -31
leaf_value=-0.0025566127267032199 0.00011981506868310009 1.9609641358260264e-05 3.5852694115339203e-05 -0.0024947791210834392 -1.694206330394743e-05 -0.0039642530018738995 -0.001148142874174758 0.0002674583455762133 0.00079895902376798261 0.0034040215572958598 -0.0003243580724661421 0.0053860429495013644 0.00018485863970903348 2.8811873914663663e-05 8.7874381584154281e-05 0.001191057784881755 0.0032014071305364942 0.0097229145100090567 -0.0033230711556738908 0.018407650016501482 2.4885490835921088e-05 -2.6383476147102091e-05 0.002425725766192047 0.00083130041770340516 -0.00011042650788894103 3.5849877595364762e-05 5.6985924435257785e-05 2.7709451490780863e-05 0.00032673368637760271 9.3110133827067896e-07
leaf_weight=23975 216 3735 370 1798 519 9310 7953 7078 3951 398 7826 349 4939 14482 235 284 211 293 636 201 12093 1822 216 277 212 217 367 874 292 2284
leaf_count=23975 216 3735 370 1798 519 9310 7953 7078 3951 398 7826 349 4939 14482 235 284 211 293 636 201 12093 1822 216 277 212 217 367 874 292 2284
internal_value=-9.39235e-05 0.00242212 0.00549922 -0.000294949 0.00370839 -0.00069698 -0.000449933 0.000152456 -0.000792545 -0.000998401 0.000193927 0.000608539 0.000798774 -0.000194334 0.0112434 0.000831311 0.000584893 0.00403608 -0.00177807 0.000830166 0.000711664 0.00141507 0.00197876 0.00479577 0.00216166 0.00636913 0.00769407 -0.000913269 0.00435236 0.00143476
internal_weight=107413 7943 1924 99470 1473 54582 44435 16111 28324 24373 44888 21706 19908 23182 451 8158 7581 577 10147 837 19559 7466 5644 705 428 954 737 8700 503 6019
internal_count=107413 7943 1924 99470 1473 54582 44435 16111 28324 24373 44888 21706 19908 23182 451 8158 7581 577 10147 837 19559 7466 5644 705 428 954 737 8700 503 6019
is_linear=0
shrinkage=0.03


Tree=89
num_leaves=31
num_cat=0
split_feature=23 10 17 30 10 25 35 9 34 35 33 27 19 2 33 23 10 27 9 31 19 25 10 2 35 19 35 34 19 8
split_gain=54.4564 25.3709 48.2243 21.2242 15.6358 15.207 14.8843 13.0625 11.4533 11.9708 11.1126 10.3965 9.16869 9.08269 8.80009 7.75801 7.65928 7.56422 6.73499 9.352 7.13299 10.2125 6.54737 7.77475 10.2721 6.85966 6.53588 6.22371 8.5225 6.07598
threshold=0.89206777072358956 11.500000000000002 8.2925000000000022 4.2250000000000005 1.5000000000000002 6.1975000000000007 39.250000000000007 3.5000000000000004 953.62500000000011 64.250000000000014 0.087155742747658027 4.0306250000000015 10.812500000000002 1.1480176067867423 -0.18222858652173743 0.95534993405821689 5.5000000000000009 2.0156250000000004 5.5000000000000009 1.0947499671872951 4.9525000000000015 3.9475000000000007 6.5000000000000009 1.0980332915020055 24.750000000000004 7.8525000000000009 61.750000000000007 967.47500000000014 1.0000000180025095e-35 13.500000000000002
decision_type=2 2 10 2 2 10 2 2 2 2 2 2 8 2 2 2 2 2 2 2 8 8 2 2 2 8 2 2 10 2
left_child=3 4 5 8 10 26 11 -7 9 -1 -2 -5 -12 14 16 -15 -6 -11 -8 -20 21 -21 23 24 -13 -24 -3 -10 29 -29
right_child=1 2 -4 6 13 7 18 -9 27 17 12 22 -14 15 -16 -17 -18 -19 19 20 -22 -23 25 -25 -26 -27 -28 28 -30 -31
leaf_value=-0.0015816863237902523 2.8662576107683078e-05 0.00013446713452469394 -1.5598996273367737e-05 -0.0026936534556831352 1.7903676486921305e-05 5.2057045941954478e-05 3.5699109632356577e-05 0.00012159063255816754 -0.0032638649499656487 -0.00057125996073989493 0.0001699920201045002 0.00013626894129277684 5.7696101327007194e-05 2.4335475403582203e-05 5.9856908938926694e-06 -1.8317803211258532e-05 7.4087605730509847e-06 0.0032952730018752777 0.0043544657299750015 0.0017638888191320167 9.4612392212892746e-05 0.0040237844450255666 -0.0011559703624869988 -7.1110199259050153e-06 0.0014890736202993293 2.3454736842906778e-05 3.5174411997980212e-05 0.00022878295353601639 -0.0061487639501011061 0.018061145868459968
leaf_weight=13036 331 320 580 11925 585 245 34748 247 17442 1884 214 1330 290 1616 1238 2317 313 2407 386 649 4955 439 2555 2918 822 2839 231 252 309 206
leaf_count=13036 331 320 580 11925 585 245 34748 247 17442 1884 214 1330 290 1616 1238 2317 313 2407 386 649 4955 439 2555 2918 822 2839 231 252 309 206
internal_value=-7.29981e-05 0.00222679 0.00559644 -0.000270981 0.00143118 0.00943798 5.72896e-05 0.0132676 -0.000858108 -0.000305851 0.00526786 -0.000565197 0.00805108 0.000899407 0.00247174 4.34223e-05 0.00472425 0.00106774 0.000395779 0.00128738 0.000995535 0.00318939 0.00012494 0.000898521 0.00226426 -0.000602334 0.00592986 -0.00138339 0.00125518 0.00383585
internal_weight=107629 8527 1623 99102 6904 1043 63566 492 35536 17327 835 22389 504 6069 2136 3933 898 4291 41177 6429 6043 1088 10464 5070 2152 5394 551 18209 767 458
internal_count=107629 8527 1623 99102 6904 1043 63566 492 35536 17327 835 22389 504 6069 2136 3933 898 4291 41177 6429 6043 1088 10464 5070 2152 5394 551 18209 767 458
is_linear=0
shrinkage=0.03


Tree=90
num_leaves=31
num_cat=0
split_feature=23 10 17 10 22 23 33 34 35 2 27 26 34 35 33 26 2 8 34 35 11 30 3 34 34 1 2 31 25 32
split_gain=52.9078 24.1418 48.3651 19.5887 19.2492 19.067 13.9753 11.5284 14.6629 10.8345 10.0525 8.88259 7.38314 7.25922 12.2878 7.23898 6.93172 6.77392 18.4208 5.91876 5.4794 5.55776 6.01463 6.2463 5.71281 10.1981 12.4839 8.53001 6.49736 11.0531
threshold=0.90342059548159825 11.500000000000002 8.3875000000000028 1.5000000000000002 6.0841666666666674 0.95667501624815199 0.087155742747658027 953.72500000000014 62.250000000000007 1.1480176067867423 2.0156250000000004 4.0525000000000011 951.22500000000014 26.750000000000004 0.39073112848927366 4.9625000000000012 1.1057510387845113 17.500000000000004 967.72500000000014 44.750000000000007 2.0025000000000004 3.6750000000000007 3.6872580478191925 959.52500000000009 961.72500000000014 -3.3749999999999996 1.1693505597259679 1.9898474541331688 4.5925000000000011 0.93038214053199464
decision_type=2 2 10 2 2 2 2 2 2 2 2 2 2 2 2 2 2 2 2 2 2 2 2 2 2 2 2 2 10 2
left_child=4 3 5 6 7 11 -2 8 13 -5 -10 -3 -12 -1 -15 -7 19 -9 -19 -16 -6 -22 -23 -24 25 -25 -27 -28 29 -29
right_child=1 2 -4 9 20 15 -8 17 10 -11 12 -13 -14 14 16 -17 -18 18 -20 -21 21 22 23 24 -26 26 27 28 -30 -31
leaf_value=-0.0034297451468180062 3.0237074597382676e-05 4.780476606830612e-05 -1.4539243909873489e-05 1.0035293083002193e-05 0.0022027578699477324 0.00010236366465202429 8.8543041492117328e-05 -0.003239608782668422 -0.00094200930660090271 -1.9030542792237612e-06 0.0046907534623584447 9.1846206693852153e-05 -4.3245907821239897e-05 -0.0015749672028728453 0.0033592125330145304 9.7831632803910826e-05 -0.00036798570310511144 -0.0013440329103826872 0.017572199951461191 0.0084014073119392501 -0.0035851364531682903 0.0020786690398428326 -2.0636633689581793e-06 -0.0001436756803760375 2.6401382223375512e-05 -6.9319777199222668e-05 0.00066536807969425744 -0.0011523389031160168 -0.00039436209929804899 0.00057396090146024595
leaf_weight=6646 305 210 529 1869 374 230 464 17826 2473 3542 2926 324 1241 14820 1382 201 1563 5472 215 309 2518 820 31658 659 5934 668 1269 266 324 427
leaf_count=6646 305 210 529 1869 374 230 464 17826 2473 3542 2926 324 1241 14820 1382 201 1563 5472 215 309 2518 820 31658 659 5934 668 1269 266 324 427
internal_value=-0.000100048 0.00229952 0.00571581 0.00146968 -0.000284684 0.00969588 0.00593411 -0.000661632 -0.000285032 0.000830317 0.000966139 0.00582189 0.00186457 -0.000621234 -0.00030931 0.0143739 0.0013587 -0.00116375 -0.000261947 0.00268691 0.000175837 0.000145258 0.000227337 0.000176534 0.000848931 0.00178856 0.00254072 0.00359319 0.00153522 0.00316762
internal_weight=107464 7674 1494 6180 99790 965 769 54873 31360 5411 6640 534 4167 24720 18074 431 3254 23513 5687 1691 44917 44543 42025 41205 9547 3613 2954 2286 1017 693
internal_count=107464 7674 1494 6180 99790 965 769 54873 31360 5411 6640 534 4167 24720 18074 431 3254 23513 5687 1691 44917 44543 42025 41205 9547 3613 2954 2286 1017 693
is_linear=0
shrinkage=0.03


Tree=91
num_leaves=31
num_cat=0
split_feature=23 10 17 10 30 26 35 33 1 6 34 27 19 10 33 33 26 19 30 34 34 35 27 16 10 29 21 15 21 33
split_gain=55.0159 23.7785 44.0255 19.6412 19.6043 15.3333 15.2109 13.7673 11.4764 10.6727 9.83816 9.78365 8.9066 9.5308 7.97167 7.43508 8.83396 8.23068 8.37732 6.89291 6.43146 11.8908 9.63087 6.14148 6.0218 5.25441 5.13047 5.06857 4.83879 5.15828
threshold=0.90342059548159825 11.500000000000002 8.3875000000000028 1.5000000000000002 4.5250000000000012 5.7025000000000015 38.250000000000007 0.087155742747658027 14.875000000000002 1.5000000000000002 954.92500000000018 4.0085416666666687 7.642500000000001 1.5000000000000002 -0.18222858652173743 0.39073112848927366 2.3375000000000004 3.6125000000000007 8.2750000000000021 968.27500000000009 954.02500000000009 62.250000000000007 2.0156250000000004 12.972500000000002 5.5000000000000009 0.95750000000000013 2.6088718825452362 0.86499999999999966 1.2699288032933851 -0.18222858652173743
decision_type=2 2 10 2 2 2 2 2 2 2 2 2 10 2 2 2 2 8 2 2 2 2 2 10 2 2 2 2 2 2
left_child=4 3 5 7 9 10 11 -2 27 -1 -3 -6 13 -11 24 16 -8 18 -17 20 21 25 -23 -9 -10 -15 -12 -5 29 -18
right_child=1 2 -4 8 6 -7 15 23 14 12 26 -13 -14 19 -16 17 28 -19 -20 -21 -22 22 -24 -25 -26 -27 -28 -29 -30 -31
leaf_value=-0.0029544087599627056 3.1542727345594165e-05 0.00014106229818666382 -1.3383162866140718e-05 -7.9321130239951021e-06 -0.0028251849840519646 0.00010277691841001151 -0.00010499255567261389 5.9257006532590365e-05 1.7108580870848962e-05 -0.004189585640278483 5.2873036387151017e-05 5.2179005130498099e-06 0.0021301956062329129 0.0034015115687303045 7.6512312594667479e-06 0.0040452853206494489 8.8522273003565369e-05 0.0002915807707595746 0.0064154748092177857 0.013189377780972351 -0.0021075676024275188 -0.00048484349342496261 0.005961304954635903 0.00011063158952043466 6.4644665302300601e-06 -0.001348648147512782 3.9341631834997633e-05 3.5943346158587849e-05 9.3037801682390093e-05 -0.00029961664918464598
leaf_weight=14812 314 214 549 3027 10298 219 15300 201 543 2556 292 10385 201 696 1072 579 1949 3456 208 224 9440 1472 1873 264 240 8305 251 515 16230 1723
leaf_count=14812 314 214 549 3027 10298 219 15300 201 543 2556 292 10385 201 696 1072 579 1949 3456 208 224 9440 1472 1873 264 240 8305 251 515 16230 1723
internal_value=-7.5634e-05 0.0023666 0.00571569 0.00153567 -0.000264372 0.00952294 7.69288e-05 0.00597321 0.000890225 -0.000782817 0.00741339 -0.000581932 -0.000401704 -0.000453706 0.00279839 0.000422433 0.000279319 0.00160805 0.00436742 -0.000252102 -0.000306458 0.000144279 0.00167015 0.0092234 0.0050901 -0.000423385 0.00518431 -0.000111644 0.000695935 -0.000287191
internal_weight=107408 7701 1525 6176 99707 976 60128 779 5397 39579 757 20683 24767 24566 1855 39445 35202 4243 787 22010 21786 12346 3345 465 783 9001 543 3542 19902 3672
internal_count=107408 7701 1525 6176 99707 976 60128 779 5397 39579 757 20683 24767 24566 1855 39445 35202 4243 787 22010 21786 12346 3345 465 783 9001 543 3542 19902 3672
is_linear=0
shrinkage=0.03


Tree=92
num_leaves=31
num_cat=0
split_feature=23 2 19 35 30 35 35 34 2 27 14 35 33 34 35 21 7 34 8 24 31 9 27 29 15 34 14 8 9 19
split_gain=49.2746 21.0744 29.9616 17.9294 17.9052 16.1883 15.9689 10.571 9.99558 9.23766 9.18544 7.05488 7.01488 10.2241 6.96574 7.15501 6.72002 6.44504 7.30487 6.52172 6.40857 6.08928 5.65611 5.63258 6.52651 5.51952 5.43093 5.29187 5.10179 7.49947
threshold=0.90342059548159825 1.1981893807806567 9.1375000000000028 51.750000000000007 3.8250000000000006 39.250000000000007 85.250000000000014 951.92500000000018 1.1480176067867423 4.0306250000000015 0.13279056191358671 37.750000000000007 0.39073112848927366 950.32500000000016 64.250000000000014 3.9629722333203339 18.500000000000004 967.47500000000014 15.500000000000002 4.0250000000000012 1.7754886279100421 3.5000000000000004 2.0156250000000004 6.9475000000000007 -0.27500000000000019 952.52500000000009 2.657785732522473 12.500000000000002 5.5000000000000009 4.8225000000000007
decision_type=2 2 10 2 2 2 2 2 2 2 2 2 2 2 2 2 2 2 2 10 2 2 2 2 2 2 2 2 2 8
left_child=4 8 3 20 7 9 10 14 11 26 -5 -2 28 -14 15 -1 -16 19 -19 -9 -3 -4 -18 -13 -25 -26 -6 -11 -7 -30
right_child=1 2 21 6 5 12 -8 17 -10 27 -12 23 13 -15 16 -17 22 18 -20 -21 -22 -23 -24 24 25 -27 -28 -29 29 -31
leaf_value=-0.0016432008124072739 1.7795605967585448e-06 8.1022314756926047e-05 -3.1287589301209895e-05 8.6954116035275445e-05 -0.0028709566375542095 5.7116929081257869e-06 9.2781674547895979e-05 -0.0033411652581663495 -8.4773764040591006e-07 4.889870175758417e-05 2.3901693515781051e-05 3.1894019923602248e-06 0.0050927771695421413 0.00017947651851735538 -0.0010329564848842419 0.0030313756462718908 0.00060695867654664412 -0.0029756878969452428 0.013457533835135004 0.00049975863256484945 7.8476682820470818e-05 3.8111578296719581e-05 0.0065568740588115822 1.9672023481628691e-05 1.5330947504188723e-05 -3.0964928087070583e-06 0.0035801193388330411 -4.745723945867031e-05 0.0027964474735222141 9.6434221995792536e-05
leaf_weight=9337 820 258 656 266 13001 34934 203 15275 3000 3321 904 223 1131 3759 1078 383 814 430 212 1424 287 321 967 267 353 210 236 7267 1061 5284
leaf_count=9337 820 258 656 266 13001 34934 203 15275 3000 3321 904 223 1131 3759 1078 383 814 430 212 1424 287 321 967 267 353 210 236 7267 1061 5284
internal_value=-0.000100069 0.00220069 0.00422586 0.00639938 -0.000279047 -1.64581e-05 0.00454354 -0.000893234 0.000994464 -0.00065149 0.00316596 0.00271086 0.000311278 0.00138509 -0.000231008 -0.000613882 0.00106948 -0.0013734 0.00156723 -0.00148689 0.0109909 -5.19355e-05 0.00219877 0.00432987 0.00546108 0.0035757 -0.00117966 9.06187e-06 0.00018392 0.000966141
internal_weight=107682 7768 2895 1918 99914 69994 1373 29920 4873 23825 1170 1873 46169 4890 12579 9720 2859 17341 642 16699 545 977 1781 1053 830 563 13237 10588 41279 6345
internal_count=107682 7768 2895 1918 99914 69994 1373 29920 4873 23825 1170 1873 46169 4890 12579 9720 2859 17341 642 16699 545 977 1781 1053 830 563 13237 10588 41279 6345
is_linear=0
shrinkage=0.03


Tree=93
num_leaves=31
num_cat=0
split_feature=23 10 17 5 20 10 10 33 2 28 33 35 17 19 31 28 32 18 11 33 21 33 2 11 10 18 11 33 21 6
split_gain=48.9091 21.3679 47.8792 18.8927 18.3151 15.7422 14.466 12.3455 9.53316 9.34456 7.91568 7.87643 9.64318 7.88682 7.69377 7.59244 7.54405 7.11699 7.01082 6.85003 6.55952 6.47695 11.833 6.66258 8.80626 9.41679 6.50339 6.32424 7.6319 6.16221
threshold=0.90342059548159825 11.500000000000002 8.427500000000002 0.1093694833306529 12.827916666666669 1.5000000000000002 2.5000000000000004 0.087155742747658027 1.1480176067867423 1.98919345723431 -0.53727914962411594 53.750000000000007 6.392500000000001 5.3575000000000008 1.7621584484040278 1.3951090157624402 0.90992662233962551 9.7625000000000028 2.2675000000000005 -0.16504132135358066 2.203166376418475 0.16504132135358049 1.2505754415006363 7.0275000000000007 4.5000000000000009 4.9675000000000011 4.3675000000000006 -0.25037047035109417 1.6371532704271499 1.5000000000000002
decision_type=2 2 10 2 2 2 2 2 2 2 2 2 8 10 2 2 2 2 2 2 2 2 2 2 2 2 2 2 2 2
left_child=3 5 4 6 15 7 -1 -2 19 17 -11 13 -13 18 16 -3 -14 29 -5 -7 -18 22 23 26 25 -25 -16 28 -26 -8
right_child=1 2 -4 11 -6 8 9 -9 -10 10 -12 12 14 -15 21 -17 20 -19 -20 -21 -22 -23 -24 24 27 -27 -28 -29 -30 -31
leaf_value=-0.0035656200737157555 2.5232253960690841e-05 0.00011003707868802447 -1.4844919055492233e-05 0.0062817879424594157 8.9998224311460534e-05 1.382458407702503e-05 -0.0028248145265854984 8.1424455212841798e-05 -8.2230551119333308e-07 0.0060741575361838466 0.0010289610329231476 -0.0014732682594091294 -4.765074342205633e-05 2.8859098651261523e-05 0.0035371536781315933 4.6593862330381065e-05 0.00073924709245222096 0.001973983525325683 -0.00013993725679906975 5.1375119313912256e-06 1.2972428796484968e-05 -2.2791021182999583e-06 0.0024482605281698345 0.0051125412676236515 0.00069606788897976445 0.00031035184437444796 0.0001508216385412974 -3.0726057027199664e-05 0.0002083874077724727 -0.0009352023450704028
leaf_weight=5793 305 256 541 305 395 900 11841 447 3476 310 1234 5352 7896 8187 911 317 1126 1265 21377 1006 1689 3385 270 342 377 1470 5361 1434 643 19210
leaf_count=5793 305 256 541 305 395 900 11841 447 3476 310 1234 5352 7896 8187 911 317 1126 1265 21377 1006 1689 3385 270 342 377 1470 5361 1434 643 19210
internal_value=-7.34745e-05 0.00223862 0.00543131 -0.000250685 0.00941007 0.00144942 -0.000758965 0.00550066 0.000878782 -0.000521778 0.00175468 8.45661e-05 0.000425696 -0.000260997 0.000673973 0.00590138 6.69086e-05 -0.000630798 -0.000560521 0.00258085 0.00139894 0.00113192 0.00149043 0.00132941 0.0022435 0.00382719 0.000706388 0.00106873 0.00286829 -0.000720731
internal_weight=107421 7643 1509 99778 968 6134 39653 752 5382 33860 1544 60125 30256 29869 24904 573 10711 32316 21682 1906 2815 14193 10808 10538 4266 1812 6272 2454 1020 31051
internal_count=107421 7643 1509 99778 968 6134 39653 752 5382 33860 1544 60125 30256 29869 24904 573 10711 32316 21682 1906 2815 14193 10808 10538 4266 1812 6272 2454 1020 31051
is_linear=0
shrinkage=0.03


Tree=94
num_leaves=31
num_cat=0
split_feature=23 10 19 30 23 35 10 10 34 19 6 2 1 26 19 1 19 26 8 33 9 23 16 24 19 35 33 35 21 33
split_gain=40.6682 19.8528 41.2729 16.6904 14.3819 13.1926 13.0242 10.43 9.52456 8.15646 8.13681 7.83787 7.60104 7.35154 7.19712 6.81586 6.51526 5.80625 6.64229 13.9459 10.0732 17.5214 12.1244 7.28119 10.6002 6.4656 6.17509 5.68706 5.62755 5.53829
threshold=0.90342059548159825 11.500000000000002 8.8675000000000015 4.5250000000000012 0.95667501624815199 38.250000000000007 1.5000000000000002 2.5000000000000004 966.47500000000014 0.74750000000000016 1.5000000000000002 1.2300875627377155 14.875000000000002 4.6475000000000009 5.1175000000000006 27.375000000000004 5.3975000000000009 1.8575000000000002 15.500000000000002 0.008726203218641598 1.5000000000000002 0.77024963726024465 4.5425000000000013 5.1750000000000016 7.2525000000000013 84.750000000000014 0.44618082326431213 35.750000000000007 2.8311045764067062 0.40673664307580004
decision_type=2 2 10 2 2 2 2 2 2 10 2 2 2 2 8 2 10 2 2 2 2 2 10 10 8 2 2 2 2 2
left_child=3 6 4 7 -3 14 11 -1 10 -10 -9 -2 -8 -6 -5 17 -12 26 -19 -20 21 23 -22 24 -21 29 -7 -14 -16 -24
right_child=1 2 -4 5 13 15 12 8 9 -11 16 -13 27 -15 28 -17 -18 18 19 20 22 -23 25 -25 -26 -27 -28 -29 -30 -31
leaf_value=-0.0035183787213074885 7.2944757366470982e-05 6.6578001996797284e-05 -1.6180663591921495e-05 -0.002884167911822035 0.00011372023144531417 -0.00045558679885729814 -8.0591572601640434e-07 -0.0024486553208775846 0.010074075936720734 -0.0011628732829405987 -0.00085772857200159787 4.1653690073159045e-05 1.0465512672489362e-06 5.4439351132532452e-05 -5.0368125754228702e-05 0.0030786328064702716 0.0018223257675199318 2.2942721144758592e-05 1.7766752523372408e-05 0.0034172925410397722 0.0033993934989787864 0.00031968763351793411 -2.675394651931156e-06 -0.0002860569163817761 0.0015308383663559491 0.0011779796999761409 0.002427434762126326 1.3543388890553633e-05 0.00043955028159659931 0.0019999450549092273
leaf_weight=6680 412 550 522 5914 211 9487 3533 11991 438 351 18811 357 752 220 13048 1246 1316 19334 4881 209 218 333 2068 249 401 223 675 1140 1706 226
leaf_count=6680 412 550 522 5914 211 9487 3533 11991 438 351 18811 357 752 220 13048 1246 1316 19334 4881 209 218 333 2068 249 401 223 675 1140 1706 226
internal_value=-0.000101073 0.00199935 0.00508687 -0.000263151 0.00869878 5.14082e-05 0.00124665 -0.00074159 -0.000522029 0.00272418 -0.000602186 0.0048876 0.000726519 0.0127913 -0.000562764 0.000372392 -0.00023351 0.000301182 0.00052311 0.00120572 0.00253535 0.00483208 0.00152737 0.00253819 0.00429268 0.000931403 -0.000313367 0.0022583 -0.000208145 0.0004515
internal_weight=107502 7697 1503 99805 981 60218 6194 39587 32907 789 32118 769 5425 431 20668 39550 20127 38304 28142 8808 3927 1192 2735 859 610 2517 10162 1892 14754 2294
internal_count=107502 7697 1503 99805 981 60218 6194 39587 32907 789 32118 769 5425 431 20668 39550 20127 38304 28142 8808 3927 1192 2735 859 610 2517 10162 1892 14754 2294
is_linear=0
shrinkage=0.03


Tree=95
num_leaves=31
num_cat=0
split_feature=23 10 17 24 23 10 33 26 6 14 14 35 17 1 32 26 35 32 1 31 24 10 35 10 34 34 35 25 31 1
split_gain=46.1394 21.0159 38.5979 14.9484 14.7004 11.5023 10.7006 10.3718 10.3318 9.16308 7.3143 7.78895 7.1131 6.23696 5.94433 10.9603 5.82192 6.05606 5.81236 8.14221 5.79157 5.75578 7.20687 5.92695 11.2391 8.27494 6.37922 8.09187 7.36232 8.20967
threshold=0.90342059548159825 11.500000000000002 8.3875000000000028 4.0250000000000012 0.95667501624815199 1.5000000000000002 0.087155742747658027 4.6475000000000009 2.5000000000000004 0.63405441406867347 1.6376787430378095 33.750000000000007 2.8375000000000004 -2.9749999999999992 0.77159520228797462 3.4925000000000006 62.750000000000007 0.97233289553061597 19.025000000000002 1.4300862231896716 8.0750000000000028 2.5000000000000004 25.750000000000004 8.5000000000000018 944.72500000000014 960.52500000000009 64.750000000000014 0.58750000000000013 1.46378844361603 23.025000000000002
decision_type=2 2 10 8 2 2 2 2 2 2 2 2 8 2 2 2 2 2 2 2 10 2 2 2 2 2 2 10 2 2
left_child=3 5 4 12 -3 6 -2 -6 10 -7 11 14 -1 16 -5 -16 17 -13 -11 -20 -8 -14 -23 25 -25 26 28 -28 29 -24
right_child=1 2 -4 8 7 9 20 -9 -10 18 -12 13 21 -15 15 -17 -18 -19 19 -21 -22 22 23 24 -26 -27 27 -29 -30 -31
leaf_value=-0.0039396567051193446 2.3225675639676478e-05 7.955686760367122e-05 -1.3554172068143133e-05 -0.0018188013734099294 8.3521761236937217e-05 -9.4777909333099149e-07 9.1908398187685991e-05 5.7467584119960778e-05 0.00039331928638989909 1.4446857583207961e-05 0.00043118572154229092 -0.0017390628595433015 -0.0034419164860811004 7.4318068008116793e-06 -0.00018839321381878491 0.00015948221482217528 -0.00058855760797014262 0.00026848381117487664 6.1196895703241605e-06 2.1138147389475614e-05 5.9651802712515824e-05 -0.004359817385536916 -0.0033506820968899425 0.0076231523066592642 -0.0017872577704448572 0.005295764431895787 0.006640684505036883 0.0010002291723474697 -0.0018648737496176546 0.0035379048951042495
leaf_weight=3808 307 542 538 8366 209 3007 231 223 9056 1833 4491 225 2896 38958 2702 2255 5101 332 299 293 210 1954 833 230 11732 256 211 1392 3692 1369
leaf_count=3808 307 542 538 8366 209 3007 231 223 9056 1833 4491 225 2896 38958 2702 2255 5101 332 299 293 210 1954 833 230 11732 256 211 1392 3692 1369
internal_value=-0.000106857 0.00213122 0.00529598 -0.000279351 0.00884372 0.00135327 0.00482868 0.0129611 -4.80907e-05 0.0008707 -0.000185474 -0.000275905 -0.000861901 -8.57899e-05 -0.000912291 -8.88762e-05 -0.00101607 0.00188434 0.00224074 0.00481407 0.00779596 -0.000674604 -0.00050646 -0.000333926 -0.00075257 0.000312064 0.000129165 0.0018041 -0.000327514 0.00104395
internal_weight=107551 7692 1512 99859 974 6180 748 432 71486 5432 62430 57939 28373 44616 13323 4957 5658 557 2425 592 441 24565 21669 19715 11962 7753 7497 1603 5894 2202
internal_count=107551 7692 1512 99859 974 6180 748 432 71486 5432 62430 57939 28373 44616 13323 4957 5658 557 2425 592 441 24565 21669 19715 11962 7753 7497 1603 5894 2202
is_linear=0
shrinkage=0.03


Tree=96
num_leaves=31
num_cat=0
split_feature=23 2 19 22 12 31 2 35 19 21 7 21 35 32 26 9 3 17 14 28 19 25 32 31 33 31 35 19 9 21
split_gain=39.3887 17.878 28.0427 15.9446 15.404 14.4343 13.4524 12.0882 9.72741 8.47221 8.37373 7.64948 7.18068 8.15385 6.44923 8.26243 6.8161 6.18678 5.96189 5.83552 7.41018 8.63693 7.49164 5.75922 9.07031 5.89116 8.95912 7.21232 8.58253 6.28414
threshold=0.90342059548159825 1.1981893807806567 9.2775000000000016 13.124166666666669 4.4425000000000017 1.5041275019851785 1.2082683260917315 58.750000000000007 7.3725000000000014 4.1824444553467925 17.500000000000004 2.651844876619545 24.250000000000004 -0.18222858652173754 2.1575000000000006 5.5000000000000009 3.6872580478191925 10.292500000000002 0.39122670324676995 2.0382795016820938 6.3325000000000005 3.9475000000000007 -0.88697705852364728 2.261844727956388 -0.4539904997395468 1.7016252288617533 65.750000000000014 7.642500000000001 3.5000000000000004 1.3537978984098442
decision_type=2 2 10 2 8 2 2 2 10 2 2 2 2 2 2 2 2 8 2 2 8 8 2 2 2 2 2 8 2 2
left_child=4 18 3 7 6 -5 8 11 9 10 -1 -3 13 -6 15 19 -16 -4 -2 -14 21 22 -21 25 -25 -18 27 28 29 -27
right_child=1 2 17 5 12 -7 -8 -9 -10 -11 -12 -13 14 -15 16 -17 23 -19 -20 20 -22 -23 -24 24 -26 26 -28 -29 -30 -31
leaf_value=-0.0027420138403760961 -5.2155340809523219e-06 0.00010587811517912572 4.8398809925788152e-05 3.7037254451459663e-05 -0.002483553426682804 4.6262574422376579e-05 -0.0033376632438466333 2.4861045452149807e-05 0.0023869782085209194 0.0026006567349308066 -0.00045915456016075266 6.5833435189305292e-05 -0.0013468320727132808 4.457805849817714e-05 0.0035205550683957425 0.00099531953769996305 8.5955047677644601e-06 -1.8514476917794657e-05 1.244791501225917e-05 0.0017306069759362313 -3.7818405279233312e-05 6.1995804729456837e-05 0.0025998359160726778 0.0043559028355075911 -0.00014349769704369853 0.0031624270562255175 0.0003334796787410843 -1.492883093433095e-05 -0.00026844938769812374 0.0012663718422952228
leaf_weight=11744 1728 203 355 215 3835 318 7928 959 213 947 21875 241 10579 2164 1066 2368 15104 592 3053 205 2027 522 200 230 6869 230 5362 4755 771 769
leaf_count=11744 1728 203 355 215 3835 318 7928 959 213 947 21875 241 10579 2164 1066 2368 15104 592 3053 205 2027 522 200 230 6869 230 5362 4755 771 769
internal_value=-0.000105751 0.0019661 0.00382999 0.0058949 -0.000265006 0.0102993 -0.000695847 0.00419105 -0.000441497 -0.000481271 -0.000560226 0.00825835 5.75167e-05 -0.000923885 0.000172907 -0.000328367 0.000399647 -0.000400211 0.000839322 -0.000614493 0.000563703 0.0027779 0.00603658 0.00032556 -0.000434545 0.000525522 0.00102497 0.000277947 0.00190986 0.00373805
internal_weight=107427 7664 2883 1936 99763 533 42707 1403 34779 34566 33619 444 57056 5999 51057 15901 35156 947 4781 13533 2954 927 405 34090 7099 26991 11887 6525 1770 999
internal_count=107427 7664 2883 1936 99763 533 42707 1403 34779 34566 33619 444 57056 5999 51057 15901 35156 947 4781 13533 2954 927 405 34090 7099 26991 11887 6525 1770 999
is_linear=0
shrinkage=0.03


Tree=97
num_leaves=31
num_cat=0
split_feature=23 10 17 26 34 22 6 10 30 35 1 2 27 1 26 29 14 35 10 34 10 24 1 2 24 35 1 31 17 11
split_gain=33.5998 20.4836 39.3541 14.4911 13.2746 13.0676 8.91727 8.72082 7.98244 9.96861 8.35993 7.93094 7.8914 7.38287 5.94707 5.81936 5.35868 5.31491 5.99119 5.22692 5.06527 5.27848 5.0184 8.39348 5.00187 4.94426 9.06131 7.33746 9.12465 10.229
threshold=0.90342059548159825 11.500000000000002 8.3875000000000028 5.7025000000000015 954.92500000000018 2.227847222222223 2.5000000000000004 1.5000000000000002 3.4250000000000007 24.250000000000004 -1.7249999999999999 1.1480176067867423 6.9156250000000012 -4.1249999999999991 4.5825000000000014 0.83250000000000013 1.3180414763327151 37.750000000000007 4.5000000000000009 961.22500000000014 5.5000000000000009 6.6750000000000016 0.9750000000000002 1.1906325506139135 9.8750000000000018 54.750000000000007 0.82500000000000018 1.7251975201973868 7.6725000000000012 7.4375000000000009
decision_type=2 2 10 2 2 2 2 2 2 2 2 2 2 2 2 2 2 2 2 2 2 8 2 2 10 2 2 2 8 2
left_child=5 7 3 4 -3 -1 8 12 10 20 -7 17 13 -2 -6 -12 -17 -9 -19 -13 21 -10 -21 -24 25 -11 27 -27 -29 -30
right_child=1 2 -4 -5 14 6 -8 11 9 24 15 19 -14 -15 -16 16 -18 18 -20 22 -22 -23 23 -25 -26 26 -28 28 29 -31
leaf_value=-0.0032738763865193896 4.0277055333803878e-05 0.00012507084279285126 -1.3066203965278466e-05 8.3728494447766173e-05 2.8733858496631237e-05 -0.0037500929527802488 0.00033035535289512789 1.4964350451651676e-06 -0.0031888315207838588 -5.1295830629161097e-05 0.0036453171219011605 -1.2902806019422964e-05 -1.925291887440416e-06 7.271068583939679e-05 3.4553958621460491e-05 -0.0018429259457023945 0.00094733392331448505 1.4458240357743255e-05 1.0478946235188008e-05 -2.6819414337083678e-05 -0.002176647727889404 0.00010782428690325707 8.8152137931096766e-06 7.2145415176938504e-05 0.00010627428443814805 -0.00067877434353925124 0.00019874777176478341 -0.0018496816056372777 5.08826494911474e-05 0.00030342740079516837
leaf_weight=6405 285 217 559 208 331 3005 12004 839 632 27225 1193 2685 262 227 209 11875 1125 231 876 260 5022 1989 326 231 252 4753 17974 2085 3186 1314
leaf_count=6405 285 217 559 208 331 3005 12004 839 632 27225 1193 2685 262 227 209 11875 1125 231 876 260 5022 1989 326 231 252 4753 17974 2085 3186 1314
internal_value=-0.000117034 0.00178583 0.00489732 0.00855155 0.00654724 -0.000264454 -0.000174736 0.00102039 -0.00028701 -0.000133713 -0.00086113 0.000595268 0.00398973 0.00613926 0.0039633 -0.000556347 -0.000740485 0.00212814 0.00348831 -0.000258341 -0.0011505 -8.11127e-05 0.00183577 0.00343238 3.22146e-06 -1.57589e-05 0.000254596 -0.000409416 0.000238998 0.000998889
internal_weight=107785 7746 1524 965 757 100039 93634 6222 81630 64432 17198 5448 774 512 540 14193 13000 1946 1107 3502 7643 2621 817 557 56789 56537 29312 11338 6585 4500
internal_count=107785 7746 1524 965 757 100039 93634 6222 81630 64432 17198 5448 774 512 540 14193 13000 1946 1107 3502 7643 2621 817 557 56789 56537 29312 11338 6585 4500
is_linear=0
shrinkage=0.03


Tree=98
num_leaves=31
num_cat=0
split_feature=23 10 17 22 12 1 7 10 27 16 4 21 1 23 34 28 28 35 8 35 31 14 35 33 17 34 20 27 35 34
split_gain=32.2195 18.6767 35.2791 14.6099 13.2229 13.4802 9.15207 8.6941 8.03806 8.5161 6.81492 6.40024 5.88288 6.38132 5.80646 5.6672 5.58667 5.34892 5.29657 5.13297 5.05869 4.83755 6.05454 6.12654 9.46862 10.0692 5.31773 5.03792 6.1971 10.8703
threshold=0.90342059548159825 11.500000000000002 8.3875000000000028 13.124166666666669 4.9375000000000009 1.0000000180025095e-35 17.500000000000004 1.5000000000000002 6.9156250000000012 12.867500000000001 0.080602571781723031 3.566892753372279 14.875000000000002 0.95534993405821689 967.22500000000014 1.98919345723431 1.3951090157624402 36.750000000000007 12.500000000000002 19.750000000000004 2.2509882040465601 1.2406164455238322 31.750000000000004 0.46947156278589069 2.8375000000000004 950.52500000000009 3.1568333333333336 2.0156250000000004 65.250000000000014 954.62500000000011
decision_type=2 2 10 2 10 2 2 2 2 10 2 2 2 2 2 2 2 2 2 2 2 2 2 2 10 2 2 2 2 2
left_child=4 7 3 16 5 14 -7 8 9 -2 -6 15 13 -9 -1 21 -3 -14 -16 -12 -21 22 -8 27 25 26 -25 -24 -29 -30
right_child=1 2 -4 -5 10 6 11 12 -10 -11 19 -13 17 -15 18 -17 -18 -19 -20 20 -22 -23 23 24 -26 -27 -28 28 29 -31
leaf_value=-0.0035343005000787291 4.6144547243499591e-05 8.8231419768018958e-05 -1.4301097903840539e-05 8.3312851282772428e-05 0.0027814552478047654 -0.0021499402923530939 -0.0032967904880911157 2.5925250990878055e-05 -1.877929341241411e-06 8.0988886250459892e-05 -0.00053295890789754245 0.002031673108663663 3.9362385762187202e-07 -1.7108053799099744e-05 -0.00242788544815616 0.0025907892980142153 4.3005482409927962e-05 1.2397810305162516e-05 0.012826877407231232 2.3441286452573482e-05 -0.00015537595505958344 0.0012739249682515294 -0.0021233148859943233 0.0033255094305465389 0.011443004058545895 -0.0021090099718662687 0.0089957328947790679 -0.00090916262823349814 0.0047442128287687414 -0.0018913274410074998
leaf_weight=7916 292 268 538 355 1338 13952 4235 1255 263 210 2998 1857 780 2356 512 1290 346 1061 219 38179 8907 2905 5691 384 227 1162 346 5711 1011 1184
leaf_count=7916 292 268 538 355 1338 13952 4235 1255 263 210 2998 1857 780 2356 512 1290 346 1061 219 38179 8907 2905 5691 384 227 1162 346 5711 1011 1184
internal_value=-0.000128851 0.00173735 0.00472817 0.0081345 -0.000273042 -0.000627812 -0.000395271 0.00100916 0.00399351 0.00620118 6.23012e-05 -6.26353e-05 0.000587135 -0.000116981 -0.00170146 -0.000193285 0.00526333 0.00196479 0.000851901 5.74905e-06 8.24354e-05 -0.000302612 -0.000469183 -0.000197698 0.00130085 0.000597785 0.00334694 -0.000431628 5.8399e-05 0.00141136
internal_weight=107748 7724 1507 969 100024 48602 39955 6217 765 502 51422 26003 5452 3611 8647 24146 614 1841 731 50084 47086 22856 19951 15716 2119 1892 730 13597 7906 2195
internal_count=107748 7724 1507 969 100024 48602 39955 6217 765 502 51422 26003 5452 3611 8647 24146 614 1841 731 50084 47086 22856 19951 15716 2119 1892 730 13597 7906 2195
is_linear=0
shrinkage=0.03


Tree=99
num_leaves=31
num_cat=0
split_feature=23 10 17 22 5 10 10 18 27 1 35 1 1 3 31 22 24 24 35 17 19 27 31 10 1 19 28 27 35 32
split_gain=35.2295 17.869 34.1815 16.335 15.9055 12.2832 9.82621 7.81356 7.36596 7.09137 6.95298 8.84799 6.91699 6.73325 6.30387 5.88978 6.91092 5.81109 7.94822 8.29893 7.81401 7.4951 7.09981 6.40307 7.88358 6.79185 5.88069 5.69401 5.52762 5.50742
threshold=0.90342059548159825 11.500000000000002 8.3875000000000028 13.124166666666669 0.08160803475433466 2.5000000000000004 1.5000000000000002 9.7625000000000028 6.9156250000000012 -4.1249999999999991 28.250000000000004 25.425000000000004 16.525000000000002 3.6872580478191925 1.8302848797560383 6.0841666666666674 7.5250000000000012 7.6750000000000016 54.750000000000007 6.5375000000000005 5.1175000000000006 3.8079166666666673 1.7333690221270526 1.5000000000000002 -1.7249999999999999 8.8675000000000015 2.2253726273992167 5.4006250000000025 35.750000000000007 -0.72534675097891055
decision_type=2 2 10 2 2 2 2 2 2 2 2 2 2 2 2 2 8 10 2 8 10 2 2 2 2 8 2 2 2 2
left_child=4 6 3 14 5 -1 8 10 9 -2 -7 -12 -8 15 -3 -6 -17 18 20 26 21 -15 29 24 -24 -26 -20 -19 -14 -21
right_child=1 2 -4 -5 13 7 12 -9 -10 -11 11 -13 28 17 -16 16 -18 27 19 22 -22 -23 23 -25 25 -27 -28 -29 -30 -31
leaf_value=-0.0032821573352504502 3.900491226027008e-05 4.1715317937631723e-05 -1.2245184909207561e-05 8.2349273279013833e-05 0.0010869956546100514 -0.0035539749397433722 1.9166947700988146e-07 0.002393758139680274 2.9636465887383778e-07 7.3854259024577206e-05 -0.0013076185563587227 0.0018634561923693799 1.3884434551537739e-06 -0.0023412030393971839 7.1007677971963719e-05 0.0014627341862528515 0.0038952934400441064 0.0004102452640146894 -0.001846611860251418 -0.0001921265501814462 3.8942859695034746e-05 -1.3645329681004626e-05 -0.0016941502431580479 0.00037183477803508946 -0.00048143343194998757 0.0016270673284708478 0.00072477478318163811 1.6055118473653483e-05 1.3328039046906745e-05 0.00015495562144123842
leaf_weight=4971 274 262 556 318 1914 4229 3877 1116 261 229 20306 3302 712 12538 359 216 236 864 5460 5995 7365 9972 1321 12903 240 322 229 3377 856 3246
leaf_count=4971 274 262 556 318 1914 4229 3877 1116 261 229 20306 3302 712 12538 359 216 236 864 5460 5995 7365 9972 1321 12903 240 322 229 3377 856 3246
internal_value=-0.000103385 0.00185082 0.00479 0.00826589 -0.000253838 -0.000781987 0.00113984 -0.000545239 0.00431469 0.00641929 -0.000644028 -0.000443146 0.000690825 1.68565e-05 0.00536262 0.00158667 0.0046477 -4.145e-05 -0.000117844 0.000229534 -0.000463354 -0.00074084 0.000473493 0.000881076 -0.00075159 0.00221164 -0.000800317 0.00103085 0.00236872 -0.000178781
internal_weight=107826 7704 1495 939 100122 33924 6209 28953 764 503 27837 23608 5445 66198 621 2366 452 63832 59591 29716 29875 22510 24027 14786 1883 562 5689 4241 1568 9241
internal_count=107826 7704 1495 939 100122 33924 6209 28953 764 503 27837 23608 5445 66198 621 2366 452 63832 59591 29716 29875 22510 24027 14786 1883 562 5689 4241 1568 9241
is_linear=0
shrinkage=0.03


Tree=100
num_leaves=31
num_cat=0
split_feature=23 1 19 30 23 31 34 1 18 21 32 34 26 34 24 32 2 24 28 6 22 26 25 33 34 21 18 32 18 32
split_gain=32.6837 15.5775 18.8608 14.9569 11.1765 12.9385 10.9407 7.89448 7.10058 5.85572 6.0809 5.99237 11.7085 5.48884 6.04705 5.37604 5.30773 5.24352 4.98082 4.90836 4.85818 4.4853 5.13555 4.62655 8.38863 4.68984 5.46688 7.3255 8.67797 5.95564
threshold=0.90342059548159825 3.4250000000000007 9.2775000000000016 3.8250000000000006 0.95667501624815199 1.4913461218421669 953.72500000000014 34.175000000000011 14.387500000000003 0.96668139306088552 0.71322329076259949 955.22500000000014 3.1125000000000007 967.47500000000014 4.8250000000000011 0.77159520228797462 1.1480176067867423 4.0250000000000012 1.3078640346924393 1.5000000000000002 13.338500000000002 5.7775000000000007 5.6625000000000005 0.3090169943749474 950.02500000000009 3.3405650715093222 8.6125000000000025 -0.26722820045975981 3.9325000000000006 0.87032255546191739
decision_type=2 2 10 2 2 2 2 2 2 2 2 2 2 2 8 2 2 10 2 2 2 2 10 2 2 2 2 2 2 2
left_child=3 2 4 6 18 -6 19 9 -4 10 -5 -12 -13 17 -15 -9 -3 -8 -2 -1 -7 23 -23 -11 25 26 27 -25 -29 -30
right_child=1 16 8 7 5 20 13 15 -10 21 11 12 -14 14 -16 -17 -18 -19 -20 -21 -22 22 -24 24 -26 -27 -28 28 29 -31
leaf_value=-0.0018881835215969027 5.6147801848683842e-05 8.2266694611898841e-06 4.3732896199281108e-05 -0.0010963538465182388 3.0214839183020368e-05 3.2008558482039541e-05 -0.0029423072187852789 -0.0037486621565449717 -1.6680999437644772e-05 -4.3323332017708437e-06 -4.3450883913572631e-05 6.6160418446602472e-05 0.0033080334975702564 -0.0030752012271219945 0.012481299641705058 0.00016516129608171602 -2.8633845742942475e-06 0.00037170382007485012 4.1239209869669375e-05 0.00028314509905947156 4.7783070247361015e-05 0.00031181419230842276 -6.209052965830963e-06 -0.00084760234464700704 1.5305978896386581e-05 0.0020363343881944261 -6.2266513609111611e-05 0.0019010222805180544 0.0069804816600994119 0.0028480571668312647
leaf_weight=5385 485 1922 448 8020 268 242 13455 2048 602 42198 1733 374 202 369 276 942 2648 1253 848 9289 272 724 519 751 9144 441 891 877 477 727
leaf_count=5385 485 1922 448 8020 268 242 13455 2048 602 42198 1733 374 202 369 276 942 2648 1253 848 9289 272 724 519 751 9144 441 891 877 477 727
internal_value=-0.000120463 0.00175775 0.00337382 -0.000265685 0.00500236 0.00784498 -0.00082582 -2.56026e-05 8.53073e-05 4.1679e-05 -0.000615155 0.000740276 0.00337694 -0.00138553 0.00131538 -0.00153255 0.000636065 -0.00150438 0.00331166 -0.000239935 0.0106127 0.000161274 0.0019399 0.000121273 0.000608878 0.00172415 0.00137366 0.00201762 0.00293241 0.00458064
internal_weight=107830 7735 3165 100095 2115 782 30027 70068 1050 67078 10329 2309 576 15353 645 2990 4570 14708 1333 14674 514 56749 1243 55506 13308 4164 3723 2832 2081 1204
internal_count=107830 7735 3165 100095 2115 782 30027 70068 1050 67078 10329 2309 576 15353 645 2990 4570 14708 1333 14674 514 56749 1243 55506 13308 4164 3723 2832 2081 1204
is_linear=0
shrinkage=0.03


Tree=101
num_leaves=31
num_cat=0
split_feature=23 10 17 5 10 26 9 35 17 4 10 34 30 34 25 28 33 27 34 30 20 16 16 18 35 11 35 24 15 17
split_gain=25.9533 15.66 31.1955 13.4982 13.9517 11.7398 8.65744 7.48522 7.35935 6.77608 6.61584 7.6844 6.84283 6.36039 7.54746 8.98361 7.79887 6.44666 6.13459 6.93796 9.08103 5.87512 5.74034 6.03658 5.11757 5.70531 5.10208 7.8102 6.83473 5.22925
threshold=0.90342059548159825 11.500000000000002 8.3875000000000028 0.12436307484629058 2.5000000000000004 5.7025000000000015 4.5000000000000009 28.250000000000004 2.4725000000000006 0.099454301628495598 1.5000000000000002 958.72500000000014 11.325000000000003 966.47500000000014 3.9725000000000006 1.98919345723431 -0.095842103007655791 1.8779166666666669 946.77500000000009 4.5250000000000012 4.4156250000000012 8.0225000000000026 10.727500000000003 14.232500000000002 88.750000000000014 2.0825000000000005 52.250000000000007 8.5250000000000021 -0.19500000000000015 9.9525000000000023
decision_type=2 2 10 2 2 2 2 2 8 2 2 2 2 2 8 2 2 2 2 2 2 10 10 2 2 2 2 10 2 8
left_child=3 10 5 4 -1 6 -3 21 -9 -5 11 -2 -13 14 15 24 -17 -15 19 -16 -21 -6 -12 -24 -10 -26 27 -11 -29 -28
right_child=1 2 -4 9 7 -7 -8 8 13 26 22 12 -14 17 18 16 -18 -19 -20 20 -22 -23 23 -25 25 -27 29 28 -30 -31
leaf_value=-0.0030944996808614442 8.853020137839506e-05 2.7641030950471544e-05 -1.2138020364242383e-05 0.0027535399161742191 -0.0034215664624716196 7.363798161415968e-05 0.00010285492076128277 -0.0033111489005374713 -0.001444962850470961 -5.8274707283876579e-05 2.0617720039187714e-05 3.10482860624526e-05 -2.0981309637785041e-05 0.012106860652453906 0.0024429602397760424 0.0058098538077747137 0.0019889199473873626 0.0004114016620912786 0.00023245984718435475 0.0087426557368756753 0.0035060904867565811 0.0024661042468967108 1.2647552922397601e-05 -3.6868998887790042e-06 -0.0015863229295800384 0.0078758082701030664 -6.0184566884094278e-05 0.00021273408904921612 4.2486743118869797e-05 9.0552390105277383e-05
leaf_weight=6151 208 544 557 940 5456 211 214 1963 20159 25610 257 341 216 222 1244 205 264 497 4983 203 222 205 2285 2821 202 277 8078 333 952 21649
leaf_count=6151 208 544 557 940 5456 211 214 1963 20159 25610 257 341 216 222 1244 205 264 497 4983 203 222 205 2285 2821 202 277 8078 333 952 21649
internal_value=-0.000117769 0.00156522 0.00427956 -0.000246895 -0.000654054 0.00751848 0.00570904 -0.000428893 -0.000242496 5.20082e-05 0.000886352 0.00348701 0.00161744 -0.000119862 -0.000192228 -0.000469923 0.00361392 0.00265608 0.000688598 0.00225986 0.00554651 -0.00143011 0.000512481 0.000289962 -0.000563582 0.00248554 9.9592e-06 -0.000289406 0.00198837 0.000280808
internal_weight=107469 7654 1526 99815 42253 969 758 36102 30441 57562 6128 765 557 28478 27759 21107 469 719 6652 1669 425 5661 5363 5106 20638 479 56622 26895 1285 29727
internal_count=107469 7654 1526 99815 42253 969 758 36102 30441 57562 6128 765 557 28478 27759 21107 469 719 6652 1669 425 5661 5363 5106 20638 479 56622 26895 1285 29727
is_linear=0
shrinkage=0.03


Tree=102
num_leaves=31
num_cat=0
split_feature=23 5 1 1 9 31 18 31 35 1 8 35 2 17 22 14 34 26 26 35 27 9 27 31 8 3 28 2 27 17
split_gain=24.7113 13.4178 11.9775 10.324 9.98531 10.8535 9.16227 8.81699 6.7498 8.15078 7.50664 7.45238 7.74759 6.49246 9.572 6.11009 5.69527 5.64051 11.0026 5.49983 10.1137 6.81747 8.3455 7.82439 6.85179 6.10207 5.48775 5.34397 5.25692 4.90805
threshold=0.90342059548159825 0.08160803475433466 1.0000000180025095e-35 5.2750000000000012 3.5000000000000004 1.375745147845951 9.7625000000000028 1.46378844361603 28.750000000000004 25.425000000000004 17.500000000000004 83.250000000000014 1.2008024244529059 8.9675000000000011 13.124166666666669 0.39122670324676995 967.72500000000014 4.8525000000000009 3.9025000000000007 45.250000000000007 3.789375000000001 5.5000000000000009 4.6693750000000014 1.1298412417429871 15.500000000000002 3.5556923433207581 1.3951090157624402 1.2411788004663677 3.9470833333333339 6.892500000000001
decision_type=2 2 2 2 2 2 2 2 2 2 2 2 2 10 2 2 2 2 2 2 2 2 2 2 2 2 2 2 2 8
left_child=1 2 16 4 5 -2 8 -6 -4 10 -10 12 26 14 17 -5 -1 18 -9 20 25 -21 23 -23 29 -3 -12 -7 -26 -25
right_child=3 19 6 15 7 27 -8 13 9 -11 11 -13 -14 -15 -16 -17 -18 -19 -20 21 -22 22 -24 24 28 -27 -28 -29 -30 -31
leaf_value=-0.0032478516503646631 9.611526538447092e-05 0.0035391628405873942 -0.0033343072616075849 -8.1249282636522734e-06 1.0467832750604699e-08 -7.2107973899393496e-06 0.0023567999280322102 3.2941417530152774e-05 -0.00171695911384379 0.0020459982342696716 -0.0014468860768455088 0.010827238159332959 0.012335424058255124 9.0416671448501064e-06 5.1508588213181602e-05 1.0123002009263527e-05 0.0084610848156015835 9.85621038862794e-06 7.8684165157522079e-05 7.1516506011126684e-06 9.3634656055019414e-06 0.0045078379108277585 -6.3682018383115483e-05 -0.0032505144490083261 0.0026721873890561167 -0.0021774387913248714 0.0056216427949976992 1.9326061429685104e-05 -0.00010347866070530065 0.00039185209618792008
leaf_weight=5574 320 600 4406 1391 344 1486 1060 260 15464 3211 2670 389 218 210 314 2650 388 300 205 34926 14120 210 1262 538 1260 10206 476 217 302 2804
leaf_count=5574 320 600 4406 1391 344 1486 1060 260 15464 3211 2670 389 218 210 314 2650 388 300 205 34926 14120 210 1262 538 1260 10206 476 217 302 2804
internal_value=-0.000124998 -0.000250997 -0.000736778 0.00151246 0.00266648 0.00125296 -0.000475717 0.00440842 -0.000583927 -0.000372844 -0.000606649 0.000596327 0.000138913 0.00554328 0.00647878 0.000466386 -0.00195676 0.00461688 0.00667021 -2.6278e-06 -0.000354499 0.000209746 0.00111142 0.00165032 0.00140314 -0.00104505 -0.000243733 0.000293325 0.0030402 0.000634597
internal_weight=107781 100084 33856 7697 3656 2023 27894 1633 26834 22428 19217 3753 3364 1289 1079 4041 5962 765 465 66228 24926 41302 6376 5114 4904 10806 3146 1703 1562 3342
internal_count=107781 100084 33856 7697 3656 2023 27894 1633 26834 22428 19217 3753 3364 1289 1079 4041 5962 765 465 66228 24926 41302 6376 5114 4904 10806 3146 1703 1562 3342
is_linear=0
shrinkage=0.03


Tree=103
num_leaves=31
num_cat=0
split_feature=12 2 23 2 19 35 35 35 30 24 33 25 2 11 25 34 19 8 2 35 2 21 35 21 0 8 17 2 31 22
split_gain=23.2462 13.9137 12.5317 11.3001 14.0478 10.0352 14.4053 9.24983 10.423 10.063 10.0355 8.84472 8.5275 7.80667 8.36437 6.66222 7.82263 6.43157 8.00793 9.4576 7.51703 6.28593 5.80828 5.79291 5.71757 5.55375 7.6279 6.22243 8.75998 10.2176
threshold=5.5775000000000015 1.2082683260917315 0.90342059548159825 1.1857183201776698 9.2775000000000016 85.750000000000014 58.750000000000007 45.250000000000007 4.5250000000000012 4.2750000000000012 0.39073112848927366 8.0125000000000011 1.1480176067867423 2.9675000000000007 4.3525000000000009 951.22500000000014 5.2175000000000011 18.500000000000004 1.2001480956303103 83.250000000000014 1.1693505597259679 4.0352488564019753 76.750000000000014 1.79795137892936 4.2275000000000018 3.5000000000000004 6.5775000000000015 1.1526236958154461 1.7754886279100421 8.7102777777777813
decision_type=8 2 2 2 10 2 2 2 2 10 2 8 2 2 8 2 10 2 2 2 2 2 2 2 2 2 8 2 2 2
left_child=1 7 24 12 5 6 -5 15 9 17 -10 -6 -4 -12 -15 16 21 20 19 -19 -9 -1 -20 -11 -2 26 -26 -28 -29 -30
right_child=2 -3 3 4 11 -7 -8 8 10 23 13 -13 -14 14 -16 -17 -18 18 22 -21 -22 -23 -24 -25 25 -27 27 28 29 -31
leaf_value=-0.0018404507005286934 0.002600967658370906 -0.002907539059697819 8.2155268151337634e-06 6.6517048579786244e-05 -1.5206229035843454e-05 6.9537037908828361e-05 1.1364240281758198e-05 -0.00046977758706146248 0.00047309324917315098 0.0057266471948752458 -0.0010366357438347912 7.8768633773200751e-05 -1.1694948878702149e-05 0.0027809131301629528 0.0053396361376079962 -0.0035866971874693198 0.0018270043967561335 -0.00059699923334507771 0.012144316272476426 0.012268585036194947 -0.0025613192862836082 0.0036013317891885497 0.0026394608562533952 0.00080391361763644141 -0.003117606242051929 -5.0523323198321725e-06 2.5324928198040933e-05 -6.7363042017640762e-05 0.0029200295708704071 5.0068270351333323e-05
leaf_weight=12035 846 10420 1907 955 1016 218 1198 9426 6084 418 299 298 2146 623 337 5477 764 2988 219 214 5278 371 248 881 873 36290 2739 752 1042 1376
leaf_count=12035 846 10420 1907 955 1016 218 1198 9426 6084 418 299 298 2146 623 337 5477 764 2988 219 214 5278 371 248 881 873 36290 2739 752 1042 1376
internal_value=-0.000110486 -0.000533386 0.000348657 0.00146145 0.0026626 0.00403914 0.00340176 -0.000307575 4.71866e-05 -0.000312853 0.00101129 0.000172858 0.000367422 0.00344383 0.00475648 -0.000821414 -0.000455409 -0.000493471 0.000629558 9.16737e-05 -0.000773813 -0.000637177 0.00427754 0.00223389 0.000152448 0.000104324 0.000891999 0.00127883 0.00218268 0.00306067
internal_weight=107738 56082 51656 7738 3685 2371 2153 45662 27015 19672 7343 1314 4053 1259 960 18647 13170 18373 3669 3202 14704 12406 467 1299 43918 43072 6782 5909 3170 2418
internal_count=107738 56082 51656 7738 3685 2371 2153 45662 27015 19672 7343 1314 4053 1259 960 18647 13170 18373 3669 3202 14704 12406 467 1299 43918 43072 6782 5909 3170 2418
is_linear=0
shrinkage=0.03


Tree=104
num_leaves=31
num_cat=0
split_feature=5 2 22 19 35 2 35 34 18 35 27 16 2 34 34 19 32 0 18 2 35 2 32 19 34 34 28 34 9 9
split_gain=20.915 12.0805 10.289 10.1411 16.2203 10.5786 10.6389 9.82032 8.16807 8.23712 8.08263 7.60635 6.34168 6.30818 6.97181 5.79694 8.54725 5.76757 5.53086 5.19173 5.57521 6.86679 6.08243 6.70088 5.53253 5.08872 6.00937 4.82407 4.68905 4.58677
threshold=0.18295961186044948 1.2093740901132575 11.357361111111114 9.3525000000000027 86.250000000000014 1.1857183201776698 62.750000000000007 967.47500000000014 9.7625000000000028 33.750000000000007 3.1543750000000004 6.432500000000001 1.1474195251904404 955.32500000000016 961.72500000000014 1.3325000000000002 0.87878364999916148 4.682500000000001 14.692500000000003 1.1652262300268534 56.750000000000007 1.1526236958154461 0.1993603430971522 3.3175000000000008 952.42500000000018 944.42500000000018 1.3012045700968966 951.22500000000014 2.5000000000000004 2.5000000000000004
decision_type=2 2 2 10 2 2 2 2 2 2 2 8 2 2 2 10 2 2 2 2 2 2 2 10 2 2 2 2 2 2
left_child=1 8 17 4 5 12 13 -3 9 27 15 -9 -4 -7 -15 28 19 -2 -5 20 22 24 -17 -24 29 26 -12 -1 -11 -22
right_child=2 7 3 18 -6 6 -8 11 -10 10 25 -13 -14 14 -16 16 -18 -19 -20 -21 21 -23 23 -25 -26 -27 -28 -29 -30 -31
leaf_value=-0.0019290990611665292 0.0031337045016800878 -0.0030081429653871948 9.2281687303065402e-06 9.5597870483477011e-06 6.7351913808372951e-05 0.00011484481929676902 1.0877719015310007e-05 -0.001114811037445535 0.0011756400674119559 -0.0022825393067943591 0.0082278843467831417 0.0093020931189041322 -8.4756262675524123e-06 1.499868223309497e-05 3.6847308265575482e-05 -0.0004738709767324145 -0.0020933165921983268 8.9100891275567121e-06 -1.2071706754763508e-05 -0.00058608800886778836 0.0071324192385122829 0.0043122000467050014 0.0088011267103312637 0.00016604543871755361 -0.0013347241092163001 0.001008710089749213 0.0040910810322093349 -0.0050174110300692104 -0.00064257136276671672 0.0008980253869290115
leaf_weight=7214 420 8141 1420 1283 250 247 977 502 2368 7770 203 206 1583 440 468 2138 2816 48603 1303 1969 445 317 263 277 353 2795 292 2280 9676 544
leaf_count=7214 420 8141 1420 1283 250 247 977 502 2368 7770 203 206 1583 440 468 2138 2816 48603 1303 1969 445 317 263 277 353 2795 292 2280 9676 544
internal_value=-0.000111084 -0.000555167 0.000282952 0.00128222 0.00202319 0.00165467 0.00326813 -0.00156167 -0.000341523 -0.000444547 -0.000199713 0.00181767 0.000505651 0.00521121 0.00401533 -0.000373462 0.000239289 0.000120359 -0.000261676 0.000852796 0.00143229 0.00279627 0.000583674 0.00341284 0.0018441 0.00120182 0.00399 -0.00121402 -0.000693829 0.00299094
internal_weight=107563 50569 56994 7971 5385 5135 2132 8849 41720 39352 29858 708 3003 1155 908 26568 9122 49023 2586 6306 4337 1659 2678 540 1342 3290 495 9494 17446 989
internal_count=107563 50569 56994 7971 5385 5135 2132 8849 41720 39352 29858 708 3003 1155 908 26568 9122 49023 2586 6306 4337 1659 2678 540 1342 3290 495 9494 17446 989
is_linear=0
shrinkage=0.03


Tree=105
num_leaves=31
num_cat=0
split_feature=27 23 19 1 22 21 6 31 11 18 32 12 19 27 32 26 29 24 18 24 32 31 31 24 19 25 21 28 19 26
split_gain=19.1073 8.56155 8.63249 12.9307 8.34161 7.88478 7.03712 6.92794 8.00538 5.76293 5.54577 6.42427 6.40957 9.4421 5.48706 5.42608 5.32383 5.57383 5.26398 4.81067 4.58324 8.47884 7.92247 5.89742 6.11301 5.28577 4.67819 6.54379 5.43251 4.34141
threshold=3.6420833333333342 0.90342059548159825 9.2775000000000016 2.8250000000000006 2.227847222222223 2.5371039099565715 1.5000000000000002 1.8833112290008842 13.132500000000002 10.002500000000003 0.91702515554752073 8.9975000000000023 5.7875000000000005 2.6435416666666671 -0.26722820045975981 3.2025000000000006 4.8525000000000018 4.1250000000000009 14.387500000000003 5.8250000000000011 -0.82409480842201666 2.0671000239190698 1.7684017027863781 7.9250000000000016 4.9525000000000015 3.4175000000000004 2.0548379396735403 0.95852262615120976 6.0725000000000007 5.3825000000000012
decision_type=2 2 10 2 2 2 2 2 2 2 2 10 10 2 2 2 2 10 2 10 2 2 2 10 8 8 2 2 8 2
left_child=4 20 3 5 -1 7 9 8 -3 -6 12 16 14 -14 19 -5 17 -12 -4 -8 22 25 23 26 -25 -22 -2 28 -28 -23
right_child=1 2 18 15 6 -7 10 -9 -10 -11 11 -13 13 -15 -16 -17 -18 -19 -20 -21 21 29 -24 24 -26 -27 27 -29 -30 -31
leaf_value=-0.0027444435985005317 -0.00094386745482414453 2.0936968128796912e-05 1.758124550211404e-05 2.2494036146260242e-05 -0.0015837181071404554 1.9258411165533618e-05 -0.00048762718892357782 7.1128507027155464e-05 6.5331356394122278e-05 0.0002052512628925309 -0.001616920932536912 0.0020667565083099925 0.0032097348950360497 0.00058579116515052054 0.0013968835138342328 7.7781602810578214e-07 0.0036172709276005455 0.0010511262182538446 -1.0965667235944252e-05 0.0034511288942083293 0.0013139002146460555 -6.9679260939924502e-05 0.0001436381421403227 0.0024178589862033605 1.7897904667986131e-05 4.4420716086174263e-05 -0.00038493258055212975 -4.0927529844818624e-05 0.0029346827812369164 0.00017309515366942228
leaf_weight=6269 6905 547 1046 585 20027 979 18017 208 250 1920 10445 213 290 763 5857 2541 200 1394 1463 280 1308 4424 3344 204 1821 12007 248 3645 273 269
leaf_count=6269 6905 547 1046 585 20027 979 18017 208 250 1920 10445 213 290 763 5857 2541 200 1394 1463 280 1308 4424 3344 204 1821 12007 248 3645 273 269
internal_value=-0.00012173 0.000377424 0.00128712 0.00199413 -0.000441459 0.00388537 -0.000331555 0.00574752 0.00442519 -0.000758064 -8.1599e-05 -0.000605043 0.000172893 0.00245841 7.27672e-05 0.000789523 -0.000697194 -0.000779889 -0.000153939 -0.000183095 0.000176065 0.000506633 -0.000186076 -0.000518892 0.00096798 0.000893017 -0.000791171 2.87629e-06 0.00313118 -0.0005894
internal_weight=107742 42067 7619 5110 65675 1984 59406 1005 797 21947 37459 12252 25207 1053 24154 3126 12039 11839 2509 18297 34448 18008 16440 13096 2025 13315 11071 4166 521 4693
internal_count=107742 42067 7619 5110 65675 1984 59406 1005 797 21947 37459 12252 25207 1053 24154 3126 12039 11839 2509 18297 34448 18008 16440 13096 2025 13315 11071 4166 521 4693
is_linear=0
shrinkage=0.03


Tree=106
num_leaves=31
num_cat=0
split_feature=23 22 6 30 35 1 25 19 28 35 26 21 30 34 26 6 21 18 32 21 8 2 33 25 1 34 19 26 33 9
split_gain=18.0314 12.8097 9.19898 7.65792 7.33085 7.16446 9.47302 13.0114 10.9239 7.71245 6.06012 6.29024 5.9563 5.27184 5.43103 4.64448 4.34406 5.36171 4.25946 4.2474 4.04399 3.95079 4.6063 6.48759 6.23027 4.22641 5.28085 7.34652 5.29342 5.25757
threshold=0.89206777072358956 2.227847222222223 1.5000000000000002 3.9250000000000007 39.750000000000007 5.2750000000000012 8.672500000000003 9.2775000000000016 2.287425772668668 57.750000000000007 4.6475000000000009 2.697571245287635 14.575000000000003 951.62500000000011 3.1875000000000004 2.5000000000000004 4.1824444553467925 2.8275000000000006 -0.25881904510252068 2.0102705039912032 14.500000000000002 1.0772667041500152 0.90255091666790865 3.6975000000000007 20.075000000000006 945.77500000000009 5.1175000000000006 4.4125000000000005 0.46947156278589069 2.5000000000000004
decision_type=2 2 2 2 2 2 8 10 2 2 2 2 2 2 2 2 2 2 2 2 2 2 2 10 2 2 10 2 2 2
left_child=1 -1 3 -3 12 6 7 9 -8 10 11 -2 18 14 -7 16 21 -18 -5 -11 -19 -4 25 24 -24 26 27 28 -23 -28
right_child=5 2 15 4 -6 13 8 -9 -10 19 -12 -13 -14 -15 -16 -17 17 20 -20 -21 -22 22 23 -25 -26 -27 29 -29 -30 -31
leaf_value=-0.0028544758770861563 9.1551159001984625e-05 -0.0020153550137242591 -0.001954964325817763 -0.002330262182879953 1.644075470407481e-05 2.5803092399848681e-05 8.2425755332986571e-05 -1.4058920945048125e-05 2.0451924898557625e-05 2.928617466599398e-05 1.9869762554289226e-05 6.5617987816759534e-05 0.00019282536705622364 -2.8683289961851613e-06 3.9877442831082184e-06 0.00032753388381227019 0.0040441540977010134 -6.9269859908497033e-05 -3.267243075193327e-05 1.9137995770545505e-06 0.0026340123564722881 -0.00068811304011256785 0.0076336581778320579 -0.0029195137955274884 0.0082202165680901312 -3.908872152622811e-05 0.0033028757823291097 0.00371386280074529 0.0049123827213151533 0.00013903094404931426
leaf_weight=6312 246 9416 1810 4764 16460 345 221 1184 212 608 377 351 339 2785 1358 11935 208 830 3468 812 427 4564 213 202 255 36137 452 367 445 593
leaf_count=6312 246 9416 1810 4764 16460 345 221 1184 212 608 377 351 339 2785 1358 11935 208 830 3468 812 427 4564 213 202 255 36137 452 367 445 593
internal_value=-0.000133036 -0.000246679 -0.000157768 -0.000546587 -0.000272129 0.00119273 0.0021133 0.00160089 0.00628082 0.0028712 0.00492135 0.00679236 -0.000983326 0.000368573 0.00168091 7.14535e-05 -6.40542e-05 0.00154082 -0.00114435 0.00145263 0.0007916 -0.000116423 -5.88447e-05 0.0024 0.00432558 -9.78322e-05 0.00061111 0.000230811 -7.12014e-05 0.00255714
internal_weight=107696 99197 92885 34447 25031 8499 4011 3578 433 2394 974 597 8571 4488 1703 58438 46503 1465 8232 1420 1257 45038 43228 670 468 42558 6421 5376 5009 1045
internal_count=107696 99197 92885 34447 25031 8499 4011 3578 433 2394 974 597 8571 4488 1703 58438 46503 1465 8232 1420 1257 45038 43228 670 468 42558 6421 5376 5009 1045
is_linear=0
shrinkage=0.03


Tree=107
num_leaves=31
num_cat=0
split_feature=11 10 34 8 6 22 35 27 34 21 2 25 28 19 34 8 34 28 35 35 8 15 31 22 32 22 35 22 34 2
split_gain=16.6301 13.2531 8.97554 9.50985 8.58578 8.1353 7.42472 7.91296 7.83235 7.59681 7.10659 9.05687 12.3194 12.1065 6.56388 7.52573 5.82578 5.82126 5.64081 5.21984 6.6388 5.13722 4.63406 5.13165 4.58803 4.58457 4.57231 5.26045 5.20855 6.32256
threshold=5.6125000000000016 2.5000000000000004 966.47500000000014 17.500000000000004 2.5000000000000004 11.357361111111114 37.750000000000007 3.1856250000000008 951.22500000000014 3.4953617474384244 1.186570052844844 8.2400000000000002 2.545120944855332 9.2775000000000016 962.32500000000016 16.500000000000004 951.32500000000016 0.73782902256491878 62.750000000000007 63.750000000000007 18.500000000000004 -0.89999999999999991 1.3695720492990464 13.124166666666669 0.98897820466835418 8.5023333333333362 64.250000000000014 2.2679166666666668 959.62500000000011 1.1718392015521912
decision_type=2 2 2 2 2 2 2 2 2 2 2 8 2 10 2 2 2 2 2 2 2 2 2 2 2 2 2 2 2 2
left_child=1 16 4 -4 6 -2 8 14 9 21 22 13 -13 18 15 -8 -1 -9 -12 -19 24 -3 -7 -24 -21 -18 -17 -28 29 -29
right_child=5 2 3 -5 -6 10 7 17 -10 -11 11 12 -14 -15 -16 26 25 19 -20 20 -22 -23 23 -25 -26 -27 27 28 -30 -31
leaf_value=0.0055787382519541335 9.4815335838947295e-06 0.0026664205057850055 0.00034311603900018082 0.0093601671822043011 0.0011885599424648575 -6.0620524234981967e-06 -0.0010950350002706694 0.0055841303945776818 -0.004700563865331105 0.00196502184389407 4.9078732551088413e-05 7.9952982672996112e-05 -6.2074578129445164e-06 -1.3637153316695682e-05 -0.0028324298041257313 -0.00018761551918528019 -0.002853729116522573 -0.00010120287586519616 1.0014639497573085e-05 -1.2504792513408416e-06 0.003602446916722932 -0.0025646931862957343 1.3906587382270797e-05 -1.3934816919591863e-06 0.0010388759586086294 0.00061373448005774594 -0.0034127648384386271 0.0031918317608702154 0.0095164896127332647 -0.0037005228436148515
leaf_weight=205 43232 1139 780 332 5909 1520 17174 382 3201 480 1039 347 204 1017 2176 3063 7973 2741 895 921 244 7128 1652 1243 326 326 259 838 378 525
leaf_count=205 43232 1139 780 332 5909 1520 17174 382 3201 480 1039 347 204 1017 2176 3063 7973 2741 895 921 244 7128 1652 1243 326 326 259 838 378 525
internal_value=-0.000138472 -0.000493231 -0.000299744 0.0023581 -0.000363028 0.000253411 -0.000517204 -0.000258026 -0.00114649 -0.000681102 0.00113721 0.00214542 0.00566007 0.00148072 -0.000473381 -0.000319262 -0.00158444 0.000880709 0.00287158 0.000557941 0.00198329 -0.000894706 0.000335972 0.00103965 0.00108546 -0.00170845 0.000696724 0.00181047 0.00240378 0.00152851
internal_weight=107649 56500 47996 1112 46884 51149 40975 29027 11948 8747 7917 3502 551 2951 24413 22237 8504 4614 1934 4232 1491 8267 4415 2895 1247 8299 5063 2000 1741 1363
internal_count=107649 56500 47996 1112 46884 51149 40975 29027 11948 8747 7917 3502 551 2951 24413 22237 8504 4614 1934 4232 1491 8267 4415 2895 1247 8299 5063 2000 1741 1363
is_linear=0
shrinkage=0.03


Tree=108
num_leaves=31
num_cat=0
split_feature=30 10 32 35 6 34 1 17 24 1 35 22 26 29 35 10 26 25 1 10 34 35 27 16 25 14 17 26 12 13
split_gain=16.0851 11.9558 11.5633 13.106 7.28478 7.05417 7.01941 7.25701 7.16086 7.55827 7.07209 6.74431 6.67396 6.20941 6.63249 5.99666 5.9887 5.57919 5.41396 6.46001 5.13946 19.0592 5.34532 5.79546 5.08894 4.86393 4.74666 7.07062 5.43491 4.70651
threshold=6.6250000000000009 1.5000000000000002 0.86159635224327558 24.750000000000004 1.5000000000000002 966.47500000000014 5.0750000000000011 6.4775000000000009 2.1250000000000004 22.475000000000005 15.250000000000002 8.8054444444444488 5.7775000000000007 2.2125000000000004 39.750000000000007 11.500000000000002 5.6375000000000011 1.7375000000000005 30.425000000000004 6.5000000000000009 954.92500000000018 63.250000000000007 2.0156250000000004 9.0125000000000028 4.3725000000000014 0.9389777239482342 1.2525000000000002 2.6775000000000007 3.0425000000000009 7.0208333333333339
decision_type=2 2 2 2 2 2 2 10 8 2 2 2 2 2 2 2 2 10 2 2 2 2 2 8 8 2 10 2 10 2
left_child=1 11 3 -2 13 16 7 -4 -8 24 -11 -1 18 -3 -15 -14 20 -7 -5 -20 21 -6 25 26 29 -23 27 -24 -29 -10
right_child=2 4 6 12 5 17 8 -9 9 10 -12 -13 15 14 -16 -17 -18 -19 19 -21 -22 22 23 -25 -26 -27 -28 28 -30 -31
leaf_value=-0.0032563275032299957 -0.0013850634084839875 -0.0021237776782106394 7.5933194624685311e-05 -1.3883790774349425e-06 -0.00060442189197070894 0.0092507763445256446 0.0051144464352912769 2.5125309436040177e-06 -0.00011368384445515676 -0.00020279993331328349 0.00062574427454632569 0.00035935133190456573 1.3134600206662349e-05 -0.0025158168905205151 0.00015399380145831974 5.4236602440854453e-05 0.0012498186997023145 0.0013566775986661435 0.002605949578392411 8.6848690442580258e-05 -0.00055934031312889203 -0.0010517633149028226 0.003614467535134691 4.5148527598838359e-05 -1.9426289766470984e-05 0.0027299185663108389 -6.7203830522369885e-05 0.0039791012461574456 0.0063247229670943773 0.00057603383173652535
leaf_weight=5794 4037 11591 4337 19416 16525 308 254 1892 902 605 3541 353 2260 2499 7375 217 238 699 411 625 13245 1357 1531 805 4775 379 360 273 448 582
leaf_count=5794 4037 11591 4337 19416 16525 308 254 1892 902 605 3541 353 2260 2499 7375 217 238 699 411 625 13245 1357 1531 805 4775 379 360 273 448 582
internal_value=-0.000119679 -0.000423768 0.000322578 -6.29572e-05 -0.000289549 -2.96914e-05 0.000938021 0.00173773 0.000470086 0.000347262 0.00133992 -0.00168092 0.000214659 -0.000727295 -0.00017431 0.00168372 -0.000100751 0.00243972 3.63683e-05 0.00214409 -0.000133389 0.000151085 0.00174312 0.00243103 -0.000310824 0.000385984 0.00311578 0.00362605 0.00607025 0.00122095
internal_weight=107634 63780 43854 26966 57633 36168 16888 6229 10659 10405 4146 6147 22929 21465 9874 2477 35161 1007 20452 1036 34923 21678 5153 3417 6259 1736 2612 2252 721 1484
internal_count=107634 63780 43854 26966 57633 36168 16888 6229 10659 10405 4146 6147 22929 21465 9874 2477 35161 1007 20452 1036 34923 21678 5153 3417 6259 1736 2612 2252 721 1484
is_linear=0
shrinkage=0.03


Tree=109
num_leaves=31
num_cat=0
split_feature=12 2 35 8 1 35 9 25 26 12 26 35 1 31 18 35 1 33 19 8 32 19 12 1 1 11 1 10 23 18
split_gain=15.5517 11.7491 8.09036 8.29685 7.72189 7.14105 6.95829 12.6554 6.46091 6.29337 6.06643 5.52146 9.3458 5.05303 6.9019 7.14169 7.43806 5.55787 6.64387 7.42087 5.50198 13.1647 6.62472 6.1154 7.83789 6.97401 6.63372 5.32107 5.25287 5.01879
threshold=5.4625000000000012 1.2082683260917315 32.750000000000007 9.5000000000000018 27.225000000000005 19.750000000000004 5.5000000000000009 7.722500000000001 2.7675000000000005 1.9725000000000004 8.7625000000000011 82.250000000000014 5.2750000000000012 2.2326492323008007 3.0925000000000007 78.750000000000014 -0.57499999999999984 -0.22495105434386511 5.892500000000001 6.5000000000000009 -0.84335933205092495 6.1125000000000016 8.1375000000000028 7.7250000000000005 19.175000000000004 8.1375000000000028 -2.7749999999999995 10.500000000000002 0.51295881520250419 10.987500000000002
decision_type=8 2 2 2 2 2 2 8 2 10 2 2 2 2 2 2 2 2 10 2 2 10 10 2 2 2 2 2 2 2
left_child=1 2 -1 -4 6 -2 11 8 -8 -6 13 -5 -13 14 15 16 -7 18 -15 -20 22 23 -16 25 -25 26 -22 -28 -29 -3
right_child=5 29 3 4 9 10 7 -9 -10 -11 -12 12 -14 17 20 -17 -18 -19 19 -21 21 -23 -24 24 -26 -27 27 28 -30 -31
leaf_value=-0.0021519624386146128 -5.7801983432044259e-05 -0.0027018513330944087 -0.00080562140660741014 -0.00033791350934711295 0.0094460911426177338 0.0070095650081485822 0.00024394254808904114 0.0070180260984281746 0.0053382635147142211 0.0022159801692709269 1.6328622379266908e-05 0.00019462091995182338 0.011619839905144765 0.00023266746282329942 -0.00058677354292933654 -0.003135237279731644 0.0024286503761870113 -6.420215827852682e-05 0.001552595919886793 7.5711442824273609e-05 -1.1468680042410038e-05 -1.3303414645503552e-05 1.1408491120478148e-05 -1.4093721267307675e-05 0.00051549428088219719 6.0159800389357749e-05 0.00053135351696860804 0.0025444219460556616 -0.00012588670219026117 0.0011109031935195568
leaf_weight=9813 2944 9698 18883 11415 258 215 1360 211 373 1421 277 585 235 1481 8319 443 2030 6739 221 234 1655 5104 12695 3245 2691 2030 1458 372 795 514
leaf_count=9813 2944 9698 18883 11415 258 215 1360 211 373 1421 277 585 235 1481 8319 443 2030 6739 221 234 1655 5104 12695 3245 2691 2030 1458 372 795 514
internal_value=-0.000126274 -0.000480693 -0.000270249 -5.53452e-05 0.000450482 0.000240326 0.000222292 0.00188712 0.00103049 0.00237114 0.000324901 -4.28929e-05 0.00232727 0.000299987 0.000438999 0.00190717 0.00259333 -0.00035772 0.00105719 0.00420652 0.000335895 0.000731201 9.41933e-06 0.00126455 0.00057263 0.00191449 0.0012252 0.0021616 0.00064761 -0.00139826
internal_weight=107714 54766 44554 34741 15858 52948 14179 1944 1733 1679 50004 12235 820 49727 41052 2688 2245 8675 1936 455 38364 17350 21014 12246 5936 6310 4280 2625 1167 10212
internal_count=107714 54766 44554 34741 15858 52948 14179 1944 1733 1679 50004 12235 820 49727 41052 2688 2245 8675 1936 455 38364 17350 21014 12246 5936 6310 4280 2625 1167 10212
is_linear=0
shrinkage=0.03


Tree=110
num_leaves=31
num_cat=0
split_feature=30 10 35 17 34 8 25 34 35 21 9 30 24 18 19 8 32 26 17 22 30 18 32 8 25 9 23 10 26 19
split_gain=16.5614 10.0959 9.43386 9.01527 8.2351 10.6104 6.7762 6.50058 9.34954 6.05066 6.48697 6.05012 5.60394 5.54371 5.47466 4.65221 4.46671 4.96433 5.05352 6.9504 9.81404 7.91011 4.43668 11.4257 12.7501 12.0636 11.0781 9.4966 9.17238 6.47553
threshold=6.325000000000002 1.5000000000000002 39.750000000000007 2.4725000000000006 966.47500000000014 18.500000000000004 2.0525000000000007 962.92500000000018 59.750000000000007 4.0352488564019753 2.5000000000000004 3.1250000000000004 4.0750000000000011 2.9375000000000004 7.5525000000000011 12.500000000000002 0.94828754594723541 2.6625000000000005 6.1175000000000006 4.6861805555555565 5.4250000000000016 7.1175000000000006 0.64942331933852349 13.500000000000002 2.2675000000000005 1.5000000000000002 0.26799681985447377 7.5000000000000009 2.9625000000000004 3.1425000000000005
decision_type=2 2 2 8 2 2 10 2 2 2 2 2 10 2 10 2 2 2 8 2 2 2 2 2 10 2 2 2 2 10
left_child=1 -1 6 -3 7 13 14 8 9 -5 -11 12 -10 -6 -2 -8 17 -13 -19 -20 21 -21 -4 26 29 28 27 -24 -26 -25
right_child=2 3 22 4 5 -7 15 -9 11 10 -12 16 -14 -15 -16 -17 -18 18 19 20 -22 -23 23 24 25 -27 -28 -29 -30 -31
leaf_value=-0.0027604637206897513 -0.0023537122072258775 -0.0031589370758375308 1.0450949775963059e-05 -0.0010371391339750069 0.0098977441634191324 0.0090543519943191899 4.9885690416752626e-05 -0.0017376725001753822 -0.0012379970135629782 -0.0014403723439682054 0.0030626491277095493 0.00089243934624203079 0.0053603612888359527 -0.00093836642843595386 0.00037515971809673362 -1.5387375148093739e-05 -4.4226530379076752e-06 -0.001500605623009763 0.0019903878937384848 0.0059532481694650986 0.00030281275582148105 0.0022816103848614 0.0058465507906644999 0.0026380729692981331 0.00012690922516210955 1.3708662459659404e-05 -7.1682989245092082e-07 -0.00012296778324886708 0.0011947679950186924 0.0024104526103234428
leaf_weight=5990 3181 2387 17603 26610 218 384 4134 3587 7178 324 517 5597 429 821 220 10287 5020 375 555 256 285 342 537 203 593 2276 6693 391 369 257
leaf_count=5990 3181 2387 17603 26610 218 384 4134 3587 7178 324 517 5597 429 821 220 10287 5020 375 555 256 285 342 537 203 593 2276 6693 391 369 257
internal_value=-0.000141298 -0.000467396 0.000283385 -0.00033968 -0.000257586 0.0019895 -0.000259495 -0.000320381 -0.000227276 -0.000586867 0.00191135 0.000265392 -0.000400815 0.000405172 -0.00146301 2.47463e-05 0.000673099 0.00114093 0.0025033 0.00330977 0.00495608 0.00712438 0.0006179 0.00108115 0.00244828 0.00177798 0.0004166 0.0034791 0.00458531 0.00709677
internal_weight=107619 60875 46744 54885 52498 1423 17822 51075 47488 27451 841 20037 7607 1039 3401 14421 12430 7410 1813 1438 883 598 28922 11319 3698 3238 7621 928 962 460
internal_count=107619 60875 46744 54885 52498 1423 17822 51075 47488 27451 841 20037 7607 1039 3401 14421 12430 7410 1813 1438 883 598 28922 11319 3698 3238 7621 928 962 460
is_linear=0
shrinkage=0.03


Tree=111
num_leaves=31
num_cat=0
split_feature=24 10 17 34 18 2 34 20 3 17 6 14 35 2 35 34 35 8 34 2 34 34 25 33 19 35 34 10 2 9
split_gain=13.2498 11.1685 7.64353 14.1252 12.675 16.4517 21.5028 8.92485 8.04761 7.39988 7.11982 6.94112 5.4655 5.65975 6.5985 6.32604 5.43671 6.35652 11.2116 13.8125 7.53871 5.5794 5.42962 4.84224 4.76416 9.03985 7.10686 7.54792 6.63471 5.87857
threshold=4.0250000000000012 11.500000000000002 4.6575000000000015 962.12500000000011 5.6225000000000014 1.2135945158822106 958.92500000000018 10.933666666666667 10.678806974335975 2.1475000000000004 2.5000000000000004 1.8696902589099995 38.750000000000007 1.2228028763892957 62.750000000000007 963.22500000000014 26.250000000000004 10.500000000000002 945.62500000000011 1.1105832982035582 967.97500000000014 944.22500000000014 2.5425000000000004 0.49240481012316878 7.4625000000000012 75.750000000000014 955.82500000000016 2.5000000000000004 1.1718392015521912 5.5000000000000009
decision_type=8 2 10 2 2 2 2 2 2 8 2 2 2 2 2 2 2 2 2 2 2 2 10 2 8 2 2 2 2 2
left_child=9 10 3 4 -3 6 7 -6 -5 -1 11 12 22 24 15 -15 -11 -18 19 21 23 -19 -2 -20 29 -26 27 -27 -29 -14
right_child=1 2 -4 8 5 -7 -8 -9 -10 16 -12 -13 13 14 -16 -17 17 18 20 -21 -22 -23 -24 -25 25 26 -28 28 -30 -31
leaf_value=-0.0036344892090589714 -0.0019169401969874496 -0.00080163581727666765 -4.6063349476531624e-06 -2.4229232761963093e-05 1.5051471396892883e-05 5.1495746996694787e-05 0.0044711537367047799 0.00010314987284842751 2.0732748406955269e-05 -0.0033641021378979369 0.00018173439280268683 0.00021320422397362162 0.00020370625347967963 -0.00019111752914802271 -0.00022353838249301593 9.9384363148288237e-05 -0.0016297424489045598 -0.0004141322450834724 -0.0012026325949476748 0.0083527664425827371 0.0088480868189414457 0.0032786656591956109 -1.2526673951666068e-05 0.00182153810374884 -1.8303897937562708e-05 0.0040937299391044721 -3.4187017704930207e-07 0.0014701159846814437 -2.9467662802510339e-05 0.0010285468674556264
leaf_weight=2596 5749 372 2314 1792 294 730 389 251 210 2054 9223 3333 8548 268 4698 230 13551 568 7950 207 208 206 13159 1314 21327 228 2621 1455 592 1382
leaf_count=2596 5749 372 2314 1792 294 730 389 251 210 2054 9223 3333 8548 268 4698 230 13551 568 7950 207 208 206 13159 1314 21327 228 2621 1455 592 1382
internal_value=-0.000165799 3.42926e-05 0.00124021 0.00202721 0.00378344 0.00489994 0.00752716 0.00362727 0.000236173 -0.000718518 -7.09859e-05 -0.000183977 -0.000257725 -6.44927e-05 -0.00098981 0.00227833 -0.000566091 -0.000439086 0.000116752 0.00316126 -0.000200064 0.00129397 -0.000680168 -0.000328191 6.86148e-05 -0.000143321 0.00101857 0.00224342 0.00165643 0.000628082
internal_weight=107819 79165 6352 4038 2036 1664 934 545 2002 28654 72813 63590 60257 41349 5196 498 26058 24004 10453 981 9472 774 18908 9264 36153 26223 4896 2275 2047 9930
internal_count=107819 79165 6352 4038 2036 1664 934 545 2002 28654 72813 63590 60257 41349 5196 498 26058 24004 10453 981 9472 774 18908 9264 36153 26223 4896 2275 2047 9930
is_linear=0
shrinkage=0.03


Tree=112
num_leaves=31
num_cat=0
split_feature=22 24 6 35 10 22 35 30 19 29 8 4 25 2 8 2 35 35 24 34 27 28 1 18 35 34 34 10 2 29
split_gain=12.2112 6.67759 7.80916 8.22122 5.51819 10.8523 5.86975 8.07552 6.40424 5.53479 6.38565 5.31688 5.01805 4.96655 4.41813 5.8516 5.47238 5.30689 7.44304 4.53375 4.48876 4.06753 3.91239 3.98414 3.82134 4.56762 8.28727 5.67331 3.71533 4.37596
threshold=2.8878472222222231 7.075000000000002 2.5000000000000004 93.750000000000014 1.5000000000000002 10.393611111111113 46.750000000000007 3.4750000000000005 5.3975000000000009 0.87750000000000017 12.500000000000002 0.042604782704510964 4.2625000000000011 1.1167777120230042 17.500000000000004 1.1660487668648771 61.750000000000007 35.250000000000007 4.0750000000000011 952.12500000000011 2.0593750000000006 1.7761683361212401 13.475000000000003 1.7625000000000004 16.250000000000004 945.62500000000011 942.52500000000009 7.5000000000000009 1.2234821484367064 3.7125000000000008
decision_type=2 10 2 2 2 2 2 2 10 2 2 2 10 2 2 2 2 2 8 2 2 2 2 2 2 2 2 2 2 2
left_child=14 2 3 4 5 28 8 9 11 10 -8 13 -13 21 15 16 22 -16 -19 -20 -18 -6 23 -1 -3 26 -26 -28 29 -2
right_child=1 24 -4 -5 6 -7 7 -9 -10 -11 -12 12 -14 -15 17 -17 20 18 19 -21 -22 -23 -24 -25 25 -27 27 -29 -30 -31
leaf_value=0.0046308482746193515 -0.002224189076669656 -3.4691894262322711e-05 0.00026165225720647841 0.0039304698393678563 0.0013985930248294127 3.2584816501615151e-05 -0.0014903870413208585 3.380887925676146e-05 4.6752845299414194e-05 -0.0016685235856037969 0.010985362392154627 -0.0020619730143789177 -7.2194461719732313e-06 -0.0025126884677305872 -0.0032446513397634299 -0.0025940643429232741 -0.00015569522117011257 -0.0010600480390008432 0.013071286728437157 0.0024768416637240549 0.0051109702775932967 0.008935198239381761 -0.0028939514558092403 -0.0040737680157613672 -0.0002271234673832246 1.1125631668680303e-05 0.0011217364171138987 0.00033438014324149929 -0.0039196937889550143 0.00034147330496607894
leaf_weight=207 1923 296 10834 357 1858 526 453 29890 4676 8586 241 12894 5906 1125 578 4473 1032 1212 243 470 447 231 5616 218 206 8881 222 278 2741 946
leaf_count=207 1923 296 10834 357 1858 526 453 29890 4676 8586 241 12894 5906 1125 578 4473 1032 1212 243 470 447 231 5616 218 206 8881 222 278 2741 946
internal_value=-0.000184511 -5.83408e-05 -0.00014594 -0.000258424 -0.00028108 -0.00114118 -0.000200866 3.29284e-05 -0.000543923 -0.000739904 0.00182833 -0.000758073 -0.000950812 0.000369058 -0.000994277 -0.00123346 -0.000721595 0.000151913 0.000909326 0.00333008 0.000911724 0.00123352 -0.0011219 0.00163953 0.000678701 0.000782839 0.00309705 0.00516832 -0.00152805 -0.000771399
internal_weight=107566 93070 83187 72353 71996 6136 65860 39170 26690 9280 694 22014 18800 3214 14496 11993 7520 2503 1925 713 1479 2089 6041 425 9883 9587 706 500 5610 2869
internal_count=107566 93070 83187 72353 71996 6136 65860 39170 26690 9280 694 22014 18800 3214 14496 11993 7520 2503 1925 713 1479 2089 6041 425 9883 9587 706 500 5610 2869
is_linear=0
shrinkage=0.03


Tree=113
num_leaves=31
num_cat=0
split_feature=30 2 2 32 8 21 27 26 8 28 6 32 19 28 33 11 13 24 16 3 7 31 8 17 21 31 31 31 26 2
split_gain=11.7681 7.07518 7.00773 5.89421 5.7965 5.50699 4.87728 4.63751 10.3785 4.36056 4.08992 3.72696 3.96882 4.75447 3.57393 3.38244 5.54366 3.37259 6.01343 4.23672 3.87359 4.56534 4.11151 7.70745 4.80867 4.92255 7.70084 11.977 4.24361 4.94987
threshold=3.4250000000000007 1.0760386499151642 1.1184791084770203 0.85260769842926931 17.500000000000004 0.96668139306088552 5.1270833333333341 7.8375000000000012 13.500000000000002 1.1117909724829629 2.5000000000000004 0.71322329076259949 2.6575000000000006 0.78185143509049337 0.77714596145697079 7.9425000000000017 6.8291666666666675 6.9750000000000005 6.1525000000000007 13.318883876306634 41.500000000000007 1.144241821396994 3.5000000000000004 7.0875000000000012 2.4585755529567694 1.7684017027863781 2.0120301023915483 1.9404206881308481 3.5725000000000007 1.1266800808295094
decision_type=2 2 2 2 2 2 2 2 2 2 2 2 10 2 2 2 2 10 10 2 2 2 2 8 2 2 2 2 2 2
left_child=2 3 9 -2 10 11 -5 17 -9 -1 -4 12 -3 -14 -6 16 -13 20 -19 -20 22 -22 23 -7 25 -25 27 -27 29 -28
right_child=1 5 4 6 14 7 -8 8 -10 -11 -12 15 13 -15 -16 -17 -18 18 19 -21 21 -23 -24 24 -26 26 28 -29 -30 -31
leaf_value=-0.0010347848256891466 -0.002914633903252418 -0.00010190987587794353 -0.0023581130899748416 -0.00097793862704034112 -0.00049690069916114835 -0.0027584345551158107 0.00071774354486592708 5.3805316988008444e-05 -5.1069538686576825e-06 0.0023693141239556226 7.0505266656636012e-05 0.00052566018333590262 0.0021134421975935705 -5.2176585681693576e-05 0.01098178548672534 -4.6112765446129944e-05 0.001279027216604206 0.0023487270260853189 2.2267176012355023e-05 -1.0440346173307135e-05 0.0031735199248291782 5.776274020743712e-05 -1.406113353140892e-05 -2.2346326575793083e-05 -6.1680824669874117e-06 0.00045417924956370247 -9.2408191909640428e-05 0.0025778146031407252 -6.89900736218163e-05 0.0015459385556040037
leaf_weight=2958 2529 7685 13158 619 4451 958 211 210 240 1897 1810 1736 537 1385 201 521 250 410 7108 1518 1618 7360 41315 1088 2381 698 684 356 654 1158
leaf_count=2958 2529 7685 13158 619 4451 958 211 210 240 1897 1810 1736 537 1385 201 521 250 410 7108 1518 1618 7360 41315 1088 2381 698 684 356 654 1158
internal_value=-0.00018589 -1.58236e-05 -0.000764094 -0.00136356 -0.00101656 4.09383e-05 0.000826347 0.000146278 0.00316483 0.000256172 -0.00130395 -0.000548066 -0.000816792 0.00040166 -9.14759e-05 0.000481289 0.0010457 0.000125863 0.00066497 0.000494959 4.22129e-05 0.000615161 -6.21952e-05 0.000561137 0.000905893 0.00146802 0.00200844 0.00415297 0.00109636 0.00183216
internal_weight=107704 83229 24475 3359 19620 79870 830 67756 450 4855 14968 12114 9607 1922 4652 2507 1986 67306 9036 8626 58270 8978 49292 7977 7019 4638 3550 1054 2496 1842
internal_count=107704 83229 24475 3359 19620 79870 830 67756 450 4855 14968 12114 9607 1922 4652 2507 1986 67306 9036 8626 58270 8978 49292 7977 7019 4638 3550 1054 2496 1842
is_linear=0
shrinkage=0.03


Tree=114
num_leaves=31
num_cat=0
split_feature=22 7 25 15 17 34 33 24 33 8 32 34 29 12 34 19 27 15 26 30 25 22 21 31 25 1 1 34 26 31
split_gain=9.09533 6.82489 6.14814 4.51605 4.47625 4.51126 3.47129 4.21706 4.15008 4.13578 4.25397 4.53217 3.82457 8.10485 3.89946 3.56752 4.73307 3.54918 3.44668 3.39073 3.32439 3.04991 3.04644 2.99532 2.96945 3.07177 2.96139 4.83127 6.63239 6.28058
threshold=2.227847222222223 17.500000000000004 2.8025000000000007 -1.4049999999999994 2.5475000000000003 949.62500000000011 0.39073112848927366 4.0250000000000012 -0.52247866957162936 3.5000000000000004 -0.88697705852364728 965.52500000000009 4.7075000000000014 7.8975000000000017 948.97500000000014 5.3225000000000007 2.7706250000000008 3.0525000000000007 5.3825000000000012 3.9250000000000007 3.2625000000000006 2.3851666666666675 1.1717005981267836 2.2509882040465601 3.5625000000000009 16.025000000000002 36.725000000000009 943.47500000000014 3.6075000000000008 1.0381293801878824
decision_type=2 2 8 2 10 2 2 8 2 2 2 2 2 10 2 10 2 2 2 2 8 2 2 2 8 2 2 2 2 2
left_child=4 2 -2 -3 5 -1 7 8 24 10 12 18 13 20 -14 23 -17 21 -12 -4 22 -11 -9 -10 -5 -26 27 28 29 -8
right_child=1 3 19 6 -6 -7 26 9 15 17 11 -13 14 -15 -16 16 -18 -19 -20 -21 -22 -23 -24 -25 25 -27 -28 -29 -30 -31
leaf_value=-0.00088959880112066841 -0.001429414896428519 0.00037889276891713214 -0.0015523325894523665 -0.00025610004710129529 0.0066539048695137418 -0.003241223390706633 0.012565007854796254 -0.00043629963529184763 -0.0015233088881940657 0.0021954504433263108 -3.7144315227519599e-05 0.001211833839804664 2.9016538365523868e-05 0.00090814054230520757 -1.3795885814824604e-05 0.0012779057163400062 -0.00012785696797386415 0.00071133563200424972 0.00041393605774218576 -1.0411190374424589e-06 -8.8033995317957639e-05 -6.8527901135123455e-06 0.0056521985403687755 -0.0043493564913873739 0.0060286664604929253 0.00039316692962881828 -0.0031073478055643465 0.0002647424975103163 -0.0022587236003132924 0.001838641789141618
leaf_weight=2142 10937 4474 4191 1650 200 4026 200 230 7346 258 3300 215 211 247 739 363 951 382 268 20316 567 32143 564 2630 311 306 341 7514 233 387
leaf_count=2142 10937 4474 4191 1650 200 4026 200 230 7346 258 3300 215 211 247 739 363 951 382 268 20316 567 32143 564 2630 311 306 341 7514 233 387
internal_value=-0.000194302 -0.00012512 -0.000460719 5.55928e-05 -0.00129358 -0.00143755 -1.1539e-05 -0.000103121 -0.000558989 5.48946e-05 0.000755909 0.00011642 0.00169957 0.00258896 0.000188481 -0.000794157 0.000673237 -8.07925e-05 -0.000141059 -0.00019668 0.00166691 -0.000114887 0.00291364 -0.000987677 0.000611355 0.00237781 0.000544354 0.000656913 0.00283636 0.00452534
internal_weight=107642 101274 35444 65830 6368 6168 61356 52681 13557 39124 6341 3783 2558 1608 950 11290 1314 32783 3568 24507 1361 32401 794 9976 2267 617 8675 8334 820 587
internal_count=107642 101274 35444 65830 6368 6168 61356 52681 13557 39124 6341 3783 2558 1608 950 11290 1314 32783 3568 24507 1361 32401 794 9976 2267 617 8675 8334 820 587
is_linear=0
shrinkage=0.03


Tree=115
num_leaves=31
num_cat=0
split_feature=17 35 30 10 34 35 34 27 27 32 33 18 27 19 8 32 24 31 31 12 8 1 19 14 8 1 24 24 31 34
split_gain=10.5986 8.62886 7.47251 10.3232 14.2337 7.42772 8.05672 5.73769 5.50696 6.90408 5.29164 5.21552 6.64471 5.65833 8.78597 5.17567 7.9547 7.84246 6.44987 7.7375 5.80655 5.29169 5.22999 5.11362 4.94151 5.63752 4.91673 4.66414 6.58329 4.61133
threshold=3.5525000000000002 19.750000000000004 5.0250000000000012 2.5000000000000004 966.47500000000014 63.750000000000007 951.22500000000014 2.0156250000000004 1.8935416666666669 0.9426055981926128 -0.88697705852364728 2.6675000000000004 4.9535416666666672 0.78250000000000008 18.500000000000004 -0.82409480842201666 2.1250000000000004 1.4701929585781774 1.933062629723586 10.352500000000003 5.5000000000000009 22.725000000000005 7.2975000000000012 1.5574123755658935 18.500000000000004 -4.1249999999999991 1.2750000000000001 7.6250000000000009 1.2078900207508021 955.32500000000016
decision_type=8 2 2 2 2 2 2 2 2 2 2 2 2 10 2 2 8 2 2 10 2 2 10 2 2 2 10 10 2 2
left_child=-1 -2 3 23 5 10 7 -7 -6 -10 -5 12 13 14 29 18 17 -17 19 27 21 -20 -18 -3 25 -8 -26 -13 -29 -4
right_child=1 2 11 4 8 6 24 -9 9 -11 -12 15 -14 -15 -16 16 22 -19 20 -21 -22 -23 -24 -25 26 -27 -28 28 -30 -31
leaf_value=-0.0021195204086251096 -0.00032279879940024035 -0.0024438773437109648 0.0028603187980773596 0.0012547256021993569 0.012567423048269633 0.00021808596248197346 0.0025900371604569991 0.0039456337607569839 -0.0023296627766548924 0.0050146683095037142 -0.0014805457558002806 -0.00073432000590470479 0.0036025227649643778 -0.0019388531636965775 0.0060677703522864553 0.005556991854440997 4.2123922251395826e-05 -0.00042427852162072599 0.00068092966305128622 5.4392931375597818e-06 -1.0163424754784379e-05 -1.8061194455101237e-05 -1.1103400984582905e-05 0.0039755950870631485 0.0049865908487956717 -0.0012400082610119036 -0.00010719112490548584 0.0009407875781029132 -1.8083584727427437e-05 -0.001899322184038107
leaf_weight=5666 6014 6301 1530 1922 212 1400 347 2000 305 207 18639 13974 269 1394 326 314 18692 248 1622 6789 3164 570 4810 259 814 6727 1162 315 1001 508
leaf_count=5666 6014 6301 1530 1922 212 1400 347 2000 305 207 18639 13974 269 1394 326 314 18692 248 1622 6789 3164 570 4810 259 814 6727 1162 315 1001 508
internal_value=-0.000211552 -0.000141252 -7.20375e-05 -0.000383003 -0.000171163 -0.000262692 0.000315535 0.00155947 0.00397531 0.00225145 -0.000612808 0.000153643 0.00119271 0.000862609 0.00175517 7.22849e-05 0.000393368 0.00390476 -0.000209367 -0.000435927 0.000724118 0.00190897 0.000308588 -0.00147144 -0.000152403 -0.000522956 0.00117213 -0.000810069 0.000894776 0.00101615
internal_weight=107501 101835 95821 40295 33735 33011 12450 3400 724 512 20561 55526 4027 3758 2364 51499 24064 562 27435 22079 5356 2192 23502 6560 9050 7074 1976 15290 1316 2038
internal_count=107501 101835 95821 40295 33735 33011 12450 3400 724 512 20561 55526 4027 3758 2364 51499 24064 562 27435 22079 5356 2192 23502 6560 9050 7074 1976 15290 1316 2038
is_linear=0
shrinkage=0.03


Tree=116
num_leaves=31
num_cat=0
split_feature=22 7 22 34 35 35 2 31 2 33 24 34 33 29 15 19 35 9 2 34 12 34 21 14 17 26 24 33 34 28
split_gain=11.119 7.44795 7.14505 6.15367 11.5868 5.73358 5.63501 7.57349 5.54873 6.54622 6.32506 7.09387 5.3796 5.41807 4.49437 4.38395 7.14645 4.29236 4.83601 11.7391 4.51236 4.22794 3.83795 3.69213 3.68929 7.02989 3.52442 3.95117 3.39072 4.04025
threshold=2.227847222222223 41.500000000000007 6.5268333333333342 951.32500000000016 52.750000000000007 39.250000000000007 1.1068624394588977 1.3356485947649368 1.1572668949413869 0.54463903501502697 2.6750000000000007 945.62500000000011 -0.97233289553061575 2.1375000000000006 -0.81999999999999884 3.2125000000000004 75.750000000000014 5.5000000000000009 1.1778973773938199 957.92500000000018 5.5025000000000013 946.97500000000014 3.4953617474384244 0.88681076523310554 4.9375000000000009 2.2625000000000006 4.6750000000000016 0.19080899537654503 941.37500000000011 1.1457343896471694
decision_type=2 2 2 2 2 2 2 2 2 2 8 2 2 2 2 10 2 2 2 2 10 2 2 2 10 2 10 2 2 2
left_child=21 2 3 4 14 -5 7 -6 9 -8 -10 -12 -7 26 -2 16 -13 24 19 -19 -20 28 -16 -3 -15 -26 -14 -28 -1 -30
right_child=1 23 -4 5 6 12 8 -9 10 -11 11 15 13 17 22 -17 -18 18 20 -21 -22 -23 -24 -25 25 -27 27 -29 29 -31
leaf_value=-0.0039994045617744826 0.00047854925246002829 2.5923093744694179e-05 1.3786880432964388e-06 -0.0044372232388230105 0.0047735145090584685 0.0031219062397146832 -5.1132931827999606e-05 0.00080937675900252359 -0.0049798431646769139 0.0095246213722285037 0.0068587062171542711 0.0015885000754386818 -0.0020268915525669725 -0.0012335764986058631 -0.0020954917529872395 -0.0030291049162377037 0.010824652220060221 0.00021254661785054198 -0.002186869218882012 0.0043040081298684136 0.0023331074047587461 -0.0029310187671692588 0.0017343426059865641 0.00088857103885706687 -0.0022938075861508775 0.00238324168391673 0.0052206805110212428 -0.0011811913475142 -0.0010188993597589229 0.003688449588805408
leaf_weight=326 3271 10215 40802 3117 214 228 4539 248 329 292 215 321 10292 7770 10920 204 224 443 433 237 277 5021 718 4850 388 274 234 259 720 328
leaf_count=326 3271 10215 40802 3117 214 228 4539 248 329 292 215 321 10292 7770 10920 204 224 443 433 237 277 5021 718 4850 388 274 234 259 720 328
internal_value=-0.000205239 -0.000128624 -0.000236129 -0.00049483 -0.00012628 -0.00082548 0.000921256 0.0040985 0.000678413 0.000210297 0.00241988 0.00364087 -0.000645634 -0.000696731 -0.000589179 0.00223209 0.00362727 -0.000186833 0.00135484 0.00315328 -0.000377623 -0.00141797 -0.000865242 0.000486728 -0.000441627 0.00170015 -0.0011608 0.00130723 5.6562e-05 0.000888888
internal_weight=107709 101314 86249 45447 21495 23952 6586 462 6124 4831 1293 964 20835 20607 14909 749 545 9822 1390 680 710 6395 11638 15065 8432 662 10785 493 1374 1048
internal_count=107709 101314 86249 45447 21495 23952 6586 462 6124 4831 1293 964 20835 20607 14909 749 545 9822 1390 680 710 6395 11638 15065 8432 662 10785 493 1374 1048
is_linear=0
shrinkage=0.03


Tree=117
num_leaves=31
num_cat=0
split_feature=17 35 30 2 28 2 34 2 18 34 33 32 12 34 16 1 1 17 33 35 1 32 11 21 26 34 18 29 26 26
split_gain=9.7805 6.33703 6.59447 7.70421 6.5583 4.10047 4.83142 3.95158 7.78925 6.99065 9.11378 7.25886 6.5547 6.09686 6.19145 8.53655 5.53471 5.012 4.92635 4.66192 5.18985 5.91021 5.34154 4.61827 4.27388 4.22438 12.8601 4.01075 3.94214 3.79533
threshold=3.1125000000000007 19.750000000000004 3.2250000000000005 1.2167232008117836 1.5516533520467335 1.1274490801280173 966.62500000000011 1.1494155581425787 2.5525000000000007 953.72500000000014 0.3090169943749474 0.71322329076259949 10.352500000000003 949.92500000000018 6.9375000000000009 8.4250000000000025 -5.1749999999999989 6.892500000000001 -0.46173103126271881 58.750000000000007 21.775000000000002 -0.91702515554752051 11.342500000000003 1.8376439852883217 1.4175000000000002 946.17500000000018 7.3525000000000009 1.3025000000000004 3.5225000000000004 1.8125000000000002
decision_type=8 2 2 2 2 2 2 2 2 2 2 2 10 2 10 2 2 10 2 2 2 2 2 2 2 2 2 2 2 2
left_child=28 -2 3 4 5 -3 -7 9 13 10 12 23 27 -9 15 16 -15 -11 -10 20 21 22 -14 -12 -17 26 -20 -4 -1 -27
right_child=1 2 7 -5 -6 6 -8 8 18 17 11 -13 19 14 -16 24 -18 -19 25 -21 -22 -23 -24 -25 -26 29 -28 -29 -30 -31
leaf_value=-0.0024030787385384859 -0.00029551120607063059 0.0002371482323870147 0.0026011546830736446 -0.0026580811857535923 0.0019719905394579261 -0.0017652718054184679 0.0088737480278733745 0.011848460044006737 0.00090256765875188405 -9.5843979637830841e-05 -0.002429352441849891 0.0011824673361714743 0.00013218246518936164 0.0033560436917960111 0.0037331977733431341 -0.002204742350425518 -0.0016799089844366239 0.00035193970843315877 0.0067095137020578193 -1.0577861620796325e-05 1.6718097669833743e-05 -5.9611554844751775e-06 6.6230181665174461e-05 0.0017025693971995358 0.0046255156401513011 -0.00054508556904234509 -4.1614737426157659e-05 -0.00016775837747222289 0.0021454068125808124 7.8012635905133625e-06
leaf_weight=4570 5998 4880 222 3132 2121 8023 217 207 2450 6509 1835 4170 308 246 370 209 1294 255 233 644 1527 200 434 1088 467 6344 295 21406 267 27408
leaf_count=4570 5998 4880 222 3132 2121 8023 217 207 2450 6509 1835 4170 308 246 370 209 1294 255 233 644 1527 200 434 1088 467 6344 295 21406 267 27408
internal_value=-0.000179972 -0.000117721 -5.88822e-05 -0.000570193 -0.000291421 -0.000541715 -0.000949667 6.14001e-05 0.000272237 -0.000154496 3.16586e-05 0.000979289 -0.000240161 0.00179807 0.00139406 0.000788833 -0.000446603 -0.00102999 0.000155981 0.00104586 0.00163824 0.00338332 0.00461044 -0.000167009 0.0035859 6.30006e-05 0.00271294 -0.000425462 -0.00149752 2.11505e-05
internal_weight=107329 102492 96494 18373 15241 13120 8240 78121 39523 38598 31834 7093 24741 2793 2586 2216 1540 6764 36730 3113 2469 942 742 2923 676 34280 528 21628 4837 33752
internal_count=107329 102492 96494 18373 15241 13120 8240 78121 39523 38598 31834 7093 24741 2793 2586 2216 1540 6764 36730 3113 2469 942 742 2923 676 34280 528 21628 4837 33752
is_linear=0
shrinkage=0.03


Tree=118
num_leaves=31
num_cat=0
split_feature=17 35 8 5 10 18 35 32 8 18 1 17 34 21 34 8 29 35 15 32 11 0 10 10 17 2 26 15 17 33
split_gain=10.5751 6.27213 5.88536 5.83488 8.30275 7.05734 6.73053 5.29915 5.93829 4.91497 7.31908 5.44913 5.31872 7.30317 5.36845 5.30088 7.78553 4.99283 4.85923 7.38202 4.82189 4.62222 4.63947 7.45932 6.85597 6.73197 14.3827 7.31124 5.45278 5.0267
threshold=3.1125000000000007 93.750000000000014 6.5000000000000009 0.1093694833306529 2.5000000000000004 9.7625000000000028 28.750000000000004 -0.91702515554752051 2.5000000000000004 2.5025000000000004 25.425000000000004 5.557500000000001 960.12500000000011 0.99142994373446924 949.22500000000014 18.500000000000004 0.91750000000000009 70.750000000000014 -0.84999999999999865 0.1993603430971522 3.8325000000000005 3.5575000000000006 11.500000000000002 8.5000000000000018 8.2925000000000022 1.201457467153678 2.7525000000000004 -0.5649999999999985 8.7125000000000021 0.3090169943749474
decision_type=8 2 2 2 2 2 2 2 2 2 2 8 2 2 2 2 2 2 2 2 2 2 2 2 10 2 2 2 8 2
left_child=-1 3 -3 4 -2 6 -6 8 -5 11 15 -8 14 -14 -13 -11 -17 -18 19 -12 -7 -9 23 28 25 26 27 -24 -23 -30
right_child=1 2 -4 7 5 20 9 21 -10 10 18 12 13 -15 -16 16 17 -19 -20 -21 -22 22 24 -25 -26 -27 -28 -29 29 -31
leaf_value=-0.0021457489528559112 -0.0021028085804462478 0.0049623953749211355 -5.464509333006605e-05 8.893368445075822e-05 -0.0025880488934558136 0.0022288933526320928 0.0092235240506763957 0.005973925153618549 -1.6189141087074031e-05 -0.0016259909481249979 0.00020814599696619528 0.0011911205131971147 -0.0010541751359250079 0.0052074795267526017 -0.0024928244441280913 0.011124555927208244 -0.0013450705190771045 0.0051467268927777249 0.001072379501813381 0.0067102216049622311 -0.0015323896094277345 -0.00024142815215020061 0.0022155828618174614 -3.4728447185130516e-05 -1.2689707639889081e-05 4.5102951415367797e-05 0.0029673478830259535 -5.3028957767538396e-05 2.1378884412525112e-05 0.00038717473232661835
leaf_weight=4786 4760 228 245 2955 5141 1115 326 312 24399 12333 330 2663 390 478 2666 221 1984 718 2128 212 335 1948 206 10618 704 3440 237 467 16527 4668
leaf_count=4786 4760 228 245 2955 5141 1115 326 312 24399 12333 330 2663 390 478 2666 221 1984 718 2128 212 335 1948 206 10618 704 3440 237 467 16527 4668
internal_value=-0.000185226 -0.000120983 0.00330753 -0.000136999 -0.000445749 -0.00026671 -0.000366955 2.92836e-05 -0.00029102 -0.000159361 -0.000415928 0.000545496 0.000344888 0.00251546 -1.06869e-05 -0.000669551 0.000478483 3.10299e-05 0.00103177 0.00355393 0.0017732 0.000253219 0.000223724 9.67534e-05 0.00107096 0.0015155 0.00380328 0.0015354 0.000398781 0.000538443
internal_weight=107540 102754 473 102281 35800 31040 29590 66481 27354 24449 17926 6523 6197 868 5329 15256 2923 2702 2670 542 1450 39127 38815 33761 5054 4350 910 673 23143 21195
internal_count=107540 102754 473 102281 35800 31040 29590 66481 27354 24449 17926 6523 6197 868 5329 15256 2923 2702 2670 542 1450 39127 38815 33761 5054 4350 910 673 23143 21195
is_linear=0
shrinkage=0.03


Tree=119
num_leaves=31
num_cat=0
split_feature=22 6 22 35 34 27 34 1 33 31 18 8 34 34 26 35 27 2 26 35 19 21 34 17 34 10 26 14 21 9
split_gain=10.0523 5.65518 5.71794 5.6099 8.03201 5.95901 6.24244 7.55655 5.64819 5.43472 5.30667 5.20577 9.55451 5.70687 5.00326 4.54007 4.57227 5.48828 6.14774 4.52362 7.95647 6.67935 4.18948 4.33486 3.9224 3.76484 5.31923 3.6948 3.67627 4.97376
threshold=2.227847222222223 2.5000000000000004 6.0841666666666674 33.750000000000007 954.92500000000018 2.7585416666666673 946.37500000000011 17.075000000000006 0.90255091666790865 1.0658593259367806 2.2675000000000005 18.500000000000004 967.22500000000014 962.32500000000016 3.0725000000000007 59.750000000000007 2.0293750000000008 1.18232358215727 2.9175000000000004 64.250000000000014 2.0525000000000007 1.6371532704271499 946.97500000000014 2.5825000000000005 951.62500000000011 5.5000000000000009 3.4725000000000006 1.4128251838072543 1.4166303885657976 5.5000000000000009
decision_type=2 2 2 2 2 2 2 2 2 2 2 2 2 2 2 2 2 2 2 2 10 2 2 10 2 2 2 2 2 2
left_child=22 2 3 24 5 8 7 -7 15 -9 -4 -6 13 14 19 -5 27 18 -18 -13 21 -21 -1 -24 25 26 -2 -17 -8 -30
right_child=1 -3 10 4 11 6 28 9 -10 -11 -12 12 -14 -15 -16 16 17 -19 -20 20 -22 -23 23 -25 -26 -27 -28 -29 29 -31
leaf_value=0.00027881351385915378 -0.00077189199797524143 0.000138017995745542 0.0020609707951107972 -0.0015603058886171995 -0.0018212115560053365 0.0066298619667524202 -0.0037662084289274123 0.00861439694730874 0.0078893328570089436 0.0016862548803322742 -7.3673427908316214e-07 -0.0013979401737052493 0.009825529151024007 -0.0024948709901983948 -0.0019624182759385603 -0.0019275547823594771 0.0019072455791457204 -0.0029185008786428586 0.0058703261034181754 0.0017016730990131832 -0.00051254870590602063 0.010956903517304316 -0.0028641379289593566 0.0054936347611203428 -0.0045106959577149112 -0.0021452372465116682 0.0088090704232630969 0.0022498964835028505 0.00049768096528006955 0.0037616222639542678
leaf_weight=1353 974 12790 229 7305 11238 200 1177 202 260 1488 46079 604 203 791 384 2264 1722 719 382 263 568 362 4824 208 1816 5858 315 221 2321 439
leaf_count=1353 974 12790 229 7305 11238 200 1177 202 260 1488 46079 604 203 791 384 2264 1722 719 382 263 568 362 4824 208 1816 5858 315 221 2321 439
internal_value=-0.000223933 -0.00015104 -0.000236365 -0.000489485 -0.000309168 0.000101042 0.000896604 0.00231134 -0.00025928 0.00164602 -6.34882e-06 -0.000841241 0.000231131 -0.000203561 0.000588746 -0.000350215 0.000317334 0.0011425 0.00191465 0.00125361 0.00232137 0.00464286 -0.00137793 -0.00177606 -0.00115511 -0.000837668 0.000628284 -0.000620483 0.000215372 0.000813743
internal_weight=107559 101174 88384 42076 33113 18700 5827 1890 12873 1690 46308 14413 3175 2972 2181 12613 5308 2823 2104 1797 1193 625 6385 5032 8963 7147 1289 2485 3937 2760
internal_count=107559 101174 88384 42076 33113 18700 5827 1890 12873 1690 46308 14413 3175 2972 2181 12613 5308 2823 2104 1797 1193 625 6385 5032 8963 7147 1289 2485 3937 2760
is_linear=0
shrinkage=0.03


Tree=120
num_leaves=31
num_cat=0
split_feature=22 14 35 1 16 18 12 1 10 19 28 34 24 0 17 34 8 31 35 26 31 8 10 18 12 26 19 24 34 34
split_gain=9.68213 4.90032 4.99871 7.79499 6.06904 4.67166 6.11546 8.54729 8.86759 6.69563 8.37287 6.04942 9.63459 4.9604 4.62258 4.48502 4.21737 4.12912 4.83538 4.01571 4.55812 4.45712 3.77803 4.68532 4.15292 4.66571 3.75541 3.66651 3.59188 3.43869
threshold=2.227847222222223 1.5842137902862963 28.750000000000004 29.375000000000004 9.5125000000000028 2.6125000000000007 4.7425000000000006 1.0000000180025095e-35 11.500000000000002 5.182500000000001 0.94021052604677047 961.52500000000009 4.6750000000000016 3.7025000000000006 3.1125000000000007 965.97500000000014 9.5000000000000018 1.1991259072055356 22.750000000000004 2.2325000000000008 2.0537508537031388 19.500000000000004 6.5000000000000009 4.767500000000001 3.5775000000000006 2.3675000000000006 1.6075000000000002 4.0750000000000011 949.62500000000011 967.47500000000014
decision_type=2 2 2 2 10 2 8 2 2 10 2 2 8 2 8 2 2 2 2 2 2 2 2 2 10 2 10 10 2 2
left_child=28 2 4 5 -2 14 7 29 9 -9 -11 12 -10 -8 -4 19 -5 18 -6 -16 21 -21 23 24 -3 -26 -27 -12 -1 -7
right_child=1 22 3 16 17 6 13 8 11 10 27 -13 -14 -15 15 -17 -18 -19 -20 20 -22 -23 -24 -25 25 26 -28 -29 -30 -31
leaf_value=-0.00067616072537985067 -0.0016448827091687568 -0.0004042387313517917 -0.0025304446855766369 -0.0027820106449096605 0.00018188659896886615 -0.0027876230659598638 0.0037274980306828552 -0.0009942296604830746 0.00347919984815136 0.0031182207112988281 -0.0025752525875212371 -0.00036966563577344407 0.0065157359190236531 -1.5431155986678212e-06 -3.8315455301339838e-05 0.0094286813312952321 0.0018016698326723624 -3.555335520022062e-06 -4.1809562683299273e-05 0.0023395837330059646 -0.00099458675849005873 0.010580025143581402 -8.1253500667903962e-06 4.1370654794542405e-05 0.0069679830452146546 -0.0017478239058466658 0.0061295625116530314 0.001748366880320984 -0.0027102348651228294 0.0027667709970748988
leaf_weight=2131 10328 298 564 346 641 5555 273 18207 415 302 437 291 217 43130 3734 237 1909 1810 337 2185 756 232 4815 2741 393 282 217 306 4210 385
leaf_count=2131 10328 298 564 346 641 5555 273 18207 415 302 437 291 217 43130 3734 237 1909 1810 337 2185 756 232 4815 2741 393 282 217 306 4210 385
internal_value=-0.000220469 -0.000149278 -0.000213398 -0.000123834 -0.000755888 -0.000174646 -0.000252349 -0.000615047 -0.000320367 -0.000458328 0.00187143 0.00254418 0.0041821 -3.40728e-05 0.000525865 0.000732689 0.00161283 0.000485499 0.00205086 0.000591579 0.00137539 0.00201032 0.00052931 0.00121875 0.00278661 0.00380602 0.00185119 0.000148395 -0.00135723 -0.0016148
internal_weight=107684 101343 92597 79481 13116 77226 69518 26115 20175 19252 1045 923 632 43403 7708 7144 2255 2788 978 6907 3173 2417 8746 3931 1190 892 499 743 6341 5940
internal_count=107684 101343 92597 79481 13116 77226 69518 26115 20175 19252 1045 923 632 43403 7708 7144 2255 2788 978 6907 3173 2417 8746 3931 1190 892 499 743 6341 5940
is_linear=0
shrinkage=0.03


Tree=121
num_leaves=31
num_cat=0
split_feature=22 6 22 34 10 25 1 32 18 34 19 24 18 11 16 28 34 34 34 9 9 29 24 26 19 34 25 20 34 16
split_gain=9.12492 5.61192 5.08356 5.54522 15.2052 8.11753 10.9692 5.82083 5.96063 5.86691 5.03211 4.89786 4.77346 4.34647 4.34285 4.25803 3.90946 5.30775 6.74967 7.10313 10.0372 7.90331 6.03882 5.31053 4.16659 6.86062 3.81438 3.77955 3.69452 3.32581
threshold=2.227847222222223 2.5000000000000004 6.1577222222222234 951.32500000000016 3.5000000000000004 4.0125000000000011 10.225000000000001 -0.26722820045975981 7.2575000000000012 948.27500000000009 4.9175000000000013 4.7750000000000012 2.2675000000000005 2.6075000000000008 9.0975000000000019 0.82687413390853248 967.72500000000014 962.32500000000016 960.02500000000009 1.5000000000000002 2.5000000000000004 2.1575000000000006 0.52500000000000013 2.1875000000000004 4.6225000000000014 971.02500000000009 3.7625000000000006 6.1018333333333343 946.97500000000014 5.6725000000000012
decision_type=2 2 2 2 2 8 2 2 2 2 10 10 2 2 10 2 2 2 2 2 2 2 10 2 8 2 8 2 2 10
left_child=28 2 3 4 5 6 -2 10 11 -10 -6 14 -4 -14 29 -12 17 18 -5 -20 21 -21 23 -22 -18 -26 -13 -15 -1 -9
right_child=1 -3 12 16 7 -7 -8 8 9 -11 15 26 13 27 -16 -17 24 -19 19 20 22 -23 -24 -25 25 -27 -28 -29 -30 -31
leaf_value=0.00028534943738975642 0.010728234219050172 0.00015907564517835882 0.0019706986311566286 -0.001527406584619145 -0.0017426866069275263 -0.0041231757809752833 0.0044629308062474884 0.00018388084161594486 0.0020392638788465614 0.0079637251097482206 0.0070806168652781613 0.0079788494861832149 0.001556719998989654 0.0039621589204556782 0.0056623290613709472 -0.00018181515334532048 -0.0040231010706254892 -0.0019845082668309101 -0.0028146288362814863 0.00034287261817068926 0.0093471167375217736 0.0077863847141748299 -0.0016585317055187788 -0.001143900627777792 0.011540564758979473 -0.0022055484618710946 0.00080058972133144779 -1.9333050647918347e-06 -0.0025247403927035647 -0.002391069540392417
leaf_weight=1344 281 12838 234 14539 10146 200 254 5027 684 302 208 212 591 235 320 335 267 3969 1094 212 358 203 1154 237 270 245 250 44558 5023 2092
leaf_count=1344 281 12838 234 14539 10146 200 254 5027 684 302 208 212 591 235 320 335 267 3969 1094 212 358 203 1154 237 270 245 250 44558 5023 2092
internal_value=-0.000215681 -0.000146418 -0.000231472 -0.000466056 -0.000106469 0.00411486 0.00602778 -0.000265973 0.000301281 0.00249445 -0.000737517 2.61819e-05 -1.10478e-05 -3.33128e-05 -0.000160801 0.00206387 -0.000789873 -0.000864821 -0.000643243 0.000590254 0.00158506 0.00575 0.000583238 0.003025 0.00128844 0.00285577 0.00300642 -6.71689e-05 -0.00131686 -0.000315413
internal_weight=107682 101315 88477 42859 20311 735 535 19576 8887 986 10689 7901 45618 45384 7439 543 22548 21766 17797 3258 2164 415 1749 595 782 515 462 44793 6367 7119
internal_count=107682 101315 88477 42859 20311 735 535 19576 8887 986 10689 7901 45618 45384 7439 543 22548 21766 17797 3258 2164 415 1749 595 782 515 462 44793 6367 7119
is_linear=0
shrinkage=0.03


Tree=122
num_leaves=31
num_cat=0
split_feature=22 35 2 33 19 9 19 10 16 9 2 35 34 27 19 9 35 17 5 21 27 9 34 9 16 10 10 35 9 33
split_gain=7.41159 4.15607 8.34163 5.527 7.37582 6.22844 5.2471 4.51443 8.41074 10.5682 6.39463 5.46325 5.43434 5.21931 5.2125 6.89352 6.87948 10.666 8.41618 7.68323 6.44023 5.37039 8.28731 5.11797 5.93475 5.46665 4.94196 6.05186 5.57396 6.69796
threshold=2.227847222222223 28.750000000000004 1.0916836565199912 0.47714059151611404 6.0275000000000007 3.5000000000000004 6.2525000000000013 1.5000000000000002 12.242500000000001 4.5000000000000009 1.2234821484367064 37.750000000000007 976.82500000000016 4.2185416666666677 7.5925000000000011 2.5000000000000004 70.750000000000014 5.3625000000000016 0.015858993754972846 1.5862298063166997 3.8664583333333336 5.5000000000000009 958.12500000000011 3.5000000000000004 6.342500000000002 4.5000000000000009 8.5000000000000018 93.750000000000014 5.5000000000000009 0.11319890333640049
decision_type=2 2 2 2 10 2 8 2 10 2 2 2 2 2 8 2 2 10 2 2 2 2 2 2 10 2 2 2 2 2
left_child=-1 6 3 4 -3 -5 -2 8 10 -10 -4 13 -12 -9 16 -16 17 18 -13 -19 -17 23 -23 -20 25 -25 28 -28 -18 -30
right_child=1 2 7 5 -6 -7 -8 11 9 -11 12 14 -14 -15 15 20 26 19 21 -21 -22 22 -24 24 -26 -27 27 -29 29 -31
leaf_value=-0.0019712176369454503 -0.0018334723775712768 0.00022967432942499032 -3.8740398310060931e-05 0.0014915505762882464 0.0012279462585277328 0.0084030144332577911 -6.848549218320121e-06 -0.0017916396952882513 9.6969568868091602e-05 -2.5330589968380891e-05 -0.0029733707755046014 0.0092188889164069275 0.00020324319301199599 9.8239373008424118e-06 -2.8063884451865206e-05 0.00044691226465356614 2.8275626877660271e-05 0.0016307014825223654 0.00053238725400039152 0.00065028714485639732 -6.5654606833398515e-06 0.00052760531271764833 0.0049171972570434602 0.0067069683484169461 -0.0025562915291189028 -0.00025384902884270145 -0.00089356542761814036 0.0040671567916665133 0.0036244771055096246 -0.00019919575259140344
leaf_weight=6321 5657 1763 4392 273 209 223 8919 5678 572 392 3344 352 252 3341 18389 13982 2447 486 8307 1262 8970 1892 331 337 1903 1904 4987 251 227 215
leaf_count=6321 5657 1763 4392 273 209 223 8919 5678 572 392 3344 352 252 3341 18389 13982 2447 486 8307 1262 8970 1892 331 337 1903 1904 4987 251 227 215
internal_value=-0.000218288 -0.000156041 -7.72104e-05 0.00164011 0.000922609 0.00445509 -0.000624649 -0.000127634 -0.000764319 0.00187616 -0.00108395 -5.18568e-05 -0.00202111 -0.000744349 4.24767e-05 -0.000164055 0.000385328 0.000732343 0.00047382 0.00294695 0.000182689 0.000362967 0.00171948 0.000120182 -0.00074042 0.000305876 -0.000330916 -0.000880031 0.000664478 0.00374497
internal_weight=107578 101257 86681 2468 1972 496 14576 84213 8952 964 7988 75261 3596 9019 66242 41341 24901 16774 15026 1748 22952 14674 2223 12451 4144 2241 8127 5238 2889 442
internal_count=107578 101257 86681 2468 1972 496 14576 84213 8952 964 7988 75261 3596 9019 66242 41341 24901 16774 15026 1748 22952 14674 2223 12451 4144 2241 8127 5238 2889 442
is_linear=0
shrinkage=0.03


Tree=123
num_leaves=31
num_cat=0
split_feature=24 19 17 35 1 9 32 21 33 32 31 16 26 6 11 14 28 34 10 19 34 9 14 6 11 28 34 17 35 9
split_gain=8.24885 6.33538 5.3115 4.64122 6.73013 7.73255 4.60905 4.28699 3.97438 3.8314 5.16999 5.72305 3.61004 3.52787 5.59137 3.36684 6.51948 4.44283 3.96904 7.59077 3.71004 5.03462 4.36733 3.97991 3.89299 3.64094 8.92342 4.89421 4.31789 3.54336
threshold=3.6250000000000004 5.8575000000000008 2.4725000000000006 25.750000000000004 27.675000000000004 4.5000000000000009 -0.95368063612909426 0.96668139306088552 0.39073112848927366 0.77159520228797462 1.2907906643937961 1.5175000000000003 3.4575000000000005 1.5000000000000002 0.88750000000000007 1.8696902589099995 1.3637139083563692 944.22500000000014 11.500000000000002 6.642500000000001 967.22500000000014 2.5000000000000004 0.32083225108042762 2.5000000000000004 4.8275000000000015 1.2871382985610949 963.32500000000016 7.4025000000000007 85.750000000000014 4.5000000000000009
decision_type=8 10 8 2 2 2 2 2 2 2 2 8 2 2 2 2 2 2 2 10 2 2 2 2 2 2 2 8 2 2
left_child=1 2 12 -4 8 -6 -3 9 -5 10 -2 -12 -1 -10 -15 18 -17 -18 20 25 22 -22 24 -24 -9 26 27 -20 -27 -23
right_child=7 6 3 4 5 -7 -8 15 13 -11 11 -13 -14 14 -16 16 17 -19 19 -21 21 29 23 -25 -26 28 -28 -29 -30 -31
leaf_value=-0.0030652445388718833 -0.0015892435780660919 0.0015800250216454913 -0.0032973811828500657 -0.0014593222700729203 -0.00049664574458634146 0.0074703133708279726 0.00029619856313518807 -0.0021591128994072951 -0.00083300639837592303 0.00019748181098782179 0.0044949035131227099 -2.9265964625061349e-05 0.0021531589423026219 0.0099283958206148951 0.00057368507579953168 0.0024349762872778605 0.0015057883448931562 -3.0201340254661924e-05 0.00072325472991742294 -1.6892612609597182e-05 -0.00023309356673689643 0.0016174315542455142 -4.6147527006960512e-06 0.00049848074251673206 -5.4146473352134625e-06 2.0739863448247416e-06 -1.7601830553394258e-05 0.0017381253809337386 0.00059313198872428159 1.6381617668310699e-05
leaf_weight=2785 4251 252 1613 15675 591 341 944 6261 1001 2637 207 5864 202 224 1590 1410 360 1963 381 1372 330 632 34306 5357 12138 2239 582 857 530 533
leaf_count=2785 4251 252 1613 15675 591 341 944 6261 1001 2637 207 5864 202 224 1590 1410 360 1963 381 1372 330 632 34306 5357 12138 2239 582 857 530 533
internal_value=-0.000218593 -0.000693178 -0.000799351 -0.000630942 -0.000502188 0.00197865 0.0014338 -7.29801e-05 -0.000627738 -0.000573666 -0.000834319 -0.000272055 -0.00198229 0.000409574 0.00119736 2.07484e-05 0.000896468 -8.11863e-05 -2.92118e-05 0.000708514 -0.000103103 0.00137 -0.000141148 3.60737e-05 -0.000523094 0.00129364 0.00233425 0.00376991 0.000606704 0.00229487
internal_weight=107428 25218 24022 21035 19422 932 1196 82210 18490 12959 10322 6071 2987 2815 1814 69251 3733 2323 65518 5961 59557 1495 58062 39663 18399 4589 1820 1238 2769 1165
internal_count=107428 25218 24022 21035 19422 932 1196 82210 18490 12959 10322 6071 2987 2815 1814 69251 3733 2323 65518 5961 59557 1495 58062 39663 18399 4589 1820 1238 2769 1165
is_linear=0
shrinkage=0.03


Tree=124
num_leaves=31
num_cat=0
split_feature=17 26 35 19 34 26 25 1 1 21 12 1 8 11 8 19 19 35 9 2 17 21 9 9 8 12 2 11 26 25
split_gain=8.79363 6.02619 5.27867 7.598 7.62143 7.62805 8.49672 15.5212 6.78951 6.07888 5.84773 5.79385 5.4638 5.72422 7.27286 6.76536 4.89079 8.68063 5.66009 5.35707 6.58133 7.53189 6.34183 10.2197 10.1512 11.9651 13.1815 7.77971 7.25738 5.6961
threshold=3.1125000000000007 3.7575000000000007 37.750000000000007 5.017500000000001 945.47500000000014 4.1175000000000006 4.0125000000000011 23.925000000000004 -2.2249999999999996 2.8311045764067062 5.1575000000000015 35.225000000000009 16.500000000000004 2.7925000000000004 10.500000000000002 7.0725000000000007 7.5925000000000011 67.250000000000014 2.5000000000000004 1.1988415749567418 5.3625000000000016 1.5862298063166997 5.5000000000000009 3.5000000000000004 8.5000000000000018 5.807500000000001 1.1660487668648771 3.3725000000000005 1.0825000000000002 2.6725000000000003
decision_type=8 2 2 8 2 2 10 2 2 2 10 2 2 2 2 8 8 2 2 2 10 2 2 2 2 10 2 2 2 10
left_child=1 -1 3 -2 11 9 7 -7 10 -6 -4 12 13 -5 -15 -16 19 18 -18 20 22 29 23 -10 -24 26 27 -26 -25 -22
right_child=2 -3 8 4 5 6 -8 -9 16 -11 -12 -13 -14 14 15 -17 17 -19 -20 -21 21 -23 24 28 25 -27 -28 -29 -30 -31
leaf_value=-0.0021111401854059172 -0.0021126494423722264 0.0025114669669322304 -0.0022758030863651428 0.006374106512051959 -0.00018914103354967238 0.0018732198865305677 -5.3654243857950702e-06 0.00022487649088716809 0.00064327008976787828 2.0474768537866028e-05 -3.9399263682977364e-06 -0.0017839193248269905 8.9251254415390049e-07 -8.135743355075831e-05 -0.00069258660646512901 0.003085373598805076 -7.1445467859135417e-05 4.0285957968576587e-05 -1.3057269634558142e-06 -0.00017379316670043665 0.0016174813039171131 0.00040014621516470131 -6.760705612642838e-05 0.0042862789872437764 0.0043861418768855543 0.00039631386253447199 0.00014415767530689182 0.0067181982011794541 -0.001701738531470738 0.00043564818230386722
leaf_weight=4626 8066 205 5235 417 7908 293 2722 767 10236 1466 6230 1117 2010 765 233 1019 10913 14969 13617 4543 348 1587 1377 390 210 584 263 306 4894 216
leaf_count=4626 8066 205 5235 417 7908 293 2722 767 10236 1466 6230 1117 2010 765 233 1019 10913 14969 13617 4543 348 1587 1377 390 210 584 263 306 4894 216
internal_value=-0.000226862 -0.00147705 -0.000167985 -0.000530051 -0.000198217 -0.000591749 0.000545022 0.0028169 -4.02257e-05 -0.00105043 -0.00071273 0.000732482 0.0012178 0.0021722 0.00150297 0.00290692 7.94464e-05 -0.000128266 -0.000475648 0.000408189 0.000615546 0.00218321 0.000430331 0.000195168 0.00175956 0.00358991 0.00601148 0.00877543 -0.000875781 0.00514587
internal_weight=107532 4831 102701 26783 18717 13156 3782 1060 75918 9374 11465 5561 4444 2434 2017 1252 64453 39499 24530 24954 20411 2151 18260 15520 2740 1363 779 516 5284 564
internal_count=107532 4831 102701 26783 18717 13156 3782 1060 75918 9374 11465 5561 4444 2434 2017 1252 64453 39499 24530 24954 20411 2151 18260 15520 2740 1363 779 516 5284 564
is_linear=0
shrinkage=0.03


Tree=125
num_leaves=31
num_cat=0
split_feature=17 6 3 24 35 10 35 10 8 20 30 20 19 35 9 16 2 9 18 34 8 34 30 1 34 34 19 28 34 35
split_gain=8.28099 5.7401 7.25104 3.68992 3.58582 4.43934 3.51819 3.42012 7.34974 10.0932 9.01188 5.08796 5.50674 6.6135 6.5272 5.64897 5.38239 4.68549 6.70908 5.40145 12.634 5.99565 5.17166 5.46814 6.31985 5.11613 5.90804 6.07285 5.35414 6.17339
threshold=2.4725000000000006 1.5000000000000002 5.8336577473390721 3.8750000000000004 25.750000000000004 2.5000000000000004 93.750000000000014 1.5000000000000002 10.500000000000002 8.2655000000000012 7.2750000000000012 8.8485416666666694 5.3975000000000009 45.250000000000007 3.5000000000000004 5.2075000000000014 1.2472704756689501 5.5000000000000009 10.002500000000003 967.22500000000014 15.500000000000002 962.12500000000011 4.2250000000000005 10.225000000000001 947.37500000000011 960.02500000000009 4.7625000000000011 0.858918287669866 954.82500000000016 63.250000000000007
decision_type=8 2 2 10 2 2 2 2 2 2 2 2 10 2 2 10 2 2 2 2 2 2 2 2 2 2 8 2 2 2
left_child=3 2 4 -1 -2 -6 7 8 -3 -10 -11 12 13 -9 15 -14 -13 19 22 21 -21 25 23 -19 -25 28 -27 -28 29 -15
right_child=1 6 -4 -5 5 -7 -8 11 9 10 -12 16 14 17 -16 -17 -18 18 -20 20 -22 -23 -24 24 -26 26 27 -29 -30 -31
leaf_value=-0.0026463659676018844 -0.0031233198258685626 -0.00099186330029234649 -3.6048751958167967e-07 0.0016034057880879593 -0.0021512770871535947 -0.00076423204569821539 0.0027812065237502416 -0.00081514962428653505 -0.0014891500043776984 0.0016131883417793678 3.6508607143403983e-05 -9.4526813998974103e-06 0.0052641055131101349 -0.00028291785867676889 2.6158783947650698e-05 0.00057194020056253289 6.1642662846246306e-05 -0.0035351801359609952 0.0037656927880843015 -0.00065131099301452217 0.012537459208140152 -0.001518346836137667 0.0016235345716657211 -0.0022084238364081933 0.0063463892087124441 -0.0013478663936732514 0.0071588573761093384 0.0017638247482584133 -0.0014246498979912324 0.0019465131426898939
leaf_weight=3095 2365 2353 17952 366 2911 15961 349 16280 1906 216 761 13205 203 6264 2711 2525 214 831 215 409 233 2944 1626 370 416 702 396 819 4530 4586
leaf_count=3095 2365 2353 17952 366 2911 15961 349 16280 1906 216 761 13205 203 6264 2711 2525 214 831 215 409 233 2944 1626 370 416 702 396 819 4530 4586
internal_value=-0.000228763 -0.000180793 -0.000467598 -0.00167138 -0.000842718 -0.00070435 -8.02297e-06 -2.43363e-05 -0.000759016 0.000256578 0.00272811 4.03967e-05 0.000190165 7.00776e-05 0.00108615 0.00212075 -0.000473556 0.000383101 0.00140514 0.000213567 0.0029119 0.000127284 0.00105942 -0.000142417 0.00164602 0.000340365 0.00179969 0.00306147 0.000157945 0.000519576
internal_weight=107714 104253 39189 3461 21237 18872 65064 64715 5236 2883 977 59479 46060 40621 5439 2728 13419 24341 3458 20883 642 20241 3243 1617 786 17297 1917 1215 15380 10850
internal_count=107714 104253 39189 3461 21237 18872 65064 64715 5236 2883 977 59479 46060 40621 5439 2728 13419 24341 3458 20883 642 20241 3243 1617 786 17297 1917 1215 15380 10850
is_linear=0
shrinkage=0.03


Tree=126
num_leaves=31
num_cat=0
split_feature=22 17 35 19 8 17 8 34 32 10 18 25 24 34 2 21 16 35 26 34 26 34 21 12 16 20 24 2 17 24
split_gain=7.29678 4.51109 4.20344 6.41455 5.49085 7.60261 7.15331 5.86367 6.56263 6.93091 12.0762 6.11973 5.3696 10.9518 12.0378 7.44202 7.8498 5.23366 5.19924 6.82333 5.07605 4.96444 4.93066 5.31913 4.89514 5.06752 5.87002 4.86233 5.48621 7.55246
threshold=2.227847222222223 2.5825000000000005 37.750000000000007 5.1175000000000006 10.500000000000002 6.892500000000001 2.5000000000000004 953.32500000000016 -0.19936034309715209 3.5000000000000004 5.4575000000000005 8.2400000000000002 5.4250000000000016 945.47500000000014 1.1122658585646967 2.065548756771808 6.3875000000000011 65.250000000000014 3.3675000000000006 946.17500000000018 3.5925000000000007 952.32500000000016 4.3879391859926855 5.5775000000000015 6.0075000000000012 9.2179166666666692 4.8250000000000011 1.1369552327118126 4.1925000000000017 1.8250000000000004
decision_type=2 10 2 8 2 8 2 2 2 2 2 8 8 2 2 2 10 2 2 2 2 2 2 10 8 2 10 2 8 8
left_child=1 -1 3 -2 5 -4 20 8 9 10 -6 27 13 -10 -15 -16 -17 -13 19 -5 24 -14 -8 -24 -7 26 -26 -9 -29 -30
right_child=2 -3 4 18 7 6 22 11 12 -11 -12 17 21 14 15 16 -18 -19 -20 -21 -22 -23 23 -25 25 -27 -28 28 29 -31
leaf_value=-0.002117642592799872 -0.0018847918985412278 0.0060470209600084731 -0.0019326109611519317 0.00022540043612383461 0.0082291490086649106 0.00010875612529843393 -3.170100049640023e-05 -0.00019399024786713288 0.0064418556528132043 -4.3732032599785865e-06 -6.3503884709119039e-06 4.0698568244545096e-05 1.3999375097390952e-05 0.0066248823053045814 -0.0013156192198274443 0.0094349422778117944 0.00018601370760087721 0.00025647757821757068 1.1298303853853885e-05 -0.00012912845981437158 -1.4696383741910067e-05 0.002824892254848198 0.0029260189686510707 -6.8255205455123878e-05 0.00092043755325922638 -8.1708354464672062e-06 0.0013577961043393148 -0.0032278850968125135 0.0030266721947939069 -3.2102517641981934e-06
leaf_weight=6136 7502 218 5560 3422 349 3148 25966 1607 224 6058 537 1329 1957 211 509 209 381 939 8579 5961 2817 261 438 370 2664 780 483 1533 844 16394
leaf_count=6136 7502 218 5560 3422 349 3148 25966 1607 224 6058 537 1329 1957 211 509 209 381 939 8579 5961 2817 261 438 370 2664 780 483 1533 844 16394
internal_value=-0.00022393 -0.00120962 -0.000161882 -0.000495191 -4.95422e-05 -0.000276764 -0.000119932 0.000238222 0.000816932 0.000270254 0.00274074 -3.52309e-05 0.00182699 0.00318908 0.00212167 0.000845108 0.00312605 0.00144127 -0.000187344 -0.000675224 0.000569263 0.000879891 -0.000374623 0.0019262 0.000997881 0.00170371 0.00223953 -0.000199873 -6.40719e-05 8.90789e-05
internal_weight=107386 6354 101032 25464 75568 42226 36666 33342 10696 6944 886 22646 3752 1534 1310 1099 590 2268 17962 9383 9892 2218 26774 808 7075 3927 3147 20378 18771 17238
internal_count=107386 6354 101032 25464 75568 42226 36666 33342 10696 6944 886 22646 3752 1534 1310 1099 590 2268 17962 9383 9892 2218 26774 808 7075 3927 3147 20378 18771 17238
is_linear=0
shrinkage=0.03


Tree=127
num_leaves=31
num_cat=0
split_feature=22 7 0 18 25 10 34 8 18 4 34 34 35 20 28 1 1 17 25 15 34 18 15 10 17 17 25 22 29 32
split_gain=7.64486 4.17853 7.09324 4.31892 4.08646 4.79682 7.45331 3.99933 4.43439 3.81929 5.79379 3.80671 3.48686 3.5813 9.24137 3.47542 3.40327 4.34562 4.43471 6.6809 3.34119 3.50465 3.63896 4.27486 4.44846 3.834 7.82842 5.54942 6.55355 3.75209
threshold=2.227847222222223 18.500000000000004 6.3425000000000011 2.2075000000000005 5.3125000000000009 4.5000000000000009 951.22500000000014 15.500000000000002 10.527500000000002 0.29402981589707555 960.52500000000009 943.32500000000016 34.750000000000007 2.9493750000000007 0.8532431997546559 27.375000000000004 7.7250000000000005 1.6875000000000002 3.3775000000000004 -0.14500000000000032 975.07500000000005 13.842500000000003 -1.5699999999999994 11.500000000000002 5.3625000000000016 6.8625000000000016 8.2400000000000002 8.4057500000000029 6.6975000000000007 -0.91702515554752051
decision_type=2 2 2 2 10 2 2 2 2 2 2 2 2 2 2 2 2 10 10 2 2 2 2 2 8 10 8 2 2 2
left_child=16 2 7 4 5 6 -3 -2 12 10 -8 -7 -9 14 -14 -4 -1 18 -18 -20 21 22 -5 24 -24 -26 -27 -28 -29 -25
right_child=1 3 15 20 -6 11 9 8 -10 -11 -12 -13 13 -15 -16 -17 17 -19 19 -21 -22 -23 23 29 25 26 27 28 -30 -31
leaf_value=-0.0025574345507286176 -0.0014037579009428276 0.010414691536406196 8.4859396649155556e-06 0.00072787266101287493 0.0048161879905780696 0.002746819224483128 -0.000780529468337654 -0.0026139508821375178 0.00092411083418920763 0.0032506379340301859 0.003392470166717568 -0.00078427601405589792 -0.0012614734614535979 -0.00026094927416471742 0.0086584502936518492 -0.00013277476720070967 -0.0021594896637243933 0.0050467594962937123 0.0072503094357148756 -0.0030420666886829123 0.00016630469596847216 -7.9174311685045582e-06 -0.0019690175714377734 -7.1472583685446841e-05 -2.3803124584828957e-05 -1.8043220927068869e-05 0.0028808480914324607 -0.00016817259821682028 6.4048721859026744e-05 0.00019983909628379387
leaf_weight=2036 14372 221 14033 2761 221 693 635 1941 394 204 268 3070 407 3913 274 2166 3587 250 248 320 313 3853 3246 906 42148 963 201 203 224 3482
leaf_count=2036 14372 221 14033 2761 221 693 635 1941 394 204 268 3070 407 3913 274 2166 3587 250 248 320 313 3853 3246 906 42148 963 201 203 224 3482
internal_value=-0.000213458 -0.00014959 -0.000400747 -1.50975e-06 0.000817001 0.00064109 0.00218755 -0.000760491 -0.000168302 0.00116816 0.000320484 9.31522e-05 -0.000355505 9.52374e-05 0.00209475 7.23888e-05 -0.00121517 -0.000744899 -0.000977164 0.00147644 -7.6152e-05 -9.29618e-05 -3.06995e-05 -8.7762e-05 -0.00017142 -9.18305e-05 0.0013515 0.00394313 0.00196528 0.000807193
internal_weight=107553 101112 37500 63612 5312 5091 1328 21301 6929 1107 903 3763 6535 4594 681 16199 6441 4405 4155 568 58300 57987 54134 51373 46985 43739 1591 628 427 4388
internal_count=107553 101112 37500 63612 5312 5091 1328 21301 6929 1107 903 3763 6535 4594 681 16199 6441 4405 4155 568 58300 57987 54134 51373 46985 43739 1591 628 427 4388
is_linear=0
shrinkage=0.03


Tree=128
num_leaves=31
num_cat=0
split_feature=22 10 8 23 29 34 28 35 27 34 1 31 7 21 9 33 34 8 35 1 22 4 10 35 32 8 26 29 9 31
split_gain=6.98516 4.59094 6.478 7.1715 6.73651 4.98574 5.10618 4.78732 5.28541 6.16561 4.9515 5.0849 4.65702 4.38166 5.7285 4.18811 7.39764 10.1341 4.0755 3.90011 3.74814 3.66417 6.11949 3.63226 5.04543 3.54449 4.33975 3.52979 4.69877 3.50395
threshold=2.227847222222223 1.5000000000000002 10.500000000000002 0.60223287378259482 4.0875000000000012 962.62500000000011 1.6880202898804235 37.750000000000007 4.0306250000000015 945.17500000000018 34.925000000000011 1.025375344759125 41.500000000000007 3.0049538957610618 2.5000000000000004 0.47714059151611404 950.52500000000009 17.500000000000004 93.250000000000014 7.9750000000000005 11.0875 0.041608872047014391 7.5000000000000009 84.750000000000014 -0.90255091666790832 13.500000000000002 6.3775000000000013 2.0425000000000004 3.5000000000000004 1.0297601323407777
decision_type=2 2 2 2 2 2 2 2 2 2 2 2 2 2 2 2 2 2 2 2 2 2 2 2 2 2 2 2 2 2
left_child=19 2 18 23 -5 6 -6 8 9 10 11 -3 13 -11 -15 -9 21 -18 -2 -1 -8 -17 -23 -4 -25 26 -10 28 -13 -21
right_child=1 7 3 4 5 -7 20 15 25 12 -12 27 -14 14 -16 16 17 -19 -20 29 -22 22 -24 24 -26 -27 -28 -29 -30 -31
leaf_value=-0.0023965019042469426 -0.00095667072315981075 0.0078937550126800954 -0.0020136250469739055 0.0012163945519170106 0.00029088231131397212 -1.6568910825636113e-05 -8.920072716800442e-06 -1.320996982001525e-07 2.2094543322708214e-05 -0.0029362430371108026 -0.003496615885528874 0.0054410089698103447 0.00056368684165903943 -0.0018462264685843472 0.0027056882242459546 0.0027696114768070951 -0.00038342078867038555 0.009248360679816426 0.0021134581443566064 -0.0023951905163470985 6.0522295099696416e-05 0.0086548609125317467 0.0012430610455228632 -0.0032164256876993642 0.0030428378784000229 -1.5390230751184396e-05 4.0472431341646017e-05 -0.00057184699994746954 -0.00024624842097153163 8.4804803950940525e-05
leaf_weight=2058 3998 382 2581 283 205 490 333 63084 4668 7057 1010 374 1457 275 305 593 2117 340 200 1676 203 343 256 253 481 6543 212 2630 545 2668
leaf_count=2058 3998 382 2581 283 205 490 333 63084 4668 7057 1010 374 1457 275 305 593 2117 340 200 1676 203 343 256 253 481 6543 212 2630 545 2668
internal_value=-0.000201534 -0.00014072 -0.000786205 -3.66164e-05 0.00167084 0.000701456 0.00224799 -7.7477e-05 -0.000427444 -0.000817308 3.57858e-05 0.00051753 -0.00128058 -0.00157694 0.000923076 5.60543e-05 0.00104351 0.000101137 -0.0016474 -0.00116217 0.000687615 0.00297744 0.00462417 -0.000817772 0.00103924 5.17144e-05 0.000663254 0.000161226 0.00175649 -0.000651185
internal_weight=107620 101218 9027 4829 1514 1231 741 92191 25458 14035 4941 3931 9094 7637 580 66733 3649 2457 4198 6402 536 1192 599 3315 734 11423 4880 3549 919 4344
internal_count=107620 101218 9027 4829 1514 1231 741 92191 25458 14035 4941 3931 9094 7637 580 66733 3649 2457 4198 6402 536 1192 599 3315 734 11423 4880 3549 919 4344
is_linear=0
shrinkage=0.03


Tree=129
num_leaves=31
num_cat=0
split_feature=17 14 10 28 35 30 32 16 8 34 35 31 18 7 23 24 34 28 19 10 34 32 17 32 27 15 34 28 18 28
split_gain=7.59264 4.7417 7.71772 6.19606 5.55961 6.83474 6.948 6.57768 5.99237 5.64408 4.918 4.511 11.4334 4.47043 4.38326 4.91281 4.95946 4.05488 4.04286 6.57133 9.22273 11.9254 9.5619 6.45399 5.47612 6.59748 5.03297 4.67248 4.59813 4.56699
threshold=2.0725000000000007 1.2856677891189265 6.5000000000000009 1.2941752520273964 37.750000000000007 3.8250000000000006 0.8869770585236475 8.4175000000000022 17.500000000000004 945.62500000000011 23.750000000000004 1.144241821396994 7.3525000000000009 40.500000000000007 0.058189811046271751 1.9750000000000003 952.02500000000009 1.4257596658875435 6.2925000000000013 2.5000000000000004 957.92500000000018 0.97988739209073494 6.7825000000000015 -0.88697705852364728 3.1706250000000007 -0.030000000000000689 952.52500000000009 0.87157663649383765 3.0925000000000007 2.545120944855332
decision_type=8 2 2 2 2 2 2 10 2 2 2 2 2 2 2 8 2 2 8 2 2 2 10 2 2 2 2 2 2 2
left_child=-1 4 3 -3 7 6 8 9 -6 10 -2 12 -9 -11 15 -10 -17 -16 19 -7 22 23 26 27 -25 -26 29 -22 -20 -21
right_child=1 2 -4 -5 5 18 -8 11 14 13 -12 -13 -14 -15 17 16 -18 -19 28 20 21 -23 -24 24 25 -27 -28 -29 -30 -31
leaf_value=-0.0023750102115655401 -0.0019500020717875632 0.0018011069754394096 -3.8900360282319932e-05 5.7652797107151169e-06 -0.00064105125970292498 -0.0019470162362096961 -0.0023123134803093373 0.0042114427841364321 -0.00039356353596643561 -0.0027818984375720043 0.00055114094350751375 -5.2523093037160072e-06 2.3373534814786768e-05 -3.1024479705726293e-05 -0.0014318424040925864 0.012785402375632931 0.0046580874278682417 0.0035947691725196794 0.0019722679185552408 0.00060510516314428941 0.0029831471653247133 0.0023988481834346731 0.0018612999201280715 0.0023701210023988283 0.0022542796617093918 0.0016102568133899331 -0.001283612593597172 -0.0011595403184386083 -5.8717756117554475e-06 0.0026215385338971475
leaf_weight=2675 2445 3244 7957 3308 10722 1604 8948 246 500 8137 3146 6155 956 1650 1094 277 698 321 2931 3739 208 205 221 671 440 427 2640 866 31229 200
leaf_count=2675 2445 3244 7957 3308 10722 1604 8948 246 500 8137 3146 6155 956 1650 1094 277 698 321 2931 3739 208 205 221 671 440 427 2640 866 31229 200
internal_value=-0.000208595 -0.00016841 0.000335055 0.00109715 -0.000248983 -0.000113076 -0.000539775 -0.000655014 -0.000112801 -0.00100787 -0.000247142 8.27214e-05 0.00175973 -0.0014421 0.00109844 0.00223986 0.00347449 -9.50711e-05 9.90827e-05 0.000592998 0.000889523 0.00233132 0.000290962 0.00177455 0.0030175 0.00458601 8.24719e-05 -1.11221e-05 -6.32233e-05 0.000761409
internal_weight=107860 105185 14509 6552 90676 67941 22560 22735 13612 15378 5591 7357 1202 9787 2890 1475 975 1415 45381 11221 9617 2817 6800 2612 1538 867 6579 1074 34160 3939
internal_count=107860 105185 14509 6552 90676 67941 22560 22735 13612 15378 5591 7357 1202 9787 2890 1475 975 1415 45381 11221 9617 2817 6800 2612 1538 867 6579 1074 34160 3939
is_linear=0
shrinkage=0.03


Tree=130
num_leaves=31
num_cat=0
split_feature=24 2 35 9 33 1 14 35 35 31 33 15 24 27 33 14 33 17 20 35 9 1 15 14 35 35 33 26 30 3
split_gain=6.85205 5.04597 5.73881 5.77943 6.51227 3.96815 3.87902 4.72781 3.62981 4.26503 7.07366 3.58519 3.93526 7.1047 3.30205 3.24819 3.24079 6.24943 4.09849 3.27154 4.82498 3.27267 3.18217 3.06771 3.55164 3.38595 2.94056 5.88045 3.28589 5.36445
threshold=4.0250000000000012 1.1949390252320502 25.750000000000004 5.5000000000000009 0.39073112848927366 34.175000000000011 1.6700024950081189 27.750000000000004 62.250000000000007 1.7016252288617533 -0.19080899537654469 -0.49999999999999989 6.8750000000000009 4.8885416666666677 0.43049470426488862 0.7993486932080206 0.47714059151611404 2.5125000000000006 1.9755000000000005 52.750000000000007 2.5000000000000004 26.325000000000006 0.54000000000000037 0.56272402946145184 67.250000000000014 78.250000000000014 -0.87878364999916114 3.1575000000000006 3.1750000000000007 1.9520555387792167
decision_type=8 2 2 2 2 2 2 2 2 2 2 2 10 2 2 2 2 10 2 2 2 2 2 2 2 2 2 2 2 2
left_child=1 2 -1 16 8 6 11 -8 -5 -10 -11 12 14 -14 23 -16 26 18 -18 21 -21 -20 -3 24 -2 -26 27 -4 -28 -30
right_child=5 22 3 4 -6 -7 7 -9 9 10 -12 -13 13 -15 15 -17 17 -19 19 20 -22 -23 -24 -25 25 -27 28 -29 29 -31
leaf_value=-0.0023893623959937212 4.0599929114462825e-06 -0.0023076209714957855 -0.0002868684593345466 -0.0005814189981133668 0.0027572284874630179 -0.0012885923333253852 0.0046404754672254534 3.5989231031591397e-05 -0.00098263378555052449 0.0039115690910109377 0.00074877677349557633 -9.9740753483967823e-06 0.0013791260573030135 8.7146801481039955e-06 0.00044098264089645757 0.0033074202724045266 -0.003541591498076758 0.0097243705591514538 -0.0041642960688829641 0.0082874688262536064 -0.00069012716160347096 0.0031148854085327458 -7.0699773438358263e-05 -3.3767885688634721e-05 0.0029980028423471005 2.3573685756302363e-05 -0.002383695657885051 0.0046173837775169181 0.0039404427914487483 -0.00086461626282427506
leaf_weight=2060 2088 6301 643 1414 385 2716 648 4599 347 257 343 53645 357 1637 807 721 410 309 472 285 249 200 1757 10942 568 411 4203 228 223 8448
leaf_count=2060 2088 6301 643 1414 385 2716 648 4599 347 257 343 53645 357 1637 807 721 410 309 472 285 249 200 1757 10942 568 411 4203 228 223 8448
internal_value=-0.000226314 -0.00062483 -0.000374396 -0.000206178 0.00106216 -8.2597e-05 -4.25113e-05 0.000744287 0.000467878 0.00190021 0.00342149 -0.000100561 0.00027184 0.00152476 0.000110603 0.00143248 -0.000428709 0.000722797 -2.96121e-05 0.000852188 0.00259369 -0.000540621 -0.00126057 -3.40381e-05 0.00080371 0.00228963 -0.000590183 0.00109247 -0.000704403 -0.000370333
internal_weight=107673 28534 20476 18416 2746 79139 76423 5247 2361 947 600 71176 17531 1994 15537 1528 15670 1925 1616 1206 534 672 8058 14009 3067 979 13745 871 12874 8671
internal_count=107673 28534 20476 18416 2746 79139 76423 5247 2361 947 600 71176 17531 1994 15537 1528 15670 1925 1616 1206 534 672 8058 14009 3067 979 13745 871 12874 8671
is_linear=0
shrinkage=0.03


Tree=131
num_leaves=31
num_cat=0
split_feature=22 17 18 31 16 12 17 12 1 0 7 14 29 19 28 33 10 32 8 12 19 19 2 33 19 29 1 8 32 9
split_gain=6.64574 5.96452 4.45198 5.62603 4.57632 3.73949 3.64469 3.6076 9.70401 7.4413 7.19936 6.53531 4.58887 4.59489 5.9329 4.91207 4.43618 4.1958 6.74094 6.66682 5.74198 5.63316 4.4142 5.27879 4.38839 5.55033 4.32981 4.02136 10.2362 7.03542
threshold=2.8878472222222231 3.2575000000000003 2.6125000000000007 2.0606417882509547 9.0125000000000028 2.8925000000000005 2.7125000000000004 4.7425000000000006 -1.8749999999999998 3.7025000000000006 17.500000000000004 1.3557500998832153 0.99250000000000016 4.9175000000000013 0.93388246480579695 0.38266886095259278 6.5000000000000009 -0.90630778703664994 4.5000000000000009 9.677500000000002 3.3175000000000008 6.5475000000000012 1.1718392015521912 -0.53727914962411594 5.8175000000000017 4.6025000000000009 33.675000000000011 12.500000000000002 0.99809679250719918 1.5000000000000002
decision_type=2 10 2 2 10 10 8 8 2 2 2 2 2 10 2 2 2 2 2 10 10 10 2 2 10 2 2 2 2 2
left_child=1 6 3 4 5 -2 -1 8 -4 16 -10 12 -12 15 -15 -14 -9 18 24 20 -20 22 -19 -24 -11 -26 -22 28 -25 -29
right_child=2 -3 7 -5 -6 -7 -8 9 10 17 11 -13 13 14 -16 -17 -18 21 19 -21 26 -23 23 27 25 -27 -28 29 -30 -31
leaf_value=-0.0020946092103656675 -0.00066464741620991829 0.0085814275281697223 -0.0030613338769002177 -0.0017458789496825544 0.0027630454205809451 0.0024176815215589298 -0.0011248455149303574 0.0035133899794104837 -0.0014899462546318189 1.0092107722414755e-05 0.0031809543082425007 0.0016143384624358306 -0.001154826222045573 0.0028864648491444106 0.00027564354785868903 0.0012837791102266226 0.0012819083483744799 -9.4596968727833631e-06 -0.0024021221930553478 9.9047172320898537e-07 1.8485387481036454e-05 -1.5363848276892521e-05 0.0030855406895031212 -7.7955037285759588e-06 0.0011674763961940747 8.6398294908385244e-06 -0.0018528442396341771 0.00051299503713792569 0.00019376475127608095 5.7293059947396414e-05
leaf_weight=2461 1214 280 3975 1626 374 3763 11744 374 8387 3567 899 2053 9934 279 655 2483 535 11260 8110 7547 4757 7530 251 6303 298 797 549 1067 1167 3293
leaf_count=2461 1214 280 3975 1626 374 3763 11744 374 8387 3567 899 2053 9934 279 655 2483 535 11260 8110 7547 4757 7530 251 6303 298 797 549 1067 1167 3293
internal_value=-0.00022742 -0.000825052 -0.000134345 0.000594242 0.00106367 0.000820754 -0.000910979 -0.000193437 -0.00046826 -5.61756e-05 -0.000246609 0.00012086 -0.000107331 -0.000247305 0.00177636 -0.000400178 0.0026291 -9.96096e-05 -0.000383341 -0.000612792 -0.00101393 0.00013593 0.000366101 0.000764272 0.000647953 0.00230454 -0.000246282 0.000671736 0.000248829 0.00139519
internal_weight=107532 14485 93047 6977 5351 4977 14205 86070 28665 57405 24690 16303 14250 13351 934 12417 909 56496 25625 20963 13416 30871 23341 12081 4662 1095 5306 11830 7470 4360
internal_count=107532 14485 93047 6977 5351 4977 14205 86070 28665 57405 24690 16303 14250 13351 934 12417 909 56496 25625 20963 13416 30871 23341 12081 4662 1095 5306 11830 7470 4360
is_linear=0
shrinkage=0.03


Tree=132
num_leaves=31
num_cat=0
split_feature=22 34 6 25 17 33 34 1 10 35 34 21 19 22 28 10 35 21 18 28 9 33 26 35 19 26 33 15 9 19
split_gain=6.59979 4.43449 4.42513 5.78331 3.84895 3.41393 6.99915 8.89132 3.60289 6.03341 4.38285 5.16043 4.29448 3.26742 4.28875 3.17674 3.16377 3.03757 5.582 3.95604 3.4619 5.26815 3.57749 3.17583 5.37763 5.62646 3.97518 3.93965 3.95415 4.79177
threshold=2.227847222222223 949.92500000000018 1.5000000000000002 3.3775000000000004 2.6425000000000005 0.47714059151611404 950.72500000000014 33.425000000000011 5.5000000000000009 25.750000000000004 943.62500000000011 1.9916403414414965 1.0625000000000002 6.3456111111111122 1.7210725215482501 1.5000000000000002 26.250000000000004 3.566892753372279 2.2075000000000005 1.515172913671494 4.5000000000000009 0.25881904510252057 3.8025000000000007 46.250000000000007 5.0825000000000014 3.3675000000000006 0.1478037830001481 0.7800000000000008 5.5000000000000009 3.7925000000000004
decision_type=2 2 2 8 10 2 2 2 2 2 2 2 10 2 2 2 2 2 2 2 2 2 2 2 10 2 2 2 2 8
left_child=1 -1 3 13 -3 17 7 8 -7 -10 -11 -12 -13 16 15 -15 -2 23 19 -19 -20 22 -22 24 25 -4 -25 28 29 -27
right_child=2 4 5 -5 -6 6 -8 -9 9 10 11 12 -14 14 -16 -17 -18 18 20 -21 21 -23 -24 26 -26 27 -28 -29 -30 -31
leaf_value=-0.00027257143073534414 -0.0031542039820221779 -0.0023670503289635546 -0.00096109440452084869 -4.6578704255684223e-06 0.0057787882444463746 0.0065395219646420645 -0.00031826996636219348 -0.0014294433107929923 -0.0023400529413708758 0.0098817592675143166 -0.00010462624440273848 0.0027591811677921702 0.007690541512482379 -0.0073131403509058149 -0.00012180183655811082 0.00064242127411560295 -0.0014552611465613542 0.0048887329814793629 -1.4006152057368659e-05 0.000419083373171607 0.0010104799955765755 0.0023212603047161619 -1.981669074566626e-05 2.2446917962017555e-05 1.3452272932900077e-05 -0.0021907586149145486 -4.7114709115424478e-05 -0.00025295695319631049 -5.7000656949561797e-05 0.0003100798745093858
leaf_weight=2255 1441 3966 9195 21697 203 350 2417 785 447 348 483 292 200 304 1438 2146 10557 282 3326 224 811 218 263 24964 4684 699 9521 1105 557 2595
leaf_count=2255 1441 3966 9195 21697 203 350 2417 785 447 348 483 292 200 304 1438 2146 10557 282 3326 224 811 218 263 24964 4684 699 9521 1105 557 2595
internal_value=-0.000213022 -0.00114512 -0.000153887 -0.000412074 -0.00172425 -1.69427e-06 0.000725361 0.00171649 0.00272471 0.00216338 0.00317846 0.00212755 0.00427364 -0.000846895 -9.09332e-05 0.000672097 -0.00109173 -6.79574e-05 0.000629362 0.0036047 0.000299805 0.00161449 0.000739573 -0.000135022 -0.000448249 -0.000739828 3.60967e-05 7.49842e-05 0.000528267 0.000923916
internal_weight=107773 6424 101349 37583 4169 63766 5322 2905 2120 1770 1323 975 492 15886 3888 2450 11998 58444 5124 506 4618 1292 1074 53320 18835 14151 34485 4956 3851 3294
internal_count=107773 6424 101349 37583 4169 63766 5322 2905 2120 1770 1323 975 492 15886 3888 2450 11998 58444 5124 506 4618 1292 1074 53320 18835 14151 34485 4956 3851 3294
is_linear=0
shrinkage=0.03


Tree=133
num_leaves=31
num_cat=0
split_feature=22 7 21 26 26 30 30 32 35 19 12 19 9 12 11 21 1 8 31 3 21 26 32 18 33 31 13 9 26 1
split_gain=7.05934 4.40098 3.60981 4.66361 4.69045 5.34121 4.05393 5.70804 4.62783 5.63514 4.10064 4.04548 8.37017 7.65059 7.61286 9.44807 6.39344 4.29049 4.22651 4.12464 4.033 4.1742 4.98886 5.72477 5.41214 5.26707 4.47568 7.76333 7.64563 4.47308
threshold=2.4859166666666672 42.500000000000007 4.1824444553467925 2.1725000000000003 3.6625000000000005 9.2750000000000021 3.4250000000000007 0.8869770585236475 37.750000000000007 5.1175000000000006 2.3425000000000007 6.1475000000000009 5.5000000000000009 6.0025000000000013 4.2575000000000012 1.5773170785110069 1.0000000180025095e-35 3.5000000000000004 2.2416163902687063 7.7161687316315524 2.697571245287635 3.3675000000000006 0.85260769842926931 11.682500000000003 0.026175951569892341 1.799595728311467 8.0191666666666688 3.5000000000000004 4.097500000000001 30.575000000000006
decision_type=2 2 2 2 2 2 2 2 2 8 10 8 2 10 2 2 2 2 2 2 2 2 2 2 2 2 2 2 2 2
left_child=-1 2 6 -4 5 -5 7 -2 9 10 -8 12 16 14 -14 -16 -10 -13 19 -15 21 29 23 25 -24 -23 27 28 -26 -11
right_child=1 -3 3 4 -6 -7 8 -9 11 20 -12 17 13 18 15 -17 -18 -19 -20 -21 -22 22 24 -25 26 -27 -28 -29 -30 -31
leaf_value=-0.0014177995759087044 -0.00029960012187126071 0.00014162181092641028 -0.00055287268583971059 0.0020253473457218785 -1.2114104300103713e-05 -5.8845651838568263e-06 0.00078413962683340636 -0.0024155317779820627 -0.0027102155290366966 -0.00043412609587751454 -0.0024840665169827141 3.3208777328261883e-05 0.00033399068730266323 -0.00022527807650514278 0.0053289860517514069 0.002804325384689246 0.00046161955544987921 -1.1129912108326367e-05 -0.0036906404359233068 0.0014503595625784981 5.1342199098738382e-05 -0.0013634051520478349 -4.0675134636029823e-05 2.0002768265315375e-05 0.00094896333629651878 0.0007662887305973032 2.9054183594711519e-06 9.3296416637349088e-05 0.0028177117126596796 0.00022045141008616997
leaf_weight=9293 8358 12533 708 916 698 309 544 6352 1593 4513 4767 6454 275 346 208 404 9322 29398 345 265 2000 2776 544 728 301 226 1000 499 260 1611
leaf_count=9293 8358 12533 708 916 698 309 544 6352 1593 4513 4767 6454 275 346 208 404 9322 29398 345 265 2000 2776 544 728 301 226 1000 499 260 1611
internal_value=-0.000227223 -0.000152446 -0.000229222 0.000863808 0.00162915 0.0027439 -0.000263883 -0.000715597 -0.000166663 -0.000553606 -0.00138883 -9.25712e-06 0.000449423 0.00231656 0.00431502 0.00616532 0.000133241 -0.000172519 0.000449531 0.00194318 -0.000246423 -0.000447245 9.27584e-05 -0.000610442 0.00109927 -0.00118923 0.00180145 0.00315493 0.00556007 -0.00100538
internal_weight=107546 98253 85720 2631 1923 1225 83089 14710 68379 19769 5311 48610 12758 1843 887 612 10915 35852 956 611 14458 12458 6334 3730 2604 3002 2060 1060 561 6124
internal_count=107546 98253 85720 2631 1923 1225 83089 14710 68379 19769 5311 48610 12758 1843 887 612 10915 35852 956 611 14458 12458 6334 3730 2604 3002 2060 1060 561 6124
is_linear=0
shrinkage=0.03


Tree=134
num_leaves=31
num_cat=0
split_feature=24 17 25 9 32 20 34 13 34 14 10 25 24 19 34 9 1 9 9 28 19 12 11 25 28 9 17 34 34 9
split_gain=5.87854 4.50747 4.03245 4.48864 11.3944 4.76121 6.006 3.94047 3.81429 3.54462 3.62286 8.01261 5.72771 6.1966 4.2662 9.36492 7.02786 5.79243 10.9707 16.6519 6.55896 11.8637 5.97338 4.1853 8.9249 3.89176 3.71032 3.80643 5.42147 3.4863
threshold=3.6250000000000004 2.6825000000000006 0.80750000000000022 5.5000000000000009 0.82409480842201688 3.6555000000000004 957.62500000000011 3.8375000000000008 960.22500000000014 1.6700024950081189 9.5000000000000018 3.8875000000000006 7.9750000000000005 5.9575000000000005 967.02500000000009 3.5000000000000004 -3.3749999999999996 3.5000000000000004 2.5000000000000004 1.0034388786888637 7.2975000000000012 8.5475000000000012 6.3725000000000014 8.0125000000000011 2.2047900021115265 3.5000000000000004 8.6525000000000016 968.27500000000009 962.92500000000018 3.5000000000000004
decision_type=8 8 10 2 2 2 2 2 2 2 2 10 10 10 2 2 2 2 2 2 8 10 2 10 2 2 10 2 2 2
left_child=1 -1 3 5 -5 6 7 -3 -8 10 26 12 14 -14 16 -16 -12 18 20 -20 21 -18 -21 25 -25 -13 27 28 -2 -29
right_child=9 2 -4 4 -6 -7 8 -9 -10 -11 11 23 13 -15 15 -17 17 -19 19 22 -22 -23 -24 24 -26 -27 -28 29 -30 -31
leaf_value=-0.0019625010903838304 -1.939852839191563e-05 -0.00026282717901278082 -0.0011074064463730969 0.0047801311826978629 -0.0039259302943619265 -0.0021593510830270738 0.016907632884209944 0.0016876704131038689 0.0044130709616079849 0.00010874756319007251 0.0031923976566516628 -3.4702341797483438e-05 0.000507832466301324 -5.2855788510397516e-06 -0.00079131445095904419 0.0032566986383697903 0.00032712595018493881 -0.00035397530627570561 0.0097300294372692029 0.0047774857032230472 -0.00019963402846295275 0.00046996402045099513 -0.00093191562453012625 9.8170005039850824e-05 -3.0098898311190776e-05 3.486179058002081e-06 7.3907113247462239e-05 -1.0171939058503109e-05 -0.00010005741223374275 0.00033877067996551034
leaf_weight=3380 55218 1685 16494 340 268 2440 203 328 210 5822 313 4803 316 206 219 251 758 2668 207 343 1707 219 290 209 226 3887 329 362 3356 517
leaf_count=3380 55218 1685 16494 340 268 2440 203 328 210 5822 313 4803 316 206 219 251 758 2668 207 343 1707 219 290 209 226 3887 329 362 3356 517
internal_value=-0.000229897 -0.000629275 -0.000472126 0.000233254 0.00265253 -7.14439e-05 0.000868778 0.0001888 0.00414115 -0.000106749 -0.000161134 0.000230588 0.000956944 0.00397343 0.000728509 0.00347368 0.000527649 0.000304017 0.00110173 0.00408284 0.000162885 0.00211711 0.00163166 -0.000366375 0.00248864 -0.000510639 -0.000270059 -0.00028775 -0.000317213 0.00166629
internal_weight=107574 25348 21968 5474 608 4866 2426 2013 413 82226 76404 16622 7497 522 6975 470 6505 6192 3524 840 2684 977 633 9125 435 8690 59782 59453 58574 879
internal_count=107574 25348 21968 5474 608 4866 2426 2013 413 82226 76404 16622 7497 522 6975 470 6505 6192 3524 840 2684 977 633 9125 435 8690 59782 59453 58574 879
is_linear=0
shrinkage=0.03


Tree=135
num_leaves=31
num_cat=0
split_feature=22 34 34 6 27 31 35 33 5 19 35 16 34 35 30 28 32 0 29 33 19 25 29 33 25 29 11 34 1 35
split_gain=6.44501 4.93497 4.70459 4.543 5.5009 6.31556 4.58716 4.32762 4.13726 6.15353 4.50659 4.22139 4.38776 5.89915 3.97809 3.72342 3.55046 3.52953 3.4323 3.40733 4.45732 3.53526 7.6519 3.22426 3.25301 3.69131 3.17216 3.10144 3.06269 3.02556
threshold=2.227847222222223 946.97500000000014 941.37500000000011 1.5000000000000002 7.1679166666666676 1.3218174939349263 26.250000000000004 0.39073112848927366 0.35871414464759116 5.8575000000000008 85.250000000000014 3.0175000000000005 950.62500000000011 28.250000000000004 3.9250000000000007 1.1457343896471694 0.9935340235047978 0.83250000000000013 2.6525000000000007 0.3090169943749474 4.1025000000000009 1.3025000000000004 3.2625000000000006 -0.35836794954530043 1.2125000000000001 1.3575000000000002 13.622500000000002 946.67500000000018 6.3750000000000009 92.750000000000014
decision_type=2 2 2 2 2 2 2 2 2 10 2 10 2 2 2 2 2 2 2 2 8 10 2 2 10 2 2 2 2 2
left_child=1 2 -1 4 6 -6 16 17 9 10 11 -9 13 27 23 -4 -2 -5 -14 -16 21 -21 -23 24 25 -8 -7 -13 -20 -19
right_child=3 -3 15 7 5 26 14 8 -10 -11 -12 12 18 -15 19 -17 -18 29 28 20 -22 22 -24 -25 -26 -27 -28 -29 -30 -31
leaf_value=-0.0033485517133104419 -0.00089890960780357248 -0.0019603310430136105 0.00024065459564211964 0.0028165547057757727 5.022327231309297e-05 1.5980077651258138e-05 -0.0020237938404384787 -0.001436386517760814 -3.9381206958957473e-05 0.0022632888695278438 0.0054092078131111835 -0.0013771255280836724 -0.0015120178948284232 0.0049342436662925988 -1.8682623644518113e-05 0.0036016408685423814 0.00032319565172198977 -7.2419688178009452e-06 0.0022592217744032425 0.0021524181968872319 7.5229708076318674e-06 0.00057277307499712987 0.0057488338812366879 -0.0018611633993920024 -0.001183602144601505 0.0021625397040565698 -1.0300987922837734e-05 0.0028512264536608265 0.00050143199491914847 0.0026074537010678501
leaf_weight=347 3697 5023 698 650 498 397 322 1955 1836 255 310 804 1238 1196 18383 338 241 53628 237 325 3942 220 207 6052 2124 615 577 415 823 492
leaf_count=347 3697 5023 698 650 498 397 322 1955 1836 255 310 804 1238 1196 18383 338 241 53628 237 325 3942 220 207 6052 2124 615 577 415 823 492
internal_value=-0.00019402 -0.00111652 0.000469019 -0.000135711 -0.000397288 0.00139743 -0.000470595 1.83722e-05 0.000625192 0.000947913 0.000778461 0.000612318 0.00109813 0.00198967 -0.000352229 0.00148127 -0.00143647 -8.2155e-05 0.000158922 -0.000142579 0.00057842 0.00268692 0.00446528 -0.00088276 -8.90418e-05 0.00137898 -1.22581e-05 0.000517156 0.00140845 -0.000108638
internal_weight=107845 6406 1383 101439 37600 1472 36128 63839 9069 7233 6978 6668 4713 2415 32190 1036 3938 54770 2298 23077 4694 752 427 9113 3061 937 974 1219 1060 54120
internal_count=107845 6406 1383 101439 37600 1472 36128 63839 9069 7233 6978 6668 4713 2415 32190 1036 3938 54770 2298 23077 4694 752 427 9113 3061 937 974 1219 1060 54120
is_linear=0
shrinkage=0.03


Tree=136
num_leaves=31
num_cat=0
split_feature=24 35 1 32 18 30 35 10 10 8 32 35 8 34 35 21 34 35 27 18 10 26 13 32 34 10 31 28 31 26
split_gain=6.57398 5.46907 5.87856 7.67779 7.84471 4.92586 5.92457 4.60263 5.38168 3.81794 4.82996 5.61063 5.49347 7.2922 7.23779 6.39339 4.86164 4.52975 5.0436 4.59491 8.54214 14.0082 9.8503 6.53745 5.80437 5.54337 5.35146 5.1006 4.44895 4.43227
threshold=4.0250000000000012 25.750000000000004 26.475000000000005 0.11319890333640062 4.1575000000000015 3.0750000000000006 42.750000000000007 1.5000000000000002 5.5000000000000009 2.5000000000000004 -0.5948001377222607 23.750000000000004 8.5000000000000018 949.92500000000018 59.750000000000007 4.6658234354144188 946.27500000000009 16.750000000000004 2.1820833333333343 11.297500000000001 5.5000000000000009 3.2025000000000006 6.6675000000000013 0.95368063612909471 948.27500000000009 6.5000000000000009 1.080672566472767 1.0234235843470092 2.3128122013049084 3.2325000000000008
decision_type=8 2 2 2 2 2 2 2 2 2 2 2 2 2 2 2 2 2 2 2 2 2 2 2 2 2 2 2 2 2
left_child=1 -1 5 -4 -5 -3 -7 -8 -9 -2 11 -11 15 14 17 29 -16 -14 -19 20 21 -20 -23 24 25 -22 27 -27 -13 -12
right_child=9 2 3 4 -6 6 7 8 -10 10 12 28 13 -15 16 -17 -18 18 19 -21 23 22 -24 -25 -26 26 -28 -29 -30 -31
leaf_value=-0.0023400378838132436 5.4788158868164234e-05 -0.0015835706543436974 -0.00048428629281917148 0.0012502654095595839 0.0062681553641530767 -0.0030556049960312006 -0.0021074951262935997 0.0020336508457774309 -2.2461679504032862e-05 -0.0013039611808262175 -1.1747912467599476e-05 -1.6974003641000181e-05 -0.00053392148600592347 3.0938698301286035e-07 0.0041843406431148686 0.0028409962428331791 0.0004839026870962115 -0.00098204280514186748 0.00051849614785978357 -1.4782778605146873e-05 -0.00091133424185481642 0.0092644517154674474 0.00015522798944236471 -0.0010805592265213148 0.0060199772605066112 0.0014632957806382306 0.00048415298762476187 0.0072995149613069351 0.0012841583405480484 -3.4907570791592454e-05
leaf_weight=2063 9205 9559 1088 323 255 2563 1758 1563 9247 4040 6069 29221 1188 17461 204 202 410 957 450 477 744 206 202 580 396 361 813 448 1311 4188
leaf_count=2063 9205 9559 1088 323 255 2563 1758 1563 9247 4040 6069 29221 1188 17461 204 202 410 957 450 477 744 206 202 580 396 361 813 448 1311 4188
internal_value=-0.000201717 -0.000593056 -0.000476386 0.00124596 0.00402401 -0.000592833 -0.000255881 1.24068e-05 0.000244105 -6.11471e-05 -0.00013676 -0.000388872 0.000109781 0.00035214 0.00113856 -0.000467031 0.00424556 0.000856012 0.00121085 0.00161662 0.00193341 0.0045956 0.00858596 0.0012441 0.00185182 0.001283 0.00226429 0.00398403 -0.000249731 -0.000572111
internal_weight=107552 28419 26356 1666 578 24690 15131 12568 10810 79133 69928 34572 35356 24897 7436 10459 614 6822 5634 4677 4200 858 408 3342 2762 2366 1622 809 30532 10257
internal_count=107552 28419 26356 1666 578 24690 15131 12568 10810 79133 69928 34572 35356 24897 7436 10459 614 6822 5634 4677 4200 858 408 3342 2762 2366 1622 809 30532 10257
is_linear=0
shrinkage=0.03


Tree=137
num_leaves=31
num_cat=0
split_feature=22 34 6 24 26 10 35 19 8 29 8 28 10 32 26 18 21 34 34 10 32 17 35 27 1 31 32 27 2 26
split_gain=5.38725 4.66033 3.74016 4.47072 7.8515 4.89118 6.912 6.2715 4.53909 9.22356 4.8417 5.31202 5.80369 10.6161 5.24884 5.27893 5.24033 4.74631 4.66443 5.0837 8.19415 7.25913 4.83704 4.64916 4.76018 8.99829 5.83194 4.35509 4.32756 5.01958
threshold=2.227847222222223 949.92500000000018 2.5000000000000004 6.9250000000000016 1.7625000000000004 1.5000000000000002 45.250000000000007 8.2225000000000019 15.500000000000002 0.83250000000000013 4.5000000000000009 0.33445228857541615 2.5000000000000004 -0.85260769842926887 3.4925000000000006 7.5075000000000012 1.8177948522702321 967.97500000000014 961.72500000000014 11.500000000000002 -0.68832836526074759 2.9925000000000006 87.250000000000014 7.5750000000000011 25.425000000000004 1.2260904798816152 0.86159635224327558 3.7506250000000008 1.2234821484367064 4.0275000000000007
decision_type=2 2 2 10 2 2 2 10 2 2 2 2 2 2 2 2 2 2 2 2 2 10 2 2 2 2 2 2 2 2
left_child=1 -1 3 5 -5 7 -7 28 10 -10 11 16 13 -13 15 -14 -8 18 19 22 -21 -22 -11 24 -12 26 -26 -23 29 -2
right_child=2 -3 -4 4 -6 6 8 -9 9 17 23 12 14 -15 -16 -17 -18 -19 -20 20 21 27 -24 -25 25 -27 -28 -29 -30 -31
leaf_value=4.0873808038473514e-05 -0.00013166989705402422 -0.0019074151769008793 0.00010495273903635537 0.0011190611396531601 2.7921464753244416e-06 -8.8535471642909859e-05 0.00040530291674137668 0.0002739636526405499 0.009755108384864656 2.4122631625065337e-05 -0.00012456427277944792 0.0033969593043266999 -0.00019363323973286252 6.4245539275095126e-05 -5.7789404589220211e-05 0.00017465264494737287 0.0056061168619526295 0.0080840302909107077 -0.00015226155803652058 -0.00015623804481103564 0.0032274699440575979 0.0047696672153884762 0.0048824521058190608 2.6199732723261037e-05 0.0020996202339782118 -0.0026174834932446455 0.0075203331633927019 -8.1299641723824303e-05 -0.0021440283206822664 0.00040699512787228015
leaf_weight=2262 3318 4136 12879 478 8994 27327 295 200 250 9022 18068 260 5192 708 2825 3051 262 293 2238 342 290 225 215 340 228 388 213 205 3065 209
leaf_count=2262 3318 4136 12879 478 8994 27327 295 200 250 9022 18068 260 5192 708 2825 3051 262 293 2238 342 290 225 215 340 228 388 213 205 3065 209
internal_value=-0.000213986 -0.00105794 -0.000160675 -0.000230188 0.000385564 -0.000304009 -0.000231597 -0.00107342 -2.67243e-06 0.00046771 -0.000196011 0.000261231 0.000128062 0.00234943 -6.71912e-05 0.000315348 0.0031121 0.000355278 0.000266225 0.000536005 0.00249672 0.00430345 0.000309348 -0.000495323 -0.000558196 0.00165827 0.00456726 0.0017931 -0.00123329 -0.000515573
internal_weight=107778 6398 101380 88501 9472 79029 72237 6792 44910 13080 31830 12593 12036 968 11068 8243 557 12830 12537 10299 1062 720 9237 19237 18897 829 441 430 6592 3527
internal_count=107778 6398 101380 88501 9472 79029 72237 6792 44910 13080 31830 12593 12036 968 11068 8243 557 12830 12537 10299 1062 720 9237 19237 18897 829 441 430 6592 3527
is_linear=0
shrinkage=0.03


Tree=138
num_leaves=31
num_cat=0
split_feature=24 17 26 35 2 9 16 17 33 3 25 32 15 34 8 33 35 28 14 2 12 16 26 24 35 32 22 15 8 26
split_gain=6.7891 5.27534 4.86229 4.73955 4.59301 5.61814 5.60913 5.76229 4.35558 5.77982 4.30254 6.02001 4.16238 4.569 4.13932 6.35373 8.27777 5.72413 7.69466 3.77857 3.73899 5.44265 5.86465 11.4142 3.51602 3.19057 3.08865 3.11883 2.91634 3.72085
threshold=4.0250000000000012 2.6825000000000006 3.5725000000000007 25.750000000000004 1.1949390252320502 4.5000000000000009 7.5825000000000014 3.7475000000000005 0.49240481012316878 1.080455016811108 3.4775000000000005 0.80382625221112025 0.54000000000000037 966.32500000000016 4.5000000000000009 -0.86159635224327535 60.250000000000007 0.88367780193342016 0.71164715001061662 1.1644048528143223 5.1175000000000006 3.2275000000000005 1.8575000000000002 2.1750000000000007 87.750000000000014 0.60873824923885345 2.9590833333333335 -0.037499999999999638 2.5000000000000004 3.2775000000000007
decision_type=8 8 2 2 2 2 10 10 2 2 10 2 2 2 2 2 2 2 2 2 10 10 2 10 2 2 2 2 2 2
left_child=1 2 -1 -3 5 8 7 10 14 -10 19 -12 -6 24 15 -5 -17 18 -18 20 21 -7 -23 -24 -14 -8 -11 -28 29 -2
right_child=28 3 -4 4 12 6 25 -9 9 26 11 -13 13 -15 -16 16 17 -19 -20 -21 -22 22 23 -25 -26 -27 27 -29 -30 -31
leaf_value=-0.0020791373987939913 0.00032774000156015611 -0.0021929996302397226 0.0028354084989331866 0.0054154524610814277 -0.00217268098707809 -0.00014489060658423976 0.00062311817756734644 0.0035265386612710159 0.011741776841900371 -0.0021005603307287964 0.0017614341886476796 0.0054139099041755796 -0.0023891280475251369 0.0053091430472237107 -0.0017773040665095489 -0.0029328800797759564 0.0010950690038482225 -0.00031729514195469744 0.0038431218864350769 -0.0020283283108497776 -0.0021830554678802182 0.00070231928013307968 0.00067320856590738813 0.0073202883845655091 0.0016888328438577193 -0.0038547337543976832 0.0069907209230389046 -0.00051918935906878131 -6.3626029793886829e-06 -1.0552682389413093e-05
leaf_weight=3386 5903 1952 206 267 4896 921 213 243 272 464 474 273 918 205 7300 1658 465 677 242 433 512 374 281 219 320 770 261 334 69894 3336
leaf_count=3386 5903 1952 206 267 4896 921 213 243 272 464 474 273 918 205 7300 1658 465 677 242 433 512 374 281 219 320 770 261 334 69894 3336
internal_value=-0.000198907 -0.000595565 -0.00166973 -0.000440579 -0.000319869 -5.8171e-05 0.000818355 0.0013494 -0.000404354 0.00121033 0.0010335 0.00304388 -0.00100678 0.000408148 -0.000607406 0.00027248 -0.000120119 0.00158963 0.0034677 0.000480874 0.0009641 0.00160833 0.00329693 0.00540594 -0.000284796 -0.00119332 0.000200187 0.001625 -5.58399e-05 0.000444937
internal_weight=107669 28536 3592 24944 22992 16653 4713 3730 11940 1331 3487 747 6339 1443 10609 3309 3042 1384 707 2740 2307 1795 874 500 1238 983 1059 595 79133 9239
internal_count=107669 28536 3592 24944 22992 16653 4713 3730 11940 1331 3487 747 6339 1443 10609 3309 3042 1384 707 2740 2307 1795 874 500 1238 983 1059 595 79133 9239
is_linear=0
shrinkage=0.03


Tree=139
num_leaves=31
num_cat=0
split_feature=17 26 34 35 32 27 33 16 34 8 33 8 19 21 25 35 26 25 25 8 33 26 30 9 26 19 26 9 34 35
split_gain=5.64632 6.66361 3.6098 3.42863 8.76233 5.73194 4.66718 5.59642 3.90209 6.05723 5.32371 4.53202 5.99734 5.11887 5.90532 4.433 6.85127 4.57514 4.42076 5.50985 8.76219 5.40081 5.79188 5.33966 7.18144 5.3182 4.64601 4.68104 6.97606 4.75474
threshold=2.3275000000000006 3.5075000000000003 973.12500000000011 22.750000000000004 0.77159520228797462 5.4456250000000006 0.10452846326765323 9.6075000000000017 945.92500000000018 10.500000000000002 0.49240481012316878 16.500000000000004 4.2875000000000005 2.3573811384143606 3.4775000000000005 37.750000000000007 4.2325000000000008 4.0125000000000011 8.2400000000000002 12.500000000000002 0.47714059151611404 3.6075000000000008 4.9250000000000016 2.5000000000000004 3.6225000000000005 4.2875000000000005 1.6775000000000004 3.5000000000000004 967.97500000000014 56.250000000000007
decision_type=8 2 2 2 2 2 2 10 2 2 2 2 10 2 8 2 2 8 8 2 2 2 2 2 2 10 2 2 2 2
left_child=1 -1 3 4 -2 -6 -7 -8 9 10 -5 -11 -13 14 -14 16 -10 -18 21 23 -21 26 -23 24 -20 -24 27 -17 29 -29
right_child=2 -3 -4 8 5 6 7 -9 15 11 -12 12 13 -15 -16 18 17 -19 19 20 -22 22 25 -25 -26 -27 -28 28 -30 -31
leaf_value=-0.0021234980238699248 -0.0016152633214893185 0.0026472166564690449 6.2474865116571857e-05 -0.00013000955565976063 -0.000165668944506 -4.2898444197547736e-06 -1.7444504128219866e-05 0.00013606291915173137 -0.00011745735116157589 0.0020807971484534372 0.0047692717639245515 -6.4872509858092674e-05 0.005738829911297802 -0.00014267411557816075 0.00036843111772581484 -0.0010838970953024752 0.0016761373194641648 1.8563580412755964e-06 -9.1450940590803382e-06 8.0981258872161489e-05 0.012654822731197876 -0.0029170558682438926 3.1897720337564246e-06 -6.4051304096602365e-05 0.00020671229356567349 -2.6264145420362419e-05 2.0449284227995744e-05 0.0014895063644755062 0.011661092958056327 -0.00065835766521168883
leaf_weight=2964 5498 201 736 7695 2411 276 205 407 10017 2298 433 3228 203 303 446 8385 449 1832 1397 2739 239 3799 5870 2575 498 3520 33210 1236 215 4395
leaf_count=2964 5498 201 736 7695 2411 276 205 407 10017 2298 433 3228 203 303 446 8385 449 1832 1397 2739 239 3799 5870 2575 498 3520 33210 1236 215 4395
internal_value=-0.000205322 -0.00145268 -0.000167481 -0.00018237 -0.000748808 0.000473062 0.00252632 0.00397731 -0.000129871 0.000321127 -0.000224272 0.00100509 0.00041577 0.00250157 0.00399541 -0.000211842 -0.000735919 0.000746718 -0.000117122 0.000572386 0.0015709 -0.000201864 -0.000738746 -9.38555e-05 0.00111316 -0.000338479 -5.25447e-05 -0.000505971 0.000145615 -5.90852e-05
internal_weight=107680 3165 104515 103779 8797 3299 888 612 94982 14606 8128 6478 4180 952 649 80376 12298 2281 68078 7448 2978 60630 13189 4470 1895 9390 47441 14231 5846 5631
internal_count=107680 3165 104515 103779 8797 3299 888 612 94982 14606 8128 6478 4180 952 649 80376 12298 2281 68078 7448 2978 60630 13189 4470 1895 9390 47441 14231 5846 5631
is_linear=0
shrinkage=0.03


Tree=140
num_leaves=31
num_cat=0
split_feature=22 2 33 34 18 12 35 2 35 26 3 26 24 32 34 8 31 8 18 34 34 18 8 2 5 6 34 34 9 19
split_gain=5.68812 4.00444 3.9504 10.2834 6.12644 4.34649 5.73473 5.69685 4.52596 6.07943 4.44629 4.70738 4.41222 5.77021 5.58539 4.56905 4.32645 4.27515 4.05475 3.74419 5.95682 3.71829 5.46969 3.66283 3.60033 3.57487 3.55859 3.64718 3.31089 3.73856
threshold=2.227847222222223 1.0772667041500152 0.47714059151611404 945.17500000000018 7.3075000000000019 4.6275000000000013 93.750000000000014 1.2076058377359182 54.250000000000007 4.5225000000000009 3.6528867164329966 1.4975000000000003 4.2750000000000012 -0.86159635224327535 956.32500000000016 10.500000000000002 1.0629116552488562 18.500000000000004 15.677500000000002 960.22500000000014 961.42500000000018 3.4675000000000007 15.500000000000002 1.2171714731601126 0.10712688081740239 2.5000000000000004 946.97500000000014 941.37500000000011 2.5000000000000004 4.9525000000000015
decision_type=2 2 2 2 2 8 2 2 2 2 2 2 10 2 2 2 2 2 2 2 2 2 2 2 2 2 2 2 2 8
left_child=26 -2 5 4 16 6 7 8 9 -3 -7 19 -10 -14 15 -15 -4 25 -13 -12 -21 22 -9 -22 -18 -5 27 -1 -19 -30
right_child=1 2 3 17 -6 10 -8 21 12 -11 11 18 13 14 -16 -17 24 28 -20 20 23 -23 -24 -25 -26 -27 -28 -29 29 -31
leaf_value=-0.0027336800356053026 -0.0011252456430808314 -0.0012210058872921526 0.009004922708970341 -0.00047029581468174152 -0.00022128080475204313 0.0022525976410109768 0.0046431970148848034 -0.0011707068565684029 -6.1944771353169558e-05 0.0026979278822471696 -0.0012583009872715021 3.4351299339728139e-06 -0.00062899329525769698 0.0055702763999445782 0.00050130382179442746 0.0049950674909497849 0.0004303994316823602 -0.0001325313927417815 -8.4095102479109231e-06 0.0014939327987096762 0.00062197541672178835 -0.0026312228517297006 0.0022679846908103883 -0.0034923950390732175 0.0076250767075466772 0.0022951363500291243 -0.0017681169063430103 0.0011659827468828582 0.003066766488485047 0.0084769084664909275
leaf_weight=324 3736 12208 373 4437 279 999 243 1003 11416 397 4312 49868 446 215 309 210 247 297 2102 200 466 5337 377 424 200 718 5024 1047 200 205
leaf_count=324 3736 12208 373 4437 279 999 243 1003 11416 397 4312 49868 446 215 309 210 247 297 2102 200 466 5337 377 424 200 718 5024 1047 200 205
internal_value=-0.000227153 -0.000172303 -0.000135334 0.000553368 0.00320924 -0.000188277 -0.00046829 -0.000503525 -0.000296478 -0.000698256 -3.39702e-05 -6.85996e-05 0.000105705 0.0018481 0.00347497 0.00568605 0.00450909 5.27117e-05 1.90469e-05 -0.000911042 0.000657534 -0.00127953 0.000108303 -0.000402235 0.00247566 -0.000247094 -0.00109453 0.000259447 0.00224045 0.0039878
internal_weight=107619 101224 97488 6956 1099 90532 32161 31918 25201 12605 58371 57372 12596 1180 734 425 820 5857 51970 5402 1090 6717 1380 890 447 5155 6395 1371 702 405
internal_count=107619 101224 97488 6956 1099 90532 32161 31918 25201 12605 58371 57372 12596 1180 734 425 820 5857 51970 5402 1090 6717 1380 890 447 5155 6395 1371 702 405
is_linear=0
shrinkage=0.03


Tree=141
num_leaves=31
num_cat=0
split_feature=24 19 34 10 34 19 25 10 24 16 19 2 2 9 18 21 18 15 9 13 8 26 25 8 34 18 11 25 2 33
split_gain=5.12764 5.57871 3.97712 3.71721 3.68438 4.64029 4.49374 5.29011 5.71276 4.78613 6.51664 4.38858 3.97207 3.56432 3.50808 3.77613 4.64926 3.97058 3.9135 5.91517 4.13975 3.59144 3.45274 3.38731 3.29933 3.23213 3.49748 3.18312 3.12208 3.17558
threshold=3.8750000000000004 5.8575000000000008 951.12500000000011 1.5000000000000002 965.82500000000016 1.7075000000000002 3.3975000000000009 3.5000000000000004 2.3250000000000006 5.392500000000001 0.27250000000000008 1.1712160485503478 1.1253368532589978 1.5000000000000002 15.677500000000002 3.6505392004061332 2.2675000000000005 3.5300000000000007 2.5000000000000004 5.9175000000000013 11.500000000000002 3.5425000000000004 2.7825000000000006 2.5000000000000004 944.87500000000011 6.3775000000000013 1.0625000000000002 3.5825000000000005 1.2529468750153112 -0.22495105434386511
decision_type=8 10 2 2 2 10 8 2 10 10 10 2 2 2 2 2 2 2 2 2 2 2 10 2 2 2 2 10 2 2
left_child=1 3 27 -1 6 22 -5 8 -8 10 -9 12 -12 -4 15 17 -17 23 -18 20 21 -20 -6 28 -11 26 -14 -3 29 -2
right_child=14 2 13 4 5 -7 7 9 -10 24 11 -13 25 -15 -16 16 18 -19 19 -21 -22 -23 -24 -25 -26 -27 -28 -29 -30 -31
leaf_value=-0.0018523166174624992 0.00025285294576472329 0.0022093597319099698 0.0017025611032433973 -0.0014517405099432694 0.0079956366602060725 -0.0037969612470272296 0.0081291924223169335 0.0027462724581926168 -4.9505965530687311e-05 0.0028783848520575815 -0.0012424949079904856 -0.0027085368285321649 0.0071975458169697458 -0.0012949554619642112 -8.2399403678268254e-06 0.0026003989222884794 -0.00011226039775476191 0.00079759523317957332 0.0018900829323679237 -3.0528174953132991e-05 0.0022292232502312192 -0.0038990799712530265 1.5980814757926564e-07 -1.4620237922660095e-05 -0.0030779966691291362 0.0069150003309431957 5.3821375406097882e-05 -8.7019501439870503e-05 0.00079148584749443333 -2.138524884247358e-05
leaf_weight=2870 4143 410 202 12449 284 299 200 883 238 385 1590 813 233 643 2115 556 1954 337 779 1076 687 249 203 64182 3378 316 1598 209 218 3948
leaf_count=2870 4143 410 202 12449 284 299 200 883 238 385 1590 813 233 643 2115 556 1954 337 779 1076 687 249 203 64182 3378 316 1598 209 218 3948
internal_value=-0.000225506 -0.000581411 0.00121715 -0.000683927 -0.000555959 0.00145638 -0.000627898 -0.000141302 0.00306095 -0.000295403 0.000274181 -0.000184413 0.000250935 -0.00012353 -0.000104824 -7.2146e-05 0.000700527 -0.000128432 0.000394736 0.00111481 0.00220639 0.000993223 0.00325 -0.000143636 -0.00111704 0.00109154 0.00060294 0.00303365 0.000426148 0.000329421
internal_weight=107447 27203 1464 25739 22869 786 22083 9634 438 9196 5433 4550 3737 845 80244 78129 5301 72828 4745 2791 1715 1028 487 72491 3763 2147 1831 619 8309 8091
internal_count=107447 27203 1464 25739 22869 786 22083 9634 438 9196 5433 4550 3737 845 80244 78129 5301 72828 4745 2791 1715 1028 487 72491 3763 2147 1831 619 8309 8091
is_linear=0
shrinkage=0.03


Tree=142
num_leaves=31
num_cat=0
split_feature=22 18 11 21 33 5 34 28 35 33 1 34 14 21 34 25 4 8 35 1 1 34 0 9 18 29 25 1 34 1
split_gain=6.09988 4.09944 5.38533 4.26656 4.04447 4.00529 6.68859 7.12662 5.35786 4.19848 3.96691 5.68994 3.95893 4.61845 4.18016 5.1167 3.96281 3.93961 7.74636 6.90324 3.97666 4.82694 6.12179 3.7045 3.6699 3.63403 3.94589 3.3976 8.13526 8.21333
threshold=2.2679166666666668 2.5025000000000004 1.0025000000000002 3.6505392004061332 -0.86159635224327535 0.18295961186044948 951.32500000000016 2.545120944855332 32.750000000000007 -0.93038214053199442 -1.0249999999999997 968.62500000000011 1.2856677891189265 2.8837284892959789 950.92500000000018 2.7175000000000007 0.073511087255394666 15.500000000000002 84.250000000000014 1.5750000000000004 3.4250000000000007 960.12500000000011 3.3125000000000009 1.5000000000000002 15.677500000000002 2.4475000000000007 3.4375000000000009 14.325000000000003 949.72500000000014 11.225000000000001
decision_type=2 2 2 2 2 2 2 2 2 2 2 2 2 2 2 8 2 2 2 2 2 2 2 2 2 2 8 2 2 2
left_child=4 2 -2 27 23 6 7 12 -8 -10 11 -11 13 14 -3 -16 -15 -12 20 -20 21 -19 -23 -1 -7 -22 -27 28 -4 -30
right_child=1 5 3 -5 -6 24 8 -9 9 10 17 -13 -14 16 15 -17 -18 18 19 -21 25 22 -24 -25 -26 26 -28 -29 29 -31
leaf_value=0.0033383539597921642 0.0041035098729731295 -0.0011604839807202846 0.0099772144852373849 0.0022410469764640784 -0.0016724707931610558 -1.118206849065606e-06 -0.0038582918003862484 0.0032797876821222694 0.0025952552420940383 -0.0022951055619890889 -0.0010195155059592193 0.0046125002015593476 0.0015903135031348269 0.0025330434403504579 0.0082510278905900611 -0.00080598774434869236 -0.0013132616572744892 -0.00062260507247914251 0.00027427146245607238 0.0088688981849407728 -0.001852839143111934 0.009582935563675973 0.00030844568802124519 -0.0016637175599801589 -7.9388111564837595e-06 -0.0012987073761119761 0.0026636140266456435 -0.00080745765710946149 -0.00019768837104471498 0.0028664943766818379
leaf_weight=243 311 10672 223 803 6041 52323 1554 306 397 5457 8861 209 2177 1832 214 266 638 569 235 225 2104 223 224 545 2105 293 290 5040 2882 461
leaf_count=243 311 10672 223 803 6041 52323 1554 306 397 5457 8861 209 2177 1832 214 266 638 569 235 225 2104 223 224 545 2105 293 290 5040 2882 461
internal_value=-0.000234007 -0.000175245 0.000410282 0.000280751 -0.00110141 -0.000237687 -0.000479661 -2.1416e-05 -0.000837112 -0.000698775 -0.000763841 -0.0014262 -0.00010991 -0.000299847 -0.000559829 0.00216495 0.000872727 -0.000475248 0.000285748 0.00393548 -0.000172331 0.00142213 0.00373672 0.00091551 -7.42939e-05 -0.000776747 0.00131122 8.50068e-05 0.000793054 0.000418458
internal_weight=107723 100894 9720 9409 6829 91174 36746 16105 20641 19087 18690 5666 15799 13622 11152 480 2470 13024 4163 460 3703 1016 447 788 54428 2687 583 8606 3566 3343
internal_count=107723 100894 9720 9409 6829 91174 36746 16105 20641 19087 18690 5666 15799 13622 11152 480 2470 13024 4163 460 3703 1016 447 788 54428 2687 583 8606 3566 3343
is_linear=0
shrinkage=0.03


Tree=143
num_leaves=31
num_cat=0
split_feature=17 35 19 34 21 26 10 35 35 0 1 8 23 16 30 9 19 9 9 26 8 12 11 1 8 17 8 34 34 1
split_gain=5.07951 4.53479 6.39748 5.06089 6.00797 5.08107 6.42226 5.66645 4.55909 4.76922 4.34601 6.58594 6.2869 6.64936 7.3151 8.24642 6.07039 5.70067 12.1641 8.58353 8.29557 7.97262 14.3451 8.44763 5.92524 17.9471 14.6421 7.63831 13.3755 6.58153
threshold=2.4725000000000006 37.750000000000007 5.017500000000001 945.47500000000014 2.8311045764067062 3.3675000000000006 8.5000000000000018 23.250000000000004 16.750000000000004 2.8075000000000006 1.5750000000000004 16.500000000000004 0.051554191370934206 9.6075000000000017 8.3750000000000018 1.5000000000000002 7.5525000000000011 5.5000000000000009 3.5000000000000004 2.0575000000000006 10.500000000000002 5.6475000000000017 3.0775000000000006 10.625000000000002 12.500000000000002 7.4675000000000011 20.500000000000004 951.32500000000016 949.42500000000018 17.525000000000002
decision_type=8 2 8 2 2 2 2 2 2 2 2 2 2 10 2 2 8 2 2 2 2 10 2 2 2 8 2 2 2 2
left_child=-1 2 -2 8 5 -5 -7 -8 -4 -10 11 -3 -13 -14 15 -15 17 18 19 -12 -19 22 -22 -24 27 26 -26 28 -21 -27
right_child=1 10 3 4 -6 6 7 -9 9 -11 16 12 13 14 -16 -17 -18 20 -20 24 21 -23 23 -25 25 29 -28 -29 -30 -31
leaf_value=-0.0013661053940123252 -0.0016562432224135721 -4.2583353556641675e-05 -0.0012087495731932269 -0.00042511363570794323 3.827835367900545e-05 -2.3599659933846538e-05 0.00069357924490837152 1.1890552063441604e-05 0.0052610802626253273 0.00020513869388117151 -6.6040288290681988e-05 0.0052090194467233316 -0.00060755335284508208 0.00041870721882848738 -7.5664671559316777e-06 7.1278586311341875e-05 -8.4976450835638757e-06 5.7485509731782333e-05 -0.0007864042951789492 0.0012637471592599932 -8.5719887427173627e-05 0.00058396680931547152 0.00090699272447126056 0.0066319755202357 0.0059907494082276757 0.0010846981143288758 0.00015786820410389256 -9.42772744577057e-05 0.0072186829922701841 -0.00077013970352150297
leaf_weight=3432 8126 16196 748 5611 1848 4358 228 1049 679 4195 5234 621 3774 389 917 893 32709 1781 6395 1921 271 717 201 287 448 779 203 2293 510 942
leaf_count=3432 8126 16196 748 5611 1848 4358 228 1049 679 4195 5234 621 3774 389 917 893 32709 1781 6395 1921 271 717 201 287 448 779 203 2293 510 942
internal_value=-0.000211164 -0.00017377 -0.000509778 -0.000204477 -0.000527675 -0.000788197 -0.000151596 0.00171529 0.000548071 0.000882967 -5.73401e-05 -0.000405353 0.000393695 9.38434e-05 0.00140336 0.00286247 8.77022e-05 0.000473188 0.000271489 0.00082205 0.00163059 0.00328967 0.00542277 0.00847059 0.00150148 0.0027236 0.00694665 0.000885599 0.00205542 0.00111066
internal_weight=107755 104323 26842 18716 13094 11246 5635 1277 5622 4874 77481 22790 6594 5973 2199 1282 54691 21982 18725 12330 3257 1476 759 488 7096 2372 651 4724 2431 1721
internal_count=107755 104323 26842 18716 13094 11246 5635 1277 5622 4874 77481 22790 6594 5973 2199 1282 54691 21982 18725 12330 3257 1476 759 488 7096 2372 651 4724 2431 1721
is_linear=0
shrinkage=0.03


Tree=144
num_leaves=31
num_cat=0
split_feature=17 35 10 14 34 15 26 24 25 24 9 11 30 2 34 1 35 34 29 19 25 26 15 29 25 33 33 35 24 1
split_gain=4.5146 4.64285 5.3303 8.29237 4.95081 4.24629 4.19448 4.05295 3.93731 3.38797 3.80077 3.33891 3.22354 6.09486 4.36865 4.1705 4.529 4.44432 4.04737 4.69338 4.2822 3.54966 3.59468 3.54938 5.1749 3.45557 3.36698 4.28317 3.4856 5.4934
threshold=2.6825000000000006 22.750000000000004 5.5000000000000009 0.98320903169163387 949.52500000000009 0.0099999999999998996 3.5925000000000007 3.8250000000000006 5.6625000000000005 2.6250000000000004 2.5000000000000004 5.6875000000000009 3.4250000000000007 1.2176200759404772 967.47500000000014 22.225000000000005 64.750000000000014 951.32500000000016 1.9025000000000005 1.8075000000000003 2.5875000000000004 1.9025000000000005 -0.12499999999999993 0.87750000000000017 2.8925000000000005 0.026175951569892341 -0.59480013772226059 64.250000000000014 0.67500000000000016 26.025000000000002
decision_type=8 2 2 2 2 2 2 10 10 10 2 2 2 2 2 2 2 2 2 10 8 2 2 2 8 2 2 2 10 2
left_child=6 2 3 8 11 9 7 -1 -2 -4 -11 -5 13 14 15 16 23 21 19 -14 -21 -18 -23 24 -3 -15 28 -28 -17 -30
right_child=1 12 5 4 -6 -7 -8 -9 -10 10 -12 -13 18 25 -16 26 17 -19 -20 20 -22 22 -24 -25 -26 -27 27 -29 29 -31
leaf_value=-0.0018569825066970353 -0.00094811950892472949 -0.00134454232935863 -0.0010728418335852296 0.0077888807466502058 -0.00032971797834375647 -0.0018790686565995718 0.0027342686038706941 0.0014984183120385992 3.1389103232674078e-05 0.0029415500226253341 -2.0452663206396159e-05 0.00035848523161400968 0.00056079137220281137 -0.00027022797074353704 0.0098141106967644404 0.0020625107566965102 -0.00044196252020381135 -0.00035632144616064927 -2.9654116593114122e-06 0.0069700281211784471 0.00053392430354984202 0.00079687256248357123 0.0046052512638609629 -0.0022453118452737094 0.010538557424254595 -0.0026686298535525694 -0.00079685552005082018 0.0046427123332804061 0.0013099893177073751 0.0097731484258675849
leaf_weight=3284 1745 216 1677 223 306 3155 221 412 554 296 503 316 2412 1335 216 1185 639 5770 70176 348 684 439 477 5413 202 2155 2385 344 401 202
leaf_count=3284 1745 216 1677 223 306 3155 221 412 554 296 503 316 2412 1335 216 1185 639 5770 70176 348 684 439 477 5413 202 2155 2385 344 401 202
internal_value=-0.000199479 -0.00016171 -0.000821755 0.000167672 0.0027 -0.00137385 -0.00119862 -0.00143961 -0.000766928 -0.000442564 0.00116045 0.00441728 -0.000100702 -0.000424945 -0.000201018 -0.000253366 -0.000523365 -2.66037e-05 -6.52024e-06 0.00099681 0.00268467 0.00139423 0.00258632 -0.00114685 0.00150355 -0.00157082 0.000532728 -0.000130579 0.00154267 0.0033898
internal_weight=107691 103774 8775 3144 845 5631 3917 3696 2299 2476 799 539 94999 21379 17889 17673 13156 7325 73620 3444 1032 1555 916 5831 418 3490 4517 2729 1788 603
internal_count=107691 103774 8775 3144 845 5631 3917 3696 2299 2476 799 539 94999 21379 17889 17673 13156 7325 73620 3444 1032 1555 916 5831 418 3490 4517 2729 1788 603
is_linear=0
shrinkage=0.03


Tree=145
num_leaves=31
num_cat=0
split_feature=20 7 18 35 10 35 28 10 35 24 34 35 8 29 8 34 10 12 9 19 32 10 25 10 32 29 34 15 10 32
split_gain=5.72173 3.55112 4.69076 7.32109 5.34635 5.27064 4.98025 4.63356 6.57912 5.52952 5.06367 4.47668 5.93187 9.28413 7.33139 6.99473 5.59615 10.0976 5.64533 5.58522 6.01485 5.85247 6.68636 5.34669 8.71272 6.54514 4.50437 4.36057 4.24439 4.19642
threshold=2.1585416666666668 41.500000000000007 10.102500000000003 26.250000000000004 1.5000000000000002 24.250000000000004 2.3098529895484723 3.5000000000000004 62.750000000000007 3.3750000000000004 947.17500000000018 54.750000000000007 16.500000000000004 0.87750000000000017 4.5000000000000009 945.62500000000011 2.5000000000000004 4.7025000000000015 4.5000000000000009 5.1175000000000006 -0.26722820045975981 8.5000000000000018 3.9475000000000007 10.500000000000002 -0.35836794954530055 2.5325000000000006 967.72500000000014 -1.2674999999999994 8.5000000000000018 -0.41467745240824966
decision_type=2 2 2 2 2 2 2 2 2 10 2 2 2 2 2 2 2 10 2 10 2 2 8 2 2 2 2 2 2 2
left_child=-1 2 3 27 -5 29 11 8 -8 -9 -11 19 14 -14 16 -15 17 -13 28 20 -6 22 -22 24 25 -21 -17 -2 -18 -4
right_child=1 -3 5 4 6 -7 7 9 -10 10 -12 12 13 15 -16 26 18 -19 -20 23 21 -23 -24 -25 -26 -27 -28 -29 -30 -31
leaf_value=-0.0013128747931554212 0.0020399352654711478 7.7686825656852337e-05 -1.6056134814035339e-05 -0.0011130800039898302 -0.0021170403246292715 8.3169821814653825e-08 0.005566407556358028 -0.00050494742496946853 3.6121235827432013e-05 0.0016720745757658883 0.00018671274955748597 0.00054455403207788683 0.0096341101896648546 0.0059043750870727439 -0.00095033934105880438 7.9153027428283676e-05 0.0014307962606362223 0.0030252216346869265 -0.0011463740218069628 0.0049790887086993843 -0.00022808344241908918 -0.0019608589794499853 0.0011063223224907868 0.0022558561115257614 -0.00092807698345491517 0.00024746045110615619 0.0074131727093572682 -0.0015839579482551723 -2.0040071023836868e-05 5.2064512799463444e-05
leaf_weight=6897 766 14989 658 4961 10883 21822 212 1269 299 256 1138 366 238 310 10770 5882 2507 211 1924 242 3426 2561 1554 216 1425 1578 220 6945 2409 975
leaf_count=6897 766 14989 658 4961 10883 21822 212 1269 299 256 1138 366 238 310 10770 5882 2507 211 1924 242 3426 2561 1554 216 1425 1578 220 6945 2409 975
internal_value=-0.000214866 -0.000157756 -0.000232007 -0.000367635 -0.000245909 0.000129795 -0.000152463 0.000996539 0.00359884 0.000491379 0.00179271 -0.000230617 4.5044e-05 0.000811419 -0.000235324 0.0005928 0.000490298 0.00331443 0.000249817 -0.0005434 -0.0007511 -9.97887e-05 0.000499498 0.000561742 0.000253845 0.0016274 0.000367446 -0.00123289 0.000788863 0.00177106
internal_weight=107909 101012 86023 62568 54857 23455 49896 3174 511 2663 1394 46722 24837 6650 18187 6412 7417 577 6840 21885 18424 7541 4980 3461 3245 1820 6102 7711 4916 1633
internal_count=107909 101012 86023 62568 54857 23455 49896 3174 511 2663 1394 46722 24837 6650 18187 6412 7417 577 6840 21885 18424 7541 4980 3461 3245 1820 6102 7711 4916 1633
is_linear=0
shrinkage=0.03


Tree=146
num_leaves=31
num_cat=0
split_feature=17 35 16 30 35 10 35 34 34 8 33 30 32 1 31 34 31 24 32 1 25 16 18 26 33 11 8 25 16 26
split_gain=5.22097 3.77115 3.50375 3.44899 8.08121 6.02422 6.29563 8.43141 6.67868 7.66316 5.64127 5.01886 4.94388 7.01134 7.02739 8.59904 6.71127 5.55023 6.16235 5.27854 4.90336 4.43271 4.43163 6.67177 6.8289 6.74137 7.09719 5.80027 4.34635 4.28692
threshold=2.1475000000000004 16.750000000000004 10.252500000000003 5.0250000000000012 93.750000000000014 1.5000000000000002 59.750000000000007 953.62500000000011 967.22500000000014 17.500000000000004 -0.87878364999916114 3.7750000000000008 -0.47714059151611382 17.525000000000002 1.7621584484040278 947.47500000000014 2.0606417882509547 8.6750000000000025 -0.99353402350479758 4.0750000000000011 7.3175000000000008 7.6725000000000012 11.607500000000002 2.0425000000000004 -0.30069434954884217 7.0675000000000017 4.5000000000000009 2.6525000000000007 4.6925000000000017 2.8225000000000007
decision_type=8 2 10 2 2 2 2 2 2 2 2 2 2 2 2 2 2 10 2 2 8 8 2 2 2 2 2 10 10 2
left_child=-1 2 -2 4 5 -3 10 -8 11 -10 -7 -9 13 14 15 -5 20 -15 -19 21 29 -17 23 -16 25 -25 -27 -28 -18 -14
right_child=1 3 -4 12 -6 6 7 8 9 -11 -12 -13 16 17 22 19 28 18 -20 -21 -22 -23 -24 24 -26 26 27 -29 -30 -31
leaf_value=-0.0016328270029778524 -0.0015091780719895288 -0.0019262786646837777 2.3797590039744687e-05 0.0048093418149650355 0.0043754018743795186 0.0011542218638270351 0.001262275029925137 -0.0012633571098301069 0.0011517514062592599 0.010509872676864769 -0.0013200633705257702 0.00017894525991872244 3.6194929004010891e-05 -8.5605399771337959e-05 4.4193498963457366e-05 -0.0048819815328062363 0.0017275958067535871 0.00014356444963924196 -6.4584966801284342e-08 8.3674654565220238e-06 -1.5937783270619788e-05 -1.4373900985021892e-05 -2.493120695370443e-05 0.0010001644470562969 9.5019583220434803e-05 0.0021611286576520474 0.0009955242795403219 2.8440488456507038e-05 -2.5771210137308651e-05 6.4756389387201493e-05
leaf_weight=2834 3233 3936 375 215 317 1810 6523 8063 405 204 17501 4257 8863 15383 2070 1287 323 296 630 6156 2617 3276 543 389 1422 386 214 278 5566 8158
leaf_count=2834 3233 3936 375 215 317 1810 6523 8063 405 204 17501 4257 8863 15383 2070 1287 323 296 630 6156 2617 3276 543 389 1422 386 214 278 5566 8158
internal_value=-0.000193054 -0.000158624 -0.00111099 -0.000124579 -0.000328166 -0.000363831 -0.000250181 0.000130749 -0.000312897 0.00274104 -0.000633828 -0.000464909 2.62403e-05 -0.000218895 0.000222399 -0.000212269 0.000338751 -0.000658147 0.00159184 -0.000332619 0.0006051 -0.0011053 0.00111815 0.00141121 0.00239532 0.00399292 0.00544281 0.00300604 -0.000549203 0.000790966
internal_weight=107530 104696 3608 101088 43016 42699 38763 19452 12929 609 19311 12320 58072 32545 16236 10934 25527 16309 926 10719 19638 4563 5302 4759 2689 1267 878 492 5889 17021
internal_count=107530 104696 3608 101088 43016 42699 38763 19452 12929 609 19311 12320 58072 32545 16236 10934 25527 16309 926 10719 19638 4563 5302 4759 2689 1267 878 492 5889 17021
is_linear=0
shrinkage=0.03


Tree=147
num_leaves=31
num_cat=0
split_feature=22 7 2 23 32 8 27 35 2 34 34 9 34 17 33 34 17 28 2 16 10 15 35 30 27 10 15 33 8 32
split_gain=4.98016 3.30806 4.25249 4.12652 4.07245 3.64705 3.63229 4.15417 8.5117 5.10405 7.99663 6.70273 6.45526 8.43241 6.17594 5.23737 5.25067 5.04467 4.8441 4.64677 5.27727 5.01488 4.59889 4.13763 4.82189 4.85799 3.48173 4.57336 3.39941 5.91597
threshold=2.3106111111111116 41.500000000000007 1.0760386499151642 0.73569772894477892 0.8869770585236475 13.500000000000002 4.6379166666666682 54.750000000000007 1.2207695782691121 962.02500000000009 967.02500000000009 3.5000000000000004 959.62500000000011 6.9675000000000011 0.06104621499353461 954.82500000000016 6.1875000000000009 1.4739713924861533 1.1927819008621248 12.167500000000002 11.500000000000002 0.42499999999999999 91.250000000000014 2.5750000000000006 3.2506250000000008 9.5000000000000018 2.242500000000001 0.06104621499353461 8.5000000000000018 -0.087155742747658124
decision_type=2 2 2 2 2 2 2 2 2 2 2 2 2 8 2 2 10 2 2 8 2 2 2 2 2 2 2 2 2 2
left_child=-1 2 4 -3 -2 -6 7 26 9 12 -11 -12 15 17 -13 28 22 -14 -18 20 21 23 -17 -15 -25 -26 -4 -28 -9 -30
right_child=1 3 6 -5 5 -7 -8 8 -10 10 11 14 13 19 -16 16 18 -19 -20 -21 -22 -23 -24 24 25 -27 27 -29 29 -31
leaf_value=-0.0011724859818238319 -0.001900708580252497 0.0005977091597090152 -0.00039624473039892995 -2.3027648515757085e-05 0.00084522160072253211 -0.0017224742946388171 3.441229936862293e-06 3.775126316226408e-05 -0.0006650958858974487 -0.00099954447390735303 -0.0034132444322361446 0.0057835236918467097 -0.0025395664698680902 0.0075448104878805475 0.0029172369967714294 -0.00074915796083341421 0.0014640708683118018 0.0030463300008218798 -5.4785889183470714e-05 0.0016843399680568703 0.0021921875666405743 0.0039507594747688682 0.0037022705261264884 -0.0014753199720317048 0.0014824250782098747 -0.0037219046455442082 -0.0001104254926586458 0.0047756834691701491 6.4670373378149392e-05 0.0018319764026726707
leaf_weight=7199 2219 12062 27189 2948 214 390 19276 8624 6883 3806 277 222 837 235 262 6508 232 205 270 225 357 409 220 881 359 202 343 248 2646 1990
leaf_count=7199 2219 12062 27189 2948 214 390 19276 8624 6883 3806 277 222 837 235 262 6508 232 205 270 225 357 409 220 881 359 202 343 248 2646 1990
internal_value=-0.000199587 -0.000144982 -0.000217072 0.000265734 -0.00136103 0.000817733 -0.000177946 -0.000287539 -7.32022e-05 0.000153586 -0.000765749 0.00203264 0.000327204 0.00147779 0.00414724 0.000118565 -0.000530754 -0.000808024 0.0024142 0.00237037 0.00198162 0.00139742 -0.000752117 0.000665279 5.80504e-05 0.00222085 -0.000562534 0.00170638 0.000472672 0.00112734
internal_weight=107738 100539 85529 15010 2823 604 82706 63430 35650 28767 4567 761 24200 3710 484 20490 7230 1042 502 2668 2443 2086 6728 1677 1442 561 27780 591 13260 4636
internal_count=107738 100539 85529 15010 2823 604 82706 63430 35650 28767 4567 761 24200 3710 484 20490 7230 1042 502 2668 2443 2086 6728 1677 1442 561 27780 591 13260 4636
is_linear=0
shrinkage=0.03


Tree=148
num_leaves=31
num_cat=0
split_feature=6 5 35 10 8 29 21 35 20 18 21 24 33 33 17 10 17 18 12 26 31 26 20 2 31 35 14 26 29 33
split_gain=4.0315 5.39625 5.29203 7.14063 6.06103 7.88766 5.70534 4.83056 4.5625 4.06467 3.99639 4.37821 4.00666 3.97857 3.83854 3.71412 6.08864 5.59606 5.26922 4.99673 5.46055 4.51625 4.47556 4.46137 4.75877 3.99065 5.9873 4.77418 6.21654 3.74611
threshold=2.5000000000000004 0.18295961186044948 33.750000000000007 2.5000000000000004 15.500000000000002 0.87750000000000017 3.4953617474384244 85.250000000000014 9.9020833333333353 2.6125000000000007 4.6658234354144188 6.2250000000000005 0.90255091666790865 0.017452406437283369 1.5225000000000002 6.5000000000000009 8.3375000000000021 4.4075000000000015 7.8075000000000019 6.6725000000000012 1.4033791860693323 3.2525000000000004 6.9406250000000016 1.0987636703540411 1.0780873626396099 31.750000000000004 0.58286647985051887 3.3325000000000005 7.0075000000000012 1.0000000180025095e-35
decision_type=2 2 2 2 2 2 2 2 2 2 2 10 2 2 8 2 8 2 10 2 2 2 2 2 2 2 2 2 2 2
left_child=1 2 6 13 9 -6 -1 -7 -2 14 11 12 -11 -4 -5 16 -3 18 21 23 -21 -18 -20 24 -17 26 27 -25 -29 -19
right_child=8 15 3 4 5 7 -8 -9 -10 10 -12 -13 -14 -15 -16 19 17 29 22 20 -22 -23 -24 25 -26 -27 -28 28 -30 -31
leaf_value=-0.0019695855128927364 0.00053040804866435359 -0.0011800230877070895 -0.000415108646859362 -0.0023492969591028191 0.008136308905098413 0.00016438403060748378 0.0019795787729497616 0.0052449808401200237 -3.1927571202392807e-05 -0.0014262762468297864 0.0029117591137912389 0.001376746455922223 0.0048540932447727779 -0.0018663597361504574 0.0004093891887694196 0.0013347260251537346 0.00011650187222608799 -4.9075323180738873e-06 0.0041200998002037569 0.00011682865635473642 -2.694708255445155e-06 0.0054408654211543723 9.8976019882823787e-06 2.3972948115694726e-05 -0.0011187896242021544 -1.2032936200189193e-05 -1.6515781939588054e-05 0.0012965551384744077 2.9803445120331062e-05 2.6751315153941133e-05
leaf_weight=8212 11597 2063 2699 313 411 6477 383 341 1908 14888 242 473 384 3775 5776 275 1543 10339 443 226 322 377 201 506 3333 19463 877 209 248 9380
leaf_count=8212 11597 2063 2699 313 411 6477 383 341 1908 14888 242 473 384 3775 5776 275 1543 10339 443 226 322 377 201 506 3333 19463 877 209 248 9380
internal_value=-0.000205983 -0.000275493 -0.000516056 -0.000355383 -0.000156091 0.000597594 -0.0011843 0.00035263 0.000278682 -0.000402972 -0.00065414 -0.000713334 -0.000801598 -0.00125668 0.000256481 -6.1133e-05 0.000203769 0.000348214 0.00166524 -0.000314445 0.00250633 0.000872727 0.00400308 -0.000376987 -0.00135179 -0.000211611 0.00112195 0.00274897 0.00495454 0.000176586
internal_weight=107684 94179 44374 35779 29305 7229 8595 6818 13505 22076 15987 15745 15272 6474 6089 49805 24346 22283 2564 25459 548 1920 644 24911 3608 21303 1840 963 457 19719
internal_count=107684 94179 44374 35779 29305 7229 8595 6818 13505 22076 15987 15745 15272 6474 6089 49805 24346 22283 2564 25459 548 1920 644 24911 3608 21303 1840 963 457 19719
is_linear=0
shrinkage=0.03


Tree=149
num_leaves=31
num_cat=0
split_feature=34 22 18 2 21 31 33 26 24 9 31 9 35 24 9 28 16 24 33 30 35 26 35 16 33 33 35 9 8 2
split_gain=4.63186 4.39422 3.95774 5.38325 5.05837 4.30142 3.68321 3.62692 4.62333 3.19126 2.86468 2.82907 3.44912 3.88262 4.06387 3.11692 4.04234 2.812 2.95671 2.7986 2.75838 2.68643 6.83455 3.39916 2.86242 2.66952 5.98122 4.13045 6.52669 2.88832
threshold=975.07500000000005 2.227847222222223 2.6125000000000007 1.2328417470850443 3.6894657189732993 2.088947062245492 -0.87878364999916114 1.6225000000000003 6.4750000000000005 3.5000000000000004 1.2127501661539004 2.5000000000000004 17.750000000000004 1.9750000000000003 4.5000000000000009 1.050043649856369 5.9075000000000015 5.8750000000000009 -0.078456108245891901 2.4750000000000005 56.250000000000007 2.2325000000000008 41.250000000000007 4.3875000000000011 -0.026175951569892126 0.33379414889141285 65.750000000000014 3.5000000000000004 11.500000000000002 1.181477932733173
decision_type=2 2 2 2 2 2 2 2 10 2 2 2 2 8 2 2 8 8 2 2 2 2 2 10 2 2 2 2 2 2
left_child=1 6 3 4 5 11 19 8 25 -2 -6 21 -13 -14 15 -15 -17 18 -16 -1 -12 24 -23 -24 -3 -4 -27 29 -29 -28
right_child=9 2 7 -5 10 -7 -8 -9 -10 -11 20 12 13 14 17 16 -18 -19 -20 -21 -22 22 23 -25 -26 26 27 28 -30 -31
leaf_value=-0.0009171737978399242 1.837406647898665e-05 -0.0029873588096702725 -0.0011925983779463726 0.0030233144073344648 0.0033832958700846681 -0.0022807643555804815 -0.0014757826151453207 -6.8306046663324512e-06 0.00057928515959034031 0.0003602189107441938 -0.0022856982222184559 -0.0019537408613427747 -0.00097756517642562466 0.0017025683565739002 0.0062393648593150764 0.0093798834875548562 0.0020656488068448503 -0.00042909681836686474 -0.00096356334858378452 0.0032431205954293841 0.002401090369107971 -0.0021674352135501282 0.00028930277423740326 0.0055426970505812736 0.00047348554163233365 -0.00087454961174795011 0.0040263016820483817 6.3175662082379973e-05 0.0056777771104775691 -0.0014052816269432282
leaf_weight=356 336 957 12150 306 221 1710 5652 74796 592 206 250 369 785 874 350 525 289 1238 253 350 331 826 312 357 707 1472 206 205 244 380
leaf_count=356 336 957 12150 306 221 1710 5652 74796 592 206 250 369 785 874 350 525 289 1238 253 350 331 826 312 357 707 1472 206 205 244 380
internal_value=-0.000186926 -0.000200985 -0.000152667 0.000393811 0.00027686 8.41261e-05 -0.000965583 -0.00021738 -0.000638981 0.00256673 0.00255762 0.000381546 0.000849189 0.00108775 0.00151188 0.00257295 0.00390476 0.000534669 0.00220559 0.00107173 0.00142833 -0.000311948 0.000609999 0.00285312 -0.00113961 -0.000744169 0.000146894 0.00188942 0.00403744 0.00022335
internal_weight=107605 107063 100705 10660 10354 9552 6358 90045 15249 542 802 7842 4683 4314 3529 1688 814 1841 603 706 581 3159 1495 669 1664 14657 2507 1035 449 586
internal_count=107605 107063 100705 10660 10354 9552 6358 90045 15249 542 802 7842 4683 4314 3529 1688 814 1841 603 706 581 3159 1495 669 1664 14657 2507 1035 449 586
is_linear=0
shrinkage=0.03


Tree=150
num_leaves=31
num_cat=0
split_feature=24 35 1 12 9 26 8 34 24 29 33 33 12 1 1 34 2 26 15 31 34 8 9 34 33 7 18 31 12 29
split_gain=4.91275 3.77911 6.12033 5.51517 7.98886 3.4015 6.0759 9.2508 5.0949 7.32816 4.0525 3.37472 4.42331 3.03724 7.19036 9.87835 3.00701 2.95933 2.73671 3.94774 4.07596 4.97577 4.1656 5.02134 3.67492 3.56597 3.31423 4.51155 5.90324 7.38119
threshold=3.8750000000000004 25.750000000000004 26.475000000000005 3.1525000000000007 4.5000000000000009 1.7275000000000003 10.500000000000002 945.17500000000018 2.1250000000000004 2.9425000000000008 0.008726203218641598 -0.50751903745502724 4.4075000000000015 15.275000000000002 6.1750000000000016 956.62500000000011 1.0606654351972422 3.1575000000000006 -0.49999999999999989 1.123177742338169 944.07500000000016 13.500000000000002 3.5000000000000004 942.32500000000016 0.44618082326431213 43.500000000000007 3.5175000000000005 2.2326492323008007 7.7625000000000011 5.2875000000000005
decision_type=8 2 2 10 2 2 2 2 8 2 2 2 10 2 2 2 2 2 2 2 2 2 2 2 2 2 2 2 10 2
left_child=1 -1 5 4 -4 -3 11 -8 9 13 -11 12 -7 14 -9 -16 -2 -10 24 20 21 22 -20 -24 -18 -22 27 28 -21 -30
right_child=16 2 3 -5 -6 6 7 8 17 10 -12 -13 -14 -15 15 -17 18 -19 19 26 25 -23 23 -25 -26 -27 -28 -29 29 -31
leaf_value=-0.0018729999272247336 -0.0032907726142420018 -0.0013383839185420355 0.00036419353063630976 4.483345079184686e-05 0.0095220504224945209 -0.00025188926960214545 0.0075945478953007364 -0.00063032751182625138 -2.4659758324263593e-06 0.0027008096885395047 0.0042069815813789643 -0.0016363358188892345 0.004274357434729037 -0.0022174337962058048 0.00015400251102094134 0.0097061494724405874 1.0993709317850537e-05 -0.0024635439737392818 0.0034711920932405963 0.00075346691089155863 -0.0010956759859252186 -0.0017162569109917401 -0.003179255344192642 0.0070501821367026513 0.001907490433963983 0.00072034559727305681 -5.0735823403336157e-06 -0.0027359028214664033 0.0046683549830288775 0.00087301978351986937
leaf_weight=1930 339 7928 320 1009 249 1617 228 760 2487 222 261 8345 258 477 264 200 18853 789 457 4501 7841 754 315 224 2116 962 42861 633 232 399
leaf_count=1930 339 7928 320 1009 249 1617 228 760 2487 222 261 8345 258 477 264 200 18853 789 457 4501 7841 754 315 224 2116 962 42861 633 232 399
internal_value=-0.00018837 -0.000535742 -0.000438334 0.00136829 0.00371603 -0.000558199 -0.000305034 0.000480589 0.000230557 0.0013513 0.00459221 -0.000742299 0.000406914 0.000420281 0.00121074 0.0041322 -7.03307e-05 -0.000517526 -5.83142e-05 -0.000162663 -0.000688483 0.000632478 0.00201998 0.000226102 0.000236149 -0.000951295 -4.84883e-05 0.000626516 0.000921549 0.00362736
internal_weight=107831 27344 25414 1578 569 23836 15908 5688 5460 2184 483 10220 1875 1701 1224 464 80487 3276 80148 59179 10553 1750 996 539 20969 8803 48626 5765 5132 631
internal_count=107831 27344 25414 1578 569 23836 15908 5688 5460 2184 483 10220 1875 1701 1224 464 80487 3276 80148 59179 10553 1750 996 539 20969 8803 48626 5765 5132 631
is_linear=0
shrinkage=0.03


Tree=151
num_leaves=31
num_cat=0
split_feature=20 34 34 28 33 26 24 15 25 18 26 29 33 14 11 33 27 11 17 7 5 1 21 28 16 10 12 31 31 12
split_gain=4.59683 3.22853 3.12148 3.26886 2.90719 3.08201 6.12879 3.42474 3.30294 3.07689 3.82808 3.82046 3.26906 5.45694 3.3766 2.9097 2.86671 4.78048 2.69573 2.68522 3.94897 5.53881 7.3473 4.33658 7.26857 4.09036 4.89819 3.6534 3.95243 7.85707
threshold=2.1585416666666668 946.87500000000011 941.37500000000011 1.1389793493883569 -0.93663652364155492 1.6075000000000002 6.3750000000000009 -0.14000000000000004 3.5625000000000009 15.677500000000002 5.7775000000000007 3.1225000000000005 -0.13917310096006555 0.90437823945515261 12.527500000000002 0.33379414889141285 1.328541666666667 1.7225000000000004 2.5475000000000003 41.500000000000007 0.18295961186044948 0.37500000000000006 4.0352488564019753 0.7575673722726689 9.3775000000000031 11.500000000000002 3.3375000000000004 2.0606417882509547 1.6562052292263612 4.5925000000000011
decision_type=2 2 2 2 2 2 10 2 10 2 2 2 2 2 2 2 2 2 10 2 2 2 2 2 10 2 10 2 2 10
left_child=1 2 -1 -4 -2 6 15 8 -8 10 16 -12 13 14 -13 -6 17 -7 -3 20 21 -18 25 -24 -25 27 -27 28 -23 -30
right_child=4 18 3 -5 5 9 7 -9 -10 -11 11 12 -14 -15 -16 -17 19 -19 -20 -21 -22 22 23 24 -26 26 -28 -29 29 -31
leaf_value=-0.0021879106635672909 0.001162638964130791 -0.0015285080602110987 -3.4615620238140009e-05 0.0034682846704203007 -0.0010391027104613231 0.0069684473773424767 0.0022958583567496238 -0.00038963256067315878 4.3288687550451383e-05 -7.8543296108779454e-06 0.0006429492804991599 2.0332850210857956e-05 -1.3810424025173517e-06 -1.2165079630524823e-05 6.248039507611547e-05 0.00019815435110330347 -0.0020474751054201652 -0.0013403135611273311 0.0058102073895675002 0.00010885204238554731 2.0433680663836466e-08 -0.00056280744646430402 -0.00066934359603433742 0.0043434945079482076 0.00022266856097095665 0.0084730812876584859 -0.00050250838248020434 -0.0020894165459475547 -0.00011711778836975828 0.003076223936385829
leaf_weight=414 1704 5123 805 338 14066 207 215 259 202 2108 206 301 1727 442 286 2846 4702 232 216 11292 38956 12023 212 274 320 205 209 3549 2808 815
leaf_count=414 1704 5123 805 338 14066 207 215 259 202 2108 206 301 1727 442 286 2846 4702 232 216 11292 38956 12023 212 274 320 205 209 3549 2808 815
internal_value=-0.000197036 -0.000945951 0.000255441 0.00106359 -0.000145432 -0.000166716 -0.000526574 0.00226432 0.00393128 -8.84291e-05 -5.81186e-05 0.000998988 0.000699746 0.00203385 0.00391723 -0.000638766 -9.94876e-05 0.00230405 -0.00129622 -0.00011364 -0.000188817 -0.000482088 -0.00026812 0.00253021 0.00383639 -0.000383757 0.00254893 -0.000447657 -0.000250336 0.000617695
internal_weight=107062 6896 1557 1143 100166 98462 17588 676 417 80874 78766 2962 2756 1029 587 16912 75804 439 5339 75365 64073 25117 20415 806 594 19609 414 19195 15646 3623
internal_count=107062 6896 1557 1143 100166 98462 17588 676 417 80874 78766 2962 2756 1029 587 16912 75804 439 5339 75365 64073 25117 20415 806 594 19609 414 19195 15646 3623
is_linear=0
shrinkage=0.03


Tree=152
num_leaves=31
num_cat=0
split_feature=22 18 31 25 34 35 10 34 32 8 27 35 33 25 18 7 1 35 32 35 34 8 35 31 35 2 28 10 35 24
split_gain=4.24281 3.7869 5.38725 4.12037 3.68517 3.74963 3.67131 4.79988 3.81351 3.61149 3.3132 3.34935 4.63552 3.24549 3.05014 6.18012 6.20934 5.119 4.49293 4.48867 5.48665 5.63446 5.35556 5.02552 4.19272 3.92845 3.85028 4.01815 3.92408 3.83404
threshold=2.227847222222223 2.2075000000000005 2.0606417882509547 3.4175000000000004 949.72500000000014 23.750000000000004 5.5000000000000009 950.52500000000009 -0.35836794954530055 4.5000000000000009 2.2606250000000006 73.250000000000014 -0.026175951569892126 4.097500000000001 10.052500000000002 17.500000000000004 1.0000000180025095e-35 24.250000000000004 -0.41467745240824966 64.250000000000014 962.72500000000014 17.500000000000004 82.250000000000014 1.693968341844805 26.250000000000004 1.1934282199736466 2.0382795016820938 4.5000000000000009 18.750000000000004 6.7250000000000005
decision_type=2 2 2 8 2 2 2 2 2 2 2 2 2 8 2 2 2 2 2 2 2 2 2 2 2 2 2 2 2 10
left_child=4 2 3 6 5 -1 7 -2 -8 -10 -5 12 13 -12 15 24 -17 18 -16 -18 21 29 25 -24 -3 -23 27 -20 -28 -21
right_child=1 14 -4 10 -6 -7 8 -9 9 -11 11 -13 -14 -15 17 16 19 -19 26 20 -22 22 23 -25 -26 -27 28 -29 -30 -31
leaf_value=-0.0018587738824852997 0.0095611120785137026 -0.0020658850589013482 -0.0015251307545532948 0.0040448783077415753 -0.001408249573701639 0.00073964866756235672 -0.0020804834572447184 0.00063126359133179437 0.0041934290385344623 1.5773589500662765e-05 0.0050344592996584992 -0.002005359021557952 0.0013515207959711045 0.003561658678339066 -6.2095038834968503e-06 -0.0011221483667140958 -6.9294266990759882e-05 -8.6911337432028644e-07 3.2428611739465157e-05 0.00024920089962315981 -0.00068436369257711632 0.00045350050037786178 0.0077755228181484665 0.0023414092109320084 -0.00040369928959562622 0.0051063608087336823 4.7754006975089896e-05 0.00080564006554770132 -1.2677100284002269e-05 0.00097084392556138989
leaf_weight=472 270 2799 1618 308 4195 1721 1293 1256 257 1301 219 267 1018 349 841 6737 26144 25865 349 6179 1144 1402 200 214 19841 324 226 266 299 259
leaf_count=472 270 2799 1618 308 4195 1721 1293 1256 257 1301 219 267 1018 349 841 6737 26144 25865 349 6179 1144 1402 200 214 19841 324 226 266 299 259
internal_value=-0.000169263 -0.000121927 0.000497732 0.000881246 -0.000918818 7.77973e-05 0.000351209 0.00153625 -0.000284665 0.000714011 0.00195152 0.00146448 0.00198743 0.0041466 -0.000176242 -0.000288423 -7.55499e-05 8.6603e-05 0.00155438 8.14578e-05 0.000631643 0.000891995 0.00222378 0.00526969 -0.000688895 0.00148007 0.00277729 0.00437903 0.000877358 0.000447927
internal_weight=107633 101245 8156 6538 6388 2193 4377 1526 2851 1558 2161 1853 1586 568 93089 65243 42603 27846 1981 35866 9722 8578 2140 414 22640 1726 1140 615 525 6438
internal_count=107633 101245 8156 6538 6388 2193 4377 1526 2851 1558 2161 1853 1586 568 93089 65243 42603 27846 1981 35866 9722 8578 2140 414 22640 1726 1140 615 525 6438
is_linear=0
shrinkage=0.03


Tree=153
num_leaves=31
num_cat=0
split_feature=24 6 3 1 25 9 31 35 20 29 9 33 25 21 13 2 14 28 32 34 12 25 21 24 23 34 1 30 10 35
split_gain=4.58562 3.76934 3.76949 4.28984 3.34104 3.53598 3.65268 3.27015 7.8758 3.12114 5.75375 3.94505 4.65074 7.24806 3.47321 2.88495 2.74082 4.7547 4.34242 3.53504 2.85992 4.47434 2.7678 5.51265 2.67948 2.79073 2.63371 2.60597 5.58713 4.23957
threshold=3.3250000000000006 1.5000000000000002 1.1260454152080672 22.575000000000006 2.2925000000000004 3.5000000000000004 0.96356694983818791 92.750000000000014 6.4755000000000011 4.2475000000000014 1.5000000000000002 -0.46173103126271881 3.8025000000000007 1.4371651750670822 5.5791666666666675 1.0606654351972422 1.8696902589099995 1.3637139083563692 0.95368063612909471 944.22500000000014 7.5825000000000014 3.9275000000000007 1.4269547984972564 10.175000000000002 0.9657944418923633 973.12500000000011 25.725000000000005 5.8750000000000009 1.5000000000000002 59.250000000000007
decision_type=8 2 2 2 10 2 2 2 2 2 2 2 8 2 2 2 2 2 2 2 10 8 2 10 2 2 2 2 2 2
left_child=1 -1 3 4 5 6 -3 15 -9 11 -11 12 26 -14 -12 -2 22 18 20 -19 -18 -22 23 -17 25 27 -4 28 -24 -30
right_child=7 2 9 -5 -6 -7 -8 8 -10 10 14 -13 13 -15 -16 16 17 19 -20 -21 21 -23 24 -25 -26 -27 -28 -29 29 -31
leaf_value=-0.001256558581015883 -0.0032073496021548555 0.00087447407167570094 -0.00082398796697797955 0.0091961280981437896 -0.0016096166099036041 -0.0011168368956825251 0.0090436461736697407 0.0053673949571607371 -0.00018421336596955828 0.0031190573775977917 0.0032376499993086389 -0.0012902115639836205 0.0068076297964038404 0.00011537659692507359 -0.0024620571951835179 -4.4104072235178203e-05 9.9600110814034525e-05 0.0017474073914485132 0.0054374319285656579 -3.0010402612921482e-05 0.0034329613869872044 1.3995036525127346e-05 -0.0023422697720266519 4.0290915151737216e-05 -7.3740061268778857e-06 8.6376695561071184e-05 0.0014328352320231697 7.4423637676390707e-06 -0.00041382709545757069 0.00018084565852079292
leaf_weight=7645 357 432 1678 215 352 328 201 201 323 334 212 10027 217 366 675 25037 925 346 267 2180 248 286 2653 251 1513 333 228 28801 10475 10704
leaf_count=7645 357 432 1678 215 352 328 201 201 323 334 212 10027 217 366 675 25037 925 346 267 2180 248 286 2653 251 1513 333 228 28801 10475 10704
internal_value=-0.0002073 -0.000583898 -0.000311396 0.0010998 0.000448406 0.00136335 0.00266614 -0.000105648 0.00224575 -0.00046871 0.000976345 -0.000610016 0.000458299 0.00279082 -0.000292602 -0.000120383 -0.000108862 0.000632839 0.00184402 -0.000196761 0.00119057 0.00292764 -0.000148436 -0.000407782 -2.80273e-05 7.58834e-06 -0.000260597 -9.86051e-06 -0.000241894 -7.91642e-05
internal_weight=107810 22910 15265 1528 1313 961 633 84900 524 13737 1221 12516 2489 583 887 84376 84019 4252 1726 2526 1459 534 79767 25288 54479 52966 1906 52633 23832 21179
internal_count=107810 22910 15265 1528 1313 961 633 84900 524 13737 1221 12516 2489 583 887 84376 84019 4252 1726 2526 1459 534 79767 25288 54479 52966 1906 52633 23832 21179
is_linear=0
shrinkage=0.03


Tree=154
num_leaves=31
num_cat=0
split_feature=30 2 9 19 32 14 35 16 3 34 25 32 9 26 2 33 9 19 35 21 26 21 16 8 23 2 3 1 19 33
split_gain=4.10588 5.46979 4.34452 7.19952 8.47132 4.10567 3.84228 9.27241 5.05628 4.62071 4.5609 4.0387 5.39008 9.54136 3.59843 4.42022 10.5262 4.45237 4.32131 4.82206 3.71973 4.63416 3.35272 3.10788 3.08713 3.06531 3.03006 2.93025 3.28152 5.19357
threshold=3.1250000000000004 1.1274490801280173 1.5000000000000002 3.2125000000000004 -0.47714059151611382 1.0134635333021837 24.250000000000004 9.6075000000000017 1.3130612532658354 951.32500000000016 6.2425000000000006 0.77159520228797462 3.5000000000000004 4.2825000000000015 1.0916836565199912 0.47714059151611404 3.5000000000000004 5.6775000000000011 39.250000000000007 2.923530257523252 4.2325000000000008 1.5393031428856581 14.847500000000002 17.500000000000004 0.89206777072358956 1.1167777120230042 2.8183011968210514 -4.1249999999999991 2.6225000000000005 -0.22495105434386511
decision_type=2 2 2 8 2 2 2 10 2 2 10 2 2 2 2 2 2 10 2 2 2 2 10 2 2 2 2 2 8 2
left_child=1 2 3 4 -1 23 7 11 -8 -9 -11 -2 13 -13 15 17 -17 -10 19 20 -16 25 -20 -3 -23 -22 27 -25 -29 -30
right_child=6 5 -4 -5 -6 -7 8 9 14 10 -12 12 -14 -15 18 16 -18 -19 22 -21 21 24 -24 26 -26 -27 -28 28 29 -31
leaf_value=0.00098187643968456742 -0.0019254015437534012 -0.0014660235383899918 -0.00030792560148466304 5.9481628153676686e-05 0.0065630225423314705 0.00041096106639982173 0.0043540937738990445 7.0943577488069563e-06 -6.9762630418064323e-05 0.0001932437604817827 1.5742465135337601e-05 3.2540161943409051e-05 -0.0015720196682049653 0.0051180170455913743 -0.00016006633563200645 -0.00010528702207186824 0.0068589628461722778 0.0010276688164488554 2.8882804226129582e-06 4.699463873302445e-05 -1.2159597575583936e-05 3.3351086613754458e-05 -7.8349549753263493e-06 -0.0016099642839740166 -1.6885728034956616e-05 0.00013592810546981913 -0.0022602720830664455 -0.00094955107821320206 -0.0019582153994388164 0.005172511045733093
leaf_weight=216 5556 9445 4170 859 208 1967 401 1184 2828 294 315 1206 1356 243 9401 487 368 400 58341 1878 310 850 1066 392 441 449 667 646 607 824
leaf_count=216 5556 9445 4170 859 208 1967 401 1184 2828 294 315 1206 1356 243 9401 487 368 400 58341 1878 310 850 1066 392 441 449 667 646 607 824
internal_value=-0.000182297 -0.00056998 0.000240197 0.0017632 0.00493706 -0.000873635 -9.35243e-05 -0.000641993 -2.13669e-05 0.00131312 0.00342508 -0.0010618 -0.000133453 0.00113686 -3.9012e-05 0.000827054 0.00273837 0.000317352 -8.76817e-05 -0.000575747 -0.000806827 0.000350364 2.18636e-05 -0.00107286 -0.000743056 0.00220288 -0.00025406 0.000231608 0.000681555 0.0014812
internal_weight=107375 20001 5453 1283 424 14548 87374 10154 77220 1793 609 8361 2805 1449 76819 4083 855 3228 72736 13329 11451 2050 59407 12581 1291 759 3136 2469 2077 1431
internal_count=107375 20001 5453 1283 424 14548 87374 10154 77220 1793 609 8361 2805 1449 76819 4083 855 3228 72736 13329 11451 2050 59407 12581 1291 759 3136 2469 2077 1431
is_linear=0
shrinkage=0.03


Tree=155
num_leaves=31
num_cat=0
split_feature=22 33 25 31 24 19 25 33 35 1 29 16 35 2 9 8 34 16 28 19 20 28 14 29 34 21 35 14 35 34
split_gain=4.89967 3.22803 5.12361 7.23354 2.86217 3.59531 4.15446 3.46073 2.96679 3.49609 5.67685 3.42735 3.78691 5.94366 6.45837 3.9965 3.21019 5.02596 2.94576 2.84899 4.90437 2.98706 3.32831 2.75828 3.10732 3.44605 2.4582 3.43421 2.98177 3.17037
threshold=2.3106111111111116 -0.41467745240824966 2.8925000000000005 1.3574890975394276 4.0750000000000011 6.642500000000001 2.5175000000000005 0.87032255546191739 25.750000000000004 27.675000000000004 2.0225000000000004 5.2075000000000014 45.250000000000007 1.1644048528143223 5.5000000000000009 8.5000000000000018 944.57500000000016 8.0225000000000026 0.73199997153881591 0.74750000000000016 4.5905000000000014 1.2189613063483857 1.2550215801323013 2.2675000000000005 960.32500000000016 2.3952546402554966 87.750000000000014 0.44833952907737934 70.750000000000014 965.67500000000018
decision_type=2 2 8 2 8 10 10 2 2 2 2 10 2 2 2 2 2 10 2 10 2 2 2 2 2 2 2 2 2 2
left_child=1 2 -1 -4 5 7 -7 8 -2 11 -11 12 -10 14 19 -16 17 -13 -9 20 -14 22 -21 -18 -25 -26 28 -28 29 -15
right_child=4 -3 3 -5 -6 6 -8 18 9 10 -12 16 13 26 15 -17 23 -19 -20 21 -22 -23 -24 24 25 -27 27 -29 -30 -31
leaf_value=-0.0012213997741435073 -0.0019135827597776449 -0.0013062831703325841 -0.00041201213726694771 0.0046918762891846747 -1.9908030501938722e-06 0.0015568873990175005 -3.6361797350391718e-06 0.0063747666553789651 -0.0020224868424153618 0.0076912345281732169 -0.00024053575353373045 -0.00087289391817202747 -0.0025949356536972678 -0.00027803848665218788 0.0012109412340892604 0.0051866088155681674 -0.0028521556856923691 0.0038777755050927254 0.00042464873360738016 0.0010430435786730698 0.004118092885517434 -0.0020592331561471154 0.0033103402543498803 -0.0014741202712902446 -0.00081976117964833171 0.0034777651537722686 -0.00075030229110635278 0.0011348021422918711 -0.0016657497566646847 0.0063346997398554773
leaf_weight=1614 1542 5112 352 201 75212 284 585 200 1960 239 621 459 926 1647 200 234 4651 204 404 1239 203 483 230 4089 797 373 232 504 2447 208
leaf_count=1614 1542 5112 352 201 75212 284 585 200 1960 239 621 459 926 1647 200 234 4651 204 404 1239 203 483 230 4089 797 373 232 504 2447 208
internal_value=-0.000187387 -0.000938633 3.17672e-05 0.00251075 -0.000132754 -0.00041108 0.0014794 -0.000479562 -0.000537352 -0.000447725 0.00142196 -0.0005243 -0.000140617 0.000132156 0.00107812 0.00448292 -0.000905559 0.00110928 0.00175369 0.000592028 -0.000605821 0.00128462 0.0019559 -0.00104085 -0.00056934 0.000791489 -0.000528258 0.00106883 -0.000802415 0.000104838
internal_weight=107452 7279 2167 553 100173 24961 869 24092 23488 21946 860 21086 10513 8553 3515 434 10573 663 604 3081 1129 1952 1469 9910 5259 1170 5038 736 4302 1855
internal_count=107452 7279 2167 553 100173 24961 869 24092 23488 21946 860 21086 10513 8553 3515 434 10573 663 604 3081 1129 1952 1469 9910 5259 1170 5038 736 4302 1855
is_linear=0
shrinkage=0.03


Tree=156
num_leaves=31
num_cat=0
split_feature=20 18 31 27 18 2 17 35 35 19 19 35 10 8 19 34 30 32 31 18 35 20 31 34 33 31 8 29 34 8
split_gain=4.16672 3.77103 4.52033 3.31818 3.30387 5.44563 7.23572 5.13203 5.57381 5.62285 5.98205 4.67196 5.4956 5.38903 5.51801 11.581 7.94985 6.47335 10.5095 6.25706 5.02291 4.96464 5.00126 4.75418 4.2266 4.61293 4.1694 6.24497 5.96357 4.12609
threshold=2.1585416666666668 2.6125000000000007 2.2718963620922499 4.9535416666666672 10.102500000000003 1.2093740901132575 5.4975000000000014 67.750000000000014 42.750000000000007 6.5875000000000012 5.182500000000001 59.750000000000007 6.5000000000000009 20.500000000000004 1.9075000000000004 952.22500000000014 3.5750000000000006 0.95368063612909471 2.1582696656106122 4.5625000000000009 40.250000000000007 6.9406250000000016 1.2514373894556605 958.32500000000016 -0.59480013772226059 2.1981091326139253 17.500000000000004 1.1875000000000002 947.57500000000016 2.5000000000000004
decision_type=2 2 2 2 2 2 10 2 2 10 10 2 2 2 10 2 2 2 2 2 2 2 2 2 2 2 2 2 2 2
left_child=-1 2 3 -2 5 6 11 8 -8 10 -10 12 13 14 -3 16 -16 18 19 -18 21 -21 -23 -17 25 -14 29 -28 -29 -13
right_child=1 4 -4 -5 -6 -7 7 -9 9 -11 -12 26 24 -15 15 23 17 -19 -20 20 -22 22 -24 -25 -26 -27 27 28 -30 -31
leaf_value=-0.0009917086388271457 0.00066641504231985222 -0.00012392075235892363 -0.0027174786213916896 0.001907190907533804 1.478117019911851e-06 -0.0012354862931710294 -0.00057671367095490792 -0.00017547259480850863 0.00081291979639842686 -9.3718009424792367e-05 0.0025943509589628241 0.00042813074514867045 9.8672170142188878e-05 -0.0015276962136979739 -0.0019140530643715224 -0.0014384984438822667 0.0047798986230122315 -8.9395910495724504e-05 0.0061215064049143387 -0.00023331968092771716 0.0011896414342522255 0.0013511848611179511 0.0002139501981321834 0.00097156022054749672 -0.0011383778368873887 0.0042505002181333542 0.006295902012040556 0.0046266761425176146 5.6072897498750999e-05 -0.0002559109299128083
leaf_weight=6825 8834 7939 1141 284 27437 10110 357 894 415 203 310 2721 1531 2063 557 1761 332 514 201 800 451 202 201 417 17076 200 368 373 3375 9389
leaf_count=6825 8834 7939 1141 284 27437 10110 357 894 415 203 310 2721 1531 2063 557 1761 332 514 201 800 451 202 201 417 17076 200 368 373 3375 9389
internal_value=-0.000181227 -0.00013247 0.000412412 0.000635317 -0.000194464 -0.000314507 -0.000192005 0.00149863 0.0027093 0.00392926 0.00515753 -0.000265137 -0.000463796 -4.42926e-05 0.000176008 0.000911964 0.0020429 0.00271508 0.00342564 0.00274837 0.00198192 0.000961092 0.00365441 -0.000780578 -0.000808049 0.00060311 0.000154149 0.000978403 0.000609112 -0.00012629
internal_weight=107281 100456 10259 9118 90197 62760 52650 2179 1285 928 725 50471 34245 15438 13375 5436 3258 2701 2187 1986 1654 1203 403 2178 18807 1731 16226 4116 3748 12110
internal_count=107281 100456 10259 9118 90197 62760 52650 2179 1285 928 725 50471 34245 15438 13375 5436 3258 2701 2187 1986 1654 1203 403 2178 18807 1731 16226 4116 3748 12110
is_linear=0
shrinkage=0.03


Tree=157
num_leaves=31
num_cat=0
split_feature=17 6 1 20 27 35 34 10 31 19 9 1 10 18 1 8 17 19 28 26 24 35 26 9 11 25 1 8 8 18
split_gain=4.62965 3.85986 4.55084 3.98745 3.92815 5.44772 8.0825 5.7858 4.47947 4.31976 7.33997 5.0156 4.13868 5.43047 4.67076 5.13364 4.08164 4.42346 4.23049 4.30781 4.05997 4.45701 4.0618 6.6696 6.02264 5.33852 5.20419 8.82773 5.76723 4.43604
threshold=2.0725000000000007 2.5000000000000004 33.675000000000011 9.7820833333333344 4.5256250000000007 37.750000000000007 945.17500000000018 1.5000000000000002 1.025375344759125 7.5925000000000011 2.5000000000000004 -8.7249999999999979 2.5000000000000004 4.5125000000000011 -10.474999999999998 16.500000000000004 8.6525000000000016 9.5025000000000013 1.9025388738378044 4.9225000000000012 2.6250000000000004 91.750000000000014 2.7375000000000007 3.5000000000000004 7.2275000000000018 2.8225000000000007 9.8250000000000028 11.500000000000002 4.5000000000000009 5.5675000000000017
decision_type=8 2 2 2 2 2 2 2 2 8 2 2 2 2 2 2 8 8 2 2 8 2 2 2 2 10 2 2 2 2
left_child=-1 2 4 -3 5 6 8 -7 -2 20 -11 -12 14 -14 -6 16 -16 -18 19 -19 -9 22 24 26 25 -22 27 -24 29 -28
right_child=1 3 -4 -5 12 7 -8 9 -10 10 11 -13 13 -15 15 -17 17 18 -20 -21 21 -23 23 -25 -26 -27 28 -29 -30 -31
leaf_value=-0.0013531030779635001 0.0066661555145762453 0.00058495718281681647 -0.001078808759171174 -2.6023070349902778e-05 -0.00012425172573260812 -0.00076179608398911582 -0.0017258673194942948 -0.0002263200904998841 1.5929539806637574e-05 -0.00037192290893624632 0.003159359221622663 2.2127556890690903e-05 0.0014732096865218546 -1.422911702076247e-06 -0.0002215196730598338 6.2770126603788336e-05 0.00013936952700439374 0.00018346220500762732 -1.9789909316770827e-05 2.8171802436194326e-06 0.00070290308048470077 0.0039975781728633052 0.0010911038602032074 1.6137935415624359e-05 0.0005357840280472958 -0.0016923160281321565 0.00035964135452382973 0.0037042765351819351 -7.0619111377493853e-05 0.0046937984584191151
leaf_weight=2631 373 11032 3291 2014 227 5767 9667 6501 3307 12915 228 15256 635 17758 504 623 391 200 549 256 3961 264 457 2043 2051 3122 238 364 839 272
leaf_count=2631 373 11032 3291 2014 227 5767 9667 6501 3307 12915 228 15256 635 17758 504 623 391 200 549 256 3961 264 457 2043 2051 3122 238 364 839 272
internal_value=-0.000170576 -0.000139426 -0.000207867 0.000343421 -0.000167214 -0.000278797 -0.000821675 -0.00014524 0.00037449 -3.84004e-05 -0.000276617 0.000163858 0.000189663 2.72305e-05 0.00127405 0.00164596 0.000866141 0.00170021 0.000638613 0.00275922 0.000297956 0.000592464 0.000515203 0.00128521 0.000159535 -0.000255221 0.00244138 0.0043184 0.0012873 0.00378641
internal_weight=107736 105105 92059 13046 88768 67625 13347 54278 3680 48511 28399 15484 21143 18393 2750 2523 1900 1396 1005 456 20112 13611 13347 4213 9134 7083 2170 821 1349 510
internal_count=107736 105105 92059 13046 88768 67625 13347 54278 3680 48511 28399 15484 21143 18393 2750 2523 1900 1396 1005 456 20112 13611 13347 4213 9134 7083 2170 821 1349 510
is_linear=0
shrinkage=0.03


Tree=158
num_leaves=31
num_cat=0
split_feature=17 2 24 25 7 15 24 32 2 9 1 23 5 0 24 32 29 18 10 18 10 12 33 24 11 27 35 9 34 33
split_gain=4.68491 3.35701 3.22789 3.00721 5.19445 6.12383 3.56232 5.22054 5.31322 6.11005 6.50912 3.87339 4.04375 3.54705 4.48388 3.614 4.09333 3.41352 3.26576 3.23811 3.43569 3.03598 3.81187 5.11053 7.20255 3.6433 4.42862 3.03479 2.95971 5.1033
threshold=2.6825000000000006 1.0606654351972422 2.6250000000000004 3.7375000000000007 18.500000000000004 1.8000000000000003 3.8750000000000004 -0.84335933205092495 1.1988415749567418 3.5000000000000004 7.0250000000000012 0.36640315854283245 0.11910497316806357 0.75750000000000017 2.1250000000000004 0.93038214053199464 3.2425000000000006 2.5525000000000007 5.5000000000000009 3.3025000000000007 7.5000000000000009 1.3675000000000004 -0.33379414889141251 7.4750000000000005 2.8575000000000008 3.0770833333333338 66.250000000000014 1.0000000180025095e-35 960.82500000000016 -0.18222858652173743
decision_type=8 2 10 8 2 2 10 2 2 2 2 2 2 2 8 2 2 2 2 2 2 10 2 8 2 2 2 2 2 2
left_child=2 -2 -1 4 5 -3 13 19 9 10 -9 12 -12 14 -6 -15 -17 21 -7 20 -8 -5 25 -24 -25 26 -23 -18 29 -4
right_child=1 3 28 17 6 18 7 8 -10 -11 11 -13 -14 15 -16 16 27 -19 -20 -21 -22 22 23 24 -26 -27 -28 -29 -30 -31
leaf_value=-0.0013083426335590695 -0.0029593878996251521 -0.00064417142309059893 0.0043134666904803016 0.0054886458378138403 0.0059939827686496588 0.0043263264072019398 0.0021840963891368945 0.0029081249181888225 -3.3870580496011034e-05 0.00019905588357919073 0.0036876754826546997 -1.8257300380652985e-06 0.005577975713138803 -2.1326759912892278e-05 0.00029587353064072731 -0.002039475285999676 0.0031163539205253019 -7.0980726887909205e-07 0.00032792780192369606 -6.8524950077952776e-05 -0.00048924321361665593 0.001363798342941308 -0.0017415477602811228 -0.0014417527542683627 0.0036833782526137452 -0.00098241192572644069 0.0061682755715909594 2.1745932385381684e-05 -0.0014968988327441425 -0.00058231874439086207
leaf_weight=2706 429 18685 275 371 202 264 207 224 1159 865 302 289 241 19205 484 5348 204 47791 486 2588 233 242 1471 361 610 225 200 1112 392 502
leaf_count=2706 429 18685 275 371 202 264 207 224 1159 865 302 289 241 19205 484 5348 204 47791 486 2588 233 242 1471 361 610 225 200 1112 392 502
internal_value=-0.000163349 -0.000125084 -0.00118686 -0.000114024 -0.000274534 -0.000662809 -4.34377e-05 0.00060952 0.00147812 0.00244392 0.00396984 0.00271685 0.0041989 -0.000193713 0.00192764 -0.000250329 -0.000852003 4.90866e-05 0.00198675 -0.000274976 0.00208989 0.000955523 0.000646435 9.56266e-05 0.00177971 0.00264732 0.00421476 0.000644965 0.000130323 0.00120077
internal_weight=107673 103798 3875 103369 52098 19435 32663 6108 3080 1921 1056 832 543 26555 686 25869 6664 51271 750 3028 440 3480 3109 2442 971 667 442 1316 1169 777
internal_count=107673 103798 3875 103369 52098 19435 32663 6108 3080 1921 1056 832 543 26555 686 25869 6664 51271 750 3028 440 3480 3109 2442 971 667 442 1316 1169 777
is_linear=0
shrinkage=0.03


Tree=159
num_leaves=31
num_cat=0
split_feature=22 26 35 17 35 11 35 16 18 21 31 12 14 0 34 18 27 35 8 19 35 18 11 11 34 28 30 27 31 12
split_gain=5.24406 3.32162 3.31044 2.6704 2.9557 2.91052 2.6236 4.51622 3.31107 4.74088 4.28661 3.35085 6.1073 5.84463 4.11186 5.06308 4.83002 4.72843 4.44421 3.6608 3.26131 3.15689 2.94923 2.6992 2.53039 2.50617 2.48702 2.44335 5.24622 2.39018
threshold=2.3106111111111116 1.3825000000000003 93.250000000000014 1.6525000000000003 34.750000000000007 1.8425000000000005 17.750000000000004 10.152500000000002 2.5525000000000007 3.9044968705474639 2.0606417882509547 4.8225000000000007 0.7993486932080206 3.7025000000000006 953.82500000000016 9.7625000000000028 1.6606250000000002 76.250000000000014 17.500000000000004 6.7625000000000011 53.750000000000007 15.677500000000002 9.6175000000000015 1.0025000000000002 960.92500000000018 0.68969649098101393 2.8250000000000006 7.9172916666666682 1.3218174939349263 3.0425000000000009
decision_type=2 2 2 8 2 2 2 10 2 2 2 8 2 2 2 2 2 2 2 8 2 2 2 2 2 2 2 2 2 10
left_child=3 2 -2 -1 -5 25 7 -3 9 10 23 12 14 -13 15 17 18 -10 -16 -17 -11 27 -9 -8 -12 -6 -19 -15 -29 -25
right_child=1 6 -4 4 5 -7 8 22 11 20 24 13 -14 21 16 19 -18 26 -20 -21 -22 -23 -24 29 -26 -27 -28 28 -30 -31
leaf_value=-0.0013701232562373738 -0.00065996637022278863 -0.0012236703643311842 0.0041786941728827439 -0.0015261479554860961 -0.0016513315808770609 0.00025724112310658966 0.0038774830421635909 0.00015786698083690819 -0.00085062887949216624 0.00060672749692674644 -0.003107850952281355 0.0024444263106324741 0.00027879185802804604 2.060161681556316e-06 -5.733601119224635e-05 -0.00067171637040360638 -0.002066376983519547 0.0002797160725046227 0.0058583553738275037 0.0026976699505316501 0.0026628354821683249 -6.95314829342486e-06 -6.8011530873468557e-06 -0.00020993176105599809 0.0015520340447704956 -0.0004944651284417552 0.0065674290433009796 4.8644044561743703e-05 7.9476842721692972e-07 0.0015269837787761384
leaf_weight=941 12235 3424 215 1484 978 2248 209 238 8140 267 1270 726 8280 46987 618 210 7683 220 228 339 269 2090 254 1811 209 1580 208 362 834 3179
leaf_count=941 12235 3424 215 1484 978 2248 209 238 8140 267 1270 726 8280 46987 618 210 7683 220 228 339 269 2090 254 1811 209 1580 208 362 834 3179
internal_value=-0.000178094 -0.000121929 -0.00058049 -0.000958127 -0.000733917 -0.000371649 -5.70641e-05 -0.000815609 -2.17135e-05 0.000592602 0.000373484 -7.93586e-05 -0.000357025 6.1818e-05 -0.000672371 -0.000229227 -0.00114565 -0.000408726 0.00100117 0.00255054 0.0032939 2.30909e-05 0.00185915 0.000778823 -0.00104919 -0.00106282 0.00264665 7.26522e-05 0.00140883 0.000636636
internal_weight=107736 100505 12450 7231 6290 4806 88055 3916 84139 7214 6678 76925 25926 50999 17646 9117 8529 8568 846 549 536 50273 492 5199 1479 2558 428 48183 1196 4990
internal_count=107736 100505 12450 7231 6290 4806 88055 3916 84139 7214 6678 76925 25926 50999 17646 9117 8529 8568 846 549 536 50273 492 5199 1479 2558 428 48183 1196 4990
is_linear=0
shrinkage=0.03


Tree=160
num_leaves=31
num_cat=0
split_feature=24 17 26 2 34 25 2 2 34 5 29 33 8 14 33 5 14 25 6 16 10 26 18 8 27 26 5 3 8 19
split_gain=4.87061 4.77333 4.14595 3.05804 2.83915 3.46571 3.9736 7.82418 6.9937 3.55006 3.98938 3.75907 3.3604 3.07662 2.80426 2.69347 2.65924 3.62953 3.06768 4.06714 2.92217 6.7788 5.05428 3.70319 3.53358 3.1561 2.80352 5.22022 3.80119 5.70043
threshold=3.4250000000000007 6.057500000000001 4.0275000000000007 1.0606654351972422 965.82500000000016 3.4575000000000005 1.1514185477314602 1.181477932733173 957.22500000000014 0.32428368930091028 3.2425000000000006 0.87032255546191739 10.500000000000002 0.67941764278927597 -0.30069434954884217 0.26588138105007314 0.4229164614120246 4.8525000000000009 2.5000000000000004 10.362500000000002 2.5000000000000004 2.6625000000000005 13.087500000000002 17.500000000000004 4.4964583333333348 3.5075000000000003 0.86644489882486264 14.811024378613027 16.500000000000004 10.192500000000003
decision_type=8 8 2 2 2 8 2 2 2 2 2 2 2 2 2 2 2 10 2 10 2 2 2 2 2 2 2 2 2 8
left_child=1 -1 4 -2 5 9 15 8 13 11 -11 -3 -6 -8 -9 -7 17 -5 26 -20 21 -19 24 -22 -23 -24 -18 28 -28 -30
right_child=3 2 -4 16 12 6 7 14 -10 10 -12 -13 -14 -15 -16 -17 18 20 19 -21 23 22 25 -25 -26 -27 27 -29 29 -31
leaf_value=-0.001232156008930702 -0.0031099832203510878 -0.00098982849464924485 -0.0023131104213252149 -9.0747429150674907e-05 -0.00066995436770839331 0.00022432650291308808 0.0048670098246360151 0.0059374177910799476 0.0034499615024025862 0.0031147825498566381 2.5907286932609127e-05 0.0031441487290676425 0.0058824076105278549 -0.0023673699799781215 -0.00181299759276195 -0.0018579957008683279 -1.3360663741965316e-05 -0.00025994330730817695 0.0010534679239987902 -3.2926461744777657e-05 3.9556507004028942e-06 0.00024043688799000871 8.9430058443144004e-05 -2.074275436636911e-05 0.00019308310800803755 -4.8679991835753886e-06 1.0216087386113458e-05 -6.6195618039647957e-06 5.2295423223740901e-06 4.2090991670710235e-05
leaf_weight=7149 344 7865 1589 23887 208 3061 247 220 288 212 622 342 208 224 551 879 38704 479 5203 1292 6621 207 240 1580 406 461 2421 1007 542 793
leaf_count=7149 344 7865 1589 23887 208 3061 247 220 288 212 622 342 208 224 551 879 38704 479 5203 1292 6621 207 240 1580 406 461 2421 1007 542 793
internal_value=-0.000175567 -0.000555768 -0.000275287 -6.86652e-05 -0.000119944 -0.000190342 0.000405479 0.00170033 0.00385209 -0.000550852 0.0013087 -0.000740502 0.00230879 0.00156933 -0.000429124 -9.886e-05 -5.69967e-05 -0.000262144 8.21335e-05 0.000689999 0.000217821 0.00131312 0.00242456 -2.23015e-05 0.00440291 0.000675637 -8.76498e-06 0.000677642 0.0011917 0.00247388
internal_weight=107852 23665 16516 84187 14927 14511 5470 1530 759 9041 834 8207 416 471 771 3940 83843 33881 49962 6495 9994 1793 1314 8201 613 701 43467 4763 3756 1335
internal_count=107852 23665 16516 84187 14927 14511 5470 1530 759 9041 834 8207 416 471 771 3940 83843 33881 49962 6495 9994 1793 1314 8201 613 701 43467 4763 3756 1335
is_linear=0
shrinkage=0.03


Tree=161
num_leaves=31
num_cat=0
split_feature=17 35 18 1 34 35 2 8 35 16 33 31 1 16 12 11 35 20 35 26 27 9 8 21 15 27 1 7 14 2
split_gain=4.74416 4.02997 10.1629 4.50422 4.90471 3.70602 4.17383 5.7358 6.34794 5.44521 4.88874 7.10055 5.84588 4.82325 8.27091 9.6433 5.06675 4.35573 5.22541 5.48179 4.27439 5.89338 3.92464 6.1557 5.42125 4.98051 3.73403 3.40758 3.19939 3.16126
threshold=2.0725000000000007 24.250000000000004 10.362500000000002 30.225000000000005 948.47500000000014 37.750000000000007 1.201457467153678 16.500000000000004 93.250000000000014 7.6725000000000012 0.1218693434051476 1.6333435520130799 -0.47499999999999992 9.6075000000000017 7.8525000000000018 7.3075000000000019 72.250000000000014 4.6256250000000012 72.750000000000014 3.1125000000000007 4.6379166666666682 2.5000000000000004 3.5000000000000004 1.4577586954268873 -0.24000000000000107 3.6785416666666673 -2.0749999999999993 19.500000000000004 0.12858201014655349 1.2127035590784441
decision_type=8 2 2 2 2 2 2 2 2 8 2 2 2 10 10 2 2 2 2 2 2 2 2 2 2 2 2 2 2 2
left_child=-1 2 27 5 -5 -3 28 8 9 -8 11 -11 22 17 15 16 -15 18 19 -9 -12 29 23 -13 -25 -24 -26 -2 -7 -22
right_child=1 3 -4 4 -6 6 7 13 -10 10 20 12 -14 14 -16 -17 -18 -19 -20 -21 21 -23 25 24 26 -27 -28 -29 -30 -31
leaf_value=-0.0011951913286627808 -0.001624990095216494 -3.0788855720772965e-05 4.4941420215678371e-05 0.00054135669301048071 0.0041402104182252679 -4.688708926147589e-05 -0.0018006364378251793 0.0081454872546379824 0.0038435944647937951 -3.3242603517146371e-05 -0.0013071646996333074 -0.00015942952043941977 -5.197775950575023e-05 -9.8430579469511726e-05 1.803771254297315e-06 0.00063259179305537371 0.0018984392503407343 -0.00059557891403468803 -0.00031957838356716294 -0.00023861979878910422 -8.3204646412493582e-06 -9.8237836335296913e-06 0.001748254656875283 0.0019726336118825565 6.7699806793996008e-05 -5.6086180952441556e-06 0.0018016604737728244 -0.00064906597529786004 1.7391149071986641e-05 0.00012364930918764004
leaf_weight=2619 3251 13382 1743 3185 258 4232 6714 433 399 1734 3276 210 694 315 1464 223 258 2915 1075 224 205 921 551 243 439 931 200 5299 49668 387
leaf_count=2619 3251 13382 1743 3185 258 4232 6714 433 399 1734 3276 210 694 315 1464 223 258 2915 1075 224 205 921 551 243 439 931 200 5299 49668 387
internal_value=-0.000168018 -0.000136474 -0.00070004 -7.50793e-05 0.000989268 -0.00011536 -3.59393e-05 -0.000366687 -0.000664262 -0.000754998 -0.000303492 0.000352306 0.00117507 0.000361544 0.00149669 0.00394756 0.00185294 -0.000191531 0.000998272 0.00309517 -0.000988111 0.000330039 0.00183327 0.00319417 0.00428861 0.000823133 0.00279969 -0.00112566 0.000110193 0.00265327
internal_weight=107448 104829 10293 94536 3443 91093 77711 23811 16904 16505 9791 5002 3268 6907 2260 796 573 4647 1732 657 4789 1513 2574 1092 882 1482 639 8550 53900 592
internal_count=107448 104829 10293 94536 3443 91093 77711 23811 16904 16505 9791 5002 3268 6907 2260 796 573 4647 1732 657 4789 1513 2574 1092 882 1482 639 8550 53900 592
is_linear=0
shrinkage=0.03


Tree=162
num_leaves=31
num_cat=0
split_feature=24 17 35 30 35 24 8 34 1 1 34 18 14 27 10 35 16 6 35 1 35 34 28 9 8 34 16 24 33 30
split_gain=3.5735 4.16871 4.7436 4.62392 5.81654 5.19359 7.15911 7.43364 3.87355 3.66264 3.52071 3.41955 3.23565 4.27894 5.37359 3.58501 2.77775 5.10953 5.49924 5.51001 4.54573 4.87987 4.91281 4.3059 4.82618 5.88566 10.2659 4.16658 6.63172 5.31124
threshold=2.6750000000000007 6.057500000000001 43.750000000000007 3.7250000000000005 77.750000000000014 1.8250000000000004 10.500000000000002 957.72500000000014 24.375000000000004 15.275000000000002 947.37500000000011 6.2275000000000009 1.8696902589099995 2.8556250000000007 5.5000000000000009 93.750000000000014 9.6525000000000016 2.5000000000000004 34.750000000000007 0.37500000000000006 23.750000000000004 951.32500000000016 2.0061776985086772 3.5000000000000004 3.5000000000000004 959.72500000000014 8.1075000000000017 5.8250000000000011 -0.31729257441605202 7.7250000000000005
decision_type=8 8 2 2 2 10 2 2 2 2 2 2 2 2 2 2 10 2 2 2 2 2 2 2 2 2 8 10 2 2
left_child=1 -1 -3 8 5 6 11 -8 -4 -7 -11 -5 15 14 -14 16 17 18 -2 23 21 -18 -23 -20 25 -25 -27 -21 29 -29
right_child=12 2 3 4 -6 9 7 -9 -10 10 -12 -13 13 -15 -16 -17 20 -19 19 27 -22 22 -24 24 -26 26 -28 28 -30 -31
leaf_value=-0.001171540710068007 -0.00095288430398466164 -0.0012840294868578625 -0.00062987488442536486 -0.0018133972796963705 -0.00268277012348489 -0.0012507113601530995 0.0013078260607247243 0.0078012756420901431 0.0030309434090944136 -0.00081321715265174788 0.0028094166753359229 0.0041016170175196421 0.0068713966089389298 1.297320470397989e-05 0.0013892724701888872 0.0034223989069443925 1.2658931429931908e-05 0.00059561638361279321 -0.0012123829636573559 -3.9415572925937115e-05 9.0609790101003896e-08 0.00015106618157233241 1.5502422677546868e-05 -0.00048788098451059577 -0.00065396537303599842 -0.0011203126906383129 0.0034825050928790412 0.0029859749292612424 4.880853179969108e-05 8.3430551964151894e-05
leaf_weight=5394 13503 3552 5208 439 608 599 319 217 207 203 443 236 357 3715 646 371 1067 7634 5204 27414 22767 278 279 333 3450 216 233 302 2146 360
leaf_count=5394 13503 3552 5208 439 608 599 319 217 207 203 443 236 357 3715 646 371 1067 7634 5204 27414 22767 278 279 333 3450 216 233 302 2146 360
internal_value=-0.000172138 -0.000565405 -0.000254487 0.000131187 0.00106158 0.0017115 0.00310608 0.00567837 -0.000395757 0.000347999 0.00190783 0.00103676 -9.62014e-05 0.000668219 0.00240179 -0.000138392 -0.000151284 -0.000259787 -0.000364012 -0.000185917 0.000119158 0.00165009 0.00391281 -0.000818558 -0.000107624 0.00201271 0.00423568 1.17107e-05 0.00111127 0.00372414
internal_weight=107700 17425 12031 8479 3064 2456 1211 536 5415 1245 646 675 90275 4718 1003 85557 85186 60795 53161 39658 24391 1624 557 9436 4232 782 449 30222 2808 662
internal_count=107700 17425 12031 8479 3064 2456 1211 536 5415 1245 646 675 90275 4718 1003 85557 85186 60795 53161 39658 24391 1624 557 9436 4232 782 449 30222 2808 662
is_linear=0
shrinkage=0.03


Tree=163
num_leaves=31
num_cat=0
split_feature=2 24 7 1 34 26 19 3 9 19 25 30 9 19 14 8 16 32 2 8 34 30 10 15 34 34 8 10 10 34
split_gain=3.30755 3.38561 5.30085 3.17733 3.47436 11.2027 6.49489 3.21257 3.58582 5.37695 7.41028 3.30551 4.27576 3.13287 2.72305 2.76656 4.17565 3.79036 5.37244 7.58295 9.93326 5.14142 6.94039 6.46868 6.1365 8.4116 4.26963 5.32874 7.037 10.518
threshold=1.0606654351972422 2.6250000000000004 17.500000000000004 4.8750000000000009 958.82500000000016 1.7075000000000002 4.0425000000000013 1.1260454152080672 4.5000000000000009 4.1725000000000012 3.6525000000000007 7.1250000000000009 1.5000000000000002 1.6075000000000002 0.097510683175375465 2.5000000000000004 12.497500000000002 -0.26722820045975981 1.1179114006056949 13.500000000000002 945.62500000000011 6.2750000000000012 2.5000000000000004 -0.30250000000000016 962.62500000000011 958.22500000000014 19.500000000000004 9.5000000000000018 6.5000000000000009 944.72500000000014
decision_type=2 8 2 2 2 2 8 2 2 8 8 2 2 10 2 2 10 2 2 2 2 2 2 2 2 2 2 2 2 2
left_child=-1 2 -2 -4 7 -6 -7 13 11 -10 -11 -9 -13 -5 -3 16 -16 26 -19 -20 -21 -22 23 -23 25 -25 27 28 29 -17
right_child=1 14 3 4 5 6 -8 8 9 10 -12 12 -14 -15 15 17 -18 18 19 20 21 22 -24 24 -26 -27 -28 -29 -30 -31
leaf_value=-0.0026656467609989147 -0.0012267459200249336 -2.3469916356881236e-05 -0.0010270665112578885 9.4439914562187465e-05 -0.0015116238502915816 0.0022076235767160409 0.0059175564845979712 -0.0012258384300627017 -0.00019153131145492676 0.00071140887807425574 0.0056948234206317117 0.0042858408015456076 -0.0034528116116030248 0.0063085855636570093 0.00013603897709193235 0.0022157748126994691 -1.678366765894057e-05 0.00031372456801553536 -2.0891513222887606e-05 0.0042771116144505973 -6.8148811066705007e-05 2.6095908544456757e-05 1.3003439444534736e-05 0.00011169066002986504 1.2918863982014623e-05 0.000639448833422907 2.2152748725945413e-05 2.7516065101813662e-05 -0.00060708174354690112 -2.7018687332495127e-05
leaf_weight=439 5469 4760 3690 372 488 245 219 4054 1040 421 243 215 327 225 9366 958 734 9097 16103 213 5900 541 3480 292 308 204 8983 5249 9261 14511
leaf_count=439 5469 4760 3690 372 488 245 219 4054 1040 421 243 215 327 225 9366 958 734 9097 16103 213 5900 541 3480 292 308 204 8983 5249 9261 14511
internal_value=-0.000179506 -0.000168772 -0.000556869 -0.000192049 0.00014935 0.00184326 0.00515565 -8.56281e-05 -0.000285488 0.000888238 0.00298655 -0.000721148 0.00146983 0.0020083 -9.53711e-05 -5.63354e-05 0.000409697 -0.000119034 0.00010226 -0.000109925 0.000499497 0.000370456 0.00109627 0.00292222 0.00462052 0.00667066 -0.000324275 -0.000496165 -0.000680413 -0.000288678
internal_weight=107407 106968 17008 11539 7849 952 464 6897 6300 1704 664 4596 542 597 89960 85200 10100 75100 36138 27041 10938 10725 4825 1345 804 496 38962 29979 24730 15469
internal_count=107407 106968 17008 11539 7849 952 464 6897 6300 1704 664 4596 542 597 89960 85200 10100 75100 36138 27041 10938 10725 4825 1345 804 496 38962 29979 24730 15469
is_linear=0
shrinkage=0.03


Tree=164
num_leaves=31
num_cat=0
split_feature=22 17 0 6 16 1 35 19 9 29 25 31 32 1 14 20 30 18 18 32 35 31 1 28 18 33 30 24 25 24
split_gain=4.13269 2.69849 2.63972 2.73207 5.33989 4.77988 7.25626 5.5806 8.05593 8.5888 6.77107 5.94886 5.52764 6.62706 4.78498 4.52777 4.18557 3.97433 3.92153 5.22955 3.59743 5.24432 4.3229 4.28935 3.53309 4.51575 3.49164 3.3776 7.77855 3.21117
threshold=2.4859166666666672 2.8375000000000004 0.88750000000000007 2.5000000000000004 9.3775000000000031 1.0000000180025095e-35 54.750000000000007 5.1175000000000006 3.5000000000000004 5.3425000000000011 3.4375000000000009 2.0187942676795481 -0.26722820045975981 19.325000000000006 2.8961259955305274 9.9020833333333353 6.7250000000000005 10.257500000000002 2.2675000000000005 0.82409480842201688 23.750000000000004 1.1670666190658536 24.675000000000004 1.7430182154441141 3.4175000000000004 -0.026175951569892126 3.0750000000000006 4.7250000000000005 3.7625000000000006 7.9750000000000005
decision_type=2 10 2 2 8 2 2 10 2 2 8 2 2 2 2 2 2 2 2 2 2 2 2 2 2 2 2 10 8 10
left_child=1 -1 -2 4 5 24 7 12 9 10 11 -9 14 -14 29 -5 -12 27 19 -6 21 -20 23 -23 25 -4 -8 -15 -29 -7
right_child=2 -3 3 15 18 6 26 8 -10 -11 16 -13 13 17 -16 -17 -18 -19 20 -21 -22 22 -24 -25 -26 -27 -28 28 -30 -31
leaf_value=-0.00096724943524217097 0.0011591962855028025 0.0062560032457833837 -0.00040256797784573136 0.00053561718494180813 0.0019758263569470591 -0.0022218059787350608 -0.00059625778718319503 0.0022126573369218596 -0.0004188817341703536 -9.9837524070924826e-05 -0.00030214830882632993 0.0045648450700727381 -0.0022856875996978242 -4.5843585918914352e-06 0.0028297351297673383 -2.8589220583594979e-05 0.0013505545519320993 0.0021062149131853072 0.00023336409297676996 -0.00055865542361810405 1.9664125969317459e-08 6.192744357070811e-05 -5.2312789743504171e-05 1.2005615333188524e-07 -0.0018347575853544364 0.005690718195695537 0.00023572124219691681 0.0072274649014088879 -0.00079679860453757856 0.00060422354067614641
leaf_weight=9088 1313 257 1098 10373 220 14768 4875 303 2186 839 542 260 2931 5975 255 1928 606 209 413 204 25158 210 650 316 6758 209 14706 212 365 263
leaf_count=9088 1313 257 1098 10373 220 14768 4875 303 2186 839 542 260 2931 5975 255 1928 606 209 413 204 25158 210 650 316 6758 209 14706 212 365 263
internal_value=-0.000191451 -0.000794118 -0.00013403 -0.000152174 -0.000212963 -0.00037706 -0.000266228 -0.000561662 0.000382197 0.00152642 0.00274301 0.0054243 -0.000740664 -0.000180056 -0.00109594 0.00026548 0.00141023 0.000336535 0.000133463 0.00297902 8.78058e-05 0.00146989 0.000441998 0.00245198 -0.0010539 0.000372713 0.000182119 0.000204971 0.0023866 -0.0011654
internal_weight=107490 9345 98145 96832 84531 57360 49295 29714 4736 2550 1711 563 24978 9692 15286 12301 1148 6761 27171 424 26747 1589 1176 526 8065 1307 19581 6552 577 15031
internal_count=107490 9345 98145 96832 84531 57360 49295 29714 4736 2550 1711 563 24978 9692 15286 12301 1148 6761 27171 424 26747 1589 1176 526 8065 1307 19581 6552 577 15031
is_linear=0
shrinkage=0.03


Tree=165
num_leaves=31
num_cat=0
split_feature=2 14 17 26 19 2 35 21 11 10 16 9 30 25 27 12 7 22 35 22 30 33 34 17 10 35 2 27 7 9
split_gain=3.18511 3.35438 4.66278 4.0366 5.97179 5.376 6.68667 4.42694 8.6462 3.92075 4.48396 5.32824 3.25224 3.19303 5.46186 5.74052 2.94389 4.89118 3.7277 3.35126 3.21789 3.00737 3.11988 4.76415 4.29141 4.12899 3.57903 3.91996 3.18952 3.17595
threshold=1.0606654351972422 1.2856677891189265 2.0725000000000007 5.7775000000000007 10.812500000000002 1.1015112664670774 32.750000000000007 1.5576365643478569 12.527500000000002 6.5000000000000009 10.462500000000002 2.5000000000000004 3.4750000000000005 1.2475000000000003 2.898541666666667 6.2725000000000009 19.500000000000004 10.683333333333335 20.750000000000004 13.338500000000002 14.325000000000003 0.38266886095259278 951.22500000000014 4.6975000000000007 5.5000000000000009 45.750000000000007 1.1063064599921864 2.273541666666667 41.500000000000007 3.5000000000000004
decision_type=2 2 8 2 10 2 2 2 2 2 10 2 2 10 2 10 2 2 2 2 2 2 2 8 2 2 2 2 2 2
left_child=-1 2 -2 16 5 -5 -7 8 -8 10 11 12 -3 -13 15 -15 17 18 -4 -19 -20 -18 24 -24 29 28 -27 -28 -26 -23
right_child=1 9 3 4 -6 6 7 -9 -10 -11 -12 13 -14 14 -16 -17 21 19 20 -21 -22 22 23 -25 25 26 27 -29 -30 -31
leaf_value=-0.0027204300204378916 -0.0011191241319638316 0.0021426741700355779 -0.001074715419238454 -0.00013070776968388654 -1.9354939127064209e-05 0.00011649187136197447 -7.9483159456161793e-07 4.0427023581990347e-06 5.6299714306733416e-05 -2.3241743914790053e-05 -1.5633053359489222e-05 -0.0002604865172706781 -8.6955603318181082e-05 0.0035236750000459628 0.00065404731894380967 0.0080806391748265149 -1.1998413553965069e-05 1.6367306234857284e-05 -0.00014570589819375829 -8.7730924105427195e-06 0.00031311356490233504 0.006542705884874306 0.0027561279437096197 -6.4532937597124883e-05 -0.00049366777442372614 0.0065161723141849053 0.0050731321723804842 -0.0008569795106787558 0.0024809380461022208 0.00025490749343808658
leaf_weight=440 2290 284 1813 510 399 295 270 1025 298 8057 1296 464 2012 722 1668 205 44755 2716 29339 459 232 330 568 3863 1779 204 247 262 590 212
leaf_count=440 2290 284 1813 510 399 295 270 1025 298 8057 1296 464 2012 722 1668 205 44755 2716 29339 459 232 330 568 3863 1779 204 247 262 590 212
internal_value=-0.00016376 -0.000153235 -0.00022018 -0.00018618 0.000934689 0.00150062 0.00223772 0.0014587 0.00357068 0.000267518 0.000806339 0.00118936 9.64791e-05 0.00200816 0.00241731 0.00425858 -0.000222115 -0.000437363 -0.000550894 0.000683962 -0.00046974 -8.12276e-05 0.000452233 -8.18312e-05 0.00110444 0.00066861 0.00266156 0.00128988 6.44475e-05 0.00355393
internal_weight=107604 107164 92456 90166 2797 2398 1888 1593 568 14708 6651 5355 2296 3059 2595 927 87369 34559 31384 3175 29571 52810 8055 4431 3624 3082 713 509 2369 542
internal_count=107604 107164 92456 90166 2797 2398 1888 1593 568 14708 6651 5355 2296 3059 2595 927 87369 34559 31384 3175 29571 52810 8055 4431 3624 3082 713 509 2369 542
is_linear=0
shrinkage=0.03


Tree=166
num_leaves=31
num_cat=0
split_feature=22 1 32 33 27 14 34 18 31 34 28 1 1 16 35 31 33 27 33 30 8 21 32 22 23 35 35 9 32 9
split_gain=3.65302 3.23419 3.38763 3.34837 4.75709 3.23841 2.94323 3.13142 5.77931 4.66428 5.31185 4.73043 3.57172 6.58012 6.82517 5.33633 6.31346 6.60272 3.96083 3.90161 3.84518 3.99755 3.58182 2.8305 5.26472 3.64751 5.72229 3.74898 4.3949 4.6182
threshold=2.3106111111111116 35.225000000000009 0.8869770585236475 0.87878364999916159 2.9129166666666668 0.097510683175375465 976.82500000000016 3.4175000000000004 2.2822421500583965 966.17500000000018 0.77679630534188771 -5.1749999999999989 0.67500000000000016 9.4175000000000022 91.250000000000014 1.7684017027863781 0.13052122218260662 3.061666666666667 0.087155742747658027 5.1750000000000016 19.500000000000004 2.3573811384143606 -0.67556448321067808 3.2518750000000005 0.055748892654616924 79.250000000000014 75.750000000000014 2.5000000000000004 -0.99353402350479758 3.5000000000000004
decision_type=2 2 2 2 2 2 2 2 2 2 2 2 2 8 2 2 2 2 2 2 2 2 2 2 2 2 2 2 2 2
left_child=-1 3 -3 5 -5 -2 7 8 9 10 -7 -12 13 14 -9 -15 17 -17 19 -19 -18 -22 -16 -13 -25 26 27 -26 -29 -30
right_child=1 2 -4 4 -6 6 -8 12 -10 -11 11 23 -14 15 22 16 20 18 -20 -21 21 -23 -24 24 25 -27 -28 28 29 -31
leaf_value=-0.00085998813584021517 -2.7731703099617142e-05 -0.0020776841500324056 0.00047969476565236249 0.005190643833372339 -0.0023662259918135848 -0.00041470608008664975 0.00029464753984684338 -0.001808164871063038 -0.0018150615923387026 0.0088398904814285181 0.0026487643414879617 4.0359485629035003e-05 -3.8775296482596034e-06 -1.9731008206518298e-05 5.0682836952352645e-05 0.0035101587253184049 -1.7743835804645559e-05 0.0008380429877521251 0.00011409794795093409 -1.3792886762165057e-05 0.00033016567283874484 -5.6084412288785787e-05 0.0036397888226795982 0.0047698774721783828 -0.00044829092154246122 -0.0015833911752805567 0.0049284731367387081 0.0042544423087444118 0.0048474092966144236 0.00054471477896629204
leaf_weight=7137 5040 1611 363 1089 466 4054 327 7991 1632 313 262 2950 61261 3172 314 242 2017 230 781 867 251 254 205 436 1504 601 211 245 520 1497
leaf_count=7137 5040 1611 363 1089 466 4054 327 7991 1632 313 262 2950 61261 3172 314 242 2017 230 781 867 251 254 205 436 1504 601 211 245 520 1497
internal_value=-0.000170602 -0.000124098 -0.00132491 -0.000100024 0.00127885 -0.000122153 -8.16247e-05 -9.18158e-05 0.000317287 0.000535084 0.000442002 0.000879844 -0.000166839 -0.000561088 -0.00113799 6.75271e-05 0.000715299 0.00192 0.00130961 0.000144282 -0.00029917 0.00202941 0.0021813 0.000747646 0.00118111 0.000878463 0.00120768 0.000933969 0.00170445 0.0012359
internal_weight=107843 100706 1974 98732 1555 97177 92137 91810 14225 12593 12280 8226 77585 16324 8510 7814 4642 2120 1878 1097 2522 505 519 7964 5014 4578 3977 3766 2262 2017
internal_count=107843 100706 1974 98732 1555 97177 92137 91810 14225 12593 12280 8226 77585 16324 8510 7814 4642 2120 1878 1097 2522 505 519 7964 5014 4578 3977 3766 2262 2017
is_linear=0
shrinkage=0.03


Tree=167
num_leaves=31
num_cat=0
split_feature=24 17 35 30 35 21 34 35 24 32 13 25 35 25 27 23 16 26 34 31 17 34 16 10 18 26 21 9 29 27
split_gain=2.93779 4.2583 3.63994 4.32637 5.38023 4.6562 5.10412 3.20314 3.77086 3.44568 2.87859 3.99095 2.6452 2.59231 2.60242 4.82619 2.50641 2.84257 2.34686 3.84172 3.78153 3.4462 3.2364 3.95363 5.1547 7.33938 7.7649 5.65642 6.53641 6.13812
threshold=2.6250000000000004 6.1175000000000006 45.250000000000007 3.7250000000000005 77.750000000000014 1.2587874453384595 954.32500000000016 56.750000000000007 1.9250000000000005 0.82409480842201688 0.99416666666666653 1.5225000000000002 16.750000000000004 3.5175000000000005 1.7156250000000004 0.039697850239731963 9.4175000000000022 4.7725000000000009 953.22500000000014 1.1670666190658536 4.472500000000001 968.27500000000009 14.557500000000003 5.5000000000000009 4.8225000000000007 4.0075000000000012 1.4054625551962043 1.5000000000000002 3.0275000000000007 3.2020833333333338
decision_type=8 8 2 2 2 2 2 2 10 2 2 8 2 8 2 2 10 2 2 2 10 2 8 2 2 2 2 2 2 2
left_child=1 -1 -3 10 5 6 -5 -7 9 -9 11 -4 16 -12 -15 -16 -2 -18 22 20 21 -20 23 24 25 26 -14 -28 -29 -30
right_child=12 2 3 4 -6 7 -8 8 -10 -11 13 -13 18 14 15 -17 17 -19 19 -21 -22 -23 -24 -25 -26 -27 27 28 29 -31
leaf_value=-0.0010723075338588686 -0.0013665329026311306 -0.0011249581403030093 0.0050160896296534731 0.00096805909393080536 -0.0018903136744210906 -0.0014379007664805084 0.0038039881082833557 0.00062276568072623033 -5.1752304412150394e-06 0.0040379371766055983 -0.0013769908860533828 -0.00056586901867914134 -0.00076031174380581594 -0.0032099825350197556 0.00421404659279743 -0.0001053019629066243 0.00013393356211575567 -2.5027592893607229e-05 -0.00024335386569670825 -5.2638045036079717e-06 0.0020226178597045736 0.002452343621360582 -1.2851136987421396e-05 -2.0702671990168174e-05 9.2516597071923268e-06 0.0096386537371292106 0.0080518652743018764 -0.0007080936130707551 0.0078007652570127178 0.0012413287433551779
leaf_weight=5286 2695 3774 200 235 595 650 277 338 458 302 3154 321 1323 428 339 738 328 232 7238 37324 429 237 813 29304 8897 254 297 666 223 372
leaf_count=5286 2695 3774 200 235 595 650 277 338 458 302 3154 321 1323 428 339 738 328 232 7238 37324 429 237 813 29304 8897 254 297 666 223 372
internal_value=-0.000199858 -0.000560527 -0.000243525 0.000117537 0.0010542 0.00172185 0.00422437 0.000978893 0.00196373 0.00344186 -0.000399229 0.00170532 -0.000131801 -0.00063615 0.000387417 0.00117283 -0.00097086 0.000849557 -0.000100491 -0.00025057 -0.000851183 -0.00100869 6.05629e-05 9.75296e-05 0.000555287 0.00160032 0.0011632 0.00259501 0.00170379 0.003975
internal_weight=107727 17095 11809 8035 2855 2260 512 1748 1098 640 5180 521 90632 4659 1505 1077 3255 560 87377 45228 7904 7475 42149 41336 12032 3135 2881 1558 1261 595
internal_count=107727 17095 11809 8035 2855 2260 512 1748 1098 640 5180 521 90632 4659 1505 1077 3255 560 87377 45228 7904 7475 42149 41336 12032 3135 2881 1558 1261 595
is_linear=0
shrinkage=0.03


Tree=168
num_leaves=31
num_cat=0
split_feature=26 24 12 14 21 31 32 32 16 17 24 34 20 10 23 1 32 35 14 30 11 34 35 26 34 34 27 19 14 24
split_gain=3.5883 3.66994 4.60848 3.57242 3.09143 3.54431 4.34774 5.77981 5.3444 7.50179 5.68707 8.20456 4.96836 4.12008 5.65993 3.54616 5.89462 5.47054 3.38688 4.72682 3.51326 3.62528 4.78794 3.96468 3.39632 4.03605 3.65505 3.96074 3.78715 3.6717
threshold=1.9025000000000005 6.3750000000000009 6.0375000000000005 0.55304460338507555 4.1824444553467925 2.2509882040465601 0.87878364999916148 -0.92384435400961384 11.432500000000003 6.9675000000000011 7.6750000000000016 954.52500000000009 6.6655000000000006 11.500000000000002 0.32335702306404862 34.175000000000011 0.16504132135358066 14.250000000000002 1.3025039987103462 8.4750000000000014 4.2125000000000012 951.32500000000016 63.250000000000007 3.4575000000000005 957.22500000000014 961.72500000000014 1.8470833333333336 0.71250000000000024 0.53966038703366426 2.2250000000000005
decision_type=2 10 10 2 2 2 2 2 8 10 8 2 2 2 2 2 2 2 2 2 2 2 2 2 2 2 2 10 2 10
left_child=1 -1 3 -3 5 15 7 -7 9 13 -10 -12 -9 -8 -15 18 -17 -18 20 -20 21 22 -2 24 -23 26 27 -26 -28 -30
right_child=4 2 -4 -5 -6 6 8 12 10 -11 11 -13 -14 14 -16 16 17 -19 19 -21 -22 23 -24 -25 25 -27 28 -29 29 -31
leaf_value=-0.00051197456890240771 -0.00032100882278624909 0.0044127418006653643 -2.2806096051440379e-05 0.00052015008857470468 0.00011125449539191345 -0.0004316664998951436 -0.0025711807090587442 0.000825277486621525 -2.0041935286451152e-05 0.0016350779436855364 -4.8525976574107612e-06 0.00025586767724995128 0.0027757732119625279 0.0038477389402882811 -0.0018356219657430029 -0.0019734590338294864 -0.0019015136931712648 0.0011450463578473544 0.0011988386026099617 -6.7577409714647536e-06 3.4703324432883153e-06 -0.0016194567652913097 0.0025852193495099606 -0.002281280226678568 0.0081802978089888425 -0.0011631809822972767 -0.0012170938816648848 6.3292191778067862e-05 1.6797924912886933e-05 0.010299303430546192
leaf_weight=27728 7527 217 586 335 2707 2048 5383 1166 922 218 213 227 215 289 505 1762 356 812 4235 3866 35684 3725 1115 2266 324 1623 919 224 343 269
leaf_count=27728 7527 217 586 335 2707 2048 5383 1166 922 218 213 227 215 289 505 1762 356 812 4235 3866 35684 3725 1115 2266 324 1623 919 224 343 269
internal_value=-0.000167484 -0.000453674 0.0012126 0.00316697 -6.28142e-05 -9.82156e-05 -0.000591369 0.000297903 -0.000984412 -0.00134766 0.000719824 0.00350562 0.00179437 -0.00154173 0.000473091 -1.3374e-05 -0.00103237 0.000618925 3.47679e-05 0.000606587 -5.10336e-05 -0.000388496 5.82854e-05 -0.000786658 -0.000450889 0.000192608 0.0010667 0.00315732 0.000310546 0.00212966
internal_weight=107809 28866 1138 552 78943 76236 11186 3429 7757 6395 1362 440 1381 6177 794 65050 2930 1168 62120 8101 54019 18335 8642 9693 7427 3702 2079 548 1531 612
internal_count=107809 28866 1138 552 78943 76236 11186 3429 7757 6395 1362 440 1381 6177 794 65050 2930 1168 62120 8101 54019 18335 8642 9693 7427 3702 2079 548 1531 612
is_linear=0
shrinkage=0.03


Tree=169
num_leaves=31
num_cat=0
split_feature=35 16 34 16 31 15 34 9 1 8 33 1 24 34 25 30 27 23 16 34 8 33 31 24 35 9 35 35 33 10
split_gain=3.39725 6.25357 8.36615 5.32262 3.98376 3.14955 4.10629 3.28054 2.99256 6.47221 3.81241 5.30308 4.73315 5.64713 6.23186 4.07295 4.78419 3.96923 5.33879 3.68544 3.51561 4.97665 6.12686 4.29856 6.10933 10.4009 10.5084 4.00047 3.86883 3.86481
threshold=24.250000000000004 9.6075000000000017 951.32500000000016 11.812500000000002 1.1635472147750969 -0.52499999999999969 943.62500000000011 3.5000000000000004 3.8250000000000006 17.500000000000004 0.078456108245891568 -5.5249999999999995 0.82500000000000018 954.92500000000018 4.0125000000000011 5.6250000000000009 2.6020833333333342 0.15463286525624567 6.4825000000000008 975.07500000000005 3.5000000000000004 0.19936034309715231 1.6864631204509133 3.7250000000000005 72.750000000000014 3.5000000000000004 81.750000000000014 88.250000000000014 -0.14780378300014829 11.500000000000002
decision_type=2 10 2 10 2 2 2 2 2 2 2 2 10 2 10 2 2 2 8 2 2 2 2 8 2 2 2 2 2 2
left_child=1 5 4 -4 -3 6 7 -1 9 19 17 -12 15 14 -14 16 -13 18 -11 20 21 22 -2 -24 28 -26 -27 -23 -25 -22
right_child=8 2 3 -5 -6 -7 -8 -9 -10 10 11 12 13 -15 -16 -17 -18 -19 -20 -21 29 27 23 24 25 26 -28 -29 -30 -31
leaf_value=0.0019893432178647997 -6.902618293278761e-05 0.00027144238249951269 0.00016138718512309709 1.1576952365571768e-05 -3.4866383801650523e-05 -0.0013777819564160432 -0.00081939972429401762 -8.9440949315442808e-05 -1.1417279520808954e-06 7.0293089517770474e-05 -9.6570216941876944e-05 0.0028627040361986112 0.0020689000186594653 -1.310375430478133e-06 1.0596040241308429e-05 0.0014590064068683291 -0.00039189452894722467 -4.1020301162922878e-05 0.0049862386780114365 0.00015275042115413305 -0.00012286544432369787 -0.00028219812889910878 -0.0010516424339134412 0.0013557967865091558 0.00012129374481206434 0.0033973358473764611 0.0028050152326351838 0.0013948126052287456 -1.1428651907111619e-05 -2.7539656826135433e-06
leaf_weight=298 1383 279 346 251 886 6068 1921 373 66920 1124 667 315 228 1606 312 278 222 2575 277 378 11803 1429 523 208 589 228 200 209 974 4547
leaf_count=298 1383 279 346 251 886 6068 1921 373 66920 1124 667 315 228 1606 312 278 222 2575 277 378 11803 1429 523 208 589 228 200 209 974 4547
internal_value=-0.000182282 -0.000696845 0.00093039 0.00380232 -0.000551283 -0.00102828 -0.000152484 0.00185947 -0.000126959 -0.000375499 0.000380864 0.0010834 0.00162744 0.000884239 0.00352294 0.00356707 0.00200922 -0.000260739 0.00102205 -0.000631474 -0.000681918 -4.33201e-05 0.000514598 0.00133993 0.0019206 0.00361937 0.00715011 -0.00143883 0.000449873 -0.000906146
internal_weight=107417 10422 1762 597 1165 8660 2592 671 96995 30075 7604 3628 2961 2146 540 815 537 3976 1401 22471 22093 5743 4105 2722 2199 1017 428 1638 1182 16350
internal_count=107417 10422 1762 597 1165 8660 2592 671 96995 30075 7604 3628 2961 2146 540 815 537 3976 1401 22471 22093 5743 4105 2722 2199 1017 428 1638 1182 16350
is_linear=0
shrinkage=0.03


Tree=170
num_leaves=31
num_cat=0
split_feature=35 9 34 1 10 9 8 16 34 26 17 14 21 9 19 8 22 34 21 29 19 30 22 1 26 19 34 14 30 18
split_gain=3.05035 3.28767 4.78955 3.95141 3.19641 4.01723 4.27313 3.81955 3.3385 2.80061 2.79026 2.59481 2.50348 4.09997 4.7735 4.59403 6.15069 4.45995 5.36298 4.37719 4.69204 3.38484 3.73107 3.33752 3.16502 2.81355 3.19798 2.74976 3.49413 3.65412
threshold=17.750000000000004 1.5000000000000002 948.17500000000018 26.775000000000002 1.5000000000000002 1.0000000180025095e-35 6.5000000000000009 12.677500000000002 969.47500000000014 3.6075000000000008 1.4925000000000004 0.097510683175375465 2.8837284892959789 2.5000000000000004 8.2225000000000019 13.500000000000002 7.6338750000000006 944.87500000000011 4.1108554205072929 7.0675000000000017 2.3275000000000006 4.2750000000000012 5.9762222222222228 27.825000000000006 4.8125000000000009 3.7175000000000007 941.97500000000014 0.41049766544204236 16.275000000000002 14.852500000000003
decision_type=2 2 2 2 2 2 2 10 2 2 8 2 2 2 10 2 2 2 2 2 10 2 2 2 2 8 2 2 2 2
left_child=1 2 -1 -4 5 -2 8 -8 -7 -9 -6 -12 27 19 15 23 17 -17 21 24 -21 -19 -23 25 -14 -15 -27 28 -13 -30
right_child=4 -3 3 -5 10 6 7 9 -10 -11 11 12 13 14 -16 16 -18 18 -20 20 -22 22 -24 -25 -26 26 -28 -29 29 -31
leaf_value=-0.0021786461453748118 -0.0020480073845636749 -0.00040997605935510492 1.2462856551800737e-06 0.0035858129751652722 -0.0014353554014778758 -0.00097746803579018202 -3.1917527793255958e-05 0.00012683095295684565 0.0001370099251141088 4.269891278597959e-06 -3.3414824253465986e-05 -3.7618156559352645e-05 -0.00012302176095556905 -0.002625810292303429 6.6294777318539965e-05 -6.4931998841821e-05 -1.0688016421387391e-05 0.0010383848602066746 0.0036847425188405469 0.00013997124394602825 -4.9046557853286757e-06 0.003313392935159499 0.0033491643501953137 0.0016701148935443742 0.00017414478606109452 0.0038354683180479702 -3.1193976521148857e-06 6.7028973569071206e-07 4.792024846029993e-05 -2.7330147150328442e-06
leaf_weight=380 1212 3516 205 201 1075 2168 5282 224 222 292 4630 24933 5612 792 479 375 1281 478 276 309 375 253 299 429 341 226 4204 47163 249 203
leaf_count=380 1212 3516 205 201 1075 2168 5282 224 222 292 4630 24933 5612 792 479 375 1281 478 276 309 375 253 299 429 341 226 4204 47163 249 203
internal_value=-0.000194282 -0.000976551 0.000773703 0.0030219 -0.000161684 -0.000688996 -0.000449653 -9.30625e-06 -0.00151566 0.00244146 -0.000108909 -9.12806e-05 -5.49496e-05 0.000288101 0.000701769 0.000538523 0.00149444 0.00268505 0.0035103 -0.000278682 0.00198549 0.00249275 0.00408258 3.65976e-05 -0.000540283 -0.000173331 0.000121758 -0.000129341 -0.000381056 0.00221882
internal_weight=107684 4302 786 406 103382 9400 8188 5798 2390 516 93982 92907 88277 15729 9092 8613 2962 1681 1306 6637 684 1030 552 5651 5953 5222 4430 72548 25385 452
internal_count=107684 4302 786 406 103382 9400 8188 5798 2390 516 93982 92907 88277 15729 9092 8613 2962 1681 1306 6637 684 1030 552 5651 5953 5222 4430 72548 25385 452
is_linear=0
shrinkage=0.03


Tree=171
num_leaves=31
num_cat=0
split_feature=14 5 21 33 7 20 2 34 10 18 8 33 32 10 35 30 16 26 34 34 16 31 5 8 26 10 10 25 26 31
split_gain=3.65124 5.33787 5.12326 3.80286 3.6852 4.37935 3.6606 3.55605 5.91714 14.9282 4.46294 3.63455 4.40791 3.48937 3.71012 4.8279 3.92121 3.36859 3.79166 3.21171 3.39786 3.23248 3.16531 3.33607 5.83241 6.10958 4.73667 4.33746 10.0315 4.61668
threshold=0.41049766544204236 0.2196234863974085 3.2335623412309302 -0.87878364999916114 42.500000000000007 7.5627500000000012 1.0786736315433656 948.57500000000016 3.5000000000000004 5.3175000000000017 13.500000000000002 0.47714059151611404 -0.41467745240824966 2.5000000000000004 50.750000000000007 3.4750000000000005 5.0675000000000017 3.0575000000000006 951.72500000000014 945.17500000000018 4.2925000000000013 1.0780873626396099 0.86644489882486264 5.5000000000000009 3.5925000000000007 8.5000000000000018 1.5000000000000002 3.6075000000000008 2.8525000000000005 1.9691747829070658
decision_type=2 2 2 2 2 2 2 2 2 2 2 2 2 2 2 2 8 2 2 2 10 2 2 2 2 2 2 8 2 2
left_child=1 3 -3 -1 6 -6 -2 8 9 -8 -11 -10 -13 -5 -15 16 17 18 -16 21 -21 -14 23 24 25 26 -9 29 -29 -28
right_child=4 2 -4 13 5 -7 7 22 11 10 -12 12 19 14 15 -17 -18 -19 -20 20 -22 -23 -24 -25 -26 -27 27 28 -30 -31
leaf_value=0.00061675121329746792 -0.00077446989883877952 -4.5939095168982466e-06 5.7729525665540789e-05 -0.0011908921100895285 0.0016793462797996467 -2.9740221009948586e-05 0.0093494041581885252 -0.00097568005707937111 2.3237351671009266e-06 -0.00018254685945872748 0.0004034061958099424 -0.00085284121858297303 0.0084095199657807235 -0.0016282857566355471 0.0041828655143948453 0.00084076780627624745 -0.0033468066996114043 -0.0022035706099372467 -0.00055781738570503448 -0.00056871946540791498 0.0019314120060486982 0.0055964222889905739 7.8946877472384971e-06 -6.8617164669737411e-05 -0.00029927667509312969 -0.00013339475776123582 -3.3216331768508575e-05 0.00046272265043561611 0.0042725436645440961 0.0028828335739933004
leaf_weight=1532 2818 18439 2037 3945 5971 2524 242 524 13482 291 235 546 239 7212 851 3279 1989 546 1841 305 227 265 4009 26165 1749 3222 1197 691 284 848
leaf_count=1532 2818 18439 2037 3945 5971 2524 242 524 13482 291 235 546 239 7212 851 3279 1989 546 1841 305 227 265 4009 26165 1749 3222 1197 691 284 848
internal_value=-0.000166171 -0.000385906 -4.04284e-05 -0.000719576 -2.70667e-05 0.000555882 -0.000113474 -5.89267e-05 0.000319757 0.00287969 2.25982e-05 0.000188333 0.00154631 -0.000831758 -0.000631178 -0.000206557 -0.000772363 -0.00012766 0.000309232 0.00269164 0.00105028 0.00439686 -0.00021391 -0.000306185 0.000209506 0.000608772 0.00146745 0.00192397 0.00356633 0.00113415
internal_weight=107505 41671 20476 21195 65834 8495 57339 54521 15832 768 526 15064 1582 19663 15718 8506 5227 3238 2692 1036 532 504 38689 34680 8515 6766 3544 3020 975 2045
internal_count=107505 41671 20476 21195 65834 8495 57339 54521 15832 768 526 15064 1582 19663 15718 8506 5227 3238 2692 1036 532 504 38689 34680 8515 6766 3544 3020 975 2045
is_linear=0
shrinkage=0.03


Tree=172
num_leaves=31
num_cat=0
split_feature=2 14 25 35 30 26 20 15 18 33 30 32 34 15 16 32 26 28 31 1 26 19 32 7 33 16 2 35 34 26
split_gain=3.01656 3.11751 4.76852 4.01368 4.46266 3.44247 9.29071 2.8509 3.47676 2.78709 2.99597 4.24749 3.45835 3.63766 3.42092 4.3091 6.12811 5.17226 3.83081 4.06256 5.33762 3.18302 13.2506 2.72292 3.67361 3.18011 3.74956 4.22932 5.18113 4.11001
threshold=1.0606654351972422 0.41049766544204236 4.8525000000000009 87.250000000000014 4.3250000000000011 2.1575000000000006 3.8535416666666671 0.55250000000000055 10.467500000000003 -0.87878364999916114 5.575000000000002 -0.96359376111369355 967.22500000000014 -0.51250000000000007 8.802500000000002 0.86159635224327558 3.2975000000000003 2.0061776985086772 1.7175643847252793 12.875000000000002 1.9725000000000004 4.9175000000000013 -0.52247866957162958 42.500000000000007 0.40673664307580004 9.1475000000000026 1.2076058377359182 37.750000000000007 945.47500000000014 2.8375000000000008
decision_type=2 2 10 2 2 2 2 2 2 2 2 2 2 2 10 2 2 2 2 2 2 10 2 2 2 8 2 2 2 2
left_child=-1 2 9 23 5 -5 -7 -6 -9 -2 12 -12 13 -11 15 18 17 -17 -13 20 -20 -15 -23 25 -25 26 27 28 -3 -29
right_child=1 3 -4 4 7 6 -8 8 -10 10 11 14 -14 21 -16 16 -18 -19 19 -21 -22 22 -24 24 -26 -27 -28 29 -30 -31
leaf_value=-0.0025546644481590384 0.00049010835252282501 0.00010520128041414813 4.3345470554851151e-06 0.00044205315964021606 -2.6632360607351524e-05 0.0067204786897432913 0.001716056252557194 -3.474291782921801e-05 9.358230888558028e-05 0.00041701544932775948 -0.00021585856984188102 -0.0018270470593128884 0.0026967702861646192 -0.0013131512949186041 -1.8755144979057713e-05 2.7531478020200728e-05 0.0025498404364207995 0.0041709055099176783 -4.7087004549549727e-05 -0.00049742663551819919 0.0039890024888675126 0.0046758292934986935 -0.0008753641647336112 3.8758464914649703e-05 0.0022826020808733825 4.9740534488951216e-06 -0.0014114982705150871 -0.00018913636980481097 -0.0015565230199634033 0.00048822971181981052
leaf_weight=428 1589 4370 9875 926 1074 206 360 455 238 1099 3062 1671 353 15881 3342 1322 375 218 212 404 277 329 1483 6841 1216 14943 4418 16568 7794 6171
leaf_count=428 1589 4370 9875 926 1074 206 360 455 238 1099 3062 1671 353 15881 3342 1322 375 218 212 404 277 329 1483 6841 1216 14943 4418 16568 7794 6171
internal_value=-0.000189201 -0.000179087 -0.000382583 -5.03171e-05 0.000975183 0.00218036 0.00401401 -4.57118e-05 0.00144842 -0.000562299 -0.000627111 -0.000229519 -0.000853003 -0.000908444 0.000141451 0.000683095 0.00175781 0.000912621 -0.000121449 0.00145991 0.00328542 -0.00101249 0.000178315 -0.000104018 0.000410443 -0.000180435 -0.000322001 -0.000217687 -0.000669078 2.38737e-05
internal_weight=107500 107072 41492 65580 3259 1492 566 1767 693 31617 30028 10883 19145 18792 7821 4479 1915 1540 2564 893 489 17693 1812 62321 8057 54264 39321 34903 12164 22739
internal_count=107500 107072 41492 65580 3259 1492 566 1767 693 31617 30028 10883 19145 18792 7821 4479 1915 1540 2564 893 489 17693 1812 62321 8057 54264 39321 34903 12164 22739
is_linear=0
shrinkage=0.03


Tree=173
num_leaves=31
num_cat=0
split_feature=14 25 24 15 35 28 8 28 2 19 35 2 10 34 8 11 14 26 35 8 28 11 8 26 12 25 35 16 11 19
split_gain=3.38057 4.14002 4.16518 3.57058 3.01793 4.56543 3.95665 4.03562 3.00469 4.96787 3.33461 4.36463 4.14582 6.20275 6.49634 5.88922 5.18005 3.8931 3.02734 3.83676 4.62819 3.43007 3.34056 4.3891 2.81628 3.00719 2.79914 4.8256 3.96646 4.89119
threshold=0.41049766544204236 4.8525000000000009 8.9750000000000014 -0.51250000000000007 87.250000000000014 0.84679050931184496 18.500000000000004 0.70385767264671217 1.2060628531589239 10.192500000000003 28.750000000000004 1.082029858395688 5.5000000000000009 949.22500000000014 18.500000000000004 5.5775000000000015 1.0028750337571224 1.3825000000000003 52.750000000000007 19.500000000000004 0.75170847072592906 7.3075000000000019 1.5000000000000002 3.6075000000000008 7.8075000000000019 5.6225000000000014 54.750000000000007 10.567500000000003 11.727500000000003 1.6425000000000003
decision_type=2 10 10 2 2 2 2 2 2 8 2 2 2 2 2 2 2 2 2 2 2 2 2 2 10 8 2 8 2 10
left_child=1 2 3 -1 8 6 7 -6 10 -10 12 -12 13 14 15 16 -2 -13 -11 22 -21 -22 23 -20 -15 -26 28 -28 29 -19
right_child=4 -3 -4 -5 5 -7 -8 -9 9 18 11 17 -14 24 -16 -17 -18 26 19 20 21 -23 -24 -25 25 -27 27 -29 -30 -31
leaf_value=0.0004045049858479266 0.0035269927914493115 3.6122084878043026e-06 6.2768466877940001e-05 -0.00022115397191793784 -1.9876511310754052e-05 6.8074108682469875e-06 0.0059824396351386075 0.0011867569372886325 -0.00073961348821530832 0.00011893314774022557 0.0023002989530851478 -0.00051276526908686606 -0.00029780010491997188 -0.00096293689268979628 -6.5992435320411609e-05 0.00012393107349342511 0.0054882994952209852 -0.00010695859493916948 0.0016955745363624569 0.0069016832252198788 -0.00023310658673606833 0.00044061205876834929 -0.00011496637926156643 -5.6582741042390199e-05 0.00039157041200950962 -7.5158877459023156e-06 0.00040437915616177265 -8.2476571087147896e-06 2.0650457862993295e-05 0.00017239852009660715
leaf_weight=1707 223 9963 259 29821 430 2339 215 200 3381 294 334 6324 7487 1375 320 745 213 9911 306 203 614 201 4185 309 226 239 13548 3807 1018 7447
leaf_count=1707 223 9963 259 29821 430 2339 215 200 3381 294 334 6324 7487 1375 320 745 213 9911 306 203 614 201 4185 309 226 239 13548 3807 1018 7447
internal_value=-0.000181814 -0.000393008 -0.000560236 -0.000591571 -4.79832e-05 0.000852304 0.00273529 0.00151181 -9.37582e-05 -0.000585282 -6.03206e-06 0.000114001 -0.000475769 0.00040257 0.00183068 0.00285582 0.00560544 8.66612e-05 -7.45471e-05 -0.000225658 0.00144281 0.000420731 -0.000580646 0.00147581 -0.000764228 0.00124468 0.000208109 0.000481278 -4.99436e-05 -0.000156886
internal_weight=107644 41750 31787 31528 65894 3184 845 630 62710 9493 53217 42389 10828 3341 1501 1181 436 42055 6112 5818 1018 815 4800 615 1840 465 35731 17355 18376 17358
internal_count=107644 41750 31787 31528 65894 3184 845 630 62710 9493 53217 42389 10828 3341 1501 1181 436 42055 6112 5818 1018 815 4800 615 1840 465 35731 17355 18376 17358
is_linear=0
shrinkage=0.03


Tree=174
num_leaves=31
num_cat=0
split_feature=2 24 17 34 32 26 12 9 8 33 33 0 19 32 14 1 14 8 34 0 14 1 1 32 19 24 21 13 19 31
split_gain=3.25943 3.01786 3.36618 4.43573 4.4306 3.41478 2.75235 2.91781 3.77687 3.59982 3.59858 3.43654 3.77271 4.89908 3.26981 2.96652 3.90768 5.15325 2.64716 2.95589 4.65199 4.06537 2.60891 2.65391 2.54297 4.55857 2.52872 5.17815 4.13771 7.96073
threshold=1.0606654351972422 3.3250000000000006 6.057500000000001 965.67500000000018 -0.13052122218260639 4.0725000000000007 0.56750000000000012 4.5000000000000009 3.5000000000000004 -0.83385407025023273 0.3090169943749474 6.8725000000000014 3.6525000000000007 0.52247866957162981 1.185126575518425 10.225000000000001 0.38763169805025638 6.5000000000000009 948.57500000000016 2.3825000000000007 0.87193271910384917 11.675000000000002 12.275000000000002 -0.5663846699108962 10.812500000000002 11.225000000000001 1.4269547984972564 12.539166666666668 7.5925000000000011 2.0955005567365124
decision_type=2 8 8 2 2 2 10 2 2 2 2 2 10 2 2 2 2 2 2 2 2 2 2 2 10 10 2 2 8 2
left_child=-1 2 18 5 -5 6 -4 8 9 -8 14 12 15 -14 22 -9 17 -17 -2 20 21 -20 23 -11 25 26 27 28 29 -3
right_child=1 24 3 4 -6 -7 7 11 -10 10 -12 -13 13 -15 -16 16 -18 -19 19 -21 -22 -23 -24 -25 -26 -27 -28 -29 -30 -31
leaf_value=-0.0024385356974679141 0.002479979842485712 -0.00015960336083044936 0.0017285300696893229 -0.00018223351365604821 0.0055476902039371823 -0.0019713225309206431 0.0078046104580663583 -0.00097679111433804757 -0.00087272514740718431 0.0063482345798432675 0.0044350420760189682 -0.0036163906974417304 0.0061274360061626806 5.1919813408505599e-05 0.0011916934500789656 -0.00056639091632097001 0.00013062432748386698 0.0053886487340627171 -0.00091336690333806384 -0.0016385680371052121 0.00094658451872511884 0.0044921582283692198 -0.0015334080259313849 -0.0011953440249091135 -9.9830328947914109e-06 5.1575096101731797e-05 2.2584254473745346e-06 1.5592774242763064e-05 -9.9110164002219267e-05 0.0013006678303212171
leaf_weight=433 200 5939 294 217 249 1370 201 714 7712 202 212 360 291 272 223 225 1571 356 1745 4260 482 291 1189 204 1271 341 56609 920 17701 1353
leaf_count=433 200 5939 294 217 249 1370 201 714 7712 202 212 360 291 272 223 225 1571 356 1745 4260 482 291 1189 204 1271 341 56609 920 17701 1353
internal_value=-0.000177551 -0.000166968 -0.000472752 -0.000231046 0.00263694 -0.000318681 -0.000178748 -0.000240665 -0.000510556 0.000575581 0.000191645 0.000467316 0.000760919 0.00299472 -0.000243555 0.000317659 0.000873435 0.00296416 -0.00102162 -0.00112251 -0.000306778 -0.000934837 -0.000721876 0.00134306 -8.39333e-05 -6.34631e-05 -7.78661e-05 -0.00032329 -0.000404793 0.000196518
internal_weight=107407 106974 22840 15862 466 15396 14026 13732 9943 2231 2030 3789 3429 563 1818 2866 2152 581 6978 6778 2518 2036 1595 406 84134 82863 82522 25913 24993 7292
internal_count=107407 106974 22840 15862 466 15396 14026 13732 9943 2231 2030 3789 3429 563 1818 2866 2152 581 6978 6778 2518 2036 1595 406 84134 82863 82522 25913 24993 7292
is_linear=0
shrinkage=0.03


Tree=175
num_leaves=31
num_cat=0
split_feature=18 6 35 14 18 26 5 11 35 1 35 35 11 28 6 1 20 28 25 35 26 35 1 3 9 31 6 26 31 28
split_gain=3.17498 6.50291 6.303 4.4002 3.55059 4.84953 4.81393 4.6945 4.5527 4.46106 3.84209 3.69046 5.30813 6.34367 6.41171 3.52996 3.72736 8.47208 3.39293 3.3303 6.27475 3.25701 7.10433 3.81905 5.68767 8.55242 3.51121 3.62078 10.7948 3.23599
threshold=10.102500000000003 2.5000000000000004 24.250000000000004 0.3585154575932929 8.7125000000000021 3.0425000000000004 0.12436307484629058 3.5425000000000004 81.750000000000014 0.37500000000000006 75.750000000000014 44.750000000000007 7.0275000000000007 0.84679050931184496 1.5000000000000002 29.375000000000004 4.4156250000000012 0.91489981232029061 2.1725000000000003 87.250000000000014 2.1175000000000006 18.750000000000004 22.875000000000004 6.2072416857364088 5.5000000000000009 2.0187942676795481 1.5000000000000002 6.3775000000000013 1.3637510942737838 2.8412026102177133
decision_type=2 2 2 2 2 2 2 2 2 2 2 2 2 2 2 2 2 2 10 2 2 2 2 2 2 2 2 2 2 2
left_child=1 2 18 29 5 11 9 -8 10 -7 -9 15 19 14 -14 -5 17 -17 -1 -13 -21 22 -2 24 -23 -26 27 -25 -29 -4
right_child=21 -3 3 4 -6 6 7 8 -10 -11 -12 12 13 -15 -16 16 -18 -19 -20 20 -22 23 -24 26 25 -27 -28 28 -30 -31
leaf_value=-0.0015843599554160809 6.2416191969757453e-05 0.0006097986327300469 -0.00053970324169575954 -0.0017042608804816333 -0.00022960201380012793 -0.0019548397226038217 0.0030331397531046444 0.00052554271154077621 -0.00049653069221693321 0.00030461659266146522 0.0014928493317369112 -0.00029441375800555501 0.00058875725013487156 0.00017959982839396273 0.004358418403187703 -0.0011688592919386902 -0.00075382351590556689 0.0041552799358460825 -0.0007373637224100891 9.9882590797079061e-06 0.0035136975400326884 9.4512082159010802e-05 2.7846470637377294e-06 3.7451865629824565e-06 5.7181499501900738e-05 0.0024597332573170114 -7.0869922725597245e-06 7.6672036350057256e-05 -1.3232234458814127e-06 0.00043421984224736659
leaf_weight=2386 240 9893 20039 5999 6216 640 302 3727 390 3426 329 15657 250 2671 265 311 695 257 4949 1135 378 4678 610 7793 415 279 12852 200 469 205
leaf_count=2386 240 9893 20039 5999 6216 640 302 3727 390 3426 329 15657 250 2671 265 311 695 257 4949 1135 378 4678 610 7793 415 279 12852 200 469 205
internal_value=-0.000170703 -0.00026621 -0.000367654 -0.000270538 -9.76257e-05 1.54781e-05 0.000627962 0.00127625 0.00102718 -0.000129699 0.00132529 -0.000180068 2.71099e-05 0.00115074 0.00418269 -0.000760425 0.000679021 0.0024712 -0.00119959 -0.00018166 0.00116008 0.000107185 0.00192982 4.87798e-05 0.00076325 0.00328755 -0.000131433 0.000342978 0.00245252 -0.000634699
internal_weight=107656 80120 70227 62892 42648 36432 8814 4748 4446 4066 4056 27618 20356 3186 515 7262 1263 568 7335 17170 1513 27536 850 26686 5372 694 21314 8462 669 20244
internal_count=107656 80120 70227 62892 42648 36432 8814 4748 4446 4066 4056 27618 20356 3186 515 7262 1263 568 7335 17170 1513 27536 850 26686 5372 694 21314 8462 669 20244
is_linear=0
shrinkage=0.03


Tree=176
num_leaves=31
num_cat=0
split_feature=24 17 2 35 19 8 20 18 2 9 8 35 26 8 29 34 25 33 8 2 34 22 17 13 34 8 19 8 34 25
split_gain=3.7611 3.83959 3.02791 5.12058 8.37889 3.73614 4.2257 3.30559 3.24196 3.23031 4.54258 6.58115 9.39464 5.93475 5.01533 3.42435 3.33803 2.74427 2.85996 2.73957 6.1732 6.58048 4.28986 4.18104 4.20278 11.9464 3.66437 6.10747 8.21602 7.39445
threshold=2.6250000000000004 6.1525000000000007 1.203426890226911 92.750000000000014 4.6225000000000014 18.500000000000004 2.7438750000000005 11.042500000000002 1.0606654351972422 3.5000000000000004 8.5000000000000018 83.750000000000014 3.1125000000000007 1.5000000000000002 2.8325000000000005 962.02500000000009 2.4525000000000006 0.32556815445715659 14.500000000000002 1.1494155581425787 953.72500000000014 12.095486111111112 6.892500000000001 14.152500000000002 945.92500000000018 8.5000000000000018 1.2725000000000002 15.500000000000002 948.07500000000016 0.47750000000000009
decision_type=8 8 2 2 10 2 2 2 2 2 2 2 2 2 2 2 8 2 2 2 2 2 10 2 2 2 10 2 2 10
left_child=1 -1 8 5 -5 7 -7 9 -2 -4 11 12 13 -11 16 -14 -15 -12 -19 20 26 22 -22 24 25 -21 -10 28 -28 -30
right_child=2 -3 3 4 -6 6 -8 -9 19 10 17 -13 15 14 -16 -17 -18 18 -20 23 21 -23 -24 -25 -26 -27 27 -29 29 -31
leaf_value=-0.00099915356623220676 -0.0022765630117979776 -0.00017906756556409036 -0.0014962282563435827 0.0040096432829344652 -0.00024854255972948323 0.009094633317857535 3.3194859819996035e-06 -1.1817462348551188e-06 -2.63556445434987e-05 0.00449535724372053 -0.0025867312119998908 -0.0022493676705743499 -0.0022331026734332552 0.003013284897727822 -0.00028913906999299989 0.0013766621194910608 0.0073082843679824552 -0.0008826766882147585 0.0027573389379394559 -0.0011841095914613188 -0.0002075287753557553 9.0017558735428518e-06 0.00023802010307765964 -1.1326635733096557e-05 2.2537865864930368e-05 0.0041440519866397093 5.4983679062884909e-06 -4.2429540899489393e-05 -5.544245970703021e-05 0.00067126629013131481
leaf_weight=5327 386 11815 5590 238 254 237 4113 5142 22062 235 1501 727 527 259 353 200 235 331 220 237 6705 341 267 1158 22747 247 5789 6048 956 3469
leaf_count=5327 386 11815 5590 238 254 237 4113 5142 22062 235 1501 727 527 259 353 200 235 331 220 237 6705 341 267 1158 22747 247 5789 6048 956 3469
internal_value=-0.000177292 -0.000584709 -0.000100156 -0.000424258 0.0025835 -0.000500128 0.000275545 -0.000720392 -7.32849e-06 -0.00103349 -0.000442849 0.000406139 0.00137431 0.00314075 0.00194718 -0.0012582 0.00388377 -0.00149052 0.000318345 7.88151e-06 -0.00012929 -0.000927713 -0.00112742 0.000264532 0.00035234 0.00310429 2.31671e-05 0.000364787 0.000812016 0.00178442
internal_weight=107716 17142 90574 20162 492 19670 4350 15320 70412 10178 4588 2536 1809 1082 847 727 494 2052 551 70026 45637 7313 6972 24389 23231 484 38324 16262 10214 4425
internal_count=107716 17142 90574 20162 492 19670 4350 15320 70412 10178 4588 2536 1809 1082 847 727 494 2052 551 70026 45637 7313 6972 24389 23231 484 38324 16262 10214 4425
is_linear=0
shrinkage=0.03


Tree=177
num_leaves=31
num_cat=0
split_feature=24 33 25 10 19 34 29 34 33 32 29 10 25 11 10 19 35 34 34 18 10 31 26 19 16 16 34 35 2 23
split_gain=3.66862 4.11457 3.9514 3.25242 3.9985 3.61315 4.80722 3.65752 4.17424 8.47329 4.86352 3.63194 3.48465 4.42647 3.16448 3.88129 3.10102 6.19529 4.64818 3.96779 3.93492 5.81956 5.37439 8.61968 4.94672 5.68239 3.53748 3.07007 3.02402 3.00113
threshold=6.9250000000000016 -0.66259481767468253 4.9575000000000014 9.5000000000000018 5.9275000000000011 968.27500000000009 6.1125000000000016 963.47500000000014 0.3090169943749474 0.72534675097891099 6.9475000000000007 6.5000000000000009 4.5225000000000017 2.2675000000000005 1.5000000000000002 8.3325000000000014 54.750000000000007 944.07500000000016 963.47500000000014 4.2025000000000015 8.5000000000000018 1.7333690221270526 1.6925000000000001 2.4525000000000006 10.567500000000003 9.3775000000000031 954.82500000000016 67.750000000000014 1.0732421553766998 0.30868586444052926
decision_type=8 2 8 2 8 2 2 2 2 2 2 2 8 2 2 10 2 2 2 2 2 2 2 8 10 10 2 2 2 2
left_child=1 2 -1 5 -5 7 27 8 28 -10 -11 -12 13 -6 15 -3 18 19 -16 -18 21 26 -23 -24 25 -25 29 -7 -2 -19
right_child=3 14 -4 4 12 6 -8 -9 9 10 11 -13 -14 -15 16 -17 17 20 -20 -21 -22 22 23 24 -26 -27 -28 -29 -30 -31
leaf_value=5.5713174229391758e-05 -0.0024312206911952287 -0.0010904551408834856 0.0050129878541710932 0.00089368182705033285 -0.00076453828597501574 3.5674989280563343e-05 -1.010274135254785e-05 -6.5241722820459256e-05 -0.0005116849040971564 0.00043634103702416187 0.00016717292201071543 2.0433164264581638e-05 -1.4708257292073145e-06 0.00024399371601218928 -0.00026699801907419714 0.00014192197302297815 0.0052394465752752251 0.0015896498380640345 0.0017149532091349118 0.0020999810309210204 -0.00012670819036786709 -0.0019018977606652962 0.003591250897062435 0.00097649660450412957 -0.00033552910702118986 0.00092099374729877163 -0.001220900502059334 0.0013608205218472735 -9.8467464299445415e-06 -0.00010735166539975546
leaf_weight=2515 733 4974 549 274 832 290 298 2323 4302 4328 347 277 4858 3025 17745 225 208 786 323 356 15222 659 200 1256 298 350 1119 278 38278 341
leaf_count=2515 733 4974 549 274 832 290 298 2323 4302 4328 347 277 4858 3025 17745 225 208 786 323 356 15222 659 200 1256 298 350 1119 278 38278 341
internal_value=-0.000173714 -0.000372112 0.000690126 -1.90088e-05 0.000507338 -0.000111002 0.00180482 -0.000143973 -8.79435e-05 0.000484717 0.00133024 0.0037965 0.000393921 0.00106655 -0.000446049 -0.00114085 -0.000352965 -0.000103126 -0.000640404 0.00298418 -0.00018991 0.00053909 0.0014599 0.00219915 0.00156522 0.00222346 -0.000594403 0.00341361 -0.000223832 0.000590989
internal_weight=107569 47126 3064 60443 8989 51454 866 50588 48265 9254 4952 624 8715 3857 44062 5199 38863 20795 18068 564 20231 5009 2763 2104 1904 1606 2246 568 39011 1127
internal_count=107569 47126 3064 60443 8989 51454 866 50588 48265 9254 4952 624 8715 3857 44062 5199 38863 20795 18068 564 20231 5009 2763 2104 1904 1606 2246 568 39011 1127
is_linear=0
shrinkage=0.03


Tree=178
num_leaves=31
num_cat=0
split_feature=24 7 33 2 14 27 9 10 10 2 25 9 8 9 22 29 8 29 5 2 1 20 1 30 26 25 3 18 21 33
split_gain=3.82771 3.68676 3.14784 2.98133 2.48785 3.80117 3.5704 4.02058 2.98109 4.4341 7.78876 7.36947 4.35994 3.73298 3.08126 3.02635 4.47306 2.85383 4.82448 4.22083 6.90181 3.93473 2.80901 2.39213 2.36306 2.31269 2.20891 2.37621 4.33172 2.46367
threshold=2.6250000000000004 17.500000000000004 0.86159635224327547 1.0606654351972422 1.8696902589099995 2.898541666666667 2.5000000000000004 6.5000000000000009 11.500000000000002 1.2221243581812249 4.8525000000000009 5.5000000000000009 4.5000000000000009 3.5000000000000004 11.56854166666667 0.99250000000000016 18.500000000000004 2.5325000000000006 0.031899740605587333 1.2248429590802654 1.0000000180025095e-35 3.9864583333333337 -14.249999999999998 7.1250000000000009 1.1875000000000002 1.2775000000000001 1.0244959928132469 2.2075000000000005 3.9044968705474639 0.16504132135358049
decision_type=8 2 2 2 2 2 2 2 2 2 8 2 2 2 2 2 2 2 2 2 2 2 2 2 2 10 2 2 2 2
left_child=1 -1 23 -2 8 6 -6 -8 9 15 22 12 13 -12 -14 16 -5 18 -10 20 -20 -22 -11 -3 -19 -26 -17 28 29 -28
right_child=3 2 -4 4 5 -7 7 -9 17 10 11 -13 14 -15 -16 26 -18 24 19 -21 21 -23 -24 -25 25 -27 27 -29 -30 -31
leaf_value=-0.0010205478817190525 -0.0023031957053887705 -0.00036359797049260008 0.0033088699603418263 0.00026733927272531109 -3.243599924349527e-05 7.4740206485823795e-06 0.0061205865677839699 0.00097430400988221685 -0.00088010581711367528 0.00099735779509003758 0.001000437429555202 0.00092421112477507306 -8.7225199070931363e-05 -1.0510854295084914e-05 3.2106193277913592e-05 -0.0028650453544021388 0.0074409896057402768 -0.0030649619111416345 -0.0019257270077366545 0.0057617275158629811 0.00024800362062120802 0.0058394214717481215 -0.0014615805030135708 0.00091557030401759993 0.0020460694455942396 3.1155351896397785e-06 0.00094260765979162686 -1.1506146172752807e-05 0.0031586048440599263 -0.00065195848776523609
leaf_weight=5539 385 10229 461 1673 389 3654 348 278 615 232 204 209 1139 216 270 624 366 351 505 277 205 385 4614 913 200 4980 3476 62259 350 2464
leaf_count=5539 385 10229 461 1673 389 3654 348 278 615 232 204 209 1139 216 270 624 366 351 505 277 205 385 4614 913 200 4980 3476 62259 350 2464
internal_value=-0.000191161 -0.000602205 -0.000297985 -0.000113419 -0.000102107 0.000571886 0.00219118 0.00358479 -0.000138895 -0.000193827 -0.000920599 0.000634361 1.79927e-05 0.00268235 -0.000782886 -0.000123511 0.00101419 0.000431476 0.00140512 0.00239216 0.00154091 0.00373109 -0.00157452 -0.000398852 8.07435e-05 0.000243008 -0.000157117 -0.000140868 0.000414614 0.000222035
internal_weight=107810 17142 11603 90668 90283 4669 1015 626 85614 78096 6884 2038 1829 420 1409 71212 2039 7518 1987 1372 1095 590 4846 11142 5531 5180 69173 68549 6290 5940
internal_count=107810 17142 11603 90668 90283 4669 1015 626 85614 78096 6884 2038 1829 420 1409 71212 2039 7518 1987 1372 1095 590 4846 11142 5531 5180 69173 68549 6290 5940
is_linear=0
shrinkage=0.03


Tree=179
num_leaves=31
num_cat=0
split_feature=24 17 1 35 30 35 21 19 33 24 12 3 2 14 13 15 33 19 35 21 23 14 19 15 14 11 32 1 31 19
split_gain=3.13323 3.33326 3.12779 3.08375 4.20069 5.33132 4.79023 5.6575 3.96362 3.53766 3.13713 3.03339 2.86606 2.80846 4.00919 4.40449 3.80541 7.36589 2.73685 3.12269 5.10237 2.72884 2.68996 2.52188 2.94293 3.54716 2.23408 5.28721 3.71082 7.38904
threshold=2.6250000000000004 5.9925000000000006 11.675000000000002 43.250000000000007 3.7250000000000005 77.750000000000014 1.4984766567116563 1.2375000000000005 0.04361772647272262 1.3250000000000004 0.67250000000000021 1.7979820728690143 1.0606654351972422 0.44377171308376878 5.5441666666666674 -0.51250000000000007 -0.33379414889141251 0.94750000000000012 58.750000000000007 3.1336247646972133 0.65572127372085665 0.39122670324676995 4.2525000000000013 0.19500000000000053 0.28919428302325362 3.7975000000000008 -0.26722820045975981 17.975000000000005 2.3796122994652409 3.1675000000000004
decision_type=8 8 2 2 2 2 2 10 2 10 10 2 2 2 2 2 2 10 2 2 2 2 8 2 2 2 2 2 2 10
left_child=1 2 21 -3 10 6 7 8 -6 22 -5 -4 -2 14 15 -14 17 -17 -16 -20 -21 -1 -8 24 25 -19 27 -15 -29 -30
right_child=12 3 11 4 5 -7 9 -9 -10 -11 -12 -13 13 26 18 16 -18 23 19 20 -22 -23 -24 -25 -26 -27 -28 28 29 -31
leaf_value=-0.0012600499893232367 -0.0020760825226196723 -0.0011037039116256861 0.0092257356663091681 0.0010216985980349314 -0.0014542866745656745 -0.0016281293318427151 0.00059462133299038682 0.0038797686864976691 0.003980945382729445 -0.00012134716162184082 -0.00058624055079958327 -0.00022774782495720486 0.0013149799034022163 1.7631802768465198e-05 7.3671826141996628e-06 -0.00095594537965704109 -0.0014838711469887856 0.0012656564956298488 -2.0712701805284582e-05 0.001819303776592367 -9.1512088638523449e-06 -0.00075640109589999527 0.0041002283304653201 -0.00060725846462743966 0.0023680316329444053 0.005372376250387589 4.124640405158475e-05 -7.3739200599399755e-05 -0.0022568976414867187 0.003141889951625434
leaf_weight=1643 372 3459 202 321 281 624 206 296 202 1206 5076 487 1280 15111 11795 2993 11515 365 8377 276 577 2907 245 309 333 206 21952 14159 450 455
leaf_count=1643 372 3459 202 321 281 624 206 296 202 1206 5076 487 1280 15111 11795 2993 11515 365 8377 276 577 2907 245 309 333 206 21952 14159 450 455
internal_value=-0.000181642 -0.000553322 -0.00118364 -0.000275817 3.29702e-05 0.000920065 0.00155346 0.00348597 0.00145697 0.000637183 -0.000470382 0.000695965 -0.000111179 -0.000100258 -0.000296285 -0.000638775 -0.000776613 -4.27523e-06 -1.92589e-05 -0.000406065 0.00131818 -0.00146872 0.00288816 0.00196305 0.00275908 0.00405729 4.27561e-05 -0.000124752 -0.000522398 0.00133516
internal_weight=107680 17155 5239 11916 8457 3060 2436 779 483 1657 5397 689 90525 90153 38026 17001 15721 4206 21025 9230 853 4550 451 1213 904 571 52127 30175 15064 905
internal_count=107680 17155 5239 11916 8457 3060 2436 779 483 1657 5397 689 90525 90153 38026 17001 15721 4206 21025 9230 853 4550 451 1213 904 571 52127 30175 15064 905
is_linear=0
shrinkage=0.03


Tree=180
num_leaves=31
num_cat=0
split_feature=24 19 2 14 18 7 16 25 26 34 19 35 23 1 16 23 2 20 34 29 1 14 28 1 33 21 35 21 25 20
split_gain=3.18126 3.00351 2.57318 2.48436 2.7532 2.36471 2.99734 2.57941 4.46494 8.97445 2.53063 2.24567 5.95243 2.76595 4.47528 4.18577 3.99377 5.85547 5.6566 4.64278 3.77908 4.28022 4.02713 3.52243 3.41644 3.71968 3.60489 3.35627 3.34956 3.6791
threshold=2.6250000000000004 6.1125000000000016 1.0606654351972422 0.077620873481621264 10.147500000000003 17.500000000000004 5.3425000000000011 3.4375000000000009 1.9575000000000002 948.07500000000016 4.5275000000000007 92.250000000000014 0.36076467981095423 0.67500000000000016 7.5425000000000013 0.063594748438868906 1.1494155581425787 12.505500000000003 953.72500000000014 7.3375000000000012 22.575000000000006 0.98320903169163387 2.4290822598235855 -0.37499999999999994 -0.41467745240824966 1.7783051972833535 58.250000000000007 2.4209809908347126 0.9125000000000002 7.7464583333333339
decision_type=8 10 2 2 2 2 10 10 2 2 10 2 2 2 8 2 2 2 2 2 2 2 2 2 2 2 2 2 8 2
left_child=1 5 -2 4 -4 -1 7 10 -9 -10 -7 13 -13 14 15 -5 17 18 -15 -19 21 22 -21 24 25 -16 27 -26 -18 -30
right_child=2 -3 3 11 -6 6 -8 8 9 -11 -12 12 -14 16 23 -17 28 19 -20 20 -22 -23 -24 -25 26 -27 -28 -29 29 -31
leaf_value=-0.00093475585397353176 -0.0020138000469410808 0.00059625932360929108 -0.0017654122426595238 0.00020156474041720161 3.3330191700293014e-06 -0.00024366330722552939 -0.0019444213569897895 -0.00025227793425213851 -0.00090055858548548614 0.0055143587040895978 0.0017782397636889502 0.003616619249687647 -0.00016080856398032891 -1.4112195655722538e-05 0.00015189053344423996 -0.0027546375780862107 -0.00093116110250360143 -9.8416132983692713e-06 -0.00011991279739824611 3.831318815524684e-05 -2.1295375887162016e-06 3.9200948428731526e-06 5.3361385948875538e-06 -4.4454064102020246e-05 0.00013910128077383231 0.0013495625819883194 -1.0181442935035534e-05 3.456073247933844e-06 0.00069151378406194367 2.2690679468029271e-07
leaf_weight=5483 378 321 1968 1482 1338 6707 3378 523 210 259 209 383 374 36481 289 4097 1105 240 6774 221 295 258 203 1656 335 249 8075 693 11654 12067
leaf_count=5483 378 321 1968 1482 1338 6707 3378 523 210 259 209 383 374 36481 289 4097 1105 240 6774 221 295 258 203 1656 335 249 8075 693 11654 12067
internal_value=-0.000186195 -0.000561568 -0.000115373 -0.000104952 -0.000911508 -0.000616848 -0.000368259 -4.85285e-05 0.00137813 0.00348734 -0.00025401 -7.42277e-05 0.00154724 -8.85606e-05 -0.000432913 -0.00112769 -4.67584e-06 -0.000174833 -0.000232664 0.00187316 0.0027892 0.00400873 0.00584615 -8.94539e-05 0.000130312 0.00244199 -7.57647e-06 0.00166118 0.000300108 0.00037541
internal_weight=107705 17090 90615 90237 3306 16769 11286 7908 992 469 6916 86931 757 86174 16876 5579 69298 44472 43255 1217 977 682 424 11297 9641 538 9103 1028 24826 23721
internal_count=107705 17090 90615 90237 3306 16769 11286 7908 992 469 6916 86931 757 86174 16876 5579 69298 44472 43255 1217 977 682 424 11297 9641 538 9103 1028 24826 23721
is_linear=0
shrinkage=0.03


Tree=181
num_leaves=31
num_cat=0
split_feature=7 23 8 34 7 18 16 23 1 1 16 21 18 28 1 8 18 24 14 15 14 21 10 15 26 14 28 34 28 8
split_gain=3.09214 6.0089 4.68001 4.38232 4.16659 4.9043 5.1464 3.63945 3.21812 3.1531 4.23608 5.42417 4.00919 3.63342 3.07615 3.95942 3.82867 3.0278 2.95879 2.84592 2.80466 2.76387 2.73539 2.6589 2.88975 2.52646 4.45972 5.42576 2.90605 2.96752
threshold=41.500000000000007 0.89206777072358956 5.5000000000000009 976.82500000000016 16.500000000000004 15.032500000000002 13.887500000000003 0.73569772894477892 27.925000000000004 -5.8249999999999984 11.557500000000003 3.2887023148499188 5.3175000000000017 1.0296277638092566 32.975000000000009 13.500000000000002 5.017500000000001 1.9750000000000003 0.18754999333510972 -0.37999999999999973 0.51007352411196427 1.2587874453384595 6.5000000000000009 -0.37999999999999973 3.8025000000000007 1.6376787430378095 1.3637139083563692 944.72500000000014 2.8955488458801222 12.500000000000002
decision_type=2 2 2 2 2 2 8 2 2 2 8 2 2 2 2 2 2 8 2 2 2 2 2 2 2 2 2 2 2 2
left_child=1 3 -3 9 5 6 18 8 20 10 12 19 13 -1 17 16 -16 -11 -4 -12 -2 -18 -10 24 -17 28 -27 -28 -19 -30
right_child=7 2 4 -5 -6 -7 -8 -9 22 14 11 -13 -14 -15 15 23 21 25 -20 -21 -22 -23 -24 -25 -26 26 27 -29 29 -31
leaf_value=-0.00072744731973536328 -0.00027453366367910574 -6.3604718712457078e-06 4.6444865533056269e-05 0.00031223149356247458 2.1883280981494928e-06 1.2248778686452565e-06 3.9413917162194333e-05 -2.5539013338684534e-05 0.0027310726279235736 -0.00044528212593674288 0.00062533528732517827 0.002143492216200782 -0.0016738925771042699 0.0011226556980218957 -0.0024621447724404218 0.0013548734012981084 -0.00049157997615301597 -4.2484169713347117e-05 1.4541098409953657e-05 -7.7386331642398379e-05 0.00084481472540954932 0.0015006528242046792 0.00083120687614131068 -0.0019137489850645046 -0.0016069670992496273 0.0011276572933188189 0.0013186799414731964 -0.00017779181173476654 -2.3370830820821193e-05 0.00024577868153172167
leaf_weight=268 4730 1621 286 232 3487 823 275 2931 762 9369 205 228 2320 290 458 472 200 61142 894 604 6073 379 1165 1991 431 2439 355 1982 551 708
leaf_count=268 4730 1621 286 232 3487 823 275 2931 762 9369 205 228 2320 290 458 472 200 61142 894 604 6073 379 1165 1991 431 2439 355 1982 551 708
internal_value=-0.000163853 -0.000230181 0.000590177 -0.000301812 0.000990467 0.00198686 0.00303082 0.000225775 0.000445229 -0.000313235 -0.00114413 0.00049808 -0.00173569 0.000543516 -0.000272745 -0.0010907 0.00049808 -0.00023067 0.0021519 -0.000659706 0.00024343 0.0021113 0.00157298 -0.00165988 -0.000307269 -0.000160178 0.000504496 -0.000431683 -0.000211086 0.00121282
internal_weight=107671 92010 7386 84624 5765 2278 1455 15661 12730 84392 3915 1037 2878 558 80477 3931 1037 76546 1180 809 10803 579 1927 2894 903 67177 4776 2337 62401 1259
internal_count=107671 92010 7386 84624 5765 2278 1455 15661 12730 84392 3915 1037 2878 558 80477 3931 1037 76546 1180 809 10803 579 1927 2894 903 67177 4776 2337 62401 1259
is_linear=0
shrinkage=0.03


Tree=182
num_leaves=31
num_cat=0
split_feature=2 34 11 10 23 25 31 9 28 25 22 35 17 34 34 17 34 10 25 25 15 18 10 24 30 34 34 21 33 32
split_gain=3.09809 3.18481 6.00275 4.9766 4.04508 4.21794 3.79737 5.21181 4.6812 4.66163 3.05219 5.07356 4.35203 4.82683 3.18195 3.81949 3.70966 2.98914 3.334 3.01227 2.93391 2.89581 5.52939 4.53932 5.58889 4.95804 3.67911 3.58128 3.0643 3.94738
threshold=1.2167232008117836 969.02500000000009 4.6675000000000013 1.5000000000000002 0.07029866974253815 0.80750000000000022 1.7251975201973868 5.5000000000000009 0.65021711115228842 3.7625000000000006 3.2227777777777784 33.750000000000007 3.1575000000000006 960.12500000000011 951.82500000000016 4.7575000000000012 940.57500000000016 8.5000000000000018 0.32250000000000006 1.1875000000000002 0.31500000000000006 2.6125000000000007 5.5000000000000009 4.8250000000000011 4.9250000000000016 952.82500000000016 942.32500000000016 1.2051903376590865 0.32556815445715659 -0.46173103126271881
decision_type=2 2 2 2 2 10 2 2 2 8 2 2 8 2 2 8 2 2 10 8 2 2 2 8 2 2 2 2 2 2
left_child=10 3 -3 4 5 -2 -5 8 -8 -9 11 -1 -13 14 16 -16 -14 19 -19 -18 -4 22 23 -12 -25 -26 -24 -28 -23 -30
right_child=1 2 20 6 -6 -7 7 9 -10 -11 21 12 13 -15 15 -17 17 18 -20 -21 -22 28 26 24 25 -27 27 -29 29 -31
leaf_value=-0.0012841923207878932 0.001267087568327527 0.0063300679349695237 -1.1700523735355128e-05 -0.00013605678930554642 -0.0011088146186091863 -0.00042436561409193259 0.0010153402023400937 -4.8539442090728524e-05 -9.1472738061526562e-06 0.0024435966072410063 -1.1877570468292475e-06 -0.0010315871945528576 -0.0046091162041685093 0.0012946836182956547 0.0090950800311925296 -0.0016003925864243728 0.0031410995003034142 0.0014393600069603041 -0.0038313868200017791 0.00044327005938591763 3.5596493611530084e-05 -1.0397854577027462e-05 0.002852137197643342 0.0024876504119187223 0.009327918540985608 0.0020697931230074379 0.003278863515818132 -0.00064855476188455552 -0.00094227621342539002 6.437637198400181e-05
leaf_weight=3998 217 279 846 3344 4343 715 405 244 3234 308 540 2476 362 1596 232 3109 804 504 486 2956 296 58086 410 395 319 228 207 2961 2110 11837
leaf_count=3998 217 279 846 3344 4343 715 405 244 3234 308 540 2476 362 1596 232 3109 804 504 486 2956 296 58086 410 395 319 228 207 2961 2110 11837
internal_value=-0.000177939 -0.000590265 0.000755259 -0.000739759 -0.00144602 0.000345784 -0.000244696 0.000356768 -5.68064e-05 0.00305925 -0.000115231 -0.000485177 -0.00018795 8.98143e-05 -0.000196146 -0.000915422 0.000274379 0.000498422 -0.000964825 0.000884461 -0.000214473 -3.5916e-05 0.000657452 0.00219502 0.00344667 0.00539674 1.84196e-05 -0.000329027 -8.46644e-05 0.000314578
internal_weight=107847 14231 1421 12810 5275 932 7535 4191 3639 552 93616 16523 12525 10049 8453 3341 5112 4750 990 3760 1142 77093 5060 1482 942 547 3578 3168 72033 13947
internal_count=107847 14231 1421 12810 5275 932 7535 4191 3639 552 93616 16523 12525 10049 8453 3341 5112 4750 990 3760 1142 77093 5060 1482 942 547 3578 3168 72033 13947
is_linear=0
shrinkage=0.03


Tree=183
num_leaves=31
num_cat=0
split_feature=16 31 6 35 18 24 16 8 34 34 35 32 25 10 32 24 2 8 32 24 35 10 16 27 18 32 5 35 11 34
split_gain=4.44693 5.85636 4.58141 4.90325 3.88353 3.2239 4.36912 3.20835 6.09154 5.18279 5.37511 10.201 9.43309 4.23567 7.27975 3.1044 3.00742 3.57463 4.36905 4.10068 3.07718 3.03584 3.00693 4.52593 4.28747 4.83777 4.72808 4.25525 5.17716 3.56812
threshold=9.3775000000000031 1.1522717153727842 2.5000000000000004 19.750000000000004 7.5075000000000012 7.0250000000000012 6.1525000000000007 16.500000000000004 968.27500000000009 962.12500000000011 84.250000000000014 -0.90992662233962551 3.3175000000000008 11.500000000000002 0.93038214053199464 7.825000000000002 1.082029858395688 3.5000000000000004 0.89490028524376763 3.9250000000000007 23.750000000000004 7.5000000000000009 5.3425000000000011 1.6006250000000006 4.1575000000000015 -0.83385407025023295 0.2028903430129923 40.250000000000007 4.2925000000000013 958.32500000000016
decision_type=10 2 2 2 2 10 10 2 2 2 2 2 10 2 2 8 2 2 2 10 2 2 10 2 2 2 2 2 2 2
left_child=2 4 3 -1 -2 7 -7 16 9 10 13 -12 -13 22 -15 -6 20 18 -18 -20 -5 -22 23 -9 27 -26 -27 -25 -29 -24
right_child=1 -3 -4 5 15 6 -8 8 -10 -11 11 12 -14 14 -16 -17 17 -19 19 -21 21 -23 29 24 25 26 -28 28 -30 -31
leaf_value=-0.0012439165382541555 0.0031261598054136402 1.4052091360283735e-06 0.00048014800818264034 -0.001068891725252712 -0.00014405049647770146 0.0020662668747091638 2.4365290409627771e-05 -0.0012876192986000221 0.0062757347465671196 -0.0014476839733855212 -0.0015392757462104722 0.0055152237421607136 -0.00017897228071756514 -0.00078740705887816195 0.0050353615064214624 0.00010203987600964303 0.00013672252840353573 -0.00065962497063563755 -0.0015289122427502553 0.0014112139972774383 0.0013136512358976481 0.0023122142128856231 -9.1999999650448165e-05 0.0001892649090781198 -0.0013015905809277903 0.00051731493158497469 0.0033958919206642079 0.0055965370157461973 0.00019227751930793845 -0.0023055628243180419
leaf_weight=4283 300 27085 9894 636 257 376 1486 1101 301 2044 371 392 200 202 221 957 8166 31199 2838 383 651 222 7247 885 1661 1368 310 846 552 1121
leaf_count=4283 300 27085 9894 636 257 376 1486 1101 301 2044 371 392 200 202 221 957 8166 31199 2838 383 651 222 7247 885 1661 1368 310 846 552 1121
internal_value=-0.000146291 0.000174206 -0.000262383 -0.000348879 0.00198683 -0.000283821 0.000944831 -0.000320254 7.64787e-06 -6.16978e-05 0.000115216 0.00228409 0.00471357 -2.01051e-05 0.0029229 0.00122067 -0.000460205 -0.000506868 -5.18792e-05 -0.000986672 0.000854028 0.00200569 -0.000103538 0.000368757 0.000713346 2.78103e-05 0.00116221 0.00171372 0.00274127 -0.000482982
internal_weight=107555 28599 78956 69062 1514 64779 1862 62917 18822 18521 16477 963 592 15514 423 1214 44095 42586 11387 3221 1509 873 15091 6723 5622 3339 1678 2283 1398 8368
internal_count=107555 28599 78956 69062 1514 64779 1862 62917 18822 18521 16477 963 592 15514 423 1214 44095 42586 11387 3221 1509 873 15091 6723 5622 3339 1678 2283 1398 8368
is_linear=0
shrinkage=0.03


Tree=184
num_leaves=31
num_cat=0
split_feature=22 34 32 28 34 33 32 34 22 24 15 35 25 30 18 5 28 16 19 16 12 28 5 19 32 30 21 25 15 19
split_gain=3.67782 2.96639 2.95624 3.2607 3.40914 2.95386 6.03813 4.21794 3.35551 3.11698 3.50061 4.24153 3.66181 5.78148 3.26761 3.70665 3.25513 3.8262 4.27998 4.32431 3.72462 3.237 3.90214 5.62819 8.11512 11.5029 4.86584 4.43614 3.85341 5.33259
threshold=2.2679166666666668 948.87500000000011 -0.95878322595067689 0.77679630534188771 941.37500000000011 0.32556815445715659 -0.49240481012316845 950.02500000000009 3.2868750000000007 7.075000000000002 0.037499999999999652 45.750000000000007 6.3975000000000009 12.425000000000002 2.6125000000000007 0.88076447474514397 2.4573323438397892 14.557500000000003 2.5125000000000006 12.242500000000001 12.357500000000002 0.88367780193342016 0.62042226704229819 4.3525000000000009 -0.47714059151611382 4.1750000000000016 4.6658234354144188 3.7175000000000007 -1.01 2.6225000000000005
decision_type=2 2 2 2 2 2 2 2 2 10 2 2 10 2 2 2 2 10 10 10 10 2 2 10 2 2 2 8 2 8
left_child=1 2 -1 -4 -5 9 -7 8 -8 14 11 12 13 -11 -2 21 17 18 20 -20 -17 22 23 26 25 -25 27 -16 29 -29
right_child=5 -3 3 4 -6 6 7 -9 -10 10 -12 -13 -14 -15 15 16 -18 -19 19 -21 -22 -23 -24 24 -26 -27 -28 28 -30 -31
leaf_value=0.0030427648394422053 0.00033675908151486382 -0.00088761148181300145 -0.0012561436438106115 -0.0019781476218170874 0.0013920775308993887 -0.00099851932128312837 -0.00014124105183212335 4.4680873705238435e-06 0.0010289056474050528 5.9082629931142338e-05 -2.2414166216799814e-06 4.8692855409093735e-06 4.1944752483498808e-06 0.00016024917735880858 -0.00055320385308642024 1.132647960081945e-05 -7.4520529392265363e-06 -7.4697363363183712e-06 6.6868949064328588e-05 -2.6346847271710516e-05 3.9221870020361706e-05 -7.5101885303076045e-05 -7.9715696070638417e-05 0.0073169299847994111 -0.00018667624533442949 0.0010657714950975427 0.0043038518445130767 0.0072520136687049246 5.6148352654663337e-05 0.000288082920447749
leaf_weight=205 7595 4784 643 213 900 3261 1378 11536 4261 554 4050 2454 577 314 12421 583 1545 260 684 404 444 40745 1184 304 1490 1211 200 201 3034 240
leaf_count=205 7595 4784 643 213 900 3261 1378 11536 4261 554 4050 2454 577 314 12421 583 1545 260 684 404 444 40745 1184 304 1490 1211 200 201 3034 240
internal_value=-0.000168695 -0.000846667 0.000135808 -0.000265759 0.000716457 -0.000123347 0.000198718 0.000423457 0.0010955 -0.000205121 0.000358687 0.000999743 0.00228621 0.00351203 -0.00026692 -0.000335772 0.000557961 0.0012542 0.00167689 0.000362305 0.00306105 -0.000393218 -8.35394e-05 2.02547e-05 0.00121096 0.00275329 -0.000202348 -0.000261494 0.000685344 0.00328924
internal_weight=107675 6745 1961 1756 1113 100930 20436 17175 5639 80494 7949 3899 1445 868 72545 64950 3920 2375 2115 1088 1027 61030 20285 19101 3005 1515 16096 15896 3475 441
internal_count=107675 6745 1961 1756 1113 100930 20436 17175 5639 80494 7949 3899 1445 868 72545 64950 3920 2375 2115 1088 1027 61030 20285 19101 3005 1515 16096 15896 3475 441
is_linear=0
shrinkage=0.03


Tree=185
num_leaves=31
num_cat=0
split_feature=16 6 35 10 34 34 32 19 24 35 34 34 8 9 16 28 1 35 20 9 28 9 5 26 28 33 32 28 25 19
split_gain=3.51985 5.40485 4.21622 3.84154 4.34293 4.00253 4.31298 3.79995 5.10583 4.60826 4.07517 5.17138 4.06881 5.60728 8.21248 4.98205 4.16013 4.09897 3.87233 4.61675 5.90774 5.85206 6.61298 7.24727 8.29021 6.44223 5.86753 5.60401 4.61005 5.94684
threshold=9.6525000000000016 2.5000000000000004 26.250000000000004 2.5000000000000004 973.12500000000011 950.32500000000016 -0.98624804680367273 1.2375000000000005 2.6250000000000004 54.750000000000007 948.67500000000018 941.37500000000011 7.5000000000000009 3.5000000000000004 3.8825000000000007 0.96505397073858612 23.675000000000004 36.250000000000007 7.821833333333335 5.5000000000000009 0.61315441095283263 3.5000000000000004 0.018083696522579445 2.4225000000000003 0.99672745664858586 -0.43049470426488839 0.95368063612909471 2.333235860444288 3.4575000000000005 3.5875000000000004
decision_type=10 2 2 2 2 2 2 10 8 2 2 2 2 2 10 2 2 2 2 2 2 2 2 2 2 2 2 2 8 10
left_child=1 2 -1 4 5 -4 -7 9 -9 10 11 -5 17 -14 15 -15 -16 -13 19 21 -21 22 -10 28 25 -25 -26 -23 29 -24
right_child=-2 -3 3 7 -6 6 -8 8 18 -11 -12 12 13 14 16 -17 -18 -19 -20 20 -22 27 23 24 26 -27 -28 -29 -30 -31
leaf_value=-0.00088247091857539424 2.5228191985504632e-06 0.00053080126846286231 0.0040891370593624929 -0.0042421820490096164 0.00055552706360986195 0.00056339910723110845 -0.00070023992267159577 -0.00033933694526964151 0.0061259757088998777 -1.0915971120710742e-05 -0.0015009401083158232 0.0039103057860716828 -0.00027702084334807546 0.0062186756860055812 0.0020987338297026991 0.0095040754739553722 -9.5207413166772928e-05 -0.0031416409206234965 -5.4749267200557836e-05 0.0027080615613532598 0.00085858682557118807 -0.0017205128572886886 -0.0012290176470356781 0.0071656425791102648 -0.00011479641723935452 0.0021378273799623404 0.0019188567958261192 0.0014412348649356997 -0.0014982580104173999 0.0025123305559401851
leaf_weight=9075 26222 10272 222 1184 215 670 8522 6055 228 15238 7119 215 2472 289 264 303 992 1764 2702 290 1503 3514 1240 301 1803 1396 226 302 1854 1089
leaf_count=9075 26222 10272 222 1184 215 670 8522 6055 228 15238 7119 215 2472 289 264 303 992 1764 2702 290 1503 3514 1240 301 1803 1396 226 302 1854 1089
internal_value=-0.000175488 -0.000272946 -0.000365944 -0.000277458 -0.000828006 -0.00092494 -0.00102164 -0.000176111 0.000118224 -0.000398057 -0.000778805 -0.000289664 5.28229e-05 0.000568785 0.00181651 0.00471357 0.000437747 -0.00107208 0.00039239 0.000596465 0.0020139 0.00038309 0.000837508 0.000690295 0.00165157 0.00319565 0.000355457 -0.000585711 -0.000166906 0.000721079
internal_weight=107541 81319 71047 61972 9629 9414 9192 52343 22503 29840 14602 7483 6299 4320 1848 592 1256 1979 16448 13746 1793 11953 8137 7909 3726 1697 2029 3816 4183 2329
internal_count=107541 81319 71047 61972 9629 9414 9192 52343 22503 29840 14602 7483 6299 4320 1848 592 1256 1979 16448 13746 1793 11953 8137 7909 3726 1697 2029 3816 4183 2329
is_linear=0
shrinkage=0.03


Tree=186
num_leaves=31
num_cat=0
split_feature=12 7 21 34 35 35 26 8 33 8 9 21 31 27 25 2 34 34 33 9 35 34 19 26 10 18 35 8 27 25
split_gain=3.21314 5.3926 3.80217 3.80517 7.67402 4.24754 5.12838 4.23554 10.6655 5.2511 7.69144 4.06243 5.72594 4.01289 6.84424 4.45998 3.63007 4.56038 3.53318 3.26891 3.07378 3.78802 7.17668 6.58758 4.65979 3.62156 3.38824 3.4467 8.17532 3.25492
threshold=7.1075000000000008 41.500000000000007 5.1915571595279744 950.62500000000011 60.250000000000007 34.750000000000007 4.307500000000001 16.500000000000004 -0.034899496702500851 3.5000000000000004 3.5000000000000004 2.8654551700893744 1.1828294168126303 2.3970833333333341 4.4125000000000005 1.0994950215050927 948.27500000000009 945.32500000000016 0.31729257441605191 2.5000000000000004 58.250000000000007 957.32500000000016 6.5475000000000012 2.2175000000000007 10.500000000000002 9.4725000000000019 93.250000000000014 18.500000000000004 1.6006250000000006 4.5225000000000017
decision_type=8 2 2 2 2 2 2 2 2 2 2 2 2 2 8 2 2 2 2 2 2 2 8 2 2 2 2 2 2 10
left_child=1 2 3 4 11 6 -5 9 -9 10 16 -1 13 -13 15 -15 17 -6 -3 -7 21 25 23 24 -23 -21 27 -22 -29 -27
right_child=-2 18 -4 5 7 19 -8 8 -10 -11 -12 12 -14 14 -16 -17 -18 -19 -20 20 26 22 -24 -25 -26 29 -28 28 -30 -31
leaf_value=-0.00051433204507380151 1.4854113252749102e-06 4.4684071682214819e-05 0.0014166731343836503 -0.0017092390688633777 0.0064276158192327253 -0.00058523938513374617 0.00013792736496531454 0.0023851513205869722 0.0051720587416843201 -0.00011747497617238034 -0.0020759481079417733 -0.001085751159475609 -6.0161857171022735e-05 0.0035227700385148902 4.2717089911336464e-05 0.0047904654826335198 0.0044816486528987762 -0.00064465245074207713 0.0017732750536180169 -0.00089029156830317804 -0.00079656560573130393 0.0062300570513203228 -3.7216166684695476e-05 0.0036293900273433929 -0.0019225585080482352 0.0015424943994855169 0.0034336431088479733 0.0084824910209376648 -2.7888614005060979e-05 -8.120240807915513e-05
leaf_weight=17097 34746 7999 379 3391 261 15238 281 565 221 2514 598 258 1752 226 284 205 298 241 2534 2638 10166 269 964 359 275 243 329 230 2624 207
leaf_count=17097 34746 7999 379 3391 261 15238 281 565 221 2514 598 258 1752 226 284 205 298 241 2534 2638 10166 269 964 359 275 243 329 230 2624 207
internal_value=-0.000170452 -0.000283933 -0.000390371 -0.000408851 -0.000118655 -0.000600017 -0.00156813 0.000970869 0.00297345 0.000565228 0.00203564 -0.000377062 0.000697801 0.00253681 0.0036875 0.00604816 0.00395031 0.00235503 0.000343613 -0.000493815 -0.000223497 0.000414314 0.00147917 0.00339317 0.00128962 -0.000230845 -0.000460312 -0.000536661 0.00038405 0.00224176
internal_weight=107392 72646 62113 61734 24520 37214 3672 4698 786 3912 1398 19822 2725 973 715 431 800 502 10533 33542 18304 4955 1867 903 544 3088 13349 13020 2854 450
internal_count=107392 72646 62113 61734 24520 37214 3672 4698 786 3912 1398 19822 2725 973 715 431 800 502 10533 33542 18304 4955 1867 903 544 3088 13349 13020 2854 450
is_linear=0
shrinkage=0.03


Tree=187
num_leaves=31
num_cat=0
split_feature=14 22 0 1 28 16 11 21 35 1 31 30 28 34 34 24 32 24 8 30 28 10 34 35 19 26 15 1 19 32
split_gain=2.97994 4.44293 5.42307 3.96235 5.07099 4.3503 3.42086 3.22015 3.72503 2.82157 2.92576 2.7946 3.94899 4.80308 4.5571 2.75756 2.66031 2.49452 4.03646 4.12093 2.76185 3.331 2.49763 2.45742 3.40492 4.11722 4.90958 3.1207 4.66239 3.44965
threshold=0.41049766544204236 9.4548750000000013 7.7775000000000007 3.8250000000000006 1.6470099168336119 12.167500000000002 7.4375000000000009 3.7400690664560963 69.750000000000014 -4.6249999999999991 2.1981091326139253 9.2750000000000021 1.6991125126610493 955.52500000000009 960.32500000000016 5.9750000000000005 0.84335933205092517 3.8750000000000004 7.5000000000000009 5.3750000000000009 2.071288849762194 6.5000000000000009 955.32500000000016 87.250000000000014 5.7525000000000013 2.1175000000000006 -0.0099999999999998961 2.2750000000000004 8.9975000000000023 -0.26722820045975981
decision_type=2 2 2 2 2 10 2 2 2 2 2 2 2 2 2 8 2 10 2 2 2 2 2 2 10 2 2 2 8 2
left_child=1 7 3 6 5 -5 -3 9 -9 16 17 -4 13 -13 -15 -10 -1 -11 19 -19 -20 -22 -23 27 25 -25 -27 28 -2 -29
right_child=23 2 11 4 -6 -7 -8 8 15 10 -12 12 -14 14 -16 -17 -18 18 20 -21 21 22 -24 24 -26 26 -28 29 -30 -31
leaf_value=-0.00021722448158427053 -0.00056623204147836692 -3.4652578244796066e-05 -1.267823530151313e-05 7.8881956157667019e-05 1.0626774257940625e-05 8.8957769676613793e-05 0.00012547618738939379 0.0022594563927805489 0.00053787696490995127 -0.00031597066235577277 -0.0016295571053715884 -1.0358376217434185e-06 -2.1508706305425945e-06 9.6453411053555512e-05 8.5473422695982325e-06 -0.0041579823681556936 -0.0021296662071803077 0.0020347295260608367 -0.00036763654617944603 -7.611809492710231e-06 0.00054757648529330514 -0.00088653179558663582 0.00021425009039677899 6.2540128227468175e-05 -5.5755911367327821e-05 2.2906086147989056e-06 0.0022650190052722896 -1.3107927992854762e-05 -2.6842464089293915e-06 8.1228698978306281e-05
leaf_weight=962 4240 873 2326 312 371 216 272 897 203 18505 4985 606 3612 206 329 393 1480 421 3314 380 352 211 358 1473 660 430 682 30975 7217 20397
leaf_count=962 4240 873 2326 312 371 216 272 897 203 18505 4985 606 3612 206 329 393 1480 421 3314 380 352 211 358 1473 660 430 682 30975 7217 20397
internal_value=-0.000140383 -0.000339321 0.000245508 0.00160468 0.0030896 0.00496435 0.000430434 -0.000503697 0.000855139 -0.000569335 -0.000485368 -0.000147799 0.00026923 0.00180366 0.00386111 -0.00097837 -0.0015472 -0.00034541 0.000246379 0.00219231 -0.000123821 0.00132505 -9.93038e-05 -1.51644e-05 0.00078923 0.00127992 0.00265354 -5.67693e-05 -0.000504363 4.30925e-05
internal_weight=107658 41584 9123 2044 899 528 1145 32461 1493 30968 28526 7079 4753 1141 535 596 2442 23541 5036 801 4235 921 569 66074 3245 2585 1112 62829 11457 51372
internal_count=107658 41584 9123 2044 899 528 1145 32461 1493 30968 28526 7079 4753 1141 535 596 2442 23541 5036 801 4235 921 569 66074 3245 2585 1112 62829 11457 51372
is_linear=0
shrinkage=0.03


Tree=188
num_leaves=31
num_cat=0
split_feature=17 32 31 31 10 8 32 22 18 10 8 8 22 18 10 28 11 4 25 19 12 30 10 34 34 11 18 20 25 25
split_gain=2.87933 2.1529 6.51928 5.11423 6.49102 6.50486 5.05068 4.85054 7.44298 4.49052 4.68785 4.13656 4.13072 4.54143 4.47285 4.11107 4.65665 4.2047 4.21774 4.00576 5.83708 4.00382 6.26647 6.28224 5.62665 4.71136 4.75314 4.58466 5.23043 4.265
threshold=1.4175000000000002 -0.74892720285008318 2.3128122013049084 1.6793387175127523 5.5000000000000009 4.5000000000000009 0.87878364999916148 4.2238194444444455 4.767500000000001 11.500000000000002 16.500000000000004 22.500000000000004 10.320166666666669 2.1525000000000007 3.5000000000000004 2.4573323438397892 11.342500000000003 0.96947129880871719 8.2400000000000002 7.9025000000000007 7.7625000000000011 6.3750000000000009 3.5000000000000004 947.57500000000016 965.82500000000016 6.8225000000000016 6.5275000000000007 6.4355000000000011 4.5925000000000011 5.2625000000000011
decision_type=8 2 2 2 2 2 2 2 2 2 2 2 2 2 2 2 2 2 10 10 10 2 2 2 2 2 2 2 10 8
left_child=-1 3 21 12 5 7 -4 -5 -9 19 -11 -7 13 -2 -14 16 -16 18 -18 -8 -21 22 23 -3 -24 26 -23 28 -28 -25
right_child=1 2 6 4 -6 11 9 8 -10 10 -12 -13 14 -15 15 -17 17 -19 -20 20 -22 25 24 29 -26 -27 27 -29 -30 -31
leaf_value=-0.00084306631462990769 0.0002016452485828131 0.0081402673682584459 0.0014668279224750883 -0.00059792472617888894 -5.1716661406335256e-05 -5.3831790221420837e-05 -0.0023111641730350551 0.0054170786384334811 0.00042345492422406488 -1.1080846187982996e-05 0.0021916727009971314 0.0013209621827586513 -1.5728977894458524e-05 -0.00078147919333295117 -3.5497809167384095e-06 -7.0230236729440511e-06 1.9009229903337874e-05 -4.3481717088862679e-06 4.7487652405199703e-05 0.00034849199841133471 -5.1348908518018544e-05 0.00014319150145716556 3.8271826081707142e-05 -0.00077947587770021932 0.0044711081391437691 1.776936864343881e-06 0.0040854930111797567 0.00012525289995434188 -0.00020374436486736536 0.00030998216132704367
leaf_weight=1361 3047 232 798 560 12496 3774 5864 346 1607 718 382 558 1179 21091 866 1809 946 259 241 226 441 3098 20802 7824 668 12296 654 2845 228 607
leaf_count=1361 3047 232 798 560 12496 3774 5864 346 1607 718 382 558 1179 21091 866 1809 946 259 241 226 441 3098 20802 7824 668 12296 654 2845 228 607
internal_value=-0.000170912 -0.000153344 -2.92789e-05 -0.000300038 7.89303e-05 0.000821167 -0.000799977 0.00203376 0.002738 -0.00103759 0.000733031 0.000116209 -0.000548994 -0.000715488 0.000209236 0.000675472 0.0015123 0.00255134 0.00330453 -0.00133614 0.000861606 0.000102681 -0.000112782 -0.000793609 0.000162048 0.000442172 0.00107394 0.00179502 0.00367982 -0.000928521
internal_weight=107823 106462 57683 48779 19341 6845 8429 2513 1953 7631 1100 4332 29438 24138 5300 4121 2312 1446 1187 6531 667 49254 30133 8663 21470 19121 6825 3727 882 8431
internal_count=107823 106462 57683 48779 19341 6845 8429 2513 1953 7631 1100 4332 29438 24138 5300 4121 2312 1446 1187 6531 667 49254 30133 8663 21470 19121 6825 3727 882 8431
is_linear=0
shrinkage=0.03


Tree=189
num_leaves=31
num_cat=0
split_feature=16 7 35 2 34 16 21 35 17 34 2 9 22 33 21 16 17 2 9 24 8 2 26 8 14 15 9 16 34 14
split_gain=2.80991 5.11185 3.62184 3.16589 3.63921 6.31901 10.0537 3.30058 3.98335 5.26233 3.5448 3.26855 4.35534 8.04415 4.14831 3.4642 4.01624 4.39739 3.43343 6.69021 6.83419 10.0449 7.04287 3.28073 3.15308 3.0529 4.65663 3.4876 3.00432 2.85793
threshold=9.6525000000000016 41.500000000000007 23.750000000000004 1.2093740901132575 967.22500000000014 7.4075000000000015 1.5292085370187871 54.750000000000007 5.4975000000000014 960.02500000000009 1.1442402520622537 3.5000000000000004 2.2679166666666668 0.82409480842201688 3.9044968705474639 6.847500000000001 4.2625000000000011 1.1660487668648771 2.5000000000000004 2.9250000000000007 15.500000000000002 1.1676973292542889 2.9825000000000008 1.5000000000000002 2.657785732522473 -0.48749999999999977 3.5000000000000004 7.267500000000001 943.62500000000011 0.50040816673327193
decision_type=10 2 2 2 2 8 2 2 10 2 2 2 2 2 2 8 10 2 2 8 2 2 2 2 2 2 2 10 2 2
left_child=1 2 25 7 -5 -6 -7 8 24 10 -10 12 -9 18 15 16 17 -13 -14 -20 22 -22 23 -21 -4 26 27 28 -1 -3
right_child=-2 29 3 4 5 6 -8 11 9 -11 -12 14 13 -15 -16 -17 -18 -19 19 20 21 -23 -24 -25 -26 -27 -28 -29 -30 -31
leaf_value=0.0016030352162199834 1.9429802128799013e-06 -0.00015717677480884602 -0.00034106904959907848 -0.00061969353873527725 -0.00056996461896109902 -0.0016760462533195197 0.0034433811296333589 -0.00069441120906646946 0.0006445866346542333 0.0011133808372569267 -9.9209701365880756e-05 0.00037501615339882721 5.936890106645833e-05 0.0053523176499515922 0.0021259225199672161 -0.0010268254380004132 0.0029390740514642758 -0.0012059359733150982 -0.0010498393117426865 0.0018118291066550017 -1.5581368635074931e-05 0.0082324876113727165 0.0047176430472354765 -0.00014649946226349524 0.0012739050397035426 -0.0012119837292630495 -0.0019748225639637899 0.0020555508357255692 -0.00059665032315880159 0.00097316168299412963
leaf_weight=207 26130 4876 25830 10463 811 211 238 1518 207 200 350 3160 9336 252 262 3223 334 2582 828 202 216 323 218 1352 437 4817 1061 265 625 7112
leaf_count=207 26130 4876 25830 10463 811 211 238 1518 207 200 350 3160 9336 252 262 3223 334 2582 828 202 216 323 218 1352 437 4817 1061 265 625 7112
internal_value=-0.000157064 -0.00024384 -0.000342486 -0.000270134 -0.000714445 0.000806323 0.00364097 -0.000167602 -0.000394466 0.00174409 0.000229537 8.99577e-05 0.000377894 0.000559142 -0.000339014 -0.000444648 -2.26944e-05 -0.000209849 0.00045072 0.00130821 0.00213601 0.00507904 0.00122904 0.000511866 -0.000456418 -0.000990688 -5.27053e-05 0.00131488 0.000351254 0.000328191
internal_weight=107646 81516 69528 62553 11723 1260 449 50830 27024 757 557 23806 14245 12727 9561 9299 6076 5742 12475 3139 2311 539 1772 1554 26267 6975 2158 1097 832 11988
internal_count=107646 81516 69528 62553 11723 1260 449 50830 27024 757 557 23806 14245 12727 9561 9299 6076 5742 12475 3139 2311 539 1772 1554 26267 6975 2158 1097 832 11988
is_linear=0
shrinkage=0.03


Tree=190
num_leaves=31
num_cat=0
split_feature=24 17 35 30 33 35 8 24 6 13 2 27 35 16 19 18 14 25 35 20 13 1 15 24 35 32 9 1 35 19
split_gain=2.90494 3.60245 3.02347 4.89869 5.73132 3.46838 3.15412 5.29204 2.83666 4.6175 2.95627 3.17006 2.76848 3.84503 2.73187 3.58367 2.72806 2.67422 2.61585 6.90421 2.36395 2.3483 2.23568 4.00815 3.78837 3.62968 3.40482 2.98328 2.91332 3.64286
threshold=2.6250000000000004 5.9925000000000006 45.250000000000007 3.8250000000000006 0.36648727148060622 77.250000000000014 16.500000000000004 1.8750000000000002 1.5000000000000002 0.99416666666666653 1.2167232008117836 1.8935416666666669 60.250000000000007 5.2575000000000012 0.81250000000000011 6.1275000000000013 0.39122670324676995 0.84250000000000014 92.750000000000014 6.4355000000000011 3.9358333333333335 19.925000000000004 -0.23500000000000018 6.9250000000000016 58.250000000000007 -0.98624804680367273 5.5000000000000009 30.425000000000004 54.750000000000007 1.8725000000000003
decision_type=8 8 2 2 2 2 2 10 2 2 2 2 2 10 10 2 2 8 2 2 2 2 2 10 2 2 2 2 2 10
left_child=1 16 -3 8 5 6 14 -8 -4 -10 11 17 21 -14 -5 -16 -1 -11 22 -20 -18 -13 23 27 25 -25 -27 28 29 -2
right_child=18 2 3 4 -6 -7 7 -9 9 10 -12 12 13 -15 15 -17 20 -19 19 -21 -22 -23 -24 24 -26 26 -28 -29 -30 -31
leaf_value=-0.001059994629180785 -0.00016911838377479268 -0.00098991755125927032 -0.0014807141884676186 -0.00097273846297685424 0.0039154310279197642 -0.0024949736195905639 0.0036961923627746732 0.0012382687055845065 0.0016617112715559183 0.0028871762993076216 -0.001501466481639947 -0.0040077982460897943 0.0053169559576103113 -3.6671318095169435e-05 0.00014674898418927244 0.002361253221671261 -3.793876246439551e-05 -0.0017558461268237344 0.0035959158121715083 -0.00025643824173289141 -0.0018130921671295065 0.0010898082883751114 -1.1812686494845348e-05 0.00023929517767449837 7.8885958021061707e-07 4.3474848260853395e-05 -7.4757305654831187e-05 0.0005432278710820244 1.3940370704380589e-05 2.9716441437576124e-05
leaf_weight=1885 8080 3712 1699 659 429 586 226 237 357 231 668 266 403 263 363 222 2129 1232 290 343 1233 220 55457 317 1728 1329 204 2795 15074 4934
leaf_count=1885 8080 3712 1699 659 429 586 226 237 357 231 668 266 403 263 363 222 2129 1232 290 343 1233 220 55457 317 1728 1329 204 2795 15074 4934
internal_value=-0.000162054 -0.000521587 -0.000230006 9.63296e-05 0.00113091 0.000531331 0.00121437 0.0033141 -0.0004317 4.11515e-05 -0.000312957 0.000143129 0.0013172 0.00256632 0.000422737 0.00190678 -0.00117498 -0.000782698 -9.44506e-05 0.00181975 -0.000661123 -0.000403259 -0.000108026 8.1732e-05 0.00103154 0.00197305 0.00135956 -2.84584e-05 -0.000121526 -0.000450266
internal_weight=107571 17020 11773 8061 2722 2293 1707 463 5339 3640 3283 2615 1152 666 1244 585 5247 1463 90551 633 3362 486 89918 34461 3578 1850 1533 30883 28088 13014
internal_count=107571 17020 11773 8061 2722 2293 1707 463 5339 3640 3283 2615 1152 666 1244 585 5247 1463 90551 633 3362 486 89918 34461 3578 1850 1533 30883 28088 13014
is_linear=0
shrinkage=0.03


Tree=191
num_leaves=31
num_cat=0
split_feature=16 10 7 34 34 18 10 19 2 11 24 9 15 18 24 2 33 1 31 17 1 9 16 1 17 12 26 33 1 7
split_gain=3.71296 5.96296 4.34004 4.15622 3.62626 3.94223 3.16723 6.1362 5.60542 5.51509 4.05782 5.81927 5.71963 3.1592 3.11181 2.99643 2.88957 2.98497 3.0914 3.10383 3.78488 2.85649 3.0527 3.57626 2.78187 6.09137 8.25165 3.54478 5.32229 2.74609
threshold=9.6525000000000016 2.5000000000000004 42.500000000000007 949.62500000000011 975.07500000000005 9.0125000000000028 2.5000000000000004 7.9575000000000005 1.2001480956303103 7.6475000000000017 8.9250000000000025 2.5000000000000004 -0.24999999999999975 12.012500000000003 7.6250000000000009 1.0760386499151642 -0.382668860952593 3.8250000000000006 1.1007444902181744 7.6325000000000012 8.4250000000000025 1.0000000180025095e-35 6.6625000000000005 -0.27499999999999986 5.9925000000000006 10.092500000000003 2.3525000000000005 0.38266886095259278 7.9750000000000005 18.500000000000004
decision_type=8 2 2 2 2 2 2 8 2 2 8 2 2 2 8 2 2 2 2 8 2 2 10 2 10 10 2 2 2 2
left_child=1 3 15 -1 5 21 7 14 9 -9 11 13 -13 -10 -2 -3 -8 -18 -19 20 -20 -5 -23 -24 -17 26 -26 28 -28 -21
right_child=6 2 -4 4 -6 -7 16 8 10 -11 -12 12 -14 -15 -16 24 17 18 19 29 -22 22 23 -25 25 -27 27 -29 -30 -31
leaf_value=0.003835598571968751 -0.0036330798763777547 -0.0009884222512080564 0.00061549423444630781 -0.0015758310347131726 0.00082564236630909245 -0.0034134146209661835 -4.6772081889586704e-05 0.00038951170985090933 0.00015106377982700259 4.3968500517799214e-07 1.6233923941911808e-05 0.00011050978019280201 -2.20322657274874e-05 0.00016654612857510139 7.691048107454578e-05 -0.00015096157410970009 -8.4039146988962573e-06 0.00048576664353216055 0.001399145742756479 1.4214886109098489e-05 -2.2718162433122967e-05 -0.00058664520382519609 -6.1655528447384276e-06 0.0016180663497476673 -0.00010039909521291301 -0.00022208939508942753 0.0013841735195576443 0.00024465967418886266 0.0014879449259664799 -3.7120476173713168e-06
leaf_weight=238 867 2833 8563 1009 205 2637 1536 214 203 212 3465 229 585 232 243 56359 6249 332 288 5424 246 4022 852 268 595 279 219 227 200 8854
leaf_count=238 867 2833 8563 1009 205 2637 1536 214 203 212 3465 229 585 232 243 56359 6249 332 288 5424 246 4022 852 268 595 279 219 227 200 8854
internal_value=-0.000187065 -0.000294456 -0.000198976 -0.0010105 -0.00111458 -0.0012071 0.00010187 0.000700239 0.00113703 0.00441299 0.000836617 0.00229904 0.000791208 0.00507954 -0.00131839 -0.000288157 -6.13507e-05 2.90207e-05 0.00025665 0.000191941 0.00242672 -0.000789962 -0.000502429 0.000879999 -0.000241466 0.00102295 0.00192376 0.00425806 0.00587972 0.00010754
internal_weight=107685 78506 69275 9231 8993 8788 29179 6250 5140 426 4714 1249 814 435 1110 60712 22929 21393 15144 14812 534 6151 5142 1120 57879 1520 1241 646 419 14278
internal_count=107685 78506 69275 9231 8993 8788 29179 6250 5140 426 4714 1249 814 435 1110 60712 22929 21393 15144 14812 534 6151 5142 1120 57879 1520 1241 646 419 14278
is_linear=0
shrinkage=0.03


Tree=192
num_leaves=31
num_cat=0
split_feature=26 22 32 11 31 17 1 1 31 32 9 16 0 10 1 1 32 8 2 18 21 31 12 8 9 17 10 30 1 1
split_gain=2.48011 2.35509 2.79872 5.51875 6.20209 3.73518 3.78925 5.09536 3.19518 5.39446 5.31682 4.98955 5.19089 4.88532 7.95296 4.86431 4.84214 3.86398 3.79261 5.64512 4.16401 3.80495 3.68774 3.62186 11.9919 9.17718 5.27397 6.26241 6.85276 9.00485
threshold=1.9025000000000005 2.4859166666666672 -0.95878322595067689 11.462500000000002 1.2620601237842617 9.9525000000000023 17.675000000000004 20.975000000000005 2.0671000239190698 0.87878364999916148 5.5000000000000009 11.372500000000002 7.7775000000000007 11.500000000000002 1.2750000000000001 -5.5249999999999995 0.10452846326765362 5.5000000000000009 1.1346124040016037 3.4175000000000004 0.61809856271559782 1.6493622656413358 4.972500000000001 14.500000000000002 3.5000000000000004 7.1225000000000014 11.500000000000002 4.3250000000000011 27.375000000000004 22.475000000000005
decision_type=2 2 2 2 2 10 2 2 2 2 2 8 2 2 2 2 2 2 2 2 2 2 10 2 2 8 2 2 2 2
left_child=-1 -2 3 -3 -5 6 -6 -8 15 10 -10 13 -13 -11 -15 -4 18 -12 -17 22 21 -21 -20 -18 25 -25 27 -27 29 -29
right_child=1 2 8 4 5 -7 7 -9 9 11 17 12 -14 14 -16 16 23 -19 19 20 -22 -23 -24 24 -26 26 -28 28 -30 -31
leaf_value=-0.00028673671575757691 -0.00081053738237572934 -0.00012629956252958153 -3.6323504097499628e-05 3.8690359019691333e-05 -9.5796152269633777e-06 5.0341106823003945e-05 5.403321247337869e-05 -1.3162918963425704e-08 0.00012468934744616855 -0.001279377160461485 0.00054236581574108596 9.563656023214967e-05 -8.3155605623795219e-06 -8.6054207158397681e-05 0.0025844935478432163 -0.00011683371409237402 1.6883741821320796e-05 0.0044408318636436584 0.001935155278412414 2.41395767569901e-07 -7.506319797494498e-06 0.0027725774303703778 0.0047886863136153181 0.0028633502289682144 -7.4811830851979973e-06 -0.0002155121377557618 -2.7282247642604411e-05 0.00037650829566805965 5.3622053520493195e-05 0.0058181505769275051
leaf_weight=28684 5140 14444 2621 230 2162 321 372 773 3303 7947 232 1435 1877 1068 214 7045 15342 262 716 215 5476 202 337 308 3292 731 398 1515 571 257
leaf_count=28684 5140 14444 2621 230 2162 321 372 773 3303 7947 232 1435 1877 1068 214 7045 15342 262 716 215 5476 202 337 308 3292 731 398 1515 571 257
internal_value=-0.000177776 -9.08256e-05 -4.74821e-05 -0.00036904 0.000638363 0.000331956 2.98906e-05 0.00142174 5.88409e-05 -0.000293337 0.000696738 -0.000593258 0.000405185 -0.000951593 0.000764568 0.000206297 0.000296209 0.00358317 -0.000141684 0.000355632 -6.61313e-06 0.00286493 0.00237335 0.000569516 0.00113099 0.00228269 0.00183606 0.00225658 0.0030115 0.00393022
internal_weight=107490 78806 73666 18302 3858 3628 3307 1145 55364 16338 3797 12541 3312 9229 1282 39026 36405 494 13991 6946 5893 417 1053 22414 7072 3780 3472 3074 2343 1772
internal_count=107490 78806 73666 18302 3858 3628 3307 1145 55364 16338 3797 12541 3312 9229 1282 39026 36405 494 13991 6946 5893 417 1053 22414 7072 3780 3472 3074 2343 1772
is_linear=0
shrinkage=0.03


Tree=193
num_leaves=31
num_cat=0
split_feature=24 17 12 9 33 30 32 16 8 14 34 15 1 34 1 24 27 32 8 33 29 21 34 25 15 15 34 10 31 12
split_gain=2.33109 2.50739 2.67239 2.54121 2.46382 2.71235 2.35529 2.88354 4.202 3.93928 2.03596 2.05809 2.58803 3.14327 4.29794 2.62964 2.36976 4.60843 3.84569 2.79059 3.23983 2.17382 2.12146 2.40267 1.97686 1.83187 2.96261 4.72689 4.63804 4.46034
threshold=2.6250000000000004 10.212500000000002 0.56750000000000012 5.5000000000000009 -0.52247866957162936 2.8750000000000004 0.93663652364155514 2.9625000000000008 4.5000000000000009 0.6136163296392948 965.82500000000016 -0.35999999999999993 -2.2249999999999996 958.72500000000014 4.8750000000000009 1.5250000000000001 2.0156250000000004 -0.82409480842201666 14.500000000000002 -0.5663846699108962 2.2325000000000008 1.9703603200891575 951.52500000000009 1.1875000000000002 0.33500000000000008 -0.49999999999999989 946.57500000000016 8.5000000000000018 1.0947499671872951 3.2625000000000006
decision_type=8 8 10 2 2 2 2 10 2 2 2 2 2 2 2 10 2 2 2 2 2 2 2 10 2 2 2 2 2 10
left_child=1 4 -3 10 5 -1 7 -5 -9 -10 11 -4 -13 16 -15 -16 22 -18 19 -19 -21 -22 23 24 -14 26 27 28 29 -2
right_child=25 2 3 6 -6 -7 -8 8 9 -11 -12 12 13 14 15 -17 17 18 -20 20 21 -23 -24 -25 -26 -27 -28 -29 -30 -31
leaf_value=-0.00021305548308685229 0.0011449553966192782 0.0013638761120186125 -0.0011632323648457156 -0.00023049041612432152 -0.00078665505949804563 0.0028653122297390152 -0.0012171295262482622 -0.00010340075514347068 0.0057177471046576337 0.0020909941499172658 0.0011000725175467272 -0.001434489060179963 0.0028146551070264117 -0.00010920660383345188 0.0052444574692905276 0.0013874148792600305 -0.00082045829940802337 0.0037742399640978011 0.0033475791872033468 -0.0016035933217575873 0.0040214630739073033 -0.00051843623715006613 -0.0023748979378478761 -0.0020361339660863913 -0.0010114745678567287 -9.2196910324549021e-06 -3.3084746147782337e-06 0.0024461576348683615 7.7846784969981539e-06 0.0044376081233067988
leaf_weight=324 855 280 3397 438 4910 244 374 216 205 276 279 541 357 385 206 205 1275 224 346 465 222 201 813 597 287 66682 18708 265 3825 376
leaf_count=324 855 280 3397 438 4910 244 374 216 205 276 279 541 357 385 206 205 1275 224 346 465 222 201 813 597 287 66682 18708 265 3825 376
internal_value=-0.000166391 -0.000487993 -0.000237796 -0.000309971 -0.0010166 0.000848167 0.000834213 0.00151316 0.00270513 0.00425309 -0.000486487 -0.000560887 -0.000232012 -3.91918e-05 0.00170037 0.0038149 -0.000329926 0.000248721 0.0013985 0.000531781 -0.000228444 0.00166121 -0.00109859 -0.00031541 0.000952233 -0.000105859 0.000118706 0.000742958 0.000535862 0.00213349
internal_weight=107778 17067 11589 11309 5478 568 1509 1135 697 481 9800 9521 6124 5583 796 411 4787 2733 1458 1112 888 423 2054 1241 644 90711 24029 5321 5056 1231
internal_count=107778 17067 11589 11309 5478 568 1509 1135 697 481 9800 9521 6124 5583 796 411 4787 2733 1458 1112 888 423 2054 1241 644 90711 24029 5321 5056 1231
is_linear=0
shrinkage=0.03


Tree=194
num_leaves=31
num_cat=0
split_feature=24 19 16 6 34 19 13 30 21 18 34 25 21 14 8 19 17 34 29 2 5 25 11 35 3 21 27 33 19 34
split_gain=2.65813 3.83556 2.58329 4.08649 2.57388 3.70168 2.53042 3.77379 3.34818 4.03129 2.79979 2.8268 3.52437 2.31523 3.58937 2.62634 2.31392 2.69974 2.09805 1.96473 3.06968 1.94424 2.23553 1.92832 5.91915 2.01147 5.27998 7.17554 3.92484 3.8799
threshold=3.3750000000000004 5.9925000000000006 5.2575000000000012 1.5000000000000002 945.02500000000009 1.9775000000000003 1.5200000000000002 2.7250000000000005 1.7482226092838389 5.3175000000000017 942.97500000000014 3.8025000000000007 1.4371651750670822 0.75098546281940892 3.5000000000000004 1.0625000000000002 6.057500000000001 966.47500000000014 1.0575000000000003 1.1076046152731667 0.041643163448874997 3.2225000000000006 6.0325000000000015 92.750000000000014 7.5847481232014911 1.4577586954268873 7.9172916666666682 -0.061046214993534811 1.2025000000000003 946.02500000000009
decision_type=8 10 10 2 2 10 2 2 2 2 2 10 2 2 2 10 10 2 2 2 2 10 2 2 2 2 2 2 10 2
left_child=1 2 3 -1 5 -4 7 8 -5 -10 -8 13 -13 19 15 -15 17 18 -6 20 -12 22 -3 25 -25 26 28 -28 -2 -30
right_child=23 21 4 6 16 -7 10 -9 9 -11 11 12 -14 14 -16 -17 -18 -19 -20 -21 -22 -23 -24 24 -26 -27 27 -29 29 -31
leaf_value=-0.00069427496442495151 -6.5106797490414902e-05 0.00035823109184226901 0.0041121268936936657 -0.00046605864830670887 0.00018344427815557117 -0.0011072452672213802 -0.0022342771941145389 0.0094052582146777319 0.004134888534662538 2.7398751419215049e-05 0.0039681071835864458 0.0034114992529753981 0.0016561726350052769 0.0016519914885875879 -4.5800496822056275e-05 0.0012715631494936974 0.00061001165577547086 0.0028120593864317633 -0.0027667434852221475 -0.00068245197485456181 -0.00092295152783861416 -8.3975530998450645e-06 0.0012923887429004642 0.0038828164134952301 -0.00023806093572133257 -9.1132749453410061e-07 3.6490697863118534e-05 -1.3721595101691634e-05 0.0012411604788653931 -1.4083931602147034e-05
leaf_weight=5118 18396 253 332 784 364 551 599 228 260 387 202 221 453 200 2179 269 281 234 5931 3488 209 429 204 285 252 56476 338 223 1842 6628
leaf_count=5118 18396 253 332 784 364 551 599 228 260 387 202 221 453 200 2179 269 281 234 5931 3488 209 429 204 285 252 56476 338 223 1842 6628
internal_value=-0.000184704 -0.000469264 -0.000546312 -0.00031167 -0.000991037 0.000530405 5.72536e-05 0.00111959 0.000541086 0.00213037 -0.000168691 -4.56756e-06 0.001838 -0.000195514 0.000488503 0.00285443 -0.00118856 -0.00130349 -0.00142143 -0.000660093 0.00129086 0.00146128 0.00281169 -0.000106579 0.00167712 -0.000118094 -0.00032885 0.00253887 -0.000389194 0.000145132
internal_weight=107616 23176 22290 14597 7693 883 9479 1659 1431 647 7820 7221 674 6547 2648 469 6810 6529 6295 3899 411 886 457 84440 537 83903 27427 561 26866 8470
internal_count=107616 23176 22290 14597 7693 883 9479 1659 1431 647 7820 7221 674 6547 2648 469 6810 6529 6295 3899 411 886 457 84440 537 83903 27427 561 26866 8470
is_linear=0
shrinkage=0.03


Tree=195
num_leaves=31
num_cat=0
split_feature=16 10 35 14 34 33 32 19 35 25 17 34 27 2 34 2 16 19 8 26 6 2 2 18 29 32 12 10 14 31
split_gain=3.1283 5.51376 5.74146 4.05661 3.84211 4.25236 3.56531 3.95966 4.94162 3.54987 3.38916 3.50544 8.55074 4.26385 12.1138 6.19907 3.57832 4.23145 3.78716 5.68269 4.94042 4.6392 4.59055 3.78465 3.46761 5.35773 4.69901 4.32767 3.42451 3.89025
threshold=9.1475000000000026 2.5000000000000004 45.250000000000007 2.5052894044401333 952.12500000000011 -0.68832836526074781 -0.7603770116708749 3.4725000000000006 37.750000000000007 3.5825000000000005 2.9475000000000007 966.62500000000011 1.8935416666666669 1.2248429590802654 963.47500000000014 1.2093740901132575 5.2075000000000014 1.3325000000000002 17.500000000000004 1.3475000000000004 1.5000000000000002 1.1500157229196466 1.1207557176695586 9.3175000000000026 2.6525000000000007 0.76037701167087512 4.3675000000000006 3.5000000000000004 1.0999545445153665 1.7754886279100421
decision_type=8 2 2 2 2 2 2 10 2 10 8 2 2 2 2 2 10 10 2 2 2 2 2 2 2 2 10 2 2 2
left_child=1 4 3 6 -1 -6 7 -3 -9 -10 -4 13 -13 15 -15 16 17 18 23 -20 -21 22 -22 24 -12 27 -27 -26 29 -14
right_child=-2 2 10 -5 5 -7 -8 8 9 -11 11 12 28 14 -16 -17 -18 -19 19 20 21 -23 -24 -25 25 26 -28 -29 -30 -31
leaf_value=0.0028071664167019128 1.2085432439834508e-06 -0.0017520892013974353 -0.00074043528412620803 0.0012677527042414135 0.0007606428757883873 -0.00087538840960426961 -0.00016436631108953534 -0.00049056856795816383 0.0013466370479405677 -0.00014974209319593368 -0.00081412116476895164 0.0080927098197100845 -1.1984939903419154e-05 0.003494885249377566 -0.0020959839952076169 -0.0030708013947000402 -8.2133875316720006e-05 0.0014610629657898439 -0.0016115360728416075 -0.00020455696723497901 0.0061910767548916503 0.0084155842870797699 -0.0013225776895999979 0.0036351311469531764 0.005882319468892146 0.0082703618539475832 0.00067052456772095828 -0.001325691197307573 -0.0042507692724671883 0.0034844397749708182
leaf_weight=365 33521 10336 2861 645 363 7807 13235 2789 664 407 6495 218 465 348 446 1589 15648 4770 677 428 214 409 203 330 203 207 230 1027 286 238
leaf_count=365 33521 10336 2861 645 363 7807 13235 2789 664 407 6495 218 465 348 446 1589 15648 4770 677 428 214 409 203 330 203 207 230 1027 286 238
internal_value=-0.000180511 -0.000289536 -0.000195861 -0.000519854 -0.00100644 -0.00114129 -0.000575267 -0.00090543 -8.53823e-05 0.00164219 4.80997e-05 0.000130589 0.00171535 7.2767e-05 0.0022378 1.94227e-05 0.000113693 0.000441571 0.000102704 0.0013001 0.00249245 0.00384115 0.00158531 -0.000170178 -0.000298274 0.000920454 0.00375339 -9.71667e-05 0.000516096 0.00163983
internal_weight=107424 73903 65368 28076 8535 8170 27431 14196 3860 1071 37292 34431 1207 33224 794 32430 30841 15193 10423 1931 1254 826 417 8492 8162 1667 437 1230 989 703
internal_count=107424 73903 65368 28076 8535 8170 27431 14196 3860 1071 37292 34431 1207 33224 794 32430 30841 15193 10423 1931 1254 826 417 8492 8162 1667 437 1230 989 703
is_linear=0
shrinkage=0.03


Tree=196
num_leaves=31
num_cat=0
split_feature=24 17 35 19 13 16 35 23 2 19 34 25 10 16 35 34 34 5 27 30 19 17 32 30 10 25 14 31 25 31
split_gain=3.76142 2.92243 3.63887 3.29461 3.08955 4.01075 2.82517 6.91967 2.74637 2.42261 2.24347 2.18244 3.03325 2.8509 3.48214 2.66139 3.18894 3.21344 2.74243 2.135 2.0429 2.90683 2.31944 5.40072 6.98122 5.20888 6.52185 4.99776 5.05648 4.98069
threshold=2.6250000000000004 6.892500000000001 87.250000000000014 1.8725000000000003 0.99416666666666653 3.2775000000000007 92.250000000000014 0.36076467981095423 1.1605190720915173 6.1125000000000016 965.82500000000016 3.4775000000000005 3.5000000000000004 6.0075000000000012 56.250000000000007 951.92500000000018 947.87500000000011 0.051292660271904995 2.0593750000000006 3.3750000000000004 10.812500000000002 10.877500000000001 -0.26722820045975981 5.2750000000000012 6.5000000000000009 5.057500000000001 1.6376787430378095 2.1661505695414953 2.4075000000000006 1.7333690221270526
decision_type=8 8 2 10 2 10 2 2 2 10 2 8 2 10 2 2 2 2 2 2 10 10 2 2 2 8 2 2 8 2
left_child=1 2 8 -4 5 -3 20 -8 19 10 11 -6 -13 14 -14 16 -16 -18 -17 -1 21 22 29 24 25 26 -24 28 -26 -2
right_child=6 4 3 -5 9 -7 7 -9 -10 -11 -12 12 13 -15 15 18 17 -19 -20 -21 -22 -23 23 -25 27 -27 -28 -29 -30 -31
leaf_value=0.0013815125119412321 -2.8566327679035995e-05 -4.1259294529394084e-05 0.0013975869655335586 -0.00039239592253084157 -0.00082508967204333818 0.0032175128009748729 0.0032740943520891907 -0.00013450673611344735 -0.00098410451348113909 0.0013124615152895912 0.0010276048842872911 0.0035748927176818355 -0.00086245548278652932 -0.0025268861887497904 -0.00013719271888147522 -0.0022197357113016574 0.0035339224233186251 0.004221224502380134 0.0011187630532581818 -0.00054171137025794958 -7.3185467655145772e-06 4.9098550782016298e-05 -0.0015459496267290565 1.5749931832834684e-05 -0.0003309067241826635 0.00089183316930072976 0.0029193848115218555 -0.00066411255414405509 0.002401131043782138 4.1619251840409166e-05
leaf_weight=253 29703 392 365 412 6758 242 401 383 3867 258 294 305 1407 873 237 230 210 218 254 488 1273 336 9735 23414 2191 860 370 3330 3258 15330
leaf_count=253 29703 392 365 412 6758 242 401 383 3867 258 294 305 1407 873 237 230 210 218 254 488 1273 336 9735 23414 2191 860 370 3330 3258 15330
internal_value=-0.000168516 -0.000577045 -0.00115492 0.000740408 -0.000310195 0.00171831 -9.1535e-05 0.00169582 -0.00147496 -0.00042737 -0.000496526 -0.000569306 1.28369e-05 -0.00024374 0.000262397 0.0014844 0.00270895 0.00424018 -0.00020859 0.00019705 -0.000107233 -9.0036e-05 -0.00010072 5.64365e-05 -0.000308978 -0.000813583 -0.00100445 0.000321379 0.000880637 -0.000251322
internal_weight=107647 17063 5385 777 11678 634 90584 784 4608 11044 10786 10492 3734 3429 2556 1149 665 428 484 741 89800 88527 88191 43158 19744 10965 10105 8779 5449 45033
internal_count=107647 17063 5385 777 11678 634 90584 784 4608 11044 10786 10492 3734 3429 2556 1149 665 428 484 741 89800 88527 88191 43158 19744 10965 10105 8779 5449 45033
is_linear=0
shrinkage=0.03


Tree=197
num_leaves=31
num_cat=0
split_feature=24 32 1 18 9 26 34 19 34 8 2 11 32 11 10 32 12 20 9 8 27 11 26 19 23 17 8 8 26 15
split_gain=3.76397 2.26358 4.26579 3.23205 2.8542 3.18361 6.06012 5.77906 4.34155 2.69284 4.14989 4.44357 4.32935 3.22757 2.39137 5.60149 2.35148 2.34491 3.13972 2.33916 2.20779 3.3915 2.19673 2.26691 5.62163 5.94886 3.12363 2.60954 2.76952 5.24101
threshold=4.0250000000000012 0.9426055981926128 23.325000000000006 4.1575000000000015 5.5000000000000009 1.7075000000000002 952.92500000000018 3.8275000000000006 959.22500000000014 1.5000000000000002 1.1652262300268534 6.2975000000000012 -0.069756473744125441 0.83250000000000013 11.500000000000002 -0.72534675097891055 3.1875000000000009 1.9295000000000002 3.5000000000000004 7.5000000000000009 2.5606250000000008 2.7525000000000004 7.8375000000000012 9.5025000000000013 0.90342059548159825 8.6525000000000016 3.5000000000000004 18.500000000000004 5.6375000000000011 0.2500000000000005
decision_type=8 2 2 2 2 2 2 8 2 2 2 2 2 2 2 2 10 2 2 2 2 2 2 10 2 10 2 2 2 2
left_child=1 4 -3 -4 9 -6 20 -8 -9 10 11 12 -1 17 -15 19 -17 -11 -19 -16 21 -7 23 24 -2 26 -26 28 -28 -30
right_child=22 2 3 -5 5 6 7 8 -10 13 -12 -13 -14 14 15 16 -18 18 -20 -21 -22 -23 -24 -25 25 -27 27 -29 29 -31
leaf_value=-0.00081458594806918191 -1.5719624663449323e-05 -0.0012322282029202422 -0.00022517820824455637 0.0043288336560773728 -0.0004141850210207771 -0.0010822205244764788 0.0030527200619231143 0.0030841333150430092 -0.0028795010612451049 -0.00069641205557173101 -0.00066174376955839185 0.0022794372454990764 0.005524230246526882 -0.00069696714036603644 0.00061742850260186372 0.00013603469911958047 0.0022210760246177894 0.0040165252605090561 -0.00090661894723523967 -0.0015846837594604216 -0.00056297514896014322 0.0041024165969476539 1.9077204152012638e-05 -4.852826867808302e-06 -9.2551004153573751e-06 5.2351130875726293e-05 7.8965121636581673e-06 -6.2087014362915827e-06 2.8658428484225558e-05 -1.3042151503428474e-06
leaf_weight=610 70328 6772 457 243 885 269 342 227 201 267 720 281 227 14047 244 263 347 361 219 612 663 226 536 3089 664 301 2489 902 406 260
leaf_count=610 70328 6772 457 243 885 269 342 227 201 267 720 281 227 14047 244 263 347 361 219 612 663 226 536 3089 664 301 2489 902 406 260
internal_value=-0.000159628 -0.000455245 -0.000903572 0.00131915 -0.000295633 0.000592973 0.00127574 0.00332903 0.000983833 -0.000433116 0.000654367 0.00179519 0.000687648 -0.000555454 -0.000654015 0.00049762 0.00268293 0.00124296 0.00230769 -0.0010662 -9.80231e-05 0.00141 -5.29888e-05 -6.61243e-05 -3.34424e-05 0.000935746 0.000672238 0.00098449 0.00139082 0.00310283
internal_weight=107458 28483 7472 700 21011 2813 1928 770 428 18198 1838 1118 837 16360 15513 1466 610 847 580 856 1158 495 78975 78439 75350 5022 4721 4057 3155 666
internal_count=107458 28483 7472 700 21011 2813 1928 770 428 18198 1838 1118 837 16360 15513 1466 610 847 580 856 1158 495 78975 78439 75350 5022 4721 4057 3155 666
is_linear=0
shrinkage=0.03


Tree=198
num_leaves=31
num_cat=0
split_feature=22 18 35 35 22 32 9 26 19 1 14 35 22 9 22 32 31 31 1 17 19 4 1 5 23 24 35 25 32 35
split_gain=2.97515 3.11604 2.99115 4.0062 2.90782 2.69986 4.12093 2.54598 3.81998 3.79964 5.22764 6.11688 6.71624 3.62268 3.15237 2.45039 6.53889 5.68761 4.66909 6.7791 5.71092 5.95299 4.6397 4.23574 6.38239 7.12263 4.63817 4.23425 6.12884 3.99929
threshold=2.2679166666666668 2.8275000000000006 71.750000000000014 65.250000000000014 1.6261250000000003 -0.94260559819261247 1.5000000000000002 5.7775000000000007 10.537500000000001 27.675000000000004 0.91233674338663107 30.750000000000004 13.927500000000002 2.5000000000000004 11.67951388888889 -0.26722820045975981 2.3249496165995569 1.6793387175127523 22.325000000000006 1.4575000000000002 4.2525000000000013 0.26986684186139692 22.225000000000005 0.1093694833306529 0.069000714976292177 2.9250000000000007 18.750000000000004 3.3175000000000008 0.99901018088683491 43.750000000000007
decision_type=2 2 2 2 2 2 2 2 10 2 2 2 2 2 2 2 2 2 2 10 10 2 2 2 2 10 2 8 2 2
left_child=1 2 3 5 -5 6 -1 15 9 10 11 -9 13 14 -13 17 22 -2 19 -19 -20 -22 23 24 25 -17 -25 28 -28 -24
right_child=7 -3 -4 4 -6 -7 -8 8 -10 -11 -12 12 -14 -15 -16 16 -18 18 20 -21 21 -23 29 26 -26 -27 27 -29 -30 -31
leaf_value=0.0032274249303647119 -4.9822633415947946e-05 -0.0008128417976650716 -0.00078099318178946652 -0.00062162083217236533 0.0047422201472889745 -0.00080121143981644468 -0.001069107225990089 0.00014775550584200436 -1.1646884883754759e-05 -9.6146549068403249e-05 -1.0281075090538569e-06 7.3050576215074597e-05 3.5283167591654287e-05 -6.0428831567459731e-06 4.9864894165111686e-05 -3.817587226504215e-05 -0.00041644407120569989 0.00027720951819687478 -0.0016900443862359958 -0.00013948556396281063 0.0026165106398612701 -1.9604291556538644e-05 0.00011252561233017699 6.772835395436396e-05 -0.0017055426522904328 0.0061573144802246115 0.00040631617687563642 -3.5736183704559998e-07 0.0035344822664075282 0.0023016928626972944
leaf_weight=227 28108 1415 1472 213 355 2808 323 222 608 536 1019 398 218 462 204 3488 7754 11383 4088 3039 448 1154 7591 204 7290 519 2882 16064 366 2778
leaf_count=227 28108 1415 1472 213 355 2808 323 222 608 536 1019 398 218 462 204 3488 7754 11383 4088 3039 448 1154 7591 204 7290 519 2882 16064 366 2778
internal_value=-0.000160423 -0.000766941 -0.000437535 -4.5797e-06 0.00231414 -0.000399644 0.00151351 -0.000119402 0.000656045 0.00108779 0.00157476 0.00269582 0.00188345 0.000886809 0.00241186 -0.000148702 8.57461e-07 -0.000300467 8.47038e-05 0.000371802 -0.00064267 0.000873677 0.000151358 -3.33903e-05 -0.000495577 0.000465852 0.000234209 0.000186053 0.00117307 0.000700115
internal_weight=107636 6813 5398 3926 568 3358 550 100823 3667 3059 2523 1504 1282 1064 602 97156 48936 48220 20112 14422 5690 1602 41182 30813 11297 4007 19516 19312 3248 10369
internal_count=107636 6813 5398 3926 568 3358 550 100823 3667 3059 2523 1504 1282 1064 602 97156 48936 48220 20112 14422 5690 1602 41182 30813 11297 4007 19516 19312 3248 10369
is_linear=0
shrinkage=0.03


Tree=199
num_leaves=31
num_cat=0
split_feature=22 17 15 25 17 12 25 30 9 7 16 1 35 16 20 20 34 19 9 30 32 10 9 1 24 28 24 17 30 16
split_gain=2.95328 2.26452 2.47631 3.80523 2.72263 2.16758 3.21361 2.80852 3.98874 2.16458 4.37046 3.89518 5.33013 4.20891 3.25366 3.21175 3.07914 3.06159 4.81515 6.04107 4.21744 5.74765 9.06666 4.48156 4.01447 6.39302 6.18122 3.69048 3.50447 2.88371
threshold=2.2679166666666668 1.5225000000000002 -0.12499999999999993 3.4175000000000004 3.0675000000000003 0.88750000000000007 3.3175000000000008 1.5250000000000001 1.5000000000000002 41.500000000000007 9.1475000000000026 1.0000000180025095e-35 54.750000000000007 7.9875000000000016 8.395500000000002 3.5205000000000006 953.62500000000011 5.1175000000000006 3.5000000000000004 9.5750000000000028 -0.26722820045975981 3.5000000000000004 2.5000000000000004 19.325000000000006 4.3750000000000009 0.92792330860179606 4.4750000000000005 4.1925000000000017 13.025000000000002 7.4525000000000015
decision_type=2 8 2 10 8 10 10 2 2 2 8 2 2 10 2 2 2 10 2 2 2 2 2 2 8 2 10 10 2 10
left_child=1 -1 3 4 -3 6 7 -2 -9 10 11 15 17 -14 16 -7 -11 20 19 24 21 22 -13 -22 -19 -26 -27 28 -23 -17
right_child=5 2 -4 -5 -6 9 -8 8 -10 14 -12 12 13 -15 -16 29 -18 18 -20 -21 23 27 -24 -25 25 26 -28 -29 -30 -31
leaf_value=-0.00065736285138446573 0.0036702159762734541 0.0011928778967411557 -0.00087782327315151119 0.0019650451300182387 -0.00080298699928819798 0.00013107182655223981 -0.001828739731306639 0.0034062622742304033 -0.00017287483250562127 0.0012703382793216873 2.093680147915444e-06 -0.0051084176947725803 0.00025580317491336936 -0.00014511890823072914 -2.7395820521434784e-05 -0.0024769670691397539 -0.00016575064284298199 -8.4877071120115216e-05 -0.00032797886380117266 -0.00010871996976927126 -0.0023232686848434223 -0.0019294473134372696 0.0054729123051160912 0.00023355784935097379 0.0032866066051548512 -0.0010138885488554684 0.0010841485569446595 0.001348848942275539 0.00032172293204883241 -0.00035153268407542401
leaf_weight=855 237 346 2848 394 2395 1629 285 269 831 6126 28413 202 15711 3354 3881 4056 4646 455 1901 787 2846 13995 341 6861 339 282 439 223 419 2149
leaf_count=855 237 346 2848 394 2395 1629 285 269 831 6126 28413 202 15711 3354 3881 4056 4646 455 1901 787 2846 13995 341 6861 339 282 439 223 419 2149
internal_value=-0.000172015 -0.000775099 -0.000567636 1.43305e-05 -0.000383468 -0.000131017 0.000955131 0.00157153 0.000923076 -0.00014885 -0.000207282 -0.000361057 -0.000260071 0.000129784 0.000187678 -0.000981248 0.00045597 -0.000515553 0.000233127 0.00115475 -0.000642014 -0.000954232 0.00206387 -0.000153522 0.00225987 0.0032676 0.00164876 -0.00106686 -0.00112643 -0.00129227
internal_weight=107515 6838 5983 3135 2741 100677 1622 1337 1100 99055 84402 55989 48155 19065 14653 7834 10772 29090 4203 2302 24887 15180 543 9707 1515 1060 721 14637 14414 6205
internal_count=107515 6838 5983 3135 2741 100677 1622 1337 1100 99055 84402 55989 48155 19065 14653 7834 10772 29090 4203 2302 24887 15180 543 9707 1515 1060 721 14637 14414 6205
is_linear=0
shrinkage=0.03


Tree=200
num_leaves=31
num_cat=0
split_feature=18 6 35 34 1 1 18 33 13 23 21 34 22 32 32 30 21 35 11 26 2 18 31 17 34 24 34 21 5 30
split_gain=3.03366 4.27039 4.54498 3.49374 9.56513 9.61982 10.0777 4.26763 5.01168 4.28232 4.1637 3.3151 3.13752 2.94282 3.30821 8.7814 4.20753 4.12434 3.51789 3.74463 3.45932 4.23206 3.70077 5.49988 6.35672 3.27904 3.73432 4.51118 3.80971 7.52514
threshold=10.102500000000003 2.5000000000000004 23.750000000000004 949.22500000000014 10.425000000000002 3.0250000000000004 5.5675000000000017 0.47714059151611404 2.6258333333333339 0.019469600034940058 2.6226934310412067 945.17500000000018 2.144083333333334 0.99901018088683491 0.93038214053199464 6.9750000000000005 1.0934273328196666 39.750000000000007 1.8425000000000005 4.2575000000000012 1.2472704756689501 3.3625000000000007 1.6493622656413358 3.8625000000000007 956.72500000000014 6.3750000000000009 960.22500000000014 1.7696159540914425 0.40979447550001907 7.1250000000000009
decision_type=2 2 2 2 2 2 2 2 2 2 2 2 2 2 2 2 2 2 2 2 2 2 2 10 2 8 2 2 2 2
left_child=1 2 -1 4 5 -4 -7 9 -9 -6 11 -10 -5 14 17 -16 -17 18 -14 -20 22 -22 23 -19 -25 -24 28 -28 -27 -30
right_child=-2 -3 3 12 7 6 -8 8 10 -11 -12 -13 13 -15 15 16 -18 20 19 -21 21 -23 25 24 -26 26 27 -29 29 -31
leaf_value=-0.00091113386395637894 2.0673516415503632e-06 0.00043715358707909754 4.7485734334562486e-06 -0.00071141503244380401 0.0032002184356492466 0.0089470617043594554 0.00036295630250332886 -0.00030153723927121845 0.0059739372014063338 -0.00018035746956712061 0.0039160701844613514 0.00029255042822020082 0.0014478749009450703 0.00051383866966402028 -0.0014354088632040573 0.0029934767857415709 0.00012238649309544435 -0.00039567672128873476 -0.0023334059055100495 0.00078098168509324931 0.0029163423342499369 0.00012544461719773525 -4.3891028772315433e-05 0.0032542102559625051 -3.2805385643043116e-05 -0.00063489750125838933 0.00021954476806216317 0.0035964133603244596 0.0027387917886232947 7.3501008685042499e-05
leaf_weight=6989 27714 9906 466 3313 393 229 200 797 465 16810 203 551 333 1436 8695 258 1058 11154 3461 363 213 496 6968 354 686 2128 587 380 250 933
leaf_count=6989 27714 9906 466 3313 393 229 200 797 465 16810 203 551 333 1436 8695 258 1058 11154 3461 363 213 496 6968 354 686 2128 587 380 250 933
internal_value=-0.000170298 -0.000263924 -0.00034624 -0.000265887 6.05391e-05 0.00308333 0.00629723 -8.09932e-05 0.00122316 -0.000234136 0.00242892 0.00162782 -0.000418333 -0.000344309 -0.000394317 -0.00086292 0.00141711 -0.000228463 -0.00110067 -0.00135858 -7.81244e-05 0.00197899 -0.000140756 -0.000502665 0.00157895 0.00025171 0.000904972 0.00254012 0.000424306 0.00178535
internal_weight=107789 80075 70169 63180 20114 895 429 19219 2016 17203 1219 1016 43066 39753 38317 10011 1316 28306 4157 3824 24149 709 23440 12194 1040 11246 4278 967 3311 1183
internal_count=107789 80075 70169 63180 20114 895 429 19219 2016 17203 1219 1016 43066 39753 38317 10011 1316 28306 4157 3824 24149 709 23440 12194 1040 11246 4278 967 3311 1183
is_linear=0
shrinkage=0.03


Tree=201
num_leaves=31
num_cat=0
split_feature=23 19 33 10 7 24 7 34 14 1 1 30 10 31 32 14 19 18 24 32 25 10 8 22 35 35 1 12 8 17
split_gain=3.02792 6.34908 3.87579 3.92105 3.6203 3.4838 3.00996 3.00473 2.56475 3.05321 4.13767 8.13929 2.78599 5.5725 2.55932 2.53206 3.38051 2.37192 2.34008 4.04684 5.1558 2.28735 5.34783 7.90987 3.41378 2.72136 2.62783 3.46173 2.62504 3.8845
threshold=0.89206777072358956 9.6075000000000017 0.19080899537654503 2.5000000000000004 17.500000000000004 10.025000000000002 17.500000000000004 975.07500000000005 1.3375630826245068 14.325000000000003 21.625000000000004 15.225000000000003 11.500000000000002 1.5170093896713619 0.99140711019144634 2.657785732522473 1.9775000000000003 16.012500000000006 12.125000000000002 -0.94828754594723508 7.5525000000000011 1.5000000000000002 18.500000000000004 8.6045138888888903 83.750000000000014 92.250000000000014 1.5750000000000004 4.4425000000000017 3.5000000000000004 6.432500000000001
decision_type=2 10 2 2 2 10 2 2 2 2 2 2 2 2 2 2 10 2 8 2 10 2 2 2 2 2 2 10 2 8
left_child=5 2 8 -4 -5 6 15 21 9 12 11 -11 17 -14 -15 -1 -17 -2 19 20 -3 22 25 24 -24 26 -8 -28 29 -23
right_child=1 18 3 4 -6 -7 7 -9 -10 10 -12 -13 13 14 -16 16 -18 -19 -20 -21 -22 28 23 -25 -26 -27 27 -29 -30 -31
leaf_value=-9.6423432917135715e-05 3.6418585677230125e-06 -2.6482123513915655e-06 7.7173054207112514e-05 3.5552031202442236e-05 -3.7686192569941213e-06 0.00014374146349581895 -0.00090289641728744791 0.00090459253492027037 -1.554610320576466e-05 1.1461139592137126e-05 -8.2175312630148655e-06 1.4503295343159829e-05 4.2081634055743943e-05 -7.5414572155296785e-06 1.0424159924633346e-05 0.0018511297454064312 -8.8266068598906488e-05 -2.0870697379586911e-05 -2.9370423308551811e-05 -6.728829963686955e-06 4.9638372144060747e-05 -0.0013653938681959313 -0.00085746744047767755 0.00057357992653405798 0.0016328299366445752 0.00065285936497102854 -0.0012220457880201621 0.00034238784988931028 -2.8426716479737432e-05 0.00017810761837721011
leaf_weight=34314 2168 389 236 214 405 297 3470 278 838 443 332 270 221 371 253 220 238 298 668 1256 211 1045 558 204 370 227 207 352 48502 8691
leaf_count=34314 2168 389 236 214 405 297 3470 278 838 443 332 270 221 371 253 220 238 298 668 1256 211 1045 558 204 370 227 207 352 48502 8691
internal_value=-0.000160557 0.000380158 0.000907333 0.00277326 0.00149519 -0.00020741 -0.000217246 -9.50108e-05 0.000597807 0.000890162 0.0023 0.00358078 0.0004424 0.00192353 0.000457869 -0.000441844 0.00176242 -6.79894e-05 -0.000882563 -0.00033208 0.00168595 -0.000108721 -0.000699797 0.00112929 -5.78785e-05 -0.00118705 -0.00136763 0.000537233 -5.39815e-05 0.000395441
internal_weight=107546 8573 6049 855 619 98973 98676 63904 5194 4356 1045 713 3311 845 624 34772 458 2466 2524 1856 600 63626 5388 1132 928 4256 4029 559 58238 9736
internal_count=107546 8573 6049 855 619 98973 98676 63904 5194 4356 1045 713 3311 845 624 34772 458 2466 2524 1856 600 63626 5388 1132 928 4256 4029 559 58238 9736
is_linear=0
shrinkage=0.03


Tree=202
num_leaves=31
num_cat=0
split_feature=26 29 19 14 1 31 7 16 7 16 10 35 14 18 34 32 34 1 16 26 19 21 12 33 29 16 32 26 23 19
split_gain=2.47625 4.9397 3.10076 3.92412 5.2465 4.86995 6.31886 2.13105 2.02423 3.53915 3.75437 3.56802 3.90526 3.43052 5.1117 3.41831 4.06931 4.69659 3.56746 5.15797 14.8981 5.13875 8.2321 4.42902 3.18691 3.97687 3.09234 3.11399 3.05677 2.88167
threshold=5.7775000000000007 3.0725000000000007 10.537500000000001 0.91233674338663107 28.075000000000006 1.3356485947649368 16.500000000000004 12.867500000000001 41.500000000000007 9.3775000000000031 2.5000000000000004 37.750000000000007 2.5052894044401333 9.0125000000000028 952.32500000000016 0.10452846326765362 945.32500000000016 34.675000000000011 2.8575000000000004 4.2325000000000008 7.8525000000000009 0.83767473287172567 6.0025000000000013 0.60873824923885345 2.0425000000000004 3.3375000000000004 -0.98624804680367273 1.8275000000000003 0.72452741843777979 1.5725000000000005
decision_type=2 2 10 2 2 2 2 10 2 8 2 2 2 2 2 2 2 2 10 2 8 2 10 2 2 10 2 2 2 10
left_child=8 -2 3 4 5 6 -3 -7 9 10 13 12 15 14 -1 16 17 24 -17 21 -21 22 -20 -23 25 -12 27 -16 -10 -13
right_child=1 2 -4 -5 -6 7 -8 -9 28 -11 11 29 -14 -15 26 18 -18 -19 19 20 -22 23 -24 -25 -26 -27 -28 -29 -30 -31
leaf_value=0.0037231583584915063 0.00072494851093910764 0.00015243157327659239 -1.0641887804757611e-05 -7.370399346231537e-06 -0.00013701099480149082 -4.9670505416844326e-06 2.4624586099002708e-05 2.3907605734448945e-05 0.00035466933469805703 1.4321282825081115e-06 -0.00099837050670914963 -0.00028177688407579783 0.0013172953273602615 -0.0027356370984096133 -0.00032166227103187041 -0.0012942829341101869 -0.0019276793125159264 -0.0016749758802831248 -0.0013472408535645636 -0.00020367114700805988 0.0048164452318502967 -0.001047589341340745 0.0036901772931025247 0.0014906409608126297 -8.0552246956175911e-05 0.0049562195557736194 -0.00057746521469953537 0.0010780723904510361 -3.1464364853850632e-05 6.6663851443918837e-05
leaf_weight=202 200 212 597 1121 317 546 231 428 12594 24353 271 23275 371 2118 202 1762 6596 924 416 495 283 3151 216 496 2225 337 4902 202 2573 15985
leaf_count=202 200 212 597 1121 317 546 231 428 12594 24353 271 23275 371 2118 202 1762 6596 924 416 495 283 3151 216 496 2225 337 4902 202 2573 15985
internal_value=-0.000170093 0.00059721 0.000328029 0.00073951 0.00163197 0.00241139 0.00500223 0.00121348 -0.000197078 -0.000251794 -0.000368238 -0.000284274 -0.000639903 -0.000993055 -0.000597498 -0.000705945 -0.00104933 -0.000260766 -0.000184204 0.000221058 0.00245977 -0.000188376 0.00229827 -0.000621852 0.000345665 0.00226101 -0.000777255 0.00173105 0.000123187 -0.000125303
internal_weight=107601 3652 3452 2855 1734 1417 443 974 103949 88782 64429 56803 17543 7626 5508 17172 10353 3757 6819 5057 778 4279 632 3647 2833 608 5306 404 15167 39260
internal_count=107601 3652 3452 2855 1734 1417 443 974 103949 88782 64429 56803 17543 7626 5508 17172 10353 3757 6819 5057 778 4279 632 3647 2833 608 5306 404 15167 39260
is_linear=0
shrinkage=0.03


Tree=203
num_leaves=31
num_cat=0
split_feature=24 19 16 34 3 6 8 21 24 19 31 16 24 32 31 34 19 16 15 18 27 20 34 12 27 31 34 1 25 26
split_gain=2.32233 2.73111 3.12696 3.96943 3.81248 3.19194 3.12157 2.53856 5.39252 4.92347 6.81305 4.62978 4.37518 3.58919 3.53385 3.46687 6.13098 3.44212 3.41058 4.34886 3.1597 3.14333 3.12145 2.58446 3.8036 4.96737 3.41268 3.75375 3.09409 3.19307
threshold=3.5750000000000006 5.8575000000000008 5.2575000000000012 943.92500000000018 5.6469107841854056 1.5000000000000002 11.500000000000002 1.4684058106053086 9.9250000000000025 7.1175000000000006 1.933062629723586 11.692500000000003 4.6250000000000009 -0.7603770116708749 1.9898474541331688 946.37500000000011 4.5275000000000007 4.9825000000000008 -0.24000000000000107 5.3175000000000017 2.2885416666666676 7.0633333333333352 963.47500000000014 5.5025000000000013 2.898541666666667 2.2929842495835233 967.22500000000014 -5.1749999999999989 3.5825000000000005 2.3825000000000003
decision_type=8 10 10 2 2 2 2 2 10 8 2 10 10 2 2 2 10 10 2 2 2 2 2 8 2 2 2 2 8 2
left_child=1 2 5 4 6 -1 -4 8 9 10 -2 13 15 -11 22 16 -12 -17 19 20 -9 -22 -15 26 25 -25 27 -20 -26 -30
right_child=7 -3 3 -5 -6 -7 -8 18 -10 11 12 -13 -14 14 -16 17 -18 -19 23 -21 21 -23 -24 24 28 -27 -28 -29 29 -31
leaf_value=-0.00057755724327117038 -0.00017313441482707319 0.00037421130517061973 1.2218360282073015e-05 -0.0019729025864568405 -0.002495810441839491 4.7899022910066425e-05 0.0054237535049428869 5.9474827431790219e-05 4.3674359508963346e-05 -0.00037342277797513667 -0.00029068463068940471 8.3633713175372148e-06 0.0022797259500885779 9.439013834578632e-05 -0.0012123590636510851 0.00458873611087777 0.0052129343681056907 -0.00063800133608679589 -0.0025068276410398624 8.3327030147106742e-06 0.002815879667111546 -0.0005285479269214133 -0.00013324715220905658 0.0017841246126974561 -9.4156891903554929e-05 -0.00093767044041654702 0.0031281975765413915 -0.00043110453030941408 -8.4151556417578585e-05 5.9028124656790302e-06
leaf_weight=5318 5376 1159 202 7880 204 9907 201 1400 332 11097 203 1579 384 5413 1272 285 250 611 1015 14936 2699 234 477 1294 4660 496 229 10641 3311 14523
leaf_count=5318 5376 1159 202 7880 204 9907 201 1400 332 11097 203 1579 384 5413 1272 285 250 611 1015 14936 2699 234 477 1294 4660 496 229 10641 3311 14523
internal_value=-0.000157204 -0.000411361 -0.000480922 -0.000942182 0.00138725 -0.000223573 0.00306618 -8.07652e-05 -0.000317659 -0.00036476 0.000312482 -0.000607469 0.00194534 -0.000742281 -0.000218502 0.0011322 0.00325546 4.66142e-05 3.58199e-05 0.00035815 0.00119433 0.00175323 9.16023e-05 -0.000135927 4.14996e-05 0.00137047 -0.000498319 -0.000570106 -6.45369e-05 0.000115364
internal_weight=107588 24871 23712 8487 607 15225 403 82717 27279 26947 7109 19838 1733 18259 7162 1349 453 896 55438 19269 4333 2933 5890 36169 24284 1790 11885 11656 22494 17834
internal_count=107588 24871 23712 8487 607 15225 403 82717 27279 26947 7109 19838 1733 18259 7162 1349 453 896 55438 19269 4333 2933 5890 36169 24284 1790 11885 11656 22494 17834
is_linear=0
shrinkage=0.03


Tree=204
num_leaves=31
num_cat=0
split_feature=27 19 32 6 34 33 1 1 19 5 18 1 24 14 24 11 32 28 1 33 25 29 32 25 33 31 19 32 24 30
split_gain=2.39165 3.98539 3.33309 3.64993 3.05023 2.92801 2.92763 2.77312 2.70555 4.69964 3.44797 4.25457 3.28908 2.68307 2.67659 4.59889 2.63192 2.58821 4.4593 3.43083 3.09736 3.72684 2.93247 5.03193 3.36325 2.53327 3.76256 3.20127 3.68322 3.54884
threshold=5.317916666666668 5.7875000000000005 0.99961926108774357 2.5000000000000004 976.82500000000016 1.0000000180025095e-35 29.075000000000006 34.175000000000011 6.8825000000000012 0.49150480104432798 13.277500000000002 -0.67499999999999982 9.6250000000000018 0.93004032170653883 7.6750000000000016 8.7675000000000018 -0.98897820466835384 1.6072906804971334 -1.8749999999999998 -0.55191596924288666 5.182500000000001 2.1025000000000005 0.72534675097891099 2.1975000000000007 0.28400453026986811 2.0671000239190698 0.71250000000000024 0.89490028524376763 4.1250000000000009 7.3750000000000009
decision_type=2 10 2 2 2 2 2 2 10 2 2 2 10 2 10 2 2 2 2 2 8 2 2 8 2 2 10 2 8 2
left_child=2 16 3 4 7 -4 13 14 -3 -10 11 -11 -13 -5 17 -16 -2 25 -19 20 21 -20 -21 24 -24 -1 -27 28 -28 -30
right_child=1 8 5 6 -6 -7 -8 -9 9 10 -12 12 -14 -15 15 -17 -18 18 19 22 -22 -23 23 -25 -26 26 27 -29 29 -31
leaf_value=-1.5657083554735385e-05 -7.3432620301228098e-06 -0.00026430814630168593 -0.0005340252075537288 -6.6379328462663328e-05 0.000206855588029492 0.00021975493000723654 0.0023397554336238809 -0.0011662438649435564 0.00028504258072381967 4.3832455163816146e-05 -7.5699924612524946e-06 -6.8156761724680325e-06 6.6625185892738018e-05 0.00085742290326237759 -1.9501430890084269e-05 0.0001872058906222717 1.0982957517057245e-05 -0.0012597451532389448 0.0032645217097495133 -0.00020601917043159797 -0.0026763127523348816 -0.00011267419072246149 -8.3735087874881038e-06 -1.7543914583083151e-05 0.0028251479243357955 -0.00076374655773098351 -0.00011116472311727459 -0.0002093417447793755 0.0019108604461961531 -7.634632755671777e-05
leaf_weight=41839 1705 992 472 7402 207 1948 1236 2318 273 403 2786 2505 307 2737 544 241 6365 1993 374 8048 294 218 213 4782 289 6957 2931 5742 1307 276
leaf_count=41839 1705 992 472 7402 207 1948 1236 2318 273 403 2786 2505 307 2737 544 241 6365 1993 374 8048 294 218 213 4782 289 6957 2931 5742 1307 276
internal_value=-0.00013687 0.000210025 -0.000194473 -0.000224051 -0.000296763 0.000903092 0.000278119 -0.000306466 -0.000299547 -6.88015e-05 -0.000245255 0.000423912 8.51899e-06 0.000109719 -0.000275256 0.00146202 0.00066873 -0.000293472 -0.000629194 -0.000442523 0.00136027 0.00260301 -0.000562796 -1.36139e-05 0.0028284 -0.000201264 -0.000507551 -0.000142092 0.00045541 0.00161902
internal_weight=107704 15336 92368 89948 78573 2420 11375 78366 7266 6274 6001 3215 2812 10139 76048 785 8070 75263 16211 14218 886 592 13332 5284 502 59052 17213 10256 4514 1583
internal_count=107704 15336 92368 89948 78573 2420 11375 78366 7266 6274 6001 3215 2812 10139 76048 785 8070 75263 16211 14218 886 592 13332 5284 502 59052 17213 10256 4514 1583
is_linear=0
shrinkage=0.03


Tree=205
num_leaves=31
num_cat=0
split_feature=22 18 2 31 18 2 29 6 5 13 9 8 19 15 9 34 31 32 34 1 33 24 34 30 34 25 9 3 8 32
split_gain=2.24622 3.44416 5.94279 3.57225 3.33276 3.71477 2.75228 2.8696 2.91052 4.11197 4.7294 2.83429 2.55728 4.49078 3.67218 5.54697 4.36928 5.57448 6.99252 5.47489 10.2206 5.20427 3.48764 3.43071 4.49131 3.16386 4.06884 6.27038 3.3818 3.19169
threshold=2.4859166666666672 4.2525000000000013 1.2472704756689501 2.0606417882509547 10.102500000000003 1.211369574024485 0.87750000000000017 2.5000000000000004 0.88076447474514397 12.759166666666669 3.5000000000000004 16.500000000000004 7.5525000000000011 0.76500000000000001 1.5000000000000002 957.72500000000014 1.0629116552488562 -0.93038214053199442 952.62500000000011 24.975000000000005 0.06104621499353461 4.4250000000000016 953.52500000000009 3.4750000000000005 964.37500000000011 4.432500000000001 5.5000000000000009 7.1494164988349942 1.5000000000000002 0.72534675097891099
decision_type=2 2 2 2 2 2 2 2 2 2 2 2 8 2 2 2 2 2 2 2 2 8 2 2 2 8 2 2 2 2
left_child=-1 2 3 -2 5 6 11 8 12 10 -10 -3 13 14 15 16 -8 22 19 20 21 -19 -18 -16 25 28 -27 -28 -25 -30
right_child=1 4 -4 -5 -6 -7 7 -9 9 -11 -12 -13 -14 -15 23 -17 17 18 -20 -21 -22 -23 -24 24 -26 26 27 -29 29 -31
leaf_value=-0.00052717836530245972 0.00031531866350288922 0.00013568153275879622 0.0015331680920257895 -0.00060032781142326679 1.7266310425290143e-06 -0.00098618918654093694 0.0030784620981496691 0.00050760935981459534 1.3819405165233696e-05 -4.3043261706602327e-05 0.00020192365825022745 0.007951147819870788 -0.00042785310861913193 -0.0014584612571443421 -0.0018965545171428643 -0.00077656351640590586 -0.0018203212791293891 -0.00011076170212806934 -9.9155103194054073e-05 0.00037747887204830086 0.0071161203153793815 0.0072464515307150189 0.0012811812203727788 0.00085551037422542775 0.0019603680562129844 -0.0010310413282215547 0.0010653068303695379 -0.00091166259711646883 -0.00019139317391446141 0.00099692656134421501
leaf_weight=9401 16131 625 330 4178 27667 7799 236 5169 298 401 262 245 17858 3119 2087 760 1157 218 492 440 222 276 233 372 245 2514 485 313 2939 1296
leaf_count=9401 16131 625 330 4178 27667 7799 236 5169 298 401 262 245 17858 3119 2087 760 1157 218 492 440 222 276 233 372 245 2514 485 313 2939 1296
internal_value=-0.000141075 -9.87178e-05 0.000245737 0.000180318 -0.00019019 -0.000336217 -0.000225141 -0.000260309 -0.000354671 0.00127019 0.00292035 0.00144 -0.000399127 -0.000140273 8.50238e-05 0.0008512 0.00138701 0.00107657 0.00225408 0.00352455 0.00513453 0.00268136 -0.000322581 -0.000216752 6.09615e-05 -6.39836e-05 -0.000770577 0.00109091 0.000444275 0.00020165
internal_weight=107768 98367 20639 20309 77728 50061 42262 41392 36223 961 560 870 35262 17404 14285 4034 3274 3038 1648 1156 716 494 1390 10251 8164 7919 3312 798 4607 4235
internal_count=107768 98367 20639 20309 77728 50061 42262 41392 36223 961 560 870 35262 17404 14285 4034 3274 3038 1648 1156 716 494 1390 10251 8164 7919 3312 798 4607 4235
is_linear=0
shrinkage=0.03


Tree=206
num_leaves=31
num_cat=0
split_feature=24 35 1 10 32 28 1 35 35 31 27 29 35 28 26 24 21 26 1 1 32 11 1 19 10 35 33 31 19 31
split_gain=2.35221 2.86906 3.67764 3.25619 4.41134 8.30905 5.32951 3.90297 5.82145 4.90344 5.76491 3.39777 3.24437 3.23582 5.57434 3.06885 2.78553 2.82109 5.21119 2.687 2.44065 3.52018 5.0685 4.55008 4.14161 3.7229 7.16505 3.64003 4.24382 3.37271
threshold=4.0250000000000012 87.750000000000014 3.4250000000000007 6.5000000000000009 -0.68832836526074759 0.65021711115228842 23.175000000000004 62.250000000000007 69.250000000000014 1.170503896514526 2.6020833333333342 2.7725000000000004 47.250000000000007 0.90198796501151846 2.1175000000000006 1.8750000000000002 2.3074189674831769 1.4975000000000003 19.625000000000004 17.375000000000004 -0.47714059151611382 11.872500000000002 13.675000000000002 11.197500000000002 10.500000000000002 64.250000000000014 -0.25037047035109417 2.3796122994652409 1.7075000000000002 1.423678831138367
decision_type=8 2 2 2 2 2 2 2 2 2 2 2 2 2 2 10 2 2 2 2 2 2 2 8 2 2 2 2 10 2
left_child=1 2 -1 4 5 12 11 -5 9 15 19 -6 -4 14 -3 -9 17 -7 -19 -11 21 27 24 -24 -23 26 -25 -2 -29 -22
right_child=20 13 3 7 6 16 -8 8 -10 10 -12 -13 -14 -15 -16 -17 -18 18 -20 -21 29 22 23 25 -26 -27 -28 28 -30 -31
leaf_value=-0.00069762690150470326 -7.652213884656071e-05 5.700594936055708e-06 0.0022070383163081712 -0.00098289280954021001 -0.0020062465312478293 -0.00044841518117293865 0.00080905241236434915 0.0048040050059324603 -0.00042005922618142951 -0.0011704324799243998 0.0031809091922649917 0.0013390424110281318 0.007142648366223683 -0.00055054099727946395 0.0021531660057364141 0.00098658479969674154 -0.00082056074571115072 0.0031722237475227131 5.8447160819410921e-06 0.0029023143031931846 5.1482968079091194e-05 -1.0055772440988474e-05 1.6173348499659566e-06 5.0738542761851191e-05 2.5022918378249017e-05 5.5104126867588918e-06 1.6199389925796318e-05 -0.00068517845654321821 0.0022588755209038084 -3.711936681966052e-06
leaf_weight=6712 33770 549 200 10499 1133 300 918 200 3567 780 432 233 251 811 345 225 424 238 352 286 16831 1949 875 237 853 384 480 681 721 22508
leaf_count=6712 33770 549 200 10499 1133 300 918 200 3567 780 432 233 251 811 345 225 424 238 352 286 16831 1949 875 237 853 384 480 681 721 22508
internal_value=-0.00014183 -0.000375791 -0.000451879 -0.000248167 0.000511346 0.00163559 -0.000359109 -0.000440603 0.000207461 0.00153579 0.000722554 -0.00154486 0.005125 0.000815789 0.00205562 0.00436046 0.000423047 0.0013743 0.00257143 -0.000464987 -5.78487e-05 -0.000223002 0.000540664 0.00170217 -0.000280015 0.00298101 0.00425069 -0.000326805 0.00116844 0.000109876
internal_weight=107744 28455 26750 20038 4049 1765 2284 15989 5490 1923 1498 1366 451 1705 894 425 1314 890 590 1066 79289 39950 4778 1976 2802 1101 717 35172 1402 39339
internal_count=107744 28455 26750 20038 4049 1765 2284 15989 5490 1923 1498 1366 451 1705 894 425 1314 890 590 1066 79289 39950 4778 1976 2802 1101 717 35172 1402 39339
is_linear=0
shrinkage=0.03


Tree=207
num_leaves=31
num_cat=0
split_feature=18 14 35 2 33 9 16 26 2 31 17 8 25 33 31 1 19 10 25 33 28 26 27 17 19 26 20 7 35 28
split_gain=2.22247 3.63904 3.89927 3.67761 5.4702 5.98811 3.23644 5.82896 3.52304 2.97786 3.17514 3.30369 3.55263 2.97856 3.47843 3.06922 4.4421 3.4179 3.47662 2.7185 2.63607 2.58796 3.48385 3.12839 5.21576 3.66834 3.08751 2.55642 2.42333 5.46372
threshold=10.102500000000003 0.41049766544204236 26.750000000000004 1.0916836565199912 0.47714059151611404 3.5000000000000004 1.0725000000000005 3.0575000000000006 1.2558044940918929 2.0671000239190698 3.9275000000000007 11.500000000000002 4.9775000000000009 0.095842103007655569 2.74295634920635 10.425000000000002 4.9175000000000013 2.5000000000000004 3.1225000000000005 -0.87878364999916114 0.3975655082289376 2.3525000000000005 3.5529166666666669 4.347500000000001 5.2175000000000011 3.2325000000000008 7.4441666666666668 20.500000000000004 87.250000000000014 0.84679050931184496
decision_type=2 2 2 2 2 2 10 2 2 2 10 2 8 2 2 2 8 2 10 2 2 2 2 10 10 2 2 2 2 2
left_child=1 9 -3 4 -4 -6 7 -2 21 10 19 -12 -13 14 15 16 -11 -18 -19 -1 -17 -8 23 24 25 26 -23 -24 -5 -30
right_child=6 2 3 28 5 -7 8 -9 -10 13 11 12 -14 -15 -16 20 17 18 -20 -21 -22 22 27 -25 -26 -27 -28 -29 29 -31
leaf_value=0.00070537633383490055 4.1092850978994288e-05 -0.00047453142143427635 0.00029612436616738177 -2.8672898154357303e-05 0.00048077472108570905 0.007030740483147291 -4.4879351306202907e-05 0.001174602490571467 -0.00012259759212577363 -0.0028629993908061559 -0.00072110353984035998 0.00066523121277178854 0.0016417850202080475 -0.0019454271762767239 0.0032232995482949266 0.0010355026282777146 -0.0012408578580228879 0.0027100310596491761 0.0005343455000703356 -0.00028043074378503782 -0.0019561866073298287 0.0036089096701075866 8.1966930996668634e-06 -0.0025002298985964031 0.00094627389233005379 -0.00019715632743009579 0.00013600607784556849 -2.3262987724181893e-06 0.0016695609479758559 -3.4772931777304895e-05
leaf_weight=1410 636 7730 1543 38841 272 244 4717 218 400 302 306 477 257 2460 234 243 212 232 322 19998 2497 274 8279 381 288 608 608 11066 797 1667
leaf_count=1410 636 7730 1543 38841 272 244 4717 218 400 302 306 477 257 2460 234 243 212 232 322 19998 2497 274 8279 381 288 608 608 11066 797 1667
internal_value=-0.000138361 -0.000218267 -6.59903e-05 4.46856e-05 0.00128052 0.00393858 9.44316e-05 0.00190687 3.59416e-05 -0.000486963 -0.000323076 0.00129187 0.00237889 -0.0010521 -0.000550038 -0.000769474 0.00059273 0.00180545 0.00303757 -0.000401813 -0.00130055 7.88142e-05 0.000218419 0.00135998 0.00188783 0.00116388 0.00239459 9.0697e-05 -1.70668e-05 0.000894288
internal_weight=107519 80044 51094 43364 2059 516 27475 854 26621 28950 22448 1040 734 6502 4042 3808 1068 766 554 21408 2740 26221 21504 2159 1778 1490 882 19345 41305 2464
internal_count=107519 80044 51094 43364 2059 516 27475 854 26621 28950 22448 1040 734 6502 4042 3808 1068 766 554 21408 2740 26221 21504 2159 1778 1490 882 19345 41305 2464
is_linear=0
shrinkage=0.03


Tree=208
num_leaves=31
num_cat=0
split_feature=17 19 24 20 16 10 35 19 3 18 20 6 4 31 25 17 12 24 10 19 1 12 31 35 20 11 24 1 28 19
split_gain=2.89968 2.30638 3.12704 5.0411 2.4748 3.97702 5.81086 4.11822 5.05777 3.51775 3.8687 3.41203 2.98374 2.83594 2.82917 2.75517 2.51324 2.46965 2.92305 2.88776 2.94325 3.36887 5.1067 9.28107 3.56583 5.59052 2.7185 2.42937 2.4119 2.81248
threshold=1.6525000000000003 10.812500000000002 11.025000000000002 12.827916666666669 9.1475000000000026 2.5000000000000004 53.750000000000007 1.9075000000000004 2.0241541547577082 8.6125000000000025 7.2535416666666679 2.5000000000000004 0.018653332339752696 1.7910269852703578 6.5725000000000007 5.4975000000000014 10.092500000000003 9.8750000000000018 11.500000000000002 4.892500000000001 -11.924999999999997 3.2275000000000005 1.1039500918269138 45.250000000000007 5.5664583333333342 4.4425000000000017 10.425000000000002 28.425000000000004 1.4657606099216844 5.2175000000000011
decision_type=8 10 10 2 8 2 2 8 2 2 2 2 2 2 8 10 10 8 2 8 2 8 2 2 2 2 8 2 2 10
left_child=-1 2 4 -4 5 7 11 8 -2 10 -9 12 -7 -10 -11 16 28 -6 19 -19 -21 -22 23 -23 25 -24 -26 -13 29 -14
right_child=1 -3 3 -5 17 6 -8 9 13 14 -12 27 15 -15 -16 -17 -18 18 -20 20 21 22 24 -25 26 -27 -28 -29 -30 -31
leaf_value=-0.0005452855558308751 -0.000474476445085221 -7.0916016070554641e-06 9.6827312082967433e-05 -8.313313086381058e-06 -3.9142897057942155e-06 0.00036484911434660357 9.4297960514310445e-05 -0.00055379717781560141 0.0017698086986489784 -0.0039480191128273686 0.0016239178158374023 -9.167440707925666e-05 -0.0007854941567767593 0.00055696220416780455 0.00029373923043065617 0.00026800063177743425 0.00015335306266760345 0.0016862868876489137 4.3067823025109523e-05 0.001301891985621674 -0.0015017531669748731 0.0025266949202088617 0.0055931107972435248 -0.00019962830570639269 3.6107187317593523e-05 -0.0012036321222822005 7.0354970759245454e-08 0.0020129733607507777 -0.0013533079440738449 0.00030882563376939014
leaf_weight=1826 278 1304 206 216 15728 1703 27736 4636 283 2195 204 3077 19144 212 231 619 1041 218 653 393 1064 253 245 212 319 238 12554 1457 7195 2106
leaf_count=1826 278 1304 206 216 15728 1703 27736 4636 283 2195 204 3077 19144 212 231 619 1041 218 653 393 1064 253 245 212 319 238 12554 1457 7195 2106
internal_value=-0.000153305 -0.000132798 -0.000117104 0.00244496 -0.000127617 -0.000224911 -0.000145968 -0.00085368 0.00122236 -0.00107523 -0.000606812 -0.000395522 -0.000505266 0.00303 -0.00200658 -0.000574395 -0.000616053 9.24966e-05 0.000353039 0.000269788 0.000220244 0.000152115 0.00027752 0.00335106 0.000169298 0.00268647 7.38462e-05 0.00037409 -0.000669069 -0.000508116
internal_weight=107546 105720 104416 422 103994 72117 64078 8039 773 7266 4840 36342 31808 495 2426 30105 29486 31877 16149 15496 15278 14885 13821 465 13356 483 12873 4534 28445 21250
internal_count=107546 105720 104416 422 103994 72117 64078 8039 773 7266 4840 36342 31808 495 2426 30105 29486 31877 16149 15496 15278 14885 13821 465 13356 483 12873 4534 28445 21250
is_linear=0
shrinkage=0.03


Tree=209
num_leaves=31
num_cat=0
split_feature=24 26 26 33 25 4 21 25 33 1 10 10 9 34 11 8 1 25 18 26 28 33 10 21 34 18 30 1 34 11
split_gain=2.26017 3.56552 2.61899 2.67004 4.74302 3.40947 2.82273 4.57459 3.27817 2.84595 2.60574 3.98568 3.74332 5.17676 4.60051 6.71132 3.95282 3.54494 3.20058 3.12859 3.11624 3.11685 3.00972 2.97206 2.92247 5.25139 3.90771 2.91436 7.6705 2.90453
threshold=6.4750000000000005 5.8525000000000009 0.46250000000000008 -0.66259481767468253 5.2875000000000005 0.023144591309102888 1.7062959395485644 2.3875000000000006 -0.78257835753184624 25.125000000000004 1.5000000000000002 6.5000000000000009 5.5000000000000009 951.22500000000014 6.3725000000000014 11.500000000000002 13.275000000000002 2.8025000000000007 7.1175000000000006 2.3675000000000006 0.94021052604677047 -0.37460659341591213 4.5000000000000009 1.8274230486754515 965.52500000000009 2.9875000000000007 7.7250000000000005 -3.3749999999999996 963.47500000000014 8.1375000000000028
decision_type=8 2 2 2 8 2 2 10 2 2 2 2 2 2 2 2 2 10 2 2 2 2 2 2 2 2 2 2 2 2
left_child=1 2 -1 4 6 -6 9 8 -8 -4 -5 12 13 14 17 18 19 -12 -16 -14 21 -15 -18 -23 27 -26 -27 28 -13 -22
right_child=-2 -3 3 10 5 -7 7 -9 -10 -11 11 24 16 20 15 -17 22 -19 -20 -21 29 23 -24 -25 25 26 -28 -29 -30 -31
leaf_value=-0.0013056162697498935 -1.4091240049407538e-06 9.7799440895252046e-05 -0.00096756316672023479 -0.00054237415829285417 5.0301398129376741e-05 0.0057280615669267872 0.001898759583969286 -0.00015397076083450964 0.0035005304491298947 0.0031941409948894068 0.0013606297246663073 0.0018638608074132196 0.00096475226831295696 0.0045415388790715442 0.0053200708470967683 1.1068882719287298e-05 -0.0020753630507042123 -0.0014472108393611995 7.80882676943554e-05 0.0018415673861938676 -0.0012304877839774105 -0.0011924154565469934 0.0021648692952418911 0.00054311881471989613 0.0069951642880703453 -0.00013712488489791452 0.00048322241139420527 -0.00024659945974872321 -0.0021899445477842959 0.00053671901949684734
leaf_weight=498 62931 268 1172 4759 231 296 357 489 213 224 824 435 211 281 200 434 227 820 205 217 2408 551 443 457 231 1057 204 26433 359 263
leaf_count=498 62931 268 1172 4759 231 296 357 489 213 224 824 435 211 281 200 434 227 820 205 217 2408 551 443 457 231 1057 204 26433 359 263
internal_value=-0.000156487 -0.000319419 -0.000340352 -0.000315708 0.000550384 0.00311842 -6.09827e-06 0.00115883 0.00297391 -0.000890793 -0.00037873 -0.000292018 0.000321627 4.51296e-05 0.00111776 0.00291825 0.00193654 0.000192843 0.00567073 0.0041709 -0.000627996 0.000581916 0.000488888 -0.000201383 -0.000453176 0.000837675 6.87197e-05 -0.000524053 0.00126158 -0.00121188
internal_weight=107698 44767 44499 44001 2982 527 2455 1059 570 1396 41019 36260 7541 6443 2483 839 1098 1644 405 428 3960 1289 670 1008 28719 1492 1261 27227 794 2671
internal_count=107698 44767 44499 44001 2982 527 2455 1059 570 1396 41019 36260 7541 6443 2483 839 1098 1644 405 428 3960 1289 670 1008 28719 1492 1261 27227 794 2671
is_linear=0
shrinkage=0.03


Tree=210
num_leaves=31
num_cat=0
split_feature=23 19 34 23 2 25 35 2 8 34 16 9 35 19 34 9 27 10 1 18 25 34 33 9 35 32 31 10 17 1
split_gain=2.75088 3.99069 3.50274 3.43537 3.45331 7.15245 3.3961 3.55414 4.73907 4.62023 6.35256 6.45429 4.46278 5.77064 5.10859 5.82884 8.95846 5.65766 9.03172 4.97429 6.2579 6.64387 4.56781 4.42226 4.90844 4.11552 6.18442 4.53587 4.7339 4.34474
threshold=0.85077952690602288 5.5025000000000013 976.82500000000016 0.85768286458438692 1.2241621755804373 6.2425000000000006 91.250000000000014 1.203426890226911 16.500000000000004 967.72500000000014 9.9025000000000016 1.5000000000000002 54.750000000000007 5.1175000000000006 960.62500000000011 2.5000000000000004 4.2656250000000009 6.5000000000000009 23.175000000000004 5.7875000000000005 3.4975000000000005 946.77500000000009 -0.034899496702500851 5.5000000000000009 79.250000000000014 -0.47714059151611382 2.0606417882509547 6.5000000000000009 3.6000000000000005 10.225000000000001
decision_type=2 10 2 2 2 10 2 2 2 2 10 2 2 10 2 2 2 2 2 2 10 2 2 2 2 2 2 2 10 2
left_child=2 -2 6 -3 -5 -6 7 12 -9 10 23 -12 13 25 15 16 19 18 -18 -15 21 -21 -22 -10 -25 27 -27 29 -29 -1
right_child=1 3 -4 4 5 -7 -8 8 9 -11 11 -13 -14 14 -16 -17 17 -19 -20 20 22 -23 -24 24 -26 26 -28 28 -30 -31
leaf_value=0.0029666956508842745 7.9446985266623386e-06 3.1508173674300585e-05 0.00029870447348959422 -9.3974607501179362e-06 4.4464475150642891e-05 -5.7733231300549632e-06 0.00045113554253365258 -0.00048690959139725208 -0.00061715537134320335 0.0067572381843281053 0.00058080253604862893 3.8983602416420217e-05 4.8792344797401781e-05 -7.9913376992385191e-05 0.00097623389362910373 -6.0299706648763755e-05 -0.00010028187448782872 -0.00046312243750044766 0.00049394269752842872 0.0042338804660521203 -3.5332336982349943e-05 0.002764561931857834 0.00044767796854351877 -4.3789074203942624e-06 0.0057943720013958807 3.9230031537766006e-05 -0.0023861131300657 -0.0015751487918514062 0.0019353921681872076 -0.00056431373134353119
leaf_weight=446 7903 555 242 4167 267 218 1467 13236 3502 395 266 511 28471 317 427 4949 627 866 370 212 389 307 210 439 200 14017 2897 11174 361 8182
leaf_count=446 7903 555 242 4167 267 218 1467 13236 3502 395 266 511 28471 317 427 4949 627 866 370 212 389 307 210 439 200 14017 2897 11174 361 8182
internal_value=-0.000134951 0.000272207 -0.00019146 -0.000372411 -0.000639039 0.0017449 -0.000200801 -0.000223474 -0.000594859 0.000161902 -9.01896e-05 0.00239002 -0.000130627 -0.000314123 0.000382301 0.000215583 0.00119164 -0.000181478 0.00135629 0.00296875 0.00390561 0.00630343 0.00179305 -0.000557888 0.00172826 -0.000477079 -0.000131923 -0.000766512 -0.00115555 -0.000246033
internal_weight=107590 13110 94480 5207 4652 485 94238 92771 18549 5313 4918 777 74222 45751 8674 8247 3298 1863 997 1435 1118 519 599 4141 639 37077 16914 20163 11535 8628
internal_count=107590 13110 94480 5207 4652 485 94238 92771 18549 5313 4918 777 74222 45751 8674 8247 3298 1863 997 1435 1118 519 599 4141 639 37077 16914 20163 11535 8628
is_linear=0
shrinkage=0.03


Tree=211
num_leaves=31
num_cat=0
split_feature=17 14 2 18 2 16 34 10 11 21 34 32 34 25 9 16 1 11 14 10 33 5 9 16 18 32 16 30 9 34
split_gain=2.71298 2.5742 2.14125 2.1305 3.37169 3.09826 3.22736 3.0286 4.1012 4.05144 3.6132 3.19865 5.71569 4.63273 4.03196 3.53053 3.25958 2.63246 3.46673 3.67013 3.07582 2.59273 3.05027 2.59262 2.54884 2.53734 5.20624 4.51774 5.29986 9.1059
threshold=1.6525000000000003 1.064268136632563 1.0606654351972422 2.8275000000000006 1.2449204606000315 13.207500000000001 966.17500000000018 5.5000000000000009 3.8325000000000005 0.52178379941632291 941.12500000000011 -0.85260769842926887 952.92500000000018 2.8225000000000007 1.0000000180025095e-35 6.4825000000000008 26.175000000000004 5.2725000000000009 0.51520222566807117 4.5000000000000009 -0.53727914962411594 0.15840065807021342 5.5000000000000009 7.4975000000000014 11.542500000000002 -0.069756473744125441 7.9875000000000016 5.2250000000000005 1.5000000000000002 948.57500000000016
decision_type=8 2 2 2 2 8 2 2 2 2 2 2 2 8 2 10 2 2 2 2 2 2 2 8 2 2 10 2 2 2
left_child=1 -1 -2 4 5 6 7 9 -9 -4 -10 12 13 -11 -13 21 -16 18 19 20 -5 22 -14 -20 -22 -19 27 -27 29 -29
right_child=2 -3 3 17 -6 -7 -8 8 10 11 -12 14 15 -15 16 -17 -18 25 23 -21 24 -23 -24 -25 -26 26 -28 28 -30 -31
leaf_value=-0.00051149564580215095 -0.0016461598833382818 0.00045851432677558368 -0.0011986042899626002 8.1650313450801481e-05 0.0015938270093394306 -0.0014881506702951195 0.0075842252296762468 0.00022137927866983236 0.0016577246968321163 0.0075715970301829284 -0.0015226399804769031 0.005606066478015188 9.9348767460188253e-05 0.001511597070944814 -0.0002722529877619965 0.0029520073448564776 0.0044297289772415368 -8.2629356238261835e-06 -0.00025472256024450425 -0.00031316661187743677 -0.0014209970294302764 -0.0029063926245451789 0.0021423724474829431 0.00039632903500124914 0.00057285811841220992 -0.00046046912706093401 -1.0284063009513567e-07 -0.0026830158856487939 0.00021178915970738508 0.0026928371697982445
leaf_weight=1442 428 338 468 675 325 412 388 6923 222 384 3476 301 588 200 1695 200 206 28181 14536 10792 5871 352 201 4909 269 1038 18788 241 2753 815
leaf_count=1442 428 338 468 675 325 412 388 6923 222 384 3476 301 588 200 1695 200 206 28181 14536 10792 5871 352 201 4909 269 1038 18788 241 2753 815
internal_value=-0.000117491 -0.00127731 -9.78879e-05 -8.92189e-05 0.000225559 0.000163659 0.000231789 0.000162406 -0.000116037 0.000805434 -0.000921956 0.00110576 0.00199741 0.0044618 0.000323515 0.000911589 -0.000190452 -0.00014711 -0.000340179 -0.000645072 -0.00118988 0.000259162 0.00121285 -6.4011e-05 -0.00140114 -9.0318e-06 0.000220177 0.00109625 0.00157394 0.00337606
internal_weight=107417 1780 105637 105209 16341 16016 15604 15216 10621 4595 3698 4127 1925 584 2202 1341 1901 88868 37052 17607 6815 1141 789 19445 6140 51816 23635 4847 3809 1056
internal_count=107417 1780 105637 105209 16341 16016 15604 15216 10621 4595 3698 4127 1925 584 2202 1341 1901 88868 37052 17607 6815 1141 789 19445 6140 51816 23635 4847 3809 1056
is_linear=0
shrinkage=0.03


Tree=212
num_leaves=31
num_cat=0
split_feature=17 2 18 31 18 35 25 35 2 32 32 19 24 27 11 35 12 31 22 34 2 35 34 34 19 25 25 10 24 26
split_gain=2.57923 1.9522 1.60255 3.85216 3.54809 3.40537 2.80897 2.73281 5.08734 3.23876 2.67592 2.50497 2.74926 4.42794 2.875 2.48968 2.47501 2.29599 2.1726 4.52592 4.8716 4.33938 5.20987 7.64539 10.1072 9.24614 6.44789 6.87435 5.28104 4.96574
threshold=1.6525000000000003 1.0606654351972422 2.2075000000000005 2.3249496165995569 1.8225000000000005 25.750000000000004 3.3775000000000004 71.750000000000014 1.2273456567271657 -0.96811077628253228 -0.31729257441605213 4.2525000000000013 2.6750000000000007 2.1435416666666671 1.8025000000000004 87.750000000000014 0.45250000000000007 1.6411453312769104 10.393611111111113 976.82500000000016 1.2221243581812249 64.250000000000014 961.92500000000018 959.62500000000011 8.5875000000000021 4.7825000000000015 3.6975000000000007 3.5000000000000004 5.0250000000000012 2.1475000000000004
decision_type=8 2 2 2 2 2 8 2 2 2 2 8 8 2 2 2 10 2 2 2 2 2 2 2 8 10 8 2 8 2
left_child=-1 -2 3 4 5 -3 -6 8 9 -7 -8 12 14 -14 -11 17 -4 -9 19 20 21 -18 23 -23 26 28 -25 -28 -26 -30
right_child=1 2 16 -5 6 7 10 15 -10 11 -12 -13 13 -15 -16 -17 18 -19 -20 -21 -22 22 -24 24 25 -27 27 -29 29 -31
leaf_value=-0.00048838452268196197 -0.0015468104923722725 -0.0012032507180163214 0.0010313720915106229 -0.001486176432634382 0.00052248412712686647 0.0016909009650136128 0.0011094267421408704 -0.0013974064903947078 0.0056676563303101951 0.0057046761720060879 0.0047277977457978217 -0.00061452746261537571 0.0069682832638426288 0.00079094459366188779 -0.001110205717582208 0.00063083964221076017 -9.8301821306831063e-05 5.0251984696461635e-05 1.9506726126320644e-06 0.00083904838617625981 -0.00046248972979488268 4.6138928460262345e-05 -0.0001994786744230395 -0.0010372443618137466 0.0024674416184532443 -0.00028724299409080631 0.0031930462538506217 -0.00046192743423241174 0.0076428035516292502 0.00054651074820271078
leaf_weight=1797 430 1056 309 881 1900 745 510 883 200 272 409 2784 276 452 409 272 49020 713 12956 201 7661 15542 4794 882 493 233 421 410 402 363
leaf_count=1797 430 1056 309 881 1900 745 510 883 200 272 409 2784 276 452 409 272 49020 713 12956 201 7661 15542 4794 882 493 233 421 410 402 363
internal_value=-0.000151448 -0.000132287 -0.000124007 0.000205999 0.000360738 4.01629e-05 0.00127585 0.000279845 0.000636982 0.000444264 0.00263312 0.000119342 0.00114781 0.00242292 -0.000223033 -0.000701549 -0.000165447 -0.00115428 -0.000174379 -0.00023246 -0.000243849 -0.00016785 0.000166914 0.000392618 0.00172577 0.00352741 0.00015192 0.00204187 0.00454157 0.0060974
internal_weight=107676 105879 105449 11762 10881 8062 2819 7006 5138 4938 919 4193 1409 728 681 1868 93687 1596 93378 80422 80221 72560 23540 18746 3204 1491 1713 831 1258 765
internal_count=107676 105879 105449 11762 10881 8062 2819 7006 5138 4938 919 4193 1409 728 681 1868 93687 1596 93378 80422 80221 72560 23540 18746 3204 1491 1713 831 1258 765
is_linear=0
shrinkage=0.03


Tree=213
num_leaves=31
num_cat=0
split_feature=22 14 28 30 34 2 14 22 6 33 35 19 34 10 21 2 10 2 35 26 5 34 35 10 33 21 11 11 13 30
split_gain=2.72227 4.68007 3.91999 5.0716 3.43954 3.38563 3.12031 3.73538 2.907 2.86194 2.80311 4.27195 3.16278 3.16596 3.90886 3.01933 2.78031 5.42558 5.84901 4.93853 6.46139 4.56925 3.01943 3.13961 4.0393 3.55393 3.34903 2.80097 3.6815 2.56973
threshold=9.6897222222222243 0.15601815219310292 1.6991125126610493 10.725000000000001 975.07500000000005 1.161334974430922 0.19098429254792912 9.4548750000000013 2.5000000000000004 0.44618082326431213 37.750000000000007 5.1175000000000006 945.62500000000011 6.5000000000000009 3.1095596887872481 1.112827845532782 8.5000000000000018 1.2221243581812249 87.750000000000014 2.1725000000000003 0.33894994305923315 944.72500000000014 81.750000000000014 1.5000000000000002 0.034899496702501191 2.2696153308387053 5.5025000000000013 5.6475000000000017 2.5591666666666666 3.0750000000000006
decision_type=2 2 2 2 2 2 2 2 2 2 2 10 2 2 2 2 2 2 2 2 2 2 2 2 2 2 2 2 2 2
left_child=4 2 3 5 6 -2 7 -1 10 -10 11 12 15 14 -14 -8 17 18 -12 27 -21 -18 23 -19 25 -25 -26 28 -20 -23
right_child=1 -3 -4 -5 -6 -7 8 -9 9 -11 16 -13 13 -15 -16 -17 21 22 19 20 -22 29 -24 24 26 -27 -28 -29 -30 -31
leaf_value=-0.00049755966852943034 -0.00031602214381657888 -2.72919667841931e-07 3.4655053120502545e-07 0.0001108895899748446 0.00070382678285629276 3.8555625357705133e-05 -0.000209269248150995 6.842039819949463e-05 0.00012076002161299934 0.0021949930813355235 4.5141233748041688e-05 8.3178771352255813e-05 -0.00094540308584078136 -0.001794446965171293 0.0010518747996213162 0.0042039959384303268 0.003287408474564317 -0.00074195396794137262 -0.00052985515789416668 0.0048173059616606062 0.00018547002791943027 -0.00095756084296038811 -0.0014507650652756388 0.00013982117341527266 -0.0015646044426103796 0.0019443035981201707 0.0004614221800408477 -0.0033551747430160539 0.0034977263023495591 -8.8277209478032639e-05
leaf_weight=12147 203 14883 1299 209 322 1104 5538 298 8548 1341 25130 3162 4603 4135 378 208 203 1476 204 238 215 5248 1137 500 673 229 220 216 313 13264
leaf_count=12147 203 14883 1299 209 322 1104 5538 298 8548 1341 25130 3162 4603 4135 378 208 203 1476 204 238 215 5248 1137 500 673 229 220 216 313 13264
internal_value=-0.000178748 0.000161328 0.00128191 0.00231558 -0.000245668 0.00160747 -0.00025686 -0.000697591 -0.000185752 0.00029442 -0.000256335 -0.000576405 -0.0007894 -0.00113672 -0.000626355 -0.000237872 -0.00013919 3.72097e-05 0.000197636 0.00225189 0.00469651 -0.000427084 -0.000958727 -0.000471802 0.000438844 0.00208856 -0.000912027 0.000719511 0.00191379 -0.000476644
internal_weight=107644 17698 2815 1516 89946 1307 89624 12445 77179 9889 67290 18024 14862 9116 4981 5746 49266 30551 26316 1186 453 18715 4235 3098 1622 729 893 733 517 18512
internal_count=107644 17698 2815 1516 89946 1307 89624 12445 77179 9889 67290 18024 14862 9116 4981 5746 49266 30551 26316 1186 453 18715 4235 3098 1622 729 893 733 517 18512
is_linear=0
shrinkage=0.03


Tree=214
num_leaves=31
num_cat=0
split_feature=16 7 15 35 34 5 11 11 34 2 21 16 9 5 12 8 2 24 34 9 16 19 35 25 26 26 21 31 2 18
split_gain=2.6627 3.85353 3.47972 4.87819 4.36521 6.77116 6.06198 4.02416 3.52628 3.85521 4.08246 3.88437 5.07592 3.35352 3.13975 4.20097 2.83553 3.70499 6.76844 4.00127 4.59699 3.67775 3.55344 3.97634 3.43223 9.28209 3.40626 2.72282 3.4251 5.09463
threshold=9.6525000000000016 17.500000000000004 -0.30250000000000016 87.750000000000014 962.42500000000018 0.29128465282693361 2.0825000000000005 1.4125000000000003 967.72500000000014 1.2093740901132575 2.6226934310412067 1.6775000000000004 2.5000000000000004 0.11407376725213351 10.642500000000002 12.500000000000002 1.0973038830113313 6.4750000000000005 952.12500000000011 5.5000000000000009 8.8475000000000019 5.2875000000000005 32.250000000000007 2.4975000000000005 1.7075000000000002 2.3675000000000006 1.1265341391103807 1.1399919549477073 1.1150814839323038 9.6675000000000022
decision_type=10 2 2 2 2 2 2 2 2 2 2 8 2 2 10 2 2 10 2 2 8 8 2 10 2 2 2 2 2 2
left_child=1 14 7 8 5 6 -5 -3 9 10 -4 12 -12 -8 -1 -16 22 19 -19 -18 21 24 26 -24 -21 -26 -9 28 29 -2
right_child=27 2 3 4 -6 -7 13 16 -10 -11 11 -13 -14 -15 15 -17 17 18 -20 20 -22 -23 23 -25 25 -27 -28 -29 -30 -31
leaf_value=-0.00038152292316531803 0.0031221791970190492 0.0011578850880711183 -0.00028516479012598577 0.00039653463343235912 -0.0010237630524025693 -0.00099820501777389764 0.0080940469462458184 -0.0010253562694712282 0.0021358293753510138 -0.00083184348981980058 7.1918423688060288e-05 7.1577472329047506e-05 0.0066147177317313509 0.0044035923548446263 -6.8139411581591419e-05 0.00070662957422156446 -0.0002084841008977123 0.0021712905324433773 2.8333134556091097e-05 -0.00051911040898751837 0.00057496482192143984 -0.00050002983315659301 0.0062365110101079042 0.0013715980448714034 0.0051667003285938802 0.00037609437977354832 0.0010203185556326765 4.9402798480091023e-07 -1.911223620379768e-07 2.9468631939222823e-05
leaf_weight=28079 249 538 20885 261 423 369 202 846 501 4676 269 4687 241 204 291 389 13403 290 654 220 263 1031 215 508 226 346 1368 25084 554 213
leaf_count=28079 249 538 20885 261 423 369 202 846 501 4676 269 4687 241 204 291 389 13403 290 654 220 263 1031 215 508 226 346 1368 25084 554 213
internal_value=-0.00015448 -0.000239035 -8.64137e-05 -0.000276687 0.00141598 0.00246109 0.00425446 0.000226284 -0.000355905 -0.000396711 -0.00025438 0.000497692 0.00297087 0.00652555 -0.000518253 0.00148905 0.000154838 1.27681e-06 0.00182086 -0.000110172 0.00111047 0.000569474 0.00101258 0.00283104 0.00210038 0.00331716 0.000413699 0.000109174 0.00162782 0.00352034
internal_weight=107485 81385 52626 32718 1459 1036 667 19908 31259 30758 26082 5197 510 406 28759 680 19370 16433 944 15489 2086 1823 2937 723 792 572 2214 26100 1016 462
internal_count=107485 81385 52626 32718 1459 1036 667 19908 31259 30758 26082 5197 510 406 28759 680 19370 16433 944 15489 2086 1823 2937 723 792 572 2214 26100 1016 462
is_linear=0
shrinkage=0.03


Tree=215
num_leaves=31
num_cat=0
split_feature=16 14 33 7 17 35 28 8 21 26 19 14 19 25 31 11 10 8 24 19 21 13 32 25 31 26 31 2 14 27
split_gain=2.61239 2.88932 3.31729 3.10443 2.84559 2.6795 2.55103 2.49698 3.85632 4.05145 4.75656 3.76145 3.7282 3.08624 2.80622 4.57013 6.97702 2.85854 4.75235 6.15729 2.96088 2.60199 3.06497 6.67407 4.17085 3.35455 6.35976 2.81323 2.88759 2.73852
threshold=9.6525000000000016 0.44833952907737934 -0.70088257582277225 42.500000000000007 2.8025000000000007 33.250000000000007 2.8412026102177133 13.500000000000002 2.3307872414744195 3.5725000000000007 4.5275000000000007 0.57786244037832513 2.2975000000000003 0.47750000000000009 1.9186716273942401 7.0275000000000007 6.5000000000000009 3.5000000000000004 2.1750000000000007 2.4875000000000007 1.4054625551962043 10.874166666666669 -0.87878364999916136 5.2625000000000011 1.0574581339712921 1.8275000000000003 1.9898474541331688 1.0933093954201454 0.47606022028030848 4.1035416666666675
decision_type=10 2 2 2 8 2 2 2 2 2 10 2 10 8 2 2 2 2 10 10 2 2 2 8 2 2 2 2 2 2
left_child=1 2 -1 5 -4 -3 -6 8 9 13 11 -11 -13 -7 -15 17 -17 18 20 -20 -16 22 24 29 -9 -25 -27 -26 -29 -24
right_child=-2 3 4 -5 6 7 -8 21 -10 10 -12 12 -14 14 15 16 -18 -19 19 -21 -22 -23 23 25 27 26 -28 28 -30 -31
leaf_value=0.00040972686547047671 2.3746394068518768e-06 -0.00042861567896074356 -0.00059797712272539731 0.0007059916601949162 -0.00027820185914683381 0.0024520954907802693 0.00016307523230949748 0.0015771607018215861 -0.00033134558933886946 0.0035083659944139564 -0.00049011098206254932 0.00027648311413353444 0.003358670627042508 -0.00044145746223456125 -0.0011608155694801123 0.0031311067791923207 -3.245655512478053e-05 -0.00067596447122256458 0.0046483395610661879 0.00045241964800632473 0.0014855342364926121 5.4852538035654593e-05 5.9910555523421393e-05 0.0014979280936138885 0.0013440733209612542 0.0070553066825769064 0.00033428946478267235 0.0028856179138497529 -0.00075857004591565742 0.00096225317377043873
leaf_weight=2959 26169 9959 1470 6350 27753 207 348 227 6266 237 415 706 263 8224 526 392 448 2242 222 292 401 307 4673 381 211 332 220 209 4830 231
leaf_count=2959 26169 9959 1470 6350 27753 207 348 227 6266 237 415 706 263 8224 526 392 448 2242 222 292 401 307 4673 381 211 332 220 209 4830 231
internal_value=-0.000147105 -0.000231017 -0.000449978 -8.494e-05 -0.000545815 -0.000177557 -0.000478297 -4.54623e-05 -0.000241918 2.57194e-05 0.00143727 0.00238811 0.00154312 -0.000151401 -0.000211026 0.000388913 0.0023787 -6.7517e-05 0.000973028 0.00327168 -0.000312232 0.000306812 0.000232175 0.000710201 -0.000277454 0.00302878 0.00451346 -0.000451 -0.000594172 0.000266449
internal_weight=107470 81301 32530 48771 29571 42421 28101 32462 20841 14575 1621 1206 969 12954 12747 4523 840 3683 1441 514 927 11621 11314 5837 5477 933 552 5250 5039 4904
internal_count=107470 81301 32530 48771 29571 42421 28101 32462 20841 14575 1621 1206 969 12954 12747 4523 840 3683 1441 514 927 11621 11314 5837 5477 933 552 5250 5039 4904
is_linear=0
shrinkage=0.03


Tree=216
num_leaves=31
num_cat=0
split_feature=20 33 34 35 5 31 19 31 32 24 27 12 27 1 24 8 25 8 33 1 8 12 24 35 18 34 34 2 9 25
split_gain=2.26934 2.76577 2.83001 4.78763 7.02072 4.81242 7.52214 6.84664 5.19445 4.55046 4.4736 4.46302 3.69117 3.61545 3.64115 3.12701 3.45218 3.08642 6.26857 3.99807 3.94102 5.71449 7.18105 5.4019 5.79054 6.15507 3.61744 5.99384 7.78303 4.73631
threshold=9.9564583333333356 -0.66259481767468253 953.62500000000011 62.250000000000007 0.4274692250274017 1.4433496191959811 7.2025000000000015 1.285254828180604 0.72534675097891099 8.4750000000000014 2.0293750000000008 9.677500000000002 2.8693750000000011 14.725000000000001 1.9250000000000005 9.5000000000000018 1.8875000000000004 14.500000000000002 -0.0087262032186418287 13.275000000000002 5.5000000000000009 5.392500000000001 8.0250000000000021 81.750000000000014 10.362500000000002 958.02500000000009 958.62500000000011 1.2008024244529059 5.5000000000000009 0.76750000000000018
decision_type=2 2 2 2 2 2 10 2 2 8 2 10 2 2 10 2 10 2 2 2 2 10 8 2 2 2 2 2 2 8
left_child=1 -1 3 5 10 6 8 9 11 -8 -5 12 15 17 -15 -3 -17 20 -19 -20 21 -4 -23 24 25 -24 -22 28 -28 -29
right_child=-2 2 13 4 -6 -7 7 -9 -10 -11 -12 -13 -14 14 -16 16 -18 18 19 -21 26 22 23 -25 -26 -27 27 29 -30 -31
leaf_value=0.0002349194635588743 1.7603514016555094e-06 -0.0016879888016137555 -0.00059614368945706256 -6.0493998474265282e-05 -0.00032281309712344549 -0.00047519002626306655 0.00010384704585429616 -0.00038154631886766933 0.00028769249461722406 0.00082624010181557843 0.0016214470523326391 0.00082342522616991355 -0.00170333383053481 -0.0019662724083881595 -0.00013067037852696251 -0.0003297897184517841 0.0017117319183007325 -0.00029918213886733543 0.00018892527818588633 0.004079958421826348 -0.0006113149542996745 -2.0670535796402099e-05 0.00062033590258356015 -0.00020322228482949669 5.5401972386553974e-05 0.0019966565648572442 -8.7832130539241331e-06 0.0017021646103036901 0.0017703716264514753 -0.00094958673318683144
leaf_weight=6955 16117 1171 5317 2130 2041 15553 200 212 6860 257 4754 781 7329 3318 3176 1384 1427 5324 6668 296 4343 2706 403 402 394 328 2597 259 374 4519
leaf_count=6955 16117 1171 5317 2130 2041 15553 200 212 6860 257 4754 781 7329 3318 3176 1384 1427 5324 6668 296 4343 2706 403 402 394 328 2597 259 374 4519
internal_value=-0.000165754 -0.000223583 -0.000270905 -0.000104685 0.000515677 -0.000262146 5.02897e-05 0.00316469 -6.04533e-05 0.00521429 0.000973726 -0.000434489 -0.000586162 -0.000452201 -0.00110048 0.000148983 0.000691406 -0.000327981 5.1736e-05 0.000643994 -0.00054354 -8.79128e-05 0.000734072 0.00237533 0.00343805 0.00500951 -0.0009032 -0.000514187 0.000543346 -0.00117165
internal_weight=107595 91478 84523 44099 8925 35174 19621 669 18952 457 6884 12092 11311 40424 6494 3982 2811 33930 12288 6964 21642 9550 4233 1527 1125 731 12092 7749 2971 4778
internal_count=107595 91478 84523 44099 8925 35174 19621 669 18952 457 6884 12092 11311 40424 6494 3982 2811 33930 12288 6964 21642 9550 4233 1527 1125 731 12092 7749 2971 4778
is_linear=0
shrinkage=0.03


Tree=217
num_leaves=31
num_cat=0
split_feature=17 2 22 14 14 7 13 25 26 2 32 9 34 13 16 32 31 34 15 25 27 2 35 34 2 25 21 28 23 26
split_gain=2.1722 2.0082 1.62687 3.68992 3.04828 2.96133 2.73603 4.40304 3.92487 2.77923 2.49757 2.33327 3.95146 3.12135 3.18737 2.938 2.70605 2.1929 2.22481 2.07243 2.28692 2.04997 2.14072 2.33632 3.18443 2.69247 1.97305 3.22074 2.71873 2.35309
threshold=0.84750000000000003 1.0606654351972422 9.6897222222222243 0.15601815219310292 0.20834666624002199 41.500000000000007 7.8841666666666672 4.8525000000000009 3.0125000000000006 1.2282582662097756 -0.92384435400961384 3.5000000000000004 961.92500000000018 1.5200000000000002 10.417500000000002 0.59480013772226081 0.8900549450549452 953.62500000000011 -1.6850000000000001 4.6125000000000016 3.8862500000000004 1.2367646876684808 68.750000000000014 957.12500000000011 1.1795796373544032 1.8625000000000005 2.0433183794495284 1.8628215605111502 0.79376129902997017 2.7225000000000006
decision_type=8 2 2 2 2 2 2 10 2 2 2 2 2 2 10 2 2 2 2 10 2 2 2 2 2 8 2 2 2 2
left_child=-1 -2 4 6 11 -6 7 -4 -9 10 -8 12 13 15 21 16 -3 -7 -19 -13 -21 22 -15 24 -24 -25 -5 28 -28 -30
right_child=1 2 3 26 5 17 9 8 -10 -11 -12 19 -14 14 -16 -17 -18 18 -20 20 -22 -23 23 25 -26 -27 27 -29 29 -31
leaf_value=-0.00052839174696689938 -0.0014929916251889067 9.6405190864948242e-06 -1.1595287518844087e-05 6.6113597448114182e-06 -6.8857728394243584e-05 0.00088505174922152757 3.246007583652287e-05 4.6515820605442218e-05 0.00013806539844613331 2.8232013052990055e-05 -7.4312881344346531e-06 -0.0012285155965893095 -0.00088600861740269503 -0.00031982949070050837 0.00010477050278483002 -0.0002688278836193292 0.0045917801915646072 0.0044640808843464897 -0.00019095256510486241 0.0022281474138840839 -9.9681020636472874e-05 -0.0042664185197914574 0.00093504515600035122 0.0028583670482232319 0.0044355313890283672 -0.00056544126837649959 0.00016212547514477316 -8.8075086360073213e-06 -0.00012484685723163303 3.9042631867025614e-06
leaf_weight=392 421 200 245 6302 63769 6394 419 222 254 367 1275 5111 1167 4154 476 240 299 235 4710 249 583 266 386 205 202 427 345 4411 455 3289
leaf_count=392 421 200 245 6302 63769 6394 419 222 254 367 1275 5111 1167 4154 476 240 299 235 4710 249 583 266 386 205 202 427 345 4411 455 3289
internal_value=-0.000142639 -0.00013442 -0.000126203 0.000137472 -0.00017826 -0.000102566 0.00113886 0.00272314 0.00439085 0.00057938 6.35661e-05 -0.000585183 -0.000251153 2.40518e-05 -0.000198988 0.00185887 0.00316071 0.000344058 -0.000130304 -0.00103547 0.000351254 -0.000398584 -0.000269939 0.000832652 0.0021855 -0.000433282 -5.10576e-05 -0.000349207 0.000257205 2.08048e-05
internal_weight=107470 107078 106657 17584 89073 75108 2782 721 476 2061 1694 13965 8022 6855 6116 739 499 11339 4945 5943 832 5640 5374 1220 588 632 14802 8500 4089 3744
internal_count=107470 107078 106657 17584 89073 75108 2782 721 476 2061 1694 13965 8022 6855 6116 739 499 11339 4945 5943 832 5640 5374 1220 588 632 14802 8500 4089 3744
is_linear=0
shrinkage=0.03


Tree=218
num_leaves=31
num_cat=0
split_feature=24 7 33 25 16 28 29 33 25 34 2 32 28 2 0 25 9 8 22 24 10 22 23 28 2 9 2 33 34 34
split_gain=2.14092 2.55314 3.62065 3.16835 3.75624 2.4649 3.0986 2.37225 2.67679 2.54736 3.02539 2.5142 3.63863 2.38066 4.17778 2.24284 2.97864 2.86033 2.19914 2.51831 2.08847 3.71857 7.84035 5.10417 3.55767 3.53729 4.13051 4.36442 3.28922 6.35657
threshold=5.5750000000000011 17.500000000000004 0.86159635224327547 2.9375000000000004 3.2775000000000007 1.3012045700968966 1.6725000000000003 -0.55191596924288666 3.9975000000000005 960.22500000000014 1.1795796373544032 0.99961926108774357 1.1582489477403219 1.1089058206799027 3.1675000000000004 4.1625000000000005 1.5000000000000002 14.500000000000002 3.6522777777777784 2.7250000000000005 9.5000000000000018 7.8289444444444465 0.37702645472784346 1.3470755360077578 1.2449204606000315 1.5000000000000002 1.1897749778616504 0.25037047035109405 960.12500000000011 962.82500000000016
decision_type=8 2 2 10 10 2 2 2 10 2 2 2 2 2 2 8 2 2 2 10 2 2 2 2 2 2 2 2 2 2
left_child=1 5 7 4 -4 6 -1 8 9 10 13 -9 -13 14 -3 -8 17 -17 19 -7 -2 22 25 -24 -23 -22 27 -27 -28 -30
right_child=20 2 3 -5 -6 18 15 11 -10 -11 -12 12 -14 -15 -16 16 -18 -19 -20 -21 21 24 23 -25 -26 26 28 -29 29 -31
leaf_value=-0.00062937839605802241 -6.2916412624864383e-06 0.0070630573591759166 0.00015811097840885815 -0.0016260203394520376 0.0056481293811860905 -0.00089209317392216806 -0.00026112622158619355 -0.00018342365420304208 0.0043263521956920271 -0.00069802785620224587 0.0021126029605661343 -6.3035192018718548e-05 0.0022030358975162149 -0.00010026379529570627 -0.00012689596689533419 0.00017893443945531508 -1.5882251868556408e-05 0.0027380856515653402 -0.0019334076704074054 0.0010370191037052576 -0.0017233063021673738 -2.2519475888715946e-06 0.00254609925389365 0.00052834169833512192 2.7227205864027267e-05 0.0034938308858409139 -0.004000411581795575 -0.00055503523908813801 0.0074170229412321891 -0.0012268826070711573
leaf_weight=2969 56262 201 338 229 228 440 4286 22567 227 651 298 434 235 1413 206 371 1384 289 2236 281 901 7927 264 755 256 646 339 396 206 534
leaf_count=2969 56262 201 338 229 228 440 4286 22567 227 651 298 434 235 1413 206 371 1384 289 2236 281 901 7927 264 755 256 646 339 396 206 534
internal_value=-0.000155855 -0.000332392 -0.000169467 0.00181875 0.00301576 -0.000691461 -0.000451097 -0.000230058 0.000563811 0.000303893 0.000808289 -0.000332517 0.00147329 0.000345205 0.00235194 -7.57702e-05 0.000740848 0.00239098 -0.00144531 -4.13294e-06 -5.45772e-05 0.00030076 0.00104473 0.00331348 -6.70501e-05 0.00027552 0.000944026 0.00228653 -0.000357012 0.0007651
internal_weight=107769 39283 27027 795 566 12256 9299 26232 2996 2769 2118 23236 669 1820 407 6330 2044 660 2957 721 68486 12224 4041 1019 8183 3022 2121 1042 1079 740
internal_count=107769 39283 27027 795 566 12256 9299 26232 2996 2769 2118 23236 669 1820 407 6330 2044 660 2957 721 68486 12224 4041 1019 8183 3022 2121 1042 1079 740
is_linear=0
shrinkage=0.03


Tree=219
num_leaves=31
num_cat=0
split_feature=31 32 1 11 28 25 20 2 25 27 17 19 16 32 2 29 31 9 20 35 23 28 10 10 33 16 32 18 31 21
split_gain=2.58429 4.68939 4.06275 5.17371 4.76157 3.99464 3.90536 3.88637 4.00655 3.67354 3.50781 4.76743 5.50947 3.65649 6.45882 6.86472 5.52142 4.34821 3.96639 6.61492 3.45556 4.28058 3.25825 3.77059 7.4536 4.04846 4.69008 5.31081 4.68232 4.07508
threshold=2.0606417882509547 -0.47714059151611382 22.225000000000005 4.7875000000000005 1.7092798191046763 1.0000000180025095e-35 9.9564583333333356 1.0965754429495087 4.3525000000000009 3.3320833333333342 6.9275000000000011 1.8375000000000001 11.632500000000002 0.9426055981926128 1.161334974430922 3.3925000000000005 2.74295634920635 1.0000000180025095e-35 7.3705000000000016 64.250000000000014 0.053644508095256706 0.90800032111437967 4.5000000000000009 5.5000000000000009 0.21643137258081221 6.2975000000000012 0.86159635224327558 6.4775000000000018 1.8232849016402233 1.7179788868415151
decision_type=2 2 2 2 2 10 2 2 10 2 8 10 8 2 2 2 2 2 2 2 2 2 2 2 2 10 2 2 2 2
left_child=1 -1 3 5 -5 20 7 8 -4 -6 -2 12 -12 16 -15 17 -13 -16 -19 -20 -3 -22 -9 24 -24 26 28 -28 29 -25
right_child=10 2 6 4 9 -7 -8 22 -10 -11 11 13 -14 14 15 -17 -18 18 19 -21 21 -23 23 25 -26 -27 27 -29 -30 -31
leaf_value=-1.7452526384119091e-05 -0.00085141817298934729 0.00010817270202432282 -0.00026563296507170947 4.1927339795012847e-05 0.0033517698772590793 -0.0004760288875268854 -2.4632002534723527e-05 -0.00061701544213800031 0.00041809216437712401 -4.1623536072361622e-06 -0.0010537895740945534 8.7830578319042073e-05 3.5528587403625628e-05 -0.0010676722582447014 0.0010381162236699271 -1.8709400175477286e-05 0.0025023643532601221 -0.0058211989924123689 -0.00025587720443911115 0.0022295715277759281 9.9427926796139544e-05 0.0052772776207820875 7.5455356264020335e-05 -0.0014468666148255815 0.0035202861632561908 2.8610308678638763e-06 0.0036216956725258764 0.0040019299911370175 0.0049941584959775137 0.0028764621182461891
leaf_weight=44165 5697 966 3684 6808 222 12878 508 486 1732 5926 9075 4064 1786 1903 200 809 671 202 231 258 231 238 280 976 314 1614 761 257 200 607
leaf_count=44165 5697 966 3684 6808 222 12878 508 486 1732 5926 9075 4064 1786 1903 200 809 671 202 231 258 231 238 280 976 314 1614 761 257 200 607
internal_value=-0.000155605 -7.50568e-05 0.000166076 -3.28892e-05 0.000401357 -0.000425968 0.000641018 0.000760992 0.00019037 -0.000203804 -0.000423598 -0.000229484 -0.000643568 0.00030996 -0.000409923 0.000932551 0.000857594 0.00274219 0.00159052 0.00304251 0.00107292 0.00317089 0.00132273 0.00155026 0.00378631 0.00124547 0.00193407 0.00355425 0.00100168 0.000447732
internal_weight=107749 82853 38688 27269 12956 14313 11419 10911 5416 6148 24896 19199 10861 8338 3603 1700 4735 891 691 489 1435 469 5495 5009 594 4415 2801 1018 1783 1583
internal_count=107749 82853 38688 27269 12956 14313 11419 10911 5416 6148 24896 19199 10861 8338 3603 1700 4735 891 691 489 1435 469 5495 5009 594 4415 2801 1018 1783 1583
is_linear=0
shrinkage=0.03


Tree=220
num_leaves=31
num_cat=0
split_feature=22 1 6 18 25 6 35 29 3 2 25 10 8 29 24 34 1 32 33 27 1 33 23 29 34 16 35 19 32 2
split_gain=2.59118 3.77653 3.39032 2.97177 2.73427 2.50981 4.1379 2.91387 3.52812 2.90049 2.85295 2.81332 4.61188 3.22735 4.02998 2.12562 1.93021 1.84878 3.05254 4.6663 2.00211 3.34807 5.76223 8.17484 3.70694 3.33785 2.36405 4.25437 4.17849 2.93904
threshold=9.6897222222222243 28.875000000000004 2.5000000000000004 15.677500000000002 6.6275000000000004 1.5000000000000002 25.750000000000004 3.5475000000000003 6.9838568105925392 1.2437487707339934 4.9025000000000007 2.5000000000000004 16.500000000000004 5.9225000000000012 8.9250000000000025 965.67500000000018 16.325000000000006 0.99961926108774357 0.017452406437283369 3.7714583333333338 -4.3749999999999991 -0.27563735581699894 0.1092776591362976 1.5025000000000002 969.02500000000009 8.1075000000000017 54.750000000000007 5.1175000000000006 0.96359376111369366 1.1050113441249223
decision_type=2 2 2 2 10 2 2 2 2 2 8 2 2 2 8 2 2 2 2 2 2 2 2 2 2 10 2 10 2 2
left_child=2 3 17 5 16 6 -2 8 -8 11 -9 12 13 -7 -15 -12 -5 20 -19 -20 21 22 23 -1 -23 -24 27 -22 -29 -28
right_child=1 -3 -4 4 -6 9 7 10 -10 -11 15 -13 -14 14 -16 -17 -18 18 19 -21 26 24 25 -25 -26 -27 29 28 -30 -31
leaf_value=-0.00042971988734552172 4.8500401454097951e-05 -0.00015481997965376636 0.00034732251277887698 -1.2775560714685713e-06 -7.4359759134343261e-06 -5.8483676887112146e-05 1.3386905972215812e-05 -1.0510052469538662e-05 0.000149707191551816 3.8018533488233252e-05 1.9133398020907409e-05 -3.8421985754530828e-06 7.6604578846873876e-05 0.0001126225864376151 -5.9699215063535593e-06 -9.0136762988490827e-06 1.0042023608278772e-05 -3.9449013566360547e-05 0.0033282899943585646 -0.00010099793210557317 -0.00051551515819340697 -0.00087257428423433549 -0.0040678240897470876 0.004565551932281562 0.00079226788381112133 0.00033450758551114749 0.0039805566115325855 8.712343760456146e-05 -0.00039431823014258739 -3.9839205514660692e-05
leaf_weight=200 385 499 11348 501 1292 555 244 1305 269 373 3073 7484 388 211 218 445 262 1200 342 211 30958 3546 452 214 254 259 280 5424 1162 34050
leaf_count=200 385 499 11348 501 1292 555 244 1305 269 373 3073 7484 388 211 218 445 262 1200 342 211 30958 3546 452 214 254 259 280 5424 1162 34050
internal_value=-0.000149541 0.000184362 -0.000214561 0.00026014 -0.000808253 0.000407221 0.000900628 0.000681894 0.00282046 0.000101039 0.000451739 -8.80333e-06 0.00123747 0.000139534 0.00208064 0.000895827 0.000613281 -0.000284584 0.000677474 0.00251075 -0.000306586 -0.000891481 0.000544247 0.00333651 -0.00131669 -0.00109358 -0.000266448 -0.000430958 0.000261265 -8.65014e-05
internal_weight=107404 17504 89900 17005 2055 14950 5721 5336 513 9229 4823 8856 1372 984 429 3518 763 78552 1753 553 76799 4925 1125 414 3800 711 71874 37544 6586 34330
internal_count=107404 17504 89900 17005 2055 14950 5721 5336 513 9229 4823 8856 1372 984 429 3518 763 78552 1753 553 76799 4925 1125 414 3800 711 71874 37544 6586 34330
is_linear=0
shrinkage=0.03


Tree=221
num_leaves=31
num_cat=0
split_feature=22 17 18 10 34 1 8 11 25 8 27 12 23 32 1 34 19 24 8 8 34 30 20 26 1 20 26 25 29 17
split_gain=2.64019 3.31845 2.44443 6.10607 6.99349 4.61194 4.12113 6.60844 3.29096 3.12241 5.00387 2.56616 2.44998 3.16427 7.03524 6.79396 7.18893 5.28053 4.9671 4.65564 5.97588 4.20917 4.14823 7.91997 7.20237 5.41925 3.87623 4.08976 3.82157 3.87383
threshold=2.227847222222223 2.4325000000000006 3.5175000000000005 4.5000000000000009 947.67500000000018 -2.9749999999999992 18.500000000000004 3.1875000000000009 3.3775000000000004 3.5000000000000004 2.7979166666666671 3.7625000000000006 0.79096381780526615 -0.74892720285008318 22.475000000000005 947.77500000000009 3.1025000000000005 4.0750000000000011 6.5000000000000009 13.500000000000002 945.62500000000011 5.2750000000000012 8.6461250000000032 2.8375000000000008 14.175000000000002 7.5627500000000012 3.4925000000000006 3.6075000000000008 0.87750000000000017 5.847500000000001
decision_type=2 10 2 2 2 2 2 2 8 2 2 10 2 2 2 2 8 8 2 2 2 2 2 2 2 2 2 10 2 10
left_child=1 -1 3 4 -2 -5 9 -8 -9 10 11 -6 13 18 19 -16 17 -17 -4 -15 -21 28 23 -23 25 -25 -18 -28 -22 -30
right_child=2 -3 12 5 6 -7 7 8 -10 -11 -12 -13 -14 14 15 16 26 -19 -20 20 21 22 -24 24 -26 -27 27 -29 29 -31
leaf_value=-0.000496862607102287 0.0074225796658135374 0.0044555663789153368 4.0764366349254763e-05 0.0051610288457783994 0.00052295980663101635 -0.00015678640819855871 0.009008279147750986 -0.00017483527402357548 0.0041799102942819783 -4.6545136396280889e-05 0.0050444589422368943 -0.001922255715228369 1.1501324900012072e-06 -0.00028405656099314309 4.6577872610820934e-05 0.0024589196702412526 0.0001378382763809398 0.0085075362654257469 -0.00056996883006641297 0.0027318131900978112 0.0033715054458352445 0.00013304123366029549 -5.1746985904361116e-05 0.0035416181523150445 0.00052712667761992929 0.0004507704277521285 0.0015527263299649184 0.00018987381882072717 -0.0010164843318248812 0.0016468151227678801
leaf_weight=6087 260 241 8903 214 304 12693 248 415 216 2623 202 241 16963 17450 5907 213 1333 202 22297 205 353 2082 1293 214 358 217 296 632 5054 300
leaf_count=6087 260 241 8903 214 304 12693 248 415 216 2623 202 241 16963 17450 5907 213 1333 202 22297 205 353 2082 1293 214 358 217 296 632 5054 300
internal_value=-0.000153193 -0.000747514 -0.000116174 0.000207335 0.00115707 -0.000124768 0.000861071 0.00268439 0.00103302 0.000382222 0.00208644 0.000572727 -0.00018304 -0.00026424 -7.30195e-05 0.000676641 0.00192913 0.00553571 -0.0004855 -0.000306855 0.000206526 9.99385e-05 0.000824657 0.00145932 0.00400882 0.00659862 0.0012564 0.00273955 -0.000429097 -0.000629223
internal_weight=108016 6328 101688 17416 4509 12907 4249 879 631 3370 747 545 84272 67309 36109 8583 2676 415 31200 27526 10076 9871 4164 2871 789 431 2261 928 5707 5354
internal_count=108016 6328 101688 17416 4509 12907 4249 879 631 3370 747 545 84272 67309 36109 8583 2676 415 31200 27526 10076 9871 4164 2871 789 431 2261 928 5707 5354
is_linear=0
shrinkage=0.03


Tree=222
num_leaves=31
num_cat=0
split_feature=22 33 27 5 32 34 34 9 28 26 23 2 14 14 26 13 25 34 34 25 29 16 0 19 24 34 2 26 19 9
split_gain=2.5664 2.20306 4.12962 2.54584 2.8123 2.0615 3.15115 2.18057 2.65026 2.18943 1.97844 2.79603 2.68885 2.28582 2.72096 2.168 4.38805 1.87067 2.45301 4.41181 2.79985 2.14906 1.86143 4.14941 3.41295 2.43202 4.55968 3.06012 2.31489 2.17377
threshold=2.227847222222223 0.87878364999916159 2.9129166666666668 0.045187207576281647 0.1822285865217376 946.87500000000011 940.57500000000016 1.0000000180025095e-35 1.1457343896471694 2.3525000000000005 0.79096381780526615 1.1081619006220202 0.092601295887068766 0.15601815219310292 5.9275000000000011 7.8841666666666672 5.2875000000000005 965.07500000000016 961.92500000000018 6.347500000000001 4.1525000000000007 11.692500000000003 8.6625000000000032 5.4275000000000011 6.7750000000000012 949.42500000000018 1.1303422007248982 5.5025000000000013 9.6075000000000017 4.5000000000000009
decision_type=2 2 2 2 2 2 2 2 2 2 2 2 2 2 2 2 10 2 2 10 2 10 2 10 8 2 2 2 10 2
left_child=5 10 3 4 -3 6 -1 -8 9 -9 12 -12 -2 14 15 16 -13 18 22 20 -20 -21 -15 -24 28 -26 27 -27 29 -25
right_child=1 2 -4 -5 -6 -7 7 8 -10 -11 11 13 -14 17 -16 -17 -18 -19 19 21 -22 -23 23 24 25 26 -28 -29 -30 -31
leaf_value=-0.0017000448574309845 -0.00062780693335087289 -8.7662160335561507e-05 -0.0021519102862273694 0.003282346520836909 0.0058211745335469134 -0.00047026817211166919 -0.0014392025367631889 0.0017820263698822396 0.0035612545360165569 -0.001792804064152477 -2.9423851132565068e-05 7.2931129823317065e-07 -7.2196049956144701e-05 -1.1623572223521177e-05 5.4963314243474668e-05 9.8123440188446755e-07 0.00011547942733991512 -1.5012228566357681e-05 5.4241828856441901e-05 9.7869396269861794e-05 -8.6347074718828847e-06 1.2802678995160912e-05 8.9936729565764929e-06 -2.310125197620342e-05 -2.4799912050363406e-05 2.0437702646458723e-06 -1.2068493702408665e-05 4.7979302450054106e-05 1.7047845641480209e-05 2.8448511774803372e-05
leaf_weight=253 3540 584 571 288 350 5008 215 325 262 291 1171 414 78857 2566 201 1790 244 1399 212 200 557 227 3947 362 491 274 2136 202 212 220
leaf_count=253 3540 584 571 288 350 5008 215 325 262 291 1171 414 78857 2566 201 1790 244 1399 212 200 557 227 3947 362 491 274 2136 202 212 220
internal_value=-0.000181581 -0.000144774 0.000895995 0.00187775 0.00110543 -0.000766159 0.000275351 0.000975409 0.0016376 0.000550724 -0.000163626 0.000132798 -0.000224158 0.000238712 0.00104107 0.0007607 0.00222624 7.49416e-05 0.000199982 0.00148376 0.000120154 0.00390972 5.18476e-05 0.000281309 -0.000412866 -0.00086197 -0.000495224 0.00214553 0.00133667 0.000347529
internal_weight=107369 101015 1793 1222 934 6354 1346 1093 878 616 99222 16825 82397 15654 2649 2448 658 13005 11606 1196 769 427 10410 7844 3897 3103 2612 476 794 582
internal_count=107369 101015 1793 1222 934 6354 1346 1093 878 616 99222 16825 82397 15654 2649 2448 658 13005 11606 1196 769 427 10410 7844 3897 3103 2612 476 794 582
is_linear=0
shrinkage=0.03


Tree=223
num_leaves=31
num_cat=0
split_feature=35 9 1 8 19 25 1 21 26 26 29 21 14 22 24 1 25 24 26 15 32 35 25 8 33 35 17 18 19 20
split_gain=2.14914 3.61288 4.65107 3.23123 4.2048 3.86273 3.64422 2.79528 2.44173 2.15522 3.12526 3.56022 4.03947 4.5976 3.80333 2.40459 3.17025 3.39614 3.04691 4.0983 3.52702 6.21537 2.69889 2.43132 4.29751 3.93209 5.80858 9.36898 3.75939 4.87407
threshold=19.750000000000004 3.5000000000000004 32.725000000000009 17.500000000000004 10.097500000000002 5.6225000000000014 29.375000000000004 1.6269720085682737 2.9375000000000004 5.7775000000000007 3.4975000000000005 2.203166376418475 0.91233674338663107 13.927500000000002 8.4250000000000025 31.275000000000002 4.4775000000000009 6.5250000000000012 4.0075000000000012 -0.015000000000000067 0.67556448321067852 26.250000000000004 6.1525000000000007 16.500000000000004 -0.0087262032186418287 85.250000000000014 5.1775000000000011 8.5575000000000028 1.7075000000000002 3.0214583333333338
decision_type=2 2 2 2 8 8 2 2 2 2 2 2 2 2 10 2 10 8 2 2 2 2 10 2 2 2 8 2 8 2
left_child=1 2 3 4 5 6 -1 -6 -4 15 -11 12 13 14 -12 23 18 -18 19 20 21 -17 -19 -2 -25 28 -27 -28 -26 -30
right_child=9 -3 8 -5 7 -7 -8 -9 -10 10 11 -13 -14 -15 -16 16 17 22 -20 -21 -22 -23 -24 24 25 26 27 -29 29 -31
leaf_value=0.00029296774054140038 -1.8264963108137092e-05 -0.00038862756293689068 0.00041778815417590679 -0.00060023730711126859 -0.0008842194923672726 -9.0322090033934098e-06 0.0038674502523068314 0.0001020217268186057 -0.0014388180856984036 0.00087748068185170512 -4.6988651055269671e-06 -8.2808397191717251e-06 -5.7135258575731716e-06 2.7215701062758277e-05 5.3579388121677284e-05 0.004635046082590041 -0.00095083551461328658 0.0021051243783631636 -0.0014904031203654177 -0.00047737110075835363 -0.0001102348009925036 0.00092100689760402543 0.00034808664204066028 -2.6129930433845814e-05 -0.00099899934997337665 -0.00097123245390222108 0.0084957877006529171 0.00010203550485552436 0.0039386672053684435 3.1030320919388509e-05
leaf_weight=290 67851 2670 304 545 327 213 249 229 1201 246 595 1138 710 235 401 267 210 622 641 1042 336 264 240 15522 749 281 252 284 668 9213
leaf_count=290 67851 2670 304 545 327 213 249 229 1201 246 595 1138 710 235 401 267 210 622 641 1042 336 264 240 15522 749 281 252 284 668 9213
internal_value=-0.000130103 -0.000680259 -2.49784e-05 0.000980085 0.00178675 0.00324174 0.00458272 -0.000192514 -0.00126159 -9.74833e-05 0.000653152 0.000390077 0.00117009 0.00220631 0.0013007 -0.000122869 0.000635235 0.002 5.87077e-05 0.000659874 0.00217775 0.00368843 0.00283045 -0.000151859 8.90851e-05 0.00052995 0.0025292 0.0043475 0.000375176 0.00053075
internal_weight=107795 6028 3358 1853 1308 752 539 556 1505 101767 3325 3079 1941 1231 996 98442 3622 1072 2550 1909 867 531 862 94820 26969 11447 817 536 10630 9881
internal_count=107795 6028 3358 1853 1308 752 539 556 1505 101767 3325 3079 1941 1231 996 98442 3622 1072 2550 1909 867 531 862 94820 26969 11447 817 536 10630 9881
is_linear=0
shrinkage=0.03


Tree=224
num_leaves=31
num_cat=0
split_feature=16 6 35 1 19 11 13 34 7 24 35 19 28 15 32 27 24 32 34 33 32 19 19 21 32 24 19 26 1 9
split_gain=3.02523 3.01063 2.68625 3.40247 3.76205 3.36213 3.88101 4.39539 3.99617 3.43658 3.10963 3.36098 4.25785 3.38964 3.92557 3.43781 3.27651 3.04606 3.29333 7.55005 2.98437 2.95485 2.94213 4.3881 7.73982 3.87594 5.95799 4.32974 4.10371 5.34644
threshold=9.6525000000000016 2.5000000000000004 87.750000000000014 0.82500000000000018 2.2575000000000007 5.8025000000000011 2.0341666666666671 962.32500000000016 19.500000000000004 1.7250000000000003 45.250000000000007 5.1175000000000006 0.42115787617931139 3.0525000000000007 -0.26722820045975981 5.5829166666666676 7.825000000000002 -0.99140711019144601 967.22500000000014 0.026175951569892341 0.99961926108774357 0.64250000000000018 5.9925000000000006 4.2682017087817039 -0.13917310096006566 5.6750000000000016 3.2875000000000005 2.3975000000000004 10.025000000000002 5.5000000000000009
decision_type=10 2 2 2 10 2 2 2 2 10 2 10 2 2 2 2 8 2 2 2 2 8 8 2 2 10 10 2 2 2
left_child=1 2 3 4 17 6 -4 8 -8 -10 11 13 -13 14 -5 -16 -14 -1 20 -20 -19 -12 25 -24 -25 28 -27 -28 -23 -30
right_child=-2 -3 5 10 -6 -7 7 -9 9 -11 21 12 16 -15 15 -17 -18 18 19 -21 -22 22 23 24 -26 26 27 -29 29 -31
leaf_value=0.00063900851652008207 2.5009955179905254e-06 0.00037676417540735252 -0.00023127353813422248 -0.0013423972866180255 -0.0015106900032134712 -0.00062853329012645088 0.00045524864674114155 -0.00022868279356500764 0.0060362467903804671 0.0027181794269389068 -0.0010845681424078843 0.0023905185634555525 0.0001977038701648548 0.0013444906965022179 -0.00015878737755910366 0.00046913777661903883 -0.00011935115482692085 -0.00049942607794245303 -0.00078205647240305433 0.0052640423012161536 0.0011221329521521606 -0.00030574255927237056 -0.00013780133779709024 -0.00010821535540869403 0.0037923958325872362 0.0039029554371374595 0.00086334426251363523 -0.0020157400311318317 0.00032501399909142469 0.002442353432104122
leaf_weight=549 26142 10196 535 12738 2313 941 407 508 217 375 884 211 2160 265 8829 200 1512 7328 569 364 363 4734 16632 216 202 250 399 343 6167 912
leaf_count=549 26142 10196 535 12738 2313 941 407 508 217 375 884 211 2160 265 8829 200 1512 7328 569 364 363 4734 16632 216 202 250 399 343 6167 912
internal_value=-0.000131791 -0.000222038 -0.000291152 -0.000329739 -0.000800453 0.000589357 0.0012721 0.0020496 0.0032002 0.00476382 -0.000234244 -0.000476274 0.000337191 -0.000619686 -0.000660987 -0.000182312 9.62734e-05 -0.00052724 -0.000665431 0.00101386 -0.000869673 -3.01529e-05 2.05954e-05 -0.000237468 0.00278014 0.000364168 0.00216048 0.00079518 0.000212472 0.000669536
internal_weight=107461 81319 71123 68140 11486 2983 2042 1507 999 592 56654 25915 3883 22032 21767 9029 3672 9173 8624 933 7691 30739 29855 17050 418 12805 992 742 11813 7079
internal_count=107461 81319 71123 68140 11486 2983 2042 1507 999 592 56654 25915 3883 22032 21767 9029 3672 9173 8624 933 7691 30739 29855 17050 418 12805 992 742 11813 7079
is_linear=0
shrinkage=0.03


Tree=225
num_leaves=31
num_cat=0
split_feature=16 7 7 31 27 14 28 26 3 19 31 33 34 33 28 28 28 34 34 8 24 9 27 1 11 10 14 25 17 2
split_gain=3.04859 3.16183 2.76359 3.22802 3.9849 2.70522 2.57083 2.15844 2.23438 2.03092 3.69718 2.07432 3.98682 3.12354 2.56944 3.01719 2.29348 2.81458 3.46756 7.76416 2.62117 3.01512 2.34341 2.14538 2.14444 2.91581 2.02869 2.36664 2.97222 2.20429
threshold=9.6525000000000016 41.500000000000007 16.500000000000004 1.3218174939349263 7.7356250000000015 0.88681076523310554 1.8031546429535723 3.6075000000000008 8.1532569869257099 6.0725000000000007 1.148161937067373 -0.14780378300014829 942.67500000000018 -0.44618082326431219 1.2603736218371724 1.8246232487702956 1.6470099168336119 958.22500000000014 960.12500000000011 8.5000000000000018 6.6250000000000009 3.5000000000000004 3.1070833333333341 12.275000000000002 5.4275000000000011 11.500000000000002 0.19098429254792912 0.72250000000000025 2.9175000000000004 1.0760386499151642
decision_type=10 2 2 2 2 2 2 2 2 10 2 2 2 2 2 2 2 2 2 2 10 2 2 2 2 2 2 10 10 2
left_child=1 26 3 4 6 -3 -2 8 -8 11 -11 13 -13 -4 -15 23 17 22 19 -19 21 -20 -14 -16 -24 -26 27 28 -1 -28
right_child=2 5 9 -5 -6 -7 7 -9 -10 10 -12 12 16 14 15 -17 -18 18 20 -21 -22 -23 24 -25 25 -27 29 -29 -30 -31
leaf_value=-0.00014551972097986144 0.00012099659737068168 -5.2060638816941585e-05 -0.00012877034313639623 5.6753049918090161e-06 2.6211747817300499e-05 0.0010577595791367051 -8.8600423791862502e-06 -2.4310791938841889e-05 7.6941441587392582e-05 0.00021372449346334532 -8.8652766473331856e-06 0.0027340904669319642 -0.0064182028555618978 -7.3307362238003151e-05 0.00011187403147379847 9.6494825506965314e-06 -1.2597006213155983e-05 -4.7221915156108718e-05 -9.2310747243099146e-05 0.0015332870005933018 1.6174934135642382e-05 4.4328213299347219e-05 0.00097734498365189106 0.00015116279903592969 -3.1059048266636187e-05 0.00016311713457328809 -0.00080624069704506225 -0.00056565802377108159 0.0027043525656625499 -8.088825078192149e-05
leaf_weight=1084 507 7976 358 6915 244 3939 353 442 228 249 6545 283 473 475 216 1517 3017 263 547 231 291 472 299 290 1696 291 2526 8257 299 57530
leaf_count=1084 507 7976 358 6915 244 3939 353 442 228 249 6545 283 473 475 216 1517 3017 263 547 231 291 472 299 290 1696 291 2526 8257 299 57530
internal_value=-0.000128356 -0.000218745 0.000153164 0.000590406 0.00173018 0.000232801 0.00115309 0.000283073 0.00147952 -6.38779e-05 -0.000469482 0.000193304 -5.83383e-05 0.000885005 0.00126089 0.00172633 -0.000189849 0.000234456 0.00115423 0.00328256 0.000342205 -0.00037793 -0.000367946 0.00372211 3.14266e-05 -0.000326808 -0.000295951 -0.000699845 0.000447406 -0.000231066
internal_weight=107813 81611 26202 8689 1774 11915 1530 1023 581 17513 6794 10719 7863 2856 2498 2023 7580 4563 1804 494 1310 1019 2759 506 2286 1987 69696 9640 1383 60056
internal_count=107813 81611 26202 8689 1774 11915 1530 1023 581 17513 6794 10719 7863 2856 2498 2023 7580 4563 1804 494 1310 1019 2759 506 2286 1987 69696 9640 1383 60056
is_linear=0
shrinkage=0.03


Tree=226
num_leaves=31
num_cat=0
split_feature=22 7 31 1 1 32 14 24 31 18 1 32 31 14 8 14 21 28 22 31 19 1 9 29 5 31 17 24 19 35
split_gain=2.69243 2.81413 3.12501 2.94992 3.16718 4.25307 5.29168 4.64227 4.51502 3.91235 4.75659 2.76036 2.74447 3.40369 2.75847 2.73987 2.43329 3.30535 4.0053 3.0677 2.59459 5.00971 3.06718 4.58216 3.10693 3.21502 4.20857 3.69548 7.49578 9.09281
threshold=9.9912916666666707 16.500000000000004 2.2064103504781474 25.725000000000005 16.175000000000004 -0.93038214053199442 1.185126575518425 10.025000000000002 1.4913461218421669 13.087500000000002 -7.2749999999999995 0.97625883275952063 1.2959507270138502 0.36641279089755324 12.500000000000002 0.19098429254792912 1.7384355992555127 0.4839249225494428 5.8625833333333341 2.1582696656106122 1.3325000000000002 -0.074999999999999997 3.5000000000000004 5.5325000000000015 0.018083696522579445 1.6864631204509133 5.932500000000001 4.0250000000000012 7.1175000000000006 64.750000000000014
decision_type=2 2 2 2 2 2 2 8 2 2 2 2 2 2 2 2 2 2 2 2 10 2 2 2 2 2 8 10 10 2
left_child=15 2 12 4 9 6 7 -6 -9 10 -3 -7 13 -2 -15 -1 20 18 -18 -19 -17 -22 23 24 -23 -26 -27 -28 29 -29
right_child=1 3 -4 -5 5 11 -8 8 -10 -11 -12 -13 -14 14 -16 16 17 19 -20 -21 21 22 -24 -25 25 26 27 28 -30 -31
leaf_value=-0.00023311777851511739 4.3251274211726774e-05 5.449591238409405e-05 4.8507445235139415e-05 -6.6734240381700617e-05 2.4662934532922339e-06 -1.9439050775966749e-05 -1.503505094549773e-05 1.8107499701375261e-05 5.9185248327543841e-05 -7.391425708578314e-06 2.5630574813562124e-06 7.1907780125338325e-06 2.8401693703383744e-06 -2.2778533437524815e-05 1.8857589509960747e-05 -0.00035570266361615796 0.00012159801895954181 1.642840676318252e-05 0.0012548848511614906 -0.00037329926265967304 -0.00085584305852034039 0.0037051431871309268 -0.00018673647847748824 -9.7411335168609006e-05 -8.0466178294441624e-06 -0.00051444285229410426 0.0008571562589599367 0.0031254059841173418 -0.00024685090276298807 7.0053765930143286e-05
leaf_weight=12803 422 201 463 621 336 442 310 342 232 4061 3254 400 3954 240 262 22207 2496 29356 1071 8203 1090 205 5828 1138 3511 876 2106 375 245 209
leaf_count=12803 422 201 463 621 336 442 310 342 232 4061 3254 400 3954 240 262 22207 2496 29356 1071 8203 1090 205 5828 1138 3511 876 2106 375 245 209
internal_value=-0.000143171 0.000221936 0.000779461 -7.02673e-05 6.01057e-05 0.00110014 0.00222857 0.00337705 0.00500518 -0.000225769 0.000515895 -0.000538371 0.000554167 0.00202153 0.000343195 -0.00020504 -0.000138975 2.07136e-05 0.000892776 -6.22145e-05 -0.00031274 -1.59745e-05 0.000131811 0.000489619 0.000757965 0.000654292 0.00125707 0.00180102 0.00349281 0.00532767
internal_weight=107259 15540 5341 10199 9578 2062 1220 910 574 7516 3455 842 4878 924 502 91719 78916 41126 3567 37559 37790 15583 14493 8665 7527 7322 3811 2935 829 584
internal_count=107259 15540 5341 10199 9578 2062 1220 910 574 7516 3455 842 4878 924 502 91719 78916 41126 3567 37559 37790 15583 14493 8665 7527 7322 3811 2935 829 584
is_linear=0
shrinkage=0.03


Tree=227
num_leaves=31
num_cat=0
split_feature=22 33 25 24 18 1 31 26 12 30 27 20 28 19 16 16 18 33 14 21 18 17 19 10 25 27 1 34 34 25
split_gain=1.73672 2.47687 3.027 2.5589 2.51823 4.54318 3.55476 3.19665 3.60237 3.42019 2.47949 2.33722 4.52226 4.13729 10.0241 5.44547 5.93061 4.1198 3.4889 3.20815 2.91903 2.98954 2.75437 2.61308 3.11739 2.59758 3.46005 2.87279 2.67153 3.97782
threshold=2.2679166666666668 0.32556815445715659 0.72250000000000025 1.3250000000000004 2.6125000000000007 -5.1749999999999989 2.0955005567365124 3.2525000000000004 7.5375000000000005 2.8750000000000004 3.5529166666666669 9.4968333333333366 0.84679050931184496 3.3175000000000008 2.9125000000000005 10.902500000000002 6.1775000000000011 0.10452846326765323 1.3940961824857281 4.1824444553467925 15.677500000000002 10.877500000000001 7.7425000000000015 11.500000000000002 3.4975000000000005 3.905625000000001 26.175000000000004 943.47500000000014 951.62500000000011 2.6975000000000007
decision_type=2 2 8 8 2 2 2 2 10 2 2 2 2 10 10 8 2 2 2 2 2 10 8 2 8 2 2 2 2 10
left_child=-1 3 -3 -2 5 -5 7 8 -7 -9 -10 12 13 15 -15 19 -17 18 25 23 21 22 -13 24 -6 26 27 -16 29 -29
right_child=1 2 -4 4 11 6 -8 9 10 -11 -12 20 -14 14 17 16 -18 -19 -20 -21 -22 -23 -24 -25 -26 -27 -28 28 -30 -31
leaf_value=-0.00033080097468274447 -0.0010054516284952241 0.0028459522004661009 1.5582573038538053e-05 0.001498863415582661 -0.00088682458708100201 -5.8675206786034229e-05 -0.0014237750675816817 0.0030302049149055861 0.0052660604885016154 0.00092733665149343099 0.00049366140080289213 -0.00018141646107191584 -0.00023323987788482573 0.010477913240443136 -0.0035189091460728302 -0.0011028672701334907 0.0017029066821582716 -0.00080246727928554029 0.0037264334219152904 0.0025266526265983118 -3.2170476267127342e-06 3.7165070891231884e-05 4.6096832914788164e-06 0.0013655758402356263 0.00027216071664094187 -0.000878619798705712 0.0025491949129509517 0.0024035575621171056 5.6183746256893703e-05 0.00025906067062084784
leaf_weight=6769 3318 378 20082 303 8488 3932 1353 209 201 786 209 795 36735 206 203 204 277 1439 321 237 1924 297 13871 706 2483 322 256 327 776 318
leaf_count=6769 3318 378 20082 303 8488 3932 1353 209 201 786 209 795 36735 206 203 204 277 1439 321 237 1924 297 13871 706 2483 322 256 327 776 318
internal_value=-0.000132415 -0.000101208 0.0001935 -0.000176123 -0.000141016 0.000401685 0.00023749 0.000585735 0.000233264 0.002115 0.00289157 -0.000195114 -0.000292555 0.000118964 0.000936017 -0.000156049 0.00295679 0.000595916 0.00132555 -0.00028291 0.000112419 0.000253941 0.000193033 -0.000353622 -0.000467657 0.000894426 0.00132095 0.000802946 0.00128121 0.0027
internal_weight=107725 100956 20460 80496 77178 6993 6690 5337 4342 995 410 70185 53298 16563 4168 12395 481 3962 2523 11914 16887 14963 14666 11677 10971 2202 1880 1624 1421 645
internal_count=107725 100956 20460 80496 77178 6993 6690 5337 4342 995 410 70185 53298 16563 4168 12395 481 3962 2523 11914 16887 14963 14666 11677 10971 2202 1880 1624 1421 645
is_linear=0
shrinkage=0.03


Tree=228
num_leaves=31
num_cat=0
split_feature=20 14 10 34 9 30 26 8 11 30 28 34 17 10 35 9 29 16 23 9 2 25 20 16 25 28 1 34 34 2
split_gain=2.35807 3.02712 4.86942 6.37696 3.19269 3.33171 4.21968 3.07622 3.475 4.17681 2.80624 3.57885 2.50168 2.42933 3.84096 3.47804 7.21406 6.60776 3.68273 4.44575 6.33783 11.2757 2.91077 4.72323 5.92418 2.67468 2.94118 2.5247 6.40518 6.2138
threshold=9.6706250000000029 1.2701673118136834 7.5000000000000009 944.22500000000014 2.5000000000000004 3.5250000000000008 3.2525000000000004 15.500000000000002 8.5475000000000012 6.0250000000000012 0.65791177971536607 946.87500000000011 2.2225000000000006 2.5000000000000004 87.250000000000014 5.5000000000000009 3.5225000000000009 2.1525000000000007 0.58075087647271839 3.5000000000000004 1.2207695782691121 4.6575000000000015 5.9906250000000005 6.432500000000001 2.4525000000000006 0.58056276552105879 -1.5749999999999995 960.12500000000011 960.72500000000014 1.1955876848058069
decision_type=2 2 2 2 2 2 2 2 2 2 2 2 8 2 2 2 2 10 2 2 2 8 2 10 10 2 2 2 2 2
left_child=1 13 4 -4 5 -3 -7 10 9 -9 11 -6 -5 15 27 18 17 -17 22 20 21 -20 23 -1 -25 -16 -27 -15 29 -29
right_child=-2 2 3 12 7 6 -8 8 -10 -11 -12 -13 -14 14 25 16 -18 -19 19 -21 -22 -23 -24 24 -26 26 -28 28 -30 -31
leaf_value=-0.00048059173212698696 1.631479480410727e-06 0.0016767564986107154 0.0040735417272131196 0.00082828631835967414 -0.0017176378082035958 -0.00093414574601797965 0.00079896017802568386 0.0010637538501347653 -0.00023870069829022312 0.0041166750927874784 0.00017175351594516107 0.0051900806140379703 -0.00069364622181731117 -0.00018821606520204499 0.0036093833419054608 0.0010957178699790187 0.0018803341012375119 -0.00062146640494677239 0.0012930934341569759 -0.00080908995897722156 -5.84064152214793e-05 -4.2026857939237991e-05 -0.0033129814877731964 0.0016907948964513134 -0.0020183533193072903 0.0016491821403165807 5.1181499653404348e-05 0.00041053140266514071 -4.5985445562216619e-05 0.0041853850628254686
leaf_weight=4647 18163 415 350 259 204 1634 891 668 241 521 2019 284 5321 54397 241 399 347 934 290 614 634 262 2729 249 293 245 1427 828 7673 316
leaf_count=4647 18163 415 350 259 204 1634 891 668 241 521 2019 284 5321 54397 241 399 347 934 290 614 634 262 2729 249 293 245 1427 828 7673 316
internal_value=-0.000168419 -0.000231775 0.000195051 -0.00043471 0.000738011 -1.01875e-05 -0.000420949 0.00129604 0.00240418 0.00306784 0.000660429 0.00268965 -0.000682185 -0.000303215 -0.000232467 -0.000707183 0.000551928 -0.000455158 -0.000925024 0.000299168 0.00137028 0.00370556 -0.00120333 -0.000784945 0.00185375 0.0010902 0.000658318 -0.000272577 0.000198254 0.00228721
internal_weight=107495 89332 12807 5930 6877 2940 2525 3937 1430 1189 2507 488 5580 76525 65127 11398 1680 1333 9718 1800 1186 552 7918 5189 542 1913 1672 63214 8817 1144
internal_count=107495 89332 12807 5930 6877 2940 2525 3937 1430 1189 2507 488 5580 76525 65127 11398 1680 1333 9718 1800 1186 552 7918 5189 542 1913 1672 63214 8817 1144
is_linear=0
shrinkage=0.03


Tree=229
num_leaves=31
num_cat=0
split_feature=17 20 7 1 18 34 1 33 27 25 26 1 18 32 14 24 1 34 35 19 34 9 26 25 18 34 24 32 34 29
split_gain=2.10292 1.91969 3.14838 2.93237 2.91169 2.8177 2.96214 4.2663 7.06247 3.48527 3.80558 2.6832 2.6154 2.51201 3.59489 2.47993 2.41212 3.38393 2.031 4.5415 4.21668 6.03828 7.33018 4.78079 5.61502 4.74229 6.45363 3.72395 3.33719 3.04849
threshold=0.84750000000000003 10.078666666666669 21.500000000000004 25.725000000000005 9.4725000000000019 976.82500000000016 -5.8249999999999984 0.034899496702501191 3.1856250000000008 2.6075000000000008 2.2025000000000006 16.175000000000004 13.722500000000002 -0.93038214053199442 1.5033518075475867 10.025000000000002 -0.37499999999999994 956.32500000000016 54.750000000000007 5.1175000000000006 960.82500000000016 2.5000000000000004 3.7025000000000006 5.3125000000000009 5.892500000000001 956.22500000000014 6.3750000000000009 0.95878322595067733 952.12500000000011 5.6725000000000012
decision_type=8 2 2 2 2 2 2 2 2 8 2 2 2 2 2 8 2 2 2 10 2 2 2 8 2 2 8 2 2 2
left_child=-1 5 4 11 -3 6 7 8 9 10 -2 12 16 14 15 -13 17 -4 19 -8 21 22 23 24 -21 26 -26 28 29 -23
right_child=1 2 3 -5 -6 -7 18 -9 -10 -11 -12 13 -14 -15 -16 -17 -18 -19 -20 20 -22 27 -24 -25 25 -27 -28 -29 -30 -31
leaf_value=-0.00050889597211428857 -0.00052073798080709706 7.4536092293465696e-05 0.00011231735590000284 -8.0406762135288855e-05 5.7326341635255402e-06 0.00062428805965347451 -0.00036085346139516639 -0.00083490095989928383 -0.00087049424655870399 0.0026791225290571218 0.0013616892513472153 8.9058327928670516e-06 -8.8251541063189003e-06 -8.3357327844284894e-06 -2.0039436920474416e-05 2.8229926171425835e-05 -6.4582448029323935e-06 4.8733745318154003e-06 -7.8856061852949041e-06 -6.3398919891263591e-05 0.0010760121398157706 -7.1984144583429058e-05 -8.3966483781037219e-05 1.401054987013417e-05 0.00049840532749516905 2.6777786303060594e-05 0.0030173991534886489 -0.00044550643086457522 -0.00033557238923780824 0.00035430076751769235
leaf_weight=371 253 209 250 538 6650 243 36635 2546 778 323 251 300 2605 682 204 523 2420 837 42852 308 352 1327 1186 595 396 263 340 1155 1155 1007
leaf_count=371 253 209 250 538 6650 243 36635 2546 778 323 251 300 2605 682 204 523 2420 837 42852 308 352 1327 1186 595 396 263 340 1155 1155 1007
internal_value=-0.000161884 -0.00015402 0.00015805 -0.000232784 0.000634178 -0.000205666 -0.000214289 -0.000996873 0.000214285 0.00213822 0.000565815 -8.47183e-05 -0.000378618 0.00096441 0.00189826 0.00277898 0.00015632 0.00132692 -0.000177138 -0.000318555 0.000324885 0.000177587 0.00120465 0.00235658 0.00336814 0.00445518 0.00568421 -0.000505916 -1.63144e-05 0.000636169
internal_weight=107554 107183 15218 8359 6859 91965 91722 4151 1605 827 504 7821 6112 1709 1027 823 3507 1087 87571 44719 8084 7732 3088 1902 1307 999 736 4644 3489 2334
internal_count=107554 107183 15218 8359 6859 91965 91722 4151 1605 827 504 7821 6112 1709 1027 823 3507 1087 87571 44719 8084 7732 3088 1902 1307 999 736 4644 3489 2334
is_linear=0
shrinkage=0.03


Tree=230
num_leaves=31
num_cat=0
split_feature=24 31 24 8 26 17 17 34 34 31 33 35 35 31 15 10 19 28 35 14 30 33 20 8 27 10 32 31 2 32
split_gain=2.13725 3.82386 1.93401 2.25291 3.73369 3.10797 2.68422 3.05882 3.06005 4.03006 4.47076 6.53565 3.70691 3.61519 2.95406 2.9406 2.59155 3.237 3.44572 2.49648 3.63386 4.10458 4.2334 5.43869 3.70465 3.70288 4.72762 3.34252 3.01022 2.78262
threshold=10.975000000000001 1.4033791860693323 2.6750000000000007 2.5000000000000004 3.7175000000000007 7.5425000000000013 3.2225000000000006 947.47500000000014 950.42500000000018 1.7401644786897041 -0.37460659341591213 65.750000000000014 50.250000000000007 1.9551282051282053 -0.34499999999999947 6.5000000000000009 4.1725000000000012 1.2801643772334241 54.250000000000007 0.50529694240119538 5.6750000000000016 0.10452846326765323 8.220833333333335 17.500000000000004 4.0085416666666687 10.500000000000002 0.99687937417578498 2.1661505695414953 1.1919212302242419 0.35019404643548463
decision_type=10 2 8 2 2 10 10 2 2 2 2 2 2 2 2 2 10 2 2 2 2 2 2 2 2 2 2 2 2 2
left_child=2 -2 -1 4 6 -6 7 15 12 -10 11 -11 14 -14 -9 -4 17 18 -17 20 21 22 25 24 27 29 28 -24 -27 -5
right_child=1 -3 3 19 5 -7 -8 8 9 10 -12 -13 13 -15 -16 16 -18 -19 -20 -21 -22 -23 23 -25 -26 26 -28 -29 -30 -31
leaf_value=-0.00023804047106167902 5.3266077821999544e-05 -3.3429288578390312e-06 -0.0012449995317394486 -0.00026954507767126682 -2.6926954231260014e-05 3.7044479883078194e-05 -0.00025349201059695351 -0.00059163636064103666 -0.00011829261783819538 7.3133726488417106e-05 0.00017587162752481566 0.0041672836069736961 0.0004859601722413951 0.0030040782793520618 0.00086900476187001048 -0.0027123653762413658 0.002162617073661863 0.0022263555790379736 0.0024459512215679134 9.3536473564179692e-07 -1.0670777790011048e-06 -0.0011531129573228219 0.00091794065676295837 -0.0016807798828007328 -1.2404030948125244e-05 0.0032996794580250864 0.0064027683429013537 0.00036329019159464873 -0.0011885536321931637 -0.0018291994241266601
leaf_weight=17519 270 346 861 4762 2430 202 840 215 1222 361 1829 382 292 264 302 651 239 224 252 41955 20421 6906 220 267 208 311 205 246 569 2894
leaf_count=17519 270 346 861 4762 2430 202 840 215 1222 361 1829 382 292 264 302 651 239 224 252 41955 20421 6906 220 267 208 311 205 246 569 2894
internal_value=-0.000141405 0.00161353 -0.000151578 -9.5159e-05 0.000316147 -0.000662117 0.000640886 0.000830821 0.00125185 0.000849697 0.0015227 0.00347727 0.00266326 0.00435294 0.000821838 -9.00545e-05 0.000774616 0.00016696 -0.000637666 -0.000150212 -0.000329795 -0.000659556 -0.000260763 0.00164588 0.00307511 -0.000466843 0.00116972 0.00454777 0.000203389 -0.000699387
internal_weight=107665 616 107049 89530 10566 2632 7934 7094 4867 3794 2572 743 1073 556 517 2227 1366 1127 903 78964 37009 16588 9682 941 674 8741 1085 466 880 7656
internal_count=107665 616 107049 89530 10566 2632 7934 7094 4867 3794 2572 743 1073 556 517 2227 1366 1127 903 78964 37009 16588 9682 941 674 8741 1085 466 880 7656
is_linear=0
shrinkage=0.03


Tree=231
num_leaves=31
num_cat=0
split_feature=14 18 16 25 15 16 17 34 34 19 17 34 9 0 19 9 24 10 14 34 34 34 9 8 32 19 29 29 0 21
split_gain=2.01502 3.63856 3.49084 3.9825 2.95211 2.78192 2.6899 2.6451 3.0542 2.59794 5.98884 2.92074 4.83667 5.70613 8.48666 2.56235 2.40042 3.00917 2.25882 2.32573 2.47335 3.1743 3.68873 5.53304 2.27142 4.10039 8.30044 3.68755 4.81012 5.30241
threshold=0.44377171308376878 10.147500000000003 6.1975000000000007 3.8475000000000006 -0.51250000000000007 9.3775000000000031 2.9175000000000004 953.22500000000014 949.12500000000011 2.7225000000000006 3.9275000000000007 950.42500000000018 2.5000000000000004 3.3475000000000006 1.5725000000000005 5.5000000000000009 1.0250000000000001 6.5000000000000009 0.077620873481621264 967.22500000000014 962.12500000000011 960.12500000000011 1.5000000000000002 17.500000000000004 0.93038214053199464 4.9175000000000013 2.5325000000000006 3.9675000000000007 7.517500000000001 1.4684058106053086
decision_type=2 2 10 10 2 10 8 2 2 8 10 2 2 2 10 2 10 2 2 2 2 2 2 2 2 10 2 2 2 2
left_child=1 4 3 -3 -1 7 -6 8 -4 10 11 12 13 14 -8 -13 -14 -18 -11 20 21 24 -23 -24 25 -20 -27 -26 29 -29
right_child=-2 2 5 -5 6 -7 9 -9 -10 18 -12 15 16 -15 -16 -17 17 -19 19 -21 -22 22 23 -25 27 26 -28 28 -30 -31
leaf_value=0.0002935211285161241 -1.3509078906148719e-06 0.0024222681276539391 -0.00032406695282588771 3.3773320724769141e-05 -0.00046444742158626665 2.8131710057910375e-06 0.00048328730785152899 -0.00098206124341991834 0.00077710351262563532 -0.0013131079823982881 0.0037561905490243251 -0.0009381744881958137 -0.0016734748003475208 -0.001707538600582063 0.0086385030636385411 0.0028483270992342214 0.0026649364408228692 -0.000638799633315938 -0.00052324966257560727 0.0014788794509349667 -0.0010186647558489156 -0.00090402559351610045 0.00054351659387462782 0.0038648454188819014 -0.0019888485705725585 0.0050540043111298094 2.9906676256896688e-06 0.0040641970243821485 -0.00010461954790285775 5.7984050616487204e-06
leaf_weight=2168 62467 332 395 543 1482 10574 225 1163 268 2083 273 1491 550 297 210 218 215 301 10021 461 2760 581 804 339 4186 355 1704 202 462 279
leaf_count=2168 62467 332 395 543 1482 10574 225 1163 268 2083 273 1491 550 297 210 218 215 301 10021 461 2760 581 804 339 4186 355 1704 202 462 279
internal_value=-0.000129286 -0.000282467 0.000134412 0.00196023 -0.000457218 4.83604e-06 -0.000535759 -0.00107482 0.000435628 -0.000469667 0.000261558 -7.43173e-05 0.000768718 0.00263772 0.00480682 -0.000960911 -0.000521009 0.000944337 -0.00058374 -0.000494698 -0.000539636 -0.000417099 0.000808559 0.0017953 -0.000540084 -0.000315268 0.000902616 -0.00106876 0.000623417 0.00270988
internal_weight=107409 44942 13275 875 31667 12400 29499 1826 663 28017 3780 3507 1798 732 435 1709 1066 516 24237 22154 21693 18933 1724 1143 17209 12080 2059 5129 943 481
internal_count=107409 44942 13275 875 31667 12400 29499 1826 663 28017 3780 3507 1798 732 435 1709 1066 516 24237 22154 21693 18933 1724 1143 17209 12080 2059 5129 943 481
is_linear=0
shrinkage=0.03


Tree=232
num_leaves=31
num_cat=0
split_feature=16 34 2 24 8 10 26 3 18 14 25 35 8 8 10 25 24 29 2 34 10 8 35 16 14 27 2 35 34 28
split_gain=2.33047 3.40597 3.87792 4.51593 4.2883 3.75155 14.3623 6.6783 4.37726 4.86328 4.18101 3.95668 3.80499 5.8389 5.2573 4.71902 4.48622 4.11889 4.00876 3.8217 19.651 7.45643 7.15186 3.81903 5.12271 4.36719 3.67676 6.7003 6.16832 3.65958
threshold=9.6525000000000016 953.62500000000011 1.1494155581425787 3.8750000000000004 19.500000000000004 5.5000000000000009 4.2325000000000008 5.4628021605670334 6.3775000000000013 0.83481534882976127 4.3725000000000014 23.750000000000004 9.5000000000000018 1.5000000000000002 6.5000000000000009 5.9025000000000007 3.9750000000000005 1.3975000000000002 1.094214677700849 945.77500000000009 8.5000000000000018 13.500000000000002 45.250000000000007 7.4975000000000014 0.88681076523310554 2.0293750000000008 1.133250207458443 50.750000000000007 948.07500000000016 1.8143846522524238
decision_type=10 2 2 10 2 2 2 2 2 2 8 2 2 2 2 10 10 2 2 2 2 2 2 10 2 2 2 2 2 2
left_child=1 5 3 -3 -5 6 8 -8 9 -1 26 -7 13 -13 15 16 17 -14 -19 20 21 -16 -21 24 25 -24 28 -28 -11 -9
right_child=-2 2 -4 4 -6 11 7 29 -10 10 -12 12 14 -15 19 -17 -18 18 -20 22 -22 -23 23 -25 -26 -27 27 -29 -30 -31
leaf_value=-1.5319508364419831e-06 1.88799615233326e-06 -0.0018759468301221963 -0.00010512596732601568 -0.00045017029840362598 0.00082734635159330207 -0.00087296148022640802 0.0082353090222964873 0.00097831877677786072 -0.00017716922449328209 0.0047307440282963872 -0.002172359292501023 0.00047551575133688705 0.010376647835029897 -0.00074827023646029849 0.0021112344214577992 -0.0022915129760986397 0.0022753439575685635 0.0018234203962233285 -0.00043984143016308067 -0.0015807396444496621 0.0062714749941946875 -0.0005976146015860079 -0.00064893636955012175 -0.0013379476220820022 -0.00024601784592841788 0.0031280165623562201 0.0059951073212975523 0.0028206104025644634 -0.00092217047067323134 -0.0001821805832607806
leaf_weight=3684 26126 4576 30193 1834 234 5548 352 370 4198 339 318 2910 299 11297 1012 257 346 984 1199 3954 260 2792 391 611 919 1107 204 575 511 213
leaf_count=3684 26126 4576 30193 1834 234 5548 352 370 4198 339 318 2910 299 11297 1012 257 346 984 1199 3954 260 2792 391 611 919 1107 204 575 511 213
internal_value=-0.000154241 -0.000233287 -0.000446801 -0.00110272 6.07808e-05 -5.71052e-05 0.00043068 0.0039734 9.18236e-05 0.000638218 0.00184887 -0.000212092 -6.85891e-05 -0.000415213 0.000279923 0.00137379 0.0017282 0.00127624 0.000818555 -2.60617e-05 0.000704841 0.000154371 -0.000451697 0.000644905 0.00118043 0.00225948 0.00246206 0.00394515 0.00108772 0.00197449
internal_weight=107613 81487 36837 6644 2068 44650 10764 935 9829 5631 1947 33886 28338 14207 14131 3085 2828 2482 2183 11046 4064 3804 6982 3028 2417 1498 1629 779 850 583
internal_count=107613 81487 36837 6644 2068 44650 10764 935 9829 5631 1947 33886 28338 14207 14131 3085 2828 2482 2183 11046 4064 3804 6982 3028 2417 1498 1629 779 850 583
is_linear=0
shrinkage=0.03


Tree=233
num_leaves=31
num_cat=0
split_feature=16 6 31 18 24 33 2 2 18 27 35 34 19 30 14 9 15 9 23 34 9 30 8 35 21 31 18 33 27 33
split_gain=1.93589 3.45169 2.79984 2.80836 3.38049 2.67132 2.54363 2.51857 2.54201 2.3971 2.35774 6.23791 3.63811 3.98985 3.75544 2.80649 2.73507 3.43702 2.66913 3.45034 2.92022 3.13242 2.60998 3.16841 2.92055 4.0483 3.90515 7.11432 2.80304 2.23385
threshold=9.1475000000000026 2.5000000000000004 1.1522717153727842 6.9175000000000013 7.825000000000002 0.43049470426488862 1.2737186211814968 1.2346847320703283 7.4525000000000015 6.4006250000000016 37.750000000000007 945.32500000000016 5.1175000000000006 3.2250000000000005 2.0937207706669216 5.5000000000000009 -1.6200000000000001 3.5000000000000004 0.085388324758746428 944.22500000000014 2.5000000000000004 5.2750000000000012 10.500000000000002 15.250000000000002 0.56024585356271761 1.025375344759125 6.8675000000000006 -0.078456108245891901 3.5356250000000005 0.026175951569892341
decision_type=10 2 2 2 8 2 2 2 2 2 2 2 8 2 2 2 2 2 2 2 2 2 2 2 2 2 2 2 2 2
left_child=1 6 3 -2 -5 -3 7 10 29 -6 11 12 18 -14 15 22 17 -13 19 20 21 -1 -15 -24 -25 -26 28 -28 -27 -9
right_child=2 5 -4 4 9 -7 -8 8 -10 -11 -12 16 13 14 -16 -17 -18 -19 -20 -21 -22 -23 23 24 25 26 27 -29 -30 -31
leaf_value=0.0030353628335357554 0.0028401285034256873 5.9035792354798859e-05 -3.6893545256023171e-07 -0.00013441375148258715 8.5701247030230959e-05 0.0019442281980778713 0.00074489721343401548 0.00028351239473400121 -0.0017196545991153449 -4.1475443274758871e-05 -7.6348618876125851e-05 0.0036235526671714278 0.0044046693861041234 -0.0026545990340368702 0.0033608343271640381 -0.0016984080284239132 -0.0011039373600753083 -0.0010832490576902535 -0.0018835491481342002 0.003844947176219114 -0.0013605919291691704 -0.00089135535359960937 -0.001525021235201429 -0.0010214005591145181 0.007809066681852897 -0.0015603391621678735 0.0043334635857675292 0.00016959750618906783 0.0010088802814381048 -0.00077775452453868166
leaf_weight=204 306 8167 28920 310 871 1471 341 699 1467 202 45898 290 265 389 204 469 11178 204 1259 225 657 225 336 258 244 516 297 479 321 600
leaf_count=204 306 8167 28920 310 871 1471 341 699 1467 202 45898 290 265 389 204 469 11178 204 1259 225 657 225 336 258 244 516 297 479 321 600
internal_value=-0.000163372 -0.000243896 3.83151e-05 0.00122373 0.00064193 0.000286839 -0.00032023 -0.000333519 -0.00121906 0.00143877 -0.000295106 -0.000585854 0.000170942 0.000762886 0.00049204 0.000245322 -0.000997346 0.00117836 -0.00069903 0.00024848 -0.000456463 0.00145852 0.000601054 0.000963762 0.00139387 0.00180934 0.00125525 0.00278105 -0.000167459 -0.000250768
internal_weight=107272 76663 30609 1689 1383 9638 67025 66684 2766 1073 63918 18020 6348 3778 3513 3309 11672 494 2570 1311 1086 429 2840 2451 2115 1857 1613 776 837 1299
internal_count=107272 76663 30609 1689 1383 9638 67025 66684 2766 1073 63918 18020 6348 3778 3513 3309 11672 494 2570 1311 1086 429 2840 2451 2115 1857 1613 776 837 1299
is_linear=0
shrinkage=0.03


end of trees

feature_importances:
pres=507
rh=438
month=390
wind_aifs=374
temp_fc=361
hour=330
ens_mean3=327
air_density=300
wdir_sin=282
wind10_ukmo=253
wind10_jma=251
day_of_week=241
wdir_cos=241
shear=231
wind10_cma=221
wind_ecmwf=202
wind_gfs=195
level1_ens=191
ens_std=179
wind_ifs9=171
ens10_mean=165
wind_fc_std3=155
gust=142
ens10_std=133
wind10=117
wind_fc_next=105
wind_fc_prev=103
ens_mean=83
wind_fc_ramp=76
run_day=53
lead_hours=51
level1_mean3=50
wind_fc_mean3=34
wind_corrected=30
wind_fc=27
level1=11

parameters:
[boosting: gbdt]
[objective: quantile]
[metric: quantile]
[tree_learner: serial]
[device_type: cpu]
[data_sample_strategy: bagging]
[data: ]
[valid: ]
[num_iterations: 234]
[learning_rate: 0.03]
[num_leaves: 31]
[num_threads: 0]
[seed: 42]
[deterministic: 0]
[force_col_wise: 0]
[force_row_wise: 0]
[histogram_pool_size: -1]
[max_depth: -1]
[min_data_in_leaf: 200]
[min_sum_hessian_in_leaf: 0.001]
[bagging_fraction: 0.8]
[pos_bagging_fraction: 1]
[neg_bagging_fraction: 1]
[bagging_freq: 1]
[bagging_seed: 400]
[bagging_by_query: 0]
[feature_fraction: 0.8]
[feature_fraction_bynode: 1]
[feature_fraction_seed: 30056]
[extra_trees: 0]
[extra_seed: 12879]
[early_stopping_round: 0]
[early_stopping_min_delta: 0]
[first_metric_only: 0]
[max_delta_step: 0]
[lambda_l1: 0]
[lambda_l2: 5]
[linear_lambda: 0]
[min_gain_to_split: 0]
[drop_rate: 0.1]
[max_drop: 50]
[skip_drop: 0.5]
[xgboost_dart_mode: 0]
[uniform_drop: 0]
[drop_seed: 17869]
[top_rate: 0.2]
[other_rate: 0.1]
[min_data_per_group: 100]
[max_cat_threshold: 32]
[cat_l2: 10]
[cat_smooth: 10]
[max_cat_to_onehot: 4]
[top_k: 20]
[monotone_constraints: ]
[monotone_constraints_method: basic]
[monotone_penalty: 0]
[feature_contri: ]
[forcedsplits_filename: ]
[refit_decay_rate: 0.9]
[cegb_tradeoff: 1]
[cegb_penalty_split: 0]
[cegb_penalty_feature_lazy: ]
[cegb_penalty_feature_coupled: ]
[path_smooth: 0]
[interaction_constraints: ]
[verbosity: -1]
[saved_feature_importance_type: 0]
[use_quantized_grad: 0]
[num_grad_quant_bins: 4]
[quant_train_renew_leaf: 0]
[stochastic_rounding: 1]
[linear_tree: 0]
[max_bin: 255]
[max_bin_by_feature: ]
[min_data_in_bin: 3]
[bin_construct_sample_cnt: 200000]
[data_random_seed: 175]
[is_enable_sparse: 1]
[enable_bundle: 1]
[use_missing: 1]
[zero_as_missing: 0]
[feature_pre_filter: 1]
[pre_partition: 0]
[two_round: 0]
[header: 0]
[label_column: ]
[weight_column: ]
[group_column: ]
[ignore_column: ]
[categorical_feature: ]
[forcedbins_filename: ]
[precise_float_parser: 0]
[parser_config_file: ]
[objective_seed: 16083]
[num_class: 1]
[is_unbalance: 0]
[scale_pos_weight: 1]
[sigmoid: 1]
[boost_from_average: 1]
[reg_sqrt: 0]
[alpha: 0.9]
[fair_c: 1]
[poisson_max_delta_step: 0.7]
[tweedie_variance_power: 1.5]
[lambdarank_truncation_level: 30]
[lambdarank_norm: 1]
[label_gain: ]
[lambdarank_position_bias_regularization: 0]
[eval_at: ]
[multi_error_top_k: 1]
[auc_mu_weights: ]
[num_machines: 1]
[local_listen_port: 12400]
[time_out: 120]
[machine_list_filename: ]
[machines: ]
[gpu_platform_id: -1]
[gpu_device_id: -1]
[gpu_device_id_list: ]
[gpu_use_dp: 0]
[num_gpu: 1]

end of parameters

pandas_categorical:[]
