tree
version=v4
num_class=1
num_tree_per_iteration=1
label_index=0
max_feature_idx=29
objective=quantile
feature_names=wind_fc temp_fc air_density wind_corrected level1 level1_mean3 run_day lead_hours hour day_of_week month wind_fc_prev wind_fc_next wind_fc_mean3 wind_fc_std3 wind_fc_ramp wind_ecmwf wind_gfs wind_icon ens_mean ens_std ens_mean3 level1_ens wind10 gust shear wdir_sin wdir_cos pres rh
feature_infos=[0:30.829999999999998] [-19.300000000000001:41.299999999999997] [1.0506305113682595:1.3014408678343479] [0:30.706783828921424] [0:0.98999999999999988] [0:0.98999999999999988] [1:3] [1:48] [0:23] [0:6] [1:12] [0:30.829999999999998] [0:30.829999999999998] [0.18666666666666668:24.046666666666667] [0:14.58383465804976] [-14.110000000000001:26.369999999999997] [0:21.039999999999999] [0:27.48] [0:30.829999999999998] [0.38500000000000001:21.884999999999998] [0:13.117779283603355] [0.65750000000000008:21.386666666666667] [0.018755250472607725:0.98999999999999988] [0:21.600000000000001] [0.40000000000000002:35.899999999999999] [0:14.640000000000001] [-1:1] [-1:1] [935.60000000000002:985.89999999999998] [6:100]
tree_sizes=2960 2446 2433 2451 2479 2561 2391 2391 2437 2540 2489 2455 2417 2458 2487 2579 2521 2531 2539 2554 2548 2509 2536 2584 2468 2519 2547 2565 2607 2512 2441 2439 2489 2516 2515 2544 2562 2572 2564 2510 2474 2624 2628 2533 2575 2537 2540 2463 2524 2457 2577 2632 2607 2544 2605 2449 2495 2594 2580 2498 2518 2448 2523 2451 2496

Tree=0
num_leaves=31
num_cat=0
split_feature=19 19 19 28 10 16 16 16 12 8 25 28 8 13 19 28 1 10 8 26 25 1 17 12 8 18 10 18 14 28
split_gain=1590.72 199.122 185.084 81.887 81.2803 44.3711 44.2706 39.2847 38.4268 23.7435 23.6143 21.675 18.3393 18.0454 18.0132 17.2038 19.284 16.5157 16.5094 19.5072 16.4877 17.9059 14.4365 14.2962 13.7121 12.9942 12.8145 12.797 12.7308 12.0377
threshold=4.5187500000000016 7.4637500000000019 2.7787500000000009 952.6500000000002 2.5000000000000004 3.9150000000000005 5.0550000000000006 6.0750000000000011 1.905 10.500000000000002 1.6845895715023234 955.45000000000016 10.500000000000002 2.1150000000000011 1.652916666666667 940.6500000000002 20.350000000000005 5.5000000000000009 9.5000000000000018 -0.77159520228797429 2.6024555711230737 4.0500000000000007 7.9650000000000007 3.9550000000000005 16.500000000000004 2.6550000000000007 11.500000000000002 1.1950000000000001 0.49959983987187789 953.75000000000011
decision_type=2 2 2 2 2 10 8 8 10 2 2 2 2 2 2 2 2 2 2 2 2 2 2 10 2 10 2 10 2 2
left_child=2 6 3 13 7 11 9 10 14 17 25 18 20 15 -5 -1 -17 29 19 23 -8 28 -19 -6 -12 -4 -10 -16 -22 -2
right_child=1 -3 4 8 5 -7 12 -9 26 -11 24 -13 -14 -15 27 16 -18 22 -20 -21 21 -23 -24 -25 -26 -27 -28 -29 -30 -31
leaf_value=0.0099499997962266204 0.0099999997764825821 0.014549999628216029 0.0099999997764825821 0.0099999997764825821 0.0099999997764825821 0.0099999997764825821 0.0099999997764825821 0.0099999997764825821 0.0099999997764825821 0.0099999997764825821 0.0099999997764825821 0.0099999997764825821 0.010099999792873859 0.0099999997764825821 0.0099999997764825821 0.0099999997764825821 0.0099999997764825821 0.0099999997764825821 0.0099999997764825821 0.0099999997764825821 0.0099999997764825821 0.0099999997764825821 0.0099999997764825821 0.0099999997764825821 0.0099999997764825821 0.0099999997764825821 0.0099999997764825821 0.0099999997764825821 0.0099999997764825821 0.0099999997764825821
leaf_weight=209 317 36067 735 1212 963 8531 9715 577 2660 3756 688 2283 13226 2381 1092 1149 1551 1222 3423 1209 225 928 701 454 284 473 394 1727 200 662
leaf_count=209 317 36067 735 1212 963 8531 9715 577 2660 3756 688 2283 13226 2381 1092 1149 1551 1222 3423 1209 225 928 701 454 284 473 394 1727 200 662
internal_value=0.00815139 0.0107788 0.00264859 -0.000224959 0.00446318 0.00524656 0.00901366 -0.000311006 -0.00233639 0.00684737 -0.00215103 0.0036891 0.00960788 0.0026119 -0.00427081 0.00102162 0.00169316 0.00481115 0.00463776 0.00284607 0.00870713 0.00561046 0.00644139 0.000457806 -0.00565404 0.000720528 0.000236025 -0.00289766 0.000546512 0.00164329
internal_weight=99014 67019 31995 12375 19620 16863 30952 2757 7085 6658 2180 8332 24294 5290 4031 2909 2700 2902 6049 2626 11068 1353 1923 1417 972 1208 3054 2819 425 979
internal_count=99014 67019 31995 12375 19620 16863 30952 2757 7085 6658 2180 8332 24294 5290 4031 2909 2700 2902 6049 2626 11068 1353 1923 1417 972 1208 3054 2819 425 979
is_linear=0
shrinkage=1


Tree=1
num_leaves=31
num_cat=0
split_feature=21 21 21 28 10 16 16 12 16 28 28 8 8 28 25 29 10 23 21 27 25 15 8 26 17 8 10 10 23 8
split_gain=1610.61 183.584 178.059 102.422 72.8627 37.6154 34.8831 31.0114 27.0163 26.4447 22.947 18.1833 16.7 18.6756 22.579 17.5413 15.1801 14.2378 12.9155 12.8455 12.0102 11.6398 13.9688 21.3087 11.5966 11.2389 12.5796 11.1345 14.2371 10.5646
threshold=4.4854166666666684 7.1762500000000014 2.955833333333334 952.6500000000002 1.5000000000000002 5.0550000000000006 3.8350000000000004 1.8650000000000004 3.7950000000000004 955.45000000000016 953.75000000000011 12.500000000000002 14.500000000000002 951.95000000000016 2.6024555711230737 71.500000000000014 11.500000000000002 0.60500000000000009 8.5486111111111125 -0.73724926354828224 1.6774542661639436 0.8000000000000006 9.5000000000000018 -0.77159520228797429 6.0950000000000006 10.500000000000002 5.5000000000000009 4.5000000000000009 0.77000000000000013 5.5000000000000009
decision_type=2 2 2 2 2 8 8 10 10 2 2 2 2 2 2 2 2 2 2 2 2 10 2 2 2 2 2 2 2 2
left_child=2 5 3 -1 11 10 9 8 27 21 29 20 13 -7 -15 -16 17 -9 -3 -19 -4 22 23 -6 -13 26 -12 -5 -29 -2
right_child=1 18 4 7 6 12 -8 16 -10 -11 25 24 -14 14 15 -17 -18 19 -20 -21 -22 -23 -24 -25 -26 -27 -28 28 -30 -31
leaf_value=0 0 0.0011635000498965381 0 0 0 5.0000008195638655e-05 0 0 0 0 0 0 0.00010000001639127731 0 0 0 0 0 0.007963500046916306 0 0 0 0 0 0 0 0 0 0 0
leaf_weight=5592 1120 13282 353 1804 986 5660 9142 207 629 2258 652 340 9031 6872 367 238 433 262 25441 2626 474 1071 2438 860 263 1179 488 809 1012 3265
leaf_count=5592 1120 13282 353 1804 986 5660 9142 207 629 2258 652 340 9031 6872 367 238 433 262 25441 2626 474 1071 2438 860 263 1179 488 809 1012 3265
internal_value=-0.001846 0.000766642 -0.00744117 -0.0100694 -0.00550605 -0.00104388 -0.00494839 -0.0122966 -0.0140357 -0.00644933 -0.00301207 -0.012 -0.000448112 -0.00113065 -0.00211427 -0.00764754 -0.0101828 -0.010921 0.00211653 -0.0103408 -0.0149026 -0.00529198 -0.00599161 -0.00796434 -0.00792928 -0.00542298 -0.00754585 -0.0150372 -0.0132733 -0.00173235
internal_weight=99154 67595 31559 13374 18185 28872 16755 7782 4254 7613 6704 1430 22168 13137 7477 605 3528 3095 38723 2888 827 5355 4284 1846 603 2319 1140 3625 1821 4385
internal_count=99154 67595 31559 13374 18185 28872 16755 7782 4254 7613 6704 1430 22168 13137 7477 605 3528 3095 38723 2888 827 5355 4284 1846 603 2319 1140 3625 1821 4385
is_linear=0
shrinkage=0.03


Tree=2
num_leaves=31
num_cat=0
split_feature=21 21 21 2 10 5 16 16 16 8 15 8 10 8 2 25 29 1 29 1 29 29 27 8 1 21 25 29 12 17
split_gain=1577.2 191.188 182.657 76.3324 69.4023 52.539 36.1422 35.4728 29.7372 21.1581 18.7418 17.6056 17.5734 17.365 16.2645 19.0745 15.7405 15.6965 22.2955 14.8447 14.8336 14.1858 14.1033 15.2995 17.2118 12.5607 12.5227 11.7424 11.2718 10.477
threshold=4.4854166666666684 2.955833333333334 7.1762500000000014 1.1310194247854148 1.5000000000000002 0.03107594760009871 3.7250000000000005 5.0550000000000006 4.0250000000000012 10.500000000000002 0.23000000000000007 12.500000000000002 5.5000000000000009 15.500000000000002 1.1786328034676894 2.6024555711230737 57.500000000000007 -3.4499999999999997 73.500000000000014 21.850000000000005 34.500000000000007 71.500000000000014 -0.66259481767468253 9.5000000000000018 2.8500000000000001 8.7937500000000028 1.6774542661639436 48.500000000000007 1.905 6.0950000000000006
decision_type=2 2 2 2 2 2 8 8 10 2 10 2 2 2 2 2 2 2 2 2 2 2 2 2 2 2 2 2 10 2
left_child=1 3 7 16 11 8 10 9 28 12 22 26 -2 14 -9 27 19 18 -7 -1 -19 -17 -6 -24 -25 -4 -3 -16 -5 -13
right_child=2 4 25 5 6 17 -8 13 -10 -11 -12 29 -14 -15 15 21 -18 20 -20 -21 -22 -23 23 24 -26 -27 -28 -29 -30 -31
leaf_value=0 0 0 0.0012285950647909192 0 0 0 0 0 0 0 0 0 0 9.7000015899539009e-05 -3.0000004917382983e-06 0 0 0 0 0 0 0 0 0 0 0.0082745954150576142 0 0 0 0
leaf_weight=660 1022 356 15238 3705 736 230 9481 8671 618 3775 2709 339 1976 8198 304 324 694 287 242 3157 3026 217 1653 249 1895 23415 464 4495 820 264
leaf_count=660 1022 356 15238 3705 736 230 9481 8671 618 3775 2709 339 1976 8198 304 324 694 287 242 3157 3026 217 1653 249 1895 23415 464 4495 820 264
internal_value=-0.00190204 -0.00743637 0.000682806 -0.010149 -0.00542516 -0.0117582 -0.0048811 -0.00111754 -0.0137395 -0.00301726 -0.00647771 -0.0117794 -0.0048971 -0.000537634 -0.00117915 -0.00248082 -0.00695461 -0.00905145 -0.0142013 -0.00771036 -0.00829747 -0.0077967 -0.00765998 -0.00839795 -0.00669521 0.00203267 -0.0146545 -0.00187406 -0.0145861 -0.00778125
internal_weight=99220 31585 67635 13439 18146 8928 16723 28982 5143 6773 7242 1423 2998 22209 14011 5340 4511 3785 472 3817 3313 541 4533 3797 2144 38653 820 4799 4525 603
internal_count=99220 31585 67635 13439 18146 8928 16723 28982 5143 6773 7242 1423 2998 22209 14011 5340 4511 3785 472 3817 3313 541 4533 3797 2144 38653 820 4799 4525 603
is_linear=0
shrinkage=0.03


Tree=3
num_leaves=31
num_cat=0
split_feature=16 13 5 1 28 18 20 17 16 12 10 23 5 8 26 8 3 25 16 17 16 13 29 20 17 25 29 15 20 28
split_gain=1342.28 232.324 204.098 73.0012 71.2393 45.9648 67.3 35.806 35.7148 33.1531 30.4716 39.8077 21.2286 20.8023 20.7389 24.8476 18.702 17.9724 17.5786 17.2149 14.4804 17.6819 13.3741 12.7204 12.3933 11.2352 10.9854 10.7657 10.4524 10.2777
threshold=5.0550000000000006 4.8183333333333351 0.037189806991080515 21.350000000000005 953.95000000000016 2.2650000000000001 1.1096076633942025 7.6950000000000012 3.8350000000000004 3.9250000000000003 2.5000000000000004 2.8450000000000002 0.025831218702820461 18.500000000000004 -0.77159520228797429 8.5000000000000018 2.2345724856825049 1.6774542661639436 3.0150000000000001 6.3250000000000011 5.5750000000000011 3.1683333333333343 78.500000000000014 3.0767068429772615 7.035000000000001 2.367230113636364 74.500000000000014 -0.59000000000000041 1.9952307718506519 943.95000000000016
decision_type=8 2 2 2 2 8 2 2 10 10 2 2 2 2 2 2 2 2 10 2 10 2 2 2 2 2 2 10 2 2
left_child=2 5 3 8 9 6 -2 -3 12 14 11 17 24 18 15 -4 -8 -6 23 29 21 -7 -23 -12 26 -9 -1 -20 -5 -11
right_child=1 7 4 28 10 20 16 25 -10 19 13 -13 -14 -15 -16 -17 -18 -19 27 -21 -22 22 -24 -25 -26 -27 -28 -29 -30 -31
leaf_value=0 0 9.8500016145408167e-05 0 0 0 0 0 0.0045782373499602264 0 0 0 0 0 0 0 0 0 0 0 0 0 0 0 0 0 0.00019173716069312762 0 0 0 0
leaf_weight=2551 288 13530 1351 1946 600 1047 3443 32331 1251 1127 2065 424 2680 1205 3956 1355 577 948 806 2297 10917 1662 248 205 460 2867 937 1972 553 3464
leaf_count=2551 288 13530 1351 1946 600 1047 3443 32331 1251 1127 2065 424 2680 1205 3956 1355 577 948 806 2297 10917 1662 248 205 460 2867 937 1972 553 3464
internal_value=-0.00189406 0.000526788 -0.00693112 -0.0103935 -0.00527893 -0.00236675 -0.00507211 0.00160659 -0.0118116 -0.00393951 -0.00748177 -0.0107405 -0.012692 -0.00644631 -0.00544833 -0.00747399 -0.00405466 -0.0129659 -0.00729191 -0.0024773 -0.00152518 -0.00338589 -0.00166057 -0.00925714 -0.0141098 0.00211073 -0.0147312 -0.0056723 -0.00590775 -0.00353721
internal_weight=99063 66910 32153 10378 21775 18182 4308 48728 7879 13550 8225 1972 6628 6253 6662 2706 4020 1548 5048 6888 13874 2957 1910 2270 3948 35198 3488 2778 2499 4591
internal_count=99063 66910 32153 10378 21775 18182 4308 48728 7879 13550 8225 1972 6628 6253 6662 2706 4020 1548 5048 6888 13874 2957 1910 2270 3948 35198 3488 2778 2499 4591
is_linear=0
shrinkage=0.03


Tree=4
num_leaves=31
num_cat=0
split_feature=19 19 28 19 16 16 10 16 12 5 2 28 24 16 10 8 10 8 25 27 8 12 16 25 17 1 25 23 8 14
split_gain=1517.11 175.202 167.596 106.219 53.7667 46.1767 42.0365 29.4 26.1929 24.8829 27.7294 23.8987 22.0382 17.3718 15.1446 15.0052 13.1781 14.4065 13.1281 12.1958 11.9048 11.8701 11.7134 11.1712 11.1114 11.0948 10.8907 9.92114 9.32318 9.29003
threshold=4.4487500000000013 7.503750000000001 953.85000000000002 2.818750000000001 3.8350000000000004 5.0550000000000006 1.5000000000000002 3.8350000000000004 1.905 0.037189806991080515 1.119521429291779 958.35000000000002 3.5500000000000003 3.7950000000000004 11.500000000000002 6.5000000000000009 1.5000000000000002 15.500000000000002 1.6774542661639436 0.27563735581699933 16.500000000000004 2.9250000000000003 7.5550000000000006 2.367230113636364 9.0150000000000023 37.750000000000007 1.1495256052132989 0.45500000000000007 13.500000000000002 1.503240943206821
decision_type=2 2 2 2 8 8 2 8 10 2 2 2 2 10 2 2 2 2 2 2 2 10 10 2 2 2 2 2 2 2
left_child=2 5 4 8 9 11 18 21 13 10 -1 15 16 19 -10 24 17 22 -5 27 -20 -8 -7 -3 -2 -11 -12 -4 -13 -6
right_child=1 23 3 6 29 12 7 -9 14 25 26 28 -14 -15 -16 -17 -18 -19 20 -21 -22 -23 -24 -25 -26 -27 -28 -29 -30 -31
leaf_value=0 0 0.0047503900611453528 0 0 0 -2.9100004769861548e-06 0 0 0 0 0 0 3.7890010667669979e-05 0 0 0 0 9.1090014930814557e-05 0 0 0 0 0 0.00018598504587233385 0.00012823717934193089 0 0 0 0 0
leaf_weight=1766 1358 32749 337 667 5302 244 1370 3986 2444 6305 1040 835 19653 493 405 4152 4640 212 487 1501 207 1500 221 2832 319 215 892 1479 387 877
leaf_count=1766 1358 32749 337 667 5302 244 1370 3986 2444 6305 1040 835 19653 493 405 4152 4640 212 487 1501 207 1500 221 2832 319 215 892 1479 387 877
internal_value=-0.00195464 0.000572959 -0.00741771 -0.00972394 -0.00532307 -0.00103688 -0.00743359 -0.00646874 -0.0125425 -0.0066591 -0.00862976 -0.00317985 -0.000431231 -0.0141861 -0.0103234 -0.00237624 -0.00214374 -0.00603959 -0.0122526 -0.0149756 -0.015176 -0.00878609 -0.00896808 0.00202167 -0.00476754 -0.00553563 -0.0111172 -0.0132191 -0.00698777 -0.00311012
internal_weight=98875 67602 31273 14876 16397 32021 8217 6856 6659 10218 3698 7051 24970 3810 2849 5829 5317 677 1361 3317 694 2870 465 35581 1677 6520 1932 1816 1222 6179
internal_count=98875 67602 31273 14876 16397 32021 8217 6856 6659 10218 3698 7051 24970 3810 2849 5829 5317 677 1361 3317 694 2870 465 35581 1677 6520 1932 1816 1222 6179
is_linear=0
shrinkage=0.03


Tree=5
num_leaves=31
num_cat=0
split_feature=21 21 21 28 10 16 16 16 12 16 15 8 8 10 8 26 8 28 28 10 23 21 2 2 11 11 14 10 20 28
split_gain=1566.88 182.787 157.655 108.646 72.8366 42.6571 37.0221 32.8616 32.3904 28.2577 22.0298 21.7264 20.6521 18.8181 16.7344 16.0335 14.8822 13.8389 14.0894 13.5675 13.6029 12.3897 12.2447 12.1201 11.8607 10.8626 10.8154 10.5494 12.8696 10.2405
threshold=4.4854166666666684 2.955833333333334 7.4158333333333344 952.6500000000002 2.5000000000000004 5.0550000000000006 6.0750000000000011 4.1850000000000014 1.8650000000000004 3.7950000000000004 0.8000000000000006 10.500000000000002 9.5000000000000018 3.5000000000000004 10.500000000000002 -0.77159520228797429 14.500000000000002 951.95000000000016 957.6500000000002 11.500000000000002 0.60500000000000009 8.8420833333333366 1.1661516928716331 1.2368804787596075 3.3450000000000002 3.2450000000000006 0.8963444278475442 9.5000000000000018 1.7483170425357597 959.05000000000007
decision_type=2 2 2 2 2 8 8 10 10 10 10 2 2 2 2 2 2 2 2 2 2 2 2 2 10 10 2 2 2 2
left_child=1 3 5 -1 6 11 12 10 9 -5 14 13 23 -2 15 -6 17 -7 22 20 -10 -4 -19 24 -3 -15 29 -24 -29 -14
right_child=2 4 21 8 7 16 -8 -9 19 -11 -12 -13 26 25 -16 -17 -18 18 -20 -21 -22 -23 27 -25 -26 -27 -28 28 -30 -31
leaf_value=0 0 0 0.0014118782489529931 0 0 4.4408307145377165e-05 0 0 0 0 0 0 0 0.0001850000477954932 0 0 9.4090015422552858e-05 -4.0917008043923373e-06 0 0 0 0.0079964984918541402 -1.1367003200301109e-06 0 0 0 0 -5.683497280921107e-07 -6.5478041758875836e-06 0
leaf_weight=5623 604 456 13312 3641 1778 6165 484 7213 205 606 1607 3846 354 348 3490 1545 9868 2060 4632 421 2849 22941 992 241 225 2091 308 256 514 420
leaf_count=5623 604 456 13312 3641 1778 6165 484 7213 205 606 1607 3846 354 348 3490 1545 9868 2060 4632 421 2849 22941 992 241 225 2091 308 256 514 420
internal_value=-0.00194788 -0.00747774 0.000625381 -0.0101427 -0.00551291 -0.000931519 -0.0102792 -0.00475131 -0.0124543 -0.014226 -0.00602493 -0.0030161 -0.0120747 -0.00490846 -0.00677046 -0.00829958 -0.000344561 -0.000952065 -0.00173992 -0.0102716 -0.0109703 0.00197278 -0.00308701 -0.0153981 -0.0131589 -0.00372054 -0.00918491 -0.0049202 -0.00754839 -0.0110757
internal_weight=99095 31466 67629 13345 18121 31376 2488 15633 7722 4247 8420 6889 2004 3043 6813 3323 24487 14619 8454 3475 3054 36253 3822 922 681 2439 1082 1762 770 774
internal_count=99095 31466 67629 13345 18121 31376 2488 15633 7722 4247 8420 6889 2004 3043 6813 3323 24487 14619 8454 3475 3054 36253 3822 922 681 2439 1082 1762 770 774
is_linear=0
shrinkage=0.03


Tree=6
num_leaves=31
num_cat=0
split_feature=21 21 21 28 2 16 21 16 16 14 28 8 2 28 15 8 26 8 8 23 27 2 21 17 2 29 29 9 29 24
split_gain=1621.76 191.193 130.466 103.416 58.0422 50.0243 33.023 30.781 25.9521 22.8808 22.105 15.1563 13.9231 13.6547 13.9112 15.0173 20.3489 12.8318 12.5071 11.8362 11.7178 11.7631 11.1568 9.94242 11.0787 16.3819 12.9702 9.62988 8.98077 8.70087
threshold=4.4854166666666684 2.955833333333334 7.4158333333333344 952.6500000000002 1.2070543490138486 5.0550000000000006 2.21763888888889 3.7250000000000005 6.3650000000000011 0.88838805334905324 953.75000000000011 13.500000000000002 1.2195303638028139 955.45000000000016 0.8000000000000006 8.5000000000000018 -0.74892720285008318 10.500000000000002 5.5000000000000009 0.51500000000000012 0.35019404643548474 1.2368804787596075 8.7937500000000028 4.5950000000000006 1.2204313837119265 73.500000000000014 32.500000000000007 2.5000000000000004 64.500000000000014 1.9500000000000002
decision_type=2 2 2 2 2 8 2 8 8 2 2 2 2 2 10 2 2 2 2 2 2 2 2 2 2 2 2 2 2 2
left_child=1 3 5 -1 7 10 12 13 9 20 18 -11 19 14 15 16 28 -12 -2 -5 21 -6 -4 24 26 -26 -8 -19 -3 -21
right_child=2 4 22 6 8 -7 23 -9 -10 11 17 -13 -14 -15 -16 -17 -18 27 -20 29 -22 -23 -24 -25 25 -27 -28 -29 -30 -31
leaf_value=0 0 0 0.0013949038865072874 0 0 0 0 0 0 0 0 0 0 0 0 0 0 0 0 0 0 0 0.0076551264606287131 0 0 0 0 0 0 0
leaf_weight=5624 1147 656 12814 542 1336 24501 288 8337 586 553 1165 288 805 1455 968 2416 717 532 3388 466 203 366 23385 1076 266 289 2502 697 240 1514
leaf_count=5624 1147 656 12814 542 1336 24501 288 8337 586 553 1165 288 805 1455 968 2416 717 532 3388 466 203 366 23385 1076 266 289 2502 697 240 1514
internal_value=-0.00189751 -0.00752019 0.000721191 -0.0102418 -0.0055096 -0.000692858 -0.0124914 -0.00470076 -0.0090872 -0.0103097 -0.00294246 -0.00613121 -0.0147686 -0.00625739 -0.0055016 -0.00627739 -0.00852349 -0.0052722 -0.00170815 -0.0136027 -0.0121335 -0.012949 0.00194887 -0.010763 -0.00991791 -0.0138482 -0.0091127 -0.00311426 -0.0115339 -0.0124534
internal_weight=99122 31493 67629 13372 18121 31430 7748 14789 3332 2746 6929 841 3327 6452 4997 4029 1613 2394 4535 2522 1905 1702 36199 4421 3345 555 2790 1229 896 1980
internal_count=99122 31493 67629 13372 18121 31430 7748 14789 3332 2746 6929 841 3327 6452 4997 4029 1613 2394 4535 2522 1905 1702 36199 4421 3345 555 2790 1229 896 1980
is_linear=0
shrinkage=0.03


Tree=7
num_leaves=31
num_cat=0
split_feature=21 21 21 28 10 16 16 21 16 28 2 10 28 26 25 8 28 8 10 21 15 8 26 15 28 27 17 2 28 29
split_gain=1602.43 175.116 130.885 103.647 74.2563 48.7969 32.6353 30.6803 28.8304 24.7689 19.7319 19.6777 18.1665 16.2495 15.4334 14.6222 13.0079 12.9207 14.4535 12.1858 11.6619 15.2765 21.3734 10.6659 11.7476 15.4873 10.5201 10.5007 12.2046 10.3201
threshold=4.4854166666666684 2.955833333333334 7.4158333333333344 952.6500000000002 2.5000000000000004 5.0550000000000006 6.0750000000000011 2.21763888888889 3.9150000000000005 953.75000000000011 1.2322669742278605 10.500000000000002 955.45000000000016 0.91702515554752073 1.9570499283963205 5.5000000000000009 958.95000000000016 10.500000000000002 5.5000000000000009 8.9437500000000032 0.8000000000000006 8.5000000000000018 -0.77159520228797429 0.5800000000000004 960.6500000000002 -0.25881904510252068 8.0150000000000023 1.2114806578881525 961.05000000000007 67.500000000000014
decision_type=2 2 2 2 2 8 8 2 10 2 2 2 2 2 2 2 2 2 2 2 10 2 2 10 2 2 2 2 2 2
left_child=1 3 5 -1 6 9 10 11 12 15 14 27 20 -12 23 26 -13 18 -11 -4 21 22 29 24 25 -3 -2 28 -5 -6
right_child=2 4 19 7 8 -7 -8 -9 -10 17 13 16 -14 -15 -16 -17 -18 -19 -20 -21 -22 -23 -24 -25 -26 -27 -28 -29 -30 -31
leaf_value=0 0 0 0.0013962021317602516 0 0 0 0 0 0 0 0 0 0 0 0 0 0 0 0 0.0078769494094936415 0 0 0 0 0 0 0 0 0 0
leaf_weight=5641 828 210 14010 1366 744 24372 454 4430 7989 679 241 252 2048 265 434 3397 654 1180 485 22155 1105 2733 847 235 275 361 338 767 279 238
leaf_count=5641 828 210 14010 1366 744 24372 454 4430 7989 679 241 252 2048 265 434 3397 654 1180 485 22155 1105 2733 847 235 275 361 338 767 279 238
internal_value=-0.00193536 -0.00751325 0.0006758 -0.0101174 -0.00559299 -0.000745205 -0.0104214 -0.0123715 -0.00482895 -0.00297005 -0.0120518 -0.014573 -0.00613795 -0.017225 -0.010273 -0.00167929 -0.0106828 -0.00547382 -0.00771429 0.00190476 -0.0052537 -0.0059238 -0.00804962 -0.00828453 -0.00984959 -0.00728646 -0.00457045 -0.0160091 -0.0145364 -0.0110578
internal_weight=99012 31568 67444 13389 18179 31279 2475 7748 15704 6907 2021 3318 7715 506 1515 4563 906 2344 1164 36165 5667 4562 1829 1081 846 571 1166 2412 1645 982
internal_count=99012 31568 67444 13389 18179 31279 2475 7748 15704 6907 2021 3318 7715 506 1515 4563 906 2344 1164 36165 5667 4562 1829 1081 846 571 1166 2412 1645 982
is_linear=0
shrinkage=0.03


Tree=8
num_leaves=31
num_cat=0
split_feature=19 16 16 28 5 19 16 10 5 8 8 16 28 10 25 10 10 17 14 28 29 19 28 25 9 12 15 17 27 8
split_gain=1508.19 155.351 137.522 117.52 63.5437 37.1385 36.8727 33.4733 25.6487 23.3486 20.9081 19.7142 19.1842 18.952 17.0899 16.1955 15.8484 14.4239 14.3889 13.7603 12.8353 12.5417 14.8552 11.9645 11.6431 11.5892 11.2197 10.6224 10.2061 12.7635
threshold=4.3758333333333344 3.7950000000000004 7.1250000000000009 953.85000000000002 0.032478863435870899 8.0137500000000035 5.0550000000000006 2.5000000000000004 0.03883706026456072 10.500000000000002 17.500000000000004 6.3250000000000011 953.75000000000011 1.5000000000000002 1.6774542661639436 5.5000000000000009 5.5000000000000009 7.535000000000001 0.50401719547385759 950.6500000000002 32.500000000000007 2.8912500000000008 951.95000000000016 1.6774542661639436 4.5000000000000009 1.5850000000000002 0.23000000000000007 7.3350000000000009 -0.72534675097891077 9.5000000000000018
decision_type=2 10 8 2 2 2 10 2 2 2 2 10 2 2 2 2 2 2 2 2 2 2 2 2 2 10 10 2 2 2
left_child=1 3 6 8 18 -4 9 14 16 12 13 21 17 23 -3 -14 25 -2 -5 24 -15 22 -9 -6 -18 -1 28 -20 -10 -30
right_child=2 7 5 4 10 -7 -8 11 26 -11 -12 -13 15 20 -16 -17 19 -19 27 -21 -22 -23 -24 -25 -26 -27 -28 -29 29 -31
leaf_value=0 0 0 4.5986058408002037e-05 0 0 0.0055804379071091601 -2.832249460230484e-06 0 0 0 0 0 0 0 0 0 0 0 0 0 0 0 0 0 0 0 0 0 0 0
leaf_weight=401 1281 685 18453 2720 287 29269 12722 778 584 4410 1084 2087 725 287 501 556 1510 884 1495 595 3415 5734 844 296 812 515 2111 232 1447 2037
leaf_count=401 1281 685 18453 2720 287 29269 12722 778 584 4410 1084 2087 725 287 501 556 1510 884 1495 595 3415 5734 844 296 812 515 2111 232 1447 2037
internal_value=-0.00193778 -0.00748897 0.000538028 -0.00905793 -0.0113921 0.00142196 -0.00151173 -0.00455924 -0.0067649 -0.00312708 -0.00917808 -0.00395862 -0.00497595 -0.0101224 -0.00930479 -0.00788258 -0.0086975 -0.00324194 -0.0140519 -0.00759035 -0.0093051 -0.00468849 -0.00702151 -0.0151888 -0.00652084 -0.0121629 -0.00555999 -0.0118181 -0.00648318 -0.00709888
internal_weight=98757 30457 68300 19828 9816 47722 20578 10629 10012 7856 5369 9443 3446 4285 1186 1281 3833 2165 4447 2917 3702 7356 1622 583 2322 916 6179 1727 4068 3484
internal_count=98757 30457 68300 19828 9816 47722 20578 10629 10012 7856 5369 9443 3446 4285 1186 1281 3833 2165 4447 2917 3702 7356 1622 583 2322 916 6179 1727 4068 3484
is_linear=0
shrinkage=0.03


Tree=9
num_leaves=31
num_cat=0
split_feature=21 21 21 28 10 16 16 8 21 28 10 25 11 21 23 10 20 16 28 8 8 28 28 29 25 16 28 11 8 26
split_gain=1541.32 156.949 152.733 105.316 65.7004 56.8307 39.4645 31.5517 31.1224 24.0038 19.9003 18.899 15.4849 14.3388 13.4442 13.101 11.8646 11.8233 11.5987 11.1951 10.7754 10.5746 12.5779 17.418 14.5314 12.6983 10.4801 10.2083 11.8555 12.8342
threshold=4.2887500000000012 7.4158333333333344 2.955833333333334 952.6500000000002 1.5000000000000002 5.0550000000000006 3.8350000000000004 10.500000000000002 2.21763888888889 955.45000000000016 10.500000000000002 1.6774542661639436 3.2450000000000006 8.8420833333333366 0.77000000000000013 3.5000000000000004 1.0868762569325396 3.5550000000000002 958.95000000000016 14.500000000000002 15.500000000000002 951.95000000000016 960.05000000000007 53.500000000000007 2.6024555711230737 7.1250000000000009 964.75000000000011 2.9950000000000006 8.5000000000000018 -0.74892720285008318
decision_type=2 2 2 2 2 8 8 2 2 2 2 2 10 2 2 2 2 8 2 2 2 2 2 2 2 10 2 10 2 2
left_child=2 5 3 -1 11 7 9 12 10 27 14 -4 -2 -3 -5 -14 -10 -18 -12 21 -13 -7 24 -24 -23 -26 -9 -6 29 -29
right_child=1 13 4 8 6 19 -8 26 16 -11 18 20 15 -15 -16 -17 17 -19 -20 -21 -22 22 23 -25 25 -27 -28 28 -30 -31
leaf_value=0 0 0.0012067452348623687 0 0 0 4.1696476178775774e-05 0 0 0 0 0 0 0 0.007173228076097854 0 0 0 0 0 8.4668302240276057e-05 0 -3.9289823038297228e-06 -4.3795822439783582e-06 1.7226749811648929e-07 0 -7.1316965730339008e-06 0 0 0 0
leaf_weight=5692 696 13217 654 687 1604 6416 7554 4378 1515 2051 255 430 489 22971 1760 2358 1869 1025 652 10364 213 4852 321 3047 213 347 203 746 1921 480
leaf_count=5692 696 13217 654 687 1604 6416 7554 4378 1515 2051 255 430 489 22971 1760 2358 1869 1025 652 10364 213 4852 321 3047 213 347 203 746 1921 480
internal_value=-0.0020003 0.000416103 -0.00779981 -0.0101445 -0.00578177 -0.00105756 -0.00519407 -0.00324247 -0.012419 -0.00685236 -0.0146168 -0.0122419 -0.00536669 0.00178775 -0.0160436 -0.00634607 -0.0107324 -0.0118758 -0.0107007 -0.000362605 -0.015912 -0.000880995 -0.0015572 -0.000117403 -0.00245228 -0.00700885 -0.00159551 -0.0056701 -0.00666529 -0.00897807
internal_weight=98980 69872 29108 13455 15653 33684 14356 8124 7763 6802 3354 1297 3543 36188 2447 2847 4409 2894 907 25560 643 15196 8780 3368 5412 560 4581 4751 3147 1226
internal_count=98980 69872 29108 13455 15653 33684 14356 8124 7763 6802 3354 1297 3543 36188 2447 2847 4409 2894 907 25560 643 15196 8780 3368 5412 560 4581 4751 3147 1226
is_linear=0
shrinkage=0.03


Tree=10
num_leaves=31
num_cat=0
split_feature=21 21 21 28 16 1 16 21 8 16 14 23 28 15 1 8 29 28 29 8 17 21 25 13 16 28 28 25 1 17
split_gain=1542.16 157.219 143.63 105.858 58.1654 57.3345 29.745 28.5369 27.5877 20.7813 22.9645 17.4559 17.1972 15.331 14.8847 14.3783 14.2281 13.5016 13.0469 12.7512 11.9424 10.9084 10.8688 10.5108 16.8846 10.3124 10.0406 10.0123 13.2294 9.87969
threshold=4.2887500000000012 2.955833333333334 7.5716666666666681 952.6500000000002 5.0550000000000006 -0.34999999999999992 3.8350000000000004 1.906666666666667 10.500000000000002 5.9850000000000012 0.88838805334905324 0.38500000000000006 953.75000000000011 0.4199999999999996 -0.54999999999999993 17.500000000000004 32.500000000000007 963.1500000000002 74.500000000000014 14.500000000000002 7.4850000000000012 9.0870833333333358 2.6024555711230737 2.0450000000000004 4.2350000000000012 953.85000000000002 962.55000000000007 1.3091366372037976 21.850000000000005 1.2650000000000003
decision_type=2 2 2 2 8 2 8 2 2 8 2 2 2 10 2 2 2 2 2 2 2 2 2 2 10 2 2 2 2 2
left_child=1 3 4 27 8 9 13 14 12 10 17 -9 20 15 -5 26 -13 -3 -16 22 -2 -4 -6 24 -18 -15 -7 28 -1 -29
right_child=2 5 21 7 19 6 -8 11 -10 -11 -12 16 -14 25 18 -17 23 -19 -20 -21 -22 -23 -24 -25 -26 -27 -28 29 -30 -31
leaf_value=0 0 0 0.0015821734203923269 0 -1.384749777183572e-06 0 0 0 0 0 0 0 0 0 0 0 0 0 0 0.00013172051233630564 0 0.0076456319876250034 -5.4627254978338242e-06 0 0 0 0 0 0 0
leaf_weight=1322 1392 1028 13472 599 14618 3294 6876 420 4671 436 580 433 1365 1258 1057 931 2190 432 318 10964 835 20930 1508 2354 429 635 210 536 2442 1374
leaf_count=1322 1392 1028 13472 599 14618 3294 6876 420 4671 436 580 433 1365 1258 1057 931 2190 432 318 10964 835 20930 1508 2354 429 635 210 536 2442 1374
internal_value=-0.00197053 -0.00776426 0.000451333 -0.0101416 -0.000891481 -0.00571884 -0.00492982 -0.0124113 -0.00309398 -0.0099081 -0.0111785 -0.0113312 -0.00506922 -0.00641497 -0.0155624 -0.00738176 -0.0108523 -0.0131877 -0.0137283 -0.000219229 -0.00343145 0.0018312 -0.000755812 -0.0103759 -0.0117085 -0.00413646 -0.00826389 -0.00701321 -0.00791669 -0.00521671
internal_weight=98909 29154 69755 13474 35353 15680 13204 7800 8263 2476 2040 5826 3592 6328 1974 4435 5406 1460 1375 27090 2227 34402 16126 4973 2619 1893 3504 5674 3764 1910
internal_count=98909 29154 69755 13474 35353 15680 13204 7800 8263 2476 2040 5826 3592 6328 1974 4435 5406 1460 1375 27090 2227 34402 16126 4973 2619 1893 3504 5674 3764 1910
is_linear=0
shrinkage=0.03


Tree=11
num_leaves=31
num_cat=0
split_feature=21 21 21 1 10 16 13 16 16 23 8 10 1 29 21 29 1 27 16 1 15 8 26 27 13 29 17 21 23 23
split_gain=1505.2 159.497 144.203 70.6817 62.9108 55.0125 44.3449 31.6174 30.0669 28.1298 24.9501 24.6055 19.0795 25.6592 18.69 17.6331 16.4905 14.8317 14.4015 15.4249 13.5897 16.5867 12.7404 15.4572 12.3922 11.1876 10.868 10.6463 10.0435 9.30884
threshold=4.2887500000000012 2.955833333333334 7.0545833333333343 18.850000000000005 2.5000000000000004 5.0550000000000006 1.8133333333333341 3.8350000000000004 4.6650000000000009 2.6450000000000005 10.500000000000002 3.5000000000000004 -2.8499999999999992 70.500000000000014 8.5486111111111125 60.500000000000007 21.850000000000005 0.44618082326431213 5.9850000000000012 -5.8499999999999988 0.4199999999999996 17.500000000000004 -0.74892720285008318 0.06104621499353461 3.4016666666666673 33.500000000000007 7.4850000000000012 1.4175000000000002 2.0150000000000001 0.67500000000000016
decision_type=2 2 2 2 2 8 2 10 10 2 2 2 2 2 2 2 2 2 8 2 10 2 2 2 2 2 2 2 2 2
left_child=1 3 5 6 9 10 8 20 27 17 11 -2 13 -8 -4 16 -5 18 19 -3 21 22 23 -6 -21 -14 -13 -1 -18 -27
right_child=2 4 14 15 7 -7 12 -9 -10 -11 -12 26 25 -15 -16 -17 28 -19 -20 24 -22 -23 -24 -25 -26 29 -28 -29 -30 -31
leaf_value=0 0 0 0.00061910022156594423 0 0 -1.2559072695584803e-06 0 0 0 0 0 0 0 0 0.0059842210156160714 0 0 0 0 0 0 0 0 0 0 0 0 0 -4.9999980255961418e-05 0
leaf_weight=556 675 307 14412 751 1464 22247 228 6843 309 327 4435 1766 287 338 25424 578 2230 232 201 841 2050 970 1851 378 248 206 1035 3786 1001 3082
leaf_count=556 675 307 14412 751 1464 22247 228 6843 309 327 4435 1766 287 338 25424 578 2230 232 201 841 2050 970 1851 378 248 206 1035 3786 1001 3082
internal_value=-0.00198607 -0.00772431 0.000397034 -0.0101358 -0.00567246 -0.00116785 -0.0117101 -0.00491203 -0.01373 -0.0104313 -0.00331569 -0.00521747 -0.00942764 -0.0145744 0.00158174 -0.00709091 -0.00780135 -0.0118773 -0.0129082 -0.0139914 -0.00637556 -0.00727314 -0.00819118 -0.00996968 -0.0122057 -0.00859358 -0.00396543 -0.0143741 -0.00685012 -0.00807349
internal_weight=99058 29064 69994 13352 15712 30158 8792 13556 4651 2156 7911 3476 4141 566 39836 4560 3982 1829 1597 1396 6713 4663 3693 1842 1089 3575 2801 4342 3231 3288
internal_count=99058 29064 69994 13352 15712 30158 8792 13556 4651 2156 7911 3476 4141 566 39836 4560 3982 1829 1597 1396 6713 4663 3693 1842 1089 3575 2801 4342 3231 3288
is_linear=0
shrinkage=0.03


Tree=12
num_leaves=31
num_cat=0
split_feature=21 28 16 21 21 10 8 16 5 1 16 12 11 10 5 28 27 10 16 22 16 8 21 16 28 8 1 8 10 8
split_gain=1413.01 162.434 140.246 94.6321 64.586 41.8238 30.5893 30.5624 28.3345 33.0298 25.8296 22.8981 18.4552 18.4053 16.1133 14.0819 13.826 13.4622 11.6134 14.599 11.349 10.5566 10.5492 10.0579 9.93434 14.9424 14.2426 10.9153 9.88664 9.8566
threshold=4.2887500000000012 953.85000000000002 5.4150000000000009 2.6154166666666674 8.078055555555558 1.5000000000000002 10.500000000000002 3.8350000000000004 0.038018946534443106 21.350000000000005 3.8350000000000004 1.905 2.9550000000000005 5.5000000000000009 0.033245294347471442 953.75000000000011 0.50751903745502724 11.500000000000002 5.205000000000001 0.037068156820693678 7.3550000000000013 11.500000000000002 3.7562500000000001 4.2350000000000012 961.05000000000007 10.500000000000002 -1.0499999999999998 5.5000000000000009 5.5000000000000009 14.500000000000002
decision_type=2 2 8 2 2 2 2 8 2 2 8 10 10 2 2 2 2 2 8 2 8 2 2 10 2 2 2 2 2 2
left_child=1 8 6 11 29 16 13 14 9 10 28 20 -10 15 -7 -2 21 -13 19 -14 24 -5 -9 -17 -3 27 -27 -26 -1 -4
right_child=2 3 4 5 -6 7 -8 22 12 -11 -12 17 18 -15 -16 23 -18 -19 -20 -21 -22 -23 -24 -25 25 26 -28 -29 -30 -31
leaf_value=0 0 0 -1.3055300657813239e-06 0 0.0049206070169629662 0 0 0 0 0 0 0 0 0 0 0 0 0 0 0 0 0 0 0 0 0 0 0 0 0.00017634206108357219
leaf_weight=610 539 1888 18040 695 29254 875 5939 2167 3397 3046 938 1647 605 2947 2720 458 208 278 719 4494 221 610 1572 548 276 223 391 257 1250 12186
leaf_count=610 539 1888 18040 695 29254 875 5939 2167 3397 3046 938 1647 605 2947 2720 458 208 278 719 4494 221 610 1572 548 276 223 391 257 1250 12186
internal_value=-0.00191243 -0.00746834 0.000399522 -0.00979163 0.000962259 -0.00789754 -0.00280826 -0.00695163 -0.00530158 -0.0069376 -0.00929219 -0.0130152 -0.00426085 -0.00467512 -0.00892917 -0.00732581 -0.0124447 -0.0103601 -0.00528697 -0.00579016 -0.0145667 -0.0135916 -0.00504087 -0.0094184 -0.0140378 -0.0117005 -0.0149079 -0.00790149 -0.0113405 -1.03204e-05
internal_weight=98998 29087 69911 14028 59480 8847 10431 7334 15059 5844 2798 5181 9215 4492 3595 1545 1513 1925 5818 5099 3256 1305 3739 1006 3035 1147 614 533 1860 30226
internal_count=98998 29087 69911 14028 59480 8847 10431 7334 15059 5844 2798 5181 9215 4492 3595 1545 1513 1925 5818 5099 3256 1305 3739 1006 3035 1147 614 533 1860 30226
is_linear=0
shrinkage=0.03


Tree=13
num_leaves=31
num_cat=0
split_feature=21 28 16 21 21 10 12 16 16 5 2 16 28 25 21 24 11 19 10 25 20 12 16 24 10 24 28 17 10 25
split_gain=1401.88 173.577 146.452 109.39 63.4231 47.7263 36.7305 30.9197 25.4236 25.1733 25.1435 23.9025 19.7372 14.9026 14.7747 13.0583 12.8053 12.1984 11.8133 11.6802 11.6409 11.3208 11.275 11.0972 10.779 10.4143 10.2519 9.98336 10.823 9.86629
threshold=4.2545833333333345 952.6500000000002 5.4150000000000009 2.6154166666666674 8.078055555555558 2.5000000000000004 1.9850000000000001 6.0750000000000011 3.8350000000000004 0.038018946534443106 1.119521429291779 3.8350000000000004 953.75000000000011 1.6845895715023234 1.8470833333333336 4.2500000000000009 2.9950000000000006 2.4237500000000005 2.5000000000000004 2.2990322479942562 2.6198624319437802 2.9250000000000003 4.7150000000000007 2.0500000000000003 11.500000000000002 5.1500000000000012 949.75000000000011 10.005000000000001 1.5000000000000002 2.0758351162458997
decision_type=2 2 8 2 2 2 10 8 8 2 2 10 2 2 2 2 10 2 2 2 2 10 10 2 2 2 2 2 2 2
left_child=1 8 12 6 20 7 14 13 9 10 -1 21 -2 15 18 -5 -11 -18 -3 23 -4 -7 25 -16 29 27 -19 28 -14 -8
right_child=2 3 4 5 -6 11 24 -9 -10 16 -12 -13 22 -15 19 -17 17 26 -20 -21 -22 -23 -24 -25 -26 -27 -28 -29 -30 -31
leaf_value=0 0 0 4.4655668311180517e-05 0 0.0047678133817657953 0 0 0 0 0 0 0 0 0 0 0 0 0 0 0 -3.9018930288350385e-06 0 -8.2054264610515599e-07 0 0 0 0 0 0 0
leaf_weight=1773 6939 384 21304 964 29312 1888 1493 441 4449 1830 1624 3412 233 938 706 266 548 2281 1010 290 9065 1892 1413 1248 270 1254 716 203 666 221
leaf_count=1773 6939 384 21304 964 29312 1888 1493 441 4449 1830 1624 3412 233 938 706 266 548 2281 1010 290 9065 1892 1413 1248 270 1254 716 203 666 221
internal_value=-0.00194341 -0.00753806 0.000333651 -0.00970061 0.00091333 -0.00777962 -0.0130396 -0.0112598 -0.00501263 -0.0059501 -0.00797443 -0.00651021 -0.00289611 -0.0127317 -0.0148411 -0.0104696 -0.0046645 -0.0057169 -0.0173395 -0.0132539 -4.75076e-05 -0.00815588 -0.00464308 -0.0123522 -0.00970739 -0.0059136 -0.00646869 -0.00804336 -0.00939491 -0.0105864
internal_weight=99033 28644 70389 15423 59681 9801 5622 2609 13221 8772 3397 7192 10708 2168 3638 1230 5375 3545 1394 2244 30369 3780 3769 1954 1984 2356 2997 1102 899 1714
internal_count=99033 28644 70389 15423 59681 9801 5622 2609 13221 8772 3397 7192 10708 2168 3638 1230 5375 3545 1394 2244 30369 3780 3769 1954 1984 2356 2997 1102 899 1714
is_linear=0
shrinkage=0.03


Tree=14
num_leaves=31
num_cat=0
split_feature=21 28 21 21 16 10 23 12 16 28 16 5 1 16 16 27 15 1 13 21 1 25 10 23 27 27 5 21 25 21
split_gain=1407.02 167.078 136.305 99.4875 54.3216 50.6116 34.102 25.6324 24.1269 21.8692 21.374 20.7056 28.6911 16.7325 15.3906 16.6469 14.5492 13.6479 15.4238 13.6334 14.0934 12.4057 14.7277 11.1865 10.3242 10.6986 10.269 10.2108 9.8778 9.77924
threshold=4.2545833333333345 952.6500000000002 7.4158333333333344 2.5445833333333341 4.7150000000000007 2.5000000000000004 2.6450000000000005 1.9850000000000001 4.8150000000000004 953.55000000000007 3.5550000000000002 0.031837191419278175 21.850000000000005 7.3550000000000013 5.9850000000000012 0.40673664307580004 0.6649999999999997 -5.8499999999999988 3.268333333333334 1.8470833333333336 -2.2499999999999996 1.5108154509625289 8.5000000000000018 0.38500000000000006 0.087155742747658027 -0.41467745240824966 0.032478863435870899 9.2845833333333356 2.7172322375397671 3.1650000000000005
decision_type=2 2 2 2 8 2 2 10 8 2 10 2 2 8 8 2 10 2 2 2 2 2 2 2 2 2 2 2 2 2
left_child=1 8 4 7 9 6 14 19 11 -2 26 12 -1 -4 15 17 -13 -5 -19 20 -3 -11 24 -21 25 -23 -7 -15 -6 -12
right_child=2 3 13 5 28 10 -8 -9 -10 21 29 16 -14 27 -16 -17 -18 18 -20 23 -22 22 -24 -25 -26 -27 -28 -29 -30 -31
leaf_value=0 0 0 -0.00025914565158531176 0 -1.0184474830379069e-06 0 0 0 0 0 0 0 0 0.0016848058857367018 0 0 0 0 0 0 0 0 0 0 0 0 0 0.0079584831986488289 -5.0675296335525632e-06 0
leaf_weight=1454 4551 401 2637 375 25767 778 350 1747 2674 881 971 5843 1630 14519 310 356 1663 1132 259 280 993 260 656 1725 276 307 2849 19074 1575 2954
leaf_count=1454 4551 401 2637 375 25767 778 350 1747 2674 881 971 5843 1630 14519 310 356 1663 1132 259 280 993 260 656 1725 276 307 2849 19074 1575 2954
internal_value=-0.00194846 -0.00754211 0.00033243 -0.00965967 -0.00102372 -0.00795512 -0.0114187 -0.0130716 -0.00506805 -0.0033949 -0.00667249 -0.00571118 -0.00778504 0.00161529 -0.0126771 -0.0135938 -0.00485448 -0.014795 -0.0133216 -0.0146043 -0.0169535 -0.00572327 -0.00738231 -0.0129328 -0.0100012 -0.00756818 -0.00833673 0.00179591 -0.00042213 -0.00512595
internal_weight=99247 28744 70503 15480 34273 10334 2782 5146 13264 6931 7552 10590 3084 36230 2432 2122 7506 1766 1391 3399 1394 2380 1499 2005 843 567 3627 33593 27342 3925
internal_count=99247 28744 70503 15480 34273 10334 2782 5146 13264 6931 7552 10590 3084 36230 2432 2122 7506 1766 1391 3399 1394 2380 1499 2005 843 567 3627 33593 27342 3925
is_linear=0
shrinkage=0.03


Tree=15
num_leaves=31
num_cat=0
split_feature=21 28 21 21 16 10 16 1 21 28 12 12 5 16 27 16 21 10 23 16 21 24 29 28 24 26 21 11 1 24
split_gain=1402.44 167.838 125.667 96.4141 55.7437 40.8016 31.3175 28.4339 36.3254 24.0347 22.4042 21.4193 21.0133 18.4345 16.435 15.762 13.312 12.8248 11.5767 11.3345 12.8916 12.9772 11.2437 15.3842 10.9886 10.8541 10.1655 9.45829 9.32349 9.05055
threshold=4.2545833333333345 953.85000000000002 7.4158333333333344 2.5445833333333341 4.7150000000000007 1.5000000000000002 3.9150000000000005 22.450000000000003 2.923750000000001 953.6500000000002 1.9850000000000001 1.675 0.033245294347471442 6.4150000000000009 0.40673664307580004 7.3550000000000013 3.1650000000000005 11.500000000000002 0.51500000000000012 5.1550000000000011 5.4020833333333345 3.0500000000000003 62.500000000000007 950.25000000000011 2.0500000000000003 0.36648727148060617 9.0870833333333358 4.1650000000000009 -5.8499999999999988 6.2500000000000009
decision_type=2 2 2 2 8 2 8 2 2 2 10 10 2 8 2 8 2 2 2 8 2 2 2 2 2 2 2 10 2 2
left_child=1 7 4 10 9 14 12 8 11 29 13 -1 -7 18 -5 -4 -8 -12 -3 -6 -21 22 23 -22 -20 -10 -17 -9 -11 -2
right_child=2 3 15 5 19 6 16 27 25 28 17 -13 -14 -15 -16 26 -18 -19 24 20 21 -23 -24 -25 -26 -27 -28 -29 -30 -31
leaf_value=0 0 0 -0.00024994864677043289 0 5.5169703874324155e-08 0 0 0 0 0 0 0 0 0 0 0.0015261486974147784 0 0 0 -3.7859564453656194e-06 -5.0743903974824131e-06 4.0737989847533312e-05 -7.772957546976246e-07 -2.6165649351941495e-05 0 0 0.0072197282854568499 0 0 0
leaf_weight=1420 2290 735 2607 1300 1938 1038 856 6208 2566 208 1387 1684 2880 254 285 13079 2768 239 779 7253 245 16676 895 316 1424 1681 20611 1405 2120 2236
leaf_count=1420 2290 735 2607 1300 1938 1038 856 6208 2566 208 1387 1684 2880 254 285 13079 2768 239 779 7253 245 16676 895 316 1424 1681 20611 1405 2120 2236
internal_value=-0.00191211 -0.00747572 0.000370493 -0.00984409 -0.000934966 -0.00802332 -0.00709474 -0.00526608 -0.00659829 -0.00335297 -0.0132814 -0.00906658 -0.00895641 -0.0147588 -0.0124057 0.00159966 -0.00507247 -0.0103446 -0.0140387 -0.000327905 -0.000496849 -6.91403e-05 -0.00278029 -0.00609011 -0.0128764 -0.00478575 0.00177356 -0.00397624 -0.00582769 -0.00207504
internal_weight=99383 28909 70474 13945 34177 9127 7542 14964 7351 6854 4818 3104 3918 3192 1585 36297 3624 1626 2938 27323 25385 18132 1456 561 2203 4247 33690 7613 2328 4526
internal_count=99383 28909 70474 13945 34177 9127 7542 14964 7351 6854 4818 3104 3918 3192 1585 36297 3624 1626 2938 27323 25385 18132 1456 561 2203 4247 33690 7613 2328 4526
is_linear=0
shrinkage=0.03


Tree=16
num_leaves=31
num_cat=0
split_feature=19 28 19 19 16 10 12 16 16 1 5 28 19 25 16 8 8 8 28 10 24 25 28 29 8 14 12 25 28 28
split_gain=1327.53 180.685 107.172 104.567 53.2278 51.0393 45.3968 39.5802 29.3555 26.4423 32.5131 23.2471 17.8358 17.5414 17.0383 15.4182 15.3209 15.0001 15.5097 13.9577 13.5323 13.0673 12.5969 14.6414 14.0615 12.367 11.7572 10.938 10.7593 10.6545
threshold=4.3758333333333344 952.6500000000002 2.7787500000000009 7.503750000000001 4.7150000000000007 1.5000000000000002 1.905 4.8150000000000004 3.8350000000000004 24.150000000000002 0.025831218702820461 953.6500000000002 1.652916666666667 1.6774542661639436 10.155000000000003 16.500000000000004 10.500000000000002 14.500000000000002 951.95000000000016 8.5000000000000018 2.0500000000000003 2.6024555711230737 949.55000000000007 53.500000000000007 11.500000000000002 0.81995934631842415 2.9550000000000005 2.7172322375397671 945.25000000000011 961.25000000000011
decision_type=2 2 2 2 8 2 10 8 8 2 2 2 2 2 8 2 2 2 2 2 2 2 2 2 2 2 10 2 2 2
left_child=1 7 6 4 11 13 12 9 26 10 -1 28 -3 -4 27 -15 19 18 -6 -13 29 -20 23 24 -12 -22 -7 -5 -2 -14
right_child=3 2 5 14 17 8 -8 -9 -10 -11 22 16 20 15 -16 -17 -18 -19 21 -21 25 -23 -24 -25 -26 -27 -28 -29 -30 -31
leaf_value=0 0 0 0 0.0012531365561024338 5.1326561183315052e-08 0 0 0 0 0 0 0 0 0 0.0060531364488140733 0 0 7.8533967924997451e-05 -3.4697715680612714e-06 0 0 -4.0304764186998605e-06 0 0 0 0 0 -0.00049784752168806692 0 0
leaf_weight=1232 1426 1238 741 14087 6795 1651 3045 3194 4360 5329 846 577 573 543 21199 206 1077 10724 8450 458 1346 723 1953 1440 300 464 1725 518 2631 487
leaf_count=1232 1426 1238 741 14087 6795 1651 3045 3194 4360 5329 846 577 573 543 21199 206 1077 10724 8450 458 1346 723 1953 1440 300 464 1725 518 2631 487
internal_value=-0.00190014 -0.0070885 -0.00923968 0.000417868 -0.000804083 -0.00709587 -0.0119979 -0.00462116 -0.00610929 -0.00546781 -0.00687621 -0.00331438 -0.0140642 -0.0121806 0.00153933 -0.0154416 -0.00586396 -0.000223396 -0.00080611 -0.00846635 -0.0127096 -0.00161048 -0.00569168 -0.00706754 -0.00960208 -0.014314 -0.00821118 0.000750513 -0.00198154 -0.00991549
internal_weight=99338 30673 16379 68665 32861 9226 7153 14294 7736 11100 5771 6169 4108 1490 35804 749 2112 26692 15968 1035 2870 9173 4539 2586 1146 1810 3376 14605 4057 1060
internal_count=99338 30673 16379 68665 32861 9226 7153 14294 7736 11100 5771 6169 4108 1490 35804 749 2112 26692 15968 1035 2870 9173 4539 2586 1146 1810 3376 14605 4057 1060
is_linear=0
shrinkage=0.03


Tree=17
num_leaves=31
num_cat=0
split_feature=21 28 21 21 10 16 21 16 16 5 2 28 5 12 25 25 29 16 25 10 11 25 21 10 20 11 10 29 27 16
split_gain=1380.93 173.606 120.085 99.1539 42.2712 40.4008 35.0786 31.9708 28.1632 37.3901 36.6414 25.3235 20.4255 19.4603 19.4316 19.217 15.835 15.7348 14.2235 17.1371 13.7179 14.5926 13.4961 13.2539 12.5223 12.4988 10.9398 10.832 11.9565 10.6075
threshold=4.2545833333333345 953.85000000000002 6.1554166666666683 2.5445833333333341 1.5000000000000002 4.7150000000000007 8.8420833333333366 3.8350000000000004 3.8350000000000004 0.038018946534443106 1.119521429291779 953.75000000000011 0.033245294347471442 1.8650000000000004 1.6774542661639436 2.6024555711230737 65.500000000000014 6.3650000000000011 1.6177519148512884 8.5000000000000018 2.9950000000000006 1.0409659412097232 3.1650000000000005 11.500000000000002 2.0074475901689248 4.6550000000000011 5.5000000000000009 64.500000000000014 -0.72534675097891077 5.1550000000000011
decision_type=2 2 2 2 2 8 2 8 8 2 2 2 2 10 2 2 2 8 2 2 10 2 2 2 2 10 2 2 2 10
left_child=1 8 5 13 14 11 15 12 9 10 -1 -2 -6 17 -5 -4 25 24 -13 -20 -11 -22 -9 -15 -3 -17 -12 28 -23 -7
right_child=2 3 6 4 7 29 -8 22 -10 20 26 18 -14 23 -16 16 -18 -19 19 -21 21 27 -24 -25 -26 -27 -28 -29 -30 -31
leaf_value=0 0 0 0.00031762904183665333 0 0 1.5760775979993881e-07 0.0056782795566918528 0 0 0 0 0 0 0 0 -0.00027624578828255685 0.00042706699932139645 0 0 0 0 0 0 0 0 -0.00017285221284829214 0 0 0 -3.6745270927721757e-06
leaf_weight=1821 3978 2423 24284 799 1034 2412 23015 892 5097 2004 624 874 2772 1560 744 231 564 226 687 511 630 395 2864 267 377 1053 1360 585 2330 12782
leaf_count=1821 3978 2423 24284 799 1034 2412 23015 892 5097 2004 624 874 2772 1560 744 231 564 226 687 511 630 395 2864 267 377 1053 1360 585 2330 12782
internal_value=-0.00195922 -0.00749203 0.000305174 -0.00989443 -0.00804007 -0.00157927 0.00111981 -0.0071077 -0.00523076 -0.00617624 -0.0085 -0.00365153 -0.00904802 -0.0133617 -0.0125717 0.000367525 -0.00257744 -0.0148604 -0.00633799 -0.00845885 -0.0046828 -0.00571103 -0.00513215 -0.0108455 -0.0141925 -0.00441272 -0.0113213 -0.00650679 -0.0073022 -0.000753207
internal_weight=99195 28804 70391 13958 9105 21244 49147 7562 14846 9749 3805 6050 3806 4853 1543 26132 1848 3026 2072 1198 5944 3940 3756 1827 2800 1284 1984 3310 2725 15194
internal_count=99195 28804 70391 13958 9105 21244 49147 7562 14846 9749 3805 6050 3806 4853 1543 26132 1848 3026 2072 1198 5944 3940 3756 1827 2800 1284 1984 3310 2725 15194
is_linear=0
shrinkage=0.03


Tree=18
num_leaves=31
num_cat=0
split_feature=21 28 21 21 16 16 21 16 1 5 28 10 5 10 10 21 28 23 25 29 10 25 10 1 29 10 17 27 27 28
split_gain=1366.53 166.102 119.247 95.8674 45.3317 42.2616 33.4914 29.678 30.6712 31.8008 26.2812 22.0715 21.1776 17.8851 15.9696 24.5267 15.2784 12.7996 12.4942 11.9808 13.9805 11.2858 11.4767 11.1591 22.2157 10.5066 10.3131 10.3019 10.2467 9.9289
threshold=4.2545833333333345 953.85000000000002 6.1554166666666683 2.21763888888889 3.7950000000000004 4.7150000000000007 8.9962500000000034 3.7250000000000005 22.650000000000002 0.029103703062818304 953.75000000000011 2.5000000000000004 0.03107594760009871 10.500000000000002 1.5000000000000002 3.1650000000000005 958.95000000000016 0.77000000000000013 2.6024555711230737 65.500000000000014 1.5000000000000002 1.494676127130494 8.5000000000000018 16.650000000000002 71.500000000000014 9.5000000000000018 7.0850000000000009 -0.026175951569892126 0.087155742747658027 963.1500000000002
decision_type=2 2 2 2 8 8 2 8 2 2 2 2 2 2 2 2 2 2 2 2 2 2 2 2 2 2 2 2 2 2
left_child=1 7 5 13 11 10 18 8 9 -1 -2 -5 26 17 27 -16 -15 -3 -4 20 -20 -12 28 -8 -25 -11 -13 -6 -23 -19
right_child=2 3 6 4 14 -7 23 -9 -10 25 21 12 -14 16 15 -17 -18 29 19 -21 -22 22 -24 24 -26 -27 -28 -29 -30 -31
leaf_value=0 0 0 0.00032189812358803817 0 0 -2.0843902259704523e-06 0.0070394040853804674 0 0 0 0 0 0 0 0 0 0 0 -0.00099548111920984479 0.00068133930037073316 -7.923168383272161e-05 0 0 0.003551194230909333 -0.003498805918847337 0 0 0 0 0
leaf_weight=1383 3954 625 25441 1736 457 15245 15811 5409 4806 2518 765 943 3080 212 1255 2871 649 1261 208 585 1094 486 554 5687 436 730 224 217 264 367
leaf_count=1383 3954 625 25441 1736 457 15245 15811 5409 4806 2518 765 943 3080 212 1255 2871 649 1261 208 585 1094 486 554 5687 436 730 224 217 264 367
internal_value=-0.00195956 -0.00747255 0.000287517 -0.00983017 -0.00848359 -0.00158962 0.00109802 -0.00526308 -0.00627928 -0.00802351 -0.00371616 -0.010229 -0.00904022 -0.0144719 -0.00629969 -0.00558751 -0.0106663 -0.0158995 0.000397103 -0.00195507 -0.00355318 -0.00645275 -0.00814973 0.00197101 0.00088267 -0.00638365 -0.0124991 -0.0105862 -0.0105695 -0.0143882
internal_weight=99273 28743 70530 13897 10783 21268 49262 14846 9437 4631 6023 5983 4247 3114 4800 4126 861 2253 27328 1887 1302 2069 1304 21934 6123 3248 1167 674 750 1628
internal_count=99273 28743 70530 13897 10783 21268 49262 14846 9437 4631 6023 5983 4247 3114 4800 4126 861 2253 27328 1887 1302 2069 1304 21934 6123 3248 1167 674 750 1628
is_linear=0
shrinkage=0.03


Tree=19
num_leaves=31
num_cat=0
split_feature=21 28 21 21 16 16 21 16 12 28 20 1 5 2 25 14 28 16 29 2 29 29 25 28 11 26 26 20 25 12
split_gain=1405.8 175.603 114.031 111.471 43.786 38.0531 29.4497 29.1669 27.4728 25.9281 25.0632 22.3993 29.0687 17.6133 17.7304 15.9364 14.7493 13.6168 12.931 12.1113 16.0247 11.4545 11.0562 10.6822 11.2574 10.2686 9.85545 11.1758 9.37181 9.27902
threshold=4.2545833333333345 952.6500000000002 6.118333333333335 2.5445833333333341 3.8350000000000004 4.7150000000000007 9.2845833333333356 4.8150000000000004 1.9850000000000001 953.75000000000011 1.6068019448683697 22.650000000000002 0.031837191419278175 1.2079370213572984 1.6845895715023234 0.94563911368627307 961.95000000000016 6.4150000000000009 64.500000000000014 1.1396025323466639 71.500000000000014 75.500000000000014 1.5614553472040162 949.55000000000007 2.9950000000000006 -0.44618082326431213 0.91702515554752073 2.7016777194867014 2.7172322375397671 3.3250000000000006
decision_type=2 2 2 2 8 8 2 8 10 2 2 2 2 2 2 2 2 8 2 2 2 2 2 2 10 2 2 2 2 8
left_child=1 7 5 8 10 9 26 11 17 -2 -5 12 -1 -6 29 -12 -16 21 23 20 -8 -3 -11 24 -14 -26 27 -4 -29 -15
right_child=2 3 6 4 13 -7 19 -9 -10 22 15 -13 18 14 16 -17 -18 -19 -20 -21 -22 -23 -24 -25 25 -27 -28 28 -30 -31
leaf_value=0 0 0 0.00016884538101385766 0 0 -2.1272103519150672e-06 0.0034446584039820533 0 0 0 0 0 0 0 0 0 0 0 0 0.0082340120455246229 -0.0033938417412819168 0 0 0 0 0 0.00054397591183676412 -4.8609596527687816e-05 -0.00049196668610304464 0
leaf_weight=1593 3918 2327 13613 2565 3296 14891 5012 2698 1766 829 2061 5774 469 687 444 795 312 244 1080 14190 389 888 1215 992 444 203 13081 3007 241 242
leaf_count=1593 3918 2327 13613 2565 3296 14891 5012 2698 1766 829 2061 5774 469 687 444 795 312 244 1080 14190 389 888 1215 992 444 203 13081 3007 241 242
internal_value=-0.00197048 -0.00754336 0.000316489 -0.00969799 -0.00789507 -0.0015443 0.00109994 -0.00500008 -0.0132763 -0.00356863 -0.00976355 -0.00571165 -0.00723297 -0.00585379 -0.00835207 -0.0117064 -0.0117635 -0.014845 -0.00556405 0.00200413 0.000794118 -0.0142779 -0.00630454 -0.00693138 -0.00894915 -0.0115169 0.000508098 2.86376e-05 -0.00155118 -0.00552784
internal_weight=99266 28880 70386 15627 10402 20853 49533 13253 5225 5962 5421 10555 4781 4981 1685 2856 756 3459 3188 19591 5401 3215 2044 2108 1116 647 29942 16861 3248 929
internal_count=99266 28880 70386 15627 10402 20853 49533 13253 5225 5962 5421 10555 4781 4981 1685 2856 756 3459 3188 19591 5401 3215 2044 2108 1116 647 29942 16861 3248 929
is_linear=0
shrinkage=0.03


Tree=20
num_leaves=31
num_cat=0
split_feature=21 28 21 21 10 16 12 21 16 16 28 16 1 12 8 14 8 8 8 25 29 8 1 14 26 10 10 21 10 1
split_gain=1375.1 175.929 116.944 112.079 49.8356 45.8288 33.1732 30.5845 28.4495 25.8871 25.0453 24.1934 23.4921 21.7408 16.8282 17.14 14.5671 14.3568 14.3075 14.8633 15.378 13.8953 13.3682 13.2215 12.4848 14.0113 12.309 12.2044 12.075 11.9299
threshold=4.2545833333333345 952.6500000000002 6.1554166666666683 2.6154166666666674 2.5000000000000004 4.7150000000000007 1.905 9.3362500000000015 5.8250000000000011 4.8150000000000004 953.75000000000011 3.9150000000000005 22.650000000000002 2.5550000000000002 14.500000000000002 0.52306787322488069 17.500000000000004 10.500000000000002 12.500000000000002 2.6024555711230737 64.500000000000014 17.500000000000004 4.4500000000000011 1.1646601793370268 0.84335933205092517 2.5000000000000004 11.500000000000002 1.8470833333333336 8.5000000000000018 -2.2499999999999996
decision_type=2 2 2 2 2 8 10 2 8 8 2 10 2 10 2 2 2 2 2 2 2 2 2 2 2 2 2 2 2 2
left_child=1 9 5 6 8 10 27 18 14 12 -2 21 13 16 -5 -16 23 28 19 24 22 -6 -21 -1 -4 -26 -8 29 -12 -3
right_child=2 3 7 4 11 -7 26 -9 -10 -11 17 -13 -14 -15 15 -17 -18 -19 -20 20 -22 -23 -24 -25 25 -27 -28 -29 -30 -31
leaf_value=0 0 0 -3.6220013199112724e-05 0 0 -2.0914627733511178e-06 0 0.0065579736726341393 0 0 0 0 0 0 0 0 0 0 0.0010018125277842045 -0.00093757456998503079 0.00062291397968476127 0 -0.00010089852099605785 0 -5.8875991205962382e-05 0.0013617179261321548 0 0 0 0
leaf_weight=1807 3998 377 5808 1366 3151 15258 1818 19118 473 2690 556 3322 5813 2124 417 319 421 1082 14118 209 460 800 667 377 2006 6637 262 2199 423 935
leaf_count=1807 3998 377 5808 1366 3151 15258 1818 19118 473 2690 556 3322 5813 2124 417 319 421 1082 14118 209 460 800 667 377 2006 6637 262 2199 423 935
internal_value=-0.00203085 -0.0075679 0.000226455 -0.00974378 -0.00781041 -0.00162832 -0.0131392 0.00103306 -0.0114012 -0.00502637 -0.0038346 -0.00653215 -0.00569679 -0.00726933 -0.012897 -0.00912551 -0.0091092 -0.00651839 0.000433802 -0.00018674 -0.00320805 -0.00812108 -0.00553008 -0.010095 9.35945e-05 0.000816258 -0.0100863 -0.0149309 -0.00914939 -0.0173075
internal_weight=99011 28671 70340 15439 9848 21317 5591 49023 2575 13232 6059 7273 10542 4729 2102 736 2605 2061 29905 15787 1336 3951 876 2184 14451 8643 2080 3511 979 1312
internal_count=99011 28671 70340 15439 9848 21317 5591 49023 2575 13232 6059 7273 10542 4729 2102 736 2605 2061 29905 15787 1336 3951 876 2184 14451 8643 2080 3511 979 1312
is_linear=0
shrinkage=0.03


Tree=21
num_leaves=31
num_cat=0
split_feature=21 28 21 21 16 16 10 28 16 1 12 12 16 10 21 20 10 1 28 27 29 23 25 10 14 10 25 14 12 16
split_gain=1350.19 172.086 108.353 97.1162 52.2575 42.6235 32.0557 30.7035 26.8458 28.7845 31.1583 19.423 17.2885 16.0411 15.5157 14.7444 14.3139 13.8978 13.7643 12.8011 12.2851 11.7794 11.7071 12.8501 11.6374 10.6696 13.077 11.1307 10.0122 8.40905
threshold=4.2887500000000012 953.85000000000002 7.4158333333333344 2.5445833333333341 4.7150000000000007 3.8350000000000004 2.5000000000000004 953.6500000000002 4.8150000000000004 22.650000000000002 1.9850000000000001 1.9850000000000001 7.3550000000000013 1.5000000000000002 3.1650000000000005 1.934032917286024 11.500000000000002 -2.2499999999999996 949.55000000000007 -0.026175951569892126 64.500000000000014 0.77000000000000013 1.5614553472040162 8.5000000000000018 1.1905040949110479 8.5000000000000018 2.7172322375397671 1.1905040949110479 2.3150000000000004 4.0250000000000012
decision_type=2 2 2 2 8 8 2 2 10 2 10 10 8 2 2 2 2 2 2 2 2 2 2 2 2 2 2 2 10 10
left_child=1 8 4 11 7 6 -5 -2 9 10 24 15 -4 19 -15 17 -13 -3 20 -7 -12 -19 -9 -24 29 26 27 -14 -8 -1
right_child=2 3 12 5 -6 13 28 22 -10 -11 18 16 25 14 -16 -17 -18 21 -20 -21 -22 -23 23 -25 -26 -27 -28 -29 -30 -31
leaf_value=0 0 0 -0.00032876103273124632 0 -1.9531135990256616e-06 0 0 0 0 0 0 0 0.0031914525028610007 0 0 0 0 0 0 0 0 0 0 0 0 0.0047052343877108903 -0.00090944733288547989 -0.00050542065368386433 0 0
leaf_weight=1693 4488 697 2618 1469 27055 414 1253 904 3105 6020 964 1365 15693 903 2916 455 247 740 2095 218 542 1241 762 621 421 14186 273 3507 2093 246
leaf_count=1693 4488 697 2618 1469 27055 414 1253 904 3105 6020 964 1365 15693 903 2916 455 247 740 2095 218 542 1241 762 621 421 14186 273 3507 2093 246
internal_value=-0.00202137 -0.0074534 0.000233498 -0.00984782 -0.000987734 -0.00805221 -0.0100114 -0.00334292 -0.00522709 -0.0058716 -0.00735116 -0.0133421 0.00137233 -0.00592392 -0.00517861 -0.014739 -0.01059 -0.0156004 -0.00558153 -0.0103516 -0.00777101 -0.0142281 -0.00616885 -0.00790418 -0.0100338 0.00155498 0.00109862 0.00119188 -0.00836526 -0.0110201
internal_weight=99204 29097 70107 14011 33830 9266 4815 6775 15086 11981 5961 4745 36277 4451 3819 3133 1612 2678 3601 632 1506 1981 2287 1383 2360 33659 19473 19200 3346 1939
internal_count=99204 29097 70107 14011 33830 9266 4815 6775 15086 11981 5961 4745 36277 4451 3819 3133 1612 2678 3601 632 1506 1981 2287 1383 2360 33659 19473 19200 3346 1939
is_linear=0
shrinkage=0.03


Tree=22
num_leaves=31
num_cat=0
split_feature=21 28 21 21 10 21 5 21 25 21 1 5 26 27 17 20 10 28 15 21 25 1 25 17 2 29 2 29 26 29
split_gain=1349.3 174.978 106.943 103.27 52.0701 28.9872 26.4612 23.1404 21.9892 15.5014 19.3784 14.3007 13.969 16.5081 13.9381 13.7598 13.2156 13.0038 13.1693 12.6091 14.2928 15.7162 12.3702 11.668 11.6048 21.6892 10.7304 14.2327 10.5558 9.19232
threshold=4.2545833333333345 952.6500000000002 2.6154166666666674 6.1554166666666683 1.5000000000000002 9.1787500000000026 0.025831218702820461 3.1650000000000005 1.6774542661639436 2.2641666666666684 22.450000000000003 0.020319806581736401 -0.7603770116708749 -0.034899496702500851 5.5950000000000006 1.4897706750141839 2.5000000000000004 949.85000000000002 0.34500000000000069 5.1129166666666679 1.6845895715023234 1.0000000180025095e-35 2.6024555711230737 4.8150000000000004 1.1396025323466639 71.500000000000014 1.2217854127065169 72.500000000000014 -0.80382625221112003 61.500000000000007
decision_type=2 2 2 2 2 2 2 2 2 2 2 2 2 2 2 2 2 2 10 2 2 2 2 2 2 2 2 2 2 2
left_child=1 9 6 19 8 22 15 14 -4 10 11 -1 13 17 -6 16 -3 18 -11 20 -2 -22 -5 -9 25 -7 -8 -28 -23 -24
right_child=3 2 4 5 7 24 26 23 -10 12 -12 -13 -14 -15 -16 -17 -18 -19 -20 -21 21 28 29 -25 -26 -27 27 -29 -30 -31
leaf_value=0 0 0 0 0.00028650237306586911 0 0.0031153804536910735 0 0 0 0 0 0 0 0 0 0 0 0 0 0 -3.2487263668924416e-06 0 -0.0002353157422634578 0 0.0071993778600665647 -0.0034736030796119672 0 0 0 8.9125869534374162e-05
leaf_weight=333 4971 418 809 27004 2376 5267 2354 3270 773 1191 1118 847 6924 1710 432 1108 1351 677 426 11403 956 1833 1207 2178 14683 400 213 236 2057 725
leaf_count=333 4971 418 809 27004 2376 5267 2354 3270 773 1191 1118 847 6924 1710 432 1108 1351 677 426 11403 956 1833 1207 2178 14683 400 213 236 2057 725
internal_value=-0.00200907 -0.0074868 -0.00964801 0.000224476 -0.00774825 0.000977826 -0.0129288 -0.00678513 -0.0127372 -0.00494838 -0.00719323 -0.00987342 -0.00447325 -0.00588626 -0.0090032 -0.0149719 -0.016659 -0.00755024 -0.00901295 -0.00152509 -0.00231307 -0.00347186 0.000367576 -0.0056347 0.00184525 0.000691291 -0.0108088 -0.0151388 -0.00261874 -0.00194837
internal_weight=99250 28744 15518 70506 9838 49286 5680 8256 1582 13226 2298 1180 10928 4004 2808 2877 1769 2294 1617 21220 9817 4846 28936 5448 20350 5667 2803 449 3890 1932
internal_count=99250 28744 15518 70506 9838 49286 5680 8256 1582 13226 2298 1180 10928 4004 2808 2877 1769 2294 1617 21220 9817 4846 28936 5448 20350 5667 2803 449 3890 1932
is_linear=0
shrinkage=0.03


Tree=23
num_leaves=31
num_cat=0
split_feature=21 28 21 21 16 16 12 20 16 5 16 14 11 8 19 8 11 16 16 28 8 18 29 20 28 28 28 21 12 28
split_gain=1370.3 167.195 104.006 93.447 39.2239 32.5293 29.9624 25.15 22.0968 21.8818 16.4153 16.3903 15.747 14.9911 12.5537 12.1603 16.7354 12.1553 11.8267 10.5846 11.2606 9.81707 11.3256 9.64682 13.0354 9.61787 21.2292 9.48097 9.63637 8.85511
threshold=4.2545833333333345 952.6500000000002 2.5445833333333341 7.4158333333333344 3.9150000000000005 4.7150000000000007 1.8650000000000004 1.6068019448683697 4.8150000000000004 0.038018946534443106 7.3150000000000004 0.47268735262680112 2.9550000000000005 16.500000000000004 2.4237500000000005 10.500000000000002 3.3850000000000002 6.3650000000000011 6.3250000000000011 943.55000000000007 16.500000000000004 3.0450000000000004 80.500000000000014 1.934032917286024 957.05000000000007 954.05000000000007 957.55000000000007 9.3362500000000015 6.205000000000001 951.1500000000002
decision_type=2 2 2 2 8 8 10 2 8 2 8 2 10 2 2 2 10 8 10 2 2 8 2 2 2 2 2 2 8 2
left_child=1 8 6 5 7 15 17 -4 9 19 -5 -9 -11 -13 -14 16 -2 23 21 -1 -21 -6 -23 -3 -25 -7 -27 -12 -29 -30
right_child=3 2 4 10 18 25 -8 11 -10 12 27 13 14 -15 -16 -17 -18 -19 -20 20 -22 22 -24 24 -26 26 -28 28 29 -31
leaf_value=0 9.7461791006784455e-08 0 0 -0.00032749327294128507 0 3.9286596749540562e-07 0 0 0 0 0.0012817462968087862 0 0 0 0 0 0 0 0 0 0 0 0 0 0 -2.6683701555558959e-05 -2.4273832732396324e-07 -0.0033693949872236084 0.0027553741966870318 0.0084391139071093944
leaf_weight=986 679 2508 2660 2563 2573 14358 1932 1163 2675 2210 14853 1327 578 459 3703 3882 2385 233 662 2317 685 1314 298 209 302 4452 8423 399 4705 13687
leaf_count=986 679 2508 2660 2563 2573 14358 1932 1163 2675 2210 14853 1327 578 459 3703 3882 2385 233 662 2317 685 1314 298 209 302 4452 8423 399 4705 13687
internal_value=-0.00195907 -0.00747172 -0.00956855 0.000296458 -0.00783883 -0.000828545 -0.0130464 -0.00954987 -0.00497591 -0.00559739 0.00135842 -0.0114668 -0.00451616 -0.00960469 -0.00557793 -0.00266034 -0.00407234 -0.0148185 -0.00585099 -0.00734936 -0.00823878 -0.00644033 -0.00457885 -0.0142569 -0.0102849 -0.000360929 -0.000956133 0.00153473 0.0019825 0.00208273
internal_weight=99180 28794 15640 70386 10456 34179 5184 5609 13154 10479 36207 2949 6491 1786 4281 6946 3064 3252 4847 3988 3002 4185 1612 3019 511 27233 12875 33644 18791 18392
internal_count=99180 28794 15640 70386 10456 34179 5184 5609 13154 10479 36207 2949 6491 1786 4281 6946 3064 3252 4847 3988 3002 4185 1612 3019 511 27233 12875 33644 18791 18392
is_linear=0
shrinkage=0.03


Tree=24
num_leaves=31
num_cat=0
split_feature=21 28 21 21 16 16 12 16 1 5 20 28 2 16 25 21 12 1 26 16 11 1 25 29 28 29 27 2 11 27
split_gain=1393.95 177.597 106.323 85.1664 38.6843 38.4273 36.0191 26.8641 23.1777 26.1477 22.3818 17.4334 15.3027 15.7094 13.971 12.2422 11.2414 11.1772 13.4855 11.0911 10.8903 10.4233 10.1942 9.30899 9.18182 9.17156 8.97351 8.96522 8.89078 8.6358
threshold=4.2545833333333345 952.6500000000002 2.6154166666666674 7.7195833333333344 4.7150000000000007 3.7950000000000004 1.905 4.8150000000000004 22.650000000000002 0.031837191419278175 1.8712417890598354 949.55000000000007 1.2079370213572984 5.8250000000000011 2.7172322375397671 1.8470833333333336 4.3450000000000006 -0.44999999999999996 -0.7880107536067219 7.5550000000000006 2.9950000000000006 -2.2499999999999996 2.2990322479942562 53.500000000000007 959.55000000000007 78.500000000000014 -0.026175951569892126 1.0838936128279291 4.1650000000000009 0.80382625221112025
decision_type=2 2 2 2 8 8 10 8 2 2 2 2 2 8 2 2 10 2 2 8 10 2 2 2 2 2 2 2 10 2
left_child=1 7 6 4 -2 10 15 8 9 -1 16 20 -7 26 19 21 17 18 -4 -5 -11 -3 24 -22 -17 -15 -14 -9 -10 -8
right_child=3 2 5 14 -6 12 29 27 28 11 -12 -13 13 25 -16 22 -18 -19 -20 -21 23 -23 -24 -25 -26 -27 -28 -29 -30 -31
leaf_value=0 0 0 0 -0.00031997305638516312 -8.7990516095638036e-07 0 0 -4.9999980255961418e-05 0 0 0 0 0 0 -0.0005936920411724495 0 0 0 0 0.0037462244600187438 0 0 0 0 0 0 0 0 0 0
leaf_weight=1587 6974 385 210 2055 30316 3321 1828 255 4655 723 2216 1503 688 423 536 926 524 1796 223 30641 455 946 276 482 990 205 332 2424 1187 255
leaf_count=1587 6974 385 210 2055 30316 3321 1828 255 4655 723 2216 1503 688 423 536 926 524 1796 223 30641 455 946 276 482 990 205 332 2424 1187 255
internal_value=-0.00194157 -0.00750052 -0.00967702 0.000330172 -0.000653975 -0.00780609 -0.0129838 -0.00494855 -0.00562744 -0.00718612 -0.00967491 -0.00559375 -0.00592943 -0.00829764 0.00143443 -0.0148444 -0.00783938 -0.00877037 -0.0131301 0.00151335 -0.00771171 -0.0171984 -0.0133792 -0.00985032 -0.012531 -0.00451185 -0.0105951 -0.00225894 -0.00435505 -0.00980891
internal_weight=99337 28815 15544 70522 37290 9938 5606 13271 10592 4750 4969 3163 4969 1648 33232 3523 2753 2229 433 32696 1660 1331 2192 937 1916 628 1020 2679 5842 2083
internal_count=99337 28815 15544 70522 37290 9938 5606 13271 10592 4750 4969 3163 4969 1648 33232 3523 2753 2229 433 32696 1660 1331 2192 937 1916 628 1020 2679 5842 2083
is_linear=0
shrinkage=0.03


Tree=25
num_leaves=31
num_cat=0
split_feature=19 28 16 13 16 22 16 10 8 1 13 16 8 20 16 25 0 11 12 25 10 10 28 24 28 14 20 10 15 24
split_gain=1282.98 202.013 99.8919 87.847 57.2426 46.1905 45.5503 42.5274 30.7743 21.7068 22.713 18.3789 16.7214 16.0948 13.9768 13.5934 12.6659 12.2861 12.1712 11.8249 11.5716 13.992 11.5455 11.3639 11.3308 11.8246 10.7657 10.4843 10.4544 10.4544
threshold=4.173750000000001 952.6500000000002 4.7150000000000007 1.8133333333333341 3.8350000000000004 0.68650657438744533 4.8150000000000004 2.5000000000000004 14.500000000000002 22.650000000000002 1.8533333333333342 2.3450000000000002 10.500000000000002 2.4496666433831629 6.0250000000000012 2.7172322375397671 3.1650000000000005 3.4350000000000005 5.4250000000000007 1.6845895715023234 8.5000000000000018 4.5000000000000009 949.55000000000007 4.2500000000000009 961.6500000000002 0.47689970993210012 2.9334493343818435 8.5000000000000018 0.69000000000000039 2.3500000000000001
decision_type=2 2 8 2 10 2 8 2 2 2 2 10 2 2 10 2 2 10 8 2 2 2 2 2 2 2 2 2 10 2
left_child=1 6 12 4 13 18 9 8 19 10 -1 -9 17 -3 -6 20 -10 -2 -4 23 21 -7 28 -5 25 -15 -23 -19 29 -12
right_child=2 3 5 7 14 15 -8 11 16 -11 22 -13 -14 24 -16 -17 -18 27 -20 -21 -22 26 -24 -25 -26 -27 -28 -29 -30 -31
leaf_value=0 0 0 -2.0258680446295048e-06 0 0 0.0045394794039537185 0 0 0 0 0 0 0 0 0 -0.0023262001893283777 0 0 0.00016898401696369887 0 0.0065489597824244222 0.00029107293773099861 0 0 0 0 -0.0033144429618259422 0 0 0
leaf_weight=1430 828 3261 19003 545 884 9964 2691 2701 589 5677 224 4891 4195 317 237 219 239 1874 19134 720 10929 3430 1549 253 348 243 640 660 343 1185
leaf_count=1430 828 3261 19003 545 884 9964 2691 2701 589 5677 224 4891 4195 317 237 219 239 1874 19134 720 10929 3430 1549 253 348 243 640 660 343 1185
internal_value=-0.00195399 -0.00734996 0.000202988 -0.00969973 -0.0128272 0.000592145 -0.00461561 -0.00802937 -0.0115661 -0.00551484 -0.00701795 -0.00692958 -0.00305594 -0.0144473 -0.00676465 0.00158915 -0.00684994 -0.00463142 -6.63047e-05 -0.0141077 0.00165488 0.00108427 -0.0056343 -0.0114396 -0.0107842 -0.0134336 -0.000397546 -0.0056668 -0.0073045 -0.00844625
internal_weight=99203 28327 70876 15228 5290 63319 13099 9938 2346 10408 4731 7592 7557 4169 1121 25182 828 3362 38137 1518 24963 14034 3301 798 908 560 4070 2534 1752 1409
internal_count=99203 28327 70876 15228 5290 63319 13099 9938 2346 10408 4731 7592 7557 4169 1121 25182 828 3362 38137 1518 24963 14034 3301 798 908 560 4070 2534 1752 1409
is_linear=0
shrinkage=0.03


Tree=26
num_leaves=31
num_cat=0
split_feature=21 1 21 16 10 5 16 16 13 16 16 25 1 10 8 8 8 11 17 16 14 12 12 20 27 16 27 19 21 25
split_gain=1297.35 163.044 127.683 89.2141 55.9359 50.9881 40.5884 29.545 29.4542 26.1367 24.838 19.48 17.7991 16.0064 18.4286 14.2784 13.7702 17.6265 13.708 13.0349 11.9671 11.8931 11.4962 11.1506 10.7938 10.6988 9.47563 9.36452 8.51098 8.40704
threshold=4.2245833333333342 18.850000000000005 3.1650000000000005 7.3150000000000004 1.5000000000000002 0.03107594760009871 3.6750000000000003 4.7150000000000007 5.3950000000000005 3.7950000000000004 4.8150000000000004 1.662226665806618 22.650000000000002 2.5000000000000004 13.500000000000002 13.500000000000002 9.5000000000000018 3.4350000000000005 9.0550000000000015 3.4300000000000002 0.83457573759442261 1.8650000000000004 1.8650000000000004 2.18430003978709 0.73724926354828257 3.1350000000000002 -0.63605400036818849 4.173750000000001 5.5479166666666675 2.7172322375397671
decision_type=2 2 2 8 2 2 10 10 2 8 10 2 2 2 2 2 2 10 2 8 2 10 10 2 2 8 2 2 2 2
left_child=1 2 5 7 11 6 19 16 29 15 12 -4 21 14 -7 20 17 -2 -10 22 -6 26 -1 -9 -15 -16 -3 -11 -19 -5
right_child=3 10 4 8 9 13 -8 23 18 27 -12 -13 -14 24 25 -17 -18 28 -20 -21 -22 -23 -24 -25 -26 -27 -28 -29 -30 -31
leaf_value=0 0 0 0 -1.7998972414828666e-06 0 0 0 -3.0587782159028426e-07 0.00033585149560117752 0 0 0 0 0 0 0 0 0 0.0039268833892386933 0 0 0 0 -2.0774310198620054e-05 0 0 0 6.0776041338906489e-08 -2.5235997862912835e-05 -5.0236750942585057e-05
leaf_weight=3199 685 301 506 9369 1085 528 958 11957 10759 3163 2114 514 6053 3487 214 883 4432 1501 25916 476 775 1636 860 4615 277 201 505 483 798 793
leaf_count=3199 685 301 506 9369 1085 528 958 11957 10759 3163 2114 514 6053 3487 214 883 4432 1501 25916 476 775 1636 860 4615 277 201 505 483 798 793
internal_value=-0.00195411 -0.00739312 -0.00916334 0.000213257 -0.00615902 -0.0113415 -0.0133123 -0.00127437 0.000975215 -0.00510995 -0.00445195 -0.0126732 -0.00517588 -0.00902992 -0.0125538 -0.00732205 -0.00284759 -0.00442221 0.00137118 -0.0145011 -0.00881501 -0.00734123 -0.0139082 -0.000569705 -0.0081316 -0.00767857 -0.0103354 -0.00343796 -0.00567839 -0.000453821
internal_weight=99043 28218 17609 70825 7409 10200 5493 23988 46837 6389 10609 1020 8495 4707 943 2743 7416 2984 36675 4535 1860 2442 4059 16572 3764 415 806 3646 2299 10162
internal_count=99043 28218 17609 70825 7409 10200 5493 23988 46837 6389 10609 1020 8495 4707 943 2743 7416 2984 36675 4535 1860 2442 4059 16572 3764 415 806 3646 2299 10162
is_linear=0
shrinkage=0.03


Tree=27
num_leaves=31
num_cat=0
split_feature=21 28 21 16 16 16 12 10 12 2 5 16 10 28 21 21 17 25 11 16 5 29 10 10 25 11 25 17 10 18
split_gain=1342.71 189.633 114.713 75.091 44.6292 42.8995 36.0859 31.1333 27.6745 27.1811 28.4056 23.368 18.9764 14.2882 13.9875 13.7054 13.373 13.0811 12.2659 11.3776 11.1359 10.047 9.98261 9.79925 9.76417 12.3503 9.59214 9.24361 8.97387 8.88339
threshold=4.2245833333333342 952.6500000000002 2.6154166666666674 7.3550000000000013 3.7950000000000004 4.8150000000000004 1.9850000000000001 2.5000000000000004 6.9750000000000005 1.117249826667414 0.031837191419278175 4.7150000000000007 1.5000000000000002 950.05000000000007 3.7904166666666668 5.5479166666666675 9.3350000000000026 1.9168338849189916 2.8350000000000004 7.3550000000000013 0.032478863435870899 75.500000000000014 11.500000000000002 10.500000000000002 1.2474487139435595 3.4350000000000005 2.0758351162458997 11.665000000000001 7.5000000000000009 8.1650000000000009
decision_type=2 2 2 8 8 8 10 2 8 2 2 10 2 2 2 2 2 2 10 8 2 2 2 2 2 10 2 2 2 8
left_child=1 5 6 11 7 9 19 -4 23 -1 -11 15 17 18 -14 24 -10 -6 -12 21 -9 -3 26 29 -2 -26 -8 -13 -29 -5
right_child=3 2 4 8 12 -7 22 20 16 10 13 27 14 -15 -16 -17 -18 -19 -20 -21 -22 -23 -24 -25 25 -27 -28 28 -30 -31
leaf_value=0 0 0 0 -2.5663834871122306e-07 0 0 0 0 0.00067167621294719651 0 0 -1.8890319099657157e-06 0 0 0 0 0.0058837873862442264 0 0 0 0 0 0 0.00060153087566618504 0 0 0 -0.0013473475960611922 -6.3658764102254701e-05 -0.0017356692958449211
leaf_weight=5828 1810 2450 1351 14154 436 2621 1526 751 6935 1607 689 16184 2752 1247 1477 2238 19189 221 1129 262 2840 952 257 5146 872 2503 233 298 293 1123
leaf_count=5828 1810 2450 1351 14154 436 2621 1526 751 6935 1607 689 16184 2752 1247 1477 2238 19189 221 1129 262 2840 952 257 5146 872 2503 233 298 293 1123
internal_value=-0.00193671 -0.00741786 -0.00966389 0.000281767 -0.00769511 -0.00476055 -0.0130607 -0.0097077 0.000986445 -0.00561732 -0.00732393 -0.00107367 -0.0056516 -0.00561401 -0.00490387 -0.00247456 0.00163313 -0.0103912 -0.00730993 -0.0148455 -0.00822497 -0.0143334 -0.00978822 0.000159047 -0.00332081 -0.00427367 -0.0105969 -0.000453218 -0.00412248 -0.000222418
internal_weight=99374 28629 15508 70745 9828 13121 5680 4942 46547 10500 4672 24198 4886 3065 4229 7423 26124 657 1818 3664 3591 3402 2016 20423 5185 3375 1759 16775 591 15277
internal_count=99374 28629 15508 70745 9828 13121 5680 4942 46547 10500 4672 24198 4886 3065 4229 7423 26124 657 1818 3664 3591 3402 2016 20423 5185 3375 1759 16775 591 15277
is_linear=0
shrinkage=0.03


Tree=28
num_leaves=31
num_cat=0
split_feature=22 28 5 16 16 16 22 10 5 2 8 16 26 22 8 16 15 24 2 29 8 24 11 12 12 25 25 29 16 29
split_gain=1263.46 208.721 89.5267 82.1762 66.8047 52.1683 39.7512 36.4694 24.3457 29.0506 19.6675 18.3387 15.1956 14.9736 13.6211 13.1893 13.075 12.1706 12.0742 23.182 11.916 11.0509 10.9934 10.31 10.2614 10.0457 9.85675 12.8567 9.62091 9.40387
threshold=0.10840232122248157 952.6500000000002 0.032478863435870899 4.7150000000000007 3.6750000000000003 4.8150000000000004 0.84776348606434071 1.5000000000000002 0.031837191419278175 1.119521429291779 12.500000000000002 6.0250000000000012 0.92384435400961407 0.055115004466941862 10.500000000000002 4.1850000000000014 0.68000000000000005 4.8500000000000005 1.1396025323466639 71.500000000000014 16.500000000000004 5.7500000000000009 2.4950000000000006 1.9850000000000001 4.6550000000000011 1.700085178875639 1.7890482673668517 64.500000000000014 0.85500000000000009 77.500000000000014
decision_type=2 2 2 8 10 10 2 2 2 2 2 10 2 2 2 8 10 2 2 2 2 2 10 8 10 2 2 2 10 2
left_child=1 5 4 21 23 8 12 10 9 28 25 -6 14 -9 -5 20 26 -14 19 -8 22 -2 -15 -3 -16 -4 -10 -28 -1 -24
right_child=3 2 7 6 11 -7 18 13 16 -11 -12 -13 17 15 24 -17 -18 -19 -20 -21 -22 -23 29 -25 -26 -27 27 -29 -30 -31
leaf_value=-4.9999980255961418e-05 0 0 0 -9.3316048162484714e-06 0 0 0.0034257199244436443 0 0 0 0 3.5000026375058696e-05 -2.2242237139041924e-07 0 -8.714413558117886e-06 0 0 0.0010909901411064859 0.0069384625284440145 -0.0037619809866048792 0 0 0 0 0.00032345077031226615 0 0 0 0 0
leaf_weight=254 3579 3689 228 10583 1244 2833 4261 3015 4355 1477 513 278 8334 487 4290 2359 1568 9550 13201 360 606 3734 1164 930 12573 394 1311 364 1352 257
leaf_count=254 3579 3689 228 10583 1244 2833 4261 3015 4355 1477 513 278 8334 487 4290 2359 1568 9550 13201 360 606 3734 1164 930 12573 394 1311 364 1352 257
internal_value=-0.00195396 -0.007262 -0.00967816 0.000206684 -0.0124759 -0.00454827 0.000555378 -0.00776817 -0.00550786 -0.00775939 -0.0128026 -0.00699018 8.33794e-05 -0.00703611 -0.000359987 -0.00599446 -0.00458977 0.00076371 0.00175554 0.000435149 -0.00751012 -0.00280281 -0.00867538 -0.014274 0.000169493 -0.0164019 -0.00522452 -0.0071875 -0.00494227 -0.0100119
internal_weight=99143 28678 15164 70465 6141 13514 63152 9023 10681 3083 1135 1522 45330 7888 27446 4873 7598 17884 17822 4621 2514 7313 1908 4619 16863 622 6030 1675 1606 1421
internal_count=99143 28678 15164 70465 6141 13514 63152 9023 10681 3083 1135 1522 45330 7888 27446 4873 7598 17884 17822 4621 2514 7313 1908 4619 16863 622 6030 1675 1606 1421
is_linear=0
shrinkage=0.03


Tree=29
num_leaves=31
num_cat=0
split_feature=21 28 21 21 16 16 10 16 12 1 5 10 28 16 21 22 16 10 23 11 25 11 25 2 23 10 14 10 10 25
split_gain=1280.39 178.904 118.655 68.0159 48.1216 40.7 35.3964 33.4285 32.5478 29.138 27.463 22.4412 15.8306 15.2785 14.0088 13.8584 13.0005 10.4423 10.1915 9.51631 13.8818 9.39002 9.29664 9.09705 9.05485 8.83854 8.44717 8.27345 9.13522 10.3063
threshold=4.2245833333333342 952.6500000000002 2.6154166666666674 7.7195833333333344 3.9150000000000005 4.8150000000000004 2.5000000000000004 4.7150000000000007 1.9850000000000001 22.650000000000002 0.031837191419278175 1.5000000000000002 949.55000000000007 10.205000000000002 5.5479166666666675 0.10035890669990752 7.3550000000000013 11.500000000000002 0.51500000000000012 3.5150000000000001 1.2308217738545608 2.8350000000000004 1.9168338849189916 1.1515189067058136 0.60500000000000009 4.5000000000000009 0.37687309977407896 8.5000000000000018 4.5000000000000009 2.2990322479942562
decision_type=2 2 2 2 8 8 2 8 10 2 2 2 2 8 2 2 8 2 2 10 2 10 2 2 2 2 2 2 2 2
left_child=1 5 8 7 6 9 26 14 16 10 -1 22 21 -5 19 -13 18 -10 -3 -2 -21 -12 -6 -23 -8 -20 -4 28 29 -15
right_child=3 2 4 13 11 -7 24 -9 17 -11 12 15 -14 27 -16 -17 -18 -19 25 20 -22 23 -24 -25 -26 -27 -28 -29 -30 -31
leaf_value=0 0 0 0 0.00056025093251064865 0 0 0 -1.4582530292895843e-06 0 0 0 0 0 0.0049394833328740995 0 0 0 0 0 0 0 0 0 0 0 0 0 0.0073746109635050103 -0.00060463575943265312 -0.0018203874040297642
leaf_weight=1604 1419 812 515 12544 416 2577 267 30421 1746 5725 615 2796 1469 8093 1998 1128 255 253 1211 1230 2495 796 227 216 3439 1334 891 9004 2708 621
leaf_count=1604 1419 812 515 12544 416 2577 267 30421 1746 5725 615 2796 1469 8093 1998 1128 255 253 1211 1230 2495 796 227 216 3439 1334 891 9004 2708 621
internal_value=-0.00189431 -0.00728537 -0.00948545 0.000268494 -0.00746623 -0.00469547 -0.00946727 -0.000604264 -0.0129589 -0.00552972 -0.00728162 -0.0052185 -0.00561496 0.00126277 -0.00245054 -0.00435683 -0.0146707 -0.00983683 -0.0141282 -0.00327792 -0.00407373 -0.00765257 -0.0104028 -0.00943363 -0.00790946 -0.0131235 -0.0135308 0.00176878 0.00123182 0.00170455
internal_weight=98825 28292 15290 70533 9679 13002 5112 37563 5611 10425 4700 4567 3096 32970 7142 3924 3612 1999 3357 5144 3725 1627 643 1012 3706 2545 1406 20426 11422 8714
internal_count=98825 28292 15290 70533 9679 13002 5112 37563 5611 10425 4700 4567 3096 32970 7142 3924 3612 1999 3357 5144 3725 1627 643 1012 3706 2545 1406 20426 11422 8714
is_linear=0
shrinkage=0.03


Tree=30
num_leaves=31
num_cat=0
split_feature=21 28 21 21 16 16 16 12 1 13 1 14 21 28 16 8 2 16 16 26 29 15 24 23 8 11 8 29 9 2
split_gain=1273 199.74 112.998 71.6601 50.4845 37.5499 31.0131 29.3096 28.849 23.2634 20.8333 16.5162 14.5546 13.6673 13.5709 13.327 13.0787 12.3029 11.7523 12.4136 12.253 11.4299 12.7986 11.1912 10.9704 15.7366 10.4743 9.99178 9.60719 8.87279
threshold=4.2245833333333342 952.6500000000002 2.5445833333333341 7.6775000000000011 3.9150000000000005 4.8150000000000004 4.7150000000000007 1.9850000000000001 22.650000000000002 1.8533333333333342 5.4500000000000011 0.85582319046245459 5.5479166666666675 949.55000000000007 6.4150000000000009 14.500000000000002 1.2154921835164567 10.155000000000003 5.3550000000000013 -0.87032255546191695 78.500000000000014 0.68000000000000005 2.3500000000000001 0.51500000000000012 9.5000000000000018 3.5850000000000004 10.500000000000002 53.500000000000007 5.5000000000000009 1.1325703599807537
decision_type=2 2 2 2 8 10 8 10 2 2 2 2 2 2 8 2 2 8 8 2 2 10 2 2 2 10 2 2 2 2
left_child=1 5 7 6 10 8 12 14 9 -1 11 -4 24 21 23 -13 -6 -5 19 -18 -20 22 -11 -3 25 -2 27 -24 -12 -29
right_child=3 2 4 17 16 -7 -8 -9 -10 13 28 15 -14 -15 -16 -17 18 -19 20 -21 -22 -23 26 -25 -26 -27 -28 29 -30 -31
leaf_value=0 -2.92385373022383e-09 0 0 0.00065180370649240641 0 0 -2.128643215288081e-06 0 0 0 0 0 0 0 0 0 0 0.0046738846709404548 0 0 0 0 0 0 0 0 0 0 0 0
leaf_weight=1384 639 789 2096 12671 3461 2582 30096 1757 5724 228 2181 602 1999 1588 244 238 289 20863 412 291 221 381 433 2371 3032 1449 269 249 344 221
leaf_count=1384 639 789 2096 12671 3461 2582 30096 1757 5724 228 2181 602 1999 1588 244 238 289 20863 412 291 221 381 433 2371 3032 1449 269 249 344 221
internal_value=-0.00190929 -0.00727944 -0.00960604 0.000243336 -0.00775888 -0.00455167 -0.00066295 -0.0132224 -0.00535003 -0.00707881 -0.00971954 -0.0114492 -0.00244287 -0.00571814 -0.0148601 -0.00781065 -0.00546014 0.00124905 -0.00814532 -0.0112308 -0.00525235 -0.00752352 -0.0087758 -0.0142844 -0.00328976 -0.00496225 -0.0100374 -0.011587 -0.00768972 -0.0084
internal_weight=99104 28355 15296 70749 10135 13059 37215 5161 10477 4753 5461 2936 7119 3369 3404 840 4674 33534 1213 580 633 1781 1400 3160 5120 2088 1172 903 2525 470
internal_count=99104 28355 15296 70749 10135 13059 37215 5161 10477 4753 5461 2936 7119 3369 3404 840 4674 33534 1213 580 633 1781 1400 3160 5120 2088 1172 903 2525 470
is_linear=0
shrinkage=0.03


Tree=31
num_leaves=31
num_cat=0
split_feature=21 28 21 16 16 16 21 12 10 1 5 10 21 28 8 11 8 14 2 10 21 11 8 2 29 21 1 29 24 28
split_gain=1291.86 195.234 112.496 64.0736 45.1228 42.518 36.7747 36.0445 31.8188 30.3405 28.8904 22.2423 16.9675 13.3659 12.4652 12.3009 11.5642 13.1804 11.4921 11.4574 11.371 12.0721 17.3341 11.0175 23.6355 10.9003 11.3934 10.8499 10.4738 13.2362
threshold=4.2245833333333342 952.6500000000002 2.6154166666666674 4.7150000000000007 3.9150000000000005 4.8150000000000004 9.1787500000000026 1.905 2.5000000000000004 22.650000000000002 0.031837191419278175 1.5000000000000002 3.820416666666667 950.05000000000007 17.500000000000004 2.9950000000000006 14.500000000000002 0.36896250938724556 1.1515189067058136 11.500000000000002 5.5479166666666675 3.5150000000000001 9.5000000000000018 1.1396025323466639 71.500000000000014 1.8470833333333336 -4.0499999999999989 76.500000000000014 2.0500000000000003 958.85000000000002
decision_type=2 2 2 8 8 8 2 10 2 2 2 2 2 2 2 10 2 2 2 2 2 10 2 2 2 2 2 2 2 2
left_child=1 5 7 20 8 9 -5 25 16 10 -1 -6 -13 15 27 -12 -4 -18 -17 -9 21 -2 -23 24 -8 26 -3 -10 29 -27
right_child=3 2 4 6 11 -7 23 19 14 -11 13 12 -14 -15 -16 18 17 -19 -20 -21 -22 22 -24 -25 -26 28 -28 -29 -30 -31
leaf_value=0 0 0 0 2.7630234844328723e-07 0 0 0.0028621405602976347 0 0 0 0 0 0 0 0 0 0 0 0 0 0 0 0 0.005891908136997131 -0.0037685478190815783 0 0 0 0 0
leaf_weight=1602 1423 319 904 43068 625 2637 5192 1843 2343 5760 799 2661 1302 1241 751 818 201 272 211 266 2255 1477 2237 14607 395 281 1045 676 1384 524
leaf_count=1602 1423 319 904 43068 625 2637 5192 1843 2343 5760 799 2661 1302 1241 751 818 201 272 211 266 2255 1477 2237 14607 395 281 1045 676 1384 524
internal_value=-0.00194033 -0.00733562 -0.00962466 0.000233686 -0.0076617 -0.00463597 0.000542558 -0.0129899 -0.0095922 -0.00549607 -0.00729405 -0.00548792 -0.00464743 -0.00557352 -0.0081457 -0.00720458 -0.0135087 -0.00952092 -0.00937427 -0.00983586 -0.00240827 -0.00318728 -0.00408658 0.00159869 0.000465129 -0.0148457 -0.0170402 -0.00900893 -0.0134426 -0.0105741
internal_weight=99119 28465 15397 70654 9735 13068 63262 5662 5147 10431 4671 4588 3963 3069 3770 1828 1377 473 1029 2109 7392 5137 3714 20194 5587 3553 1364 3019 2189 805
internal_count=99119 28465 15397 70654 9735 13068 63262 5662 5147 10431 4671 4588 3963 3069 3770 1828 1377 473 1029 2109 7392 5137 3714 20194 5587 3553 1364 3019 2189 805
is_linear=0
shrinkage=0.03


Tree=32
num_leaves=31
num_cat=0
split_feature=21 28 21 21 16 16 1 12 16 5 1 14 16 8 16 1 16 28 11 21 29 29 29 11 8 8 9 11 22 12
split_gain=1295.89 182.386 102.459 64.7559 45.1493 38.9563 30.9707 29.9654 28.1709 25.8842 21.2311 18.3381 15.0304 14.5531 14.5266 13.7182 15.8468 13.2193 12.7508 12.7205 11.641 11.079 10.7801 10.535 16.5402 9.32316 9.23199 8.96537 8.66821 8.17734
threshold=4.2245833333333342 952.6500000000002 2.5445833333333341 7.4158333333333344 3.8350000000000004 4.8150000000000004 22.650000000000002 1.9850000000000001 4.7150000000000007 0.031837191419278175 5.4500000000000011 0.85582319046245459 10.205000000000002 14.500000000000002 1.0000000180025095e-35 -1.2499999999999998 5.3050000000000006 949.55000000000007 2.9950000000000006 5.5479166666666675 75.500000000000014 50.500000000000007 78.500000000000014 3.5150000000000001 9.5000000000000018 11.500000000000002 5.5000000000000009 4.1650000000000009 0.08866346410717349 6.8550000000000013
decision_type=2 2 2 2 8 8 2 10 8 2 2 2 8 2 10 2 8 2 10 2 2 2 2 10 2 2 2 10 2 8
left_child=1 5 7 8 10 6 9 14 19 -1 11 -4 25 -13 -3 16 -6 18 -11 23 -16 -20 -18 -2 -25 -5 -12 -8 -17 -14
right_child=3 2 4 12 15 -7 27 -9 -10 17 26 13 29 -15 20 28 22 -19 21 -21 -22 -23 -24 24 -26 -27 -28 -29 -30 -31
leaf_value=0 0 0 0 -0.0003067989241957167 0 0 0 0 -2.1256272691130193e-06 0 0 0 0.00036325529387194126 0 0 0 0 0 0 0 0 0 0 0 0 0.0015857993436254102 0 0 0 0.0063142055103425762
leaf_weight=1584 1417 252 2043 6491 581 2617 4576 1751 27494 704 2074 625 3632 225 2241 2020 422 1482 357 1914 882 552 248 1498 2227 8775 329 1143 1541 17420
leaf_count=1584 1417 252 2043 6491 581 2617 4576 1751 27494 704 2074 625 3632 225 2241 2020 422 1482 357 1914 882 552 248 1498 2227 8775 329 1143 1541 17420
internal_value=-0.00190986 -0.00734243 -0.00957071 0.000256007 -0.00781133 -0.00473157 -0.00555474 -0.013029 -0.000673708 -0.00736614 -0.00972496 -0.0114669 0.00114043 -0.00768421 -0.0146938 -0.00569732 -0.00840525 -0.00575323 -0.0076335 -0.00236397 -0.014086 -0.0099814 -0.0052 -0.00314047 -0.00397721 0.000423548 -0.00760839 -0.00406761 -0.00473556 0.00166007
internal_weight=99117 28249 15234 70868 10108 13015 10398 5126 34550 4679 5296 2893 36318 850 3375 4812 1251 3095 1613 7056 3123 909 670 5142 3725 15266 2403 5719 3561 21052
internal_count=99117 28249 15234 70868 10108 13015 10398 5126 34550 4679 5296 2893 36318 850 3375 4812 1251 3095 1613 7056 3123 909 670 5142 3725 15266 2403 5719 3561 21052
is_linear=0
shrinkage=0.03


Tree=33
num_leaves=31
num_cat=0
split_feature=21 28 21 16 16 16 21 12 2 5 20 28 2 14 15 29 16 16 2 29 26 20 21 11 25 5 27 18 25 24
split_gain=1274.52 183.776 109.857 62.481 40.2414 39.2986 36.6412 35.1936 28.7764 26.3388 22.6667 14.0933 14.0207 13.7588 12.6385 12.9124 11.9816 10.904 10.7765 21.6887 10.6925 10.6797 10.0697 10.9707 12.8 10.0367 10.3039 9.91501 9.38594 9.98432
threshold=4.2245833333333342 952.6500000000002 2.6154166666666674 4.7150000000000007 4.8150000000000004 3.7950000000000004 9.3362500000000015 1.9850000000000001 1.117249826667414 0.031837191419278175 1.8712417890598354 949.55000000000007 1.2258655869069208 0.48086727205468954 0.64999999999999991 53.500000000000007 7.3550000000000013 5.4150000000000009 1.1396025323466639 71.500000000000014 0.93663652364155514 2.4901062555058329 5.5479166666666675 3.5150000000000001 1.2308217738545608 0.037189806991080515 -0.043617726472722392 2.9150000000000005 2.6242352330453489 2.0500000000000003
decision_type=2 2 2 8 8 8 2 10 2 2 2 2 2 2 10 2 8 8 2 2 2 2 2 10 2 2 2 10 2 2
left_child=1 4 7 22 8 10 20 16 -1 -10 25 14 -7 -12 15 -11 28 -14 19 -8 21 -5 23 -2 -25 -4 27 -27 29 -3
right_child=3 2 5 6 -6 12 18 -9 9 11 13 -13 17 -15 -16 -17 -18 -19 -20 -21 -22 -23 -24 24 -26 26 -28 -29 -30 -31
leaf_value=0 0 0 0 5.1758314516496886e-07 0 0 0.0031609823122720447 0 0 0 0 0 0 0 0 0 0 0 0.0061757241076886337 -0.0037547679243593421 9.794291632205486e-05 -2.6944654761990511e-05 0 0 0 0 0 0 0 0
leaf_weight=5744 1426 1236 454 21395 2586 4173 4807 1979 1600 555 862 1493 320 1275 374 687 259 354 13826 371 16029 6919 2234 1281 2512 354 1047 894 271 1879
leaf_count=5744 1426 1236 454 21395 2586 4173 4807 1979 1600 555 862 1493 320 1275 374 687 259 354 13826 371 16029 6919 2234 1281 2512 354 1047 894 271 1879
internal_value=-0.00190837 -0.00727728 -0.0095013 0.000245322 -0.00465524 -0.00756531 0.000551064 -0.0128421 -0.00548394 -0.0072238 -0.00946678 -0.00559827 -0.00564077 -0.0117969 -0.00753979 -0.00899278 -0.0146014 -0.00965832 0.00165301 0.000485047 7.86733e-05 -0.000271832 -0.00235197 -0.00307293 -0.00391548 -0.00763725 -0.00680217 -0.00864804 -0.014079 -0.0135625
internal_weight=99196 28396 15357 70800 13039 9733 63347 5624 10453 4709 4886 3109 4847 2137 1616 1242 3645 674 19004 5178 44343 28314 7453 5219 3793 2749 2295 1248 3386 3115
internal_count=99196 28396 15357 70800 13039 9733 63347 5624 10453 4709 4886 3109 4847 2137 1616 1242 3645 674 19004 5178 44343 28314 7453 5219 3793 2749 2295 1248 3386 3115
is_linear=0
shrinkage=0.03


Tree=34
num_leaves=31
num_cat=0
split_feature=21 28 21 16 16 16 24 20 1 5 5 14 21 16 28 2 16 21 8 16 29 20 16 11 8 15 8 1 29 27
split_gain=1265.86 191.463 111.401 74.1739 44.9968 38.7195 28.396 28.3045 27.7567 29.2592 22.1521 17.9115 14.7219 14.6453 14.3559 13.9 16.6911 13.0173 12.8049 12.0549 14.8822 12.0521 11.6429 12.0651 19.213 10.8576 10.647 10.6389 11.3486 10.2528
threshold=4.2245833333333342 952.6500000000002 2.5445833333333341 7.1250000000000009 3.8350000000000004 4.8150000000000004 4.2500000000000009 1.6068019448683697 22.650000000000002 0.031837191419278175 0.025831218702820461 0.47268735262680112 5.4379166666666672 3.6750000000000003 949.55000000000007 1.2154921835164567 5.3050000000000006 9.6620833333333369 16.500000000000004 3.5050000000000003 75.500000000000014 2.4901062555058329 4.7150000000000007 3.5850000000000004 9.5000000000000018 0.68000000000000005 18.500000000000004 -2.4499999999999997 73.500000000000014 0.06104621499353461
decision_type=2 2 2 8 8 8 2 2 2 2 2 2 2 10 2 2 8 2 2 8 2 2 10 10 2 10 2 2 2 2
left_child=1 5 10 12 7 8 -5 26 9 -1 13 -9 22 19 25 -6 -17 -8 -13 20 -3 -14 23 -2 -25 -11 29 28 -12 -4
right_child=3 2 4 6 15 -7 17 11 -10 14 27 18 21 -15 -16 16 -18 -19 -20 -21 -22 -23 -24 24 -26 -27 -28 -29 -30 -31
leaf_value=0 0 0 0 -1.015065977898669e-05 0 0 0.00050924190041635683 0 0 0 0 0 7.5707993588736831e-07 0 0 0 0 0.0058838733706489408 0 0 0 -3.9640039995575902e-05 -2.8182609976137512e-06 0 0 0 0 0 0 0
leaf_weight=1607 1473 1573 1159 7152 3612 2602 24581 1096 5708 1218 201 1294 8229 290 1485 601 644 16546 433 226 582 3326 5988 1399 2048 362 392 2021 243 996
leaf_count=1607 1473 1573 1159 7152 3612 2602 24581 1096 5708 1218 201 1294 8229 290 1485 601 644 16546 433 226 582 3326 5988 1399 2048 362 392 2021 243 996
internal_value=-0.0019946 -0.00735079 -0.00961745 0.000151893 -0.00779994 -0.00466574 0.000814494 -0.00969488 -0.0054858 -0.00720205 -0.0132254 -0.0117719 -0.00127208 -0.0151446 -0.00546743 -0.00569704 -0.008436 0.00111789 -0.00980889 -0.0159292 -0.0151597 -0.000525519 -0.00206231 -0.00314315 -0.00411327 -0.00745741 -0.00737422 -0.0111194 -0.0154076 -0.00820139
internal_weight=99087 28345 15363 70742 10227 12982 48279 5370 10380 4672 5136 2823 22463 2671 3065 4857 1245 41127 1727 2381 2155 11555 10908 4920 3447 1580 2547 2465 444 2155
internal_count=99087 28345 15363 70742 10227 12982 48279 5370 10380 4672 5136 2823 22463 2671 3065 4857 1245 41127 1727 2381 2155 11555 10908 4920 3447 1580 2547 2465 444 2155
is_linear=0
shrinkage=0.03


Tree=35
num_leaves=31
num_cat=0
split_feature=21 28 21 21 10 21 13 21 1 21 25 26 10 17 24 17 10 10 29 5 23 28 28 29 21 10 11 27 20 11
split_gain=1238.93 200.902 115.839 66.5303 49.9204 30.5564 27.8841 26.1396 22.6074 24.3784 19.6376 16.9442 14.2606 13.6904 12.2706 12.1598 11.7402 15.3368 11.8771 10.8284 10.5928 10.0832 9.99151 11.9013 9.52974 9.67792 9.50375 9.00368 8.9969 8.71068
threshold=4.2245833333333342 952.6500000000002 2.5445833333333341 5.4379166666666672 1.5000000000000002 3.1650000000000005 2.0050000000000012 9.1787500000000026 22.650000000000002 2.3454166666666678 1.6774542661639436 -0.44618082326431213 10.500000000000002 4.4150000000000009 3.7500000000000004 5.5450000000000008 8.5000000000000018 4.5000000000000009 71.500000000000014 0.020319806581736401 3.0450000000000004 958.95000000000016 949.6500000000002 56.500000000000007 3.7562500000000001 3.5000000000000004 3.3450000000000002 -0.68832836526074781 1.6168023995949083 4.1650000000000009
decision_type=2 2 2 2 2 2 2 2 2 2 2 2 2 2 2 2 2 2 2 2 2 2 2 2 2 2 10 2 2 10
left_child=1 8 6 26 10 13 12 14 9 19 -4 22 27 -6 -5 -7 17 20 -19 -1 -9 -14 23 -11 25 -17 -2 -3 -23 -10
right_child=3 2 4 7 5 15 -8 16 29 11 -12 -13 21 -15 -16 24 -18 18 -20 -21 -22 28 -24 -25 -26 -27 -28 -29 -30 -31
leaf_value=0 -2.8361381183145128e-09 0 0 -1.9390566709234755e-05 0 0 0 -0.0052533726779462565 0 0 0 0 0 0 5.2166405726300004e-05 0 0.0069351850348826948 -0.00016421095963782382 -0.0036587907281092568 0 0.0051639368032268124 0 0 0 0 0 0 0 0 0
leaf_weight=355 4561 353 851 4097 2225 3813 1560 322 5841 630 798 2364 257 962 32630 291 9037 2947 468 929 7463 593 1030 624 817 467 9324 2172 241 1264
leaf_count=355 4561 353 851 4097 2225 3813 1560 322 5841 630 798 2364 257 962 32630 291 9037 2947 468 929 7463 593 1030 624 817 467 9324 2172 241 1264
internal_value=-0.00198187 -0.0072709 -0.00959104 0.000141375 -0.00773272 -0.00680594 -0.0132507 0.000595271 -0.0045276 -0.00589591 -0.0125169 -0.00487556 -0.0147092 -0.00913816 0.00011818 -0.00541925 0.00146087 0.000811245 -0.000864035 -0.00955624 0.00154621 -0.0117126 -0.00671822 -0.00852105 -0.0076424 -0.0100734 -0.0017203 -0.0159783 -0.013323 -0.00338186
internal_weight=99286 28437 15400 70849 10224 8575 5176 56964 13037 5932 1649 4648 3616 3187 36727 5388 20237 11200 3415 1284 7785 1091 2284 1254 1575 758 13885 2525 834 7105
internal_count=99286 28437 15400 70849 10224 8575 5176 56964 13037 5932 1649 4648 3616 3187 36727 5388 20237 11200 3415 1284 7785 1091 2284 1254 1575 758 13885 2525 834 7105
is_linear=0
shrinkage=0.03


Tree=36
num_leaves=31
num_cat=0
split_feature=21 28 21 21 16 16 10 12 2 5 10 16 8 10 25 21 22 28 25 10 15 8 5 10 29 2 21 25 10 28
split_gain=1268.21 200.332 109.673 65.4254 42.3314 35.1879 32.3223 31.9349 28.3418 24.925 21.825 19.2854 15.361 14.7778 14.3286 14.3206 14.3112 14.1394 13.6765 12.875 12.3579 12.0067 11.3312 11.3005 15.4215 14.2151 12.9308 11.0239 10.9842 9.82387
threshold=4.2245833333333342 952.6500000000002 2.6154166666666674 7.455416666666669 3.8350000000000004 4.8150000000000004 2.5000000000000004 1.905 1.117249826667414 0.031837191419278175 1.5000000000000002 4.7150000000000007 9.5000000000000018 8.5000000000000018 2.0215880610617458 1.8470833333333336 0.10035890669990752 949.55000000000007 2.7172322375397671 2.5000000000000004 0.23000000000000007 17.500000000000004 0.033245294347471442 4.5000000000000009 71.500000000000014 1.1388168704369248 11.068750000000003 2.2990322479942562 11.500000000000002 954.05000000000007
decision_type=2 2 2 2 8 8 2 10 2 2 2 8 2 2 2 2 2 2 2 2 10 2 2 2 2 2 2 2 2 2
left_child=1 5 7 11 6 8 -4 15 -1 -10 14 12 20 18 -6 19 -12 -11 23 -3 -2 22 -8 26 -25 -26 -5 -17 -9 -13
right_child=3 2 4 13 10 -7 21 28 9 17 16 29 -14 -15 -16 27 -18 -19 -20 -21 -22 -23 -24 24 25 -27 -28 -29 -30 -31
leaf_value=0 0 0 0 0.00088038526395602015 0 0 0 0 0 0 0 9.2360523636116762e-07 0 0.0033412001997048992 0 0 0 0 -0.00073362289668353305 0 0 0 0 0.00017020314803631754 -0.0035000802613947327 0.0016228383964517531 0.011659019054301263 0 0 -7.8832000723330978e-06
leaf_weight=5721 1868 399 1378 9928 462 2607 634 1820 1583 1618 2944 14723 4176 14837 222 1893 1136 1455 416 933 1035 732 2310 6280 502 207 3771 284 264 13086
leaf_count=5721 1868 399 1378 9928 462 2607 634 1820 1583 1618 2944 14723 4176 14837 222 1893 1136 1455 416 933 1035 732 2310 6280 502 207 3771 284 264 13086
internal_value=-0.00198498 -0.00734102 -0.00965406 0.000162592 -0.00773654 -0.00459296 -0.00965171 -0.0130102 -0.00537555 -0.00711478 -0.00569679 -0.000762789 -0.00216022 0.00106084 -0.0106502 -0.0147703 -0.00485434 -0.00552339 0.000550571 -0.0172954 -0.00383459 -0.00816137 -0.00901933 0.000659354 -0.000322133 -0.0045 0.00116003 -0.0131893 -0.0100182 -0.000406737
internal_weight=99224 28395 15411 70829 9818 12984 5054 5593 10377 4656 4764 34888 7079 35941 684 3509 4080 3073 21104 1332 2903 3676 2944 20688 6989 709 13699 2177 2084 27809
internal_count=99224 28395 15411 70829 9818 12984 5054 5593 10377 4656 4764 34888 7079 35941 684 3509 4080 3073 21104 1332 2903 3676 2944 20688 6989 709 13699 2177 2084 27809
is_linear=0
shrinkage=0.03


Tree=37
num_leaves=31
num_cat=0
split_feature=21 1 21 21 5 10 16 16 21 10 8 29 1 29 8 15 23 8 16 11 16 8 1 29 14 29 1 21 26 10
split_gain=1279.57 174.595 140.008 60.0631 57.7173 50.4459 39.3032 39.1811 20.5702 16.705 16.2117 15.7594 17.8683 29.462 14.6886 15.0289 14.4073 13.381 12.9779 12.8608 21.4148 17.1595 12.6781 17.2031 11.0446 11.014 21.5129 10.6591 10.0891 14.8225
threshold=4.2245833333333342 21.850000000000005 2.9887500000000009 6.1554166666666683 0.03107594760009871 1.5000000000000002 4.0850000000000009 3.9150000000000005 9.3362500000000015 4.5000000000000009 11.500000000000002 33.500000000000007 -2.4499999999999997 71.500000000000014 17.500000000000004 0.23000000000000007 0.51500000000000012 11.500000000000002 4.8150000000000004 3.5850000000000004 4.7150000000000007 9.5000000000000018 16.650000000000002 71.500000000000014 0.42579337712090909 60.500000000000007 15.050000000000002 5.5479166666666675 0.91702515554752073 2.5000000000000004
decision_type=2 2 2 2 2 2 10 8 2 2 2 2 2 2 2 10 2 2 10 10 8 2 2 2 2 2 2 2 2 2
left_child=1 2 4 19 6 10 9 14 17 -1 -4 -6 13 -13 15 -7 -11 28 -3 -2 21 27 -10 -24 -12 -18 -27 -21 -5 -30
right_child=3 18 5 8 11 7 -8 -9 22 16 24 12 -14 -15 -16 -17 25 -19 -20 20 -22 -23 23 -25 -26 26 -28 -29 29 -31
leaf_value=0 0 0 0 -0.00010881357726454146 0 0 0 0 0.0053922971013089021 0 0 0 0 0 0 0 0 0.00071205708459423872 0 0 -5.2300661084520026e-06 0 0.0024626176714223169 -0.0036011342418643491 0 0 0 -8.3062463397825384e-07 -0.00013870831423383714 0.00068510925295790738
leaf_weight=2073 6803 6579 648 7019 387 2128 694 4667 13791 729 213 235 3538 338 809 1237 931 15316 1583 1500 10281 2744 4897 409 310 990 330 370 1756 5859
leaf_count=2073 6803 6579 648 7019 387 2128 694 4667 13791 729 213 235 3538 338 809 1237 931 15316 1583 1500 10281 2744 4897 409 310 990 330 370 1756 5859
internal_value=-0.00197832 -0.00735445 -0.00884705 0.000181696 -0.0113137 -0.00631866 -0.0133117 -0.00553776 0.000763088 -0.0142331 -0.0121658 -0.00874883 -0.0081844 -0.0131159 -0.00764968 -0.00852374 -0.0127337 0.000272409 -0.00364687 -0.00113238 -0.00162584 -0.0033228 0.00153235 0.000285822 -0.00810795 -0.011488 -0.00964528 -0.005536 -0.000376255 0.000379921
internal_weight=99164 28419 20257 70745 10245 10012 5747 8841 49047 5053 1171 4498 4111 573 4174 3365 2980 29950 8162 21698 14895 4614 19097 5306 523 2251 1320 1870 14634 7615
internal_count=99164 28419 20257 70745 10245 10012 5747 8841 49047 5053 1171 4498 4111 573 4174 3365 2980 29950 8162 21698 14895 4614 19097 5306 523 2251 1320 1870 14634 7615
is_linear=0
shrinkage=0.03


Tree=38
num_leaves=31
num_cat=0
split_feature=21 28 21 21 12 17 1 5 21 21 8 25 19 14 21 8 11 15 21 25 24 29 1 11 21 17 28 1 29 26
split_gain=1235.7 183.754 106.713 58.5543 38.8267 30.703 22.1574 27.8529 23.8286 18.4458 17.3399 15.2533 15.2208 12.923 11.2224 10.7525 13.4713 10.4735 10.2715 11.5299 11.3481 10.0275 21.7212 9.8753 13.645 9.86137 9.84413 9.83501 11.6568 8.85033
threshold=4.2245833333333342 952.6500000000002 2.6154166666666674 7.4158333333333344 1.9850000000000001 5.2550000000000008 22.050000000000004 0.027770655685583772 2.955833333333334 3.1650000000000005 10.500000000000002 2.5814465730970193 3.7437500000000008 1.1905040949110479 10.905000000000003 12.500000000000002 3.5150000000000001 -0.94999999999999973 1.8470833333333336 2.2990322479942562 2.0500000000000003 60.500000000000007 15.65 3.5450000000000004 5.6120833333333353 3.9650000000000003 949.55000000000007 -2.2499999999999996 73.500000000000014 -0.26722820045975981
decision_type=2 2 2 2 10 2 2 2 2 2 2 2 2 2 2 2 10 10 2 2 2 2 2 10 2 2 2 2 2 2
left_child=1 6 4 10 18 9 7 8 21 -4 23 13 17 14 -5 16 -11 -7 27 20 -20 -1 -23 -2 -25 -12 29 -3 -29 -9
right_child=3 2 5 11 -6 12 -8 26 -10 15 25 -13 -14 -15 -16 -17 -18 -19 19 -21 -22 22 -24 24 -26 -27 -28 28 -30 -31
leaf_value=0 -2.7510539747817306e-09 0 0 0.0014205960547536635 0 0 0 0 0 0 -1.4312955917300236e-05 -0.00046825117830439668 0 -0.00020150476225587843 0.011261730506148973 0 0 0 0 0 0 0 0 -5.9121834670994459e-07 -2.159030158101101e-05 8.5084143532782043e-11 0 0 0 0
leaf_weight=555 3899 370 2659 21080 1989 346 7527 1095 349 1149 3273 1194 1145 6067 7915 1821 1088 1577 673 298 1262 274 308 4262 7384 15733 1982 701 262 957
leaf_count=555 3899 370 2659 21080 1989 346 7527 1095 349 1149 3273 1194 1145 6067 7915 1821 1088 1577 673 298 1262 274 308 4262 7384 15733 1982 701 262 957
internal_value=-0.00200131 -0.00728899 -0.00951515 0.000118921 -0.012839 -0.00762257 -0.00466894 -0.00611403 -0.00962575 -0.00647709 -0.000764759 0.000961033 -0.0101158 0.00107469 0.0013381 -0.00519222 -0.00658742 -0.0117588 -0.0147219 -0.0133874 -0.0124716 -0.0117242 -0.00883135 -0.00150772 -0.00194507 -0.000156856 -0.0048101 -0.0168991 -0.0151147 -0.00626835
internal_weight=99194 28387 15340 70807 5555 9785 13047 5520 1486 6717 34551 36256 3068 35062 28995 4058 2237 1923 3566 2233 1935 1137 582 15545 11646 19006 4034 1333 963 2052
internal_count=99194 28387 15340 70807 5555 9785 13047 5520 1486 6717 34551 36256 3068 35062 28995 4058 2237 1923 3566 2233 1935 1137 582 15545 11646 19006 4034 1333 963 2052
is_linear=0
shrinkage=0.03


Tree=39
num_leaves=31
num_cat=0
split_feature=21 1 21 5 10 16 21 16 25 10 29 16 10 1 29 25 10 20 11 27 19 25 16 22 29 1 16 1 29 14
split_gain=1305.84 172.111 137.162 56.8709 49.7214 39.9992 36.2629 31.3975 19.6672 17.9154 16.6337 15.1036 13.8979 12.0842 17.678 11.6948 11.6064 10.3943 9.29452 9.11769 9.00228 8.58752 8.29602 8.11603 7.83587 16.3611 8.35635 7.66834 11.8751 7.62627
threshold=4.2245833333333342 21.350000000000005 3.0937500000000004 0.03107594760009871 1.5000000000000002 3.8350000000000004 9.3362500000000015 3.8350000000000004 1.6774542661639436 2.5000000000000004 33.500000000000007 4.8150000000000004 8.5000000000000018 16.650000000000002 71.500000000000014 1.662226665806618 4.5000000000000009 2.5608519085205192 4.1650000000000009 0.2334364749717662 4.173750000000001 1.9570499283963205 10.255000000000001 0.047787656747084184 60.500000000000007 15.050000000000002 2.2050000000000005 5.6500000000000012 69.500000000000014 0.86504335151482714
decision_type=2 2 2 2 2 10 2 8 2 2 2 10 2 2 2 2 2 2 10 2 2 2 8 2 2 2 10 2 2 2
left_child=1 2 3 5 8 16 17 12 -4 15 -11 18 -6 -8 -15 -5 19 -2 -3 -1 -9 24 -19 -20 26 -26 -18 28 -14 -30
right_child=6 11 4 9 7 -7 13 20 -10 10 -12 -13 27 14 -16 -17 21 22 23 -21 -22 -23 -24 -25 25 -27 -28 -29 29 -31
leaf_value=0 1.7736550401298291e-08 0 0 0 0 0 0.0051096272873563066 0 0 0 0 0 0 0.0020261411328378991 -0.0034870550717407424 0 0 -1.5459926764979451e-05 0 0 6.4290902361492835e-08 0 0.00018297125085463812 0 0 0 0 0 0 0
leaf_weight=968 35433 5560 536 522 1666 885 13772 3769 524 345 3722 1664 328 4907 400 334 613 11819 266 1088 539 506 4258 1031 1131 315 318 1077 260 201
leaf_count=968 35433 5560 536 522 1666 885 13772 3769 524 345 3722 1664 328 4907 400 334 613 11819 266 1088 539 506 4258 1031 1131 315 318 1077 260 201
internal_value=-0.00183298 -0.00729337 -0.00883773 -0.0111197 -0.00607748 -0.0131323 0.000346304 -0.00524665 -0.012169 -0.00872788 -0.00787795 -0.00372942 -0.00734351 0.00146337 0.0002468 -0.0126969 -0.0141875 -6.7553e-05 -0.00435136 -0.0159738 -0.00352098 -0.0128882 -0.000700099 -0.00664286 -0.0120693 -0.0105941 -0.0142917 -0.00553821 -0.00778715 -0.0108734
internal_weight=98757 28168 19647 10747 8900 5824 70589 7840 1060 4923 4067 8521 3532 19079 5307 856 4939 51510 6857 2056 4308 2883 16077 1297 2377 1446 931 1866 789 461
internal_count=98757 28168 19647 10747 8900 5824 70589 7840 1060 4923 4067 8521 3532 19079 5307 856 4939 51510 6857 2056 4308 2883 16077 1297 2377 1446 931 1866 789 461
is_linear=0
shrinkage=0.03


Tree=40
num_leaves=31
num_cat=0
split_feature=19 28 19 12 16 13 16 2 12 12 16 2 25 19 29 15 16 8 14 8 2 14 8 20 2 29 17 3 8 28
split_gain=1280.73 204.923 69.9821 45.8166 33.3756 29.8977 27.5102 27.9976 25.5424 24.8049 20.0993 15.7312 19.2997 15.7114 14.4746 14.1474 13.9181 12.4017 12.116 11.561 10.92 13.1208 8.94546 10.4465 8.52437 9.35723 8.0883 10.3022 7.87651 7.79679
threshold=3.9562500000000012 952.6500000000002 2.2587500000000005 5.4650000000000007 3.8350000000000004 1.7766666666666682 4.8150000000000004 1.117249826667414 1.9850000000000001 1.8650000000000004 11.115 1.2213337359981209 1.5937171052631582 4.173750000000001 65.500000000000014 -1.6199999999999992 1.0100000000000002 16.500000000000004 0.88081401744825494 10.500000000000002 1.2141520597395583 0.95269792344337778 17.500000000000004 2.6346054413719977 1.1396025323466639 70.500000000000014 4.1250000000000009 2.9226942548624879 11.500000000000002 960.45000000000016
decision_type=2 2 2 8 8 2 10 2 10 10 10 2 2 2 2 10 10 2 2 2 2 2 2 2 2 2 2 2 2 2
left_child=1 6 5 13 9 -3 7 -1 15 18 19 29 -13 26 -10 -9 -11 -17 22 -5 -18 -22 23 -4 25 -12 -2 -28 -29 -6
right_child=3 2 4 10 11 -7 -8 8 14 16 24 12 -14 -15 -16 17 20 -19 -20 -21 21 -23 -24 -25 -26 -27 27 28 -30 -31
leaf_value=0 0 0 0 -9.996620436541272e-06 0 0 0 0 0 0 0.0028647450154015005 0 0 -8.7050516499085719e-07 0 0 0 0 0 0.00042712920064573001 0 0 0 0 0.0055623665010378163 -0.0034516305492172318 0 0 0 0
leaf_weight=5313 842 2633 733 13168 2226 1488 2092 227 1697 567 2599 514 345 24474 827 1336 2541 261 488 19364 515 205 351 376 11337 252 754 358 319 983
leaf_count=5313 842 2633 733 13168 2226 1488 2092 227 1697 567 2599 514 345 24474 827 1336 2541 261 488 19364 515 205 351 376 11337 252 754 358 319 983
internal_value=-0.00182695 -0.00758799 -0.0100447 0.000190154 -0.00866159 -0.0133342 -0.00466584 -0.00534109 -0.0071275 -0.0101318 0.000756982 -0.0065642 -0.0101771 -0.000799903 -0.0051554 -0.00983488 -0.00870493 -0.0108296 -0.0129063 0.000345945 -0.00792621 -0.0112138 -0.0142935 -0.015649 0.00169901 0.000232143 -0.00318306 -0.00455223 -0.00722727 -0.00558276
internal_weight=99185 25718 13965 73467 9844 4121 11753 9661 4348 5776 46720 4068 859 26747 2524 1824 3828 1597 1948 32532 3261 720 1460 1109 14188 2851 2273 1431 677 3209
internal_count=99185 25718 13965 73467 9844 4121 11753 9661 4348 5776 46720 4068 859 26747 2524 1824 3828 1597 1948 32532 3261 720 1460 1109 14188 2851 2273 1431 677 3209
is_linear=0
shrinkage=0.03


Tree=41
num_leaves=31
num_cat=0
split_feature=21 1 21 13 16 14 21 1 8 12 1 29 22 1 8 1 29 1 16 29 1 29 25 17 21 19 29 18 0 25
split_gain=1314.12 195.003 104.735 37.4616 35.4812 33.2068 32.2931 22.6876 23.5589 16.7959 16.093 23.4501 20.2234 13.9029 13.7822 14.6599 12.6482 15.8387 12.0704 13.682 11.8812 15.7152 10.9068 9.8914 9.77687 10.7273 9.25024 9.18876 8.21108 8.11898
threshold=4.0204166666666685 19.050000000000004 2.5445833333333341 1.7766666666666682 3.7950000000000004 0.8963444278475442 9.3362500000000015 -0.44999999999999996 17.500000000000004 2.5550000000000002 22.050000000000004 60.500000000000007 0.030496973995402153 -0.54999999999999993 10.500000000000002 36.750000000000007 36.500000000000007 -2.4499999999999997 1.0000000180025095e-35 75.500000000000014 17.450000000000003 71.500000000000014 1.3150649059982096 3.0150000000000001 4.189583333333335 4.173750000000001 70.500000000000014 3.4250000000000003 10.225000000000003 2.7172322375397671
decision_type=2 2 2 2 8 2 2 2 2 10 2 2 2 2 2 2 2 2 10 2 2 2 2 2 2 2 2 10 2 2
left_child=1 2 3 18 5 7 14 26 9 -9 11 12 -3 22 24 23 -5 -18 -1 -20 -8 -22 -6 -16 25 -2 -4 -25 29 -26
right_child=6 10 4 16 13 -7 20 8 -10 -11 -12 -13 -14 -15 15 -17 17 -19 19 -21 21 -23 -24 27 28 -27 -28 -29 -30 -31
leaf_value=0 0 0 0 0 0 0 0.0048757916881324824 0 0 0 0 0 0 0 -2.5179048678170084e-05 -9.0035167141064716e-05 0 0 0 0 0.0016880850214652829 -0.0033253655729407901 0 -1.1877656434401449e-08 -1.5571371190420443e-06 2.5385843366561157e-08 0 0.00015002557715315212 -0.00073566317125629366 -4.4656187777907597e-05
leaf_weight=208 623 283 392 218 523 1830 14195 959 524 1230 7288 674 1284 3546 2319 524 322 1751 2533 906 4615 295 727 3557 21411 337 705 23056 414 1747
leaf_count=208 623 283 392 218 523 1830 14195 959 524 1230 7288 674 1284 3546 2319 524 322 1751 2533 906 4615 295 727 3557 21411 337 705 23056 414 1747
internal_value=-0.00174162 -0.00754713 -0.00953282 -0.0127168 -0.00771593 -0.00933215 0.000316137 -0.0109305 -0.00942274 -0.0107899 -0.00413184 -0.00635663 -0.0083645 -0.00580754 -5.90075e-05 0.000378399 -0.00966768 -0.00890327 -0.0146164 -0.0141472 0.00137598 0.000103764 -0.00853386 0.000468812 -0.000584179 -0.00354404 -0.0145998 0.000632617 -0.000462909 -0.000387514
internal_weight=98996 25903 16374 5938 10436 5640 73093 3810 2713 2189 9529 2241 1567 4796 53988 29456 2291 2073 3647 3439 19105 4910 1250 28932 24532 960 1097 26613 23572 23158
internal_count=98996 25903 16374 5938 10436 5640 73093 3810 2713 2189 9529 2241 1567 4796 53988 29456 2291 2073 3647 3439 19105 4910 1250 28932 24532 960 1097 26613 23572 23158
is_linear=0
shrinkage=0.03


Tree=42
num_leaves=31
num_cat=0
split_feature=22 28 5 16 16 10 16 1 5 25 22 1 20 12 26 24 16 23 10 27 28 29 26 28 25 29 1 16 22 16
split_gain=1246.39 198.95 78.8888 63.9222 42.089 37.7094 30.0342 27.5181 26.5556 24.9871 18.8217 24.7952 18.6842 13.6308 14.0586 12.3567 12.1254 12.0154 15.9519 16.9949 11.8161 11.3591 10.0424 9.59788 9.00812 11.2176 9.5176 8.97937 8.67217 8.20693
threshold=0.10035890669990752 952.6500000000002 0.033245294347471442 3.6750000000000003 10.205000000000002 2.5000000000000004 4.8150000000000004 22.450000000000003 0.031837191419278175 1.6700925299983103 0.10743287586317386 -1.0499999999999998 2.18430003978709 7.2550000000000008 0.95368063612909471 4.2500000000000009 6.0750000000000011 0.60500000000000009 2.5000000000000004 1.0000000180025095e-35 950.05000000000007 55.500000000000007 -0.50751903745502724 949.6500000000002 2.3800311526479754 64.500000000000014 -7.5499999999999989 2.3450000000000002 0.52544255274838336 2.0850000000000004
decision_type=2 2 2 10 8 2 8 2 2 2 2 2 2 8 2 2 10 2 2 2 2 2 2 2 2 2 2 10 2 8
left_child=1 6 3 17 10 9 7 8 -1 15 11 -2 -12 14 -6 -4 -5 -3 19 -19 21 22 -10 -15 26 28 -14 -7 -26 -21
right_child=4 2 5 16 13 27 -8 -9 20 -11 12 -13 24 23 -16 -17 -18 18 -20 29 -22 -23 -24 -25 25 -27 -28 -29 -30 -31
leaf_value=0 0 0 0 0 -8.6794137069274641e-05 0 0 0 0 0 9.0033722410266795e-08 0 -9.0069996506672624e-05 0.00046500748283441831 0.00098500039039375463 0 -1.0500007912517608e-06 0 0 0 0 0 0 0.0064732436787256122 -2.01321806499105e-05 -2.2399387080754111e-06 -4.3866478811414689e-06 0 -0.0013770365905193924 0
leaf_weight=1542 342 1250 561 1195 3318 2228 2115 5429 397 743 29748 2568 494 2813 4077 306 212 419 2286 339 1082 831 317 13269 1021 1271 14541 3549 463 473
leaf_count=1542 342 1250 561 1195 3318 2228 2115 5429 397 743 29748 2568 494 2813 4077 306 212 419 2286 339 1082 831 317 13269 1021 1271 14541 3549 463 473
internal_value=-0.0017933 -0.00754373 -0.0100175 -0.0125244 0.000173069 -0.00791518 -0.00467665 -0.00538957 -0.00722401 -0.0119814 -0.000315264 -0.00265523 -0.00017176 0.00122226 0.000156081 -0.00843922 -0.00686898 -0.0141846 -0.0132308 -0.0160413 -0.00537196 -0.00705484 -0.00983032 0.00171231 -0.000940714 -0.0025163 -0.000651263 -0.00677257 -0.00428341 -0.0186095
internal_weight=99199 25274 13561 6174 73925 7387 11713 9598 4169 1610 50448 2910 47538 23477 7395 867 1407 4767 3517 1231 2627 1545 714 16082 17790 2755 15035 5777 1484 812
internal_count=99199 25274 13561 6174 73925 7387 11713 9598 4169 1610 50448 2910 47538 23477 7395 867 1407 4767 3517 1231 2627 1545 714 16082 17790 2755 15035 5777 1484 812
is_linear=0
shrinkage=0.03


Tree=43
num_leaves=31
num_cat=0
split_feature=21 28 5 16 21 10 8 1 5 21 21 10 16 16 25 29 1 25 29 1 10 29 19 12 17 26 28 16 28 28
split_gain=1242.97 189.384 85.4167 50.7462 37.9302 32.7666 37.109 25.1474 25.9261 18.3376 14.4695 13.8133 13.4473 13.0155 12.4725 10.9511 21.7066 10.7828 10.7231 11.0775 10.6575 15.5118 12.829 10.5217 15.4507 10.2708 13.8766 10.0051 9.98527 14.0801
threshold=3.8843055555555561 952.6500000000002 0.03107594760009871 3.8350000000000004 7.7195833333333344 2.5000000000000004 13.500000000000002 21.350000000000005 0.027030603284711973 4.0204166666666685 2.955833333333334 8.5000000000000018 3.2050000000000005 2.4150000000000005 2.7172322375397671 60.500000000000007 15.65 1.7890482673668517 55.500000000000007 12.65 4.5000000000000009 45.500000000000007 11.731250000000001 1.905 6.205000000000001 -0.49240481012316845 949.55000000000007 12.365 953.75000000000011 957.35000000000002
decision_type=2 2 2 10 2 2 2 2 2 2 2 2 8 10 2 2 2 2 2 2 2 2 2 8 2 2 2 10 2 2
left_child=1 7 3 23 9 6 17 8 10 -2 15 14 -8 -7 20 -1 -17 -4 19 -10 22 27 -6 24 -3 26 -21 -22 -11 -30
right_child=4 2 5 -5 11 13 12 -9 18 28 -12 -13 -14 -15 -16 16 -18 -19 -20 25 21 -23 -24 -25 -26 -27 -28 -29 29 -31
leaf_value=0 0 0 0 0 0.0007861148569366412 0 0 0 0 6.3918567460522624e-08 0 0.0032967966870292259 0 0 -0.00084930697665310092 0 0 0 0 0 0.0019506751422542145 -0.001771236751136044 0.012556246319948611 0 0 0 0 -0.0049947057943777523 -2.7288238229889111e-05 -2.9845117676220027e-07
leaf_weight=485 1567 2944 581 1087 9674 2407 299 6658 203 21713 247 13814 383 3691 327 265 273 459 1651 292 3690 2246 2903 921 658 579 229 301 6707 11665
leaf_count=485 1567 2944 581 1087 9674 2407 299 6658 203 21713 247 13814 383 3691 327 265 273 459 1651 292 3690 2246 2903 921 658 579 229 301 6707 11665
internal_value=-0.00175228 -0.00764255 -0.0100261 -0.0128549 0.000167547 -0.00798978 -0.0116526 -0.00469771 -0.00650934 -0.000434117 -0.0100941 0.000927943 -0.00614847 -0.00694675 0.000405986 -0.0116644 -0.00857459 -0.0152153 -0.0049537 -0.00698853 0.000507572 -0.000506088 0.00101025 -0.014256 -0.0150108 -0.00817195 -0.01123 0.000616366 -0.000309429 -0.000824073
internal_weight=98919 24312 13430 5610 74607 7820 1722 10882 4224 41652 1270 32955 682 6098 19141 1023 538 1040 2954 1303 18814 6237 12577 4523 3602 1100 521 3991 40085 18372
internal_count=98919 24312 13430 5610 74607 7820 1722 10882 4224 41652 1270 32955 682 6098 19141 1023 538 1040 2954 1303 18814 6237 12577 4523 3602 1100 521 3991 40085 18372
is_linear=0
shrinkage=0.03


Tree=44
num_leaves=31
num_cat=0
split_feature=19 28 5 16 10 16 16 1 5 23 12 9 28 16 20 1 12 29 19 1 29 16 29 20 26 16 26 25 28 10
split_gain=1272.66 187.64 86.7236 60.2751 34.7312 33.2381 31.5344 28.3344 25.3281 25.2309 13.6858 11.8676 11.7321 11.5804 11.4509 16.0605 14.8913 13.3677 11.4197 18.4783 16.5553 10.9016 10.3386 10.3371 10.2237 9.89737 9.34269 9.14578 9.02251 8.82164
threshold=3.9562500000000012 952.55000000000007 0.03107594760009871 3.8350000000000004 2.5000000000000004 10.205000000000002 4.8150000000000004 22.650000000000002 0.031837191419278175 2.1350000000000002 7.205000000000001 5.5000000000000009 949.55000000000007 3.7950000000000004 1.934032917286024 -1.6499999999999997 1.905 73.500000000000014 3.2012500000000013 22.150000000000002 33.500000000000007 6.0750000000000011 53.500000000000007 2.5608519085205192 0.94828754594723541 6.995000000000001 -0.77159520228797429 1.1911251758087202 949.85000000000002 10.500000000000002
decision_type=2 2 2 10 2 10 8 2 2 2 10 2 2 8 2 2 10 2 2 2 2 10 2 2 2 8 2 2 2 2
left_child=1 6 3 14 9 23 7 8 27 26 24 18 22 -11 15 -3 17 -17 19 20 -6 -5 -10 25 29 -2 -4 -1 -12 -7
right_child=5 2 4 21 11 10 -8 -9 12 13 28 -13 -14 -15 -16 16 -18 -19 -20 -21 -22 -23 -24 -25 -26 -27 -28 -29 -30 -31
leaf_value=0 -4.1253513551777265e-07 0 0 0 0 -0.0014289599695090555 0 0 0 0 0.00076569731572048564 0 0 0 0 0 0 0 0 1.4999994076788509e-06 0 -1.018500448800491e-06 0 -1.1024765106821282e-05 0.00086765580983674362 0.00029017253882551464 0 0 0.0071716120233234299 0.00092280307554876444
leaf_weight=1003 17896 770 651 919 296 1365 2067 5297 616 246 2901 796 1238 337 1545 1256 523 476 2397 215 2809 211 853 14056 3492 20210 670 552 12719 653
leaf_count=1003 17896 770 651 919 296 1365 2067 5297 616 246 2901 796 1238 337 1545 1256 523 476 2397 215 2809 211 853 14056 3492 20210 670 552 12719 653
internal_value=-0.0017446 -0.00748217 -0.00980661 -0.0126678 -0.00786262 0.000271034 -0.00465669 -0.005383 -0.00720506 -0.0114343 0.00127466 -0.00681052 -0.00543473 -0.00615816 -0.0142033 -0.0153119 -0.013958 -0.0153161 -0.00728923 -0.00843609 -0.00902412 -0.00642291 -0.00724763 -0.000135603 -1.08793e-05 0.00012091 -0.0137308 -0.0102596 0.001728 -0.00170835
internal_weight=99035 25743 14117 5700 8417 73292 11626 9559 4262 1904 21130 6513 2707 583 4570 3025 2255 1732 5717 3320 3105 1130 1469 52162 5510 38106 1321 1555 15620 2018
internal_count=99035 25743 14117 5700 8417 73292 11626 9559 4262 1904 21130 6513 2707 583 4570 3025 2255 1732 5717 3320 3105 1130 1469 52162 5510 38106 1321 1555 15620 2018
is_linear=0
shrinkage=0.03


Tree=45
num_leaves=31
num_cat=0
split_feature=21 1 21 19 13 10 8 16 21 1 29 16 16 8 5 10 14 2 16 29 29 12 0 10 25 22 2 29 23 20
split_gain=1299.6 198.411 89.0641 39.6476 33.0445 31.5888 28.3316 28.3178 20.5443 18.6463 24.4881 26.5318 17.4914 17.7525 17.9061 16.6591 16.4382 16.3034 13.0807 12.7799 11.3399 10.9468 10.9135 10.0421 9.26268 9.19403 8.91372 9.79338 8.89736 8.86778
threshold=3.7562500000000001 18.850000000000005 2.5445833333333341 3.9562500000000012 1.7766666666666682 2.5000000000000004 14.500000000000002 10.205000000000002 4.0204166666666685 21.850000000000005 60.500000000000007 3.9150000000000005 3.7250000000000005 18.500000000000004 0.033245294347471442 2.5000000000000004 0.26000000000000095 1.2217854127065169 1.0000000180025095e-35 75.500000000000014 36.500000000000007 7.205000000000001 1.9850000000000001 11.500000000000002 1.6774542661639436 0.90464565098738736 1.1411771127961101 70.500000000000014 0.38500000000000006 2.1591954513384137
decision_type=2 2 2 2 2 2 2 10 2 2 2 10 10 2 2 2 2 2 10 2 2 10 2 2 2 2 2 2 2 2
left_child=1 2 4 8 18 6 24 29 15 10 11 22 13 14 -7 -2 -8 20 -1 23 -6 25 -3 28 -4 -9 27 -23 -20 -5
right_child=3 9 5 7 17 12 16 21 -10 -11 -12 -13 -14 -15 -16 -17 -18 -19 19 -21 -22 26 -24 -25 -26 -27 -28 -29 -30 -31
leaf_value=0 0 0 0 9.7791207779706482e-08 0 0 0 0.00015931516463037573 8.9535353028566412e-09 0 0 0 0 0 0 0 0 0 0 0 0 0.0040330674068108988 0 0 0 -0.0059581986102007324 0.006347823582957832 -0.0033782324610109574 0 -5.0813074003661763e-06
leaf_weight=217 291 397 752 31764 215 846 217 5305 1186 6462 579 367 2659 602 2393 1756 576 320 384 872 1733 3832 650 333 495 233 11727 327 1795 20241
leaf_count=217 291 397 752 31764 215 846 217 5305 1186 6462 579 367 2659 602 2393 1756 576 320 384 872 1733 3832 650 333 495 233 11727 327 1795 20241
internal_value=-0.00165036 -0.0079268 -0.0100675 0.000221947 -0.0129168 -0.00810298 -0.0113692 0.000365185 -0.00302687 -0.00427482 -0.00681231 -0.00893446 -0.00706995 -0.00836895 -0.00924877 -0.00484357 -0.00686842 -0.0100334 -0.0147163 -0.014213 -0.00895853 0.00128293 -0.0113584 -0.0153254 -0.0141925 0.000134223 0.00168322 0.000489193 -0.0160865 -1.29782e-05
internal_weight=99526 22864 14409 76662 5869 8540 2040 73429 3233 8455 1993 1414 6500 3841 3239 2047 793 2268 3601 3384 1948 21424 1047 2512 1247 5538 15886 4159 2179 52005
internal_count=99526 22864 14409 76662 5869 8540 2040 73429 3233 8455 1993 1414 6500 3841 3239 2047 793 2268 3601 3384 1948 21424 1047 2512 1247 5538 15886 4159 2179 52005
is_linear=0
shrinkage=0.03


Tree=46
num_leaves=31
num_cat=0
split_feature=21 2 21 19 10 13 8 21 21 10 1 2 17 25 21 27 10 25 1 10 21 8 17 17 10 28 21 9 1 17
split_gain=1278.07 197.434 82.8847 39.6727 35.0249 34.3702 30.0117 27.9452 21.7559 16.6459 15.9446 15.2624 14.2385 12.8793 12.6426 10.5826 10.0832 12.7805 16.1141 11.6857 9.99919 13.3494 10.9504 9.73472 9.22602 10.7601 8.59231 8.38709 8.14995 7.91767
threshold=3.7562500000000001 1.1310194247854148 2.5445833333333341 3.9562500000000012 2.5000000000000004 1.7766666666666682 14.500000000000002 9.3362500000000015 4.0204166666666685 2.5000000000000004 -2.4499999999999997 1.119521429291779 5.0050000000000008 1.2720937283437286 3.1650000000000005 0.59480013772226059 8.5000000000000018 2.0971607702642188 -2.0499999999999994 4.5000000000000009 2.5066666666666673 7.5000000000000009 3.1500000000000008 5.5950000000000006 10.500000000000002 952.25000000000011 2.21763888888889 1.0000000180025095e-35 21.650000000000002 15.145000000000001
decision_type=2 2 2 2 2 2 2 2 2 2 2 2 2 2 2 2 2 2 2 2 2 2 2 2 2 2 2 2 2 2
left_child=1 11 5 8 6 24 13 -5 9 -2 -7 -1 -8 -4 23 27 17 19 -19 -9 21 -13 -22 -6 25 -3 -27 -12 -20 -21
right_child=3 2 4 7 14 10 12 16 -10 -11 15 20 -14 -15 -16 -17 -18 18 28 29 22 -23 -24 -25 -26 26 -28 -29 -30 -31
leaf_value=0 0 0 0 -4.0309281768562134e-07 0 0 0 0.0051198297438301279 8.6849292437948809e-09 0 0 0 0 0 0 0 0.0060118624975272995 -0.0058710102177917814 0.0021536450695520955 0.00019836923336920783 0 0 0 0 0 0 0 0 -0.005119241899391818 -0.003154460945174643
leaf_weight=6417 298 486 466 53988 2834 330 455 6363 1160 1799 225 330 345 775 3206 373 8634 332 780 2374 566 303 785 428 1030 1640 516 1341 244 390
leaf_count=6417 298 486 466 53988 2834 330 455 6363 1160 1799 225 330 345 775 3206 373 8634 332 780 2374 566 303 785 428 1030 1640 516 1341 244 390
internal_value=-0.00169103 -0.00791464 -0.0100408 0.00017175 -0.00813284 -0.0127644 -0.0115674 0.000316168 -0.0030653 -0.00488535 -0.00981662 -0.00425375 -0.00696894 -0.014492 -0.00704094 -0.00873611 0.00130169 0.000675915 -0.00203674 0.00107983 -0.00655505 -0.00967241 -0.00506416 -0.00836364 -0.01457 -0.0155474 -0.016484 -0.00760789 -0.000163265 -0.000548212
internal_weight=99213 22851 14450 76362 8509 5941 2041 73105 3257 2097 2269 8401 800 1241 6468 1939 19117 10483 1356 9127 1984 633 1351 3262 3672 2642 2156 1566 1024 2764
internal_count=99213 22851 14450 76362 8509 5941 2041 73105 3257 2097 2269 8401 800 1241 6468 1939 19117 10483 1356 9127 1984 633 1351 3262 3672 2642 2156 1566 1024 2764
is_linear=0
shrinkage=0.03


Tree=47
num_leaves=31
num_cat=0
split_feature=21 2 21 16 16 10 13 22 13 2 16 29 1 25 21 27 12 18 8 10 28 14 8 26 8 29 1 26 29 10
split_gain=1296.46 199.183 89.5938 35.5287 35.1387 34.9527 24.5324 22.4301 19.1105 16.2456 23.2473 24.1228 15.923 15.4002 13.3655 12.9773 12.3287 11.2426 10.0084 9.83334 10.0608 9.59199 12.7444 9.13629 8.20774 8.12399 7.63493 7.49498 7.43482 7.38815
threshold=3.7562500000000001 1.1310194247854148 2.2641666666666684 3.7950000000000004 10.205000000000002 2.5000000000000004 2.0783333333333345 0.10035890669990752 1.7766666666666682 1.119521429291779 3.8350000000000004 60.500000000000007 -1.8499999999999999 1.7320763913505852 4.0204166666666685 -0.39873388578253693 8.0750000000000011 2.0150000000000001 18.500000000000004 10.500000000000002 952.05000000000007 1.0023139893932111 18.500000000000004 0.64942331933852349 15.500000000000002 73.500000000000014 1.6500000000000001 -0.80382625221112003 73.500000000000014 1.5000000000000002
decision_type=2 2 2 8 10 2 2 2 2 2 10 2 2 2 2 2 10 10 2 2 2 2 2 2 2 2 2 2 2 2
left_child=1 9 8 5 7 24 21 14 19 -1 11 17 13 25 26 -10 -6 -11 23 20 -3 22 27 -8 -4 -5 -2 -7 -21 -9
right_child=4 2 3 12 16 6 18 29 15 10 -12 -13 -14 -15 -16 -17 -18 -19 -20 28 -22 -23 -24 -25 -26 -27 -28 -29 -30 -31
leaf_value=0 0 0 0 0 0.00025410800136004387 0 0 -4.4472922490469323e-06 0 0 0 0 0 0 -2.0903812671460574e-09 0 0.0069817995153641527 0 0 0 0 0 0 0 0 0 0 0 0 2.1535102362711664e-08
leaf_weight=6380 262 392 988 347 8649 378 1829 4813 374 391 568 399 3051 256 1017 898 12605 625 511 540 1715 229 203 857 510 307 1507 853 234 47436
leaf_count=6380 262 392 988 347 8649 378 1829 4813 374 391 568 399 3051 256 1017 898 12605 625 511 540 1715 229 203 857 510 307 1507 853 234 47436
internal_value=-0.0016665 -0.00793673 -0.0100666 -0.00856093 0.000210724 -0.0099538 -0.00870092 -0.000189408 -0.0137929 -0.00424725 -0.00662022 -0.00867253 -0.00631543 -0.00980328 -0.00280975 -0.0106374 0.00124663 -0.0111185 -0.0071421 -0.0151653 -0.0162685 -0.0116673 -0.0125837 -0.00787514 -0.013976 -0.00726555 -0.00438162 -0.0137354 -0.012077 -4.94315e-05
internal_weight=99124 22835 14472 10319 76289 6358 4860 55035 4153 8363 1983 1415 3961 910 2786 1272 21254 1016 3197 2881 2107 1663 1434 2686 1498 654 1769 1231 774 52249
internal_count=99124 22835 14472 10319 76289 6358 4860 55035 4153 8363 1983 1415 3961 910 2786 1272 21254 1016 3197 2881 2107 1663 1434 2686 1498 654 1769 1231 774 52249
is_linear=0
shrinkage=0.03


Tree=48
num_leaves=31
num_cat=0
split_feature=21 1 21 10 5 16 8 22 17 16 1 12 8 25 16 16 21 24 14 23 12 20 26 12 24 10 26 1 27 15
split_gain=1292.2 185.466 96.7739 42.9087 34.8205 31.9338 26.4705 24.6872 19.3287 18.9838 17.0184 15.7714 17.722 13.9922 13.9282 13.7069 13.5394 12.3799 11.8657 11.6918 11.2985 10.5189 10.3663 9.58079 7.8297 7.77882 7.61595 7.53492 7.46904 7.42234
threshold=3.7562500000000001 21.350000000000005 2.5445833333333341 2.5000000000000004 0.025831218702820461 10.205000000000002 14.500000000000002 0.10035890669990752 5.0050000000000008 3.9150000000000005 -1.6499999999999997 2.6750000000000003 17.500000000000004 1.2890195511976279 4.1250000000000009 3.9150000000000005 4.0204166666666685 4.6500000000000012 1.1052299902222755 0.45500000000000007 8.0750000000000011 2.1591954513384137 -0.94828754594723508 1.8250000000000004 2.0500000000000003 4.5000000000000009 0.94828754594723541 36.150000000000013 0.72534675097891099 -0.51500000000000046
decision_type=2 2 2 2 2 10 2 2 2 10 2 10 2 2 10 8 2 2 2 2 10 2 2 10 2 2 2 2 2 10
left_child=1 2 4 6 14 7 13 16 -8 11 -6 12 18 -4 15 19 -2 28 22 -1 26 -9 -5 -24 -21 -26 -7 -23 29 -12
right_child=5 -3 3 9 10 20 8 21 -10 -11 17 -13 -14 -15 -16 -17 -18 -19 -20 24 -22 27 23 -25 25 -27 -28 -29 -30 -31
leaf_value=0 0 0 0 0 0 -0.00043111987007535811 0 1.0630420300600935e-07 0 0 0 0 0 0 0 0 -2.0276698291243898e-09 0 0 0 0.0065738596919412071 -4.7205452129973051e-06 0 0 0 0 0.0013570661678671526 -8.6709801340746986e-05 0 0
leaf_weight=637 1759 6711 477 340 489 3120 453 31914 327 2781 705 2398 472 766 224 221 1071 275 390 943 12642 20078 537 671 540 870 5578 200 295 1246
leaf_count=637 1759 6711 477 340 489 3120 453 31914 327 2781 705 2398 472 766 224 221 1071 275 390 943 12642 20078 537 671 540 870 5578 200 295 1246
internal_value=-0.00167196 -0.00794388 -0.00969425 -0.00777935 -0.0125419 0.000198463 -0.0116672 -0.000183619 -0.00726115 -0.00673598 -0.0101493 -0.00787991 -0.00960248 -0.0143918 -0.0146206 -0.0151297 -0.00291005 -0.00911995 -0.0108729 -0.0145442 0.00118342 -3.55192e-05 -0.012058 -0.0106645 -0.0134949 -0.0149682 0.000350914 -0.000569738 -0.00834829 -0.0076365
internal_weight=99130 22768 16057 9612 6445 76362 2023 55022 780 7589 3010 4808 2410 1243 3435 3211 2830 2521 1938 2990 21340 52192 1548 1208 2353 1410 8698 20278 2246 1951
internal_count=99130 22768 16057 9612 6445 76362 2023 55022 780 7589 3010 4808 2410 1243 3435 3211 2830 2521 1938 2990 21340 52192 1548 1208 2353 1410 8698 20278 2246 1951
is_linear=0
shrinkage=0.03


Tree=49
num_leaves=31
num_cat=0
split_feature=21 2 5 16 10 8 21 22 29 2 29 16 16 21 22 28 25 12 14 12 10 8 21 25 16 16 2 26 8 9
split_gain=1295.58 201.679 86.8035 61.4917 32.3473 39.5673 29.7983 23.5743 17.1452 16.3178 22.6573 21.2665 15.1439 12.3116 11.4433 11.0123 10.8138 10.7135 9.7708 9.18597 9.02305 13.5099 11.8104 10.7698 8.65915 8.33747 7.76768 7.60347 12.3845 9.07688
threshold=3.7562500000000001 1.1310194247854148 0.03107594760009871 3.8350000000000004 2.5000000000000004 13.500000000000002 9.3362500000000015 0.10035890669990752 29.500000000000004 1.119521429291779 60.500000000000007 3.8350000000000004 3.7950000000000004 4.0895833333333345 0.098728558896071766 949.85000000000002 1.6477423955707045 1.8650000000000004 1.0219670574926372 6.205000000000001 4.5000000000000009 19.500000000000004 1.8470833333333336 2.4367850463224747 6.0750000000000011 5.5750000000000011 1.2092634530215358 0.68832836526074803 18.500000000000004 1.5000000000000002
decision_type=2 2 2 10 2 2 2 2 2 2 2 10 8 2 2 2 2 10 2 8 2 2 2 2 10 8 2 2 2 2
left_child=1 9 3 18 5 16 7 13 -6 -1 11 17 -7 25 27 -8 -4 -11 20 -17 22 23 26 -22 -5 -2 -3 28 -10 -30
right_child=6 2 4 24 8 12 15 -9 14 10 -12 -13 -14 -15 -16 19 -18 -19 -20 -21 21 -23 -24 -25 -26 -27 -28 -29 29 -31
leaf_value=0 0 0 0 0 0 0 -0.00048656949815356924 -9.1945656661707172e-08 0 0 0 0 0 8.9042525923919974e-09 0 -0.0045978839711034742 0 0 0 0.0045791862263475196 0 0 0 0 0 0 0 0 0 0
leaf_weight=6436 1511 361 469 1043 223 364 3829 54462 3384 346 595 380 293 813 254 311 498 658 203 14997 2128 290 1473 274 213 482 374 1967 254 434
leaf_count=6436 1511 361 469 1043 223 364 3829 54462 3384 346 595 380 293 813 254 311 498 658 203 14997 2128 290 1473 274 213 482 374 1967 254 434
internal_value=-0.00169811 -0.00795401 -0.0100981 -0.0127283 -0.00803683 -0.0118343 0.000178445 -0.000164056 -0.00708204 -0.00425594 -0.00663962 -0.00873866 -0.0060861 -0.00284312 -0.00678168 0.00120317 -0.0156883 -0.0110188 -0.0141936 0.00156299 -0.0144648 -0.0132125 -0.0159584 -0.0139568 -0.00674227 -0.00410961 -0.0191959 -0.00704384 -0.00779102 -0.00407792
internal_weight=99319 22914 14499 6359 8140 1624 76405 57268 6516 8415 1979 1384 657 2806 6293 19137 967 1004 5103 15308 4900 2692 2208 2402 1256 1993 735 6039 4072 688
internal_count=99319 22914 14499 6359 8140 1624 76405 57268 6516 8415 1979 1384 657 2806 6293 19137 967 1004 5103 15308 4900 2692 2208 2402 1256 1993 735 6039 4072 688
is_linear=0
shrinkage=0.03


Tree=50
num_leaves=31
num_cat=0
split_feature=21 28 21 2 5 21 21 10 22 5 10 23 10 28 10 27 29 29 2 21 8 23 20 29 2 29 2 12 21 17
split_gain=1266.25 201.603 63.5733 40.5877 31.1858 27.7601 22.5112 19.2544 19.2293 18.0604 16.107 14.4377 13.5188 13.377 13.3193 19.3593 18.3862 16.7763 28.1646 13.1397 12.1257 11.7255 9.34836 9.14391 8.94314 8.92076 21.1821 11.7663 8.63125 8.57324
threshold=3.7562500000000001 953.85000000000002 2.21763888888889 1.119521429291779 0.031837191419278175 8.078055555555558 2.692083333333334 10.500000000000002 0.10035890669990752 0.03107594760009871 1.5000000000000002 1.4950000000000003 8.5000000000000018 958.95000000000016 4.5000000000000009 0.33379414889141285 45.500000000000007 61.500000000000007 1.2172836238494931 4.0895833333333345 14.500000000000002 0.77000000000000013 1.5110206258827075 39.500000000000007 1.2070543490138486 58.500000000000007 1.1443393633847083 1.3950000000000002 11.068750000000003 3.3250000000000006
decision_type=2 2 2 2 2 2 2 2 2 2 2 2 2 2 2 2 2 2 2 2 2 2 2 2 2 2 2 10 2 2
left_child=1 3 7 -1 6 8 25 21 19 -4 20 -8 14 -9 15 28 -16 18 23 -2 -11 -3 -12 -17 -23 29 -27 -28 -7 -5
right_child=5 2 9 4 -6 12 11 13 -10 10 22 -13 -14 -15 16 17 -18 -19 -20 -21 -22 24 -24 -25 -26 26 27 -29 -30 -31
leaf_value=0 0 0 0 0 0 0.0011657320023033188 0 0 -1.4870525039368914e-06 0 0 0 0.0034568783540105934 0 0.0010704135845465269 -0.0033310315854639247 -0.0021821468798145904 0.00090276253690825536 -0.0059025584697341539 4.4123816566217497e-08 0 0 0 0.0024142352326847905 0 0 0 0 0.011069085127382765 0
leaf_weight=6039 1983 613 2689 358 3262 6690 514 230 43931 469 2975 204 12559 674 3371 209 2015 706 208 833 242 1057 1768 330 556 353 231 204 3404 229
leaf_count=6039 1983 613 2689 358 3262 6690 514 230 43931 469 2975 204 12559 674 3371 209 2015 706 208 833 242 1057 1768 330 556 353 231 204 3404 229
internal_value=-0.00167951 -0.00790398 -0.0107484 -0.00508624 -0.00698787 0.000171515 -0.00984795 -0.0143923 -0.000283175 -0.00933984 -0.008329 -0.00548548 0.000892159 -0.0105809 0.000338824 0.000913348 -0.000892599 -0.00231893 -0.0054375 -0.00268415 -0.0125656 -0.015913 -0.00768134 -0.00177022 -0.0144567 -0.0120978 -0.00988146 -0.0142841 0.00137954 -0.0149645
internal_weight=98906 22667 11273 11394 5355 76239 2093 3130 46747 8143 5454 718 29492 904 16933 11547 5386 1453 747 2816 711 2226 4743 539 1613 1375 788 435 10094 587
internal_count=98906 22667 11273 11394 5355 76239 2093 3130 46747 8143 5454 718 29492 904 16933 11547 5386 1453 747 2816 711 2226 4743 539 1613 1375 788 435 10094 587
is_linear=0
shrinkage=0.03


Tree=51
num_leaves=31
num_cat=0
split_feature=21 2 21 16 5 22 10 5 16 2 29 16 18 21 28 16 29 20 2 25 3 17 29 10 25 2 2 14 23 10
split_gain=1287.11 196.248 85.3669 37.1742 33.2799 30.1806 27.7236 21.7594 21.4436 16.1829 23.7784 20.0552 14.5576 13.6684 13.3551 12.9164 16.6303 11.432 11.2507 18.8132 10.3273 9.93572 9.81983 9.81136 9.16378 14.0929 8.96858 8.95441 8.05506 12.8574
threshold=3.7562500000000001 1.1310194247854148 2.2641666666666684 3.7950000000000004 0.03107594760009871 0.10035890669990752 2.5000000000000004 0.032478863435870899 10.205000000000002 1.119521429291779 60.500000000000007 3.8350000000000004 2.0150000000000001 4.0204166666666685 953.95000000000016 1.0000000180025095e-35 74.500000000000014 2.18430003978709 1.2181813256979972 1.3277668416447945 3.9121700550144221 8.2550000000000008 19.500000000000004 11.500000000000002 2.3800311526479754 1.2354928042286053 1.1896678970463057 2.3203591409074895 4.245000000000001 1.5000000000000002
decision_type=2 2 2 8 2 2 2 2 8 2 2 10 10 2 2 10 2 2 2 2 2 2 2 2 2 2 2 2 2 2
left_child=1 9 7 4 -4 13 -6 15 17 -1 11 12 -11 -2 -9 -3 23 -7 -5 -20 22 -10 -19 26 25 -22 -17 28 29 -23
right_child=5 2 3 18 6 8 -8 14 21 10 -12 -13 -14 -15 -16 16 -18 20 19 -21 24 27 -24 -25 -26 -27 -28 -29 -30 -31
leaf_value=0 0 0 0 0 0 1.5048502173375943e-07 0 0 -4.8181449262410936e-05 0 0 0 0 -1.9668397342569031e-09 0 0 0 -5.7776484533367324e-05 0 0 -1.4188095003111362e-05 -0.002452740190453581 5.5251539405243647e-07 0 -9.7559933603566531e-05 -0.00026433924835933678 0 -0.0020258696299411457 0.006784047372580807 0.0011531377180312955
leaf_weight=6383 1784 223 2113 3026 762 31411 3548 213 3073 371 594 385 623 1033 686 1424 811 214 433 456 9522 1089 6585 278 1903 594 494 688 12563 6004
leaf_count=6383 1784 223 2113 3026 762 31411 3548 213 3073 371 594 385 623 1033 686 1424 811 214 433 456 9522 1089 6585 278 1903 594 494 688 12563 6004
internal_value=-0.00170571 -0.00795694 -0.0100711 -0.0086064 -0.0100142 0.000160577 -0.00848204 -0.0137235 0.000277226 -0.00429279 -0.00666886 -0.00882442 -0.0110691 -0.00288412 -0.00949447 -0.0148841 -0.0143157 -7.23214e-05 -0.00628699 -0.0092651 -0.000656962 0.00102686 0.000277337 -0.0156938 -0.00118538 -0.000825215 -0.0164774 0.00126699 0.00138487 0.000576078
internal_weight=99286 22823 14467 10338 6423 76463 4310 4129 73646 8356 1973 1379 994 2817 899 3230 3007 50229 3915 889 18818 23417 6799 2196 12019 10116 1918 20344 19656 7093
internal_count=99286 22823 14467 10338 6423 76463 4310 4129 73646 8356 1973 1379 994 2817 899 3230 3007 50229 3915 889 18818 23417 6799 2196 12019 10116 1918 20344 19656 7093
is_linear=0
shrinkage=0.03


Tree=52
num_leaves=31
num_cat=0
split_feature=21 1 21 22 10 8 21 10 21 13 1 29 21 5 21 8 5 8 22 13 17 18 18 19 17 8 11 10 10 29
split_gain=1276.6 198.475 83.982 32.5854 32.3673 26.6848 22.3895 20.2336 19.5075 16.945 16.3292 23.9448 17.7593 15.1154 13.4086 13.3155 11.5908 11.6026 10.1241 10.0816 9.81675 9.66332 9.51759 8.93629 9.89031 9.63476 13.6726 10.8947 8.48082 30.6117
threshold=3.7562500000000001 18.850000000000005 2.2641666666666684 0.10035890669990752 2.5000000000000004 14.500000000000002 10.428750000000003 2.5000000000000004 3.1333333333333342 1.7766666666666682 21.850000000000005 60.500000000000007 3.0590277777777781 0.057532059755645175 4.0895833333333345 13.500000000000002 0.03107594760009871 18.500000000000004 0.098728558896071766 7.205000000000001 3.9050000000000007 1.7800000000000002 2.0150000000000001 4.1362500000000013 4.4750000000000005 12.500000000000002 4.4250000000000007 8.5000000000000018 2.5000000000000004 58.500000000000007
decision_type=2 2 2 2 2 2 2 2 2 2 2 2 2 2 2 2 2 2 2 2 2 10 10 2 2 2 10 2 2 2
left_child=1 2 7 14 5 -4 23 15 16 -9 11 12 22 -7 -2 -1 17 21 -10 -8 -14 -6 -3 -5 -25 28 27 -27 29 -26
right_child=3 10 4 6 8 13 19 9 18 -11 -12 -13 20 -15 -16 -17 -18 -19 -20 -21 -22 -23 -24 24 25 26 -28 -29 -30 -31
leaf_value=0 0 0 0 1.2255632780429696e-07 0 0 -0.0056518995099285223 0 0 0 0 0 0 0 7.1586183313826796e-09 0 0 0 0 0.0056956659775292276 0 0 0 -9.9155070488447624e-06 -0.0026222003881214468 -1.9286597649644415e-05 0.00059558073652894521 7.2880587661055608e-05 6.3681787091396849e-08 -4.180656020726898e-06
leaf_weight=575 1996 405 1486 2285 878 753 206 2091 3090 1042 6441 593 316 236 825 416 2774 262 294 12032 270 509 416 8337 566 3477 18463 1869 22316 4156
leaf_count=575 1996 405 1486 2285 878 753 206 2091 3090 1042 6441 593 316 236 825 416 2774 262 294 12032 270 509 416 8337 566 3477 18463 1869 22316 4156
internal_value=-0.00167856 -0.0079008 -0.0100411 0.000179452 -0.00858209 -0.0115827 0.000300643 -0.0136638 -0.00762404 -0.012435 -0.00424426 -0.00661347 -0.00873867 -0.00769919 -0.00298195 -0.0174669 -0.00894106 -0.0109571 -0.005892 0.00147219 -0.00469036 -0.0120539 -0.0115823 6.72969e-05 -3.85196e-06 0.000153209 0.000593223 -0.000742291 -0.000234293 -0.00138862
internal_weight=99375 22847 14406 76528 10282 2475 73707 4124 7807 3133 8441 2000 1407 989 2821 991 4423 1649 3384 12238 586 1387 821 61469 59184 50847 23809 5346 27038 4722
internal_count=99375 22847 14406 76528 10282 2475 73707 4124 7807 3133 8441 2000 1407 989 2821 991 4423 1649 3384 12238 586 1387 821 61469 59184 50847 23809 5346 27038 4722
is_linear=0
shrinkage=0.03


Tree=53
num_leaves=31
num_cat=0
split_feature=22 28 5 16 16 1 10 5 16 8 29 5 17 16 16 10 2 14 28 23 10 29 5 25 2 1 28 28 23 16
split_gain=1259.51 202.308 73.3666 64.0318 29.2595 29.4972 27.468 27.4389 19.6693 14.9573 12.3549 11.898 14.2877 11.5805 11.0995 10.9786 10.4755 10.2428 9.42983 8.91596 10.3921 20.5649 8.09317 7.99608 7.88834 7.86131 7.65247 7.58973 8.28769 7.50005
threshold=0.10035890669990752 952.6500000000002 0.033245294347471442 3.8350000000000004 4.8150000000000004 22.650000000000002 1.5000000000000002 0.031837191419278175 10.205000000000002 12.500000000000002 64.500000000000014 0.025831218702820461 3.7250000000000005 6.0750000000000011 2.4150000000000005 2.5000000000000004 1.1555466051214205 2.1823840175367848 949.6500000000002 4.205000000000001 1.5000000000000002 64.500000000000014 0.092681462599882677 1.1911251758087202 1.2000391398376598 36.750000000000007 956.75000000000011 961.6500000000002 0.77000000000000013 1.7750000000000001
decision_type=2 2 2 10 8 2 2 2 10 2 2 2 2 10 10 2 2 2 2 2 2 2 2 2 2 2 2 2 2 10
left_child=1 4 3 11 5 7 9 23 25 -4 16 12 15 -5 22 -3 18 19 -9 20 21 -10 -8 -1 -13 -2 -21 28 -14 -29
right_child=8 2 6 13 -6 -7 14 10 17 -11 -12 24 27 -15 -16 -17 -18 -19 -20 26 -22 -23 -24 -25 -26 -27 -28 29 -30 -31
leaf_value=0 1.2376054065524333e-08 0 0 0 0 0 0 0 -0.0054823425246306656 0 0 0 0 4.9012062441588457e-05 0 0 0 -0.0017049444083843117 0 0.0038552984649243439 0.00084999799704524911 0.0006094170430752877 0 0 0 -6.2781474900923051e-05 0.010362621173057982 0 0 0
leaf_weight=1020 52046 416 475 1034 2133 5344 2189 872 409 367 923 836 426 201 3671 1319 271 904 670 7584 6230 709 603 561 706 511 5423 344 629 227
leaf_count=1020 52046 416 475 1034 2133 5344 2189 872 409 367 923 836 426 201 3671 1319 271 904 670 7584 6230 709 603 561 706 511 5423 344 629 227
internal_value=-0.0016971 -0.00748193 -0.00999784 -0.01242 -0.00461124 -0.00531316 -0.00795554 -0.00715849 0.000281058 -0.0130626 -0.0053236 -0.013959 -0.0149902 -0.00627823 -0.00728061 -0.0169397 -0.00676073 0.00105093 -0.00771429 0.00118983 0.000354141 -0.00230276 -0.00871791 -0.0103071 -0.0116703 -3.04211e-05 0.00166162 -0.0128645 -0.0144198 -0.00989062
internal_weight=99053 25237 13443 6138 11794 9661 7305 4317 73816 842 2736 4903 3361 1235 6463 1735 1813 21259 1542 20355 7348 1118 2792 1581 1542 52557 13007 1626 1055 571
internal_count=99053 25237 13443 6138 11794 9661 7305 4317 73816 842 2736 4903 3361 1235 6463 1735 1813 21259 1542 20355 7348 1118 2792 1581 1542 52557 13007 1626 1055 571
is_linear=0
shrinkage=0.03


Tree=54
num_leaves=31
num_cat=0
split_feature=22 28 13 16 16 1 1 29 16 12 19 9 20 15 29 28 12 1 23 8 16 1 29 20 17 7 13 17 12 26
split_gain=1260.47 204.423 74.657 49.921 25.6856 26.5087 23.8516 30.409 21.1473 20.0828 20.0805 14.5682 13.8674 13.2865 11.5463 12.2245 11.5225 10.7904 9.99885 9.93257 9.16928 8.77166 17.7742 8.70205 8.43506 7.62527 7.36329 7.14778 7.13947 8.54625
threshold=0.10035890669990752 952.6500000000002 1.8133333333333341 3.6750000000000003 4.8150000000000004 22.650000000000002 -1.4499999999999997 71.500000000000014 2.4150000000000005 1.9850000000000001 11.071250000000003 1.5000000000000002 2.4496666433831629 -1.6199999999999992 64.500000000000014 949.6500000000002 3.4350000000000005 36.550000000000004 0.72500000000000009 17.500000000000004 5.9250000000000007 16.650000000000002 70.500000000000014 1.7073151434759624 5.2550000000000008 35.500000000000007 11.628333333333336 3.2150000000000003 5.4250000000000007 0.98321746822993605
decision_type=2 2 2 10 10 2 2 2 10 10 2 2 2 10 2 2 10 2 2 2 10 2 2 2 2 2 2 2 10 2
left_child=1 4 3 12 5 9 7 11 24 13 17 -4 -3 -1 15 -11 27 25 -10 -15 -5 -12 -23 -19 -8 28 -27 -9 -2 -30
right_child=10 2 6 20 -6 -7 8 16 18 14 21 -13 -14 19 -16 -17 -18 23 -20 -21 -22 22 -24 -25 -26 26 -28 -29 29 -31
leaf_value=0 -8.3681838427501419e-07 0 0 0 0 0 0 0 0 0 0.0089514986339522887 0 0 0 0 0 0 -2.4976753848672484e-05 0 0 -1.0500007912517608e-06 0.0052048641663332961 -0.0036914156777078325 -0.00097084186393163192 0 -4.9217014929788302e-06 -0.0033451361734131782 0 6.5809091837177138e-05 0.0014227828528711728
leaf_weight=220 19169 3133 303 907 2058 5297 2286 435 249 868 6939 441 850 1345 873 780 242 358 3708 261 210 2179 262 238 336 17570 203 374 20895 6111
leaf_count=220 19169 3133 303 907 2058 5297 2286 435 249 868 6939 441 850 1345 873 780 242 358 3708 261 210 2179 262 238 336 17570 203 374 20895 6111
internal_value=-0.0016985 -0.00749541 -0.0100147 -0.0128815 -0.00459161 -0.00524075 -0.00826208 -0.0113417 -0.00741388 -0.00697817 0.000276103 -0.00663284 -0.0144561 -0.00937848 -0.00522447 -0.00670054 -0.0146278 8.75615e-05 -0.00601439 -0.010324 -0.00722727 0.00157272 2.57564e-05 -0.00391348 -0.00951047 0.000125155 -0.000402801 -0.0163673 0.000328389 0.000642627
internal_weight=99100 25176 13474 5100 11702 9644 8374 1795 6579 4347 73924 744 3983 1826 2521 1648 1051 64544 3957 1606 1117 9380 2441 596 2622 63948 17773 809 46175 27006
internal_count=99100 25176 13474 5100 11702 9644 8374 1795 6579 4347 73924 744 3983 1826 2521 1648 1051 64544 3957 1606 1117 9380 2441 596 2622 63948 17773 809 46175 27006
is_linear=0
shrinkage=0.03


Tree=55
num_leaves=31
num_cat=0
split_feature=22 28 21 10 12 16 1 8 5 21 21 16 21 14 1 21 29 29 2 10 28 19 28 12 28 24 16 20 28 5
split_gain=1241.47 202.403 92.4866 38.0098 34.4948 25.9343 30.5223 25.5989 22.2307 19.1908 18.7697 14.2719 14.1116 13.1118 12.9637 12.5606 11.7968 11.2889 10.9514 10.713 10.5827 9.49751 9.35057 9.27024 9.00403 10.1152 9.12736 8.73335 8.25959 7.96603
threshold=0.10035890669990752 952.6500000000002 2.5445833333333341 2.5000000000000004 1.9850000000000001 4.8150000000000004 22.650000000000002 14.500000000000002 0.031837191419278175 10.428750000000003 3.1650000000000005 4.8750000000000009 1.8470833333333336 0.50921508225895973 -2.2499999999999996 4.0204166666666685 64.500000000000014 73.500000000000014 1.1539321494097075 11.500000000000002 949.55000000000007 4.1362500000000013 947.55000000000007 7.0150000000000006 959.05000000000007 2.1500000000000008 2.2050000000000005 1.1223301649327189 954.25000000000011 0.020991495321392811
decision_type=2 2 2 2 10 8 2 2 2 2 2 8 2 2 2 2 2 2 2 2 2 2 2 8 2 2 10 2 2 2
left_child=1 5 4 7 12 6 8 -4 -1 21 27 13 14 -9 -3 -12 18 -16 20 28 22 -2 -10 -11 26 29 -14 -5 -6 -26
right_child=9 2 3 10 19 -7 -8 11 16 23 15 -13 24 -15 17 -17 -18 -19 -20 -21 -22 -23 -24 -25 25 -27 -28 -29 -30 -31
leaf_value=0 1.4017208318986117e-07 0 0 0 0 0 0 0 0 -0.0043443319906422313 0 0 0 0 0 8.6069280913828038e-09 0 0 0 0 0 -9.9978689827958531e-07 0 0.005309235295314069 0 0 0 0 0 0
leaf_weight=1570 2579 378 1348 931 201 2109 5274 327 508 237 3117 218 496 246 727 260 920 270 310 246 698 59113 299 12031 302 539 500 1847 1285 207
leaf_count=1570 2579 378 1348 931 201 2109 5274 327 508 237 3117 218 496 246 727 260 920 270 310 246 698 59113 299 12031 302 539 500 1847 1285 207
internal_value=-0.00172396 -0.00748353 -0.00999368 -0.00802362 -0.013155 -0.004593 -0.00525595 -0.0114753 -0.00713109 0.000233624 -0.00681575 -0.00711935 -0.0149133 -0.0095865 -0.017337 -0.00529834 -0.00547993 -0.0153683 -0.00688187 -0.00965112 -0.00793709 1.80885e-05 -0.010282 0.00131704 -0.0132445 -0.0111738 -0.0153566 -0.0086475 -0.0106117 -0.00800195
internal_weight=99093 25133 13445 8294 5151 11688 9579 2139 4305 73960 6155 791 3419 573 1375 3377 2735 997 1815 1732 1505 61692 807 12268 2044 1048 996 2778 1486 509
internal_count=99093 25133 13445 8294 5151 11688 9579 2139 4305 73960 6155 791 3419 573 1375 3377 2735 997 1815 1732 1505 61692 807 12268 2044 1048 996 2778 1486 509
is_linear=0
shrinkage=0.03


Tree=56
num_leaves=31
num_cat=0
split_feature=22 28 5 16 10 8 16 2 5 16 16 12 26 12 17 2 5 16 28 10 2 9 10 28 2 28 25 2 16 24
split_gain=1258.59 211.745 75.5454 68.4965 30.5783 31.2 25.22 26.5457 27.0938 18.3782 13.5723 10.699 12.97 10.6604 10.6554 19.0219 15.829 10.6278 10.4479 10.6577 11.4847 10.1441 11.219 12.1082 10.8475 9.59875 9.25251 9.16215 8.84392 8.71616
threshold=0.10035890669990752 952.6500000000002 0.032478863435870899 3.8350000000000004 2.5000000000000004 12.500000000000002 4.8150000000000004 1.119521429291779 0.027770655685583772 10.655000000000003 3.1350000000000002 8.9650000000000016 0.94828754594723541 4.0050000000000008 3.7250000000000005 1.2168352688931636 0.025258917904820259 5.9250000000000007 950.05000000000007 5.5000000000000009 1.1451326662839143 5.5000000000000009 11.500000000000002 959.1500000000002 1.1187632027469061 961.6500000000002 1.6700925299983103 1.1380322910790011 2.2050000000000005 2.3500000000000001
decision_type=2 2 2 10 2 2 10 2 2 10 8 10 2 10 2 2 2 10 2 2 2 2 2 2 2 2 2 2 10 2
left_child=1 6 3 14 5 26 7 -1 -9 -2 -7 12 -11 21 15 16 -3 -5 19 20 -10 22 24 -24 -6 -16 -4 -13 -26 -27
right_child=9 2 4 17 13 10 -8 8 18 11 -12 27 -14 -15 25 -17 -18 -19 -20 -21 -22 -23 23 -25 28 29 -28 -29 -30 -31
leaf_value=0 -2.7358769185662977e-07 0 0 0 0 0 0 0 0 -0.0011049264664735861 0 0.00066887653585906285 0.0018279116314420074 0 0 0 0 -1.0185007675142174e-06 0 0 0 0 5.0000008195638655e-05 0 0 0 0 0.010464049639068506 0 0
leaf_weight=5675 56006 1172 410 987 201 300 2106 1167 224 3283 384 2341 5775 1277 1418 669 708 234 1181 1082 309 560 220 488 1149 540 519 6571 1923 268
leaf_count=5675 56006 1172 410 987 201 300 2106 1167 224 3283 384 2341 5775 1277 1418 669 708 234 1181 1082 309 560 220 488 1149 540 519 6571 1923 268
internal_value=-0.00171322 -0.00750703 -0.0100803 -0.0125899 -0.00804828 -0.0117126 -0.00456192 -0.00521166 -0.00709703 0.000258553 -0.00677504 0.00109319 0.000366766 -0.00702318 -0.0142123 -0.0155885 -0.0139576 -0.00621289 -0.00547733 -0.0070463 -0.0105223 -0.00770721 -0.00824059 -0.00476297 -0.00898444 -0.0126051 -0.0152923 0.00183088 -0.00942606 -0.00985978
internal_weight=99147 25171 13427 5996 7431 1613 11744 9638 3963 73976 684 17970 9058 5818 4775 2549 1880 1221 2796 1615 533 4541 3981 708 3273 2226 929 8912 3072 808
internal_count=99147 25171 13427 5996 7431 1613 11744 9638 3963 73976 684 17970 9058 5818 4775 2549 1880 1221 2796 1615 533 4541 3981 708 3273 2226 929 8912 3072 808
is_linear=0
shrinkage=0.03


Tree=57
num_leaves=31
num_cat=0
split_feature=22 1 5 16 1 29 29 19 16 1 29 16 8 12 12 22 12 16 19 17 25 29 15 1 12 1 29 26 15 9
split_gain=1248.71 195.355 92.4784 71.4203 22.6027 29.284 24.7091 19.2175 19.0406 23.7628 20.7636 14.4865 17.5643 14.5009 12.5886 11.2731 10.6109 10.4213 8.7226 10.4674 9.55305 13.0719 11.9433 10.2448 8.42603 8.05341 21.6552 7.71808 8.08867 7.37231
threshold=0.10035890669990752 18.850000000000005 0.03107594760009871 3.8350000000000004 -1.4499999999999997 70.500000000000014 29.500000000000004 11.071250000000003 4.8150000000000004 22.650000000000002 60.500000000000007 3.6150000000000007 17.500000000000004 4.2150000000000007 1.8650000000000004 0.060755787682475047 1.8650000000000004 5.9250000000000007 4.1362500000000013 5.0550000000000006 2.6024555711230737 65.500000000000014 -0.36000000000000071 -0.44999999999999996 3.4350000000000005 16.650000000000002 70.500000000000014 0.59480013772226081 -1.7299999999999989 4.5000000000000009
decision_type=2 2 2 10 2 2 2 2 10 2 2 10 2 10 10 2 10 10 2 2 2 2 10 2 10 2 2 2 10 2
left_child=1 2 3 15 5 -4 -6 18 9 10 14 12 13 27 -3 16 -1 -5 -2 -20 -21 22 -22 -24 -7 -9 -27 28 -8 -13
right_child=7 8 4 17 6 24 11 25 -10 -11 -12 29 -14 -15 -16 -17 -18 -19 19 20 21 -23 23 -25 -26 26 -28 -29 -30 -31
leaf_value=0 1.4761537613646596e-07 0 0 0 0 0 0 0.0083802197849438126 0 0 0 0 0 0 0 0 0 0 -8.0923408966299805e-06 1.2754231987895916e-06 -1.6943327213475925e-06 1.903543057229387e-06 -0.00089168686516957762 -0.00017593668981227722 0 0.0049813690987476327 -0.0037844896904279867 0 0 0
leaf_weight=3649 2588 535 656 1023 284 813 284 6919 1738 5674 638 1827 849 694 1121 487 967 286 10688 48078 843 1137 236 848 246 2193 273 868 1785 786
leaf_count=3649 2588 535 656 1023 284 813 284 6919 1738 5674 638 1827 849 694 1121 487 967 286 10688 48078 843 1137 236 848 246 2193 273 868 1785 786
internal_value=-0.00172111 -0.00748483 -0.00957431 -0.0123366 -0.00762053 -0.0107355 -0.0068896 0.000248063 -0.00414396 -0.00476433 -0.00734145 -0.00653297 -0.00757191 -0.00848102 -0.00911017 -0.0139411 -0.0144086 -0.00605251 6.32384e-05 -8.24764e-06 0.000170215 -0.00145259 -0.00295497 -0.0050303 -0.0138186 0.00151597 4.37071e-05 -0.00940483 -0.0104161 -0.00474064
internal_weight=99013 25210 15504 6412 9092 1715 7377 73803 9706 7968 2294 7093 4480 3631 1656 5103 4616 1309 64418 61830 51142 3064 1927 1084 1059 9385 2466 2937 2069 2613
internal_count=99013 25210 15504 6412 9092 1715 7377 73803 9706 7968 2294 7093 4480 3631 1656 5103 4616 1309 64418 61830 51142 3064 1927 1084 1059 9385 2466 2937 2069 2613
is_linear=0
shrinkage=0.03


Tree=58
num_leaves=31
num_cat=0
split_feature=22 28 21 10 12 16 2 8 13 16 21 21 16 16 28 29 10 25 17 15 8 24 26 19 24 28 2 29 15 10
split_gain=1263.05 203.325 92.4626 41.2832 33.1906 31.234 28.4708 27.6875 23.5562 18.0801 17.7704 16.9795 12.7586 12.4882 11.486 11.1344 11.09 11.0217 10.3752 9.81966 10.7421 14.3101 9.34713 9.62928 9.10434 9.05144 8.48597 22.3264 8.34679 7.90348
threshold=0.10035890669990752 952.6500000000002 2.5445833333333341 2.5000000000000004 1.8650000000000004 4.8150000000000004 1.117249826667414 14.500000000000002 2.1150000000000011 4.8750000000000009 4.0204166666666685 11.152916666666668 2.4150000000000005 6.3650000000000011 950.05000000000007 75.500000000000014 11.500000000000002 1.6774542661639436 4.5250000000000012 0.70000000000000073 14.500000000000002 3.1500000000000008 0.95368063612909471 4.1362500000000013 5.2500000000000009 949.45000000000016 1.1403892790502994 69.500000000000014 -1.1299999999999994 2.5000000000000004
decision_type=2 2 2 2 10 8 2 2 2 8 2 2 10 8 2 2 2 2 2 10 2 2 2 2 2 2 2 2 10 2
left_child=1 5 4 7 13 6 -1 17 28 18 12 22 -5 15 19 -3 -6 -4 -9 20 21 -10 23 -2 29 -26 27 -13 -8 -24
right_child=11 2 3 10 16 -7 8 9 14 -11 -12 26 -14 -15 -16 -17 -18 -19 -20 -21 -22 -23 24 -25 25 -27 -28 -29 -30 -31
leaf_value=0 8.1185904415650984e-08 0 0 0 0 0 0 0 0 0 6.8994493169702294e-09 0.0062407728168181881 0 0 0 0 0 0 0 0 0 0 -3.4951966275923721e-05 -3.5359548916282702e-06 -5.8935270195976762e-05 0.0016930729305554236 0.008758111424589975 -0.0038303681715606379 0 1.0065598121881543e-06
leaf_weight=5388 2030 2199 772 1817 1680 2114 250 202 512 241 268 1957 4068 224 1005 847 267 534 382 299 225 414 2558 42778 2003 8634 6567 282 1548 7158
leaf_count=5388 2030 2199 772 1817 1680 2114 250 202 512 241 268 1957 4068 224 1005 847 267 534 382 299 225 414 2558 42778 2003 8634 6567 282 1548 7158
internal_value=-0.00172745 -0.00751918 -0.0100309 -0.00805139 -0.0131633 -0.00463138 -0.00535528 -0.0116559 -0.0071914 -0.00728313 -0.00679458 0.000250514 -0.00713837 -0.0150229 -0.00526219 -0.014468 -0.0100097 -0.0143799 -0.0101154 -0.00696907 -0.00822405 -0.00964769 8.33718e-05 -0.000158793 0.000616416 0.00122261 0.00148655 -0.000108289 -0.00980366 -4.75259e-05
internal_weight=99223 25256 13501 8284 5217 11755 9641 2131 4253 825 6153 73967 5885 3270 2455 3046 1947 1306 584 1450 1151 926 65161 44808 20353 10637 8806 2239 1798 9716
internal_count=99223 25256 13501 8284 5217 11755 9641 2131 4253 825 6153 73967 5885 3270 2455 3046 1947 1306 584 1450 1151 926 65161 44808 20353 10637 8806 2239 1798 9716
is_linear=0
shrinkage=0.03


Tree=59
num_leaves=31
num_cat=0
split_feature=22 28 5 16 2 16 5 22 12 16 1 29 29 16 26 14 28 29 8 23 24 1 29 1 18 12 26 24 19 20
split_gain=1266.24 208.672 71.4774 68.4098 28.051 27.6543 25.3243 16.1672 13.4613 12.5925 11.8348 28.5268 16.5148 12.6714 11.7721 11.6509 10.4944 10.9201 12.6327 10.3888 11.1158 10.4724 10.1225 14.0886 9.29116 9.23341 9.23085 10.475 9.78091 9.4342
threshold=0.10035890669990752 952.6500000000002 0.032478863435870899 3.8350000000000004 1.119521429291779 3.6750000000000003 0.031837191419278175 0.92934831038750032 3.4350000000000005 5.9250000000000007 -1.4499999999999997 70.500000000000014 33.500000000000007 2.4150000000000005 -0.19936034309715209 0.5185878260558997 950.05000000000007 62.500000000000007 7.5000000000000009 0.77000000000000013 1.9500000000000002 2.4500000000000006 60.500000000000007 15.65 2.0550000000000002 1.8250000000000004 0.95368063612909471 6.2500000000000009 4.1362500000000013 2.3147768070841792
decision_type=2 2 2 10 2 8 2 2 10 10 2 2 2 10 2 2 2 2 2 2 2 2 2 2 10 10 2 2 2 2
left_child=1 4 3 15 -1 6 22 26 10 -5 11 -4 14 -14 -12 19 17 18 -8 -3 -21 -22 -6 -24 -15 -23 28 -28 -2 -30
right_child=7 2 8 9 5 -7 16 -9 -10 -11 12 -13 13 24 -16 -17 -18 -19 -20 20 21 25 23 -25 -26 -27 27 -29 29 -31
leaf_value=0 1.4075133771990558e-07 0 0 0 0 0 0 0.007918024574957154 0 6.2055046762977266e-08 0 0 0 0 0 0 0 0 0 0 0 0 0 0 0 0 2.4223793225797844e-07 0.0012787536980232023 2.7481047586458414e-07 -2.242320321721192e-05
leaf_weight=6933 2039 1132 409 946 603 1594 492 7333 2516 238 219 764 1339 538 210 1769 834 476 219 454 603 531 296 339 1504 238 12834 7931 30201 13559
leaf_count=6933 2039 1132 409 946 603 1594 492 7333 2516 238 219 764 1339 538 210 1769 834 476 219 454 603 531 296 339 1504 238 12834 7931 30201 13559
internal_value=-0.001717 -0.00752399 -0.0100835 -0.0125553 -0.00460877 -0.00635879 -0.0079421 0.000263335 -0.00812806 -0.00607065 -0.00903789 -0.0117071 -0.00820183 -0.00747696 -0.0137627 -0.0141714 -0.00584748 -0.00765856 -0.0100098 -0.0153615 -0.0138514 -0.0152244 -0.0113242 -0.00855469 -0.0059619 -0.0127171 0.000116 0.000640587 -0.000121889 -0.000216611
internal_weight=99093 25196 13410 5911 11786 4853 3259 73897 7499 1184 4983 1173 3810 3381 429 4727 2021 1187 711 2958 1826 1372 1238 635 2042 769 66564 20765 45799 43760
internal_count=99093 25196 13410 5911 11786 4853 3259 73897 7499 1184 4983 1173 3810 3381 429 4727 2021 1187 711 2958 1826 1372 1238 635 2042 769 66564 20765 45799 43760
is_linear=0
shrinkage=0.03


Tree=60
num_leaves=31
num_cat=0
split_feature=21 1 21 5 10 16 16 8 1 16 28 16 16 5 16 18 17 14 1 12 9 25 27 20 3 24 17 1 21 8
split_gain=1248.17 179.601 93.4334 31.0142 29.7068 23.0774 21.0199 20.3259 16.7255 23.1675 15.5871 15.1373 14.2687 16.6172 13.6264 13.0133 11.7553 10.4186 10.0898 9.84858 9.08505 8.97015 8.13944 8.04453 8.10341 7.75142 7.56941 7.43461 7.23541 7.11705
threshold=3.7562500000000001 18.850000000000005 2.5445833333333341 0.025831218702820461 2.5000000000000004 3.9150000000000005 10.205000000000002 13.500000000000002 21.850000000000005 4.0250000000000012 952.6500000000002 4.1250000000000009 3.6150000000000007 0.033245294347471442 3.9150000000000005 2.0550000000000002 5.0550000000000006 0.93723885247444005 -2.4499999999999997 8.8450000000000006 1.0000000180025095e-35 1.4869772183695069 0.27563735581699933 2.3833484847772417 7.2091891854408798 4.0500000000000007 3.4050000000000007 17.250000000000004 2.5779166666666673 18.500000000000004
decision_type=2 2 2 2 2 8 8 2 2 10 2 10 10 2 8 10 2 2 2 8 2 2 2 2 2 2 2 2 2 2
left_child=1 2 3 11 5 17 16 21 9 22 -5 14 13 -6 15 -1 -2 -4 -12 -8 -20 -7 26 -18 -25 -22 -3 -21 -24 -15
right_child=6 8 4 10 12 7 19 -9 -10 -11 18 -13 -14 29 -16 -17 23 -19 20 27 25 -23 28 24 -26 -27 -28 -29 -30 -31
leaf_value=0 -3.3026607311345267e-06 0 0 0 0 0 0.00020169484318874746 0 0 0 0 0 0 0 0 0 3.7489904492206749e-07 0 0 0.0080226998245013659 0 0 0 -3.5275640873069433e-07 -0.00077512199654923889 0 0 0.00054193435483779087 0 0
leaf_weight=2357 12385 559 993 474 974 202 13188 373 6474 509 430 201 2718 2317 221 359 27729 230 281 7392 1231 240 209 11195 1499 329 486 2796 213 428
leaf_count=2357 12385 559 993 474 974 202 13188 373 6474 509 430 201 2718 2317 221 359 27729 230 281 7392 1231 240 209 11195 1499 329 486 2796 213 428
internal_value=-0.00172151 -0.00787735 -0.00991965 -0.012828 -0.00789446 -0.0110602 0.000121829 -0.00707927 -0.00440331 -0.0068208 -0.0104564 -0.0148826 -0.00688435 -0.00809694 -0.0154313 -0.0147894 -0.000209721 -0.0136735 -0.0114925 0.000870707 -0.0104642 -0.011396 -0.00872894 3.80678e-05 -0.00058729 -0.00950799 -0.00724286 0.00157108 -0.012281 -0.00687818
internal_weight=98992 22808 14358 5883 8475 2038 76184 815 8450 1976 2745 3138 6437 3719 2937 2716 52808 1223 2271 23376 1841 442 1467 40423 12694 1560 1045 10188 422 2745
internal_count=98992 22808 14358 5883 8475 2038 76184 815 8450 1976 2745 3138 6437 3719 2937 2716 52808 1223 2271 23376 1841 442 1467 40423 12694 1560 1045 10188 422 2745
is_linear=0
shrinkage=0.03


Tree=61
num_leaves=31
num_cat=0
split_feature=21 2 21 10 13 8 22 28 17 16 5 21 28 10 29 12 23 29 8 19 2 9 5 28 28 10 13 19 28 12
split_gain=1280.19 187.761 100.048 35.2502 32.0042 28.6837 21.8849 18.3482 16.8859 16.3998 17.8167 12.6027 11.7023 11.0782 10.4646 10.316 9.65765 9.44009 9.18553 8.89329 8.26872 10.2084 7.65018 7.53971 12.0927 7.53897 7.43967 7.41678 8.18332 7.29744
threshold=3.7562500000000001 1.1218022880227128 2.5445833333333341 2.5000000000000004 1.7766666666666682 14.500000000000002 0.098728558896071766 953.95000000000016 5.0050000000000008 3.6750000000000003 0.033245294347471442 10.428750000000003 950.85000000000002 10.500000000000002 58.500000000000007 7.0150000000000006 0.45500000000000007 73.500000000000014 16.500000000000004 10.676250000000001 1.1467225763640514 1.0000000180025095e-35 0.040672842780525173 954.1500000000002 961.45000000000016 11.500000000000002 2.1800000000000019 1.652916666666667 962.95000000000016 3.3850000000000002
decision_type=2 2 2 2 2 2 2 2 2 10 2 2 2 2 2 8 2 2 2 2 2 2 2 2 2 2 2 2 2 10
left_child=1 -1 4 5 12 -4 9 22 -7 10 18 19 14 16 -3 -13 -14 25 -5 -2 -9 -22 -6 -11 -25 -15 -23 28 -18 -12
right_child=11 2 3 6 7 8 -8 20 -10 23 29 15 13 17 -16 -17 27 -19 -20 -21 21 26 -24 24 -26 -27 -28 -29 -30 -31
leaf_value=0 4.1745713441170003e-08 0 0 0 0 0 1.7649159618146615e-08 0 0 0 0 -0.0049833256986856807 0 0 0 0.004589017412629421 0 0 0 -0.0029945033431438206 0 0 0 0 0 0 0 0 0 0
leaf_weight=6748 63964 259 1225 875 424 467 363 215 326 1210 1849 223 473 365 362 11873 577 308 216 265 229 585 372 1208 521 302 730 1074 200 1306
leaf_count=6748 63964 259 1225 875 424 467 363 215 326 1210 1849 223 473 365 362 11873 577 308 216 265 229 585 372 1208 521 302 730 1074 200 1306
internal_value=-0.00165153 -0.00789037 -0.00965642 -0.00769951 -0.0125394 -0.0112289 -0.00674911 -0.00988477 -0.00671804 -0.00711196 -0.0083091 0.000211647 -0.0142548 -0.0149827 -0.0102987 0.00109974 -0.0161477 -0.0121378 -0.0116305 4.43224e-05 -0.0116003 -0.0107605 -0.00604494 -0.00537126 -0.00664533 -0.0141652 -0.00967045 -0.015063 -0.0174284 -0.00714399
internal_weight=99114 22789 16041 9566 6475 2018 7548 2555 793 7185 4246 76325 3920 3299 621 12096 2324 975 1091 64229 1759 1544 796 2939 1729 667 1315 1851 777 3155
internal_count=99114 22789 16041 9566 6475 2018 7548 2555 793 7185 4246 76325 3920 3299 621 12096 2324 975 1091 64229 1759 1544 796 2939 1729 667 1315 1851 777 3155
is_linear=0
shrinkage=0.03


Tree=62
num_leaves=31
num_cat=0
split_feature=21 1 21 19 17 13 2 29 21 21 27 14 21 1 29 18 12 17 14 28 29 1 27 18 21 11 19 17 28 1
split_gain=1305.86 193.114 87.1275 37.762 24.5096 22.6672 18.9425 24.7157 20.8511 18.7631 15.0263 14.2807 13.4197 12.5333 18.1144 10.4593 9.52354 8.92101 8.68841 8.12428 9.94772 13.9664 7.31188 7.30172 7.23863 7.00221 6.87765 10.072 6.72263 10.914
threshold=3.7562500000000001 18.850000000000005 2.2641666666666684 3.8129166666666672 5.2550000000000008 1.7766666666666682 1.119521429291779 60.500000000000007 3.0590277777777781 3.1650000000000005 -0.41467745240824966 0.94563911368627307 11.24291666666667 -2.4499999999999997 73.500000000000014 2.0150000000000001 2.3150000000000004 3.9050000000000007 2.628966841205453 950.85000000000002 73.500000000000014 1.8500000000000003 -0.19936034309715203 0.70000000000000007 1.8470833333333336 3.4650000000000003 4.1362500000000013 5.0550000000000006 954.6500000000002 18.650000000000002
decision_type=2 2 2 2 2 2 2 2 2 2 2 2 2 2 2 10 10 2 2 2 2 2 2 10 2 10 2 2 2 2
left_child=1 2 5 4 9 19 -3 8 15 13 -7 23 26 14 -4 -8 -15 -10 -14 -1 -21 24 -17 -6 -22 -11 -2 28 -28 -30
right_child=12 6 3 -5 11 10 7 -9 17 25 -12 -13 18 16 -16 22 -18 -19 -20 20 21 -23 -24 -25 -26 -27 27 -29 29 -31
leaf_value=0 9.7827450530798409e-08 0 0 1.7119684829602216e-08 0 0 0 0 0 0 0 0 0.0074722101998637557 0 0 0 0 0 -0.0031886840810308316 0 0 0 0 0 0 0 -3.3770136973148871e-06 1.0137414122881208e-06 -9.8424199431933683e-06 -6.5603898839223851e-05
leaf_weight=348 5090 6467 356 395 310 369 439 610 333 1537 899 415 7935 2188 354 207 2123 266 406 1632 266 405 234 1573 236 1108 7189 52043 3303 208
leaf_count=348 5090 6467 356 395 310 369 439 610 333 1537 899 415 7935 2188 354 207 2123 266 406 1632 266 405 234 1573 236 1108 7189 52043 3303 208
internal_value=-0.00164846 -0.00790076 -0.0100081 -0.00852788 -0.00888835 -0.0136839 -0.00432216 -0.00680659 -0.0088969 -0.00806179 -0.0102561 -0.0116222 0.000245501 -0.00914385 -0.0128811 -0.0118305 -0.00851413 -0.00452483 0.00138066 -0.0151691 -0.0157795 -0.0130691 -0.00840134 -0.0127389 -0.0164379 -0.00599434 0.000105826 1.97458e-05 -0.000818309 -0.00189334
internal_weight=99244 23070 14514 10359 9964 4155 8556 2089 1479 7666 1268 2298 76174 5021 710 880 4311 599 8341 2887 2539 907 441 1883 502 2645 67833 62743 10700 3511
internal_count=99244 23070 14514 10359 9964 4155 8556 2089 1479 7666 1268 2298 76174 5021 710 880 4311 599 8341 2887 2539 907 441 1883 502 2645 67833 62743 10700 3511
is_linear=0
shrinkage=0.03


Tree=63
num_leaves=31
num_cat=0
split_feature=21 1 21 16 5 12 28 1 25 16 21 28 19 28 14 19 13 8 8 14 1 12 1 21 22 8 26 16 1 15
split_gain=1289.3 181.524 102.295 36.2269 31.9536 31.3378 19.3732 16.4111 18.9342 14.3466 13.0094 12.5755 12.2876 10.2269 9.70148 8.76155 8.32857 8.05706 8.38702 7.86086 8.63277 8.58125 7.84089 7.67085 7.58367 7.45796 7.83483 8.72983 6.78243 6.75104
threshold=3.7562500000000001 21.850000000000005 2.5445833333333341 3.9150000000000005 0.033919299514797906 1.9850000000000001 952.25000000000011 -3.6499999999999999 1.4328447689609509 6.4150000000000009 11.24291666666667 953.95000000000016 3.777083333333334 958.35000000000002 0.4680811895387354 2.6237500000000007 1.693333333333334 10.500000000000002 5.5000000000000009 1.1173778829623082 16.650000000000002 11.265000000000002 -1.5499999999999998 1.790416666666667 0.098728558896071766 17.500000000000004 0.64942331933852349 2.6550000000000007 18.850000000000005 -0.48999999999999988
decision_type=2 2 2 8 2 10 2 2 2 8 2 2 2 2 2 2 2 2 2 2 2 8 2 2 2 2 2 10 2 10
left_child=1 2 5 4 14 6 16 8 -5 13 -2 -7 15 -8 -4 29 -1 18 -15 -12 -21 -22 -17 -19 28 26 -24 -28 -9 -6
right_child=10 -3 3 7 12 11 9 24 -10 -11 19 -13 -14 17 -16 22 -18 23 -20 20 21 -23 25 -25 -26 -27 27 -29 -30 -31
leaf_value=0 9.4892627014869781e-08 0 0 0 0 0 0 0 0 0 0.0090737675328148512 0 0 0 0 0 0 0 0 0.0051176311833702358 -0.0043855583550154531 -0.001637430327046591 0 0 2.8982148350242124e-08 0 0 0 0 0
leaf_weight=727 67937 6434 932 256 336 646 1458 2636 245 246 6437 1496 232 384 929 463 221 360 388 1192 234 548 1540 617 221 502 356 311 465 432
leaf_count=727 67937 6434 932 256 336 646 1458 2636 245 246 6437 1496 232 384 929 463 221 360 388 1192 234 548 1540 617 221 502 356 311 465 432
internal_value=-0.0016248 -0.00787858 -0.00955395 -0.00761606 -0.00906608 -0.012465 -0.0139235 -0.00531897 -0.0103696 -0.01498 0.000245884 -0.00944294 -0.00759014 -0.0143957 -0.0123457 -0.00798479 -0.0100168 -0.012744 -0.0103012 0.00135848 -0.00029712 -0.00273698 -0.00868555 -0.014612 -0.00454283 -0.00803721 -0.0087925 -0.00599554 -0.00492498 -0.00505304
internal_weight=99181 22833 16399 9856 6033 6543 4401 3823 501 3453 76348 2142 4172 3207 1861 3940 948 1749 772 8411 1974 782 3172 977 3322 2709 2207 667 3101 768
internal_count=99181 22833 16399 9856 6033 6543 4401 3823 501 3453 76348 2142 4172 3207 1861 3940 948 1749 772 8411 1974 782 3172 977 3322 2709 2207 667 3101 768
is_linear=0
shrinkage=0.03


Tree=64
num_leaves=31
num_cat=0
split_feature=21 28 21 16 5 1 16 5 10 10 23 16 28 29 1 29 29 8 28 28 23 27 29 18 28 8 1 29 13 9
split_gain=1271.69 185.158 80.8031 29.3471 32.3361 25.2582 30.6342 24.7659 23.2445 15.2777 14.7864 13.057 12.1662 11.9737 11.5979 13.1844 11.0203 10.9506 10.7194 8.95701 9.05927 10.5155 14.8277 10.0974 8.95147 8.79926 8.72621 11.8098 8.25601 7.95386
threshold=3.7562500000000001 952.6500000000002 2.21763888888889 3.7950000000000004 0.036400793577098321 21.850000000000005 3.9650000000000003 0.031837191419278175 10.500000000000002 2.5000000000000004 0.77000000000000013 10.205000000000002 958.95000000000016 53.500000000000007 -1.8499999999999999 73.500000000000014 77.500000000000014 10.500000000000002 949.55000000000007 951.25000000000011 5.1150000000000011 0.3090169943749474 57.500000000000007 7.9450000000000012 963.1500000000002 12.500000000000002 21.650000000000002 31.500000000000004 3.9216666666666669 4.5000000000000009
decision_type=2 2 2 8 2 2 10 2 2 2 2 10 2 2 2 2 2 2 2 2 2 2 2 10 2 2 2 2 2 2
left_child=1 5 8 4 -4 6 7 -1 10 25 -3 -2 -10 18 15 -5 -16 -14 -9 -13 21 -21 23 -23 -12 -6 27 -11 29 -7
right_child=11 2 3 14 9 28 -8 13 12 26 24 19 17 -15 16 -17 -18 -19 -20 20 -22 22 -24 -25 -26 -27 -28 -29 -30 -31
leaf_value=0 -1.8280945077303601e-08 0 0 0 0 0 0 0 0 0 0 -0.00014471532855551495 0 0 0 0 0 0 0 0.0015736502468793119 0.010127003094700255 -4.9389390555078374e-05 0.00014887846406391847 -0.0053476673362065638 0 0 0 0 0 0
leaf_weight=1282 54990 664 2451 406 350 3819 1068 408 259 219 1346 5482 308 1099 2069 492 534 359 438 6013 8047 226 1203 282 354 300 213 2268 543 1595
leaf_count=1282 54990 664 2451 406 350 3819 1068 408 259 219 1346 5482 308 1099 2069 492 534 359 438 6013 8047 226 1203 282 354 300 213 2268 543 1595
internal_value=-0.00163766 -0.00784577 -0.0102829 -0.00884431 -0.0101579 -0.00484879 -0.00660349 -0.00805972 -0.0143308 -0.00821759 -0.0159257 0.000222813 -0.0101955 -0.0059 -0.0066563 -0.00960797 -0.00562155 -0.0123348 -0.00858049 0.00085422 0.00121723 0.000482857 -0.00158916 -0.00585965 -0.0143402 -0.0123664 -0.00719778 -0.00769623 -0.00357917 -0.00321978
internal_weight=99087 22844 12592 9302 5801 10252 4295 3227 3290 3350 2364 76243 926 1945 3501 898 2603 667 846 21253 15771 7724 1711 508 1700 650 2700 2487 5957 5414
internal_count=99087 22844 12592 9302 5801 10252 4295 3227 3290 3350 2364 76243 926 1945 3501 898 2603 667 846 21253 15771 7724 1711 508 1700 650 2700 2487 5957 5414
is_linear=0
shrinkage=0.03


end of trees

feature_importances:
wind_ecmwf=254
ens_mean3=226
pres=164
month=153
hour=128
rh=125
temp_fc=120
shear=89
wind_fc_next=80
level1_mean3=74
air_density=69
wind_gfs=49
ens_mean=42
wind_fc_std3=40
wdir_sin=39
wind_fc_prev=37
ens_std=36
wind10=35
wdir_cos=35
level1_ens=33
gust=29
wind_fc_mean3=28
wind_fc_ramp=28
wind_icon=16
day_of_week=13
wind_corrected=4
wind_fc=3
lead_hours=1

parameters:
[boosting: gbdt]
[objective: quantile]
[metric: quantile]
[tree_learner: serial]
[device_type: cpu]
[data_sample_strategy: bagging]
[data: ]
[valid: ]
[num_iterations: 65]
[learning_rate: 0.03]
[num_leaves: 31]
[num_threads: 0]
[seed: 42]
[deterministic: 0]
[force_col_wise: 0]
[force_row_wise: 0]
[histogram_pool_size: -1]
[max_depth: -1]
[min_data_in_leaf: 200]
[min_sum_hessian_in_leaf: 0.001]
[bagging_fraction: 0.8]
[pos_bagging_fraction: 1]
[neg_bagging_fraction: 1]
[bagging_freq: 1]
[bagging_seed: 400]
[bagging_by_query: 0]
[feature_fraction: 0.8]
[feature_fraction_bynode: 1]
[feature_fraction_seed: 30056]
[extra_trees: 0]
[extra_seed: 12879]
[early_stopping_round: 0]
[early_stopping_min_delta: 0]
[first_metric_only: 0]
[max_delta_step: 0]
[lambda_l1: 0]
[lambda_l2: 5]
[linear_lambda: 0]
[min_gain_to_split: 0]
[drop_rate: 0.1]
[max_drop: 50]
[skip_drop: 0.5]
[xgboost_dart_mode: 0]
[uniform_drop: 0]
[drop_seed: 17869]
[top_rate: 0.2]
[other_rate: 0.1]
[min_data_per_group: 100]
[max_cat_threshold: 32]
[cat_l2: 10]
[cat_smooth: 10]
[max_cat_to_onehot: 4]
[top_k: 20]
[monotone_constraints: ]
[monotone_constraints_method: basic]
[monotone_penalty: 0]
[feature_contri: ]
[forcedsplits_filename: ]
[refit_decay_rate: 0.9]
[cegb_tradeoff: 1]
[cegb_penalty_split: 0]
[cegb_penalty_feature_lazy: ]
[cegb_penalty_feature_coupled: ]
[path_smooth: 0]
[interaction_constraints: ]
[verbosity: -1]
[saved_feature_importance_type: 0]
[use_quantized_grad: 0]
[num_grad_quant_bins: 4]
[quant_train_renew_leaf: 0]
[stochastic_rounding: 1]
[linear_tree: 0]
[max_bin: 255]
[max_bin_by_feature: ]
[min_data_in_bin: 3]
[bin_construct_sample_cnt: 200000]
[data_random_seed: 175]
[is_enable_sparse: 1]
[enable_bundle: 1]
[use_missing: 1]
[zero_as_missing: 0]
[feature_pre_filter: 1]
[pre_partition: 0]
[two_round: 0]
[header: 0]
[label_column: ]
[weight_column: ]
[group_column: ]
[ignore_column: ]
[categorical_feature: ]
[forcedbins_filename: ]
[precise_float_parser: 0]
[parser_config_file: ]
[objective_seed: 16083]
[num_class: 1]
[is_unbalance: 0]
[scale_pos_weight: 1]
[sigmoid: 1]
[boost_from_average: 1]
[reg_sqrt: 0]
[alpha: 0.1]
[fair_c: 1]
[poisson_max_delta_step: 0.7]
[tweedie_variance_power: 1.5]
[lambdarank_truncation_level: 30]
[lambdarank_norm: 1]
[label_gain: ]
[lambdarank_position_bias_regularization: 0]
[eval_at: ]
[multi_error_top_k: 1]
[auc_mu_weights: ]
[num_machines: 1]
[local_listen_port: 12400]
[time_out: 120]
[machine_list_filename: ]
[machines: ]
[gpu_platform_id: -1]
[gpu_device_id: -1]
[gpu_device_id_list: ]
[gpu_use_dp: 0]
[num_gpu: 1]

end of parameters

pandas_categorical:[]
