tree
version=v4
num_class=1
num_tree_per_iteration=1
label_index=0
max_feature_idx=29
objective=regression_l1
feature_names=wind_fc temp_fc air_density wind_corrected level1 level1_mean3 run_day lead_hours hour day_of_week month wind_fc_prev wind_fc_next wind_fc_mean3 wind_fc_std3 wind_fc_ramp wind_ecmwf wind_gfs wind_icon ens_mean ens_std ens_mean3 level1_ens wind10 gust shear wdir_sin wdir_cos pres rh
feature_infos=[0:30.829999999999998] [-19.300000000000001:41.299999999999997] [1.0506305113682595:1.3014408678343479] [0:30.706783828921424] [0:0.98999999999999988] [0:0.98999999999999988] [1:3] [1:48] [0:23] [0:6] [1:12] [0:30.829999999999998] [0:30.829999999999998] [0.18666666666666668:24.046666666666667] [0:14.58383465804976] [-14.110000000000001:26.369999999999997] [0:21.039999999999999] [0:27.48] [0:30.829999999999998] [0.38500000000000001:21.884999999999998] [0:13.117779283603355] [0.65750000000000008:21.386666666666667] [0.018755250472607725:0.98999999999999988] [0:21.600000000000001] [0.40000000000000002:35.899999999999999] [0:14.640000000000001] [-1:1] [-1:1] [935.60000000000002:985.89999999999998] [6:100]
tree_sizes=2867 2985 3001 3028 3016 3011 2996 3000 3006 2995 3020 3024 2999 3015 3011 3015 3005 3019 3010 3017 3023 2986 3008 3002 3011 2999 2992 3007 3006 3029 3005 3022 2991 3030 3016 3011 3007 3016 2994 3010 3008 3028 3013 3005 3007 3009 3020 3039 3013 3021 3004 3014 2997 3019 3016 3028 3008 3017 2994 3041 3021 3002 3016 3025 3028 3025 3016 3030 3036 3047 3024 2988 3013 3009 3018 2997 3035 3026 3022 3022 3000 3029 3041 3045 3034 3024 3031 3023 3034 3009 3029 3006 3032 3017 3055 3003 3034 3007 3004 3015 3006 3006 3020 3013 3028 3029 3031 3049 3049 3034 3053 3027 3041 3041 3042 3037 3037 3020 3015 3019 3028 3021 3034 3046 3038 3048 3029 3036 3039 3041 3037 3015 3029 3037 3025 3024 3055 3074 3067 3035 3039 3052 3036 2998 3019 3025 3037 3048 3034 3047 3024 3039 2999 3012 3042 3045 3039 3023 3010 3046 3067 3012 2986 2979 3001 3012 3003 3057 3025 3013 3029 3029 3027 2997 3040 3027 3072 3015 3006 3018 3029 3035 3014 3030 3008 3035 3038 3011 3015 2995 3046 3001 3050 3034 3023 3012 3002 3040 2969 2971 2999 3040 3036 3009 3042 3028 3023 3051 3001 3005 2984 3008 2931 3020 3041 2953 3000 2988 3004 2972 2963 3011 3040 2998 2985 3004 2996 3016 2967 2994 3012 3008 2991 3002 2936 2988 2958 2996 3000 3016 2988 3032 2983 2981 2979 2970 2993 3000

Tree=0
num_leaves=31
num_cat=0
split_feature=19 19 19 16 19 12 19 16 16 10 28 12 12 17 12 10 23 10 16 8 16 25 16 16 27 28 10 17 23 8
split_gain=30619.2 3112.5 2276.93 520.945 366.754 348.731 274.146 197.742 177.514 155.792 134.262 117.598 117.355 107.205 105.288 98.3873 87.885 84.6015 81.4147 74.2741 72.8645 70.0479 69.9756 69.1259 68.9329 68.4577 65.7396 70.5364 60.7397 59.7298
threshold=6.7937500000000011 5.0062500000000014 8.7137500000000028 6.1750000000000007 7.5429166666666676 3.4350000000000005 5.941250000000001 8.4550000000000018 6.455000000000001 2.5000000000000004 952.75000000000011 5.0050000000000008 6.5450000000000008 6.0950000000000006 6.1750000000000007 1.5000000000000002 2.7150000000000003 1.5000000000000002 8.6350000000000033 11.500000000000002 5.0550000000000006 2.5405065887299396 8.2350000000000012 5.9850000000000012 0.40673664307580004 949.95000000000016 4.5000000000000009 2.5650000000000004 2.6750000000000003 13.500000000000002
decision_type=2 2 2 10 2 8 2 8 8 2 2 10 8 2 8 2 2 2 8 2 10 2 10 10 2 2 2 2 2 2
left_child=1 3 4 5 11 10 18 -4 -6 16 13 15 -9 -1 -7 -2 -8 24 26 -19 -11 -22 -5 -13 -10 -14 27 -3 -21 -25
right_child=2 6 7 22 8 14 9 12 17 20 -12 23 25 -15 -16 -17 -18 19 -20 28 21 -23 -24 29 -26 -27 -28 -29 -30 -31
leaf_value=0.22551666919142008 0.22686666913330555 0.23421666905283928 0.24031666859984399 0.22811666928231716 0.23289166942238806 0.22651666913181542 0.22696666926145553 0.24211666867136955 0.23621666893363 0.22971666932106019 0.22511666918173431 0.23231666907668114 0.24816667005419732 0.22666666910052299 0.22851666912436486 0.23281666949391366 0.23121666923165321 0.23951666936278343 0.23116666927933693 0.23639166876673698 0.23271666958928108 0.22991666913032532 0.23076666921377181 0.234166669100523 0.23136666908860207 0.25316666886210443 0.22944166913628578 0.22796666920185088 0.24076666995882989 0.23576666936278343
leaf_weight=7784 244 221 1783 3249 842 9589 761 1696 684 1130 12631 1049 4077 1691 1260 1583 741 4337 1346 420 5724 764 1002 2525 361 16918 5968 2400 4146 2088
leaf_count=7784 244 221 1783 3249 842 9589 761 1696 684 1130 12631 1049 4077 1691 1260 1583 741 4337 1346 420 5724 764 1002 2525 361 16918 5968 2400 4146 2088
internal_value=0.231729 0.217187 0.250866 0.212138 0.24285 0.210862 0.227049 0.256849 0.24639 0.230805 0.208696 0.237744 0.257607 0.211429 0.215285 0.231126 0.221992 0.247509 0.223602 0.248458 0.232548 0.233774 0.222038 0.239877 0.239381 0.258225 0.222528 0.218563 0.251146 0.241457
internal_weight=99014 56261 42753 37206 18279 32955 19055 24474 10790 9120 22106 7489 22691 9475 10849 1827 1502 9948 9935 8903 7618 6488 4251 5662 1045 20995 8589 2621 4566 4613
internal_count=99014 56261 42753 37206 18279 32955 19055 24474 10790 9120 22106 7489 22691 9475 10849 1827 1502 9948 9935 8903 7618 6488 4251 5662 1045 20995 8589 2621 4566 4613
is_linear=0
shrinkage=1


Tree=1
num_leaves=31
num_cat=0
split_feature=21 21 21 21 21 21 21 16 10 10 21 16 10 25 8 11 16 23 16 25 16 15 10 12 14 16 15 8 11 28
split_gain=30182.3 2957.85 2627.31 608.198 283.769 268.885 184.363 173.009 143.58 117.548 116.82 107.985 101.222 94.7375 91.1882 89.4418 83.363 79.9678 78.609 78.5203 70.7653 66.2933 63.3308 57.2479 56.4807 50.9151 50.2551 50.123 50.0327 49.9072
threshold=6.6252777777777796 5.0387500000000012 8.3629166666666688 3.7562500000000001 9.3362500000000015 7.4941666666666675 5.8637500000000005 6.455000000000001 2.5000000000000004 1.5000000000000002 2.692083333333334 6.455000000000001 2.5000000000000004 2.6866809728183125 13.500000000000002 6.4650000000000007 3.5550000000000002 2.9250000000000003 7.6950000000000012 2.5814465730970193 9.6350000000000033 0.4900000000000001 2.5000000000000004 4.6950000000000012 0.59685285735542304 6.8450000000000006 1.3900000000000006 13.500000000000002 8.5450000000000017 949.45000000000016
decision_type=2 2 2 2 2 2 2 8 2 2 2 8 2 2 2 10 10 2 8 2 8 10 2 10 2 10 10 2 10 2
left_child=1 3 5 10 13 8 21 12 14 24 -1 -7 -5 18 15 -2 -10 -13 -4 28 -6 -3 -12 -16 -8 -24 -11 -19 -18 -9
right_child=2 6 4 7 20 11 9 29 16 26 22 17 -14 -15 23 -17 19 27 -20 -21 -22 -23 25 -25 -26 -27 -28 -29 -30 -31
leaf_value=-0.0064035000739619133 -0.0046560001127421858 -0.0028265000537037849 0.0045905003115534774 -0.0062035000970587133 0.013104999916255473 0.0010750002488493918 -0.0038390000313520429 -0.0013434999592602252 -0.0027367501124739642 -0.00024150016307830839 -0.006445500072464346 0.0039090003088116648 -0.0045955001603811977 0.00016450006216764455 -0.0031345001801848416 0.0027749995216727252 0.0038770002052187919 0.0065645002171397212 0.012155000768601893 -0.0008475000321865084 0.021104999385774138 -0.0013815000638365746 -0.0057500000685453412 0.004651999913156033 -0.0018857499763369559 -0.0029935001738369466 0.0019685003176331517 0.0081269995674490923 0.00010549988597631454 -0.0034230000615119932
leaf_weight=10218 605 6401 683 1576 2240 765 497 1199 270 6678 1733 2316 9911 230 206 203 5807 2723 6883 519 16969 2625 10414 398 344 452 674 2796 540 2279
leaf_count=10218 605 6401 683 1576 2240 765 497 1199 270 6678 1733 2316 9911 230 206 203 5807 2723 6883 519 16969 2625 10414 398 344 452 674 2796 540 2279
internal_value=4.41715e-05 -0.0147851 0.0185165 -0.0194813 0.0243476 0.00932898 -0.00447805 -0.0147715 0.00555595 -0.00121859 -0.0225664 0.0130738 -0.016548 0.0194898 -0.00317572 -0.0097417 0.00728469 0.0141237 0.020066 0.00792898 0.0263136 -0.00743439 -0.0206054 0.00561576 -0.0118085 -0.0197314 0 0.0160916 0.00884603 -0.00888889
internal_weight=99154 55001 44153 37782 27005 17148 17219 14965 8548 8193 22817 8600 11487 7796 1412 808 7136 7835 7566 6866 19209 9026 12599 604 841 10866 7352 5519 6347 3478
internal_count=99154 55001 44153 37782 27005 17148 17219 14965 8548 8193 22817 8600 11487 7796 1412 808 7136 7835 7566 6866 19209 9026 12599 604 841 10866 7352 5519 6347 3478
is_linear=0
shrinkage=0.03


Tree=2
num_leaves=31
num_cat=0
split_feature=21 21 21 21 21 21 21 2 16 16 10 25 5 25 1 12 16 9 15 25 26 25 16 27 29 25 1 10 16 20
split_gain=29138.1 2857.41 2609.27 428.247 394.97 298.819 236.708 172.934 130.996 128.769 124.898 103.756 94.4058 89.6928 84.6389 83.4982 78.4383 73.8459 72.2158 68.7043 68.5785 66.5544 64.7999 64.0624 58.55 62.5816 57.5889 54.5662 51.214 50.1352
threshold=6.6252777777777796 4.5213888888888905 8.3629166666666688 5.5479166666666675 3.1650000000000005 9.3362500000000015 7.4941666666666675 1.2079370213572984 6.3650000000000011 7.455000000000001 2.5000000000000004 2.7172322375397671 0.1842347816207911 2.3094707795407516 16.650000000000002 4.1650000000000009 3.5550000000000002 1.5000000000000002 -0.38999999999999974 2.4367850463224747 0.9935340235047978 2.1190720641439333 6.455000000000001 -0.35019404643548441 40.500000000000007 1.1911251758087202 -0.24999999999999997 2.5000000000000004 7.1250000000000009 3.8054297785263205
decision_type=2 2 2 2 2 2 2 2 10 10 2 2 2 2 2 10 10 2 10 2 2 2 8 2 2 2 2 2 10 2
left_child=1 4 6 9 -1 11 10 18 15 -3 12 20 -2 22 -7 26 -12 27 -5 28 -4 24 -8 -23 -20 -26 -6 -9 -18 -16
right_child=2 3 5 7 8 14 13 17 -10 -11 16 -13 -14 -15 29 -17 19 -19 21 -21 -22 23 -24 -25 25 -27 -28 -29 -30 -31
leaf_value=-0.0061613950635474165 -0.0044968200318440789 -0.0033576350870244197 0.010099849156960845 -0.0011402551882267 -0.006110135083336383 0.020621849261149763 0.002131000124439598 -0.004693829972594976 -0.0032908100140392779 -0.0016460051161944866 -0.0031873975212424995 -0.00034143524868786356 0.0012417500247806307 0.002231000029072166 0.017971850000247359 -0.0044230001583248375 0.0014831897827237844 -0.001704204973116517 -0.00033425506281852755 -2.2074900090694736e-05 0.014714317735746501 0.0043257448695302007 0.0068675647337883708 -0.0019943552257195118 0.0065159453585296864 0.0012257451437115668 -0.0051930000677257778 -0.0034260050066113471 0.0041991898613423098 0.014003350530490278
leaf_weight=15815 513 9515 5970 3301 2004 13776 588 439 2121 1828 288 217 905 1575 5055 3882 1880 1769 1699 901 1552 282 6439 1592 554 1913 8151 270 4067 359
leaf_count=15815 513 9515 5970 3301 2004 13776 588 439 2121 1828 288 217 905 1575 5055 3882 1880 1769 1699 901 1552 282 6439 1592 554 1913 8151 270 4067 359
internal_value=-6.77249e-05 -0.0146045 0.0181123 -0.00657832 -0.0204168 0.0239374 0.00896451 -0.00258035 -0.0171057 -0.0107411 0.00542587 0.0189321 -0.00269852 0.0124782 0.0259505 -0.0181577 0.00704103 -0.0096174 -0.000709394 0.00768714 0.0195217 0.00124069 0.0139292 -0.00344864 0.00335171 0.00629854 -0.0195974 -0.0177731 0.00885585 0.0226979
internal_weight=99220 55135 44085 23162 31973 26929 17156 11819 16158 11343 8554 7739 1418 8602 19190 14037 7136 2478 9341 6848 7522 6040 7027 1874 4166 2467 10155 709 5947 5414
internal_count=99220 55135 44085 23162 31973 26929 17156 11819 16158 11343 8554 7739 1418 8602 19190 14037 7136 2478 9341 6848 7522 6040 7027 1874 4166 2467 10155 709 5947 5414
is_linear=0
shrinkage=0.03


Tree=3
num_leaves=31
num_cat=0
split_feature=13 16 16 17 5 12 16 17 17 16 12 16 24 24 24 17 10 16 23 28 12 24 12 25 12 24 10 1 10 17
split_gain=23103.4 3854.64 3181.75 1046.45 675.907 593.638 514.692 393.905 287.514 238.002 190.301 182.652 161.306 150.023 126.317 122.585 102.592 100.712 98.2254 96.2591 88.0832 85.1897 84.7344 84.3195 84.2124 78.2615 68.743 68.0018 67.4826 91.2505
threshold=5.498333333333334 7.3150000000000004 6.1750000000000007 7.3850000000000007 0.060021374930165135 6.8550000000000013 8.8150000000000031 5.1550000000000011 6.1450000000000005 9.9550000000000018 6.7750000000000012 6.0250000000000012 3.6500000000000008 3.7500000000000004 6.4500000000000011 8.5450000000000017 10.500000000000002 10.255000000000001 2.7150000000000003 952.6500000000002 4.1650000000000009 6.6500000000000012 4.7550000000000008 2.6866809728183125 7.0150000000000006 8.3500000000000032 1.5000000000000002 -0.14999999999999999 2.5000000000000004 5.9850000000000012
decision_type=2 8 10 2 2 8 10 2 2 8 10 10 2 2 2 2 2 10 2 2 10 2 10 2 10 2 2 2 2 2
left_child=2 7 4 10 15 18 12 24 20 -7 -3 -9 28 17 26 19 22 -8 -5 -1 -6 -12 -14 -15 -2 -13 -10 -17 -4 -30
right_child=1 3 6 5 8 9 13 11 14 -11 21 25 16 23 -16 27 -18 -19 -20 -21 -22 -23 -24 -25 -26 -27 -28 -29 29 -31
leaf_value=-0.00548855324173389 -0.003903475962229036 0.00043124048851557071 -0.0051133901529148212 0.0032802995871149001 -0.0052961582647026145 0.010474038572595566 -0.0026927041184444723 -0.0004297163390524683 -0.0056350709810210012 0.019853193926366416 0.0012262141984038055 0.001477972406499982 -0.0025796200827994196 0.0050271633775095638 -0.00013030574213638901 -0.0050768310312088206 0.0016563128243210167 0.0039210144833838568 0.008282713700466602 -0.0060265532198366329 -0.0040749451657211772 0.0085984484913544362 -0.00011102731192767639 -0.0019935476204967504 -0.0011695788514007632 0.0047471164987684788 -0.0034490789931406083 -0.0036018451505577557 -0.0037804244152260576 -0.0018661742157293111
leaf_weight=7315 2158 2110 545 1464 6695 5864 1514 3616 578 17226 884 1837 3210 2842 1319 567 1376 612 5410 10419 5069 2868 1873 211 1557 1684 3673 744 1934 1889
leaf_count=7315 2158 2110 545 1464 6695 5864 1514 3616 578 17226 884 1837 3210 2842 1319 567 1376 612 5410 10419 5069 2868 1873 211 1557 1684 3673 744 1934 1889
internal_value=-0.000114164 0.015233 -0.0137895 0.0199771 -0.0186931 0.022245 -0.00264193 -0.000431058 -0.0143988 0.0245508 0.00837566 0.00369224 -0.00636171 0.0051331 -0.0087713 -0.0225969 -0.00334623 -0.000985453 0.0144876 -0.0232538 -0.0170584 0.0124248 -0.0053125 0.00938849 -0.00834677 0.00855077 -0.0112852 -0.013655 -0.0108118 -0.00938088
internal_weight=99063 46678 52385 35826 36379 29964 16006 10852 17334 23090 5862 7137 10827 5179 5570 19045 6459 2126 6874 17734 11764 3752 5083 3053 3715 3521 4251 1311 4368 3823
internal_count=99063 46678 52385 35826 36379 29964 16006 10852 17334 23090 5862 7137 10827 5179 5570 19045 6459 2126 6874 17734 11764 3752 5083 3053 3715 3521 4251 1311 4368 3823
is_linear=0
shrinkage=0.03


Tree=4
num_leaves=31
num_cat=0
split_feature=19 19 22 19 19 19 16 16 10 12 25 10 16 12 10 24 16 5 25 25 9 16 12 1 17 28 17 1 12 28
split_gain=26584.9 2854.52 2160.33 543.297 288.914 217.088 213.392 202.677 129.304 125.21 116.829 109.968 108.031 101.837 99.1056 82.4524 81.6644 81.1171 79.3512 73.1005 71.2749 68.5335 68.4865 62.7578 78.9371 59.7298 55.9852 54.4598 54.2093 51.102
threshold=6.7937500000000011 5.0062500000000014 0.70282300634307415 3.6412500000000008 7.5429166666666676 6.0512500000000014 6.5050000000000008 10.205000000000002 1.5000000000000002 6.205000000000001 2.7172322375397671 2.5000000000000004 6.1250000000000009 6.705000000000001 1.5000000000000002 6.2500000000000009 6.455000000000001 0.040672842780525173 1.3277668416447945 2.5814465730970193 2.5000000000000004 6.995000000000001 4.9150000000000009 1.0000000180025095e-35 7.6350000000000007 951.25000000000011 9.1050000000000022 -3.2499999999999996 4.1650000000000009 952.6500000000002
decision_type=2 2 2 2 2 2 8 8 2 10 2 2 10 10 2 2 8 2 2 2 2 10 10 2 2 2 2 2 10 2
left_child=1 3 4 9 14 23 11 15 27 12 16 -5 17 -9 22 -4 -6 29 -18 -16 -20 -17 -2 24 -3 -15 28 -7 -13 -1
right_child=2 5 7 6 10 8 -8 13 -10 -11 -12 26 -14 25 19 21 18 -19 20 -21 -22 -23 -24 -25 -26 -27 -28 -29 -30 -31
leaf_value=-0.0055280016106250196 -0.0041000324587413973 -0.0015498774783723431 0.00071803919505980529 -0.0057808084839716788 0.0020042650876549118 -0.0041523290383488291 -0.0024378715037714654 0.010754622694430999 0.00023343155058763192 -0.0017126967688027735 -0.00032298469490237052 -0.0046509603296084378 -0.0036944134479467063 0.017045241222644308 0.0030862833360060377 0.0067657809018628239 0.0098614358430869978 -0.0054457566135557795 0.0075328587548883358 -0.0016486064976411583 0.0052597232967146901 0.011908473160254627 0.00046948354412988625 -0.0018406271623998638 -0.0041532402926636094 0.019657599515245039 -0.0017136546786480369 -0.0013079714855573595 -0.0036278468126077108 -0.0058944966314821001
leaf_weight=4571 229 1121 269 1679 802 435 3354 1436 7070 329 504 5879 893 3761 6231 419 2938 9197 3454 486 4328 4728 470 8964 1039 12541 495 397 3820 7036
leaf_count=4571 229 1121 269 1679 802 435 3354 1436 7070 329 504 5879 893 3761 6231 419 2938 9197 3454 486 4328 4728 470 8964 1039 12541 495 397 3820 7036
internal_value=-0.00018841 -0.0137213 0.0176911 -0.0185493 0.0103142 -0.00426567 -0.0141826 0.0238819 -0.000462881 -0.0215642 0.0131859 -0.0160709 -0.0218427 0.0254399 0.00565153 0.0187604 0.0138041 -0.0222827 0.0144951 0.00677031 0.0128907 0.019606 -0.00507102 -0.00696559 -0.0115566 0.0261201 -0.0148838 -0.0116129 -0.0153864 -0.0239726
internal_weight=98875 56279 42596 37253 19442 19026 15227 23154 7902 22026 12026 11873 21697 17738 7416 5416 11522 20804 10720 6717 7782 5147 699 11124 2160 16302 10194 832 9699 11607
internal_count=98875 56279 42596 37253 19442 19026 15227 23154 7902 22026 12026 11873 21697 17738 7416 5416 11522 20804 10720 6717 7782 5147 699 11124 2160 16302 10194 832 9699 11607
is_linear=0
shrinkage=0.03


Tree=5
num_leaves=31
num_cat=0
split_feature=21 21 21 21 21 21 21 16 2 16 10 25 10 16 21 25 12 25 12 28 10 18 11 16 4 25 21 15 26 12
split_gain=25770.5 2826.26 2440.8 464.008 315.398 279.697 219.049 152.796 151.656 129.89 120.25 107.914 97.1501 94.6308 91.376 78.3878 78.2496 77.3478 74.1184 75.8833 70.9569 69.0929 60.5685 60.2693 58.7615 55.9931 51.9787 45.5344 44.1618 44.2672
threshold=6.6645833333333346 4.3220833333333344 8.6004166666666695 5.4379166666666672 3.1650000000000005 7.4941666666666675 9.3362500000000015 6.3650000000000011 1.2079370213572984 7.8250000000000011 2.5000000000000004 2.7172322375397671 1.5000000000000002 9.6350000000000033 6.0479166666666675 2.520245901639345 4.9150000000000009 2.5814465730970193 7.3050000000000006 949.95000000000016 2.5000000000000004 2.7750000000000004 3.7050000000000005 6.455000000000001 0.80213598328313307 1.3277668416447945 2.5445833333333341 1.1300000000000008 -0.96359376111369355 4.0850000000000009
decision_type=2 2 2 2 2 2 2 8 2 8 2 2 2 8 2 2 10 2 8 2 2 10 10 8 2 2 2 10 2 10
left_child=1 4 5 9 26 12 15 10 14 20 -6 23 16 -8 22 24 -2 -14 -15 -20 -3 -22 -5 -7 -4 -25 -1 -16 -12 -30
right_child=2 3 6 8 7 11 13 -9 -10 -11 28 -13 17 18 27 -17 -18 -19 19 -21 21 -23 -24 25 -26 -27 -28 -29 29 -31
leaf_value=-0.0057080565745564384 -0.0041810259321583727 -0.004507323530796338 0.012097147254285031 0.00070483053847613384 -0.0057191995319439684 0.002116833565741928 0.011551218965446986 -0.0029857267881534576 -0.0023362316850786269 -0.0012318822261313757 -0.0050114314899178626 -0.00049679685095530641 0.0027737717462325046 0.01321786995622507 0.00016807541363532297 0.0017978069286177316 0.00061674472325413672 -0.0015991483027119238 0.015796242004384346 0.019217871386736543 -0.0021021595457833856 -0.0033438612126562147 -0.0016260994336922557 0.0085352687193194637 0.0078372111959519476 0.005748503778373262 -0.0054080565812619609 0.0023407570470778197 -0.0047676191210269028 -0.0040046891001967828
leaf_weight=8635 277 1452 4635 1139 1615 763 2285 2077 2823 1813 1885 459 6866 1637 4545 314 513 553 2867 12306 1251 8007 4201 2406 824 6975 7061 684 6074 2153
leaf_count=8635 277 1452 4635 1139 1615 763 2285 2077 2823 1813 1885 459 6866 1637 4545 314 513 553 2867 12306 1251 8007 4201 2406 824 6975 7061 684 6074 2153
internal_value=-0.00021887 -0.013801 0.0170118 -0.0065706 -0.0201505 0.00885476 0.0231794 -0.0168282 -0.00268717 -0.0107208 -0.018158 0.012073 0.00469321 0.0247335 -0.00103556 0.0180218 -0.00528302 0.00575835 0.0255201 0.0261833 -0.0119776 -0.0109986 -0.0037942 0.0127165 0.0188598 0.0133763 -0.023066 0.00178258 -0.016926 -0.0159512
internal_weight=99095 55415 43680 25915 29500 18812 24868 13804 13392 12523 11727 10603 8209 19095 10569 5773 790 7419 16810 15173 10710 9258 5340 10144 5459 9381 15696 5229 10112 8227
internal_count=99095 55415 43680 25915 29500 18812 24868 13804 13392 12523 11727 10603 8209 19095 10569 5773 790 7419 16810 15173 10710 9258 5340 10144 5459 9381 15696 5229 10112 8227
is_linear=0
shrinkage=0.03


Tree=6
num_leaves=31
num_cat=0
split_feature=21 21 21 21 21 21 21 16 2 2 26 8 16 28 23 24 16 29 2 2 8 11 24 5 16 11 2 28 28 27
split_gain=25283.5 3081.59 2149.7 386.831 343.175 327.902 201.95 194.994 144.234 99.9184 97.9532 93.9449 92.7603 87.878 73.2388 71.8222 70.0155 69.8801 69.0074 66.395 65.8573 64.4312 63.058 62.6315 72.1478 59.6481 65.5959 59.317 57.9157 55.0828
threshold=6.2995833333333353 8.3629166666666688 4.0204166666666685 5.3237500000000013 9.3362500000000015 7.4158333333333344 3.1650000000000005 7.745000000000001 1.2092634530215358 1.2079370213572984 0.95878322595067733 11.500000000000002 9.5950000000000006 952.45000000000016 4.1050000000000013 5.8500000000000005 5.5750000000000011 45.500000000000007 1.2141520597395583 1.1403892790502994 11.500000000000002 8.8250000000000011 3.5500000000000003 0.14212958482600432 6.8050000000000006 3.2450000000000006 1.1364663710811209 949.25000000000011 944.1500000000002 0.3090169943749474
decision_type=2 2 2 2 2 2 2 8 2 2 2 2 8 2 2 2 8 2 2 2 2 10 2 2 8 10 2 2 2 2
left_child=2 5 6 7 10 8 -1 13 21 17 15 -7 -6 25 -14 -3 18 -5 -8 -16 28 22 -2 -10 -25 -4 29 -12 -19 -27
right_child=1 4 3 9 12 11 16 -9 23 -11 27 -13 14 -15 19 -17 -18 20 -20 -21 -22 -23 -24 24 -26 26 -28 -29 -30 -31
leaf_value=-0.0054476800188647395 -0.0012550586716731781 0.0030348927732496184 -0.0020603236636615929 -0.0015751098232368776 0.011154682444167294 0.0037834496638989605 -0.0046595275706285437 -0.0012777789991627402 -0.0038584697258222892 -0.002709107095547122 0.0037766105040369421 0.0057271157253000584 0.012472353885945931 -0.0040376726828884575 0.017120834960701083 0.0085498752934597549 -0.0037150016813786851 0.0035946323230119865 -0.0055329975869818204 0.018841335054399583 0.0012917918257198114 -0.002117446491727609 0.0026156387882825347 -0.0042040586204129789 0.0011627744339942614 -0.0040581766133825792 -0.0015337206437349229 0.013214887149293454 -0.0016711739150095978 -0.0028212849839473466
leaf_weight=15728 739 697 1902 3789 2162 4426 7070 2072 607 2224 312 4875 3023 6350 3989 4106 2004 263 1184 9940 1826 516 7700 282 1453 2905 908 2669 2451 950
leaf_count=15728 739 697 1902 3789 2162 4426 7070 2072 607 2224 312 4875 3023 6350 3989 4106 2004 263 1184 9940 1826 516 7700 282 1453 2905 908 2669 2451 950
internal_value=-0.00017069 0.0156249 -0.0147028 -0.00853734 0.0223113 0.00689026 -0.0207833 -0.0116187 0.00345337 -0.00412862 0.0169778 0.0110606 0.0244783 -0.0129793 0.0252321 0.0142949 -0.0174861 -0.00261699 -0.0187141 0.0261655 -0.000105611 0.00518638 0.00581596 -0.00317 -0.000258621 -0.0105562 -0.0123511 0.0212693 -0.0030673 -0.0140596
internal_weight=99122 47496 51626 25640 26898 20598 25986 15087 11297 10553 7784 9301 19114 13015 16952 4803 10258 8329 8254 13929 4540 8955 8439 2342 1735 6665 4763 2981 2714 3855
internal_count=99122 47496 51626 25640 26898 20598 25986 15087 11297 10553 7784 9301 19114 13015 16952 4803 10258 8329 8254 13929 4540 8955 8439 2342 1735 6665 4763 2981 2714 3855
is_linear=0
shrinkage=0.03


Tree=7
num_leaves=31
num_cat=0
split_feature=21 21 21 21 21 21 21 16 10 10 2 8 25 16 26 28 21 5 20 12 16 18 12 25 10 16 10 10 10 24
split_gain=24464.9 2715.22 2416.79 373.39 351.607 313.508 214.889 172.602 125.889 120.976 119.142 114.739 128.761 113.178 91.7686 78.899 72.208 71.7119 67.2331 64.5911 62.6073 60.5299 57.7094 57.5878 56.4568 52.9588 53.4885 58.2666 50.5561 50.298
threshold=6.6252777777777796 4.5213888888888905 8.8420833333333366 3.1650000000000005 7.4941666666666675 5.3237500000000013 10.428750000000003 6.3650000000000011 2.5000000000000004 2.5000000000000004 1.2079370213572984 11.500000000000002 2.6866809728183125 7.8250000000000011 0.90992662233962551 949.25000000000011 5.8637500000000005 0.1842347816207911 2.3833484847772417 7.3050000000000006 3.5550000000000002 2.9550000000000005 4.1650000000000009 2.4516053483222624 2.5000000000000004 10.445000000000002 2.5000000000000004 4.5000000000000009 1.5000000000000002 3.3500000000000001
decision_type=2 2 2 2 2 2 2 8 2 2 2 2 2 8 2 2 2 2 2 8 10 10 10 2 2 8 2 2 2 2
left_child=1 3 4 -1 9 13 14 8 -5 17 16 12 25 21 18 -16 -7 -2 -4 -8 -11 24 -10 -22 -3 26 -6 -28 -13 -12
right_child=2 5 6 7 11 10 19 -9 22 20 29 28 -14 -15 15 -17 -18 -19 -20 -21 23 -23 -24 -25 -26 -27 27 -29 -30 -31
leaf_value=-0.0052842496182987971 -0.0040969756390078736 -0.0049904073640499791 0.01001373662672036 -0.0053816336183761951 0.00023564992536749069 -0.001444702652717685 0.010495720682767015 -0.0030297037053660428 -0.0045482263383595564 -0.0031911623631489779 -0.0046236834162168318 0.0031852370014813732 -0.001792830690981797 -0.00061523964110036448 0.0068700422688654983 0.01604988469755295 0.00015785564292647894 0.00084604615199325136 0.0084006849159322088 0.018276095002767598 0.0031195094911670219 -0.0031675889166818375 -0.0039197624331790181 -0.00021027349175370245 -0.00080293671549146878 0.0081128077747681694 0.010181912186621624 0.0040098341063900525 0.0073724267373306302 -0.0013378522682296673
leaf_weight=15784 505 221 3967 1835 628 4621 342 2584 8335 266 790 584 433 1306 672 4964 6478 874 1195 11813 6072 6488 3429 870 964 1563 806 2599 5834 2190
leaf_count=15784 505 221 3967 1835 628 4621 342 2584 8335 266 790 584 433 1306 672 4964 6478 874 1195 11813 6072 6488 3429 870 964 1563 806 2599 5834 2190
internal_value=-0.000231475 -0.0135641 0.0164464 -0.0192234 0.00909739 -0.00571565 0.0231775 -0.01601 -0.0173618 0.00442388 -0.00292034 0.0123185 0.00933212 -0.0100946 0.0200722 0.0227406 -0.00148865 -0.00370665 0.0171395 0.0259268 0.00598087 -0.0114835 -0.016207 0.00652944 -0.00521849 0.0105517 0.00871471 0.0101965 0.0151144 -0.00824121
internal_weight=99012 55025 43987 31967 21034 23058 22953 16183 13599 8587 14079 12447 6029 8979 10798 5636 11099 1379 5162 12155 7208 7673 11764 6942 1185 5596 4033 3405 6418 2980
internal_count=99012 55025 43987 31967 21034 23058 22953 16183 13599 8587 14079 12447 6029 8979 10798 5636 11099 1379 5162 12155 7208 7673 11764 6942 1185 5596 4033 3405 6418 2980
is_linear=0
shrinkage=0.03


Tree=8
num_leaves=31
num_cat=0
split_feature=19 19 22 19 19 16 19 22 16 25 10 10 5 10 27 10 26 25 27 16 12 16 10 25 16 25 12 26 14 28
split_gain=23266.7 2653.83 2017.01 591.18 363.808 226.858 175.976 169.845 154.858 147.627 140.873 127.53 106.918 102.143 99.1436 88.6405 80.6903 76.3924 71.9316 71.9303 71.4387 66.2696 65.1516 65.0743 57.5081 57.0725 54.2404 52.3001 51.6419 50.0927
threshold=6.7937500000000011 5.0062500000000014 0.7900740743123168 3.6412500000000008 7.7337500000000015 6.6150000000000011 5.8287500000000012 0.92719254201897139 4.0250000000000012 2.7172322375397671 1.5000000000000002 2.5000000000000004 0.039755052635204194 8.5000000000000018 0.43049470426488862 1.5000000000000002 0.90255091666790865 1.4406272353361949 0.13052122218260662 6.4150000000000009 4.7550000000000008 7.1250000000000009 1.5000000000000002 2.3536056981020423 8.8650000000000002 2.5405065887299396 4.9150000000000009 0.95368063612909471 1.649373578362848 948.85000000000002
decision_type=2 2 2 2 2 8 2 2 10 2 2 2 2 2 2 2 2 2 2 10 10 8 2 2 10 2 10 2 2 2
left_child=1 3 4 8 15 11 24 13 12 16 27 -5 -1 14 21 26 19 -18 29 -6 -10 -4 -21 -17 -3 -12 -2 -8 -13 -19
right_child=2 6 7 5 9 -7 10 -9 20 -11 25 28 -14 -15 -16 23 17 18 -20 22 -22 -23 -24 -25 -26 -27 -28 -29 -30 -31
leaf_value=-0.0052148569882048395 -0.0038231157423461366 -0.0022193408022523589 0.0028039701284492528 -0.0051819173611430524 0.0014083339848289245 -0.0019021564671097431 -0.0015646338409527575 0.017956182758411442 -0.0044487282748505632 -0.00054161151461416227 0.00022277688696718435 -0.0038474311912260464 -0.0048294353781077534 0.015287296833058867 0.0017105788927680066 0.0032379913618524325 0.013859046370492015 0.0018628049323133643 0.0040836658729793401 0.00070356052591833633 -0.00067771344841460442 0.013824750654337659 0.0072120561989159676 7.738911887197719e-05 0.0004639733469402213 -0.0017704066044152468 0.00047046429339274258 -0.0037731125488009564 -0.0031398376316572043 0.0095227392649845644
leaf_weight=9335 254 8060 207 1752 715 3169 562 7686 4504 461 8190 9047 7862 5860 372 7182 1636 201 2007 481 305 6456 4953 1327 630 1006 584 501 1308 2144
leaf_count=9335 254 8060 207 1752 715 3169 562 7686 4504 461 8190 9047 7862 5860 372 7182 1636 201 2007 481 305 6456 4953 1327 630 1006 584 501 1308 2144
internal_value=-0.000261538 -0.0129243 0.0164816 -0.0175702 0.0101508 -0.0130279 -0.00378126 0.0232279 -0.0207196 0.0134777 -0.00111945 -0.0148984 -0.0220562 0.0211 0.0186264 0.00566189 0.0141105 0.0165994 0.014487 0.0116753 -0.0159223 0.0194676 0.0128516 0.00657858 -0.00692122 7.82524e-05 -0.00362989 -0.0114326 -0.0136187 0.0180638
internal_weight=98757 56231 42526 37282 21945 15276 18949 20581 22006 12598 10259 12107 17197 12895 7035 9347 12137 5988 4352 6149 4809 6663 5434 8509 8690 9196 838 1063 10355 2345
internal_count=98757 56231 42526 37282 21945 15276 18949 20581 22006 12598 10259 12107 17197 12895 7035 9347 12137 5988 4352 6149 4809 6663 5434 8509 8690 9196 838 1063 10355 2345
is_linear=0
shrinkage=0.03


Tree=9
num_leaves=31
num_cat=0
split_feature=21 21 21 21 21 21 21 10 16 21 26 10 11 10 25 3 10 17 11 10 27 25 10 16 23 29 25 4 10 8
split_gain=22574.5 2983.02 2099.74 394.787 331.033 249.022 206.696 145.408 120.111 119.586 117.711 103.117 101.526 98.1534 97.6741 92.3592 91.279 81.1654 78.239 74.0459 92.4226 70.4862 66.0617 65.5135 64.1865 61.7901 60.2039 59.4042 57.4819 54.759
threshold=6.2995833333333353 8.3629166666666688 4.0520833333333348 9.3887500000000035 5.0079166666666675 7.2562500000000005 2.923750000000001 2.5000000000000004 6.995000000000001 10.905000000000003 0.98897820466835418 4.5000000000000009 3.7750000000000004 2.5000000000000004 2.6866809728183125 4.903905981730853 2.5000000000000004 6.785000000000001 6.6650000000000009 8.5000000000000018 0.41467745240824988 2.7172322375397671 1.5000000000000002 5.1550000000000011 1.6950000000000001 38.500000000000007 1.2100228310502286 0.69813845401044206 6.5000000000000009 17.500000000000004
decision_type=2 2 2 2 2 2 2 2 8 2 2 2 10 2 2 2 2 2 10 2 2 2 2 10 2 2 2 2 2 2
left_child=2 5 6 10 8 7 -1 15 13 19 21 17 24 -4 22 -2 -8 25 -9 20 -5 -3 29 -18 -13 -6 28 -24 -14 -7
right_child=1 3 4 9 11 14 16 18 -10 -11 -12 12 26 -15 -16 -17 23 -19 -20 -21 -22 -23 27 -25 -26 -27 -28 -29 -30 -31
leaf_value=-0.0050192764282993262 -0.0037907917963492721 0.0079803385340422705 -0.0048705256055016658 0.013263069919156736 -0.00394172770828122 -0.00053220436804075595 -0.0050473095731364808 0.0022709395437973522 -0.0019274659720114014 0.01733912652688108 0.01272558109555226 -0.0019959605221929748 0.0020179624155014985 -0.0033263155744038863 -0.0005253631691757377 0.00026341823443113365 -0.004438625363321032 -0.0031699449099761236 6.1474568553721845e-05 0.013885246667785414 0.00098586734043163912 -0.0015267097077516654 0.005200052369732997 -0.0034766763532974817 0.0015757261091154506 -0.00044295496739754165 -0.0020401797509672992 0.0016830314618020963 -0.0010115933681136158 0.0040521900665727436
leaf_weight=13040 721 5919 1232 4617 306 700 1843 5357 2110 9853 1992 728 438 7692 589 883 8926 2546 2757 3977 310 217 8320 2559 1610 1801 5414 987 1266 270
leaf_count=13040 721 5919 1232 4617 306 700 1843 5357 2110 9853 1992 728 438 7692 589 883 8926 2546 2757 3977 310 217 8320 2559 1610 1801 5414 987 1266 270
internal_value=-0.000262464 0.0146613 -0.0140153 0.021241 -0.00781016 0.0060644 -0.0199295 0.00257328 -0.0117021 0.0236377 0.015699 -0.00476336 -0.00296163 -0.0132243 0.00918407 -0.00566812 -0.0172849 -0.00841778 0.00420495 0.0210798 0.0185706 0.0136199 0.00986481 -0.0162742 0.00245839 -0.0040483 -0.00474238 0.0106411 0.000175541 0.0024
internal_weight=98980 47469 51511 26885 25143 20584 26368 9718 11034 18757 8128 14109 9456 8924 10866 1604 13328 4653 8114 8904 4927 6136 10277 11485 2338 2107 7118 9307 1704 970
internal_count=98980 47469 51511 26885 25143 20584 26368 9718 11034 18757 8128 14109 9456 8924 10866 1604 13328 4653 8114 8904 4927 6136 10277 11485 2338 2107 7118 9307 1704 970
is_linear=0
shrinkage=0.03


Tree=10
num_leaves=31
num_cat=0
split_feature=21 21 21 21 21 21 21 16 1 1 12 16 26 28 25 26 25 16 1 12 1 29 29 24 8 28 28 29 13 29
split_gain=22040.5 2595.63 2294.1 394.276 278.836 267.022 249.843 162.195 123.304 114.378 105.613 103.786 100.058 94.4325 92.069 78.9097 74.3029 67.2005 65.9005 65.8748 60.906 72.9975 57.7954 57.4127 56.0287 73.3009 55.3052 97.8485 62.7175 54.3848
threshold=6.6252777777777796 4.5213888888888905 8.8420833333333366 3.1650000000000005 5.5479166666666675 7.7195833333333344 10.428750000000003 6.3650000000000011 1.0000000180025095e-35 -0.74999999999999989 4.8050000000000006 7.8250000000000011 0.90992662233962551 949.1500000000002 2.7172322375397671 0.99140711019144634 1.1018358745970613 10.655000000000003 5.8500000000000005 7.495000000000001 5.8500000000000005 47.500000000000007 46.500000000000007 7.6500000000000012 13.500000000000002 954.6500000000002 952.6500000000002 59.500000000000007 3.0683333333333334 42.500000000000007
decision_type=2 2 2 2 2 2 2 8 2 2 10 8 2 2 2 2 2 8 2 8 2 2 2 2 2 2 2 2 2 2
left_child=1 3 5 26 11 10 12 9 -6 -5 17 18 -4 -14 15 20 -12 -2 -3 -8 21 -7 -20 -15 -18 -26 27 -1 -28 -10
right_child=2 4 6 7 8 14 19 -9 29 -11 16 -13 13 23 -16 -17 24 -19 22 -21 -22 -23 -24 -25 25 -27 28 -29 -30 -31
leaf_value=-0.0046618892036892744 -0.0011125212004294692 -0.0031948080786348334 0.0088021206242354395 -0.0049123196129846692 -0.0020284532468404799 -0.0024109918069127614 0.010826992185535915 -0.0025571829540845018 -0.00089722632935449994 -0.0040117166552206783 0.0073615345188152775 -0.00077149469976285742 0.0047394068604491258 0.011973032874378203 -0.0005096022741004658 0.0087306536967921879 0.0012895615552121036 0.0064651025268641221 -0.0026757877886544866 0.016718952826442077 0.0068182796404480757 0.0047565161418604025 -0.0018629487180889396 0.016441448501168618 0.0015979586436200115 0.0048249365303107156 -0.0049186981436459849 -0.0038668329810382009 -0.0045967834764881286 0.00051460085359964402
leaf_weight=5162 1812 2752 5139 1946 2373 202 484 2600 3752 11516 474 1855 667 2996 379 1920 4564 255 3684 11669 4785 2722 3148 1892 2255 1529 8067 1701 924 5685
leaf_count=5162 1812 2752 5139 1946 2373 202 484 2600 3752 11516 474 1855 667 2996 379 1920 4564 255 3684 11669 4785 2722 3148 1892 2255 1529 8067 1701 924 5685
internal_value=-0.00035819 -0.0129685 0.0155441 -0.018522 -0.00534231 0.00835757 0.022114 -0.0151989 -0.00210749 -0.0165248 0.00510281 -0.00867966 0.0187475 0.0215558 0.0118945 0.0124652 0.00653223 -0.000999035 -0.00993639 0.0250674 0.0110954 0.00766132 -0.00834577 0.0230043 0.00586855 0.0085669 -0.0218828 -0.0198005 -0.0234604 -0.000568735
internal_weight=98909 55165 43744 31916 23249 20897 22847 16062 11810 13462 10889 11439 10694 5555 10008 9629 8822 2067 9584 12153 7709 2924 6832 4888 8348 3784 15854 6863 8991 9437
internal_count=98909 55165 43744 31916 23249 20897 22847 16062 11810 13462 10889 11439 10694 5555 10008 9629 8822 2067 9584 12153 7709 2924 6832 4888 8348 3784 15854 6863 8991 9437
is_linear=0
shrinkage=0.03


Tree=11
num_leaves=31
num_cat=0
split_feature=21 21 21 21 21 21 21 16 26 1 24 10 10 12 16 26 23 16 10 21 16 24 18 16 14 1 12 27 16 1
split_gain=21102.2 2553.11 2186.54 496.006 313.984 272.881 190.609 130.367 122.657 113.515 106.822 99.7393 97.9761 96.9016 91.5171 85.768 94.879 81.1293 77.2452 72.2479 71.4907 64.452 63.7561 61.8888 55.3846 54.7161 52.4308 51.4602 55.5185 51.8631
threshold=6.6645833333333346 4.1204166666666682 9.1312500000000032 5.3237500000000013 7.7195833333333344 2.9887500000000009 10.905000000000003 7.6950000000000012 0.99140711019144634 -1.0000000180025095e-35 6.1500000000000012 2.5000000000000004 2.5000000000000004 4.8050000000000006 8.4550000000000018 0.94828754594723541 2.9750000000000005 4.6150000000000011 1.5000000000000002 6.0479166666666675 5.4650000000000007 3.5500000000000003 2.9550000000000005 7.1250000000000009 1.0396313449167105 30.750000000000004 9.0850000000000026 0.40673664307580004 9.8150000000000031 1.0000000180025095e-35
decision_type=2 2 2 2 2 2 2 8 2 2 2 2 2 10 10 2 2 10 2 2 8 2 10 10 2 2 8 2 8 2
left_child=1 5 4 7 13 -1 15 11 10 24 27 -3 -7 18 25 16 -4 -14 -2 -11 -15 -22 -13 -18 -5 -12 -8 28 29 -6
right_child=2 3 6 9 8 12 26 -9 -10 19 14 22 17 20 -16 -17 23 -19 -20 -21 21 -23 -24 -25 -26 -27 -28 -29 -30 -31
leaf_value=-0.004721137191140967 -0.0037235580430191009 -0.0044083692803512254 0.00032011479667786499 -0.0024575338967961738 -0.0019721956244703651 -0.0047485206975528462 0.015006602707216118 -0.0011072679575756053 0.0090294490594422811 -0.0010932158666714104 0.0033973891805107338 -0.0020880855961888092 -0.0041371861615248206 -0.00086036663345689262 0.0089408086793816809 0.014376178868673628 0.0036207316371085468 -0.0033138135381463882 0.00061775342260150909 0.000597091386246919 -0.0024221946440602677 0.0031392793236825062 -0.0029632473586676303 0.011016455196589199 0.00046544803579087464 0.0075474103412240309 0.01636738409859767 -0.00036283789807067536 0.0054070210709805024 0.0032912752238700464
leaf_weight=13744 298 1622 282 2470 201 1817 1542 1946 2523 6276 2698 1969 7604 761 4248 4625 312 3925 1682 5187 365 7450 8269 5641 495 371 8348 555 1023 809
leaf_count=13744 298 1622 282 2470 201 1817 1542 1946 2523 6276 2698 1969 7604 761 4248 4625 312 3925 1682 5187 365 7450 8269 5641 495 371 8348 555 1023 809
internal_value=-0.000314345 -0.0126248 0.0152582 -0.00631042 0.00888164 -0.0192035 0.0223175 -0.0103743 0.0121129 -0.00241946 0.0105984 -0.011555 -0.0161336 0.00507338 0.0124515 0.019549 0.0172163 -0.0150988 -0.000906801 -0.0010647 0.00645379 0.00730818 -0.0104501 0.0180211 -0.00764646 0.00848081 0.0253461 0.00534516 0.00755152 0.00254187
internal_weight=99058 55324 43734 28234 22984 27090 20750 13806 12428 14428 9905 11860 13346 10556 7317 10860 6235 11529 1980 11463 8576 7815 10238 5953 2965 3069 9890 2588 2033 1010
internal_count=99058 55324 43734 28234 22984 27090 20750 13806 12428 14428 9905 11860 13346 10556 7317 10860 6235 11529 1980 11463 8576 7815 10238 5953 2965 3069 9890 2588 2033 1010
is_linear=0
shrinkage=0.03


Tree=12
num_leaves=31
num_cat=0
split_feature=21 21 21 21 21 21 21 10 16 16 10 8 10 5 10 0 5 16 1 27 28 1 5 8 16 9 16 28 1 27
split_gain=20251 2617.08 2272.56 454.471 336.713 272.789 193.106 130.867 126.199 119.165 118.874 107.612 101.374 95.4172 91.1139 80.8638 78.2532 69.6894 69.8252 78.88 76.8648 68.5761 67.4037 66.4045 65.1935 78.7291 64.1862 63.9055 62.6385 63.1504
threshold=6.6645833333333346 4.1204166666666682 9.1312500000000032 5.3237500000000013 8.1970833333333353 2.692083333333334 10.905000000000003 1.5000000000000002 7.745000000000001 5.0550000000000006 4.5000000000000009 9.5000000000000018 2.5000000000000004 0.31076736244169684 2.5000000000000004 9.4150000000000009 0.14489448471553615 9.5950000000000006 1.0500000000000003 0.32556815445715659 949.85000000000002 -2.0499999999999994 0.74847105941813474 10.500000000000002 8.4150000000000009 3.5000000000000004 6.4150000000000009 956.85000000000002 0.25000000000000006 0.21643137258081221
decision_type=2 2 2 2 2 2 2 2 8 8 2 2 2 2 2 2 2 8 2 2 2 2 2 2 8 2 8 2 2 2
left_child=1 5 4 8 7 -1 17 13 12 14 16 15 -3 -2 -7 -9 -5 -4 19 -19 -20 -21 27 -12 -6 -26 -18 -8 29 -27
right_child=2 3 6 10 24 9 22 11 -10 -11 23 -13 -14 -15 -16 -17 26 18 20 21 -22 -23 -24 -25 25 28 -28 -29 -30 -31
leaf_value=-0.0045903721838841576 -0.0018030317754261873 -0.0041593690039400813 0.0073562291444702601 -0.0028773287775854636 0.004240715319948722 -0.0046224944036685435 0.011858255929271953 0.0019404851658295441 -0.0010795939000094574 -0.0034825172523461263 -0.0011141374597089485 0.0038550755667556328 -0.0027761260071743903 0.0020862522318510508 -0.0041247025343980875 -0.0042548840212809271 -0.0023216757503650327 0.012320398911159597 0.0086748306817554903 -0.0010497681391244684 0.014160590038447364 0.008487643710649348 0.015876362575639739 0.00048735762483127331 0.010306149055646037 0.0070063031923348774 0.00025757328467763296 0.015717186208116046 0.0071550162426656586 -0.0012510619760294972
leaf_weight=10220 884 1601 2250 1939 1595 1715 821 5384 1893 4110 4165 8196 10180 602 11089 220 1217 2057 1246 363 4581 286 8543 5563 3356 577 1680 479 1892 294
leaf_count=10220 884 1601 2250 1939 1595 1715 821 5384 1893 4110 4165 8196 10180 602 11089 220 1217 2057 1246 363 4581 286 8543 5563 3356 577 1680 479 1892 294
internal_value=-0.000421199 -0.0124644 0.0148642 -0.00606947 0.00837731 -0.0191171 0.0220939 0.00579557 -0.00999634 -0.0167669 -0.0023804 0.00670627 -0.0111514 -0.00265594 -0.0181981 0.00349795 -0.00622185 0.0192964 0.0205446 0.0164884 0.0224126 0.00729358 0.0251472 -0.000468509 0.0134862 0.0148971 -0.00309097 0.0186207 0.0111091 0.00441781
internal_weight=98998 55372 43626 28238 23000 27134 20626 15286 13674 16914 14564 13800 11781 1486 12804 5604 4836 10783 8533 2706 5827 649 9843 9728 7714 6119 2897 1300 2763 871
internal_count=98998 55372 43626 28238 23000 27134 20626 15286 13674 16914 14564 13800 11781 1486 12804 5604 4836 10783 8533 2706 5827 649 9843 9728 7714 6119 2897 1300 2763 871
is_linear=0
shrinkage=0.03


Tree=13
num_leaves=31
num_cat=0
split_feature=21 21 21 21 21 21 21 16 9 2 10 10 10 10 16 16 16 2 24 11 11 12 25 29 10 28 12 5 10 14
split_gain=19560 2481.47 2270.92 404.594 334.219 262.326 203.834 136.417 112.056 107.449 103.192 103.036 102.574 96.1551 94.6903 82.7087 80.562 70.8003 69.3958 100.688 66.1741 66.0122 65.8138 114.377 87.6917 64.7454 63.9969 61.3836 59.8448 59.6171
threshold=6.6252777777777796 4.1204166666666682 9.1312500000000032 5.3237500000000013 7.7195833333333344 2.923750000000001 10.905000000000003 7.6950000000000012 3.5000000000000004 1.2070543490138486 1.5000000000000002 2.5000000000000004 2.5000000000000004 1.5000000000000002 6.0750000000000011 9.5950000000000006 6.6150000000000011 1.207495523878477 5.0500000000000007 8.3450000000000006 3.9250000000000003 5.0050000000000008 1.4054317475370108 45.500000000000007 4.5000000000000009 949.85000000000002 6.285000000000001 0.74847105941813474 6.5000000000000009 1.0396313449167105
decision_type=2 2 2 2 2 2 2 8 2 2 2 2 2 2 8 8 10 2 2 10 10 10 2 2 2 2 10 2 2 2
left_child=1 5 4 7 13 -1 15 12 14 22 26 -7 -3 21 -6 -4 -13 25 -15 -20 -14 -2 23 24 -5 -17 -10 -8 -26 -11
right_child=2 3 6 9 8 11 27 -9 10 29 -12 16 20 18 -16 17 -18 -19 19 -21 -22 -23 -24 -25 28 -27 -28 -29 -30 -31
leaf_value=-0.0044417919098902123 -0.0032631896727424916 -0.0040345879338218784 0.0067792095849494947 -0.0039703934361694686 -0.0012686008745576088 -0.0044838195715584872 0.014376909934092004 -0.00096267367691406087 -0.0022379887338230429 -0.0023598876581797787 0.0052859156825843644 -0.0038167623164510433 -0.0020272523646861149 0.00050959160253094603 0.00786249230123948 0.0085850051401948225 -0.0020861443611500173 0.0097001701440477036 0.0035656510073705933 -0.00025664433150527911 -0.0032464622800928359 0.0003884351120781648 -0.00081943570547564424 0.0040837636290237097 0.002084691135502483 0.013629521982393247 0.002425515203648353 0.015400071698370547 -0.00054064818665449516 0.00065151480982311315
leaf_weight=12964 351 1604 2244 561 334 1932 1300 2001 394 2524 4759 11186 4347 2857 6740 1241 978 2571 5992 1157 5781 651 6931 1377 520 4767 228 8538 1669 534
leaf_count=12964 351 1604 2244 561 334 1932 1300 2001 394 2524 4759 11186 4347 2857 6740 1241 978 2571 5992 1157 5781 651 6931 1377 520 4767 228 8538 1669 534
internal_value=-0.00035653 -0.0123078 0.0145156 -0.0060196 0.00812638 -0.018777 0.0217676 -0.00968482 0.011492 -0.00245167 0.00821574 -0.0159308 -0.0109193 0.0043149 0.0139766 0.0189038 -0.0148952 0.0202528 0.00520228 0.00678082 -0.00979374 -0.0045283 -0.00107385 0.00192401 -0.00161162 0.0220522 -0.00325359 0.024907 0.00110757 -0.00742409
internal_weight=99033 54909 44124 27849 23463 27060 20661 13733 12455 14116 5381 14096 11732 11008 7074 10823 12164 8579 10006 7149 10128 1002 11058 4127 2750 6008 622 9838 2189 3058
internal_count=99033 54909 44124 27849 23463 27060 20661 13733 12455 14116 5381 14096 11732 11008 7074 10823 12164 8579 10006 7149 10128 1002 11058 4127 2750 6008 622 9838 2189 3058
is_linear=0
shrinkage=0.03


Tree=14
num_leaves=31
num_cat=0
split_feature=21 21 21 21 21 21 21 10 16 16 16 10 29 23 16 10 1 27 28 9 3 25 15 1 29 27 16 28 10 27
split_gain=18799 2711.21 2007.77 329.992 321.358 253.802 252.234 140.365 123.556 105.156 97.5899 100.754 103.713 97.4257 91.6054 89.0149 88.8152 114.856 89.9089 80.1117 78.1077 77.3275 76.2195 75.1462 115.611 71.9242 67.8603 62.6839 62.6833 61.999
threshold=6.2995833333333353 8.6995833333333366 4.0520833333333348 10.428750000000003 7.2562500000000005 5.0387500000000012 2.923750000000001 2.5000000000000004 7.6550000000000011 5.0550000000000006 6.455000000000001 1.5000000000000002 59.500000000000007 4.205000000000001 8.6850000000000005 2.5000000000000004 1.0500000000000003 0.43049470426488862 950.25000000000011 4.5000000000000009 4.903905981730853 2.3094707795407516 0.7400000000000001 17.450000000000003 70.500000000000014 -0.017452406437283484 5.0550000000000006 960.45000000000016 1.5000000000000002 -0.16504132135358066
decision_type=2 2 2 2 2 2 2 2 10 8 8 2 2 2 8 2 2 2 2 2 2 2 10 2 2 2 10 2 2 2
left_child=2 4 6 14 7 8 -1 20 28 15 -6 12 -12 -5 -3 -8 17 27 -18 -14 -2 29 -7 -15 -25 -20 -9 -16 -4 -13
right_child=1 3 5 13 10 22 9 26 -10 -11 11 21 19 23 16 -17 18 -19 25 -21 -22 -23 -24 24 -26 -27 -28 -29 -30 -31
leaf_value=-0.0043085381525935062 -0.0034500802187346137 0.0049462830570999507 -0.0041593873898687845 0.009636078369287546 0.00049411787947873211 -0.0016317537699274286 -0.0043493049844117327 -0.0012107530475267646 -0.00027707130670563294 -0.0032438849256081113 -0.0052144977801273354 0.0043851863995565833 0.0046578702569348845 0.014938069547419429 0.0050593975480332102 -0.0038221569550053037 0.0079868557002819307 -0.0013092801992721653 0.0094519875006567802 -0.00075522578615340561 -5.783827681899001e-05 0.0020901423690297184 7.4967943903954946e-05 0.014069183693592427 0.00047755442858847031 0.013705638234506958 0.0016099832735092751 0.012817361052639829 -0.002841383660652945 0.0060626580775611288
leaf_weight=13001 737 1612 915 1084 1204 10825 1368 848 1117 3361 255 2759 755 8187 1529 8668 1820 277 1716 307 890 1808 2995 2628 236 3606 7322 1396 9402 6619
leaf_count=13001 737 1612 915 1084 1204 10825 1368 848 1117 3361 255 2759 755 8187 1529 8668 1820 277 1716 307 890 1808 2995 2628 236 3606 7322 1396 9402 6619
internal_value=-0.000359993 0.013241 -0.0128927 0.0203125 0.00599005 -0.0068435 -0.0186774 0.00183942 -0.0101495 -0.0157745 0.00895493 0.00974017 0.00188351 0.0238048 0.0167595 -0.017317 0.0177988 0.0136015 0.0196698 0.00601687 -0.00619485 0.0106639 -0.00410561 0.0246518 0.0203695 0.0216482 0.0034422 0.0153481 -0.0111752 0.0117596
internal_weight=99247 47595 51652 24091 23504 25254 26398 9797 11434 13397 13707 12503 1317 12135 11956 10036 10344 3202 7142 1062 1627 11186 13820 11051 2864 5322 8170 2925 10317 9378
internal_count=99247 47595 51652 24091 23504 25254 26398 9797 11434 13397 13707 12503 1317 12135 11956 10036 10344 3202 7142 1062 1627 11186 13820 11051 2864 5322 8170 2925 10317 9378
is_linear=0
shrinkage=0.03


Tree=15
num_leaves=31
num_cat=0
split_feature=21 21 21 21 21 21 21 16 24 16 10 14 26 26 23 10 12 1 28 10 9 24 17 26 10 17 3 24 26 21
split_gain=18169.9 2989.21 1706.4 434.215 345.053 225.733 211.061 156.31 128.943 110.95 109.18 95.2205 91.528 82.4682 93.849 75.7767 108.806 74.6084 73.0187 72.0132 71.7771 71.1908 69.9388 78.7315 69.0057 64.128 64.0883 78.2527 63.3179 61.5303
threshold=7.0195833333333342 4.5213888888888905 9.1312500000000032 3.1650000000000005 5.5076388888888905 11.24291666666667 8.2345833333333349 6.3650000000000011 3.4500000000000006 7.8250000000000011 2.5000000000000004 0.75480681855249854 0.95878322595067733 0.95368063612909471 4.1050000000000013 1.5000000000000002 6.285000000000001 -2.0499999999999994 950.35000000000002 4.5000000000000009 4.5000000000000009 7.4500000000000011 6.0950000000000006 0.73724926354828246 2.5000000000000004 3.0150000000000001 8.3927221633370159 4.9500000000000011 0.78257835753184668 2.5445833333333341
decision_type=2 2 2 2 2 2 2 8 2 8 2 2 2 2 2 2 10 2 2 2 2 2 2 2 2 2 2 2 2 2
left_child=1 3 6 29 9 13 15 10 11 24 -5 -6 -8 14 17 16 20 -4 -15 25 -2 -20 -21 -24 -3 -10 27 -17 -16 -1
right_child=2 4 5 7 8 -7 12 -9 19 -11 -12 -13 -14 18 28 26 -18 -19 21 22 -22 -23 23 -25 -26 -27 -28 -29 -30 -31
leaf_value=-0.0042043068568564032 -2.4897270389485635e-05 -0.0031649784992983203 -0.00053394682295967327 -0.0042188258348793799 -0.0035145123816231034 0.014489927460996848 0.0057019489182705517 -0.0022605441644205655 0.0056679507737657439 -0.00025887111429645168 -0.0034778226796880868 0.00059551572406494528 0.0090432909607128086 0.0044583899301222727 0.0092472938536469814 0.0016088012054560796 0.0035363364577743563 0.0089201777961976664 0.010537615831400561 -0.0004948024127776168 -0.0021669669601660523 0.014352158365188335 0.0002957866127061667 0.0030946339602056397 -0.0022055375579318587 -0.0010123203757709247 0.00057982809877520634 0.0044173225264178759 0.014188726896302031 -0.0039802588709281208
leaf_weight=8711 476 1329 397 1866 1525 8411 4627 2659 378 1797 11764 746 2825 606 4908 2492 405 790 2142 3243 293 2178 3606 2399 7885 4126 1219 7264 1218 7098
leaf_count=8711 476 1329 397 1866 1525 8411 4627 2659 378 1797 11764 746 2825 606 4908 2492 405 790 2142 3243 293 2178 3606 2399 7885 4126 1219 7264 1218 7098
internal_value=-0.000384855 -0.0109678 0.0151617 -0.0171573 -0.003617 0.0211794 0.00881822 -0.0137112 -0.000806713 -0.00770425 -0.0150099 -0.00742091 0.0127933 0.0185601 0.0165086 0.00637568 -0.00086514 0.00873322 0.0215859 0.000287853 -0.00748062 0.0229595 0.00180266 0.0037188 -0.00903352 -0.00282102 0.00715027 0.00796025 0.0180069 -0.0207025
internal_weight=99383 59132 40251 32098 27034 20650 19601 16289 16023 11011 13630 2271 7452 12239 7313 12149 1174 1187 4926 13752 769 4320 9248 6005 9214 4504 10975 9756 6126 15809
internal_count=99383 59132 40251 32098 27034 20650 19601 16289 16023 11011 13630 2271 7452 12239 7313 12149 1174 1187 4926 13752 769 4320 9248 6005 9214 4504 10975 9756 6126 15809
is_linear=0
shrinkage=0.03


Tree=16
num_leaves=31
num_cat=0
split_feature=19 19 19 19 19 19 16 19 25 26 12 1 28 19 5 10 29 26 10 16 16 1 1 29 28 23 23 14 29 29
split_gain=17161.9 2251.62 1995.61 429.889 320.412 240.35 218.652 177.858 136.681 125.588 121.396 106.358 97.1517 92.4574 92.0157 84.998 87.5598 82.574 93.8127 81.8576 78.2411 74.7512 72.686 143.01 71.4835 70.8393 67.9556 66.5208 63.9967 62.726
threshold=6.7937500000000011 4.5529166666666674 9.4387500000000042 3.0629166666666676 8.2629166666666691 5.4837500000000015 6.5050000000000008 11.623750000000003 2.7172322375397671 0.95878322595067733 4.0850000000000009 0.25000000000000006 949.95000000000016 7.503750000000001 0.03883706026456072 1.5000000000000002 72.500000000000014 0.94828754594723541 3.5000000000000004 4.0850000000000009 7.8250000000000011 -1.2499999999999998 16.650000000000002 68.500000000000014 952.85000000000002 4.2750000000000012 4.1050000000000013 1.4065205295337924 27.500000000000004 64.500000000000014
decision_type=2 2 2 2 2 2 10 2 2 2 8 2 2 2 2 2 2 2 2 10 8 2 2 2 2 2 2 2 2 2
left_child=1 3 4 14 8 20 10 12 13 15 21 -7 -4 -2 19 -6 27 18 26 -1 24 -5 -9 -24 -3 -19 -14 -17 -16 -10
right_child=2 5 7 6 9 11 -8 22 29 -11 -12 -13 17 -15 28 16 -18 25 -20 -21 -22 -23 23 -25 -26 -27 -28 -29 -30 -31
leaf_value=-0.0041031528105056475 0.0015467337137465087 -0.001953627035247262 0.0074802108447420048 -0.0040922610598329995 -0.00018143216092994017 -0.0016745573364778169 -0.0014927280600251344 0.014105229589483226 -0.0044490074556298217 0.0091149797076094229 -0.0027474173903977183 -0.00010383907118105938 -0.00073266001185675049 0.003747002365743666 -0.0040140219305314674 0.0079022724100878874 0.0015810528143138196 0.010684479119136309 0.011741163311502307 -0.0034418580524233724 -0.00081260797668956572 -0.0034885863327319862 0.013843429667338255 -0.0011797659460980403 -0.0028837001506601986 0.013963111481944387 0.008542316677487222 0.0021933499576376188 -0.0036372704267952582 0.0010473287026679422
leaf_weight=8395 6735 4286 2454 1819 657 2944 2113 5446 459 3674 4307 10861 309 7050 1124 3453 1156 1924 3849 1420 1622 8746 1578 249 4031 2229 747 688 4772 241
leaf_count=8395 6735 4286 2454 1819 657 2944 2113 5446 459 3674 4307 10861 309 7050 1124 3453 1156 1924 3849 1420 1622 8746 1578 249 4031 2229 747 688 4772 241
internal_value=-0.000446936 -0.0113176 0.013855 -0.0164234 0.00814122 -0.00428481 -0.0131071 0.0211852 0.00531884 0.0123824 -0.01439 -0.00172266 0.0188434 0.00597607 -0.0200032 0.00967612 0.0109374 0.0202847 0.0176029 -0.0217974 -0.00784091 -0.0161239 0.0248763 0.0195688 -0.00901586 0.0234271 0.00961357 0.012974 -0.0170005 -0.00757447
internal_weight=99338 56440 42898 32696 24113 23744 16985 18785 14485 9628 14872 13805 11512 13785 15711 5954 5297 9058 4905 9815 9939 10565 7273 1827 8317 4153 1056 4141 5896 700
internal_count=99338 56440 42898 32696 24113 23744 16985 18785 14485 9628 14872 13805 11512 13785 15711 5954 5297 9058 4905 9815 9939 10565 7273 1827 8317 4153 1056 4141 5896 700
is_linear=0
shrinkage=0.03


Tree=17
num_leaves=31
num_cat=0
split_feature=21 21 21 21 21 21 21 10 26 28 10 26 25 4 16 16 2 29 16 24 10 9 10 2 17 11 25 29 16 25
split_gain=16782.2 2672.3 1880.76 369.389 271.885 257.808 237.323 119.845 115.546 109.005 104.491 101.775 114.066 99.8445 95.6435 92.3284 91.2288 153.086 90.7295 87.5064 83.0239 88.949 79.9622 77.3656 76.1413 72.2813 71.3587 66.4483 66.0679 65.3284
threshold=6.2995833333333353 9.0870833333333358 4.0204166666666685 7.4941666666666675 11.24291666666667 2.692083333333334 5.0079166666666675 1.5000000000000002 0.94828754594723541 950.35000000000002 8.5000000000000018 0.91702515554752073 2.1190720641439333 0.1814521943592898 5.0050000000000008 7.6050000000000013 1.2163872440951564 68.500000000000014 6.455000000000001 7.4500000000000011 1.5000000000000002 4.5000000000000009 2.5000000000000004 1.2092634530215358 7.3850000000000007 3.3250000000000006 1.2001070663811568 44.500000000000007 10.405000000000003 1.5398897903718953
decision_type=2 2 2 2 2 2 2 2 2 2 2 2 2 2 8 10 2 2 10 2 2 2 2 2 2 10 2 2 8 2
left_child=2 3 5 7 8 -1 15 13 10 -10 16 18 -13 -2 22 -4 -3 -18 -5 -11 21 -20 -7 25 -25 -8 -9 -27 -14 -29
right_child=1 4 6 11 -6 14 23 26 9 19 -12 12 28 -15 -16 -17 17 -19 20 -21 -22 -23 -24 24 -26 27 -28 29 -30 -31
leaf_value=-0.0039457796573715235 -0.0032556481394316402 0.0077736618134199532 -0.0027388736211307208 -0.00094972620831259755 0.013647108446450779 -0.0039694932280380096 0.00097220809874977616 0.003340559224973897 0.0039165174818909295 0.010137029627861604 0.01108622683525818 0.0088179376950488775 0.0010923618228191288 0.00019580531751074715 -0.0031986217505816056 -0.00069012491308003603 -0.0045213071303018462 0.0055653678854337592 0.0030639664166307997 0.01352159426642764 0.0049222921133649988 -0.0017693024172056658 -0.0035706343705163941 -0.00082538589932746285 -0.0031719583856508822 -0.0017197683498516819 0.00076267395429920699 0.0015366029069414301 0.0048013018421108862 -0.0013277264602630596
leaf_weight=10317 488 3478 10257 1006 8332 1554 1880 2340 674 2309 3324 3968 1539 708 3757 1108 249 403 466 2324 5969 310 10406 1286 1532 4174 8591 1360 1105 3981
leaf_count=10317 488 3478 10257 1006 8332 1554 1880 2340 674 2309 3324 3968 1539 708 3757 1108 249 403 466 2324 5969 310 10406 1286 1532 4174 8591 1360 1105 3981
internal_value=-0.000444859 0.0124059 -0.0122925 0.00606001 0.0203721 -0.0179684 -0.00651292 0.00220326 0.0176038 0.0210034 0.0151709 0.00931445 0.0120508 -0.00679434 -0.0155381 -0.00974406 0.0119565 0.00164384 0.00697396 0.0226455 0.00822667 -0.00099872 -0.0168542 -0.00392671 -0.00837407 -0.00282368 0.00319038 -0.0038855 0.00720272 -0.00166667
internal_weight=99195 47583 51612 26490 21093 26034 25578 12127 12761 5307 7454 14363 6612 1196 15717 11365 4130 652 7751 4633 6745 776 11960 14213 2818 11395 10931 9515 2644 5341
internal_count=99195 47583 51612 26490 21093 26034 25578 12127 12761 5307 7454 14363 6612 1196 15717 11365 4130 652 7751 4633 6745 776 11960 14213 2818 11395 10931 9515 2644 5341
is_linear=0
shrinkage=0.03


Tree=18
num_leaves=31
num_cat=0
split_feature=21 21 21 21 21 21 21 1 16 16 1 10 25 28 29 21 16 16 12 25 11 9 1 10 29 9 1 28 16 25
split_gain=16400.3 2745.37 1750.7 448.564 298.501 289.702 165.369 123.625 121.552 99.4912 99.0857 97.2262 93.7395 87.8978 112.481 86.683 79.8156 79.0506 73.4531 69.1144 69.0287 68.5343 66.8222 66.7027 65.3991 63.0978 66.1712 60.9186 124.487 59.1054
threshold=7.0195833333333342 4.1204166666666682 9.1312500000000032 5.3237500000000013 2.923750000000001 11.24291666666667 8.1970833333333353 1.0000000180025095e-35 5.1550000000000011 7.5050000000000008 -1.2499999999999998 2.5000000000000004 2.6024555711230737 948.95000000000016 47.500000000000007 6.0479166666666675 7.6950000000000012 10.255000000000001 7.6550000000000011 1.173533102173532 3.9250000000000003 1.5000000000000002 -3.0499999999999994 1.5000000000000002 61.500000000000007 3.5000000000000004 0.8500000000000002 960.45000000000016 7.3150000000000004 2.1849657534246583
decision_type=2 2 2 2 2 2 2 2 8 8 2 2 2 2 2 2 8 8 10 2 10 2 2 2 2 2 2 2 8 2
left_child=1 4 6 9 -1 13 12 21 10 11 -6 -3 -2 -4 -15 -9 -8 -16 22 -17 -13 -5 23 -19 -14 -18 29 -23 -29 -27
right_child=2 3 5 7 8 -7 16 15 -10 -11 -12 20 24 14 17 19 25 18 -20 -21 -22 27 -24 -25 -26 26 -28 28 -30 -31
leaf_value=-0.0038116848282736941 0.0028287281117789277 -0.0036628644663942752 0.0062881897270297173 -0.0029434529202733281 -0.0038504084311968686 0.013237695193057255 0.0017295814468635544 -0.00092147997978001992 -0.0027420058124143685 -0.00087116783821369198 -0.0033273289867480418 -0.0016749167378032614 -0.0033064676343933538 0.01183911741919332 0.006177668252604491 0.0025703742305083557 0.0082931874906182392 -0.0016295038697012915 0.012013540300903477 0.00011216339608032574 -0.0028638801208903993 -0.0021293976098111251 0.0093150364438736467 0.0096270651294981472 0.0019566295901435535 0.0056454455380427369 0.0060334036035777283 -0.00232800084384679 0.0021736820259673187 -0.0018862368669464924
leaf_weight=13009 10856 1621 2009 1019 1466 8416 909 6289 3498 2177 9212 4283 491 3387 1777 1718 3802 251 3308 6356 5683 1252 1279 334 326 685 2066 679 781 334
leaf_count=13009 10856 1621 2009 1019 1466 8416 909 6289 3498 2177 9212 4283 491 3387 1777 1718 3802 251 3308 6356 5683 1252 1279 334 326 685 2066 679 781 334
internal_value=-0.000459618 -0.0105245 0.0143114 -0.00454759 -0.0175267 0.0203713 0.00784585 -0.00144207 -0.0145039 -0.00862808 -0.0160966 -0.00973344 0.00558229 0.0174291 0.0185495 -0.000177478 0.0112293 0.0163374 0.018219 0.00187895 -0.00861699 -0.00630353 0.0133868 0.0049322 -0.00419708 0.0123317 0.0091165 -0.00379831 0.000368601 0.0028418
internal_weight=99273 59043 40230 31858 27185 20761 19469 18094 14176 13764 10678 11587 11673 12345 10336 14363 7796 6949 5172 8074 9966 3731 1864 585 817 6887 3085 2712 1460 1019
internal_count=99273 59043 40230 31858 27185 20761 19469 18094 14176 13764 10678 11587 11673 12345 10336 14363 7796 6949 5172 8074 9966 3731 1864 585 817 6887 3085 2712 1460 1019
is_linear=0
shrinkage=0.03


Tree=19
num_leaves=31
num_cat=0
split_feature=21 21 21 21 21 21 21 25 12 16 16 25 16 5 14 26 1 15 1 1 26 9 28 28 16 25 25 29 23 12
split_gain=15969.6 2544.45 1949.74 408.81 248.507 236.438 226.805 137.835 105.454 103.981 103.169 95.6334 90.0758 85.4312 83.321 82.5847 77.3103 75.7494 73.108 72.3697 94.2442 78.0252 69.8153 66.1388 64.6059 64.2387 64.011 62.3596 60.1798 57.5158
threshold=6.334722222222223 9.3362500000000015 4.0204166666666685 7.4941666666666675 2.692083333333334 5.0079166666666675 11.068750000000003 2.7172322375397671 4.8050000000000006 8.4550000000000018 4.955000000000001 1.2308217738545608 6.6650000000000009 0.10029449893644579 1.3387992120534939 0.99140711019144634 -0.54999999999999993 0.81999999999999984 6.4500000000000011 -2.6499999999999999 0.62249093318774806 1.0000000180025095e-35 951.25000000000011 950.35000000000002 10.555000000000001 1.0889318719105956 2.1926996816168334 62.500000000000007 3.3550000000000004 3.1350000000000002
decision_type=2 2 2 2 2 2 2 2 10 8 8 2 10 2 2 2 2 10 2 2 2 2 2 2 8 2 2 2 2 10
left_child=2 3 4 8 -1 12 19 9 24 -5 16 -11 14 -14 18 28 -6 -7 -4 21 -21 -3 -8 -22 -2 -10 -23 -18 -13 -29
right_child=1 6 5 7 10 17 22 -9 25 11 -12 15 13 -15 -16 -17 27 -19 -20 20 23 26 -24 -25 -26 -27 -28 29 -30 -31
leaf_value=-0.0037130557228021673 -0.0013187683819647982 -0.0015806187536102528 -0.0034511980635517567 0.0028435908046570832 -0.003734896178260963 -0.0012999625061036119 0.012235096019674419 -0.0009462005280224861 0.0061488366859812271 0.010187773466600714 -0.0029311224973354462 0.0022117467442684699 0.00014654945090319949 -0.0028009732721919127 -0.0017595869073058553 0.0073150297861259489 -0.003457885177760424 0.00024923997965746263 -0.0024147895782335163 0.0082585598783714541 0.0071000131703647194 0.0094467083158277995 0.012875528592613487 0.012197226551609425 0.0049702513313632669 0.0012613595865227805 -9.3564372470560377e-05 -0.0034375438082452584 0.0055572203182175173 -0.0019027453922186421
leaf_weight=10313 2634 227 2530 4438 1747 11708 2352 599 417 1911 3837 2504 1450 646 2027 2892 7007 2848 4768 3942 797 1030 6840 3832 279 8363 202 1998 3936 1192
leaf_count=10313 2634 227 2530 4438 1747 11708 2352 599 417 1911 3837 2504 1450 646 2027 2892 7007 2848 4768 3942 797 1030 6840 3832 279 8363 202 1998 3936 1192
internal_value=-0.000363248 0.0122752 -0.0118183 0.00649903 -0.0176099 -0.00599838 0.0206772 0.009572 0.00221833 0.0101116 -0.0152319 0.0116474 -0.00922895 -0.00359829 -0.010492 0.0103845 -0.0166106 -0.0034613 -0.0119869 0.0175366 0.0185926 0.011291 0.0240926 0.0215127 -0.00272447 0.00385885 0.0142603 -0.015594 0.00848099 -0.0120751
internal_weight=99266 47195 52071 27973 26094 25977 19222 16280 11693 15681 15781 11243 11421 2096 9325 9332 11944 14556 7298 10030 8571 1459 9192 4629 2913 8780 1232 10197 6440 3190
internal_count=99266 47195 52071 27973 26094 25977 19222 16280 11693 15681 15781 11243 11421 2096 9325 9332 11944 14556 7298 10030 8571 1459 9192 4629 2913 8780 1232 10197 6440 3190
is_linear=0
shrinkage=0.03


Tree=20
num_leaves=31
num_cat=0
split_feature=21 21 21 21 21 21 21 25 8 10 16 17 26 25 15 16 28 10 29 10 26 23 23 29 1 10 1 24 16 18
split_gain=15250.3 2433.56 1927.54 384.721 280.462 247.392 207.332 111.66 103.751 120.216 96.8802 94.3716 84.3182 82.8513 77.6933 77.3056 76.4284 75.5333 83.9447 71.1087 108.524 88.248 70.044 67.982 64.8769 63.5619 62.5367 64.7982 64.5913 60.1187
threshold=6.334722222222223 9.3362500000000015 4.0204166666666685 7.4941666666666675 2.692083333333334 11.068750000000003 5.0387500000000012 2.7172322375397671 12.500000000000002 2.5000000000000004 6.8450000000000006 7.4850000000000012 0.99140711019144634 1.2201127761944166 0.81999999999999984 7.6050000000000013 950.85000000000002 2.5000000000000004 61.500000000000007 8.5000000000000018 0.9426055981926128 4.1050000000000013 4.245000000000001 70.500000000000014 19.350000000000005 4.5000000000000009 1.0000000180025095e-35 3.3500000000000001 7.6550000000000011 6.4750000000000005
decision_type=2 2 2 2 2 2 2 2 2 2 10 2 2 2 10 10 2 2 2 2 2 2 2 2 2 2 2 2 8 10
left_child=2 3 4 8 -1 19 15 12 9 11 17 -2 13 -5 26 -4 -7 -6 -19 20 21 -3 -22 -21 -20 -14 27 -8 -29 -11
right_child=1 5 6 7 10 16 14 -9 -10 29 -12 -13 25 -15 -16 -17 -18 18 24 23 22 -23 -24 -25 -26 -27 -28 28 -30 -31
leaf_value=-0.0036116827018293231 0.0023041398877155128 -0.00056660597577884832 -0.0024804368922622267 0.0073132477505373095 -0.0036228492929131339 0.011654530359747225 -0.0042386152476885808 -0.00081556681594747993 0.0019151422754034992 0.0017956537076910988 -0.0012253868229318702 -0.0038404377580252081 0.010071401787419635 0.0035633793770312254 0.00026972354244286345 -0.00065810051229086533 0.012489262734835081 -0.0032809877145106255 -0.0031949130348802438 0.010608045082999368 0.0090889961606779746 0.0070517551371287197 0.012513971731224245 0.0081904079672156065 -0.00042669771958289498 0.0038591753700293213 -0.0010379332995857729 -0.002138628281820769 0.00039540270650653794 -0.00057561018750991119
leaf_weight=10204 231 439 10678 2485 2103 2151 703 603 5491 2997 759 815 1798 9907 2789 1178 6980 8311 3998 3281 1045 2733 1244 1245 539 1524 8999 1146 537 2098
leaf_count=10204 231 439 10678 2485 2103 2151 703 603 5491 2997 759 815 1798 9907 2789 1178 6980 8311 3998 3281 1045 2733 1244 1245 539 1524 8999 1146 537 2098
internal_value=-0.000455987 0.0119122 -0.011663 0.00626851 -0.0174544 0.020159 -0.00589514 0.00923968 0.00209848 -0.000580866 -0.0149284 -0.00981922 0.00972581 0.00858111 -0.00344453 -0.00882219 0.023738 -0.0154593 -0.0145834 0.0168765 0.014539 0.010916 0.0195248 0.0196778 -0.0112748 0.0139766 -0.00454346 -0.00885822 -0.00563389 0.00132353
internal_weight=99011 47067 51944 27949 25914 19118 26030 16317 11632 6141 15710 1046 15714 12392 14174 11856 9131 14951 12848 9987 5461 3172 2289 4526 4537 3322 11385 2386 1683 5095
internal_count=99011 47067 51944 27949 25914 19118 26030 16317 11632 6141 15710 1046 15714 12392 14174 11856 9131 14951 12848 9987 5461 3172 2289 4526 4537 3322 11385 2386 1683 5095
is_linear=0
shrinkage=0.03


Tree=21
num_leaves=31
num_cat=0
split_feature=21 21 21 21 21 21 21 1 16 25 16 10 23 27 10 28 25 25 28 16 25 21 18 16 29 1 12 27 20 16
split_gain=14832.7 2631.26 1682.71 423.183 272.593 244.77 184.269 119.21 104.399 92.5875 89.7143 89.2933 86.3586 112.908 85.177 79.9529 78.2989 78.2477 77.351 74.2811 62.911 60.9847 63.23 60.4771 59.399 75.2 56.4124 54.556 53.0469 52.3398
threshold=7.0195833333333342 4.0520833333333348 9.3362500000000015 5.797083333333334 2.692083333333334 11.24291666666667 8.2345833333333349 -1.4499999999999997 4.6150000000000011 2.5601204819277115 8.8150000000000031 2.5000000000000004 4.1250000000000009 0.017452406437283369 2.5000000000000004 960.85000000000002 2.5405065887299396 2.7172322375397671 950.75000000000011 7.6950000000000012 1.2100228310502286 5.0387500000000012 2.5050000000000003 7.785000000000001 68.500000000000014 13.250000000000002 9.2550000000000008 0.32556815445715659 1.2954262437066244 7.1250000000000009
decision_type=2 2 2 2 2 2 2 2 8 2 10 2 2 2 2 2 2 2 2 8 2 2 10 8 2 2 8 2 2 10
left_child=1 4 6 10 -1 12 9 15 11 20 21 -6 14 29 -4 -5 -9 19 24 -8 23 22 -3 -2 -7 -26 27 -20 -18 -14
right_child=2 3 5 7 8 18 17 16 -10 -11 -12 -13 13 -15 -16 -17 28 -19 26 -21 -22 -23 -24 -25 25 -27 -28 -29 -30 -31
leaf_value=-0.0034933135700632224 0.0014095409932519793 -0.0012642935290339704 0.0026181320235477089 -0.0027908267077945401 -0.0035185626473629062 0.011654894115168799 0.0019441179951111458 0.00065051555132186268 -0.002826598666457947 -0.0008402115920124936 0.00043454959965863487 -0.0031839659735755617 0.00068297071793254553 0.01157952838314907 0.0078979174820459734 -0.00039697651990224344 0.0028650501569401163 -0.0012215441753253781 0.01194087867690412 0.0066480350120235107 0.002192600752319807 -0.0015378782704639602 -0.0024856340558942445 0.0064808807360477441 0.012187210597692575 -0.0027271333603293454 0.012114584852790029 0.0087066462037997169 -0.0031856658667766924 0.0088989341174983364
leaf_weight=10213 781 1811 856 958 1508 1520 849 9715 4940 1031 1067 9678 250 3966 2073 1095 285 258 618 7802 8812 7679 9211 1420 200 200 5478 385 863 3682
leaf_count=10213 781 1811 856 958 1508 1520 849 9715 4940 1031 1067 9678 250 3966 2073 1095 285 258 618 7802 8812 7679 9211 1420 200 200 5478 385 863 3682
internal_value=-0.000497737 -0.0100686 0.0135607 -0.00438129 -0.0171238 0.0199688 0.00767678 -0.000157883 -0.0146848 0.00525355 -0.00714004 -0.0162935 0.0169692 0.0186081 0.0125256 -0.00677843 0.00109588 0.0109479 0.0238223 0.0114337 0.00605827 -0.00762269 -0.00905414 0.0105938 0.0184208 0.008 0.025407 0.0186607 -0.00629662 0.0149657
internal_weight=99204 59023 40181 32684 26339 19228 20953 12916 16126 12044 19768 11186 10827 7898 2929 2053 10863 8909 8401 8651 11013 18701 11022 2201 1920 400 6481 1003 1148 3932
internal_count=99204 59023 40181 32684 26339 19228 20953 12916 16126 12044 19768 11186 10827 7898 2929 2053 10863 8909 8401 8651 11013 18701 11022 2201 1920 400 6481 1003 1148 3932
is_linear=0
shrinkage=0.03


Tree=22
num_leaves=31
num_cat=0
split_feature=21 21 21 21 21 21 21 1 26 10 28 28 28 25 27 23 10 1 29 25 29 10 10 28 1 10 20 29 5 26
split_gain=14337.9 2589.28 1572.98 353.207 287.332 282.746 151.736 127.035 104.59 94.5632 93.7442 93.088 84.9542 76.1706 71.2957 122.267 115.958 76.7132 67.2673 66.7224 99.4623 100.082 74.2865 71.7921 63.2574 62.6016 63.2227 62.1249 60.8501 61.4936
threshold=7.0195833333333342 4.0520833333333348 9.3362500000000015 5.4737500000000008 2.692083333333334 10.985416666666669 8.1579166666666687 0.25000000000000006 0.93038214053199464 2.5000000000000004 950.85000000000002 949.95000000000016 960.75000000000011 2.6024555711230737 -0.017452406437283484 4.1250000000000009 2.5000000000000004 20.550000000000004 61.500000000000007 1.4054317475370108 40.500000000000007 4.5000000000000009 6.5000000000000009 960.6500000000002 21.350000000000005 1.5000000000000002 3.4143508386362869 59.500000000000007 0.72920471392921349 0.94828754594723541
decision_type=2 2 2 2 2 2 2 2 2 2 2 2 2 2 2 2 2 2 2 2 2 2 2 2 2 2 2 2 2 2
left_child=1 4 6 25 -1 14 13 12 -8 -6 -7 -10 -5 -2 17 16 -16 27 -11 20 21 -9 -23 -22 -20 -3 -27 -4 29 -12
right_child=2 3 5 7 9 10 8 19 11 18 28 -13 -14 -15 15 -17 -18 -19 24 -21 23 22 -24 -25 -26 26 -28 -29 -30 -31
leaf_value=-0.0033885141629613259 0.0026153632329630559 -0.0033147790195855041 0.0097366088811991335 -0.0026676961088882511 -0.0034086069347048532 0.010856455015048378 0.004022685947687882 -0.003910236632741225 0.0012808391062670936 -0.003006811677777593 0.0074954459355369837 0.0086567312354589847 -0.00047662690284733049 -0.00088143922248775232 0.0011980449687142068 0.011063965866662719 0.0080229330652213035 0.0034919760332586002 -0.0028904061091759243 -0.00042585141657554558 0.0020011553502855377 0.0024676628139890071 -0.00035117332368147348 0.0084538092537473734 0.00025214247273014454 -0.0019722781097418567 -0.00055365064302449198 0.0068836242721816883 0.011751147307206328 0.011822887368132662
leaf_weight=10257 10557 1392 1178 1734 2223 2279 5303 566 672 9082 429 3760 1736 788 747 3639 1652 873 4453 8219 1692 604 1593 368 342 13118 1611 1596 6399 388
leaf_count=10257 10557 1392 1178 1734 2223 2279 5303 566 672 9082 429 3760 1736 788 747 3639 1652 873 4453 8219 1692 604 1593 368 342 13118 1611 1596 6399 388
internal_value=-0.000433429 -0.00985304 0.0133679 -0.00420338 -0.0168458 0.0195841 0.0077088 -0.00111885 0.0104569 -0.0143359 0.0232705 0.0138607 -0.00621583 0.00534714 0.0159598 0.0179712 0.0126664 0.0126095 -0.0134051 0.000239135 0.00303853 -0.000682803 0.00222071 0.00801937 -0.0105062 -0.0073614 -0.00678227 0.0150486 0.0249605 0.0170438
internal_weight=99250 58990 40260 32633 26357 19180 21080 16512 9735 16100 9495 4432 3470 11345 9685 6038 2399 3647 13877 13042 4823 2763 2197 2060 4795 16121 14729 2774 7216 817
internal_count=99250 58990 40260 32633 26357 19180 21080 16512 9735 16100 9495 4432 3470 11345 9685 6038 2399 3647 13877 13042 4823 2763 2197 2060 4795 16121 14729 2774 7216 817
is_linear=0
shrinkage=0.03


Tree=23
num_leaves=31
num_cat=0
split_feature=21 21 21 21 21 21 21 16 8 16 28 8 5 28 26 29 26 0 9 28 26 28 11 29 29 11 28 21 15 15
split_gain=14111.7 2571.05 1540.2 349.249 295.938 290.844 154.499 136.246 113.72 104.686 103.782 100.087 95.6144 93.9437 93.7814 90.85 86.3699 91.6892 79.4194 78.6647 78.1487 72.9583 72.5214 68.9178 62.8437 58.9924 56.3621 61.958 55.846 51.8439
threshold=7.0195833333333342 4.0204166666666685 9.3362500000000015 5.4737500000000008 11.068750000000003 2.5445833333333341 8.3629166666666688 4.3050000000000006 11.500000000000002 8.0150000000000023 953.55000000000007 12.500000000000002 0.75948641675990658 949.25000000000011 0.95878322595067733 47.500000000000007 -0.93663652364155492 8.0750000000000011 3.5000000000000004 950.75000000000011 0.89490028524376763 960.45000000000016 2.9550000000000005 73.500000000000014 59.500000000000007 11.035000000000002 954.25000000000011 7.604583333333335 1.1300000000000008 -0.44999999999999946
decision_type=2 2 2 2 2 2 2 8 2 8 2 2 2 2 2 2 2 2 2 2 2 2 10 2 2 10 2 2 10 10
left_child=1 5 6 9 13 -1 11 -7 10 22 24 -2 14 -4 -6 25 -17 -18 20 23 -8 -10 -3 -14 29 -15 27 -13 -12 -5
right_child=2 3 4 8 12 7 18 -9 21 -11 28 26 19 15 -16 16 17 -19 -20 -21 -22 -23 -24 -25 -26 -27 -28 -29 -30 -31
leaf_value=-0.0033101386190478163 0.0014742081477167168 -0.0013220536110740834 0.005067576054628895 -0.0029831535914409458 0.0081307818343969579 -0.0031220169041800663 0.0049430822890326768 -0.0027019875215681445 1.5244180840641441e-05 -0.0003161405759523614 -0.002615421026813091 0.00051900223344169107 0.011237211517442112 0.010691127474971826 0.011434536422754705 0.0050386382928908806 0.0078084840970199998 0.010952226500927163 0.0040576984837079133 0.011398612887990139 0.010006985146823388 0.0019269153123954569 -0.0023255635801423796 0.007095899461059308 0.0019878395954679891 0.0068689209291309637 0.0044145422506805688 0.0033998884408793289 0.0010828764595037369 -0.00022316347469690382
leaf_weight=8607 6828 3459 1746 795 702 11458 1928 5949 7063 2056 3380 1561 1669 2361 442 1420 2256 1850 3351 6131 2435 1488 11034 255 1645 305 2936 1939 316 1815
leaf_count=8607 6828 3459 1746 795 702 11458 1928 5949 7063 2056 3380 1561 1669 2361 442 1420 2256 1850 3351 6131 2435 1488 11034 255 1645 305 2936 1939 316 1815
internal_value=-0.000389575 -0.00971508 0.0133407 -0.00416112 0.0194948 -0.0167693 0.0077234 -0.0145296 -0.00107227 -0.00723994 -0.00365385 0.00575627 0.0233801 0.0158886 0.0151436 0.017238 0.0150136 0.0172221 0.0110999 0.0245397 0.0137706 0.00132889 -0.00813836 0.0191291 -0.000457746 0.0218121 0.00843968 0.00585449 -0.00732775 -0.0033499
internal_weight=99180 59065 40115 33051 19137 26014 20978 17407 16502 16549 7951 13264 9199 9938 1144 8192 5526 4106 7714 8055 4363 8551 14493 1924 4255 2666 6436 3500 3696 2610
internal_count=99180 59065 40115 33051 19137 26014 20978 17407 16502 16549 7951 13264 9199 9938 1144 8192 5526 4106 7714 8055 4363 8551 14493 1924 4255 2666 6436 3500 3696 2610
is_linear=0
shrinkage=0.03


Tree=24
num_leaves=31
num_cat=0
split_feature=21 21 21 21 21 21 21 16 1 5 25 1 2 29 26 28 29 11 9 9 26 23 16 16 25 2 28 12 25 26
split_gain=13348.9 2516.81 1553.57 457.324 288.263 186.376 163.425 137.638 146.977 97.0031 95.8932 94.6619 86.7556 121.882 77.7234 74.4239 83.6074 77.9072 69.0095 109.607 68.6713 104.464 66.8727 65.4453 64.7437 63.5737 63.2185 62.0899 62.0252 66.7152
threshold=7.0195833333333342 4.5213888888888905 9.3362500000000015 2.923750000000001 11.068750000000003 5.8637500000000005 8.3629166666666688 6.6150000000000011 -0.94999999999999984 0.72920471392921349 2.6024555711230737 -2.1499999999999999 1.1491157366680347 70.500000000000014 0.95878322595067733 949.25000000000011 47.500000000000007 11.265000000000002 3.5000000000000004 5.5000000000000009 -0.93663652364155492 4.1250000000000009 4.0250000000000012 10.005000000000001 1.173533102173532 1.1853992642017943 960.85000000000002 5.535000000000001 1.1825669610048959 0.99140711019144634
decision_type=2 2 2 2 2 2 2 8 2 2 2 2 2 2 2 2 2 10 2 2 2 2 10 10 2 2 2 10 2 2
left_child=1 3 6 22 15 23 10 8 -5 14 18 26 13 -11 -6 -4 17 -17 -2 25 -18 -22 -1 -3 -13 -20 -7 -10 -8 -30
right_child=2 5 4 7 9 11 28 -9 27 12 -12 24 -14 -15 -16 16 20 -19 19 -21 21 -23 -24 -25 -26 -27 -28 -29 29 -31
leaf_value=-0.0031931982309470843 0.0033060214826309462 -0.0015294911447420378 0.0049599314785033748 -0.0032170870527754715 0.0063580425327771327 -0.0025875518521415127 0.009280380282370047 -0.0019261041721150959 -0.0026997075847216903 0.010689788163928944 -0.00094749258923506794 0.0017654211469729523 0.011056654501350434 0.0028323426040967334 0.011084929412135514 0.010143459559263426 0.0054892726414715078 0.0063809675216886059 0.0015442996283475147 0.0044216481268655227 0.0062498928493930107 0.010634587669903266 -0.0029141622526894936 0.0024664327297555869 -3.7061589625047575e-05 -0.001579268097547778 -0.00056027056897433789 -0.0018192199884255729 0.0043563281710210172 0.0081556999981998186
leaf_weight=11573 6905 14610 1780 2251 554 737 938 2420 13156 2390 936 2111 5599 304 328 2436 1438 238 2202 1792 1946 2198 1445 350 8420 1378 920 1093 5218 1671
leaf_count=11573 6905 14610 1780 2251 554 737 938 2420 13156 2390 936 2111 5599 304 328 2436 1438 238 2202 1792 1946 2198 1445 350 8420 1378 920 1093 5218 1671
internal_value=-0.000364498 -0.00944103 0.0129588 -0.0151489 0.0191262 -0.00272456 0.00732431 -0.0121649 -0.0131451 0.0229771 0.00528597 2.95251e-05 0.0239877 0.0194739 0.0133935 0.0155961 0.0167994 0.021187 0.0059917 0.00343686 0.0146805 0.016645 -0.0194794 -0.00496759 0.00107916 0.000401674 -0.00662455 -0.0120114 0.0107597 0.00976066
internal_weight=99337 59086 40251 31938 19211 27148 21040 18920 16500 9175 13213 12188 8293 2694 882 10036 8256 2674 12277 5372 5582 4144 13018 14960 10531 3580 1657 14249 7827 6889
internal_count=99337 59086 40251 31938 19211 27148 21040 18920 16500 9175 13213 12188 8293 2694 882 10036 8256 2674 12277 5372 5582 4144 13018 14960 10531 3580 1657 14249 7827 6889
is_linear=0
shrinkage=0.03


Tree=25
num_leaves=31
num_cat=0
split_feature=19 19 19 19 19 28 16 12 16 12 26 25 19 25 1 1 24 28 14 16 10 8 10 9 9 14 28 12 10 25
split_gain=12662 1986.46 1847.83 429.7 272.593 212.294 183.558 174.102 159.51 181.156 153.239 184.18 142.94 117.042 112.991 104.474 103.7 98.6833 88.9023 86.2714 83.9039 81.994 78.6505 90.4211 75.8027 71.1096 68.6349 65.66 63.2869 62.8953
threshold=6.7937500000000011 4.5529166666666674 9.7762500000000028 2.7787500000000009 7.7337500000000015 950.55000000000007 6.6150000000000011 4.1650000000000009 10.255000000000001 8.3050000000000015 0.90992662233962551 2.1710878131156774 5.7112500000000015 2.7172322375397671 -0.24999999999999997 1.0500000000000003 3.7500000000000004 949.05000000000007 0.68237330936469875 7.5550000000000006 8.5000000000000018 12.500000000000002 1.5000000000000002 4.5000000000000009 3.5000000000000004 1.785758473668172 958.1500000000002 2.5550000000000002 2.5000000000000004 1.7390952011838492
decision_type=2 2 2 2 2 2 10 8 8 8 2 2 2 2 2 2 2 2 2 10 2 2 2 2 2 2 2 10 2 2
left_child=1 3 4 27 21 20 7 14 -7 15 13 24 -3 19 -5 -10 18 -13 28 29 -4 -2 23 -21 -12 -9 -23 -1 -14 -6
right_child=2 12 5 6 10 8 -8 25 9 -11 11 17 16 -15 -16 -17 -18 -19 -20 22 -22 26 -24 -25 -26 -27 -28 -29 -30 -31
leaf_value=-0.0031228763116540252 3.6703582474127969e-05 -0.0014990055755287059 0.0065677987165269546 -0.0031205744411922074 -0.0013437212791298139 0.0066877621559576017 -0.0010452803677789687 -0.0022955737004332001 0.006001799581048124 0.010724954866309921 0.010110656589148557 -0.0014821977390455526 -0.0035976268747896561 -0.002627247420763968 -0.0027162755541451171 0.010232157973666783 0.00021776339952703103 0.0038016641839850318 0.00080172448521414585 0.0030896246271973162 0.010353971878629662 0.0012155519784424744 0.0047578507307068831 -0.0027317471301214489 0.0065044742530181781 4.7504510398802546e-05 0.0045272831596482876 -0.0028260377697140807 -0.0022725003539384421 0.0051678535851986769
leaf_weight=9060 4829 12362 2819 2560 1070 1522 2013 3632 1204 8689 3259 468 401 277 11078 1299 9144 2358 738 501 1013 3249 5605 217 2412 860 1261 3480 1051 772
leaf_count=9060 4829 12362 2819 2560 1070 1522 2013 3632 1204 8689 3259 468 401 277 11078 1299 9144 2358 738 501 1013 3249 5605 217 2412 860 1261 3480 1051 772
internal_value=-0.000384949 -0.00972563 0.011912 -0.01452 0.00696496 0.0197644 -0.0118002 -0.0127543 0.0216338 0.0228758 0.00923336 0.0120783 -0.00311126 0.00636439 -0.0144426 0.0157057 -0.000677308 0.00580714 -0.00653303 0.00701714 0.0135418 0.00284782 0.00868047 -0.0006639 0.0151956 -0.00761841 0.00575415 -0.0188824 -0.0108305 0.0012994
internal_weight=99203 56379 42824 32683 26278 16546 20143 18130 12714 11192 16939 8497 23696 8442 13638 2503 11334 2826 2190 8165 3832 9339 6323 718 5671 4492 4510 12540 1452 1842
internal_count=99203 56379 42824 32683 26278 16546 20143 18130 12714 11192 16939 8497 23696 8442 13638 2503 11334 2826 2190 8165 3832 9339 6323 718 5671 4492 4510 12540 1452 1842
is_linear=0
shrinkage=0.03


Tree=26
num_leaves=31
num_cat=0
split_feature=21 21 21 21 21 21 21 9 26 23 10 9 10 9 16 12 2 26 26 26 25 10 12 4 25 10 1 11 10 25
split_gain=12506.5 2322.91 1620.53 336.462 311.05 292.926 159.369 112.743 116.733 133.158 112.203 112.56 108.656 99.5139 98.4406 93.7045 112.975 89.9251 87.7297 87.3994 92.2888 86.0018 93.4445 81.2312 78.6963 109.453 76.312 75.6879 72.453 71.2607
threshold=6.2995833333333353 9.3887500000000035 4.0204166666666685 7.7195833333333344 2.692083333333334 10.905000000000003 4.8662500000000017 3.5000000000000004 0.77159520228797462 3.2950000000000004 1.5000000000000002 4.5000000000000009 1.5000000000000002 5.5000000000000009 5.0050000000000008 9.2050000000000018 1.1491157366680347 0.96359376111369366 0.9935340235047978 0.92384435400961407 1.4668976456837537 8.5000000000000018 7.8550000000000013 0.1814521943592898 1.3520929202687875 8.5000000000000018 -0.44999999999999996 8.8250000000000011 2.5000000000000004 2.4516053483222624
decision_type=2 2 2 2 2 2 2 2 2 2 2 2 2 2 10 8 2 2 2 2 2 2 10 2 2 2 2 10 2 2
left_child=2 3 4 12 -1 19 26 8 -5 18 11 -9 23 -12 28 17 24 -7 -10 21 -21 22 -3 -2 -17 -26 -4 29 -6 -14
right_child=1 5 6 7 14 15 -8 10 9 -11 13 -13 27 -15 -16 16 -18 -19 -20 20 -22 -23 -24 -25 25 -27 -28 -29 -30 -31
leaf_value=-0.0030016224630836238 -0.0027506120494100103 -0.0020800839053681007 -0.003156720870046207 0.0035612776325452469 -0.003026957207956441 0.008153289347714943 -0.0010310609627797406 0.0037661182137172749 0.0014196554472351033 0.010348556008211359 0.0021641834055911189 -0.0026448345382679458 0.0017214563550461757 0.0063888082006077441 -0.0021793285153096677 0.010364212258126986 0.010403206220320626 0.010332218430683762 0.005651250012932962 0.010522275987736062 0.007997313831264204 0.0081355243699435392 0.0058279064050427093 -0.00013977405549304628 0.0072411361756078586 0.010293441215404616 -0.0019459908988299927 -0.0017237255053524729 -0.0027369212101145011 -0.00063787463576429968
leaf_weight=10201 535 436 1527 3510 1869 1059 15692 228 1134 2566 3447 470 10784 1960 3216 1139 5314 693 935 1222 2963 2024 2221 892 1295 485 8359 873 10536 1458
leaf_count=10201 535 436 1527 3510 1869 1059 15692 228 1134 2566 3447 470 10784 1960 3216 1139 5314 693 935 1222 2963 2024 2221 892 1295 485 8359 873 10536 1458
internal_value=-0.000412224 0.01066 -0.0106752 0.00529847 -0.0159763 0.0188455 -0.0053215 0.00857383 0.0108847 0.0140108 0.00548445 -0.0058037 0.00208703 0.00694568 -0.0133067 0.0223754 0.0237254 0.0159818 0.00831726 0.0148597 0.0180215 0.0120166 0.00844102 -0.00576117 0.018909 0.0148908 -0.00830452 0.00294284 -0.0145214 0.00355189
internal_weight=99043 47643 51400 28792 25822 18851 25578 14250 8145 4635 6105 698 14542 5407 15621 9985 8233 1752 2069 8866 4185 4681 2657 1427 2919 1780 9886 13115 12405 12242
internal_count=99043 47643 51400 28792 25822 18851 25578 14250 8145 4635 6105 698 14542 5407 15621 9985 8233 1752 2069 8866 4185 4681 2657 1427 2919 1780 9886 13115 12405 12242
is_linear=0
shrinkage=0.03


Tree=27
num_leaves=31
num_cat=0
split_feature=21 21 21 21 21 21 25 16 21 10 28 16 2 28 16 5 10 29 11 23 10 12 16 13 16 17 16 25 10 12
split_gain=12206.1 2511.27 1466.42 496.624 275.071 170.139 156.687 140.397 131.366 117.078 116.19 109.874 96.6152 87.8347 87.6923 89.9097 79.1539 76.7362 76.263 98.7002 98.0586 75.4007 66.3599 65.6705 59.174 92.6518 59.0637 58.5123 57.8339 71.7333
threshold=7.1762500000000014 4.5537500000000017 9.550416666666667 2.9887500000000009 11.068750000000003 5.797083333333334 1.2201127761944166 6.6150000000000011 8.3176388888888919 1.5000000000000002 950.85000000000002 7.6050000000000013 1.2105928009887366 949.25000000000011 3.6750000000000003 0.039755052635204194 8.5000000000000018 37.500000000000007 10.915000000000001 4.205000000000001 2.5000000000000004 9.2050000000000018 10.255000000000001 4.8883333333333345 10.205000000000002 9.9550000000000018 5.6150000000000011 2.5405065887299396 4.5000000000000009 13.005000000000001
decision_type=2 2 2 2 2 2 2 10 2 2 2 8 2 2 10 2 2 2 10 2 2 8 10 2 8 2 8 2 2 10
left_child=1 3 6 14 13 22 11 12 -8 23 16 -2 -5 -4 15 -1 28 -17 19 20 -15 -12 -3 -7 25 -10 -14 -11 -6 -30
right_child=2 5 4 7 10 9 8 -9 24 27 21 -13 26 18 -16 17 -18 -19 -20 -21 -22 -23 -24 -25 -26 -27 -28 -29 29 -31
leaf_value=-0.0029423022381494649 0.00082097670927078919 -0.0014400022051766438 0.0047987082034253578 -0.0023782582329788123 0.010070603823186084 -0.0028187310127222066 0.0016460611986140116 -0.0010885998627536979 0.0056953182470267181 0.0005021295276860262 0.0098166249617990999 0.0077304806435222907 -0.0029361484917177477 0.0019566963989437257 -0.0027260529892975554 -0.0029058452648304711 0.010278659795857107 -0.0025997199920406752 0.0055234699988213161 0.0097205114073804586 0.0074044178402688787 0.010091110033711007 0.0033503048685239799 -0.00034250807565349648 0.0061562428452197763 0.00079717048926480124 -0.0024410961615355712 -0.0013389413268174632 -0.00049252341842671681 0.0087574767007825727
leaf_weight=7817 721 13570 1505 13856 697 787 9101 1860 2282 11610 1150 2974 2241 683 2342 1211 634 2574 930 3915 1450 5871 236 667 3795 2098 648 1322 389 438
leaf_count=7817 721 13570 1505 13856 697 787 9101 1860 2282 11610 1150 2974 2241 683 2342 1211 634 2574 930 3915 1450 5871 236 667 3795 2098 648 1322 389 438
internal_value=-0.000457642 -0.00884256 0.012725 -0.014519 0.0190932 -0.00228748 0.00735841 -0.0113052 0.00615589 -4.16927e-06 0.0226993 0.0129649 -0.0121737 0.0151803 -0.0188013 -0.0198759 0.0165326 -0.016029 0.0166003 0.0178325 0.0125865 0.0245816 -0.00466585 -0.00806032 0.00891565 0.0065268 -0.0171769 0.000904383 0.0127534 0.00731971
internal_weight=99374 60741 38633 32549 17662 28192 20971 18605 17276 14386 9179 3695 16745 8483 13944 11602 2158 3785 6978 6048 2133 7021 13806 1454 8175 4380 2889 12932 1524 827
internal_count=99374 60741 38633 32549 17662 28192 20971 18605 17276 14386 9179 3695 16745 8483 13944 11602 2158 3785 6978 6048 2133 7021 13806 1454 8175 4380 2889 12932 1524 827
is_linear=0
shrinkage=0.03


Tree=28
num_leaves=31
num_cat=0
split_feature=22 22 22 22 12 16 16 16 8 10 5 25 16 1 24 28 1 27 11 16 29 25 27 26 27 10 28 12 12 16
split_gain=11275.3 2056.01 1645.57 439.332 254.005 220.028 210.128 206.597 206.473 203.692 201.553 164.265 147.35 154.757 133.03 130.051 92.1577 101.009 91.8941 89.8052 85.1476 80.6396 93.8818 77.1922 73.614 69.0087 68.1917 67.1796 65.4434 61.8783
threshold=0.45410925711522498 0.084686183107379007 0.8564473769567047 0.20243748063107966 7.9850000000000012 10.205000000000002 4.0850000000000009 10.445000000000002 12.500000000000002 2.5000000000000004 0.03883706026456072 2.6866809728183125 6.5050000000000008 -1.2499999999999998 3.5500000000000003 950.85000000000002 -2.0499999999999994 -0.017452406437283484 2.5650000000000004 8.5950000000000006 66.500000000000014 1.3790964742704597 0.008726203218641598 0.99140711019144634 0.3090169943749474 6.5000000000000009 951.05000000000007 5.245000000000001 5.3150000000000004 7.5550000000000006
decision_type=2 2 2 2 8 8 10 8 2 2 2 2 8 2 2 2 2 2 10 10 2 2 2 2 2 2 2 10 8 10
left_child=1 6 5 12 16 8 10 -6 9 20 -1 25 13 27 18 -9 24 -18 -5 -10 -2 22 -7 -23 -4 29 -24 -3 -25 -11
right_child=2 3 4 14 7 21 -8 15 19 11 -12 -13 -14 -15 -16 -17 17 -19 -20 -21 -22 23 26 28 -26 -27 -28 -29 -30 -31
leaf_value=-0.0028540331710049812 -0.0055700345664733194 -0.002872156869387884 0.0060464983978239847 0.0012518502156854579 0.0060938410436270508 0.0003265837906219482 -0.0023595638377837277 0.0089205987985477766 0.0019558066524893356 0.00079011222790815127 -0.0025799724668988046 -0.0025772756795706974 -0.00094095846091145526 -0.0019729665561017758 -5.1066209267454638e-05 0.0097883767326996766 0.0012970682505509246 0.0086295615605757429 -0.0025903365601847137 0.0047921847769621991 -0.0014139938887697552 0.0028267764679887732 0.0060746329874870296 0.00029441633677672828 -0.0030570219688531046 0.0013203213327903655 0.01073468030882988 -0.00072646178278398354 0.0074427542869896909 0.0055043141977411348
leaf_weight=9178 330 1606 467 506 2364 273 4498 2433 4865 683 8058 491 4196 12112 15214 8672 406 1409 2717 4097 986 3232 415 343 248 3956 981 212 2287 1908
leaf_count=9178 330 1606 467 506 2364 273 4498 2433 4865 683 8058 491 4196 12112 15214 8672 406 1409 2717 4097 986 3232 415 343 248 3956 981 212 2287 1908
internal_value=-0.0004929 -0.0089611 0.0115929 -0.00461633 0.0190959 0.00675881 -0.0162675 0.0207355 0.00489464 0.00150018 -0.0177762 0.00352691 -0.00793227 -0.00941658 -0.00135506 0.0224527 0.0103432 0.0139286 -0.00688662 0.00805621 -0.00931113 0.011039 0.0168638 0.00936765 0.00120833 0.0047848 0.02 -0.0175754 0.0131841 0.00858629
internal_weight=99143 58297 40846 36563 15999 24847 21734 13469 17316 8354 17236 7038 18126 13930 18437 11105 2530 1815 3223 8962 1316 7531 1669 5862 715 6547 1396 1818 2630 2591
internal_count=99143 58297 40846 36563 15999 24847 21734 13469 17316 8354 17236 7038 18126 13930 18437 11105 2530 1815 3223 8962 1316 7531 1669 5862 715 6547 1396 1818 2630 2591
is_linear=0
shrinkage=0.03


Tree=29
num_leaves=31
num_cat=0
split_feature=21 21 21 21 21 16 23 23 28 27 16 16 10 28 1 12 16 27 10 10 10 25 28 25 10 1 17 1 11 12
split_gain=11109.8 2383.77 1437.07 318.872 314.272 226.443 218.415 206.083 150.881 138.733 120.536 116.282 110.887 108.444 132.041 89.2239 88.3641 87.2102 76.6506 75.9593 81.4649 73.383 70.0681 64.8341 64.8113 64.136 58.6615 58.2438 56.5012 55.9258
threshold=7.1762500000000014 4.0520833333333348 10.150416666666668 2.692083333333334 5.3237500000000013 8.5450000000000017 4.205000000000001 3.0650000000000004 950.75000000000011 0.15643446504023081 4.2350000000000012 10.965000000000002 2.5000000000000004 959.45000000000016 1.0500000000000003 4.8050000000000006 7.8250000000000011 0.017452406437283369 2.5000000000000004 8.5000000000000018 4.5000000000000009 1.0824557513948936 952.6500000000002 1.7390952011838492 1.5000000000000002 -0.94999999999999984 9.8250000000000011 -0.94999999999999984 4.0050000000000008 4.6950000000000012
decision_type=2 2 2 2 2 8 2 2 2 2 8 8 2 2 2 10 8 2 2 2 2 2 2 2 2 2 2 2 10 10
left_child=1 3 5 22 16 -2 12 9 19 26 18 -10 -4 14 23 24 25 -16 -5 20 -8 -17 -1 -9 -6 29 -7 -15 -27 -3
right_child=2 4 6 10 15 7 8 13 11 -11 -12 -13 -14 27 17 21 -18 -19 -20 -21 -22 -23 -24 -25 -26 28 -28 -29 -30 -31
leaf_value=-0.0025652513092340626 0.0015906110717854695 -0.0030495108813725124 -0.0017518201735803418 -0.0027618993308845788 -0.0024391391989545749 0.00052927091723917739 0.009366835593921586 -0.0023629857322132689 0.0080156471091139599 -0.00026313076077007279 -0.002186488199496349 0.0094947254307186854 0.0074104392568198939 0.0053203844973137744 0.0039930071606318809 0.0033162532173627813 -0.0001158028818841414 0.0073337743457731353 -0.0025675439585612085 0.0096943609947379144 0.0046117476533478041 0.00010363370749845502 -0.0027684121758748317 0.0034977732503116087 -0.00064437246205328034 -0.0011505232706082559 0.0052797293881629414 0.010163469517926025 -0.0020974703361884778 -0.00089646795226706953
leaf_weight=4195 7220 1224 551 1344 1005 721 847 533 1617 2359 6020 7559 1003 1547 3403 638 1908 4424 8724 822 1280 11379 6040 859 6524 5079 1862 1774 5956 408
leaf_count=4195 7220 1224 551 1344 1005 721 847 533 1617 2359 6020 7559 1003 1547 3403 638 1908 4424 8724 822 1280 11379 6040 859 6524 5079 1862 1774 5956 408
internal_value=-0.000438632 -0.00845374 0.0121833 -0.0152359 -0.00322013 0.00786093 0.0199832 0.00970664 0.0213413 0.00451183 -0.0125943 0.0232458 0.00935215 0.0117513 0.0100661 -0.000733466 -0.0065535 0.0115794 -0.0146054 0.0153859 0.0123405 0.000870903 -0.0193799 0.00154617 -0.00329307 -0.00745975 0.00930835 0.0164071 -0.00663315 -0.0130116
internal_weight=98825 60444 38381 26323 34121 24702 13679 17482 12125 4942 16088 9176 1554 12540 9219 19546 14575 7827 10068 2949 2127 12017 10235 1392 7529 12667 2583 3321 11035 1632
internal_count=98825 60444 38381 26323 34121 24702 13679 17482 12125 4942 16088 9176 1554 12540 9219 19546 14575 7827 10068 2949 2127 12017 10235 1392 7529 12667 2583 3321 11035 1632
is_linear=0
shrinkage=0.03


Tree=30
num_leaves=31
num_cat=0
split_feature=21 21 21 21 21 21 28 23 26 25 8 28 16 16 23 26 12 28 29 16 28 8 1 1 1 29 25 0 1 28
split_gain=10943.5 2284.85 1435.48 296.519 289.147 238.019 207.208 159.65 122.808 248.582 119.58 125.53 116.315 114.462 104.84 95.2694 83.1767 82.328 105.962 79.4245 79.0692 78.6792 91.1609 77.8074 77.5187 70.44 69.8264 66.6351 62.7805 81.3836
threshold=7.1762500000000014 4.0204166666666685 10.150416666666668 2.692083333333334 5.3237500000000013 8.3629166666666688 950.45000000000016 4.205000000000001 0.79332313182700753 2.1710878131156774 11.500000000000002 953.45000000000016 10.445000000000002 5.0050000000000008 5.035000000000001 0.99901018088683491 9.0850000000000026 952.05000000000007 59.500000000000007 6.2250000000000005 950.35000000000002 12.500000000000002 27.450000000000003 -1.2499999999999998 -2.1499999999999999 40.500000000000007 1.7165398278814028 7.3050000000000006 0.65000000000000002 960.95000000000016
decision_type=2 2 2 2 2 2 2 2 2 2 2 2 8 10 2 2 10 2 2 8 2 2 2 2 2 2 2 2 2 2
left_child=1 3 5 17 19 21 16 27 26 14 11 -6 -9 23 -10 -11 -4 18 -1 24 -16 22 -2 -5 -3 -12 -7 -8 29 -27
right_child=2 4 6 13 10 8 7 12 9 15 25 -13 -14 -15 20 -17 -18 -19 -20 -21 -22 -23 -24 -25 -26 28 -28 -29 -30 -31
leaf_value=-0.0026002086231735957 0.00061514654730928568 -0.0029610572326463085 0.0013987595341026049 -0.0026751872286723626 6.5787850178035401e-06 0.0021200591648320955 -0.00094039769956953288 0.0064559219140786659 0.0071503751252175738 0.00073798015804239499 -0.00047838199097384541 -0.0020069266738916495 0.0092098836677971235 -0.0019255527176774377 0.0067336779419751953 0.0086121553709539791 0.0081887819108347974 -0.002685359810598587 -0.0016675563912440872 -0.00094453962853008658 0.0097586696756507239 0.0029089194839788473 0.007323694568736991 -0.0024293177366563994 -0.001728116368231811 -0.0014617012976439775 0.0061091465650909265 0.00766273879871126 0.0019944180591819766 0.00098736902602897161
leaf_weight=2940 5724 1009 584 1955 4910 3302 289 1079 3287 1971 4348 4661 8312 3251 493 439 2507 6278 999 4626 1558 5697 278 10568 9252 913 2115 964 3918 877
leaf_count=2940 5724 1009 584 1955 4910 3302 289 1079 3287 1971 4348 4661 8312 3251 493 439 2507 6278 999 4626 1558 5697 278 10568 9252 913 2115 964 3918 877
internal_value=-0.00041409 -0.0083763 0.0120664 -0.0150935 -0.00331643 0.00776388 0.0198493 0.0218387 0.0105308 0.012955 -0.000924511 -0.00332393 0.0231833 -0.0125065 0.0165637 0.0049441 0.0129748 -0.0190794 -0.0156313 -0.00646857 0.0219018 0.00464713 0.00224738 -0.0138099 -0.0079398 0.00135971 0.00705459 0.0117091 0.0035498 -0.00110306
internal_weight=99104 60505 38599 25991 34514 24864 13735 10644 13165 7748 19627 9571 9391 15774 5338 2410 3091 10217 3939 14887 2051 11699 6002 12523 10261 10056 5417 1253 5708 1790
internal_count=99104 60505 38599 25991 34514 24864 13735 10644 13165 7748 19627 9571 9391 15774 5338 2410 3091 10217 3939 14887 2051 11699 6002 12523 10261 10056 5417 1253 5708 1790
is_linear=0
shrinkage=0.03


Tree=31
num_leaves=31
num_cat=0
split_feature=21 21 21 21 16 21 28 12 16 24 16 16 24 14 12 10 1 16 8 12 27 24 27 1 28 28 29 29 28 9
split_gain=10456.9 2263.88 1429.08 408.748 241.725 205.056 196.195 144.877 157.53 138.021 132.146 130.682 114.769 103.129 94.9833 88.7519 82.2713 80.9471 82.1911 80.7921 90.1749 82.0977 78.7879 74.212 92.5877 70.9861 89.9957 68.9077 90.8465 66.5269
threshold=7.1762500000000014 4.2545833333333345 10.150416666666668 2.692083333333334 10.205000000000002 5.797083333333334 950.45000000000016 8.3450000000000006 10.445000000000002 5.7500000000000009 6.3650000000000011 7.5550000000000006 3.7500000000000004 0.62500666663110782 3.7350000000000008 8.5000000000000018 -0.24999999999999997 10.155000000000003 9.5000000000000018 6.495000000000001 -0.061046214993534811 8.1500000000000004 0.1218693434051476 -2.6499999999999999 958.6500000000002 952.6500000000002 59.500000000000007 58.500000000000007 959.25000000000011 2.5000000000000004
decision_type=2 2 2 2 8 2 2 8 8 2 10 10 2 2 10 2 2 10 2 8 2 2 2 2 2 2 2 2 2 2
left_child=1 3 4 25 9 17 15 23 -9 29 14 -11 13 -7 16 -4 -5 18 -3 -6 -21 22 -22 -8 -25 26 -1 -13 -29 -2
right_child=2 5 6 10 19 12 7 8 -10 11 -12 27 -14 -15 -16 -17 -18 -19 -20 20 21 -23 -24 24 -26 -27 -28 28 -30 -31
leaf_value=-0.0025102874997134329 0.0017512206546536656 -0.0022657886718913151 0.0057165911906543378 -0.0025987867340978702 0.0032786049450571728 -0.0026468144937053079 0.0014621072856269379 0.0055317839688190156 0.008933587157763212 0.00071664189268306751 -0.0009311074105578795 0.0047681865861233259 0.00036161216155782493 0.00085340781689257597 -0.0019880178516449212 0.0091578667075707335 -0.0023812404784997569 0.0037773696668351488 -0.0008421064917195156 0.0034482401953748899 0.0077177929855188386 0.0089930393768177814 0.0037733216732923286 0.0069208139980863727 0.0092901416056846969 -0.0026047990162806293 -0.001989937877414129 0.00092209928583531831 0.0055369475784398494 -0.0010021585950731387
leaf_weight=3101 1463 6983 2271 2324 2749 1519 474 1013 7854 3171 1647 5619 12010 948 4826 837 9781 267 9982 1251 1903 1671 1358 782 530 6104 1080 2096 1556 1949
leaf_count=3101 1463 6983 2271 2324 2749 1519 474 1013 7854 3171 1647 5619 12010 948 4826 837 9781 267 9982 1251 1903 1671 1358 782 530 6104 1080 2096 1556 1949
internal_value=-0.000440963 -0.00821401 0.0117729 -0.0142923 0.00746642 -0.00267989 0.0195242 0.0214628 0.0230376 0.00523993 -0.01163 0.00670523 -4.76454e-05 -0.00593447 -0.0124191 0.0128558 -0.0138406 -0.00489064 -0.00514968 0.0114132 0.0133177 0.0151428 0.0123362 0.0136013 0.0172665 -0.0190933 -0.016032 0.00850259 0.00528302 -0.000105356
internal_weight=99119 60572 38547 28863 24786 31709 13761 10653 8867 15854 18578 12442 14477 2467 16931 3108 12105 17232 16965 8932 6183 4932 3261 1786 1312 10285 4181 9271 3652 3412
internal_count=99119 60572 38547 28863 24786 31709 13761 10653 8867 15854 18578 12442 14477 2467 16931 3108 12105 17232 16965 8932 6183 4932 3261 1786 1312 10285 4181 9271 3652 3412
is_linear=0
shrinkage=0.03


Tree=32
num_leaves=31
num_cat=0
split_feature=21 21 21 21 21 21 21 28 9 16 2 16 25 8 8 16 2 28 16 25 27 5 28 8 8 1 2 28 28 9
split_gain=10122.6 2146.41 1469.35 327.023 234.952 218.685 213.016 152.054 111.795 98.9604 100.687 88.8148 88.3192 91.3206 92.2239 86.4322 109.092 92.6738 82.4768 78.9543 80.1643 77.3591 74.3953 73.55 72.0219 79.6035 103.468 76.325 73.9936 78.726
threshold=6.2995833333333353 9.3887500000000035 3.723333333333334 10.905000000000003 2.5445833333333341 7.7195833333333344 4.5870833333333341 950.85000000000002 3.5000000000000004 6.2250000000000005 1.2217854127065169 4.5150000000000006 1.2001070663811568 12.500000000000002 9.5000000000000018 9.5950000000000006 1.2070543490138486 959.45000000000016 7.745000000000001 2.2609657560600236 -0.47714059151611382 0.74847105941813474 953.95000000000016 17.500000000000004 14.500000000000002 6.6500000000000012 1.2410622688020467 946.75000000000011 962.6500000000002 5.5000000000000009
decision_type=2 2 2 2 2 2 2 2 2 8 2 10 2 2 2 8 2 2 8 2 2 2 2 2 2 2 2 2 2 2
left_child=2 5 4 15 -1 12 9 -5 18 10 -4 -6 -2 14 -14 -3 17 -17 -7 -8 -21 -9 -16 -18 25 26 -10 -27 29 -26
right_child=1 3 6 7 11 8 19 21 24 -11 -12 -13 13 -15 22 16 23 -19 -20 20 -22 -23 -24 -25 28 27 -28 -29 -30 -31
leaf_value=-0.0025266550457922103 0.0024908224847306265 0.003755427239109575 -0.0020773746757314 0.0081210687401738132 -0.0024103153942958647 0.0011990758632354297 -0.00062299390038154142 0.0083962805607259057 -0.0019399358200068429 -0.00096329150083378744 -0.002607196931843091 -0.001997544402430519 -3.0112067327455472e-05 0.0013059040186283396 0.00086919370730652258 0.0071716186041907949 0.0029831192834145169 0.0092084246468814076 0.0056936359454318377 0.0018841409280352429 -0.0024637845774274796 0.0086655795430303165 -0.0039518099161168921 0.0094915257623218591 0.00087528057673819657 -0.00092789317983435981 0.0097228252513648604 0.0042896086214871702 0.0099260682233411612 0.0073852610345709812
leaf_weight=8555 2803 1676 7222 2308 10459 1373 14994 1061 1664 2333 679 3291 5818 5102 238 4142 1616 912 6873 387 3478 6522 538 542 1344 436 215 1486 261 789
leaf_count=8555 2803 1676 7222 2308 10459 1373 14994 1061 1664 2333 679 3291 5818 5102 238 4142 1616 912 6873 387 3478 6522 538 542 1344 436 215 1486 261 789
internal_value=-0.000276931 0.00967249 -0.00951423 0.0175697 -0.0153066 0.00454586 -0.00507148 0.0213268 0.00715838 -0.00855552 -0.0101581 -0.012868 0.00194222 0.000794804 -0.0015366 0.0133791 0.0148067 0.0172208 0.00944613 -0.00317907 -0.007 0.0233856 -0.0112164 0.00912621 0.00410806 0.00153705 -0.00285032 0.00582252 0.00817841 0.00630028
internal_weight=99117 47719 51398 18779 22305 28940 29093 9891 14441 10234 7901 13750 14499 11696 6594 8888 7212 5054 8246 18859 3865 7583 776 2158 6195 3801 1879 1922 2394 2133
internal_count=99117 47719 51398 18779 22305 28940 29093 9891 14441 10234 7901 13750 14499 11696 6594 8888 7212 5054 8246 18859 3865 7583 776 2158 6195 3801 1879 1922 2394 2133
is_linear=0
shrinkage=0.03


Tree=33
num_leaves=31
num_cat=0
split_feature=21 21 21 21 21 21 12 28 26 25 16 24 16 2 28 25 28 16 14 2 28 29 2 28 26 2 11 29 12 12
split_gain=9832.21 2004.71 1529.49 309.355 267.36 243.102 196.348 171.675 136.547 146.104 121.716 96.126 93.0375 85.3323 121.062 82.4138 81.7442 78.8435 76.657 76.5051 73.2229 129.806 73.4598 69.5939 69.4193 63.3529 72.3302 62.5555 71.9207 60.0091
threshold=7.0195833333333342 4.0204166666666685 10.150416666666668 2.692083333333334 8.6454166666666694 5.6120833333333353 8.2550000000000008 949.95000000000016 0.90992662233962551 1.419706410884735 10.445000000000002 3.5500000000000003 5.6150000000000011 1.2199807073947406 958.75000000000011 2.6024555711230737 948.95000000000016 8.2950000000000017 0.75480681855249854 1.2105928009887366 952.6500000000002 59.500000000000007 1.1435471588627546 950.35000000000002 0.99140711019144634 1.2217854127065169 3.9250000000000003 62.500000000000007 3.3450000000000002 3.4350000000000005
decision_type=2 2 2 2 2 2 8 2 2 2 8 2 10 2 2 2 2 8 2 2 2 2 2 2 2 2 10 2 10 10
left_child=1 3 4 20 15 17 13 -8 -6 23 -9 18 19 14 -4 -2 -11 25 -7 27 21 -1 -23 -10 -18 26 -3 -5 -29 -21
right_child=2 5 6 12 8 11 7 10 9 16 -12 -13 -14 -15 -16 -17 24 -19 -20 29 -22 22 -24 -25 -26 -27 -28 28 -30 -31
leaf_value=-0.0023680843796064621 0.0021906378633961042 -0.0008707378839985032 0.0052957045900892293 -0.0022531713167940051 0.0036597979894234232 -0.0024274299489624252 0.0073984574632298778 0.0055454930008187343 0.0049720657307809248 -0.00046304347644504802 0.0084056121567394095 0.00019545517187013944 -0.0013856167252493492 -9.2195511766416375e-05 0.0088173742621619425 -0.00092072843277785858 0.0033611443223955403 -1.1459126656890306e-06 0.00082870894440562201 -0.0024485136702460581 -0.0024508553944184441 3.9131112214728365e-06 -0.0024544401321862485 0.0089914015977234814 0.0076691075471678827 -0.0027189748977111666 -0.0018233590958214856 -0.0021839893106453219 -0.00061801981163762021 -0.0021472876408691415
leaf_weight=3063 14557 6286 998 7813 5183 1588 2467 1035 290 419 8204 12567 2024 509 461 1060 1543 2110 730 1824 6052 650 461 1193 2182 1285 8472 2402 1200 568
leaf_count=3063 14557 6286 998 7813 5183 1588 2467 1035 290 419 8204 12567 2024 509 461 1060 1543 2110 730 1824 6052 650 461 1193 2182 1285 8472 2402 1200 568
internal_value=-0.000278223 -0.00805838 0.0111866 -0.0142794 0.00696996 -0.00315044 0.0193304 0.0208061 0.0105964 0.0138335 0.0226882 -0.000308261 -0.011645 0.010522 0.0142008 0.00445718 0.0109183 -0.00548023 -0.00591477 -0.0125261 -0.0183501 -0.0152477 -0.00642473 0.0219153 0.0123298 -0.00619703 -0.00563707 -0.011493 -0.00820072 -0.0174218
internal_weight=99196 59095 40101 26057 26427 33038 13674 11706 10810 5627 9239 14885 15831 1968 1459 15617 4144 18153 2318 13807 10226 4174 1111 1483 3725 16043 14758 11415 3602 2392
internal_count=99196 59095 40101 26057 26427 33038 13674 11706 10810 5627 9239 14885 15831 1968 1459 15617 4144 18153 2318 13807 10226 4174 1111 1483 3725 16043 14758 11415 3602 2392
is_linear=0
shrinkage=0.03


Tree=34
num_leaves=31
num_cat=0
split_feature=21 21 21 21 21 21 28 21 25 1 25 1 28 27 25 8 8 16 25 27 16 13 16 16 28 29 27 9 28 8
split_gain=9254.67 2062.97 1411.41 319.746 283.796 225.753 154.083 132.943 119.544 111.826 93.7117 91.9925 130.561 85.2872 82.447 80.2628 94.1243 75.366 72.8898 83.7457 74.2675 72.7867 75.6272 72.1507 71.4487 75.9146 69.8179 68.9218 68.6777 67.4315
threshold=6.2995833333333353 9.550416666666667 3.4012500000000001 10.905000000000003 4.5213888888888905 7.7195833333333344 950.85000000000002 2.2641666666666684 2.7172322375397671 -0.74999999999999989 1.2201127761944166 -1.4499999999999997 959.1500000000002 0.3090169943749474 1.2001070663811568 12.500000000000002 9.5000000000000018 9.0850000000000026 2.2609657560600236 -0.47714059151611382 9.0850000000000026 8.985000000000003 10.445000000000002 4.0250000000000012 948.75000000000011 60.500000000000007 -0.017452406437283484 5.5000000000000009 954.05000000000007 16.500000000000004
decision_type=2 2 2 2 2 2 2 2 2 2 2 2 2 2 2 2 2 10 2 2 8 2 8 10 2 2 2 2 2 2
left_child=2 5 7 11 9 14 29 24 10 -4 17 13 26 -3 -2 16 -16 -7 20 -20 -6 -8 -23 -9 25 -1 -13 -17 -18 -5
right_child=1 3 4 6 18 8 21 23 -10 -11 -12 12 -14 -15 15 27 28 -19 19 -21 -22 22 -24 -25 -26 -27 -28 -29 -30 -31
leaf_value=-0.0022881366919600696 0.0025911380351341441 0.0068340334356478388 -0.0023750582601386764 0.0083530851920453481 -0.00082379348652844694 0.0029029346122411092 0.0078834550434286089 -0.0023251999913279585 -0.0014307295743864541 -0.0018119892377168074 0.0032206134367892695 0.0045726739991385837 0.0086243172803746153 -0.0022174127604593142 -9.2107833611753117e-05 0.00062484362856393466 0.002664441806755383 0.0084507976506960816 0.0020060783312912762 -0.0023021428321702334 0.0010509736133639338 0.0055772984869791849 0.0081534437920372273 -0.0019529983126616785 -0.0023773297325858909 2.3261567620478096e-05 0.0069822568668326274 0.0039377684327100869 -0.0038028882123843847 0.0044123417432218349
leaf_weight=1091 2769 1084 1938 1449 14183 1183 1103 9546 494 11496 12526 2286 1249 354 5793 4384 234 1355 426 3544 1515 467 5980 3011 4508 274 2735 711 528 871
leaf_count=1091 2769 1084 1938 1449 14183 1183 1103 9546 494 11496 12526 2286 1249 354 5793 4384 234 1355 426 3544 1515 467 5980 3011 4508 274 2735 711 528 871
internal_value=-0.000373895 0.00916968 -0.00918098 0.0173281 -0.00547498 0.00438363 0.0209073 -0.015834 0.00688942 -0.00883548 0.00736612 0.0127343 0.0143044 0.00586279 0.00167845 0.000571429 -0.00162348 0.0126229 -0.00317796 -0.00680755 -0.00225817 0.0229914 0.0242204 -0.0140782 -0.019573 -0.0134672 0.012123 0.00339412 -0.0114993 0.0140903
internal_weight=99087 47555 51532 17578 33102 29977 9870 18430 15558 13434 15064 7708 6270 1438 14419 11650 6555 2538 19668 3970 15698 7550 6447 12557 5873 1365 5021 5095 762 2320
internal_count=99087 47555 51532 17578 33102 29977 9870 18430 15558 13434 15064 7708 6270 1438 14419 11650 6555 2538 19668 3970 15698 7550 6447 12557 5873 1365 5021 5095 762 2320
is_linear=0
shrinkage=0.03


Tree=35
num_leaves=31
num_cat=0
split_feature=21 21 21 21 21 21 28 25 24 10 26 10 13 26 1 29 28 27 25 26 23 10 26 28 1 10 5 28 29 11
split_gain=8915.96 1998.94 1428.45 348.723 272.246 226.13 164.969 141.632 122.876 120.505 113.35 103.547 94.6461 92.7275 105.574 92.8579 88.4534 83.9013 82.2511 89.4269 108.431 91.2201 82.8147 79.8652 74.4042 71.7828 76.3803 70.98 114.63 68.1391
threshold=7.2562500000000005 4.0895833333333345 10.736250000000002 2.692083333333334 8.7404166666666701 5.6120833333333353 950.25000000000011 1.2474487139435595 3.7500000000000004 2.5000000000000004 -0.73724926354828224 8.5000000000000018 9.1350000000000033 0.99140711019144634 -1.5499999999999998 69.500000000000014 950.25000000000011 0.32556815445715659 2.2800778210116737 0.79332313182700753 4.205000000000001 2.5000000000000004 0.84335933205092517 958.6500000000002 18.250000000000004 4.5000000000000009 0.9745084109615082 952.55000000000007 59.500000000000007 3.2450000000000006
decision_type=2 2 2 2 2 2 2 2 2 2 2 2 2 2 2 2 2 2 2 2 2 2 2 2 2 2 2 2 2 10
left_child=1 3 4 27 18 29 11 10 24 -5 -6 25 17 14 15 -9 -12 -8 19 -2 21 -21 -20 -19 -7 -4 -27 28 -1 -3
right_child=2 5 6 9 7 8 12 13 -10 -11 16 -13 -14 -15 -16 -17 -18 23 22 20 -22 -23 -24 -25 -26 26 -28 -29 -30 -31
leaf_value=-0.0022168167999824929 0.0012727119774773026 -0.00067346651019410892 0.0076733951610978776 -0.0023051600654702686 0.0039533857891394155 -0.0021816214742715404 0.0079325155118574065 -0.0037689311516714663 0.00028331186740996635 -0.0019511961225238694 0.0047059996911460091 0.0084017727623618074 0.0079088404782761117 0.0067545383188538253 0.0046965191534206613 0.0029629139530788517 0.0084112897167820267 -0.00096440527305009295 0.0038864814042873399 -0.00055699438670681826 0.0066581305147178516 0.0033919627021570553 -0.00091185188865144039 0.0084430102113380902 0.0017539882732619818 -0.0012496388165585169 0.0072617498073487795 -0.0023060098406083138 -0.0015856529759880041 -0.0015380975673659357
leaf_weight=3085 5546 5287 693 2273 844 2429 989 535 14212 14368 271 619 6759 2971 6404 950 1175 413 821 1181 2072 2475 1938 204 523 572 365 6085 1074 12153
leaf_count=3085 5546 5287 693 2273 844 2429 989 535 14212 14368 271 619 6759 2971 6404 950 1175 413 821 1181 2072 2475 1938 204 523 572 365 6085 1074 12153
internal_value=-0.000343234 -0.00739145 0.0111224 -0.0135273 0.00747572 -0.00262302 0.0204539 0.010577 -0.000178228 -0.0108404 0.0173595 0.0131899 0.0223978 0.00913944 0.00742969 0.000221477 0.0224535 0.0157542 0.00456689 0.00570263 0.00833072 0.00521169 -7.59768e-05 0.00699357 -0.00574231 0.00917431 0.00372611 -0.0178847 -0.0148199 -0.00502837
internal_weight=99286 61489 37797 26885 27183 34604 10614 13150 17164 16641 2290 2249 8365 10860 7889 1485 1446 1606 14033 11274 5728 3656 2759 617 2952 1630 937 10244 4159 17440
internal_count=99286 61489 37797 26885 27183 34604 10614 13150 17164 16641 2290 2249 8365 10860 7889 1485 1446 1606 14033 11274 5728 3656 2759 617 2952 1630 937 10244 4159 17440
is_linear=0
shrinkage=0.03


Tree=36
num_leaves=31
num_cat=0
split_feature=21 21 21 21 21 21 28 21 10 29 16 10 12 16 15 8 10 10 28 29 10 26 26 23 29 28 29 2 12 2
split_gain=8814.56 1762.72 1562.92 308.003 303.033 173.531 159.427 131.438 108.841 106.553 99.557 95.4608 89.0232 106.718 82.1208 92.595 77.8497 75.9175 74.9639 106.215 101.038 79.3174 74.0412 154.181 72.6261 70.9212 117.753 77.3026 70.6803 68.1104
threshold=6.6252777777777796 9.6062500000000028 4.0895833333333345 10.905000000000003 2.692083333333334 8.4112500000000026 950.75000000000011 5.0079166666666675 1.5000000000000002 53.500000000000007 5.0050000000000008 8.5000000000000018 9.2050000000000018 10.605000000000002 0.7400000000000001 11.500000000000002 1.5000000000000002 4.5000000000000009 948.95000000000016 58.500000000000007 1.5000000000000002 -0.91702515554752051 -0.93663652364155492 4.245000000000001 40.500000000000007 952.6500000000002 59.500000000000007 1.1443393633847083 13.475000000000003 1.2137060082547351
decision_type=2 2 2 2 2 2 2 2 2 2 10 2 8 8 10 2 2 2 2 2 2 2 2 2 2 2 2 2 8 2
left_child=2 5 4 22 25 8 11 -4 9 -2 29 17 -8 -14 15 16 -9 -5 -7 20 -20 -21 -3 -24 -17 26 -1 -28 -19 -6
right_child=1 3 7 6 10 18 12 14 -10 -11 -12 -13 13 -15 -16 24 -18 28 19 21 -22 -23 23 -25 -26 -27 27 -29 -30 -31
leaf_value=-0.002177895643157725 -0.0046713302059591981 0.0042762417520384108 -0.0015249272631147578 0.0077177230888354938 -0.0020023878935592405 0.0015492143897008614 0.0074267117845033294 -0.0031920444254634785 0.0015776175538694715 -0.00032839845392938657 -0.0016671418911501689 0.0079826606569462256 0.0050659465645342223 0.0076715752639278274 0.00051894510798003413 -0.0010583178015980152 -0.0012702024929323427 -0.0018440122889659049 -0.0043614157929307918 -0.00039731503488242721 0.0066169327902386539 0.0047040974463259267 0.0046345635986764873 0.0077857733245741091 0.00048638663127812662 -0.0022368295453900643 0.0001211213069043078 -0.002284098260687816 0.007537589214134166 -0.0022346517103704082
leaf_weight=3051 222 2324 10569 718 10910 1649 1424 762 15915 1452 3563 669 534 5723 3635 2831 6204 501 227 978 3377 3082 2121 2863 4236 6031 663 449 401 2140
leaf_count=3051 222 2324 10569 718 10910 1649 1424 762 15915 1452 3563 669 534 5723 3635 2831 6204 501 227 978 3377 3082 2121 2863 4236 6031 663 449 401 2140
internal_value=-0.000299308 0.00968066 -0.00830969 0.0171567 -0.0134973 0.0048768 0.0205895 -0.00338326 0.00312209 -0.00414532 -0.0109923 0.0135876 0.0226659 0.0242175 -0.00179935 -0.00284015 -0.00529336 0.0096 0.00818738 0.00943539 0.0131837 0.00609594 0.0124627 0.014528 -0.000419966 -0.0175723 -0.0145178 -0.00612355 0.00377067 -0.0122068
internal_weight=99224 44180 55044 17278 26807 26902 9970 28237 17589 1674 16613 2289 7681 6257 17668 14033 6966 1620 9313 7664 3604 4060 7308 4984 7067 10194 4163 1112 902 13050
internal_count=99224 44180 55044 17278 26807 26902 9970 28237 17589 1674 16613 2289 7681 6257 17668 14033 6966 1620 9313 7664 3604 4060 7308 4984 7067 10194 4163 1112 902 13050
is_linear=0
shrinkage=0.03


Tree=37
num_leaves=31
num_cat=0
split_feature=21 21 21 21 16 5 23 26 24 21 27 1 16 16 10 1 29 16 17 26 26 24 16 16 27 24 11 11 12 8
split_gain=8541.92 1776.86 1549.48 371.23 281.754 160.436 148.358 143.96 128.634 122.804 119.356 118.578 103.072 95.2546 93.1898 90.4422 101.719 85.6716 84.3495 78.823 78.6078 81.191 73.9386 68.1437 66.331 64.6957 69.022 66.7189 64.5357 64.0484
threshold=7.0195833333333342 4.3554166666666676 10.575416666666667 2.692083333333334 10.205000000000002 0.75948641675990658 5.5050000000000008 -0.90992662233962551 5.5500000000000007 5.797083333333334 -0.017452406437283484 -0.94999999999999984 8.5950000000000006 10.445000000000002 1.5000000000000002 14.250000000000002 73.500000000000014 4.6650000000000009 9.7850000000000019 0.99140711019144634 0.95878322595067733 9.4500000000000011 5.7750000000000012 10.445000000000002 0.15643446504023081 3.0500000000000003 3.2450000000000006 6.6650000000000009 2.3150000000000004 8.5000000000000018
decision_type=2 2 2 2 8 2 2 2 2 2 2 2 10 8 2 2 2 8 2 2 2 2 8 10 2 2 8 10 10 2
left_child=1 3 4 28 8 20 18 13 24 -3 23 22 -10 -7 -11 -15 -17 -13 -6 -20 21 -4 -5 -8 -2 26 -16 -27 -1 -14
right_child=2 9 5 11 6 7 10 -9 12 14 -12 17 29 15 25 16 -18 -19 19 -21 -22 -23 -24 -25 -26 27 -28 -29 -30 -31
leaf_value=-0.0021697246590283627 0.0012984164277165973 -0.001101219765427215 -0.00099234702766920133 -0.0021689657121950483 0.0015151342721189281 0.0044732926697492554 -0.0041017955019588565 0.0074414280060099936 0.0013576689443373119 -0.0017298916680135279 0.0077348639140955855 -0.0019934420554289117 0.0015406692039849467 0.0074414280060099936 0.0027420867790042794 0.0071556491544618826 -0.0021619497915194618 -0.0014384137531740333 0.0032640305896301058 0.006581884071465126 0.0074178012397208464 0.0072025685943048054 -0.0018492190900273485 0.0071205535359159687 -0.0012538519836955819 0.00086323392000743984 -0.0035891161641014632 -0.00065050907775352548 -0.0019801936747417441 0.0045295052143694498
leaf_weight=7349 1904 16123 488 2280 1908 1027 212 3548 7510 1343 1755 11200 1750 2788 247 1668 244 5624 3371 3107 927 708 637 555 1675 7779 522 3056 2926 4933
leaf_count=7349 1904 16123 488 2280 1908 1027 212 3548 7510 1343 1755 11200 1750 2788 247 1668 244 5624 3371 3107 927 708 637 555 1675 7779 522 3056 2926 4933
internal_value=-0.00033458 -0.00758593 0.0103555 -0.0127051 0.00663483 0.0197106 0.0104298 0.021417 0.00430331 -0.00229888 0.0168104 -0.0102932 0.00558459 0.0184386 -0.000122761 0.0202508 0.0151487 -0.00931963 0.00850197 0.0101342 0.0122227 0.00709409 -0.015883 0.00687824 -0.00077846 0.00074425 -0.00763566 0.00134225 -0.0173317 0.00829396
internal_weight=99164 59086 40078 30016 28680 11398 10908 9275 17772 29070 2522 19741 14193 5727 12947 4700 1912 16824 8386 6478 2123 1196 2917 767 3579 11604 769 10835 10275 6683
internal_count=99164 59086 40078 30016 28680 11398 10908 9275 17772 29070 2522 19741 14193 5727 12947 4700 1912 16824 8386 6478 2123 1196 2917 767 3579 11604 769 10835 10275 6683
is_linear=0
shrinkage=0.03


Tree=38
num_leaves=31
num_cat=0
split_feature=21 21 21 21 21 28 21 25 28 1 12 26 1 28 29 9 9 29 26 28 28 12 26 8 28 25 1 15 14 1
split_gain=8158.23 1828.69 1435.48 411.721 261.311 166.566 148.365 145.207 120.911 119.755 114.645 105.471 91.9463 85.93 99.4717 79.0427 111.851 99.0515 76.7386 90.2602 72.068 76.1941 94.2298 69.3693 65.9932 72.5263 65.3068 64.8502 63.9526 61.0928
threshold=7.2562500000000005 4.3554166666666676 10.736250000000002 2.692083333333334 8.7404166666666701 949.55000000000007 5.8637500000000005 1.2474487139435595 949.95000000000016 -0.44999999999999996 9.2050000000000018 0.91702515554752073 -1.0000000180025095e-35 952.55000000000007 65.500000000000014 3.5000000000000004 5.5000000000000009 76.500000000000014 0.96359376111369366 959.55000000000007 948.95000000000016 6.8050000000000006 -0.93663652364155492 14.500000000000002 960.45000000000016 1.746546980140028 25.550000000000004 0.4800000000000002 0.78831042954747865 15.65
decision_type=2 2 2 2 2 2 2 2 2 2 8 2 2 2 2 2 2 2 2 2 2 10 2 2 2 2 2 10 2 2
left_child=1 3 4 13 15 -4 27 8 26 28 18 -10 24 14 -1 -2 17 -17 19 -7 -9 -22 -23 -18 25 -8 -6 -3 -5 -16
right_child=2 6 5 9 7 10 12 20 11 -11 -12 -13 -14 -15 29 16 23 -19 -20 -21 21 22 -24 -25 -26 -27 -28 -29 -30 -31
leaf_value=-0.0020179533012526065 0.0027175028936375274 -0.0013302630869508705 0.0066972608280728187 -0.0021201002501105696 -0.0029725019370325833 0.003189447265336519 -0.0026659084374789001 0.0016544849314129278 0.0047114145563277431 -0.0017499928676133741 0.0072181851658296931 0.0077608324818291378 0.00052543700439060563 -0.0021046329192575121 -0.0021504835730963307 0.00032871130795896679 0.0014020875773964802 -0.0022056942688718061 0.0072484958527862849 0.0074544899494850912 0.0026150143746131514 0.0031435700947740519 0.0062154087391839601 0.007040834247103815 -2.119858485153392e-06 -0.0010601084839692943 0.0046956352171818533 -0.00030235592119301074 -0.0017469396531530632 0.00050360931037395735
leaf_weight=3399 7800 11981 1905 2057 217 779 563 1637 506 16704 6886 1100 11556 6012 325 3424 1246 703 790 311 1680 2122 5410 853 1539 865 463 4885 1056 420
leaf_count=3399 7800 11981 1905 2057 217 779 563 1637 506 16704 6886 1100 11556 6012 325 3424 1246 703 790 311 1680 2122 5410 853 1539 865 463 4885 1056 420
internal_value=-0.00023347 -0.00698877 0.0107228 -0.012288 0.00705772 0.020044 -0.00192744 0.0100982 0.0169708 -0.00976642 0.0217946 0.0214525 0.000295292 -0.0172011 -0.0138395 0.00420783 0.00168512 -0.00118345 0.0151512 0.00991781 0.0086429 0.00967343 0.0109619 0.00731464 -0.00441117 -0.00904396 0.00630657 -0.00384091 -0.0151732 -0.00388
internal_weight=99194 61362 37832 29973 27161 10671 31389 13135 2286 19817 8766 1606 14523 10156 4144 14026 6226 4127 1880 1090 10849 9212 7532 2099 2967 1428 680 16866 3113 745
internal_count=99194 61362 37832 29973 27161 10671 31389 13135 2286 19817 8766 1606 14523 10156 4144 14026 6226 4127 1880 1090 10849 9212 7532 2099 2967 1428 680 16866 3113 745
is_linear=0
shrinkage=0.03


Tree=39
num_leaves=31
num_cat=0
split_feature=21 21 21 21 16 25 21 10 10 5 1 29 25 1 26 16 0 26 25 10 16 29 9 14 9 25 16 1 25 16
split_gain=7806.66 1938.76 1360.92 387.688 271.374 198.565 187.312 135.228 125.431 116.592 140.245 129.86 106.305 95.2187 95.1883 89.7517 82.6277 78.2035 73.3063 100.293 71.5655 70.8389 70.4836 70.4663 68.3828 67.9861 76.0991 60.3062 85.6983 57.6023
threshold=7.4941666666666675 4.3220833333333344 10.905000000000003 2.692083333333334 10.205000000000002 1.3846592904812087 5.8637500000000005 2.5000000000000004 1.5000000000000002 0.75948641675990658 14.250000000000002 72.500000000000014 2.7953463203463209 0.25000000000000006 0.79332313182700753 6.3650000000000011 4.8050000000000006 0.95878322595067733 2.1783704757388973 1.5000000000000002 10.445000000000002 90.500000000000014 2.5000000000000004 0.81995934631842415 5.5000000000000009 1.5532063889385543 10.005000000000001 23.950000000000003 1.3466782810685252 5.9850000000000012
decision_type=2 2 2 2 8 2 2 2 2 2 2 2 2 2 2 10 2 2 2 2 8 2 2 2 2 2 10 2 2 8
left_child=1 3 4 -1 12 14 21 29 16 17 20 27 13 -2 -6 -9 -8 -4 -7 -20 -11 25 23 -15 -24 -3 -27 -12 -29 -5
right_child=2 6 9 7 5 18 8 15 -10 10 11 -13 -14 22 -16 -17 -18 -19 19 -21 -22 -23 24 -25 -26 26 -28 28 -30 -31
leaf_value=-0.0020414939316797864 -0.00016475767000270647 -0.00048039509345327826 0.0050507437956199552 -0.0020564972426072524 0.0048836755078388088 0.0050813423457901213 -0.0025911517718218437 -0.0017846392590501251 0.00046667092170410874 0.0042971848222575016 0.0070138154198432544 -0.00071866857447649534 -0.0024594255481686185 0.0052115730082072081 0.0075029590010596966 -0.00063778936226458166 -0.00038028840992226752 0.007075759059116042 -0.0037750962163235124 0.0029952929670670056 0.0070016396108548012 0.0033154148293562174 0.0009338180868868123 0.0019162186400566632 0.0041068239450326692 -0.0016254297361118146 0.0024797368989073732 0.006508136512124482 -4.9880824009185253e-06 -0.0015363341623062753
leaf_weight=10122 2348 7330 857 2160 788 6140 721 14889 15140 292 1798 340 380 3084 1965 1712 918 558 401 2305 5267 220 4562 1861 1673 9499 209 418 326 474
leaf_count=10122 2348 7330 857 2160 788 6140 721 14889 15140 292 1798 340 380 3084 1965 1712 918 558 401 2305 5267 220 4562 1861 1673 9499 209 418 326 474
internal_value=-0.000313785 -0.00661335 0.0109786 -0.0122618 0.00731773 0.0107058 -0.0017405 -0.00975624 0.000516563 0.0204442 0.0217843 0.0163561 0.00448933 0.00493017 0.0177411 -0.00874925 -0.00735401 0.0124014 0.00850751 0.00438215 0.0245812 -0.00393443 0.00608315 0.00875758 0.00395673 -0.0041542 -0.00580047 0.0186808 0.0113752 -0.0160743
internal_weight=98757 63394 35363 29357 25507 11599 34037 19235 16779 9856 8441 2882 13908 13528 2753 16601 1639 1415 8846 2706 5559 17258 11180 4945 6235 17038 9708 2542 744 2634
internal_count=98757 63394 35363 29357 25507 11599 34037 19235 16779 9856 8441 2882 13908 13528 2753 16601 1639 1415 8846 2706 5559 17258 11180 4945 6235 17038 9708 2542 744 2634
is_linear=0
shrinkage=0.03


Tree=40
num_leaves=31
num_cat=0
split_feature=19 19 19 12 16 25 28 16 12 2 16 24 12 16 16 28 16 12 27 9 16 24 14 28 9 16 28 9 2 22
split_gain=7753.89 1778.61 1263.44 324.096 262.44 228.161 206.476 196.266 186.967 164.68 136.413 119.643 98.7811 109.823 96.5216 95.8459 95.7103 78.568 77.181 71.5656 71.3219 70.299 68.4876 67.6625 82.1859 93.0803 65.4851 63.5663 60.9766 60.9124
threshold=7.503750000000001 3.6412500000000008 10.906250000000004 4.6950000000000012 10.205000000000002 1.3846592904812087 949.55000000000007 4.0250000000000012 2.3150000000000004 1.211036566708058 5.0550000000000006 5.7500000000000009 9.2050000000000018 10.445000000000002 7.5550000000000006 951.05000000000007 6.1250000000000009 8.2150000000000016 -0.14780378300014829 5.5000000000000009 5.4150000000000009 2.4500000000000006 1.3535631988693149 960.75000000000011 3.5000000000000004 7.6050000000000013 952.55000000000007 5.5000000000000009 1.2177323093292298 0.9462517963145084
decision_type=2 2 2 8 8 2 2 10 10 2 8 2 8 8 10 2 8 8 2 2 8 2 2 2 2 8 2 2 2 2
left_child=1 7 4 9 11 15 22 8 26 16 -5 -2 -8 -14 -13 -6 19 -7 -17 -3 -11 -12 29 -22 -25 -26 -1 -23 -9 -4
right_child=2 3 6 10 5 17 12 28 -10 20 21 14 13 -15 -16 18 -18 -19 -20 -21 23 27 -24 24 25 -27 -28 -29 -30 -31
leaf_value=-0.0019471096068004136 -0.00033894634963524352 -0.0016657377572155616 0.0032610139687589469 -0.0011643440716815124 0.0049283821503471065 0.0031151916946459382 0.0065507421366922313 -0.0014493187897779347 -0.0017888300498558997 -0.0020306694873933186 -0.0026095480397756764 0.00049678035297470551 0.0045764812415412925 0.0067915904225291585 0.0034342337740266081 0.004286046091963187 -0.00052878003496055037 0.0058335703667498724 0.0073063797450309432 0.00015077740133541425 -0.0027721389704239946 0.00028027229284610319 0.0012377836009148291 -0.0017525176052327338 -0.0015202353394489468 0.0033463818674612715 -0.001980249113729393 0.0019665604528179273 -0.0020654943972801387 0.0072938583542605552
leaf_weight=3767 2435 7672 584 5566 789 6405 1619 4322 7796 1492 394 2602 556 6132 8984 222 7638 2389 1732 1308 1319 12316 536 910 332 299 5767 2108 476 718
leaf_count=3767 2435 7672 584 5566 789 6405 1619 4322 7796 1492 394 2602 556 6132 8984 222 7638 2389 1732 1308 1319 12316 536 910 332 299 5767 2108 476 718
internal_value=-0.00028642 -0.00657678 0.0108976 -0.00290287 0.00733951 0.0106905 0.0198532 -0.0134406 -0.0149282 -0.00552086 -0.000208936 0.00457935 0.0218684 0.0234872 0.00584937 0.0182424 -0.00415809 0.00832595 0.021807 -0.0062571 -0.0107138 0.00129528 0.0107108 -0.00791623 -0.00362872 0.00466981 -0.0177503 0.00163837 -0.00805746 0.0144147
internal_weight=99185 63482 35703 41354 25558 11537 10145 22128 17330 20970 20384 14021 8307 6688 11586 2743 16618 8794 1954 8980 4352 14818 1838 2860 1541 631 9534 14424 4798 1302
internal_count=99185 63482 35703 41354 25558 11537 10145 22128 17330 20970 20384 14021 8307 6688 11586 2743 16618 8794 1954 8980 4352 14818 1838 2860 1541 631 9534 14424 4798 1302
is_linear=0
shrinkage=0.03


Tree=41
num_leaves=31
num_cat=0
split_feature=21 21 21 21 12 16 21 21 25 26 1 8 25 25 1 25 26 16 27 14 25 8 29 1 20 12 12 27 26 16
split_gain=7332.43 2012.39 1100.05 339.058 234.154 229.676 188.627 150.434 124.012 152.449 121.025 119.295 112.531 111.602 108.047 100.88 112.337 87.484 79.556 71.91 67.7761 64.567 62.326 60.3041 58.6468 57.92 56.5403 55.3186 54.8145 54.219
threshold=6.118333333333335 10.150416666666668 3.5579166666666677 8.4112500000000026 8.2550000000000008 10.445000000000002 2.2641666666666684 4.5537500000000017 1.2530780699489419 0.84335933205092517 22.650000000000002 12.500000000000002 1.3150649059982096 1.9921823274764454 -1.5499999999999998 1.2474487139435595 -0.8949002852437673 4.0250000000000012 0.36648727148060622 0.47268735262680112 2.2990322479942562 3.5000000000000004 14.500000000000002 18.650000000000002 1.2748823458371954 9.2050000000000018 4.3450000000000006 -0.44618082326431219 0.98321746822993605 6.1750000000000007
decision_type=2 2 2 2 8 8 2 2 2 2 2 2 2 2 2 2 2 10 2 2 2 2 2 2 2 8 10 2 2 8
left_child=2 3 6 11 13 -6 -1 14 9 -5 25 15 -12 -3 -4 16 -2 19 21 -8 -9 -17 24 -18 -13 -7 -24 -22 -28 -16
right_child=1 4 7 8 5 10 17 20 -10 -11 12 22 -14 -15 29 18 23 -19 -20 -21 27 -23 26 -25 -26 -27 28 -29 -30 -31
leaf_value=-0.0019208416403175114 -0.0015048951807098763 0.0059883736969733453 -0.0019300159643133126 0.0020441438078030853 0.0039319214491069362 0.0065337111400854851 -0.0019224055325552493 -0.00052547506307031749 0.0035189161829787918 0.007166226628229736 0.0063911653509650954 0.0019565498625444644 0.0010190701766626452 -0.00037505454629908284 -0.0015667376764374834 0.001107970727790377 0.00033966755699574747 -0.0015309617368229548 -0.0022464074201897742 -0.0017682260322846926 0.0018242861096048992 -0.00063700140337013991 -0.00039633308737743787 0.0085614127280945109 -0.0042156957067120346 0.0065878427098532829 0.0014384986868972449 -0.0021072153176914313 0.0038325557097916691 -0.00061312965898229572
leaf_weight=5855 572 1200 1506 927 1671 1791 3938 14232 10439 1450 591 203 498 758 8171 3456 357 3834 1322 6768 371 5503 1280 753 204 7183 7810 2710 1502 2141
leaf_count=5855 572 1200 1506 927 1671 1791 3938 14232 10439 1450 591 203 498 758 8171 3456 357 3834 1322 6768 371 5503 1280 753 204 7183 7810 2710 1502 2141
internal_value=-0.000246058 0.00792279 -0.00840564 0.00417852 0.0177017 0.0193049 -0.0137485 -0.0046633 0.00808673 0.0142695 0.0210161 0.00199591 0.0114899 0.00806928 -0.00727227 -7.77072e-05 0.00672199 -0.0119092 -0.00119288 -0.0133041 -0.00288082 -0.000177376 0.00425027 0.0122691 -0.00720874 0.0221651 0.00469378 -0.00691186 0.00550606 -0.0061704
internal_weight=98996 49470 49526 35778 13692 11734 20395 29131 12816 2377 10063 22962 1089 1958 11818 11963 1682 14540 10281 10706 17313 8959 10999 1110 407 8974 10592 3081 9312 10312
internal_count=98996 49470 49526 35778 13692 11734 20395 29131 12816 2377 10063 22962 1089 1958 11818 11963 1682 14540 10281 10706 17313 8959 10999 1110 407 8974 10592 3081 9312 10312
is_linear=0
shrinkage=0.03


Tree=42
num_leaves=31
num_cat=0
split_feature=22 22 22 22 16 23 12 28 16 26 16 5 16 1 16 28 25 26 10 24 24 28 29 1 28 26 1 26 25 25
split_gain=7315.43 1632.38 1201.42 345.134 252.314 233.759 216.875 185.852 171.915 136.601 132.66 129.033 125.666 122.383 104.066 99.4749 95.5624 120.058 95.0271 92.8652 89.697 78.5583 75.5435 79.6803 79.8418 75.2854 68.6731 85.7326 122.525 112.477
threshold=0.55661393614252208 0.084686183107379007 0.9070594183685079 0.23307497839920288 9.8650000000000002 4.205000000000001 3.5450000000000004 950.45000000000016 3.6750000000000003 0.80382625221112025 4.6150000000000011 0.72920471392921349 15.235000000000001 -2.6499999999999999 10.445000000000002 950.6500000000002 1.3091366372037976 0.71322329076259949 8.5000000000000018 5.3500000000000005 8.8500000000000032 953.45000000000016 23.500000000000004 0.8500000000000002 958.1500000000002 0.94828754594723541 -0.24999999999999997 0.79332313182700753 2.1256913674560738 1.724793957545417
decision_type=2 2 2 2 8 2 10 2 10 2 8 2 8 2 8 2 2 2 2 2 2 2 2 2 2 2 2 2 2 2
left_child=1 6 4 10 19 -6 8 18 21 12 13 25 -7 -3 -13 -11 17 -5 -4 -2 -17 -1 -19 -24 -25 -9 -21 29 -29 -28
right_child=2 3 7 16 5 9 -8 11 -10 15 -12 14 -14 -15 -16 20 -18 22 -20 26 -22 -23 23 24 -26 -27 27 28 -30 -31
leaf_value=-0.0017847375237347006 -0.00062992594753217277 -0.0019115533165704878 0.0045376801659099677 -0.00032549586425422827 0.0027866717727030475 0.004653495333125467 -0.0013211780924448444 0.0035466250749501991 -0.0016325984121515649 0.0034856164798297996 -0.00088464086540600208 0.0040909312954907073 -0.0037783557930472361 -0.0016233861018239428 0.006390207428557686 0.0068482254347294819 -0.00039977805533393529 -0.00010900390056293729 0.0068542536017079875 -0.00045558772978250339 0.0068644657064351284 -0.0018632163911079861 -0.00091866954630093255 0.003591012392038153 0.0087814106615234245 0.0065249926774022457 0.00030238288933959244 0.0063150092416051195 -0.0015291798275371426 0.0054676442091306111
leaf_weight=5992 1697 843 1516 3019 7034 2596 3889 581 4785 594 12634 502 201 7696 6241 1165 15000 618 618 1403 1882 7137 255 1357 401 531 3873 1984 443 2712
leaf_count=5992 1697 843 1516 3019 7034 2596 3889 581 4785 594 12634 502 201 7696 6241 1165 15000 618 618 1403 1882 7137 255 1357 401 531 3873 1984 443 2712
internal_value=-0.000321459 -0.00641291 0.0105731 -0.00294277 0.00712572 0.00995029 -0.0130672 0.0193946 -0.0144617 0.0140804 -0.00563368 0.0215305 0.00906852 -0.00852177 0.0230957 0.0179128 -0.000183007 0.00314058 0.0115007 0.00398118 0.0201016 -0.016238 0.00781866 0.0106293 0.0128985 0.0119785 0.00504127 0.006002 0.0108183 0.00422003
internal_weight=99199 63626 35573 41823 25584 13472 21803 9989 17914 6438 21173 7855 2797 8539 6743 3641 20650 5650 2134 12112 3047 13129 2631 2013 1758 1112 10415 9012 2427 6585
internal_count=99199 63626 35573 41823 25584 13472 21803 9989 17914 6438 21173 7855 2797 8539 6743 3641 20650 5650 2134 12112 3047 13129 2631 2013 1758 1112 10415 9012 2427 6585
is_linear=0
shrinkage=0.03


Tree=43
num_leaves=31
num_cat=0
split_feature=21 21 21 21 21 16 28 25 28 12 24 10 8 10 16 16 29 26 16 8 28 10 26 16 28 25 5 28 29 1
split_gain=7152.32 1862.59 1209.26 322.631 248.839 205.376 204.53 173.771 145.337 115.458 106.055 98.9751 96.0757 120.204 95.1261 94.6538 94.2556 93.8255 85.1073 90.5085 83.6326 80.5878 77.697 74.6212 65.9217 65.4228 65.0773 64.7676 71.5075 64.3465
threshold=7.7195833333333344 3.723333333333334 10.736250000000002 5.8637500000000005 2.5445833333333341 10.205000000000002 949.55000000000007 1.3846592904812087 951.55000000000007 9.0850000000000026 5.5500000000000007 1.5000000000000002 9.5000000000000018 1.5000000000000002 3.8350000000000004 10.755000000000001 54.500000000000007 0.92384435400961407 8.7650000000000023 2.5000000000000004 964.55000000000007 8.5000000000000018 0.94828754594723541 8.4550000000000018 959.55000000000007 2.4700597609561759 0.9745084109615082 953.55000000000007 58.500000000000007 21.850000000000005
decision_type=2 2 2 2 2 8 2 2 2 8 2 2 2 2 10 8 2 2 8 2 2 2 2 10 2 2 2 2 2 2
left_child=1 4 5 12 27 10 21 8 29 22 -2 16 13 -3 -6 -11 -5 -10 19 -15 -9 26 24 -12 -8 -13 -4 28 -1 -7
right_child=2 3 6 11 14 7 9 20 17 15 23 25 -14 18 -16 -17 -18 -19 -20 -21 -22 -23 -24 -25 -26 -27 -28 -29 -30 -31
leaf_value=-0.0017505348705177924 -0.0006102089175700115 -0.0021819619584481516 0.0019058923185762222 -0.0042329897743230748 -0.0017825300830973763 -0.0047733004298540927 0.0020113086736529579 0.0034965235363172507 0.0064101011722095371 0.0048710420110193225 0.0012026031560386551 0.0006472096497119761 -0.00064899904899916826 -0.00063247981455917166 -0.0013558594206581555 0.0061985012057009558 -0.00084639677516463064 0.0067431601731696373 0.00072101820247477385 -0.0018835310193205911 0.0076606580513083264 0.0066717797142859013 0.0062701859980076107 0.0037535630833074938 0.0067661350906570881 -0.0011882990522825931 0.0067754007836648882 -0.0018073198993747465 -0.0014447045699867969 0.0051849129285548474
leaf_weight=2609 1687 940 976 203 8840 235 658 7458 521 805 3924 15297 14115 2604 4840 6198 1661 1174 1150 5583 599 507 785 6160 241 2076 441 4912 1134 586
leaf_count=2609 1687 940 976 203 8840 235 658 7458 521 805 3924 15297 14115 2604 4840 6198 1661 1174 1150 5583 599 507 785 6160 241 2076 441 4912 1134 586
internal_value=-0.000157394 -0.00585912 0.0112546 -0.00225168 -0.0129038 0.0072916 0.0195921 0.0103261 0.0172075 0.0215543 0.00456267 0.000653258 -0.00454236 -0.00674869 -0.0103778 0.0232577 -0.0059069 0.0222176 -0.00571291 -0.00678589 0.00816795 0.0106998 0.0144227 0.00572703 0.00832965 0.00135861 0.00698312 -0.016888 -0.0138714 0.00679177
internal_weight=98919 65964 32955 43629 22335 22344 10611 10573 2516 8687 11771 19237 24392 10277 13680 7003 1864 1695 9337 8187 8057 1924 1684 10084 899 17373 1417 8655 3743 821
internal_count=98919 65964 32955 43629 22335 22344 10611 10573 2516 8687 11771 19237 24392 10277 13680 7003 1864 1695 9337 8187 8057 1924 1684 10084 899 17373 1417 8655 3743 821
is_linear=0
shrinkage=0.03


Tree=44
num_leaves=31
num_cat=0
split_feature=19 19 19 12 28 12 12 16 16 1 25 26 16 28 10 10 26 16 24 12 10 12 28 10 14 25 2 28 28 10
split_gain=6867.74 1618.44 1293.13 273.526 271.185 201.621 179.554 207.918 170.478 155.073 151.105 339.116 112.45 93.3644 91.3275 119.344 99.9574 86.6604 82.5854 77.5646 75.411 77.2071 73.9499 73.4616 73.008 72.5701 72.3787 102.414 72.2789 116.583
threshold=7.503750000000001 3.6412500000000008 10.256250000000003 4.6150000000000011 949.95000000000016 2.3150000000000004 8.3450000000000006 10.445000000000002 3.6750000000000003 -0.44999999999999996 1.3790964742704597 0.79332313182700753 4.5550000000000006 951.6500000000002 1.5000000000000002 4.5000000000000009 0.97233289553061597 6.2250000000000005 2.8500000000000001 5.535000000000001 8.5000000000000018 9.2550000000000008 944.95000000000016 4.5000000000000009 0.40869711686451538 1.7686820997055543 1.2217854127065169 958.35000000000002 948.55000000000007 7.5000000000000009
decision_type=2 2 2 8 2 10 8 8 10 2 2 2 8 2 2 2 2 8 2 10 2 10 2 2 2 2 2 2 2 2
left_child=1 5 10 9 20 8 26 -8 -1 -3 11 22 -5 23 16 25 -12 -11 24 -7 -4 -22 -2 -13 -14 -16 27 -6 29 -24
right_child=2 3 4 12 6 19 7 -9 -10 17 14 13 18 -15 15 -17 -18 -19 -20 -21 21 -23 28 -25 -26 -27 -28 -29 -30 -31
leaf_value=-0.0017531003023935042 0.0034636394594911601 -0.0018144289126007279 0.0034354365046128897 -0.0011718346204900949 0.0047907856928558713 -0.0015954397578298086 0.003497138284176421 0.0060125461695299262 -0.0015491508565300518 -0.0012999728225372323 -0.0013394882278375724 -0.0016890126532555986 -0.0033759503515972769 0.0068053999413429265 0.0010502226770669606 0.0016337980579051036 0.0047209375196501143 -0.00040718424690987324 0.00036080074923144245 0.00029514540732803737 0.0015841246676997088 0.0064716263228573245 0.0031409513813399925 0.0055533080558117761 -0.00051734401352855088 0.0058556649868409336 7.9390888646145843e-05 0.006348086271905566 0.0012882192944006982 -0.004228503154017964
leaf_weight=8902 566 4144 2087 4497 725 9520 1002 7893 3127 9025 1477 285 250 2100 1162 9719 525 7029 15748 585 220 508 236 795 517 3108 435 509 1906 433
leaf_count=8902 566 4144 2087 4497 725 9520 1002 7893 3127 9025 1477 285 250 2100 1162 9719 525 7029 15748 585 220 508 236 795 517 3108 435 509 1906 433
internal_value=-0.000289883 -0.00621983 0.0102339 -0.00270484 0.0176068 -0.0127621 0.0198127 0.021509 -0.0153889 -0.00519725 0.00580992 0.00973601 -0.000308322 0.0166342 0.00425544 0.00511291 -0.00173393 -0.00385952 0.000837167 -0.00962908 0.00930851 0.0175989 0.00273681 0.00940092 -0.00874352 0.00929123 0.0107348 0.014431 0.000569767 -0.00787834
internal_weight=99035 63344 35691 41210 13379 22134 10564 8895 12029 20198 22312 6321 21012 3180 15991 13989 2002 16054 16515 10105 2815 728 3141 1080 767 4270 1669 1234 2575 669
internal_count=99035 63344 35691 41210 13379 22134 10564 8895 12029 20198 22312 6321 21012 3180 15991 13989 2002 16054 16515 10105 2815 728 3141 1080 767 4270 1669 1234 2575 669
is_linear=0
shrinkage=0.03


Tree=45
num_leaves=31
num_cat=0
split_feature=21 21 21 21 16 25 23 16 1 10 12 16 29 2 29 29 27 13 8 16 10 8 1 25 27 1 29 10 8 14
split_gain=6665.24 1902.26 1132.6 345.536 254.43 194.666 180.321 148.06 142.519 128.012 119.874 131.175 113.828 100.997 108.393 100.774 99.698 98.2325 86.4924 98.0776 86.393 77.1386 72.6744 70.9538 92.7077 66.7795 76.2546 64.9127 62.5167 65.9209
threshold=6.2995833333333353 10.575416666666667 3.0937500000000004 8.4112500000000026 4.6150000000000011 1.2530780699489419 4.1050000000000013 11.265000000000002 -1.1499999999999997 1.5000000000000002 2.3150000000000004 3.6750000000000003 91.500000000000014 1.1443393633847083 70.500000000000014 53.500000000000007 1.0000000180025095e-35 9.2083333333333357 8.5000000000000018 9.9050000000000029 1.5000000000000002 11.500000000000002 24.850000000000005 1.2365427733701277 0.15643446504023081 16.850000000000005 74.500000000000014 7.5000000000000009 12.500000000000002 0.70500591014071456
decision_type=2 2 2 2 8 2 2 8 2 2 10 10 2 2 2 2 2 2 2 10 2 2 2 2 2 2 2 2 2 2
left_child=2 3 10 9 8 16 -3 27 -4 15 11 -1 18 14 22 -2 -5 -15 19 20 -6 23 -9 24 -11 26 -23 -8 29 -17
right_child=1 6 4 5 12 -7 7 13 -10 21 -12 -13 -14 17 -16 28 -18 -19 -20 -21 -22 25 -24 -25 -26 -27 -28 -29 -30 -31
leaf_value=-0.0017005072933216992 -0.0042282022087331301 0.0029693906193311069 -0.0017116610489208892 0.0023446880240411416 -0.0023097238221730407 0.0033670447817975057 0.0033837678254733591 0.0058675893816776022 -0.0014193758932160789 -0.0012277589806123535 -0.001575016282404564 -0.001520031760749298 0.003897821098785123 0.0057094749407556877 -0.0016102046773387435 -0.0016823327136776696 0.0061421164351327748 0.0058321697844440279 -0.00031483520982900385 0.0021666949779451205 -0.0013200675693621831 0.0033708277456215288 0.0046623065847881525 -4.8871769493546431e-05 0.006339776775707219 0.00076930097467753583 7.7742165915313798e-05 0.0056697127036941363 0.001434546055521883 0.0028329885367573242
leaf_weight=7820 242 783 1888 641 657 12321 1212 1361 12536 386 5340 1855 220 1357 262 728 2137 4975 13615 410 7451 3514 455 8161 661 5295 1011 1139 803 290
leaf_count=7820 242 783 1888 641 657 12321 1212 1361 12536 386 5340 1855 220 1357 262 728 2137 4975 13615 410 7451 3514 455 8161 661 5295 1011 1139 803 290
internal_value=-0.000223649 0.00786275 -0.00767651 0.00447907 -0.00484068 0.00794293 0.0184639 0.0194752 -0.0079465 0.00199801 -0.0146185 -0.0166147 -0.00283523 0.0213405 0.0155257 -0.00509188 0.0151132 0.023235 -0.00305041 -0.00542063 -0.00614569 0.00276782 0.0181219 0.000794529 0.00812738 0.00461679 0.00729139 0.0127716 -0.00264513 -0.00756598
internal_weight=99526 47734 51792 36190 36777 15099 11544 10761 14424 21091 15015 9675 22353 8410 2078 2063 2778 6332 22133 8518 8108 19028 1816 9208 1047 9820 4525 2351 1821 1018
internal_count=99526 47734 51792 36190 36777 15099 11544 10761 14424 21091 15015 9675 22353 8410 2078 2063 2778 6332 22133 8518 8108 19028 1816 9208 1047 9820 4525 2351 1821 1018
is_linear=0
shrinkage=0.03


Tree=46
num_leaves=31
num_cat=0
split_feature=21 21 21 21 12 28 25 26 23 28 8 10 10 1 28 12 10 1 10 8 12 10 8 10 26 20 1 12 26 17
split_gain=6446.12 1720.26 1185.82 313.336 208.486 183.621 162.075 347.548 195.815 186.997 108.011 138.284 107.797 105.991 102.703 100.345 97.5963 95.3182 90.9833 85.3118 83.4769 81.0878 74.1001 92.6406 85.6689 73.7793 77.9206 68.7693 69.6436 68.2562
threshold=7.6775000000000011 4.0204166666666685 10.905000000000003 2.692083333333334 5.3550000000000013 949.95000000000016 2.1046089475378182 0.79332313182700753 4.9250000000000007 951.55000000000007 11.500000000000002 2.5000000000000004 1.5000000000000002 -0.94999999999999984 948.45000000000016 9.2050000000000018 9.5000000000000018 18.650000000000002 8.5000000000000018 19.500000000000004 2.2750000000000004 8.5000000000000018 16.500000000000004 2.5000000000000004 0.98321746822993605 2.8240027727996679 19.750000000000004 13.475000000000003 0.96359376111369366 6.1450000000000005
decision_type=2 2 2 2 10 2 2 2 2 2 2 2 2 2 2 8 2 2 2 2 10 2 2 2 2 2 2 10 2 2
left_child=1 3 6 20 10 18 7 19 22 17 11 -3 -8 -5 -14 -7 -16 -10 27 -2 -1 -12 23 24 -9 -13 -27 28 -4 -6
right_child=2 4 5 13 29 15 12 8 9 -11 21 25 14 -15 16 -17 -18 -19 -20 -21 -22 -23 -24 -25 -26 26 -28 -29 -30 -31
leaf_value=-0.0016494920745220481 0.0011599394143879383 -0.0020950893014694532 -0.0012695447941000425 -0.0016550385523777661 -0.00034539205660235993 0.0054902008927851954 -0.0016275023743333222 -0.0031724992333027197 -0.0037159212376115958 0.0061898432446604919 -0.00078940673539527884 -0.0014574875997760142 -0.0011566277828933525 -0.0014215123340590898 0.0045195160503483022 0.0056572046909107079 0.00077231874793927955 0.0051002378057457762 0.0061025124396382833 0.0051215856130380991 -0.0015029051547436273 0.00067516435746949651 0.0077598145251746992 0.0047946505032087968 0.0040371938566367517 -0.0010554424112917994 0.0023539237163540797 0.0064671984183633695 0.0056882375029353813 0.00088544389433200914
leaf_weight=7212 6988 2194 677 2338 7737 1463 875 565 214 2522 7207 6937 1161 13417 2193 6479 2256 910 518 1699 3048 4138 1155 2376 670 2048 931 530 206 8549
leaf_count=7212 6988 2194 677 2338 7737 1463 875 565 214 2522 7207 6937 1161 13417 2193 6479 2256 910 518 1699 3048 4138 1155 2376 670 2048 931 530 206 8549
internal_value=-0.000243403 -0.00569791 0.0104761 -0.0116945 -0.0017715 0.0192033 0.00681928 0.00835068 0.0126957 0.0179293 -0.00358184 -0.0055518 0.00277812 -0.00903236 0.00430632 0.0212231 0.00637854 0.00770593 0.0108626 0.00413829 -0.0157759 -0.00147753 0.00867743 0.00654591 -0.000120968 -0.00403992 -9.04826e-05 0.00687588 0.00172297 0.000836044
internal_weight=99213 65756 33457 26015 39741 9873 23584 17099 8412 3646 23455 12110 6485 15755 5610 7942 4449 1124 1931 8687 10260 11345 4766 3611 1235 9916 2979 1413 883 16286
internal_count=99213 65756 33457 26015 39741 9873 23584 17099 8412 3646 23455 12110 6485 15755 5610 7942 4449 1124 1931 8687 10260 11345 4766 3611 1235 9916 2979 1413 883 16286
is_linear=0
shrinkage=0.03


Tree=47
num_leaves=31
num_cat=0
split_feature=21 21 21 21 28 16 25 12 12 16 29 1 28 24 1 27 29 25 8 28 29 1 16 28 8 16 10 16 25 16
split_gain=6375.62 1434.67 1406.35 314.577 222.625 177.913 199.157 161.135 160.683 135.514 129.045 115.627 110.618 103.787 102.895 93.0356 87.8928 115.423 95.7993 86.9738 86.5248 101.861 84.4691 84.0616 80.8374 78.9934 78.5077 69.7739 67.5988 67.3322
threshold=7.2562500000000005 4.0895833333333345 10.428750000000003 2.955833333333334 949.95000000000016 10.155000000000003 1.3577649408433616 5.3550000000000013 9.2050000000000018 11.265000000000002 91.500000000000014 -1.0000000180025095e-35 953.55000000000007 5.5500000000000007 -0.24999999999999997 -0.14780378300014829 22.500000000000004 1.1869351128413144 13.500000000000002 951.05000000000007 58.500000000000007 15.450000000000001 7.745000000000001 965.95000000000016 2.5000000000000004 10.005000000000001 8.5000000000000018 4.7650000000000006 1.4054317475370108 2.5250000000000004
decision_type=2 2 2 2 2 8 2 10 8 8 2 2 2 2 2 2 2 2 2 2 2 2 10 2 2 8 2 8 2 10
left_child=1 3 5 12 26 13 15 10 28 -10 11 -3 20 -2 -5 -7 -13 -18 24 -17 -1 -22 -15 -8 -19 -26 -4 -9 -6 -16
right_child=2 7 4 14 8 6 23 27 9 -11 -12 16 -14 22 29 19 17 18 -20 -21 21 -23 -24 -25 25 -27 -28 -29 -30 -31
leaf_value=-0.0015462370410759447 -0.00044090898790967225 -0.0018045490745896712 0.0037228657850599009 -0.0015947232100315231 0.0057381077831545292 -0.0015303034346059196 0.0028724263266334976 -0.0009929255964067781 0.0049077948019974824 0.0054874885501833871 0.0044045663504077336 -0.0020836587462682008 -0.0016000073122863867 0.00029873218624818426 -0.0017120260605985908 0.0042703036464714957 0.0008440519795178444 -0.00024065304735994552 -7.2782129000830141e-05 0.0060053486507811536 -0.0016132401381892232 0.00023264186730089556 0.0026988982317770888 0.0079817771636043443 -0.002035377970271719 0.0022578527074826622 0.0059194370664491331 0.00057433623181681298 0.0047866629025835414 -0.0010409150149818757
leaf_weight=4335 2838 4578 1827 2190 387 236 7707 3306 1581 5648 217 1364 7329 3524 2928 558 3406 2073 4797 1413 823 942 8861 329 4799 408 637 9694 2141 8248
leaf_count=4335 2838 4578 1827 2190 387 236 7707 3306 1581 5648 217 1364 7329 3524 2928 558 3406 2073 4797 1413 823 942 8861 329 4799 408 637 9694 2141 8248
internal_value=-0.000196713 -0.00615556 0.00951687 -0.0113675 0.0178807 0.00550037 0.00855679 -0.00212313 0.019917 0.0221993 -0.0037086 -0.00394354 -0.0146114 0.00344169 -0.00810411 0.0165325 -0.00279314 -0.00214811 -0.00352342 0.0186589 -0.0116069 -0.00598305 0.00462712 0.00635742 -0.00569115 -0.00768419 0.00979344 0.000516724 0.0133597 -0.00693319
internal_weight=99124 61437 37687 26795 12221 25466 10243 34642 9757 7229 21642 21425 13429 15223 13366 2207 16847 15483 12077 1971 6100 1765 12385 8036 7280 5207 2464 13000 2528 11176
internal_count=99124 61437 37687 26795 12221 25466 10243 34642 9757 7229 21642 21425 13429 15223 13366 2207 16847 15483 12077 1971 6100 1765 12385 8036 7280 5207 2464 13000 2528 11176
is_linear=0
shrinkage=0.03


Tree=48
num_leaves=31
num_cat=0
split_feature=21 21 21 21 21 25 26 24 10 5 1 25 10 16 10 16 25 27 14 10 16 11 25 26 10 10 8 3 26 24
split_gain=6118.31 1821.65 981.731 353.717 191.544 157.432 350.193 172.328 135.248 129.052 165.925 109.552 109.149 109.111 95.5458 94.3758 107.423 87.4317 86.6947 80.6657 79.2616 74.272 73.3807 125.931 76.6562 117.599 71.0834 71.0389 69.7758 72.4044
threshold=8.1158333333333363 4.3220833333333344 10.905000000000003 2.5445833333333341 5.8637500000000005 2.1046089475378182 0.79332313182700753 8.0500000000000025 2.5000000000000004 0.75948641675990658 14.250000000000002 1.3406160292235991 1.5000000000000002 10.445000000000002 8.5000000000000018 9.9550000000000018 1.7390952011838492 0.15643446504023081 1.1646601793370268 1.5000000000000002 3.6750000000000003 4.5250000000000012 1.4054317475370108 0.77159520228797462 7.5000000000000009 9.5000000000000018 17.500000000000004 8.8059685229116216 0.95878322595067733 9.3500000000000032
decision_type=2 2 2 2 2 2 2 2 2 2 2 2 2 8 2 10 2 2 2 2 10 10 2 2 2 2 2 2 2 2
left_child=1 3 5 -1 -3 6 15 17 18 28 13 -12 21 -11 -13 16 -2 -8 -5 -7 26 -6 23 24 -14 -26 -10 -24 29 -4
right_child=2 4 9 8 12 19 7 -9 20 10 11 14 22 -15 -16 -17 -18 -19 -20 -21 -22 -23 27 -25 25 -27 -28 -29 -30 -31
leaf_value=-0.0015520070929177952 -0.00050124382967935859 -0.00080487499197663302 -0.003858329771212172 -0.0015728617264807614 -0.0020816535365957463 -0.0020135507685484599 0.0061151875762447856 0.0057096915292874587 -0.0015791230432443276 0.0026724287227871749 0.0053421852060261165 0.002971362827815128 0.001107442336883403 0.005322863893677884 0.0052278881344022003 0.0039569543388547988 0.0058316270844924233 0.0010208862932796648 -0.00063617829119476149 0.0022112776587369836 -0.0010931803426479788 -0.00047151892322247284 0.00024961528218842287 0.0034490602034457848 -0.0027510856066562447 0.002861277900609179 -0.00077658857697149753 -0.0035603230097944294 0.005463514122739912 0.005181894978924133
leaf_weight=8590 3506 17264 290 2538 603 737 1923 3858 7440 300 1061 1375 2275 5285 506 2305 1333 1281 418 4439 8645 1610 13254 3049 1165 505 1848 631 553 543
leaf_count=8590 3506 17264 290 2538 603 737 1923 3858 7440 300 1061 1375 2275 5285 506 2305 1333 1281 418 4439 8645 1610 13254 3049 1165 505 1848 631 553 543
internal_value=-0.000197307 -0.00502448 0.0113089 -0.0106929 -0.000883031 0.00737814 0.00900992 0.0137456 -0.00858189 0.0189867 0.0203692 0.0145572 0.000904014 0.023415 0.0101644 0.00432228 0.00193848 0.00858211 -0.0145289 0.00289519 -0.00759784 -0.00542381 0.00157585 0.00408058 0.000539241 -0.00433433 -0.0095233 0.000313175 0.0104385 0.00490453
internal_weight=99130 69835 29295 29479 40356 19382 14206 7062 20889 9913 8527 2942 23092 5585 1881 7144 4839 3204 2956 5176 17933 2213 20879 6994 3945 1670 9288 13885 1386 833
internal_count=99130 69835 29295 29479 40356 19382 14206 7062 20889 9913 8527 2942 23092 5585 1881 7144 4839 3204 2956 5176 17933 2213 20879 6994 3945 1670 9288 13885 1386 833
is_linear=0
shrinkage=0.03


Tree=49
num_leaves=31
num_cat=0
split_feature=21 21 21 21 28 25 26 12 2 28 10 16 12 8 29 16 28 2 26 14 29 2 25 26 8 2 24 16 25 24
split_gain=5971.39 1975.49 864.979 412.849 196.402 178.465 164.907 163.542 132.917 118.098 101.997 99.0518 125.592 93.1329 96.7986 92.5645 86.2453 85.7922 97.6835 82.7681 78.8174 81.0466 77.4875 99.0906 92.3202 82.2495 81.7923 68.6062 65.4705 61.7342
threshold=8.4112500000000026 4.4854166666666684 10.905000000000003 2.692083333333334 949.95000000000016 1.2530780699489419 0.84335933205092517 4.955000000000001 1.2114806578881525 950.25000000000011 8.5000000000000018 10.445000000000002 9.2050000000000018 11.500000000000002 14.500000000000002 5.9850000000000012 953.55000000000007 1.1294727314644866 1.0000000180025095e-35 0.88081401744825494 59.500000000000007 1.1443393633847083 2.1710878131156774 0.79332313182700753 11.500000000000002 1.206613496409928 10.050000000000002 2.5250000000000004 1.0986732089420879 3.0500000000000003
decision_type=2 2 2 2 2 2 2 10 2 2 2 8 8 2 2 8 2 2 2 2 2 2 2 2 2 2 2 8 2 2
left_child=1 3 5 16 10 6 -2 13 27 -8 -4 -6 -13 17 -15 -9 20 18 -3 -10 -1 -22 23 26 -25 -24 -7 -5 -17 -30
right_child=2 7 4 8 11 22 9 15 19 -11 -12 12 -14 14 -16 28 -18 -19 -20 -21 21 -23 25 24 -26 -27 -28 -29 29 -31
leaf_value=-0.0014559827014983908 0.0024495378046030781 -0.0012617182148950436 0.0037160539404446379 -0.0015753921571940734 0.0034176946620920624 0.0042783289116532282 0.0038837947823867555 -0.00047548143313221102 -0.0015303012596944554 0.0055963940138779545 0.0055821680376453228 0.0050802790296166486 0.0051631779768675475 -0.0034083484284686675 6.8668968940918115e-05 0.0033866951499740071 -0.0015054468801302613 -0.0016664712809272121 0.0025990745578563373 -0.0011026869946444888 0.00029687105174713992 -0.0015182827212560127 0.0027667297594941354 0.0034557096107317472 0.0061036590468303495 -0.0014975765007352181 0.00067264506884534558 -0.0011658282245449463 -0.0019581542255466527 0.0007473707491244835
leaf_weight=3233 1185 1093 1433 4710 543 2187 384 6670 2358 1425 525 1438 5992 260 7552 1127 5748 6473 942 945 700 570 2196 3249 1904 1109 2935 13351 640 16442
leaf_count=3233 1185 1093 1433 4710 543 2187 384 6670 2358 1425 525 1438 5992 260 7552 1127 5748 6473 942 945 700 570 2196 3249 1904 1109 2935 13351 640 16442
internal_value=-0.000214752 -0.00465291 0.0119762 -0.0102932 0.0189764 0.00777731 0.0144048 -0.000323998 -0.0079152 0.0200937 0.0104228 0.0210692 0.0219744 -0.00265727 -0.000291672 0.0012068 -0.0152428 -0.00482791 0.000544118 -0.0134492 -0.0121051 -0.00574118 0.00631137 0.0075963 0.0105332 0.00231118 0.00463429 -0.0068997 0.00231415 0.00185053
internal_weight=99319 72814 26505 31615 9931 16574 2994 41199 21364 1809 1958 7973 7430 16320 7812 24879 10251 8508 2035 3303 4503 1270 13580 10275 5153 3305 5122 18061 18209 17082
internal_count=99319 72814 26505 31615 9931 16574 2994 41199 21364 1809 1958 7973 7430 16320 7812 24879 10251 8508 2035 3303 4503 1270 13580 10275 5153 3305 5122 18061 18209 17082
is_linear=0
shrinkage=0.03


Tree=50
num_leaves=31
num_cat=0
split_feature=21 21 21 21 28 25 28 12 10 10 27 12 28 8 10 29 25 20 2 14 27 29 17 5 12 12 2 8 10 8
split_gain=5607.62 1847.04 864.44 403.624 200.799 177.333 170.092 153.344 133.805 119.875 105.199 101.957 91.4885 91.3537 123.058 107.564 103.576 80.0436 91.9762 79.9167 74.5487 69.3984 66.769 65.197 62.7735 62.6631 85.0145 65.3368 94.1675 80.217
threshold=8.4112500000000026 4.5213888888888905 10.905000000000003 2.692083333333334 949.95000000000016 1.2530780699489419 950.1500000000002 5.3550000000000013 2.5000000000000004 8.5000000000000018 1.0000000180025095e-35 9.2550000000000008 953.55000000000007 11.500000000000002 2.5000000000000004 43.500000000000007 1.3091366372037976 3.3850498518614924 1.1294727314644866 1.1646601793370268 0.087155742747658027 66.500000000000014 13.345000000000001 0.9745084109615082 2.4050000000000007 7.6150000000000011 1.1233280307671214 14.500000000000002 2.5000000000000004 4.5000000000000009
decision_type=2 2 2 2 2 2 2 8 2 2 2 8 2 2 2 2 2 2 2 2 2 2 2 2 10 10 2 2 2 2
left_child=1 3 5 12 9 6 -2 13 19 23 -8 -6 21 14 20 -15 -17 -16 -19 -5 -3 -1 -13 -4 -23 27 -27 28 29 -7
right_child=2 7 4 8 11 25 10 -9 -10 -11 -12 22 -14 15 17 16 -18 18 -20 -21 -22 24 -24 -25 -26 26 -28 -29 -30 -31
leaf_value=-0.0014150840498916926 0.0017806989031854507 -0.0010193093826046436 0.00091329726357146758 -0.0014823949377377199 0.0049220415240479407 0.00266800969898016 0.0040305795459114465 0.00049634332216675042 -0.0012343418008059382 0.005414702996515963 0.0053745043316197338 0.0047582828759801018 -0.0014602834737263534 -0.00087872868411661726 -0.0010710159782456486 0.0020543324553249729 6.1728998790858968e-05 0.0045462736007683951 -0.00056789663624042918 -0.00043244559099038792 -0.0027401958309026435 -0.0013682035903422943 0.0050082826375615229 0.0057777644524729032 0.0018285518390215539 0.00070737823111555632 0.0041783032089144486 0.0040758441371174991 0.0025124821249461592 -0.0050981972611459153
leaf_weight=3671 945 887 967 2538 1494 436 439 21408 18624 512 1570 2368 5704 3735 6582 1339 4272 461 1089 419 1060 599 4020 449 200 1527 6408 1848 2671 664
leaf_count=3671 945 887 967 2538 1494 436 439 21408 18624 512 1570 2368 5704 3735 6582 1339 4272 461 1089 419 1060 599 4020 449 200 1527 6408 1848 2671 664
internal_value=-0.000171063 -0.00447233 0.0116909 -0.0098983 0.0187427 0.00749591 0.0141534 -0.000251971 -0.00757296 0.0100259 0.0190814 0.0208672 -0.0148246 -0.00218168 -0.00416204 -4.4915e-05 0.00258013 -0.00253656 0.00358842 -0.013501 -0.0109273 -0.0115844 0.0225246 0.00548909 -0.00354478 0.00604027 0.00775693 0.00361131 0.00134269 -0.00602715
internal_weight=98906 72588 26318 31755 9810 16508 2954 40833 21581 1928 2009 7882 10174 19425 10079 9346 5611 8132 1550 2957 1947 4470 6388 1416 799 13554 7935 5619 3771 1100
internal_count=98906 72588 26318 31755 9810 16508 2954 40833 21581 1928 2009 7882 10174 19425 10079 9346 5611 8132 1550 2957 1947 4470 6388 1416 799 13554 7935 5619 3771 1100
is_linear=0
shrinkage=0.03


Tree=51
num_leaves=31
num_cat=0
split_feature=21 21 21 21 25 28 21 28 28 5 10 16 16 10 29 10 25 1 28 11 16 16 28 29 25 29 28 5 29 25
split_gain=5557.66 1728.79 812.609 404.369 181.132 175.444 155.557 134.236 123.722 118.139 101.117 98.2338 96.1685 90.2884 115.894 87.1418 79.8898 79.9036 79.7822 75.7588 78.7669 75.5133 83.5878 74.6149 85.2041 76.8715 74.2781 71.2212 69.5557 65.4694
threshold=8.4112500000000026 4.4854166666666684 10.905000000000003 3.0937500000000004 1.2530780699489419 949.95000000000016 6.2995833333333353 950.1500000000002 953.55000000000007 0.72920471392921349 8.5000000000000018 9.7750000000000004 10.445000000000002 1.5000000000000002 54.500000000000007 1.5000000000000002 2.1115620163972215 0.65000000000000002 959.55000000000007 7.7750000000000012 7.035000000000001 10.005000000000001 965.95000000000016 90.500000000000014 1.5248194357530249 39.500000000000007 946.6500000000002 0.042651565257191069 77.500000000000014 1.7390952011838492
decision_type=2 2 2 2 2 2 2 2 2 2 2 10 8 2 2 2 2 2 2 8 10 8 2 2 2 2 2 2 2 2
left_child=1 3 4 8 7 10 23 -2 28 18 -4 -9 -11 14 -8 -5 21 -18 -7 -15 -21 29 -23 24 25 -3 -19 -10 -1 -6
right_child=2 6 5 15 16 9 13 11 27 12 -12 -13 -14 19 -16 -17 17 26 -20 20 -22 22 -24 -25 -26 -27 -28 -29 -30 -31
leaf_value=-0.0013438312440197191 0.0023334201076463407 -0.00067896211662006004 0.0038575605702197147 -0.0014379230896055884 0.00049805481872602193 0.0028807869680233331 -0.0043025756359145123 0.0041647450117924924 -0.0014164749695145628 0.0032062058849449226 0.0052522619066204855 0.0052238944667945958 0.0048580341584346784 0.0012639809285447756 -0.0003245843790714596 -0.0011468997364999054 -0.0012648631241344869 -0.0031579140531714442 0.005128643487766653 -0.0022924412794634668 0.00094537736143616318 0.0040142594324095691 0.0064283333008844463 0.0036250368358194951 -0.0010398814245596937 0.00061380824983464307 0.0032467465302761689 -0.0014457196688185459 0.0006154636723330625 0.005628187678845091
leaf_weight=6612 962 3700 1415 1314 2374 671 256 650 5816 489 527 1366 6542 14869 1795 15311 1400 367 265 1836 2414 5240 384 250 11895 4291 2329 2133 339 1474
leaf_count=6612 962 3700 1415 1314 2374 671 256 650 5816 489 527 1366 6542 14869 1795 15311 1400 367 265 1836 2414 5240 384 250 11895 4291 2329 2133 339 1474
internal_value=-0.000119044 -0.00439686 0.0116565 -0.00968696 0.00758383 0.0184497 -0.000358742 0.0142809 -0.0132761 0.0204227 0.0103236 0.0186739 0.0217581 0.0014366 -0.00453794 -0.00646723 0.00610919 0.00260424 0.0103294 0.00207854 -0.00145241 0.00762267 0.00983834 -0.00224616 -0.00245237 -5.62781e-05 0.00562014 -0.0158373 -0.0103378 0.00437581
internal_weight=99286 72831 26455 31525 16546 9909 41306 2978 14900 7967 1942 2016 7031 21170 2051 16625 13568 4096 936 19119 4250 9472 5624 20136 19886 7991 2696 7949 6951 3848
internal_count=99286 72831 26455 31525 16546 9909 41306 2978 14900 7967 1942 2016 7031 21170 2051 16625 13568 4096 936 19119 4250 9472 5624 20136 19886 7991 2696 7949 6951 3848
is_linear=0
shrinkage=0.03


Tree=52
num_leaves=31
num_cat=0
split_feature=21 21 21 21 28 21 28 26 23 10 28 5 5 10 1 29 1 29 10 29 28 28 9 26 19 11 15 26 23 23
split_gain=5434.59 1563.12 951.986 377.531 167.27 124.398 123.324 155.889 309.311 137.845 120.382 106.366 104.064 99.4018 90.2004 87.9244 97.0518 84.6402 82.953 90.7424 76.4462 73.6549 71.0451 65.6904 70.8189 64.3605 64.0834 62.8711 61.9469 61.4728
threshold=8.1158333333333363 4.5213888888888905 10.905000000000003 3.0937500000000004 949.95000000000016 6.118333333333335 948.95000000000016 0.93038214053199464 5.035000000000001 8.5000000000000018 952.6500000000002 0.72920471392921349 0.039755052635204194 8.5000000000000018 -0.94999999999999984 59.500000000000007 15.65 71.500000000000014 1.5000000000000002 53.500000000000007 959.55000000000007 951.55000000000007 1.0000000180025095e-35 -0.90992662233962551 12.771250000000002 4.6950000000000012 0.36000000000000082 0.94828754594723541 3.0450000000000004 2.7850000000000006
decision_type=2 2 2 2 2 2 2 2 2 2 2 2 2 2 2 2 2 2 2 2 2 2 2 2 2 10 10 2 2 2
left_child=1 3 6 10 13 -3 27 9 -9 22 15 20 -12 -4 29 -1 -17 -11 19 -7 -6 -10 -8 24 -13 -21 -16 -2 -24 -5
right_child=2 5 4 14 11 18 7 8 21 17 12 23 -14 -15 26 16 -18 -19 -20 25 -22 -23 28 -25 -26 -27 -28 -29 -30 -31
leaf_value=-0.001298889293185095 0.0016526868835799091 -0.00060207570188686773 0.0034709124450116313 -0.0013937980521559353 0.0031433743160454728 -0.0038888477034952937 -0.0026048793272278482 0.0039196013306707217 0.0037022613538456595 0.0046503768346244255 -0.001373980720429126 0.0040789288876305375 -0.0013806039801128299 0.0050946940494218697 -0.0013013398038639874 -0.0014412401216123481 0.00042276625368121393 0.0013738002966641638 0.00058217759191116604 -0.0018786319089431388 0.0049710083566465333 0.0051680536610103252 -0.0024153348153434862 0.0047122931336816389 0.0047122931336816389 0.00016064956787185836 -0.00056310074876044685 -0.0019302325555399891 0.0021599199370347512 0.00011092605153608381
leaf_weight=4786 2664 17825 1452 2149 665 201 683 5960 284 2495 5984 1944 2635 536 9740 660 964 1386 18386 494 273 1699 331 2997 2025 1252 4756 829 3043 277
leaf_count=4786 2664 17825 1452 2149 665 201 683 5960 284 2495 5984 1944 2635 536 9740 660 964 1386 18386 494 273 1699 331 2997 2025 1252 4756 829 3043 277
internal_value=-0.000192292 -0.00472502 0.0106652 -0.00961979 0.0182358 -0.000625737 0.00679602 0.00791829 0.0108895 0.0049402 -0.0130804 0.0201947 -0.0154 0.0104165 -0.00654339 -0.00995168 -0.00390424 0.00897838 0.000977972 -0.00490266 0.0106257 0.0211419 0.0010709 0.0214747 0.0188802 -0.00267276 -0.00564375 0.00168954 0.00285883 -0.0118963
internal_weight=99375 70109 29266 31951 9892 38158 19374 15881 7943 7938 15029 7904 8619 1988 16922 6410 1624 3881 20333 1947 938 1983 4057 6966 3969 1746 14496 3493 3374 2426
internal_count=99375 70109 29266 31951 9892 38158 19374 15881 7943 7938 15029 7904 8619 1988 16922 6410 1624 3881 20333 1947 938 1983 4057 6966 3969 1746 14496 3493 3374 2426
is_linear=0
shrinkage=0.03


Tree=53
num_leaves=31
num_cat=0
split_feature=22 22 22 16 16 23 16 5 28 28 27 1 29 10 1 10 25 23 16 29 16 13 8 27 8 29 1 27 28 8
split_gain=5129.09 1178.11 1172.01 249.394 223.259 295.937 204.335 225.552 172.961 160.702 122.16 117.792 114.879 117.247 114.401 102.834 99.4185 93.8017 93.5474 90.3985 86.514 88.4112 80.4544 75.3886 72.3523 80.9472 66.4331 65.38 75.4371 72.1008
threshold=0.55661393614252208 0.084686183107379007 0.92070836945827061 4.6150000000000011 9.9050000000000029 4.4050000000000011 3.6750000000000003 0.038018946534443106 950.35000000000002 951.55000000000007 -0.069756473744125441 19.050000000000004 91.500000000000014 1.5000000000000002 -1.7499999999999998 8.5000000000000018 2.7953463203463209 5.6350000000000007 9.9550000000000018 60.500000000000007 10.655000000000003 8.985000000000003 8.5000000000000018 0.32556815445715659 10.500000000000002 53.500000000000007 0.25000000000000006 0.13052122218260662 965.55000000000007 13.500000000000002
decision_type=2 2 2 8 8 2 10 2 2 2 2 2 2 2 2 2 2 2 10 2 8 2 2 2 2 2 2 2 2 2
left_child=1 6 4 14 16 27 7 11 15 -7 18 -1 13 24 -3 -4 26 -12 -11 -13 -10 23 -15 -22 -5 -26 -2 28 -6 -29
right_child=2 3 8 12 5 9 -8 -9 20 10 17 19 -14 22 -16 -17 -18 -19 -20 -21 21 -23 -24 -25 25 -27 -28 29 -30 -31
leaf_value=-0.0013327612988162524 -0.00051183713785569128 -0.0013817074419669602 0.003226443315713633 -0.0018660538518308913 0.003084894329498474 0.0023066619800826394 -0.0010715775623081013 -0.0012366197378296834 0.0029463857982001051 -0.0043080490343327229 0.0049311021062205069 -0.0012653081156388775 0.0039553702095479967 -0.00071107527100343348 -0.0011424774753074263 0.004941853227939213 -0.0026455009939875371 0.0048865207499994767 0.0045254689697446591 0.00042849908894255785 0.004733507635819415 0.0045709243396711901 0.00017667284607303905 0.0019336531223248315 -0.002942197395275434 3.3786334634781363e-05 0.0021518547995873377 -0.00059069511099771484 0.0076696209314733796 0.0034443901961015416
leaf_weight=5987 2132 1243 1231 1173 4242 2001 5861 7502 425 209 1432 2066 326 10564 9219 469 372 1812 1341 341 443 5498 17703 364 227 1273 10163 2218 201 1015
leaf_count=5987 2132 1243 1231 1173 4242 2001 5861 7502 425 209 1432 2066 326 10564 9219 469 372 1812 1341 341 443 5498 17703 364 227 1273 10163 2218 201 1015
internal_value=-8.75245e-05 -0.0051972 0.00903213 -0.0022457 0.00599492 0.00854034 -0.0108561 -0.0126218 0.0188002 0.0130985 0.0160783 -0.0160019 -0.000903713 -0.00109161 -0.00625394 0.0102053 0.00308475 0.0193906 0.00910611 -0.0103607 0.0209621 0.0218463 -0.000523132 0.0124507 -0.00709111 -0.00271096 0.00354878 0.00449941 0.00685926 0.00125077
internal_weight=99053 63485 35568 41728 27138 14471 21757 15896 8430 6795 4794 8394 31266 30940 10462 1700 12667 3244 1550 2407 6730 6305 28267 807 2673 1500 12295 7676 4443 3233
internal_count=99053 63485 35568 41728 27138 14471 21757 15896 8430 6795 4794 8394 31266 30940 10462 1700 12667 3244 1550 2407 6730 6305 28267 807 2673 1500 12295 7676 4443 3233
is_linear=0
shrinkage=0.03


Tree=54
num_leaves=31
num_cat=0
split_feature=22 19 19 22 16 12 8 16 28 25 28 25 26 2 25 12 1 28 25 28 16 15 26 8 1 8 12 25 19 12
split_gain=4955.92 1194.88 1154.37 309.145 226.351 217.468 185.102 184.085 171.638 136.872 131.134 122.904 139.727 103.127 105.355 99.3234 90.3502 90.2127 84.6515 81.4265 75.1639 71.5592 70.8593 68.3926 69.9654 66.7257 66.8923 65.9478 64.5058 62.4933
threshold=0.55661393614252208 10.133750000000003 3.6412500000000008 0.9462517963145084 5.9850000000000012 3.5450000000000004 9.5000000000000018 3.6750000000000003 950.55000000000007 1.4054317475370108 952.55000000000007 1.2201127761944166 0.87032255546191739 1.1467225763640514 1.3520929202687875 5.4250000000000007 -1.6499999999999997 951.05000000000007 2.7172322375397671 960.45000000000016 12.365 -1.1299999999999994 -0.91702515554752051 2.5000000000000004 23.450000000000003 16.500000000000004 7.3050000000000006 2.4516053483222624 8.9958333333333353 2.2750000000000004
decision_type=2 2 2 2 8 10 2 10 2 2 2 2 2 2 2 8 2 2 2 2 10 10 2 2 2 2 10 2 2 10
left_child=2 11 5 8 6 7 16 10 20 22 -1 12 -2 14 -5 27 -4 -14 21 -17 -3 -13 -10 24 -18 26 -11 -6 -19 -12
right_child=1 3 4 13 15 -7 -8 -9 9 25 29 18 17 -15 -16 19 23 28 -20 -21 -22 -23 -24 -25 -26 -27 -28 -29 -30 -31
leaf_value=-0.0012096477207176695 0.00072085383722216283 0.0026754334256846777 -0.0014691612552570547 0.0045675738840597396 -0.00020262547595221718 -0.00089911346602752332 -0.00047253426103572346 -0.0010935573273174932 0.0038303184446466447 -0.0032048542342970688 -0.0012927784598517648 -0.0011108767591957074 0.0030180435791471632 0.0044337966094810544 0.0037421258773554867 0.00044222536799303505 0.00027579332555390098 0.0063685261822593354 -0.0015090541361437639 0.0031967008438511138 -0.0028187086881292932 0.002137758135104481 0.0045782903603372206 -0.0018137821412822002 -0.0023245932538168506 0.0044602975297100278 0.003769324280181422 -0.0018555395481365722 0.0048529030945100088 -0.0012760042636169049
leaf_weight=5494 1323 1682 1277 482 12022 3977 11232 4961 784 329 5286 1415 642 4281 987 7392 1550 823 655 1289 441 15831 1054 4027 548 1491 2711 2122 606 2386
leaf_count=5494 1323 1682 1277 482 12022 3977 11232 4961 784 329 5286 1415 642 4281 987 7392 1550 823 655 1289 441 15831 1054 4027 548 1491 2711 2122 606 2386
internal_value=-6.41744e-05 0.00890749 -0.00508039 0.0156328 -0.00212787 -0.0106165 -0.00458072 -0.0120103 0.0119831 0.0144446 -0.0138668 0.00440704 0.00963813 0.0210078 0.0140638 -0.000124836 -0.00826245 0.0144942 0.00341282 0.00240041 0.00458177 0.00381543 0.0213565 -0.00673899 -0.00233951 0.0116204 0.00904433 -0.00167503 0.018682 -0.0164048
internal_weight=99100 35537 63563 14242 41459 22104 18634 18127 8492 6369 13166 21295 3394 5750 1469 22825 7402 2071 17901 8681 2123 17246 1838 6125 2098 4531 3040 14144 1429 7672
internal_count=99100 35537 63563 14242 41459 22104 18634 18127 8492 6369 13166 21295 3394 5750 1469 22825 7402 2071 17901 8681 2123 17246 1838 6125 2098 4531 3040 14144 1429 7672
is_linear=0
shrinkage=0.03


Tree=55
num_leaves=31
num_cat=0
split_feature=21 21 21 21 28 12 1 12 16 28 26 24 10 10 8 2 29 16 16 29 9 16 12 28 8 15 28 8 29 20
split_gain=5042.28 1496.07 844.339 367.146 172.69 153.089 152.622 120.216 125.624 111.108 146.136 341.518 120.604 101.76 93.1359 88.2206 94.4465 84.7071 82.5766 85.416 82.3608 83.0079 83.4836 79.4488 68.393 70.2474 67.8974 66.4592 95.2734 93.1121
threshold=8.4112500000000026 4.5213888888888905 10.905000000000003 2.5445833333333341 950.75000000000011 4.955000000000001 -0.94999999999999984 9.2050000000000018 10.855000000000002 948.95000000000016 0.91702515554752073 9.1500000000000004 8.5000000000000018 8.5000000000000018 15.500000000000002 1.2079370213572984 14.500000000000002 5.9850000000000012 3.6750000000000003 86.500000000000014 1.0000000180025095e-35 7.6050000000000013 6.6250000000000009 952.6500000000002 17.500000000000004 0.36000000000000082 966.35000000000002 11.500000000000002 43.500000000000007 3.3850498518614924
decision_type=2 2 2 2 2 8 2 8 8 2 2 2 2 2 2 2 2 8 10 2 2 10 10 2 2 10 2 2 2 2
left_child=1 3 9 23 13 15 -5 -6 -9 -2 12 26 20 14 -4 16 -3 -7 24 -20 -11 -22 -23 -1 25 -8 -12 29 -29 -18
right_child=2 5 4 6 7 17 18 8 -10 10 11 -13 -14 -15 -16 -17 27 -19 19 -21 21 22 -24 -25 -26 -27 -28 28 -30 -31
leaf_value=-0.0011775679124343943 0.00068689886937717823 -0.0032435549399158232 0.0049074414254224536 -0.0012718279948029775 0.0042490766595933444 -0.00049684423007927798 -0.0013421650216383038 0.0028167781987629759 0.0043007827111966219 -0.0026554213354517669 0.0031681067086808856 0.0046346647262654941 0.0038010651108855657 0.0046317744666626364 -0.00069892531038597764 -0.0014666698482344611 -0.001221146640344705 0.00075503895672008486 -0.00093863053546458118 0.0018886555829190641 -0.0049040155567899452 -0.0053377231096769012 0.0030539450959948611 -0.0012539951060562119 -0.00059426577570137452 -0.00093412014381830675 0.0061020479277219663 -0.00068859347627839187 0.0014658004695397579 0.0016344983251023151
leaf_weight=3428 2865 264 891 3349 1403 6521 5342 676 5586 609 5128 1785 3134 670 742 4080 4659 18157 9831 338 366 285 2087 5151 2048 2370 310 2697 3116 1205
leaf_count=3428 2865 264 891 3349 1403 6521 5342 676 5586 609 5128 1785 3134 670 742 4080 4659 18157 9831 338 366 285 2087 5151 2048 2370 310 2697 3116 1205
internal_value=-0.000122 -0.00421466 0.0110666 -0.00908323 0.0179645 -0.000403154 -0.00712537 0.0201317 0.0219148 0.00691263 0.0080356 0.0109698 0.00475948 0.0107236 0.00664835 -0.00268626 -0.00138373 0.00107929 -0.00612672 -0.00423137 0.000796539 0.00301859 0.00507362 -0.0143884 -0.00809831 -0.00939225 0.00722028 -0.000978428 0.00129426 -0.00323053
internal_weight=99093 72556 26537 31857 9968 40699 23278 7665 6262 16569 13704 7223 6481 2303 1633 16021 11941 24678 19929 10169 3347 2738 2372 8579 9760 7712 5438 11677 5813 5864
internal_count=99093 72556 26537 31857 9968 40699 23278 7665 6262 16569 13704 7223 6481 2303 1633 16021 11941 24678 19929 10169 3347 2738 2372 8579 9760 7712 5438 11677 5813 5864
is_linear=0
shrinkage=0.03


Tree=56
num_leaves=31
num_cat=0
split_feature=22 22 22 12 16 23 12 16 26 28 2 28 16 20 16 12 28 16 9 28 23 8 10 28 10 2 16 28 25 22
split_gain=4756.43 1289.95 937.245 297.225 221.429 290.352 212.833 175.971 170.151 145.89 139.868 117.167 97.3834 96.9307 95.9268 108.374 90.234 84.245 81.5143 130.917 81.137 78.1088 76.1117 75.7619 74.4278 74.3793 71.2122 65.3372 62.3419 61.4516
threshold=0.63840570569827226 0.084686183107379007 0.92442507850039191 4.9150000000000009 9.9050000000000029 4.4050000000000011 2.3150000000000004 3.6750000000000003 0.81408451933196979 949.95000000000016 1.2141520597395583 951.55000000000007 4.6150000000000011 2.8578838324886484 11.215000000000002 9.2550000000000008 952.55000000000007 7.0850000000000009 1.5000000000000002 959.25000000000011 5.5450000000000008 11.500000000000002 8.5000000000000018 945.85000000000002 8.5000000000000018 1.1483169074667088 1.7050000000000003 966.1500000000002 1.0824557513948936 0.85124506490645724
decision_type=2 2 2 8 8 2 10 10 2 2 2 2 8 2 8 8 2 8 2 2 2 2 2 2 2 2 10 2 2 2
left_child=1 6 4 10 -2 23 7 16 22 24 13 -10 -5 21 -11 -16 -1 -12 -19 -20 -13 -3 -7 -6 -4 -23 -8 -25 -14 -24
right_child=2 3 9 12 5 8 26 -9 11 14 17 20 28 -15 15 -17 -18 18 19 -21 -22 25 29 27 -26 -27 -28 -29 -30 -31
leaf_value=-0.0011584826493502777 0.0014288734863808017 -0.0012999436164059549 0.0035616487242562411 -0.0010017718679570032 -0.0029972906888185288 0.00177515901750249 -0.0012231597562380567 -0.0011103598696894502 0.0032752878689986209 0.0030186455548862944 -0.0013299060227693798 0.0045630940898176275 0.0023304001321395097 0.00017918837127023455 0.0041216043598055431 0.0041717592298607239 -0.0012163752528745256 -0.00203219245303195 -0.0023005189359744322 0.0020327289374808327 0.0044888376620068971 -0.00082486138288055287 0.00075764655934666355 0.0023942920389444598 0.0045216304988167279 0.00047834086115234513 -0.00090010428923223396 0.0069255596139089926 0.00040993233170532218 0.0041332225281684029
leaf_weight=3507 7979 6960 1097 4153 203 1858 3163 3125 723 723 2598 1190 1022 5040 938 4857 5348 700 495 918 1731 4509 262 6301 383 2933 6572 232 18642 985
leaf_count=3507 7979 6960 1097 4153 203 1858 3163 3125 723 723 2598 1190 1022 5040 938 4857 5348 700 495 918 1731 4509 262 6301 383 2933 6572 232 18642 985
internal_value=-4.99234e-05 -0.00432243 0.0100546 -0.00157582 0.0067856 0.00912898 -0.0103881 -0.0130663 0.0135253 0.0188179 -0.00392044 0.0179227 0.0008022 -0.00279529 0.0207512 0.0220397 -0.0152269 -0.00855598 -0.00409348 6.34697e-05 0.0205981 -0.00404803 0.00834405 0.0047174 0.0102626 -0.00190949 -0.00708727 0.00528143 0.00168387 0.0140655
internal_weight=99147 69685 29462 47970 21464 13485 21715 11980 6749 7998 24153 3644 23817 19442 6518 5795 8855 4711 2113 1413 2921 14402 3105 6736 1480 7442 9735 6533 19664 1247
internal_count=99147 69685 29462 47970 21464 13485 21715 11980 6749 7998 24153 3644 23817 19442 6518 5795 8855 4711 2113 1413 2921 14402 3105 6736 1480 7442 9735 6533 19664 1247
is_linear=0
shrinkage=0.03


Tree=57
num_leaves=31
num_cat=0
split_feature=22 19 22 16 5 25 26 12 19 1 25 1 17 1 23 1 1 29 8 8 29 16 29 29 1 17 11 16 23 25
split_gain=4622.26 1361.97 832.387 293.351 270.721 233.715 178.732 154.003 147.987 141.478 110.774 103.686 103.043 98.4786 95.9087 86.7404 86.3402 129.766 81.5231 70.8247 68.7232 67.1099 65.9284 65.1684 64.71 62.7438 61.8564 60.5543 68.6273 60.2871
threshold=0.6765746136262375 4.5187500000000016 0.93350905793539651 3.6750000000000003 0.038018946534443106 1.2530780699489419 0.94828754594723541 4.955000000000001 10.133750000000003 15.050000000000002 1.392024377318495 19.050000000000004 5.9850000000000012 -2.4499999999999997 3.9150000000000005 20.950000000000003 -1.0000000180025095e-35 55.500000000000007 17.500000000000004 12.500000000000002 88.500000000000014 9.6850000000000005 57.500000000000007 60.500000000000007 6.0500000000000007 9.6350000000000033 2.9950000000000006 11.425000000000002 5.0750000000000011 1.8751731301939061
decision_type=2 2 2 10 2 2 2 8 2 2 2 2 2 2 2 2 2 2 2 2 2 10 2 2 2 2 10 8 2 2
left_child=1 3 5 4 11 6 21 16 -7 27 -11 -1 -9 -5 -10 -16 -3 24 -6 -14 -15 -2 -12 -13 -18 -19 -26 -4 -29 -20
right_child=2 7 9 13 18 8 -8 12 14 10 22 23 19 20 15 -17 17 25 29 -21 -22 -23 -24 -25 26 -27 -28 28 -30 -31
leaf_value=-0.0011798839952882898 0.00064758797976935845 -0.0014157670283908986 0.003466836544544567 -0.0012554286954692658 -0.0011947163276882682 0.0020510359097394657 0.0043158825932918116 -0.00045152712803419589 0.00077377600714328531 0.00417637040930623 0.0034071192123520176 -0.0010773088971163501 0.00013338246170445711 -0.00089077066887648256 0.003814676819948674 0.00083864912519961978 -0.0025898921277438354 0.00013303783726112379 0.00027342923594125585 0.0014333494096587117 0.0013837969295164845 0.0040056101870186859 -0.0039542994889991646 0.00038661170811860431 0.00096039786613098777 0.0038382103316681026 -0.001139636968559273 0.0040466064529649038 0.0040466064529649038 -0.0011448413913625187
leaf_weight=6357 710 3850 407 933 8787 10044 1372 7955 993 611 726 2136 8225 11155 4630 905 599 4246 1327 8347 302 1212 347 352 999 1122 5125 537 3880 822
leaf_count=6357 710 3850 407 933 8787 10044 1372 7955 993 611 726 2136 8225 11155 4630 905 599 4246 1327 8347 302 1212 347 352 999 1122 5125 537 3880 822
internal_value=-0.000120281 -0.00402607 0.0106357 -0.00863283 -0.0109001 0.0075819 0.0148772 -0.000363205 0.00612777 0.0199447 0.0123979 -0.0148034 0.00112873 -0.00501008 0.00964335 0.0111823 -0.00265835 -0.00141121 -0.00773787 0.00247572 -0.00424272 0.00893617 0.00653989 -0.00957882 -0.00418698 0.00206588 -0.00325991 0.0225637 0.0235889 -0.00249304
internal_weight=99013 72639 26374 32171 19781 19866 3294 40468 16572 6508 1684 8845 24527 12390 6528 5535 15941 12091 10936 16572 11457 1922 1073 2488 6723 5368 6124 4824 4417 2149
internal_count=99013 72639 26374 32171 19781 19866 3294 40468 16572 6508 1684 8845 24527 12390 6528 5535 15941 12091 10936 16572 11457 1922 1073 2488 6723 5368 6124 4824 4417 2149
is_linear=0
shrinkage=0.03


Tree=58
num_leaves=31
num_cat=0
split_feature=21 21 21 21 28 25 26 28 2 21 16 12 10 16 8 24 28 2 29 17 25 26 25 28 2 2 29 28 28 16
split_gain=4537.81 1359.07 893.428 344.423 193.959 166.942 185.946 151.536 141.594 131.361 104.78 131.097 103.975 93.4518 86.3877 84.2982 81.7284 77.2391 83.5876 75.9187 75.7369 101.407 89.7852 88.2687 96.7153 74.4451 71.5943 68.4796 64.8502 129.199
threshold=8.4112500000000026 4.5213888888888905 10.905000000000003 2.5445833333333341 950.85000000000002 1.2530780699489419 0.92384435400961407 950.1500000000002 1.2114806578881525 5.8637500000000005 10.445000000000002 9.2050000000000018 8.5000000000000018 3.7250000000000005 15.500000000000002 3.5500000000000003 952.6500000000002 1.1372487920369845 81.500000000000014 11.605000000000002 2.1337738082897317 0.79332313182700753 1.7165398278814028 965.95000000000016 1.211036566708058 1.206613496409928 86.500000000000014 946.6500000000002 958.1500000000002 6.995000000000001
decision_type=2 2 2 2 2 2 2 2 2 2 8 8 2 8 2 2 2 2 2 2 2 2 2 2 2 2 2 2 2 8
left_child=1 3 5 16 12 6 -2 -8 13 -3 -6 -12 14 -5 -4 17 -1 -11 -19 -13 21 22 -7 24 -23 27 -15 -22 -17 -30
right_child=2 9 4 8 10 20 7 -9 -10 15 11 19 -14 26 -16 28 -18 18 -20 -21 25 23 -24 -25 -26 -27 -28 -29 29 -31
leaf_value=-0.001060448620578375 0.0018410352813121255 -0.00060195073118919336 0.0044541345090957007 -0.001156846240061428 0.0023601896000082566 0.00017432616518951448 -1.8323254015882863e-05 0.0042824787546128819 -0.0011617853775140038 0.0025838705692439357 0.0038972689652549751 0.0034327087290605537 0.0042270162419423248 -0.00083169341800230258 -0.00071642855392657016 0.00014568163152526819 -0.0011444874754296412 -0.0024534503622982745 0.0019161950571333058 0.0039252082593759551 -0.0034523070043429222 0.0042502356539439335 0.004151242605450395 0.005959934244767269 0.00084364650993750561 -0.0016707418670066554 0.0019788966935770768 0.0026418254607299351 -0.0015298068842135883 0.0022221636408132858
leaf_weight=3473 1412 14955 898 9676 490 3212 278 1269 3665 408 1394 754 717 9659 756 16914 5217 1564 258 4976 346 2768 1869 378 1623 1300 296 2121 1288 5289
leaf_count=3473 1412 14955 898 9676 490 3212 278 1269 3665 408 1394 754 717 9659 756 16914 5217 1564 258 4976 346 2768 1869 378 1623 1300 296 2121 1288 5289
internal_value=-0.000109143 -0.00398806 0.010501 -0.0086143 0.0175886 0.00622761 0.0126822 0.0198518 -0.00671044 -0.000349549 0.0199239 0.0208472 0.0100631 -0.00569719 0.00589512 0.0009504 -0.0137113 -0.00461745 -0.0072578 0.0228596 0.00482088 0.00620396 0.0032501 0.00934437 0.00812784 0.00120095 -0.00365361 0.00425971 0.00147983 0.00400638
internal_weight=99223 72662 26561 31986 9985 16576 2959 1547 23296 40676 7614 7124 2371 19631 1654 25721 8690 2230 1822 5730 13617 9850 5081 4769 4391 3767 9955 2467 23491 6577
internal_count=99223 72662 26561 31986 9985 16576 2959 1547 23296 40676 7614 7124 2371 19631 1654 25721 8690 2230 1822 5730 13617 9850 5081 4769 4391 3767 9955 2467 23491 6577
is_linear=0
shrinkage=0.03


Tree=59
num_leaves=31
num_cat=0
split_feature=22 19 22 16 23 16 12 26 16 1 28 16 12 1 23 8 8 26 25 26 27 29 19 1 1 16 28 1 28 1
split_gain=4469.87 1187.24 941.27 238.605 387.514 232.57 206.009 196.138 163.602 144.844 133.031 109.792 107.337 90.5068 84.0734 78.0717 82.1606 80.2961 73.659 86.1834 72.451 72.1196 69.0169 68.786 67.5487 65.5281 62.7163 62.0023 61.3841 61.3769
threshold=0.63840570569827226 3.6412500000000008 0.9462517963145084 9.9050000000000029 4.4050000000000011 5.9850000000000012 2.3150000000000004 0.79332313182700753 3.6750000000000003 -1.7499999999999998 951.55000000000007 11.815000000000003 5.8450000000000006 19.750000000000004 5.4650000000000007 9.5000000000000018 2.5000000000000004 0.069756473744125427 2.2990322479942562 -0.13052122218260639 0.15643446504023081 33.500000000000007 9.8362500000000015 -0.54999999999999993 -1.1499999999999997 8.4550000000000018 965.75000000000011 -6.7499999999999991 946.75000000000011 15.050000000000002
decision_type=2 2 2 8 2 8 10 2 10 2 2 8 8 2 2 2 2 2 2 2 2 2 2 2 2 8 2 2 2 2
left_child=1 6 3 -2 20 9 8 22 13 -3 -9 -4 18 -1 -12 16 -11 -18 25 -20 26 28 -6 -23 -22 27 -5 -7 -8 -13
right_child=2 5 11 4 7 12 21 10 -10 15 14 29 -14 -15 -16 -17 17 -19 19 -21 24 23 -24 -25 -26 -27 -28 -29 -30 -31
leaf_value=-0.001110152851166752 0.0014107155073993238 -0.0012171574109733738 0.0035103873078298508 0.0030039904780200508 0.00080037341458470354 -0.0030375944342132446 -0.00079335329806346389 0.0029659287604880602 -0.00099886812961235316 -0.00035324079036343122 0.0038461076065377598 0.0038074520115946773 0.00090799311398386429 -0.0010060866742931805 0.003974428141727283 -0.00036553812721625223 -0.001871704890218674 -0.00037477836817960864 0.0016584167547483268 -0.0018317599818707189 -0.0019138660853096089 -0.001134773197655472 0.0031258117422562712 -0.00072492652252711585 0.0022320412897080099 0.00072828030792000925 0.0065076779597054843 -0.00034832987509785917 -0.0012150341729848144 0.0038870730933532032
leaf_weight=6363 8083 2013 915 4176 940 256 1096 834 3146 2134 1461 3854 10573 2500 2146 10662 2916 1164 654 3173 1317 1265 3132 6318 1431 5546 205 8339 1437 1044
leaf_count=6363 8083 2013 915 4176 940 256 1096 834 3146 2134 1461 3854 10573 2500 2146 10662 2916 1164 654 3173 1317 1265 3132 6318 1431 5546 205 8339 1437 1044
internal_value=-0.000105048 -0.00425719 0.00967133 0.0070177 0.00918003 -0.00157985 -0.00999503 0.0134996 -0.0126527 -0.00416164 0.017861 0.0204864 0.000129265 -0.0147395 0.0203571 -0.00325218 -0.00592378 -0.00841616 -0.00128192 -0.00497129 0.00401598 -0.00683529 0.00872701 -0.00536505 0.00019615 -0.000282059 0.00640903 -0.00192209 -0.0112175 0.0222721
internal_weight=99093 69555 29538 23725 15642 47430 22125 8513 12009 18889 4441 5813 28541 8863 3607 16876 6214 4080 17968 3827 7129 10116 4072 7583 2748 14141 4381 8595 2533 4898
internal_count=99093 69555 29538 23725 15642 47430 22125 8513 12009 18889 4441 5813 28541 8863 3607 16876 6214 4080 17968 3827 7129 10116 4072 7583 2748 14141 4381 8595 2533 4898
is_linear=0
shrinkage=0.03


Tree=60
num_leaves=31
num_cat=0
split_feature=21 21 21 21 25 28 28 28 10 12 10 5 16 16 16 12 16 1 8 14 25 1 28 17 24 18 16 12 10 16
split_gain=4380.73 1321.06 848.645 370.111 184.856 171.833 161.898 118.115 111.672 109.269 108.916 101.312 101.189 98.5051 95.3526 107.957 93.8798 93.3247 86.385 83.4775 70.9243 74.0213 72.8638 64.8365 60.5042 70.9245 65.4101 66.0241 88.7868 60.386
threshold=8.4112500000000026 3.1333333333333342 10.905000000000003 4.8276388888888908 1.2530780699489419 950.55000000000007 949.95000000000016 952.55000000000007 8.5000000000000018 4.6150000000000011 4.5000000000000009 0.042651565257191069 4.6150000000000011 9.7750000000000004 10.255000000000001 9.2050000000000018 3.7250000000000005 -1.1499999999999997 15.500000000000002 0.59685285735542304 2.1337738082897317 0.65000000000000002 960.35000000000002 12.905000000000003 2.9500000000000006 6.0150000000000006 5.9850000000000012 6.2550000000000008 7.5000000000000009 9.2650000000000023
decision_type=2 2 2 2 2 2 2 2 2 8 2 2 8 10 8 8 10 2 2 2 2 2 2 2 2 8 10 10 2 8
left_child=1 7 4 12 6 8 -2 -1 18 10 -5 16 17 -8 -7 -16 -9 19 -4 -3 22 -22 -6 -17 -11 -26 -27 -28 -29 -24
right_child=2 3 5 9 20 14 13 11 -10 24 -12 -13 -14 -15 15 23 -18 -19 -20 -21 21 -23 29 -25 25 26 27 28 -30 -31
leaf_value=-0.00098853644732520328 0.001317487290624969 -0.0010872205308155118 0.0044976220535456477 -0.0014065667951184788 0.0021569528036405683 0.002827844657188344 0.0037057484419273355 -0.0010768482656317493 0.0040235493426571669 -0.001922658929785431 -3.8146312802116441e-05 -0.0010858993624498763 -0.00060129365949103115 0.0040106590908328254 0.0036457818253114592 0.0034658272879595554 -0.00098518570869046609 -0.0010147059600242793 -0.00089668705937694267 -0.0008999459809762839 -0.0014909402916531173 0.0020741525755032515 0.00019941703481459627 0.0036932284512468361 0.00088032486846950338 -0.00093817018709920646 -0.00043844578529748099 0.0023186299584434661 -0.00027679958645161426 0.0048582636591731716
leaf_weight=6549 951 803 849 4095 7240 415 661 5315 631 782 6536 2443 9187 1393 1390 1613 1090 9372 716 692 1298 2466 472 4226 10176 4440 3609 4101 3354 2127
leaf_count=6549 951 803 849 4095 7240 415 661 5315 631 782 6536 2443 9187 1393 1390 1613 1090 9372 716 692 1298 2466 472 4226 10176 4440 3609 4101 3354 2127
internal_value=5.45471e-06 -0.00380515 0.0104563 -0.00170335 0.00631674 0.0174363 0.0130465 -0.011603 0.0100045 7.19715e-05 -0.00249624 -0.0138665 -0.00498629 0.0177756 0.0195633 0.0203663 -0.0158518 -0.00694536 0.00567516 -0.0139 0.00482584 0.00132131 0.00616518 0.0221612 0.00110402 0.00135488 7.73744e-05 0.00131177 0.00292359 0.0104724
internal_weight=98992 72544 26448 57147 16608 9840 3005 15397 2196 37093 10631 8848 20054 2054 7644 7229 6405 10867 1565 1495 13603 3764 9839 5839 26462 25680 15504 11064 7455 2599
internal_count=98992 72544 26448 57147 16608 9840 3005 15397 2196 37093 10631 8848 20054 2054 7644 7229 6405 10867 1565 1495 13603 3764 9839 5839 26462 25680 15504 11064 7455 2599
is_linear=0
shrinkage=0.03


Tree=61
num_leaves=31
num_cat=0
split_feature=21 21 21 12 28 16 2 28 8 16 10 28 23 8 10 13 12 16 5 8 29 16 16 29 28 29 2 10 29 2
split_gain=4293.78 1258.99 819.284 356.404 198.488 162.64 182.459 152.95 121.721 153.664 117.511 101.556 126.56 99.4729 93.7479 92.3734 85.9647 103.357 85.9296 83.472 76.7516 76.5219 73.4824 72.4839 106.108 71.1964 93.547 68.6626 132.546 78.477
threshold=8.4112500000000026 3.1333333333333342 11.068750000000003 5.3550000000000013 950.55000000000007 6.2250000000000005 1.2137060082547351 952.55000000000007 9.5000000000000018 8.9150000000000009 8.5000000000000018 950.1500000000002 5.5050000000000008 14.500000000000002 1.5000000000000002 9.4166666666666696 9.2050000000000018 11.945000000000002 0.047707089201362608 15.500000000000002 71.500000000000014 4.5550000000000006 3.7250000000000005 70.500000000000014 950.85000000000002 59.500000000000007 1.1435471588627546 1.5000000000000002 56.500000000000007 1.2199807073947406
decision_type=2 2 2 8 2 8 2 2 2 8 2 2 2 2 2 2 8 8 2 2 2 8 10 2 2 2 2 2 2 2
left_child=1 7 8 5 10 6 -3 25 14 -10 19 -11 13 -13 20 -14 -6 -18 22 -4 -2 -5 -9 24 -16 -1 -27 28 -7 -30
right_child=2 3 4 21 16 27 -8 18 9 11 -12 12 15 -15 23 -17 17 -19 -20 -21 -22 -23 -24 -25 -26 26 -28 -29 29 -31
leaf_value=-0.00099152575626885314 -0.005276928838278681 -0.00084510242894283419 0.0042348055506073222 -0.00086860953264324928 0.003549719534088207 -0.0036477029022239454 -0.0010900689310906011 -0.0010445428176627969 0.00046937204464503666 0.0014760623735620491 0.0039028428623774526 -0.00069681498175294676 0.0039088710503217706 0.0043503228472127342 -7.2362152255162345e-05 0.0031651207406431913 0.0033618524693207696 0.0035824315977094298 -0.0010533223815763801 -0.0012593626512934163 0.00047216874267341389 0.0006362509039608673 -0.0010688897592235557 0.00016948060376429706 0.0038154494773087054 0.00082295823515158586 -0.0011521705794249743 -0.00017182976089126194 0.0015456029484983099 -0.0013789515148018704
leaf_weight=4916 318 16124 816 3770 1175 273 2890 5585 1950 1809 536 797 2220 2372 1280 1024 1473 4399 2058 664 551 18946 1209 2127 2965 969 658 13829 420 991
leaf_count=4916 318 16124 816 3770 1175 273 2890 5585 1950 1809 536 797 2220 2372 1280 1024 1473 4399 2058 664 551 18946 1209 2127 2965 969 658 13829 420 991
internal_value=1.816e-06 -0.00376802 0.0103433 -0.00171936 0.0176566 -0.00363923 -0.00549871 -0.0113825 0.0065329 0.00864891 0.00932212 0.0104437 0.0122141 0.00793006 0.00355644 0.0163804 0.0200326 0.0215212 -0.0139551 0.00492929 -0.00566362 0.00119889 -0.0155846 0.00481731 0.00708 -0.00789401 -0.00244485 -0.00135907 -0.00706927 -0.00332627
internal_weight=99114 72638 26476 57243 9063 34527 19014 15395 17413 10172 2016 8222 6413 3169 7241 3244 7047 5872 8852 1480 869 22716 6794 6372 4245 6543 1627 15513 1684 1411
internal_count=99114 72638 26476 57243 9063 34527 19014 15395 17413 10172 2016 8222 6413 3169 7241 3244 7047 5872 8852 1480 869 22716 6794 6372 4245 6543 1627 15513 1684 1411
is_linear=0
shrinkage=0.03


Tree=62
num_leaves=31
num_cat=0
split_feature=21 21 21 21 28 25 26 28 28 12 12 17 29 1 23 11 24 14 28 1 25 26 29 1 1 24 9 9 9 29
split_gain=4283.39 1232.94 827.906 288.607 180.489 171.992 172.255 155 148.072 115.383 108.328 100.891 92.5845 87.9089 137.565 79.3431 75.1025 102.289 72.4363 77.2104 76.8618 85.0881 70.7617 85.8497 69.9982 105.935 121.736 65.2513 76.5513 64.1902
threshold=8.4112500000000026 3.4012500000000001 10.905000000000003 5.8637500000000005 949.95000000000016 1.2474487139435595 0.89490028524376763 952.55000000000007 950.25000000000011 9.2050000000000018 2.2750000000000004 12.905000000000003 91.500000000000014 -1.0499999999999998 2.7850000000000006 3.8250000000000006 3.5500000000000003 0.68237330936469875 960.1500000000002 1.0500000000000003 2.0215880610617458 0.9935340235047978 84.500000000000014 20.950000000000003 -0.94999999999999984 10.450000000000001 2.5000000000000004 5.5000000000000009 3.5000000000000004 30.500000000000004
decision_type=2 2 2 2 2 2 2 2 2 8 8 2 2 2 2 10 2 2 2 2 2 2 2 2 2 2 2 2 2 2
left_child=1 7 5 12 -4 6 -2 -1 -8 -6 -9 -11 13 14 -3 -15 17 -5 19 -7 24 -22 23 -21 25 26 -20 28 -18 -12
right_child=2 3 4 16 9 18 8 10 -10 11 29 -13 -14 15 -16 -17 27 -19 20 22 21 -23 -24 -25 -26 -27 -28 -29 -30 -31
leaf_value=-0.00087226064388416845 0.0013014541796093897 -0.0011321800339344364 0.0035640527194347182 -0.0022965936122769982 0.0034344784657765071 -0.00046725929070777657 0.0015301507708097566 -0.001013206533132913 0.0038300201608460604 0.0032609968952411472 -0.0011026858160936557 0.0034749586497781469 0.0031323968060736149 -0.00024941755670014555 0.00018269787064552096 -0.00098950826587122873 0.00070931625100301046 0.0013938199374998628 -0.00029745626955891889 0.0031044332692687702 -0.0016866547202594451 0.0055125624965141123 -0.0054010351173224948 2.5651944346755104e-06 0.005124125496511216 -0.0041363030925914987 0.0056325431695540005 0.0021335425709448439 -0.00059977910225719885 -0.00091425237917373305
leaf_weight=8134 1165 3065 1938 1408 1486 2361 338 6557 1359 1978 330 4485 273 11416 1049 12545 13424 828 430 5763 645 419 356 1882 1036 226 534 3340 6756 3718
leaf_count=8134 1165 3065 1938 1408 1486 2361 338 6557 1359 1978 330 4485 273 11416 1049 12545 13424 828 430 5763 645 419 356 1882 1036 226 534 3340 6756 3718
internal_value=1.32999e-05 -0.00373888 0.0103647 -0.00144153 0.0172291 0.00625098 0.0129334 -0.0103697 0.0190188 0.0192318 -0.0127606 0.0209694 -0.00352979 -0.00369979 -0.00774945 -0.003003 0.00085711 -0.0043909 0.00484587 0.00361146 0.00872231 0.00207671 0.00501749 0.00562745 0.011887 0.00687866 0.0112074 0.00135685 0.000713401 -0.00888231
internal_weight=99244 72843 26401 54104 9887 16514 2862 18739 1697 7949 10605 6463 28348 28075 4114 23961 25756 2236 13652 10362 3290 1064 8001 7645 2226 1190 964 23520 20180 4048
internal_count=99244 72843 26401 54104 9887 16514 2862 18739 1697 7949 10605 6463 28348 28075 4114 23961 25756 2236 13652 10362 3290 1064 8001 7645 2226 1190 964 23520 20180 4048
is_linear=0
shrinkage=0.03


Tree=63
num_leaves=31
num_cat=0
split_feature=21 21 22 21 23 26 21 23 28 2 28 1 25 16 25 8 28 11 27 16 27 21 9 9 8 1 28 23 23 14
split_gain=4177.24 1577.48 540.454 314.694 202.846 252.902 187.853 137.552 142.29 120.267 116.267 105.971 103.446 97.4483 84.3193 73.1896 127.694 73.3722 69.9591 99.2734 69.5411 69.0238 62.4611 95.5706 71.0712 68.3042 92.7819 84.8924 58.6928 57.5253
threshold=9.3362500000000015 4.5213888888888905 0.95555648399106141 2.9887500000000009 4.1050000000000013 0.79332313182700753 7.1762500000000014 5.0750000000000011 951.55000000000007 1.1467225763640514 952.6500000000002 -0.94999999999999984 1.392024377318495 9.9050000000000029 2.7172322375397671 11.500000000000002 953.45000000000016 2.5250000000000004 0.078456108245891568 7.5550000000000006 -0.382668860952593 2.21763888888889 3.5000000000000004 5.5000000000000009 14.500000000000002 -1.1499999999999997 958.1500000000002 3.9750000000000005 2.7850000000000006 1.1173778829623082
decision_type=2 2 2 2 2 2 2 2 2 2 2 2 2 10 2 2 2 10 2 8 2 2 2 2 2 2 2 2 2 2
left_child=1 3 4 10 -2 13 15 -7 -9 12 20 28 -4 -6 22 16 -3 -18 19 -19 -1 -12 25 -24 -25 -8 -27 -28 -5 -14
right_child=2 6 9 11 5 7 14 8 -10 -11 21 -13 29 -15 -16 -17 17 18 -20 -21 -22 -23 23 24 -26 26 27 -29 -30 -31
leaf_value=-0.00058267782933443509 0.0014993531365536839 2.5839564660593559e-05 0.0035000926162497836 -0.0009995893021607573 0.0011255404991500262 0.0029894847737852279 -0.00021071190186338961 0.0028101397282115546 0.0034661222415643487 0.0033707098902848042 -0.00098281033713892548 -0.00083940948247244291 0.0033475855057581417 0.0028178644756416504 -0.0015676089127143328 8.0141276526790036e-05 0.0011217345813936562 -0.0019798778655653361 -0.0020471544805638485 0.00076051137641148278 -0.00099033440503131561 -0.00098432731260953126 -0.00040184121236676112 0.00073636957341946302 0.0053770799461373298 0.0019110649239115704 0.0032044359077009754 0.0073753825809013841 0.00024483247339705057 -0.00090954003981908002
leaf_weight=1905 3130 7376 507 2380 2263 1796 1922 625 2247 4041 3350 15464 471 3703 753 14567 572 2366 2527 1212 3920 4629 5282 1635 1136 6740 1111 858 284 409
leaf_count=1905 3130 7376 507 2380 2263 1796 1922 625 2247 4041 3350 15464 471 3703 753 14567 572 2366 2527 1212 3920 4629 5282 1635 1136 6740 1111 858 284 409
internal_value=0.000112818 -0.00290309 0.0126801 -0.00807089 0.00951267 0.0114879 0.000531189 0.0167173 0.0207925 0.0206957 -0.0114838 -0.00546959 0.0129957 0.0073857 0.00280681 -0.0010145 -0.00255869 -0.00556271 -0.00652537 -0.00381803 -0.00824871 -0.0138389 0.00320402 0.00120998 0.00571686 0.00471324 0.00584232 0.0115653 -0.0109929 0.00671186
internal_weight=99181 79989 19192 31932 13764 10634 48057 4668 2872 5428 13804 18128 1387 5966 19437 28620 14053 6677 6105 3578 5825 7979 18684 8053 2771 10631 8709 1969 2664 880
internal_count=99181 79989 19192 31932 13764 10634 48057 4668 2872 5428 13804 18128 1387 5966 19437 28620 14053 6677 6105 3578 5825 7979 18684 8053 2771 10631 8709 1969 2664 880
is_linear=0
shrinkage=0.03


Tree=64
num_leaves=31
num_cat=0
split_feature=21 21 22 21 25 1 28 21 16 21 10 16 28 8 28 29 10 29 16 29 25 9 2 10 8 23 28 10 28 8
split_gain=4080.53 1401.73 579.98 338.098 209.391 169.859 139.673 138.565 128.977 117.663 148.292 104.31 97.2038 88.9746 111.89 90.3382 93.429 89.6435 75.9723 85.3895 75.0279 74.8653 88.6153 119.966 74.0032 73.7062 71.0431 93.6089 70.9046 70.5909
threshold=9.1787500000000026 4.5213888888888905 0.9462517963145084 2.5445833333333341 1.2530780699489419 -0.94999999999999984 949.25000000000011 7.7195833333333344 11.815000000000003 10.575416666666667 8.5000000000000018 9.6850000000000005 952.6500000000002 11.500000000000002 952.85000000000002 91.500000000000014 1.5000000000000002 39.500000000000007 3.6750000000000003 86.500000000000014 2.2609657560600236 3.5000000000000004 1.2410622688020467 1.5000000000000002 17.500000000000004 2.6950000000000007 961.05000000000007 9.5000000000000018 945.6500000000002 11.500000000000002
decision_type=2 2 2 2 2 2 2 2 8 2 2 8 2 2 2 2 2 2 10 2 2 2 2 2 2 2 2 2 2 2
left_child=1 3 4 12 6 25 -2 13 -4 -6 -11 -8 -1 14 20 16 -16 28 24 -20 -3 -9 23 29 -7 -5 27 -18 -15 -23
right_child=2 7 8 5 9 18 11 21 -10 10 -12 -13 -14 17 15 -17 26 -19 19 -21 -22 22 -24 -25 -26 -27 -28 -29 -30 -31
leaf_value=-0.00087523151415605147 0.0014528789045965651 0.0007796933451887383 0.0027393264598124345 -0.00097631348700677239 0.0023917280575146377 -0.001011148569643938 0.00013858457777790934 0.0024449358494811335 0.0032695885935762614 0.0017820799269746722 0.0032572113563188476 0.0033792573603586115 -0.00095332602702475776 0.00061326292801798857 -0.0018489667417748265 0.00367830538435392 -0.00062704098920988798 0.00075188944909579782 -0.00071444357904943171 0.0020466402821850056 -0.0014180801414753663 -0.0041716167365066954 0.0084182402085314339 0.00052262232121223415 -0.00036078562866336688 0.00013598999158278375 0.00015028450945203607 -0.0027059255524782603 -0.00099657289816678556 -8.8490400292021712e-05
leaf_weight=3462 577 5528 902 3034 7248 7734 205 7324 4877 2371 2507 1642 5104 2499 1459 222 3039 10161 9853 334 2615 348 212 4718 2027 358 2085 1755 4666 221
leaf_count=3462 577 5528 902 3034 7248 7734 205 7324 4877 2371 2507 1642 5104 2499 1459 222 3039 10161 9853 334 2615 348 212 4718 2027 358 2085 1755 4666 221
internal_value=6.81185e-05 -0.00302502 0.0120493 -0.0078744 0.00885057 -0.00600129 0.0168958 0.000277867 0.0200882 0.00723601 0.0108376 0.0209125 -0.0129716 -0.000723688 -0.00228573 -0.00467951 -0.00518519 0.000782413 -0.00494362 -0.00312892 0.000231959 0.00293499 0.000288881 -0.000481859 -0.00683494 -0.0122049 -0.00371732 -0.00572619 -0.00178661 -0.0134321
internal_weight=99087 78758 20329 31906 14550 23340 2424 46852 5779 12126 4878 1847 8566 34029 16703 8560 8338 17326 19948 10187 8143 12823 5499 5287 9761 3392 6879 4794 7165 569
internal_count=99087 78758 20329 31906 14550 23340 2424 46852 5779 12126 4878 1847 8566 34029 16703 8560 8338 17326 19948 10187 8143 12823 5499 5287 9761 3392 6879 4794 7165 569
is_linear=0
shrinkage=0.03


Tree=65
num_leaves=31
num_cat=0
split_feature=21 21 22 16 25 26 28 1 1 28 25 25 26 28 25 15 16 23 12 28 25 12 1 27 10 15 1 16 26 1
split_gain=3865.96 1181.57 839.206 340.695 215.609 218.085 161.402 149.38 137.89 131.252 120.805 107.177 138.223 103.52 103.593 100.223 83.5647 81.9666 81.5561 80.6714 79.9123 79.2791 100.388 76.3507 74.8412 74.3273 71.928 70.066 69.8496 66.5394
threshold=8.4112500000000026 3.1650000000000005 0.93763943414578799 5.9850000000000012 1.3205924248511633 0.94828754594723541 952.55000000000007 -1.5499999999999998 14.850000000000003 950.35000000000002 1.392024377318495 2.2886251989206401 0.25881904510252091 960.1500000000002 2.0215880610617458 0.42999999999999988 9.8650000000000002 0.51500000000000012 4.495000000000001 960.45000000000016 1.5937171052631582 8.9650000000000016 21.150000000000002 -0.41467745240824966 9.5000000000000018 1.0649999999999997 3.4500000000000006 10.255000000000001 0.9935340235047978 0.8500000000000002
decision_type=2 2 2 8 2 2 2 2 2 2 2 2 2 2 2 10 10 2 10 2 2 10 2 2 2 10 2 8 2 2
left_child=1 6 4 7 5 16 23 25 -4 -7 -10 18 -13 21 27 -9 -2 -8 -5 -20 26 29 -23 -1 -19 -3 -21 -15 -16 -6
right_child=2 3 8 11 13 9 17 15 10 -11 -12 12 -14 14 28 -17 -18 24 19 20 -22 22 -24 -25 -26 -27 -28 -29 -30 -31
leaf_value=-0.00047192464728091477 0.00068612832795844397 -0.00097095825944269114 0.0031715009357689726 -0.00028608959778667341 -0.00091565549338243227 0.00061488523335032183 -0.00092472624621401506 -0.0009199851824939606 0.0033261394396234445 0.0033978333540721582 0.001999069591364231 0.0020483397480688535 -0.0013530922618320452 0.0032215001421848689 -0.0015483313904229856 -0.00010296994504998157 0.0030215946606259778 -0.00092472624621401506 0.00050449228032299176 0.0016040696112748424 0.0010486568744263293 0.0029776545387043452 -0.00019247208378264435 -0.00093704321867446941 -0.0008735636547995973 0.00025305877306109004 0.0062177570841621477 0.003421770090908851 0.0043623145105430817 0.0016840804772737794
leaf_weight=2181 1337 2419 4554 8587 2502 250 1255 14861 574 1422 1005 1384 4798 973 710 6911 1650 4675 13676 807 2377 3285 1098 4619 3089 341 509 1810 435 4942
leaf_count=2181 1337 2419 4554 8587 2502 250 1255 14861 574 1422 1005 1384 4798 973 710 6911 1650 4675 13676 807 2377 3285 1098 4619 3089 341 509 1810 435 4942
internal_value=5.33113e-05 -0.00353367 0.00984672 -0.00150966 0.00692003 0.0125879 -0.0107817 -0.00417166 0.0195748 0.0212522 0.011875 0.000522664 -0.0030257 0.00524048 0.00945843 -0.00333655 0.00771056 -0.0134142 0.00136821 0.00255036 0.00648188 0.00383621 0.0070351 -0.00728288 -0.0122487 -0.0107414 0.0123997 0.0125789 0.00185217 0.00194925
internal_weight=99036 72489 26547 56670 20414 4659 15819 24532 6133 1672 1579 32138 6182 15755 3928 21772 2987 9019 25956 17369 3693 11827 4383 6800 7764 2760 1316 2783 1145 7444
internal_count=99036 72489 26547 56670 20414 4659 15819 24532 6133 1672 1579 32138 6182 15755 3928 21772 2987 9019 25956 17369 3693 11827 4383 6800 7764 2760 1316 2783 1145 7444
is_linear=0
shrinkage=0.03


Tree=66
num_leaves=31
num_cat=0
split_feature=21 21 21 12 25 1 28 26 28 28 19 26 10 8 20 17 16 16 16 29 21 9 10 9 28 8 10 11 28 26
split_gain=3905.75 1069.6 814.525 288.453 186.355 175.449 173.998 152.874 139.788 120.16 111.942 110.889 94.679 94.6402 91.5329 89.5098 85.4897 83.7863 79.6557 84.9328 75.6772 72.3224 66.5879 65.8981 79.9732 61.1961 102.118 62.6069 61.8038 72.0675
threshold=8.4112500000000026 3.1333333333333342 10.905000000000003 4.6150000000000011 1.2530780699489419 -1.0499999999999998 950.75000000000011 0.94828754594723541 952.55000000000007 950.6500000000002 12.771250000000002 0.94828754594723541 8.5000000000000018 15.500000000000002 3.4143508386362869 6.1450000000000005 11.945000000000002 6.9450000000000012 3.6750000000000003 84.500000000000014 2.21763888888889 2.5000000000000004 6.5000000000000009 1.5000000000000002 959.25000000000011 11.500000000000002 1.5000000000000002 6.705000000000001 957.25000000000011 0.98321746822993605
decision_type=2 2 2 8 2 2 2 2 2 2 2 2 2 2 2 2 8 8 10 2 2 2 2 2 2 2 2 10 2 2
left_child=1 8 4 5 7 17 12 -2 -1 -9 11 -8 13 -4 18 22 -12 -3 -7 -20 -10 -16 -5 -19 -25 26 -17 -28 -27 -30
right_child=2 3 6 15 -6 14 10 9 20 -11 16 -13 -14 -15 21 25 -18 23 19 -21 -22 -23 -24 24 -26 28 27 -29 29 -31
leaf_value=-0.00081107272275638407 0.0024535504558422972 -0.00096706639671665729 0.0037967950328740663 0.00016084693776918069 0.0020496903099117953 -0.0010817047456543128 0.0027028677630185371 0.00034975228927945244 -0.0008969844588275946 0.0034068517840531521 0.0029329734245987105 0.0030763559076959022 0.0033844820123341865 -0.0012095041865631494 -0.0012484065290562815 -0.0016517240699344714 0.0030763559076959022 -0.0016628321869543289 -0.0006578105313294095 0.0017669160952274146 -0.00089845592503408225 0.0017842600016582087 -0.001057088362349112 -0.0022292301333053789 0.0019697851284398685 0.00048752334837623201 0.00082588953312813399 -0.0014482315787034651 0.0011232516431122408 0.005725981940180422
leaf_weight=6597 1797 2943 871 5534 13574 4450 2769 203 3401 958 302 1864 699 757 1114 747 2653 647 13842 631 5459 1816 6736 473 786 6663 5745 2180 2247 740
leaf_count=6597 1797 2943 871 5534 13574 4450 2769 203 3401 958 302 1864 699 757 1114 747 2653 647 13842 631 5459 1816 6736 473 786 6663 5745 2180 2247 740
internal_value=4.59664e-05 -0.00354321 0.00991796 -0.00165343 0.00583782 -0.00393155 0.0167147 0.0126561 -0.0105452 0.0211235 0.0189174 0.0159702 0.00950686 0.00551133 -0.00278479 0.000335327 0.0235034 -0.00909147 -0.00354871 -0.00246788 -0.0130085 0.00214651 -0.00164725 -0.00417582 -0.000166139 0.00166312 -0.000165956 0.000836066 0.00330606 0.00688837
internal_weight=99198 72751 26447 57294 16532 26702 9915 2958 15457 1161 7588 4633 2327 1628 21853 30592 2955 4849 18923 14473 8860 2930 12270 1906 1259 18322 8672 7925 9650 2987
internal_count=99198 72751 26447 57294 16532 26702 9915 2958 15457 1161 7588 4633 2327 1628 21853 30592 2955 4849 18923 14473 8860 2930 12270 1906 1259 18322 8672 7925 9650 2987
is_linear=0
shrinkage=0.03


Tree=67
num_leaves=31
num_cat=0
split_feature=19 19 22 16 12 12 25 8 10 16 16 29 1 10 27 25 10 28 25 28 19 28 16 29 12 1 24 3 16 25
split_gain=3678.77 1372.71 440.065 354.044 211.397 189.454 165.068 156.767 152.85 136.118 124.686 96.5583 94.8591 89.5496 101.211 89.3314 88.8539 99.5507 85.6819 84.9324 80.8717 78.6196 73.9655 70.1021 69.6255 75.5807 68.042 69.4782 65.1557 83.0333
threshold=9.7762500000000028 3.6412500000000008 0.95555648399106141 5.9850000000000012 2.3150000000000004 6.2550000000000008 1.2308217738545608 9.5000000000000018 8.5000000000000018 3.6750000000000003 12.115 83.500000000000014 19.750000000000004 4.5000000000000009 1.0000000180025095e-35 2.2800778210116737 2.5000000000000004 945.25000000000011 1.8963720427930209 949.35000000000002 10.256250000000003 952.85000000000002 8.9150000000000009 85.500000000000014 7.455000000000001 21.150000000000002 3.2500000000000004 3.4034906633817958 7.5550000000000006 1.7390952011838492
decision_type=2 2 2 8 10 8 2 2 2 10 8 2 2 2 2 2 2 2 2 2 2 2 8 2 10 2 2 2 10 2
left_child=1 4 6 7 9 15 19 16 24 12 -4 13 -1 28 -15 22 -3 -18 -16 -2 -10 -19 -5 26 -8 -26 27 -17 29 -7
right_child=2 3 10 5 -6 11 8 -9 20 -11 -12 -13 -14 14 18 23 17 21 -20 -21 -22 -23 -24 -25 25 -27 -28 -29 -30 -31
leaf_value=-0.00087007492506276671 0.0020629820997354288 -0.0011163457427399888 0.0028950642065160678 -0.00022210847707531122 -0.00077226506619347416 -0.001344984630550159 -0.0023478555794047965 -0.00029986007423480189 0.0022169109418863453 -0.00082485823408004141 0.002984065230465024 -0.0011982287791207208 -0.00077297020049121444 -0.00014167552351090185 0.0027504321021944288 0.00014518882156666675 -0.0019629600070418507 6.0157264801694583e-05 0.000500852402802231 0.0030997528513524173 0.0029720449601501652 -0.001369991048551011 0.0010881175392938641 0.0032775180850215554 0.0025932235813380675 -0.00031067496185552599 -0.00050554099229280485 -0.0022089338138373184 0.0040053038015364613 0.0044003005907575178
leaf_weight=6331 328 1114 945 11285 10056 904 714 11584 1164 3130 4433 1358 2536 4973 3694 456 1476 2547 2613 1113 3510 2498 6456 218 3191 1077 3386 1144 4031 702
leaf_count=6331 328 1114 945 11285 10056 904 714 11584 1164 3130 4433 1358 2536 4973 3694 456 1476 2547 2613 1113 3510 2498 6456 218 3191 1077 3386 1144 4031 702
internal_value=0.000124581 -0.00246045 0.0130649 -0.000122593 -0.00886617 0.00144524 0.00964421 -0.00348471 0.00822275 -0.0115556 0.0201077 0.00372374 -0.0134547 0.00434169 0.00279663 -0.000369935 -0.00682068 -0.00547502 0.00531844 0.0191079 0.012118 -0.00346337 0.000644089 -0.00382415 0.00455986 0.00600983 -0.0045562 -0.00964486 0.00742822 0.00230912
internal_weight=98967 82492 16475 60439 22053 41220 11097 19219 9656 11997 5378 18275 8867 16917 11280 22945 7635 6521 6307 1441 4674 5045 17741 5204 4982 4268 4986 1600 5637 1606
internal_count=98967 82492 16475 60439 22053 41220 11097 19219 9656 11997 5378 18275 8867 16917 11280 22945 7635 6521 6307 1441 4674 5045 17741 5204 4982 4268 4986 1600 5637 1606
is_linear=0
shrinkage=0.03


Tree=68
num_leaves=31
num_cat=0
split_feature=21 21 21 16 25 26 16 2 21 21 10 12 16 14 1 15 1 24 29 11 24 1 8 21 13 26 29 8 1 1
split_gain=3648.02 1002.51 900.59 251.988 184.233 243.709 155.806 121.518 111.43 104.953 109.034 99.5586 98.2616 84.9777 108.463 77.5006 73.4737 91.6322 72.4873 69.6399 79.0975 69.0826 68.2375 67.6409 67.3805 66.9661 66.503 65.5362 107.914 74.3287
threshold=8.1158333333333363 3.0937500000000004 11.666666666666668 4.5550000000000006 1.3205924248511633 0.62249093318774806 11.815000000000003 1.2322669742278605 2.21763888888889 10.216250000000002 8.5000000000000018 4.7550000000000008 9.8650000000000002 1.5703821191034963 15.050000000000002 0.36000000000000082 16.650000000000002 3.0500000000000003 91.500000000000014 3.7750000000000004 3.1500000000000008 0.65000000000000002 16.500000000000004 9.1787500000000026 9.1350000000000033 -0.77159520228797429 22.500000000000004 14.500000000000002 19.350000000000005 9.6500000000000004
decision_type=2 2 2 8 2 2 8 2 2 2 2 8 10 2 2 10 2 2 2 8 2 2 2 2 2 2 2 2 2 2
left_child=1 8 4 7 5 12 -4 15 16 -6 -11 18 -2 24 -15 22 -1 -18 21 -13 -21 -5 -3 -7 -8 -10 -23 28 -28 -29
right_child=2 3 6 11 9 23 13 -9 25 10 -12 19 -14 14 -16 -17 17 -19 -20 20 -22 26 -24 -25 -26 -27 27 29 -30 -31
leaf_value=-0.00084397267731088361 -0.00068162660877866264 -0.0010674762835300793 0.0023404424039786295 -0.0010540284890893398 0.0013853906810952254 0.0044159448683341908 0.0029435755053027158 -0.00088700856267074301 -0.00085989614112258917 0.001537874102457436 0.0028993531753674518 0.0018375813009472055 0.0027662448083135825 0.0028945432735510731 -0.0012709180813006459 -0.00032917292834294063 -0.00057950476186884536 -0.00086344453163557963 0.0035818750940629831 -0.0018136169401861558 0.00024329516774209385 -0.0015546991308853213 -0.00039889837810131248 0.0030419651266243839 0.0028945432735510731 -0.00072543114429305766 -0.0010527008367866009 0.0018135280700288697 0.00074866566690765381 -0.00016522116241775712
leaf_weight=3467 1363 6769 1304 4348 12143 1117 400 637 3670 2481 2685 2410 972 371 312 4944 1136 851 227 714 18314 1053 2473 1621 4442 5839 5364 1614 2951 3117
leaf_count=3467 1363 6769 1304 4348 12143 1117 400 637 3670 2481 2685 2410 972 371 312 4944 1136 851 227 714 18314 1053 2473 1621 4442 5839 5364 1614 2951 3117
internal_value=0.000155276 -0.00356551 0.00905771 -0.00169003 0.00614553 0.0111717 0.0185909 -0.0050317 -0.0104483 0.00466963 0.00824985 -0.00045467 0.00403846 0.0207939 0.0107703 -0.00445212 -0.0138707 -0.00923193 -0.00205578 0.000940167 0.000331004 -0.0022648 -0.00607332 0.0172366 0.0221952 -0.00847908 -0.00124433 -0.000657421 -0.00226082 0.00216005
internal_weight=99109 69898 29211 54935 22382 5073 6829 14823 14963 17309 5166 40112 2335 5525 683 14186 5454 1987 18674 21438 19028 18447 9242 2738 4842 9509 14099 13046 8315 4731
internal_count=99109 69898 29211 54935 22382 5073 6829 14823 14963 17309 5166 40112 2335 5525 683 14186 5454 1987 18674 21438 19028 18447 9242 2738 4842 9509 14099 13046 8315 4731
is_linear=0
shrinkage=0.03


Tree=69
num_leaves=31
num_cat=0
split_feature=21 21 22 21 25 12 28 10 21 8 10 28 10 2 25 27 23 28 25 27 10 9 27 11 24 11 24 10 25 11
split_gain=3640.21 1276.06 573.738 291.719 197.939 148.257 147.884 124.836 125.334 112.137 150.151 111.516 95.2353 88.108 112.036 81.5677 80.1702 78.4613 80.847 75.0682 65.8563 65.4186 65.4038 81.9129 63.5773 63.3526 62.9537 62.5021 73.7517 62.7082
threshold=9.3362500000000015 4.4854166666666684 0.95555648399106141 3.0937500000000004 1.2474487139435595 6.2550000000000008 952.6500000000002 8.5000000000000018 10.905000000000003 11.500000000000002 2.5000000000000004 949.25000000000011 1.5000000000000002 1.1467225763640514 1.392024377318495 0.087155742747658027 0.72500000000000009 958.1500000000002 2.0481382451970691 -0.043617726472722392 9.5000000000000018 5.5000000000000009 -0.23343647497176648 5.035000000000001 4.1500000000000012 3.3450000000000002 3.4500000000000006 4.5000000000000009 1.7390952011838492 8.0350000000000019
decision_type=2 2 2 2 2 8 2 2 2 2 2 2 2 2 2 2 2 2 2 2 2 2 2 10 2 10 2 2 2 10
left_child=1 3 4 6 11 9 -1 -6 -9 10 15 -2 -5 14 -4 -3 -8 21 22 27 -18 -11 -19 -24 -17 -12 -27 28 -7 -29
right_child=2 5 13 12 7 19 16 8 -10 17 25 -13 -14 -15 -16 24 20 18 -20 -21 -22 -23 23 -25 -26 26 -28 29 -30 -31
leaf_value=-0.00074510966241723487 0.0019054825088336412 -0.00062185586905154518 0.0029554945482744297 -0.00084325456677488678 0.0017156180902662599 -0.00018527332735382318 -0.00081865349699155709 0.002425659068196554 0.0027943350918803087 -0.00039997780286132959 0.00090539781331794246 0.002888473753651677 -0.00071885970156095492 0.0028077069753445405 0.0021943814711362572 -0.0020886869210759297 -0.00081865349699155709 -0.00025087418826827635 -0.00069487709923194416 0.0015481293289328624 -0.00072950248206687474 0.0016033347467646116 0.0011021116555569137 0.0054487940848614771 -0.0017730548520200372 -0.0018298911093773704 -0.00036948290628942412 0.0004445868640932772 0.0034260531597955909 -0.0018058552822707774
leaf_weight=6454 497 1237 502 1327 5915 1636 1881 3653 2036 8295 2146 1645 15246 4049 850 823 4056 701 1158 10317 2640 1373 1492 1087 751 1698 8144 3726 1528 2336
leaf_count=6454 497 1237 502 1327 5915 1636 1881 3653 2036 8295 2146 1645 15246 4049 850 823 4056 701 1158 10317 2640 1373 1492 1087 751 1698 8144 3726 1528 2336
internal_value=0.000129128 -0.00268159 0.0118781 -0.00737069 0.00861756 0.000377686 -0.010397 0.00706521 0.0102371 -0.000986856 -0.00281073 0.0169912 -0.0046236 0.0201609 0.0134414 -0.00904474 -0.0129795 0.000926936 0.00422687 0.00239564 -0.0114252 -0.000589269 0.00663014 0.00883514 -0.0135655 -0.00134579 -0.00236417 0.000428989 0.00384348 -0.00135487
internal_weight=99199 80052 19147 31604 13746 48448 15031 11604 5689 28905 14799 2142 16573 5401 1352 2811 8577 14106 4438 19543 6696 9668 3280 2579 1574 11988 9842 9226 3164 6062
internal_count=99199 80052 19147 31604 13746 48448 15031 11604 5689 28905 14799 2142 16573 5401 1352 2811 8577 14106 4438 19543 6696 9668 3280 2579 1574 11988 9842 9226 3164 6062
is_linear=0
shrinkage=0.03


Tree=70
num_leaves=31
num_cat=0
split_feature=22 12 22 16 12 16 25 26 28 25 26 16 1 1 27 28 29 16 12 26 29 14 10 17 24 9 25 23 29 29
split_gain=3374.25 1178.64 442.057 428.324 189.369 184.926 167.875 231.579 158.377 189.637 139.002 122.893 117.077 113.786 110.376 119.422 102.515 81.9416 78.8957 77.5243 77.2197 75.8195 73.9677 69.5574 67.1762 67.0663 64.4582 62.9062 67.6844 62.6506
threshold=0.8564473769567047 4.3050000000000006 0.95555648399106141 3.6750000000000003 2.3150000000000004 8.7650000000000023 1.3790964742704597 0.79332313182700753 950.1500000000002 1.4126043859053572 0.80382625221112025 12.115 19.750000000000004 -1.6499999999999997 0.17364817766693022 960.1500000000002 84.500000000000014 4.5550000000000006 7.6150000000000011 -0.96359376111369355 75.500000000000014 0.52785730394996111 8.5000000000000018 9.9050000000000029 5.8500000000000005 5.5000000000000009 2.0823287339627212 4.245000000000001 71.500000000000014 26.500000000000004
decision_type=2 8 2 10 10 8 2 2 2 2 2 8 2 2 2 2 2 10 10 2 2 2 2 2 2 2 2 2 2 2
left_child=1 3 8 4 12 17 7 -7 -2 10 -10 -4 21 -5 15 22 29 -3 20 -20 -11 -1 27 -6 -16 -19 -18 -8 -29 -15
right_child=2 5 11 13 23 6 14 -9 9 18 -12 -13 -14 16 24 -17 26 25 19 -21 -22 -23 -24 -25 -26 -27 -28 28 -30 -31
leaf_value=-0.00079409389208181039 0.00084776329527934901 -0.00073037753877102621 0.002682779184713885 -0.0009331938585504984 -0.00079693176197580718 3.2862977033021875e-05 0.0021703321366055286 0.0038815641960972635 0.0024871050690658566 -0.0015438743256888021 0.0028640519602161039 0.0027234757660842056 -0.00071047820098517095 -0.0010731652161807238 -0.0014107226595172413 0.0051396350241020763 0.00014223413768362869 -0.00010829309727734993 0.00074690777295190246 0.0027536334863632593 0.0043003992563463598 -0.00079409389208181039 -0.0010876198748391752 0.0013631866285401342 0.0010925728963154834 0.0012958383428652949 0.0031774659148644706 0.0016815244933530654 -0.0037652934993050195 -0.00047319671637554515
leaf_weight=3840 2252 6923 977 2696 7907 1800 3485 2617 1122 852 1249 4426 2813 1903 2584 1967 552 17800 1055 3844 280 3147 1829 372 1693 2997 328 617 443 14787
leaf_count=3840 2252 6923 977 2696 7907 1800 3485 2617 1122 852 1249 4426 2813 1903 2584 1967 552 17800 1055 3844 280 3147 1829 372 1693 2997 328 617 443 14787
internal_value=5.53639e-05 -0.00237747 0.0126429 -0.00623703 -0.00959356 0.000929625 0.00338908 0.00841927 0.00909091 0.0109837 0.0181692 0.019632 -0.0124161 -0.00324108 0.0016256 0.00363408 -0.00235903 -0.000582146 0.00814612 0.00979405 0.00100264 -0.014498 0.00163662 -0.00624698 -0.00229099 0.0003591 0.00759322 0.00368571 -0.00270423 -0.00288589
internal_weight=99157 83100 16057 38345 18079 44755 17035 4417 10654 8402 2371 5403 9800 20266 12618 8341 17570 27720 6031 4899 1132 6987 6374 8279 4277 20797 880 4545 1060 16690
internal_count=99157 83100 16057 38345 18079 44755 17035 4417 10654 8402 2371 5403 9800 20266 12618 8341 17570 27720 6031 4899 1132 6987 6374 8279 4277 20797 880 4545 1060 16690
is_linear=0
shrinkage=0.03


Tree=71
num_leaves=31
num_cat=0
split_feature=21 21 22 21 25 28 10 28 29 2 25 1 15 23 25 28 28 28 3 9 1 29 29 23 25 10 9 25 29 1
split_gain=3330.67 1187.23 517.164 358.594 210.475 150.611 114.947 117.385 110.7 110.621 112.516 104.138 102.294 100.735 100.34 97.6486 93.9466 92.4303 89.3375 87.872 115.567 85.5007 82.3635 80.94 70.0378 62.5731 60.3528 66.2756 59.9684 67.1666
threshold=9.4929166666666678 3.0937500000000004 0.9462517963145084 5.8637500000000005 1.2308217738545608 952.6500000000002 1.5000000000000002 957.75000000000011 59.500000000000007 1.1467225763640514 1.392024377318495 -1.2499999999999998 0.50000000000000044 4.1050000000000013 2.4700597609561759 960.1500000000002 952.55000000000007 949.85000000000002 10.76820037183756 4.5000000000000009 -0.6499999999999998 74.500000000000014 91.500000000000014 0.72500000000000009 1.867778528289892 9.5000000000000018 1.5000000000000002 2.1408692706064572 57.500000000000007 22.950000000000003
decision_type=2 2 2 2 2 2 2 2 2 2 2 2 10 2 2 2 2 2 2 2 2 2 2 2 2 2 2 2 2 2
left_child=1 5 4 12 17 -1 8 11 -5 10 -4 24 16 -6 21 -15 -3 -2 -17 20 26 -9 -18 -7 -8 -25 27 -10 29 -12
right_child=2 3 9 6 13 23 7 14 19 -11 28 -13 -14 15 -16 18 22 -19 -20 -21 -22 -23 -24 25 -26 -27 -28 -29 -30 -31
leaf_value=-0.00068916385495561576 0.0022182063539151107 -0.00043097425489878701 0.0027522996342175276 -0.003627853832771007 0.00085649626848210091 -0.000770271075319356 -0.0050543041413950683 0.0030975796147496661 -0.002486064302833785 0.0026417714931016786 0.0028698581227521369 0.00043068799192002183 -8.3394584133822524e-05 0.002001553926530647 -0.0018098381165281754 0.0029017366725115554 -0.00084766520203347182 0.0027586843870951714 0.00026538804728247598 -0.0019799417765686889 0.0086087123178228853 0.00046993671037239487 0.0024900821151371865 -0.000770271075319356 -0.00089659872460026268 -0.00067946403532908001 0.00058237534972043262 0.00071731642196654283 -0.0043143769294443444 -0.0023779783983351411
leaf_weight=6447 391 11239 550 671 2681 1894 297 5419 413 4312 427 21514 8852 5911 501 1612 11668 1254 346 609 464 2800 209 4091 468 2582 994 229 308 201
leaf_count=6447 391 11239 550 671 2681 1894 297 5419 413 4312 427 21514 8852 5911 501 1612 11668 1254 346 609 464 2800 209 4091 468 2582 994 229 308 201
internal_value=6.46142e-05 -0.00251862 0.011743 -0.0007944 0.00823033 -0.0101352 0.00133231 0.00190524 -0.00391728 0.0191177 0.011992 0.000749865 -0.00308135 0.00666793 0.00485501 0.00837821 -0.00413131 0.0182 0.0141824 -0.00120486 0.00171021 0.00565054 -0.00599142 -0.0127427 -0.0100909 -0.0111725 -0.00204753 -0.00918083 0.00561105 0.0109005
internal_weight=99354 81361 17993 66347 12195 15014 34379 30999 3380 5798 1486 22279 31968 10550 8720 7869 23116 1645 1958 2709 2100 8219 11877 8567 765 6673 1636 642 936 628
internal_count=99354 81361 17993 66347 12195 15014 34379 30999 3380 5798 1486 22279 31968 10550 8720 7869 23116 1645 1958 2709 2100 8219 11877 8567 765 6673 1636 642 936 628
is_linear=0
shrinkage=0.03


Tree=72
num_leaves=31
num_cat=0
split_feature=21 21 22 21 25 8 10 26 25 26 10 1 16 26 12 21 10 15 8 9 9 24 23 16 16 10 1 25 16 10
split_gain=3365.15 1104.86 469.988 343.768 181.597 136.257 128.653 127.414 123.783 126.079 123.72 123.291 119.329 114.805 105.367 94.7455 91.1406 82.5344 79.3782 106.064 87.127 78.5275 76.1201 75.7828 75.066 66.5379 108.439 61.9832 57.6662 62.8882
threshold=9.550416666666667 3.1650000000000005 0.95555648399106141 6.118333333333335 1.2308217738545608 9.5000000000000018 8.5000000000000018 0.94828754594723541 1.2001070663811568 0.061046214993534575 1.5000000000000002 18.850000000000005 12.115 0.94828754594723541 1.9850000000000001 10.649583333333336 1.5000000000000002 0.20000000000000065 14.500000000000002 4.5000000000000009 1.5000000000000002 2.8500000000000001 4.1050000000000013 3.5050000000000003 3.7250000000000005 7.5000000000000009 7.0500000000000007 2.0823287339627212 8.1050000000000022 4.5000000000000009
decision_type=2 2 2 2 2 2 2 2 2 2 2 2 8 2 10 2 2 10 2 2 2 2 2 8 10 2 2 2 8 2
left_child=1 11 4 5 13 10 7 22 9 25 -3 14 -4 -2 24 -8 18 23 19 20 -10 -13 -6 -12 -1 26 -5 -9 29 -11
right_child=2 3 12 8 6 -7 15 27 16 28 17 21 -14 -15 -16 -17 -18 -19 -20 -21 -22 -23 -24 -25 -26 -27 -28 -29 -30 -31
leaf_value=-0.00074716294305977524 0.0025979729485457069 -0.00095799882628761878 0.0025276139684922449 -0.004293691718156291 -0.0054655596337478572 -0.00023879069416691656 0.0022331230804506354 0.0027295254103823141 -0.0025149124694207048 -0.0028297865544672663 -0.0012363375996295304 -0.0002034902836317909 0.0025625183483086299 0.0026587681543461432 -0.00071001596117413847 0.0025595130107752416 0.00049478599852404044 -0.00027423437172267417 0.00053160988925903701 -0.0032694272342761615 0.00059819828919860146 -0.00076579095748733554 0.00077005110969689643 -0.00095250043846873507 -0.00072409277692237232 -0.0017745005560445481 0.0021853312609399944 0.0020932521430433002 0.0039211675852688201 0.0038334935792893243
leaf_weight=4775 827 1223 967 203 469 19593 2552 1291 555 353 1981 2088 4436 836 4449 2577 23386 4825 1105 569 867 3468 3020 6232 1019 923 1274 713 2071 628
leaf_count=4775 827 1223 967 203 469 19593 2552 1291 555 353 1981 2088 4436 836 4449 2577 23386 4825 1105 569 867 3468 3020 6232 1019 923 1274 713 2071 628
internal_value=0.000110294 -0.00246164 0.0119708 -0.000750536 0.00872172 -0.00285655 0.00727204 0.00407603 0.0014822 0.00559648 -0.00508692 -0.00958428 0.0193436 0.0179317 -0.0115369 0.0106876 0.000634273 -0.00422756 -0.00419865 -0.00777054 -0.0033637 -0.00597734 0.000609616 -0.00605622 -0.0142059 0.000449064 0.00439271 0.0100946 0.0096369 0.00362069
internal_weight=99275 81587 17688 65788 12285 33854 10622 5493 31934 5452 14261 15799 5403 1663 10243 5129 26482 13038 3096 1991 1422 5556 3489 8213 5794 2400 1477 2004 3052 981
internal_count=99275 81587 17688 65788 12285 33854 10622 5493 31934 5452 14261 15799 5403 1663 10243 5129 26482 13038 3096 1991 1422 5556 3489 8213 5794 2400 1477 2004 3052 981
is_linear=0
shrinkage=0.03


Tree=73
num_leaves=31
num_cat=0
split_feature=21 21 21 21 16 10 16 25 1 25 26 24 10 26 26 8 28 1 24 2 8 23 15 21 28 16 10 16 26 12
split_gain=3238.26 1154.1 430.894 263.222 183.032 170.547 164.497 157.334 123.833 102.027 109.387 113.432 100.67 101.475 90.4271 87.789 84.1095 83.5545 100.059 82.7423 88.3437 82.5994 77.3515 73.2652 71.4743 68.7884 68.0986 67.922 69.1101 73.5972
threshold=9.550416666666667 4.5213888888888905 11.666666666666668 2.3029166666666669 11.815000000000003 2.5000000000000004 8.8650000000000002 1.2308217738545608 1.0000000180025095e-35 2.1190720641439333 0.79332313182700753 8.1500000000000004 8.5000000000000018 0.9426055981926128 0.94828754594723541 14.500000000000002 951.55000000000007 19.350000000000005 3.1500000000000008 1.1467225763640514 15.500000000000002 2.7650000000000001 0.95000000000000051 10.649583333333336 964.55000000000007 12.435 10.500000000000002 3.7250000000000005 -0.7603770116708749 3.2050000000000005
decision_type=2 2 2 2 8 2 8 2 2 2 2 2 2 2 2 2 2 2 2 2 2 2 10 2 2 10 2 10 2 10
left_child=1 3 7 17 26 15 8 14 22 10 -8 24 13 -9 -2 -5 -13 -1 -19 20 -6 -17 -3 -14 -12 -15 -4 28 29 -7
right_child=2 6 4 5 19 27 9 12 -10 -11 11 16 23 25 -16 21 -18 18 -20 -21 -22 -23 -24 -25 -26 -27 -28 -29 -30 -31
leaf_value=-0.00072474805476798214 0.002520942679263448 -0.0014920148736289897 0.0010516434798785123 -0.00076121928193146986 0.0026102585955250987 -0.00082838193187102207 0.00028217485689495224 4.7484445178127551e-05 -3.3106874986552068e-06 -0.00014795196454159734 0.0013679496828407499 0.0017657646918145253 0.0022437104574982878 0.0029989350817639393 0.0025846472119461813 -0.0007077921021419383 0.0043347773752359237 -0.00019738557512283733 -0.00074552944660949796 0.0024856427978593699 0.0015735390303422913 0.0021130525046360771 0.001221215823821589 0.0025398679548553379 0.0058890495893137093 0.00021382825999541222 0.0025573456996658981 -0.00049798491774050526 -0.00049953877180932717 -0.00078816888424031639
leaf_weight=4427 743 4643 1046 2198 732 2586 4326 2958 27176 5768 4485 676 2523 1189 700 1220 1462 1061 792 4224 568 212 649 1999 473 577 223 10268 6313 2883
leaf_count=4427 743 4643 1046 2198 732 2586 4326 2958 27176 5768 4485 676 2523 1189 700 1220 1462 1061 792 4224 568 212 649 1999 473 577 223 10268 6313 2883
internal_value=5.99364e-05 -0.00245004 0.0117756 -0.00689629 0.0176831 -0.00554799 0.000411977 0.00801477 -0.000844394 0.00278453 0.00442636 0.00671736 0.0065701 0.0035018 0.0172169 -0.0115708 0.0124872 -0.012401 -0.00702368 0.0200434 0.0133333 -0.005762 -0.00504059 0.00976806 0.00421922 0.00918125 0.00737049 -0.00455407 -0.00610842 -0.00857691
internal_weight=99100 81618 17482 31960 6793 25680 49658 10689 32468 17190 11422 7096 9246 4724 1443 3630 2138 6280 1853 5524 1300 1432 5292 4522 4958 1766 1269 22050 11782 5469
internal_count=99100 81618 17482 31960 6793 25680 49658 10689 32468 17190 11422 7096 9246 4724 1443 3630 2138 6280 1853 5524 1300 1432 5292 4522 4958 1766 1269 22050 11782 5469
is_linear=0
shrinkage=0.03


Tree=74
num_leaves=31
num_cat=0
split_feature=21 21 22 16 8 26 23 28 28 16 10 10 12 28 27 23 10 28 28 21 28 27 28 12 8 28 29 24 2 27
split_gain=3212.03 1033.06 577.831 265.314 163.044 149.533 327.356 159.664 148.558 142.192 138.075 125.061 110.884 88.5386 87.9435 86.7555 78.5686 74.9289 70.7266 66.894 64.873 61.1726 60.8354 60.4282 63.0743 57.2272 97.7598 58.9 77.8113 71.8921
threshold=9.1787500000000026 3.1650000000000005 0.9462517963145084 5.9850000000000012 9.5000000000000018 0.90992662233962551 5.0750000000000011 950.55000000000007 952.6500000000002 11.815000000000003 8.5000000000000018 2.5000000000000004 5.5750000000000011 950.85000000000002 0.24192189559966756 0.51500000000000012 9.5000000000000018 944.95000000000016 952.55000000000007 10.150416666666668 949.75000000000011 -0.382668860952593 953.25000000000011 9.7250000000000032 8.5000000000000018 960.1500000000002 78.500000000000014 5.3500000000000005 1.2141520597395583 0.19936034309715231
decision_type=2 2 2 8 2 2 2 2 2 8 2 2 8 2 2 2 2 2 2 2 2 2 2 8 2 2 2 2 2 2
left_child=1 8 5 4 11 10 13 -8 21 -4 22 -3 -5 -7 17 -10 -17 -13 20 -12 -19 -1 -2 24 -11 26 -14 29 -29 -27
right_child=2 3 9 12 -6 6 7 -9 15 23 19 14 25 -15 -16 16 -18 18 -20 -21 -22 -23 -24 -25 -26 27 -28 28 -30 -31
leaf_value=-0.00031915961107954868 0.0016186122454917462 -0.00080217414180356738 0.0019825447920793172 -0.00025637577627053373 -0.00026382472305498493 -0.0020851675264589821 0.0010032555108215534 0.0025148346424386557 -0.00070300561312494278 0.00052526539634787034 0.0015333569310463067 -0.0014395803849878591 0.00074951302482880204 0.0025079925966467066 0.00043151415903328305 -0.00070300561312494278 -0.00064835439958883844 -0.00097699711614959717 -0.0011266651810347707 0.0024331496316654382 0.00082476548710721403 -0.00072316356321121288 -0.0012153386429513502 0.0024110735139235896 0.0024110735139235896 0.0032169995658761605 -0.0013148701088269077 0.0056676491869262578 0.0011422742208505043 -0.0015877154198386206
leaf_weight=2252 2560 1432 895 18332 14717 661 434 2046 1278 270 1363 1610 14477 3770 1034 4627 3077 1816 2934 2002 1121 4531 1703 4151 451 760 1683 1337 1281 458
leaf_count=2252 2560 1432 895 18332 14717 661 434 2046 1278 270 1363 1610 14477 3770 1034 4627 3077 1816 2934 2002 1121 4531 1703 4151 451 760 1683 1337 1281 458
internal_value=7.72197e-05 -0.00266588 0.0107144 -0.000946712 -0.00337346 0.00752269 0.0107186 0.0194366 -0.00953266 0.0187474 0.00462204 -0.00633943 0.000615136 0.00582281 -0.00495423 -0.0120641 -0.0108497 -0.00608736 -0.00450817 0.00916024 -0.00121346 -0.00617413 0.00103327 0.0207669 0.0126033 0.00215989 0.00137705 0.00545171 0.00798323 0
internal_weight=99063 78757 20306 62992 24664 14539 6911 2480 15765 5767 7628 9947 38328 4431 8515 8982 7704 7481 5871 3365 2937 6783 4263 4872 721 19996 16160 3836 2618 1218
internal_count=99063 78757 20306 62992 24664 14539 6911 2480 15765 5767 7628 9947 38328 4431 8515 8982 7704 7481 5871 3365 2937 6783 4263 4872 721 19996 16160 3836 2618 1218
is_linear=0
shrinkage=0.03


Tree=75
num_leaves=31
num_cat=0
split_feature=21 21 22 16 25 1 16 28 10 21 12 21 28 25 8 8 12 27 1 10 28 9 2 9 28 16 1 10 10 25
split_gain=3125.77 1129.93 465.28 267.353 192.898 163.749 145.059 144.863 109.144 113.733 102.907 100.323 84.5045 77.4123 74.5623 94.8861 72.3694 72.2127 74.3102 64.5483 116.229 66.4667 90.6818 72.74 71.187 85.6027 64.8124 75.7194 63.6814 76.6574
threshold=9.550416666666667 3.367500000000001 0.95555648399106141 6.455000000000001 1.2308217738545608 -1.0499999999999998 12.115 952.55000000000007 8.5000000000000018 10.649583333333336 6.2550000000000008 2.21763888888889 949.85000000000002 2.2990322479942562 9.5000000000000018 2.5000000000000004 10.285000000000002 0.36648727148060622 20.950000000000003 7.5000000000000009 954.6500000000002 3.5000000000000004 1.2199807073947406 1.5000000000000002 960.35000000000002 12.665000000000001 9.6500000000000004 1.5000000000000002 10.500000000000002 1.1379655172413796
decision_type=2 2 2 8 2 2 8 2 2 2 8 2 2 2 2 2 10 2 2 2 2 2 2 2 2 8 2 2 2 2
left_child=1 7 4 5 12 28 -4 -1 17 -10 13 -9 -2 -5 15 -7 -16 18 -6 21 -21 22 26 -24 25 -23 27 -12 29 -3
right_child=2 3 6 10 8 14 -8 11 9 -11 19 -13 -14 -15 16 -17 -18 -19 -20 20 -22 24 23 -25 -26 -27 -28 -29 -30 -31
leaf_value=-0.00063426516162012761 0.0015542131078937736 0.0004728126097974844 0.0023006466646873845 0.00022689662868705758 0.0022005439015172954 7.1554147068283305e-05 0.0023387413085058828 -0.00068191544473119431 0.0019752053976863615 0.0023421645336478745 0.0040644577195967056 -0.00068689901294202238 0.0024269119324000065 -0.0009668651209387793 -0.00016862799684849659 -0.0012242894745675629 0.0062765704004445521 -0.0028943476164016661 -0.00064551781796768682 -0.00088720686123272129 0.0021351142521933656 0.00074256050704643974 -0.0029717178128028775 0.0043688505283721963 0.0059056007673953604 -0.0035108911358759341 0.0022641677508326084 0.007538126779432411 -0.00019740498039552814 -0.00090519369212851508
leaf_weight=7894 380 239 974 16483 3809 2878 4425 3393 2552 2563 461 6909 1254 4509 14173 5636 327 570 1079 3726 3584 3075 430 323 356 294 3075 919 803 2187
leaf_count=7894 380 239 974 16483 3809 2878 4425 3393 2552 2563 461 6909 1254 4509 14173 5636 327 570 1079 3726 3584 3075 430 323 356 294 3075 919 803 2187
internal_value=0.000140807 -0.00233083 0.0116041 -0.000441378 0.0083549 -0.00276021 0.018936 -0.00892039 0.00686614 0.0100137 0.00119307 -0.0112642 0.0179378 -0.000194313 -0.0018715 -0.00409907 -0.000562565 0.00390994 0.0050889 0.0029856 0.000894053 0.00469568 0.00688279 -0.00273087 0.00163271 0.000275637 0.00850897 0.0139061 -0.00908163 -0.0115014
internal_weight=99280 81674 17606 63478 12207 26243 5399 18196 10573 5115 37235 10302 1634 20992 23014 8514 14500 5458 4888 16243 7310 8933 5208 753 3725 3369 4455 1380 3229 2426
internal_count=99280 81674 17606 63478 12207 26243 5399 18196 10573 5115 37235 10302 1634 20992 23014 8514 14500 5458 4888 16243 7310 8933 5208 753 3725 3369 4455 1380 3229 2426
is_linear=0
shrinkage=0.03


Tree=76
num_leaves=31
num_cat=0
split_feature=21 21 22 21 25 10 16 16 26 1 10 26 23 25 26 1 10 23 24 15 20 9 2 14 15 9 17 10 9 10
split_gain=3035.38 1063.27 467.052 244.796 205.764 159.866 144.514 142.246 121.372 103.26 92.4259 99.4479 89.6145 84.8637 165.005 83.5042 76.4814 73.8609 73.6165 73.5148 66.3344 65.6263 65.5708 84.9608 64.2191 60.9499 66.7374 91.3665 66.5922 107.048
threshold=9.550416666666667 4.5213888888888905 0.9462517963145084 2.2641666666666684 1.2308217738545608 2.5000000000000004 11.945000000000002 8.8650000000000002 0.94828754594723541 1.0000000180025095e-35 8.5000000000000018 0.93038214053199464 4.1650000000000009 1.3790964742704597 0.79332313182700753 19.350000000000005 10.500000000000002 2.7850000000000006 3.1500000000000008 1.6700000000000008 4.1781490078386856 1.5000000000000002 1.1467225763640514 1.5703821191034963 0.35000000000000103 5.5000000000000009 5.1550000000000011 3.5000000000000004 1.5000000000000002 9.5000000000000018
decision_type=2 2 2 2 2 2 8 8 2 2 2 2 2 2 2 2 2 2 2 10 2 2 2 2 10 2 2 2 2 2
left_child=1 3 4 15 8 17 16 9 -2 19 11 -6 -12 14 -9 -1 -4 -5 -17 21 -15 -3 23 -8 -7 26 27 -11 -28 -30
right_child=2 7 6 5 10 24 22 13 -10 25 12 -13 -14 20 -16 18 -18 -19 -20 -21 -22 -23 -24 -25 -26 -27 28 -29 29 -31
leaf_value=-0.00066145798138925855 0.0022377332571072027 -0.0018282916149422012 0.0011470932673695261 -0.00067667668194088708 0.00011052942616293748 -0.00067304832104252165 0.0024134794789729495 -0.00025549140184303042 0.0023588553983426384 0.0037267411966756489 0.0012929446377807951 0.0023570739502128636 0.0022757375307978132 0.00039620875253719347 0.0035738757263799781 -0.0001652371330107758 0.0023435266716141288 0.00016781630300128318 -0.00069612274403671394 0.002292979043372897 0.0050483921617526474 -0.00077013143581607937 0.0022685790692507069 -0.00033204370044843668 -0.00030643401916787786 0.00097984777629819418 0.00080627044253134381 -0.0011954960260623212 -0.00071711303101234906 0.0013466075279494377
leaf_weight=4199 787 1358 762 3309 3262 15563 790 1704 816 436 1281 2029 3685 12329 2497 962 209 368 693 224 651 3639 3742 247 6868 3843 6484 4773 8775 2887
leaf_count=4199 787 1358 762 3309 3262 15563 790 1704 816 436 1281 2029 3685 12329 2497 962 209 368 693 224 651 3639 3742 247 6868 3843 6484 4773 8775 2887
internal_value=0.000134305 -0.00230461 0.0114278 -0.00657115 0.00802023 -0.00532608 0.0184431 0.000445116 0.0180037 -0.000724463 0.00645196 0.00368769 0.00939046 0.00265158 0.00635521 -0.0121147 0.00783811 -0.0111217 -0.00637952 -0.00458668 0.0014509 -0.00534386 0.0205874 0.0137908 -0.00437377 1.76451e-05 -0.000558647 -0.00355006 0.00030081 -0.00105426
internal_weight=99172 81562 17610 31962 11860 26108 5750 49600 1603 32419 10257 5291 4966 17181 4201 5854 971 3677 1655 5221 12980 4997 4779 1037 22431 27198 23355 5209 18146 11662
internal_count=99172 81562 17610 31962 11860 26108 5750 49600 1603 32419 10257 5291 4966 17181 4201 5854 971 3677 1655 5221 12980 4997 4779 1037 22431 27198 23355 5209 18146 11662
is_linear=0
shrinkage=0.03


Tree=77
num_leaves=31
num_cat=0
split_feature=21 21 22 21 25 16 16 28 12 26 23 26 25 26 24 8 28 28 28 28 16 28 11 16 26 27 25 16 28 0
split_gain=3012.42 965.736 454.039 263.832 207.042 149.919 127.826 119.618 116.791 110.02 103.027 105.717 90.9266 104.245 104.006 86.1941 81.5592 79.4853 105.125 78.6595 78.3173 72.1213 71.0185 71.4773 63.1267 62.9349 100.801 65.8783 59.4725 56.462
threshold=9.550416666666667 4.4854166666666684 0.9462517963145084 2.21763888888889 1.2308217738545608 12.115 8.8650000000000002 952.55000000000007 2.5950000000000002 0.94828754594723541 4.1650000000000009 -0.90992662233962551 2.1046089475378182 0.79332313182700753 7.7500000000000009 11.500000000000002 948.75000000000011 953.45000000000016 945.35000000000002 959.25000000000011 6.2250000000000005 957.85000000000002 2.4950000000000006 4.5150000000000006 -0.90992662233962551 0.06104621499353461 1.7390952011838492 7.6050000000000013 960.55000000000007 5.9450000000000012
decision_type=2 2 2 2 2 8 8 2 8 2 2 2 2 2 2 2 2 2 2 2 10 2 10 10 2 2 2 10 2 2
left_child=1 3 4 16 9 -4 15 -5 20 -2 -6 -12 13 28 -15 17 -1 18 24 -13 -9 -16 -19 -24 -3 26 -25 -28 29 -8
right_child=2 6 5 7 10 -7 12 8 -10 -11 11 19 -14 14 21 -17 -18 22 -20 -21 -22 -23 23 25 -26 -27 27 -29 -30 -31
leaf_value=-0.00056421857433677531 0.0023004207265961553 -0.0023304763446219622 0.0021678072880658471 -0.0004780323839584715 0.00078137532263342633 0.0022005216971731855 0.0014768119292120723 -0.00065072597793060314 -0.0006286363001331601 0.0022838444888000175 0.0015325992361615724 0.0019701067487641541 -0.00015497845190436176 0.0017279990633250327 0.0028013306951763105 0.00016861843990377599 -0.00064161424194758077 0.0012810984434095038 0.000684867675977098 0.0024620428534636927 0.00056314736437176329 0.004909926929983135 -0.0020346362549988218 -0.0021539664872333212 -0.00023623728499219148 -0.0017507264125646987 -0.00032037028680904922 0.0043095665663941034 0.0019303209192938872 -0.0012849084133599931
leaf_weight=1268 791 1064 1138 12389 2671 4657 1032 6241 6897 820 4039 2163 6048 4420 1631 18292 4201 459 5292 1325 454 697 840 1354 1143 2287 1372 684 819 2439
leaf_count=1268 791 1064 1138 12389 2671 4657 1032 6241 6897 820 4039 2163 6048 4420 1631 18292 4201 459 5292 1325 454 697 840 1354 1143 2287 1372 684 819 2439
internal_value=0.000137367 -0.00229847 0.0113874 -0.00641488 0.0080066 0.0182638 0.000297726 -0.00515239 -0.00709568 0.0179889 0.00642164 0.00821694 0.00240126 0.00402065 0.00634385 -0.00079867 -0.0124023 -0.00252621 -0.000379797 0.0120412 -0.00991791 0.0114702 -0.00482502 -0.00562672 -0.00587251 -0.00441424 -0.00182723 0.00235808 0.000363213 -0.00135501
internal_weight=98927 81323 17604 31450 11809 5795 49873 25981 13592 1611 10198 7527 17086 11038 6748 32787 5469 14495 7499 3488 6695 2328 6996 6537 2207 5697 3410 2056 4290 3471
internal_count=98927 81323 17604 31450 11809 5795 49873 25981 13592 1611 10198 7527 17086 11038 6748 32787 5469 14495 7499 3488 6695 2328 6996 6537 2207 5697 3410 2056 4290 3471
is_linear=0
shrinkage=0.03


Tree=78
num_leaves=31
num_cat=0
split_feature=21 21 22 21 25 16 10 25 29 8 10 10 10 29 16 21 8 21 14 29 9 17 8 16 14 14 17 9 27 25
split_gain=2925.97 957.909 468.21 288.13 192.185 132.253 117.523 109.826 108.421 114.315 141.334 98.7136 85.8151 112.933 82.6357 80.6653 77.9711 74.8056 74.7003 65.2374 96.2124 97.014 61.5358 63.2878 60.7255 59.4406 58.7365 58.3708 95.6399 80.5091
threshold=9.550416666666667 3.1333333333333342 0.95555648399106141 5.8637500000000005 1.2308217738545608 12.365 2.5000000000000004 1.1687631856540086 91.500000000000014 9.5000000000000018 1.5000000000000002 8.5000000000000018 1.5000000000000002 61.500000000000007 8.1450000000000014 10.649583333333336 12.500000000000002 2.2641666666666684 0.70500591014071456 33.500000000000007 2.5000000000000004 6.995000000000001 13.500000000000002 4.2350000000000012 0.80523288556789818 1.1905040949110479 3.0150000000000001 1.0000000180025095e-35 0.095842103007655569 2.090431610105322
decision_type=2 2 2 2 2 8 2 2 2 2 2 2 2 2 10 2 2 2 2 2 2 2 2 8 2 2 2 2 2 2
left_child=1 6 4 8 -2 24 22 14 9 10 -3 25 13 -9 -5 -13 18 -8 -15 -11 21 -21 -1 -24 -4 27 -12 28 -6 -29
right_child=2 3 5 7 11 -7 17 12 -10 19 26 15 -14 16 -16 -17 -18 -19 -20 20 -22 -23 23 -25 -26 -27 -28 29 -30 -31
leaf_value=-0.00062236581468915332 0.0021771973668101483 -0.00083536628030490021 0.0021345060462579887 0.00051749127815438388 0.0017210878534234997 0.0021345060462579887 -0.00062236581468915332 -0.0034152585019153517 0.0029793974571051553 -0.00067385593017607408 -4.88733498055861e-05 0.0018793111014414076 0.00043936680598221977 -0.0014382837661840041 0.0031262507106927248 0.0021402798790146216 0.0014860723423231481 -0.00061943584736659095 0.0029670796341141176 -0.00010432049633536402 0.00049045077904491335 -0.0011252395276966196 -0.00062236581468915332 0.00083208826827003014 0.001096751208486758 -0.0010398049675412889 -0.00086643839895174206 0.0022201322868678169 -0.0040843410322495329 -0.0013072922063268344
leaf_weight=1301 1626 1170 615 2523 350 4127 4933 738 309 5861 2742 2569 26612 1133 2171 2560 999 8098 452 3824 6816 1517 824 246 585 1084 9341 2950 252 855
leaf_count=1301 1626 1170 615 2523 350 4127 4933 738 309 5861 2742 2569 26612 1133 2171 2560 999 8098 452 3824 6816 1517 824 246 585 1084 9341 2950 252 855
internal_value=0.000159999 -0.00223121 0.0112624 -0.000663314 0.0080271 0.0186853 -0.00896865 0.00122658 -0.00273548 -0.00291118 -0.00502564 0.00655059 0.000557133 -0.00398557 0.00549053 0.00954227 -0.0010197 -0.0078452 -0.00515094 -0.00135494 -0.000101135 -0.00311448 -0.0151136 -0.00971163 0.00985892 0.00375 -0.00405774 0.00529692 -0.00336079 0.00666929
internal_weight=99183 81610 17573 66208 12246 5327 15402 34628 31580 31271 13253 10620 29934 3322 4694 5129 2584 13031 1585 18018 12157 5341 2371 1070 1200 5491 12083 4407 602 3805
internal_count=99183 81610 17573 66208 12246 5327 15402 34628 31580 31271 13253 10620 29934 3322 4694 5129 2584 13031 1585 18018 12157 5341 2371 1070 1200 5491 12083 4407 602 3805
is_linear=0
shrinkage=0.03


Tree=79
num_leaves=31
num_cat=0
split_feature=21 21 22 21 25 16 26 10 16 1 10 26 25 26 24 15 1 23 24 10 17 23 9 1 14 1 15 16 8 14
split_gain=2787.17 944.449 431.885 240.272 184.535 175.145 144.997 138.599 133.922 107.487 99.127 102.851 89.5926 116.407 107.307 87.3121 83.2746 78.2021 72.954 71.8374 71.4131 71.2812 65.7491 62.4094 82.903 60.2484 54.5055 54.7881 60.2837 52.8795
threshold=9.6062500000000028 4.4854166666666684 0.9462517963145084 2.2641666666666684 1.3150649059982096 12.115 0.91702515554752073 2.5000000000000004 8.8650000000000002 1.0000000180025095e-35 8.5000000000000018 0.94828754594723541 2.1046089475378182 0.79332313182700753 7.0500000000000007 0.93000000000000005 19.350000000000005 2.7850000000000006 3.1500000000000008 9.5000000000000018 10.215000000000002 4.205000000000001 1.5000000000000002 15.450000000000001 1.0493331215586346 8.8500000000000032 0.4000000000000013 3.6750000000000003 16.500000000000004 0.38083242158901315
decision_type=2 2 2 2 2 8 2 2 8 2 2 2 2 2 2 10 2 2 2 2 2 2 2 2 2 2 10 10 2 2
left_child=1 3 4 16 6 -4 -2 17 9 15 11 20 13 -10 -15 22 -1 29 -18 -14 -6 -12 -3 -7 -25 -21 27 28 -9 -5
right_child=2 8 5 7 10 23 -8 26 12 -11 21 -13 19 14 -16 -17 18 -19 -20 25 -22 -23 -24 24 -26 -27 -28 -29 -30 -31
leaf_value=-0.00060369484024847876 0.0019501445000850793 -0.0018524282066796312 0.0019673364044700535 -0.00061829945396481626 0.0022806928023419901 0.0020704708648702497 0.0021537702085825581 -0.00063586629571541506 3.9244529106927934e-05 -2.180652423190557e-05 0.0013154285485356613 0.0022378714073350869 0.00075037443889016038 0.0012117808359622801 0.0033425138860913813 0.0012192988277139128 -0.00015961588788583836 0.00034172478885329455 -0.00062362339781017588 -0.00070167471701855391 -0.0016883201126030555 0.0020800248380514631 -0.00086384646485963997 0.0022110242623008245 0.0011895932803443743 -0.004298915867524628 -0.00025909045012732416 -0.00050055836854558003 -0.00031852328462771688 -0.00061848556421584722
leaf_weight=4281 1194 1308 1123 1215 993 3701 1221 6335 4409 27651 1246 1705 3782 3873 3104 684 980 381 698 1981 1825 3185 3406 532 402 397 6376 7310 1970 2067
leaf_count=4281 1194 1308 1123 1215 993 3701 1221 6335 4409 27651 1246 1705 3782 3873 3104 684 980 381 698 1981 1825 3185 3406 532 402 397 6376 7310 1970 2067
internal_value=7.15724e-05 -0.00222228 0.0110793 -0.00628977 0.00768331 0.017772 0.0150372 -0.00502748 0.000319565 -0.000805046 0.0056926 0.00256405 0.00243747 0.0040137 0.00642366 -0.00467518 -0.0117153 -0.010428 -0.00602496 -0.000476886 -0.000956429 0.00887962 -0.00612842 0.020347 0.0132907 -0.00455728 -0.00412575 -0.00508003 -0.00674729 -0.0119197
internal_weight=99335 82208 17127 31613 11369 5758 2415 25654 50595 33049 8954 4523 17546 11386 6977 5398 5959 3663 1678 6160 2818 4431 4714 4635 934 2378 21991 15615 8305 3282
internal_count=99335 82208 17127 31613 11369 5758 2415 25654 50595 33049 8954 4523 17546 11386 6977 5398 5959 3663 1678 6160 2818 4431 4714 4635 934 2378 21991 15615 8305 3282
is_linear=0
shrinkage=0.03


Tree=80
num_leaves=31
num_cat=0
split_feature=21 21 22 12 25 26 16 10 28 2 16 25 26 27 23 12 28 26 29 16 2 10 2 28 29 25 10 28 10 20
split_gain=2766.02 988.268 377.358 309.266 155.327 134.219 132.979 131.891 128.796 114.974 96.9655 101.521 169.597 137.319 99.9649 94.6483 92.7908 92.4351 88.1322 73.8002 65.1329 64.6954 78.9729 64.5075 94.003 83.8542 80.5736 145.853 82.1624 78.3243
threshold=9.8404166666666697 3.1650000000000005 0.95555648399106141 5.0050000000000008 1.2308217738545608 0.94828754594723541 12.115 8.5000000000000018 952.55000000000007 1.2105928009887366 7.3150000000000004 2.090431610105322 0.79332313182700753 0.1218693434051476 4.1250000000000009 1.9850000000000001 958.85000000000002 0.9426055981926128 82.500000000000014 4.2350000000000012 1.2137060082547351 9.5000000000000018 1.1604171917441992 960.55000000000007 71.500000000000014 1.633213429256595 7.5000000000000009 954.45000000000016 8.5000000000000018 2.2114917665079488
decision_type=2 2 2 8 2 2 8 2 2 2 8 2 2 2 2 8 2 2 2 10 2 2 2 2 2 2 2 2 2 2
left_child=1 8 4 9 5 -2 -4 17 -1 18 -5 12 23 21 -14 19 -16 -6 -3 -10 -18 -13 -23 24 25 26 27 -12 -28 -26
right_child=2 3 6 10 7 -7 -8 -9 15 -11 11 13 14 -15 16 -17 20 -19 -20 -21 -22 22 -24 -25 29 -27 28 -29 -30 -31
leaf_value=-0.00055754180761545687 0.0018500703430786179 -0.00045250571447650088 0.0020185131038779934 -0.00015632242862708865 3.5280946676206069e-05 0.0021182058946897773 0.002008356738924143 0.0020182329454473424 -0.00058558399504102427 -0.00064448251227527226 0.0026468523613451551 0.0020333146100117699 0.0012255876989880397 -0.0016607297414457931 0.0023665298689700162 -0.00058669840449759327 0.0044711677522402691 0.0020580311377906189 0.001246002946509927 -0.00044992246036051908 0.0037836173007987171 -0.0037510991808418458 0.00047409053725443125 0.0020838621543200929 -0.0031168585178586923 0.0039602997891074248 -0.0038619008378041179 -0.0043522000863524691 0.0003347387206405808 0.001175408861892912
leaf_weight=6746 619 22939 954 13728 2959 706 4362 4357 4508 6371 1503 2934 3711 3076 3123 3985 793 1630 1289 533 395 236 862 1503 1086 1559 744 381 846 534
leaf_count=6746 619 22939 954 13728 2959 706 4362 4357 4508 6371 1503 2934 3711 3076 3123 3985 793 1630 1289 533 395 236 862 1503 1086 1559 744 381 846 534
internal_value=0.000125484 -0.00204305 0.0117233 -0.000465409 0.00835831 0.0179323 0.0182109 0.00693107 -0.00880396 -0.00269671 0.00137929 0.00255807 0.00387073 -0.000430198 0.00696649 -0.0111483 0.0100718 0.00337614 -0.00175298 -0.0138823 0.0172003 0.0032103 -0.00299184 0.000823429 -0.00044608 0.00157801 -0.00101753 0.00317628 -0.00598119 -0.00672
internal_weight=98972 83385 15587 67613 10271 1325 5316 8946 15772 30599 37014 23286 16178 7108 8022 9026 4311 4589 24228 5041 1188 4032 1098 8156 6653 5033 3474 1884 1590 1620
internal_count=98972 83385 15587 67613 10271 1325 5316 8946 15772 30599 37014 23286 16178 7108 8022 9026 4311 4589 24228 5041 1188 4032 1098 8156 6653 5033 3474 1884 1590 1620
is_linear=0
shrinkage=0.03


Tree=81
num_leaves=31
num_cat=0
split_feature=21 21 22 12 25 16 28 1 28 17 10 29 16 23 10 29 16 28 9 18 16 29 8 1 28 25 9 28 28 25
split_gain=2717.62 930.281 404.036 265.575 171.388 171.222 134.664 133.663 102.128 97.1257 90.7286 80.794 71.3149 69.1744 74.4609 68.1345 71.1564 91.7862 102.468 67.0425 65.9396 67.8035 96.9468 97.1786 87.9656 60.5868 60.5436 88.448 73.1666 58.2205
threshold=9.6062500000000028 3.0937500000000004 0.9462517963145084 4.955000000000001 1.3150649059982096 12.115 953.75000000000011 -1.0000000180025095e-35 957.05000000000007 6.1450000000000005 8.5000000000000018 86.500000000000014 9.6350000000000033 0.72500000000000009 9.5000000000000018 90.500000000000014 6.9050000000000011 958.75000000000011 3.5000000000000004 8.2550000000000008 3.3750000000000004 22.500000000000004 11.500000000000002 19.350000000000005 952.6500000000002 1.1018358745970613 1.0000000180025095e-35 950.25000000000011 953.35000000000002 1.1825669610048959
decision_type=2 2 2 8 2 8 2 2 2 2 2 2 10 2 2 2 8 2 2 10 8 2 2 2 2 2 2 2 2 2
left_child=1 6 4 7 8 -4 -1 15 12 -5 26 20 -2 -8 -15 16 25 -18 -19 -12 -9 24 23 -23 -22 -3 28 -28 -6 -11
right_child=2 3 5 9 10 -7 13 11 -10 29 19 -13 -14 14 -16 -17 17 18 -20 -21 21 22 -24 -25 -26 -27 27 -29 -30 -31
leaf_value=-0.00055316783024538375 -0.0012081320259926653 5.3048234429197006e-05 0.0018578520351693671 -0.00030238854364849043 0.0022112135898714456 0.0019481060367564174 -0.00056801647518979351 -0.00085020939292127374 0.0020577240036254068 0.0017229576704645665 0.00028170601978421973 0.0018968601802729103 0.0019986042290171735 -0.00056801647518979351 -0.00048761390509718765 0.0014897357083236097 -0.0020150528681569949 -0.00074724347362053079 0.0023985680524894835 0.0020026336354292819 -0.00056075287333006145 -0.00099062988309459119 0.00039572946318255892 0.00038468336155370421 -0.0029635298584644609 -0.0007170528510624792 -0.0012749306638314029 0.0021048347262020138 -0.0036275478428298745 0.00049361268430260453
leaf_weight=7121 278 409 1142 11116 316 4684 1800 4540 762 4445 722 602 1442 3605 2457 252 1061 1168 630 3731 1223 5942 8337 3436 277 3053 1121 2753 330 20505
leaf_count=7121 278 409 1142 11116 316 4684 1800 4540 762 4445 722 602 1442 3605 2457 252 1061 1168 630 3731 1223 5942 8337 3436 277 3053 1121 2753 330 20505
internal_value=6.64887e-05 -0.00221275 0.0108764 -0.000701184 0.00759948 0.0173075 -0.00896918 -0.00274059 0.0145718 0.00104793 0.00566384 -0.00171538 0.0104696 -0.0116766 -0.0101269 -0.00653542 -0.0071467 -0.00363478 0.000499168 0.00870121 -0.00199116 -0.00122216 -0.000702596 -0.00279442 -0.00733555 -0.0100375 0.00266519 0.00408353 -0.00580645 0.00208696
internal_weight=99260 81979 17281 66996 11455 5826 14983 30930 2482 36066 8973 24357 1720 7862 6062 6573 6321 2859 1798 4453 23755 19215 17715 9378 1500 3462 4520 3874 646 24950
internal_count=99260 81979 17281 66996 11455 5826 14983 30930 2482 36066 8973 24357 1720 7862 6062 6573 6321 2859 1798 4453 23755 19215 17715 9378 1500 3462 4520 3874 646 24950
is_linear=0
shrinkage=0.03


Tree=82
num_leaves=31
num_cat=0
split_feature=21 21 22 16 25 16 2 2 5 12 29 10 10 12 2 25 15 24 29 17 29 9 2 2 29 24 0 20 15 8
split_gain=2551.69 875.137 429.389 285.018 174.558 159.538 141.37 122.687 132.116 109.045 87.4177 88.743 81.3105 80.5095 83.0853 80.1164 74.9041 73.7634 67.0385 65.8902 65.5154 77.3261 63.2518 62.3535 61.0852 63.0888 63.7973 57.9648 55.6188 55.4039
threshold=9.550416666666667 3.0937500000000004 0.9462517963145084 5.9850000000000012 1.2308217738545608 12.175000000000002 1.2172836238494931 1.1310194247854148 0.027770655685583772 6.2550000000000008 83.500000000000014 11.500000000000002 7.5000000000000009 8.0750000000000011 1.1225646409637664 2.2990322479942562 0.42999999999999988 3.0500000000000003 74.500000000000014 5.9850000000000012 22.500000000000004 3.5000000000000004 1.2208823931232466 1.2119250748871944 85.500000000000014 3.2500000000000004 3.5150000000000001 0.9371543765176954 1.0649999999999997 10.500000000000002
decision_type=2 2 2 8 2 8 2 2 2 8 2 2 2 10 2 2 10 2 2 2 2 2 2 2 2 2 2 2 10 2
left_child=1 7 4 6 27 -4 16 17 18 15 12 -12 -11 22 -15 20 29 -1 -9 -14 21 -5 -6 -20 25 26 -17 -2 -8 -3
right_child=2 3 5 9 13 -7 28 8 -10 10 11 -13 19 14 -16 24 -18 -19 23 -21 -22 -23 -24 -25 -26 -27 -28 -29 -30 -31
leaf_value=-0.00012217531519861791 0.00041715408223088165 -0.00090132463561090224 0.0018175265955408992 0.00039093155758387064 0.0015207870941603007 0.0018896628556537242 -0.00061301550186692764 -0.00055097598093409967 -0.00055097598093409967 0.002188569049605685 -0.0026288962327862086 0.0069761760315792476 -0.0017906930803926085 0.00026252568544478882 0.0018879342921595498 -0.00034425153677856393 4.4139022569035235e-05 -0.0005715934067400453 -0.00031196122873400383 0.00089708672837103597 0.00024965659880595844 -0.0031389856942062012 -0.0030311250146853397 -0.00055097598093409967 0.0028957231572822972 -0.00057224782508859425 -0.0020093361137726276 0.0019613902468407361 0.00018344677428056038 -0.00038119541361825306
leaf_weight=2280 231 6883 1217 571 2208 4578 2428 3186 5191 8667 1049 276 1418 1261 5963 543 7087 2921 795 5791 17844 532 727 637 215 3169 1063 1350 345 8583
leaf_count=2280 231 6883 1217 571 2208 4578 2428 3186 5191 8667 1049 276 1418 1261 5963 543 7087 2921 795 5791 17844 532 727 637 215 3169 1063 1350 345 8583
internal_value=2.4542e-05 -0.00220989 0.0104042 -0.000732071 0.00710089 0.0170845 -0.00323556 -0.00875125 -0.0107265 0.000809372 0.00263106 -0.0047594 0.00324917 0.0056523 0.00735371 -0.000499958 -0.00244836 -0.00501921 -0.0144192 0.000894095 0.000390988 -0.00668773 0.00145918 -0.00897704 -0.00387988 -0.00458787 -0.00942272 0.0163619 -0.00962203 -0.00361838
internal_weight=99009 81474 17535 66464 11740 5795 25326 15010 9809 41138 17201 1325 15876 10159 7224 23937 22553 5201 4618 7209 18947 1103 2935 1432 4990 4775 1606 1581 2773 15466
internal_count=99009 81474 17535 66464 11740 5795 25326 15010 9809 41138 17201 1325 15876 10159 7224 23937 22553 5201 4618 7209 18947 1103 2935 1432 4990 4775 1606 1581 2773 15466
is_linear=0
shrinkage=0.03


Tree=83
num_leaves=31
num_cat=0
split_feature=21 21 21 12 25 16 1 26 10 29 12 28 25 11 16 16 28 9 28 25 10 28 10 28 9 1 28 16 14 27
split_gain=2365.93 836.361 517.353 236.855 186.456 172.455 131.968 122.768 116.195 87.7744 81.723 77.7816 79.0807 96.6254 76.8362 76.1034 74.7107 132.431 72.6169 98.4493 85.5988 120.468 71.2009 78.1014 77.3753 70.4641 69.565 68.6041 67.3114 67.0844
threshold=9.3362500000000015 3.0937500000000004 11.915833333333333 5.0050000000000008 1.2308217738545608 12.175000000000002 -0.24999999999999997 0.94828754594723541 2.5000000000000004 55.500000000000007 2.2350000000000008 959.45000000000016 2.0215880610617458 10.695000000000002 3.6750000000000003 7.5050000000000008 958.85000000000002 3.5000000000000004 960.55000000000007 2.0971607702642188 1.5000000000000002 952.85000000000002 6.5000000000000009 954.1500000000002 5.5000000000000009 4.6500000000000012 942.75000000000011 3.7250000000000005 0.37687309977407896 0.33379414889141285
decision_type=2 2 2 8 2 8 2 2 2 2 10 2 2 10 10 8 2 2 2 2 2 2 2 2 2 2 2 8 2 2
left_child=1 8 4 6 7 -4 15 -2 -1 25 14 -6 13 -13 -10 -3 28 -18 20 -20 21 -5 -22 24 -24 -8 -26 -11 -17 -25
right_child=2 3 5 18 11 -7 9 -9 10 27 -12 12 -14 -15 -16 16 17 -19 19 -21 22 -23 23 29 26 -27 -28 -29 -30 -31
leaf_value=-0.0005344467015060767 0.0017510436343015855 -0.00063075264278805352 0.0017502361214676819 0.0056108333805895824 0.0011542938430114391 0.0018329729699841123 -0.0016750185355772242 0.0018815905971944506 -0.0005344467015060767 -0.00069179379443929918 -0.00043552766228767133 0.0021475750424201278 2.5830098475462802e-05 -0.00018026410905470967 -0.00046471114796105999 -0.0023732123367641604 -0.00073231586737609389 0.0032060324876228242 0.002497361563108915 -0.00096814372967695848 0.0008584975482634243 -0.0017561848030440458 -0.0008765439527885846 0.0019641918269326284 -0.0021845236600499217 -0.00052578370026423662 0.0022357379889914389 0.00032579006910181727 -0.0008436668041869916 -0.00093471780617700531
leaf_weight=2389 903 3913 1337 229 8049 4660 758 910 6048 2276 5056 1977 728 466 1550 345 1047 567 4228 1332 11458 1509 9187 2933 209 13255 1432 8673 539 1137
leaf_count=2389 903 3913 1337 229 8049 4660 758 910 6048 2276 5056 1977 728 466 1550 345 1047 567 4228 1332 11458 1509 9187 2933 209 13255 1432 8673 539 1137
internal_value=3.02709e-06 -0.00225688 0.00950985 -0.000781923 0.00615048 0.0167994 -0.00265696 0.015066 -0.00863038 -0.0016702 -0.00747926 0.00470379 0.00868073 0.0112623 -0.00944627 -0.0064947 -0.00239712 0.00144534 0.000966161 0.00409704 0.00034592 -0.00609294 0.000771594 -0.000595853 -0.00192744 -0.00324226 0.0040644 0.000342341 -0.00938133 0.00294479
internal_weight=99100 80070 19030 65027 13033 5997 31373 1813 15043 24962 12654 11220 3171 2443 7598 6411 2498 1614 33654 5560 28094 1738 26356 14898 10828 14013 1641 10949 884 4070
internal_count=99100 80070 19030 65027 13033 5997 31373 1813 15043 24962 12654 11220 3171 2443 7598 6411 2498 1614 33654 5560 28094 1738 26356 14898 10828 14013 1641 10949 884 4070
is_linear=0
shrinkage=0.03


Tree=84
num_leaves=31
num_cat=0
split_feature=16 21 24 28 16 16 28 12 28 28 27 5 27 16 29 8 8 28 29 28 17 16 10 29 29 28 10 8 12 8
split_gain=2424.63 779.785 664.302 243.485 209.469 147.588 123.557 121.388 120.565 119.853 102.683 90.3147 81.6829 81.1667 79.7559 100.455 66.6598 65.9472 64.8546 92.2017 76.4785 63.2189 62.525 98.2596 61.4334 60.8354 75.3347 60.6763 59.7957 58.2186
threshold=10.255000000000001 3.0937500000000004 9.2500000000000018 950.55000000000007 4.5550000000000006 14.295000000000002 965.95000000000016 5.3550000000000013 952.6500000000002 953.05000000000007 -0.026175951569892126 0.027770655685583772 0.31729257441605191 13.385000000000003 63.500000000000007 8.5000000000000018 6.5000000000000009 950.05000000000007 71.500000000000014 960.85000000000002 6.1450000000000005 4.1850000000000014 1.5000000000000002 80.500000000000014 18.500000000000004 940.6500000000002 8.5000000000000018 13.500000000000002 8.7450000000000028 13.500000000000002
decision_type=10 2 2 2 8 10 2 8 2 2 2 2 2 10 2 2 2 2 2 2 2 10 2 2 2 2 2 2 10 2
left_child=1 8 6 13 9 10 28 22 25 14 -5 21 29 -4 15 17 -12 -3 20 -20 -9 -10 23 27 -24 -1 -27 -6 -2 -11
right_child=2 4 3 5 7 -7 -8 18 11 12 16 -13 -14 -15 -16 -17 -18 -19 19 -21 -22 -23 24 -25 -26 26 -28 -29 -30 -31
leaf_value=-0.00068373721873471016 0.00075616666520699871 -0.0011261003376737896 0.0013078418005387465 0.00177798378088459 -0.0014954196195797749 0.00177798378088459 0.0021093799427328113 -0.00029255933512046639 -0.00051841330046089446 -0.00072298909862417008 0.001480274536168109 -0.00051841330046089446 2.2527950560553565e-05 0.0023013027699294408 0.0011702280174208436 -0.00015838088498482282 0.00177798378088459 0.00049219622553783383 -0.0011914328412316023 0.0013331981665467151 0.001323327572494094 -0.0002157108207584029 -0.0015584161860579357 0.00074799207865366784 -0.00014394658544686646 -0.0002656046679879768 -0.00060454549165494663 -0.00066405296146175043 0.00177798378088459 -0.0005056486545334456
leaf_weight=467 7832 1876 2002 3038 1048 1420 502 4789 3565 3314 364 4605 1104 612 1608 4908 3590 353 4091 2309 14200 384 835 631 19542 4348 1611 840 1553 1791
leaf_count=467 7832 1876 2002 3038 1048 1420 502 4789 3565 3314 364 4605 1104 612 1608 4908 3590 353 4091 2309 14200 384 835 631 19542 4348 1611 840 1553 1791
internal_value=1.87619e-05 -0.00240732 0.00909121 0.0141528 -0.000949181 0.0166378 0.00344218 1.18037e-05 -0.00856056 -0.00405107 0.0148264 -0.0108938 -0.00723688 0.00613975 -0.00178629 -0.00314618 0.0180197 -0.00841987 0.0014401 -0.00117096 0.00232021 -0.0142261 -0.00157198 -0.00602615 -0.00102002 -0.00544861 -0.00462274 -0.00944532 0.00266134 -0.00883562
internal_weight=99132 78219 20913 11026 63239 8412 9887 48285 14980 14954 6992 8554 6209 2614 8745 7137 3954 2229 25389 6400 18989 3949 22896 2519 20377 6426 5959 1888 9385 5105
internal_count=99132 78219 20913 11026 63239 8412 9887 48285 14980 14954 6992 8554 6209 2614 8745 7137 3954 2229 25389 6400 18989 3949 22896 2519 20377 6426 5959 1888 9385 5105
is_linear=0
shrinkage=0.03


Tree=85
num_leaves=31
num_cat=0
split_feature=21 21 22 16 25 16 1 26 28 10 12 27 25 26 21 12 10 29 10 29 28 10 27 16 0 1 20 1 28 16
split_gain=2328.23 800.064 488.981 227.171 220.92 169.392 129.034 116.015 114.013 104.969 89.7974 89.253 82.0983 91.2512 78.0942 68.286 64.5406 81.0972 106.736 67.9555 64.7861 65.1672 73.2048 63.1202 59.5043 59.4067 58.7009 58.0009 76.4662 54.0859
threshold=9.4462500000000009 3.0937500000000004 0.95555648399106141 5.0550000000000006 1.2308217738545608 12.115 -1.2499999999999998 0.94828754594723541 959.55000000000007 2.5000000000000004 5.6050000000000013 0.2334364749717662 2.0215880610617458 -0.96811077628253228 2.2641666666666684 8.3450000000000006 4.5000000000000009 55.500000000000007 1.5000000000000002 24.500000000000004 962.35000000000002 6.5000000000000009 -0.25881904510252068 15.235000000000001 7.5450000000000008 23.450000000000003 2.1325024423445771 1.0000000180025095e-35 958.45000000000016 10.155000000000003
decision_type=2 2 2 8 2 8 2 2 2 2 8 2 2 2 2 10 2 2 2 2 2 2 2 8 2 2 2 2 2 10
left_child=1 9 4 6 7 26 -3 -2 15 -1 16 -8 13 29 -11 -6 17 18 -5 -20 21 -18 -23 -7 -15 -17 -4 -19 -29 -10
right_child=2 3 5 10 8 23 11 -9 12 14 -12 -13 -14 24 -16 25 20 27 19 -21 -22 22 -24 -25 -26 -27 -28 28 -30 -31
leaf_value=-0.00050286090144706754 0.0018426625593684764 -0.00052712202385282638 0.0017811609590426647 -0.0028688407783078363 -0.00020670306089870137 0.0017246442674580531 -0.00070297451027715211 0.001796708795444346 -0.0031975487328141116 -0.00050286090144706754 0.00064299832669606374 0.00018504209390238002 0.0003806707000290066 0.0015856138739295494 -0.00049905368948017397 0.0016005175654436531 0.0011174983259872435 -0.00064161711972103986 -0.0029782935001044447 -0.00054198630586399261 0.001681751032620074 0.00073498594031582917 -0.00076700041222962153 0.0017246442674580531 0.0019735178294453377 -0.00021289972454016258 -0.00057156629523132162 -0.00010015764980498526 0.0024891422197015618 0.0015163512779288646
leaf_weight=2350 870 2282 587 396 2740 3458 11686 911 211 4908 23693 4471 655 274 7693 4442 2481 3842 445 1784 1653 2962 7830 986 1676 964 378 1672 623 285
leaf_count=2350 870 2282 587 396 2740 3458 11686 911 211 4908 23693 4471 655 274 7693 4442 2481 3842 445 1784 1653 2962 7830 986 1676 964 378 1672 623 285
internal_value=0.000140909 -0.00205494 0.0097587 -0.000631675 0.00660631 0.0173384 -0.00345641 0.016411 0.0050471 -0.0083184 0.00046786 -0.00251145 0.00993883 0.0124602 -0.00722751 0.00317998 -0.000838222 -0.00288126 -0.00728897 -0.00471352 0.000361664 -0.000336647 -0.00134482 0.0198112 0.015376 0.00513399 0.00590722 -0.000991534 0.00277826 0.000958084
internal_weight=99208 80771 18437 65820 13028 5409 18439 1781 11247 14951 47381 16157 3101 2446 12601 8146 23688 8762 2625 2229 14926 13273 10792 4444 1950 5406 965 6137 2295 496
internal_count=99208 80771 18437 65820 13028 5409 18439 1781 11247 14951 47381 16157 3101 2446 12601 8146 23688 8762 2625 2229 14926 13273 10792 4444 1950 5406 965 6137 2295 496
is_linear=0
shrinkage=0.03


Tree=86
num_leaves=31
num_cat=0
split_feature=16 23 16 28 12 5 1 26 16 1 17 28 24 8 28 29 16 26 23 28 16 24 18 1 28 12 16 28 11 8
split_gain=2281.73 784.118 690.136 271.75 216.428 211.318 161.162 154.142 167.215 139.603 93.2679 80.0622 74.174 73.99 73.7168 73.03 72.4334 68.7145 251.239 95.3151 79.8208 84.0665 92.8934 78.0791 77.8623 80.078 77.8258 75.5998 75.3146 58.4418
threshold=10.405000000000003 5.0750000000000011 3.6750000000000003 950.75000000000011 4.7550000000000008 0.031837191419278175 -1.6499999999999997 0.91702515554752073 12.505000000000001 19.750000000000004 5.1550000000000011 966.1500000000002 2.2500000000000004 17.500000000000004 956.35000000000002 87.500000000000014 13.385000000000003 0.79332313182700753 3.7550000000000003 957.95000000000016 3.7250000000000005 9.4500000000000011 8.0350000000000019 2.0500000000000003 944.1500000000002 11.035000000000002 4.4050000000000011 959.95000000000016 4.4250000000000007 14.500000000000002
decision_type=10 2 8 2 8 2 2 2 10 2 2 2 2 2 2 2 10 2 2 2 10 2 10 2 2 10 10 2 10 2
left_child=2 11 5 16 6 9 12 8 -5 -1 -6 -2 -4 14 -7 -8 -3 20 26 -20 27 22 -22 -21 -23 -26 -19 -12 -28 -14
right_child=1 3 4 7 10 13 15 -9 -10 -11 17 -13 29 -15 -16 -17 -18 18 19 23 21 24 -24 -25 25 -27 28 -29 -30 -31
leaf_value=-0.00048777507440365557 0.0010153975485403454 0.0012708318236204507 -0.00053140869689243106 0.0015877822165819404 -0.00042068976281932347 -0.00050077754367624291 -0.00035810154844943858 0.0016729049394343099 0.0016729049394343099 -0.00039297281005912617 -0.0039758782356403384 0.0027901941992425575 -0.00060762778193621067 -6.5262923245448665e-05 -0.00054272369964722205 0.0021434362304531946 0.0021091380414145801 0.0077385052742861829 0.0024961828557943178 0.0034942374268348789 0.00034651015246430769 0.0023972129363438732 0.0040583433797885954 0.0048094499018400839 -0.0014224828199745142 0.001633079947555251 0.0022347694768985599 0.00067451606672051052 -0.00086398531356959298 -5.4113084203465389e-05
leaf_weight=5058 9083 1936 712 2506 6968 8627 19812 3232 2349 1728 314 286 2526 2941 3211 593 596 406 2925 702 6483 731 2413 738 4313 1054 1015 200 4749 1080
leaf_count=5058 9083 1936 712 2506 6968 8627 19812 3232 2349 1728 314 286 2526 2941 3211 593 596 406 2925 702 6483 731 2413 738 4313 1054 1015 200 4749 1080
internal_value=0.000129013 0.00918622 -0.00215437 0.0147656 -0.000443721 -0.00673296 -0.00256592 0.0174506 0.0140432 -0.0111147 0.00114581 0.0028579 -0.0078279 -0.00471794 -0.00577556 -0.00145076 0.00617264 0.00197059 0.00383966 0.00934325 0.000700058 0.00110007 0.00295922 0.015654 -0.00161232 -0.00286485 -5.82996e-05 -0.0108671 -0.000956838 -0.0060648
internal_weight=99287 19988 79299 10619 57734 21565 24723 8087 4855 6786 33011 9369 4318 14779 11838 20405 2532 26043 10535 4365 15508 14994 8896 1440 6098 5367 6170 514 5764 3606
internal_count=99287 19988 79299 10619 57734 21565 24723 8087 4855 6786 33011 9369 4318 14779 11838 20405 2532 26043 10535 4365 15508 14994 8896 1440 6098 5367 6170 514 5764 3606
is_linear=0
shrinkage=0.03


Tree=87
num_leaves=31
num_cat=0
split_feature=21 21 21 21 25 16 26 5 1 28 8 10 26 25 10 8 28 26 24 1 29 14 16 12 25 27 14 15 29 1
split_gain=2253.53 756.684 460.743 205.772 171.029 169.222 130.183 111.61 129.513 104.758 94.2004 112.992 92.175 113.528 83.0643 111.06 93.7358 98.4117 128.974 93.5884 76.666 76.3524 70.0862 69.9656 68.28 66.2474 65.4157 63.0984 60.656 70.4789
threshold=9.4929166666666678 3.0937500000000004 12.325416666666667 5.8637500000000005 1.2308217738545608 11.815000000000003 0.94828754594723541 0.027770655685583772 21.550000000000004 959.55000000000007 9.5000000000000018 1.5000000000000002 -0.96811077628253228 1.9429938187437508 1.5000000000000002 12.500000000000002 957.85000000000002 0.9426055981926128 7.3500000000000005 -1.2499999999999998 59.500000000000007 1.9320584842178008 4.0850000000000009 8.3450000000000006 1.867778528289892 -0.73724926354828224 0.69915424600397558 0.21000000000000002 74.500000000000014 -0.14999999999999999
decision_type=2 2 2 2 2 8 2 2 2 2 2 2 2 2 2 2 2 2 2 2 2 2 10 10 2 2 2 10 2 2
left_child=1 7 4 10 6 -4 -2 8 22 23 11 -3 -11 -14 15 20 19 -18 -19 24 -5 -7 28 -6 -16 -9 -22 -13 -1 -30
right_child=2 3 5 14 9 21 -8 25 -10 12 -12 27 13 -15 16 -17 17 18 -20 -21 26 -23 -24 -25 -26 -27 -28 -29 29 -31
leaf_value=-0.00047314182217154585 0.0016371472104043177 -0.00065125477940891434 0.0012253239379844416 -0.0039321275415894587 -0.00011426646585275368 0.0016227177912512814 0.0016742615917250453 0.00010319756698391989 -0.00020856672006045777 -0.00024053034505978842 -0.00017950643861641347 -0.00075331735153127109 0.0017897428022237392 0.001557022912896322 -0.0048416900876462731 0.00066895723517092958 0.00036899477660678136 0.0020257491775099641 0.0042514728278042644 0.00029075167405359203 -0.001355204276301972 0.0015727178389349972 -0.00035672769666651456 0.0014247329776856798 -0.00076023345044757933 -0.00047734793767334965 0.0026210785251437308 -0.000104445380716537 -0.00047314182217154585 -0.00013580487969680412
leaf_weight=3180 828 1184 654 267 2633 3930 886 1155 1372 556 18270 7894 1754 895 293 1498 4343 3409 715 21618 1155 377 607 5481 475 7328 460 4542 609 674
leaf_count=3180 828 1184 654 267 2633 3930 886 1155 1372 556 18270 7894 1754 895 293 1498 4343 3409 715 21618 1155 377 607 5481 475 7328 460 4542 609 674
internal_value=0.00014478 -0.00198759 0.00974721 -0.00061018 0.00678095 0.0175252 0.0156021 -0.00808774 -0.0110656 0.00543889 -0.00234394 -0.00423193 0.010028 0.0123549 0.00100502 -0.00345643 0.00149426 0.00418201 0.00749818 0.000476977 -0.00829889 0.0196823 -0.0132768 0.00362114 -0.00978008 -0.00582116 -0.0057963 -0.00338558 -0.014577 -0.00901398
internal_weight=99042 81048 17994 66123 13033 4961 1714 14925 6442 11319 31890 13620 3205 2649 34233 3380 30853 8467 4124 22386 1882 4307 5070 8114 768 8483 1615 12436 4463 1283
internal_count=99042 81048 17994 66123 13033 4961 1714 14925 6442 11319 31890 13620 3205 2649 34233 3380 30853 8467 4124 22386 1882 4307 5070 8114 768 8483 1615 12436 4463 1283
is_linear=0
shrinkage=0.03


Tree=88
num_leaves=31
num_cat=0
split_feature=19 16 22 5 12 25 16 1 1 28 1 10 25 17 12 0 28 8 28 28 25 10 1 10 29 16 25 2 27 28
split_gain=2151.26 701.951 468.404 212.182 209.245 178.966 170.432 141.252 131.934 84.1095 95.2605 100.311 83.3738 80.8897 75.7531 78.4982 80.2602 74.2089 103.42 73.7879 72.7328 83.8849 76.4752 69.619 63.0149 62.2816 65.41 60.7051 63.5724 56.2865
threshold=9.7762500000000028 3.7250000000000005 0.9462517963145084 0.031837191419278175 4.3450000000000006 1.2308217738545608 12.175000000000002 -1.6499999999999997 19.750000000000004 960.55000000000007 0.25000000000000006 6.5000000000000009 1.1574329854716596 5.3650000000000011 8.0750000000000011 10.675000000000002 960.55000000000007 11.500000000000002 954.45000000000016 955.35000000000002 1.7390952011838492 1.5000000000000002 -2.4499999999999997 2.5000000000000004 84.500000000000014 8.8650000000000002 1.0628518616318987 1.1786328034676894 0.18222858652173771 959.25000000000011
decision_type=2 8 2 2 8 2 8 2 2 2 2 2 2 2 10 2 2 2 2 2 2 2 2 2 2 8 2 2 2 2
left_child=1 3 5 8 7 19 -4 -3 -1 10 20 25 -11 -13 -7 16 -16 27 -19 -2 -6 -22 -23 29 -9 26 -12 28 -15 -5
right_child=2 4 6 23 9 14 -8 24 -10 12 11 13 -14 17 15 -17 -18 18 -20 -21 21 22 -24 -25 -26 -27 -28 -29 -30 -31
leaf_value=-0.00045894756750639948 0.0016186972427885604 -0.00050715620018689216 0.0015768919383151725 -0.00039964954931864365 -0.0017582010225326919 7.9266702313708352e-05 0.0015740362575137445 -0.00035719425938565827 -0.00038714380940473627 0.0038580077735022307 0.0036652046436129373 -0.0010402826738184511 0.00090848524771523559 -0.001153623944632362 0.0015768812833325064 0.0006172462216610502 0.0018467704839794374 0.00010965632990764278 0.0025429320728178237 0.0016648317083852442 -0.0013057604579320807 0.0046625733212548115 -0.00092460528400326036 -0.00045825390245691041 0.0013223125517818847 0.0020539183367751794 0.00018390361045023243 -0.0025562664706491626 0.0019606933687361604 -0.00052960699309205429
leaf_weight=5049 881 3775 1160 733 1256 2475 4504 16988 1769 654 324 4146 6523 2770 3222 2476 1150 4838 1941 556 1161 659 1114 13543 866 4863 6710 890 1106 860
leaf_count=5049 881 3775 1160 733 1256 2475 4504 16988 1769 654 324 4146 6523 2770 3222 2476 1150 4838 1941 556 1161 659 1114 13543 866 4863 6710 890 1106 860
internal_value=9.27582e-05 -0.00188047 0.0100067 -0.0064757 -0.00021489 0.00632606 0.0169871 -0.00258066 -0.0108691 0.00109882 0.000436082 0.00107636 0.00403091 -0.000498853 0.00480167 0.00642638 0.00884167 0.000792208 0.00280808 0.016165 -0.00377592 -0.00118408 0.00291901 -0.00449376 -0.00146481 0.00315325 0.00134678 -0.00207504 -0.000448338 -0.0104193
internal_weight=98962 82538 16424 21954 60584 10760 5664 21629 6818 38955 31778 27588 7177 15691 9323 6848 4372 11545 6779 1437 4190 2934 1773 15136 17854 11897 7034 4766 3876 1593
internal_count=98962 82538 16424 21954 60584 10760 5664 21629 6818 38955 31778 27588 7177 15691 9323 6848 4372 11545 6779 1437 4190 2934 1773 15136 17854 11897 7034 4766 3876 1593
is_linear=0
shrinkage=0.03


Tree=89
num_leaves=31
num_cat=0
split_feature=21 21 21 16 28 1 8 26 23 28 5 23 26 23 1 16 8 9 28 29 8 1 14 10 8 29 10 16 1 29
split_gain=2242.16 803.575 329.218 267.88 165.585 162.364 136.296 121.643 124.472 119.51 116.967 106.65 190.73 139.535 92.491 81.127 79.2493 76.6513 120.211 69.5058 67.9279 137.091 65.2188 69.7944 76.0752 62.7267 75.487 60.97 60.7914 80.0502
threshold=10.216250000000002 3.0937500000000004 13.128333333333336 7.1250000000000009 950.55000000000007 -0.24999999999999997 8.5000000000000018 0.91702515554752073 5.245000000000001 952.6500000000002 0.03107594760009871 3.2250000000000005 0.79332313182700753 4.8950000000000005 15.250000000000002 12.235000000000001 19.500000000000004 5.5000000000000009 957.95000000000016 33.500000000000007 14.500000000000002 9.2500000000000018 1.3387992120534939 10.500000000000002 10.500000000000002 70.500000000000014 2.5000000000000004 3.7250000000000005 -2.4499999999999997 69.500000000000014
decision_type=2 2 2 8 2 2 2 2 2 2 2 2 2 2 2 8 2 2 2 2 2 2 2 2 2 2 2 10 2 2
left_child=1 9 4 5 -2 22 25 17 -9 -1 27 -5 16 20 -15 -4 -13 -8 -19 -12 -14 -22 23 24 -3 26 -6 -11 29 -21
right_child=2 3 15 11 6 -7 7 8 -10 10 19 12 13 14 -16 -17 -18 18 -20 28 21 -23 -24 -25 -26 -27 -28 -29 -30 -31
leaf_value=-0.00043888793698381064 0.00065195711069174819 -0.00067406734051928007 0.0015447931676140446 -0.00011053265671678191 -0.00049427551961967798 -0.00029719159910789245 0.0015268723602186406 0.0015959527503542515 0.0015268151697883324 -0.00044517914048120748 -0.00053727016661950699 -0.00041563333784574384 0.00038152726864097903 0.0030107718250495896 0.0015881015743797922 0.0015268151697883324 0.0014982075287856668 -0.0022152594423830397 0.0016452167246962413 8.954013713058209e-05 0.0060758225628187602 -0.00097793815740408957 0.00015250811334784509 -0.00032349979630616515 -0.00049211360894673318 -9.1819084170952078e-05 0.0015524799359221196 -0.00043555588139850655 -0.00032358439957988819 -0.00050351236592895685
leaf_weight=6411 2342 1899 386 16083 309 29712 2529 821 1588 3943 421 8216 4012 1418 2404 2635 2082 299 210 223 1268 619 674 1074 1403 1106 1117 754 2822 423
leaf_count=6411 2342 1899 386 16083 309 29712 2529 821 1588 3943 421 8216 4012 1418 2404 2635 2082 299 210 223 1268 619 674 1074 1403 1106 1117 754 2822 423
internal_value=2.87275e-05 -0.00174935 0.0114677 -0.000414003 0.00891052 -0.00229355 0.0109682 0.0136409 0.0186785 -0.00805693 -0.0103713 0.00139585 0.00285707 0.00586983 0.0103319 0.0201751 1.16471e-05 0.00962208 -0.000992218 -0.00651002 0.00297256 0.00765856 -0.00726409 -0.00860078 -0.010759 0.005203 0.0093501 -0.0135581 -0.00509646 -0.0133641
internal_weight=99203 85861 13342 70864 10321 34762 7979 5447 2409 14997 8586 36102 20019 9721 3822 3021 10298 3038 509 3889 5899 1887 5050 4376 3302 2532 1426 4697 3468 646
internal_count=99203 85861 13342 70864 10321 34762 7979 5447 2409 14997 8586 36102 20019 9721 3822 3021 10298 3038 509 3889 5899 1887 5050 4376 3302 2532 1426 4697 3468 646
is_linear=0
shrinkage=0.03


Tree=90
num_leaves=31
num_cat=0
split_feature=21 21 22 16 16 25 1 28 26 25 26 12 26 23 25 28 8 16 28 28 28 20 26 15 12 14 28 26 24 1
split_gain=2207.61 744.34 351.024 243.057 176.223 138.574 137.422 115.333 108.723 106.058 148.115 98.2094 87.5196 260.248 138.435 99.3489 81.2116 77.7349 77.19 73.7246 69.5869 66.3006 64.6392 63.5369 63.2959 60.2438 57.8837 65.8509 54.9748 54.458
threshold=10.087916666666668 3.1650000000000005 0.9462517963145084 6.1250000000000009 12.365 1.2308217738545608 -0.24999999999999997 952.6500000000002 0.94828754594723541 2.2886251989206401 0.0087262032186417818 1.8650000000000004 0.79332313182700753 4.205000000000001 1.7390952011838492 958.1500000000002 9.5000000000000018 4.2350000000000012 944.95000000000016 953.45000000000016 950.45000000000016 4.2750896610611848 -0.96359376111369355 0.97499999999999976 8.4850000000000012 1.1173778829623082 964.55000000000007 0.99535829673000953 7.2500000000000009 1.0000000180025095e-35
decision_type=2 2 2 8 8 2 2 2 2 2 2 8 2 2 2 2 2 10 2 2 2 2 2 10 10 2 2 2 2 2
left_child=1 7 5 6 25 8 23 -1 -2 12 -11 17 14 21 -5 -15 18 -9 22 -20 24 26 -8 -3 -7 -4 29 -28 -17 -14
right_child=2 3 4 9 -6 20 16 11 -10 10 -12 -13 13 15 -16 28 -18 -19 19 -21 -22 -23 -24 -25 -26 -27 27 -29 -30 -31
leaf_value=-0.00039908136573015262 0.0013948419642245801 -0.00053432086825761416 0.0014835643963802513 -0.00047279165960495195 0.0014810107146946815 -0.0041990415911668912 -0.0016288418721550396 -0.00043182376626677124 0.0015252680246428852 0.0019779955977397485 -0.001150703366997364 -0.00043182376626677124 -0.00078945572587179095 0.0017088121465672357 0.0015230372863890217 0.00094776270054432177 -9.7560964470875812e-05 -0.00028662493204472306 2.6853756359834639e-05 -0.00096662528123347405 0.0014432659635352496 0.0047447674876856718 -0.00099500824557134811 0.00010622972165893071 0.001148862055529427 -0.00049679260248638893 0.00063728535654160919 0.0060391519874005125 0.0035750055580426585 0.0002881277810058655
leaf_weight=6836 478 3138 952 11379 4387 353 493 4171 568 1598 6116 4278 3853 4041 5852 203 13911 486 3823 2564 5594 410 1392 546 1376 448 781 332 1346 7359
leaf_count=6836 478 3138 952 11379 4387 353 493 4171 568 1598 6116 4278 3853 4041 5852 203 13911 486 3823 2564 5594 410 1392 546 1376 448 781 332 1346 7359
internal_value=0.000130818 -0.00169797 0.0110967 -0.000356223 0.0167766 0.00716145 -0.00265654 -0.00757797 0.0173549 0.00101906 -0.00216867 -0.00982215 0.00171086 0.00315385 0.000175795 0.00854692 -0.00176447 -0.0128378 -0.00411743 -0.00253911 0.0056946 0.000784144 -0.00944444 -0.00801843 0.000432526 0.00747331 0.000386861 0.00689624 0.015 -0.000262102
internal_weight=99064 84908 14156 69137 5787 8369 25867 15771 1046 43270 7714 8935 35556 18325 17231 5590 22183 4657 8272 6387 7323 12735 1885 3684 1729 1400 12325 1113 1549 11212
internal_count=99064 84908 14156 69137 5787 8369 25867 15771 1046 43270 7714 8935 35556 18325 17231 5590 22183 4657 8272 6387 7323 12735 1885 3684 1729 1400 12325 1113 1549 11212
is_linear=0
shrinkage=0.03


Tree=91
num_leaves=31
num_cat=0
split_feature=21 21 21 21 26 10 24 2 13 1 29 8 10 29 1 29 15 1 10 29 0 18 12 27 17 24 12 26 29 1
split_gain=2169.15 689.195 356.106 191.579 143.417 157.64 148.323 133.448 135.166 115.024 102.499 96.7693 119.242 89.813 67.0644 84.7055 61.4131 59.9005 94.7795 97.4607 75.498 103.189 65.4608 58.6579 55.9302 55.5187 54.573 54.146 51.8326 51.351
threshold=9.9654166666666697 3.1650000000000005 12.325416666666667 6.7037500000000003 0.94828754594723541 8.5000000000000018 10.550000000000002 1.1310194247854148 1.7766666666666682 14.65 60.500000000000007 9.5000000000000018 1.5000000000000002 71.500000000000014 -2.4499999999999997 68.500000000000014 0.22000000000000003 0.25000000000000006 4.5000000000000009 16.500000000000004 9.2250000000000032 9.3650000000000002 6.2550000000000008 0.36648727148060622 13.245000000000003 9.7500000000000018 8.4850000000000012 0.73724926354828246 74.500000000000014 -2.0499999999999994
decision_type=2 2 2 2 2 2 2 2 2 2 2 2 2 2 2 2 10 2 2 2 2 10 10 2 2 2 10 2 2 2
left_child=1 7 4 11 5 25 26 10 28 -4 -1 12 -3 24 15 -10 -14 -5 19 -19 21 -20 23 -21 -11 29 -6 -27 -9 -2
right_child=2 3 9 17 6 -7 -8 8 14 13 -12 -13 16 -15 -16 -17 -18 18 20 22 -22 -23 -24 -25 -26 27 -28 -29 -30 -31
leaf_value=-0.00042833640758581642 -0.0065538354628633015 -0.00062907120998529861 0.0014365803932538423 -0.00040699643838907229 0.0011595600643878857 0.0015466861649113127 0.0014977608075738124 -0.00041886905327876816 5.4777016669171408e-05 0.00099993978722227915 0.0014319220427033148 -0.00012351800655815051 -0.00074834897291203037 -0.0050242906623190831 -0.00039546297667047558 -0.00047181694556729017 -6.6652036759802801e-05 -0.0039414206938708802 0.00041699064872922632 0.001820714036259079 -0.0016481640313013668 0.0060280267630342362 0.0025673539994711201 -0.002795501386819521 0.0016097173051002566 0.00016736056123393129 0.0014562023339143326 0.0020243909291071476 -0.0004161137856236902 -0.0015088198167022681
leaf_weight=4882 216 1530 3474 6681 1315 2803 995 3352 249 377 689 23204 9681 200 4543 529 5640 220 12693 1697 2154 638 3949 297 840 2322 1566 234 1523 467
leaf_count=4882 216 1530 3474 6681 1315 2803 995 3352 249 377 689 23204 9681 200 4543 529 5640 220 12693 1697 2154 638 3949 297 840 2322 1566 234 1523 467
internal_value=2.78886e-05 -0.00183552 0.0106136 -0.000531664 0.00734052 0.00444518 0.0118423 -0.00748859 -0.00952848 0.0172365 -0.00375 -0.00186695 -0.00359694 0.0099789 -0.00621292 -0.0143295 -0.00279721 0.00135632 0.00212257 0.00526751 0.000869593 0.00171191 0.00599697 0.00156078 0.013036 -6.47349e-05 0.00836798 0.00196798 -0.0131373 -0.00763081
internal_weight=98960 84151 14809 68384 9918 6042 3876 15767 10196 4891 5571 40055 16851 1417 5321 778 15321 28329 21648 6163 15485 13331 5943 1994 1217 3239 2881 2556 4875 683
internal_count=98960 84151 14809 68384 9918 6042 3876 15767 10196 4891 5571 40055 16851 1417 5321 778 15321 28329 21648 6163 15485 13331 5943 1994 1217 3239 2881 2556 4875 683
is_linear=0
shrinkage=0.03


Tree=92
num_leaves=31
num_cat=0
split_feature=21 21 16 16 1 28 28 16 12 5 12 26 5 15 10 28 29 8 8 26 28 2 10 29 28 1 16 11 12 28
split_gain=2223 668.736 361.119 228.122 165.659 137.791 137.198 142.365 108.595 95.9227 92.4334 81.5163 78.4853 78.0118 71.2705 107.778 90.0177 70.9185 97.6217 76.432 75.1816 67.433 66.4539 96.9852 80.9179 65.8483 65.6165 65.5282 64.769 63.2079
threshold=9.9654166666666697 3.0937500000000004 13.715000000000002 7.3150000000000004 -1.0000000180025095e-35 952.6500000000002 950.25000000000011 10.005000000000001 8.0750000000000011 0.03107594760009871 6.285000000000001 0.95368063612909471 0.78127202405467622 0.95000000000000051 7.5000000000000009 954.6500000000002 83.500000000000014 8.5000000000000018 2.5000000000000004 0.069756473744125427 945.35000000000002 1.2217854127065169 1.5000000000000002 87.500000000000014 958.1500000000002 27.950000000000003 3.7250000000000005 3.4650000000000003 8.3950000000000014 958.85000000000002
decision_type=2 2 8 8 2 2 2 10 10 2 8 2 2 10 2 2 2 2 2 2 2 2 2 2 2 2 10 10 10 2
left_child=1 5 6 4 13 -1 28 -8 21 26 22 -10 -4 -3 16 -16 -12 18 25 20 -20 29 23 -5 27 -6 -7 -24 -2 -9
right_child=2 3 12 10 17 9 7 8 11 -11 14 -13 -14 -15 15 -17 -18 -19 19 -21 -22 -23 24 -25 -26 -27 -28 -29 -30 -31
leaf_value=-0.00035644927176198754 -0.0039147540507031399 -0.00055533804113459004 0.0015101662032202666 -0.0013384180513762705 0.00028061090071617557 -0.00040630298168040508 -0.00044252006565515532 0.00061306902411486282 0.0013934063710056587 -0.00041448665139327785 0.0021500717584150512 0.0013979668938404954 0.0013934829814562255 0.0001788244673685943 -0.001013881724981852 0.0015691898251312707 -0.0017343563100837532 -9.0389588773600666e-05 -0.0015723690460735004 -0.00018954437029492045 -0.00093322158389102172 -0.0029466548678519907 0.0009725807607114653 0.0028633477844697574 0.0011056958615539402 -0.0015524085724268263 -0.000401407043426499 -0.00078524578793958961 0.0012607545869543456 0.0021322256971565922
leaf_weight=6351 374 4683 591 1729 3532 3940 969 679 4233 3845 8199 2371 2683 776 3535 3865 721 20523 992 2038 3340 433 2361 204 4991 200 753 7665 2337 355
leaf_count=6351 374 4683 591 1729 3532 3940 969 679 4233 3845 8199 2371 2683 776 3535 3865 721 20523 992 2038 3340 433 2361 204 4991 200 753 7665 2337 355
internal_value=8.82415e-05 -0.00180788 0.0107166 -0.000569212 -0.00222118 -0.00757553 0.00825536 0.0100299 0.0113336 -0.0100644 0.00122254 0.0129732 0.0195242 -0.00703331 0.00283369 0.000656313 0.00463866 -0.00136239 -0.00341941 -0.00567529 -0.00792714 0.00393342 -0.000329106 -0.00555728 0.000345493 0.000433503 -0.0129438 -0.00120825 0.00233063 0.0080847
internal_weight=99268 84243 15025 69354 36084 14889 11751 9040 8071 8538 33270 6604 3274 5459 16320 7400 8920 30625 10102 6370 4332 1467 16950 1933 15017 3732 4693 10026 2711 1034
internal_count=99268 84243 15025 69354 36084 14889 11751 9040 8071 8538 33270 6604 3274 5459 16320 7400 8920 30625 10102 6370 4332 1467 16950 1933 15017 3732 4693 10026 2711 1034
is_linear=0
shrinkage=0.03


Tree=93
num_leaves=31
num_cat=0
split_feature=21 21 22 21 25 26 21 2 25 29 8 10 10 26 1 2 24 28 25 29 25 28 26 26 25 9 27 25 15 0
split_gain=2065.31 668.02 363.764 181.11 151.663 122.942 115.427 105.056 131.976 85.5839 95.8477 115.914 80.2733 84.6159 71.5692 82.9537 98.5813 82.4758 90.9865 79.8126 88.0164 74.3701 69.4063 68.5062 65.9805 71.3319 62.6836 62.2075 60.9349 58.0302
threshold=9.8404166666666697 3.1333333333333342 0.9462517963145084 5.8637500000000005 1.2308217738545608 0.94828754594723541 2.21763888888889 1.1467225763640514 1.392024377318495 91.500000000000014 9.5000000000000018 1.5000000000000002 8.5000000000000018 0.93038214053199464 0.65000000000000002 1.1661516928716331 3.7500000000000004 974.05000000000007 1.7390952011838492 38.500000000000007 1.3406160292235991 960.45000000000016 0.76037701167087512 -0.7603770116708749 2.0971607702642188 1.5000000000000002 0.19936034309715231 2.0151286276663929 0.21000000000000002 4.8450000000000006
decision_type=2 2 2 2 2 2 2 2 2 2 2 2 2 2 2 2 2 2 2 2 2 2 2 2 2 2 2 2 10 2
left_child=1 6 4 9 5 -2 -1 8 -4 10 11 27 13 -6 17 -16 29 18 21 -18 22 -5 -21 -8 25 -20 -27 -3 -13 -17
right_child=2 3 7 14 12 -7 23 -9 -10 -11 -12 28 -14 -15 15 16 19 -19 24 20 -22 -23 -24 -25 -26 26 -28 -29 -30 -31
leaf_value=-0.00039411389222999299 0.001511639805161421 -0.00036364543827462786 0.0014826866627932788 -0.0023355479068890407 -0.00030303217617751562 0.0014088348973263353 -0.00042117454630729819 0.001351678492012538 0.00054296657993248342 0.0028913781137100145 -0.00019045630327936899 -0.00073175856784594658 0.0014079897015522702 0.0014545071274830034 0.00019965331515465643 0.00022271653241830863 -0.0026048290415201991 0.0058568137107905035 -0.0012293193326526786 0.00093367494569302596 0.0020616922974061648 -0.00035163190142092763 0.0046555510853840028 -0.0003244726036890063 -0.00083946259447805762 0.0040956590640303988 -0.00071281909025665388 -0.00077889697619276178 -9.7823351503626975e-05 -0.003637348193576796
leaf_weight=5517 615 621 560 1209 2732 687 3876 4229 930 311 17945 7694 4149 1605 19298 485 408 241 781 322 6089 1416 727 5990 3129 1555 507 497 4465 371
leaf_count=5517 615 621 560 1209 2732 687 3876 4229 930 311 17945 7694 4149 1605 19298 485 408 241 781 322 6089 1416 727 5990 3129 1555 507 497 4465 371
internal_value=0.000107006 -0.00176134 0.0101592 -0.000485193 0.00664148 0.0161591 -0.00740642 0.0161688 0.0092709 -0.00215074 -0.00230762 -0.00423957 0.00517254 0.0023146 0.000952303 0.00170222 0.00418937 -0.00139772 -0.00188677 0.00528407 0.00602268 -0.00653612 0.0140323 -0.00545841 0.000160616 0.00346559 0.00638607 -0.0134639 -0.00338622 -0.00543554
internal_weight=98961 83454 15507 68071 9788 1302 15383 5719 1490 31533 31222 13277 8486 4337 36538 27700 8402 8838 8597 7546 7138 2625 1049 9866 5972 2843 2062 1118 12159 856
internal_count=98961 83454 15507 68071 9788 1302 15383 5719 1490 31533 31222 13277 8486 4337 36538 27700 8402 8838 8597 7546 7138 2625 1049 9866 5972 2843 2062 1118 12159 856
is_linear=0
shrinkage=0.03


Tree=94
num_leaves=31
num_cat=0
split_feature=16 23 12 16 28 26 28 16 16 24 28 16 1 8 1 17 28 25 28 11 8 28 1 18 12 28 28 29 29 26
split_gain=1938.99 729.544 530.906 270.218 222.249 187.989 184.12 150.053 107.862 84.2008 82.6601 70.9445 69.7673 63.9687 106.948 93.3543 73.7998 82.0919 75.6514 76.0914 69.3548 104.274 108.437 66.8319 59.4535 58.9479 66.298 57.0922 55.9338 86.3724
threshold=10.205000000000002 5.0750000000000011 2.7250000000000005 13.385000000000003 952.55000000000007 0.79332313182700753 950.6500000000002 4.5550000000000006 3.6750000000000003 2.4500000000000006 966.1500000000002 3.2050000000000005 -5.2499999999999991 12.500000000000002 21.850000000000005 5.1550000000000011 953.45000000000016 1.3342300845249813 945.95000000000016 3.6350000000000002 5.5000000000000009 959.1500000000002 4.4500000000000011 6.9750000000000005 8.5950000000000006 945.35000000000002 948.45000000000016 61.500000000000007 38.500000000000007 -0.74892720285008318
decision_type=10 2 8 10 2 2 2 8 10 2 2 8 2 2 2 2 2 2 2 10 2 2 2 10 10 2 2 2 2 2
left_child=2 10 4 5 11 -3 -7 12 -6 -9 24 -1 -4 16 -15 -16 17 -11 19 -19 -18 -22 23 27 -2 -17 -27 -23 -14 -30
right_child=1 3 7 -5 8 6 -8 9 -10 13 -12 -13 28 14 15 25 20 18 -20 -21 21 22 -24 -25 -26 26 -28 -29 29 -31
leaf_value=-0.00042994810855784011 0.00037101161955256797 0.0012467993167462243 -0.00053126052673514344 0.001311128137252161 -0.00038229047546309319 0.00044260770033973773 0.0013464562997731677 -0.00087998743684383372 -0.00048000452408967744 0.0020807586611491001 0.0023880332481759389 -5.5724325348344982e-05 -0.00055434596673295826 0.00096435294466635927 -0.0011574602867945203 0.0012839630590386094 7.0506281361674687e-05 0.0014890785070733072 0.00048981725510110932 -0.002243451960336219 -0.0022497814396911231 -0.0028130904188872923 0.0024736358382651327 0.0015121587310343531 0.0013308533589789806 -0.0016107239771101357 0.00042909944642243624 -0.00062383983695446076 -0.00051016232757203513 0.00027286867453948276
leaf_weight=4207 8172 4676 375 3152 6987 570 2672 1688 4489 2621 357 4805 5000 13488 1656 2306 5077 382 4818 1670 2794 241 637 681 1669 1544 1931 1311 4795 4278
leaf_count=4207 8172 4676 375 3152 6987 570 2672 1688 4489 2621 357 4805 5000 13488 1656 2306 5077 382 4818 1670 2794 241 637 681 1669 1544 1931 1311 4795 4278
internal_value=0.000175965 0.00820195 -0.002019 0.0135332 -0.00616308 0.0105642 0.0161133 -0.000536668 -0.00893128 0.000354959 0.00241106 -0.00263502 -0.00317996 0.000624605 0.00178739 -0.00110051 -0.000578149 0.00134899 -0.000375273 -0.00519203 -0.00228085 -0.00456165 -0.000542609 -0.00365952 0.00189214 0.000699965 -0.00176724 -0.00709056 -0.00283634 -0.00143093
internal_weight=99049 21268 77781 11070 20488 7918 3242 57293 11476 42845 10198 9012 14448 41157 20925 7437 20232 9491 6870 2052 10741 5664 2870 2233 9841 5781 3475 1552 14073 9073
internal_count=99049 21268 77781 11070 20488 7918 3242 57293 11476 42845 10198 9012 14448 41157 20925 7437 20232 9491 6870 2052 10741 5664 2870 2233 9841 5781 3475 1552 14073 9073
is_linear=0
shrinkage=0.03


Tree=95
num_leaves=31
num_cat=0
split_feature=21 21 21 12 26 23 2 25 10 28 2 28 23 10 28 25 10 28 10 27 8 9 28 27 9 2 9 18 28 9
split_gain=2075.02 598.215 347.444 184.237 137.6 214.513 117.296 125.886 110.44 109.245 108.562 103.611 99.7541 76.4251 70.8837 99.2499 67.9953 100.752 75.7884 66.0339 85.5453 78.4875 65.0371 63.8735 60.8028 62.6771 68.6659 68.6827 67.4164 60.4835
threshold=9.8404166666666697 3.0937500000000004 12.325416666666667 4.955000000000001 0.91702515554752073 5.035000000000001 1.1475191881358568 1.392024377318495 8.5000000000000018 952.6500000000002 1.2070543490138486 950.6500000000002 0.72500000000000009 9.5000000000000018 960.1500000000002 2.225509227614491 1.5000000000000002 952.85000000000002 6.5000000000000009 -0.31729257441605202 17.500000000000004 4.5000000000000009 950.55000000000007 0.2334364749717662 5.5000000000000009 1.193105002064766 3.5000000000000004 6.7150000000000007 975.35000000000002 5.5000000000000009
decision_type=2 2 2 8 2 2 2 2 2 2 2 2 2 2 2 2 2 2 2 2 2 2 2 2 2 2 2 10 2 2
left_child=1 9 4 10 8 22 7 -4 -2 -1 -3 -7 -11 23 16 24 17 -5 -18 -19 21 -21 -6 -14 25 26 -16 -28 -27 -20
right_child=2 3 6 14 5 11 -8 -9 -10 12 -12 -13 13 -15 15 -17 18 19 29 20 -22 -23 -24 -25 -26 28 27 -29 -30 -31
leaf_value=-0.00034678977029550025 8.3037026333023786e-05 -0.00025857112192207424 0.0013990067361634429 0.0043070333352176679 -0.0032959363430624619 0.0004076757263253694 0.0012717942931345949 0.00069885740479899922 0.0013664474650809378 -0.00037082176119920037 -0.00043732972935535235 0.0013059064789175312 -0.00037082176119920037 -0.00030087205397860049 0.0043147215246294801 -0.0015373685275607348 0.00080942030356808206 -0.0022967279038021344 -0.00050165779789367233 -0.0010345455165560269 0.0018770755245686205 -0.0030533467804877883 0.0013813004025297992 -0.00037190273837207232 0.0038831777479897489 0.00024539279724420087 0.0038722856506261927 -0.0042160898468867735 0.0062056902699022731 0.0010590135009224233
leaf_weight=6422 3229 23797 508 291 369 289 3565 893 2713 1872 7124 1765 2340 2635 886 894 12560 320 13707 638 319 320 2273 1725 653 3690 279 217 215 2612
leaf_count=6422 3229 23797 508 291 369 289 3565 893 2713 1872 7124 1765 2340 2635 886 894 12560 320 13707 638 319 320 2273 1725 653 3690 279 217 215 2612
internal_value=0.000138613 -0.00173777 0.0101787 -0.000549856 0.00711454 0.0109509 0.016729 0.00932432 0.004076 -0.00716448 -0.00226508 0.0182127 -0.0093809 -0.00765996 0.000860767 0.00362334 0.000246653 -0.00526149 0.000607603 -0.00822097 -0.0051248 -0.00959502 0.00528145 -0.0102383 0.00502607 0.00395125 0.00943043 0.000479042 0.00200256 -0.000740627
internal_weight=99120 83516 15604 68522 10638 4696 4966 1401 5942 14994 30921 2054 8572 6700 37601 6834 30767 1888 28879 1597 1277 958 2642 4065 5940 5287 1382 496 3905 16319
internal_count=99120 83516 15604 68522 10638 4696 4966 1401 5942 14994 30921 2054 8572 6700 37601 6834 30767 1888 28879 1597 1277 958 2642 4065 5940 5287 1382 496 3905 16319
is_linear=0
shrinkage=0.03


Tree=96
num_leaves=31
num_cat=0
split_feature=22 12 22 28 16 25 16 26 16 25 20 28 28 1 23 26 9 16 1 29 27 26 29 28 23 12 1 29 2 23
split_gain=1920.11 570.253 404.689 212.847 204.717 156.064 146.871 117.268 101.787 98.3132 102.734 86.7549 79.5722 88.7529 76.9531 75.7598 75.1787 74.3626 73.7199 97.0303 67.6402 65.7814 64.4819 83.8891 83.2896 77.876 68.0415 75.8141 68.392 63.9621
threshold=0.8564473769567047 2.7250000000000005 0.9462517963145084 952.1500000000002 11.815000000000003 1.2308217738545608 5.0550000000000006 0.94828754594723541 3.6750000000000003 2.4516053483222624 0.95010525732678719 950.25000000000011 960.05000000000007 -0.94999999999999984 3.8150000000000004 0.79332313182700753 1.5000000000000002 14.935 -1.1499999999999997 43.500000000000007 0.36648727148060622 -0.74892720285008318 71.500000000000014 946.75000000000011 4.035000000000001 6.4650000000000007 2.2500000000000004 35.500000000000007 1.1727752030804575 0.77000000000000013
decision_type=2 10 2 2 8 2 8 2 10 2 2 2 2 2 2 2 2 8 2 2 2 2 2 2 2 10 2 2 2 2
left_child=1 3 5 -1 -4 7 18 -2 29 12 -11 -7 22 16 -15 -16 -14 -6 20 -20 -3 -21 25 -24 -25 26 -8 -28 -29 -5
right_child=2 6 4 8 17 11 9 -9 -10 10 -12 -13 13 14 15 -17 -18 -19 19 21 -22 -23 23 24 -26 -27 27 28 -30 -31
leaf_value=-0.00031356718186738877 0.0014509265168239126 -0.00051034691349854347 0.00088690157103361812 -0.00035969710836322434 0.0012336404643405563 -0.00033056416529768872 -0.001547634092418794 0.0012743895895585267 -0.00046932262786798638 0.0026299564893904489 -0.001161125001493322 0.0012135239455711854 -0.0009013005659635724 0.00080696129102568177 0.0017682682864968635 0.0042610728261621494 0.00095075145020622441 0.0012336404643405563 -0.00052157966823161304 -0.00043979296749953214 0.0010273463880882134 0.00055235928822709268 0.0046474459378154564 -0.00016048071192858643 -0.0029465255219085417 0.0010592869855806113 -0.00073075494096197047 0.00022048760781608043 0.0019815269775836719 -0.00035966467904803822
leaf_weight=8697 600 1360 894 1921 3650 1923 1528 670 4725 612 4338 7111 1385 2851 888 860 3132 1232 6936 4545 282 3855 353 3948 1664 11549 4110 6682 1347 5289
leaf_count=8697 600 1360 894 1921 3650 1923 1528 670 4725 612 4338 7111 1385 2851 888 860 3132 1232 6936 4545 282 3855 353 3948 1664 11549 4110 6682 1347 5289
internal_value=0.00011249 -0.00172878 0.00959776 -0.0060503 0.0159523 0.00602968 -0.000295517 0.0158588 -0.00865075 0.000597322 -0.00339051 0.00463989 0.00108754 0.00355224 0.00648349 0.0114318 0.00056391 0.0183671 -0.00267444 -0.00202594 -0.00870674 0.000142772 0.000366511 -0.00243719 -0.00333274 0.00103009 -0.000502487 0.000249506 0.00194548 -0.010894
internal_weight=98937 82857 16080 20632 5776 10304 62225 1270 11935 45247 4950 9034 40297 9116 4599 1748 4517 4882 16978 15336 1642 8400 31181 5965 5612 25216 13667 12139 8029 7210
internal_count=98937 82857 16080 20632 5776 10304 62225 1270 11935 45247 4950 9034 40297 9116 4599 1748 4517 4882 16978 15336 1642 8400 31181 5965 5612 25216 13667 12139 8029 7210
is_linear=0
shrinkage=0.03


Tree=97
num_leaves=31
num_cat=0
split_feature=21 21 21 16 26 25 16 25 26 23 10 28 23 18 10 24 28 28 10 14 9 28 28 25 27 27 28 28 10 27
split_gain=1975.74 598.196 335.705 178.419 160.66 162.965 128.733 113.077 119.002 141.011 101.761 99.494 93.1997 91.4762 90.1651 144.978 80.7816 76.6012 67.6888 67.1093 65.4841 95.9414 64.1026 63.6076 63.4019 62.787 61.356 95.2857 60.7893 59.5604
threshold=10.087916666666668 3.1333333333333342 12.762500000000001 8.5450000000000017 0.94828754594723541 1.4054317475370108 12.365 2.1046089475378182 0.79332313182700753 4.9650000000000007 8.5000000000000018 952.6500000000002 0.51500000000000012 8.5950000000000006 2.5000000000000004 3.5500000000000003 952.85000000000002 951.25000000000011 9.5000000000000018 1.5703821191034963 5.5000000000000009 942.95000000000016 951.55000000000007 1.8816886174206275 -0.58778525229247303 0.2334364749717662 946.25000000000011 958.45000000000016 9.5000000000000018 0.55191596924288711
decision_type=2 2 2 8 2 2 8 2 2 2 2 2 2 10 2 2 2 2 2 2 2 2 2 2 2 2 2 2 2 2
left_child=1 11 4 14 10 -6 -4 8 -5 26 -2 -1 -13 -7 15 23 -17 -15 25 -8 -16 -22 -11 -3 -23 -14 -10 -28 -9 -18
right_child=2 3 6 7 5 13 19 28 9 22 -12 12 18 17 20 16 29 -19 -20 -21 21 24 -24 -25 -26 -27 27 -29 -30 -31
leaf_value=-0.00035590042428072544 0.00034692334374842535 -0.00030066261633040581 0.0012010404845740374 7.7561394494321526e-05 0.0012315139062299785 0.00059478546541823826 0.0011966312504103382 0.00024974158719036685 0.0038367557248869849 0.0015347851525317679 0.0012299637210986081 -0.00034890619511232762 -0.00034890619511232762 -0.0010002988889918096 -0.00029112684548731775 0.0037829173926137382 -0.00051277972784825453 0.0011978658323051638 -0.00031256688274470022 0.0011966312504103382 -0.0011564218777934865 0.0029219405118603749 0.0021275093616204077 -0.00063740044448110534 0.00053930124039112319 -0.00034945073750979175 -0.0004854182168173038 0.0027821240082669708 -0.0014850902165798004 0.002917402808401341
leaf_weight=6627 3496 1042 652 6883 980 938 2656 4726 470 875 2981 1251 2600 243 34550 328 3290 1704 3029 471 567 589 1821 972 4469 1969 3037 2960 2924 237
leaf_count=6627 3496 1042 652 6883 980 938 2656 4726 470 875 2981 1251 2600 243 34550 328 3290 1704 3029 471 567 589 1821 972 4469 1969 3037 2960 2924 237
internal_value=0.000170019 -0.00155243 0.0105614 -0.000368198 0.00775877 0.0125969 0.0182109 0.00174676 0.00317737 0.00541558 0.00486424 -0.00688715 -0.00896883 0.00897924 -0.00145671 -0.0049285 -0.00151554 0.0126793 -0.00771011 0.0207375 -0.00094898 0.00205151 0.0111736 -0.0114413 0.00336559 -0.0100153 0.00300834 0.00218427 -0.00125408 -0.00284541
internal_weight=99337 85216 14121 69740 10342 3865 3779 23696 16046 9163 6477 15476 8849 2885 46044 5869 3855 1947 7598 3127 40175 5625 2696 2014 5058 4569 6467 5997 7650 3527
internal_count=99337 85216 14121 69740 10342 3865 3779 23696 16046 9163 6477 15476 8849 2885 46044 5869 3855 1947 7598 3127 40175 5625 2696 2014 5058 4569 6467 5997 7650 3527
is_linear=0
shrinkage=0.03


Tree=98
num_leaves=31
num_cat=0
split_feature=21 21 16 21 28 25 24 10 21 25 26 27 26 25 28 24 24 28 10 28 2 28 26 1 28 24 25 26 29 10
split_gain=1898.65 581.988 327.586 226.02 127.09 140.195 124.891 123.345 117.06 97.534 86.9958 73.2382 71.1946 213.803 124.225 101.222 80.1567 73.8034 71.4029 62.5073 80.7849 61.0189 103.152 79.9212 91.249 58.8861 55.4229 128.851 97.6446 64.5476
threshold=10.216250000000002 4.4854166666666684 13.715000000000002 2.21763888888889 949.95000000000016 1.4126043859053572 9.2500000000000018 2.5000000000000004 8.078055555555558 1.2530780699489419 0.87878364999916148 -0.41467745240824966 0.79332313182700753 2.0215880610617458 948.95000000000016 9.4500000000000011 9.2500000000000018 950.25000000000011 5.5000000000000009 958.6500000000002 1.2070543490138486 964.1500000000002 -0.94828754594723508 -2.8499999999999992 956.25000000000011 4.6500000000000012 1.3406160292235991 0.77159520228797462 39.500000000000007 4.5000000000000009
decision_type=2 2 8 2 2 2 2 2 2 2 2 2 2 2 2 2 2 2 2 2 2 2 2 2 2 2 2 2 2 2
left_child=1 3 4 11 -2 10 -4 9 26 25 -6 -1 15 16 -15 -10 19 18 -18 20 -14 23 -23 24 -7 -5 27 -3 29 -29
right_child=2 8 6 7 5 21 -8 -9 12 -11 -12 -13 13 14 -16 -17 17 -19 -20 -21 -22 22 -24 -25 -26 -27 -28 28 -30 -31
leaf_value=-0.00031984100439141997 0.00057822677180205287 -0.00037201579564960106 0.0011613310851170176 -0.00030596491603910106 0.0011626644758267234 0.001667533510385093 0.0011607323128980274 -0.00033819878754829649 0.0020083193808738595 -0.00037552531426548227 0.001160597795526499 -0.00033843900925895781 0.0024499900157968491 -0.0037721818094298104 0.00051561403467428153 -0.0010324254788008878 -0.0030016444844257859 0.0018362957167592741 0.0057838641088112574 0.0035722315601543408 -0.0047010786830059756 -0.00060416604898883561 0.0011695290728679941 0.001121915933526414 -0.0040681789170862017 0.0009778220623701359 -0.00027813325865174891 -0.0019750389302437598 0.0029610505612038141 0.0010434206234844845
leaf_weight=1571 2236 6739 572 1052 1491 259 2631 22233 2828 2375 906 3955 964 567 4067 3957 296 1610 258 1348 327 221 774 3854 472 317 26408 691 2493 1812
leaf_count=1571 2236 6739 572 1052 1491 259 2631 22233 2828 2375 906 3955 964 567 4067 3957 296 1610 258 1348 327 221 774 3854 472 317 26408 691 2493 1812
internal_value=0.000151074 -0.00148894 0.0106445 -0.00473308 0.00801233 0.00978326 0.0190118 -0.00355977 0.000391208 -0.00859429 0.0158493 -0.0102405 0.00252542 0.00420991 -0.000388015 0.000181149 0.00864185 0.0129184 0.0034347 0.00511725 0.000393519 0.00716562 0.01389 0.00569281 -0.00338315 -0.00220524 -0.000516672 0.00119847 0.00484703 0.000657895
internal_weight=99284 85868 13416 31503 10213 7977 3203 25977 54365 3744 2397 5526 16222 9437 4634 6785 4803 2164 554 2639 1291 5580 995 4585 731 1369 38143 11735 4996 2503
internal_count=99284 85868 13416 31503 10213 7977 3203 25977 54365 3744 2397 5526 16222 9437 4634 6785 4803 2164 554 2639 1291 5580 995 4585 731 1369 38143 11735 4996 2503
is_linear=0
shrinkage=0.03


Tree=99
num_leaves=31
num_cat=0
split_feature=21 21 22 12 25 10 2 25 1 28 10 8 21 17 21 28 25 27 10 28 9 10 17 27 8 11 27 28 1 8
split_gain=1862.54 512.626 377.016 160.098 124.786 117.451 114.817 137.261 102.935 87.1948 77.0938 73.163 67.4148 66.7595 65.9935 63.8252 89.5758 84.1653 69.1096 107.849 68.2466 62.3827 61.562 62.5795 69.8053 74.0896 61.1037 59.1591 56.9923 56.5294
threshold=9.9654166666666697 3.1333333333333342 0.9462517963145084 5.3550000000000013 1.3150649059982096 2.5000000000000004 1.1467225763640514 1.392024377318495 -1.0000000180025095e-35 954.6500000000002 8.5000000000000018 12.500000000000002 12.934583333333336 12.025 2.2641666666666684 960.1500000000002 1.4869772183695069 0.19080899537654503 1.5000000000000002 952.85000000000002 5.5000000000000009 6.5000000000000009 6.0450000000000008 0.24192189559966756 14.500000000000002 7.3050000000000006 -0.41467745240824966 954.6500000000002 -1.1499999999999997 17.500000000000004
decision_type=2 2 2 8 2 2 2 2 2 2 2 2 2 2 2 2 2 2 2 2 2 2 2 2 2 10 2 2 2 2
left_child=1 5 4 8 9 11 7 -4 -3 -2 -6 -1 -8 -10 26 18 28 20 19 -5 -18 -20 -23 24 25 -24 -7 -26 -17 -21
right_child=2 3 6 15 10 14 12 -9 13 -11 -12 -13 -14 -15 -16 16 17 -19 21 29 -22 22 23 -25 27 -27 -28 -29 -30 -31
leaf_value=-0.00032832070430318695 0.001216263903662852 -0.0003916236962775866 0.0012475031605528768 0.0044688956792125851 0.00035290500570257289 -0.0002576038051131687 0.0011236735371104878 0.0003890830825254965 -0.0002412135380487114 0.0011634025450610562 0.001206049508587425 -0.00032828583898118904 0.0011259103435110863 0.0040076802095282468 -0.0003284962734400723 0.00019235813158782671 0.0013089234678512072 -0.0012830821801920482 0.00083481087281092993 -0.0026117118092133388 0.0040892961868716216 -0.00099058218566485767 -6.6204548417639892e-05 0.001298046149399607 3.3106154271429484e-05 -0.002885425139142069 -0.00032828583898118904 0.0034708681687097729 0.0030233684325921815 7.9946554461355623e-05
leaf_weight=1186 1118 7541 542 265 3596 1509 1847 935 26863 774 3608 1213 2467 662 8058 484 2927 1164 11507 953 452 4394 2266 3093 2714 1511 3396 834 1095 370
leaf_count=1186 1118 7541 542 265 3596 1509 1847 935 26863 774 3608 1213 2467 662 8058 484 2927 1164 11507 953 452 4394 2266 3093 2714 1511 3396 834 1095 370
internal_value=0.000183595 -0.00154117 0.00996575 -0.000438929 0.00615097 -0.00649704 0.0159472 0.00868421 -0.00186137 0.0129995 0.00434457 -0.0125915 0.0184209 -0.00101017 -0.00536474 0.00102691 0.00379958 0.00165567 0.0004181 -0.00564972 0.00405142 0.000785215 -0.000502126 0.000754102 -0.000757162 -0.00359334 -0.00810794 0.00226288 0.00994318 -0.0091491
internal_weight=99344 84457 14887 69095 9096 15362 5791 1477 35066 1892 7204 2399 4314 27525 12963 34029 6122 4543 27907 1588 3379 26319 14812 10418 7325 3777 4905 3548 1579 1323
internal_count=99344 84457 14887 69095 9096 15362 5791 1477 35066 1892 7204 2399 4314 27525 12963 34029 6122 4543 27907 1588 3379 26319 14812 10418 7325 3777 4905 3548 1579 1323
is_linear=0
shrinkage=0.03


Tree=100
num_leaves=31
num_cat=0
split_feature=21 21 22 16 16 26 25 10 10 10 8 29 12 29 16 14 21 8 8 1 1 1 26 1 12 27 29 26 24 25
split_gain=1830.5 482.732 371.364 160.97 153.549 115.874 165.78 108.132 103.832 89.3894 149.117 123.831 77.1825 77.1179 71.2151 71.1059 70.4182 69.6829 69.5333 68.791 68.7051 63.3017 93.3604 62.0318 61.1219 58.6371 56.9718 56.0768 128.35 100.007
threshold=9.8970833333333346 3.1333333333333342 0.95555648399106141 11.815000000000003 4.5550000000000006 0.94828754594723541 1.3981227929786439 2.5000000000000004 8.5000000000000018 1.5000000000000002 12.500000000000002 59.500000000000007 2.3150000000000004 70.500000000000014 15.235000000000001 1.0615711626327 7.9612500000000015 12.500000000000002 13.500000000000002 19.350000000000005 -6.4499999999999993 -2.1499999999999999 -0.87878364999916136 0.45000000000000007 9.2550000000000008 0.41467745240824988 73.500000000000014 0.79332313182700753 9.2500000000000018 1.6406588203463206
decision_type=2 2 2 8 8 2 2 2 2 2 2 2 10 2 8 2 2 2 2 2 2 2 2 2 10 2 2 2 2 2
left_child=1 7 5 26 20 8 -7 17 -2 10 11 -6 19 -12 15 24 -11 -1 -8 -9 -3 -13 -23 -10 -5 -15 -4 29 -29 -18
right_child=2 4 3 14 9 6 18 12 23 16 13 21 -14 25 -16 -17 27 -19 -20 -21 -22 22 -24 -25 -26 -27 -28 28 -30 -31
leaf_value=-0.00031847108317409133 4.5597420498373342e-05 -0.00037182251737157647 0.001271122143960699 0.00049633055264790889 -0.0031803368774054744 0.0011436684581512841 0.00083049048542163987 -0.00031843726381175345 -0.00040867118970439043 5.2441594381794076e-08 -0.00068065988932143769 -0.00095161999088111166 -0.00022165208888695205 0.0011466744607645017 0.0010921330332057542 0.001090916948542377 -0.001310451326300368 -0.00031838947110409896 0.0013696071518284657 -0.00029533154972817392 -0.00035271036878814597 0.0048526543736952385 -0.0008513601007018607 0.0013067743268243325 0.0010921330332057542 0.008112152708246655 -0.0025701470928363944 0.0010752941588524079 0.001906971565687332 0.0020290573341612017
leaf_weight=1158 3312 441 529 205 379 970 1913 5085 531 35026 1256 1735 4920 897 982 878 3151 1242 882 2953 14325 219 438 2235 2598 212 233 5913 1881 2889
leaf_count=1158 3312 441 529 205 379 970 1913 5085 531 35026 1256 1735 4920 897 982 878 3151 1242 882 2953 14325 219 438 2235 2598 212 233 5913 1881 2889
internal_value=0.000239051 -0.00149563 0.00979375 0.0160939 -0.000421423 0.00631499 0.0104483 -0.00630346 0.00374815 0.000319994 -0.00344291 -0.00815922 -0.00521639 0.00208861 0.0181812 0.0162208 0.00071585 -0.0121497 0.00671786 -0.00702723 -0.00313181 -0.00560701 0.00231118 0.0080332 0.0185577 0.00783662 0.00328553 0.00252764 0.00420823 0.00035732
internal_weight=99388 84120 15268 5425 68762 9843 3765 15358 6078 53996 5136 2771 12958 2365 4663 3681 48860 2400 2795 8038 14766 2392 657 2766 2803 1109 762 13834 7794 6040
internal_count=99388 84120 15268 5425 68762 9843 3765 15358 6078 53996 5136 2771 12958 2365 4663 3681 48860 2400 2795 8038 14766 2392 657 2766 2803 1109 762 13834 7794 6040
is_linear=0
shrinkage=0.03


Tree=101
num_leaves=31
num_cat=0
split_feature=21 21 22 21 25 26 28 26 12 5 28 8 10 25 26 29 10 28 2 28 26 29 2 29 12 2 9 28 28 25
split_gain=1810.99 506.668 378.363 143.534 119.427 125.778 110.956 103.425 97.2088 93.6412 79.2648 71.2839 99.5735 70.4173 129.178 94.0521 72.4703 108.724 68.6458 79.0722 72.661 65.41 64.9044 65.3718 61.0748 59.5103 59.215 58.6024 57.9845 57.9364
threshold=9.9654166666666697 3.0937500000000004 0.95555648399106141 5.8637500000000005 1.2308217738545608 0.94828754594723541 952.6500000000002 -0.90992662233962551 11.155000000000003 0.032478863435870899 959.55000000000007 9.5000000000000018 1.5000000000000002 1.2201127761944166 0.63605400036818838 39.500000000000007 7.5000000000000009 954.25000000000011 1.2213337359981209 964.05000000000007 -0.95878322595067689 33.500000000000007 1.1711122817379298 65.500000000000014 8.3450000000000006 1.1225646409637664 4.5000000000000009 948.95000000000016 945.05000000000007 1.8173323092677933
decision_type=2 2 2 2 2 2 2 2 8 2 2 2 2 2 2 2 2 2 2 2 2 2 2 2 10 2 2 2 2 2
left_child=1 6 4 11 5 -2 -1 8 -4 -8 24 12 -3 14 16 26 17 -5 20 -20 -12 -11 23 -10 -6 -26 -16 28 -18 -9
right_child=2 3 7 13 10 -7 9 29 22 21 18 -13 -14 -15 15 -17 27 -19 19 -21 -22 -23 -24 -25 25 -27 -28 -29 -30 -31
leaf_value=-0.00029638691572871409 0.0010145979207339495 -0.00045638301049111285 -0.00048909478662518158 0.002274103353194282 -0.0005100139566060946 0.0010915950537448381 -0.00030888414589740076 0.0010593690422095814 0.0010801464051316523 -0.00039606449579285648 0.00027950690319877511 -0.00013995512939758966 -0.0004176529739885868 5.0820426822001108e-05 0.0016256645570151733 0.0031555150649952334 8.2413056800341162e-05 -0.002403074470406275 -0.0029946721839069347 0.0010673065450466856 0.0013121011439135766 -0.0002916294040438335 0.0010593690422095814 0.00063601839837205238 -0.00037822739284305683 0.0011353699095421486 -0.0013777756631409655 0.00030517113791502404 -0.0048701185861683236 0.0010593690422095814
leaf_weight=6410 550 1191 382 1366 1627 630 4924 1426 1072 419 331 18112 12412 30388 1719 1457 225 614 322 488 1132 3200 1248 523 1063 3401 579 533 502 771
leaf_count=6410 550 1191 382 1366 1627 630 4924 1426 1072 419 331 18112 12412 30388 1719 1457 225 614 322 488 1132 3200 1248 523 1063 3401 579 533 502 771
internal_value=0.000157844 -0.00155432 0.00977089 -0.000470602 0.00617028 0.0150886 -0.00656037 0.0160973 0.0126409 -0.00879855 0.00490381 -0.00195492 -0.00359568 0.000788756 0.00350143 0.00728457 -0.000887519 0.00269018 0.00967954 0.00265031 0.013549 -0.00512417 0.0145471 0.0104812 0.00311516 0.00492728 0.0034911 -0.00649802 -0.0120082 0.0211308
internal_weight=99017 84051 14966 69098 9544 1180 14953 5422 3225 8543 8364 31715 13603 37383 6995 3755 3240 1980 2273 810 1463 3619 2843 1595 6091 4464 2298 1260 727 2197
internal_count=99017 84051 14966 69098 9544 1180 14953 5422 3225 8543 8364 31715 13603 37383 6995 3755 3240 1980 2273 810 1463 3619 2843 1595 6091 4464 2298 1260 727 2197
is_linear=0
shrinkage=0.03


Tree=102
num_leaves=31
num_cat=0
split_feature=21 21 16 16 1 26 25 2 25 26 21 23 2 15 26 26 24 16 24 25 10 16 20 20 9 18 10 9 9 2
split_gain=1737.16 495.196 405.543 158.355 139.755 122.237 155.331 147.335 112.632 121.942 107.328 87.9364 85.79 79.2165 77.9026 70.9573 174.707 70.2261 69.8208 68.6763 63.4429 62.5168 62.2118 60.3124 56.6642 55.587 54.8447 69.7493 73.6548 94.1514
threshold=9.8970833333333346 3.0937500000000004 13.965000000000002 7.3150000000000004 -0.24999999999999997 0.94828754594723541 1.9921823274764454 1.2181813256979972 2.2800778210116737 0.85260769842926931 1.906666666666667 5.3750000000000009 1.1349047545394735 0.97499999999999976 -0.73724926354828224 0.79332313182700753 9.2500000000000018 12.235000000000001 9.6500000000000004 1.724793957545417 11.500000000000002 10.405000000000003 4.1781490078386856 2.2114917665079488 4.5000000000000009 7.8550000000000013 1.5000000000000002 4.5000000000000009 1.5000000000000002 1.2199807073947406
decision_type=2 2 8 8 2 2 2 2 2 2 2 2 2 10 2 2 2 10 2 2 2 8 2 2 2 10 2 2 2 2
left_child=1 10 5 4 13 7 25 12 15 -10 -1 20 24 -3 -12 19 22 -14 -9 -5 -4 -11 26 -19 -2 -7 27 28 29 -17
right_child=2 3 11 8 -6 6 -8 18 9 21 14 -13 17 -15 -16 16 -18 23 -20 -21 -22 -23 -24 -25 -26 -27 -28 -29 -30 -31
leaf_value=-0.00029961762152047876 0.00098938792841992145 -0.00043754688170046327 -0.0001300676455372407 -0.00042684311627861905 -0.00019321044368987586 0.00033348544330196627 0.00081161375776214739 -0.0050605606464180662 0.002245046747974975 -0.00163960643257619 -0.00031514865956896527 0.0010275879709432934 0.0011334858140871539 0.00036202815904415482 -0.00026334759591937871 0.0052846243795229382 0.0019215516275004861 0.0010287547606379586 -2.4947218175729311e-05 0.0015852534973665124 0.0011061031703861323 0.00014009206120370072 0.0047880217207617445 0.00087591455887112808 -0.0011400161363321782 0.0010275879709432934 0.00093594884569132863 -0.0026806388129341349 0.0017634191195107661 -0.0025024115965886062
leaf_weight=3124 1735 4470 293 7830 30883 240 1427 306 991 3714 4577 2217 3130 722 7279 233 2755 1239 603 3974 222 1468 538 591 881 2423 10265 268 514 429
leaf_count=3124 1735 4470 293 7830 30883 240 1427 306 991 3714 4577 2217 3130 722 7279 233 2755 1239 603 3974 222 1468 538 591 881 2423 10265 268 514 429
internal_value=0.000230407 -0.00146289 0.0095239 -0.000390101 -0.00176358 0.00724245 0.0115018 0.00518375 0.00111236 -0.00253966 -0.00640641 0.0199927 0.00655323 -0.00631518 -0.00509906 0.00195368 0.00332245 0.00887009 -0.0062035 0.000213397 0.00871154 -0.00438404 0.00178501 0.0135368 0.00215185 0.0157759 0.00132406 -0.00414079 -0.000965284 -0.00755622
internal_weight=99341 84034 15307 69054 36075 12575 4090 8485 32979 6173 14980 2732 7576 5192 11856 26806 15002 4960 909 11804 515 5182 12247 1830 2616 2663 11709 1444 1176 662
internal_count=99341 84034 15307 69054 36075 12575 4090 8485 32979 6173 14980 2732 7576 5192 11856 26806 15002 4960 909 11804 515 5182 12247 1830 2616 2663 11709 1444 1176 662
is_linear=0
shrinkage=0.03


Tree=103
num_leaves=31
num_cat=0
split_feature=21 21 22 26 25 21 21 10 28 2 25 24 26 29 1 25 10 9 9 1 2 29 28 10 25 28 10 25 27 1
split_gain=1746.5 455.23 351.952 163.039 178.358 148.027 107.427 99.7576 95.1487 93.1226 101.893 81.8609 78.6045 77.8472 89.6386 90.0239 67.367 62.5472 178.609 107.455 113.258 80.3586 78.26 76.1706 74.6385 67.5286 63.6105 62.458 61.274 60.4185
threshold=9.8970833333333346 3.0590277777777781 0.97506175887643198 0.94828754594723541 1.2530780699489419 6.118333333333335 1.906666666666667 8.5000000000000018 950.55000000000007 1.1467225763640514 1.3981227929786439 14.550000000000002 -0.46173103126271881 91.500000000000014 1.0000000180025095e-35 2.1849657534246583 1.5000000000000002 5.5000000000000009 3.5000000000000004 -1.1499999999999997 1.1661516928716331 42.500000000000007 966.95000000000016 3.5000000000000004 2.1190720641439333 944.85000000000002 1.5000000000000002 2.7172322375397671 0.18222858652173771 -2.6499999999999999
decision_type=2 2 2 2 2 2 2 2 2 2 2 2 2 2 2 2 2 2 2 2 2 2 2 2 2 2 2 2 2 2
left_child=1 6 3 7 -5 13 -1 -2 -6 10 -4 -9 -8 14 15 -3 -17 18 19 -7 -21 28 27 24 -23 -19 -27 -20 -22 -28
right_child=2 5 9 4 8 17 12 11 -10 -11 -12 -13 -14 -15 -16 16 -18 25 22 20 21 23 -24 -25 -26 26 29 -29 -30 -31
leaf_value=-0.00029062909287486436 0.00021992220831754339 -0.00025482901425174197 0.0011471880290403146 0.0010159469167635049 -0.0021501211055446022 -0.00077108387956433683 -0.00030097671840429959 0.00092840212834831119 0.0010141941121801295 0.00099676033181499537 0.00068411857626598073 0.0011578278343397442 -0.00021582801969910934 0.0027038563073653677 -0.00025043648536034863 -0.00062418529069325872 -0.00055265731448100679 -0.0027162577914470699 -0.00082510943119682074 0.00039961721839410381 0.0014473428624243272 0.0061376681708529652 0.0059511833991384927 0.0022222258440580474 0.00023953514886396798 -0.001672166296424012 0.0067585978226776377 -0.0021873631401530536 -0.004742962962506413 0.0019591610826281635
leaf_weight=3138 3837 4814 387 843 414 3548 5587 2563 3078 2878 657 670 5801 345 28650 659 669 457 8718 10547 234 1446 376 3174 416 421 372 524 233 3870
leaf_count=3138 3837 4814 387 843 414 3548 5587 2563 3078 2878 657 670 5801 345 28650 659 669 457 8718 10547 234 1446 376 3174 416 421 372 524 233 3870
internal_value=0.000235576 -0.00146386 0.0095467 0.00687555 0.0114539 -0.000453813 -0.00629275 0.00406219 0.00844152 0.0172956 0.00955195 0.00794009 -0.00493461 -0.00182261 -0.00196396 -0.00525134 -0.012153 0.000946973 0.000410664 0.00205377 0.0030981 0.00658497 -0.00293671 0.00768895 0.0125013 0.0040039 0.00508355 -0.00348437 -0.00527542 0.0061879
internal_weight=99326 83999 15327 11405 4335 69473 14526 7070 3492 3922 1044 3233 11388 35137 34792 6142 1328 34336 29216 19598 16050 5503 9618 5036 1862 5120 4663 9242 467 4242
internal_count=99326 83999 15327 11405 4335 69473 14526 7070 3492 3922 1044 3233 11388 35137 34792 6142 1328 34336 29216 19598 16050 5503 9618 5036 1862 5120 4663 9242 467 4242
is_linear=0
shrinkage=0.03


Tree=104
num_leaves=31
num_cat=0
split_feature=21 21 16 16 1 26 23 1 21 25 26 23 26 23 14 24 10 10 16 16 26 10 18 17 17 10 1 18 8 21
split_gain=1707.58 484.354 344.487 172.615 134.352 106.399 150.046 121.386 103.228 97.1006 147.746 127.494 113.6 77.3939 75.2526 70.9665 70.672 68.119 73.1446 64.5805 62.7512 60.5144 59.5015 56.5286 53.7311 53.4476 79.3831 69.4735 54.5339 53.3944
threshold=10.087916666666668 3.0590277777777781 13.965000000000002 7.1250000000000009 -0.24999999999999997 0.94828754594723541 5.0050000000000008 -2.0499999999999994 1.906666666666667 2.090431610105322 0.79332313182700753 4.1250000000000009 -0.62249093318774784 5.7650000000000006 0.52306787322488069 9.6500000000000004 11.500000000000002 2.5000000000000004 9.5350000000000019 8.8650000000000002 -0.46173103126271881 4.5000000000000009 8.1250000000000018 11.545000000000002 10.625000000000002 9.5000000000000018 8.8500000000000032 7.9050000000000011 4.5000000000000009 13.128333333333336
decision_type=2 2 8 8 2 2 2 2 2 2 2 2 2 2 2 2 2 2 8 8 2 2 10 2 2 2 2 10 2 2
left_child=1 8 5 4 -3 7 22 15 21 10 -5 17 -11 16 29 -2 -4 18 -12 -14 -10 -1 -7 -8 -19 27 -27 28 -21 -9
right_child=2 3 13 9 -6 6 23 14 20 12 11 -13 19 -15 -16 -17 -18 24 -20 25 -22 -23 -24 -25 -26 26 -28 -29 -30 -31
leaf_value=-0.00028190815954808848 -0.0048490098130569157 -0.00033831322225994967 0.00013966515275703139 -6.4648264559560018e-05 -0.0002158656867201978 -0.002300443175873862 0.00038848677146253508 0.0010434852545465267 -0.00029336683161360565 0.0020446600364309687 -0.0015239640650873689 0.0019284820660007685 -0.0013478861113710521 0.00096685752186054686 0.0008168591437607575 0.00013178993770934344 0.00098442038103120676 0.00049474340301949751 0.0014040190032813637 0.002457300050635167 -0.0002409104839326475 -0.00028191022008861846 0.0011522861090482361 0.00096661876351906257 0.0046602656582733788 -0.00065821550788920159 -0.0043778778141966403 -0.0021832571267722724 -9.855835948803793e-05 0.00096869671621054422
leaf_weight=1043 273 5004 360 12124 29948 434 201 2297 5584 1805 1050 5235 2701 2010 4293 571 289 3744 1065 1329 5902 2080 1261 1790 1238 2133 414 668 1911 352
leaf_count=1043 273 5004 360 12124 29948 434 201 2297 5584 1805 1050 5235 2701 2010 4293 571 289 3744 1065 1329 5902 2080 1261 1790 1238 2133 414 668 1911 352
internal_value=0.000160724 -0.00144523 0.00981537 -0.000413079 -0.00190863 0.00755424 0.0117529 0.00556026 -0.00641508 0.0010629 0.00211439 0.00442571 -0.00128306 0.0195383 0.00686627 -0.00515901 0.0104128 0.00180372 -0.00270283 -0.00263945 -0.00509616 -0.01125 0.00517059 0.0173297 0.00371767 -0.00100774 -0.0043848 0.00119601 0.00301387 0.0108402
internal_weight=99109 84978 14131 70369 34952 11472 3686 7786 14609 35417 24456 12332 10961 2659 6942 844 649 7097 2115 9156 11486 3123 1695 1991 4982 6455 2547 3908 3240 2649
internal_count=99109 84978 14131 70369 34952 11472 3686 7786 14609 35417 24456 12332 10961 2659 6942 844 649 7097 2115 9156 11486 3123 1695 1991 4982 6455 2547 3908 3240 2649
is_linear=0
shrinkage=0.03


Tree=105
num_leaves=31
num_cat=0
split_feature=21 21 21 26 25 16 16 28 14 1 28 10 28 28 18 28 21 28 28 27 2 25 10 28 26 24 26 8 28 17
split_gain=1707.87 422.902 376.351 155.331 165.055 142.061 135.429 109.271 102.229 98.4867 94.2681 90.8778 94.5808 86.7593 83.6985 79.9842 76.3272 75.7364 75.6589 71.9366 65.6489 89.5901 64.9915 104.297 148.036 107.454 70.4535 63.9657 63.2253 62.7971
threshold=9.9654166666666697 3.0590277777777781 12.762500000000001 0.94828754594723541 1.2530780699489419 4.6150000000000011 13.385000000000003 952.6500000000002 1.3535631988693149 -1.1499999999999997 950.55000000000007 1.5000000000000002 974.05000000000007 959.25000000000011 8.4450000000000021 955.45000000000016 1.906666666666667 951.75000000000011 960.05000000000007 0.39073112848927366 1.181161154297971 1.1534590159783245 6.5000000000000009 954.75000000000011 0.97988739209073494 6.6500000000000012 0.97988739209073494 12.500000000000002 939.95000000000016 11.045000000000002
decision_type=2 2 2 2 2 8 8 2 2 2 2 2 2 2 8 2 2 2 2 2 2 2 2 2 2 2 2 2 2 2
left_child=1 7 3 9 -5 15 8 28 -4 -2 -6 12 17 -11 -12 -3 -9 -7 22 -17 21 -20 23 -13 -25 -26 -24 -19 -1 -15
right_child=2 5 6 4 10 11 -8 16 -10 13 14 18 -14 29 -16 19 -18 27 20 -21 -22 -23 26 24 25 -27 -28 -29 -30 -31
leaf_value=-0.00044255050342692585 -0.0013018123697124944 -0.00029024311058565211 0.00094085827099323559 0.00096707797693970524 -0.0026047626130640445 0.0048777862888950063 0.00093785179620473058 -0.00027343632565060176 -0.0010367105784341057 0.00074948552301742129 0.0006661925057243911 0.0010113606379163486 0.0040746494666142668 -0.00014230995553876635 0.00095488776960027106 -0.00041001362070991818 -0.00027801297799341472 -0.0010648013447332164 0.0053580666410461535 0.00043891177620481142 0.0006081307025343185 0.00082021352650184828 -7.0077510744701591e-05 -0.0013515453233726735 0.00024351026867856914 0.00363562000845608 -0.0012987926012675954 -0.00032459994763668994 -0.00020160776520417232 0.0011474862202951229
leaf_weight=310 998 10855 1049 807 386 229 2406 1992 327 4739 912 11659 249 202 2106 4054 6440 2537 464 688 7734 1190 19040 3542 1538 410 3426 2118 5938 895
leaf_count=310 998 10855 1049 807 386 229 2406 1992 327 4739 912 11659 249 202 2106 4054 6440 2537 464 688 7734 1190 19040 3542 1538 410 3426 2118 5938 895
internal_value=0.000176533 -0.00147303 0.00956513 0.0067629 0.0112927 -0.00049858 0.0177291 -0.0061001 0.0101665 0.00396549 0.00837782 0.000228293 -0.00356754 0.00545455 0.0101621 -0.00302077 -0.0083276 -0.00449172 0.000626224 -0.00626922 0.00304695 0.00846293 5.22463e-05 0.00144281 -0.00196542 0.00466974 -0.0010093 -0.00532403 -0.00308972 0.0130399
internal_weight=99240 84413 14827 11045 4211 69733 3782 14680 1376 6834 3404 54136 5133 5836 3018 15597 8432 4884 49003 4742 9388 1654 39615 17149 5490 1948 22466 4655 6248 1097
internal_count=99240 84413 14827 11045 4211 69733 3782 14680 1376 6834 3404 54136 5133 5836 3018 15597 8432 4884 49003 4742 9388 1654 39615 17149 5490 1948 22466 4655 6248 1097
is_linear=0
shrinkage=0.03


Tree=106
num_leaves=31
num_cat=0
split_feature=19 12 22 2 16 16 16 26 23 28 5 1 29 9 28 28 1 14 12 29 16 29 11 28 9 12 1 14 23 27
split_gain=1697.11 425.267 407.485 212.764 158.413 136.201 118.479 115.505 193.948 111.969 84.1756 78.4614 78.3158 82.0054 90.3789 74.7513 79.5825 73.9002 70.5407 88.4341 69.1932 69.13 69.4276 68.4135 68.3897 67.216 60.8962 59.7899 73.1506 55.8337
threshold=9.9529166666666686 2.7250000000000005 0.95555648399106141 1.119521429291779 11.815000000000003 3.6750000000000003 8.5450000000000017 -0.90992662233962551 5.0750000000000011 950.95000000000016 0.03107594760009871 -0.34999999999999992 43.500000000000007 5.5000000000000009 944.6500000000002 966.1500000000002 1.2500000000000002 1.4251432676518283 8.2550000000000008 75.500000000000014 14.935 28.500000000000004 1.7350000000000001 958.1500000000002 2.5000000000000004 5.1750000000000007 6.0500000000000007 1.0219670574926372 5.1150000000000011 0.49240481012316878
decision_type=2 8 2 2 8 10 8 2 2 2 2 2 2 2 2 2 2 2 10 2 8 2 10 2 2 10 2 2 2 2
left_child=1 3 7 21 -4 10 11 -2 18 -10 -5 17 25 -14 -15 16 -8 29 19 -9 27 -1 -23 -18 -25 -13 -16 28 -6 -3
right_child=2 6 4 5 20 -7 15 8 9 -11 -12 12 13 14 26 -17 23 -19 -20 -21 -22 22 -24 24 -26 -27 -28 -29 -30 -31
leaf_value=-0.00033480429366053915 0.00046280971295729607 -0.00053080601883890579 0.00084385835804212433 -0.00026525229219334298 0.00075117828735831393 -0.0003476568665712753 -0.00040413200479710528 -0.001744273353101775 0.00022042186619568581 0.00099026921473229445 -0.00026902154921816285 -0.00044057561044519923 -5.9875284936052317e-05 -0.0010928953655308718 -0.00019016967868936766 0.0034284617830629021 0.00053414520961100659 0.0012404933492900275 0.0011454925779227126 0.0032050487102135627 0.00090971624231858781 0.0010176285612614848 -4.6965040382874469e-05 0.003327405481372545 0.00057450907862832245 -0.00012909079713796899 0.0023568405840119883 0.00090975272485849018 0.00090971624231858781 0.00088005562930274146
leaf_weight=1989 4241 4684 748 5516 230 6343 6625 1423 491 2096 3426 7462 17335 205 741 799 11469 574 1446 331 1221 1002 2437 1325 1389 8191 1999 876 2390 266
leaf_count=1989 4241 4684 748 5516 230 6343 6625 1423 491 2096 3426 7462 17335 205 741 799 11469 574 1446 331 1221 1002 2437 1325 1389 8191 1999 876 2390 266
internal_value=0.000169831 -0.00151715 0.00928959 -0.00524616 0.0158775 -0.00705755 -0.000292061 0.00569321 0.00844786 0.0145486 -0.00944227 -0.00123077 -0.000718738 0.000511708 0.00513559 0.00150888 0.00116177 -0.00455779 0.00350078 -0.000545765 0.0179098 -0.000143567 0.00243031 0.00242952 0.00670835 -0.00231256 0.00657923 0.0157155 0.0179886 -0.00573966
internal_weight=99270 83777 15493 20713 5465 15285 63064 10028 5787 2587 8942 41457 35933 20280 2945 21607 20808 5524 3200 1754 4717 5428 3439 14183 2714 15653 2740 3496 2620 4950
internal_count=99270 83777 15493 20713 5465 15285 63064 10028 5787 2587 8942 41457 35933 20280 2945 21607 20808 5524 3200 1754 4717 5428 3439 14183 2714 15653 2740 3496 2620 4950
is_linear=0
shrinkage=0.03


Tree=107
num_leaves=31
num_cat=0
split_feature=21 21 21 12 26 23 10 23 10 14 28 8 26 29 28 2 25 2 2 17 2 26 25 25 0 28 9 26 20 28
split_gain=1661.48 418.91 359.763 204.876 164.401 164.268 116.605 124.724 116.242 93.1856 83.093 80.57 69.1865 112.388 98.7324 93.0273 77.0056 63.4755 63.098 62.4771 61.6362 61.0471 209.191 121.221 96.2312 68.2765 66.0623 60.9952 77.1071 62.9885
threshold=9.9654166666666697 2.21763888888889 13.128333333333336 5.0050000000000008 0.94828754594723541 5.0050000000000008 2.5000000000000004 2.8050000000000002 8.5000000000000018 1.8922561489749044 950.6500000000002 13.500000000000002 -0.74892720285008318 28.500000000000004 951.6500000000002 1.116494672973267 2.7172322375397671 1.1888117128260129 1.2186306733219581 6.1450000000000005 1.1294727314644866 0.79332313182700753 1.419706410884735 1.7165398278814028 5.6050000000000013 945.25000000000011 1.5000000000000002 0.98897820466835418 1.8368133637669215 965.75000000000011
decision_type=2 2 2 8 2 2 2 2 2 2 2 2 2 2 2 2 2 2 2 2 2 2 2 2 2 2 2 2 2 2
left_child=1 20 4 6 8 -6 7 -3 -2 -4 -7 -9 17 14 -14 -15 -17 -8 -10 -5 -1 23 26 24 -21 -26 -23 -24 -29 -30
right_child=2 3 9 19 5 10 12 11 18 -11 -12 -13 13 15 -16 16 -18 -19 -20 21 -22 22 27 -25 25 -27 -28 28 29 -31
leaf_value=-0.00025810792945357421 0.00022566233095501652 -0.00028451154972388695 0.00088242475504902941 -0.00023786855739333604 0.00096177965876944932 0.00057460310124797238 -0.00029146014941030038 -0.0008591296977826815 0.00097196617743084074 0.00075470116511553885 0.00088139802105561378 0.0014866296811592268 -0.00035568591991617075 0.0010504802509594508 -0.00093763738300385916 -9.2952380262199465e-06 -0.00069636773385876882 -0.00050774666122787356 -0.00062873545050113992 0.00097277214967545324 -0.00025729225495064155 0.003319216346430618 -0.00061551656613852645 0.0015276054111795459 0.0010797919567864993 -0.0018069756507470751 0.0014802300511738609 -0.0013101887461046079 0.0019396277686235608 0.0048882730500006471
leaf_weight=1573 3997 5577 2689 11202 2130 292 10783 605 3069 349 1995 650 2639 3572 646 12826 1168 2234 329 1386 3990 1102 5037 5254 1026 5105 2869 1397 3517 206
leaf_count=1573 3997 5577 2689 11202 2130 292 10783 605 3069 349 1995 650 2639 3572 646 12826 1168 2234 329 1386 3990 1102 5037 5254 1026 5105 2869 1397 3517 206
internal_value=0.000179603 -0.00144935 0.00943117 -0.000887369 0.00705763 0.011635 -0.00236728 -0.0059412 0.00431757 0.0186329 0.017212 0.00259524 -0.00164556 -0.000573936 -0.00566261 0.000379034 -0.000724337 -0.00336123 0.00839259 0.000693592 -0.00940194 0.00147748 0.00283592 -2.58297e-05 -0.00246876 -0.00408246 0.00866952 0.000552057 0.00285659 0.00510998
internal_weight=99214 84364 14850 78801 11812 4417 40700 6832 7395 3038 2287 1255 33868 20851 3285 17566 13994 13017 3398 38101 5563 26899 14128 12771 7517 6131 3971 10157 5120 3723
internal_count=99214 84364 14850 78801 11812 4417 40700 6832 7395 3038 2287 1255 33868 20851 3285 17566 13994 13017 3398 38101 5563 26899 14128 12771 7517 6131 3971 10157 5120 3723
is_linear=0
shrinkage=0.03


Tree=108
num_leaves=31
num_cat=0
split_feature=19 16 16 5 26 24 1 1 1 12 14 28 28 23 26 9 28 26 12 17 9 28 26 1 1 23 16 24 28 29
split_gain=1593.41 390.824 379.372 164.643 155.11 191.013 123.444 123.284 116.809 120.926 111.046 93.5775 86.1088 106.777 87.1068 78.2144 101.62 78.8099 77.3756 66.9457 78.8813 68.0577 102.258 74.8277 66.7915 62.884 61.5758 58.4315 57.8463 62.8139
threshold=10.076250000000002 3.6750000000000003 14.295000000000002 0.032478863435870899 0.94828754594723541 10.550000000000002 19.350000000000005 -2.0499999999999994 -1.0499999999999998 2.9550000000000005 0.52306787322488069 950.05000000000007 960.05000000000007 3.9750000000000005 -0.93038214053199442 1.5000000000000002 957.55000000000007 0.98624804680367306 8.3450000000000006 6.1450000000000005 1.5000000000000002 953.55000000000007 -0.44618082326431213 17.050000000000004 12.450000000000001 4.9650000000000007 12.055000000000001 9.4500000000000011 956.25000000000011 66.500000000000014
decision_type=2 8 8 2 2 2 2 2 2 8 2 2 2 2 2 2 2 2 10 2 2 2 2 2 2 2 10 2 2 2
left_child=1 3 4 6 7 18 -1 27 9 -3 -9 -7 19 -14 -15 -11 -17 -18 26 21 -21 24 23 -23 -10 -4 -6 -2 -22 -30
right_child=2 8 25 -5 5 11 -8 10 12 15 -12 -13 13 14 -16 16 17 -19 -20 20 28 22 -24 -25 -26 -27 -28 -29 29 -31
leaf_value=-0.00024957498289956785 -0.0045435952633731359 -0.00027815048463225236 0.00087218517254759593 -0.00026475031463720064 0.0015932750049930621 0.00094096922878867555 -0.00017924573334130367 0.00086854532194710285 0.001571509456344549 -0.0010558683879492634 0.00068664702187732013 0.00085595917514780012 0.0002280686423399915 -0.00039683393159925529 0.0031199731351101 -0.00094296669833843813 1.6385013736433252e-05 0.0029214914827748128 0.00085601592529957471 0.0011397550954826284 0.0001667561184775737 0.00027380754734329714 -0.00088123300511240392 -0.0016048184853719811 -0.00020591264853837664 0.00085595201239755726 -0.001932134694035975 -3.147991208167777e-05 9.3615887138565056e-06 -0.0020810553505550881
leaf_weight=5179 269 2143 226 14525 325 224 1879 2798 1636 2476 4769 1276 5172 461 1380 1702 3343 1411 1677 8070 15068 2607 2187 559 11256 1948 607 606 1863 1583
leaf_count=5179 269 2143 226 14525 325 224 1879 2798 1636 2476 4769 1276 5172 461 1380 1702 3343 1411 1677 8070 15068 2607 2187 559 11256 1948 607 606 1863 1583
internal_value=0.000179885 -0.00140725 0.00928513 -0.00489022 0.00727541 0.012054 -0.00864788 0.00494377 -0.000212167 -0.00300812 0.0061767 0.0205714 0.000385365 0.00347535 0.00966956 -0.00147029 0.000269308 0.00252154 0.00712701 -9.83628e-05 0.000862011 -0.00149753 -0.00433931 -0.000889309 -0.000316353 0.0208444 0.000192102 -0.00569318 -0.000217074 -0.00372066
internal_weight=99225 84500 14725 21583 12551 4109 7058 8442 62917 11075 7567 1500 51842 7013 1841 8932 6456 4754 2609 44829 26584 18245 5353 3166 12892 2174 932 875 18514 3446
internal_count=99225 84500 14725 21583 12551 4109 7058 8442 62917 11075 7567 1500 51842 7013 1841 8932 6456 4754 2609 44829 26584 18245 5353 3166 12892 2174 932 875 18514 3446
is_linear=0
shrinkage=0.03


Tree=109
num_leaves=31
num_cat=0
split_feature=21 21 21 25 16 28 2 21 26 16 14 16 23 25 26 2 13 8 26 28 29 8 28 28 27 10 29 2 28 29
split_gain=1604.27 406.962 340.793 137.802 126.861 125.26 106.852 103.06 102.155 100.501 87.8658 84.687 82.2469 80.6919 82.29 76.7374 78.3195 69.6484 68.0675 67.5722 83.1411 91.2499 71.5663 66.8118 61.9661 59.4752 107.25 123.542 68.2118 56.4515
threshold=10.150416666666668 3.0937500000000004 13.128333333333336 1.2308217738545608 5.0550000000000006 959.55000000000007 1.2322669742278605 2.21763888888889 0.94828754594723541 13.385000000000003 0.67574650079251497 10.445000000000002 4.9650000000000007 2.4516053483222624 0.85260769842926931 1.1112370455572069 8.7916666666666696 6.5000000000000009 -0.73724926354828224 952.95000000000016 63.500000000000007 8.5000000000000018 944.6500000000002 975.35000000000002 0.11319890333640049 1.5000000000000002 59.500000000000007 1.2088209855740477 960.05000000000007 71.500000000000014
decision_type=2 2 2 2 8 2 2 2 2 8 2 8 2 2 2 2 2 2 2 2 2 2 2 2 2 2 2 2 2 2
left_child=1 7 3 8 6 15 19 -1 -2 10 -4 -7 -13 23 -15 -5 -17 -14 -9 20 21 22 -3 25 -21 26 -6 -28 29 -27
right_child=2 4 9 5 13 11 -8 18 -10 -11 -12 12 17 14 -16 16 -18 -19 -20 24 -22 -23 -24 -25 -26 28 27 -29 -30 -31
leaf_value=-0.00024208623781513529 0.0010107399398132499 -0.00091154960461912798 0.0008376632179449506 -0.0014404683964452446 -0.0028595391241073779 -0.0015226567831807237 -0.00025250171808896348 -0.00027118727607348318 0.00085770146095945354 0.00083027345202563163 0.00040063660896308417 0.00080436494321278415 0.00054461637496937103 0.00069315535245928429 -0.0010717243091602012 -0.00010618130008735127 0.00083037135823745272 0.00085764019959269405 -0.00018893889548403318 -0.00049983311614142881 0.0014236514818172067 5.6907624838489904e-05 -0.00041470974838733716 0.0044651818177301236 -4.9689373773970919e-05 0.00026711397242274544 0.0039145091667960987 -0.00068043814726072543 0.0011471916742551113 -0.00068418235381800525
leaf_weight=5477 499 1120 390 701 571 282 775 3842 644 2045 536 767 305 1812 3886 1813 4306 1444 5638 4755 1860 5978 1497 248 2517 28004 610 2649 8549 5694
leaf_count=5477 499 1120 390 701 571 282 775 3842 644 2045 536 767 305 1812 3886 1813 4306 1444 5638 4755 1860 5978 1497 248 2517 28004 610 2649 8549 5694
internal_value=0.000154204 -0.00137495 0.00967023 0.00718094 -0.000421523 0.00600436 -0.00255471 -0.00586887 0.0170122 0.0186593 0.0103759 0.011345 0.01309 0.000337318 -0.00302998 0.00380659 0.00488406 0.0166762 -0.00397259 -0.00207591 -0.000530593 -0.00177558 -0.00644165 0.000751781 -0.00429573 0.000667289 -0.00291004 -0.000799632 0.000991906 0.000384536
internal_weight=99214 85482 13732 10761 70525 9618 18502 14957 1143 2971 926 2798 2516 52023 5698 6820 6119 1749 9480 17727 10455 8595 2617 46325 7272 46077 3830 3259 42247 33698
internal_count=99214 85482 13732 10761 70525 9618 18502 14957 1143 2971 926 2798 2516 52023 5698 6820 6119 1749 9480 17727 10455 8595 2617 46325 7272 46077 3830 3259 42247 33698
is_linear=0
shrinkage=0.03


Tree=110
num_leaves=31
num_cat=0
split_feature=21 12 21 2 25 16 2 26 16 16 25 26 5 14 20 23 10 2 8 9 9 2 26 25 26 11 8 2 27 11
split_gain=1541.58 407.508 347.51 200.919 146.607 118.729 115.031 108.133 93.5892 88.742 80.2324 121.279 79.1551 78.2457 78.0006 76.5284 73.0237 106.157 90.1729 68.3041 81.0627 80.1314 80.4725 67.9734 66.8925 62.2969 62.0411 93.8967 71.009 57.9487
threshold=10.150416666666668 2.6750000000000003 13.128333333333336 1.1210409698329407 1.2308217738545608 8.8650000000000002 1.1157405394125328 0.94828754594723541 3.6750000000000003 13.385000000000003 1.3981227929786439 0.83385407025023295 0.025831218702820461 0.68237330936469875 4.3936990727875775 4.245000000000001 9.5000000000000018 1.2141520597395583 11.500000000000002 1.5000000000000002 5.5000000000000009 1.0871035644708371 0.87878364999916148 2.5814465730970193 -0.91702515554752051 3.5850000000000004 15.500000000000002 1.1694540695536293 0.1478037830001481 8.2150000000000016
decision_type=2 8 2 2 2 8 2 2 10 8 2 2 2 2 2 2 2 2 2 2 2 2 2 2 2 10 2 2 2 10
left_child=1 3 4 -1 7 16 -6 -2 12 13 11 -7 -5 -4 26 -8 17 19 -19 21 25 -3 -23 29 -17 -21 28 -28 -12 -18
right_child=2 5 9 8 6 10 15 -9 -10 -11 14 -13 -14 -15 -16 24 23 18 -20 20 -22 22 -24 -25 -26 -27 27 -29 -30 -31
leaf_value=-9.5330602699922322e-06 0.00088897389783731398 0.0013844620331167126 0.00081708288478672892 -0.00023482365068068124 -0.0011435957369408721 -3.2111681433232844e-05 0.00033218078052370758 0.00082544095692619224 -0.00033540478178190655 0.0008053652484648643 0.0004362801508392855 0.0015852982675276916 -0.00023361688758444737 0.00059023198615467786 0.006625444438875798 0.00070712884176549521 0.00058279380658581004 -0.00059011683464417735 -0.00019545373094274494 -1.3176670546022061e-05 0.00042389232716812651 -0.00032350757612278962 0.0010866018295468407 -0.00067732210154852486 0.00080437762592152403 -0.00083085587379910807 -0.00084837840793431708 0.0026213968317391201 -0.001206400660243851 -0.0021821586740861263
leaf_weight=5427 522 1245 406 4115 916 2490 1626 662 6132 2050 6420 2987 4634 565 407 3411 9386 2227 1418 4545 4184 5774 2113 1031 3672 12013 1368 3099 3628 635
leaf_count=5427 522 1245 406 4115 916 2490 1626 662 6132 2050 6420 2987 4634 565 407 3411 9386 2227 1418 4545 4184 5774 2113 1031 3672 12013 1368 3099 3628 635
internal_value=0.000191297 -0.00131562 0.0094803 -0.00502437 0.00696042 -0.00015606 0.00572897 0.016905 -0.00682588 0.0184699 0.00173936 0.00484312 -0.00881768 0.0109119 0.000598915 0.00679252 -0.00102365 -0.00172086 -0.00655068 -0.00113056 -0.00208223 0.00103097 -8.74303e-05 0.00109071 0.00813911 -0.00302481 0.000233471 0.00317308 -0.00107431 0.0018462
internal_weight=99108 85278 13830 20308 10809 64970 9625 1184 14881 3021 20399 5477 8749 971 14922 8709 44571 33519 3645 29874 20742 9132 7887 11052 7083 16558 14515 4467 10048 10021
internal_count=99108 85278 13830 20308 10809 64970 9625 1184 14881 3021 20399 5477 8749 971 14922 8709 44571 33519 3645 29874 20742 9132 7887 11052 7083 16558 14515 4467 10048 10021
is_linear=0
shrinkage=0.03


Tree=111
num_leaves=31
num_cat=0
split_feature=21 21 22 16 25 16 1 26 28 21 25 26 28 9 1 26 1 28 26 1 26 25 15 8 10 28 26 11 17 1
split_gain=1593.47 378.561 357.512 139.578 139.337 135.572 128.262 115.04 101.739 97.8978 92.1143 94.9488 81.317 73.3702 157.572 72.0935 66.1003 63.5731 62.0495 60.9692 60.1257 57.9924 57.7575 57.465 57.3998 83.9174 131.66 93.6367 80.3658 75.5201
threshold=10.216250000000002 3.1333333333333342 0.97506175887643198 7.1250000000000009 1.3205924248511633 13.385000000000003 -1.0000000180025095e-35 0.95368063612909471 960.25000000000011 2.21763888888889 2.4516053483222624 0.85260769842926931 960.05000000000007 2.5000000000000004 2.2500000000000004 -0.46173103126271881 0.8500000000000002 948.75000000000011 -0.95368063612909426 -6.4499999999999993 -0.97625883275952019 2.090431610105322 1.6700000000000008 13.500000000000002 7.5000000000000009 954.6500000000002 0.96359376111369366 5.035000000000001 9.3950000000000014 28.950000000000003
decision_type=2 2 2 8 2 8 2 2 2 2 2 2 2 2 2 2 2 2 2 2 2 2 10 2 2 2 2 10 2 2
left_child=1 9 4 6 7 18 22 -2 19 17 12 -12 24 14 -14 -11 20 -1 -4 -6 -10 -15 -3 -22 25 -5 28 -28 -27 -26
right_child=2 3 5 10 8 -7 -8 -9 16 15 11 -13 13 21 -16 -17 -18 -19 -20 -21 23 -23 -24 -25 29 26 27 -29 -30 -31
leaf_value=-0.0001939497435444113 0.00086346301685133128 -0.00034846890828144745 0.00063157216813336298 0.0013062299977584346 0.0020359762419689099 0.00078120429101091846 -0.00019190402250177151 0.00078403031321776283 -0.0012767402234220603 -0.00025348141303576684 0.0021364518002222805 -0.0013199813713813036 -0.00075123085790565795 0.0026489977572919671 0.0029680519221980937 -0.00012300351366645255 0.00089054089751425529 -0.0002277789411602608 0.00079464761324816058 0.00046311371574281443 0.00054983653714818167 -0.00020876769202335914 0.0013620045407212371 0.0010482115704548666 -8.7598878074388601e-05 -0.00072393607273583786 -0.00092986279178071949 0.0020839805938686101 -0.0034539529906663369 -0.0027342584404173968
leaf_weight=1285 1189 4849 855 9184 209 2449 29128 776 210 4986 647 3053 2478 3530 1001 4935 720 4212 606 5257 646 794 287 489 9258 1596 831 1812 1055 987
leaf_count=1285 1189 4849 855 9184 209 2449 29128 776 210 4986 647 3053 2478 3530 1001 4935 720 4212 606 5257 646 794 287 489 9258 1596 831 1812 1055 987
internal_value=0.000207211 -0.0012941 0.00982477 -0.000362579 0.00667509 0.0174559 -0.0017351 0.0137817 0.0048129 -0.00555145 0.000935663 -0.00354656 0.00144601 0.00411501 0.00086969 -0.00376889 0.0104783 -0.00876227 0.0101705 0.00266496 0.00651111 0.00672211 -0.00610387 0.00923684 0.00060296 0.00181868 -0.0011889 0.00354607 -0.00590738 -0.00111512
internal_weight=99314 85908 13406 70490 9496 3910 34264 1965 7531 15418 36226 3700 32526 7803 3479 9921 2065 5497 1461 5466 1345 4324 5136 1135 24723 14478 5294 2643 2651 10245
internal_count=99314 85908 13406 70490 9496 3910 34264 1965 7531 15418 36226 3700 32526 7803 3479 9921 2065 5497 1461 5466 1345 4324 5136 1135 24723 14478 5294 2643 2651 10245
is_linear=0
shrinkage=0.03


Tree=112
num_leaves=31
num_cat=0
split_feature=22 22 16 5 25 16 28 26 12 28 10 28 26 9 9 10 28 28 16 28 23 28 23 26 29 25 16 25 25 17
split_gain=1500.07 381.348 373.099 165.565 164.366 142.225 121.042 98.1385 94.314 87.916 86.5147 84.5155 82.0485 80.2307 134.862 89.0704 121.727 84.6871 86.049 75.6457 75.1171 73.9987 72.1251 65.1875 62.3367 72.3665 61.2524 59.2897 58.3721 57.57
threshold=0.87279433271180673 0.97506175887643198 3.7250000000000005 0.032478863435870899 1.2308217738545608 13.385000000000003 960.25000000000011 0.94828754594723541 4.7550000000000008 952.6500000000002 4.5000000000000009 962.95000000000016 -0.97625883275952019 5.5000000000000009 4.5000000000000009 7.5000000000000009 954.6500000000002 952.75000000000011 7.5550000000000006 966.95000000000016 4.9650000000000007 961.05000000000007 2.6050000000000004 -0.95878322595067689 23.500000000000004 1.4803660263879492 14.295000000000002 2.2002638522427449 2.5601204819277115 9.0150000000000023
decision_type=2 2 8 2 2 8 2 2 8 2 2 2 2 2 2 2 2 2 8 2 2 2 2 2 2 2 8 2 2 2
left_child=2 4 3 9 7 23 -6 -2 10 -1 11 24 -8 14 15 17 -17 27 -19 29 -14 26 -13 -3 -4 -26 -15 -10 -11 -16
right_child=1 5 8 -5 6 -7 12 -9 13 28 -12 22 20 21 19 16 -18 18 -20 -21 -22 -23 -24 -25 25 -27 -28 -29 -30 -31
leaf_value=-0.00031479518228913586 0.00099223076614523339 0.00056720492987836428 -0.0017966743316791714 -0.00024556194324492362 0.00059226647492253255 0.0007577681622805909 -0.00025697921367018426 0.00076949012282856108 0.0019849105684886592 -0.00022094557292545294 -5.2721303839324827e-05 -0.00026498855004729853 0.00082104070060148859 0.00087304618460766871 -0.00056982622204100359 -0.00111194600602247 0.00079040371221684861 -0.00080765059097771873 0.00074611747987417319 0.0065785774398987012 0.00079172120474424457 0.0029534939586845265 -0.00013244038166313642 0.00077208902704123394 0.00026693996239279648 -0.00042758188554030733 -0.0054100728046523241 -9.5284360586122543e-05 -0.00022158766669857702 -0.0025340759692193027
leaf_weight=2722 485 804 420 14775 6945 2420 406 649 5354 4021 16282 1234 811 4671 2640 6121 5712 2081 5903 200 1374 760 558 670 2851 3974 209 1593 399 2115
leaf_count=2722 485 804 420 14775 6945 2420 406 649 5354 4021 16282 1234 811 4671 2640 6121 5712 2081 5903 200 1374 760 558 670 2851 3974 209 1593 399 2115
internal_value=0.00012797 0.00901915 -0.00140319 -0.00477192 0.0060815 0.0170505 0.00479195 0.0168569 -0.000224941 -0.00852106 -0.00163837 -0.00399137 0.0103197 0.000733059 0.000146577 0.000988457 -0.000955398 0.00252879 0.000420578 -0.00439718 0.0126164 0.00402834 -0.00981636 0.00965517 -0.00254483 -0.00184919 0.0026653 0.00494965 -0.0111322 -0.00516176
internal_weight=99159 14564 84595 21917 10670 3894 9536 1134 62678 7142 25319 9037 2591 37359 31719 26764 11833 14931 7984 4955 2185 5640 1792 1474 7245 6825 4880 6947 4420 4755
internal_count=99159 14564 84595 21917 10670 3894 9536 1134 62678 7142 25319 9037 2591 37359 31719 26764 11833 14931 7984 4955 2185 5640 1792 1474 7245 6825 4880 6947 4420 4755
is_linear=0
shrinkage=0.03


Tree=113
num_leaves=31
num_cat=0
split_feature=21 21 16 16 26 24 1 10 14 1 28 21 18 28 29 21 26 24 28 24 5 1 8 29 28 24 9 10 28 29
split_gain=1563.08 377.444 320.334 183.173 127.575 184.121 120.098 101.022 75.6518 74.5111 70.1181 69.1665 66.1994 64.0872 63.2403 62.8373 61.0607 60.6592 59.2245 58.356 57.9373 57.7341 97.8718 94.7318 73.4858 51.4363 49.6025 50.9235 94.5301 115.855
threshold=10.150416666666668 2.2641666666666684 14.295000000000002 4.5550000000000006 0.94828754594723541 10.550000000000002 -2.0499999999999994 2.5000000000000004 0.52306787322488069 19.050000000000004 950.05000000000007 7.8366666666666687 8.3950000000000014 954.85000000000002 93.500000000000014 13.128333333333336 -0.74892720285008318 9.7500000000000018 953.85000000000002 8.5500000000000025 0.031837191419278175 2.0500000000000003 13.500000000000002 63.500000000000007 967.6500000000002 3.4500000000000006 5.5000000000000009 6.5000000000000009 953.1500000000002 25.500000000000004
decision_type=2 2 8 8 2 2 2 2 2 2 2 2 10 2 2 2 2 2 2 2 2 2 2 2 2 2 2 2 2 2
left_child=1 9 4 7 6 12 17 -3 13 -1 -7 14 -6 15 21 -8 20 -2 -14 -4 -9 22 23 -5 -24 -11 27 28 -23 -30
right_child=2 3 19 11 5 10 8 16 -10 25 -12 -13 18 -15 -16 -17 -18 -19 -20 -21 -22 26 24 -25 -26 -27 -28 -29 29 -31
leaf_value=-0.00021431720573768931 -0.004774163472279846 -0.00021926474003851318 0.00075657269874518037 -0.0014750073869572468 -0.00010029641073313722 0.0010505593622523446 0.00055560124376728855 -0.00029854458340292989 0.00067365959288208876 2.913873241507228e-05 0.00073504206527990831 0.00059226282656507309 0.00041522793017587768 0.0007888813470788114 0.0036078128670544328 0.00073573392829901049 -7.7127182707878282e-05 4.7170226195022975e-05 0.00074681679069685584 0.00073503511741217383 -0.00036138359004430227 0.00096121928887014485 -1.7728767172381296e-05 -0.00041480581202082658 0.0069369136681119619 -0.00026151258916068013 0.00080286866840717226 -0.00034258332413136702 -0.0035646269097602467 -0.00019170255211006348
leaf_weight=4162 266 2938 211 1047 689 220 1191 940 4278 1142 1221 18051 457 1258 244 233 9792 566 1249 1911 8937 5723 3681 4980 243 618 4077 15146 293 3520
leaf_count=4162 266 2938 211 1047 689 220 1191 940 4278 1142 1221 18051 457 1258 244 233 9792 566 1249 1911 8937 5723 3681 4980 243 618 4077 15146 293 3520
internal_value=0.000157721 -0.00135166 0.00954417 -0.000807868 0.00758188 0.0120594 0.0053713 -0.00309261 0.00665901 -0.00865531 0.0205187 9.84038e-05 0.0069375 0.0106066 -0.000612952 0.00621414 -0.00231625 -0.00537634 0.0100994 0.0202539 -0.00397996 -0.000709802 -0.00267879 -0.00507792 0.00100789 -0.00346742 -2.81602e-05 -0.000534694 0.00118227 -0.00247512
internal_weight=99284 85534 13750 79612 11628 3836 7792 22607 6960 5922 1441 57005 2395 2682 38954 1424 19669 832 1706 2122 9877 38710 9951 6027 3924 1760 28759 24682 9536 3813
internal_count=99284 85534 13750 79612 11628 3836 7792 22607 6960 5922 1441 57005 2395 2682 38954 1424 19669 832 1706 2122 9877 38710 9951 6027 3924 1760 28759 24682 9536 3813
is_linear=0
shrinkage=0.03


Tree=114
num_leaves=31
num_cat=0
split_feature=21 21 16 21 26 21 26 24 28 28 28 17 24 24 14 24 21 23 15 26 16 28 28 29 26 28 29 28 27 20
split_gain=1514.72 403.104 287.707 176.154 126.427 106.868 72.0775 156.298 87.1018 79.7926 79.208 73.4829 76.619 71.7857 93.6852 68.9637 68.7321 67.5718 66.4617 63.3829 58.1095 78.9849 64.0496 57.3309 56.0469 54.1241 59.5542 51.0297 50.2965 47.7984
threshold=10.823333333333334 3.0937500000000004 13.965000000000002 7.9612500000000015 0.96359376111369366 1.906666666666667 0.89490028524376763 9.1500000000000004 950.25000000000011 950.1500000000002 947.55000000000007 10.005000000000001 10.050000000000002 9.6500000000000004 1.2772757443887259 7.6500000000000012 13.128333333333336 5.7650000000000006 0.52000000000000002 -0.67556448321067808 4.5550000000000006 953.05000000000007 950.05000000000007 92.500000000000014 -0.46173103126271881 953.95000000000016 36.500000000000007 948.6500000000002 0.3090169943749474 1.4996666292507801
decision_type=2 2 8 2 2 2 2 2 2 2 2 2 2 2 2 2 2 2 10 2 8 2 2 2 2 2 2 2 2 2
left_child=1 5 4 20 13 27 11 9 10 18 -9 12 -5 -2 16 -6 -15 -4 -8 -14 21 22 -3 -22 -7 -26 -27 -1 29 -23
right_child=2 3 17 6 15 24 7 8 -10 -11 -12 -13 19 14 -16 -17 -18 -19 -20 -21 23 28 -24 -25 25 26 -28 -29 -30 -31
leaf_value=-0.00019236419679420484 -0.0015299207727926068 -0.00047434443444120423 0.00072808410179535431 0.0026031945979008379 -1.9512593046729921e-05 -0.00021623573405933155 -0.0034609852535714518 0.0033752461932825915 0.00089738792295315447 0.0012407776246697933 -0.0040221065753875953 -0.00081783477277940105 -0.00083560554796338062 0.00069304989831823094 -2.9307282500035113e-05 0.00071166359801147939 0.0007243137604191263 0.00071298406388980995 0.0036699604949084674 0.0037100599061091408 -0.00015738020517847755 -0.00022935403205733839 0.00065013710442227341 0.0029648622770535623 2.6674767805671336e-05 -0.00029077661206529745 -0.00021231394882448873 -0.00020788768956555865 3.159283341656851e-05 -0.00039519154737677941
leaf_weight=630 507 6564 565 2593 245 5806 854 360 2000 6938 278 4696 2357 3199 1181 1684 916 1969 274 206 38278 1732 2093 295 3267 216 2564 2504 1197 3284
leaf_count=630 507 6564 565 2593 245 5806 854 360 2000 6938 278 4696 2357 3199 1181 1684 916 1969 274 206 38278 1732 2093 295 3267 216 2564 2504 1197 3284
internal_value=7.97929e-05 -0.00117922 0.0109882 -0.000270391 0.00810392 -0.00566502 0.00208939 0.00379307 0.0101249 0.00171726 0.000466563 0.000237395 0.00270878 0.00588326 0.00691568 0.0147518 0.00905097 0.0197558 -0.00566637 -0.000969626 -0.00117815 -0.00277109 -0.000917802 -0.000563793 -0.00435908 -0.00233477 -0.00540754 -0.0105894 -0.0053506 -0.00666799
internal_weight=99252 88986 10266 73999 7732 14987 20556 10704 2638 8066 638 9852 5156 5803 5296 1929 4115 2534 1128 2563 53443 14870 8657 38573 11853 6047 2780 3134 6213 5016
internal_count=99252 88986 10266 73999 7732 14987 20556 10704 2638 8066 638 9852 5156 5803 5296 1929 4115 2534 1128 2563 53443 14870 8657 38573 11853 6047 2780 3134 6213 5016
is_linear=0
shrinkage=0.03


Tree=115
num_leaves=31
num_cat=0
split_feature=21 21 21 16 25 28 16 26 10 16 23 16 8 10 29 1 17 27 25 2 26 25 25 26 10 9 3 1 26 14
split_gain=1458.65 364.991 349.877 180.868 135.77 132.475 129.112 107.414 96.507 77.1817 77.5261 74.2699 69.9982 104.666 113.728 81.8373 94.0651 69.5019 66.0693 62.0161 104.168 62.4081 60.1699 97.7937 90.905 69.4706 59.7268 74.022 59.5242 58.5043
threshold=10.216250000000002 2.2641666666666684 12.762500000000001 4.6150000000000011 1.2308217738545608 959.55000000000007 12.235000000000001 0.95368063612909471 2.5000000000000004 10.445000000000002 4.9650000000000007 10.205000000000002 12.500000000000002 1.5000000000000002 57.500000000000007 20.750000000000004 2.3550000000000004 -0.41467745240824966 1.2720937283437286 1.1317943610588868 0.069756473744125427 2.5045249795249798 1.7686820997055543 0.14780378300014818 3.5000000000000004 4.5000000000000009 8.5558336889247766 24.150000000000002 -0.74892720285008318 1.5479341071247017
decision_type=2 2 2 8 2 2 8 2 2 8 2 10 2 2 2 2 2 2 2 2 2 2 2 2 2 2 2 2 2 2
left_child=1 17 4 8 7 26 -4 -2 18 -7 -11 12 13 14 -5 -14 -17 -1 -3 20 -15 -22 -21 -24 25 -25 -6 -28 -10 -8
right_child=2 3 6 11 5 9 29 -9 28 10 -12 -13 15 19 -16 16 -18 -19 -20 22 21 -23 23 24 -26 -27 27 -29 -30 -31
leaf_value=-0.00016918533761171707 0.00076325844293197772 -7.3837832674016616e-05 0.00070866085925528114 -0.0026465115882302079 -0.00077548019793262867 -0.0018591265899433062 0.00069159454197311734 0.00073203352367783297 -0.00033096900672396456 0.00068746419903014224 0.00070987606166491354 0.00078271105691235738 0.00058813474381691142 -0.00062486059141281128 -0.00053016537549883589 -0.0014908878364987999 -0.00015974602120417635 -0.0002016510588785919 -0.00022240327851975227 -0.00066376064291201312 0.002070001249790811 -0.00093996469142550198 0.0013241941703288761 -0.00024927820950949419 -0.0011389483617568722 0.0035608393150928022 0.00072684587869584422 -0.0013205374812417796 -6.4787572794232498e-05 0.00069162993003682341
leaf_weight=1672 495 978 596 244 1537 260 2704 549 10101 706 1540 9419 14577 3361 1996 599 8108 4258 2021 5919 3093 434 3458 989 4197 419 3874 606 9890 459
leaf_count=1672 495 978 596 244 1537 260 2704 549 10101 706 1540 9419 14577 3361 1996 599 8108 4258 2021 5919 3093 434 3458 989 4197 419 3874 606 9890 459
internal_value=0.000161411 -0.001274 0.00939314 -0.000740151 0.00634037 0.00508326 0.017144 0.01653 -0.002985 0.0108722 0.012661 0.000168433 -0.000315197 -0.00144806 -0.00761693 0.000857916 -0.00144284 -0.00845156 -0.00799933 -0.000814629 0.00154069 0.00513873 -0.00189764 -0.000360609 -0.00280749 0.00377919 0.00266523 0.00441472 -0.00223095 0.0195549
internal_weight=99059 85733 13326 79803 9567 8523 3759 1044 22990 2506 2246 56813 47394 24110 2240 23284 8707 5930 2999 21870 6888 3527 14982 9063 5605 1408 6017 4480 19991 3163
internal_count=99059 85733 13326 79803 9567 8523 3759 1044 22990 2506 2246 56813 47394 24110 2240 23284 8707 5930 2999 21870 6888 3527 14982 9063 5605 1408 6017 4480 19991 3163
is_linear=0
shrinkage=0.03


Tree=116
num_leaves=31
num_cat=0
split_feature=21 12 21 1 28 14 21 25 26 1 21 1 29 25 26 29 26 28 1 25 1 29 27 28 8 9 24 27 25 29
split_gain=1375.54 394.37 339.893 188.734 114.829 112.701 100.064 92.8023 89.2305 88.0021 87.0723 80.7303 71.1703 68.6193 85.8378 79.432 66.3012 100.533 61.3596 58.5788 56.7062 61.1281 66.1854 67.9805 57.0396 68.1666 56.4201 69.575 55.2397 54.7666
threshold=10.216250000000002 2.7250000000000005 12.762500000000001 22.050000000000004 959.25000000000011 1.1517522881823627 2.21763888888889 1.3091366372037976 0.95368063612909471 0.8500000000000002 7.9612500000000015 8.0500000000000025 92.500000000000014 1.5248194357530249 0.89490028524376763 27.500000000000004 -0.97625883275952019 964.55000000000007 -2.8499999999999992 1.1456853148961403 1.0000000180025095e-35 46.500000000000007 0.33379414889141285 948.75000000000011 2.5000000000000004 5.5000000000000009 3.4500000000000006 0.32556815445715659 2.5814465730970193 28.500000000000004
decision_type=2 8 2 2 2 2 2 2 2 2 2 2 2 2 2 2 2 2 2 2 2 2 2 2 2 2 2 2 2 2
left_child=1 3 4 6 7 -4 -1 8 -2 16 12 -7 13 14 -3 19 -6 18 -18 -16 26 -22 24 -24 -23 -26 28 -28 -15 -5
right_child=2 10 5 29 9 11 -8 -9 -10 -11 -12 -13 -14 20 15 -17 17 -19 -20 -21 21 22 23 -25 25 -27 27 -29 -30 -31
leaf_value=-0.0001956015271122341 0.00057127034494579342 -0.00012808651318504526 0.00067084670571392448 -0.00027578091288545684 -0.00091221418811110336 0.00067617735033950635 -0.00022067912864239553 0.00050791666507973615 0.00069523939973242463 0.00076155787913636641 0.0005743325966884172 0.0005469537618365283 0.0028991106928380529 -0.00036331453219675417 -0.0012502682005624223 0.001478466814226429 -0.0028057069071121543 0.00067445610385657886 0.00089754545330275929 0.0011337990296158623 -0.00058674859908434062 0.0011600998957560535 0.0030688243833885609 -0.0012402357305958617 -0.00026028400540268503 0.001383493106264137 -0.00059816300045924004 0.0022110566881014377 -0.00071143795038882925 0.00030854758839153721
leaf_weight=3776 936 14914 2747 1979 244 291 11706 5327 494 1226 17456 668 347 1555 848 3770 327 736 322 477 6762 2471 378 1441 8520 1549 3724 435 444 3370
leaf_count=3776 936 14914 2747 1979 244 291 11706 5327 494 1226 17456 668 347 1555 848 3770 327 736 322 477 6762 2471 378 1441 8520 1549 3724 435 444 3370
internal_value=0.000163837 -0.00122686 0.00913308 -0.00481906 0.00615161 0.0168472 -0.00649706 0.00401508 0.0107875 0.0111923 -7.69633e-05 0.00793568 -0.000741184 -0.000841139 0.000493155 0.00385294 0.00659119 0.0091295 0.000504587 -0.00245865 -0.00181975 -0.00108066 2.71512e-05 -0.0053125 0.000803507 -0.000199524 -0.00435178 -0.00235591 -0.00848802 3.9223e-05
internal_weight=99240 85922 13318 20831 9612 3706 15482 6757 1430 2855 65091 959 47635 47288 20009 5095 1629 1385 649 1325 27279 21121 14359 1819 12540 10069 6158 4159 1999 5349
internal_count=99240 85922 13318 20831 9612 3706 15482 6757 1430 2855 65091 959 47635 47288 20009 5095 1629 1385 649 1325 27279 21121 14359 1819 12540 10069 6158 4159 1999 5349
is_linear=0
shrinkage=0.03


Tree=117
num_leaves=31
num_cat=0
split_feature=21 21 21 12 25 28 1 26 14 29 1 17 23 28 29 8 21 28 27 2 13 26 2 1 0 25 8 17 8 26
split_gain=1442.78 352.334 322.473 170.269 137.774 123.987 105.876 105.253 91.6173 87.2613 76.456 74.677 73.0652 68.5586 134.387 89.581 96.2953 66.9539 64.9164 62.2995 56.1751 53.4584 53.2761 52.1228 50.7207 50.2041 62.9087 46.9741 53.5069 87.1611
threshold=10.216250000000002 2.2641666666666684 13.128333333333336 4.6150000000000011 1.2308217738545608 960.25000000000011 -0.24999999999999997 0.95368063612909471 1.785758473668172 82.500000000000014 23.950000000000003 11.045000000000002 4.9650000000000007 952.55000000000007 23.500000000000004 13.500000000000002 4.797083333333334 975.35000000000002 0.35019404643548474 1.1325703599807537 8.7916666666666696 -0.97625883275952019 1.2281441476346777 19.050000000000004 1.8250000000000004 1.830487652521551 5.5000000000000009 5.9850000000000012 11.500000000000002 0.79332313182700753
decision_type=2 2 2 8 2 2 2 2 2 2 2 2 2 2 2 2 2 2 2 2 2 2 2 2 2 2 2 2 2 2
left_child=1 18 4 6 7 10 -3 -2 -4 13 20 -7 22 -8 -15 -16 19 27 23 -17 -6 -14 -13 -1 -21 26 -11 -5 -29 -30
right_child=2 3 8 17 5 11 9 -9 -10 25 -12 12 21 14 15 16 -18 -19 -20 24 -22 -23 -24 -25 -26 -27 -28 28 29 -31
leaf_value=-0.00018973348129886712 0.00067223407182816274 -0.0002200170342870132 0.00065072130454250639 -0.00023909684729615297 1.799714364412619e-05 -0.00070200143151447959 -0.00010593924950746154 0.00065262477741229066 0.00065056032356182729 -0.0010549193417176968 -0.0017226144785942909 0.0009441755263526519 0.00062834002327890042 -0.00084182177952846194 -0.00029423724424065606 -0.0007701116601418628 0.0015968349239490103 0.0049833001879658317 -0.00018973348129886712 -0.00024190945220878938 0.00066219246370697368 0.00065422242074088309 -0.002263838371497442 4.8358455499367886e-05 0.00016875261729165688 0.0017784474747345226 0.00086499994871346876 -9.8137611210094566e-05 7.1399772313147095e-05 0.0011357252150274355
leaf_weight=2516 508 6970 2584 12402 1757 251 15666 611 413 209 694 347 342 496 6443 447 1541 223 2450 704 4252 1326 203 903 2143 723 502 15293 8896 7063
leaf_count=2516 508 6970 2584 12402 1757 251 15666 611 413 209 694 347 342 496 6443 447 1541 223 2450 704 4252 1326 203 903 2143 723 502 15293 8896 7063
internal_value=0.000148054 -0.00127998 0.00934326 -0.000757469 0.00681527 0.0055966 -0.00229128 0.0167349 0.017998 -0.00148966 0.00347496 0.0113379 0.0130904 -0.00186701 -0.00359623 -0.00291944 0.000167355 0.000495647 -0.00837079 -0.0027281 0.00456435 0.0162104 0.00356757 -0.00568633 -0.00108345 0.0057123 4.18994e-05 0.000410912 0.00103081 0.00224568
internal_weight=98878 85590 13288 79721 10291 9172 35844 1119 2997 28874 6703 2469 2218 27440 11774 11278 4835 43877 5869 3294 6009 1668 550 3419 2847 1434 711 43654 31252 15959
internal_count=98878 85590 13288 79721 10291 9172 35844 1119 2997 28874 6703 2469 2218 27440 11774 11278 4835 43877 5869 3294 6009 1668 550 3419 2847 1434 711 43654 31252 15959
is_linear=0
shrinkage=0.03


Tree=118
num_leaves=31
num_cat=0
split_feature=21 21 21 25 28 26 16 10 8 29 28 16 1 28 23 10 1 26 10 23 24 29 28 26 28 28 28 0 10 9
split_gain=1389.84 343.23 331.275 149.644 124.527 114.822 103.585 97.7605 124.659 134.253 96.0997 83.5666 74.7254 73.8068 70.6141 70.2051 66.6449 64.8357 79.3049 76.9953 62.9908 71.4501 91.7873 80.5792 60.6187 92.5622 77.9359 60.5194 56.809 56.5398
threshold=10.216250000000002 13.128333333333336 3.0937500000000004 1.2308217738545608 960.25000000000011 0.95368063612909471 13.385000000000003 1.5000000000000002 12.500000000000002 58.500000000000007 952.6500000000002 4.5550000000000006 0.8500000000000002 940.35000000000002 0.51500000000000012 9.5000000000000018 24.150000000000002 -0.91702515554752051 11.500000000000002 4.4650000000000007 3.3500000000000001 71.500000000000014 953.35000000000002 0.92384435400961407 963.45000000000016 960.1500000000002 967.1500000000002 8.6450000000000014 8.5000000000000018 4.5000000000000009
decision_type=2 2 2 2 2 2 8 2 2 2 2 8 2 2 2 2 2 2 2 2 2 2 2 2 2 2 2 2 2 2
left_child=2 3 10 5 16 -2 -3 8 9 -4 13 -9 17 -1 -12 24 27 18 -6 -19 -10 22 -22 -24 25 -16 -26 -5 -15 -11
right_child=1 6 7 4 12 -7 -8 11 20 29 14 -13 -14 28 15 -17 -18 19 -20 -21 21 -23 23 -25 26 -27 -28 -29 -30 -31
leaf_value=-0.00035594935661343972 0.00065206704967331829 0.00063870787019477341 -0.0020110382989377159 -0.00035302515032035407 -0.0037032496428605721 0.00064670974968015322 0.00063119966540623243 -0.00027990217581130958 -0.00028610367652009581 -0.0002559419839892927 -0.00018404147685990114 0.00013839379481877522 0.00072046633507502123 5.7126102118054687e-07 -0.00019075768256897517 -0.00015544920993311383 -0.0015395545895216349 -0.0010158248780553392 0.00072453546832304864 0.00063123005680538297 0.0025617421389984938 0.0021748961779969162 -0.0017274748456986323 0.00088666791474389494 -0.00018407783777934464 5.5040758290169251e-05 -0.00010128767219282305 0.00064757583242920462 -0.00029981369809665569 -0.00076997342485808369
leaf_weight=413 517 978 517 1575 224 621 2043 13690 535 2473 1229 50577 864 4438 2694 2912 672 305 227 816 214 1067 773 320 608 884 218 4497 1580 643
leaf_count=413 517 978 517 1575 224 621 2043 13690 535 2473 1229 50577 864 4438 2694 2912 672 305 227 816 214 1067 773 320 608 884 218 4497 1580 643
internal_value=0.000159187 0.00916592 -0.00124175 0.00655623 0.00527817 0.0167979 0.0180535 -0.000384246 -0.00387658 -0.00757834 -0.00529471 -2.84727e-05 0.0110856 -0.00252175 -0.00737895 -0.00625324 0.0031738 0.00715282 -0.00243421 0.0110036 0.000751544 0.00284994 -0.00185213 -0.00538251 -0.00864142 -0.00693274 -0.0159567 0.00416653 -0.00167358 -0.00520987
internal_weight=99124 13339 85785 10318 9180 1138 3021 70809 6542 3633 14976 64267 2436 6431 8545 7316 6744 1572 451 1121 2909 2374 1307 1093 4404 3578 826 6072 6018 3116
internal_count=99124 13339 85785 10318 9180 1138 3021 70809 6542 3633 14976 64267 2436 6431 8545 7316 6744 1572 451 1121 2909 2374 1307 1093 4404 3578 826 6072 6018 3116
is_linear=0
shrinkage=0.03


Tree=119
num_leaves=31
num_cat=0
split_feature=21 21 16 16 1 17 21 14 21 25 10 28 27 23 10 1 14 25 28 27 15 16 1 6 18 28 11 24 24 28
split_gain=1385.24 362.999 279.38 161.417 128.763 101.469 95.1052 81.9307 113.083 79.0674 73.5422 69.2981 110.382 69.1313 92.8458 64.4608 59.8294 58.3294 55.881 54.8046 55.8343 60.6723 52.4549 49.4352 53.9307 49.0955 47.5208 46.785 46.4449 98.2733
threshold=10.823333333333334 3.0590277777777781 13.965000000000002 9.0850000000000026 -0.24999999999999997 11.315000000000003 1.906666666666667 1.2772757443887259 12.934583333333336 1.3520929202687875 4.5000000000000009 959.25000000000011 0.28400453026986811 5.7650000000000006 11.500000000000002 0.8500000000000002 0.42146569650842641 1.225770042962208 966.1500000000002 0.49240481012316878 1.6700000000000008 7.5550000000000006 -0.84999999999999998 1.5000000000000002 1.7800000000000002 964.75000000000011 11.485000000000001 3.9500000000000006 4.9500000000000011 942.55000000000007
decision_type=2 2 8 8 2 2 2 2 2 2 2 2 2 2 2 2 2 2 2 2 10 10 2 2 10 2 10 2 2 2
left_child=1 6 7 4 19 28 10 8 11 -7 -1 12 17 14 -4 25 -14 -2 27 20 21 -3 -19 -12 -25 -13 -9 -11 29 -5
right_child=2 3 13 5 -6 9 -8 26 -10 18 23 15 16 -15 -16 -17 -18 22 -20 -21 -22 -23 -24 24 -26 -27 -28 -29 -30 -31
leaf_value=-0.00017855103544474902 0.00059990813523444595 -0.0003262730812141067 -0.00037310096178748252 0.0069739911955770603 -0.00011042196588697483 0.00079153140536115105 -0.00018152859599181547 0.00088374378946942439 0.00061806145308284429 0.0029691077923692799 -0.00019355287692775303 -8.3800933565361115e-05 -0.0059668788369301382 0.00061226367544404471 0.00069357749600822746 0.00069747048008779846 0.00052205528313414796 0.0009820763842683588 0.0022955574207514772 0.00043859858311234222 0.0020372008446644173 -0.00037464669847640932 0.00050290970017774158 -3.2752134251937923e-05 -0.00018215334254098335 0.00059231796538755101 -0.0012251267247901298 0.00059988674676159982 0.00048466209725982808 -0.00064214277246726795
leaf_weight=1025 341 4968 298 215 43790 1842 11446 509 1271 372 662 381 413 1969 285 683 258 255 290 422 296 2176 2147 1099 350 633 805 4834 10629 4520
leaf_count=1025 341 4968 298 215 43790 1842 11446 509 1271 372 662 381 413 1969 285 683 258 255 290 422 296 2176 2147 1099 350 633 805 4834 10629 4520
internal_value=0.000109488 -0.00109421 0.0105511 -0.000245296 -0.00117196 0.00186286 -0.00542127 0.00768991 0.00909347 0.00476372 -0.0100478 0.00708952 0.00461538 0.0191474 0.00994898 0.0120388 -0.0062574 0.00728166 0.00295583 -0.00470573 -0.00530289 -0.00583298 0.00560864 -0.00681947 -0.00369326 0.00718351 0.000864291 0.00223374 0.000476283 -0.00199367
internal_weight=99184 88936 10248 74354 51652 22702 14582 7696 6382 7338 3136 5111 3414 2552 583 1697 671 2743 5496 7862 7440 7144 2402 2111 1449 1014 1314 5206 15364 4735
internal_count=99184 88936 10248 74354 51652 22702 14582 7696 6382 7338 3136 5111 3414 2552 583 1697 671 2743 5496 7862 7440 7144 2402 2111 1449 1014 1314 5206 15364 4735
is_linear=0
shrinkage=0.03


Tree=120
num_leaves=31
num_cat=0
split_feature=21 21 21 12 25 10 10 28 26 10 25 20 9 9 28 8 1 28 10 28 28 26 28 8 28 15 2 1 1 25
split_gain=1428.74 340.233 313.825 164.512 154.795 120.627 127.15 107.661 97.9173 93.4989 108.495 90.5412 73.3383 101.668 78.8077 99.9142 77.0184 131.067 76.3692 139.989 101.438 83.5944 126.619 94.6329 80.8124 74.8216 73.2122 68.9886 67.1025 66.7305
threshold=10.216250000000002 2.21763888888889 13.128333333333336 4.5750000000000011 1.2308217738545608 5.5000000000000009 6.5000000000000009 959.55000000000007 0.95368063612909471 10.500000000000002 1.4054317475370108 2.1708178181578464 5.5000000000000009 4.5000000000000009 945.05000000000007 11.500000000000002 0.65000000000000002 960.85000000000002 6.5000000000000009 952.75000000000011 954.25000000000011 0.79332313182700753 960.55000000000007 11.500000000000002 958.1500000000002 -0.56999999999999951 1.1678005465523333 -3.0499999999999994 0.8500000000000002 1.2720937283437286
decision_type=2 2 2 8 2 2 2 2 2 2 2 2 2 2 2 2 2 2 2 2 2 2 2 2 2 10 2 2 2 2
left_child=1 -1 4 5 8 -3 -7 -6 -2 10 -4 -12 13 18 15 -14 17 -16 19 26 -20 22 -21 27 -25 -24 29 -23 -9 -5
right_child=2 3 9 12 7 6 -8 28 -10 -11 11 -13 14 -15 16 -17 -18 -19 20 21 -22 23 25 24 -26 -27 -28 -29 -30 -31
leaf_value=-0.00017316170276644751 0.00079472147842129853 -0.00022092812945595405 0.00060659628449584945 0.0024126105416113586 0.00053522578865558004 0.0013321699015567433 -0.00018798198197092391 0.00057454842642592596 0.00059204615315637803 0.00059389576518072194 0.00059389576518072194 -0.00027302916036801682 -0.0033324285369407299 -0.00091788743822682976 -0.0019227993793832503 0.00069839832855430174 0.0016956198310404897 0.0027285585365996344 -0.00072736269602419494 -0.001239801614851675 0.00071048429117867465 -0.0018597286804339383 -0.0014905521980445985 -6.5987185487881297e-05 0.0025911071920036275 0.0033260591739112592 0.0058883024583775093 0.0011429726559164307 0.00063811690490975237 0.00068481717986864916
leaf_weight=5511 527 14338 794 1989 6485 1855 19700 1691 601 825 956 491 309 5981 1069 439 4458 470 10012 3091 6801 1100 258 882 1383 817 699 1715 1009 2981
leaf_count=5511 527 14338 794 1989 6485 1855 19700 1691 601 825 956 491 309 5981 1069 439 4458 470 10012 3091 6801 1100 258 882 1383 817 699 1715 1009 2981
internal_value=8.43393e-05 -0.00133678 0.00920129 -0.000841921 0.00669025 -0.0023525 -0.000933673 0.00539608 0.017158 0.0176229 0.0143856 0.00944215 0.000377876 -0.000137615 0.00325778 -0.00589641 0.00440353 -0.00137953 0.000538871 0.00210121 -0.000847306 -0.000175116 -0.00332294 0.00240708 0.00696476 0.00552778 0.00581072 -0.00126596 0.0104251 0.00452261
internal_weight=99237 85858 13379 80347 10313 35893 21555 9185 1128 3066 2241 1447 44454 37709 6745 748 5997 1539 31728 14915 16813 9246 4166 5080 2265 1075 5669 2815 2700 4970
internal_count=99237 85858 13379 80347 10313 35893 21555 9185 1128 3066 2241 1447 44454 37709 6745 748 5997 1539 31728 14915 16813 9246 4166 5080 2265 1075 5669 2815 2700 4970
is_linear=0
shrinkage=0.03


Tree=121
num_leaves=31
num_cat=0
split_feature=22 21 21 16 21 16 28 25 26 29 8 28 28 1 25 2 25 27 8 26 29 1 28 25 9 2 29 27 1 8
split_gain=1337.78 424.664 199.057 183.032 152.677 95.4939 95.4258 92.7802 113.502 87.9274 77.5424 87.772 70.3825 87.1022 69.9392 69.7563 113.933 96.3118 104.368 78.4908 69.2042 76.5275 75.1379 67.0917 73.2958 66.1773 65.2776 64.8586 78.2871 77.9001
threshold=0.9462517963145084 5.4737500000000008 2.21763888888889 11.815000000000003 9.9654166666666697 14.935 953.05000000000007 1.3205924248511633 0.95368063612909471 25.500000000000004 14.500000000000002 967.95000000000016 975.35000000000002 0.25000000000000006 1.7390952011838492 1.1620498576091001 1.3277668416447945 0.1218693434051476 12.500000000000002 0.71322329076259949 70.500000000000014 3.6500000000000008 962.85000000000002 2.1115620163972215 1.5000000000000002 1.1325703599807537 64.500000000000014 0.3090169943749474 19.350000000000005 11.500000000000002
decision_type=2 2 2 8 2 8 2 2 2 2 2 2 2 2 2 2 2 2 2 2 2 2 2 2 2 2 2 2 2 2
left_child=1 2 -1 -2 12 -5 -4 8 -6 -8 -11 25 13 14 -3 27 19 20 26 -17 -18 22 -22 24 -16 -12 -19 -15 -29 -30
right_child=3 4 6 5 7 -7 9 -9 -10 10 11 -13 -14 15 23 16 17 18 -20 -21 21 -23 -24 -25 -26 -27 -28 28 29 -31
leaf_value=-0.00016794942458394686 0.00045959414430543741 -0.0012838755267646695 -0.00011007752519151061 0.00057569745332729846 0.00059066614977344441 0.00057607889222529901 -0.00045263655334406238 0.00053934305706980208 0.00060434175591787202 -0.00020330440738504713 -0.00081584560158070403 0.0074722310904463268 0.0053942787522894666 -0.00022447622087944845 -0.0011143415104402164 0.00017468724852073291 0.0028068734925213077 -0.0034284253878134672 0.0013297159118892958 0.0034422498232961154 0.0049620708879933167 -0.0014497691653925148 -0.0044319030514870586 -0.00081072639209728834 0.0023512974296571029 -8.2983811051818996e-05 -0.00023960524607455569 -0.00074337522189367228 0.0038567474659996284 0.00054936992084531262
leaf_weight=5485 871 2970 18914 3631 1180 1227 494 7147 761 11398 464 216 226 17470 913 462 3207 979 1790 1058 794 1178 200 3121 2336 5574 1111 1272 1152 1588
leaf_count=5485 871 2970 18914 3631 1180 1227 494 7147 761 11398 464 216 226 17470 913 462 3207 979 1790 1058 794 1178 200 3121 2336 5574 1111 1272 1152 1588
internal_value=0.000149707 -0.000713208 -0.00292526 0.0142152 0.00113531 0.0164837 -0.00213517 0.00465853 0.0104676 -0.00368905 -0.00333692 -0.000651861 0.000369334 0.000277604 -0.00227287 0.00101624 0.00298498 0.00173251 -0.00186873 0.0105836 0.00432949 0.000192926 0.00630631 -0.000498824 0.0025169 -0.00133047 -0.00641527 2.79239e-05 0.00346527 0.00631694
internal_weight=99189 93460 42545 5729 50915 4858 37060 9088 1941 18146 17652 6254 41827 41601 9340 32261 10779 9259 3880 1520 5379 2172 994 6370 3249 6038 2090 21482 4012 2740
internal_count=99189 93460 42545 5729 50915 4858 37060 9088 1941 18146 17652 6254 41827 41601 9340 32261 10779 9259 3880 1520 5379 2172 994 6370 3249 6038 2090 21482 4012 2740
is_linear=0
shrinkage=0.03


Tree=122
num_leaves=31
num_cat=0
split_feature=21 21 21 12 26 23 10 10 25 20 10 24 8 24 1 24 29 25 29 29 26 1 9 29 25 10 9 8 8 17
split_gain=1366.52 325.6 320.729 168.95 143.051 165.355 96.3795 86.2333 99.6566 100.239 83.1688 106.859 90.6643 66.4392 63.0829 61.7429 60.7336 57.9545 54.9862 53.6116 81.4179 106.862 79.2608 74.5974 76.9279 71.4651 67.1097 71.7504 63.7818 61.7569
threshold=10.216250000000002 2.21763888888889 13.128333333333336 5.3550000000000013 0.94828754594723541 5.0050000000000008 8.5000000000000018 10.500000000000002 1.4054317475370108 2.0956572151061561 2.5000000000000004 4.2500000000000009 13.500000000000002 14.350000000000003 19.050000000000004 3.5500000000000003 57.500000000000007 1.2530780699489419 90.500000000000014 33.500000000000007 -0.39873388578253693 22.650000000000002 5.5000000000000009 83.500000000000014 2.0215880610617458 3.5000000000000004 3.5000000000000004 13.500000000000002 17.500000000000004 3.2150000000000003
decision_type=2 2 2 8 2 2 2 2 2 2 2 2 2 2 2 2 2 2 2 2 2 2 2 2 2 2 2 2 2 2
left_child=1 14 4 10 6 -6 -2 8 -4 -10 11 18 -13 -8 -1 -16 -11 -7 -3 25 22 23 28 24 26 -12 -22 -28 -21 -27
right_child=2 3 7 -5 5 17 13 -9 9 16 19 12 -14 -15 15 -17 -18 -19 -20 20 21 -23 -24 -25 -26 29 27 -29 -30 -31
leaf_value=-0.00016287948541069788 9.323893065916077e-05 -0.0002062111937333457 0.00057485517148394671 0.00024693073232596785 0.00059375007101285509 0.00057089345707259651 0.00059473648378639441 0.00055879652545853917 0.000558807545306933 0.0011523661466841251 -0.0012724263182429193 -0.00039643458839557237 0.00071904481339194381 0.00067323321517878123 6.8300655420088503e-05 -0.00022379905969829178 -0.0019687314654684785 0.00055459943211305369 0.00037517690556043281 -0.00031657907020761841 -0.00017894471541430476 0.0018121462658285325 0.00063388605615440541 0.0015701369576809332 -0.00050871491648456365 -0.00033297983106878254 0.0001573770522355304 0.0023388965427889367 7.8568225948736918e-05 -0.00016167018077375595
leaf_weight=3847 3523 4465 788 35671 1729 739 2158 810 903 205 488 1412 1450 847 1099 532 315 1358 286 9063 3993 2616 1759 897 4809 2268 2038 1167 2936 4964
leaf_count=3847 3523 4465 788 35671 1729 739 2158 810 903 205 488 1412 1450 847 1099 532 315 1358 286 9063 3993 2616 1759 897 4809 2268 2038 1167 2936 4964
internal_value=0.000224228 -0.00116691 0.00914126 -0.000683797 0.00662612 0.0112294 0.00392163 0.0177363 0.0146074 0.00981092 -0.00191434 -0.00476897 -0.00018835 0.00786379 -0.00824001 -0.0032824 -0.000685714 0.0168839 -0.00752523 -0.00132638 -0.000739678 0.000749758 -0.00241953 -0.000371834 -0.000996503 -0.00354951 0.000966264 0.00419626 -0.0032914 -0.00279398
internal_weight=99135 85760 13375 80282 10354 3826 6528 3021 2211 1423 44611 7613 2862 3005 5478 1631 520 2097 4751 36998 29278 15520 13758 12904 12007 7720 7198 3205 11999 7232
internal_count=99135 85760 13375 80282 10354 3826 6528 3021 2211 1423 44611 7613 2862 3005 5478 1631 520 2097 4751 36998 29278 15520 13758 12904 12007 7720 7198 3205 11999 7232
is_linear=0
shrinkage=0.03


Tree=123
num_leaves=31
num_cat=0
split_feature=21 21 16 16 26 28 21 1 29 28 23 26 16 10 20 22 9 28 9 29 16 11 26 29 28 27 18 28 1 29
split_gain=1356.43 348.676 266.194 146.031 139.212 108.275 105.556 89.5343 93.9574 82.6398 76.1683 75.2542 78.1764 70.3676 66.6573 89.6246 64.3283 95.9215 86.7856 90.3803 78.6242 73.412 63.7639 63.0039 84.8059 84.3691 86.1614 54.8193 52.8968 52.0121
threshold=11.068750000000003 3.0937500000000004 14.295000000000002 10.205000000000002 0.95878322595067733 969.05000000000007 1.906666666666667 1.0000000180025095e-35 92.500000000000014 976.6500000000002 5.3250000000000011 0.81408451933196979 10.305000000000001 4.5000000000000009 2.2349645771478404 0.96664622709285053 5.5000000000000009 942.95000000000016 3.5000000000000004 19.500000000000004 8.5450000000000017 2.0750000000000006 -0.46173103126271881 71.500000000000014 950.55000000000007 0.17364817766693022 5.6150000000000011 951.55000000000007 30.550000000000004 69.500000000000014
decision_type=2 2 8 8 2 2 2 2 2 2 2 2 10 2 2 2 2 2 2 2 10 10 2 2 2 2 10 2 2 2
left_child=1 6 4 7 14 10 13 8 9 -3 -5 12 -12 -1 15 -2 18 28 20 -20 -9 -21 -8 -23 -25 -26 -27 -13 -18 -16
right_child=2 3 -4 5 -6 -7 22 16 -10 -11 11 27 -14 -15 29 -17 17 -19 19 21 -22 23 -24 24 25 26 -28 -29 -30 -31
leaf_value=-0.00015804404492414473 0.00042171918676400577 -0.00032500274144300385 0.00054204374226627273 0.00035649112017664073 0.00053814180318990099 0.0016939782819103465 -0.00016645063519110816 -0.00010223619649891824 0.0033039627706843715 0.0040474957260723636 -0.0031173581216757747 3.7631090348658743e-05 0.0013674323698228807 -0.00015793591389504189 0.000564582849905309 0.00055140168260528694 -0.001553017980832673 0.00085667490257869731 -0.0015072883040888187 0.0013552091399836926 0.0013527139137057252 -0.00038817832689275297 -0.00013814684531602463 0.0023860829530882245 -0.0018011728262185302 0.0023704952213149406 -0.0024363883525303502 0.00069054229431239286 0.0001892962224240162 -0.0016910279942638055
leaf_weight=1043 1893 9643 2020 11118 1867 254 5796 23212 231 211 291 441 1483 2101 920 1714 371 6519 1176 1067 5504 9591 6068 348 1078 304 258 1529 293 672
leaf_count=1043 1893 9643 2020 11118 1867 254 5796 23212 231 211 291 441 1483 2101 920 1714 371 6519 1176 1067 5504 9591 6068 348 1078 304 258 1529 293 672
internal_value=0.000189657 -0.000926669 0.0112331 -9.04881e-05 0.00847688 0.00254348 -0.00509958 -0.000756383 -0.003333 -0.00377929 0.00220757 0.00590557 0.00141653 -0.00998412 0.0059435 0.00819767 -0.000233479 0.00239149 -0.000676962 -0.00262964 0.000263222 -0.0018876 -0.0038015 -0.00258201 -0.00743603 -0.0102857 -0.000846561 0.00993418 -0.00843049 0.00082655
internal_weight=99016 89930 9086 74922 7066 15116 15008 59806 10085 9854 14862 3744 1774 3144 5199 3607 49721 7183 42538 13822 28716 12646 11864 11579 1988 1640 562 1970 664 1592
internal_count=99016 89930 9086 74922 7066 15116 15008 59806 10085 9854 14862 3744 1774 3144 5199 3607 49721 7183 42538 13822 28716 12646 11864 11579 1988 1640 562 1970 664 1592
is_linear=0
shrinkage=0.03


Tree=124
num_leaves=31
num_cat=0
split_feature=22 16 16 5 25 2 28 26 16 14 28 28 8 10 10 28 28 29 25 2 17 13 29 0 8 28 17 16 8 2
split_gain=1328.37 382.013 189.108 158.335 142.272 138.349 117.051 91.0104 86.2219 71.9358 70.3303 94.3349 68.9507 93.661 69.8794 123.625 67.5675 66.8749 66.8626 102.267 70.6392 62.8063 61.9872 75.7971 59.3654 59.153 70.1857 94.3541 62.9656 61.2913
threshold=0.9462517963145084 7.1250000000000009 13.385000000000003 0.031837191419278175 2.090431610105322 1.119521429291779 959.25000000000011 -0.46173103126271881 3.7250000000000005 1.1173778829623082 942.35000000000002 949.05000000000007 17.500000000000004 4.5000000000000009 6.5000000000000009 953.85000000000002 967.35000000000002 59.500000000000007 1.4126043859053572 1.1828527564890929 11.315000000000003 7.285000000000001 85.500000000000014 6.8050000000000006 15.500000000000002 948.25000000000011 9.9050000000000029 3.2050000000000005 13.500000000000002 1.1372487920369845
decision_type=2 10 8 2 2 2 2 2 10 2 2 2 2 2 2 2 2 2 2 2 2 2 2 2 2 2 2 10 2 2
left_child=1 3 9 5 6 -1 -3 -6 -7 -2 -9 -12 13 25 15 -15 -14 21 19 -8 -20 -16 23 -13 -19 -5 28 -28 -27 -30
right_child=2 4 -4 12 7 8 18 10 -10 -11 11 22 16 14 17 -17 -18 24 20 -21 -22 -23 -24 -25 -26 26 27 -29 29 -31
leaf_value=7.0396041116966529e-05 0.00052705380503644482 0.00037189748516794737 0.00052577131742679412 0.0013939770302576991 0.0015297457705233692 -0.00015325177950065258 0.0016143752307313185 0.0085829461631990126 -0.0001371682941741812 4.7585312089341023e-05 -0.001928058285778646 -0.00097353037455486402 3.9951030122748924e-05 0.00069135060941139621 -0.00026327299255566602 -0.00053782966041867101 0.0066337143518889656 0.0001922886640447764 0.0005381643689114906 0.00053639287179310213 0.00085263689578595641 -0.0033753821236228053 0.002234601360423057 0.00060312190429649747 -0.00061567936718849993 -0.00031786262534788467 0.0023216954199389251 -0.0021401319965541426 -0.00063600681240505604 0.0001405492850023733
leaf_weight=2199 1972 21438 3087 606 2023 5861 1027 210 1985 733 1731 5200 10530 3491 10184 398 200 5598 3679 1233 1915 1055 387 2363 318 6369 762 422 627 1411
leaf_count=2199 1972 21438 3087 606 2023 5861 1027 210 1985 733 1731 5200 10530 3491 10184 398 200 5598 3679 1233 1915 1055 387 2363 318 6369 762 422 627 1411
internal_value=0.000193902 -0.000672552 0.014128 -0.00238173 0.00148504 -0.00576418 0.00260914 -0.00127863 -0.00762705 0.00831365 -0.00246463 -0.00284018 -0.00157161 -0.00228413 -0.0011402 0.00248844 0.000503027 -0.00196329 0.00574119 0.0100927 0.00397571 -0.00332177 -0.00145569 -0.00205735 0.000618139 -0.00464321 -0.0052178 0.0016148 -0.00618046 -0.0015859
internal_weight=99014 93222 5792 52016 41206 10045 29292 11914 7846 2705 9891 9681 41971 31241 21044 3889 10730 17155 7854 2260 5594 11239 7950 7563 5916 10197 9591 1184 8407 2038
internal_count=99014 93222 5792 52016 41206 10045 29292 11914 7846 2705 9891 9681 41971 31241 21044 3889 10730 17155 7854 2260 5594 11239 7950 7563 5916 10197 9591 1184 8407 2038
is_linear=0
shrinkage=0.03


Tree=125
num_leaves=31
num_cat=0
split_feature=22 12 21 16 21 14 25 26 16 27 2 29 2 28 12 13 20 28 26 24 12 2 16 13 28 11 16 2 29 29
split_gain=1254.61 444.101 203.471 195.374 117.329 85.1296 84.6578 79.9502 68.9895 66.6971 59.0143 72.5532 57.3211 56.7267 53.3605 56.4788 53.2016 47.7411 53.8219 73.1621 49.1723 56.9559 59.6197 47.7253 47.6037 47.8965 46.2729 46.2099 58.7842 45.8722
threshold=0.9462517963145084 5.3550000000000013 2.2641666666666684 13.385000000000003 9.9654166666666697 1.1173778829623082 1.2308217738545608 0.95368063612909471 3.7250000000000005 -0.39873388578253693 1.2079370213572984 57.500000000000007 1.1888117128260129 952.55000000000007 1.8650000000000004 2.7783333333333338 1.9952307718506519 951.25000000000011 -0.91702515554752051 11.350000000000003 8.2150000000000016 1.2217854127065169 12.665000000000001 9.8383333333333365 975.35000000000002 7.6950000000000012 1.0000000180025095e-35 1.2105928009887366 28.500000000000004 33.500000000000007
decision_type=2 8 2 8 2 2 2 2 8 2 2 2 2 2 10 2 2 2 2 2 10 2 10 2 2 8 10 2 2 2
left_child=1 2 9 5 24 -2 7 -6 13 -1 11 12 -10 -4 -15 -16 -17 27 -19 20 21 22 -20 -5 25 -3 -11 28 -8 -27
right_child=3 4 8 23 6 -7 17 -9 10 26 -12 -13 -14 14 15 16 -18 18 19 -21 -22 -23 -24 -25 -26 29 -28 -29 -30 -31
leaf_value=-0.00012979433979129099 0.00051027204035076319 0.0004369614074950584 -0.00021249784391569101 0.00051445561237487448 0.00052700966071445032 -0.00021241318768834393 -0.0023593152965393472 0.00050556061707298869 -0.00022772522000637119 -0.00014380257568484379 -0.00029670636778279135 0.00034839895826213266 -0.0013824845462968775 -0.00015937755582964451 2.1169461691991629e-07 -0.00020859044074712164 -0.00062840062719261771 0.00014413531678633017 0.0016000004422037006 0.0010363057863293302 0.00065818918532610569 -0.0032176953671683882 -0.0011355273656648889 0.00050999817790398972 0.0043200630813541906 0.00053832188924092246 -0.0001490027555149549 -0.0037719546612829868 0.0010333854135094367 -0.0006827397824450826
leaf_weight=1720 1942 23651 6833 444 596 731 424 556 13049 298 7103 9546 872 2136 2006 2049 915 1972 542 761 1752 407 286 2646 205 2414 3901 211 1529 7734
leaf_count=1720 1942 23651 6833 444 596 731 424 556 13049 298 7103 9546 872 2136 2006 2049 915 1972 542 761 1752 407 286 2646 205 2414 3901 211 1529 7734
internal_value=0.000167782 -0.00067014 -0.00258045 0.0137465 0.00156813 0.00778566 0.00460569 0.0121867 -0.00188502 -0.00780385 -0.00108716 -0.000361708 -0.00174278 -0.00363382 -0.00550977 -0.00379899 -0.00642641 0.00349094 0.00492576 0.00703437 0.00490307 0.000314516 0.00482593 0.0188821 0.000760387 0.000671814 -0.00984063 -0.000304288 0.00114913 -0.00105191
internal_weight=99231 93468 50428 5763 43040 2673 9036 1152 44509 5919 30570 23467 13921 13939 7106 4970 2964 7884 5720 3748 2987 1235 828 3090 34004 33799 4199 2164 1953 10148
internal_count=99231 93468 50428 5763 43040 2673 9036 1152 44509 5919 30570 23467 13921 13939 7106 4970 2964 7884 5720 3748 2987 1235 828 3090 34004 33799 4199 2164 1953 10148
is_linear=0
shrinkage=0.03


Tree=126
num_leaves=31
num_cat=0
split_feature=22 12 21 21 2 25 10 10 25 26 27 21 9 9 10 28 2 28 26 28 1 28 8 21 28 28 1 20 28 17
split_gain=1282.31 374.522 182.081 148.029 126.998 128.138 106.977 118.46 94.0545 84.7847 70.8363 67.0451 63.5639 103.793 76.12 151.892 93.5791 91.1868 74.4994 72.5429 96.667 84.5118 94.8579 69.1032 62.8782 58.9864 103.168 58.2346 57.4996 58.9321
threshold=0.9462517963145084 4.6150000000000011 2.21763888888889 9.9654166666666697 1.1467225763640514 1.392024377318495 5.5000000000000009 6.5000000000000009 1.2308217738545608 0.95368063612909471 0.26722820045975998 13.128333333333336 5.5000000000000009 4.5000000000000009 6.5000000000000009 952.75000000000011 1.1678005465523333 954.6500000000002 0.98321746822993605 960.95000000000016 0.65000000000000002 945.05000000000007 15.500000000000002 7.9612500000000015 950.25000000000011 960.55000000000007 3.4500000000000006 0.84238499754638874 967.35000000000002 9.1450000000000014
decision_type=2 8 2 2 2 2 2 2 2 2 2 2 2 2 2 2 2 2 2 2 2 2 2 2 2 2 2 2 2 2
left_child=1 2 10 12 5 -2 -4 -8 9 -5 -1 -6 13 14 15 16 -3 27 25 20 -14 22 -22 -19 -10 -17 -27 -16 29 -15
right_child=4 3 6 8 11 -7 7 -9 24 -11 -12 -13 19 28 17 18 -18 23 -20 -21 21 -23 -24 -25 -26 26 -28 -29 -30 -31
leaf_value=-0.00014387836763426757 0.00060877304837902318 0.0013705053439454005 -0.00019281586720850348 0.00049411155591039474 0.00049414054981853912 -3.4928709513551977e-05 0.0013473090131155799 -0.00014870794606450371 -0.00044730564598451924 0.00050513426712712084 -0.00014430871862620078 0.00049469823256687029 -0.0016163562691840756 -0.00054134025173540126 0.00034880473080878407 -0.00080208743719937213 0.0058141469049673 -0.00020691848456760807 0.0013426454596333029 0.0026871038145777982 -0.0025824043899313797 0.0014009340229658195 0.0020379251903336454 0.0022856466621555367 0.00055904348650932854 -0.00010072736749378765 0.0059259444618239366 -0.00089397769448534197 0.0051983360157085885 -0.0023197092336491557
leaf_weight=3023 539 4706 14527 583 2132 941 1836 19812 1748 599 2506 2166 1029 3361 1828 4394 668 3462 2501 857 406 3743 282 2760 6159 1677 271 8134 204 2098
leaf_count=3023 539 4706 14527 583 2132 941 1836 19812 1748 599 2506 2166 1029 3361 1828 4394 668 3462 2501 857 406 3743 282 2760 6159 1677 271 8134 204 2098
internal_value=0.000122477 -0.000728276 -0.00284111 0.000983779 0.0138302 0.00622222 -0.00206551 -0.000728767 0.00445678 0.0123336 -0.00790929 0.0164397 0.000238522 -0.000247858 0.000446951 0.00204824 0.00602342 -0.000959911 -0.000369575 0.00301329 0.00173468 0.0036587 -0.00597403 0.00188855 0.00327224 -0.00209863 0.0022427 -0.00273904 -0.00397495 -0.00456259
internal_weight=98952 93174 41704 51470 5778 1480 36175 21648 9089 1182 5529 4298 42381 36064 30401 14217 5374 16184 8843 6317 5460 4431 688 6222 7907 6342 1948 9962 5663 5459
internal_count=98952 93174 41704 51470 5778 1480 36175 21648 9089 1182 5529 4298 42381 36064 30401 14217 5374 16184 8843 6317 5460 4431 688 6222 7907 6342 1948 9962 5663 5459
is_linear=0
shrinkage=0.03


Tree=127
num_leaves=31
num_cat=0
split_feature=22 12 16 21 21 25 28 29 8 14 24 27 28 28 15 1 29 28 12 25 28 17 1 9 9 1 24 8 8 16
split_gain=1227.24 378.226 193.587 169.95 136.346 95.0846 88.6953 158.426 80.0745 76.5639 73.1197 67.8319 60.1663 58.8489 58.7183 57.9089 56.1165 55.8036 55.2984 52.0858 52.733 51.8354 65.428 59.8151 85.3567 60.4636 62.4983 58.5644 59.1796 84.2233
threshold=0.9462517963145084 4.5750000000000011 13.385000000000003 2.21763888888889 9.9654166666666697 1.3205924248511633 952.55000000000007 23.500000000000004 14.500000000000002 1.1173778829623082 4.9500000000000011 -0.41467745240824966 954.6500000000002 975.35000000000002 -0.20999999999999988 20.950000000000003 90.500000000000014 948.6500000000002 9.2550000000000008 1.6547715520568034 965.55000000000007 5.9250000000000007 2.2500000000000004 5.5000000000000009 3.5000000000000004 9.8500000000000032 3.7500000000000004 17.500000000000004 4.5000000000000009 11.595000000000001
decision_type=2 8 8 2 2 2 2 2 2 2 2 2 2 2 10 2 2 2 8 2 2 2 2 2 2 2 2 2 2 8
left_child=1 3 9 11 13 12 -5 -8 16 -2 14 -1 -6 21 -10 -7 19 -13 -4 20 -9 -3 27 24 25 26 -24 28 29 -23
right_child=2 4 18 6 5 15 7 8 10 -11 -12 17 -14 -15 -16 -17 -18 -19 -20 -21 -22 22 23 -25 -26 -27 -28 -29 -30 -31
leaf_value=-0.00011131907627169357 0.00047831917636742327 -0.00029737430300099288 0.00061977272854227164 -7.6213233650537296e-05 0.0005521157239495888 0.00054145797092240873 -0.00075377524915803062 -0.00012495282832746313 0.00010506580646894903 -0.00014050765592439062 0.00096823499657266337 -0.0001747229548218936 0.0004974208431449711 0.0044872997986412748 -0.00021371951228166486 -0.001711778613932976 0.0010640862878666391 -0.0001398712867429161 0.00047985728558986419 -0.00026809013318190199 -0.00043249334438034097 -0.00033269095925552079 -0.003121867537699679 0.0018537642364830531 -0.00060121543721812715 0.00039249846130782969 0.0031517684736860341 0.00088482115465877921 -0.0013656721902016416 0.0050700063846260126
leaf_weight=1562 1972 12560 240 16162 1155 6337 502 5695 2381 736 1788 805 801 224 2573 782 464 3139 2868 5704 560 1920 221 3233 5685 9979 2642 2153 3928 315
leaf_count=1562 1972 12560 240 16162 1155 6337 502 5695 2381 736 1788 805 801 224 2573 782 464 3139 2868 5704 560 1920 221 3233 5685 9979 2642 2153 3928 315
internal_value=0.000128367 -0.000705655 0.0134925 -0.00284688 0.000998652 0.00433811 -0.00209215 -0.003445 -0.00300626 0.00760781 -0.000373499 -0.00775177 0.0101887 0.000291147 -0.00225045 0.00272459 -0.00443434 -0.00984553 0.0185994 -0.004832 -0.0029377 0.000209657 0.000885609 0.00175052 0.0010927 0.00244726 0.00628661 -0.00137724 -0.00286479 0.00103125
internal_weight=99086 93270 5816 41335 51935 9075 35829 19667 19165 2708 6742 5506 1956 42860 4954 7119 12423 3944 3108 11959 6255 42636 30076 21760 18527 12842 2863 8316 6163 2235
internal_count=99086 93270 5816 41335 51935 9075 35829 19667 19165 2708 6742 5506 1956 42860 4954 7119 12423 3944 3108 11959 6255 42636 30076 21760 18527 12842 2863 8316 6163 2235
is_linear=0
shrinkage=0.03


Tree=128
num_leaves=31
num_cat=0
split_feature=22 12 21 2 2 25 21 26 25 19 25 29 27 12 29 28 10 29 2 8 2 28 29 2 24 28 29 11 15 10
split_gain=1277.65 350.804 191.868 162.177 122.661 138.208 99.1177 93.3525 128.43 85.2381 76.1659 75.352 75.2764 72.7064 57.2967 55.651 57.7074 86.1133 100.481 56.1396 54.3874 92.8375 72.2389 86.2249 68.0046 52.5607 50.9358 73.3408 49.8463 56.8085
threshold=0.9462517963145084 2.7250000000000005 9.9654166666666697 1.119521429291779 1.1467225763640514 1.392024377318495 1.8470833333333336 -0.91702515554752051 1.4054317475370108 13.128750000000002 2.5814465730970193 68.500000000000014 0.39073112848927366 8.4850000000000012 75.500000000000014 975.35000000000002 1.5000000000000002 48.500000000000007 1.2070543490138486 14.500000000000002 1.1620498576091001 946.75000000000011 69.500000000000014 1.193105002064766 4.9500000000000011 951.55000000000007 28.500000000000004 1.7350000000000001 -0.60500000000000032 10.500000000000002
decision_type=2 8 2 2 2 2 2 2 2 2 2 2 2 10 2 2 2 2 2 2 2 2 2 2 2 2 2 10 10 2
left_child=1 3 10 26 5 -2 -5 -4 25 11 15 -6 -12 14 -10 16 17 -3 -19 -20 -18 -22 23 24 -23 -9 -1 -28 -26 -30
right_child=4 2 7 6 9 -7 -8 8 13 -11 12 -13 -14 -15 -16 -17 20 18 19 -21 21 22 -24 -25 28 -27 27 -29 29 -31
leaf_value=-0.00020917628842922245 0.00057929662092520153 -0.0028039619968283332 0.00013443179980447584 -0.00013565874328911085 0.00046404108774165785 -2.2544013586093259e-05 -0.00014296615725051996 0.00044253694935173616 -0.00074024304910899228 0.00046546156702216844 -0.00016342930235098218 0.00041742677881242084 -0.0011668115129370258 0.00062043977159242697 0.0023724663207356877 0.0040588640159791405 -0.00013471610743334236 0.0014606306495558129 -0.00061128876393334831 0.00020051230823770735 0.0070997026980197898 0.0001637904216640638 -0.00011497238215027599 -6.1644982351324317e-05 0.00024454328199151305 0.00050263715829408032 0.0010973410132177493 -1.5998268689291772e-05 0.0041812099656378171 0.0011466027038339842
leaf_weight=1973 545 324 3696 2051 1182 937 13372 305 1696 2313 2963 840 1193 1968 406 277 33190 751 2356 1260 348 2242 10111 4546 828 1060 960 2387 1870 1284
leaf_count=1973 545 324 3696 2051 1182 937 13372 305 1696 2313 2963 840 1193 1968 406 277 33190 751 2356 1260 348 2242 10111 4546 828 1060 960 2387 1870 1284
internal_value=0.000179567 -0.000670185 0.000312057 -0.00411076 0.0138148 0.0063349 -0.00566827 0.00437719 0.00687684 0.0163618 -0.000272393 0.0118106 -0.00419611 0.00419632 0.000313242 2.52559e-06 -6.08982e-05 -0.0032517 -0.00213403 -0.00420878 0.000214427 0.00140011 0.00114191 0.00285104 0.00514368 0.0148248 0.000405634 0.00265811 0.00749436 0.00921178
internal_weight=99234 93417 72674 20743 5817 1482 15423 9131 5435 4335 63543 2022 4156 4070 2102 59387 59110 4691 4367 3616 54419 21229 20881 10770 6224 1365 5320 3347 3982 3154
internal_count=99234 93417 72674 20743 5817 1482 15423 9131 5435 4335 63543 2022 4156 4070 2102 59387 59110 4691 4367 3616 54419 21229 20881 10770 6224 1365 5320 3347 3982 3154
is_linear=0
shrinkage=0.03


Tree=129
num_leaves=31
num_cat=0
split_feature=21 12 16 16 1 25 26 21 22 15 28 23 10 28 25 1 27 20 26 26 14 24 28 1 9 2 26 21 9 24
split_gain=1233.73 356.431 243.963 160.263 135.988 115.308 122.373 105.103 88.0809 87.356 76.1265 70.1802 68.267 112.39 68.3077 60.2101 54.6174 56.577 53.7406 53.1361 52.4004 51.2853 83.4606 50.1376 51.6059 68.4054 83.5894 49.8611 48.9469 48.2541
threshold=11.666666666666668 2.7250000000000005 13.285000000000002 9.0850000000000026 22.050000000000004 1.3790964742704597 0.21643137258081221 1.8470833333333336 0.87751739695709718 -1.3450000000000004 969.05000000000007 5.7650000000000006 2.5000000000000004 952.85000000000002 1.3406160292235991 -2.0499999999999994 0.16504132135358049 4.2750896610611848 -0.93038214053199442 0.94828754594723541 1.9320584842178008 9.2500000000000018 961.55000000000007 22.350000000000005 1.5000000000000002 1.0881777775374504 0.87878364999916148 4.8276388888888908 5.5000000000000009 10.250000000000002
decision_type=2 8 8 8 2 2 2 2 2 10 2 2 2 2 2 2 2 2 2 2 2 2 2 2 2 2 2 2 2 2
left_child=1 4 9 12 7 6 -5 15 -8 -2 16 -4 13 -3 -15 -1 17 -7 -16 -11 -13 -18 -23 28 25 -25 -27 -20 29 -14
right_child=2 3 11 5 -6 10 8 -9 -10 19 -12 20 23 14 18 -17 21 -19 27 -21 -22 22 -24 24 -26 26 -28 -29 -30 -31
leaf_value=-0.00013158898099043751 -0.0017128668976006639 0.0031419810468489074 0.00045719313009126903 0.00015860915217197867 -1.5518320628613093e-05 0.00043482411777565066 0.0011297467299934316 -0.00013972383196336576 0.00051501206137045225 0.00045197503185702702 0.00090246295531882289 0.00045149772001150222 4.793724708692444e-05 0.0002314864312541149 -1.7452355296456236e-06 -0.00013206452403022838 -0.00077812345484624739 0.0046040029820869762 -0.00031405617503352853 0.00044242511752579317 0.00045667327472773578 -2.3381365415328091e-05 0.0014603074704447104 0.0011948158140671053 -0.00046378244833570058 -0.0004107697274056681 0.003179849535961018 -0.001031979581529628 0.00078386477192754044 -0.0015202717804811193
leaf_weight=470 300 357 809 2781 5297 11914 2927 13421 907 2412 426 2473 20348 939 850 1639 4830 390 849 632 284 802 201 1342 10634 2588 589 2523 3649 1794
leaf_count=470 300 357 809 2781 5297 11914 2927 13421 907 2412 426 2473 20348 939 850 1639 4830 390 849 632 284 802 201 1342 10634 2588 589 2523 3649 1794
internal_value=9.81063e-05 -0.000815923 0.012321 0.000188429 -0.00426987 0.00211571 0.00551511 -0.00568523 0.00898672 0.00648552 0.000903167 0.0177765 -0.000856091 -0.00398696 -0.00511614 -0.0119063 0.000606879 0.00174019 -0.00674237 0.00800918 0.0200615 -0.00178314 0.004375 -0.00043371 -0.00180301 0.000881963 -0.00151791 -0.00843944 0.000370988 -0.000159841
internal_weight=99377 92467 6910 71640 20827 25178 6615 15530 3834 3344 18563 3566 46462 5518 5161 2109 18137 12304 4222 3044 2757 5833 1003 40944 15153 4519 3177 3372 25791 22142
internal_count=99377 92467 6910 71640 20827 25178 6615 15530 3834 3344 18563 3566 46462 5518 5161 2109 18137 12304 4222 3044 2757 5833 1003 40944 15153 4519 3177 3372 25791 22142
is_linear=0
shrinkage=0.03


Tree=130
num_leaves=31
num_cat=0
split_feature=21 21 16 16 17 28 21 1 25 8 28 29 10 10 9 28 28 23 1 10 8 8 26 1 28 25 24 26 11 21
split_gain=1175.77 336.301 210.118 190.728 95.1792 117.794 90.6901 84.8766 77.8894 77.0361 106.336 94.5866 93.6399 84.1007 81.9638 98.7237 89.3927 77.789 76.6963 76.1919 75.3045 99.4166 75.1871 83.26 80.7639 84.1556 70.2778 69.6946 61.0877 87.943
threshold=11.915833333333333 3.1333333333333342 13.385000000000003 10.255000000000001 11.315000000000003 958.75000000000011 1.906666666666667 14.050000000000002 2.0215880610617458 11.500000000000002 953.45000000000016 92.500000000000014 9.5000000000000018 6.5000000000000009 4.5000000000000009 943.75000000000011 942.55000000000007 5.5950000000000006 6.8500000000000005 4.5000000000000009 4.5000000000000009 16.500000000000004 -0.078456108245891776 17.650000000000002 945.35000000000002 1.1608160110689543 7.7500000000000009 -0.46173103126271881 2.6050000000000004 6.7037500000000003
decision_type=2 2 8 8 2 2 2 2 2 2 2 2 2 2 2 2 2 2 2 2 2 2 2 2 2 2 2 2 10 2
left_child=1 6 7 9 -5 18 19 -2 -7 10 13 17 -11 14 16 -16 -3 28 20 -1 -6 -22 24 -24 25 -15 -17 -8 -12 -30
right_child=2 3 -4 4 5 8 27 -9 -10 12 11 -13 -14 22 15 26 -18 -19 -20 -21 21 -23 23 -25 -26 -27 -28 -29 29 -31
leaf_value=-0.00012767942312652813 0.0004468616378952439 0.008662063088817595 0.0004379527884111567 0.00021741922067667062 0.00096050228090125529 0.0006050943083021975 -0.00013561157018825309 8.5451435088594864e-05 0.00089879636735419209 -0.00010700724782213045 3.1093597930208928e-05 0.0025801465778799667 0.00083813381018563486 0.0013198896774068989 -0.0022476289257719697 -0.00051359389718581339 0.0010986454683564245 -0.0030803416574406092 0.00059956354272871267 -0.00012757310224706866 -0.0031183591691113254 0.0006084379050464838 -0.00082136421855952908 0.0014783863627799965 -0.00043077752167393975 -0.001368683525167906 0.0042683986392722962 -0.00010709242513857742 -0.00061624429001662839 -0.00033125741527269937
leaf_weight=1023 1777 241 3152 8652 677 2384 6072 1148 1007 23383 1936 325 8055 256 208 1143 3719 786 2816 2133 1244 679 1542 2381 3434 1643 352 6184 6500 4404
leaf_count=1023 1777 241 3152 8652 677 2384 6072 1148 1007 23383 1936 325 8055 256 208 1143 3719 786 2816 2133 1244 679 1542 2381 3434 1643 352 6184 6500 4404
internal_value=0.00022728 -0.000606864 0.0130072 0.000195572 0.00295637 0.00515093 -0.0046546 0.00719795 0.0095318 -0.00060385 -0.0017226 -0.0036049 0.000423624 3.81935e-05 0.00291637 -0.00258197 0.00528121 -0.00398797 0.00240177 -0.00918697 -0.00131286 -0.00434129 -0.00172336 0.00142821 -0.00404084 -0.00899685 0.00014 -0.00348422 -0.0034239 -0.00429554
internal_weight=99256 93179 6077 77767 17459 8807 15412 2925 3391 60308 28870 13951 31438 14919 5663 1703 3960 13626 5416 3156 2600 1923 9256 3923 5333 1899 1495 12256 12840 10904
internal_count=99256 93179 6077 77767 17459 8807 15412 2925 3391 60308 28870 13951 31438 14919 5663 1703 3960 13626 5416 3156 2600 1923 9256 3923 5333 1899 1495 12256 12840 10904
is_linear=0
shrinkage=0.03


Tree=131
num_leaves=31
num_cat=0
split_feature=22 12 16 16 22 12 25 2 26 26 9 9 10 28 16 28 28 2 19 1 1 9 9 9 11 28 25 28 1 2
split_gain=1144.28 326.224 225.202 136.343 126.913 114.267 95.384 79.9494 75.6824 70.9831 63.7037 78.4416 71.8554 146.566 91.6315 72.4008 69.3751 62.9277 62.5353 61.9322 61.3354 80.1447 71.084 66.0187 59.9264 72.8258 59.6526 57.6339 106.653 59.6985
threshold=0.93763943414578799 4.5750000000000011 13.385000000000003 3.6750000000000003 0.87751739695709718 1.5850000000000002 1.2050087980626842 1.2341082399135381 0.94828754594723541 0.94828754594723541 5.5000000000000009 4.5000000000000009 6.5000000000000009 952.75000000000011 7.5550000000000006 954.25000000000011 942.55000000000007 1.1678005465523333 12.628750000000002 34.350000000000001 -3.0499999999999994 3.5000000000000004 1.5000000000000002 2.5000000000000004 8.3050000000000015 957.75000000000011 1.2959069544329296 961.25000000000011 0.8500000000000002 1.2181813256979972
decision_type=2 8 8 10 2 10 2 2 2 2 2 2 2 2 8 2 2 2 2 2 2 2 2 2 10 2 2 2 2 2
left_child=1 3 9 5 10 -1 8 -5 -6 -2 11 12 13 17 -15 -14 -12 26 -4 -13 22 23 -16 24 25 -22 -3 28 29 -18
right_child=2 4 18 7 6 -7 -8 -9 -10 -11 16 19 15 14 20 -17 27 -19 -20 -21 21 -23 -24 -25 -26 -27 -28 -29 -30 -31
leaf_value=-0.00012425963189174937 0.00042188462734406458 0.0022801021561338207 0.00040717416218510216 -0.00011534856070379739 0.00072612913503978464 -0.00012744772904607236 0.00041711157500253616 -0.00037147197856728803 0.00046829263711128163 0.00041720410228664737 -0.0015324176567497458 -0.00065493644968983686 -0.00060084586282819097 -0.00066601654286254871 -0.0023173116987690928 0.00049757738628135144 -0.002346447040360391 0.0054682438018961149 0.00042481420475882104 -0.002790583146625559 0.00045938681611557285 -0.0012018407979206313 0.00052970057053009607 0.0045292568803298044 -0.00083329941986969968 0.003326196600236054 0.0006542877746094749 0.0025858643701648586 0.0011401724119230814 0.000954049097719228
leaf_weight=5602 2428 2069 635 21283 304 13308 7284 1186 404 566 351 5697 9933 2816 770 6604 649 669 2546 212 1223 897 948 696 589 1029 2855 826 4332 416
leaf_count=5602 2428 2069 635 21283 304 13308 7284 1186 404 566 351 5697 9933 2816 770 6604 649 669 2546 212 1223 897 948 696 589 1029 2855 826 4332 416
internal_value=0.0001843 -0.000646751 0.0126845 -0.00263073 0.00094517 -0.00450753 0.00441916 -0.00105055 0.0148948 0.00676225 0.000307668 -0.000175889 0.000426325 0.00196279 -0.000414577 -0.000926732 0.00302782 0.0057717 0.0182392 -0.00334292 0.00163716 0.00350079 -0.00316889 0.00553077 0.00348911 0.00571555 0.00458917 0.00376204 0.0026268 -0.00585981
internal_weight=99127 92952 6175 41379 51573 18910 7992 22469 708 2994 43581 37007 31098 14561 8968 16537 6574 5593 3181 5909 6152 4434 1718 3537 2841 2252 4924 6223 5397 1065
internal_count=99127 92952 6175 41379 51573 18910 7992 22469 708 2994 43581 37007 31098 14561 8968 16537 6574 5593 3181 5909 6152 4434 1718 3537 2841 2252 4924 6223 5397 1065
is_linear=0
shrinkage=0.03


Tree=132
num_leaves=31
num_cat=0
split_feature=21 21 16 17 21 14 28 28 16 29 1 25 8 2 23 16 1 25 27 9 28 27 8 1 26 28 1 17 16 11
split_gain=1170.13 318.847 271.307 150.605 97.9668 97.403 95.1068 92.8166 84.4376 77.951 76.4165 71.7042 67.7796 67.6755 66.0381 65.0822 62.7076 76.5907 66.6105 62.8466 71.0281 58.7377 56.6199 85.378 55.5666 55.4551 63.747 54.7457 72.1048 49.2488
threshold=11.666666666666668 3.1333333333333342 13.385000000000003 11.265000000000002 1.8470833333333336 1.3535631988693149 958.95000000000016 956.45000000000016 10.255000000000001 92.500000000000014 -2.2499999999999996 2.0215880610617458 10.500000000000002 1.1678005465523333 5.7650000000000006 5.9850000000000012 19.350000000000005 1.4668976456837537 0.36648727148060622 5.5000000000000009 942.75000000000011 0.24192189559966756 18.500000000000004 7.8500000000000005 -0.46173103126271881 948.95000000000016 -0.14999999999999999 11.665000000000001 10.705000000000002 5.8450000000000006
decision_type=2 2 8 2 2 2 2 2 8 2 2 2 2 2 2 8 2 2 2 2 2 2 2 2 2 2 2 2 10 10
left_child=1 4 5 9 10 27 7 25 -8 12 -1 -10 15 -9 -4 21 18 -18 -17 20 -19 -3 -16 -24 -6 26 -5 -2 -29 -13
right_child=2 3 14 6 24 -7 8 13 11 -11 -12 29 -14 -15 22 16 17 19 -20 -21 -22 -23 23 -25 -26 -27 -28 28 -30 -31
leaf_value=-0.00012008313991017608 -0.00013925096035526162 -0.00041264370535903705 0.00042081409986734593 -0.0038722751706284546 -0.00012482253064840057 -0.0010021152017573465 -0.00027680726137309744 0.00040960163511481404 0.00066379266020763494 0.0028140907815278086 -0.00012050846740440134 0.0046300592014876449 5.3299427364846412e-05 -0.0027031211363155606 0.00041206977861605655 -0.00023385089964735316 0.0029114389644281898 0.0032277369517411622 -0.00126603625161525 -0.0030791505250852562 -0.00047558879326727976 0.00020000965932236492 0.00041206977861605655 -0.00048190368229123815 -0.00011709458564116721 0.00074277648593262693 0.00022366671997789189 -0.0009262454039677847 0.00042079924993806636 -0.00035234193773293952
leaf_weight=457 383 9267 761 215 6181 688 1058 456 2132 496 2273 227 35120 1459 2119 12379 1343 511 1737 328 1883 1442 234 217 6433 4535 1749 200 2251 756
leaf_count=457 383 9267 761 215 6181 688 1058 456 2132 496 2273 227 35120 1459 2119 12379 1343 511 1737 328 1883 1442 234 217 6433 4535 1749 200 2251 756
internal_value=0.000156503 -0.000730512 0.0121129 5.56435e-05 -0.00467913 0.0062943 0.0030567 0.00121867 0.00675682 -0.000530142 -0.00982815 0.00924038 -0.000622354 -0.00457813 0.0182464 -0.00169856 -0.000605411 0.00267568 -0.00155088 -0.000220022 0.00147561 -0.00355329 0.0205515 0.0107237 -0.0035613 0.00292897 -0.00127984 0.00874956 0.010395 0.00252024
internal_weight=99290 92437 6853 77093 15344 3522 12587 8414 4173 64506 2730 3115 64010 1915 3331 28890 18181 4065 14116 2722 2394 10709 2570 451 12614 6499 1964 2834 2451 983
internal_count=99290 92437 6853 77093 15344 3522 12587 8414 4173 64506 2730 3115 64010 1915 3331 28890 18181 4065 14116 2722 2394 10709 2570 451 12614 6499 1964 2834 2451 983
is_linear=0
shrinkage=0.03


Tree=133
num_leaves=31
num_cat=0
split_feature=21 21 21 26 21 12 2 2 20 1 1 8 28 8 28 26 9 27 22 25 26 29 25 29 11 8 29 8 10 2
split_gain=1120.09 317.46 162.587 136.464 137.658 85.1433 93.5602 81.8159 74.1551 63.7044 81.8608 118.247 102.048 71.2657 93.4914 77.4492 59.0091 58.8557 57.0002 53.2399 52.9825 55.8291 52.0129 65.1552 58.9816 75.5657 78.3867 89.7952 58.9943 56.7558
threshold=11.915833333333333 3.0937500000000004 8.1158333333333363 0.94828754594723541 13.815000000000001 2.2350000000000008 1.119521429291779 1.1475191881358568 2.1591954513384137 -6.7499999999999991 -0.34999999999999992 16.500000000000004 958.95000000000016 4.5000000000000009 962.6500000000002 0.99535829673000953 1.5000000000000002 -0.78257835753184624 0.87751739695709718 1.830487652521551 0.97988739209073494 80.500000000000014 1.419706410884735 93.500000000000014 3.2450000000000006 16.500000000000004 41.500000000000007 5.5000000000000009 11.500000000000002 1.1820063501690765
decision_type=2 2 2 2 2 10 2 2 2 2 2 2 2 2 2 2 2 2 2 2 2 2 2 2 8 2 2 2 2 2
left_child=1 5 22 4 7 6 -1 -2 -9 16 11 13 -12 15 -15 -11 -4 -7 -14 -5 21 -13 -3 24 -24 26 -26 29 -29 -28
right_child=3 2 9 19 -6 17 -8 8 -10 10 12 20 18 14 -16 -17 -18 -19 -20 -21 -22 -23 23 -25 25 -27 27 28 -30 -31
leaf_value=-9.6445382104852861e-05 -0.00011799005191057476 7.0846798181189443e-05 -0.00021722521640898327 0.00039970768525757428 0.00039970768525757428 0.00081303161058080041 -0.00011683313844137156 0.00042429191996307065 9.3871794007054356e-05 -0.0013509798987392926 0.00035949149905689426 -0.0015125672730023987 0.0010734414037964224 -0.0043829217719444534 5.1437130286762223e-05 0.0034011057957884249 0.0021940942452904166 -0.00013596334768818034 0.0005177192156850907 0.00040202939210308707 0.001274290411188983 0.0027164245413467012 8.2268567155432406e-05 0.0035474821499219648 -0.0013237116278269209 -3.9302730870410807e-05 0.00036136889294942305 -0.0008235404728977046 0.00095062778114320676 -0.00052380086260580899
leaf_weight=2136 1008 20911 338 1146 1570 491 7137 1228 654 902 14352 609 1998 1241 616 307 748 5172 1241 538 567 226 6867 275 1938 10182 4910 5616 838 3402
leaf_count=2136 1008 20911 338 1146 1570 491 7137 1228 654 902 14352 609 1998 1241 616 307 748 5172 1241 538 567 226 6867 275 1938 10182 4910 5616 838 3402
internal_value=0.000215995 -0.000603709 0.000162891 0.0126167 0.00984994 -0.00461013 -0.00637961 0.00594819 0.00963434 0.00227171 0.00192123 -0.00170355 0.00284212 -0.00500163 -0.00868421 0.000667216 0.00934922 -0.0017096 0.00764797 0.0198934 0.00550107 0.000678571 -0.000725648 -0.00144918 -0.00156852 -0.00220222 -0.00344365 -0.00269718 -0.00535067 -0.000634844
internal_weight=99164 93020 78084 6144 4460 14936 9273 2890 1882 23145 22059 4468 17591 3066 1857 1209 1086 5663 3239 1684 1402 835 54939 34028 33753 26886 16704 14766 6454 8312
internal_count=99164 93020 78084 6144 4460 14936 9273 2890 1882 23145 22059 4468 17591 3066 1857 1209 1086 5663 3239 1684 1402 835 54939 34028 33753 26886 16704 14766 6454 8312
is_linear=0
shrinkage=0.03


Tree=134
num_leaves=31
num_cat=0
split_feature=21 21 21 16 28 26 24 10 17 28 1 1 15 17 25 1 26 21 28 16 26 24 1 20 26 28 11 1 16 10
split_gain=1098.18 336.852 219.231 200.393 81.7688 77.9533 101.027 86.1005 84.8229 91.8463 67.4982 67.4012 64.5328 71.886 61.3889 87.7537 60.8555 60.2918 56.3219 54.8377 84.4716 50.3514 50.1263 49.2469 45.5979 58.3851 53.7612 45.242 78.1718 45.1233
threshold=11.915833333333333 2.2641666666666684 8.078055555555558 13.385000000000003 948.95000000000016 0.91702515554752073 9.0500000000000025 8.5000000000000018 9.9550000000000018 953.1500000000002 -0.44999999999999996 19.050000000000004 -1.3450000000000004 11.665000000000001 1.4054317475370108 13.050000000000002 0.94828754594723541 12.762500000000001 968.35000000000002 3.7250000000000005 -0.7603770116708749 3.8500000000000001 1.0000000180025095e-35 2.3833484847772417 -0.91702515554752051 954.35000000000002 6.7750000000000012 15.250000000000002 10.855000000000002 11.500000000000002
decision_type=2 2 2 8 2 2 2 2 2 2 2 2 10 2 2 2 2 2 2 8 2 2 2 2 2 2 10 2 10 2
left_child=1 11 19 12 10 7 18 8 -6 -10 -4 29 -2 -14 -5 17 23 -16 -7 20 -3 -13 -21 -15 27 -26 -27 28 -9 -1
right_child=3 2 4 14 5 6 -8 24 9 -11 -12 21 13 16 15 -17 -18 -19 -20 22 -22 -23 -24 -25 25 26 -28 -29 -30 -31
leaf_value=-0.00011306180391104179 -0.0012960563334709584 -0.00019721601750498903 -0.0035706601208931308 0.00039109006877973139 0.00083345403143105672 0.00070088039354804503 0.00044260512695530884 -0.0025256917554718063 0.00090143221935141179 -0.002736565073017466 -0.00019034220048862126 3.095945931160058e-05 -0.00050042419076664062 0.0004177425819916913 0.000371289491123169 0.00039127038303789604 0.00038596955085935526 0.00038771645469984795 0.00098776888594150503 -0.00022637586561145734 -4.8381390204124739e-05 -0.00017679568236279235 -1.0261638643030701e-05 -0.00029092117099493439 -0.00037014470557999443 0.00034800376517433811 0.0020961221953691689 0.0010130152952719472 0.00061921994526814019 -1.6994080574435806e-05
leaf_weight=3685 270 7662 244 806 2223 6852 2739 1141 960 1675 3928 1299 396 1442 515 408 466 1407 202 9392 8903 449 37621 354 554 420 1293 752 561 506
leaf_count=3685 270 7662 244 806 2223 6852 2739 1141 960 1675 3928 1299 396 1442 515 408 466 1407 202 9392 8903 449 37621 354 554 420 1293 752 561 506
internal_value=0.000190961 -0.00061537 -0.000143928 0.0125556 0.00232876 0.00314909 0.00503062 0.00122391 -0.00157927 -0.00521591 -0.00147953 -0.00752524 0.00689397 0.00831393 0.0178223 0.0152891 0.0103749 0.0179657 0.00312792 -0.00105972 -0.00254375 -0.00256703 -0.000536603 0.00782898 0.00410707 0.00716989 0.00990105 0.00126881 -0.00144112 -0.0095877
internal_weight=99125 93061 87122 6064 23544 19372 9793 9579 4858 2635 4172 5939 2928 2658 3136 2330 2262 1922 7054 63578 16565 1748 47013 1796 4721 2267 1713 2454 1702 4191
internal_count=99125 93061 87122 6064 23544 19372 9793 9579 4858 2635 4172 5939 2928 2658 3136 2330 2262 1922 7054 63578 16565 1748 47013 1796 4721 2267 1713 2454 1702 4191
is_linear=0
shrinkage=0.03


Tree=135
num_leaves=31
num_cat=0
split_feature=21 21 16 26 16 1 13 25 27 28 1 8 25 24 28 17 11 8 28 28 8 29 10 23 12 1 16 17 29 17
split_gain=1063.28 323.54 317.404 121.363 103.701 100.326 116.113 77.1177 71.7299 70.7462 69.844 69.4527 88.2641 63.2954 65.2253 56.1281 55.5111 73.7471 88.3263 107.657 93.7973 76.1497 58.087 56.131 55.6054 54.787 60.3422 54.5551 66.6107 63.4943
threshold=10.823333333333334 3.1333333333333342 13.965000000000002 0.95878322595067733 8.8650000000000002 21.550000000000004 1.7766666666666682 2.0151286276663929 -0.41467745240824966 969.05000000000007 -1.1499999999999997 15.500000000000002 1.4328447689609509 3.8500000000000001 940.35000000000002 11.315000000000003 3.3450000000000002 11.500000000000002 953.25000000000011 945.35000000000002 8.5000000000000018 65.500000000000014 6.5000000000000009 5.5950000000000006 10.615 14.65 11.945000000000002 5.0550000000000006 40.500000000000007 9.5450000000000017
decision_type=2 2 8 2 8 2 2 2 2 2 2 2 2 2 2 2 10 2 2 2 2 2 2 2 10 2 10 2 2 2
left_child=1 5 3 8 16 6 -1 -5 -2 15 -10 12 -12 14 -7 -6 -3 18 19 20 21 22 -18 -20 27 26 -13 28 -19 -29
right_child=2 4 -4 7 9 13 -8 -9 10 -11 11 25 -14 -15 -16 -17 17 24 23 -21 -22 -23 -24 -25 -26 -27 -28 29 -30 -31
leaf_value=-0.00011206219672822563 0.00072012889921352352 6.8784786402545931e-05 0.00037608496105885348 0.00037084295364823603 0.00011519850255951452 -0.0003037648804046558 -0.00011066406617927424 0.00028127971886538259 -0.00094621737056855388 0.0019714181645962489 0.00046795617671817834 -0.00080456541463399416 0.00032958479115884786 -0.00016997490791881913 0.00035288016720044383 0.00062711052280342344 0.00016235208049933454 -0.00077892974388993114 -0.00058093398344097032 0.00035256900710439477 0.00087391475152271509 0.0025002977901511839 -0.0014601163868738528 -0.0042707013852489343 0.0042330613155574844 -0.00059040523634865886 0.00039669482802357045 0.00031828075367458227 1.9002336253719844e-05 -0.0010841029410571465
leaf_weight=5305 308 12613 2555 1532 16828 237 5866 485 697 425 1117 427 1678 1784 2191 7373 274 3035 7198 5971 528 241 1484 431 579 1072 463 10541 3118 3124
leaf_count=5305 308 12613 2555 1532 16828 237 5866 485 697 425 1117 427 1678 1784 2191 7373 274 3035 7198 5971 528 241 1484 431 579 1072 463 10541 3118 3124
internal_value=0.000183947 -0.000872228 0.00929103 0.00627055 -4.67682e-05 -0.00482909 -0.00631621 0.0125964 0.00404716 0.00154196 0.00324235 0.00454221 0.007575 -0.000882144 0.0022688 0.00132736 -0.000843067 -0.00143557 -0.00295128 -0.00084676 -0.00603081 -0.00899701 -0.0111628 -0.00529342 -0.000236741 0.000213523 0.00569832 -0.000505473 -0.00284995 0.000550841
internal_weight=99480 89146 10334 7779 73763 15383 11171 2017 5762 24626 5454 4757 2795 4212 2428 24201 49137 36524 16127 8498 2527 1999 1758 7629 20397 1962 890 19818 6153 13665
internal_count=99480 89146 10334 7779 73763 15383 11171 2017 5762 24626 5454 4757 2795 4212 2428 24201 49137 36524 16127 8498 2527 1999 1758 7629 20397 1962 890 19818 6153 13665
is_linear=0
shrinkage=0.03


Tree=136
num_leaves=31
num_cat=0
split_feature=21 21 16 16 25 21 10 10 7 1 26 26 25 2 13 16 25 17 12 27 11 12 10 15 24 26 25 25 17 26
split_gain=1089.38 324.574 226.668 166.74 94.2906 92.0286 83.7332 64.8088 63.7198 59.3456 58.2031 57.4905 55.6536 97.0785 56.0399 53.335 50.1725 47.1603 46.9855 44.5302 44.1019 49.0427 41.9274 41.6385 44.7966 52.5976 133.455 67.9463 50.3664 49.1183
threshold=11.915833333333333 3.1333333333333342 13.385000000000003 10.405000000000003 1.3846592904812087 1.906666666666667 4.5000000000000009 1.5000000000000002 13.500000000000002 -6.7499999999999991 -0.73724926354828224 0.94828754594723541 1.4054317475370108 1.1459270698462778 10.215000000000002 3.6150000000000007 1.9234738243123339 12.285000000000002 1.8250000000000004 -0.92384435400961373 4.0050000000000008 8.3450000000000006 11.500000000000002 -0.37499999999999994 5.4500000000000011 0.79332313182700753 1.724793957545417 2.0685144881150519 5.8650000000000011 0.59480013772226081
decision_type=2 2 8 10 2 2 2 2 2 2 2 2 2 2 2 8 2 2 8 2 10 10 2 10 2 2 2 2 2 2
left_child=1 5 11 7 17 6 -1 16 -8 22 -7 -2 -4 -14 -15 -9 -3 -5 -12 -20 -11 -22 -6 -17 29 26 -26 28 -27 -25
right_child=2 3 12 4 9 10 8 15 -10 20 18 -13 13 14 -16 23 -18 -19 19 -21 21 -23 -24 24 25 27 -28 -29 -30 -31
leaf_value=-0.00010624584950019891 0.00036382105619642833 -0.00010291146445688786 0.00036777629107825557 0.00049689230371579294 0.00044323256350581764 -0.00011443247540898886 -0.00012084772090015673 -0.00027815146222505139 -7.0956276942166834e-05 0.0040659930054820935 -0.00011137777396737508 0.00036148481622276128 0.0002726386692863669 0.00036989316946171359 0.00036480241222708651 -0.00022593102657147645 -0.00036971668992653314 0.00041820168453720496 0.0011305082075906028 -6.9272553620122819e-05 -0.00034637238830892425 0.00037630501401393125 0.0021221793709081628 0.00043615986482340021 -0.00035675196160047773 0.00031229162554390484 0.0020897587041118124 -0.0014939785762959419 0.0021955691465758787 -0.0003753561955556295
leaf_weight=1033 2384 3366 788 1904 459 4730 724 8672 1396 420 3427 505 337 564 1465 17317 2291 1359 361 3671 6051 3518 375 5452 8211 1225 3391 879 3608 9249
leaf_count=1033 2384 3366 788 1904 459 4730 724 8672 1396 420 3427 505 337 564 1465 17317 2291 1359 361 3671 6051 3518 375 5452 8211 1225 3391 879 3608 9249
internal_value=0.000187014 -0.00061454 0.0125248 0.000172471 0.0031254 -0.00460155 -0.00916719 -0.000481105 -0.00573176 0.00177595 -0.00341725 0.00643746 0.0180817 0.0157149 0.0181858 -0.000182041 -0.00354468 0.0075918 -0.00176447 0.000431013 0.00113168 0.000711301 0.00943981 0.000199445 0.000840412 0.00187424 0.000713363 0.00422949 0.00562422 -0.000377397
internal_weight=99132 93089 6043 77747 14086 15342 3153 63661 2120 10823 12189 2889 3154 2366 2029 58004 5657 3263 7459 4032 9989 9569 834 49332 32015 17314 11602 5712 4833 14701
internal_count=99132 93089 6043 77747 14086 15342 3153 63661 2120 10823 12189 2889 3154 2366 2029 58004 5657 3263 7459 4032 9989 9569 834 49332 32015 17314 11602 5712 4833 14701
is_linear=0
shrinkage=0.03


Tree=137
num_leaves=31
num_cat=0
split_feature=22 21 16 21 21 25 26 28 1 8 1 1 1 17 24 15 28 1 12 26 8 28 25 26 20 16 26 1 28 28
split_gain=1134.83 339.879 211.222 143.08 90.4515 71.1565 70.7886 63.3403 63.2225 58.3438 88.7416 115.274 83.0091 81.3687 74.1003 65.1399 82.8543 64.6529 62.6025 57.1843 56.3015 55.9139 73.9758 57.3046 51.6749 51.5816 70.2405 57.3708 56.8976 61.9926
threshold=0.9462517963145084 2.955833333333334 13.385000000000003 10.087916666666668 1.906666666666667 1.2001070663811568 0.94828754594723541 975.35000000000002 -1.0000000180025095e-35 14.500000000000002 9.6500000000000004 1.0000000180025095e-35 -2.6499999999999999 3.2150000000000003 3.8500000000000001 -0.37499999999999994 967.1500000000002 -2.6499999999999999 7.3050000000000006 0.94828754594723541 9.5000000000000018 955.95000000000016 2.3946224899598398 -0.45399049973954675 2.0473295573424468 3.3750000000000004 0.87878364999916148 25.850000000000005 959.85000000000002 956.25000000000011
decision_type=2 2 8 2 2 2 2 2 2 2 2 2 2 2 2 10 2 2 10 2 2 2 2 2 2 10 2 2 2 2
left_child=1 4 6 7 8 19 24 9 -1 15 11 12 14 18 -11 16 -3 20 -12 -5 -17 -13 23 -23 -2 26 -19 28 29 -27
right_child=2 3 -4 5 -6 -7 -8 -9 -10 10 13 21 -14 -15 -16 17 -18 25 -20 -21 -22 22 -24 -25 -26 27 -28 -29 -30 -31
leaf_value=-0.00010303358317599017 0.00036455907357550108 -0.00034849062043532548 0.00035385833986027238 0.00060165023184381543 -0.00010419887276391839 0.00032860434744193419 0.00035161440238236862 0.0030101350309546158 -0.00010676393282956466 -0.00011573770447198213 -0.00077690214068326354 0.0032203636869193712 -0.00045353336445659874 6.8813652583623038e-05 0.0017939320919161676 -0.00014700961922159924 -0.0014332236302479894 -0.00048324644494471741 0.0027161780349548152 0.00032732207121064503 -0.0014374686224219242 0.00033126273485859946 -0.00085069685524647332 0.0023327669557959051 -9.4996151827342334e-05 0.00011926725141756883 0.00031898386434208337 0.001281694961245135 0.00095085168288374441 -0.00083555411082647405
leaf_weight=637 1385 13760 3112 307 10278 7618 467 313 2561 677 1920 1608 2448 14677 1455 3627 392 2796 368 415 613 1447 690 2050 820 12227 1129 2856 3411 3317
leaf_count=637 1385 13760 3112 307 10278 7618 467 313 2561 677 1920 1608 2448 14677 1455 3627 392 2796 368 415 613 1447 690 2050 820 12227 1129 2856 3411 3317
internal_value=0.000241785 -0.000555437 0.0131318 0.000186082 -0.00496254 0.00390413 0.00692566 -0.000246148 -0.00936622 -0.00030557 0.000783324 0.00296821 -0.000588877 -0.000553329 0.00373421 -0.000980219 -0.00265734 -0.000188119 -0.00580898 0.0128748 -0.00361837 0.00577759 0.00394323 0.00571388 0.00465611 0.000377608 -0.00278626 0.00094747 0.000349684 -0.000420606
internal_weight=99381 93597 5784 80121 13476 8340 2672 71781 3198 71468 27340 10375 4580 16965 2132 44128 14152 29976 2288 722 4240 5795 4187 3497 2205 25736 3925 21811 18955 15544
internal_count=99381 93597 5784 80121 13476 8340 2672 71781 3198 71468 27340 10375 4580 16965 2132 44128 14152 29976 2288 722 4240 5795 4187 3497 2205 25736 3925 21811 18955 15544
is_linear=0
shrinkage=0.03


Tree=138
num_leaves=31
num_cat=0
split_feature=22 21 16 16 25 1 28 28 20 2 23 29 21 21 25 26 29 1 16 18 1 16 28 28 1 9 1 15 28 29
split_gain=1085.17 310.687 211.09 168.275 108.971 103.514 92.1346 75.3035 71.6114 62.9487 58.9089 57.3787 54.8998 54.6171 47.095 55.7188 51.3666 46.8017 46.5492 49.2793 43.6291 42.0966 52.9381 69.0303 81.5624 57.3498 55.8423 55.6587 66.3567 72.0646
threshold=0.96664622709285053 3.1333333333333342 13.385000000000003 10.405000000000003 1.3790964742704597 -1.2499999999999998 951.35000000000002 962.95000000000016 2.3424586442411797 1.2410622688020467 0.38500000000000006 77.500000000000014 1.790416666666667 1.7195833333333335 2.5814465730970193 0.25881904510252091 64.500000000000014 -7.1499999999999995 6.455000000000001 6.8450000000000006 -2.6499999999999999 7.3150000000000004 953.25000000000011 949.55000000000007 12.050000000000002 1.0000000180025095e-35 30.750000000000004 0.37500000000000006 965.95000000000016 39.500000000000007
decision_type=2 2 8 10 2 2 2 2 2 2 2 2 2 2 2 2 2 2 10 10 2 8 2 2 2 2 2 10 2 2
left_child=1 5 8 14 6 13 -5 9 -2 20 -7 12 -12 -1 21 18 -17 -15 19 -16 -6 22 23 24 -3 26 -26 28 29 -24
right_child=2 3 -4 4 7 10 -8 -9 -10 -11 11 -13 -14 17 15 16 -18 -19 -20 -21 -22 -23 27 -25 25 -27 -28 -29 -30 -31
leaf_value=-9.9943548560165976e-05 0.00035191281679452287 0.0022123777086484392 0.00034324258966446526 0.00021713091509061087 -0.0017775313635883503 -0.00010048208199813981 0.00041246789606305901 0.00042290363878658642 -0.00013616149637822871 0.0020216813259704425 -0.00010529458198387235 0.00022616916886807246 -0.00010654770381397315 -4.4687232838761625e-05 0.00015220317952750355 -0.0011818625905401557 -0.00018535434725741387 -0.00011073375324074106 0.0023574043093492893 -0.0019448884245521804 0.00019564133289090235 0.00017075702363124611 -0.0010087340688912777 0.00049484114452616414 0.00010716022265982429 -0.00047667282562256416 0.0019166833287463882 3.3877508036323901e-05 -0.00094202578409925035 -0.00016507396357739714
leaf_weight=370 1541 768 2845 1193 1240 757 2310 1538 639 401 1474 1416 9419 525 994 1546 1422 1368 404 340 8417 26121 1039 5783 1106 10226 374 4590 825 8250
leaf_count=370 1541 768 2845 1193 1240 757 2310 1538 639 401 1474 1416 9419 525 994 1546 1422 1368 404 340 8417 26121 1039 5783 1106 10226 374 4590 825 8250
internal_value=8.73587e-05 -0.000637438 0.013664 0.000122066 0.00296941 -0.0045448 0.00760262 0.00156711 0.00661785 0.000620093 -0.00351618 -0.00301364 -0.00375206 -0.010463 -0.000552098 -0.00343876 -0.0059334 -0.00836143 0.000826162 -0.001882 0.000133513 -0.000321898 -0.0010347 4.43544e-05 -0.00121164 -0.00183417 0.00367677 -0.00237406 -0.00361696 -0.00288896
internal_weight=99241 94216 5025 78887 15099 15329 3503 11596 2180 10058 13066 12309 10893 2263 63788 4706 2968 1893 1738 1334 9657 59082 32961 18257 12474 11706 1480 14704 10114 9289
internal_count=99241 94216 5025 78887 15099 15329 3503 11596 2180 10058 13066 12309 10893 2263 63788 4706 2968 1893 1738 1334 9657 59082 32961 18257 12474 11706 1480 14704 10114 9289
is_linear=0
shrinkage=0.03


Tree=139
num_leaves=31
num_cat=0
split_feature=21 12 16 21 21 28 29 8 24 25 9 25 28 19 14 15 11 3 12 16 0 17 24 15 26 26 28 23 23 25
split_gain=1081.17 283.213 222.843 161.346 102.305 78.6925 150.421 84.6022 78.3904 66.6736 65.0195 63.7499 63.9532 73.3987 63.1809 60.9937 52.4158 50.5568 78.3282 60.4771 50.1469 57.4571 49.6598 55.6058 49.2133 47.2107 46.1563 46.0617 45.7602 45.144
threshold=11.915833333333333 4.5750000000000011 13.385000000000003 1.906666666666667 9.9654166666666697 952.55000000000007 33.500000000000007 14.500000000000002 4.9500000000000011 1.2001070663811568 2.5000000000000004 1.4054317475370108 959.95000000000016 13.303750000000003 1.3535631988693149 -0.16000000000000006 6.1450000000000005 3.7791906808633349 1.905 7.5550000000000006 4.3850000000000007 5.8650000000000011 3.0500000000000003 -0.41999999999999943 0.94828754594723541 0.94828754594723541 948.75000000000011 1.3950000000000002 6.8350000000000009 1.0798262629670241
decision_type=2 8 8 2 2 2 2 2 2 2 2 2 2 2 2 10 10 2 10 10 2 2 2 10 2 2 2 2 2 2
left_child=1 3 14 26 20 -5 -7 17 10 24 -9 -4 13 -13 25 -12 -10 18 -8 -20 27 -22 -23 -24 -6 28 -1 -3 -2 -25
right_child=2 4 11 5 9 6 7 8 16 -11 15 12 -14 -15 -16 -17 -18 -19 19 -21 21 22 23 29 -26 -27 -28 -29 -30 -31
leaf_value=-8.4644885048878069e-05 -0.00014024632147260685 -0.00071581932742594652 0.00033582997446016891 -6.2733733475329285e-05 0.00066927297114429459 -0.00028482872430375406 -0.00010135276558559283 -0.00013252577716767864 0.0016188308766428531 0.0003347498362992818 0.0009198504576497711 0.00033391740556018568 0.00033294531197453178 0.00033295642454602147 -0.00071150679818702482 -0.00010342722430070271 -0.0015967425248086381 -0.00068646321944077057 -9.1671282858449415e-05 0.0012209422614383944 -0.00040095852373839681 -0.001250906691151668 -0.00036383369962823733 0.0024235989927814932 0.00029866649078184979 0.00033619929099519937 -9.7031958991041173e-05 0.0011135381299710193 0.00035187150125257527 0.00040040487028014101
leaf_weight=640 321 493 808 17315 326 1237 3303 2413 1377 8004 1373 639 645 1065 591 1371 240 3413 5562 653 10293 516 6777 517 450 486 2495 3407 1511 20990
leaf_count=640 321 493 808 17315 326 1237 3303 2413 1377 8004 1373 639 645 1065 591 1371 240 3413 5562 653 10293 516 6777 517 450 486 2495 3407 1511 20990
internal_value=0.000215547 -0.000583772 0.0124823 -0.00243351 0.000895168 -0.00189666 -0.00313362 -0.00249467 0.000221272 0.00384519 -0.00158659 0.0179981 0.0154333 0.012323 0.00647563 0.00157148 0.00597411 -0.00391698 -0.00279114 -0.000805466 0.000292339 -3.14594e-05 0.000656136 0.000825056 0.0122151 0.00870426 -0.00897134 0.00353393 0.00646707 0.00157168
internal_weight=99231 93165 6066 41392 51773 38257 20942 19705 6774 8780 5157 3157 2349 1704 2909 2744 1617 12931 9518 6215 42993 39093 28800 28284 776 2318 3135 3900 1832 21507
internal_count=99231 93165 6066 41392 51773 38257 20942 19705 6774 8780 5157 3157 2349 1704 2909 2744 1617 12931 9518 6215 42993 39093 28800 28284 776 2318 3135 3900 1832 21507
is_linear=0
shrinkage=0.03


Tree=140
num_leaves=31
num_cat=0
split_feature=21 21 16 16 21 23 0 26 16 1 25 1 10 20 27 26 7 1 29 1 10 1 8 8 29 16 29 26 25 20
split_gain=1056.38 320.068 225.962 143.912 101.616 96.0566 85.6504 70.3476 61.2309 57.9892 57.9388 61.9895 55.8947 53.4745 67.9655 51.2724 50.3383 47.0998 47.0605 65.9481 70.4548 91.7977 62.9978 78.0786 54.1056 51.707 84.3149 48.4547 48.366 45.4592
threshold=11.915833333333333 3.0937500000000004 13.385000000000003 10.205000000000002 1.906666666666667 5.0050000000000008 10.885000000000003 0.94828754594723541 15.235000000000001 1.0000000180025095e-35 1.3714850367024283 14.250000000000002 4.5000000000000009 2.2476422830396534 0.087155742747658027 -0.46173103126271881 13.500000000000002 31.750000000000004 17.500000000000004 30.350000000000005 7.5000000000000009 37.750000000000007 9.5000000000000018 1.5000000000000002 85.500000000000014 6.4150000000000009 62.500000000000007 -0.77159520228797429 2.2002638522427449 2.3833484847772417
decision_type=2 2 8 10 2 2 2 2 8 2 2 2 2 2 2 2 2 2 2 2 2 2 2 2 2 10 2 2 2 2
left_child=1 4 7 9 12 -5 17 29 10 -3 -4 13 -1 -12 -15 -6 -14 -7 19 -11 21 -21 23 -20 -24 26 -25 -26 -28 -2
right_child=2 3 8 5 15 6 -8 -9 -10 18 11 -13 16 14 -16 -17 -18 -19 22 20 -22 -23 24 25 27 -27 28 -29 -30 -31
leaf_value=-9.3991018275997484e-05 0.0003300004493785996 -0.0001853528977827061 0.00032269143111974039 0.00026321983314213425 -0.00010052054007960687 0.00043414329351212808 -0.00028416086344403734 0.00032119565596448464 0.00032295695261529421 -0.0015947815085891994 0.00032300345325048997 -0.00032963982982562868 -0.0001086213507222343 -0.00059057987370858881 0.00032295678592672296 -9.0705083613513879e-05 -8.2105538497411688e-05 -0.00075094030676714052 0.00052449239877392219 0.0014396867017438593 -0.0016383975219815649 -0.0011577677884656464 0.00019984066683767398 -0.00066141503382265274 0.00074553681927068047 -0.00013089967704414283 -0.00045015827446287168 0.007966856587711714 0.00087640922207664253 -0.00047160161517698752
leaf_weight=1042 1790 11923 479 9664 5719 4577 1120 507 1011 795 661 246 721 246 534 6031 1425 209 3996 1085 462 239 28884 3792 430 7592 2330 204 861 626
leaf_count=1042 1790 11923 479 9664 5719 4577 1120 507 1011 795 661 246 721 246 534 6031 1425 209 3996 1085 462 239 28884 3792 430 7592 2330 204 861 626
internal_value=0.000185977 -0.000606728 0.0122752 0.000162343 -0.00462959 0.00274286 0.00575537 0.00623975 0.0178096 -0.000479728 0.0148964 0.0122163 -0.00937676 0.0145851 0.00917197 -0.00333815 -0.00658298 0.00750157 -3.67045e-05 -0.00397912 -0.000770519 0.00275395 0.000175282 -0.00119348 0.00103648 -0.00221193 -0.00407413 0.00967136 -0.000478723 0.00408922
internal_weight=99201 93101 6100 78163 14938 15570 5906 2923 3177 62593 2166 1687 3188 1441 780 11750 2146 4786 50670 2581 1786 1324 48089 18571 29518 14575 6983 634 3191 2416
internal_count=99201 93101 6100 78163 14938 15570 5906 2923 3177 62593 2166 1687 3188 1441 780 11750 2146 4786 50670 2581 1786 1324 48089 18571 29518 14575 6983 634 3191 2416
is_linear=0
shrinkage=0.03


Tree=141
num_leaves=31
num_cat=0
split_feature=21 21 16 21 12 1 26 16 26 24 16 8 25 1 12 16 28 20 0 1 25 26 29 8 29 8 12 1 29 1
split_gain=1094.03 276.504 228.471 138.456 101.482 96.3514 66.4189 66.172 61.5705 117.666 55.1785 53.9373 53.0217 72.1908 50.0849 57.2299 49.5892 48.2213 47.8802 46.4118 45.9216 93.4121 89.1762 64.4644 80.6063 77.1989 63.3818 58.5207 110.617 85.2496
threshold=11.915833333333333 3.0937500000000004 13.385000000000003 9.9654166666666697 1.9850000000000001 22.050000000000004 0.94828754594723541 3.6750000000000003 -0.90992662233962551 11.250000000000002 15.235000000000001 7.5000000000000009 1.4054317475370108 14.250000000000002 8.4850000000000012 11.535000000000002 975.35000000000002 2.3833484847772417 1.1050000000000002 7.8500000000000005 1.419706410884735 0.89490028524376763 27.500000000000004 16.500000000000004 93.500000000000014 4.5000000000000009 6.5850000000000009 5.8500000000000005 67.500000000000014 10.250000000000002
decision_type=2 2 8 2 10 2 2 10 2 2 8 2 2 2 10 10 2 2 2 2 2 2 2 2 2 2 10 2 2 2
left_child=1 4 6 16 5 7 17 -1 -5 14 12 -6 -4 -14 15 -10 20 19 -7 -2 21 27 26 24 25 -22 -23 28 -3 -29
right_child=2 3 10 8 11 18 -8 -9 9 -11 -12 -13 13 -15 -16 -17 -18 -19 -20 -21 23 22 -24 -25 -26 -27 -28 29 -30 -31
leaf_value=-9.2601728168746169e-05 0.00034255831403943283 -0.0012255480407189498 0.00031302694480926597 9.9106275866909228e-05 0.00015413214378316614 0.0006937848310755038 0.00031155978628555125 -0.00010933211858392307 0.00069969408128509264 0.00040905516333863691 0.00031326824403683507 -0.00011456084972671952 0.00031327796158926778 -0.00084855260150529298 0.00040090359722938284 -0.00056941121197350778 0.0029082567101421162 -0.00040453028446890802 -0.00015380071839276189 0.00024890403642929268 -6.3739516108953352e-05 -0.00083420779749637146 0.0010810589748194129 0.00011769029843625392 0.0043112453517035586 -0.00052968286822114533 0.0010890173504078463 0.00234750190507359 7.0092320761518874e-05 -0.00011617950623953029
leaf_weight=5159 670 1300 568 3577 2195 553 518 1116 441 1410 1008 4656 1357 228 1715 1678 297 619 1261 1103 13223 1289 5193 15613 267 14663 808 1108 1693 13690
leaf_count=5159 670 1300 568 3577 2195 553 518 1116 441 1410 1008 4656 1357 228 1715 1678 297 619 1261 1103 13223 1289 5193 15613 267 14663 808 1108 1693 13690
internal_value=0.000232772 -0.000573781 0.0125658 0.000142747 -0.00431181 -0.00658636 0.0064837 -0.00834554 0.00368117 0.00574967 0.0181459 -0.0016234 0.0153614 0.0124717 0.00301641 -7.06215e-05 -0.000308898 0.00435544 -0.000494777 0.00686727 -0.000362081 0.000661325 0.00352022 -0.000948573 -0.00180588 -0.00196407 -0.00169838 -0.000510789 -0.00433289 0.00026346
internal_weight=98976 92905 6071 77965 14940 8089 2910 6275 8821 5244 3161 6851 2153 1585 3834 2119 69144 2392 1814 1773 68847 25081 7290 43766 28153 27886 2097 17791 2993 14798
internal_count=98976 92905 6071 77965 14940 8089 2910 6275 8821 5244 3161 6851 2153 1585 3834 2119 69144 2392 1814 1773 68847 25081 7290 43766 28153 27886 2097 17791 2993 14798
is_linear=0
shrinkage=0.03


Tree=142
num_leaves=31
num_cat=0
split_feature=22 12 16 21 21 16 26 24 20 12 16 7 20 8 28 28 29 8 23 11 2 2 28 5 29 2 29 16 11 29
split_gain=1068.06 282.928 236.545 148.66 100.755 72.3345 71.2599 126.951 64.4308 62.6825 53.6511 53.0396 49.1959 47.7758 47.3378 45.7426 130.857 69.3422 74.7093 64.6991 55.1123 64.0476 54.1465 52.6094 51.8314 43.5631 62.2581 43.058 42.4872 42.3394
threshold=0.96664622709285053 5.3550000000000013 13.385000000000003 2.21763888888889 9.9654166666666697 1.0000000180025095e-35 -0.90992662233962551 11.250000000000002 2.3424586442411797 8.4850000000000012 11.535000000000002 13.500000000000002 3.8054297785263205 15.500000000000002 950.75000000000011 952.55000000000007 23.500000000000004 13.500000000000002 2.7850000000000006 6.0950000000000006 1.1287009700723414 1.2092634530215358 963.35000000000002 0.022626577000466368 90.500000000000014 1.114987423919467 58.500000000000007 10.655000000000003 10.405000000000003 37.500000000000007
decision_type=2 8 8 2 2 10 2 2 2 10 10 2 2 2 2 2 2 2 2 10 2 2 2 2 2 2 2 8 10 2
left_child=1 3 8 5 -3 -1 13 9 -2 10 -8 -7 15 -6 -9 -5 -17 24 20 22 -19 23 29 -22 -18 -14 27 -27 -11 -20
right_child=2 4 -4 12 6 11 7 14 -10 28 -12 -13 25 -15 -16 16 17 18 19 -21 21 -23 -24 -25 -26 26 -28 -29 -30 -31
leaf_value=-8.3741342344129333e-05 0.00031050864879251795 9.0290224928496474e-05 0.00030387019671572864 -0.00010170520207625342 0.00048108195664950393 -9.5312651754563877e-05 0.00067870325884653916 0.00020154441653415177 -0.0001895539986529382 0.00039965712031254317 -0.00080921868155674702 -8.790110487388655e-05 0.0038480813871123319 -0.00043826062605515915 0.00036459228904529574 -0.00059008411915420663 -0.00015581089717255892 -0.00062272855234578295 -0.00025788969391622962 -0.00096073335023548197 -0.00013822142219351924 -0.00013253067144213221 -0.0001639411662825374 0.00033294280027959164 0.00082797818866255459 -0.0018996455812878921 0.0008798127180145546 0.0011254731280602134 -0.00068694002102987373 0.0022140765497780904
leaf_weight=302 1561 33965 2855 18726 2194 1645 411 302 634 1715 1639 3542 600 1979 1333 570 13262 358 292 482 285 2216 393 3776 512 446 1639 222 248 1119
leaf_count=302 1561 33965 2855 18726 2194 1645 411 302 634 1715 1639 3542 600 1979 1333 570 13262 358 292 482 285 2216 393 3776 512 446 1639 222 248 1119
internal_value=0.0001684 -0.000552677 0.0136024 -0.00208545 0.00121121 -0.00674372 0.00388663 0.00608173 0.00617727 0.00320309 -0.000467153 -0.00589946 -0.00151527 0.00091192 0.0131159 -0.0017766 -0.0026648 -0.00230617 -0.000245351 0.00442601 -0.00185693 -0.00119866 0.00703151 0.00104033 -0.00364032 0.00225618 0.000376298 -0.00731055 0.00702744 0.00976695
internal_weight=99223 94173 5050 50387 43786 5489 9821 5648 2195 4013 2050 5187 44898 4173 1635 41991 23265 22695 8921 2286 6635 6277 1804 4061 13774 2907 2307 668 1963 1411
internal_count=99223 94173 5050 50387 43786 5489 9821 5648 2195 4013 2050 5187 44898 4173 1635 41991 23265 22695 8921 2286 6635 6277 1804 4061 13774 2907 2307 668 1963 1411
is_linear=0
shrinkage=0.03


Tree=143
num_leaves=31
num_cat=0
split_feature=22 21 16 21 12 16 26 10 25 10 20 29 25 26 9 28 8 25 16 2 28 8 1 28 8 14 29 10 29 20
split_gain=1009.08 302.626 193.277 127.981 82.8864 82.2503 59.0635 58.75 56.35 72.4564 74.6842 55.5929 54.0187 61.804 45.6106 82.7809 118.208 61.093 60.0548 57.5073 56.7561 81.7972 54.9369 97.4031 72.2835 59.8843 56.8865 113.904 52.9639 55.5978
threshold=0.9462517963145084 3.0937500000000004 13.385000000000003 9.9654166666666697 1.5850000000000002 3.6750000000000003 0.94828754594723541 5.5000000000000009 1.4054317475370108 8.5000000000000018 2.18430003978709 53.500000000000007 1.2001070663811568 0.94828754594723541 5.5000000000000009 942.95000000000016 11.500000000000002 2.5601204819277115 8.5450000000000017 1.2566404573965173 943.55000000000007 17.500000000000004 2.0500000000000003 962.1500000000002 14.500000000000002 0.59248066072516792 25.500000000000004 5.5000000000000009 76.500000000000014 1.5442190567616605
decision_type=2 2 8 2 10 10 2 2 2 2 2 2 2 2 2 2 2 2 8 2 2 2 2 2 2 2 2 2 2 2
left_child=1 4 6 14 5 7 -2 -1 -4 10 -10 -12 13 -5 17 16 -16 18 19 -3 21 -20 23 24 -17 -26 27 -24 29 -19
right_child=2 3 8 12 -6 -7 -8 -9 9 -11 11 -13 -14 -15 15 22 -18 28 20 -21 -22 -23 26 -25 25 -27 -28 -29 -30 -31
leaf_value=-8.7881068126917459e-05 0.00029303356530791414 -0.0001404691559073562 0.0002967078186202032 0.0004169406276237386 -8.6025713207743071e-05 8.3691340822918819e-07 0.00029776946687102733 -8.9348680207812153e-05 0.00029476318346297379 0.0002947540908142565 0.00031926611280265525 -0.00075272901818951624 0.0002792690757855404 0.00025701195388823096 -0.0020206516750406484 -0.0014345493136530627 0.0010097926119919237 -4.996766701729181e-07 0.0049053800965409367 -0.00065943822693324957 0.00019638534522617489 -0.0033401238559253891 -0.0021221670085763765 0.0012703213301628862 -0.00037527977592516148 0.0021474974400044686 0.001150984292948336 0.00073980232081278282 0.00046005019782983648 -0.0009995600620905285
leaf_weight=1905 2216 36391 773 353 9087 1143 471 2914 578 1217 203 300 8308 475 351 1220 359 1240 613 224 17296 264 201 698 300 268 6254 358 712 2626
leaf_count=1905 2216 36391 773 353 9087 1143 471 2914 578 1217 203 300 8308 475 351 1220 359 1240 613 224 17296 264 201 698 300 268 6254 358 712 2626
internal_value=0.000184851 -0.000565596 0.0123686 0.000181492 -0.00446194 -0.00720965 0.00647474 -0.00892413 0.0175065 0.0150847 0.00936464 0.000885827 0.00351821 0.0108043 -0.000258144 0.00161474 -0.00822378 -0.000574018 -0.000295658 -0.000995358 0.00111398 0.00853741 0.00236995 -0.0014452 -0.00515337 0.00366492 0.0037621 -0.00537234 -0.00390137 -0.00528546
internal_weight=99318 93560 5758 78511 15049 5962 2687 4819 3071 2298 1081 503 9136 828 69375 10009 710 59366 54788 36615 18173 877 9299 2486 1788 568 6813 559 4578 3866
internal_count=99318 93560 5758 78511 15049 5962 2687 4819 3071 2298 1081 503 9136 828 69375 10009 710 59366 54788 36615 18173 877 9299 2486 1788 568 6813 559 4578 3866
is_linear=0
shrinkage=0.03


Tree=144
num_leaves=31
num_cat=0
split_feature=21 21 16 21 28 12 28 16 26 24 26 25 1 13 10 20 12 15 25 29 20 26 28 1 28 28 8 28 29 1
split_gain=1031.79 280.77 228.486 129.874 89.936 75.4696 72.7177 67.3156 65.7209 82.5234 62.6778 59.1321 73.1043 59.4244 52.67 50.2908 49.9951 48.2665 75.5282 57.5512 48.6217 47.2905 44.3238 44.074 61.5317 43.9362 43.7417 42.7744 41.53 54.9159
threshold=11.915833333333333 3.1333333333333342 13.385000000000003 9.9654166666666697 952.6500000000002 1.8650000000000004 940.6500000000002 4.1250000000000009 -0.91702515554752051 11.250000000000002 0.94828754594723541 1.4054317475370108 13.050000000000002 10.215000000000002 8.5000000000000018 1.897946258378131 8.3950000000000014 -0.37499999999999994 2.5601204819277115 76.500000000000014 1.5669902139149332 -0.74892720285008318 953.6500000000002 -2.6499999999999999 958.85000000000002 971.6500000000002 17.500000000000004 967.1500000000002 18.500000000000004 30.950000000000003
decision_type=2 2 8 2 2 10 2 10 2 2 2 2 2 2 2 2 10 10 2 2 2 2 2 2 2 2 2 2 2 2
left_child=1 4 10 17 6 7 -1 -6 -5 16 -2 -4 13 -13 21 -7 23 27 25 20 -20 -8 -11 -10 -25 -19 -16 28 29 -3
right_child=2 3 11 8 5 15 14 -9 9 22 -12 12 -14 -15 26 -17 -18 18 19 -21 -22 -23 -24 24 -26 -27 -28 -29 -30 -31
leaf_value=-0.00026055736246537398 0.00028279691609110758 -0.0016392722667844023 0.00029205695792912433 6.7411010170770336e-05 -8.3163035750263308e-05 -7.477515893015284e-05 -0.00022581707099131754 7.811763809528482e-05 -0.0030822066435926823 0.00024444445814582214 0.00028919132713196236 0.00029426216840573391 0.00034090640875892529 0.00028591118156391258 -0.00022166568596771323 -0.00021959066872297974 0.0004310180967041477 8.2436899433619497e-05 1.4802547688083731e-05 0.0005797314344270333 -0.0010823928928535246 0.00027422898083555894 0.0003836605607534804 -0.00041834826813546774 0.00084507590245461498 0.0031532218322693276 0.00042904016583554338 -0.00086741254697759432 -0.00014460540853536137 -0.00024813015285757463
leaf_weight=497 2400 476 803 3472 4127 3643 1410 545 534 596 522 550 397 1409 1316 525 1940 42239 760 544 1792 3102 884 945 466 352 333 606 21412 682
leaf_count=497 2400 476 803 3472 4127 3643 1410 545 534 596 522 550 397 1409 1316 525 1940 42239 760 544 1792 3102 884 945 466 352 333 606 21412 682
internal_value=0.000202752 -0.000578737 0.0121706 0.000156747 -0.00426498 -0.0062476 -0.0016299 -0.00886466 0.00357951 0.00565922 0.00610864 0.0177592 0.0152986 0.0176731 -0.000734674 -0.00330697 0.00335476 -0.000282715 0.000282982 -0.00423734 -0.00612436 0.000943104 0.0116768 -4.61538e-05 0.00273305 0.000612029 -0.00531439 -0.0013977 -0.00118538 -0.00670679
internal_weight=99279 93198 6081 77700 15498 8840 6658 4672 8837 5365 2922 3159 2356 1959 6161 4168 3885 68863 45687 3096 2552 4512 1480 1945 1411 42591 1649 23176 22570 1158
internal_count=99279 93198 6081 77700 15498 8840 6658 4672 8837 5365 2922 3159 2356 1959 6161 4168 3885 68863 45687 3096 2552 4512 1480 1945 1411 42591 1649 23176 22570 1158
is_linear=0
shrinkage=0.03


Tree=145
num_leaves=31
num_cat=0
split_feature=22 21 16 21 28 12 26 24 16 28 28 26 12 16 25 11 1 9 26 24 16 28 1 9 1 27 26 26 1 28
split_gain=1037.33 268.336 223.064 154.965 96.0525 75.6237 69.8903 130.416 63.7619 60.63 53.3992 52.0749 49.6606 46.8708 70.1647 60.3845 53.2169 56.6637 48.1638 50.0569 51.8849 49.6081 67.5562 45.0581 85.0575 50.145 57.7736 43.94 43.1435 47.6939
threshold=0.96664622709285053 3.1333333333333342 13.385000000000003 9.8970833333333346 952.6500000000002 1.905 -0.91702515554752051 11.250000000000002 3.7250000000000005 939.95000000000016 950.85000000000002 0.94828754594723541 8.4850000000000012 8.4550000000000018 2.090431610105322 3.3250000000000006 1.0000000180025095e-35 1.5000000000000002 0.79332313182700753 5.4500000000000011 11.115 957.85000000000002 1.4500000000000002 1.0000000180025095e-35 30.750000000000004 0.36648727148060622 -0.94260559819261247 0.93663652364155514 -2.4499999999999997 958.75000000000011
decision_type=2 2 8 2 2 8 2 2 10 2 2 2 10 8 2 10 2 2 2 2 10 2 2 2 2 2 2 2 2 2
left_child=1 4 11 13 9 8 -5 12 -6 -1 -9 -2 28 15 18 -3 17 -17 -15 -20 21 22 -21 24 25 26 -18 -22 -8 -30
right_child=2 3 -4 6 5 -7 7 10 -10 -11 -12 -13 -14 14 -16 16 23 -19 19 20 27 -23 -24 -25 -26 -27 -28 -29 29 -31
leaf_value=-0.00025035071625863599 0.00027242103085773294 6.8798349851067334e-05 0.00027733413264291018 7.1300226312722697e-05 -8.0667171798299889e-05 -8.955953713448953e-05 -0.0026985572113680822 0.00019370106774248275 -7.5205558490044409e-05 -5.8261892990217474e-05 0.00033343876489887344 0.00029005026792959022 0.00031258136149785122 -5.0929732345121327e-05 -0.00048734199769560698 -0.00089866516471339211 -0.00059151838262226338 -0.00027551295899351622 -3.5213611295383253e-05 -0.006027589009737413 0.001537499413128937 0.0025012808338850546 0.0013227184076992004 -0.0003485445390451469 0.0021873839788952719 -0.001068974249725078 0.0011298066272036166 -0.00066654282845906904 -0.00047035850939917577 0.0008197236253809758
leaf_weight=319 1812 11918 2846 4191 3978 4016 653 350 826 6340 1429 351 2061 6784 7949 1212 1401 3331 2568 206 210 2089 2670 24158 435 499 2169 1064 1076 537
leaf_count=319 1812 11918 2846 4191 3978 4016 653 350 826 6340 1429 351 2061 6784 7949 1212 1401 3331 2568 206 210 2089 2670 24158 435 499 2169 1064 1076 537
internal_value=8.74785e-05 -0.000618462 0.0133845 8.966e-05 -0.00422953 -0.00628215 0.00352068 0.00556701 -0.00882096 -0.0015081 0.0123935 0.0061024 0.00274931 -0.000425089 0.000660013 -0.000991181 -0.0016486 -0.00466359 0.00182932 0.0032921 0.00474215 0.00612676 0.00356126 -0.00116999 0.0015835 0.000228277 0.00147692 -0.000656763 -0.000317041 0.00231768
internal_weight=99448 94439 5009 78960 15479 8820 10297 6106 4804 6659 1779 2163 4327 68663 23540 45123 33205 4543 15591 8807 6239 4965 2876 28662 4504 4069 3570 1274 2266 1613
internal_count=99448 94439 5009 78960 15479 8820 10297 6106 4804 6659 1779 2163 4327 68663 23540 45123 33205 4543 15591 8807 6239 4965 2876 28662 4504 4069 3570 1274 2266 1613
is_linear=0
shrinkage=0.03


Tree=146
num_leaves=31
num_cat=0
split_feature=22 12 16 21 1 21 20 10 28 9 4 23 10 29 1 28 29 9 8 29 29 14 1 8 8 27 8 9 23 8
split_gain=1031.86 264.497 229.187 139.303 108.237 76.8708 62.4855 57.8445 57.3286 68.935 72.7236 77.9367 51.3339 116.463 75.844 65.0366 49.695 64.5023 87.4039 48.4811 46.5625 45.8632 41.6798 69.7256 68.8166 54.2154 94.5631 69.8661 55.4072 81.0782
threshold=0.96664622709285053 2.7250000000000005 13.385000000000003 9.9654166666666697 22.050000000000004 1.8470833333333336 2.0473295573424468 2.5000000000000004 951.25000000000011 1.0000000180025095e-35 0.90407572892569565 6.5850000000000009 1.5000000000000002 48.500000000000007 0.65000000000000002 974.05000000000007 28.500000000000004 4.5000000000000009 6.5000000000000009 59.500000000000007 73.500000000000014 0.97247107926151621 21.650000000000002 13.500000000000002 5.5000000000000009 0.24192189559966756 12.500000000000002 1.5000000000000002 2.1850000000000005 8.5000000000000018
decision_type=2 8 8 2 2 2 2 2 2 2 2 2 2 2 2 2 2 2 2 2 2 2 2 2 2 2 2 2 2 2
left_child=1 4 6 12 5 7 21 -1 -5 20 11 -11 13 -3 15 -15 -6 -18 -19 -13 -10 -2 23 24 -14 28 -27 -28 -24 -30
right_child=2 3 -4 8 16 -7 -8 -9 9 10 -12 19 22 14 -16 -17 17 18 -20 -21 -22 -23 25 -25 -26 26 27 -29 29 -31
leaf_value=-7.8047734180117451e-05 0.00027756920409280236 -0.0017819477974985436 0.00026901410866362441 -1.4092988461755772e-05 -0.00015739002051375398 -8.6853750138407096e-05 -5.9775763930210996e-05 -8.0434427423593138e-05 -0.00072404881003778178 0.00040872053047401048 -9.6370026855902011e-05 0.00033070390900551746 0.00030805243606669557 -0.00028842260465366154 0.0016176152591785547 0.0036984100845294399 -4.5980344458052234e-05 -0.00025442574285423864 0.0025802915919811912 0.00021699134042055257 0.00060890807552733571 0.00018354543848516424 0.0003030494635625229 0.00055100744980542268 -0.00027914564985284126 0.0014678722439991165 0.00078102417974383403 -0.00041549801560309665 -0.0015941067368154087 -0.00036662114104092148
leaf_weight=450 1020 464 2860 2717 2003 13383 806 1625 703 3722 1287 908 11421 4123 713 262 2256 351 720 340 224 373 2479 14787 12978 2581 974 2650 2126 7821
leaf_count=450 1020 464 2860 2717 2003 13383 806 1625 703 3722 1287 908 11421 4123 713 262 2256 351 720 340 224 373 2479 14787 12978 2581 974 2650 2126 7821
internal_value=0.000167353 -0.00054277 0.013359 0.000304564 -0.00352907 -0.00479984 0.00605717 -0.0101683 0.00361296 0.005016 0.0061466 0.00779095 -0.000212514 -0.00296389 -0.00164609 -0.00312301 0.000157451 0.00240396 0.00844796 0.0142698 -0.0026073 0.0098927 5.24022e-05 0.000607793 -0.000377397 -0.00111558 0.00117391 -0.00195095 -0.00225887 -0.00325864
internal_weight=99127 94068 5059 73280 20788 15458 2199 2075 9901 7184 6257 4970 63379 5562 5098 4385 5330 3327 1071 1248 927 1393 57817 39186 24399 18631 6205 3624 12426 9947
internal_count=99127 94068 5059 73280 20788 15458 2199 2075 9901 7184 6257 4970 63379 5562 5098 4385 5330 3327 1071 1248 927 1393 57817 39186 24399 18631 6205 3624 12426 9947
is_linear=0
shrinkage=0.03


Tree=147
num_leaves=31
num_cat=0
split_feature=22 21 16 16 17 25 10 28 26 16 15 28 25 16 20 28 18 28 15 20 7 1 16 17 26 24 28 0 27 10
split_gain=1015.42 279.358 221.348 161.735 96.37 87.2922 79.1954 75.877 59.203 58.018 56.1149 57.7836 55.0752 52.6542 47.0837 61.1148 56.3972 52.1139 51.7792 45.786 45.0937 44.7434 43.1586 64.3997 56.4895 43.062 86.5624 65.1155 44.9931 74.3852
threshold=0.95555648399106141 2.3029166666666669 13.385000000000003 8.8650000000000002 11.315000000000003 2.090431610105322 1.5000000000000002 958.95000000000016 0.94828754594723541 15.235000000000001 0.50000000000000044 965.95000000000016 1.3714850367024283 1.0000000180025095e-35 1.5110206258827075 952.55000000000007 3.3350000000000004 957.6500000000002 -1.3450000000000004 2.0473295573424468 13.500000000000002 7.8500000000000005 6.1250000000000009 9.8650000000000002 0.9935340235047978 4.9500000000000011 942.55000000000007 5.285000000000001 0.33379414889141285 2.5000000000000004
decision_type=2 2 8 8 2 2 2 2 2 8 10 2 2 10 2 2 10 2 10 2 2 2 10 2 2 2 2 2 2 2
left_child=1 13 8 10 25 7 -7 -6 19 12 11 14 -4 -1 22 16 -16 18 -17 21 -15 -2 -3 24 -24 26 -5 -27 -29 -30
right_child=2 3 9 4 5 6 -8 -9 -10 -11 -12 -13 -14 20 15 17 -18 -19 -20 -21 -22 -23 23 -25 -26 27 -28 28 29 -31
leaf_value=-7.1336331778137579e-05 0.00029129323627132274 -8.3361075915744994e-05 0.00026045038340472227 0.0062036902631717383 0.00032210979624420431 -0.0048283492936895085 0.00045430012063199299 0.00041423611057820996 0.00026452125225755131 0.00026094368540371504 9.6307658632667148e-05 -0.00043682616678816663 0.00026094166548094264 -8.2892190605437716e-05 0.00032317097368723773 0.00040202096535107442 -0.00052208499499801131 -9.6417331961778807e-05 -0.00041767989798341106 -0.00014647903362199677 -7.5647012546335813e-05 0.00020833164511603996 0.0010768620362091796 -0.0032148623807328035 -0.0014646952245700932 0.0017891608450586174 -0.00032817532141433823 -9.198316651670257e-05 -0.0028870622636427267 0.0017234854529753309
leaf_weight=332 510 11943 452 224 5171 511 2460 3215 412 973 15506 1671 1545 1877 4376 688 5914 6687 4983 726 4151 779 5350 404 422 1425 5381 9305 314 1578
leaf_count=332 510 11943 452 224 5171 511 2460 3215 412 973 15506 1671 1545 1877 4376 688 5914 6687 4983 726 4151 779 5350 404 422 1425 5381 9305 314 1578
internal_value=0.000197301 -0.000530391 0.0128452 -8.91093e-05 0.0017155 0.003884 -0.000534274 0.0054487 0.00610609 0.0183328 -0.00101054 -0.00157482 0.0153297 -0.00659859 -0.00135019 -0.00226195 -0.000553667 -0.00368357 -0.0057981 0.00396535 -0.00594729 0.0073493 -0.000210218 0.00182495 0.00263805 0.000363646 -0.00182353 0.00133523 0.000565078 0.00477596
internal_weight=99285 93888 5397 87528 29584 11357 2971 8386 2427 2970 57944 42438 1997 6360 40767 22648 10290 12358 5671 2015 6028 1289 18119 6176 5772 18227 5605 12622 11197 1892
internal_count=99285 93888 5397 87528 29584 11357 2971 8386 2427 2970 57944 42438 1997 6360 40767 22648 10290 12358 5671 2015 6028 1289 18119 6176 5772 18227 5605 12622 11197 1892
is_linear=0
shrinkage=0.03


Tree=148
num_leaves=31
num_cat=0
split_feature=22 21 16 16 5 26 12 28 26 16 10 25 10 20 10 29 22 20 15 25 27 20 29 28 10 28 24 27 21 28
split_gain=1092.67 253.844 192.172 141.916 96.2505 67.8871 59.5526 76.046 67.045 58.9974 58.3433 56.6109 63.7654 64.6562 58.9531 55.7205 54.266 52.7626 54.6928 54.0482 62.9276 50.0517 47.2901 53.266 49.8847 54.428 55.8487 50.2067 53.8435 53.1865
threshold=0.9462517963145084 2.955833333333334 13.385000000000003 10.255000000000001 0.032478863435870899 0.94828754594723541 8.0750000000000011 955.1500000000002 -0.97625883275952019 3.6750000000000003 5.5000000000000009 1.4054317475370108 9.5000000000000018 2.356122343948889 3.5000000000000004 55.500000000000007 0.97667836273463549 0.97399092706916612 -0.37499999999999994 2.5601204819277115 -0.35836794954530043 1.3882422939208536 20.500000000000004 952.45000000000016 2.5000000000000004 953.45000000000016 6.1500000000000012 -0.017452406437283484 10.823333333333334 960.05000000000007
decision_type=2 2 8 8 2 2 8 2 2 10 2 2 2 2 2 2 2 2 10 2 2 2 2 2 2 2 2 2 2 2
left_child=1 4 5 17 9 -2 -5 -8 21 10 -1 -4 13 14 -13 -15 -14 18 -3 22 -21 -9 23 -19 25 26 -24 28 -26 -29
right_child=2 3 11 6 -6 -7 7 8 -10 -11 -12 12 16 15 -16 -17 -18 19 -20 20 -22 -23 24 -25 27 -27 -28 29 -30 -31
leaf_value=-7.3667683174696337e-05 0.00025867980545238534 -0.00022468530958123843 0.00025424023607692356 0.00023306458493941085 -6.4205356454853291e-05 0.00025658561468982599 0.00017629350035835767 -0.0012126757370183256 0.00035179001906688657 -6.7321144531084571e-05 -7.5269701663182066e-05 0.00025315997674938974 0.00025188993258342784 0.00030995042059145047 0.00025261270672769285 -0.0010981223073863776 0.00025311537484160263 -0.00053124746333404419 0.00056394675972400328 0.0010246623048240015 -0.00058848946929928952 0.00041276697847833439 -0.00033746756592298446 -0.0017286326920097344 -0.00026717156620542772 -0.00020901965872529877 0.0035106418330800651 4.7011422175223702e-05 0.0022524128966762429 0.0010989808159687885
leaf_weight=2408 2228 4773 770 10556 5789 465 3686 289 2994 1349 3868 451 422 200 295 259 700 2506 7185 586 3821 260 304 387 18811 6158 295 13506 380 3515
leaf_count=2408 2228 4773 770 10556 5789 465 3686 289 2994 1349 3868 451 422 200 295 259 700 2506 7185 586 3821 260 304 387 18811 6158 295 13506 380 3515
internal_value=0.0001669 -0.00061714 0.0128076 2.32451e-05 -0.0044355 0.00692735 0.00238617 0.004483 0.00761838 -0.00664875 -0.00787136 0.0179014 0.0155017 0.0106364 0.0160586 0.00174569 0.0206566 -0.000652237 0.00113851 -0.00107829 -0.00424977 -0.00200361 -0.000773105 -0.0044824 -0.000522874 -0.0028882 0.00571192 -8.11773e-05 -0.00113305 0.00110478
internal_weight=99216 93426 5790 80012 13414 2693 17785 7229 3543 7625 6276 3097 2327 1205 746 459 1122 62227 11958 50269 4407 549 45862 2893 42969 6757 599 36212 19191 17021
internal_count=99216 93426 5790 80012 13414 2693 17785 7229 3543 7625 6276 3097 2327 1205 746 459 1122 62227 11958 50269 4407 549 45862 2893 42969 6757 599 36212 19191 17021
is_linear=0
shrinkage=0.03


Tree=149
num_leaves=31
num_cat=0
split_feature=22 21 16 21 8 17 10 10 16 15 29 25 2 16 14 16 25 10 1 2 10 5 17 10 10 24 16 1 17 9
split_gain=1010.71 263.463 221.546 145.839 60.7937 69.8661 113.071 63.7025 96.3718 74.374 66.662 76.4289 59.8958 55.9536 55.6803 55.3359 58.8367 53.6899 66.5707 50.7724 61.0889 63.4571 56.1521 49.5554 60.9851 96.947 79.0703 60.9847 59.3512 79.5616
threshold=0.95555648399106141 2.3029166666666669 13.385000000000003 9.9654166666666697 14.500000000000002 3.2150000000000003 3.5000000000000004 2.5000000000000004 3.5550000000000002 -0.37499999999999994 57.500000000000007 1.1574329854716596 1.2061729657137459 1.0000000180025095e-35 0.78249600637958361 15.235000000000001 1.3714850367024283 8.5000000000000018 -3.2499999999999996 1.1669755372839243 4.5000000000000009 0.60893718589071855 10.995000000000003 8.5000000000000018 7.5000000000000009 7.2500000000000009 8.8650000000000002 27.450000000000003 9.0550000000000015 1.5000000000000002
decision_type=2 2 8 2 2 2 2 2 10 10 2 2 2 10 2 8 2 2 2 2 2 2 2 2 2 2 8 2 2 2
left_child=1 13 14 4 7 6 -6 10 -9 -10 11 -3 -12 -1 -2 16 -4 19 -19 20 -11 22 -22 24 26 -26 27 -7 29 -28
right_child=2 3 15 -5 5 23 -8 8 9 17 12 -13 -14 -15 -16 -17 -18 18 -20 -21 21 -23 -24 -25 25 -27 28 -29 -30 -31
leaf_value=-6.6935009735630767e-05 0.00024797441251727336 0.00098137188514848335 0.00024505556415881698 0.00022950679180579913 0.00087023728132919957 -0.00011380191596308914 -0.00032633021043099262 -0.0001737355910461337 -0.00037464727523533206 -0.0004565772161189861 0.0011971444581464305 -0.001471268131634323 -0.00013304043148084041 -7.2095279792224688e-05 0.00012029524933500402 0.00024553632966717754 0.00024551801283911987 0.0027800487790473338 -0.0002837970400618936 0.0019744620960970329 0.00080070779461772579 -0.0016400503554528617 0.0050009698300752959 0.00075524994014418054 0.00029417324033764541 -0.0022355146995102241 -0.0013029146680670026 0.00068608981747584447 0.0023839498030628504 0.0012740569313271163
leaf_weight=334 1359 200 439 9536 1035 6715 3840 9396 10065 2596 546 719 6114 5934 1080 992 1564 723 8626 1987 5851 1060 392 8889 1470 1337 515 2843 2229 804
leaf_count=334 1359 200 439 9536 1035 6715 3840 9396 10065 2596 546 719 6114 5934 1080 992 1564 723 8626 1987 5851 1060 392 8889 1470 1337 515 2843 2229 804
internal_value=0.000135491 -0.00059385 0.0127082 -0.000168013 -0.000596483 0.000472003 -0.00280943 -0.00125331 -0.000782782 1.72496e-05 -0.00377769 -0.0113312 -0.00272768 -0.00653276 0.00597791 0.01817 0.0152241 0.00102401 -0.000676716 0.00236145 0.00148122 0.00288588 0.00403809 0.00111743 0.000114964 -0.00389403 0.000974754 -0.000445467 0.00479595 -0.000249245
internal_weight=99190 93756 5434 87488 77952 29677 4875 48275 40696 31300 7579 919 6660 6268 2439 2995 2003 21235 9349 11886 9899 7303 6243 24802 15913 2807 13106 9558 3548 1319
internal_count=99190 93756 5434 87488 77952 29677 4875 48275 40696 31300 7579 919 6660 6268 2439 2995 2003 21235 9349 11886 9899 7303 6243 24802 15913 2807 13106 9558 3548 1319
is_linear=0
shrinkage=0.03


Tree=150
num_leaves=31
num_cat=0
split_feature=22 21 16 21 26 15 16 16 25 15 20 10 10 20 16 26 3 25 26 8 24 10 25 10 16 10 29 10 8 26
split_gain=1024.92 256.361 229.864 156.185 69.2879 66.6245 60.4534 56.4407 61.2907 50.0623 46.8328 51.3806 46.4571 74.0183 42.2806 55.5573 41.9515 40.4946 85.3472 92.545 94.1221 66.1385 55.324 50.3074 67.0417 49.4155 110.044 39.1239 43.2203 42.968
threshold=0.9462517963145084 2.2641666666666684 13.385000000000003 8.078055555555558 0.94828754594723541 -0.96999999999999975 1.0000000180025095e-35 15.235000000000001 1.3714850367024283 0.50000000000000044 2.3833484847772417 10.500000000000002 9.5000000000000018 2.356122343948889 3.6750000000000003 -0.7603770116708749 8.8059685229116216 2.0088365434669448 0.79332313182700753 14.500000000000002 14.050000000000002 3.5000000000000004 1.5937171052631582 2.5000000000000004 12.055000000000001 1.5000000000000002 76.500000000000014 4.5000000000000009 4.5000000000000009 0.96359376111369366
decision_type=2 2 8 2 2 10 10 8 2 10 2 2 2 2 8 2 2 2 2 2 2 2 2 2 10 2 2 2 2 2
left_child=1 6 4 9 10 -5 -1 8 -4 14 11 -2 13 -10 15 -3 -16 18 22 20 23 -21 -7 24 -20 26 -19 28 -27 -29
right_child=2 3 7 5 -6 17 -8 -9 12 -11 -12 -13 -14 -15 16 -17 -18 25 19 21 -22 -23 -24 -25 -26 27 -28 29 -30 -31
leaf_value=-6.4978161037483601e-05 0.00022023442603522292 -0.00014951673040203249 0.00023773926499165486 -0.00086754752811312114 0.00024041456477339352 -0.00019092290260507738 -7.0310114083872838e-05 0.00023817023977716232 0.00023815247245394632 6.5424031054891476e-05 -0.00051443939374185455 0.00033039857836172578 0.00023816585705303204 -0.00044512974896918967 -0.00011585340578882385 -5.7067128029823703e-05 -0.0034345252848901561 -0.0029970872099953981 9.1285081524720139e-05 0.0013385775664126786 0.00088454583082813842 0.00037206648728630885 0.0011956078766330229 0.00027862031925690031 -0.0039549464684213538 0.0023592658254616562 0.0038696522800367003 0.0012716542021376552 0.00028004511398001752 -0.00094396177485249033
leaf_weight=323 1222 5101 462 2649 469 4603 5591 1011 561 16734 589 375 738 340 34877 6631 397 751 945 902 313 1149 2674 3375 297 756 246 1959 1011 2278
leaf_count=323 1222 5101 462 2649 469 4603 5591 1011 561 16734 589 375 738 340 34877 6631 397 751 945 902 313 1149 2674 3375 297 756 246 1959 1011 2278
internal_value=0.00022077 -0.000536086 0.0124896 -0.000128005 0.00598872 0.00193953 -0.00657881 0.0180173 0.0151425 -0.0009036 0.00372433 0.00638577 0.012354 0.00771523 -0.0014052 -0.00296498 -0.00088608 0.00249859 0.00341583 0.00578443 0.00355015 0.0111333 0.00114117 0.00245997 -0.00269447 0.00062946 -0.00553892 0.00165751 0.00540068 9.19378e-05
internal_weight=99329 93562 5767 87648 2655 23908 5914 3112 2101 63740 2186 1597 1639 901 47006 11732 35274 21259 14258 6981 4930 2051 7277 4617 1242 7001 997 6004 1767 4237
internal_count=99329 93562 5767 87648 2655 23908 5914 3112 2101 63740 2186 1597 1639 901 47006 11732 35274 21259 14258 6981 4930 2051 7277 4617 1242 7001 997 6004 1767 4237
is_linear=0
shrinkage=0.03


Tree=151
num_leaves=31
num_cat=0
split_feature=22 12 16 22 1 16 26 25 1 8 28 10 9 29 28 1 28 10 25 26 10 25 24 28 8 10 16 29 24 20
split_gain=1010.83 222.8 213.609 123.692 120.644 79.2482 78.2588 61.3622 59.781 58.4213 89.411 109.206 169.966 102.316 96.317 88.4272 87.8551 104.432 85.2937 82.7972 100.279 76.8041 75.8308 70.0872 94.544 92.3193 72.1198 65.7586 71.8663 64.4291
threshold=0.95555648399106141 1.8650000000000004 13.385000000000003 0.87751739695709718 22.050000000000004 3.6750000000000003 0.94828754594723541 1.1825669610048959 23.950000000000003 14.500000000000002 953.45000000000016 6.5000000000000009 4.5000000000000009 93.500000000000014 942.55000000000007 17.650000000000002 943.95000000000016 4.5000000000000009 2.0151286276663929 -0.73724926354828224 9.5000000000000018 1.419706410884735 4.7500000000000009 960.1500000000002 5.5000000000000009 2.5000000000000004 7.5550000000000006 81.500000000000014 3.5500000000000003 2.356122343948889
decision_type=2 8 8 2 2 10 2 2 2 2 2 2 2 2 2 2 2 2 2 2 2 2 2 2 2 2 10 2 2 2
left_child=1 4 6 9 5 -1 -2 -5 -9 10 11 12 14 23 -3 21 -14 -18 -19 20 -13 -11 -16 24 27 -25 -27 28 -12 -29
right_child=2 3 -4 7 -6 -7 -8 8 -10 15 13 19 16 -15 22 -17 17 18 -20 -21 -22 -23 -24 25 -26 26 -28 29 -30 -31
leaf_value=-6.7442717955513938e-05 0.00022540856283934541 0.0082615493651670528 0.00023101083819421331 0.00030057098546031334 0.00015680468272318392 -0.00013296127743544819 0.00023520615501198216 0.00026295275428894592 -0.00097104780740481114 0.00094101284660389362 -0.00019942636048173447 -0.00052808974287355426 -0.0015359923670619532 0.0027321616071088383 3.9828469935078297e-05 -0.00019816264746448818 -0.0010580297646347187 0.0043342499333706265 -0.0013741472997893652 0.00011955849302869149 0.0020248091841661613 0.00018344430551436392 0.002542126164056554 -0.00017725363125186964 -0.00041444676562532828 -9.3931130059043741e-05 0.0017176402027265891 -0.0012373542684421272 0.00087051548351394501 0.00057836301455970103
leaf_weight=5716 1998 290 2982 502 2701 3211 424 7454 756 4018 1304 5471 333 299 2347 12629 1306 569 331 7096 794 11142 3431 3423 8412 3122 2570 580 3134 271
leaf_count=5716 1998 290 2982 502 2701 3211 424 7454 756 4018 1304 5471 333 299 2347 12629 1306 569 331 7096 794 11142 3431 3423 8412 3122 2570 580 3134 271
internal_value=0.000159398 -0.000572213 0.0127676 -1.83848e-05 -0.00445629 -0.00613636 0.00613103 0.00335895 0.00273159 -0.000422355 -0.0010892 0.000281254 0.0029157 -0.00239144 0.00564136 0.000659495 -0.0035967 -0.00141113 0.00643094 -0.00141628 -0.00392823 0.00220376 0.00478298 -0.00262127 -0.00397709 -0.000582237 0.00175882 -0.000833019 0.000634706 -0.00844626
internal_weight=98616 93212 5404 81584 11628 8927 2422 8712 8210 72872 45083 21968 8607 23115 6068 27789 2539 2206 900 13361 6265 15160 5778 22816 13701 9115 5692 5289 4438 851
internal_count=98616 93212 5404 81584 11628 8927 2422 8712 8210 72872 45083 21968 8607 23115 6068 27789 2539 2206 900 13361 6265 15160 5778 22816 13701 9115 5692 5289 4438 851
is_linear=0
shrinkage=0.03


Tree=152
num_leaves=31
num_cat=0
split_feature=22 16 5 1 17 16 29 26 28 28 28 1 20 2 29 10 25 16 25 6 1 29 2 2 20 26 8 1 28 28
split_gain=1039.5 222.458 195.249 150.762 133.78 83.9388 71.8216 62.91 61.3432 69.0866 70.4495 70.753 59.5774 54.9185 54.7413 50.4614 48.2431 45.5193 49.6269 44.2674 44.2262 73.0085 43.9571 42.9665 44.7677 48.5306 39.8791 86.0583 89.9377 70.349
threshold=0.95555648399106141 13.385000000000003 0.027770655685583772 21.350000000000005 11.365 8.9550000000000018 92.500000000000014 0.94828754594723541 958.95000000000016 956.45000000000016 950.45000000000016 -0.24999999999999997 1.4897706750141839 1.1678005465523333 53.500000000000007 4.5000000000000009 2.3203294101731609 15.235000000000001 1.3714850367024283 1.5000000000000002 -2.2499999999999996 73.500000000000014 1.2272317076403223 1.1499156780576987 2.2476422830396534 0.90992662233962551 14.500000000000002 20.750000000000004 946.1500000000002 952.55000000000007
decision_type=2 8 2 2 2 8 2 2 2 2 2 2 2 2 2 2 2 8 2 2 2 2 2 2 2 2 2 2 2 2
left_child=2 7 3 12 6 15 26 -2 9 10 11 -7 20 -11 -13 -6 -10 18 -3 -5 -1 -22 -14 -20 -25 -26 29 28 -28 -4
right_child=1 17 4 19 5 8 -8 -9 16 13 -12 14 22 -15 -16 -17 -18 -19 23 -21 21 -23 -24 24 25 -27 27 -29 -30 -31
leaf_value=-6.4891435661080114e-05 0.00022265498840821294 0.000223595494799933 -1.3771207325668222e-05 -0.0002130008573588498 -0.0034890750613972375 -0.0035416598518559082 0.0018928030807368805 0.00022614594317983292 0.00036266491579143635 0.00026258878285360997 0.00055406214840141737 -0.00045826989353906053 -8.4314728191412083e-05 -0.0020820893471621394 0.0022128258892220808 4.6248535333904825e-05 -0.0012984479746420219 0.00022408039136719848 7.5959186141282274e-05 0.00053966525184333399 -6.9614670231040197e-05 0.0001144521980371151 5.8106586294209852e-05 0.00022412473774229057 -0.00022225856115104192 0.00022409228959247018 0.0053149640408530555 -0.00024549893076602483 0.00016478312023021212 -0.00013554129019225259
leaf_weight=506 2013 453 20271 455 605 249 596 409 3609 425 3504 1037 3087 1300 408 1493 241 974 214 1560 1674 501 640 637 204 499 360 10950 16810 23474
leaf_count=506 2013 453 20271 455 605 249 596 409 3609 425 3504 1037 3087 1300 408 1493 241 974 214 1560 1674 501 640 637 204 499 360 10950 16810 23474
internal_value=6.41368e-05 0.0128532 -0.000673528 -0.00502966 -0.000243271 0.00257456 -0.000743935 0.00608158 0.00364353 0.00195294 0.00367865 -0.00134197 -0.00727896 -0.00324277 0.00122069 -0.00291013 0.00667704 0.0183356 0.015671 0.00212376 -0.0106888 -0.00879358 -0.00481511 0.0130468 0.0150335 0.00970339 -0.000830249 5.12e-05 0.00137642 -0.0013968
internal_weight=99158 5403 93755 8423 85332 12871 72461 2422 10773 6923 5198 1694 6408 1725 1445 2098 3850 2981 2007 2015 2681 2175 3727 1554 1340 703 71865 28120 17170 43745
internal_count=99158 5403 93755 8423 85332 12871 72461 2422 10773 6923 5198 1694 6408 1725 1445 2098 3850 2981 2007 2015 2681 2175 3727 1554 1340 703 71865 28120 17170 43745
is_linear=0
shrinkage=0.03


Tree=153
num_leaves=31
num_cat=0
split_feature=22 21 16 21 26 10 28 28 1 26 28 8 10 29 16 29 16 21 8 29 16 25 20 7 17 23 28 29 8 23
split_gain=947.254 224.512 221.178 135.294 73.0668 67.1891 61.7758 54.1856 75.4332 60.7174 72.4803 65.9996 103.418 85.7949 55.9552 52.3404 66.7316 51.5491 50.8223 63.1004 49.4561 56.2143 49.0652 48.4971 47.118 46.2766 45.9546 170.268 85.1042 82.4982
threshold=0.95555648399106141 2.21763888888889 13.385000000000003 8.1158333333333363 0.94828754594723541 4.5000000000000009 975.35000000000002 948.95000000000016 -0.44999999999999996 -0.91702515554752051 953.45000000000016 11.500000000000002 1.5000000000000002 68.500000000000014 9.2650000000000023 78.500000000000014 9.5950000000000006 1.8470833333333336 14.500000000000002 49.500000000000007 15.235000000000001 1.3714850367024283 4.0352586653109883 13.500000000000002 10.525 0.31000000000000005 952.55000000000007 25.500000000000004 13.500000000000002 2.7850000000000006
decision_type=2 2 8 2 2 2 2 2 2 2 2 2 2 2 10 2 10 2 2 2 8 2 2 2 2 2 2 2 2 2
left_child=1 5 4 26 -2 17 7 8 -5 10 18 12 13 -11 24 -13 -17 -1 -9 -20 21 -4 -14 -7 -12 -25 -3 -28 -29 -30
right_child=2 3 20 6 -6 23 -8 9 -10 11 14 15 22 -15 -16 16 -18 -19 19 -21 -22 -23 -24 25 -26 -27 27 28 29 -31
leaf_value=-6.318856452375098e-05 0.00021304874336741385 -1.0384163903464812e-05 0.00021690388657905402 -0.0035834437112488731 0.00022054446216962175 -7.8902943129674873e-05 0.0011569903838406785 0.0026082091071612822 -0.00014559030069244083 -0.0036325324498303921 -0.00186455523174325 0.00031830519825394089 0.00033604212013309764 -8.4995032420869248e-05 4.0406227650287007e-05 0.00063027374975377414 0.0037953931065712598 -6.062732325190225e-05 0.00077269182893723975 -0.0042463711633320342 0.00021735797962618152 0.00021735774436061115 0.0024799077505858491 -6.7315360661300265e-05 -0.0048234704657316753 -2.9352764015921305e-05 -0.00068341847573324022 -0.00011851812641012794 -7.4870259177359417e-05 0.00075263863342969848
leaf_weight=906 2026 30484 467 240 415 1185 200 1123 3984 444 924 5294 6388 709 2285 204 348 793 767 406 969 1520 202 222 492 2342 993 19561 7892 5589
leaf_count=906 2026 30484 467 240 415 1185 200 1123 3984 444 924 5294 6388 709 2285 204 348 793 767 406 969 1520 202 222 492 2342 993 19561 7892 5589
internal_value=0.000162409 -0.000539784 0.0123787 -0.000175865 0.00567866 -0.00644783 0.00174641 0.00160487 -0.00147553 0.00226941 -0.000244918 0.0033787 0.0015604 -0.00670984 -0.00284134 0.00578363 0.0145422 -0.0113908 0.00393742 -0.000432937 0.0178926 0.0151054 0.00301137 -0.00419552 -0.00751583 -0.00186843 -0.000891296 -0.00164894 -0.00128 0.000553908
internal_weight=99374 93977 5397 88529 2441 5448 24010 23810 4224 19586 5997 13589 7743 1153 3701 5846 552 1699 2296 1173 2956 1987 6590 3749 1416 2564 64519 34035 33042 13481
internal_count=99374 93977 5397 88529 2441 5448 24010 23810 4224 19586 5997 13589 7743 1153 3701 5846 552 1699 2296 1173 2956 1987 6590 3749 1416 2564 64519 34035 33042 13481
is_linear=0
shrinkage=0.03


Tree=154
num_leaves=31
num_cat=0
split_feature=22 21 16 12 26 21 10 8 3 20 25 29 26 28 9 12 10 10 17 28 10 21 10 18 8 27 28 2 29 9
split_gain=1004.19 228.902 216.854 117.104 66.237 60.5607 57.5521 54.4954 53.0734 54.7835 59.2341 65.0299 111.14 77.3804 124.805 62.1582 51.6999 51.2566 50.509 59.5483 50.3885 49.0265 48.4116 83.7636 77.9188 77.2112 71.3611 67.2642 83.6296 66.5847
threshold=0.9462517963145084 2.2641666666666684 13.385000000000003 8.0750000000000011 0.94828754594723541 13.128333333333336 3.5000000000000004 13.500000000000002 8.3927221633370159 4.0352586653109883 1.4608431069573686 27.500000000000004 0.8869770585236475 952.55000000000007 1.0000000180025095e-35 2.3150000000000004 7.5000000000000009 8.5000000000000018 12.705000000000002 947.85000000000002 7.5000000000000009 1.790416666666667 2.5000000000000004 8.5950000000000006 16.500000000000004 0.19936034309715231 954.1500000000002 1.2272317076403223 63.500000000000007 1.5000000000000002
decision_type=2 2 8 8 2 2 2 2 2 2 2 2 2 2 2 10 2 2 2 2 2 2 2 10 2 2 2 2 2 2
left_child=1 6 4 8 -2 -4 7 -1 9 10 11 13 -13 14 20 -14 -16 -15 19 -17 -3 -9 24 27 25 29 -25 -24 -29 -12
right_child=2 3 5 -5 -6 -7 -8 21 -10 -11 22 12 15 17 16 18 -18 -19 -20 -21 -22 -23 23 26 -26 -27 -28 28 -30 -31
leaf_value=-6.0891563404930589e-05 0.00021154109683668042 0.0025738167863840287 0.00020833235726913312 0.00023586424056649735 0.00021392812830453467 0.00021083734540693899 -6.2069628195921055e-05 -6.5043551484109553e-05 -0.0024092190416777834 0.00096199029756193432 -0.00059693945869374618 -1.9609417881913255e-05 -8.9186836908637806e-05 -0.00072158803480262866 -1.2650134126051329e-05 -0.00021409769862914567 -0.00050177011451212929 0.00041692467840750091 -0.00050462378811801708 0.0015888595158847539 0.00022254959058420402 6.5638105968518571e-05 -0.00019165476774423906 -0.0012723132424141469 5.7857332262441808e-05 -0.0007687436840310974 0.0029963620306308037 0.0053389782151395358 0.00056326755853779826 -2.4506596423398454e-05
leaf_weight=764 2223 386 1033 15606 470 2087 4501 225 1439 2667 966 14028 1038 831 3160 690 1850 299 334 3833 304 398 30304 471 2637 1768 1063 212 872 2591
leaf_count=764 2223 386 1033 15606 470 2087 4501 225 1439 2667 966 14028 1038 831 3160 690 1850 299 334 3833 304 398 30304 471 2637 1768 1063 212 872 2591
internal_value=0.00015446 -0.000600051 0.0122465 -0.000213957 0.00599333 0.0176256 -0.00632276 -0.0116595 -0.000726292 -0.00060931 -0.000775701 0.000321773 0.00118778 -0.00220337 -0.000778265 0.00464237 -0.00242871 -0.00935683 0.00606541 0.00689708 0.0111367 -0.00501592 -0.0014938 -0.000985817 -0.00359232 -0.00567917 0.00584795 -0.00132068 0.00600551 -0.00312465
internal_weight=99050 93237 5813 87349 2693 3120 5888 1387 71743 70304 67637 26753 19923 6830 5700 5895 5010 1130 4857 4523 690 623 40884 32922 7962 5325 1534 31388 1084 3557
internal_count=99050 93237 5813 87349 2693 3120 5888 1387 71743 70304 67637 26753 19923 6830 5700 5895 5010 1130 4857 4523 690 623 40884 32922 7962 5325 1534 31388 1084 3557
is_linear=0
shrinkage=0.03


Tree=155
num_leaves=31
num_cat=0
split_feature=21 16 21 12 12 15 16 10 17 16 4 27 18 8 10 28 20 28 24 8 11 16 10 29 10 9 23 28 27 10
split_gain=919.276 246.653 202.866 86.4831 82.6689 70.3481 59.6897 61.9435 56.2372 53.8978 53.7504 44.0951 40.7929 88.9284 78.4832 44.5318 42.256 40.4727 50.5106 79.9695 38.845 54.745 54.0976 50.5163 43.2943 64.2846 59.8263 58.0909 50.3385 71.0531
threshold=11.915833333333333 13.385000000000003 3.0937500000000004 8.0750000000000011 1.5850000000000002 -1.2799999999999994 3.6750000000000003 5.5000000000000009 11.665000000000001 15.235000000000001 0.67887930487245018 -0.92384435400961373 8.5950000000000006 13.500000000000002 9.5000000000000018 954.85000000000002 2.3960036171369472 962.1500000000002 11.750000000000002 18.500000000000004 3.3450000000000002 9.4050000000000029 9.5000000000000018 80.500000000000014 8.5000000000000018 1.0000000180025095e-35 4.785000000000001 945.95000000000016 -0.50751903745502724 11.500000000000002
decision_type=2 8 2 8 10 10 10 2 2 8 2 2 8 2 2 2 2 2 2 2 10 8 2 2 2 2 2 2 2 2
left_child=2 5 4 10 6 -2 7 -1 -7 17 12 -6 20 14 16 -16 -14 18 -3 -20 -4 24 -23 -24 25 26 -22 -26 29 -29
right_child=1 9 3 -5 11 8 -8 -9 -10 -11 -12 -13 13 -15 15 -17 -18 -19 19 -21 21 22 23 -25 27 -27 -28 28 -30 -31
leaf_value=-6.0397103567735779e-05 -0.001864889173247774 0.00019525463568688617 7.781975532812613e-05 0.00022752517379361124 0.00074997117136765042 -0.00048733870313960814 -3.8485711781424641e-05 -6.0580292965189183e-05 0.00021784428130101728 0.00020451211987518759 -0.0023369424704274499 -6.1265976324341825e-05 -0.0037927217539920183 0.0024469751497834024 -0.0012341438451417218 0.0023151687075050331 -0.00096312137805852952 0.00020412023815170765 0.00021130172488723509 -0.00040301583989353905 -5.8622947874520087e-05 0.00060508258215514522 -0.00095096378638065524 0.0041976247583134707 0.0055737708315940493 -0.00047081407767241473 0.002389412661957073 0.001858748198309072 -0.00026552559260584299 -0.00064655128270021316
leaf_weight=1886 292 384 13978 15460 480 393 1102 2916 2231 1005 1468 8483 210 1231 387 600 359 426 1101 212 2587 8046 3207 315 293 18193 657 1139 9452 488
leaf_count=1886 292 384 13978 15460 480 393 1102 2916 2231 1005 1468 8483 210 1231 387 600 359 426 1101 212 2587 8046 3207 315 293 18193 657 1139 9452 488
internal_value=0.000134261 0.0114664 -0.000603279 8.45341e-06 -0.00381455 0.00517631 -0.00656964 -0.00801331 0.0067326 0.0173125 -0.000487743 -0.0019971 -0.000351285 0.00319126 -0.00157591 0.00353831 -0.0104007 0.0145348 0.0123913 0.0151821 -0.000520733 -0.000955117 0.000819148 -0.00227956 -0.00158073 -0.00237431 0.00151431 -8.43808e-05 -0.000435763 0.00443015
internal_weight=98981 6044 92937 78070 14867 2916 5904 4802 2624 3128 62610 8963 61142 2787 1556 987 569 2123 1697 1313 58355 44377 11568 3522 32809 21437 3244 11372 11079 1627
internal_count=98981 6044 92937 78070 14867 2916 5904 4802 2624 3128 62610 8963 61142 2787 1556 987 569 2123 1697 1313 58355 44377 11568 3522 32809 21437 3244 11372 11079 1627
is_linear=0
shrinkage=0.03


Tree=156
num_leaves=31
num_cat=0
split_feature=22 21 26 21 21 28 1 20 27 28 29 8 23 26 2 11 11 28 28 1 15 28 27 9 0 1 29 28 1 11
split_gain=1036.54 219.585 113.577 132.544 95.2231 75.388 66.6302 58.6834 54.6631 48.4713 110.463 113.435 94.7001 108.268 71.3489 62.5544 60.805 55.4409 55.3162 61.4955 51.9717 51.4799 52.3169 49.7077 58.9661 48.886 51.8138 46.9807 53.2079 54.1706
threshold=0.95555648399106141 2.2641666666666684 0.94828754594723541 13.128333333333336 7.6775000000000011 975.35000000000002 7.8500000000000005 2.3704553005904709 -0.10452846326765344 953.05000000000007 25.500000000000004 13.500000000000002 2.7850000000000006 0.90255091666790865 1.1317943610588868 8.7050000000000018 3.5450000000000004 968.35000000000002 960.05000000000007 3.8500000000000001 -1.2499999999999996 967.6500000000002 0.06104621499353461 2.5000000000000004 4.4250000000000007 -1.0000000180025095e-35 83.500000000000014 955.55000000000007 9.8500000000000032 6.6650000000000009
decision_type=2 2 2 2 2 2 2 2 2 2 2 2 2 2 2 10 10 2 2 2 10 2 2 2 2 2 2 2 2 10
left_child=1 8 3 -2 9 -6 7 -5 -1 15 -11 16 14 23 -13 -3 -12 20 27 21 -16 22 -20 -14 -25 -22 -27 28 29 -18
right_child=2 4 -4 6 5 -7 -8 -9 -10 10 11 12 13 -15 17 -17 18 -19 19 -21 25 -23 -24 24 -26 26 -28 -29 -30 -31
leaf_value=-5.6669160329535905e-05 0.00018292130808549855 2.6055926321017844e-05 0.00019851278256248327 0.0001983764256834819 0.00015521993890256323 0.0013855390112644161 0.00020957073286840267 0.00019837642290179035 -5.7650753257098682e-05 -0.00052273022413802271 -2.663970322302471e-05 -0.00096574285259959695 -0.00040606220087490764 0.0025378611565611293 0.0019251826941853935 -0.0021761147608201337 -0.00071290100718129977 0.0045662101292784363 0.000325467988516655 0.0011647560243634996 -0.00014061448058993065 -0.0012136116873560565 -0.00072710300220743724 0.002216140797487031 0.00042474142993200457 -7.4035473362858153e-05 0.0028193012335283982 -0.00095750964634724379 2.613874954339429e-05 0.00067626136272736696
leaf_weight=2366 1578 29045 1482 789 27839 230 1324 276 3521 797 7228 319 1441 1177 527 815 893 203 1335 925 2109 423 1284 377 1540 3788 269 3261 1527 200
leaf_count=2366 1578 29045 1482 789 27839 230 1324 276 3521 797 7228 319 1441 1177 527 815 893 203 1335 925 2109 423 1284 377 1540 3788 269 3261 1527 200
internal_value=0.000131051 -0.000610954 0.0128438 0.0101737 -0.000233676 0.00120645 0.0146241 0.020215 -0.0062169 -0.000913293 -0.00177299 -0.00146717 0.000801361 0.00419604 -0.0013338 -6.02712e-05 -0.00302793 -0.000686857 -0.00456105 -0.00182024 -0.00116005 -0.00387923 -0.00229802 0.00144514 0.00460458 -0.00193486 -7.38552e-06 -0.00640673 -0.00340571 -0.00844262
internal_weight=98888 93439 5449 3967 87552 28069 2389 1065 5887 59483 29623 28826 11750 4535 7215 29860 17076 6896 9848 3967 6693 3042 2619 3358 1917 6166 4057 5881 2620 1093
internal_count=98888 93439 5449 3967 87552 28069 2389 1065 5887 59483 29623 28826 11750 4535 7215 29860 17076 6896 9848 3967 6693 3042 2619 3358 1917 6166 4057 5881 2620 1093
is_linear=0
shrinkage=0.03


Tree=157
num_leaves=31
num_cat=0
split_feature=22 21 16 21 26 19 16 28 27 28 9 28 28 1 9 18 1 12 21 6 20 11 1 27 16 1 3 13 24 16
split_gain=982.758 225.016 214.788 107.287 59.6094 57.275 57.2716 50.4267 48.3148 44.7001 48.1031 58.5386 64.3436 61.3368 77.4269 54.0082 46.6701 45.1158 44.1347 43.504 42.9887 40.6875 45.5614 75.6593 61.1417 43.8937 39.9617 39.7474 39.7272 37.9744
threshold=0.9462517963145084 2.2641666666666684 13.385000000000003 7.7195833333333344 0.96359376111369366 12.473750000000001 1.0000000180025095e-35 975.35000000000002 0.35019404643548474 952.55000000000007 1.5000000000000002 949.85000000000002 941.55000000000007 15.65 1.0000000180025095e-35 6.7650000000000006 22.450000000000003 1.8650000000000004 4.6220833333333342 1.5000000000000002 2.3833484847772417 3.3450000000000002 21.150000000000002 0.32556815445715659 10.105000000000002 35.550000000000004 2.5271935125133171 2.2183333333333342 5.1500000000000012 9.9550000000000018
decision_type=2 2 8 2 2 2 10 2 2 2 2 2 2 2 2 10 2 8 2 2 2 10 2 2 10 2 2 2 2 8
left_child=1 6 4 9 20 -4 -1 19 27 10 11 12 -3 -13 28 16 18 -11 -14 -5 -2 25 29 24 26 -12 -24 -8 -15 -23
right_child=2 3 5 7 -6 -7 8 -9 -10 17 21 13 15 14 -16 -17 -18 -19 -20 -21 -22 22 23 -25 -26 -27 -28 -29 -30 -31
leaf_value=-5.1761177560841038e-05 0.00020672153136084613 0.0023984736567350144 0.00017777120431703596 0.00050843230531115273 0.00019383667525431079 0.00019244076423186485 -5.7437736282463254e-05 0.0012421865380811846 -5.8355893267153306e-05 -6.5262252695237727e-05 0.00020058199544905071 -0.00028249824561499493 -0.00049321663986280596 0.0012811243766118327 0.0042198068749944827 -0.0025209135562561705 0.00048188070932116811 -0.00010137326298076204 0.00064962067081161053 9.7108508337624401e-05 -0.00036009253252442306 0.00031048028258237088 0.00090992141319332651 0.00041459422498879372 0.0040478148645597799 -0.00050025360492040607 -0.00075764867823396962 9.9593041273029828e-05 -0.00052795654373207976 -0.0023069539826797644
leaf_weight=317 1640 639 402 6902 421 2688 2695 218 2293 4243 7254 712 781 435 923 751 2583 27137 580 20267 607 4302 292 2303 257 285 5881 573 483 443
leaf_count=317 1640 639 402 6902 421 2688 2695 218 2293 4243 7254 712 781 435 923 751 2583 27137 580 20267 607 4302 292 2303 257 285 5881 573 483 443
internal_value=0.00019907 -0.000541612 0.0122228 -0.000160477 0.00597082 0.0176026 -0.00622132 0.00139639 -0.00550305 -0.00086782 -1.66038e-05 0.00198049 0.000191047 0.00571149 0.00859697 -0.00102766 0.000379843 -0.00165174 -0.00410688 0.00127953 0.00400977 -0.00076634 -0.00175332 -0.00303845 -0.00470862 0.000998144 -0.00530754 -0.00315307 0.0024052 0.000612632
internal_weight=99307 93549 5758 87671 2668 3090 5878 27387 5561 60284 28904 7887 5334 2553 1841 4695 3944 31380 1361 27169 2247 21017 13478 8733 6430 7539 6173 3268 918 4745
internal_count=99307 93549 5758 87671 2668 3090 5878 27387 5561 60284 28904 7887 5334 2553 1841 4695 3944 31380 1361 27169 2247 21017 13478 8733 6430 7539 6173 3268 918 4745
is_linear=0
shrinkage=0.03


Tree=158
num_leaves=31
num_cat=0
split_feature=22 16 12 1 12 22 16 1 25 16 9 1 28 28 28 25 20 27 9 10 16 23 23 3 25 28 29 10 28 15
split_gain=959.026 242.809 190.454 95.2324 76.3657 69.6053 58.665 54.198 52.9042 57.7121 52.319 70.5052 94.709 89.2196 95.8452 60.7339 59.9739 55.144 52.8401 101.674 145.379 67.4415 51.4424 50.8462 50.6496 89.7529 49.4729 105.127 48.6519 46.6266
threshold=0.95555648399106141 13.385000000000003 2.3150000000000004 22.050000000000004 8.0750000000000011 0.023893766649480622 1.5400000000000003 -6.7499999999999991 1.4054317475370108 15.235000000000001 5.5000000000000009 1.0500000000000003 942.95000000000016 962.1500000000002 952.75000000000011 2.6024555711230737 4.1044914419444209 0.39073112848927366 4.5000000000000009 5.5000000000000009 13.285000000000002 5.3750000000000009 1.135 4.673791469894403 1.8173323092677933 954.75000000000011 27.500000000000004 6.5000000000000009 946.85000000000002 -1.2799999999999994
decision_type=2 8 8 2 8 2 8 2 2 8 2 2 2 2 2 2 2 2 2 2 8 2 2 2 2 2 2 2 2 10
left_child=2 29 3 5 10 6 -1 -6 -3 -10 15 13 -13 14 -12 16 18 28 -4 20 24 -21 -5 -15 25 -20 27 -14 -17 -2
right_child=1 8 4 22 7 -7 -8 -9 9 -11 11 12 26 23 -16 17 -18 -19 19 21 -22 -23 -24 -25 -26 -27 -28 -29 -30 -31
leaf_value=-5.3497149378037493e-05 -0.0020716589110727321 0.00018861566745543291 -4.8514293583304941e-05 0.00062677247230094222 0.0011021722320479189 -5.8744090240348646e-05 -5.4775693278329652e-05 0.00017381772983228848 0.00018645739392624371 0.00018665190720433154 0.0023037137981345656 -0.00073873754315274842 -0.0016396472804019384 -0.00014846352736157852 -0.0012496262132732547 -0.0012251718375111845 0.0013314147677191298 -0.00085981391475120541 -0.00051797338522220789 0.00017389619649116727 0.002195721893950107 -0.0036250022027352184 -0.00010985630317366865 0.0027483136515917893 -0.00059300771437617746 -0.0019454517369263866 0.0012000350669273874 0.00061648799490348846 6.4643129349036593e-05 0.00019002560217847296
leaf_weight=930 208 759 40403 1143 425 10518 846 15520 1456 785 335 567 239 301 1230 735 1390 1042 920 4112 304 360 2985 333 1094 851 5340 391 1469 2232
leaf_count=930 208 759 40403 1143 425 10518 846 15520 1456 785 335 567 239 301 1230 735 1390 1042 920 4112 304 360 2985 333 1094 851 5340 391 1469 2232
internal_value=7.95138e-05 0.0123196 -0.000631104 -0.00356486 -8.14311e-06 -0.0048882 -0.0103762 0.00184138 0.01803 0.0156411 -0.000488432 0.00166114 0.00322378 -0.00298094 -0.00682166 -0.000845022 -0.00058375 -0.00481698 -0.000761722 -0.00304865 -0.00715501 -0.000134018 0.00037745 0.00647887 -0.00925087 -0.0123818 0.00433808 -0.00359055 -0.00211861 0.00527607
internal_weight=99223 5440 93783 16422 77361 12294 1776 15945 3000 2241 61416 8736 6537 2199 1565 52680 49434 3246 48044 7641 3169 4472 4128 634 2865 1771 5970 630 2204 2440
internal_count=99223 5440 93783 16422 77361 12294 1776 15945 3000 2241 61416 8736 6537 2199 1565 52680 49434 3246 48044 7641 3169 4472 4128 634 2865 1771 5970 630 2204 2440
is_linear=0
shrinkage=0.03


Tree=159
num_leaves=31
num_cat=0
split_feature=22 16 21 12 26 16 25 2 16 20 10 3 20 2 20 27 27 12 10 10 28 27 27 9 16 9 8 8 29 29
split_gain=930.493 224.712 191.853 80.9421 71.8864 61.0289 52.7072 60.9899 49.5699 47.5091 49.1207 47.4519 47.8285 46.9173 46.9095 54.1337 42.5053 40.8793 41.1568 123.79 42.3388 113.575 45.0131 41.1457 89.4931 110.422 106.381 142.36 82.8739 73.3659
threshold=0.95555648399106141 13.385000000000003 2.2641666666666684 8.0750000000000011 0.94828754594723541 1.0000000180025095e-35 1.4054317475370108 1.1459270698462778 15.235000000000001 2.3424586442411797 10.500000000000002 8.3927221633370159 3.9119661507626637 1.2392002097530244 2.2232211979604268 0.087155742747658027 -0.41467745240824966 6.2550000000000008 5.5000000000000009 6.5000000000000009 962.45000000000016 1.0000000180025095e-35 -0.57357643635104616 4.5000000000000009 1.0000000180025095e-35 5.5000000000000009 15.500000000000002 4.5000000000000009 64.500000000000014 24.500000000000004
decision_type=2 8 2 8 2 10 2 2 8 2 2 2 2 2 2 2 2 10 2 2 2 2 2 2 10 2 2 2 2 2
left_child=2 4 5 11 9 -1 -3 -8 14 10 -2 12 17 -5 -9 -16 -7 18 23 -20 22 -22 -21 -4 -25 26 27 28 -26 -27
right_child=1 6 3 13 -6 16 7 8 -10 -11 -12 -13 -14 -15 15 -17 -18 -19 19 20 21 -23 -24 24 25 29 -28 -29 -30 -31
leaf_value=-4.8598845930080682e-05 0.0001734463656447005 0.00018238805110888599 -7.450143979179544e-05 0.00014359151632126866 0.00018432483411311761 -3.1251428647312316e-05 0.00060282149612092887 0.00018140289439513624 0.00018105201939275006 -0.00047390365612109297 0.00024388069336598759 -0.0022588648481751661 0.00079356561674532352 0.0010691070650864819 -0.0004971379694796896 0.00018106628967856308 -5.3576035874143557e-05 0.00013873619911366263 0.0011685148915831331 0.000244375826369586 -0.00020122030667958949 0.0011835277453345261 -0.00019718110648229216 0.0011562551705406718 0.00080063830429524905 -0.0013052957609949402 -8.0831246587604596e-05 -0.0013380072935383813 -0.001392081630336823 -1.1995506152829709e-05
leaf_weight=302 1091 766 14554 15680 426 1682 309 583 658 576 338 1457 3290 448 208 476 3868 15695 2461 3385 1492 1869 21649 410 279 208 906 1208 246 2745
leaf_count=302 1091 766 14554 15680 426 1682 309 583 658 576 338 1457 3290 448 208 476 3868 15695 2461 3385 1492 1869 21649 410 279 208 906 1208 246 2745
internal_value=3.53581e-05 0.0121026 -0.00066369 -0.000313683 0.00530788 -0.00592112 0.0175907 0.0151943 0.0171762 0.00291045 0.00583682 -0.000744792 -0.000633647 0.00160664 0.0136085 0.00818578 -0.00519532 -0.00080686 -0.00121594 -0.00052299 -0.00108275 0.00207665 -0.00150725 -0.00225573 -0.00434493 -0.00533857 -0.00979198 -0.0141369 -0.00107547 -0.00134888
internal_weight=99265 5431 93834 87982 2431 5852 3000 2234 1925 2005 1429 71854 70397 16128 1267 684 5550 67107 51412 30856 28395 3361 25034 20556 6002 5592 2639 1733 525 2953
internal_count=99265 5431 93834 87982 2431 5852 3000 2234 1925 2005 1429 71854 70397 16128 1267 684 5550 67107 51412 30856 28395 3361 25034 20556 6002 5592 2639 1733 525 2953
is_linear=0
shrinkage=0.03


Tree=160
num_leaves=31
num_cat=0
split_feature=22 16 12 1 16 20 25 26 29 1 25 16 29 29 16 8 8 25 26 9 1 24 29 17 22 29 26 15 26 25
split_gain=964.445 237.527 188.393 107.658 78.1307 68.324 58.0673 56.8163 55.3735 53.3895 50.2818 52.5117 49.7426 46.5216 45.4846 43.7136 48.5824 47.7384 51.1498 57.9286 46.2908 65.4546 64.6849 54.5735 55.9199 55.3449 46.2497 43.315 43.2656 43.1404
threshold=0.95555648399106141 13.385000000000003 1.8650000000000004 22.050000000000004 9.0850000000000026 1.5868049659527861 2.090431610105322 0.94828754594723541 85.500000000000014 -2.1499999999999999 1.4054317475370108 15.235000000000001 58.500000000000007 93.500000000000014 1.9650000000000001 1.5000000000000002 14.500000000000002 2.7953463203463209 -0.19936034309715209 2.5000000000000004 22.950000000000003 2.7500000000000004 22.500000000000004 3.2150000000000003 0.1091982276018284 52.500000000000007 0.36648727148060617 1.1649999999999998 0.89490028524376763 1.929400538841491
decision_type=2 8 8 2 10 2 2 2 2 2 2 8 2 2 8 2 2 2 2 2 2 2 2 2 2 2 2 10 2 2
left_child=2 7 3 5 13 9 -6 -2 -8 -1 -3 -12 14 15 -7 -4 17 18 19 -17 21 26 -23 -22 28 -26 -18 -20 -25 -21
right_child=1 10 4 -5 6 12 8 -9 -10 -11 11 -13 -14 -15 -16 16 20 -19 27 29 23 22 -24 24 25 -27 -28 -29 -30 -31
leaf_value=-5.0781771751666425e-05 0.00017240696084767858 0.00017691640957561816 0.00029919837073070387 0.00014714720022756506 0.00026116724056406192 -8.2430608391862085e-05 -0.00037279868667124848 0.00017989480568117444 0.0028499513977971683 -5.5738827363558409e-05 0.00017567275131951665 0.00017562078940641768 -3.5938422838528765e-05 0.0017537566779685964 -0.00025760004495379657 -4.4366718618696791e-05 0.0003484622753838009 -0.00034875747912216837 -6.9634746357975509e-05 -0.00034260192769100886 -0.00032754086991177605 -0.00046925386865541115 0.00043552330221536428 0.0010773240594175411 -0.00028052519035053292 -0.0037449674653255408 -0.00035368633602430921 0.0010197835229377459 -0.00074204243756066548 -8.4449218155518068e-05
leaf_weight=696 2002 760 4649 2759 17383 330 7070 429 254 3452 1459 791 3494 374 1052 6851 581 1184 11698 6207 1655 440 12481 1009 5085 317 1120 1657 204 1989
leaf_count=696 2002 760 4649 2759 17383 330 7070 429 254 3452 1459 791 3494 374 1052 6851 581 1184 11698 6207 1655 440 12481 1009 5085 317 1120 1657 204 1989
internal_value=0.000147832 0.012422 -0.000563322 -0.00411011 -5.47359e-05 -0.00569498 0.00135602 0.00543103 -0.000884159 -0.00852396 0.0180498 0.0157251 -0.00328211 -0.000660975 -0.0080894 -0.000730414 -0.000977459 -0.00178027 -0.00153342 -0.00273253 6.02699e-05 0.00107472 0.00180334 -0.00173293 -0.000512085 -0.00181986 -0.004449 -0.000181886 0.00529557 -0.00443361
internal_weight=99432 5441 93991 11783 82208 9024 24707 2431 7324 4148 3010 2250 4876 57501 1382 57127 52478 29586 28402 15047 22892 14622 12921 8270 6615 5402 1701 13355 1213 8196
internal_count=99432 5441 93991 11783 82208 9024 24707 2431 7324 4148 3010 2250 4876 57501 1382 57127 52478 29586 28402 15047 22892 14622 12921 8270 6615 5402 1701 13355 1213 8196
is_linear=0
shrinkage=0.03


Tree=161
num_leaves=31
num_cat=0
split_feature=22 12 17 1 22 10 25 20 29 1 22 9 28 1 1 9 29 10 19 28 25 29 29 10 1 1 29 22 10 17
split_gain=941.372 180.126 98.3397 97.3562 90.0835 57.8534 121.571 75.1056 69.2047 55.5779 52.9683 50.3132 103.023 79.0182 76.1207 75.1712 104.227 68.4812 80.6649 62.62 61.0827 60.1328 52.0185 127.47 50.7419 71.537 93.915 93.6931 70.9864 84.6365
threshold=0.96664622709285053 1.8650000000000004 14.205000000000002 22.050000000000004 0.87751739695709718 10.500000000000002 1.4126043859053572 2.3424586442411797 54.500000000000007 7.8500000000000005 0.023893766649480622 5.5000000000000009 942.95000000000016 2.0500000000000003 -1.7499999999999998 3.5000000000000004 19.500000000000004 1.5000000000000002 6.1229166666666677 954.55000000000007 2.7172322375397671 25.500000000000004 26.500000000000004 5.5000000000000009 -1.1499999999999997 5.2500000000000009 54.500000000000007 0.54625948835133198 10.500000000000002 10.315000000000003
decision_type=2 8 2 2 2 2 2 2 2 2 2 2 2 2 2 2 2 2 2 2 2 2 2 2 2 2 2 2 2 2
left_child=1 3 -2 10 11 6 -4 9 -9 -8 -1 15 21 14 17 24 -17 -14 -19 -16 -18 -13 23 -15 -3 26 -26 -28 -29 -30
right_child=2 4 5 -5 -6 -7 7 8 -10 -11 -12 12 13 22 19 16 20 18 -20 -21 -22 -23 -24 -25 25 -27 27 28 29 -31
leaf_value=-4.9647394130520823e-05 0.00017731036688818202 -0.00012159876571434452 0.00018480947420450921 0.0001216138248234234 0.00015651769273554439 0.00017035216572422351 0.00017035055766922102 0.00021315340714048059 -0.0028639868248270099 0.00017003108595664007 -5.3416685807229045e-05 0.00024561795579785384 -0.00017712595837073865 -0.0013855032058314584 0.0010828989720060289 -0.00091322553901625973 -0.00012703949129200444 -9.3026563845704583e-05 0.0049489317742966339 -0.001214703800965613 -0.00068168451472500719 -0.0012949111045074755 0.0011199363090706855 0.00054781764706088917 -0.00079002957608235818 -2.7989476095391497e-05 0.00027187451385617649 0.0048465376935645068 0.0050602142936797736 -0.00086576056813333793
leaf_weight=1492 1822 6618 846 2734 9120 1019 385 206 280 457 7467 304 502 240 334 1307 18020 354 492 873 1061 449 6488 485 1160 29096 3377 909 492 672
leaf_count=1492 1822 6618 846 2734 9120 1019 385 206 280 457 7467 304 502 240 334 1307 18020 354 492 873 1061 449 6488 485 1160 29096 3377 909 492 672
internal_value=0.000125068 -0.000550552 0.0127829 -0.00403402 -5.57323e-05 0.0159568 0.0131345 0.00742686 -0.00195519 0.0128217 -0.00554552 -0.000405937 0.0015134 0.0023391 -0.00219141 -0.000728032 -0.00222429 0.0027051 0.00789659 -0.00764851 -0.00166143 -0.00914248 0.00394431 -0.00365753 -7.08734e-06 0.0004402 0.00325624 0.00490559 0.00991819 0.00497861
internal_weight=99061 94046 5015 11693 82353 3193 2174 1328 486 842 8959 73233 10521 9768 2555 62712 20388 1348 846 1207 19081 753 7213 725 42324 35706 6610 5450 2073 1164
internal_count=99061 94046 5015 11693 82353 3193 2174 1328 486 842 8959 73233 10521 9768 2555 62712 20388 1348 846 1207 19081 753 7213 725 42324 35706 6610 5450 2073 1164
is_linear=0
shrinkage=0.03


Tree=162
num_leaves=31
num_cat=0
split_feature=22 16 5 1 16 20 25 29 28 10 29 25 26 16 20 9 9 7 29 25 29 13 20 1 28 28 20 29 10 2
split_gain=940.361 233.749 156.752 98.2597 91.8626 81.4271 69.8737 63.958 58.0408 68.1668 57.3523 52.3009 51.372 50.4736 48.7499 44.9731 42.4659 40.7606 39.3862 37.3151 59.3976 36.8537 35.675 41.8608 39.5699 35.6067 37.2238 48.8492 35.3113 95.6414
threshold=0.95555648399106141 13.385000000000003 0.025831218702820461 21.550000000000004 8.8650000000000002 1.7720491903385456 2.0823287339627212 85.500000000000014 960.55000000000007 2.5000000000000004 50.500000000000007 1.4054317475370108 0.94828754594723541 15.235000000000001 4.1044914419444209 1.0000000180025095e-35 2.5000000000000004 13.500000000000002 77.500000000000014 1.419706410884735 58.500000000000007 0.71333333333333371 2.3424586442411797 8.6500000000000004 957.75000000000011 960.95000000000016 2.18430003978709 68.500000000000014 9.5000000000000018 1.2217854127065169
decision_type=2 8 2 2 10 2 2 2 2 2 2 2 2 8 2 2 2 2 2 2 2 2 2 2 2 2 2 2 2 2
left_child=2 12 3 5 -4 21 8 28 14 16 -7 -3 22 25 -6 -11 -10 -5 -18 -17 -21 -1 23 24 -2 26 -13 -28 -8 -30
right_child=1 11 4 17 6 10 7 -9 9 15 -12 13 -14 -15 -16 19 18 -19 -20 20 -22 -23 -24 -25 -26 -27 27 -29 29 -31
leaf_value=-5.744623980831713e-05 0.00022364703151323993 0.0001698657517102048 -6.8455391267793644e-05 -0.00022546503002751937 0.00012751031100652121 -0.00015587350049492787 -7.0576819006226698e-07 0.0019797036049899763 -0.001413132748717611 0.0029907650599866496 -2.6334965259290821e-05 0.00017148577206665627 0.00017040432325595377 0.00016524160075249593 0.0025025099364073293 0.00057666854397301454 -0.0001146625491368014 0.00051741154476497798 0.0007289437486484629 0.0011023659628326599 0.00018417431813627205 -4.8021241475714322e-05 -0.00035126493476248633 8.9748194963814578e-05 0.00016488594469496465 0.00016518897758254102 0.00017843239180981074 -0.0011118362639222113 -0.0020684695143340787 0.0014912788201612015
leaf_weight=247 209 756 59814 342 13611 401 4722 314 508 364 2409 489 407 742 820 795 304 1260 245 361 1581 2619 555 765 428 375 374 201 2668 540
leaf_count=247 209 756 59814 342 13611 401 4722 314 508 364 2409 489 407 742 820 795 304 1260 245 361 1581 2619 555 765 428 375 374 201 2668 540
internal_value=4.41394e-05 0.0123313 -0.000649952 -0.00487711 -0.000294627 -0.00672769 0.00116365 -0.00113468 0.00218296 0.00530387 -0.00309059 0.0179776 0.00529337 0.0155489 0.00128221 0.00754346 -0.00127119 0.00168015 0.00449458 0.0062035 0.00394453 -0.0102821 0.00325688 0.00579957 0.0114486 0.0121953 0.00931712 0.00408621 -0.00166352 -0.00408964
internal_weight=99226 5301 93925 7278 86647 5676 26833 8244 18589 4158 2810 2937 2364 2181 14431 3101 1057 1602 549 2737 1942 2866 1957 1402 637 1439 1064 575 7930 3208
internal_count=99226 5301 93925 7278 86647 5676 26833 8244 18589 4158 2810 2937 2364 2181 14431 3101 1057 1602 549 2737 1942 2866 1957 1402 637 1439 1064 575 7930 3208
is_linear=0
shrinkage=0.03


Tree=163
num_leaves=31
num_cat=0
split_feature=22 16 21 21 16 20 1 28 1 26 28 8 10 8 8 1 29 20 16 29 16 25 1 19 10 12 1 25 25 1
split_gain=901.341 248.426 213.53 91.5456 76.2739 50.6283 49.7804 48.3075 73.2277 62.33 84.1925 81.8597 112.988 140.732 57.4277 50.8974 47.8699 49.2101 50.3543 46.5378 45.8047 43.6749 61.6919 43.7091 43.6638 42.7754 56.1163 48.1195 41.81 40.7144
threshold=0.96664622709285053 13.385000000000003 2.21763888888889 8.078055555555558 1.0000000180025095e-35 2.0473295573424468 7.8500000000000005 948.95000000000016 -0.44999999999999996 -0.91702515554752051 953.45000000000016 13.500000000000002 2.5000000000000004 4.5000000000000009 14.500000000000002 10.850000000000003 75.500000000000014 3.0139730144503583 9.4050000000000029 72.500000000000014 9.5350000000000019 1.4054317475370108 13.050000000000002 13.128750000000002 1.5000000000000002 12.075000000000001 30.750000000000004 1.494676127130494 2.2002638522427449 9.0500000000000025
decision_type=2 8 2 2 10 2 2 2 2 2 2 2 2 2 2 2 2 2 10 2 8 2 2 2 2 10 2 2 2 2
left_child=2 5 4 -4 -1 6 -2 8 -5 10 14 12 13 24 -9 -10 17 18 -13 -7 -18 -3 23 -23 -11 26 -17 -27 -15 -20
right_child=1 21 3 7 -6 19 -8 9 15 11 -12 16 -14 28 -16 25 20 -19 29 -21 -22 22 -24 -25 -26 27 -28 -29 -30 -31
leaf_value=-4.2687368331441214e-05 0.00017470555034241442 0.00016585653156003354 -5.7071772909048961e-05 -0.0032268974915009882 -4.7095511718700937e-05 0.00019352840423446981 0.00015595447755623827 0.0024819908388376394 0.0030346777913593703 -7.0653172475473869e-06 -0.00074133097539155865 0.0030698334254080748 0.00026246911865444368 -0.0022758983790138331 -0.00014096279585373571 -0.0020061557598587466 0.0013895496434409614 0.0013556640024140316 0.00023502997430592976 -0.0027488611780545412 0.0026401716768095006 0.00016866164030923892 0.00028597148943977911 0.00016028245953942697 0.0032859577130743534 -0.0031302960525624516 0.0011923052209027506 0.0029904171945702371 -0.0059067308753095876 -0.00021079198352058013
leaf_weight=290 552 712 63950 249 5157 489 839 1158 355 554 3895 709 6918 1184 1190 2433 229 566 1836 276 528 482 346 1304 323 208 790 316 242 910
leaf_count=290 552 712 63950 249 5157 489 839 1158 355 554 3895 709 6918 1184 1190 2433 229 566 1836 276 528 482 346 1304 323 208 790 316 242 910
internal_value=0.00012243 0.0125275 -0.000538114 -0.00018329 -0.00630044 0.0048311 0.00823066 0.00137206 -0.00149449 0.00198844 -0.000504161 0.00309983 0.001447 -0.00430243 0.0039779 -0.000525931 0.00628476 0.00497019 0.00361561 -0.00136364 0.013189 0.0183433 0.0161161 0.0183585 0.00513605 -0.00155917 -0.00285316 0.00635161 -0.0101048 0.00176663
internal_weight=98990 5000 93990 88543 5447 2156 1391 24593 4351 20242 6243 13999 9221 2303 2348 4102 4778 4021 3455 765 757 2844 2132 1786 877 3747 3223 524 1426 2746
internal_count=98990 5000 93990 88543 5447 2156 1391 24593 4351 20242 6243 13999 9221 2303 2348 4102 4778 4021 3455 765 757 2844 2132 1786 877 3747 3223 524 1426 2746
is_linear=0
shrinkage=0.03


Tree=164
num_leaves=31
num_cat=0
split_feature=22 16 12 1 16 16 25 25 20 28 1 28 29 20 13 15 1 1 2 20 26 29 29 16 28 9 25 6 12 8
split_gain=933.255 248.498 152.058 77.5978 61.0728 53.1827 55.7121 51.9883 56.8541 62.0675 55.81 64.7989 55.209 47.8548 52.4241 47.08 46.0911 45.9426 39.4642 44.8147 49.5648 39.3758 37.8439 36.3859 36.0202 44.9296 38.8602 35.9813 35.0262 33.9647
threshold=0.95555648399106141 13.385000000000003 1.8650000000000004 22.050000000000004 8.8650000000000002 15.235000000000001 1.3714850367024283 2.090431610105322 4.0352586653109883 960.55000000000007 -0.94999999999999984 964.55000000000007 85.500000000000014 1.934032917286024 0.71333333333333371 -1.2799999999999994 -4.4499999999999993 -1.7499999999999998 1.1499156780576987 2.2476422830396534 0.90992662233962551 28.500000000000004 93.500000000000014 11.325000000000001 964.05000000000007 3.5000000000000004 1.9034515139022494 2.5000000000000004 9.8050000000000015 1.5000000000000002
decision_type=2 8 8 2 10 8 2 2 2 2 2 2 2 2 2 10 2 2 2 2 2 2 2 10 2 2 2 2 10 2
left_child=2 15 3 13 22 6 -3 8 9 -6 11 23 -9 14 -1 -2 -15 -16 -8 -20 -21 -5 29 -11 26 -26 -12 -19 -13 -4
right_child=1 5 4 21 7 -7 18 12 -10 10 24 28 -14 16 17 -17 -18 27 19 20 -22 -23 -24 -25 25 -27 -28 -29 -30 -31
leaf_value=-5.2363607146373257e-05 -0.0019481210942349945 0.00015451463600538062 0.00023564560012064251 -0.0001671900968185911 8.5761958464950495e-05 0.00015547590449713322 0.00010609861007201293 -0.00044220972585154672 0.0020394615404224592 -0.0019369342570746486 0.000944891283910873 0.0010889727752591615 0.0019220246500275472 0.00017697584586300437 -4.4629329179809979e-05 0.00016032575025411665 -7.1459177371813344e-05 -5.0126326298802547e-05 0.00015560352512569153 -0.00040275806424548531 0.00015568435527142486 0.00040140906726373823 0.001672283255305285 0.00024683560262640845 -0.0017458438414380353 0.0002398194834442835 0.0012193730754265558 5.3895995914800609e-06 -5.3439687253723495e-05 -8.4726951703681033e-05
leaf_weight=295 208 433 4521 979 13606 984 207 7665 979 512 1136 809 296 489 851 2247 3365 3089 665 205 476 1755 332 307 252 374 365 872 253 50521
leaf_count=295 208 433 4521 979 13606 984 207 7665 979 512 1136 809 296 489 851 2247 3365 3089 665 205 476 1755 332 307 252 374 365 872 253 50521
internal_value=4.66417e-05 0.0121381 -0.000654612 -0.00385385 -0.000197723 0.0179697 0.0150678 0.000984977 0.00185343 0.00146092 0.0047396 0.000970308 -0.00104318 -0.00520299 -0.00710681 0.00506098 -0.00267427 -0.00634005 0.0123427 0.0142117 0.00870262 0.000569551 -0.000764911 -0.00535194 0.00806285 0.00199683 0.0105777 -0.00496974 0.00584817 -0.000826203
internal_weight=99048 5425 93623 11695 81928 2970 1986 26554 18593 17614 4008 1881 7961 8961 5107 2455 3854 4812 1553 1346 681 2734 55374 819 2127 626 1501 3961 1062 55042
internal_count=99048 5425 93623 11695 81928 2970 1986 26554 18593 17614 4008 1881 7961 8961 5107 2455 3854 4812 1553 1346 681 2734 55374 819 2127 626 1501 3961 1062 55042
is_linear=0
shrinkage=0.03


Tree=165
num_leaves=31
num_cat=0
split_feature=22 21 16 17 16 26 1 12 19 27 4 2 9 1 8 26 1 16 23 20 29 29 27 8 20 1 5 25 17 9
split_gain=902.114 202.673 180.287 99.7761 73.0964 59.9386 70.0355 57.9938 46.9819 43.2389 41.3098 40.1174 81.6029 45.6822 73.7553 61.5198 52.619 55.3523 55.8277 38.87 61.6641 63.036 55.8452 93.3308 45.1486 42.1855 36.4599 35.6319 34.6648 38.3272
threshold=0.97506175887643198 2.21763888888889 13.385000000000003 13.795000000000002 1.0000000180025095e-35 0.91702515554752073 11.450000000000001 6.2550000000000008 12.076250000000003 0.35019404643548474 0.34216230262463698 1.2448032254162646 1.5000000000000002 -1.1499999999999997 15.500000000000002 0.97988739209073494 11.450000000000001 6.9450000000000012 3.7250000000000005 2.2476422830396534 82.500000000000014 42.500000000000007 0.078456108245891568 14.500000000000002 3.2161435239453939 8.8500000000000032 0.032478863435870899 1.6477423955707045 8.1550000000000029 2.5000000000000004
decision_type=2 2 8 2 10 2 2 8 2 2 2 2 2 2 2 2 2 10 2 2 2 2 2 2 2 2 2 2 2 2
left_child=1 4 -2 7 -1 27 8 10 -7 26 -3 13 -13 14 -9 -16 17 18 -15 20 21 25 -21 24 -24 -19 -6 -5 -23 -30
right_child=2 3 -4 5 9 6 -8 11 -10 -11 -12 12 -14 16 15 -17 -18 19 -20 22 -22 28 23 -25 -26 -27 -28 -29 29 -31
leaf_value=-4.0067867406103698e-05 0.00015384908311054767 -4.9959305099598337e-05 0.00015081160189227226 0.00026891099907027928 -4.5784626910371808e-05 8.521972263743848e-05 0.00025974004315052146 -0.001764778004550812 0.00014431998483943275 -4.6108921700166046e-05 -0.00095206016806297154 -0.0012311243643674035 0.0026357586274528264 0.0019023735405095214 -0.00060892203821385604 0.0010563035920013852 -1.0495287817465504e-05 -0.0032699717113201274 -0.0017205683477987854 0.0018759000403457159 -0.00028172552630648215 0.0055269938313479879 -0.00086260964829672378 0.0014317385867144371 -0.0037690889166044272 0.0011938143031283287 0.00010658308983355981 -0.0017817313295702031 0.0013141740309286299 0.00036748149768355719
leaf_weight=303 1428 50526 2355 980 2293 1175 381 2587 405 2194 4015 268 549 580 886 508 17890 204 872 1252 899 628 861 419 210 207 778 537 1364 1677
leaf_count=303 1428 50526 2355 980 2293 1175 381 2587 405 2194 4015 268 549 580 886 508 17890 204 872 1252 899 628 861 419 210 207 778 537 1364 1677
internal_value=-1.54178e-05 -0.000585209 0.0143427 -0.000240975 -0.00613673 0.0047373 0.0081943 -0.000441631 0.00537539 -0.00529981 -0.00103564 0.000575221 0.00711679 0.000401945 -0.00259659 0.00295926 0.000843431 0.00269013 -0.00267673 0.00370049 0.00527889 0.00684455 0.000829996 -0.0030903 -0.00777881 -0.00425481 -0.00299415 0.000256242 0.008092 0.00674655
internal_weight=99231 95448 3783 89880 5568 3478 1961 86402 1580 5265 54541 31861 817 31044 3981 1394 27063 9173 1452 7721 4979 4080 2742 1490 1071 411 3071 1517 3669 3041
internal_count=99231 95448 3783 89880 5568 3478 1961 86402 1580 5265 54541 31861 817 31044 3981 1394 27063 9173 1452 7721 4979 4080 2742 1490 1071 411 3071 1517 3669 3041
is_linear=0
shrinkage=0.03


Tree=166
num_leaves=31
num_cat=0
split_feature=22 16 21 12 27 16 25 16 26 10 8 2 20 27 19 20 9 28 8 2 2 29 10 2 28 9 16 29 25 28
split_gain=830.12 244.094 194.915 78.9712 67.2567 63.4961 59.4853 52.2825 51.7661 43.7523 41.4992 41.118 52.4045 48.0106 44.3589 36.0906 37.5246 83.1171 95.5419 93.5607 82.1956 60.8304 85.1584 43.4745 63.8702 43.1824 81.5983 75.2133 74.6705 65.4935
threshold=0.95555648399106141 13.385000000000003 2.2641666666666684 8.0750000000000011 -0.37460659341591213 15.235000000000001 1.3714850367024283 1.0000000180025095e-35 0.94828754594723541 10.500000000000002 11.500000000000002 1.1467225763640514 2.2476422830396534 0.10452846326765323 13.303750000000003 4.0352586653109883 5.5000000000000009 943.1500000000002 11.500000000000002 1.2079370213572984 1.2509306177250956 27.500000000000004 6.5000000000000009 1.2168352688931636 954.55000000000007 3.5000000000000004 14.115 23.500000000000004 2.5814465730970193 963.6500000000002
decision_type=2 8 2 8 2 8 2 10 2 2 2 2 2 2 2 2 2 2 2 2 2 2 2 2 2 2 8 2 2 2
left_child=2 8 4 15 -1 6 -3 -6 9 -2 -11 -8 -13 -14 -15 16 25 18 -18 21 23 22 -19 24 -21 29 27 -27 -29 -4
right_child=1 5 3 -5 7 -7 11 -9 -10 10 -12 12 13 14 -16 -17 17 19 -20 20 -22 -23 -24 -25 -26 26 -28 28 -30 -31
leaf_value=-2.2191140915791671e-05 7.0721054200606478e-06 0.00014535484886845306 -1.4776091489812122e-05 0.00016709895086644054 -3.8865831383920605e-05 0.00014628744595229781 -0.0002586131436253469 -4.3904652046190003e-05 0.00014643608847959787 0.00014083595171682339 0.00019767964155895324 0.00014641107131515451 -0.00013671501748664051 0.00014162826893999059 0.00014703959882956253 0.00078845164205552346 -0.00091253651766506232 -0.0010875727006135749 0.00041627915196778967 0.0010145330854926021 0.002357807531379453 0.00097024706514140099 0.00041446642017301736 -5.1184181830807575e-05 -0.0013604018310569321 -0.00063285031413584994 0.0016384724652688475 -0.00011907892709191891 -0.00051954889571680812 -0.0002394888538007672
leaf_weight=1795 1588 449 36577 16158 316 966 203 3857 417 221 221 643 235 248 207 2792 418 294 344 227 206 6070 456 1250 563 1744 545 15539 1556 3251
leaf_count=1795 1588 449 36577 16158 316 966 203 3857 417 221 221 643 235 248 207 2792 418 294 344 227 206 6070 456 1250 563 1744 545 15539 1556 3251
internal_value=2.53621e-05 0.0114603 -0.000632164 -0.000276152 -0.00587644 0.0172632 0.0141256 -0.00796314 0.00444127 0.00244717 0.0107383 0.0112524 0.0131614 0.00733813 0.0129783 -0.000702424 -0.000837715 0.000878674 -0.00860495 0.00168008 -0.00362506 0.00342857 -0.00460927 -0.00545721 -0.0109434 -0.00112265 -0.00228377 -0.00261569 -0.00200877 -0.000557327
internal_weight=99356 5398 93958 87990 5968 2951 1985 4173 2447 2030 442 1536 1333 690 455 71832 69040 9828 762 9066 2246 6820 750 2040 790 59212 19384 18839 17095 39828
internal_count=99356 5398 93958 87990 5968 2951 1985 4173 2447 2030 442 1536 1333 690 455 71832 69040 9828 762 9066 2246 6820 750 2040 790 59212 19384 18839 17095 39828
is_linear=0
shrinkage=0.03


Tree=167
num_leaves=31
num_cat=0
split_feature=21 21 22 16 16 26 21 16 11 14 28 27 27 15 28 8 17 9 25 27 29 17 13 23 16 28 12 5 8 8
split_gain=910.536 199.698 129.469 115.996 76.2683 65.3365 76.3866 57.3861 52.1698 50.2819 44.6235 40.6013 39.1613 38.5229 45.6032 50.6954 44.7697 35.9306 35.6639 76.9598 54.9126 38.3201 34.7282 33.1627 63.4496 44.7014 44.4528 39.7823 33.0206 34.9584
threshold=13.128333333333336 2.21763888888889 0.87751739695709718 13.385000000000003 1.0000000180025095e-35 0.95878322595067733 12.036250000000001 12.005000000000001 9.5450000000000017 0.68237330936469875 975.35000000000002 -0.41467745240824966 0.35019404643548474 0.50000000000000044 967.1500000000002 15.500000000000002 12.575000000000001 1.0000000180025095e-35 2.4516053483222624 -0.39873388578253693 76.500000000000014 5.8650000000000011 2.2183333333333342 6.0450000000000008 7.3550000000000013 944.6500000000002 6.9750000000000005 0.51383486838990911 21.500000000000004 17.500000000000004
decision_type=2 2 2 8 10 2 2 10 10 2 2 2 2 10 2 2 2 2 2 2 2 2 2 2 10 2 8 2 2 2
left_child=1 4 10 9 -1 11 7 8 -7 -2 13 -4 22 14 18 -16 -15 -9 23 21 -21 -20 -6 26 25 -25 27 28 29 -3
right_child=3 2 5 -5 12 6 -8 17 -10 -11 -12 -13 -14 16 15 -17 -18 -19 19 20 -22 -23 -24 24 -26 -27 -28 -29 -30 -31
leaf_value=-3.7699856442402978e-05 0.00015526688672131916 -5.3889985295428754e-05 0.00079088533781376368 0.00014189863037348483 -4.3091241766466098e-05 0.00042975418407681929 0.00014120289331464697 -0.00077562000359746356 -7.4242865415753421e-05 0.00014219541161791138 0.003056109921641707 5.1964559942219157e-05 -4.3339810929481029e-05 4.0194849136625348e-05 -0.00084527650771831157 0.00087816283137105613 0.0028299077916922022 8.7555105279666371e-05 -4.0866892328710219e-06 -0.00045900197624953602 0.00036088089065000736 0.0043419062246161369 0.00010474785243144765 0.00051520162810464942 -0.000103140764947377 -0.0033244757160575517 0.00073427158497276575 -0.0022838919882632301 -0.00030417623943174447 0.0003006847000265426
leaf_weight=289 405 29773 468 2080 2555 863 861 227 305 553 315 6702 2197 19773 846 323 546 1746 552 4842 819 384 481 210 2742 959 6738 858 3535 6378
leaf_count=289 405 29773 468 2080 2555 863 861 227 305 553 315 6702 2197 19773 846 323 546 1746 552 4842 819 384 481 210 2742 959 6738 858 3535 6378
internal_value=1.11749e-05 -0.000499418 -0.000162278 0.0161683 -0.00603582 0.00286123 0.00592962 0.00374762 0.00900256 0.00747664 -0.000586824 0.00114564 -0.00519473 -0.000631914 -0.00102011 -0.00687394 0.000494489 0.00062184 -0.000901116 -0.00297637 -0.00429403 0.00497343 -0.00297928 -0.000633423 -0.00328652 -0.00912266 -0.000413644 -0.000788675 -0.000650021 -0.00037919
internal_weight=99325 96287 90765 3038 5522 11172 4002 3141 1168 958 79593 7170 5233 79278 58959 1169 20319 1973 57790 6597 5661 936 3036 51193 3911 1169 47282 40544 39686 36151
internal_count=99325 96287 90765 3038 5522 11172 4002 3141 1168 958 79593 7170 5233 79278 58959 1169 20319 1973 57790 6597 5661 936 3036 51193 3911 1169 47282 40544 39686 36151
is_linear=0
shrinkage=0.03


Tree=168
num_leaves=31
num_cat=0
split_feature=22 21 16 16 10 28 8 1 1 27 21 17 1 11 9 22 27 29 24 17 9 28 10 25 8 24 26 27 28 1
split_gain=904.836 195.381 176.857 103.566 66.7063 63.9409 68.0891 55.0154 70.0828 64.1994 54.327 38.7043 38.378 57.861 48.1553 55.9616 50.8988 46.5867 45.2633 43.2779 49.3866 70.0094 56.8886 102.916 60.9537 49.109 84.6936 62.2662 52.8574 69.0099
threshold=0.97506175887643198 2.21763888888889 13.385000000000003 10.405000000000003 4.5000000000000009 963.05000000000007 8.5000000000000018 -6.7499999999999991 -2.6499999999999999 0.15643446504023081 1.906666666666667 12.025 -0.34999999999999992 10.695000000000002 1.5000000000000002 0.074060509623320794 0.3090169943749474 76.500000000000014 3.4500000000000006 6.1450000000000005 1.5000000000000002 963.45000000000016 9.5000000000000018 1.4261164833542483 19.500000000000004 5.1500000000000012 -0.90992662233962551 0.31729257441605191 957.25000000000011 19.750000000000004
decision_type=2 2 8 10 2 2 2 2 2 2 2 2 2 8 2 2 2 2 2 2 2 2 2 2 2 2 2 2 2 2
left_child=1 4 -2 12 10 7 -7 -5 9 -9 -1 -11 13 14 15 17 -17 -3 -18 -14 21 25 24 -24 -22 27 -27 -21 29 -28
right_child=2 3 -4 5 -6 6 -8 8 -10 11 -12 -13 19 -15 -16 16 18 -19 -20 20 22 -23 23 -25 -26 26 28 -29 -30 -31
leaf_value=-3.9669264742069415e-05 0.00014040278507866153 0.00024705595396445174 0.00013764167154573293 0.0016677750913933907 -4.2888098763448347e-05 -1.2066412582525388e-05 0.00024343173329929746 0.00024359374141109667 0.00012927054643447456 -0.0013498421008803956 -3.5772415809715214e-05 -0.0063277042549768165 -8.2263844814930639e-05 -0.0055475568436716329 -3.2880305609221046e-05 -0.00073655333882976333 -0.00028912657528520729 -0.00011196920325050545 0.0019033946280926906 0.00052359526400309908 -0.00044550464461743321 -0.0019443617798888756 0.0021433850182191873 -4.4848629891584003e-05 0.00077532142763889059 0.00016929274321358321 -0.0001369459622143887 -0.0014983305047290667 0.0042137602196121934 0.0042537461037481985
leaf_weight=1037 1426 447 2437 483 3795 736 1347 629 12365 353 704 324 29689 222 9309 2272 240 282 370 2654 13191 204 1617 3961 2889 3029 960 660 854 904
leaf_count=1037 1426 447 2437 483 3795 736 1347 629 12365 353 704 324 29689 222 9309 2272 240 282 370 2654 13191 204 1617 3961 2889 3029 960 660 854 904
internal_value=2.29388e-05 -0.000553008 0.0142477 -0.000216343 -0.00602057 0.00195235 0.00685345 0.0012289 0.000875256 -0.00572082 -0.0108763 -0.0120968 -0.000693881 -0.00216323 -0.00189865 -0.00483684 -0.00671285 0.00257493 0.00097561 -0.000375142 0.000410308 0.00224272 -0.000373909 0.00223536 -0.00127945 0.00263733 0.00431328 -0.000271166 0.00815277 0.00529695
internal_weight=99390 95527 3863 89991 5536 16237 2083 14154 13671 1306 1741 677 73754 13142 12920 3611 2882 729 610 60612 30923 9265 21658 5578 16080 9061 5747 3314 2718 1864
internal_count=99390 95527 3863 89991 5536 16237 2083 14154 13671 1306 1741 677 73754 13142 12920 3611 2882 729 610 60612 30923 9265 21658 5578 16080 9061 5747 3314 2718 1864
is_linear=0
shrinkage=0.03


Tree=169
num_leaves=31
num_cat=0
split_feature=21 16 21 27 16 16 25 2 14 25 20 28 2 16 20 8 19 27 27 15 9 25 28 15 28 16 9 11 8 28
split_gain=846.09 202.826 170.528 73.588 68.1654 55.1227 51.5588 61.2031 50.641 46.7528 45.7444 44.8672 49.4633 43.2733 43.0053 40.9019 47.9649 46.1092 40.8384 36.7831 49.9347 34.2809 34.2265 34.2167 52.4908 47.7129 41.0953 38.2516 47.7284 36.4456
threshold=12.18041666666667 13.385000000000003 2.2641666666666684 -0.41467745240824966 9.4050000000000029 15.235000000000001 1.4054317475370108 1.1499156780576987 1.3387992120534939 2.090431610105322 2.1994146940322445 960.55000000000007 1.2410622688020467 1.0000000180025095e-35 3.9119661507626637 8.5000000000000018 10.321250000000003 0.11319890333640049 0.13052122218260662 0.010000000000000122 3.5000000000000004 2.1485781671159034 953.95000000000016 0.77000000000000002 965.35000000000002 8.5450000000000017 2.5000000000000004 5.535000000000001 15.500000000000002 968.35000000000002
decision_type=2 8 2 2 10 8 2 2 2 2 2 2 2 10 2 2 2 2 2 10 2 2 2 10 2 8 2 10 2 2
left_child=2 8 3 -1 23 6 -3 -8 -2 11 -9 12 14 -5 -6 16 17 -13 -12 20 22 -21 -11 24 -4 27 -27 -26 -29 -25
right_child=1 5 4 13 9 -7 7 10 -10 19 18 15 -14 -15 -16 -17 -18 -19 -20 21 -22 -23 -24 29 25 26 -28 28 -30 -31
leaf_value=-1.3196910286453408e-05 0.00014180042878807141 0.00013149684111250724 -5.6400078999226942e-05 -3.5370200349611259e-05 4.0716840327869038e-05 0.00013351247233925334 -0.00071427809600100862 0.0001386992561824818 -0.00081256125881297599 -0.0012378690994120686 -2.3246201842745396e-05 0.0026590903550054511 0.0019245449504421762 -3.942472378225913e-05 0.0016664902690837519 0.00034697181077732728 -0.00020345291472432579 -0.0017051659780043926 0.00013349713462586064 -0.0012249154761688041 -0.0023103035284144863 0.00055394999535404493 0.0011290133762500132 6.9164109139268265e-05 -0.0001463218770555623 -0.0018320886131805126 0.0042662948897322457 -0.0025132082695421701 -4.6239659361219652e-05 0.0046869442068901484
leaf_weight=1684 1847 536 50367 290 10649 992 222 561 499 794 268 474 236 3909 1119 2532 417 244 374 662 1336 3024 835 12308 1392 200 251 519 202 224
leaf_count=1684 1847 536 50367 290 10649 992 222 561 499 794 268 474 236 3909 1119 2532 417 244 374 662 1336 3024 835 12308 1392 200 251 519 202 224
internal_value=0.000125187 0.0117817 -0.000534839 -0.00547724 -0.000203326 0.0170081 0.0140234 0.010972 0.00518077 0.00122811 0.0136341 0.00212235 0.00123407 -0.0075999 0.000958125 0.00502451 0.000289474 0.00497925 0.00806801 -0.000878906 -0.00336364 0.00112165 0.000165239 -0.000691483 -0.0010252 -0.00520825 0.00361842 -0.00709632 -0.012686 0.000717875
internal_weight=98967 5299 93668 5883 87785 2953 1961 1425 2346 22322 1203 15671 12004 4199 11768 3667 1135 718 642 6651 2965 3686 1629 65463 52931 2564 451 2113 721 12532
internal_count=98967 5299 93668 5883 87785 2953 1961 1425 2346 22322 1203 15671 12004 4199 11768 3667 1135 718 642 6651 2965 3686 1629 65463 52931 2564 451 2113 721 12532
is_linear=0
shrinkage=0.03


Tree=170
num_leaves=31
num_cat=0
split_feature=22 16 21 16 16 17 27 2 26 22 1 9 1 9 2 12 10 29 24 29 12 8 16 10 8 16 8 9 11 12
split_gain=858.758 200.419 177.68 80.9667 80.4063 57.365 50.0765 39.1583 38.7723 38.2169 37.1483 47.2651 38.0153 52.3346 87.1695 101.085 64.1606 56.4235 53.7004 63.4324 45.1365 43.0471 38.3468 36.8699 36.7845 35.142 34.7635 41.9842 31.3549 31.1893
threshold=0.97506175887643198 13.385000000000003 2.21763888888889 8.8650000000000002 1.0000000180025095e-35 11.315000000000003 0.35019404643548474 1.2628852307668448 -0.95878322595067689 0.031423709608429579 -7.9499999999999993 3.5000000000000004 -1.1499999999999997 3.5000000000000004 1.1711122817379298 3.4350000000000005 9.5000000000000018 45.500000000000007 6.8500000000000005 21.500000000000004 7.5750000000000011 2.5000000000000004 13.835000000000003 9.5000000000000018 5.5000000000000009 14.695000000000002 21.500000000000004 1.5000000000000002 5.5750000000000011 10.285000000000002
decision_type=2 8 2 8 10 2 2 2 2 2 2 2 2 2 2 10 2 2 2 2 10 2 8 2 2 10 2 2 10 10
left_child=2 8 4 7 -1 10 -6 9 -2 -4 11 24 20 14 16 -16 28 -17 23 -20 26 -19 -21 -15 -5 -7 27 -12 -14 -11
right_child=1 -3 3 5 6 25 -8 -9 -10 29 12 -13 13 18 15 17 -18 21 19 22 -22 -23 -24 -25 -26 -27 -28 -29 -30 -31
leaf_value=-3.4366560331618042e-05 7.9664865112210047e-05 0.00012950704714572936 0.00036739049858812667 0.0021197921922994304 -3.6139352537261774e-05 0.00013203757375893963 -3.9186650503073764e-05 -0.00030133870517755714 0.00014236116213162564 -6.5426626428422772e-05 -0.0006490844907570708 0.0064293147318752464 0.0018894000933734022 -0.000507981525229119 -0.00085181269397802053 -0.0018951928080120789 -0.002237739616459759 0.00010532279746824773 -0.0042174807406142965 0.00076829995366832211 -0.002605398795928283 0.0037785845473605876 -0.0025977331275042499 -0.0025535422624295609 -0.00046173956592587134 0.0002192113079254332 -0.0016037679856350795 0.00041677619761003288 -8.6524596698025477e-05 0.0015064123017391315
leaf_weight=303 818 2425 1082 241 3059 12351 2177 240 652 55855 610 207 1092 2026 255 222 662 412 300 2979 718 1870 227 1124 344 259 278 1851 3069 1509
leaf_count=303 818 2425 1082 241 3059 12351 2177 240 652 55855 610 207 1092 2026 255 222 662 412 300 2979 718 1870 227 1124 344 259 278 1851 3069 1509
internal_value=0.000132733 0.0139308 -0.000431777 -0.000109926 -0.00564394 0.00112758 -0.00476245 -0.000765705 0.0051661 -0.000715471 6.32706e-05 0.006399 -0.000222034 0.000463386 0.00216686 0.00641462 -0.000267191 0.0082503 -0.00147726 0.00107662 -0.00304159 0.00965457 0.00231704 -0.00431696 0.00198305 0.00268728 -0.00127915 -0.00013382 0.00111618 -0.000821001
internal_weight=99217 3895 95322 89783 5539 31097 5236 58686 1470 58446 18487 792 17695 14238 7582 2759 4823 2504 6656 3506 3457 2282 3206 3150 585 12610 2739 2461 4161 57364
internal_count=99217 3895 95322 89783 5539 31097 5236 58686 1470 58446 18487 792 17695 14238 7582 2759 4823 2504 6656 3506 3457 2282 3206 3150 585 12610 2739 2461 4161 57364
is_linear=0
shrinkage=0.03


Tree=171
num_leaves=31
num_cat=0
split_feature=22 16 21 16 21 27 15 11 2 25 2 11 24 27 2 9 2 28 8 8 29 23 16 14 28 24 21 11 16 25
split_gain=867.888 215.226 162.318 82.9311 65.0727 53.6127 50.7835 44.415 44.3065 43.306 53.239 53.9235 42.3068 56.1027 40.349 53.6692 48.6362 63.4393 76.2207 77.7463 52.1714 49.3736 44.6547 40.0689 39.9477 69.9771 37.9705 46.2629 37.8062 36.7431
threshold=0.96664622709285053 13.385000000000003 2.21763888888889 1.0000000180025095e-35 7.6775000000000011 0.35019404643548474 -0.96999999999999975 3.8250000000000006 1.1719431525115351 1.4054317475370108 1.1579767768901479 10.695000000000002 3.5500000000000003 -0.57357643635104616 1.2401305403063472 1.5000000000000002 1.2141520597395583 950.85000000000002 15.500000000000002 4.5000000000000009 80.500000000000014 4.8150000000000004 11.765000000000002 0.36896250938724556 958.95000000000016 5.0500000000000007 4.8276388888888908 8.3450000000000006 13.095000000000001 1.8389155982905985
decision_type=2 8 2 10 2 2 10 10 2 2 2 10 2 2 2 2 2 2 2 2 2 2 8 2 2 2 2 10 8 2
left_child=2 8 3 -1 7 -5 28 -4 -2 -3 -11 -12 13 -9 16 -16 24 -18 19 21 -21 -19 -20 -15 -8 -26 -14 -28 -6 -22
right_child=1 9 4 5 6 -7 14 12 -10 10 11 -13 26 23 15 -17 17 18 22 20 29 -23 -24 -25 25 -27 27 -29 -30 -31
leaf_value=-3.3286679986431873e-05 0.00011136764768398421 0.00012999181904765344 3.3504564432002005e-06 -3.433237969835719e-05 -0.0010318728637876851 -3.8463335968427491e-05 0.00016842258598423864 0.00096525763908428123 0.0001332755810604802 0.00015303900033266315 0.00013268896141326036 0.0001256199425408655 -0.00028809991556040299 -0.00094872292472382436 -0.00040131165688471357 0.0017576416801377314 -0.0043529240055745072 0.001548138374676523 0.0001231564416382902 -0.003101053397621113 -0.0012117573810079395 -0.0020711023755436409 0.00081093703474786167 -0.00030519679363763709 -0.0025010916070888948 0.00036148132634052977 -2.7568079496190776e-05 -0.001408644364947018 0.0012119485688129438 0.0014371080269974406
leaf_weight=309 1141 726 27209 3043 2917 2165 16048 530 1010 418 632 1038 6603 1310 393 805 263 853 752 1157 211 203 378 2554 434 3636 20220 1667 221 211
leaf_count=309 1141 726 27209 3043 2917 2165 16048 530 1010 418 632 1038 6603 1310 393 805 263 853 752 1157 211 203 378 2554 434 3636 20220 1667 221 211
internal_value=7.783e-05 0.0122958 -0.000567499 -0.00555777 -0.000256378 -0.00464991 0.000924632 -0.000816167 0.00513451 0.017751 0.0154802 0.0178746 -0.00155797 -0.00429643 0.00137047 0.00673317 0.00110306 -0.00190429 -0.000899204 -0.00369318 -0.00789773 0.00260132 0.00560352 -0.00555182 0.00170551 0.00435828 -0.00113494 -0.000533071 -0.00267261 0.00112412
internal_weight=99057 4965 94092 5517 88575 5208 28482 60093 2151 2814 2088 1670 32884 4394 25344 1198 24146 4028 3765 2635 1579 1056 1130 3864 20118 4070 28490 21887 3138 422
internal_count=99057 4965 94092 5517 88575 5208 28482 60093 2151 2814 2088 1670 32884 4394 25344 1198 24146 4028 3765 2635 1579 1056 1130 3864 20118 4070 28490 21887 3138 422
is_linear=0
shrinkage=0.03


Tree=172
num_leaves=31
num_cat=0
split_feature=19 16 5 2 16 19 25 28 16 25 28 10 25 20 10 28 9 25 29 27 28 10 28 29 17 28 9 16 27 29
split_gain=833.798 228.204 124.116 75.1585 66.0327 58.6324 52.2412 54.8718 47.1342 48.273 45.2554 42.2806 40.0431 39.6252 39.4672 76.2122 60.1375 60.1897 60.0823 61.2856 61.2836 58.4876 54.5918 54.4151 53.1605 52.7377 47.6628 48.6313 42.2097 40.2864
threshold=12.333750000000002 13.385000000000003 0.031837191419278175 1.119521429291779 9.4050000000000029 1.652916666666667 2.090431610105322 960.55000000000007 15.235000000000001 1.3714850367024283 944.35000000000002 10.500000000000002 1.3981227929786439 2.356122343948889 9.5000000000000018 947.6500000000002 1.5000000000000002 1.419706410884735 56.500000000000007 0.21643137258081221 952.75000000000011 11.500000000000002 963.75000000000011 89.500000000000014 4.4150000000000009 958.25000000000011 1.5000000000000002 7.1650000000000009 0.026175951569892341 59.500000000000007
decision_type=2 8 2 2 10 2 2 2 8 2 2 2 2 2 2 2 2 2 2 2 2 2 2 2 2 2 2 8 2 2
left_child=2 13 3 -1 14 11 7 -6 9 -3 -7 -5 -9 -2 22 -16 18 21 19 20 -17 -18 -4 29 -24 -20 -26 -28 -23 -19
right_child=1 8 4 5 6 10 -8 12 -10 -11 -12 -13 -14 -15 15 16 17 23 25 -21 -22 28 24 -25 26 -27 27 -29 -30 -31
leaf_value=0.00010331552817503527 0.0001302568185219627 0.00012065503109424558 -8.1742066087142626e-05 -3.7056886802392782e-05 0.00013840641941575803 -0.00053623008051432303 -0.00033841580882806448 0.00039468472858340982 0.00012185357083227544 0.00012170110788830234 -3.4039031575703251e-05 -2.474108859712212e-05 0.00017996545045478873 -0.00024477373537017068 0.0041465045320116991 -0.00037676866003077318 0.0017742909160005304 -0.00026558027708373921 -0.00074731169607186233 -0.00033002813930776021 0.0025614908845026309 -0.00083716717966882224 -0.00017630022508747497 0.0026942795113485038 -0.00085584213572472421 -0.00011900686197172688 -0.00027798320864455534 0.0014772929028325354 0.00033851723175357069 0.00016604456616612105
leaf_weight=2427 1608 433 43644 1312 11954 212 6656 911 973 1435 6370 395 2897 596 377 203 2001 2239 1291 601 598 216 696 321 374 1696 805 672 308 4895
leaf_count=2427 1608 433 43644 1312 11954 212 6656 911 973 1435 6370 395 2897 596 377 203 2001 2239 1291 601 598 216 696 321 374 1696 805 672 308 4895
internal_value=8.29289e-05 0.0119584 -0.000554552 -0.00359295 -0.000163748 -0.00495177 0.0012282 0.00216909 0.017572 0.0147037 -0.00366176 -0.0099007 0.00530291 0.00469896 -0.000675889 0.000675208 0.000323501 0.00161042 -0.00260127 0.00251599 0.00792804 0.0056087 -0.00110724 0.000253351 -0.00537226 -0.00500334 -0.00269935 -0.000263158 -0.00328922 -0.000294159
internal_weight=99116 5045 94071 10716 83355 8289 22418 15762 2841 1868 6582 1707 3808 2204 60937 14746 14369 9980 4389 1402 801 2525 46191 7455 2547 2987 1851 1477 524 7134
internal_count=99116 5045 94071 10716 83355 8289 22418 15762 2841 1868 6582 1707 3808 2204 60937 14746 14369 9980 4389 1402 801 2525 46191 7455 2547 2987 1851 1477 524 7134
is_linear=0
shrinkage=0.03


Tree=173
num_leaves=31
num_cat=0
split_feature=22 21 21 11 10 1 14 25 12 6 3 8 8 21 3 1 8 20 10 2 2 25 8 25 20 14 24 9 7 24
split_gain=842.674 194.507 113.575 80.0303 75.0375 71.5702 65.1097 58.3257 50.8571 53.1862 44.4267 43.7036 41.8129 42.7475 35.1676 35.719 43.5634 71.0269 57.5234 48.5461 51.5631 37.9126 59.1265 36.1097 39.5885 35.5806 38.4636 34.7046 36.3043 37.7931
threshold=0.95555648399106141 2.21763888888889 13.128333333333336 12.575000000000001 3.5000000000000004 8.6500000000000004 0.67574650079251497 1.3981227929786439 6.2550000000000008 1.5000000000000002 6.357118594936062 8.5000000000000018 13.500000000000002 1.790416666666667 5.2458997176856297 20.750000000000004 16.500000000000004 2.8578838324886484 1.5000000000000002 1.22268976910648 1.2368804787596075 1.2832111164248901 10.500000000000002 1.2890195511976279 2.6198624319437802 0.37269290307168784 13.15 1.0000000180025095e-35 13.500000000000002 1.8500000000000003
decision_type=2 2 2 8 2 2 2 2 8 2 2 2 2 2 2 2 2 2 2 2 2 2 2 2 2 2 2 2 2 2
left_child=1 4 3 11 12 -4 -7 -8 10 -10 -3 -2 -1 -14 -11 16 18 -18 19 -16 -21 22 -17 -20 25 -25 -27 -6 -29 -30
right_child=2 8 5 -5 27 6 7 -9 9 14 -12 -13 13 -15 15 21 17 -19 23 20 -22 -23 -24 24 -26 26 -28 28 29 -31
leaf_value=-3.3272314047405014e-05 8.2529236374175857e-05 -3.5989651623857633e-05 0.00011819387300093353 -0.00022908959884334278 -8.7656660019140743e-05 0.00018768555063145896 0.0002577885606323904 0.00011688322126908179 0.00041051064881259561 0.0014724224787945853 -0.0010276451721782129 0.00012053484786339497 -3.7274995686564728e-05 5.5333818428801246e-05 -4.8091065750548443e-05 0.0028573964766168323 0.00020537371459608656 0.0034100528367850776 -0.00017410162190987453 -0.0033579142774606144 0.0006256606558008071 -0.0013040956745131232 -0.00019153533314540254 0.00071659903596562929 -0.00055231226297002716 -4.0759591399880667e-05 0.00062669561842355057 -4.4030654927256406e-05 0.00023049814653970191 -3.3589698393301415e-05
leaf_weight=737 535 51729 1510 597 543 592 243 650 8413 1293 3144 1246 219 336 733 453 4227 688 2042 463 219 3301 2996 2435 2531 3452 331 1169 487 1949
leaf_count=737 535 51729 1510 597 543 592 243 650 8413 1293 3144 1246 219 336 733 453 4227 688 2042 463 219 3301 2996 2435 2531 3452 331 1169 487 1949
internal_value=0.000115143 -0.000546355 0.0116642 0.0067478 -0.00604959 0.01555 0.0108121 0.00564588 -0.000207563 0.000711989 -0.000770254 0.00992721 -0.0123516 -0.00605357 2.1455e-05 -0.00023999 0.000488731 0.00287195 -0.000471706 -0.00614789 -0.0118777 -0.00208734 0.000112913 0.000275102 0.00111378 0.00240077 0.000578141 -0.00407416 -0.003 -0.000909463
internal_weight=99263 93890 5373 2378 5440 2995 1485 893 88450 33577 54873 1781 1292 555 25164 23871 17121 4915 12206 1415 682 6750 3449 10791 8749 6218 3783 4148 3605 2436
internal_count=99263 93890 5373 2378 5440 2995 1485 893 88450 33577 54873 1781 1292 555 25164 23871 17121 4915 12206 1415 682 6750 3449 10791 8749 6218 3783 4148 3605 2436
is_linear=0
shrinkage=0.03


Tree=174
num_leaves=31
num_cat=0
split_feature=21 21 16 21 26 10 15 21 9 14 14 17 25 6 18 29 20 14 25 26 14 18 21 21 17 27 13 14 23 14
split_gain=817.247 174.998 119.138 112.668 74.1677 71.2353 57.1875 49.1105 47.7619 44.2971 41.4211 40.4924 36.5139 36.0781 42.8897 35.8815 34.8797 30.4002 32.6709 45.3262 36.4342 33.9649 36.0006 32.3006 38.9366 33.4895 41.6572 40.376 32.6093 38.6253
threshold=13.128333333333336 2.2641666666666684 13.385000000000003 11.915833333333333 0.94828754594723541 4.5000000000000009 0.50000000000000044 1.8470833333333336 1.0000000180025095e-35 0.68237330936469875 1.9320584842178008 12.575000000000001 1.949484316852738 1.5000000000000002 1.7450000000000003 71.500000000000014 4.3936990727875775 1.2601190419956809 2.7562539086929334 0.49240481012316861 0.28023799409312972 6.5550000000000006 3.3362500000000002 7.8366666666666687 12.645000000000001 0.06104621499353461 8.2550000000000043 0.21733231083610602 4.8150000000000004 0.42579337712090909
decision_type=2 2 8 2 2 2 10 2 2 2 2 2 2 2 10 2 2 2 2 2 2 10 2 2 2 2 2 2 2 2
left_child=1 5 9 6 -5 7 16 -1 -7 -2 -4 -8 -6 -10 15 -15 17 18 23 21 -21 22 -20 -3 -25 27 -27 -26 -28 -30
right_child=2 3 10 4 12 8 11 -9 13 -11 -12 -13 -14 14 -16 -17 -18 -19 19 20 -22 -23 -24 24 25 26 28 -29 29 -31
leaf_value=-3.2771365132511014e-05 0.00012499264833460975 -5.2733615511460876e-05 0.0001146499209496421 0.00010365938460248136 0.00011113993831522673 -8.5026960218566493e-05 0.00010949419826300044 -3.1696998425041234e-05 -4.2931474009719855e-05 0.00010241658055703539 0.0001207394215884916 0.00044879332600413657 4.5341516456514631e-05 2.4908777122075366e-05 -3.4835475328537145e-05 0.00051659809077504292 0.0013564855056337956 -0.00029269250048239109 -3.4777895452887745e-05 -0.00094335319542730527 -0.00024363411162867324 -0.001740175972883887 0.0008501945711180994 0.00028683400658866042 0.00050377862182391709 -0.001292923869771671 0.00034622815789596802 -0.00010151208681597024 -0.00018853455501695036 0.00018945409063811201
leaf_weight=938 415 35581 1870 2024 797 525 20775 919 1029 541 220 1585 218 1237 880 355 1434 8434 297 420 836 211 436 13196 446 1274 391 1021 411 218
leaf_count=938 415 35581 1870 2024 797 525 20775 919 1029 541 220 1585 218 1237 880 355 1434 8434 297 420 836 211 436 13196 446 1274 391 1021 411 218
internal_value=0.000152215 -0.000334122 0.0154376 -6.33263e-06 0.00566689 -0.00534477 -0.000204896 -0.0101987 -0.00309601 0.00661811 0.0194463 0.00110262 0.0122647 -0.00182259 0.000145337 0.00308078 -0.000657473 -0.000762619 -0.000504174 -0.00408163 -0.00780333 0.000885142 0.00394309 -0.000353996 0.000723382 -0.0019676 -0.00422793 0.00156929 0.000292683 -0.00392744
internal_weight=98934 95888 3046 90005 3039 5883 86966 1857 4026 956 2090 22360 1015 3501 2472 1592 64606 63172 54738 2200 1256 944 733 52538 16957 3761 2294 1467 1020 629
internal_count=98934 95888 3046 90005 3039 5883 86966 1857 4026 956 2090 22360 1015 3501 2472 1592 64606 63172 54738 2200 1256 944 733 52538 16957 3761 2294 1467 1020 629
is_linear=0
shrinkage=0.03


Tree=175
num_leaves=31
num_cat=0
split_feature=22 21 21 26 10 25 20 10 29 8 21 12 10 10 7 29 8 28 19 28 10 8 2 26 11 25 28 28 10 8
split_gain=829.338 151.921 111.782 83.594 74.8183 82.4164 77.5135 59.4328 56.6525 53.0687 66.1831 46.7273 43.8459 43.4782 42.4329 40.6078 71.2933 62.8043 56.2995 53.6253 52.8123 48.0007 54.058 53.0993 55.4605 95.4511 69.481 52.5787 67.2784 49.6347
threshold=0.95555648399106141 2.2641666666666684 13.128333333333336 0.94828754594723541 10.500000000000002 1.4054317475370108 2.1708178181578464 3.5000000000000004 62.500000000000007 13.500000000000002 1.790416666666667 8.0750000000000011 4.5000000000000009 3.5000000000000004 35.500000000000007 39.500000000000007 12.500000000000002 961.25000000000011 8.5258333333333365 967.6500000000002 1.5000000000000002 1.5000000000000002 1.1769532411188264 0.99535829673000953 3.4650000000000003 1.2586778172099546 953.95000000000016 960.55000000000007 9.5000000000000018 8.5000000000000018
decision_type=2 2 2 2 2 2 2 2 2 2 2 8 2 2 2 2 2 2 2 2 2 2 2 2 8 2 2 2 2 2
left_child=1 7 3 -2 5 -4 13 9 -8 -1 -11 15 14 -7 -13 17 21 20 19 -18 -3 22 -17 24 -23 26 -26 28 -25 -27
right_child=2 11 4 -5 -6 6 8 -9 -10 10 -12 12 -14 -15 -16 16 18 -19 -20 -21 -22 23 -24 27 25 29 -28 -29 -30 -31
leaf_value=-3.074608847228998e-05 9.217205362365643e-05 -0.0024500259798358429 0.00012646374455990261 0.00010842480040249236 0.00011120855918241523 0.00011121042332115194 0.0006104408962739927 -3.299876753133736e-05 -0.0032335003321926335 -3.6283819921548752e-05 0.00016513132206107115 0.00041771142132772219 1.1823162821065214e-05 0.00011121236753498853 -9.9371622790775935e-05 0.0011326904634190033 3.9793438421938385e-05 -0.001127031006152891 0.0013555483726635752 0.0035222155968166278 -0.00016565151777511391 -4.4896133754138841e-06 -6.91858537614355e-05 0.00033714389939748068 0.0023320420647115385 -0.00037541725156691445 -0.00032543762854090566 0.0020731816455770015 -0.0013257297710351662 -0.00096812502535266074
leaf_weight=788 1558 209 785 815 803 414 217 4515 266 235 410 3697 10893 530 1435 2605 16409 308 2403 521 17675 8910 2672 2469 1117 10780 1108 912 570 3172
leaf_count=788 1558 209 785 815 803 414 217 4515 266 235 410 3697 10893 530 1435 2605 16409 308 2403 521 17675 8910 2672 2469 1117 10780 1108 912 570 3172
internal_value=7.46931e-05 -0.000582937 0.0115149 0.00662321 0.0153477 0.0124493 0.00810754 -0.0052209 -0.00165984 -0.0105355 -0.00410769 -0.000268692 0.00119588 0.0130875 0.00348063 -0.000595449 -0.000180046 -0.00182008 0.00127676 0.000666076 -0.00158645 -0.00100087 0.00163006 -0.00147919 -0.00198828 -0.00303485 0.00273094 0.00175177 -0.000147832 -0.003955
internal_weight=99201 93813 5388 2373 3015 2212 1427 5948 483 1433 645 87865 16025 944 5132 71840 53648 18192 19333 16930 17884 34315 5277 29038 25087 16177 2225 3951 3039 13952
internal_count=99201 93813 5388 2373 3015 2212 1427 5948 483 1433 645 87865 16025 944 5132 71840 53648 18192 19333 16930 17884 34315 5277 29038 25087 16177 2225 3951 3039 13952
is_linear=0
shrinkage=0.03


Tree=176
num_leaves=31
num_cat=0
split_feature=22 21 16 16 16 26 17 26 22 21 11 29 27 18 24 27 14 14 16 27 16 25 29 14 15 26 12 21 10 25
split_gain=843.229 192.509 177.043 72.0026 60.6995 52.6252 43.8807 59.5355 40.1719 44.2715 40.0034 45.1277 113.139 56.034 37.7247 63.6497 47.8187 40.5699 39.9159 38.1046 37.0689 36.6894 39.4913 36.0263 35.9097 33.8138 33.0268 36.5813 36.1874 36.6
threshold=0.97506175887643198 2.2641666666666684 13.385000000000003 9.0850000000000026 1.0000000180025095e-35 -0.95878322595067689 15.145000000000001 0.93663652364155514 0.041031767162356417 3.0937500000000004 3.3450000000000002 84.500000000000014 0.32556815445715659 4.5450000000000008 3.7500000000000004 -0.36648727148060634 0.50921508225895973 0.39344631145811532 5.0550000000000006 -0.13917310096006555 15.235000000000001 2.090431610105322 85.500000000000014 1.4251432676518283 0.010000000000000122 0.87878364999916148 0.8650000000000001 1.8470833333333336 11.500000000000002 2.2338945481984536
decision_type=2 2 8 10 10 2 2 2 2 2 8 2 2 10 2 2 2 2 8 2 8 2 2 2 10 2 10 2 2 2
left_child=1 4 5 8 -1 -2 21 -8 -3 -10 -11 14 13 -13 15 -12 18 -17 -16 -19 -4 -5 24 -15 25 -23 27 -6 29 -28
right_child=2 3 20 6 26 -7 7 -9 9 10 11 12 -14 23 16 17 -18 19 -20 -21 -22 22 -24 -25 -26 -27 28 -29 -30 -31
leaf_value=-2.8272679953200965e-05 2.2719622736790957e-05 6.1424735243989986e-05 0.00010766639233043218 0.00013982881173320915 -4.0927925749757766e-05 0.00011964349774652216 -0.00050279914601485728 0.00013718869462685856 -7.9578815452243846e-05 6.8696803343423895e-05 0.00041055457673707209 0.00010110080286847955 0.0068924200739330851 -0.0017200002007974769 -0.00031732394594730892 -0.00080624231969036639 -0.00026026461037492764 -0.00053600601760648398 0.00055564783159652964 -2.4049659298352504e-05 0.00010787605981962267 0.0016239855018147687 0.0017469046587728443 0.00048408447843557189 0.00015077868726055043 -0.0017535705158908898 -3.0662664537428414e-05 -3.5019088218451381e-05 7.8720045590167362e-05 -3.6445398007140321e-05
leaf_weight=318 793 3928 1519 18318 684 657 352 533 5336 13202 1501 589 222 1542 2765 1690 19896 722 9505 1781 931 450 254 237 3892 2734 3604 587 397 315
leaf_count=318 793 3928 1519 18318 684 657 352 533 5336 13202 1501 589 222 1542 2765 1690 19896 722 9505 1781 931 450 254 237 3892 2734 3604 587 397 315
internal_value=7.25375e-05 -0.000487002 0.0137362 -0.000140519 -0.00573096 0.00540206 0.00117002 0.0077191 -0.00069325 -0.000888919 -0.000629554 -0.00109752 -0.00492486 -0.00685209 -0.000835072 -0.00308475 -0.000436418 -0.00498094 0.00103625 -0.00254785 0.0186477 0.00094258 -0.000850716 -0.00950112 -0.00127101 -0.00363123 -0.00499464 -0.00923981 -0.00373525 -0.00461009
internal_weight=99254 95354 3900 89449 5905 1450 26533 885 62916 58988 53652 40450 2590 2368 37860 5694 32166 4193 12270 2503 2450 25648 7330 1779 7076 3184 5587 1271 4316 3919
internal_count=99254 95354 3900 89449 5905 1450 26533 885 62916 58988 53652 40450 2590 2368 37860 5694 32166 4193 12270 2503 2450 25648 7330 1779 7076 3184 5587 1271 4316 3919
is_linear=0
shrinkage=0.03


Tree=177
num_leaves=31
num_cat=0
split_feature=21 21 16 22 11 16 16 29 14 28 10 29 8 11 10 10 26 8 1 1 10 28 24 1 29 24 25 16 25 24
split_gain=807.539 185.445 101.09 97.6402 79.8794 68.6909 55.76 54.5039 50.3671 40.5612 79.9179 79.171 77.1576 107.029 60.7984 52.2865 50.0616 81.4302 81.5977 56.887 56.1479 50.147 48.1863 51.5175 47.9701 52.8974 46.0414 45.6889 45.9056 50.881
threshold=13.128333333333336 2.21763888888889 13.385000000000003 0.95555648399106141 12.575000000000001 1.0000000180025095e-35 9.0850000000000026 72.500000000000014 1.2772757443887259 953.1500000000002 6.5000000000000009 25.500000000000004 13.500000000000002 3.8950000000000005 5.5000000000000009 3.5000000000000004 -0.73724926354828224 19.500000000000004 15.850000000000003 31.950000000000003 8.5000000000000018 946.1500000000002 4.6500000000000012 9.8500000000000032 28.500000000000004 7.7500000000000009 1.044797023286927 6.2250000000000005 2.1190720641439333 11.15
decision_type=2 2 8 2 8 10 8 2 2 2 2 2 2 10 2 2 2 2 2 2 2 2 2 2 2 2 2 10 2 2
left_child=1 5 8 6 7 -1 9 -5 -2 10 14 15 13 -13 22 -11 17 19 -19 -12 -20 -21 -3 -24 25 -18 -25 -14 29 -29
right_child=2 3 -4 4 -6 -7 -8 -9 -10 11 16 12 27 -15 -16 -17 24 18 20 21 -22 -23 23 26 -26 -27 -28 28 -30 -31
leaf_value=-2.7473383089842549e-05 0.00011726232972776751 -0.00018441854711326379 0.00010463782882692674 0.00010672797276240597 -0.00022061382164466513 -3.1435637025165731e-05 0.00011503981471334356 1.6317279753425005e-05 -0.00085918396934925312 -0.0021169715777988071 -0.00044439442598223069 3.7191868894458771e-07 -4.6062602596532596e-05 -0.00059793564301205068 0.0011696218974724269 -0.0001756148226662323 -0.00036169225064662774 -0.0013294189551957916 0.00060673699140445406 0.00086020696338962976 0.0048514749012174771 -0.00061711504927501712 0.0040041349386060604 0.0019322638887238658 0.00031875227739328342 0.00035990543554633873 2.0978845016331181e-05 0.0013778806949672558 -0.0004412049363985448 -0.0019647600945624892
leaf_weight=291 687 3173 2076 1290 585 5195 27608 495 245 286 7083 7756 6478 8668 3467 565 1217 203 1529 1205 434 355 650 457 7115 942 3592 3730 1290 469
leaf_count=291 687 3173 2076 1290 585 5195 27608 495 245 286 7083 7756 6478 8668 3467 565 1217 203 1529 1205 434 355 650 457 7115 942 3592 3730 1290 469
internal_value=0.000139801 -0.00033953 0.0154331 -1.52239e-05 0.00598737 -0.00569295 -0.000176716 0.00913408 0.00717182 -0.000685358 6.30032e-05 -0.00148938 -0.00121813 -0.0025528 0.00207599 -0.010479 -0.00107378 -0.0024607 0.00273607 -0.00376388 0.0046189 0.00141853 0.000616986 0.00254464 0.000543162 -0.00336876 0.00128022 0.000613933 0.0026265 0.00414605
internal_weight=99136 96128 3008 90642 2370 5486 88272 1785 932 60664 31422 29242 28391 16424 11339 851 20083 10809 2166 8643 1963 1560 7872 4699 9274 2159 4049 11967 5489 4199
internal_count=99136 96128 3008 90642 2370 5486 88272 1785 932 60664 31422 29242 28391 16424 11339 851 20083 10809 2166 8643 1963 1560 7872 4699 9274 2159 4049 11967 5489 4199
is_linear=0
shrinkage=0.03


Tree=178
num_leaves=31
num_cat=0
split_feature=22 16 21 17 16 16 29 27 14 22 1 9 1 8 0 27 16 8 23 27 17 10 9 9 9 10 15 25 29 10
split_gain=806.591 171.731 166.195 74.8908 72.7023 52.3341 44.553 41.0871 42.4382 38.9614 34.9096 58.7633 45.0411 65.3001 77.2502 57.2328 63.3482 41.5806 66.2929 56.8012 51.3635 42.3141 76.843 39.6414 52.3408 37.543 55.9909 47.9641 36.1926 51.2714
threshold=0.97506175887643198 13.385000000000003 2.21763888888889 15.145000000000001 1.0000000180025095e-35 8.8650000000000002 48.500000000000007 -0.30069434954884217 1.3230772212283426 0.031423709608429579 -6.7499999999999991 3.5000000000000004 0.8500000000000002 15.500000000000002 3.7750000000000004 0.078456108245891568 13.095000000000001 4.5000000000000009 5.205000000000001 0.26722820045975998 11.145000000000001 11.500000000000002 4.5000000000000009 1.5000000000000002 3.5000000000000004 11.500000000000002 -0.089999999999999622 2.0151286276663929 53.500000000000007 3.5000000000000004
decision_type=2 8 2 2 10 8 2 2 2 2 2 2 2 2 2 2 8 2 2 2 2 2 2 2 2 2 10 2 2 2
left_child=2 7 4 5 -1 9 -5 -2 -9 -4 11 25 13 17 -15 -16 -17 18 19 20 -12 23 -23 -19 -25 26 -7 -28 -14 -30
right_child=1 -3 3 6 -6 10 -8 8 -10 -11 12 -13 28 14 15 16 -18 21 -20 -21 -22 22 -24 24 -26 -27 27 -29 29 -31
leaf_value=-2.660029806190966e-05 0.00018566038139319728 0.00010149869396211764 0.00038896191819455972 0.00016838559491872296 -3.0145855458519435e-05 0.00088263756827906847 8.1701577154612564e-05 0.00010635180417101652 -0.0013783855558680636 -5.8260281094678446e-05 -8.8045043953677284e-06 0.0020109242935502656 9.9803227176886718e-06 -0.00092921837428086985 -0.0002705561657769162 0.00079695249252536627 0.0013443185576178828 -0.0014525837181843236 -0.0022166648068201299 -0.0011616683463437237 0.0026735292588455882 0.00059618887842384223 -0.0034855213070132721 0.00040924409300076346 -0.001687740431322099 0.0013128933111724527 -0.001496412094321552 0.0011454577662666399 0.00090053145778416159 0.0002498513561343729
leaf_weight=295 274 2401 1071 545 5215 335 507 876 299 57706 693 600 11322 264 890 1358 217 602 227 555 561 427 368 555 1249 470 379 223 1922 6941
leaf_count=295 274 2401 1071 545 5215 335 507 876 299 57706 693 600 11322 264 890 1358 217 602 227 555 561 427 368 555 1249 470 379 223 1922 6941
internal_value=7.15637e-05 0.0135253 -0.000471508 -0.000161681 -0.00552675 -0.000256015 0.00777673 0.00534388 0.00287288 -0.000777279 0.000759871 0.00457753 0.00048693 -0.00142266 0.00233723 0.00399595 0.00742405 -0.0033823 -2.93974e-05 0.00190187 0.00543288 -0.00551154 0.0004875 -0.00749067 -0.00524046 0.00121105 -0.00226115 -0.00771005 0.00124071 0.00267591
internal_weight=99347 3850 95497 89987 5510 88935 1052 1449 1175 58777 30158 2007 28151 7966 2729 2465 1575 5237 2036 1809 1254 3201 795 2406 1804 1407 937 602 20185 8863
internal_count=99347 3850 95497 89987 5510 88935 1052 1449 1175 58777 30158 2007 28151 7966 2729 2465 1575 5237 2036 1809 1254 3201 795 2406 1804 1407 937 602 20185 8863
is_linear=0
shrinkage=0.03


Tree=179
num_leaves=31
num_cat=0
split_feature=21 21 16 17 16 26 16 28 25 10 8 27 9 2 2 29 0 10 9 26 13 17 2 4 2 9 2 29 25 10
split_gain=817.385 173.58 114.032 89.5044 75.6106 70.4372 47.5856 47.0342 81.9408 75.3655 65.6901 92.4586 54.7865 44.3342 61.9564 43.9538 39.4329 38.7273 65.2135 53.9515 48.9306 45.9118 57.1761 65.8058 44.533 84.0961 78.5617 48.4871 43.6299 44.4959
threshold=13.128333333333336 2.21763888888889 13.385000000000003 14.605000000000002 1.0000000180025095e-35 -0.93663652364155492 9.0850000000000026 960.55000000000007 1.4126043859053572 11.500000000000002 13.500000000000002 0.11319890333640049 1.0000000180025095e-35 1.2448032254162646 1.2222374236189488 49.500000000000007 8.0750000000000011 4.5000000000000009 3.5000000000000004 0.96359376111369366 8.3983333333333352 11.965000000000002 1.2039751285310145 0.54417414518432794 1.181161154297971 2.5000000000000004 1.1333474237382848 59.500000000000007 2.1408692706064572 2.5000000000000004
decision_type=2 2 8 2 10 2 10 2 2 2 2 2 2 2 2 2 2 2 2 2 2 2 2 2 2 2 2 2 2 2
left_child=1 4 -2 6 -1 -5 -3 13 -9 10 11 -10 -11 14 17 16 -7 18 24 -19 28 22 23 -21 25 26 -8 -26 29 -20
right_child=2 3 -4 5 -6 15 7 8 9 12 -12 -13 -14 -15 -16 -17 -18 19 20 21 -22 -23 -24 -25 27 -27 -28 -29 -30 -31
leaf_value=-2.5802289120052357e-05 0.00010757950545737582 -4.1167355332371241e-05 9.8454066520392564e-05 -0.00072898532622337245 -2.9208104333751215e-05 6.4653848596288866e-05 0.00087739755540436001 0.00043460915540629084 0.00015895435851136396 0.0027814578948318247 0.00034424744377092528 -0.0021679542381290448 0.00041704106030709509 0.0027104401694855434 -0.0013662694456222418 8.5843533861947865e-05 0.00011004949758062543 0.00014467341717837477 -0.0030181166991305802 -1.5921684731947661e-05 0.00023025987844344287 0.00011248747636858902 -0.0041798807951347518 -0.002158993355453259 0.00035196849367657269 0.0027422459398895949 -0.0011771610388057274 0.0035759558223351861 0.00072042745308921355 -0.00041311602699398039
leaf_weight=299 963 63052 2064 564 5270 232 493 1058 908 267 1042 942 1045 232 1596 756 696 8152 481 1674 882 1007 305 979 427 329 1176 808 580 939
leaf_count=299 963 63052 2064 564 5270 232 493 1058 908 267 1042 942 1045 232 1596 756 696 8152 481 1674 882 1007 305 979 427 329 1176 808 580 939
internal_value=0.000148151 -0.000335253 0.0154848 -1.91996e-05 -0.00547363 0.00588549 -0.000169724 0.000928653 0.00345168 0.00156807 -0.00113911 -0.0045283 0.00751708 0.000266135 0.000111935 0.00895204 0.0133119 0.000608653 0.00255392 -0.000373701 -0.000727399 -0.00324181 -0.00512319 -0.00369074 0.0054756 0.00269596 -5.37634e-05 0.00994355 -0.0033217 -0.00614737
internal_weight=99218 96191 3027 90622 5569 2248 88374 25322 5262 4204 2892 1850 1312 20060 19828 1684 928 18232 6115 12117 2882 3965 2958 2653 3233 1998 1669 1235 2000 1420
internal_count=99218 96191 3027 90622 5569 2248 88374 25322 5262 4204 2892 1850 1312 20060 19828 1684 928 18232 6115 12117 2882 3965 2958 2653 3233 1998 1669 1235 2000 1420
is_linear=0
shrinkage=0.03


Tree=180
num_leaves=31
num_cat=0
split_feature=22 21 1 10 21 25 15 17 29 11 12 25 8 29 8 26 29 1 28 28 28 12 10 17 21 1 17 28 8 21
split_gain=813.004 156.46 85.252 75.0456 56.3981 50.6969 42.0731 48.8758 41.9759 41.2234 47.1541 45.4906 54.0644 75.1185 67.9517 47.2273 70.7518 45.6296 45.7634 47.9858 44.63 49.4557 44.9199 42.8814 50.6149 48.0871 40.7995 40.575 40.1014 46.1201
threshold=0.97506175887643198 2.21763888888889 14.850000000000003 3.5000000000000004 7.9612500000000015 1.4054317475370108 -0.96999999999999975 15.685 57.500000000000007 3.5450000000000004 2.5950000000000002 1.3277668416447945 16.500000000000004 43.500000000000007 5.5000000000000009 0.86159635224327558 39.500000000000007 6.2500000000000009 957.95000000000016 963.95000000000016 954.85000000000002 4.6950000000000012 6.5000000000000009 5.5450000000000008 6.9825000000000008 -0.94999999999999984 14.995000000000003 945.25000000000011 13.500000000000002 1.790416666666667
decision_type=2 2 2 2 2 2 10 2 2 10 8 2 2 2 2 2 2 2 2 2 2 10 2 2 2 2 2 2 2 2
left_child=1 3 -2 28 9 26 -6 -8 -7 10 -3 15 13 -13 17 20 -17 18 -15 -20 22 -22 -11 24 25 -16 -4 -19 -1 -30
right_child=2 4 5 -5 6 8 7 -9 -10 11 -12 12 -14 14 23 16 -18 27 19 -21 21 -23 -24 -25 -26 -27 -28 -29 29 -31
leaf_value=-2.6611805299522755e-05 9.5498302933065825e-05 -2.3311219306287964e-05 0.0002017067538113526 -2.7914155837084618e-05 -0.00061779450929387917 0.00070437043500221172 0.00010671368756398847 0.00016790647905758793 -0.0088815123938129296 0.00066105498088500528 0.00017131136253756735 -0.00083626535240216235 -2.0853256127232045e-05 -0.0007342173038055222 0.00036101938732787959 -0.00010827515365101014 0.001885117745198252 -0.00054812948863888831 0.00033390574900860835 -0.00074173725548702782 6.1660958016651087e-07 -0.0015481805628772194 -0.00025732932212526878 -0.0010887131373232925 0.0032015325943468677 -0.0003080731970257783 0.00028331151293267128 0.00077462155986984197 -3.1545780241968491e-05 5.9218327477643948e-05
leaf_weight=737 2861 10592 205 4244 2978 418 23493 434 204 1975 13649 2469 9974 1093 422 2552 1844 743 1430 621 980 1114 3440 4105 201 1975 212 3705 224 344
leaf_count=737 2861 10592 205 4244 2978 418 23493 434 204 1975 13649 2469 9974 1093 422 2552 1844 743 1430 621 980 1114 3440 4105 201 1975 212 3705 224 344
internal_value=0.000104592 -0.00044492 0.0135211 -0.00533129 -0.00014266 0.00612069 0.00100669 0.00142529 0.000669856 -0.000634451 0.000335313 -0.00124276 -0.00192948 -0.00296977 -0.00213357 0.000299748 0.00276755 -0.000189549 -0.00295332 -0.00030642 -0.00114586 -0.00485946 0.000293358 -0.00433363 -0.00131387 -0.00253539 0.0141469 0.0017651 -0.0116107 -0.00554974
internal_weight=99238 95338 3900 5549 89789 1039 26905 23927 622 62884 24241 38643 26738 16764 14295 11905 4396 7592 3144 2051 7509 2094 5415 6703 2598 2397 417 4448 1305 568
internal_count=99238 95338 3900 5549 89789 1039 26905 23927 622 62884 24241 38643 26738 16764 14295 11905 4396 7592 3144 2051 7509 2094 5415 6703 2598 2397 417 4448 1305 568
is_linear=0
shrinkage=0.03


Tree=181
num_leaves=31
num_cat=0
split_feature=22 19 2 10 12 25 17 10 17 18 6 1 29 27 12 3 26 17 28 12 1 26 28 12 25 1 12 27 29 28
split_gain=821.813 109.269 76.2721 75.4771 66.5209 57.0398 48.9634 44.8237 46.8124 43.8074 52.087 46.7165 58.6397 73.5162 60.7673 73.754 47.0984 44.4143 48.3617 43.3702 42.5216 41.8817 44.8766 40.0185 41.7425 40.9251 47.1146 48.1259 39.0066 35.0278
threshold=0.97506175887643198 1.7212500000000004 1.1467225763640514 2.5000000000000004 5.3550000000000013 1.4054317475370108 15.145000000000001 1.5000000000000002 14.205000000000002 6.0150000000000006 1.5000000000000002 21.650000000000002 33.500000000000007 0.32556815445715659 12.395000000000001 6.8888444927794525 0.97988739209073494 3.9650000000000003 945.35000000000002 0.8650000000000001 38.45000000000001 -0.62249093318774784 959.35000000000002 7.205000000000001 1.2890195511976279 -1.1499999999999997 9.8050000000000015 0.21643137258081221 57.500000000000007 952.45000000000016
decision_type=2 2 2 2 8 2 2 2 2 10 2 2 2 2 10 2 2 2 2 10 2 2 2 10 2 2 10 2 2 2
left_child=1 3 5 -1 20 -2 9 -4 -9 -6 -11 23 16 14 15 -14 17 -13 -19 -5 29 -8 -23 -12 -25 26 27 -26 -7 -3
right_child=2 4 7 19 6 28 21 8 -10 10 11 12 13 -15 -16 -17 -18 18 -20 -21 -22 22 -24 24 25 -27 -28 -29 -30 -31
leaf_value=-2.5381783818489728e-05 0.00027481216754469018 5.6668930348584279e-06 9.0035056037369719e-05 -3.8243068193175471e-05 0.00054807400587706355 0.00071726128158292046 -0.00051084962130005466 0.00010601710330437441 9.2633353845072985e-05 0.00026299589060099657 -0.00048909736479113976 -0.0024318906332759355 -0.00012886274513427277 0.0010379627431306893 0.0017020580634943782 -0.0037434772989221664 -0.0013659642074133199 0.0017433636217189363 -0.00013167581547761541 -2.3329964324515385e-05 -0.00056048938488111814 0.00019313682048125667 2.0308626888666526e-05 -0.00012925593163247927 0.00035280660290141374 0.00027223919180750734 -0.00047418490331728176 -0.0026845335540280966 -0.0095323982566637988 -3.6832188127869811e-05
leaf_weight=475 379 20534 265 555 8841 408 359 831 1790 8850 6929 290 522 486 219 1449 624 1330 1684 2117 229 405 219 1944 1506 8308 495 518 202 26358
leaf_count=475 379 20534 265 555 8841 408 359 831 1790 8850 6929 290 522 486 219 1449 624 1330 1684 2117 229 405 219 1944 1506 8308 495 518 202 26358
internal_value=0.000190364 -0.000360941 0.0137242 -0.00585343 -0.000172957 0.00648893 0.000652246 0.0161882 0.0173762 0.000503864 2.90111e-05 -0.000640845 -0.00282342 -0.00624394 -0.00858314 -0.010248 -0.000488177 0.000942883 0.00202716 -0.00387747 -0.000960616 0.00725709 0.0119237 9.13474e-05 0.00108719 0.00181407 -0.00153328 0.000502711 0.000780488 -0.000896859
internal_weight=99121 95246 3875 3147 92099 989 44978 2886 2621 43995 35154 26304 6604 2676 2190 1971 3928 3304 3014 2672 47121 983 624 19700 12771 10827 2519 2024 610 46892
internal_count=99121 95246 3875 3147 92099 989 44978 2886 2621 43995 35154 26304 6604 2676 2190 1971 3928 3304 3014 2672 47121 983 624 19700 12771 10827 2519 2024 610 46892
is_linear=0
shrinkage=0.03


Tree=182
num_leaves=31
num_cat=0
split_feature=19 16 5 22 10 16 2 24 28 17 2 12 20 8 2 2 8 8 9 5 25 29 10 22 24 13 20 16 11 10
split_gain=798.352 179.201 112.59 68.9212 61.1555 55.6612 51.0988 52.4443 48.0113 56.6731 45.4901 58.4811 45.5772 54.5717 43.8276 43.9252 72.887 112.962 81.0258 59.6315 41.0125 49.2697 53.2062 40.969 40.8546 43.7456 40.852 40.7787 38.3792 50.5628
threshold=12.771250000000002 13.385000000000003 0.031837191419278175 0.023893766649480622 4.5000000000000009 8.8650000000000002 1.116494672973267 1.7500000000000002 960.1500000000002 15.145000000000001 1.2217854127065169 3.4350000000000005 3.0323416417349836 11.500000000000002 1.2448032254162646 1.2052928686352968 17.500000000000004 4.5000000000000009 1.5000000000000002 0.67467964817438097 2.0151286276663929 81.500000000000014 9.5000000000000018 0.0657120670911258 5.3500000000000005 8.7916666666666696 4.0352586653109883 13.595000000000001 2.9550000000000005 11.500000000000002
decision_type=2 8 2 2 2 8 2 2 2 2 2 10 2 2 2 2 2 2 2 2 2 2 2 2 2 2 2 8 8 2
left_child=2 -2 3 4 -1 28 23 -8 9 14 11 -10 -12 -14 15 26 17 -17 -18 -20 -13 22 -22 -5 -19 -26 -7 -11 29 -4
right_child=1 -3 5 6 -6 8 7 -9 10 27 12 20 13 -15 -16 16 18 24 19 -21 21 -23 -24 -25 25 -27 -28 -29 -30 -31
leaf_value=-2.5597985349573859e-05 9.7176317296617236e-05 8.9858110558946878e-05 1.9402039527815338e-05 -2.1648608957044041e-05 -2.9742205727421034e-05 3.7208058021787062e-05 2.750119251418874e-05 -3.6654962305597402e-05 -0.0010723262140484124 9.7718172322630573e-05 -4.9439794953955174e-05 0.00031291911394905835 0.00030565042933887676 0.0061966848354622602 0.0020423465462905488 0.00036161811128033376 0.0043670798417113407 -0.00026330573729339813 -0.001364398026901556 0.00058190773445993102 0.0018357635932951021 0.0025771495079780701 -0.0032940446439078974 0.0022940090153090592 -0.0048640718419897732 8.093439746803099e-05 0.0030870771563474208 0.00022211076160059349 -0.00011713649561564732 0.00076540443736116911
leaf_weight=734 1542 2436 10203 1278 1537 16353 1324 5502 218 439 2508 3532 358 206 374 1238 393 577 671 240 277 257 558 511 1311 203 845 258 42575 987
leaf_count=734 1542 2436 10203 1278 1537 16353 1324 5502 218 439 2508 3532 358 206 374 1238 393 577 671 240 277 257 558 511 1311 203 845 258 42575 987
internal_value=0.000142081 0.0133015 -0.000406926 -0.00327794 -0.00792179 -3.72402e-05 -0.00204988 -0.00323232 0.000979202 0.000282883 0.0029928 0.00480297 0.000136497 0.00780316 1.75597e-05 -0.000157996 -0.00274903 -0.00510198 0.00325439 -0.00167031 0.00552171 0.000437557 -0.00310714 0.00245819 -0.00934637 -0.0119289 0.000540603 0.00867521 -0.000619862 0.000943278
internal_weight=99445 3978 95467 10886 2271 84581 8615 6826 30816 22902 7914 4842 3072 564 22205 21831 4633 3329 1304 911 4624 1092 835 1789 2091 1514 17198 697 53765 11190
internal_count=99445 3978 95467 10886 2271 84581 8615 6826 30816 22902 7914 4842 3072 564 22205 21831 4633 3329 1304 911 4624 1092 835 1789 2091 1514 17198 697 53765 11190
is_linear=0
shrinkage=0.03


Tree=183
num_leaves=31
num_cat=0
split_feature=22 21 16 16 17 26 26 27 13 24 16 25 26 29 29 3 24 10 1 16 17 24 25 1 12 20 26 10 10 29
split_gain=806.917 173.012 155.441 70.2814 65.3019 44.7647 43.3526 41.2359 38.7417 41.5459 32.3979 56.6562 82.0382 68.721 57.7953 49.9984 47.5852 45.1149 42.8228 44.1243 38.895 38.2529 44.3452 58.3376 42.2537 40.4565 37.1151 58.4939 82.8763 67.4845
threshold=0.97506175887643198 2.21763888888889 13.385000000000003 1.0000000180025095e-35 15.145000000000001 0.92384435400961407 -0.95878322595067689 0.35019404643548474 1.7766666666666682 1.9500000000000002 7.3150000000000004 2.090431610105322 0.87032255546191739 85.500000000000014 32.500000000000007 6.4740240734641388 3.2500000000000004 8.5000000000000018 -6.4499999999999993 11.815000000000003 10.575000000000001 5.3500000000000005 1.929400538841491 20.550000000000004 10.355000000000002 1.9701078649038204 0.79332313182700753 9.5000000000000018 7.5000000000000009 84.500000000000014
decision_type=2 2 8 10 2 2 2 2 2 2 8 2 2 2 2 2 2 2 2 8 2 2 2 2 10 2 2 2 2 2
left_child=1 3 6 -1 10 -6 -2 8 9 -5 15 26 -13 14 -14 -3 17 -16 19 -18 21 -17 24 -24 -23 -25 27 28 29 -12
right_child=2 4 -4 7 5 -7 -8 -9 -10 -11 11 12 13 -15 16 20 18 -19 -20 -21 -22 22 23 25 -26 -27 -28 -29 -30 -31
leaf_value=-2.2724914980042034e-05 6.8826617953302577e-05 -1.8103742434991618e-05 8.7161216737680064e-05 2.0933926977309455e-05 9.5372532615523579e-05 0.00012817693081332293 9.6040522951140733e-05 -2.9691896996446976e-05 3.6817717386198545e-05 -3.3618474008501282e-05 0.00026685208021859862 0.0011519528717680702 -0.0035153901804450649 0.002269553393009262 -0.00019349684695575391 -0.0017797490416815958 -0.00083843692434422575 -0.0017878369596379239 -0.00057755660595119689 0.0049431748878490875 -0.0041292514713495918 -0.0014279724486313194 0.003626618699753508 0.0016869139242178188 0.0024890846961698214 -0.0030617867584018317 0.00019623132084592987 0.00031995017642649282 -0.0011647194979485078 -0.0010287522006306477
leaf_weight=312 789 39071 2371 743 482 601 636 2134 1092 1236 8104 2302 532 351 736 536 243 762 6850 210 561 3039 961 385 369 358 15513 3594 3356 808
leaf_count=312 789 39071 2371 743 482 601 636 2134 1092 1236 8104 2302 532 351 736 536 243 762 6850 210 561 3039 961 385 369 358 15513 3594 3356 808
internal_value=0.000115406 -0.00042553 0.0136701 -0.0055795 -0.000108326 0.00719669 0.00581119 -0.00473896 -0.0025065 -0.00500504 -0.000197978 0.000388092 -0.00136602 -0.00257612 -0.00306811 -0.000759192 -0.00248353 -0.00734531 -0.00148194 0.00740175 -0.00325877 -0.00250486 -0.00170021 0.00224693 -0.00367419 -0.0040508 0.00105832 3.78143e-05 -0.000948423 0.000565213
internal_weight=99037 95241 3796 5517 89724 1083 1425 5205 3071 1979 88641 43361 11986 9684 9333 45280 8801 1498 7303 453 6209 5648 5112 1704 3408 743 31375 15862 12268 8912
internal_count=99037 95241 3796 5517 89724 1083 1425 5205 3071 1979 88641 43361 11986 9684 9333 45280 8801 1498 7303 453 6209 5648 5112 1704 3408 743 31375 15862 12268 8912
is_linear=0
shrinkage=0.03


Tree=184
num_leaves=31
num_cat=0
split_feature=21 21 16 10 16 16 14 28 2 25 29 26 29 26 14 15 2 10 26 29 8 10 2 27 27 6 24 2 15 2
split_gain=788.553 155.608 101.793 77.8474 72.4038 48.884 48.0536 43.8495 59.528 50.3785 42.5642 103.65 76.4393 51.6448 42.2011 38.9051 37.8566 44.6879 42.0457 44.5419 67.4473 69.3179 55.478 42.3757 40.2763 37.1903 36.7372 36.694 36.0571 36.0185
threshold=13.128333333333336 1.906666666666667 13.385000000000003 4.5000000000000009 9.0850000000000026 14.475000000000003 0.67574650079251497 960.55000000000007 1.2448032254162646 1.4054317475370108 77.500000000000014 0.9935340235047978 58.500000000000007 0.9426055981926128 1.9320584842178008 0.7400000000000001 1.2217854127065169 4.5000000000000009 0.97625883275952063 80.500000000000014 14.500000000000002 11.500000000000002 1.1694540695536293 -0.017452406437283484 0.15643446504023081 1.5000000000000002 7.3500000000000005 1.1837003758602049 1.1800000000000013 1.193105002064766
decision_type=2 2 8 2 10 10 2 2 2 2 2 2 2 2 2 10 2 2 2 2 2 2 2 2 2 2 2 2 10 2
left_child=1 3 6 -1 28 7 -2 8 16 27 12 -12 13 -11 -4 -14 17 -6 19 20 21 -19 -22 -20 -18 -5 -26 -9 -3 -25
right_child=2 4 14 25 5 -7 -8 9 -10 10 11 -13 15 -15 -16 -17 24 18 23 -21 22 -23 -24 29 26 -27 -28 -29 -30 -31
leaf_value=-2.3602362155750472e-05 9.315930726260801e-05 -4.4874973542894667e-05 8.4545581625398151e-05 -3.7911680128741463e-05 0.00018473259943329378 0.00011189311006870817 9.1294750240699654e-05 0.00068489730420254191 0.0021769602974444869 -0.00078590402697817612 0.0002199385938122078 0.0037005761092222499 -0.00050921393541489052 0.00028386652210288688 9.0452453169240774e-05 0.00037184194060764118 4.8649262581842433e-05 0.00064933450573519287 -0.0030376065602143107 -0.0021997889718513653 -0.00087387313358506526 -0.0016884572419938648 0.00075608279030286659 -1.8877208555337367e-05 -0.0011273893654815022 -1.5711854293938876e-05 -0.0067582712602392257 0.00012633100759013027 0.00022783165292474358 -0.0029064769793220374
leaf_weight=1019 396 58280 1874 678 6609 561 556 434 272 201 1393 225 1847 651 210 225 856 4489 504 920 2512 514 634 2171 544 1448 286 677 7526 698
leaf_count=1019 396 58280 1874 678 6609 561 556 434 272 201 1393 225 1847 651 210 225 856 4489 504 920 2512 514 634 2171 544 1448 286 677 7526 698
internal_value=3.32611e-05 -0.0004423 0.015074 -0.007 -0.000220242 0.00108087 0.00689655 0.000895489 0.00026411 0.00323966 0.00183418 0.00573013 -0.000327757 0.0072112 0.0187841 -0.00343765 7.95487e-05 0.000461272 -0.000597734 0.000466167 0.00117366 0.00333666 -0.00226595 -0.00345471 -0.00422235 -0.00371656 -0.00891018 0.00895161 -0.000758536 -0.00203549
internal_weight=99210 96174 3036 3145 93029 27223 952 26662 21009 5653 4542 1618 2924 852 2084 2072 20737 19051 12442 9069 8149 5003 3146 3373 1686 2126 830 1111 65806 2869
internal_count=99210 96174 3036 3145 93029 27223 952 26662 21009 5653 4542 1618 2924 852 2084 2072 20737 19051 12442 9069 8149 5003 3146 3373 1686 2126 830 1111 65806 2869
is_linear=0
shrinkage=0.03


Tree=185
num_leaves=31
num_cat=0
split_feature=22 21 16 16 26 12 19 21 13 10 21 27 14 1 9 9 12 1 8 4 24 14 25 9 9 10 28 26 24 27
split_gain=778.391 185.68 173.535 73.3148 58.8616 45.4058 40.4274 41.6113 38.6631 32.7101 31.6147 43.4707 56.579 40.8908 37.4424 40.9337 50.7294 39.3846 35.7646 34.9704 50.7778 42.8429 32.3735 38.1139 35.2295 34.746 34.6767 34.7819 53.6756 51.472
threshold=0.97506175887643198 2.21763888888889 13.385000000000003 1.0000000180025095e-35 -0.95878322595067689 8.0750000000000011 2.5029166666666671 3.0937500000000004 7.7950000000000008 1.5000000000000002 8.1158333333333363 0.1218693434051476 0.50921508225895973 -1.1499999999999997 3.5000000000000004 1.0000000180025095e-35 5.6750000000000007 0.25000000000000006 10.500000000000002 0.11598838321871079 3.2500000000000004 0.28023799409312972 1.0694590643274855 4.5000000000000009 5.5000000000000009 7.5000000000000009 942.55000000000007 -0.83385407025023295 5.6500000000000012 0.13052122218260662
decision_type=2 2 8 10 2 8 2 2 2 2 2 2 2 2 2 2 10 2 2 2 2 2 2 2 2 2 2 2 2 2
left_child=1 3 4 -1 -2 6 -3 -8 10 -5 19 12 -12 -13 15 -15 -17 -16 -18 -9 21 -21 23 25 -24 -22 -26 -28 29 -29
right_child=2 5 -4 9 -6 -7 7 8 -10 -11 11 13 -14 14 17 16 18 -19 -20 20 22 -23 24 -25 26 -27 27 28 -30 -31
leaf_value=-2.135953843358707e-05 -1.0281968965498711e-05 6.1132671140559153e-05 8.2011163291285656e-05 -2.3360232816324616e-05 0.00010171144297643653 8.2429718294648729e-05 -7.0138646243238825e-05 4.8688766388065916e-05 -0.00075460330454567791 -2.635422955196312e-05 0.0024303336552509466 -0.0016565422491778615 -0.00039817640518744369 -0.000900022380925044 -0.0029264308066635153 0.0058277630997918741 -0.0010175791488336782 4.7898872360105927e-05 0.001247260111312085 -0.0011896140103989151 0.002223183431325756 -0.00041526079449462014 -0.00031072611467193627 -0.0010192980484986028 -0.0017000474399675003 -0.00029432895265916217 -0.00010451884848825407 0.0025610949015789728 0.0040081831085057905 -0.0014440758555056173
leaf_weight=313 796 4112 2432 403 654 17595 5603 23663 3779 4716 2539 1474 1338 443 259 233 363 1220 569 358 582 920 20812 284 202 280 1518 405 802 447
leaf_count=313 796 4112 2432 403 654 17595 5603 23663 3779 4716 2539 1474 1338 443 259 233 363 1220 569 358 582 920 20812 284 202 280 1518 405 802 447
internal_value=0.000193101 -0.000343984 0.0133522 -0.00572742 0.0051134 -1.80391e-05 -0.000351059 -0.000525566 -0.000303384 -0.00485363 -0.000113938 0.00158474 0.00391808 -0.000400788 0.0015621 0.00472412 0.00766667 -0.00188005 0.00448239 -0.000399181 -0.00114522 -0.00696804 -0.00085014 0.00406603 -0.00108387 0.00719723 0.00175792 0.00253069 0.00553345 0.000280047
internal_weight=99114 95232 3882 5432 1450 89800 72205 68093 62490 5119 58711 8438 3877 4561 3087 1608 1165 1479 932 50273 26610 1278 25332 1146 24186 862 3374 3172 1654 852
internal_count=99114 95232 3882 5432 1450 89800 72205 68093 62490 5119 58711 8438 3877 4561 3087 1608 1165 1479 932 50273 26610 1278 25332 1146 24186 862 3374 3172 1654 852
is_linear=0
shrinkage=0.03


Tree=186
num_leaves=31
num_cat=0
split_feature=21 21 16 16 22 14 29 20 16 20 19 21 29 26 8 10 8 8 25 5 24 15 26 10 14 29 3 29 27 10
split_gain=758.152 187.822 102.772 81.2671 77.0625 58.0587 52.5471 40.1153 39.291 39.2902 38.6308 49.3606 37.9876 123.231 73.5331 70.2216 77.4069 118.144 75.0086 47.4822 44.4373 39.809 37.1786 60.685 35.4193 31.2812 32.4633 48.6255 66.4064 53.7913
threshold=13.128333333333336 2.21763888888889 13.385000000000003 1.0000000180025095e-35 0.95555648399106141 0.68237330936469875 72.500000000000014 1.5334098677095997 9.0850000000000026 1.1434141120246708 2.6237500000000007 3.0590277777777781 78.500000000000014 0.99140711019144634 16.500000000000004 2.5000000000000004 15.500000000000002 4.5000000000000009 1.3645179182491638 0.79107534266879098 5.9500000000000011 -1.0000000180025095e-35 0.93663652364155514 4.5000000000000009 1.9320584842178008 93.500000000000014 2.4209403077875571 84.500000000000014 0.32556815445715659 4.5000000000000009
decision_type=2 2 8 10 2 2 2 2 10 2 2 2 2 2 2 2 2 2 2 2 2 10 2 2 2 2 2 2 2 2
left_child=1 3 5 -1 8 -2 9 -8 10 -6 -3 -12 15 14 -14 16 17 -10 -19 20 -16 22 -17 -24 -4 26 -13 -28 29 -29
right_child=2 4 24 -5 6 -7 7 -9 12 -11 11 25 13 -15 19 21 -18 18 -20 -21 -22 -23 23 -25 -26 -27 27 28 -30 -31
leaf_value=-2.0718752280579482e-05 8.7041340150548199e-05 4.0370790215615133e-05 7.9548879277896442e-05 -2.4631689393850608e-05 -1.6797685403485695e-05 1.7459237967268893e-05 0.00016360893737935421 -0.00090398731835368562 0.00044709261756640525 8.2957725552166848e-05 -0.00010752820110133513 0.00010606528988240372 -0.00033064010328117673 0.003649952826985583 0.00079688779137689731 0.00026102178226236172 0.00032095810536254875 4.1137043262803316e-05 -0.0043564976797687161 -0.00012002499719445447 0.0036833067706334931 0.00029792813847508316 0.00018630853324880237 -0.00066937472732947175 8.6504328016285815e-05 0.0018370375564075096 -8.8721395899301901e-05 -0.00088711021609574371 0.0017811065055762486 -8.3022192034724052e-05
leaf_weight=309 394 5297 1847 5193 301 536 316 404 789 1338 4099 6456 2017 569 205 4299 1180 337 1226 342 411 9847 1014 2727 212 314 44272 1468 237 1025
leaf_count=309 394 5297 1847 5193 301 536 316 404 789 1338 4099 6456 2017 569 205 4299 1180 337 1226 342 411 9847 1014 2727 212 314 44272 1468 237 1025
internal_value=0.000133655 -0.00033001 0.015 -0.0057091 -2.65208e-06 0.0066738 0.00534264 -0.0014069 -0.000146024 0.00830292 -0.00054422 -0.000768712 0.000861503 0.00373626 0.00127852 0.000385082 -0.00347752 -0.00661858 -0.0113839 0.00809969 0.0130435 0.00114856 -0.000417651 -0.00260278 0.0187355 -0.000526619 -0.000582459 -0.000856468 -0.00473857 -0.00618495
internal_weight=98981 95992 2989 5502 90490 930 2359 720 88131 1639 63168 57871 24963 3544 2975 21419 3532 2352 1563 958 616 17887 8040 3741 2059 53772 53458 47002 2730 2493
internal_count=98981 95992 2989 5502 90490 930 2359 720 88131 1639 63168 57871 24963 3544 2975 21419 3532 2352 1563 958 616 17887 8040 3741 2059 53772 53458 47002 2730 2493
is_linear=0
shrinkage=0.03


Tree=187
num_leaves=31
num_cat=0
split_feature=21 21 16 10 16 14 16 9 10 27 28 24 2 28 28 28 24 28 20 28 29 10 9 10 25 4 28 16 19 24
split_gain=781.95 153.576 130.542 76.3734 57.5573 57.0083 43.0259 50.2448 169.022 83.633 42.7819 44.2192 42.3151 44.393 41.6079 89.1495 47.9199 39.6842 38.4442 45.5419 94.8473 61.9609 49.2951 49.8594 67.8086 56.2292 48.5013 55.1964 45.0327 42.4767
threshold=13.128333333333336 2.21763888888889 13.385000000000003 3.5000000000000004 14.935 0.67574650079251497 9.0850000000000026 1.0000000180025095e-35 11.500000000000002 0.13052122218260662 952.85000000000002 6.9500000000000011 1.2410622688020467 958.1500000000002 964.95000000000016 963.6500000000002 6.7500000000000009 959.35000000000002 0.91309683629588867 953.05000000000007 33.500000000000007 6.5000000000000009 4.5000000000000009 5.5000000000000009 1.2530780699489419 0.33105606970569834 949.45000000000016 5.245000000000001 8.953750000000003 4.4500000000000011
decision_type=2 2 8 2 10 2 8 2 2 2 2 2 2 2 2 2 2 2 2 2 2 2 2 2 2 2 2 10 2 2
left_child=1 3 5 -1 6 -2 18 8 9 10 -8 -12 -9 -14 15 -15 -16 -10 -3 21 -21 22 29 -24 -25 -26 -23 -28 -22 -20
right_child=2 4 -4 -5 -6 -7 7 12 17 -11 11 -13 13 14 16 -17 -18 -19 19 20 28 26 23 24 25 -27 27 -29 -30 -31
leaf_value=-2.173767910187499e-05 8.4647933124171185e-05 7.9837037883108327e-05 7.7163965409834384e-05 -2.233457369734267e-05 0.00011749003037260675 -1.8774859478964956e-06 0.00083843162931967195 7.2746216948118552e-05 0.00043995229924714385 -0.001698145781657301 0.0001148314934896888 -0.00078066269463588744 0.0019462049412276106 0.00080043984398525138 0.0039829706081511524 -0.003096037933213966 5.1893768549414742e-05 0.002712132113031339 0.00013698731902013351 -0.00052457455338642618 -4.5851776278793049e-05 -0.00030472779854178714 -0.00038895252196817108 0.0060168753737532919 0.0024901995697161668 -0.0026988965523687962 0.00084061195604424887 -0.00033056802847992615 -0.0035720864542566032 0.0016252689900053024
leaf_weight=1304 393 11568 2099 4159 325 567 605 24155 272 1394 709 657 249 521 209 216 361 342 2446 1546 22326 11398 1843 316 233 219 2018 2313 773 3696
leaf_count=1304 393 11568 2099 4159 325 567 605 24155 272 1394 709 657 249 521 209 216 361 342 2446 1546 22326 11398 1843 316 233 219 2018 2313 773 3696
internal_value=0.000129387 -0.000345921 0.015049 -0.0052286 -5.15901e-05 0.00584456 -9.72453e-05 0.000838525 -0.00229669 -0.00494065 -0.000956478 -0.00389497 0.00132408 0.00611147 0.00386433 -0.000849057 0.00991304 0.0121163 -0.000555025 -0.000921395 -0.00183164 -4.90056e-06 0.00201758 -0.00143349 0.00496766 -0.00249453 -0.00113067 0.00157057 -0.00134912 0.00348463
internal_weight=99232 96173 3059 5463 90710 960 90385 29690 3979 3365 1971 1366 25711 1556 1307 737 570 614 60695 49127 24645 24482 8753 2611 768 452 15729 4331 23099 6142
internal_count=99232 96173 3059 5463 90710 960 90385 29690 3979 3365 1971 1366 25711 1556 1307 737 570 614 60695 49127 24645 24482 8753 2611 768 452 15729 4331 23099 6142
is_linear=0
shrinkage=0.03


Tree=188
num_leaves=31
num_cat=0
split_feature=21 21 16 16 16 14 16 28 17 1 25 13 2 26 22 18 1 1 11 29 0 13 8 8 28 26 1 16 26 29
split_gain=765.484 159.804 112.404 67.5104 57.4094 54.1908 39.8097 38.79 45.1576 52.6385 58.4713 51.2756 43.2751 38.7085 38.4967 37.1844 35.2589 33.5482 59.1704 53.2973 58.0192 40.6009 36.5247 32.4057 65.7834 46.6529 64.5544 42.6517 47.8026 47.9739
threshold=13.128333333333336 2.21763888888889 13.385000000000003 14.115 1.0000000180025095e-35 0.64080678315177952 8.8650000000000002 960.1500000000002 8.4550000000000018 -10.549999999999999 2.0151286276663929 5.4650000000000007 1.2448032254162646 0.98897820466835418 0.041031767162356417 8.3450000000000006 -14.049999999999999 -1.6499999999999997 8.5450000000000017 67.500000000000014 7.3750000000000009 4.5716666666666681 4.5000000000000009 17.500000000000004 966.35000000000002 0.1993603430971522 -1.7499999999999998 3.6150000000000007 -0.74892720285008318 32.500000000000007
decision_type=2 2 8 10 10 2 10 2 2 2 2 2 2 2 2 10 2 2 10 2 2 2 2 2 2 2 2 10 2 2
left_child=1 4 5 6 -1 -2 14 12 -9 -10 -11 -12 17 15 -3 -13 -16 18 19 -8 21 -21 -23 24 27 -26 -27 28 -18 -30
right_child=2 3 -4 -5 -6 -7 7 8 9 10 11 13 -14 -15 16 -17 23 -19 -20 20 -22 22 -24 -25 25 26 -28 -29 29 -31
leaf_value=-1.9396175803868264e-05 8.1542615645470163e-05 4.9696037762059979e-05 7.4847660625836367e-05 9.3619633781867319e-05 -2.2321766189760013e-05 6.6406942809182912e-05 -0.003068058992023929 0.0031165183298213404 -0.00092682402643617045 0.00011883483468526524 0.0021418407296764442 -0.0048866020712188133 0.0018762447716970843 -1.4339849919131619e-06 0.0018616427897266753 -0.00035128645082030505 -0.00019586639931109469 5.2137871438729939e-05 0.00038505303628783905 -0.00098872225161561749 -0.0033190350361998354 0.0035647655887920092 0.00015530037234560257 3.2807489322820706e-05 -0.00089481737117314518 0.0010995338687167008 -0.0011188662041703708 -6.090738187993416e-05 -0.00036219964274018725 2.4638543068555353e-05
leaf_weight=299 376 4416 2044 873 5206 565 553 612 239 3987 323 316 252 728 216 237 5816 19401 367 211 388 210 539 15644 876 349 241 28196 995 4899
leaf_count=299 376 4416 2044 873 5206 565 553 612 239 3987 323 316 252 728 216 237 5816 19401 367 211 388 210 539 15644 876 349 241 28196 995 4899
internal_value=5.07149e-05 -0.000412993 0.015 -0.000112225 -0.00537387 0.00637421 -0.000192966 0.000737098 0.00278269 0.00196401 0.00255718 -0.0022747 0.000135456 -0.0049689 -0.000620894 -0.010914 -0.000829184 -9.68903e-06 -0.00345799 -0.00558762 -0.00235033 0.00161658 0.0048939 -0.000875467 -0.00131522 -0.00754589 -0.0010084 -0.00108542 -0.00260691 -0.000701814
internal_weight=99374 96389 2985 90884 5505 941 90011 28363 6442 5830 5591 1604 21921 1281 61648 553 57232 21669 2268 1901 1348 960 749 57016 41372 1466 590 39906 11710 5894
internal_count=99374 96389 2985 90884 5505 941 90011 28363 6442 5830 5591 1604 21921 1281 61648 553 57232 21669 2268 1901 1348 960 749 57016 41372 1466 590 39906 11710 5894
is_linear=0
shrinkage=0.03


Tree=189
num_leaves=31
num_cat=0
split_feature=22 16 22 10 16 9 10 26 1 25 28 28 1 8 2 25 28 16 5 13 1 26 14 26 28 29 28 16 1 10
split_gain=805.868 166.172 103.532 69.8332 53.8812 50.0659 166.591 79.2262 57.1544 50.0039 53.7034 44.9126 43.2433 47.673 43.1478 43.1334 40.0956 39.507 38.2204 37.3419 36.9747 35.3743 35.3514 34.3401 38.0719 34.1574 61.3476 34.7667 33.9883 33.6283
threshold=0.97506175887643198 13.385000000000003 0.023893766649480622 3.5000000000000004 9.0850000000000026 1.0000000180025095e-35 11.500000000000002 0.99140711019144634 23.450000000000003 1.419706410884735 950.6500000000002 959.45000000000016 18.450000000000003 12.500000000000002 1.2628852307668448 1.2832111164248901 947.75000000000011 12.005000000000001 0.045657830009323226 9.5016666666666705 28.150000000000002 -0.95878322595067689 0.60702827910834467 -0.88697705852364728 953.85000000000002 52.500000000000007 943.75000000000011 14.475000000000003 3.6500000000000008 2.5000000000000004
decision_type=2 8 2 2 8 2 2 2 2 2 2 2 2 2 2 2 2 8 2 2 2 2 2 2 2 2 2 8 2 2
left_child=2 21 3 -1 14 6 7 8 -6 10 12 -8 -7 20 -4 22 19 -9 -5 -15 -14 -2 -12 24 -24 27 -27 29 -17 -11
right_child=1 -3 4 18 5 9 11 17 -10 25 15 -13 13 16 -16 28 -18 -19 -20 -21 -22 -23 23 -25 -26 26 -28 -29 -30 -31
leaf_value=-2.0308476545512191e-05 7.2594557806293644e-05 7.2603783317338737e-05 -3.3067399841412089e-05 -2.6874238379254159e-05 -0.0011941618273738962 -0.0040871027741933947 0.0003946099079360121 0.0015606120658180683 0.00046289529890238045 -0.0021822747392738237 1.7301096086808077e-06 0.0030772412511193225 0.0010481359444986286 -0.00032320615949943621 -0.0001705911846029236 0.00016063435569963481 0.00086349999820675087 -0.00090502549882614408 0.00144674252547736 -0.0073296528093614467 0.0048172989280609729 8.4263268002036094e-05 0.001117210972152912 0.00066106913201209279 -0.0005818392195424296 0.0067332002512473753 8.2556398625051032e-05 0.00019193876262377894 0.00070407259713851141 -0.00015630580227487533
leaf_weight=657 786 2450 62816 2070 2266 383 269 565 290 508 2043 329 390 502 273 656 413 270 211 209 235 647 245 939 352 250 12269 213 1142 4503
leaf_count=657 786 2450 62816 2070 2266 383 269 565 290 508 2043 329 390 502 273 656 413 270 211 209 235 647 245 939 352 250 12269 213 1142 4503
internal_value=3.05579e-05 0.0134182 -0.000515781 -0.00605505 -0.0003392 0.000725227 -0.00239609 -0.0049735 -0.00759078 0.00121867 0.0032699 0.0121393 -0.000758072 0.00124857 -0.000832567 0.00486622 -0.00244464 0.00303571 -0.00355643 -0.00674581 0.00785714 0.00527816 0.0029548 0.00638546 0.000747508 0.000349899 0.0012001 -0.00168675 0.00865225 -0.00219498
internal_weight=99151 3883 95268 2938 92330 29241 3989 3391 2556 25252 7509 598 2132 1749 63089 5377 1124 835 2281 711 625 1433 3579 1536 597 17743 12519 5224 1798 5011
internal_count=99151 3883 95268 2938 92330 29241 3989 3391 2556 25252 7509 598 2132 1749 63089 5377 1124 835 2281 711 625 1433 3579 1536 597 17743 12519 5224 1798 5011
is_linear=0
shrinkage=0.03


Tree=190
num_leaves=31
num_cat=0
split_feature=21 21 2 10 26 22 11 29 20 12 3 21 5 24 18 29 6 22 6 18 18 27 15 1 4 24 29 9 10 9
split_gain=802.105 141.33 78.7697 74.1886 57.8929 53.4978 53.245 37.4927 41.6463 35.1003 47.6547 35.2465 35.2208 34.9473 35.9 34.5981 34.0346 36.9171 33.3861 41.9338 33.076 52.4776 30.2438 28.4027 29.6219 38.8898 41.7438 37.6922 40.5354 57.1033
threshold=13.128333333333336 1.906666666666667 1.1711122817379298 4.5000000000000009 -0.92384435400961384 0.95555648399106141 12.575000000000001 72.500000000000014 1.934032917286024 6.205000000000001 6.4740240734641388 7.0545833333333343 0.50712707086543041 5.4500000000000011 6.9350000000000014 71.500000000000014 1.5000000000000002 0.92719254201897139 1.5000000000000002 1.8350000000000002 9.7750000000000004 0.28400453026986811 -0.41999999999999943 38.45000000000001 0.11598838321871079 3.3500000000000001 41.500000000000007 5.5000000000000009 4.5000000000000009 4.5000000000000009
decision_type=2 2 2 2 2 2 8 2 2 8 2 2 2 2 10 2 2 2 2 10 8 2 10 2 2 2 2 2 2 2
left_child=1 3 4 -1 15 9 7 -7 -9 12 22 13 20 14 -12 -2 17 -13 -5 -20 23 -22 -11 24 -3 -26 -27 28 29 -28
right_child=2 5 -4 18 -6 6 -8 8 -10 10 11 16 -14 -15 -16 -17 -18 -19 19 -21 21 -23 -24 -25 25 26 27 -29 -30 -31
leaf_value=-2.0055020829048715e-05 0.0001203713326670619 -2.4762335952561823e-06 7.0422142404394928e-05 -3.0881298199668603e-05 0.00020738741279265337 7.1021155374541016e-05 -0.00015714846543508852 0.00016243930321118704 -0.0011401288954499143 -0.00053489554652541127 -0.00073812673612831572 0.00054439260596367614 -0.0027555470158704765 -0.00033052241212330161 -0.0025963554534309875 -0.00043150443948930192 -2.2475459920705542e-05 -0.00017443739737282193 6.7475001717872671e-05 -4.0202064669086403e-05 0.0040341350252602248 -0.0015356084973008064 0.0010271190215311342 -0.0003603640253472414 -0.00064426287640775403 -0.00059579093341927017 -0.0002514785148073914 0.00070952644368732661 0.00012590479558299199 -0.0014002250888864537
leaf_weight=1026 830 34785 1575 659 359 1289 590 225 265 1045 245 5549 462 2696 247 283 18179 570 1139 317 377 215 5455 263 1305 5568 4085 1984 6603 924
leaf_count=1026 830 34785 1575 659 359 1289 590 225 265 1045 245 5549 462 2696 247 283 18179 570 1139 317 377 215 5455 263 1305 5568 4085 1984 6603 924
internal_value=0.000183416 -0.000297589 0.0153244 -0.00655118 0.0102776 -8.58702e-05 0.00435973 0.00694507 -0.000121212 -0.000202403 0.00055956 1.30952e-05 -0.000660174 -0.0029502 -0.0102616 0.00684258 0.000402419 0.00233671 -0.00332547 -0.000780287 -0.000591831 0.00643216 0.00286856 -0.000667303 -0.00061999 -0.00152535 -0.00118316 -0.000286744 -0.000940002 -0.00297367
internal_weight=99114 96067 3047 3141 1472 92926 2369 1779 490 90557 33986 27486 56571 3188 492 1113 24298 6119 2115 1456 56109 592 6500 55517 55254 20469 19164 13596 11612 5009
internal_count=99114 96067 3047 3141 1472 92926 2369 1779 490 90557 33986 27486 56571 3188 492 1113 24298 6119 2115 1456 56109 592 6500 55517 55254 20469 19164 13596 11612 5009
is_linear=0
shrinkage=0.03


Tree=191
num_leaves=31
num_cat=0
split_feature=21 21 16 16 14 16 27 14 13 2 29 20 11 26 29 2 20 4 18 1 29 27 14 17 24 17 2 2 16 17
split_gain=734.195 147.84 120.741 63.1298 55.6862 42.379 41.6823 40.491 32.9616 34.0105 41.5802 29.6938 31.697 31.1725 40.2848 42.2402 37.0013 31.5251 30.8657 30.1087 93.916 47.6417 40.5933 39.2563 38.3734 37.6832 34.7019 30.0879 43.1803 29.3528
threshold=13.128333333333336 2.21763888888889 13.385000000000003 8.8650000000000002 0.67574650079251497 14.935 0.35019404643548474 1.9320584842178008 1.736666666666667 1.119521429291779 58.500000000000007 0.91309683629588867 3.9250000000000003 0.95368063612909471 52.500000000000007 1.2052928686352968 2.7678616878114872 0.21607852817720144 6.9750000000000005 6.2500000000000009 59.500000000000007 0.52247866957162958 0.50921508225895973 4.8850000000000007 11.65 11.905000000000003 1.1636871241531599 1.187956760082604 7.455000000000001 9.3350000000000026
decision_type=2 2 8 8 2 10 2 2 2 2 2 2 10 2 2 2 2 2 10 2 2 2 2 2 2 2 2 2 10 2
left_child=1 6 4 11 -2 -5 8 -4 9 -1 -11 18 -13 19 -15 27 17 -17 -3 20 -14 -22 23 26 -24 -25 -21 28 -16 -20
right_child=2 3 7 5 -6 -7 -8 -9 -10 10 -12 12 13 14 15 16 -18 -19 29 22 21 -23 24 25 -26 -27 -28 -29 -30 -31
leaf_value=0.00039531525198533834 7.1895400078710872e-05 -1.9950041169496112e-06 6.8311286346841573e-05 6.4120741656316089e-05 -7.7502462258205456e-06 0.00011011303153231178 -2.0853621631461321e-05 7.2765302285752174e-05 1.3198827049172995e-05 -5.8313676237157182e-05 -1.934189847046094e-05 -2.4019465873985171e-06 -0.0015372620944710611 -0.0011018430994846121 0.0022280379331592473 0.00033588958634533965 -0.0019287127225289036 -0.0023144223942711201 0.0013577847594124935 -0.00050104908224545778 -0.00019834606619610086 0.0055724702374401209 -0.00012992117447669309 0.0015491033960857354 -0.0024312555421335874 -0.003386913815174562 0.0021269235716953137 0.0017883267503589905 -0.0015588775018246946 -0.0017301021274579798
leaf_weight=299 400 8861 1867 31513 550 323 2332 216 1198 403 1255 21833 1051 1935 580 566 299 419 2225 1254 4007 223 9709 3108 1267 207 203 382 395 285
leaf_count=299 400 8861 1867 31513 550 323 2332 216 1198 403 1255 21833 1051 1935 580 566 299 419 2225 1254 4007 223 9709 3108 1267 207 203 382 395 285
internal_value=0.000163658 -0.000295204 0.014684 -5.62603e-06 0.0057801 0.00107032 -0.00507465 0.0187213 -0.00281962 -0.00521407 -0.00689116 -0.000588125 -0.000918154 -0.00163413 -0.00387688 -0.00146259 -0.00535299 -0.00251515 0.000788502 -0.00114529 -0.00310443 -0.00110508 -0.000487526 0.00182123 -0.00149167 0.00362349 -0.0022777 0.00222467 -0.000581633 0.00372167
internal_weight=99165 96132 3033 90645 950 31836 5487 2083 3155 1957 1658 58809 47438 25605 4576 2641 1284 985 11371 21029 5281 4230 15748 4772 10976 3315 1457 1357 975 2510
internal_count=99165 96132 3033 90645 950 31836 5487 2083 3155 1957 1658 58809 47438 25605 4576 2641 1284 985 11371 21029 5281 4230 15748 4772 10976 3315 1457 1357 975 2510
is_linear=0
shrinkage=0.03


Tree=192
num_leaves=31
num_cat=0
split_feature=21 21 16 10 22 11 14 7 29 20 1 9 15 28 18 14 17 22 8 17 10 12 17 28 1 28 29 8 1 16
split_gain=791.545 131.842 116.352 72.3048 70.3527 56.8439 49.691 40.3419 37.0977 39.6421 36.1878 48.95 34.9226 73.7997 33.9147 30.356 29.6534 30.6501 30.3564 57.553 79.5051 49.3202 52.9549 46.4926 44.4873 61.2791 96.9719 72.5149 78.3811 57.7704
threshold=13.128333333333336 1.906666666666667 13.385000000000003 4.5000000000000009 0.96664622709285053 12.575000000000001 0.68237330936469875 15.500000000000002 67.500000000000014 1.934032917286024 35.550000000000004 4.5000000000000009 0.77000000000000002 968.35000000000002 13.485000000000001 1.8922561489749044 15.475000000000003 0.92442507850039191 13.500000000000002 3.1500000000000008 6.5000000000000009 9.0850000000000026 2.9450000000000007 961.05000000000007 26.250000000000004 945.25000000000011 71.500000000000014 8.5000000000000018 19.050000000000004 8.4550000000000018
decision_type=2 2 8 2 2 8 2 2 2 2 2 2 10 2 8 2 2 2 2 2 2 8 2 2 2 2 2 2 2 10
left_child=1 3 6 -1 10 8 -2 -5 -6 -10 12 -12 14 -14 16 -4 17 18 21 20 -20 22 -3 -22 25 26 -24 -27 -29 -30
right_child=2 4 15 7 5 -7 -8 -9 9 -11 11 -13 13 -15 -16 -17 -18 -19 19 -21 23 -23 24 -25 -26 27 -28 28 29 -31
leaf_value=-1.8495629465174251e-05 7.3174611836631653e-05 3.8377642201668487e-05 6.6262513750080519e-05 -2.9329250604734728e-05 7.2734120434454481e-05 -0.00014906209747819976 7.5010798299702806e-05 1.6729065771153156e-06 0.00015558819602451979 -0.00083115644634737854 -0.00011894123691808561 -0.00086338991546939267 9.2498483538513423e-05 0.003421305099745251 0.00060710920834568304 7.4022593048344012e-05 0.00043629753383521815 -0.00010961777716221755 7.8125848070359694e-05 9.4656658457281941e-05 -0.00026920827569386363 0.00055805265466047195 -0.00055182104320227875 0.00042863625013888723 0.00041371610342723982 -3.409977389702257e-05 0.0037966405615697633 -0.00030889791471700899 -0.00013296757055932418 0.0018931991335545538
leaf_weight=1030 414 6581 1862 805 951 514 549 1286 219 309 1084 507 15603 330 440 218 394 2026 2004 24731 2035 2145 2140 423 2526 19218 236 6946 1095 475
leaf_count=1030 414 6581 1862 805 951 514 549 1286 219 309 1084 507 15603 330 440 218 394 2026 2004 24731 2035 2145 2140 423 2526 19218 236 6946 1095 475
internal_value=0.000155599 -0.000321993 0.0152067 -0.00638196 -0.000118145 0.00545045 0.00653926 -0.00316317 0.00842992 0.00202627 -0.000240478 -0.00471805 -0.000160487 0.00111244 -0.000436802 0.0191942 -0.00048712 -0.000531921 -0.000427296 0.000313378 -0.00282069 -0.000950033 -0.00119244 -0.00643118 -0.00168745 -0.0020083 -0.00662747 -0.00161145 -0.00391503 0.00213333
internal_weight=99096 96053 3043 3121 92932 1993 963 2091 1479 528 90939 1591 89348 15933 73415 2080 72975 72581 70555 29193 4462 41362 39217 2458 32636 30110 2376 27734 8516 1570
internal_count=99096 96053 3043 3121 92932 1993 963 2091 1479 528 90939 1591 89348 15933 73415 2080 72975 72581 70555 29193 4462 41362 39217 2458 32636 30110 2376 27734 8516 1570
is_linear=0
shrinkage=0.03


Tree=193
num_leaves=31
num_cat=0
split_feature=21 21 10 14 19 26 10 21 20 19 21 11 11 8 10 8 17 11 21 24 20 28 8 5 26 18 11 1 28 9
split_gain=752.035 134.842 86.4258 61.6972 61.3725 63.2916 41.9572 42.8842 36.6275 34.3274 34.5784 40.6505 34.0705 36.7738 54.6895 136.578 59.7894 52.3477 57.3929 48.7503 48.5108 47.7416 40.8766 41.4417 37.3287 35.9258 33.8387 66.0134 57.1355 65.4682
threshold=13.128333333333336 2.21763888888889 10.500000000000002 1.785758473668172 12.208750000000004 0.94828754594723541 3.5000000000000004 1.5433333333333337 2.1994146940322445 2.546250000000001 6.118333333333335 4.6550000000000011 3.7750000000000004 13.500000000000002 2.5000000000000004 4.5000000000000009 9.7350000000000012 8.3050000000000015 8.9962500000000034 3.2500000000000004 1.3683536335751489 966.55000000000007 21.500000000000004 0.41640089569874733 0.97233289553061597 13.685 6.495000000000001 19.050000000000004 946.75000000000011 3.5000000000000004
decision_type=2 2 2 2 2 2 2 2 2 2 2 10 8 2 2 2 2 10 2 2 2 2 2 2 2 10 10 2 2 2
left_child=1 6 3 8 9 -6 7 -1 -2 -3 11 -11 -12 14 15 20 -17 18 21 -16 -14 22 -15 -24 -20 26 27 -21 29 -28
right_child=2 4 -4 -5 5 -7 -8 -9 -10 10 12 -13 13 17 19 16 -18 -19 24 25 -22 -23 23 -25 -26 -27 28 -29 -30 -31
leaf_value=-1.7570733303331546e-05 6.6824626998065456e-05 5.6016349543134312e-05 6.427226412935471e-05 -1.0506527431464184e-05 3.9231225766735985e-05 6.0276712811424547e-05 -2.1384960691202226e-05 -1.7850753366264687e-05 6.1852293486512887e-05 -1.7354890419399028e-05 0.001473837616901857 -0.00031004772181555289 -0.0014361232764413651 0.00058916732315206558 -0.0025483496791683367 -0.00012601736925021132 -0.0024274516049384259 -6.9411057483477197e-05 0.00071168879088664874 2.9991129629758362e-05 0.0011863856591870215 0.0033815442989949245 -0.0017118063287036144 0.00063848025924912735 0.0018044499481305954 0.0019150674183105447 -0.00010700780649519181 0.0035205698182661487 -5.5308511033413939e-07 -0.00360963033005336
leaf_weight=293 1350 4511 814 338 1590 769 4138 1015 475 28042 1733 11712 270 7434 440 744 1946 7124 1322 5002 1322 245 1084 622 732 206 982 1511 10720 838
leaf_count=293 1350 4511 814 338 1590 769 4138 1015 475 28042 1733 11712 270 7434 440 744 1946 7124 1322 5002 1322 245 1084 622 732 206 982 1511 10720 838
internal_value=0.000122019 -0.000337201 0.0149598 0.0117758 -6.23721e-05 0.00470812 -0.0049202 -0.00959634 0.0139508 -0.00018973 -0.000326646 -0.000968837 0.000249989 8.17881e-05 -0.000694155 -0.00376487 -0.00788126 0.00108412 0.00234096 -2.58831e-05 0.00319349 0.00134505 0.000990705 -0.00319112 0.00687712 0.000200893 6.45398e-05 0.00181804 -0.000846552 -0.00575342
internal_weight=99324 96347 2977 2163 90901 2359 5446 1308 1825 88542 84031 39754 44277 42544 23981 4282 2690 18563 11439 19699 1592 9385 9140 1706 2054 19259 19053 6513 12540 1820
internal_count=99324 96347 2977 2163 90901 2359 5446 1308 1825 88542 84031 39754 44277 42544 23981 4282 2690 18563 11439 19699 1592 9385 9140 1706 2054 19259 19053 6513 12540 1820
is_linear=0
shrinkage=0.03


Tree=194
num_leaves=31
num_cat=0
split_feature=21 21 10 10 10 17 29 6 17 28 8 10 19 12 10 8 26 28 11 24 1 28 1 15 9 26 24 9 9 28
split_gain=743.941 129.017 82.6789 59.7139 47.3994 46.6313 60.7886 38.9731 33.5419 54.6091 40.3892 47.1642 133.197 61.5574 48.544 78.8301 54.178 54.5593 46.0393 52.4866 48.5471 43.8131 77.1916 42.9863 61.3874 55.1297 50.1884 47.784 43.6291 39.2006
threshold=13.128333333333336 1.906666666666667 10.500000000000002 4.5000000000000009 3.5000000000000004 15.145000000000001 54.500000000000007 1.5000000000000002 6.1450000000000005 976.6500000000002 16.500000000000004 2.5000000000000004 4.3758333333333344 4.5750000000000011 4.5000000000000009 7.5000000000000009 0.026175951569892244 963.05000000000007 6.3750000000000009 14.15 -2.4499999999999997 959.85000000000002 19.550000000000004 1.0000000180025095e-35 1.0000000180025095e-35 0.97625883275952063 5.1500000000000012 1.5000000000000002 3.5000000000000004 962.85000000000002
decision_type=2 2 2 2 2 2 2 2 2 2 2 2 2 10 2 2 2 2 10 2 2 2 2 8 2 2 2 2 2 2
left_child=1 3 4 -1 -2 8 -7 -5 -3 10 11 12 -10 14 15 -13 17 -16 20 -20 -15 22 -18 25 -25 28 -26 -27 -14 -22
right_child=2 5 -4 7 -6 6 -8 -9 9 -11 -12 13 23 18 16 -17 21 -19 19 -21 29 -23 -24 24 26 27 -28 -29 -30 -31
leaf_value=-1.7123840484936804e-05 6.2269333533991885e-05 -3.2910411343303401e-05 6.2344096205475537e-05 -2.805273935358293e-05 7.5742761152401965e-05 8.1675153363179313e-05 -8.4181076786525867e-05 -7.5252952021492497e-06 0.00010692621181905454 0.00095037441138903442 0.00022300798762885291 -4.5556675398747931e-05 -3.7248571669576958e-05 0.0052894460324500693 -0.0002840303587149371 -0.0015394107720829268 -0.00075219710581221426 -0.00047658505068669087 -5.6549891099398897e-05 0.00016977881209478962 0.0004856915030917466 0.0010037083328745054 0.0020444006214625954 -0.0021131556705698369 -0.00086123123745114919 -0.00070068354231194135 -0.00010695671564619368 0.00099276879840642712 -0.0015061940713232288 0.0020512345091643412
leaf_weight=1045 871 37548 849 680 1328 776 571 1449 912 242 16431 876 1040 416 2319 818 1286 209 13215 1750 7094 892 929 503 1129 276 1577 845 787 479
leaf_count=1045 871 37548 849 680 1328 776 571 1449 912 242 16431 876 1040 416 2319 818 1286 209 13215 1750 7094 892 929 503 1129 276 1577 845 787 479
internal_value=0.000121032 -0.000342147 0.0147003 -0.006285 0.0115835 -0.000138822 0.00539201 -0.003388 -0.000220468 0.00025819 0.000193538 -0.000351741 -0.00255725 0.000163431 -0.00222934 -0.00667451 -0.000888298 -0.00414528 0.000927741 -5.41082e-05 0.00276582 0.00176414 -0.0005 -0.00414314 -0.00654325 -0.00152387 -0.00473626 0.00370337 -0.00473253 0.00221298
internal_weight=99142 96094 3048 3174 2199 92920 1347 2129 91573 54025 53783 37352 7069 30283 7329 1694 5635 2528 22954 14965 7989 3107 2215 6157 3209 2948 2706 1121 1827 7573
internal_count=99142 96094 3048 3174 2199 92920 1347 2129 91573 54025 53783 37352 7069 30283 7329 1694 5635 2528 22954 14965 7989 3107 2215 6157 3209 2948 2706 1121 1827 7573
is_linear=0
shrinkage=0.03


Tree=195
num_leaves=31
num_cat=0
split_feature=21 16 21 22 14 27 11 14 10 18 12 5 28 12 9 29 2 3 11 29 2 16 28 23 10 15 9 10 26 28
split_gain=740.212 137.151 132.044 55.7556 50.2754 41.4866 40.0971 36.4058 33.1723 39.8062 32.0095 32.5934 30.2682 28.529 30.8641 37.0378 28.2356 43.1113 27.841 34.6739 26.5716 26.3095 51.5747 41.4913 46.8582 51.3144 31.1796 91.0821 60.2308 50.4614
threshold=13.128333333333336 13.385000000000003 2.21763888888889 0.95555648399106141 0.67574650079251497 0.35019404643548474 12.575000000000001 1.9320584842178008 3.5000000000000004 1.8750000000000002 11.755000000000001 0.9391402809316759 976.6500000000002 0.8650000000000001 4.5000000000000009 60.500000000000007 1.1539321494097075 11.209021114642388 2.2750000000000004 75.500000000000014 1.1396025323466639 8.8650000000000002 965.95000000000016 2.6250000000000004 10.500000000000002 -0.12000000000000004 1.0000000180025095e-35 11.500000000000002 0.9935340235047978 959.55000000000007
decision_type=2 8 2 2 2 2 8 2 2 10 8 2 2 10 2 2 2 2 10 2 2 8 2 2 2 10 2 2 2 2
left_child=2 4 5 10 -2 13 -5 -3 -7 -10 11 12 21 20 18 -16 -12 -18 19 -15 -1 22 -4 -24 -25 -26 27 28 -23 -29
right_child=1 7 3 6 -6 8 -8 -9 9 -11 16 -13 -14 14 15 -17 17 -19 -20 -21 -22 26 23 24 25 -27 -28 29 -30 -31
leaf_value=0.00028292270776399353 6.6984778643339185e-05 6.0473773319312803e-05 -2.635293956550112e-05 5.601815682618638e-05 -8.5786306333648357e-05 -1.6579003107740422e-05 -0.00011786530211452816 6.8003424446851926e-05 -1.6728512303776071e-05 -3.4101759324272883e-05 0.00028074406171298193 -0.0026710753915456919 0.0010175361800016092 -3.419358369260862e-05 -6.6454977774184194e-05 0.00043134824334343884 0.0032121397160188637 0.00030515027312884687 3.8855174096653658e-05 2.5021898751358163e-05 -2.6415257815617325e-05 -0.0010841857180295205 -5.4202010371039162e-06 -0.0018437062889584902 -0.0015314306385218052 0.0017592954071278472 0.00011759610426662514 -5.5419266318347257e-05 0.00052444291233254888 0.0038334531178319132
leaf_weight=217 406 1877 55787 1783 542 627 602 217 1260 440 1297 214 307 979 297 385 211 366 458 279 583 2598 945 450 341 301 23934 264 741 326
leaf_count=217 406 1877 55787 1783 542 627 602 217 1260 440 1297 214 307 979 297 385 211 366 458 279 583 2598 945 450 341 301 23934 264 741 326
internal_value=0.000172053 0.0147292 -0.000290009 -1.49217e-05 0.0052256 -0.00479024 0.00450628 0.0190091 -0.00783448 -0.0056305 -0.000137591 -0.000222008 -0.00019256 -0.00256634 -0.000923845 0.00445415 0.00373603 0.0092268 -0.00306798 -0.00536817 -0.00745342 -0.000226509 -0.000591399 -0.00527424 -0.00924339 -0.00398764 0.000530716 -0.00194459 -0.00386663 0.00887395
internal_weight=99034 3042 95992 90467 948 5525 2385 2094 2327 1700 88082 86208 85994 3198 2398 682 1874 577 1716 1258 800 85687 57824 2037 1092 642 27863 3929 3339 590
internal_count=99034 3042 95992 90467 948 5525 2385 2094 2327 1700 88082 86208 85994 3198 2398 682 1874 577 1716 1258 800 85687 57824 2037 1092 642 27863 3929 3339 590
is_linear=0
shrinkage=0.03


Tree=196
num_leaves=31
num_cat=0
split_feature=21 21 16 14 22 10 18 9 13 21 15 28 20 16 16 10 24 10 23 21 5 20 14 8 23 1 22 10 1 5
split_gain=780.386 140.88 112.439 51.6688 51.427 45.3757 39.519 38.3689 35.8607 32.4939 31.7133 43.0394 34.0533 33.1906 32.9621 31.8351 30.657 30.5329 37.9626 29.1817 36.4843 34.3833 30.5482 36.4945 31.4316 29.6609 28.9493 28.1055 27.9829 27.1438
threshold=13.128333333333336 2.21763888888889 13.385000000000003 0.68237330936469875 0.96664622709285053 3.5000000000000004 11.745000000000003 1.0000000180025095e-35 2.2183333333333342 1.5433333333333337 -0.37499999999999994 965.95000000000016 0.9616782206122797 14.935 8.6850000000000005 2.5000000000000004 6.4500000000000011 10.500000000000002 8.0150000000000023 7.9612500000000015 0.58921011189281525 4.0352586653109883 0.86504335151482714 4.5000000000000009 1.3050000000000004 23.650000000000002 0.043058799789362161 3.5000000000000004 14.65 0.72920471392921349
decision_type=2 2 8 2 2 2 8 2 2 2 10 2 2 8 8 2 2 2 2 2 2 2 2 2 2 2 2 2 2 2
left_child=1 5 3 -2 10 9 -6 -7 -9 -1 11 13 -12 -3 16 -15 -13 18 -4 22 21 -21 26 25 -25 -24 -14 -20 -8 -28
right_child=2 4 17 -5 6 7 28 8 -10 -11 12 14 19 15 -16 -17 -18 -19 27 20 -22 -23 23 24 -26 -27 29 -29 -30 -31
leaf_value=-1.6032525996451315e-05 6.5248883802320184e-05 -6.7930244551252995e-05 5.8463560996215857e-05 7.077401246605275e-05 5.5232666558007177e-05 -6.8142830683051248e-05 9.1382657671975622e-05 -1.8786360652297726e-05 0.000119291644068652 -1.6498662401685966e-05 0.00021609778997827122 -0.00018222017888597496 7.7817428303973319e-05 0.0019267100004974249 9.5485960762829996e-05 -0.0001514229135009426 -0.0024110697910203131 5.8659560119733718e-05 5.8587040328391681e-05 0.00062709349278343256 -1.5570827869048066e-05 0.0017767424547925569 0.0015520086309400232 -0.00034731900240450863 8.8028990283828821e-05 -0.00088828639901498475 -0.00011098371096457954 7.6403440428726157e-05 -0.00068432092028099072 -0.0031711988703703518
leaf_weight=275 398 27883 203 539 674 555 919 3072 551 1035 9856 571 1267 440 369 332 284 710 576 7058 8725 347 1394 647 7299 219 21761 596 386 246
leaf_count=275 398 27883 203 539 674 555 919 3072 551 1035 9856 571 1267 440 369 332 284 710 576 7058 8725 347 1394 647 7299 219 21761 596 386 246
internal_value=0.000145475 -0.000326609 0.0151437 0.00646497 -4.39999e-05 -0.00499181 0.00473286 -0.00345685 -0.00232359 -0.00985551 -0.00015084 -0.00094666 0.000253468 -0.000710747 -0.00644426 0.00540541 -0.00966279 0.0190191 0.0162826 -7.04542e-05 0.00097428 0.00252227 -0.000583775 0.000843789 7.54622e-06 0.00495056 -0.00117015 0.0183517 0.00167176 -0.00142422
internal_weight=99187 96165 3022 937 90677 5488 1979 4178 3623 1310 88698 29879 58819 28655 1224 772 855 2085 1375 48963 16130 7405 32833 9559 7946 1613 23274 1172 1305 22007
internal_count=99187 96165 3022 937 90677 5488 1979 4178 3623 1310 88698 29879 58819 28655 1224 772 855 2085 1375 48963 16130 7405 32833 9559 7946 1613 23274 1172 1305 22007
is_linear=0
shrinkage=0.03


Tree=197
num_leaves=31
num_cat=0
split_feature=22 16 22 1 26 16 16 18 28 29 26 5 28 1 23 8 22 1 29 14 6 1 28 27 15 17 14 5 25 27
split_gain=729.188 166.771 103.175 65.2183 45.35 39.4834 30.5228 43.798 49.0027 64.2019 43.9623 43.6411 35.7095 35.1486 41.6367 32.2906 42.4252 30.4073 34.9639 39.0664 28.3351 34.5372 27.2066 27.1944 26.2161 38.7021 36.9743 34.3513 32.9745 69.3663
threshold=0.9766647252317705 13.385000000000003 0.023893766649480622 1.0000000180025095e-35 -0.95878322595067689 14.935 3.7250000000000005 3.1350000000000002 956.45000000000016 68.500000000000014 0.9426055981926128 0.031837191419278175 961.6500000000002 21.350000000000005 1.0650000000000002 8.5000000000000018 0.051479765252653416 9.2500000000000018 69.500000000000014 0.50921508225895973 1.5000000000000002 0.8500000000000002 946.45000000000016 -0.87032255546191706 -0.37499999999999994 15.145000000000001 0.95269792344337778 0.021290160025104206 2.5601204819277115 0.36648727148060622
decision_type=2 8 2 2 2 10 8 10 2 2 2 2 2 2 2 2 2 2 2 2 2 2 2 2 10 2 2 2 2 2
left_child=2 4 3 -1 -2 6 7 11 9 15 -11 12 13 22 -15 16 -9 18 19 -10 -13 -22 -4 -23 26 28 27 -8 -26 -30
right_child=1 -3 5 -5 -6 -7 24 8 17 10 -12 20 -14 14 -16 -17 -18 -19 -20 -21 21 23 -24 -25 25 -27 -28 -29 29 -31
leaf_value=-1.5735422282812851e-05 -7.9895136681296103e-05 5.6899773316141373e-05 -0.00030912191731561055 -1.9028264428953893e-05 7.3800279492233222e-05 0.00016759779022713084 0.00095157065833397143 0.00018611166962020207 0.00060543902896799406 0.00019339402577939771 0.0029940025219524205 -4.3695070301816459e-05 5.0719383110767177e-05 0.00084427858244173076 -0.00011378527025066998 -7.1786504895655903e-05 -0.00047146661278022199 -0.00029476179689451527 -0.00023208695001068476 -4.2326795571200892e-05 0.00024343036353097192 0.0017285600787988497 -1.739192772617611e-05 4.2528898549996849e-05 6.266834555688293e-05 6.5349574161923654e-05 -0.00035105993572168441 2.9627164051765354e-06 7.645478144518769e-05 -0.00086675424102923473
leaf_weight=514 687 2325 201 2422 543 224 271 294 213 759 278 1454 877 319 729 4032 1671 478 1063 430 795 314 2253 3124 45814 753 9601 13793 1767 1011
leaf_count=514 687 2325 201 2422 543 224 271 294 213 759 278 1454 877 319 729 4032 1671 478 1063 430 795 314 2253 3124 45814 753 9601 13793 1767 1011
internal_value=0.000194215 0.0135253 -0.000302957 -0.00583475 0.0045668 -0.000127104 -0.000157965 -0.00121935 -0.00271278 -0.00149169 0.00538388 0.000148943 -0.00210082 -0.00345595 0.0011396 -0.00268411 -0.00583249 -0.00663317 -0.00473407 0.000787037 0.00188159 0.00312176 -0.00541684 0.00181237 0.000122441 0.000516109 -0.000698352 0.00028147 0.000411136 -0.00275961
internal_weight=99009 3555 95454 2936 1230 92518 92294 19284 9218 7034 1037 10066 4379 3502 1048 5997 1965 2184 1706 643 5687 4233 2454 3438 73010 49345 23665 14064 48592 2778
internal_count=99009 3555 95454 2936 1230 92518 92294 19284 9218 7034 1037 10066 4379 3502 1048 5997 1965 2184 1706 643 5687 4233 2454 3438 73010 49345 23665 14064 48592 2778
is_linear=0
shrinkage=0.03


Tree=198
num_leaves=31
num_cat=0
split_feature=21 21 16 10 14 17 9 21 28 12 27 13 27 28 28 6 23 14 12 1 8 12 25 18 28 15 20 23 28 16
split_gain=689.681 130.889 108.589 56.6912 49.2276 48.5047 46.8094 36.4873 35.3956 34.9881 32.8429 31.9842 34.3532 30.4333 31.5373 29.9111 28.2698 28.012 24.9058 24.7917 24.52 28.1037 24.0123 30.6934 26.3381 26.1557 22.7383 28.0175 22.4565 38.6025
threshold=13.128333333333336 2.21763888888889 13.385000000000003 3.5000000000000004 0.68237330936469875 15.145000000000001 1.0000000180025095e-35 1.5433333333333337 941.1500000000002 12.215000000000002 -0.017452406437283484 12.191666666666668 0.026175951569892341 958.75000000000011 954.35000000000002 1.5000000000000002 0.38500000000000006 1.9320584842178008 1.675 19.050000000000004 5.5000000000000009 12.775 1.0762308313155773 1.7450000000000003 951.1500000000002 -0.26999999999999985 1.3683536335751489 1.0650000000000002 960.1500000000002 7.3150000000000004
decision_type=2 2 8 2 2 2 2 2 2 8 2 2 2 2 2 2 2 2 10 2 2 10 2 10 2 10 2 2 2 8
left_child=1 3 4 7 -2 9 19 -1 -8 28 -7 -11 20 14 -12 18 -17 -4 -10 -5 -13 -22 24 -24 25 -18 27 -9 -3 -30
right_child=2 5 17 6 -6 10 8 26 15 11 13 12 -14 -15 -16 16 22 -19 -20 -21 21 -23 23 -25 -26 -27 -28 -29 29 -31
leaf_value=-1.5041061056480942e-05 6.2174653138278302e-05 -3.3141157612298633e-05 5.5192780116657399e-05 -6.9922547201925819e-05 -2.3013605647176362e-06 -0.00024180844030121662 -0.00013677014951263915 -1.6750393864953077e-05 -2.5138581249749807e-05 0.0009021942927113668 0.00010370299935606342 0.0014853263946765693 -0.0013318332892023265 1.6290238516100674e-05 0.00014059918198439325 -1.962786910889913e-05 -0.00015735328158631559 6.1301791608117098e-05 4.540463775345622e-06 -7.4548841850960137e-05 0.00021512516979494854 -0.00024827194414892559 0.00050681460625709961 -6.3805929494331435e-07 -2.0982700241559768e-05 0.001447301930763776 -9.6263985863720588e-06 -1.4014793850332385e-05 -2.4048908465469919e-05 0.00014801140497351927
leaf_weight=283 409 68887 1864 330 550 506 212 208 619 723 302 286 234 324 239 274 237 206 421 231 212 561 554 550 509 256 339 468 8034 10343
leaf_count=283 409 68887 1864 330 550 506 212 208 619 723 302 286 234 324 239 274 237 206 421 231 212 561 554 550 509 256 339 468 8034 10343
internal_value=0.000185428 -0.000258978 0.0142683 -0.00475437 0.00588174 1.35678e-05 -0.00305145 -0.0102226 -0.00179819 -7.25766e-05 0.0056032 0.00382979 0.000993837 0.00913793 0.0134615 -0.00105109 0.000805031 0.0181301 -0.0052823 -0.0110777 0.00329887 0.000501285 0.00198958 0.00503156 -0.00137041 0.00355422 -0.0075 -0.0106608 -0.000162944 0.000768687
internal_weight=99171 96142 3029 5491 959 90651 4193 1298 3632 89280 1371 2016 1293 865 541 3420 2380 2070 1040 561 1059 773 2106 1104 1002 493 1015 676 87264 18377
internal_count=99171 96142 3029 5491 959 90651 4193 1298 3632 89280 1371 2016 1293 865 541 3420 2380 2070 1040 561 1059 773 2106 1104 1002 493 1015 676 87264 18377
is_linear=0
shrinkage=0.03


Tree=199
num_leaves=31
num_cat=0
split_feature=21 21 16 17 26 1 15 1 29 20 1 25 28 28 7 11 1 7 12 12 16 18 12 1 1 19 21 29 17 24
split_gain=731.88 141.6 118.366 46.538 57.9703 37.0557 40.5251 36.4013 34.9727 34.558 33.46 37.7658 31.9624 31.368 30.9639 30.7653 38.3791 35.6941 32.4032 28.0879 38.4977 36.054 27.8131 35.4036 49.7273 28.1352 42.3095 38.5005 37.5598 30.0755
threshold=13.128333333333336 2.21763888888889 13.385000000000003 15.145000000000001 -0.93663652364155492 7.8500000000000005 -0.37999999999999995 1.0000000180025095e-35 71.500000000000014 1.5211002048900168 11.65 1.4054317475370108 958.35000000000002 954.35000000000002 12.500000000000002 2.3150000000000004 19.550000000000004 13.500000000000002 1.6250000000000002 1.2950000000000002 2.2050000000000005 1.8750000000000002 11.155000000000003 -0.44999999999999996 23.250000000000004 2.546250000000001 3.0590277777777781 92.500000000000014 8.5450000000000017 1.7500000000000002
decision_type=2 2 8 2 2 2 10 2 2 2 2 2 2 2 2 10 2 2 10 10 10 10 8 2 2 2 2 2 2 2
left_child=1 7 5 22 -5 -2 -7 9 15 -1 -4 -12 13 -6 -10 16 19 -18 -17 -9 21 -21 25 -24 -25 29 -27 -28 -29 -3
right_child=2 3 10 4 12 6 -8 8 14 -11 11 -13 -14 -15 -16 18 17 -19 -20 20 -22 -23 23 24 -26 26 27 28 -30 -31
leaf_value=-1.4834512476679071e-05 6.7292477685689797e-05 0.00046901716009616035 5.3466985892696162e-05 -0.0012904749388113999 0.00012143462186583186 -0.00057928670584431522 8.5541529449223436e-05 -2.4014949866099191e-05 -2.930251328095072e-05 1.5598307369713014e-05 0.00017022656177734019 7.6333072725448536e-05 1.7829620778739839e-05 0.00014278351569785964 0.00020317691182881767 -2.5405055967824327e-05 -0.00014813434351919149 8.7716848658903784e-05 9.756886565640093e-05 -1.8182772431638762e-05 0.00012453722931304425 -5.1074644785214417e-05 -0.00028974374103106991 0.0002132724285361548 -0.0004463698174317254 -7.0471902740277954e-05 -2.5248584303040054e-05 0.0026775803504070195 -0.00023780168225752573 2.2196780154093883e-05
leaf_weight=846 280 515 1523 372 390 249 408 711 281 234 245 328 340 257 636 389 339 729 391 443 255 239 323 2488 928 4838 75519 320 225 4015
leaf_count=846 280 515 1523 372 390 249 408 711 281 234 245 328 340 257 636 389 339 729 391 443 255 239 323 2488 928 4838 75519 320 225 4015
internal_value=0.000107812 -0.000350835 0.014605 -6.69354e-05 0.00543255 0.00570064 0.00176737 -0.00502546 -0.00380942 -0.00995392 0.0185626 0.0121972 0.00922379 0.0131135 0.00139913 -0.00517566 -0.00668137 -0.00223672 7.64331e-05 -0.00954628 -0.0060828 -0.00978166 -0.00015105 0.00237981 0.00327974 -0.000261947 -0.000390819 -0.000217697 0.00769091 0.00203749
internal_weight=99056 96023 3033 90530 1359 937 657 5493 4413 1080 2096 573 987 647 917 3496 2716 1068 780 1648 937 682 89171 3739 3416 85432 80902 76064 545 4530
internal_count=99056 96023 3033 90530 1359 937 657 5493 4413 1080 2096 573 987 647 917 3496 2716 1068 780 1648 937 682 89171 3739 3416 85432 80902 76064 545 4530
is_linear=0
shrinkage=0.03


Tree=200
num_leaves=31
num_cat=0
split_feature=22 16 22 10 16 26 10 29 25 10 2 25 1 27 18 2 24 26 26 2 29 26 24 23 1 17 27 17 28 11
split_gain=694.74 156.892 102.185 62.3376 50.9783 40.0518 37.0413 60.0391 70.1842 47.6568 67.7225 85.1287 52.1861 51.1458 59.1833 48.8808 48.2326 60.8808 44.6238 39.3527 52.1038 45.7109 49.9139 39.0813 35.4479 76.6956 47.2413 39.2921 35.2328 35.1363
threshold=0.97506175887643198 13.385000000000003 0.023893766649480622 3.5000000000000004 8.8650000000000002 -0.95878322595067689 2.5000000000000004 69.500000000000014 1.3406160292235991 4.5000000000000009 1.1820063501690765 1.6250748502994015 -7.9499999999999993 0.26722820045975998 12.235000000000001 1.1325703599807537 4.3500000000000005 0.2672282004597602 0.92384435400961407 1.1515189067058136 64.500000000000014 0.87032255546191739 11.450000000000001 2.2050000000000005 -1.8499999999999999 10.215000000000002 0.13052122218260662 11.315000000000003 954.05000000000007 10.695000000000002
decision_type=2 8 2 2 10 2 2 2 2 2 2 2 2 2 10 2 2 2 2 2 2 2 2 2 2 2 2 2 2 10
left_child=2 5 3 -1 -4 -2 7 8 -6 10 15 -12 -11 -14 16 -8 23 -18 -9 21 -21 22 -17 -15 25 -10 -27 -26 -22 -3
right_child=1 29 4 -5 6 -7 9 18 24 12 11 -13 13 14 -16 19 17 -19 -20 20 28 -23 -24 -25 27 26 -28 -29 -30 -31
leaf_value=-1.4624767501758692e-05 6.3766678021431877e-06 4.9130898360235654e-05 -2.6537617355879837e-05 -1.8768483629193737e-05 0.00037472386947807909 6.2664506639203974e-05 0.00047152251333957396 0.0011405071347109913 0.00060161557879005734 0.0018391775089333993 -7.2381470376692285e-06 0.0023807553331934078 -6.5568622327772939e-05 0.0011770096813895491 -0.0010948123558298473 0.001666237137921947 -0.0020013802780357304 0.00080117813483905533 -9.7000001058635818e-05 0.00051321788773148744 0.00026567976403829905 -0.0013737839762454191 -0.0024930866173098029 -0.0028074943612485495 -0.0033320821050968358 -0.00056348352354452624 -0.0059087639427831485 6.5078343774710443e-05 -0.0029612574985510252 5.1936744465603813e-05
leaf_weight=628 782 553 63938 2233 312 660 950 962 212 334 435 962 12359 416 306 377 305 3578 1740 1353 351 656 200 503 287 442 442 768 325 1910
leaf_count=628 782 553 63938 2233 312 660 950 962 212 334 435 962 12359 416 306 377 305 3578 1740 1353 351 656 200 503 287 442 442 768 325 1910
internal_value=8.91382e-05 0.0124834 -0.00041896 -0.00599791 -0.000246114 0.00460263 0.000807208 -0.0014913 -0.00487439 0.00131454 0.00372462 0.00943652 0.000554308 0.000327953 0.00285155 0.0018212 0.00366965 0.00513117 0.00159586 7.34619e-05 0.00264012 -0.00414378 0.00201031 -0.0025 -0.00680427 -0.0105722 -0.0144432 -0.00285849 -0.00414097 0.0170786
internal_weight=99279 3905 95374 2861 92513 1442 28575 5165 2463 23410 5609 1397 17801 17467 5108 4212 4802 3883 2702 3262 2029 1233 577 919 2151 1096 884 1055 676 2463
internal_count=99279 3905 95374 2861 92513 1442 28575 5165 2463 23410 5609 1397 17801 17467 5108 4212 4802 3883 2702 3262 2029 1233 577 919 2151 1096 884 1055 676 2463
is_linear=0
shrinkage=0.03


Tree=201
num_leaves=31
num_cat=0
split_feature=22 16 22 12 27 16 1 20 1 20 3 12 17 18 28 14 12 1 15 25 16 14 3 17 8 23 28 1 23 1
split_gain=723.787 153.401 103.97 54.0002 32.8594 32.5126 38.4767 31.7572 30.2841 28.4708 29.7453 46.316 53.405 38.3589 30.8836 30.5447 29.8859 37.7647 34.7788 34.0024 28.0065 27.8748 27.765 36.397 31.6786 41.8375 46.8642 37.1215 29.3887 27.2239
threshold=0.97506175887643198 13.385000000000003 0.023893766649480622 0.8650000000000001 -0.30069434954884217 8.8650000000000002 -11.749999999999998 4.3936990727875775 38.750000000000007 0.91309683629588867 6.7054070229702623 10.285000000000002 10.575000000000001 9.4950000000000028 952.75000000000011 1.8209429758424645 6.205000000000001 31.350000000000005 -1.3450000000000004 2.7953463203463209 8.0150000000000023 0.64080678315177952 7.757256300565408 9.3350000000000026 5.5000000000000009 3.4550000000000005 949.55000000000007 10.850000000000003 1.8750000000000002 2.4500000000000006
decision_type=2 8 2 10 2 8 2 2 2 2 2 10 2 10 2 2 10 2 10 2 10 2 2 2 2 2 2 2 2 2
left_child=2 4 3 29 -2 6 -4 -7 9 22 13 12 -12 16 15 -13 18 -18 -11 -20 -21 -6 24 -24 25 26 28 -28 -8 -1
right_child=1 -3 5 -5 21 7 8 -9 -10 10 11 14 -14 -15 -16 -17 17 -19 19 20 -22 -23 23 -25 -26 -27 27 -29 -30 -31
leaf_value=-1.9687551941743581e-05 0.00010275340524405374 5.0374884802408813e-05 -0.00015259704429859412 -1.3642108265848329e-05 5.3948197612714298e-05 3.0433513414705727e-05 -5.4585301636840763e-05 0.001594932484670194 -0.00033359342506853053 0.00019245715200159525 -0.00070633720288048034 0.0036870095557558569 -0.0036731815960074281 0.0041664285269784425 -0.0015641363009933895 -0.0008939396899884499 0.00089016990649544827 -0.00086633633033057127 -3.5500198706442436e-05 -4.0305500402747912e-05 -0.00084729350681449049 -7.9639316128551343e-05 0.002821552206942135 -0.0016842855039550552 7.0714128723364583e-05 -0.003508372493747307 -1.5766145031937389e-05 0.0018323983051693462 -0.00085633905505087544 -2.8753601047546566e-05
leaf_weight=221 274 2424 250 2246 534 30060 538 1055 253 3950 5323 565 1012 385 356 358 3191 556 31211 1415 200 660 759 268 8609 245 611 509 567 462
leaf_count=221 274 2424 250 2246 534 30060 538 1055 253 3950 5323 565 1012 385 356 358 3191 556 31211 1415 200 660 759 268 8609 245 611 509 567 462
internal_value=0.000137779 0.0128099 -0.000381067 -0.0059407 0.00513238 -0.000204225 -0.000606026 0.000585154 -0.000557271 -0.000513582 -0.000838296 -0.00255939 -0.00361041 -0.000517684 0.00264019 0.00552802 -0.000607728 0.00194296 -0.000867839 -0.0011879 -0.00542593 0.00295246 0.000787714 0.00549419 0.000349152 -0.00264242 -0.00133184 0.00298667 -0.0057027 -0.0132994
internal_weight=99067 3892 95175 2929 1468 92246 61131 31115 60881 60628 48522 7614 6335 40908 1279 923 40523 3747 36776 32826 1615 1194 12106 1027 11079 2470 2225 1120 1105 683
internal_count=99067 3892 95175 2929 1468 92246 61131 31115 60881 60628 48522 7614 6335 40908 1279 923 40523 3747 36776 32826 1615 1194 12106 1027 11079 2470 2225 1120 1105 683
is_linear=0
shrinkage=0.03


Tree=202
num_leaves=31
num_cat=0
split_feature=21 21 1 26 10 22 21 14 29 13 6 23 24 25 22 17 29 28 1 22 26 9 26 28 26 22 10 17 29 15
split_gain=706.127 135.194 74.0591 54.9239 48.7267 46.89 37.4015 32.8266 51.9333 32.6074 31.4777 41.1606 37.1234 27.7522 23.3048 24.2994 39.4132 38.2565 41.2819 63.4224 49.8989 53.8681 54.7993 52.7176 48.0464 56.6472 48.3866 47.1005 46.8694 43.9797
threshold=13.128333333333336 2.21763888888889 7.8500000000000005 -0.92384435400961384 3.5000000000000004 0.96664622709285053 1.7195833333333335 0.81193185264117695 65.500000000000014 12.620000000000003 1.5000000000000002 0.31000000000000005 1.8500000000000003 1.0858810733647166 0.031423709608429579 5.9850000000000012 68.500000000000014 976.6500000000002 -0.34999999999999992 0.11012852532335936 -0.96359376111369355 1.5000000000000002 0.82409480842201688 949.95000000000016 0.95368063612909471 0.7900740743123168 10.500000000000002 6.785000000000001 88.500000000000014 0.10500000000000044
decision_type=2 2 2 2 2 2 2 2 2 2 2 2 2 2 2 2 2 2 2 2 2 2 2 2 2 2 2 2 2 10
left_child=1 4 -2 7 6 14 -1 -4 -9 -7 -6 -12 -13 -8 -3 16 -16 18 19 27 -21 22 -22 -23 29 -26 -27 -17 -25 -24
right_child=2 5 3 -5 10 9 13 8 -10 -11 11 12 -14 -15 15 17 -18 -19 -20 20 21 23 24 28 25 26 -28 -29 -30 -31
leaf_value=-1.3541470829350494e-05 4.8863638258336282e-05 0.00026921280975648139 6.5709514056759837e-05 0.00016585540414239096 -2.5714256731327164e-05 5.1388856307448272e-05 -5.1046620324688217e-06 0.00014440854696169512 -0.0014726323668371654 -0.00013421042971396236 -2.1974580938629721e-05 0.00029188999760842684 -1.5367967112733874e-05 -2.7776948287232138e-05 -9.9007544855617691e-05 -3.5651946557349776e-05 4.5523641931832564e-05 0.0013694043098427852 8.3673578062444859e-05 -0.0012555913037215953 -0.0027758151085622439 -0.0021626665068169692 0.0017370538913045175 -2.8497913132368155e-05 -0.00095127532475712377 -0.00035518626263901341 0.0023186469513493701 0.00012818647070850621 0.0027386660561250177 -0.00040504165845208412
leaf_weight=483 1458 1073 498 385 1245 1472 448 382 305 493 236 440 2220 370 23304 333 9582 210 42076 686 309 358 405 6760 1255 415 201 947 469 276
leaf_count=483 1458 1073 498 385 1245 1472 448 382 305 493 236 440 2220 370 23304 333 9582 210 42076 686 309 358 405 6760 1255 415 201 947 469 276
internal_value=0.000149547 -0.000300403 0.0144016 0.00982857 -0.00489077 -2.44955e-05 -0.0099464 0.00657983 0.00229769 0.0045533 -0.00329233 -0.00157187 -0.00049531 -0.00597813 -0.000126207 -0.000180155 -0.000824542 0.000207294 0.000157446 -0.00136243 -0.00208995 -0.00157275 -0.00507676 -0.000248946 -0.00361361 -0.00609275 0.00135266 0.00494942 0.000311031 0.00319242
internal_weight=99094 96066 3028 1570 5442 90624 1301 1185 687 1965 4141 2896 2660 818 88659 87586 32886 54700 54490 12414 11134 10448 2861 7587 2552 1871 616 1280 7229 681
internal_count=99094 96066 3028 1570 5442 90624 1301 1185 687 1965 4141 2896 2660 818 88659 87586 32886 54700 54490 12414 11134 10448 2861 7587 2552 1871 616 1280 7229 681
is_linear=0
shrinkage=0.03


Tree=203
num_leaves=31
num_cat=0
split_feature=22 16 22 10 26 1 5 14 16 25 25 27 29 28 11 18 1 22 1 1 15 28 1 26 16 18 28 8 11 1
split_gain=649.033 157.698 105.347 64.2619 40.7109 37.8844 33.0485 31.2865 29.4904 29.5211 28.267 46.7419 55.1865 41.0027 39.5744 39.5253 34.237 33.8995 32.0204 28.0481 27.0591 53.6469 30.0245 29.8806 34.7879 28.9734 32.3312 42.3618 40.7677 27.6671
threshold=0.97506175887643198 13.385000000000003 0.023893766649480622 3.5000000000000004 -0.95878322595067689 38.45000000000001 0.030358306562246671 0.561278302924067 15.235000000000001 1.3714850367024283 2.6024555711230737 -0.39873388578253693 66.500000000000014 937.95000000000016 4.6950000000000012 7.5050000000000008 4.6500000000000012 0.38172285834831426 -2.1499999999999999 12.050000000000002 0.5500000000000006 968.35000000000002 -1.1499999999999997 0.92384435400961407 10.105000000000002 13.685 967.1500000000002 14.500000000000002 8.3450000000000006 1.2500000000000002
decision_type=2 8 2 2 2 2 2 2 8 2 2 2 2 2 10 10 2 2 2 2 10 2 2 2 8 8 2 2 10 2
left_child=2 4 3 7 -2 10 -5 -1 9 -3 13 14 15 -4 -12 16 18 -14 -13 -11 25 22 23 -22 -25 26 -15 -28 -29 -24
right_child=1 8 5 6 -6 -7 -8 -9 -10 19 11 12 17 20 -16 -17 -18 -19 -20 -21 21 -23 29 24 -26 -27 27 28 -30 -31
leaf_value=-1.3688018603687599e-05 -1.158346945896671e-05 4.6468618327151209e-05 0.0036808202103650075 -2.2078670775114802e-05 6.2650538849525755e-05 -0.00041908655798373262 6.5048364329865747e-05 -1.2480762767693269e-05 4.7397729110587593e-05 4.7471003026097744e-05 -2.2918085575303337e-05 -2.8895110616011798e-06 -1.3717067716472203e-05 -1.1830474587248563e-05 0.0036813745412879618 -0.0019662491798100698 -3.9988849513035577e-05 0.0013138294269807143 -0.00057130514800556899 3.2018650443940697e-05 2.8829348058082726e-05 0.0010874930324799592 0.00093078690807511853 -0.0004754069860184373 0.00018267930575065205 0.00034510755530090084 -0.00027158686464743214 0.0011903692844936504 -6.6166963259630673e-05 9.5569289292090072e-05
leaf_weight=397 793 359 265 1640 659 345 639 243 924 924 354 268 1396 62543 344 606 1597 486 553 216 1298 460 1393 650 392 503 1300 419 302 16926
leaf_count=397 793 359 265 1640 659 345 639 243 924 924 354 268 1396 62543 344 606 1597 486 553 216 1298 460 1393 650 392 503 1300 419 302 16926
internal_value=0.00013488 0.0121624 -0.000354685 -0.00596101 0.00432395 -0.000177263 -0.00358581 -0.0143256 0.016841 0.0141423 -0.0001398 -0.0022036 -0.00323763 -5.89895e-06 0.00503556 -0.00574447 -0.00401156 0.000794913 -0.00897094 0.0116856 -4.24638e-05 0.000890456 0.000663473 -0.00253305 -0.00630372 -0.00034531 -0.000401431 -0.00413129 0.00169421 0.00107236
internal_weight=99194 3875 95319 2919 1452 92400 2279 640 2423 1499 92055 5604 4906 86451 698 3024 2418 1882 821 1140 86186 21119 20659 2340 1042 65067 64564 2021 721 18319
internal_count=99194 3875 95319 2919 1452 92400 2279 640 2423 1499 92055 5604 4906 86451 698 3024 2418 1882 821 1140 86186 21119 20659 2340 1042 65067 64564 2021 721 18319
is_linear=0
shrinkage=0.03


Tree=204
num_leaves=31
num_cat=0
split_feature=22 16 22 10 14 1 16 8 24 2 27 23 1 29 28 10 10 24 28 16 16 11 10 25 8 28 11 28 17 10
split_gain=667.465 145.215 106.725 62.0507 36.2424 32.9175 27.5327 28.139 79.1288 66.1762 56.5308 58.7155 49.0684 58.9475 45.021 44.1091 41.9658 48.3707 40.7993 37.0747 36.8645 65.9059 38.013 42.0536 41.0421 76.2968 40.0529 39.3012 36.5612 48.7958
threshold=0.9766647252317705 13.385000000000003 0.023893766649480622 3.5000000000000004 0.64080678315177952 38.45000000000001 14.935 14.500000000000002 14.050000000000002 1.1364663710811209 0.078456108245891568 2.9250000000000003 26.850000000000005 44.500000000000007 943.95000000000016 1.5000000000000002 6.5000000000000009 10.250000000000002 937.95000000000016 2.2900000000000005 2.4750000000000005 2.9950000000000006 8.5000000000000018 1.867778528289892 11.500000000000002 949.85000000000002 5.285000000000001 953.95000000000016 3.2150000000000003 8.5000000000000018
decision_type=2 8 2 2 2 2 10 2 2 2 2 2 2 2 2 2 2 2 2 10 10 10 2 2 2 2 10 2 2 2
left_child=2 4 3 -1 -2 6 7 8 12 18 -11 -12 13 14 -4 -16 17 -14 -9 -13 -17 -22 24 -24 25 -23 -27 -26 -20 -30
right_child=1 -3 5 -5 -6 -7 -8 9 -10 10 11 19 16 -15 15 20 -18 -19 28 -21 21 22 23 -25 27 26 -28 -29 29 -31
leaf_value=-1.2730659843512552e-05 5.3674809128901319e-05 4.5975797237270964e-05 -0.00068700173662343989 -1.7073215683357304e-05 2.3617439929202175e-05 -0.00033194965986468031 0.00014138710073249627 0.0035292523095922456 0.00022529042855784997 8.6649276743993447e-06 7.1047356970712903e-05 0.0045952973499828031 0.0024332087243451395 -2.0614464141671534e-05 -0.0017846209920572647 -0.00010971398420523501 8.0413605425711315e-06 -0.00012662960350237119 -0.00021187800650830375 0.00055865132320904174 0.00094029065208266205 -0.00075593476243713273 -0.00029675928036769158 -0.0016287808847255559 2.2834205082822302e-05 -0.00035561921535655236 0.00057248294552109775 -0.00085998974262426636 -0.00030402401143177709 0.00061120526970823044
leaf_weight=622 526 2341 909 2251 742 346 250 202 1652 10854 4929 260 888 41038 335 1084 3725 547 2486 3639 1103 1354 1766 618 484 449 1067 499 9707 2548
leaf_count=622 526 2341 909 2251 742 346 250 202 1652 10854 4929 260 888 41038 335 1084 3725 547 2486 3639 1103 1354 1766 618 484 449 1067 499 9707 2548
internal_value=6.98406e-05 0.0127255 -0.000408505 -0.00609798 0.00452474 -0.000231929 -0.000197082 -0.000224313 -0.000631052 0.000451343 0.00159395 0.00337598 -0.000822609 -0.00110627 -0.00321307 -0.00255021 0.00196321 0.0063125 -0.00105365 0.00612449 -0.00212125 -0.00135602 -0.00255207 -0.00552532 -0.000707621 0.00110609 0.00571992 -0.00598178 -0.00123898 -0.000565253
internal_weight=99221 3609 95612 2873 1268 92739 92393 92143 57518 34625 19682 8828 55866 50706 9668 8759 5160 1435 14943 3899 8424 7340 6237 2384 3853 2870 1516 983 14741 12255
internal_count=99221 3609 95612 2873 1268 92739 92393 92143 57518 34625 19682 8828 55866 50706 9668 8759 5160 1435 14943 3899 8424 7340 6237 2384 3853 2870 1516 983 14741 12255
is_linear=0
shrinkage=0.03


Tree=205
num_leaves=31
num_cat=0
split_feature=21 21 16 10 14 16 7 14 2 20 26 29 25 8 25 20 29 27 17 16 8 16 11 21 8 28 17 29 17 28
split_gain=663.708 109.831 101.572 55.6025 53.7517 37.7932 35.4303 26.3877 24.8806 31.5071 34.2391 28.5767 24.2926 21.8307 34.1852 56.7547 49.7266 57.5485 56.2765 46.7276 44.852 39.9451 89.7921 54.2841 53.4014 60.8946 87.6501 55.7753 53.8921 77.0952
threshold=13.128333333333336 1.906666666666667 13.385000000000003 4.5000000000000009 0.68237330936469875 14.935 13.500000000000002 1.785758473668172 1.0702001067921629 2.4901062555058329 -0.99353402350479758 13.500000000000002 1.0824557513948936 1.5000000000000002 2.4516053483222624 0.9371543765176954 61.500000000000007 -0.36648727148060634 8.0150000000000023 10.705000000000002 18.500000000000004 7.3150000000000004 6.5850000000000009 7.4941666666666675 6.5000000000000009 951.6500000000002 3.1500000000000008 33.500000000000007 1.7050000000000003 944.1500000000002
decision_type=2 2 8 2 2 10 2 2 2 2 2 2 2 2 2 2 2 2 2 8 2 10 8 2 2 2 2 2 2 2
left_child=1 3 4 -1 -2 8 -5 -4 9 10 -3 -12 -13 -10 21 -16 17 -17 -19 20 -20 22 23 24 28 26 -26 -27 -15 -30
right_child=2 5 7 6 -6 -7 -8 -9 13 -11 11 12 -14 14 15 16 -18 18 19 -21 -22 -23 -24 -25 25 27 -28 -29 29 -31
leaf_value=-1.2348740048207188e-05 5.4955732522566915e-05 0.0012342081896945078 4.4596523320151737e-05 -2.5102521366307909e-05 -1.2335277010268596e-05 6.9731063250245699e-05 -3.6299004577386784e-06 5.0522264466867915e-05 0.00011427246927230558 -0.0024400492506181288 -0.0003655519677306572 0.00095747806930567643 -0.00053479091524056318 0.0002930240011786253 0.0005721396142378967 0.00025025576819143522 -1.1497261377848219e-05 -0.00031511775295623963 -0.0027056752232304587 0.0004252463169499698 -0.00131922267398307 5.7632913456501228e-05 -0.00087472399561433543 0.0053942680458458929 -0.00014879493145283842 -0.00011745539214481414 0.00053934084357719922 -4.3938623673153537e-06 -0.00046954105396985086 -6.9804989046884713e-05
leaf_weight=1027 389 231 1796 727 562 328 1364 276 7810 233 343 452 347 837 983 478 3174 1628 642 205 309 35477 5904 542 2967 1982 7584 14385 931 5409
leaf_count=1027 389 231 1796 727 562 328 1364 276 7810 233 343 452 347 837 983 478 3174 1628 642 205 309 35477 5904 542 2967 1982 7584 14385 931 5409
internal_value=7.06756e-05 -0.000364159 0.0139003 -0.00589817 0.00574268 -0.000178675 -0.00307729 0.0176216 -0.000214844 -0.00391061 -0.0021553 -0.00428945 -0.00115672 -0.000149586 -0.00029158 -0.00223464 -0.00326036 -0.00585859 -0.00750807 -0.0125581 -0.0153452 -0.000101811 -0.00074508 -0.000161942 -0.000312317 0.000300858 0.00207749 -0.000844735 -0.00261069 -0.00355556
internal_weight=99322 96299 3023 3118 951 93181 2091 2072 92853 1606 1373 1142 799 91247 83437 7419 6436 3262 2784 1156 951 76018 40541 34637 34095 26918 10551 16367 7177 6340
internal_count=99322 96299 3023 3118 951 93181 2091 2072 92853 1606 1373 1142 799 91247 83437 7419 6436 3262 2784 1156 951 76018 40541 34637 34095 26918 10551 16367 7177 6340
is_linear=0
shrinkage=0.03


Tree=206
num_leaves=31
num_cat=0
split_feature=19 16 22 10 16 14 8 17 10 13 16 28 1 28 20 16 8 28 1 17 17 8 16 10 29 23 28 19 29 3
split_gain=645.201 141.831 80.8332 63.6983 37.4796 36.8371 36.3473 62.1832 92.0323 55.8362 46.1085 41.3772 48.8676 41.3637 36.5146 39.0675 36.5963 59.413 49.951 44.1444 39.6231 34.7705 42.059 79.0934 57.0637 56.7728 46.9965 46.7677 43.3768 41.909
threshold=12.946250000000003 13.385000000000003 0.023893766649480622 3.5000000000000004 1.6150000000000004 0.64080678315177952 14.500000000000002 3.2150000000000003 4.5000000000000009 9.4166666666666696 12.895000000000001 939.55000000000007 24.850000000000005 967.6500000000002 3.4143508386362869 5.7250000000000005 6.5000000000000009 943.95000000000016 34.350000000000001 4.0850000000000009 2.7750000000000004 1.5000000000000002 9.1250000000000018 2.5000000000000004 77.500000000000014 5.7650000000000006 953.35000000000002 8.9037500000000041 45.500000000000007 8.2359096771064682
decision_type=2 8 2 2 8 2 2 2 2 2 10 2 2 2 2 10 2 2 2 2 2 2 10 2 2 2 2 2 2 2
left_child=2 5 3 4 -1 -2 11 8 -8 10 13 -4 21 -9 16 -16 19 18 20 -14 -18 -13 25 24 29 28 -27 -26 -23 -24
right_child=1 -3 6 -5 -6 -7 7 9 -10 -11 -12 12 14 -15 15 -17 17 -19 -20 -21 -22 22 23 -25 27 26 -28 -29 -30 -31
leaf_value=-1.149562694879461e-05 5.330706054688994e-05 4.3258627620548216e-05 -0.00046811793013591901 -1.4292115100137132e-05 -1.1978277846760969e-05 3.3707182614948758e-05 0.00032815815146248773 0.00019329751043346567 -0.00019610253445163917 -0.0001462943782203674 0.00075596080737703293 6.3760184389358152e-05 0.00024092513611161158 0.0016265151982923687 4.2722226488697832e-07 0.00554486134366466 0.00014032694924110241 5.3757353203764954e-06 -0.0001646592720248395 -0.00092559864934660407 0.0022262691791148032 -0.00018521790900019331 -0.0021113322013058835 7.3699658249721793e-05 0.0039183353858302265 -0.00044427359451474469 -0.0021309965204356091 -0.0016216643564546723 -2.6443499955473604e-05 5.8715097131103456e-05
leaf_weight=251 498 2309 488 2258 383 786 1730 24672 3864 3903 313 6931 478 521 324 423 368 4075 358 824 862 4204 1480 11329 284 805 1098 352 22593 462
leaf_count=251 498 2309 488 2258 383 786 1730 24672 3864 3903 313 6931 478 521 324 423 368 4075 358 824 862 4204 1480 11329 284 805 1098 352 22593 462
internal_value=6.0465e-05 0.012532 -0.000408729 -0.00534346 -0.0137089 0.00451513 -0.000254566 0.00050817 -0.00238971 0.0010597 0.00157109 -0.00071697 -0.000642389 0.00142749 0.00157833 0.00785904 0.00089957 0.00194248 0.00685499 -0.00362663 0.0097166 -0.000988232 -0.00130879 4.52846e-05 -0.00469222 -0.00196481 -0.00696541 0.00308892 -0.00160846 -0.00724191
internal_weight=99226 3593 95633 2892 634 1284 92741 35003 5594 29409 25506 57738 57250 25193 7712 747 6965 5663 1588 1302 1230 49538 42607 13907 2578 28700 1903 636 26797 1942
internal_count=99226 3593 95633 2892 634 1284 92741 35003 5594 29409 25506 57738 57250 25193 7712 747 6965 5663 1588 1302 1230 49538 42607 13907 2578 28700 1903 636 26797 1942
is_linear=0
shrinkage=0.03


Tree=207
num_leaves=31
num_cat=0
split_feature=22 21 26 11 10 20 1 21 17 8 2 1 27 23 29 17 27 28 29 28 8 2 26 8 28 28 2 29 27 10
split_gain=678.706 108.688 54.3657 48.0388 41.849 36.7237 36.3343 29.739 29.0176 28.8606 53.1225 52.1017 46.554 78.5346 64.7985 43.9985 58.0323 56.1069 113.157 42.4356 38.5966 38.0845 114.05 51.668 74.421 47.1887 53.0715 47.0499 41.281 40.9508
threshold=0.97506175887643198 1.790416666666667 -0.94828754594723508 10.695000000000002 4.5000000000000009 1.8606036187971393 38.45000000000001 14.602916666666671 15.145000000000001 12.500000000000002 1.1364663710811209 26.850000000000005 0.10452846326765323 2.7150000000000003 38.500000000000007 2.9450000000000007 0.44618082326431213 945.25000000000011 71.500000000000014 938.95000000000016 1.5000000000000002 1.1317943610588868 0.85260769842926931 7.5000000000000009 962.85000000000002 966.55000000000007 1.2235954652938401 57.500000000000007 -0.095842103007655791 9.5000000000000018
decision_type=2 2 2 10 2 2 2 2 2 2 2 2 2 2 2 2 2 2 2 2 2 2 2 2 2 2 2 2 2 2
left_child=1 4 5 -4 -1 -2 8 -7 9 11 19 15 -12 -14 -15 16 -3 18 20 -11 -17 22 27 -23 28 -26 -27 -19 29 -25
right_child=2 6 3 -5 -6 7 -8 -9 -10 10 12 -13 13 14 -16 17 -18 21 -20 -21 -22 23 -24 24 25 26 -28 -29 -30 -31
leaf_value=-1.1539191135905811e-05 4.6891347921756972e-05 0.00010228822568621092 3.7910495557271774e-05 4.1960868791931502e-05 -1.8451895015054227e-05 -1.9308527558815625e-05 -0.00028955751934176617 6.2601737672429711e-05 7.4763133910809012e-05 0.0024434405835231038 -5.0604209678859967e-06 0.00040688857851898017 -3.0310879384883197e-06 -0.00013155901256758139 0.00075165401570053021 2.1044854931781751e-05 -4.0206825447340574e-05 -0.00035049344123004556 0.0031278636445655865 -0.00011362576852942395 -0.00063538696702546995 -2.9715236549852571e-05 0.0013065151466556866 -0.00022785583898262169 0.00027416469589827637 -0.0010422291945898503 0.00021257308941595942 0.001005876636282017 -0.00053526003719998709 0.00030705965333252647
leaf_weight=782 1210 6486 594 1170 1563 522 349 321 1065 394 12395 3431 5013 865 4871 551 986 2647 363 18160 2448 19715 1950 1638 1532 336 317 1006 5524 743
leaf_count=782 1210 6486 594 1170 1563 522 349 321 1065 394 12395 3431 5013 865 4871 551 986 2647 363 18160 2448 19715 1950 1638 1532 336 317 1006 5524 743
internal_value=1.42493e-05 -0.000483734 0.0124097 0.0162804 -0.00685532 0.00905248 -0.000322341 0.00420991 -0.000285588 -0.000343088 0.000238832 -0.000831555 0.00119746 0.00264181 0.00503745 -0.00109629 0.0010111 -0.00150251 -0.00520345 -0.000956948 -0.00712051 -0.00115042 0.00111805 -0.00157699 -0.00332244 0.00157534 -0.00515198 -0.00200929 -0.00467636 -0.00137049
internal_weight=98947 95130 3817 1764 2345 2053 92785 843 92436 91371 41698 49673 23144 10749 5736 46242 7472 38770 3362 18554 2999 35408 5603 29805 10090 2185 653 3653 7905 2381
internal_count=98947 95130 3817 1764 2345 2053 92785 843 92436 91371 41698 49673 23144 10749 5736 46242 7472 38770 3362 18554 2999 35408 5603 29805 10090 2185 653 3653 7905 2381
is_linear=0
shrinkage=0.03


Tree=208
num_leaves=31
num_cat=0
split_feature=21 21 16 10 16 26 6 18 16 2 9 28 20 29 25 8 8 2 26 25 25 27 20 29 10 28 10 18 2 10
split_gain=626.515 107.884 96.4504 46.6261 37.953 33.0853 31.5648 31.0232 29.3788 29.0378 44.6599 34.5497 28.9437 35.5928 30.6903 28.8619 27.4296 45.5788 56.5289 131.375 87.9083 53.6331 46.6254 44.5378 69.4368 52.6511 58.7682 51.1297 47.0174 42.7728
threshold=13.128333333333336 1.906666666666667 13.385000000000003 4.5000000000000009 14.115 -0.95878322595067689 1.5000000000000002 1.8350000000000002 15.235000000000001 1.0702001067921629 4.5000000000000009 942.95000000000016 3.859151455216439 82.500000000000014 2.2091206179441478 15.500000000000002 14.500000000000002 1.1669755372839243 0.84335933205092517 1.9570499283963205 1.9168338849189916 0.06104621499353461 1.5211002048900168 59.500000000000007 1.5000000000000002 959.35000000000002 11.500000000000002 6.4750000000000005 1.202222617310772 10.500000000000002
decision_type=2 2 8 2 10 2 2 10 8 2 2 2 2 2 2 2 2 2 2 2 2 2 2 2 2 2 2 10 2 2
left_child=1 3 5 -1 9 -2 -5 -8 -4 10 15 -12 16 14 -14 -3 -11 18 20 22 -18 -21 -20 24 -19 26 -26 -28 29 -27
right_child=2 4 8 6 -6 -7 7 -9 -10 12 11 -13 13 -15 -16 -17 17 23 19 21 -22 -23 -24 -25 25 28 27 -29 -30 -31
leaf_value=-1.1153138924107439e-05 4.5506276404794209e-05 0.0011575634644510127 4.0455392234807207e-05 -2.2532814354757623e-05 5.7940260323083298e-05 5.405709095817168e-05 6.2462935429281844e-05 -1.9170124363904403e-05 4.0702042728173461e-05 -3.1295881383005782e-05 -0.00074489901188548699 -0.00017806757116756167 0.00066657267396993513 0.0037063129478294553 -0.00072359475307389983 -0.00039977338352102144 -0.00010335066350531999 -6.9526311083893954e-05 0.00028014475134630214 -0.0018938202951161393 0.0011656270174991072 -0.00033711578400977293 -0.00043278881297321726 4.6866002465000956e-05 0.0023017107710701055 0.0013047844880504566 -0.0011954379668121817 0.00032932080817631604 0.0028383519744864562 -0.00034931877225541694
leaf_weight=1024 547 448 1197 673 872 392 1138 312 874 53537 310 210 3432 357 708 627 10564 737 1668 974 3568 673 1525 9850 1124 503 214 256 309 435
leaf_count=1024 547 448 1197 673 872 392 1138 312 874 53537 310 210 3432 357 708 627 10564 737 1668 974 3568 673 1525 9850 1124 503 214 256 309 435
internal_value=4.6637e-05 -0.000376042 0.0135124 -0.00583439 -0.000190838 0.00549788 -0.00328477 -0.000783505 0.0171243 -0.000250016 -0.00425625 -0.0114286 -0.000179126 0.0021657 0.00137515 -0.00075 -0.000301948 0.000386977 -0.000559625 -0.00335604 0.000398953 -0.010224 0.000196998 0.00172411 0.00458833 0.00671469 0.0103189 0.00138947 0.00208466 -0.00127253
internal_weight=99058 96048 3010 3147 92901 939 2123 1450 2071 92029 1595 520 90434 4497 4140 1075 85937 32400 18972 4840 14132 1647 3193 13428 3578 2841 1594 470 1247 938
internal_count=99058 96048 3010 3147 92901 939 2123 1450 2071 92029 1595 520 90434 4497 4140 1075 85937 32400 18972 4840 14132 1647 3193 13428 3578 2841 1594 470 1247 938
is_linear=0
shrinkage=0.03


Tree=209
num_leaves=31
num_cat=0
split_feature=21 21 16 14 12 27 22 1 1 9 23 9 14 29 2 8 20 29 8 2 17 0 23 23 27 20 29 11 16 26
split_gain=651.543 102.497 89.8342 45.8555 41.9284 39.3432 38.3564 30.3556 28.8758 36.7645 30.6845 44.0462 28.3716 26.9427 28.2233 30.4973 24.2002 23.2134 21.9472 53.8429 56.467 62.7748 45.7963 50.8761 63.6758 46.2876 48.1986 48.0271 74.6925 44.8055
threshold=13.128333333333336 1.906666666666667 13.385000000000003 0.68237330936469875 0.62500000000000011 0.27563735581699933 0.96664622709285053 14.65 35.550000000000004 4.5000000000000009 4.5650000000000004 2.5000000000000004 1.9320584842178008 64.500000000000014 1.2000391398376598 10.500000000000002 0.71493589456211637 16.500000000000004 13.500000000000002 1.1364663710811209 5.1550000000000011 4.2550000000000008 7.6450000000000005 2.9250000000000003 0.078456108245891568 3.2669902027721509 58.500000000000007 8.0750000000000011 5.5150000000000006 0.47714059151611399
decision_type=2 2 8 2 10 2 2 2 2 2 2 2 2 2 2 2 2 2 2 2 2 2 2 2 2 2 2 10 8 2
left_child=1 4 3 -2 -1 16 8 13 18 10 -10 -12 -4 -8 -15 -16 -6 -11 -3 20 21 -20 23 -21 25 26 27 28 -25 -23
right_child=2 6 12 -5 5 -7 7 -9 9 17 11 -13 -14 14 15 -17 -18 -19 19 22 -22 29 -24 24 -26 -27 -28 -29 -30 -31
leaf_value=-1.8443344036140894e-05 4.7555496818315608e-05 -2.8188361611430709e-05 3.9480981446327056e-05 4.6367908165391154e-05 -1.5081023656605841e-05 -1.1105880069611443e-05 3.9089360264988324e-05 -8.5580348727558593e-05 -0.00029495333556785739 -0.00079227850105375534 -0.00066544449783423657 0.0040831536003069603 6.2426181480146328e-05 0.00012444535974689419 -0.0010309745837251182 0.00014054758935910127 6.3082218177405996e-05 -0.00059024404310913103 -3.7409456104845143e-05 7.3325272404542792e-06 5.0384943228504177e-05 -0.00069558218313653213 -0.00030318790292058971 -0.00044114997789982671 0.00067642683814934099 0.0043285217426887517 -0.00020100457209041743 -0.00028137163398325282 0.0037759394469594151 -0.001086331195704987
leaf_weight=511 389 52546 1847 542 591 1322 736 458 524 258 249 292 226 309 265 219 725 266 3102 10332 10095 1526 713 302 4562 391 3143 849 985 959
leaf_count=511 389 52546 1847 542 591 1322 736 458 524 258 249 292 226 309 265 219 725 266 3102 10332 10095 1526 713 302 4562 391 3143 849 985 959
internal_value=3.20439e-05 -0.000397776 0.0137787 0.00599359 -0.00571655 -0.00417707 -0.000217541 0.0039006 -0.000307577 -0.00430991 -0.00109346 0.0039011 0.0172522 0.00592568 0.00206767 -0.00245399 -0.000499621 -0.010775 -0.000236286 0.000323829 -0.00100975 -0.00342811 0.00130674 0.00156643 0.00306535 0.000940969 0.000198713 0.00367118 0.00731424 -0.0069759
internal_weight=99234 96230 3004 931 3149 2638 93081 1987 91094 1589 1065 541 2073 1529 793 484 1316 524 89505 36959 15682 5587 21277 20564 10232 5670 5279 2136 1287 2485
internal_count=99234 96230 3004 931 3149 2638 93081 1987 91094 1589 1065 541 2073 1529 793 484 1316 524 89505 36959 15682 5587 21277 20564 10232 5670 5279 2136 1287 2485
is_linear=0
shrinkage=0.03


Tree=210
num_leaves=31
num_cat=0
split_feature=19 16 19 10 14 16 1 14 5 20 29 3 9 2 8 16 24 25 29 8 20 29 17 16 17 11 2 26 2 8
split_gain=655.127 110.481 83.6885 61.1044 50.7112 40.7486 37.613 34.1895 28.7393 28.2012 37.4487 29.06 26.0433 81.2651 70.4438 66.96 47.8907 43.1246 40.0517 42.9224 64.0702 49.7908 47.3308 40.1556 41.7966 62.7421 54.6395 46.888 38.0687 44.0087
threshold=13.128750000000002 13.385000000000003 1.652916666666667 3.5000000000000004 0.68237330936469875 14.935 38.45000000000001 0.561278302924067 0.043511249603711659 3.859151455216439 82.500000000000014 11.209021114642388 5.5000000000000009 1.2052928686352968 18.500000000000004 6.285000000000001 7.6500000000000012 2.2002638522427449 16.500000000000004 4.5000000000000009 2.9535931506619701 85.500000000000014 2.3050000000000002 12.585000000000003 9.2950000000000017 8.5950000000000006 1.1837003758602049 0.9681107762825325 1.2595149687543887 6.5000000000000009
decision_type=2 8 2 2 2 10 2 2 2 2 2 2 2 2 2 10 2 2 2 2 2 2 2 8 2 10 2 2 2 2
left_child=2 4 3 7 -2 6 9 -1 -5 12 11 -11 28 18 16 -16 17 -15 -14 20 22 23 -20 24 26 -26 27 -21 -4 -30
right_child=1 -3 5 8 -6 -7 -8 -9 -10 10 -12 -13 13 14 15 -17 -18 -19 19 21 -22 -23 -24 -25 25 -27 -28 -29 29 -31
leaf_value=-1.1096905465526659e-05 4.4140621184475258e-05 3.8296552002936579e-05 -2.1849686071743149e-05 -1.5503053149097093e-05 -1.6748611715972082e-05 6.9870482938981239e-05 -0.00041780597831170599 -9.7605393296234211e-06 0.00074706999629823309 0.00042621939925711503 0.0036037532529067406 -0.0039136502111534405 -0.00034552624506186601 -2.8107331864615346e-06 -9.4842391336117521e-05 0.0026117406991747389 -0.0031537892123589106 -0.00062176174960052886 0.0008177860181225327 0.00062361278459017804 -0.0022040403919984445 0.0043809005926667552 -0.00019530885236396369 -0.00020882894747430823 0.0023876014400315147 5.5276394435632704e-06 -0.00046697612531555494 -0.0005314778287202743 3.6965418901902521e-05 -0.00071638259551110484
leaf_weight=402 445 2137 74406 1924 620 318 341 258 209 3889 369 368 212 1270 343 316 555 565 224 4060 221 239 1332 310 1288 711 520 578 331 427
leaf_count=402 445 2137 74406 1924 620 318 341 258 209 3889 369 368 212 1270 343 316 555 565 224 4060 221 239 1332 310 1288 711 520 578 331 427
internal_value=5.74637e-05 0.0133957 -0.000388161 -0.00550036 0.00546729 -0.000234662 -0.000271641 -0.0134436 -0.00301684 -0.000234712 0.00204707 0.00124589 -0.000354896 0.000898894 -0.00336935 0.00528614 -0.005762 -0.00340761 0.00224227 0.00253267 -0.00166667 0.00350149 0.00049968 0.00306344 0.00352276 0.0072006 0.00209181 0.00312729 -0.000567521 -0.0072346
internal_weight=99188 3202 95986 2793 1065 93193 92875 660 2133 92534 4626 4257 87908 12744 3049 659 2390 1835 9695 9483 1777 7706 1556 7467 7157 1999 5158 4638 75164 758
internal_count=99188 3202 95986 2793 1065 93193 92875 660 2133 92534 4626 4257 87908 12744 3049 659 2390 1835 9695 9483 1777 7706 1556 7467 7157 1999 5158 4638 75164 758
is_linear=0
shrinkage=0.03


Tree=211
num_leaves=31
num_cat=0
split_feature=21 16 21 12 27 16 29 9 24 21 20 0 12 1 1 29 12 3 24 11 24 28 8 9 28 28 28 1 28 21
split_gain=628.647 101.392 100.73 42.3418 40.4211 39.1967 31.4253 107.746 42.8209 41.3093 31.117 28.5431 26.8523 32.9535 26.483 26.9386 25.1726 30.3919 31.8758 27.7802 56.9917 51.0921 105.858 46.1079 66.7947 48.3004 51.2736 40.8654 47.6225 44.4659
threshold=13.128333333333336 13.385000000000003 1.790416666666667 0.62500000000000011 0.16504132135358049 13.965000000000002 17.500000000000004 3.5000000000000004 10.65 3.723333333333334 0.72885183679538057 6.3750000000000009 5.035000000000001 35.150000000000013 7.8500000000000005 64.500000000000014 11.755000000000001 11.932650441189169 15.550000000000002 7.5750000000000011 6.2500000000000009 968.35000000000002 15.500000000000002 1.5000000000000002 964.95000000000016 960.6500000000002 956.55000000000007 -4.9499999999999993 957.55000000000007 6.8670833333333343
decision_type=2 8 2 10 2 10 2 2 2 2 2 2 10 2 2 2 8 2 2 8 2 2 2 2 2 2 2 2 2 2
left_child=2 14 3 -1 10 6 7 8 11 -9 -5 -4 -11 -14 -2 -16 17 18 19 20 21 -8 -23 24 27 26 -25 -22 -29 -30
right_child=1 -3 5 4 -6 -7 16 9 -10 12 -12 -13 13 -15 15 -17 -18 -19 -20 -21 23 22 -24 25 -26 -27 -28 28 29 -31
leaf_value=-1.9735601906298078e-05 4.9409444288718297e-05 3.7147655442848483e-05 0.00011163788425691219 -1.4693387963673336e-05 -1.0556447103526045e-05 4.9221352048250396e-05 -2.0337100054608982e-05 -3.5450112704457252e-05 0.0009877419768035856 -0.0016163209219921229 0.00025162473802313435 -0.002033701316142542 -0.0035423697269234763 -7.6405155149728014e-06 0.00017296434693818806 -0.0014804463905778236 0.00017012063188644121 -0.0017314489540645505 0.00022320272879614576 -0.00010237679066107063 -0.00094552830827350693 -4.2440440052148258e-05 0.0055564001658841766 0.00016761955669174238 -0.0020512086474573188 0.001181517164779323 -0.00071039202736649385 0.00096922146117714133 0.00011016262640721364 0.0040808890475022208
leaf_weight=407 277 2063 1236 433 1100 1040 49227 442 498 402 432 310 483 289 453 214 2617 435 526 17721 211 475 298 8332 269 2074 1880 3710 332 807
leaf_count=407 277 2063 1236 433 1100 1040 49227 442 498 402 432 310 483 289 453 214 2617 435 526 17721 211 475 298 8332 269 2074 1880 3710 332 807
internal_value=6.03042e-05 0.0135558 -0.000363159 -0.00646193 -0.00461421 -0.000208291 -0.000273496 -0.00299591 0.00158126 -0.00877236 0.000241379 -0.000889749 -0.0117048 -0.00833977 0.00537408 0.00209821 -0.00016127 -0.000249241 -0.000208928 -0.000254508 2.26264e-05 -0.000494351 0.00713368 0.00148978 0.0038189 0.000478399 -0.000369972 0.00459625 0.00516069 0.0105157
internal_weight=98993 3007 95986 2372 1965 93614 92574 3660 2044 1616 865 1546 1174 772 944 667 88914 86297 85862 85336 67615 50000 773 17615 5329 12286 10212 5060 4849 1139
internal_count=98993 3007 95986 2372 1965 93614 92574 3660 2044 1616 865 1546 1174 772 944 667 88914 86297 85862 85336 67615 50000 773 17615 5329 12286 10212 5060 4849 1139
is_linear=0
shrinkage=0.03


Tree=212
num_leaves=31
num_cat=0
split_feature=21 21 16 10 24 16 16 1 26 6 20 29 3 25 7 1 29 17 27 17 25 17 16 29 25 25 10 24 26 25
split_gain=624.715 116.285 100.217 69.0205 32.1865 31.9102 29.1711 27.8632 34.0103 26.8724 22.6975 34.2454 23.6638 35.2124 33.7366 27.3456 40.453 24.8894 23.5071 31.671 30.3426 21.7822 22.8705 21.6813 29.1647 20.5387 21.5954 25.6129 19.9114 19.4781
threshold=13.128333333333336 1.790416666666667 13.385000000000003 4.5000000000000009 15.950000000000001 14.935 15.235000000000001 35.550000000000004 -0.98897820466835384 1.5000000000000002 3.859151455216439 82.500000000000014 6.737818916505522 1.9429938187437508 38.500000000000007 18.850000000000005 42.500000000000007 3.0150000000000001 0.06104621499353461 11.265000000000002 2.342353437181024 15.685 12.985000000000001 17.500000000000004 1.0660519009575615 1.3714850367024283 10.500000000000002 17.350000000000005 0.70088257582277247 1.392024377318495
decision_type=2 2 8 2 2 10 8 2 2 2 2 2 2 2 2 2 2 2 2 2 2 2 10 2 2 2 2 2 2 2
left_child=1 3 4 -1 -2 7 25 10 -9 -5 21 12 15 14 17 16 -12 -14 19 -18 -20 -3 -23 -10 -25 -4 27 -27 -17 -6
right_child=2 5 6 9 29 -7 -8 8 23 -11 11 -13 13 -15 -16 28 18 -19 20 -21 -22 22 -24 24 -26 26 -28 -29 -30 -31
leaf_value=-1.0249761559939923e-05 9.1804312364429099e-05 -1.402166918037278e-05 3.5324728816739092e-05 -1.8170067876753409e-05 0.00010384833122464965 6.6141469481748592e-05 3.6033225779563691e-05 0.00084581564379774133 -0.00046058529496817582 -4.558655924272858e-06 -0.0024476596088217912 0.0033546899002595493 0.0072142998601654506 -0.0028281990855540738 -0.0037389911301627422 0.0014486400328663775 3.7640509724367538e-05 3.5728812603896821e-06 0.00048181485061070671 0.0048537429395143867 -0.00095442715392188423 -2.7066295691680063e-05 5.7212113820488408e-05 0.0014000528595726346 -0.00064459798528260399 3.5910363730152768e-05 3.6791369598128118e-05 2.5827330900195511e-05 0.0047994318825354855 -9.3756618434864816e-05
leaf_weight=800 314 86794 283 529 228 331 864 335 843 1026 265 385 206 335 259 667 478 357 680 384 249 215 225 228 212 320 328 254 327 437
leaf_count=800 314 86794 283 529 228 331 864 335 843 1026 265 385 206 335 259 667 478 357 680 384 249 215 225 228 212 320 328 254 327 437
internal_value=4.659e-05 -0.000376346 0.013452 -0.00695339 0.00551829 -0.000210813 0.0172201 -0.000243983 -0.00414048 -0.00325 -0.000175104 0.00187949 0.00108974 -0.00255594 0.000798065 0.00247463 0.000494905 0.00491197 0.00212138 0.00567474 -0.00118844 -0.00028336 0.00633708 -0.0063587 -0.00094382 0.014042 0.0117089 0.0080829 0.00654655 0.00174627
internal_weight=99158 96130 3028 2355 979 93775 2049 93444 1618 1555 91826 4592 4207 1157 822 3050 2056 563 1791 862 929 87234 440 1283 440 1185 902 574 994 665
internal_count=99158 96130 3028 2355 979 93775 2049 93444 1618 1555 91826 4592 4207 1157 822 3050 2056 563 1791 862 929 87234 440 1283 440 1185 902 574 994 665
is_linear=0
shrinkage=0.03


Tree=213
num_leaves=31
num_cat=0
split_feature=21 21 2 26 1 22 26 21 14 29 21 24 12 22 12 28 26 28 27 12 1 1 13 24 8 28 23 29 12 6
split_gain=652.516 105.251 64.4951 44.4065 38.6366 34.6343 47.6156 33.5533 29.4586 37.4955 25.5492 24.9025 25.9502 28.9875 37.2135 49.3243 35.0669 29.931 28.794 24.3767 44.7076 39.6938 46.5336 35.1658 33.1226 39.6348 25.223 25.1244 24.1692 24.3944
threshold=13.128333333333336 1.906666666666667 1.1736084359593588 -0.92384435400961384 -4.2499999999999991 0.96664622709285053 0.95368063612909471 1.6329166666666672 0.65795136598383908 65.500000000000014 16.283333333333335 1.7500000000000002 11.755000000000001 0.92442507850039191 8.8050000000000015 958.75000000000011 0.79332313182700753 975.35000000000002 0.28400453026986811 1.9850000000000001 23.050000000000004 1.2500000000000002 1.4400000000000011 2.1500000000000008 5.5000000000000009 952.6500000000002 1.1050000000000002 25.500000000000004 0.79500000000000015 1.5000000000000002
decision_type=2 2 2 2 2 2 2 2 2 2 2 2 8 2 10 2 2 2 2 10 2 2 2 2 2 2 2 2 10 2
left_child=1 4 3 8 7 11 -7 -1 -2 -10 -4 -3 13 17 18 -16 -17 19 -15 20 21 23 24 -13 -23 -26 -22 -28 -6 -30
right_child=2 5 10 -5 28 6 -8 -9 9 -11 -12 12 -14 14 15 16 -18 -19 -20 -21 26 22 -24 -25 25 -27 27 -29 29 -31
leaf_value=-9.1533640999761316e-06 7.5143756737612306e-05 3.897049039922622e-05 3.4881884808575238e-05 0.00018332139897077714 -1.8955071292462294e-05 1.869278750787573e-05 3.7494605081027645e-05 -3.9991207104449544e-06 0.00011712203730015913 -0.00081977230769382341 3.4952229006175446e-05 0.0001503472876728995 0.00038679481901345957 0.00047042602843832881 -3.0688266219560666e-05 -0.00011947839360118339 -0.00015785510443011686 0.00075547208394956213 -0.0012355115885189282 -1.8216327261622502e-05 0.00083613969366965878 -0.00017938801975520168 -6.192380996833025e-05 -9.1861978373858861e-06 0.00052131077366431976 -7.7420568020542481e-05 -0.00011621600146913147 0.00029403028414225473 -1.7013223103713551e-05 -5.8029226563932088e-06
leaf_weight=205 388 2315 1232 368 595 1339 651 204 461 330 253 421 1992 387 939 240 512 402 277 74832 502 467 3518 1604 343 663 591 1093 705 1443
leaf_count=205 388 2315 1232 368 595 1339 651 204 461 330 253 421 1992 387 939 240 512 402 277 74832 502 467 3518 1604 343 663 591 1093 705 1443
internal_value=9.85122e-05 -0.000333524 0.0137899 0.00945232 -0.00572062 -0.000150817 0.0037594 -0.0142754 0.0065625 0.00320352 0.0182617 -0.000236436 -0.000316597 -0.000394373 -0.00367373 -0.00603184 -0.0117305 -0.000302697 0.00233184 -0.000341984 -0.00179863 -0.00296539 -0.00440152 0.000576355 -0.00887009 -0.00575668 0.00194432 0.00017762 -0.0044214 -0.00292615
internal_weight=99272 96240 3032 1547 3152 93088 1990 409 1179 791 1485 91098 88783 86791 2355 1691 752 84436 664 84034 9202 7016 4991 2025 1473 1006 2186 1684 2743 2148
internal_count=99272 96240 3032 1547 3152 93088 1990 409 1179 791 1485 91098 88783 86791 2355 1691 752 84436 664 84034 9202 7016 4991 2025 1473 1006 2186 1684 2743 2148
is_linear=0
shrinkage=0.03


Tree=214
num_leaves=31
num_cat=0
split_feature=21 21 16 16 14 12 16 27 21 17 4 1 5 24 14 9 28 9 16 16 14 16 4 27 14 20 2 24 16 8
split_gain=632.459 126.721 118.545 40.8009 39.7675 39.281 32.0408 28.2529 28.039 33.2478 31.7877 42.1014 39.697 33.0794 49.8473 40.2205 77.5142 35.5811 40.3893 30.6097 35.6582 29.6405 29.2818 40.1678 46.4036 46.0652 40.4853 38.0329 36.2014 44.5631
threshold=13.128333333333336 1.790416666666667 13.385000000000003 14.475000000000003 0.68237330936469875 0.62500000000000011 15.235000000000001 0.35019404643548474 7.7195833333333344 8.5450000000000017 0.11598838321871079 37.750000000000007 0.11776977371951618 3.2500000000000004 0.28792360097775221 5.5000000000000009 942.55000000000007 4.5000000000000009 0.93000000000000005 11.165000000000001 0.34219877264537352 3.7250000000000005 0.55893195021313391 0.1218693434051476 0.49959983987187789 3.3514971776432447 1.2088209855740477 5.9500000000000011 8.4550000000000018 19.500000000000004
decision_type=2 2 8 10 2 10 8 2 2 2 2 2 2 2 2 2 2 2 10 8 2 10 2 2 2 2 2 2 8 2
left_child=1 5 4 8 -2 -1 -4 -7 10 19 11 12 -3 14 -12 17 -17 -15 -19 20 -10 -18 23 24 27 -26 -25 -11 29 -24
right_child=2 3 6 -5 -6 7 -8 -9 9 22 13 -13 -14 15 -16 16 21 18 -20 -21 -22 -23 28 26 25 -27 -28 -29 -30 -31
leaf_value=-2.01222281561908e-05 5.2755899918506263e-05 -5.6960669665157433e-06 3.3445374970569876e-05 4.5338518343493452e-05 -2.216538924510347e-05 -6.8382529581750665e-06 3.390577246191739e-05 -1.3375769365984551e-05 0.0025356557201548779 0.0013733698870864194 -0.0010276632573616182 -0.00031679291543575713 0.00067149222550738456 -0.00020748665304176682 -0.00027590847631946358 -0.0016621533848176539 -0.00038044810643909487 0.00093256755733992609 -0.0010554313848783737 -0.0015634182299251681 0.00093053326193919699 0.00087250609509932988 -0.0024868233207498143 0.00044964533029716032 -0.00090358258564890654 0.0030659352719047683 -0.00092056398941520927 0.003384092600981956 -5.2390427653181695e-06 0.0016544344263914761
leaf_weight=411 386 32310 1201 582 566 991 861 946 832 1588 343 267 3791 18615 977 269 602 299 3158 710 3005 2925 1517 3115 1341 479 2036 826 13697 390
leaf_count=411 386 32310 1201 582 566 991 861 946 832 1588 343 267 3791 18615 977 269 602 299 3158 710 3005 2925 1517 3115 1341 479 2036 826 13697 390
internal_value=3.39253e-05 -0.00039114 0.0135542 -0.000218405 0.00476489 -0.00726732 0.0175907 -0.00545314 -0.000268107 0.000495582 -0.000623024 -4.2889e-05 4.56988e-05 -0.00139889 -0.00602264 -0.00116183 0.00168903 -0.0016524 -0.00444541 0.00285369 0.00391202 0.00287939 6.60158e-05 0.00138978 0.00355272 -6.57534e-05 -0.000389837 0.00627532 -0.000730348 -0.00459728
internal_weight=99036 96022 3014 93674 952 2348 2062 1937 93092 29536 63556 36368 36101 27188 1320 25868 3796 22072 3457 4547 3837 3527 24989 9385 4234 1820 5151 2414 15604 1907
internal_count=99036 96022 3014 93674 952 2348 2062 1937 93092 29536 63556 36368 36101 27188 1320 25868 3796 22072 3457 4547 3837 3527 24989 9385 4234 1820 5151 2414 15604 1907
is_linear=0
shrinkage=0.03


Tree=215
num_leaves=31
num_cat=0
split_feature=21 16 21 10 14 16 12 10 28 2 29 14 16 11 16 25 12 2 2 16 2 26 16 19 18 16 11 29 18 1
split_gain=624.215 116.819 90.9231 70.1142 35.1416 32.985 30.3219 36.1532 42.1391 32.2341 36.8347 28.9255 27.6075 26.9372 26.8529 26.6162 25.9793 23.3556 38.9318 61.4054 68.2862 59.6882 41.9114 56.4285 46.1647 26.982 22.5156 23.2697 22.3673 19.0497
threshold=13.128333333333336 13.385000000000003 1.790416666666667 4.5000000000000009 0.68237330936469875 14.935 11.265000000000002 10.500000000000002 960.05000000000007 1.1539321494097075 68.500000000000014 0.23388031127052769 9.3050000000000015 13.455000000000002 15.235000000000001 1.3714850367024283 0.62500000000000011 1.2448032254162646 1.2595149687543887 1.905 1.2731051120028172 -0.79332313182700742 10.205000000000002 4.173750000000001 8.2150000000000016 7.6950000000000012 15.205000000000002 70.500000000000014 12.505000000000001 35.550000000000004
decision_type=2 8 2 2 2 10 8 2 2 2 2 2 10 10 8 2 10 2 2 10 2 2 8 2 10 10 10 2 10 2
left_child=2 4 3 -1 -2 6 17 8 9 12 -11 -5 28 -14 15 -3 -13 29 21 20 -20 -19 23 -23 -24 -25 27 -17 -8 -4
right_child=1 14 5 11 -6 -7 7 -9 -10 10 -12 16 13 -15 -16 26 -18 18 19 -21 -22 22 24 25 -26 -27 -28 -29 -30 -31
leaf_value=-8.9996676646744356e-06 4.3276216972363277e-05 3.2029828176555195e-05 -2.0336816415876276e-05 -2.6143470804300266e-05 -2.0864060930992909e-05 3.4295623285683919e-05 0.003806721383071835 0.00018246386473527276 -0.00057219073603563932 0.00080335274651479271 9.4058619519814531e-05 -2.2633009067668344e-05 -0.0003158749103404912 0.00094200185917927995 3.2886488962133861e-05 3.383856861625234e-05 4.0793326861755572e-05 0.0016985274346388985 -0.00011646308180592607 -0.00027044011321983693 0.0025127717925287362 0.00021420694278475702 0.0036067677913254235 -0.000526722262564288 -4.3023551659667753e-05 -0.00014756217153637862 3.137428213859872e-05 3.1605764030976371e-05 -0.00042726763677702006 -0.00028165180574809602
leaf_weight=805 406 293 85260 413 543 330 505 509 284 274 403 203 1237 217 873 409 955 336 237 448 240 273 399 324 212 267 255 262 275 1563
leaf_count=805 406 293 85260 413 543 330 505 509 284 274 403 203 1237 217 873 409 955 336 237 448 240 273 399 324 212 267 255 262 275 1563
internal_value=1.45433e-05 0.0133848 -0.000409798 -0.00619908 0.00462264 -0.000262506 -0.000296243 0.00236182 0.00117187 0.00225309 0.00796188 -0.00249365 0.000509156 -0.00193283 0.0173391 0.0143382 -5.15907e-05 -0.000406302 0.00232032 -0.00267742 0.00479253 0.00487335 0.00225 -0.0020023 0.00823052 -0.00719799 0.0117293 0.0146006 0.00504459 -0.000492353
internal_weight=99010 3041 95969 2376 949 93593 93263 3704 3195 2911 677 1571 2234 1454 2092 1219 1158 89559 2736 925 477 1811 1475 864 611 591 926 671 780 86823
internal_count=99010 3041 95969 2376 949 93593 93263 3704 3195 2911 677 1571 2234 1454 2092 1219 1158 89559 2736 925 477 1811 1475 864 611 591 926 671 780 86823
is_linear=0
shrinkage=0.03


Tree=216
num_leaves=31
num_cat=0
split_feature=22 16 22 10 16 25 1 25 16 27 14 20 26 18 25 25 20 20 27 22 13 0 26 16 29 23 16 1 12 20
split_gain=504.516 167.033 74.6976 74.3296 43.4034 43.7099 31.7711 31.6194 28.2262 26.2518 30.6271 22.9826 47.3133 24.9566 18.6336 23.3858 18.2234 23.018 24.1693 17.9765 35.3047 17.1727 40.0967 16.9743 22.7784 17.5124 57.6268 57.3792 30.5814 43.1109
threshold=0.97506175887643198 13.385000000000003 0.023893766649480622 3.5000000000000004 15.235000000000001 1.3714850367024283 12.050000000000002 1.105311800758829 1.5400000000000003 -0.30069434954884217 1.2772757443887259 4.6827942804450009 0.67556448321067852 13.885000000000003 1.3466782810685252 1.8389155982905985 1.2644596995435318 0.4631008899224171 0.26722820045975998 0.022647108652203429 1.656666666666667 0.62500000000000011 0.66259481767468287 14.115 50.500000000000007 5.9250000000000007 7.3150000000000004 30.350000000000005 6.9750000000000005 0.57557941529626566
decision_type=2 8 2 2 8 2 2 2 8 2 2 2 2 8 2 2 2 2 2 2 2 2 2 10 2 2 10 2 10 2
left_child=2 9 3 8 5 -3 -7 16 -1 -2 -11 13 14 21 -13 -16 17 -5 -19 20 -9 22 -4 25 -25 28 27 -27 -23 -30
right_child=1 4 11 7 -6 6 -8 19 -10 10 -12 12 -14 -15 15 -17 -18 18 -20 -21 -22 23 -24 24 -26 26 -28 -29 29 -31
leaf_value=-9.3315670528840839e-06 9.5910895299504694e-05 3.1068933331259705e-05 0.00042372922872857159 -4.2318070993291544e-05 3.1902004619196458e-05 3.1884712820130499e-05 -1.4115191229623346e-05 -4.0287718504253101e-06 -9.192319775782835e-06 3.9422715748766987e-05 -0.0018878308796376607 -0.0011533891146040529 0.0033199020979427459 0.00039515072343337233 0.0041310759006989908 -0.00089702082531144646 -0.0001030251439753659 0.00012151676053125156 -2.2884083511093799e-05 -2.2116272758753951e-05 0.00062580706460661751 -2.1938414012167986e-05 -6.9412452443713631e-05 0.00010145982940554798 -4.6103151450549437e-05 -0.0022490294382960596 -1.9924692795525444e-05 0.0005294812367234175 0.0017941503724838569 9.3505206217446839e-05
leaf_weight=246 274 373 714 337 905 942 219 318 393 851 300 411 512 530 273 233 207 392 463 268 269 61456 313 378 230 1763 9478 685 1015 14396
leaf_count=246 274 373 714 337 905 942 219 318 393 851 300 411 512 530 273 233 207 392 463 268 269 61456 313 378 230 1763 9478 685 1015 14396
internal_value=4.96223e-05 0.0106694 -0.000381592 -0.00512422 0.0154296 0.0122807 0.00933962 -0.0025498 -0.0141149 0.0024965 0.00049308 -0.000232812 0.00353556 -0.000292207 -0.000553145 0.00328767 -0.00532051 -0.00385965 -0.00122093 0.00198837 0.00491554 -0.00033041 0.00351744 -0.000374807 0.00460033 -0.000409131 -0.0014785 -0.00557684 -0.000243131 0.000951609
internal_weight=99144 3864 95280 2893 2439 1534 1161 2254 639 1425 1151 92387 1429 90958 917 506 1399 1192 855 855 587 90428 1027 89401 608 88793 11926 2448 76867 15411
internal_count=99144 3864 95280 2893 2439 1534 1161 2254 639 1425 1151 92387 1429 90958 917 506 1399 1192 855 855 587 90428 1027 89401 608 88793 11926 2448 76867 15411
is_linear=0
shrinkage=0.03


Tree=217
num_leaves=31
num_cat=0
split_feature=21 16 21 10 16 16 9 9 25 10 28 15 28 23 20 21 28 28 25 29 1 2 16 17 9 28 25 16 1 29
split_gain=603.352 107.946 80.239 64.4916 38.9363 28.6864 28.7249 31.2612 26.7708 28.2138 25.7029 23.8082 63.7051 33.2543 29.5078 32.8909 26.7788 30.8055 34.5483 54.1462 71.2814 41.8311 33.4589 89.943 40.2881 69.1158 47.8351 44.2511 46.1908 33.7353
threshold=13.128333333333336 13.385000000000003 1.7195833333333335 4.5000000000000009 15.235000000000001 14.115 1.5000000000000002 3.5000000000000004 1.3714850367024283 10.500000000000002 955.1500000000002 0.50000000000000044 967.95000000000016 1.2250000000000003 4.6827942804450009 6.7437500000000004 970.75000000000011 960.1500000000002 1.2001070663811568 47.500000000000007 5.0500000000000007 1.1736084359593588 8.6850000000000005 8.3050000000000015 3.5000000000000004 962.25000000000011 1.9034515139022494 10.105000000000002 -1.0499999999999998 48.500000000000007
decision_type=2 8 2 2 8 10 2 2 2 2 2 10 2 2 2 2 2 2 2 2 2 2 8 2 2 2 2 10 2 2
left_child=2 -2 3 -1 8 11 -7 -8 -3 -10 -9 14 13 -13 16 -16 17 -4 19 21 -21 -19 23 29 25 27 -26 28 -24 -20
right_child=1 4 5 -5 -6 6 7 10 9 -11 -12 12 -14 -15 15 -17 -18 18 22 20 -22 -23 24 -25 26 -27 -28 -29 -30 -31
leaf_value=-8.5107726018809549e-06 4.2618097769822062e-05 3.0136865331321647e-05 -4.4792286681053714e-05 -1.4261937192154694e-05 3.0944944480619792e-05 -0.00018381734861217357 0.00032417901183806049 -0.00070474329221663682 3.0329292160226063e-05 3.09824670053338e-05 2.042924514495281e-05 -6.9303329706743512e-05 0.0011405478536844209 7.2532951126152992e-05 -9.4684879410863144e-05 0.0045069996227014904 -0.00014331753224024245 5.0006218131144476e-05 -0.00042420723976922537 7.0699657733393583e-05 0.0025246131107401724 -0.00056173145873124938 3.6702569860580377e-05 -0.00089613713749886795 0.00034739763743156846 -0.00014470464865853349 2.7335281346829719e-06 -9.7475261562840473e-06 0.005817864376663544 5.3277845825008481e-05
leaf_weight=649 965 297 53309 1323 867 200 253 218 563 356 204 1042 551 22125 480 419 909 331 257 1631 576 227 268 1667 1156 1987 975 681 338 4199
leaf_count=649 965 297 53309 1323 867 200 253 218 563 356 204 1042 551 22125 480 419 909 331 257 1631 576 227 268 1667 1156 1987 975 681 338 4199
internal_value=0.000116634 0.013246 -0.000301 -0.00628225 0.0170833 -0.000175198 0.00521591 0.00816176 0.0135135 0.0108766 0.00309133 -0.000226128 0.00059436 0.000353444 -0.000506519 0.00487832 -0.000577529 -0.000508527 0.000728074 0.00373646 0.00584539 -0.00458259 5.20246e-06 -0.00151273 0.00172458 -0.000365965 0.00492978 0.0050387 0.0109002 0.000712845
internal_weight=99023 3048 95975 1972 2083 94003 875 675 1216 919 422 93128 23718 23167 69410 899 68511 67602 14293 2765 2207 558 11528 6123 5405 3274 2131 1287 606 4456
internal_count=99023 3048 95975 1972 2083 94003 875 675 1216 919 422 93128 23718 23167 69410 899 68511 67602 14293 2765 2207 558 11528 6123 5405 3274 2131 1287 606 4456
is_linear=0
shrinkage=0.03


Tree=218
num_leaves=31
num_cat=0
split_feature=21 16 21 10 16 16 8 24 14 8 12 12 28 28 29 9 26 28 10 0 24 8 8 28 28 28 9 28 11 16
split_gain=575.787 115.499 89.3643 58.4836 37.3185 36.1755 34.8851 32.453 26.6744 23.6005 22.792 22.4861 32.896 31.4685 44.7555 36.4025 31.2394 30.1107 36.2256 30.0865 62.1677 28.281 37.8435 68.74 64.2215 47.4878 48.8513 62.2976 57.0796 53.6194
threshold=13.128333333333336 13.385000000000003 1.790416666666667 4.5000000000000009 15.235000000000001 14.935 17.500000000000004 15.950000000000001 1.2772757443887259 9.5000000000000018 11.905000000000003 10.105000000000002 975.35000000000002 953.1500000000002 22.500000000000004 3.5000000000000004 -0.97233289553061575 954.35000000000002 2.5000000000000004 9.9850000000000012 14.450000000000001 1.5000000000000002 14.500000000000002 939.55000000000007 970.75000000000011 967.6500000000002 5.5000000000000009 963.85000000000002 4.5750000000000011 12.895000000000001
decision_type=2 8 2 2 8 10 2 2 2 2 10 8 2 2 2 2 2 2 2 2 2 2 2 2 2 2 2 2 10 10
left_child=2 7 3 -1 6 11 9 -2 -9 10 -3 12 19 14 15 -13 -15 -18 -19 20 21 -4 23 -23 -25 26 27 29 -29 -24
right_child=1 4 5 -5 -6 -7 -8 8 -10 -11 -12 13 -14 16 -16 -17 17 18 -20 -21 -22 22 25 24 -26 -27 -28 28 -30 -31
leaf_value=-8.2554494238245087e-06 8.3755138697320095e-05 2.6163028299322487e-05 0.00011697187749650127 -1.572770411492237e-05 3.0014485820273328e-05 6.0852761952267515e-05 3.6567746380757883e-05 3.8522600692991179e-05 -0.0013999160138520761 2.9418100353688635e-05 2.9960175576274617e-05 0.00071793426849258715 0.00087750774834094881 -0.00036786271681452321 0.0006709918236477274 -0.0033994455519957166 -0.00031634242855333448 -9.0926880999439013e-05 6.5809902354259652e-05 -0.00045696696864304663 0.00038534189774320772 -0.00061992503900100816 -1.3104212065215837e-05 -3.9027256633831337e-05 -0.00063498685408440718 0.0016868413665463149 0.00043910525441219928 -0.00022302292182211633 3.0408506986744352e-05 0.0004574283975389692
leaf_weight=802 307 210 7124 1541 858 330 248 434 209 542 218 219 380 1247 3265 210 251 320 1270 1786 454 369 24399 45130 355 562 4536 836 646 281
leaf_count=802 307 210 7124 1541 858 330 248 434 209 542 218 219 380 1247 3265 210 251 320 1270 1786 454 369 24399 45130 355 562 4536 836 646 281
internal_value=9.15002e-05 0.012966 -0.000313649 -0.00609455 0.0169246 -0.000169194 0.0134424 0.00427225 0.000416667 0.016 0.0105312 -0.000204389 -0.00033432 0.00145867 0.00332522 -0.00573733 -0.000775946 0.00170639 0.00323511 -0.000373253 -0.000291864 -0.000351839 -0.000518938 -0.00106762 -0.000962189 0.000285943 0.000127023 -0.00037146 -0.0063349 -1.21531e-05
internal_weight=99339 3026 96313 2343 2076 93970 1218 950 643 970 428 93640 86858 6782 3694 429 3088 1841 1590 86478 84692 84238 77114 45854 45485 31260 30698 26162 1482 24680
internal_count=99339 3026 96313 2343 2076 93970 1218 950 643 970 428 93640 86858 6782 3694 429 3088 1841 1590 86478 84692 84238 77114 45854 45485 31260 30698 26162 1482 24680
is_linear=0
shrinkage=0.03


Tree=219
num_leaves=31
num_cat=0
split_feature=21 16 21 10 16 16 10 25 12 3 28 2 15 0 26 28 29 25 2 10 21 16 2 10 10 25 15 26 24 16
split_gain=540.757 123.719 100.62 61.0217 38.0306 30.31 29.0438 38.8696 25.262 35.4253 29.0271 25.0411 25.9328 22.217 25.6308 21.4886 40.3545 53.4607 101.643 44.4485 38.257 36.82 41.6472 36.3458 54.4244 55.4531 44.0231 108.556 59.6816 41.635
threshold=13.128333333333336 13.385000000000003 1.790416666666667 3.5000000000000004 14.935 16.875000000000004 11.500000000000002 1.3714850367024283 0.79500000000000015 1.1676787925273773 956.05000000000007 1.1761152537099793 -0.43999999999999856 11.895000000000001 -0.94260559819261247 960.1500000000002 47.500000000000007 1.173533102173532 1.1896678970463057 1.5000000000000002 4.7279166666666681 10.965000000000002 1.1555466051214205 2.5000000000000004 4.5000000000000009 1.724793957545417 0.089999999999999927 0.85260769842926931 5.4500000000000011 2.2050000000000005
decision_type=2 8 2 2 10 8 2 2 10 2 2 2 10 2 2 2 2 2 2 2 2 10 2 2 2 2 8 2 2 10
left_child=2 11 3 -1 15 6 7 -3 -5 -10 -11 12 -2 -9 -15 -4 21 18 20 -20 -18 22 -17 26 25 -25 29 -28 -29 -19
right_child=1 5 4 8 -6 -7 -8 13 9 10 -12 -13 -14 14 -16 16 17 23 19 -21 -22 -23 -24 24 -26 -27 27 28 -30 -31
leaf_value=-7.9242423750914418e-06 -0.00056440199272555168 3.4012349655940797e-05 -2.8100433736910881e-05 -2.2064643503952918e-05 7.5819266094013794e-05 6.1034560166235431e-05 2.9114051245664463e-05 1.6123551539007907e-05 7.4477460449070011e-05 -0.0001191614072269331 1.0346953226921841e-06 3.8797270637082048e-05 8.0034347622760519e-05 2.8786255077265508e-05 2.9045817373991588e-05 0.00048386061210477016 0.0023022089168261545 0.00027411562902414615 0.00055096112635889642 -3.2424025062078863e-05 0.0053643933749443701 2.5131612396744884e-05 -0.00065868705689076784 -1.357024472032231e-05 2.9728439086237344e-05 0.0026664314329292414 0.0004335927433758013 -0.00050091924402053832 -6.5070842398785018e-05 -5.3198600949562568e-05
leaf_weight=580 254 362 74047 406 321 258 393 225 603 429 346 280 429 570 228 267 447 740 406 1537 314 492 997 515 8278 747 756 1118 706 2180
leaf_count=580 254 362 74047 406 321 258 393 225 603 429 346 280 429 570 228 267 447 740 406 1537 314 492 997 515 8278 747 756 1118 706 2180
internal_value=3.89979e-05 0.0125732 -0.000352255 -0.00645842 -0.00019814 0.0167565 0.0152776 0.0131439 -0.00368921 -0.00173536 -0.00596154 0.00368802 0.00056686 0.0100681 0.0124035 -0.000233774 0.00065214 0.00108175 0.00496124 0.00130903 0.0142167 -0.00367973 -0.00638298 0.000382851 0.00150236 0.00729282 -0.00155858 -0.00441006 -0.00836523 0.000964103
internal_weight=99231 2999 96232 2364 93868 2036 1778 1385 1784 1378 775 963 683 1023 798 93547 19500 17744 2704 1943 761 1756 1264 15040 9540 1262 5500 2580 1824 2920
internal_count=99231 2999 96232 2364 93868 2036 1778 1385 1784 1378 775 963 683 1023 798 93547 19500 17744 2704 1943 761 1756 1264 15040 9540 1262 5500 2580 1824 2920
is_linear=0
shrinkage=0.03


Tree=220
num_leaves=31
num_cat=0
split_feature=21 16 21 10 16 16 25 12 18 28 28 14 13 29 20 26 5 24 29 24 0 14 10 28 27 20 16 24 10 25
split_gain=538.207 117.488 71.0872 61.0046 36.4293 29.756 28.1832 24.5881 27.636 24.7512 23.0309 22.68 21.1032 25.1785 19.3094 49.6697 21.408 23.1331 19.3617 19.2535 58.2758 27.2354 26.3207 27.2089 26.2787 25.9095 26.92 37.1463 26.3316 31.2908
threshold=13.128333333333336 13.385000000000003 1.790416666666667 3.5000000000000004 15.235000000000001 14.935 1.3714850367024283 0.79500000000000015 1.2600000000000002 956.05000000000007 954.45000000000016 1.4065205295337924 14.381666666666668 70.500000000000014 4.6827942804450009 0.67556448321067852 0.046773904546149339 5.3500000000000005 56.500000000000007 14.050000000000002 10.775 0.24248711305963924 8.5000000000000018 952.85000000000002 -0.10452846326765344 0.55833083299790343 4.955000000000001 7.4500000000000011 9.5000000000000018 1.5108154509625289
decision_type=2 8 2 2 8 10 2 10 10 2 2 2 2 2 2 2 2 2 2 2 2 2 2 2 2 2 10 2 2 2
left_child=2 11 3 -1 6 14 -3 -5 -9 -10 -6 -2 13 -8 19 16 -16 -18 -19 25 24 -22 -23 -24 -21 26 27 28 29 -4
right_child=1 4 5 7 10 -7 12 8 9 -11 -12 -13 -14 -15 15 -17 17 18 -20 20 21 22 23 -25 -26 -27 -28 -29 -30 -31
leaf_value=-7.7606456569725974e-06 5.5262512660273486e-05 2.7515186853398487e-05 2.0194816394721384e-05 -2.0973136261058356e-05 0.00010127331126618788 4.7315355220671762e-05 2.8511767695892918e-05 7.640444571190202e-05 -7.2993618496860306e-05 5.7098138253740959e-06 2.8240629708295992e-05 -0.00070181856977401475 2.6580969363534378e-05 2.6202998199194025e-05 -0.0010157911799647038 0.0038841004236958615 0.0062415527667145079 -0.0034773935123668144 0.0031160678538924977 -0.00015442407070295316 0.00012722421989875719 -0.00079523642467860364 0.00050841922593474419 -2.4875010615384993e-05 0.00033082395014704112 -2.2239034795717721e-05 0.00058278799881541826 -0.00082718688612293224 0.00045203276983627524 -0.00018140002469582887
leaf_weight=573 725 290 1555 421 421 328 364 686 415 277 429 214 311 236 235 460 209 261 231 257 207 1327 205 353 960 82136 3129 226 527 1018
leaf_count=573 725 290 1555 421 421 328 364 686 415 277 429 214 311 236 235 460 209 261 231 257 207 1327 205 353 960 82136 3129 226 527 1018
internal_value=0.000137588 0.0126611 -0.000253122 -0.00537653 0.016678 -0.000123039 0.013209 -0.00264412 -0.000694143 -0.00490674 0.0214737 0.00384534 0.0105131 0.0137851 -0.000154982 0.00334047 -0.00063762 0.00199717 -0.00156942 -0.000208259 0.00203681 -0.00100143 -0.00214286 0.00330373 0.00724223 -0.000292225 0.00153715 -0.00034224 0.000521739 -0.000733126
internal_weight=98986 2990 95996 2372 2051 93624 1201 1799 1378 692 850 939 911 600 93296 1396 936 701 492 91900 3309 2092 1885 558 1217 88591 6455 3326 3100 2573
internal_count=98986 2990 95996 2372 2051 93624 1201 1799 1378 692 850 939 911 600 93296 1396 936 701 492 91900 3309 2092 1885 558 1217 88591 6455 3326 3100 2573
is_linear=0
shrinkage=0.03


Tree=221
num_leaves=31
num_cat=0
split_feature=21 16 21 12 16 22 28 27 25 29 18 28 1 25 22 16 16 29 26 2 25 23 28 1 12 26 26 26 29 2
split_gain=587.789 119.209 93.3233 44.9584 39.6464 33.6246 33.7777 28.3547 25.5079 25.0199 23.6285 22.8336 22.4544 35.3754 22.0235 31.95 31.7616 43.5666 97.7529 62.2245 40.9301 35.6003 74.4076 39.2047 38.2304 37.9087 55.7791 33.6263 33.4217 42.9003
threshold=13.128333333333336 13.385000000000003 1.790416666666667 0.62500000000000011 15.235000000000001 0.96664622709285053 965.75000000000011 0.35019404643548474 1.3714850367024283 68.500000000000014 14.095000000000001 961.25000000000011 3.4500000000000006 1.4328447689609509 0.92719254201897139 13.965000000000002 9.4050000000000029 80.500000000000014 0.98321746822993605 1.1922438652334526 1.3981227929786439 5.9250000000000007 944.35000000000002 -1.4499999999999997 10.525 0.77159520228797462 0.90255091666790865 -0.98624804680367273 37.500000000000007 1.1587891071939691
decision_type=2 8 2 10 8 2 2 2 2 2 8 2 2 2 2 8 10 2 2 2 2 2 2 2 10 2 2 2 2 2
left_child=2 -2 3 -1 8 10 9 -5 -3 12 14 -9 -7 -14 16 -16 21 20 19 -19 28 -4 -23 -24 25 27 -27 -25 29 -18
right_child=1 4 5 7 -6 6 -8 11 -10 -11 -12 -13 13 -15 15 -17 17 18 -20 -21 -22 22 23 24 -26 26 -28 -29 -30 -31
leaf_value=-1.5048071798476631e-05 3.6005107176887426e-05 2.6651339217798053e-05 -1.4429320688161671e-05 -5.1138124444829662e-06 2.7393410817047048e-05 4.3576358414223469e-05 7.0967507123567694e-05 -1.2496880375180465e-05 2.737217284705773e-05 -0.00010788713264320736 0.0011042495651790356 -7.5278262872634047e-06 6.7071821682990199e-05 -0.00012507702457161039 -0.00011762754827827292 0.00013915474430627184 8.616939878444696e-05 -0.0035532600575430067 0.0048440112846802798 0.00084203581979811815 -0.0001006874862556295 0.0012161875584189752 -0.0032625989107149755 -0.0011122783452040708 0.0019189807231895439 0.0039696364095644174 -0.00065503236770074415 -0.0031954183357863265 0.00044358849543053467 -0.00080649933179076643
leaf_weight=422 964 313 63675 1005 868 324 298 755 902 632 384 202 359 395 2222 316 2426 504 488 1263 12630 793 288 1148 756 207 1001 1252 2489 247
leaf_count=422 964 313 63675 1005 868 324 298 755 902 632 384 202 359 395 2222 316 2426 504 488 1263 12630 793 288 1148 756 207 1001 1252 2489 247
internal_value=6.209e-05 0.0130242 -0.000347926 -0.00620343 0.0170546 -0.000199252 0.00363636 -0.00427046 0.0134508 0.00199417 -0.00028308 -0.00795218 0.00476454 0.00189723 -0.00031436 -0.00306724 -0.000235836 0.00081538 0.00473894 0.00143905 0.000316907 -0.000540759 -0.00286789 -0.00431608 -0.00359808 -0.00488237 -0.000544106 -0.00706029 0.00256629 0.00023525
internal_weight=99528 3047 96481 2384 2083 94097 2008 1962 1215 1710 92089 957 1078 754 91705 2538 89167 20047 2255 1767 17792 69120 5445 4652 4364 3608 1208 2400 5162 2673
internal_count=99528 3047 96481 2384 2083 94097 2008 1962 1215 1710 92089 957 1078 754 91705 2538 89167 20047 2255 1767 17792 69120 5445 4652 4364 3608 1208 2400 5162 2673
is_linear=0
shrinkage=0.03


Tree=222
num_leaves=31
num_cat=0
split_feature=22 16 22 1 3 16 8 15 28 28 9 1 18 25 29 27 27 27 29 9 1 29 24 14 28 24 11 17 28 26
split_gain=523.13 161.895 61.153 63.3366 44.0887 40.5136 29.0059 26.0782 52.9703 36.9466 37.2396 41.4758 33.962 30.9331 31.8798 28.8459 30.9515 27.9129 43.5592 27.5848 26.9084 26.6866 25.1704 25.6168 35.2323 29.5469 24.8676 24.213 27.0384 49.1928
threshold=0.97506175887643198 13.385000000000003 0.023893766649480622 1.0000000180025095e-35 10.043760508593651 15.235000000000001 16.500000000000004 0.38000000000000028 968.35000000000002 956.75000000000011 5.5000000000000009 15.050000000000002 7.6450000000000005 2.4700597609561759 67.500000000000014 0.60181502315204827 0.52247866957162958 -0.33379414889141251 67.500000000000014 4.5000000000000009 9.0500000000000025 66.500000000000014 1.7500000000000002 1.2601190419956809 963.75000000000011 9.5500000000000025 0.79500000000000015 14.995000000000003 957.6500000000002 0.93038214053199464
decision_type=2 8 2 2 2 8 2 10 2 2 2 2 8 2 2 2 2 2 2 2 2 2 2 2 2 2 10 2 2 2
left_child=2 -2 3 -1 -3 6 -6 22 9 -9 11 13 -10 15 -15 16 17 21 19 -19 -12 -11 -4 26 25 -25 -24 28 29 -28
right_child=1 4 7 -5 5 -7 -8 8 12 10 20 -13 -14 14 -16 -17 -18 18 -20 -21 -22 -23 23 24 -26 -27 27 -29 -30 -31
leaf_value=-7.3066980050877273e-06 3.5930936103301113e-05 1.3276319097549893e-05 4.6409453213295278e-05 -1.2121973963925072e-05 2.6312816147605612e-05 2.6571608492536035e-05 3.2686041085796534e-05 0.00013243120035952259 0.0038875759047806067 -0.00021814098382175133 0.00013545710716918457 -0.00060762073604035357 6.598230093919577e-05 -0.0011161218123318633 -2.7112062381347487e-05 -0.00018997240134937493 0.0017501343429863808 0.00029682595855905821 -0.0002906215374375687 -0.00051214543404391158 0.0021184950571402693 0.0014648507837873867 -5.9839612352999417e-05 -7.4870792507652215e-05 -0.00079959305150364437 -0.0014516441182063921 -1.4469301515265143e-05 5.6489923989434533e-05 1.8058856396410105e-05 -0.0002970199612965932
leaf_weight=480 1463 230 1835 2403 1025 835 312 19520 312 358 1031 465 251 233 274 319 227 1399 2567 213 232 594 370 6293 486 1983 23982 750 18170 10424
leaf_count=480 1463 230 1835 2403 1025 835 312 19520 312 358 1031 465 251 233 274 319 227 1399 2567 213 232 594 370 6293 486 1983 23982 750 18170 10424
internal_value=3.27137e-05 0.010845 -0.00040693 -0.00470568 0.0156294 0.0169499 0.013614 -0.000272393 0.000491786 0.000303969 -0.00142478 -0.00232191 0.00955986 -0.00166747 -0.00873047 -0.00102957 -0.00050345 -0.00098715 -0.0020435 0.00181818 0.00328864 0.00363636 -0.000605151 -0.000706979 -0.00221056 -0.00174617 -0.000461444 -0.000407268 -0.000483825 -0.000978176
internal_weight=99036 3865 95171 2883 2402 2172 1337 92288 27995 27432 7912 6649 563 6184 507 5677 5358 5131 4179 1612 1263 952 64293 62458 8762 8276 53696 53326 52576 34406
internal_count=99036 3865 95171 2883 2402 2172 1337 92288 27995 27432 7912 6649 563 6184 507 5677 5358 5131 4179 1612 1263 952 64293 62458 8762 8276 53696 53326 52576 34406
is_linear=0
shrinkage=0.03


Tree=223
num_leaves=31
num_cat=0
split_feature=21 16 21 10 16 8 16 29 20 10 8 1 16 24 28 11 21 11 24 29 25 24 28 28 14 12 9 29 1 1
split_gain=499.943 125.319 86.4854 56.1146 45.337 31.5594 25.8962 25.0525 22.5087 32.3981 29.9993 32.3957 29.9224 49.1472 31.5594 39.5432 47.0726 39.7904 28.1173 27.0357 37.2462 42.0333 40.2963 95.5758 37.0562 33.0399 51.3518 40.8704 32.1013 39.8393
threshold=13.128333333333336 13.385000000000003 1.790416666666667 4.5000000000000009 15.235000000000001 18.500000000000004 14.935 77.500000000000014 0.91309683629588867 9.5000000000000018 5.5000000000000009 17.050000000000004 9.0850000000000026 1.7500000000000002 964.75000000000011 6.5850000000000009 6.2995833333333353 1.4750000000000003 16.150000000000002 31.500000000000004 2.3946224899598398 5.4500000000000011 960.45000000000016 962.55000000000007 0.36073998022584036 5.0750000000000011 4.5000000000000009 24.500000000000004 1.4500000000000002 -2.0499999999999994
decision_type=2 8 2 2 8 2 10 2 2 2 2 2 8 2 2 10 2 10 2 2 2 2 2 2 2 8 2 2 2 2
left_child=2 -2 3 7 5 -3 8 -1 9 19 -11 -12 13 -10 18 16 17 -16 -15 25 22 -22 28 -24 -25 -4 -27 -28 29 -21
right_child=1 4 6 -5 -6 -7 -8 -9 12 10 11 -13 -14 14 15 -17 -18 -19 -20 20 21 -23 23 24 -26 26 27 -29 -30 -31
leaf_value=-1.0294845986799743e-05 3.0825938525089747e-05 2.5211013140846172e-05 -3.8629594088047547e-05 -1.4768355577053724e-05 2.5774460237760755e-05 3.2007950838124355e-05 6.2521555583074928e-05 -4.292932491930194e-06 5.7493154735008037e-05 -2.2961229166965575e-05 0.00047527608531607642 -0.00018268448704712557 2.2842351479096522e-05 -5.3195001556596806e-05 0.0001971391383316424 -0.002889794574971427 0.0019442153103502579 -0.00028617757321657607 0.0037945828121663592 6.52334145073272e-06 4.6224370813483621e-05 0.0046678293039588365 0.0021132661380477268 3.4695437550267488e-05 -0.00011106900485945477 0.0011380518246975079 -0.0019403653569770984 0.00073269575379472315 -0.00012740368507995444 -0.0010108586827405322
leaf_weight=585 933 1008 1808 1577 862 207 307 201 2083 658 2187 342 26273 45978 294 457 447 1488 211 250 637 258 477 380 570 1651 279 228 6270 357
leaf_count=585 933 1008 1808 1577 862 207 307 201 2083 658 2187 342 26273 45978 294 457 447 1488 211 250 637 258 477 380 570 1651 279 228 6270 357
internal_value=-2.93146e-05 0.012 -0.000406096 -0.00606841 0.0160951 0.0122705 -0.000263273 -0.0125917 -0.000292025 0.000718958 0.00343045 0.00491318 -0.000506111 -0.000930087 -0.00112255 -0.00428094 -0.00261862 -0.00480134 -0.000938434 6.15034e-05 -0.00083116 0.00496667 -0.00145866 0.00312151 -0.00238743 0.00213045 0.00463245 -0.00369141 -0.00241064 -0.00897059
internal_weight=99263 3010 96253 2363 2077 1215 93890 786 93583 16352 3187 2529 77231 50958 48875 2686 2229 1782 46189 13165 9199 895 8304 1427 950 3966 2158 507 6877 607
internal_count=99263 3010 96253 2363 2077 1215 93890 786 93583 16352 3187 2529 77231 50958 48875 2686 2229 1782 46189 13165 9199 895 8304 1427 950 3966 2158 507 6877 607
is_linear=0
shrinkage=0.03


Tree=224
num_leaves=31
num_cat=0
split_feature=21 16 21 10 16 8 8 20 21 1 28 1 26 28 8 28 8 26 26 9 17 26 9 21 8 20 1 4 12 1
split_gain=546.884 136.979 86.8094 59.6035 35.9904 35.1135 24.102 32.3811 23.8795 34.1539 47.4963 46.9972 51.0098 46.8228 53.4605 50.0252 80.2001 43.6273 46.7929 42.1453 37.7081 37.5321 53.7094 34.9892 33.9794 31.3445 45.1396 31.2071 38.5292 33.0572
threshold=13.128333333333336 13.385000000000003 1.7195833333333335 4.5000000000000009 15.235000000000001 18.500000000000004 9.5000000000000018 2.2232211979604268 8.078055555555558 -6.7499999999999991 956.95000000000016 -0.34999999999999992 -0.96811077628253228 949.25000000000011 16.500000000000004 962.85000000000002 5.5000000000000009 0.99535829673000953 0.98897820466835418 2.5000000000000004 13.885000000000003 0.93663652364155514 5.5000000000000009 8.6995833333333366 6.5000000000000009 4.2750896610611848 13.65 0.11598838321871079 5.6750000000000007 37.750000000000007
decision_type=2 8 2 2 8 2 2 2 2 2 2 2 2 2 2 2 2 2 2 2 2 2 2 2 2 2 2 2 8 2
left_child=2 -2 3 -1 5 6 7 -3 27 10 -10 12 -11 -14 15 16 19 18 -16 -15 23 -21 -23 -18 -17 -13 -27 28 29 -4
right_child=1 4 8 -5 -6 -7 -8 -9 9 11 -12 25 13 14 17 24 20 -19 -20 21 -22 22 -24 -25 -26 26 -28 -29 -30 -31
leaf_value=-6.736879902321958e-06 2.9901160369336653e-05 2.4876636111129669e-05 -3.1553004620854181e-06 -1.3533924209113493e-05 2.5001226430627632e-05 3.0745221328080108e-05 2.4780402590600658e-05 2.0638269866287694e-05 0.0026090582969392467 -0.0021516829421849184 0.0001216540494259355 3.4452590171746286e-05 -0.0022088738956516163 0.0042687910891599052 0.00034864977544857512 -0.0003864940415440221 -0.00066898097801464606 -0.00035057769345259946 0.0013398301980030091 -0.0030898633290249709 1.6776300667688538e-05 0.0013978306501559179 -0.0032812659726659779 -0.0045890544535849122 0.00013769692720150717 0.0014195878084016333 -0.00016087618899431443 -0.00022124243610859904 0.0011266377310163794 -0.00020177099768820775
leaf_weight=650 943 230 35447 1305 849 201 576 212 200 465 1076 19563 295 265 798 293 303 228 234 341 206 278 204 712 498 327 377 30516 1167 264
leaf_count=650 943 230 35447 1305 849 201 576 212 200 465 1076 19563 295 265 798 293 303 228 234 341 206 278 204 712 498 327 377 30516 1167 264
internal_value=-7.54332e-05 0.0125033 -0.000470542 -0.00671939 0.0168162 0.0134069 0.0156598 0.0102013 -0.000340307 0.000419604 0.00519906 0.000178403 -0.00238829 -0.00143562 -0.000646048 -0.00276329 -0.00499136 0.00455336 0.00717454 0.000933211 -0.0102529 -0.00242754 0.00295688 -0.0126176 0.00373116 0.000827249 0.00702398 -0.000640959 -5.36833e-05 -0.000229309
internal_weight=99023 3011 96012 1955 2068 1219 1018 442 94057 26663 1276 25387 5120 4655 4360 3100 2309 1260 1032 1088 1221 823 482 1015 791 20267 704 67394 36878 35711
internal_count=99023 3011 96012 1955 2068 1219 1018 442 94057 26663 1276 25387 5120 4655 4360 3100 2309 1260 1032 1088 1221 823 482 1015 791 20267 704 67394 36878 35711
is_linear=0
shrinkage=0.03


Tree=225
num_leaves=31
num_cat=0
split_feature=21 16 21 10 16 8 16 23 28 1 12 18 9 27 1 11 12 19 16 26 9 11 16 27 19 9 21 22 8 8
split_gain=570.005 125.959 72.9291 60.0101 34.0297 30.8028 27.5068 37.5576 64.1069 47.3175 50.3479 42.0625 40.0655 41.7067 38.9128 34.7077 34.3786 26.8441 29.064 28.8094 25.1511 24.8192 38.7995 50.5264 48.1376 42.7388 40.6846 35.0967 33.1616 55.547
threshold=13.128333333333336 13.385000000000003 1.7195833333333335 4.5000000000000009 15.235000000000001 18.500000000000004 9.4050000000000029 5.9250000000000007 944.55000000000007 -1.1499999999999997 10.285000000000002 9.4950000000000028 1.5000000000000002 0.43049470426488862 21.350000000000005 7.5750000000000011 6.8550000000000013 8.9958333333333353 7.8750000000000009 -0.98321746822993583 4.5000000000000009 3.8250000000000006 1.7750000000000001 -0.18222858652173743 6.0512500000000014 4.5000000000000009 5.5479166666666675 0.74850208598745482 13.500000000000002 5.5000000000000009
decision_type=2 8 2 2 8 2 10 2 2 2 10 8 2 2 2 10 8 2 8 2 2 10 10 2 2 2 2 2 2 2
left_child=2 -2 3 -1 5 -3 7 11 16 -10 12 21 15 17 -13 -11 -9 18 19 -14 -12 -4 23 24 25 -23 -25 -24 29 -28
right_child=1 4 6 -5 -6 -7 -8 8 9 10 20 14 13 -15 -16 -17 -18 -19 -20 -21 -22 22 27 26 -26 -27 28 -29 -30 -31
leaf_value=-6.6959024310261553e-06 3.2025212911644952e-05 2.3980513222265908e-05 3.3485794985695441e-06 -1.2636984334508904e-05 2.4251189637707337e-05 3.7111934002792558e-05 3.4149466020496621e-05 -0.0011874603801148114 -0.0035936209653305395 0.0020536042994891888 -0.00015363854836126012 0.0027458271329043392 -0.0010505436785641727 0.0015744336403515052 -0.0024142550719882081 -0.00089075535708818651 0.0019353364085106799 -0.0040897169861816201 -0.00026933246452599645 -0.0030776130370809627 0.0043783734724961495 -0.00019502604838502927 -0.00019484523370090335 0.00011401877671354685 -0.0020696728325434602 0.0012194576776164039 0.0056842835154101322 -0.0042578452091340925 0.0052597960086832145 -0.0009169576714719163
leaf_weight=667 941 1004 29467 1337 870 207 24601 200 323 366 717 1384 458 206 329 555 704 520 681 667 318 790 29215 1017 303 421 208 309 292 251
leaf_count=667 941 1004 29467 1337 870 207 24601 200 323 366 717 1384 458 206 329 555 704 520 681 667 318 790 29215 1017 303 421 208 309 292 251
internal_value=2.59732e-05 0.0128444 -0.000376904 -0.00603285 0.0169559 0.0135937 -0.000256397 -0.000560784 -0.00288986 -0.00426703 -0.00345871 -0.00035255 -0.00519665 -0.00714229 0.00427823 0.000161987 0.00442244 -0.00828829 -0.00652678 -0.00947788 0.00233654 -0.000480266 -0.00104782 0.00204442 -0.00197498 0.000715461 0.00548223 -0.00139185 0.010754 0.005625
internal_weight=99328 3022 96306 2004 2081 1211 94302 69701 5715 4811 4488 63986 3453 2532 1713 921 904 2326 1806 1125 1035 62273 32806 3282 1514 1211 1768 29524 751 459
internal_count=99328 3022 96306 2004 2081 1211 94302 69701 5715 4811 4488 63986 3453 2532 1713 921 904 2326 1806 1125 1035 62273 32806 3282 1514 1211 1768 29524 751 459
is_linear=0
shrinkage=0.03


Tree=226
num_leaves=31
num_cat=0
split_feature=19 16 22 2 16 5 2 25 13 16 24 6 25 8 1 26 25 23 24 12 25 8 28 1 1 24 26 26 16 26
split_gain=506.992 161.899 43.3122 56.9783 32.5028 28.1956 25.0099 51.6421 33.1732 23.4275 22.4871 24.1499 24.4447 23.2604 47.5779 63.2372 174.883 80.4234 63.0991 51.3361 45.2277 39.2414 47.2452 52.2099 50.1374 78.8504 42.5007 65.0932 41.8992 39.2224
threshold=12.946250000000003 13.385000000000003 0.023893766649480622 1.2154921835164567 16.875000000000004 0.039755052635204194 1.1579767768901479 1.3981227929786439 10.635000000000003 14.935 1.7500000000000002 1.5000000000000002 1.8046244319700617 17.500000000000004 9.6500000000000004 0.87032255546191739 1.692901600474215 2.6150000000000007 3.3500000000000001 4.0050000000000008 1.6845895715023234 21.500000000000004 957.6500000000002 -0.34999999999999992 -2.6499999999999999 7.4500000000000011 0.99809679250719918 0.98624804680367306 9.0350000000000019 -0.96359376111369355
decision_type=2 8 2 2 8 2 2 2 2 10 2 2 2 2 2 2 2 2 2 10 2 2 2 2 2 2 2 2 8 2
left_child=2 -2 3 5 6 -1 7 -3 -8 10 11 12 -4 -12 18 17 -17 19 -15 -16 -19 22 23 -20 25 -24 27 -23 -26 -25
right_child=1 4 9 -5 -6 -7 8 -9 -10 -11 13 -13 -14 14 15 16 -18 20 21 -21 -22 26 24 29 28 -27 -28 -29 -30 -31
leaf_value=-1.2038173803408865e-05 3.3738447497736466e-05 0.00010314289381705089 5.6310315449100463e-05 -5.7249214653132085e-06 4.215517214199771e-05 0.0011856944265212714 1.9392580819430627e-05 1.1010105109028335e-05 2.3457467093054294e-05 8.8435721770850907e-05 -2.8464306979689157e-05 6.4569416033607126e-05 -8.183296085098043e-05 -8.2307497494224876e-05 0.00013775237831425242 0.00096347979307005987 -0.001157706281754886 -0.0007559997433566534 0.00017182192386280826 0.0021021619633462361 0.0002717353124048728 -0.00013381825689493559 0.003037371098542639 0.00023643712961646468 -0.00051384373638929974 -9.4526622170427722e-05 -0.0017984189276199032 0.0019261248131055336 0.00057533759326473973 0.0035374242375569333
leaf_weight=2166 1279 231 336 428 269 307 342 313 1158 270 66938 1724 245 2168 2770 902 2111 3205 638 1179 3200 1747 681 232 1095 236 280 448 1062 892
leaf_count=2166 1279 231 336 428 269 307 342 313 1158 270 66938 1724 245 2168 2770 902 2111 3205 638 1179 3200 1747 681 232 1095 236 280 448 1062 892
internal_value=6.97978e-05 0.0111259 -0.000347662 -0.00395389 0.0158542 -0.00219128 0.0144949 0.00885246 0.016505 -0.000234182 -0.000260278 0.00266234 -0.00261092 -0.000335453 0.000491007 -0.000661831 -0.0044831 0.000451781 0.0021162 0.00381639 -0.00162402 0.00344861 0.00501962 0.00893039 0.00276713 0.00862256 0.000375 0.00178636 0.000263645 0.0128078
internal_weight=98852 3592 95260 2901 2313 2473 2044 544 1500 92359 92089 2305 581 89784 22846 13367 3013 10354 9479 3949 6405 7311 4836 1762 3074 917 2475 2195 2157 1124
internal_count=98852 3592 95260 2901 2313 2473 2044 544 1500 92359 92089 2305 581 89784 22846 13367 3013 10354 9479 3949 6405 7311 4836 1762 3074 917 2475 2195 2157 1124
is_linear=0
shrinkage=0.03


Tree=227
num_leaves=31
num_cat=0
split_feature=21 16 21 12 27 20 16 28 8 15 28 28 2 3 29 23 17 2 12 23 13 2 14 24 2 8 8 2 29 21
split_gain=521.745 152.206 73.188 41.4376 33.1763 32.2067 28.2884 26.6211 25.6539 23.8077 50.033 53.9514 34.5606 33.9314 29.2975 35.2205 59.0889 69.2154 37.9476 29.0891 40.3622 30.7865 32.7384 42.3766 63.0382 68.3085 63.3656 47.0926 45.554 39.8834
threshold=13.128333333333336 13.385000000000003 1.790416666666667 0.62500000000000011 0.35019404643548474 0.72885183679538057 15.235000000000001 954.45000000000016 18.500000000000004 0.38000000000000028 968.35000000000002 956.55000000000007 1.2448032254162646 8.1252841085799599 64.500000000000014 5.8850000000000007 9.0550000000000015 1.1325703599807537 11.755000000000001 1.155 1.4400000000000011 1.2083788418043151 1.2772757443887259 4.2500000000000009 1.119521429291779 7.5000000000000009 12.500000000000002 1.117249826667414 83.500000000000014 3.8509722222222229
decision_type=2 8 2 10 2 2 8 2 2 10 2 2 2 2 2 2 2 2 10 2 2 2 2 2 2 2 2 2 2 2
left_child=2 -2 3 -1 5 -5 8 -8 -3 12 11 14 19 -12 -11 16 17 -16 -17 -4 -21 22 23 27 25 -25 29 -22 -29 -27
right_child=1 6 9 4 -6 -7 7 -9 -10 10 13 -13 -14 -15 15 18 -18 -19 -20 20 21 -23 -24 24 -26 26 -28 28 -30 -31
leaf_value=-1.4123460741204946e-05 2.7822064826994452e-05 2.2585057578118351e-05 1.7423161158638452e-05 -8.3260026744762847e-06 -1.0858435606858497e-05 0.0002333507220931373 4.1205695806506572e-05 2.2819763247214907e-05 3.5937493629598079e-05 3.7183589646681003e-05 0.0029290104383532206 -6.7384483904035742e-05 0.00012098133598405854 -3.9483763499623124e-05 0.0031355336860173768 -0.0037066489267533506 0.0019525935850928898 -2.5410513667545025e-05 0.0004282463201644515 -9.7578534589257742e-05 0.00015826951941148642 -0.00013207378345667168 -0.00026789856706014274 -0.0016443044307166625 0.00010320827071985499 -0.00011071992459726151 -0.00019351999696264277 -0.00017788190414286332 0.0013028120686323585 0.0013607696459966828
leaf_weight=428 976 991 6587 498 959 498 421 446 200 14910 388 8222 1933 204 599 365 1109 2395 287 941 2674 10859 6918 955 19186 300 5650 7547 412 1404
leaf_count=428 976 991 6587 498 959 498 421 446 200 14910 388 8222 1933 204 599 365 1109 2395 287 941 2674 10859 6918 955 19186 300 5650 7547 412 1404
internal_value=-1.75285e-05 0.0122211 -0.000404019 -0.00559045 -0.00371939 0.00011988 0.0168396 0.0210206 0.0137207 -0.00027203 0.000451833 0.000267819 -0.000587416 0.00904523 0.001121 0.00317017 0.00419912 0.00200067 -0.00328767 -0.000707935 -0.000926633 -0.000822572 -0.000476793 -0.000132169 0.000489818 -0.00169233 -0.000709336 -0.00173999 -0.00289679 0.00435342
internal_weight=99262 3034 96228 2383 1955 996 2058 867 1191 93845 28479 27887 65366 592 19665 4755 4103 2994 652 63433 56846 55905 45046 38128 27495 8309 7354 10633 7959 1704
internal_count=99262 3034 96228 2383 1955 996 2058 867 1191 93845 28479 27887 65366 592 19665 4755 4103 2994 652 63433 56846 55905 45046 38128 27495 8309 7354 10633 7959 1704
is_linear=0
shrinkage=0.03


Tree=228
num_leaves=31
num_cat=0
split_feature=21 16 21 10 16 25 12 20 20 26 25 8 21 1 21 10 1 24 29 16 1 24 28 1 28 22 21 29 23 1
split_gain=473.915 139.468 76.1447 55.0519 43.8193 32.4986 28.7835 26.7487 25.9791 37.3347 33.6049 25.1145 50.0341 28.7078 31.0315 23.5898 22.5914 22.0729 21.3298 31.5923 20.2953 25.578 19.8811 19.648 19.0732 47.2671 52.8961 48.2712 49.0418 74.9617
threshold=13.128333333333336 13.385000000000003 1.790416666666667 3.5000000000000004 15.235000000000001 1.3714850367024283 11.155000000000003 0.44220564173499527 4.6827942804450009 0.87878364999916148 1.3466782810685252 13.500000000000002 11.152916666666668 -0.44999999999999996 11.068750000000003 10.500000000000002 13.850000000000003 17.350000000000005 57.500000000000007 1.3350000000000002 14.850000000000003 3.0500000000000003 953.45000000000016 19.350000000000005 960.1500000000002 0.91374263378405507 12.036250000000001 47.500000000000007 3.8150000000000004 6.2500000000000009
decision_type=2 8 2 2 8 2 8 2 2 2 2 2 2 2 2 2 2 2 2 10 2 2 2 2 2 2 2 2 2 2
left_child=2 -2 3 -1 5 -3 8 -5 24 10 -10 13 23 -8 -15 17 -14 -7 20 -20 -9 -22 -6 -13 -4 27 -27 -26 -29 -30
right_child=1 4 6 7 22 15 11 18 9 -11 -12 12 16 14 -16 -17 -18 -19 19 -21 21 -23 -24 -25 25 26 -28 28 29 -31
leaf_value=-6.0734976339016883e-06 2.6913874362851641e-05 2.1334544254489884e-05 -3.6292483796035444e-05 -3.2261400113534415e-05 0.00026983417822691092 2.2081403975681145e-05 -0.00013926303072892885 8.688518797583229e-06 -0.0010333523550311986 0.003156703130991177 0.0037226210374877379 0.0028457875484732471 2.9714049940026131e-05 0.00089284616581088107 0.00027089670840708458 2.2029645890989657e-05 -0.00095613583184274149 -2.810384849734837e-05 0.00035039811101368677 -1.1744338281760146e-05 -3.6297076144135784e-05 -0.00010233928531330899 2.2135337038367007e-05 0.00071824788874671032 -0.00020490143255855176 -0.0001612353184824089 1.9989456533737736e-05 1.011102485658685e-05 0.00031328092572266983 0.0023875010674476102
leaf_weight=572 966 292 69715 391 329 314 224 218 388 374 375 383 507 719 967 320 679 254 345 356 265 202 527 509 1412 831 408 12346 3257 665
leaf_count=572 966 292 69715 391 329 314 224 218 388 374 375 383 507 719 967 320 679 254 345 356 265 202 527 509 1412 831 408 12346 3257 665
internal_value=2.48197e-05 0.0117526 -0.000342097 -0.0056712 0.0161979 0.0123544 -0.000208289 -0.00304714 -0.000319128 0.00417688 0.000351562 0.002284 0 0.0047624 0.0061029 0.00940649 -0.00403023 0.00565445 -0.00107836 0.00259207 -0.00482609 -0.00832627 0.0213937 0.00535117 -0.000377035 0.00046766 -0.00518489 0.00086514 0.00132735 0.00424752
internal_weight=99110 3002 96108 2349 2036 1180 93759 1777 89771 1137 763 3988 2078 1910 1686 888 1186 568 1386 701 685 467 856 892 88634 18919 1239 17680 16268 3922
internal_count=99110 3002 96108 2349 2036 1180 93759 1777 89771 1137 763 3988 2078 1910 1686 888 1186 568 1386 701 685 467 856 892 88634 18919 1239 17680 16268 3922
is_linear=0
shrinkage=0.03


Tree=229
num_leaves=31
num_cat=0
split_feature=21 16 21 28 16 25 28 27 12 24 8 24 25 26 17 23 17 2 28 2 25 25 26 14 15 2 28 8 12 9
split_gain=490.849 144.007 83.8974 43.738 37.7671 28.7084 23.785 22.2404 21.5788 30.3623 40.7181 35.8651 22.1939 37.2155 52.4324 68.7122 37.435 41.9728 73.0961 37.4157 40.9725 35.9064 30.5978 31.0512 25.8642 25.5116 25.8708 24.7236 24.2042 37.6255
threshold=13.128333333333336 13.385000000000003 1.790416666666667 963.05000000000007 15.235000000000001 1.3714850367024283 953.45000000000016 0.24192189559966756 11.755000000000001 15.550000000000002 15.500000000000002 17.050000000000004 1.419706410884735 0.89490028524376763 6.1450000000000005 6.3250000000000011 7.1950000000000012 1.181161154297971 957.85000000000002 1.1356850259877878 1.1648145861629009 1.0365694453289183 -0.79332313182700742 0.41259342376404101 -0.31999999999999956 1.2318075159654069 964.95000000000016 10.500000000000002 3.1650000000000005 2.5000000000000004
decision_type=2 8 2 2 8 2 2 2 8 2 2 2 2 2 2 2 2 2 2 2 2 2 2 2 10 2 2 2 10 2
left_child=2 -2 3 -1 5 -3 -6 -7 12 -10 11 -11 13 16 21 28 25 18 -18 20 24 -15 27 -24 -17 -4 -27 -19 29 -16
right_child=1 4 8 -5 6 7 -8 -9 9 10 -12 -13 -14 14 15 19 17 22 -20 -21 -22 -23 23 -25 -26 26 -28 -29 -30 -31
leaf_value=-1.1160667269944375e-05 2.6106458131966991e-05 2.0890440270212585e-05 8.5137167263967496e-06 -5.7907362194978272e-06 0.00028139209699223677 2.1186199028078723e-05 2.1471276927217396e-05 3.6883531291168611e-05 0.00031510893511228598 -3.6726990226531029e-05 -0.0023924320083647511 0.00069167334240407608 -3.3474073956025865e-05 -0.00011404932449414864 -0.00038332505786598285 -0.0019690557471960324 -0.00034398742326190114 -0.00010186387087093754 0.0010651327686067829 -5.2927922846631723e-05 0.00020727795102600921 1.4792800837079983e-05 -0.00046368392469335758 0.00051448882238459663 0.00016607261592286316 0.00067374512876226876 -1.333527355855275e-05 -0.0018193680258650898 0.0011355945705516699 0.00031235861591289896
leaf_weight=1957 937 297 15877 432 334 708 535 213 1965 304 333 218 55192 568 376 232 6593 267 850 1116 669 2555 464 475 456 390 240 660 3344 514
leaf_count=1957 937 297 15877 432 334 708 535 213 1965 304 333 218 55192 568 376 232 6593 267 850 1116 669 2555 464 475 456 390 240 660 3344 514
internal_value=9.35645e-05 0.0119842 -0.00028141 -0.00582707 0.0163623 0.0128536 0.0211785 0.0101404 -0.00013965 0.00244248 -0.00226744 0.00296015 -0.00021994 0.000363524 0.00193391 0.00342819 -0.000234693 -0.00175542 -0.000745166 -0.000544794 0.00279736 -0.00127558 -0.00577231 -0.00193856 -0.00233766 0.000623183 0.00651969 -0.00962446 0.00574664 0.00134078
internal_weight=99071 3024 96047 2389 2087 1218 869 921 93658 2820 855 522 90838 35646 9830 6707 25816 9309 7443 2473 1357 3123 1866 939 688 16507 630 927 4234 890
internal_count=99071 3024 96047 2389 2087 1218 869 921 93658 2820 855 522 90838 35646 9830 6707 25816 9309 7443 2473 1357 3123 1866 939 688 16507 630 927 4234 890
is_linear=0
shrinkage=0.03


Tree=230
num_leaves=31
num_cat=0
split_feature=21 16 21 10 16 8 0 26 8 11 21 20 16 6 10 9 8 9 16 1 24 5 1 10 26 26 29 10 1 21
split_gain=487.462 142.165 85.4375 43.2818 33.5491 22.8166 33.9614 22.7769 26.7299 21.7469 38.6488 47.4142 41.0732 37.65 33.4599 37.6538 47.64 45.1331 42.9461 40.4545 46.4322 34.8216 34.6005 33.0379 32.7611 30.9165 66.7097 45.262 36.4657 31.7121
threshold=13.128333333333336 13.385000000000003 1.790416666666667 3.5000000000000004 16.875000000000004 19.500000000000004 10.675000000000002 -0.95878322595067689 6.5000000000000009 3.8250000000000006 6.2995833333333353 2.0074475901689248 7.6550000000000011 1.5000000000000002 11.500000000000002 1.0000000180025095e-35 11.500000000000002 2.5000000000000004 4.3050000000000006 -2.2499999999999996 2.6500000000000008 0.1268002948205906 -0.54999999999999993 11.500000000000002 0.87878364999916148 -0.86159635224327535 42.500000000000007 7.5000000000000009 6.2500000000000009 3.5943055555555556
decision_type=2 8 2 2 8 2 2 2 2 8 2 2 10 2 2 2 2 2 10 2 2 2 2 2 2 2 2 2 2 2
left_child=2 -2 3 -1 5 6 -3 8 -8 14 11 12 23 -12 21 -16 19 22 -19 20 -17 -4 -18 25 -14 29 -27 -28 -29 -11
right_child=1 4 9 -5 -6 -7 7 -9 -10 10 13 -13 24 -15 15 16 17 18 -20 -21 -22 -23 -24 -25 -26 26 27 28 -30 -31
leaf_value=-4.8714937375461155e-06 2.4964604107163833e-05 1.6269075669400612e-05 -4.5895662872113587e-06 -1.3786690396311358e-05 5.8787137172668919e-05 2.0827138619401442e-05 1.7796781246562919e-05 2.0827138619401442e-05 2.5766082329556906e-05 0.00018362530870462865 0.00013999021784269123 -0.00049724663969868217 -7.8171430527628624e-05 -4.0196458816870171e-05 0.0034239767041229011 0.0006220956384189217 -0.00037099960305760109 -0.00014454367297140101 0.0030542795763023956 0.00094265676358944563 -0.00018415948589280392 0.00090352788005059392 -7.4504922801250904e-05 -0.00058591041122952952 -0.0018873822686980254 -0.00017861905921055487 5.8606168811909663e-05 -0.00037425989837325897 0.0024476232440971152 -0.00022430501808245266
leaf_weight=575 944 239 25091 1792 279 235 201 667 437 756 11070 6733 300 31972 328 238 207 222 241 723 336 2920 278 661 297 2650 1682 247 1386 5484
leaf_count=575 944 239 25091 1792 279 235 201 667 437 756 11070 6733 300 31972 328 238 207 222 241 723 336 2920 278 661 297 2650 1682 247 1386 5484
internal_value=3.78039e-05 0.0119322 -0.000334013 -0.005957 0.0163451 0.0147478 0.0160749 0.0179771 0.013717 -0.000191842 -0.000509463 -0.001592 -0.000563558 -1.39383e-06 0.000464873 0.00373545 0.00233333 -0.0027702 0.00391026 0.00605991 0.000103627 0.000163835 -0.00912245 -0.000205112 -0.00822259 0.000149877 0.00169347 0.00452711 0.00807692 -0.00132586
internal_weight=99191 3002 96189 2367 2058 1779 1544 1305 638 93822 63238 20196 13463 43042 30584 2573 2245 948 463 1297 574 28011 485 12866 597 12205 5965 3315 1633 6240
internal_count=99191 3002 96189 2367 2058 1779 1544 1305 638 93822 63238 20196 13463 43042 30584 2573 2245 948 463 1297 574 28011 485 12866 597 12205 5965 3315 1633 6240
is_linear=0
shrinkage=0.03


Tree=231
num_leaves=31
num_cat=0
split_feature=21 16 21 10 10 25 25 15 28 23 0 21 5 9 1 28 2 16 27 10 20 28 23 6 16 13 20 16 16 14
split_gain=485.741 140.592 72.176 58.0472 25.4057 45.6929 23.7606 21.9856 39.5622 27.6284 29.9479 47.2332 37.5955 35.112 24.627 33.6332 30.8603 70.3079 33.7952 46.9519 28.9663 23.6567 23.6406 28.4833 29.5954 26.8944 25.7379 29.0819 24.5762 23.8894
threshold=13.128333333333336 13.385000000000003 1.790416666666667 3.5000000000000004 11.500000000000002 1.3714850367024283 1.392024377318495 0.5500000000000006 968.35000000000002 1.2850000000000004 5.0050000000000008 5.5479166666666675 0.1242979234323027 1.0000000180025095e-35 -7.9499999999999993 971.25000000000011 1.2566404573965173 2.2900000000000005 0.087155742747658027 11.500000000000002 2.1325024423445771 960.05000000000007 1.155 1.5000000000000002 5.245000000000001 1.4400000000000011 4.8850349551179706 14.935 6.5550000000000006 1.2772757443887259
decision_type=2 8 2 2 2 2 2 10 2 2 2 2 2 2 2 2 2 10 2 2 2 2 2 2 8 2 2 10 10 2
left_child=2 6 3 -1 5 -3 -2 14 9 -9 12 13 -11 -12 16 22 18 -18 -4 21 -19 -20 23 -16 -25 -24 27 29 -26 -27
right_child=1 4 7 -5 -6 -7 -8 8 -10 10 11 -13 -14 -15 15 -17 17 20 19 -21 -22 -23 25 24 28 26 -28 -29 -30 -31
leaf_value=-5.2972586158610975e-06 9.6671151364473564e-05 2.6744350536118676e-05 0.0013544215002180276 -1.2647577419687884e-05 2.0202324460819598e-05 2.0136137605296645e-05 -5.8633127523771701e-06 -0.00012678514362646679 0.00067061490608822381 5.1088610845094195e-05 0.00092445777771057254 5.8298718961157234e-05 0.0012360224610282128 -0.00072509232165922236 -2.4800657975185685e-05 -0.00036406038602756482 0.0008848981632248946 -2.7607256741042361e-05 0.00020267138545230871 0.0015862477562046439 -0.0014818668788623447 -0.00045470879117789529 -5.9585281121354649e-05 5.420754798716055e-05 -0.00030746867160662516 -3.5835014025054066e-05 0.0034704939236288061 8.7669953081381805e-05 0.00085537588033745909 -0.00025371440419783866
leaf_weight=576 253 396 412 1753 471 1249 696 1061 501 5945 333 11079 1944 1687 1552 524 402 275 202 211 216 302 1063 3759 701 52172 498 245 821 7674
leaf_count=576 253 396 412 1753 471 1249 696 1061 501 5945 333 11079 1944 1687 1552 524 402 275 202 211 216 302 1063 3759 701 52172 498 245 821 7674
internal_value=-3.00067e-05 0.0117166 -0.000405993 -0.00561697 0.0160113 0.0141636 0.00210692 -0.000276009 0.000540013 0.000349596 0.000588768 -0.000290751 0.00204839 -0.0045037 -0.000535096 -0.000630742 0.00272593 -0.00143653 0.0060159 0.00204167 -0.0090121 -0.00294695 -0.000572492 0.0011012 0.00215096 -0.000758065 -0.000674819 -0.00073133 -0.00137525 -0.000773922
internal_weight=98973 3065 95908 2329 2116 1645 949 93579 22550 22049 20988 13099 7889 2020 71029 69009 2020 893 1127 715 491 504 68485 6833 5281 61652 60589 60091 1522 59846
internal_count=98973 3065 95908 2329 2116 1645 949 93579 22550 22049 20988 13099 7889 2020 71029 69009 2020 893 1127 715 491 504 68485 6833 5281 61652 60589 60091 1522 59846
is_linear=0
shrinkage=0.03


Tree=232
num_leaves=31
num_cat=0
split_feature=21 16 21 10 14 10 25 8 5 26 2 28 28 11 24 16 25 16 17 10 9 2 21 28 28 8 26 11 26 2
split_gain=487.319 141.48 79.8642 57.9128 22.3868 21.2898 39.7963 26.5997 31.1391 34.0263 20.8215 20.0529 31.9721 26.6631 19.3939 25.4598 22.7189 19.1119 43.1642 59.9518 57.2595 72.628 43.6797 44.9966 34.8864 53.015 47.8355 40.6129 35.1058 34.4129
threshold=13.128333333333336 13.385000000000003 1.7195833333333335 3.5000000000000004 1.4251432676518283 11.500000000000002 1.4054317475370108 19.500000000000004 0.93209879942062557 -0.94260559819261247 1.0609209146342249 956.05000000000007 948.6500000000002 1.5750000000000004 1.7500000000000002 8.6850000000000005 2.8966426193118759 8.8650000000000002 9.6350000000000033 9.5000000000000018 2.5000000000000004 1.1678005465523333 7.604583333333335 963.35000000000002 955.25000000000011 2.5000000000000004 0.97988739209073494 7.5450000000000008 0.86159635224327558 1.0983070925131864
decision_type=2 8 2 2 2 2 2 2 2 2 2 2 2 10 2 8 2 8 2 2 2 2 2 2 2 2 2 10 2 2
left_child=2 4 3 -1 -2 6 -3 8 -8 -10 -4 12 -5 -13 15 16 -12 18 22 24 21 -21 -16 29 25 -20 -26 28 -27 -24
right_child=1 5 10 11 -6 -7 7 -9 9 -11 14 13 -14 -15 17 -17 -18 -19 19 20 -22 -23 23 -25 26 27 -28 -29 -30 -31
leaf_value=-4.8875640760711289e-06 4.2398066655240372e-05 2.8072569101638134e-05 -0.00028971270788993403 7.7017270004666803e-05 -0.00071193136588826756 1.9596254726993445e-05 1.7532383029009722e-05 1.578549306419097e-05 1.9236867259684318e-05 1.9593846095828925e-05 0.00010695110921161234 -9.3586724131164413e-06 -4.7068061948410191e-05 0.00010080654790919002 -2.0037736237866579e-05 -8.0818022192974398e-05 -2.8520175570289187e-05 2.1354052958022505e-05 0.0032843096753498446 0.0079302426251234605 0.0030744476158645049 -0.0018873782512373633 0.0031426211450492226 -0.0037054969403025775 -0.0021082252843304529 -0.00077153724411371046 -9.3570670030110876e-05 -0.0029226701970095394 0.0020137841721143859 0.00081675965225748491
leaf_weight=488 744 545 380 361 221 469 200 213 430 230 2012 386 531 205 49292 203 296 31773 329 253 762 664 605 210 1211 1468 547 982 534 2645
leaf_count=488 744 545 380 361 221 469 200 213 430 230 2012 386 531 205 49292 203 296 31773 329 253 762 664 605 210 1211 1468 547 982 534 2645
internal_value=4.32486e-05 0.0118351 -0.000331697 -0.00630061 0.00231959 0.0162189 0.0144917 0.0110482 0.0133873 0.0165113 -0.000206433 -0.00332661 -0.00615385 0.000956376 -0.000177842 0.00242051 0.00332036 -0.000249452 -0.000566656 -0.00282457 0.00208432 -0.00296095 -0.000277499 0.00297835 -0.00445035 -0.0026311 -0.0078616 -0.00389428 -0.00143498 0.00385253
internal_weight=99189 3052 96137 1971 965 2087 1618 1073 860 660 94166 1483 892 591 93786 2511 2308 91275 59502 6750 1679 917 52752 3460 5071 3313 1758 2984 2002 3250
internal_count=99189 3052 96137 1971 965 2087 1618 1073 860 660 94166 1483 892 591 93786 2511 2308 91275 59502 6750 1679 917 52752 3460 5071 3313 1758 2984 2002 3250
is_linear=0
shrinkage=0.03


Tree=233
num_leaves=31
num_cat=0
split_feature=21 16 21 10 16 14 14 11 8 21 2 14 20 12 10 28 27 2 27 24 12 25 27 24 28 2 27 2 8 8
split_gain=456.263 107.404 88.1779 52.3457 24.8301 22.9809 22.8925 22.4862 23.5957 20.1448 18.9854 30.9654 21.8701 16.5567 29.6144 42.9246 54.0328 43.3683 27.1858 21.6757 19.6622 17.6535 45.2478 53.7829 26.4301 40.0453 40.2377 25.7334 66.1718 59.4946
threshold=13.128333333333336 13.385000000000003 1.790416666666667 3.5000000000000004 16.875000000000004 1.785758473668172 1.4251432676518283 10.595000000000001 18.500000000000004 1.5433333333333337 1.0702001067921629 1.2601190419956809 0.9371543765176954 11.265000000000002 10.500000000000002 953.45000000000016 0.1218693434051476 1.114987423919467 -0.026175951569892126 12.950000000000001 13.475000000000003 1.3577649408433616 -0.1564344650402309 1.7500000000000002 943.75000000000011 1.0903325851349595 0.41467745240824988 1.1435471588627546 10.500000000000002 13.500000000000002
decision_type=2 8 2 2 8 2 2 10 2 2 2 2 2 8 2 2 2 2 2 2 10 2 2 2 2 2 2 2 2 2
left_child=2 6 3 9 5 7 -2 -3 -9 -1 11 12 -4 21 15 16 17 18 20 -17 -15 22 23 -12 25 -24 -27 28 -26 -29
right_child=1 4 10 -5 -6 -7 -8 8 -10 -11 13 -13 -14 14 -16 19 -18 -19 -20 -21 -22 -23 24 -25 27 26 -28 29 -30 -31
leaf_value=-4.3728183148816944e-06 4.4480531401758224e-05 1.4587760267531501e-05 0.00039550634379587665 -1.4837743177354076e-05 4.7857196139804437e-05 1.7558101067498555e-05 -0.00084120063251710722 1.900530973037995e-05 1.9008367085182609e-05 -5.0752575011214597e-06 0.001157455153202664 -0.00064955014160110133 -0.00030464309687434264 -0.0036936114805811949 0.00016493987155235756 1.3101492535028125e-05 -0.0011907401285336427 0.00081276125546236421 0.0015822805101142756 -0.0008224570156254229 0.0010957455099308495 -2.6595040336815091e-05 0.00098624693001602261 -7.9819230863210835e-05 0.00072204457045036417 -0.00058073476318871368 0.0018036523148815136 -4.5539370280312832e-06 -5.6466551237683847e-05 0.00043887229562587527
leaf_weight=280 728 269 358 1765 265 233 215 1061 222 299 346 486 761 302 518 367 277 1227 234 592 220 57485 1325 7438 2123 346 233 4286 10785 3801
leaf_count=280 728 269 358 1765 265 233 215 1061 222 299 346 486 761 302 518 367 277 1227 234 592 220 57485 1325 7438 2123 346 233 4286 10785 3801
internal_value=7.31396e-05 0.0115977 -0.000287297 -0.0060281 0.0154453 0.014095 0.0031962 0.0154143 0.017073 -0.0138185 -0.000143079 -0.00337267 -0.000613879 -8.64977e-05 0.00186799 0.000790943 0.00304636 0.0047837 -0.00086728 -0.00451245 -0.00466793 -0.00016944 0.000411562 -0.00156374 0.00108322 0.00446307 -0.00210616 0.000775714 -5.57578e-05 0.00210208
internal_weight=98847 2993 95854 2344 2050 1785 943 1552 1283 579 93510 1605 1119 91905 3737 3219 2260 1983 756 959 522 88168 30683 7784 22899 1904 579 20995 12908 8087
internal_count=98847 2993 95854 2344 2050 1785 943 1552 1283 579 93510 1605 1119 91905 3737 3219 2260 1983 756 959 522 88168 30683 7784 22899 1904 579 20995 12908 8087
is_linear=0
shrinkage=0.03


Tree=234
num_leaves=31
num_cat=0
split_feature=21 16 21 10 28 17 11 14 28 16 8 3 21 28 17 11 14 20 29 3 25 21 14 8 26 24 9 5 20 8
split_gain=461.905 120.901 61.9867 49.6856 24.0538 30.6891 23.8381 35.59 23.6249 20.5021 25.3751 19.0548 18.3457 17.948 17.3702 15.2303 16.0526 14.8237 37.094 29.2971 20.4909 19.5151 16.7824 23.9548 17.6785 18.4027 15.1367 29.9466 36.2382 23.669
threshold=13.128333333333336 13.385000000000003 1.790416666666667 3.5000000000000004 956.25000000000011 1.155 10.695000000000002 1.785758473668172 948.6500000000002 15.235000000000001 16.500000000000004 1.1676787925273773 1.5433333333333337 954.45000000000016 1.7750000000000001 13.725000000000003 0.81193185264117695 3.859151455216439 82.500000000000014 11.209021114642388 2.367230113636364 9.8404166666666697 3.0846987919039179 18.500000000000004 -0.64942331933852315 9.1500000000000004 4.5000000000000009 0.042651565257191069 4.1044914419444209 17.500000000000004
decision_type=2 8 2 2 2 2 8 2 2 8 2 2 2 2 2 10 2 2 2 2 2 2 2 2 2 2 2 2 2 2
left_child=2 15 3 12 8 -6 -3 9 11 10 -8 -5 -1 -11 -10 -2 -17 22 19 20 26 -21 -4 24 25 -24 27 28 -19 -28
right_child=1 6 17 4 5 -7 7 -9 14 13 -12 -13 -14 -15 -16 16 -18 18 -20 21 -22 -23 23 -25 -26 -27 29 -29 -30 -31
leaf_value=-3.8381060600491297e-06 4.7835248321027036e-05 1.4436178307359326e-05 -1.5458559389898101e-05 0.00046271957697256543 7.6918802025453237e-05 -1.1567470280587753e-05 1.7906160152690308e-05 1.7110191941276387e-05 -6.0696150733767031e-05 0.00027056459524932297 2.516496422422465e-05 -0.00012492411635718254 -4.9229997760878197e-06 1.8438116072625465e-05 -8.0107230470594605e-06 3.0641655497412047e-05 -0.00093712150759744039 0.00060821877841439815 0.0033742983223689141 -0.0062941478847327557 -0.00061823972375236395 -3.7770596015737069e-05 0.0023993882039568732 0.0035611619088083044 -0.00099720909424438897 -0.0010718075000872543 0.00059137065965404127 0.00063022139411438862 -0.00081916339999549054 0.00698519937708295
leaf_weight=276 366 350 87868 222 278 402 650 251 442 254 213 203 291 358 209 315 299 224 376 216 497 203 323 289 212 270 814 1769 438 261
leaf_count=276 366 350 87868 222 278 402 650 251 442 254 213 203 291 358 209 315 299 224 376 216 497 203 323 289 212 270 814 1769 438 261
internal_value=3.35875e-05 0.011506 -0.000331883 -0.00516753 -0.00265758 0.00175182 0.0155983 0.0170537 -0.00543941 0.0188311 0.0156567 6.97674e-05 -0.0128497 0.0231442 -0.00900915 0.00280203 -9.69305e-05 -0.000211806 0.00141162 0.000637 0.00142964 -0.00686321 -0.000299437 0.0033849 0.000703704 0.0033612 0.00223868 0.000923645 -0.00449775 0.00519444
internal_weight=99139 3056 96083 2323 1756 680 2076 1726 1076 1475 863 425 567 612 651 980 614 93760 4798 4422 4003 419 88962 1094 805 593 3506 2431 662 1075
internal_count=99139 3056 96083 2323 1756 680 2076 1726 1076 1475 863 425 567 612 651 980 614 93760 4798 4422 4003 419 88962 1094 805 593 3506 2431 662 1075
is_linear=0
shrinkage=0.03


Tree=235
num_leaves=31
num_cat=0
split_feature=19 16 22 10 11 16 26 2 25 12 18 4 28 2 26 2 24 24 16 22 22 17 20 25 2 23 19 16 17 28
split_gain=411.693 133.072 53.2318 66.0834 46.8649 34.0058 32.6045 26.8487 30.7992 25.4513 27.0352 19.7524 21.1658 19.3427 18.0868 23.3767 25.0009 17.4939 25.4733 20.0804 40.8019 20.8056 37.8026 18.3002 17.0219 52.2158 40.8874 63.924 62.0081 53.9106
threshold=12.946250000000003 13.385000000000003 0.023893766649480622 3.5000000000000004 10.695000000000002 1.6150000000000004 0.87878364999916148 1.1579767768901479 1.419706410884735 12.395000000000001 13.485000000000001 0.019625666835915982 950.55000000000007 1.0609209146342249 0.77159520228797462 1.1364663710811209 2.7500000000000004 1.7500000000000002 8.6350000000000033 0.038079671749102914 0.084686183107379007 4.1250000000000009 2.3833484847772417 1.3520929202687875 1.2092634530215358 7.705000000000001 4.173750000000001 7.5550000000000006 6.785000000000001 958.05000000000007
decision_type=2 8 2 2 8 8 2 2 2 10 10 2 2 2 2 2 2 2 8 2 2 2 2 2 2 2 2 8 2 2
left_child=2 9 3 5 -3 -1 7 8 -6 -2 -11 12 -5 -4 15 -13 -17 18 19 23 21 -21 -23 -15 -19 26 28 -28 29 -26
right_child=1 4 13 11 6 -7 -8 -9 -10 10 -12 14 -14 17 -16 16 -18 24 -20 20 -22 22 -24 -25 25 -27 27 -29 -30 -31
leaf_value=-4.7144374119581675e-06 -4.0984219864313997e-05 1.3717042110286125e-05 -0.00030581747420120229 7.5939917820352227e-06 6.2393521906044529e-05 -5.8473405388725568e-06 1.7887174637019052e-05 1.7352202852134456e-05 3.9650354218357941e-05 6.419104859874735e-05 2.5120144751145101e-05 -0.00010527300321824175 -2.8589640219652422e-05 0.0011231952553882811 0.00019771990873200911 -1.9307505209121243e-06 9.9717618035401794e-05 -2.5886671501251787e-06 -0.00022588758580182206 0.00041871490461107836 0.00021361045852876957 -0.00021133338927406707 5.679387268953985e-07 2.3115964557370131e-05 8.1601469937119783e-05 -0.00122754812955009 -0.00039496070434856198 -3.705970827080601e-05 0.00016817636088801001 -2.1264235184746855e-05
leaf_weight=249 332 461 374 205 201 382 471 912 246 201 754 703 284 383 342 512 211 71729 201 259 460 238 459 359 923 292 3749 10472 769 2070
leaf_count=249 332 461 374 205 201 382 471 912 246 201 754 703 284 383 342 512 211 71729 201 259 460 238 459 359 923 292 3749 10472 769 2070
internal_value=4.68712e-05 0.0100307 -0.000327199 -0.0043346 0.0143598 -0.0128774 0.0165123 0.0140543 0.00789823 0.00229876 0.00478125 -0.00192308 -0.00722672 -0.000202174 -0.000439932 -0.00192872 0.0018544 -0.000174411 0.0023731 0.00332871 0.00122449 -0.00231009 -0.005 0.00730924 -0.000241309 -0.00105853 -0.000852235 -0.00158794 0.00192726 -3.002e-05
internal_weight=99203 3578 95625 2888 2291 631 1830 1359 447 1287 955 2257 489 92737 1768 1426 723 92363 2359 2158 1416 956 697 742 90004 18275 17983 14221 3762 2993
internal_count=99203 3578 95625 2888 2291 631 1830 1359 447 1287 955 2257 489 92737 1768 1426 723 92363 2359 2158 1416 956 697 742 90004 18275 17983 14221 3762 2993
is_linear=0
shrinkage=0.03


Tree=236
num_leaves=31
num_cat=0
split_feature=21 16 21 10 12 13 10 13 25 27 2 25 21 12 10 28 26 1 26 21 29 3 27 7 2 29 20 26 16 10
split_gain=403.102 119.209 81.6837 58.9101 26.0764 24.9245 24.1161 40.8885 34.1245 21.5777 21.3008 18.2078 18.158 15.9427 29.7319 39.0766 68.6438 49.0004 32.225 22.4228 19.483 18.8386 16.3658 16.3547 16.3184 42.0899 35.062 59.0594 50.262 61.3048
threshold=13.128333333333336 13.385000000000003 1.790416666666667 2.5000000000000004 0.79500000000000015 1.2616666666666669 11.500000000000002 11.161666666666671 1.3714850367024283 0.6360540003681886 1.1579767768901479 1.1193365102639299 14.602916666666671 11.265000000000002 10.500000000000002 953.45000000000016 -0.94260559819261247 23.250000000000004 -0.97233289553061575 11.790416666666669 53.500000000000007 11.72053902945372 -0.026175951569892126 15.500000000000002 1.2410622688020467 59.500000000000007 3.1870100929632508 0.92384435400961407 2.2900000000000005 11.500000000000002
decision_type=2 8 2 2 10 2 2 2 2 2 2 2 2 8 2 2 2 2 2 2 2 2 2 2 2 2 2 2 10 2
left_child=2 -2 3 -1 -5 9 7 -3 -9 -6 -10 -7 -8 24 15 17 23 18 20 22 -15 -20 -19 -17 -4 -26 27 -27 -29 -30
right_child=1 6 13 4 5 11 12 8 10 -11 -12 -13 -14 14 -16 16 -18 19 21 -21 -22 -23 -24 -25 25 26 -28 28 29 -31
leaf_value=-3.944436310179336e-06 1.9734435652412062e-05 4.8861283489243235e-06 -1.3304029860271431e-05 -1.7873452412583873e-05 0.00023309234116052397 -3.3125168064123598e-05 2.653918736450711e-05 3.8823595444549276e-05 0.00022070013266213494 -9.9863969053550626e-06 1.7240460547418569e-05 -1.1154258075078346e-06 1.7348357351336663e-05 0.0015034600018268374 0.0001566627261850595 -0.00012254732613410478 6.215064076351307e-05 -0.0018815299461427831 0.00068102359954179566 -0.0020486006234845754 0.00057620778223490101 -0.00011138275354712456 0.0011091731337957477 -0.0016265772445918601 0.0011900915368310871 0.00021765074477505064 0.00036737891697633586 0.00014397858629458188 -0.00074917555908512068 3.8894670736206028e-05
leaf_weight=406 965 218 86275 472 381 502 234 356 331 202 682 432 220 325 517 215 284 329 325 301 323 393 280 485 329 1260 616 271 609 434
leaf_count=406 965 218 86275 472 381 502 234 356 331 202 682 432 220 325 517 215 284 329 325 301 323 393 280 485 329 1260 616 271 609 434
internal_value=9.15364e-05 0.0109 -0.000247575 -0.0057125 -0.0035657 -0.00163601 0.015 0.0131721 0.0150873 0.00321429 0.0121709 -0.00466454 0.0211765 -0.000107399 0.00180063 0.000735069 -0.00424671 0.00289347 0.00647702 -0.0024918 0.0113017 0.00207469 0.000830619 -0.0092766 -0.000187753 0.00181328 0.000751174 -0.000791004 -0.00523124 -0.00821565
internal_weight=98972 3006 95966 2395 1989 1517 2041 1587 1369 583 1013 934 454 93571 3777 3260 984 2276 1366 910 648 718 609 700 89794 3519 3190 2574 1314 1043
internal_count=98972 3006 95966 2395 1989 1517 2041 1587 1369 583 1013 934 454 93571 3777 3260 984 2276 1366 910 648 718 609 700 89794 3519 3190 2574 1314 1043
is_linear=0
shrinkage=0.03


Tree=237
num_leaves=31
num_cat=0
split_feature=21 16 21 1 29 1 29 25 17 11 28 20 1 2 15 28 1 20 8 8 25 8 14 17 14 16 18 28 1 1
split_gain=397.131 110.012 62.1554 52.193 24.8714 22.1017 43.1169 29.0679 23.3914 21.5156 20.8146 19.4695 22.0965 39.7754 18.5532 32.102 22.93 26.2513 27.4488 22.9079 32.5505 27.0453 24.1164 23.8671 22.2293 62.63 44.9354 31.1232 29.7482 35.5363
threshold=13.128333333333336 13.385000000000003 1.790416666666667 -4.2499999999999991 77.500000000000014 0.8500000000000002 71.500000000000014 1.4054317475370108 15.315000000000003 13.725000000000003 953.6500000000002 4.6827942804450009 13.65 1.2070543490138486 0.5500000000000006 968.35000000000002 -2.4499999999999997 3.0546515076517169 12.500000000000002 2.5000000000000004 1.5321328810853954 1.0000000180025095e-35 0.74768531705078523 12.495000000000003 0.92931874689652827 13.095000000000001 4.2250000000000005 963.55000000000007 -6.7499999999999991 1.0000000180025095e-35
decision_type=2 8 2 2 2 2 2 2 2 10 2 2 2 2 10 2 2 2 2 2 2 2 2 2 2 10 8 2 2 2
left_child=2 9 3 -1 -5 6 -3 -7 -9 -2 -10 14 13 -13 24 16 17 18 -16 20 -18 -22 -23 -21 28 26 -26 -28 -4 -30
right_child=1 5 11 4 -6 7 -8 8 10 -11 -12 12 -14 -15 15 -17 19 -19 -20 23 21 22 -24 -25 25 -27 27 -29 29 -31
leaf_value=-4.2334688407567619e-06 4.8135117242952271e-05 1.6827998351440777e-05 7.376836432092376e-05 -1.0513774073691046e-05 0.00023240461715185698 2.696428339579615e-05 1.5422173565311502e-05 2.9530663943700962e-05 -7.8710477789512008e-07 -1.0322517108978246e-05 1.2545028196300212e-05 0.0034124815513350381 -4.9853127736278476e-05 -0.00045371882796776242 -0.00027604292842510529 0.00054308883675558523 -0.00048324365794043267 0.0002173546899282406 0.00019278334803888658 -1.570340686200794e-05 1.9538340189273332e-05 0.00022811137370013805 0.002312637977857 9.8266351217664026e-05 6.9015302383168205e-06 0.00040161005409211523 -0.00049049071788020494 -0.0014199971658192068 -5.3905421036238453e-05 -1.8596749595803546e-06
leaf_weight=322 368 423 2701 1730 282 483 211 393 257 594 307 490 719 271 997 483 215 353 415 16345 862 394 707 1472 6727 233 8334 613 10623 40803
leaf_count=322 368 423 2701 1730 282 483 211 393 257 594 307 490 719 271 997 483 215 353 415 16345 862 394 707 1472 6727 233 8334 613 10623 40803
internal_value=-3.90389e-05 0.0106347 -0.000376811 -0.00520735 -0.00339118 0.0145166 0.0192488 0.0123737 0.00926195 0.00223371 0.00527241 -0.000256287 0.00315152 0.00669713 -0.000311112 0.000443635 0.000272915 -0.003 -0.0048271 0.0005625 0.00346312 0.00467988 0.00778481 0.000207047 -0.000550836 -0.00153658 -0.00176797 -0.00316019 -0.000261029 -0.000422313
internal_weight=99127 3036 96091 2334 2012 2074 634 1440 957 962 564 93757 1480 761 92277 22243 21760 1765 1412 19995 2178 1963 1101 17817 70034 15907 15674 8947 54127 51426
internal_count=99127 3036 96091 2334 2012 2074 634 1440 957 962 564 93757 1480 761 92277 22243 21760 1765 1412 19995 2178 1963 1101 17817 70034 15907 15674 8947 54127 51426
is_linear=0
shrinkage=0.03


Tree=238
num_leaves=31
num_cat=0
split_feature=21 16 21 10 18 10 25 16 8 7 29 20 8 21 11 20 29 1 11 20 2 1 11 16 29 17 9 10 10 25
split_gain=406.592 92.5271 71.7652 55.1942 24.6247 33.3847 33.4425 33.3429 24.5948 32.159 23.4053 22.8377 27.6519 20.6022 44.8821 35.1009 32.0535 72.2235 27.1158 28.8532 42.7776 60.0442 47.9152 39.9923 36.0444 34.6795 33.7023 44.1286 40.7509 31.7961
threshold=13.128333333333336 13.385000000000003 1.790416666666667 2.5000000000000004 11.515000000000002 11.500000000000002 1.3714850367024283 15.235000000000001 10.500000000000002 34.500000000000007 74.500000000000014 2.18430003978709 10.500000000000002 7.9612500000000015 6.1450000000000005 3.3850498518614924 58.500000000000007 4.6500000000000012 3.8250000000000006 1.7371384510556338 1.1820063501690765 12.850000000000003 5.6050000000000013 12.005000000000001 66.500000000000014 6.8750000000000009 2.5000000000000004 4.5000000000000009 3.5000000000000004 2.0971607702642188
decision_type=2 8 2 2 10 2 2 8 2 2 2 2 2 2 8 2 2 2 10 2 2 2 10 8 2 2 2 2 2 2
left_child=2 -2 3 -1 -3 6 -6 11 10 -10 -5 12 -8 18 15 16 17 -15 -4 20 21 26 24 29 -22 -23 27 -20 -28 -21
right_child=1 4 13 8 5 -7 7 -9 9 -11 -12 -13 -14 14 -16 -17 -18 -19 19 23 22 25 -24 -25 -26 -27 28 -29 -30 -31
leaf_value=-3.7031950602837288e-06 3.0075352211871853e-05 8.1253946287229703e-06 4.0175588350959893e-06 -7.3809891040336158e-06 3.7801457162411896e-05 1.6323158400897152e-05 1.6428238324586173e-05 1.7912334086283009e-05 -2.7441366929267024e-05 5.9650526367777122e-06 0.00055360340321233326 -4.4363108336453739e-06 1.4339727162466786e-05 -0.0029906583686256328 2.7754802184015715e-06 0.0025731221812868711 0.0012450904982946275 0.0015528372779378624 -0.00057163449178436216 -0.00020343368766363119 -0.00038521482099370535 -0.00016422812119472102 -0.001109336348116386 0.0018416312814966489 0.00023733917500681173 0.00063007464724200576 0.0023009675848034961 0.0016387432496045217 0.001054484345215905 -0.00059409549280006193
leaf_weight=403 974 202 30217 842 319 389 208 415 686 207 240 253 272 252 24492 903 1510 558 403 10682 710 8087 1997 570 1624 4138 330 430 1091 5713
leaf_count=403 974 202 30217 842 319 389 208 415 686 207 240 253 272 252 24492 903 1510 558 403 10682 710 8087 1997 570 1624 4138 330 430 1091 5713
internal_value=1.90674e-05 0.0108265 -0.00032251 -0.0054637 0.0144256 0.0155078 0.0133492 0.010876 -0.00337879 -0.007049 -0.000331187 0.00695122 0.0107629 -0.000191758 0.000494589 0.0038197 0.00185806 -0.00294479 -0.000480022 -0.00103885 -0.000229604 0.000553024 -0.00284363 -0.00193577 7.6956e-05 -0.000277187 0.00504648 0.000250597 0.00784712 -0.00220793
internal_weight=99117 3032 96085 2378 2058 1856 1467 1148 1975 893 1082 733 480 93707 27715 3223 2320 810 65992 35775 18810 14479 4331 16965 2334 12225 2254 833 1421 16395
internal_count=99117 3032 96085 2378 2058 1856 1467 1148 1975 893 1082 733 480 93707 27715 3223 2320 810 65992 35775 18810 14479 4331 16965 2334 12225 2254 833 1421 16395
is_linear=0
shrinkage=0.03


Tree=239
num_leaves=31
num_cat=0
split_feature=19 16 22 2 11 1 20 25 2 19 13 25 1 9 14 24 20 9 14 24 19 17 8 25 16 27 8 24 1 2
split_gain=358.485 120.697 54.6936 66.9776 50.2511 32.9425 29.9782 26.3356 21.4902 20.4862 20.9788 19.739 17.7117 32.5319 24.0167 22.4203 35.536 20.0766 18.3263 27.751 17.0779 27.428 38.1296 59.9559 31.9061 41.2858 29.2323 45.8234 40.3641 44.1899
threshold=12.946250000000003 13.385000000000003 0.023893766649480622 1.2299731040496986 10.695000000000002 8.4500000000000011 1.2859934551159491 1.3645179182491638 1.1579767768901479 1.5887500000000003 2.1483333333333348 1.7890482673668517 35.550000000000004 4.5000000000000009 0.8268212221111203 8.2500000000000018 1.2859934551159491 2.5000000000000004 2.9015742423044313 9.1500000000000004 2.6237500000000007 1.7750000000000001 5.5000000000000009 1.9034515139022494 8.5950000000000006 0.34202014332566893 14.500000000000002 14.050000000000002 9.2500000000000018 1.1828527564890929
decision_type=2 8 2 2 10 2 2 2 2 2 2 2 2 2 2 2 2 2 2 2 2 2 2 2 10 2 2 2 2 2
left_child=2 -2 3 6 11 -6 9 -7 -9 10 -1 -3 18 15 -15 17 -17 -14 20 -20 -4 22 -22 24 25 -24 27 -23 29 -28
right_child=1 4 12 -5 5 7 -8 8 -10 -11 -12 -13 13 14 -16 16 -18 -19 19 -21 21 26 23 -25 -26 -27 28 -29 -30 -31
leaf_value=-4.8325251733562659e-06 2.0894611739842305e-05 -1.4691392628457532e-06 9.5086810549813684e-06 -4.2434565603024188e-06 1.5740945445050779e-05 7.684542397857874e-05 -7.730134643627257e-05 6.2826375522173075e-05 3.6060180925019389e-05 -4.381066431366668e-05 0.00039607042500013106 2.6043789716453379e-05 0.00019534017270100143 -4.4181561511798426e-05 -0.0013757549873781043 0.0021177555870525288 -0.00063766725738550296 -0.00037849916103648192 0.002072826788215586 -0.00082650869584895473 0.00016525701205045041 -6.6515527521960883e-05 7.6450831286080372e-07 -0.00059372499727794849 0.0057588609342032219 -0.00055791510779675132 0.0011196188582800032 0.00015626469494141814 -4.7850752126782782e-05 6.5440120510158734e-05
leaf_weight=1636 1305 238 7620 288 994 274 317 352 213 390 273 241 224 203 281 300 263 299 1039 666 1118 46758 1356 940 213 609 1795 1504 17360 10144
leaf_count=1636 1305 238 7620 288 994 274 317 352 213 390 273 241 224 203 281 300 263 299 1039 666 1118 46758 1356 940 213 609 1795 1504 17360 10144
internal_value=-1.23969e-05 0.00925179 -0.000363385 -0.00441389 0.0133621 0.0156202 -0.0028844 0.0111256 0.00731579 -0.00167969 -0.00039185 0.00464876 -0.000236254 -0.00339048 -0.00981595 -0.000494959 0.00364437 -0.00494318 -0.000181724 0.00289474 -0.000240545 -0.000367106 -0.00271634 -0.00441883 -0.00167659 -0.00287817 -0.000238635 -0.000692399 0.000508804 0.00185114
internal_weight=99213 3617 95596 2904 2312 1833 2616 839 565 2299 1909 479 92692 1570 484 1086 563 523 91122 1705 89417 81797 4236 3118 2178 1965 77561 48262 29299 11939
internal_count=99213 3617 95596 2904 2312 1833 2616 839 565 2299 1909 479 92692 1570 484 1086 563 523 91122 1705 89417 81797 4236 3118 2178 1965 77561 48262 29299 11939
is_linear=0
shrinkage=0.03


Tree=240
num_leaves=31
num_cat=0
split_feature=21 16 21 1 10 0 21 8 24 9 12 3 10 21 11 20 24 28 28 4 8 27 27 1 24 16 16 29 11 25
split_gain=347.278 102.803 75.7083 68.2934 25.1899 38.4011 24.6019 23.3219 28.817 29.4244 22.0128 18.0872 16.0949 15.5699 37.0842 33.7293 33.4357 37.0105 50.4638 33.2215 31.4239 54.9351 90.0592 38.706 57.8918 69.6196 34.8227 63.4916 33.2925 30.9629
threshold=13.128333333333336 13.385000000000003 1.7195833333333335 -4.2499999999999991 11.500000000000002 11.355000000000002 14.602916666666671 19.500000000000004 16.550000000000004 2.5000000000000004 0.71500000000000008 1.2113643817462039 8.5000000000000018 7.8366666666666687 6.1450000000000005 3.3850498518614924 5.0500000000000007 958.25000000000011 953.05000000000007 0.68988859057207608 19.500000000000004 0.078456108245891568 -0.078456108245891901 17.850000000000005 10.750000000000002 9.3050000000000015 7.3150000000000004 37.500000000000007 11.375000000000002 2.2609657560600236
decision_type=2 8 2 2 2 2 2 2 2 2 10 2 2 2 8 2 2 2 2 2 2 2 2 2 2 10 8 2 10 2
left_child=2 12 3 -1 5 -3 -6 8 -7 -10 -5 -12 -2 19 15 -15 17 18 -16 -4 26 22 23 -22 25 -25 27 -18 -29 -28
right_child=1 4 13 10 6 7 -8 -9 9 -11 11 -13 -14 14 16 -17 20 -19 -20 -21 21 -23 -24 24 -26 -27 29 28 -30 -31
leaf_value=-3.7818325161608801e-06 -4.8542355635550204e-06 3.1906973508799564e-06 -1.6688881462882354e-05 -2.7342851427732317e-05 1.9393734511509163e-05 2.3996019982361894e-05 1.5361143564871502e-05 1.5357124078244633e-05 1.4957923447586063e-05 1.3004535358027703e-05 4.7817825665611053e-06 -1.5065269300411702e-05 4.4380703433249955e-05 0.0005011903104129101 -0.0026297061171352961 0.0025207237767237334 0.0019190999981888411 -0.0046921232383856388 0.0014694899229510819 -0.001612717489147264 0.0011875872112764379 0.00082648652121380169 -0.001139150317502513 0.0039260920524290081 -0.0030014266137223578 -0.0019161253308902547 -1.3755362639369383e-05 -0.0042572276070451266 -0.00013543370088811622 0.0011555141232246957
leaf_weight=273 653 243 64394 366 244 420 214 201 444 313 673 644 300 2660 344 945 337 259 348 1015 1454 945 819 376 360 225 17837 557 220 1200
leaf_count=273 653 243 64394 366 244 420 214 201 444 313 673 644 300 2660 344 945 337 259 348 1015 1454 945 819 376 360 225 17837 557 220 1200
internal_value=-3.11216e-05 0.00995719 -0.000346264 -0.00618052 0.01369 0.0118635 0.0199568 0.0137961 0.0154061 0.0117717 -0.00389218 -0.00206505 0.00178497 -0.00022492 0.000355128 0.00319945 -5.10164e-05 -0.00555439 -0.00189383 -0.00048109 0.000165194 0.00253107 0.000666872 0.00358264 -0.00108696 0.00460396 -0.000325958 -0.00546917 -0.0101662 -2.3632e-05
internal_weight=99283 3032 96251 1956 2079 1621 458 1378 1177 757 1683 1317 953 94295 28886 3605 25281 951 692 65409 24330 4179 3234 2415 961 601 20151 1114 777 19037
internal_count=99283 3032 96251 1956 2079 1621 458 1378 1177 757 1683 1317 953 94295 28886 3605 25281 951 692 65409 24330 4179 3234 2415 961 601 20151 1114 777 19037
is_linear=0
shrinkage=0.03


Tree=241
num_leaves=31
num_cat=0
split_feature=19 16 21 18 1 10 25 16 12 29 23 26 29 9 23 29 10 8 23 9 25 15 17 1 9 26 11 9 16 25
split_gain=324.156 94.2109 66.3361 51.0455 46.4897 37.4793 37.6249 28.3978 22.665 30.7683 17.2781 17.2572 38.2917 33.9609 30.0032 24.0344 50.6767 32.7091 50.1245 59.4309 51.5719 67.6272 41.149 38.5585 69.9787 35.6799 72.9629 60.8842 47.8172 55.9565
threshold=12.946250000000003 13.385000000000003 1.790416666666667 11.425000000000002 -4.2499999999999991 11.500000000000002 1.3714850367024283 15.235000000000001 12.215000000000002 66.500000000000014 1.5250000000000001 -0.99809679250719896 33.500000000000007 1.5000000000000002 4.8950000000000005 40.500000000000007 1.5000000000000002 13.500000000000002 6.3250000000000011 5.5000000000000009 2.0547407056934355 0.084999999999999534 2.9450000000000007 -1.0499999999999998 3.5000000000000004 -0.13917310096006566 2.4550000000000005 1.5000000000000002 2.4750000000000005 1.3790964742704597
decision_type=2 8 2 8 2 2 2 8 10 2 2 2 2 2 2 2 2 2 2 2 2 10 2 2 2 2 10 2 10 2
left_child=2 -2 4 -3 -1 6 -5 8 -8 -10 -6 12 13 -4 -14 16 -13 22 19 20 25 23 -17 -22 -25 27 -27 -19 -28 -30
right_child=1 3 11 5 10 -7 7 -9 9 -11 -12 15 14 -15 -16 17 -18 18 -20 -21 21 -23 -24 24 -26 26 28 -29 29 -31
leaf_value=-3.9727743090585234e-06 2.8603740468542415e-05 1.3696746921176839e-06 0.0016710456915325275 3.7848865833940427e-05 -8.1109202347841552e-06 1.4900400978571371e-05 -4.4587279477203975e-07 1.5722758755140064e-05 8.7367438586494195e-06 2.626207672542513e-05 -2.2851591966312756e-05 -0.0020224752293779235 0.00010721864527921675 0.00023410682594854335 -0.00081488351487120077 4.8336968747977669e-05 -4.881319998126299e-05 -0.00019906946508778094 -0.00017242671651699568 0.0010657001261210899 -0.00038878937950815814 -0.00064961360132705017 -4.3790093815707067e-05 0.0015022723255569334 -0.00047819728578246424 -6.8089150121385109e-05 0.0035167993890334735 0.00036762744903423924 0.0017438599183066043 0.00024386220425474223
leaf_weight=331 1292 271 550 374 1614 435 262 427 256 252 406 319 1589 903 991 7009 23692 2032 2054 3062 676 2034 36174 1551 841 1322 511 4054 1107 2902
leaf_count=331 1292 271 550 374 1614 435 262 427 256 252 406 319 1589 903 991 7009 23692 2032 2054 3062 676 2034 36174 1551 841 1322 511 4054 1107 2902
internal_value=1.84294e-05 0.0088892 -0.000312758 0.0125548 -0.00528438 0.0142019 0.0119734 0.00930948 0.00580645 0.00947368 -0.00355556 -0.000187303 0.00173105 0.00561728 -0.000464217 -0.000273994 -0.00108553 2.43365e-05 0.000961582 0.00141812 0.000725565 -0.00179753 -0.000456377 0.00101529 0.0028035 0.00180508 0.00347871 0.000197012 0.00529061 0.00417788
internal_weight=99293 3569 95724 2277 2351 2006 1571 1197 770 508 2020 93373 4033 1453 2580 89340 24011 65329 22146 20092 17030 5102 43183 3068 2392 11928 5842 6086 4520 4009
internal_count=99293 3569 95724 2277 2351 2006 1571 1197 770 508 2020 93373 4033 1453 2580 89340 24011 65329 22146 20092 17030 5102 43183 3068 2392 11928 5842 6086 4520 4009
is_linear=0
shrinkage=0.03


Tree=242
num_leaves=31
num_cat=0
split_feature=21 2 21 1 21 27 2 18 29 14 29 1 27 1 1 14 28 8 1 22 17 26 9 29 8 2 9 26 8 17
split_gain=333.174 61.6901 59.2552 53.1931 42.5552 21.4784 26.645 24.3473 22.3605 20.1517 18.3762 17.1391 16.7015 25.306 17.0128 16.6756 17.2622 30.2414 19.7588 36.2254 64.7028 41.8457 62.7788 57.1357 55.5585 40.2137 40.6637 45.0367 38.1345 33.8587
threshold=13.128333333333336 1.1727752030804575 1.790416666666667 -4.2499999999999991 16.283333333333335 -0.27563735581699894 1.1396025323466639 15.635000000000003 31.500000000000004 0.87231492784047948 74.500000000000014 38.45000000000001 -0.21643137258081238 3.8500000000000001 1.4500000000000002 2.9015742423044313 974.05000000000007 9.5000000000000018 -0.34999999999999992 0.1108715915481156 6.785000000000001 0.99140711019144634 1.5000000000000002 79.500000000000014 16.500000000000004 1.2448032254162646 4.5000000000000009 0.99687937417578498 4.5000000000000009 10.785000000000002
decision_type=2 2 2 2 2 2 2 10 2 2 2 2 2 2 2 2 2 2 2 2 2 2 2 2 2 2 2 2 2 2
left_child=2 5 3 -1 12 -2 8 -8 -7 10 -5 15 13 -3 -14 16 18 -18 19 20 -4 -21 24 25 29 26 27 -24 -28 -23
right_child=1 4 11 9 -6 6 7 -9 -10 -11 -12 -13 14 -15 -16 -17 17 -19 -20 21 -22 22 23 -25 -26 -27 28 -29 -30 -31
leaf_value=-3.8535910797867464e-06 0.00032279202833848387 -1.1911510973722228e-06 -7.8669850659805751e-06 -8.3106048741565268e-06 1.4453297228568251e-05 0.00099775209256747102 -1.0558759835895825e-05 1.287703057537226e-05 5.5877600649278932e-05 -3.9756041115373147e-05 0.00019335921518177658 -0.00024975916361564876 1.8364910446804216e-05 1.2414192547943181e-05 1.2200706979048626e-05 0.00085493139350491904 -0.00012560092001319038 0.0005657443935021333 -4.7501830469820479e-06 -0.00032369887270907816 0.00010551702334895591 -0.0017212941410960974 0.00078283804132956542 0.0048458800343835146 0.0013059825613965447 0.0024459742470175796 0.0011221624023424271 -0.00014011325929730201 -0.0022588855044209724 -0.00015517970094142353
leaf_weight=327 292 214 3245 1453 259 237 377 243 369 271 324 353 467 232 325 1772 235 372 73655 9957 972 346 539 340 215 230 267 652 382 357
leaf_count=327 292 214 3245 1453 259 237 377 243 369 271 324 353 467 232 325 1772 235 372 73655 9957 972 346 539 340 215 230 267 652 382 357
internal_value=-4.68353e-05 0.0097649 -0.000354631 -0.00502941 0.0140812 0.00547603 0.00370431 -0.000672 0.00815057 -0.00321481 -0.00203704 -0.000236117 0.0116814 0.00691796 0.0143036 -0.00021103 -0.000266757 0.0047549 -0.000300454 -0.00120637 0.00121506 -0.00197517 0.000936094 0.00347826 -0.00572048 0.00159036 9.7561e-05 0.00338629 -0.00591743 -0.00978814
internal_weight=99279 3015 96264 2375 1497 1518 1226 620 606 2048 1777 93889 1238 446 792 93536 91764 607 91157 17502 4217 13285 3328 2410 918 2070 1840 1191 649 703
internal_count=99279 3015 96264 2375 1497 1518 1226 620 606 2048 1777 93889 1238 446 792 93536 91764 607 91157 17502 4217 13285 3328 2410 918 2070 1840 1191 649 703
is_linear=0
shrinkage=0.03


Tree=243
num_leaves=31
num_cat=0
split_feature=19 16 21 1 11 1 25 26 11 9 7 8 21 0 16 20 1 25 29 1 26 25 9 1 29 6 1 28 8 16
split_gain=322.628 115.916 53.4625 64.3296 38.6698 39.8448 23.4057 21.7861 20.0649 17.7537 18.9647 26.6855 22.9916 19.3953 17.2956 16.5852 28.6767 27.1389 24.989 43.3936 39.3993 38.777 37.2787 35.1773 29.3763 28.2362 28.0086 44.699 26.7673 27.214
threshold=12.946250000000003 13.385000000000003 1.7195833333333335 -4.2499999999999991 10.695000000000002 8.4500000000000011 1.7890482673668517 -0.93038214053199442 13.235000000000001 1.0000000180025095e-35 15.500000000000002 10.500000000000002 1.5433333333333337 0.85500000000000009 14.935 0.91309683629588867 35.550000000000004 2.5045249795249798 31.500000000000004 20.750000000000004 -0.11319890333640036 1.1648145861629009 1.5000000000000002 26.850000000000005 82.500000000000014 1.5000000000000002 -4.0499999999999989 961.05000000000007 6.5000000000000009 8.0550000000000015
decision_type=2 8 2 2 8 2 2 2 10 2 2 2 2 2 10 2 2 2 2 2 2 2 2 2 2 2 2 2 2 10
left_child=2 8 3 -1 6 -6 -3 -7 -2 -5 11 -11 13 -12 15 17 -17 18 21 24 25 22 23 -4 -20 -21 -26 -28 -27 -30
right_child=1 4 14 9 5 7 -8 -9 -10 10 12 -13 -14 -15 -16 16 -18 -19 19 20 -22 -23 -24 -25 26 28 27 -29 29 -31
leaf_value=-3.7379833473931248e-06 5.6046571658420198e-05 -5.4673620277279062e-06 -8.79583873512665e-05 -4.9990807884062892e-05 1.3904551961735345e-05 3.3366907741755324e-05 2.4088626435444513e-05 0.0004201644151451239 -1.5041967945074174e-05 8.5200600942411834e-07 -7.377394530879693e-06 -2.007702010731185e-05 -2.2529729285711513e-05 0.00037915748957492956 8.368159592609558e-05 -1.6089239297749322e-05 -0.00037674756021675062 0.00058489406779280205 6.8756120441456616e-05 -2.958351470062681e-05 0.00012578689652875658 0.00060426520674855295 -8.5291946797437862e-05 0.0010600104964880619 -0.00024145497261979273 -0.00076074685164979916 -0.00039931013318190701 0.00075073334708848779 -0.00013145232120671471 -0.003683498832126699
leaf_weight=266 492 223 246 255 991 630 239 218 814 308 216 273 342 290 264 75890 1143 996 7451 507 798 1886 1562 467 203 361 650 426 658 226
leaf_count=266 492 223 246 255 991 630 239 218 814 308 216 273 342 290 264 75890 1143 996 7451 507 798 1886 1562 467 203 361 650 426 658 226
internal_value=-5.74041e-06 0.00879568 -0.00033797 -0.00524808 0.0128404 0.0147885 0.00501071 0.00991794 0.0016476 -0.00305506 -0.0017364 -0.00588737 0.00112544 0.00516634 -0.000235548 -0.000257395 -0.00044199 0.00060759 0.000297164 -0.000435977 -0.00387476 0.00228277 -0.000355263 0.00530641 0.00057012 -0.00638589 -0.0036215 -0.00166512 -0.008808 -0.00593926
internal_weight=99291 3607 95684 1950 2301 1839 462 848 1306 1684 1429 581 848 506 93734 93470 77033 16437 15441 11280 2550 4161 2275 713 8730 1752 1279 1076 1245 884
internal_count=99291 3607 95684 1950 2301 1839 462 848 1306 1684 1429 581 848 506 93734 93470 77033 16437 15441 11280 2550 4161 2275 713 8730 1752 1279 1076 1245 884
is_linear=0
shrinkage=0.03


Tree=244
num_leaves=31
num_cat=0
split_feature=21 16 21 10 2 25 25 17 14 12 11 8 24 20 2 21 14 14 20 15 18 4 21 8 17 8 2 9 8 13
split_gain=280.159 80.0376 53.7644 46.3266 35.3914 33.718 29.5078 39.8972 30.2688 22.8947 26.3791 29.513 37.924 30.4344 23.6369 22.9294 19.8568 26.1564 34.3922 19.8521 25.6051 24.9542 38.1307 28.8363 37.4687 36.4648 32.4419 30.7577 28.7727 31.1058
threshold=13.128333333333336 13.385000000000003 1.790416666666667 2.5000000000000004 1.2057327565728486 1.5321328810853954 1.4054317475370108 15.685 0.91215861193837311 11.755000000000001 9.2950000000000017 13.500000000000002 15.550000000000002 2.0473295573424468 1.1539321494097075 10.736250000000002 0.87231492784047948 0.22941955743430262 0.44220564173499527 -0.37499999999999994 13.135000000000003 0.23985013671362235 4.797083333333334 17.500000000000004 2.3550000000000004 21.500000000000004 1.1694540695536293 5.5000000000000009 1.5000000000000002 7.205000000000001
decision_type=2 8 2 2 2 2 2 2 2 8 8 2 2 2 2 2 2 2 2 10 10 2 2 2 2 2 2 2 2 2
left_child=2 -2 3 -1 6 -6 -3 -8 -9 19 14 15 13 -13 -11 -12 17 -5 -19 20 21 23 -23 -4 -25 26 -26 -27 29 -24
right_child=1 4 9 16 5 -7 7 8 -10 10 11 12 -14 -15 -16 -17 -18 18 -20 -21 -22 22 28 24 25 27 -28 -29 -30 -31
leaf_value=-3.6376182809592927e-06 1.56337575854526e-05 1.6198804976915725e-05 -3.307554354811238e-05 -2.1603884366327006e-05 1.272710385863407e-05 1.3602653473503422e-05 1.7088690641765545e-05 -1.4212798719270836e-05 1.1489712425856169e-05 0.00095846903759012837 -0.002536306529091903 -8.8514025517204547e-05 -0.0012929404562782442 0.0017509850736236454 0.0034125777806369934 0.0002370207513630318 -4.2098796752336859e-05 -2.6791890641952779e-05 3.3864502234993156e-05 1.9507690530827516e-06 0.00026158545592076419 -0.0009221867355703302 0.0040151077755251566 -0.00012280115740782535 0.000454174497146501 -0.00019761349591927428 0.0015898742738856312 0.0023345114577167946 -0.00041293121590694977 -5.0131120837478836e-05
leaf_weight=382 959 475 14078 488 228 381 479 231 249 387 213 448 479 251 220 800 264 270 958 60039 235 246 372 714 1554 1432 1022 261 10415 618
leaf_count=382 959 475 14078 488 228 381 479 231 249 387 213 448 479 251 220 800 264 270 958 60039 235 246 372 714 1554 1432 1022 261 10415 618
internal_value=-1.81538e-05 0.008999 -0.000300153 -0.00476553 0.0123486 0.0184202 0.00971508 0.00662863 0.000494845 -0.000187442 0.00248305 0.000942623 -0.00228233 0.0021733 0.0079902 0.00468566 -0.00290176 -0.00170831 0.000632603 -0.000269697 -0.000886857 -0.000962985 -0.00205645 -0.000294241 0.001666 0.00273046 0.00497482 -0.000689046 -0.00180105 0.00307538
internal_weight=99148 3002 96146 2362 2043 609 1434 959 480 93784 2798 2191 1178 699 607 1013 1980 1716 1228 90986 30947 30712 11651 19061 4983 4269 2576 1693 11405 990
internal_count=99148 3002 96146 2362 2043 609 1434 959 480 93784 2798 2191 1178 699 607 1013 1980 1716 1228 90986 30947 30712 11651 19061 4983 4269 2576 1693 11405 990
is_linear=0
shrinkage=0.03


Tree=245
num_leaves=31
num_cat=0
split_feature=19 1 22 1 19 29 27 20 25 10 5 12 25 28 25 12 10 28 26 1 26 11 1 14 1 23 29 27 22 1
split_gain=310.209 64.683 48.2408 60.0823 33.6307 28.7347 29.6705 26.9676 34.5147 20.082 18.7745 16.0192 17.6221 15.2473 26.8461 14.2468 27.449 40.7096 61.3742 34.4847 32.4008 23.6109 20.1556 19.6505 18.489 17.5158 85.5492 42.5579 36.5563 32.2518
threshold=12.946250000000003 8.4500000000000011 0.023893766649480622 -6.7499999999999991 15.558750000000002 32.500000000000007 -0.27563735581699894 2.3424586442411797 1.5937171052631582 9.5000000000000018 0.045657830009323226 13.475000000000003 1.4328447689609509 975.35000000000002 1.708599114289197 11.265000000000002 10.500000000000002 953.45000000000016 -0.94260559819261247 23.250000000000004 -0.96359376111369355 12.075000000000001 25.850000000000005 1.1905040949110479 17.250000000000004 6.3250000000000011 33.500000000000007 0.13052122218260662 0.53384524370765818 18.650000000000002
decision_type=2 2 2 2 2 2 2 2 2 2 2 10 2 2 2 8 2 2 2 2 2 10 2 2 2 2 2 2 2 2
left_child=2 4 3 -1 7 -3 -7 -2 -9 -6 -5 12 -8 15 -15 25 17 19 -19 20 24 -22 -21 -24 -17 -4 27 28 -27 -29
right_child=1 5 13 10 9 6 11 8 -10 -11 -12 -13 -14 14 -16 16 -18 18 -20 22 21 -23 23 -25 -26 26 -28 29 -30 -31
leaf_value=-2.8911856210328719e-06 1.3287672089438151e-05 0.0002550759510242484 -7.4465205553794156e-06 -9.3481316531061373e-06 1.09315850615177e-05 0.0004034976676798352 1.093403331938747e-05 -0.00015499880108803987 1.8166036417835983e-05 1.3079335798679148e-05 0.0011455492405146506 3.0318897982952174e-05 -0.0004072662674548033 0.0018655401101483704 -6.7915805346666636e-05 0.00054869181508715166 0.00018212648299836487 -0.001289759571682476 8.1509042900482776e-05 -0.0020692301160498273 0.00062846328821427602 -0.0012478790524785227 0.0011647416681726719 -0.0014386406721372934 0.0022821629070527492 -0.0011382640079409499 -0.00025340403215221019 -0.00029237976439696055 0.0005556973374809082 1.9361299960564125e-05
leaf_weight=205 768 411 81178 2469 203 318 203 233 354 205 235 606 269 243 216 368 459 641 217 299 335 206 252 294 339 217 4457 291 1192 1542
leaf_count=205 768 411 81178 2469 203 318 203 233 354 205 235 606 269 243 216 368 459 641 217 299 335 206 252 294 339 217 4457 291 1192 1542
internal_value=1.72327e-05 0.00869371 -0.000307025 -0.00410776 0.0127771 0.00468543 0.00261242 0.0104338 0.00552365 0.020339 -0.00290144 0.000221607 -0.00389937 -0.000187599 0.00523707 -0.000214862 0.00168668 0.00061908 -0.00486674 0.00287417 0.00603352 0.000494505 -0.0018 0.00163339 0.0102388 -0.00028791 -0.00165498 0.00205112 0.00596181 -0.000963003
internal_weight=99225 3570 95655 2909 1763 1807 1396 1355 587 408 2704 1078 472 92746 459 92287 3410 2951 858 2093 1248 541 845 546 707 88877 7699 3242 1409 1833
internal_count=99225 3570 95655 2909 1763 1807 1396 1355 587 408 2704 1078 472 92746 459 92287 3410 2951 858 2093 1248 541 845 546 707 88877 7699 3242 1409 1833
is_linear=0
shrinkage=0.03


Tree=246
num_leaves=31
num_cat=0
split_feature=19 2 9 19 2 29 27 19 5 8 6 4 2 25 28 29 25 28 26 9 1 20 2 23 19 29 13 24 27 28
split_gain=263.884 63.1735 80.7235 37.4601 40.076 34.118 34.8644 32.1633 24.5356 19.8063 39.2154 28.0517 19.5195 26.95 17.909 50.9912 35.846 54.387 70.1852 76.1139 55.0315 50.3801 48.2433 40.9314 59.4809 39.1451 41.7217 40.4633 43.2033 38.027
threshold=12.946250000000003 1.1736084359593588 5.5000000000000009 1.652916666666667 1.2382712739982793 31.500000000000004 -0.30069434954884217 16.596250000000001 0.9882599506317874 10.500000000000002 2.5000000000000004 0.019625666835915982 1.1467225763640514 1.4054317475370108 960.1500000000002 42.500000000000007 2.2091206179441478 963.6500000000002 0.78257835753184668 3.5000000000000004 -3.4499999999999997 2.4901062555058329 1.2154921835164567 3.8150000000000004 11.148750000000001 57.500000000000007 8.5650000000000031 8.0500000000000025 0.11319890333640049 967.1500000000002
decision_type=2 2 2 2 2 2 2 2 2 2 2 2 2 2 2 2 2 2 2 2 2 2 2 2 2 2 2 2 2 2
left_child=3 2 5 4 9 -2 -7 -3 12 11 -11 -1 13 -8 -5 -16 17 23 19 22 29 -22 -19 -17 -25 -20 27 28 -27 -21
right_child=1 7 -4 14 -6 6 8 -9 -10 10 -12 -13 -14 -15 15 16 -18 18 25 20 21 -23 -24 24 -26 26 -28 -29 -30 -31
leaf_value=-2.9330391133171474e-05 0.00064370365537092628 1.2690713137401e-05 -0.00062940170709177123 -2.2157617242433649e-05 -3.2567819150149459e-06 0.00046250859989103164 3.9537528721902412e-05 1.2672790253900334e-05 4.7889151952663629e-05 -2.3497020234297601e-05 8.3139270501027872e-05 2.6066661795861677e-05 1.9281427402536577e-05 -0.0040349553847721627 -0.00014590690650824188 0.00014535168552239796 -5.7825591461462682e-05 -0.00053233047242901141 0.00014076374754878716 -0.00011916428470659738 0.00084673304683193971 -0.00024574680076344939 -7.2302265539873428e-05 0.0015179573063130536 -5.514245829693953e-05 0.0013633375673770191 -0.00011252762013602257 0.0015862701374149755 -8.2266601784922622e-05 0.00024204405252471232
leaf_weight=297 305 1493 215 73241 213 207 200 227 208 1011 262 981 397 293 1033 5787 2848 792 584 370 778 218 1065 2303 373 710 519 305 1523 210
leaf_count=297 305 1493 215 73241 213 207 200 227 208 1011 262 981 397 293 1033 5787 2848 792 584 370 778 218 1065 2303 373 710 519 305 1523 210
internal_value=-1.15183e-05 0.00801972 0.00411475 -0.000310286 -0.00374865 0.00642724 0.00428244 0.0121391 0.00212149 -0.00268779 -0.00532864 -4.67654e-05 -6.70391e-05 -0.00403614 -0.000207524 0.000602379 0.000967374 0.00153455 -0.000406837 -0.00348168 0.00136622 0.00563437 -0.00758861 0.00315659 0.00622156 0.00249314 0.00112671 0.00271333 0.00130027 -0.00594872
internal_weight=98968 3545 1825 95423 2764 1610 1305 1720 1098 2551 1273 1278 890 493 92659 19418 18385 15537 7074 3433 1576 996 1857 8463 2676 3641 3057 2538 2233 580
internal_count=98968 3545 1825 95423 2764 1610 1305 1720 1098 2551 1273 1278 890 493 92659 19418 18385 15537 7074 3433 1576 996 1857 8463 2676 3641 3057 2538 2233 580
is_linear=0
shrinkage=0.03


Tree=247
num_leaves=31
num_cat=0
split_feature=19 21 1 21 10 9 29 27 5 1 14 8 12 10 28 27 1 26 24 29 10 22 23 29 9 21 22 1 29 9
split_gain=267.782 82.2534 57.0726 51.442 39.675 35.0505 29.3694 31.8159 23.5764 24.9405 22.4944 27.1623 19.0035 33.738 33.6595 33.1435 30.2449 25.0809 17.7453 39.1595 30.9931 36.8362 23.1969 42.6166 56.9824 38.2262 41.0253 27.3142 25.6747 77.7751
threshold=12.946250000000003 1.790416666666667 8.4500000000000011 15.250416666666668 4.5000000000000009 5.5000000000000009 32.500000000000007 -0.30069434954884217 0.9882599506317874 14.850000000000003 0.23388031127052769 10.500000000000002 11.755000000000001 10.500000000000002 952.85000000000002 0.1218693434051476 23.250000000000004 -0.97625883275952019 14.050000000000002 74.500000000000014 8.5000000000000018 0.77616093000847075 5.9650000000000007 23.500000000000004 4.5000000000000009 11.915833333333333 0.92719254201897139 22.350000000000005 19.500000000000004 3.5000000000000004
decision_type=2 2 2 2 2 2 2 2 2 2 2 2 8 2 2 2 2 2 2 2 2 2 2 2 2 2 2 2 2 2
left_child=1 4 3 -2 -1 6 -4 -8 9 -9 -6 -12 18 14 15 16 -14 -16 22 20 21 -20 28 24 27 26 -25 -24 29 -3
right_child=2 12 5 -5 10 -7 7 8 -10 -11 11 -13 13 -15 17 -17 -18 -19 19 -21 -22 -23 23 25 -26 -27 -28 -29 -30 -31
leaf_value=-5.1301781046401289e-06 1.2463514543262777e-05 5.8940691356264238e-05 0.00042082807028806957 1.2292606546284722e-05 -2.5222507230713408e-05 -0.00026671779251748461 0.00054923452855559047 2.2176675380872755e-05 4.3961040681503855e-05 -0.00017565606506206422 4.1434473718747284e-05 -2.295549754292022e-05 0.00097161897391672802 0.00024312126639831953 -0.0015422069954550499 -0.0013948167234559016 -1.6442412428917667e-05 1.0278350748161302e-05 0.0036405527660853631 -0.00079072559139946373 0.00028803008256016117 -2.1517840633764605e-05 0.00038729101616927328 -0.00027436487166390412 -0.0019614915320913745 3.5607313547993958e-05 -0.0005581643624990362 0.00068604453034805998 8.7227861561846654e-07 -0.00038825170103097794
leaf_weight=788 1326 2174 330 444 406 223 208 386 207 472 611 547 819 305 298 205 530 358 213 282 649 905 234 6284 400 448 370 1046 76024 1551
leaf_count=788 1326 2174 330 444 406 223 208 386 207 472 611 547 819 305 298 205 530 358 213 282 649 905 234 6284 400 448 370 1046 76024 1551
internal_value=3.36201e-05 -0.00026935 0.00806443 0.0118986 -0.00580399 0.00432551 0.00587687 0.00377934 0.00165421 -0.000556199 -0.00302103 -0.000877042 -0.000129216 0.00244048 0.0011377 0.00354073 0.00525111 -0.00453858 -0.000200695 0.00255599 0.00421558 0.00117542 -0.000264638 -0.00172755 0.0025638 -0.00274377 -0.00331581 0.00564981 -0.000103443 -0.00253351
internal_weight=99043 95447 3596 1770 2352 1826 1603 1273 1065 858 1564 1158 93095 2515 2210 1554 1349 656 90580 2049 1767 1118 88531 8782 1680 7102 6654 1280 79749 3725
internal_count=99043 95447 3596 1770 2352 1826 1603 1273 1065 858 1564 1158 93095 2515 2210 1554 1349 656 90580 2049 1767 1118 88531 8782 1680 7102 6654 1280 79749 3725
is_linear=0
shrinkage=0.03


end of trees

feature_importances:
wind_ecmwf=748
ens_mean3=733
pres=720
month=522
temp_fc=498
shear=477
wdir_sin=423
rh=413
hour=335
wind_fc_next=288
air_density=250
day_of_week=224
wdir_cos=209
gust=206
level1_ens=170
wind_gfs=160
wind10=156
wind_fc_std3=147
ens_std=147
wind_fc_prev=126
ens_mean=93
wind_fc_ramp=89
level1_mean3=79
wind_icon=59
wind_fc_mean3=46
wind_corrected=33
wind_fc=32
run_day=22
level1=19
lead_hours=16

parameters:
[boosting: gbdt]
[objective: regression_l1]
[metric: l1]
[tree_learner: serial]
[device_type: cpu]
[data_sample_strategy: bagging]
[data: ]
[valid: ]
[num_iterations: 248]
[learning_rate: 0.03]
[num_leaves: 31]
[num_threads: 0]
[seed: 42]
[deterministic: 0]
[force_col_wise: 0]
[force_row_wise: 0]
[histogram_pool_size: -1]
[max_depth: -1]
[min_data_in_leaf: 200]
[min_sum_hessian_in_leaf: 0.001]
[bagging_fraction: 0.8]
[pos_bagging_fraction: 1]
[neg_bagging_fraction: 1]
[bagging_freq: 1]
[bagging_seed: 400]
[bagging_by_query: 0]
[feature_fraction: 0.8]
[feature_fraction_bynode: 1]
[feature_fraction_seed: 30056]
[extra_trees: 0]
[extra_seed: 12879]
[early_stopping_round: 0]
[early_stopping_min_delta: 0]
[first_metric_only: 0]
[max_delta_step: 0]
[lambda_l1: 0]
[lambda_l2: 5]
[linear_lambda: 0]
[min_gain_to_split: 0]
[drop_rate: 0.1]
[max_drop: 50]
[skip_drop: 0.5]
[xgboost_dart_mode: 0]
[uniform_drop: 0]
[drop_seed: 17869]
[top_rate: 0.2]
[other_rate: 0.1]
[min_data_per_group: 100]
[max_cat_threshold: 32]
[cat_l2: 10]
[cat_smooth: 10]
[max_cat_to_onehot: 4]
[top_k: 20]
[monotone_constraints: ]
[monotone_constraints_method: basic]
[monotone_penalty: 0]
[feature_contri: ]
[forcedsplits_filename: ]
[refit_decay_rate: 0.9]
[cegb_tradeoff: 1]
[cegb_penalty_split: 0]
[cegb_penalty_feature_lazy: ]
[cegb_penalty_feature_coupled: ]
[path_smooth: 0]
[interaction_constraints: ]
[verbosity: -1]
[saved_feature_importance_type: 0]
[use_quantized_grad: 0]
[num_grad_quant_bins: 4]
[quant_train_renew_leaf: 0]
[stochastic_rounding: 1]
[linear_tree: 0]
[max_bin: 255]
[max_bin_by_feature: ]
[min_data_in_bin: 3]
[bin_construct_sample_cnt: 200000]
[data_random_seed: 175]
[is_enable_sparse: 1]
[enable_bundle: 1]
[use_missing: 1]
[zero_as_missing: 0]
[feature_pre_filter: 1]
[pre_partition: 0]
[two_round: 0]
[header: 0]
[label_column: ]
[weight_column: ]
[group_column: ]
[ignore_column: ]
[categorical_feature: ]
[forcedbins_filename: ]
[precise_float_parser: 0]
[parser_config_file: ]
[objective_seed: 16083]
[num_class: 1]
[is_unbalance: 0]
[scale_pos_weight: 1]
[sigmoid: 1]
[boost_from_average: 1]
[reg_sqrt: 0]
[alpha: 0.9]
[fair_c: 1]
[poisson_max_delta_step: 0.7]
[tweedie_variance_power: 1.5]
[lambdarank_truncation_level: 30]
[lambdarank_norm: 1]
[label_gain: ]
[lambdarank_position_bias_regularization: 0]
[eval_at: ]
[multi_error_top_k: 1]
[auc_mu_weights: ]
[num_machines: 1]
[local_listen_port: 12400]
[time_out: 120]
[machine_list_filename: ]
[machines: ]
[gpu_platform_id: -1]
[gpu_device_id: -1]
[gpu_device_id_list: ]
[gpu_use_dp: 0]
[num_gpu: 1]

end of parameters

pandas_categorical:[]
