tree
version=v4
num_class=1
num_tree_per_iteration=1
label_index=0
max_feature_idx=29
objective=regression_l1
feature_names=wind_fc temp_fc air_density wind_corrected level1 level1_mean3 run_day lead_hours hour day_of_week month wind_fc_prev wind_fc_next wind_fc_mean3 wind_fc_std3 wind_fc_ramp wind_ecmwf wind_gfs wind_icon ens_mean ens_std ens_mean3 level1_ens wind10 gust shear wdir_sin wdir_cos pres rh
feature_infos=[0:30.829999999999998] [-19.300000000000001:41.299999999999997] [1.0506305113682595:1.3014408678343479] [0:30.706783828921424] [0:0.97500000000000009] [0:0.97500000000000009] [1:3] [1:48] [0:23] [0:6] [1:12] [0:30.829999999999998] [0:30.829999999999998] [0.18666666666666668:24.046666666666667] [0:14.58383465804976] [-14.110000000000001:26.369999999999997] [0:21.039999999999999] [0:27.48] [0:30.829999999999998] [0.38500000000000001:21.884999999999998] [0:13.117779283603355] [0.65750000000000008:21.386666666666667] [0.018333333333333333:0.97500000000000009] [0:21.600000000000001] [0.40000000000000002:35.899999999999999] [0:14.640000000000001] [-1:1] [-1:1] [935.60000000000002:985.89999999999998] [5:100]
tree_sizes=2861 3000 2997 3037 3023 3024 3004 3015 3015 3018 3020 3009 3018 3007 3017 3025 3009 3011 3020 3035 3020 3014 3020 3031 2999 2990 3017 3017 3023 3033 3020 2997 3008 3031 3002 3026 3029 3040 3021 3026 3036 3022 3027 3004 3020 3033 3004 3031 3015 3023 3024 3026 3017 3041 3041 2999 3013 3045 3021 3017 3032 3019 3025 3030 3020 3011 3015 3033 3009 3031 3016 3025 3044 3038 3026 3029 3003 3038 3048 3012 3048 3008 3038 3029 3039 3042 3040 3035 3053 3037 3041 3064 3047 3046 3031 3033 3032 3024 3037 3014 3060 3022 3041 3040 3046 3044 3016 3037 3049 3066 3035 3039 3043 3061 3032 3030 3054 3028 3025 3043 3057 3023 3054 3007 3054 3035 3020 3037 3043 3040 3040 3014 3028 3049 3012 3048 3049 3019 3030 3042 3044 3028 3040 3054 3057 3067 3049 3057 3026 3007 3032 3058 3016 3010 3029 3061 3040 3039 3010 3052 3040 3037 3038 3027 3055 3014 3016 3022 3016 3044 3059 3055 2988 3024 3058 3012 3031 3038 3003 3032 3036 3002 2999 2997 3023 2996 3004 3036 2997 2998 3043 3031 3042 3047 3017 3008 3014 3019 3009 3025 3037 3046 2990 3017 3002 3031 3026 3014 3037 3035 2994 3023 3026 3024 3002 3015 3019 2971 3015 3027 2958 3011 2955 2951 3021 3003 3018 3025 3000 3005 2977 3013 3012 3002

Tree=0
num_leaves=31
num_cat=0
split_feature=19 19 19 16 19 19 19 12 8 10 25 16 10 28 28 25 11 25 25 16 10 12 20 20 16 12 2 25 12 10
split_gain=32470.3 2917.26 2773.37 405.847 368.131 311.905 308.883 307.128 148.924 160.722 145.921 142.304 136.703 133.265 108.168 107.926 102.451 101.726 94.688 88.0199 77.2726 105.446 71.9834 69.2136 67.6217 66.9758 65.9442 64.8289 61.7676 58.856
threshold=6.5462500000000015 4.6029166666666672 8.3062500000000039 6.3650000000000011 5.6762500000000014 9.4062500000000018 7.498750000000002 4.1350000000000007 12.500000000000002 2.5000000000000004 2.3765469824293359 7.455000000000001 1.5000000000000002 951.75000000000011 952.45000000000016 1.3334682860998652 6.4150000000000009 2.7764340518816222 1.2039427418757869 7.6950000000000012 8.5000000000000018 6.9650000000000007 1.9346145170799935 3.5810537321370961 6.7150000000000007 5.3950000000000005 1.2281441476346777 2.3625935817170878 6.1750000000000007 5.5000000000000009
decision_type=2 2 2 10 2 2 2 8 2 2 2 8 2 2 2 2 10 2 2 8 2 10 2 2 8 10 2 2 8 2
left_child=1 3 6 7 11 17 8 13 9 16 24 14 26 22 23 -14 -2 19 -11 -4 21 -7 -1 -3 -8 -16 -6 -13 -9 -23
right_child=2 4 5 -5 12 20 10 28 -10 18 -12 27 15 -15 25 -17 -18 -19 -20 -21 -22 29 -24 -25 -26 -27 -28 -29 -30 -31
leaf_value=0.2111166685819626 0.21196666855365037 0.21381666868925095 0.22306666880846024 0.21351666852831841 0.21466666877269744 0.22626666933298112 0.22104166850447654 0.21201666861772536 0.21996666818857194 0.22336666852235795 0.21839166879653932 0.2159666684269905 0.2180666682124138 0.21051666859537363 0.2123166685551405 0.21576666861772537 0.21881666839122771 0.21616666868329049 0.21781666845083236 0.22921666830778123 0.23871666818857193 0.2385166683793068 0.21166666861623526 0.21861666858196258 0.2243666684627533 0.21411666840314866 0.21136666856706143 0.21281666852533818 0.21361666865646839 0.23191666930913926
leaf_weight=9893 596 4870 1023 2985 583 734 874 5048 4973 694 1228 2199 2826 15345 3587 6495 203 209 3749 8312 8471 8711 2656 359 6289 1037 374 398 997 1754
leaf_count=9893 596 4870 1023 2985 583 734 874 5048 4973 694 1228 2199 2826 15345 3587 6495 203 209 3749 8312 8471 8711 2656 359 6289 1037 374 398 997 1754
internal_value=0.216656 0.201893 0.235073 0.196688 0.210351 0.240838 0.226016 0.195755 0.222508 0.218977 0.23028 0.206883 0.214554 0.194424 0.205236 0.215666 0.206629 0.236362 0.221206 0.236825 0.243004 0.241322 0.196744 0.208207 0.231918 0.20189 0.203787 0.213139 0.20191 0.242096
internal_weight=107472 59652 47820 36924 22728 29214 18606 33939 10215 5242 8391 12450 10278 27894 9853 9321 799 9544 4443 9335 19670 11199 12549 5229 7163 4624 957 2597 6045 10465
internal_count=107472 59652 47820 36924 22728 29214 18606 33939 10215 5242 8391 12450 10278 27894 9853 9321 799 9544 4443 9335 19670 11199 12549 5229 7163 4624 957 2597 6045 10465
is_linear=0
shrinkage=1


Tree=1
num_leaves=31
num_cat=0
split_feature=21 21 21 21 21 21 21 25 16 8 16 10 13 25 28 25 10 25 9 15 10 10 29 8 10 12 16 26 16 0
split_gain=31925.8 3522.94 2514.57 436.167 368.9 256.415 253.691 166.004 149.625 145.065 142.705 108.975 129.1 106.815 95.9294 93.3375 89.0245 83.5376 77.3802 65.2809 65.2401 87.803 74.9808 70.2805 64.9808 93.8487 62.709 60.4697 70.7224 59.9622
threshold=6.6320833333333349 4.5029166666666676 8.377083333333335 5.4137500000000012 3.1662500000000002 9.3662500000000026 7.295416666666668 1.4257619121287131 8.0150000000000023 10.500000000000002 6.3650000000000011 2.5000000000000004 4.9716666666666676 2.6990516001438336 951.55000000000007 2.5851829268292685 2.5000000000000004 2.6990516001438336 4.5000000000000009 0.70000000000000073 4.5000000000000009 6.5000000000000009 38.500000000000007 12.500000000000002 8.5000000000000018 7.3450000000000006 3.7250000000000005 0.85260769842926931 6.0250000000000012 10.265000000000002
decision_type=2 2 2 2 2 2 2 2 8 2 8 2 2 2 2 2 2 2 2 10 2 2 2 2 2 10 10 2 8 2
left_child=1 4 6 8 -1 17 11 20 14 13 16 12 -2 -8 -3 26 -6 29 -10 27 22 -22 -5 -24 25 -7 -13 28 -9 -4
right_child=2 3 5 7 10 24 9 19 18 -11 -12 15 -14 -15 -16 -17 -18 -19 -20 -21 21 -23 23 -25 -26 -27 -28 -29 -30 -31
leaf_value=-0.0058835000675171618 -0.0047840000499039881 -0.0028229999631643292 0.012223499616980552 -0.0047990000858902935 -0.0060155000645667313 0.010873499116301536 0.0052482503056526181 -0.0026145001083612441 -0.0017790000647306438 0.0068598746158182611 -0.0034055000111460686 -0.0023490000754594806 0.0020682497486472131 -0.0017517501711845401 -0.0038195000298321246 -0.0022595001071691509 -0.0049105001002550117 0.0012649997010827064 0.0010209999471902851 0.00012699990570545216 0.0031579996436834333 0.00037700011432170884 -0.0030900001287460324 0.0014804996095597741 0.02143849950134754 0.020794500115513804 0.0036510000139474866 -0.0025645001560449599 -0.00017300025522708873 0.0077012498527765259
leaf_weight=17511 472 4814 7605 401 1772 1045 4545 1663 997 6468 2879 255 596 394 4827 454 13297 234 499 1693 1105 2567 378 491 8449 9988 5462 3599 2577 570
leaf_count=17511 472 4814 7605 401 1772 1045 4545 1663 997 6468 2879 255 596 394 4827 454 13297 234 499 1693 1105 2567 378 491 8449 9988 5462 3599 2577 570
internal_value=-2.59265e-05 -0.01429 0.0186921 -0.00581004 -0.0204131 0.0243938 0.0101592 -0.00237447 -0.0102719 0.0129469 -0.0173787 0.00576063 -0.00307549 0.00905947 -0.0116411 0.00729113 -0.0185505 0.0199845 -0.00143904 -0.00468701 0.00208611 0.00411205 -0.00376471 0.00120137 0.0262914 0.0247246 0.008331 -0.00584013 -0.00340636 0.0204902
internal_weight=107607 61070 46537 25611 35459 27891 18646 14474 11137 11407 17948 7239 1068 4939 9641 6171 15069 8409 1496 9532 4942 3672 1270 869 19482 11033 5717 7839 4240 8175
internal_count=107607 61070 46537 25611 35459 27891 18646 14474 11137 11407 17948 7239 1068 4939 9641 6171 15069 8409 1496 9532 4942 3672 1270 869 19482 11033 5717 7839 4240 8175
is_linear=0
shrinkage=0.03


Tree=2
num_leaves=31
num_cat=0
split_feature=21 21 21 21 21 21 8 16 25 1 10 16 25 21 10 19 11 25 29 9 11 12 9 10 25 16 25 23 12 16
split_gain=30953.2 3392 2467.71 499.987 289.026 275.692 239.557 210.572 151.975 135.279 123.375 118.626 115.212 110.151 115.339 106.37 96.3821 84.3363 78.7574 78.6085 77.9333 75.6557 73.7884 72.6613 160.337 72.185 66.4758 62.2562 62.1516 69.6822
threshold=6.6320833333333349 4.7437500000000004 8.377083333333335 3.1662500000000002 5.5537500000000017 9.3662500000000026 11.500000000000002 6.1750000000000007 2.6058031150399907 -1.6499999999999997 2.5000000000000004 8.5350000000000019 1.4047921198936431 7.4952777777777788 2.5000000000000004 7.2312500000000011 6.285000000000001 2.6990516001438336 61.500000000000007 1.5000000000000002 3.0450000000000004 5.1750000000000007 4.5000000000000009 2.5000000000000004 2.0996092259315238 9.7750000000000004 1.3075965351026952 4.8250000000000011 5.4250000000000007 6.7150000000000007
decision_type=2 2 2 2 2 2 2 8 2 2 2 8 2 2 2 2 10 2 2 2 10 10 2 2 2 8 2 2 10 8
left_child=1 3 6 -1 11 17 8 10 13 19 -5 20 -11 14 16 -8 -2 -4 -10 -6 -3 -12 -13 24 -7 -25 -16 -28 -17 -30
right_child=2 4 5 7 9 23 15 -9 18 12 21 22 -14 -15 26 28 -18 -19 -20 -21 -22 -23 -24 25 -26 -27 27 -29 29 -31
leaf_value=-0.0056889950658939774 -0.0045654800640530886 -0.0012939149097874762 0.011606794866889715 -0.0058350350626297292 -0.0043140651238560684 0.020670664635211229 0.0032414702996313564 -0.0030798100319802766 -0.0038994474810361865 0.0010741899358928202 -0.0047861850484907627 -0.001575630205839872 -0.00088431003811955419 0.0056365521150827406 0.007105970244079828 0.0044914700016081329 0.0023289521529078483 0.0010270499007850884 0.0018332850808203223 -0.0013848099541962141 -0.0031089149737134583 -0.0036131850763857359 0.0018403700322210789 0.013868664130479097 0.0040532301544547074 0.020895344420939686 0.0022059695526659485 -0.0030179888247102498 0.0043129538017585871 0.007063203767247497
leaf_weight=17561 453 1505 8123 2065 538 2289 3167 4003 525 3918 12858 723 7083 3972 548 1298 200 228 333 1211 7200 2170 384 2529 606 14091 2569 230 919 4379
leaf_count=17561 453 1505 8123 2065 538 2289 3167 4003 525 3918 12858 723 7083 3972 548 1298 200 228 333 1211 7200 2170 384 2529 606 14091 2569 230 919 4379
internal_value=-0.000207832 -0.0142194 0.0182548 -0.0196138 -0.00497452 0.0239023 0.00978654 -0.0164921 0.00620034 -0.00199451 -0.0179442 -0.00884384 -0.000760494 0.00749154 0.00397004 0.0130252 -0.0075228 0.0193119 -0.00577057 -0.00973204 -0.0100195 -0.0169866 0.000404676 0.0258612 0.0213621 0.0266382 0.00622017 0.0043331 0.0151977 0.0166434
internal_weight=107678 61219 46459 38657 22562 27866 18593 21096 8830 12750 17093 9812 11001 7972 4000 9763 653 8351 858 1749 8705 15028 1107 19515 2895 16620 3347 2799 6596 5298
internal_count=107678 61219 46459 38657 22562 27866 18593 21096 8830 12750 17093 9812 11001 7972 4000 9763 653 8351 858 1749 8705 15028 1107 19515 2895 16620 3347 2799 6596 5298
is_linear=0
shrinkage=0.03


Tree=3
num_leaves=31
num_cat=0
split_feature=5 16 16 13 5 16 16 17 17 17 17 24 17 24 16 17 28 16 16 1 17 16 24 12 12 10 12 9 25 8
split_gain=24933.2 3964.78 3145.2 1220.51 652.721 453.93 442.001 427.848 320.835 285.937 270.032 215.77 191.11 188.991 183.245 140.464 135.762 126.249 116.948 102.697 99.1335 95.6486 137.41 93.6637 86.0606 99.6216 85.5403 82.3426 80.2656 78.0873
threshold=0.22457692910830102 7.3450000000000006 6.1750000000000007 6.906666666666669 0.0917811646888715 9.7350000000000012 8.7650000000000023 5.1550000000000011 7.4050000000000011 6.2250000000000005 9.1850000000000005 3.7500000000000004 5.9150000000000009 3.7500000000000004 5.0550000000000006 5.705000000000001 951.75000000000011 1.0000000180025095e-35 10.605000000000002 -1.0000000180025095e-35 5.9650000000000007 10.205000000000002 6.2500000000000009 6.995000000000001 4.9150000000000009 3.5000000000000004 3.2650000000000001 1.0000000180025095e-35 2.6058031150399907 10.500000000000002
decision_type=2 8 10 2 2 10 10 2 2 2 2 2 2 2 10 2 2 10 10 2 2 8 2 10 10 2 10 2 2 2
left_child=2 7 4 8 10 12 11 23 -3 -6 16 -4 -5 18 -9 -13 20 -11 -8 -16 -1 22 -10 -2 25 -17 -18 -21 -15 -19
right_child=1 3 6 5 9 -7 13 14 21 17 -12 15 -14 28 19 24 26 29 -20 27 -22 -23 -24 -25 -26 -27 -28 -29 -30 -31
leaf_value=-0.0050863252235731106 -0.0034155310433268923 0.00092629040743499923 -0.0033418982456355725 0.0033906071564689276 -0.004118325180017016 0.019918484422097503 -0.0019075028051510454 -0.00078254254337020213 0.0020917079595038292 0.0036551293712550389 -0.0032168495156326888 -0.0023912805887988204 0.010651306712476685 0.0042154881365743082 -0.0018489875034874677 -0.0033621224833334236 -0.0056183252023687576 -0.0038105916471428045 0.0048505876751308141 0.0060784595837527506 -0.0040090994474002717 0.010628458820813298 0.0081035572870058557 -0.00055204019046485445 0.0020897905137696863 0.00015872596223741791 -0.0048183251829972485 0.003095549054197557 -0.0018369461127349732 -0.00098553572403699166
leaf_weight=9857 2606 2667 4770 1425 7241 19095 1876 2527 2217 298 1542 2012 7217 2844 424 848 12362 1450 370 959 2291 3139 2432 1859 1479 2197 3055 4542 244 1689
leaf_count=9857 2606 2667 4770 1425 7241 19095 1876 2527 2217 298 1542 2012 7217 2844 424 848 12362 1450 370 959 2291 3139 2432 1859 1479 2197 3055 4542 244 1689
internal_value=-0.000208111 0.0149695 -0.0139559 0.0198283 -0.0185361 0.0231213 -0.0030027 0.0006013 0.0110851 -0.012182 -0.0208646 -0.00636018 0.0173956 0.00411313 0.004569 -0.00281608 -0.0215484 -0.00504648 -0.00250555 0.00745194 -0.0191508 0.0141589 0.0114031 -0.00690604 0.000119232 -0.00276393 -0.0234308 0.00854886 0.00892338 -0.00682252
internal_weight=107534 51109 56425 38192 39785 27737 16640 12917 10455 10678 29107 11306 8642 5334 8452 6536 27565 3437 2246 5925 12148 7788 4649 4465 4524 3045 15417 5501 3088 3139
internal_count=107534 51109 56425 38192 39785 27737 16640 12917 10455 10678 29107 11306 8642 5334 8452 6536 27565 3437 2246 5925 12148 7788 4649 4465 4524 3045 15417 5501 3088 3139
is_linear=0
shrinkage=0.03


Tree=4
num_leaves=31
num_cat=0
split_feature=19 19 19 19 19 19 16 16 24 25 12 12 8 10 16 14 24 13 25 25 12 10 27 16 14 27 18 19 1 25
split_gain=28642.8 2744.47 2622.95 386.516 383.809 346.531 243.502 193.524 153.45 149.582 141.096 137.517 123.401 133.215 118.57 101.901 92.6312 88.5725 81.6037 80.4026 80.0563 78.71 76.2507 70.7077 68.9716 67.8864 65.1224 65.1008 64.2557 63.1325
threshold=6.5462500000000015 4.5362500000000017 8.6737500000000036 7.498750000000002 3.0629166666666676 5.3358333333333343 10.205000000000002 6.6150000000000011 3.7500000000000004 2.6058031150399907 6.9650000000000007 4.1350000000000007 12.500000000000002 2.5000000000000004 8.0150000000000023 0.5802585630561633 5.4500000000000011 5.1050000000000022 1.3782751716247141 1.2039427418757869 5.705000000000001 1.5000000000000002 -0.19080899537654469 7.1150000000000011 1.8023271988187102 0.17364817766693022 2.8750000000000004 5.6762500000000014 -0.74999999999999989 1.3137262358111257
decision_type=2 2 2 2 2 2 8 10 2 2 10 8 2 2 8 2 2 2 2 2 10 2 2 10 2 2 10 2 2 2
left_child=1 4 3 12 20 14 16 11 15 18 -8 28 13 17 21 -7 -4 -2 22 -15 -1 -3 -5 -18 -13 -20 -23 -10 -6 -29
right_child=2 5 6 9 7 8 10 -9 27 -11 -12 24 -14 19 -16 -17 23 -19 25 -21 -22 26 -24 -25 -26 -27 -28 29 -30 -31
leaf_value=-0.0053837354568076331 -0.0049912093477422637 -0.0048178228465555447 -0.00048896360714733298 0.0052494690041959228 -0.0054497754462976946 -0.0034973245483763782 0.011004736926048891 -0.0024392022892080821 -0.0016345595931712184 -9.1747219490630465e-05 0.019670929555648566 -0.0040266177335940836 0.0029358953150126809 0.0059831839987689768 -0.00051147776746741035 -0.00062862931899916109 0.0076453198952375831 -0.00016187191301456571 0.006338881511124635 0.0010013394071502547 -0.0028292396715082803 -0.0016185293566344208 0.010331767511102385 0.012172568741850309 -0.001922282396026348 0.0032697964426368761 -0.0032131817541347883 0.0012427971346774982 -0.0046190497580268072 -0.00047213077710986552
leaf_weight=17176 356 732 225 540 1917 1785 2178 2073 2873 703 16507 3844 4928 697 1256 1212 744 423 5374 3694 271 906 3009 6215 746 2096 6637 2814 10081 5316
leaf_count=17176 356 732 225 540 1917 1785 2178 2073 2873 703 16507 3844 4928 697 1256 1212 744 423 5374 3694 271 906 3009 6215 746 2096 6637 2814 10081 5316
internal_value=-0.000253231 -0.0141112 0.017077 0.00941306 -0.0193061 -0.00613741 0.0235383 -0.016305 -0.00313174 0.0131184 0.0253499 -0.0173856 0.00510739 0.00186667 -0.0105484 -0.0091439 0.0188121 -0.00952806 0.0139741 0.00389672 -0.0225103 -0.0118514 0.0177349 0.0194242 -0.0129402 0.0121766 -0.0109261 -0.00149073 -0.0190802 -0.000118009
internal_weight=107328 59639 47689 21820 36108 23531 25869 18661 14000 11722 18685 16588 10098 5170 9531 2997 7184 779 11019 4391 17447 8275 3549 6959 4590 7470 7543 11003 11998 8130
internal_count=107328 59639 47689 21820 36108 23531 25869 18661 14000 11722 18685 16588 10098 5170 9531 2997 7184 779 11019 4391 17447 8275 3549 6959 4590 7470 7543 11003 11998 8130
is_linear=0
shrinkage=0.03


Tree=5
num_leaves=31
num_cat=0
split_feature=21 21 21 21 21 21 21 1 16 8 10 11 16 16 28 10 8 25 28 25 10 26 25 15 8 21 12 11 25 12
split_gain=28128.9 3250.71 2471.67 406.687 364.004 349.557 202.738 151.222 146.971 144.658 125.381 111.302 111.048 110.481 109.465 100.434 97.7567 88.1052 81.5751 76.7941 70.8383 70.0404 69.1305 61.0547 60.9819 56.9048 56.3352 59.7962 55.6165 54.7162
threshold=6.6320833333333349 4.5029166666666676 8.7579166666666701 3.1662500000000002 5.7995833333333353 7.4952777777777788 10.427916666666668 -1.0000000180025095e-35 6.3650000000000011 12.500000000000002 2.5000000000000004 6.4150000000000009 8.2950000000000017 6.455000000000001 951.55000000000007 2.5000000000000004 11.500000000000002 2.6058031150399907 948.95000000000016 1.4047921198936431 2.5000000000000004 0.78257835753184668 2.7318330399798847 0.93000000000000005 9.5000000000000018 2.4604166666666671 4.3450000000000006 7.7750000000000012 1.3075965351026952 4.1350000000000007
decision_type=2 2 2 2 2 2 2 2 8 2 2 10 8 8 2 2 2 2 2 2 2 2 2 10 2 2 10 10 2 10
left_child=1 3 5 25 12 9 18 -6 15 10 11 -2 14 -7 24 -5 22 28 -4 -9 -20 -22 -15 -16 -3 -1 -11 -28 -12 -17
right_child=2 4 6 8 7 13 -8 19 -10 26 17 -13 -14 16 23 29 -18 -19 20 -21 21 -23 -24 -25 -26 -27 27 -29 -30 -31
leaf_value=-0.0053222233815550047 -0.0043919783000675875 -0.0032198741646042141 0.01012907246519291 -0.0053279409912908443 -0.0024356246791972362 0.0021551475264899897 0.019380801382876813 0.0017343138545339691 -0.0028715924728098703 0.00035701254673627391 0.0060597652092162632 0.0030260866544850264 -0.00061258133825258735 0.0059971473499472825 -0.0033667862866095834 -0.004530478217602287 0.0075916017094988077 -0.002451726330211952 0.012015828289473935 -0.00033936961097648475 0.011156122073985518 0.017620908553866926 -0.0010141949095437914 -0.0013336507509346227 -0.0014261637007339811 -0.0050122633898801346 0.0041934553654394378 0.001171075828102766 0.0016266593762973743 -0.0038054977551835395
leaf_weight=8531 573 2703 2343 1789 1862 1041 12481 2833 2849 555 762 200 2115 5283 5740 9426 5979 399 2008 5074 3353 4409 255 1009 4187 9008 3209 827 2858 3911
leaf_count=8531 573 2703 2343 1789 1862 1041 12481 2833 2849 555 762 200 2115 5283 5740 9426 5979 399 2008 5074 3353 4409 255 1009 4187 9008 3209 827 2858 3911
internal_value=-0.000321816 -0.0137163 0.0172465 -0.019585 -0.00554803 0.00992299 0.0237766 -0.000997545 -0.0164032 0.00553792 0.00188868 -0.00913882 -0.00836855 0.0131959 -0.00936016 -0.0175824 0.0140418 0.00401839 0.0209861 0.000815217 0.0222015 0.0235149 0.0111492 -0.0120773 -0.00669181 -0.0228403 0.00934073 0.0105716 0.00549517 -0.0166729
internal_weight=107572 61037 46535 35514 25523 21941 24594 9769 17975 9383 4792 773 15754 12558 13639 15126 11517 4019 12113 7907 9770 7762 5538 6749 6890 17539 4591 4036 3620 13337
internal_count=107572 61037 46535 35514 25523 21941 24594 9769 17975 9383 4792 773 15754 12558 13639 15126 11517 4019 12113 7907 9770 7762 5538 6749 6890 17539 4591 4036 3620 13337
is_linear=0
shrinkage=0.03


Tree=6
num_leaves=31
num_cat=0
split_feature=21 21 21 21 21 21 21 8 16 2 8 16 24 21 16 26 11 2 22 2 16 2 2 9 2 23 28 16 3 24
split_gain=26984.5 3170.82 2425.41 352.411 350.55 336.966 242.372 141.352 129.502 115.976 114.387 98.2549 103.467 94.7907 93.1823 76.2645 73.9915 73.5374 69.325 68.822 65.7968 62.4144 61.2194 70.2957 59.1286 58.8376 55.5778 54.2992 54.2976 52.7107
threshold=6.3020833333333339 8.377083333333335 4.1170833333333352 5.0219444444444461 7.0270833333333345 10.427916666666668 2.9962500000000007 11.500000000000002 7.6050000000000013 1.2092634530215358 10.500000000000002 10.205000000000002 5.4500000000000011 5.7995833333333353 5.0050000000000008 -0.90992662233962551 3.3050000000000002 1.2213337359981209 0.094650686720723881 1.2141520597395583 6.455000000000001 1.0994035722003381 1.1841246412551436 3.5000000000000004 1.1939673837633229 4.1050000000000013 953.35000000000002 10.445000000000002 12.043811874196399 4.2500000000000009
decision_type=2 2 2 2 2 2 2 2 10 2 2 8 2 2 8 2 10 2 2 2 8 2 2 2 2 2 2 8 2 2
left_child=2 4 6 8 10 11 -1 21 18 13 17 12 -3 16 19 -11 -5 -2 -4 -8 -9 -6 -22 -24 -25 -7 -20 29 -14 -23
right_child=1 5 3 9 7 25 14 20 -10 15 -12 -13 28 -15 -16 -17 -18 -19 26 -21 22 27 23 24 -26 -27 -28 -29 -30 -31
leaf_value=-0.0051122260725976424 0.00012902310103280579 0.00096173591513716702 -0.0021181028204117062 7.6105717055004177e-05 0.010365367447526832 0.013038064532047191 -0.0044315638871972743 0.0029160911338219132 -0.00083086240780953053 -0.00026872681458256606 0.0019716774533870707 0.01495024972908361 0.01046723150177656 -8.8629303357760361e-05 -0.0039090832819508982 -0.0035590531310557799 -0.0021183244773969089 -0.0036768729289032055 -0.0031359644806569498 -0.005168102761552119 0.0058718543468487564 -0.0010829083678329965 0.0077701144036255408 -0.0015736794513984717 0.0026352073305587675 0.01883143771081533 -0.0039403806838398297 0.0058959100536218013 0.0052405950845116232 0.0027859956923907154
leaf_weight=15406 3003 408 1489 1507 341 941 9463 1057 1171 615 4376 8219 6597 4826 4081 2222 6278 616 4792 1377 4496 776 1079 203 745 11539 4045 1190 262 4428
leaf_count=15406 3003 408 1489 1507 341 941 9463 1057 1171 615 4376 8219 6597 4826 4081 2222 6278 616 4792 1377 4496 776 1079 203 745 11539 4045 1190 262 4428
internal_value=-0.000335277 0.0157026 -0.0144142 -0.00786234 0.00726507 0.0224311 -0.0202331 0.0100747 -0.0118388 -0.00490002 0.00223125 0.019459 0.0168853 -0.00366439 -0.0174923 -0.0103765 -0.00571117 -0.00171358 -0.0129107 -0.0189544 0.012886 0.00690356 0.0140119 0.00964075 0.00365163 0.0261097 -0.0139211 0.00622597 0.0177579 0.00489537
internal_weight=107548 50276 57272 26945 22310 27966 30327 14315 11497 15448 7995 15486 7267 12611 14921 2837 7785 3619 10326 10840 7580 6735 6523 2027 948 12480 8837 6394 6859 5204
internal_count=107548 50276 57272 26945 22310 27966 30327 14315 11497 15448 7995 15486 7267 12611 14921 2837 7785 3619 10326 10840 7580 6735 6523 2027 948 12480 8837 6394 6859 5204
is_linear=0
shrinkage=0.03


Tree=7
num_leaves=31
num_cat=0
split_feature=21 21 21 21 21 21 21 25 16 12 16 10 25 25 16 28 10 11 5 16 24 27 27 10 8 2 4 20 2 0
split_gain=25962.6 3055.18 2457.47 360.438 357.183 326.823 259.397 167.31 128.171 116.631 152.545 115.855 103.383 97.3334 97.1432 93.6486 84.6155 89.5586 86.2939 90.487 84.4711 82.9211 79.9802 76.4152 73.8593 73.7273 69.7635 67.1955 66.4175 59.9848
threshold=6.3020833333333339 8.377083333333335 4.1170833333333352 5.0219444444444461 10.752083333333335 7.0270833333333345 2.9962500000000007 2.6058031150399907 7.6050000000000013 6.6250000000000009 9.0350000000000019 2.5000000000000004 2.2657084612804175 1.3706217028585452 5.0050000000000008 949.85000000000002 4.5000000000000009 3.5350000000000006 0.10879436617095452 7.3050000000000006 4.5500000000000007 -0.16504132135358066 0.21643137258081221 2.5000000000000004 10.500000000000002 1.1841246412551436 0.0376842996669631 3.4704682631907811 1.2141520597395583 9.3350000000000026
decision_type=2 2 2 2 2 2 2 2 8 10 8 2 2 2 8 2 2 10 2 8 2 2 2 2 2 2 2 2 2 2
left_child=2 5 6 8 9 11 -1 13 25 -3 27 20 16 21 28 -12 18 -18 -5 -20 -2 -7 29 -17 -13 26 -4 -11 -8 -15
right_child=1 4 3 12 -6 7 14 -9 -10 10 15 24 -14 22 -16 23 17 -19 19 -21 -22 -23 -24 -25 -26 -27 -28 -29 -30 -31
leaf_value=-0.0049406470350624601 -0.0041571526061986242 0.007253529474549391 -0.0013920207584625862 -0.0032135307663478424 0.018309754138235299 0.0024656612808223164 -0.0042986169705813556 -0.00080128195427363466 -0.0011237576047843816 0.0082752702646048809 0.010507754587177488 0.00020536192268303554 -0.0028515191193378329 0.0046883840606047307 -0.0038186921133286419 0.01364740324275388 0.0014168520173051295 -0.0010419176594119398 -0.0019955916599001416 0.0012020091135815493 0.00010902341912540108 0.0078175316937315886 0.001233657797968824 0.015599767475962409 0.0024689997485214683 -0.0044935645023520777 -0.0031966533188711598 0.0031770349096491243 -0.0050130596787055564 0.0004484514257730332
leaf_weight=15328 543 2833 925 1391 10725 815 9483 923 1584 2934 2269 3084 3139 6550 4144 1740 1802 6441 1779 768 721 3590 1944 7042 3710 2470 6577 317 1370 519
leaf_count=15328 543 2833 925 1391 10725 815 9483 923 1584 2934 2269 3084 3139 6550 4144 1740 1802 6441 1779 768 721 3590 1944 7042 3710 2470 6577 317 1370 519
internal_value=-0.000276369 0.0154542 -0.014098 -0.00749079 0.0220858 0.00720273 -0.0199515 0.00991844 -0.0114904 0.0193845 0.0204907 0.00236636 -0.00447113 0.0107681 -0.0171317 0.0221771 -0.00321763 -0.00148763 -0.00683236 -0.0035384 -0.00595745 0.0144286 0.00897206 0.0235917 0.00391822 -0.0127493 -0.0112535 0.0147328 -0.0186305 0.0104538
internal_weight=107460 50259 57201 26876 27860 22399 30325 14341 11556 17135 14302 8058 15320 13418 14997 11051 12181 8243 3938 2547 1264 4405 9013 8782 6794 9972 7502 3251 10853 7069
internal_count=107460 50259 57201 26876 27860 22399 30325 14341 11556 17135 14302 8058 15320 13418 14997 11051 12181 8243 3938 2547 1264 4405 9013 8782 6794 9972 7502 3251 10853 7069
is_linear=0
shrinkage=0.03


Tree=8
num_leaves=31
num_cat=0
split_feature=19 19 19 19 19 16 12 16 19 16 8 10 10 16 23 27 5 25 10 25 28 5 10 16 28 29 12 26 5 9
split_gain=24711.7 2448.32 2407.06 576.374 339.382 284.474 209.715 186.755 168.4 148.556 133.32 135.075 125.468 109.552 107.614 119.703 107.158 102.969 101.842 98.4576 94.4449 82.4198 81.415 71.8373 69.4739 69.1142 66.294 64.8185 61.1913 58.9917
threshold=6.5462500000000015 4.8562500000000011 8.7687500000000025 3.6562500000000009 7.498750000000002 9.0850000000000026 7.5750000000000011 6.5050000000000008 5.6762500000000014 4.035000000000001 12.500000000000002 2.5000000000000004 1.5000000000000002 6.455000000000001 3.1450000000000005 0.36648727148060622 0.05403614082451428 1.4326836762878059 2.5000000000000004 1.2039427418757869 949.45000000000016 0.1752191723107184 2.5000000000000004 8.8150000000000031 951.85000000000002 60.500000000000007 4.1350000000000007 0.87032255546191739 0.10879436617095452 1.0000000180025095e-35
decision_type=2 2 2 2 2 8 10 8 2 10 2 2 2 8 2 2 2 2 2 2 2 2 2 8 2 2 10 2 2 2
left_child=1 3 4 9 10 -4 22 18 23 16 11 21 28 -6 15 -15 24 -14 -5 -13 -8 -2 -7 -3 -1 -17 -20 -16 -10 -22
right_child=2 8 5 7 13 6 20 -9 12 -11 -12 19 17 14 27 25 -18 -19 26 -21 29 -23 -24 -25 -26 -27 -28 -29 -30 -31
leaf_value=-0.0045609704935840739 -0.0050391208855698503 -0.0023002597680405784 0.0081005754067903172 -0.0048598004829811317 0.0019512560645349915 0.005982225075825528 0.014667203075911133 -0.0019399829915493433 -0.0041781873959820118 -0.0041696584614639154 0.0027311359689688197 0.0055271487489105993 0.0012170822604157582 0.0045477325387865888 0.006072526432212599 -0.0053946496248140907 -0.0044202692687474038 -0.00084302269266495916 -0.0038524352809324192 0.00060919226246937462 0.017085142158123581 -0.00042219090237617131 0.013308624760347941 0.00010618096394096304 -0.0048770104961126512 0.0011590108687762771 -0.0029035491853850368 0.011058945962999923 -0.0017389132316388981 0.017667202003027526
leaf_weight=5819 296 8526 3146 1528 1084 1398 3238 3098 347 5372 4977 699 3221 2965 4798 230 5423 6043 6496 3753 1689 485 3360 939 8109 518 3918 2925 593 12138
leaf_count=5819 296 8526 3146 1528 1084 1398 3238 3098 347 5372 4977 699 3221 2965 4798 230 5423 6043 6496 3753 1689 485 3360 939 8109 518 3918 2925 593 12138
internal_value=-0.000330701 -0.0132382 0.0157515 -0.0175204 0.00868529 0.0221811 0.0233988 -0.0128814 -0.00457914 -0.0203393 0.00462261 0.00127721 -0.0019042 0.0119952 0.012859 0.00864174 -0.0215701 -0.000841515 -0.0145844 0.00329818 0.0249578 -0.0101908 0.0177871 -0.0074604 -0.0229742 -0.00207171 -0.0135099 0.0148797 -0.0123175 0.0260505
internal_weight=107131 59432 47699 39763 22730 24969 21823 15040 19669 24723 10210 5233 10204 12520 11436 3713 19351 9264 11942 4452 17065 781 4758 9465 13928 748 10414 7723 940 13827
internal_count=107131 59432 47699 39763 22730 24969 21823 15040 19669 24723 10210 5233 10204 12520 11436 3713 19351 9264 11942 4452 17065 781 4758 9465 13928 748 10414 7723 940 13827
is_linear=0
shrinkage=0.03


Tree=9
num_leaves=31
num_cat=0
split_feature=21 21 21 21 21 21 21 25 2 16 23 10 25 16 25 25 10 10 29 11 26 23 14 18 26 1 16 16 21 26
split_gain=24189.2 2901.31 2420.49 390.66 348.644 305.826 265.474 134.439 130.466 119.594 107.118 116.873 104.51 103.674 95.7035 89.9531 85.6469 85.3825 84.3909 83.4886 82.8139 107.908 81.2273 79.2309 79.1895 77.3057 73.6548 71.6057 65.0315 63.7692
threshold=6.3020833333333339 8.377083333333335 4.1170833333333352 9.7562500000000032 5.0219444444444461 7.2237500000000008 2.9962500000000007 1.3261145442507176 1.2341082399135381 8.0150000000000023 4.1050000000000013 2.5000000000000004 2.2756881598793366 5.0050000000000008 2.7318330399798847 2.5410703332651816 4.5000000000000009 2.5000000000000004 69.500000000000014 3.7650000000000001 0.99535829673000953 3.2050000000000005 0.6967304595992162 2.7250000000000005 0.79332313182700753 -1.0499999999999998 6.8050000000000006 9.0350000000000019 5.6929166666666671 0.95368063612909471
decision_type=2 2 2 2 2 2 2 2 2 8 2 2 2 8 2 2 2 2 2 10 2 2 2 10 2 2 8 8 2 2
left_child=2 5 6 20 9 8 -1 26 15 17 11 18 16 25 -9 -2 29 -4 -5 -18 21 -3 -14 -19 -23 -8 -7 -12 -21 -6
right_child=1 3 4 10 12 7 13 14 -10 -11 27 -13 22 -15 -16 -17 19 23 -20 28 -22 24 -24 -25 -26 -27 -28 -29 -30 -31
leaf_value=-0.0046729581579327941 0.00175599007871423 0.004236063567499046 -0.004587147087742347 -8.26688537390885e-05 -0.00095750555067203227 0.002837269719813974 -0.0047163575734610105 0.0037959107547220206 -0.0029111756983209612 -0.00075996362471614405 0.010991701269655001 0.014048370776132977 -0.0033770477807817329 -0.0035876408374905227 -0.0013733293656934204 -0.0014410395197279047 0.001055826543863129 -0.0016959753571130804 0.0053351079834836031 -0.001983063850574195 0.011949871201852187 0.007822720837965251 -0.0015557829491668043 -0.0031851806936596064 0.015265209586573646 -0.004041248107276442 0.0083064705145116189 0.017155125525828166 1.5252341581039052e-05 -0.0027907353475611109
leaf_weight=15328 8656 1635 1231 445 2691 602 1382 8345 677 1298 901 1374 1635 4119 478 883 2147 1590 266 3123 1881 4747 1454 7373 3031 9574 2762 13556 2972 1287
leaf_count=15328 8656 1635 1231 445 2691 602 1382 8345 677 1298 901 1374 1635 4119 478 883 2147 1590 266 3123 1881 4747 1454 7373 3031 9574 2762 13556 2972 1287
internal_value=-0.000361012 0.0148274 -0.0137003 0.0212945 -0.00712564 0.00678909 -0.0194939 0.00999754 0.00295861 -0.0110742 0.0242364 0.0177847 -0.00415894 -0.0166532 0.00804372 0.00386316 -0.00291043 -0.0121659 0.0078352 -0.00116406 0.0169767 0.0158091 -0.00908533 -0.0111363 0.0172838 -0.0181845 0.0151024 0.0251604 -0.00295574 -0.00652272
internal_weight=107443 50239 57204 27836 26801 22403 30403 12187 10216 11492 16542 2085 15309 15075 8823 9539 12220 10194 711 8242 11294 9413 3089 8963 7778 10956 3364 14457 6095 3978
internal_count=107443 50239 57204 27836 26801 22403 30403 12187 10216 11492 16542 2085 15309 15075 8823 9539 12220 10194 711 8242 11294 9413 3089 8963 7778 10956 3364 14457 6095 3978
is_linear=0
shrinkage=0.03


Tree=10
num_leaves=31
num_cat=0
split_feature=21 21 21 21 21 21 21 16 25 24 24 16 14 1 16 25 16 23 21 3 27 25 1 25 14 1 27 12 28 29
split_gain=23286.9 3047.93 2227.08 414.932 381.542 262.835 204.229 132.584 129.417 128.611 115.23 112.783 109.084 104.335 83.993 84.5041 77.3451 86.3007 68.0213 70.4027 67.9932 66.5582 65.9468 67.3174 64.949 62.244 61.7672 60.616 58.644 91.1174
threshold=6.6320833333333349 4.5029166666666676 9.1562500000000018 3.1662500000000002 7.4952777777777788 5.4470833333333344 11.200416666666671 6.3650000000000011 2.7318330399798847 3.5500000000000003 3.7500000000000004 9.1250000000000018 0.75221893975978504 -1.4499999999999997 6.455000000000001 1.2575967430538071 9.5950000000000006 4.1050000000000013 8.2437500000000021 9.7395056941373799 -0.16504132135358066 1.4257619121287131 -0.74999999999999989 2.4334498834498839 0.43844421918110832 -2.3499999999999992 -0.26722820045975981 4.6550000000000011 952.05000000000007 63.500000000000007
decision_type=2 2 2 2 2 2 2 8 2 2 2 10 2 2 8 2 8 2 2 2 2 2 2 2 2 2 2 10 2 2
left_child=1 3 4 28 10 11 16 13 14 12 -2 24 -7 -5 -6 20 -4 -18 -17 -20 -16 25 27 -24 26 -11 -3 -12 29 -1
right_child=2 5 6 7 8 9 -8 -9 -10 21 22 -13 -14 -15 15 18 17 -19 19 -21 -22 -23 23 -25 -26 -27 -28 -29 -30 -31
leaf_value=-0.0042839526340385679 -0.0015658135708451011 -0.0016987187149907095 0.0090027061588267634 -0.0045748668462571801 0.0028884145505000268 -0.0034006585547382319 0.016740473452825231 -0.0025531100471859864 -0.00081902139269374283 -0.0032518927347558214 -0.0041659955452189416 0.0018523630038315289 0.00038211510898423563 -0.0037604883556489003 0.0037613884079287234 0.0042585104380980085 0.010293665918723141 0.015366325238291911 0.0076885132221865861 0.0020818751138543374 0.010431514612607103 -0.00066870427076596347 0.0031987123107285135 -0.00081759074108321474 -0.0019692706503203409 0.001018362239009881 -0.0034430620423193023 0.0011030044437822231 -0.0045905114364912887 -0.0033802437563508264
leaf_weight=6589 857 1089 2588 1681 1030 1688 8678 2836 529 228 346 431 789 13465 355 5328 3250 6706 5485 379 2758 6955 6415 699 7835 4330 2113 942 9649 1352
leaf_count=6589 857 1089 2588 1681 1030 1688 8678 2836 529 228 346 431 789 13465 355 5328 3250 6706 5485 379 2758 6955 6415 699 7835 4330 2113 942 9649 1352
internal_value=-0.00042941 -0.0126036 0.0156019 -0.0182747 0.00955468 -0.00467738 0.0227569 -0.0150609 0.0123789 -0.0019164 0.00471179 -0.00804323 -0.00811039 -0.0161772 0.012882 0.013478 0.0202869 0.0214978 0.0122497 0.0144863 0.0178672 -0.00058083 0.0057809 0.00691108 -0.00863159 0.00223537 -0.0122357 -0.000464037 -0.021555 -0.0195985
internal_weight=107375 61030 46345 35572 25123 25458 21222 17982 15864 13990 9259 11468 2477 15146 15335 14305 12544 9956 11192 5864 3113 11513 8402 7114 11037 4558 3202 1288 17590 7941
internal_count=107375 61030 46345 35572 25123 25458 21222 17982 15864 13990 9259 11468 2477 15146 15335 14305 12544 9956 11192 5864 3113 11513 8402 7114 11037 4558 3202 1288 17590 7941
is_linear=0
shrinkage=0.03


Tree=11
num_leaves=31
num_cat=0
split_feature=21 21 21 21 21 21 21 16 1 10 8 10 10 16 10 29 23 8 16 24 18 29 16 8 1 18 17 12 16 8
split_gain=22690.4 3075.09 2154.64 434.673 284.051 282.761 262.338 135.034 131.904 112.695 101.129 100.58 96.1399 90.603 106.098 90.518 85.3872 84.6003 83.9082 74.777 80.7038 69.0881 65.4545 65.284 64.6447 65.9714 59.6365 57.7563 57.5556 57.3956
threshold=6.7095833333333337 4.5029166666666676 8.8595833333333349 3.1662500000000002 10.930416666666668 5.7995833333333353 7.6445833333333342 6.3650000000000011 0.25000000000000006 2.5000000000000004 12.500000000000002 2.5000000000000004 1.5000000000000002 9.5950000000000006 2.5000000000000004 59.500000000000007 4.1050000000000013 9.5000000000000018 8.8150000000000031 3.4500000000000006 6.2750000000000012 71.500000000000014 9.4050000000000029 4.5000000000000009 -1.6499999999999997 2.8050000000000002 6.5450000000000008 4.1350000000000007 6.455000000000001 8.5000000000000018
decision_type=2 2 2 2 2 2 2 8 2 2 2 2 2 8 2 2 2 2 8 2 10 2 8 2 2 10 2 10 8 2
left_child=1 3 6 -1 13 17 10 9 -7 -5 11 22 15 -4 16 -8 23 18 24 -13 -21 28 -2 -15 -3 -26 -20 -11 -14 -10
right_child=2 5 4 7 -6 8 12 -9 29 27 -12 19 21 14 -16 -17 -18 -19 26 20 -22 -23 -24 -25 25 -27 -28 -29 -30 -31
leaf_value=-0.0043527960770052727 -0.0036381941712850903 -0.0047335383429959023 0.0081998299944397533 -0.004437620840869465 0.016238259249240477 -0.0021626399135043165 -0.0051524645672932582 -0.0023626696552126107 -0.0006982250123212198 -0.0037992373004420684 0.0029952232585505798 -0.0029828841186326557 0.0036118880877841907 0.0088733512191081203 0.013646944441981848 0.0026810535773912846 0.016016813968727089 -0.0012954135785369701 0.0010760748417050663 0.0047911363559435122 0.00057693585841403136 0.0040577057373101027 0.0038815512083551018 0.00083832311715581335 0.00026701232768084834 -0.0030062168814289406 -0.0038536078041816542 -0.0030431069586613207 0.0075132438849294832 0.00097574902656963444
leaf_weight=17612 576 851 3343 1830 9956 2068 258 2852 3060 9413 4973 282 756 331 8318 882 1067 9112 607 1680 2389 2310 220 738 557 4302 215 3926 7483 5524
leaf_count=17612 576 851 3343 1830 9956 2068 258 2852 3060 9413 4973 282 756 331 8318 882 1067 9112 607 1680 2389 2310 220 738 557 4302 215 3926 7483 5524
internal_value=-0.000407178 -0.0122293 0.0156613 -0.0179715 0.0219122 -0.00444622 0.00884982 -0.0146871 -0.000675612 -0.0158146 0.00530963 0.00235831 0.0119112 0.0191081 0.0204914 0.00361572 0.0144605 -0.00701259 -0.00961909 0.00415289 0.00519146 0.0128056 -0.00741573 0.00840782 -0.0109081 -0.00955387 -0.000652963 -0.0148449 0.0140939 0.000964024
internal_weight=107491 61929 45562 35633 23753 26296 21809 18021 10652 15169 10120 5147 11689 13797 10454 1140 2136 15644 6532 4351 4069 10549 796 1069 5710 4859 822 13339 8239 8584
internal_count=107491 61929 45562 35633 23753 26296 21809 18021 10652 15169 10120 5147 11689 13797 10454 1140 2136 15644 6532 4351 4069 10549 796 1069 5710 4859 822 13339 8239 8584
is_linear=0
shrinkage=0.03


Tree=12
num_leaves=31
num_cat=0
split_feature=21 21 21 21 21 21 21 16 8 9 12 16 10 23 10 10 11 27 10 23 28 8 4 10 10 16 27 10 1 16
split_gain=21912.5 2873.32 2235.73 500.113 366.837 291.679 226.675 133.261 126.323 123.71 113.862 102.722 102.105 101.125 93.2369 85.9823 81.3398 79.5393 66.0221 106.104 90.6244 65.1402 61.9698 58.3689 63.3917 58.26 61.4854 58.1352 57.4399 57.1795
threshold=6.6320833333333349 4.1170833333333352 9.1562500000000018 5.2620833333333339 7.7229166666666682 2.9962500000000007 11.200416666666671 7.6050000000000013 10.500000000000002 2.5000000000000004 4.955000000000001 4.5750000000000011 1.5000000000000002 3.2950000000000004 1.5000000000000002 2.5000000000000004 3.0450000000000004 0.18222858652173771 2.5000000000000004 4.1050000000000013 948.95000000000016 10.500000000000002 0.70592989403099515 4.5000000000000009 6.5000000000000009 7.6950000000000012 -0.061046214993534811 2.5000000000000004 17.650000000000002 9.0350000000000019
decision_type=2 2 2 2 2 2 2 8 2 2 10 8 2 2 2 2 10 2 2 2 2 2 2 2 2 10 2 2 2 8
left_child=1 5 4 7 10 -1 18 15 14 22 12 27 -2 17 -5 -3 -17 -11 19 -4 -20 -12 -6 28 -25 26 -15 -7 -10 -22
right_child=2 3 6 8 9 11 -8 -9 23 13 21 -13 -14 25 -16 16 -18 -19 20 -21 29 -23 -24 24 -26 -27 -28 -29 -30 -31
leaf_value=-0.0042544515654087851 -0.004131843559831057 -0.0042161149673077989 0.0026553684923408183 -0.003845155623458156 0.0083889950213449048 -0.0043044922156433808 0.015751111471763262 -0.00096174851842361654 -0.00028605179043774645 0.005131930137847969 0.0015045861048356922 -0.0033562245399002041 0.00097969056541988286 0.00012217131612777377 -0.0013271396506239052 -0.0016386717537846206 -0.002879532582432667 -0.00025186712702659738 0.0094587223158190039 0.01512439516705676 0.0079538350946065615 0.0030921597631037097 0.0055576376327885349 0.0017034295697988145 5.0002647498773863e-05 0.0075837854594221488 0.0092325561869793429 -0.0037621831096357858 -0.0037490909127934273 0.014117310032523402
leaf_weight=15297 349 1528 951 669 5206 1138 8630 2098 2004 1181 4030 5344 2188 659 6551 2572 8358 1108 2205 1196 969 5296 735 1467 4958 4023 497 8518 512 7195
leaf_count=15297 349 1528 951 669 5206 1138 8630 2098 2004 1181 4030 5344 2188 659 6551 2572 8358 1108 2205 1196 969 5296 735 1467 4958 4023 497 8518 512 7195
internal_value=-0.000416058 -0.0122332 0.0151166 -0.00576623 0.00909127 -0.0187879 0.0223138 -0.00979878 -0.00213225 0.0124907 0.0052452 -0.0158027 -0.000389457 0.00990767 -0.00508235 -0.0109765 -0.0100357 0.00464255 0.0197141 0.0148467 0.0207143 0.00677741 0.0157265 0.000251509 0.00176827 0.012228 0.00625323 -0.0176566 -0.00361761 0.0221814
internal_weight=107432 61014 46418 30717 25272 30297 21146 14556 16161 13409 11863 15000 2537 7468 7220 12458 10930 2289 12516 2147 10369 9326 5941 8941 6425 5179 1156 9656 2516 8164
internal_count=107432 61014 46418 30717 25272 30297 21146 14556 16161 13409 11863 15000 2537 7468 7220 12458 10930 2289 12516 2147 10369 9326 5941 8941 6425 5179 1156 9656 2516 8164
is_linear=0
shrinkage=0.03


Tree=13
num_leaves=31
num_cat=0
split_feature=21 21 21 21 21 21 21 16 25 2 24 16 12 10 14 10 9 29 10 28 2 28 10 10 25 2 29 26 15 25
split_gain=21164.8 2823.94 2135.18 443.667 366.38 258.368 211.566 150.735 124.269 122.101 120.837 111.125 105.173 104.031 100.297 91.3975 169.572 87.7531 86.8427 81.728 91.7922 71.0412 69.2299 68.5375 92.92 60.2088 97.5736 65.402 57.6015 56.2246
threshold=6.6320833333333349 4.5029166666666676 9.3104166666666703 3.0283333333333347 7.4952777777777788 5.6170833333333343 11.200416666666671 6.3650000000000011 2.6600653594771249 1.2128148877774449 3.7500000000000004 8.2350000000000012 4.955000000000001 2.5000000000000004 0.68631868205181012 1.5000000000000002 4.5000000000000009 71.500000000000014 1.5000000000000002 948.35000000000002 1.1052886368162758 951.55000000000007 8.5000000000000018 10.500000000000002 1.4257619121287131 1.2235954652938401 69.500000000000014 0.87878364999916148 0.49000000000000071 2.1069350553257329
decision_type=2 2 2 2 2 2 2 8 2 2 2 8 10 2 2 2 2 2 2 2 2 2 2 2 2 2 2 2 10 2
left_child=1 3 4 -1 12 11 22 9 15 -5 14 21 13 -2 18 16 -6 19 -7 20 -17 -3 25 -21 -25 27 -27 -4 -12 -29
right_child=2 5 6 7 8 10 -8 -9 -10 -11 28 -13 -14 -15 -16 17 -18 -19 -20 23 -22 -23 -24 24 -26 26 -28 29 -30 -31
leaf_value=-0.0041250980085225583 -0.0038581553185994349 -0.0017426371106894025 0.0092463232719961746 -0.0034326435109378658 0.0055217158002226598 -0.0046117038276640293 0.015278578127610363 -0.0024318496981180515 -0.00019399383827657711 -0.0041753574491740792 -0.00033611494549208338 -7.9039324719040732e-05 0.0023199446713411663 0.00095029984845728548 0.00029976525219447018 0.006023578338304551 -0.0018565036443690085 0.0043339270515245082 -0.0021259389269483288 0.0094177138941961263 0.0015264572418795007 -0.0025869923232758859 0.013477311805159084 0.012624647906312673 0.0038642391668289402 -0.0012574563364222812 0.008163534220044311 0.015534438335743216 0.0013573073805445513 0.0087115027403877315
leaf_weight=15828 532 6020 3044 14567 1004 275 8670 2957 725 2110 6767 1763 7133 1666 849 2320 425 3321 1263 6506 1047 5900 4867 375 1506 380 517 1846 2677 613
leaf_count=15828 532 6020 3044 14567 1004 275 8670 2957 725 2110 6767 1763 7133 1666 849 2320 425 3321 1263 6506 1047 5900 4867 375 1506 380 517 1846 2677 613
internal_value=-0.000398314 -0.0120234 0.0148465 -0.0174991 0.00927386 -0.00441083 0.0222661 -0.0144783 0.0118667 -0.0155863 -0.0011634 -0.00721727 0.00448265 -0.00125284 -0.00718645 0.0124005 0.00512552 0.0130882 -0.0117434 0.0143073 0.0103292 -0.0082566 0.0195325 0.0158973 0.0108006 0.0174426 0.0101441 0.018622 0.000361943 0.022293
internal_weight=107473 60976 46497 35462 26560 25514 19937 19634 17229 16677 11831 13683 9331 2198 2387 16504 1429 15075 1538 11754 3367 11920 11267 8387 1881 6400 897 5503 9444 2459
internal_count=107473 60976 46497 35462 26560 25514 19937 19634 17229 16677 11831 13683 9331 2198 2387 16504 1429 15075 1538 11754 3367 11920 11267 8387 1881 6400 897 5503 9444 2459
is_linear=0
shrinkage=0.03


Tree=14
num_leaves=31
num_cat=0
split_feature=21 21 21 21 21 21 21 12 10 16 25 21 25 27 16 10 14 5 17 10 25 0 10 28 23 29 16 14 10 23
split_gain=20313.3 2719.97 2326.17 438.376 325.502 274.75 258.538 158.085 119.065 114.852 113.031 121.773 103.031 100.981 98.8168 97.4732 96.6247 78.1817 72.3677 70.8804 70.7407 85.5423 70.5975 107.074 95.1113 88.8911 76.0858 67.9746 65.8876 62.4705
threshold=6.3020833333333339 9.1562500000000018 4.0204166666666685 7.4952777777777788 5.0219444444444461 10.930416666666668 2.9962500000000007 4.8050000000000006 1.5000000000000002 4.5750000000000011 1.3463469766996217 8.2437500000000021 2.2565617249931118 -0.16504132135358066 6.6150000000000011 4.5000000000000009 1.5207015924675418 0.093317434512857594 7.1650000000000009 2.5000000000000004 1.4257619121287131 8.8750000000000018 2.5000000000000004 949.6500000000002 4.1050000000000013 63.500000000000007 9.3050000000000015 0.78083288865153244 2.5000000000000004 5.0750000000000011
decision_type=2 2 2 2 2 2 2 10 2 8 2 2 2 2 8 2 2 2 2 2 2 2 2 2 2 2 8 2 2 2
left_child=2 3 6 7 14 22 -1 8 -2 28 13 -12 15 -5 16 18 19 -16 -6 -4 -9 -22 24 -24 -3 -25 -27 -14 -8 -7
right_child=1 5 4 10 12 29 9 20 -10 -11 11 -13 27 -15 17 -17 -18 -19 -20 -21 21 -23 23 25 -26 26 -28 -29 -30 -31
leaf_value=-0.0040030650781908437 -0.0038659940572331151 0.0022870574889919215 -0.004095589557309369 0.0034053937466442356 -0.00054861539285166929 0.014085011520436426 -0.0040500967256988573 0.0036148496679002766 1.4031620988637638e-05 -0.0031851669680782822 0.0026743692256165044 0.0062617333511561348 -0.0029810418863707631 0.0088267107115534184 -0.00065547329441137468 -0.00013084834153413494 -0.0018562423527515484 -0.0025141938653517374 -0.0029105540445831272 -0.0027609896729901334 0.0013473468015581167 -0.0041113610669758797 0.0083719937343965812 0.013765830392514156 0.014355991008639775 0.0032156576335025115 0.01138460246492008 -0.0011515238017851897 -0.0035799747795275541 0.014820220783782053
leaf_weight=15414 472 903 1114 731 2072 1517 1039 3572 2672 4747 5667 5857 1897 3714 1929 8182 1693 967 1861 7121 6038 322 2353 4573 1016 418 2052 1334 7949 8408
leaf_count=15414 472 903 1114 731 2072 1517 1039 3572 2672 4747 5667 5857 1897 3714 1929 8182 1693 967 1861 7121 6038 322 2353 4573 1016 418 2052 1334 7949 8408
internal_value=-0.00043212 0.0134836 -0.0126403 0.00751497 -0.00649086 0.0216418 -0.018581 0.0034401 -0.00241982 -0.0155742 0.0108495 0.009274 -0.00354114 0.0149191 -0.0100179 -0.0022698 -0.0114407 -0.00512927 -0.00614779 -0.0127828 0.00529536 0.00339356 0.0184267 0.0195043 0.0131133 0.0213635 0.016703 -0.00829728 -0.0175737 0.0252961
internal_weight=107604 50285 57319 29045 28170 21240 29149 13076 3144 13735 15969 11524 15346 4445 12824 12115 9928 2896 3933 8235 9932 6360 11315 9396 1919 7043 2470 3231 8988 9925
internal_count=107604 50285 57319 29045 28170 21240 29149 13076 3144 13735 15969 11524 15346 4445 12824 12115 9928 2896 3933 8235 9932 6360 11315 9396 1919 7043 2470 3231 8988 9925
is_linear=0
shrinkage=0.03


Tree=15
num_leaves=31
num_cat=0
split_feature=21 21 21 21 21 21 21 10 16 16 11 9 10 9 11 2 23 26 10 24 1 16 23 14 11 1 3 9 10 1
split_gain=19648.8 2669.82 2251.46 435.318 297.339 264.516 251.29 149.898 116.318 115.467 108.783 104.371 109.598 113.891 96.1526 92.8081 91.9268 146.073 114.391 81.1391 78.9887 76.8131 75.6805 112.419 72.0083 66.0313 64.2148 61.3909 78.6034 105.114
threshold=6.3020833333333339 9.1562500000000018 4.1170833333333352 7.4952777777777788 2.9333333333333331 11.200416666666671 5.2276388888888894 2.5000000000000004 5.0050000000000008 8.0150000000000023 8.8250000000000011 2.5000000000000004 1.5000000000000002 4.5000000000000009 4.4750000000000005 1.1841246412551436 4.1250000000000009 0.78257835753184668 2.5000000000000004 3.7500000000000004 -1.2499999999999998 2.7950000000000004 2.2850000000000006 0.77397243706305929 2.9150000000000005 22.650000000000002 8.9988822517787934 5.5000000000000009 4.5000000000000009 26.250000000000004
decision_type=2 2 2 2 2 2 2 2 8 10 10 2 2 2 10 2 2 2 2 2 2 10 2 2 10 2 2 2 2 2
left_child=2 3 4 7 -1 16 9 14 20 15 19 26 13 -13 -2 24 18 -18 -3 -9 -6 -21 23 25 -4 -8 -5 28 -14 -30
right_child=1 5 6 11 8 -7 22 10 -10 -11 -12 12 27 -15 -16 -17 17 -19 -20 21 -22 -23 -24 -25 -26 -27 -28 -29 29 -31
leaf_value=-0.0039007337633270873 -0.0040458799892093 0.0022314378393132792 -0.0010201695383061631 0.0068165713840892617 -0.0039285938239278914 0.014375614160268592 -0.0027250259152664501 -0.0005698278966404693 -0.0030870273037173082 0.00011488894140684629 -0.0022550965432737674 0.0059044936752340026 0.0071501450202330645 -0.0019866495969981276 -3.7335532125873646e-05 -0.0031872481795052168 0.0096285654954196501 0.014519890639555326 0.01009661257892828 -0.0028906391483684607 -0.0033732954527159399 0.0024550078964516286 -0.00049447601722238659 -0.00011535647669368431 -0.002524078698466113 0.00033808314188218041 0.0039589024552885302 0.007493065820991596 0.00097282352046099022 0.0073910575594719535
leaf_weight=14498 566 1028 2009 6328 1392 8648 2176 1153 4240 1153 665 435 1844 484 1429 3532 5255 3790 2516 234 10317 9172 8545 1672 7391 350 666 2197 3098 1021
leaf_count=14498 566 1028 2009 6328 1392 8648 2176 1153 4240 1153 665 435 1844 484 1429 3532 5255 3790 2516 234 10317 9172 8545 1672 7391 350 666 2197 3098 1021
internal_value=-0.000462485 0.0131727 -0.0124918 0.00729904 -0.0180747 0.0212706 -0.00615362 0.00326452 -0.0152369 -0.00891483 0.00461127 0.0106151 0.00848415 -0.00133117 -0.004305 -0.00972559 0.0184778 0.0200917 0.0143364 0.00535309 -0.0167825 0.00627351 -0.00309931 -0.00639543 -0.00815949 -0.0103832 0.0133733 0.00958971 0.00799765 0.00568138
internal_weight=107804 50529 57275 29292 30447 21237 26828 13219 15949 14085 11224 16073 9079 919 1995 12932 12589 9045 3544 10559 11709 9406 12743 4198 9400 2526 6994 8160 5963 4119
internal_count=107804 50529 57275 29292 30447 21237 26828 13219 15949 14085 11224 16073 9079 919 1995 12932 12589 9045 3544 10559 11709 9406 12743 4198 9400 2526 6994 8160 5963 4119
is_linear=0
shrinkage=0.03


Tree=16
num_leaves=31
num_cat=0
split_feature=19 19 19 19 19 16 19 16 25 5 24 24 1 25 26 12 23 26 26 11 10 14 1 23 28 8 1 3 10 1
split_gain=18508.1 2314.2 2241.07 433.72 394.612 244.464 211.223 165.792 164.18 160.566 124.934 121.412 98.9719 93.689 155.065 93.6668 91.5353 105.079 88.7653 88.5003 85.6299 82.6684 78.6818 78.6017 73.3385 72.5938 72.5006 68.5114 67.4587 63.6647
threshold=6.5462500000000015 9.4612500000000015 3.9212500000000006 5.1562500000000009 7.731250000000002 4.3750000000000009 11.261250000000002 6.8050000000000006 2.6990516001438336 0.037389488368710214 3.5500000000000003 3.7500000000000004 6.2500000000000009 1.3261145442507176 0.72534675097891099 6.3750000000000009 3.9150000000000005 0.78257835753184668 0.99140711019144634 2.5650000000000004 1.5000000000000002 0.68631868205181012 -1.9499999999999997 5.1150000000000011 943.1500000000002 7.5000000000000009 23.550000000000004 4.8763163454356384 2.5000000000000004 -1.9499999999999997
decision_type=2 2 2 2 2 10 2 8 2 2 2 2 2 2 2 10 2 2 2 10 2 2 2 2 2 2 2 2 2 2
left_child=2 4 5 7 11 9 16 12 13 -1 19 21 -4 14 -6 -11 22 -18 -15 -5 27 -2 -3 28 -21 26 -22 -13 -8 -7
right_child=1 6 3 10 8 29 23 -9 -10 15 -12 20 -14 18 -16 -17 17 -19 -20 24 25 -23 -24 -25 -26 -27 -28 -29 -30 -31
leaf_value=-0.0038337117586229132 -0.0030243139323054878 0.0014147993696174649 -0.0036214328093706607 0.00083467006857869364 0.0042384295216444214 -0.0038618320188189064 0.0064668629039815557 -0.0011907909939068931 -0.0013622219897042878 -0.0034649152557795753 -0.00041791428496303236 -0.0038213120409806823 -0.0024030467713044585 0.0047063162380214839 0.013319327120148123 -0.0003212302510612544 0.0097347313042460675 0.014003637446548164 0.0075718994880495261 0.0019101656242326473 0.0012881910994805596 0.0015426196274706244 0.0089553181367009356 0.013944345735460533 -0.003188637847081289 0.002842781547908492 -0.0040296503667678757 0.00036273867281153948 0.0139664020133609 -0.0029395963211410908
leaf_weight=11153 733 717 3092 534 2150 476 339 3188 564 10978 13168 273 8858 8277 1989 345 4623 3865 2961 202 2705 399 1476 7498 2397 7465 467 688 810 5441
leaf_count=11153 733 717 3092 534 2150 476 339 3188 564 10978 13168 273 8858 8277 1989 345 4623 3865 2961 202 2705 399 1476 7498 2397 7465 467 688 810 5441
internal_value=-0.000387533 0.0134883 -0.0115193 -0.00600019 0.00807749 -0.0176284 0.0215104 -0.00965595 0.0112223 -0.0190588 -0.00260334 0.00413663 -0.0112773 0.0118054 0.0156733 -0.0165228 0.0186665 0.0200848 0.0103745 -0.00798279 0.00505214 -0.00522427 0.0131438 0.0250104 -0.010265 0.00582691 0.00202077 -0.00350932 0.0175477 -0.0121834
internal_weight=107831 47999 59832 31439 28671 28393 19328 15138 15941 22476 16301 12730 11950 15377 4139 11323 10681 8488 11238 3133 11598 1132 2193 8647 2599 10637 3172 961 1149 5917
internal_count=107831 47999 59832 31439 28671 28393 19328 15138 15941 22476 16301 12730 11950 15377 4139 11323 10681 8488 11238 3133 11598 1132 2193 8647 2599 10637 3172 961 1149 5917
is_linear=0
shrinkage=0.03


Tree=17
num_leaves=31
num_cat=0
split_feature=21 21 21 21 21 21 21 25 26 16 24 14 16 10 5 21 2 2 10 9 10 26 28 27 2 24 4 24 27 12
split_gain=18441.3 2802.25 2050.68 363.065 311.434 300.889 238.166 159.938 115.491 115.233 110.605 114.845 102.779 99.9599 109.977 96.3848 90.897 86.4168 76.9798 76.4947 73.0614 119.957 87.0799 82.9314 76.772 69.7499 67.8115 88.8951 88.5624 66.9569
threshold=6.7095833333333337 4.1170833333333352 9.1562500000000018 5.2276388888888894 2.6788888888888898 10.930416666666668 8.1637500000000021 1.3261145442507176 0.77159520228797462 8.0150000000000023 3.7500000000000004 0.68631868205181012 6.8050000000000006 1.5000000000000002 0.2615364319444653 5.7995833333333353 1.1841246412551436 1.2119250748871944 1.5000000000000002 2.5000000000000004 2.5000000000000004 0.68832836526074803 950.1500000000002 0.41467745240824988 1.1134842389012105 6.8500000000000005 0.6762896573758066 5.1500000000000012 0.19080899537654503 9.2150000000000016
decision_type=2 2 2 2 2 2 2 2 2 10 2 2 10 2 2 2 2 2 2 2 2 2 2 2 2 2 2 2 2 10
left_child=1 4 6 9 -1 20 7 8 -2 16 11 18 17 14 -9 -12 -3 -6 -5 -8 23 -22 24 25 -23 -4 27 28 -15 -7
right_child=2 3 5 10 12 29 19 13 -10 -11 15 -13 -14 26 -16 -17 -18 -19 -20 -21 21 22 -24 -25 -26 -27 -28 -29 -30 -31
leaf_value=-0.003718700405864226 0.0023670490714484036 -0.0021186571827046317 0.0017029512626211987 -0.0043537594089996723 -0.0032207460526675717 0.013097408593974175 0.0081253289726566612 -0.0027134203800152474 0.0086934333407292508 0.00022940008250295766 -0.0012214310719325446 0.00012489915726284135 -0.0019393382951113319 0.0018215506752786675 0.0013564363145066741 0.00030266228357642529 -0.0030574905995998537 -0.0036957246564513677 -0.0019262804730577102 0.0051202530586233336 0.008296609525245937 0.013571220712725577 0.013350093561962009 -0.0028195116169516679 0.0017257483710540291 0.013069605435797476 -0.0012011517651943876 0.0037032826181265729 -0.0017685574141077739 0.013526015363396716
leaf_weight=11093 2579 9507 558 406 15636 1699 3853 630 1920 1156 5112 1377 1022 2557 642 8635 3521 2614 1974 4937 4547 299 3914 271 520 1104 841 5409 1079 8269
leaf_count=11093 2579 9507 558 406 15636 1699 3853 630 1920 1156 5112 1377 1022 2557 642 8635 3521 2614 1974 4937 4547 299 3914 271 520 1104 841 5409 1079 8269
internal_value=-0.000588656 -0.0112342 0.0138886 -0.00499227 -0.0177461 0.0207208 0.00796622 0.00574448 0.0105173 -0.00855874 -0.00210063 -0.00665869 -0.0154319 0.00381618 -0.00408771 -0.000852967 -0.00936392 -0.0159507 -0.0106415 0.0119181 0.017332 0.0184426 0.0218003 0.0119659 0.0127791 0.0144691 0.0048347 0.00559227 0.001961 0.0245222
internal_weight=107681 62053 45628 31688 30365 21181 24447 15657 4499 14184 17504 3757 19272 11158 1272 13747 13028 18250 2380 8790 11213 9280 4733 1933 819 1662 9886 9045 3636 9968
internal_count=107681 62053 45628 31688 30365 21181 24447 15657 4499 14184 17504 3757 19272 11158 1272 13747 13028 18250 2380 8790 11213 9280 4733 1933 819 1662 9886 9045 3636 9968
is_linear=0
shrinkage=0.03


Tree=18
num_leaves=31
num_cat=0
split_feature=21 21 21 21 21 21 21 10 10 9 16 10 25 4 25 25 27 23 10 11 29 25 27 16 16 20 28 10 29 23
split_gain=17552.1 2640.47 2114.71 367.947 287.214 270.853 268.784 124.997 121.216 147.211 106.681 105.274 121.377 104.809 94.3318 94.2196 87.742 87.5287 87.1868 84.3332 82.624 79.2814 81.1428 74.5185 74.3409 73.9798 73.6853 102.651 112.744 88.3113
threshold=6.3020833333333339 9.1562500000000018 4.0204166666666685 7.4952777777777788 10.930416666666668 4.9854166666666684 2.6788888888888898 2.5000000000000004 1.5000000000000002 4.5000000000000009 6.3650000000000011 6.5000000000000009 2.2852561796597981 0.17109580673360378 2.2657084612804175 1.4539442196406043 -0.4539904997395468 5.1150000000000011 2.5000000000000004 8.7550000000000008 63.500000000000007 2.1287612440472694 -0.43837114678907757 6.7550000000000008 2.9050000000000007 3.8619031268857729 950.25000000000011 2.5000000000000004 63.500000000000007 4.1050000000000013
decision_type=2 2 2 2 2 2 2 2 2 2 10 2 2 2 2 2 2 2 2 10 2 2 2 10 10 2 2 2 2 2
left_child=2 3 6 7 26 15 -1 13 9 20 18 -10 -13 -2 -7 23 -16 -6 -8 21 -5 24 -23 -4 -9 -17 -3 29 -29 -28
right_child=1 4 5 8 17 14 10 19 11 -11 -12 12 -14 -15 16 25 -18 -19 -20 -21 -22 22 -24 -25 -26 -27 27 28 -30 -31
leaf_value=-0.0036071393936882995 -0.0033683235078415083 0.0075869390607702742 -0.0018229229579408543 -0.0043318197123077256 0.012549110711203395 -0.00067892914235460314 -0.003585369217151772 -0.0028317567555326511 0.0071508541398992449 -0.0020649907581495575 -0.0019505126178561707 0.0052336215092094905 0.00024690102047203563 0.00055505885449853019 0.0016594367731690752 -0.0030060876558298255 -0.0027180641833462072 0.013120234902494816 -0.0031526393365633146 -0.0022366925404569771 0.0067296675686253317 0.0063712748346971965 -0.0002196461289049552 0.00056008144146437811 0.0027102535429659219 0.00076436695983392615 0.0020233073928120899 0.012591046178825395 0.0084613947231874671 0.013010055143590422
leaf_weight=11110 825 2709 4386 209 1591 12538 2160 200 6696 513 1353 6239 1595 1164 397 6869 2798 8368 14493 693 757 341 2846 912 7135 235 825 4351 2451 988
leaf_count=11110 825 2709 4386 209 1591 12538 2160 200 6696 513 1353 6239 1595 1164 397 6869 2798 8368 14493 693 757 341 2846 912 7135 235 825 4351 2451 988
internal_value=-0.000509782 0.0123823 -0.0118809 0.00652509 0.0204185 -0.00601386 -0.0175482 0.00281626 0.00958224 0.00139488 -0.015274 0.0104149 0.00804439 -0.00410732 -0.00339878 -0.0093286 -0.00799687 0.0241439 -0.0159329 0.00404545 0.00828012 0.00471359 0.000761278 -0.00629078 0.00642916 -0.0115881 0.017133 0.0184977 0.0201939 0.0120957
internal_weight=107747 50496 57251 29213 21283 28135 29116 13204 16009 1479 18006 14530 7834 1989 15733 12402 3195 9959 16653 11215 966 10522 3187 5298 7335 7104 11324 8615 6802 1813
internal_count=107747 50496 57251 29213 21283 28135 29116 13204 16009 1479 18006 14530 7834 1989 15733 12402 3195 9959 16653 11215 966 10522 3187 5298 7335 7104 11324 8615 6802 1813
is_linear=0
shrinkage=0.03


Tree=19
num_leaves=31
num_cat=0
split_feature=21 21 21 21 21 21 21 25 23 26 2 16 16 1 14 1 28 25 25 9 1 9 28 29 29 5 25 29 11 28
split_gain=16859.9 2565.43 2163.67 318.689 286.919 286.235 242.624 145.754 117.019 109.111 104.333 103.751 102.603 97.3978 91.5169 82.0056 88.8403 81.3306 80.0828 79.2178 77.4049 75.053 75.0336 166.883 73.3632 73.1118 67.5836 66.5873 65.4041 59.4339
threshold=6.6320833333333349 4.1170833333333352 9.3662500000000026 5.3337500000000002 8.1637500000000021 2.7129166666666671 11.010000000000002 1.4047921198936431 5.1150000000000011 0.77159520228797462 1.2079370213572984 8.0150000000000023 6.8050000000000006 6.2500000000000009 1.1657329597010302 -2.3499999999999992 959.1500000000002 2.6058031150399907 1.4047921198936431 1.5000000000000002 -0.24999999999999997 4.5000000000000009 952.05000000000007 65.500000000000014 61.500000000000007 0.66152077299793155 2.7318330399798847 49.500000000000007 2.9950000000000006 943.55000000000007
decision_type=2 2 2 2 2 2 2 2 2 2 2 8 10 2 2 2 2 2 2 2 2 2 2 2 2 2 2 2 10 2
left_child=1 5 4 11 7 22 15 9 -8 29 18 13 14 -3 20 25 -17 -9 27 -12 -7 -13 23 -1 -19 -4 -6 -5 -15 -2
right_child=2 3 6 10 26 12 8 17 -10 -11 19 21 -14 28 -16 16 -18 24 -20 -21 -22 -23 -24 -25 -26 -27 -28 -29 -30 -31
leaf_value=-0.0033219258847253345 0.0059604402001706179 -0.0031197332594345237 0.0032659354153864112 0.0001511013115422763 0.0064546555932746613 -0.003488355735328573 0.012240474882956568 0.0015784918835157729 0.012726627855419972 0.0078146857194658324 -0.002955992965892332 -0.0012666306741957816 -0.0016372811059204018 -0.00091241789829592495 -0.0027189363975775246 0.0099490635069433685 0.012987539512792245 -0.0033633589477727291 -0.00064665226926368161 -0.00095131392104460253 -0.0030479849820954463 0.001732653738719314 -0.0034989252118776508 -0.0021897382745647408 0.0015145442836741714 0.011028561773276577 -0.00053188568199158675 0.0038639000954095479 -0.0021964188824350524 0.0014044538664628413
leaf_weight=4229 500 3511 1012 3499 10120 2267 1418 10054 8063 2327 834 1250 1052 2180 4028 6801 1783 659 7757 2103 11506 548 6527 811 391 463 280 1140 7992 2645
leaf_count=4229 500 3511 1012 3499 10120 2267 1418 10054 8063 2327 834 1250 1052 2180 4028 6801 1783 659 7757 2103 11506 548 6527 811 391 463 280 1140 7992 2645
internal_value=-0.000467171 -0.0108098 0.0131476 -0.00470749 0.00763871 -0.0169893 0.020749 0.00518545 0.024203 0.00919116 -0.00164102 -0.00774312 -0.0147009 -0.00863311 -0.0152392 0.0174831 0.0186098 0.00320821 -0.000435449 -0.00671992 -0.0164066 -0.000965058 -0.0207112 -0.0179108 -0.00472038 0.0108851 0.0115444 0.00268088 -0.00713963 0.00553333
internal_weight=107750 61234 46516 30814 26976 30420 19540 16576 9481 5472 15333 15481 18853 13683 17801 10059 8584 11104 12396 2937 13773 1798 11567 5040 1050 1475 10400 4639 10172 3145
internal_count=107750 61234 46516 30814 26976 30420 19540 16576 9481 5472 15333 15481 18853 13683 17801 10059 8584 11104 12396 2937 13773 1798 11567 5040 1050 1475 10400 4639 10172 3145
is_linear=0
shrinkage=0.03


Tree=20
num_leaves=31
num_cat=0
split_feature=21 21 21 21 21 21 21 24 10 25 26 23 23 25 26 25 25 14 10 10 10 25 28 16 20 11 1 3 14 25
split_gain=16179.6 2739.59 1769.14 405.467 314.447 288.044 202.061 148.281 113.823 105.244 150.986 123.456 102.59 99.6271 117.569 99.1063 98.6532 96.7019 87.0686 85.6772 75.7956 101.859 75.727 74.2642 72.2033 68.1596 74.149 67.6776 66.3534 65.7398
threshold=6.1212500000000007 8.8595833333333349 4.0204166666666685 10.930416666666668 7.4952777777777788 2.5337500000000008 4.9854166666666684 3.7500000000000004 2.5000000000000004 2.1657653061224496 0.78257835753184668 4.2150000000000007 5.1150000000000011 1.3706217028585452 0.73724926354828246 2.2657084612804175 1.4539442196406043 0.68631868205181012 2.5000000000000004 1.5000000000000002 2.5000000000000004 2.0560468942821886 947.95000000000016 4.5750000000000011 3.8619031268857729 6.6650000000000009 30.550000000000004 4.8763163454356384 0.46701177715342829 2.7318330399798847
decision_type=2 2 2 2 2 2 2 2 2 2 2 2 2 2 2 2 2 2 2 2 2 2 2 8 2 10 2 2 2 2
left_child=2 4 5 9 7 -1 16 17 -7 10 -3 -12 20 14 -6 -8 -4 -2 -11 27 21 -5 -20 -10 -18 -21 -27 -9 -17 -15
right_child=1 3 6 12 13 8 15 19 23 18 11 -13 -14 29 -16 28 24 -19 22 25 -22 -23 -24 -25 -26 26 -28 -29 -30 -31
leaf_value=-0.0033939574555213211 -0.0028645896554508636 0.0070713805428740195 -0.0014866563217915832 0.012061416352546161 0.0032444075424874728 -0.0033731574685773613 -0.00070976637199949373 -0.0030414569513283222 -0.0030264891121461203 -0.00063937750253697633 0.0087443731837607667 0.012702339581633826 0.012344829019757371 0.0036303218039339252 0.009883291089434634 -0.0031927813781771164 -0.0029066024775970985 0.0012889532946595728 -0.00030638884672496038 0.0020897625693985667 0.012396824861237757 -0.0039883305809473154 0.0079940443297399511 -0.0026273657253809684 0.00081258573926514346 -3.9294088030978334e-05 0.0038152908330318235 0.00028983820880250198 -0.0014456255946117122 -0.0009828575295558761
leaf_weight=9391 1270 5461 5229 260 2145 2470 10937 409 12342 473 2319 3598 8286 9031 1792 1027 6912 682 331 7518 1085 204 1586 4972 240 4007 609 724 1669 490
leaf_count=9391 1270 5461 5229 260 2145 2470 10937 409 12342 473 2319 3598 8286 9031 1792 1027 6912 682 331 7518 1085 204 1586 4972 240 4007 609 724 1669 490
internal_value=-0.000488211 0.011471 -0.011817 0.0190397 0.00523917 -0.0168886 -0.00612706 0.00228389 -0.0148264 0.0157046 0.0169094 0.0202381 0.0236982 0.00857907 0.0125951 -0.00360537 -0.00890118 -0.00542667 0.00994572 0.00341998 0.0165058 0.00626866 0.0127836 -0.0139581 -0.0111918 0.00415685 0.00128544 -0.00445518 -0.00875231 0.00691266
internal_weight=107469 52280 55189 23603 28677 29175 26014 15219 19784 13768 11378 5917 9835 13458 3937 13633 12381 1952 2390 13267 1549 464 1917 17314 7152 12134 4616 1133 2696 9521
internal_count=107469 52280 55189 23603 28677 29175 26014 15219 19784 13768 11378 5917 9835 13458 3937 13633 12381 1952 2390 13267 1549 464 1917 17314 7152 12134 4616 1133 2696 9521
is_linear=0
shrinkage=0.03


Tree=21
num_leaves=31
num_cat=0
split_feature=21 21 21 21 21 21 21 10 9 23 27 23 1 25 25 16 12 27 27 16 10 10 10 29 21 28 29 16 1 1
split_gain=15521.3 2488.08 1995.4 362.522 331.992 296.971 241.551 152.634 119.66 118.579 124.772 115.516 111.325 110.782 100.835 96.4925 96.2356 95.3129 94.8908 85.6869 79.7545 77.1016 74.1885 113.892 71.6761 70.9758 134.067 70.7738 65.1847 64.3719
threshold=6.3020833333333339 9.1562500000000018 4.0204166666666685 11.010000000000002 7.7680555555555548 2.7129166666666671 4.7437500000000004 1.5000000000000002 3.5000000000000004 3.8150000000000004 -0.017452406437283484 5.1150000000000011 6.2500000000000009 1.412508890469417 2.2565617249931118 6.8050000000000006 5.0050000000000008 0.33379414889141285 -0.53727914962411594 6.0750000000000011 2.5000000000000004 2.5000000000000004 2.5000000000000004 65.500000000000014 5.6929166666666671 952.05000000000007 59.500000000000007 6.6650000000000009 -1.0499999999999998 21.350000000000005
decision_type=2 2 2 2 2 2 2 2 2 2 2 2 2 2 2 10 10 2 2 8 2 2 2 2 2 2 2 8 2 2
left_child=2 4 5 9 7 25 27 16 19 20 29 22 17 -9 24 21 -2 -10 -16 -6 -3 -7 23 -5 -8 26 -1 28 -4 -11
right_child=1 3 6 11 8 15 14 13 12 10 -12 -13 -14 -15 18 -17 -18 -19 -20 -21 -22 -23 -24 -25 -26 -27 -28 -29 -30 -31
leaf_value=-0.0031500866419986733 -0.0031760715942486168 0.00092398102382466537 -0.0034197316395770047 -0.0055292042029323534 -0.0018178528528528662 -0.0032714464441260952 -0.0011154322349643808 0.0031015381479901007 0.0026398726341893158 0.0085891250722560115 0.011816310619353905 0.011974484149164648 0.005088287924364574 0.00069591201762450063 0.0016724220058902649 -0.0014692994288079801 0.00017029063458014941 -0.0015756357361677519 -0.0026128194363015814 0.0063414356304198494 0.0075966957514699892 -0.0028696477759353788 0.011976035437940619 0.012233946161089871 7.6929314193549252e-05 -0.0032921387318556815 -0.0024222274682272685 -0.0012051071811980036 -0.0022789166716791994 0.0046760853278286019
leaf_weight=3849 620 758 860 210 380 2087 9435 5176 1669 3119 5042 8084 3146 9563 293 894 843 723 3466 7101 1808 14503 1024 223 5597 6510 1189 1858 6621 1012
leaf_count=3849 620 758 860 210 380 2087 9435 5176 1669 3119 5042 8084 3146 9563 293 894 843 723 3466 7101 1808 14503 1024 223 5597 6510 1189 1858 6621 1012
internal_value=-0.000489561 0.0116285 -0.0111956 0.0194306 0.00594436 -0.0167125 -0.00549991 0.00307645 0.0095109 0.0158864 0.0174842 0.0237806 0.00615912 0.00399417 -0.00353852 -0.0142375 -0.00615123 0.0012766 -0.00793039 0.0119864 0.0101517 -0.014755 0.0159029 0.00541096 -0.00243799 -0.0204518 -0.0177275 -0.00944242 -0.0107441 0.0135856
internal_weight=107663 50501 57162 21280 29221 29032 28130 16202 13019 11739 9173 9541 5538 14739 18791 17484 1463 2392 3759 7481 2566 16590 1457 433 15032 11548 5038 9339 7481 4131
internal_count=107663 50501 57162 21280 29221 29032 28130 16202 13019 11739 9173 9541 5538 14739 18791 17484 1463 2392 3759 7481 2566 16590 1457 433 15032 11548 5038 9339 7481 4131
is_linear=0
shrinkage=0.03


Tree=22
num_leaves=31
num_cat=0
split_feature=21 21 21 21 23 21 21 21 10 10 26 25 25 25 1 10 25 26 3 10 24 28 29 10 25 28 11 29 20 23
split_gain=14922.1 2482.49 1923.88 367.3 309.681 306.491 226.481 176.547 141.963 130.246 125.761 123.863 105.271 99.497 96.8945 89.9858 89.2723 88.5236 86.1047 81.3453 77.9014 77.8507 122.42 76.3651 85.5983 75.1553 74.1132 73.5205 69.397 67.7604
threshold=6.3020833333333339 9.3662500000000026 4.0204166666666685 7.7680555555555548 4.2150000000000007 2.7129166666666671 4.9854166666666684 10.752083333333335 2.5000000000000004 1.5000000000000002 0.79332313182700753 2.7318330399798847 2.4485655496766614 1.2518252065014657 -0.34999999999999992 1.5000000000000002 1.4539442196406043 0.81408451933196979 4.8763163454356384 1.5000000000000002 3.3500000000000001 952.05000000000007 65.500000000000014 4.5000000000000009 1.7379137643198437 950.25000000000011 3.4950000000000006 76.500000000000014 3.8619031268857729 3.8150000000000004
decision_type=2 2 2 2 2 2 2 2 2 2 2 2 2 2 2 2 2 2 2 2 2 2 2 2 2 2 10 2 2 2
left_child=2 3 5 9 8 21 16 10 27 18 -6 13 -11 17 -7 20 -4 -5 -2 -15 -8 22 -1 24 -21 -10 -17 -3 -18 -28
right_child=1 4 6 11 7 14 15 -9 25 12 -12 -13 -14 19 -16 26 28 -19 -20 23 -22 -23 -24 -25 -26 -27 29 -29 -30 -31
leaf_value=-0.0030166479855077287 -0.0031742606287856008 -0.00046112153844662604 -0.0013959036079101898 0.0038827523193124889 0.0072390811034026637 -0.0031733030508023126 -0.0039977264600036906 0.011615249624689707 0.002890827724474348 0.0018257105813535984 0.011916829298270894 -0.0017800809322718479 -0.00085593903610011737 0.00056763105432617699 -0.0027039715681211546 0.00050802795090044235 -0.0027092380993628735 0.012103501158205464 -0.00015863569852906932 0.0028597930438975802 -0.0015340900863294845 -0.003193374569900011 -0.0020986581890220634 0.0040567124415989602 0.0087253026542175299 0.0098790195226546237 -0.0013874099056823991 0.011352947073034785 0.00088713663464409537 -1.3394125381740173e-05
leaf_weight=4214 511 790 5200 1487 3575 2493 386 9897 468 13049 2504 431 1644 1237 15137 2879 6892 1594 952 894 911 6543 816 7034 2131 1909 7887 216 218 3738
leaf_count=4214 511 790 5200 1487 3575 2493 386 9897 468 13049 2504 431 1644 1237 15137 2879 6892 1594 952 894 911 6543 816 7034 2131 1909 7887 216 218 3738
internal_value=-0.000535386 0.0113847 -0.0110016 0.0061145 0.0198105 -0.0163938 -0.00539799 0.0215581 0.0115378 0.00298496 0.0175 0.00952677 0.00383522 0.0100021 -0.0138951 -0.00301974 -0.00844823 0.0147861 -0.00553815 0.00869127 -0.010576 -0.0201926 -0.0173386 0.00958366 0.0135743 0.015529 -0.00234062 0.00207715 -0.0106339 -0.00340757
internal_weight=107637 50323 57314 30964 19359 29203 28111 15976 3383 16156 6079 14808 14693 14377 17630 15801 12310 3081 1463 11296 1297 11573 5030 10059 3025 2377 14504 1006 7110 11625
internal_count=107637 50323 57314 30964 19359 29203 28111 15976 3383 16156 6079 14808 14693 14377 17630 15801 12310 3081 1463 11296 1297 11573 5030 10059 3025 2377 14504 1006 7110 11625
is_linear=0
shrinkage=0.03


Tree=23
num_leaves=31
num_cat=0
split_feature=21 21 21 21 21 21 21 8 24 16 14 24 12 16 9 26 8 28 29 4 28 29 14 26 26 8 24 26 15 12
split_gain=14425.5 2582.62 1785.01 373.905 304.596 287.816 192.663 124.728 109.795 102.577 97.67 97.2844 91.1252 91.0999 83.8783 110.643 86.482 78.5933 132.275 74.8279 72.3477 78.2395 69.1441 66.4793 87.8451 63.029 62.4984 64.8098 62.0882 61.3363
threshold=6.9137500000000012 4.0204166666666685 9.4254166666666688 5.6170833333333343 2.7454166666666668 10.930416666666668 8.1637500000000021 9.5000000000000018 3.7500000000000004 8.5350000000000019 0.61614392258086892 5.4500000000000011 9.2150000000000016 6.3650000000000011 3.5000000000000004 0.89490028524376763 13.500000000000002 952.6500000000002 59.500000000000007 0.70592989403099515 949.85000000000002 49.500000000000007 0.47606022028030642 0.83385407025023295 0.97988739209073494 2.5000000000000004 7.0500000000000007 0.9935340235047978 -0.20000000000000009 6.705000000000001
decision_type=2 2 2 2 2 2 2 2 2 8 2 2 10 10 2 2 2 2 2 2 2 2 2 2 2 2 2 2 10 10
left_child=1 4 6 7 17 20 11 9 10 25 -5 23 -7 22 15 -8 29 18 -1 -13 -4 -22 -6 -2 -25 -3 27 -17 -10 -16
right_child=2 3 5 8 13 12 14 -9 28 -11 -12 19 -14 -15 16 26 -18 -19 -20 -21 21 -23 -24 24 -26 -27 -28 -29 -30 -31
leaf_value=-0.0029586372312410715 0.0044178667583144584 -0.0019816473093754216 0.0064293962966793638 -0.0024147119331095423 -0.0029539464346727165 0.01092964888467836 0.0048514493126580564 -0.0012349579249348382 -0.0005645701874891218 -0.0001268052596026127 0.00047745424898253119 0.0036258120354566567 0.011266792135949015 -0.001681336170317611 -0.00057545149487074512 0.0039350110683509919 0.0053804431408223455 -0.0030975733328030106 -0.0023384326188500711 -0.00083957070723086771 0.010735084188237777 0.0092219193738698937 -0.002653177955834266 -0.001729065240008205 0.0011157932725805158 -0.0029870069680314293 0.012541997374505278 0.0088584410725730933 0.00088900606422417732 0.0042679699222936988
leaf_weight=4183 830 2314 2073 1657 5493 1662 3076 11506 5180 1078 1087 8618 8170 1299 1062 955 1915 6447 1377 832 2593 4543 10380 1331 1979 5139 1227 1068 6889 1670
leaf_count=4183 830 2314 2073 1657 5493 1662 3076 11506 5180 1078 1087 8618 8170 1299 1062 955 1915 6447 1377 832 2593 4543 10380 1331 1979 5139 1227 1068 6889 1670
internal_value=-0.000460153 -0.00952322 0.0128478 -0.00400918 -0.0161071 0.0197412 0.00750122 -0.00668047 -0.00039479 -0.00942948 -0.00580575 0.0051107 0.0233181 -0.0135355 0.0104582 0.0127089 0.00738392 -0.0197777 -0.0171213 0.00679006 0.0159117 0.0173505 -0.0141611 0.00127382 -0.000633484 -0.0106798 0.0165714 0.0132692 0.000837336 0.00394593
internal_weight=107633 64029 43604 34850 29179 19041 24563 20037 14813 8531 2744 13590 9832 17172 10973 6326 4647 12007 5560 9450 9209 7136 15873 4140 3310 7453 3250 2023 12069 2732
internal_count=107633 64029 43604 34850 29179 19041 24563 20037 14813 8531 2744 13590 9832 17172 10973 6326 4647 12007 5560 9450 9209 7136 15873 4140 3310 7453 3250 2023 12069 2732
is_linear=0
shrinkage=0.03


Tree=24
num_leaves=31
num_cat=0
split_feature=21 21 21 21 21 21 21 25 16 26 23 1 25 23 26 2 16 28 29 25 25 25 28 1 25 29 29 28 13 26
split_gain=14143 2214.45 2010.6 438.431 315.228 247.654 155.223 152.663 143.089 136.793 132.878 116.493 99.3383 92.6892 102.162 89.9491 85.2515 81.819 136.348 71.4878 66.5459 64.9793 64.1458 62.292 61.3245 61.314 60.3166 74.6377 59.2313 71.8968
threshold=6.6320833333333349 4.3445833333333344 9.4254166666666688 2.9333333333333331 10.930416666666668 8.2437500000000021 5.6929166666666671 1.3261145442507176 6.3650000000000011 0.77159520228797462 5.1150000000000011 -1.5499999999999998 1.5484111340800928 3.7750000000000004 0.79332313182700753 1.2079370213572984 9.0350000000000019 952.05000000000007 59.500000000000007 2.7318330399798847 2.5851829268292685 1.4803660263879492 943.55000000000007 15.65 1.4047921198936431 64.500000000000014 72.500000000000014 948.95000000000016 6.6733333333333347 0.90992662233962551
decision_type=2 2 2 2 2 2 2 2 8 2 2 2 2 2 2 2 10 2 2 2 2 2 2 2 2 2 2 2 2 2
left_child=1 3 5 17 13 7 12 9 11 22 -6 -5 -3 -4 -15 24 -14 18 -1 26 -9 -16 -2 -20 -8 -22 27 -7 -29 -30
right_child=2 6 4 8 10 19 15 20 -10 -11 -12 -13 16 14 21 -17 -18 -19 23 -21 25 -23 -24 -25 -26 -27 -28 28 29 -31
leaf_value=-0.0028263255339199649 0.0053745738907188959 -0.00079798465361753473 0.005168276363074059 -0.0029914667659227635 0.010469124816100342 0.0033363880455476867 0.0011254012234833549 0.0013884268318078402 -0.0016340092317181215 0.007558841850004972 0.010928788371870545 -0.0025496264038467539 -0.0022145978563152978 0.0072250746364674661 0.011363032544739388 -0.0017678193807202966 0.0010870688585405339 -0.0030046461328189201 -0.0031167674326036763 -0.0013606966988411833 -0.0026851134091272696 0.0096084156572104375 0.0010357289005784526 -0.0011930406306690606 -0.00037044818563437024 0.001810128746559399 0.0030774119260860871 0.0049739972732057713 0.0058139598192120225 0.011402457607696804
leaf_weight=4927 490 7392 1805 1800 1564 1918 3247 11114 2527 2137 8374 14494 8958 3847 1601 2173 432 8105 487 256 866 1873 2380 1044 5690 423 2205 1592 2140 1918
leaf_count=4927 490 7392 1805 1800 1564 1918 3247 11114 2527 2137 8374 14494 8958 3847 1601 2173 432 8105 487 256 866 1873 2380 1044 5690 423 2205 1592 2140 1918
internal_value=-0.00051798 -0.00998482 0.011956 -0.0151972 0.0194389 0.00675448 -0.00374449 0.00458915 -0.0121667 0.00900838 0.0231419 -0.0131971 -0.00556502 0.0153959 0.0169001 -0.000993252 -0.00761256 -0.0191083 -0.0165527 0.0105093 0.00280222 0.0206439 0.00471652 -0.00869141 0.00033885 -0.00363988 0.0109194 0.0121933 0.013931 0.0158602
internal_weight=107779 61276 46503 33384 19064 27439 27892 17410 18821 5007 9938 16294 16782 9126 7321 11110 9390 14563 6458 10029 12403 3474 2870 1531 8937 1289 9773 7568 5650 4058
internal_count=107779 61276 46503 33384 19064 27439 27892 17410 18821 5007 9938 16294 16782 9126 7321 11110 9390 14563 6458 10029 12403 3474 2870 1531 8937 1289 9773 7568 5650 4058
is_linear=0
shrinkage=0.03


Tree=25
num_leaves=31
num_cat=0
split_feature=19 19 19 19 19 19 25 16 16 1 24 26 16 28 8 24 10 12 28 10 8 27 20 16 1 11 9 28 1 10
split_gain=13476.3 2340.12 1614.83 469.403 229.827 186.564 179.214 173.745 160.759 147.602 141.324 182.102 138.129 129.363 113.799 104.521 101.431 100.91 93.1466 107.447 128.82 90.7885 90.271 87.7856 83.2611 82.1462 71.9289 70.2158 73.3041 69.434
threshold=7.0712500000000018 4.6029166666666672 9.7487500000000029 2.8258333333333341 11.566250000000004 6.043750000000002 2.4485655496766614 6.3650000000000011 8.5750000000000011 -1.5499999999999998 5.8500000000000005 0.79332313182700753 12.185 952.05000000000007 9.5000000000000018 9.2500000000000018 1.5000000000000002 4.9150000000000009 949.45000000000016 2.5000000000000004 11.500000000000002 0.15643446504023081 0.9460355877321639 9.2550000000000008 30.750000000000004 4.705000000000001 2.5000000000000004 960.25000000000011 -0.54999999999999993 5.5000000000000009
decision_type=2 2 2 2 2 2 2 8 8 2 2 2 8 2 2 2 2 10 2 2 2 2 2 8 2 10 2 2 2 2
left_child=1 3 6 13 18 14 8 9 24 -5 12 27 21 -1 -3 -13 25 -11 -4 20 -20 -10 -8 -21 -2 -7 29 28 -12 -24
right_child=2 5 4 7 -6 16 22 -9 10 17 11 15 -14 -15 -16 -17 -18 -19 19 23 -22 -23 26 -25 -26 -27 -28 -29 -30 -31
leaf_value=-0.0026415357515110886 0.0018927491307315816 -0.0021808975809936753 0.0061202929850765432 -0.0029113217587396238 0.010600924720714429 -0.0031629919947094068 0.0059832471594347819 -0.0015396598019155538 0.0032707309569558985 -0.0025079547416348678 -0.0018426646441066319 0.0081001627466228392 0.010888417294400973 -0.0029145067488343525 -0.00071695230298059773 0.01095213816627248 0.00044355621139881171 -0.001554153277684545 0.0018864404534967903 0.0039687083786511101 0.011263452987216049 -0.00034591133229147804 0.004824768838625414 0.010292240845170299 0.0039289079126355493 -8.3904940526915154e-05 -0.0018493657660376981 0.0086187713491073393 0.0034650321871438614 -0.00061820982448715031
leaf_weight=6697 7024 6922 2053 2006 7572 484 294 3495 2600 14553 314 3697 507 7754 9745 1821 10456 2568 822 617 703 1521 273 5563 1171 599 1206 721 3293 625
leaf_count=6697 7024 6922 2053 2006 7572 484 294 3495 2600 14553 314 3697 507 7754 9745 1821 10456 2568 822 617 703 1521 273 5563 1171 599 1206 721 3293 625
internal_value=-0.000473621 -0.00902656 0.0126949 -0.0139805 0.0197358 -0.00251391 0.00782427 -0.0112777 0.00864911 -0.0124017 0.0105505 0.0125835 0.00621627 -0.0182063 -0.00454355 0.0161977 0.000418399 -0.0114931 0.0166732 0.0181907 0.011 0.00438439 2.49688e-05 0.0199547 0.00528659 -0.00829963 -0.00216216 0.00796215 0.00623754 0.00425249
internal_weight=107676 65279 42397 37073 17330 28206 25067 22622 22669 19127 14474 9846 4628 14451 16667 5518 11539 17121 9758 7705 1525 4121 2398 6180 8195 1083 2104 4328 3607 898
internal_count=107676 65279 42397 37073 17330 28206 25067 22622 22669 19127 14474 9846 4628 14451 16667 5518 11539 17121 9758 7705 1525 4121 2398 6180 8195 1083 2104 4328 3607 898
is_linear=0
shrinkage=0.03


Tree=26
num_leaves=31
num_cat=0
split_feature=21 21 21 21 23 16 21 10 21 1 25 26 8 2 8 16 23 16 14 9 26 25 26 12 17 25 8 16 25 10
split_gain=12950.8 2485.64 1711.49 502.829 352.112 238.441 191.615 158.717 156.856 126.914 118.991 129.664 102.355 100.868 87.5636 84.0975 76.5063 76.2054 72.669 70.3187 91.0936 83.1279 76.6818 72.5273 68.5259 67.0955 64.9372 60.1967 59.9798 58.6491
threshold=6.9137500000000012 4.5029166666666676 9.4737500000000026 2.9333333333333331 4.1650000000000009 10.445000000000002 8.377083333333335 2.5000000000000004 5.979583333333335 -0.74999999999999989 1.4047921198936431 0.7489272028500833 9.5000000000000018 1.2070543490138486 13.500000000000002 6.3650000000000011 5.3250000000000011 8.7650000000000023 0.46306946923041009 3.5000000000000004 0.89490028524376763 2.1657653061224496 0.98897820466835418 6.7750000000000012 11.235000000000001 2.6990516001438336 9.5000000000000018 5.7250000000000005 1.2459237926451043 4.5000000000000009
decision_type=2 2 2 2 2 8 2 2 2 2 2 2 2 2 2 8 2 10 2 2 2 2 2 10 2 2 2 8 2 2
left_child=1 3 6 18 7 -6 10 -4 12 27 11 -2 17 28 25 26 -7 -3 -1 20 -8 -22 -23 -21 -18 -12 -11 -5 -10 -13
right_child=2 8 4 9 5 16 19 -9 13 15 14 29 -14 -15 -16 -17 24 -19 -20 23 21 22 -24 -25 -26 -27 -28 -29 -30 -31
leaf_value=-0.0028270715463693218 0.0016273757169712804 -0.0022348376732945195 -8.7369663617526961e-05 -0.0028234658055834899 0.0074582160966390771 0.010061164438099098 0.0045028685569484007 0.0076403566690041108 0.0021759608901699657 -0.0027156645027106266 0.00081329888183518913 0.0054272179043481483 -0.00063495697535350358 -0.0014000714369074752 0.0023501580268262771 -0.0015432095006713167 0.0094328960015768234 0.00033846099588650825 -0.0027270715299780447 0.00083956231956682111 0.011369904213332727 -0.0005996635297525365 0.0068353102404155172 0.0049298913175207732 0.010308216954945963 -0.0019778016288554824 -0.0019583979785225119 -0.002433910511868591 0.0001009811576797956 0.0089891347557588906
leaf_weight=6264 2914 6646 940 2089 3596 2544 2514 1996 2420 6349 5722 936 10452 2149 4221 2548 1900 814 8215 1242 1886 372 560 2691 7617 550 9267 658 6095 1293
leaf_count=6264 2914 6646 940 2089 3596 2544 2514 1996 2420 6349 5722 936 10452 2149 4221 2548 1900 814 8215 1242 1886 372 560 2691 7617 550 9267 658 6095 1293
internal_value=-0.000492439 -0.00908005 0.0121368 -0.0143936 0.019023 0.0208115 0.00699229 0.00946617 -0.00249816 -0.0114128 0.00496388 0.00870047 -0.00421276 0.000382416 0.00312917 -0.0104981 0.0228369 -0.00689618 -0.018693 0.010411 0.0126588 0.0163656 0.00896478 0.00735145 0.0240863 0.000879401 -0.0113232 -0.017431 0.00184859 0.0141406
internal_weight=107460 63966 43494 35390 18593 15657 24901 2936 28576 20911 15636 5143 17912 10664 10493 18164 12061 7460 14479 9265 5332 2818 932 3933 9517 6272 15616 2747 8515 2229
internal_count=107460 63966 43494 35390 18593 15657 24901 2936 28576 20911 15636 5143 17912 10664 10493 18164 12061 7460 14479 9265 5332 2818 932 3933 9517 6272 15616 2747 8515 2229
is_linear=0
shrinkage=0.03


Tree=27
num_leaves=31
num_cat=0
split_feature=21 21 21 21 21 23 21 10 2 2 16 25 2 28 29 25 28 21 28 25 28 29 28 16 28 14 10 25 28 16
split_gain=12413.6 2539.24 1611.81 463.184 282.125 240.055 196.137 136.445 125.699 125.221 113.003 108.302 107.233 100.761 125.371 98.9257 95.0787 89.3965 82.078 81.7413 81.2527 134.97 75.2643 71.7307 68.6102 68.4538 67.1497 66.1609 65.457 62.1191
threshold=7.0270833333333345 4.3779166666666685 10.141250000000003 2.7129166666666671 8.377083333333335 4.1950000000000012 5.7995833333333353 2.5000000000000004 1.211036566708058 1.2341082399135381 10.445000000000002 1.5484111340800928 1.2141520597395583 948.95000000000016 49.500000000000007 1.4194111717617102 958.55000000000007 3.4245833333333335 959.85000000000002 1.4047921198936431 952.05000000000007 65.500000000000014 954.05000000000007 10.555000000000001 963.6500000000002 0.61076454819622128 6.5000000000000009 2.0996092259315238 959.85000000000002 8.7650000000000023
decision_type=2 2 2 2 2 2 2 2 2 2 8 2 2 2 2 2 2 2 2 2 2 2 2 8 2 2 2 2 2 10
left_child=1 3 4 20 15 7 11 -4 17 19 -7 -3 13 27 -15 16 22 -5 -14 -8 21 -1 26 28 -11 -10 -2 -6 -16 -13
right_child=2 6 5 8 12 10 9 -9 25 24 -12 29 18 14 23 -17 -18 -19 -20 -21 -22 -23 -24 -25 -26 -27 -28 -29 -30 -31
leaf_value=-0.0025924759930990061 0.0062855987667493228 -0.00057308322922156735 -0.00093184872524885998 -0.0024167058369284271 0.0051182658282197613 0.0076825885164085277 0.0013601655958528952 0.0087703062671733688 -0.0027477848857811386 -0.0030261000917609 0.0099736504704446179 -0.0019372532369749038 -0.00028119890883638172 0.0082711203602701278 0.0033475665494391471 0.0013820786555944536 0.0079973134220891196 -0.0020434915123761091 0.0069334394220899598 -0.00024363795388446157 -0.0027422593999782423 -0.0017555346019036638 -0.00031389675183956579 0.0082867551912536412 0.00013050120210887555 -0.0025367209579132844 0.001662489642637181 -0.00040231451053716449 0.010490759417345268 0.00034348779042718769
leaf_weight=4224 1553 7644 545 8111 2172 1832 4467 1035 1729 571 10626 9171 1112 3653 1996 9650 782 11061 1492 8787 6540 825 843 2074 286 1388 1575 607 775 632
leaf_count=4224 1553 7644 545 8111 2172 1832 4467 1035 1729 571 10626 9171 1112 3653 1996 9650 782 11061 1492 8787 6540 825 843 2074 286 1388 1575 607 775 632
internal_value=-0.000448206 -0.00863679 0.0122121 -0.0143399 0.00808512 0.0205213 -0.00251307 0.00946372 -0.0118054 0.000116889 0.0219193 -0.00463958 0.0111371 0.0124047 0.014028 0.00514089 0.00868222 -0.0108912 0.00563434 0.000837167 -0.0192073 -0.0163059 0.0067832 0.0108433 -0.0109629 -0.0174023 0.00892435 0.00742457 0.0076621 -0.00672614
internal_weight=107758 65436 42322 33878 28284 14038 31558 1580 22289 14111 12458 17447 13881 11277 8498 14403 4753 19172 2604 13254 11589 5049 3971 4845 857 3117 3128 2779 2771 9803
internal_count=107758 65436 42322 33878 28284 14038 31558 1580 22289 14111 12458 17447 13881 11277 8498 14403 4753 19172 2604 13254 11589 5049 3971 4845 857 3117 3128 2779 2771 9803
is_linear=0
shrinkage=0.03


Tree=28
num_leaves=31
num_cat=0
split_feature=22 22 22 22 23 16 24 16 16 10 16 5 1 10 16 28 1 25 28 1 26 23 28 29 1 29 23 28 8 24
split_gain=11784.2 2102.26 1639.62 430.003 305.365 219.177 216.757 188.379 181.061 174.359 173.897 168.347 154.364 136.075 117.013 114.46 161.937 99.8748 91.8054 84.3802 83.4681 166.465 83.112 81.9778 111.464 77.0999 73.7495 78.5246 73.5845 68.1922
threshold=0.42872553547682329 0.075824403574357255 0.85292977777092638 0.17553474930158638 4.1950000000000012 10.445000000000002 5.0500000000000007 8.5350000000000019 4.035000000000001 2.5000000000000004 6.3650000000000011 0.035129887858636875 -1.0499999999999998 1.5000000000000002 10.555000000000001 959.45000000000016 -1.0499999999999998 1.5259387415096761 951.1500000000002 30.750000000000004 0.79332313182700753 4.1950000000000012 949.35000000000002 71.500000000000014 -4.2499999999999991 63.500000000000007 5.245000000000001 950.05000000000007 16.500000000000004 6.2500000000000009
decision_type=2 2 2 2 2 8 2 8 10 2 8 2 2 2 8 2 2 2 2 2 2 2 2 2 2 2 2 2 2 2
left_child=1 8 6 10 9 -6 14 19 11 28 12 18 -3 23 -2 16 -9 -15 25 -8 -18 -22 -11 -5 -25 -1 -7 -28 -4 -17
right_child=2 3 4 13 5 26 7 15 -10 22 -12 -13 -14 17 -16 29 20 -19 -20 -21 21 -23 -24 24 -26 -27 27 -29 -30 -31
leaf_value=-0.0025620020217312525 -0.00055559151342617075 -0.0026905932100127639 -0.0013767022932720285 -0.003364827848983024 0.0069480480893504377 0.0093948235936013591 0.0016519645072294753 -0.001041498474752665 -0.0021532475358419932 0.00029655991574207506 -0.00078153519789821906 -0.0024183942524994306 -0.0019116143933775914 0.0004727223408520159 0.0038368949772198562 0.0067215843562629272 0.0030217927468722187 -0.00067516616585894219 -0.0026599916179788951 0.0043974211947408253 0.0035294681598167159 0.0095680989248419137 0.00892708797168742 -0.0035215382334008462 0.0015878089805612615 -0.0021849795815576125 0.0091091251672149997 0.009699760932184243 0.0093316157091017041 0.009718569490768195
leaf_weight=2840 3341 1657 610 916 2657 2155 7425 1012 5218 294 4198 9702 12071 7907 1450 918 4051 12132 6037 1101 2566 2524 1226 341 671 708 1858 7400 234 2327
leaf_count=2840 3341 1657 610 916 2657 2155 7425 1012 5218 294 4198 9702 12071 7907 1450 918 4051 12132 6037 1101 2566 2524 1226 341 671 708 1858 7400 234 2327
internal_value=-0.000490089 -0.00861854 0.0116409 -0.00436939 0.0190961 0.020773 0.00705202 0.00831502 -0.0155337 0.00909244 -0.00781663 -0.0168769 -0.00945023 -0.00155516 0.00126981 0.0105335 0.00895747 -0.000821692 -0.0197049 0.00482476 0.0102176 0.0127772 0.0151475 -0.00915675 -0.00324484 -0.0158232 0.0225828 0.023759 -0.00183746 0.0154431
internal_weight=107547 64398 43149 39893 16434 14070 26715 21924 24505 2364 17926 19287 13728 21967 4791 13398 10153 20039 9585 8526 9141 5090 1520 1928 1012 3548 11413 9258 844 3245
internal_count=107547 64398 43149 39893 16434 14070 26715 21924 24505 2364 17926 19287 13728 21967 4791 13398 10153 20039 9585 8526 9141 5090 1520 1928 1012 3548 11413 9258 844 3245
is_linear=0
shrinkage=0.03


Tree=29
num_leaves=31
num_cat=0
split_feature=21 21 21 21 21 21 23 16 10 25 16 1 1 1 27 28 25 25 28 10 10 28 28 25 5 25 10 12 11 2
split_gain=11775.3 2425.97 1597.13 324.514 273.267 264.054 184.073 165.799 115.104 114.993 114.19 111.206 97.3284 94.0419 147.881 113.815 97.2309 85.4823 84.5585 80.3855 81.7401 74.1712 69.556 69.3678 66.6687 65.8839 64.9635 66.8379 64.4836 62.9937
threshold=7.0270833333333345 4.0204166666666685 10.141250000000003 2.7129166666666671 5.4137500000000012 8.377083333333335 5.1150000000000011 10.445000000000002 2.5000000000000004 1.4047921198936431 8.0150000000000023 -0.54999999999999993 1.0000000180025095e-35 2.0500000000000003 0.017452406437283369 950.1500000000002 2.1657653061224496 1.2245289670570727 952.6500000000002 4.5000000000000009 6.5000000000000009 949.95000000000016 959.45000000000016 2.0007256894049354 0.10879436617095452 1.4047921198936431 1.5000000000000002 6.285000000000001 1.2750000000000001 1.1290867188884655
decision_type=2 2 2 2 2 2 2 8 2 2 8 2 2 2 2 2 2 2 2 2 2 2 2 2 2 2 2 10 10 2
left_child=1 3 5 18 10 17 8 -8 23 19 12 -5 -3 16 -15 29 22 -2 -1 24 -21 -9 -7 -4 -6 -17 27 -19 -13 -16
right_child=2 4 6 11 9 13 7 21 -10 -11 -12 28 -14 14 15 25 -18 26 -20 20 -22 -23 -24 -25 -26 -27 -28 -29 -30 -31
leaf_value=-0.0024108805881733063 0.0039879878502436811 -0.0027194466003672437 0.0090383135870751672 -0.0025744876955830385 -0.0035017812810793861 0.0019526628742920298 0.0068099296049659742 0.0088664859767302508 0.0090198171274916625 -0.00064848366261288203 0.0001587164751468681 -0.0014437654449570463 -0.0015356464450415454 0.004513336721303436 0.0055830919757441739 0.0099241475150494245 -0.00023704466838633863 -0.0022748798939860263 -0.0025801918694395281 0.0033932085637705099 0.00075083717239164899 0.0094064206289865473 0.0089972412744968398 -0.0013354012244738678 0.00011337451680187765 0.0071820574492866829 0.0020785256317737461 0.0023532914731650778 -0.0022560244406632526 -0.00068973018581575888
leaf_weight=5298 2913 2162 452 2440 394 1164 1753 1765 2343 12412 2057 1532 13198 4877 1304 1579 1169 798 6300 1422 3119 7254 1740 483 1243 1719 10119 415 13500 315
leaf_count=5298 2913 2162 452 2440 394 1164 1753 1765 2343 12412 2057 1532 13198 4877 1304 1579 1169 798 6300 1422 3119 7254 1740 483 1243 1719 10119 415 13500 315
internal_value=-0.000398624 -0.00840002 0.0119511 -0.0148457 -0.00319477 0.00782089 0.0202092 0.0221082 0.0139446 -0.000664695 -0.00589427 -0.0122561 -0.00678295 0.0107677 0.0123625 0.0160362 0.00692251 0.00494947 -0.01874 0.00267831 0.00473163 0.0237533 0.00985906 0.00501064 -0.00301462 0.0192371 0.00376819 -0.00278325 -0.0112842 0.0094766
internal_weight=107239 65077 42162 29070 36007 28112 14050 10772 3278 18590 17417 17472 15360 13867 9794 4917 4073 14245 11598 6178 4541 9019 2904 935 1637 3298 11332 1213 15032 1619
internal_count=107239 65077 42162 29070 36007 28112 14050 10772 3278 18590 17417 17472 15360 13867 9794 4917 4073 14245 11598 6178 4541 9019 2904 935 1637 3298 11332 1213 15032 1619
is_linear=0
shrinkage=0.03


Tree=30
num_leaves=31
num_cat=0
split_feature=21 21 21 21 21 21 21 8 25 23 23 26 16 15 1 8 14 9 26 25 2 28 1 28 14 16 28 29 28 25
split_gain=11559.6 2228.88 1654.65 382.662 235.507 232.536 216.674 131.504 122.025 116.251 115.559 150.596 111.762 109.522 108.274 95.3164 91.2718 90.5058 102.016 140.158 98.7588 92.6961 90.3457 87.0723 81.0917 80.3943 73.3996 96.2982 73.0867 71.1666
threshold=6.3020833333333339 9.3662500000000026 3.7370833333333335 10.930416666666668 8.0079166666666683 4.7437500000000004 2.5337500000000008 12.500000000000002 1.2459237926451043 5.1150000000000011 3.9150000000000005 0.79332313182700753 6.2250000000000005 0.49000000000000071 -1.0499999999999998 9.5000000000000018 0.47606022028030642 3.5000000000000004 0.77159520228797462 2.1209746704191974 1.180739009469612 962.95000000000016 -0.54999999999999993 950.1500000000002 1.1201859952502846 8.5350000000000019 949.05000000000007 63.500000000000007 953.85000000000002 1.4257619121287131
decision_type=2 2 2 2 2 2 2 2 2 2 2 2 8 10 2 2 2 2 2 2 2 2 2 2 2 10 2 2 2 2
left_child=2 4 6 10 7 12 26 8 25 -5 -3 -12 14 15 -4 -7 22 18 -6 -20 -19 -22 -8 -21 -11 28 27 -1 -2 -13
right_child=1 3 5 9 17 13 16 -9 -10 24 11 29 -14 -15 -16 -17 -18 20 19 23 21 -23 -24 -25 -26 -27 -28 -29 -30 -31
leaf_value=-0.0024035167436838693 0.0043531981678062194 0.0041775589494386861 -0.0025531832154404733 0.0088257798265116618 0.0034621449859396931 -0.0021319314582060669 -0.0025127089127149056 0.0018609744980504044 -0.00031453424813147944 0.0091043717985042783 0.0057533571964770922 0.0095863642834918862 -0.00087676320505800619 0.00020842707813985672 -0.0018818318822449145 -0.0006153731620660096 -0.002180134409199556 0.0041048266531859348 0.010607600013992037 -0.0019908083845636641 -0.00062258379031718096 0.0094994726928505011 -0.0023612827599754508 0.003551202664896017 0.0090442928655262867 0.0087438587346018327 -0.0025027861133563424 -0.0013228384350691936 -0.0039111515000698482 0.0081903946468088792
leaf_weight=2427 613 2201 1217 1612 3192 5679 1037 9076 8072 6168 4058 1582 3063 5339 8985 7708 10087 2874 2274 203 1949 315 4786 1323 2194 552 6544 458 281 1770
leaf_count=2427 613 2201 1217 1612 3192 5679 1037 9076 8072 6168 4058 1582 3063 5339 8985 7708 10087 2874 2274 203 1949 315 4786 1323 2194 552 6544 458 281 1770
internal_value=-0.000480194 0.0100141 -0.00968937 0.0179219 0.0049712 -0.00515221 -0.0154155 0.00284854 0.000384333 0.0220423 0.0136366 0.0154309 -0.00819066 -0.00299824 -0.00969923 -0.00444668 -0.0132705 0.0082225 0.0104445 0.0137661 0.00519152 0.000502424 -0.0162714 0.0067015 0.0234708 0.00839421 -0.0190259 -0.0149792 0.00280311 0.020143
internal_weight=107639 50309 57330 19585 30724 31991 25339 18594 9518 9974 9611 7410 13265 18726 10202 13387 15910 12130 6992 3800 5138 2264 5823 1526 8362 1446 9429 2885 894 3352
internal_count=107639 50309 57330 19585 30724 31991 25339 18594 9518 9974 9611 7410 13265 18726 10202 13387 15910 12130 6992 3800 5138 2264 5823 1526 8362 1446 9429 2885 894 3352
is_linear=0
shrinkage=0.03


Tree=31
num_leaves=31
num_cat=0
split_feature=21 21 21 21 21 21 12 16 8 8 10 8 16 1 27 1 28 14 1 28 28 14 16 10 9 28 29 1 28 16
split_gain=11179.6 2190.8 1664.05 311.001 260.853 254.461 184.806 169.179 141.356 119.447 97.4074 95.3841 94.3817 105.589 117.959 93.9717 120.308 92.5031 89.1411 87.6283 83.9343 75.8912 73.6388 68.9503 108.78 68.0847 115.006 78.8022 67.0634 64.4395
threshold=7.0270833333333345 3.859583333333334 10.141250000000003 5.0920833333333357 2.6429166666666677 8.7579166666666701 8.2550000000000008 10.445000000000002 10.500000000000002 8.5000000000000018 1.5000000000000002 11.500000000000002 8.4950000000000028 2.0500000000000003 0.017452406437283369 -2.3499999999999992 958.75000000000011 0.47606022028030642 -1.4499999999999997 960.55000000000007 950.1500000000002 0.70315953618886196 8.5350000000000019 1.5000000000000002 4.5000000000000009 952.6500000000002 59.500000000000007 15.65 950.1500000000002 6.2250000000000005
decision_type=2 2 2 2 2 2 10 8 2 2 2 2 8 2 2 2 2 2 2 2 2 2 8 2 2 2 2 2 2 8
left_child=1 4 5 9 25 11 15 -8 10 22 21 23 -7 19 -15 -4 -17 18 -6 -14 -9 -5 -3 24 -2 26 -1 -28 -16 -11
right_child=2 3 6 8 17 12 7 20 -10 29 -12 -13 13 14 28 16 -18 -19 -20 -21 -22 -23 -24 -25 -26 -27 27 -29 -30 -31
leaf_value=-0.0023254331597914405 0.0010034587418764767 -0.0024168020294353838 0.00018453230103924217 -0.0033458034066502582 -0.0024364641110923816 0.001668621203770506 0.0063509312072810081 0.0083538425879258731 0.00018766711880539104 -0.001394614248268377 -0.00087483244513470782 0.0031221453945305924 0.0011025163688163967 0.0045607841115256646 0.0053545796652920592 0.0062386489484834761 0.0092117253957557273 -0.0020944089538571277 -0.0023226467416820975 0.0087484849789111804 0.0088534443313939889 -0.0001247817160291055 -0.00040536024527466631 0.0020807016105250402 -0.0036543175266723527 -0.0024277025299556522 -0.0024705957984109601 -0.00086785167101663375 0.0092574489480185835 -0.00020032465104543733
leaf_weight=3643 526 5476 504 634 908 1377 1815 2080 12531 7298 9244 9289 1612 2703 943 1015 472 10477 4837 1286 8251 284 659 7478 300 5824 450 790 2493 2363
leaf_count=3643 526 5476 504 634 908 1377 1815 2080 12531 7298 9244 9289 1612 2703 943 1015 472 10477 4837 1286 8251 284 659 7478 300 5824 450 790 2493 2363
internal_value=-0.000483048 -0.00824572 0.0115661 -0.00365278 -0.0148084 0.00732864 0.0199555 0.0213464 -0.00140233 -0.00688437 -0.00403069 0.00512615 0.0110452 0.0121599 0.0143896 0.0114379 0.0152212 -0.0124016 -0.0154696 0.00741991 0.0228338 -0.0133261 -0.010158 0.00278734 -0.00541516 -0.0184475 -0.0157917 -0.00785542 0.018082 -0.00480137
internal_weight=107562 65418 42144 38489 26929 28007 14137 12146 22693 15796 10162 17593 10414 9037 6139 1991 1487 16222 5745 2898 10331 918 6135 8304 826 10707 4883 1240 3436 9661
internal_count=107562 65418 42144 38489 26929 28007 14137 12146 22693 15796 10162 17593 10414 9037 6139 1991 1487 16222 5745 2898 10331 918 6135 8304 826 10707 4883 1240 3436 9661
is_linear=0
shrinkage=0.03


Tree=32
num_leaves=31
num_cat=0
split_feature=21 21 21 21 21 21 23 8 27 23 27 8 25 14 16 14 2 1 15 2 28 29 28 16 27 2 23 1 23 21
split_gain=10753.4 2130.78 1684.51 376.49 296.874 262.556 144.037 132.611 123.417 227.462 117.812 115.63 105.87 101.742 100.128 95.4624 89.4297 87.6221 78.3002 72.3815 69.2557 72.9647 69.0603 68.8248 68.7439 65.9612 66.5496 65.5413 62.9435 62.8472
threshold=7.0270833333333345 3.859583333333334 10.752083333333335 8.7112500000000015 4.8495833333333342 2.5337500000000008 5.1150000000000011 9.5000000000000018 -0.026175951569892126 4.1250000000000009 0.1218693434051476 12.500000000000002 2.6990516001438336 1.1201859952502846 6.2250000000000005 0.47606022028030642 1.2213337359981209 -1.4499999999999997 0.50000000000000044 1.0994035722003381 949.05000000000007 63.500000000000007 950.05000000000007 7.8750000000000009 0.28400453026986811 1.2070543490138486 7.8550000000000013 -0.74999999999999989 6.995000000000001 5.8670833333333343
decision_type=2 2 2 2 2 2 2 2 2 2 2 2 2 2 8 2 2 2 10 2 2 2 2 10 2 2 2 2 2 2
left_child=1 5 3 11 14 20 24 18 23 10 -10 12 19 -8 16 17 -3 -7 29 -2 21 -1 -11 28 -4 26 -24 -26 -5 -6
right_child=2 4 6 8 7 15 13 -9 9 22 -12 -13 -14 -15 -16 -17 -18 -19 -20 -21 -22 -23 25 -25 27 -27 -28 -29 -30 -31
leaf_value=-0.0022616482465796098 0.0070003594675153019 -0.0017561386074760586 0.008668019261064492 0.0035978740045090178 -0.0022899486596880524 -0.0023596417527009567 0.0085675521551891922 3.541175257454232e-05 0.0078792091788144804 0.0061012799768357662 0.0013449386554332345 0.0028863788875840299 -0.0020913473237552174 0.0085159013052706727 -0.00071601872170160171 -0.0020520585010520274 -0.0025146304108105257 -0.0022417272419729475 5.1084257715738047e-05 0.0012743331407015196 -0.0023548714540569823 -0.0014992720555720514 0.0089638784201652322 0.0045993663336124915 -0.00093370705219449014 0.008693810776188372 0.0049302816492581758 0.0086873054833289491 -0.0052341292244062919 -0.00096410553457226648
leaf_weight=2402 536 8890 1292 502 3710 1011 6595 14920 2049 1357 1994 8510 571 2306 3207 11238 732 5358 2621 7671 6589 440 2593 4279 363 831 271 258 289 4194
leaf_count=2402 536 8890 1292 502 3710 1011 6595 14920 2049 1357 1994 8510 571 2306 3207 11238 732 5358 2621 7671 6589 440 2593 4279 363 831 271 258 289 4194
internal_value=-0.000500539 -0.0081305 0.011289 0.00777513 -0.00357533 -0.0145768 0.0215011 -0.00169862 0.0114008 0.0134934 0.00817441 0.00480194 0.00238415 0.0231114 -0.00729547 -0.0124057 -0.00882518 -0.0153483 -0.00427635 0.00325499 -0.0186212 -0.014647 0.0177378 0.00763744 0.0139677 0.019873 0.0220425 0.00570288 -0.00048995 -0.00576558
internal_weight=107579 65312 42267 31453 38274 27038 10814 25445 14165 9095 4043 17288 8778 8901 12829 17607 9622 6369 10525 8207 9431 2842 5052 5070 1913 3695 2864 621 791 7904
internal_count=107579 65312 42267 31453 38274 27038 10814 25445 14165 9095 4043 17288 8778 8901 12829 17607 9622 6369 10525 8207 9431 2842 5052 5070 1913 3695 2864 621 791 7904
is_linear=0
shrinkage=0.03


Tree=33
num_leaves=31
num_cat=0
split_feature=21 21 21 21 21 21 12 25 16 25 26 2 24 28 29 14 16 16 20 25 2 12 28 29 28 26 16 28 11 5
split_gain=10285.9 2275.97 1462.76 419.967 325.777 167.889 147.359 131.243 117.516 115.787 193.496 114.087 112.594 108.355 149.898 100.498 93.2552 83.6095 80.7115 80.3065 80.1329 79.1181 83.4717 95.7956 127.659 75.5011 70.8081 68.3135 66.7273 66.4898
threshold=7.2591666666666681 4.5029166666666676 10.752083333333335 3.0283333333333347 8.7579166666666701 5.979583333333335 9.1050000000000022 2.2852561796597981 6.3650000000000011 1.3075965351026952 0.62249093318774806 1.2154921835164567 3.7500000000000004 952.05000000000007 59.500000000000007 0.71591433379513603 10.445000000000002 6.8950000000000005 0.8994419550450371 1.5547626806244337 1.1439431239691966 6.7350000000000012 948.95000000000016 71.500000000000014 959.6500000000002 0.95878322595067733 10.005000000000001 959.85000000000002 8.8250000000000011 0.035129887858636875
decision_type=2 2 2 2 2 2 10 2 8 2 2 2 2 2 2 2 10 8 2 2 2 10 2 2 2 2 10 2 10 2
left_child=1 3 4 13 7 19 25 17 11 10 -6 -5 15 14 -1 -7 -8 -2 -9 -3 -16 -11 -23 -24 -25 27 -21 -4 -14 -15
right_child=2 5 6 8 9 12 16 18 -10 21 -12 -13 28 29 20 -17 -18 -19 -20 26 -22 22 23 24 -26 -27 -28 -29 -30 -31
leaf_value=-0.0021497249832899586 4.6012258570318761e-05 -0.00036048314614684049 0.0038241328243844427 -0.0018862840641723103 0.004169074486321994 -0.0023863754844580822 0.006636356206635623 0.0051787622624891363 -0.0010823848420153058 0.0023872349681647136 0.0088658848248760174 -0.00229083369980463 0.0007667180018002056 -0.0022842253104352729 -0.00070863383728048265 0.0012969475239099611 0.0083129060364489343 0.0034211901996555384 -0.00074601286781936368 -0.001556327624327395 -0.0024181726089388136 0.0028200859442835523 0.0069674348157016692 0.00040389939507775251 0.008097224993787927 0.0084865253740796179 0.003001598728894802 0.0084689816235273031 -0.0028594215963988743 -0.0022648526208790894
leaf_weight=5430 1615 7629 902 14774 1441 1395 1019 308 2989 1717 1744 1909 11693 5774 1127 712 7832 10780 2450 10145 539 1464 5048 1251 1097 791 236 234 598 2941
leaf_count=5430 1615 7629 902 14774 1441 1395 1019 308 2989 1717 1744 1909 11693 5774 1127 712 7832 10780 2450 10145 539 1464 5048 1251 1097 791 236 234 598 2941
internal_value=-0.000395394 -0.00748807 0.0117354 -0.012737 0.0082168 -0.00174004 0.0211667 0.00517944 -0.00980637 0.0115581 0.0165799 -0.010788 0.000674859 -0.016379 -0.0136037 -0.00572443 0.0228083 0.00649597 -0.000738328 -0.00367027 -0.00570916 0.0100387 0.011181 0.0124767 0.00744581 0.013587 -0.00538706 0.00857143 0.00177375 -0.0186296
internal_weight=107584 67891 39693 35483 28915 32408 10778 15153 19672 13762 3185 16683 14398 15811 7096 2107 8851 12395 2758 18010 1666 10577 8860 7396 2348 1927 10381 1136 12291 8715
internal_count=107584 67891 39693 35483 28915 32408 10778 15153 19672 13762 3185 16683 14398 15811 7096 2107 8851 12395 2758 18010 1666 10577 8860 7396 2348 1927 10381 1136 12291 8715
is_linear=0
shrinkage=0.03


Tree=34
num_leaves=31
num_cat=0
split_feature=21 21 21 21 21 21 25 3 8 2 16 1 27 24 28 16 25 16 28 29 16 27 28 1 16 25 28 16 25 16
split_gain=10049.7 2192.4 1547.56 399.621 281.625 168.409 139.693 124.329 109.186 107.36 103.942 114.623 102.155 125.458 105.1 101.884 122.793 99.118 97.0267 136.211 93.5764 80.7285 79.2981 78.7869 78.011 75.5909 74.8576 85.1397 73.6011 67.4201
threshold=7.2237500000000008 4.3779166666666685 10.752083333333335 2.7129166666666671 9.3104166666666703 5.979583333333335 1.351860729377508 8.5400072674234018 9.5000000000000018 1.2079370213572984 4.955000000000001 4.8500000000000005 0.15643446504023081 6.2500000000000009 948.45000000000016 9.5950000000000006 1.3839474080771552 8.5750000000000011 953.55000000000007 65.500000000000014 11.325000000000001 0.46173103126271869 960.25000000000011 15.65 8.7650000000000023 1.7379137643198437 960.45000000000016 6.8050000000000006 1.8238154318799482 1.6150000000000004
decision_type=2 2 2 2 2 2 2 2 2 2 8 2 2 2 2 8 2 10 2 2 10 2 2 2 10 2 2 8 2 10
left_child=1 3 4 18 6 8 17 28 24 -7 11 21 14 22 -8 -6 -17 -2 19 -1 -9 -5 -14 -21 -3 -16 -11 -28 -4 -27
right_child=2 5 7 10 15 9 12 20 -10 26 -12 -13 13 -15 25 16 -18 -19 -20 23 -22 -23 -24 -25 -26 29 27 -29 -30 -31
leaf_value=-0.0021065331629753492 0.0023550529755316449 -0.0019795588562138296 0.0080814272557030234 -0.0022506716683640352 0.0031121977700561887 0.00062039591784593113 -0.00011151140074357191 0.0073440385925726348 -0.00049297048356230621 -0.0025448736948668329 -0.0016019012484304184 -0.0018733073527134781 -9.4222832187911267e-05 0.0033258149208271527 0.0012303324481055056 0.0084128765445652034 0.0057112707036351884 0.0064294910553662644 -0.0022156985511222146 -0.002225954575835928 0.0080814272557030234 -0.0010822098386924612 -0.0032342622676582509 0.00053594478349172896 0.00041722785895075747 0.01168598289896884 -0.0033190807070922848 0.0010914421220389575 0.0027573666622045111 0.0042144330508351036
leaf_weight=4685 2778 7384 520 3316 1920 11236 1883 2168 11446 1397 6269 12175 2085 1975 1987 2140 5133 2918 5871 431 7410 424 682 581 855 276 301 1065 631 5638
leaf_count=4685 2778 7384 520 3316 1920 11236 1883 2168 11446 1397 6269 12175 2085 1975 1987 2140 5133 2918 5871 431 7410 424 682 581 855 276 301 1065 631 5638
internal_value=-0.000429986 -0.00750434 0.0114533 -0.0129075 0.00789361 -0.00208911 0.0059119 0.0212046 -0.0038776 0.000426307 -0.0105458 -0.0118361 0.00434795 0.000733095 0.00609868 0.0122472 0.0138706 0.009893 -0.0174302 -0.0146107 0.022327 -0.0164379 -0.00338745 -0.00460177 -0.00651019 0.00761573 -0.00486633 0.000131291 0.011808 0.00931576
internal_weight=107580 67436 40144 33752 29415 33684 20222 10729 19685 13999 22184 15915 14526 4742 9784 9193 7273 5696 11568 5697 9578 3740 2767 1012 8239 7901 2763 1366 1151 5914
internal_count=107580 67436 40144 33752 29415 33684 20222 10729 19685 13999 22184 15915 14526 4742 9784 9193 7273 5696 11568 5697 9578 3740 2767 1012 8239 7901 2763 1366 1151 5914
is_linear=0
shrinkage=0.03


Tree=35
num_leaves=31
num_cat=0
split_feature=21 21 21 21 21 21 23 25 26 10 10 25 26 28 10 25 28 15 24 28 25 29 28 10 29 24 25 21 10 26
split_gain=9633.84 2025.75 1663.78 337.39 304.829 226.309 166.549 145.87 157.504 138.769 103.937 102.11 101.648 95.9303 93.034 138.853 92.0731 83.5352 83.3795 83.2798 80.0962 79.5816 74.4952 85.1811 117.951 78.5133 73.5317 72.9569 72.4627 66.7144
threshold=7.0270833333333345 4.0204166666666685 10.752083333333335 8.7112500000000015 2.6429166666666677 4.9854166666666684 5.1150000000000011 1.2518252065014657 -0.60873824923885311 1.5000000000000002 2.5000000000000004 2.2852561796597981 0.83385407025023295 950.45000000000016 2.5000000000000004 2.0222576079263983 948.75000000000011 0.77000000000000002 3.3500000000000001 948.35000000000002 1.5547626806244337 60.500000000000007 948.95000000000016 2.5000000000000004 72.500000000000014 6.4500000000000011 2.0007256894049354 5.901250000000001 8.5000000000000018 -0.96811077628253228
decision_type=2 2 2 2 2 2 2 2 2 2 2 2 2 2 2 2 2 10 2 2 2 2 2 2 2 2 2 2 2 2
left_child=1 4 3 11 16 20 14 8 29 18 -6 -2 19 28 15 -4 21 27 -7 -13 -3 -1 26 25 -25 -24 -9 -11 -8 -5
right_child=2 5 6 7 10 9 13 22 -10 17 -12 12 -14 -15 -16 -17 -18 -19 -20 -21 -22 -23 23 24 -26 -27 -28 -29 -30 -31
leaf_value=-0.0020314832306402328 0.0027152238053972169 -0.00084554574173293024 0.0083184007180136296 0.0048414008924734641 -0.0021560085195565103 -0.0031280502255985557 0.0069278887838849284 0.0041596874725313687 0.0083514718440130514 -0.00091956273108987794 -0.0018556307797099594 -0.00042876299952631313 -0.0010554390322300943 0.0078210760376843727 0.0079195130764352466 -0.0065448841928236632 -0.0021492275945885482 0.0009167005644468404 -0.0013169117739530915 0.0056718305089863072 -0.0020018100217837407 -0.0014340611548932401 -0.0012857508209753443 0.0065608500160021189 0.0034986236823069537 0.0059169393661001836 -0.00095913614396244122 0.00012402256137367395 0.0078286525144830137 -0.0024307484483655261
leaf_weight=2607 14215 5776 268 852 2267 479 1595 1132 1585 7967 16038 486 2159 6750 1348 309 7499 4529 1639 526 6599 598 723 5589 1989 1319 816 9345 489 247
leaf_count=2607 14215 5776 268 852 2267 479 1595 1132 1585 7967 16038 486 2159 6750 1348 309 7499 4529 1639 526 6599 598 723 5589 1989 1319 816 9345 489 247
internal_value=-0.000324655 -0.0075505 0.0108115 0.0073438 -0.0134614 -0.00283002 0.0210006 0.0107652 0.0170695 -0.00112794 -0.0111038 0.00453683 -0.000330605 0.0227469 0.0129482 0.00283505 -0.0174862 -0.000416094 -0.00845031 0.00749263 -0.00612359 -0.0131869 0.00929577 0.0103792 0.0118449 0.00492428 0.00393241 -0.00136513 0.0170321 0.00828804
internal_weight=107740 65343 42397 31638 29009 36334 10759 14252 2684 23959 18305 17386 3171 8834 1925 577 10704 21841 2118 1012 12375 3205 11568 9620 7578 2042 1948 17312 2084 1099
internal_count=107740 65343 42397 31638 29009 36334 10759 14252 2684 23959 18305 17386 3171 8834 1925 577 10704 21841 2118 1012 12375 3205 11568 9620 7578 2042 1948 17312 2084 1099
is_linear=0
shrinkage=0.03


Tree=36
num_leaves=31
num_cat=0
split_feature=21 21 21 21 21 23 21 16 10 10 28 8 2 26 25 26 28 29 10 26 2 10 18 24 27 8 26 10 16 15
split_gain=9320.25 1978.6 1669.4 272.305 267.022 265.468 227.898 195.034 117.099 106.991 104.337 103.555 95.6511 133.237 171.918 109.637 96.2512 94.231 92.0935 88.8659 88.5608 77.0049 85.4253 76.6799 89.253 75.3543 71.8803 96.1766 71.8029 68.8006
threshold=7.0270833333333345 3.859583333333334 10.141250000000003 4.9854166666666684 2.5337500000000008 4.1950000000000012 8.1637500000000021 9.9050000000000029 1.5000000000000002 2.5000000000000004 949.95000000000016 8.5000000000000018 1.206613496409928 -0.90992662233962551 1.8977484759285177 0.98624804680367306 946.6500000000002 72.500000000000014 2.5000000000000004 0.79332313182700753 1.2281441476346777 9.5000000000000018 8.4750000000000032 5.7500000000000009 0.19080899537654503 16.500000000000004 -0.87878364999916136 1.5000000000000002 7.6550000000000011 0.50000000000000044
decision_type=2 2 2 2 2 2 2 8 2 2 2 2 2 2 2 2 2 2 2 2 2 2 10 2 2 2 2 2 10 10
left_child=1 4 6 11 -1 9 23 -7 17 -4 -9 -3 13 -8 19 25 -16 -5 -6 -15 -19 -18 -23 24 -2 -14 -25 -28 -13 -10
right_child=2 3 5 8 18 7 12 10 29 -11 -12 28 15 14 16 -17 21 20 -20 -21 -22 22 -24 26 -26 -27 27 -29 -30 -31
leaf_value=-0.0020847507667508917 0.0014261935577647288 -0.0020593346022863097 -0.0015907429698920254 -0.0028582917746797442 -0.0020942327731693793 0.0042506708235819776 0.0030050230190434915 0.0070998304478407347 -0.00043704752602023608 0.0067863559934365049 0.0076043521569014016 -0.0011266203279516951 -0.00081415866377168133 0.0040785231393073735 -0.0042817726157782232 0.007447207059706802 0.006067800815797969 0.0017688827045337511 -0.0018557093570687698 0.0082013465908184879 -0.0030608051451910959 -0.00055864950779947904 0.0074711326987190359 0.00079068279452861154 -0.0015972568331147753 0.0047377037821018653 -0.0023760169634278686 0.0047715213332504636 0.0019584593658035845 0.00071153132076880003
leaf_weight=9355 2809 5648 547 1129 2184 1254 5011 2199 15687 1031 9137 8326 1794 947 284 1586 1621 667 15354 2827 336 880 355 4414 1368 697 348 3319 501 6093
leaf_count=9355 2809 5648 547 1129 2184 1254 5011 2199 15687 1031 9137 8326 1794 947 284 1586 1621 667 15354 2827 336 880 355 4414 1368 697 348 3319 501 6093
internal_value=-0.000328094 -0.00744244 0.0106177 -0.00307017 -0.0136817 0.0190207 0.00640226 0.0204748 -0.00110382 0.00739103 0.0217177 -0.00631699 0.00875992 0.0101165 0.0128169 0.00478442 0.00761208 -0.00780533 -0.0114918 0.0171315 -0.00110119 0.00926949 0.00360484 0.00332219 2.15208e-05 0.000853365 0.00502721 0.00812908 -0.00428329 -0.000446179
internal_weight=107708 65280 42428 38387 26893 14168 28260 12590 23912 1578 11336 14475 16002 11925 6914 4077 3140 2132 17538 3774 1003 2856 1235 12258 4177 2491 8081 3667 8827 21780
internal_count=107708 65280 42428 38387 26893 14168 28260 12590 23912 1578 11336 14475 16002 11925 6914 4077 3140 2132 17538 3774 1003 2856 1235 12258 4177 2491 8081 3667 8827 21780
is_linear=0
shrinkage=0.03


Tree=37
num_leaves=31
num_cat=0
split_feature=21 21 21 21 16 23 23 1 21 10 26 16 8 27 10 24 14 16 14 12 11 14 12 16 8 16 8 16 1 29
split_gain=8952.7 2019.81 1506.16 401.674 287.347 208.681 167.967 160.489 158.685 133.859 120.081 113.581 112.991 101.743 98.3867 91.7534 87.3942 87.2313 85.0661 83.9951 76.1444 74.5085 73.8806 80.6563 72.7098 75.287 67.1165 64.8343 64.7535 154.035
threshold=7.2237500000000008 4.3779166666666685 10.752083333333335 2.6429166666666677 10.205000000000002 5.5450000000000008 5.1150000000000011 -0.24999999999999997 5.6170833333333343 2.5000000000000004 0.79332313182700753 11.325000000000001 11.500000000000002 0.28400453026986811 1.5000000000000002 5.3500000000000005 1.0535653752852749 6.8950000000000005 0.70315953618886196 3.5650000000000004 3.0450000000000004 1.1657329597010302 7.6150000000000011 10.205000000000002 9.5000000000000018 8.5750000000000011 17.500000000000004 8.4150000000000009 15.050000000000002 58.500000000000007
decision_type=2 2 2 2 8 2 2 2 2 2 2 10 2 2 2 2 2 10 2 10 10 2 8 10 2 8 2 10 2 2
left_child=1 3 4 28 7 22 13 -2 20 21 -7 -8 14 -4 18 -9 27 19 -10 26 -3 -5 23 -6 25 -22 -11 -17 -1 -30
right_child=2 8 6 9 5 10 11 15 12 17 -12 -13 -14 -15 -16 16 -18 -19 -20 -21 24 -23 -24 -25 -26 -27 -28 -29 29 -31
leaf_value=-0.002022208243748365 -0.00057071201552794765 -0.00014274860159213309 0.0074688681090054705 -0.0020398753155276847 0.011451463592045404 0.0055527472374680099 0.006647653013618143 -3.0250055365480531e-05 -0.0028856972575413979 -0.0019707683228832444 0.0078628851008878554 0.0073762215921943609 0.00070718148995261687 0.0020679484758903098 -0.00040246047994009184 0.0028501999176655402 0.0017318168062333344 -0.00047524225712674005 0.0010239340099025406 -0.0013200801745499209 -0.0022690059097517368 -0.00080847720376318302 0.0059107277904292474 0.0030478668279578518 -0.00072058861488116517 0.00052455087842718227 -0.0014333525991807828 0.0049744970784480064 -0.0019754831971971324 -0.0011935487841756326
leaf_weight=5599 2641 3516 1274 2456 417 1272 2119 1846 572 9500 1721 6771 9508 621 7954 4070 3822 1378 299 6529 4213 396 3103 5254 7099 530 2793 5303 4107 965
leaf_count=5599 2641 3516 1274 2456 417 1272 2119 1846 572 9500 1721 6771 9508 621 7954 4070 3822 1378 299 6529 4213 396 3103 5254 7099 530 2793 5303 4107 965
internal_value=-0.000293721 -0.00697726 0.0109043 -0.012167 0.00738949 0.0110219 0.020494 0.00496975 -0.00178152 -0.00993538 0.0178619 0.022226 0.000103065 0.0123316 -0.00234088 0.00616709 0.00704318 -0.00907201 -0.0118836 -0.00960535 -0.00403046 -0.0160238 0.0086798 0.00663319 -0.00518106 -0.00805602 -0.0110677 0.00860205 -0.0169811 -0.0144889
internal_weight=107648 67414 40234 33723 29449 11767 10785 17682 33691 23052 2993 8890 18333 1895 8825 15041 13195 20200 871 18822 15358 2852 8774 5671 11842 4743 12293 9373 10671 5072
internal_count=107648 67414 40234 33723 29449 11767 10785 17682 33691 23052 2993 8890 18333 1895 8825 15041 13195 20200 871 18822 15358 2852 8774 5671 11842 4743 12293 9373 10671 5072
is_linear=0
shrinkage=0.03


Tree=38
num_leaves=31
num_cat=0
split_feature=21 21 21 12 21 21 23 8 1 25 26 23 26 21 28 20 27 29 14 1 25 27 1 9 8 28 28 29 9 11
split_gain=8706.02 1959.64 1519.37 285.324 249.203 245.104 161.176 138.902 121.135 119.91 213.109 110.087 216.306 104.586 102.832 99.826 93.7623 93.5594 89.9846 86.3525 85.5265 83.5624 77.1233 105.276 80.3944 76.2031 73.8898 90.0999 72.7246 70.9769
threshold=7.2591666666666681 3.859583333333334 10.752083333333335 4.9150000000000009 2.5337500000000008 9.3104166666666703 5.1150000000000011 11.500000000000002 8.3500000000000032 1.3463469766996217 0.7489272028500833 4.1250000000000009 0.80382625221112025 6.085416666666668 949.55000000000007 2.8249292024309036 0.28400453026986811 22.500000000000004 0.47606022028030642 0.45000000000000007 1.0878847064393942 0.33379414889141285 7.2500000000000009 2.5000000000000004 15.500000000000002 951.45000000000016 952.6500000000002 59.500000000000007 3.5000000000000004 3.7650000000000001
decision_type=2 2 2 10 2 2 2 2 2 2 2 2 2 2 2 2 2 2 2 2 2 2 2 2 2 2 2 2 2 10
left_child=1 4 5 7 26 9 16 8 -3 10 -2 -7 -13 29 -8 -10 -4 25 19 -6 -15 -11 23 -23 -25 28 27 -1 -9 -5
right_child=2 3 6 13 18 11 14 17 15 21 -12 12 -14 20 -16 -17 -18 -19 -20 -21 -22 22 -24 24 -26 -27 -28 -29 -30 -31
leaf_value=-0.0018864245583941858 0.0013567984299825897 -0.0021990292286190459 0.0072448020657353059 0.00061034835490966105 -0.0019707395426618469 0.0032193895413628396 0.0067368218452234429 0.00042629427283528255 -0.0015556682411355664 0.0024512250633497881 0.0077158255787066711 0.0041809301092076518 0.0075179700744609675 0.0052498109103877423 0.0071388754848418882 0.00024760675947889166 0.0025460341163525391 -0.0003418757352232325 -0.0016957007930920541 -0.0018561536941640606 0.00052965532471398896 0.0017929044800211508 0.002982908992523682 -0.0032805126407606067 0.00088492965340945383 -0.0032530463779660195 -0.0019615419964359136 -0.0015711713928414567 -0.0024930305278907765 -0.00086994691570950824
leaf_weight=3157 2971 4815 1301 2503 1297 2692 1736 563 4925 11927 2511 3775 2760 566 7070 2170 644 9246 11244 5030 8438 686 564 748 356 319 5130 1100 536 6888
leaf_count=3157 2971 4815 1301 2503 1297 2692 1736 563 4925 11927 2511 3775 2760 566 7070 2170 644 9246 11244 5030 8438 686 564 748 356 319 5130 1100 536 6888
internal_value=-0.000374467 -0.0068994 0.0107777 -0.00276541 -0.0131803 0.00720331 0.0204081 -0.00502502 -0.00725136 0.00531617 0.00908693 0.0112403 0.013344 8.15217e-06 0.0221382 -0.00475352 0.0125385 -0.00253632 -0.0110657 -0.013934 0.00231768 0.00386602 -0.00129716 -0.0043454 -0.0100631 -0.00969782 -0.0171305 -0.0141694 -0.00589674 -0.00220626
internal_weight=107668 67927 39741 40969 26958 28990 10751 22574 11910 19763 5482 9227 6535 18395 8806 7095 1945 10664 17571 6327 9004 14281 2354 1790 1104 1418 9387 4257 1099 9391
internal_count=107668 67927 39741 40969 26958 28990 10751 22574 11910 19763 5482 9227 6535 18395 8806 7095 1945 10664 17571 6327 9004 14281 2354 1790 1104 1418 9387 4257 1099 9391
is_linear=0
shrinkage=0.03


Tree=39
num_leaves=31
num_cat=0
split_feature=21 21 21 21 16 25 21 13 10 1 26 16 10 25 9 9 3 14 25 11 1 14 16 1 29 25 25 27 5 29
split_gain=8348.53 2126.43 1414.9 356.622 222.811 233.425 159.257 133.868 129.849 117.879 114.587 113.955 101.598 93.3714 90.4114 103.769 88.6413 87.8807 84.3224 83.5434 78.9658 74.921 71.0299 69.0833 87.0129 68.8562 65.293 111.086 64.8964 61.5837
threshold=7.4952777777777788 4.3779166666666685 10.752083333333335 2.6429166666666677 10.205000000000002 1.3839474080771552 6.0525000000000011 8.7950000000000035 2.5000000000000004 -1.0000000180025095e-35 0.79332313182700753 10.255000000000001 1.5000000000000002 1.8238154318799482 2.5000000000000004 5.5000000000000009 4.8763163454356384 1.3687342084324918 1.6143500298151463 8.3450000000000006 15.050000000000002 1.1657329597010302 6.8950000000000005 18.850000000000005 58.500000000000007 2.0924270182006457 2.1287612440472694 -0.46947156278589081 0.035129887858636875 85.500000000000014
decision_type=2 2 2 2 8 2 2 2 2 2 2 10 2 2 2 2 2 2 2 10 2 2 10 2 2 2 2 2 2 2
left_child=1 3 4 23 9 10 18 13 21 -2 -6 -9 16 -4 29 -16 -8 -13 -3 26 -19 -5 -10 28 -25 -7 -14 -28 -1 -11
right_child=2 6 7 8 5 25 12 11 22 14 -12 17 19 -15 15 -17 -18 20 -20 -21 -22 -23 -24 24 -26 -27 27 -29 -30 -31
leaf_value=-0.0019026957365428363 -0.00030055180975212535 -0.00029306969962173356 0.0070154486086628776 -0.0019221158100318032 0.005015560629824843 0.0054120166098099972 -0.0025537088688281345 0.0056779216983592028 -0.0016307727319484131 0.0043905032282870555 0.0074303621942522109 0.0069407686798832729 0.0013529854771238815 0.0029821785947191678 0.00082272477890158455 0.0041770800439320209 -5.8956569570638994e-05 0.0069188005975172051 -0.0012805486350332778 -0.0017852950783069663 0.0058350181985559954 -0.00077396661559359038 -0.00041201611283150403 -0.00176745974165556 -0.00065100578098750564 0.0025528607030453859 0.0052269287835204105 -0.00058685419585925518 -0.001823286141826991 -0.0024716384606320542
leaf_weight=4983 2305 9295 576 2470 814 4845 648 870 18739 5524 2027 7044 9387 765 5036 1820 865 746 11184 1214 703 398 1370 3428 620 3692 328 3662 1627 211
leaf_count=4983 2305 9295 576 2470 814 4845 648 870 18739 5524 2027 7044 9387 765 5036 1820 865 746 11184 1214 703 398 1370 3428 620 3692 328 3662 1627 211
internal_value=-0.000317348 -0.00639278 0.0112187 -0.0118368 0.0074706 0.0106316 -0.00138652 0.0204109 -0.00972892 0.00505335 0.018078 0.0216834 0.00084549 0.0114785 0.00619482 0.00386533 -0.0065415 0.0227454 -0.00314148 0.00161346 0.0159078 -0.0157048 -0.00887292 -0.0163744 -0.0132494 0.00814446 0.00229786 -0.000916145 -0.0182766 0.00897387
internal_weight=107196 70218 36978 33635 26274 11378 36583 10704 22977 14896 2841 9363 16104 1341 12591 6856 1513 8493 20479 14591 1449 2868 20109 10658 4048 8537 13377 3990 6610 5735
internal_count=107196 70218 36978 33635 26274 11378 36583 10704 22977 14896 2841 9363 16104 1341 12591 6856 1513 8493 20479 14591 1449 2868 20109 10658 4048 8537 13377 3990 6610 5735
is_linear=0
shrinkage=0.03


Tree=40
num_leaves=31
num_cat=0
split_feature=19 19 19 19 23 16 25 12 27 28 28 16 8 8 8 28 28 25 12 28 16 29 28 25 16 29 20 2 14 16
split_gain=7981.7 1817.93 1350.35 353.823 257.064 244.664 206.733 195.006 167.525 155.556 145.494 135.228 138.73 122.767 110.774 123.281 106.071 103.4 103.268 105.709 96.6129 83.839 95.5139 80.7137 77.7547 77.2321 82.6612 70.3896 69.661 69.3786
threshold=7.498750000000002 3.6562500000000009 10.241250000000003 5.4858333333333347 4.4750000000000005 9.8650000000000002 1.3782751716247141 3.5650000000000004 -0.16504132135358066 952.55000000000007 951.05000000000007 8.0150000000000023 8.5000000000000018 2.5000000000000004 11.500000000000002 954.85000000000002 949.95000000000016 2.1136621613714826 6.285000000000001 948.35000000000002 3.6750000000000003 72.500000000000014 959.45000000000016 2.0996092259315238 9.7750000000000004 65.500000000000014 2.1091190894109615 1.1337363556155882 0.83072257703760577 8.4550000000000018
decision_type=2 2 2 2 2 8 2 10 2 2 2 8 2 2 2 2 2 2 8 2 10 2 2 2 8 2 2 2 2 8
left_child=1 7 6 11 -4 -6 8 9 -2 25 27 12 13 -3 15 17 -7 -5 -8 -20 28 -21 -23 29 -12 26 -1 -10 -11 -24
right_child=2 3 4 14 5 16 18 -9 10 20 24 -13 -14 -15 -16 -17 -18 -19 19 21 -22 22 23 -25 -26 -27 -28 -29 -30 -31
leaf_value=-0.0017462256389952906 0.00012367909816405896 -0.0012257569686468307 0.0052881904982195992 0.0017516966808539185 0.00366812715895241 0.0063017020905454801 0.00034418282589292524 -0.0013970009013124986 0.0039422105422746356 -0.0018456148644465512 0.0049379042283387289 0.00042723705533813464 -0.00090467893750516249 -0.0020431072099442722 0.00055716585254214602 -0.001736206256372276 0.0067325456194867756 -0.0011314710931215643 -1.3588589456552391e-05 0.0046657328488037804 -0.0017618612149190736 -0.00042500486077004626 -0.0010556330097200983 -0.0028440580989678899 0.0073313302367352092 -0.0012440770863935038 -0.0011002478961626757 -0.0023118625164536178 -0.0018486148649382896 0.0081898992322342618
leaf_weight=6746 1177 2565 2047 3609 1292 2152 4593 4531 2630 6146 1450 2543 12548 4925 11728 4287 8414 2959 2042 6633 2717 1752 222 242 1592 1625 1426 200 1773 1041
leaf_count=6746 1177 2565 2047 3609 1292 2152 4593 4531 2630 6146 1450 2543 12548 4925 11728 4287 8414 2959 2042 6633 2717 1752 222 242 1592 1625 1426 200 1773 1041
internal_value=-0.000336487 -0.00630944 0.010839 -0.00271779 0.0182523 0.0199477 0.00646338 -0.0128055 0.0107641 -0.0140547 0.0128331 -0.0053728 -0.00619967 -0.00943029 -6.24225e-05 -0.00224586 0.0214549 0.000337745 0.00462613 0.00609701 -0.0165718 0.00737948 0.00343041 0.00896026 0.0173876 -0.011315 -0.0125034 0.00791534 -0.0182521 0.0119953
internal_weight=107607 70128 37479 45164 13905 11858 23574 24964 7049 20433 5872 22581 20038 7490 22583 10855 10566 6568 16525 11932 10636 9890 3257 1505 3042 9797 8172 2830 7919 1263
internal_count=107607 70128 37479 45164 13905 11858 23574 24964 7049 20433 5872 22581 20038 7490 22583 10855 10566 6568 16525 11932 10636 9890 3257 1505 3042 9797 8172 2830 7919 1263
is_linear=0
shrinkage=0.03


Tree=41
num_leaves=31
num_cat=0
split_feature=21 21 21 21 21 12 25 26 25 1 1 3 16 16 25 26 16 12 14 1 20 8 29 25 27 26 20 24 14 1
split_gain=7962.33 1970.93 1334.15 417.01 226.123 151.417 129.349 189.19 143.377 118.329 111.953 102.624 109.767 102.197 94.8869 152.739 84.9701 88.2488 69.1224 84.3192 68.6778 84.2039 92.7978 68.308 71.9227 65.7246 64.7561 63.838 63.5427 62.8511
threshold=7.4952777777777788 4.5029166666666676 10.930416666666668 2.7454166666666668 9.3104166666666703 4.9150000000000009 2.1069350553257329 0.79332313182700753 1.4257619121287131 -1.0499999999999998 -0.94999999999999984 8.7903784791494903 10.445000000000002 5.0550000000000006 1.3463469766996217 0.7489272028500833 6.8950000000000005 3.6450000000000005 1.6990095153745741 15.050000000000002 3.3759677619645139 11.500000000000002 43.500000000000007 2.1136621613714826 0.21643137258081221 0.95878322595067733 1.3995832705003337 14.550000000000002 0.5173006862551025 -0.6499999999999998
decision_type=2 2 2 2 2 10 2 2 2 2 2 2 8 8 2 2 10 10 2 2 2 2 2 2 2 2 2 2 2 2
left_child=1 3 4 28 14 9 7 27 -9 -3 -5 25 -13 -7 15 -2 17 -12 -14 -20 21 -11 -23 -15 -25 -4 -26 -6 -1 -28
right_child=2 5 11 10 6 13 -8 8 -10 20 16 12 18 23 -16 -17 -18 -19 19 -21 -22 22 -24 24 26 -27 29 -29 -30 -31
leaf_value=-0.0017902464185131546 0.0016455840936257465 -0.0022199976710602486 0.0039392332838430683 -0.0018060617638175388 0.0044019089436817928 -0.0010409515976993486 0.0024380620281810894 0.0069438059792915749 0.0059885541750442335 -0.0014898773627297758 -0.0016797457739279938 0.0050615134345850365 0.0065305692509021723 0.0010038593569202375 0.0019457928566540045 0.0072452691146207577 -0.00034493763721742772 -0.0011069302249005584 0.006509260211007087 0.0035170929912568638 0.001004349110292932 -0.0010952205358318531 0.0007876478853749997 0.0002887966492556407 0.0026021656932553702 0.0066359804133696871 0.0003117227334031003 -0.0010769420865861267 -0.0017432464108092544 -0.0032906362222111436
leaf_weight=6047 2569 3042 706 3005 3476 4354 2065 1675 2327 5159 12205 857 6960 10516 12488 2156 1642 6624 428 425 2315 2730 2720 2805 233 452 201 544 5991 719
leaf_count=6047 2569 3042 706 3005 3476 4354 2065 1675 2327 5159 12205 857 6960 10516 12488 2156 1642 6624 428 425 2315 2730 2720 2805 233 452 201 544 5991 719
internal_value=-0.000376393 -0.00631121 0.0108615 -0.0112824 0.00744699 -0.00123624 0.0110137 0.012737 0.0173546 -0.00338489 -0.00895107 0.0203376 0.0214617 0.000586205 0.00535428 0.00897463 -0.00815345 -0.00872412 0.0225825 0.0143706 -0.0021301 -0.0031515 -0.000549954 0.00179847 -0.00155942 0.0118659 -0.00784974 0.00812422 -0.0158233 -0.0114162
internal_weight=107436 70308 37128 35514 27300 34794 10087 8022 4002 15966 23476 9828 8670 18828 17213 4725 20471 18829 7813 853 12924 10609 5450 14474 3958 1158 1153 4020 12038 920
internal_count=107436 70308 37128 35514 27300 34794 10087 8022 4002 15966 23476 9828 8670 18828 17213 4725 20471 18829 7813 853 12924 10609 5450 14474 3958 1158 1153 4020 12038 920
is_linear=0
shrinkage=0.03


Tree=42
num_leaves=31
num_cat=0
split_feature=22 22 22 12 23 26 12 1 28 23 27 23 16 16 22 28 10 20 26 28 10 16 28 24 14 16 29 20 16 26
split_gain=7628.09 1735.91 1331.68 343.557 269.619 411.191 198.627 163.073 154.939 152.563 137.73 131.139 151.159 128.456 127.304 106.849 137.084 104.101 90.2911 86.1659 94.3203 81.2205 80.3623 78.0763 74.6548 71.9264 71.7989 71.6679 70.9233 70.4438
threshold=0.53864070998463254 0.077527558980346106 0.9116667889484239 4.9150000000000009 3.7250000000000005 0.79332313182700753 3.5650000000000004 -1.0499999999999998 952.55000000000007 5.3250000000000011 0.13052122218260662 5.0750000000000011 10.505000000000001 5.0550000000000006 0.83991461693941394 951.55000000000007 4.5000000000000009 2.8249292024309036 0.95878322595067733 958.85000000000002 2.5000000000000004 5.9250000000000007 948.45000000000016 3.7500000000000004 1.153964181997569 3.3750000000000004 59.500000000000007 1.5793445366920833 9.5350000000000019 0.99809679250719918
decision_type=2 2 2 8 2 2 10 2 2 2 2 2 10 8 2 2 2 2 2 2 2 8 2 2 2 8 2 2 10 2
left_child=1 6 4 7 10 14 8 21 26 19 22 18 -13 -5 -6 16 -11 23 -4 20 -7 -3 -2 -9 -14 -25 27 -1 -16 -20
right_child=2 3 11 13 5 9 -8 17 -10 15 -12 12 24 -15 28 -17 -18 -19 29 -21 -22 -23 -24 25 -26 -27 -28 -29 -30 -31
leaf_value=-0.0016435881603323974 -0.001008757264490413 -0.0018190695568209045 0.0028768316421503796 -0.0010570316339390718 0.0016401862972776353 -0.0028983951837983422 -0.0012913162471810818 -0.0016662991024471829 -0.0017365390259577601 -0.0018267715600964135 -0.00026173038747851759 0.0048223971939123254 0.0063346521733751091 0.00047342234585334735 0.0021056512307606988 0.0067461822934562193 0.0067422966833992713 -0.0001069919385276244 0.0066992195512588747 0.007471103100377365 0.0046886332820968591 -0.0015421713762184947 0.0040260407924697251 -0.0019996083084672799 0.0063133431334800238 -0.00063023479706006934 -0.0013382183273014578 -0.0013355806959961134 0.0052234642946652051 0.0053879934945113448
leaf_weight=5070 722 1815 642 5549 7417 474 4583 4862 10420 310 4113 762 5553 14944 1292 2347 924 5313 572 1557 1876 2453 4430 1354 1652 9141 2453 2511 2343 208
leaf_count=5070 722 1815 642 5549 7417 474 4583 4862 10420 310 4113 762 5553 14944 1292 2347 924 5313 572 1557 1876 2453 4430 1354 1652 9141 2453 2511 2343 208
internal_value=-0.000398451 -0.00619982 0.0105922 -0.0027038 0.00729126 0.00937935 -0.0125417 -0.00506836 -0.0138071 0.0148058 0.00311003 0.0203587 0.0218603 0.000174163 0.00569775 0.0192833 0.0120581 -0.00396421 0.0118991 0.0106825 0.00703185 -0.0104049 0.0063758 -0.00521612 0.0232053 -0.00375714 -0.0111346 -0.0125798 0.010294 0.0187261
internal_weight=107662 70468 37194 45431 27805 18540 25037 24938 20454 7488 9265 9389 7967 20493 11052 3581 1234 20670 1422 3907 2350 4268 5152 15357 7205 10495 10034 7581 3635 780
internal_count=107662 70468 37194 45431 27805 18540 25037 24938 20454 7488 9265 9389 7967 20493 11052 3581 1234 20670 1422 3907 2350 4268 5152 15357 7205 10495 10034 7581 3635 780
is_linear=0
shrinkage=0.03


Tree=43
num_leaves=31
num_cat=0
split_feature=21 21 21 21 25 26 23 10 23 21 16 27 24 28 28 29 16 16 25 8 29 28 28 29 12 10 29 9 26 28
split_gain=7430.67 1785.24 1357.69 397.788 225.096 335.144 273.479 144.865 143.17 141.662 124.953 114.83 95.9792 92.8835 91.4796 107.42 90.2217 89.2099 82.4261 75.9022 75.7189 73.8877 97.4355 71.1776 71.0387 70.4161 104.948 73.4938 91.0289 70.224
threshold=7.4952777777777788 4.5029166666666676 10.930416666666668 2.6429166666666677 2.1069350553257329 0.79332313182700753 4.2150000000000007 2.5000000000000004 5.0750000000000011 5.8670833333333343 11.325000000000001 0.1218693434051476 3.7500000000000004 948.45000000000016 952.6500000000002 65.500000000000014 8.6150000000000002 9.5950000000000006 2.3270129403306981 14.500000000000002 63.500000000000007 957.85000000000002 949.05000000000007 88.500000000000014 6.7350000000000012 2.5000000000000004 67.500000000000014 3.5000000000000004 0.95878322595067733 958.45000000000016
decision_type=2 2 2 2 2 2 2 2 2 2 8 2 2 2 2 2 8 10 2 2 2 2 2 2 10 2 2 2 2 2
left_child=1 3 4 14 5 17 29 19 25 18 -10 13 -11 -6 15 -1 -8 20 -3 -5 -2 22 -13 -9 -24 26 -4 28 -27 -7
right_child=2 9 8 7 11 6 16 23 10 12 -12 21 -14 -15 -16 -17 -18 -19 -20 -21 -22 -23 24 -25 -26 27 -28 -29 -30 -31
leaf_value=-0.0015851233794969843 0.0022544544163565351 -0.0006056357165766951 -0.0074666511408899069 -0.0017288266144991993 -0.0010442444535735218 0.0014312871493305057 0.0049575723809060024 -0.0014460033463614943 0.0054632702290047675 -0.0013591534734681966 0.0061446126081738548 -0.0022849751439353015 0.00047050365113606829 0.0036469431634101402 -0.0016844428551790274 -0.0011287459420601198 0.0065534231497224324 0.0042538748294672019 -0.0019425907783900275 -0.0014669216029650669 -0.00053469473254753484 -0.0024796045385342292 8.8482632145190913e-05 0.0010841126872218822 0.0068183092449421931 -0.002256585012809743 0.0068081403925337181 0.0067982426786188143 0.0060968389037039548 0.0063483832728201614
leaf_weight=4081 4669 14041 254 1886 916 1913 623 21374 1804 2561 6554 550 15657 3471 5784 829 4819 3642 2598 1155 2249 1084 787 366 450 250 221 499 338 1927
leaf_count=4081 4669 14041 254 1886 916 1913 623 21374 1804 2561 6554 550 15657 3471 5784 829 4819 3642 2598 1155 2249 1084 787 366 450 250 221 499 338 1927
internal_value=-0.000373893 -0.00610006 0.0105043 -0.0108374 0.00702601 0.0086794 0.0128373 -0.00874728 0.019998 -0.0012779 0.0215592 0.0025031 0.000549855 0.00555328 -0.0156744 -0.0126348 0.0171617 0.00502035 -0.00327866 -0.0148818 0.00301603 -0.00215925 0.0015904 -0.00788595 0.00625604 0.0116018 0.0019375 0.0157967 0.00849916 0.00669441
internal_weight=107352 70332 37020 35475 27100 19842 9282 24781 9920 34857 8358 7258 18218 4387 10694 4910 5442 10560 16639 3041 6918 2871 1787 21740 1237 1562 475 1087 588 3840
internal_count=107352 70332 37020 35475 27100 19842 9282 24781 9920 34857 8358 7258 18218 4387 10694 4910 5442 10560 16639 3041 6918 2871 1787 21740 1237 1562 475 1087 588 3840
is_linear=0
shrinkage=0.03


Tree=44
num_leaves=31
num_cat=0
split_feature=19 19 19 12 16 25 12 16 28 1 24 23 16 16 28 28 26 20 16 25 16 10 16 29 16 9 1 9 29 1
split_gain=7177.79 1640.76 1304.53 304.12 235.54 267.988 217.479 163.193 153.838 147.107 130.57 121.75 118.651 110.17 106.895 104.72 102.777 96.954 84.3873 81.0573 78.5419 73.5622 72.3578 76.5646 71.1663 70.952 137.272 69.0258 68.5477 66.6141
threshold=7.5712500000000018 3.6562500000000009 10.916250000000003 4.9150000000000009 10.205000000000002 1.3839474080771552 3.5650000000000004 3.8250000000000006 949.95000000000016 -1.0499999999999998 5.5500000000000007 5.1150000000000011 5.9850000000000012 10.255000000000001 962.95000000000016 952.55000000000007 0.79332313182700753 3.4063849348967126 9.5950000000000006 2.1136621613714826 4.5750000000000011 8.5000000000000018 8.5350000000000019 73.500000000000014 10.445000000000002 4.5000000000000009 8.5500000000000025 2.5000000000000004 66.500000000000014 21.550000000000004
decision_type=2 2 2 8 8 2 10 10 2 2 2 2 8 10 2 2 2 2 8 2 8 2 10 2 10 2 2 2 2 2
left_child=1 6 4 9 10 16 7 15 21 18 -2 -10 -5 -13 25 28 24 20 -3 -14 -11 -4 23 -12 -6 29 -27 -19 -1 -7
right_child=2 3 8 12 5 14 -8 -9 11 17 22 13 19 -15 -16 -17 -18 27 -20 -21 -22 -23 -24 -25 -26 26 -28 -29 -30 -31
leaf_value=-0.0015560790137921713 -0.00077868757846783182 -0.0017840320878060281 0.0046699249274428211 -0.00070990931782195842 -0.0040907129040929418 0.0043667847862266691 -0.0012138575000514875 -0.0013637462578309477 0.0060428932684335858 -0.0015464142534544771 0.0023271857479392447 0.0047596608688036729 0.0011522869869500566 0.0059602742299286384 0.006998016494584672 -0.0016339095695236563 0.006380209078648484 -0.0018608177974561064 -3.2389451895214056e-05 -0.00042895969227772942 -0.00073791844873572876 0.0061137546587346353 0.0034136777686797921 -0.0017161687791990242 0.005881601526521933 -0.0010155374343834745 0.0052078633107194312 0.0014961460398436799 -0.0013290384382642958 -0.0016647653546657071
leaf_weight=6098 2104 3613 1645 8181 210 5047 4531 5114 1379 4926 4797 507 9070 6182 1070 8123 2052 1126 710 3574 12913 530 6836 936 666 1533 877 1794 1051 371
leaf_count=6098 2104 3613 1645 8181 210 5047 4531 5114 1379 4926 4797 507 9070 6182 1070 8123 2052 1126 710 3574 12913 530 6836 936 666 1533 877 1794 1051 371
internal_value=-0.000320161 -0.00590182 0.0104384 -0.00253725 0.0069216 0.0100718 -0.0120989 -0.0134206 0.0195287 -0.00476183 0.00438002 0.0214418 0.000142583 0.0231207 0.00747389 -0.0149755 0.0179407 -0.00371171 -0.00979436 0.00196379 -0.00454102 0.0123991 0.00553762 0.0030481 0.0092622 0.00625048 0.00196273 0.00135385 -0.0123078 0.00815416
internal_weight=107566 70824 36742 45907 26499 11826 24917 20386 10243 25082 14673 8068 20825 6689 8898 15272 2928 20759 4323 12644 17839 2175 12569 5733 876 7828 2410 2920 7149 5418
internal_count=107566 70824 36742 45907 26499 11826 24917 20386 10243 25082 14673 8068 20825 6689 8898 15272 2928 20759 4323 12644 17839 2175 12569 5733 876 7828 2410 2920 7149 5418
is_linear=0
shrinkage=0.03


Tree=45
num_leaves=31
num_cat=0
split_feature=21 21 21 21 21 21 12 25 16 24 14 10 25 16 16 1 14 25 8 1 10 29 25 29 2 16 20 16 29 1
split_gain=7304.32 1845.28 1400.16 284.127 258.912 204.795 126.263 123.391 113.976 111.372 106.767 101.812 91.7262 86.0652 84.3546 111.384 66.1355 65.2819 61.7551 90.3657 81.2078 67.497 66.8245 80.6566 69.9297 60.973 60.599 60.496 60.7706 60.1398
threshold=7.4952777777777788 3.859583333333334 10.930416666666668 2.5679166666666675 5.4470833333333344 9.3104166666666703 9.1050000000000022 1.2459237926451043 10.445000000000002 3.4500000000000006 0.68631868205181012 2.5000000000000004 1.2189812564144116 10.445000000000002 8.2950000000000017 -1.0499999999999998 1.153964181997569 2.7318330399798847 12.500000000000002 17.450000000000003 4.5000000000000009 22.500000000000004 1.2459237926451043 53.500000000000007 1.2177323093292298 8.4950000000000028 3.5444058006384362 7.785000000000001 34.500000000000007 19.350000000000005
decision_type=2 2 2 2 2 2 10 2 8 2 2 2 2 8 8 2 2 2 2 2 2 2 2 2 2 10 2 8 2 2
left_child=1 3 5 29 14 12 -4 13 -8 10 -6 -5 27 -7 15 -3 -10 -14 22 -20 21 -21 25 -24 -25 -11 -13 -2 -29 -1
right_child=2 4 6 11 9 7 8 -9 16 18 -12 26 17 -15 -16 -17 -18 -19 19 20 -22 -23 23 24 -26 -27 -28 28 -30 -31
leaf_value=-0.0015848922824379468 0.00068831943010057794 -0.0017451355183112579 0.0056397246727152867 -0.0015944279751298363 -0.0022334607180065301 0.0039514666776618006 0.0043488896148254231 0.004371216753328697 0.0057814660030307795 0.00081708061507397827 0.00073237818655554619 -0.0014561613175416183 0.0019752521133807877 0.0060968264544740778 0.00036078391882702146 -0.00097791187014061704 0.0057607962343325493 -0.0015743711853498082 0.001664189657261637 -0.004769193359972025 0.00034561170356662256 -0.00034912411575471243 -0.0021751076145054143 0.00072830708472770074 -0.0015534304536752109 0.0069786320811035252 0.00054784939507752299 0.0033615454745740173 0.008489401139539476 -0.001475515179536055
leaf_weight=6435 626 2029 1553 2120 1753 632 838 8215 5957 1432 1000 14588 13569 1157 1974 16092 1661 569 4523 228 5381 444 2598 4224 1440 440 410 1391 1107 3535
leaf_count=6435 626 2029 1553 2120 1753 632 838 8215 5957 1432 1000 14588 13569 1157 1974 16092 1661 569 4523 228 5381 444 2598 4224 1440 440 410 1391 1107 3535
internal_value=-0.000299372 -0.00596849 0.0104445 -0.012116 -0.00214448 0.00691944 0.0200389 0.0103347 0.0214868 -3.83501e-06 -0.00566715 -0.00976581 0.00493774 0.0174749 -0.00464328 -0.00528467 0.0226446 0.00390723 0.000750181 0.00235327 -4.45692e-05 -0.00983752 -0.000923168 -0.00208298 -7.40871e-05 0.00418753 -0.00889022 0.00958773 0.011674 -0.0161444
internal_weight=107921 70646 37275 27088 43558 27266 10009 10004 8456 23463 2753 17118 17262 1789 20095 18121 7618 14138 20710 10576 6053 672 10134 8262 5664 1872 14998 3124 2498 9970
internal_count=107921 70646 37275 27088 43558 27266 10009 10004 8456 23463 2753 17118 17262 1789 20095 18121 7618 14138 20710 10576 6053 672 10134 8262 5664 1872 14998 3124 2498 9970
is_linear=0
shrinkage=0.03


Tree=46
num_leaves=31
num_cat=0
split_feature=21 21 21 21 25 26 23 10 21 28 23 27 10 8 28 28 10 28 10 9 8 12 25 8 10 8 27 12 28 8
split_gain=6823.44 1797.78 1331.84 384.189 210.714 377.053 265.684 161.324 152.699 117.547 116.421 108.378 100.812 90.6751 88.0199 87.4807 143.876 80.8943 119.201 84.2598 78.744 78.2344 73.7921 73.5037 72.8318 75.3731 69.4561 69.303 75.2552 67.8475
threshold=7.7229166666666682 4.3779166666666685 10.930416666666668 2.5679166666666675 2.0996092259315238 0.79332313182700753 4.8950000000000005 2.5000000000000004 5.979583333333335 949.55000000000007 5.1150000000000011 0.1218693434051476 1.5000000000000002 9.5000000000000018 952.6500000000002 951.55000000000007 4.5000000000000009 958.6500000000002 2.5000000000000004 4.5000000000000009 19.500000000000004 4.9150000000000009 2.5851829268292685 14.500000000000002 8.5000000000000018 16.500000000000004 0.28400453026986811 3.3850000000000002 961.1500000000002 10.500000000000002
decision_type=2 2 2 2 2 2 2 2 2 2 2 2 2 2 2 2 2 2 2 2 2 10 2 2 2 2 2 10 2 2
left_child=1 3 4 14 5 20 17 23 13 24 26 -6 21 -3 -1 16 -8 18 19 -7 -2 -10 -14 -5 25 -4 -11 28 -25 -9
right_child=2 8 9 7 11 6 15 29 12 10 -12 -13 22 -15 -16 -17 -18 -19 -20 -21 -22 -23 -24 27 -26 -27 -28 -29 -30 -31
leaf_value=-0.0014408433674542192 0.0015612629324158502 -0.0013852493066971281 0.005702554173503141 -0.0015818020119328562 0.0028597940861364328 0.0010788485228158766 -0.0018255634533331931 -0.0014964755181158772 -0.0024842450793094765 0.0057631984277889776 0.0055919625633532146 -0.00077520422135811059 0.00071924153911557761 -0.0002775972683645447 -0.0015373455139648085 0.0060233680350958215 0.0064734991832712868 0.0065634360026356649 0.0049454494815014804 -0.0047647639306961547 0.0045909902792431343 -0.00011089088113115458 -0.0012515551097018913 -0.0012119483486809862 0.0057568980388816738 0.00056822579412961754 0.0022914412568669426 0.00083360576662721403 -0.0015753197024660269 -0.00099652408375551418
leaf_weight=4461 7752 8210 787 1861 4042 387 298 10453 767 901 6734 2587 16381 11459 5410 2565 944 2275 1717 267 2001 1006 1331 497 458 603 442 318 311 10435
leaf_count=4461 7752 8210 787 1861 4042 387 298 10453 767 901 6734 2587 16381 11459 5410 2565 944 2275 1717 267 2001 1006 1331 497 458 603 442 318 311 10435
internal_value=-0.000220685 -0.00543584 0.0107159 -0.0105099 0.00700121 0.00866839 0.0133046 -0.00844849 -0.00106182 0.020003 0.0215702 0.00241935 0.000820421 -0.0029262 -0.0154891 0.0191789 0.0125581 0.0084756 0.00458333 -0.00628225 0.00464542 -0.00598988 0.00150364 -0.0149699 0.0131139 0.00963441 0.0134199 -0.00885942 -0.0135055 -0.00751256
internal_weight=107660 72900 34760 33746 24835 18206 8453 23875 39154 9925 8077 6629 19485 19669 9871 3807 1242 4646 2371 654 9753 1773 17712 2987 1848 1390 1343 1126 808 20888
internal_count=107660 72900 34760 33746 24835 18206 8453 23875 39154 9925 8077 6629 19485 19669 9871 3807 1242 4646 2371 654 9753 1773 17712 2987 1848 1390 1343 1126 808 20888
is_linear=0
shrinkage=0.03


Tree=47
num_leaves=31
num_cat=0
split_feature=21 21 21 16 25 21 12 23 16 24 8 28 26 1 10 29 16 1 29 28 29 16 1 9 27 28 10 14 16 28
split_gain=6708.28 1608.55 1533.71 227.547 262.995 215.736 210.416 165.637 143.843 135.725 132.564 125.329 122.691 119.181 106.893 110.004 104.48 103.433 97.4616 87.1542 85.3883 82.7954 78.6766 77.9702 118.557 75.734 75.1454 71.0743 70.9639 69.4435
threshold=7.2237500000000008 10.752083333333335 3.7687500000000003 10.205000000000002 1.3839474080771552 2.5337500000000008 4.6950000000000012 5.0750000000000011 11.325000000000001 5.7500000000000009 11.500000000000002 962.95000000000016 0.79332313182700753 9.6500000000000004 2.5000000000000004 65.500000000000014 5.0550000000000006 -0.54999999999999993 22.500000000000004 952.6500000000002 65.500000000000014 8.5350000000000019 -0.34999999999999992 4.5000000000000009 0.19936034309715231 950.55000000000007 4.5000000000000009 0.55012119876744736 10.445000000000002 960.6500000000002
decision_type=2 2 2 8 2 2 10 2 10 2 2 2 2 2 2 2 8 2 2 2 2 10 2 2 2 2 2 2 10 2
left_child=2 3 5 9 12 19 10 14 -9 -2 13 22 28 -4 15 -3 -8 27 26 20 -1 -11 23 24 -6 -10 -12 -7 -5 -18
right_child=1 7 6 4 11 17 16 8 25 21 18 -13 -14 -15 -16 -17 29 -19 -20 -21 -22 -23 -24 -25 -26 -27 -28 -29 -30 -31
leaf_value=-0.0014388518850458583 -0.00053267814896893059 -0.0082538786736881722 -0.0017320535402903315 -0.0042394263177520427 0.0067427813304273606 -0.0015053114117473121 -0.00094027050239991583 0.0048468227859086504 0.0054319413045994464 0.0013689348761168562 -0.0033137305222764582 0.0066126138613397407 0.0058426628804959984 -0.00090749875254166642 0.0055296447562515789 0.006137280600186713 5.2750404596958457e-05 -0.0013255798496213135 -0.00018937745109693787 -0.0014912251485458641 -0.00094980523075188013 0.0032412482402458869 0.0035028503551508281 -0.0020387214647696948 -0.0019257832546879644 0.0054402631460392587 -0.00096509778340870731 -0.0015224883144827168 0.0052658070859649599 0.0014554951785456063
leaf_weight=3504 3386 304 4884 208 921 1236 6229 2093 1360 7096 336 1011 2066 6454 1307 276 11922 13940 8748 5172 752 7238 5357 897 663 5430 964 1062 641 2198
leaf_count=3504 3386 304 4884 208 921 1236 6229 2093 1360 7096 336 1011 2066 6454 1307 276 11922 13940 8748 5172 752 7238 5357 897 663 5430 964 1062 641 2198
internal_value=-0.000248282 0.00944137 -0.00603552 0.00581505 0.0090492 -0.0118055 -0.0024861 0.0193615 0.021079 0.00366601 -0.0045636 0.00646826 0.0168596 -0.00678656 0.0112421 0.000512821 -0.000302152 -0.00970387 -0.00205312 -0.0154182 -0.0122084 0.00494177 0.00517914 0.000760257 0.00475771 0.0232053 -0.00970115 -0.0156057 0.00720141 0.00112566
internal_weight=107655 40254 67401 29484 11764 25666 41735 10770 8883 17720 21386 8849 2915 11338 1887 580 20349 16238 10048 9428 4256 14334 7838 2481 1584 6790 1300 2298 849 14120
internal_count=107655 40254 67401 29484 11764 25666 41735 10770 8883 17720 21386 8849 2915 11338 1887 580 20349 16238 10048 9428 4256 14334 7838 2481 1584 6790 1300 2298 849 14120
is_linear=0
shrinkage=0.03


Tree=48
num_leaves=31
num_cat=0
split_feature=21 21 21 21 21 25 26 23 10 23 10 16 8 10 25 26 16 12 14 16 1 11 16 1 25 16 8 10 1 10
split_gain=6292.1 2005.46 1067.43 379.699 205.853 170.066 358.155 221.776 149.154 119.794 107.149 107.015 96.4551 92.3349 90.2575 120.846 88.662 86.6925 84.3089 82.9276 81.5012 77.5482 75.8938 75.186 73.7699 73.2383 72.8462 106.312 70.6241 68.475
threshold=8.1219444444444466 4.3445833333333344 11.010000000000002 2.5337500000000008 5.8670833333333343 2.0776187555373822 0.79332313182700753 5.3250000000000011 2.5000000000000004 4.3450000000000006 1.5000000000000002 10.445000000000002 9.5000000000000018 2.5000000000000004 1.4257619121287131 0.77159520228797462 9.8650000000000002 5.8850000000000007 1.7317909804592466 3.8250000000000006 14.850000000000003 7.2550000000000008 8.7650000000000023 0.8500000000000002 1.7379137643198437 5.9850000000000012 13.500000000000002 2.5000000000000004 19.050000000000004 7.5000000000000009
decision_type=2 2 2 2 2 2 2 2 2 2 2 8 2 2 2 2 10 10 2 10 2 10 8 2 2 8 2 2 2 2
left_child=1 3 5 28 12 6 16 26 25 13 17 -11 22 -4 15 29 24 -6 -13 -10 -20 -17 -3 -7 -2 -5 27 -8 -1 -12
right_child=2 4 9 8 10 23 7 -9 19 11 14 18 -14 -15 -16 21 -18 -19 20 -21 -22 -23 -24 -25 -26 -27 -28 -29 -30 -31
leaf_value=-0.0014464883940894884 0.00023302916628215042 -0.0016144827432553388 -0.0044477546982190216 -0.0014709970542942619 -0.0019384704217056633 -0.00037048462202210805 -0.00061160515833532216 0.0056492320581291201 -0.0013711117522736233 0.004723237259451298 0.0013107978512351065 0.0052770552516580799 -0.00024255602235770778 0.0055018255339581695 0.00015660376263458396 0.0051742551794317264 0.0039924449444752605 0.0010816253077811622 0.0052576448472176473 -0.00093912101901822635 0.0016467074645013634 0.00034813990627333309 0.00045311816801595322 0.0028541810052643687 0.0058835945104141057 -0.0010712729465524359 0.0066233186289554064 0.0055521817151876563 -0.0013430334958457685 -0.0012450407643966742
leaf_weight=5986 3918 6737 215 2504 1473 2013 900 2947 11523 796 3091 7251 10898 398 14764 2437 2885 761 415 9408 452 839 1059 3753 1311 521 1243 1856 3463 1713
leaf_count=5986 3918 6737 215 2504 1473 2013 900 2947 11523 796 3091 7251 10898 398 14764 2437 2885 761 415 9408 452 839 1059 3753 1311 521 1243 1856 3463 1713
internal_value=-0.000143953 -0.00469501 0.0114266 -0.0102302 -0.00047011 0.00761845 0.00929572 0.0142943 -0.00821835 0.019743 0.00130606 0.0206256 -0.00285256 0.00684466 0.00191956 0.00446753 0.00501047 -0.00495757 0.021657 -0.00731515 0.012695 0.00890582 -0.00539931 0.00323341 0.00267673 -0.0144455 0.00967283 0.00693227 -0.0153237 0.00143481
internal_weight=107530 77177 30353 33405 43772 20826 15060 6946 23956 9527 25078 8914 18694 613 22844 8080 8114 2234 8118 20931 867 3276 7796 5766 5229 3025 3999 2756 9449 4804
internal_count=107530 77177 30353 33405 43772 20826 15060 6946 23956 9527 25078 8914 18694 613 22844 8080 8114 2234 8118 20931 867 3276 7796 5766 5229 3025 3999 2756 9449 4804
is_linear=0
shrinkage=0.03


Tree=49
num_leaves=31
num_cat=0
split_feature=21 21 21 21 16 25 26 12 2 28 28 10 12 25 16 28 16 28 8 14 24 29 2 2 28 16 8 29 28 2
split_gain=6299.83 1723.71 1201.15 384.677 198.959 243.66 156.273 144.657 142.201 137.639 107.056 105.716 104.844 98.1663 96.6399 94.5523 93.0991 86.9115 78.6456 76.7983 74.1523 71.466 77.0322 70.9056 72.2636 70.4503 71.824 70.351 83.3881 69.7355
threshold=7.805833333333335 4.5029166666666676 10.930416666666668 2.7129166666666671 9.5950000000000006 1.3782751716247141 0.80382625221112025 4.6950000000000012 1.2114806578881525 949.95000000000016 953.6500000000002 4.5000000000000009 9.2150000000000016 2.1069350553257329 10.445000000000002 959.25000000000011 4.4150000000000009 951.05000000000007 14.500000000000002 0.53594153910039932 2.9500000000000006 23.500000000000004 1.2341082399135381 1.2004752006003956 946.6500000000002 10.705000000000002 7.5000000000000009 46.500000000000007 952.35000000000002 1.2070543490138486
decision_type=2 2 2 2 8 2 2 10 2 2 2 2 10 2 8 2 8 2 2 2 2 2 2 2 2 10 2 2 2 2
left_child=1 3 4 10 -2 6 -6 11 -5 18 -1 21 -11 15 -14 29 -9 -8 -4 -10 -18 -3 -23 24 -15 26 27 -13 -29 -7
right_child=2 7 9 8 5 13 17 16 19 12 -12 25 14 23 -16 -17 20 -19 -20 -21 -22 22 -24 -25 -26 -27 -28 28 -30 -31
leaf_value=-0.0013241610266069527 0.0016943502787391672 -0.0043009140350147726 0.0052602076039266034 -0.0011544828873529458 0.0029067638267818172 0.0039139979785497514 0.0050853506678295753 -0.0012182648194855609 -0.001426867142665434 0.0051407597545096778 -0.0014030937422668038 -0.0028454538155636461 0.0037575070119187847 -0.0025012908536243177 0.0051187435941083366 0.0060444040868534955 -0.0018151835722931579 0.0055034990736830746 0.0033224699380400356 -0.0014298656645154175 0.00052273179852325817 -0.00095952800796269828 -0.0021677472909872879 -0.00019503224603989344 0.0035438464587460449 0.0046717638934517646 0.00021115144132445376 0.00068988592064157003 -0.0020558409945400863 -5.6482801624903046e-05
leaf_weight=5783 9155 268 1031 20690 1363 3189 552 3429 1631 1473 5832 675 499 247 5883 2397 742 1926 1011 1662 19628 3886 884 2019 2089 285 5892 1405 1238 1071
leaf_count=5783 9155 268 1031 20690 1363 3189 552 3429 1631 1473 5832 675 499 247 5883 2397 742 1926 1011 1662 19628 3886 884 2019 2089 285 5892 1405 1238 1071
internal_value=-0.000227281 -0.00513776 0.0104792 -0.00989074 0.00685129 0.00899515 0.0154992 -0.000723061 -0.00771761 0.0192719 -0.0143726 -0.00308089 0.0210802 0.00672052 0.0227525 0.00901081 0.000717106 0.0199839 0.0122814 -0.0135082 0.00148712 -0.00659131 -0.00572984 0.0032133 0.00676634 -0.00121579 -0.00167336 -0.00520012 -0.00297961 0.00631653
internal_weight=107835 73930 33905 35598 24008 14853 3841 38332 23983 9897 11615 14533 7855 11012 6382 6657 23799 2478 2042 3293 20370 5038 4770 4355 2336 9495 9210 3318 2643 4260
internal_count=107835 73930 33905 35598 24008 14853 3841 38332 23983 9897 11615 14533 7855 11012 6382 6657 23799 2478 2042 3293 20370 5038 4770 4355 2336 9495 9210 3318 2643 4260
is_linear=0
shrinkage=0.03


Tree=50
num_leaves=31
num_cat=0
split_feature=21 21 21 21 21 25 28 8 28 23 28 25 10 8 10 8 11 10 29 2 27 27 28 2 8 8 28 28 28 2
split_gain=6125.24 1992.51 912.103 373.176 232.413 173.514 134.916 128.904 121.039 118.124 110.972 94.8742 93.4905 87.8689 96.3912 83.116 83.0254 92.8406 79.8407 110.733 79.4855 74.618 70.7083 67.027 109.181 96.4934 91.4824 90.1056 66.3071 65.5113
threshold=8.377083333333335 4.3445833333333344 10.930416666666668 2.9333333333333331 6.3020833333333339 1.2518252065014657 949.95000000000016 9.5000000000000018 949.45000000000016 5.1150000000000011 953.55000000000007 1.5259387415096761 1.5000000000000002 12.500000000000002 2.5000000000000004 14.500000000000002 6.7350000000000012 8.5000000000000018 59.500000000000007 1.1447358773944341 -0.017452406437283484 1.0000000180025095e-35 964.55000000000007 1.211036566708058 16.500000000000004 4.5000000000000009 959.45000000000016 962.45000000000016 945.25000000000011 1.122183335017525
decision_type=2 2 2 2 2 2 2 2 2 2 2 2 2 2 2 2 10 2 2 2 2 2 2 2 2 2 2 2 2 2
left_child=1 3 5 10 11 8 15 12 28 -8 18 -3 -5 14 21 -4 17 -16 29 -20 -10 -6 -15 26 25 -25 -7 -27 -2 -1
right_child=2 4 6 7 13 23 9 -9 20 -11 -12 -13 -14 22 16 -17 -18 -19 19 -21 -22 -23 -24 24 -26 27 -28 -29 -30 -31
leaf_value=-0.0012055359144728061 0.0058541240134273621 -5.157404057003559e-05 0.0050977645480461409 -0.0014059292611349546 0.00087480748605051582 0.0031436962148188863 0.0050688476056519171 -0.00084596486473751981 0.0038469878253230374 0.0049651812862850859 -0.0013610009299987996 -0.00099167495498824116 -0.0013545593493466217 0.0011379986625603639 0.0033391490387922763 0.0032227958398988333 -0.0010294159946903723 -0.00020994397511385986 0.00023459605176553752 -0.0014328507725417192 0.0052608768120767741 -0.0026146857034905274 0.0050579095482040405 0.002673939922918827 0.0062000366669991668 -0.0031929875358402146 0.0054945988197952341 0.0033287559591385022 0.00065250639046978472 -0.0014450938596906578
leaf_weight=3990 422 9866 1012 613 521 8895 1312 10246 476 6575 7186 13969 7973 10458 3121 1016 3666 2869 1109 760 1751 1353 493 1180 1103 1106 1681 530 706 1437
leaf_count=3990 422 9866 1012 613 521 8895 1312 10246 476 6575 7186 13969 7973 10458 3121 1016 3666 2869 1109 760 1751 1353 493 1180 1103 1106 1681 530 706 1437
internal_value=-0.00019581 -0.00442645 0.0119363 -0.0100213 -0.000401546 0.00788015 0.0192308 -0.00723364 0.0140268 0.0210099 -0.0136426 -0.00246518 -0.00994529 0.00178644 -4.16125e-05 0.0122774 0.00116758 0.00334279 -0.0110204 -0.00565101 0.018078 -0.00625865 0.0037103 0.0064531 0.00309633 -4.25381e-05 0.00769492 -0.0047532 0.00598411 -0.0128627
internal_weight=107395 79630 27765 33314 46316 17850 9915 18832 3355 7887 14482 23835 8586 22481 11530 2028 9656 5990 7296 1869 2227 1874 10951 14495 3919 2816 10576 1636 1128 5427
internal_count=107395 79630 27765 33314 46316 17850 9915 18832 3355 7887 14482 23835 8586 22481 11530 2028 9656 5990 7296 1869 2227 1874 10951 14495 3919 2816 10576 1636 1128 5427
is_linear=0
shrinkage=0.03


Tree=51
num_leaves=31
num_cat=0
split_feature=21 21 21 21 21 16 25 28 23 1 28 1 16 28 29 28 24 14 28 15 10 29 10 1 2 16 2 1 28 11
split_gain=5841.06 1572.7 1284.77 246.559 198.075 175.954 250.519 152.955 131.162 107.725 107.017 105.211 103.017 99.3229 91.7751 89.6941 88.9928 96.5109 88.256 77.4466 77.0967 76.7854 83.4033 74.4726 74.0957 71.1029 88.0459 70.4454 74.1175 69.0595
threshold=7.7229166666666682 3.9876388888888896 10.930416666666668 2.7129166666666671 5.7995833333333353 10.205000000000002 1.3839474080771552 949.95000000000016 5.1150000000000011 0.25000000000000006 964.25000000000011 -0.34999999999999992 10.445000000000002 953.55000000000007 74.500000000000014 948.75000000000011 3.5500000000000003 0.72210340903042625 951.55000000000007 0.50000000000000044 8.5000000000000018 66.500000000000014 8.5000000000000018 25.950000000000003 1.0817641557139981 10.005000000000001 1.2222374236189488 -0.34999999999999992 950.85000000000002 8.3450000000000006
decision_type=2 2 2 2 2 8 2 2 2 2 2 2 8 2 2 2 2 2 2 10 2 2 2 2 2 8 2 2 2 10
left_child=1 3 5 13 19 9 18 20 -9 -2 27 -5 -10 21 15 24 17 -6 23 25 -4 22 -1 -7 -11 26 -3 28 -8 -18
right_child=2 4 7 11 16 6 10 8 12 14 -12 -13 -14 -15 -16 -17 29 -19 -20 -21 -22 -23 -24 -25 -26 -27 -28 -29 -30 -31
leaf_value=-0.0012203114031280157 -0.00079356961897965035 -0.0010160374004739841 0.0036678809601648332 -0.0013353009098205403 -0.0019333114405237059 -0.00081252468648109638 -0.0031537262412303655 0.0048883919234270698 0.0037294472871152715 0.0041244798190381701 0.0059093222586773155 -0.0011515869627053029 0.0048162258476965331 -0.0013201709020988356 -0.00056761895746073178 0.0036232580133269943 0.00056943541728783653 0.00106779447169145 0.0051568238198124493 -0.00015163512323486449 0.0049641460220814721 -0.00086468304297016572 -0.001378676922174767 0.0051802084684505808 -4.5570016102587375e-05 0.00062351202437626468 -0.0017158908744857838 0.003389695159060878 0.0012629322419345523 -0.0014679131084998985
leaf_weight=3778 2031 14216 1507 2464 1491 431 201 1338 514 737 718 14634 6094 5840 1440 6132 17550 812 1922 6415 517 963 994 605 2737 872 1128 5323 2517 1792
leaf_count=3778 2031 14216 1507 2464 1491 431 201 1338 514 737 718 14634 6094 5840 1440 6132 17550 812 1922 6415 517 963 994 605 2737 872 1128 5323 2517 1792
internal_value=-0.000210271 -0.0050329 0.00990883 -0.010506 -0.00148777 0.00624945 0.00891913 0.0190015 0.0208804 0.00385492 0.00636353 -0.00821259 0.0226191 -0.0138886 0.00502217 0.00608053 0.000563972 -0.00500433 0.016463 -0.00344981 0.0115919 -0.0110645 -0.012623 0.00933718 0.00222478 -0.00455336 -0.00502704 0.0053654 0.00143224 0.0012281
internal_weight=107713 72949 34764 28673 44276 24794 11717 9970 7946 13077 8759 17098 6608 11575 11046 9606 21645 2303 2958 22631 2024 5735 4772 1036 3474 16216 15344 8041 2718 19342
internal_count=107713 72949 34764 28673 44276 24794 11717 9970 7946 13077 8759 17098 6608 11575 11046 9606 21645 2303 2958 22631 2024 5735 4772 1036 3474 16216 15344 8041 2718 19342
is_linear=0
shrinkage=0.03


Tree=52
num_leaves=31
num_cat=0
split_feature=21 21 21 21 21 28 23 1 28 1 28 8 8 10 29 26 23 8 8 8 29 10 14 1 5 15 26 26 24 20
split_gain=5791.05 1813.51 913.908 300.035 222.633 136.605 136.975 121.419 188.808 115.817 104.921 114.441 104.718 101.09 142.053 99.2505 228.241 96.0767 86.9691 78.0007 73.3688 83.6441 73.1475 70.6215 67.4053 66.4271 66.3351 61.9341 59.2951 95.2312
threshold=8.377083333333335 3.8891666666666675 11.010000000000002 5.7995833333333353 2.339583333333334 949.95000000000016 5.1150000000000011 -0.34999999999999992 958.95000000000016 -0.74999999999999989 964.25000000000011 17.500000000000004 8.5000000000000018 1.5000000000000002 53.500000000000007 0.76037701167087512 5.5450000000000008 2.5000000000000004 15.500000000000002 4.5000000000000009 74.500000000000014 8.5000000000000018 0.61076454819622128 19.350000000000005 0.14304667958682332 0.33000000000000035 0.94828754594723541 0.9935340235047978 3.5500000000000003 4.5401220118236933
decision_type=2 2 2 2 2 2 2 2 2 2 2 2 2 2 2 2 2 2 2 2 2 2 2 2 2 10 2 2 2 2
left_child=1 4 7 12 23 18 -7 10 15 22 11 19 17 14 -5 20 -17 -3 -4 26 21 -9 -6 -1 -16 -19 -2 -12 29 -15
right_child=2 3 5 13 9 6 -8 8 -10 -11 27 -13 -14 28 24 16 -18 25 -20 -21 -22 -23 -24 -25 -26 -27 -28 -29 -30 -31
leaf_value=-0.0012805657750358706 -0.0018367784888735526 -0.00049389874390995566 0.004803257655805868 -0.0044297753270561386 -0.00128830516687754 0.0047525037775066267 0.0046717390722656356 0.0019152967062659686 0.0052353183956959379 -0.0011519081344826369 0.0042050311650876802 0.0058861549821773293 -0.00042479275860147727 -0.0015451439557857673 -0.002029602576467724 0.0027481857221674489 0.004981842989884455 -0.0016515889486960849 0.0025817767689909608 -0.0024129919775125472 -0.0010233265448124907 0.0048062414439965923 -0.0012865884936921611 -0.0011783505024175647 0.00015714861945367726 -0.00083208224837655526 0.0060328243766891642 0.0064347675511536289 0.00079984786168620146 0.010340036169841301
leaf_weight=4730 366 3107 1068 286 1605 1218 6423 4170 2435 17437 752 835 14852 1855 577 3569 1854 4021 870 1422 945 1274 1095 2458 1700 1996 531 265 23864 242
leaf_count=4730 366 3107 1068 286 1605 1218 6423 4170 2435 17437 752 835 14852 1855 577 3569 1854 4021 870 1422 945 1274 1095 2458 1700 1996 531 265 23864 242
internal_value=-0.000136886 -0.00425442 0.0116017 -0.000991906 -0.0105214 0.0191162 0.0209247 0.0076893 0.00900716 -0.00889931 0.00318247 0.000474834 -0.00346524 0.00108731 -0.00459112 0.00743336 0.0104182 -0.00599408 0.0119506 -0.00295611 0.00489365 0.00623234 -0.0146839 -0.0150563 -0.00206398 -0.00820492 0.00395787 0.0115362 0.00164869 -0.00318268
internal_weight=107822 79825 27997 52500 27325 9579 7641 18418 14247 20137 4171 3154 23976 28524 2563 11812 5423 9124 1938 2319 6389 5444 2700 7188 2277 6017 897 1017 25961 2097
internal_count=107822 79825 27997 52500 27325 9579 7641 18418 14247 20137 4171 3154 23976 28524 2563 11812 5423 9124 1938 2319 6389 5444 2700 7188 2277 6017 897 1017 25961 2097
is_linear=0
shrinkage=0.03


Tree=53
num_leaves=31
num_cat=0
split_feature=22 22 22 16 16 25 1 28 23 16 5 16 24 28 24 14 28 29 27 29 17 2 27 10 2 8 27 10 15 10
split_gain=5562.01 1262.07 1254.92 274.266 241.496 246.58 187.343 173.182 161.658 179.505 144.086 125.834 113.299 103.644 102.371 114.395 101.468 90.0508 89.2113 86.2261 84.5098 82.3457 72.7697 71.5483 69.6788 68.6187 68.6084 68.0778 66.4039 65.9081
threshold=0.53864070998463254 0.074257976836200723 0.90690762866882491 5.0550000000000006 10.205000000000002 1.3839474080771552 -1.2499999999999998 952.05000000000007 5.0750000000000011 10.445000000000002 0.035129887858636875 3.7250000000000005 5.7500000000000009 951.55000000000007 4.1500000000000012 0.49903239707790675 962.95000000000016 66.500000000000014 0.28400453026986811 33.500000000000007 11.605000000000002 1.2079370213572984 -0.14780378300014829 2.5000000000000004 1.1023382499002223 10.500000000000002 0.32556815445715659 8.5000000000000018 0.1400000000000001 3.5000000000000004
decision_type=2 2 2 8 8 2 2 2 2 10 2 10 2 2 2 2 2 2 2 2 2 2 2 2 2 2 2 2 10 2
left_child=1 7 4 6 12 13 26 17 18 -10 11 -9 -2 24 15 23 -7 27 21 -12 -11 -4 -15 -5 -6 -8 -3 -1 -17 -21
right_child=2 3 8 14 5 16 25 10 9 20 19 -13 -14 22 -16 28 -18 -19 -20 29 -22 -23 -24 -25 -26 -27 -28 -29 -30 -31
leaf_value=-0.001006717071713922 -0.0006680287947801733 -0.0013641384172738804 0.0030967499256157513 -0.0019602604176940509 0.0048271024415808923 0.0025519609130825759 -0.0013986887591732045 -0.0012421488017847944 0.00309675172757905 0.0039578453127639898 -0.0014109529895890418 -0.0010723140906017837 0.0022074246361183346 0.0029547895999690599 0.00014525907843182778 -0.00089191897016692575 0.0055898339035442262 -0.00056758819389871311 -7.269227928313415e-05 -0.0012677440870707422 0.004531586900097668 0.0051659448645042577 0.0048533488425794779 -0.000975399436104872 0.00099768504449965147 -0.00054531623063960508 -0.00060451493858705444 -0.0013632123311724358 0.0006760558614388667 -0.0010797970546211047
leaf_weight=8308 2632 1432 504 1132 618 8132 5536 5386 843 1158 638 1483 12544 235 20395 3011 1052 1655 554 1636 6214 514 1768 4150 506 7343 289 1697 2896 3224
leaf_count=8308 2632 1432 504 1132 618 8132 5536 5386 843 1158 638 1483 12544 235 20395 3011 1052 1655 554 1636 6214 514 1768 4150 506 7343 289 1697 2896 3224
internal_value=-0.000141502 -0.00511379 0.00922396 -0.00221222 0.00593736 0.00905895 -0.00561178 -0.0106895 0.0184467 0.020135 -0.0131644 -0.0160649 0.00340294 0.0163314 -0.000640096 -0.00294533 0.00657525 -0.00806001 0.00958782 -0.00952935 0.0216348 0.0148387 0.0204233 -0.00615094 0.0089814 -0.00436588 -0.0148957 -0.00913187 -7.61164e-05 -0.00815211
internal_weight=107485 70211 37274 46184 27487 12311 14600 24027 9787 8215 12367 6869 15176 3127 31584 11189 9184 11660 1572 5498 7372 1018 2003 5282 1124 12879 1721 10005 5907 4860
internal_count=107485 70211 37274 46184 27487 12311 14600 24027 9787 8215 12367 6869 15176 3127 31584 11189 9184 11660 1572 5498 7372 1018 2003 5282 1124 12879 1721 10005 5907 4860
is_linear=0
shrinkage=0.03


Tree=54
num_leaves=31
num_cat=0
split_feature=19 19 19 22 16 28 25 26 12 28 12 23 16 28 16 28 29 16 1 11 28 28 22 28 20 28 12 9 28 8
split_gain=5455.82 1315.94 1256.58 309.821 219.205 182.666 173.415 328.151 150.94 139.924 137.866 124.659 155.455 124.579 123.614 110.309 97.8143 88.202 94.9598 80.5094 78.3133 77.8887 75.0531 72.5388 71.4418 66.6446 69.69 86.9632 81.6201 69.1627
threshold=7.498750000000002 10.241250000000003 3.6562500000000009 0.94732539093081747 4.5750000000000011 952.55000000000007 1.3573189712295626 0.73724926354828246 3.3450000000000002 949.45000000000016 5.3550000000000013 4.3450000000000006 9.8650000000000002 952.95000000000016 3.7250000000000005 950.05000000000007 66.500000000000014 9.7750000000000004 -0.34999999999999992 3.3450000000000002 960.45000000000016 957.35000000000002 0.73934278839365908 943.35000000000002 2.1221333602653156 948.45000000000016 6.9650000000000007 3.5000000000000004 962.85000000000002 5.5000000000000009
decision_type=2 2 2 2 8 2 2 2 10 2 8 2 8 2 10 2 2 8 2 10 2 2 2 2 2 2 8 2 2 2
left_child=2 6 5 9 13 16 7 -2 14 -3 17 -11 -13 15 -7 -4 -1 18 21 -12 -21 -6 -9 -19 -5 29 27 -27 -29 -8
right_child=1 3 4 24 10 8 25 22 -10 11 19 12 -14 -15 -16 -17 -18 23 -20 20 -22 -23 -24 -25 -26 26 -28 28 -30 -31
leaf_value=-0.0011052865081793894 0.001087338135459096 0.0022998872047685914 -0.0010949840861364331 0.0043956392930947375 -0.0021916872896000522 -0.0012048843377312503 -0.0023209824860138326 0.0054066940100196406 -0.001148856843722255 0.0035659984280002697 0.0024765010109782724 0.0013095116835294262 0.0043956392930947375 -0.001443025776726612 -0.0012007262817451229 0.00097853205124740742 -0.00052329579551833351 0.0073058659559359909 -0.00046570485395621027 -5.5532946521528178e-05 0.002092839707547658 -0.0010061554485319825 0.0047828901482211755 0.00047961611495559608 0.0044002505508394336 0.0019849087403221929 0.0030108239012790693 -0.0013192710822845293 0.0060602136218020786 0.00088144403894525262
leaf_weight=10552 3513 1782 5504 3096 929 7685 933 2088 2363 1400 1118 657 4508 4068 2540 1491 1853 207 15812 9785 1672 2504 1140 1978 2558 3443 7660 2665 292 1813
leaf_count=10552 3513 1782 5504 3096 929 7685 933 2088 2363 1400 1118 657 4508 4068 2540 1491 1853 207 15812 9785 1672 2504 1140 1978 2558 3443 7660 2665 292 1813
internal_value=-0.000210474 0.00901606 -0.00515557 0.016298 -0.00216316 -0.01055 0.00468368 0.00874741 -0.0130978 0.0126114 -0.000969421 0.0146347 0.0167872 -0.00583032 -0.0146774 -0.00339857 -0.00796052 -0.00243247 -0.00308104 0.00152385 0.000772117 -0.00760035 0.0156449 0.00327397 0.0217247 0.00305157 0.00388624 0.00157377 -0.00219784 -0.00122137
internal_weight=107609 37548 70061 14001 45068 24993 23547 6741 12588 8347 34005 6565 5165 11063 10225 6995 12405 21430 19245 12575 11457 3433 3228 2185 5654 16806 14060 6400 2957 2746
internal_count=107609 37548 70061 14001 45068 24993 23547 6741 12588 8347 34005 6565 5165 11063 10225 6995 12405 21430 19245 12575 11457 3433 3228 2185 5654 16806 14060 6400 2957 2746
is_linear=0
shrinkage=0.03


Tree=55
num_leaves=31
num_cat=0
split_feature=21 21 21 21 21 16 24 26 1 28 8 10 5 14 10 29 15 28 28 8 1 29 16 8 28 16 27 8 14 16
split_gain=5268.72 1663 999.795 267.687 229.318 149.753 187.651 144.155 129.576 125.026 118.86 123.502 100.766 94.4791 90.0867 109.001 85.9344 80.865 79.7786 77.1383 76.2952 86.3332 73.7031 68.176 64.473 63.8157 62.437 61.7534 85.4374 60.8753
threshold=8.377083333333335 3.8891666666666675 11.010000000000002 6.1212500000000007 2.339583333333334 9.9050000000000029 8.8500000000000032 0.81408451933196979 -0.54999999999999993 949.95000000000016 9.5000000000000018 1.5000000000000002 0.71312888643440575 0.61076454819622128 1.5000000000000002 53.500000000000007 0.41000000000000042 950.35000000000002 966.05000000000007 14.500000000000002 16.650000000000002 58.500000000000007 10.445000000000002 1.5000000000000002 947.35000000000002 8.8650000000000002 0.32556815445715659 12.500000000000002 0.70315953618886196 6.8950000000000005
decision_type=2 2 2 2 2 8 2 2 2 2 2 2 2 2 2 2 10 2 2 2 2 2 8 2 2 8 2 2 2 10
left_child=1 4 5 10 20 -2 18 -8 13 19 11 -3 26 -6 15 -5 23 24 -7 -4 -1 -22 -14 -13 -9 -25 -11 28 -17 -10
right_child=2 3 9 14 8 6 7 17 29 12 -12 16 22 -15 -16 27 -18 -19 -20 -21 21 -23 -24 25 -26 -27 -28 -29 -30 -31
leaf_value=-0.0011687378075993129 0.0016635189677455808 -0.0016763333372399182 0.004391343140335918 -0.0041569155387784374 -0.0011778044255943076 0.002375077512443089 0.0030717410520005447 0.0062098641021415286 -0.0010876350604740698 0.0043609991189086095 -0.00029281283838219623 -0.00012262986312463532 0.0034123193467164312 -0.0011792377725534022 0.00080111550434511551 -0.0017899957346269183 -5.5958320486941268e-05 0.0045529923182618592 0.005761310408147334 0.0029348525596086207 -0.0011745495597187052 -0.00014605285661733002 0.004263631776569553 -0.0015075799157429895 -0.0028476898213944555 0.00022726104267619757 0.0005428426178237522 0.00086350825521658097 0.0021414256790316102 0.00018278363628713336
leaf_weight=4127 6613 957 961 243 1669 6500 2324 203 16758 494 16046 1579 467 1171 22226 798 3143 2108 341 941 2487 593 6323 5276 207 733 345 890 355 677
leaf_count=4127 6613 957 961 243 1669 6500 2324 203 16758 494 16046 1579 467 1171 22226 798 3143 2108 341 941 2487 593 6323 5276 207 733 345 890 355 677
internal_value=-0.000160376 -0.00408313 0.0110775 -0.00094046 -0.0100564 0.00697011 0.00901181 0.01353 -0.00841864 0.0189545 -0.00295901 -0.00525956 0.0206746 -0.014362 0.00134356 -0.00432126 -0.00433402 0.0185018 0.00580631 0.0120189 -0.0146547 -0.011047 0.0218896 -0.00606085 0.00621687 -0.00751746 0.0107701 -0.00203613 -0.00660622 -0.00744667
internal_weight=107555 79728 27827 52246 27482 18296 11683 4842 20275 9531 27734 11688 7629 2840 24512 2286 10731 2518 6841 1902 7207 3080 6790 7588 410 6009 839 2043 1153 17435
internal_count=107555 79728 27827 52246 27482 18296 11683 4842 20275 9531 27734 11688 7629 2840 24512 2286 10731 2518 6841 1902 7207 3080 6790 7588 410 6009 839 2043 1153 17435
is_linear=0
shrinkage=0.03


Tree=56
num_leaves=31
num_cat=0
split_feature=22 22 22 16 25 26 12 28 2 16 23 22 12 22 2 16 12 16 8 2 24 27 8 26 11 2 28 8 16 16
split_gain=5066.86 1250.19 1119 258.03 236.655 424.616 220.18 195.42 194.667 160.804 166.38 126.568 118.752 108.63 101.828 95.7116 89.0249 86.4396 83.6893 108.254 80.2352 74.9501 74.8032 69.1913 66.3325 64.958 65.0036 63.7046 63.6672 60.672
threshold=0.53864070998463254 0.9116667889484239 0.074257976836200723 5.0550000000000006 1.3782751716247141 0.79332313182700753 3.5350000000000006 952.55000000000007 1.2150451470082784 10.505000000000001 5.0050000000000008 0.75252056664228095 4.5750000000000011 0.85701630894286418 1.1471207439492868 3.6750000000000003 8.1650000000000009 9.8650000000000002 14.500000000000002 1.1283154847458692 2.4500000000000006 0.32556815445715659 10.500000000000002 0.95878322595067733 3.3450000000000002 1.2204313837119265 959.45000000000016 16.500000000000004 9.3050000000000015 1.0900000000000003
decision_type=2 2 2 8 2 2 10 2 2 10 2 2 8 2 2 10 10 10 2 2 2 2 2 2 10 2 2 2 10 10
left_child=2 4 6 8 5 17 7 -1 22 -3 23 -7 18 29 27 -9 25 -2 19 28 -14 -10 -4 -11 -22 26 -15 -12 -5 -6
right_child=1 9 3 12 13 11 -8 15 21 10 14 -13 20 16 -16 -17 -18 -19 -20 -21 24 -23 -24 -25 -26 -27 -28 -29 -30 -31
leaf_value=-0.0010467508662673655 0.0003943841418723548 0.002769333892370432 -0.0012996938487515165 -0.00033404796462529974 0.0063287447114692037 0.0054807949340785721 -0.00074821273320862863 -0.0011336756733713335 -0.0012494896612232592 0.0022975929208761134 0.0041105411851518458 0.0044210675985093626 -0.001994397665597572 0.0011322277164216243 0.0041358611610048104 -0.0011414904742113193 0.0040718480782142366 0.0035680598696439425 2.958109988203214e-05 -0.0013469947401861483 0.0018875771849840961 -0.00053430433197617841 -0.00048060794821695935 0.004330493487757511 0.00022387237844629369 -0.0020850940022479757 0.0050711925466935754 0.0027777529320928405 0.002652183189222264 0.0011078713624951939
leaf_weight=9607 3111 772 5568 2210 458 2033 4382 7620 1425 583 1316 1806 421 964 5032 2488 2822 1233 5461 6190 1596 289 7431 734 15312 587 352 841 423 14524
leaf_count=9607 3111 772 5568 2210 458 2033 4382 7620 1425 583 1316 1806 421 964 5032 2488 2822 1233 5461 6190 1596 289 7431 734 15312 587 352 841 423 14524
internal_value=-9.61932e-05 0.0088645 -0.00482578 -0.00209795 0.00568919 0.0099768 -0.0100685 -0.0114204 -0.00537913 0.0184014 0.0195911 0.0172399 -0.000570245 0.00390676 0.0213887 -0.014334 0.00787104 0.00354564 -0.002595 -0.00440077 0.001099 -0.0148691 -0.00412258 0.00973525 0.00142257 0.00284591 0.0065405 0.0158603 0.000693707 0.0026543
internal_weight=107591 37168 70423 46326 27890 8183 24097 19715 14713 9278 8506 3839 31613 19707 7189 10108 4725 4344 14284 8823 17329 1714 12999 1317 16908 1903 1316 2157 2633 14982
internal_count=107591 37168 70423 46326 27890 8183 24097 19715 14713 9278 8506 3839 31613 19707 7189 10108 4725 4344 14284 8823 17329 1714 12999 1317 16908 1903 1316 2157 2633 14982
is_linear=0
shrinkage=0.03


Tree=57
num_leaves=31
num_cat=0
split_feature=19 19 19 16 16 23 26 12 1 12 16 16 23 1 1 24 23 17 29 12 25 18 16 9 16 29 8 1 26 1
split_gain=4883.53 1252.79 1071.78 280.112 203.674 311.574 199.402 195.463 172.097 162.283 140.014 126.974 145.756 124.71 102.383 86.3188 78.3388 74.0087 73.4716 67.5733 65.9677 76.0573 65.8588 65.6449 70.703 61.0065 91.3442 62.5544 57.8258 65.0642
threshold=8.0112500000000022 3.6237500000000007 11.261250000000002 4.5750000000000011 10.205000000000002 5.3250000000000011 0.79332313182700753 3.5350000000000006 19.350000000000005 5.0050000000000008 3.6750000000000003 11.565000000000003 4.9650000000000007 -0.14999999999999999 -0.34999999999999992 5.7500000000000009 0.77000000000000013 11.415000000000001 59.500000000000007 8.2550000000000008 2.1136621613714826 6.0150000000000006 6.8950000000000005 1.5000000000000002 7.785000000000001 48.500000000000007 12.500000000000002 4.0500000000000007 0.87032255546191739 22.350000000000005
decision_type=2 2 2 8 8 2 2 10 2 8 10 8 2 2 2 2 2 2 2 10 2 10 10 2 8 2 2 2 2 2
left_child=1 7 4 13 15 19 -7 8 10 14 16 -4 -13 -3 23 -2 -1 -14 22 -6 21 -11 -10 -5 -25 27 -27 -16 29 -22
right_child=2 3 11 9 5 6 -8 -9 18 20 -12 12 17 -15 25 -17 -18 -19 -20 -21 28 -23 -24 24 -26 26 -28 -29 -30 -31
leaf_value=-0.0011026654036619321 -0.00098246277261312184 -0.0011929509044536302 0.0035829171768133028 -0.0018504276076731412 0.0020003659278718666 0.0032981596300952387 0.004271651251934596 -0.00078696591868519046 -0.00099108080138360409 0.0013527433611794076 -0.0010330215776576204 0.0041706407554210258 0.0036744091457618219 -0.00096373708770998824 -0.0024648547029256086 0.002033246721508166 -0.0011026654036619321 0.0040117853261746649 -0.00013554591357467478 0.0036334544274650438 0.0022177633499575527 0.00024087710471239532 0.0011784462160128112 -0.0013744074968453468 0.00015577211720620347 -0.0004459090156323933 0.0010403636023520282 -0.0006553416790362421 -0.00097842162875984534 -0.00080466114276201198
leaf_weight=2092 1273 1522 1830 1149 6333 2014 2232 4435 6481 6237 3111 885 650 9933 266 9811 6968 5292 1093 1763 1454 8091 237 1500 1392 5755 3146 6742 2856 973
leaf_count=2092 1273 1522 1830 1149 6333 2014 2232 4435 6481 6237 3111 885 650 9933 266 9811 6968 5292 1093 1763 1454 8091 237 1500 1392 5755 3146 6742 2856 973
internal_value=-0.000142298 -0.00431202 0.00966062 -0.00163697 0.00632495 0.00897546 0.015554 -0.00989968 -0.0111643 -0.00044053 -0.013396 0.0186781 0.0205635 -0.00576702 -0.00234528 0.00337091 -0.015283 0.0222566 -0.0076804 0.00551784 0.00149725 0.00255355 -0.00885319 -0.00660652 -0.00418364 -0.00126115 0.000387379 -0.00335377 -0.00136725 0.00203536
internal_weight=107516 75433 32083 51016 23426 12342 4246 24417 19982 39561 12171 8657 6827 11455 19950 11084 9060 5942 7811 8096 19611 14328 6718 4041 2892 15909 8901 7008 5283 2427
internal_count=107516 75433 32083 51016 23426 12342 4246 24417 19982 39561 12171 8657 6827 11455 19950 11084 9060 5942 7811 8096 19611 14328 6718 4041 2892 15909 8901 7008 5283 2427
is_linear=0
shrinkage=0.03


Tree=58
num_leaves=31
num_cat=0
split_feature=21 21 21 21 25 26 12 2 22 28 28 2 9 28 16 27 28 2 8 25 11 27 16 8 28 8 29 2 25 26
split_gain=4923.64 1520.73 973.688 290.065 186.796 182.831 145.794 141.334 121.367 119.311 112.146 91.3025 97.4634 126.219 115.452 85.4126 78.9368 115.209 122.869 99.8578 85.6878 78.3624 76.1277 73.2387 68.851 67.8822 63.9189 77.2965 74.3768 74.1879
threshold=8.377083333333335 4.3779166666666685 11.010000000000002 2.7129166666666671 1.2518252065014657 0.82409480842201688 5.3950000000000005 1.211036566708058 0.95516273302198129 954.85000000000002 953.75000000000011 1.211036566708058 1.5000000000000002 957.25000000000011 7.5550000000000006 0.28400453026986811 959.85000000000002 1.2057327565728486 17.500000000000004 2.3498661672106178 10.705000000000002 0.21643137258081221 5.9850000000000012 4.5000000000000009 951.55000000000007 10.500000000000002 43.500000000000007 1.180739009469612 1.4257619121287131 0.89490028524376763
decision_type=2 2 2 2 2 2 8 2 2 2 2 2 2 2 8 2 2 2 2 2 10 2 8 2 2 2 2 2 2 2
left_child=1 3 4 10 5 -2 11 25 9 15 -1 26 -13 -14 -15 -4 17 21 23 20 -18 -6 -8 -19 -7 -5 27 -3 29 -28
right_child=2 6 8 7 16 24 22 -9 -10 -11 -12 12 13 14 -16 -17 19 18 -20 -21 -22 -23 -24 -25 -26 -27 28 -29 -30 -31
leaf_value=-0.00101575838626059 0.0020183353133688452 -0.0006544980445108864 0.003514338920814296 -0.0011268591553002289 0.0021633739525935957 0.0041777919176281359 -0.00048750024421452862 -0.0010815877054518345 0.0038920530279326726 0.0038829696756494947 -0.0010665854410603357 -0.001924234486736634 -0.0020913625817413368 -0.0012322200726469367 0.0014778842767712074 -0.00059399580247384784 0.0044997314502722187 0.0020113985058796786 0.0055481065239501495 -0.003515832369671824 -0.0017882319371774267 0.0038510587006540115 0.00094631928600954411 -0.0033940283096571574 0.0041827373972070743 -0.00062544917892542117 0.00026422074617589691 -0.0032483314590730722 -0.00033018012360167394 0.0038151660880896107
leaf_weight=5819 1483 6399 1729 9145 7257 641 6384 3210 5171 2219 5750 1371 991 1147 1275 345 3201 622 523 228 266 1652 16532 1171 1355 9989 1869 289 8804 814
leaf_count=5819 1483 6399 1729 9145 7257 641 6384 3210 5171 2219 5750 1371 991 1147 1275 345 3201 622 523 228 266 1652 16532 1171 1355 9989 1869 289 8804 814
internal_value=-0.000145742 -0.00393719 0.0107101 -0.00875376 0.00668496 0.012942 -0.000375981 -0.00675466 0.0185278 0.0147627 -0.0126102 -0.00206541 -0.00575068 -0.00302809 0.000667491 0.00955267 0.00522211 0.00396705 -0.00199052 0.00902432 0.0102909 0.00551604 0.0013167 -0.00572303 0.0188606 -0.0057746 -0.00109406 -0.00342447 0.000263662 0.0046317
internal_weight=107651 79788 27863 33913 18399 3479 45875 22344 9464 4293 11569 22959 4784 3413 2422 2074 14920 11225 2316 3695 3467 8909 22916 1793 1996 19134 18175 6688 11487 2683
internal_count=107651 79788 27863 33913 18399 3479 45875 22344 9464 4293 11569 22959 4784 3413 2422 2074 14920 11225 2316 3695 3467 8909 22916 1793 1996 19134 18175 6688 11487 2683
is_linear=0
shrinkage=0.03


Tree=59
num_leaves=31
num_cat=0
split_feature=19 19 22 19 19 28 23 26 5 16 8 8 23 25 29 16 25 29 28 16 17 29 1 1 28 8 28 28 16 8
split_gain=4692.64 1189.2 1078.85 275.895 241.391 191.77 154.004 171.736 153.905 126.351 104.459 125.588 104.193 95.2806 94.4224 93.8 93.0486 87.721 76.6864 75.0424 71.312 70.9519 82.9317 69.4942 85.0067 82.9234 67.2221 66.1102 63.1268 60.3813
threshold=8.0112500000000022 3.6562500000000009 0.93462904162470817 9.9312500000000039 5.3729166666666677 952.55000000000007 4.1050000000000013 -0.90992662233962551 0.035129887858636875 3.7250000000000005 8.5000000000000018 2.5000000000000004 5.3250000000000011 1.412508890469417 66.500000000000014 10.505000000000001 1.1820450585013693 33.500000000000007 951.6500000000002 9.6350000000000033 10.265000000000002 40.500000000000007 7.2500000000000009 0.8500000000000002 959.1500000000002 13.500000000000002 953.55000000000007 950.55000000000007 8.1450000000000014 12.500000000000002
decision_type=2 2 2 2 2 2 2 2 2 10 2 2 2 2 2 8 2 2 2 10 2 2 2 2 2 2 2 2 10 2
left_child=1 5 3 16 10 14 -5 19 9 -7 11 21 -9 23 -1 -4 18 -10 -2 -8 -17 -3 -23 25 -25 -6 -13 -14 -12 -15
right_child=2 4 15 6 13 8 7 12 17 -11 28 26 27 29 -16 20 -18 -19 -20 -21 -22 22 -24 24 -26 -27 -28 -29 -30 -31
leaf_value=-0.00095279569153933034 0.0023133005624559619 -0.0017726319783424955 0.0026095928388245402 0.0015111029013240151 -0.0026814065025647913 -0.0010345878778285256 0.00072329868010884255 0.0038762288984610948 -0.0012195500383293638 -0.00093452752490662922 -0.00054629758277030993 -0.0011994072711969412 0.0032897213622450233 -0.00070740933800885245 -0.00017374702603132952 0.0026111445078691297 0.001749045738362254 -0.00099604116507480195 0.0044659830553488719 0.0030737498598516367 0.0037749426761199412 -0.0012043150795855717 0.001337096241601833 0.00087075596642216362 0.0053989292973177288 0.0016097541373937376 -0.0013018410037253464 0.0039086315840624053 0.0027581381399613531 0.00030658680127720216
leaf_weight=10400 1097 467 295 1734 531 5295 1194 1682 618 1478 12329 3208 368 11677 1865 262 14162 5159 935 2825 5902 899 1403 7968 861 404 2153 1772 612 7925
leaf_count=10400 1097 467 295 1734 531 5295 1194 1682 618 1478 12329 3208 368 11677 1865 262 14162 5159 935 2825 5902 899 1403 7968 861 404 2153 1772 612 7925
internal_value=-3.79588e-05 -0.00414021 0.00953991 0.0067894 -0.00149459 -0.00951612 0.0108257 0.0126141 -0.0121243 -0.0151947 -0.0039443 -0.00660848 0.0171675 0.000263525 -0.00684352 0.0204997 0.00440027 -0.00851435 0.0103976 0.00826789 0.0212903 -0.00141673 0.000754226 0.002684 0.00350804 -0.00507447 -0.00928625 0.0215664 -0.00226865 -0.000942521
internal_weight=107480 75252 32228 25769 50437 24815 9575 7841 12550 6773 21071 8130 3822 29366 12265 6459 16194 5777 2032 4019 6164 2769 2302 9764 8829 935 5361 2140 12941 19602
internal_count=107480 75252 32228 25769 50437 24815 9575 7841 12550 6773 21071 8130 3822 29366 12265 6459 16194 5777 2032 4019 6164 2769 2302 9764 8829 935 5361 2140 12941 19602
is_linear=0
shrinkage=0.03


Tree=60
num_leaves=31
num_cat=0
split_feature=21 21 21 21 25 28 21 16 1 21 28 14 14 28 1 8 25 16 27 8 25 11 8 25 28 24 27 9 9 1
split_gain=4607.13 1454.87 856.944 339.491 197.194 136.657 132.821 132.64 130.414 127.89 130.234 103.681 87.3872 84.6422 108.486 114.897 84.2057 88.3552 81.5289 80.2114 78.0852 76.7155 71.5947 65.3645 63.1527 61.0859 60.0264 59.3248 121.556 60.7648
threshold=8.4204166666666698 4.5029166666666676 11.010000000000002 2.9333333333333331 1.2518252065014657 953.75000000000011 6.3020833333333339 9.8650000000000002 -0.24999999999999997 12.342083333333335 954.55000000000007 0.92491440606627073 2.3366250553424499 960.25000000000011 0.45000000000000007 17.500000000000004 2.2852561796597981 9.2550000000000008 0.25037047035109405 8.5000000000000018 1.5259387415096761 3.5650000000000004 4.5000000000000009 1.0878847064393942 948.45000000000016 8.8500000000000032 0.3090169943749474 5.5000000000000009 3.5000000000000004 -1.1499999999999997
decision_type=2 2 2 2 2 2 2 8 2 2 2 2 2 2 2 2 2 8 2 2 2 10 2 2 2 2 2 2 2 2
left_child=1 3 4 5 7 -1 20 -2 11 10 26 -5 -11 14 15 22 17 -15 -16 -10 -3 -13 -6 -8 25 -21 -4 28 29 -25
right_child=2 6 9 8 13 -7 23 -9 19 12 -12 21 -14 16 18 -17 -18 -19 -20 24 -22 -23 -24 27 -26 -27 -28 -29 -30 -31
leaf_value=-0.00096188753498343562 0.0018864929163548982 7.7850366848195981e-05 0.0031243828913419744 -0.0010405516807239774 0.0012023296866761667 -0.0010035502414936697 0.0046702150698119445 0.0039233915375885319 -0.0011538590317572834 0.0036614218952678444 0.0036614218952678444 0.0003035274595289746 0.0035177737959930532 -0.00043765510328787669 0.0021470090037971445 0.0060639733772237647 -0.0025682675933714348 0.0043787582807745945 0.0036830555674835235 0.00010940310231043436 -0.00078980709463497987 -0.0012116146195125866 -0.0033446788325183084 -0.00060204307107795951 -0.00084062484755812481 -0.0015885846780623722 -0.00065355014272673541 0.0020538825895218202 -0.00077754283056745616 0.0012956556333030521
leaf_weight=7466 1209 8874 1660 2201 671 6990 935 2150 6922 4528 2527 536 356 502 7526 473 248 2618 1515 3841 12858 281 1105 2029 6874 283 323 3133 6186 10549
leaf_count=7466 1209 8874 1660 2201 671 6990 935 2150 6922 4528 2527 536 356 502 7526 473 248 2618 1515 3841 12858 281 1105 2029 6874 283 323 3133 6186 10549
internal_value=-8.91277e-05 -0.00372772 0.0105234 -0.00826803 0.00669016 -0.0118042 -0.00012116 0.0132432 -0.00582438 0.0178679 0.0141927 -0.0115911 0.0212436 0.00518448 0.00393625 -0.00195652 0.00935666 0.0106944 0.00540239 -0.00485021 -0.0017997 -0.00244526 -0.00545761 0.00147655 -0.00325548 -0.00031969 0.00840543 0.00114373 0.000505088 0.0021982
internal_weight=107369 79958 27411 35394 18017 14456 44564 3359 20938 9394 4510 3018 4884 14658 11290 2249 3368 3120 9041 17920 21732 817 1776 22832 10998 4124 1983 21897 18764 12578
internal_count=107369 79958 27411 35394 18017 14456 44564 3359 20938 9394 4510 3018 4884 14658 11290 2249 3368 3120 9041 17920 21732 817 1776 22832 10998 4124 1983 21897 18764 12578
is_linear=0
shrinkage=0.03


Tree=61
num_leaves=31
num_cat=0
split_feature=21 21 21 21 2 22 16 23 28 12 2 28 28 20 29 3 21 20 24 29 28 10 9 8 29 28 28 29 2 17
split_gain=4511.82 1391.27 867.93 316.767 175.172 144.323 118.974 209.45 113.041 111.202 104.399 104.354 86.2694 85.7786 80.7643 75.5405 81.2918 73.9755 73.9274 72.6397 72.1229 70.9587 64.4111 64.1858 74.9981 80.8092 63.6315 61.978 59.5965 59.0877
threshold=8.4204166666666698 4.5029166666666676 11.010000000000002 2.5337500000000008 1.211036566708058 0.94732539093081747 9.9050000000000029 4.4050000000000011 959.35000000000002 4.6950000000000012 1.2079370213572984 952.55000000000007 954.85000000000002 2.1221333602653156 71.500000000000014 4.2654888477011665 5.901250000000001 3.3759677619645139 2.9500000000000006 63.500000000000007 966.05000000000007 4.5000000000000009 2.5000000000000004 9.5000000000000018 82.500000000000014 946.75000000000011 949.45000000000016 57.500000000000007 1.2137060082547351 3.5150000000000001
decision_type=2 2 2 2 2 2 8 2 2 8 2 2 2 2 2 2 2 2 2 2 2 2 2 2 2 2 2 2 2 2
left_child=1 3 6 11 23 12 27 20 19 10 17 -1 -4 -7 -15 -11 -17 -3 -18 26 -8 -19 -16 29 25 -25 -9 -2 -10 -5
right_child=2 9 5 4 -6 13 7 8 28 15 -12 -13 -14 14 22 16 18 21 -20 -21 -22 -23 -24 24 -26 -27 -28 -29 -30 -31
leaf_value=-0.00093714393762733524 0.0024528469231470461 -0.00052158479172858304 0.0029059363075553081 -0.00072770073868902289 -0.00099242543807966837 0.0035515792384098088 0.0016827172283543888 0.0026055734740066082 0.004116835303371754 0.0022120815652920066 -0.0015143722865397036 -0.00097344373424885957 0.0035447531577480536 0.0036050340623109377 0.0035326128083702489 -0.0005743794713530154 -0.00286205182476661 -0.001485251889560919 0.00065772970842070233 0.0018191056421925399 0.0062518333404861159 0.002824325196761757 -0.00026862439697431016 -6.9548276168387711e-05 0.0016457992619017122 -0.00090025020243409608 0.0036288545134997162 -0.00012884402504520053 0.0043198365459718811 -0.0011846680131350424
leaf_weight=4225 3904 9116 1903 4101 3705 3053 5588 1041 977 1941 3550 5191 1955 1816 319 6267 352 621 21105 985 216 1632 382 3512 385 8928 2255 2465 591 5487
leaf_count=4225 3904 9116 1903 4101 3705 3053 5588 1041 977 1941 3550 5191 1955 1816 319 6267 352 621 21105 985 216 1632 382 3512 385 8928 2255 2465 591 5487
internal_value=-3.40234e-05 -0.00363042 0.0104615 -0.00805819 -0.00635532 0.0178353 0.0066001 0.00840196 0.0124069 -0.000100922 -0.00221321 -0.0127757 0.013342 0.0209327 0.0167605 0.000961577 0.000560424 -0.000809742 0.00143836 0.00986234 0.00435875 0.00405226 0.00803116 -0.00535418 -0.00396337 -0.00436802 0.0119964 0.00329934 0.0193007 -0.00721151
internal_weight=107568 80118 27450 35534 26118 9428 18022 11653 5849 44584 14919 9416 3858 5570 2517 29665 27724 11369 21457 4281 5804 2253 701 22413 12825 12440 3296 6369 1568 9588
internal_count=107568 80118 27450 35534 26118 9428 18022 11653 5849 44584 14919 9416 3858 5570 2517 29665 27724 11369 21457 4281 5804 2253 701 22413 12825 12440 3296 6369 1568 9588
is_linear=0
shrinkage=0.03


Tree=62
num_leaves=31
num_cat=0
split_feature=21 21 21 21 21 25 26 21 1 1 28 14 14 1 15 29 25 25 26 27 25 28 28 9 9 13 28 1 27 1
split_gain=4488.77 1244.47 847.163 221.506 200.197 162.846 165.782 147.046 126.95 121.135 119.172 115.825 101.654 95.7855 84.556 84.1813 83.3543 78.6666 136.746 74.4341 68.6376 67.6701 65.3003 100.925 75.827 62.0512 60.9501 68.0121 69.6159 65.6259
threshold=8.4204166666666698 3.859583333333334 10.930416666666668 2.339583333333334 6.0525000000000011 1.2518252065014657 0.92384435400961407 12.342083333333335 -0.74999999999999989 16.650000000000002 960.1500000000002 2.3366250553424499 0.61076454819622128 0.25000000000000006 0.50000000000000044 58.500000000000007 1.3075965351026952 2.1657653061224496 -0.93663652364155492 0.1218693434051476 1.1996243771295088 951.75000000000011 958.05000000000007 1.5000000000000002 3.5000000000000004 8.2483333333333366 960.35000000000002 1.0000000180025095e-35 0.017452406437283369 -1.0499999999999998
decision_type=2 2 2 2 2 2 2 2 2 2 2 2 2 2 10 2 2 2 2 2 2 2 2 2 2 2 2 2 2 2
left_child=1 3 5 9 14 6 -2 10 12 -1 16 -9 -5 22 -3 -11 -4 18 -7 -19 -15 -8 24 -24 -6 -18 27 -20 -29 -28
right_child=2 4 7 8 13 17 21 11 -10 15 -12 -13 -14 20 -16 -17 25 19 26 -21 -22 -23 23 -25 -26 -27 29 28 -30 -31
leaf_value=-0.00094424042222139375 0.0020781983662516022 -0.00085009152195494929 0.0034261986166965385 -0.0009525795151353292 9.6284993871999512e-05 0.00081793910201751635 0.0035627255767251963 0.0034450318612575157 -0.00086212073846118746 -0.00094846782154608727 0.0035043521549073852 0.0032233764398287698 -0.0009481547424359377 0.0019358585143758782 -1.2239948780726762e-05 0.00017931970898360446 -0.0004178003056521695 0.0025109323951017968 0.00054785532481674618 -0.0019469852301227607 0.0003692928894402528 0.0037193473742198921 -0.0017823159784709467 0.0006301865874336805 -0.0028465206965552991 0.0031087260588869669 0.0040898552633385661 0.0019378597769303372 0.0038427539942788923 0.0046356710593169386
leaf_weight=4176 1674 19680 765 1548 656 3691 489 4584 16990 2517 1308 364 1077 4747 7673 606 389 2056 1285 1397 15912 1164 950 2556 991 2528 1196 1539 2166 1038
leaf_count=4176 1674 19680 765 1548 656 3691 489 4584 16990 2517 1308 364 1077 4747 7673 606 389 2056 1285 1397 15912 1164 950 2556 991 2528 1196 1539 2166 1038
internal_value=-2.89648e-05 -0.00362657 0.0103955 -0.0088822 -0.000965394 0.00645593 0.012434 0.0174032 -0.00721865 -0.0133447 0.0137417 0.0210781 -0.0133574 0.00092962 -0.00275349 -0.0088523 0.010952 0.00506784 0.00631593 0.00111914 0.00184233 0.0191616 -0.0027278 -0.00041014 -0.00764528 0.00861396 0.0087149 0.00685886 0.00891914 0.0128361
internal_weight=107712 80079 27633 26914 53165 17695 3327 9938 19615 7299 4990 4948 2625 25812 27353 3123 3682 14368 10915 3453 20659 1653 5153 3506 1647 2917 7224 4990 3705 2234
internal_count=107712 80079 27633 26914 53165 17695 3327 9938 19615 7299 4990 4948 2625 25812 27353 3123 3682 14368 10915 3453 20659 1653 5153 3506 1647 2917 7224 4990 3705 2234
is_linear=0
shrinkage=0.03


Tree=63
num_leaves=31
num_cat=0
split_feature=21 21 21 21 21 25 26 22 1 1 14 28 25 27 27 14 8 25 26 28 1 26 9 28 16 25 28 8 28 1
split_gain=4364.63 1290.97 899.369 225.327 174.826 165.298 189.621 138.307 122.731 101.516 96.606 96.0386 93.5635 122.031 90.4945 90.2352 86.1183 84.0693 117.549 83.2724 79.1546 100.424 86.4775 82.7564 100.714 78.6017 74.2954 74.1814 74.1786 74.9431
threshold=8.4204166666666698 3.859583333333334 11.010000000000002 2.339583333333334 5.3337500000000002 1.2518252065014657 0.92384435400961407 0.94732539093081747 -0.34999999999999992 16.650000000000002 0.57518113089124545 954.85000000000002 2.2852561796597981 -0.39873388578253693 0.28400453026986811 1.8023271988187102 8.5000000000000018 2.1657653061224496 -0.93663652364155492 951.75000000000011 0.25000000000000006 0.79332313182700753 1.5000000000000002 958.1500000000002 7.6050000000000013 2.0702314892662974 958.25000000000011 11.500000000000002 960.1500000000002 -0.94999999999999984
decision_type=2 2 2 2 2 2 2 2 2 2 2 2 2 2 2 2 2 2 2 2 2 2 2 2 8 2 2 2 2 2
left_child=1 3 5 9 16 6 -2 11 10 -1 -5 14 20 -14 -4 -9 -3 18 -7 -8 22 -22 -6 -24 -25 26 -23 -28 -20 -30
right_child=2 4 7 8 12 17 19 15 -10 -11 -12 -13 13 -15 -16 -17 -18 -19 28 -21 21 25 23 24 -26 -27 27 -29 29 -31
leaf_value=-0.00091591320955475188 0.0016958600909214921 -0.001010003183221322 0.003024154081300415 -0.00092318283782488113 -0.0017535968078569184 0.0009372059185540349 0.003408736276351305 0.0033424405046953817 -0.00084533373007999492 -0.00089809390251767364 -0.00092791895181164763 0.0033394721177822839 0.0025056608457710225 -0.0009706783287132658 -0.0015614656262898762 0.003321110830663194 -0.00032066983418005732 0.00046904220920882976 0.0028167398439863777 0.0036077669529932964 0.00011080859081599503 0.0015469666066345008 -0.0015965437906078331 -0.0010281501146267974 0.0021135050413608409 -0.00035142628604075798 0.00051455362622120689 0.0059962860145440621 0.0038638270565396248 0.004398082925515699
leaf_weight=4086 1670 7286 1598 1550 1374 3784 492 4929 16869 3155 1248 2002 774 5973 344 669 11607 3482 5002 1205 13631 5260 1238 952 1863 1662 461 1120 1261 1095
leaf_count=4086 1670 7286 1598 1550 1374 3784 492 4929 16869 3155 1248 2002 774 5973 344 669 11607 3482 5002 1205 13631 5260 1238 952 1863 1662 461 1120 1261 1095
internal_value=-5.51804e-05 -0.00359675 0.010248 -0.00895106 -0.000888058 0.0062964 0.0122865 0.0176914 -0.00728192 -0.0134764 -0.0131002 0.0133553 0.000388191 -0.00277695 0.00856703 0.0207318 -0.0032051 0.00491353 0.00618462 0.0193361 0.00116339 0.00195944 -0.00208211 0.000125678 0.00296809 0.00451693 0.00593777 0.011633 0.00839332 0.0127827
internal_weight=107642 80109 27533 26908 53201 17991 3367 9542 19667 7241 2798 3944 34308 6747 1942 5598 18893 14624 11142 1697 27561 22134 5427 4053 2815 8503 6841 1581 7358 2356
internal_count=107642 80109 27533 26908 53201 17991 3367 9542 19667 7241 2798 3944 34308 6747 1942 5598 18893 14624 11142 1697 27561 22134 5427 4053 2815 8503 6841 1581 7358 2356
is_linear=0
shrinkage=0.03


Tree=64
num_leaves=31
num_cat=0
split_feature=21 21 21 21 25 1 25 16 16 16 23 28 14 28 27 2 8 8 1 9 25 16 1 29 27 15 23 9 8 28
split_gain=4251.32 1355.24 766.921 310.546 210.006 161.628 133.383 160.991 131.443 121.95 112.623 109.572 104 101.654 94.9756 94.6852 114.061 90.5272 89.7891 100.246 86.1132 91.879 86.0445 87.4714 78.2171 78.1551 72.9155 72.6229 70.0839 69.9132
threshold=8.7579166666666701 4.5029166666666676 11.511666666666668 2.7129166666666671 1.2518252065014657 -0.24999999999999997 2.2852561796597981 7.3050000000000006 11.565000000000003 10.505000000000001 5.0750000000000011 952.55000000000007 0.92491440606627073 960.1500000000002 -0.46947156278589081 1.2070543490138486 18.500000000000004 4.5000000000000009 1.0000000180025095e-35 1.0000000180025095e-35 2.2852561796597981 9.6350000000000033 14.65 71.500000000000014 0.19936034309715231 1.3700000000000006 0.51500000000000012 5.5000000000000009 9.5000000000000018 958.85000000000002
decision_type=2 2 2 2 2 2 2 8 8 8 2 2 2 2 2 2 2 2 2 2 2 8 2 2 2 10 2 2 2 2
left_child=1 3 4 11 9 12 7 18 -4 -2 -10 -1 -5 15 -8 -6 17 -17 25 -20 21 -15 -12 -24 -18 -3 -13 -21 -7 -9
right_child=2 6 8 5 13 28 14 29 10 -11 22 26 -14 20 -16 16 24 -19 19 27 -22 -23 23 -25 -26 -27 -28 -29 -30 -31
leaf_value=-0.00084850718569203366 0.0026557929740018025 -0.0015873736299761765 0.0026649685908731032 -0.00092540182282997859 0.0024636063794647237 -0.0009880917587753316 0.0024304910203978916 0.00064534618090821504 0.0035445890170593864 0.0033736367807838973 0.003241407690278929 -0.0008898375646646463 -0.00050823474350312375 0.00067009123568552594 -0.00093044335968080595 0.0029821320608399014 0.0049974274522790619 -0.0028508460636364227 0.0012070775242075912 -0.00068554240940574577 -0.0024973627917935048 0.0037094382383510375 0.0032404253071051437 -0.00024296589608714946 -0.001571763190822605 0.0025961000752740167 -0.00088843581326810935 0.00097273371161233572 -0.00050863901552243075 0.0021390724720892354
leaf_weight=5336 1346 2344 1222 2538 8564 8812 665 14292 721 1710 4006 1042 861 561 8246 622 248 1078 2467 11413 236 2580 1257 235 214 208 5257 2246 11657 5615
leaf_count=5336 1346 2344 1222 2538 8564 8812 665 14292 721 1710 4006 1042 861 561 8246 622 248 1078 2467 11413 236 2580 1257 235 214 208 5257 2246 11657 5615
internal_value=-6.16148e-05 -0.00330815 0.0108905 -0.00774164 0.00739863 -0.00578059 6.31566e-06 0.000770407 0.0189323 0.0145247 0.0207021 -0.0117603 -0.0118361 0.00584987 -0.00330081 0.00441711 -0.00119059 -0.00478592 -0.00123 -0.000401711 0.0103873 0.0117006 0.0221661 0.0159118 0.0119486 -0.00645287 -0.0144432 -0.00140735 -0.00477239 0.00264715
internal_weight=107599 82999 24600 35503 17159 23868 47496 38585 7441 3056 6219 11635 3399 14103 8911 10726 2162 1700 18678 16126 3377 3141 5498 1492 462 2552 6299 13659 20469 19907
internal_count=107599 82999 24600 35503 17159 23868 47496 38585 7441 3056 6219 11635 3399 14103 8911 10726 2162 1700 18678 16126 3377 3141 5498 1492 462 2552 6299 13659 20469 19907
is_linear=0
shrinkage=0.03


Tree=65
num_leaves=31
num_cat=0
split_feature=21 21 22 21 1 25 12 10 26 16 28 23 25 16 1 16 9 9 10 28 1 1 28 27 28 1 10 27 26 1
split_gain=4073.49 1498.88 585.27 335.716 190.065 181.094 163.806 133.052 127.627 118.848 115.69 115.487 96.7592 94.9709 138.678 89.8672 92.3002 94.8849 92.5642 105.555 99.7555 104.929 86.1849 81.3112 77.5258 96.4004 75.9534 74.5794 72.3281 94.1643
threshold=9.3104166666666703 4.5029166666666676 0.93462904162470817 2.5337500000000008 -0.74999999999999989 1.2459237926451043 5.6050000000000013 8.5000000000000018 -0.41467745240824966 11.565000000000003 952.55000000000007 4.1650000000000009 2.3498661672106178 9.2550000000000008 -7.6499999999999995 5.9850000000000012 3.5000000000000004 5.5000000000000009 6.5000000000000009 954.6500000000002 -3.1499999999999999 9.6500000000000004 966.85000000000002 -0.5 962.85000000000002 6.0500000000000007 1.5000000000000002 1.0000000180025095e-35 0.95368063612909471 -2.5499999999999994
decision_type=2 2 2 2 2 2 8 2 2 8 2 2 2 8 2 8 2 2 2 2 2 2 2 2 2 2 2 2 2 2
left_child=1 3 5 10 -5 8 12 28 -2 -4 -1 -9 13 14 -3 -8 18 22 20 -20 -17 26 -18 -14 25 -19 -22 -23 29 -7
right_child=2 6 9 4 -6 7 15 11 -10 -11 -12 -13 23 -15 -16 16 17 24 19 -21 21 27 -24 -25 -26 -27 -28 -29 -30 -31
leaf_value=-0.00084067060860000585 0.0024551840745203591 -0.0019222636147933929 0.0028137677786316665 -0.00088130929368591688 -0.00072406653379152096 -0.0030476225358562559 -0.00037508699743492134 0.0017791077016230837 0.0032355014732420285 0.0031449545303413682 -0.000861782738870066 0.0032415184856191613 0.0025252630611610669 0.0010169964291361082 -0.00024979560585786597 -0.00092643015559403408 -0.00065669092649123793 -0.0021174847210853722 -0.0004990189701168748 0.0033347585361902651 0.003439966600087887 0.0006444366431061576 0.0085544560033950969 -0.0014702664804738634 0.0055089911913058067 0.0023245625307585049 0.0081498019558618861 0.0039206300356829892 0.0033803162174479871 0.001510643508467766
leaf_weight=4202 892 379 880 3505 22619 558 5792 1633 1381 5531 5092 3658 381 3765 15371 769 5859 928 3687 2689 657 1919 210 4133 306 2160 1276 1804 2098 3381
leaf_count=4202 892 379 880 3505 22619 558 5792 1633 1381 5531 5092 3658 381 3765 15371 769 5859 928 3687 2689 657 1919 210 4133 306 2160 1276 1804 2098 3381
internal_value=-9.20759e-06 -0.00280192 0.0121996 -0.00756288 -0.00581882 0.00867191 0.000435976 0.0071155 0.016396 0.0196711 -0.0124594 0.0105872 -0.00138179 -0.000465676 -0.00148905 0.0019928 0.00285868 0.000611534 0.00451898 0.00195581 0.0070591 0.00843667 -0.00163484 -0.00533746 0.00462489 0.00318138 0.0141022 0.00548015 0.00406653 0.00166582
internal_weight=107515 87503 20012 35418 26124 13601 52085 11328 2273 6411 9294 5291 24029 19515 15750 28056 22264 9463 12801 6376 6425 5656 6069 4514 3394 3088 1933 3723 6037 3939
internal_count=107515 87503 20012 35418 26124 13601 52085 11328 2273 6411 9294 5291 24029 19515 15750 28056 22264 9463 12801 6376 6425 5656 6069 4514 3394 3088 1933 3723 6037 3939
is_linear=0
shrinkage=0.03


Tree=66
num_leaves=31
num_cat=0
split_feature=21 21 21 21 25 26 16 1 1 12 1 2 29 28 26 25 14 10 29 2 11 16 1 1 8 28 2 8 28 7
split_gain=3948.37 1173.85 871.193 233.964 195.984 249.372 178.812 119.287 117.89 117.74 115.434 112.426 108.933 108.885 120.436 129.148 91.4679 91.434 128.48 105.277 86.2768 83.0917 81.7991 77.6519 83.1986 92.4697 71.6373 67.9659 67.3694 61.9761
threshold=8.4204166666666698 3.859583333333334 11.511666666666668 2.2120833333333336 1.3196242966087115 0.93038214053199464 5.0550000000000006 -0.44999999999999996 16.650000000000002 5.3550000000000013 14.250000000000002 1.2222374236189488 72.500000000000014 960.25000000000011 0.9935340235047978 1.9936457145164386 0.88489170712203169 1.5000000000000002 56.500000000000007 1.2341082399135381 10.705000000000002 10.445000000000002 -2.7499999999999996 -1.0000000180025095e-35 16.500000000000004 951.95000000000016 1.2401305403063472 10.500000000000002 951.55000000000007 13.500000000000002
decision_type=2 2 2 2 2 2 8 2 2 8 2 2 2 2 2 2 2 2 2 2 10 10 2 2 2 2 2 2 2 2
left_child=1 3 4 8 5 21 11 16 -1 17 -4 -3 -12 23 15 20 -5 18 -8 -20 22 -2 -15 24 26 -26 -6 -17 -7 -10
right_child=2 6 10 7 13 28 9 -9 29 -11 12 -13 -14 14 -16 27 -18 -19 19 -21 -22 -23 -24 -25 25 -27 -28 -29 -30 -31
leaf_value=-0.00083592925670396398 0.00087883887071794615 -0.00069224728787754743 0.003054364065242403 -0.00084152328660901457 -0.0021958112202531397 0.0031948966617079176 -0.0034397474495377837 -0.00077291374015265723 -0.00093584789616691386 0.00064117183842743669 0.0030253082795173966 -0.0011612955100585749 -0.0047154234231662224 0.001558945063484125 0.0042864376114118887 -0.0041822782736665289 -0.0005985014656858977 -0.00019109848021668706 0.00023031318090630906 -0.0015521402790067216 -0.00055166814784096349 0.0032434286163198988 0.003728202739267503 0.0022243553723595142 -0.0022608684961737688 0.0052965489019988496 0.0049778486148501274 0.0045187839950811401 0.0032718499032008993 -0.00066109497947997248
leaf_weight=3441 1918 11965 5120 2213 1564 510 351 18086 859 19810 1952 873 300 549 880 473 763 18509 1174 558 292 875 1189 9256 204 357 209 275 1446 1676
leaf_count=3441 1918 11965 5120 2213 1564 510 351 18086 859 19810 1952 873 300 549 880 473 763 18509 1174 558 292 875 1189 9256 204 357 209 275 1446 1676
internal_value=-9.94872e-05 -0.00345428 0.00973953 -0.00854417 0.00648685 0.0118069 -0.000868814 -0.00705464 -0.0137836 0.000111367 0.0185523 -0.00395235 0.0128401 0.00482659 0.00933661 0.00625225 -0.0126199 -0.00147691 -0.00742816 -0.00404145 0.010172 0.00603645 0.0127022 0.00339974 -0.00148782 0.00853357 -0.00467379 -0.00438247 0.0200102 -0.00884646
internal_weight=107647 80278 27369 27038 19997 4749 53240 21062 5976 40402 7372 12838 2252 15248 3658 2778 2976 20592 2083 1732 2030 2793 1738 11590 2334 561 1773 748 1956 2535
internal_count=107647 80278 27369 27038 19997 4749 53240 21062 5976 40402 7372 12838 2252 15248 3658 2778 2976 20592 2083 1732 2030 2793 1738 11590 2334 561 1773 748 1956 2535
is_linear=0
shrinkage=0.03


Tree=67
num_leaves=31
num_cat=0
split_feature=16 12 23 16 17 28 12 17 1 5 1 8 16 16 28 8 10 1 28 10 1 27 8 28 29 16 25 14 29 28
split_gain=3801.86 1211.49 1006.89 448.981 284.24 240.715 163.073 157.61 145.976 101.314 100.635 90.3742 83.9225 83.2642 121.772 86.5262 101.58 72.944 69.4744 69.1919 68.7685 98.6631 68.0139 66.0971 62.9591 61.8347 78.7655 61.6008 58.0994 60.1044
threshold=10.205000000000002 4.5750000000000011 5.0750000000000011 3.6750000000000003 11.545000000000002 952.55000000000007 2.2650000000000001 6.285000000000001 -1.6499999999999997 0.70392045016201565 0.25000000000000006 16.500000000000004 12.565000000000003 1.0000000180025095e-35 960.1500000000002 13.500000000000002 2.5000000000000004 0.45000000000000007 966.05000000000007 11.500000000000002 -1.2499999999999998 0.3090169943749474 14.500000000000002 960.05000000000007 77.500000000000014 9.0850000000000026 2.0490601331641534 0.57518113089124545 56.500000000000007 958.95000000000016
decision_type=10 8 2 10 2 2 10 2 2 2 2 2 10 10 2 2 2 2 2 2 2 2 2 2 2 8 2 2 2 2
left_child=1 3 9 5 22 24 27 -3 -5 18 13 -8 23 14 -9 16 -15 -11 20 -10 21 -2 -4 -6 -1 -12 -27 -7 29 -22
right_child=2 7 4 8 12 6 11 10 19 17 25 -13 -14 15 -16 -17 -18 -19 -20 -21 28 -23 -24 -25 -26 26 -28 -29 -30 -31
leaf_value=-0.0007839432394089388 0.001968524364923049 -0.00038074476092369398 0.0031134722458683838 -0.00092094992840302146 0.0029328659258500843 -0.00081085137900284508 -0.00083140972300101547 -0.0015860453639690312 -0.00052257096016574789 0.0035703268129339749 0.00080542461574682311 -0.00021614627278241885 0.0029610165774882724 -0.002332542182635912 0.0064891709829067905 0.00087702071079156336 -7.1792404272517094e-05 0.0019545745292552617 0.004728830267701602 0.0013388324442010261 9.3297139104433767e-05 -0.0035478496710413207 0.0018682015467625368 0.0030545763081877087 0.0010531304016122183 0.0033062204550206942 2.3448730162245466e-07 -0.00081526137972570039 0.0032267375076196706 0.0035893282537564006
leaf_weight=9514 1574 14711 1905 2973 2686 3551 3960 331 19488 525 15898 1151 4232 1336 472 1315 1194 775 288 1214 2946 843 1604 1074 418 4136 1559 2288 3044 336
leaf_count=9514 1574 14711 1905 2973 2686 3551 3960 331 19488 525 15898 1151 4232 1336 472 1315 1194 775 288 1214 2946 843 1604 1074 418 4136 1559 2288 3044 336
internal_value=-3.07417e-06 -0.00285602 0.0111691 -0.00627912 0.0172736 -0.00948533 -0.0125532 0.000868716 -0.00344975 0.00436823 0.00226206 -0.00862588 0.0204002 -0.00174081 0.00701733 -0.00357662 -0.00681657 0.0121839 0.00323705 -0.00255566 0.00275377 -0.00154831 0.0101338 0.0170837 -0.00609842 0.0031239 0.00580526 -0.0159805 0.00439741 0.00162458
internal_weight=107341 85509 21832 44557 11501 20882 10950 40952 23675 10331 26241 5111 7992 4648 803 3845 2530 1300 9031 20702 8743 2417 3509 3760 9932 21593 5695 5839 6326 3282
internal_count=107341 85509 21832 44557 11501 20882 10950 40952 23675 10331 26241 5111 7992 4648 803 3845 2530 1300 9031 20702 8743 2417 3509 3760 9932 21593 5695 5839 6326 3282
is_linear=0
shrinkage=0.03


Tree=68
num_leaves=31
num_cat=0
split_feature=21 21 21 21 21 25 16 26 1 10 9 9 1 21 8 10 25 16 25 1 14 26 25 8 15 2 12 29 26 8
split_gain=3804.98 1341.17 489.833 272.169 236.7 161.124 120.246 112.067 111.164 106.399 105.32 125.68 105.192 98.9824 97.946 100.355 91.1756 82.2156 107.358 94.4008 75.4244 74.9648 86.1789 77.0553 74.818 71.491 71.3542 68.3607 62.7163 64.6485
threshold=9.4737500000000026 3.859583333333334 11.63625 6.3020833333333339 2.339583333333334 1.2459237926451043 11.815000000000003 -0.82409480842201666 -0.74999999999999989 8.5000000000000018 3.5000000000000004 5.5000000000000009 16.650000000000002 10.141250000000003 8.5000000000000018 1.5000000000000002 2.6990516001438336 9.4050000000000029 2.1813026155131423 -1.1499999999999997 0.62864934582005094 0.9426055981926128 2.0088626485835479 13.500000000000002 0.30999999999999978 1.2186306733219581 9.2150000000000016 71.500000000000014 0.83385407025023295 3.5000000000000004
decision_type=2 2 2 2 2 2 8 2 2 2 2 2 2 2 2 2 2 8 2 2 2 2 2 2 10 2 10 2 2 2
left_child=1 4 5 14 12 7 -4 -2 20 21 17 16 -1 -11 15 -3 -12 19 28 -5 -6 25 23 -23 -17 -7 -8 -27 -19 -30
right_child=2 3 6 10 8 9 26 -9 -10 13 11 -13 -14 -15 -16 24 -18 18 -20 -21 -22 22 -24 -25 -26 27 -28 -29 29 -31
leaf_value=-0.00078652583763275975 0.002255976772512588 -0.0011818534804558405 0.0025173752057613729 -0.0017015149106240075 -0.00079183077178228152 0.0013668087482842316 0.0029168061947025081 0.002952914933581019 -0.00073214941882932178 0.0020426028657449286 -0.00049243302984782183 0.0015631313703159233 -0.00078006215557840485 0.0029577472746490823 -0.00016845532365202613 -0.0010805835073573855 -0.0029811545159432067 0.0015326637084454417 7.1210376651350819e-05 0.0011599292825911958 -0.00077799581784383266 0.0027831665466823549 0.0016926614110664528 0.0037639494828864027 -4.3113070251822596e-06 -0.0099772409979312204 0.0028702357727143288 0.00023790971836507911 -2.3045245615092023e-05 0.0050198623048144965
leaf_weight=4160 751 940 1340 1469 1621 2686 601 1143 17014 1668 8342 4646 3080 3016 18719 7094 484 1248 1956 10503 1032 613 915 363 3552 208 5070 272 389 2711
leaf_count=4160 751 940 1340 1469 1621 2686 601 1143 17014 1668 8342 4646 3080 3016 18719 7094 484 1248 1956 10503 1032 613 915 363 3552 208 5070 272 389 2711
internal_value=-4.73929e-05 -0.00263025 0.0122728 -0.000204486 -0.00822347 0.00849227 0.0185362 0.0164929 -0.00651332 0.006929 0.00173653 -0.000276026 -0.0128613 0.0101855 -0.00223788 -0.00440514 -0.00237799 0.00321974 0.00599144 0.00175837 -0.0122235 0.00390557 0.00862342 0.0148012 -0.0035715 0.00107852 0.0204493 -0.00952577 0.00861475 0.0108986
internal_weight=107606 88960 18646 62053 26907 11635 7011 1894 19667 9741 31748 13472 7240 4684 30305 11586 8826 18276 6304 11972 2653 5057 1891 976 10646 3166 5671 480 4348 3100
internal_count=107606 88960 18646 62053 26907 11635 7011 1894 19667 9741 31748 13472 7240 4684 30305 11586 8826 18276 6304 11972 2653 5057 1891 976 10646 3166 5671 480 4348 3100
is_linear=0
shrinkage=0.03


Tree=69
num_leaves=31
num_cat=0
split_feature=21 21 22 21 28 25 21 10 21 10 1 15 8 20 12 9 28 9 8 21 11 25 25 23 27 27 27 11 1 12
split_gain=3744.32 1262.64 604.141 250.965 226.443 192.763 168.469 108.879 126.094 94.5528 91.447 83.958 87.3591 80.1595 74.9589 74.1475 130.68 102.166 80.6174 73.5061 79.2678 71.8676 63.5133 59.9265 57.1202 55.7512 63.825 63.3513 94.2609 93.1923
threshold=9.3104166666666703 3.859583333333334 0.93462904162470817 6.3020833333333339 952.55000000000007 1.2459237926451043 2.2120833333333336 8.5000000000000018 10.141250000000003 8.5000000000000018 14.850000000000003 0.50000000000000044 8.5000000000000018 0.62305697456975817 2.7250000000000005 3.5000000000000004 964.25000000000011 5.5000000000000009 4.5000000000000009 8.4204166666666698 8.4850000000000012 2.6990516001438336 2.1509702736117835 5.0750000000000011 0.017452406437283369 0.41467745240824988 0.017452406437283369 10.825000000000001 -2.7499999999999996 8.0750000000000011
decision_type=2 2 2 2 2 2 2 2 2 2 2 10 2 2 8 2 2 2 2 2 10 2 2 2 2 2 2 10 2 10
left_child=1 4 5 11 9 13 -6 25 -9 -1 23 12 -3 -2 -8 19 17 21 -19 -5 22 -17 -21 -4 -15 26 -7 28 29 -28
right_child=2 3 10 15 6 7 14 8 -10 -11 -12 -13 -14 24 -16 16 -18 18 -20 20 -22 -23 -24 -25 -26 -27 27 -29 -30 -31
leaf_value=-0.0004946200715252526 -0.00049935276889368993 -0.00099391396480646771 0.0031491472880856805 0.00069980724778424678 -0.00076293006250377699 0.00097878745326023366 -0.00077305417834909083 0.0018841370699647275 0.0028679582027300219 -0.00089491328435928634 0.0027754440324789897 6.8498168434328314e-05 -0.00031387177612474804 0.0023335285094234146 -0.00077375614662247697 -0.00071686272356742415 0.0046219887355063213 -0.0019356009600019768 0.002200118901401159 0.0048777984486488533 -3.9543850264779913e-05 -0.0028929902344033091 0.0017552762628648742 0.0027878595889416725 0.0028647244466114105 -0.002048507145966326 -0.0025788705347881543 -0.0018232133533057182 0.0035538198719339519 0.003571459600857931
leaf_weight=10791 214 8616 499 13148 3385 3387 6064 2125 3130 2564 1759 8519 13176 485 4174 7368 778 927 3267 2240 1235 468 930 4174 1578 440 410 259 1275 273
leaf_count=10791 214 8616 499 13148 3385 3387 6064 2125 3130 2564 1759 8519 13176 485 4174 7368 778 927 3267 2240 1235 468 930 4174 1578 440 410 259 1275 273
internal_value=5.01565e-06 -0.00266819 0.0117134 -0.000266987 -0.0080673 0.00812017 -0.0107888 0.00651008 0.0096673 -0.00528817 0.0192854 -0.00219785 -0.00318484 0.016078 -0.00886264 0.00166074 -7.49239e-05 -0.000847528 0.00292927 0.00292687 0.00627891 -0.00286953 0.0087874 0.02149 0.0178868 0.0037593 0.00456766 0.00851935 0.0103617 0.00135174
internal_weight=107658 87650 20008 60672 26978 13576 13623 11299 5255 13355 6432 30311 21792 2277 10238 30361 12808 12030 4194 17553 4405 7836 3170 4673 2063 6044 5604 2217 1958 683
internal_count=107658 87650 20008 60672 26978 13576 13623 11299 5255 13355 6432 30311 21792 2277 10238 30361 12808 12030 4194 17553 4405 7836 3170 4673 2063 6044 5604 2217 1958 683
is_linear=0
shrinkage=0.03


Tree=70
num_leaves=31
num_cat=0
split_feature=16 12 23 16 17 28 2 5 16 24 17 5 16 29 17 29 10 29 28 25 16 26 28 1 27 28 9 27 9 29
split_gain=3544.97 1261.59 973.031 384.999 269.607 246.19 175.306 164.133 137.391 101.445 93.5549 92.6287 92.5662 80.0837 72.0235 75.7103 72.5416 86.1361 80.2124 83.5344 90.2758 70.3731 65.3537 65.7541 96.583 65.252 64.0945 61.9389 60.7948 60.7267
threshold=10.505000000000001 4.5750000000000011 5.1150000000000011 3.6750000000000003 11.235000000000001 952.55000000000007 1.2177323093292298 0.031766059321318652 5.0550000000000006 2.4500000000000006 9.9350000000000005 0.71312888643440575 12.565000000000003 57.500000000000007 5.9150000000000009 76.500000000000014 1.5000000000000002 48.500000000000007 957.6500000000002 1.3261145442507176 10.255000000000001 0.9426055981926128 966.05000000000007 -1.0499999999999998 0.3090169943749474 960.05000000000007 5.5000000000000009 0.06104621499353461 5.5000000000000009 62.500000000000007
decision_type=10 8 2 10 2 2 2 2 8 2 2 2 10 2 2 2 2 2 2 2 8 2 2 2 2 2 2 2 2 2
left_child=1 3 11 5 -4 -1 13 -7 -3 -10 26 22 25 -5 -11 16 17 -16 -18 21 -21 -20 23 24 28 -6 -9 -13 29 -2
right_child=2 8 4 6 12 7 -8 10 9 14 -12 27 -14 -15 15 -17 18 -19 19 20 -22 -23 -24 -25 -26 -27 -28 -29 -30 -31
leaf_value=-0.00068765291223645214 0.0067900551866580516 -0.00055793862432493041 0.0025786496016954171 -0.00071481035183079222 0.002677170298261341 -0.00074004216062866369 -0.0008524600569818488 -0.00077968452770324134 -0.001662599805944191 -0.00011086003592526094 0.0016933936570321974 0.0017169751356955921 0.0027052341181968407 -9.2455255768865432e-05 -0.0049100300182568588 -0.00027159637981659309 0.0011920217600172134 5.82724577068594e-05 0.0026878611192044499 0.0010558830718453032 0.0054748657386034993 0.0050191341639518033 0.004638226657361369 0.0021238254797127975 -0.0033030979712991193 0.0028024526911393953 -0.00020276763805114154 0.0032182068740721215 -0.0033898355598073054 0.0010444382685791131
leaf_weight=9933 307 8570 2586 11925 2620 4914 2913 4980 489 7951 316 576 4333 9145 212 4292 16134 962 723 2552 665 493 234 5415 793 1051 702 613 219 1013
leaf_count=9933 307 8570 2586 11925 2620 4914 2913 4980 489 7951 316 576 4333 9145 212 4292 16134 962 723 2552 665 493 234 5415 793 1051 702 613 219 1013
internal_value=-3.20525e-05 -0.00261402 0.0114475 -0.00613611 0.0176404 -0.00911799 -0.00354302 -0.0122286 0.0010544 0.00189947 -0.00888556 0.00428992 0.0203621 -0.0025879 0.00209538 0.00285851 0.00357721 -0.00366412 0.00399135 0.00756422 0.00501862 0.0142506 0.00312171 0.00264319 -0.00156611 0.0168036 -0.00976965 0.0120854 0.00281736 0.00525283
internal_weight=107631 87871 19760 44828 10590 20845 23983 10912 43043 34473 5998 9170 8004 21070 33984 26033 21741 1174 20567 4433 3217 1216 7981 7747 2332 3671 5682 1189 1539 1320
internal_count=107631 87871 19760 44828 10590 20845 23983 10912 43043 34473 5998 9170 8004 21070 33984 26033 21741 1174 20567 4433 3217 1216 7981 7747 2332 3671 5682 1189 1539 1320
is_linear=0
shrinkage=0.03


Tree=71
num_leaves=31
num_cat=0
split_feature=21 21 22 21 28 25 21 10 21 15 10 24 1 10 29 9 10 28 9 28 1 1 28 15 29 25 20 28 2 1
split_gain=3593.23 1329.41 528.127 235.401 228.816 198.356 166.705 119.825 120.108 114.419 105.184 99.54 98.7185 98.2909 86.9637 78.7046 106.452 129.302 78.7345 71.8558 71.824 71.7221 71.4785 68.0879 64.3723 64.017 63.7834 63.7577 111.244 62.4577
threshold=9.4737500000000026 3.859583333333334 0.93982204305516548 7.4952777777777788 952.55000000000007 1.2400331125827817 2.6788888888888898 8.5000000000000018 10.141250000000003 0.50000000000000044 8.5000000000000018 4.2500000000000009 14.850000000000003 2.5000000000000004 56.500000000000007 3.5000000000000004 6.5000000000000009 954.35000000000002 5.5000000000000009 962.85000000000002 32.550000000000004 -3.1499999999999999 958.55000000000007 -1.1649999999999996 18.500000000000004 2.7318330399798847 1.1022061209704306 962.95000000000016 1.2213337359981209 0.8500000000000002
decision_type=2 2 2 2 2 2 2 2 2 10 2 2 2 2 2 2 2 2 2 2 2 2 2 10 2 2 2 2 2 2
left_child=1 4 5 9 10 26 -6 27 -9 11 -1 13 -4 23 -14 16 21 20 25 29 -18 -5 -23 -3 -13 -17 -2 28 -7 -20
right_child=2 3 12 15 6 7 -8 8 -10 -11 -12 24 14 -15 -16 18 17 -19 19 -21 -22 22 -24 -25 -26 -27 -28 -29 -30 -31
leaf_value=-0.00048107325904692198 0.001553820925866492 0.0012059764369007986 0.0026307277711386167 -0.000415650372272065 -0.00071784089580980369 0.0020307772302609536 -0.00076150005529039186 0.0019247633002908715 0.0026848471719677944 0.00028371170945822477 -0.00084743629846141435 -0.0016114617293668098 0.0026155844136958482 -0.0006491761223308437 0.0020292592643049146 -0.00033314523891168402 -0.0018706004950011662 0.003339307178319879 -0.0015345201356992471 0.0055476226344829569 0.0029662510188823766 0.0031784433577609671 0.0065387804084103109 -0.0012325404124078868 -9.8044380927652105e-05 -0.0037186828000328981 0.0027077300709514051 0.0030363115714505499 -0.0023523002760521038 0.0022473106821485015
leaf_weight=10843 400 228 4406 750 5989 4409 7594 1701 3368 12007 2543 1142 1163 9355 482 4847 2313 2542 649 227 340 3681 1017 2010 18811 240 1511 580 705 1934
leaf_count=10843 400 228 4406 750 5989 4409 7594 1701 3368 12007 2543 1142 1163 9355 482 4847 2313 2542 649 227 340 3681 1017 2010 18811 240 1511 580 705 1934
internal_value=7.04134e-05 -0.00244131 0.0120144 -2.56047e-05 -0.00800215 0.00852749 -0.0107455 0.00694001 0.0102937 -0.00123077 -0.00521544 -0.00217933 0.0193048 -0.00438955 0.0129636 0.00280507 0.00448817 0.00141346 0.000535308 0.00456128 -0.0032167 0.0074161 0.00879013 -0.0100312 -0.000894378 -0.00169089 0.0174269 0.00394806 0.00287165 0.00311824
internal_weight=107787 89062 18725 62093 26969 12674 13583 10763 5069 43553 13386 31546 6051 11593 1645 18540 10643 5195 7897 2810 2653 5448 4698 2238 19953 5087 1911 5694 5114 2583
internal_count=107787 89062 18725 62093 26969 12674 13583 10763 5069 43553 13386 31546 6051 11593 1645 18540 10643 5195 7897 2810 2653 5448 4698 2238 19953 5087 1911 5694 5114 2583
is_linear=0
shrinkage=0.03


Tree=72
num_leaves=31
num_cat=0
split_feature=21 21 22 21 16 25 26 25 26 26 24 10 16 1 1 1 17 10 23 14 17 21 25 16 1 14 1 16 23 9
split_gain=3466.96 1181.77 566.859 228.075 215.082 179.693 153.962 137.696 177.657 127.512 166.177 146.534 125.353 122.368 117.637 116.342 90.9003 89.7776 83.7145 83.1736 81.5638 79.6996 76.6496 75.5899 70.0935 68.2088 80.2584 67.7104 66.5901 60.514
threshold=9.4737500000000026 3.859583333333334 0.93462904162470817 2.5337500000000008 6.2250000000000005 1.3196242966087115 0.68832836526074803 2.1136621613714826 0.87032255546191739 0.89490028524376763 6.4500000000000011 2.5000000000000004 11.815000000000003 1.0000000180025095e-35 19.550000000000004 -0.34999999999999992 10.625000000000002 8.5000000000000018 0.51500000000000012 0.61076454819622128 7.9650000000000007 10.141250000000003 1.7379137643198437 8.8650000000000002 20.550000000000004 1.8369040977079985 14.850000000000003 9.5350000000000019 4.9650000000000007 5.5000000000000009
decision_type=2 2 2 2 8 2 2 2 2 2 2 2 8 2 2 2 2 2 2 2 2 2 2 8 2 2 2 8 2 2
left_child=1 3 5 14 13 6 -2 9 -9 22 11 27 -4 -3 18 19 -13 -7 -1 -5 -12 -19 -6 -10 -24 28 -27 -11 -14 -15
right_child=2 4 12 15 7 17 -8 8 23 10 20 16 25 29 -16 -17 -18 21 -20 -21 -22 -23 24 -25 -26 26 -28 -29 -30 -31
leaf_value=-0.00069785035841479347 0.0019199976960315322 -0.00093820734132810482 0.0024018042929162629 -0.00070539540547331892 -0.00014260914563653346 0.0014772890733357057 0.0026212606902260302 0.0012475060535645337 -0.0015837054881887159 -0.0017034003371971592 0.0011500252005693845 0.00061605747005621686 0.0030705799321966197 -0.00057026472462649858 -0.00064136158770807113 -0.00061317874305379008 0.0063586336868294855 0.0017083491945993345 -0.00069630566893550956 -0.00066683542393696958 0.0043758583324639017 0.0026014782233598119 0.0027885249382124809 -0.00044117108027038162 -0.00046061952674014472 0.0025497663857306364 -0.000628570621945399 0.00081334037224148055 0.0025423743226260288 0.00060353097976254336
leaf_weight=1008 1389 2787 1135 1468 12704 4836 1468 3499 3170 1126 1599 3412 421 15746 3272 14984 919 1591 5065 1054 3624 2943 3395 5269 1282 268 238 750 4480 2801
leaf_count=1008 1389 2787 1135 1468 12704 4836 1468 3499 3170 1126 1599 3412 421 15746 3272 14984 919 1591 5065 1054 3624 2943 3395 5269 1282 268 238 750 4480 2801
internal_value=0.000102221 -0.00237061 0.0118169 -0.00762846 -9.61538e-05 0.00799787 0.0145807 0.00118148 -0.00152725 0.00230393 0.00476432 0.00144398 0.018943 -0.0025362 -0.0114128 -0.00560562 0.00447648 0.005984 -0.0138845 -0.0115631 0.00870505 0.0090152 0.000685034 -0.00388323 0.00396625 0.0208481 0.0102153 -0.00555024 0.0219344 -0.00165427
internal_weight=107703 88934 18769 26851 62083 12227 2857 40749 11938 28811 11430 6207 6542 21334 9345 17506 4331 9370 6073 2522 5223 4534 17381 8439 4677 5407 506 1876 4901 18547
internal_count=107703 88934 18769 26851 62083 12227 2857 40749 11938 28811 11430 6207 6542 21334 9345 17506 4331 9370 6073 2522 5223 4534 17381 8439 4677 5407 506 1876 4901 18547
is_linear=0
shrinkage=0.03


Tree=73
num_leaves=31
num_cat=0
split_feature=21 21 21 28 23 26 16 12 21 10 28 23 16 10 9 9 10 1 28 16 28 24 25 25 17 28 17 8 0 10
split_gain=3352.96 1179.44 520.559 266.243 206.073 343.265 197.5 159.333 149.122 126.337 121.344 119.1 98.9176 82.0476 81.5077 120.519 90.1253 144.86 96.9419 94.0577 90.5192 85.1947 84.3248 80.4939 75.739 74.0077 85.0693 73.8497 72.7487 64.6789
threshold=9.4737500000000026 4.3779166666666685 12.342083333333335 952.55000000000007 4.3050000000000006 0.79332313182700753 3.7250000000000005 2.2650000000000001 6.3020833333333339 8.5000000000000018 959.95000000000016 6.5550000000000006 12.055000000000001 8.5000000000000018 3.5000000000000004 5.5000000000000009 6.5000000000000009 -3.9499999999999997 954.35000000000002 8.4550000000000018 958.45000000000016 5.0500000000000007 2.7318330399798847 2.2565617249931118 4.2750000000000012 953.1500000000002 10.075000000000001 16.500000000000004 9.2150000000000016 2.5000000000000004
decision_type=2 2 2 2 2 2 10 8 2 2 2 2 8 2 2 2 2 2 2 8 2 2 2 2 2 2 2 2 2 2
left_child=1 3 4 13 29 9 7 -5 23 -6 11 -7 -4 -1 16 22 17 -10 -18 25 -21 -20 -16 -3 -15 -19 -27 -9 -14 -2
right_child=2 8 12 6 5 10 -8 27 14 -11 -12 -13 28 24 15 -17 18 19 21 20 -22 -23 -24 -25 -26 26 -28 -29 -30 -31
leaf_value=-0.00041521781124529192 -0.0020093782844647426 -0.00013781513876978227 0.0024069176046681005 -0.0006763782345935045 0.00099258935841719294 0.0023807559008933365 -0.00066457230798830911 -0.0006856745230604908 -0.0012660451550584174 0.0024613103380030027 0.0027197781776530728 0.0025223313171835668 0.0023137651765639503 -0.00081873219564315518 -0.00048498030839538294 0.0015318196464733013 -0.00061035473624011013 0.0030310294012659694 -0.0011416549735243674 0.0031339210460089462 0.0062589612480116264 0.0033799363867579235 -0.0029610386880146887 -0.0010656696390708477 -0.00016127198065730674 0.00069926976146427572 -0.0050467315007365282 -0.00029897939447294243 0.0024657499689296003 0.0020667205581117866
leaf_weight=13890 1019 18862 807 5702 3744 1687 5758 4040 1160 2408 1466 1158 204 2182 8377 4632 5106 1876 1136 3152 1210 3012 440 4558 1002 1186 332 1184 3916 2326
leaf_count=13890 1019 18862 807 5702 3744 1687 5758 4040 1160 2408 1466 1158 204 2182 8377 4632 5106 1876 1136 3152 1210 3012 440 4558 1002 1186 332 1184 3916 2326
internal_value=0.000105452 -0.00232799 0.0116366 -0.00674229 0.00864403 0.0107155 -0.00943735 -0.0118068 0.000379878 0.00615884 0.0172034 0.0135474 0.0200061 -0.0041068 0.00172369 -4.68262e-05 0.00303384 0.00518552 0.000959067 0.00666409 0.00957637 0.00436311 -0.00210496 -0.00143436 -0.00844779 0.00291262 -0.00200919 -0.00800918 0.0218909 0.00215821
internal_weight=107532 88797 18735 33758 13808 10463 16684 10926 55039 6152 4311 2845 4927 17074 31619 13449 18170 8916 9254 7756 4362 4148 8817 23420 3184 3394 1518 5224 4120 3345
internal_count=107532 88797 18735 33758 13808 10463 16684 10926 55039 6152 4311 2845 4927 17074 31619 13449 18170 8916 9254 7756 4362 4148 8817 23420 3184 3394 1518 5224 4120 3345
is_linear=0
shrinkage=0.03


Tree=74
num_leaves=31
num_cat=0
split_feature=21 21 21 16 28 8 23 26 2 10 21 23 12 29 10 8 10 29 23 16 16 10 8 29 29 10 3 10 28 16
split_gain=3309.38 1112.31 543.391 296.239 210.2 169.997 145.868 249.372 131.414 125.313 119.778 115.797 109.416 90.3349 85.1259 84.1843 77.0282 74.7732 73.0757 78.6638 72.9605 91.7318 135.389 103.392 65.625 109.117 88.8477 86.3727 78.2971 94.2999
threshold=9.5333333333333368 3.3576388888888893 11.63625 6.2250000000000005 952.55000000000007 9.5000000000000018 4.2150000000000007 0.78257835753184668 1.1471207439492868 2.5000000000000004 2.2120833333333336 5.5450000000000008 6.285000000000001 71.500000000000014 8.5000000000000018 2.5000000000000004 8.5000000000000018 40.500000000000007 5.0750000000000011 12.315000000000003 10.445000000000002 2.5000000000000004 12.500000000000002 65.500000000000014 83.500000000000014 4.5000000000000009 8.7903784791494903 11.500000000000002 959.6500000000002 12.565000000000003
decision_type=2 2 2 8 2 2 2 2 2 2 2 2 10 2 2 2 2 2 2 8 8 2 2 2 2 2 2 2 2 8
left_child=1 4 6 5 16 9 -2 14 13 -3 -6 -9 20 -4 -8 17 -1 -11 -10 -20 21 22 23 -5 25 28 -27 -26 29 -14
right_child=2 3 8 12 10 -7 7 11 18 15 -12 -13 24 -15 -16 -17 -18 -19 19 -21 -22 -23 -24 -25 27 26 -28 -29 -30 -31
leaf_value=-0.0004676697373906566 0.00098341736588717244 -0.00076058553392661639 0.0023712851724772975 -0.0032498181989334307 -0.00065512515182963914 -0.00018370021200456749 0.00085247884062334518 0.0025540593753909141 0.0026976132543805728 -0.0013178632253290474 -0.00066498887387637495 0.0025173847438487444 0.0028146722292066361 -0.0010601338688378714 0.0024459608666398082 -0.0010437562075989969 -0.00076667694574878017 0.00053830396166212749 0.0023668930916102746 0.0024067517534491121 0.0010242401702424842 -1.4292301735896322e-05 8.1195552627476289e-05 -0.0013427343329066384 -0.0023046075686533525 0.0012344182073855958 -0.0013261117787138554 0.007274730798453935 0.0060209882466119866 -0.0016349530151017451
leaf_weight=7766 2852 1409 1801 378 3351 16332 2944 1544 573 756 7036 1952 3337 301 1956 6397 1923 2517 974 3358 3678 17200 1553 1353 1026 9782 1635 261 1212 425
leaf_count=7766 2852 1409 1801 378 3351 16332 2944 1544 573 756 7036 1952 3337 301 1956 6397 1923 2517 974 3358 3678 17200 1553 1353 1026 9782 1635 261 1212 425
internal_value=6.19034e-05 -0.00231686 0.0116993 -0.000514179 -0.00853344 -0.00293807 0.00760864 0.00959886 0.0182558 -0.00580567 -0.0114983 0.0157155 0.00107396 0.0119317 0.00522324 -0.00458295 -0.00535073 -0.00066809 0.0209511 0.0222873 -0.000238342 -0.000937088 -0.00552752 -0.0112846 0.00286716 0.00337948 0.00176239 -0.00364551 0.00708576 0.00493762
internal_weight=107582 89327 18255 69251 20076 27411 11248 8396 7007 11079 10387 3496 41840 2102 4900 9670 9689 3273 4905 4332 24162 20484 3284 1731 17678 16391 11417 1287 4974 3762
internal_count=107582 89327 18255 69251 20076 27411 11248 8396 7007 11079 10387 3496 41840 2102 4900 9670 9689 3273 4905 4332 24162 20484 3284 1731 17678 16391 11417 1287 4974 3762
is_linear=0
shrinkage=0.03


Tree=75
num_leaves=31
num_cat=0
split_feature=21 21 21 28 16 25 16 5 25 1 16 10 21 10 27 16 16 15 9 9 27 10 23 17 17 25 27 28 10 8
split_gain=3288.15 1035.09 523.025 219.23 192.706 177.192 145.445 144.899 136.453 132.088 131.065 126.163 113.99 100.1 89.8463 88.2959 71.8757 71.865 70.1519 75.1189 83.1269 74.97 68.5152 75.0374 65.9855 65.0691 86.9072 61.9677 61.7016 80.1866
threshold=9.4737500000000026 3.859583333333334 11.906666666666668 952.55000000000007 6.2250000000000005 1.2294446421158751 3.6750000000000003 0.036630622103477235 2.2852561796597981 -0.24999999999999997 11.625000000000002 8.5000000000000018 10.577916666666669 8.5000000000000018 -0.35836794954530043 11.115 9.0850000000000026 1.4400000000000011 5.5000000000000009 1.0000000180025095e-35 0.31729257441605191 8.5000000000000018 5.0750000000000011 10.265000000000002 4.2150000000000007 1.2518252065014657 -0.18222858652173743 942.75000000000011 9.5000000000000018 11.500000000000002
decision_type=2 2 2 2 8 2 10 2 2 2 8 2 2 2 2 8 8 10 2 2 2 2 2 2 2 2 2 2 2 2
left_child=1 3 5 13 9 15 7 -5 16 17 -4 -7 -13 -1 -10 -2 28 -3 19 21 -21 -11 -12 -24 -15 26 -18 -20 -6 -30
right_child=2 4 10 6 8 11 -8 -9 14 18 22 12 -14 24 -16 -17 25 -19 27 20 -22 -23 23 -25 -26 -27 -28 -29 29 -31
leaf_value=-0.00040199548379516099 0.0023839327045777126 -0.00095490918171041482 0.0020990106605445723 -0.00063547139727474996 -8.1470367450755388e-05 0.0015128519638055503 -0.00063161929170475533 -0.00065945619833164743 0.0018550596443759242 0.0011726909119726065 0.0026195366064727357 0.002274349090737393 0.0023659341395887712 -0.00077144221169826754 -0.00089374371315524754 0.0023666758783890984 -0.0015331154607285812 0.0012992052244689281 -0.0015471968069440619 -0.0010959619127447191 0.00018334691592042414 -0.0011738704805071682 0.0018099986527163575 0.0023200728061723418 -0.00020767519137957711 0.00092686547207090333 0.0034659161713492667 0.0010399656730105252 -0.00037305628747403771 0.0022179592601116968
leaf_weight=10799 735 2499 884 5589 15480 5611 3974 4111 698 2001 402 2609 2501 1895 6807 991 506 211 340 10510 2528 915 252 4593 670 9732 2765 2465 2021 2630
leaf_count=10799 735 2499 884 5589 15480 5611 3974 4111 698 2001 402 2609 2501 1895 6807 991 506 211 340 10510 2528 915 252 4593 670 9732 2765 2465 2021 2630
internal_value=-7.79734e-06 -0.00240065 0.0114718 -0.00729949 -0.000267577 0.00793367 -0.00997003 -0.0119505 0.000947003 -0.00256636 0.0186424 0.0064917 0.00990029 -0.00456429 -0.00270439 0.0168458 0.00177434 -0.00875138 -0.00167075 -0.00244 -0.00341333 0.0019103 0.0204436 0.021433 -0.00988716 0.00351245 0.00717033 0.00270107 0.000651073 0.00367912
internal_weight=107724 89146 18578 27038 62108 12447 13674 9700 40639 21469 6131 10721 5110 13364 7505 1726 33134 2710 18759 15954 13038 2916 5247 4845 2565 13003 3271 2805 20131 4651
internal_count=107724 89146 18578 27038 62108 12447 13674 9700 40639 21469 6131 10721 5110 13364 7505 1726 33134 2710 18759 15954 13038 2916 5247 4845 2565 13003 3271 2805 20131 4651
is_linear=0
shrinkage=0.03


Tree=76
num_leaves=31
num_cat=0
split_feature=21 21 22 21 23 26 21 16 10 1 25 1 1 9 14 9 10 2 10 9 1 1 1 16 15 1 23 1 14 25
split_gain=3136.99 1000.32 538.004 200.601 195.313 276.776 185.594 137.329 112.355 104.918 97.1937 95.4434 92.3916 77.771 68.9527 67.1703 85.3363 85 72.4398 74.5454 113.526 120.708 65.6734 65.5474 65.5061 64.7373 59.7782 62.6757 65.5037 59.0158
threshold=9.4737500000000026 3.859583333333334 0.93982204305516548 2.2120833333333336 4.245000000000001 0.89490028524376763 7.2237500000000008 11.815000000000003 8.5000000000000018 -0.44999999999999996 1.4472446569960116 1.0000000180025095e-35 16.850000000000005 1.5000000000000002 0.62864934582005094 3.5000000000000004 6.5000000000000009 1.2231424495407228 1.5000000000000002 5.5000000000000009 -1.9499999999999997 1.8500000000000003 9.6500000000000004 6.9850000000000012 -0.81999999999999995 15.250000000000002 5.0750000000000011 14.65 1.8369040977079985 1.5259387415096761
decision_type=2 2 2 2 2 2 2 8 2 2 2 2 2 2 2 2 2 2 2 2 2 2 2 8 10 2 2 2 2 2
left_child=1 3 4 12 -2 8 11 -4 -6 14 -7 13 -1 -3 -5 16 17 22 -17 -20 -21 -22 24 -15 -8 -12 -9 -28 -29 -13
right_child=2 6 7 9 5 10 15 26 -10 -11 25 29 -14 23 -16 18 -18 -19 19 20 21 -23 -24 -25 -26 -27 27 28 -30 -31
leaf_value=-0.00061640725535650745 0.00067816373492366464 -0.0011803811349168538 0.0021537704411451206 -0.00061795083835060381 0.00090660626534229904 0.0023448560253059997 -0.0010376371537361507 0.0026702288639594896 0.00224875820211211 -0.000576522456850143 0.0025519998588806091 0.00017145528369807316 -0.00062720615773277893 -0.00072340713933473572 -0.0006285537676408102 -0.0019285061448208183 0.00050889131314351744 -0.00076472562844304311 -0.00042102558950121493 0.0088466520328828336 -0.0031262575670635627 0.0023645251511591179 0.002214422379228274 0.00015833687700423648 0.0064910939938387065 -0.00097661326424650086 0.0022521323862435693 0.0022510367305022248 4.4717803391250972e-05 -0.00041409164371134855
leaf_weight=3485 3173 1964 939 1775 3534 1770 215 397 2560 17944 1454 14903 2488 2657 1220 908 6219 893 5322 299 388 2268 3280 2475 1730 233 3459 948 213 18551
leaf_count=3485 3173 1964 939 1775 3534 1770 215 397 2560 17944 1454 14903 2488 2657 1220 908 6219 893 5322 299 388 2268 3280 2475 1730 233 3459 948 213 18551
internal_value=7.69024e-05 -0.00226949 0.0112518 -0.0070996 0.00776337 0.00990477 -0.000174944 0.0186915 0.00605017 -0.00571381 0.0166811 -0.00136999 -0.0119488 -0.00452894 -0.01091 0.00207646 0.00352212 0.00603626 0.000133841 0.00101787 0.00483446 0.00284104 0.00749713 -0.00258127 0.0118615 0.0114716 0.0206631 0.0216259 0.0154631 -0.000699363
internal_weight=107664 88984 18680 26912 12724 9551 62072 5956 6094 20939 3457 40550 5973 7096 2995 21522 12337 6118 9185 8277 2955 2656 5225 5132 1945 1687 5017 4620 1161 33454
internal_count=107664 88984 18680 26912 12724 9551 62072 5956 6094 20939 3457 40550 5973 7096 2995 21522 12337 6118 9185 8277 2955 2656 5225 5132 1945 1687 5017 4620 1161 33454
is_linear=0
shrinkage=0.03


Tree=77
num_leaves=31
num_cat=0
split_feature=21 21 22 21 25 28 21 16 28 9 23 26 14 17 28 28 26 25 27 8 28 23 23 27 17 26 25 26 25 11
split_gain=3163.19 1043.66 507.101 303.931 179.017 138.885 138.742 127.409 118.509 102.067 97.6475 126.19 91.4023 96.5133 86.2584 84.2093 80.8581 73.1399 102.45 68.7027 88.4586 66.9759 61.384 62.9994 59.9405 58.7704 121.68 75.8142 58.521 57.6718
threshold=9.6980555555555572 4.5029166666666676 0.93462904162470817 2.5337500000000008 1.2459237926451043 952.55000000000007 7.7229166666666682 11.625000000000002 952.55000000000007 3.5000000000000004 4.2150000000000007 -0.90992662233962551 0.89231907596628457 5.6450000000000005 950.25000000000011 962.85000000000002 -0.82409480842201666 2.3498661672106178 -0.46947156278589081 8.5000000000000018 950.25000000000011 4.9650000000000007 5.285000000000001 0.40673664307580004 6.2250000000000005 -0.91702515554752051 1.4472446569960116 0.62249093318774806 1.2189812564144116 3.3050000000000002
decision_type=2 2 2 2 2 2 2 8 2 2 2 2 2 2 2 2 2 2 2 2 2 2 2 2 2 2 2 2 2 10
left_child=1 3 4 8 16 19 17 -4 -1 25 -6 -12 13 -7 -13 28 -2 29 -19 20 -5 -9 23 -16 -21 -8 27 -27 -11 -3
right_child=2 6 7 5 10 12 9 21 -10 15 11 14 -14 -15 22 -17 -18 18 -20 24 -22 -23 -24 -25 -26 26 -28 -29 -30 -31
leaf_value=-0.00061347706006785268 0.0020866427048265922 0.00072681129396996193 0.0020393073330521976 -0.00078105819942285827 0.00063552807826302454 -0.00064439468499004674 0.0007327375168375205 0.0026648686734184498 -0.00059791503769581226 0.0022343816321189203 0.0013846952902600474 6.2627142052406047e-05 -0.00049087698892527512 -0.00065266498269968124 0.0026092517301162092 0.0044669104263594063 0.0022262243541512649 0.0030368880333882563 -0.0010195172636489167 -0.00023154851126433736 0.00052190266451193536 0.0021827905250213662 0.0024801450539066643 -0.0012796084472750623 0.0009762717665002975 -0.0014449592781344094 0.0021580151111495437 0.0038610986530113042 -0.0008772937434358718 -0.00012562185594095887
leaf_weight=4220 697 4747 906 4853 2418 6035 3539 441 5157 1220 3562 412 3595 2616 1116 614 1029 492 5466 6778 1036 5081 1180 213 1220 220 4812 1565 5579 26603
leaf_count=4220 697 4747 906 4853 2418 6035 3539 441 5157 1220 3562 412 3595 2616 1116 614 1029 492 5466 6778 1036 5081 1180 213 1220 220 4812 1565 5579 26603
internal_value=9.048e-05 -0.00214613 0.0119385 -0.00615289 0.00790914 -0.00448887 0.000447851 0.0185885 -0.0107855 0.00264726 0.00618796 0.00810573 -0.0068174 -0.00848775 0.0127239 -2.83095e-05 0.0167418 -0.000586927 -0.0036324 -0.00243377 -0.00489141 0.0203003 0.0148091 0.0103223 -0.000622267 0.0046031 0.00627537 0.0129553 -0.000992063 -7.65428e-06
internal_weight=107422 90367 17055 35510 10627 26133 54857 6428 9377 17549 8901 6483 12246 8651 2921 7413 1726 37308 5958 13887 5889 5522 2509 1329 7998 10136 6597 1785 6799 31350
internal_count=107422 90367 17055 35510 10627 26133 54857 6428 9377 17549 8901 6483 12246 8651 2921 7413 1726 37308 5958 13887 5889 5522 2509 1329 7998 10136 6597 1785 6799 31350
is_linear=0
shrinkage=0.03


Tree=78
num_leaves=31
num_cat=0
split_feature=21 21 22 21 12 10 23 4 16 27 16 10 9 25 16 10 8 29 11 25 16 29 8 24 10 12 10 14 29 9
split_gain=3083.72 1097.22 320.587 298.934 182.426 156.604 141.757 111.48 104.827 101.669 103.819 131.249 118.357 92.1577 91.6495 111.219 125.293 116.115 89.074 79.2097 162.509 75.8205 93.7259 87.0855 86.9639 73.5111 67.4047 66.373 63.7786 63.6459
threshold=10.141250000000003 4.5029166666666676 0.94732539093081747 2.5337500000000008 6.2550000000000008 2.5000000000000004 4.245000000000001 0.89072572291050978 11.815000000000003 -0.043617726472722392 0.71500000000000008 4.5000000000000009 5.5000000000000009 1.1065254743762143 11.895000000000001 2.5000000000000004 12.500000000000002 60.500000000000007 3.3450000000000002 1.4952825990209171 9.8650000000000002 40.500000000000007 7.5000000000000009 3.3500000000000001 4.5000000000000009 9.7750000000000004 6.5000000000000009 0.48952357791359785 84.500000000000014 2.5000000000000004
decision_type=2 2 2 2 8 2 2 2 8 2 10 2 2 2 8 2 2 2 10 2 10 2 2 2 2 10 2 2 2 2
left_child=1 3 6 -1 14 13 -2 -8 -4 10 -6 28 -13 27 15 16 17 -3 -17 20 -11 22 -20 -23 -24 -10 -26 -5 -12 -28
right_child=2 4 8 5 9 -7 7 -9 25 19 11 12 -14 -15 -16 18 -18 -19 21 -21 -22 23 24 -25 26 -27 29 -29 -30 -31
leaf_value=-0.00057997758656493786 0.00089581339921989355 -0.0032154832131286839 0.0020789597108207031 -0.00058435391072064193 -0.0027277145582619393 -0.00052646074941498262 0.0021810663409614637 0.0014611332551818128 0.0021154199878448453 0.0012519651592465797 0.0026176948114598302 -0.001103285238114593 0.0027391728359392794 -0.00061884432126235733 0.0019496887106670105 0.00096692341525322488 -5.1443405293143395e-05 -0.0012506799884837196 -0.0022057307679355441 0.0008920240679931126 0.0025524392949606901 -0.0013366274325020075 -0.0030320257390963417 0.00024066328385789231 0.0010596406273333664 0.0021190487917201041 0.00045847671370639859 0.0014549102124662135 -0.0012507796251388424 -0.0014169818241191842
leaf_weight=9418 1638 405 836 355 445 22903 4267 2564 688 5475 2998 6931 1256 2445 1479 3858 2188 2307 860 7291 2028 1857 934 12502 1517 4087 1353 404 420 1914
leaf_count=9418 1638 405 836 355 445 22903 4267 2564 688 5475 2998 6931 1256 2445 1479 3858 2188 2307 860 7291 2028 1857 934 12502 1517 4087 1353 404 420 1914
internal_value=-2.78738e-07 -0.00197065 0.0130863 -0.00612243 0.000571842 -0.00446806 0.00939226 0.0112917 0.0186485 0.00238445 0.000338449 0.000886305 -0.00117554 -0.0106762 -0.000989127 -0.00135253 -0.00548012 -0.00978285 -0.000535887 0.00405027 0.00621337 -0.0013079 -0.00397387 -8.56307e-05 -0.00257907 0.0203661 -0.000939653 -0.00153141 0.00581946 -0.00336491
internal_weight=107623 93543 14080 35525 58018 26107 8469 6831 5611 26844 12050 11605 8187 3204 31174 29695 4900 2712 24795 14794 7503 20937 6578 14359 5718 4775 4784 759 3418 3267
internal_count=107623 93543 14080 35525 58018 26107 8469 6831 5611 26844 12050 11605 8187 3204 31174 29695 4900 2712 24795 14794 7503 20937 6578 14359 5718 4775 4784 759 3418 3267
is_linear=0
shrinkage=0.03


Tree=79
num_leaves=31
num_cat=0
split_feature=21 21 22 25 21 12 16 1 1 8 10 16 15 23 26 26 25 16 14 16 1 17 10 1 14 1 20 27 10 25
split_gain=3008.84 944.606 549.437 200.183 199.099 170.325 137.1 125.986 118.334 111.415 171.59 127.379 102.618 102.167 136.51 98.6671 154.163 93.1952 79.8399 77.7859 69.3748 75.7304 67.3002 65.531 100.198 64.2502 63.6435 62.5256 58.8056 79.6022
threshold=9.4737500000000026 3.8891666666666675 0.93982204305516548 1.2294446421158751 2.2120833333333336 6.2550000000000008 11.815000000000003 16.650000000000002 -0.44999999999999996 11.500000000000002 2.5000000000000004 10.605000000000002 0.19000000000000003 4.2150000000000007 -0.90992662233962551 0.79332313182700753 2.0702314892662974 11.115 0.57518113089124545 0.34000000000000002 20.750000000000004 9.9850000000000012 4.5000000000000009 14.65 1.8023271988187102 26.450000000000003 2.6163635704320742 -0.043617726472722392 7.5000000000000009 1.8176776960784318
decision_type=2 2 2 2 2 8 8 2 2 2 2 8 10 2 2 2 2 8 2 10 2 2 2 2 2 2 2 2 2 2
left_child=1 4 3 17 7 9 -4 -1 18 10 11 -3 -12 -5 -15 19 -17 -2 -6 -7 21 -21 -18 -8 -25 -22 -14 -24 -27 -30
right_child=2 5 6 13 8 15 23 -9 -10 -11 12 -13 26 14 -16 16 22 -19 -20 20 25 -23 27 24 -26 28 -28 -29 29 -31
leaf_value=-0.00056257825896798973 0.0021675700578235868 -0.0011728923037577007 0.0020015037168589532 0.00069590080776192826 -0.00056176449544425374 -0.0024933744915097409 0.0020646761097350376 -0.00056451016097291886 -0.00052915321094690977 6.6118100131140609e-05 -0.00072494624335743476 0.0017198078353369217 -0.00027713852402435485 0.0012536481249097596 0.0022736667544886401 0.0031538932392338845 0.0030165286236063225 0.0020926216943764685 -0.00057420856548872799 0.0019256530096135637 -0.0016307159479198089 -0.0022876158049804094 -0.00330296111213525 0.0020544504490849157 -0.00088575296643930658 0.0015525885194162575 0.0016873019065972135 -0.00052923128716197087 -0.0022724154974300549 0.0062507551110679059
leaf_weight=3473 746 2793 953 3004 1717 427 3879 2491 18364 18687 10869 593 3560 4340 3511 5354 969 1001 1363 6136 2768 956 241 985 236 2713 2330 2116 995 200
leaf_count=3473 746 2793 953 3004 1717 427 3879 2491 18364 18687 10869 593 3560 4340 3511 5354 969 1001 1363 6136 2768 956 241 985 236 2713 2330 2116 995 200
internal_value=0.000105219 -0.0021884 0.0110595 0.00748632 -0.00682231 -0.000129796 0.0184863 -0.0116703 -0.00547158 -0.00133944 -0.00288685 -0.00904158 -0.00164102 0.00596409 0.00776349 0.00192351 0.00444214 0.0169007 -0.0109109 0.000382394 0.00077543 0.00284064 -0.000630441 0.0204388 0.0142659 -0.00141895 0.00154707 -0.00336579 0.00105801 -0.004475
internal_weight=107770 89115 18655 12602 27408 61707 6053 5964 21444 38832 20145 3386 16759 10855 7851 22875 8680 1747 3080 14195 13768 7092 3326 5100 1221 6676 5890 2357 3908 1195
internal_count=107770 89115 18655 12602 27408 61707 6053 5964 21444 38832 20145 3386 16759 10855 7851 22875 8680 1747 3080 14195 13768 7092 3326 5100 1221 6676 5890 2357 3908 1195
is_linear=0
shrinkage=0.03


Tree=80
num_leaves=31
num_cat=0
split_feature=21 21 22 28 16 25 16 10 25 5 26 24 16 2 8 28 20 28 2 29 26 9 10 9 10 9 9 29 12 2
split_gain=2970.1 997.846 359.549 267.811 169.016 184.746 168.803 148.097 152.404 140.403 134.771 190.423 114.148 110.822 91.5732 86.3808 85.9496 82.172 94.0709 89.1911 91.6884 81.48 99.638 86.2277 83.7275 80.1736 76.5366 82.8505 75.5502 72.0923
threshold=10.141250000000003 4.5029166666666676 0.95516273302198129 952.55000000000007 9.0850000000000026 2.0996092259315238 3.7250000000000005 8.5000000000000018 1.2351636520241174 0.035129887858636875 0.89490028524376763 8.0500000000000025 11.815000000000003 1.2092634530215358 8.5000000000000018 963.75000000000011 1.4802744677870294 950.05000000000007 1.1665634696250087 57.500000000000007 -0.39873388578253693 1.0000000180025095e-35 6.5000000000000009 5.5000000000000009 9.5000000000000018 1.5000000000000002 1.5000000000000002 72.500000000000014 8.2150000000000016 1.1298590080710207
decision_type=2 2 2 2 8 2 10 2 2 2 2 2 8 2 2 2 2 2 2 2 2 2 2 2 2 2 2 2 10 2
left_child=1 3 7 14 13 10 9 8 -2 -5 -6 29 -4 21 17 28 -16 19 25 20 -1 22 -3 24 -23 -19 -15 -28 -10 -12
right_child=2 4 12 6 5 -7 -8 -9 15 -11 11 -13 -14 26 16 -17 -18 18 -20 -21 -22 23 -24 -25 -26 -27 27 -29 -30 -31
leaf_value=-0.00081532694401140931 0.0020010575594672435 0.0024813943768276282 0.0019098413330525953 -0.00054570091119895004 0.00055201415180047061 -0.00042041065914167394 -0.00056129738820385154 0.0020451104254942962 -0.0026070420488991351 -0.00057238969115562402 0.0062611093986059286 0.002917885143562479 0.0019955915537634553 -0.0013976525317344977 -0.00041623732932260431 0.0023527178082614758 0.0002543297547172245 0.0025126139356880122 -0.00084434281822995643 -0.00044486960930576911 -0.00062370657837316872 -0.00058960647238517428 7.1548048992832459e-06 0.00097535548012373712 0.00074884234121506076 -6.6417226801061612e-05 -0.0013120701330263372 0.00032147996192066454 0.0014374094890605882 0.0012447880821325819
leaf_weight=1786 776 2038 700 5633 5971 6541 6279 4026 824 5543 527 2542 4468 1632 5612 386 4483 394 292 2623 2093 18396 2867 4438 4806 783 1783 2402 2795 3977
leaf_count=1786 776 2038 700 5633 5971 6541 6279 4026 824 5543 527 2542 4468 1632 5612 386 4483 394 292 2623 2093 18396 2867 4438 4806 783 1783 2402 2795 3977
internal_value=7.54043e-05 -0.00185401 0.0129721 -0.00581236 0.000573845 0.00284312 -0.0084622 0.00927712 0.00569787 -0.0106735 0.00490938 0.00771805 0.0192538 -0.000583314 -0.00325051 0.00332918 -0.00135149 -0.00565321 0.000753053 -0.00710005 -0.00998713 9.86175e-05 0.00365988 -0.000533912 -0.00126686 0.00454315 -0.0043954 -0.00224105 0.00187914 0.00400532
internal_weight=107416 93441 13975 35521 57920 19558 17455 8807 4781 11176 13017 7046 5168 38362 18066 4005 10095 7971 1469 6502 3879 32545 4905 27640 23202 1177 5817 4185 3619 4504
internal_count=107416 93441 13975 35521 57920 19558 17455 8807 4781 11176 13017 7046 5168 38362 18066 4005 10095 7971 1469 6502 3879 32545 4905 27640 23202 1177 5817 4185 3619 4504
is_linear=0
shrinkage=0.03


Tree=81
num_leaves=31
num_cat=0
split_feature=21 16 22 28 12 10 25 21 12 16 29 8 12 28 25 16 25 12 1 25 28 8 1 10 29 8 17 28 1 29
split_gain=2927.15 965.274 376.242 298.731 246.338 151.011 140.913 129.163 108.114 102.302 97.178 115.02 84.9508 83.9519 131.762 96.031 80.3839 79.3071 78.6249 75.3594 75.0551 84.481 74.9926 129.487 72.7449 82.9693 72.3276 66.3897 93.1096 65.8344
threshold=10.076250000000003 4.5750000000000011 0.95516273302198129 953.45000000000016 5.3950000000000005 8.5000000000000018 1.2351636520241174 2.2120833333333336 1.8650000000000004 11.815000000000003 68.500000000000014 8.5000000000000018 2.6450000000000005 959.45000000000016 1.4872261072261075 12.185 2.2124771062271065 8.0750000000000011 3.6500000000000008 2.7318330399798847 949.95000000000016 14.500000000000002 30.750000000000004 7.5000000000000009 25.500000000000004 13.500000000000002 8.3550000000000022 950.05000000000007 6.0500000000000007 71.500000000000014
decision_type=2 8 2 2 8 2 2 2 10 8 2 2 10 2 2 8 2 10 2 2 2 2 2 2 2 2 2 2 2 2
left_child=1 3 5 10 7 6 -2 -3 -5 -4 11 27 -12 22 18 16 -16 -8 -15 24 21 -19 26 -24 -10 -26 -6 -1 -29 -28
right_child=2 4 9 8 13 -7 17 -9 19 -11 12 -13 -14 14 15 -17 -18 20 -20 -21 -22 -23 23 -25 25 -27 29 28 -30 -31
leaf_value=-0.00074135116577592143 0.0019393331278031321 -0.00052932988386298154 0.0018765519803941955 -0.00053059933070798821 -0.00026306754358184026 0.001983922495389142 -0.0021632921826098932 -0.00030794109526066107 -0.00081291479374085741 0.0019358184642947784 -0.00054567401792823811 -0.00034972048910796136 0.0018007110002456533 0.0021461159902916149 0.0015190168190775083 0.0062953783632182557 -0.00163954512835554 0.0018862056295386319 0.0042060007305643483 -0.00059061644274839835 0.0019699178276509945 -0.0022531526326484285 0.0027643361986211894 -0.0012021407143964025 -0.00055110606424861803 -0.00033419708850907615 0.0014733738140181073 -0.00067979205046040812 0.00044112534692656051 -0.00098940936702540563
leaf_weight=4915 821 367 717 4657 11720 4263 846 28182 333 4533 1079 10070 1268 809 3719 493 821 513 918 473 2118 681 2146 849 4945 2818 9518 209 903 2063
leaf_count=4915 821 367 717 4657 11720 4263 846 28182 333 4533 1079 10070 1268 809 3719 493 821 513 918 473 2118 681 2146 849 4945 2818 9518 209 903 2063
internal_value=9.04688e-05 -0.0018586 0.0126316 -0.0061146 0.000329654 0.00898021 0.00542335 -0.00171149 -0.00955483 0.0190447 -0.00364573 -0.00447708 0.00205357 0.0020925 0.00507317 0.00261413 0.00124092 0.00317079 0.0122113 -0.00754724 0.00526379 -0.000750626 0.00132542 0.00579 -0.00685841 -0.0062603 0.000750451 -0.00775365 -0.00112802 0.00243138
internal_weight=107767 93275 14492 31670 61605 9242 4979 28549 13226 5250 18444 16097 2347 33056 6760 5033 4540 4158 1727 8569 3312 1194 26296 2995 8096 7763 23301 6027 1112 11581
internal_count=107767 93275 14492 31670 61605 9242 4979 28549 13226 5250 18444 16097 2347 33056 6760 5033 4540 4158 1727 8569 3312 1194 26296 2995 8096 7763 23301 6027 1112 11581
is_linear=0
shrinkage=0.03


Tree=82
num_leaves=31
num_cat=0
split_feature=21 16 21 12 2 5 2 10 25 16 12 23 17 25 16 8 23 29 8 17 22 2 0 2 14 20 16 19 8 29
split_gain=2852.66 911.378 349.787 288.523 228.937 204.328 145.509 126.933 140.355 126.591 90.9645 93.7377 89.2225 97.7055 119.751 80.3985 105.848 74.7446 84.6436 75.8998 74.3574 66.6362 64.8702 64.7579 63.6136 62.6133 57.6054 62.6232 56.5008 67.2853
threshold=10.076250000000003 3.7250000000000005 12.342083333333335 5.3550000000000013 1.1290867188884655 0.035129887858636875 1.2141520597395583 8.5000000000000018 1.2294446421158751 11.815000000000003 8.2550000000000008 8.0850000000000026 8.1050000000000022 1.2245289670570727 9.0850000000000026 14.500000000000002 2.5750000000000006 57.500000000000007 8.5000000000000018 3.5750000000000006 0.027710349191814972 1.1384244455788748 9.2150000000000016 1.2141520597395583 2.0354033175246675 3.4704682631907811 4.5250000000000012 6.043750000000002 7.5000000000000009 34.500000000000007
decision_type=2 8 2 8 2 2 2 2 2 8 10 2 2 2 10 2 2 2 2 2 2 2 2 2 2 2 10 2 2 2
left_child=1 4 7 6 17 -6 25 8 -2 -4 -10 -12 21 14 -14 20 -17 18 -1 -20 -8 -5 -11 -7 -24 28 27 -23 -3 -30
right_child=2 3 9 12 5 23 15 -9 10 22 11 -13 13 -15 -16 16 -18 -19 19 -21 -22 26 24 -25 -26 -27 -28 -29 29 -31
leaf_value=-0.00072528559848824767 0.001887250872393964 -0.0005598440620481329 0.0017508311278364673 -0.00042605879370843854 -0.0005163110636844236 -0.00054219236456088228 -0.00051344998734709213 0.0019244220698055835 -0.0015391798041223981 0.0017977675808845417 0.0020001186203005214 -0.00067333227885610575 0.0010691177417026939 0.00094910369825103725 0.0023031104535874724 -0.00057123297309919798 0.0016469801746821478 0.00062557725474458111 -0.00050484205364209936 4.5977905488266721e-05 -0.00060971363177426572 0.00011188015766562309 0.0018762537866056838 -0.0005674425222505175 0.0018525735224106086 0.00083152351208381527 0.0012350327427850505 -0.0029477367529222921 -0.00059148514023036865 0.00013008062385584177
leaf_weight=2506 802 8432 660 8546 6156 6120 201 4449 993 202 2479 813 2276 14896 1831 1275 528 1539 3553 3458 4003 487 3654 1305 342 2924 6173 304 5136 11360
leaf_count=2506 802 8432 660 8546 6156 6120 201 4449 993 202 2479 813 2276 14896 1831 1275 528 1539 3553 3458 4003 487 3654 1305 342 2924 6173 304 5136 11360
internal_value=0.000158368 -0.00176522 0.0125842 1.75498e-05 -0.00671171 -0.00932062 -0.00194986 0.00923803 0.00599175 0.0191363 0.00382517 0.00622384 0.00194768 0.00332544 0.00741975 -0.00618263 -0.000879425 -0.0035042 -0.0044959 -0.00280074 -0.00845331 0.000259104 0.0210564 -0.00596366 0.0218945 -0.00103601 0.0024365 -0.00516332 -0.00152328 -0.000501788
internal_weight=107403 93009 14394 68372 24637 13581 33859 9536 5087 4858 4285 3292 34513 19003 4107 6007 1803 11056 9517 7011 4204 15510 4198 7425 3996 27852 6964 791 24928 16496
internal_count=107403 93009 14394 68372 24637 13581 33859 9536 5087 4858 4285 3292 34513 19003 4107 6007 1803 11056 9517 7011 4204 15510 4198 7425 3996 27852 6964 791 24928 16496
is_linear=0
shrinkage=0.03


Tree=83
num_leaves=31
num_cat=0
split_feature=21 21 21 16 21 28 1 25 26 24 26 24 16 1 29 1 10 9 1 10 28 9 28 1 15 10 1 10 29 10
split_gain=2836.22 964.949 334.257 241.172 214.849 152.175 146.283 136.459 159.091 172.88 102.535 139.675 102.5 101.312 98.5286 92.4843 81.7878 80.9733 82.5322 78.3019 106.66 75.0725 78.9416 74.446 69.7648 69.5976 85.7487 96.4389 103.533 87.7535
threshold=10.141250000000003 3.859583333333334 12.342083333333335 9.0850000000000026 2.2120833333333336 950.45000000000016 1.0000000180025095e-35 2.0776187555373822 0.82409480842201688 8.0500000000000025 0.91702515554752073 8.0500000000000025 11.815000000000003 16.650000000000002 91.500000000000014 -0.94999999999999984 2.5000000000000004 1.0000000180025095e-35 30.550000000000004 8.5000000000000018 957.85000000000002 5.5000000000000009 942.75000000000011 18.250000000000004 0.95000000000000051 9.5000000000000018 24.850000000000005 3.5000000000000004 22.500000000000004 6.5000000000000009
decision_type=2 2 2 8 2 2 2 2 2 2 2 2 8 2 2 2 2 2 2 2 2 2 2 2 10 2 2 2 2 2
left_child=1 4 5 6 13 -2 14 8 -5 23 19 16 -4 -1 24 -6 -12 18 -8 20 -7 25 -23 -10 -3 26 27 28 -19 -28
right_child=2 3 12 7 15 10 17 -9 9 -11 11 -13 -14 -15 -16 -17 -18 21 -20 -21 -22 22 -24 -25 -26 -27 29 -29 -30 -31
leaf_value=-0.00049792257203120922 0.00090779136694084102 -0.00090618260540259064 0.0017753418721146884 0.00021987831363123848 -0.00049894390994492666 0.0019328173590295993 0.00050496582138270666 -0.00015213099542885745 0.0010262508676837367 0.0026098047259670485 -0.0027106580266176134 0.001901155947972739 0.0018185870214724475 -0.00050649662058170858 0.0042516686540146282 -0.00048404111334194834 0.0022913182817821476 -0.003256271619133902 0.0027806242606972053 0.0017818867281104622 -0.0031438294046186952 -0.0015680047961239701 0.00098662493686518457 0.0059372086152164614 0.000577651202668734 0.00038832618293681076 0.0011216574987221901 -0.0011941641341329592 0.00067856035138945294 -0.0005604977852962412
leaf_weight=3477 2194 5723 653 5659 2783 1182 5203 6953 3925 2877 338 2154 4223 2531 218 18223 877 210 683 1993 435 595 4886 646 809 5702 3300 10671 2712 5727
leaf_count=3477 2194 5723 653 5659 2783 1182 5203 6953 3925 2877 338 2154 4223 2531 218 18223 877 210 683 1993 435 595 4886 646 809 5702 3300 10671 2712 5727
internal_value=0.000116021 -0.00177239 0.0126818 0.000170065 -0.00655317 0.00929941 -0.00101735 0.00291851 0.0047201 0.00759962 0.0114648 0.0152312 0.0190289 -0.011555 -0.00509845 -0.00512018 0.00705738 -0.000322719 0.0029231 0.00793361 0.0030148 -0.000888251 0.0023241 0.00396635 -0.00576411 -0.00151022 -0.0022568 -0.00376158 0.00106594 9.96457e-06
internal_weight=107562 93513 14049 66499 27014 9173 46439 20060 13107 7448 6979 3369 4876 6008 6750 21006 1215 39689 5886 3610 1617 33803 5481 4571 6532 28322 22620 13593 2922 9027
internal_count=107562 93513 14049 66499 27014 9173 46439 20060 13107 7448 6979 3369 4876 6008 6750 21006 1215 39689 5886 3610 1617 33803 5481 4571 6532 28322 22620 13593 2922 9027
is_linear=0
shrinkage=0.03


Tree=84
num_leaves=31
num_cat=0
split_feature=21 16 22 28 12 28 19 12 16 12 0 29 8 28 24 27 29 10 9 29 9 28 9 27 28 12 9 24 10 12
split_gain=2859.06 903.202 338.246 283.527 261.109 124.949 120.43 119.856 114.995 92.374 107.007 80.0955 116.869 74.2815 82.3798 97.2433 73.1508 71.9358 83.2663 71.8649 71.7667 82.8944 78.5524 70.9228 69.8874 67.9493 67.6739 67.3698 66.7667 66.4882
threshold=10.141250000000003 4.5750000000000011 0.94732539093081747 953.45000000000016 5.3550000000000013 949.55000000000007 2.245833333333334 1.8650000000000004 11.815000000000003 8.2550000000000008 10.825000000000001 68.500000000000014 8.5000000000000018 960.1500000000002 5.3500000000000005 0.034899496702501191 25.500000000000004 2.5000000000000004 5.5000000000000009 80.500000000000014 1.5000000000000002 948.45000000000016 1.0000000180025095e-35 0.54463903501502697 950.05000000000007 2.6450000000000005 5.5000000000000009 9.3500000000000032 6.5000000000000009 9.2750000000000004
decision_type=2 8 2 2 8 2 2 10 8 10 2 2 2 2 2 2 2 2 2 2 2 2 2 2 2 10 2 2 2 10
left_child=1 3 5 11 6 -2 -3 -5 -4 27 -11 12 24 19 15 -15 -9 -18 -19 20 21 22 28 -23 -1 -13 -22 -7 -6 -10
right_child=2 4 8 7 13 9 -8 16 29 10 -12 25 -14 14 -16 -17 17 18 -20 -21 26 23 -24 -25 -26 -27 -28 -29 -30 -31
leaf_value=-0.00068699352166985738 0.00080788312688506172 -0.0004844986019340976 0.0017244288808292672 -0.00048451859350822968 0.0052607719540608659 -6.0414282666352288e-05 -0.00030126039991808598 -0.00075795015298782853 0.0018354863399276809 0.0018534037950048287 0.001145259393777338 -0.00049887678831892195 -0.00030662148143050481 0.0034932341785458556 0.0026777352389800867 -0.001509988562152292 -0.00049664667499822106 -0.00049629789340141983 0.00086385425762692191 -0.0011097995416116902 -7.739940542995344e-05 0.0023643181910347946 -0.0017484678818417817 -0.0042379058554285805 -7.8561463855306293e-05 0.0015709581277620914 0.0015849169851304863 0.0019810673373309197 1.2464976229531881e-05 0.0017661480875637303
leaf_weight=4945 1707 494 831 4626 397 955 27734 350 365 3642 1431 1088 10033 536 4485 1149 1931 5501 778 2018 13681 5223 1297 201 1130 1227 3976 745 743 4394
leaf_count=4945 1707 494 831 4626 397 955 27734 350 365 3642 1431 1088 10033 536 4485 1149 1931 5501 778 2018 13681 5223 1297 201 1130 1227 3976 745 743 4394
internal_value=0.000174227 -0.00172243 0.0127801 -0.00584836 0.000383603 0.0089947 -0.00174477 -0.00920628 0.0185094 0.0108218 0.0128495 -0.00344313 -0.00419289 0.00216606 0.00514008 -0.000514793 -0.00709632 -0.00651491 -0.00495067 0.00149886 0.00193002 0.0043135 -0.000282555 0.00637686 -0.00747533 0.00177155 0.000867965 0.00475073 0.00544978 0.0203086
internal_weight=107613 93543 14070 31609 61934 8480 28228 13186 5590 6773 5073 18423 16108 33706 6170 1685 8560 8210 6279 27536 25518 7861 2437 5424 6075 2315 17657 1700 1140 4759
internal_count=107613 93543 14070 31609 61934 8480 28228 13186 5590 6773 5073 18423 16108 33706 6170 1685 8560 8210 6279 27536 25518 7861 2437 5424 6075 2315 17657 1700 1140 4759
is_linear=0
shrinkage=0.03


Tree=85
num_leaves=31
num_cat=0
split_feature=21 21 22 12 28 16 25 10 1 21 29 1 26 25 16 16 9 28 10 17 12 26 25 9 25 12 27 28 16 15
split_gain=2726.68 867.862 339.744 271.923 183.583 139.221 129.045 152.284 123.809 108.558 101.879 112.112 85.9188 175.307 154.114 83.7182 89.2836 116.774 76.0575 74.9288 73.5397 85.9386 71.094 70.2074 69.3061 69.0011 66.7638 99.7731 72.8858 67.1533
threshold=10.141250000000003 3.3576388888888893 0.93982204305516548 5.3550000000000013 952.55000000000007 11.815000000000003 1.2294446421158751 8.5000000000000018 -0.24999999999999997 1.840833333333334 56.500000000000007 4.6500000000000012 -0.90630778703664994 1.4472446569960116 9.0850000000000026 6.5550000000000006 1.5000000000000002 958.05000000000007 8.5000000000000018 10.035000000000002 8.0750000000000011 0.90992662233962551 1.965294506529496 1.5000000000000002 2.7318330399798847 9.2750000000000004 0.13052122218260662 954.25000000000011 5.5150000000000006 0.81999999999999984
decision_type=2 2 2 8 2 8 2 2 2 2 2 2 2 2 8 8 2 2 2 2 10 2 2 2 2 10 2 2 8 10
left_child=1 4 6 8 18 -4 -2 20 15 -6 11 -10 -5 14 23 -3 -17 -18 -1 -12 -8 -22 -23 -14 -11 -7 27 -15 -29 -28
right_child=2 3 5 12 9 25 7 -9 10 24 19 -13 13 26 -16 16 17 -19 -20 -21 21 22 -24 -25 -26 -27 29 28 -30 -31
leaf_value=-0.00029971557328465368 0.0017194723115487886 -0.00055250646434223353 0.0016348193204068361 -2.502216098326071e-05 -0.00046848545928144587 0.0017804217497298502 -0.0023575345218776298 0.0017840370591109566 -0.0018210095223735634 -0.0004717479933152771 8.2885694771873957e-06 -0.00045544586843568379 0.0039339672245865265 -0.00029034133305139983 0.0023722454878471952 -0.0013354700621229752 -0.0019562594950068533 0.0010436270680549656 -0.00057816493284612678 0.0030168551545418469 0.00055963674763790663 0.0020704707338340643 0.00083456672960750095 0.00028955098621445186 -0.00049407139219678168 0.0017117650772654456 -0.0009801738848000906 -0.0014300197925669019 0.0030977538593124397 0.0015939710494140174
leaf_weight=7711 996 3036 982 16457 1751 472 747 3429 869 8019 10204 16352 1031 3925 2920 1162 919 1691 1899 1465 1990 551 358 2781 571 4658 4785 381 4366 1213
leaf_count=7711 996 3036 982 16457 1751 472 747 3429 869 8019 10204 16352 1031 3925 2920 1162 919 1691 1899 1465 1990 551 358 2781 571 4658 4785 381 4366 1213
internal_value=0.000163516 -0.00169581 0.0124182 -0.000190452 -0.00724444 0.0177538 0.00836924 0.00693644 -0.00206873 -0.0100184 -0.00121059 -0.00267677 0.00158066 0.00283365 0.00683984 -0.00570674 -0.00271644 0.000367113 -0.00425585 0.000953401 0.00266228 0.00482438 0.0124398 0.00286089 -0.00862129 0.0197352 0.000993526 0.00267604 0.00559975 -0.00143928
internal_weight=107691 93508 14183 73557 19951 6112 8071 7075 35698 10341 28890 17221 37859 21402 6732 6808 3772 2610 9610 11669 3646 2899 909 3812 8590 5130 14670 8672 4747 5998
internal_count=107691 93508 14183 73557 19951 6112 8071 7075 35698 10341 28890 17221 37859 21402 6732 6808 3772 2610 9610 11669 3646 2899 909 3812 8590 5130 14670 8672 4747 5998
is_linear=0
shrinkage=0.03


Tree=86
num_leaves=31
num_cat=0
split_feature=22 16 22 28 12 28 2 5 26 24 16 28 24 29 8 29 8 28 1 17 27 1 13 24 12 24 27 1 18 17
split_gain=2623.48 883.449 393.297 267.679 210.637 149.031 133.675 128.92 125.419 189.046 103.406 91.7818 110.711 90.6194 89.5936 76.0238 133.379 74.2157 72.639 88.1688 72.8242 71.5453 69.4355 68.4471 65.3561 63.4013 123.658 109.569 70.5275 62.301
threshold=0.86841418320278596 4.5750000000000011 0.94732539093081747 952.6500000000002 4.5750000000000011 950.25000000000011 1.2177323093292298 0.030508677720151988 0.91702515554752073 7.4500000000000011 11.895000000000001 960.55000000000007 2.8500000000000001 25.500000000000004 13.500000000000002 63.500000000000007 7.5000000000000009 950.05000000000007 -1.0000000180025095e-35 8.4550000000000018 -0.0087262032186418287 -0.14999999999999999 3.436666666666667 2.0500000000000003 9.3350000000000026 6.4500000000000011 0.1218693434051476 -0.94999999999999984 5.0950000000000006 5.1550000000000011
decision_type=2 8 2 2 8 2 2 2 2 2 8 2 2 2 2 2 2 2 2 2 2 2 2 2 10 2 2 2 10 2
left_child=1 3 5 15 6 21 -3 -5 -7 -10 -4 12 -6 -9 -15 16 17 -1 -14 -20 -21 -2 -19 -8 -12 26 -13 -27 -28 -18
right_child=2 4 10 7 11 8 23 13 9 -11 24 25 18 14 -16 -17 29 22 19 20 -22 -23 -24 -25 -26 27 28 -29 -30 -31
leaf_value=-0.00065844809796529458 -0.0056443907315930153 -0.00017709637390333696 0.0016410376276925708 -0.00045439477328658266 -0.0013910904854969269 0.0013413005899378561 -0.00051389559516253633 -0.00073108358869598627 0.0017200869872458734 0.0017984913532931345 0.0017270090972379558 0.0028166955648005099 -0.00068682774211835298 -0.00049920441358814686 -0.0002687488561049825 0.00029035131446201621 -0.00041254129974024439 -0.00051068303159118329 9.1793613396798924e-05 0.00041734578290706812 0.001849929458286095 0.00090179351345903822 0.003061767368766529 -0.00050505438462065369 0.0016625612911787158 0.00070973459404209736 0.00032283514297669927 0.0036009026908818795 -0.0030332266518396486 0.00016191602691566817
leaf_weight=4039 200 17625 882 4976 786 3568 404 424 1012 2402 383 2091 3690 5598 3201 3046 6548 356 15684 5493 7697 1856 248 3021 4365 1428 643 1831 937 3301
leaf_count=4039 200 17625 882 4976 786 3568 404 424 1012 2402 383 2091 3690 5598 3201 3046 6548 356 15684 5493 7697 1856 248 3021 4365 1428 643 1831 937 3301
internal_value=0.000215797 -0.00164292 0.0120057 -0.00570569 0.00045977 0.0081212 -0.00197198 -0.00876725 0.0102104 0.01432 0.0182289 0.00173067 0.0010775 -0.00666125 -0.00600068 -0.00322522 -0.00413051 -0.00831971 0.00134668 0.00185325 0.00366048 0.00101892 0.00147783 -0.00739067 0.0199832 0.00487094 0.00216268 0.0079136 -0.00416404 -0.00215243
internal_weight=107735 93067 14668 31737 61330 9038 21050 14199 6982 3414 5630 40280 33350 9223 8799 17538 14492 4643 32564 28874 13190 2056 604 3425 4748 6930 3671 3259 1580 9849
internal_count=107735 93067 14668 31737 61330 9038 21050 14199 6982 3414 5630 40280 33350 9223 8799 17538 14492 4643 32564 28874 13190 2056 604 3425 4748 6930 3671 3259 1580 9849
is_linear=0
shrinkage=0.03


Tree=87
num_leaves=31
num_cat=0
split_feature=21 21 21 16 28 8 16 10 25 26 26 24 21 25 10 28 10 25 8 16 29 1 26 28 10 27 16 25 12 28
split_gain=2574.01 766.824 393.001 248.627 193.656 165.873 148.07 126.753 125.537 193.898 166.72 192.657 124.503 123.576 141.35 111.159 86.8808 80.4457 78.7062 78.3123 75.9888 74.1499 72.8549 101.993 71.0147 70.5905 69.4107 68.7275 65.8032 63.48
threshold=9.9437500000000032 3.3576388888888893 11.906666666666668 6.2250000000000005 952.55000000000007 9.5000000000000018 11.815000000000003 2.5000000000000004 2.0996092259315238 0.15643446504023095 0.79332313182700753 6.8500000000000005 1.9045833333333337 1.2294446421158751 8.5000000000000018 958.05000000000007 2.5000000000000004 1.8687661583999118 2.5000000000000004 8.8650000000000002 43.500000000000007 -0.34999999999999992 0.93038214053199464 959.05000000000007 8.5000000000000018 0.19936034309715231 6.285000000000001 2.6303394291112765 9.3350000000000026 956.25000000000011
decision_type=2 2 2 8 2 2 8 2 2 2 2 2 2 2 2 2 2 2 2 8 2 2 2 2 2 2 10 2 10 2
left_child=1 4 13 5 24 7 -4 -3 10 -10 17 16 -6 29 22 -13 26 -5 20 -11 -9 -17 -15 -24 -1 -20 -12 -14 -8 -2
right_child=2 3 6 8 12 -7 28 18 9 19 11 15 27 14 -16 21 -18 -19 25 -21 -22 -23 23 -25 -26 -27 -28 -29 -30 -31
leaf_value=-0.00027547608208356057 0.0015762668057726914 -0.00052079056340143676 0.0015230748450978215 -0.00021337603473275263 -0.00044076293008798523 -0.00012122661053366123 0.001675198824320816 -0.0010797379823242635 0.0017121351559268652 -0.0013509947878451868 0.0064020422557327416 0.0017269887264639583 -0.00044334135401791214 -0.00015693909353133416 0.0017155534505762292 0.0033439354407412392 0.0010731466490337489 0.0017978860052883948 -0.0010301440197228193 -0.00049703788192098034 0.00069482074237781121 0.0040032650330795085 0.00089617972162724818 0.002119396993511131 -0.00053846315300715316 0.00011444718851574351 -0.0011048865818843688 -0.00046011216910221518 0.0016114853456605488 0.0016279669182940959
leaf_weight=7780 698 1427 1059 14292 1975 16295 459 978 3292 3605 226 4643 7765 2575 3888 615 5658 2798 5410 6296 2309 1293 898 588 1865 1006 2015 640 4638 440
leaf_count=7780 698 1427 1059 14292 1975 16295 459 978 3292 3605 226 4643 7765 2575 3888 615 5658 2798 5410 6296 2309 1293 898 588 1865 1006 2015 640 4638 440
internal_value=0.000172576 -0.00171595 0.0115904 -0.000274379 -0.00690914 -0.00252315 0.017442 -0.00534531 0.00110443 -0.00135248 0.00213219 0.00450363 -0.00975253 0.00761879 0.0062874 0.00830537 0.00134742 0.000126353 -0.0041131 -0.00344942 -0.000337181 0.0143962 0.00236842 0.00764588 -0.0038456 -0.00604579 -0.00364648 -0.00815101 0.0195629 0.0168504
internal_weight=107426 92183 15243 72158 20025 27425 6156 11130 44733 13193 31540 14450 10380 9087 7949 6551 7899 17090 9703 9901 3287 1908 4061 1486 9645 6416 2241 8405 5097 1138
internal_count=107426 92183 15243 72158 20025 27425 6156 11130 44733 13193 31540 14450 10380 9087 7949 6551 7899 17090 9703 9901 3287 1908 4061 1486 9645 6416 2241 8405 5097 1138
is_linear=0
shrinkage=0.03


Tree=88
num_leaves=31
num_cat=0
split_feature=16 23 16 28 17 23 5 10 8 28 16 16 29 10 11 15 27 29 8 28 5 1 8 12 25 10 17 2 1 28
split_gain=2559.82 778.704 684.617 267.837 237.138 169.169 131.547 127.451 113.192 107.742 104.333 100.363 93.0218 101.166 82.8237 82.4344 79.4419 77.9131 120.685 83.5222 77.7091 92.239 76.0868 76.0794 73.9634 69.9235 82.0331 68.2977 66.516 66.263
threshold=10.505000000000001 5.035000000000001 4.5750000000000011 952.6500000000002 11.415000000000001 3.1850000000000005 0.029912774103462648 2.5000000000000004 13.500000000000002 959.85000000000002 8.4550000000000018 12.565000000000003 25.500000000000004 2.5000000000000004 4.0550000000000006 -0.37499999999999994 0.078456108245891568 63.500000000000007 7.5000000000000009 950.05000000000007 0.71312888643440575 0.25000000000000006 21.500000000000004 2.5250000000000004 1.2351636520241174 7.5000000000000009 2.4150000000000005 1.2448032254162646 -1.6499999999999997 960.05000000000007
decision_type=10 2 8 2 2 2 2 2 2 2 8 10 2 2 10 10 2 2 2 2 2 2 2 10 2 2 2 2 2 2
left_child=2 14 3 17 -3 7 -5 8 16 11 15 -6 -8 24 -2 28 27 18 19 -1 -16 -22 -10 -19 -14 -20 -27 -4 -7 -12
right_child=1 4 5 6 9 10 12 -9 22 -11 29 -13 13 -15 20 -17 -18 23 25 -21 21 -23 -24 -25 -26 26 -28 -29 -30 -31
leaf_value=-0.00063071313366604793 0.0052065125112495288 0.0015447368948818139 -0.0005711507779119113 -0.00042797321257886787 0.0015378370750724678 -0.0032688402984618484 -0.00069694895654785749 -0.00013983926893625036 0.00045359630966870676 0.0016673867598069202 0.00094599359380785565 0.001557579468097604 -0.00012932095499602208 -0.00043330280245143553 0.00069802971894492136 0.00045958244996263745 -0.0010024108762401133 -0.00052026907699772088 -4.5639064216043413e-05 0.00027067192537515421 0.0020713952009761161 0.00064218384566862795 -0.00093636929614204583 0.0012235849904074819 -0.00048498627408215006 -0.00057536313573578477 -0.00041478070960513687 0.0018812221563264165 -0.00069870328843668064 0.0025406179625834246
leaf_weight=3978 590 2827 1226 4783 2525 344 415 23520 1529 2322 9305 3072 414 6989 7215 10551 1647 1358 6464 606 452 670 549 1734 1571 912 2375 215 4558 2713
leaf_count=3978 590 2827 1226 4783 2525 344 415 23520 1529 2322 9305 3072 414 6989 7215 10551 1647 1358 6464 606 452 670 549 1734 1571 912 2375 215 4558 2713
internal_value=0.000174526 0.00995376 -0.00201821 -0.00555025 0.0153921 -3.04476e-05 -0.00861254 -0.00164163 -0.00590601 0.0180553 0.00165199 0.0157712 -0.00654354 -0.00589375 0.00340237 2.13482e-05 -0.00954413 -0.00305817 -0.00398954 -0.00800174 0.00262887 0.00995563 -0.000489678 0.00125928 -0.0118643 -0.00210025 -0.00565917 -0.00437759 -0.00319136 0.00374782
internal_weight=107429 19673 87756 31599 10746 56157 14172 28686 5166 7919 27471 5597 9389 8974 8927 15453 3088 17427 14335 4584 8337 1122 2078 3092 1985 9751 3287 1441 4902 12018
internal_count=107429 19673 87756 31599 10746 56157 14172 28686 5166 7919 27471 5597 9389 8974 8927 15453 3088 17427 14335 4584 8337 1122 2078 3092 1985 9751 3287 1441 4902 12018
is_linear=0
shrinkage=0.03


Tree=89
num_leaves=31
num_cat=0
split_feature=21 21 21 16 28 8 16 10 23 26 23 28 10 12 21 26 24 16 28 29 28 28 10 26 10 1 28 28 1 9
split_gain=2545.27 797.921 377.766 227.992 183.059 155.599 139.293 123.02 117.066 107.587 206.117 127.964 111.047 96.7546 79.9516 77.9849 93.5364 79.7628 78.2529 76.7455 75.9367 76.2644 72.7646 72.2388 67.7615 76.7198 75.9262 67.4375 67.2975 96.2662
threshold=9.9437500000000032 3.3576388888888893 11.906666666666668 6.2250000000000005 952.55000000000007 9.5000000000000018 12.125000000000002 2.5000000000000004 0.51500000000000012 0.91702515554752073 4.3050000000000006 950.55000000000007 8.5000000000000018 6.285000000000001 1.9045833333333337 -0.90992662233962551 6.4500000000000011 6.2250000000000005 959.55000000000007 34.500000000000007 944.95000000000016 953.55000000000007 8.5000000000000018 0.99901018088683491 4.5000000000000009 31.750000000000004 945.55000000000007 957.55000000000007 -0.94999999999999984 2.5000000000000004
decision_type=2 2 2 8 2 2 8 2 2 2 2 2 2 8 2 2 2 10 2 2 2 2 2 2 2 2 2 2 2 2
left_child=1 4 9 5 22 7 -4 -3 -6 12 -11 -12 27 -5 -10 17 23 -15 -18 -16 -9 -22 -1 -17 -19 -26 -27 -2 29 -20
right_child=2 3 6 13 8 -7 -8 20 14 10 11 -13 -14 15 19 16 18 24 28 -21 21 -23 -24 -25 25 26 -28 -29 -30 -31
leaf_value=-0.00028112727889913609 0.00095391391565730066 -0.00048675173005841921 0.0014926943918870544 -6.4572555621425501e-05 -0.00041754209812498797 -0.00012825000379675794 0.0015150203133738028 -0.0010861292099551146 -0.00041470084580797959 0.0012013231728500949 -0.00027828560506177322 0.0016494839843418086 0.0015364478611066812 -0.002566730117936135 -0.00047286669218785441 -0.00026176392187282155 0.0015123318321804918 0.0018196110319174163 -0.0019850797313768751 -0.00041452561706906675 -1.5375161652229283e-05 -0.0007968771544828745 -0.00050847552578287783 0.0042432539228446694 -0.00086452476726034725 0.0036694090265048714 -0.0021069542967058069 -0.0038196020450684274 0.0035662655010553213 0.0045289676101892768
leaf_weight=7763 2475 1383 1342 24437 1327 16305 4837 2133 1523 1533 312 2150 2262 328 700 4070 5314 2126 377 6906 4447 3145 1911 839 4981 680 291 435 928 373
leaf_count=7763 2475 1383 1342 24437 1327 16305 4837 2133 1523 1533 312 2150 2262 328 700 4070 5314 2126 377 6906 4447 3145 1911 839 4981 680 291 435 928 373
internal_value=0.000105632 -0.00177578 0.0114168 -0.000302237 -0.00705637 -0.00245642 0.0171491 -0.00519392 -0.00980786 0.00754579 0.0112425 0.0166113 0.00468225 0.00101768 -0.00858879 0.00254776 0.00410969 0.000335275 0.006337 -0.00732361 -0.00399897 -0.0025905 -0.00407893 0.000934066 0.000927873 -0.000715125 0.00697746 0.000802744 0.0119786 0.00524503
internal_weight=107633 92287 15346 72157 20130 27413 6179 11108 10456 9167 3995 2462 5172 44744 9129 20307 11901 8406 6992 7606 9725 7592 9674 4909 8078 5952 971 2910 1678 750
internal_count=107633 92287 15346 72157 20130 27413 6179 11108 10456 9167 3995 2462 5172 44744 9129 20307 11901 8406 6992 7606 9725 7592 9674 4909 8078 5952 971 2910 1678 750
is_linear=0
shrinkage=0.03


Tree=90
num_leaves=31
num_cat=0
split_feature=21 21 22 21 16 25 25 26 8 1 16 1 28 28 28 12 26 16 1 28 14 28 25 1 8 26 12 28 22 20
split_gain=2494.5 822.686 328.055 212.824 198.735 139.268 130.448 185.353 126.207 130.741 116.574 107.728 101.468 85.9052 76.6022 71.4681 97.9062 71.0325 70.0783 75.2981 68.1363 63.6602 63.3686 72.1008 90.5415 63.2986 61.6534 60.9696 58.8421 58.7738
threshold=10.141250000000003 3.859583333333334 0.94732539093081747 2.2120833333333336 9.4050000000000029 1.2294446421158751 1.351860729377508 0.80382625221112025 11.500000000000002 -2.1499999999999999 11.815000000000003 16.850000000000005 950.05000000000007 952.55000000000007 960.75000000000011 8.2550000000000008 -0.91702515554752051 3.6750000000000003 -2.7499999999999996 958.85000000000002 0.83072257703760577 956.25000000000011 1.2459237926451043 23.450000000000003 2.5000000000000004 0.86159635224327558 9.2750000000000004 953.95000000000016 0.44551465703985099 4.5401220118236933
decision_type=2 2 2 2 8 2 2 2 2 2 8 2 2 2 2 10 2 10 2 2 2 2 2 2 2 2 10 2 2 2
left_child=1 3 5 11 8 21 7 27 9 14 -4 -1 -7 -5 -3 18 -17 20 -14 -20 -15 -2 25 24 -24 28 -12 -6 -11 -8
right_child=2 4 10 13 6 12 29 -9 -10 22 26 -13 15 17 -16 16 -18 -19 19 -21 -22 -23 23 -25 -26 -27 -28 -29 -30 -31
leaf_value=-0.00040225982043374018 0.0014564653570532115 -0.0010139086371570836 0.0014038732456979875 -0.00028420330595794237 0.0016450165609340327 0.00020498839624733201 0.00039633268188921572 0.0021014240297913011 0.00014033861715285283 0.00012625227994281061 0.0014881901474714842 -0.00040932034630404313 -0.0025529891782006017 -0.00041833452707474368 -0.00045862887760659855 0.0010345269992859628 0.0017510763710081728 -0.00037927959784595427 0.00048145808672965084 0.0021733707017310986 -0.0004161594393853818 0.0014756450777956241 0.00084412933502339596 -0.0013844640790036662 -0.00067588183058967682 0.0026543124764720799 0.0014705695040776545 -0.0016488108790538847 -0.0033798957730326574 0.0070424171714118132
leaf_weight=3431 638 1371 815 10738 1178 1694 12544 2449 26633 1885 375 2506 424 4426 1678 1952 2288 3785 674 405 2072 421 3901 2664 9491 1214 4445 681 266 415
leaf_count=3431 638 1371 815 10738 1178 1694 12544 2449 26633 1885 375 2506 424 4426 1678 1952 2288 3785 674 405 2072 421 3901 2664 9491 1214 4445 681 266 415
internal_value=0.000180619 -0.00159815 0.0119249 -0.00601713 0.000197062 0.00819433 0.00296491 0.00748435 -0.000776452 -0.00243204 0.0175372 -0.0110316 0.00673609 -0.00459859 -0.00820236 0.00863779 0.010629 -0.00655813 0.00300398 0.0070572 -0.00846071 0.0183553 -0.00152425 -0.0023087 -0.00141076 0.00221662 0.0193119 0.000337983 -0.000876623 0.0014602
internal_weight=107459 93328 14131 26958 66370 8496 17267 4308 49103 22470 5635 5937 7437 21021 3049 5743 4240 10283 1503 1079 6498 1059 19421 16056 13392 3365 4820 1859 2151 12959
internal_count=107459 93328 14131 26958 66370 8496 17267 4308 49103 22470 5635 5937 7437 21021 3049 5743 4240 10283 1503 1079 6498 1059 19421 16056 13392 3365 4820 1859 2151 12959
is_linear=0
shrinkage=0.03


Tree=91
num_leaves=31
num_cat=0
split_feature=21 21 22 1 12 21 1 23 26 23 1 14 20 8 29 12 17 10 2 10 3 29 10 23 26 23 26 27 29 23
split_gain=2462.76 703.065 496.947 191.651 167.292 143.463 127.065 115.169 300.87 97.6758 95.3003 72.4133 69.4092 77.746 79.0181 65.6011 63.8301 60.5058 58.5514 57.6592 61.1975 54.5782 104.533 54.1499 53.9859 121.798 85.2763 63.7856 58.6366 54.0058
threshold=9.4737500000000026 3.3576388888888893 0.94732539093081747 19.350000000000005 4.9150000000000009 2.2120833333333336 -0.34999999999999992 4.3050000000000006 -0.90992662233962551 5.4650000000000007 14.850000000000003 1.8023271988187102 3.4063849348967126 11.500000000000002 35.500000000000007 2.6750000000000003 6.0150000000000006 6.5000000000000009 1.1765340982001062 3.5000000000000004 3.1504596726966123 78.500000000000014 2.5000000000000004 0.77000000000000013 -0.8949002852437673 4.1050000000000013 0.78257835753184668 0.17364817766693022 21.500000000000004 3.3550000000000004
decision_type=2 2 2 2 8 2 2 2 2 2 2 2 2 2 2 8 2 2 2 2 2 2 2 2 2 2 2 2 2 2
left_child=1 3 7 5 6 23 -3 21 -9 -10 -4 -12 13 18 19 -7 17 -6 -8 -15 -21 22 -2 -1 29 27 -27 -26 -28 -18
right_child=2 4 10 -5 16 15 12 8 9 -11 11 -13 -14 14 -16 -17 24 -19 -20 20 -22 -23 -24 -25 25 26 28 -29 -30 -31
leaf_value=-0.00039002205394398249 -0.0037228800513209037 -0.00046977245718321997 0.0014387461848782512 -0.0003177920281390079 0.00029645010710920017 -0.00040595146135253787 -0.00043983139479011923 0.00084546769788661604 0.0017056099221374077 0.0014844858813497224 0.0014251755382117491 -0.00071377752774365419 0.00080076973130755618 -0.0018676993778897512 0.00043771543853270281 -0.00031543788768342363 0.0018176219228842683 -0.00087191444190599682 -0.001059407763786245 0.00051410633651640032 -0.00077228607415822043 0.0040978784612452713 0.0014084866526532151 -0.00039019202582072797 0.0013189355854009415 -8.8962465674347627e-05 -4.9758882072810091e-05 -0.00063696064667878886 0.0035075910156431621 -0.00037697708269673999
leaf_weight=1121 804 5646 4072 8030 5702 5421 8303 5175 1862 2732 1214 342 3395 314 6206 2751 2331 6023 2321 988 2945 403 2092 2808 6205 1284 590 4337 3599 8383
leaf_count=1121 804 5646 4072 8030 5702 5421 8303 5175 1862 2732 1214 342 3395 314 6206 2751 2331 6023 2321 988 2945 403 2092 2808 6205 1284 590 4337 3599 8383
internal_value=0.000177368 -0.0019084 0.0100711 -0.00683701 -0.000461088 -0.00922105 -0.00213525 0.00685688 0.00849294 0.014077 0.0175217 0.0111467 -0.00119868 -0.00183996 -2.86862e-06 -0.00694876 0.000850256 -0.000994885 -0.00364663 -0.00315381 -0.00215592 0.00200666 0.000558428 -0.0139324 0.00165968 0.00276217 0.00639102 0.000876079 0.00846209 1.11951e-05
internal_weight=107399 88703 18696 20131 68572 12101 30118 13068 9769 4594 5628 1556 24472 21077 10453 8172 38454 11725 10624 4247 3933 3299 2896 3929 26729 16015 5473 10542 4189 10714
internal_count=107399 88703 18696 20131 68572 12101 30118 13068 9769 4594 5628 1556 24472 21077 10453 8172 38454 11725 10624 4247 3933 3299 2896 3929 26729 16015 5473 10542 4189 10714
is_linear=0
shrinkage=0.03


Tree=92
num_leaves=31
num_cat=0
split_feature=21 21 21 12 1 21 26 10 26 16 8 10 12 16 8 15 16 28 11 29 29 16 29 10 1 12 11 21 1 28
split_gain=2473.74 737.485 328.296 219.461 197.755 140.176 132.865 117.557 131.819 113.913 110.607 170.631 102.08 101.618 98.7013 84.201 82.2836 74.0098 67.67 66.4863 66.1091 63.2687 63.1774 131.669 78.036 65.6729 61.2181 60.3292 70.096 60.2415
threshold=10.141250000000003 3.3576388888888893 12.342083333333335 6.2550000000000008 18.850000000000005 2.2120833333333336 0.79332313182700753 8.5000000000000018 0.90992662233962551 12.125000000000002 10.500000000000002 2.5000000000000004 8.2150000000000016 10.605000000000002 7.5000000000000009 0.22000000000000003 0.34000000000000002 957.85000000000002 9.2150000000000016 58.500000000000007 64.500000000000014 3.5050000000000003 40.500000000000007 4.5000000000000009 -1.0000000180025095e-35 4.495000000000001 1.2750000000000001 8.9620833333333358 22.150000000000002 958.75000000000011
decision_type=2 2 2 8 2 2 2 2 2 8 2 2 10 8 2 10 10 2 8 2 2 8 2 2 2 10 10 2 2 2
left_child=1 4 7 10 5 -1 16 8 17 -4 11 13 29 19 -8 21 -5 -2 -11 -3 -17 -13 23 -12 25 -24 -6 -16 -29 -10
right_child=2 3 9 6 26 -7 14 -9 12 18 22 15 -14 -15 27 20 -18 -19 -20 -21 -22 -23 24 -25 -26 -27 -28 28 -30 -31
leaf_value=-0.00037848626504610614 0.00090902825756654978 -0.0015807653661133532 0.0013624594606274308 -0.0025037972629410065 0.00031845542982763143 -0.00039033197654784915 0.00021730029162199627 0.001445447989219245 -0.0030108084072647877 0.0013638645835011719 -0.0014816328348959216 -0.00089774525717306716 0.0014374075124359408 0.00065310636538326876 0.0016962895495267274 -0.0003151228840401521 0.00018410372151706489 -0.0031777802438714151 0.0013865371962601392 -0.00057928211565539084 0.00098135417809218882 -0.00048325376280255956 -0.00069314650745184352 -7.2745529213260747e-05 0.00058263495549037785 0.00025755913758928218 -0.00037139847237677094 0.0016488936795189589 0.0021141273426971675 0.0018559511221617219
leaf_weight=3876 2490 294 837 431 1587 7986 3862 4281 359 257 1836 1956 1441 622 4386 3455 15812 441 3793 2632 2604 10655 1981 7975 10273 1702 6780 2381 468 222
leaf_count=3876 2490 294 837 431 1587 7986 3862 4281 359 257 1836 1956 1441 622 4386 3455 15812 441 3793 2632 2604 10655 1981 7975 10273 1702 6780 2381 468 222
internal_value=9.55609e-05 -0.00167124 0.0117974 -0.000272058 -0.00674162 -0.00923232 0.00185628 0.00846195 0.00530658 0.0180846 -0.00153751 -0.00305899 0.0111889 -0.00908528 0.0043857 -0.00191165 0.0001274 0.00123638 0.0201677 -0.0114227 0.000994393 -0.0033077 -0.000114841 -0.00195905 0.00118186 -0.00256236 -0.00320712 0.00645166 0.00984933 0.00056314
internal_weight=107675 93554 14121 73325 20229 11862 27340 9234 4953 4887 45985 22218 2022 3548 11097 18670 16243 2931 4050 2926 6059 12611 23767 9811 13956 3683 8367 7235 2849 581
internal_count=107675 93554 14121 73325 20229 11862 27340 9234 4953 4887 45985 22218 2022 3548 11097 18670 16243 2931 4050 2926 6059 12611 23767 9811 13956 3683 8367 7235 2849 581
is_linear=0
shrinkage=0.03


Tree=93
num_leaves=31
num_cat=0
split_feature=21 21 22 21 1 25 10 8 10 23 1 25 26 25 15 10 28 25 8 29 28 29 1 28 9 5 26 29 29 28
split_gain=2346.2 746.696 325.952 233.387 194.41 145.293 130.872 121.143 155.361 111.001 102.816 76.9523 120.564 75.7303 71.971 63.7618 62.7799 61.8958 79.1639 65.2103 61.3632 104.772 69.9731 82.4989 62.4342 60.888 59.8968 59.8159 59.6808 57.8855
threshold=10.141250000000003 3.1004166666666668 0.94732539093081747 7.4952777777777788 21.550000000000004 1.2294446421158751 8.5000000000000018 10.500000000000002 1.5000000000000002 0.72500000000000009 14.850000000000003 1.2245289670570727 -0.67556448321067808 1.4047921198936431 0.21000000000000002 10.500000000000002 956.25000000000011 1.2575967430538071 1.5000000000000002 40.500000000000007 945.95000000000016 38.500000000000007 -1.0000000180025095e-35 968.55000000000007 2.5000000000000004 0.029912774103462648 -0.98624804680367273 85.500000000000014 36.500000000000007 963.25000000000011
decision_type=2 2 2 2 2 2 2 2 2 2 2 2 2 2 10 2 2 2 2 2 2 2 2 2 2 2 2 2 2 2
left_child=1 4 5 7 9 16 -7 8 -3 -1 -4 12 26 -12 15 17 -2 -10 19 -19 -9 -22 23 24 -23 -11 -5 -24 -14 -26
right_child=2 3 10 11 -6 6 -8 20 14 25 13 -13 28 -15 -16 -17 -18 18 -20 -21 21 22 27 -25 29 -27 -28 -29 -30 -31
leaf_value=-0.00036836489685177772 0.0013243636294512173 -0.00050480335878399986 0.001344941080372335 0.001332912748998286 -0.00024349164633795023 0.00080895259130775215 0.0014360234730327757 0.00060836488793399425 0.00042697365089034854 -0.00037114940590439509 0.0013408241561775924 0.00057308759949115768 0.0012608557841025736 0.0010858628683759575 -8.6496009250157904e-06 -0.0008659637265976452 0.0013444123405554553 -0.0009628404319874177 -0.00073074627223845585 0.00097647336829416215 -0.00075273114550341213 -0.000819706459668903 0.00033834834970787207 0.0045690178039731128 -0.00041347004935685382 -0.00036656803944621626 -0.0027689268177516282 0.0054859030537006198 0.0032591973776155722 0.00086837953479434809
leaf_weight=2106 611 2076 4045 962 5320 3839 3583 6223 2026 4345 599 18921 1359 933 8586 1962 417 543 8072 1717 7525 1557 10785 221 1363 4850 841 349 998 677
leaf_count=2106 611 2076 4045 962 5320 3839 3583 6223 2026 4345 599 18921 1359 933 8586 1962 417 543 8072 1717 7525 1557 10785 221 1363 4850 841 349 998 677
internal_value=0.000147743 -0.00157085 0.0115857 -0.0003224 -0.0073349 0.0078628 0.0063902 -0.00140704 -0.00293433 -0.00956041 0.0172143 0.00220003 0.00589196 0.01054 -0.00222077 -0.00352251 0.0184124 -0.00272264 -0.00366257 0.00129801 -7.73384e-05 -0.000807313 0.000645851 -0.0028564 -0.00395614 -0.00812935 4.97788e-05 0.00184756 0.0103514 -0.000498778
internal_weight=107411 93384 14027 76763 16621 8450 7422 53682 24982 11301 5577 23081 4160 1532 22906 14320 1028 12358 10332 2260 28700 22477 14952 3818 3597 9195 1803 11134 2357 2040
internal_count=107411 93384 14027 76763 16621 8450 7422 53682 24982 11301 5577 23081 4160 1532 22906 14320 1028 12358 10332 2260 28700 22477 14952 3818 3597 9195 1803 11134 2357 2040
is_linear=0
shrinkage=0.03


Tree=94
num_leaves=31
num_cat=0
split_feature=16 23 16 28 16 12 5 1 26 28 17 1 29 5 1 11 28 8 29 1 28 1 17 1 28 24 28 24 16 11
split_gain=2146.04 805.09 591.871 251.914 211.705 168.823 135.712 131.718 125.932 100.058 70.1308 68.8121 65.4313 60.2753 90.968 61.4896 59.3746 57.8744 62.7625 84.0018 71.3275 86.351 60.1045 57.6228 78.3565 65.4296 51.7246 122.367 67.7471 51.693
threshold=10.505000000000001 5.1150000000000011 3.7250000000000005 952.6500000000002 12.565000000000003 4.5750000000000011 0.029912774103462648 -1.6499999999999997 -0.90255091666790832 951.05000000000007 5.9150000000000009 14.850000000000003 71.500000000000014 0.70392045016201565 0.45000000000000007 4.0550000000000006 968.55000000000007 8.5000000000000018 57.500000000000007 8.8500000000000032 950.05000000000007 22.150000000000002 3.9850000000000008 1.0000000180025095e-35 957.35000000000002 11.950000000000001 960.05000000000007 6.2500000000000009 7.3450000000000006 4.5950000000000006
decision_type=10 2 8 2 10 8 2 2 2 2 2 2 2 2 2 10 2 2 2 2 2 2 2 2 2 2 2 2 8 10
left_child=2 13 3 17 8 7 -5 -4 -3 -10 -7 -6 -13 15 -15 -2 -8 18 20 -20 21 -1 -19 24 -12 -26 -25 29 -29 -28
right_child=1 4 5 6 11 10 16 -9 9 -11 23 12 -14 14 -16 -17 -18 22 19 -21 -22 -23 -24 26 25 -27 27 28 -30 -31
leaf_value=-0.00058624601436628953 0.0043155226883704401 0.0011551593248763281 -0.00038736877236638712 -0.00035608582934547203 0.0013158214309484727 -0.00027260043686347016 -0.00038409229773671852 -0.0002253683402791258 0.00069137339465444639 0.0013861367999535989 -0.0017883484239649143 0.001298857449042885 -0.0011419344598100256 0.0017945789165779678 0.00030008760062363523 0.00045050104075738728 0.0012328963691420069 -0.00032204461966846228 -0.00069098968790087399 6.1154164484865377e-06 0.00040590281236575049 -0.0005130978382987206 0.00026914034270861102 0.00058095036236163961 0.00049413144241798872 -0.0039649971101328304 0.0022167269415106993 -0.0015739273572889267 0.0036266144546558549 -0.0018786791926558774
leaf_weight=1036 592 3151 3961 4181 3609 10258 6691 21086 591 1963 1077 1026 201 569 756 7290 235 4240 247 2312 405 1870 3438 20104 3739 202 244 272 1438 734
leaf_count=1036 592 3151 3961 4181 3609 10258 6691 21086 591 1963 1077 1026 201 569 756 7290 235 4240 247 2312 405 1870 3438 20104 3739 202 244 272 1438 734
internal_value=0.000145085 0.00907913 -0.00186545 -0.00580657 0.0147383 -0.00032557 -0.00915497 -0.00223814 0.0108074 0.0157562 0.000932945 0.0193596 0.013125 0.00259553 0.00850376 0.00159757 -0.00657048 -0.0030591 -0.00530043 -0.00176677 -0.00802473 -0.00966678 -0.00134323 0.0017149 -0.00119451 0.000767866 0.00235557 0.00626068 0.0110904 -0.00219736
internal_weight=107518 19748 87770 24655 10541 63115 11107 25047 5705 2554 38068 4836 1227 9207 1325 7882 6926 13548 5870 2559 3311 2906 7678 27810 5018 3941 22792 2688 1710 978
internal_count=107518 19748 87770 24655 10541 63115 11107 25047 5705 2554 38068 4836 1227 9207 1325 7882 6926 13548 5870 2559 3311 2906 7678 27810 5018 3941 22792 2688 1710 978
is_linear=0
shrinkage=0.03


Tree=95
num_leaves=31
num_cat=0
split_feature=21 21 22 28 21 25 10 1 12 26 25 21 10 17 2 1 28 25 12 10 28 10 25 27 28 1 26 12 24 20
split_gain=2134.49 685.708 332.431 251.214 186.646 140.154 137.022 106.105 105.407 127.788 149.295 111.21 96.5107 86.3247 75.4391 103.524 125.759 73.4598 71.1661 68.43 68.1492 67.7839 109.01 65.9906 65.4156 63.8858 61.8291 61.0151 63.0185 59.2892
threshold=10.141250000000003 4.7437500000000004 0.94732539093081747 952.55000000000007 2.2120833333333336 1.2351636520241174 8.5000000000000018 14.850000000000003 6.2550000000000008 -0.8949002852437673 1.4667055620381177 9.0158333333333349 8.5000000000000018 4.2750000000000012 1.0817641557139981 22.050000000000004 951.1500000000002 1.397677671604564 2.3150000000000004 6.5000000000000009 944.25000000000011 9.5000000000000018 1.4606002365464226 0.2334364749717662 956.25000000000011 14.250000000000002 0.83385407025023295 8.0750000000000011 13.750000000000002 1.6974196102428312
decision_type=2 2 2 2 2 2 2 2 8 2 2 2 2 2 2 2 2 2 8 2 2 2 2 2 2 2 2 10 2 2
left_child=1 3 5 12 -5 24 27 -4 -3 14 11 -11 20 -14 -10 16 19 -9 -6 -16 23 22 25 -1 -2 -20 -13 -7 -29 -22
right_child=2 8 7 4 18 6 -8 17 9 10 -12 26 13 -15 15 -17 -18 -19 21 -21 29 -23 -24 -25 -26 -27 -28 28 -30 -31
leaf_value=-0.00056035749956886158 0.0012295812165249497 -0.00013810155719779781 0.0012681544223740781 -0.00034523328258836234 -0.0003634031756779894 -0.0023870748589846728 0.001357956899956333 0.0012616337080209761 0.0021717414865129086 0.001827936017362905 0.00076330486695827256 -1.114292894307145e-05 -0.00048130107829167133 -2.4447759975267309e-05 0.006053888327198568 -0.0012537869426837904 -0.00034543547771660407 0.001118064246449707 0.00016640984782993032 0.00036926909979068497 -0.00017836310716857711 -0.00011091477074775722 -0.00049947096541063003 2.8977597921886547e-05 0.0012712436852051012 -0.00051856878280997511 0.0016386075696790969 0.0014171669991052715 -0.00094500645527132994 0.0004998292410633877
leaf_weight=3528 679 28488 4072 3366 5956 776 3584 545 1293 3154 9044 208 2344 1237 1111 4390 5348 971 1616 660 6370 3647 2921 2118 427 1354 1287 2164 866 4017
leaf_count=3528 679 28488 4072 3366 5956 776 3584 545 1293 3154 9044 208 2344 1237 1111 4390 5348 971 1616 660 6370 3647 2921 2118 427 1354 1287 2164 866 4017
internal_value=0.000200007 -0.00144091 0.0110852 -0.00451259 -0.00698436 0.00734031 0.00584178 0.0167674 0.0007087 0.00207057 0.00408454 0.0084508 -0.00213467 -0.00658394 -8.43289e-05 -0.000857217 0.00137704 0.00994083 -0.00559004 0.00829392 -0.00113917 -0.00397988 -0.00596845 -0.00379048 0.0172817 -0.00191597 0.01518 0.00187352 0.00379572 0.000303118
internal_weight=107541 93457 14084 38474 18860 8496 7390 5588 54983 26495 13693 4649 19614 3581 12802 11509 7119 1516 15494 1771 16033 9538 5891 5646 1106 2970 1495 3806 3030 10387
internal_count=107541 93457 14084 38474 18860 8496 7390 5588 54983 26495 13693 4649 19614 3581 12802 11509 7119 1516 15494 1771 16033 9538 5891 5646 1106 2970 1495 3806 3030 10387
is_linear=0
shrinkage=0.03


Tree=96
num_leaves=31
num_cat=0
split_feature=16 23 16 28 16 12 26 1 12 28 8 18 9 9 28 28 1 28 20 25 29 8 29 29 9 28 12 29 28 26
split_gain=2148.52 805.22 580.034 236.067 223.593 181.814 177.042 144.493 118.773 91.2066 67.4209 64.0783 59.2891 91.2487 68.7217 67.6827 66.5765 92.3527 65.7189 58.6053 61.9184 56.8403 60.7505 55.3877 52.8568 95.0854 72.0763 54.9416 50.3413 49.8138
threshold=10.505000000000001 5.1150000000000011 3.7250000000000005 952.6500000000002 12.975000000000003 4.9150000000000009 0.76037701167087512 -0.44999999999999996 1.8650000000000004 950.6500000000002 18.500000000000004 13.085000000000003 5.5000000000000009 4.5000000000000009 966.25000000000011 941.95000000000016 6.0500000000000007 960.35000000000002 2.226368492754927 2.7318330399798847 32.500000000000007 7.5000000000000009 82.500000000000014 18.500000000000004 3.5000000000000004 960.05000000000007 2.9250000000000003 70.500000000000014 966.05000000000007 -0.90255091666790832
decision_type=10 2 8 2 10 8 2 2 10 2 2 10 2 2 2 2 2 2 2 2 2 2 2 2 2 2 10 2 2 2
left_child=2 11 3 10 6 7 -3 24 -5 -8 -1 28 13 29 23 -14 17 18 -17 20 -10 -9 -23 -15 -4 27 -27 -26 -2 -7
right_child=1 4 5 8 -6 12 9 21 19 -11 -12 -13 15 14 -16 16 -18 -19 -20 -21 -22 22 -24 -25 25 26 -28 -29 -30 -31
leaf_value=-0.00039956788210423707 0.00068759158400993209 0.0011686566396305075 -0.00045243390626261451 -0.00033569845724559907 0.0012413824634555058 -8.9649483450696124e-06 0.00089918489941925633 -0.00044025958636117465 -0.00043612817093877803 0.0012657943757095125 0.00038631612729039626 0.0019521987826258578 -0.0029443739625578725 -0.0033835026207132365 0.0065262529388172954 -0.0027445368240960472 0.0020914432155712285 0.0029345002762369665 0.0017364788807403412 -0.00037526908809251648 -0.00033563491367710762 -4.7566905862417153e-05 0.0033141977700894979 -0.0010158081924507378 -0.002065414986806683 -0.00031839073095352161 0.0017782207960943875 -0.00039573432707273127 0.0026449667770867781 0.00089037484965785892
leaf_weight=11572 8514 3861 3276 4162 3938 12356 503 7877 645 2181 1907 371 236 265 207 650 3342 539 444 361 5962 14551 465 4145 375 476 773 663 255 12553
leaf_count=11572 8514 3861 3276 4162 3938 12356 503 7877 645 2181 1907 371 236 265 207 650 3342 539 444 361 5962 14551 465 4145 375 476 773 663 255 12553
internal_value=0.000168389 0.00914153 -0.00183744 -0.00574429 0.0148141 -0.000315675 0.0114 -0.00209339 -0.0089771 0.017315 -0.00307253 0.00263095 0.00114069 0.000619688 -0.00325184 0.00408934 0.00483735 -0.000128205 -0.00513194 -0.00657393 -0.00592105 -0.00103896 4.39385e-05 -0.00404983 -0.0064278 -0.00291885 0.0026555 -0.0096069 0.00210964 0.0013378
internal_weight=107425 19623 87802 24609 10483 63193 6545 28456 11130 2684 13479 9140 34737 29526 4617 5211 4975 1633 1094 6968 6607 22893 15016 4410 5563 2287 1249 1038 8769 24909
internal_count=107425 19623 87802 24609 10483 63193 6545 28456 11130 2684 13479 9140 34737 29526 4617 5211 4975 1633 1094 6968 6607 22893 15016 4410 5563 2287 1249 1038 8769 24909
is_linear=0
shrinkage=0.03


Tree=97
num_leaves=31
num_cat=0
split_feature=21 16 21 28 12 28 25 21 5 14 26 25 25 26 28 29 29 10 9 25 10 29 28 28 29 16 28 11 29 12
split_gain=2188.86 657.759 338.085 263.298 161.431 143.96 153.811 126.571 120.096 109.2 105.975 233.084 89.1035 88.4874 87.7022 83.9913 83.7686 78.0375 83.4403 77.0486 100.586 89.7369 75.8487 71.8011 96.308 69.0363 68.179 66.0632 65.095 82.7941
threshold=10.141250000000003 4.5750000000000011 12.669166666666671 953.45000000000016 6.285000000000001 950.05000000000007 1.4047921198936431 2.2120833333333336 0.029912774103462648 1.8023271988187102 0.79332313182700753 2.0156210601660933 1.7148875173151448 -0.85260769842926887 945.25000000000011 83.500000000000014 29.500000000000004 2.5000000000000004 5.5000000000000009 1.3334682860998652 2.5000000000000004 48.500000000000007 964.55000000000007 945.1500000000002 34.500000000000007 12.315000000000003 958.85000000000002 8.1250000000000018 48.500000000000007 3.4250000000000003
decision_type=2 8 2 2 8 2 2 2 2 2 2 2 2 2 2 2 2 2 2 2 2 2 2 2 2 8 2 10 2 10
left_child=1 3 5 -1 7 -2 13 -3 -5 25 12 15 14 -7 -6 26 -10 -18 -19 28 21 -21 -8 24 -14 -4 -12 -13 -9 -30
right_child=2 4 9 8 10 6 22 19 16 -11 11 27 23 -15 -16 -17 17 18 -20 20 -22 -23 -24 -25 -26 -27 -28 -29 29 -31
leaf_value=-0.00031366278164937541 0.00044850603392596945 -0.00030764354455121382 0.001175022775815887 -0.00032497530227008898 0.0017578234353168153 0.0012566749671765885 0.0011560969303295054 -0.00015313140548824366 -0.0005218533253980417 0.0011487516895643734 0.0015403793793140408 0.0003464498669355054 0.0056462384064851307 0.0011911544806213737 -0.001079529771515384 -0.002622079468813647 -0.00035022113025554719 -0.00036426785683294594 0.00096511221383342055 -0.0029093500304313564 -0.0001727091093814629 -0.00052488956308688328 0.0013998741047059292 0.0022492383579014018 -0.0031891719788563252 0.0012023909949090306 0.0030002914009482837 -0.0027789972235751376 2.1145092132145715e-05 0.0019226372322632503
leaf_weight=18471 2189 371 596 4643 1567 1031 4744 6686 525 542 3903 3955 352 1131 6906 267 1905 5446 757 297 20580 4740 887 4665 612 2959 1603 600 2458 2402
leaf_count=18471 2189 371 596 4643 1567 1031 4744 6686 525 542 3903 3955 352 1131 6906 267 1905 5446 757 297 20580 4740 887 4665 612 2959 1603 600 2458 2402
internal_value=0.000140823 -0.00151639 0.011168 -0.0050274 0.000282722 0.00818264 0.010091 -0.000952609 -0.00824938 0.0184227 0.00218048 0.00448853 0.000489119 0.0168897 -0.00145435 0.0084891 -0.00615073 -0.00539135 -0.00375483 -0.000777282 -0.00169425 -0.00549187 0.00746806 0.00341321 -0.00402477 0.0203343 0.00928688 -0.000585526 0.00125703 0.00389723
internal_weight=107790 93711 14079 31747 61964 9982 7793 37534 13276 4097 24430 10328 14102 2162 8473 5773 8633 8108 6203 37163 25617 5037 5631 5629 964 3555 5506 4555 11546 4860
internal_count=107790 93711 14079 31747 61964 9982 7793 37534 13276 4097 24430 10328 14102 2162 8473 5773 8633 8108 6203 37163 25617 5037 5631 5629 964 3555 5506 4555 11546 4860
is_linear=0
shrinkage=0.03


Tree=98
num_leaves=31
num_cat=0
split_feature=21 21 22 21 1 25 10 13 16 15 28 8 16 29 25 26 21 10 28 28 16 9 16 1 8 10 29 10 11 10
split_gain=2213.02 624.77 356.593 228.725 164.388 159.502 123.769 111.158 108.029 101.426 104.816 107.348 96.3602 89.9102 78.6718 211.259 84.4351 75.5533 107.44 93.9277 73.6621 71.1052 81.4691 67.3677 63.8763 82.0254 85.9379 77.8685 63.634 60.8465
threshold=10.141250000000003 3.0283333333333347 0.94732539093081747 6.3020833333333339 19.350000000000005 1.2294446421158751 8.5000000000000018 1.7816666666666665 12.125000000000002 0.50000000000000044 952.55000000000007 14.500000000000002 3.6750000000000003 22.500000000000004 1.2518252065014657 -0.24192189559966767 8.9620833333333358 7.5000000000000009 953.75000000000011 948.75000000000011 4.1550000000000011 2.5000000000000004 8.4550000000000018 14.850000000000003 12.500000000000002 1.5000000000000002 59.500000000000007 5.5000000000000009 9.2150000000000016 4.5000000000000009
decision_type=2 2 2 2 2 2 2 2 8 10 2 2 10 2 2 2 2 2 2 2 8 2 8 2 2 2 2 2 8 2
left_child=1 4 5 9 7 -2 -7 12 -4 10 -3 20 -1 -13 15 17 29 18 -5 -19 -12 -15 -23 28 25 26 -16 -27 -10 -17
right_child=2 3 8 14 -6 6 -8 -9 23 -11 11 13 -14 21 24 16 -18 19 -20 -21 -22 22 -24 -25 -26 27 -28 -29 -30 -31
leaf_value=-0.0003167019544618544 0.0011565834182274482 -0.00020214285047984114 0.0011436350997502808 0.0020415525662716063 -0.00026553736015088442 0.00071799884570002527 0.0012612220004928798 -0.00031701042241543721 0.0011566591537154924 0.00010512709051981233 -0.00051478077163552875 -0.0013518864809734037 -0.000212318538285503 -0.00061324251808197268 -0.0048382494242228289 0.00024737521239072521 0.00129605458550465 -0.0044814258636263838 -0.0032419611091761579 0.00082727589199253716 -0.00056831399708141448 0.00010613511032998817 0.0022177980772032017 0.0011504714930294091 0.00082357311979723287 0.001671043835939006 -0.0008147279990402622 -0.00068152716973905595 0.0011633590452405772 0.0038654848303979394
leaf_weight=4123 1051 15661 1068 2028 6034 3849 3602 4895 334 11405 2745 206 797 2399 287 1229 1006 703 661 560 6242 2471 324 1022 12166 5466 1548 8861 3207 1790
leaf_count=4123 1051 15661 1068 2028 6034 3849 3602 4895 334 11405 2745 206 797 2399 287 1229 1006 703 661 560 6242 2471 324 1022 12166 5466 1548 8861 3207 1790
internal_value=0.00022776 -0.00144308 0.0112908 -0.000336407 -0.00687082 0.00740567 0.00585435 -0.00926578 0.0171451 -0.00185899 -0.0027731 -0.00462132 -0.0124508 -0.0012766 0.00140209 0.00403282 0.008866 -0.000894617 0.00194878 -0.00693218 -0.00662923 -0.000496249 0.00275357 0.0191572 0.000660714 -0.000575246 -0.00653804 0.000190483 0.0211252 0.00633929
internal_weight=107740 93607 14133 77758 15849 8502 7451 9815 5631 41453 30048 14387 4920 5400 36305 7977 4025 3952 2689 1263 8987 5194 2795 4563 28328 16162 1835 14327 3541 3019
internal_count=107740 93607 14133 77758 15849 8502 7451 9815 5631 41453 30048 14387 4920 5400 36305 7977 4025 3952 2689 1263 8987 5194 2795 4563 28328 16162 1835 14327 3541 3019
is_linear=0
shrinkage=0.03


Tree=99
num_leaves=31
num_cat=0
split_feature=21 21 21 28 21 28 21 14 1 10 8 25 10 1 28 15 25 28 10 12 8 28 25 8 9 10 2 1 23 18
split_gain=2092.9 594.968 368.592 193.478 175.632 126.086 116.787 111.993 97.2602 92.8102 89.3589 81.2808 72.6726 70.3699 66.8277 64.2665 62.3456 87.986 61.955 61.1258 67.9138 84.4174 61.0123 59.7916 66.8378 76.8119 66.063 59.1392 58.3062 56.9438
threshold=10.141250000000003 3.3576388888888893 12.669166666666671 952.6500000000002 8.1219444444444466 959.25000000000011 2.2120833333333336 1.8023271988187102 0.45000000000000007 1.5000000000000002 12.500000000000002 1.2294446421158751 8.5000000000000018 5.0500000000000007 963.95000000000016 0.49000000000000071 1.2189812564144116 951.05000000000007 8.5000000000000018 8.2550000000000008 15.500000000000002 949.95000000000016 2.6303394291112765 7.5000000000000009 1.0000000180025095e-35 10.500000000000002 1.1244750642209704 14.850000000000003 1.905 5.9850000000000012
decision_type=2 2 2 2 2 2 2 2 2 2 2 2 2 2 2 10 2 2 2 10 2 2 2 2 2 2 2 2 2 10
left_child=1 3 5 18 9 11 -5 -4 14 10 -3 -2 19 -14 -7 23 17 -6 -1 -13 -21 -22 -8 24 25 -11 -26 -9 -12 -30
right_child=2 4 7 6 16 8 22 27 -10 15 28 12 13 -15 -16 -17 -18 -19 -20 20 21 -23 -24 -25 26 -27 -28 -29 29 -31
leaf_value=-0.00018849643009662131 0.0011045382759419908 -0.00052857705149384415 0.0011279062003251017 -0.00030562709610164232 0.00027367267842338337 3.1159902037302679e-05 -0.00031179515607802753 0.001101147923729922 0.0011539689540390574 0.0010338066365895571 -0.00047642931229936291 -0.0022713757416868538 0.00055387612919244268 0.0012356030916435023 0.0013665784101291989 0.00024005032286776473 0.00075588723660284345 0.0012202071379366619 -0.00039503582786130253 0.0012389773843687723 -0.003014011099456212 0.0011100491430389924 -0.00035722625845516529 -7.7478510745483944e-05 -0.00099378104407889549 -0.0018170799032940995 -0.00042461061814063581 -0.0023594439804142863 0.0010110563612271619 -0.001553196128512721
leaf_weight=7935 882 2603 3547 3399 1222 618 6493 302 1375 1618 569 721 1046 1601 906 14871 13766 1438 1897 1466 678 695 547 24255 3290 325 8008 258 1025 465
leaf_count=7935 882 2603 3547 3399 1222 618 6493 302 1375 1618 569 721 1046 1601 906 14871 13766 1438 1897 1466 678 695 547 24255 3290 325 8008 258 1025 465
internal_value=0.000141061 -0.00147998 0.010917 -0.0060293 -0.000224204 0.00779946 -0.00887304 0.0184801 0.0130682 -0.0010115 -0.00506535 0.00563716 0.00441887 0.00817873 0.00780903 -0.000650157 0.00250867 0.00670919 -0.00300701 0.00161571 0.00359705 -0.00119739 -0.00666004 -0.00131197 -0.00293296 0.00220226 -0.00381669 0.0059469 -0.000392442 0.0027291
internal_weight=107821 93726 14095 20271 73455 9988 10439 4107 2899 57029 4662 7089 6207 2647 1524 52367 16426 2660 9832 3560 2839 1373 7040 37496 13241 1943 11298 560 2059 1490
internal_count=107821 93726 14095 20271 73455 9988 10439 4107 2899 57029 4662 7089 6207 2647 1524 52367 16426 2660 9832 3560 2839 1373 7040 37496 13241 1943 11298 560 2059 1490
is_linear=0
shrinkage=0.03


Tree=100
num_leaves=31
num_cat=0
split_feature=21 16 22 5 1 24 25 10 16 10 26 25 16 8 12 29 19 23 25 1 10 26 1 15 12 29 10 10 1 16
split_gain=2140.3 612.196 399.432 201.021 179.032 167.433 141.526 126.248 125.904 109.563 93.6862 229.524 152.276 82.726 95.0785 80.7891 81.7153 76.8654 76.319 110.629 71.1446 82.625 70.5027 69.4464 66.3631 64.2603 56.3552 120.088 117.287 74.2204
threshold=10.141250000000003 3.7250000000000005 0.94732539093081747 0.029912774103462648 19.350000000000005 4.9500000000000011 1.2294446421158751 2.5000000000000004 12.125000000000002 8.5000000000000018 0.82409480842201688 2.0222576079263983 9.0850000000000026 13.500000000000002 4.5750000000000011 58.500000000000007 2.4487500000000009 5.5050000000000008 1.7379137643198437 22.950000000000003 2.5000000000000004 -0.45399049973954675 11.450000000000001 0.50000000000000044 9.2750000000000004 33.500000000000007 7.5000000000000009 8.5000000000000018 30.350000000000005 5.7250000000000005
decision_type=2 8 2 2 2 2 2 2 8 2 2 2 8 2 8 2 2 2 2 2 2 2 2 10 10 2 2 2 2 10
left_child=1 3 6 4 -1 7 -2 13 -4 -8 18 12 -12 15 -15 -3 -17 -14 26 -20 -5 -22 -13 -9 -10 -21 28 29 -7 -28
right_child=2 5 8 20 -6 10 9 23 24 -11 11 22 17 14 -16 16 -18 -19 19 25 21 -23 -24 -25 -26 -27 27 -29 -30 -31
leaf_value=-0.00029853866325427024 0.0010847414028890689 -0.0017760150954621806 0.0010803941467739764 -0.00031785085524613287 -0.0002211629090724065 -0.00030967562045224577 0.00067857604788798206 -0.00031779552817265438 0.0011401735648365573 0.0011865273571462908 0.00049615244801393989 -9.6280261562202147e-05 0.0027286799977514864 -0.00034884598262069507 0.0017395007739017144 -0.00027823442306201899 -0.00041071995780049602 0.0015742091565968419 0.0016244873544605353 0.00079281651113214063 -0.00038534297362680326 -8.9219269926776176e-05 -0.0023369857904419994 0.00044219371552838823 0.0010924797014628617 -0.0022591843097215423 0.00011006777602050117 -0.00016940905959191387 0.0016409438093779138 -0.0033797281219630194
leaf_weight=5021 1001 288 1075 1618 2312 7904 3905 17586 359 3645 5984 3420 3522 1210 585 302 2682 1916 6116 1024 9059 6745 1322 5434 4155 1233 484 4172 2261 1494
leaf_count=5021 1001 288 1075 1618 2312 7904 3905 17586 359 3645 5984 3420 3522 1210 585 302 2682 1916 6116 1024 9059 6745 1322 5434 4155 1233 484 4172 2261 1494
internal_value=0.000193622 -0.00144847 0.011071 -0.00549475 -0.00966067 4.78649e-06 0.00698808 -0.00177809 0.017306 0.00557512 0.00123063 0.00300575 0.00530848 -0.0060627 -0.000883333 -0.00889838 -0.00740716 0.00893992 6.80355e-05 0.00239556 -0.00373903 -0.00312354 -0.00254055 -0.000833876 0.0195043 -0.00327586 -0.00112684 -0.00339236 0.000244838 -0.0094705
internal_weight=107834 93694 14140 24755 7333 68939 8551 28087 5589 7550 40852 16164 11422 5067 1795 3272 2984 5438 24688 8373 17422 15804 4742 23020 4514 2257 16315 6150 10165 1978
internal_count=107834 93694 14140 24755 7333 68939 8551 28087 5589 7550 40852 16164 11422 5067 1795 3272 2984 5438 24688 8373 17422 15804 4742 23020 4514 2257 16315 6150 10165 1978
is_linear=0
shrinkage=0.03


Tree=101
num_leaves=31
num_cat=0
split_feature=21 21 22 12 25 2 2 23 10 2 29 25 17 26 25 21 9 27 8 10 28 28 29 12 26 13 29 2 8 29
split_gain=2022.23 587.075 357.662 198.354 149.044 132.883 128.421 128.13 109.525 101.397 95.2092 93.3906 85.131 74.6986 209.454 98.7909 78.6904 64.014 71.8968 108.442 64.041 62.0338 59.1733 60.6439 60.0923 58.7863 58.13 88.1275 55.6805 85.4801
threshold=10.141250000000003 3.0283333333333347 0.94732539093081747 5.0050000000000008 1.2294446421158751 1.1199009281031695 1.1471207439492868 0.77000000000000013 8.5000000000000018 1.2070543490138486 89.500000000000014 1.397677671604564 6.6950000000000012 -0.8949002852437673 1.3782751716247141 9.0158333333333349 1.5000000000000002 0.15643446504023081 12.500000000000002 2.5000000000000004 948.25000000000011 956.25000000000011 21.500000000000004 8.0750000000000011 0.91702515554752073 1.8166666666666671 60.500000000000007 1.1439431239691966 11.500000000000002 33.500000000000007
decision_type=2 2 2 8 2 2 2 2 2 2 2 2 2 2 2 2 2 2 2 2 2 2 2 10 2 2 2 2 2 2
left_child=1 5 4 9 21 -1 11 -7 22 28 -11 -4 -5 -14 15 16 -15 20 19 -19 -16 -2 -6 -24 -25 26 -9 -28 -3 -30
right_child=2 3 6 12 8 7 -8 25 -10 10 -12 -13 13 14 17 -17 -18 18 -20 -21 -22 -23 23 24 -26 -27 27 -29 29 -31
leaf_value=-0.00022444919434691171 0.001036523084059428 -0.00042189203154860909 0.0010516358606051767 -0.00018848624811454426 -0.0039984336004808127 -0.00028891822791241164 0.0010612946232714626 -0.00033706091196312614 0.0011548987369149688 -0.00037954894221651185 0.0019599705332549707 0.00073131216602294715 2.4402680749693454e-05 0.0048449550474120471 -0.0016244341472165175 0.0012923262743054309 0.0011510153317140913 -0.0026261794196743874 0.001091152437858654 -0.00019218675522352123 0.001974939401241198 0.0010603645315768672 -0.0018920782123780088 0.00056262700443125647 0.0013319957778189884 -0.0002844307452218744 0.0011234277104805262 -0.00028751137735957225 -0.00049486750828672322 0.00042226257593344223
leaf_weight=4895 636 14414 553 14314 205 2273 4052 1212 3597 6884 444 932 10672 885 832 1290 2361 969 2035 2351 6571 420 766 1999 872 5075 387 2040 5122 8403
leaf_count=4895 636 14414 553 14314 205 2273 4052 1212 3597 6884 444 932 10672 885 832 1290 2361 969 2035 2351 6571 420 766 1999 872 5075 387 2040 5122 8403
internal_value=0.000205739 -0.00138932 0.0108228 -0.000312951 0.00694941 -0.00664317 0.0167539 -0.00847434 0.00544465 -0.00197409 -0.00511387 0.00916107 0.00107272 0.00203568 0.00325337 0.00878661 0.0059797 0.0012834 -0.00121455 -0.00393383 0.0030899 0.0174741 0.00191838 0.0028089 0.00480876 -0.00681271 -0.00972283 -0.00701891 -0.0011498 0.000232816
internal_weight=107461 93429 14032 77547 8495 15882 5537 10987 7439 35267 7328 1485 42280 27966 17294 4536 3246 12758 5355 3320 7403 1056 3842 3637 2871 8714 3639 2427 27939 13525
internal_count=107461 93429 14032 77547 8495 15882 5537 10987 7439 35267 7328 1485 42280 27966 17294 4536 3246 12758 5355 3320 7403 1056 3842 3637 2871 8714 3639 2427 27939 13525
is_linear=0
shrinkage=0.03


Tree=102
num_leaves=31
num_cat=0
split_feature=21 16 22 5 21 1 25 16 10 21 25 26 29 10 10 1 1 15 24 10 26 27 29 1 25 10 26 29 9 18
split_gain=1979.6 575.695 383.39 195.226 154.639 144.688 136.516 126.286 99.0711 95.8486 92.1721 179.154 78.3467 74.4635 71.9317 78.897 70.4415 70.1885 69.8676 67.0217 85.0481 64.4878 60.1676 56.9231 56.6765 75.3019 67.6884 54.7525 53.9911 68.2767
threshold=10.141250000000003 3.6750000000000003 0.94732539093081747 0.029912774103462648 6.7095833333333337 16.650000000000002 1.2294446421158751 11.625000000000002 8.5000000000000018 1.9045833333333337 1.2518252065014657 -0.19936034309715209 36.500000000000007 4.5000000000000009 7.5000000000000009 7.2500000000000009 14.850000000000003 0.49000000000000071 2.0500000000000003 2.5000000000000004 -0.47714059151611382 0.15643446504023081 70.500000000000014 28.450000000000003 2.0634046585864638 1.5000000000000002 0.87032255546191739 76.500000000000014 1.0000000180025095e-35 10.315000000000003
decision_type=2 8 2 2 2 2 2 8 2 2 2 2 2 2 2 2 2 10 2 2 2 2 2 2 2 2 2 2 2 10
left_child=1 3 6 5 9 -1 -2 -4 28 -3 11 14 13 21 15 -6 -9 24 -7 -5 23 -13 -18 -21 -11 27 -27 -26 -8 -30
right_child=2 4 7 19 10 18 8 16 -10 17 -12 12 -14 -15 -16 -17 22 -19 -20 20 -22 -23 -24 -25 25 26 -28 -29 29 -31
leaf_value=-0.00027985723703886694 0.0010113583145009253 -0.0002609674566670885 0.00099692083190429425 -0.00030010270246976688 -0.0063759391067192113 0.00062547191447344928 -0.0018075030346399233 0.0010251272615990825 0.0010955853207614253 -0.00015806925904559205 0.00025399195048741383 0.0014300067114686298 0.0031116159503739257 0.0016266555569738194 -0.0023587465126570831 0.0015303894862310884 0.0010291777521896906 0.00022361073488434943 -0.0003357224351591406 -0.0003982099425100983 -7.4674575390629752e-05 -0.0046712140057834708 -0.0014992320537413938 2.6729912514494164e-05 -0.00068858584454126745 -4.9263594204148605e-05 -0.00088207428669932471 -5.9836220137858552e-05 0.0013806458190330495 -0.00013652614893773006
leaf_weight=4395 1033 287 704 1553 204 660 500 3743 3599 20118 24537 201 1549 1211 1006 2033 967 9744 2180 7179 6667 480 202 1583 504 3878 3440 219 1421 1971
leaf_count=4395 1033 287 704 1553 204 660 500 3743 3599 20118 24537 201 1549 1211 1006 2033 967 9744 2180 7179 6667 480 202 1583 504 3878 3440 219 1421 1971
internal_value=0.000203205 -0.00137708 0.0106638 -0.00535918 1.25331e-05 -0.00948481 0.00664791 0.0167479 0.00523079 -0.00126771 0.00157849 0.00470025 0.00946315 0.00534528 -0.000360222 0.00263604 0.0184503 -0.00113564 -0.00419684 -0.00359922 -0.00299922 -0.00258017 0.0119336 -0.00494126 -0.00189497 -0.00402312 -0.00310528 -0.013228 0.00190916 0.00326759
internal_weight=107768 93628 14140 24217 69411 7235 8524 5616 7491 38190 31221 6684 3441 1892 3243 2237 4912 37903 2840 16982 15429 681 1169 8762 28159 8041 7318 723 3892 3392
internal_count=107768 93628 14140 24217 69411 7235 8524 5616 7491 38190 31221 6684 3441 1892 3243 2237 4912 37903 2840 16982 15429 681 1169 8762 28159 8041 7318 723 3892 3392
is_linear=0
shrinkage=0.03


Tree=103
num_leaves=31
num_cat=0
split_feature=21 21 22 21 1 25 23 1 28 29 1 10 25 15 28 9 5 24 25 25 26 21 29 1 27 21 17 9 25 17
split_gain=2017.12 561.322 366.615 188.738 147.899 137.079 125.179 111.407 111.145 92.3225 115.228 91.481 81.2843 75.301 74.0731 91.0552 72.6158 59.5387 57.341 56.9314 136.087 70.2836 56.4886 125.583 78.8027 72.5747 68.9193 75.0795 57.3816 53.5191
threshold=10.141250000000003 3.0283333333333347 0.94732539093081747 7.7229166666666682 18.850000000000005 1.3196242966087115 0.72500000000000009 14.65 956.6500000000002 91.500000000000014 1.0000000180025095e-35 8.5000000000000018 1.397677671604564 1.6900000000000011 961.85000000000002 3.5000000000000004 0.024457239057598661 3.2500000000000004 1.8977484759285177 1.2518252065014657 0.89490028524376763 9.0158333333333349 49.500000000000007 6.0500000000000007 0.19080899537654503 4.9854166666666684 8.1050000000000022 1.0000000180025095e-35 1.412508890469417 7.5050000000000008
decision_type=2 2 2 2 2 2 2 2 2 2 2 2 2 10 2 2 2 2 2 2 2 2 2 2 2 2 2 2 2 2
left_child=1 4 5 9 6 8 -1 -4 -2 10 13 -7 -9 14 17 29 -8 18 -3 20 -5 -22 23 -12 26 -24 27 -25 -27 -16
right_child=2 3 7 19 -6 11 16 12 -10 -11 22 -13 -14 -15 15 -17 -18 -19 -20 -21 21 -23 25 24 -26 28 -28 -29 -30 -31
leaf_value=-0.00027176486843966731 0.0009607880521471557 -0.0002647019629345742 0.00099711265387286024 -0.00013955328108326503 -0.00025057744865970768 0.00039648871292605078 -0.00027323653358330612 0.00098692136280104201 0.0010153949458954791 0.0031415129840147078 -0.001486514363668932 0.0010802609681754788 0.00092140699263721368 0.001448989086759334 -0.00017520170776494105 0.00044742129218786698 -0.00026806903586554899 -0.00048132678143433913 -0.0006679282692050294 0.00053386716676895654 0.0023855269667169762 0.0010979047411117881 -0.00024244263367225453 0.00060650248046760491 0.0001611239116041034 0.0021821893706178686 0.00031621094013863647 -0.00073875870965308614 0.00020886412452422037 -0.0011085636603891968
leaf_weight=1944 1171 840 4111 2032 6292 3327 2552 573 628 512 826 3298 991 423 1162 1572 5048 3438 870 16405 1274 884 10648 1546 9041 2546 2997 10300 9347 1143
leaf_count=1944 1171 840 4111 2032 6292 3327 2552 573 628 512 826 3298 991 423 1162 1572 5048 3438 870 16405 1274 884 10648 1546 9041 2546 2997 10300 9347 1143
internal_value=0.000184044 -0.00140891 0.0107608 -0.000360874 -0.0065564 0.00678372 -0.00890983 0.0166532 0.0141186 -0.00124738 -0.00136234 0.00478281 0.00978967 -0.00438591 -0.00496678 -0.00183153 -0.00716371 -0.00732389 -0.011895 0.00210146 0.0052205 0.0104577 -0.000757364 -0.00174793 -0.00134874 0.000328661 -0.00269329 -0.0037212 0.00193898 -0.00562338
internal_weight=107741 93642 14099 77806 15836 8424 9544 5675 1799 57211 56699 6625 1564 9448 9025 3877 7600 5148 1710 20595 4190 2158 47251 24710 23884 22541 14843 11846 11893 2305
internal_count=107741 93642 14099 77806 15836 8424 9544 5675 1799 57211 56699 6625 1564 9448 9025 3877 7600 5148 1710 20595 4190 2158 47251 24710 23884 22541 14843 11846 11893 2305
is_linear=0
shrinkage=0.03


Tree=104
num_leaves=31
num_cat=0
split_feature=21 12 21 1 16 16 16 25 25 26 21 10 23 1 26 27 8 10 1 10 1 10 29 10 10 20 1 20 14 20
split_gain=1985.59 555.133 328.922 241.673 162.601 160.608 145.511 123.34 110.964 210.125 127.427 99.0287 89.875 89.218 85.9896 84.8282 112.061 91.3126 97.7563 99.5614 87.7661 85.5823 83.1995 77.5918 107.605 75.152 74.2183 71.7646 67.8449 63.5266
threshold=10.141250000000003 2.6750000000000003 12.196250000000003 22.050000000000004 4.5750000000000011 11.815000000000003 3.6750000000000003 1.3196242966087115 1.4257619121287131 0.89490028524376763 9.0158333333333349 8.5000000000000018 0.77000000000000013 14.850000000000003 0.91702515554752073 0.13052122218260662 12.500000000000002 2.5000000000000004 -2.9499999999999997 8.5000000000000018 22.350000000000005 6.5000000000000009 24.500000000000004 9.5000000000000018 7.5000000000000009 2.0739856958644931 31.250000000000004 1.4802744677870294 1.8023271988187102 1.9346145170799935
decision_type=2 8 2 2 8 8 10 2 2 2 2 2 2 2 2 2 2 2 2 2 2 2 2 2 2 2 2 2 2 2
left_child=1 3 7 6 -3 -4 12 14 9 23 22 -9 29 -7 -2 20 17 -17 -19 -20 -10 -22 -11 24 26 -21 -6 -5 -15 -1
right_child=2 4 5 27 8 13 -8 11 15 10 -12 -13 -14 28 -16 16 -18 18 19 25 21 -23 -24 -25 -26 -27 -28 -29 -30 -31
leaf_value=-0.00026475785804288085 0.0010817963912992811 -0.00028373721102037261 0.00086460862289809085 -0.00024850668068447071 -7.5567356229203352e-05 0.00096446006413492544 -0.00033664520163459666 0.00051942829153140964 0.00049515361586737611 -0.00077278148087955964 0.0012918064959566954 0.001040094195884761 -0.00026529322341185835 0.00096018299721232429 0.00095055571668903099 -0.0015894053560165378 0.00024242834666073131 0.0034824598780294025 0.00067403613049299318 -0.00045330394857541451 -0.0015659160859841943 -5.4471453075391475e-05 0.0025165948021555616 0.0015110675819446165 -0.0013646413289551511 -0.0023705538924933254 0.0016393623700559962 0.00036759465485690504 -0.0017855604053030293 -0.00025916931813707285
leaf_weight=1372 959 16800 774 3261 6040 3445 6602 3393 19629 996 1191 3504 6980 959 873 1553 4386 330 1515 1362 1612 3403 3724 2061 2984 1833 1719 3305 217 767
leaf_count=1372 959 16800 774 3261 6040 3445 6602 3393 19629 996 1191 3504 6980 959 873 1553 4386 330 1515 1362 1612 3403 3724 2061 2984 1833 1719 3305 217 767
internal_value=0.000223981 -0.00136113 0.0107056 -0.0054921 -6.66264e-05 0.0165278 -0.00751049 0.00709984 0.000730913 0.00260096 0.00727688 0.005255 -0.00996602 0.0186446 0.014012 -0.000251768 -0.00244446 -0.00491513 -0.00294945 -0.00405938 0.000725384 -0.00281474 0.00505397 0.000440315 -0.000583364 -0.00705937 0.00127898 -0.000657434 0.011431 -0.0153498
internal_weight=107549 93425 14124 22287 71138 5395 15721 8729 54338 18715 5911 6897 9119 4621 1832 35623 10979 6593 5040 4710 24644 5015 4720 12804 10743 3195 7759 6566 1176 2139
internal_count=107549 93425 14124 22287 71138 5395 15721 8729 54338 18715 5911 6897 9119 4621 1832 35623 10979 6593 5040 4710 24644 5015 4720 12804 10743 3195 7759 6566 1176 2139
is_linear=0
shrinkage=0.03


Tree=105
num_leaves=31
num_cat=0
split_feature=21 12 22 1 25 16 16 16 28 28 5 25 26 21 16 12 27 8 1 25 1 10 28 1 12 10 10 28 28 8
split_gain=1946.07 552.525 323.799 253.929 157.63 156.339 141.955 112.393 110.026 85.2604 83.3858 82.2139 219.471 128.411 79.8161 75.6716 75.4986 123.519 90.1402 93.4675 87.1622 76.7332 70.5418 68.6408 64.4585 64.2147 108.059 149.467 73.4536 75.2499
threshold=10.141250000000003 2.6750000000000003 0.96362864345185406 22.050000000000004 1.270767801318222 4.5750000000000011 3.8250000000000006 12.315000000000003 962.6500000000002 956.25000000000011 0.024457239057598661 1.412508890469417 0.89490028524376763 9.0158333333333349 10.555000000000001 8.2550000000000008 0.13052122218260662 12.500000000000002 22.350000000000005 1.7379137643198437 7.2500000000000009 6.5000000000000009 953.45000000000016 14.65 6.285000000000001 9.5000000000000018 7.5000000000000009 954.1500000000002 948.85000000000002 13.500000000000002
decision_type=2 8 2 2 2 8 10 8 2 2 2 2 2 2 10 10 2 2 2 2 2 2 2 2 10 2 2 2 2 2
left_child=1 3 4 6 9 22 10 -4 15 -2 -1 12 25 -14 -10 -6 18 20 19 -13 -18 -20 -3 -9 -21 26 27 -7 29 -28
right_child=2 5 7 -5 8 11 -8 23 14 -11 -12 16 13 -15 -16 -17 17 -19 21 24 -22 -23 -24 -25 -26 -27 28 -29 -30 -31
leaf_value=-0.00025506381495912078 0.00092008313055516155 -0.00017149350684961956 0.00090666200984396367 -5.7461814248585472e-05 -0.0002907433126118497 0.00093867354875774129 -0.00033855037896766027 0.0009494382626951736 -0.001252926640946495 0.00092589408910190123 -0.0002642177464119409 -0.00036548076667223677 0.0017242644243596391 0.0011584780847988551 0.0011134374089834275 0.00091532212245006126 -0.0014695688246588771 0.00039805649171599077 -0.0014899590971557228 0.00025375012742976212 -0.00010591302339988701 -6.1902641366095017e-05 -0.00030930943032164774 0.00094609798648236706 0.0023542359683669267 0.0013143341305735191 -0.00062865176107632439 -0.00092754786139423852 -0.00017379883204577285 -0.003342929315718775
leaf_weight=4267 1029 10803 702 6582 1549 5390 6235 2476 202 594 5298 4761 4663 1171 1318 5454 4261 4394 1641 8132 2422 3462 6017 747 6910 1974 537 2274 1405 1068
leaf_count=4267 1029 10803 702 6582 1549 5390 6235 2476 202 594 5298 4761 4663 1171 1318 5454 4261 4394 1641 8132 2422 3462 6017 747 6910 1974 537 2274 1405 1068
internal_value=0.000185441 -0.00137747 0.0105861 -0.0054889 0.00774899 -8.62674e-05 -0.00755078 0.0179008 0.00611046 0.0163084 -0.00984639 0.000694511 0.00232055 0.00713136 0.0134164 0.00451627 -0.00014088 -0.00220087 0.000775561 0.00169174 -0.00476824 -0.002778 -0.00261397 0.0202695 0.00285107 9.95811e-05 -0.000820302 0.00107185 -0.00563184 -0.0100062
internal_weight=107738 93667 14071 22382 10146 71285 15800 3925 8523 1623 9565 54465 18482 5834 1520 7003 35983 11077 24906 19803 6683 5103 16820 3223 15042 12648 10674 7664 3010 1605
internal_count=107738 93667 14071 22382 10146 71285 15800 3925 8523 1623 9565 54465 18482 5834 1520 7003 35983 11077 24906 19803 6683 5103 16820 3223 15042 12648 10674 7664 3010 1605
is_linear=0
shrinkage=0.03


Tree=106
num_leaves=31
num_cat=0
split_feature=19 16 22 28 1 12 1 12 26 23 12 28 28 28 1 16 29 20 26 28 11 24 16 27 28 28 24 1 9 28
split_gain=1817.76 481.461 392.183 218.466 161.434 120.896 124.144 105.758 173.278 114.954 101.177 73.5121 71.6026 70.5928 70.001 69.9282 66.9462 62.5718 68.8621 86.2502 56.5641 87.2579 63.1126 56.4756 60.6724 51.4729 93.7976 154.018 79.7091 52.0625
threshold=9.9312500000000039 3.7250000000000005 0.93982204305516548 952.6500000000002 14.65 4.5750000000000011 -1.6499999999999997 8.0750000000000011 -0.90992662233962551 5.285000000000001 1.8650000000000004 950.55000000000007 975.25000000000011 954.45000000000016 -2.7499999999999996 14.905000000000003 72.500000000000014 2.1728514270746473 0.94828754594723541 953.45000000000016 3.7650000000000001 2.9500000000000006 7.205000000000001 -0.73724926354828224 967.95000000000016 959.45000000000016 5.3500000000000005 -0.44999999999999996 3.5000000000000004 962.55000000000007
decision_type=2 8 2 2 2 8 2 10 2 2 10 2 2 2 2 8 2 2 2 2 10 2 8 2 2 2 2 2 2 2
left_child=1 3 7 -1 15 6 -3 11 -9 -10 -5 -2 20 -11 -13 17 -6 -4 19 -19 -7 -22 -23 -12 -25 -24 -27 -28 -29 -30
right_child=2 5 4 10 16 12 -8 8 9 13 23 14 -14 -15 -16 -17 -18 18 -20 -21 21 22 25 24 -26 26 27 28 29 -31
leaf_value=-0.00026856611640819713 -0.0037374732280880674 -0.00028079909349817213 0.00089654280206893867 -0.00024678915159566481 0.00090051551524507605 0.0011722237690435647 -0.00014761690607348471 0.00059124125647634141 0.0012646598841285039 0.00093322966014111825 0.00033559185101049736 -0.0029271142818320249 0.0053433305005869446 0.00096882281642414524 0.0011366359722954761 0.0011073480259919232 -0.0066123010684908754 0.001059041877658834 0.00089222229156588778 -3.4882779923137706e-05 -0.0012665218068093054 -0.00032929513975460124 0.00018507088303398116 -0.00026935077587612741 0.0015551348350216917 -0.00063345134854634277 0.00019993291449903986 0.0039153530133757327 -0.0013459992230145906 0.0023199259891415955
leaf_weight=13577 480 4021 1918 4196 1418 3626 21681 3904 1771 794 457 471 230 1102 1400 943 243 231 682 585 693 10991 19610 6308 213 1872 2104 1327 438 420
leaf_count=13577 480 4021 1918 4196 1418 3626 21681 3904 1771 794 457 471 230 1102 1400 943 243 231 682 585 693 10991 19610 6308 213 1872 2104 1327 438 420
internal_value=0.000147617 -0.00147697 0.00949646 -0.00505211 0.0155353 -0.000156227 -0.0017715 0.00582653 0.00755148 0.0122304 -0.00815815 0.000267402 0.000848824 0.0173593 0.00295842 0.0185678 0.00754502 0.0165215 0.0118563 0.00591961 0.000754272 0.000407635 0.000607066 -0.00593728 -0.00665185 0.00141876 0.0038096 0.00625291 0.0118219 0.00465817
internal_weight=107706 91764 15942 24751 6020 67013 25702 9922 7571 3667 11174 2351 41311 1896 1871 4359 1661 3416 1498 816 41081 37455 36762 6978 6521 25771 6161 4289 2185 858
internal_count=107706 91764 15942 24751 6020 67013 25702 9922 7571 3667 11174 2351 41311 1896 1871 4359 1661 3416 1498 816 41081 37455 36762 6978 6521 25771 6161 4289 2185 858
is_linear=0
shrinkage=0.03


Tree=107
num_leaves=31
num_cat=0
split_feature=21 21 22 12 2 25 10 13 10 8 23 26 25 10 29 2 25 28 28 9 26 28 23 27 21 25 25 2 11 29
split_gain=1824.43 504.623 331.844 193.149 124.702 122.987 124.611 110.026 101.437 137.859 150.843 91.0423 189.609 93.7101 90.1439 86.3266 80.6918 79.4186 77.8244 142.872 88.3319 91.8479 90.8206 69.5539 69.2161 68.8203 66.7856 104.853 66.1754 71.388
threshold=10.141250000000003 3.0283333333333347 0.96211049173914842 6.2550000000000008 1.1306323544599419 1.2351636520241174 8.5000000000000018 1.8166666666666671 2.5000000000000004 13.500000000000002 2.7650000000000001 0.79332313182700753 1.8977484759285177 4.5000000000000009 60.500000000000007 1.1471207439492868 1.397677671604564 956.25000000000011 950.05000000000007 1.0000000180025095e-35 0.94828754594723541 953.45000000000016 4.3450000000000006 -0.043617726472722392 9.0158333333333349 1.4472446569960116 1.7222632529131794 1.1252410554535472 3.9450000000000007 40.500000000000007
decision_type=2 2 2 8 2 2 2 2 2 2 2 2 2 2 2 2 2 2 2 2 2 2 2 2 2 2 2 2 10 2
left_child=1 4 5 8 -1 17 18 -6 9 14 -11 26 24 -14 -3 16 -4 -2 -7 -20 21 -21 -22 -15 -13 -26 -5 -28 -10 -30
right_child=2 3 15 11 7 6 -8 -9 28 10 -12 12 13 23 -16 -17 -18 -19 19 20 22 -23 -24 -25 25 -27 27 -29 29 -31
leaf_value=-0.00022639402784627345 0.00085455808091711486 -0.00137561035140649 0.00087772108469350908 -0.00044747514195757283 -0.00023938547704779493 -0.00097148299926334944 0.00093308105300650695 -0.00024087114458717424 7.4292944254411748e-05 -0.0003450395083617385 0.0012498333850754707 0.002210797940327947 0.0030650201615764479 -0.0034694963944742196 -0.00033782337988129727 0.00088435983314313286 0.00089664089137238994 0.00088239281915121308 -0.0060161870979357846 0.0015789494551167571 0.00087021171560564936 -0.00087497263258472626 0.0013243884540805561 -0.00054439713776762648 0.001171749205383165 0.0016738293741625264 -0.00092772474607397235 0.0026734441228364035 -0.00077105593411890829 -0.00017720962200456158
leaf_weight=6222 751 716 435 9917 5043 1446 4107 4641 17856 1905 1376 3446 1915 287 4013 3140 759 456 336 574 376 1012 709 3428 1316 658 2272 4094 8086 16352
leaf_count=6222 751 716 435 9917 5043 1446 4107 4641 17856 1905 1376 3446 1915 287 4013 3140 759 456 336 574 376 1012 709 3428 1316 658 2272 4094 8086 16352
internal_value=0.000127637 -0.00138891 0.010185 -0.000391412 -0.00625605 0.00711318 0.00584238 -0.00838477 -0.00149436 -0.0045889 0.000136945 0.00163838 0.00373948 -0.000117125 -0.00786439 0.0170915 0.0101585 0.0160644 0.00236205 0.00510956 0.00743274 0.00290383 0.0140092 -0.00289516 0.00774194 0.0122183 0.000211812 0.0026087 -0.000907823 -0.00192202
internal_weight=107644 93543 14101 77637 15906 9767 8560 9684 50304 8010 3281 27333 11050 5630 4729 4334 1194 1207 4453 3007 2671 1586 1085 3715 5420 1974 16283 6366 42294 24438
internal_count=107644 93543 14101 77637 15906 9767 8560 9684 50304 8010 3281 27333 11050 5630 4729 4334 1194 1207 4453 3007 2671 1586 1085 3715 5420 1974 16283 6366 42294 24438
is_linear=0
shrinkage=0.03


Tree=108
num_leaves=31
num_cat=0
split_feature=19 12 19 1 26 23 16 16 16 28 25 28 29 28 1 17 26 1 5 9 2 12 17 8 8 1 16 29 25 27
split_gain=1779.51 490.113 370.658 243.665 156.16 262.915 142.156 130.582 123.307 107.812 91.1278 82.5163 101.4 81.1213 92.2395 85.1196 80.3209 73.5452 73.4873 71.463 92.3757 68.6973 63.7422 63.6569 62.9797 62.4967 56.5044 54.3392 71.8746 53.5959
threshold=10.116250000000003 2.6750000000000003 12.816250000000002 22.050000000000004 -0.90992662233962551 5.285000000000001 3.6750000000000003 5.0550000000000006 12.565000000000003 954.75000000000011 2.4485655496766614 953.05000000000007 59.500000000000007 960.55000000000007 2.0500000000000003 8.1050000000000022 0.85260769842926931 14.850000000000003 0.024457239057598661 1.5000000000000002 1.180739009469612 8.5350000000000019 3.4050000000000007 15.500000000000002 6.5000000000000009 3.6500000000000008 9.8650000000000002 25.500000000000004 1.5644666534731846 0.008726203218641598
decision_type=2 8 2 2 2 2 10 8 8 2 2 2 2 2 2 2 2 2 2 2 2 10 2 2 2 2 10 2 2 2
left_child=1 3 4 6 26 21 18 11 -4 -7 13 12 -3 14 -9 25 -12 -10 -1 20 23 -6 -5 -17 -24 -16 -2 -13 -29 -21
right_child=2 7 8 22 5 9 -8 10 17 -11 16 27 -14 -15 15 19 -18 -19 -20 29 -22 -23 24 -25 -26 -27 -28 28 -30 -31
leaf_value=-0.00023220391273636105 -0.00083056881641778934 -0.00029743581082345479 0.00083092034908271322 -0.00022770917356474782 0.0001521375781196832 0.00083929902706872395 -0.00030977395982711872 -0.00070371150090122033 0.00086219047613330096 0.00089513484149869474 0.00070505976158074211 -0.00049310454344421114 0.0011012668036682258 0.0009854052725882423 0.0026501236906139917 0.0022215685410630734 -0.001086434394619602 0.00086974166463121719 -0.00023939283100522731 -0.0005233041183447545 0.0057935040647276092 0.0011517998014551245 -0.00045354362216899118 -9.979201493921841e-05 0.00061165888801788834 -0.00014541718721891263 0.00067156932889224634 -0.00010466608734376825 -0.00037723665950010153 0.00087630778409617297
leaf_weight=4114 1289 9771 857 2959 1873 1030 6589 5890 2354 1784 1620 346 2479 8813 292 2275 3557 736 5057 4029 682 1355 930 1617 2713 16814 3488 3379 3816 5119
leaf_count=4114 1289 9771 857 2959 1873 1030 6589 5890 2354 1784 1620 346 2479 8813 292 2275 3557 736 5057 4029 682 1355 930 1617 2713 16814 3488 3379 3816 5119
internal_value=0.000141872 -0.00139653 0.00981382 -0.00526579 0.00693736 0.0101406 -0.0072921 -0.000168927 0.0176797 0.0168358 0.000637706 -0.0022353 -0.00071481 0.00106663 0.000446042 0.00110336 -0.003132 0.0204717 -0.00970684 0.00286297 0.00592269 0.00428704 -0.00042682 0.00412625 0.00222862 -0.000308573 0.00287955 -0.00470315 -0.0041375 0.00133071
internal_weight=107627 92861 14766 22362 10819 6042 15760 70499 3947 2814 50708 19791 12250 45531 36718 30828 5177 3090 9171 13722 4574 3228 6602 3892 3643 17106 4777 7541 7195 9148
internal_count=107627 92861 14766 22362 10819 6042 15760 70499 3947 2814 50708 19791 12250 45531 36718 30828 5177 3090 9171 13722 4574 3228 6602 3892 3643 17106 4777 7541 7195 9148
is_linear=0
shrinkage=0.03


Tree=109
num_leaves=31
num_cat=0
split_feature=21 21 22 16 2 28 25 28 26 5 16 25 26 26 23 28 10 16 28 8 29 25 29 8 16 28 28 10 12 2
split_gain=1765.25 479.568 348.556 165.269 133.153 131.236 129.462 125.326 121.974 113.141 105.018 95.8234 159.047 115.802 188.478 103.15 92.4809 103.757 82.0562 90.0856 86.1902 78.3407 70.4164 76.2592 67.8022 67.5715 64.7865 63.0199 67.0499 62.0355
threshold=10.141250000000003 3.0283333333333347 0.96362864345185406 6.2250000000000005 1.1314067602275719 950.85000000000002 1.4047921198936431 952.95000000000016 -0.85260769842926887 0.024457239057598661 12.315000000000003 2.1287612440472694 -0.55191596924288666 0.79332313182700753 4.2150000000000007 958.85000000000002 2.5000000000000004 6.285000000000001 950.05000000000007 7.5000000000000009 56.500000000000007 1.7222632529131794 91.500000000000014 12.500000000000002 3.6750000000000003 945.45000000000016 964.55000000000007 5.5000000000000009 2.5950000000000002 1.1471207439492868
decision_type=2 2 2 8 2 2 2 2 2 2 10 2 2 2 2 2 2 10 2 2 2 2 2 2 10 2 2 2 10 2
left_child=1 4 5 7 -1 -2 8 18 -7 24 -4 13 -13 21 16 -16 17 -15 19 20 -3 25 23 27 -6 -5 -8 -9 -29 -12
right_child=2 3 10 11 9 6 26 22 -10 -11 29 12 -14 14 15 -17 -18 -19 -20 -21 -22 -23 -24 -25 -26 -27 -28 28 -30 -31
leaf_value=-0.00021194522428387078 0.00038924260826257159 -0.00080652787418415131 0.00080599273861023163 0.00092813435489232403 -0.0002252377953542702 0.00079798178235535749 0.00079464851528853126 -0.00042547286727074012 0.00081968626476147438 -0.00022695254734312223 0.00084826067243697566 0.0015961114438815937 -0.00084633502807743397 0.0060869525241040679 0.0010821080629484707 0.0025418287491128923 0.0009156347695446381 -0.0012932784901226193 0.00055625469513204953 4.0934223322368659e-05 9.8542909715087358e-06 0.0013082556986026305 0.0030829675231764425 -0.00026209670290123149 -0.00022261052406064637 -0.00065010869356231906 0.0010277253023054155 -0.00056855761123039 -8.9665374004961051e-05 0.00084082501906329046
leaf_weight=6322 2620 2969 720 2458 3385 1004 4532 3889 1124 5513 727 3024 9667 273 4366 1443 7179 2344 4013 9358 1970 5218 246 5845 605 10402 861 937 2211 2497
leaf_count=6322 2620 2969 720 2458 3385 1004 4532 3889 1124 5513 727 3024 9667 273 4366 1443 7179 2344 4013 9358 1970 5218 246 5845 605 10402 861 937 2211 2497
internal_value=0.000160405 -0.00132921 0.0100603 -0.000360847 -0.00608907 0.00711118 0.00912437 -0.00203988 0.0153868 -0.00833298 0.0176247 0.000777507 -0.00144376 0.00161452 0.00350737 0.00778638 0.000967248 -0.00385584 -0.000435708 -0.00149979 -0.00477549 -1.99082e-05 -0.00427625 -0.00458136 -0.0121802 -0.00127789 0.00664135 -0.00668418 -0.00352046 0.0199381
internal_weight=107722 93637 14085 77812 15825 10141 7521 31438 2128 9503 3944 46374 12691 33683 15605 5809 9796 2617 18310 14297 4939 18078 13128 12882 3990 12860 5393 7037 3148 3224
internal_count=107722 93637 14085 77812 15825 10141 7521 31438 2128 9503 3944 46374 12691 33683 15605 5809 9796 2617 18310 14297 4939 18078 13128 12882 3990 12860 5393 7037 3148 3224
is_linear=0
shrinkage=0.03


Tree=110
num_leaves=31
num_cat=0
split_feature=21 12 22 2 16 16 26 25 25 26 16 12 10 8 17 23 11 20 10 2 11 22 20 20 25 3 2 20 17 25
split_gain=1725.36 460.365 351.577 239.25 148.622 135.919 118.424 246.124 107.375 143.375 103.029 95.2132 81.2643 116.953 76.0339 75.6731 74.1639 70.5292 69.2484 63.2124 60.8168 59.3551 58.5112 58.0308 54.5968 54.411 61.7944 50.4509 50.0361 49.9432
threshold=10.141250000000003 2.6750000000000003 0.96211049173914842 1.1191421875934262 9.0850000000000026 3.6750000000000003 -0.90992662233962551 2.0007256894049354 1.3782751716247141 0.83385407025023295 12.255000000000001 8.4850000000000012 2.5000000000000004 12.500000000000002 6.285000000000001 0.77000000000000013 9.2150000000000016 4.5401220118236933 2.5000000000000004 1.1431514677806323 3.8350000000000004 0.68459820034774366 0.9460355877321639 1.9346145170799935 2.0490601331641534 5.1034898503338146 1.1841246412551436 2.2140150179997158 11.415000000000001 1.3839474080771552
decision_type=2 8 2 2 8 10 2 2 2 2 8 10 2 2 2 2 8 2 2 2 10 2 2 2 2 2 2 2 2 2
left_child=1 3 6 22 12 15 -2 11 9 25 -4 29 13 -3 20 23 -12 -10 -9 -18 -14 -11 -1 -5 -15 -6 -27 -26 -13 -8
right_child=2 4 10 5 8 -7 7 18 17 21 16 28 14 24 -16 -17 19 -19 -20 -21 -22 -23 -24 -25 27 26 -28 -29 -30 -31
leaf_value=-0.00023685057991613528 0.00052024224497535855 -0.00044855941530555493 0.00077700765891969606 -0.00021970878209439445 0.001368021667425261 -0.00030088471422342353 0.0008904221482362928 -0.0041720901897137792 9.5315631454732095e-05 0.0029318293860360898 0.00033478711569553509 0.00087120040769404718 7.1193028019209125e-07 0.00031242090629600926 0.00018898647295986532 -0.00022217501923360212 0.00080644472672742218 0.0078094971943037236 0.0009440479570536175 0.00081108589632831736 -0.00055082690225059642 0.0010242666641910325 0.00017573930110032963 -0.00021430224408705632 -3.1678058376723713e-05 0.00021458935095248319 -0.0022363517807067121 -0.0014186871224144148 0.00084757124418702312 0.0008594511875634691
leaf_weight=1803 4320 2948 723 1388 723 6612 296 490 13821 1550 216 363 10190 1945 21838 7088 712 330 1179 2741 14043 1337 4781 751 345 1366 335 254 2124 984
leaf_count=1803 4320 2948 723 1388 723 6612 296 490 13821 1550 216 363 10190 1945 21838 7088 712 330 1179 2741 14043 1337 4781 751 345 1366 335 254 2124 984
internal_value=0.00015446 -0.00132387 0.00991592 -0.00507089 -0.000140645 -0.00706829 0.00673701 0.00968204 0.00209277 0.00572799 0.0169616 0.0139263 -0.00098375 -0.00443151 -0.000572315 -0.00942049 0.0190011 0.0007269 8.96057e-05 0.0200665 -0.0017291 0.0102386 -0.000264076 -0.0143703 0.000282464 0.000345821 -0.00258499 -0.00759934 0.0173475 0.00723735
internal_weight=107596 93448 14148 22423 71025 15839 9756 5436 19462 5311 4392 3767 51563 5492 46071 9227 3669 14151 1669 3453 24233 2887 6584 2139 2544 2424 1701 599 2487 1280
internal_count=107596 93448 14148 22423 71025 15839 9756 5436 19462 5311 4392 3767 51563 5492 46071 9227 3669 14151 1669 3453 24233 2887 6584 2139 2544 2424 1701 599 2487 1280
is_linear=0
shrinkage=0.03


Tree=111
num_leaves=31
num_cat=0
split_feature=21 21 22 16 25 28 1 21 28 16 25 26 26 24 28 28 10 8 28 26 16 29 3 25 16 2 15 10 25 1
split_gain=1704.34 502.526 353.073 158.874 128.054 134.169 125.986 121.948 110.22 109.212 91.9962 131.082 117.838 119.637 116.643 90.2907 87.0772 84.3281 75.7361 75.5699 73.067 71.3198 70.7191 69.3427 66.143 62.7168 67.0163 60.5865 58.9414 58.2899
threshold=10.141250000000003 3.0283333333333347 0.96043613326672084 6.2250000000000005 1.3196242966087115 956.55000000000007 18.850000000000005 1.840833333333334 952.95000000000016 12.315000000000003 2.0996092259315238 0.15643446504023095 0.79332313182700753 6.8500000000000005 958.1500000000002 949.55000000000007 2.5000000000000004 6.5000000000000009 962.85000000000002 -0.96811077628253228 6.285000000000001 56.500000000000007 9.3051719564529183 1.8687661583999118 10.405000000000003 1.2322669742278605 0.37999999999999928 8.5000000000000018 2.561470985155196 14.65
decision_type=2 2 2 8 2 2 2 2 2 8 2 2 2 2 2 2 2 2 2 2 10 2 2 2 8 2 10 2 2 2
left_child=1 6 4 8 5 -2 7 -1 15 -4 12 -12 23 16 -15 17 20 21 27 -20 -14 -3 -11 -5 -13 26 -10 -6 -28 -24
right_child=2 3 9 10 18 -7 -8 -9 25 22 11 24 13 14 -16 -17 -18 -19 19 -21 -22 -23 29 -25 -26 -27 28 -29 -30 -31
leaf_value=-0.00021171576723502561 0.00073444889292898386 -0.00078786287608006967 0.00076005213397718817 -0.0001909040585172081 7.2092085354427126e-05 0.00079379233946516136 -0.00020453154740206813 -0.00021378627337022684 -0.00046881373068070962 0.00030546395192549423 0.0013828578274749865 -0.0010313107808823318 0.0058191946460075502 0.0008399394828637885 0.002494332210406216 0.00051950289661402589 0.0009256515799070874 -2.3187366429055223e-05 -0.0011532620710415042 0.0010504029980061801 -0.0012587657056401913 -4.6350202181560382e-05 0.00078661789285796257 0.0018534497780713041 0.00014050461171179361 -0.00024846443368030282 0.00010483015591384543 0.00078170559368608613 -0.00086475988503652832 0.00078849530188784703
leaf_weight=2089 1265 2616 952 15034 3207 676 6344 7490 8165 211 3407 6879 228 4908 2104 4826 5742 9338 223 1015 2057 1575 2797 2808 3271 1176 3493 2888 207 841
leaf_count=2089 1265 2616 952 15034 3207 676 6344 7490 8165 211 3407 6879 228 4908 2104 4826 5742 9338 223 1015 2057 1575 2797 2808 3271 1176 3493 2888 207 841
internal_value=0.000151896 -0.00130959 0.00988423 -0.000316037 0.00645975 0.0133042 -0.00616462 -0.00833577 -0.00196427 0.0164856 0.000798398 -0.00128078 0.00165572 0.00361141 0.00647285 -0.000465686 0.00110931 -0.00172233 0.00464023 0.0113918 -0.00383843 -0.005255 0.0187364 6.72382e-06 -0.00298966 -0.00407251 -0.00341449 0.00326066 -6.47773e-05 0.0197145
internal_weight=107832 93757 14075 77834 9274 1941 15923 9579 31396 4801 46438 13557 32881 15039 7012 18355 8027 13529 7333 1238 2285 4191 3849 17842 10150 13041 11865 6095 3700 3638
internal_count=107832 93757 14075 77834 9274 1941 15923 9579 31396 4801 46438 13557 32881 15039 7012 18355 8027 13529 7333 1238 2285 4191 3849 17842 10150 13041 11865 6095 3700 3638
is_linear=0
shrinkage=0.03


Tree=112
num_leaves=31
num_cat=0
split_feature=22 12 22 28 16 16 25 25 16 28 10 8 28 28 26 23 28 29 26 10 8 23 12 26 12 8 10 16 23 17
split_gain=1715.26 458.175 383.989 179.001 135.006 130.997 122.605 110.677 105.18 101.181 86.0832 99.4595 87.3628 83.6323 80.6525 97.3586 88.399 78.838 76.83 75.3592 90.9704 66.7267 66.6954 64.3142 109.982 69.4777 83.3611 60.287 59.051 58.8652
threshold=0.86841418320278596 2.6750000000000003 0.96043613326672084 952.6500000000002 7.1550000000000011 12.315000000000003 1.2351636520241174 2.0490601331641534 3.6750000000000003 950.05000000000007 4.5000000000000009 13.500000000000002 949.25000000000011 956.25000000000011 0.79332313182700753 4.2150000000000007 958.85000000000002 26.500000000000004 0.87032255546191739 2.5000000000000004 16.500000000000004 0.77000000000000013 9.1550000000000029 -0.94260559819261247 8.4850000000000012 13.500000000000002 2.5000000000000004 8.8650000000000002 2.7850000000000006 7.0050000000000008
decision_type=2 8 2 2 8 8 2 2 10 2 2 2 2 2 2 2 2 2 2 2 2 2 10 2 10 2 2 8 2 2
left_child=1 3 6 -1 10 -4 13 14 21 -8 11 12 -3 -2 -6 19 -17 -13 -9 20 -16 -5 -7 -11 25 26 -25 -20 -22 -12
right_child=2 4 5 8 7 22 9 18 -10 23 29 17 -14 -15 15 16 -18 -19 27 -21 28 -23 -24 24 -26 -27 -28 -29 -30 -31
leaf_value=-0.00021762724243562913 0.00071481258044029273 0.0013051411033183839 0.00074010189250822592 -0.00020545680263240045 0.00021045774676287806 0.00072353056580543691 -0.00031580727801297281 0.00099374462167107981 -0.00026998498482999606 0.00031548762247969321 -0.00021830361672098281 -0.00091810776760483553 -0.00047997171136594905 0.00073874214417261831 -0.0015384201848963035 0.0010019956001030294 0.0024081112139021088 0.00012708576537552669 -0.0012726356694499395 0.0013849519477106532 -0.0013048008915810909 -0.00020537108215136477 0.00076824491904817433 -0.0032877447113174424 0.00096495312026132255 0.0016050293320245556 0.0010743486599648876 -0.00030350060799781199 0.0047714379909119175 0.00044377918745385826
leaf_weight=10939 659 515 967 1908 12196 211 1900 2692 4426 2078 18970 518 4468 471 1254 3811 1275 3272 2549 4228 221 5097 3613 601 2745 635 809 6623 335 7565
leaf_count=10939 659 515 967 1908 12196 211 1900 2692 4426 2078 18970 518 4468 471 1254 3811 1275 3272 2549 4228 221 5097 3613 601 2745 635 809 6623 335 7565
internal_value=0.000114638 -0.00139231 0.00963863 -0.00513251 -0.000205115 0.0166076 0.00625871 0.00111001 -0.00775708 0.00505414 -0.00151559 -0.00409091 -0.0068745 0.0155419 0.00230997 0.00415671 0.00721273 -0.000426877 -0.00124863 0.00157869 -0.00353719 -0.0100442 0.0191016 0.00674814 0.00865902 0.00338049 -0.000339223 -0.00255639 0.00652406 -0.000663527
internal_weight=107551 92862 14689 22370 70492 4791 9898 35184 11431 8768 35308 8773 4983 1130 23320 11124 5086 3790 11864 6038 1810 7005 3824 6868 4790 2045 1410 9172 556 26535
internal_count=107551 92862 14689 22370 70492 4791 9898 35184 11431 8768 35308 8773 4983 1130 23320 11124 5086 3790 11864 6038 1810 7005 3824 6868 4790 2045 1410 9172 556 26535
is_linear=0
shrinkage=0.03


Tree=113
num_leaves=31
num_cat=0
split_feature=21 21 21 16 1 2 21 28 26 23 28 14 28 8 10 28 29 9 1 28 9 28 24 26 10 28 17 1 29 9
split_gain=1746.96 486.979 321.387 145.674 140.591 116.306 112.724 111.316 106.981 247.912 104.962 89.5852 82.6861 94.6462 80.1124 77.4351 76.6951 69.9926 69.4842 101.749 111.434 68.1132 110.204 80.8198 67.73 138.673 71.7121 80.7451 110.943 67.9364
threshold=10.141250000000003 3.0283333333333347 12.669166666666671 6.3650000000000011 18.850000000000005 1.1723590301645825 1.840833333333334 952.95000000000016 -0.90992662233962551 5.4650000000000007 956.25000000000011 1.8023271988187102 950.05000000000007 7.5000000000000009 8.5000000000000018 975.25000000000011 55.500000000000007 1.5000000000000002 0.25000000000000006 960.55000000000007 3.5000000000000004 958.1500000000002 6.9500000000000011 0.79332313182700753 7.5000000000000009 956.05000000000007 10.885000000000003 30.350000000000005 21.500000000000004 4.5000000000000009
decision_type=2 2 2 8 2 2 2 2 2 2 2 2 2 2 2 2 2 2 2 2 2 2 2 2 2 2 2 2 2 2
left_child=1 4 8 7 6 11 -1 12 -2 -10 -11 -4 13 16 -9 18 -3 -15 19 -5 -21 24 -23 -24 25 26 27 28 -20 -26
right_child=2 3 5 15 -6 -7 -8 14 9 10 -12 -13 -14 17 -16 -17 -18 -19 21 20 -22 22 23 -25 29 -27 -28 -29 -30 -31
leaf_value=-0.00019920059013900276 0.00057981897372981039 -0.0007576778812960381 0.00071841383679784434 -0.00090619779875663231 -0.00018209702676644872 0.00083173335997538845 -0.00020175529321062955 -0.00035565664696824117 0.00083264033555904165 0.00072017246412516835 0.00077793799303159936 -0.00017355051723289604 0.00055086861495993588 0.0008417657652289185 -0.00022033580386781262 0.0058898896313728999 -6.9986237400289087e-05 -0.00024393066535045971 -0.0024523599076457289 -0.00049523880949409519 0.0019111108233484816 0.00020539644757945125 0.00092658978427110565 0.002311300232179043 -0.0007508975954347313 -0.0022222321355851943 0.0023502250948868107 0.0020317009102346151 0.00053080302087153968 0.00072097114314186082
leaf_weight=2073 4322 3021 1669 5222 6311 1998 7509 7325 3318 1001 1306 412 4218 2567 6361 219 2102 7146 672 3055 1700 3599 1253 1302 8031 1489 2272 2077 10563 3591
leaf_count=2073 4322 3021 1669 5222 6311 1998 7509 7325 3318 1001 1306 412 4218 2567 6361 219 2102 7146 672 3055 1700 3599 1253 1302 8031 1489 2272 2077 10563 3591
internal_value=0.000147063 -0.00133151 0.0100192 -0.000353644 -0.00611586 0.0171082 -0.00840513 -0.00187632 0.0071051 0.00983126 0.0173746 0.0120949 -0.000393515 -0.00144734 -0.00393981 0.000753163 -0.00474454 0.00029327 0.000665165 -0.00154178 0.00163235 0.00129713 0.00415977 0.00891797 0.000682578 0.00188488 0.00272115 0.0018788 0.000872776 -0.00108368
internal_weight=107704 93678 14026 77785 15893 4079 9582 32740 9947 5625 2307 2081 19054 14836 13686 45045 5123 9713 44826 9977 4755 34849 6154 2555 28695 17073 15584 13312 11235 11622
internal_count=107704 93678 14026 77785 15893 4079 9582 32740 9947 5625 2307 2081 19054 14836 13686 45045 5123 9713 44826 9977 4755 34849 6154 2555 28695 17073 15584 13312 11235 11622
is_linear=0
shrinkage=0.03


Tree=114
num_leaves=31
num_cat=0
split_feature=21 12 21 16 28 26 23 16 16 28 23 24 27 15 28 17 14 20 28 19 18 11 17 20 26 28 12 11 29 24
split_gain=1656.46 445.163 359.987 164.86 118.654 131.341 156.142 108.076 102.868 94.1136 74.5344 67.4423 96.5184 58.9654 81.4359 57.9048 56.6875 55.5983 59.0491 51.7795 51.463 51.9992 50.8762 50.7341 49.0385 55.1174 47.713 55.3173 52.6808 46.4383
threshold=10.141250000000003 2.6750000000000003 12.669166666666671 3.6750000000000003 950.25000000000011 0.94828754594723541 5.0050000000000008 9.4050000000000029 12.315000000000003 952.45000000000016 0.77000000000000013 11.350000000000003 -0.27563735581699894 0.50000000000000044 968.25000000000011 11.295000000000002 1.9890240482565111 4.0337033187479996 966.05000000000007 10.671250000000002 8.2150000000000016 9.4150000000000009 13.965000000000002 1.9346145170799935 -0.90255091666790832 953.85000000000002 8.3950000000000014 9.2750000000000004 26.500000000000004 4.2500000000000009
decision_type=2 8 2 10 2 2 2 8 8 2 2 2 2 10 2 2 2 2 2 2 8 10 2 2 2 2 10 10 2 2
left_child=1 3 4 9 26 11 20 13 22 -1 23 12 -6 29 -15 -9 -10 18 -17 -14 -7 -22 -4 -11 25 -13 -2 -28 -29 -3
right_child=2 7 8 -5 5 6 -8 15 16 10 -12 24 19 14 -16 17 -18 -19 -20 -21 21 -23 -24 -25 -26 -27 27 28 -30 -31
leaf_value=-0.0002696864091999273 -0.0040938887237561093 -0.00028564794190476857 -7.4788811269285152e-05 -0.00020619950676428861 0.0013430439103344104 -0.00067507098287562296 0.0007368168775419581 0.00027363034198424563 0.00072037991524385829 -0.00019339820323061724 -0.00019322014790419786 0.00097064548781424561 0.00072482030254240773 6.403430049102127e-05 0.0051088645395278871 0.00066148045629207009 0.00067185005068554733 0.0048256115765240044 0.003265621506519969 -0.0021110627735426114 0.0012598266085873566 -0.0002930097548671917 0.00073155330741760951 -0.00018924322568804691 0.00082213219963499337 0.00030747678324965052 0.0019586269490066408 -0.0028677810996310393 0.00061088921996835135 -0.00015740680095450654
leaf_weight=5744 337 11160 362 9533 392 469 1647 12222 3071 1187 5184 733 364 16853 274 4052 307 493 229 704 981 223 393 663 694 1485 417 385 1088 26002
leaf_count=5744 337 11160 362 9533 392 469 1647 12222 3071 1187 5184 733 364 16853 274 4052 307 493 229 704 981 223 393 663 694 1485 417 385 1088 26002
internal_value=0.00018058 -0.00126152 0.00978303 -0.00495922 0.00667775 0.00844225 0.0129383 -0.000103942 0.0172185 -0.00718611 -0.00951271 0.00501714 -0.000245734 -0.000757542 0.000698693 0.00198341 0.0194561 0.00478343 0.00367476 -0.00492078 0.00645411 0.00972705 0.00714474 -0.0146846 0.0076517 0.00545209 0.000577957 0.00243799 -0.000304465 -0.00142869
internal_weight=107648 93596 14052 22311 9919 7692 3320 71285 4133 12778 7034 4372 1460 54289 17127 16996 3378 4774 4281 1068 1673 1204 755 1850 2912 2218 2227 1890 1473 37162
internal_count=107648 93596 14052 22311 9919 7692 3320 71285 4133 12778 7034 4372 1460 54289 17127 16996 3378 4774 4281 1068 1673 1204 755 1850 2912 2218 2227 1890 1473 37162
is_linear=0
shrinkage=0.03


Tree=115
num_leaves=31
num_cat=0
split_feature=21 21 21 16 25 1 28 28 25 16 28 1 8 1 28 9 10 29 1 9 21 28 28 9 1 1 28 17 26 1
split_gain=1641.89 435.091 338.832 206.773 134.367 126.733 114.418 101.038 96.9371 91.1486 84.3477 80.4227 76.0961 69.5822 104.447 82.5106 70.2597 84.9897 112.868 100.721 83.3901 82.1521 116.01 75.5813 74.2661 86.4056 72.4403 74.1127 93.7147 103.018
threshold=10.141250000000003 2.2120833333333336 12.669166666666671 4.5750000000000011 1.2351636520241174 14.65 953.45000000000016 960.55000000000007 1.6589371331272125 10.445000000000002 956.25000000000011 16.650000000000002 10.500000000000002 1.0000000180025095e-35 960.55000000000007 3.5000000000000004 6.5000000000000009 52.500000000000007 29.350000000000005 4.5000000000000009 7.3345833333333355 959.45000000000016 955.85000000000002 5.5000000000000009 5.7500000000000009 9.8500000000000032 954.45000000000016 5.1550000000000011 0.73724926354828246 5.0500000000000007
decision_type=2 2 2 8 2 2 2 2 2 8 2 2 2 2 2 2 2 2 2 2 2 2 2 2 2 2 2 2 2 2
left_child=1 11 4 6 10 -4 -3 -6 -7 -9 -2 -1 -11 14 -5 -16 17 18 20 21 24 22 -19 26 -15 -26 -18 28 -28 -30
right_child=2 3 5 13 7 8 -8 9 -10 12 -12 -13 -14 16 15 -17 23 19 -20 -21 -22 -23 -24 -25 25 -27 27 -29 29 -31
leaf_value=-0.00018742262633791415 0.00067646278387515355 -0.00018194383887606524 0.00069623397886738438 -0.00062044749450447599 0.00061930980547585503 0.000712316434007425 -0.00020600629126127267 -0.00073015064414160718 -0.00034776335817252144 0.00067431962009774414 0.00067824985886667853 -0.00021619975158996714 0.00094128472382319303 -0.002556778335957883 -0.00025855830992389198 0.0013286939008622101 -0.00052291387949133627 0.0026534366045861788 0.0019860534558168224 -0.00011234250809669222 0.00060187561095752739 0.0036943499125315126 -0.00092682322424504757 0.00092644921127289055 0.0034324330699987385 -0.00065658414610238853 0.00066319542701755315 0.00068354544936585966 0.0010671704156787502 -0.0013886716794764265
leaf_weight=3488 723 15701 2879 6095 6611 982 10210 260 257 947 450 2523 1022 270 4030 2326 15057 4098 2362 2647 4554 1028 1246 3884 321 5235 992 6359 222 718
leaf_count=3488 723 15701 2879 6095 6611 982 10210 260 257 947 450 2523 1022 270 4030 2326 15057 4098 2362 2647 4554 1028 1246 3884 321 5235 992 6359 222 718
internal_value=0.000155439 -0.00128712 0.00968379 -0.000749657 0.00669894 0.0169246 -0.00299699 0.00542679 0.00885048 0.0109445 0.0162224 -0.00909076 0.0131459 0.000198213 -0.00180395 0.000886653 0.000707172 0.00197786 0.000400094 0.00420545 -0.00094752 0.00624745 0.00474481 -0.000308404 -0.00332362 -0.00256788 -0.000953197 0.00129822 -0.00384099 -0.0106032
internal_weight=107497 93366 14131 87355 10013 4118 25911 8840 1239 2229 1173 6011 1969 61444 12451 6356 48993 21761 12742 9019 10380 6372 5344 27232 5826 5556 23348 8291 1932 940
internal_count=107497 93366 14131 87355 10013 4118 25911 8840 1239 2229 1173 6011 1969 61444 12451 6356 48993 21761 12742 9019 10380 6372 5344 27232 5826 5556 23348 8291 1932 940
is_linear=0
shrinkage=0.03


Tree=116
num_leaves=31
num_cat=0
split_feature=21 21 22 1 12 25 1 23 28 25 28 29 8 24 13 23 12 3 17 2 18 27 28 2 27 29 8 28 17 23
split_gain=1570.15 436.18 352.118 156.036 148.829 141.018 127.243 121.893 115.439 106.578 65.191 109.683 144.602 116.481 64.5658 62.2778 87.1641 56.4785 62.4844 53.89 74.2212 76.1495 62.0662 53.7341 54.4709 77.606 55.1739 74.23 69.138 56.7263
threshold=10.141250000000003 3.0283333333333347 0.94732539093081747 14.850000000000003 5.3950000000000005 1.3196242966087115 18.850000000000005 0.77000000000000013 956.25000000000011 1.4047921198936431 953.05000000000007 25.500000000000004 13.500000000000002 4.9500000000000011 1.8166666666666671 8.0850000000000026 8.2150000000000016 8.6620707670314321 8.3550000000000022 1.1991679679908938 8.9350000000000005 -0.0087262032186418287 966.05000000000007 1.2154921835164567 0.19936034309715231 52.500000000000007 7.5000000000000009 950.25000000000011 2.6750000000000003 3.3350000000000004
decision_type=2 2 2 2 8 2 2 2 2 2 2 2 2 2 2 2 10 2 2 2 10 2 2 2 2 2 2 2 2 2
left_child=1 6 5 -4 10 8 7 -1 -2 -5 23 -12 -13 -14 -9 16 -7 18 -6 20 21 -20 -21 24 25 26 27 28 -3 -28
right_child=2 4 3 9 17 15 -8 14 -10 -11 11 12 13 -15 -16 -17 -18 -19 19 22 -22 -23 -24 -25 -26 -27 29 -29 -30 -31
leaf_value=-0.00018211935185428254 0.00064456816000883928 0.00039687144623163685 0.00067774715385412793 0.00066267854557990774 4.9540767574233479e-05 -0.00016486471071184284 -0.00017297433374221006 -0.00018334179756020015 0.00066935908234985405 0.00014280064108420864 -0.0012097929139268148 -0.00037430692755185296 -0.00021395006541060816 0.0010545610849183832 -0.00017641222162436304 -0.0012351018207713582 0.00082632594692653159 -0.00064755050394434848 7.7605528813186884e-05 -0.00027161058055917618 0.0037886281688182376 0.0012501817777258505 0.0026664175803467038 -0.0014023917780248223 0.00031369542503840596 0.00024624608663892204 0.00010731561358668373 0.0010083905328959542 -0.00076074796182931767 -0.0010022740111996207
leaf_weight=2137 1151 417 4101 585 15730 1688 6303 3156 652 894 527 11630 4337 3067 4261 637 4386 5603 3974 4733 524 6418 620 330 6621 5412 3630 532 2411 1242
leaf_count=2137 1151 417 4101 585 15730 1688 6303 3156 652 894 527 11630 4337 3067 4261 637 4386 5603 3974 4733 524 6418 620 330 6621 5412 3630 532 2411 1242
internal_value=0.000131181 -0.00127441 0.0094645 0.0153196 -0.000349524 0.00562038 -0.00580822 -0.00799038 0.0130586 0.00693396 -0.00161948 -0.00285955 -0.00248332 0.000793629 -0.00616411 0.00361376 0.00455009 0.00100673 0.00149325 0.00279649 0.00400513 0.00344522 0.000330347 -0.000441262 -0.000244203 -0.00132757 -0.00316135 -0.0061159 -0.00804801 -0.00111954
internal_weight=107709 93615 14094 5580 77758 8514 15857 9554 1803 1479 40156 19561 19034 7404 7417 6711 6074 37602 31999 16269 10916 10392 5353 20595 20265 13644 8232 3360 2828 4872
internal_count=107709 93615 14094 5580 77758 8514 15857 9554 1803 1479 40156 19561 19034 7404 7417 6711 6074 37602 31999 16269 10916 10392 5353 20595 20265 13644 8232 3360 2828 4872
is_linear=0
shrinkage=0.03


Tree=117
num_leaves=31
num_cat=0
split_feature=21 21 22 12 28 25 28 29 8 24 1 25 1 28 26 23 8 28 1 29 17 23 25 28 28 17 1 29 5 1
split_gain=1610.13 388.797 353.502 185.512 107.551 101.405 97.9269 136.658 107.494 122.666 96.1198 94.6478 86.9713 77.4024 74.3735 78.5248 64.6699 90.4557 120.25 81.7801 85.3253 63.0312 62.2103 74.6251 61.8015 59.692 58.8634 58.4744 57.5363 52.9929
threshold=10.141250000000003 2.2120833333333336 0.96043613326672084 5.035000000000001 958.95000000000016 1.4047921198936431 952.55000000000007 23.500000000000004 14.500000000000002 4.9500000000000011 14.65 1.4047921198936431 16.650000000000002 975.25000000000011 -0.94260559819261247 4.4450000000000012 7.5000000000000009 950.25000000000011 10.250000000000002 52.500000000000007 3.6150000000000007 0.77000000000000013 1.3075965351026952 956.6500000000002 967.35000000000002 6.8550000000000013 -4.2499999999999991 86.500000000000014 0.034406508795908911 38.45000000000001
decision_type=2 2 2 8 2 2 2 2 2 2 2 2 2 2 2 2 2 2 2 2 2 2 2 2 2 2 2 2 2 2
left_child=1 12 4 6 22 -6 16 -8 -9 24 -4 -12 21 25 -7 26 17 19 -19 20 -3 -1 23 -2 27 -5 -16 28 -10 -18
right_child=2 3 10 13 5 14 7 8 9 -11 11 -13 -14 -15 15 -17 29 18 -20 -21 -22 -23 -24 -25 -26 -27 -28 -29 -30 -31
leaf_value=-0.00017647688364070212 0.00060763044016137518 -3.6500058766390645e-05 0.00065501454488573689 -0.00020130548479383226 0.0007538596731893587 -0.00031313574689615265 -0.00070216859285171659 -0.00021852092060996114 -0.00020995400881290799 0.0010680226017138823 0.00065289505447145894 0.00068666292175467822 -0.00018189188885207855 0.0050220169657024406 -0.0026125457255319296 0.00086240975982914249 0.00012509459507755444 -0.00080078982647685982 0.0016683802142108478 -0.00015982192574695407 -0.00068035023956260297 -0.00017628900587815776 0.00049568724386515157 0.00063802200673328203 0.0065918578408215881 0.00046830849714265318 0.0021930303050041108 0.0011130462255399111 -0.00020631420759845644 -0.0010368615395950748
leaf_weight=1063 1186 1134 3411 14860 709 433 620 14691 1362 2355 536 813 2499 227 213 1033 13276 379 1255 3664 2316 2381 5129 224 205 26906 339 350 3539 209
leaf_count=1063 1186 1134 3411 14860 709 433 620 14691 1362 2355 536 813 2499 227 213 1033 13276 379 1255 3664 2316 2381 5129 224 205 26906 339 350 3539 209
internal_value=0.000176385 -0.00124861 0.00965149 -0.000743191 0.00623234 0.0112335 -0.00207341 -0.00344013 -0.00305505 -0.000211105 0.0162938 0.00946086 -0.00867014 0.000693604 0.00777064 0.0107736 -0.000651587 -0.00265966 0.00369738 -0.00412137 -0.00743271 -0.0117599 0.00413967 0.00971025 -0.00268083 0.000597544 0.0016158 -0.00331621 -0.00416429 0.000651594
internal_weight=107317 93291 14026 87348 9266 2727 45355 23122 22502 7811 4760 1349 5943 41993 2018 1585 22233 8748 1634 7114 3450 3444 6539 1410 5456 41766 552 5251 4901 13485
internal_count=107317 93291 14026 87348 9266 2727 45355 23122 22502 7811 4760 1349 5943 41993 2018 1585 22233 8748 1634 7114 3450 3444 6539 1410 5456 41766 552 5251 4901 13485
is_linear=0
shrinkage=0.03


Tree=118
num_leaves=31
num_cat=0
split_feature=21 21 22 25 1 16 28 21 2 25 1 16 15 17 10 28 16 26 1 28 9 29 10 29 28 2 25 1 29 29
split_gain=1566.25 409.11 328.052 146.744 145.362 144.806 128.539 117.78 91.9481 90.123 85.1126 72.4092 66.7413 66.1241 61.9876 61.0971 58.1414 56.418 55.9697 52.8738 52.5449 88.286 78.3828 120.753 94.3723 90.0418 75.0135 70.4914 64.6411 63.9505
threshold=10.141250000000003 2.9333333333333331 0.94732539093081747 1.3196242966087115 14.65 6.2250000000000005 956.25000000000011 1.840833333333334 1.2322669742278605 1.4047921198936431 18.650000000000002 14.905000000000003 0.52000000000000002 11.295000000000002 8.5000000000000018 952.95000000000016 12.785000000000002 -0.47714059151611382 -1.0000000180025095e-35 958.75000000000011 3.5000000000000004 18.500000000000004 6.5000000000000009 54.500000000000007 959.25000000000011 1.1023382499002223 1.85491935483871 5.0500000000000007 53.500000000000007 63.500000000000007
decision_type=2 2 2 2 2 8 2 2 2 2 2 8 10 2 2 2 8 2 2 2 2 2 2 2 2 2 2 2 2 2
left_child=1 7 3 6 11 8 -2 10 12 -6 -1 -4 15 18 -5 -3 -15 -9 -7 -18 22 -22 23 25 -25 -20 -23 29 -29 -24
right_child=2 5 4 14 9 13 -8 17 -10 -11 -12 -13 -14 16 -16 -17 19 -19 20 -21 21 26 27 24 -26 -27 -28 28 -30 -31
leaf_value=-0.00017104206048292717 0.00061860294235379645 -0.00020665642478589569 0.00061526096306579569 0.00022092788244040316 0.00062321133757836872 -0.00038032897780332841 0.00063729631477455525 -0.00018073950017000889 -0.00020414067958131863 0.00056101081742236105 -0.00021838277211791776 0.00081102690377018224 8.0897300987633263e-05 0.0006350718282389417 0.00069563314516429386 -0.00037619383846507735 0.00090765910403478697 -0.00015535727033564694 0.002138311930929955 0.0040076920330914334 -0.0025815496250528166 0.00053759453518950888 -0.0010287451900727218 0.0024825451088344159 0.0056171497641628026 -0.00032121628676926581 -0.00071773151300289352 0.00018184960019538619 -0.0011951505510682527 0.0032549307972496075
leaf_weight=2021 1177 13377 3146 3328 584 7908 680 5437 1233 942 939 952 8759 5952 3315 9183 309 6115 1342 408 769 7476 561 2595 588 3717 5743 5086 2934 959
leaf_count=2021 1177 13377 3146 3328 584 7908 680 5437 1233 942 939 952 8759 5952 3315 9183 309 6115 1342 408 769 7476 561 2595 588 3717 5743 5086 2934 959
internal_value=0.000101265 -0.00130674 0.00941043 0.00568607 0.0150293 -0.00045511 0.013131 -0.00593511 -0.00198851 0.0070934 -0.0112715 0.0179722 -0.00167124 0.00062198 0.00359657 -0.00253401 0.00338478 -0.00456347 0.000157246 0.0114266 0.000719434 -0.000656042 0.00180132 0.00394325 0.00851631 0.00106043 -7.94011e-05 -5.02881e-05 -0.00117383 0.0058623
internal_weight=107535 93411 14124 8500 5624 78899 1857 14512 32552 1526 2960 4098 31319 46347 6643 22560 6669 11552 39678 717 31770 13988 17782 8242 3183 5059 13219 9540 8020 1520
internal_count=107535 93411 14124 8500 5624 78899 1857 14512 32552 1526 2960 4098 31319 46347 6643 22560 6669 11552 39678 717 31770 13988 17782 8242 3183 5059 13219 9540 8020 1520
is_linear=0
shrinkage=0.03


Tree=119
num_leaves=31
num_cat=0
split_feature=21 21 22 1 21 25 1 5 28 25 28 16 27 10 16 16 12 0 28 1 27 12 17 25 16 16 28 1 11 27
split_gain=1568.71 418.529 326.071 138.36 137.549 126.866 118.782 129.662 118.737 87.2558 80.3324 80.7747 79.4702 83.0193 76.3464 73.8903 67.1702 92.3322 65.3897 67.8086 102.486 59.7092 65.171 85.986 77.0702 55.0166 45.5051 69.1538 50.7796 44.6378
threshold=10.141250000000003 2.9333333333333331 0.94732539093081747 14.65 8.1219444444444466 1.3196242966087115 21.850000000000005 0.02619891214147781 956.25000000000011 1.4047921198936431 952.55000000000007 3.7250000000000005 0.19936034309715231 6.5000000000000009 14.905000000000003 3.7750000000000004 8.1650000000000009 10.355000000000002 960.55000000000007 1.0000000180025095e-35 0.25881904510252057 2.8850000000000002 8.2550000000000008 1.6367852841658543 10.605000000000002 9.3050000000000015 948.95000000000016 32.550000000000004 6.9650000000000007 -0.21643137258081238
decision_type=2 2 2 2 2 2 2 2 2 2 2 8 2 2 8 10 10 2 2 2 2 8 2 2 8 10 2 2 10 2
left_child=1 6 5 14 10 8 7 15 -2 -5 12 -12 -3 25 -4 -1 -7 -18 19 -13 -21 -20 -23 -24 -25 -14 27 28 -6 -30
right_child=2 4 3 9 26 16 -8 -9 -10 -11 11 18 13 -15 -16 -17 17 -19 21 20 -22 22 23 24 -26 -27 -28 -29 29 -31
leaf_value=-0.00016624624501569208 0.00060004485408318156 -0.00019145150297222773 0.00059770578338469655 0.00060451499745101773 0.0021948527716005393 -0.00025522143889417646 -0.00012883235056970128 -0.00016777607418588079 0.0006148732722668248 0.00059233959393669268 -0.00025973501700429866 -0.00052465008228993245 0.00087933106327939433 -1.1036824755909224e-05 0.00079996918891005241 -0.00017604293050290621 0.00084897346715457234 0.00027654872116853911 -0.00034784678548151313 6.4125088634307725e-05 -0.0010703963344938911 0.00080113719203944928 0.0013615438224654571 -0.001443373424165686 0.0061168092070666051 0.0069291313553188731 0.00078288349022407992 0.0024064391912105741 0.00035459117895458414 -0.0028476597845177431
leaf_weight=4153 1157 22062 3135 576 762 1550 4455 5308 657 938 5155 3811 3784 6072 946 655 2839 2201 1412 9122 3722 4003 1112 1619 318 406 12919 559 656 1497
leaf_count=4153 1157 22062 3135 576 762 1550 4455 5308 657 938 5155 3811 3784 6072 946 655 2839 2201 1412 9122 3722 4003 1112 1619 318 406 12919 559 656 1497
internal_value=0.000192161 -0.0012094 0.00955656 0.0151661 -0.000347486 0.0058152 -0.00588021 -0.00767711 0.0128312 0.00738644 -0.000988132 -0.00209848 5.19657e-05 0.0022324 0.0180396 -0.0112445 0.00387566 0.00555401 -0.00139588 -0.00248679 -0.00144291 0.000750974 0.00187899 -0.00142436 -0.00523687 0.00547795 0.00209843 -0.000948548 -0.00280479 -0.00515755
internal_weight=107561 93562 13999 5595 78991 8404 14571 10116 1814 1514 62598 30274 32324 10262 4081 4808 6590 5040 25119 16655 12844 8464 7052 3049 1937 4190 16393 3474 2915 2153
internal_count=107561 93562 13999 5595 78991 8404 14571 10116 1814 1514 62598 30274 32324 10262 4081 4808 6590 5040 25119 16655 12844 8464 7052 3049 1937 4190 16393 3474 2915 2153
is_linear=0
shrinkage=0.03


Tree=120
num_leaves=31
num_cat=0
split_feature=21 21 21 2 25 12 28 28 23 28 26 29 15 10 23 8 9 26 25 10 27 15 29 8 29 28 28 26 1 8
split_gain=1507.19 408.5 342.919 136.87 128.371 127.911 119.909 100.571 94.2745 86.6907 108.57 78.5754 71.9223 64.6211 99.1496 138.048 67.7578 63.437 132.327 70.008 73.2901 62.7537 62.9849 61.6099 73.1005 102.633 61.2916 61.0997 61.0763 61.0404
threshold=10.141250000000003 2.9333333333333331 12.669166666666671 1.1723590301645825 1.270767801318222 6.2550000000000008 953.85000000000002 956.6500000000002 0.77000000000000013 963.75000000000011 -0.97233289553061575 31.500000000000004 -1.2650000000000003 2.5000000000000004 2.7650000000000001 14.500000000000002 4.5000000000000009 0.79332313182700753 1.8977484759285177 4.5000000000000009 -0.043617726472722392 0.030000000000000696 87.500000000000014 9.5000000000000018 22.500000000000004 952.45000000000016 962.75000000000011 -0.95368063612909426 -3.9499999999999997 1.5000000000000002
decision_type=2 2 2 2 2 8 2 2 2 2 2 2 10 2 2 2 2 2 2 2 2 10 2 2 2 2 2 2 2 2
left_child=1 6 4 12 7 13 -1 -2 -8 -6 -11 -10 -4 14 27 16 -16 -7 -19 28 -21 23 26 29 25 -25 -23 -3 -20 -15
right_child=2 5 3 -5 9 17 8 -9 11 10 -12 -13 -14 21 15 -17 -18 18 19 20 -22 22 -24 24 -26 -27 -28 -29 -30 -31
leaf_value=-0.00017496886227188446 0.00058332119395721025 7.2180497166514368e-05 -0.00033425374911891345 0.00068397193699470504 0.00056160782248812762 4.0349848501919635e-05 -0.00016109704211375318 0.00057416265553458801 -0.00020940678562667998 -0.0017423462011097611 0.00085038163604317699 -0.00015964071677791714 0.00057799115151486167 0.00016375097546283485 -0.00025932510773509068 0.0015182698042079761 -0.0025432255834920794 0.0011659602601410844 -0.0026805674474706378 -0.0033614612728601742 -0.00038466295446409502 -2.4018366383316714e-05 0.0038168067140010964 -0.00040724575621788273 9.7852653197599834e-05 -0.0018720983157635078 0.001381800363689963 -0.00028025253709304591 0.0034849009744854606 -0.00052835868978560845
leaf_weight=7492 1030 553 310 2017 7200 16363 1788 531 366 220 1047 4867 1785 2616 1190 1178 427 5388 433 281 3470 15798 365 1782 12135 339 1352 4818 1527 9005
leaf_count=7492 1030 553 310 2017 7200 16363 1788 531 366 220 1047 4867 1785 2616 1190 1178 427 5388 433 281 3470 15798 365 1782 12135 339 1352 4818 1527 9005
internal_value=0.000209235 -0.00117097 0.00933616 0.0166286 0.00633908 -0.000321164 -0.00579625 0.0142337 -0.0086123 0.00487606 0.0120991 -0.0065693 0.0112143 -0.00120202 -0.00364949 0.000932143 -0.00475339 0.00133251 0.00308267 -9.97201e-05 -0.0025 -0.000741065 0.000645548 -0.00167955 -0.000357619 -0.00548918 0.00038123 -0.00603237 0.00448855 -0.00330036
internal_weight=107673 93533 14140 4112 10028 79020 14513 1561 7021 8467 1267 5233 2095 51558 8166 2795 1617 27462 11099 5711 3751 43392 17515 25877 14256 2121 17150 5371 1960 11621
internal_count=107673 93533 14140 4112 10028 79020 14513 1561 7021 8467 1267 5233 2095 51558 8166 2795 1617 27462 11099 5711 3751 43392 17515 25877 14256 2121 17150 5371 1960 11621
is_linear=0
shrinkage=0.03


Tree=121
num_leaves=31
num_cat=0
split_feature=21 21 16 21 1 21 26 25 19 25 26 28 13 1 29 10 29 25 27 2 27 26 25 25 28 10 28 26 29 8
split_gain=1517.03 428.467 207.568 200.909 120.036 120.221 108.089 104.44 99.7191 83.7162 238.795 73.428 89.4114 77.7814 73.3666 81.0289 88.341 72.8647 72.6837 81.6632 67.0494 65.7566 58.3826 57.2479 56.4534 86.0164 55.062 152.302 54.8805 54.6591
threshold=11.010000000000002 3.0283333333333347 14.655000000000003 8.1219444444444466 18.850000000000005 1.840833333333334 0.95878322595067733 2.0156210601660933 12.816250000000002 2.0156210601660933 0.79332313182700753 959.25000000000011 8.7950000000000035 1.0500000000000003 94.500000000000014 1.5000000000000002 48.500000000000007 1.6367852841658543 0.50751903745502724 1.2438658735234343 -0.37460659341591213 0.99687937417578498 1.4257619121287131 2.5851829268292685 951.1500000000002 4.5000000000000009 948.95000000000016 0.87878364999916148 60.500000000000007 7.5000000000000009
decision_type=2 2 8 2 2 2 2 2 2 2 2 2 2 2 2 2 2 2 2 2 2 2 2 2 2 2 2 2 2 2
left_child=1 4 6 14 5 -1 8 -8 11 10 17 12 -2 -13 15 16 -3 -5 19 20 -18 -9 24 -7 25 -12 27 -11 -6 -17
right_child=2 3 -4 9 28 23 7 21 -10 26 22 13 -14 -15 -16 29 18 -19 -20 -21 -22 -23 -24 -25 -26 -27 -28 -29 -30 -31
leaf_value=-0.00015610406990548768 -0.0029270190126426425 -0.0019518693883891721 0.0006587452692516227 -0.00057347951199968213 -0.00018035305711911032 -0.00015624705874385685 0.00058376864385843101 0.00074537632916504501 0.00056671736761760953 0.0029102454362601913 -0.0062419997225083585 0.00015947005553322623 0.00045715093818895044 0.00062333857314303626 0.0050015124697992764 -0.00032416933837936957 -0.00042853964099850018 0.0020438899627566341 0.0014373945015622536 -0.00048519702028979581 -6.4939332362951813e-05 -0.0061250166488048463 0.0013971038301840133 -0.00017269913283852789 0.0007404543624787563 0.0021406427113548009 0.00049044146670887856 -0.0041847308582795397 0.00091489502208884734 -3.1693736459989518e-06
leaf_weight=2060 430 285 1615 5298 5529 6762 1628 241 2161 595 215 393 2356 515 232 19149 972 2553 370 491 2785 214 3096 639 2303 601 5610 691 844 37036
leaf_count=2060 430 285 1615 5298 5529 6762 1628 241 2161 595 215 393 2356 515 232 19149 972 2553 370 491 2785 214 3096 639 2303 601 5610 691 844 37036
internal_value=0.000144603 -0.000966766 0.0115537 -9.69777e-05 -0.00548519 -0.00762835 0.00954803 0.0154167 0.00744881 0.00243812 0.00376519 0.00444444 0.00202078 0.0118291 -0.000963718 -0.00102827 -0.00472494 0.000286405 -0.00371188 -0.00482483 -0.00330941 0.00267391 0.00815595 -0.00583716 0.0110531 0.00423873 -0.000269526 -0.00585593 -0.00230009 -0.000705286
internal_weight=107669 98116 9553 82282 15834 9461 7938 2083 5855 20962 14066 3694 2786 908 61320 61088 4903 7851 4618 4248 3757 455 6215 7401 3119 816 6896 1286 6373 56185
internal_count=107669 98116 9553 82282 15834 9461 7938 2083 5855 20962 14066 3694 2786 908 61320 61088 4903 7851 4618 4248 3757 455 6215 7401 3119 816 6896 1286 6373 56185
is_linear=0
shrinkage=0.03


Tree=122
num_leaves=31
num_cat=0
split_feature=21 21 21 12 26 23 2 1 1 25 12 25 26 21 17 23 26 29 1 29 9 26 7 29 1 12 8 8 20 1
split_gain=1500.73 391.492 350.622 140.949 121.43 232.645 109.902 103.492 91.8292 72.1932 64.9078 61.876 159.277 74.2908 63.7243 60.6527 60.5597 73.2304 62.5122 68.3499 61.7022 55.218 55.0162 53.2982 67.9631 89.6743 58.6343 76.4719 56.8033 53.8005
threshold=10.141250000000003 2.2120833333333336 12.669166666666671 4.5750000000000011 -0.90992662233962551 5.0750000000000011 1.1723590301645825 16.650000000000002 -0.44999999999999996 1.4047921198936431 8.5350000000000019 2.0222576079263983 0.79332313182700753 9.0158333333333349 1.7600000000000002 0.77000000000000013 0.87878364999916148 32.500000000000007 22.950000000000003 33.500000000000007 5.5000000000000009 0.99140711019144634 13.500000000000002 75.500000000000014 22.650000000000002 2.7250000000000005 12.500000000000002 1.5000000000000002 2.6987026183238512 4.4500000000000011
decision_type=2 2 2 8 2 2 2 2 2 2 8 2 2 2 2 2 2 2 2 2 2 2 2 2 2 10 2 2 2 2
left_child=1 7 4 8 -2 10 9 15 -3 -4 -6 12 -5 -14 -13 -1 18 -18 20 -20 -16 -19 -9 24 25 -10 27 -27 -26 -29
right_child=2 3 6 11 5 -7 -8 22 23 -11 -12 14 13 -15 16 -17 17 21 19 -21 -22 -23 -24 -25 28 26 -28 29 -30 -31
leaf_value=-0.00015155964698154113 0.00038023458227218199 -0.0001671754425930606 0.00054477122475583449 -0.00011707832433824935 -0.00012659740933807173 0.00059027944995220015 0.00063904687277813838 -0.00027735338275745571 -0.0002450088453820067 0.00051834110055753893 0.00093802380061188458 -0.0011652289291756829 0.00091864512157667272 0.00089781069007020201 0.00079621955698748091 -0.00015142094780832305 -0.0028423130101445761 -0.00092259823857549351 0.0013371479530219523 -0.0016785001603265707 0.0037294485247726214 0.00032515566146455271 -6.2789197851869191e-05 0.0002298963405688168 -0.00014430045851674669 0.0010009397945097273 0.00024825161754923094 -0.00086806056209197998 0.0010167215518652225 -0.00039955534626232746
leaf_weight=1064 4372 6824 816 20585 1658 2810 1993 839 7887 1258 1150 729 9009 2633 3262 2402 546 4454 782 1334 603 3889 1710 3696 9357 908 3975 693 2199 4146
leaf_count=1064 4372 6824 816 20585 1658 2810 1993 839 7887 1258 1150 729 9009 2633 3262 2402 546 4454 782 1334 603 3889 1710 3696 9357 908 3975 693 2199 4146
internal_value=9.78734e-05 -0.00127594 0.00923553 -0.000766831 0.0062071 0.00912324 0.0166577 -0.00867608 -0.00208844 0.0117749 0.00300747 0.000329912 0.0010806 0.00388426 -0.00122084 -0.0120484 -0.000794622 -0.00236452 0.00153859 -0.00260255 0.0038062 -0.00166387 -0.00407596 -0.00143035 -0.00186047 -0.00303338 -0.00110414 -0.00304068 -7.26581e-05 -0.00453964
internal_weight=107583 93526 14057 87511 9990 5618 4067 6015 39685 2074 2808 47826 32227 11642 15599 3466 14870 8889 5981 2116 3865 8343 2549 32861 29165 17609 9722 5747 11556 4839
internal_count=107583 93526 14057 87511 9990 5618 4067 6015 39685 2074 2808 47826 32227 11642 15599 3466 14870 8889 5981 2116 3865 8343 2549 32861 29165 17609 9722 5747 11556 4839
is_linear=0
shrinkage=0.03


Tree=123
num_leaves=31
num_cat=0
split_feature=21 21 16 16 1 1 1 23 26 23 28 5 26 20 23 29 16 16 9 5 23 28 28 16 9 26 1 28 29 1
split_gain=1475 375.449 208.443 196.37 122.543 117.89 117.139 112.343 141.276 108.191 82.2667 74.4187 72.626 77.0197 72.9712 71.609 64.5667 64.3032 62.1479 60.958 59.6872 71.9034 58.3428 55.4916 54.1647 125.651 85.8402 76.0125 70.7528 68.1931
threshold=11.300000000000002 3.0283333333333347 10.405000000000003 14.905000000000003 19.350000000000005 13.65 -0.24999999999999997 5.5450000000000008 0.81408451933196979 0.77000000000000013 976.55000000000007 0.74319737044102319 -0.90992662233962551 2.3990970511479963 5.1150000000000011 92.500000000000014 12.565000000000003 4.5750000000000011 1.5000000000000002 0.02619891214147781 7.4750000000000005 948.95000000000016 967.95000000000016 3.6750000000000003 5.5000000000000009 0.93038214053199464 10.65 955.55000000000007 39.500000000000007 7.2500000000000009
decision_type=2 2 8 8 2 2 2 2 2 2 2 2 2 2 2 2 10 10 2 2 2 2 2 10 2 2 2 2 2 2
left_child=1 4 6 5 9 11 10 22 -9 23 15 -2 13 16 -14 -3 -13 -8 -19 -11 -7 -22 -4 -1 26 -26 28 -27 -20 -30
right_child=3 2 7 -5 -6 20 17 8 -10 19 -12 12 14 -15 -16 -17 -18 18 24 -21 21 -23 -24 -25 25 27 -28 -29 29 -31
leaf_value=-0.0001472013247020106 0.00058631386839446016 -0.0002635923341763874 0.00042342958863835211 0.00067074783953613654 -0.00011966344108522546 -0.00031676978574196488 -0.00029804843456034683 0.00036267573584823019 0.00055693804658793142 -0.00014804475322723022 0.0036612970389441738 0.00051887545043971745 0.00061940496890431902 -0.0001805479309712321 0.0005567470335569824 0.0043308608474434424 0.00052730675919821163 0.00059008678565623807 -0.0024824179017415562 -0.00014231530447824116 -0.00016139688958782705 0.00052989996546704769 0.0017431555546583921 -0.00010773257333156592 0.0012652112452760655 -0.00011874266276943045 -0.00054140446827633882 -0.0016229735650602106 0.00014357962718780092 0.0027996348098097549
leaf_weight=1872 616 9491 11010 1324 6011 554 15315 1825 2011 2895 218 830 429 337 1439 204 926 12461 379 4724 603 1179 208 280 4370 1241 17554 551 4761 1807
leaf_count=1872 616 9491 11010 1324 6011 554 15315 1825 2011 2895 218 830 429 337 1439 204 926 12461 379 4724 603 1179 208 280 4370 1241 17554 551 4761 1807
internal_value=0.000162804 -0.000850463 -4.74758e-05 0.0123574 -0.0050928 0.0103166 -0.00075135 0.00314762 0.00757615 -0.00716551 -0.00376588 0.0131144 0.0146218 0.0107388 0.0189322 -0.00417835 0.0132538 -0.000239717 0.000353359 -0.00548137 0.00481845 0.00748741 0.00163058 -0.0131015 -0.000372701 0.00214042 -0.00100506 -0.0045409 0.00181674 0.00254678
internal_weight=107425 99188 83406 8237 15782 6913 68352 15054 3836 9771 9913 4577 3961 2093 1868 9695 1756 58439 43124 7619 2336 1782 11218 2152 30663 6162 24501 1792 6947 6568
internal_count=107425 99188 83406 8237 15782 6913 68352 15054 3836 9771 9913 4577 3961 2093 1868 9695 1756 58439 43124 7619 2336 1782 11218 2152 30663 6162 24501 1792 6947 6568
is_linear=0
shrinkage=0.03


Tree=124
num_leaves=31
num_cat=0
split_feature=22 16 16 25 5 16 2 19 28 8 2 2 29 28 8 9 29 16 17 28 14 17 29 9 26 24 27 26 28 22
split_gain=1527.66 409.203 239.142 194.056 162.858 141.762 137.47 98.5044 88.5879 87.6023 74.6513 73.6838 83.1694 69.8908 67.9872 65.5952 62.6565 59.7363 62.3962 57.0423 61.0068 56.897 91.3857 65.8604 54.1029 52.9304 104.292 69.4467 64.7621 53.7156
threshold=0.93982204305516548 3.6750000000000003 10.405000000000003 1.3706217028585452 0.029912774103462648 12.565000000000003 1.1275453034827405 1.8362500000000004 964.25000000000011 16.500000000000004 1.146324685092224 1.2092634530215358 92.500000000000014 960.85000000000002 18.500000000000004 3.5000000000000004 62.500000000000007 7.6050000000000013 6.0650000000000004 940.6500000000002 0.22590558499809096 5.9650000000000007 40.500000000000007 1.5000000000000002 -0.74892720285008318 5.0500000000000007 0.19080899537654503 -0.90992662233962551 952.95000000000016 0.66115060849520246
decision_type=2 8 10 2 2 8 2 2 2 2 2 2 2 2 2 2 2 8 2 2 2 2 2 2 2 2 2 2 2 2
left_child=1 4 7 9 6 -2 19 -3 -5 -4 14 21 13 -13 -7 -15 -8 -17 -19 -1 -21 22 -9 25 -6 26 -23 -27 -28 -29
right_child=5 2 3 8 24 10 16 11 -10 -11 -12 12 -14 15 -16 17 -18 18 -20 20 -22 23 -24 -25 -26 27 28 29 -30 -31
leaf_value=-0.00040143080413384359 0.00051363370074015253 -0.00012432119800153484 0.00055169719046833986 0.00027242914029720786 -0.00022871712698373611 0.0005324936309994726 -0.00014585633337161472 -0.00052698093414167344 0.00092827651940226687 -0.00014227625114390129 0.00054026451868295796 -0.0004628935611410378 0.0043001001203850937 -0.00027563147481676807 -0.00043391627878886505 -0.00010800342126453477 -0.00014244454880688482 -0.00022273366690742701 0.0029403975790065493 -0.00032641446327779782 0.00026970042451208114 0.00053004489354074587 4.9834128759541316e-05 2.3436460292945713e-06 -7.0477983456880436e-05 0.00057777737390703242 0.00034556871369070927 0.0024085415054191776 -0.0036498117907691691 0.0036406074090986305
leaf_weight=200 1712 350 2971 10179 8191 642 1865 7115 934 522 3430 5405 228 3638 242 1025 3166 227 921 399 1585 2060 13446 21215 8774 3482 281 1987 430 915
leaf_count=200 1712 350 2971 10179 8191 642 1865 7115 934 522 3430 5405 228 3638 242 1025 3166 227 921 399 1585 2060 13446 21215 8774 3482 281 1987 430 915
internal_value=0.000144223 -0.000727275 0.000337876 0.0037944 -0.00413314 0.0148135 -0.0079072 -0.000467241 0.00185375 0.00995712 0.0177124 -0.000377525 -0.00255219 -0.00291953 0.00985377 -0.000634457 -0.0106334 0.00348485 0.00816999 -0.00161718 -6.03318e-05 0.000111316 -0.00110717 0.000936296 -0.00252622 0.00306223 -0.000399856 0.00456409 -0.0102654 0.00798762
internal_weight=107537 101511 77331 14606 24180 6026 7215 62725 11113 3493 4314 62375 11444 11216 884 5811 5031 2173 1148 2184 1984 50931 20561 30370 16965 9155 2771 6384 711 2902
internal_count=107537 101511 77331 14606 24180 6026 7215 62725 11113 3493 4314 62375 11444 11216 884 5811 5031 2173 1148 2184 1984 50931 20561 30370 16965 9155 2771 6384 711 2902
is_linear=0
shrinkage=0.03


Tree=125
num_leaves=31
num_cat=0
split_feature=21 12 2 16 16 25 12 26 16 5 2 28 2 29 28 28 25 16 26 24 26 28 27 9 9 26 28 28 28 28
split_gain=1484.77 390.295 213.616 206.208 202.808 129.4 118.495 107.242 105.279 73.8553 70.4636 64.147 62.157 87.9245 78.593 59.2102 57.1262 57.0571 54.0326 52.9039 51.1855 50.1267 70.8718 49.8573 108.569 72.599 64.5299 61.5442 60.4084 77.6478
threshold=11.300000000000002 2.6750000000000003 1.1191421875934262 12.565000000000003 10.405000000000003 1.3782751716247141 9.1050000000000022 0.89490028524376763 3.6750000000000003 0.029912774103462648 1.1471207439492868 966.05000000000007 1.2092634530215358 92.500000000000014 976.55000000000007 949.05000000000007 1.4047921198936431 3.7250000000000005 -0.90255091666790832 8.6500000000000004 -0.81408451933196946 952.55000000000007 0.13052122218260662 3.5000000000000004 5.5000000000000009 0.91702515554752073 955.85000000000002 947.1500000000002 959.85000000000002 965.55000000000007
decision_type=2 8 2 8 8 2 10 2 10 2 2 2 2 2 2 2 2 10 2 2 2 2 2 2 2 2 2 2 2 2
left_child=1 2 -1 15 12 7 -5 -6 9 -4 16 -7 17 14 -14 -2 -8 20 -17 -12 21 -3 -23 28 -25 -26 27 -27 -19 -30
right_child=3 4 8 6 5 11 10 -9 -10 -11 19 -13 13 -15 -16 18 -18 23 -20 -21 -22 22 -24 24 25 26 -28 -29 29 -31
leaf_value=3.1327794242435729e-05 -0.000241389352758401 -0.00030565880492042338 -0.0001383932620550974 0.00056751332859870213 0.00042618072471387546 0.00035135139139516104 0.00049831857874450824 0.00060303935263648803 -0.00020880622534241638 -0.00015180443201845848 0.00049607635744552015 0.0014060260226575292 -0.00031382032568624899 0.0049976460969539723 0.0038138618141644286 0.00048978464088206047 0.00057645273810915222 0.00019662551720195834 0.00055131866625398706 0.00051762941544492014 3.987794129532707e-06 -0.00061872401674338356 0.00041654043064913042 -0.00061520525199084363 0.0011576191446211355 -0.0014317624599306702 -0.0015444420928688502 0.0020613213267164907 0.0019220689088828014 -0.0014057917432679973
leaf_weight=6628 680 3619 5680 653 1676 10410 472 2168 6619 3580 306 402 8664 225 221 1691 589 21767 670 3216 5419 1593 431 11777 4177 337 488 993 2330 231
leaf_count=6628 680 3619 5680 653 1676 10410 472 2168 6619 3580 306 402 8664 225 221 1691 589 21767 670 3216 5419 1593 431 11777 4177 337 488 993 2330 231
internal_value=0.000238402 -0.000778057 -0.0042524 0.0124426 0.000238649 0.00341314 0.0160504 0.00813718 -0.00614014 -0.00820507 0.0177528 0.00173061 -0.000508695 -0.00279759 -0.00326997 0.00621471 0.0108912 -0.000116238 0.00845731 0.0198015 -0.00203307 -0.00403152 -0.0078068 0.000387602 -0.000820161 0.002465 -0.00253428 0.000898876 0.00126988 0.00562354
internal_weight=107712 99435 22507 8277 76928 14656 5236 3844 15879 9260 4583 10812 62272 9110 8885 3041 1061 53162 2361 3522 11062 5643 2024 42100 17772 5995 1818 1330 24328 2561
internal_count=107712 99435 22507 8277 76928 14656 5236 3844 15879 9260 4583 10812 62272 9110 8885 3041 1061 53162 2361 3522 11062 5643 2024 42100 17772 5995 1818 1330 24328 2561
is_linear=0
shrinkage=0.03


Tree=126
num_leaves=31
num_cat=0
split_feature=21 12 21 1 17 28 12 26 25 8 25 1 17 28 10 23 7 3 23 21 10 25 8 28 1 9 17 17 9 27
split_gain=1421.73 389.836 200.88 157.958 150.757 111.656 101.881 136.334 82.7724 74.3623 73.6266 71.3724 58.225 57.2732 55.903 55.7345 54.1917 53.2555 56.2239 54.3095 52.4087 52.1081 51.1065 70.5204 98.9379 51.2621 50.9454 49.252 50.7575 46.6206
threshold=11.906666666666668 4.5750000000000011 2.2120833333333336 14.65 11.235000000000001 952.55000000000007 8.0750000000000011 0.90992662233962551 1.6212728567789167 14.500000000000002 2.0088626485835479 16.650000000000002 12.355000000000002 947.55000000000007 11.500000000000002 0.77000000000000013 13.500000000000002 4.2654888477011665 1.3950000000000002 5.901250000000001 3.5000000000000004 1.0878847064393942 7.5000000000000009 950.25000000000011 10.250000000000002 1.5000000000000002 3.0950000000000002 5.8550000000000013 1.0000000180025095e-35 -0.72534675097891077
decision_type=2 8 2 2 2 2 10 2 2 2 2 2 2 2 2 2 2 2 2 2 2 2 2 2 2 2 2 2 2 2
left_child=1 2 11 -2 17 22 -6 20 9 -5 -9 15 -11 -10 29 -1 -13 18 -3 -19 -8 -21 23 26 -25 -26 -4 -28 -29 -7
right_child=3 4 5 8 6 14 7 10 13 12 -12 16 -14 -15 -16 -17 -18 19 -20 21 -22 -23 -24 24 25 -27 27 28 -30 -31
leaf_value=-0.00013406536005092226 0.00049548360501547209 -0.00058100220558802778 5.3702721378114519e-05 0.00055883520620854214 0.00040191826103132207 0.00013424290435820783 -0.002038921073321339 0.00057466974900606147 0.00077248160389624453 -0.0024056783644384985 0.00083015161174748492 -0.00027468414066925573 0.00052272151426540627 -0.00083453769039167568 0.00013011570785637501 -0.00013389525655945291 -5.1051827396256519e-05 -0.00041822117952892632 0.00085452137671552782 0.0024846413905018558 0.00049597688274338303 6.7045402067182627e-05 0.00012301021327288387 -0.00066829105111549053 0.003428045940928306 0.00048361316060879117 -0.00046516656630361353 0.0027408940759394776 -0.00060265140347201638 -0.00018096945418838773
leaf_weight=1060 4298 516 1690 649 6738 1313 358 1889 203 208 888 857 529 281 2562 2385 1668 8444 3500 792 2778 29727 11703 319 420 648 2436 313 1981 16216
leaf_count=1060 4298 516 1690 649 6738 1313 358 1889 203 208 888 857 529 281 2562 2385 1668 8444 3500 792 2778 29727 11703 319 420 648 2436 313 1981 16216
internal_value=0.000174623 -0.000677924 -0.00273499 0.014152 0.00100728 -0.00196107 0.00388511 0.00675735 0.006848 0.0105679 0.0115924 -0.00786276 0.0040027 -0.00380368 -0.00353055 -0.0106696 -0.00401976 0.000159827 0.0034469 -0.000179378 0.00246418 0.000409841 -0.00034435 -0.0022235 0.00390086 0.00827586 -0.00354864 -0.00514467 -0.00198347 -0.00413539
internal_weight=107369 101201 45571 6168 55630 39601 12651 5913 1870 1386 2777 5970 737 484 20091 3445 2525 42979 4016 38963 3136 30519 19510 7807 1387 1068 6420 4730 2294 17529
internal_count=107369 101201 45571 6168 55630 39601 12651 5913 1870 1386 2777 5970 737 484 20091 3445 2525 42979 4016 38963 3136 30519 19510 7807 1387 1068 6420 4730 2294 17529
is_linear=0
shrinkage=0.03


Tree=127
num_leaves=31
num_cat=0
split_feature=21 12 16 1 16 25 16 12 5 17 28 1 13 8 28 28 29 25 1 17 1 29 8 1 27 28 0 2 3 24
split_gain=1400.38 370.997 199.727 197.484 179.704 132.386 118.637 113.521 83.4499 79.4142 95.4634 74.4626 65.0608 61.2335 135.305 109.953 93.6003 83.7651 77.5555 72.0756 73.6138 70.4895 60.2692 83.1454 57.1138 54.9592 64.2775 54.7898 68.6312 54.0592
threshold=11.300000000000002 2.6750000000000003 12.565000000000003 22.050000000000004 9.4050000000000029 2.0156210601660933 3.6750000000000003 9.1050000000000022 0.029912774103462648 11.295000000000002 958.85000000000002 3.4500000000000006 11.061666666666669 12.500000000000002 953.45000000000016 949.85000000000002 62.500000000000007 1.2943126684636121 18.850000000000005 5.1550000000000011 17.250000000000004 93.500000000000014 19.500000000000004 14.65 0.095842103007655569 960.75000000000011 8.2550000000000008 1.2222374236189488 3.7618636237153722 11.350000000000003
decision_type=2 8 8 2 8 2 10 10 2 2 2 2 2 2 2 2 2 2 2 2 2 2 2 2 2 2 2 2 2 2
left_child=1 3 12 6 13 9 8 -4 -1 -6 11 -11 -2 14 15 16 17 -3 -17 20 24 25 -9 -24 -15 27 -27 -16 -29 -21
right_child=2 4 7 -5 5 -7 -8 22 -10 10 -12 -13 -14 19 21 18 -18 -19 -20 29 -22 -23 23 -25 -26 26 -28 28 -30 -31
leaf_value=-0.00013079504480678104 0.00054694533948867249 0.00015508408022532838 0.00053489066335007886 8.4763063567220086e-06 0.00052666745504696742 -0.00024057652399491589 -0.00020331999860979632 0.0004862979486954222 -0.00014069266225426021 -0.0017276497795738431 0.00086924146415105145 0.00058721126462533578 0.00035870072155924079 -0.00013688621377639528 -0.00055230088746508735 0.00021566545355126087 0.00091520333629788089 -0.00054685031297894309 0.0027916541388652329 0.00046937190511003602 -0.00042727750658987703 0.0034402459924259823 0.00047403163425206892 -0.00078415456371407782 0.0011663931248502284 -7.1026965956395431e-05 -0.0038565414390161067 -3.8424059817528077e-05 -0.0015006705136913173 -0.00071733452747764655
leaf_weight=5643 912 3025 678 6586 8499 8083 6705 3775 3582 757 2120 2612 2165 2530 6652 2979 2557 5485 1530 14814 5892 217 458 233 1312 3976 243 337 664 2536
leaf_count=5643 912 3025 678 6586 8499 8083 6705 3775 3582 757 2120 2612 2165 2530 6652 2979 2557 5485 1530 14814 5892 217 458 233 1312 3976 243 337 664 2536
internal_value=9.23188e-05 -0.000892683 0.0119876 -0.00427867 9.99675e-05 0.00238494 -0.00608472 0.015603 -0.00829144 0.00415065 0.00696214 0.00381446 0.00592797 -0.00082131 -0.00181388 3.46576e-05 -0.00157424 -0.00308632 0.00398095 0.000192698 -0.00187288 -0.00419464 0.0173384 0.00909483 0.0013569 -0.00450619 -0.00175426 -0.00602115 -0.0125547 0.00135177
internal_weight=107557 99336 8221 22516 76820 22071 15930 5144 9225 13988 5489 3369 3077 54749 27665 15576 11067 8510 4509 27084 9734 12089 4466 691 3842 11872 4219 7653 1001 17350
internal_count=107557 99336 8221 22516 76820 22071 15930 5144 9225 13988 5489 3369 3077 54749 27665 15576 11067 8510 4509 27084 9734 12089 4466 691 3842 11872 4219 7653 1001 17350
is_linear=0
shrinkage=0.03


Tree=128
num_leaves=31
num_cat=0
split_feature=22 12 21 2 21 25 28 28 29 8 23 25 2 28 19 29 2 2 10 8 29 2 10 29 28 28 11 2 26 11
split_gain=1380.09 385.648 204.839 142.056 138.122 124.155 89.0313 82.2132 130.668 94.7911 123.706 81.9053 76.8755 74.8127 66.5421 68.1434 61.8773 87.4164 60.7626 104.598 87.9945 72.8635 70.2354 66.4494 75.5366 73.3052 66.0535 84.2293 63.2564 58.3822
threshold=0.93982204305516548 4.955000000000001 2.2120833333333336 1.1479179092120886 10.141250000000003 1.3196242966087115 956.6500000000002 952.45000000000016 25.500000000000004 14.500000000000002 2.7850000000000006 1.4047921198936431 1.1399957699588728 975.25000000000011 13.188750000000002 68.500000000000014 1.2092634530215358 1.1939673837633229 1.5000000000000002 14.500000000000002 59.500000000000007 1.2070543490138486 6.5000000000000009 84.500000000000014 958.85000000000002 955.75000000000011 6.7750000000000012 1.1415714380141171 -0.93038214053199442 5.9850000000000012
decision_type=2 8 2 2 2 2 2 2 2 2 2 2 2 2 2 2 2 2 2 2 2 2 2 2 2 2 10 2 2 10
left_child=1 2 12 11 13 6 -6 -4 -9 -10 16 -2 -1 18 15 -5 17 -11 19 20 -3 -22 23 24 25 26 -20 -28 -27 -12
right_child=3 4 7 14 5 -7 -8 8 9 10 29 -13 -14 -15 -16 -17 -18 -19 22 -21 21 -23 -24 -25 -26 28 27 -29 -30 -31
leaf_value=-0.00014327434537442755 0.00045577665963292599 -0.0045218955114845584 -7.2373827911452576e-05 0.00051957670068977226 0.00045602574881640546 0.00044287401408591332 0.00045567108442585102 -0.00064164976844978546 -0.00016684934988585225 -0.00015194520777631789 0.0021700901245795923 0.00028587847758436809 -0.00012607360233529426 0.0047756947025989474 0.00047017211658395672 0.00041557003723374672 -0.00015514487016462424 0.0013128778473903155 0.0012496867601899612 0.00062761334583034403 0.0049795643986192319 -0.001356835869729809 -0.00011710850124498405 -0.0012971719674511808 0.0021034914130781167 -0.0024014694841201253 -0.00051890989184266538 0.0031710844433158734 0.00015272596235783807 -0.00066819861961160828
leaf_weight=2558 645 341 21674 1303 1103 6315 602 709 14420 3066 1101 1009 3482 224 2175 918 2179 1035 6074 1192 238 1311 22014 684 2470 738 4429 1777 1544 290
leaf_count=2558 645 341 21674 1303 1103 6315 602 709 14420 3066 1101 1009 3482 224 2175 918 2179 1035 6074 1192 238 1311 22014 684 2470 738 4429 1777 1544 290
internal_value=0.000117631 -0.000711789 -0.00257012 0.0140314 0.00112689 0.00474019 0.0119123 -0.0018656 -0.003123 -0.00271407 -1.95414e-05 0.00650995 -0.00775186 0.000453056 0.0168507 0.0131402 -0.00181384 0.000358013 0.000361539 -0.00369291 -0.00807388 -0.005 0.000676482 0.00208228 0.00245114 0.00162697 0.00254457 0.000367091 -0.00330564 0.00805874
internal_weight=107620 101570 50514 6050 51056 8020 1705 44474 22800 22091 7671 1654 6040 43036 4396 2221 6280 4101 42812 3082 1890 1549 39730 17716 17032 14562 12280 6206 2282 1391
internal_count=107620 101570 50514 6050 51056 8020 1705 44474 22800 22091 7671 1654 6040 43036 4396 2221 6280 4101 42812 3082 1890 1549 39730 17716 17032 14562 12280 6206 2282 1391
is_linear=0
shrinkage=0.03


Tree=129
num_leaves=31
num_cat=0
split_feature=21 12 16 16 1 23 16 25 26 5 12 25 1 2 28 1 10 25 27 15 16 13 10 13 20 28 1 9 28 19
split_gain=1409.43 381.467 208.295 194.292 191.897 115.492 107.639 94.0123 100.369 82.7949 78.0543 65.6145 64.792 64.715 64.2776 96.2726 61.7677 58.226 56.2322 50.9636 52.5996 47.1174 47.6649 47.0243 41.4822 41.1127 40.7634 57.2276 49.2585 53.9456
threshold=11.300000000000002 2.6750000000000003 12.565000000000003 10.405000000000003 22.050000000000004 4.9650000000000007 3.8250000000000006 2.0088626485835479 0.89490028524376763 0.029912774103462648 8.2550000000000008 2.6058031150399907 14.850000000000003 1.2401305403063472 958.6500000000002 19.150000000000002 11.500000000000002 1.4047921198936431 0.39073112848927366 0.5500000000000006 4.8250000000000011 11.061666666666669 10.500000000000002 0.8300000000000004 1.4802744677870294 968.25000000000011 0.25000000000000006 1.5000000000000002 957.35000000000002 7.3087500000000016
decision_type=2 10 8 8 2 2 10 2 2 2 10 2 2 2 2 2 2 2 2 10 10 2 2 2 2 2 2 2 2 2
left_child=1 4 21 11 6 16 9 8 -5 -1 14 19 -7 -9 15 -10 -4 -14 -13 20 -3 -2 -23 -8 -6 -21 -22 28 -28 -30
right_child=2 3 5 7 24 12 23 13 10 -11 -12 18 17 -15 -16 -17 -18 -19 -20 25 26 22 -24 -25 -26 -27 27 -29 29 -31
leaf_value=-0.00012388548049502323 0.00050280525273628919 -0.00021405796582027106 -0.0012512502984345407 0.00026535961385681955 -0.00013918413446460136 0.00045145569534173809 0.0013384132116868246 -0.0003214061608157348 -0.00069296894030790204 -0.00013448081371039399 0.00055013608048120612 -0.00018893867065281647 0.00043872369948647961 0.0045565821538848294 0.0015180826550773019 0.0024159690501838102 0.00090127245994890302 0.00053537327727786518 -0.00098517744243843187 0.0001373943108669029 -0.00047887046433422526 0.00022003573255591156 0.00056020353471146977 -0.00023393598013808143 0.00038003828537078508 0.0044611008987815249 0.00031370263804978538 -0.00018784053454090843 0.00016898202646156504 0.0041289836809789236
leaf_weight=5885 904 11220 417 4232 3313 3410 213 4970 1435 3669 1548 2592 484 480 1540 501 293 583 1052 17202 5294 1868 283 6083 3322 331 5663 17437 831 803
leaf_count=5885 904 11220 417 4232 3313 3410 213 4970 1435 3669 1548 2592 484 480 1540 501 293 583 1052 17202 5294 1868 283 6083 3322 331 5663 17437 831 803
internal_value=6.397e-05 -0.000922697 0.0119825 7.97293e-05 -0.0043606 0.0156414 -0.00615326 0.00318129 0.00502106 -0.00815985 0.00788626 -0.000651129 0.017423 5.49954e-05 0.00537777 0.00173107 0.00436364 0.0108862 -0.00455467 -0.000408771 -0.000984656 0.0057549 0.0033256 -0.00310427 -7.68072e-05 0.000945946 -0.000329637 0.000181899 0.00241167 0.00699207
internal_weight=107858 99616 8242 77131 22485 5187 15850 14706 9256 9554 5024 62425 4477 5450 3476 1936 710 1067 3644 58781 41248 3055 2151 6296 6635 17533 30028 24734 7297 1634
internal_count=107858 99616 8242 77131 22485 5187 15850 14706 9256 9554 5024 62425 4477 5450 3476 1936 710 1067 3644 58781 41248 3055 2151 6296 6635 17533 30028 24734 7297 1634
is_linear=0
shrinkage=0.03


Tree=130
num_leaves=31
num_cat=0
split_feature=21 21 21 1 28 16 15 25 1 26 24 28 1 8 10 17 28 16 23 28 29 11 17 25 26 23 26 10 9 25
split_gain=1445.39 381.187 257.662 183.43 90.8343 89.923 88.7858 88.5107 86.4908 83.8166 130.258 117.684 83.7152 79.6205 78.6557 103.173 147.065 74.4673 71.3729 66.0028 76.0281 65.9949 63.3596 58.2378 76.813 57.0819 63.8489 53.0169 63.2087 69.6179
threshold=11.906666666666668 2.2120833333333336 8.1219444444444466 14.850000000000003 948.95000000000016 11.815000000000003 0.81999999999999984 1.6983966326071591 -0.34999999999999992 0.90992662233962551 8.0500000000000025 951.25000000000011 19.050000000000004 14.500000000000002 5.5000000000000009 9.9350000000000005 953.45000000000016 4.5750000000000011 0.77000000000000013 953.1500000000002 25.500000000000004 9.2150000000000016 12.285000000000002 1.412508890469417 0.85260769842926931 8.0850000000000026 0.99535829673000953 8.5000000000000018 4.5000000000000009 2.0776187555373822
decision_type=2 2 2 2 2 8 10 2 2 2 2 2 2 2 2 2 2 8 2 2 2 8 2 2 2 2 2 2 2 2
left_child=1 12 6 5 8 -2 17 13 -4 14 -11 -12 18 -5 15 -6 -17 19 -1 -3 -21 -7 -15 -19 27 26 -10 -25 29 -29
right_child=3 2 4 7 9 21 -8 -9 25 10 11 -13 -14 22 -16 16 -18 23 -20 20 -22 -23 -24 24 -26 -27 -28 28 -30 -31
leaf_value=-0.00011864610710922745 0.00045724381270830893 -0.00017787384350439225 -0.0033154338781444404 0.0004923709259381803 0.0014890781929008433 0.00038713729552177889 0.00018019858039344935 -0.00041426915759116612 0.0010417682033781201 0.00093214060724479126 -0.00053330192674961641 0.00054595504701823619 -0.00014772519744334908 -0.003053649051632773 0.00058765336620902778 0.00111188280597034 -0.003563173427246131 0.00014586417059551327 -0.00011857236092550047 -0.00035251811139010451 -0.00012613616246098198 0.0004449982520124729 0.00046923679077555234 -0.00018350213580174815 -0.00060246877138835108 -0.0035152623920992943 -0.0044355296192815086 -0.00042558941922183659 0.0026600949142049674 0.0012323213300611323
leaf_weight=1117 506 12385 240 681 1915 373 12673 368 3534 6222 405 3320 2083 209 5045 889 1566 13281 2833 328 8474 3539 568 9091 11219 661 332 1696 983 1140
leaf_count=1117 506 12385 240 681 1915 373 12673 368 3534 6222 405 3320 2083 209 5045 889 1566 13281 2833 328 8474 3539 568 9091 11219 661 332 1696 983 1140
internal_value=0.000178304 -0.000684366 -0.000221689 0.0141815 0.00245753 0.0174859 -0.00112887 0.00616057 -0.00125105 0.00337068 0.00529039 0.00972386 -0.00799437 0.00947368 0.00134076 -0.00160457 -0.00567073 -0.00162128 -0.0105588 -0.00304219 -0.00502782 0.0190248 0.00287724 -0.00081625 -0.00169429 -0.000311121 0.00108499 -0.000116144 0.0028478 0.000570222
internal_weight=107676 101432 95399 6244 24129 4418 71270 1826 4767 19362 9947 3725 6033 1458 9415 4370 2455 58597 3950 21187 8802 3912 777 37410 24129 4527 3866 12910 3819 2836
internal_count=107676 101432 95399 6244 24129 4418 71270 1826 4767 19362 9947 3725 6033 1458 9415 4370 2455 58597 3950 21187 8802 3912 777 37410 24129 4527 3866 12910 3819 2836
is_linear=0
shrinkage=0.03


Tree=131
num_leaves=31
num_cat=0
split_feature=22 16 12 16 28 16 25 19 12 28 25 10 8 27 1 2 26 29 12 1 9 2 12 1 0 8 8 29 18 25
split_gain=1374.3 374.162 195.241 148.434 144.251 131.766 87.4728 86.7645 83.9631 83.3458 75.5385 67.2798 76.191 94.2902 73.4555 70.0054 64.109 72.3434 82.4207 65.8062 68.1544 59.7971 58.8263 58.814 66.1332 80.3485 62.5111 57.275 57.3824 59.3954
threshold=0.93982204305516548 3.6750000000000003 8.0750000000000011 12.485000000000001 952.6500000000002 10.155000000000003 1.3196242966087115 1.8362500000000004 1.8650000000000004 951.25000000000011 1.4257619121287131 2.5000000000000004 16.500000000000004 0.10452846326765323 -2.9499999999999997 1.2471527975454253 0.89490028524376763 21.500000000000004 2.3650000000000007 30.150000000000002 3.5000000000000004 1.2231424495407228 4.6550000000000011 14.65 10.355000000000002 10.500000000000002 18.500000000000004 32.500000000000007 3.1550000000000007 2.6600653594771249
decision_type=2 8 8 8 2 10 2 2 10 2 2 2 2 2 2 2 2 2 10 2 2 2 10 2 2 2 2 2 10 2
left_child=1 4 7 -2 -1 -4 9 -3 -6 -7 16 12 13 15 -13 21 -9 19 -19 20 -18 -12 -14 24 25 -5 -25 -10 29 -29
right_child=3 2 5 23 8 6 -8 10 27 -11 11 14 22 -15 -16 -17 17 18 -20 -21 -22 -23 -24 26 -26 -27 -28 28 -30 -31
leaf_value=-0.00017059031822998989 0.00040642376329110274 -9.7443111846174353e-05 0.00025317857721486093 0.00036826992291204448 -0.00011516309964515402 0.00055275493267001319 0.00054717625821222029 -4.4256393589531258e-06 -0.00019230625791478325 0.00040421549466626013 0.00020880789663573428 0.0019060581093506036 -0.0005243051358634999 -0.001366817372541211 -0.00016504665888480595 0.0044160803587087339 -0.0003021899682602637 -0.00021204529898552062 0.0011275169074533796 0.0018538090163221499 -0.0062460713975347228 -0.00038310925633756849 0.00081125539877017485 0.00043415257674100038 0.00042684161975180322 0.00070904871839571942 -0.00018326191957520832 2.2032918485651585e-05 -0.00030774207889792607 -0.00012070409937134392
leaf_weight=13245 1622 356 8615 554 4152 791 5352 15533 655 1231 959 1474 874 2559 29823 270 273 719 4940 440 235 1147 1630 664 2465 449 254 2918 3116 210
leaf_count=13245 1622 356 8615 554 4152 791 5352 15533 655 1231 959 1474 874 2559 29823 270 273 719 4940 440 235 1147 1630 664 2465 449 254 2918 3116 210
internal_value=0.000114108 -0.000711274 0.000310388 0.0140496 -0.00395786 0.00326185 0.00620409 -0.000460506 -0.00648788 0.0115146 -0.000373516 -0.0011724 -0.00373589 -0.00589676 -0.000562584 -0.00158757 0.00102416 0.00349819 0.00478284 -0.0041553 -0.011462 -0.00343913 0.000526106 0.0169164 0.01871 0.0121131 0.0100758 -0.00445394 -0.00356217 -0.000689435
internal_weight=107525 101517 77221 6008 24296 15989 7374 61232 11051 2022 60876 38736 7439 4935 31297 2376 22140 6607 5659 948 508 2106 2504 4386 3468 1003 918 6899 6244 3128
internal_count=107525 101517 77221 6008 24296 15989 7374 61232 11051 2022 60876 38736 7439 4935 31297 2376 22140 6607 5659 948 508 2106 2504 4386 3468 1003 918 6899 6244 3128
is_linear=0
shrinkage=0.03


Tree=132
num_leaves=31
num_cat=0
split_feature=21 12 21 1 16 28 25 1 26 2 25 8 16 28 29 8 24 9 28 21 1 17 23 27 29 1 8 26 8 13
split_gain=1347.66 342.343 201.684 177.347 123.552 113.612 110.803 86.8759 85.5801 85.6158 77.3699 85.5761 75.0234 70.9285 126.063 61.3221 110.309 105.771 58.2433 58.0647 57.6787 57.3533 55.0516 52.6518 66.9727 56.1015 52.5242 54.4551 52.4672 50.7998
threshold=11.906666666666668 5.0050000000000008 2.2120833333333336 14.850000000000003 10.405000000000003 964.25000000000011 1.3573189712295626 16.650000000000002 -0.7880107536067219 1.2035365218977041 1.706594202898551 14.500000000000002 14.905000000000003 952.55000000000007 25.500000000000004 14.500000000000002 4.9500000000000011 2.5000000000000004 940.6500000000002 10.141250000000003 -1.2499999999999998 12.285000000000002 0.77000000000000013 0.19936034309715231 59.500000000000007 38.050000000000004 10.500000000000002 -0.92384435400961384 16.500000000000004 10.435000000000002
decision_type=2 8 2 2 8 2 2 2 2 2 2 2 8 2 2 2 2 2 2 2 2 2 2 2 2 2 2 2 2 2
left_child=1 2 7 12 -3 6 8 22 9 28 11 -5 26 20 -15 -16 17 -17 -9 -10 -4 -13 -1 24 -22 -25 29 -28 -6 -2
right_child=3 4 13 10 5 -7 -8 18 19 -11 -12 21 -14 14 15 16 -18 -19 -20 -21 23 -23 -24 25 -26 -27 27 -29 -30 -31
leaf_value=-0.00011158474509849563 0.00032692659593989038 1.8541655719689075e-05 -0.001395217439127842 0.00044354522188812029 0.0010041340748979165 0.00079346882310688536 0.00022050748336172765 -0.00037989387912372235 0.00047667832700251542 -0.0017328706271480508 -0.00038801404910554613 -0.0024153813632505927 0.0005650246427642302 -0.00059354041491439043 -0.0001452245117747587 -0.00026389099923242805 0.00095509076868873866 0.00012812282619416865 -9.2542123773973881e-05 0.00038029830327627188 -0.0002923332142707327 0.00044973465880300263 -0.00011156029710838082 0.00028708756394162593 0.00035656008451647706 -0.00090081629979701873 0.00039728616500235071 0.00047723205443544136 -0.00051170338458485568 0.00039749108269141462
leaf_weight=1083 531 35643 257 662 602 1219 10314 221 1265 286 369 219 968 712 14547 2464 2321 2900 2322 822 10614 587 2401 7289 3708 235 1076 827 370 932
leaf_count=1083 531 35643 257 662 602 1219 10314 221 1265 286 369 219 968 712 14547 2464 2321 2900 2322 822 10614 587 2401 7289 3708 235 1076 827 370 932
internal_value=0.000106337 -0.000720768 -0.00245267 0.0137128 0.00103016 0.00332594 0.00254025 -0.00760444 0.0072806 0.00109264 0.00587948 0.0089613 0.0170224 -0.00176263 -0.00293085 -0.00253092 -0.000362809 -0.00272676 -0.00337912 0.010999 -0.000549575 0.00236745 -0.0106793 -0.000381676 -0.00144901 0.00164962 0.0148621 0.0181604 0.00534289 0.0105245
internal_weight=107766 101595 51074 6171 50521 14878 13659 6027 3345 1258 1837 1468 4334 45047 22944 22232 7685 5364 2543 2087 22103 806 3484 21846 14322 7524 3366 1903 972 1463
internal_count=107766 101595 51074 6171 50521 14878 13659 6027 3345 1258 1837 1468 4334 45047 22944 22232 7685 5364 2543 2087 22103 806 3484 21846 14322 7524 3366 1903 972 1463
is_linear=0
shrinkage=0.03


Tree=133
num_leaves=31
num_cat=0
split_feature=21 21 12 21 26 2 26 25 17 1 9 28 14 2 2 28 28 29 8 12 25 26 20 25 29 6 17 1 1 29
split_gain=1395.82 327.589 195.119 153.186 113.138 112.302 83.4832 95.3068 98.1335 76.2389 72.6923 68.7335 63.4035 61.5306 86.7442 128.527 57.4661 185.32 102.996 104.633 129.294 84.3319 59.3951 57.2541 55.9903 55.9646 55.5122 54.4379 53.8471 57.0798
threshold=11.300000000000002 2.2120833333333336 6.2550000000000008 13.233333333333336 0.95878322595067733 1.1723590301645825 -0.91702515554752051 2.0156210601660933 11.235000000000001 16.650000000000002 1.5000000000000002 958.75000000000011 1.8023271988187102 1.0817641557139981 1.1237101151534263 950.85000000000002 952.55000000000007 25.500000000000004 13.500000000000002 2.4950000000000006 1.4404080067090972 0.95878322595067733 3.914473144438678 1.9048996399039746 32.500000000000007 1.5000000000000002 10.215000000000002 18.250000000000004 -1.2499999999999998 59.500000000000007
decision_type=2 2 8 2 2 2 2 2 2 2 2 2 2 2 2 2 2 2 2 10 2 2 2 2 2 2 2 2 2 2
left_child=1 9 16 4 -2 12 13 8 -8 -1 -6 27 -5 -4 -15 23 28 -18 22 -20 21 -21 -19 -16 -17 -11 -26 -10 -3 -30
right_child=3 2 6 5 10 -7 7 -9 11 25 -12 -13 -14 14 15 24 17 18 19 20 -22 -23 -24 -25 26 -27 -28 -29 29 -31
leaf_value=-0.00010821348819512937 0.00037435415501559929 -0.0013533609159540067 0.0015577903066795432 0.00038457467632633022 0.00027317825588364539 0.00046802892191249665 0.00066701088556262778 -4.873337291663449e-06 0.00024356560968101626 -0.00024606539216974157 0.00046738464689442425 0.00071504958019434129 -0.00048277786832401359 -0.0010173965322382676 0.0017260286413521262 0.001357998585600253 -0.00066105823055598366 -0.00017533069897721627 -0.00012590077025912455 0.00061252688716929512 -5.8144167818126309e-05 0.0028538186136729286 0.00099718041720758366 0.0052437658921799524 6.6938278635883384e-05 -2.525589727066256e-05 -0.001758546919692206 0.00067334477746687211 -0.00013447856319494516 0.00051350583409808805
leaf_weight=3473 3624 375 1427 1192 318 1430 7717 6714 1602 782 1393 1853 277 5564 962 306 983 17396 2818 2599 5875 606 947 710 4082 1735 1552 763 22012 6459
leaf_count=3473 3624 375 1427 1192 318 1430 7717 6714 1602 782 1393 1853 277 5564 962 306 983 17396 2818 2599 5875 606 947 710 4082 1735 1552 763 22012 6459
internal_value=0.000215898 -0.000768449 -0.000331737 0.0120816 0.00905056 0.0176343 0.00151186 0.00284175 0.00444975 -0.00756631 0.0154021 0.00812692 0.0117436 -0.000186884 -0.000828465 0.00125246 -0.00135231 -0.00224407 -0.00182603 0.000347811 0.00191524 0.00675701 -0.00323578 0.00858676 -0.000817494 -0.00358049 -0.00150027 0.00472152 -0.000386815 -0.000237042
internal_weight=107546 99312 93322 8234 5335 2899 33252 18649 11935 5990 1711 4218 1469 14603 13176 7612 60070 31224 30241 11898 9080 3205 18343 1672 5940 2517 5634 2365 28846 28471
internal_count=107546 99312 93322 8234 5335 2899 33252 18649 11935 5990 1711 4218 1469 14603 13176 7612 60070 31224 30241 11898 9080 3205 18343 1672 5940 2517 5634 2365 28846 28471
is_linear=0
shrinkage=0.03


Tree=134
num_leaves=31
num_cat=0
split_feature=21 21 16 1 13 1 17 25 25 28 16 1 2 16 10 17 9 9 28 28 26 22 17 28 17 27 1 20 26 28
split_gain=1363.93 374.178 199.327 160.396 103.32 120.881 100.549 108.57 95.7037 88.2216 78.2957 75.6331 66.2672 62.1676 60.034 59.817 74.6423 58.5796 63.5307 57.7373 59.6309 57.7891 57.6353 57.4585 59.2722 65.15 57.747 55.1534 94.4548 79.2513
threshold=11.906666666666668 2.9333333333333331 10.405000000000003 14.65 1.696666666666667 22.050000000000004 9.7350000000000012 1.3573189712295626 1.6446063421907453 958.85000000000002 14.905000000000003 -0.24999999999999997 1.2204313837119265 3.6750000000000003 2.5000000000000004 6.0650000000000004 1.5000000000000002 3.5000000000000004 967.95000000000016 951.55000000000007 0.81408451933196979 0.87227357397129868 12.155000000000003 975.25000000000011 9.3850000000000033 0.3090169943749474 -8.5499999999999989 2.2025856000984478 -0.90255091666790832 955.55000000000007
decision_type=2 2 8 2 2 2 2 2 2 2 8 2 2 10 2 2 2 2 2 2 2 2 2 2 2 2 2 2 2 2
left_child=1 4 11 10 5 13 -4 19 22 14 27 23 -6 -1 -9 -13 -17 18 -11 -8 -21 -22 -5 24 25 -3 -26 -2 29 -29
right_child=3 2 6 8 12 -7 7 9 -10 17 -12 15 -14 -15 -16 16 -18 -19 -20 20 21 -23 -24 -25 26 -27 -28 28 -30 -31
leaf_value=-0.00010555615766374281 0.00038200228137796774 -0.00014014377648005521 -0.00017351675729218889 -0.00085413853292534367 -9.7192488508914094e-05 -4.351203911849566e-05 0.00036035739016606168 -0.0018411609915651528 -0.0003898239805766035 0.00037760697289475397 0.00054152000355146552 -0.00023312503463692304 -0.00011212363574564849 -0.00011159685019597305 0.00041141749354365264 0.00081282721432669118 -0.0001114936641395993 0.00091797274620197041 0.0008058326617807665 0.00011799665606880172 0.00045051533238796293 0.00037584813523101169 0.00043765413906096673 0.0031699729239101212 -0.001053325920088988 0.00038733083548248833 -0.00089791022429980293 0.00043775586206039715 0.00037090509667080053 -0.0032085241781584532
leaf_weight=4034 1939 5435 4709 279 7686 1397 841 1354 432 1898 922 26136 648 730 4444 10353 23306 1420 226 419 918 695 1131 301 343 1215 2949 212 984 214
leaf_count=4034 1939 5435 4709 279 7686 1397 841 1354 432 1898 922 26136 648 730 4444 10353 23306 1420 226 419 918 695 1131 301 343 1215 2949 212 984 214
internal_value=6.693e-05 -0.000762551 -1.86278e-05 0.0138231 -0.00522414 -0.00816899 0.00290271 0.00433797 0.00639957 0.00276666 0.0170136 -0.000724698 -0.00304353 -0.0104424 0.000485956 -0.000316555 0.000519546 0.00649197 0.0033255 0.00943363 0.0121649 0.0147775 0.0101767 -0.00310597 -0.00349854 -0.00186627 -0.00678799 0.014839 0.0102615 -0.00153132
internal_weight=107570 101457 86962 6113 14495 6161 16924 12215 1842 9342 4271 70038 8334 4764 5798 59795 33659 3544 2124 2873 2032 1613 1410 10243 9942 6650 3292 3349 1410 426
internal_count=107570 101457 86962 6113 14495 6161 16924 12215 1842 9342 4271 70038 8334 4764 5798 59795 33659 3544 2124 2873 2032 1613 1410 10243 9942 6650 3292 3349 1410 426
is_linear=0
shrinkage=0.03


Tree=135
num_leaves=31
num_cat=0
split_feature=21 21 16 16 28 25 26 26 12 23 1 29 8 26 10 9 1 26 26 25 25 29 29 28 23 10 17 10 1 25
split_gain=1276.94 337.203 211.018 181.157 107.886 101.77 145.798 130.547 126.697 99.5866 84.2199 68.1578 64.0343 93.4667 65.6412 91.04 80.3697 69.0521 63.8501 84.0932 63.8272 88.5642 57.2294 54.1126 53.3529 52.4853 51.971 51.7776 80.5889 56.8992
threshold=11.300000000000002 2.2120833333333336 12.975000000000003 6.2250000000000005 952.95000000000016 2.1136621613714826 0.15643446504023095 0.89490028524376763 8.1650000000000009 5.1150000000000011 16.650000000000002 25.500000000000004 8.5000000000000018 -0.39873388578253693 6.5000000000000009 5.5000000000000009 31.450000000000003 0.94828754594723541 -0.90255091666790832 1.8616153795466526 1.4735174479766762 19.500000000000004 32.500000000000007 940.6500000000002 0.77000000000000013 7.5000000000000009 15.235000000000001 9.5000000000000018 6.2500000000000009 1.5882771912183682
decision_type=2 2 8 8 2 2 2 2 8 2 2 2 2 2 2 2 2 2 2 2 2 2 2 2 2 2 2 2 2 2
left_child=1 10 18 4 12 7 25 27 20 26 24 -6 13 -3 17 -16 -17 -14 -2 -20 21 -9 -8 -12 -1 -7 -4 29 -29 -5
right_child=2 3 9 5 11 6 22 8 -10 -11 23 -13 14 -15 15 16 -18 -19 19 -21 -22 -23 -24 -25 -26 -27 -28 28 -30 -31
leaf_value=-0.00010184586748892912 0.0003396000596162385 -0.00040410799961344401 7.3403687037676407e-07 -0.00036928824768119609 -0.000348036354506575 0.00022615722115834901 -0.0028831325310935685 -0.0016573473181215037 0.00052636222139774145 0.00038824933328631794 -0.00037140087896945058 -0.00011969935119146888 0.00070268426916168271 0.00018944626867414512 -0.00028263097757136036 0.0030600327035627799 -0.00047854757258254617 -0.00054530645203097804 0.00038170089166704609 6.1202533869338929e-05 0.00020625811497535144 0.0011417418589537752 -0.00064773101643056982 -9.6979278509127064e-05 -0.0001018003988193632 0.0029225696785315234 0.00081183178244559448 -0.00032898154410814309 0.0016758636047304197 0.00060782473311939914
leaf_weight=1075 2679 5602 484 11794 595 1925 594 460 2725 3678 228 16966 5275 3396 7198 751 326 792 794 369 7562 4799 9970 2286 2405 1518 200 2348 2647 6411
leaf_count=1075 2679 5602 484 11794 595 1925 594 460 2725 3678 228 16966 5275 3396 7198 751 326 792 794 369 7562 4799 9970 2286 2405 1518 200 2348 2647 6411
internal_value=0.000160768 -0.000776093 0.0115337 -0.000334405 -0.00183274 0.000827363 -0.00136383 0.00161957 0.00374638 0.0160476 -0.00767128 -0.00360868 -0.000496038 -0.00247917 0.000748589 -0.00098913 0.00712569 0.00311759 0.00639459 0.0122517 0.00249571 0.00503229 -0.00311098 -0.00347757 -0.0106915 0.00399362 0.00548621 0.000193924 0.002898 -0.0005486
internal_weight=107852 99648 8204 93654 40901 52753 14007 38746 15546 4362 5994 17561 23340 8998 14342 8275 1077 6067 3842 1163 12821 5259 10564 2514 3480 3443 684 23200 4995 18205
internal_count=107852 99648 8204 93654 40901 52753 14007 38746 15546 4362 5994 17561 23340 8998 14342 8275 1077 6067 3842 1163 12821 5259 10564 2514 3480 3443 684 23200 4995 18205
is_linear=0
shrinkage=0.03


Tree=136
num_leaves=31
num_cat=0
split_feature=21 21 12 16 16 1 1 25 16 26 23 25 10 1 1 20 1 3 12 21 2 11 20 1 16 11 1 10 10 21
split_gain=1267.68 339.189 228.458 184.16 119.711 92.5856 89.0771 80.6177 78.6508 81.227 64.036 62.6986 64.7822 57.5606 56.0224 54.4198 53.474 66.4668 56.4319 52.5601 52.4263 51.9318 51.3435 50.8357 50.1659 87.0765 49.6689 108.275 139.447 103.587
threshold=11.906666666666668 2.2120833333333336 8.0750000000000011 12.315000000000003 10.005000000000001 16.650000000000002 14.850000000000003 1.3196242966087115 3.7250000000000005 -0.7603770116708749 7.4750000000000005 1.3334682860998652 2.5000000000000004 -2.9499999999999997 20.950000000000003 3.9723565589970873 22.650000000000002 3.9570821423533906 2.1950000000000007 5.0219444444444461 1.1008689552502509 9.2150000000000016 1.4093246006543743 13.050000000000002 3.7250000000000005 4.5950000000000006 15.850000000000003 4.5000000000000009 6.5000000000000009 4.5029166666666676
decision_type=2 2 8 8 10 2 2 2 8 2 2 2 2 2 2 2 2 2 10 2 2 8 2 2 10 10 2 2 2 2
left_child=1 5 8 -2 -4 -1 21 23 9 20 -8 26 24 22 -9 -15 18 -18 -11 -19 -3 -5 -14 -6 25 -13 -10 -28 29 -29
right_child=3 2 4 6 7 -7 10 14 11 16 -12 12 13 15 -16 -17 17 19 -20 -21 -22 -23 -24 -25 -26 -27 27 28 -30 -31
leaf_value=-9.8746386854782291e-05 0.00035780804155092106 1.2319105996788647e-06 0.00024021144356590638 0.00035342773480520617 0.00042953169111392908 -0.00011984148463383531 -0.00039180001620307104 0.00054083056618494882 0.0004686048853173121 -0.00010839423691314178 0.00038820648723724923 -0.00031095791789146357 -0.00065348550800005119 -0.00018229776820935232 -0.0014770446053791941 0.0021235727400450125 0.00042915457264023932 -0.00088730113182300949 -1.2005311186391969e-05 0.0053498627223675412 -0.00022473754780274064 0.00037358494967404729 0.0025221087485681392 0.00032130146242691611 -0.00042324420796126472 0.0045771443141624469 -0.0011606956060718954 -0.00020056214144836533 -0.00033130072322922469 0.002299062033066721
leaf_weight=3475 1580 1575 9020 346 435 2504 201 4864 6447 2507 856 442 309 30762 641 1129 2793 809 3908 239 6691 3226 1207 1629 7106 402 1636 1258 6618 2912
leaf_count=3475 1580 1575 9020 346 435 2504 201 4864 6447 2507 856 442 309 30762 641 1129 2793 809 3908 239 6691 3226 1207 1629 7106 402 1636 1258 6618 2912
internal_value=9.95983e-05 -0.000707046 -0.000272172 0.0132523 0.00292696 -0.00763536 0.0162689 0.00570768 -0.000946226 -0.00265558 0.00855932 -0.000420368 -0.00107417 -0.000494732 0.00380581 -0.000766554 -0.00087126 0.00192668 -0.00254673 -0.00450142 -0.00486761 0.0185351 0.0052071 0.0107588 -0.00350723 0.00339223 0.0010124 -9.65484e-05 0.000995089 0.00528862
internal_weight=107527 101318 95339 6209 16589 5979 4629 7569 78750 18522 1057 60228 41357 33407 5505 31891 10256 3841 6415 1048 8266 3572 1516 2064 7950 844 18871 12424 10788 4170
internal_count=107527 101318 95339 6209 16589 5979 4629 7569 78750 18522 1057 60228 41357 33407 5505 31891 10256 3841 6415 1048 8266 3572 1516 2064 7950 844 18871 12424 10788 4170
is_linear=0
shrinkage=0.03


Tree=137
num_leaves=31
num_cat=0
split_feature=22 21 16 16 25 28 28 28 23 15 28 5 27 8 28 8 21 20 16 27 1 1 22 28 20 28 25 26 1 1
split_gain=1301.4 367.715 217.313 128.726 121.524 99.8912 81.7596 75.7768 74.9059 59.3768 75.0176 59.1716 73.4266 62.0274 54.622 79.2215 54.565 53.2389 52.7303 56.4495 51.3037 49.6159 48.6878 45.1465 44.8456 51.1644 44.5852 113.687 63.2197 44.019
threshold=0.94732539093081747 2.9333333333333331 10.555000000000001 12.565000000000003 1.3782751716247141 953.85000000000002 965.85000000000002 951.25000000000011 0.51500000000000012 0.50000000000000044 968.25000000000011 0.87268678868462279 0.078456108245891568 12.500000000000002 947.6500000000002 14.500000000000002 1.7890277777777779 2.9798091381791645 6.3650000000000011 0.32556815445715659 16.050000000000004 14.65 0.87227357397129868 962.95000000000016 2.2899226661347583 941.55000000000007 2.1287612440472694 0.15643446504023095 4.4500000000000011 1.4500000000000002
decision_type=2 2 10 8 2 2 2 2 2 10 2 2 2 2 2 2 2 2 8 2 2 2 2 2 2 2 2 2 2 2
left_child=1 5 9 -2 7 -1 -6 14 -7 18 -11 12 -5 17 15 -4 23 -14 19 -3 -13 -18 -9 -10 25 -21 29 -28 -29 -20
right_child=3 2 4 11 6 8 -8 22 16 10 -12 20 13 -15 -16 -17 21 -19 26 24 -22 -23 -24 -25 -26 -27 27 28 -30 -31
leaf_value=-0.00012407126667177704 0.00035588902909922723 -0.00025806698278161704 0.0032101635897740398 -0.0020561903074362647 0.00027896691718317653 -9.578215428872085e-05 0.00069114762154113163 0.00031056439197837846 -9.5783995249138813e-05 9.2667653049365587e-05 0.0046401700920576834 0.00036107213368953171 -7.9501796020485242e-05 0.00083781760764210734 -0.00045003057011879844 -0.00057771592963846595 -8.9681386371766664e-05 0.000338727798401095 -0.00032318819407651107 0.0028907585373958026 0.00037947491913583594 -0.00012684939979796023 0.00033745513832081131 -9.5783995249138813e-05 -0.00036361894173085439 0.00024110722488271733 0.0010821423276103788 -0.00025626535869046452 -0.0015602604889022906 0.00034217556129633283
leaf_weight=7518 1494 19226 335 204 10113 1125 562 937 755 19621 325 2551 270 202 542 310 4102 202 5625 291 682 697 1211 358 1494 3212 2300 2881 2640 15988
leaf_count=7518 1494 19226 335 204 10113 1125 562 937 755 19621 325 2551 270 202 542 310 4102 202 5625 291 682 697 1211 358 1494 3212 2300 2881 2640 15988
internal_value=0.000108278 -0.000664168 6.95063e-05 0.0141765 0.0034934 -0.00507898 0.00192978 0.00848802 -0.00764698 -0.00058241 0.000814997 0.0169169 0.00992072 0.0146686 0.00239094 0.00826154 -0.00628697 0.00855346 -0.0011019 -0.00213843 0.0187986 -0.00488968 0.0118439 -0.012263 0.000701719 0.00255701 -0.00024865 -0.00218886 -0.00452226 0.000453789
internal_weight=107773 102168 87613 5605 14010 14555 10675 3335 7037 73603 19946 4111 878 674 1187 645 5912 472 53657 24223 3233 4799 2148 1113 4997 3503 29434 7821 5521 21613
internal_count=107773 102168 87613 5605 14010 14555 10675 3335 7037 73603 19946 4111 878 674 1187 645 5912 472 53657 24223 3233 4799 2148 1113 4997 3503 29434 7821 5521 21613
is_linear=0
shrinkage=0.03


Tree=138
num_leaves=31
num_cat=0
split_feature=22 21 21 16 28 25 21 26 1 1 16 26 15 23 1 28 24 1 26 21 13 28 28 17 18 1 25 1 29 1
split_gain=1276.05 354.749 236.1 144.537 86.1303 93.257 87.299 77.0873 73.1926 70.1823 68.2754 62.3652 62.0718 60.4607 59.7126 56.0751 52.2078 61.0984 59.759 64.7682 50.8495 49.7657 46.5327 48.3832 45.6861 45.1419 44.6846 44.6407 62.1914 60.0723
threshold=0.94732539093081747 2.2120833333333336 8.1219444444444466 12.565000000000003 948.95000000000016 1.3636947885019868 10.207083333333335 -0.97625883275952019 -0.34999999999999992 19.550000000000004 3.7250000000000005 -0.81408451933196946 0.56999999999999973 0.77000000000000013 15.450000000000001 954.6500000000002 12.850000000000003 32.550000000000004 0.99535829673000953 9.3662500000000026 9.8383333333333365 945.95000000000016 966.05000000000007 10.885000000000003 8.4750000000000032 25.550000000000004 1.4047921198936431 -6.8499999999999988 73.500000000000014 1.6500000000000001
decision_type=2 2 2 8 2 2 2 2 2 2 8 2 10 2 2 2 2 2 2 2 2 2 2 2 8 2 2 2 2 2
left_child=1 9 10 -2 8 6 -6 -7 -4 13 11 25 -12 -1 20 -8 17 18 19 -10 -5 -18 24 -24 27 -3 -16 28 -9 -29
right_child=3 2 4 14 5 7 15 22 16 -11 12 -13 -14 -15 26 -17 21 -19 -20 -21 -22 -23 23 -25 -26 -27 -28 29 -30 -31
leaf_value=-9.3082265227031256e-05 0.00033815328282617795 -0.00021487136966057312 -0.0040140476406988635 0.00042464007529209201 0.00038473714872058528 -0.0010561890381053413 0.0003269818503723498 0.0057865446219288142 -0.00092831393822549345 -0.00012656328646454507 -0.0001447215431243327 -6.5185815727749393e-05 0.00024319849539469751 -9.2910475391664649e-05 0.00032845703272674443 0.00033628780908436461 6.4551563329972024e-05 0.0027198024838264133 -0.00448708793844225 0.0016640282620708202 0.00034915710664944807 -0.0045512276873398523 -0.00078829335580331056 0.0007587183818779208 0.00062429355099893338 -6.2666849031210842e-05 0.00040383483670762278 -0.0015162871184048342 -0.0017188325705030504 0.00076907374898923489
leaf_weight=1131 1517 6034 227 565 3117 1896 820 251 1635 1972 39441 11116 12585 2880 349 915 646 397 317 1096 2771 639 240 561 6205 2003 472 2277 200 3404
leaf_count=1131 1517 6034 227 565 3117 1896 820 251 1635 1972 39441 11116 12585 2880 349 915 646 397 317 1096 2771 639 240 561 6205 2003 472 2277 200 3404
internal_value=8.44137e-05 -0.000686109 -0.000244306 0.013925 0.00227342 0.0031552 0.00676961 0.00198683 -0.0012636 -0.00777054 -0.00112315 -0.00265424 -0.000559282 -0.0100473 0.0168164 0.0121552 -0.000456177 0.00146957 1.96528e-05 0.00145833 0.0186052 -0.00560465 0.00280301 0.00978908 0.00234565 -0.00466675 0.00947942 0.000508392 0.00953947 -0.000216321
internal_weight=107679 102005 96022 5674 24843 19886 4852 15034 4957 5983 71179 19153 52026 4011 4157 1735 4730 3445 3048 2731 3336 1285 13138 801 12337 8037 821 6132 451 5681
internal_count=107679 102005 96022 5674 24843 19886 4852 15034 4957 5983 71179 19153 52026 4011 4157 1735 4730 3445 3048 2731 3336 1285 13138 801 12337 8037 821 6132 451 5681
is_linear=0
shrinkage=0.03


Tree=139
num_leaves=31
num_cat=0
split_feature=21 21 16 12 16 21 28 26 3 12 16 24 25 26 29 28 27 28 26 28 25 29 28 28 28 28 16 25 11 12
split_gain=1226.92 293.25 219.403 133.469 96.6807 91.593 86.993 83.0517 75.6126 71.5076 64.7332 57.7284 57.7143 105.196 63.5671 63.5765 54.5584 53.9357 53.4008 51.8933 65.4655 51.7597 47.4331 51.1691 46.124 45.0526 46.0927 45.7874 49.3403 45.4381
threshold=11.300000000000002 3.0283333333333347 13.355000000000002 8.0750000000000011 10.105000000000002 1.840833333333334 948.95000000000016 -0.95368063612909426 8.2635607277161736 9.1050000000000022 6.2250000000000005 8.9500000000000011 2.1136621613714826 0.15643446504023095 21.500000000000004 945.75000000000011 0.32556815445715659 962.95000000000016 -0.46173103126271881 951.55000000000007 1.412508890469417 85.500000000000014 953.6500000000002 955.85000000000002 956.45000000000016 942.35000000000002 11.625000000000002 2.8200719424460439 4.4350000000000014 5.5750000000000011
decision_type=2 2 8 8 10 2 2 2 2 10 8 2 2 2 2 2 2 2 2 2 2 2 2 2 2 2 8 2 10 10
left_child=1 5 6 8 -5 17 -2 22 10 -4 16 -9 14 24 15 -12 -3 -1 -7 -6 -21 25 -8 -24 -14 -15 27 28 -27 -29
right_child=2 3 9 4 19 18 7 11 -10 -11 12 -13 13 21 -16 -17 -18 -19 -20 20 -22 -23 23 -25 -26 26 -28 29 -30 -31
leaf_value=-9.1415619562843376e-05 -0.00020875661796563747 -0.00019787667512766638 0.00046765962059829079 0.00024245232022570117 0.00044585514132693734 -9.4378533126412493e-05 0.0003488887438735366 -8.121885621558466e-05 -0.0020478548441585438 0.00035904862066717276 0.00074624797934670466 0.00034597593080192723 0.00079367022142538433 0.0057212056422876953 0.00039992778396448101 -0.0020121366565440117 0.0001092879135943936 -9.0013868166306403e-05 -7.8004532706908012e-05 0.00032253890136451746 0.00066094304242813814 0.0024728236148697656 -0.00095741009365840624 0.00020239722027636574 0.0048365116654846352 0.00014103606911252572 0.00062299837021651818 -0.0015232546325808206 -0.0012819946702154054 6.8286301492833794e-05
leaf_weight=2452 825 22714 438 9135 1819 6050 650 203 1892 3255 733 1815 1946 226 24240 1158 6350 487 6694 1256 2582 405 283 793 436 1638 1380 646 4958 215
leaf_count=2452 825 22714 438 9135 1819 6050 650 203 1892 3255 733 1815 1946 226 24240 1158 6350 487 6694 1256 2582 405 283 793 436 1638 1380 646 4958 215
internal_value=0.000195581 -0.000727843 0.0113004 -2.25715e-05 0.00256268 -0.00449197 0.00689331 0.00883436 -0.000577442 0.0167361 -0.000410291 0.0129609 0.000405149 -0.00133108 0.00119261 -0.0040981 -0.0014758 -0.00926291 -0.0033885 0.00564288 0.00761905 -0.00274887 0.00398614 0.000111008 0.00429828 -0.00321901 -0.00355915 -0.00449075 -0.00363581 -0.0109815
internal_weight=107674 99412 8262 83729 14792 15683 4569 3744 68937 3693 67045 2018 37981 11850 26131 1891 29064 2939 12744 5657 3838 9468 1726 1076 2382 9063 8837 7457 6596 861
internal_count=107674 99412 8262 83729 14792 15683 4569 3744 68937 3693 67045 2018 37981 11850 26131 1891 29064 2939 12744 5657 3838 9468 1726 1076 2382 9063 8837 7457 6596 861
is_linear=0
shrinkage=0.03


Tree=140
num_leaves=31
num_cat=0
split_feature=21 21 21 1 1 21 25 16 8 26 26 25 29 5 29 23 10 11 29 8 25 29 8 29 1 17 16 23 17 8
split_gain=1239.41 331.953 180.632 155.292 102.911 102.256 84.4983 84.0501 83.9736 69.6665 67.3707 156.616 70.1093 67.1386 60.7192 57.8922 55.0412 54.0677 54.6652 74.2854 70.7715 115.004 63.7616 54.4459 54.1917 52.4011 50.7054 49.5418 47.1824 43.8248
threshold=11.906666666666668 3.0283333333333347 8.1219444444444466 14.850000000000003 18.850000000000005 1.7204166666666669 1.6983966326071591 12.315000000000003 14.500000000000002 -0.94828754594723508 -0.91702515554752051 2.0088626485835479 32.500000000000007 0.76434457705018566 94.500000000000014 0.51500000000000012 8.5000000000000018 3.8350000000000004 15.500000000000002 11.500000000000002 1.2459237926451043 43.500000000000007 9.5000000000000018 84.500000000000014 19.050000000000004 12.285000000000002 8.7150000000000016 5.6850000000000014 4.2750000000000012 1.5000000000000002
decision_type=2 2 2 2 2 2 2 8 2 2 2 2 2 2 2 2 2 10 2 2 2 2 2 2 2 2 10 2 2 2
left_child=1 4 14 7 5 -1 8 9 -5 -2 -4 13 -13 -12 17 -7 -6 -3 -19 20 24 -22 23 29 -20 -10 -25 -9 -21 -23
right_child=3 2 10 6 16 15 -8 27 25 -11 11 12 -14 -15 -16 -17 -18 18 19 28 21 22 -24 26 -26 -27 -28 -29 -30 -31
leaf_value=-8.7422745084925511e-05 3.7009225615647342e-06 3.4736098183579343e-05 4.7514992785887556e-05 0.00038670773014925607 -3.5581067238518793e-05 -8.8280502872920485e-05 -0.0004281197075745291 0.00045016592617415417 -0.0023415476005988079 0.00034766085702698347 0.00049322336820668995 -0.0031991473033240224 0.000180186372036224 0.00054468322007180932 0.0056155966725979856 -8.8123629301345703e-05 -0.00020012704295280901 -0.0011124221605489008 -0.00065757099375849109 -0.00041747202811783939 -0.00098541954511251369 0.00093987530999267938 -0.0016491751013310337 -0.0010943057549909344 0.001635353599937675 0.00033648098812484871 0.00073894629352310446 0.00031890819629448394 0.0001864625522333818 -0.0003923384715188661
leaf_weight=1539 474 21531 8643 689 5516 935 393 770 213 305 7594 387 5841 1638 229 7105 777 1245 795 4822 2604 2278 989 1113 1703 597 279 2813 14889 8927
leaf_count=1539 474 21531 8643 689 5516 935 393 770 213 305 7594 387 5841 1638 229 7105 777 1245 795 4822 2604 2278 989 1113 1703 597 279 2813 14889 8927
internal_value=0.00015803 -0.000641817 9.7881e-05 0.0131139 -0.00462556 -0.00658285 0.0059146 0.0162262 0.00915559 0.00723214 0.00229841 0.003484 -0.000192524 0.00596297 -0.000766011 -0.00522063 -0.00164338 -0.000824289 -0.0014815 -0.00128034 -0.00263521 -0.0033603 -0.00225149 -0.00167354 0.00206153 0.00257669 -0.00725841 0.0181689 4.56482e-06 -0.000976806
internal_weight=107633 101379 85507 6254 15872 9579 1892 4362 1499 779 24103 15460 6228 9232 61404 8040 6293 61175 39644 38399 18688 16190 13586 12597 2498 810 1392 3583 19711 11205
internal_count=107633 101379 85507 6254 15872 9579 1892 4362 1499 779 24103 15460 6228 9232 61404 8040 6293 61175 39644 38399 18688 16190 13586 12597 2498 810 1392 3583 19711 11205
is_linear=0
shrinkage=0.03


Tree=141
num_leaves=31
num_cat=0
split_feature=22 21 12 16 16 21 1 1 3 25 28 21 8 11 1 1 29 23 1 9 26 29 25 1 29 29 24 11 29 8
split_gain=1218.2 275.487 161.328 160.366 93.6493 91.587 67.4675 66.5493 65.6185 62.8467 74.0406 62.0483 59.8165 59.4261 53.1369 52.7777 98.2712 52.5283 51.7906 51.5672 48.7489 48.7256 61.3797 86.785 48.6593 48.4577 47.116 47.0472 48.1686 92.5216
threshold=0.93982204305516548 3.0283333333333347 8.0750000000000011 12.565000000000003 10.155000000000003 1.840833333333334 16.650000000000002 14.850000000000003 8.2635607277161736 1.3196242966087115 951.55000000000007 8.2437500000000021 18.500000000000004 9.2150000000000016 21.850000000000005 -0.34999999999999992 78.500000000000014 0.39500000000000007 -6.8499999999999988 1.5000000000000002 0.98624804680367306 33.500000000000007 1.5882771912183682 23.450000000000003 93.500000000000014 58.500000000000007 9.1500000000000004 3.0750000000000006 40.500000000000007 7.5000000000000009
decision_type=2 2 8 8 10 2 2 2 2 2 2 2 2 8 2 2 2 2 2 2 2 2 2 2 2 2 2 10 2 2
left_child=1 5 8 -2 21 6 -1 13 11 10 -6 24 -9 -5 17 16 18 -7 19 -13 -18 -4 -23 -24 27 -8 -15 -3 29 -29
right_child=3 2 4 7 9 14 25 12 -10 -11 -12 15 -14 26 -16 -17 20 -19 -20 -21 -22 22 23 -25 -26 -27 -28 28 -30 -31
leaf_value=-8.4758010190481614e-05 0.00030605240824737142 4.9538184876543598e-05 0.001319078280215764 0.00034514409559737943 0.00029775278834994308 -8.8202599916615009e-05 -0.00015313079474722232 0.00031583056779196147 -0.0019169146441184541 0.00043486752386478697 0.0002781662161391851 -0.0044344957511142924 -0.00037574023162737614 0.00034212340275189266 -2.4743044282886027e-05 0.00082883985743556596 0.0011051002759313831 -8.5721637197685147e-05 -0.0020634408945508793 0.0041304270277384009 0.0050490321075032391 -0.001481388685287136 0.0021530916048192726 -0.0028466619047012301 0.0036200495648633655 0.0022476947264927325 0.00032112400016076734 -0.00079686322407378132 -0.00010207409895722302 -0.00039827269236342107
leaf_weight=1828 1691 13558 2886 361 800 546 908 647 1920 5289 1189 202 239 223 4177 6031 549 8036 1894 273 262 2979 2949 648 282 244 2824 1600 30306 12077
leaf_count=1828 1691 13558 2886 361 800 546 908 647 1920 5289 1189 202 239 223 4177 6031 549 8036 1894 273 262 2979 2949 648 282 244 2824 1600 30306 12077
internal_value=0.000130698 -0.000645616 2.45044e-05 0.0132771 0.00266587 -0.00429306 -0.00902513 0.0163573 -0.000616888 0.00522312 0.00976429 -0.000460031 0.00895623 0.0182655 -0.00318474 0.00182617 -0.00129984 -0.00453476 -0.004385 0.0044375 0.00768382 0.000697159 -0.000729372 0.00190727 -0.000824341 -0.00331893 0.0196298 -0.000885726 -0.00136196 -0.0028395
internal_weight=107418 101433 85694 5985 16740 15739 2980 4294 68954 7278 1989 67034 886 3408 12759 9211 3180 8582 2369 475 811 9462 6576 3597 57823 1152 3047 57541 43983 13677
internal_count=107418 101433 85694 5985 16740 15739 2980 4294 68954 7278 1989 67034 886 3408 12759 9211 3180 8582 2369 475 811 9462 6576 3597 57823 1152 3047 57541 43983 13677
is_linear=0
shrinkage=0.03


Tree=142
num_leaves=31
num_cat=0
split_feature=21 21 16 16 8 28 28 8 2 28 29 2 2 28 8 29 2 23 8 23 17 11 8 23 0 23 29 28 15 21
split_gain=1178.3 306.31 202.727 169.74 85.9862 100.129 93.8381 80.8405 80.3761 79.2086 77.4824 76.905 76.7388 75.5832 103.797 95.1348 82.5695 72.4451 69.532 64.1334 63.5698 61.9155 61.7823 59.6042 91.7204 56.8726 55.9167 54.1957 67.3148 53.8304
threshold=11.906666666666668 2.2120833333333336 10.405000000000003 12.565000000000003 12.500000000000002 953.45000000000016 960.55000000000007 5.5000000000000009 1.2154921835164567 962.95000000000016 77.500000000000014 1.1399957699588728 1.1471207439492868 949.85000000000002 8.5000000000000018 62.500000000000007 1.1790534433244042 1.9950000000000003 8.5000000000000018 5.6850000000000014 11.715000000000002 4.3450000000000006 19.500000000000004 5.4650000000000007 10.825000000000001 0.77000000000000013 84.500000000000014 967.1500000000002 -0.2799999999999998 9.6980555555555572
decision_type=2 2 10 8 2 2 2 2 2 2 2 2 2 2 2 2 2 2 2 2 2 10 2 2 2 2 2 2 10 2
left_child=1 11 4 20 5 8 7 10 13 23 17 -1 22 14 15 29 26 21 -11 -14 -2 -7 -5 -4 -25 -13 -15 -8 -29 -3
right_child=3 2 9 12 -6 6 27 -9 -10 18 -12 25 19 16 -16 -17 -18 -19 -20 -21 -22 -23 -24 24 -26 -27 -28 28 -30 -31
leaf_value=-0.00011005627894580919 -0.00054403622994542047 -0.00039202418431179964 0.0002524627972879387 0.00031312546364255066 2.5515896103799825e-05 -4.9666912933769219e-05 2.7369275039689135e-05 -0.00041057241408254175 -0.0010059694892631038 0.00016435551984976814 -0.00041272769298300257 -8.2296273341081255e-05 0.00039774417173946695 0.00097094384639604791 0.0005427191812821077 0.00029116065870064389 -0.0005466557190448206 0.0011912844191851377 0.00065730170518627168 0.00030056086236137091 0.00032789238388989392 -0.0010304415415414835 -0.00041385043050124468 0.00028088573835059359 -0.00060226787675065837 -8.2215269884767188e-05 -0.0013044367579143944 -0.00094243183627143619 3.6773597168311133e-05 0.0029677915079716292
leaf_weight=2511 345 8064 8583 773 38457 1402 6481 6701 437 609 1423 1078 750 5961 4234 3244 654 2251 1096 2596 1447 361 223 3224 989 2354 222 491 544 210
leaf_count=2511 345 8064 8583 773 38457 1402 6481 6701 437 609 1423 1078 750 5961 4234 3244 654 2251 1096 2596 1447 361 223 3224 989 2354 222 491 544 210
internal_value=9.88674e-05 -0.000672435 -0.000261598 0.012862 -0.000845555 -0.00177252 -0.00334503 -0.00497571 -0.000429855 0.00300496 -0.00225469 -0.00727808 0.0160663 -0.000181907 -0.00132513 -0.00280135 0.00245104 -0.000119433 0.00907018 0.0182453 0.00507513 -0.00466629 0.00869131 0.00219358 0.0051138 -0.0101949 0.00352456 -0.000710012 -0.00706731 -0.00450779
internal_weight=107715 101581 95638 6134 81137 42680 19654 12138 23026 14501 5437 5943 4342 22589 15752 11518 6837 4014 1705 3346 1792 1763 996 12796 4213 3432 6183 7516 1035 8274
internal_count=107715 101581 95638 6134 81137 42680 19654 12138 23026 14501 5437 5943 4342 22589 15752 11518 6837 4014 1705 3346 1792 1763 996 12796 4213 3432 6183 7516 1035 8274
is_linear=0
shrinkage=0.03


Tree=143
num_leaves=31
num_cat=0
split_feature=22 21 16 25 16 1 28 12 16 28 8 10 23 1 28 9 16 26 28 28 22 8 23 9 9 29 26 28 28 10
split_gain=1176.77 314.612 229.791 112.34 108.327 70.3142 70.1044 69.246 64.8782 70.1044 62.7129 59.5532 55.1674 51.6713 58.6804 84.4676 54.704 55.9667 50.5712 61.8001 58.3232 55.8135 49.2033 49.0822 76.8273 85.7596 68.1077 66.5195 100.433 149.803
threshold=0.94732539093081747 2.2120833333333336 10.555000000000001 1.3782751716247141 12.565000000000003 16.650000000000002 962.95000000000016 9.2150000000000016 3.7250000000000005 952.55000000000007 13.500000000000002 2.5000000000000004 0.77000000000000013 -1.0000000180025095e-35 960.85000000000002 3.5000000000000004 6.9850000000000012 -0.93663652364155492 951.1500000000002 947.35000000000002 0.87227357397129868 14.500000000000002 5.285000000000001 5.5000000000000009 3.5000000000000004 22.500000000000004 0.9681107762825325 965.85000000000002 960.05000000000007 10.500000000000002
decision_type=2 2 10 2 8 2 2 10 8 2 2 2 2 2 2 2 8 2 2 2 2 2 2 2 2 2 2 2 2 2
left_child=1 5 8 18 -2 12 -5 -6 9 -3 11 -8 -1 14 22 -16 -17 -18 19 21 -20 -4 -10 24 27 -26 -25 28 -15 -30
right_child=4 2 3 6 7 -7 10 -9 13 -11 -12 -13 -14 23 15 16 17 -19 20 -21 -22 -23 -24 26 25 -27 -28 -29 29 -31
leaf_value=-7.9810664287898502e-05 0.00030348854837834228 -9.8708462086055134e-05 0.003041446226880734 0.00019650041476118707 0.000306566183814565 -0.00010915871372919895 -0.0018500667733234598 0.00030389909170097651 -0.00028764396972282729 -9.2369798153534729e-05 0.00075227959554683527 0.00054182741674555944 -7.9748811788224163e-05 2.5736040942560752e-05 -0.00028482457599707071 -8.0480356498630612e-05 -7.1679967963734492e-05 0.0025381348960293744 0.00024074644918525289 -0.00037917133931933742 0.00027333142790143648 0.00017839675498429019 -0.0034340019432687863 0.0009086184823757004 -0.001515073985456352 -0.00023935683657469063 -0.00067310756121133331 -0.0016765757076059799 0.0027371265634748669 -0.00023474313555222392
leaf_weight=1079 1506 11001 318 9310 317 2534 250 3790 5260 8409 513 541 2418 26608 3713 807 373 1069 931 566 1179 281 257 5943 1549 12767 1331 222 1701 1234
leaf_count=1079 1506 11001 318 9310 317 2534 250 3790 5260 8409 513 541 2418 26608 3713 807 373 1069 931 566 1179 281 257 5943 1549 12767 1331 222 1701 1234
internal_value=0.000137221 -0.000597833 -0.000180678 0.00338779 0.0135048 -0.00724155 0.00188718 0.0160287 -0.000783475 -0.00229925 0.00838808 0.00305276 -0.00999714 -0.000315091 -0.00213427 -7.03871e-05 0.00451198 0.00800276 0.00824085 0.00320513 0.0110071 0.00988411 -0.00436255 9.17056e-05 -0.000285125 -0.00209064 0.00237395 0.000583473 0.000707662 0.00596939
internal_weight=107777 102164 96133 13889 5613 6031 10614 4107 82244 19410 1304 791 3497 62834 11479 5962 2249 1442 3275 1165 2110 599 5517 51355 44081 14316 7274 29765 29543 2935
internal_count=107777 102164 96133 13889 5613 6031 10614 4107 82244 19410 1304 791 3497 62834 11479 5962 2249 1442 3275 1165 2110 599 5517 51355 44081 14316 7274 29765 29543 2935
is_linear=0
shrinkage=0.03


Tree=144
num_leaves=31
num_cat=0
split_feature=21 21 12 16 16 20 1 23 16 8 23 16 13 26 23 7 3 13 1 28 1 18 29 1 25 28 15 22 24 29
split_gain=1202.24 309.1 180.166 148.432 83.4882 82.8498 78.6249 75.0282 73.391 62.89 62.3445 58.085 65.7699 65.5211 55.2077 58.6549 51.8061 49.9454 49.941 49.3923 48.2051 84.2797 65.8625 97.8785 67.0077 56.6833 53.8018 53.4321 47.7848 47.1493
threshold=11.906666666666668 2.2120833333333336 8.0750000000000011 12.565000000000003 10.105000000000002 1.178309169730803 14.850000000000003 4.3450000000000006 1.0000000180025095e-35 19.500000000000004 5.6850000000000014 3.7250000000000005 8.4516666666666698 -0.7603770116708749 0.39500000000000007 13.500000000000002 11.09739825011601 11.061666666666669 27.050000000000004 947.85000000000002 0.25000000000000006 8.9350000000000005 49.500000000000007 4.6500000000000012 1.3334682860998652 960.95000000000016 0.3900000000000004 0.20658758362016724 1.9500000000000002 33.500000000000007
decision_type=2 2 8 8 10 2 2 2 10 2 2 8 2 2 2 2 2 2 2 2 2 10 2 2 2 2 10 2 2 2
left_child=1 8 11 17 29 19 10 -7 -1 -8 -5 13 20 18 -10 -16 -9 -2 -3 -6 25 22 23 -22 27 -13 -26 -24 -17 -4
right_child=3 2 4 6 5 7 9 16 14 -11 -12 12 -14 -15 15 28 -18 -19 -20 -21 21 -23 24 -25 26 -27 -28 -29 -30 -31
leaf_value=-6.1173735959306184e-05 0.00035720315947553982 -0.00018573277290881817 0.0013256923812884002 0.000388314695009202 -0.001640514622566197 0.00021568658163697018 0.00028784491409789448 0.00041711392767500798 -7.7668299996693464e-05 -0.00074951930444624895 0.00028746376058665476 -0.00035472524595123509 -0.0022799075659223665 -3.5005542196435943e-05 -8.2317245099580177e-05 0.0001152006261056495 -0.00025242263672255958 0.00026832694580833372 3.4339946222348357e-05 0.00012233205408984426 -0.0015228142435969058 0.0021751149135144144 0.00020585896158964437 -0.00012346140365628825 -0.00012578649856555602 3.8862445684410067e-05 0.00073923432807066879 0.0023399700445578919 -7.8121444711915425e-05 -0.00028167774330296321
leaf_weight=296 282 6796 2852 746 247 1378 729 3679 591 226 2675 7086 1189 10321 1669 774 462 1502 1563 1503 905 1261 2792 21728 12712 6150 4534 1876 2663 6489
leaf_count=296 282 6796 2852 746 247 1378 729 3679 591 226 2675 7086 1189 10321 1669 774 462 1502 1563 1503 905 1261 2792 21728 12712 6150 4534 1876 2663 6489
internal_value=0.000119798 -0.000661341 -0.000246525 0.012983 0.00259284 0.00500275 0.0159553 0.00680485 -0.00726742 0.00828125 0.0180823 -0.000844294 -0.000390949 -0.00230559 -0.00649772 -0.00548229 0.00882055 0.00566797 -0.00427905 -0.000683761 -0.000249962 0.000210857 -6.06033e-06 -0.001141 0.00116611 -0.00184427 0.000302591 0.00435266 -0.00323359 0.000715814
internal_weight=107676 101516 95523 6160 16610 7269 4376 5519 5993 955 3421 78913 60233 18680 5697 5106 4141 1784 8359 1750 59044 45808 44547 22633 21914 13236 17246 4668 3437 9341
internal_count=107676 101516 95523 6160 16610 7269 4376 5519 5993 955 3421 78913 60233 18680 5697 5106 4141 1784 8359 1750 59044 45808 44547 22633 21914 13236 17246 4668 3437 9341
is_linear=0
shrinkage=0.03


Tree=145
num_leaves=31
num_cat=0
split_feature=22 21 12 16 16 12 0 23 1 1 16 26 1 4 1 18 28 9 16 23 15 28 17 28 23 7 0 26 16 1
split_gain=1175.34 310.606 197.103 139.762 119.808 78.2147 75.1741 74.8322 73.5367 62.214 59.8359 71.4368 62.2304 61.4122 54.0685 105.082 61.8126 75.6175 71.2875 50.6619 48.7598 47.3902 45.8576 44.8027 46.1891 44.4726 43.794 43.1242 42.9199 41.4453
threshold=0.94732539093081747 2.2120833333333336 8.0750000000000011 12.565000000000003 10.105000000000002 9.2750000000000004 10.715000000000002 4.3850000000000007 16.650000000000002 18.450000000000003 3.7250000000000005 -0.44618082326431213 27.050000000000004 0.6737946416448134 0.25000000000000006 8.7750000000000004 960.95000000000016 3.5000000000000004 7.6050000000000013 0.77000000000000013 -0.37499999999999994 940.6500000000002 5.9150000000000009 951.55000000000007 6.7150000000000007 13.500000000000002 9.1050000000000022 0.99901018088683491 5.3550000000000013 -0.44999999999999996
decision_type=2 2 8 8 10 10 2 2 2 2 8 2 2 2 2 10 2 2 8 2 10 2 2 2 2 2 2 2 8 2
left_child=1 8 10 -2 26 -5 7 -6 19 -7 11 12 -3 14 16 20 -12 27 -19 -1 -16 -10 -22 -9 -25 -23 -4 -18 -21 -28
right_child=3 2 4 5 6 9 -8 23 21 -11 13 -13 -14 -15 15 -17 17 18 -20 28 22 25 -24 24 -26 -27 29 -29 -30 -31
leaf_value=-7.5070206558619545e-05 0.00027225649879579315 -0.00016263274287101379 0.00094310177152125802 0.00028874528548253006 0.00044433583674909793 0.00028473256871647365 -4.9172411812453133e-05 0.00057049922121835128 -0.00033469478037930552 0.00025750281421745404 -0.00037380890110470555 -1.8771901154800179e-05 9.3230065849078523e-05 -0.0020071036187170855 -0.00023535791559320602 0.0026974527822086524 -0.00033114167178213986 -6.2466191029608156e-05 0.0024576544799817554 -7.5462484447138319e-05 -0.00010716632978693894 -0.00016239732915292274 0.00038709877861626299 0.00043098518091809089 0.00025222588653818658 4.9932642437914115e-05 -0.0035562456729877744 0.0023383023249929748 -5.8522709280102655e-05 -0.00030291142284861962
leaf_weight=1088 1491 8060 4731 339 1523 3263 1660 1254 217 557 7118 8756 1884 1344 16661 1145 3654 982 1291 2171 11250 756 16653 2244 1175 1552 346 234 222 4293
leaf_count=1088 1491 8060 4731 339 1523 3263 1660 1254 217 557 7118 8756 1884 1344 16661 1145 3654 982 1291 2171 11250 756 16653 2244 1175 1552 346 234 222 4293
internal_value=6.56048e-05 -0.000670584 -0.00025742 0.0133793 0.00264988 0.0162032 0.00538099 0.00689889 -0.00728664 0.0174275 -0.000891228 -0.0023737 -0.00411298 -0.000431576 -0.000286814 0.000202783 -0.00197154 0.000228673 0.0045698 -0.0101119 -2.82708e-05 -0.00337945 0.000738498 0.00877939 0.0105578 -0.00210117 0.0003584 -0.00231184 -0.00764387 -0.00171189
internal_weight=107914 102264 96258 5650 17226 4159 7856 6196 6006 3820 79032 18700 9944 60332 58988 45709 13279 6161 2273 3481 44564 2525 27903 4673 3419 2308 9370 3888 2393 4639
internal_count=107914 102264 96258 5650 17226 4159 7856 6196 6006 3820 79032 18700 9944 60332 58988 45709 13279 6161 2273 3481 44564 2525 27903 4673 3419 2308 9370 3888 2393 4639
is_linear=0
shrinkage=0.03


Tree=146
num_leaves=31
num_cat=0
split_feature=22 21 12 16 16 0 23 1 16 7 4 1 18 8 9 29 23 1 12 1 12 29 10 9 28 9 29 12 8 18
split_gain=1140.42 306.87 183.374 132.2 89.5229 88.5687 86.2762 77.7526 62.302 61.2041 55.797 55.8065 69.1759 62.6598 59.2435 92.2894 55.2423 55.6655 54.2822 53.7271 59.2332 52.0512 74.3425 81.3874 74.3187 73.5495 70.4187 62.6096 59.6177 74.2917
threshold=0.94732539093081747 2.2120833333333336 8.0750000000000011 13.355000000000002 10.505000000000001 10.825000000000001 4.4050000000000011 16.650000000000002 3.6750000000000003 13.500000000000002 0.66423583471594194 1.6500000000000001 8.6750000000000025 13.500000000000002 1.5000000000000002 88.500000000000014 2.7650000000000001 0.65000000000000002 9.3350000000000026 23.650000000000002 1.9550000000000003 40.500000000000007 3.5000000000000004 4.5000000000000009 946.25000000000011 3.5000000000000004 78.500000000000014 2.7650000000000001 7.5000000000000009 3.8250000000000006
decision_type=2 2 8 8 10 2 2 2 8 2 2 2 10 2 2 2 2 2 10 2 10 2 2 2 2 2 2 10 2 10
left_child=1 7 8 -2 -4 6 -6 -1 19 -9 11 13 21 14 -10 -16 17 -15 -5 20 -3 24 23 27 28 -26 -25 -23 29 -13
right_child=3 2 4 18 5 -7 -8 9 10 -11 -12 12 -14 16 15 -17 -18 -19 -20 -21 -22 22 -24 26 25 -27 -28 -29 -30 -31
leaf_value=-7.2946787606669393e-05 0.00025354766455066511 -8.6956704330262596e-05 0.0002818881338906265 0.00029334866264808747 0.00021804481476261683 -0.00021221279996948227 0.00034046527266462512 -0.00020313076116550325 -0.0006233178996648569 1.0130696686046768e-05 -0.0016930831583892314 0.00053860693233698741 0.0025050256489037512 -0.00030127154691286914 -0.00024743280380283214 0.002100928491998734 0.00079209455040393382 0.0013497297951218967 0.00029085084176393546 2.071677540494421e-06 -0.00010039825080614314 -0.00046940538753788839 7.1252731802158302e-05 0.00053953721360878982 -8.9874557336496534e-05 -0.00085795231566729671 -0.0015112545604914151 0.0025906720017267191 0.00059005133963166217 -0.0017525416385774527
leaf_weight=3477 2544 3345 10240 228 1448 1289 4158 846 2720 1661 1823 242 921 2380 6554 591 2758 448 2840 5833 8993 410 23352 830 5718 4042 282 1994 5074 488
leaf_count=3477 2544 3345 10240 228 1448 1289 4158 846 2720 1661 1823 242 921 2380 6554 591 2758 448 2840 5833 8993 410 23352 830 5718 4042 282 1994 5074 488
internal_value=0.000160414 -0.000564844 -0.000153537 0.0133203 0.00265869 0.0053 0.00692925 -0.00715311 -0.000765199 -0.00311704 -0.000303305 -0.000142835 0.000408921 -0.00169061 -0.00312766 -0.00169091 0.000847791 -0.00209672 0.0175138 -0.00230579 -0.00342704 0.000231873 0.00103152 0.00509514 -0.00114844 -0.00274654 -0.00161146 0.00819427 0.00153899 -0.00644898
internal_weight=107529 101917 95933 5612 17135 6895 5606 5984 78798 2507 60627 58804 43353 15451 9865 7145 5586 2828 3068 18171 12338 42432 26868 3516 15564 9760 1112 2404 5804 730
internal_count=107529 101917 95933 5612 17135 6895 5606 5984 78798 2507 60627 58804 43353 15451 9865 7145 5586 2828 3068 18171 12338 42432 26868 3516 15564 9760 1112 2404 5804 730
is_linear=0
shrinkage=0.03


Tree=147
num_leaves=31
num_cat=0
split_feature=22 21 12 16 16 0 25 26 1 16 26 28 8 3 5 7 22 1 18 10 1 16 1 8 9 17 28 9 16 25
split_gain=1114.19 310.372 195.968 133.897 110.292 85.6557 85.5022 84.7313 80.0002 53.9653 70.0048 53.1831 70.0517 53.1139 51.1967 47.6328 46.818 44.8024 82.3224 46.3073 91.0248 75.657 55.518 54.4762 48.5291 45.9891 45.5926 53.787 62.9432 45.5028
threshold=0.94732539093081747 2.2120833333333336 8.0750000000000011 13.355000000000002 10.505000000000001 10.825000000000001 2.0841793788222365 0.96359376111369366 16.650000000000002 3.7250000000000005 -0.7603770116708749 947.75000000000011 8.5000000000000018 8.4838093130270398 0.040599097359708229 13.500000000000002 0.96362864345185406 0.25000000000000006 8.7750000000000004 6.5000000000000009 29.350000000000005 8.4950000000000028 17.050000000000004 1.5000000000000002 4.5000000000000009 9.7950000000000017 960.95000000000016 3.5000000000000004 7.5050000000000008 1.5484111340800928
decision_type=2 2 8 8 10 2 2 2 2 8 2 2 2 2 2 2 2 2 10 2 2 8 2 2 2 2 2 2 8 2
left_child=1 8 9 7 -4 6 -6 -2 14 10 11 12 -3 17 -1 -10 -5 26 19 20 21 22 25 -24 -23 -19 -11 -28 -29 -30
right_child=3 2 4 16 5 -7 -8 -9 15 13 -12 -13 -14 -15 -16 -17 -18 18 -20 -21 -22 24 23 -25 -26 -27 27 28 29 -31
leaf_value=-7.1253427353213273e-05 0.00024528185930791977 -0.00031666758236597968 0.0002462073041689805 0.00024130150099171965 0.00036139726616474466 -0.00016634985930330304 -0.00016536975939554721 0.00028301255491783414 -0.00017363853143430901 -0.00033580369776928741 -2.8202303988561495e-05 -0.00016441960196001318 0.00052646202628459646 -0.0021502528878065319 5.7334825651265439e-05 -9.0408146054403092e-06 0.00029983657941713427 0.00027178731263298423 0.002495646548018635 -0.00015071814149416913 0.0019122018110612389 0.0014177160388714556 0.00073716126541672751 -0.00054877033841512391 -0.00028623500987307705 -0.002671769382550798 -0.00022798932347670541 -6.6682476179061862e-05 -6.3315375944479228e-05 0.0036051538370208479
leaf_weight=3157 2098 1139 10211 591 4588 1287 989 371 870 7064 10254 5835 1331 1311 320 1716 2475 4768 1165 25295 2177 4695 527 5068 1748 554 3874 944 362 947
leaf_count=3157 2098 1139 10211 591 4588 1287 989 371 870 7064 10254 5835 1331 1311 320 1716 2475 4768 1165 25295 2177 4695 527 5068 1748 554 3874 944 362 947
internal_value=0.000136723 -0.000573576 -0.00015821 0.0132401 0.00275585 0.00569515 0.00730383 0.00801536 -0.00715392 -0.000787726 -0.00220265 -0.0042491 -0.000557576 -0.00035353 -0.0101235 -0.00314936 0.0174275 -0.000220972 0.000221077 1.60582e-05 0.00111299 0.000386985 -0.00113441 -0.00321964 0.00296371 0.00105876 -0.0017619 0.000132094 0.00381311 0.00805936
internal_weight=107731 102196 96133 5535 17075 6864 5577 2469 6063 79058 18559 8305 2470 60499 3477 2586 3066 59188 45997 44832 19537 17360 10917 5595 6443 5322 13191 6127 2253 1309
internal_count=107731 102196 96133 5535 17075 6864 5577 2469 6063 79058 18559 8305 2470 60499 3477 2586 3066 59188 45997 44832 19537 17360 10917 5595 6443 5322 13191 6127 2253 1309
is_linear=0
shrinkage=0.03


Tree=148
num_leaves=31
num_cat=0
split_feature=22 21 16 16 25 28 16 16 26 8 21 28 8 5 26 27 15 28 28 15 8 26 10 29 13 28 8 13 28 28
split_gain=1168.35 304.639 201.165 131.034 112.1 74.3452 71.7242 67.2303 60.9236 58.4781 55.6328 53.4812 78.304 50.0518 66.211 45.6672 42.6115 42.2062 45.3936 39.245 38.8522 53.1334 37.7831 47.9028 37.5 37.1613 42.1633 36.887 35.989 35.9088
threshold=0.94732539093081747 2.2120833333333336 10.405000000000003 12.785000000000002 1.2575967430538071 962.85000000000002 5.3550000000000013 3.7250000000000005 -0.7603770116708749 8.5000000000000018 10.141250000000003 947.75000000000011 7.5000000000000009 0.87268678868462279 0.94828754594723541 -0.36648727148060634 0.72000000000000008 952.6500000000002 940.6500000000002 -1.0150000000000003 11.500000000000002 0.97625883275952063 11.500000000000002 77.500000000000014 0.8300000000000004 954.55000000000007 18.500000000000004 1.7400000000000013 957.25000000000011 948.85000000000002
decision_type=2 2 10 8 2 2 8 8 2 2 2 2 2 2 2 2 10 2 2 10 2 2 2 2 2 2 2 2 2 2
left_child=1 6 7 19 10 15 17 8 11 -7 28 12 -3 14 -5 -6 24 18 -1 -2 -12 -22 23 27 -9 26 -15 -19 -4 -21
right_child=3 2 4 13 5 9 -8 16 -10 -11 20 -13 -14 25 -16 -17 -18 22 -20 29 21 -23 -24 -25 -26 -27 -28 -29 -30 -31
leaf_value=-0.00031035085769819348 -0.0012100514148009466 -0.00033158921804148686 0.00048087701325120856 9.1489726493567674e-05 0.0011635501353788136 0.00011837792588774819 -5.2184616111006167e-05 0.0016547822664534596 -3.8969150922753359e-05 0.0006123392098824087 0.00028359214347030594 -0.00017072988630120774 0.00053562618582390464 0.00026078627205704751 0.00028398776566785467 7.1855940312209873e-05 0.00026301181822989319 -6.9843812958887168e-05 -0.00011303564381240041 -5.4036373615650166e-05 0.00013637356665197387 0.00021892946631265673 -6.0502105745289564e-05 -6.5073500434422083e-05 -9.4179710771599476e-05 0.00027250562496378806 0.00021026364355243297 -6.8536120767217525e-05 -0.0002440975166514303 0.00027776856686796415
leaf_weight=231 226 1100 1098 403 811 641 303 247 10493 997 261 6211 1639 1115 428 10071 12131 1384 2349 348 464 334 462 512 49280 1661 253 703 290 1233
leaf_count=231 226 1100 1098 403 811 641 303 247 10493 997 261 6211 1639 1115 428 10071 12131 1384 2349 348 464 334 462 512 49280 1661 253 703 290 1233
internal_value=0.000113387 -0.000623426 -0.000215461 0.0133657 0.00297956 0.00182994 -0.0072113 -0.000805243 -0.00234317 0.00777845 0.00884584 -0.0041608 -0.00066691 0.0164864 0.00986842 0.000931386 -0.000320127 -0.00643464 -0.00359768 0.00667219 0.0140132 0.0106102 -0.00881605 -0.0102189 -0.00071045 0.0182828 0.0145084 -0.0122323 0.00486719 0.00834174
internal_weight=107679 102012 96068 5667 14967 12520 5944 81101 19443 1638 2447 8950 2739 3860 831 10882 61658 5641 2580 1807 1059 798 3061 2599 49527 3029 1368 2087 1388 1581
internal_count=107679 102012 96068 5667 14967 12520 5944 81101 19443 1638 2447 8950 2739 3860 831 10882 61658 5641 2580 1807 1059 798 3061 2599 49527 3029 1368 2087 1388 1581
is_linear=0
shrinkage=0.03


Tree=149
num_leaves=31
num_cat=0
split_feature=21 21 1 17 25 1 8 16 16 16 10 25 8 29 20 16 16 29 16 29 1 20 1 8 1 10 17 9 1 29
split_gain=1116.4 310.752 160.534 157.765 90.2307 85.5145 78.634 71.3571 70.8122 64.078 87.5306 78.3233 62.3015 54.8448 75.3726 57.5153 52.6011 49.8814 49.3376 51.5585 64.8946 91.5506 85.9769 72.5314 56.1048 55.5925 47.3517 46.5625 45.9637 52.2723
threshold=11.906666666666668 2.2120833333333336 14.65 11.235000000000001 1.6446063421907453 19.550000000000004 14.500000000000002 14.905000000000003 3.7250000000000005 8.9550000000000018 4.5000000000000009 1.3573189712295626 13.500000000000002 68.500000000000014 2.1728514270746473 12.255000000000001 1.0000000180025095e-35 92.500000000000014 8.9950000000000028 75.500000000000014 7.4500000000000011 1.6201581698572938 -6.4499999999999993 15.500000000000002 -1.9499999999999997 11.500000000000002 12.355000000000002 2.5000000000000004 0.25000000000000006 49.500000000000007
decision_type=2 2 2 2 2 2 2 8 10 8 2 2 2 2 2 10 10 2 10 2 2 2 2 2 2 2 2 2 2 2
left_child=1 5 7 8 6 16 -4 13 12 10 -5 -11 -3 -2 15 -15 -1 28 -13 20 22 -22 25 24 -24 -20 -8 -16 -10 -30
right_child=2 3 4 9 -6 -7 26 -9 17 11 -12 18 -14 14 27 -17 -18 -19 19 -21 21 -23 23 -25 -26 -27 -28 -29 29 -31
leaf_value=-5.061907762767598e-05 0.00025387323039287703 -0.00012009358640415858 0.0003053506978113357 -0.0033423432543807567 -0.00047625056328465476 -9.6453922027594539e-05 -0.0023127817604411769 0.00039084450483858332 -0.00017774249817793987 0.00025219584047053934 0.00088853275172717566 0.003895525063911743 -1.0116670066163497e-05 0.00021553402914360252 0.00018743654460376847 0.00024859735208037633 -6.7546777068861494e-05 0.0032507286176117157 0.00014893111217561538 0.00062485336975432566 -0.00092397983018799085 0.0011742125507259869 -0.0032008947365952658 0.00042693875918789145 -0.00076752000334420636 0.0016029506564880502 0.00025890142002537306 -0.0018343185638485348 -0.00016371679259166548 0.00020542447358966984
leaf_weight=300 1854 12841 648 668 438 2011 209 926 9516 2864 2051 369 8040 255 244 676 3668 489 295 1742 581 1632 661 1070 1747 264 560 279 26655 24040
leaf_count=300 1854 12841 648 668 438 2011 209 926 9516 2864 2051 369 8040 255 244 676 3668 489 295 1742 581 1632 661 1070 1747 264 560 279 26655 24040
internal_value=0.000116266 -0.000632456 0.0125878 -0.000217 0.00520968 -0.00726437 0.00888186 0.0158103 -0.00072108 0.00273138 -0.00139868 0.00373197 -0.00222781 0.0137096 0.00929404 0.014391 -0.00981626 -0.000202619 0.00226273 0.00176316 0.000489209 0.00461226 -0.00177387 -0.00353144 -0.00641525 0.00909574 0.00236434 0.000170455 -0.00028049 7.86982e-05
internal_weight=107593 101504 6089 95525 1855 5979 1417 4234 81581 13944 2719 11225 20881 3308 1454 931 3968 60700 8361 7992 6250 2213 4037 3478 2408 559 769 523 60211 50695
internal_count=107593 101504 6089 95525 1855 5979 1417 4234 81581 13944 2719 11225 20881 3308 1454 931 3968 60700 8361 7992 6250 2213 4037 3478 2408 559 769 523 60211 50695
is_linear=0
shrinkage=0.03


Tree=150
num_leaves=31
num_cat=0
split_feature=21 21 16 16 25 16 29 26 12 5 8 17 23 26 15 7 10 8 12 9 10 20 10 8 26 17 16 26 8 20
split_gain=1180.01 324.509 167.226 137.212 119.621 70.5243 68.1396 62.607 106.938 60.4479 80.7078 52.5239 52.0811 50.5067 46.9741 46.4649 43.8617 106.132 112.699 101.95 73.1915 42.2082 42.0645 60.0933 40.8236 40.2199 39.458 71.2205 46.1854 46.3198
threshold=11.906666666666668 2.2120833333333336 8.4550000000000018 12.565000000000003 2.0996092259315238 5.3550000000000013 85.500000000000014 0.89490028524376763 8.6450000000000014 0.87268678868462279 9.5000000000000018 11.715000000000002 0.60500000000000009 0.94828754594723541 0.49000000000000071 13.500000000000002 2.5000000000000004 13.500000000000002 6.995000000000001 3.5000000000000004 8.5000000000000018 3.7182180983031894 10.500000000000002 19.500000000000004 0.84335933205092517 11.295000000000002 3.6750000000000003 -0.44618082326431213 13.500000000000002 1.7618243381700027
decision_type=2 2 10 8 2 8 2 2 10 2 2 2 2 2 10 2 2 2 10 2 2 2 2 2 2 2 8 2 2 2
left_child=1 5 14 11 7 12 24 -4 16 10 13 -2 -1 -5 21 -14 17 -9 19 -19 -18 26 23 -11 -6 -10 27 28 -3 -30
right_child=3 2 4 9 6 -7 -8 8 25 22 -12 -13 15 -15 -16 -17 20 18 -20 -21 -22 -23 -24 -25 -26 -27 -28 -29 29 -31
leaf_value=-6.5305865490993123e-05 -0.00045012016153441636 -0.00016199817408414996 0.00023489211351867544 -0.0029499837942249113 0.0010240767087717824 -5.2100505790584131e-05 0.0031720029538594104 -0.0012332469678096344 0.00037765295845193449 0.00024113943151796491 0.00034097803902107205 0.00026890628614011477 -6.9361138752788463e-05 0.00018831691531812745 3.6115471254342721e-05 -6.4301105410176796e-05 0.0016300399742016532 0.002361144537062888 0.002119272419437641 -0.0027523505892929063 0.00011120544561148748 0.00047413328101977262 0.00038022390207501864 0.0001892182708676493 -0.00075772871897743558 0.00029882098959234328 -0.00013150044494475061 -4.2061169926856551e-05 0.00013842844459769735 -0.00021084849455197549
leaf_weight=996 327 4716 11629 218 1081 304 332 1329 596 2063 560 1465 1528 237 17170 3131 3467 349 335 271 3161 2286 910 437 7556 1409 31954 5919 1334 759
leaf_count=996 327 4716 11629 218 1081 304 332 1329 596 2063 560 1465 1528 237 17170 3131 3467 349 335 271 3161 2286 910 437 7556 1409 31954 5919 1334 759
internal_value=0.000186676 -0.000589862 -0.000166531 0.0128689 0.00162278 -0.00737928 -0.00130711 0.00278835 0.00441952 0.0157043 0.00920588 0.00584307 -0.00660954 -0.000195652 -0.00104579 -0.00526801 0.00300774 -0.000576671 0.00703125 -0.000576 0.00424242 -0.00153663 0.0176223 0.0155449 -0.00182249 0.0106716 -0.0017401 -0.00315244 -0.00524362 -0.00153003
internal_weight=107829 101612 95653 6217 31515 5959 8969 22546 10917 4425 1015 1792 5655 455 64138 4659 8912 2284 955 620 6628 46968 3410 2500 8637 2005 44682 12728 6809 2093
internal_count=107829 101612 95653 6217 31515 5959 8969 22546 10917 4425 1015 1792 5655 455 64138 4659 8912 2284 955 620 6628 46968 3410 2500 8637 2005 44682 12728 6809 2093
is_linear=0
shrinkage=0.03


Tree=151
num_leaves=31
num_cat=0
split_feature=22 12 1 16 16 25 16 28 8 1 19 8 11 29 1 8 23 20 8 1 8 28 25 1 26 28 24 11 28 28
split_gain=1108.29 236.517 152.677 139.491 133.172 103.246 90.5341 73.62 61.5084 61.2087 72.3897 66.5045 51.5952 50.7739 50.3073 48.8288 47.7132 79.6791 46.4961 81.0918 69.5921 70.3668 62.8984 76.9696 74.5701 62.7449 81.5257 71.6391 62.3558 58.4264
threshold=0.93982204305516548 2.3150000000000004 21.850000000000005 12.565000000000003 10.405000000000003 1.351860729377508 3.6750000000000003 962.85000000000002 8.5000000000000018 14.850000000000003 12.816250000000002 18.500000000000004 1.1050000000000002 68.500000000000014 -6.8499999999999988 12.500000000000002 0.77000000000000013 1.9346145170799935 12.500000000000002 17.450000000000003 1.5000000000000002 939.35000000000002 2.0560468942821886 0.25000000000000006 -0.31729257441605213 953.45000000000016 7.7500000000000009 3.4550000000000005 960.55000000000007 945.95000000000016
decision_type=2 8 2 8 10 2 10 2 2 2 2 2 10 2 2 2 2 2 2 2 2 2 2 2 2 2 2 10 2 2
left_child=1 2 6 -2 18 15 16 14 -9 10 13 -11 -4 -5 -7 -6 17 -1 20 22 -3 -22 24 -24 -20 26 -23 -27 -29 -21
right_child=3 4 12 9 5 7 -8 8 -10 11 -12 -13 -14 -15 -16 -17 -18 -19 19 29 21 25 23 -25 -26 27 -28 28 -30 -31
leaf_value=-6.4318121053822649e-05 0.00022274582806685483 0.00029610226828746588 0.00099994573297336356 0.00028977320988138322 0.00030617033791217164 0.0034043578082950409 -0.00011643277101520414 0.00010718081496515874 0.00060750640620131906 0.0002507551768854643 0.00023702833417855394 -0.0007482375286241771 -3.9755055441220538e-05 0.00010327873564456079 3.9160232554413809e-06 0.00017141990343340352 -6.5515182115343881e-05 -4.6250302986867969e-05 0.00012069359683191508 0.00026767869503217481 -0.0018253441195042706 -0.00018731682010051574 -0.00065535491309269122 0.00018837139230199994 0.0015517081244914418 1.6109520321016258e-05 0.0014681450244937338 -0.00076949594456488077 -0.00020467518586283039 -0.00031955936696387993
leaf_weight=1331 1701 5723 737 758 1358 385 4855 609 832 637 2290 247 4508 351 9363 1842 5868 714 6203 6693 221 12046 1100 2960 5058 3647 3625 6330 3812 11251
leaf_count=1331 1701 5723 737 758 1358 385 4855 609 832 637 2290 247 4508 351 9363 1842 5868 714 6203 6693 221 12046 1100 2960 5058 3647 3625 6330 3812 11251
internal_value=0.000184102 -0.000558886 -0.00367466 0.0127233 0.00011702 0.00274073 -0.0054443 0.0013802 0.0076971 0.0156087 0.0174412 0.00850394 0.000634286 0.0110682 0.000442941 0.0074883 -0.00742233 -0.0113707 -0.000432915 0.000372408 -0.00118953 -0.00177356 0.00197508 -0.00122509 0.00312888 -0.00164534 -0.000346389 -0.00312092 -0.00441707 -0.000996156
internal_weight=107055 101071 18013 5984 83058 14389 12768 11189 1441 4283 3399 884 5245 1109 9748 3200 7913 2045 68669 33265 35404 29681 15321 4060 11261 29460 15671 13789 10142 17944
internal_count=107055 101071 18013 5984 83058 14389 12768 11189 1441 4283 3399 884 5245 1109 9748 3200 7913 2045 68669 33265 35404 29681 15321 4060 11261 29460 15671 13789 10142 17944
is_linear=0
shrinkage=0.03


Tree=152
num_leaves=31
num_cat=0
split_feature=22 16 5 16 2 16 25 17 28 26 8 20 1 8 10 19 8 23 8 19 1 13 19 1 29 1 29 9 17 26
split_gain=1145.86 257.845 165.089 129.324 120.75 118.032 94.2607 91.0114 78.4931 76.3921 70.5129 64.6622 62.259 62.0211 54.2397 53.9751 59.34 51.8712 48.8374 47.9702 46.0602 43.4837 40.3604 52.7905 44.9691 40.0567 66.0213 98.1918 65.1698 58.4105
threshold=0.94732539093081747 3.7250000000000005 0.029912774103462648 10.405000000000003 1.1283154847458692 12.565000000000003 1.351860729377508 9.8950000000000014 962.95000000000016 -0.18222858652173754 13.500000000000002 1.9473603929395553 15.450000000000001 16.500000000000004 2.5000000000000004 12.816250000000002 8.5000000000000018 1.1050000000000002 18.500000000000004 4.298750000000001 -6.8499999999999988 7.7283333333333353 10.181250000000004 21.350000000000005 49.500000000000007 1.0000000180025095e-35 72.500000000000014 1.5000000000000002 10.415000000000001 0.99535829673000953
decision_type=2 10 2 10 2 8 2 2 2 2 2 2 2 2 2 2 2 2 2 2 2 2 2 2 2 2 2 2 2 2
left_child=1 2 4 25 17 -2 13 19 20 -9 14 -6 15 22 -10 16 -7 -1 -14 -4 -8 -16 23 24 -5 26 28 -28 -3 -29
right_child=5 3 7 6 11 12 8 9 10 -11 -12 -13 18 -15 21 -17 -18 -19 -20 -21 -22 -23 -24 -25 -26 -27 27 29 -30 -31
leaf_value=0.00062480413976607042 0.00023098657515653763 -0.00016480040874550082 -5.3837579302974615e-05 -0.00041055675029692151 -6.2984451369287695e-05 0.00016238188616978565 0.0023878715174607888 -0.0011802588464925995 -0.0018124698958322581 0.0029202295486620367 0.00067846211912945154 -5.7154567240295454e-05 0.00024279972634693668 -0.00040758694959923235 0.0032487552432153852 0.00022679439854706883 0.0002688503658402941 -0.00016230407382026232 -0.00032776593839336729 -0.00073298997468294034 3.8572748462956105e-05 0.00010598611824757742 0.00020405161337624543 0.0019694787139561951 0.00078335423042100942 1.4686855746015927e-05 -0.00059246941726930427 0.00014801397315104305 -0.0025071957195359966 0.0058867215949956154
leaf_weight=839 1484 3328 13970 524 3622 332 413 478 285 1154 575 1738 608 506 237 2350 626 1441 222 4432 9818 416 1398 593 320 49976 1139 3667 822 318
leaf_count=839 1484 3328 13970 524 3622 332 413 478 285 1154 575 1738 608 506 237 2350 626 1441 222 4432 9818 416 1398 593 320 49976 1139 3667 822 318
internal_value=0.000192036 -0.000534927 -0.00300661 0.000385391 -0.00675736 0.0133712 0.00286481 -0.00157493 0.00159843 0.00520464 0.00796443 -0.00921528 0.0159739 0.00730723 0.0028632 0.0178207 0.0117134 -0.000971554 0.0085509 -0.00217743 0.000653576 0.00761398 0.00903169 0.00547157 0.000636042 -0.000246055 -0.00205626 0.000222266 -0.00486643 0.00244361
internal_weight=107631 102009 27674 74335 7640 5622 15085 20034 11744 1632 1513 5360 4138 3341 938 3308 958 2280 830 18402 10231 653 2835 1437 844 59250 9274 5124 4150 3985
internal_count=107631 102009 27674 74335 7640 5622 15085 20034 11744 1632 1513 5360 4138 3341 938 3308 958 2280 830 18402 10231 653 2835 1437 844 59250 9274 5124 4150 3985
is_linear=0
shrinkage=0.03


Tree=153
num_leaves=31
num_cat=0
split_feature=22 21 16 16 25 1 28 26 16 26 8 28 23 29 17 6 1 19 8 12 17 25 3 23 16 28 29 1 12 18
split_gain=1167.96 291.536 166.285 108.242 96.2107 88.2714 78.0732 57.8933 54.569 58.0538 51.7039 49.3828 48.8574 48.2575 46.1469 44.5084 43.5696 44.0181 43.306 40.2977 40.0549 39.6771 39.5395 39.6014 36.2735 35.0321 34.5917 35.2308 33.7742 33.2864
threshold=0.94732539093081747 2.2120833333333336 10.555000000000001 13.255000000000001 1.2518252065014657 16.650000000000002 968.95000000000016 -0.95878322595067689 3.7250000000000005 -0.44618082326431213 12.500000000000002 962.55000000000007 0.77000000000000013 25.500000000000004 13.965000000000002 1.5000000000000002 15.450000000000001 12.816250000000002 8.5000000000000018 8.1650000000000009 13.375000000000002 1.3261145442507176 10.501526151828289 4.3850000000000007 5.3550000000000013 940.6500000000002 33.500000000000007 8.1500000000000004 10.005000000000001 3.3150000000000004
decision_type=2 2 10 8 2 2 2 2 8 2 2 2 2 2 2 2 2 2 2 10 2 2 2 2 8 2 2 2 10 10
left_child=1 5 8 7 14 12 13 26 9 10 25 -12 -1 -6 -4 -7 17 18 -5 -15 -9 -18 23 -21 -14 -3 -2 -28 -22 -11
right_child=3 2 4 16 6 15 -8 20 -10 29 11 -13 24 19 -16 -17 21 -19 -20 22 28 -23 -24 -25 -26 -27 27 -29 -30 -31
leaf_value=-5.8860167512981976e-05 0.00027887000973719544 -0.00044566312546167399 0.00017007825191247189 0.00012631071078590626 -0.0023760965706502613 -0.00019619080103816492 0.00060873985150737 0.00017383490564527702 -4.6198004277867645e-05 5.2463958836532262e-05 -1.7764645396882023e-05 -0.00016333982860846337 -5.9384981188809901e-05 1.8754613560424127e-05 0.00019751894646946822 -6.1683827126982059e-06 0.00020250806662789998 0.00023296898120680698 0.00024195242087365453 0.00032825985203656203 0.000156132699968628 0.00026866984093992574 -0.000135939073098591 0.00036392460075300724 -4.4588256063005266e-05 -0.00013990884674340955 0.00021605592913859993 -0.00047210748551700153 0.00026283676820127333 -0.00018555068330686759
leaf_weight=1086 234 207 1882 235 382 792 336 302 62916 5198 3944 307 2147 6376 350 1727 214 1981 403 1181 202 406 1141 2391 224 6049 403 561 676 3572
leaf_count=1086 234 207 1882 235 382 792 336 302 62916 5198 3944 307 2147 6376 350 1727 214 1981 403 1181 202 406 1141 2391 224 6049 403 561 676 3572
internal_value=8.65251e-05 -0.00064571 -0.000246267 0.0133991 0.00277058 -0.0070724 0.00168896 0.00851028 -0.000761697 -0.00215797 -0.00366153 -0.00110667 -0.010182 0.00126786 0.00847564 -0.00279319 0.0169698 0.01867 0.0116641 0.00163061 0.0132152 0.009696 0.00373251 0.00528376 -0.0077399 -0.0053953 0.0038404 0.00130031 0.0164439 -0.000355556
internal_weight=107825 102208 96232 5617 14039 5976 11807 2378 82193 19277 10507 4251 3457 11471 2232 2519 3239 2619 638 11089 1180 620 4713 3572 2371 6256 1198 964 878 8770
internal_count=107825 102208 96232 5617 14039 5976 11807 2378 82193 19277 10507 4251 3457 11471 2232 2519 3239 2619 638 11089 1180 620 4713 3572 2371 6256 1198 964 878 8770
is_linear=0
shrinkage=0.03


Tree=154
num_leaves=31
num_cat=0
split_feature=21 21 16 16 25 26 12 1 1 28 28 1 8 0 23 8 28 28 29 1 28 1 8 9 8 9 29 1 28 26
split_gain=1108.05 296.039 144.237 129.925 123.258 86.8178 96.9505 81.2917 72.7939 64.724 55.9103 53.8458 53.2731 53.2687 52.0094 51.1731 62.3193 74.1479 71.8441 74.5971 65.9584 107.741 95.3883 90.1785 91.7952 85.1559 84.6085 73.2225 65.3241 72.7278
threshold=11.906666666666668 2.2120833333333336 12.565000000000003 9.4050000000000029 2.0222576079263983 0.89490028524376763 8.6450000000000014 16.650000000000002 14.850000000000003 947.35000000000002 958.85000000000002 1.4500000000000002 19.500000000000004 9.8450000000000006 0.77000000000000013 14.500000000000002 953.45000000000016 960.55000000000007 47.500000000000007 5.7500000000000009 949.85000000000002 7.0500000000000007 8.5000000000000018 1.5000000000000002 5.5000000000000009 1.0000000180025095e-35 68.500000000000014 10.050000000000002 967.6500000000002 -0.19936034309715209
decision_type=2 2 8 10 2 2 10 2 2 2 2 2 2 2 2 2 2 2 2 2 2 2 2 2 2 2 2 2 2 2
left_child=1 7 -2 15 5 -5 9 14 13 -7 11 -11 -10 -4 -1 16 20 -18 -19 28 22 -22 26 24 -23 -26 -3 -24 -20 -30
right_child=2 3 8 4 -6 6 -8 -9 12 10 -12 -13 -14 -15 -16 -17 17 18 19 -21 21 23 27 -25 25 -27 -28 -29 29 -31
leaf_value=-5.7003361389966444e-05 0.00021560305893317366 -0.00034173010390334545 0.00022608221161026786 0.00016475123609693498 -0.00038362096251842194 0.0032598359585814551 0.00025330907341279517 -8.6277745202525773e-05 0.00022380198821385421 -0.0026146985656519692 0.00069894546097149955 0.00024657578307409885 -0.00038698895001753827 0.0002143948476513846 -5.7299600222123158e-05 2.0367167222286633e-05 -0.00019686036181164787 -0.00068459387940295871 1.3471458552576365e-05 0.0018783849484873738 -0.00043327253957455036 0.0036949160413481267 0.0062066002535689719 0.00011638793330077292 -0.00043915500318874109 0.0028956086394485397 0.00060631689613899187 0.00014149055838935006 -0.0012916502763505894 0.0010278170831616073
leaf_weight=1109 1805 8603 585 7167 8126 647 1691 2490 759 716 1936 2194 223 2791 2387 28728 12179 454 5539 961 868 976 239 4081 621 673 1973 6097 525 234
leaf_count=1109 1805 8603 585 7167 8126 647 1691 2490 759 716 1936 2194 223 2791 2387 28728 12179 454 5539 961 868 976 239 4081 621 673 1973 6097 525 234
internal_value=0.000160083 -0.000592181 0.0125049 -0.00018523 0.00180811 0.00347938 0.00580887 -0.00706059 0.0154573 0.00386868 0.00267161 4.11664e-05 0.00820669 0.017551 -0.0100086 -0.000801171 -0.00144385 -0.00268684 -0.000384815 0.000342786 -0.000418876 0.0019809 -0.00144352 0.003337 0.00812308 0.00286374 -0.00318684 0.00146665 -0.000847216 -0.00907068
internal_weight=107377 101214 6163 95228 22477 14351 7184 5986 4358 5493 4846 2910 982 3376 3496 72751 44023 19892 7713 7259 24131 7219 16912 6351 2270 1294 10576 6336 6298 759
internal_count=107377 101214 6163 95228 22477 14351 7184 5986 4358 5493 4846 2910 982 3376 3496 72751 44023 19892 7713 7259 24131 7219 16912 6351 2270 1294 10576 6336 6298 759
is_linear=0
shrinkage=0.03


Tree=155
num_leaves=31
num_cat=0
split_feature=21 21 16 12 16 16 16 29 10 8 10 8 17 15 16 8 28 10 27 16 21 20 17 23 8 8 3 28 8 10
split_gain=1105.31 280.588 138.316 129.367 72.4182 55.6268 55.1548 54.3993 78.4 71.2434 66.249 89.4691 78.7159 67.7696 62.9785 62.8958 54.433 63.774 81.428 55.4897 54.1074 65.812 53.5826 52.5628 50.8165 49.6321 63.2626 60.3166 77.2714 55.4223
threshold=11.906666666666668 2.2120833333333336 12.565000000000003 8.0750000000000011 1.0000000180025095e-35 3.7250000000000005 14.905000000000003 40.500000000000007 1.5000000000000002 12.500000000000002 2.5000000000000004 5.5000000000000009 9.4350000000000005 -0.56999999999999951 5.9850000000000012 16.500000000000004 960.55000000000007 8.5000000000000018 -0.29237170472273682 8.8650000000000002 7.9229166666666675 1.3179150200221563 12.355000000000002 0.45500000000000007 2.5000000000000004 7.5000000000000009 3.1178371038177639 946.25000000000011 10.500000000000002 5.5000000000000009
decision_type=2 2 8 8 10 8 8 2 2 2 2 2 2 10 10 2 2 2 2 10 2 2 2 2 2 2 2 2 2 2
left_child=1 4 -2 5 -1 -3 -4 8 -7 10 11 -9 -13 -12 -14 -11 17 19 -19 24 21 -20 -5 -6 -15 26 -10 -27 -29 -28
right_child=2 3 6 22 23 7 -8 9 25 15 13 12 14 16 -16 -17 -18 18 20 -21 -22 -23 -24 -25 -26 27 29 28 -30 -31
leaf_value=-4.3625865923773762e-05 0.00020713305274683069 -6.7117132361261682e-05 0.00018839363047981061 0.00021150528053492601 -5.630465917713211e-05 -0.0039537219429636519 0.00034309353440671543 1.4526277356910477e-05 0.00068372187479925851 0.0009727484386731558 -0.00034902806057119067 -9.1657247667861649e-05 0.00040227692244224289 0.0010761796951340215 -0.003286200566475792 0.00013969218313541698 0.0011682460051411841 0.0015450406262529747 0.00045486988676019576 0.0018849562041898553 0.00015627712380798076 -0.0010801204407364367 0.00021754738914402826 -5.728783839685473e-05 -0.00017021655608616458 0.00036868991565919111 -0.00026223445710036095 0.0019438757711341481 -0.00050498838111136821 -0.0017471133530292126
leaf_weight=299 1807 18593 3083 12707 728 225 1248 2616 384 3904 5961 1377 221 1255 1125 12017 2929 984 509 2598 1431 2339 3738 4959 4739 5185 541 812 8199 916
leaf_count=299 1807 18593 3083 12707 728 225 1248 2616 384 3904 5961 1377 221 1255 1125 12017 2929 984 509 2598 1431 2339 3738 4959 4739 5185 541 812 8199 916
internal_value=0.000116444 -0.000632898 0.0124727 -0.000237016 -0.0069304 -0.000741774 0.0153805 -0.000299144 -0.00178152 0.000248807 -0.000660045 -0.00366579 -0.00746701 4.61538e-05 -0.0126129 0.00185169 0.0010221 0.000235931 -0.00236333 0.00182854 -0.00415266 -0.00654048 0.00218298 -0.00616128 0.00024004 -0.0015316 -0.00615926 -0.000929512 -0.00241238 -0.00900821
internal_weight=107429 101291 6138 95305 5986 78860 4331 60267 16262 44005 28084 5339 2723 22745 1346 15921 16784 13855 5263 8592 4279 2848 16445 5687 5994 16037 1841 14196 9011 1457
internal_count=107429 101291 6138 95305 5986 78860 4331 60267 16262 44005 28084 5339 2723 22745 1346 15921 16784 13855 5263 8592 4279 2848 16445 5687 5994 16037 1841 14196 9011 1457
is_linear=0
shrinkage=0.03


Tree=156
num_leaves=31
num_cat=0
split_feature=22 21 21 1 1 28 15 19 29 23 20 18 23 23 26 28 8 26 20 2 28 1 29 9 5 8 27 23 1 27
split_gain=1082.78 263.35 158.998 99.0492 83.0251 68.1205 61.7206 59.3897 92.102 55.7226 53.476 53.2837 56.0615 48.8589 48.1429 45.3255 44.5162 42.9507 54.427 43.8665 42.2827 40.8334 72.4931 68.673 47.3611 47.7614 68.9712 91.2247 59.8326 55.2249
threshold=0.94732539093081747 2.2120833333333336 10.141250000000003 14.850000000000003 16.650000000000002 975.25000000000011 0.50000000000000044 12.816250000000002 71.500000000000014 7.4750000000000005 3.7182180983031894 10.315000000000003 7.1050000000000013 0.77000000000000013 0.98624804680367306 970.45000000000016 12.500000000000002 -0.90992662233962551 2.3990970511479963 1.1756967073298374 940.6500000000002 29.350000000000005 35.500000000000007 1.0000000180025095e-35 0.029912774103462648 13.500000000000002 0.10452846326765323 3.1450000000000005 11.450000000000001 -0.53727914962411594
decision_type=2 2 2 2 2 2 10 2 2 2 2 10 2 2 2 2 2 2 2 2 2 2 2 2 2 2 2 2 2 2
left_child=1 4 5 7 13 6 10 8 -2 -5 15 12 -4 -1 16 21 -14 18 19 -9 -6 22 -3 -23 -24 -26 29 -28 -29 -27
right_child=3 2 11 9 20 -7 -8 17 -10 -11 -12 -13 14 -15 -16 -17 -18 -19 -20 -21 -22 23 24 -25 25 26 27 28 -30 -31
leaf_value=-5.3596810524186796e-05 0.00024906834429378019 -0.00035323262662062126 0.00029916134667730908 -0.00062337952727846251 -0.00029121376798766171 0.0030043856590244943 0.00011386745901648065 0.00015359965296160905 -3.9168158140334698e-05 0.00022277265457484318 0.00050248157517243099 0.00012831227317332882 0.00025149939776800964 -5.3861977063553787e-05 0.00024476742346412949 -0.0010758774831898573 7.5874776520380995e-05 0.0002700152538363176 0.00015446975318698209 0.00024305566231435426 -3.4102392889088837e-05 0.0014199714974378918 -6.219321623748982e-05 -1.3706070429075536e-05 -0.00014583735607118814 0.00085272137737242722 1.5131635216854289e-05 0.0023682996633109066 2.3096577029534381e-05 -0.00028325311582707815
leaf_weight=1068 899 7618 3272 290 220 336 22597 592 490 1253 4000 4340 254 2393 227 365 394 1011 316 759 2330 787 4301 5198 26991 1753 3519 1570 660 7464
leaf_count=1068 899 7618 3272 290 220 336 22597 592 490 1253 4000 4340 254 2393 227 365 394 1011 316 759 2330 787 4301 5198 26991 1753 3519 1570 660 7464
internal_value=0.000169196 -0.00053914 -0.000156193 0.0129938 -0.00662733 -0.000537951 -0.000590478 0.0154494 0.0103515 0.00649225 -0.00106491 0.00376236 0.0061922 -0.00965089 0.0129205 -0.00128804 0.00863706 0.0180693 0.0150179 0.0176327 -0.00251272 -0.00122323 -0.00148438 0.00112688 -0.00103755 -0.000729946 0.000629216 0.00320647 0.00794631 -0.00097918
internal_weight=107267 101657 95646 5610 6011 87159 86823 4067 1389 1543 64226 8487 4147 3461 875 60226 648 2678 1667 1351 2550 59861 53876 5985 46258 41957 14966 5749 2230 9217
internal_count=107267 101657 95646 5610 6011 87159 86823 4067 1389 1543 64226 8487 4147 3461 875 60226 648 2678 1667 1351 2550 59861 53876 5985 46258 41957 14966 5749 2230 9217
is_linear=0
shrinkage=0.03


Tree=157
num_leaves=31
num_cat=0
split_feature=22 21 12 16 16 1 26 0 16 13 26 5 1 23 9 1 7 20 1 21 21 21 9 9 20 12 12 14 1 9
split_gain=1049.93 283.87 153.164 128.182 81.5085 81.4727 74.2538 64.0164 58.6039 60.0888 53.957 53.403 51.072 49.8547 54.6599 52.9281 47.5626 42.4906 42.1975 43.7436 42.0646 38.7296 38.1257 37.9134 36.8727 36.447 34.725 34.2469 33.526 38.4611
threshold=0.94732539093081747 2.2120833333333336 8.0750000000000011 13.355000000000002 10.505000000000001 16.650000000000002 0.96359376111369366 10.825000000000001 3.7250000000000005 7.8216666666666681 -0.44618082326431213 0.040599097359708229 27.050000000000004 5.035000000000001 3.5000000000000004 -4.5499999999999989 13.500000000000002 4.0337033187479996 15.450000000000001 12.669166666666671 1.840833333333334 7.0270833333333345 4.5000000000000009 5.5000000000000009 2.5986815512331414 0.79500000000000015 6.8550000000000013 0.40369129275799021 -1.0499999999999998 1.0000000180025095e-35
decision_type=2 2 8 8 10 2 2 2 8 2 2 2 2 2 2 2 2 2 2 2 2 2 2 2 2 10 10 2 2 2
left_child=1 5 8 6 -4 11 24 13 10 17 12 20 23 14 -6 -15 -7 26 19 -5 25 -19 -20 -3 -2 -1 -10 -14 29 -28
right_child=3 2 4 18 7 16 -8 -9 9 -11 -12 -13 27 15 -16 -17 -18 21 22 -21 -22 -23 -24 -25 -26 -27 28 -29 -30 -31
leaf_value=-5.5993793115705622e-05 0.00018718645744445039 -0.00014006134850852109 0.00025005578291384389 0.00022063320373791049 -0.0004264285947504265 -0.00017342035827010868 0.00020715861427438197 -0.00011583655328046171 -5.4285600280826463e-05 -0.00094190214118761108 -1.5584335290842571e-05 9.4888240816921963e-05 -0.00034424200018752846 0.00058813612287523024 0.00067954520596568584 0.00018227801101311557 1.233718743876077e-05 8.0259800637111871e-05 0.0001617910837405001 0.00020873439582669851 -5.2189571091795854e-05 0.0030516678877259566 0.00037685746079392014 9.8994676882531438e-06 -0.0001826254419787343 -5.1738307153752057e-05 -0.0053982651438266062 0.00042658271103066225 0.00079202146871590437 -3.228061907723845e-05
leaf_weight=498 1661 7089 10214 500 1185 857 383 1271 46274 3753 8707 316 410 246 1118 3056 1701 1334 331 1975 1357 880 267 1056 480 1275 242 1461 6493 1353
leaf_count=498 1661 7089 10214 500 1185 857 383 1271 46274 3753 8707 316 410 246 1118 3056 1701 1334 331 1975 1357 880 267 1056 480 1275 242 1461 6493 1353
internal_value=0.000169562 -0.00052393 -0.000128553 0.0128151 0.00244633 -0.00684973 0.00778173 0.00497021 -0.000685328 -0.000230218 -0.00215132 -0.00985801 -0.00365233 0.00634759 0.00295061 0.0087088 -0.0027858 1.37855e-05 0.0169298 0.0186653 -0.0110431 0.00408292 0.00965174 -0.00467853 0.00557782 -0.0140889 -0.000152298 0.000815565 0.00166069 -0.00223125
internal_weight=107743 102146 96142 5597 17090 6004 2524 6876 79052 60329 18723 3446 10016 5605 2303 3302 2558 56576 3073 2475 3130 2214 598 8145 2141 1773 54362 1871 8088 1595
internal_count=107743 102146 96142 5597 17090 6004 2524 6876 79052 60329 18723 3446 10016 5605 2303 3302 2558 56576 3073 2475 3130 2214 598 8145 2141 1773 54362 1871 8088 1595
is_linear=0
shrinkage=0.03


Tree=158
num_leaves=31
num_cat=0
split_feature=22 12 1 16 17 16 16 12 11 29 17 22 28 16 10 29 23 0 1 29 29 28 20 28 25 16 25 1 28 28
split_gain=1078.32 216.726 161.386 128.039 115.891 107.343 73.3163 79.0699 67.0516 65.6168 51.4384 48.5285 47.0953 65.9036 47.3125 47.0794 43.8356 43.0072 42.886 47.8589 42.4887 41.7577 38.0059 37.5887 37.9154 37.3076 36.721 36.1845 36.1654 41.1557
threshold=0.94732539093081747 1.9550000000000003 22.050000000000004 13.355000000000002 11.295000000000002 3.6750000000000003 10.405000000000003 8.4850000000000012 6.0250000000000012 92.500000000000014 7.0050000000000008 0.96362864345185406 955.6500000000002 7.8750000000000009 2.5000000000000004 49.500000000000007 0.77000000000000013 10.825000000000001 7.7500000000000009 74.500000000000014 38.500000000000007 957.25000000000011 1.8991620956946347 958.6500000000002 2.1657653061224496 10.105000000000002 2.7318330399798847 11.850000000000003 956.6500000000002 950.85000000000002
decision_type=2 8 2 8 2 10 8 8 8 2 2 2 2 10 2 2 2 2 2 2 2 2 2 2 2 10 2 2 2 2
left_child=1 2 5 18 9 10 12 8 -8 26 16 15 -6 -14 -15 -5 22 -9 19 -2 -20 -16 -1 28 -25 -23 -3 -13 29 -10
right_child=3 4 -4 11 6 -7 7 17 23 -11 -12 27 13 14 21 -17 -18 -19 20 -21 -22 25 -24 24 -26 -27 -28 -29 -30 -31
leaf_value=-5.2239463060775826e-05 0.00027307656692391436 -4.1581510242320109e-05 0.00014864227304305346 0.00020498121879601204 0.00073296756191612025 -9.3466958923347238e-05 0.0031264251610732862 0.00024015377893855326 -0.0026586543100192359 0.00258162552262339 -2.3493876624983362e-05 0.00022483943649392768 -0.0037719230556553392 -0.0034548520070736715 -0.0060435755738438828 7.6866509801536414e-05 -5.3836449345318005e-05 -0.00010204242126975238 0.00017425145353039851 0.00016615470691681898 9.7705559939912363e-05 0.0026617467156544593 -5.0826414633423838e-05 0.00057441021048880382 -0.0017278285323304749 -0.00074400970612738975 -0.00020022245139068875 0.00017360210811152686 -0.0027861895662027081 0.00039679312596143323
leaf_weight=1196 635 71009 3763 294 3001 3652 907 3153 654 569 796 1791 374 404 208 315 3833 495 477 435 959 636 446 1465 331 212 2945 714 687 1324
leaf_count=1196 635 71009 3763 294 3001 3652 907 3153 654 569 796 1791 374 404 208 315 3833 495 477 435 959 636 446 1465 331 212 2945 714 687 1324
internal_value=0.000193899 -0.000510851 -0.00402308 0.0129813 3.32658e-05 -0.0060284 0.00255268 0.00415032 0.00183138 -0.000435138 -0.00840822 0.0170439 -0.000427686 -0.00420881 -0.00131058 0.00933225 -0.00944343 0.00755543 0.0079092 0.0124465 0.00449688 0.00203582 -0.0135519 0.000315719 0.00366463 0.00499414 -0.000513528 0.0188964 -0.00194382 0.000121029
internal_weight=107680 102060 13686 5620 88374 9923 13851 9016 5368 74523 6271 3114 4835 1834 1460 609 5475 3648 2506 1070 1436 1056 1642 4461 1796 848 73954 2505 2665 1978
internal_count=107680 102060 13686 5620 88374 9923 13851 9016 5368 74523 6271 3114 4835 1834 1460 609 5475 3648 2506 1070 1436 1056 1642 4461 1796 848 73954 2505 2665 1978
is_linear=0
shrinkage=0.03


Tree=159
num_leaves=31
num_cat=0
split_feature=21 21 16 12 1 16 2 23 1 11 20 16 3 25 6 8 29 28 10 25 10 12 17 23 25 26 23 9 9 1
split_gain=1071.63 250.469 153.829 129.522 80.2278 68.3023 64.0587 59.7428 55.9422 62.2871 53.8883 52.8366 45.5813 54.5096 44.8267 42.5548 65.2364 77.9995 109.301 99.7396 97.1326 70.2753 64.6093 67.2867 64.2754 102.304 62.4209 54.277 52.6036 49.562
threshold=11.906666666666668 2.2120833333333336 12.565000000000003 8.0750000000000011 16.650000000000002 15.215000000000002 1.2392002097530244 0.77000000000000013 15.050000000000002 9.2150000000000016 3.914473144438678 10.005000000000001 10.501526151828289 2.0841793788222365 1.5000000000000002 12.500000000000002 39.500000000000007 951.6500000000002 7.5000000000000009 1.0793958265653838 9.5000000000000018 2.4950000000000006 3.9850000000000008 2.7150000000000003 1.4404080067090972 0.68832836526074803 5.0750000000000011 2.5000000000000004 1.0000000180025095e-35 38.050000000000004
decision_type=2 2 8 8 2 8 2 2 2 10 2 10 2 2 2 2 2 2 2 2 2 10 2 2 2 2 2 2 2 2
left_child=1 4 -2 10 7 8 11 -1 9 -4 15 -5 13 -13 -6 -3 17 18 19 29 -19 27 -20 -24 25 26 -23 -18 -21 -17
right_child=2 3 5 6 14 -7 -8 -9 -10 -11 -12 12 -14 -15 -16 16 21 20 22 28 -22 24 23 -25 -26 -27 -28 -29 -30 -31
leaf_value=-4.9222548073708444e-05 0.00017780525375359123 -0.00010595281790759031 0.00012074477019662799 0.00011561650022414326 -0.00015416771493793554 0.00034895927411783821 0.00079031891720606319 -4.9001006283377837e-05 0.00015606305435069356 0.00016665522334200321 0.0006551854495084208 0.00023753763850592412 -0.00010649628075514616 -0.00029302329124852172 1.3214517122867552e-05 0.0011092307458816591 -0.0001427577877401826 -0.00051025045705805207 -0.00061433577633908756 0.0019518567379146002 0.00058901446965807969 0.00047074832670840799 0.0010306483868154398 -0.0013479700755681888 9.7178794702555129e-05 0.0018968481062924907 -0.0017562726043150346 5.9099509146836506e-05 -0.00022643493082258036 -0.00049673941716861134
leaf_weight=1096 1835 41654 288 8875 786 1023 456 2416 722 2350 3637 4678 1465 1044 1711 1937 1588 3034 1016 547 806 2094 837 1847 10638 2397 767 1911 4049 231
leaf_count=1096 1835 41654 288 8875 786 1023 456 2416 722 2350 3637 4678 1465 1044 1711 1937 1588 3034 1016 547 806 2094 837 1847 10638 2397 767 1911 4049 231
internal_value=0.00019909 -0.000541656 0.0122835 -0.000167726 -0.00647988 0.015335 0.00224778 -0.00940006 0.0132303 0.0152554 -0.000672954 0.00193067 0.00384177 0.00504976 -0.00236211 -0.000845166 -5.2516e-05 -0.00158921 -0.000246442 0.00202098 -0.00524317 0.00108093 -0.00438866 -0.00194124 0.00192818 0.00463994 0.000806001 -0.00276541 -0.000482504 0.00731707
internal_weight=107735 101517 6218 95508 6009 4383 16518 3512 3360 2638 78990 16062 7187 5722 2497 75353 33699 14304 10464 6764 3840 19395 3700 2684 15896 5258 2861 3499 4596 2168
internal_count=107735 101517 6218 95508 6009 4383 16518 3512 3360 2638 78990 16062 7187 5722 2497 75353 33699 14304 10464 6764 3840 19395 3700 2684 15896 5258 2861 3499 4596 2168
is_linear=0
shrinkage=0.03


Tree=160
num_leaves=31
num_cat=0
split_feature=22 12 1 16 16 22 26 17 12 11 5 8 9 9 29 17 12 11 1 16 11 8 26 1 12 1 29 25 24 22
split_gain=1045.12 197.592 148.546 133.71 111.416 86.9756 83.1958 58.254 71.8721 67.3624 57.2922 52.7523 49.8694 76.0364 73.2062 57.6725 55.8948 76.2669 55.8304 79.3307 65.7185 47.3834 46.6549 45.9692 45.8816 45.7366 85.0477 67.3588 66.863 48.8494
threshold=0.94732539093081747 2.3150000000000004 22.050000000000004 13.255000000000001 10.555000000000001 0.02346721918595138 0.96359376111369366 11.235000000000001 8.4850000000000012 6.0650000000000004 0.87268678868462279 7.5000000000000009 5.5000000000000009 3.5000000000000004 22.500000000000004 8.9550000000000018 10.265000000000002 4.3450000000000006 -1.0499999999999998 7.8750000000000009 8.1250000000000018 14.500000000000002 0.91702515554752073 16.050000000000004 0.62500000000000011 10.250000000000002 43.500000000000007 2.3050423728813567 3.7500000000000004 0.78068708983025037
decision_type=2 8 2 8 8 2 2 2 8 10 2 2 2 2 2 2 10 10 2 10 10 2 2 2 10 2 2 2 2 2
left_child=1 2 5 6 12 24 -2 -6 9 -9 11 -5 13 18 15 -15 17 -16 20 -20 -3 -19 -14 -12 -1 26 -21 29 -29 -28
right_child=3 4 -4 10 7 -7 -8 8 -10 -11 23 -13 22 14 16 -17 -18 21 19 25 -22 -23 -24 -25 -26 -27 27 28 -30 -31
leaf_value=-5.1461175836789838e-05 0.0001592349772014956 -9.2000600182283213e-05 9.2526140807459091e-05 -0.00020003472928607823 4.160352408491996e-05 -5.1724267646446382e-05 0.00018653837331683354 0.003175758932062431 0.00017937841228534367 3.5865335965569177e-05 0.00018495770336638407 0.00032205550967770224 0.00049997025110127711 -0.00043381782812529449 4.4760959028057338e-05 -0.0043288523500225381 0.0021546713642839189 -0.00099704296903836177 -5.8746566099053054e-05 -0.0023781859615054687 -0.0039262568856686672 -0.00029144661622594327 -0.00026748936143536627 0.00022640262295204992 -4.7094013713688978e-05 0.00038635166178091929 0.0046063194028239463 -0.0028591956091579122 0.0015062335403790044 0.00047700041327826902
leaf_weight=354 2052 4196 5139 231 7450 11007 367 881 3612 4369 2039 486 6790 1600 6459 409 844 5673 24343 292 455 3882 2774 489 1432 7177 1978 205 266 596
leaf_count=354 2052 4196 5139 231 7450 11007 367 881 3612 4369 2039 486 6790 1600 6459 409 844 5673 24343 292 455 3882 2774 489 1432 7177 1978 205 266 596
internal_value=0.000162723 -0.000532841 -0.00339187 0.0127007 7.58403e-05 -0.00512189 0.00733911 0.00230189 0.00394496 0.00170124 0.01668 0.00909972 -0.00045876 -0.00078777 -0.00235428 -0.00776068 -0.00170788 -0.002105 -3.94807e-05 0.000372612 -0.003125 -0.00380649 0.00154875 0.0188077 -0.0112563 0.00254967 0.00544883 0.00693443 -0.00346639 0.00884064
internal_weight=107847 102183 17932 5664 84251 12793 2419 16312 8862 5250 3245 717 67939 58375 18867 2009 16858 16014 39508 34857 4651 9555 9564 2528 1786 10514 3337 3045 471 2574
internal_count=107847 102183 17932 5664 84251 12793 2419 16312 8862 5250 3245 717 67939 58375 18867 2009 16858 16014 39508 34857 4651 9555 9564 2528 1786 10514 3337 3045 471 2574
is_linear=0
shrinkage=0.03


Tree=161
num_leaves=31
num_cat=0
split_feature=22 5 1 1 17 19 25 19 29 12 27 27 28 29 28 14 15 28 27 29 28 1 12 28 1 27 14 25 27 10
split_gain=1041.23 198.261 140.518 108.881 106.389 84.1819 75.8504 71.0445 95.4968 58.4623 57.3535 47.3072 47.2422 46.8665 45.3001 42.6465 41.1293 41.0871 37.7822 44.0181 39.6006 39.0471 36.3776 36.181 50.05 47.3559 60.5538 35.9679 43.0569 35.2697
threshold=0.93982204305516548 0.029912774103462648 21.850000000000005 14.850000000000003 11.165000000000001 1.6487500000000004 1.6446063421907453 13.188750000000002 68.500000000000014 8.4850000000000012 1.0000000180025095e-35 0.078456108245891568 940.6500000000002 92.500000000000014 946.25000000000011 1.5850972630514928 -0.37499999999999994 959.05000000000007 0.40673664307580004 18.500000000000004 966.05000000000007 30.750000000000004 0.71500000000000008 966.05000000000007 0.8500000000000002 0.24192189559966756 0.2302896726588691 2.7764340518816222 0.39073112848927366 10.500000000000002
decision_type=2 2 2 2 2 2 2 2 2 8 2 2 2 2 2 2 10 2 2 2 2 2 10 2 2 2 2 2 2 2
left_child=1 2 5 7 13 22 15 8 11 23 -11 -2 -4 16 -7 -5 18 -15 19 21 -21 -3 -1 24 25 -6 -27 -18 -29 -9
right_child=3 4 12 6 9 14 -8 29 -10 10 -12 -13 -14 17 -16 -17 27 -19 -20 20 -22 -23 -24 -25 -26 26 -28 28 -30 -31
leaf_value=-4.9836141218556267e-05 0.00016228112985545052 -0.0018206671789991998 -0.00031098420675931528 0.00020083474840042024 8.1680614121419913e-05 -0.00031218717519657725 -0.00038386547068769758 0.00015122242214125501 0.00012738073862172294 0.00014723225672405693 0.00017829555031437905 0.00032755123095720706 0.00028835134505730652 0.0045485052716372687 -4.5893317725859256e-05 2.6343453884203336e-06 7.1518591845414788e-06 0.00069205064478904707 0.00013215486863835474 -0.00011600549327882054 -0.00045376179949229995 -0.00039360514306439155 -4.5755209927334086e-05 0.0019328786304753846 0.00037476111192749184 -0.0041832211524381845 -0.00059033977326107491 -2.7158748430763551e-05 -0.00080571625537849433 0.00034801717307300195
leaf_weight=415 612 379 332 897 2045 431 395 1358 907 2244 2703 731 2778 273 6190 338 47214 301 4298 20520 849 401 1310 374 5624 401 788 998 533 804
leaf_count=415 612 379 332 897 2045 431 395 1358 907 2244 2703 731 2778 273 6190 338 47214 301 4298 20520 849 401 1310 374 5624 401 788 998 533 804
internal_value=0.000170594 -0.000550559 -0.00426664 0.0122639 -7.70428e-05 -0.00629386 0.00561468 0.0147113 0.0109357 0.00230753 0.0049374 0.0160015 0.00117496 -0.000523419 -0.00474947 0.00926613 -0.000588853 0.00797927 -0.00154128 -0.00204071 -0.00178394 -0.00901911 -0.0121908 0.000896395 0.000507729 -0.00246372 -0.00721106 -7.2e-05 -0.00458984 0.0186064
internal_weight=107443 101401 11456 6042 89945 8346 1630 4412 2250 14179 4947 1343 3110 75766 6621 1235 75192 574 26447 22149 21369 780 1725 9232 8858 3234 1189 48745 1531 2162
internal_count=107443 101401 11456 6042 89945 8346 1630 4412 2250 14179 4947 1343 3110 75766 6621 1235 75192 574 26447 22149 21369 780 1725 9232 8858 3234 1189 48745 1531 2162
is_linear=0
shrinkage=0.03


Tree=162
num_leaves=31
num_cat=0
split_feature=22 12 16 16 1 22 26 28 1 13 20 12 0 25 29 23 22 10 26 11 16 9 28 9 10 28 29 20 1 1
split_gain=1045.83 202.209 125.82 118.777 110.502 75.53 71.0191 70.1869 53.7411 51.9618 45.0024 48.1582 74.4402 47.4167 43.2407 52.021 42.012 42.4314 55.01 41.488 53.907 42.744 90.8272 76.943 97.4311 91.2414 85.4906 55.0276 46.1255 42.8521
threshold=0.94732539093081747 2.6750000000000003 13.355000000000002 10.205000000000002 22.050000000000004 0.02346721918595138 0.95368063612909471 968.95000000000016 15.450000000000001 1.8966666666666672 4.5401220118236933 8.3450000000000006 10.715000000000002 2.0841793788222365 58.500000000000007 1.8750000000000002 0.84433178004762877 10.500000000000002 0.87878364999916148 3.3050000000000002 1.2900000000000003 5.5000000000000009 941.95000000000016 4.5000000000000009 9.5000000000000018 955.55000000000007 18.500000000000004 3.6722693860928124 2.0500000000000003 6.0500000000000007
decision_type=2 8 8 8 2 2 2 2 2 2 2 8 2 2 2 2 2 2 2 10 10 2 2 2 2 2 2 2 2 2
left_child=1 4 6 19 5 9 -2 10 -4 -1 11 -5 13 16 -7 -16 -13 18 -18 20 -3 23 -23 -21 25 26 -25 -28 -26 -24
right_child=2 3 8 7 -6 14 -8 -9 -10 -11 -12 12 -14 -15 15 -17 17 -19 -20 21 -22 22 29 24 28 -27 27 -29 -30 -31
leaf_value=-4.691221885861673e-05 0.00015801861428988871 -0.00010561949179591059 0.00018126700164047382 0.0001163079690184976 2.5213114424141868e-05 -0.00010377582521242488 0.00015013551932182456 0.0005043523302502795 0.00017719213148914559 0.00018096695806260501 0.0037805482622405304 5.2266381644167079e-05 -0.00025833959816828455 -0.00016646899882824195 -2.9172807173177047e-05 -0.00020371429879043556 0.00038718703568362488 0.00010279635146912991 0.00019653012511610499 -0.00010776731647930526 0.00018836974459524784 -0.0014986859213884586 -0.00029737895733997086 -0.0025636127377518798 -0.00078400315968373175 -0.0023710114809983541 -0.00055001663709227158 0.004212667529477538 0.0017308289910779495 0.00097650525414226573
leaf_weight=1709 2121 1422 2549 11217 6566 4667 413 422 607 243 506 748 1494 825 7807 1371 1016 1017 1266 35013 11399 375 1865 331 679 907 3403 210 1032 4490
leaf_count=1709 2121 1422 2549 11217 6566 4667 413 422 607 243 506 748 1494 825 7807 1371 1016 1017 1266 35013 11399 375 1865 331 679 907 3403 210 1032 4490
internal_value=0.000194438 -0.000504093 0.0127059 0.000203787 -0.00302441 -0.00438362 0.00770382 0.00230881 0.0167036 -0.00990291 0.00202443 0.00176882 0.00385183 0.00564691 -0.00360217 -0.00240444 0.00698174 0.00843523 0.010704 -0.000433822 0.00108296 -0.000836473 0.00138085 -0.00119553 -0.00417542 -0.00634473 -0.0043606 -0.00300995 0.00197552 0.00223113
internal_weight=107690 102000 5690 79637 22363 15797 2534 18511 3156 1952 18089 17583 6366 4872 13845 9178 4047 3299 2282 61126 12821 48305 6730 41575 6562 4851 3944 3613 1711 6355
internal_count=107690 102000 5690 79637 22363 15797 2534 18511 3156 1952 18089 17583 6366 4872 13845 9178 4047 3299 2282 61126 12821 48305 6730 41575 6562 4851 3944 3613 1711 6355
is_linear=0
shrinkage=0.03


Tree=163
num_leaves=31
num_cat=0
split_feature=22 21 16 16 28 1 26 25 8 10 23 16 12 18 26 16 28 10 14 28 28 29 13 1 14 15 28 20 29 10
split_gain=1049.92 259.971 132.178 130.937 78.2215 70.6579 69.8303 52.0115 53.614 51.7765 58.5027 51.404 47.0356 45.6535 43.609 41.5378 41.3245 40.4688 39.4415 37.8048 35.4062 33.9933 40.2109 33.847 32.0847 32.0617 35.241 31.6643 42.0251 31.424
threshold=0.94732539093081747 2.2120833333333336 13.355000000000002 10.555000000000001 968.95000000000016 16.650000000000002 0.94828754594723541 1.3839474080771552 12.500000000000002 11.500000000000002 0.77000000000000013 3.7250000000000005 9.3350000000000026 8.8950000000000014 -0.7603770116708749 4.205000000000001 940.6500000000002 8.5000000000000018 0.28536526301099169 947.6500000000002 962.95000000000016 77.500000000000014 1.696666666666667 16.050000000000004 0.60575022355203323 0.5500000000000006 968.25000000000011 2.5986815512331414 70.500000000000014 1.5000000000000002
decision_type=2 2 8 10 2 2 2 2 2 2 2 8 10 10 2 8 2 2 2 2 2 2 2 2 2 10 2 2 2 2
left_child=1 5 6 11 7 9 27 8 13 10 -1 14 -4 19 -3 21 -7 18 -18 -5 -11 22 -12 -14 -9 -13 29 -2 -29 -27
right_child=2 3 12 4 -6 16 -8 24 -10 20 15 25 23 -15 -16 -17 17 -19 -20 -21 -22 -23 -24 -25 -26 26 -28 28 -30 -31
leaf_value=-4.3549480480010379e-05 0.00016371823654009798 -0.00012406896127211366 0.00022333354641294154 0.0035410639043093706 0.0004721015105675463 -0.00027125782496845071 0.00014965901752820199 0.00028284207919725412 7.1606918668647425e-05 0.00055274138770086418 -4.7051634845672783e-05 -7.6253824262794592e-05 0.0001730743020729153 0.00041582306338656673 -2.5222294584898128e-05 -6.5780438491495891e-05 -0.0001832790979303387 -9.0135065795580237e-05 0.0002639707112300502 7.4179158699487765e-05 -4.3297490822059613e-05 7.6069205747689996e-05 -4.1855994588094051e-05 0.00019292699067329443 -0.00024198373582948461 -0.00066830063238663474 0.0039311479559686301 0.00039768969124072791 -0.0045196799404513908 0.00028057210978681412
leaf_weight=870 1603 8923 236 224 345 221 416 6901 1923 262 784 47270 2347 380 10337 298 544 423 1345 805 212 393 666 514 3370 863 276 280 200 14161
leaf_count=870 1603 8923 236 224 345 221 416 6901 1923 262 784 47270 2347 380 10337 298 544 423 1345 805 212 393 666 514 3370 863 276 280 200 14161
internal_value=0.000166485 -0.000529268 0.012812 -0.000149087 0.00253709 -0.0065748 0.00765575 0.00217593 0.00543003 -0.00934384 -0.0107924 -0.000607075 0.0169536 0.00986563 -0.00196211 -0.00809413 -0.00275414 -0.00155373 0.000332629 0.00652805 -0.000125261 -0.00637987 -0.00849485 0.0180147 0.00111814 -0.000189852 0.00100359 0.00538793 -0.00136082 0.000806441
internal_weight=107392 101796 5596 95778 13948 6018 2499 13603 3332 3485 3011 81830 3097 1409 19260 2141 2533 2312 1889 1029 474 1843 1450 2861 10271 62570 15300 2083 480 15024
internal_count=107392 101796 5596 95778 13948 6018 2499 13603 3332 3485 3011 81830 3097 1409 19260 2141 2533 2312 1889 1029 474 1843 1450 2861 10271 62570 15300 2083 480 15024
is_linear=0
shrinkage=0.03


Tree=164
num_leaves=31
num_cat=0
split_feature=22 5 16 12 22 2 16 29 28 8 28 1 29 26 24 9 9 28 29 14 10 1 26 8 28 10 26 10 1 20
split_gain=990.065 202.134 149.383 111.511 103.781 78.9998 64.3602 52.9043 84.9863 72.7777 71.3573 64.2496 66.995 77.7395 62.8781 58.2711 79.9253 69.6107 64.5675 57.9711 57.0508 61.8419 69.8204 64.9227 62.8011 79.3386 90.4256 63.4024 103.541 71.5177
threshold=0.93982204305516548 0.029912774103462648 12.315000000000003 8.0750000000000011 0.02346721918595138 1.1214214997156311 14.905000000000003 40.500000000000007 961.95000000000016 12.500000000000002 946.05000000000007 7.2500000000000009 56.500000000000007 0.99535829673000953 2.6500000000000008 1.5000000000000002 2.5000000000000004 962.55000000000007 75.500000000000014 0.63929648833698427 1.5000000000000002 15.850000000000003 0.78257835753184668 13.500000000000002 953.1500000000002 8.5000000000000018 -0.8949002852437673 6.5000000000000009 29.350000000000005 2.085111905936365
decision_type=2 2 8 8 2 2 8 2 2 2 2 2 2 2 2 2 2 2 2 2 2 2 2 2 2 2 2 2 2 2
left_child=1 4 -2 7 -1 -6 -4 8 10 11 -3 12 -9 15 -11 -14 17 18 19 -17 -12 22 -22 -24 27 -26 -27 28 29 -23
right_child=2 3 6 -5 5 -7 -8 9 -10 14 20 -13 13 -15 -16 16 -18 -19 -20 -21 21 24 23 -25 25 26 -28 -29 -30 -31
leaf_value=-4.5517348496380697e-05 0.00014568215254365247 0.00011959739714507089 0.00013814910692972802 0.0001996704462573362 0.00022834092091063581 -4.4743906086760053e-05 0.00027736792369659869 -0.00074809082083888306 -0.00077834697149606769 -0.00014011244612122017 -0.0023983496210251564 4.364807463622652e-05 -0.00038537644881834798 0.00061355918855500284 0.00039689229097364934 0.0010002087327409348 -0.00017926397017758915 -0.00020706444042110721 0.0062328700476523584 -0.00040930268008144272 0.0013906951211261722 -0.00039503711948656414 -0.0014607251097239536 0.00057295340355123406 -0.00069069898436219083 0.0031754878358622833 -0.00042756104860295187 -0.00048880065123007156 0.0014713414444353305 0.0010907650635172434
leaf_weight=2408 1468 7868 3292 16710 2509 6411 1258 1807 264 1479 229 18277 3254 2199 16855 422 6597 307 526 200 894 2346 788 758 1536 289 595 3670 1342 919
leaf_count=2408 1468 7868 3292 16710 2509 6411 1258 1807 264 1479 229 18277 3254 2199 16855 422 6597 307 526 200 894 2346 788 758 1536 289 595 3670 1342 919
internal_value=0.000226363 -0.000475144 0.0120438 -3.3283e-07 -0.0042513 -0.0027563 0.0147267 -0.000503773 -0.0017551 1.44431e-05 -0.00154245 -0.000815324 -0.00224848 -0.0015211 0.00153443 -0.00252498 -0.00115428 0.00519863 0.0085863 0.00200957 -0.00287637 -0.00261376 0.00169325 -0.00216634 -0.00359652 -0.0078433 -0.000674916 -0.00235088 -6.50477e-06 -0.00288991
internal_weight=107477 101459 6018 90131 11328 8920 4550 73421 21498 51923 21234 33589 15312 13505 18334 11306 8052 1455 1148 622 13366 13137 2440 1546 10697 2420 884 8277 4607 3265
internal_count=107477 101459 6018 90131 11328 8920 4550 73421 21498 51923 21234 33589 15312 13505 18334 11306 8052 1455 1148 622 13366 13137 2440 1546 10697 2420 884 8277 4607 3265
is_linear=0
shrinkage=0.03


Tree=165
num_leaves=31
num_cat=0
split_feature=22 21 16 21 10 26 1 21 26 25 5 26 29 8 10 10 10 29 2 29 29 27 17 1 25 17 1 8 16 1
split_gain=981.498 223.325 133.654 118.207 78.7045 65.5462 54.1468 41.3321 40.385 103.025 63.8912 60.102 66.9111 52.302 108.9 44.959 61.4974 60.5657 48.914 58.177 44.8875 59.6578 45.8411 47.2758 43.5909 39.4351 38.1367 36.7583 35.124 66.0686
threshold=0.94732539093081747 1.840833333333334 13.355000000000002 7.7229166666666682 2.5000000000000004 0.94828754594723541 15.450000000000001 12.669166666666671 -0.91702515554752051 2.0222576079263983 0.76434457705018566 -0.62249093318774784 32.500000000000007 17.500000000000004 10.500000000000002 2.5000000000000004 4.5000000000000009 77.500000000000014 1.2213337359981209 62.500000000000007 33.500000000000007 0.19080899537654503 9.9850000000000012 21.350000000000005 1.5978640924293102 11.235000000000001 5.7500000000000009 16.500000000000004 3.7250000000000005 -13.649999999999997
decision_type=2 2 8 2 2 2 2 2 2 2 2 2 2 2 2 2 2 2 2 2 2 2 2 2 2 2 2 2 10 2
left_child=1 4 5 28 -1 -2 7 -4 20 10 13 -11 -13 -10 -15 17 26 -14 -18 -20 21 -5 23 24 -22 -24 -17 -8 29 -3
right_child=2 3 6 8 -6 -7 27 -9 9 11 -12 12 15 14 -16 16 18 -19 19 -21 22 -23 25 -25 -26 -27 -28 -29 -30 -31
leaf_value=-4.0255721213324908e-05 0.00014315393888457705 0.0016765863703929937 0.00016322293059046642 0.0010487838808608846 -4.3383832742499239e-05 0.00013393554897349612 0.00019156998822667635 0.00016373759980283452 0.00015872905986004214 0.0041143970642663133 0.00029091254913609418 -0.0038556654806984124 -0.0022959846999529151 0.0034745972489778777 -0.0013076248131544844 0.0024780710074700108 -0.00082936160381840199 0.0028633332072058007 0.0022067384503069013 -0.00079083433942638394 -0.00089823712139881209 -0.0012869098853532691 -0.0020607848883091844 -0.001627766945259357 0.0020975641271074662 -0.0002585660134648493 0.00019131280544160798 -0.00020561990912582596 -5.0066455383172555e-05 -4.7153951698782546e-05
leaf_weight=461 2094 227 490 2314 2536 415 388 2007 7921 376 1789 395 1353 1015 460 525 3250 303 252 346 1124 540 1309 1006 1882 2390 412 207 46192 23647
leaf_count=461 2094 227 490 2314 2536 415 388 2007 7921 376 1789 395 1353 1015 460 525 3250 303 252 346 1124 540 1309 1006 1882 2390 412 207 46192 23647
internal_value=0.000188422 -0.000483093 0.0124099 -0.000238708 -0.0085443 0.00724344 0.0165838 0.0185252 0.00137329 0.00222204 0.00402413 -0.000573646 -0.00121912 0.00303159 0.00820946 -0.000479367 0.000995825 -0.00473209 -0.00068518 0.00716418 -0.000105014 0.00310598 -0.00129471 0.000926064 0.0028097 -0.0037014 0.00786624 0.00835 -0.000905082 -0.00183927
internal_weight=107626 102025 5601 99028 2997 2509 3092 2497 28962 18397 11185 7212 6836 9396 1475 6441 4785 1656 3848 598 10565 2854 7711 4012 3006 3699 937 595 70066 23874
internal_count=107626 102025 5601 99028 2997 2509 3092 2497 28962 18397 11185 7212 6836 9396 1475 6441 4785 1656 3848 598 10565 2854 7711 4012 3006 3699 937 595 70066 23874
is_linear=0
shrinkage=0.03


Tree=166
num_leaves=31
num_cat=0
split_feature=21 21 16 16 28 26 2 22 2 25 16 26 2 0 12 28 8 10 20 10 22 29 29 10 27 10 27 2 29 28
split_gain=987.216 236.472 149.1 114.947 82.2275 74.0829 69.014 51.4021 54.6513 46.1656 45.0207 44.0537 44.9594 39.9841 45.6405 48.1427 39.1841 56.4109 38.9569 48.9364 45.2364 42.5975 36.6222 35.6405 40.5681 74.6305 56.5867 55.3036 84.6912 52.0873
threshold=11.906666666666668 1.840833333333334 13.355000000000002 10.405000000000003 968.95000000000016 0.96359376111369366 1.2299731040496986 0.96362864345185406 1.1600097418624264 2.0222576079263983 3.7250000000000005 -0.46173103126271881 1.1001357757522101 10.825000000000001 8.3450000000000006 945.75000000000011 9.5000000000000018 1.5000000000000002 2.049421666377135 10.500000000000002 0.96362864345185406 71.500000000000014 49.500000000000007 2.5000000000000004 1.0000000180025095e-35 9.5000000000000018 -0.19080899537654469 1.2217854127065169 62.500000000000007 961.05000000000007
decision_type=2 2 8 10 2 2 2 2 2 2 8 2 2 2 10 2 2 2 2 2 2 2 2 2 2 2 2 2 2 2
left_child=1 6 5 10 9 18 -1 22 -9 13 11 12 -3 14 15 -5 -17 -18 19 20 -2 -20 -4 -11 26 -26 -25 29 -29 -27
right_child=2 3 7 4 -6 -7 -8 8 -10 23 -12 -13 -14 -15 -16 16 17 -19 21 -21 -22 -23 -24 24 25 27 -28 28 -30 -31
leaf_value=-4.2066889758813143e-05 -4.9168512981749846e-05 4.672826353528097e-05 0.00015826834720755745 0.0036809032905758404 0.00048451443182207399 0.00013584280006569526 -3.8616987365585293e-05 0.00012835317694695036 0.00020104591337018361 -0.0019477824545658751 -4.6904266778413498e-05 -2.2152261234611499e-05 -7.7300308480714994e-05 -0.00032170738034949741 0.00016457937334198424 0.0015329365489724388 0.0020608661934232407 -0.00030107755723061459 0.00020103894943464872 0.0002500129758114711 0.00013794519020647432 -0.0018350982355039257 8.122304391467549e-05 0.00098573907395754562 0.0030083482102182162 -0.00053176598928993514 -0.001921808447101252 0.0031774679646937253 -0.0015594818629799255 -0.0070226622581024099
leaf_weight=2650 627 2148 392 477 389 443 344 724 1788 1147 62187 10422 9368 1033 3325 1555 324 2204 570 327 637 317 358 310 1006 1273 831 216 257 207
leaf_count=2650 627 2148 392 477 389 443 344 724 1788 1147 62187 10422 9368 1033 3325 1555 324 2204 570 327 637 317 358 310 1006 1273 831 216 257 207
internal_value=8.3997e-05 -0.000624029 0.0117178 -0.000371793 0.00208943 0.00677717 -0.00892297 0.0161249 0.0181883 0.00171277 -0.000797694 -0.001966 -0.00324451 0.00302589 0.00375285 0.00180066 0.000741194 -0.00156336 0.00473621 0.00753759 0.0048227 -0.000302691 0.00913907 -0.000519802 0.000789281 0.0026417 -0.00400524 -0.00078141 0.00809623 -0.00363636
internal_weight=107856 101673 6183 98679 14554 2921 2994 3262 2512 14165 84125 21938 11516 8918 7885 4560 4083 2528 2478 1591 1264 887 750 5247 4100 2959 1141 1953 473 1480
internal_count=107856 101673 6183 98679 14554 2921 2994 3262 2512 14165 84125 21938 11516 8918 7885 4560 4083 2528 2478 1591 1264 887 750 5247 4100 2959 1141 1953 473 1480
is_linear=0
shrinkage=0.03


Tree=167
num_leaves=31
num_cat=0
split_feature=22 21 16 17 26 16 16 5 8 28 25 28 28 28 12 17 26 13 14 29 12 5 8 8 18 11 28 15 16 26
split_gain=945.744 229.624 128.933 120.929 72.709 72.2385 60.1023 57.6269 52.7946 50.0575 64.8245 48.2662 52.0957 43.6055 40.3987 36.8907 36.7631 36.1195 36.0532 35.1172 47.229 34.8389 33.8328 33.7935 34.7909 31.8373 31.6509 31.4239 30.3702 50.9258
threshold=0.94732539093081747 2.2120833333333336 13.255000000000001 11.295000000000002 0.96359376111369366 1.0000000180025095e-35 8.9550000000000018 0.87268678868462279 12.500000000000002 958.95000000000016 2.3159559161487588 955.6500000000002 958.75000000000011 956.55000000000007 10.345000000000001 15.235000000000001 0.98624804680367306 2.2116666666666682 1.9890240482565111 46.500000000000007 8.4850000000000012 0.4298399911906684 8.5000000000000018 6.5000000000000009 8.3950000000000014 6.6650000000000009 947.45000000000016 -0.34500000000000058 3.7250000000000005 -0.7603770116708749
decision_type=2 2 8 2 2 10 8 2 2 2 2 2 2 2 8 2 2 2 2 2 10 2 2 2 10 10 2 10 10 2
left_child=1 5 4 14 27 -1 11 8 15 13 16 21 -13 25 28 -4 23 -7 -9 20 -15 26 -21 -11 -25 -8 -5 -2 29 -3
right_child=2 3 7 6 -6 17 9 18 -10 10 -12 12 -14 19 -16 -17 -18 -19 -20 22 -22 -23 -24 24 -26 -27 -28 -29 -30 -31
leaf_value=-2.3434816400927476e-05 -4.3688813763835823e-05 -0.00012616295998721646 -0.00058448910042491968 -0.00029512368932638325 0.00014677170778382764 -4.0815119626663489e-05 0.0020781287321197084 0.00015385678794956447 0.00056390384147662063 -0.0015401020845972791 -0.0023245363945803613 -0.0051279626520925109 -0.00057006689807022391 -0.00075100885247368133 0.00048840030411026578 0.00010562668297297018 0.00062133740625111339 3.0774893304852908e-06 0.00016880611977984126 -6.0624667061580649e-05 0.00018965079646002136 -0.00097058448442170482 -0.0024031127455819558 8.5813950853944613e-05 0.0002547745603861917 0.00014172843206727292 0.004307694093244583 0.00015226239127933084 -5.8928024725341527e-05 -1.2236899076636118e-05
leaf_weight=304 657 9892 259 566 350 4836 1186 2323 215 268 266 294 459 256 3219 235 1645 865 202 681 252 757 612 788 1048 4415 525 1340 58002 10990
leaf_count=304 657 9892 259 566 350 4836 1186 2323 215 268 266 294 459 256 3219 235 1645 865 202 681 252 757 612 788 1048 4415 525 1340 58002 10990
internal_value=0.00010166 -0.000555757 0.0121214 -0.00020005 0.00674745 -0.00624459 0.00237467 0.0160049 0.00836134 0.00331203 0.00600746 -0.0017383 -0.00811346 0.0018469 -0.000639767 0.00288577 0.00702451 -0.00547319 0.0181304 -0.0022093 0.00444444 0.000874258 -0.00483051 0.00438122 0.00583379 0.00315198 0.00429745 0.00451049 -0.000774252 -0.00175516
internal_weight=107707 102126 5581 96121 2347 6005 14018 3234 709 11417 4015 2601 753 7402 82103 494 3749 5701 2525 1801 508 1848 1293 2104 1836 5601 1091 1997 78884 20882
internal_count=107707 102126 5581 96121 2347 6005 14018 3234 709 11417 4015 2601 753 7402 82103 494 3749 5701 2525 1801 508 1848 1293 2104 1836 5601 1091 1997 78884 20882
is_linear=0
shrinkage=0.03


Tree=168
num_leaves=31
num_cat=0
split_feature=21 21 16 21 26 16 23 22 14 28 26 28 1 28 2 10 8 8 27 23 27 29 2 28 25 25 10 16 13 2
split_gain=950.394 255.659 150.737 107.359 77.3009 69.0553 58.0037 54.0907 60.4728 53.2912 48.322 93.137 73.997 73.9736 76.7356 65.9877 148.929 99.8691 69.3315 66.4649 56.5601 53.2627 53.1254 58.9688 56.4103 52.3181 51.2794 55.9263 47.5305 47.47
threshold=11.906666666666668 2.2120833333333336 13.255000000000001 8.0079166666666683 0.96359376111369366 5.3550000000000013 0.60500000000000009 0.96362864345185406 1.9076774709927629 975.25000000000011 -0.91702515554752051 950.85000000000002 -0.24999999999999997 953.45000000000016 1.1252410554535472 2.5000000000000004 14.500000000000002 4.5000000000000009 0.15643446504023081 4.7550000000000008 0.087155742747658027 57.500000000000007 1.0817641557139981 948.35000000000002 1.7148875173151448 1.2090439549785383 8.5000000000000018 9.0350000000000019 5.6933333333333342 1.1731916715737156
decision_type=2 2 8 2 2 8 2 2 2 2 2 2 2 2 2 2 2 2 2 2 2 2 2 2 2 2 2 10 2 2
left_child=1 5 4 -3 -2 6 -1 -4 -9 10 13 12 -12 14 22 16 17 18 -13 -19 -18 -16 -5 24 -24 -25 27 -17 -28 -14
right_child=2 3 7 9 -6 -7 -8 8 -10 -11 11 15 29 -15 21 26 20 19 -20 -21 -22 -23 23 25 -26 -27 28 -29 -30 -31
leaf_value=-3.9176529031070272e-05 0.00012522352792062097 -5.1618105677486943e-05 0.00011042522849885383 0.0019289056283357208 0.00012852827208977179 -2.5131115476050709e-05 -3.9365896373902126e-05 0.00015270657572160839 0.00011078512331330059 0.00094314748302328335 -0.0031710273135152683 0.0029767919194687662 -0.00064924191108018607 -0.00094520985071181341 0.0023529955415012519 -0.00034719063849462549 -0.004717835580283854 -0.0041458806587914027 -0.0011002040131335451 0.00010124315016383722 0.0018238431148168343 0.00056082172982762745 -0.0033406533421483091 0.0035601937550561367 0.00022412652397076904 -0.00038022995140169825 0.0040291331766991144 0.00063981835712324624 0.00019083320285303795 0.002604033404529249
leaf_weight=1000 2368 70093 799 596 416 297 4665 2325 264 226 372 432 2445 3653 954 528 200 1079 390 498 860 1000 1070 349 639 839 402 2345 6171 509
leaf_count=1000 2368 70093 799 596 416 297 4665 2325 264 226 372 432 2445 3653 954 528 200 1079 390 498 860 1000 1070 349 639 839 402 2345 6171 509
internal_value=0.000153077 -0.000541445 0.0115784 -0.000165595 0.00638939 -0.00656611 -0.00581481 0.0158267 0.0179375 0.00149871 0.00136762 0.00234848 -0.00212549 -0.000382208 0.00183236 0.00350194 -4.33025e-05 -0.00418053 0.00428053 -0.00859039 0.00929577 0.00658499 -0.000831904 -0.00251206 -0.00607351 0.00261526 0.00479949 0.00814107 0.00333384 -0.000527205
internal_weight=107784 101612 6172 95650 2784 5962 5665 3388 2589 25557 25331 16231 3326 9100 5447 12905 3459 2399 822 1577 1060 1954 3493 2897 1709 1188 9446 2873 6573 2954
internal_count=107784 101612 6172 95650 2784 5962 5665 3388 2589 25557 25331 16231 3326 9100 5447 12905 3459 2399 822 1577 1060 1954 3493 2897 1709 1188 9446 2873 6573 2954
is_linear=0
shrinkage=0.03


Tree=169
num_leaves=31
num_cat=0
split_feature=21 21 16 21 1 16 11 28 1 23 8 28 23 1 12 15 11 16 28 29 8 25 29 28 8 9 27 28 29 1
split_gain=961.475 257.161 141.357 85.2036 69.2152 65.7676 65.0221 59.0197 67.635 52.4855 51.9086 51.1678 45.5513 68.1855 61.5624 44.1725 43.4605 55.3052 42.3868 39.6386 54.6656 50.774 101.967 81.8052 59.6011 39.0752 39.5943 39.058 36.8746 35.9787
threshold=11.906666666666668 2.2120833333333336 12.565000000000003 8.1219444444444466 14.850000000000003 1.0000000180025095e-35 9.2150000000000016 948.95000000000016 -0.34999999999999992 0.60500000000000009 19.500000000000004 975.25000000000011 7.6950000000000012 31.550000000000004 11.965000000000002 -0.97999999999999954 3.8350000000000004 3.7250000000000005 948.85000000000002 15.500000000000002 11.500000000000002 1.2575967430538071 43.500000000000007 953.95000000000016 9.5000000000000018 4.5000000000000009 0.36648727148060622 967.6500000000002 71.500000000000014 10.450000000000001
decision_type=2 2 8 2 2 10 8 2 2 2 2 2 2 2 10 10 10 10 2 2 2 2 2 2 2 2 2 2 2 2
left_child=1 5 18 16 6 -1 -4 8 -5 -7 -6 15 13 14 29 -9 17 -3 -2 25 21 23 -23 -21 27 26 -18 -24 -26 -10
right_child=2 3 4 7 10 9 -8 11 12 -11 -12 -13 -14 -15 -16 -17 19 -19 -20 20 -22 22 24 -25 28 -27 -28 -29 -30 -31
leaf_value=-2.1657629008927368e-05 -0.00061334940480596068 -3.3187983478380026e-05 0.00010757935393206685 -0.0030758964941098102 0.00014074023228921595 -3.6521044190480253e-05 0.00013862104290775167 -0.00062401043317597104 0.0028912520207341297 -3.8690032807413237e-05 -0.00060385493506970366 0.00074340720792563707 -0.0020030387526158854 0.0021772864214367913 0.0023589736320172926 0.00023161078451810368 -0.001485391018538228 0.00013367714926716996 0.00015444998653992625 0.0015568805511660981 -1.1905451798277511e-05 -0.00072569354291784774 -0.00014430114303562496 -0.00083105511321222522 -0.0020318376488822191 -0.0017235845918901235 0.0008788228457632792 -0.0011375879396265229 -0.00027040792153974909 -0.0010745588165236596
leaf_weight=295 419 13133 323 255 757 1018 3050 1873 278 4673 214 209 930 563 259 17340 729 17114 1385 1969 20120 2696 12684 709 614 269 339 320 344 2535
leaf_count=295 419 13133 323 255 757 1018 3050 1873 278 4673 214 209 930 563 259 17340 729 17114 1385 1969 20120 2696 12684 709 614 269 339 320 344 2535
internal_value=0.00013852 -0.000561058 0.0116529 -0.000181977 0.0145827 -0.00658988 0.0166163 0.00135357 -0.00161658 -0.00586201 0.00746926 0.0020909 -0.000768053 0.00075 -0.00101397 0.00192788 -0.000706031 0.000155692 0.00457711 -0.00134492 -0.0011723 -0.00231115 -0.00292744 0.00152069 -0.00189447 -0.0064158 -0.00380242 -0.0013606 -0.00909657 -0.00231015
internal_weight=107416 101268 6148 95282 4344 5986 3373 24242 4820 5691 971 19422 4565 3635 3072 19213 71040 30247 1804 40793 39456 19336 16658 2678 13962 1337 1068 13004 958 2813
internal_count=107416 101268 6148 95282 4344 5986 3373 24242 4820 5691 971 19422 4565 3635 3072 19213 71040 30247 1804 40793 39456 19336 16658 2678 13962 1337 1068 13004 958 2813
is_linear=0
shrinkage=0.03


Tree=170
num_leaves=31
num_cat=0
split_feature=22 21 16 16 26 1 12 13 22 16 24 9 16 1 29 1 10 8 1 27 18 8 10 26 26 8 2 29 27 17
split_gain=885.361 265.006 119.481 88.5507 83.3063 80.3382 60.5878 63.0754 44.5804 43.5818 48.2757 47.419 43.6934 43.4503 43.0173 62.3212 81.6317 60.4181 66.3182 64.6245 56.4014 54.759 53.1093 97.3763 54.6229 50.3011 50.0084 49.5204 54.3563 51.3684
threshold=0.93982204305516548 1.840833333333334 13.255000000000001 3.7250000000000005 0.96359376111369366 -4.2499999999999991 8.0750000000000011 8.3983333333333352 0.96362864345185406 10.105000000000002 11.850000000000003 3.5000000000000004 9.8150000000000031 14.850000000000003 40.500000000000007 26.650000000000002 7.5000000000000009 12.500000000000002 19.150000000000002 0.095842103007655569 8.1650000000000009 16.500000000000004 8.5000000000000018 -0.88697705852364728 0.99901018088683491 13.500000000000002 1.2448032254162646 64.500000000000014 0.3090169943749474 12.425000000000002
decision_type=2 2 8 8 2 2 8 2 2 10 2 2 8 2 2 2 2 2 2 2 8 2 2 2 2 2 2 2 2 2
left_child=1 5 4 -3 -2 -1 7 14 -4 10 12 -11 -8 -10 15 22 -17 18 19 26 21 -19 24 -24 -5 -18 -16 28 -21 -29
right_child=2 3 8 6 -6 -7 9 -9 13 11 -12 -13 -14 -15 17 16 25 20 -20 27 -22 -23 23 -25 -26 -27 -28 29 -30 -31
leaf_value=-3.4192443284813134e-05 0.00011517428376106698 -4.0913152297301912e-05 0.00010962003109505791 -0.00080012141569493116 0.00015331334665483475 -3.8112729785272303e-05 0.0013869383957682212 -0.0021039371636815693 0.00013849846128694777 4.1022837661564002e-05 -0.00086741680003384774 0.00027731311069667807 -0.0016772530261694551 0.00016829336976186492 -2.3566451328815711e-05 0.00050068850297835059 0.00057204345846536913 0.00098764695010952904 0.00050096546761160593 -0.00030132352267888942 0.0021622145916809932 1.5998755390524839e-05 0.0019046190235440523 -0.00035422904137101405 0.0022163175970899697 -0.00098489195769753965 0.0017743843221583848 -8.272700370131105e-05 -0.0012675341635436993 -0.0036851562492777844
leaf_weight=361 2238 22077 779 5028 394 2625 5051 1300 2042 4001 2958 3402 559 575 11991 5253 701 3510 5892 1418 1658 10536 935 1858 261 1752 609 5729 1811 392
leaf_count=361 2238 22077 779 5028 394 2625 5051 1300 2042 4001 2958 3402 559 575 11991 5253 701 3510 5892 1418 1658 10536 935 1858 261 1752 609 5729 1811 392
internal_value=0.000111977 -0.000550589 0.011278 -0.000283928 0.00646189 -0.00934804 0.000198538 -0.000234503 0.0149956 0.00184214 0.000384929 0.00352727 0.00201959 0.0168764 -9.10025e-05 -0.00143228 0.00049799 0.000395398 -0.000443854 -0.00120246 0.001883 0.00126397 -0.00327192 7.50536e-05 -0.00503778 -0.00401546 0.000199921 -0.00309139 -0.00609462 -0.00150343
internal_weight=107696 101668 6028 98682 2632 2986 76605 60634 3396 15971 8568 7403 5610 2617 59334 15788 7706 43546 27842 21950 15704 14046 8082 2793 5289 2453 12600 9350 3229 6121
internal_count=107696 101668 6028 98682 2632 2986 76605 60634 3396 15971 8568 7403 5610 2617 59334 15788 7706 43546 27842 21950 15704 14046 8082 2793 5289 2453 12600 9350 3229 6121
is_linear=0
shrinkage=0.03


Tree=171
num_leaves=31
num_cat=0
split_feature=21 21 16 21 2 11 2 5 17 16 28 2 11 28 2 11 28 29 29 8 17 9 10 25 9 8 23 17 28 28
split_gain=906.836 248.001 123.092 93.1217 73.7826 53.5538 54.1532 46.6281 44.3277 42.5216 41.3199 39.5871 38.0076 36.94 35.8918 35.2695 41.0603 104.853 64.5683 79.4007 98.1668 90.2067 73.8122 99.9868 70.2175 68.358 55.5044 64.8979 62.8128 53.577
threshold=11.906666666666668 2.2120833333333336 12.565000000000003 8.1219444444444466 1.1399957699588728 8.6450000000000014 1.1431514677806323 0.040599097359708229 11.715000000000002 1.0000000180025095e-35 959.05000000000007 1.2401305403063472 4.0950000000000006 940.6500000000002 1.1982980600859963 8.8750000000000018 951.95000000000016 33.500000000000007 62.500000000000007 7.5000000000000009 2.5400000000000005 1.0000000180025095e-35 6.5000000000000009 1.7967387451258421 5.5000000000000009 1.5000000000000002 2.9550000000000005 2.6050000000000004 945.85000000000002 950.6500000000002
decision_type=2 2 8 2 2 10 2 2 2 10 2 2 10 2 2 10 2 2 2 2 2 2 2 2 2 2 2 2 2 2
left_child=1 4 8 15 13 -4 -7 9 -2 -6 -11 12 -5 -1 -12 16 18 -18 19 20 -3 -22 23 24 -21 -23 27 -24 -28 -27
right_child=2 3 5 11 7 6 -8 -9 -10 10 14 -13 -14 -15 -16 -17 17 -19 -20 22 21 25 26 -25 -26 29 28 -29 -30 -31
leaf_value=-0.00026299447887516951 -0.00050216640949659881 0.00039405664342103791 -6.4694737343033988e-05 0.0051269400171810959 -1.9812413325017081e-05 0.00014165384718409002 0.00013206210401799535 3.6422789553290205e-05 0.00016173318581566565 -3.7456611830071221e-05 1.7585459718996112e-05 0.0010676089382837277 9.85164210391809e-05 -3.6058391898397075e-05 -3.5757945138993135e-05 -0.0016856968872337691 -0.0003858678644125413 -3.8617651690007331e-05 0.00084066477931213086 0.001158749812094344 0.0013040441968648799 -8.8231260040855063e-05 -0.00023688503641897823 -0.00043509380490356101 -0.00045593357222979447 -0.00050237323703706063 8.6057583036022039e-06 0.00038635566778951537 -0.00093469448092137111 0.00086132294086530687
leaf_weight=223 338 1392 200 229 253 860 3342 324 1480 1525 516 1076 22928 2275 807 1787 2788 33077 5964 5351 863 1706 1010 1471 878 3803 3365 4207 3074 390
leaf_count=223 338 1392 200 229 253 860 3342 324 1480 1525 516 1076 22928 2275 807 1787 2788 33077 5964 5351 863 1706 1010 1471 878 3803 3365 4207 3074 390
internal_value=0.000143991 -0.000539062 0.0112578 -0.000168932 -0.00649291 0.0139687 0.0146898 -0.00934985 0.00467361 -0.0104797 -0.00940063 0.001437 0.00117477 -0.00256492 -0.00548946 -0.000716143 -0.000608704 -0.00131391 0.000146958 -0.000466655 -0.00294889 -0.00444215 0.000579516 0.00285788 0.00451877 -0.00576728 -0.000926164 0.00137304 -0.00278864 -0.00782515
internal_weight=107502 101282 6220 95359 5923 4402 4202 3425 1818 3101 2848 24233 23157 2498 1323 71126 69339 35865 33474 27510 8154 6762 19356 7700 6229 5899 11656 5217 6439 4193
internal_count=107502 101282 6220 95359 5923 4402 4202 3425 1818 3101 2848 24233 23157 2498 1323 71126 69339 35865 33474 27510 8154 6762 19356 7700 6229 5899 11656 5217 6439 4193
is_linear=0
shrinkage=0.03


Tree=172
num_leaves=31
num_cat=0
split_feature=19 16 19 28 1 1 16 25 25 14 1 1 29 23 17 13 7 25 19 1 9 10 29 29 25 16 9 28 1 2
split_gain=820.821 179.59 131.103 121.33 91.518 57.1227 51.8557 51.6043 51.4516 46.8497 43.4722 59.4237 46.4021 39.8794 44.0087 39.1872 38.6843 38.2978 37.5244 35.3063 113.307 94.3858 60.0736 57.445 48.8545 62.8087 48.6665 46.3193 45.4453 42.467
threshold=12.816250000000002 9.8650000000000002 1.6487500000000004 962.95000000000016 14.65 16.650000000000002 13.165000000000001 2.0841793788222365 1.6589371331272125 1.8023271988187102 -6.4499999999999993 2.2500000000000004 80.500000000000014 0.39500000000000007 6.4350000000000014 2.0416666666666674 13.500000000000002 1.5484111340800928 12.063750000000001 30.750000000000004 1.0000000180025095e-35 7.5000000000000009 18.500000000000004 26.500000000000004 1.0600261096605748 6.1750000000000007 3.5000000000000004 945.85000000000002 37.45000000000001 1.0754256935272979
decision_type=2 10 2 2 2 2 8 2 2 2 2 2 2 2 2 2 2 2 2 2 2 2 2 2 2 10 2 2 2 2
left_child=1 2 5 7 6 15 17 -3 9 -6 -9 12 -12 14 -4 -1 -7 -2 -5 22 23 24 26 -21 28 -26 -15 29 -22 -23
right_child=4 3 13 18 8 16 -8 10 -10 -11 11 -13 -14 19 -16 -17 -18 -19 -20 20 21 27 -24 -25 25 -27 -28 -29 -30 -31
leaf_value=-3.4091654794795658e-05 9.8007237228622257e-05 0.00011089142027360776 -3.4636580506611841e-05 0.00029549286343679039 0.00016602223559630924 -0.00016123488699501044 0.00013038164432779942 0.002592531136545396 -0.00063014953235003611 -0.0017794268494167097 -0.0024060161861934703 0.00022237952068486109 0.0019600899260842032 -0.00016297518220940278 9.0548640476264446e-05 0.00018236157607378307 4.9442831372966135e-05 0.0001625266799358993 0.0002268268765222947 0.0022315912347585756 0.0010848838433534611 -0.0011552251925611744 -4.0601533399791715e-05 -0.00011073451986019116 -0.00034942162093966236 0.0013217334959923172 -0.001231440033813154 -0.0010915259324685009 -0.00045308427353759516 0.00055780739578929685
leaf_weight=1517 440 12630 806 2272 755 430 2009 250 240 237 1759 3172 222 791 247 227 858 237 410 698 1260 428 69803 264 1859 1481 646 749 207 610
leaf_count=1517 440 12630 806 2272 755 430 2009 250 240 237 1759 3172 222 791 247 227 858 237 410 698 1260 428 69803 264 1859 1481 646 749 207 610
internal_value=8.09159e-05 -0.000429146 -0.00105362 0.00206902 0.0135509 -0.00717155 0.0166555 0.0011825 0.00674212 0.00974925 -0.00127034 -0.001867 -0.00593656 -0.000820873 -0.00660681 -0.0107033 -0.00236659 0.0093695 0.00801638 -0.000743138 0.00120619 -0.00020003 -0.000949961 0.0107963 0.00198878 -1.79372e-05 -0.0070111 -0.00607701 0.00654212 -0.0019559
internal_weight=107514 103596 82881 20715 3918 3032 2686 18033 1232 992 5403 5153 1981 79849 1053 1744 1288 677 2682 78796 7556 6594 71240 962 4807 3340 1437 1787 1467 1038
internal_count=107514 103596 82881 20715 3918 3032 2686 18033 1232 992 5403 5153 1981 79849 1053 1744 1288 677 2682 78796 7556 6594 71240 962 4807 3340 1437 1787 1467 1038
is_linear=0
shrinkage=0.03


Tree=173
num_leaves=31
num_cat=0
split_feature=22 21 1 12 10 19 25 26 4 26 12 1 20 23 1 25 8 2 25 14 14 6 1 3 18 2 8 25 26 10
split_gain=821.202 233.831 96.5652 91.0738 66.1346 62.5257 61.1033 52.03 50.4916 50.4005 42.8272 78.3825 49.0676 36.5355 36.5199 39.409 38.2677 35.898 37.0695 35.7761 34.5743 33.7397 38.5791 37.9895 33.1772 66.2067 39.4166 39.1473 58.3176 49.3736
threshold=0.94732539093081747 1.840833333333334 14.850000000000003 8.0750000000000011 2.5000000000000004 13.188750000000002 1.6446063421907453 0.95368063612909471 0.66896568119702005 0.99140711019144634 1.9850000000000001 22.050000000000004 4.5401220118236933 7.6950000000000012 22.150000000000002 1.9727159936837357 13.500000000000002 1.2290579454267847 1.053587932400317 1.8023271988187102 0.18330302779824936 1.5000000000000002 18.650000000000002 1.2165122349464139 8.6250000000000018 1.2061729657137459 14.500000000000002 1.5547626806244337 -0.46173103126271881 6.5000000000000009
decision_type=2 2 2 8 2 2 2 2 2 2 10 2 2 2 2 2 2 2 2 2 2 2 2 2 8 2 2 2 2 2
left_child=1 4 5 8 -1 7 19 -2 10 13 11 17 24 -5 15 16 -11 -3 -19 -4 -17 -6 -23 -24 27 -26 -27 28 29 -12
right_child=2 3 6 9 21 -7 -8 -9 -10 14 12 -13 -14 -15 -16 20 -18 18 -20 -21 -22 22 23 -25 25 26 -28 -29 -30 -31
leaf_value=-3.1519665927745612e-05 0.00011997149852898015 -5.8149775138174542e-05 0.00014551957247135427 0.00021800739768935041 -3.9419756598136779e-05 0.00011947761025113689 -0.00052528420685483577 0.00018173005540986554 -0.001794814088069615 0.00011519524919423318 6.6729061163214499e-05 0.00019570795363870928 0.0030883586938895403 -0.00012257353399743097 -0.0014860547093794039 0.00070366505474187316 0.00040384515072559244 0.00060927442338747735 -1.9544282132615953e-05 -0.00060588792801256615 2.0352524678513006e-06 -3.3675279885550315e-05 0.00085989015324925582 -0.00014698134313176171 0.0022044709125711949 -0.001744219920999429 0.0018842797611320944 -0.00011872711853924937 0.00022706222136736632 -0.00024088141393983331
leaf_weight=460 1153 7473 879 11981 822 2176 368 763 1647 361 6786 3437 979 3215 208 288 438 304 592 265 728 1049 324 296 1095 920 570 36532 14487 7033
leaf_count=460 1153 7473 879 11981 822 2176 368 763 1647 361 6786 3437 979 3215 208 288 438 304 592 265 728 1049 324 296 1095 920 570 36532 14487 7033
internal_value=0.000109538 -0.000504852 0.0112854 -0.000256765 -0.00881935 0.0136783 0.00478576 0.00968246 -0.000673956 0.00172608 -0.00056699 -0.0022352 -0.000278919 0.00113282 0.00616864 0.00753297 0.0125 -0.00380105 0.00186459 0.00819843 0.00358472 -0.00686298 -0.00439068 0.001536 -0.000375957 0.00295367 -0.00116388 -0.000508922 0.000328494 -0.00106554
internal_weight=107629 102025 5604 99074 2951 4092 1512 1916 81855 17219 80208 11806 68402 15196 2023 1815 799 8369 896 1144 1016 2491 1669 620 67423 2585 1490 64838 28306 13819
internal_count=107629 102025 5604 99074 2951 4092 1512 1916 81855 17219 80208 11806 68402 15196 2023 1815 799 8369 896 1144 1016 2491 1669 620 67423 2585 1490 64838 28306 13819
is_linear=0
shrinkage=0.03


Tree=174
num_leaves=31
num_cat=0
split_feature=21 21 16 12 10 26 16 19 14 3 12 29 4 25 9 21 29 27 16 27 16 15 17 27 17 16 18 15 25 15
split_gain=814.619 244.264 112.346 89.2402 67.0581 62.2189 50.1816 48.8854 54.5473 48.6265 48.724 54.0674 69.5164 63.8916 56.9705 44.0583 45.6544 42.8861 46.3215 42.6518 41.3585 39.6113 38.7767 36.4186 35.9178 38.8494 35.8531 37.4926 34.8477 46.8636
threshold=11.906666666666668 1.840833333333334 13.255000000000001 6.4150000000000009 2.5000000000000004 0.94828754594723541 7.1150000000000011 12.816250000000002 1.9076774709927629 6.3560175619131103 2.6750000000000003 35.500000000000007 0.052276087599769615 1.5259387415096761 3.5000000000000004 6.7887500000000012 65.500000000000014 -0.11319890333640036 0.34000000000000002 -0.39873388578253693 9.4050000000000029 0.77000000000000002 11.715000000000002 -0.27563735581699894 3.5150000000000001 9.4950000000000028 5.6550000000000011 -0.99999999999999956 1.6367852841658543 0.6649999999999997
decision_type=2 2 8 8 2 2 10 2 2 2 10 2 2 2 2 2 2 2 10 2 8 10 2 2 2 10 10 10 2 10
left_child=1 4 5 9 -1 22 17 -4 -9 10 -3 12 -12 15 -14 -13 20 18 -5 28 -17 -16 -2 -24 25 -15 -21 -28 -8 -30
right_child=2 3 7 6 -6 -7 19 8 -10 -11 11 13 14 24 21 16 -18 -19 -20 26 -22 -23 23 -25 -26 -27 27 -29 29 -31
leaf_value=-3.0530793335506406e-05 -0.00027397970156759822 -3.5645148948779006e-05 0.00011151224798829129 -0.0021817877091235218 -3.335142472991015e-05 9.5203103805659994e-05 0.00023622054273635061 0.0001248886611556821 9.2842867043899652e-05 -0.0011368563712669752 0.00015655561810650972 0.00019691874396383409 -0.00014115017060411044 8.2131504265310406e-05 -0.00090761847543459069 0.001536271123213021 -0.00027032538735782233 0.00029066466875831863 -0.0008199970056829432 0.0029244277897151885 0.0063811859654797016 -5.1093942851935246e-05 0.0001981981855352144 9.4600229349972589e-05 -0.00013841191633939492 0.0037712857361704728 -0.00097747986083537288 0.00013654513043384497 0.0025848464337755481 -0.00083911890144140191
leaf_weight=464 393 19460 840 371 2533 473 819 2260 299 4218 1968 8620 4092 4424 2327 618 526 4145 3669 913 390 646 553 1352 17386 208 1685 20270 1181 287
leaf_count=464 393 19460 840 371 2533 473 819 2260 299 4218 1968 8620 4092 4424 2327 618 526 4145 3669 913 390 646 553 1352 17386 208 1685 20270 1181 287
internal_value=7.0953e-05 -0.000574364 0.0106494 -0.000316712 -0.009004 0.00614914 0.000944669 0.0143038 0.016369 -0.000964893 -0.000748146 -0.000163795 -0.00221399 0.000412096 -0.00360255 0.00238016 0.00705653 -0.00109524 -0.00329295 0.00160851 0.0107799 -0.00675957 0.00409032 0.00585864 -0.000495845 0.00185033 0.00121716 0.000974044 0.00551047 0.00826884
internal_weight=107390 101220 6170 98223 2997 2771 33340 3399 2559 64883 60665 41205 9033 32172 7065 10154 1534 8185 4040 25155 1008 2973 2298 1905 22018 4632 22868 21955 2287 1468
internal_count=107390 101220 6170 98223 2997 2771 33340 3399 2559 64883 60665 41205 9033 32172 7065 10154 1534 8185 4040 25155 1008 2973 2298 1905 22018 4632 22868 21955 2287 1468
is_linear=0
shrinkage=0.03


Tree=175
num_leaves=31
num_cat=0
split_feature=22 21 12 2 1 19 2 23 28 29 29 12 8 5 25 10 2 1 26 29 10 10 29 28 28 25 21 21 1 14
split_gain=804.823 240.833 77.3536 76.3958 73.9045 66.4969 59.3281 55.6695 52.2712 46.1746 45.8473 45.4645 51.5875 45.4388 43.6681 39.2405 37.0758 54.2774 66.9335 48.7505 67.0232 54.3772 48.566 43.456 78.3301 42.7971 43.2356 43.8081 42.2778 41.0447
threshold=0.94732539093081747 2.2120833333333336 6.8550000000000013 1.1756967073298374 16.650000000000002 13.188750000000002 1.2448032254162646 0.77000000000000013 940.6500000000002 76.500000000000014 72.500000000000014 10.615 11.500000000000002 0.49787695357585515 1.0758645311004009 11.500000000000002 1.1214214997156311 27.950000000000003 -0.90992662233962551 82.500000000000014 11.500000000000002 10.500000000000002 33.500000000000007 945.75000000000011 948.35000000000002 1.6446063421907453 10.207083333333335 6.5104166666666679 28.950000000000003 0.34063665882187938
decision_type=2 2 8 2 2 2 2 2 2 2 2 10 2 2 2 2 2 2 2 2 2 2 2 2 2 2 2 2 2 2
left_child=1 4 13 10 7 9 14 15 -6 11 -2 12 -5 -3 -4 -1 17 18 22 21 -21 25 -16 -19 28 26 27 -18 -25 -20
right_child=3 2 6 5 8 -7 -8 -9 -10 -11 -12 -13 -14 -15 16 -17 19 23 29 20 -22 -23 -24 24 -26 -27 -28 -29 -30 -31
leaf_value=-2.9955146791877384e-05 8.0216328264609552e-05 -4.2829825559304538e-05 0.002785514912468538 -3.807972238046631e-05 -0.00026993284505253654 0.00020955859476571304 0.0016055223086607084 -2.9718169762748685e-05 -2.8680158199017356e-05 1.4926173700314793e-05 -3.4969933491879601e-06 0.00026682914662898462 0.00045791828863072867 -0.0021690204135865268 -7.348654209945126e-05 -2.9222118615042958e-05 0.0019901310899822638 0.0015915493271851644 -0.0014494155956369915 -0.0014095941002716693 0.0012417434722804433 -8.4066860118635621e-05 -0.0026714509644558018 0.00088674916437049827 0.0010153091502117118 0.00092174940369401217 8.6957382178278744e-05 -0.00037208321785202835 -0.0026550580925624417 0.00045146197780808256
leaf_weight=873 2231 65505 484 331 204 1414 607 2389 2314 405 531 440 278 1275 1155 200 435 2282 394 1704 526 3807 1979 221 705 7333 1938 3373 851 1472
leaf_count=873 2231 65505 484 331 204 1414 607 2389 2314 405 531 440 278 1275 1155 200 435 2282 394 1704 526 3807 1979 221 705 7333 1938 3373 851 1472
internal_value=-3.78967e-05 -0.00064745 -0.000283599 0.0109991 -0.00648622 0.0144309 0.00100236 -0.00932795 -0.00256837 0.00986977 0.00741597 0.0131784 0.00776873 -0.000847196 0.000804842 -0.015 0.000650461 -0.000930053 -0.00302098 0.00139951 -0.0027651 0.00195015 -0.00569608 0.00164616 -0.00186869 0.00286839 0.000928534 -0.000928403 -0.00696379 0.00147515
internal_weight=107656 102026 96046 5630 5980 2868 29266 3462 2518 1454 2762 1049 609 66780 28659 1073 28175 9059 5000 19116 2230 16886 3134 4059 1777 13079 5746 3808 1072 1866
internal_count=107656 102026 96046 5630 5980 2868 29266 3462 2518 1454 2762 1049 609 66780 28659 1073 28175 9059 5000 19116 2230 16886 3134 4059 1777 13079 5746 3808 1072 1866
is_linear=0
shrinkage=0.03


Tree=176
num_leaves=31
num_cat=0
split_feature=22 21 16 12 10 26 27 21 0 8 12 22 26 16 25 8 8 23 29 29 27 8 9 5 14 29 16 29 0 10
split_gain=745.327 257.973 102.556 87.9534 72.3168 63.739 38.9915 36.4855 36.0251 43.0207 42.5576 33.1077 32.6434 43.6133 33.8674 45.3198 38.4484 33.5168 32.373 31.5743 31.5517 30.51 37.2887 37.8724 30.4075 30.271 43.7399 30.2124 37.5544 45.7817
threshold=0.94732539093081747 1.840833333333334 13.255000000000001 8.0750000000000011 2.5000000000000004 0.94828754594723541 -0.31729257441605202 2.2120833333333336 7.8550000000000013 20.500000000000004 5.3950000000000005 0.96362864345185406 0.99140711019144634 0.63500000000000012 1.9727159936837357 14.500000000000002 7.5000000000000009 7.6950000000000012 32.500000000000007 45.500000000000007 0.034899496702501191 14.500000000000002 4.5000000000000009 0.89281205580846612 1.9076774709927629 83.500000000000014 8.5750000000000011 62.500000000000007 4.1750000000000007 1.5000000000000002
decision_type=2 2 8 8 2 2 2 2 2 2 10 2 2 10 2 2 2 2 2 2 2 2 2 2 2 2 10 2 2 2
left_child=1 4 5 7 -1 6 -2 -3 10 20 27 -4 13 -5 15 -14 19 -15 -8 -16 -10 22 -19 -24 -13 -12 -27 28 -9 -30
right_child=2 3 11 12 -6 -7 18 8 9 -11 25 24 14 17 16 -17 -18 21 -20 -21 -22 -23 23 -25 -26 26 -28 -29 29 -31
leaf_value=-2.8716215131684915e-05 0.00015460538913165123 -2.9178264138291152e-05 9.177819398627385e-05 -0.0031678709440721734 -3.1941587619335011e-05 9.3626783537401615e-05 0.00018888164528400143 -3.3779487723049457e-05 -0.0023201171478975892 0.001293153233994966 0.00024818177268757624 0.00012161105988513166 4.436430339329389e-05 0.00022762277558100342 -0.0012140627321486684 0.00045495191843750334 -0.00075413373251301372 -2.4624112447573232e-05 1.9495363618282633e-06 0.001087135770800799 -0.00033656551578088668 -0.00057649998086523936 3.444086649598943e-05 0.0015866224783976689 0.00011558829603036447 -0.0013946896924740889 0.00056846958963012342 1.7866937726818912e-06 -0.0018375665456971371 -0.00041469030404421445
leaf_weight=477 373 2997 643 214 2493 396 228 19846 1848 785 22911 2324 474 11829 215 480 403 1120 1393 454 1834 1589 269 214 269 971 895 19766 375 9642
leaf_count=477 373 2997 643 214 2493 396 228 19846 1848 785 22911 2324 474 11829 215 480 403 1120 1393 454 1834 1589 269 214 269 971 895 19766 375 9642
internal_value=9.3844e-05 -0.000492136 0.0107192 -0.000230895 -0.00919664 0.00598747 0.00378189 -0.000641221 -0.000517635 -0.00313283 -0.000360431 0.0141993 0.00171493 0.00123819 0.00528804 0.00938478 0.0016156 0.00143152 0.00175277 0.0060089 -0.00449146 -0.00129496 0.00162313 0.00854508 0.0157159 0.000654911 -0.00301443 -0.000867349 -0.00146947 -0.00296647
internal_weight=107727 102101 5626 99131 2970 2390 1994 81870 78873 4467 74406 3236 17261 15235 2026 954 1072 15021 1621 669 3682 3192 1603 483 2593 24777 1866 49629 29863 10017
internal_count=107727 102101 5626 99131 2970 2390 1994 81870 78873 4467 74406 3236 17261 15235 2026 954 1072 15021 1621 669 3682 3192 1603 483 2593 24777 1866 49629 29863 10017
is_linear=0
shrinkage=0.03


Tree=177
num_leaves=31
num_cat=0
split_feature=22 21 16 1 21 26 28 22 28 27 10 8 14 8 28 17 1 29 8 1 1 1 28 22 8 28 1 10 15 1
split_gain=723.037 248.192 85.9397 75.8464 74.1618 54.4677 45.9964 44.02 43.5505 39.1782 40.1976 40.036 38.4306 33.8037 69.696 51.9191 82.2354 94.5285 58.4788 53.6328 69.7072 49.8372 51.7246 47.6608 43.6834 52.0364 71.7122 44.1013 102.339 70.2075
threshold=0.94732539093081747 2.2120833333333336 13.255000000000001 16.650000000000002 8.1219444444444466 0.96359376111369366 975.25000000000011 0.96362864345185406 940.6500000000002 -0.74892720285008296 11.500000000000002 14.500000000000002 1.9076774709927629 14.500000000000002 967.95000000000016 3.2150000000000003 27.850000000000005 52.500000000000007 7.5000000000000009 7.2500000000000009 -0.6499999999999998 19.350000000000005 947.85000000000002 0.19604716213792356 5.5000000000000009 961.25000000000011 3.2500000000000004 10.500000000000002 1.0000000180025095e-35 -3.3499999999999992
decision_type=2 2 8 2 2 2 2 2 2 2 2 2 2 2 2 2 2 2 2 2 2 2 2 2 2 2 2 2 10 2
left_child=1 3 5 9 13 -2 -6 -4 -5 -1 11 -11 -9 15 -15 -3 17 19 -18 20 -17 24 -23 -24 27 -26 -27 -19 -29 -30
right_child=2 4 7 8 6 -7 -8 12 -10 10 -12 -13 -14 14 -16 16 18 21 -20 -21 -22 22 23 -25 25 26 -28 28 29 -31
leaf_value=-2.4755939898624194e-05 9.4629577908016395e-05 3.7568859352001997e-05 8.0444798279962753e-05 -0.00025047608151000596 0.00012111299834659306 0.00010689567350509188 0.00056392817503046419 0.00011825649604737198 -2.7884481136432205e-05 -3.0341983463673603e-05 -2.5912942958465477e-05 -2.7896008023526615e-05 0.00010971952931682626 3.3697216304828456e-06 0.0040937138598217057 0.00026887645765721294 -0.00071179753891603486 6.9618466382494049e-05 0.00080343546513152544 -0.00035639150691878278 -0.00114676742227802 -1.9514078291292465e-05 0.00062573937611285369 0.0057752663973799721 -0.00036483422200409688 -9.5036613962349185e-05 0.0025120639170781432 -0.00050415677629300521 0.0034813290750468143 -9.4877279143507415e-05
leaf_weight=507 2048 10337 644 216 24617 362 216 2358 2339 1834 405 694 279 26218 395 221 359 6258 3080 9127 971 2214 580 435 5977 2217 663 1066 218 712
leaf_count=507 2048 10337 644 216 24617 362 216 2358 2339 1834 405 694 279 26218 395 221 359 6258 3080 9127 971 2214 580 435 5977 2217 663 1066 218 712
internal_value=0.000105697 -0.000475849 0.0105074 -0.006395 -0.000105438 0.00618634 0.00130566 0.0136671 -0.00247266 -0.00930044 -0.0106297 -0.0120332 0.0153861 -0.000598708 0.000246825 -0.00110509 -0.00166965 -0.00216312 0.00272648 -0.00450116 -0.0104762 -0.000976161 0.0024397 0.00802941 -0.00162129 -0.00308395 0.000228769 -5.08536e-05 -0.00392804 0.0033369
internal_weight=107567 101876 5691 5995 95881 2410 24833 3281 2555 3440 2933 2528 2637 71048 26613 44435 34098 30659 3439 10319 1192 20340 3229 1015 17111 8857 2880 8254 1996 930
internal_count=107567 101876 5691 5995 95881 2410 24833 3281 2555 3440 2933 2528 2637 71048 26613 44435 34098 30659 3439 10319 1192 20340 3229 1015 17111 8857 2880 8254 1996 930
is_linear=0
shrinkage=0.03


Tree=178
num_leaves=31
num_cat=0
split_feature=22 21 2 19 1 21 29 10 23 16 25 19 14 10 23 2 1 27 10 29 25 1 20 19 8 8 16 7 27 20
split_gain=696.607 233.857 99.3135 74.7974 71.5541 64.3028 56.8921 48.5733 58.0046 49.9569 38.2916 47.2961 37.6649 46.9171 33.0061 31.282 36.4881 35.2216 57.8301 48.3217 35.5013 42.136 38.6458 36.5915 43.1236 59.0273 50.1601 33.9552 33.4005 34.0527
threshold=0.94732539093081747 2.2120833333333336 1.1756967073298374 13.188750000000002 16.650000000000002 8.1219444444444466 73.500000000000014 11.500000000000002 0.60500000000000009 4.3750000000000009 1.4047921198936431 12.816250000000002 0.26388128644020875 8.5000000000000018 5.5450000000000008 1.2401305403063472 -10.149999999999997 -0.39873388578253693 9.5000000000000018 70.500000000000014 2.1657653061224496 2.2500000000000004 3.9723565589970873 8.3487500000000026 4.5000000000000009 10.500000000000002 10.915000000000001 38.500000000000007 -0.026175951569892126 3.6258010606791222
decision_type=2 2 2 2 2 2 2 2 2 8 2 2 2 2 2 2 2 2 2 2 2 2 2 2 2 2 8 2 2 2
left_child=1 4 10 6 7 -3 14 8 -1 -10 11 -2 -6 -14 -4 17 -17 18 27 -20 22 23 28 -22 26 -26 -25 -7 -19 -30
right_child=2 5 3 -5 12 15 -8 -9 9 -11 -12 -13 13 -15 -16 16 -18 20 19 -21 21 -23 -24 24 25 -27 -28 -29 29 -31
leaf_value=-2.8021576742852764e-05 -1.6182927397134781e-07 -4.0375716238736423e-05 0.00017619210193782096 0.00020589862230840916 -0.00017785369424583379 0.00087057133695075061 3.9126531836773945e-05 -4.466803149711625e-06 -2.8169514394802558e-05 -1.6670486944520315e-05 5.6939797553225975e-05 7.6842517837091276e-05 8.1445697535484726e-05 -7.3045694411741775e-05 0.00026366716900074139 -0.0013256756705674916 0.0011845104913949722 -0.00015972571255678747 0.0049101561069547252 0.00064617329804084796 0.0005999484950666385 0.00017155788251626113 0.0014967940023675563 -0.0021578860096087707 -0.0042223149333089488 -0.00047487387270220001 0.0031714795494598839 -0.0030945355651604573 0.00012597601663393964 -0.0012809474578737822
leaf_weight=649 262 71275 333 1408 646 853 490 460 2035 302 1675 823 1554 343 616 231 874 6078 315 365 238 2598 861 213 586 392 322 232 10373 389
leaf_count=649 262 71275 333 1408 646 853 490 460 2035 302 1675 823 1554 343 616 231 874 6078 315 365 238 2598 861 213 586 392 322 232 10373 389
internal_value=5.3156e-05 -0.000511992 0.0103439 0.0142742 -0.00626126 -0.000153742 0.00941136 -0.00907563 -0.0104714 -0.00823655 0.00627125 0.0106514 -0.00243721 -0.000299685 0.0136792 0.00115787 0.00608108 0.000928212 0.005 0.0118248 0.000601224 -0.00182591 0.0011979 -0.00541572 -0.00713439 -0.0108647 -0.000277778 0.000688073 0.000879786 0.00188353
internal_weight=107791 102184 5607 2847 5989 96195 1439 3446 2986 2337 2760 1085 2543 1897 949 24920 1105 23815 1765 680 22050 4349 17701 1751 1513 978 535 1085 16840 10762
internal_count=107791 102184 5607 2847 5989 96195 1439 3446 2986 2337 2760 1085 2543 1897 949 24920 1105 23815 1765 680 22050 4349 17701 1751 1513 978 535 1085 16840 10762
is_linear=0
shrinkage=0.03


Tree=179
num_leaves=31
num_cat=0
split_feature=22 21 2 2 28 16 19 29 10 25 28 25 28 21 29 8 25 19 8 28 8 28 2 29 28 28 9 11 25 27
split_gain=666.149 228.899 83.6035 74.1611 67.271 60.3765 58.5162 63.6362 52.4192 46.6987 46.6606 44.905 44.0743 42.2371 39.863 39.1877 45.8712 37.937 33.1688 59.733 46.0821 71.9894 43.3389 55.8013 56.3259 54.7416 40.6212 45.6387 43.4258 39.7174
threshold=0.94732539093081747 2.2120833333333336 1.1756967073298374 1.1399957699588728 976.55000000000007 9.4050000000000029 13.188750000000002 75.500000000000014 11.500000000000002 1.4047921198936431 961.25000000000011 2.0996092259315238 940.6500000000002 1.7204166666666669 85.500000000000014 14.500000000000002 1.103799318972537 12.816250000000002 14.500000000000002 970.45000000000016 1.5000000000000002 940.05000000000007 1.1052886368162758 46.500000000000007 962.05000000000007 959.05000000000007 1.5000000000000002 2.9550000000000005 1.2137884680013444 -0.11319890333640036
decision_type=2 2 2 2 2 10 2 2 2 2 2 2 2 2 2 2 2 2 2 2 2 2 2 2 2 2 2 10 2 2
left_child=1 3 9 12 5 18 7 -4 13 17 -10 -7 -1 -5 -13 -15 -17 -2 19 20 -3 29 -23 24 25 26 -24 28 -28 -22
right_child=2 4 6 8 -6 11 -8 -9 10 -11 -12 14 -14 15 -16 16 -18 -19 -20 -21 21 22 23 -25 -26 -27 27 -29 -30 -31
leaf_value=-0.00024658155579858072 2.8442661695079473e-05 0.00016011201224094495 0.00021741633161338701 -2.7728304977325518e-05 0.0018360045094131272 0.00016212666728856684 0.00017767417422241859 -1.6691894486609016e-06 0.00066398999091572396 5.5231603626627598e-05 -2.647581504476625e-05 -0.0004918226129895924 -2.4368212517494133e-05 -2.7879624608760677e-05 0.0027947239602726217 0.0003121311518823435 -3.0346341868071873e-05 7.2607189453461889e-05 2.397980104582434e-05 -0.0017749437704999546 -0.00087105773289060178 0.0001395306121541162 -4.6897060394681459e-05 -5.9102123916326132e-05 -0.0011105832405499056 0.00083999649479242087 -0.00023725516639905303 -0.00073451680582985006 0.00079258385131168653 -0.00021130542070521834
leaf_weight=214 254 6032 1010 1151 300 16391 1422 418 200 1688 283 6346 2293 1279 201 268 290 815 28784 294 368 6282 1690 24505 220 380 591 3050 405 256
leaf_count=214 254 6032 1010 1151 300 16391 1422 418 200 1688 283 6346 2293 1279 201 268 290 815 28784 294 368 6282 1690 24505 220 380 591 3050 405 256
internal_value=9.91782e-05 -0.000454065 0.0101622 -0.00614742 -9.95838e-05 -0.000144363 0.0137653 0.0094208 -0.00898446 0.00641926 0.000184426 0.00119775 -0.00220939 -0.0104644 -0.000902015 -0.00760586 -0.000959147 0.0113128 -0.000566962 -0.00108421 -0.000992828 -0.00138191 -0.00121122 -0.0016738 -0.00418231 -0.00363666 -0.00436858 -0.00599852 -0.00041958 -0.0114467
internal_weight=107680 102073 5607 5978 96095 95795 2850 1428 3471 2757 483 22938 2507 2988 6547 1837 558 1069 72857 44073 43779 37747 37123 30841 6336 6116 5736 4046 996 624
internal_count=107680 102073 5607 5978 96095 95795 2850 1428 3471 2757 483 22938 2507 2988 6547 1837 558 1069 72857 44073 43779 37747 37123 30841 6336 6116 5736 4046 996 624
is_linear=0
shrinkage=0.03


Tree=180
num_leaves=31
num_cat=0
split_feature=22 21 1 1 21 19 29 28 12 25 28 21 8 10 13 8 10 11 28 28 10 26 12 26 25 29 25 1 10 1
split_gain=609.549 250.198 94.5293 82.2338 71.6561 61.6594 53.7379 51.2546 42.4269 42.1296 37.8923 34.1951 44.6746 33.7173 45.0915 33.5652 31.1824 30.7453 47.7825 48.5713 39.4426 45.3591 37.6872 34.6037 35.3317 34.2852 44.153 48.5307 47.9503 116.406
threshold=0.94732539093081747 2.2120833333333336 7.7500000000000009 16.650000000000002 8.1219444444444466 13.188750000000002 73.500000000000014 940.6500000000002 2.1550000000000007 1.4047921198936431 975.25000000000011 1.6329166666666672 6.5000000000000009 11.500000000000002 11.541666666666668 14.500000000000002 8.5000000000000018 3.8350000000000004 968.25000000000011 965.1500000000002 11.500000000000002 0.11319890333640062 3.5650000000000004 0.98897820466835418 1.6669648181276091 15.500000000000002 1.412508890469417 -3.9499999999999997 6.5000000000000009 29.150000000000002
decision_type=2 2 2 2 2 2 2 2 10 2 2 2 2 2 2 2 2 10 2 2 2 2 10 2 2 2 2 2 2 2
left_child=1 3 5 8 17 6 -2 -5 11 -4 -6 -1 -13 14 -7 -16 -9 18 19 22 21 -21 23 -3 -25 -19 27 -27 29 -29
right_child=2 4 9 7 10 13 -8 16 -10 -11 -12 12 -14 -15 15 -17 -18 25 -20 20 -22 -23 -24 24 -26 26 -28 28 -30 -31
leaf_value=-2.5418041807148698e-05 0.00024884995161574165 -4.4358887582483452e-06 6.7075626144609269e-05 -0.000245470530967022 0.00011733293611626672 3.1200139569620422e-06 1.5664275418215135e-05 2.5619142224164032e-05 -3.0047600486263167e-05 5.141217405973064e-05 0.00043539548928067662 -3.2174777161623725e-05 -2.5395926990861469e-05 0.00035648620548097028 0.00015228423602447027 6.5312019442073101e-05 -4.841099283549341e-05 -0.00076689723759227593 0.0017296678273265452 -0.00022579993680555544 0.0004418344618918517 -0.00018127295093481275 0.00021585540691967093 -7.5601026264165975e-07 -0.00037844126963765853 -0.00091771279047840734 -0.00024605863713433586 8.4331396873021374e-05 -0.00021368568772748854 0.0026311729769943329
leaf_weight=950 963 16740 1069 226 24695 200 478 1899 744 1716 219 625 1115 552 413 267 416 1319 380 292 263 557 10302 928 909 334 26249 5077 6616 1193
leaf_count=950 963 16740 1069 226 24695 200 478 1899 744 1716 219 625 1115 552 413 267 416 1319 380 292 263 557 10302 928 909 334 26249 5077 6616 1193
internal_value=1.89396e-05 -0.000512675 0.00959915 -0.00646656 -0.000142072 0.0134156 0.0089834 -0.00236842 -0.00949113 0.00564516 0.00124243 -0.011243 -0.00869914 0.0178288 0.0140339 0.0176934 -0.00102155 -0.000626862 9.57993e-05 -3.90052e-05 -0.00617726 -0.00930913 0.00019838 -0.000608654 -0.0045114 -0.00116491 -0.00100547 0.000408318 0.000702816 0.00258167
internal_weight=107706 102048 5658 5975 96073 2873 1441 2541 3434 2785 24914 2690 1740 1432 880 680 2315 71159 30371 29991 1112 849 28879 18577 1837 40788 39469 13220 12886 6270
internal_count=107706 102048 5658 5975 96073 2873 1441 2541 3434 2785 24914 2690 1740 1432 880 680 2315 71159 30371 29991 1112 849 28879 18577 1837 40788 39469 13220 12886 6270
is_linear=0
shrinkage=0.03


Tree=181
num_leaves=31
num_cat=0
split_feature=22 22 12 10 2 19 5 25 29 28 20 12 26 2 28 1 25 1 29 25 10 1 29 19 29 28 28 28 7 25
split_gain=581.642 154.566 74.5417 72.6434 71.4925 66.0389 56.393 50.5887 47.6937 38.9801 36.7579 36.0811 35.4651 43.5711 116.123 100.789 63.2916 57.4053 90.4811 60.2488 56.3347 55.3078 92.3949 47.7094 45.2787 40.8966 42.4498 47.6885 38.1533 36.3804
threshold=0.94732539093081747 0.025100504874061777 6.2550000000000008 2.5000000000000004 1.1756967073298374 13.188750000000002 0.040599097359708229 1.4047921198936431 75.500000000000014 975.25000000000011 1.0156401920614957 10.515000000000002 -0.90992662233962551 1.1214214997156311 950.85000000000002 27.950000000000003 1.9048996399039746 1.0500000000000003 68.500000000000014 1.7454545454545456 7.5000000000000009 3.6500000000000008 80.500000000000014 7.771250000000002 34.500000000000007 945.05000000000007 949.45000000000016 953.1500000000002 11.500000000000002 1.3005373604929493
decision_type=2 2 8 2 2 2 2 2 2 2 2 10 2 2 2 2 2 2 2 2 2 2 2 2 2 2 2 2 2 2
left_child=1 3 -3 -1 7 8 -5 10 11 12 -2 -6 13 15 16 24 -15 18 -16 -20 -17 -19 -23 -18 25 -4 -27 29 -14 -28
right_child=4 2 9 6 5 -7 -8 -9 -10 -11 -12 -13 28 14 17 20 23 21 19 -21 -22 22 -24 -25 -26 26 27 -29 -30 -31
leaf_value=-2.471916287664723e-05 4.8054052309622892e-05 -3.4156041851843249e-05 0.004560791156272441 -2.8028405568460509e-05 0.00015450716448202394 0.00015937074835666753 0.00044254854402251586 5.0254327030463396e-05 -2.089042027747512e-06 0.0005847890159841173 6.9954095172383159e-05 0.0002417691654338433 0.00045894752490725495 0.00068361299695136706 -0.0062787699434833305 0.0011845362299343952 0.0029977716981310549 0.001425491235185442 -0.0015289894571572833 0.0020358594616784451 -0.0013400249341153697 0.00018220448111177956 -0.0031941014176206186 0.004110821744170043 -0.0021124107862311847 -0.0022518445915272376 0.002025348666276306 -0.0021157325178753979 5.9441754649750542e-05 -0.00049327801360403043
leaf_weight=489 343 62226 220 3126 592 1404 418 1695 436 263 727 446 4379 1215 229 2409 350 461 897 301 983 4367 655 490 2263 482 409 215 14968 205
leaf_count=489 343 62226 220 3126 592 1404 418 1695 436 263 727 446 4379 1215 229 2409 350 461 897 301 983 4367 655 490 2263 482 409 215 14968 205
internal_value=-6.96586e-06 -0.000525753 -0.000288697 -0.00627786 0.00936438 0.0126743 -0.00476754 0.00590253 0.00819473 0.000802718 0.0109953 0.0116779 0.000716559 -0.000321243 0.00107358 -0.00206091 0.00732524 -0.000789588 -0.00613827 -0.00279302 0.00169561 0.000606778 -0.000310324 0.0136331 -0.00541722 -0.00142578 -0.00344225 0.000683453 0.00158278 0.00494346
internal_weight=107663 102020 97987 4033 5643 2878 3544 2765 1474 35761 1070 1038 35498 16151 8965 7186 2055 6910 1427 1198 3392 5483 5022 840 3794 1531 1311 829 19347 614
internal_count=107663 102020 97987 4033 5643 2878 3544 2765 1474 35761 1070 1038 35498 16151 8965 7186 2055 6910 1427 1198 3392 5483 5022 840 3794 1531 1311 829 19347 614
is_linear=0
shrinkage=0.03


Tree=182
num_leaves=31
num_cat=0
split_feature=22 19 10 10 2 12 17 24 28 3 16 13 16 28 10 13 19 10 25 29 28 25 2 22 28 24 29 20 8 28
split_gain=541.92 173.004 81.5543 77.7143 72.5865 70.6014 65.3306 58.0831 45.4596 43.2241 39.4953 38.8309 38.781 41.178 38.4453 37.4321 42.8581 35.51 43.8587 36.0681 72.1831 48.1858 35.4841 35.4161 31.6227 79.9815 30.636 38.9965 30.6135 79.4382
threshold=0.94732539093081747 1.6487500000000004 11.500000000000002 3.5000000000000004 1.1657402067158527 5.8450000000000006 14.215000000000002 12.250000000000002 975.25000000000011 4.4814207268772641 7.1150000000000011 1.7816666666666665 11.945000000000002 955.05000000000007 1.5000000000000002 6.493333333333335 6.7858333333333336 2.5000000000000004 1.5715309046254609 73.500000000000014 950.95000000000016 1.7307970611154406 1.0602399640762756 0.96499854392382789 955.1500000000002 17.950000000000003 44.500000000000007 2.2758359268324608 14.500000000000002 967.95000000000016
decision_type=2 2 2 2 2 8 2 2 2 2 10 2 8 2 2 2 2 2 2 2 2 2 2 2 2 2 2 2 2 2
left_child=1 4 3 12 -1 22 -4 -5 9 -7 14 -6 -2 23 -11 16 -16 18 -17 -19 -21 -22 -3 -14 -9 -26 -15 -28 -24 -30
right_child=2 5 6 7 11 8 -8 24 -10 10 -12 -13 13 26 15 17 -18 19 -20 20 21 -23 28 -25 25 -27 27 -29 29 -31
leaf_value=-2.9678334818671238e-05 -1.0184555814629625e-05 -0.00069625203310088864 0.00017877492117890248 -5.8224671702222784e-05 -2.4089225205860575e-05 0.0018868473836957944 0.00037573940651704273 8.3979988635938255e-05 0.00078354921199653147 -0.0015732919811486939 0.00011529657549085636 -2.7044544946024287e-05 -1.4538571911802966e-05 0.00014385471262476856 6.4151413462261989e-05 -0.00039755316724780716 0.0045778298772929903 -0.00068162748108534872 0.004429197511012623 0.0035710897855199845 -0.0054523282023029801 -0.00081553096287899536 -4.3926167654649216e-05 7.2345397655292347e-05 3.9318928612428474e-05 -4.5673247916581112e-05 0.00012669063068067364 8.9582608237867011e-05 -8.6639061856003804e-06 0.0041243548526017576
leaf_weight=1779 202 284 311 479 997 1363 676 1639 262 351 28934 243 227 204 2872 217 460 5156 241 210 370 200 37860 355 547 211 541 227 20120 320
leaf_count=1779 202 284 311 479 997 1363 676 1639 262 351 28934 243 227 204 2872 217 460 5156 241 210 370 200 37860 355 547 211 541 227 20120 320
internal_value=1.78004e-05 -0.000480908 0.00908428 0.00740134 -0.0075496 -0.000265457 0.0169052 0.00435266 0.000695357 0.000613685 0.000429824 -0.0131084 0.012368 0.0139705 -0.00118726 -0.000832391 0.00174408 -0.00217534 0.00583153 -0.00279751 -0.00878981 -0.0142957 -0.000931916 0.00756388 0.00625729 0.00117955 0.0177482 0.0148254 -0.000879856 5.57594e-05
internal_weight=107858 102239 5619 4632 3019 99220 987 2876 40636 40374 39011 1240 1756 1554 10077 9726 3332 6394 458 5936 780 570 58584 582 2397 758 972 768 58300 20440
internal_count=107858 102239 5619 4632 3019 99220 987 2876 40636 40374 39011 1240 1756 1554 10077 9726 3332 6394 458 5936 780 570 58584 582 2397 758 972 768 58300 20440
is_linear=0
shrinkage=0.03


Tree=183
num_leaves=31
num_cat=0
split_feature=22 21 10 10 10 11 21 16 25 23 25 26 10 1 10 26 11 26 1 29 26 29 18 17 29 29 10 2 12 26
split_gain=552.135 241.883 84.2615 89.1632 76.6048 73.7494 67.3525 52.4351 45.5647 37.5243 34.8863 50.2202 40.6977 38.6688 43.302 89.28 51.3582 42.3846 82.8372 37.5412 37.8391 35.1867 54.1033 34.1552 35.9128 33.8114 82.995 33.1404 35.2851 32.7605
threshold=0.95516273302198129 1.840833333333334 11.500000000000002 3.5000000000000004 2.5000000000000004 9.7750000000000004 8.1219444444444466 12.785000000000002 1.4194111717617102 7.6950000000000012 2.0841793788222365 0.98624804680367306 2.5000000000000004 -5.8499999999999988 9.5000000000000018 0.97233289553061597 7.6950000000000012 0.93663652364155514 11.250000000000002 76.500000000000014 0.9935340235047978 76.500000000000014 7.4650000000000007 10.415000000000001 66.500000000000014 84.500000000000014 11.500000000000002 1.2079370213572984 9.7750000000000004 -0.94828754594723508
decision_type=2 2 2 2 2 10 2 8 2 2 2 2 2 2 2 2 10 2 2 2 2 2 10 2 2 2 2 2 10 2
left_child=1 4 3 7 -1 -4 -3 29 -5 10 11 25 21 -14 16 23 -15 -18 -19 -13 -21 22 -12 -16 -25 -8 -27 28 -11 -2
right_child=2 6 5 8 -6 -7 9 -9 -10 27 12 19 13 14 15 -17 17 18 -20 20 -22 -23 -24 24 -26 26 -28 -29 -30 -31
leaf_value=-2.2635540370886837e-05 -0.00039424654179229799 -2.9618436142412503e-05 0.000160605605087214 7.1728984081518288e-05 -2.5926133325686034e-05 0.00034413422972101869 0.00018585335245987822 9.2319955583947117e-05 6.5499985828265662e-06 -0.00029513514477096824 0.00050509819749124942 0.00029035155113767196 0.0026372864720912745 0.0036257728591671812 0.0026350739445799801 -0.0025710977370805455 0.0010667269348814355 0.00093647378703822892 -0.0036658994865568337 0.0010713328717855109 0.0026972219119902495 0.0020473918563184944 -0.0040394440980868924 -0.0031519796396466127 0.001890082762523909 -0.0021459559914596481 0.00094227475186792306 -0.0024678264625203482 4.2153679043652743e-05 9.8315131906662184e-05
leaf_weight=453 207 74251 220 883 2509 716 11016 1200 1753 857 424 2759 212 1061 410 1160 937 201 451 272 299 211 639 212 321 773 403 219 2314 218
leaf_count=453 207 74251 220 883 2509 716 11016 1200 1753 857 424 2759 212 1061 410 1160 937 201 451 272 299 211 639 212 321 773 403 219 2314 218
internal_value=-1.31082e-05 -0.000497612 0.00952134 0.00771449 -0.00893832 0.0176621 -0.000245657 0.0132331 0.00429383 0.00109596 0.00155334 0.00231468 -0.000341127 0.000887324 0.000321564 -0.00288899 0.00287006 -0.000545797 -0.00639269 0.00557721 0.0125521 -0.00511337 -0.00733146 0.0039557 -0.00105948 0.00142166 -0.0034039 -0.001838 -0.00104849 0.00411628
internal_weight=107561 102364 5197 4261 2962 936 99402 1625 2636 25151 21761 15522 6239 4965 4753 2103 2650 1589 652 3330 571 1274 1063 943 533 12192 1176 3390 3171 425
internal_count=107561 102364 5197 4261 2962 936 99402 1625 2636 25151 21761 15522 6239 4965 4753 2103 2650 1589 652 3330 571 1274 1063 943 533 12192 1176 3390 3171 425
is_linear=0
shrinkage=0.03


Tree=184
num_leaves=31
num_cat=0
split_feature=21 21 10 10 10 28 17 8 16 28 21 24 27 15 26 29 27 10 22 2 10 8 29 8 28 8 28 2 24 27
split_gain=507.693 246.085 92.7251 80.0309 75.451 75.0885 61.6976 73.6847 49.0446 49.6166 41.6901 40.5429 38.4273 37.8299 36.8507 80.8083 70.3112 72.47 37.7899 33.4299 130.999 63.4473 63.1592 62.7438 42.9117 36.8753 53.1258 52.7447 62.3564 47.6097
threshold=11.906666666666668 1.840833333333334 11.500000000000002 3.5000000000000004 4.5000000000000009 976.55000000000007 15.595000000000001 13.500000000000002 12.785000000000002 955.05000000000007 8.1219444444444466 10.750000000000002 -0.23343647497176648 -0.97999999999999954 0.99140711019144634 78.500000000000014 1.0000000180025095e-35 4.5000000000000009 0.68233844313854453 1.0986723426472855 7.5000000000000009 9.5000000000000018 40.500000000000007 11.500000000000002 961.95000000000016 7.5000000000000009 948.45000000000016 1.1415714380141171 5.6500000000000012 0.15643446504023081
decision_type=2 2 2 2 2 2 2 2 8 2 2 2 2 10 2 2 2 2 2 2 2 2 2 2 2 2 2 2 2 2
left_child=1 4 3 8 -1 10 7 -4 -2 -10 19 -5 -11 -12 18 16 17 -16 -15 20 21 -3 24 -22 25 -21 -27 -28 -29 -30
right_child=2 5 6 11 -6 -7 -8 -9 9 12 13 -13 -14 14 15 -17 -18 -19 -20 22 23 -23 -24 -25 -26 26 27 28 29 -31
leaf_value=-2.5162708537659253e-05 4.65273316653092e-05 -0.00040519848209695823 7.7213987692377193e-05 -0.00015772098019534164 -2.4214422342038206e-05 0.0018269939333835652 0.00032125645910088037 0.00041343049006770268 5.2228736461712444e-05 3.1924109444909639e-05 -0.00070604582861519413 5.1528657843212811e-05 0.00029252732622964351 0.0010900248048338766 0.00028696317697817663 0.0037773500257485991 0.00046098625216662746 -0.0037016712646234518 -2.4626313712996506e-05 -0.00032107268350181205 0.00072679793231570972 0.00056658696842506074 -2.1496778304656867e-05 -0.00058174833175533586 -0.00070147842574387414 0.00053024278015012278 -0.00032008655752093396 -0.00013060720382581344 0.0033830933206492717 -0.00019478444566796982
leaf_weight=917 545 840 329 299 2074 321 430 236 532 240 2596 2942 566 3901 590 332 3604 338 12741 2175 582 8138 50500 2954 246 2045 5057 774 445 364
leaf_count=917 545 840 329 299 2074 321 430 236 532 240 2596 2942 566 3901 590 332 3604 338 12741 2175 582 8138 50500 2954 246 2045 5057 774 445 364
internal_value=-4.59789e-05 -0.000551906 0.00834259 0.00670306 -0.00902203 -0.000294374 0.01671 0.0100526 0.0116155 0.0146984 -0.000342065 0.00383549 0.0193835 0.000741693 0.00115476 0.0034504 0.00239365 -0.00495177 0.00048297 -0.000694503 0.000718907 0.002645 -0.000981643 -0.00416831 -0.00302943 -0.00274459 -0.00186766 -0.0031693 0.00160579 0.00740786
internal_weight=107653 101534 6119 5124 2991 98543 995 565 1883 1338 98222 3241 806 24102 21506 4864 4532 928 16642 74120 12514 8978 61606 3536 11106 10860 8685 6640 1583 809
internal_count=107653 101534 6119 5124 2991 98543 995 565 1883 1338 98222 3241 806 24102 21506 4864 4532 928 16642 74120 12514 8978 61606 3536 11106 10860 8685 6640 1583 809
is_linear=0
shrinkage=0.03


Tree=185
num_leaves=31
num_cat=0
split_feature=22 21 10 10 16 8 10 16 21 28 24 19 8 7 24 10 28 25 9 10 16 16 1 10 8 27 16 9 28 1
split_gain=518.736 214.156 95.7187 91.9115 78.4382 63.9259 61.2175 60.7253 60.1489 51.9002 53.0995 49.699 83.5684 45.3503 35.9256 39.7448 35.7601 35.4255 32.3932 62.3684 100.32 99.8317 91.5769 56.1927 55.4505 53.922 47.4222 51.109 51.9607 67.5246
threshold=0.94732539093081747 1.840833333333334 11.500000000000002 5.5000000000000009 12.975000000000003 19.500000000000004 4.5000000000000009 14.905000000000003 7.7229166666666682 954.6500000000002 13.050000000000002 13.411250000000003 12.500000000000002 13.500000000000002 12.950000000000001 8.5000000000000018 975.25000000000011 1.5410696445922463 2.5000000000000004 11.500000000000002 12.485000000000001 10.445000000000002 -2.7499999999999996 2.5000000000000004 5.5000000000000009 0.32556815445715659 9.5950000000000006 5.5000000000000009 956.1500000000002 9.8500000000000032
decision_type=2 2 2 2 8 2 2 10 2 2 2 2 2 2 2 2 2 2 2 2 10 10 2 2 2 2 8 2 2 2
left_child=1 6 3 4 17 9 -1 14 -3 10 -6 12 -4 -8 -5 -16 18 -2 19 20 22 25 24 -24 -10 -21 27 28 29 -20
right_child=2 8 11 7 5 -7 13 -9 16 -11 -12 -13 -14 -15 15 -17 -18 -19 26 21 -22 -23 23 -25 -26 -27 -28 -29 -30 -31
leaf_value=-2.3947955576597992e-05 -3.6395536139210981e-07 -3.0085146125750915e-05 1.9591860405646642e-05 -2.4636730000678896e-05 -1.9431401361947876e-05 -1.3533232068498879e-05 -3.0852224412918053e-05 -1.8775924580675119e-05 0.0016832178834873866 0.0001312553964912677 8.730889684247844e-05 0.00030641006869565281 0.00040814961923559266 -2.0348333580671311e-05 -0.00086810509626516488 5.0071277651981825e-05 0.00071771243020508576 0.00045522338274008034 0.0035205735493941967 -0.0027138139525333298 -0.00059589899051517453 0.00074234550325888438 0.0017919628725175873 0.00036119961679753176 -0.0051321941705068253 0.0040115593663549061 6.6373888112070115e-05 0.00064874921268370128 -0.0039943428983731924 -0.0014249728609216075
leaf_weight=898 721 69904 297 415 205 230 745 245 241 819 649 468 245 1339 229 735 238 372 422 315 1074 661 1056 8492 455 203 10913 1400 1226 2318
leaf_count=898 721 69904 297 415 205 230 745 245 241 819 649 468 245 1339 229 735 238 372 422 315 1074 661 1056 8492 455 203 10913 1400 1226 2318
internal_value=-1.22751e-05 -0.000502232 0.00884827 0.00700541 0.0101166 0.0137893 -0.00841647 0.0012523 -0.000263235 0.0158224 0.0105471 0.017202 0.0108592 -0.00557204 0.00370665 0.00687307 0.000884937 0.00368852 0.00078802 0.00193649 0.00125055 0.00848818 0.00216606 0.00293311 -0.00830243 -0.00137667 -9.39573e-05 -0.00240179 -0.00414002 -0.00183607
internal_weight=107530 101900 5630 4620 2996 1903 2982 1624 98918 1673 854 1010 542 2084 1379 964 29014 1093 28776 12497 11318 1179 10244 9548 696 518 16279 5366 3966 2740
internal_count=107530 101900 5630 4620 2996 1903 2982 1624 98918 1673 854 1010 542 2084 1379 964 29014 1093 28776 12497 11318 1179 10244 9548 696 518 16279 5366 3966 2740
is_linear=0
shrinkage=0.03


Tree=186
num_leaves=31
num_cat=0
split_feature=22 21 10 10 10 28 16 14 20 19 5 12 3 29 18 7 28 22 18 15 24 26 28 16 28 27 10 28 10 26
split_gain=486.217 219.737 98.8392 82.7051 62.3118 58.6566 56.4124 52.1688 48.883 46.0823 44.4545 44.1319 44.824 42.0344 40.8894 39.6971 37.8102 35.6851 32.2204 43.6754 32.0738 31.4042 76.0034 51.3207 63.7839 40.0693 47.2944 36.752 66.8942 38.1281
threshold=0.94732539093081747 1.840833333333334 11.500000000000002 5.5000000000000009 4.5000000000000009 976.55000000000007 14.905000000000003 0.53594153910039932 2.3745201268226706 13.188750000000002 0.96905399901439149 6.4150000000000009 6.3560175619131103 74.500000000000014 12.575000000000001 13.500000000000002 954.95000000000016 0.96499854392382789 1.1850000000000003 -0.025000000000000352 14.350000000000003 0.99140711019144634 949.25000000000011 0.34000000000000002 960.1500000000002 1.0000000180025095e-35 9.5000000000000018 964.95000000000016 11.500000000000002 -0.87032255546191695
decision_type=2 2 2 2 2 2 10 2 2 2 2 8 2 2 10 2 2 2 10 10 2 2 2 10 2 2 2 2 2 2
left_child=1 4 3 7 -1 11 8 16 13 14 -9 12 -3 20 -4 -6 17 -2 19 -17 -5 23 -23 24 -13 26 -24 -25 -29 -30
right_child=2 5 9 6 15 -7 -8 10 -10 -11 -12 21 -14 -15 -16 18 -18 -19 -20 -21 -22 22 25 27 -26 -27 -28 28 29 -31
leaf_value=-2.3366962357275303e-05 -3.2104390143808945e-05 -2.2065834549764713e-05 0.00039421458646688557 4.7683549641145962e-05 -3.2824170396054047e-05 0.0017380463223789179 -1.6461427264149452e-05 4.6313973826785923e-05 -1.2625443209828279e-05 0.00033568472226965852 0.00022704010942807383 -0.0029564016772156815 -0.0010340240389125016 -3.3745060926081423e-05 1.9004104593476346e-05 -2.0063253860462051e-05 0.00012357613379874511 0.00012802782667988954 -2.5084325636939365e-05 0.0011954010931793384 7.8821659643948374e-05 -0.0020588309223814705 0.00038751380793138307 6.4654571279970928e-05 0.001070453767418179 0.00059681315923077458 -0.0025161844241265627 -0.0021550030115494996 -0.00095481739311841223 0.0011306298998361296
leaf_weight=915 213 60613 230 242 737 316 231 1378 432 542 378 356 4227 237 209 424 692 332 678 240 477 726 660 26580 229 3726 217 725 215 206
leaf_count=915 213 60613 230 242 737 316 231 1378 432 542 378 356 4227 237 209 424 692 332 678 240 477 726 660 26580 229 3726 217 725 215 206
internal_value=-4.94469e-05 -0.000522815 0.00855841 0.00670565 -0.00852284 -0.000279957 0.00123768 0.00965644 0.00353195 0.0171907 0.00630324 -0.000321673 -0.000779089 0.00730489 0.0097973 -0.0056286 0.014372 0.00834545 -0.00253898 0.00215247 0.0108978 0.000559964 0.00267154 0.000162099 -0.00859322 0.00409505 -0.00166667 0.000348347 -0.00490009 0.00457746
internal_weight=107383 101790 5593 4612 2994 98796 1619 2993 1388 981 1756 98480 64840 956 439 2079 1237 545 1342 664 719 33640 5329 28311 585 4603 877 27726 1146 421
internal_count=107383 101790 5593 4612 2994 98796 1619 2993 1388 981 1756 98480 64840 956 439 2079 1237 545 1342 664 719 33640 5329 28311 585 4603 877 27726 1146 421
is_linear=0
shrinkage=0.03


Tree=187
num_leaves=31
num_cat=0
split_feature=21 21 10 10 2 11 5 16 28 25 28 12 19 10 19 29 28 9 4 28 29 25 2 16 12 25 21 28 11 26
split_gain=500.551 242.403 89.3851 88.5499 62.558 60.1913 56.7192 46.3789 54.5068 46.3762 44.9902 42.4836 41.8353 41.7522 40.4087 49.0852 67.0847 92.0196 69.4914 45.5737 48.4764 43.5711 42.5822 90.4761 66.1485 60.2042 50.488 49.4704 57.382 59.7818
threshold=11.906666666666668 2.2120833333333336 11.500000000000002 3.5000000000000004 1.1399957699588728 9.7750000000000004 0.031116477006189715 12.785000000000002 955.05000000000007 1.4326836762878059 940.6500000000002 6.205000000000001 12.991250000000003 4.5000000000000009 2.5662500000000006 35.500000000000007 951.6500000000002 1.5000000000000002 0.052276087599769615 946.05000000000007 13.500000000000002 1.0631996366066583 1.1214214997156311 9.3050000000000015 2.7250000000000005 1.4404080067090972 7.6445833333333342 944.05000000000007 1.6150000000000004 0.86159635224327558
decision_type=2 2 2 2 2 10 2 8 2 2 2 8 2 2 2 2 2 2 2 2 2 2 2 10 10 2 2 2 10 2
left_child=1 4 3 7 10 -4 -6 -2 12 13 -1 14 -9 -5 -3 16 17 -16 -19 20 -20 -22 23 27 -24 26 -26 -17 -29 -30
right_child=2 11 5 9 6 -7 -8 8 -10 -11 -12 -13 -14 -15 15 22 -18 18 19 -21 21 -23 24 -25 25 -27 -28 28 29 -31
leaf_value=-0.00023307990382661926 4.4074426742397589e-05 2.8242740124784019e-05 0.00022452603063468301 0.00010964161232738578 -2.0840905921899726e-05 0.00030314284651697165 -1.7961666624470122e-05 -5.234582543554911e-05 0.00013617788426012188 1.1405191037274775e-05 -2.3879931965029265e-05 7.3810527640836283e-05 6.0576099244189497e-05 3.7487680337742193e-05 0.00075737144777092251 -0.00027414639396977918 -0.00050364271536121905 0.0002489558363689965 -0.001109790636076659 -0.00082061865743715252 0.0012771851616856587 -0.00030761529068528136 -0.00010575820711835774 0.0050935762776905336 0.00020464360614166649 -0.00011118055064377795 0.0034032533954804034 0.0024556534045935708 -0.000105280940873257 0.0015660275428169288
leaf_weight=222 547 5329 246 369 2702 766 728 217 800 2069 2298 35655 309 882 1982 2686 2581 1770 243 2278 534 1834 9078 656 5513 19528 616 481 3673 1075
leaf_count=222 547 5329 246 369 2702 766 728 217 800 2069 2298 35655 309 882 1982 2686 2581 1770 243 2278 534 1834 9078 656 5513 19528 616 481 3673 1075
internal_value=-6.99346e-05 -0.000575951 0.00819807 0.00659677 -0.00644836 0.0163422 -0.00908297 0.0118051 0.014831 0.00364511 -0.00285149 -0.000209806 0.00723164 0.00819268 -0.000698106 -0.000941815 -0.00270954 -0.00143997 -0.00312875 -0.00497139 -0.00225917 -0.000935525 -0.00048348 0.00140975 -0.000950777 -0.000171849 0.00242093 0.000518939 0.00221819 0.00121187
internal_weight=107667 101462 6205 5193 5950 1012 3430 1873 1326 3320 2520 95512 526 1251 59857 54528 11222 8641 6659 4889 2611 2368 43306 8571 34735 25657 6129 7915 5229 4748
internal_count=107667 101462 6205 5193 5950 1012 3430 1873 1326 3320 2520 95512 526 1251 59857 54528 11222 8641 6659 4889 2611 2368 43306 8571 34735 25657 6129 7915 5229 4748
is_linear=0
shrinkage=0.03


Tree=188
num_leaves=31
num_cat=0
split_feature=21 21 2 16 8 25 8 28 16 28 29 11 26 9 25 29 12 1 25 17 19 8 11 11 1 25 28 8 29 1
split_gain=490.595 254.283 71.4953 78.1765 72.0055 59.7456 57.8416 72.7908 69.076 79.1469 77.3406 69.5948 63.454 72.6878 65.7266 61.8535 65.1819 56.572 55.322 54.929 63.1993 57.9652 48.0127 47.176 46.9013 62.4733 46.671 76.1035 56.6153 87.3644
threshold=11.906666666666668 1.840833333333334 1.193105002064766 14.905000000000003 10.500000000000002 1.5715309046254609 14.500000000000002 967.95000000000016 3.5550000000000002 953.45000000000016 92.500000000000014 2.9550000000000005 0.99809679250719918 1.5000000000000002 2.0007256894049354 41.500000000000007 5.9450000000000012 16.650000000000002 2.1359498336037848 11.115 4.298750000000001 5.5000000000000009 8.4850000000000012 10.615 9.6500000000000004 1.2294446421158751 945.85000000000002 2.5000000000000004 36.500000000000007 15.050000000000002
decision_type=2 2 2 8 2 2 2 2 10 2 2 10 2 2 2 2 10 2 2 2 2 2 10 10 2 2 2 2 2 2
left_child=1 17 -2 4 5 -4 8 12 19 18 11 -11 -8 -14 -15 16 -13 -1 -10 20 -3 -21 -9 -7 -18 -26 27 -20 -28 -30
right_child=2 6 3 -5 -6 23 7 22 9 10 -12 15 13 14 -16 -17 24 -19 26 21 -22 -23 -24 -25 25 -27 28 -29 29 -31
leaf_value=-2.0759148776769813e-05 4.6806523021619692e-05 -2.4302292580916148e-05 -0.0010009556359283234 0.00021614356961742741 0.00031052088697838099 1.1318240364436294e-05 7.4584437995672164e-05 0.0028665996937458989 0.00032107093588495933 0.00019069201763392113 0.0025991212810921325 -0.0017668776716438679 0.00084912953386735214 -7.0819019503133294e-05 -0.0025756309710261989 -0.0002371761467667676 -0.0022217602217419331 -7.8837380379489846e-05 0.00091141693898836912 0.004804050488449463 -0.00082749439960138726 -0.00025257648751295878 -1.8177938005681238e-05 0.00049574416805065694 -7.961227654912916e-05 0.0012279593972261014 -0.0013136044521838033 -0.0013934243587589389 -0.00062475314353973958 0.0016180265109621492
leaf_weight=1840 3887 12033 203 585 848 425 34872 503 16757 2942 358 792 536 641 543 16968 392 1165 670 260 2943 411 272 233 729 424 376 1285 1929 2001
leaf_count=1840 3887 12033 203 585 848 425 34872 503 16757 2942 358 792 536 641 543 16968 392 1165 670 260 2943 411 272 233 729 424 376 1285 1929 2001
internal_value=-3.08825e-05 -0.00053007 0.00817168 0.0123706 0.00908401 0.00294457 -0.000267939 0.000662261 -0.000835251 -0.000245244 -0.00150597 -0.00172973 0.000468891 -0.00514783 -0.00928511 -0.00238477 -0.00695559 -0.0091196 0.00099292 -0.00255495 -0.00293171 0.00581361 0.00973077 0.00733032 -0.00334839 -0.000284974 -0.00141238 -0.00525 0.000334029 0.0014028
internal_weight=107823 101642 6181 2294 1709 861 98637 37367 61270 45623 22605 22247 36592 1720 1184 19305 2337 3005 23018 15647 14976 671 775 658 1545 1153 6261 1955 4306 3930
internal_count=107823 101642 6181 2294 1709 861 98637 37367 61270 45623 22605 22247 36592 1720 1184 19305 2337 3005 23018 15647 14976 671 775 658 1545 1153 6261 1955 4306 3930
is_linear=0
shrinkage=0.03


Tree=189
num_leaves=31
num_cat=0
split_feature=22 19 10 10 29 1 14 12 28 13 9 12 29 10 9 3 28 3 2 25 8 18 1 28 9 28 29 16 7 9
split_gain=421.805 156.187 80.6034 73.1548 73.1239 61.1095 58.2844 56.705 49.5733 48.8269 47.9521 42.4398 41.7285 52.2261 55.5654 48.3471 44.9169 39.6879 39.3714 62.2803 71.8882 62.1068 82.9891 48.0293 76.8247 72.9064 46.1305 40.9928 36.105 35.9602
threshold=0.96043613326672084 1.6487500000000004 11.500000000000002 5.5000000000000009 75.500000000000014 16.650000000000002 0.55536774603260042 5.3950000000000005 976.55000000000007 2.0416666666666674 3.5000000000000004 13.625000000000002 83.500000000000014 11.500000000000002 1.0000000180025095e-35 5.5766451395117356 959.25000000000011 11.09739825011601 1.1237101151534263 1.2822701733992059 11.500000000000002 6.7150000000000007 31.550000000000004 945.45000000000016 1.5000000000000002 947.75000000000011 48.500000000000007 8.1050000000000022 13.500000000000002 5.5000000000000009
decision_type=2 2 2 2 2 2 2 8 2 2 2 10 2 2 2 2 2 2 2 2 2 10 2 2 2 2 2 10 2 2
left_child=1 5 3 6 -5 9 -2 -3 12 -1 17 -8 18 14 -14 -16 -15 -4 19 20 26 -21 -23 -22 25 -25 27 -9 -7 -26
right_child=2 7 10 4 -6 28 11 8 -10 -11 -12 -13 13 16 15 -17 -18 -19 -20 21 23 22 -24 24 29 -27 -28 -29 -30 -31
leaf_value=-2.1168992918478419e-05 8.4599436247213546e-05 -2.6075301947679954e-05 9.7759860811671425e-05 3.3750396472606021e-05 -5.0527843661147818e-05 -0.00013688511882330604 1.0566083248358948e-05 -0.00048097398260273848 0.0010867527707943191 0.00026456565273702998 0.0004022241243902724 0.00012811278215801858 -0.003805483234611631 -0.0010563832401193495 0.0038423554993370296 -0.0011872178801027305 0.002085401774478367 0.00017336355295768601 0.00014862656067625934 0.00042912750823201893 0.00090767974044876751 -0.0014800097684220515 0.0016458120840868683 -0.0018944937655311933 -0.0012010287850253937 0.0012213313345152915 0.005102316680677137 0.0014291149636954459 6.395330145705973e-05 0.00017518564403313841
leaf_weight=1536 1067 52911 214 1027 291 421 708 609 227 213 385 814 290 261 260 2055 571 254 28056 2084 2058 4535 571 323 2244 984 378 805 836 647
leaf_count=1536 1067 52911 214 1027 291 421 708 609 227 213 385 814 290 261 260 2055 571 254 28056 2084 2058 4535 571 323 2244 984 378 805 836 647
internal_value=-3.76254e-05 -0.000441777 0.00868835 0.00684816 0.00108844 -0.0071737 0.00977255 -0.000238801 0.000519984 -0.0107925 0.017028 0.0059725 0.000451258 -0.00272807 -0.00481609 -0.00324569 0.00379928 0.0104017 0.000703942 -0.000523519 0.00128896 -0.00255177 -0.00433183 -0.000229995 -0.00206995 0.00395579 0.00657763 0.0040592 -0.00211569 -0.00479627
internal_weight=107635 102875 4760 3907 1318 3006 2589 99869 46958 1749 853 1522 46731 3437 2605 2315 832 468 43294 15238 8048 7190 5106 6256 4198 1307 1792 1414 1257 2891
internal_count=107635 102875 4760 3907 1318 3006 2589 99869 46958 1749 853 1522 46731 3437 2605 2315 832 468 43294 15238 8048 7190 5106 6256 4198 1307 1792 1414 1257 2891
is_linear=0
shrinkage=0.03


Tree=190
num_leaves=31
num_cat=0
split_feature=22 21 10 10 12 29 1 12 11 3 2 9 9 29 28 9 4 12 23 26 10 28 1 20 1 28 10 28 29 24
split_gain=439.736 233.881 79.598 70.8671 60.0901 56.5042 52.3544 45.611 40.4763 39.6594 39.2728 51.7517 34.5853 31.7901 87.0605 79.4159 70.8108 51.8696 53.0643 51.0813 48.9307 54.7317 63.0086 46.0343 45.9824 45.6126 45.0083 44.3911 62.1074 42.6601
threshold=0.96043613326672084 1.840833333333334 11.500000000000002 5.5000000000000009 6.4150000000000009 74.500000000000014 16.650000000000002 0.79500000000000015 9.8450000000000006 6.3560175619131103 1.2401305403063472 1.0000000180025095e-35 3.5000000000000004 35.500000000000007 951.6500000000002 1.5000000000000002 0.052276087599769615 2.6750000000000003 1.8750000000000002 0.41467745240824999 8.5000000000000018 944.35000000000002 22.750000000000004 4.4075025864854336 17.050000000000004 942.75000000000011 5.5000000000000009 946.05000000000007 13.500000000000002 7.8500000000000005
decision_type=2 2 2 2 8 2 2 10 10 2 2 2 2 2 2 2 2 10 2 2 2 2 2 2 2 2 2 2 2 2
left_child=1 6 3 -2 9 12 7 -1 -4 13 -6 -12 -5 14 15 25 -17 18 20 24 21 -15 -23 29 -16 -3 -27 28 -18 -19
right_child=2 4 8 5 10 -7 -8 -9 -10 -11 11 -13 -14 17 19 16 27 23 -20 -21 -22 22 -24 -25 -26 26 -28 -29 -30 -31
leaf_value=-2.2221087196015836e-05 6.610876713294633e-05 0.0022314609171930374 0.00021257910762485397 4.6527640724294269e-05 5.5062674284023225e-05 -4.8595118553811379e-05 -7.2877706985753293e-05 -1.7505731876454358e-05 0.00027187949766669826 -0.0011179615849457091 -0.0010942791983012162 0.00083322248926051665 -1.086065248500856e-05 -0.00020942020539554764 0.00023139909698799714 0.00014236098471002322 -0.00080810258400925957 -3.4332616969663492e-06 -0.00017847512904326624 -0.0006901575814093452 -3.7066020284374604e-05 9.3753690107598208e-06 0.0014520016751795033 0.0044711952548353888 -0.00018272858378911444 0.0042734182150353595 1.6627464439131507e-05 -0.00070681901392047721 2.004828294072669e-05 0.0012314589454100482
leaf_weight=501 2581 455 207 618 33448 311 1122 1337 666 4204 258 996 395 1425 505 2777 261 29151 2989 1405 5101 5523 923 645 1149 317 1460 2199 2240 2386
leaf_count=501 2581 455 207 618 33448 311 1122 1337 666 4204 258 996 395 1425 505 2777 261 29151 2989 1405 5101 5523 923 645 1149 317 1460 2199 2240 2386
internal_value=-8.56266e-05 -0.000499407 0.00880619 0.00695908 -0.00025275 0.00130926 -0.0088027 -0.0119154 0.0169818 -0.00079008 0.000755467 0.00595711 0.0047446 -0.00059541 -0.00192594 -0.00053428 -0.00201684 -0.000242378 -0.00164036 -0.00633486 -0.000809124 0.0006742 0.00185088 0.000451114 -0.00274864 0.00442557 0.00223906 -0.0042593 -0.00152035 0.000288187
internal_weight=107555 102777 4778 3905 99817 1324 2960 1838 873 65115 34702 1254 1013 60911 12768 9709 7477 48143 15961 3059 12972 7871 6446 32182 1654 2232 1777 4700 2501 31537
internal_count=107555 102777 4778 3905 99817 1324 2960 1838 873 65115 34702 1254 1013 60911 12768 9709 7477 48143 15961 3059 12972 7871 6446 32182 1654 2232 1777 4700 2501 31537
is_linear=0
shrinkage=0.03


Tree=191
num_leaves=31
num_cat=0
split_feature=22 21 1 1 16 16 20 29 2 11 12 29 29 1 17 20 29 27 2 1 13 8 1 1 27 20 29 23 29 5
split_gain=434.719 194.233 57.6899 55.7555 52.6137 47.776 65.3139 62.1391 46.2772 44.0655 43.224 36.8671 36.0674 38.6567 51.28 35.614 32.5917 32.3845 32.1309 31.8827 30.8396 29.6723 75.5256 62.2217 106.719 60.9433 58.5821 62.909 127.122 50.9272
threshold=0.96043613326672084 1.840833333333334 16.650000000000002 7.7500000000000009 6.2250000000000005 15.565000000000003 2.2758359268324608 73.500000000000014 1.2000391398376598 6.9350000000000014 0.71500000000000008 31.500000000000004 19.500000000000004 29.950000000000003 11.055000000000001 4.5401220118236933 60.500000000000007 -0.30069434954884217 1.1008689552502509 22.950000000000003 2.8883333333333336 14.500000000000002 9.6500000000000004 18.850000000000005 0.13052122218260662 3.1779153279680332 35.500000000000007 3.8150000000000004 64.500000000000014 0.86560983019600746
decision_type=2 2 2 2 8 8 2 2 2 10 10 2 2 2 2 2 2 2 2 2 2 2 2 2 2 2 2 2 2 2
left_child=1 2 10 5 9 6 -2 8 -8 -3 -1 -5 13 14 -6 21 18 -18 -11 -20 -17 23 -23 24 -14 29 -26 28 -28 -25
right_child=3 4 -4 11 12 -7 7 -9 -10 16 -12 -13 15 -15 -16 20 17 -19 19 -21 -22 22 -24 25 26 -27 27 -29 -30 -31
leaf_value=-2.1922601693304364e-05 0.00011535296803433791 -2.0906547095872995e-05 -4.9939142832643429e-05 6.8722066153191754e-05 -0.0021800759431194728 0.00020546849568134018 -5.6944871269526405e-06 -0.00066609884743572983 0.00025538002144309902 -0.00055009729723164711 -1.6902971322120011e-05 3.7851672917605936e-05 9.4411345266478535e-05 2.2535505032394987e-05 1.6172831669897247e-05 -0.00060417583550779086 -0.00087036911401861547 0.0015428232132707724 -0.001455051392797513 -0.0026983114893503204 0.0033786582365720997 0.00044380065553265789 -6.8955812621950829e-05 3.5508955326900289e-05 -0.0023706663373130022 0.0023066327700232221 -0.0018231457291447283 2.2596980554161483e-05 -0.00022101863568597003 0.00070448802397711226
leaf_weight=440 1085 39694 1124 525 823 395 202 284 409 1081 1446 1880 14335 1606 353 307 601 566 1009 681 745 9159 10506 6396 689 1586 2038 3420 3846 457
leaf_count=440 1085 39694 1124 525 823 395 202 284 409 1081 1446 1880 14335 1606 353 307 601 566 1009 681 745 9159 10506 6396 689 1586 2038 3420 3846 457
internal_value=-8.69137e-05 -0.000497896 -0.008 0.00875235 -0.000271463 0.0120126 0.0100655 0.00403333 0.00939935 -0.00105323 -0.0112004 0.00551452 0.000334808 -0.00299247 -0.00711262 0.000508142 -0.00407811 0.000127986 -0.00584654 -0.00842478 0.00596026 0.000398192 0.00131927 -0.000154705 -0.00092467 0.00206419 -0.00330366 -0.00267483 -0.00455425 0.000835521
internal_weight=107688 102908 3010 4780 99898 2375 1980 895 611 43632 1886 2405 56266 2782 1176 53484 3938 1167 2771 1690 1052 52432 19665 32767 24328 8439 9993 9304 5884 6853
internal_count=107688 102908 3010 4780 99898 2375 1980 895 611 43632 1886 2405 56266 2782 1176 53484 3938 1167 2771 1690 1052 52432 19665 32767 24328 8439 9993 9304 5884 6853
is_linear=0
shrinkage=0.03


Tree=192
num_leaves=31
num_cat=0
split_feature=22 21 10 10 1 28 14 12 11 29 16 20 12 29 13 28 1 8 8 23 21 5 11 29 1 10 29 8 8 28
split_gain=419.72 193.624 78.2682 85.7439 66.3682 57.1096 52.6655 50.6932 49.9375 47.8721 40.1995 43.7363 39.6179 43.6652 39.0837 41.3648 37.9765 38.8255 35.7439 32.6224 34.191 39.3272 33.9513 34.9888 43.1965 104.124 65.7849 64.201 61.3718 51.9525
threshold=0.96043613326672084 2.2120833333333336 11.500000000000002 5.5000000000000009 16.450000000000003 940.6500000000002 0.55012119876744736 11.965000000000002 9.8450000000000006 75.500000000000014 14.655000000000003 2.3864818945807795 10.095000000000001 19.500000000000004 1.9333333333333342 961.35000000000002 -0.34999999999999992 10.500000000000002 13.500000000000002 7.6250000000000009 8.2437500000000021 0.75400934881027826 3.7650000000000001 13.500000000000002 30.050000000000004 6.5000000000000009 43.500000000000007 7.5000000000000009 1.5000000000000002 943.55000000000007
decision_type=2 2 2 2 2 2 2 10 10 2 10 2 8 2 2 2 2 2 2 2 2 2 8 2 2 2 2 2 2 2
left_child=1 4 3 6 14 -6 -2 -8 -4 10 11 -5 19 -14 15 18 17 -17 -1 20 21 22 -3 -24 26 -26 27 28 -25 -27
right_child=2 12 8 9 5 -7 7 -9 -10 -11 -12 -13 13 -15 -16 16 -18 -19 -20 -21 -22 -23 23 24 25 29 -28 -29 -30 -31
leaf_value=-2.1969085687028019e-05 8.4066721092491685e-05 1.2991489849023609e-05 0.00021280713134947283 4.8936048956960129e-05 -0.00021926097557253851 -1.10840524678368e-05 -3.0402717962384472e-05 0.00010265015553075462 0.00027348632882605691 -4.8084467973050769e-05 -1.4603934046694133e-05 -1.0800064868424775e-05 -0.0020568610710376455 0.00017741418830843791 -1.6116601903670337e-05 -2.7757635997372605e-07 0.00010985073006659537 -2.2447804658151539e-05 -1.6559059490496454e-05 -0.00020382759622705971 0.00012264677911671739 -0.0033584266170441279 -0.00092347284141400059 -0.00013565477478421405 0.0020198625861615428 0.00050652279397719532 -5.2785700288683206e-05 -0.00033022833379864059 -0.00092433505148704919 -0.00087380780752454874
leaf_weight=1226 1068 29414 208 520 225 2346 385 1138 647 291 215 297 353 5727 769 303 372 269 488 1520 17809 313 760 895 1289 1378 26199 8441 1249 1377
leaf_count=1226 1068 29414 208 520 225 2346 385 1138 647 291 215 297 353 5727 769 303 372 269 488 1520 17809 313 760 895 1289 1378 26199 8441 1249 1377
internal_value=-5.49788e-05 -0.000459081 0.00864055 0.00682827 -0.00568716 -0.00203804 0.00999615 0.00638089 0.0168488 0.00060994 0.00364513 0.00667883 -0.000134603 0.00220871 -0.00841783 -0.0101389 -0.00505796 -0.00987868 -0.0129145 -0.000291895 -0.000217438 -0.000511077 -0.000463898 -0.00101556 -0.000896334 0.00204495 -0.00121993 -0.0032153 -0.00784551 -0.00125
internal_weight=107491 102722 4769 3914 5998 2571 2591 1523 855 1323 1032 817 96724 6080 3427 2658 944 572 1714 90644 89124 71315 71002 41588 40828 4044 36784 10585 2144 2755
internal_count=107491 102722 4769 3914 5998 2571 2591 1523 855 1323 1032 817 96724 6080 3427 2658 944 572 1714 90644 89124 71315 71002 41588 40828 4044 36784 10585 2144 2755
is_linear=0
shrinkage=0.03


Tree=193
num_leaves=31
num_cat=0
split_feature=21 21 10 9 10 1 11 18 8 9 9 9 28 21 28 18 1 1 17 28 5 1 23 10 1 26 18 28 9 2
split_gain=373.515 172.06 73.8456 70.7566 65.2819 57.9375 55.1151 50.6755 44.1729 37.7336 36.5284 34.2493 32.5828 31.9422 50.8204 41.5985 49.1874 47.7141 44.7409 35.9242 41.7147 43.5716 35.5047 41.5107 35.1888 76.5967 70.8364 63.9166 46.9319 48.4103
threshold=11.906666666666668 1.840833333333334 11.500000000000002 3.5000000000000004 3.5000000000000004 16.650000000000002 10.265000000000002 10.475000000000003 19.500000000000004 1.0000000180025095e-35 5.5000000000000009 4.5000000000000009 954.35000000000002 5.901250000000001 976.55000000000007 4.2550000000000008 38.050000000000004 22.650000000000002 3.0950000000000002 949.35000000000002 0.024457239057598661 12.450000000000001 1.6150000000000004 11.500000000000002 -1.0000000180025095e-35 0.97988739209073494 8.4350000000000005 953.95000000000016 1.5000000000000002 1.2448032254162646
decision_type=2 2 2 2 2 2 10 10 2 2 2 2 2 2 2 10 2 2 2 2 2 2 2 2 2 2 10 2 2 2
left_child=1 5 4 6 8 -1 -4 -6 12 -9 11 -11 -2 15 24 16 17 18 -3 20 -20 -22 23 -21 25 -15 27 -27 -29 -30
right_child=2 13 3 -5 7 -7 -8 9 -10 10 -12 -13 -14 14 -16 -17 -18 -19 19 22 21 -23 -24 -25 -26 26 -28 28 29 -31
leaf_value=-1.7918224886308025e-05 4.1387745651728644e-05 2.8448689088453049e-05 -0.00032516000588301061 0.00040469627648780982 -5.3113393657651105e-05 -3.5006304331758609e-05 0.0002224509878787123 -0.00034585134662028282 -1.7334543146736436e-05 4.1847604310920601e-05 -2.9384278658659002e-05 0.00017745415070849702 9.3685755445959689e-05 -0.00079086266405215206 0.0021228133731572328 -0.00024628560601650949 -0.0005009397147689819 0.00015036680049628493 -0.00026863875226645017 -5.0371692658436427e-06 0.00068464203958983592 -0.00031139607539699575 -0.00014614888163640155 0.00044558493592258917 0.00010133635738896362 -0.0024192394144027496 0.00039047541329853552 -0.0010519626601032314 0.00067400765999911408 0.0038727265433583223
leaf_weight=1858 485 7194 200 422 255 1130 380 246 283 1951 368 465 1096 6145 208 14811 231 10639 485 6136 355 2200 6808 836 38445 231 790 906 1883 340
leaf_count=1858 485 7194 200 422 255 1130 380 246 283 1951 368 465 1096 6145 208 14811 231 10639 485 6136 355 2200 6808 836 38445 231 790 906 1883 340
internal_value=-1.66996e-05 -0.000451316 0.00715887 0.0145978 0.00569849 -0.00753759 0.00769231 0.0031459 0.0101766 0.00423064 0.00522768 0.00656753 0.0121248 -0.000236295 0.000307642 -0.000772032 -0.000206369 -0.000113394 -0.000854324 -0.00170104 -0.00465025 -0.00310547 -0.00104897 0.000455783 0.000243717 -0.00131359 0.00183394 -7.13224e-05 0.00106254 0.00340664
internal_weight=107782 101631 6151 1002 5149 2988 580 3285 1864 3030 2784 2416 1581 98643 48948 49695 34884 34653 24014 16820 3040 2555 13780 6972 48740 10295 4150 3360 3129 2223
internal_count=107782 101631 6151 1002 5149 2988 580 3285 1864 3030 2784 2416 1581 98643 48948 49695 34884 34653 24014 16820 3040 2555 13780 6972 48740 10295 4150 3360 3129 2223
is_linear=0
shrinkage=0.03


Tree=194
num_leaves=31
num_cat=0
split_feature=22 21 10 10 9 1 29 12 28 23 28 9 29 1 19 1 8 26 26 28 9 28 28 28 9 2 10 28 8 8
split_gain=374.669 159.24 75.2417 70.8932 64.1274 59.4255 57.2204 46.7017 45.4822 41.4927 36.7293 35.189 34.9912 44.0606 67.3043 87.2687 78.9606 55.9451 54.0536 40.1782 39.5689 75.6153 55.4863 55.0789 51.2976 92.7867 82.8194 178.605 62.8779 50.417
threshold=0.96043613326672084 2.2120833333333336 11.500000000000002 5.5000000000000009 3.5000000000000004 16.650000000000002 74.500000000000014 6.2550000000000008 976.55000000000007 0.77000000000000013 940.6500000000002 1.5000000000000002 62.500000000000007 4.4500000000000011 4.2662500000000012 -1.4499999999999997 12.500000000000002 0.80382625221112025 0.90992662233962551 958.1500000000002 4.5000000000000009 955.05000000000007 962.85000000000002 953.25000000000011 1.5000000000000002 1.2552081163461957 10.500000000000002 961.1500000000002 15.500000000000002 6.5000000000000009
decision_type=2 2 2 2 2 2 2 8 2 2 2 2 2 2 2 2 2 2 2 2 2 2 2 2 2 2 2 2 2 2
left_child=1 5 3 -2 11 9 -5 12 -9 -1 -7 -4 13 14 15 -3 18 -18 -16 -19 24 23 -23 -22 26 -26 29 28 -28 -14
right_child=2 7 4 6 -6 10 -8 8 -10 -11 -12 -13 20 -15 16 -17 17 19 -20 -21 21 22 -24 -25 25 -27 27 -29 -30 -31
leaf_value=-1.6813748550880362e-05 6.3565838191335098e-05 0.00021333416867935464 0.00027492767502151016 2.8972850998423283e-05 0.00036717068741065839 -0.00020076696001976121 -4.6305492301798588e-05 7.4731101794133222e-05 0.00066253850736899876 -1.7629254711172218e-05 -9.1414618346275132e-06 -5.397056625164875e-06 0.00040701831705590956 -6.5055153839081996e-05 -0.0022351019337093305 -0.00010249379893250499 -0.0016191914056783107 -0.0016794256737109388 -0.00083778738211373312 0.0012564902839376185 -3.5109522504631202e-05 -0.0003391674087404089 3.0787369757859681e-05 0.00088549820879040713 0.00025948725302028054 -0.00073770015147344434 -0.00088202905256720807 0.00086432229154271862 -0.00030795176883890855 -8.8567857878753869e-05
leaf_weight=1067 2590 493 261 1000 398 208 318 36414 213 2390 2321 215 2532 31968 479 902 362 343 889 525 2175 2815 1376 777 9726 202 579 804 394 2870
leaf_count=1067 2590 493 261 1000 398 208 318 36414 213 2390 2321 215 2532 31968 479 902 362 343 889 525 2175 2815 1376 777 9726 202 579 804 394 2870
internal_value=3.0666e-05 -0.000351263 0.0082348 0.00644007 0.0161775 -0.00509765 0.000770975 -5.7619e-05 0.000787017 -0.00765165 -0.00159826 0.00860707 -0.000571443 -0.00116527 -0.00413457 0.00117857 -0.00698425 -0.00145749 -0.0119301 0.00268041 0.000309215 -0.00156547 -0.00415396 0.00211025 0.00109222 0.00248867 -0.000839365 -0.00644781 -0.0150613 0.0010098
internal_weight=107606 102824 4782 3908 874 5986 1318 96838 36627 3457 2529 476 60211 35961 3993 1395 2598 1230 1368 868 24250 7143 4191 2952 17107 9928 7179 1777 973 5402
internal_count=107606 102824 4782 3908 874 5986 1318 96838 36627 3457 2529 476 60211 35961 3993 1395 2598 1230 1368 868 24250 7143 4191 2952 17107 9928 7179 1777 973 5402
is_linear=0
shrinkage=0.03


Tree=195
num_leaves=31
num_cat=0
split_feature=22 21 10 10 9 14 29 16 25 26 2 29 10 18 12 18 16 29 9 10 11 28 12 9 29 24 9 26 2 28
split_gain=337.038 160.402 57.9054 68.8184 67.5839 50.2158 47.7121 42.3214 41.209 55.2782 67.0844 65.4182 51.6877 87.1665 67.2125 63.4895 42.1853 41.1379 61.2167 42.1552 40.6059 40.5594 39.9613 37.989 37.9379 36.8637 36.6851 52.0693 49.1779 39.7768
threshold=0.96043613326672084 1.840833333333334 11.500000000000002 5.5000000000000009 3.5000000000000004 0.55012119876744736 76.500000000000014 7.3050000000000006 2.1209746704191974 0.84335933205092517 1.2401305403063472 85.500000000000014 9.5000000000000018 7.9450000000000012 6.285000000000001 7.9850000000000012 7.745000000000001 19.500000000000004 3.5000000000000004 7.5000000000000009 10.955000000000002 948.95000000000016 13.625000000000002 3.5000000000000004 66.500000000000014 3.1500000000000008 5.5000000000000009 0.91702515554752073 1.2585553382323449 942.75000000000011
decision_type=2 2 2 2 2 2 2 8 2 2 2 2 2 10 10 10 10 2 2 2 10 2 10 2 2 2 2 2 2 2
left_child=1 -1 3 5 20 -2 23 26 17 -10 11 12 13 14 -11 16 -14 18 19 -9 -4 -16 -7 -5 -15 -18 28 29 -3 -28
right_child=2 7 4 6 -6 22 -8 8 9 10 -12 -13 15 24 21 -17 25 -19 -20 -21 -22 -23 -24 -25 -26 -27 27 -29 -30 -31
leaf_value=-1.8009732628418028e-05 7.6002337976197601e-05 -3.2662069703050399e-05 -0.00020045889158329055 3.8197835699085298e-05 0.00035327340570832423 1.0290932561540788e-06 -5.1725049188722225e-05 0.00056678197037565356 0.00095238571261442302 -0.00057867493423504539 0.0008814982092090394 0.0026309639997934564 0.00022241835701690096 -0.0033726589694968046 -0.0006945465099550041 0.00018929806696311557 -0.002187061962699736 0.00013059696064744996 -0.0027367710121931005 -0.0010356009560465917 0.00021992747176965253 0.0036529631960770022 0.00012681025596061212 -1.0107773899273863e-05 0.00033826835315938994 -0.0022164884786300808 -0.0003666448517912447 -0.0001748825778906355 -0.00015815173862160858 0.00033751521492564882
leaf_weight=3031 1088 45874 229 637 400 729 256 874 2169 2226 557 333 223 889 357 972 445 32663 797 260 258 1098 816 385 221 2001 674 1605 227 5141
leaf_count=3031 1088 45874 229 637 400 729 256 874 2169 2226 557 333 223 889 357 972 445 32663 797 260 258 1098 816 385 221 2001 674 1605 227 5141
internal_value=-4.71891e-05 -0.000410651 0.00772017 0.00613636 0.01463 0.00890447 0.000420889 -0.000203592 0.00046279 -0.00109342 -0.00209714 -0.00274002 -0.00325708 -0.00120726 0.00101736 -0.00594899 -0.00833583 0.000979797 -0.00326963 0.00121159 0.0070122 0.00602055 0.0054 0.00333009 -0.00855605 -0.00947368 -0.000777379 0.0011798 -0.00109248 0.0025
internal_weight=107435 102637 4798 3911 887 2633 1278 99606 46085 11491 9322 8765 8432 4791 3681 3641 2669 34594 1931 1134 487 1455 1545 1022 1110 2446 53521 7420 46101 5815
internal_count=107435 102637 4798 3911 887 2633 1278 99606 46085 11491 9322 8765 8432 4791 3681 3641 2669 34594 1931 1134 487 1455 1545 1022 1110 2446 53521 7420 46101 5815
is_linear=0
shrinkage=0.03


Tree=196
num_leaves=31
num_cat=0
split_feature=22 21 1 10 9 10 14 13 20 16 12 28 23 12 4 28 28 8 8 19 9 5 24 12 4 28 22 16 12 8
split_gain=327.365 135.173 55.661 54.8852 68.5139 52.0117 54.6827 51.0626 50.5531 46.4416 51.0302 44.466 42.9963 39.3037 39.7924 38.3351 38.2132 67.8698 36.3552 34.352 32.5254 37.5196 32.1553 30.3973 34.0684 43.626 42.5481 37.8713 30.2742 28.8088
threshold=0.96043613326672084 2.2120833333333336 16.450000000000003 11.500000000000002 3.5000000000000004 5.5000000000000009 0.55012119876744736 1.9700000000000004 2.2758359268324608 14.905000000000003 12.665000000000001 940.6500000000002 7.7750000000000012 6.3250000000000011 0.3419412778748912 976.55000000000007 961.05000000000007 10.500000000000002 13.500000000000002 2.3287500000000008 5.5000000000000009 0.96905399901439149 1.7500000000000002 5.1750000000000007 0.1163427315572481 966.45000000000016 0.19604716213792356 0.55500000000000005 1.8250000000000004 5.5000000000000009
decision_type=2 2 2 2 2 2 2 2 2 10 10 2 2 8 2 2 2 2 2 2 2 2 2 10 2 2 2 10 10 2
left_child=1 2 7 5 8 6 -2 16 -5 10 -7 -4 -8 14 19 -15 18 29 28 22 21 -14 -3 -21 26 27 -25 -26 -1 -18
right_child=3 13 11 4 -6 9 12 -9 -10 -11 -12 -13 20 15 -16 -17 17 -19 -20 23 -22 -23 -24 24 25 -27 -28 -29 -30 -31
leaf_value=-2.0042791284187231e-05 7.203404965343552e-05 0.00052881413442471676 -0.00019192011639706974 0.00026438131337764735 0.00031449378194708943 -5.6041525114863823e-06 -0.00069170428943720382 -1.4076626170974119e-06 -1.9478576721713157e-05 -1.8680492969075368e-05 5.065902091418439e-05 -4.9435755913755478e-06 4.1143618086731945e-05 6.1869391920461593e-05 -0.0010048590154037584 0.000960662529416636 -1.4759276601569449e-05 -2.0870490245347669e-05 -1.4397679013841511e-05 -5.020169042226442e-05 -1.3498646527800862e-05 0.00023791275539298827 2.6009062517485039e-05 0.00027039731779908562 0.0018553034598106071 0.0041656055221507829 0.0038398473506510819 -0.00012015579647484484 -1.6208797269012495e-05 6.5624798545822236e-06
leaf_weight=953 1073 334 226 201 409 518 217 717 287 232 556 2344 800 35459 3987 201 239 546 478 43509 208 303 2433 1065 342 289 479 8770 231 232
leaf_count=953 1073 334 226 201 409 518 217 717 287 232 556 2344 800 35459 3987 201 239 546 478 43509 208 303 2433 1065 342 289 479 8770 231 232
internal_value=-6.46582e-05 -0.000422408 -0.00480322 0.00758578 0.0142683 0.00603528 0.00848427 -0.00732138 0.00657201 0.00114416 0.00378128 -0.00146796 0.00481409 -0.000152364 -0.000613595 0.000639282 -0.00922131 -0.00460861 -0.0120216 -0.000411526 0.0068617 0.00890794 0.00284632 -0.000577315 0.000835616 0.000156283 0.00495804 -0.000210596 -0.014836 0.00371849
internal_weight=107638 102834 5966 4804 897 3907 2601 3396 488 1306 1074 2570 1528 96868 61208 35660 2679 1017 1662 57221 1311 1103 2767 54454 10945 9401 1544 9112 1184 471
internal_count=107638 102834 5966 4804 897 3907 2601 3396 488 1306 1074 2570 1528 96868 61208 35660 2679 1017 1662 57221 1311 1103 2767 54454 10945 9401 1544 9112 1184 471
is_linear=0
shrinkage=0.03


Tree=197
num_leaves=31
num_cat=0
split_feature=22 22 26 5 5 1 25 16 23 28 29 8 27 25 1 28 27 1 29 25 29 8 1 11 28 15 23 6 8 28
split_gain=288.819 115.305 49.9736 48.5218 47.6626 43.5942 41.5578 38.7931 48.1874 51.6085 56.7836 59.2577 50.907 57.1548 49.7405 49.2166 47.0252 48.3965 44.8183 49.7354 44.5313 53.6737 47.4374 42.2017 65.3196 42.1043 39.3662 35.7153 52.3074 36.1829
threshold=0.96043613326672084 0.02346721918595138 0.94828754594723541 0.97000190646071449 0.029912774103462648 2.0500000000000003 1.3914110070257613 7.3050000000000006 3.2250000000000005 960.55000000000007 40.500000000000007 13.500000000000002 0.11319890333640049 1.5644666534731846 0.8500000000000002 963.25000000000011 0.18222858652173771 12.250000000000002 78.500000000000014 1.8312038051714892 61.500000000000007 14.500000000000002 4.4500000000000011 6.7750000000000012 962.95000000000016 -0.060000000000000268 0.39500000000000007 2.5000000000000004 10.500000000000002 949.6500000000002
decision_type=2 2 2 2 2 2 2 8 2 2 2 2 2 2 2 2 2 2 2 2 2 2 2 10 2 10 2 2 2 2
left_child=1 4 3 6 27 -4 -2 23 16 -10 -11 12 14 15 18 -14 -9 20 19 -12 21 -18 -22 26 -25 -23 -3 28 -1 -30
right_child=2 7 5 -5 -6 -7 -8 8 9 10 11 -13 13 -15 -16 -17 17 -19 -20 -21 22 25 -24 24 -26 -27 -28 -29 29 -31
leaf_value=-1.5583628218920359e-05 4.8640890508238054e-05 -1.5256033701073444e-05 0.00027654321002198166 0.00023624449425447278 5.3843739981694959e-06 2.1938943000604506e-05 2.8487922636933891e-05 6.6884929542568303e-05 5.208626323840004e-05 -0.00026603239176081094 -0.001878929199082534 0.00053392793995392428 -0.00012375345143128213 -0.0016872934358197033 0.00069693321785009642 0.00026734716482902486 -0.0020048520925149611 0.00035840341623576908 0.001592059147003666 0.00036011442265005019 -4.6282512829532558e-05 0.00091759859289594289 -0.0021254522330283652 -0.00061393299565460019 -0.003449532976266378 -0.0020790942138957831 -1.1544839361180697e-05 -7.5907306631744879e-06 -0.0001503482067755299 -1.940993040130413e-05
leaf_weight=1086 827 941 626 209 750 584 2551 10433 23227 306 364 2443 399 710 589 388 868 1474 549 294 2898 345 646 6587 380 244 45407 483 236 597
leaf_count=1086 827 941 626 209 750 584 2551 10433 23227 306 364 2443 399 710 589 388 868 1474 549 294 2898 345 646 6587 380 244 45407 483 236 597
internal_value=-6.28223e-05 -0.000399225 0.00712828 0.00533686 -0.00604371 0.0123951 0.00445167 -0.000220107 0.000416396 0.0011529 0.00362163 0.00429542 0.00166465 -0.00241678 0.00506385 0.00314394 -0.000858511 -0.00286574 0.00155941 -0.00371041 -0.00427287 -0.00867989 -0.00245139 -0.00077138 -0.0029475 -0.00166667 -0.000443984 -0.00810137 -0.00993243 -0.0155728
internal_weight=107441 102644 4797 3587 3152 1210 3378 99492 46177 29269 6042 5736 3293 1497 1796 787 16908 6475 1207 658 5001 1457 3544 53315 6967 589 46348 2402 1919 833
internal_count=107441 102644 4797 3587 3152 1210 3378 99492 46177 29269 6042 5736 3293 1497 1796 787 16908 6475 1207 658 5001 1457 3544 53315 6967 589 46348 2402 1919 833
is_linear=0
shrinkage=0.03


Tree=198
num_leaves=31
num_cat=0
split_feature=22 21 10 9 10 23 16 12 12 9 20 8 0 12 8 1 20 13 17 9 13 19 8 14 27 27 8 25 9 28
split_gain=306.342 145.499 54.4454 66.5134 59.8635 49.2925 47.4996 47.446 42.7244 38.4127 37.6114 36.7696 36.5306 48.886 37.9587 51.197 35.032 33.3087 47.3935 40.4928 32.9565 32.9314 32.0331 36.7987 31.2296 31.2054 31.6124 33.5099 31.0538 29.3254
threshold=0.96043613326672084 2.2120833333333336 11.500000000000002 3.5000000000000004 5.5000000000000009 0.39500000000000007 14.905000000000003 12.665000000000001 6.2550000000000008 2.5000000000000004 2.2758359268324608 20.500000000000004 7.745000000000001 8.0750000000000011 20.500000000000004 17.650000000000002 3.914473144438678 1.9333333333333342 1.2650000000000003 2.5000000000000004 4.6316666666666686 2.5662500000000006 3.5000000000000004 0.3594903800289177 0.087155742747658027 0.2334364749717662 5.5000000000000009 1.2245289670570727 4.5000000000000009 954.6500000000002
decision_type=2 2 2 2 2 2 10 10 8 2 2 2 2 10 2 2 2 2 2 2 2 2 2 2 2 2 2 2 2 2
left_child=1 5 4 10 11 -1 7 -6 16 -9 -4 22 -10 14 -14 -16 21 18 -7 -20 28 -3 -2 29 -22 -15 -27 -28 -18 -24
right_child=2 8 3 -5 6 17 -8 9 12 -11 -12 -13 13 25 15 -17 20 -19 19 -21 24 -23 23 -25 -26 26 27 -29 -30 -31
leaf_value=-1.4270509253704651e-05 4.3629837877351416e-05 2.2864984142004601e-05 0.00026765451947986183 0.00031735601161908989 -5.3693015878530921e-06 -2.6635090919275104e-05 -1.965822081396007e-05 -2.3966522538955702e-05 0.00045646283097857646 5.8382841482369493e-05 -2.5468726463506727e-06 -5.7608851771939749e-06 -0.00087389223990175561 8.0884264342230282e-05 0.002709475014399206 -0.0014894736253840029 -0.00015201742946434609 -1.020079187276356e-05 2.2004206500535887e-06 -1.8854594324387148e-05 0.0071716074623040813 -8.7275505930017384e-05 4.546238663004631e-05 5.5258927484757024e-05 6.9187208064496188e-05 -0.0032509282432258324 -0.00013633221766246818 2.4611104956508977e-05 0.0020994422752495245 0.00033855775168958988
leaf_weight=589 375 5232 207 401 535 1091 236 206 16212 365 281 351 3958 13291 351 348 1744 1619 1200 1488 322 51951 205 1316 250 203 684 1541 733 342
leaf_count=589 375 5232 207 401 535 1091 236 206 16212 365 281 351 3958 13291 351 348 1744 1619 1200 1488 322 51951 205 1316 250 203 684 1541 733 342
internal_value=-8.83566e-05 -0.000435066 0.00729948 0.0139933 0.00576982 -0.00497163 0.000623608 0.00324032 -0.000154299 0.00921875 0.0064503 0.00843099 0.000654223 -0.000191355 -0.00288932 0.00353693 -0.00064545 -0.00406441 -0.00560518 -0.0034534 0.00248527 -0.000812583 0.00984396 0.0114507 0.00894281 0.000608624 -0.00251541 -0.00146637 0.000979049 0.0179891
internal_weight=107627 102807 4820 889 3931 5987 1342 1106 96820 571 488 2589 36588 20376 4657 699 60232 5398 3779 2688 3049 57183 2238 1863 572 15719 2428 2225 2477 547
internal_count=107627 102807 4820 889 3931 5987 1342 1106 96820 571 488 2589 36588 20376 4657 699 60232 5398 3779 2688 3049 57183 2238 1863 572 15719 2428 2225 2477 547
is_linear=0
shrinkage=0.03


Tree=199
num_leaves=31
num_cat=0
split_feature=21 21 1 9 1 28 9 29 8 1 26 25 27 24 25 9 16 19 29 16 20 13 28 17 9 15 2 29 24 25
split_gain=248.399 159.791 57.387 66.8676 55.0612 54.7261 43.7814 43.086 39.6957 51.8491 57.8616 91.6721 52.2794 76.8276 50.7587 44.227 66.7505 55.9405 48.8662 50.0697 44.1478 55.5399 43.342 69.1548 41.9823 40.5852 39.8966 81.0383 59.4418 56.1906
threshold=11.906666666666668 2.2120833333333336 3.8500000000000001 3.5000000000000004 16.650000000000002 955.75000000000011 2.5000000000000004 69.500000000000014 14.500000000000002 9.6500000000000004 0.84335933205092517 1.9048996399039746 0.06104621499353461 4.0500000000000007 2.8200719424460439 1.5000000000000002 13.565000000000003 7.4212500000000015 53.500000000000007 8.8150000000000031 0.91041657113554364 5.3016666666666685 955.85000000000002 12.855000000000002 4.5000000000000009 0.12000000000000056 1.0979420851508812 50.500000000000007 14.350000000000003 2.0634046585864638
decision_type=2 2 2 2 2 2 2 2 2 2 2 2 2 2 2 2 8 2 2 10 2 2 2 2 2 10 2 2 2 2
left_child=1 4 3 5 -1 -2 -7 -5 26 12 14 20 22 25 -11 18 17 -17 -15 -20 21 -12 -10 24 -24 -14 29 28 -28 -3
right_child=2 8 -4 7 -6 6 -8 -9 9 10 11 -13 13 15 -16 16 -18 -19 19 -21 -22 -23 23 -25 -26 -27 27 -29 -30 -31
leaf_value=-1.4739604448383378e-05 0.00022517669771111637 0.00042887588664181309 2.7966083047107348e-05 0.00031660389720868651 -3.103096027925533e-05 3.6722935961074342e-05 -0.0052226891640171141 0.00018497493681805143 0.00069231615585898295 5.6024194335428932e-05 -0.00015774163325708515 -0.00099818847063105399 0.00019247829518362396 -0.00044220614922250046 0.0041363765683092336 0.0017936030102566544 0.003583280471960092 1.6744680802424084e-05 0.00011232913293087731 0.004766025174314654 -0.00027649660028056342 0.0024052752570041312 -0.00010321215746826206 -0.0058655464477790926 0.00086055985291532994 -0.0002772269331989562 -0.00019788285092363854 -3.278792739718709e-06 0.00040721239101201623 -0.00081467612215929187
leaf_weight=3422 330 5303 3834 726 2538 740 205 346 1585 17555 369 1903 1337 205 261 1171 250 1891 209 733 2621 426 3320 204 1218 957 16576 36636 363 287
leaf_count=3422 330 5303 3834 726 2538 740 205 346 1585 17555 369 1903 1337 205 261 1171 250 1891 209 733 2621 426 3320 204 1218 957 16576 36636 363 287
internal_value=-5.04994e-05 -0.000406729 0.00578565 0.00947704 -0.00517016 0.00480469 0.00110526 0.0149861 -0.000108822 0.000673385 -0.000180207 -0.00292449 0.00218265 0.00401746 0.000639695 0.00631048 0.00454025 0.00330616 0.0113802 0.0142555 1.75387e-05 0.0061875 0.000222678 -0.0012134 -0.000435835 -0.000443671 -0.000587629 -0.000839306 -0.00255489 0.00182306
internal_weight=107521 101340 6181 2347 5960 1275 945 1072 95380 36215 23135 5319 13080 6753 17816 4459 3312 3062 1147 942 3416 795 6327 4742 4538 2294 59165 53575 16939 5590
internal_count=107521 101340 6181 2347 5960 1275 945 1072 95380 36215 23135 5319 13080 6753 17816 4459 3312 3062 1147 942 3416 795 6327 4742 4538 2294 59165 53575 16939 5590
is_linear=0
shrinkage=0.03


Tree=200
num_leaves=31
num_cat=0
split_feature=22 10 19 17 12 1 25 20 27 1 1 12 2 3 1 10 18 27 1 28 28 18 4 17 10 28 3 23 17 29
split_gain=251.969 97.0084 94.6582 52.5998 50.715 48.3043 48.169 46.2553 43.058 74.0336 51.1858 40.8708 34.5729 35.6618 40.3012 52.4694 80.8968 47.6 40.0393 36.4092 54.212 35.5054 36.6642 34.3377 33.2948 56.4772 32.5851 34.7289 34.4128 33.225
threshold=0.96043613326672084 11.500000000000002 1.6487500000000004 15.595000000000001 6.4150000000000009 16.250000000000004 1.4047921198936431 2.2758359268324608 0.06104621499353461 -0.54999999999999993 1.0000000180025095e-35 0.71500000000000008 1.2401305403063472 7.4690058955758856 -3.9499999999999997 6.5000000000000009 8.6250000000000018 -0.043617726472722392 -0.84999999999999998 954.25000000000011 958.55000000000007 8.0350000000000019 0.61594184760506565 3.2150000000000003 4.5000000000000009 951.85000000000002 6.3560175619131103 0.39500000000000007 6.4350000000000014 35.500000000000007
decision_type=2 2 2 2 8 2 2 2 2 2 2 10 2 2 2 2 10 2 2 2 2 8 2 2 2 2 2 2 2 2
left_child=2 6 5 7 26 11 24 -3 10 -10 -8 -1 13 14 -6 17 18 19 -17 -16 -21 23 -23 -15 -2 -26 27 28 -4 -29
right_child=1 3 4 -5 12 -7 8 -9 9 -11 -12 -13 -14 21 15 16 -18 -19 -20 20 -22 22 -24 -25 25 -27 -28 29 -30 -31
leaf_value=-1.7847351192811049e-05 4.4032163101950234e-05 0.00028519939766526446 -1.7309421621444829e-05 0.00023409362248085375 -0.0026793456950731302 -2.2155361768523901e-05 -0.00033940146617975287 -1.5681966054725827e-05 0.00050664684500591585 1.3222774648137259e-05 2.7127100555693895e-05 -1.2929754007466858e-05 0.00067078528891950423 0.0028805325860620061 0.0013715710532391878 -0.0029320911251886532 0.0024526110239948737 0.0016672401905515543 -6.1024457535291118e-05 -0.0022482884373659405 0.0037818410333446671 0.00097877553949826494 1.2685195396408554e-06 -0.000844142103715112 0.00017242424120055556 -1.0616560584066903e-05 -0.00098974151052022997 -0.00011427603107626881 9.7048087511069703e-05 -1.6688525380136563e-06
leaf_weight=371 763 239 789 436 540 1300 225 220 217 483 1785 1335 1217 217 1253 239 645 3722 5686 523 285 944 16658 2891 232 257 4219 12557 246 47311
leaf_count=371 763 239 789 436 540 1300 225 220 217 483 1785 1335 1217 217 1253 239 645 3722 5686 523 285 944 16658 2891 232 257 4219 12557 246 47311
internal_value=-3.61748e-06 0.00667009 -0.000318786 0.0155667 -0.000160885 -0.00555961 0.00464331 0.00834052 0.00238674 0.00876596 0.000148883 -0.008872 0.000763245 0.000582897 0.00182121 0.00217268 0.000337643 0.00425536 -0.000763912 0.000595353 -0.00435424 -0.000188269 0.000333958 -0.00314166 0.00949881 0.00334008 -0.000655028 -0.000478262 -0.00591346 -0.000383812
internal_weight=107805 4857 102948 895 99942 3006 3962 459 2710 700 2010 1706 34820 33603 12893 12353 6570 5783 5925 2061 808 20710 17602 3108 1252 489 65122 60903 1035 59868
internal_count=107805 4857 102948 895 99942 3006 3962 459 2710 700 2010 1706 34820 33603 12893 12353 6570 5783 5925 2061 808 20710 17602 3108 1252 489 65122 60903 1035 59868
is_linear=0
shrinkage=0.03


Tree=201
num_leaves=31
num_cat=0
split_feature=22 16 12 1 28 13 16 20 25 20 22 28 17 16 13 1 11 29 29 1 17 16 17 25 14 20 28 9 25 1
split_gain=295.814 91.4173 67.0477 61.7849 60.8193 54.3223 52.262 42.394 46.9294 35.3021 35.0799 57.4413 41.7524 33.6214 33.2709 31.9215 53.6777 48.1586 46.6338 48.9604 63.1195 61.3101 47.2095 46.784 43.6601 42.7483 40.8659 61.7009 50.2346 42.3016
threshold=0.96043613326672084 3.7250000000000005 1.5850000000000002 4.8500000000000005 955.25000000000011 14.298333333333337 15.215000000000002 2.3614737609319829 1.5715309046254609 0.35552191289974344 0.098650702949978838 959.05000000000007 7.9150000000000009 13.255000000000001 0.7266666666666669 1.0000000180025095e-35 10.955000000000002 92.500000000000014 48.500000000000007 6.0500000000000007 10.835000000000003 7.0250000000000012 5.1550000000000011 1.8045283663704719 0.4550091574169986 4.7046992821781553 960.75000000000011 3.5000000000000004 1.3839474080771552 -2.1499999999999999
decision_type=2 8 10 2 2 2 8 2 2 2 2 2 2 10 2 2 10 2 2 2 2 8 2 2 2 2 2 2 2 2
left_child=1 2 9 6 -5 -6 7 13 -9 -1 12 -12 -4 -2 -3 16 17 26 19 20 21 -17 23 -21 -25 -20 29 -28 -29 -16
right_child=3 14 10 4 5 -7 -8 8 -10 -11 11 -13 -14 -15 15 18 -18 -19 25 22 -22 -23 -24 24 -26 -27 27 28 -30 -31
leaf_value=-3.5479088850784244e-05 9.9051976579759277e-05 0.00073998652705388988 -1.3938468206188166e-05 4.5408896929001187e-05 7.3222237122116951e-06 -3.2408842054454375e-05 0.00021543737534362894 -0.00096467662553416877 0.00010206249563305402 -1.5452655566272553e-05 -0.00044353183738517557 -0.0007781257884479834 0.00023068802807195725 0.00022327487229569008 -4.6723815795194635e-05 -0.00027787174834426872 -0.0019202743198043785 0.0035868232290266443 0.00015752758455363724 -7.6496710822116087e-05 4.355683362902152e-06 -0.0030531820616764758 5.3326435478052711e-05 -0.00087571137957958168 -0.00036514534583295108 0.0050985328652159712 -4.493538420955902e-05 -4.9918767160401427e-05 0.00098321950824889265 -0.00058802493660143446
leaf_weight=349 406 214 13863 2144 470 213 470 215 462 5532 3586 563 695 445 4449 334 355 231 30601 5617 812 424 21433 744 1569 534 4847 652 2046 3249
leaf_count=349 406 214 13863 2144 470 213 470 215 462 5532 3586 563 695 445 4449 334 355 231 30601 5617 812 424 21433 744 1569 534 4847 652 2046 3249
internal_value=-5.69149e-05 -0.000398134 -0.00199325 0.00719876 0.00433263 -0.00344477 0.0112332 0.00849315 0.00285924 -0.00478593 -0.00111426 -0.00354598 -0.000420243 0.0129322 0.000104076 7.12434e-05 -0.00113111 -0.000864397 0.000377942 -0.000447023 -0.0056 -0.0117955 -0.000170594 -0.00214745 -0.00573339 0.0011975 -0.00107227 0.000496689 0.00412875 -0.00260937
internal_weight=107524 102699 24588 4825 2827 683 1998 1528 677 5881 18707 4149 14558 851 78111 77897 15829 15474 62068 30933 1570 758 29363 7930 2313 31135 15243 7545 2698 7698
internal_count=107524 102699 24588 4825 2827 683 1998 1528 677 5881 18707 4149 14558 851 78111 77897 15829 15474 62068 30933 1570 758 29363 7930 2313 31135 15243 7545 2698 7698
is_linear=0
shrinkage=0.03


Tree=202
num_leaves=31
num_cat=0
split_feature=22 21 10 20 3 21 10 26 28 13 29 26 23 28 12 3 28 15 25 28 26 28 26 25 26 10 1 29 28 10
split_gain=258.597 147.645 87.4446 48.9111 54.9085 44.8016 43.6378 45.7767 41.9703 39.4912 41.8621 34.6587 30.6122 40.8123 44.2098 42.0791 37.0922 32.2571 31.3847 41.7318 76.2032 59.9648 59.8985 55.4597 56.1451 36.9066 34.4081 33.0863 40.9991 39.5255
threshold=0.96043613326672084 1.7204166666666669 11.500000000000002 3.2843149953443036 10.938470571592715 8.1219444444444466 9.5000000000000018 0.9426055981926128 954.45000000000016 16.881666666666671 31.500000000000004 -0.97625883275952019 6.3350000000000009 945.35000000000002 9.7050000000000018 8.5400072674234018 943.1500000000002 1.3700000000000006 2.0776187555373822 948.1500000000002 -0.35836794954530055 957.85000000000002 0.99140711019144634 2.3498661672106178 0.9935340235047978 11.500000000000002 2.2500000000000004 83.500000000000014 958.6500000000002 11.500000000000002
decision_type=2 2 2 2 2 2 2 2 2 2 2 2 2 2 10 2 2 10 2 2 2 2 2 2 2 2 2 2 2 2
left_child=1 -1 6 4 -4 -3 7 9 -9 10 -2 -8 18 15 17 -14 -17 -15 27 20 -20 23 -23 24 25 -21 -24 -7 -29 -30
right_child=2 5 3 -5 -6 12 11 8 -10 -11 -12 -13 13 14 -16 16 -18 -19 19 21 -22 22 26 -25 -26 -27 -28 28 29 -31
leaf_value=-1.5536371871298706e-05 0.00012931748033966184 -2.3426963831136294e-05 6.975291853368537e-05 0.00021644852951031577 0.00025400346093257421 0.00030798487562580469 2.1951791532166529e-05 3.1118925171290668e-05 0.00028076798592319483 0.00020948273664450512 1.4629529488879855e-05 -2.0167423129884285e-05 0.0026744918036585427 -0.00010827283339231997 2.1961697736866404e-05 -0.00088214866732237219 0.0012920374918924131 -0.0017393436635450099 0.0013429998970155342 0.00053612889619292334 -0.0039620587859893093 -0.0024754938249174352 -0.00057097647886064087 0.0028613805947598357 -0.0015600536769617868 0.0041198734267258522 0.0018174526454465244 -0.0025631100462577545 -0.00080440659303831921 0.0020757160579931095
leaf_weight=2132 230 75062 315 211 380 9926 280 317 336 265 2041 401 259 3117 3966 319 372 206 448 960 555 1010 573 1020 1157 274 324 438 383 312
leaf_count=2132 230 75062 315 211 380 9926 280 317 336 265 2041 401 259 3117 3966 319 372 206 448 960 555 1010 573 1020 1157 274 324 438 383 312
internal_value=-0.000106233 -0.000423369 0.00671408 0.0150823 0.0111 -0.000257732 0.00473806 0.00620852 0.0132675 0.00436836 0.00307118 -0.00214286 0.000825398 -0.000680495 -0.00144365 0.00515183 0.00125 -0.00399339 0.00153926 -0.000147012 -0.00574405 0.000913019 -0.00334205 0.00329333 0.000788815 0.00523002 0.0022949 0.00250271 -0.00234622 0.00218571
internal_weight=107589 102813 4776 906 695 100681 3870 3189 653 2536 2271 681 25619 8239 7289 950 691 3323 17380 6321 1003 5318 1907 3411 2391 1234 897 11059 1133 695
internal_count=107589 102813 4776 906 695 100681 3870 3189 653 2536 2271 681 25619 8239 7289 950 691 3323 17380 6321 1003 5318 1907 3411 2391 1234 897 11059 1133 695
is_linear=0
shrinkage=0.03


Tree=203
num_leaves=31
num_cat=0
split_feature=22 10 22 27 1 23 10 28 16 12 4 12 29 10 28 4 28 26 10 26 28 29 24 29 28 10 23 28 23 23
split_gain=253.631 99.0963 87.3789 53.7565 53.2197 56.8172 48.0942 45.4386 44.6824 42.723 42.0431 40.6926 37.2848 51.9198 48.2986 42.0601 41.6192 69.7727 73.331 71.6746 60.3704 84.981 64.2861 52.9887 49.4536 47.9935 47.091 45.9147 44.4944 44.4409
threshold=0.95516273302198129 11.500000000000002 0.02346721918595138 0.32556815445715659 16.250000000000004 0.77000000000000013 5.5000000000000009 964.95000000000016 14.905000000000003 5.3950000000000005 0.1163427315572481 12.475000000000003 83.500000000000014 11.500000000000002 959.25000000000011 0.30343367110228953 948.95000000000016 0.97988739209073494 5.5000000000000009 0.80382625221112025 945.85000000000002 33.500000000000007 11.050000000000002 61.500000000000007 943.75000000000011 7.5000000000000009 6.5550000000000006 946.85000000000002 2.7350000000000008 5.035000000000001
decision_type=2 2 2 2 2 2 2 2 10 8 2 10 2 2 2 2 2 2 2 2 2 2 2 2 2 2 2 2 2 2
left_child=2 6 4 -3 5 -1 7 -2 11 -4 -11 -8 16 15 -15 -14 17 18 -12 20 21 25 -22 26 -21 -20 28 -26 -19 -27
right_child=1 3 9 -5 -6 -7 8 -9 -10 10 12 -13 13 14 -16 -17 -18 23 19 24 22 -23 -24 -25 27 29 -28 -29 -30 -31
leaf_value=-1.6338690319242943e-05 3.4812080210709919e-05 0.00024562041234005516 -2.451224666275037e-05 5.4393284900023927e-05 -1.9520088083211426e-05 -1.1888621350237271e-05 -7.2430876016504887e-06 0.00031330117278147271 -2.0927141950054516e-05 0.0012785618049986713 0.0012637224732424306 3.7099339001777088e-05 0.0002857587553822356 -0.0014725075837661314 0.001923860832473665 -0.0016515934999345727 0.00010258795444793356 -0.0005234086924658125 0.0014555461974545612 0.0037621949766086971 -0.00077532214976780975 -0.0015587231342498419 -0.0037093423797924432 0.0020116607835941702 -0.00079080501180285416 0.0041901635197653664 0.0007387985305082423 0.0022542543217847232 -0.0032632605356777687 -0.002553222660170221
leaf_weight=623 2447 696 52707 216 1442 1117 604 316 232 1935 1560 636 551 235 574 1974 29170 238 1957 559 1933 1797 718 225 791 261 234 613 776 447
leaf_count=623 2447 696 52707 216 1442 1117 604 316 232 1935 1560 636 551 235 574 1974 29170 238 1957 559 1933 1797 718 225 791 261 234 613 776 447
internal_value=-0.000130497 0.00636452 -0.000457137 0.0153108 -0.00534672 -0.00887106 0.00442217 0.00675217 4.06229e-05 -0.000300121 0.000362168 0.00231325 0.000174145 -0.00287511 0.00372236 -0.00499209 0.000420744 -0.00105745 -0.000208627 -0.00124215 -0.0026426 -0.00051041 -0.00622364 -0.00716509 0.00382622 0.00288764 -0.00957702 0.000809084 -0.0123651 -0.00378682
internal_weight=107584 5147 102437 912 3182 1740 4235 2763 1472 99255 46548 1240 44613 3334 809 2525 41279 12109 10636 9076 7113 4462 2651 1473 1963 2665 1248 1404 1014 708
internal_count=107584 5147 102437 912 3182 1740 4235 2763 1472 99255 46548 1240 44613 3334 809 2525 41279 12109 10636 9076 7113 4462 2651 1473 1963 2665 1248 1404 1014 708
is_linear=0
shrinkage=0.03


Tree=204
num_leaves=31
num_cat=0
split_feature=22 22 10 5 9 16 1 17 23 9 10 1 2 27 8 1 28 20 10 25 23 2 29 8 16 22 29 1 9 29
split_gain=246.574 86.6648 75.2626 47.7751 41.259 38.9022 53.3788 36.9044 35.6096 35.4416 190.242 72.5845 47.2473 45.3509 42.4264 44.816 40.6611 37.8515 48.4082 56.6439 68.3862 61.5304 61.0821 54.3626 46.6038 43.8813 40.2756 70.3792 34.3769 60.8734
threshold=0.96362864345185406 0.02346721918595138 11.500000000000002 0.029912774103462648 5.5000000000000009 9.4050000000000029 -11.449999999999998 15.595000000000001 0.39500000000000007 1.0000000180025095e-35 11.500000000000002 7.7500000000000009 1.2457419911130059 0.10452846326765323 9.5000000000000018 14.65 962.45000000000016 1.3701931129094014 7.5000000000000009 2.0222576079263983 7.6950000000000012 1.2231424495407228 34.500000000000007 15.500000000000002 12.125000000000002 0.61627560303186446 35.500000000000007 29.950000000000003 3.5000000000000004 58.500000000000007
decision_type=2 2 2 2 2 8 2 2 2 2 2 2 2 2 2 2 2 2 2 2 2 2 2 2 8 2 2 2 2 2
left_child=1 3 4 -1 -2 6 -3 -4 -8 10 11 -7 17 -14 15 -13 -15 -11 19 20 26 22 -21 -22 -23 -20 27 -19 -28 -30
right_child=2 5 7 -5 -6 9 8 -9 -10 12 -12 14 13 16 -16 -17 -18 18 25 21 23 24 -24 -25 -26 -27 28 -29 29 -31
leaf_value=-1.5156850092420907e-05 3.427856346101099e-05 -0.00013739461670458239 0.0001645511423066448 2.1845136660599068e-05 -5.8531067700895446e-06 -0.0017078219633774687 -1.2592553521957933e-05 0.00020807656067488688 -1.9964032452999649e-05 -7.3846812891095417e-05 0.0015736655005152455 0.0014937164823196991 0.0017750318357211473 0.0020668950330660473 -0.00028786881347390937 -0.00095484669286024333 -0.00048959046817436411 -0.00035085908262901921 -0.0015398023887943813 -0.0024552572366101405 1.4425733527015372e-05 -0.0027371083891807556 0.00088552291806940459 -0.0029111083537553804 -6.0283423049224123e-05 5.4230262404111326e-05 0.0017270161550811791 0.0029224645380945525 0.0014199255240266058 4.965409131441278e-05
leaf_weight=2419 2873 304 338 756 385 1484 990 398 71814 4696 544 372 492 227 1151 268 224 852 1502 306 514 395 2442 304 393 6121 2303 269 953 1625
leaf_count=2419 2873 304 338 756 385 1484 990 398 71814 4696 544 372 492 227 1151 268 224 852 1502 306 514 395 2442 304 393 6121 2303 269 953 1625
internal_value=-7.79807e-05 -0.000359798 0.00723181 -0.00523585 0.00525896 -0.000205569 -0.000567067 0.0158704 -0.000514222 0.000757598 -0.00192207 -0.00465549 0.00119121 0.00775316 -0.000584633 0.0055814 0.000855263 0.000916667 0.00154304 0.0028781 0.00447473 -0.000203332 0.00191791 -0.0036452 -0.0075662 -0.000271369 0.00558349 0.000452931 0.00676013 0.00436702
internal_weight=107714 103720 3994 3175 3258 100545 73108 736 72804 27437 3819 3275 23618 943 1791 640 451 22675 17979 10356 6820 3536 2748 818 788 7623 6002 1121 4881 2578
internal_count=107714 103720 3994 3175 3258 100545 73108 736 72804 27437 3819 3275 23618 943 1791 640 451 22675 17979 10356 6820 3536 2748 818 788 7623 6002 1121 4881 2578
is_linear=0
shrinkage=0.03


Tree=205
num_leaves=31
num_cat=0
split_feature=19 21 10 2 25 26 28 8 14 8 21 11 27 25 2 27 28 11 2 7 5 10 28 27 2 28 28 27 14 24
split_gain=208.991 116.347 83.2779 52.7005 39.2856 40.8806 38.543 45.4084 37.0324 38.5386 36.9698 36.4438 36.2441 47.6149 44.0143 34.9845 46.3522 33.2064 32.5712 31.2028 29.5617 28.7597 41.2746 31.3542 27.876 43.3832 70.2064 62.032 56.8054 43.2848
threshold=12.816250000000002 1.9045833333333337 11.500000000000002 1.1399957699588728 1.412508890469417 0.9426055981926128 961.35000000000002 10.500000000000002 0.26388128644020875 10.500000000000002 7.7229166666666682 4.0550000000000006 -0.36648727148060634 1.6367852841658543 1.2448032254162646 0.10452846326765323 960.85000000000002 8.3450000000000006 1.1191421875934262 37.500000000000007 0.49129188305728605 4.5000000000000009 951.75000000000011 1.0000000180025095e-35 1.097212797774114 948.95000000000016 952.85000000000002 -0.043617726472722392 0.92491440606627073 12.550000000000002
decision_type=2 2 2 2 2 2 2 2 2 2 2 10 2 2 2 2 2 10 2 2 2 2 2 2 2 2 2 2 2 2
left_child=1 3 4 8 21 -6 -5 -8 -1 -10 17 -12 13 20 24 -16 -17 -3 -19 -15 -13 23 -23 -2 29 28 -27 -28 -26 -14
right_child=2 10 -4 6 5 -7 7 -9 9 -11 11 12 14 19 15 16 -18 18 -20 -21 -22 22 -24 -25 25 26 27 -29 -30 -31
leaf_value=-0.00015676933574474797 7.5285419940973591e-05 -1.3413400921083747e-05 0.00019994365376799106 -1.3854105455109698e-05 5.3288465605083596e-06 4.4274945387162702e-05 5.7278554890397356e-06 -1.5565923182594837e-05 0.00069157761638820206 -7.1893224657691184e-05 0.0046494477103904992 0.0047626381930285519 0.0015816545415224231 0.002122848523412769 0.00075938361142514508 0.0026789631210850959 -0.00084227656508926378 -0.0021616304338578996 -0.00017086996457105132 -2.2361355517199753e-05 -0.00061904640463135256 0.00016394530803344964 -7.80428120141452e-06 2.2276471491281535e-05 -0.0016424301172883564 0.00041099032544382187 -0.00079743198554217297 1.7276078562815655e-05 0.00037570392234769487 -0.00014907180396427799
leaf_weight=372 446 67497 665 1353 1785 348 334 354 507 460 392 208 1460 1428 326 200 306 956 1088 423 1103 220 243 219 2068 4892 4021 11614 1332 1152
leaf_count=372 446 67497 665 1353 1785 348 334 354 507 460 392 208 1460 1428 326 200 306 956 1088 423 1103 220 243 219 2068 4892 4021 11614 1332 1152
internal_value=2.22682e-06 -0.000254788 0.00679216 -0.00572526 0.00480404 0.00239944 -0.00875367 -0.00294372 -0.00109375 0.00200617 -7.04681e-05 0.000792435 0.000674897 0.00371329 0.000323276 0.00709677 0.0021135 -0.000454232 -0.00421669 0.00680496 -0.000661094 0.00932039 0.00352564 0.0132985 0.000109629 -0.00021185 0.000308299 -0.000673274 -0.00334802 0.00304929
internal_weight=107772 103846 3926 3380 3261 2133 2041 688 1339 967 100466 30925 30533 3162 27371 832 506 69541 2044 1851 1311 1128 463 665 26539 23927 20527 15635 3400 2612
internal_count=107772 103846 3926 3380 3261 2133 2041 688 1339 967 100466 30925 30533 3162 27371 832 506 69541 2044 1851 1311 1128 463 665 26539 23927 20527 15635 3400 2612
is_linear=0
shrinkage=0.03


Tree=206
num_leaves=31
num_cat=0
split_feature=22 19 10 10 25 26 16 5 1 13 26 28 8 17 29 16 23 25 26 1 20 29 28 10 17 29 20 17 15 10
split_gain=216.833 101.45 58.3055 42.1357 44.7241 62.6402 39.9273 37.1511 37.0786 45.8366 34.789 34.4541 42.4502 33.9487 33.7401 44.7837 31.0134 30.3933 109.178 55.6784 49.3071 49.02 49.7486 48.5745 50.8058 41.1276 50.9914 41.0152 34.4147 82.2834
threshold=0.96499854392382789 1.6487500000000004 11.500000000000002 9.5000000000000018 1.4047921198936431 0.9426055981926128 6.2250000000000005 0.043242549069275917 16.250000000000004 0.7266666666666669 -0.97625883275952019 957.95000000000016 10.500000000000002 15.595000000000001 60.500000000000007 14.235000000000001 0.39500000000000007 2.0996092259315238 0.15643446504023095 -6.8499999999999988 2.7331712347859498 31.500000000000004 942.1500000000002 7.5000000000000009 5.3650000000000011 83.500000000000014 1.3179150200221563 1.2150000000000001 0.010000000000000455 2.5000000000000004
decision_type=2 2 2 2 2 2 8 2 2 2 2 2 2 2 2 10 2 2 2 2 2 2 2 2 2 2 2 2 10 2
left_child=1 7 3 4 14 -6 16 8 9 -1 -5 -11 -13 -4 15 -2 -3 25 23 20 -20 -21 -23 -19 -25 -8 -27 -24 -29 -30
right_child=2 6 13 10 5 -7 17 -9 -10 11 -12 12 -14 -15 -16 -17 -18 18 19 21 -22 22 27 24 -26 26 -28 28 29 -31
leaf_value=-1.5380066210405121e-05 4.4965035519943798e-05 -1.0234772777074057e-05 0.00015699700975430164 2.2428067474831169e-05 2.0047408007277665e-05 0.00036516889891996637 7.8521830075942853e-05 0.0011859951129320526 -4.5593250050244001e-05 -1.6588893997075588e-05 -1.7739323652287141e-05 5.4384047693561284e-06 -1.3539730202619983e-05 0.00020694428636580775 0.00010622521531315543 -1.0855518247711581e-05 -2.0961909626783999e-05 9.0530708291460736e-05 -0.00012861420920690341 -0.0023777277227895158 0.0011914447714560605 0.0056325237361851306 -0.001536690323745852 -0.00061929103951644112 0.0034277188342000881 -0.00098110115041552038 1.9622941636411178e-05 -0.00089507343695253787 -0.0019856560013148186 0.00018627148858213483
leaf_weight=210 308 900 295 211 1339 243 39006 231 1188 563 306 386 454 374 342 202 42711 2074 316 551 361 226 227 337 1258 1143 2368 4447 827 4351
leaf_count=210 308 900 295 211 1339 243 39006 231 1188 563 306 386 454 374 342 202 42711 2074 316 551 361 226 227 337 1258 1143 2368 4447 827 4351
internal_value=-9.549e-05 -0.000346553 0.00711724 0.00528755 0.00693727 0.00393195 -0.000184258 -0.00574909 -0.00670349 -0.00966007 -0.00247126 -0.00764915 -0.00376331 0.015089 0.0124621 0.00745631 -0.000868718 0.000334974 -0.000827103 -0.00228627 0.00602639 -0.00281832 -0.00233859 0.0036663 0.00759375 0.000744321 -0.00236348 -0.00266004 -0.00235826 -0.000694578
internal_weight=107755 104135 3620 2951 2434 1582 101103 3032 2801 1613 517 1403 840 669 852 510 43611 57492 14975 11306 677 10629 10078 3669 1595 42517 3511 9852 9625 5178
internal_count=107755 104135 3620 2951 2434 1582 101103 3032 2801 1613 517 1403 840 669 852 510 43611 57492 14975 11306 677 10629 10078 3669 1595 42517 3511 9852 9625 5178
is_linear=0
shrinkage=0.03


Tree=207
num_leaves=31
num_cat=0
split_feature=22 21 10 10 17 21 18 23 29 29 29 2 28 26 7 27 11 1 28 10 7 26 28 8 23 8 28 28 21 26
split_gain=200.605 139.602 67.0769 44.3 40.2323 38.7872 39.3698 36.0418 34.6066 39.7904 34.7956 30.4344 42.0427 42.1102 34.947 31.7183 29.9481 42.0849 29.5976 28.2916 36.2993 27.8327 27.5009 36.3194 31.0383 25.2541 91.864 57.8708 45.5197 44.0495
threshold=0.96362864345185406 1.840833333333334 11.500000000000002 9.5000000000000018 15.595000000000001 7.805833333333335 4.705000000000001 0.60500000000000009 77.500000000000014 70.500000000000014 65.500000000000014 1.2401305403063472 956.75000000000011 0.99535829673000953 13.500000000000002 -0.42261826174069922 8.8750000000000018 22.850000000000005 965.35000000000002 4.5000000000000009 13.500000000000002 -0.97625883275952019 955.1500000000002 8.5000000000000018 7.6950000000000012 14.500000000000002 967.95000000000016 965.1500000000002 5.4804166666666676 0.99809679250719918
decision_type=2 2 2 2 2 2 10 2 2 2 2 2 2 2 2 2 10 2 2 2 2 2 2 2 2 2 2 2 2 2
left_child=1 7 3 18 -4 16 -7 -1 9 10 19 14 -13 -14 15 -8 25 -18 22 -9 -21 -5 24 -24 -2 -3 27 29 -29 -27
right_child=2 5 4 21 -6 6 11 8 -10 -11 -12 12 13 -15 -16 -17 17 -19 -20 20 -22 -23 23 -25 -26 26 -28 28 -30 -31
leaf_value=-1.2961773919024488e-05 -4.9266054897874053e-05 -3.3153728683919932e-05 0.00016217046753849718 2.0778209708711693e-05 0.00018847027251164494 0.0043719813987768731 0.0022569276607386432 -1.500300204099812e-05 5.8578001456590849e-06 -2.8300354551370007e-05 0.00013485745986565266 0.0019995914245680858 -0.00022039677311865623 0.00036293002482160996 -1.5267367600894089e-05 0.00016067245221215774 -0.00013766647047714671 -0.0030305723856410803 0.00035022974413849824 -5.7522722894421917e-05 -7.5661939317107214e-06 -1.3047925058590203e-05 -2.4563081225293935e-05 1.9085795271605034e-05 5.8018619047737197e-05 4.4181125635949672e-05 0.0037001094682828895 -0.00029976092149483128 0.0016928446152812465 -0.00053433074715155088
leaf_weight=554 270 43656 331 245 393 298 468 318 346 305 256 200 775 340 20408 7384 707 589 203 437 781 327 205 510 1478 23524 396 585 253 947
leaf_count=554 270 43656 331 245 393 298 468 318 346 305 256 200 775 340 20408 7384 707 589 203 437 781 327 205 510 1478 23524 396 585 253 947
internal_value=-0.000116937 -0.00037061 0.00650366 0.00464385 0.0147325 -0.000180236 0.000725952 -0.0067455 -0.00515931 -0.00660799 -0.00487479 0.000615619 0.00506818 0.00275893 0.000407571 0.00210767 -0.000563386 -0.00507302 0.00626732 -0.00658014 -0.00446443 -0.00291161 0.0053363 0.000375 0.00735881 -0.000478765 0.000267211 4.1479e-05 -0.00768683 0.000307648
internal_weight=107489 103527 3962 3238 724 100530 29873 2997 2443 2097 1792 29575 1315 1115 28260 7852 70657 1296 2666 1536 1218 572 2463 715 1748 69361 25705 25309 838 24471
internal_count=107489 103527 3962 3238 724 100530 29873 2997 2443 2097 1792 29575 1315 1115 28260 7852 70657 1296 2666 1536 1218 572 2463 715 1748 69361 25705 25309 838 24471
is_linear=0
shrinkage=0.03


Tree=208
num_leaves=31
num_cat=0
split_feature=22 21 10 12 10 8 2 27 16 19 12 8 26 25 10 10 25 2 16 17 9 27 29 28 15 11 29 20 13 29
split_gain=196.804 147.299 76.8264 45.4029 37.6942 35.0037 65.3817 56.9763 61.3256 68.9558 52.0166 49.7844 39.9591 97.8548 66.3524 77.201 103.036 88.8009 66.5988 51.2303 56.3927 55.1717 46.3769 45.484 42.8358 41.588 49.6631 39.722 55.0155 39.5772
threshold=0.96499854392382789 1.840833333333334 11.500000000000002 0.62500000000000011 9.5000000000000018 14.500000000000002 1.1682134887798965 0.06104621499353461 12.625000000000002 5.7862500000000017 11.075000000000001 22.500000000000004 0.84335933205092517 1.9247423217074442 8.5000000000000018 7.5000000000000009 1.8470768123763268 1.0910527520072013 5.6150000000000011 3.9850000000000008 1.0000000180025095e-35 -0.50751903745502724 49.500000000000007 944.85000000000002 1.2000000000000022 9.0450000000000017 22.500000000000004 0.92240401425779217 5.3016666666666685 58.500000000000007
decision_type=2 2 2 10 2 2 2 2 8 2 8 2 2 2 2 2 2 2 10 2 2 2 2 2 10 10 2 2 2 2
left_child=1 3 4 -1 -2 10 12 29 11 -10 -3 -9 14 27 15 17 18 -7 23 20 -16 -21 25 -17 -19 26 -23 28 -14 -8
right_child=2 5 -4 -5 -6 6 7 8 9 -11 -12 -13 13 -15 19 16 -18 24 -20 21 -22 22 -24 -25 -26 -27 -28 -29 -30 -31
leaf_value=-1.5580653290597092e-05 3.6094137006872363e-05 -2.6846390210557222e-05 0.00018230670384200009 -1.1147568652999165e-05 -3.4267856265557393e-06 0.0007633078488016781 0.00081460427936927795 0.00045678457395174617 -0.00023992605563796223 0.00077018003870976237 0.00017658993662571397 -0.00030105298172177994 -6.616902840994773e-05 -0.0010309801176697532 -0.0005162215816045734 -0.00079004532799992059 0.00093883917599044771 -0.00024723212708383316 -0.0025302891590049848 0.0031241397598309431 5.6587440152988979e-05 -0.0011208070179396059 -0.00035944591808892423 0.00049022287332506375 0.00061149203431832666 -7.3763339317277623e-05 0.0027550476768295903 -0.00018046965705863352 0.0022829515742901745 -2.8828908003984565e-05
leaf_weight=475 2443 60728 678 2514 493 3791 1336 5547 200 633 2111 683 451 1879 211 203 864 6621 1489 468 787 209 908 388 955 523 1288 2764 466 5441
leaf_count=475 2443 60728 678 2514 493 3791 1336 5547 200 633 2111 683 451 1879 211 203 864 6621 1489 468 787 209 908 388 955 523 1288 2764 466 5441
internal_value=-4.65821e-05 -0.000286036 0.00683062 -0.00684369 0.00471268 -9.15314e-05 0.00062582 0.00227086 0.00415535 0.011778 -0.000526542 0.00312751 -0.000312732 -0.00254447 0.000351149 -0.000639145 -0.00496439 0.000482765 -0.00857554 0.00357354 -0.00239282 0.00532784 0.00378452 -5.03356e-05 -0.00139296 0.00631111 0.0088482 0.000301139 0.00569414 0.00030522
internal_weight=107547 103933 3614 2989 2936 100944 38105 13840 7063 833 62839 6230 24265 5560 18705 14311 2944 11367 2080 4394 998 3396 2928 591 7576 2020 1497 3681 917 6777
internal_count=107547 103933 3614 2989 2936 100944 38105 13840 7063 833 62839 6230 24265 5560 18705 14311 2944 11367 2080 4394 998 3396 2928 591 7576 2020 1497 3681 917 6777
is_linear=0
shrinkage=0.03


Tree=209
num_leaves=31
num_cat=0
split_feature=22 21 1 21 9 12 29 1 16 12 4 1 8 16 9 13 12 17 27 1 27 1 29 16 12 8 11 11 9 9
split_gain=206.519 148.188 62.8465 70.2792 69.8353 38.3671 60.6578 36.8493 41.6733 36.5141 35.3396 34.8881 34.6159 44.7737 62.7161 38.6325 52.1774 38.5284 65.0829 56.3554 41.7825 37.7686 87.5491 58.535 51.5321 38.7922 43.7387 43.7195 45.7634 48.1552
threshold=0.96043613326672084 1.840833333333334 4.2500000000000009 16.125833333333336 3.5000000000000004 11.075000000000001 22.500000000000004 9.8500000000000032 14.905000000000003 0.8650000000000001 0.96420725720336276 16.650000000000002 14.500000000000002 12.315000000000003 1.0000000180025095e-35 9.4250000000000025 8.5350000000000019 5.1550000000000011 0.19080899537654503 37.750000000000007 -0.608738249238853 25.850000000000005 39.500000000000007 9.0850000000000026 7.745000000000001 8.5000000000000018 2.5650000000000004 3.6450000000000005 4.5000000000000009 1.5000000000000002
decision_type=2 2 2 2 2 8 2 2 10 10 2 2 2 8 2 2 10 2 2 2 2 2 2 10 10 2 10 10 2 2
left_child=1 9 3 4 -2 12 -7 8 -4 11 -8 -1 21 15 -15 16 17 18 20 -20 -14 22 -3 25 -25 26 -23 -28 29 -29
right_child=2 5 7 -5 -6 6 10 -9 -10 -11 -12 -13 13 14 -16 -17 -18 -19 19 -21 -22 23 -24 24 -26 -27 27 28 -30 -31
leaf_value=-1.4279946513300473e-05 2.3090849834334626e-05 -0.00022412361193927175 6.8550126618771573e-06 0.00019885445265657053 0.0002946410856240944 -0.0033071013873104127 0.00042594162563236004 2.9168601492031153e-05 -2.8662964641378296e-05 -1.0730145754157572e-05 -0.00051797670458708092 -6.4141771286801687e-05 0.00019294659495922611 -0.00049162494428195392 0.00045567244677119085 -0.00049613556436308381 0.0010139153093662921 0.00012634680109106279 0.00013829498272804761 -0.00049924926989571472 -0.00018477995885467918 -0.00030467411332865083 -1.7296125908012882e-05 0.0040827265452226561 2.5716635844600377e-05 0.00019749477809240064 0.00064992535863850483 -0.00097725168029756475 -0.00060510134559363295 0.0024866663204635838
leaf_weight=554 906 6283 594 205 763 280 2552 2083 211 2195 627 233 1402 245 1745 2312 2232 18604 3849 213 5573 382 45823 634 517 5450 406 239 268 316
leaf_count=554 906 6283 594 205 763 280 2552 2083 211 2195 627 233 1402 245 1745 2312 2232 18604 3849 213 5573 382 45823 634 517 5450 406 239 268 316
internal_value=-6.29521e-05 -0.000345642 0.00604154 0.010314 0.00822581 -0.000148864 0.00295323 0.00325614 -0.00218519 -0.00693003 0.00413631 -0.0124621 -0.000260213 0.000473466 0.00484211 0.000218485 0.000490307 0.000156851 -0.00124706 0.00177035 -0.0030043 -0.00070023 -0.000998254 0.00119022 0.0074481 0.000165582 -0.00391708 -0.00114263 -0.0051087 -0.000160714
internal_weight=107696 102934 4762 1874 1669 99952 3459 2888 805 2982 3179 787 96493 36175 1990 34185 31873 29641 11037 4062 6975 60318 52106 8212 1151 7061 1611 1229 823 555
internal_count=107696 102934 4762 1874 1669 99952 3459 2888 805 2982 3179 787 96493 36175 1990 34185 31873 29641 11037 4062 6975 60318 52106 8212 1151 7061 1611 1229 823 555
is_linear=0
shrinkage=0.03


Tree=210
num_leaves=31
num_cat=0
split_feature=19 19 10 12 29 10 23 10 17 25 29 1 2 16 23 5 3 1 9 10 26 9 2 26 20 8 29 3 26 10
split_gain=193.448 111.6 84.5427 41.772 47.2279 48.8175 41.1555 54.7247 57.0068 45.2183 72.7526 49.9638 72.4787 53.1454 46.7922 40.204 39.3166 43.4603 38.7656 83.7 81.2772 56.5 52.9272 62.042 61.3203 53.3061 52.1139 85.653 61.2043 44.4966
threshold=12.816250000000002 1.6487500000000004 11.500000000000002 6.205000000000001 83.500000000000014 11.500000000000002 6.3350000000000009 6.5000000000000009 5.705000000000001 2.0088626485835479 77.500000000000014 -3.1499999999999999 1.1237101151534263 12.405000000000003 2.8750000000000004 0.029912774103462648 8.2635607277161736 4.6500000000000012 5.5000000000000009 10.500000000000002 0.9681107762825325 2.5000000000000004 1.2222374236189488 0.94828754594723541 1.7175515516993425 13.500000000000002 32.500000000000007 7.1014706745420826 0.99901018088683491 8.5000000000000018
decision_type=2 2 2 8 2 2 2 2 2 2 2 2 2 10 2 2 2 2 2 2 2 2 2 2 2 2 2 2 2 2
left_child=1 15 -2 -3 6 -6 7 9 16 -5 11 -11 14 -14 -13 -1 17 -9 21 -20 -21 22 23 29 -24 -25 27 -23 -28 -10
right_child=2 3 -4 4 5 -7 -8 8 18 10 -12 12 13 -15 -16 -17 -18 -19 19 20 -22 26 24 25 -26 -27 28 -29 -30 -31
leaf_value=-1.3204646774639221e-05 2.1614735733155311e-05 -1.9929288372121377e-05 0.00017255002023176257 0.00080569511585263265 -0.0014133041407055737 0.00060243190973237272 -3.4504465328820398e-05 0.0031751264040137278 -0.00038864839739759488 -0.0023491428059435283 0.0052480619498643851 0.0010205318884672534 0.0018502465466439665 -0.0028163577777635968 -0.0029648714372906846 3.5145562499622889e-06 -0.0033193026115221893 -0.00083187451944240123 0.0022765699364261293 0.00081936538211549329 -0.0012925273869999455 -0.0014704394094085655 4.237404670115463e-06 -0.0018589814243480118 0.0023655773041164406 0.00066918210124974897 -0.00095637139528677501 0.0029296205342572556 0.0019648275598609919 0.0011031815321545068
leaf_weight=2340 3285 62735 688 7326 2087 651 9954 230 1266 575 290 275 2268 346 663 703 386 1867 963 543 370 361 202 782 237 300 3348 368 259 1937
leaf_count=2340 3285 62735 688 7326 2087 651 9954 230 1266 575 290 275 2268 346 663 703 386 1867 963 543 370 361 202 782 237 300 3348 368 259 1937
internal_value=-8.94898e-05 -0.000338682 0.00640271 -0.000167306 0.000619668 -0.00317171 0.000915691 0.00156157 0.000252533 0.00305669 0.000658073 -0.000370281 0.000961484 0.00352806 -0.00617179 -0.00599409 -0.00384646 -0.00221218 0.00118454 0.00510367 -0.00140523 0.000370656 0.00263904 0.00161538 0.0125 -0.00458142 -0.0021009 0.00519074 -0.00357973 0.00371259
internal_weight=107605 103632 3973 100589 37854 2738 35116 25162 13419 11743 4417 4127 3552 2614 938 3043 2483 2097 10936 1876 913 9060 4724 4285 439 1082 4336 729 3607 3203
internal_count=107605 103632 3973 100589 37854 2738 35116 25162 13419 11743 4417 4127 3552 2614 938 3043 2483 2097 10936 1876 913 9060 4724 4285 439 1082 4336 729 3607 3203
is_linear=0
shrinkage=0.03


Tree=211
num_leaves=31
num_cat=0
split_feature=12 21 5 29 9 1 28 1 1 12 28 13 25 25 8 16 1 28 11 13 12 1 29 8 16 12 24 9 13 29
split_gain=150.065 124.051 60.7908 47.251 43.5366 65.1436 92.0237 43.5258 37.8869 54.099 36.4023 29.8817 32.5896 29.2317 28.8447 88.3393 77.8029 47.6093 62.7291 39.3094 39.8996 34.9086 81.8685 67.5829 66.9739 51.6202 47.5275 85.9321 50.8772 38.0316
threshold=11.535000000000002 1.840833333333334 0.97000190646071449 22.500000000000004 3.5000000000000004 5.7500000000000009 953.05000000000007 23.950000000000003 16.650000000000002 0.8650000000000001 957.6500000000002 12.338333333333335 1.3914110070257613 1.270767801318222 14.500000000000002 12.565000000000003 1.8500000000000003 967.95000000000016 6.8150000000000004 9.4250000000000025 8.5350000000000019 24.850000000000005 39.500000000000007 7.5000000000000009 9.0850000000000026 10.175000000000002 3.7500000000000004 4.5000000000000009 2.4916666666666676 34.500000000000007
decision_type=8 2 2 2 2 2 2 2 2 10 2 2 2 2 2 10 2 2 10 2 10 2 2 2 10 10 2 2 2 2
left_child=1 8 3 -2 7 -6 13 11 9 -1 -11 -5 -13 -7 21 17 -17 19 -19 20 -16 22 25 26 29 -3 28 -28 -23 -25
right_child=2 14 -4 4 5 6 -8 -9 -10 10 -12 12 -14 -15 15 16 -18 18 -20 -21 -22 23 -24 24 -26 -27 27 -29 -30 -31
leaf_value=-1.3518189182092772e-05 -0.00098484725181703929 -0.00023062737836902558 0.0002014976816713554 0.00015005649970351587 0.00036607621299201032 0.00055007752492778673 -2.0261364330722565e-05 -0.00072408061792880621 -3.0833737169003101e-05 -1.40200559977071e-05 -5.4893578989504555e-06 2.7720682865571833e-05 -8.3033603034965431e-06 0.00028005648156514739 3.75205849462424e-06 0.00040333379167992845 2.6362388872847029e-05 0.0035390798477295364 -7.3891039318940696e-05 -0.00055762629876862863 0.00088618500238900051 -0.00020244889184995436 -1.1945057302277733e-05 -2.8245144639217102e-05 0.0015084096155410264 4.7556870339455769e-05 -0.00033296681963543073 -0.0019365153952683417 0.0006644307152044493 0.00082506443074317542
leaf_weight=545 352 5620 209 992 440 206 450 338 1145 457 819 404 1232 1103 30057 469 614 390 373 2598 2282 496 46054 4221 1174 383 793 379 669 2153
leaf_count=545 352 5620 209 992 440 206 450 338 1145 457 819 404 1232 1103 30057 469 614 390 373 2598 2282 496 46054 4221 1174 383 793 379 669 2153
internal_value=-9.57904e-05 -0.000361961 0.00462746 0.00401485 0.00474081 0.00793557 0.00532313 0.00236284 -0.00640188 -0.00908543 -0.00566745 0.00366882 0.00117002 0.0093379 -0.000180188 0.000485213 0.00890625 0.000228539 0.00761719 6.61096e-05 0.000351534 -0.000575331 -0.000885675 0.00105865 0.00243877 -0.00417943 -0.00339453 -0.00764656 0.000897436 0.00122276
internal_weight=107417 101691 5726 5517 5165 2199 1759 2966 2966 1821 1276 2628 1636 1309 98725 36783 1083 35700 763 34937 32339 61942 52057 9885 7548 6003 2337 1172 1165 6374
internal_count=107417 101691 5726 5517 5165 2199 1759 2966 2966 1821 1276 2628 1636 1309 98725 36783 1083 35700 763 34937 32339 61942 52057 9885 7548 6003 2337 1172 1165 6374
is_linear=0
shrinkage=0.03


Tree=212
num_leaves=31
num_cat=0
split_feature=21 22 10 27 16 10 25 27 2 15 17 20 4 21 21 27 21 18 24 1 1 29 17 8 17 15 10 24 1 22
split_gain=157.38 144.186 48.7801 36.9259 34.4604 46.7372 33.6181 41.9313 30.0739 28.9677 27.9695 27.4159 28.636 28.4166 36.356 26.913 33.5045 67.7009 46.3875 45.9593 58.4158 52.8582 43.8825 38.7409 62.2433 36.453 42.4533 33.3725 33.5854 79.8773
threshold=1.840833333333334 0.96362864345185406 11.500000000000002 0.19080899537654503 14.905000000000003 4.5000000000000009 1.4047921198936431 0.06104621499353461 1.2035365218977041 0.09999999999999977 15.835000000000003 4.0337033187479996 0.92611235428452543 8.0079166666666683 10.076250000000003 0.90992662233962562 5.4804166666666676 4.2550000000000008 3.0500000000000003 -1.5499999999999998 7.2500000000000009 41.500000000000007 4.3350000000000009 3.5000000000000004 3.7250000000000005 0.5800000000000004 8.5000000000000018 6.2500000000000009 -2.3499999999999992 0.11778182594368007
decision_type=2 2 2 2 10 2 2 2 2 10 2 2 2 2 2 2 2 10 2 2 2 2 2 2 2 10 2 2 2 2
left_child=-1 11 4 -4 6 10 -3 8 -8 -9 -6 15 13 -13 -15 16 17 22 25 -19 -21 -22 -2 24 -23 26 -18 28 29 -24
right_child=1 2 3 -5 5 -7 7 9 -10 -11 -12 12 -14 14 -16 -17 18 19 -20 20 21 23 27 -25 -26 -27 -28 -29 -30 -31
leaf_value=-1.1955465239488639e-05 2.6090096235932163e-05 2.9860879690181141e-05 0.00019977202131917114 5.5534371984928829e-05 0.0001750548659446316 -1.9653523400799955e-05 1.7354909274277519e-05 6.2423209468226437e-05 -0.00014220479819083032 1.1417605016630915e-05 -7.04403081183913e-06 0.00057522683084603224 -0.0045537715049422164 0.0034185837898836678 -3.7507674122113639e-05 0.00018240989544859371 -0.00032269845974160075 0.00014266110515545694 2.246280476018103e-05 -0.00066142247189182439 -0.00058725853198600604 0.0024348982136823787 7.4793737274066925e-05 -0.00021149604640912324 -0.00035347996613514711 0.00064120460376873025 -0.0017056968888116547 0.00062979304096294096 -0.0001084528988164166 -0.0003440416856010441
leaf_weight=2940 15878 773 384 359 200 316 1076 220 213 202 234 2718 389 557 275 1595 463 1143 52148 1792 3881 416 1414 3372 421 235 508 793 12153 595
leaf_count=2940 15878 773 384 359 200 316 1076 220 213 202 234 2718 389 557 275 1595 463 1143 52148 1792 3881 416 1414 3372 421 235 508 793 12153 595
internal_value=-0.000148512 4.38278e-05 0.00564289 0.0125535 0.00403828 -0.0015894 0.00573724 0.00337413 0.000672334 0.0115222 0.0047836 -0.000177467 0.00227434 0.00312236 0.00795699 -0.000277342 -0.000342166 -0.000977474 0.0001563 -0.00299456 -0.00365328 -0.00256455 -0.000255853 -0.000234931 0.00552257 -0.00564822 -0.00820697 -0.00142179 -0.00175761 0.00183217
internal_weight=107663 104723 3977 743 3234 750 2484 1711 1289 422 434 100746 3939 3550 832 96807 95212 41858 53354 11025 9882 8090 30833 4209 837 1206 971 14955 14162 2009
internal_count=107663 104723 3977 743 3234 750 2484 1711 1289 422 434 100746 3939 3550 832 96807 95212 41858 53354 11025 9882 8090 30833 4209 837 1206 971 14955 14162 2009
is_linear=0
shrinkage=0.03


Tree=213
num_leaves=31
num_cat=0
split_feature=21 22 5 24 1 29 27 12 1 24 29 1 0 29 11 12 29 8 28 11 26 8 17 27 23 1 22 25 17 2
split_gain=154.161 142.679 48.4067 46.0488 41.5751 56.7765 41.4543 38.0411 44.4004 35.2553 32.3089 30.959 40.889 37.5311 29.1018 28.9045 45.6898 30.5492 51.3622 56.1905 47.1137 56.6251 36.6092 65.4066 46.0177 42.9323 36.0342 49.4932 33.2063 56.467
threshold=1.840833333333334 0.96362864345185406 0.97000190646071449 15.450000000000001 11.450000000000001 83.500000000000014 -0.18222858652173743 0.8650000000000001 16.650000000000002 19.450000000000003 77.500000000000014 0.65000000000000002 10.945000000000002 60.500000000000007 2.3150000000000004 11.535000000000002 22.500000000000004 14.500000000000002 967.95000000000016 6.8150000000000004 0.99809679250719918 21.500000000000004 5.1550000000000011 0.49240481012316878 7.7750000000000012 36.750000000000007 0.16881031643766406 1.9798522407447503 3.0950000000000002 1.0979420851508812
decision_type=2 2 2 2 2 2 2 10 2 2 2 2 2 2 10 8 2 2 2 10 2 2 2 2 2 2 2 2 2 2
left_child=7 15 3 11 5 6 -5 8 -1 -6 14 13 -13 -3 -9 17 -17 28 20 -20 22 26 23 25 -24 -19 -22 -28 -2 -30
right_child=1 2 -4 4 9 -7 -8 10 -10 -11 -12 12 -14 -15 -16 16 -18 18 19 -21 21 -23 24 -25 -26 -27 27 -29 29 -31
leaf_value=-1.2785383318349301e-05 3.3280504073398812e-05 0.00031012414879813267 0.00019245542045637885 -3.1901701662363498e-05 4.9433036271089301e-05 0.00016980321996629355 8.2799512664177841e-06 -1.2596960715094435e-05 -4.7008642007276485e-05 -1.679258890217139e-05 7.2717802735535423e-06 -1.1601681639310523e-05 3.6478319740408384e-05 4.6412582481087928e-05 0.00015366995907744896 -0.0021042339827435585 0.00022923057342927767 -5.6819148457986843e-05 0.0039468391092485205 -2.2417090115356419e-05 -0.00044638328218364051 -0.001492973220378432 0.00021161975355909495 0.00022299255430084923 -0.00063246575693654049 -0.00067099683357438268 0.00086975888565992701 -0.0014956741194834416 0.0004325537316635935 -7.3389222473178942e-05
leaf_weight=554 11383 276 213 503 771 204 459 1700 231 265 290 301 692 283 218 243 2691 9272 391 373 269 514 21609 1954 980 219 546 419 4145 45672
leaf_count=554 11383 276 213 503 771 204 459 1700 231 265 290 301 692 283 218 243 2691 9272 391 373 269 514 21609 1954 980 219 546 419 4145 45672
internal_value=-0.000127084 6.50728e-05 0.00564199 0.00483639 0.00203897 -0.00184458 -0.00490176 -0.00683456 -0.0124937 0.00639769 -0.00479892 0.00878613 0.00556112 0.0144149 -0.00620905 -0.000154939 0.00277645 -0.000243067 0.000443216 0.00811443 0.000278313 -0.00451797 0.00052528 -0.000856769 0.00122555 -0.00188606 -0.00101695 0.00170103 -0.000652888 -0.000986913
internal_weight=107640 104647 3967 3754 2202 1166 962 2993 785 1036 2208 1552 993 559 1918 100680 2934 97746 36546 764 35782 1748 34034 11445 22589 9491 1234 965 61200 49817
internal_count=107640 104647 3967 3754 2202 1166 962 2993 785 1036 2208 1552 993 559 1918 100680 2934 97746 36546 764 35782 1748 34034 11445 22589 9491 1234 965 61200 49817
is_linear=0
shrinkage=0.03


Tree=214
num_leaves=31
num_cat=0
split_feature=12 21 5 23 16 28 27 23 24 1 22 17 1 16 1 8 8 28 28 28 28 9 1 9 14 28 24 28 12 9
split_gain=162.705 135.414 51.3115 39.0248 37.0622 44.7586 46.8566 41.4703 33.0102 31.0602 32.941 48.2648 35.4685 32.2509 30.0473 29.5889 35.8306 87.4154 46.035 45.4422 72.5004 85.2877 109.369 61.0237 59.6174 53.6384 50.5877 57.3527 48.1591 46.7348
threshold=11.535000000000002 1.840833333333334 0.97000190646071449 0.77000000000000013 9.4050000000000029 943.55000000000007 0.2334364749717662 2.7850000000000006 10.350000000000003 30.050000000000004 0.96998519565306751 14.895000000000001 3.6500000000000008 14.905000000000003 10.65 1.5000000000000002 12.500000000000002 940.05000000000007 967.6500000000002 960.6500000000002 954.85000000000002 4.5000000000000009 5.2500000000000009 1.0000000180025095e-35 0.19139836293278795 959.45000000000016 2.8500000000000001 962.25000000000011 5.9150000000000009 2.5000000000000004
decision_type=8 2 2 2 10 2 2 2 2 2 2 2 2 10 2 2 2 2 2 2 2 2 2 2 2 2 2 2 10 2
left_child=1 3 9 14 15 6 7 -6 -9 10 11 -2 -12 -14 -1 -3 17 -17 19 20 -19 22 23 -22 -25 -24 29 28 -28 -21
right_child=2 4 -4 -5 5 -7 -8 8 -10 -11 12 -13 13 -15 -16 16 -18 18 -20 26 21 -23 25 24 -26 -27 27 -29 -30 -31
leaf_value=-9.9614277943828494e-06 6.8596014789799599e-05 0.00011432124641263116 0.0001862103559290451 -1.143707745534057e-05 0.0053688052446165977 1.6676743926719029e-05 0.0031767535099180419 -0.0030358444177580354 0.0014498601008881018 -0.00096050513433679652 8.239404061350263e-05 8.0761286910265844e-05 9.295966499587304e-06 -2.064214490063776e-05 -1.3043498653561597e-05 -0.00041040412899397035 -2.6966310965244323e-06 -4.9282092440100476e-05 -0.00042028560787444821 0.00034538435589960315 -0.00071829103692546174 -0.0004827515969761693 -0.00035001630750843108 0.00069178573450082213 4.4015257103049433e-05 0.00081523685113444049 0.0001820418306214939 -0.00015473734350035883 0.0047744868815170101 3.4583686711815718e-05
leaf_weight=572 3784 6325 206 2155 266 22741 318 281 223 249 201 771 227 271 244 514 35468 19936 675 653 417 1678 2315 373 1831 266 876 2413 301 933
leaf_count=572 3784 6325 206 2155 266 22741 318 281 223 249 201 771 227 271 244 514 35468 19936 675 653 417 1678 2315 373 1831 266 876 2413 301 933
internal_value=-0.000121967 -0.00039851 0.00480399 -0.00670363 -0.000208586 0.000821935 0.00675206 0.00270968 -0.00235756 0.00424292 0.00473474 0.00566447 -0.00132102 -0.00560636 -0.0122777 -0.00053615 -0.000717074 -0.0014256 -0.00123133 -0.00106698 -0.0015637 -0.00421786 -0.00231611 0.00199924 0.00399276 -0.00669374 0.0015055 -0.000467316 0.00494924 0.00595852
internal_weight=107483 101774 5709 2971 98803 23829 1088 770 504 5503 5254 4555 699 498 816 74974 68649 33181 32667 31992 26816 6880 5202 2621 2204 2581 5176 3590 1177 1586
internal_count=107483 101774 5709 2971 98803 23829 1088 770 504 5503 5254 4555 699 498 816 74974 68649 33181 32667 31992 26816 6880 5202 2621 2204 2581 5176 3590 1177 1586
is_linear=0
shrinkage=0.03


Tree=215
num_leaves=31
num_cat=0
split_feature=12 21 10 23 29 1 10 6 28 9 3 28 26 29 14 25 29 21 29 1 28 28 25 17 23 18 15 1 28 1
split_gain=161.984 123.902 65.4018 40.3187 38.5153 34.7888 27.1641 40.5123 26.1511 25.8905 29.4941 27.9345 70.5629 66.4742 42.7361 35.8761 33.7962 24.7826 64.0001 115.934 35.6957 33.5725 32.46 26.2421 24.3597 31.1641 25.8913 48.191 40.7949 40.1128
threshold=11.535000000000002 1.840833333333334 11.500000000000002 0.77000000000000013 77.500000000000014 29.350000000000005 4.5000000000000009 1.5000000000000002 957.75000000000011 1.0000000180025095e-35 12.555924561507785 953.55000000000007 0.90255091666790865 62.500000000000007 0.81663945532892135 1.412508890469417 22.500000000000004 11.906666666666668 71.500000000000014 0.45000000000000007 959.25000000000011 958.1500000000002 1.8045283663704719 13.565000000000003 7.6250000000000009 13.085000000000003 0.50000000000000044 37.750000000000007 968.25000000000011 30.950000000000003
decision_type=8 2 2 2 2 2 2 2 2 2 2 2 2 2 2 2 2 2 2 2 2 2 2 2 2 8 10 2 2 2
left_child=1 3 5 -1 6 9 8 -8 -5 10 -2 16 13 14 -13 -15 -11 24 19 21 22 -19 -21 -20 25 26 27 29 -28 -3
right_child=2 17 -4 4 -6 -7 7 -9 -10 11 -12 12 -14 15 -16 -17 -18 18 23 20 -22 -23 -24 -25 -26 -27 28 -29 -30 -31
leaf_value=-1.0010083075097827e-05 0.00013637670639585876 -2.9375169200025467e-05 0.00022841432800488004 -2.7386259344816186e-05 7.4526704554429659e-06 -0.00031048348983706898 -5.8173752184126678e-05 -2.9703268978279254e-06 -5.9216358340272689e-06 -0.00083731629623174037 -0.00010812436814410463 -4.5885819626722001e-05 4.9369715617392229e-05 9.7548453720743277e-05 1.2350202913596897e-05 5.6759889886481842e-06 0.00018971743609602076 0.00028185640797544816 4.5989805551236437e-05 4.7449742865154352e-05 -1.4189363751181405e-05 0.00019303015982380378 -9.3879681690733904e-05 -0.00037828557276888382 -0.00014399189546425827 0.00077174615766169242 2.9102339813315975e-05 -0.00051182844261381472 0.001845783020237176 0.00031835036550845034
leaf_weight=810 244 65850 408 234 301 305 449 927 271 218 265 326 214 346 237 723 2391 275 201 599 425 334 220 428 2544 315 22561 369 445 4223
leaf_count=810 244 65850 408 234 301 305 449 927 271 218 265 326 214 346 237 723 2391 275 201 599 425 334 220 428 2544 315 22561 369 445 4223
internal_value=-0.000161916 -0.000437094 0.00476769 -0.00644645 -0.00430727 0.00386234 -0.00590138 -0.00369298 -0.0118235 0.0044677 -0.00192607 0.00519955 0.00236629 0.000219914 -0.00808099 0.00460894 0.00719587 -0.000254773 0.00270205 0.00550592 0.000240192 0.0161726 0.00389563 -0.00553628 -0.000331111 -0.000252432 -0.000284421 -0.00056979 0.000589283 -0.000512429
internal_weight=107458 101781 5677 2992 2182 5269 1881 1376 505 4964 509 4455 1846 1632 563 1069 2609 98789 2482 1853 1244 609 819 629 96307 93763 93448 70442 23006 70073
internal_count=107458 101781 5677 2992 2182 5269 1881 1376 505 4964 509 4455 1846 1632 563 1069 2609 98789 2482 1853 1244 609 819 629 96307 93763 93448 70442 23006 70073
is_linear=0
shrinkage=0.03


Tree=216
num_leaves=31
num_cat=0
split_feature=22 22 5 22 5 29 1 29 20 12 29 4 12 29 1 20 8 17 2 29 24 8 10 22 1 24 27 1 2 16
split_gain=143.7 86.1051 54.6442 62.9863 48.5515 37.4985 39.2501 36.4359 35.3944 32.0556 40.0473 36.8257 29.8627 30.5868 30.2472 29.1162 28.5 42.2437 51.5526 61.1673 61.6277 54.0129 51.6704 45.7266 40.0489 60.584 62.4376 77.7407 61.283 60.7162
threshold=0.96362864345185406 0.02346721918595138 0.97000190646071449 0.96814226115962609 0.028031134139762461 69.500000000000014 0.45000000000000007 79.500000000000014 1.8735383190335233 11.075000000000001 22.500000000000004 0.94384482726022745 0.71500000000000008 78.500000000000014 13.65 1.4703145921876721 14.500000000000002 2.9750000000000005 1.0979420851508812 41.500000000000007 13.450000000000001 8.5000000000000018 1.5000000000000002 0.92173567731520334 9.6500000000000004 3.3500000000000001 0.087155742747658027 6.4500000000000011 1.2204313837119265 13.805000000000001
decision_type=2 2 2 2 2 2 2 2 2 8 2 2 10 2 2 2 2 2 2 2 2 2 2 2 2 2 2 2 2 8
left_child=1 4 3 5 12 6 -2 15 -7 16 -11 -12 14 -14 -1 -5 17 -3 21 20 22 -19 -20 -24 25 -18 27 28 -27 -28
right_child=2 9 -4 7 -6 8 -8 -9 -10 10 11 -13 13 -15 -16 -17 24 18 19 -21 -22 -23 23 -25 -26 26 29 -29 -30 -31
leaf_value=-1.1724095716352921e-05 0.00027276799798340857 3.4481469970224566e-05 0.00017929772657672926 -2.3588559628281435e-05 6.0874403289348441e-06 2.1947304554357226e-05 2.6084720371924997e-05 0.00012387504295411245 -0.00010547823676890111 -0.0030389764171194263 0.00033028647133999666 -3.779896615838052e-05 -1.1253904861982262e-05 7.8456266819119237e-06 -5.8435835960625598e-05 2.0576523870907693e-06 -2.6649943831724282e-05 -0.00052158676543195609 -0.0038024582830861989 -5.3808709081715196e-05 5.1830003786095254e-05 0.00061648378962185393 -0.00033379198646325923 9.2905252321127119e-05 -4.192394216724869e-05 -0.00033801168569023028 0.00056753582508473955 0.0017113675597716237 0.00029864327234018385 0.0022362884238796132
leaf_weight=293 368 10691 217 340 896 450 1362 203 391 306 2186 1348 1538 209 209 646 3143 507 220 38139 374 3683 6790 213 22589 3036 4733 987 1174 331
leaf_count=293 368 10691 217 340 896 450 1362 203 391 306 2186 1348 1538 209 209 646 3143 507 220 38139 374 3683 6790 213 22589 3036 4733 987 1174 331
internal_value=-0.000205806 -0.000420753 0.00538674 0.0045259 -0.00530476 0.00716227 0.009683 -0.0011809 0.00195035 -0.000267582 0.00241873 0.00332297 -0.00765306 -0.00577055 -0.0140828 -0.00357215 -0.000374476 -0.000771502 -0.00113797 -0.00142979 -0.00388713 0.00204529 -0.00450332 -0.00404538 0.000294183 0.00159296 0.00270894 0.000397924 -0.00138078 0.00507792
internal_weight=107572 103595 3977 3760 3145 2571 1730 1189 841 100450 3840 3534 2249 1747 502 986 96610 60617 49926 45736 7597 4190 7223 7003 35993 13404 10261 5197 4210 5064
internal_count=107572 103595 3977 3760 3145 2571 1730 1189 841 100450 3840 3534 2249 1747 502 986 96610 60617 49926 45736 7597 4190 7223 7003 35993 13404 10261 5197 4210 5064
is_linear=0
shrinkage=0.03


Tree=217
num_leaves=31
num_cat=0
split_feature=21 22 5 22 1 23 28 9 29 1 12 29 9 20 16 20 20 13 29 9 28 10 23 29 10 28 20 23 20 9
split_gain=156.196 132.853 48.4907 64.2801 43.9715 50.88 44.3794 41.2215 34.955 38.8984 39.0548 29.03 28.4214 28.1262 32.1757 27.5667 26.3305 20.9871 19.6817 110.455 50.7231 42.1854 40.2261 29.318 54.4625 53.0176 41.5371 40.924 36.2236 35.1375
threshold=1.840833333333334 0.96362864345185406 0.97000190646071449 0.96814226115962609 16.650000000000002 0.77000000000000013 957.85000000000002 1.0000000180025095e-35 69.500000000000014 0.45000000000000007 13.115 78.500000000000014 2.5000000000000004 3.0846650277163912 14.905000000000003 1.8735383190335233 0.73212874457403276 1.1716666666666671 88.500000000000014 1.5000000000000002 962.95000000000016 11.500000000000002 2.3150000000000004 83.500000000000014 11.500000000000002 961.55000000000007 1.9223661634470164 2.0950000000000002 1.4603395701973703 3.5000000000000004
decision_type=2 2 2 2 2 2 2 2 2 2 10 2 2 2 10 2 2 2 2 2 2 2 2 2 2 2 2 2 2 2
left_child=4 18 3 7 5 -1 -7 -3 9 -9 -11 13 16 14 -5 -10 -6 -8 23 20 -20 -21 -23 -2 27 26 -26 -25 -29 -30
right_child=1 2 -4 11 12 6 17 8 15 10 -12 -13 -14 -15 -16 -17 -18 -19 19 21 -22 22 -24 24 25 -27 -28 28 29 -31
leaf_value=-1.0182767262494219e-05 -7.1879183907004592e-06 -3.9992155091532755e-05 0.00017294581263484598 7.9005448211266757e-07 -6.5406104576385058e-05 -2.1179183264273787e-05 -8.3736787712073394e-06 0.00028812647991858343 2.4980195689179306e-05 1.233516516047084e-05 0.00010344848087847635 0.00012015879166549004 -8.1010000067592984e-05 2.8173384731778882e-05 -2.3593524367647721e-05 -7.2143338974272049e-05 0.0016520824113598574 6.0888325313811915e-06 -0.0015073454566519274 0.00020208540525089278 0.00028602066411834365 0.0035297363271064191 0.00094151823453864525 9.1795140637353049e-06 -0.00026363881450393398 0.0017947433892583702 0.0020603819150140502 -0.0016230602225922107 4.1057515591398362e-05 -0.0013968813705013108
leaf_weight=635 93537 254 217 365 245 496 211 364 372 703 560 213 712 222 372 332 201 490 510 1408 204 254 274 1076 249 464 240 899 797 607
leaf_count=635 93537 254 217 365 245 496 211 364 372 703 560 213 712 222 372 332 201 490 510 1408 204 254 274 1076 249 464 240 899 797 607
internal_value=-0.000156576 3.70342e-05 0.00541342 0.00460128 -0.00691152 -0.00979858 -0.00611481 0.00723938 0.00848887 0.0109007 0.00835174 -0.00122345 -0.00232158 -0.00345436 -0.00626685 0.00287729 0.00359202 -0.00123229 -0.000175779 0.00237288 -0.00767733 0.00608964 0.0132833 -0.000244907 -0.00265621 0.00366388 -0.00321862 -0.00444149 -0.00669411 -0.00366217
internal_weight=107483 104493 3974 3757 2990 1832 1197 2585 2331 1627 1263 1172 1158 959 737 704 446 701 100519 2650 714 1936 528 97869 4332 953 489 3379 2303 1404
internal_count=107483 104493 3974 3757 2990 1832 1197 2585 2331 1627 1263 1172 1158 959 737 704 446 701 100519 2650 714 1936 528 97869 4332 953 489 3379 2303 1404
is_linear=0
shrinkage=0.03


Tree=218
num_leaves=31
num_cat=0
split_feature=21 21 28 5 9 27 28 10 8 16 12 29 27 26 29 24 12 12 9 11 26 15 28 8 24 24 14 24 0 28
split_gain=140.515 105.709 60.5315 48.7328 47.846 44.5231 43.9456 42.3457 54.4433 36.8952 36.478 37.1539 32.8085 31.3906 30.3042 29.6512 29.5601 27.2719 24.3044 23.2009 22.7193 22.6344 44.3401 26.1502 32.1846 26.6523 24.8526 33.5788 37.0236 53.1956
threshold=1.840833333333334 11.906666666666668 967.1500000000002 0.97000190646071449 1.0000000180025095e-35 -0.12186934340514725 953.55000000000007 8.5000000000000018 12.500000000000002 14.905000000000003 0.8650000000000001 77.500000000000014 -0.10452846326765344 -0.96359376111369355 36.500000000000007 15.15 12.475000000000003 13.625000000000002 5.5000000000000009 2.3150000000000004 0.94828754594723541 0.50000000000000044 968.25000000000011 3.5000000000000004 4.3500000000000005 2.3500000000000001 1.0341340983321905 4.4500000000000011 3.5350000000000006 942.35000000000002
decision_type=2 2 2 2 2 2 2 2 2 10 10 2 2 2 2 2 8 10 2 10 2 10 2 2 2 2 2 2 2 2
left_child=10 16 3 4 5 -3 7 8 14 18 12 19 -1 -10 -6 -11 21 -16 -8 -12 -9 26 23 24 -23 -25 27 28 -2 -30
right_child=1 2 -4 -5 6 -7 9 20 13 15 11 -13 -14 -15 17 -17 -18 -19 -20 -21 -22 22 -24 25 -26 -27 -28 -29 29 -31
leaf_value=-8.6785615583316946e-06 -3.2774649536502183e-06 2.8967087108930921e-05 0.0001908557099458008 0.0001662010680301207 0.00029107594379487397 -0.00054883882054264702 1.2445405413616938e-05 5.446788289561799e-05 5.3486009929728517e-05 9.2723295787466846e-06 -1.059802111559308e-05 1.1931456006438259e-05 -1.1145470603349007e-05 -0.00067151844137190221 -6.4250823756017981e-06 -1.8000229805402721e-05 0.00083303236036524561 0.00023097291205108393 -1.3483953738442356e-05 9.9240132277399868e-05 0.00017203519830250036 0.00073320267614242402 0.0016270449604366211 -0.00010751398765385417 -4.5724554393994367e-05 2.1769005573280679e-05 -0.00015093646513627821 2.9740161795744832e-05 0.000966287601690212 -0.00032442129149851492
leaf_weight=349 15472 248 496 207 203 276 1874 383 501 231 1670 293 429 344 237 342 935 265 346 215 207 1877 471 1000 1697 19799 14519 34873 486 7521
leaf_count=349 15472 248 496 207 203 276 1874 383 501 231 1670 293 429 344 237 342 935 265 346 215 207 1877 471 1000 1697 19799 14519 34873 486 7521
internal_value=-0.000100212 8.18585e-05 0.00389294 0.00300582 0.00245514 -0.00612476 0.00337181 0.0066014 0.00397428 0.000889921 -0.00654509 -0.00453504 -0.0121073 -0.00116471 0.0100986 -0.00586505 -0.000156302 0.0060355 0.0026427 -0.00607937 0.0134118 -0.000207225 0.000574671 0.00039749 0.00276614 -1.00942e-05 -0.000473819 -0.000197406 -0.00107435 -0.00272966
internal_weight=107766 104810 6160 5664 5457 524 4933 2140 1550 2793 2956 2178 778 845 705 573 98650 502 2220 1885 590 97715 24844 24373 3574 20799 72871 58352 23479 8007
internal_count=107766 104810 6160 5664 5457 524 4933 2140 1550 2793 2956 2178 778 845 705 573 98650 502 2220 1885 590 97715 24844 24373 3574 20799 72871 58352 23479 8007
is_linear=0
shrinkage=0.03


Tree=219
num_leaves=31
num_cat=0
split_feature=21 22 29 22 12 12 29 2 4 21 11 11 5 24 24 28 2 26 23 21 9 10 2 26 29 28 25 10 10 9
split_gain=131.318 114.414 49.0281 52.1045 35.8609 34.2356 32.9469 44.2353 29.5107 27.7671 34.7417 29.9005 26.2904 26.0868 25.8655 23.8922 53.634 55.6078 53.9495 47.2706 60.3683 42.4725 68.8605 38.9736 46.9207 35.4103 50.6246 50.0261 43.3392 62.8356
threshold=1.840833333333334 0.96362864345185406 85.500000000000014 0.96814226115962609 0.62500000000000011 16.415000000000003 69.500000000000014 1.207495523878477 0.90999906467938774 7.7229166666666682 8.3950000000000014 4.0550000000000006 0.9312135651155089 5.4500000000000011 15.850000000000003 948.95000000000016 1.2114806578881525 0.99535829673000953 7.6950000000000012 9.4737500000000026 4.5000000000000009 5.5000000000000009 1.0957571256571448 0.99140711019144634 80.500000000000014 952.75000000000011 2.2756881598793366 1.5000000000000002 8.5000000000000018 1.0000000180025095e-35
decision_type=2 2 2 2 10 10 2 2 2 2 10 10 2 2 2 2 2 2 2 2 2 2 2 2 2 2 2 2 2 2
left_child=4 9 3 6 -1 -5 7 8 -3 10 -2 -11 -8 -12 -14 16 17 18 19 20 21 -13 -23 25 -25 26 27 -17 29 -27
right_child=1 2 -4 5 -6 -7 12 -9 -10 11 13 15 14 -15 -16 23 -18 -19 -20 -21 -22 22 -24 24 -26 28 -28 -29 -30 -31
leaf_value=-1.0856226830862798e-05 -1.7024539241436777e-05 -6.0792998923320238e-06 0.00016400552682337087 -1.0015798939402298e-05 -7.8045277746033667e-06 6.3592085257232477e-05 -0.00012020077580401911 0.00026722763578825633 3.4467838263210758e-05 0.0046651773963461152 0.00079158852820374124 0.0040818291450822461 4.0182271950655045e-05 -0.0016195020814642382 -2.0875939265149191e-05 0.0016474156402273177 -0.0028886975516056938 -0.0035587245002492002 -0.0017078822543082016 0.001008949044752181 -0.0021377655162405666 0.0015104570660864557 -0.0017058185899584415 0.00017449468407309209 0.0044622956520683956 -0.0021203381023907576 0.0030547133286608513 4.8562232989506344e-05 3.9856439648625617e-05 -9.4141932940633444e-05
leaf_weight=448 68097 261 361 889 2526 287 263 366 1044 375 211 363 224 1751 227 234 275 411 1125 1349 819 909 973 5320 316 1051 426 4113 7139 5623
leaf_count=448 68097 261 361 889 2526 287 263 366 1044 375 211 363 224 1751 227 234 275 411 1125 1349 819 909 973 5320 316 1051 426 4113 7139 5623
internal_value=-0.000173686 2.8624e-06 0.00502674 0.0039456 -0.00638469 -0.00121931 0.00648954 0.00878878 0.00616031 -0.000192695 -0.000522808 0.000557646 0.00108484 -0.00445348 0.00546053 0.000453187 -0.00120405 -0.000599597 0.00019484 0.00169081 -0.000371457 0.00217333 0.000349762 0.000879184 0.00306329 0.000216234 0.00244244 0.00146829 -0.000553626 -0.00229076
internal_weight=107776 104802 3922 3561 2974 1176 2385 1671 1305 100880 70059 30821 714 1962 451 30446 6224 5949 5538 4413 3064 2245 1882 24222 5636 18586 4773 4347 13813 6674
internal_count=107776 104802 3922 3561 2974 1176 2385 1671 1305 100880 70059 30821 714 1962 451 30446 6224 5949 5538 4413 3064 2245 1882 24222 5636 18586 4773 4347 13813 6674
is_linear=0
shrinkage=0.03


Tree=220
num_leaves=31
num_cat=0
split_feature=21 21 28 12 16 28 2 25 20 2 2 26 7 16 9 16 2 12 29 9 10 23 16 5 28 14 23 9 12 13
split_gain=149.771 93.9811 58.4667 50.508 45.7659 32.9533 83.3791 34.0964 33.4014 32.8587 28.5343 57.429 26.9572 24.9574 26.3632 27.3339 27.277 23.2644 23.1862 120.471 33.9738 34.6116 33.2061 34.485 33.1579 31.4691 25.7223 26.084 23.2748 32.0936
threshold=1.840833333333334 11.906666666666668 966.6500000000002 0.8650000000000001 16.875000000000004 955.1500000000002 1.2070543490138486 1.8393860888679545 2.226368492754927 1.1399957699588728 1.1956958925753469 0.97625883275952063 13.500000000000002 14.655000000000003 3.5000000000000004 13.165000000000001 1.1948310130304627 12.665000000000001 88.500000000000014 1.5000000000000002 10.500000000000002 2.4750000000000005 9.5950000000000006 0.34029067736836344 962.95000000000016 0.76002192950816683 1.155 3.5000000000000004 6.8550000000000013 7.8216666666666681
decision_type=2 2 2 10 8 2 2 2 2 2 2 2 2 10 2 10 2 10 2 2 2 2 10 2 2 2 2 2 8 2
left_child=3 18 4 9 5 6 7 -3 13 -1 -10 -12 -5 14 15 16 -7 -9 28 24 22 -22 23 26 25 -20 -21 -28 -2 -30
right_child=1 2 -4 12 -6 8 -8 17 10 -11 11 -13 -14 -15 -16 -17 -18 -19 19 20 21 -23 -24 -25 -26 -27 27 -29 29 -31
leaf_value=-5.6751143514413155e-05 -1.9900605261624992e-05 2.3050155315944565e-05 0.00016902227344483655 -1.2882592341652964e-05 0.00017442729057013051 4.2555631906107113e-05 0.00019753274089785776 -0.00065278517163574687 -3.3041491075691543e-05 -1.0285264049081783e-05 -4.8621922149171267e-05 0.00013684023505373564 -5.0081162005156938e-06 -1.653222912157637e-05 0.00010531015690835143 2.1696306954711029e-05 -0.0001026696832237206 1.0346105401703997e-05 -0.0021222521421719685 -5.5295302180499888e-06 0.0034502305800056497 0.00086912132060680493 0.005693592525991116 -0.0011530857334983336 0.00023862782681941162 -0.00048903473854729489 4.2776450074137544e-05 0.0022102547980472425 0.00042404192952746168 -1.719626652893047e-05
leaf_weight=232 67662 2464 527 767 244 222 263 201 425 558 390 205 1442 213 368 252 200 205 278 249 292 333 224 223 200 217 255 325 10950 17004
leaf_count=232 67662 2464 527 767 244 222 263 201 425 558 390 205 1442 213 368 252 200 205 278 249 292 333 224 223 200 217 255 325 10950 17004
internal_value=-3.68732e-05 0.000153167 0.0037403 -0.00664115 0.0028425 0.00226122 0.0042543 0.00275478 -0.000486842 -0.0131321 -0.00450732 -0.00025 -0.00429539 0.00278571 0.00469914 0.00114875 -0.00351288 -0.00525547 -7.26962e-05 0.00272203 0.00662644 0.0123333 0.00379391 0.00153264 -0.00792857 -0.01206 0.00435252 0.00779487 -0.000148712 0.00057942
internal_weight=107390 104391 6179 2999 5652 5408 3133 2870 2275 790 1020 595 2209 1255 1042 674 422 406 98212 2596 1901 625 1276 1052 695 495 829 580 95616 27954
internal_count=107390 104391 6179 2999 5652 5408 3133 2870 2275 790 1020 595 2209 1255 1042 674 422 406 98212 2596 1901 625 1276 1052 695 495 829 580 95616 27954
is_linear=0
shrinkage=0.03


Tree=221
num_leaves=31
num_cat=0
split_feature=21 12 5 12 29 1 18 28 1 29 23 19 15 21 28 25 28 16 5 26 26 25 17 24 18 16 29 28 11 28
split_gain=133.64 99.3473 48.6656 33.9458 32.4713 31.056 27.0513 36.6565 27.3345 33.6559 57.7417 51.2732 40.23 32.8666 94.5729 37.06 41.7535 33.9233 37.6509 31.4924 35.3828 29.1818 25.8636 25.2308 25.146 51.608 38.6085 54.7857 24.9015 66.0349
threshold=1.840833333333334 11.075000000000001 0.97000190646071449 0.8650000000000001 77.500000000000014 16.650000000000002 13.285000000000002 954.6500000000002 30.750000000000004 18.500000000000004 6.995000000000001 4.2312500000000011 -0.45999999999999924 6.7095833333333337 945.75000000000011 1.0600261096605748 948.85000000000002 2.6750000000000003 0.090080156196347475 -0.52247866957162958 -0.98321746822993583 1.0391954720032346 12.945000000000002 5.8500000000000005 12.885000000000003 12.975000000000003 84.500000000000014 955.1500000000002 7.5750000000000011 949.1500000000002
decision_type=2 8 2 10 2 2 8 2 2 2 2 2 10 2 2 2 2 10 2 2 2 2 2 2 10 10 2 2 10 2
left_child=3 6 24 5 -5 -1 8 -8 9 10 11 21 -13 15 -15 -10 17 -17 -19 20 -16 -2 -9 -20 25 -3 27 -26 -11 -30
right_child=1 2 -4 4 -6 -7 7 22 13 28 -12 12 -14 14 19 16 -18 18 23 -21 -22 -23 -24 -25 26 -27 -28 -29 29 -31
leaf_value=-9.5314120609395544e-06 0.00066026114721118594 0.00012871249144993824 0.00015932937235092257 -8.8590776660062838e-06 7.273521135845416e-06 -3.590355560864143e-05 0.00027155864339665044 0.00018847833997016783 0.00033633185246075296 -1.1658640832714478e-06 0.00011767358562930763 -0.0023044628178776308 -0.001508482444182798 0.0019996432388488848 -0.00010166351822430058 -0.00049158597984165259 0.0017326645249470627 0.00039556744949704152 -0.0016010682786575759 0.00138122807432343 -0.0033794493974080939 -0.0002300855792565018 -1.9415668894542382e-05 -0.00042116559048409162 1.0695085606271526e-05 0.00012012722146530929 0.00019591550081915932 -1.9245694266413205e-05 -0.0012431508020352613 -1.1776704495521927e-05
leaf_weight=567 241 2886 201 1908 296 227 370 220 2325 68965 317 363 640 1532 260 715 243 713 239 267 279 267 415 1406 1943 735 345 877 4023 14224
leaf_count=567 241 2886 201 1908 296 227 370 220 2325 68965 317 363 640 1532 260 715 243 713 239 267 279 267 415 1406 1943 735 345 877 4023 14224
internal_value=-9.3599e-05 8.48442e-05 0.00353976 -0.00633367 -0.00440018 -0.0116395 -0.000161585 0.00472277 -0.000212422 -0.000363187 -0.00438625 -0.00682718 -0.010744 0.00146919 0.00445583 0.00022848 -0.00180668 -0.00275828 -0.00101566 -0.0038471 -0.00799632 0.000935673 0.000328125 -0.00350909 0.00310116 0.00480695 0.00114511 -2.12389e-05 -0.000278615 -0.00126397
internal_weight=108009 105011 6987 2998 2204 794 98024 1005 97019 89040 1828 1511 1003 7979 2338 5641 3316 3073 2358 806 539 508 635 1645 6786 3621 3165 2820 87212 18247
internal_count=108009 105011 6987 2998 2204 794 98024 1005 97019 89040 1828 1511 1003 7979 2338 5641 3316 3073 2358 806 539 508 635 1645 6786 3621 3165 2820 87212 18247
is_linear=0
shrinkage=0.03


Tree=222
num_leaves=31
num_cat=0
split_feature=12 22 16 23 1 11 29 29 16 1 18 25 9 1 28 28 1 25 12 8 8 24 16 17 11 22 17 1 1 8
split_gain=111.644 97.8613 48.8757 38.7798 47.5748 34.0655 35.0933 32.4767 31.8918 35.3724 31.4298 47.6323 29.5973 54.1384 60.0727 37.4437 46.0805 30.6548 29.9374 29.4463 23.5325 22.3405 21.8936 20.4501 19.2502 19.2462 18.6224 27.1258 36.2722 25.2653
threshold=11.075000000000001 0.02346721918595138 16.875000000000004 0.77000000000000013 16.650000000000002 2.3150000000000004 78.500000000000014 18.500000000000004 14.905000000000003 6.0500000000000007 13.085000000000003 1.8977484759285177 3.5000000000000004 5.2500000000000009 953.05000000000007 963.55000000000007 24.150000000000002 1.2351636520241174 13.375000000000002 12.500000000000002 6.5000000000000009 17.050000000000004 1.925 1.2650000000000003 11.825000000000001 0.96499854392382789 15.235000000000001 17.050000000000004 12.65 18.500000000000004
decision_type=8 2 10 2 2 10 2 2 8 2 8 2 2 2 2 2 2 2 10 2 2 2 8 2 10 2 2 2 2 2
left_child=1 3 7 4 -1 6 22 -2 12 -10 24 19 15 -14 17 16 26 -15 -19 20 -12 -20 23 -5 25 -3 27 28 -9 -29
right_child=2 10 -4 5 -6 -7 -8 8 9 -11 11 -13 13 14 -16 -17 -18 18 21 -21 -22 -23 -24 -25 -26 -27 -28 29 -30 -31
leaf_value=-9.4035371385575887e-06 -0.003269130493025092 -5.9456025341345431e-06 0.00016331700682844952 -7.1464196843034567e-05 3.826658628786811e-05 0.00010046357253150176 1.0608318294365054e-05 2.2388327763332991e-05 3.4235405498620474e-05 -2.0971900072636052e-05 1.3189701356861594e-05 0.00096584920055421957 0.0003210888789527588 0.0010673481204534628 -2.7282261624215765e-05 -0.00021707960965117735 -0.00028613276436179611 4.2552486596844071e-05 0.00031371304274457776 0.000158218257388818 -0.00022298381936523335 0.00040119032678215369 -5.2228569647639989e-06 -9.4041021213583922e-06 -0.0013745133090746807 3.7950531579449276e-05 3.4875254709202386e-05 0.0005195742598484099 -0.00064588801890474383 0.00013137632956842669
leaf_weight=639 203 94828 233 459 200 531 211 957 285 359 263 270 486 206 526 276 447 729 363 320 276 209 457 688 1048 267 543 455 358 263
leaf_count=639 203 94828 233 459 200 531 211 957 285 359 263 270 486 206 526 276 447 729 363 320 276 209 457 688 1048 267 543 455 358 263
internal_value=-3.9959e-05 -0.000293544 0.00365059 -0.00546395 -0.0109834 -0.00347086 -0.00542308 0.00317091 0.00354415 -0.0027735 -0.000123976 0.00484127 0.00424523 0.00669176 0.00451914 0.00236985 0.00333884 0.00755952 0.00581164 0.00135417 -0.00292279 0.0109185 -0.00693599 -0.00914062 -0.000182531 -0.000137855 0.00488183 0.0035476 0.000977273 0.00821577
internal_weight=107355 100457 6898 3185 839 2346 1815 6665 6462 644 97272 1129 5818 2519 2033 3299 3023 1507 1301 859 539 572 1604 1147 96143 95095 2576 2033 1315 718
internal_count=107355 100457 6898 3185 839 2346 1815 6665 6462 644 97272 1129 5818 2519 2033 3299 3023 1507 1301 859 539 572 1604 1147 96143 95095 2576 2033 1315 718
is_linear=0
shrinkage=0.03


Tree=223
num_leaves=31
num_cat=0
split_feature=21 22 28 12 5 28 22 1 1 25 9 25 5 29 20 29 2 24 29 11 17 1 21 16 14 8 12 16 20 9
split_gain=112.062 86.5107 61.9135 47.1033 41.178 43.9984 44.1695 41.0324 36.5995 32.817 27.268 46.0973 42.5315 27.2135 27.1713 26.1839 32.6654 25.7898 25.5895 23.0455 28.1793 31.3807 22.4417 22.8881 22.1129 20.4729 39.7795 20.3843 20.2286 19.7567
threshold=1.840833333333334 0.94732539093081747 966.6500000000002 0.8650000000000001 0.97000190646071449 951.6500000000002 0.96998519565306751 16.650000000000002 2.2500000000000004 1.706594202898551 1.0000000180025095e-35 1.9311833748096423 0.9189768832285462 56.500000000000007 4.5401220118236933 31.500000000000004 1.2070543490138486 15.950000000000001 77.500000000000014 2.3150000000000004 1.2650000000000003 10.65 6.9137500000000012 5.9250000000000007 0.50806823688688341 10.500000000000002 10.005000000000001 1.925 2.3338978482351265 3.5000000000000004
decision_type=2 2 2 10 2 2 2 2 2 2 2 2 2 2 2 2 2 2 2 10 2 2 2 8 2 2 10 8 2 2
left_child=3 14 4 7 5 8 10 -1 -3 13 -7 12 25 -10 29 -16 22 -15 19 20 27 -22 -17 -24 -14 -12 -27 -5 -4 -2
right_child=1 2 28 18 -6 6 -8 -9 9 -11 11 -13 24 17 15 16 -18 -19 -20 -21 21 -23 23 -25 -26 26 -28 -29 -30 -31
leaf_value=-9.2744180492969344e-06 6.0785915937863236e-06 0.00019754520431736756 0.00022325879430566407 -6.3043737505351981e-05 0.00014304111743845827 -8.6093783634105797e-05 -1.4961976380618579e-05 -8.8733456773051883e-06 0.00018172681618690566 -0.0002407595781190963 -0.00010083535641037699 0.00014375778497257907 2.61123850810685e-05 0.00012436586165455509 -0.0013393936860675074 0.0010497779159209229 -0.00044760692803661655 -6.3167284333208725e-05 6.6359576354344841e-06 0.00022294320383524965 -4.8556221642707254e-06 4.4419517183121432e-05 0.0008763672855044369 0.0048613175824157298 8.9606097383898568e-06 0.00010862848551273062 -1.6320799675535459e-05 -3.9952085699549063e-06 7.1237336600328267e-05 -3.9125881905074761e-05
leaf_weight=562 55982 205 320 477 203 253 595 223 641 327 402 205 536 205 257 575 333 229 292 214 345 584 200 492 766 272 313 316 205 41265
leaf_count=562 55982 205 320 477 203 253 595 223 641 327 402 205 536 205 257 575 333 229 292 214 345 584 200 492 766 272 313 316 205 41265
internal_value=-0.000115771 4.83843e-05 0.00364836 -0.00581511 0.00264107 0.00208922 0.000125486 -0.0121139 0.00616005 0.00439232 0.00173328 0.00268908 0.00145161 0.00691667 -0.000158008 0.00343179 0.00485981 0.00109339 -0.00357367 -0.00482226 -0.00597568 -0.00240899 0.00705189 0.0106743 0.00500383 -0.00323589 0.000355932 -0.0101128 0.0134151 -0.000226731
internal_weight=107794 104781 5677 3013 5152 4949 3342 785 1607 1402 2747 2494 2289 1075 99104 1857 1600 434 2228 1936 1722 929 1267 692 1302 987 585 793 525 97247
internal_count=107794 104781 5677 3013 5152 4949 3342 785 1607 1402 2747 2494 2289 1075 99104 1857 1600 434 2228 1936 1722 929 1267 692 1302 987 585 793 525 97247
is_linear=0
shrinkage=0.03


Tree=224
num_leaves=31
num_cat=0
split_feature=21 12 5 12 29 18 16 29 28 1 18 8 17 18 15 28 1 16 22 28 26 13 1 21 18 20 21 20 22 8
split_gain=117.638 76.7677 53.9385 33.4646 33.4366 30.9787 39.9369 30.2001 42.3464 29.931 27.8635 52.131 23.8459 22.6762 21.416 38.4771 35.3344 31.6608 31.2507 51.2255 37.5845 36.0528 28.8498 26.7075 25.9099 24.9398 29.0182 24.7686 27.3793 24.7157
threshold=1.7204166666666669 11.075000000000001 0.97000190646071449 0.92500000000000016 77.500000000000014 12.885000000000003 12.975000000000003 87.500000000000014 955.1500000000002 16.250000000000004 13.085000000000003 15.500000000000002 13.025 15.035000000000002 0.50000000000000044 968.25000000000011 37.750000000000007 14.425000000000002 0.039824846654393696 954.75000000000011 -0.55191596924288666 0.91166666666666674 3.0500000000000003 1.840833333333334 2.2650000000000001 4.5401220118236933 6.1212500000000007 1.0598230984461514 0.022669593179473289 14.500000000000002
decision_type=2 8 2 10 2 10 10 2 2 2 8 2 2 10 10 2 2 10 2 2 2 2 2 2 10 2 2 2 2 2
left_child=3 10 5 9 -5 6 -3 8 -7 -1 14 12 -12 -14 16 -16 17 18 19 20 -2 -22 -19 -21 27 29 -27 28 -23 -20
right_child=1 2 -4 4 -6 7 -8 -9 -10 -11 11 -13 13 -15 15 -17 -18 22 25 23 21 24 -24 -25 -26 26 -28 -29 -30 -31
leaf_value=-8.5894951617896873e-06 -7.48098757840151e-05 0.00014246078834279308 0.00014679764196146139 -8.37919692715871e-06 9.8811039660132945e-06 1.2612296090741547e-05 0.00010633544257989791 0.00025192162638948743 -1.9893883779037445e-05 -4.5669257747584492e-05 0.00051363411138962702 0.00046500930104619194 -0.00018622825887913751 7.354316433988428e-06 1.8646311126893631e-05 0.0015616646336711769 -0.00046167852508954003 0.0002202605514660233 -9.0600273599201475e-05 -4.7099534993425873e-06 -9.7719128726111358e-05 0.00020606572173785897 4.6131266359950021e-06 3.629246089233526e-05 0.00040480305220850393 -0.00019251095096930765 0.0032057369239570765 0.00028652927124431287 -9.2644003175798982e-05 -7.656169045101787e-06
leaf_weight=469 1593 2815 216 1250 200 1988 731 201 945 202 262 339 269 235 23424 451 374 212 39431 325 209 303 335 2665 665 524 630 967 707 24500
leaf_count=469 1593 2815 216 1250 200 1988 731 201 945 202 262 339 269 235 23424 451 374 212 39431 325 209 303 335 2665 665 524 630 967 707 24500
internal_value=-0.000139331 1.70906e-06 0.00306043 -0.00712606 -0.00453608 0.00257592 0.00449451 0.000401402 -0.000377808 -0.0126479 -0.000212751 0.00451351 0.000155642 -0.00365422 -0.000266646 0.000513819 -0.000520389 -0.000472965 -0.000527412 0.00131469 -0.000728254 0.00133403 0.00668478 0.00434725 0.00228938 -0.000737901 0.00362381 0.00056004 -0.00271921 -0.000816911
internal_weight=107437 105316 6896 2121 1450 6680 3546 3134 2933 671 98420 1105 766 504 97315 23875 73440 73066 72519 7434 4444 2851 547 2990 2642 65085 1154 1977 1010 63931
internal_count=107437 105316 6896 2121 1450 6680 3546 3134 2933 671 98420 1105 766 504 97315 23875 73440 73066 72519 7434 4444 2851 547 2990 2642 65085 1154 1977 1010 63931
is_linear=0
shrinkage=0.03


Tree=225
num_leaves=31
num_cat=0
split_feature=21 21 1 27 12 27 11 10 10 1 28 27 28 8 9 22 18 26 12 23 8 28 18 1 8 11 10 9 28 28
split_gain=110.873 77.0863 56.1823 59.8484 46.8096 44.5445 43.5585 56.1159 57.6665 38.8506 37.8161 64.846 36.4869 29.1201 29.279 25.7613 27.1527 28.7687 22.7562 22.6793 27.7324 46.2312 24.2593 22.2323 22.0832 37.8405 52.5947 77.3661 79.9381 119.407
threshold=1.840833333333334 11.906666666666668 3.8500000000000001 -0.33379414889141251 0.8650000000000001 0.31729257441605191 16.425000000000004 1.5000000000000002 10.500000000000002 15.850000000000003 955.75000000000011 0.21643137258081221 951.6500000000002 19.500000000000004 1.5000000000000002 0.96998519565306751 10.475000000000003 -0.94828754594723508 12.475000000000003 0.45500000000000007 10.500000000000002 960.55000000000007 1.2450000000000003 10.65 14.500000000000002 9.8450000000000006 6.5000000000000009 5.5000000000000009 954.45000000000016 958.75000000000011
decision_type=2 2 2 2 10 2 8 2 2 2 2 2 2 2 2 2 8 2 8 2 2 2 10 2 2 10 2 2 2 2
left_child=4 18 3 -3 9 12 7 -5 -9 -1 -10 -12 13 14 -4 16 -14 -18 24 -6 21 22 -21 -17 -2 26 -26 28 -28 -30
right_child=1 2 5 6 19 -7 -8 8 10 -11 11 -13 15 -15 -16 23 17 -19 -20 20 -22 -23 -24 -25 25 -27 27 -29 29 -31
leaf_value=-8.9072363163106629e-06 -2.3124305848510327e-05 -4.8880151140607841e-05 -2.8855021791148737e-05 0.00031974127196196408 -6.484397814785856e-06 -3.519768906330212e-05 0.00016520076612357436 -4.6359356684587683e-05 0.00013892988739678481 -3.3785033945935102e-05 0.00015707342382554224 -2.2992328729423693e-05 -1.836465715390756e-05 -0.00051545875048863814 0.00019064403445134159 -2.6993003864056452e-05 -8.0190378810573997e-07 1.7288624359423908e-05 0.00079334571982702881 0.00030337246762736445 -8.9198736199585203e-06 5.3050733563348068e-05 -4.8284471629916213e-05 -4.3907168910806144e-06 0.00019848588733820561 -0.00050280606798029474 -0.00038450891074122439 0.00069776744076336153 0.0010533198748969594 -0.00012922719891419142
leaf_weight=561 60951 228 246 433 249 245 213 333 315 249 515 276 276 278 963 205 923 501 963 393 924 210 418 215 15840 2757 9339 2496 2628 3694
leaf_count=561 60951 228 246 433 249 245 213 333 315 249 515 276 276 278 963 205 923 501 963 393 924 210 418 215 15840 2757 9339 2496 2628 3694
internal_value=-0.000104876 5.80896e-05 0.00331118 0.00700173 -0.00578265 0.00108893 0.00859809 0.00709643 0.00421745 -0.0119264 0.00750675 0.00395729 0.00193522 0.00552949 0.00753707 -0.000592941 0.00105572 0.00272918 -0.000145329 -0.0034925 -0.00238462 0.00102339 -0.00224265 -0.0072 -0.000190666 0.000390109 0.000664373 -0.000437727 -0.00121984 0.00138454
internal_weight=107837 104833 6165 2313 3004 3852 2085 1872 1439 810 1106 791 3607 1487 1209 2120 1700 1424 98668 2194 1945 1021 811 420 97705 36754 33997 18157 15661 6322
internal_count=107837 104833 6165 2313 3004 3852 2085 1872 1439 810 1106 791 3607 1487 1209 2120 1700 1424 98668 2194 1945 1021 811 420 97705 36754 33997 18157 15661 6322
is_linear=0
shrinkage=0.03


Tree=226
num_leaves=31
num_cat=0
split_feature=22 5 12 12 1 1 28 28 16 28 26 15 13 24 14 16 16 9 5 3 8 1 24 28 15 1 9 19 16 1
split_gain=82.8316 67.3287 50.1682 42.8049 38.3776 34.381 65.7291 52.0359 41.4674 54.0275 42.1316 40.1622 32.1971 42.2475 30.033 28.6114 26.0942 25.2536 24.7426 24.5357 24.3986 45.3886 59.0507 44.9396 44.6221 51.0529 50.2128 43.4482 39.6082 36.5267
threshold=0.02346721918595138 0.97000190646071449 10.095000000000001 0.8650000000000001 16.650000000000002 3.8500000000000001 958.1500000000002 953.45000000000016 10.915000000000001 964.75000000000011 -0.95368063612909426 0.29999999999999999 14.778333333333338 12.15 1.153964181997569 12.875000000000002 9.6850000000000005 1.5000000000000002 0.043242549069275917 0.75102743252320103 12.500000000000002 17.050000000000004 3.7500000000000004 945.95000000000016 -0.25999999999999929 -1.0000000180025095e-35 5.5000000000000009 12.063750000000001 1.8750000000000002 -2.9499999999999997
decision_type=2 2 8 10 2 2 2 2 10 2 2 10 2 2 2 10 10 2 2 2 2 2 2 2 10 2 2 2 10 2
left_child=3 2 20 4 19 6 -4 -7 -8 10 -10 15 13 14 -9 -11 -15 -18 -5 -1 -2 22 24 -23 -22 -26 -27 29 -25 -24
right_child=1 -3 5 18 -6 7 8 12 9 11 -12 -13 -14 16 -16 -17 17 -19 -20 -21 21 23 27 28 25 26 -28 -29 -30 -31
leaf_value=-9.0122710306382497e-06 -2.5169250347415496e-05 0.00013856656421288636 0.00019305490073601937 -9.0604028645108192e-06 -4.9310937450572322e-05 9.2371119358710673e-05 -0.0007891150719315864 -0.00034462966065679001 0.00017694616114564908 8.2299715592418769e-05 -4.6058485798285976e-05 -2.6393869661489597e-06 -3.8376449020918192e-05 -0.0030590659842840763 0.00010984238641454813 0.00023393901343347399 2.5077997641183014e-05 6.8049975101236449e-07 0.00096820850631560188 -6.7497865228491067e-06 0.00012603202260975724 0.00020091101137864609 0.00068200532884916672 0.00015691927698224521 -0.0001102000199602926 -5.983267515887475e-05 0.0010298645433367087 0.00018695237413510424 -0.00026340132283234053 0.00013547935587615801
leaf_weight=236 51578 222 712 2227 216 5135 372 503 243 216 290 204 285 207 214 302 376 877 223 250 2115 7596 1989 1112 1171 1821 289 333 12142 13817
leaf_count=236 51578 222 712 2227 216 5135 372 503 243 216 290 204 285 207 214 302 376 877 223 250 2115 7596 1989 1112 1171 1821 289 333 12142 13817
internal_value=-7.80216e-05 6.71302e-05 3.14714e-05 -0.00486538 -0.011372 0.00205814 0.00523464 0.00107735 0.00189338 0.0045 -0.00273234 0.00982118 -0.00250507 -0.00125115 -0.00718837 0.0142256 0.00167918 0.00331479 -0.00298167 -0.0160081 -0.000182935 0.000350318 0.00131616 -0.000647327 -0.00139974 -0.00358795 -0.000794326 0.00222436 -0.00170149 0.00199608
internal_weight=107273 104121 103899 3152 702 9936 2339 7597 1627 1255 533 722 2462 2177 717 518 1460 1253 2450 486 93963 42385 21535 20850 5396 3281 2110 16139 13254 15806
internal_count=107273 104121 103899 3152 702 9936 2339 7597 1627 1255 533 722 2462 2177 717 518 1460 1253 2450 486 93963 42385 21535 20850 5396 3281 2110 16139 13254 15806
is_linear=0
shrinkage=0.03


Tree=227
num_leaves=31
num_cat=0
split_feature=21 16 12 2 12 28 24 27 23 8 17 26 21 9 8 2 17 29 2 22 8 9 12 27 9 28 9 2 20 28
split_gain=109.871 70.1433 39.243 34.8759 44.9283 37.6371 28.8833 26.2569 24.8501 25.0068 51.5651 47.202 58.5901 56.3242 49.8383 41.1673 41.1124 58.5518 45.9542 80.544 69.3517 51.5011 54.6617 48.9716 59.216 59.6462 48.3924 47.33 47.0627 46.6674
threshold=1.840833333333334 16.875000000000004 11.075000000000001 1.1392095659328323 0.71500000000000008 957.6500000000002 2.0500000000000003 0.25881904510252057 7.6250000000000009 12.500000000000002 3.6750000000000003 0.99809679250719918 11.63625 1.5000000000000002 18.500000000000004 1.206613496409928 7.0050000000000008 61.500000000000007 1.1858247485307782 0.10053556049081336 4.5000000000000009 5.5000000000000009 3.7650000000000001 0.10452846326765323 1.0000000180025095e-35 959.95000000000016 2.5000000000000004 1.2154921835164567 2.3990970511479963 943.55000000000007
decision_type=2 10 8 2 10 2 2 2 2 2 2 2 2 2 2 2 2 2 2 2 2 2 10 2 2 2 2 2 2 2
left_child=3 2 8 6 -5 -6 -1 -4 9 10 -2 12 -11 -13 -15 -14 17 -12 21 27 23 -18 -23 -21 -25 26 -26 -20 -28 -24
right_child=1 -3 7 4 5 -7 -8 -9 -10 11 16 13 15 14 -16 -17 18 -19 19 20 -22 22 29 24 25 -27 28 -29 -30 -31
leaf_value=0.00066032534915192885 3.5650929759979618e-05 0.00014056103711753809 2.7948982671625045e-05 -8.6268616378120183e-06 -1.7638195500052253e-05 -1.8945446615527791e-06 -7.3757678831011455e-05 -1.4736321693719078e-05 -5.1299396501638391e-05 3.5326041067552523e-05 -0.00023214118299358163 0.00053243247213622053 2.4577593518188002e-05 0.00028818364813408824 -0.0013410586119748566 0.000333963263081829 1.0361179188005249e-05 -3.5269682175856179e-06 -0.00012392834419066491 0.00060249466531433159 -0.00062250954015008963 -0.00060813154821297765 -0.0013558716343243682 -0.0021915334568369861 0.0025243506878898786 -0.00062177658331586132 -0.0010479926019378116 0.00019817665015979758 0.00077407482088341021 0.0019486409937043969
leaf_weight=245 12226 271 6250 411 504 915 892 438 2595 40023 7798 582 340 369 906 272 11688 6697 252 2308 6684 365 203 392 386 798 325 608 492 1495
leaf_count=245 12226 271 6250 411 504 915 892 438 2595 40023 7798 582 340 369 906 272 11688 6697 252 2308 6684 365 203 392 386 798 325 608 492 1495
internal_value=-0.000156495 4.8679e-06 -3.50249e-05 -0.00584455 -0.00840327 -0.00583567 -0.00170753 0.00218736 -0.000187099 -0.000108072 -0.000544554 0.000433442 0.000647392 -0.00423738 -0.00775781 0.00982172 -0.0010601 -0.00234 -0.000346141 -0.00168245 -0.00235206 0.000843995 0.00520793 0.000439864 -0.00256464 -0.000463609 0.00375 0.00714451 -0.00040146 0.00746917
internal_weight=107730 104763 104492 2967 1830 1419 1137 6688 97804 95209 52717 42492 40635 1857 1275 612 40491 14495 25996 12245 11385 13751 2063 4701 2393 2001 1203 860 817 1698
internal_count=107730 104763 104492 2967 1830 1419 1137 6688 97804 95209 52717 42492 40635 1857 1275 612 40491 14495 25996 12245 11385 13751 2063 4701 2393 2001 1203 860 817 1698
is_linear=0
shrinkage=0.03


Tree=228
num_leaves=31
num_cat=0
split_feature=21 5 12 10 28 28 16 26 29 12 1 18 10 23 20 15 21 0 28 28 26 29 14 0 28 10 10 28 28 25
split_gain=106.118 74.3255 49.7873 35.1167 60.0055 35.6447 48.758 39.0168 34.7841 34.3918 32.5857 31.0534 35.9102 31.5772 28.2058 27.8943 27.336 34.8222 24.5318 24.041 23.7384 25.0763 27.2137 23.3171 23.3067 26.9466 21.3812 43.3912 41.1992 34.6927
threshold=1.840833333333334 0.97000190646071449 10.095000000000001 11.500000000000002 958.75000000000011 952.25000000000011 14.905000000000003 -0.97988739209073461 22.500000000000004 0.8650000000000001 16.250000000000004 13.475000000000003 11.500000000000002 7.6950000000000012 2.2899226661347583 -0.24999999999999994 10.141250000000003 10.095000000000001 973.95000000000016 958.1500000000002 0.92384435400961407 55.500000000000007 0.97664390790571243 10.825000000000001 953.45000000000016 9.5000000000000018 5.5000000000000009 946.6500000000002 948.6500000000002 1.4803660263879492
decision_type=2 2 8 2 2 2 8 2 2 10 2 8 2 2 2 10 2 2 2 2 2 2 2 2 2 2 2 2 2 2
left_child=9 2 11 5 -5 8 7 24 -4 10 -1 13 -13 18 20 -8 -15 -18 -2 -16 21 -9 -23 -22 -7 -26 27 -10 -28 -30
right_child=1 -3 3 4 -6 6 15 14 26 -11 -12 12 -14 16 19 -17 17 -19 -20 -21 23 22 -24 -25 25 -27 28 -29 29 -31
leaf_value=-8.0682378275626596e-06 -1.4186539203765316e-05 0.00013435420476961334 -0.00061218001576675231 0.00014194548371491809 1.1385817680239495e-05 7.0685342508101652e-05 -5.0486021560425253e-06 -2.7821802783977166e-05 0.0014027008486182358 -4.6604249391121906e-06 -3.946703916431643e-05 0.00024492440740646158 -8.952192277846105e-05 -0.0020381274073828933 2.3163659319217489e-05 -3.0469687604989246e-05 4.5090543145646084e-05 -0.00011950312532006624 0.0014245529087359196 -3.3816272810087701e-05 6.0901686556447116e-06 4.4848263496426455e-05 -0.00026771219095926389 0.00012430282582189144 -0.00071978471771302346 3.9074336414496309e-05 -0.00024781262298365303 0.00015784619523652566 0.00021970966390740475 4.4698040500210646e-05
leaf_weight=535 91758 210 610 352 525 202 200 420 308 2223 245 455 228 774 428 263 342 263 447 334 200 828 257 299 763 325 1273 1454 462 503
leaf_count=535 91758 210 610 352 525 202 200 420 308 2223 245 455 228 774 428 263 342 263 447 334 200 828 257 299 763 325 1273 1454 462 503
internal_value=-0.000199272 -3.93347e-05 -7.56631e-05 0.00193587 0.00765306 0.00138275 -0.00051061 0.000546663 0.00323727 -0.00575465 -0.0111592 -0.000289269 0.00606105 -0.000335937 0.00255503 -0.00967949 -0.00483382 -4.91803e-05 -0.000268409 -0.00234681 0.00442011 0.00252318 0.00492661 0.0100595 -0.0037529 -0.00548948 0.00425468 0.00672326 0.00230049 0.00695876
internal_weight=107486 104483 104273 10006 877 9129 4519 4056 4610 3003 780 94267 683 93584 2766 463 1379 605 92205 762 2004 1505 1085 499 1290 1088 4000 1762 2238 965
internal_count=107486 104483 104273 10006 877 9129 4519 4056 4610 3003 780 94267 683 93584 2766 463 1379 605 92205 762 2004 1505 1085 499 1290 1088 4000 1762 2238 965
is_linear=0
shrinkage=0.03


Tree=229
num_leaves=31
num_cat=0
split_feature=21 12 2 28 28 18 14 5 8 12 16 25 2 2 27 28 2 8 26 0 9 23 0 17 16 27 8 8 15 28
split_gain=113.63 73.7925 61.2952 67.4414 50.8039 43.3931 42.8828 55.6492 38.5692 37.4372 29.3574 31.1107 29.0287 28.5362 35.7178 26.8772 25.3127 26.1571 32.1797 23.6428 23.2428 22.7664 22.474 25.686 28.8255 21.7819 32.7589 21.5412 21.3368 38.0037
threshold=1.7204166666666669 10.095000000000001 1.192674278209233 957.6500000000002 952.25000000000011 13.475000000000003 0.28095076674278213 0.96787412904351522 15.500000000000002 0.71500000000000008 14.905000000000003 1.4194111717617102 1.2013482735312624 1.1112370455572069 0.2334364749717662 948.35000000000002 1.1399957699588728 16.500000000000004 -0.93038214053199442 10.945000000000002 2.5000000000000004 8.0050000000000008 9.0450000000000017 12.425000000000002 9.3050000000000015 0.095842103007655569 12.500000000000002 11.500000000000002 -0.56999999999999951 967.95000000000016
decision_type=2 8 2 2 2 8 2 2 2 10 10 2 2 2 2 2 2 2 2 2 2 2 2 2 10 2 2 2 10 2
left_child=9 5 4 -4 13 19 -5 12 20 -1 11 25 -8 15 -15 22 -13 18 -18 28 -7 27 -3 24 -24 26 -6 -14 -2 -30
right_child=1 2 3 6 10 8 7 -9 -10 -11 -12 16 21 14 -16 -17 17 -19 -20 -21 -22 -23 23 -25 -26 -27 -28 -29 29 -31
leaf_value=-7.9608062613250801e-06 -4.6859761121861297e-05 0.0017832474339729042 0.00015597523163048244 0.00013740444590217726 0.00014719026890490204 7.7034293566423105e-05 6.6976350468359592e-05 0.00018443554734102308 0.00065968075382424386 -4.9548858967058718e-06 -2.2644848585686717e-05 0.00025544692042166585 -0.00013490457330927907 0.00021336429239270481 -0.00034645688007926113 0.00034166770507074618 -0.0013466275236319923 2.1333845489523993e-07 2.3407409449094362e-06 -0.0018658587635232836 -0.0001545903377191532 -0.00035469987882928212 -0.0011542919502826445 0.00027435707933402441 -0.0031651201490489177 -1.3925360408011399e-05 3.9538557480134352e-06 4.5466296694768317e-05 -1.2801608208325849e-06 0.00037675048166925464
leaf_weight=481 25429 253 674 579 284 204 216 202 222 1638 358 349 239 2554 244 468 551 484 208 474 258 306 422 293 325 222 731 246 67387 1236
leaf_count=481 25429 253 674 579 284 204 216 202 222 1638 358 349 239 2554 244 468 551 484 208 474 258 306 422 293 325 222 731 246 67387 1236
internal_value=-6.49979e-05 7.34185e-05 0.00249682 0.00661532 0.00118436 -0.000186525 0.00354713 0.000321252 0.00731495 -0.00693503 -0.00171992 -0.000688073 -0.00257905 0.00321429 0.00509454 0.000220838 -0.00345648 -0.00545673 -0.00891361 -0.000241191 0.00231263 -0.00523869 -0.00201079 -0.00396172 -0.0069016 0.0028744 0.00473529 -0.00116327 -0.000207321 6.77566e-05
internal_weight=107537 105418 10208 2462 7746 95210 1788 1209 684 2119 3187 2829 1007 4559 2798 1761 1592 1243 759 94526 462 791 1293 1040 747 1237 1015 485 94052 68623
internal_count=107537 105418 10208 2462 7746 95210 1788 1209 684 2119 3187 2829 1007 4559 2798 1761 1592 1243 759 94526 462 791 1293 1040 747 1237 1015 485 94052 68623
is_linear=0
shrinkage=0.03


Tree=230
num_leaves=31
num_cat=0
split_feature=21 21 1 27 9 16 27 9 16 24 18 1 20 29 13 20 26 26 21 9 10 1 16 8 27 10 16 20 27 25
split_gain=108.812 81.963 55.8689 53.7685 53.5858 46.5118 40.1852 36.0522 30.0163 24.8921 37.5702 34.6323 29.2736 27.1407 24.1189 23.9302 26.7906 23.888 23.5601 36.66 56.7014 79.4384 74.5512 68.5999 59.0647 55.3844 72.9601 49.8732 42.2561 40.5991
threshold=1.7204166666666669 11.906666666666668 3.8500000000000001 -0.33379414889141251 3.5000000000000004 14.905000000000003 0.31729257441605191 5.5000000000000009 14.905000000000003 16.250000000000004 10.475000000000003 12.65 0.6639528095680699 70.500000000000014 0.7266666666666669 2.1728514270746473 0.94828754594723541 -0.99140711019144601 7.8416666666666677 2.5000000000000004 11.500000000000002 -2.7499999999999996 10.445000000000002 5.5000000000000009 0.32556815445715659 1.5000000000000002 11.225000000000003 2.3864818945807795 0.17364817766693022 1.1457456775402437
decision_type=2 2 2 2 2 10 2 2 10 2 10 2 2 2 2 2 2 2 2 2 2 2 10 2 2 2 10 2 2 2
left_child=14 18 3 -3 5 15 9 8 -6 10 -4 13 -12 -11 -1 -5 -17 -13 -2 20 21 23 24 -20 -22 27 -27 -23 -28 -21
right_child=1 2 6 4 7 -7 -8 -9 -10 11 12 17 -14 -15 -16 16 -18 -19 19 29 22 25 -24 -25 -26 26 28 -29 -30 -31
leaf_value=-7.1501837964125718e-06 -1.3514526862523288e-05 -5.2155164245353264e-05 -1.1233110636862386e-05 9.9495665097225621e-05 0.00031375290250521324 8.524562490085929e-05 -3.0193531542381799e-05 2.0003732043815114e-05 5.3167887408359646e-05 -2.5212392186908517e-05 5.9058114033192498e-05 -3.9653438042867029e-05 3.2231110832591223e-05 1.2906482905250537e-06 -5.9647387014887494e-06 -0.0028499785914014785 1.5410320866255932e-05 5.187092323121756e-05 0.0018026911279194039 0.0010879722712076544 -0.0022073217363671933 0.00057007038778153051 0.00056759136255960852 -0.005312639124797177 0.0037633102186247934 0.00060295631513669677 -2.9385242514462506e-05 0.0051530093607696182 -0.00048464719954584897 -6.8289099193004081e-05
leaf_weight=296 72141 225 345 398 549 278 242 215 210 374 212 275 1376 256 1886 209 222 779 283 890 304 415 684 524 206 6817 1583 308 685 14448
leaf_count=296 72141 225 345 398 549 278 242 215 210 374 212 275 1376 256 1886 209 222 779 283 890 304 415 684 524 206 6817 1583 308 685 14448
internal_value=-1.58863e-05 0.00012147 0.0034765 0.00716573 0.0086721 0.0041277 0.00126553 0.0137896 0.0168455 0.0020624 0.0043808 -0.000603908 0.00632768 -0.00614173 -0.00663923 0.000539568 -0.00433486 0.00271955 -8.70152e-05 0.000666249 0.0019223 0.00122316 0.00810676 -0.00779557 -0.000582524 0.00196882 0.00133003 0.00993132 -0.003326 -0.000301115
internal_weight=107635 105453 6165 2306 2081 1107 3859 974 759 3617 1933 1684 1588 630 2182 829 431 1054 99288 27147 11809 10615 1194 807 510 9808 9085 723 2268 15338
internal_count=107635 105453 6165 2306 2081 1107 3859 974 759 3617 1933 1684 1588 630 2182 829 431 1054 99288 27147 11809 10615 1194 807 510 9808 9085 723 2268 15338
is_linear=0
shrinkage=0.03


Tree=231
num_leaves=31
num_cat=0
split_feature=21 21 28 16 19 28 16 15 18 2 11 29 28 9 29 16 1 9 1 16 15 9 1 27 10 29 27 1 23 5
split_gain=90.6957 79.8392 65.3957 36.0268 23.8895 48.8618 36.3315 34.5328 33.2358 32.949 55.0614 51.0103 34.0395 69.3882 68.2127 53.084 52.7688 49.4834 72.6198 73.1701 49.054 45.1345 44.3297 40.9768 35.9389 57.5672 48.184 40.3187 45.7903 35.627
threshold=1.840833333333334 11.906666666666668 966.6500000000002 16.875000000000004 2.6058333333333343 952.95000000000016 3.7250000000000005 0.68000000000000005 3.1950000000000007 1.2079370213572984 10.955000000000002 92.500000000000014 960.55000000000007 3.5000000000000004 74.500000000000014 4.035000000000001 -8.5499999999999989 3.5000000000000004 -1.9499999999999997 4.4750000000000005 0.074999999999999303 5.5000000000000009 -3.5499999999999994 -0.23343647497176648 9.5000000000000018 70.500000000000014 -0.13917310096006555 -2.3499999999999992 1.4650000000000001 0.4298399911906684
decision_type=2 2 2 8 2 2 8 10 10 2 10 2 2 2 2 10 2 2 2 10 10 2 2 2 2 2 2 2 2 2
left_child=-1 4 3 -3 5 -2 -6 8 -7 -8 11 12 17 -14 15 -15 -17 24 19 -19 -20 -18 23 -21 26 29 -11 28 -28 -26
right_child=1 2 -4 -5 6 7 9 -9 -10 10 -12 -13 13 14 -16 16 21 18 20 22 -22 -23 -24 -25 25 -27 27 -29 -30 -31
leaf_value=-6.3925459443855101e-06 -2.3199925947297565e-05 1.0765507423049492e-05 0.00015325456309426221 0.00014227498339290377 -7.5541698887142969e-05 4.3273932958961013e-05 3.3914372323889941e-05 -2.1587398041368436e-05 -1.5784047072198238e-05 -0.00023635065338946964 -0.0041586303120762017 0.0032912425833371722 -0.00017627431029103755 0.0022643700862685812 0.0015214862061189332 -0.00062033282375134309 0.00072539876159629561 0.0012354305219101109 -0.0017269398976892381 0.00021510253635548924 -0.00069074248132114803 -0.00055432871152228552 0.00017594252491908102 -0.0019107480043612601 -0.00034966262051822544 -0.0019183342739111597 0.00029532111978067298 0.0026008438437305731 -0.00017730193271709964 0.0007966267808442284
leaf_weight=2963 4563 5407 532 229 14748 3385 59130 508 358 724 293 273 4672 225 1223 200 742 372 900 331 937 276 752 849 359 337 201 629 1021 254
leaf_count=2963 4563 5407 532 229 14748 3385 59130 508 358 724 293 273 4672 225 1223 200 742 372 900 331 937 276 752 849 359 337 201 629 1021 254
internal_value=-5.44703e-05 9.24977e-05 0.00340191 0.00244637 -0.0001154 0.00137431 -0.000262261 0.00368656 0.0046825 6.42527e-06 -0.00122119 -0.000971731 -0.00120728 0.000253302 0.00411082 -0.000310773 -0.0027964 -0.00260461 -0.00482634 -0.00127328 -0.0092671 0 -0.00362416 -0.00724051 8.49858e-06 -0.00496335 0.00184884 0.00441272 0.00122249 0.000533981
internal_weight=107393 104430 6168 5636 98262 8814 89448 4251 3743 74700 15570 15277 15004 7338 2666 1443 1218 7666 4141 2304 1837 1018 1932 1180 3525 950 2575 1851 1222 613
internal_count=107393 104430 6168 5636 98262 8814 89448 4251 3743 74700 15570 15277 15004 7338 2666 1443 1218 7666 4141 2304 1837 1018 1932 1180 3525 950 2575 1851 1222 613
is_linear=0
shrinkage=0.03


Tree=232
num_leaves=31
num_cat=0
split_feature=21 21 28 16 23 8 28 9 9 10 8 27 24 16 14 9 23 14 9 3 15 15 2 19 28 14 11 8 28 8
split_gain=90.8034 64.1407 63.283 37.3956 24.6888 27.4121 42.1474 44.57 36.0199 24.6825 75.4377 56.987 47.9658 33.685 46.6338 28.3228 23.6604 22.533 22.2351 26.8724 20.1316 18.8789 33.55 36.229 65.5672 46.4427 33.8977 31.1223 31.3696 53.9637
threshold=1.840833333333334 11.906666666666668 966.6500000000002 16.875000000000004 0.45500000000000007 10.500000000000002 960.25000000000011 1.0000000180025095e-35 2.5000000000000004 11.500000000000002 13.500000000000002 0.21643137258081221 11.250000000000002 14.905000000000003 0.96762596079269159 2.5000000000000004 5.9650000000000007 2.4145565382950065 4.5000000000000009 1.4361203548695602 1.0000000180025095e-35 0.50000000000000044 1.0602399640762756 2.6412500000000008 955.35000000000002 1.3224724319747974 0.8650000000000001 1.0000000180025095e-35 967.35000000000002 13.500000000000002
decision_type=2 2 2 8 2 2 2 2 2 2 2 2 2 10 2 2 2 2 2 2 10 10 2 2 2 2 10 2 2 2
left_child=4 21 3 9 -1 6 7 -6 -9 12 11 -11 15 16 -15 -3 -14 -18 19 -7 -10 22 -2 24 26 -26 -24 -25 -29 -30
right_child=1 2 -4 -5 5 18 -8 8 20 10 -12 -13 13 14 -16 -17 17 -19 -20 -21 -22 -23 23 27 25 -27 -28 28 29 -31
leaf_value=-5.3020395901095739e-06 -0.00059489315990148266 -0.00076137946892123167 0.00015095444322247962 0.00013601145975086993 -0.00013311280760263519 -8.0465762404865158e-06 1.2914585406903644e-05 0.00063076718390903932 -4.5511320735397536e-05 0.00013108986040961224 0.00023876454646090615 -2.8130674176949364e-05 0.00010096996492541144 -2.5113833792073103e-05 5.7693397493033813e-05 -6.7008912686428164e-06 1.6812404514039423e-05 -0.0018094673684968909 -1.4968963208750254e-05 5.9109899096160261e-07 4.1549661985391639e-05 4.6793057281594003e-05 -0.00016093820794789147 0.00035592317927383125 4.2121326829223385e-05 -0.00010025306551670533 1.6416020334591648e-07 -5.5799603855997207e-05 -0.00068607140892267145 0.00011265690594148391
leaf_weight=441 267 233 521 238 218 404 280 313 331 204 260 281 229 275 267 354 3059 262 380 397 259 25371 281 2645 2663 228 4447 61027 914 574
leaf_count=441 267 233 521 238 218 404 280 313 331 204 260 281 229 275 267 354 3059 262 380 397 259 25371 281 2645 2663 228 4447 61027 914 574
internal_value=-0.000119579 2.86793e-05 0.00299127 0.00206458 -0.00524108 -0.00410514 -0.00125889 -0.00386323 -0.00089207 0.00154725 0.0066 -0.000428571 0.00073655 0.00188919 -0.0050457 -0.00724662 0.00295359 0.00230006 -0.00746206 -0.00457816 -0.0052437 -0.000157587 -0.000402459 -0.000363129 0.00159365 0.00514848 -0.00058314 -0.000592036 -0.000726967 -0.00502344
internal_weight=107623 104600 6183 5662 3023 2582 1401 1121 903 5424 745 485 4679 4092 542 587 3550 3321 1181 801 590 98417 73046 72779 7619 2891 4728 65160 62515 1488
internal_count=107623 104600 6183 5662 3023 2582 1401 1121 903 5424 745 485 4679 4092 542 587 3550 3321 1181 801 590 98417 73046 72779 7619 2891 4728 65160 62515 1488
is_linear=0
shrinkage=0.03


Tree=233
num_leaves=31
num_cat=0
split_feature=21 13 12 4 27 8 2 24 28 24 25 8 23 2 25 28 3 2 25 20 13 19 28 5 23 12 14 12 18 17
split_gain=89.8077 59.8955 35.6595 44.1241 35.6893 45.7614 34.9634 51.4032 39.8828 34.8922 29.6281 29.6136 61.4833 42.8338 28.2455 37.1478 28.2411 43.1754 30.6506 26.0373 43.233 27.1105 35.5644 38.2537 29.0847 27.9054 25.3166 25.2472 32.6412 33.7535
threshold=1.840833333333334 16.881666666666671 8.0750000000000011 0.6737946416448134 0.24192189559966756 4.5000000000000009 1.2030982347157242 12.15 959.6500000000002 19.050000000000004 1.8977484759285177 13.500000000000002 4.7950000000000008 1.1252410554535472 1.2351636520241174 948.85000000000002 0.75102743252320103 1.1376404066580079 2.0560468942821886 4.5401220118236933 2.5250000000000008 2.6058333333333343 955.05000000000007 0.019230610292493965 1.155 3.0750000000000006 0.21794494717703344 5.4650000000000007 5.9850000000000012 4.5050000000000008
decision_type=2 2 8 2 2 2 2 2 2 2 2 2 2 2 2 2 2 2 2 2 2 2 2 2 2 10 2 10 10 2
left_child=16 2 3 19 9 -6 8 10 11 -4 -8 13 -13 14 15 -7 17 -1 -18 21 -21 22 23 24 -2 26 -24 -23 -29 -30
right_child=1 -3 4 -5 5 6 7 -9 -10 -11 -12 12 -14 -15 -16 -17 18 -19 -20 20 -22 27 25 -25 -26 -27 -28 28 29 -31
leaf_value=0.00010395477271895078 -4.5516860402764338e-05 0.00011021963680838853 4.6576921115402122e-05 -0.001581884625525653 -0.0013444303325345643 0.0014868365265888501 -0.00034121203478740036 0.00020754632813627105 -5.69429288106843e-05 -3.6044350589238829e-05 0.00084178486212724887 0.0031470544941028166 -0.00077174698307158282 -2.2292482900366781e-05 0.0014820465560661754 -0.00019979753681814816 -2.7813496995584064e-06 -9.5967799226351425e-06 -6.2167034292647145e-06 -0.00044374156277977942 0.0031226394163084534 -6.4354285728650485e-05 0.00012568159810970314 1.5689986755956403e-05 -0.00017651284192127576 -5.0995401004651965e-05 2.2809167396283922e-05 0.00049489904267566826 -0.00079352032369381083 1.3749388083569292e-05
leaf_weight=210 329 378 17915 1448 260 264 279 261 424 536 218 203 690 708 272 225 1997 516 260 522 807 43790 495 4813 200 568 2306 7633 2258 16501
leaf_count=210 329 378 17915 1448 260 264 279 261 424 536 218 203 690 708 272 225 1997 516 260 522 807 43790 495 4813 200 568 2306 7633 2258 16501
internal_value=-8.27656e-05 6.4137e-05 2.04946e-05 -0.000269605 0.00108491 -0.00155946 -0.000659341 0.00503277 -0.00221426 0.00163036 -0.000657371 -0.000684411 -0.00497773 0.00193351 0.00685379 0.00248988 -0.00521084 -0.010342 -0.00354111 -0.000175751 0.00398051 -0.000246014 0.00133203 -0.000190761 -0.00780899 0.00374333 0.00497149 -0.000441962 0.000290942 -0.000382115
internal_weight=107286 104303 103925 81670 22255 3804 3544 758 2786 18451 497 2362 893 1469 761 489 2983 726 2257 80222 1329 78893 8711 5342 529 3369 2801 70182 26392 18759
internal_count=107286 104303 103925 81670 22255 3804 3544 758 2786 18451 497 2362 893 1469 761 489 2983 726 2257 80222 1329 78893 8711 5342 529 3369 2801 70182 26392 18759
is_linear=0
shrinkage=0.03


end of trees

feature_importances:
pres=729
ens_mean3=656
wind_ecmwf=604
temp_fc=565
month=462
shear=452
rh=415
hour=366
wdir_sin=326
wind_fc_next=297
wind10=238
day_of_week=235
air_density=210
wdir_cos=181
level1_ens=167
wind_gfs=150
gust=131
ens_std=111
wind_fc_prev=110
wind_fc_std3=110
ens_mean=106
level1_mean3=95
wind_fc_ramp=77
wind_fc_mean3=56
wind_icon=54
wind_corrected=42
wind_fc=28
level1=22
lead_hours=19
run_day=6

parameters:
[boosting: gbdt]
[objective: regression_l1]
[metric: l1]
[tree_learner: serial]
[device_type: cpu]
[data_sample_strategy: bagging]
[data: ]
[valid: ]
[num_iterations: 234]
[learning_rate: 0.03]
[num_leaves: 31]
[num_threads: 0]
[seed: 42]
[deterministic: 0]
[force_col_wise: 0]
[force_row_wise: 0]
[histogram_pool_size: -1]
[max_depth: -1]
[min_data_in_leaf: 200]
[min_sum_hessian_in_leaf: 0.001]
[bagging_fraction: 0.8]
[pos_bagging_fraction: 1]
[neg_bagging_fraction: 1]
[bagging_freq: 1]
[bagging_seed: 400]
[bagging_by_query: 0]
[feature_fraction: 0.8]
[feature_fraction_bynode: 1]
[feature_fraction_seed: 30056]
[extra_trees: 0]
[extra_seed: 12879]
[early_stopping_round: 0]
[early_stopping_min_delta: 0]
[first_metric_only: 0]
[max_delta_step: 0]
[lambda_l1: 0]
[lambda_l2: 5]
[linear_lambda: 0]
[min_gain_to_split: 0]
[drop_rate: 0.1]
[max_drop: 50]
[skip_drop: 0.5]
[xgboost_dart_mode: 0]
[uniform_drop: 0]
[drop_seed: 17869]
[top_rate: 0.2]
[other_rate: 0.1]
[min_data_per_group: 100]
[max_cat_threshold: 32]
[cat_l2: 10]
[cat_smooth: 10]
[max_cat_to_onehot: 4]
[top_k: 20]
[monotone_constraints: ]
[monotone_constraints_method: basic]
[monotone_penalty: 0]
[feature_contri: ]
[forcedsplits_filename: ]
[refit_decay_rate: 0.9]
[cegb_tradeoff: 1]
[cegb_penalty_split: 0]
[cegb_penalty_feature_lazy: ]
[cegb_penalty_feature_coupled: ]
[path_smooth: 0]
[interaction_constraints: ]
[verbosity: -1]
[saved_feature_importance_type: 0]
[use_quantized_grad: 0]
[num_grad_quant_bins: 4]
[quant_train_renew_leaf: 0]
[stochastic_rounding: 1]
[linear_tree: 0]
[max_bin: 255]
[max_bin_by_feature: ]
[min_data_in_bin: 3]
[bin_construct_sample_cnt: 200000]
[data_random_seed: 175]
[is_enable_sparse: 1]
[enable_bundle: 1]
[use_missing: 1]
[zero_as_missing: 0]
[feature_pre_filter: 1]
[pre_partition: 0]
[two_round: 0]
[header: 0]
[label_column: ]
[weight_column: ]
[group_column: ]
[ignore_column: ]
[categorical_feature: ]
[forcedbins_filename: ]
[precise_float_parser: 0]
[parser_config_file: ]
[objective_seed: 16083]
[num_class: 1]
[is_unbalance: 0]
[scale_pos_weight: 1]
[sigmoid: 1]
[boost_from_average: 1]
[reg_sqrt: 0]
[alpha: 0.9]
[fair_c: 1]
[poisson_max_delta_step: 0.7]
[tweedie_variance_power: 1.5]
[lambdarank_truncation_level: 30]
[lambdarank_norm: 1]
[label_gain: ]
[lambdarank_position_bias_regularization: 0]
[eval_at: ]
[multi_error_top_k: 1]
[auc_mu_weights: ]
[num_machines: 1]
[local_listen_port: 12400]
[time_out: 120]
[machine_list_filename: ]
[machines: ]
[gpu_platform_id: -1]
[gpu_device_id: -1]
[gpu_device_id_list: ]
[gpu_use_dp: 0]
[num_gpu: 1]

end of parameters

pandas_categorical:[]
