tree
version=v4
num_class=1
num_tree_per_iteration=1
label_index=0
max_feature_idx=35
objective=quantile
feature_names=wind_fc temp_fc air_density wind_corrected level1 level1_mean3 run_day lead_hours hour day_of_week month wind_fc_prev wind_fc_next wind_fc_mean3 wind_fc_std3 wind_fc_ramp wind_ecmwf wind_gfs wind_icon wind_aifs ens_mean ens_std ens_mean3 level1_ens wind10_ukmo wind10_cma wind10_jma ens10_mean ens10_std wind10 gust shear wdir_sin wdir_cos pres rh
feature_infos=[0.12000000000000001:25.884999999999998] [-19.149999999999999:41.25] [1.0507975963732479:1.3006723003927132] [0.11515290788493701:25.049113859144207] [0:0.98999999999999988] [0.0038888888888888892:0.98999999999999988] [1:3] [1:48] [0:23] [0:6] [1:12] [0.12000000000000001:25.884999999999998] [0.12000000000000001:25.884999999999998] [0.215:22.915000000000003] [0:11.882662089503906] [-9.2149999999999999:13.15] [0.14999999999999999:21.02] [0.050000000000000003:24.545000000000002] [0.050000000000000003:25.884999999999998] [0.050000000000000003:15.65] [0.53249999999999997:21.55875] [0:9.8593745998415123] [0.72900000000000009:21.2925] [0.011666666666666667:0.98999999999999988] [0.050000000000000003:16.200000000000003] [0:14.710000000000001] [0.050000000000000003:11.23] [0.38666666666666666:13.377500000000001] [0:7.8063467768220498] [0.035000000000000003:17.734999999999999] [0.55000000000000004:35.049999999999997] [0.075471698113207558:13.98] [-1:1] [-1:1] [935.70000000000005:985.79999999999995] [6:100]
tree_sizes=2811 2972 2959 2972 2972 2961 2957 2968 2983 2964 2951 2970 2976 2973 2974 2981 2979 2997 2972 2972 2979 2968 2964 2969 2966 2956 2975 2968 2978 2977 2995 2976 2993 2984 2976 2987 2996 2978 2979 2979 2974 3004 2983 3008 2974 2969 2999 2989 2958 2985 2990 2976 2995 2992 3009 2979 2988 2972 3004 3007 2983 2978 3007 2992 3000 2998 2984 2993 2994 3014 2997 2997 2978 3010 3007 2986 3011 2995 3009 3007 2998 2985 2993 2978 3001 3021 3010 2977 2986 2996 2992 3003 3008 3001 2962 2992 3001 3022 2995 2999 3003 2971 2981 3009 2982 2949 2930 2971 2985 2989 2970 2946 3003 3002 3001 3018 2976 3002 2968 2974 2990 2955 2958 2961 2963 2985 2985 2984 2983 2992 2984 2980 2953 3000 2982 2985 2986 2945 2954 2979 2974 2937 2979 2970 2968 2995 2973 2969 2983 3010 2995 2970 2948 2987 2983 2971 2987 2971 2979 2976 2971 2984 2972 2958 2992 2993 2967 2944 2968 2962 2971 2954 2992 2950 2984 2969 2953 2981 2965 2983 2986 2988 2942 2986 2972 2961 2943 2985 2974 2975 2978 2982 2963 2959 2998 2966 2968 2980 2944 2977 2956 2966 2965 2991 2998 2982 2960 2989 3004 2995 2989 2984 2981 2950 2990 2971 3023 2976 2980 2999 3000 3003 3006 2983 2971 2964 2975 2985 2998 2987 2978 2957 2976 2965 2975 2970 2976 3012 2986 2964 2975 3008 2966 2972 2993 2986 2979 2976 2979 2969 2979 2982 2979 2987 2984 2986 2977 2991 2976 2977 3014 3000 2992 2962 2980

Tree=0
num_leaves=31
num_cat=0
split_feature=22 23 23 16 34 34 32 27 27 27 23 16 20 32 1 32 8 31 32 8 17 21 19 8 19 35 1 27 8 9
split_gain=2600.21 305.053 258.074 62.832 61.6785 59.5255 44.2108 38.8694 35.2388 31.5206 30.265 21.7888 21.7264 21.1783 19.036 19.0146 17.1925 16.7124 16.464 19.1604 15.0819 16.9623 12.5225 11.8463 11.82 15.5422 11.4877 11.1857 10.8114 10.7137
threshold=10.389791666666669 0.70888311930348491 0.96514704198614198 12.892500000000002 950.42500000000018 959.52500000000009 0.90992662233962551 5.7093750000000005 5.5225000000000017 5.4779166666666672 0.58580981356194251 10.847500000000002 9.4811250000000022 -0.95878322595067689 15.475000000000003 0.87878364999916148 13.500000000000002 1.3325847862575191 -0.97233289553061575 11.500000000000002 11.802500000000002 2.2284206851297932 8.7225000000000019 12.500000000000002 10.667500000000002 80.250000000000014 -0.37499999999999994 5.0820833333333342 3.5000000000000004 3.5000000000000004
decision_type=2 2 2 8 2 2 2 2 2 2 2 10 2 2 2 2 2 2 2 2 2 2 10 2 8 2 2 2 2 2
left_child=1 10 4 13 22 15 8 16 -6 -5 -1 -10 -7 -4 -11 -3 28 -16 -14 26 29 -22 -2 -23 25 -13 -20 -21 -8 -17
right_child=2 5 3 9 6 12 7 -9 11 14 -12 24 18 -15 17 20 -18 -19 19 27 21 23 -24 -25 -26 -27 -28 -29 -30 -31
leaf_value=0.9598666924238205 0.97211669325828554 0.97164668899298168 0.97221669316291814 0.97221669316291814 0.97221669316291814 0.97221669316291814 0.97221669316291814 0.97221669316291814 0.97221669316291814 0.97221669316291814 0.97101669251918787 0.97221669316291814 0.97216669321060178 0.97221669316291814 0.97221669316291814 0.97211669325828554 0.97221669316291814 0.97221669316291814 0.97221669316291814 0.97221669316291814 0.97221669316291814 0.97211669325828554 0.97221669316291814 0.97221669316291814 0.97221669316291814 0.97221669316291814 0.97221669316291814 0.97221669316291814 0.97221669316291814 0.9715166920423508
leaf_weight=65283 954 3955 831 354 822 1944 281 731 484 2524 10447 485 200 722 207 1393 563 395 389 324 356 1309 488 395 458 227 331 280 672 1228
leaf_count=65283 954 3955 831 354 822 1944 281 731 484 2524 10447 485 200 722 207 1393 563 395 389 324 356 1309 488 395 458 227 331 280 672 1228
internal_value=0.971609 0.969873 0.98522 0.990262 0.981092 0.974294 0.98275 0.985805 0.979954 0.992516 0.969166 0.982473 0.977611 0.985159 0.993488 0.97296 0.982996 0.988362 0.980292 0.9815 0.974252 0.97617 0.975643 0.974907 0.984688 0.987139 0.978122 0.98544 0.980457 0.972739
internal_weight=99032 87834 11198 5033 6165 12104 4723 2247 2476 3480 75730 1654 3468 1553 3126 8636 1516 602 1524 1324 4681 2060 1442 1704 1170 712 720 604 953 2621
internal_count=99032 87834 11198 5033 6165 12104 4723 2247 2476 3480 75730 1654 3468 1553 3126 8636 1516 602 1524 1324 4681 2060 1442 1704 1170 712 720 604 953 2621
is_linear=0
shrinkage=1


Tree=1
num_leaves=31
num_cat=0
split_feature=22 23 23 2 31 32 32 30 22 31 26 22 17 19 17 30 10 22 27 32 1 2 17 18 13 10 14 10 10 1
split_gain=2593.79 304.518 269.95 57.239 44.0093 42.9788 40.2892 36.0112 35.4397 29.4946 29.0814 26.9876 24.7831 21.6371 20.4767 21.0216 16.0785 15.5598 14.9912 14.0949 14.6583 13.0581 11.9412 11.6895 11.5389 11.5165 9.58862 9.05536 15.5719 8.61926
threshold=10.389791666666669 0.72078894228019486 0.95802549872652831 1.1480176067867423 1.3812249728329637 -0.79332313182700742 0.94828754594723541 7.6750000000000016 6.7881250000000017 2.0174301932801666 2.4225000000000003 12.485250000000002 10.962500000000002 8.6525000000000016 12.052500000000002 11.325000000000003 9.5000000000000018 13.504000000000003 5.2279166666666681 0.99140711019144634 11.075000000000003 1.1247621642456853 12.537500000000001 13.072500000000002 7.2083333333333348 10.500000000000002 0.60781027741667359 6.5000000000000009 11.500000000000002 8.0250000000000021
decision_type=2 2 2 2 2 2 2 2 2 2 2 2 2 10 2 2 2 2 2 2 2 2 2 8 2 2 2 2 2 2
left_child=1 8 6 4 -4 21 13 -8 -1 10 -7 23 -12 16 -9 -16 -2 -6 -18 -11 -21 -3 -20 -5 -14 26 -13 -15 -29 -28
right_child=2 5 3 11 17 9 7 14 -10 19 12 25 24 27 15 -17 18 -19 22 20 -22 -23 -24 -25 -26 -27 29 28 -30 -31
leaf_value=-0.01374600082039833 0.00048649953603744468 -0.0016494000737430025 0.00053349949121475062 0.00053349949121475062 0.00053349949121475062 0.00023649977445602377 0.00053349949121475062 0.00053349949121475062 -0.0011305006563663467 -0.00016650162935257117 0.0003864996314048763 0.00053349949121475062 0.00043349958658218225 0.00053349949121475062 0.00053349949121475062 0.00053349949121475062 0.00044349925756484774 0.00053349949121475062 0.00053349949121475062 0.00053349949121475062 -0.00029550145268440351 0.00043349958658218225 0.00053349949121475062 0.00053349949121475062 0.00053349949121475062 0.00053349949121475062 0.00053349949121475062 0.00053349949121475062 0.00053349949121475062 0.00053349949121475062
leaf_weight=58762 1509 1212 519 1123 631 1185 601 233 17811 1254 857 992 500 489 761 378 269 322 219 1437 424 3055 232 458 1471 1048 354 450 200 414
leaf_count=58762 1509 1212 519 1123 631 1185 601 233 17811 1254 857 992 500 489 761 378 269 322 219 1437 424 3055 232 458 1471 1048 354 450 200 414
internal_value=1.8754e-05 -0.00171284 0.0136115 0.0180578 0.0128531 0.00286184 0.00871998 0.0121289 -0.00239376 0.00428655 0.00598581 0.0197868 0.00763713 0.00670797 0.0148105 0.0164712 0.00497001 0.00894676 0.00864828 0.00209135 0.00374437 0.000479634 0.0119671 0.0165113 0.00948735 0.0215983 0.0199207 0.0100726 0.0124122 0.0170841
internal_weight=99170 87968 11202 5861 1472 11395 5341 1973 76573 7128 4013 4389 2828 3368 1372 1139 2229 953 720 3115 1861 4267 451 1581 1971 2808 1760 1139 650 768
internal_count=99170 87968 11202 5861 1472 11395 5341 1973 76573 7128 4013 4389 2828 3368 1372 1139 2229 953 720 3115 1861 4267 451 1581 1971 2808 1760 1139 650 768
is_linear=0
shrinkage=0.03


Tree=2
num_leaves=31
num_cat=0
split_feature=22 23 23 34 34 25 32 24 24 30 22 17 23 32 2 32 25 1 21 32 8 26 1 11 24 26 22 3 9 28
split_gain=2570.52 353.755 191.632 64.8361 59.8576 59.3124 44.3442 43.3524 36.1928 35.3956 31.3663 22.8469 19.2539 19.163 18.749 17.595 16.5547 16.2633 17.6865 15.6378 23.6039 14.536 14.3269 15.5829 13.1217 13.7204 12.8123 12.4488 11.3668 11.1146
threshold=10.619375000000002 0.70888311930348491 0.96514704198614198 951.02500000000009 959.42500000000018 5.7975000000000012 0.90992662233962551 7.6750000000000016 8.1750000000000025 7.6750000000000016 6.4818750000000005 11.802500000000002 0.85831870861577075 -0.7880107536067219 1.1474195251904404 0.89490028524376763 7.432500000000001 14.525000000000002 2.2409523621333993 0.98321746822993605 11.500000000000002 3.1275000000000004 10.275000000000002 7.0375000000000005 6.825000000000002 3.2075000000000005 11.625333333333336 10.570815652417121 3.5000000000000004 1.1799717510267405
decision_type=2 2 2 2 2 8 2 10 10 2 2 2 2 2 2 2 8 2 2 2 2 2 2 10 8 2 2 2 2 2
left_child=1 10 3 -2 11 17 8 12 26 -8 -1 22 -6 -9 16 -14 -7 18 -4 -13 -21 -11 23 -3 -17 -26 -5 -10 29 -25
right_child=2 4 5 6 7 14 9 13 27 21 -12 19 15 -15 -16 24 -18 -19 -20 20 -22 -23 -24 28 25 -27 -28 -29 -30 -31
leaf_value=-0.014243687211986647 0.00051749450647830869 -0.00064054259259002059 0.00051749450647830869 0.00051749450647830869 0.00047640454566478472 0.00051749450647830869 0.00051749450647830869 0.00052049450361728365 0.00051749450647830869 0.00051749450647830869 -0.0015465852075219144 0.00036749464952945621 0.00047049455130099949 0.00051749450647830869 0.00051749450647830869 0.00051749450647830869 0.00051749450647830869 0.00051749450647830869 0.00051749450647830869 0.00051749450647830869 0.00051749450647830869 0.00051749450647830869 -6.2404799080032484e-05 0.0005249044994115814 0.00051749450647830869 0.00051749450647830869 0.00051749450647830869 0.00051749450647830869 0.00038156444612317663 0.00048759467639909347
leaf_weight=55693 1317 665 558 947 1709 356 360 270 426 323 20110 2105 461 315 2919 338 427 445 363 1081 368 1033 3929 315 363 370 236 386 604 448
leaf_count=55693 1317 665 558 947 1709 356 360 270 426 323 20110 2105 461 315 2919 338 427 445 363 1081 368 1033 3929 315 363 370 236 386 604 448
internal_value=6.55945e-05 -0.00155955 0.0144087 0.0102416 0.00294448 0.0185287 0.0122705 0.0061112 0.0091875 0.0158175 -0.00235238 0.00166859 0.0047403 0.0136017 0.0205136 0.00717892 0.0161307 0.0130941 0.0153855 0.00357067 0.00596492 0.0180397 0.000532517 0.00257437 0.0092816 0.0115325 0.0058005 0.0140563 0.0044016 0.00682422
internal_weight=99240 89144 10096 5028 13341 5068 3711 3826 1995 1716 75803 9515 3241 585 3702 1532 783 1366 921 3554 1449 1356 5961 2032 1071 733 1183 812 1367 763
internal_count=99240 89144 10096 5028 13341 5068 3711 3826 1995 1716 75803 9515 3241 585 3702 1532 783 1366 921 3554 1449 1356 5961 2032 1071 733 1183 812 1367 763
is_linear=0
shrinkage=0.03


Tree=3
num_leaves=31
num_cat=0
split_feature=22 23 23 16 34 34 24 25 13 22 8 1 32 25 32 25 32 32 17 14 8 30 9 22 15 15 9 24 8 34
split_gain=2541.87 315.92 235.909 70.5799 57.156 50.5931 35.0331 33.1586 30.5681 28.2548 28.0385 25.7838 23.9303 23.9697 23.2218 22.4771 20.9233 18.6189 17.1116 15.8441 14.4366 15.1292 13.8704 13.8146 13.5592 12.0809 11.759 10.5997 10.5841 12.2937
threshold=10.476875000000001 0.70888311930348491 0.95802549872652831 12.892500000000002 959.52500000000009 958.02500000000009 6.8750000000000009 6.3125000000000009 10.772500000000003 7.6213333333333351 10.500000000000002 14.975000000000003 0.95878322595067733 6.1625000000000005 0.80382625221112025 5.2075000000000014 0.87878364999916148 0.98897820466835418 11.802500000000002 1.1643560452026767 14.500000000000002 10.575000000000003 2.5000000000000004 12.654666666666669 0.059999999999999727 -0.064999999999999822 3.5000000000000004 7.1250000000000009 11.500000000000002 957.22500000000014
decision_type=2 2 2 8 2 2 10 8 2 2 2 2 2 8 2 8 2 2 2 2 2 2 2 2 10 10 2 10 2 2
left_child=1 9 5 15 16 12 17 11 10 -1 -7 23 22 -14 -8 -4 -3 -6 26 -17 21 -20 -2 28 -16 -22 -18 -12 29 -5
right_child=2 4 3 7 6 8 14 -9 -10 -11 27 -13 13 -15 24 19 18 -19 20 -21 25 -23 -24 -25 -26 -27 -28 -29 -30 -31
leaf_value=-0.010356310823156944 0.00050315737015128143 -1.0532702791347103e-05 0.00050196967128395941 0.00050196967128395941 0.0004081795862783638 0.00050196967128395941 0.00050487966850876643 0.00050196967128395941 0.00050196967128395941 -0.00035018874802172028 0.00050196967128395941 0.00050196967128395941 0.00050196967128395941 0.00050196967128395941 0.00050196967128395941 0.00050196967128395941 0.00042574749761939201 0.00050320237010836541 0.00045496971610665347 0.00050196967128395941 0.00041436949933672208 0.00035946980718255084 0.00050196967128395941 0.00050196967128395941 0.00050496966842293427 0.00050946966413140007 -0.00015522444070529716 0.00050196967128395941 0.00050196967128395941 0.00050196967128395941
leaf_weight=67368 1002 4141 509 218 1627 515 395 2372 317 8467 272 277 687 362 305 1193 1436 972 1525 237 229 252 1289 581 241 200 1212 461 215 202
leaf_count=67368 1002 4141 509 218 1627 515 395 2372 317 8467 272 277 687 362 305 1193 1436 972 1525 237 229 252 1289 581 241 200 1212 461 215 202
internal_value=8.60172e-05 -0.00158699 0.0138858 0.0179804 0.00282416 0.00902749 0.00605078 0.0203372 0.0134809 -0.00231626 0.0155914 0.0166963 0.00692377 0.0106765 0.0110011 0.0132423 0.00155167 0.00424078 0.00288701 0.0151777 0.00483582 0.00362458 0.00518597 0.0185848 0.0149946 0.00975346 0.00125744 0.019378 0.0152578 0.0122118
internal_weight=99079 88370 10709 5804 12535 4905 3540 3865 1565 75835 1248 1493 3340 1049 941 1939 8995 2599 4854 1430 2206 1777 2291 1216 546 429 2648 733 635 420
internal_count=99079 88370 10709 5804 12535 4905 3540 3865 1565 75835 1248 1493 3340 1049 941 1939 8995 2599 4854 1430 2206 1777 2291 1216 546 429 2648 733 635 420
is_linear=0
shrinkage=0.03


Tree=4
num_leaves=31
num_cat=0
split_feature=22 23 23 16 34 34 24 24 22 3 1 26 17 18 30 25 14 22 15 13 30 19 1 0 16 19 23 25 19 26
split_gain=2487.54 283.686 254.693 57.2769 54.6458 52.3637 38.4388 29.0196 28.5403 25.0686 25.023 23.3495 19.6289 19.3166 19.7711 19.0771 19.0721 16.1517 15.4972 15.1006 13.9619 13.2953 12.4439 13.4631 12.0309 11.0863 10.5588 9.31432 9.27046 9.26228
threshold=10.476875000000001 0.69142484936884518 0.96514704198614198 12.892500000000002 959.52500000000009 951.02500000000009 8.0250000000000021 7.6750000000000016 6.1621527777777798 10.570815652417121 15.475000000000003 2.4225000000000003 11.802500000000002 10.397500000000003 7.6750000000000016 7.432500000000001 0.69816425956455153 9.6361666666666697 -0.095000000000000404 9.8175000000000043 12.925000000000002 7.6025000000000009 10.125000000000002 6.9775000000000018 12.082500000000001 8.8675000000000015 0.9161370581788213 5.9075000000000015 7.9225000000000012 2.7225000000000006
decision_type=2 2 2 8 2 2 10 10 2 2 2 2 2 8 2 8 2 2 10 2 2 8 2 2 8 10 2 10 10 2
left_child=1 8 5 16 12 25 11 17 -1 20 19 -7 22 14 -13 -12 -4 24 -9 -5 27 -14 23 -3 -6 -2 -16 -8 -18 -23
right_child=2 4 3 10 7 6 9 18 -10 -11 15 13 21 -15 26 -17 28 -19 -20 -21 -22 29 -24 -25 -26 -27 -28 -29 -30 -31
leaf_value=-0.014345620973941363 0.00043991062596813622 -0.00061837629936993934 0.00048691058114544217 0.00048691058114544217 0.00048687360018070833 8.9610969624666072e-05 0.00048691058114544217 0.00048691058114544217 -0.0018549991582055547 0.00048691058114544217 0.00048691058114544217 0.00048691058114544217 -0.00018968322863221587 0.00048691058114544217 0.00048691058114544217 0.00048691058114544217 0.00048691058114544217 0.00048687360018070833 0.00048973327845350354 0.00048691058114544217 0.00048691058114544217 0.00020173085311427918 -0.00010056775516785521 0.00049197494370635921 0.00049017462069004104 0.00048691058114544217 0.00048691058114544217 0.00048691058114544217 0.00048691058114544217 0.00048668558136001904
leaf_weight=51941 1038 717 883 367 1953 263 205 263 22534 449 365 472 747 1272 222 285 411 1007 252 2524 503 722 4240 1509 328 477 658 202 254 1831
leaf_count=51941 1038 717 883 367 1953 263 205 263 22534 449 365 472 747 1272 222 285 411 1007 252 2524 503 722 4240 1509 328 477 658 202 254 1831
internal_value=0.000121821 -0.00154871 0.013672 0.0185636 0.00244018 0.00933871 0.0110473 0.00548871 -0.00227558 0.0152221 0.0206844 0.00905913 0.00125084 0.00991175 0.01242 0.0151145 0.0136613 0.00443851 0.0120865 0.0219085 0.0180984 0.00313162 0.00028929 0.00210309 0.00303018 0.0045296 0.0150847 0.0136383 0.00969403 0.00415989
internal_weight=98894 88044 10850 5089 13569 5761 4246 3803 74475 1359 3541 2887 9766 2624 1352 650 1548 3288 515 2891 910 3300 6466 2226 2281 1515 880 407 665 2553
internal_count=98894 88044 10850 5089 13569 5761 4246 3803 74475 1359 3541 2887 9766 2624 1352 650 1548 3288 515 2891 910 3300 6466 2226 2281 1515 880 407 665 2553
is_linear=0
shrinkage=0.03


Tree=5
num_leaves=31
num_cat=0
split_feature=22 23 23 16 34 34 32 22 27 24 24 27 17 1 32 24 8 32 1 8 31 1 18 1 35 26 9 34 32 21
split_gain=2513.53 316.541 202.083 68.0468 57.2442 57.2367 47.8023 31.4428 31.3759 31.296 30.9947 27.2067 25.2467 20.2222 19.5384 19.9889 18.079 17.918 16.8668 16.2625 15.9621 15.538 14.4875 13.1351 12.5188 11.7177 11.7081 11.0164 10.805 20.143
threshold=10.619375000000002 0.69142484936884518 0.96514704198614198 12.892500000000002 951.12500000000011 959.52500000000009 0.90992662233962551 6.7881250000000017 5.4779166666666672 7.9750000000000005 7.6750000000000016 5.7093750000000005 11.802500000000002 15.475000000000003 0.97988739209073494 6.7750000000000012 11.500000000000002 -0.95878322595067689 -0.27499999999999986 13.500000000000002 1.3325847862575191 10.275000000000002 8.5875000000000021 3.6750000000000007 82.250000000000014 2.0075000000000007 1.5000000000000002 958.42500000000018 0.8869770585236475 2.2518982727344183
decision_type=2 2 2 8 2 2 2 2 2 10 10 2 2 2 2 8 2 2 2 2 2 2 10 2 2 2 2 2 2 2
left_child=1 7 4 17 -2 12 9 -1 -5 -6 14 19 21 -10 18 -16 -17 -4 -7 22 -15 26 -8 -12 27 -14 -3 -11 -27 -30
right_child=2 5 3 8 6 10 11 -9 13 24 23 -13 25 20 15 16 -18 -19 -20 -21 -22 -23 -24 -25 -26 28 -28 -29 29 -31
leaf_value=-0.012165252225513833 0.00047226763274505699 0.00047721569539516893 0.00047230326371107797 0.00047230326371107797 0.00047230326371107797 -2.3954979627052957e-05 0.00046730299310625333 -0.0011493480152083512 0.00047230326371107797 0.00047230326371107797 0.00047312464858694929 0.00047230326371107797 -0.00045432363547754371 0.00047230326371107797 0.00047226739217528623 0.00047227815309978569 0.00047667738796958067 0.00047230326371107797 0.00047644976918665539 0.00047230326371107797 0.00047230326371107797 -0.00013297991714059985 0.00047230326371107797 0.00047504128009989932 0.00047230326371107797 0.00037680335478697534 0.00025544381458670663 0.00047230326371107797 0.00047208501391921899 0.00047208501391921899
leaf_weight=58692 1337 799 815 341 1121 972 232 15889 2573 387 308 625 391 206 531 628 355 738 943 418 409 4395 453 266 215 1064 1560 213 495 1737
leaf_count=58692 1337 799 815 341 1121 972 232 15889 2573 387 308 625 391 206 531 628 355 738 943 418 409 4395 453 266 215 1064 1560 213 495 1737
internal_value=0.000167445 -0.00144069 0.0143597 0.0185756 0.0100613 0.00262357 0.012 -0.00222794 0.0208922 0.00872334 0.00567141 0.0156353 0.0014529 0.0218277 0.00457862 0.00712179 0.00964676 0.0132612 0.00255469 0.0126904 0.016621 0.000362183 0.00971739 0.0121036 0.013189 0.00344772 0.0023236 0.0154215 0.00402969 0.00521413
internal_weight=99108 89025 10083 5082 5001 14444 3664 74581 3529 1936 4003 1728 10441 3188 3429 1514 983 1553 1915 1103 615 6754 685 574 815 3687 2359 600 3296 2232
internal_count=99108 89025 10083 5082 5001 14444 3664 74581 3529 1936 4003 1728 10441 3188 3429 1514 983 1553 1915 1103 615 6754 685 574 815 3687 2359 600 3296 2232
is_linear=0
shrinkage=0.03


Tree=6
num_leaves=31
num_cat=0
split_feature=22 23 23 16 34 34 22 27 2 32 24 24 25 32 25 25 10 15 17 19 20 2 19 8 26 13 2 21 9 35
split_gain=2441.79 272.203 259.643 66.9718 49.7763 44.9327 37.0554 35.1959 30.1364 29.7881 29.3562 29.27 24.5399 27.7692 22.1532 21.9854 21.1686 20.4566 17.8607 16.6605 15.4298 15.1716 14.4602 13.3133 12.388 12.2443 11.8282 12.5389 12.1244 14.6269
threshold=10.476875000000001 0.72078894228019486 0.95802549872652831 12.892500000000002 958.22500000000014 959.42500000000018 5.870166666666667 5.4779166666666672 1.1454304126959505 -0.90992662233962551 6.8750000000000009 7.1750000000000016 6.7175000000000011 0.94828754594723541 6.8625000000000016 7.3225000000000007 10.500000000000002 0.15499999999999961 11.802500000000002 6.8825000000000012 9.5933750000000018 1.1164003266287434 7.6025000000000009 10.500000000000002 2.4825000000000008 10.772500000000003 1.1652262300268534 1.9681720572429051 3.5000000000000004 69.750000000000014
decision_type=2 2 2 8 2 2 2 2 2 2 10 8 8 2 8 8 2 10 2 10 2 2 8 2 2 2 2 2 2 2
left_child=1 6 4 14 12 18 -1 -5 15 25 20 -11 21 -14 16 -9 -4 19 26 -12 -7 -2 -20 -13 -23 -6 -3 28 29 -28
right_child=2 5 3 7 9 10 -8 8 -10 11 17 23 13 -15 -16 -17 -18 -19 22 -21 -22 24 -24 -25 -26 -27 27 -29 -30 -31
leaf_value=-0.014200295052139076 5.809891630345176e-05 -5.3210243854636686e-05 0.00045813416579974618 0.00045813416579974618 0.00045813416579974618 0.00045786803992092225 -0.0016280827930930312 0.00045813416579974618 0.00045813416579974618 0.00045813416579974618 0.00045800405150093424 0.00045813416579974618 0.00045813416579974618 0.00045813416579974618 0.00045813416579974618 0.00045813416579974618 0.00045813416579974618 0.00046085648071557015 -0.0002287289063550124 0.00046086656786002554 0.00045809937041002666 0.00016660263347035724 0.00045792246350164097 0.00045813416579974618 0.00045813416579974618 0.00045813416579974618 0.00046955238095756631 0.00016401880532598167 0.00033394113448071084 0.00046730922032760854
leaf_weight=48908 490 3441 968 493 264 1549 27585 342 2705 251 404 271 580 280 803 329 200 308 659 254 967 303 2452 486 1777 272 237 1010 351 203
leaf_count=48908 490 3441 968 493 264 1549 27585 342 2705 251 404 271 580 280 803 329 200 308 659 254 967 303 2452 486 1777 272 237 1010 351 203
internal_value=0.000169989 -0.00147764 0.0136221 0.0179127 0.0085716 0.00275549 -0.00213272 0.0202202 0.0213256 0.0130458 0.00561629 0.0160869 0.00654148 0.0109249 0.0133436 0.015395 0.0106189 0.0100536 0.0015603 0.00697737 0.00389607 0.00505631 0.00335911 0.0190276 0.00617266 0.00723105 0.000490565 0.00245681 0.00527261 0.0085618
internal_weight=99142 88328 10814 5840 4974 11835 76493 3869 3376 1544 3482 1008 3430 860 1971 671 1168 966 8353 658 2516 2570 3111 757 2080 536 5242 1801 791 440
internal_count=99142 88328 10814 5840 4974 11835 76493 3869 3376 1544 3482 1008 3430 860 1971 671 1168 966 8353 658 2516 2570 3111 757 2080 536 5242 1801 791 440
is_linear=0
shrinkage=0.03


Tree=7
num_leaves=31
num_cat=0
split_feature=22 23 23 16 34 34 32 22 8 1 31 32 22 8 19 32 22 18 32 26 22 19 10 34 9 8 1 23 26 9
split_gain=2378.32 268.605 252.399 69.2807 48.6756 40.169 30.6803 29.9501 28.4701 24.4781 37.349 23.8564 22.4818 20.9937 31.1466 25.2736 18.3602 17.3739 17.1522 16.8885 16.1921 16.1644 15.0764 14.7775 14.673 18.8451 17.9515 14.5449 14.5121 12.531
threshold=10.476875000000001 0.69734926028750677 0.95802549872652831 12.892500000000002 960.52500000000009 958.22500000000014 -0.90992662233962551 5.6540000000000008 10.500000000000002 15.275000000000002 1.3143322444050507 0.8869770585236475 13.504000000000003 10.500000000000002 7.3025000000000011 -0.93038214053199442 12.654666666666669 10.687500000000002 -0.94828754594723508 2.3375000000000004 11.275833333333335 8.6525000000000016 10.500000000000002 951.32500000000016 1.5000000000000002 11.500000000000002 8.0250000000000021 0.86163496202892065 3.5575000000000006 5.5000000000000009
decision_type=2 2 2 8 2 2 2 2 2 2 2 2 2 2 10 2 2 10 2 2 2 10 2 2 2 2 2 2 2 2
left_child=1 7 5 18 11 17 -7 -1 -8 16 -11 -3 -12 -6 15 -15 28 20 22 -17 -2 -19 -4 -20 25 -13 -27 -26 -5 -29
right_child=2 4 3 9 13 6 8 -9 -10 10 12 24 -14 14 -16 19 -18 21 23 -21 -22 -23 -24 -25 27 26 -28 29 -30 -31
leaf_value=-0.01432428567605403 0.00044439014082575331 -4.20745299169134e-06 0.00044439014082575331 0.00044439014082575331 0.00044435606646998969 0.00044439014082575331 0.00044439014082575331 -0.0021507101150602869 0.00044439014082575331 0.00044439014082575331 0.00034439023619318499 0.00044426397576938779 0.00044439014082575331 -0.0023981806993823331 0.00045132123738033991 0.00035723132711155682 0.00044439014082575331 0.00039580018716478868 0.00044439014082575331 0.00044841615456602479 0.00044439014082575331 0.00044439014082575331 0.00044439014082575331 0.00044439014082575331 9.4075767878714075e-05 0.00046899642359902956 0.00018089893632331836 0.00030631992107489793 0.00044439014082575331 0.00044881978517630981
leaf_weight=46634 1258 4652 975 299 1471 552 442 28303 573 237 211 950 280 273 370 240 2118 1021 200 705 366 759 233 575 2570 420 284 967 704 390
leaf_count=46634 1258 4652 975 299 1471 552 442 28303 573 237 211 950 280 273 370 240 2118 1021 200 705 366 759 233 575 2570 420 284 967 704 390
internal_value=0.000167452 -0.00145961 0.0134503 0.0176844 0.00247003 0.00847006 0.0124485 -0.00215675 0.0155441 0.0200449 0.0148649 0.00147597 0.00997379 0.00578753 0.00817702 0.00581848 0.0212274 0.00662306 0.0130639 0.00813158 0.00886924 0.00455462 0.0107387 0.0165962 0.00279753 0.00516456 0.00886883 0.00179527 0.0176399 0.00430176
internal_weight=99032 88229 10803 5832 13292 4971 1567 74937 1015 3849 728 10233 491 3059 1588 1218 3121 3404 1983 945 1624 1780 1208 775 5581 1654 704 3927 1003 1357
internal_count=99032 88229 10803 5832 13292 4971 1567 74937 1015 3849 728 10233 491 3059 1588 1218 3121 3404 1983 945 1624 1780 1208 775 5581 1654 704 3927 1003 1357
is_linear=0
shrinkage=0.03


Tree=8
num_leaves=31
num_cat=0
split_feature=22 23 23 25 34 34 2 32 24 24 22 32 19 33 12 17 32 12 25 2 13 2 15 22 13 24 21 33 22 32
split_gain=2380.06 270.923 234.81 67.5377 52.3493 49.2848 44.1214 30.7442 30.3294 29.193 24.9528 24.3142 22.2375 18.6891 26.1636 18.1382 14.8395 13.9064 13.8759 13.6817 18.255 12.8545 12.5179 12.3524 12.0365 11.9461 11.8521 15.2389 12.2924 11.5885
threshold=10.389791666666669 0.95802549872652831 0.6656100310646359 6.3625000000000016 959.92500000000018 958.22500000000014 1.146623051755318 -0.93038214053199442 7.825000000000002 7.6750000000000016 5.8031666666666677 0.98624804680367306 9.6075000000000017 0.04361772647272262 13.182500000000003 11.802500000000002 -0.87032255546191695 8.0875000000000021 6.7175000000000011 1.1660487668648771 6.972500000000001 1.1152696992247024 -0.1000000000000003 13.274833333333335 10.772500000000003 6.7750000000000012 0.90986194007014265 0.30069434954884205 10.980916666666667 -0.95368063612909426
decision_type=2 2 2 8 2 2 2 2 8 10 2 2 10 2 10 2 2 10 8 2 2 2 10 2 2 8 2 2 2 2
left_child=2 5 10 6 15 12 23 24 -9 11 -1 -6 21 14 -5 19 -17 -18 -14 -4 -21 -2 -11 -3 -7 -13 -23 28 -28 -30
right_child=1 3 4 13 9 7 -8 8 -10 22 -12 25 18 -15 -16 16 17 -19 -20 20 -22 26 -24 -25 -26 -27 27 -29 29 -31
leaf_value=-0.013644557344190988 0.00019302517046740575 0.00038105848428469647 -0.00015056760171612975 0.00043105843660098063 0.00038187799241532925 0.00043105843660098063 0.00043105843660098063 0.00043105843660098063 0.00043105843660098063 0.00043350908845893099 -0.0023892605644140709 0.00043309906360072646 0.00043105843660098063 0.00043105843660098063 0.00043105843660098063 -0.00010925387344856819 0.00039526378900124734 0.00043535519162102076 0.00043105843660098063 -0.00048807413251331419 0.00044606591387203799 0.00023302858494810027 0.00043403625882004699 0.00043105843660098063 0.00043105843660098063 0.00043371634573586637 0.00043105843660098063 0.0003825161828945256 0.00043243280429027919 0.00043105918483870149
leaf_weight=48074 592 469 4988 972 2076 234 1806 487 659 254 24363 478 368 1332 1039 845 2024 595 207 1115 1734 295 228 212 266 807 1064 403 294 494
leaf_count=48074 592 469 4988 972 2076 234 1806 487 659 254 24363 478 368 1332 1039 845 2024 595 207 1115 1734 295 228 212 266 807 1064 403 294 494
internal_value=0.000186355 0.0132096 -0.0014787 0.0176864 0.00191815 0.00833104 0.013884 0.0126541 0.0153623 0.00494049 -0.00218894 0.0039385 0.0064022 0.0204901 0.0185253 0.000888642 0.00269472 0.00380831 0.011819 8.91347e-05 0.00174597 0.00539371 0.0118152 0.00729883 0.00635643 0.00717442 0.00631702 0.00705531 0.00820355 0.0110542
internal_weight=98774 11193 87581 5830 15144 5363 2487 1646 1146 3843 72437 3361 3717 3343 2011 11301 3464 2619 575 7837 2849 3142 482 681 500 1285 2550 2255 1852 788
internal_count=98774 11193 87581 5830 15144 5363 2487 1646 1146 3843 72437 3361 3717 3343 2011 11301 3464 2619 575 7837 2849 3142 482 681 500 1285 2550 2255 1852 788
is_linear=0
shrinkage=0.03


Tree=9
num_leaves=31
num_cat=0
split_feature=22 23 22 16 34 24 32 27 24 32 34 1 31 15 22 1 16 24 8 18 19 34 32 23 10 31 21 8 1 34
split_gain=2366.33 278.857 245.442 72.9159 48.6365 46.7547 35.6208 35.2724 32.3632 27.977 29.236 26.3567 29.1921 20.8282 20.3472 18.6388 18.5277 17.9638 17.7534 16.4917 15.3025 14.2153 13.9561 13.7824 13.6909 11.8195 10.9172 10.6218 9.94132 10.7915
threshold=10.389791666666669 0.95802549872652831 8.0322083333333349 12.892500000000002 959.52500000000009 8.0250000000000021 -0.80382625221112003 5.4779166666666672 6.8750000000000009 0.90992662233962551 950.42500000000018 15.475000000000003 1.3196038661554359 0.15499999999999961 5.6540000000000008 8.6250000000000018 10.392500000000002 8.0750000000000028 12.500000000000002 8.5325000000000024 6.8825000000000012 957.52500000000009 0.98624804680367306 0.98197505710993016 8.5000000000000018 1.8701187327197217 2.413693271369953 11.500000000000002 1.0750000000000004 962.22500000000014
decision_type=2 2 2 8 2 10 2 2 10 2 2 2 2 10 2 2 10 10 2 10 10 2 2 2 2 2 2 2 2 2
left_child=2 5 14 15 16 9 18 25 22 -2 -11 -9 -13 20 -1 26 -4 -18 -7 -12 -10 -8 28 -14 -20 -5 -3 -24 -6 -30
right_child=1 3 4 7 8 6 21 11 13 10 19 12 23 -15 -16 -17 17 -19 24 -21 -22 -23 27 -25 -26 -27 -28 -29 29 -31
leaf_value=-0.013585220290079247 0.00041812668350295178 0.00041812668350295178 -5.7025476330286213e-05 0.00041812668350295178 -1.6754187882832955e-05 0.00041945982016157067 0.00041812668350295178 0.00041812668350295178 0.00041729423734670145 0.00017253796419767651 0.0004181332309967056 0.00041812668350295178 0.00037112672832564583 0.00042060682381775389 -0.0026643264264314013 0.00041812668350295178 0.00032356963002388772 0.00040467999174730485 6.8128086217941189e-05 0.00041812668350295178 0.00042071277093247314 0.00041812668350295178 0.00041917023352687212 0.00041812668350295178 0.00041812668350295178 0.00041812668350295178 0.00041812668350295178 0.0004390382255901028 0.00043591104061720506 -2.3340206750168679e-05
leaf_weight=46639 2007 710 6628 264 1156 365 287 2698 431 277 482 226 206 326 24548 1045 5220 539 258 1049 235 306 899 235 310 206 204 419 496 327
leaf_count=46639 2007 710 6628 264 1156 365 287 2698 431 277 482 226 206 326 24548 1045 5220 539 258 1049 235 306 899 235 310 206 204 419 496 327
internal_value=0.000236113 0.0132617 -0.00141529 0.01782 0.00186032 0.00830471 0.0127446 0.0202383 0.00461178 0.0065144 0.00922008 0.0213249 0.0157277 0.00935206 -0.0021827 0.0130463 0.000906148 0.00215007 0.00900959 0.0108379 0.00623249 0.0184967 0.00317353 0.0110247 0.00561256 0.0123158 0.0162111 0.00556009 0.00157409 0.00408333
internal_weight=98998 11135 87863 5794 16676 5341 1526 3835 4289 3815 1808 3365 667 992 71187 1959 12387 5759 933 1531 666 593 3297 441 568 470 914 1318 1979 823
internal_count=98998 11135 87863 5794 16676 5341 1526 3835 4289 3815 1808 3365 667 992 71187 1959 12387 5759 933 1531 666 593 3297 441 568 470 914 1318 1979 823
is_linear=0
shrinkage=0.03


Tree=10
num_leaves=31
num_cat=0
split_feature=22 22 22 2 34 27 34 16 22 22 35 17 5 27 26 31 31 1 1 31 19 13 26 15 26 11 17 26 9 30
split_gain=2314.51 278.634 211.277 70.0568 58.7184 42.3862 39.3515 32.0799 29.1727 27.5337 26.6418 24.9054 24.8403 21.8257 20.6321 19.2233 18.5544 17.688 17.1912 22.059 15.6628 15.6017 13.6995 12.6374 12.0876 11.82 20.2567 10.6821 9.83561 9.59543
threshold=10.619375000000002 8.2615000000000034 11.875500000000004 1.1480176067867423 959.42500000000018 6.7893750000000015 958.92500000000018 12.892500000000002 9.4662916666666685 5.3485000000000005 83.750000000000014 11.802500000000002 0.91756119818589654 5.4779166666666672 2.3825000000000003 1.3812249728329637 1.2202138839429135 10.125000000000002 24.425000000000004 1.2626593627283977 7.6025000000000009 6.972500000000001 2.4825000000000008 -0.755 2.0725000000000007 9.9975000000000023 12.607500000000002 2.6275000000000004 3.5000000000000004 12.925000000000002
decision_type=2 2 2 2 2 2 2 8 2 2 2 2 2 2 2 2 2 2 2 2 8 2 2 10 2 10 2 2 2 2
left_child=1 9 6 5 11 -4 18 23 -6 -1 12 17 29 -9 -10 -7 -16 21 19 -2 -13 -3 -21 -5 -23 26 -18 -22 -26 -8
right_child=2 4 3 7 8 15 10 13 14 -11 -12 20 -14 -15 16 -17 25 -19 -20 22 27 24 -24 -25 28 -27 -28 -29 -30 -31
leaf_value=-0.014177663621772224 0.00040610077102816845 -0.00032800595024272633 0.00040558288299786361 0.00040558288299786361 0.00040667842583709036 0.00040558288299786361 0.00040558288299786361 0.00040558288299786361 0.00038136891337535683 -0.0024853229518343044 0.00040558288299786361 -0.0001284456859383556 0.00040558288299786361 0.00040558288299786361 0.00040691265297579339 0.00040558288299786361 0.00040804099320525006 -0.00014487246425796675 6.6384448226977988e-05 0.00026574001715606085 0.00015606554040212248 -0.0018277558875354819 0.00040558288299786361 0.00040558288299786361 0.00044097232336622326 0.00020827867587909664 0.00040544258969012735 0.00041022954312034174 0.00041780760083576674 0.00040558288299786361
leaf_weight=43150 337 908 597 205 2451 427 697 306 310 29866 208 859 223 2525 207 432 693 5380 429 270 713 271 2232 865 755 208 438 2169 567 229
leaf_count=43150 337 908 597 205 2451 427 697 306 310 29866 208 859 223 2525 207 432 693 5380 429 270 713 271 2232 865 755 208 438 2169 567 229
internal_value=0.000249656 -0.00128786 0.0139435 0.0180006 0.00230658 0.012308 0.00923002 0.0201068 0.00529661 -0.00207212 0.0135308 0.0011967 0.0153146 0.0218114 0.00813111 0.016566 0.00954352 0.000239284 0.00742621 0.0082711 0.00321062 0.00232123 0.00727323 0.0155163 0.00410576 0.0081942 0.00939877 0.00426879 0.00528561 0.017478
internal_weight=98927 88945 9982 5357 15929 1456 4625 3901 4307 73016 1357 11622 1149 2831 1856 859 1546 7881 3268 2839 3741 2501 2502 1070 1593 1339 1131 2882 1322 926
internal_count=98927 88945 9982 5357 15929 1456 4625 3901 4307 73016 1357 11622 1149 2831 1856 859 1546 7881 3268 2839 3741 2501 2502 1070 1593 1339 1131 2882 1322 926
is_linear=0
shrinkage=0.03


Tree=11
num_leaves=31
num_cat=0
split_feature=22 23 22 16 34 34 32 8 24 27 1 22 31 31 2 5 19 1 2 14 32 19 32 19 17 2 31 32 22 32
split_gain=2208.05 256.736 239.812 61.3787 52.4658 48.5679 34.5676 33.5014 32.8208 29.8801 22.8129 21.9947 21.9212 21.4425 20.9472 19.4849 19.4443 18.2186 18.2126 17.5069 16.9126 16.5467 15.8717 13.073 12.091 10.9434 10.7206 13.03 10.6945 13.823
threshold=10.476875000000001 0.96514704198614198 7.990916666666668 12.892500000000002 959.92500000000018 958.02500000000009 -0.93038214053199442 10.500000000000002 6.825000000000002 5.4779166666666672 15.475000000000003 4.827958333333334 1.2000496524329696 1.3325847862575191 1.1605190720915173 0.50258336261372427 7.2525000000000013 1.5750000000000004 1.1122658585646967 0.67352307557597968 0.81408451933196979 10.097500000000002 0.98624804680367306 8.8675000000000015 11.742500000000001 1.2221243581812249 1.9826635038128122 -0.93038214053199442 10.880833333333333 0.95368063612909471
decision_type=2 2 2 8 2 2 2 2 10 2 2 2 2 2 2 2 10 2 2 2 2 10 2 10 2 2 2 2 2 2
left_child=2 5 11 19 14 12 17 -8 22 -5 -11 -1 -2 -12 24 -16 20 -7 -14 -3 -10 28 25 -17 -4 26 27 -6 -20 -30
right_child=1 3 4 9 8 6 7 -9 16 10 13 -13 18 -15 15 23 -18 -19 21 -21 -22 -23 -24 -25 -26 -27 -28 -29 29 -31
leaf_value=-0.015002334309165507 0.00039339985986701738 0.00039341539650792788 -0.00018950539311299197 0.00039341539650792788 -0.00067408313275043241 0.0003783870897624762 0.00039341539650792788 0.00039341539650792788 0.00019613715620798276 0.00039341539650792788 0.00039341539650792788 -0.0033613317096255579 5.3591683337066432e-05 0.00039341539650792788 1.2886078451157524e-06 0.00040479164987163193 0.00039851256627829732 0.00039341539650792788 0.00039334689676205777 0.00039341539650792788 0.00039588060257159325 0.00039341539650792788 0.00039676467355995171 0.00041507834965030826 0.00023688464954759069 -0.002611717428937896 -0.002433937435300695 0.00042403306181318503 0.00039341539650792788 0.00039341539650792788
leaf_weight=37252 328 835 5845 360 308 274 596 676 297 2529 203 33522 484 404 2382 3235 303 330 1029 699 419 361 1247 289 1575 550 362 713 1197 470
leaf_count=37252 328 835 5845 360 308 274 596 676 297 2529 203 33522 484 404 2382 3235 303 330 1029 699 419 361 1247 289 1575 550 362 713 1197 470
internal_value=0.000233025 0.0130506 -0.00133173 0.018 0.00180975 0.00870522 0.0126699 0.0154769 0.00473192 0.0202091 0.0211595 -0.00210969 0.00676897 0.015652 0.000887555 0.00221993 0.00940723 0.0066798 0.00606514 0.0129162 0.00663245 0.00691999 0.00322135 0.00363502 -0.000173738 0.00151238 0.002933 0.0045 0.00609108 0.00757715
internal_weight=99074 10775 88299 5030 17525 5745 1876 1272 4199 3496 3136 70774 3869 607 13326 5906 1019 604 3541 1534 716 3057 3180 3524 7420 1933 1383 1021 2696 1667
internal_count=99074 10775 88299 5030 17525 5745 1876 1272 4199 3496 3136 70774 3869 607 13326 5906 1019 604 3541 1534 716 3057 3180 3524 7420 1933 1383 1021 2696 1667
is_linear=0
shrinkage=0.03


Tree=12
num_leaves=31
num_cat=0
split_feature=22 23 22 25 2 0 27 0 26 1 31 22 19 17 1 33 29 26 10 35 17 30 21 18 25 26 9 28 1 30
split_gain=2195.66 256.323 238.716 55.1285 44.553 44.2962 55.2426 31.0654 23.9494 22.7446 26.0854 21.2703 18.4864 16.8165 16.244 14.7259 14.303 14.1647 14.0647 12.8956 18.1042 12.8218 12.5569 12.3729 10.6541 11.6637 10.6169 10.6165 10.2074 12.3988
threshold=10.476875000000001 0.96514704198614198 7.9048333333333334 5.7975000000000012 1.1597043153806983 10.622500000000002 5.4779166666666672 7.1625000000000005 2.0725000000000007 14.675000000000002 1.3812249728329637 4.7622083333333345 8.5875000000000021 11.802500000000002 15.275000000000002 0.017452406437283369 3.8725000000000005 2.4225000000000003 8.5000000000000018 62.250000000000007 13.017500000000002 7.6750000000000016 2.2409523621333993 9.2175000000000029 6.0275000000000007 3.9625000000000004 3.5000000000000004 1.6428731817033291 7.6250000000000009 10.875000000000002
decision_type=2 2 2 8 2 2 2 2 2 2 2 2 10 2 2 2 2 2 2 2 2 2 2 10 10 2 2 2 2 2
left_child=2 5 11 14 13 6 17 26 -9 -5 -11 -1 15 -4 22 -10 -17 -2 -7 20 -8 -19 -3 -23 -15 -26 -6 -22 29 -18
right_child=1 3 4 9 7 18 19 8 12 10 -12 -13 -14 24 -16 16 28 21 -20 -21 27 23 -24 -25 25 -27 -28 -29 -30 -31
leaf_value=-0.014752264089155677 9.1755983750496654e-06 0.00038161293461268952 -0.00013533867000829744 0.00038161293461268952 0.00039431523848955537 0.00038161293461268952 0.00038161293461268952 -4.2791880116415881e-05 0.00039313158526251864 0.00038161293461268952 0.00038161293461268952 -0.0035091816812486054 0.00040014944354833546 0.00014693537084359859 0.00038161293461268952 0.00038256548294656297 0.00039317382665607912 0.0003814819408703329 0.00038161293461268952 0.00038161400354166816 0.00038161293461268952 0.00038161498960506576 0.00038161293461268952 0.00038161293461268952 0.00035539699404619238 0.00020277639127039838 -0.00024033577905335982 0.00038161293461268952 0.00023521364842103541 0.00038471801116746304
leaf_weight=36406 236 584 6273 2907 2542 1342 334 849 1751 329 471 33505 498 1118 417 1103 1192 528 802 483 243 299 359 842 301 213 1933 638 283 233
leaf_count=36406 236 584 6273 2907 2542 1342 334 849 1751 329 471 33505 498 1118 417 1103 1192 528 802 483 243 299 359 842 301 213 1933 638 283 233
internal_value=0.000284672 0.0130398 -0.00127986 0.0179592 0.00177124 0.00869072 0.0107237 0.00306266 0.00448985 0.0198677 0.0151677 -0.00207811 0.00527147 7.39563e-05 0.0127033 0.00466258 0.00600746 0.00718586 0.00525733 0.01466 0.0163402 0.00815591 0.0148956 0.00994503 0.00278192 0.00633526 0.00117522 0.0186196 0.00772679 0.00875874
internal_weight=99014 10814 88200 5067 18289 5747 3603 10384 5909 3707 800 69911 5060 7905 1360 4562 2811 1905 2144 1698 1215 1669 943 1141 1632 514 4475 881 1708 1425
internal_count=99014 10814 88200 5067 18289 5747 3603 10384 5909 3707 800 69911 5060 7905 1360 4562 2811 1905 2144 1698 1215 1669 943 1141 1632 514 4475 881 1708 1425
is_linear=0
shrinkage=0.03


Tree=13
num_leaves=31
num_cat=0
split_feature=22 23 23 16 34 34 32 22 25 17 25 20 30 14 2 26 32 26 2 2 31 2 10 2 2 30 26 21 9 2
split_gain=2176.59 267.173 236.918 61.8795 54.8509 50.8421 37.2315 33.915 23.9364 33.9171 23.0828 22.3051 22.2621 21.0712 18.9357 17.9232 19.7684 15.9652 14.893 13.5705 12.5781 10.5207 10.264 11.7822 13.4225 10.2239 10.2031 11.5595 9.76844 9.96661
threshold=10.476875000000001 0.96514704198614198 0.69142484936884518 13.102500000000003 957.92500000000018 959.52500000000009 -0.93038214053199442 6.1621527777777798 6.7175000000000011 13.587500000000002 5.642500000000001 9.4811250000000022 7.7250000000000005 0.67352307557597968 1.1089058206799027 2.3825000000000003 -0.95878322595067689 2.4375000000000004 1.1247621642456853 1.202331969919241 1.9960860906862745 1.1588907018872494 8.5000000000000018 1.2111475284568234 1.1840185178814904 11.325000000000003 2.5125000000000006 1.1203014843203021 3.5000000000000004 1.2049631332052237
decision_type=2 2 2 8 2 2 2 2 10 2 8 2 2 2 2 2 2 2 2 2 2 2 2 2 2 2 2 2 2 2
left_child=2 4 7 13 8 18 19 -1 14 -10 21 -7 -8 -3 -2 -13 -17 -16 -4 -6 -18 -5 -19 24 -24 -14 -20 -28 -29 -30
right_child=1 3 5 10 6 11 12 -9 9 -11 -12 15 25 -15 17 16 20 22 26 -21 -22 -23 23 -25 -26 -27 27 28 29 -31
leaf_value=-0.011109695641960134 -0.00031373079930512303 0.00037016454657430863 -7.4304947067316266e-05 0.00037016454657430863 0.00037016454657430863 0.00037077991805549714 0.00037016847638658088 -0.0013293659199786745 0.00037016454657430863 0.00037016454657430863 0.00037016454657430863 0.00034939745575284843 0.00037016454657430863 0.00037016454657430863 -5.0893960358863175e-05 0.00032318138883943637 0.00037487182346080745 0.00037016454657430863 4.9803634874800991e-06 0.00037057536960904633 0.00036990486270409458 0.00037016454657430863 0.00037016454657430863 0.00037016847638658088 0.00027158497070325877 0.00037016454657430863 -0.00018447111810080896 0.00038975186164882713 0.00033979710073908973 -0.00028070408215548733
leaf_weight=51989 410 1019 2423 230 327 2195 212 22579 461 288 2597 297 631 810 306 225 711 1198 1920 269 380 429 667 202 293 496 578 2496 1541 869
leaf_count=51989 410 1019 2423 230 327 2195 212 22579 461 288 2597 297 631 810 306 225 711 1198 1920 269 380 429 667 202 293 496 578 2496 1541 869
internal_value=0.000311711 0.0129912 -0.00124795 0.0180029 0.00855507 0.00238746 0.0126727 -0.00191281 0.00645822 0.0112639 0.0205005 0.00532809 0.0154487 0.0135131 0.00527166 0.00800433 0.00950189 0.00619319 0.00124583 0.0063594 0.0111651 0.0152304 0.00702748 0.0090437 0.00758549 0.0171281 0.00191362 0.00257205 0.00304459 0.00167702
internal_weight=99048 10845 88203 5085 5760 13635 1935 74568 3825 749 3256 3808 1339 1829 3076 1613 1316 2666 9827 596 1091 659 2360 1162 960 1127 7404 5484 4906 2410
internal_count=99048 10845 88203 5085 5760 13635 1935 74568 3825 749 3256 3808 1339 1829 3076 1613 1316 2666 9827 596 1091 659 2360 1162 960 1127 7404 5484 4906 2410
is_linear=0
shrinkage=0.03


Tree=14
num_leaves=31
num_cat=0
split_feature=22 22 22 16 34 32 27 20 2 31 14 22 17 34 24 32 27 24 28 32 12 28 2 2 13 24 22 19 9 28
split_gain=2196.68 253.409 230.994 67.2898 55.8068 53.1449 48.5877 40.6568 29.22 24.9035 22.2979 22.2196 21.5485 19.0404 18.7754 21.5681 20.3035 18.578 15.3908 14.77 14.974 14.5959 13.2639 12.4962 15.7116 12.2086 11.8372 11.7665 10.2287 14.3275
threshold=10.619375000000002 7.8642500000000011 12.155208333333336 12.892500000000002 959.42500000000018 -0.90992662233962551 5.5225000000000017 9.4811250000000022 1.144636697369912 1.3812249728329637 0.69816425956455153 4.8587083333333343 11.802500000000002 958.22500000000014 6.8750000000000009 -0.93038214053199442 5.3929166666666672 10.125000000000002 1.7107789403815021 0.98321746822993605 8.0875000000000021 1.6623950451260796 1.1169665004141764 1.1660487668648771 7.3375000000000004 7.825000000000002 11.625333333333336 10.192500000000003 3.5000000000000004 1.1739197161310748
decision_type=2 2 2 8 2 2 2 2 2 2 2 2 2 2 8 2 2 10 2 2 10 2 2 2 2 8 2 8 2 2
left_child=1 11 5 10 12 17 13 -6 9 -5 -4 -1 23 27 -9 -16 21 22 -8 -14 -21 -17 -2 -3 -25 -15 -24 -7 29 -26
right_child=2 4 3 8 7 6 18 14 -10 -11 -12 -13 19 25 15 16 -18 -19 -20 20 -22 -23 26 24 28 -27 -28 -29 -30 -31
leaf_value=-0.013776405487957066 6.703165215761753e-05 -0.00012613084609329304 0.00035905961017707819 0.00035905961017707819 0.00036097048934345785 0.00035905961017707819 0.00035905961017707819 0.00035873830817264424 0.00035905961017707819 0.00035905961017707819 0.00035905961017707819 -0.0032031352724771461 0.00022244094707781463 0.00035905961017707819 0.00031626438756540584 0.00036239433195339732 0.00035968983533605446 0.00035905961017707819 0.00035905961017707819 0.00036916012972633801 0.00037857102493214388 0.00035804460950002778 0.00035905961017707819 -0.00013474341833570469 0.00043220265568874681 0.00036046935075781269 0.00035905961017707819 0.00035905961017707819 0.0003317828636953368 0.00037411742495068178
leaf_weight=37681 469 6967 752 252 3244 403 402 523 2635 395 571 32099 2405 275 292 343 349 214 945 1232 345 347 1287 1817 285 235 563 647 746 538
leaf_count=37681 469 6967 752 252 3244 403 402 523 2635 395 571 32099 2405 275 292 343 349 214 945 1232 345 347 1287 1817 285 235 563 647 746 538
internal_value=0.000313772 -0.00118406 0.0136104 0.0185564 0.00184541 0.00941047 0.0121803 0.00453968 0.0208713 0.0149218 0.0127568 -0.0020278 0.000885983 0.00853035 0.00807854 0.00996781 0.0119856 0.00621395 0.0163602 0.00275997 0.00501201 0.00889209 0.00541007 0.00016422 0.00165792 0.0132816 0.00654986 0.00617062 0.00385197 0.00614855
internal_weight=99258 89213 10045 4605 19433 5440 2907 5098 3282 647 1323 69780 14335 1560 1854 1331 1039 2533 1347 3982 1577 690 2319 10353 3386 510 1850 1050 1569 823
internal_count=99258 89213 10045 4605 19433 5440 2907 5098 3282 647 1323 69780 14335 1560 1854 1331 1039 2533 1347 3982 1577 690 2319 10353 3386 510 1850 1050 1569 823
is_linear=0
shrinkage=0.03


Tree=15
num_leaves=31
num_cat=0
split_feature=22 22 23 34 25 3 27 22 22 8 10 17 10 31 26 8 34 25 10 19 27 34 35 19 21 34 8 18 17 25
split_gain=2110.22 250.183 239.142 56.9371 47.9049 42.6858 39.3924 35.959 22.9725 20.7783 20.4153 18.8967 17.5748 17.2034 17.0607 17.1315 16.9895 16.6881 15.2567 14.1625 12.9466 11.9748 11.8649 11.5575 11.9286 10.8105 10.2219 10.2037 10.0342 9.94654
threshold=10.619375000000002 7.8642500000000011 0.96514704198614198 959.42500000000018 5.7975000000000012 10.439077069198984 5.7093750000000005 9.4662916666666685 4.5874166666666687 14.500000000000002 10.500000000000002 11.802500000000002 4.5000000000000009 1.4011430809716037 2.2025000000000006 9.5000000000000018 951.32500000000016 4.7425000000000006 8.5000000000000018 7.6025000000000009 5.7093750000000005 953.92500000000018 63.750000000000007 9.802500000000002 1.9164014128022349 954.62500000000011 13.500000000000002 7.0375000000000014 10.962500000000002 7.8675000000000006
decision_type=2 2 2 2 8 2 2 2 2 2 2 2 2 2 2 2 2 10 2 8 2 2 2 8 2 2 2 10 2 8
left_child=1 8 5 11 20 6 9 26 -1 21 12 25 13 -6 -9 -16 -8 -11 -14 -13 -4 -2 -18 -17 -25 -3 -5 -27 -10 -7
right_child=2 3 4 7 10 29 16 14 28 17 -12 19 18 -15 15 23 22 -19 -20 -21 -22 -23 -24 24 -26 27 -28 -29 -30 -31
leaf_value=-0.013963112751113763 0.00020532338914277525 -0.00014229579570283589 0.00034828782187176441 0.00025743828370201948 0.00034828782187176441 0.00034828782187176441 0.00034824974984062787 -8.8221903734790746e-05 -0.0039752925848657965 0.00034828782187176441 0.00034828782187176441 -0.00018609591916374124 0.00034828782187176441 0.00034828782187176441 0.0003480170217628908 0.00036351035098399983 0.00034828782187176441 0.00034828981521436872 0.00034828782187176441 0.00034832115871691213 0.00034828782187176441 0.00034828782187176441 0.00034836916328484161 0.00030130229077166346 0.00034817731568537625 -0.00063027645998699287 0.00037435343851393205 0.00037114520849109708 0.00060725031549111797 0.00034828782187176441
leaf_weight=34642 388 6959 453 1886 682 1702 202 209 33201 213 1232 1005 338 1009 657 367 725 424 474 3055 899 800 239 232 366 831 1401 2597 1946 263
leaf_count=34642 388 6959 453 1886 682 1702 202 209 33201 213 1232 1005 338 1009 657 367 725 424 474 3055 899 800 239 232 366 831 1401 2597 1946 263
internal_value=0.000325134 -0.00114059 0.01336 0.00185718 0.0179299 0.00865592 0.0109136 0.00457466 -0.00198107 0.00812295 0.0196965 0.000893232 0.0180347 0.0198272 0.00793954 0.00897603 0.015228 0.0124907 0.0142032 0.00262731 0.0129948 0.00573847 0.0168916 0.0115206 0.00881592 0.000214491 0.00269107 0.00159219 -0.00144035 0.00520051
internal_weight=99397 89354 10043 19565 5087 4956 2991 5118 69789 1825 3735 14447 2503 1691 1831 1622 1166 637 812 4060 1352 1188 964 965 598 10387 3287 3428 35147 1965
internal_count=99397 89354 10043 19565 5087 4956 2991 5118 69789 1825 3735 14447 2503 1691 1831 1622 1166 637 812 4060 1352 1188 964 965 598 10387 3287 3428 35147 1965
is_linear=0
shrinkage=0.03


Tree=16
num_leaves=31
num_cat=0
split_feature=23 23 23 16 32 34 23 24 24 24 1 10 35 16 26 23 23 18 14 10 31 32 8 23 31 23 24 29 26 10
split_gain=2094.02 305.651 171.106 59.5569 56.6034 54.1427 44.547 37.2225 31.7324 26.394 23.361 19.2203 18.8759 18.6291 18.0938 19.7216 18.0247 20.1917 17.8121 17.2288 16.0563 15.332 17.8035 15.303 13.8455 13.4593 13.148 12.096 10.6626 11.1167
threshold=0.92135163589546987 0.73269640929070001 0.97102885636651037 12.802500000000002 0.9426055981926128 959.42500000000018 0.50929761975349008 7.6750000000000016 7.9750000000000005 8.2250000000000014 15.475000000000003 10.500000000000002 79.250000000000014 10.392500000000002 2.2625000000000006 0.85831870861577075 0.88924359640771067 8.5875000000000021 0.66795084649492142 10.500000000000002 1.9960860906862745 -0.93038214053199442 13.500000000000002 0.94471827380329176 1.3877854262061438 0.16841762568339827 7.1750000000000016 7.9225000000000012 2.0725000000000007 4.5000000000000009
decision_type=2 2 2 8 2 2 2 10 8 10 2 2 2 10 2 2 2 10 2 2 2 2 2 2 2 2 10 2 2 2
left_child=1 6 4 18 9 16 25 14 19 23 -5 27 -13 -9 -7 -16 17 28 -4 -6 -10 -17 -23 -2 -12 -1 -18 -11 -3 -30
right_child=2 5 3 10 8 7 -8 13 20 11 24 12 -14 -15 15 21 26 -19 -20 -21 -22 22 -24 -25 -26 -27 -28 -29 29 -31
leaf_value=-0.01304421984541751 0.00033783918721561057 -0.00043541952911959611 0.00033783918721561057 0.00033783918721561057 0.00033783918721561057 -2.6070669277335547e-05 -0.00014867170223575976 0.00033892802479763146 0.00033783918721561057 0.00033783918721561057 0.00033783918721561057 0.00033783918721561057 0.00033783918721561057 0.00033831095969300343 0.0003368635592101199 0.00030435100074134867 0.00033298650919224524 -7.5603908081277587e-05 0.00033783918721561057 0.00033783918721561057 0.00033783918721561057 0.00033794974381905142 0.0003542817854263003 0.00033783918721561057 0.00033783918721561057 -0.0042639888715857097 0.00033783918721561057 0.00033772233111915129 0.00035712608291422104 0.00023804608660030313
leaf_weight=36840 796 380 446 2506 260 546 15608 211 889 285 201 222 202 459 1042 249 2119 3384 419 430 225 833 412 1038 369 25063 944 334 1328 1321
leaf_count=36840 796 380 446 2506 260 546 15608 211 889 285 201 222 202 459 1042 249 2119 3384 419 430 225 833 412 1038 369 25063 944 334 1328 1321
internal_value=0.000355322 -0.000987471 0.0144794 0.0190895 0.0105819 0.00322648 -0.00170678 0.00627469 0.0147529 0.00794552 0.0210555 0.0117567 0.0166853 0.0126667 0.00486686 0.00593152 0.00201688 0.00111109 0.0120172 0.00958273 0.0178981 0.00813742 0.009492 0.00575204 0.015287 -0.00206789 0.00390841 0.00827404 0.00288827 0.00356179
internal_weight=99361 90739 8622 3941 4681 13228 77511 3752 1804 2877 3076 1043 424 670 3082 2536 9476 6413 865 690 1114 1494 1245 1834 570 61903 3063 619 3029 2649
internal_count=99361 90739 8622 3941 4681 13228 77511 3752 1804 2877 3076 1043 424 670 3082 2536 9476 6413 865 690 1114 1494 1245 1834 570 61903 3063 619 3029 2649
is_linear=0
shrinkage=0.03


Tree=17
num_leaves=31
num_cat=0
split_feature=23 23 23 16 32 24 22 34 24 25 34 32 15 19 2 22 18 25 32 2 23 22 19 33 11 24 15 8 16 24
split_gain=2043.69 266.84 199.506 68.9854 53.1384 47.4539 46.8224 43.9932 34.0621 27.8551 25.6144 24.4822 21.3679 19.1666 18.7047 16.8034 18.7421 15.811 14.6548 13.7781 13.7278 13.3979 12.9054 12.3901 12.3442 11.7541 11.6446 19.6306 10.2387 12.2006
threshold=0.9161370581788213 0.73269640929070001 0.96514704198614198 13.102500000000003 -0.93038214053199442 8.0250000000000021 6.7881250000000017 959.42500000000018 6.8750000000000009 5.642500000000001 957.92500000000018 -0.94828754594723508 0.019999999999999688 6.932500000000001 1.1762199089169951 10.176875000000003 8.5875000000000021 6.3125000000000009 0.98624804680367306 1.1089058206799027 0.9808168523507349 3.7640833333333337 8.8675000000000015 0.28400453026986811 8.1025000000000027 8.0750000000000028 -0.16999999999999985 16.500000000000004 10.092500000000003 7.575000000000002
decision_type=2 2 2 8 2 8 2 2 10 8 2 2 10 10 2 2 10 10 2 2 2 2 10 2 10 10 10 2 8 10
left_child=1 6 4 11 19 23 21 15 18 20 17 14 13 -10 -4 16 26 -7 -9 -2 -5 -1 25 -6 -20 -17 -3 -28 -8 -30
right_child=2 7 3 9 5 10 28 8 12 -11 -12 -13 -14 -15 -16 22 -18 -19 24 -21 -22 -23 -24 -25 -26 -27 27 -29 29 -31
leaf_value=-0.014852892940110832 -0.00022332347352445491 7.8115143299483099e-05 0.00032770401159914141 0.00032770401159914141 0.00032770401159914141 0.0003277039768214359 -0.00076737432873390428 0.00028911814737757281 0.00027581684061405484 0.00032770401159914141 0.00032770401159914141 0.00032770401159914141 0.00032876018489319422 0.00033147421957838261 0.00032770401159914141 0.00032008431975637225 -4.7592949338990328e-05 0.00032770401159914141 0.00032963058636986827 0.00032770508052812005 0.00032770401159914141 -0.0059462130365578987 0.00033214474961694603 0.00032770401159914141 0.00032974438869731954 0.00033048260214997625 0.00032820288975539012 0.00035898858100262278 0.0002158822003696134 0.0013057888541428975
leaf_weight=24648 290 1015 704 300 794 423 14347 1412 363 2588 590 728 448 232 401 1504 3542 292 806 1435 356 34200 458 409 205 336 1808 301 4075 204
leaf_count=24648 290 1015 704 300 794 423 14347 1412 363 2588 590 728 448 232 401 1504 3542 292 806 1435 356 34200 458 409 205 336 1808 301 4075 204
internal_value=0.000353339 -0.00103251 0.0137295 0.0177408 0.00890302 0.0116896 -0.00168719 0.00304704 0.0059153 0.0203841 0.0156527 0.0130201 0.0104399 0.006625 0.0101216 0.00193533 0.00117104 0.0116875 0.00395016 0.00482948 0.0146324 -0.00210209 0.00414503 0.00734354 0.0066998 0.00300813 0.00286289 0.00413103 -0.000376148 0.000911064
internal_weight=99214 89904 9310 5077 4233 2508 77474 12430 3466 3244 1305 1833 1043 595 1105 8964 6666 715 2423 1725 656 58848 2298 1203 1011 1840 3124 2109 18626 4279
internal_count=99214 89904 9310 5077 4233 2508 77474 12430 3466 3244 1305 1833 1043 595 1105 8964 6666 715 2423 1725 656 58848 2298 1203 1011 1840 3124 2109 18626 4279
is_linear=0
shrinkage=0.03


Tree=18
num_leaves=31
num_cat=0
split_feature=23 23 16 27 34 23 8 32 32 1 26 25 10 28 34 23 23 23 1 25 32 8 16 5 21 29 30 12 1 17
split_gain=2011.88 336.661 140.137 63.9572 61.1322 59.8809 38.525 38.468 32.2606 31.4201 29.9328 28.8497 24.3914 17.5457 16.4447 16.1574 15.7818 15.1334 14.8729 14.1739 13.1469 12.9015 12.6506 11.3039 10.1168 10.1003 10.0271 9.95764 13.0485 10.4418
threshold=0.92986604680737783 0.79543207625932155 12.892500000000002 5.4779166666666672 959.02500000000009 0.58580981356194251 11.500000000000002 -0.96359376111369355 -0.93038214053199442 14.325000000000003 2.3825000000000003 5.182500000000001 4.5000000000000009 1.5414981885918386 955.12500000000011 0.17210161277705566 0.88924359640771067 0.98197505710993016 6.5750000000000011 7.8675000000000006 0.99535829673000953 12.500000000000002 14.652500000000002 0.87326729166560357 0.90986194007014265 7.8025000000000011 8.9750000000000014 8.4875000000000025 22.025000000000002 13.092500000000003
decision_type=2 2 8 2 2 2 2 2 2 2 2 8 2 2 2 2 2 2 2 10 2 2 8 2 2 2 2 10 2 2
left_child=1 5 7 23 16 15 18 19 -8 22 -10 -9 -11 -12 25 -1 -3 -14 20 -2 -6 -16 26 -4 -18 -13 -5 -26 29 -29
right_child=2 4 3 9 6 -7 8 11 10 12 13 14 17 -15 21 -17 24 -19 -20 -21 -22 -23 -24 -25 27 -27 -28 28 -30 -31
leaf_value=-0.012324507002009396 0.00031787289125116859 0.00020799605037568074 0.00031787289125116859 0.00031787289125116859 0.00031678730128101404 6.4064214670013863e-05 0.00031861609637545522 0.00031787289125116859 0.00031114157640744626 0.00031787289125116859 0.00032106312403885727 0.00031787289125116859 0.0003178577982623565 0.00033003438689696086 0.00031787289125116859 -0.0037488365926520665 -0.00017702631720618341 0.00031787289125116859 0.00031787289125116859 0.00031787289125116859 0.00032097556172782672 0.00031787289125116859 0.00031787289125116859 0.00031787289125116859 0.00026787867772641924 0.00031787289125116859 0.00031787289125116859 0.0003219652404717088 0.00014900277401496464 0.00031919521143556115
leaf_weight=37175 1224 4601 533 201 1184 14299 466 425 221 367 403 268 242 598 434 28352 343 221 283 265 355 371 1111 236 1016 300 1550 1217 600 431
leaf_count=37175 1224 4601 533 201 1184 14299 466 425 221 367 403 268 242 598 434 28352 343 221 283 265 355 371 1111 236 1016 300 1550 1217 600 431
internal_value=0.000344662 -0.000898012 0.0150182 0.0184857 0.00384936 -0.0015951 0.00716074 0.0102913 0.0104229 0.0201309 0.012978 0.0132479 0.0148024 0.0151759 0.0153636 -0.0019789 0.00242981 0.0100449 0.00411823 0.00668875 0.00293588 0.0181667 0.0216477 0.0105078 0.00391445 0.011267 0.0198673 0.00442888 0.00554194 0.00691833
internal_weight=99292 91544 7748 4461 11718 79826 3510 3287 1688 3692 1222 1798 830 1001 1373 65527 8208 463 1822 1489 1539 805 2862 769 3607 568 1751 3264 2248 1648
internal_count=99292 91544 7748 4461 11718 79826 3510 3287 1688 3692 1222 1798 830 1001 1373 65527 8208 463 1822 1489 1539 805 2862 769 3607 568 1751 3264 2248 1648
is_linear=0
shrinkage=0.03


Tree=19
num_leaves=31
num_cat=0
split_feature=22 23 22 16 34 34 24 13 24 22 17 15 26 18 30 19 19 19 17 24 33 5 26 34 22 24 20 34 28 17
split_gain=2054.45 254.18 229.014 72.9854 55.4161 41.498 30.5511 31.1559 30.1214 24.2513 20.8868 20.591 18.646 19.7052 19.1984 17.8227 13.9282 13.375 13.3381 13.2479 13.133 12.5483 11.8364 11.7092 11.5587 10.8924 11.3194 10.229 10.5164 10.0736
threshold=10.619375000000002 0.96514704198614198 7.8642500000000011 12.892500000000002 960.62500000000011 951.12500000000011 7.9750000000000005 10.640833333333335 6.825000000000002 4.8587083333333343 11.802500000000002 0.019999999999999688 2.4075000000000006 10.222500000000002 7.6750000000000016 5.5025000000000013 10.282500000000002 7.6025000000000009 11.372500000000002 7.6750000000000016 0.06104621499353461 0.97735858054704761 2.6275000000000004 951.62500000000011 11.625333333333336 2.5750000000000006 10.047500000000001 959.62500000000011 1.7432246807176563 13.702500000000002
decision_type=2 2 2 8 2 2 10 2 10 2 2 10 2 8 2 10 8 8 2 10 2 2 2 2 2 10 2 2 2 2
left_child=2 5 9 19 10 -2 12 -8 18 -1 23 15 -7 14 -14 -10 -5 -12 -6 29 21 27 -19 -4 -15 26 -20 28 -18 -3
right_child=1 3 4 16 8 6 7 -9 11 -11 17 -13 13 24 -16 -17 20 22 25 -21 -22 -23 -24 -25 -26 -27 -28 -29 -30 -31
leaf_value=-0.012003476168711025 0.00030810132238179462 0.00030833670451363312 -0.00042934869470379722 0.00030833670451363312 0.00030766651656360055 -6.5838230875286949e-05 0.00030833670451363312 0.00030833667244576144 0.00021204410155601703 -0.002778803856701454 -6.9818823338319006e-05 0.00032232764277148574 0.00030833670451363312 0.00030833667244576447 0.00030835933483358113 0.00031383916902682037 0.00030833670451363312 8.3530930446518736e-05 0.0003394398528199127 0.00030833670451363312 0.00030833670451363312 0.00030833670451363312 0.00031951586922368324 0.0002697852912190224 0.00030833670451363312 0.0003072625945346563 0.00031623931537920567 0.00030833670451363312 0.00030833670451363312 0.00030833670451363312
leaf_weight=37680 1325 405 4487 398 1584 213 811 429 315 32135 1071 425 341 862 672 249 209 854 582 661 1188 1109 2562 6491 296 549 232 203 446 498
leaf_count=37680 1325 405 4487 398 1584 213 811 429 315 32135 1071 425 341 862 672 249 209 854 582 661 1188 1109 2562 6491 296 549 232 203 446 498
internal_value=0.000380049 0.0132243 -0.00106979 0.0179127 0.0018132 0.00836354 0.0100242 0.0138554 0.00498909 -0.00187103 0.00100355 0.00951006 0.0080067 0.00883594 0.0118969 0.00567311 0.020301 0.00272685 0.00345833 0.0124398 0.0209953 0.019325 0.00364279 0.000298278 0.00611866 0.00562939 0.00782418 0.0163453 0.0142955 0.00996806
internal_weight=99282 10066 89216 5117 19401 4949 3624 1240 3936 69815 15465 989 2384 2171 1013 564 3553 4487 2947 1564 3155 1967 3416 10978 1158 1363 814 858 655 903
internal_count=99282 10066 89216 5117 19401 4949 3624 1240 3936 69815 15465 989 2384 2171 1013 564 3553 4487 2947 1564 3155 1967 3416 10978 1158 1363 814 858 655 903
is_linear=0
shrinkage=0.03


Tree=20
num_leaves=31
num_cat=0
split_feature=23 23 23 2 32 24 22 17 25 25 24 32 22 19 17 2 22 32 1 35 25 2 9 22 2 19 19 22 22 12
split_gain=1954.12 241.282 189.537 62.2308 54.0052 47.8416 42.7585 31.8091 25.5591 21.3605 20.6211 20.7789 18.2942 17.8917 16.5193 15.6463 15.5788 15.3714 15.2165 15.0805 14.0342 12.698 11.9711 10.7393 10.5893 10.4498 10.3799 9.47828 8.86091 8.85196
threshold=0.9161370581788213 0.72078894228019486 0.96514704198614198 1.1474195251904404 -0.93663652364155492 7.9750000000000005 6.7881250000000017 11.372500000000002 7.5625000000000009 5.4825000000000008 7.8750000000000009 0.98624804680367306 13.504000000000003 8.7225000000000019 13.587500000000002 1.167903727371389 3.7640833333333337 -0.91702515554752051 1.4250000000000005 78.750000000000014 5.1325000000000012 1.1089058206799027 1.5000000000000002 12.654666666666669 1.1666664319756939 8.0725000000000016 10.537500000000001 10.389791666666669 11.625333333333336 5.5925000000000011
decision_type=2 2 2 2 2 8 2 2 8 8 10 2 2 10 2 2 2 2 2 2 10 2 2 2 2 10 8 2 2 10
left_child=1 6 4 8 21 26 16 15 12 23 11 13 -4 -9 -11 -3 -1 27 -17 -13 -7 -2 -22 -5 -8 -20 -6 -12 -23 -26
right_child=2 7 3 9 5 20 24 10 -10 14 17 19 -14 -15 -16 18 -18 -19 25 -21 22 28 -24 -25 29 -27 -28 -29 -30 -31
leaf_value=-0.013527466799837042 -2.6984606382649545e-05 -1.2350348028510316e-05 0.0002990866033782258 0.0002990866033782258 0.00029908660434025959 0.00029905582836066479 -0.0012794947106950416 0.00018045024035654776 0.0002990866033782258 0.0002990866033782258 -1.7895676517362123e-05 0.00029948367593281565 0.0002990866033782258 0.0003337149661113805 0.0002990866033782258 0.00026713529779205967 -0.0054454389065353827 0.00029949695890083781 0.00031767028953746777 0.00032275943264261666 0.00029908592551195601 0.0002990865722723879 0.00029908683694013558 0.0002990866033782258 -0.00066243586950341822 0.00034445821793564367 0.00029908660434025959 0.00030175770420994837 0.00029948240269326855 0.00052004157732586155
leaf_weight=24671 274 3535 531 343 570 330 9562 2801 412 553 286 2460 279 313 2541 1558 34036 743 917 210 223 981 846 415 3036 225 600 209 422 5150
leaf_count=24671 274 3535 531 343 570 330 9562 2801 412 553 286 2460 279 313 2541 1558 34036 743 917 210 223 981 846 415 3036 225 600 209 422 5150
internal_value=0.000383432 -0.000975134 0.0134542 0.0173692 0.00876076 0.011493 -0.00162301 0.00276044 0.0113888 0.0192492 0.00414458 0.00338711 0.00820859 0.00171786 0.0203833 0.00119952 -0.00201306 0.00765567 0.00291682 0.0053271 0.0152372 0.00455351 0.0169302 0.0145164 -0.000332564 0.00553967 0.00697021 0.00351 0.00570383 0.000459284
internal_weight=99032 89712 9320 5074 4246 2569 76455 13257 1222 3852 7022 5784 810 3114 3094 6235 58707 1238 2700 2670 1399 1677 1069 758 17748 1142 1170 495 1403 8186
internal_count=99032 89712 9320 5074 4246 2569 76455 13257 1222 3852 7022 5784 810 3114 3094 6235 58707 1238 2700 2670 1399 1677 1069 758 17748 1142 1170 495 1403 8186
is_linear=0
shrinkage=0.03


Tree=21
num_leaves=31
num_cat=0
split_feature=23 23 16 27 23 32 17 26 2 31 32 8 22 22 31 2 27 1 22 8 22 29 1 15 19 12 19 1 17 32
split_gain=1931.84 306.737 134.988 67.4203 57.2571 42.8905 36.2696 34.5045 34.4544 26.1615 24.3837 50.1424 19.8309 18.957 17.4457 17.214 18.2168 14.0908 12.823 11.8953 11.76 11.5773 11.3211 19.4623 10.8152 9.74167 9.68465 10.6846 9.62962 9.21509
threshold=0.92986604680737783 0.79543207625932155 12.892500000000002 5.4779166666666672 0.58580981356194251 -0.96359376111369355 11.372500000000002 2.4225000000000003 1.1494155581425787 1.3143322444050507 -0.93038214053199442 10.500000000000002 13.504000000000003 3.7640833333333337 2.1809217126118541 1.1474195251904404 5.7656250000000009 8.6250000000000018 12.012041666666667 11.500000000000002 11.625333333333336 4.5725000000000007 19.025000000000002 -0.084999999999999507 8.2825000000000024 8.4875000000000025 10.282500000000002 1.4250000000000005 13.477500000000003 -0.88697705852364728
decision_type=2 2 8 2 2 2 2 2 2 2 2 2 2 2 2 2 2 2 2 2 2 2 2 10 10 10 8 2 2 2
left_child=1 4 5 26 13 20 17 -8 9 -5 24 21 -11 -1 22 -7 -17 19 -10 -3 -2 -12 23 25 -9 -13 -4 -28 -6 -18
right_child=2 6 3 8 28 15 7 10 18 12 11 14 -14 -15 -16 16 29 -19 -20 -21 -22 -23 -24 -25 -26 -27 27 -29 -30 -31
leaf_value=-0.013271642652790783 0.00029006577303504965 0.00029013644920910289 0.00029011400527688023 0.00029011400527688023 3.7914871271512717e-05 0.00029011400527688023 4.9287163830669108e-05 0.00019181924987412988 0.00029011486952613589 0.0002901137845299796 0.00029008014588042028 0.00029286071680537546 0.00029011400527688023 -0.0043835236216996018 0.0002897077914406121 0.00029011400621005044 0.00029011400527688023 2.9914506831935082e-05 0.00029011400527688023 0.00030486536849049937 0.00029011400527688023 0.0002900998450956993 0.00020749221388832045 0.00030486459034799186 0.00029374208084950688 0.00029031046196020241 0.00029011773496350488 0.00029011400527688023 0.00062772821315997505 0.00029011400527688023
leaf_weight=24725 377 933 208 308 14091 440 1173 950 434 211 1947 560 333 40682 255 481 412 2743 2448 769 1083 731 206 875 393 201 260 338 226 429
leaf_count=24725 377 933 208 308 14091 440 1173 950 434 211 1947 560 333 40682 255 481 412 2743 2448 769 1083 731 206 875 393 201 260 338 226 429
internal_value=0.000378162 -0.000841634 0.0147424 0.0180792 -0.00150826 0.0100198 0.00368555 0.00498725 0.0197828 0.0143104 0.00589025 0.00689435 0.0101967 -0.00188438 0.0103658 0.0131715 0.0148937 0.00154719 0.0213731 0.00368717 0.0061843 0.00416176 0.0113828 0.0122194 0.00230786 0.00861227 0.0101134 0.0120498 0.000210096 0.0175851
internal_weight=99222 91460 7762 4540 79724 3222 11736 7291 3734 852 6118 4775 544 65407 2097 1762 1322 4445 2882 1702 1460 2678 1842 1636 1343 761 806 598 14317 841
internal_count=99222 91460 7762 4540 79724 3222 11736 7291 3734 852 6118 4775 544 65407 2097 1762 1322 4445 2882 1702 1460 2678 1842 1636 1343 761 806 598 14317 841
is_linear=0
shrinkage=0.03


Tree=22
num_leaves=31
num_cat=0
split_feature=22 22 16 27 34 22 2 2 24 10 32 33 22 8 32 24 18 24 8 34 30 22 32 10 11 22 22 1 12 8
split_gain=1906.9 275.239 153.69 68.0931 61.8221 52.4945 45.4126 40.6158 30.3457 29.6713 23.337 20.5541 19.3642 18.8936 20.7319 18.3808 17.9712 17.27 20.0987 15.0774 14.9277 14.546 14.2229 14.1799 13.4998 13.3841 13.3197 11.9513 14.033 11.4129
threshold=11.068875 8.8896666666666686 12.892500000000002 5.4779166666666672 959.42500000000018 6.4818750000000005 1.1518199836471661 1.1494155581425787 7.6750000000000016 4.5000000000000009 -0.94828754594723508 -0.034899496702500851 10.176875000000003 14.500000000000002 -0.93663652364155492 8.0250000000000021 8.5875000000000021 7.7250000000000005 13.500000000000002 963.42500000000018 11.025000000000002 12.012041666666667 0.98624804680367306 4.5000000000000009 2.8075000000000006 11.751791666666668 3.6727916666666673 15.475000000000003 6.392500000000001 13.500000000000002
decision_type=2 2 8 2 2 2 2 2 10 2 2 2 2 2 2 8 10 10 2 2 2 2 2 2 8 2 2 2 10 2
left_child=1 5 6 29 12 26 17 9 13 -5 25 -10 16 22 -15 -12 23 -2 -19 -16 -13 -9 -6 -3 -7 -8 -1 28 -26 -4
right_child=2 4 3 7 8 24 10 21 11 -11 15 20 -14 14 19 -17 -18 18 -20 -21 -22 -23 -24 -25 27 -27 -28 -29 -30 -31
leaf_value=-0.0131734935341396 0.00025311238575993539 0.00030267407503660481 0.00028141058511857328 0.00028141058511857328 0.00018400655885525107 0.002498394224747996 0.00028141056399748018 0.00028141631874194922 0.00028123144451162077 0.00028141058511857328 0.00028141058602374923 0.00028466413963098566 0.00028141431473221123 0.00027850280216356639 0.00029328514909092077 0.00028141058511857328 -6.1628844970333435e-05 0.00028141058511857328 0.00018273191109729914 0.00029798347553370853 0.00028210792139367628 0.00028141058511857328 0.00028281198076018807 7.9112863480176735e-05 -0.00068571761638413315 0.00028141058511857328 -0.0056994334982886103 -0.0015500390466910345 0.00039822999321888089 0.00028449891923500626
leaf_weight=23654 914 1362 619 373 983 203 318 435 271 510 343 227 3090 268 480 725 3326 293 277 277 220 2451 847 1453 7597 654 32023 8973 5900 200
leaf_count=23654 914 1362 619 373 983 203 318 435 271 510 343 227 3090 268 480 725 3326 293 277 277 220 2451 847 1453 7597 654 32023 8973 5900 200
internal_value=0.000394797 -0.000845907 0.0143284 0.0179504 0.00323116 -0.00151235 0.00959422 0.019659 0.00657937 0.013875 0.0124988 0.012083 0.00193233 0.00517657 0.00843204 0.0155788 0.000956231 0.00557287 0.00965217 0.0109567 0.0160155 0.0214016 0.00333515 0.00271808 -0.000295397 0.0090522 -0.00200785 -0.00036574 0.000198414 0.0100158
internal_weight=99266 91154 8112 4588 12804 78350 3524 3769 3573 883 2040 718 9231 2855 1025 1068 6141 1484 570 757 447 2886 1830 2815 22673 972 55677 22470 13497 819
internal_count=99266 91154 8112 4588 12804 78350 3524 3769 3573 883 2040 718 9231 2855 1025 1068 6141 1484 570 757 447 2886 1830 2815 22673 972 55677 22470 13497 819
is_linear=0
shrinkage=0.03


Tree=23
num_leaves=31
num_cat=0
split_feature=22 22 16 22 34 1 24 32 1 22 24 8 24 22 24 22 31 10 19 34 16 32 10 5 32 34 29 9 1 19
split_gain=1901.02 244.085 192.151 70.0494 66.1875 49.7321 44.2978 42.5309 34.8591 30.1761 29.5315 25.7108 25.4107 24.9971 23.2784 21.1726 20.9027 16.9479 16.6706 15.5442 15.4478 14.9988 12.6921 11.1892 11.1536 10.6459 13.6624 10.4182 12.1868 19.3224
threshold=10.880833333333333 7.990916666666668 12.892500000000002 12.155208333333336 959.92500000000018 24.575000000000006 7.6750000000000016 -0.93038214053199442 15.475000000000003 4.4494583333333351 8.3250000000000028 15.500000000000002 7.4250000000000016 10.176875000000003 6.825000000000002 11.751791666666668 1.3448496905393461 10.500000000000002 10.192500000000003 957.92500000000018 10.442500000000003 -0.91702515554752051 4.5000000000000009 0.59955463272487708 0.98624804680367306 955.82500000000016 7.5475000000000003 1.5000000000000002 11.275000000000002 8.8675000000000015
decision_type=2 2 8 2 2 2 10 2 2 2 10 2 8 2 8 2 2 2 8 2 10 2 2 2 2 2 2 2 2 8
left_child=1 9 5 10 13 7 11 15 -5 -1 18 24 -9 22 -13 -2 -10 -17 -4 -15 -8 -16 27 -23 -6 26 -14 28 29 -3
right_child=2 4 3 8 6 -7 20 12 16 -11 -12 14 25 19 21 17 -18 -19 -20 -21 -22 23 -24 -25 -26 -27 -28 -29 -30 -31
leaf_value=-0.011328288769838666 0.00027296823733720334 1.8248133283991217e-05 0.00027296826756501692 0.00027296826756501692 0.00015711683808973252 -1.8250986450259076e-05 0.00029952550290667028 0.00027296826750986767 0.00027296826756501692 -0.0025723171757193919 0.00027296917944705343 0.00029084782128116493 0.00027297007640563701 0.00026928568892924532 0.00031113137330281707 0.00027296826756501692 0.00027296826756501692 0.00027296826756501692 0.00027302771706294338 0.00029588846214825604 0.00027504541485666505 0.00072394545687165198 -4.8339991221188631e-05 0.00030531972361810377 0.00027323400923385367 0.00027296826756501692 0.00027296826756501692 0.00020835460449141084 5.309590196358793e-05 0.00036747144915136754
leaf_weight=32919 964 341 288 2630 1535 480 259 322 209 37953 309 569 256 2316 228 976 438 260 846 315 417 258 7441 311 1066 672 226 3203 604 588
leaf_count=32919 964 341 288 2630 1535 480 259 322 209 37953 309 569 256 2316 228 976 438 260 846 315 417 258 7441 311 1066 672 226 3203 604 588
internal_value=0.000434891 -0.000867273 0.0136789 0.0178222 0.00210922 0.00895746 0.00523257 0.0101418 0.0202587 -0.00168427 0.0122383 0.00401284 0.0140864 0.00112847 0.00733917 0.00746939 0.0138175 0.0100661 0.00991923 0.00377731 0.0123084 0.0106347 0.000554834 0.0132282 0.00225518 0.0161674 0.0124928 0.00176798 0.00379779 0.0059454
internal_weight=99199 90323 8876 4720 19451 4156 4643 3676 3277 70872 1443 3967 1476 14808 1366 2200 647 1236 1134 2631 676 797 12177 569 2601 1154 482 4736 1533 929
internal_count=99199 90323 8876 4720 19451 4156 4643 3676 3277 70872 1443 3967 1476 14808 1366 2200 647 1236 1134 2631 676 797 12177 569 2601 1154 482 4736 1533 929
is_linear=0
shrinkage=0.03


Tree=24
num_leaves=31
num_cat=0
split_feature=23 17 16 27 23 23 32 1 31 22 25 22 22 1 12 31 32 25 1 12 12 19 9 1 4 32 27 19 11 28
split_gain=1913.63 281.566 144.009 63.105 57.6593 47.1518 46.9171 34.9111 25.1686 24.0877 22.3972 19.7115 19.2 17.1631 20.3758 16.3396 14.9306 14.2151 13.3266 17.1833 12.6055 12.0548 11.807 11.1584 13.9274 10.3707 15.3223 10.0309 9.81731 8.64673
threshold=0.92986604680737783 10.962500000000002 12.892500000000002 5.4779166666666672 0.58580981356194251 0.87083642236122061 -0.95878322595067689 14.825000000000003 1.3143322444050507 13.504000000000003 5.182500000000001 12.012041666666667 3.6727916666666673 25.775000000000002 7.3225000000000007 1.1957877895003646 0.98624804680367306 7.8675000000000006 14.975000000000003 9.552500000000002 5.847500000000001 8.2275000000000027 3.5000000000000004 13.375000000000002 0.50712202980226662 -0.93038214053199442 5.4356250000000008 8.7225000000000019 8.4575000000000014 1.4975382572483606
decision_type=2 2 8 2 2 2 2 2 2 2 8 2 2 2 10 2 2 8 2 10 10 10 2 2 2 2 2 10 10 2
left_child=1 4 6 22 12 16 17 11 -9 -10 -8 -5 -1 14 -7 -16 21 -2 19 -12 -18 -3 -4 24 -6 27 -27 -17 -28 -22
right_child=2 5 3 7 23 13 10 8 9 -11 18 -13 -14 -15 15 25 20 -19 -20 -21 29 -23 -24 -25 -26 26 28 -29 -30 -31
leaf_value=-0.012388440112703968 0.0002647792195380649 0.00015100287740714256 0.0002647792195380649 0.00026477900644680835 -0.00040704530128814252 1.4024291853110826e-05 0.0002647792195380649 0.0002647792195380649 0.00017360787537755429 0.0002647792195380649 0.00026477922041608592 0.0002647792195380649 -0.0042885108704327612 -4.1007366579758338e-05 0.00026596512633986512 0.00022712461920142645 0.00012725477751288961 0.0002647792195380649 0.0002647792195380649 0.0002647792195380649 0.00028907699277169827 0.0003706898976571319 0.0002647792195380649 -0.00022882971640469707 0.00031142995021329108 0.00026581592207215341 0.00026410916873645493 0.00027481762046894901 0.00026473920376447258 0.00031831830455821605
leaf_weight=23545 1287 5103 413 435 3390 506 372 301 201 294 267 2474 40420 337 328 694 707 289 316 749 1602 398 378 6642 4204 2140 248 228 478 612
leaf_count=23545 1287 5103 413 435 3390 506 372 301 201 294 267 2474 40420 337 328 694 707 289 316 749 1602 398 378 6642 4204 2140 248 228 478 612
internal_value=0.000458077 -0.000755414 0.0147413 0.0182319 -0.00144353 0.00326513 0.00993607 0.0198801 0.0141348 0.00981 0.0133868 0.0214252 -0.00182781 0.00558481 0.00606095 0.00675855 0.00189676 0.00617457 0.0152087 0.016907 0.0036285 0.000974754 0.0104359 0.000283125 0.0010683 0.00618666 0.00707837 0.00339159 0.0108509 0.00473997
internal_weight=99358 91582 7776 4496 78201 13381 3280 3705 796 495 1704 2909 63965 4959 4622 4116 8422 1576 1332 1016 2921 5501 791 14236 7594 3788 2866 922 726 2214
internal_count=99358 91582 7776 4496 78201 13381 3280 3705 796 495 1704 2909 63965 4959 4622 4116 8422 1576 1332 1016 2921 5501 791 14236 7594 3788 2866 922 726 2214
is_linear=0
shrinkage=0.03


Tree=25
num_leaves=31
num_cat=0
split_feature=23 23 23 32 2 34 20 24 9 2 25 24 27 35 33 10 32 17 32 3 20 15 19 1 24 24 33 1 34 24
split_gain=1907.66 237.765 161.882 60.4984 59.2208 55.3828 54.7871 32.1961 27.8302 26.6091 25.877 25.6778 23.4728 20.1138 18.0495 17.5988 16.6513 15.291 15.2891 20.3107 13.5767 12.5679 11.5226 11.1278 13.6849 10.9739 10.9155 10.4471 9.92748 9.98025
threshold=0.92135163589546987 0.79543207625932155 0.97102885636651037 0.95368063612909471 1.1480176067867423 959.42500000000018 5.8427500000000014 6.8750000000000009 1.5000000000000002 1.1518199836471661 6.0275000000000007 8.5250000000000021 6.3643750000000008 79.750000000000014 -0.034899496702500851 4.5000000000000009 -0.91702515554752051 11.072500000000002 0.89490028524376763 8.3560234002921856 11.7155 0.05250000000000022 8.8675000000000015 9.0250000000000021 10.575000000000003 6.3750000000000009 -0.18222858652173743 24.575000000000006 950.42500000000018 8.1250000000000018
decision_type=2 2 2 2 2 2 2 10 2 2 10 10 2 2 2 2 2 2 2 2 2 10 10 2 8 10 2 2 2 10
left_child=1 6 3 9 12 22 25 18 -5 27 -10 20 -4 -13 -9 -14 23 -8 -7 -20 -11 -16 28 24 -6 -1 -22 -2 -3 -30
right_child=2 5 4 8 16 7 17 14 10 11 -12 13 15 -15 21 -17 -18 -19 19 -21 26 -23 -24 -25 -26 -27 -28 -29 29 -31
leaf_value=-0.0091237625062201913 0.00025812011180257222 -4.3775309481161035e-05 0.0002568358429519235 0.00025683582924630668 0.0002568358429519235 0.00012580468280280191 -0.00086574967920811517 0.0002578106085883952 0.00025683584286956604 0.00025692333115128808 0.0002568358429519235 0.0002568358429519235 0.0002568358429519235 0.0002568358429519235 0.00025887331309446205 0.0002568358429519235 0.0002568358429519235 0.00030879721182423809 0.00025623016908564179 0.00025798598061817945 0.0002568358429519235 0.0002606339069776138 0.00026123233972844771 0.0002568358429519235 0.0002568358429519235 0.0020776616813120651 0.0002568358429519235 -4.4947577103484624e-05 0.00024621863524862842 0.00025961961283931797
leaf_weight=47610 867 2066 223 316 206 636 26888 332 688 639 712 366 247 254 388 470 1244 4361 1221 225 251 336 1163 603 912 925 243 296 3936 595
leaf_count=47610 867 2066 223 316 206 636 26888 332 688 639 712 366 247 254 388 470 1244 4361 1221 225 251 336 1163 603 912 925 243 296 3936 595
internal_value=0.000453851 -0.000822787 0.0140071 0.010195 0.0185102 0.00333266 -0.00139057 0.00669297 0.0146671 0.00754262 0.016484 0.00987543 0.0118413 0.014784 0.0109538 0.0144723 0.020601 -0.000410732 0.00451078 0.00621089 0.0071362 0.0136049 0.00197038 0.0185267 0.0203882 -0.00202132 0.0108577 0.00399914 0.00148273 0.00226786
internal_weight=99219 90682 8537 4632 3905 10898 79784 3138 1716 2916 1400 1753 940 620 1056 717 2965 31249 2082 1446 1133 724 7760 1721 1118 48535 494 1163 6597 4531
internal_count=99219 90682 8537 4632 3905 10898 79784 3138 1716 2916 1400 1753 940 620 1056 717 2965 31249 2082 1446 1133 724 7760 1721 1118 48535 494 1163 6597 4531
is_linear=0
shrinkage=0.03


Tree=26
num_leaves=31
num_cat=0
split_feature=23 17 16 27 23 34 12 32 1 10 26 8 34 16 19 20 8 5 17 8 17 25 1 29 9 32 26 21 23 34
split_gain=1802.67 266.655 134.548 64.2544 56.0664 50.474 46.8687 39.2763 36.3191 28.3011 24.6553 31.3289 20.4106 19.282 18.5287 16.5655 16.2937 18.9772 12.8477 12.2562 12.0054 11.8121 10.4671 10.4733 10.3075 12.8529 9.89052 9.82753 9.31417 8.57926
threshold=0.92986604680737783 11.072500000000002 12.892500000000002 5.7093750000000005 0.58580981356194251 959.82500000000016 7.0875000000000012 -0.95878322595067689 14.825000000000003 4.5000000000000009 2.4225000000000003 9.5000000000000018 955.12500000000011 10.337500000000002 7.7525000000000013 3.8411250000000008 14.500000000000002 0.84429987514149074 13.182500000000003 7.5000000000000009 12.112500000000002 7.8675000000000006 20.925000000000004 2.7675000000000005 5.5000000000000009 0.8869770585236475 3.5575000000000006 2.3239411554152958 0.96514704198614198 951.92500000000018
decision_type=2 2 8 2 2 2 10 2 2 2 2 2 2 10 8 2 2 2 2 2 2 8 2 2 2 2 2 2 2 2
left_child=1 4 7 16 15 14 -7 21 20 -10 -8 -12 28 -13 24 -1 17 26 -16 -14 -5 -2 23 -6 -3 -26 -4 -21 -9 -11
right_child=2 5 3 8 22 6 10 12 9 29 11 13 19 -15 18 -17 -18 -19 -20 27 -22 -23 -24 -25 25 -27 -28 -29 -30 -31
leaf_value=-0.011210293325049716 0.00024913076766336692 -0.00036980337469880495 0.00014912823931798825 0.00024913076766336692 -0.0015203782462297399 0.00040787362730736399 0.00026258481791741392 0.00024913073917141149 0.00024913076766336692 0.00024913076766336692 0.00024908624028795678 0.00026720560474705074 0.00024913076766336692 0.00025858295048390972 0.00024908145166291584 -0.0038690293274924112 0.00024913076766336692 0.00024913076766336692 0.00025799622632464384 0.00024913076766583495 0.00024913076766336692 0.00024913076766336692 -0.00081678752659590569 0.00025309617327284937 -0.0010402809574325139 0.00085143849687393408 0.00024928246748840864 0.00024913076766336692 0.00024913076766336692 0.00024913076766336692
leaf_weight=25926 1303 2181 237 218 1580 1356 349 401 336 234 691 260 293 771 4771 37982 275 319 1670 452 2484 281 3564 9569 283 272 220 200 355 224
leaf_count=25926 1303 2181 237 218 1580 1356 349 401 336 234 691 260 293 771 4771 37982 275 319 1670 452 2484 281 3564 9569 283 272 220 200 355 224
internal_value=0.000458894 -0.000727229 0.0142662 0.0176118 -0.00137668 0.00332286 0.00642745 0.0096155 0.019575 0.0137647 0.00926156 0.0107319 0.0127825 0.0140415 0.00216064 -0.00176105 0.0110199 0.00869654 0.00303863 0.0157421 0.0212538 0.00618502 0.000292906 0.000745292 9.19365e-05 0.00372321 0.0046948 0.0180731 0.00900394 0.00876026
internal_weight=99057 91225 7832 4547 78621 12604 3427 3285 3496 794 2071 1722 1701 1031 9177 63908 1051 776 6441 945 2702 1584 14713 11149 2736 555 457 652 756 458
internal_count=99057 91225 7832 4547 78621 12604 3427 3285 3496 794 2071 1722 1701 1031 9177 63908 1051 776 6441 945 2702 1584 14713 11149 2736 555 457 652 756 458
is_linear=0
shrinkage=0.03


Tree=27
num_leaves=31
num_cat=0
split_feature=23 17 16 27 22 34 32 1 27 24 10 25 22 22 19 34 24 26 19 30 1 25 10 1 16 17 0 1 1 32
split_gain=1811.77 219.71 156.299 83.0813 55.2645 44.7821 39.1741 39.0994 38.9025 30.7703 30.6776 20.8938 18.9729 17.3642 16.4421 15.8378 15.2655 15.0672 14.133 15.4892 21.8521 14.0499 13.9228 13.5625 13.5092 13.0742 10.8282 10.8065 10.6116 10.4238
threshold=0.92135163589546987 11.072500000000002 12.892500000000002 5.7093750000000005 7.5789583333333335 959.82500000000016 -0.95878322595067689 14.825000000000003 5.3929166666666672 8.0250000000000021 4.5000000000000009 4.8525000000000009 3.6727916666666673 11.625333333333336 7.807500000000001 954.52500000000009 6.6750000000000016 2.4225000000000003 10.282500000000002 7.6750000000000016 1.4250000000000005 4.4625000000000012 10.500000000000002 16.375000000000004 10.442500000000003 12.052500000000002 7.7775000000000007 -0.17499999999999993 -0.87499999999999978 0.97625883275952063
decision_type=2 2 8 2 2 2 2 2 2 8 2 8 2 2 10 2 8 2 8 2 2 8 2 2 10 2 2 2 2 2
left_child=1 4 6 18 12 14 13 25 16 -8 -9 -11 -1 -2 29 -6 -7 21 -4 -20 -21 -18 -15 -13 -10 -5 -19 -16 -17 -3
right_child=2 5 3 7 15 8 9 10 24 11 -12 23 -14 22 27 28 17 26 19 20 -22 -23 -24 -25 -26 -27 -28 -29 -30 -31
leaf_value=-0.011456765186701036 0.0002416156432607508 4.4090974616118339e-05 0.00024307465912568494 0.00024165684463346436 -0.00020587612947134626 0.00023776537690960441 0.00024165684460630943 0.00024165684463346436 0.00024729513498907729 0.00024165776788638514 0.00024165684463346436 0.00024165684463346436 -0.0039063337419816867 0.00024165684463346436 -0.00012681630442130444 -0.00050314083138591423 0.000977748458850186 0.00028194324501140829 0.00024165047183888696 0.00024165684463346436 0.00024165684463346436 -0.00017055554064396224 0.00024165684463346436 0.00024165684463346436 0.00024581668709559688 0.00024165684463346436 0.00024514380140208344 0.00025136512014717224 0.0003186975689447624 0.00025493591245415382
leaf_weight=23641 647 4105 298 212 7075 920 647 354 216 232 461 894 42061 950 308 1846 201 760 203 287 413 402 206 245 408 2489 363 1845 4279 2430
leaf_count=23641 647 4105 298 212 7075 920 647 354 216 232 461 894 42061 950 308 1846 201 760 203 287 413 402 206 245 408 2489 363 1845 4279 2430
internal_value=0.000463024 -0.000778848 0.0136715 0.0173272 -0.00135319 0.00300978 0.00914192 0.0196598 0.006 0.0120148 0.0137378 0.0145618 -0.00170904 0.0059021 0.00188151 0.000418023 0.00439532 0.00605546 0.0104453 0.0123139 0.0144255 0.00220559 0.00809819 0.0162351 0.0127154 0.021418 0.00810372 0.00415246 0.00153426 0.00113073
internal_weight=99398 90860 8538 4717 78902 11958 3821 3516 3270 2018 815 1371 65702 1803 8688 13200 2646 1726 1201 903 700 603 1156 1139 624 2701 1123 2153 6125 6535
internal_count=99398 90860 8538 4717 78902 11958 3821 3516 3270 2018 815 1371 65702 1803 8688 13200 2646 1726 1201 903 700 603 1156 1139 624 2701 1123 2153 6125 6535
is_linear=0
shrinkage=0.03


Tree=28
num_leaves=31
num_cat=0
split_feature=23 23 23 1 34 22 1 24 24 33 31 19 15 17 26 35 1 10 20 25 22 17 4 27 26 9 28 34 10 9
split_gain=1757.36 209.346 148.301 66.7338 44.7319 44.3084 42.248 35.2931 34.6649 27.3956 22.2413 19.2355 20.2263 17.2808 15.6133 16.8164 16.47 20.1021 14.6349 14.6164 14.0726 13.9107 11.399 10.6673 10.3455 10.1674 13.6838 10.2705 9.8335 9.07787
threshold=0.92135163589546987 0.73269640929070001 0.97102885636651037 15.275000000000002 959.42500000000018 4.9629583333333338 24.575000000000006 6.8750000000000009 8.1750000000000025 -0.017452406437283484 1.3812249728329637 7.2525000000000013 0.027499999999999861 13.477500000000003 2.6625000000000005 72.750000000000014 14.025000000000002 2.5000000000000004 9.5933750000000018 5.5475000000000012 10.176875000000003 10.617500000000001 0.68605845231689544 7.0179166666666672 2.3825000000000003 1.5000000000000002 0.95172869012753381 954.82500000000016 10.500000000000002 5.5000000000000009
decision_type=2 2 2 2 2 2 2 10 10 2 2 10 10 2 2 2 2 2 2 8 2 2 2 2 2 2 2 2 2 2
left_child=1 5 6 13 20 -1 8 18 14 28 -5 12 -9 23 -2 16 17 -16 -6 -15 22 -7 25 -4 -20 26 -3 -28 -10 -23
right_child=2 4 3 10 7 21 -8 11 9 -11 -12 -13 -14 19 15 -17 -18 -19 24 -21 -22 29 -24 -25 -26 -27 27 -29 -30 -31
leaf_value=-0.0092630617602233109 0.00021610215592136566 0.00029701960220928302 0.00023440713929445911 0.00023440713929445911 0.00022965379859398504 -0.0015180342033092042 -1.3580888580698724e-05 0.00023447240976494086 0.00023440713929445911 0.00023440713929445911 0.00023440713929445911 0.00023894766322376368 0.00024618253200168973 0.00023440713929445911 0.00023440535580952269 0.00023440714016951633 0.00023671755577918228 0.00023440713929692714 -2.2092302225075185e-06 0.00023440713929445911 0.00023615804381477257 0.00016228416004038682 -7.941698700896005e-05 0.00023440713929445911 0.00023642179402592387 0.00013149494658854581 0.0003108759857190679 -0.00024791143381951597 0.00023440714142414766 0.0012746162643320312
leaf_weight=38814 288 331 216 297 1368 33319 361 419 377 741 599 495 254 312 295 734 484 1189 218 2119 2854 4503 3002 334 983 2522 379 404 210 739
leaf_count=38814 288 331 216 297 1368 33319 361 419 377 741 599 495 254 312 295 734 484 1189 218 2119 2854 4503 3002 334 983 2522 379 404 210 739
internal_value=0.000472545 -0.000755025 0.0134648 0.0178076 0.00273183 -0.00135132 0.00985119 0.00551015 0.0106745 0.0147232 0.010535 0.00982609 0.0064469 0.0199722 0.00885476 0.00956188 0.0110117 0.0125843 0.00353263 0.0210948 0.00163567 -0.000630945 0.000877013 0.0148649 0.00594279 0.00200549 0.00438606 0.0021967 0.00974493 0.000805031
internal_weight=99160 90604 8556 3877 13229 77375 4679 3737 4318 1328 896 1168 673 2981 2990 2702 1968 1484 2569 2431 9492 38561 6638 550 1201 3636 1114 783 587 5242
internal_count=99160 90604 8556 3877 13229 77375 4679 3737 4318 1328 896 1168 673 2981 2990 2702 1968 1484 2569 2431 9492 38561 6638 550 1201 3636 1114 783 587 5242
is_linear=0
shrinkage=0.03


Tree=29
num_leaves=31
num_cat=0
split_feature=22 22 22 1 32 34 24 24 22 25 17 32 22 19 1 24 25 22 28 21 30 32 17 32 30 34 34 26 26 5
split_gain=1777.12 189.754 167.773 84.152 57.3681 53.3486 41.8551 40.5493 27.4785 25.0338 21.7867 21.2698 19.7854 18.7777 17.4633 14.268 13.1436 12.4661 12.2387 11.9545 11.5683 14.2877 11.5678 11.4283 15.5287 11.0309 10.7535 10.2327 10.0605 10.039
threshold=10.880833333333333 7.8642500000000011 12.155208333333336 15.475000000000003 -0.90992662233962551 959.92500000000018 8.0250000000000021 7.6750000000000016 4.932708333333335 8.4175000000000022 13.587500000000002 0.98624804680367306 10.176875000000003 7.1175000000000006 24.875000000000004 6.7750000000000012 5.4825000000000008 11.875500000000004 1.0959808199923498 3.7013606435342759 7.1250000000000009 -0.93038214053199442 13.812500000000002 0.87878364999916148 8.2750000000000021 957.92500000000018 961.22500000000014 3.2675000000000005 2.2775000000000007 0.98073834516092118
decision_type=2 2 2 2 2 2 8 10 2 8 2 2 2 10 2 8 8 2 2 2 2 2 2 2 2 2 2 2 2 2
left_child=1 8 4 10 14 12 -6 11 -1 22 -4 20 23 -9 17 -13 -12 -2 -8 -10 -7 -22 -5 24 -3 -14 27 -20 -23 -24
right_child=2 5 3 9 6 7 18 13 19 -11 16 15 25 -15 -16 -17 -18 -19 26 -21 21 28 29 -25 -26 -27 -28 -29 -30 -31
leaf_value=-0.0090351698597328969 0.0002277715094969972 0.00052229665749279253 0.0002273749251156254 0.00017968538925773879 0.00022737492583871699 -0.0019773776192251132 0.00022733286890411496 0.00023810602220248163 -0.0023400861905527935 0.0002273749251156254 0.0002273749251156254 0.00022911142382391224 0.00022619140975137729 0.00022771577395887309 -0.00040057746996761343 0.00024558762047816084 0.0002273749251156254 0.0002273753070963106 0.00022737490443039654 0.0014203204785809898 -0.00070812596242935896 0.00021050468046902591 0.0002273749251156254 0.00021247575372464577 -0.00060387082635098282 0.00025289224533451502 0.00022737492511555211 0.00022737581228222299 0.00027959897462997096 0.00022822387109719844
leaf_weight=38374 1373 1346 753 335 996 632 214 376 29214 285 333 605 2328 319 278 980 2345 357 216 1831 656 473 339 6877 4855 308 316 487 831 210
leaf_count=38374 1373 1346 753 335 996 632 214 376 29214 285 333 605 2328 319 278 980 2345 357 216 1831 656 473 339 6877 4855 308 316 487 831 210
internal_value=0.000467328 -0.000793413 0.0133012 0.0172704 0.00897666 0.00173581 0.0122887 0.00447693 -0.00154352 0.0102496 0.0196441 0.00335222 0.000884788 0.0111643 0.00527869 0.0060849 0.0209452 0.00639769 0.0159863 -0.000879711 0.0016727 0.00280916 0.00768054 0.000406328 -0.000527394 0.00325331 0.017376 0.015072 0.00462032 0.0103484
internal_weight=98842 90005 8837 4600 4237 20586 2229 4872 69419 1169 3431 4177 15714 695 2008 1585 2678 1730 1233 31045 2592 1960 884 13078 6201 2636 1019 703 1304 549
internal_count=98842 90005 8837 4600 4237 20586 2229 4872 69419 1169 3431 4177 15714 695 2008 1585 2678 1730 1233 31045 2592 1960 884 13078 6201 2636 1019 703 1304 549
is_linear=0
shrinkage=0.03


Tree=30
num_leaves=31
num_cat=0
split_feature=23 23 16 22 34 22 2 2 26 16 30 31 16 12 33 25 22 25 18 28 16 26 17 19 22 34 26 29 2 11
split_gain=1763.56 232.219 135.595 57.1559 50.7221 49.6293 45.4747 37.9603 28.0531 30.087 28.9925 25.1131 20.7673 18.5347 16.5539 15.3638 13.9328 13.5366 12.4984 12.1049 11.8564 11.3315 9.92453 9.7393 9.59642 9.3472 8.85077 8.67577 8.48874 8.10089
threshold=0.92986604680737783 0.79543207625932155 12.892500000000002 12.155208333333336 959.02500000000009 6.1621527777777798 1.144636697369912 1.1506165147735528 2.3975000000000004 10.392500000000002 7.3750000000000009 1.3325847862575191 10.997500000000002 7.5625000000000009 -0.034899496702500851 6.0275000000000007 10.389791666666669 4.7875000000000005 8.5325000000000024 2.370489575485843 9.6475000000000026 3.1125000000000007 12.257500000000002 9.802500000000002 3.5761666666666669 967.52500000000009 2.4975000000000005 2.7675000000000005 1.1059361172101989 2.8075000000000006
decision_type=2 2 8 2 2 2 2 2 2 8 2 2 10 10 2 10 2 8 10 2 8 2 2 8 2 2 2 2 2 10
left_child=1 5 7 15 16 19 11 28 -6 -10 -11 -5 -9 -12 -15 -4 18 -14 26 24 29 -16 -8 -19 25 -1 -3 -22 -2 -7
right_child=2 4 3 6 8 20 22 12 9 10 13 -13 17 14 21 -17 -18 23 -20 -21 27 -23 -24 -25 -26 -27 -28 -29 -30 -31
leaf_value=-0.011014115300382713 -8.4279597826709327e-06 -0.00035977947512646824 0.00022056254847535817 0.00022055367736215745 0.00016639149343786175 0.0021764429479608632 0.00022055367736215745 0.00022055367736208419 0.00022250884419940497 0.00021940372728474267 0.00022427313355471212 0.00022055367736215745 0.00022055364390675931 0.00022488264877761066 0.00022174237284510956 0.00022055365000569704 0.00022024884485549734 0.00022055367729819196 -4.7029389989159184e-06 0.0018784124238946341 -0.0013267283372275776 0.00022614327402674351 0.00022055367736215745 0.00022055367736215745 -0.0052667039824115577 0.006435885045324225 0.00023905220913535109 0.00028952689456590575 0.0002213521777443228 -0.00094348333731479432
leaf_weight=21607 227 424 764 202 635 205 202 331 626 974 217 452 256 221 381 448 2590 344 3358 1362 2569 441 2423 1161 28626 472 1783 5945 978 18891
leaf_count=21607 227 424 764 202 635 205 202 331 626 974 217 452 256 221 381 448 2590 344 3358 1362 2569 441 2423 1161 28626 472 1783 5945 978 18891
internal_value=0.000487741 -0.000681153 0.0141866 0.0175816 0.00327413 -0.00125965 0.0196507 0.0095424 0.00629571 0.00756021 0.00918624 0.0124097 0.0119857 0.0121897 0.0138464 0.011926 0.0019761 0.0132826 0.00112837 -0.00180483 -0.000231397 0.0158089 0.0214278 0.0143742 -0.00187981 -0.00234998 0.00287929 0.000699377 0.00526859 -0.000646459
internal_weight=99115 91327 7788 4491 11650 79677 3279 3297 3495 2860 2234 654 2092 1260 1043 1212 8155 1761 5565 52067 27610 822 2625 1505 50705 22079 2207 8514 1205 19096
internal_count=99115 91327 7788 4491 11650 79677 3279 3297 3495 2860 2234 654 2092 1260 1043 1212 8155 1761 5565 52067 27610 822 2625 1505 50705 22079 2207 8514 1205 19096
is_linear=0
shrinkage=0.03


Tree=31
num_leaves=31
num_cat=0
split_feature=23 23 23 32 34 27 22 2 8 2 23 22 8 8 22 5 2 32 32 10 34 18 2 17 10 32 12 26 35 26
split_gain=1764.18 228.212 120.674 76.4674 50.5799 45.9588 39.5965 38.2682 31.3967 24.0659 23.1201 23.0999 21.3742 17.9588 17.6754 16.792 16.4207 16.0067 15.6944 15.5978 14.2337 14.1292 12.0934 11.6469 11.5576 10.5907 9.9264 9.66125 9.56399 9.43061
threshold=0.92986604680737783 0.73269640929070001 0.97769015574246521 -0.90992662233962551 959.92500000000018 5.7093750000000005 4.9629583333333338 1.1454304126959505 11.500000000000002 1.1506165147735528 0.85831870861577075 11.875500000000004 14.500000000000002 6.5000000000000009 10.176875000000003 0.8521609006304055 1.1899892552136822 -0.93038214053199442 -0.91702515554752051 4.5000000000000009 958.02500000000009 8.5875000000000021 1.1355874082301431 10.497500000000002 10.500000000000002 0.99535829673000953 7.9025000000000007 3.2375000000000007 81.250000000000014 2.4975000000000005
decision_type=2 2 2 2 2 2 2 2 2 2 2 2 2 2 2 2 2 2 2 2 2 10 2 2 2 2 10 2 2 2
left_child=1 6 3 9 14 12 -1 19 16 -2 -10 -11 15 -7 21 27 -6 -12 28 -4 -16 29 -15 -8 -13 -18 -19 -5 -9 -3
right_child=2 4 7 5 8 13 23 18 10 11 17 24 -14 22 20 -17 25 26 -20 -21 -22 -23 -24 -25 -26 -27 -28 -29 -30 -31
leaf_value=-0.008365314637011385 0.00021381331476019632 -0.00011297367568188888 0.00021393706704129212 -3.2715753359289707e-05 0.00021480749822328394 0.00021393706704129212 -0.0014151818789095967 0.00021393706704129212 0.00022507176355701875 0.00021392516945649141 0.00023431509879332402 0.00021393706704129212 0.00021394063133758356 0.00021393706704129212 0.00021321675900209713 0.00021393706742439233 0.00013129326340735655 0.00022148368194778651 0.00021393706704129212 0.00021393706704129212 0.00023507444374538887 -4.3559533738667386e-05 0.00021393706704276821 0.00032832504680450523 0.00021393706704129212 0.00021335715943781474 0.00021632846324457809 0.00021408434532167706 0.00021393706704129212 0.00023785781371969404
leaf_weight=38843 1031 749 242 206 328 215 32751 1095 680 581 282 407 335 220 3152 301 1186 271 944 453 388 3611 783 5699 215 360 495 343 417 2554
leaf_count=38843 1031 749 242 206 328 215 32751 1095 680 581 282 407 335 220 3152 301 1186 271 944 453 388 3611 783 5699 215 360 495 343 417 2554
internal_value=0.000542948 -0.000625885 0.0142443 0.0111437 0.00288969 0.0148592 -0.00126535 0.0187823 0.00595342 0.00712282 0.0088667 0.0100008 0.0105756 0.0189665 0.00183172 0.00796491 0.00325066 0.0116581 0.0205575 0.0124071 0.0035543 0.000947824 0.0206756 -0.00058276 0.0140096 0.00194197 0.0139066 0.00477076 0.0184865 0.00236427
internal_weight=99137 91349 7788 4637 14056 2403 77293 3151 3602 2234 1728 1203 1185 1218 10454 850 1874 1048 2456 695 3540 6914 1003 38450 622 1546 766 549 1512 3303
internal_count=99137 91349 7788 4637 14056 2403 77293 3151 3602 2234 1728 1203 1185 1218 10454 850 1874 1048 2456 695 3540 6914 1003 38450 622 1546 766 549 1512 3303
is_linear=0
shrinkage=0.03


Tree=32
num_leaves=31
num_cat=0
split_feature=23 23 16 27 34 22 2 32 8 10 16 24 26 22 22 2 22 25 24 2 25 24 21 21 32 24 16 19 2 2
split_gain=1778.7 219.079 134.022 61.5962 51.5664 49.5186 41.4943 35.3173 30.2722 29.7228 27.9017 25.6901 24.4602 19.3717 15.1322 14.3355 13.5645 13.1451 12.6991 12.4886 12.1102 10.9539 10.748 9.94319 9.93612 9.73619 11.3148 9.71778 11.3098 9.69687
threshold=0.92986604680737783 0.79543207625932155 12.892500000000002 5.4779166666666672 959.02500000000009 6.3442499999999997 1.1454304126959505 -0.96359376111369355 11.500000000000002 4.5000000000000009 10.187500000000002 7.0250000000000012 2.3825000000000003 12.012041666666667 3.5761666666666669 1.1524226626396639 10.389791666666669 7.8675000000000006 6.825000000000002 1.1770580455002846 5.182500000000001 6.3750000000000009 4.1512769099994165 3.954139787384618 -0.90255091666790832 7.575000000000002 10.537500000000001 10.282500000000002 1.2029886828859271 1.1506165147735528
decision_type=2 2 8 2 2 2 2 2 2 2 8 8 2 2 2 2 2 8 8 2 8 10 2 2 2 10 10 8 2 2
left_child=1 5 7 27 16 14 9 17 19 -5 -10 -9 -12 -8 -1 -13 23 -2 -14 -6 -17 -16 25 24 -3 29 -27 -4 -29 -7
right_child=2 4 3 6 8 22 13 11 10 -11 12 15 18 -15 21 20 -18 -19 -20 -21 -22 -23 -24 -25 -26 26 -28 28 -30 -31
leaf_value=-0.010232732145960917 0.00020751895503005267 -0.00024776924979901069 0.00021042161085150051 0.00020751895503005267 0.00020737466388219723 -0.0012045847531656946 0.00020751873005783251 0.00020751878999049732 0.00020554668564309791 0.00020751895503005267 0.00023716198679326616 0.00020749500001932859 0.00022901403247612239 0.00020751895503005267 -0.0049317565358826827 0.000207518955030056 0.00020723314198803114 0.00020751895503005267 0.00021368156880320491 0.00020669715416910212 0.00020751895503197114 0.0022201850604129558 0.00089663180639975909 0.00039889392484911964 0.0001922678076106436 0.00021179547861789993 0.00093243307284600861 0.00020751895503005267 0.00020751884313945589 0.00012656861833461373
leaf_weight=22342 1182 2051 214 324 200 10261 430 247 400 429 227 408 225 2506 30675 209 2553 270 844 1645 885 1105 699 219 3319 1195 217 323 262 13266
leaf_count=22342 1182 2051 214 324 200 10261 430 247 400 429 227 408 225 2506 30675 209 2553 270 844 1645 885 1105 699 219 3319 1195 217 323 262 13266
internal_value=0.000527088 -0.000638495 0.0143804 0.0177289 0.00319738 -0.00120053 0.0193701 0.00966531 0.00621743 0.0129301 0.00910758 0.0125388 0.011239 0.0209969 -0.00171497 0.0140106 0.00188094 0.00617296 0.0131313 0.00354324 0.0158217 -0.00129401 -0.000114418 0.00105166 0.000792557 -0.000217568 0.0021976 0.0100784 0.0120763 -0.000362953
internal_weight=99132 91443 7689 4488 11683 79760 3689 3201 3541 753 1696 1749 1296 2936 54122 1502 8142 1452 1069 1845 1094 31780 25638 5589 5370 24939 1412 799 585 23527
internal_count=99132 91443 7689 4488 11683 79760 3689 3201 3541 753 1696 1749 1296 2936 54122 1502 8142 1452 1069 1845 1094 31780 25638 5589 5370 24939 1412 799 585 23527
is_linear=0
shrinkage=0.03


Tree=33
num_leaves=31
num_cat=0
split_feature=23 22 23 34 2 1 22 24 22 25 19 31 31 8 23 19 14 28 18 8 33 0 34 0 26 34 1 17 17 19
split_gain=1758.06 183.984 156.075 51.6258 51.0514 50.9486 35.4128 31.5235 27.4337 24.5313 23.8783 20.9408 20.935 19.0402 23.6726 18.6967 16.1254 14.4615 13.0281 12.0451 18.6724 11.9126 11.7621 14.6017 10.7181 11.1546 10.1829 9.72416 9.59811 9.25229
threshold=0.92135163589546987 7.990916666666668 0.97419395320044855 960.62500000000011 1.1506165147735528 14.975000000000003 11.625333333333336 7.5250000000000012 3.5761666666666669 7.0725000000000007 7.2525000000000013 1.3640388349514565 1.3812249728329637 15.500000000000002 0.85831870861577075 8.8675000000000015 0.63388353294065891 2.5003705943556072 12.692500000000003 12.500000000000002 0.06104621499353461 11.247500000000002 951.62500000000011 6.9775000000000018 5.0775000000000015 956.72500000000014 24.875000000000004 13.272500000000003 13.272500000000003 5.7875000000000005
decision_type=2 2 2 2 2 2 2 10 2 8 10 2 2 2 2 10 2 2 8 2 2 2 2 2 2 2 2 2 2 10
left_child=1 8 4 15 9 16 11 13 -1 26 -9 -6 -7 27 -15 22 -4 29 24 -13 -21 -11 -3 -24 25 -8 -2 -5 -17 -10
right_child=2 3 5 7 6 12 18 10 17 21 -12 19 -14 14 -16 28 -18 -19 -20 20 -22 -23 23 -25 -26 -27 -28 -29 -30 -31
leaf_value=-0.0099257501815820902 0.00020211838226261714 -0.00010261762910574776 0.00020129338637915216 0.00019914229582303965 0.00020167831671118796 0.00020129338637915216 0.0002012933863790356 0.00021648387769651487 -0.0034526358671383159 0.00020129408273170896 0.00020253868762794684 0.00020129290108811815 0.00020129338637915216 0.00027379340573547808 0.00022870901767335083 0.00021178085590332075 0.00020129338637915216 0.0014277216918416897 0.00020129338637915216 0.00020129334730671687 0.00020129337937458523 0.00020127015001973457 -0.00021422455647489974 0.00021124296180864295 0.00020129338637915216 0.00020129338638137038 -0.00040138256201576513 0.00023568150312813785 0.00021201548020889803 0.00014336826946723225
leaf_weight=22363 816 5424 1702 1964 211 283 288 371 41787 215 246 874 541 744 410 1220 1015 1662 604 268 356 224 2401 6352 375 539 258 234 331 5139
leaf_count=22363 816 5424 1702 1964 211 283 288 371 41787 215 246 874 541 744 410 1220 1015 1662 604 268 356 224 2401 6352 375 539 258 234 331 5139
internal_value=0.000553395 -0.000674705 0.0135378 0.00189011 0.0101224 0.0183663 0.0121065 0.00494539 -0.00138682 0.00548814 0.0111559 0.00896324 0.0117105 0.00378731 0.00690078 0.00111778 0.0203597 -0.000986439 0.015048 0.00766866 0.0108553 0.0114257 0.000774855 0.00145478 0.0168964 0.018869 0.00301946 0.00214072 0.00423972 -0.00108389
internal_weight=99217 90648 8569 19697 5028 3541 3515 3969 70951 1513 617 1709 824 3352 1154 15728 2717 48588 1806 1498 624 439 14177 8753 1202 827 1074 2198 1551 46926
internal_count=99217 90648 8569 19697 5028 3541 3515 3969 70951 1513 617 1709 824 3352 1154 15728 2717 48588 1806 1498 624 439 14177 8753 1202 827 1074 2198 1551 46926
is_linear=0
shrinkage=0.03


Tree=34
num_leaves=31
num_cat=0
split_feature=23 17 16 27 1 27 34 1 12 31 1 26 1 25 8 8 12 17 19 8 12 16 1 17 1 20 18 12 34 31
split_gain=1633.85 184.954 158.63 72.7365 47.6925 46.8171 46.0031 41.7868 32.25 26.513 26.467 25.3361 22.6613 20.3788 19.2144 17.483 16.7915 16.5472 16.1228 14.212 12.7252 12.4552 12.0997 12.0435 11.3813 11.0633 13.8392 10.4927 10.4537 12.6418
threshold=0.92135163589546987 11.072500000000002 12.892500000000002 5.7093750000000005 15.275000000000002 3.1893750000000005 959.42500000000018 13.725000000000001 7.0875000000000012 1.3196038661554359 15.625000000000002 2.4075000000000006 -0.87499999999999978 5.3325000000000014 9.5000000000000018 14.500000000000002 9.3125000000000018 12.182500000000003 7.7525000000000013 13.500000000000002 5.6325000000000012 10.337500000000002 23.675000000000004 13.922500000000003 -0.67499999999999982 11.842750000000001 10.487500000000002 11.247500000000002 960.22500000000014 2.085535092841849
decision_type=2 2 8 2 2 2 2 2 10 2 2 2 2 8 2 2 10 2 10 2 10 10 2 2 2 2 10 10 2 2
left_child=1 5 7 15 17 20 18 13 19 -6 12 -10 -7 -2 -13 16 -4 -5 -3 -8 -1 -16 23 -9 -20 26 -15 28 -14 -30
right_child=2 6 3 4 9 10 8 22 11 -11 -12 14 27 25 21 -17 -18 -19 24 -21 -22 -23 -24 -25 -26 -27 -28 -29 29 -31
leaf_value=-0.0077275479744838933 0.00019525458478776358 0.0001460292377138992 0.00019525277549697239 0.00019525458478777624 0.00019525458478777624 -0.0016191157748505394 5.0531651185323764e-05 0.00019660175047845783 0.00018273829827285054 0.00019525458478777624 -0.0013073400358390454 0.00019704258991182577 0.00030614014615359801 0.0001952546314954273 0.00021395451637687857 0.00019651681891135869 0.00019525458478777624 0.00019525458478777624 -0.0003569049903231147 0.00094891378123702962 -0.0016165674961088371 0.00020323441440202525 1.3188709646990703e-05 0.00019605425506420793 0.00020868485305867047 0.00019525458478777624 0.00019525447983883006 0.00057421101309067745 0.0012900900439917599 -0.0021896820832813511
leaf_weight=41688 723 6244 472 250 302 4253 998 705 365 464 16345 723 6906 277 266 307 397 2506 289 469 6767 749 466 309 1801 795 591 355 1978 348
leaf_count=41688 723 6244 472 250 302 4253 998 705 365 464 16345 723 6906 277 266 307 397 2506 289 469 6767 749 466 309 1801 795 591 355 1978 348
internal_value=0.000526126 -0.000658782 0.0130468 0.0167523 0.0189152 -0.00118634 0.00282543 0.00852803 0.00567273 0.0121556 -0.000258861 0.00805076 0.000706391 0.0109837 0.00955594 0.0102218 0.00796682 0.0207686 0.00160307 0.00224796 -0.00176403 0.0122206 0.00454545 0.00637684 0.00388067 0.0128183 0.0103505 0.0015147 0.00131796 0.00305534
internal_weight=99108 90544 8564 4698 3522 78640 11904 3866 3570 766 30185 2103 13840 2386 1738 1176 869 2756 8334 1467 48455 1015 1480 1014 2090 1663 868 9587 9232 2326
internal_count=99108 90544 8564 4698 3522 78640 11904 3866 3570 766 30185 2103 13840 2386 1738 1176 869 2756 8334 1467 48455 1015 1480 1014 2090 1663 868 9587 9232 2326
is_linear=0
shrinkage=0.03


Tree=35
num_leaves=31
num_cat=0
split_feature=23 17 16 23 27 1 1 34 27 8 24 35 32 31 25 16 32 12 19 1 1 8 12 32 24 25 35 32 18 17
split_gain=1656.55 204.489 124.883 66.0877 47.7644 46.1268 44.1215 42.9655 39.7619 28.6606 27.6491 24.5222 22.863 22.8098 20.2071 19.5549 16.9067 15.7261 14.6695 14.6496 24.162 14.5764 11.3236 10.7703 10.5874 10.4331 10.4241 9.81516 13.9231 9.79732
threshold=0.92986604680737783 11.072500000000002 12.892500000000002 0.97102885636651037 3.1893750000000005 15.475000000000003 14.025000000000002 959.02500000000009 5.4356250000000008 15.500000000000002 8.1750000000000025 39.250000000000007 -0.96359376111369355 1.3812249728329637 5.182500000000001 12.017500000000002 0.95368063612909471 9.6275000000000031 7.7525000000000013 -0.87499999999999978 13.375000000000002 6.5000000000000009 5.6325000000000012 0.97233289553061597 7.8750000000000009 7.8675000000000006 68.250000000000014 -0.8949002852437673 8.4775000000000027 13.182500000000003
decision_type=2 2 8 2 2 2 2 2 2 2 10 2 2 2 8 8 2 10 8 2 2 2 10 2 10 10 2 2 10 2
left_child=1 4 6 10 22 -5 12 18 9 -9 16 -6 25 -7 -14 26 -4 -16 23 -13 24 -19 -1 -3 -21 -2 -11 -10 -29 -20
right_child=2 7 3 5 11 13 -8 8 27 15 -12 19 14 -15 17 -17 -18 21 29 20 -22 -23 -24 -25 -26 -27 -28 28 -30 -31
leaf_value=-0.0074812800771723795 0.00018939694724414368 -0.00041849927422963007 0.00019073083368803195 0.00018939694724414368 -0.00167032778516087 0.00018939694724414368 0.00018934972077470523 0.00019030614819091405 0.0001899195563650134 0.00018216168769386287 0.00018939733229517142 -0.0016067561968439107 0.00018939694724407041 0.00018939694724414368 0.00018939689372149738 0.00062423755535039873 0.00018939692144972041 0.00018939695592953956 0.00018936601196589499 0.00058201834698931197 -0.00017349884410015835 0.00018939694724629531 -0.0017876318032922773 0.00045348138781656553 0.0011468244132247939 0.00018939694724414368 0.00032545095164436706 0.00019152073222923225 0.00019133521804977935 0.00019891139346551843
leaf_weight=41526 599 2177 480 2440 11529 203 1190 2374 258 288 398 4234 272 365 271 217 662 227 4472 7068 7328 542 6851 406 311 207 401 200 299 1515
leaf_count=41526 599 2177 480 2440 11529 203 1190 2374 258 288 398 4234 272 365 271 217 662 227 4472 7068 7328 542 6851 406 311 207 401 200 299 1515
internal_value=0.000563056 -0.000572848 0.0137784 0.0170077 -0.00114012 0.019607 0.00931965 0.00297407 0.00552424 0.00408219 0.0118835 -0.000209681 0.0119152 0.0117382 0.014369 0.00860812 0.00943679 0.0162775 0.00177026 0.00045429 0.000901916 0.0184922 -0.00172608 -0.000119398 0.00211308 0.00785697 0.0060562 0.0117047 0.0141726 0.00258495
internal_weight=99310 91454 7856 4548 78847 3008 3308 12607 4037 3280 1540 30470 2118 568 1312 906 1142 1040 8570 18941 14707 769 48377 2583 7379 806 689 757 499 5987
internal_count=99310 91454 7856 4548 78847 3008 3308 12607 4037 3280 1540 30470 2118 568 1312 906 1142 1040 8570 18941 14707 769 48377 2583 7379 806 689 757 499 5987
is_linear=0
shrinkage=0.03


Tree=36
num_leaves=31
num_cat=0
split_feature=23 23 16 23 1 22 34 32 34 24 24 32 24 19 17 27 32 32 35 22 1 22 35 8 19 9 32 29 15 28
split_gain=1650.41 201.569 133.893 57.9967 54.3482 49.0678 42.4337 41.0739 29.7923 28.3511 26.136 22.1932 17.7981 16.7866 16.0388 15.6384 14.0713 13.2597 13.2047 13.1657 17.204 13.0956 11.4487 11.2014 10.8448 15.1801 11.7385 12.3543 10.7117 10.0363
threshold=0.92986604680737783 0.79543207625932155 12.892500000000002 0.96853676129614419 15.475000000000003 4.9629583333333338 959.02500000000009 -0.94828754594723508 949.62500000000011 6.8750000000000009 8.3250000000000028 0.79332313182700753 7.9750000000000005 7.3025000000000011 11.072500000000002 7.156458333333334 0.95368063612909471 0.98624804680367306 75.750000000000014 11.625333333333336 7.825000000000002 10.389791666666669 86.250000000000014 11.500000000000002 5.6125000000000016 3.5000000000000004 -0.88697705852364728 2.7875000000000005 0.05250000000000022 2.2606009523569099
decision_type=2 2 8 2 2 2 2 2 2 10 10 2 8 10 2 2 2 2 2 2 2 2 2 2 10 2 2 2 10 2
left_child=1 5 7 10 -5 29 21 19 -9 17 16 13 -10 -11 24 -6 -4 -8 23 -2 -21 -3 -16 -19 -7 26 -26 -28 -13 -1
right_child=2 6 3 4 15 14 9 8 12 11 -12 28 -14 -15 22 -17 -18 18 -20 20 -22 -23 -24 -25 25 -27 27 -29 -30 -31
leaf_value=-0.0077017265344650719 0.00018365461160499736 0.00015832593152242391 0.00018654090187172372 0.00018371503882681826 0.00018371503882681826 -0.0016427931416673723 0.00017786232295813068 0.00010169855594568277 0.00018371503853985781 -2.3981799565108153e-05 0.00018371541232631628 0.00018575405349403494 0.00018371505014946776 0.00018237894223109859 0.00027590484371972423 0.00018371503882681826 0.00018371328458857361 0.00018188107848992528 0.00018701250268379099 0.00018371503882681826 0.00018371503983048208 0.00018409585317139985 0.0019480595402217981 0.00017897492151832561 -0.00018093276241943346 -0.00097420101194039871 0.00047638754013816785 0.0011742862866804126 0.00018763513355070848 0.0019403251997585145
leaf_weight=37779 461 5548 442 2557 221 28093 1305 209 371 286 325 350 867 200 4420 371 614 543 226 455 894 2606 215 244 1840 3943 882 1602 411 964
leaf_count=37779 461 5548 442 2557 221 28093 1305 209 371 286 325 350 867 200 4420 371 614 543 226 455 894 2606 215 244 1840 3943 882 1602 411 964
internal_value=0.000580841 -0.000548327 0.0138346 0.0171731 0.0194334 -0.0010883 0.00312462 0.00917198 0.0129401 0.00585294 0.0119675 0.00949601 0.0147031 0.00442362 -0.000364757 0.0110955 0.00959661 0.00387688 0.00644499 0.00613223 0.00762408 0.00192891 0.00129634 0.00455682 -0.000576654 0.000378263 0.00160499 0.00294817 0.0126854 -0.00185375
internal_weight=99244 91457 7787 4530 3149 79738 11719 3257 1447 3565 1381 1247 1238 486 40995 592 1056 2318 1013 1810 1349 8154 4635 787 36360 8267 4324 2484 761 38743
internal_count=99244 91457 7787 4530 3149 79738 11719 3257 1447 3565 1381 1247 1238 486 40995 592 1056 2318 1013 1810 1349 8154 4635 787 36360 8267 4324 2484 761 38743
is_linear=0
shrinkage=0.03


Tree=37
num_leaves=31
num_cat=0
split_feature=22 16 22 27 2 1 22 31 22 22 32 27 1 1 8 5 24 32 12 8 22 22 32 35 17 28 12 10 24 17
split_gain=1617.39 171.02 169.606 79.6131 57.2095 47.9297 38.9062 30.6144 25.5966 24.0679 22.8821 28.7478 16.693 16.4213 15.2924 17.7441 14.5082 14.9087 15.9519 15.8295 14.089 13.7788 12.3346 13.0126 11.4033 11.3422 11.1073 13.4773 11.0869 10.9889
threshold=10.880833333333333 12.892500000000002 7.5789583333333335 5.4779166666666672 1.1506165147735528 15.125000000000002 9.6361666666666697 1.3325847862575191 12.012041666666667 3.5761666666666669 -0.96359376111369355 5.7656250000000009 17.825000000000006 23.675000000000004 14.500000000000002 0.85976583272863893 7.0250000000000012 -0.90992662233962551 8.4875000000000025 14.500000000000002 11.625333333333336 13.504000000000003 0.99140711019144634 78.750000000000014 13.922500000000003 2.7019157937194378 6.3225000000000007 4.5000000000000009 9.3250000000000028 12.402500000000002
decision_type=2 8 2 2 2 2 2 2 2 2 2 2 2 2 2 2 8 2 10 2 2 2 2 2 2 2 10 2 8 2
left_child=2 4 9 14 13 8 22 -7 -5 -1 20 28 16 24 15 -3 -8 -18 19 -19 -6 -9 -4 26 -2 -11 -24 -28 -12 -10
right_child=1 3 6 5 10 7 12 21 29 25 11 -13 -14 -15 -16 -17 17 18 -20 -21 -22 -23 23 -25 -26 -27 27 -29 -30 -31
leaf_value=-0.008890661086234701 0.00017951175514595018 0.00017819640016334624 0.00011961131035510997 0.00017820337784695567 0.00017816088254883907 0.00017820358766201249 0.00017982838669259143 9.0969846395205241e-05 0.00017820358766201249 -0.0028692611244228949 0.00017820348068893209 0.00017820358766181598 7.4063650952713715e-05 1.7233759362249743e-06 0.00018091147086721215 0.00017820358766201249 0.00017639247686458091 0.00017444629078850344 0.00018229372534433018 0.00020678804146466388 0.00017820358766201249 0.00017820358766201249 -0.00041806867140199873 0.00097020858919610355 0.00017898082733364744 0.0027797763673609597 0.0003074102777834431 0.00011497020620971576 0.00018066402784368106 0.00017820358766201249
leaf_weight=22266 843 513 13043 481 290 351 1748 201 201 43672 448 881 1607 579 206 220 1127 973 816 368 595 272 1040 292 327 927 1171 1223 223 2279
leaf_count=22266 843 513 13043 481 290 351 1748 201 201 43672 448 881 1607 579 206 220 1127 973 816 368 595 272 1040 292 327 927 1171 1223 223 2279
internal_value=0.000590303 0.0127807 -0.000613539 0.0166944 0.00834932 0.0186372 0.00158399 0.0121086 0.0204305 -0.00138291 0.0113182 0.0135222 0.00352694 0.00419213 0.00880614 0.00669512 0.00437641 0.00555123 0.00701156 0.00496805 0.00739888 0.00701046 0.000813938 0.00233503 0.00622979 -0.000980563 0.00181099 0.00293372 0.00873816 0.0216821
internal_weight=99183 8910 90273 4724 4186 3785 23408 824 2961 66865 2437 1552 6639 1749 939 733 5032 3284 2157 1341 885 473 16769 3726 1170 44599 3434 2394 671 2480
internal_count=99183 8910 90273 4724 4186 3785 23408 824 2961 66865 2437 1552 6639 1749 939 733 5032 3284 2157 1341 885 473 16769 3726 1170 44599 3434 2394 671 2480
is_linear=0
shrinkage=0.03


Tree=38
num_leaves=31
num_cat=0
split_feature=23 23 16 27 1 32 23 34 31 24 24 33 8 32 23 26 10 19 34 24 16 16 23 28 32 16 26 1 21 34
split_gain=1658.43 195.022 119.51 62.3744 47.5447 43.1836 42.7774 38.0682 31.8366 30.7992 29.2519 23.1754 22.2459 18.8893 18.0493 15.7257 15.3005 13.8615 13.626 11.8702 11.1539 10.2549 10.212 10.0995 9.88948 9.95159 9.81746 9.77569 9.66398 9.29536
threshold=0.92986604680737783 0.73269640929070001 12.892500000000002 5.4779166666666672 15.125000000000002 -0.94828754594723508 0.17210161277705566 959.02500000000009 1.3325847862575191 7.6750000000000016 7.9750000000000005 -0.034899496702500851 15.500000000000002 -0.93663652364155492 0.96853676129614419 3.1725000000000003 10.500000000000002 8.2275000000000027 963.42500000000018 7.075000000000002 10.237500000000002 10.947500000000002 0.9808168523507349 2.3055720531610988 -0.91702515554752051 15.752500000000003 3.5925000000000007 -0.17499999999999993 4.2841787361703583 955.12500000000011
decision_type=2 2 8 2 2 2 2 2 2 10 8 2 2 2 2 2 2 10 2 10 10 8 2 2 2 8 2 2 2 2
left_child=1 6 5 26 14 16 -1 17 -6 12 -7 -11 21 -14 -5 -13 -2 -3 -15 28 23 -9 -10 -21 25 -16 -4 -19 -8 -12
right_child=2 7 3 4 8 10 19 9 22 11 29 15 13 18 24 -17 -18 27 -20 20 -22 -23 -24 -25 -26 -27 -28 -29 -30 -31
leaf_value=-0.0070002662110189807 0.00017285748003215362 0.00014106256688957569 0.00017285748003215362 0.00017285753343302402 0.00017285748003215362 0.00017285747892251344 -0.0010136002804042022 -0.00014084553913316201 0.00013274033077214002 0.00014884608950126448 0.00017285747969235875 0.00017142978214000124 0.0001560247225343867 0.00020053379583063249 0.00017285748003215362 0.00017913532955731251 0.00017285748003215362 -0.00024765943218713667 0.00020812688186500674 -0.0010328677943614096 0.0011446679256759784 0.00017295122980083176 0.00017285748003215362 0.0012477813088107581 0.00017285748003215362 0.00017285748003215362 0.00017285742489009604 0.00018376527266131704 0.001272196396906271 0.00017285748224591454
leaf_weight=37174 1387 7464 424 582 312 449 37223 886 200 256 409 268 287 575 994 250 388 285 269 961 273 1414 277 987 1108 278 362 2089 778 600
leaf_count=37174 1387 7464 424 582 312 449 37223 886 200 256 409 268 287 575 994 250 388 285 269 961 273 1414 277 987 1108 278 362 2089 778 600
internal_value=0.000596921 -0.000534065 0.0138984 0.0170429 0.0186573 0.00946603 -0.00112425 0.0027179 0.0119811 0.0051057 0.0132919 0.0104981 0.00387573 0.0073125 0.0204125 0.0141224 0.00629494 0.00169521 0.00956184 -0.000446119 0.00168329 0.00217354 0.00698963 0.000878648 0.0216101 0.0195411 0.00926928 0.00368978 -0.000570779 0.0161272
internal_weight=99209 91439 7770 4537 3751 3233 77396 14043 789 4205 1458 774 3431 1131 2962 518 1775 9838 844 40222 2221 2300 477 1948 2380 1272 786 2374 38001 1009
internal_count=99209 91439 7770 4537 3751 3233 77396 14043 789 4205 1458 774 3431 1131 2962 518 1775 9838 844 40222 2221 2300 477 1948 2380 1272 786 2374 38001 1009
is_linear=0
shrinkage=0.03


Tree=39
num_leaves=31
num_cat=0
split_feature=23 22 16 27 1 34 2 24 22 10 22 22 25 32 15 1 12 32 8 8 34 21 25 1 28 32 10 32 14 26
split_gain=1604.04 191.096 130.417 64.2559 47.7266 45.7904 42.448 35.5369 31.38 29.1622 23.9773 21.769 20.5713 19.8837 19.1794 16.5798 16.3636 15.2755 14.5803 13.7581 13.3936 12.7698 12.2663 11.5886 10.8884 10.3494 9.99055 10.7383 11.8641 11.9506
threshold=0.92986604680737783 7.990916666666668 12.892500000000002 5.4779166666666672 15.275000000000002 959.92500000000018 1.1506165147735528 6.8750000000000009 3.7012916666666666 4.5000000000000009 10.176875000000003 12.012041666666667 5.182500000000001 -0.96359376111369355 0.05250000000000022 -0.27499999999999986 9.6275000000000031 0.98624804680367306 6.5000000000000009 11.500000000000002 958.02500000000009 3.7013606435342759 7.8675000000000006 23.675000000000004 2.2606009523569099 0.87878364999916148 4.5000000000000009 0.9935340235047978 0.62851677251553073 4.2075000000000005
decision_type=2 2 8 2 2 2 2 10 2 2 2 2 8 2 10 2 10 2 2 2 2 2 10 2 2 2 2 2 2 2
left_child=1 8 6 -4 11 10 23 17 -1 -6 26 -5 -8 22 15 -9 -15 -7 -18 -19 -12 24 -14 -2 -10 -16 27 -3 29 -29
right_child=2 5 3 4 9 7 12 14 21 -11 20 -13 13 16 25 -17 18 19 -20 -21 -22 -23 -24 -25 -26 -27 -28 28 -30 -31
leaf_value=-0.0082658231569339817 0.00016844095570616401 0.00018003282330236292 0.00016767175563118906 0.00016767151923009039 0.00016767175563118906 0.00016144223548685474 0.00016767175563111913 0.00015209143705568245 -0.0025000994883821602 0.00016767175563118906 0.0001675879165038685 0.00016767175563118906 0.00016767175563118906 0.00016767173018933379 0.0001667596780808267 0.00017124008946016065 0.00016767175537550692 0.00016791479408228416 0.00016767175563099589 0.00032790753252388784 0.00018084709345105086 0.0013135003614894209 0.00016767175563118906 9.0665085488670437e-06 0.0011019037643329366 0.00018038874630533908 -1.5515341009164628e-05 0.000310320993394431 -0.00041219442562900757 0.00019443601849059798
leaf_weight=23814 795 3317 800 429 329 2085 512 421 41831 436 3160 2505 338 266 224 356 216 932 533 446 380 2486 207 364 2449 368 7385 710 286 393
leaf_count=23814 795 3317 800 429 329 2085 512 421 41831 436 3160 2505 338 266 224 356 216 932 533 446 380 2486 207 364 2449 368 7385 710 286 393
internal_value=0.000617961 -0.000496321 0.0137337 0.0170389 0.0187103 0.00205594 0.00911217 0.00460699 -0.00123638 0.0119026 0.00126612 0.0204621 0.0116822 0.0133994 0.00869214 0.0055358 0.0158971 0.00298183 0.018187 0.00542733 0.00343582 -0.000784846 0.00864545 0.00448711 -0.000902338 0.0127538 0.000629712 0.00170919 0.00391894 0.00532581
internal_weight=98773 91043 7730 4499 3699 20463 3231 4832 70580 765 15631 2934 2072 1560 1369 777 1015 3463 749 1378 3540 46766 545 1159 44280 592 12091 4706 1389 1103
internal_count=98773 91043 7730 4499 3699 20463 3231 4832 70580 765 15631 2934 2072 1560 1369 777 1015 3463 749 1378 3540 46766 545 1159 44280 592 12091 4706 1389 1103
is_linear=0
shrinkage=0.03


Tree=40
num_leaves=31
num_cat=0
split_feature=22 22 2 20 34 22 10 16 8 26 32 27 24 32 24 22 21 2 32 17 24 32 2 33 16 24 22 16 17 26
split_gain=1613.37 205.161 139.066 64.1448 52.7919 44.6158 39.3866 34.3465 32.2937 33.6269 39.1587 31.4097 16.5762 16.4622 15.961 15.4875 15.7936 15.1328 14.7301 14.2198 12.8627 12.4452 11.8579 11.4595 10.6536 11.7626 10.3396 10.2674 9.70095 9.34295
threshold=11.275833333333335 8.9887500000000031 1.1474195251904404 12.240125000000003 959.02500000000009 5.870166666666667 4.5000000000000009 12.892500000000002 10.500000000000002 2.4225000000000003 -0.91702515554752051 7.2770833333333345 8.0250000000000021 -0.95878322595067689 6.7750000000000012 10.476875000000001 4.0480622336869425 1.1122658585646967 0.95878322595067733 12.327500000000002 6.3750000000000009 0.87032255546191739 1.1990591308218528 -0.16504132135358066 9.3725000000000023 7.575000000000002 3.4494583333333342 10.187500000000002 10.847500000000002 3.1275000000000004
decision_type=2 2 2 2 2 2 2 8 2 2 2 2 10 2 8 2 2 2 2 2 10 2 2 2 8 10 2 10 2 2
left_child=1 5 6 12 15 20 11 13 28 -10 27 -2 18 -5 -12 16 -3 -8 23 -9 26 22 -14 -4 -7 -26 -1 -11 -6 -16
right_child=2 4 3 7 8 24 17 19 9 10 14 -13 21 -15 29 -17 -18 -19 -20 -21 -22 -23 -24 -25 25 -27 -28 -29 -30 -31
leaf_value=-0.0084659587335416103 0.00016388816806974237 0.0001096294775900258 0.00016307453267048078 0.00016264160296225461 -0.0004862678339834747 -0.00077706369447489939 -3.2969212852285157e-06 0.00016264160296225461 0.00013830528635150845 -0.0001282523441015964 0.0002680540681521322 0.00016264160296225461 0.0001626415917948734 0.00016264160296206476 0.00016263005313222223 0.00016263791631198005 0.00036553279993418509 0.00016264174535052478 0.00016264157876067268 0.00016264160296225461 0.0024802280018608111 0.00016264160255592962 0.00016264161786505888 0.00016317734464937032 0.00019727352233082638 0.00076723543218348465 -0.0044527899539378987 0.00017279998006800346 0.00016286058592847151 0.00016838686312197282
leaf_weight=20495 257 6320 305 423 336 20177 397 209 414 260 212 338 238 313 412 2537 230 997 688 2354 941 272 205 302 9483 467 27522 204 1371 522
leaf_count=20495 257 6320 305 423 336 20177 397 209 414 260 212 338 238 313 412 2537 230 997 688 2354 941 272 205 302 9483 467 27522 204 1371 522
internal_value=0.00060961 -0.000468828 0.0141813 0.0167168 0.00305124 -0.00103951 0.00738867 0.0193048 0.0060538 0.00861409 0.0105697 0.013825 0.0124318 0.013417 0.0135378 0.00181577 0.00104348 0.00460186 0.0103269 0.0209661 -0.00159843 0.0161458 0.0127701 0.00682843 -0.000131124 0.000672023 -0.00166655 0.00317271 0.00300175 0.0152268
internal_weight=99201 91903 7298 5309 12818 79085 1989 3299 3731 2024 1610 595 2010 736 1146 9087 6550 1394 1295 2563 48958 715 443 607 30127 9950 48017 464 1707 934
internal_count=99201 91903 7298 5309 12818 79085 1989 3299 3731 2024 1610 595 2010 736 1146 9087 6550 1394 1295 2563 48958 715 443 607 30127 9950 48017 464 1707 934
is_linear=0
shrinkage=0.03


Tree=41
num_leaves=31
num_cat=0
split_feature=23 23 23 32 22 24 1 24 2 31 22 32 26 9 2 22 14 23 24 28 25 23 2 12 25 18 24 10 24 24
split_gain=1628.45 184.987 125.79 74.8544 47.3974 44.6231 43.9633 28.3069 26.8365 22.0886 21.5297 20.4335 23.8669 17.6608 15.9088 15.8627 13.3823 12.7607 11.6425 11.256 13.6649 10.7914 10.4741 14.6438 9.95541 9.09636 9.09387 8.84903 8.05538 8.01759
threshold=0.92986604680737783 0.8186052447692419 0.97769015574246521 -0.94260559819261247 6.3442499999999997 8.0250000000000021 15.275000000000002 6.825000000000002 1.1506165147735528 1.3812249728329637 11.625333333333336 -0.93663652364155492 2.4225000000000003 4.5000000000000009 1.1268722322914713 3.5761666666666669 0.63388353294065891 0.95802549872652831 8.1250000000000018 1.1674830476999085 5.1325000000000012 0.90224575742711521 1.1506165147735528 6.6625000000000005 7.3225000000000007 8.5325000000000024 6.4750000000000005 2.5000000000000004 9.6750000000000025 7.9250000000000016
decision_type=2 2 2 2 2 8 2 10 2 2 2 2 2 2 2 2 2 2 10 2 10 2 2 10 10 10 10 2 10 10
left_child=1 4 3 8 15 17 16 14 -2 -8 -10 -9 -13 18 -3 -1 -4 -5 -14 -7 -21 25 -6 27 -18 -16 -17 -24 -12 -25
right_child=2 7 6 5 22 19 9 11 10 -11 28 12 13 -15 21 26 24 -19 -20 20 -22 -23 23 29 -26 -27 -28 -29 -30 -31
leaf_value=-0.0079619797629191039 0.00015775298895350754 -0.00015012615764702585 0.0001577623548733853 0.00015775795901066443 -0.00052157561223375331 0.00015776230211163699 0.0001577623548733853 0.00015465897906549508 0.00015772093630734175 0.00015776235060173892 0.0001577623548733853 -2.1259713079480047e-05 0.00016017720295350568 0.00015930026565843061 0.00017024275005514438 -0.0038918682502411817 0.0001577623548733853 0.00015776240740074442 0.00016793641644539335 0.00015776235487222949 0.00015776236612497163 0.00015996633639727364 -0.0017895228890693882 0.00036504373253891712 0.0001577623548733853 8.0604894027183816e-05 0.0023374625254139348 0.00030589023616552134 0.0001577623548733853 0.00070256658741316884
leaf_weight=22382 902 1206 1501 518 11716 309 221 1236 312 448 487 332 837 595 2165 30615 552 550 585 262 1107 2088 3137 5214 384 1898 1017 6016 213 207
leaf_count=22382 902 1206 1501 518 11716 309 221 1236 312 448 487 332 837 595 2165 30615 552 550 585 262 1107 2088 3137 5214 384 1898 1017 6016 213 207
internal_value=0.000623468 -0.000499261 0.0138067 0.0106688 -0.000997921 0.013843 0.0184899 0.00315922 0.00609067 0.0115326 0.00943363 0.00534401 0.00698513 0.0082092 0.00209169 -0.00150636 0.0203722 0.00898043 0.0100238 0.016902 0.0181026 0.00270906 4.67762e-05 0.000583578 0.0172922 0.00180457 -0.00107362 -0.000148396 0.0123404 0.00181847
internal_weight=99012 91246 7766 4660 80304 2746 3106 10942 1914 669 1012 3585 2349 2017 7357 54014 2437 1068 1422 1678 1369 6151 26290 14574 936 4063 31632 9153 700 5421
internal_count=99012 91246 7766 4660 80304 2746 3106 10942 1914 669 1012 3585 2349 2017 7357 54014 2437 1068 1422 1678 1369 6151 26290 14574 936 4063 31632 9153 700 5421
is_linear=0
shrinkage=0.03


Tree=42
num_leaves=31
num_cat=0
split_feature=23 23 1 22 25 34 22 22 25 26 32 27 32 30 17 22 10 22 35 19 1 22 34 17 26 17 32 26 31 1
split_gain=1617.23 176.13 117.782 97.1514 40.7764 37.6785 34.7144 31.6641 26.3885 23.3915 23.3656 21.5689 21.0555 24.7149 20.6271 19.1507 18.3937 16.7037 13.8482 13.0962 12.2863 10.8035 10.7685 10.6904 11.2261 10.0115 9.62483 9.6223 9.18505 9.02019
threshold=0.92986604680737783 0.69734926028750677 14.325000000000003 12.012041666666667 7.0075000000000012 959.82500000000016 3.6727916666666673 9.4113333333333351 5.4825000000000008 2.4225000000000003 -0.94260559819261247 5.7093750000000005 -0.90992662233962551 7.3750000000000009 13.587500000000002 13.504000000000003 4.5000000000000009 10.176875000000003 51.750000000000007 5.2875000000000005 23.075000000000006 11.625333333333336 957.22500000000014 10.962500000000002 3.4675000000000007 12.472500000000002 0.87878364999916148 2.6275000000000004 1.7233553997606079 -0.27499999999999986
decision_type=2 2 2 2 8 2 2 2 8 2 2 2 2 2 2 2 2 2 2 10 2 2 2 2 2 2 2 2 2 2
left_child=1 6 3 10 15 17 -1 -7 22 -9 21 -12 29 25 -10 -4 -6 26 -13 23 27 -2 -5 -8 -25 -14 28 -19 -3 -11
right_child=2 5 4 8 16 7 19 9 14 12 11 18 13 -15 -16 -17 -18 20 -20 -21 -22 -23 -24 24 -26 -27 -28 -29 -30 -31
leaf_value=-0.0076731204177152464 0.00015298232824741519 -0.00041515812902865679 0.00015299208727395875 0.00015302948422718287 0.00015302948422718287 0.00013887741650403767 -0.0025306605495264943 9.7666555658890072e-05 0.00015302948422718287 -0.00033333862522865073 0.00015309045944431805 0.00015302949514122254 0.0001533704891095544 0.00015878597014175932 0.00015302948422718287 0.00015302948422718287 0.00015302948008368732 8.2367171251292789e-05 0.00015302948349543488 0.00037374978398807876 -1.5660196759739174e-05 0.00015342849295889137 0.00015302948422718287 0.0012423929751565587 -0.0062042668904772266 0.00014053852941765089 0.0001637447094171518 0.00015622724085027627 0.00025954687110190468 0.00016351792855363086
leaf_weight=23444 307 2494 1058 382 344 1928 39761 378 538 229 923 200 247 850 2438 218 425 500 422 9598 687 246 250 1529 744 283 4723 2381 1433 258
leaf_count=23444 307 2494 1058 382 344 1928 39761 378 538 229 923 200 247 850 2438 218 425 500 422 9598 687 246 250 1529 744 283 4723 2381 1433 258
internal_value=0.000640133 -0.00047513 0.0137928 0.0160081 0.0075878 0.00234185 -0.00109026 0.00480158 0.0189997 0.00722 0.0108302 0.0127258 0.00859455 0.0104838 0.0202019 0.00427166 0.0130271 0.00150012 0.0170718 -0.000655461 0.00322586 0.00546774 0.0132245 -0.000883752 0.00111545 0.0053271 0.000786828 0.0040842 -0.00031053 0.00318902
internal_weight=99218 91467 7751 5706 2045 16391 75076 4173 3608 2245 2098 1545 1867 1380 2976 1276 769 12218 622 51632 3568 553 632 42034 2273 530 8650 2881 3927 487
internal_count=99218 91467 7751 5706 2045 16391 75076 4173 3608 2245 2098 1545 1867 1380 2976 1276 769 12218 622 51632 3568 553 632 42034 2273 530 8650 2881 3927 487
is_linear=0
shrinkage=0.03


Tree=43
num_leaves=31
num_cat=0
split_feature=23 17 16 27 2 34 27 32 27 25 35 17 1 19 1 1 25 12 20 15 34 16 23 26 25 24 19 20 24 17
split_gain=1420.03 165.056 122.963 64.3092 48.1633 47.2612 46.9332 40.2734 33.1557 24.5466 22.6349 20.9139 17.7038 16.1766 15.7659 22.9569 15.4853 12.8199 12.4143 11.9073 11.3542 17.9515 11.0557 11.5486 10.8339 10.3805 9.90984 9.62545 9.11833 9.09455
threshold=0.92986604680737783 10.962500000000002 12.892500000000002 5.4779166666666672 1.1400940963118158 959.22500000000014 3.1893750000000005 -0.96359376111369355 5.4356250000000008 5.182500000000001 39.750000000000007 12.257500000000002 15.275000000000002 7.557500000000001 -0.87499999999999978 13.375000000000002 6.5325000000000015 9.6275000000000031 12.111625000000002 -0.084999999999999507 966.87500000000011 7.6575000000000015 0.86351497754637141 2.4225000000000003 7.8675000000000006 6.8750000000000009 9.2125000000000021 3.4727500000000009 8.1750000000000025 13.272500000000003
decision_type=2 2 8 2 2 2 2 2 2 8 2 2 2 8 2 2 10 10 2 10 2 8 2 2 8 8 10 2 10 2
left_child=1 6 7 -4 16 13 20 24 22 -9 28 -6 17 -3 -12 -16 -5 -11 -13 -10 27 -22 -7 -24 -2 -25 -19 -1 -8 -15
right_child=2 5 3 4 11 8 10 9 19 12 14 18 -14 29 15 -17 -18 26 -20 -21 21 -23 23 25 -26 -27 -28 -29 -30 -31
leaf_value=-0.0077429269661163308 0.00014843859970036899 -0.00023747615171168364 0.00014843859970036899 0.00014841312717742472 0.00014843859970036899 0.00026154048096010518 -0.0018172009437147825 0.00014843857636952988 0.00015064989158696917 0.00014843858012355066 -0.0013994493076426905 0.00014843838464669411 0.00014834639248394009 0.00015129362376842593 0.00073889379127097074 -0.00011001405603905722 0.00014843859970036899 0.00014843860087691119 0.00014843859970036899 0.00015233899338806673 -0.0026263223099840514 0.0086784460905097987 0.00014389174272080323 0.00014737700903514613 0.00014843859970036899 0.0001503119554505683 0.00014843859937077597 -0.0040079713082177204 0.00036575566660885015 0.00015767410239524325
leaf_weight=19572 1222 2615 789 222 276 2105 11003 417 378 279 4141 420 309 5110 7053 7108 438 528 2305 397 1092 261 249 344 271 619 250 27155 559 1451
leaf_count=19572 1222 2615 789 222 276 2105 11003 417 378 279 4141 420 309 5110 7053 7108 438 528 2305 397 1092 261 249 344 271 619 250 27155 559 1451
internal_value=0.000567053 -0.000479253 0.0129119 0.0161616 0.0178388 0.00261327 -0.00100581 0.00847973 0.00529265 0.0115218 -7.17139e-05 0.0194601 0.0134661 0.00141618 0.000584694 0.00106078 0.0103759 0.0153192 0.0202692 0.0108654 -0.00158594 0.00112003 0.00397622 0.00625637 0.00482043 0.00773864 0.0173257 -0.00166441 -0.00111057 0.00221093
internal_weight=98938 91212 7726 4450 3661 13268 77944 3276 4092 1783 29864 3001 1366 9176 18302 14161 660 1057 2725 775 48080 1353 3317 1212 1493 963 778 46727 11562 6561
internal_count=98938 91212 7726 4450 3661 13268 77944 3276 4092 1783 29864 3001 1366 9176 18302 14161 660 1057 2725 775 48080 1353 3317 1212 1493 963 778 46727 11562 6561
is_linear=0
shrinkage=0.03


Tree=44
num_leaves=31
num_cat=0
split_feature=23 23 16 25 22 2 34 32 1 23 24 1 33 32 4 25 10 23 8 8 22 2 8 16 10 17 32 34 24 1
split_gain=1471.08 186.332 118.497 49.503 48.2535 40.2492 39.5023 29.7815 27.8557 26.7083 25.1603 20.0385 18.0965 15.5066 18.8142 15.2687 14.0357 13.9249 13.3778 13.2236 13.216 13.0706 11.7971 11.483 10.8905 9.92915 10.2321 9.0921 9.66409 8.98297
threshold=0.93853258385816518 0.8186052447692419 12.892500000000002 6.0275000000000007 4.9629583333333338 1.1474195251904404 959.02500000000009 -0.96359376111369355 15.625000000000002 0.97102885636651037 6.8750000000000009 15.475000000000003 -0.034899496702500851 0.89490028524376763 0.68605845231689544 5.182500000000001 4.5000000000000009 0.58580981356194251 14.500000000000002 10.500000000000002 10.704791666666667 1.1089058206799027 9.5000000000000018 14.652500000000002 2.5000000000000004 13.702500000000002 0.99140711019144634 951.02500000000009 5.6750000000000016 23.675000000000004
decision_type=2 2 8 10 2 2 2 2 2 2 10 2 2 2 2 8 2 2 2 2 2 2 2 8 2 2 2 2 8 2
left_child=1 4 5 8 -1 29 20 -7 9 19 13 23 -12 -8 18 -9 -13 -6 -15 -4 -3 -22 -14 -5 -17 26 -19 -28 -29 -2
right_child=2 6 3 11 17 7 10 15 -10 -11 12 16 22 14 -16 24 -18 25 -20 -21 21 -23 -24 -25 -26 -27 27 28 -30 -31
leaf_value=-0.005960638847188688 0.00014473930404885926 0.00013784523606042695 0.00014398539053046331 0.00014398544170935777 -0.0014096354628593607 0.00014398544170935777 -1.1261512761667396e-05 0.00014398544237911537 0.00014396073336210289 0.00014398544170935777 0.00014393971609599236 0.00014398544183750859 0.00014426001577275027 0.00013572344514485335 0.00016502579826648822 0.0001439854425978837 0.00014398543769016613 3.8919680138793651e-06 0.00023523097801893107 0.00014398686492227524 -0.00018663312869787789 0.00014405890820273992 0.00014397423829656363 0.00014398544170935777 0.00014398544164558196 0.00066409414657279302 -0.0021861408034395402 5.50811856712563e-05 0.00062872546299609362 -1.6623714560420233e-05
leaf_weight=38737 592 6105 425 1291 26453 731 676 202 257 629 410 276 237 896 326 271 235 11916 324 267 285 1684 671 948 572 208 539 899 1671 319
leaf_count=38737 592 6105 425 1291 26453 731 676 202 257 629 410 276 237 896 326 271 235 11916 324 267 285 1684 671 948 572 208 539 899 1671 319
internal_value=0.000589296 -0.000420363 0.0138269 0.0169019 -0.00093337 0.00885178 0.00313091 0.0114778 0.0125875 0.0143416 0.00577151 0.0193503 0.00905215 0.00380961 0.00546228 0.0147286 0.0137151 -0.000224941 0.00372245 0.0101492 0.00197029 0.00410486 0.0114085 0.0206029 0.0165106 0.000497506 0.000406187 0.00193738 0.00267961 0.0036976
internal_weight=99052 92037 7015 4328 80423 2687 11614 1776 1578 1321 3540 2750 1318 2222 1546 1045 511 41686 1220 692 8074 1969 908 2239 843 15233 15025 3109 2570 911
internal_count=99052 92037 7015 4328 80423 2687 11614 1776 1578 1321 3540 2750 1318 2222 1546 1045 511 41686 1220 692 8074 1969 908 2239 843 15233 15025 3109 2570 911
is_linear=0
shrinkage=0.03


Tree=45
num_leaves=31
num_cat=0
split_feature=23 23 16 23 1 23 2 34 32 16 26 30 25 31 25 33 26 23 28 0 21 25 2 34 21 19 9 34 16 14
split_gain=1461.69 154.815 119.035 59.5585 46.5726 45.6415 42.6298 38.2596 30.1856 23.848 25.4029 22.157 17.31 15.9133 14.8062 14.0233 16.4175 13.0105 11.6679 11.5 9.64362 9.63709 9.56819 9.51667 9.14546 9.69518 9.00951 11.8308 8.65204 10.4355
threshold=0.92986604680737783 0.8186052447692419 12.892500000000002 0.97102885636651037 15.475000000000003 0.17210161277705566 1.1474195251904404 959.02500000000009 -0.96359376111369355 10.392500000000002 2.4225000000000003 7.4750000000000005 5.182500000000001 1.3812249728329637 6.0275000000000007 -0.034899496702500851 3.1725000000000003 0.59986582786442832 2.2606009523569099 9.8625000000000025 3.7013606435342759 5.4525000000000015 1.1122658585646967 959.82500000000016 3.954139787384618 8.2275000000000027 2.5000000000000004 958.02500000000009 14.652500000000002 0.22543476343444793
decision_type=2 2 8 2 2 2 2 2 2 10 2 2 8 2 10 2 2 2 2 2 2 8 2 2 2 10 2 2 8 2
left_child=1 5 6 14 21 18 22 24 -8 -9 -11 -12 -10 -6 26 -13 -17 20 -1 -14 -7 -5 -2 -19 25 -3 -4 -28 29 -23
right_child=2 7 3 4 13 17 8 9 12 10 11 15 19 -15 -16 16 -18 23 -20 -21 -22 28 -24 -25 -26 -27 27 -29 -30 -31
leaf_value=-0.006067864377054903 -1.4721212011110652e-05 0.00010020695887731468 0.00014227458104204782 0.0001396658784580773 0.00013966587845423372 -0.0016690611531137219 0.0001396658784580773 0.00011442233491374227 0.00013966587497470364 0.00011865926325928083 0.00013789821635534882 0.00014623111268325027 0.00013966572178809698 0.00013966587455946255 0.00013966592933313578 0.00013842539615291564 0.00015170572992695086 2.0745619910494948e-05 0.0027536877023132699 0.00013966587842458077 0.0018561618634005406 0.0001396658784580773 0.00014037658566601552 0.00036141038328203035 0.00030298948982902937 0.00014512517407913394 0.0001396230122747777 0.00013966588671323054 0.0001396658784580773 0.0001396658784580773
leaf_weight=36348 365 5323 325 343 207 28120 833 847 262 466 895 235 326 354 652 463 416 10575 915 739 1694 356 747 3105 254 2071 362 229 914 802
leaf_count=36348 365 5323 325 343 207 28120 833 847 262 466 895 235 326 354 652 463 416 10575 915 739 1694 356 747 3105 254 2071 362 229 914 802
internal_value=0.000593894 -0.000467569 0.0130433 0.0161877 0.0186924 -0.000921858 0.00865853 0.00287563 0.0111132 0.00556177 0.00704637 0.00850695 0.0139257 0.0107544 0.0113897 0.0113298 0.013069 -0.000261662 -0.00169231 0.0156308 -0.0006131 0.0205103 0.00386213 0.000504201 0.001706 0.00151074 0.00884039 0.00653859 0.0213308 0.0193259
internal_weight=99543 91727 7816 4544 2976 80757 3272 10970 2160 3322 2475 2009 1327 561 1568 1114 879 43494 37263 1065 29814 2415 1112 13680 7648 7394 916 591 2072 1158
internal_count=99543 91727 7816 4544 2976 80757 3272 10970 2160 3322 2475 2009 1327 561 1568 1114 879 43494 37263 1065 29814 2415 1112 13680 7648 7394 916 591 2072 1158
is_linear=0
shrinkage=0.03


Tree=46
num_leaves=31
num_cat=0
split_feature=23 23 23 2 2 22 34 23 25 8 26 33 25 35 34 17 23 28 35 24 35 26 34 26 1 22 25 33 26 21
split_gain=1443.31 154.845 125.968 60.0481 49.8707 43.5535 42.385 27.7065 24.9472 23.827 26.9808 24.7929 17.4252 16.2898 15.3733 12.2298 11.8433 11.5556 10.6549 11.5625 10.5117 16.9404 9.45699 8.88284 9.72821 10.3086 8.56867 8.62683 8.40934 8.02462
threshold=0.92986604680737783 0.8186052447692419 0.97769015574246521 1.1474195251904404 1.1714236925654091 4.932708333333335 959.02500000000009 0.95802549872652831 6.5325000000000015 9.5000000000000018 2.4225000000000003 -0.034899496702500851 7.5625000000000009 43.250000000000007 950.12500000000011 13.587500000000002 0.59986582786442832 2.2606009523569099 75.750000000000014 7.5250000000000012 68.250000000000014 5.1225000000000014 955.32500000000016 2.5125000000000006 21.725000000000005 10.704791666666667 3.3175000000000008 -0.42261826174069922 3.5925000000000007 3.7013606435342759
decision_type=2 2 2 2 2 2 2 2 8 2 2 2 8 2 2 2 2 2 2 10 2 2 2 2 2 2 10 2 2 2
left_child=1 5 3 12 8 17 23 13 -4 -8 -11 -12 -2 -5 -10 -6 29 -1 19 -13 21 -9 -18 -3 25 -25 27 -24 -28 -7
right_child=2 6 4 7 15 16 9 20 14 10 11 18 -14 -15 -16 -17 22 -19 -20 -21 -22 -23 26 24 -26 -27 28 -29 -30 -31
leaf_value=-0.0060207042270460538 0.00013545954499658962 -0.00011755159743145709 0.00013547590210433614 0.00013547118289702453 0.00013547590210433614 -0.0016527424280192537 0.00013469106095416187 0.00013547590193800613 0.00013547590210433614 0.00010672664334167504 0.00013487189999449866 0.00013707471192743104 0.00013547643497952239 0.0001354755350148282 0.00013547590210433614 0.00013547590210433614 -9.2725484518497471e-05 0.0035495169281534508 0.00016353502672386379 0.00013536655010473812 0.00013547590210433614 0.00013547590210433614 0.0013189786390119429 0.00015605242297437759 -7.8881096603056195e-06 0.00013744796142398108 0.00024269057560450389 0.00043259711367325257 -0.0010777992514998213 0.0016115761419788011
leaf_weight=37588 982 1282 633 228 207 26669 1379 806 242 391 358 599 298 1173 542 1474 6959 955 200 339 841 337 256 3972 1484 967 3762 1325 1315 1668
leaf_count=37588 982 1282 633 228 207 26669 1379 806 242 391 358 599 298 1173 542 1474 6959 955 200 339 841 337 256 3972 1484 967 3762 1325 1315 1668
internal_value=0.000594914 -0.000459415 0.0130099 0.00987687 0.0177042 -0.000915146 0.00288329 0.011969 0.0134662 0.00574503 0.00793287 0.00976149 0.00431907 0.00868208 0.017057 0.021226 -0.000246241 -0.00164312 0.0119213 0.010473 0.0142624 0.0161943 0.000480766 0.00166731 0.00212212 0.00276153 0.00128861 0.00321374 0.00068654 -0.000595619
internal_weight=99231 91468 7763 4665 3098 80497 10971 3385 1417 3266 1887 1496 1280 1401 784 1681 41954 38543 1138 938 1984 1143 13617 7705 6423 4939 6658 1581 5077 28337
internal_count=99231 91468 7763 4665 3098 80497 10971 3385 1417 3266 1887 1496 1280 1401 784 1681 41954 38543 1138 938 1984 1143 13617 7705 6423 4939 6658 1581 5077 28337
is_linear=0
shrinkage=0.03


Tree=47
num_leaves=31
num_cat=0
split_feature=23 23 23 32 2 34 27 24 25 8 16 2 2 34 12 8 2 20 34 25 17 20 32 34 28 34 29 32 32 10
split_gain=1419.92 153.015 127.411 66.7321 51.0967 42.4053 42.0002 35.2321 27.7668 24.2482 20.6158 19.5581 21.408 19.3222 18.0274 17.6148 16.9153 18.7445 13.9895 13.7383 13.4059 12.5042 12.3887 12.3494 14.5324 14.3476 18.4291 11.711 11.1899 11.0685
threshold=0.92986604680737783 0.8186052447692419 0.97769015574246521 -0.94260559819261247 1.1714236925654091 959.02500000000009 3.1893750000000005 6.9250000000000016 6.5325000000000015 9.5000000000000018 10.392500000000002 1.144636697369912 1.2056227243848197 956.32500000000016 7.4875000000000016 6.5000000000000009 1.1506165147735528 11.842750000000001 949.22500000000014 6.3625000000000016 13.587500000000002 3.4727500000000009 -0.94828754594723508 959.82500000000016 2.8443342800170544 962.02500000000009 2.8275000000000006 -0.81408451933196946 0.98897820466835418 10.500000000000002
decision_type=2 2 2 2 2 2 2 8 8 2 10 2 2 2 10 2 2 2 2 10 2 2 2 2 2 2 2 2 2 2
left_child=1 6 3 16 8 -3 21 -5 -4 28 -11 27 23 19 -12 -15 -2 -18 -10 -9 -6 -1 -20 24 -13 26 -25 -8 -7 -19
right_child=2 5 4 7 20 9 11 13 18 10 14 12 -14 15 -16 -17 17 29 22 -21 -22 -23 -24 25 -26 -27 -28 -29 -30 -31
leaf_value=-0.0069191629812778675 0.00013209603019377568 0.00013201367382785544 0.00013141162504120451 0.0001314097189253156 0.00013141162504120451 5.9518622832384781e-06 -0.002872555081649005 0.00013141162470861056 0.00013141162504120451 0.00012535084830821714 0.00012039158102421551 0.00030742288273038744 -0.00036496247993845208 0.00013141161295002313 0.00013537462924397112 0.00013141164093096372 0.00013138410891817441 0.00013141162504113789 0.00013141162504120451 0.00013141162470861056 0.00013141162504120451 -0.0029608895885876742 0.00013141162504120451 -0.00083138128290326989 0.0046209611167229488 0.00035529648625912683 0.0028071558602202141 6.6591996192156828e-05 0.00013155349750486472 0.00013141162504120451
leaf_weight=20212 900 7663 655 408 214 705 8785 664 200 520 331 6275 6090 310 1083 994 410 375 341 375 1496 29145 231 253 236 1117 946 7314 691 208
leaf_count=20212 900 7663 655 408 214 705 8785 664 200 520 331 6275 6090 310 1083 994 410 375 341 375 1496 29145 231 253 236 1117 946 7314 691 208
internal_value=0.000617022 -0.000430969 0.0129151 0.00974145 0.0175904 0.00288789 -0.000885056 0.0127239 0.0133094 0.00571214 0.00788448 -1.99227e-05 0.000762565 0.0141401 0.00975898 0.0166066 0.00538514 0.00807715 0.0171737 0.0109799 0.0211137 -0.00142865 0.019591 0.00170618 0.00103545 0.00358552 0.00585797 -0.000744971 0.00268522 0.0115153
internal_weight=99147 91366 7781 4644 3137 10993 80373 2751 1427 3330 1934 31016 14917 2343 1414 1304 1893 993 772 1039 1710 49357 572 8827 6511 2316 1199 16099 1396 583
internal_count=99147 91366 7781 4644 3137 10993 80373 2751 1427 3330 1934 31016 14917 2343 1414 1304 1893 993 772 1039 1710 49357 572 8827 6511 2316 1199 16099 1396 583
is_linear=0
shrinkage=0.03


Tree=48
num_leaves=31
num_cat=0
split_feature=23 23 16 23 32 34 1 22 34 8 19 32 12 23 10 27 27 1 28 22 34 8 19 25 16 34 14 32 35 22
split_gain=1440.51 140.997 122.326 62.2477 41.6906 40.6897 40.1661 39.2918 25.4077 21.2716 20.1879 21.2586 18.2466 15.5907 14.069 13.9089 12.8312 13.991 13.8944 12.6953 11.7448 11.4966 10.5772 9.28495 11.219 10.2739 9.50134 8.5892 10.0784 8.20446
threshold=0.92986604680737783 0.8186052447692419 12.892500000000002 0.97102885636651037 -0.94828754594723508 959.02500000000009 15.475000000000003 4.2152083333333348 949.62500000000011 9.5000000000000018 7.7525000000000013 0.8869770585236475 7.4025000000000007 0.96514704198614198 10.500000000000002 7.2770833333333345 5.5683333333333342 14.325000000000003 1.7323009739512707 6.7127916666666669 955.12500000000011 13.500000000000002 8.7225000000000019 5.4825000000000008 14.652500000000002 954.52500000000009 0.22914696885040664 0.97988739209073494 75.250000000000014 11.875500000000004
decision_type=2 2 8 2 2 2 2 2 2 2 10 2 10 2 2 2 2 2 2 2 2 2 10 10 8 2 2 2 2 2
left_child=1 7 4 16 14 22 23 -1 -6 27 11 -11 -13 20 -2 -8 -4 18 -18 -9 -10 -14 -3 25 26 -5 -25 -7 -29 -16
right_child=2 5 3 6 8 9 15 19 13 10 -12 12 21 -15 29 -17 17 -19 -20 -21 -22 -23 -24 24 -26 -27 -28 28 -30 -31
leaf_value=-0.0059615879130255969 0.00012746927630258976 0.00010789948712407075 0.00012746927829133557 0.00012746927628996983 7.9929818437826097e-05 -1.0610246422968897e-05 0.00012746927250831153 -0.0022224950298235877 0.00012746462884418892 9.2244332197408152e-05 0.00013835996268272255 8.8870139429155838e-05 0.00012668875217727748 0.00012746927597317992 0.00012743470031448983 0.0001274692762862395 0.00012746927520341567 0.00012746962069189126 0.00012746932564929522 7.1759525662169475e-05 0.00012746927806864372 0.00015868596424993946 0.00013717363950548097 0.00012746927628996983 0.00012746927628996983 0.00012746927628996983 0.00012746927628996983 0.00012607693793642669 0.00013135972910759366 0.00012746927628996983
leaf_weight=30248 1378 6163 704 201 211 607 215 27832 248 530 471 284 210 490 211 347 252 252 332 22467 513 406 1446 357 894 202 730 546 204 202
leaf_count=30248 1378 6163 704 201 211 607 215 27832 248 530 471 284 210 490 211 347 252 252 332 22467 513 406 1446 357 894 202 730 546 204 202
internal_value=0.00059744 -0.000454961 0.0130208 0.0162351 0.00856998 0.00275193 0.0188011 -0.000887763 0.0123272 0.00555501 0.00760073 0.00579094 0.00858563 0.0139467 0.00547717 0.011418 0.0112816 0.0138193 0.0163803 -0.000373868 0.0111188 0.0114686 0.00154886 0.020514 0.0214184 0.0158603 0.0191016 0.00267181 0.00480795 0.0103134
internal_weight=99153 91414 7739 4486 3253 10867 2946 80547 1462 3258 1901 1430 900 1251 1791 562 1540 836 584 50299 761 616 7609 2384 1981 403 1087 1357 750 413
internal_count=99153 91414 7739 4486 3253 10867 2946 80547 1462 3258 1901 1430 900 1251 1791 562 1540 836 584 50299 761 616 7609 2384 1981 403 1087 1357 750 413
is_linear=0
shrinkage=0.03


Tree=49
num_leaves=31
num_cat=0
split_feature=23 23 23 32 2 34 27 25 24 24 35 2 34 33 34 17 8 1 2 12 26 19 24 32 3 8 32 8 23 1
split_gain=1427.94 136.702 123.218 63.0275 51.6432 41.1062 37.725 34.3204 32.5859 24.9799 21.3721 18.8411 17.9681 17.7016 17.4079 17.3457 15.2642 14.6965 15.902 14.1533 13.2329 12.7914 12.5565 11.2196 15.8341 10.8899 10.5258 10.4842 10.2931 9.2162
threshold=0.92986604680737783 0.8186052447692419 0.97769015574246521 -0.94828754594723508 1.1714236925654091 959.02500000000009 3.0006250000000008 6.5325000000000015 7.8750000000000009 6.825000000000002 39.750000000000007 1.1506165147735528 949.22500000000014 -0.026175951569892126 954.32500000000016 13.587500000000002 14.500000000000002 -1.1749999999999996 1.1506165147735528 5.5925000000000011 3.1725000000000003 6.5025000000000013 9.8750000000000018 0.89490028524376763 8.3560234002921856 10.500000000000002 -0.94828754594723508 14.500000000000002 0.95123381308365573 21.725000000000005
decision_type=2 2 2 2 2 2 2 8 8 10 2 2 2 2 2 2 2 2 2 10 2 10 10 2 2 2 2 2 2 2
left_child=1 6 3 11 7 29 19 -4 16 23 -8 -2 -9 -11 -10 -6 -5 -12 -19 21 -15 -1 28 -7 27 -16 -14 -25 -13 -3
right_child=2 5 4 8 15 9 10 12 14 13 17 22 26 20 25 -17 -18 18 -20 -21 -22 -23 -24 24 -26 -27 -28 -29 -30 -31
leaf_value=-0.0054295948596560211 0.00012430906825398882 0.00012946820237916935 0.00012364519800127203 0.00012364514193672417 0.00012364519800127203 0.00011280952627501094 -0.001407629892559797 0.00012364519800127203 0.00012364519767568574 0.00012338025602892433 -0.001068424304966138 0.00012356997582054592 0.00012364519800127203 0.00012159864037536238 0.00012364519767370073 0.00012364519800127203 0.00012364519659927565 -0.00014496542010545121 0.00066193849948230181 -1.2215136993901643e-05 0.0001259641088358554 0.0029260838796847989 0.00012364519800127203 0.0001168985053332243 0.0001282578890442454 0.00012364520556966128 0.00012364519800127203 0.00019937716037432329 0.00012364519800120809 -3.1544931673624928e-05
leaf_weight=38923 851 6049 629 701 218 627 13007 201 567 366 5237 210 352 422 562 1502 284 7507 9925 5605 433 372 226 869 270 738 237 309 517 1622
leaf_count=38923 851 6049 629 701 218 627 13007 201 567 366 5237 210 352 422 562 1502 284 7507 9925 5605 433 372 226 869 270 738 237 309 517 1622
internal_value=0.00063785 -0.000412014 0.0129596 0.00984381 0.0175582 0.00272958 -0.000839752 0.0132324 0.0126195 0.00552923 -0.000111489 0.00543284 0.0173962 0.00892904 0.0149567 0.0210783 0.00813636 0.000444694 0.000863336 -0.00141833 0.0112849 -0.00161947 0.00832046 0.00351202 0.00495939 0.0168966 0.0200556 0.00342857 0.00632377 0.00152384
internal_weight=99338 91543 7795 4656 3139 10967 80576 1419 2852 3296 35676 1804 790 1221 1867 1720 985 22669 17432 44900 855 39295 953 2075 1448 1300 589 1178 727 7671
internal_count=99338 91543 7795 4656 3139 10967 80576 1419 2852 3296 35676 1804 790 1221 1867 1720 985 22669 17432 44900 855 39295 953 2075 1448 1300 589 1178 727 7671
is_linear=0
shrinkage=0.03


Tree=50
num_leaves=31
num_cat=0
split_feature=23 23 23 1 2 22 23 31 10 1 26 8 21 19 10 3 24 0 27 8 35 15 35 26 19 12 24 21 28 35
split_gain=1428.2 147.462 122.544 68.5812 46.8771 40.0325 28.0318 23.2917 21.1572 20.7488 22.1551 21.7871 30.5618 19.1168 18.7037 14.5878 14.1855 13.361 18.5851 16.3569 13.3341 12.0597 11.6869 12.8569 11.6179 13.2758 11.5817 10.1017 9.93397 9.78419
threshold=0.92986604680737783 0.8186052447692419 0.97769015574246521 14.025000000000002 1.1714236925654091 4.1822083333333344 0.95802549872652831 1.3812249728329637 8.5000000000000018 21.725000000000005 2.4225000000000003 9.5000000000000018 1.5795715399391286 7.9225000000000012 1.5000000000000002 10.570815652417121 7.3750000000000009 11.247500000000002 5.7093750000000005 15.500000000000002 61.250000000000007 0.05250000000000022 69.750000000000014 5.1225000000000014 8.7225000000000019 8.5375000000000032 5.9750000000000005 4.1512769099994165 2.0909816261222773 38.250000000000007
decision_type=2 2 2 2 2 2 2 2 2 2 2 2 2 8 2 2 10 2 2 2 2 10 2 2 10 10 10 2 2 2
left_child=1 5 3 6 7 -1 17 -4 -9 10 -3 24 -13 -14 -15 -5 27 18 19 -2 -20 -16 23 -8 -12 -26 -23 29 -24 -7
right_child=2 9 4 15 -6 16 22 8 -10 -11 11 12 13 14 21 -17 -18 -19 20 -21 -22 26 28 -25 25 -27 -28 -29 -30 -31
leaf_value=-0.0057698522867940024 0.00011992718947222646 3.0634961756096046e-05 0.00011993584206123508 0.00011993616586390643 0.00011993584206123508 -0.0020236538363772303 0.00011993584206578145 0.00011993584206123508 0.00011993584206123508 -1.6573281781070054e-05 0.00011863428831713159 0.00011630358018916342 0.00011827721987083373 0.00018581942873149393 0.00013003929988609109 0.00011976126598417584 0.00047821915507378004 0.0001199016787700398 0.00011993570311242089 0.00012231452760254945 0.00012000278352689246 0.00013552187052175534 0.00011993584206123508 0.00011993584206123508 0.00011783775922354355 0.00013178273609743839 0.00015458255391146919 0.00089239663644930965 0.00011993584206116847 -0.00019518776106454137
leaf_weight=29649 478 1600 441 246 1677 11539 852 628 357 1591 2962 1262 568 326 991 1061 2228 227 218 212 233 520 444 359 371 252 508 1237 332 35554
leaf_count=29649 478 1600 441 246 1677 11539 852 628 357 1591 2962 1262 568 326 991 1061 2228 227 218 212 233 520 444 359 371 252 508 1237 332 35554
internal_value=0.000651594 -0.000400755 0.0129981 0.00990443 0.0176226 -0.000846645 0.0121741 0.0135304 0.0108636 0.00286391 0.00340203 0.00406439 0.00553708 0.00722447 0.00841915 0.00405412 -0.000333327 0.0088099 0.0101283 0.00694964 0.0148618 0.00730879 0.0144623 0.0163544 0.00234401 0.00605255 0.00958954 -0.000441296 0.0114238 -0.000511678
internal_weight=98923 91158 7765 4662 3103 80207 3355 1426 985 10951 9360 7760 4175 2913 2345 1307 50558 1368 1141 690 451 2019 1987 1211 3585 623 1028 48330 776 47093
internal_count=98923 91158 7765 4662 3103 80207 3355 1426 985 10951 9360 7760 4175 2913 2345 1307 50558 1368 1141 690 451 2019 1987 1211 3585 623 1028 48330 776 47093
is_linear=0
shrinkage=0.03


Tree=51
num_leaves=31
num_cat=0
split_feature=23 17 23 1 2 27 25 19 35 27 24 23 2 1 25 32 10 17 32 8 9 32 19 32 8 10 12 14 32 8
split_gain=1434.1 142.439 134.122 68.8719 49.4439 40.1312 28.4504 27.5602 27.2732 26.0654 22.4779 21.4081 18.5139 18.7855 18.0038 15.7398 14.1882 12.4835 11.7788 22.3309 11.4842 10.808 10.6617 10.7828 10.0374 14.7925 16.8726 9.81211 9.73872 10.5587
threshold=0.92986604680737783 10.962500000000002 0.97769015574246521 14.525000000000002 1.1714236925654091 3.1893750000000005 6.5325000000000015 7.557500000000001 51.750000000000007 5.7093750000000005 6.825000000000002 0.95802549872652831 1.1408815221001618 -0.87499999999999978 7.5625000000000009 0.72534675097891099 1.5000000000000002 13.702500000000002 -0.93038214053199442 17.500000000000004 4.5000000000000009 0.98624804680367306 5.5025000000000013 0.62249093318774806 14.500000000000002 2.5000000000000004 6.7775000000000007 0.63965485485012463 -0.93663652364155492 10.500000000000002
decision_type=2 2 2 2 2 2 8 8 2 2 10 2 2 2 8 2 2 2 2 2 2 2 10 2 2 2 10 2 2 2
left_child=1 5 3 8 6 22 -4 -3 9 21 24 28 15 -14 -5 -7 -6 -18 -12 20 -20 -2 -1 -24 -9 26 -26 -8 -10 -30
right_child=2 7 4 14 16 12 27 10 11 -11 18 -13 13 -15 -16 -17 17 -19 19 -21 -22 -23 23 -25 25 -27 -28 -29 29 -31
leaf_value=-0.0046967566824273948 0.00011631727342633762 3.8187482565749078e-05 0.000116337766799397 0.00011613686018034782 0.000116337766799397 -0.002423529750764803 0.000116337766799397 0.00011599540033434382 0.00011630290402376043 0.000116337766799397 0.00011296849725780266 0.000116337766799397 -0.0012656321278489491 0.00041925640358087712 0.00011633808088798879 0.00033941023970284422 0.000116337766799397 0.000116337766799397 0.00011862615692126655 0.00014254898365074651 4.8736954376406478e-05 0.00011633766291650768 0.0025325108324865332 -0.0033834183070892651 0.00061267026015977876 0.00014388687923016618 0.00017640003666050786 0.000116337766799397 0.00011633424554969851 0.00011754814315551254
leaf_weight=45895 200 3306 625 1008 202 9947 437 5049 374 493 782 1458 4070 10239 304 5570 209 1324 1163 296 477 242 950 1502 276 1596 360 338 360 250
leaf_count=45895 200 3306 625 1008 202 9947 437 5049 374 493 782 1458 4070 10239 304 5570 209 1324 1163 296 477 242 950 1502 276 1596 360 338 360 250
internal_value=0.000673003 -0.000381645 0.0129963 0.0097663 0.0178041 -0.000870054 0.013516 0.00248723 0.012031 0.0164202 0.00327199 0.0103204 -4.62678e-06 0.000773578 0.00391344 -0.000722266 0.0212155 0.0222308 0.00559897 0.00685317 0.00545289 0.0109262 -0.00140389 0.000522588 0.00240008 0.00407421 0.00792824 0.0173654 0.00684328 0.00917073
internal_weight=99302 91478 7824 4689 3135 78173 1400 13305 3377 935 9999 2442 29826 14309 1312 15517 1735 1533 2718 1936 1640 442 48347 2452 7281 2232 636 775 984 610
internal_count=99302 91478 7824 4689 3135 78173 1400 13305 3377 935 9999 2442 29826 14309 1312 15517 1735 1533 2718 1936 1640 442 48347 2452 7281 2232 636 775 984 610
is_linear=0
shrinkage=0.03


Tree=52
num_leaves=31
num_cat=0
split_feature=23 23 23 1 1 34 20 24 14 23 33 26 35 1 25 28 17 17 35 0 21 34 1 21 23 14 24 1 35 1
split_gain=1415.44 131.397 129.226 70.3482 50.5842 41.0521 39.0279 28.2754 28.2288 27.6502 16.9613 15.255 15.0629 15.0053 15.6503 14.1939 12.7996 12.4304 11.3767 10.4832 10.0027 9.76202 9.46951 14.4118 9.39096 9.24084 9.09885 11.0109 9.12603 8.80164
threshold=0.92986604680737783 0.79543207625932155 0.97769015574246521 14.025000000000002 8.8250000000000028 959.02500000000009 5.8427500000000014 6.8750000000000009 0.65597256040170848 0.95802549872652831 -0.034899496702500851 3.1725000000000003 42.750000000000007 23.825000000000006 7.5625000000000009 2.4449335360255793 13.587500000000002 11.482500000000002 51.750000000000007 8.3325000000000014 3.954139787384618 952.82500000000016 7.825000000000002 2.0728371257734257 0.88924359640771067 1.2882384613623898 7.575000000000002 6.3750000000000009 40.250000000000007 -1.6249999999999998
decision_type=2 2 2 2 2 2 2 10 2 2 2 2 2 2 8 2 2 2 2 2 2 2 2 2 2 2 10 2 2 2
left_child=1 6 3 9 16 20 15 17 21 12 -9 -12 -2 14 -5 25 -4 -7 -11 -19 24 -6 23 -20 -3 -1 28 -28 -8 -30
right_child=2 5 4 13 8 7 26 10 -10 18 11 -13 -14 -15 -16 -17 -18 19 22 -21 -22 -23 -24 -25 -26 -27 27 -29 29 -31
leaf_value=-0.0050548839756801361 0.00011284305957568131 4.0804406791759008e-05 0.00011284763379541429 0.00011355353477636942 0.00011284763476858916 3.188146440851835e-05 -0.0011055850755165536 0.00011185406224241245 0.00011284763379541429 0.00011284763426426258 0.00010984949464120221 0.00012314000662284828 0.00011284421818320789 -3.5491815870519137e-05 0.00011284794840415585 0.0024722683582817807 0.00011284763379541429 0.00011282838979958742 0.00011284763379634018 0.00012440648876780699 0.00026446012200001317 0.00011284763379541429 0.00011284761820030242 0.00011284763379503925 0.00011346848523380185 -0.00065466139021014183 0.0010206606848216558 0.00026645689850759313 -0.0013243134726485307 0.00024692190476525376
leaf_weight=41823 201 4360 215 729 370 786 7906 372 782 501 458 420 1151 389 244 977 1495 1139 585 400 280 284 261 609 3461 5697 330 1240 4597 17332
leaf_count=41823 201 4360 215 729 370 786 7906 372 782 501 458 420 1151 389 244 977 1495 1139 585 400 280 284 261 609 3461 5697 330 1240 4597 17332
internal_value=0.000681978 -0.000364195 0.0129321 0.00974759 0.0176363 0.00260782 -0.000798629 0.00528352 0.0133949 0.0121087 0.00891633 0.0111846 0.00875018 0.00398976 0.00597239 -0.00133213 0.0211487 0.00331545 0.0144018 0.00487889 0.0014245 0.0180091 0.0129555 0.0141018 0.00122246 -0.00140579 2.53097e-05 0.00224762 -9.19913e-05 0.000223078
internal_weight=99394 91578 7816 4670 3146 11676 79902 3575 1436 3308 1250 878 1352 1362 973 48497 1710 2325 1956 1539 8101 654 1455 1194 7821 47520 31405 1570 29835 21929
internal_count=99394 91578 7816 4670 3146 11676 79902 3575 1436 3308 1250 878 1352 1362 973 48497 1710 2325 1956 1539 8101 654 1455 1194 7821 47520 31405 1570 29835 21929
is_linear=0
shrinkage=0.03


Tree=53
num_leaves=31
num_cat=0
split_feature=23 23 1 23 34 22 25 16 35 24 26 22 33 28 31 24 26 1 10 19 1 29 15 19 16 8 33 33 22 30
split_gain=1401.23 130.71 120.912 91.1552 42.8504 40.7031 35.6327 30.3162 28.1622 24.617 24.199 22.4619 19.9039 14.5403 13.728 13.5582 11.8662 10.564 10.3872 9.53453 13.8032 12.4536 9.42229 9.38436 8.93844 8.85605 10.3369 8.81527 11.124 9.39857
threshold=0.92986604680737783 0.8186052447692419 14.525000000000002 0.97102885636651037 959.02500000000009 4.1822083333333344 7.5625000000000009 12.892500000000002 72.750000000000014 6.8750000000000009 2.7825000000000006 13.504000000000003 -0.034899496702500851 0.94611431214315733 1.5368841264838746 4.7250000000000005 3.1725000000000003 33.625000000000007 4.5000000000000009 7.9225000000000012 -0.27499999999999986 5.7275000000000009 0.65999999999999959 8.7225000000000019 14.942500000000003 13.500000000000002 0.06104621499353461 0.39073112848927366 7.3602083333333344 9.8250000000000028
decision_type=2 2 2 2 2 2 8 8 2 10 2 2 2 2 2 8 2 2 2 10 2 2 10 10 8 2 2 2 2 2
left_child=1 5 3 8 23 -1 11 14 10 25 -2 -4 -11 -12 -5 -7 -14 27 -8 20 -15 -21 24 -3 -9 -6 -27 28 -17 -30
right_child=2 4 6 7 9 15 18 22 -10 12 13 -13 16 19 -16 17 -18 -19 -20 21 -22 -23 -24 -25 -26 26 -28 -29 29 -31
leaf_value=-0.0053042074984469547 0.00010945489223087817 9.6887591129740029e-05 0.00010938939995998811 0.00010946220478117329 0.00010670731689147561 -0.0022697540974204169 0.00010946220478155299 0.00010946220478155299 0.00010946220459805977 0.00010849844037513878 0.00010945591745456395 0.00010946370629457025 0.00010738831473316668 0.00010946220464099876 0.00010946220555435524 -0.0011970970628467866 0.00011687304275901073 -0.0047747913564624963 0.00010946253721437832 0.00010946355076941416 0.00010946220287098586 0.00010946220454364395 0.00010946220478155299 0.00011937929625023491 0.00010946220478155299 0.00011469206501661166 0.00016410893637952228 0.00081821090257979344 0.00034687290288590186 -0.00014621071601064406
leaf_weight=29764 207 6128 1189 391 1398 16785 273 1244 897 353 200 276 417 348 200 16833 426 1589 304 301 495 323 385 1423 709 263 461 4421 7757 3310
leaf_count=29764 207 6128 1189 391 1398 16785 273 1244 897 353 200 276 417 348 200 16833 426 1589 304 301 495 323 385 1423 709 263 461 4421 7757 3310
internal_value=0.0007028 -0.000336287 0.0129526 0.0151972 0.00275087 -0.000753468 0.00666536 0.0188967 0.0112597 0.00559013 0.0133571 0.00415306 0.00902748 0.0145568 0.0126292 -0.000236391 0.0115224 0.000108801 0.0129536 0.0155971 0.0133267 0.0185342 0.0204507 0.0015004 0.0213539 0.00363611 0.00632099 0.00022635 2.90263e-05 0.000767611
internal_weight=99070 91328 7742 5700 10869 80459 2042 2929 2771 3318 1874 1465 1196 1667 591 50695 843 33910 577 1467 843 624 2338 7551 1953 2122 724 32321 27900 11067
internal_count=99070 91328 7742 5700 10869 80459 2042 2929 2771 3318 1874 1465 1196 1667 591 50695 843 33910 577 1467 843 624 2338 7551 1953 2122 724 32321 27900 11067
is_linear=0
shrinkage=0.03


Tree=54
num_leaves=31
num_cat=0
split_feature=23 16 23 27 1 32 34 23 25 10 24 34 24 16 32 33 24 26 32 4 21 30 1 10 19 25 21 17 31 12
split_gain=1428.35 129.028 125.793 66.5094 48.0668 39.6974 39.4529 38.3535 25.8263 22.5451 21.2262 18.6206 16.2035 16.1857 14.4873 14.3168 12.8357 11.944 10.7056 19.2904 10.0793 10.0431 9.79117 9.77452 9.76805 9.65256 9.58726 9.31847 9.26516 9.2254
threshold=0.92986604680737783 12.892500000000002 0.82935261695271867 5.4779166666666672 15.275000000000002 -0.96359376111369355 959.02500000000009 0.092944659905874472 5.182500000000001 4.5000000000000009 6.8750000000000009 955.12500000000011 4.7250000000000005 14.652500000000002 -0.91702515554752051 -0.034899496702500851 8.0250000000000021 3.1875000000000004 0.89490028524376763 0.68605845231689544 2.4783041076370638 5.0750000000000011 24.425000000000004 3.5000000000000004 8.7225000000000019 5.8225000000000007 4.0480622336869425 12.537500000000001 1.923108371595698 12.247500000000002
decision_type=2 8 2 2 2 2 2 2 8 2 10 2 8 8 2 2 10 2 2 2 2 2 2 2 10 10 2 2 2 10
left_child=2 5 7 -3 13 22 24 -1 -7 -6 18 29 -9 27 20 -12 21 -17 -8 -20 28 23 -2 -16 26 -15 -4 -5 -14 -10
right_child=1 3 6 4 9 8 10 12 11 -11 15 -13 14 25 16 17 -18 -19 19 -21 -22 -23 -24 -25 -26 -27 -28 -29 -30 -31
leaf_value=-0.0053246636495134503 0.00010617833863773906 0.00010617833863810543 6.9929938518482237e-05 0.00010617833863810543 0.00010617833863448499 0.00010617833141573891 0.0001045202700142156 -0.0024755656164939287 0.00010615211178292783 0.00010617832488357459 0.00010547563795298283 0.00010617833866761516 -0.0034499018352159498 0.00010617833863810543 -0.0058600930257249103 0.00010416666529117324 0.0012592638921847851 0.00011125828545785313 0.00010721224084660585 0.00011043784754359631 0.0008548210050304412 0.00029820289226644813 -1.2336839115778474e-05 0.00056535139440057835 0.00011331943218858108 0.00010617833863810543 0.00030469075356800768 0.00010617833863810543 0.0003618072905115732 0.00010684016497369534
leaf_weight=26211 1224 800 5734 208 319 423 598 18745 271 441 330 805 7938 229 3457 405 541 398 1119 289 2191 14231 252 5303 1406 932 207 1616 2212 288
leaf_count=26211 1224 800 5734 208 319 423 598 18745 271 441 330 805 7938 229 3457 405 541 398 1119 289 2191 14231 252 5303 1406 932 207 1616 2212 288
internal_value=0.000694768 0.013006 -0.000358575 0.0162758 0.017956 0.0084336 0.00273206 -0.000759669 0.0114392 0.011098 0.00554485 0.0134463 -0.000306904 0.0196806 6.66418e-05 0.00882337 0.000503207 0.010979 0.00367578 0.00509979 -0.000765674 0.000395155 0.0047684 -0.00040388 0.00152734 0.0225875 0.00099344 0.0177736 -0.00116396 0.00910106
internal_weight=99123 7808 91315 4545 3745 3263 10486 80829 1787 760 3139 1364 54618 2985 35873 1133 23532 803 2006 1408 12341 22991 1476 8760 7347 1161 5941 1824 10150 559
internal_count=99123 7808 91315 4545 3745 3263 10486 80829 1787 760 3139 1364 54618 2985 35873 1133 23532 803 2006 1408 12341 22991 1476 8760 7347 1161 5941 1824 10150 559
is_linear=0
shrinkage=0.03


Tree=55
num_leaves=31
num_cat=0
split_feature=22 20 16 27 1 2 22 32 32 8 2 26 25 8 16 10 19 8 27 22 11 20 2 25 15 32 30 28 1 28
split_gain=1379.6 131.773 127.745 52.1708 49.7546 43.401 36.3639 32.4085 25.7963 36.6072 32.7812 21.3234 19.6531 19.4056 17.212 15.9225 15.4423 20.9048 13.6536 13.4062 12.5163 12.4815 12.2456 9.41072 10.4733 8.79208 15.4093 8.62119 8.46629 9.99975
threshold=11.275833333333335 9.0110000000000046 12.892500000000002 5.4779166666666672 17.375000000000004 1.1474195251904404 3.5761666666666669 -0.96359376111369355 -0.90255091666790832 11.500000000000002 1.1787379071564679 2.4225000000000003 5.2325000000000008 21.500000000000004 14.652500000000002 4.5000000000000009 8.7225000000000019 13.500000000000002 5.6585416666666681 6.3442499999999997 3.1375000000000006 10.705500000000002 1.1122658585646967 4.8525000000000009 -0.049999999999999371 -0.90992662233962551 10.225000000000001 2.6562951949713081 -0.97499999999999976 2.4449335360255793
decision_type=2 2 8 2 2 2 2 2 2 2 2 2 8 2 8 2 10 2 2 2 10 2 2 10 10 2 2 2 2 2
left_child=1 6 5 -4 14 22 -1 27 16 18 21 -12 -9 23 25 -6 -3 -18 -10 28 -21 -11 -2 24 -13 -5 -27 -7 -8 -30
right_child=2 8 3 4 15 7 19 12 9 10 11 13 -14 -15 -16 -17 17 -19 -20 20 -22 -23 -24 -25 -26 26 -28 -29 29 -31
leaf_value=-0.0056173480117699204 -1.1992858322484049e-05 1.4779070456372167e-05 0.00010299298847896154 0.00010299298847896154 0.0001029929886912484 0.00010299298847860849 -0.006788363774423432 0.0001029929894745942 9.9001710388549875e-05 5.5814630155419651e-05 0.00012111764582670714 0.00012908428629409559 0.000102992988889045 7.4428255131279153e-05 0.00010299298847896154 0.00010299297525040634 0.00018579255643243585 9.86527273220783e-05 0.00011481654135489848 0.0028484670799912674 4.6167232909462747e-05 0.00010421078951817719 0.00010374606537940356 0.00013521053390133308 0.00017208702503240255 0.00010299298822862372 0.00010299298847896154 0.00010296920898703931 -0.001874825795916558 0.003365844141315836
leaf_weight=22299 383 4160 668 925 249 548 4771 202 4148 1128 364 257 858 361 1185 391 264 460 628 416 24345 273 760 807 218 279 656 213 26066 833
leaf_count=22299 383 4160 668 925 249 548 4771 202 4148 1128 364 257 858 361 1185 391 264 460 628 416 24345 273 760 807 218 279 656 213 26066 833
internal_value=0.000707475 -0.000292083 0.0132394 0.0165124 0.0179146 0.00841293 -0.000755192 0.0112853 0.00249721 0.00352644 0.00589979 0.00835437 0.0146761 0.00980643 0.0195197 0.010186 0.000770709 0.00479835 0.00182849 -0.000349831 0.0001731 0.00236629 0.00380749 0.0115338 0.00803125 0.0175818 0.0197713 0.00649739 -0.000758643 -0.000551852
internal_weight=99115 91798 7317 4353 3685 2964 78730 1821 13068 8184 3408 2007 1060 1643 3045 640 4884 724 4776 56431 24761 1401 1143 1282 475 1860 935 761 31670 26899
internal_count=99115 91798 7317 4353 3685 2964 78730 1821 13068 8184 3408 2007 1060 1643 3045 640 4884 724 4776 56431 24761 1401 1143 1282 475 1860 935 761 31670 26899
is_linear=0
shrinkage=0.03


Tree=56
num_leaves=31
num_cat=0
split_feature=22 2 22 16 34 22 1 31 32 20 27 8 32 12 1 16 21 22 27 24 31 31 19 10 8 32 11 30 32 24
split_gain=1237.96 135.58 131.028 74.9621 40.9757 38.8312 30.5731 35.6372 26.7892 32.4775 24.0411 23.8856 32.5921 15.6425 15.591 14.0309 13.0522 11.4671 11.3576 11.2509 11.1309 10.4605 9.45083 8.17771 7.99439 7.89268 7.49072 7.4767 12.9475 7.45668
threshold=11.275833333333335 1.1474195251904404 9.2472916666666709 14.187500000000002 959.02500000000009 4.1822083333333344 21.875000000000004 1.3579734507829022 -0.96359376111369355 12.388875000000002 5.5683333333333342 13.500000000000002 -0.81408451933196946 7.4875000000000016 9.3750000000000018 12.892500000000002 4.0480622336869425 10.389791666666669 5.7093750000000005 6.4250000000000016 1.778552627745025 1.5368841264838746 5.7875000000000005 1.5000000000000002 15.500000000000002 0.98624804680367306 6.722500000000001 4.2250000000000005 -0.91702515554752051 8.3250000000000028
decision_type=2 2 2 8 2 2 2 2 2 2 2 2 2 10 2 10 2 2 2 10 2 2 10 2 2 2 10 2 2 8
left_child=2 6 5 8 17 -1 7 -2 15 18 -5 14 -13 -14 25 21 19 26 24 22 -21 -3 27 -15 -10 -6 -4 -7 -29 -9
right_child=1 3 4 10 11 16 -8 29 9 -11 -12 12 13 23 -16 -17 -18 -19 -20 20 -22 -23 -24 -25 -26 -27 -28 28 -30 -31
leaf_value=-0.0049168212753224489 9.9903503988812444e-05 9.9903198794141219e-05 0.00014834921337060364 9.9903201557244306e-05 5.2801476368963263e-05 -0.004142528669754484 4.9877729727517159e-05 9.987918769306714e-05 9.9902254803985183e-05 9.990319882459353e-05 9.990319882459353e-05 0.0001018482723515328 0.00015162580214904981 0.00014062295805934304 0.00010114453028280701 9.990319882459353e-05 0.0009110101419013447 9.9900421476842389e-05 9.990319911204026e-05 6.4149901160064361e-05 0.0011180125503038557 0.00010029210006283983 0.00026145573327867932 0.00010887103530891173 9.9902264918974026e-05 9.9894506082967013e-05 5.4531958755895669e-05 -0.0030053599203397406 4.985985979562923e-05 0.00010056717628918574
leaf_weight=29755 314 576 476 210 973 9203 766 261 519 921 1484 461 211 219 216 454 1581 2779 760 3789 868 207 7488 339 216 724 4397 10527 17812 663
leaf_count=29755 314 576 476 210 973 9203 766 261 519 921 1484 461 211 219 216 454 1581 2779 760 3789 868 207 7488 339 216 724 4397 10527 17812 663
internal_value=0.000621059 0.0124629 -0.000327631 0.0149568 0.00277639 -0.000741337 0.00578795 0.00869348 0.0125044 0.0143544 0.0201931 0.00565788 0.00891498 0.0126783 0.00354588 0.00884783 -0.000240946 0.00158992 0.01155 -0.000326432 0.00107658 0.00634645 -0.000471634 0.0153037 0.00877703 0.0025611 0.000711561 -0.000665726 -0.000424323 0.00567061
internal_weight=99169 7351 91818 5347 10795 81023 2004 1238 3653 2416 1694 3143 1230 769 1913 1237 51268 7652 1495 49687 4657 783 45030 558 735 1697 4873 37542 28339 924
internal_count=99169 7351 91818 5347 10795 81023 2004 1238 3653 2416 1694 3143 1230 769 1913 1237 51268 7652 1495 49687 4657 783 45030 558 735 1697 4873 37542 28339 924
is_linear=0
shrinkage=0.03


Tree=57
num_leaves=31
num_cat=0
split_feature=22 20 2 16 34 22 2 32 0 31 32 8 27 0 22 8 24 22 32 16 10 10 8 31 31 33 24 1 12 18
split_gain=1225.26 153.896 138.44 58.1969 41.9879 39.8943 28.013 24.0001 30.6708 22.576 22.5717 33.9743 20.1624 18.0194 15.1271 14.2771 13.2252 12.679 11.6094 11.1381 11.102 10.7421 10.3476 10.0936 9.31493 8.71305 9.42344 8.55673 10.7424 8.17669
threshold=11.4945 9.4811250000000022 1.1474195251904404 13.997500000000002 959.02500000000009 4.1822083333333344 1.1133904006905853 -0.95878322595067689 10.622500000000002 1.3812249728329637 -0.90255091666790832 13.500000000000002 5.6585416666666681 8.3325000000000014 7.4009166666666681 10.500000000000002 8.1750000000000025 10.389791666666669 0.99140711019144634 12.892500000000002 1.5000000000000002 4.5000000000000009 17.500000000000004 2.0578156974326784 1.5368841264838746 0.39073112848927366 7.9750000000000005 21.725000000000005 9.3125000000000018 9.3475000000000019
decision_type=2 2 2 8 2 2 2 2 2 2 2 2 2 2 2 2 8 2 2 10 2 2 2 2 2 2 10 2 10 10
left_child=1 5 6 7 17 -1 -2 19 15 -8 -6 13 -5 -12 25 -9 -15 -3 -16 24 -13 22 -20 -24 -4 26 -7 28 -19 -22
right_child=2 4 3 12 10 14 9 8 -10 -11 11 20 -14 16 18 -17 -18 27 21 -21 29 -23 23 -25 -26 -27 -28 -29 -30 -31
leaf_value=-0.0048193165893790592 -1.5930377388762017e-06 9.3890155502211419e-05 9.6906102860395694e-05 9.6906102859807826e-05 9.0353467711193905e-05 -0.0022366445185090732 9.6908277846067254e-05 9.6906102859856127e-05 9.6906102859856127e-05 9.8129696454782336e-05 9.6381858741819771e-05 0.00014578252898490688 9.6906102859856127e-05 9.6534941204249325e-05 3.8061471350249867e-05 9.6906102859856127e-05 9.8486970770866151e-05 9.5470025878844334e-05 0.00026743890664696697 9.6906102859856127e-05 7.6298036849971053e-05 2.9048590573891308e-05 0.0012083640575423194 0.00043111315226345098 9.7132441520104905e-05 0.00059626204423481207 0.0026984623653199969 3.7099730668306294e-05 0.00010455270941686301 0.00010568538029721463
leaf_weight=29749 478 4004 522 266 765 29092 395 461 927 932 899 234 1607 249 13555 390 344 1235 1531 413 232 1725 235 241 205 5713 342 710 1328 245
leaf_count=29749 478 4004 522 266 765 29092 395 461 927 932 899 234 1607 249 13555 390 344 1235 1531 413 232 1725 235 241 205 5713 342 710 1328 245
internal_value=0.000608488 -0.000283276 0.0130953 0.0157625 0.00318293 -0.000715543 0.00599171 0.0130674 0.0152642 0.00822748 0.00618769 0.0077269 0.0199153 0.00512625 -0.000217625 0.0110362 0.00916555 0.001954 0.000508847 0.00958952 0.0131103 0.0019893 0.00347863 0.00732224 0.00726639 -0.000574961 -0.000783044 0.00333771 0.00414369 0.0102884
internal_weight=99024 92428 6596 4791 10245 82183 1805 2918 1778 1327 2968 2203 1873 1492 52434 851 593 7277 17287 1140 711 3732 2007 476 727 35147 29434 3273 2563 477
internal_count=99024 92428 6596 4791 10245 82183 1805 2918 1778 1327 2968 2203 1873 1492 52434 851 593 7277 17287 1140 711 3732 2007 476 727 35147 29434 3273 2563 477
is_linear=0
shrinkage=0.03


Tree=58
num_leaves=31
num_cat=0
split_feature=23 2 23 23 16 20 34 1 31 8 32 35 32 19 8 16 1 32 21 10 29 10 35 19 31 10 30 31 10 11
split_gain=1251.15 122.428 103.517 99.5831 39.6831 37.3183 37.0018 26.3338 36.5737 21.8206 24.2703 21.8004 20.4398 14.2866 14.0494 12.8854 12.5285 11.8214 11.664 10.7269 10.1811 9.87731 11.5365 9.94688 12.6391 9.77128 8.39148 10.1981 17.7014 14.926
threshold=0.92986604680737783 1.1474195251904404 0.85324022563438573 0.97102885636651037 12.892500000000002 4.2805000000000009 959.02500000000009 21.875000000000004 1.3640388349514565 13.500000000000002 -0.81408451933196946 71.250000000000014 -0.95878322595067689 9.9025000000000016 15.500000000000002 14.942500000000003 9.3750000000000018 -0.91702515554752051 4.0480622336869425 2.5000000000000004 8.8475000000000019 1.5000000000000002 37.750000000000007 6.972500000000001 1.1957877895003646 1.5000000000000002 4.2250000000000005 1.7453860489153203 4.5000000000000009 7.0675000000000017
decision_type=2 2 2 2 8 2 2 2 2 2 2 2 2 10 2 8 2 2 2 2 2 2 2 10 2 2 2 2 2 10
left_child=2 7 5 11 12 -1 -4 8 -2 16 -11 13 -5 14 19 17 -8 -6 21 -3 -10 -7 23 -23 -25 -12 -24 -28 29 -29
right_child=1 3 6 4 15 18 9 -9 20 10 25 -13 -14 -15 -16 -17 -18 -19 -20 -21 -22 22 26 24 -26 -27 27 28 -30 -31
leaf_value=-0.0043517348543226746 9.3999150193101451e-05 9.3998692592527346e-05 9.3282165383464782e-05 9.399891977461383e-05 9.3998919774060941e-05 -0.004139307252187985 9.2784998470752934e-05 4.5474149514909133e-05 9.45167862167028e-05 0.00010002566751177378 0.0001747916528670279 9.4009066910791809e-05 9.3998920402048593e-05 9.3998919782091179e-05 9.3998927421656822e-05 9.3998919774060941e-05 9.6144662508701456e-05 9.3998919774060941e-05 0.00092385711504065044 9.3998916896935727e-05 9.3980392232663183e-05 -0.0018655912349113768 -0.0017037674512351249 0.0011043903788420905 -4.9605445211260419e-05 9.533397269511856e-05 -0.00011257868541944954 0.00073398128126945074 0.00013173248940947623 0.0015414689142689141
leaf_weight=31187 314 215 6724 349 821 4629 1627 755 625 416 223 1036 242 345 369 876 206 697 1531 895 294 10673 7842 299 1002 453 11717 2319 9196 1364
leaf_count=31187 314 215 6724 349 821 4629 1627 755 625 416 223 1036 242 345 369 876 206 697 1531 895 294 10673 7842 299 1002 453 11717 2319 9196 1364
internal_value=0.000655915 0.0121588 -0.000330413 0.0143462 0.0181856 -0.000677279 0.00260752 0.00570798 0.00840145 0.0054215 0.00877302 0.0103141 0.0110688 0.0122952 0.0109387 0.0199158 0.00340642 0.018067 -0.000173914 0.00917489 0.00532792 -0.000254517 -0.000116983 -0.000912598 0.00155972 0.0122643 0.000176802 0.000449249 0.00103174 0.00278769
internal_weight=99241 7833 91408 5845 2985 81759 9649 1988 1233 2925 1092 2860 591 1824 1479 2394 1833 1518 50572 1110 919 49041 44412 11974 1301 676 32438 24596 12879 3683
internal_count=99241 7833 91408 5845 2985 81759 9649 1988 1233 2925 1092 2860 591 1824 1479 2394 1833 1518 50572 1110 919 49041 44412 11974 1301 676 32438 24596 12879 3683
is_linear=0
shrinkage=0.03


Tree=59
num_leaves=31
num_cat=0
split_feature=23 2 23 23 34 22 25 14 35 22 33 24 24 19 20 20 34 1 5 25 24 21 34 12 31 2 2 10 1 19
split_gain=1223.2 129.638 103.105 99.8695 35.2418 34.2224 28.0401 23.8142 18.1301 15.3487 14.9853 15.3071 13.7396 13.4819 12.3162 11.807 10.8708 10.766 10.2478 9.6812 9.51949 9.08501 8.99296 8.92637 12.3236 13.6582 11.7824 16.8012 8.92293 8.26658
threshold=0.92986604680737783 1.1474195251904404 0.85324022563438573 0.97102885636651037 959.02500000000009 3.7012916666666666 7.5625000000000009 0.63388353294065891 71.250000000000014 13.504000000000003 -0.017452406437283484 6.8750000000000009 4.8750000000000009 9.9025000000000016 13.866125 12.953375000000003 965.32500000000016 33.625000000000007 0.69944720480857459 6.1625000000000005 9.4750000000000014 4.0480622336869425 967.77500000000009 5.4875000000000016 1.7233553997606079 1.1524226626396639 1.2078265864532038 11.500000000000002 21.425000000000004 8.7225000000000019
decision_type=2 2 2 2 2 2 8 2 2 2 2 10 8 10 2 2 2 2 2 10 10 2 2 10 2 2 2 2 2 10
left_child=2 6 5 8 29 22 9 15 13 -2 -6 18 -7 16 -9 -5 -3 21 -12 -16 -10 23 -1 26 -25 -26 27 -14 -8 -4
right_child=1 3 4 7 10 12 28 14 20 -11 11 -13 17 -15 19 -17 -18 -19 -20 -21 -22 -23 -24 24 25 -27 -28 -29 -30 -31
leaf_value=-0.0047941848076494282 9.1152369040581322e-05 9.1178937004428746e-05 7.7661730055763036e-05 9.1178952181370616e-05 9.2473953514264908e-05 -0.0019745789349466247 9.1178870853875218e-05 9.1178952180840373e-05 9.1333793888276341e-05 9.1178825699232647e-05 9.0876649006878189e-05 9.2882747484043232e-05 -0.00054900486719900918 9.1178957847809098e-05 9.1178952180840373e-05 9.1178952180840373e-05 9.1178953701021029e-05 -0.0043013638336395583 9.5419666545893948e-05 9.1178952180840373e-05 9.1178647375916153e-05 0.0010794104932621042 0.010478816583339629 -5.3302778442352312e-05 -4.9008896341471426e-05 0.00058179622412994788 -0.006107938733150485 0.00371340580318816 9.4098738579442281e-05 9.8237873126535416e-05
leaf_weight=23384 1152 1175 5454 533 736 20829 354 542 774 281 1169 760 10844 344 217 1334 325 1783 306 329 224 1147 504 10768 3425 5069 3359 409 205 1371
leaf_count=23384 1152 1175 5454 533 736 20829 354 542 774 281 1169 760 10844 344 217 1334 325 1783 306 329 224 1147 504 10768 3425 5069 3359 409 205 1371
internal_value=0.000663316 0.0120712 -0.000310342 0.0143397 0.00259688 -0.000659827 0.00545017 0.0182078 0.0102929 0.00320654 0.00532157 0.00654241 -0.000264045 0.0120649 0.0145252 0.0203093 0.0107641 8.44352e-05 0.00473311 0.0177713 0.00697507 0.000200336 -0.00161445 0.000111219 0.000535319 0.00138934 -0.000447835 1.78533e-05 0.0111223 0.00140776
internal_weight=99106 7789 91317 5797 9796 81521 1992 2955 2842 1433 2971 2235 57633 1844 1088 1867 1500 36804 1475 546 998 35021 23888 33874 19262 8494 14612 11253 559 6825
internal_count=99106 7789 91317 5797 9796 81521 1992 2955 2842 1433 2971 2235 57633 1844 1088 1867 1500 36804 1475 546 998 35021 23888 33874 19262 8494 14612 11253 559 6825
is_linear=0
shrinkage=0.03


Tree=60
num_leaves=31
num_cat=0
split_feature=22 22 2 16 22 34 32 32 1 8 0 34 27 22 8 21 18 24 24 10 27 2 1 28 11 16 15 32 21 1
split_gain=1183.88 155.54 146.87 55.39 48.6719 35.5695 32.6103 28.2574 27.5357 25.4876 20.8923 19.4459 19.132 16.4308 15.7567 14.5122 14.3173 14.2498 13.6946 12.4237 12.3316 18.0199 11.3222 11.8287 10.1698 10.1442 9.89404 9.24871 9.06233 8.75338
threshold=11.625333333333336 10.176875000000003 1.1474195251904404 13.997500000000002 6.5192500000000013 958.02500000000009 -0.94260559819261247 -0.96359376111369355 21.875000000000004 14.500000000000002 10.622500000000002 959.62500000000011 7.156458333333334 3.4168333333333338 10.500000000000002 1.9485699884681715 8.4775000000000027 7.0250000000000012 8.0750000000000028 4.5000000000000009 6.2279166666666681 1.1984066999790763 -1.1749999999999996 2.5733115403642555 2.9125000000000005 12.892500000000002 0.10749999999999994 0.9935340235047978 3.650592325346993 23.075000000000006
decision_type=2 2 2 8 2 2 2 2 2 2 2 2 2 2 2 2 10 10 8 2 2 2 2 2 10 10 10 2 2 2
left_child=1 4 8 7 13 29 -7 15 12 16 14 24 -2 -1 -9 25 -8 27 -18 -14 21 -5 -15 28 -6 -4 -19 -13 -24 -3
right_child=2 5 3 20 11 6 9 10 -10 -11 -12 17 19 22 -16 -17 18 26 -20 -21 -22 -23 23 -25 -26 -27 -28 -29 -30 -31
leaf_value=-0.0050503593289850553 8.9043102560727443e-05 8.8628553396108417e-05 8.8443583615952501e-05 8.8443583615416268e-05 0.0018197507302273796 8.1967958079114385e-05 8.7961335767038353e-05 8.8443583615416268e-05 4.1374560258484734e-05 9.2546989500981821e-05 8.8443583615416268e-05 0.00011359684804445157 8.8446708304158652e-05 -0.0066035473101993909 8.8443583615416268e-05 8.8443583600627873e-05 8.8448648062703142e-05 9.5612327645078202e-05 8.9894183440328849e-05 8.8387501549477628e-05 8.8443583615416268e-05 8.8443583615416268e-05 -0.0017320132655453445 0.0042451821839897992 -1.1208830652839062e-05 8.8443583615416268e-05 0.00022057887044425127 0.00045620754483713611 0.0028533534817712326 -2.8136384754433584e-05
leaf_weight=20220 538 3331 433 221 216 552 354 387 646 490 975 4901 229 5278 312 316 361 590 414 260 1252 333 28485 678 23095 245 364 1466 1292 769
leaf_count=20220 538 3331 433 221 216 552 354 387 646 490 975 4901 229 5278 312 316 361 590 414 260 1252 333 28485 678 23095 245 364 1466 1292 769
internal_value=0.000666824 -0.000177556 0.0134117 0.0162465 -0.000508085 0.00438289 0.00748483 0.0134478 0.00580512 0.00962623 0.0158416 0.000453177 0.00884593 -0.00103433 0.011723 0.00935736 0.00709259 0.00180139 0.00936538 0.0131235 0.0203324 0.0162397 -0.000647463 -0.000424984 2.9464e-05 0.0118243 0.00521168 0.00128672 -0.000514439 0.00273325
internal_weight=99003 92856 6147 4474 86585 6271 2171 2668 1673 1619 1674 30632 1027 55953 699 994 1129 7321 775 489 1806 554 35733 30455 23311 678 954 6367 29777 4100
internal_count=99003 92856 6147 4474 86585 6271 2171 2668 1673 1619 1674 30632 1027 55953 699 994 1129 7321 775 489 1806 554 35733 30455 23311 678 954 6367 29777 4100
is_linear=0
shrinkage=0.03


Tree=61
num_leaves=31
num_cat=0
split_feature=23 23 23 16 34 22 34 25 14 8 33 25 24 18 24 17 16 33 24 35 24 31 34 24 14 25 21 30 34 8
split_gain=1212.92 129.57 93.052 56.3301 38.0149 34.1201 31.8344 28.6472 25.9963 22.1274 17.7912 13.6801 13.6338 13.7181 12.8651 10.9796 9.86823 9.60908 9.08867 9.00865 9.60516 8.96201 8.4601 8.21799 7.97462 7.8548 7.57923 7.44183 7.43864 10.9151
threshold=0.92986604680737783 0.97102885636651037 0.85324022563438573 13.102500000000003 951.82500000000016 3.7327222222222223 959.02500000000009 5.182500000000001 0.63965485485012463 13.500000000000002 0.026175951569892341 5.8225000000000007 8.1750000000000025 10.792500000000002 4.0250000000000012 15.272500000000003 14.652500000000002 0.04361772647272262 6.825000000000002 43.750000000000007 7.8750000000000009 1.5578837604961311 966.57500000000016 8.3250000000000028 2.7191037126229696 7.0725000000000007 1.6769986210219978 8.5250000000000021 967.77500000000009 13.500000000000002
decision_type=2 2 2 8 2 2 2 8 2 2 2 10 10 10 8 2 8 2 10 2 10 2 2 10 2 8 2 2 2 2
left_child=2 7 5 8 17 28 -4 -2 25 23 -11 -6 15 -14 22 -9 -13 26 -12 24 -21 -15 -7 -8 -16 -3 -5 -22 -1 -30
right_child=1 3 6 4 11 14 9 12 -10 10 18 16 13 21 19 -17 -18 -19 -20 20 27 -23 -24 -25 -26 -27 -28 -29 29 -31
leaf_value=-0.0045988483881829623 8.5777380310113278e-05 8.64551452140716e-05 8.5494991918404475e-05 8.5790276106955106e-05 8.5790276106955106e-05 -0.0028098457280908893 8.2420468763792892e-05 8.5790274891813119e-05 8.5790276106955106e-05 8.7318395393910504e-05 0.0001419208547478723 8.5790276106955106e-05 8.579026347162168e-05 8.5790274458943382e-05 -0.00064581580566507415 8.5790312296508563e-05 8.5790276106955106e-05 8.5790276106955106e-05 8.5329814436876117e-05 0.00011543990782599261 0.00252918498749215 8.6317941897107842e-05 0.0042024175474967389 8.7605470379563668e-05 0.0039523632389037765 8.5790276107807764e-05 8.5790276106955106e-05 0.00012551496580730684 -0.0080456481369991333 0.016910258181384783
leaf_weight=23853 1086 298 6830 210 393 15139 1554 1590 530 419 395 907 308 476 14615 214 842 207 277 26209 306 204 354 231 251 292 259 392 288 204
leaf_count=23853 1086 298 6830 210 393 15139 1554 1590 530 419 395 907 308 476 14615 214 842 207 277 26209 306 204 354 231 251 292 259 392 288 204
internal_value=0.000645978 0.0119847 -0.000325125 0.0158194 0.0180893 -0.000655424 0.00245103 0.0080752 0.0100533 0.00509615 0.00845529 0.0200624 0.00968323 0.0125438 -0.000255418 0.00808623 0.0212446 0.0117357 0.0114682 1.8454e-05 0.000345904 0.0100292 -0.000993613 0.00302514 -0.000574138 0.0143697 0.00918354 0.00380654 -0.0015961 0.00204024
internal_weight=99133 7816 91317 3938 2818 81611 9706 3878 1120 2876 1091 2142 2792 988 57266 1804 1749 676 672 41773 26907 680 15493 1785 14866 590 469 698 24345 492
internal_count=99133 7816 91317 3938 2818 81611 9706 3878 1120 2876 1091 2142 2792 988 57266 1804 1749 676 672 41773 26907 680 15493 1785 14866 590 469 698 24345 492
is_linear=0
shrinkage=0.03


Tree=62
num_leaves=31
num_cat=0
split_feature=23 23 2 16 34 8 22 2 29 32 23 16 27 10 22 4 28 21 16 26 21 10 2 26 24 22 24 32 30 10
split_gain=1186.87 137.095 134.228 70.3466 31.612 32.1613 31.4478 24.6819 27.2192 23.5131 28.1144 21.2783 20.7952 18.2173 13.2738 12.5361 11.3737 11.0168 12.6836 10.4879 10.4638 9.72111 9.1669 9.37743 8.4587 8.44083 8.0878 10.9479 9.31772 7.62819
threshold=0.94471827380329176 0.85640067711512236 1.1474195251904404 13.997500000000002 960.62500000000011 10.500000000000002 4.9629583333333338 1.1198060051589478 8.0275000000000016 -0.96359376111369355 0.97102885636651037 10.442500000000003 5.6585416666666681 4.5000000000000009 10.389791666666669 0.88521947009513624 2.2606009523569099 1.9887576209377562 12.892500000000002 2.6775000000000007 4.0480622336869425 2.5000000000000004 1.1089058206799027 2.5125000000000006 7.3750000000000009 2.7275833333333339 4.1250000000000009 -0.91702515554752051 5.8250000000000011 2.5000000000000004
decision_type=2 2 2 8 2 2 2 2 2 2 2 8 2 2 2 2 2 2 10 2 2 2 2 2 10 2 8 2 2 2
left_child=1 6 7 9 14 -6 16 -2 -9 17 15 -7 -5 -10 -3 -11 21 18 -4 -13 26 -1 -16 -24 -17 -23 -8 -28 29 -29
right_child=2 4 3 12 5 11 20 8 13 10 -12 19 -14 -15 22 24 -18 -19 -20 -21 -22 25 23 -25 -26 -27 27 28 -30 -31
leaf_value=-0.0071108830915095492 3.756036779677934e-05 9.0892094061159059e-05 8.3216567824224703e-05 8.3216569396027396e-05 8.1225147721923909e-05 8.8307459075742312e-05 -0.0022585930411035383 8.3199248913718983e-05 8.3220496284248648e-05 8.3215042600687337e-05 8.3216567823745093e-05 8.5833703190003706e-05 8.3216567823745093e-05 8.3182806928349109e-05 -3.1012728264325771e-05 8.3216711329913928e-05 0.0042644418235706109 8.3216567824188071e-05 8.3216567823745093e-05 8.358004598532374e-05 0.00089916551333726999 -0.0057608830378653693 -9.1645318882099594e-05 8.4941651894343152e-05 8.3216566489444069e-05 -0.0022608827994467901 -0.0012679409761235686 -0.0057872407569814436 0.00025393365598347481 0.00013205140630997845
leaf_weight=5449 656 4125 478 266 1047 288 9463 409 218 578 811 201 1580 430 498 326 969 314 291 738 1405 9709 416 2846 317 22677 11076 2437 12484 6759
leaf_count=5449 656 4125 478 266 1047 288 9463 409 218 578 811 201 1580 430 498 326 969 314 291 738 1405 9709 416 2846 317 22677 11076 2437 12484 6759
internal_value=0.000648832 -0.000232213 0.0128624 0.0153619 0.00305519 0.00616849 -0.000637537 0.00560012 0.00842655 0.0125721 0.014489 0.00945536 0.0200227 0.0122297 0.00215399 0.0115228 -0.00125878 0.00892555 0.0108566 0.0116345 -8.48525e-05 -0.00134104 0.00344223 0.0040202 0.0144306 -0.00114347 -0.000169738 5.34775e-05 0.000445469 -0.000279101
internal_weight=99261 92587 6674 4961 10159 2274 82428 1713 1057 3115 2032 1227 1846 648 7885 1221 38804 1083 769 939 43624 37835 3760 3262 643 32386 42219 32756 21680 9196
internal_count=99261 92587 6674 4961 10159 2274 82428 1713 1057 3115 2032 1227 1846 648 7885 1221 38804 1083 769 939 43624 37835 3760 3262 643 32386 42219 32756 21680 9196
is_linear=0
shrinkage=0.03


Tree=63
num_leaves=31
num_cat=0
split_feature=23 23 1 16 22 32 3 1 31 27 1 8 32 26 20 1 24 32 27 8 29 24 24 21 16 25 16 21 8 1
split_gain=1211.89 133.459 124.357 67.1444 31.7772 26.981 26.425 25.8946 40.8638 21.9401 21.3822 19.9177 32.5755 31.0096 16.6434 14.1271 13.1619 14.9263 13.0731 11.4968 11.2503 10.9269 10.3375 10.1835 10.4597 10.136 9.35781 8.23571 8.14335 8.12481
threshold=0.94471827380329176 0.85640067711512236 14.825000000000003 13.997500000000002 3.6090833333333339 -0.96359376111369355 10.321794376825713 21.875000000000004 1.3579734507829022 5.6585416666666681 21.725000000000005 10.500000000000002 -0.90992662233962551 2.4225000000000003 10.705500000000002 4.2750000000000012 4.7250000000000005 -0.91702515554752051 6.0293750000000008 10.500000000000002 8.0275000000000016 6.7750000000000012 8.0250000000000021 1.9887576209377562 12.892500000000002 5.4225000000000012 12.082500000000001 2.5048899243305605 13.500000000000002 -2.1749999999999994
decision_type=2 2 2 8 2 2 2 2 2 2 2 2 2 2 2 2 8 2 2 2 2 8 10 2 10 8 10 2 2 2
left_child=1 4 3 5 -1 23 19 8 -4 -5 11 18 26 -14 15 21 -6 27 -3 -7 -10 -15 29 24 -2 -8 -13 -18 -17 -19
right_child=2 10 7 9 16 6 25 -9 20 -11 -12 12 13 14 -16 28 17 22 -20 -21 -22 -23 -24 -25 -26 -27 -28 -29 -30 -31
leaf_value=-0.0043975567477758755 8.0720070789509481e-05 8.0150268480196906e-05 8.0722759512810152e-05 8.0720070741751026e-05 -0.0020652797361103681 8.0720084713607344e-05 8.0720071158437459e-05 3.6434309439148381e-05 8.0648336136328601e-05 8.0720070789033204e-05 -3.2583905791191411e-05 7.3671372982087036e-05 0.00010259607541425631 0.00015214757442235348 8.0637621176054002e-05 0.00016064530150044514 -0.0019475825135183732 -0.00060774328749063633 8.757164222476632e-05 8.0720070789033204e-05 8.1309427717866527e-05 0.00010374382365446297 0.0010558385554883408 8.0720070789455528e-05 8.0720070789033204e-05 8.0720070789033204e-05 0.00013783281823163905 0.00062398135276639326 -1.5811131081223632e-05 0.00027313005775146963
leaf_weight=22704 488 3746 244 275 20668 456 205 635 380 1597 1464 1529 529 299 770 239 11158 3971 407 406 422 579 618 313 290 939 204 2316 343 21002
leaf_count=22704 488 3746 244 275 20668 456 205 635 380 1597 1464 1529 529 299 770 239 11158 3971 407 406 422 579 618 313 290 939 204 2316 343 21002
internal_value=0.000653642 -0.000235525 0.0130188 0.0154047 -0.00063452 0.0126528 0.01473 0.00594128 0.00883159 0.0199116 0.00301691 0.00358439 0.00496865 0.00699095 0.00853691 0.00661433 -0.000271336 5.25972e-05 0.00208297 0.0106505 0.00549442 0.00901019 0.000478082 0.00878376 0.0106207 0.0177441 0.0017382 -0.000755398 0.002954 0.000382776
internal_weight=99196 92546 6650 4969 82437 3097 2006 1681 1046 1872 10109 8645 4492 2759 2230 1460 59733 39065 4153 862 802 878 25591 1091 778 1144 1733 13474 582 24973
internal_count=99196 92546 6650 4969 82437 3097 2006 1681 1046 1872 10109 8645 4492 2759 2230 1460 59733 39065 4153 862 802 878 25591 1091 778 1144 1733 13474 582 24973
is_linear=0
shrinkage=0.03


Tree=64
num_leaves=31
num_cat=0
split_feature=23 23 16 34 23 32 33 22 34 34 8 32 26 24 16 22 23 25 32 14 19 9 35 8 17 32 24 32 34 19
split_gain=1208.5 119.05 88.4813 46.298 50.2764 34.3565 30.8229 29.8736 28.4742 25.3566 19.7743 22.1868 19.3225 15.8592 12.1115 11.6914 10.9309 10.7088 10.1858 10.1554 9.46466 12.7678 9.62933 9.42582 8.97378 8.5122 8.47774 8.00173 7.71361 7.68055
threshold=0.94471827380329176 0.85640067711512236 12.892500000000002 951.92500000000018 0.97102885636651037 -0.96359376111369355 0.19936034309715231 4.1822083333333344 949.62500000000011 959.02500000000009 10.500000000000002 -0.90255091666790832 2.5125000000000006 8.1750000000000025 14.942500000000003 10.880833333333333 0.97930537588274169 5.2075000000000014 -0.93038214053199442 0.34932076949416163 5.892500000000001 3.5000000000000004 37.750000000000007 9.5000000000000018 14.467500000000003 0.99535829673000953 4.0750000000000011 -0.79332313182700742 966.57500000000016 8.7225000000000019
decision_type=2 2 8 2 2 2 2 2 2 2 2 2 2 10 8 2 2 8 2 2 10 2 2 2 2 2 8 2 2 10
left_child=1 7 5 6 13 -2 16 -1 -7 15 25 -12 -13 24 19 29 -4 -10 -17 -6 22 -22 27 -21 -5 -11 28 -9 -24 -3
right_child=2 9 3 4 14 8 -8 20 17 10 11 12 -14 -15 -16 18 -18 -19 -20 23 21 -23 26 -25 -26 -27 -28 -29 -30 -31
leaf_value=-0.0038700555170755133 7.8298468665813909e-05 5.510999268791172e-05 7.8298468665344287e-05 7.8297416032240273e-05 7.8298468665360943e-05 8.1911804558514316e-05 7.8298468665360943e-05 -0.0045806374669908828 7.8294328290297161e-05 7.7730573078196256e-05 7.3428901248731259e-05 7.930963363100618e-05 7.8190603036850959e-05 7.8298454034164691e-05 7.8298468665360943e-05 7.8417275248027216e-05 7.8298468665360943e-05 7.8298468577584491e-05 7.814666329870335e-05 7.8298468665360943e-05 0.00040829083333047354 -0.00026885058343574904 -0.0026577819738839666 7.8298468665360943e-05 7.8298514419020837e-05 7.8168930398527794e-05 7.2841315508478382e-05 -0.00035689608817739414 0.0058067497594163553 9.8654306699375323e-05
leaf_weight=29649 1205 4360 278 356 598 212 239 5408 200 1056 478 232 877 296 849 864 457 866 858 286 5172 4574 9429 500 344 364 23004 4801 281 1007
leaf_count=29649 1205 4360 278 356 598 212 239 5408 200 1056 478 232 877 296 849 864 457 866 858 286 5172 4574 9429 500 344 364 23004 4801 281 1007
internal_value=0.000643256 -0.000248132 0.012955 0.015611 0.0173479 0.0084369 0.00979367 -0.000625269 0.0118597 0.00282566 0.00513247 0.00743028 0.00975135 0.0116404 0.0198619 0.00184423 0.00666892 0.0138487 0.00399189 0.0179395 -0.000196435 0.000647318 -0.000388069 0.0154513 0.00906383 0.00254737 -0.000136985 -0.00119219 -0.000880083 0.00115208
internal_weight=99100 92414 6686 4203 3229 2483 974 82318 1278 10096 3007 1587 1109 996 2233 7089 735 1066 1722 1384 52669 9746 42923 786 700 1420 32714 10209 9710 5367
internal_count=99100 92414 6686 4203 3229 2483 974 82318 1278 10096 3007 1587 1109 996 2233 7089 735 1066 1722 1384 52669 9746 42923 786 700 1420 32714 10209 9710 5367
is_linear=0
shrinkage=0.03


Tree=65
num_leaves=31
num_cat=0
split_feature=23 2 23 16 1 31 23 32 0 1 8 32 23 8 35 23 29 16 19 29 17 17 1 35 31 16 32 24 1 15
split_gain=1208.66 129.455 121.127 60.5326 28.6166 35.6229 28.5018 22.9173 27.614 19.9757 20.1402 30.5573 18.7707 16.2158 15.6289 12.2188 12.1214 11.6235 10.7592 12.5563 10.4888 10.0412 9.53325 12.4822 9.40492 9.01065 8.84571 8.29894 11.5678 8.47114
threshold=0.94471827380329176 1.1474195251904404 0.85640067711512236 14.187500000000002 21.875000000000004 1.3812249728329637 0.11584241152888523 -0.95878322595067689 10.622500000000002 21.725000000000005 10.500000000000002 -0.90992662233962551 0.92135163589546987 9.5000000000000018 76.750000000000014 0.9808168523507349 8.0275000000000016 12.892500000000002 8.7225000000000019 4.4125000000000005 13.477500000000003 10.962500000000002 -1.7249999999999999 38.250000000000007 1.5368841264838746 12.082500000000001 -0.82903757255504162 6.9250000000000016 2.3750000000000004 0.05250000000000022
decision_type=2 2 2 8 2 2 2 2 2 2 2 2 2 2 2 2 2 10 10 2 2 2 2 2 2 10 2 8 2 10
left_child=2 4 6 7 5 -2 -1 17 13 10 18 25 14 -9 27 -5 -7 24 -4 -20 -10 22 -8 26 -3 -12 -24 -13 -29 -30
right_child=1 3 9 15 -6 16 21 8 20 -11 11 12 -14 -15 -16 -17 -18 -19 19 -21 -22 -23 23 -25 -26 -27 -28 28 29 -31
leaf_value=-0.0035400281072582923 7.5949449210809027e-05 7.5949514576233445e-05 7.5540566058990749e-05 7.5949514605401437e-05 3.2990820790483873e-05 7.5641202354725034e-05 -0.0032899330167523357 7.5949514187664263e-05 7.5949514605376799e-05 -4.3502112013898975e-05 7.0115895667341999e-05 6.3308140123934467e-05 7.5841947960928472e-05 7.5949516456990049e-05 0.00014322298021525958 7.5949514605400109e-05 7.7260040257558506e-05 7.5949514605400109e-05 7.1111588899815947e-05 7.8584444753487801e-05 7.5949514605400109e-05 0.00010637338453787781 -0.0032624854670000071 0.00016305966595193123 7.5931439505450956e-05 0.00013204453390405324 -5.4874062481553063e-05 0.00010863984700581697 6.8832682153201487e-05 8.6660834420672478e-05
leaf_weight=31327 289 522 3316 580 645 368 6134 514 284 1422 1530 516 542 544 258 1072 363 478 411 424 735 6508 5952 27118 216 207 5384 487 516 389
leaf_count=31327 289 522 3316 580 645 368 6134 514 284 1422 1530 516 542 544 258 1072 363 478 411 424 735 6508 5952 27118 216 207 5384 487 516 389
internal_value=0.00068231 0.0130703 -0.000204152 0.0155061 0.00581138 0.00892683 -0.0005828 0.0131143 0.0150475 0.00290991 0.00345448 0.0048573 0.00684703 0.0115484 0.00557439 0.0202197 0.0053356 0.00976413 0.00194827 0.00498214 0.0186064 -0.000145947 -0.000306641 -0.000131361 0.00731628 0.00174455 -0.000967111 0.0046137 0.00581532 0.00377472
internal_weight=99051 6610 92441 4945 1665 1020 82423 3293 2077 10018 8596 4445 2708 1058 2166 1652 731 1216 4151 835 1019 51096 44588 38454 738 1737 11336 1908 1392 905
internal_count=99051 6610 92441 4945 1665 1020 82423 3293 2077 10018 8596 4445 2708 1058 2166 1652 731 1216 4151 835 1019 51096 44588 38454 738 1737 11336 1908 1392 905
is_linear=0
shrinkage=0.03


Tree=66
num_leaves=31
num_cat=0
split_feature=23 2 23 23 16 22 34 2 31 8 11 35 27 14 24 8 10 2 27 16 22 8 34 16 26 29 14 24 2 9
split_gain=1173.98 138.096 97.2997 88.2721 35.4535 28.977 28.1722 22.4944 28.0361 21.0068 17.5908 17.1782 16.8234 13.96 13.2396 13.238 12.1497 11.9796 11.1721 11.167 10.2285 9.7576 9.22293 14.6016 9.11334 8.84216 8.6144 8.41535 8.10987 8.06985
threshold=0.92986604680737783 1.1454304126959505 0.97102885636651037 0.85324022563438573 12.892500000000002 3.4168333333333338 959.02500000000009 1.1133904006905853 1.2685486154071994 13.500000000000002 9.0275000000000016 71.250000000000014 5.7093750000000005 0.72500000000000386 6.825000000000002 15.500000000000002 1.5000000000000002 1.0769155455750139 3.1406250000000009 14.652500000000002 13.504000000000003 7.5000000000000009 967.27500000000009 7.1925000000000017 3.3675000000000006 3.0725000000000007 0.21945007025133031 9.4250000000000025 1.1512179346876044 5.5000000000000009
decision_type=2 2 2 2 8 2 2 2 2 2 10 2 2 2 10 2 2 2 2 8 2 2 2 8 2 2 2 10 2 2
left_child=3 7 11 5 13 -1 -5 -2 -9 24 14 12 15 -4 -11 21 25 -18 22 26 -10 -3 -19 -24 -8 -7 -6 -13 -20 -30
right_child=1 2 4 6 19 16 9 8 20 10 -12 27 -14 -15 -16 -17 17 18 28 -21 -22 -23 23 -25 -26 -27 -28 -29 29 -31
leaf_value=-0.0042388274976907503 -1.5105897341257667e-05 7.3672361915472209e-05 7.3671029168949069e-05 7.4503441405839507e-05 7.3671029167237114e-05 -0.0078700985510704764 6.1225876505050707e-05 7.3673639191140783e-05 7.5385187067110728e-05 0.0001148561588245785 6.7956039866289277e-05 7.3676120095799154e-05 7.3671027836165196e-05 7.3671029138946403e-05 7.6428074729881782e-05 7.36724284608715e-05 -0.0036617666554194048 -0.0015497645335122608 -5.6361967509199748e-05 7.3671029167237114e-05 7.3633263152208525e-05 7.3639892535228143e-05 -0.0027064746839166086 0.0074884143389449143 7.5530780007181475e-05 2.898133939288394e-05 7.3671029167237114e-05 7.3670733890044416e-05 0.00022483634526546974 0.0013442683238796538
leaf_weight=20445 511 375 330 6822 361 3717 1057 222 834 384 468 792 955 290 247 231 2301 25246 15091 1056 350 288 318 207 771 1883 968 213 10599 1881
leaf_count=20445 511 375 330 6822 361 3717 1057 222 834 384 468 792 955 290 247 231 2301 25246 15091 1056 350 288 318 207 771 1883 968 213 10599 1881
internal_value=0.000678414 0.0118651 0.0141513 -0.000273518 0.0179252 -0.000595572 0.00242393 0.004859 0.00681219 0.0048837 0.00815489 0.0101532 0.0118786 0.011376 0.0114104 0.00882981 -0.000269054 -0.000134938 -4.34146e-05 0.0196004 0.00493524 0.00658832 -0.000492436 0.00342453 0.00290016 -0.00160036 0.017566 0.00693564 0.000376305 0.00094193
internal_weight=99213 7776 5859 91437 3005 81688 9749 1917 1406 2927 1099 2854 1849 620 631 894 61243 55643 53342 2385 1184 663 25771 525 1828 5600 1329 1005 27571 12480
internal_count=99213 7776 5859 91437 3005 81688 9749 1917 1406 2927 1099 2854 1849 620 631 894 61243 55643 53342 2385 1184 663 25771 525 1828 5600 1329 1005 27571 12480
is_linear=0
shrinkage=0.03


Tree=67
num_leaves=31
num_cat=0
split_feature=23 2 23 23 16 22 2 34 31 35 8 33 27 19 9 31 22 8 8 24 16 33 35 2 12 27 31 35 34 10
split_gain=1178.27 139.949 100.633 79.3354 34.8918 27.5476 26.1141 25.2257 24.5166 19.8155 19.7179 18.6184 17.8074 14.8182 18.4178 14.1812 13.7013 12.8773 11.8165 10.8836 10.5175 8.97042 8.88531 13.1377 14.2456 11.3468 10.4875 8.77443 8.42219 8.29179
threshold=0.92986604680737783 1.146623051755318 0.97102885636651037 0.85640067711512236 12.892500000000002 3.2609166666666671 1.1133904006905853 959.02500000000009 1.2566540351508475 71.250000000000014 13.500000000000002 0.026175951569892341 5.7093750000000005 5.182500000000001 3.5000000000000004 1.5368841264838746 13.504000000000003 15.500000000000002 7.5000000000000009 6.825000000000002 14.942500000000003 0.04361772647272262 60.250000000000007 1.2167232008117836 5.4875000000000016 2.6314583333333341 1.8073767772118723 69.750000000000014 954.32500000000016 6.5000000000000009
decision_type=2 2 2 2 8 2 2 2 2 2 2 2 2 10 2 2 2 2 2 10 8 2 2 2 10 2 2 2 2 2
left_child=3 6 9 5 15 -1 -2 -5 -8 12 -9 -12 17 22 -15 -4 -10 18 -3 -13 -6 -14 29 25 -25 -24 -26 -28 -22 -7
right_child=1 2 4 7 20 13 8 10 16 -11 11 19 21 14 -16 -17 -18 -19 -20 -21 28 -23 23 24 26 -27 27 -29 -30 -31
leaf_value=-0.0043317507606394643 -1.465272042102117e-05 7.1461878472006834e-05 7.1460898293832504e-05 7.1395756450089989e-05 7.1460898292220458e-05 -0.00021062298671883467 7.1460756461416697e-05 6.8892056339009403e-05 7.3418217797485959e-05 7.146497679241882e-05 7.0540889802992449e-05 0.00012958875364325328 7.146089702229963e-05 0.00064269477891205516 -0.0003283727391182879 7.1460898207001964e-05 7.1460485429836177e-05 7.2008612588122026e-05 7.1448530673061671e-05 7.4135232487986254e-05 7.1460898292220458e-05 7.1460897021107089e-05 -0.0010279115241331124 -0.0064995596421321862 -0.0018573075659940002 0.0008485958414891215 0.0014407094290909131 0.00072228806500684048 7.1460898292220458e-05 -0.0021001303423256708
leaf_weight=18417 539 375 397 6293 1505 10542 221 1666 833 986 400 349 446 7255 6476 204 380 217 298 251 301 518 7035 4695 1193 8286 360 1067 563 16914
leaf_count=18417 539 375 397 6293 1505 10542 221 1666 833 986 400 349 446 7255 6476 204 380 217 298 251 301 518 7035 4695 1193 8286 360 1067 563 16914
internal_value=0.000689726 0.0118902 0.0142339 -0.000266732 0.0181008 -0.000558819 0.00497017 0.00241332 0.00707992 0.0101652 0.00485661 0.0081791 0.012 -0.000263819 0.000609129 0.0114802 0.00536207 0.00884916 0.00671239 0.0115041 0.0197527 0.0148483 -0.000503145 -6.30721e-05 -0.00110861 0.000436317 0.000662856 0.00239455 0.0225984 -0.000865883
internal_weight=98982 7783 5810 91199 2970 82240 1973 8959 1434 2840 2666 1000 1854 63823 13731 601 1213 890 673 600 2369 964 50092 22636 7315 15321 2620 1427 864 27456
internal_count=98982 7783 5810 91199 2970 82240 1973 8959 1434 2840 2666 1000 1854 63823 13731 601 1213 890 673 600 2369 964 50092 22636 7315 15321 2620 1427 864 27456
is_linear=0
shrinkage=0.03


Tree=68
num_leaves=31
num_cat=0
split_feature=23 2 23 23 16 22 1 31 1 35 24 14 19 8 16 24 35 19 10 29 9 35 30 2 0 28 14 8 10 29
split_gain=1167.18 146.111 108.333 74.7529 35.8641 30.9768 23.9043 39.3175 19.3851 17.3523 14.6133 12.8307 12.5106 11.5912 11.4709 11.1728 10.8905 11.58 11.4879 10.6362 10.3921 12.2591 10.2183 9.54653 8.68925 8.31862 7.58218 9.30389 7.4164 7.28638
threshold=0.93853258385816518 1.1474195251904404 0.8654417546310893 0.97102885636651037 12.892500000000002 4.1822083333333344 21.875000000000004 1.3640388349514565 21.725000000000005 71.250000000000014 7.0250000000000012 0.63965485485012463 9.9025000000000016 15.500000000000002 14.942500000000003 8.1250000000000018 37.750000000000007 9.1375000000000028 1.5000000000000002 8.0275000000000016 4.5000000000000009 86.250000000000014 8.5750000000000028 1.1652262300268534 2.9475000000000007 1.0768583742910209 0.34932076949416163 13.500000000000002 2.5000000000000004 3.0725000000000007
decision_type=2 2 2 2 8 2 2 2 2 2 10 2 10 2 8 10 2 10 2 2 2 2 2 2 2 2 2 2 2 2
left_child=2 6 5 9 11 28 7 -2 10 12 25 -5 13 -3 26 16 24 18 29 -9 21 -12 -17 -22 -7 -4 -6 -28 -1 -18
right_child=1 3 8 4 14 15 -8 19 -10 -11 20 -13 -14 -15 -16 22 17 -19 -20 -21 23 -23 -24 -25 -26 -27 27 -29 -30 -31
leaf_value=-0.0063287684322823699 6.9319607310658636e-05 6.9317067170290394e-05 7.5707628572748402e-05 6.9317071345018625e-05 6.9317071343453213e-05 0.0036909858293319659 2.753871101762754e-05 6.9239978598861768e-05 -4.1706189730451588e-05 6.9316661821090347e-05 7.1208290362709815e-05 6.9317071344678904e-05 6.9317070179157882e-05 6.9317072975177971e-05 6.9317071343453213e-05 0.0022362382091841394 -0.0074682216414529061 0.00077517398424529203 9.112588618605926e-05 6.9912297730796957e-05 7.7124685696359219e-05 1.4417145012650679e-05 6.6552827869401635e-05 -3.3030689323065852e-05 -0.0011176079115847715 6.9396266864630936e-05 6.9317071343453213e-05 6.9317071343453213e-05 -0.0028284757753657178 1.9948132000829466e-05
leaf_weight=4349 261 863 1008 305 669 524 682 412 1165 818 1373 279 316 281 880 306 2991 337 35158 400 270 213 1214 394 12137 3327 490 308 25466 1933
leaf_count=4349 261 863 1008 305 669 524 682 412 1165 818 1373 279 316 281 880 306 2991 337 35158 400 270 213 1214 394 12137 3327 490 308 25466 1933
internal_value=0.000670032 0.012508 -0.000225074 0.0150293 0.0182074 -0.000536781 0.00500284 0.00778386 0.00316828 0.0109093 0.00379894 0.0113888 0.0128805 0.0113211 0.0198763 -0.000112078 -0.000184799 5.57335e-05 8.83008e-06 0.00447246 0.00576053 0.00707857 0.00241967 0.00258296 -0.000952393 0.00277534 0.0180632 0.0158107 -0.00131439 -0.00134754
internal_weight=99129 6964 92165 5209 2931 84415 1755 1073 7750 2278 6585 584 1460 1144 2347 54600 53080 40419 40082 812 2250 1586 1520 664 12661 4335 1467 798 29815 4924
internal_count=99129 6964 92165 5209 2931 84415 1755 1073 7750 2278 6585 584 1460 1144 2347 54600 53080 40419 40082 812 2250 1586 1520 664 12661 4335 1467 798 29815 4924
is_linear=0
shrinkage=0.03


Tree=69
num_leaves=31
num_cat=0
split_feature=20 1 20 20 34 20 32 1 31 16 32 24 27 19 14 32 31 19 9 24 32 32 30 12 1 10 10 34 35 33
split_gain=1154.07 163.753 114.303 60.6988 34.6063 26.2121 25.2894 25.0801 37.0472 21.3175 19.2375 18.989 18.0877 14.4566 13.4295 12.7159 11.6313 11.133 16.6258 10.9516 10.5303 9.84844 10.7594 9.53473 11.2792 9.41615 9.31381 15.5288 8.64649 8.49504
threshold=11.466000000000003 14.975000000000003 9.4811250000000022 12.953375000000003 959.12500000000011 3.2433750000000008 -0.91702515554752051 21.875000000000004 1.3812249728329637 13.997500000000002 -0.94828754594723508 7.0250000000000012 5.7093750000000005 8.7225000000000019 0.9948534230394489 0.87032255546191739 1.8701187327197217 5.182500000000001 3.5000000000000004 6.3750000000000009 -0.90255091666790832 -0.91702515554752051 4.5250000000000012 9.3825000000000021 22.925000000000004 10.500000000000002 2.5000000000000004 966.57500000000016 76.750000000000014 -0.46173103126271881
decision_type=2 2 2 2 2 2 2 2 2 8 2 10 2 10 2 2 2 10 2 10 2 2 2 10 2 2 2 2 2 2
left_child=2 3 5 10 13 -1 9 8 -3 14 25 20 16 -4 -5 -13 -12 19 29 21 -6 -7 26 -15 -25 -2 -23 -28 -22 -19
right_child=1 7 4 6 11 17 -8 -9 -10 -11 12 15 -14 23 -16 -17 -18 18 -20 -21 28 22 -24 24 -26 -27 27 -29 -30 -31
leaf_value=-0.0039468558289961582 6.7237559203054962e-05 6.7237345791586601e-05 6.6648029679180489e-05 6.7237559203148217e-05 -8.0145157144385638e-05 -0.0029454438088900503 6.7237559203148217e-05 2.6946407034350929e-05 6.7551127154592551e-05 6.7237559203148217e-05 6.7237474750948725e-05 6.7971908784308918e-05 6.7237559203131561e-05 6.654179023077189e-05 6.7237559203148217e-05 6.6813009816312218e-05 6.7238822598473247e-05 0.0028246551812609378 -0.00036630768773096513 0.0005447872352780925 6.6868968193087847e-05 -0.0074883941517696808 0.00014310728705594849 8.7007925154366502e-05 6.2410916541313365e-05 6.7237559203483954e-05 -0.0015468554356055024 0.0088133545844277586 8.4744411543541393e-05 0.00039712215019065003
leaf_weight=18947 561 276 5642 427 397 14373 785 779 806 768 369 494 1069 781 237 590 442 704 6445 2790 1065 3199 17949 556 200 323 11200 234 319 6492
leaf_count=18947 561 276 5642 427 397 14373 785 779 806 768 369 494 1069 781 237 590 442 704 6445 2790 1065 3199 17949 556 200 323 11200 234 319 6492
internal_value=0.000725056 0.012609 -0.000155778 0.0154446 0.00286476 -0.000524412 0.0191625 0.00499839 0.00794296 0.0166555 0.0124334 0.00564983 0.0141645 0.00175014 0.0125381 0.00877686 0.0106581 -0.000231706 0.000527407 -0.0004399 0.00372732 -0.000548446 -0.000259798 0.0043249 0.00671748 0.00869291 -0.000863438 -0.000462629 0.00495896 0.00151812
internal_weight=99219 6842 92377 4981 10044 82333 2217 1861 1082 1432 2764 2865 1880 7179 664 1084 811 63386 13641 49745 1781 46955 32582 1537 756 884 14633 11434 1384 7196
internal_count=99219 6842 92377 4981 10044 82333 2217 1861 1082 1432 2764 2865 1880 7179 664 1084 811 63386 13641 49745 1781 46955 32582 1537 756 884 14633 11434 1384 7196
is_linear=0
shrinkage=0.03


Tree=70
num_leaves=31
num_cat=0
split_feature=23 2 23 23 16 22 1 31 34 8 32 32 35 16 1 24 29 1 22 2 24 32 8 25 32 30 10 24 16 23
split_gain=1169.3 132.706 97.3469 78.6504 35.7539 27.9111 26.3931 36.8721 26.2166 20.8028 25.1684 17.48 15.2937 13.799 12.3351 11.8765 11.2155 11.03 14.9993 10.6468 10.7233 10.5611 9.69992 13.3111 9.50355 11.4637 8.96562 8.95765 8.40425 9.17919
threshold=0.93853258385816518 1.1474195251904404 0.85640067711512236 0.97102885636651037 12.892500000000002 3.4168333333333338 21.875000000000004 1.3812249728329637 959.12500000000011 13.500000000000002 -0.81408451933196946 -0.96359376111369355 71.250000000000014 14.652500000000002 9.3750000000000018 6.825000000000002 8.0275000000000016 21.725000000000005 10.880833333333333 1.0755131976497585 4.8250000000000011 -0.91702515554752051 15.500000000000002 6.3125000000000009 -0.91702515554752051 5.8250000000000011 3.5000000000000004 5.9750000000000005 11.882500000000002 0.32741787444324577
decision_type=2 2 2 2 8 2 2 2 2 2 2 2 2 8 2 10 2 2 2 2 8 2 2 10 2 2 2 10 8 2
left_child=2 6 5 12 11 -1 7 -2 17 14 -11 -5 22 21 -10 -12 -9 18 -4 -7 -21 -6 23 -3 -22 26 28 -28 -26 -30
right_child=1 3 8 4 13 19 -8 16 9 10 15 -13 -14 -15 -16 -17 -18 -19 -20 20 24 -23 -24 -25 25 -27 27 -29 29 -31
leaf_value=-0.0038784501064425569 6.5220005964622407e-05 6.5220434361637901e-05 6.9094994389806702e-05 6.5220432428563229e-05 6.522043242705444e-05 -0.0039503607931539453 2.6013730164826411e-05 6.5154150291570902e-05 6.2984771851915788e-05 6.6816367582341713e-05 0.00010968999043928506 6.5220432805375675e-05 6.5220021881360333e-05 6.522043242705444e-05 6.4757619839710405e-05 6.334420459603862e-05 6.6351881108735319e-05 -5.9278982991345369e-05 6.5469953007703819e-05 -0.0014943394001096339 -0.00086125406753329351 6.522043242705444e-05 6.522043400982835e-05 6.5220430967514038e-05 -0.0044236903174888244 0.00037163933738506568 0.00022911323728011746 0.0029924320541485487 -0.0048103330327884724 0.0012273999969490584
leaf_weight=20305 291 655 4348 331 726 2008 682 421 1514 411 391 265 815 1058 207 282 389 1425 1085 22086 12794 602 342 468 4196 12278 7278 654 397 467
leaf_count=20305 291 655 4348 331 726 2008 682 421 1514 411 391 265 815 1058 207 282 389 1425 1085 22086 12794 602 342 468 4196 12278 7278 654 397 467
internal_value=0.000699029 0.0124745 -0.000202083 0.0148707 0.0180864 -0.000535954 0.00538087 0.00824322 0.00264594 0.00508719 0.00833609 0.0113511 0.0106346 0.0197415 0.00302259 0.0118894 0.0048957 0.00164447 0.00226021 -0.000220453 -0.000148617 0.0175139 0.0124796 0.0110293 0.000156505 0.000493768 -0.000127415 0.000501952 -0.00111352 0.00157422
internal_weight=99171 7045 92126 5262 2982 82463 1783 1101 9663 2805 1084 596 2280 2386 1721 673 810 6858 5433 62158 60150 1328 1465 1123 38064 25270 12992 7932 5060 864
internal_count=99171 7045 92126 5262 2982 82463 1783 1101 9663 2805 1084 596 2280 2386 1721 673 810 6858 5433 62158 60150 1328 1465 1123 38064 25270 12992 7932 5060 864
is_linear=0
shrinkage=0.03


Tree=71
num_leaves=31
num_cat=0
split_feature=23 1 23 16 32 1 31 22 0 34 8 32 26 27 8 20 21 29 1 27 33 19 19 21 32 16 34 26 19 32
split_gain=1193.85 132.861 107.35 63.9626 27.8345 25.5642 36.1211 25.5184 24.915 22.6722 20.5005 21.3927 19.432 18.7486 14.3853 13.4196 11.8031 10.8473 10.1789 10.678 9.8987 9.78288 9.7543 9.33511 9.14612 8.52136 8.37253 7.61484 7.39125 11.8504
threshold=0.94471827380329176 14.975000000000003 0.85640067711512236 13.997500000000002 -0.95878322595067689 21.875000000000004 1.3579734507829022 3.3571666666666671 10.512500000000003 958.22500000000014 10.500000000000002 -0.90992662233962551 2.4225000000000003 5.6585416666666681 14.500000000000002 10.705500000000002 4.0480622336869425 8.0275000000000016 33.625000000000007 3.0006250000000008 0.90255091666790865 9.9025000000000016 8.7975000000000012 3.8826772067268767 -0.93663652364155492 7.9925000000000015 957.62500000000011 3.5025000000000004 5.182500000000001 0.76037701167087512
decision_type=2 2 2 8 2 2 2 2 2 2 2 2 2 2 2 2 2 2 2 2 2 10 10 2 2 10 2 2 10 2
left_child=2 3 7 4 21 6 -3 -1 14 22 27 -12 -13 -5 26 -14 18 -8 19 20 28 -2 23 -4 25 -21 -6 -11 -9 -30
right_child=1 5 9 13 8 -7 17 16 -10 10 11 12 15 -15 -16 -17 -18 -19 -20 24 -22 -23 -24 -25 -26 -27 -28 -29 29 -31
leaf_value=-0.0038077305913197671 6.3263819454242303e-05 6.3263625384900462e-05 5.2118142823515721e-05 6.3263820980774541e-05 6.3263807079300724e-05 2.5233468770779285e-05 6.3186992220435684e-05 -0.0023915128390888949 6.3263819454242303e-05 3.3117256915230486e-05 6.3912576081471203e-05 9.9112415590975393e-05 6.8333992608031086e-05 6.3263819454242303e-05 6.3263818348137106e-05 6.3160160255374412e-05 0.00097429133920224557 6.36233151984055e-05 -0.0035515549481492533 -0.0026075285829139736 0.0049020752003732333 6.3263819454649977e-05 6.5170421733586653e-05 0.00020988616484733934 0.00020371038622934111 0.0002762113395509691 6.326382211060177e-05 6.6775892190056301e-05 0.0038439455108393982 -0.0024608062969443201
leaf_weight=19726 863 223 4969 261 282 630 368 23158 999 938 515 238 705 1592 271 331 1712 390 2331 6357 290 350 1466 263 23165 3475 354 690 998 1463
leaf_count=19726 863 223 4969 261 282 630 368 23158 999 938 515 238 705 1592 271 331 1712 390 2331 6357 290 350 1466 263 23165 3475 354 690 998 1463
internal_value=0.000700265 0.0130405 -0.000175872 0.0154659 0.0128019 0.00553032 0.00854665 -0.000532838 0.0150769 0.00274061 0.00472794 0.00694147 0.00902111 0.0199037 0.0113586 0.0107896 -0.000237746 0.00535518 -0.000306506 -0.000229466 -0.000685229 0.0091798 0.001724 0.00111591 0.000128446 -0.000638 0.00877067 0.00228169 -0.00074801 0.000813868
internal_weight=99373 6583 92790 4972 3119 1611 981 82675 1906 10115 3417 1789 1274 1853 907 1036 62949 758 61237 58906 25909 1213 6698 5232 32997 9832 636 1628 25619 2461
internal_count=99373 6583 92790 4972 3119 1611 981 82675 1906 10115 3417 1789 1274 1853 907 1036 62949 758 61237 58906 25909 1213 6698 5232 32997 9832 636 1628 25619 2461
is_linear=0
shrinkage=0.03


Tree=72
num_leaves=31
num_cat=0
split_feature=22 2 20 16 34 22 1 29 10 25 8 33 27 22 1 17 10 0 33 1 24 33 34 22 9 24 15 10 25 22
split_gain=1162.25 135.38 130.332 50.6232 34.0674 25.4551 24.7917 23.177 20.9115 19.6332 16.0983 20.8364 15.8452 13.8633 12.6764 11.9012 12.0934 10.8534 11.1201 10.7547 10.9014 10.5532 12.3495 11.6164 10.3801 10.6224 9.54346 9.48274 9.31269 8.87514
threshold=11.625333333333336 1.1474195251904404 9.5933750000000018 13.997500000000002 959.02500000000009 3.4168333333333338 21.875000000000004 8.0275000000000016 4.5000000000000009 5.5475000000000012 13.500000000000002 -0.017452406437283484 5.6585416666666681 10.880833333333333 22.325000000000006 13.587500000000002 3.5000000000000004 10.622500000000002 0.13052122218260662 33.625000000000007 6.3750000000000009 0.39073112848927366 949.92500000000018 6.5972083333333345 3.5000000000000004 7.8750000000000009 -0.41749999999999948 1.5000000000000002 4.8775000000000013 4.659625000000001
decision_type=2 2 2 8 2 2 2 2 2 8 2 2 2 2 2 2 2 2 2 2 10 2 2 2 2 10 10 2 10 2
left_child=2 6 5 9 13 -1 7 -2 -9 -3 24 -12 -5 -4 28 16 -11 18 -17 20 21 23 -23 -7 -6 -26 -19 -13 -15 -22
right_child=1 3 4 12 10 19 -8 8 -10 15 11 27 -14 14 -16 17 -18 26 -20 -21 29 22 -24 -25 25 -27 -28 -29 -30 -31
leaf_value=-0.0035973561533402779 6.1426789195084816e-05 6.1365904870512672e-05 6.3795307205621871e-05 6.136590477906934e-05 5.6284879646132246e-05 -0.0023366168656041579 3.8202060489945787e-05 6.1887378434994779e-05 6.1285808360977961e-05 6.1365903812667807e-05 6.2078236280713742e-05 8.3443883898908216e-05 6.1365904870616105e-05 6.1167817072778068e-05 -5.9064157786310468e-05 6.1365902616452263e-05 6.1365904870619439e-05 6.1365904870616105e-05 6.1365904815055542e-05 -0.0032814039304874961 0.0083524058954387529 0.0037231008331966449 -3.7051886980867811e-05 4.606952270007514e-05 6.3012239430837623e-05 6.2851870291800389e-05 6.1365904870616105e-05 6.0864952833057374e-05 6.2399619264366549e-05 0.0001351840088162226
leaf_weight=20453 407 691 5160 241 979 28081 629 201 406 258 383 281 1573 571 365 225 348 206 240 2269 268 2385 5750 18783 588 201 720 440 970 5219
leaf_count=20453 407 691 5160 241 979 28081 629 201 406 258 383 281 1573 571 365 225 348 206 240 2269 268 2385 5750 18783 588 201 720 440 970 5219
internal_value=0.000693048 0.0133244 -0.000140933 0.0160138 0.0031053 -0.000528812 0.005929 0.00882041 0.0125147 0.0133479 0.00585818 0.00869973 0.0199164 0.00198303 0.0041664 0.0148696 0.0111653 0.0164377 0.0124149 -0.000229207 -0.000153048 -0.000280289 0.00071683 -0.000453435 0.0040643 0.00661587 0.0183802 0.0116901 0.00535382 0.00112145
internal_weight=99291 6145 93146 4502 9938 83208 1643 1014 607 2688 2872 1104 1814 7066 1906 1997 606 1391 465 62755 60486 54999 8135 46864 1768 789 926 721 1541 5487
internal_count=99291 6145 93146 4502 9938 83208 1643 1014 607 2688 2872 1104 1814 7066 1906 1997 606 1391 465 62755 60486 54999 8135 46864 1768 789 926 721 1541 5487
is_linear=0
shrinkage=0.03


Tree=73
num_leaves=31
num_cat=0
split_feature=23 23 16 34 23 10 22 34 24 34 8 31 24 19 16 16 31 17 10 35 34 18 23 10 25 33 8 14 8 19
split_gain=1166.41 107.202 85.0066 46.3762 45.8861 29.0072 27.6576 23.3828 22.4973 22.2287 14.9559 13.8951 17.7872 14.6895 12.1269 11.5635 11.6621 12.3832 10.4159 11.4934 10.1571 9.56102 9.42749 9.25508 9.55188 9.25174 9.07259 8.30586 8.09655 8.90858
threshold=0.94471827380329176 0.87083642236122061 12.892500000000002 950.92500000000018 0.97419395320044855 8.5000000000000018 3.2609166666666671 949.22500000000014 9.0750000000000028 958.22500000000014 10.500000000000002 1.5509605483095885 7.3750000000000009 9.9025000000000016 14.942500000000003 9.0125000000000028 2.165048324025507 2.4875000000000007 1.5000000000000002 38.250000000000007 960.12500000000011 12.207500000000001 0.9135750934488106 6.5000000000000009 4.6225000000000014 -0.25881904510252068 15.500000000000002 0.34932076949416163 13.500000000000002 5.6125000000000016
decision_type=2 2 8 2 2 2 2 2 10 2 2 2 10 10 8 10 2 2 2 2 2 10 2 2 10 2 2 2 2 10
left_child=1 6 7 5 8 26 -1 -2 21 -3 -11 13 -13 25 27 18 17 -17 -8 -20 23 -5 -12 24 -19 -9 -4 -6 -22 -30
right_child=2 9 3 4 14 -7 15 11 -10 10 22 12 -14 -15 -16 16 -18 20 19 -21 28 -23 -24 -25 -26 -27 -28 -29 29 -31
leaf_value=-0.003689943857858331 6.2708381645768533e-05 5.9651418897864044e-05 5.9524927724498021e-05 5.9524928052341174e-05 5.9524927724498021e-05 5.9524927724498021e-05 -0.0055397297957998221 5.9524927651033451e-05 5.9524927236379618e-05 5.9693920855853836e-05 5.9299869155922597e-05 5.9524847704840454e-05 5.9524927631379176e-05 5.9524927705366657e-05 5.9524927724498021e-05 0.0048530142914046514 -0.00039658095306008165 -1.5095501448507687e-05 -0.0019848648000313314 2.5966615432306854e-05 6.8315127677964771e-05 5.9526153159924487e-05 5.9849396614217728e-05 -0.00019054651670484743 0.0003934297159013826 5.9524922255735913e-05 -1.3463955431048945e-05 5.9524927724498021e-05 0.00030763467470975355 0.00037645809162779729
leaf_weight=18392 453 4862 314 754 554 246 4271 252 224 1161 528 372 369 365 864 360 4895 2777 13275 31897 1651 234 810 4061 2487 635 211 772 669 406
leaf_count=18392 453 4862 314 754 554 246 4271 252 224 1161 528 372 369 365 864 360 4895 2777 13275 31897 1651 234 810 4061 2487 635 211 772 669 406
internal_value=0.000697263 -0.000173566 0.0128582 0.0154646 0.0169751 0.00873325 -0.000473928 0.00838923 0.0121972 0.00329853 0.00559625 0.00978528 0.0130657 0.00779952 0.0195854 -0.000190057 0.000477268 0.000966253 -0.000423658 -0.000289661 0.000801011 0.0101571 0.00775577 0.000329581 0.00115923 0.00566031 0.00466981 0.0175898 0.00241011 0.00443055
internal_weight=99121 92502 6619 4173 3402 771 85141 2446 1212 7361 2499 1993 741 1252 2190 66749 17306 12411 49443 45172 12051 988 1338 9325 5264 887 525 1326 2726 1075
internal_count=99121 92502 6619 4173 3402 771 85141 2446 1212 7361 2499 1993 741 1252 2190 66749 17306 12411 49443 45172 12051 988 1338 9325 5264 887 525 1326 2726 1075
is_linear=0
shrinkage=0.03


Tree=74
num_leaves=31
num_cat=0
split_feature=23 2 23 23 23 16 1 31 34 32 24 32 22 32 1 16 6 28 8 13 25 14 32 19 24 25 29 34 16 29
split_gain=1168.65 136.955 102.883 64.1902 31.139 30.8169 27.9066 41.1395 26.2927 20.3414 21.2798 18.8976 15.2039 13.589 12.7555 12.4204 11.1035 11.3516 10.8364 10.6201 10.5055 9.82334 9.68971 9.64388 9.40801 9.19633 8.75203 8.60925 9.36246 14.1669
threshold=0.94471827380329176 1.1474195251904404 0.90224575742711521 0.97102885636651037 0.40438143791230247 12.892500000000002 21.875000000000004 1.3812249728329637 958.02500000000009 -0.90992662233962551 7.2750000000000012 -0.95878322595067689 2.7275833333333339 -0.96359376111369355 -0.37499999999999994 14.652500000000002 1.5000000000000002 2.4449335360255793 14.500000000000002 8.4291666666666689 5.9075000000000015 0.34932076949416163 -0.95878322595067689 8.2275000000000027 9.2750000000000021 5.8675000000000006 8.0275000000000016 959.32500000000016 12.467500000000003 3.5425000000000004
decision_type=2 2 2 2 2 8 2 2 2 2 8 2 2 2 2 8 2 2 2 2 10 2 2 10 10 10 2 2 8 2
left_child=2 6 4 13 12 11 7 -2 24 -10 -11 -5 -1 -3 -14 21 -16 22 19 -12 -15 -7 -18 27 -4 -17 -9 -6 -29 -30
right_child=1 3 8 5 23 15 -8 26 9 10 18 -13 14 20 16 25 17 -19 -20 -21 -22 -23 -24 -25 -26 -27 -28 28 29 -31
leaf_value=-0.0047242456839816363 5.772591291713162e-05 5.7734201293134681e-05 5.6996260777012473e-05 5.7739179895403001e-05 -2.0440714957535853e-05 5.7739179892761783e-05 2.1514886136341254e-05 5.7673573867984472e-05 5.7610149478155567e-05 5.7221824542145194e-05 6.2495362320603347e-05 5.7739179865613496e-05 -0.0051787367774950577 5.7739198359646468e-05 -0.0025073927082702261 5.7739179892761783e-05 -0.0027880734158796674 0.0043487062653612026 6.0564349749715312e-05 5.8276437269206638e-05 5.7739182918867855e-05 5.7739179892761783e-05 0.00057075407640769184 0.00016965905463039719 7.9792096225064373e-05 5.7739179892761783e-05 5.9152678094752501e-05 9.3816937443959018e-05 0.0019164953005937509 0.00016957671815535645
leaf_weight=11747 275 465 3218 346 20355 589 644 362 550 432 206 263 7481 743 13645 209 4934 703 304 368 751 712 18534 2227 339 835 382 6778 238 449
leaf_count=11747 275 465 3218 346 20355 589 644 362 550 432 206 263 7481 743 13645 209 4934 703 304 368 751 712 18534 2227 339 835 382 6778 238 449
internal_value=0.000728617 0.0129436 -0.000140349 0.0154618 -0.00038995 0.0182656 0.00548022 0.00855762 0.00386924 0.00675603 0.00878327 0.0120733 -0.000801627 0.0111981 -0.000552096 0.0198447 -0.000328072 5.81975e-05 0.0114564 0.00889119 0.0126004 0.0176853 -5.47019e-05 0.00039162 0.00235233 0.0224385 0.00483044 0.000239352 0.00111044 0.00443497
internal_weight=99084 6576 92508 4913 87091 2954 1663 1019 5417 1860 1310 609 57044 1959 45297 2345 37816 24171 878 574 1494 1301 23468 30047 3557 1044 744 27820 7465 687
internal_count=99084 6576 92508 4913 87091 2954 1663 1019 5417 1860 1310 609 57044 1959 45297 2345 37816 24171 878 574 1494 1301 23468 30047 3557 1044 744 27820 7465 687
is_linear=0
shrinkage=0.03


Tree=75
num_leaves=31
num_cat=0
split_feature=22 2 22 16 22 32 3 1 29 34 32 11 35 25 34 35 21 34 16 19 11 16 8 26 32 29 19 12 1 17
split_gain=1188.41 156.198 97.2882 58.5438 25.866 24.2751 26.8445 23.7339 23.6426 23.2919 24.7548 24.1523 17.3698 14.4881 13.8643 16.6055 13.4261 11.7779 18.6797 11.4773 11.3619 11.0417 10.6058 10.285 9.86581 9.23612 8.39342 8.70509 10.2926 8.25787
threshold=11.4945 1.1474195251904404 10.176875000000003 13.997500000000002 6.5553750000000006 -0.96359376111369355 10.702133751397637 21.875000000000004 8.0275000000000016 958.12500000000011 -0.90992662233962551 8.4575000000000014 55.750000000000007 6.3625000000000016 951.52500000000009 62.250000000000007 2.0190502098753282 967.27500000000009 7.472500000000001 5.3225000000000007 3.3075000000000006 12.892500000000002 8.5000000000000018 4.0725000000000007 -0.46173103126271881 2.2475000000000005 8.7975000000000012 9.1675000000000022 22.325000000000006 4.0825000000000005
decision_type=2 2 2 8 2 2 2 2 2 2 2 10 2 10 2 2 2 2 8 10 10 10 2 2 2 2 10 10 2 2
left_child=2 7 4 5 14 16 22 8 -2 26 -11 -12 -10 23 15 19 21 25 -19 24 -6 -3 -7 -5 -1 -16 -4 -28 -29 -26
right_child=1 3 9 13 20 6 -8 -9 12 10 11 -13 -14 -15 17 -17 -18 18 -20 -21 -22 -23 -24 -25 29 -27 27 28 -30 -31
leaf_value=-0.0037440422869397545 5.5993974004877597e-05 5.6007004661488e-05 5.5633489182582809e-05 5.6007004495980392e-05 0.0028005717944132491 5.6006995107339594e-05 5.6007004495980392e-05 2.0899057969150369e-05 5.6228929918992386e-05 5.5755580040531825e-05 5.5646501409054578e-05 5.8436814373633857e-05 5.599128215078797e-05 5.6007004495980392e-05 -0.0042825181525296468 0.0029536318475061173 5.6007004496386737e-05 -0.0012262045254568677 0.013617171148993256 0.0033420296304758359 3.8018285112206841e-05 5.6007004495983725e-05 5.6007009877400412e-05 5.6007004495980392e-05 -0.0022325183194226526 -0.0018576364984170602 5.4844453010948217e-05 5.9875090784702203e-05 4.3326929649577519e-05 0.0017632550671006959
leaf_weight=9542 442 491 2885 276 363 379 966 683 329 611 689 650 287 1171 18840 4572 314 1010 208 1102 29969 274 531 452 4824 12059 405 466 205 4302
leaf_count=9542 442 491 2885 276 363 379 966 683 329 611 689 650 287 1171 18840 4572 314 1010 208 1102 29969 274 531 452 4824 12059 405 466 205 4302
internal_value=0.000702493 0.0130023 -0.000173192 0.0157662 -0.000426898 0.0130794 0.0151579 0.0052732 0.00807714 0.00354919 0.00623018 0.0085067 0.0118551 0.0199018 -0.000806479 -0.000266399 0.00941236 -0.00121571 0.00167293 -0.000643237 0.000279658 0.0115519 0.0113443 0.0162974 -0.000819044 -0.00132983 0.00222315 0.00447919 0.00656361 -0.000113679
internal_weight=99297 6595 92702 4854 86791 2955 1876 1741 1058 5911 1950 1339 616 1899 56459 24342 1079 32117 1218 19770 30332 765 910 728 18668 30899 3961 1076 671 9126
internal_count=99297 6595 92702 4854 86791 2955 1876 1741 1058 5911 1950 1339 616 1899 56459 24342 1079 32117 1218 19770 30332 765 910 728 18668 30899 3961 1076 671 9126
is_linear=0
shrinkage=0.03


Tree=76
num_leaves=31
num_cat=0
split_feature=23 2 23 16 32 16 3 1 29 34 10 32 11 20 22 32 24 22 8 1 21 16 26 8 19 24 8 16 24 34
split_gain=1186.04 132.754 106.386 62.2673 28.3676 28.3632 25.5368 24.0599 24.8859 21.3326 19.0105 16.9001 23.3439 16.6649 12.5356 10.9088 12.2254 9.99594 14.2214 10.2282 9.93637 11.5144 9.64402 9.32291 9.03302 8.16284 10.3951 8.99464 7.85359 12.2372
threshold=0.94471827380329176 1.1474195251904404 0.90224575742711521 13.997500000000002 -0.96359376111369355 6.8125000000000009 9.8832093807197801 21.875000000000004 8.0275000000000016 958.22500000000014 4.5000000000000009 -0.90992662233962551 8.4575000000000014 13.143125000000003 2.5881666666666674 -0.83385407025023295 4.8750000000000009 6.3442499999999997 16.500000000000004 -0.47499999999999992 2.0728371257734257 12.892500000000002 3.6125000000000007 13.500000000000002 8.2275000000000027 8.0750000000000028 12.500000000000002 11.447500000000002 4.5250000000000012 942.82500000000016
decision_type=2 2 2 8 2 10 2 2 2 2 2 2 10 2 2 2 10 2 2 2 2 10 2 2 10 10 2 10 8 2
left_child=2 7 5 4 20 14 23 8 -2 25 -10 -11 -13 22 -1 -16 17 19 -19 -17 21 -3 -5 -6 28 -4 -27 -28 29 -7
right_child=1 3 9 13 6 24 -8 -9 10 11 -12 12 -14 -15 15 16 -18 18 -20 -21 -22 -23 -24 -25 -26 26 27 -29 -30 -31
leaf_value=-0.0047634419713306871 5.4314154784730337e-05 5.4326794521269429e-05 5.3617368278223718e-05 5.4326794262354869e-05 5.4326800529371777e-05 0.0065054009258190626 5.4326794361102546e-05 2.0273591535604483e-05 5.4935687563811856e-05 5.4192784131297293e-05 5.4333685763271462e-05 5.2730963294788566e-05 5.7726591750193452e-05 5.4326794361102546e-05 -0.0027790604566748449 -0.0054509675865554493 0.0035922363282720826 9.1934042092447452e-05 0.003218354670645995 -0.00050667441175427427 5.4326794361495562e-05 5.4326794361417629e-05 5.4326799881353469e-05 5.4326793015525562e-05 0.00014818588724950957 8.2608195571479048e-05 -9.9866672123916089e-05 5.4145854991142214e-05 6.6433164049909093e-05 -0.0020727135305764087
leaf_weight=10108 384 496 2799 235 426 397 1382 615 210 514 403 664 595 1204 18338 3392 1400 1075 329 14767 287 293 413 215 2211 341 286 209 26718 8488
leaf_count=10108 384 496 2799 235 426 397 1382 615 210 514 403 664 595 1204 18338 3392 1400 1075 329 14767 287 293 413 215 2211 341 286 209 26718 8488
internal_value=0.000706337 0.0130254 -0.000167139 0.0154594 0.0128167 -0.000420382 0.0149216 0.00552505 0.00839221 0.00391391 0.0121214 0.00660911 0.00847547 0.0198352 -0.000893614 -0.000651123 -0.000183566 -0.000377607 0.00205678 -0.000566341 0.00880851 0.0105453 0.0156753 0.00984056 0.000197995 0.00259203 0.00518668 0.00237 8.23122e-05 -0.000690102
internal_weight=99194 6563 92631 4951 3099 87223 2023 1612 997 5408 613 1773 1259 1852 49409 39301 20963 19563 1404 18159 1076 789 648 641 37814 3635 836 495 35603 8885
internal_count=99194 6563 92631 4951 3099 87223 2023 1612 997 5408 613 1773 1259 1852 49409 39301 20963 19563 1404 18159 1076 789 648 641 37814 3635 836 495 35603 8885
is_linear=0
shrinkage=0.03


Tree=77
num_leaves=31
num_cat=0
split_feature=22 2 22 16 32 1 31 27 27 34 0 32 11 35 8 12 10 34 16 31 32 19 1 2 17 19 12 32 8 29
split_gain=1154.57 164.313 92.4629 59.8541 29.3006 26.7802 38.4583 25.4093 22.619 22.2885 21.456 21.083 20.7566 16.4852 13.6373 11.1084 11.0827 12.0427 11.0604 10.9025 10.0936 9.93571 9.72891 15.0616 13.6149 9.76235 9.28485 12.786 18.5178 9.27987
threshold=11.4945 1.1474195251904404 10.176875000000003 13.997500000000002 -0.96359376111369355 21.875000000000004 1.3812249728329637 3.0006250000000008 5.6585416666666681 958.02500000000009 10.622500000000002 -0.90992662233962551 8.4025000000000016 39.750000000000007 13.500000000000002 5.5925000000000011 2.5000000000000004 966.87500000000011 12.892500000000002 1.4981258517259308 -0.80382625221112003 5.2175000000000011 0.92500000000000016 1.1524226626396639 6.6375000000000011 8.8675000000000015 7.6475000000000017 0.8869770585236475 12.500000000000002 8.0275000000000016
decision_type=2 2 2 8 2 2 2 2 2 2 2 2 10 2 2 10 2 2 10 2 2 10 2 2 2 10 10 2 2 2
left_child=2 5 7 4 18 6 -2 15 -5 -4 14 -11 -13 20 -6 16 -1 21 -3 -19 -9 -18 26 -24 -25 -26 -15 -28 -29 -8
right_child=1 3 9 8 10 -7 29 13 -10 11 -12 12 -14 22 -16 -17 17 19 -20 -21 -22 -23 23 24 25 -27 27 28 -30 -31
leaf_value=-0.0055297451976908732 5.2684676435175159e-05 5.2696990669356497e-05 5.2397296856800751e-05 5.2696990425600357e-05 5.2696990686190714e-05 1.9654004516163507e-05 5.2356539515331416e-05 -0.0022597662190305913 5.2696990530268768e-05 5.2539679148948688e-05 5.2696990530268768e-05 5.2584731430243002e-05 5.502295430041834e-05 -0.0001923605500227135 5.2696989493280984e-05 0.00055284933772305807 -0.0022774490109694692 -0.002133290146497904 5.2696990530651796e-05 0.012567722679942562 1.5144004400465816e-05 0.0019835272439853789 2.8034129723025314e-05 0.0036535746862234363 0.00019327026167247018 0.00017352907657522176 -0.00013142199885781357 3.8438424101892019e-05 0.00030681653833322615 5.299776725329993e-05
leaf_weight=6565 273 692 3853 265 581 712 435 7033 1592 619 1009 634 686 7514 266 5673 30469 343 394 298 7334 1330 8728 1875 7277 261 1047 510 307 371
leaf_count=6565 273 692 3853 265 581 712 435 7033 1592 619 1009 634 686 7514 266 5673 30469 343 394 298 7334 1330 8728 1875 7277 261 1047 510 307 371
internal_value=0.000705621 0.0128324 -0.000160328 0.015725 0.013018 0.00505958 0.0080286 -0.000405943 0.0199672 0.00350768 0.0153208 0.00612809 0.00826415 0.000124895 0.0116655 -0.000903566 -0.00108395 -0.000856219 0.00903025 0.00319969 -0.000698651 -0.000938468 0.000554897 0.000960376 0.00179242 0.00122179 -0.000229565 0.00166292 0.0044635 0.00467571
internal_weight=98946 6590 92356 4799 2942 1791 1079 86564 1857 5792 1856 1939 1320 41886 847 44678 39005 32440 1086 641 14367 31799 27519 18141 9413 7538 9378 1864 817 806
internal_count=98946 6590 92356 4799 2942 1791 1079 86564 1857 5792 1856 1939 1320 41886 847 44678 39005 32440 1086 641 14367 31799 27519 18141 9413 7538 9378 1864 817 806
is_linear=0
shrinkage=0.03


Tree=78
num_leaves=31
num_cat=0
split_feature=23 2 23 23 32 2 31 2 22 34 35 21 32 11 22 19 2 30 32 31 2 29 34 8 26 35 35 9 2 35
split_gain=1194.31 142.565 76.0252 73.793 28.1468 25.851 38.3423 23.7456 23.1333 17.4776 16.1328 14.4375 14.3116 16.5456 12.935 12.6702 10.9491 12.4145 18.6222 14.5365 10.7956 10.4535 10.3863 10.3611 14.4059 16.8021 12.9667 10.2042 9.87292 9.54319
threshold=0.93853258385816518 1.1474195251904404 0.90224575742711521 0.97102885636651037 -0.91702515554752051 1.1198060051589478 1.3812249728329637 1.1714236925654091 3.3571666666666671 958.02500000000009 71.250000000000014 4.0480622336869425 -0.90992662233962551 8.4575000000000014 14.865625000000003 9.9025000000000016 1.0755131976497585 4.6250000000000009 -0.81408451933196946 1.7658531746031747 1.2333019773299563 8.0275000000000016 953.72500000000014 8.5000000000000018 2.7675000000000005 54.250000000000007 61.750000000000007 5.5000000000000009 1.2115917010244643 48.750000000000007
decision_type=2 2 2 2 2 2 2 2 2 2 2 2 2 10 2 10 2 2 2 2 2 2 2 2 2 2 2 2 2 2
left_child=2 5 8 10 7 -2 -7 -5 -1 -4 15 16 -11 -14 28 20 -10 22 19 -19 29 -8 -18 -20 26 -26 -25 -28 -9 -3
right_child=1 3 9 4 -6 6 21 14 11 12 -12 -13 13 -15 -16 -17 17 18 23 -21 -22 -23 -24 24 25 -27 27 -29 -30 -31
leaf_value=-0.0031561328997680126 1.9075763654051723e-05 5.1116086065461361e-05 5.0524601912491155e-05 5.1116080814361804e-05 5.1116080814361804e-05 5.1104189847787756e-05 5.106521724343338e-05 5.111608081473151e-05 -0.0036857249726988954 5.1007203694185544e-05 5.1115831957633252e-05 0.00081898403933061616 5.0426247439698811e-05 5.7958887306596561e-05 5.1116080814361804e-05 5.1116086169005203e-05 -0.00012004929577374979 -0.0014648961371334611 -6.0070404866645667e-05 0.00035343069091587243 5.1116968666343646e-05 5.2333349258055834e-05 -0.0037481608360947164 -0.00020455572989122817 0.00045871522242744598 0.0014137445245938978 0.00037225119439659559 0.0048850201946230255 5.1116080814361804e-05 5.1116054618126628e-05
leaf_weight=19650 697 426 3276 644 1235 271 415 529 2069 522 791 1908 668 546 341 325 9913 13304 6439 7658 205 367 10774 5454 5180 1598 2940 321 201 529
leaf_count=19650 697 426 3276 644 1235 271 415 529 2069 522 791 1908 668 546 341 325 9913 13304 6439 7658 205 367 10774 5454 5180 1598 2940 321 201 529
internal_value=0.000697795 0.0126618 -0.000207862 0.0151428 0.0182843 0.00523077 0.0081862 0.015689 -0.000414434 0.0033833 0.0110399 -0.000150882 0.0058139 0.00759475 0.0184545 0.012896 -0.000225726 -0.000155743 0.000135387 -0.000503935 0.0113305 0.00475731 -0.00075928 0.000746409 0.00116667 0.00220345 0.000359518 0.00185456 0.0159592 0.00989062
internal_weight=99196 6976 92220 5226 2950 1750 1053 1715 87208 5012 2276 67558 1736 1214 1071 1485 65650 63581 42894 20962 1160 782 20687 21932 15493 6778 8715 3261 730 955
internal_count=99196 6976 92220 5226 2950 1750 1053 1715 87208 5012 2276 67558 1736 1214 1071 1485 65650 63581 42894 20962 1160 782 20687 21932 15493 6778 8715 3261 730 955
is_linear=0
shrinkage=0.03


Tree=79
num_leaves=31
num_cat=0
split_feature=23 2 23 20 1 31 22 32 3 2 10 1 27 35 31 1 26 32 10 35 33 12 24 33 19 32 8 32 1 8
split_gain=976.058 116.149 85.2614 65.0613 21.3815 24.7712 20.9413 19.3386 23.312 17.962 15.8839 12.1261 13.6219 11.614 14.1919 11.3702 11.0187 10.1246 9.28366 9.35367 9.46255 8.77684 8.17992 7.91501 8.19396 8.53216 7.74967 14.4964 7.35374 7.15122
threshold=0.94471827380329176 1.1474195251904404 0.90224575742711521 13.143125000000003 21.875000000000004 1.5227953894678705 2.6210000000000009 -0.95368063612909426 10.321794376825713 1.1714236925654091 4.5000000000000009 33.07500000000001 3.0006250000000008 51.250000000000007 1.9102946203946392 24.875000000000004 2.5875000000000004 -0.95368063612909426 2.5000000000000004 63.250000000000007 0.8869770585236475 5.3775000000000013 8.0250000000000021 -0.58778525229247303 8.2275000000000027 -0.95878322595067689 12.500000000000002 -0.91702515554752051 10.475000000000001 16.500000000000004
decision_type=2 2 2 2 2 2 2 2 2 2 2 2 2 2 2 2 2 2 2 2 2 10 10 2 10 2 2 2 2 2
left_child=2 4 6 7 5 10 -1 -3 13 17 -2 12 18 -9 -15 16 -4 -5 21 20 -20 -8 -18 -14 25 -25 28 -28 -24 -21
right_child=1 3 15 9 -6 -7 11 8 -10 -11 -12 -13 23 14 -16 -17 22 -19 19 29 -22 -23 26 24 -26 -27 27 -29 -30 -31
leaf_value=-0.0042614535175265486 5.0639076018869091e-05 4.9582598389825701e-05 3.363469519751194e-05 4.9582598389932285e-05 1.8403262495541027e-05 4.9800448233611222e-05 -0.0052253743675907023 4.9582603483497855e-05 4.9582598389932285e-05 4.9582598389932285e-05 4.9499076325138662e-05 -0.003069544121096863 0.0019862688685244522 4.9582596258447294e-05 5.2222973865881928e-05 -0.00018618088820637646 4.9479430564894751e-05 4.9582598389932285e-05 -0.0021162734513119272 -0.00037759242892205781 0.0040395348279010012 0.0014126658903098033 5.045574433785721e-05 -0.0010607469573865669 0.00014674175701638459 7.4084003344271221e-05 -1.1157978092644197e-05 4.9317608182511333e-05 7.5349447092953873e-05 0.0024311652210642952
leaf_weight=10662 208 916 725 392 642 482 4757 514 868 1302 356 3287 1248 464 257 471 3198 202 16957 8212 450 811 220 8890 2070 26820 309 270 244 3146
leaf_count=10662 208 916 725 392 642 482 4757 514 868 1302 356 3287 1248 464 257 471 3198 202 16957 8212 450 811 220 8890 2070 26820 309 270 244 3146
internal_value=0.000580946 0.0117208 -0.000212729 0.0140518 0.00491199 0.0075471 -0.000439788 0.0112808 0.0128752 0.0184229 0.0117891 -0.000266448 -0.000186504 0.0101492 0.00759917 0.00343054 0.00385275 0.0138531 -0.000622314 -0.00040511 -0.000842006 -0.00174305 0.00443641 0.00019691 0.000119094 1.2599e-05 0.00674714 0.00437157 0.00963326 0.000264542
internal_weight=99350 6603 92747 4915 1688 1046 87310 3019 2103 1896 564 76648 73361 1235 721 5437 4966 594 34333 28765 17407 5568 4241 39028 37780 35710 1043 579 464 11358
internal_count=99350 6603 92747 4915 1688 1046 87310 3019 2103 1896 564 76648 73361 1235 721 5437 4966 594 34333 28765 17407 5568 4241 39028 37780 35710 1043 579 464 11358
is_linear=0
shrinkage=0.03


Tree=80
num_leaves=31
num_cat=0
split_feature=22 2 22 16 32 0 16 34 32 2 31 18 27 17 2 24 2 35 27 31 21 22 2 30 19 12 2 3 32 27
split_gain=959.98 143.306 99.4085 54.1344 24.2017 38.5577 22.5936 22.4377 22.1605 17.1788 19.6736 16.4271 13.8249 13.1958 12.3871 11.4213 11.1725 12.0734 14.5462 9.97543 9.38311 8.63674 7.79975 7.33726 7.1723 7.62147 11.3194 8.55521 7.10712 12.8528
threshold=11.625333333333336 1.1474195251904404 10.176875000000003 13.997500000000002 -0.96359376111369355 10.622500000000002 7.0475000000000012 958.02500000000009 -0.94260559819261247 1.1133904006905853 1.3143322444050507 8.4225000000000012 5.920625000000002 10.397500000000003 1.1753829650923688 7.1750000000000016 1.2107036814394008 39.250000000000007 2.0220833333333341 2.3532736906568688 1.9887576209377562 13.504000000000003 1.0868353204519472 9.6750000000000025 8.8675000000000015 9.1675000000000022 1.1181005725181428 10.570815652417121 -0.84335933205092495 3.0456250000000007
decision_type=2 2 2 8 2 2 10 2 2 2 2 10 2 2 2 8 2 2 2 2 2 2 2 2 10 10 2 2 2 2
left_child=2 9 6 4 14 -6 13 24 -9 -2 -11 -10 -5 16 -3 -13 17 -1 -19 22 -16 -12 -8 -17 -4 -26 -27 -28 -20 -30
right_child=1 3 7 12 5 -7 19 8 11 10 21 15 -14 -15 20 23 -18 18 28 -21 -22 -23 -24 -25 25 26 27 -29 29 -31
leaf_value=-0.0036923510204739008 -2.279165029140295e-05 4.8095120424123337e-05 4.7954294132853682e-05 4.8095120438234052e-05 4.8095120313995657e-05 4.8095120438234052e-05 -0.0012888306126001684 4.3129716363661668e-05 4.806733903099923e-05 4.8051891872133985e-05 4.9713670775977233e-05 4.746038257248277e-05 4.8095120438234052e-05 0.00071167796990050818 4.8095120589419783e-05 6.60741405761045e-05 -0.0047679217222087881 -0.0026124359209046405 -0.00078660536365637997 -0.0020230926696398685 4.8095120438603751e-05 4.8039247279121345e-05 9.2179142952657862e-05 4.8106659610400998e-05 4.7024972004356854e-05 2.7731585306112719e-05 4.955040312136116e-05 5.1370995128365654e-05 0.00037401068505368764 0.0046939458897902863
leaf_weight=13535 423 450 3052 379 704 960 1819 541 366 256 638 277 1446 2273 365 320 8625 10753 7792 4617 200 342 28811 598 401 200 256 207 6363 2020
leaf_count=13535 423 450 3052 379 704 960 1819 541 366 256 638 277 1446 2273 365 320 8625 10753 7792 4617 200 342 28811 598 401 200 256 207 6363 2020
internal_value=0.00058552 0.0120462 -0.000175998 0.014821 0.0120615 0.0143008 -0.000439126 0.00348642 0.00600569 0.00449098 0.00627075 0.00781418 0.0188279 -0.000840498 0.00833823 0.0095125 -0.000944005 -0.000734878 -0.000367357 0.000145778 0.0112895 0.00429442 0.000341765 0.0111224 0.00219413 0.00431057 0.00627395 0.00882692 0.000201174 0.000807224
internal_weight=98989 6163 92826 4504 2679 1664 86608 6218 2102 1659 1236 1561 1825 51361 1015 1195 49088 40463 26928 35247 565 980 30630 918 4116 1064 663 463 16175 8383
internal_count=98989 6163 92826 4504 2679 1664 86608 6218 2102 1659 1236 1561 1825 51361 1015 1195 49088 40463 26928 35247 565 980 30630 918 4116 1064 663 463 16175 8383
is_linear=0
shrinkage=0.03


Tree=81
num_leaves=31
num_cat=0
split_feature=20 1 20 16 1 16 34 25 29 17 3 32 11 16 15 32 1 17 1 35 4 12 11 31 31 24 19 12 12 34
split_gain=938.354 138.054 96.9337 46.154 22.7757 21.928 21.7225 18.9802 17.9125 13.8552 16.6525 13.6951 20.0675 12.4446 12.2565 12.0856 11.1788 10.3495 11.4362 12.201 11.0718 9.85149 9.45702 9.31049 9.23939 8.50126 8.10694 8.46688 12.0292 7.96642
threshold=11.7155 13.575000000000003 10.182250000000002 14.652500000000002 23.525000000000002 6.8125000000000009 958.02500000000009 5.5475000000000012 8.0275000000000016 13.477500000000003 10.439077069198984 -0.90255091666790832 8.4575000000000014 11.952500000000002 -0.30499999999999944 -0.97988739209073461 -0.37499999999999994 10.962500000000002 1.0000000180025095e-35 37.750000000000007 0.40761588891160599 3.4075000000000006 10.277500000000002 2.3532736906568688 1.5295045402171272 9.6750000000000025 8.8675000000000015 9.1675000000000022 10.867500000000001 950.82500000000016
decision_type=2 2 2 8 2 10 2 8 2 2 2 2 10 10 10 2 2 2 2 2 2 10 10 2 2 8 10 10 10 2
left_child=2 3 5 7 8 17 26 25 -3 24 16 -8 -13 -10 -12 -15 -11 18 -1 -20 -19 -21 -5 -7 -9 -2 -4 -28 -29 -17
right_child=1 4 6 22 -6 23 11 9 13 10 14 12 -14 15 -16 29 -18 20 19 21 -22 -23 -24 -25 -26 -27 27 28 -30 -31
leaf_value=-0.0046852595007856939 4.6652266256265171e-05 4.7031296175508913e-05 4.6594249526414886e-05 4.6652266825086826e-05 -2.3227785444923653e-05 6.0376044810665831e-05 4.6970651773756635e-05 4.6652266810926739e-05 4.8632645250437545e-05 4.6652267991627486e-05 4.6652266825446544e-05 4.6378445013964815e-05 4.8758725711393055e-05 4.7615203230750328e-05 4.6652266825086826e-05 4.6652266796286533e-05 4.6652266825086826e-05 0.0017426836594244899 -0.0038258002798147897 -0.0018378706164404036 -0.00016588465226117122 0.00063983631246533948 4.6652266825086826e-05 -0.0019667795260654474 4.6652266852242438e-05 4.6652266825086826e-05 4.5656521400653438e-05 4.8002016550134919e-05 6.6636261894147391e-05 4.6652266825483176e-05
leaf_weight=8922 281 460 3187 241 440 32383 731 309 246 208 341 742 731 210 864 202 423 903 12024 14344 583 12502 883 5000 215 432 419 361 372 324
leaf_count=8922 281 460 3187 241 440 32383 731 309 246 208 341 742 731 210 864 202 423 903 12024 14344 583 12502 883 5000 215 432 419 361 372 324
internal_value=0.000582456 0.0119975 -0.000162667 0.0150236 0.00522734 -0.000428577 0.0033569 0.013077 0.00704492 0.0143848 0.0156339 0.00577999 0.00744317 0.00932523 0.0177397 0.0112713 0.0115047 -0.000844186 -0.000920895 -0.000698393 0.00161771 -0.000342558 0.0202639 0.000119316 0.0099017 0.00867827 0.00212086 0.00427312 0.00620732 0.0136949
internal_weight=99283 6079 93204 4197 1882 86661 6543 3073 1442 2360 1836 2204 1473 982 1205 736 631 49278 47792 38870 1486 26846 1124 37383 524 713 4339 1152 733 526
internal_count=99283 6079 93204 4197 1882 86661 6543 3073 1442 2360 1836 2204 1473 982 1205 736 631 49278 47792 38870 1486 26846 1124 37383 524 713 4339 1152 733 526
is_linear=0
shrinkage=0.03


Tree=82
num_leaves=31
num_cat=0
split_feature=23 2 23 23 16 22 14 34 2 31 19 9 25 24 0 6 24 9 19 24 17 0 12 0 16 27 2 33 2 12
split_gain=938.647 118.206 73.8591 63.6231 28.4101 20.5068 18.3747 18.1627 17.1086 18.1388 11.1809 16.5844 10.2546 9.77934 9.84277 9.27363 9.86632 8.8622 18.8387 8.78143 8.47202 7.61256 7.57088 7.46727 7.15835 7.12424 6.97353 6.82049 6.6722 6.39605
threshold=0.94471827380329176 1.1474195251904404 0.90224575742711521 0.97102885636651037 14.942500000000003 2.7275833333333339 0.69195375568024708 958.22500000000014 1.1147052438648881 1.3812249728329637 5.182500000000001 3.5000000000000004 5.392500000000001 7.0250000000000012 10.297500000000003 2.5000000000000004 6.3750000000000009 3.5000000000000004 9.9025000000000016 9.2750000000000021 13.477500000000003 8.3825000000000021 12.917500000000002 10.872500000000002 12.892500000000002 3.6493750000000009 1.080967743183042 -0.57357643635104616 1.2167232008117836 5.4875000000000016
decision_type=2 2 2 2 8 2 2 2 2 2 10 2 10 8 2 2 10 2 10 10 2 2 10 2 10 2 2 2 2 10
left_child=2 8 5 12 6 -1 20 19 -2 -10 15 27 -3 -9 21 16 26 18 28 -4 -5 -15 -11 -22 -8 -18 -7 -12 -14 -28
right_child=1 3 7 4 -6 10 24 13 9 22 11 -13 17 14 -16 -17 25 -19 -20 -21 23 -23 -24 -25 -26 -27 29 -29 -30 -31
leaf_value=-0.0037436155519064121 -1.5274070685235009e-05 4.5248000229877245e-05 4.4634869749267649e-05 4.5252698820327227e-05 4.5252698820333888e-05 -0.0037170795583408756 4.5252698804403299e-05 3.1068172264753224e-05 4.519327825187661e-05 4.4990372403578279e-05 0.0035963246525176542 -0.00018251213753926352 4.5237007047270279e-05 4.4272555711971637e-05 4.4457139263415353e-05 0.00058872203507926964 0.0036530096852324234 4.525270388321176e-05 4.5252703861528022e-05 6.9562211390957753e-05 4.5252698820333888e-05 4.9421247237292867e-05 4.8288663958347967e-05 4.5252698820333888e-05 4.5252698820690273e-05 0.00010672319247085005 -0.0018828345806454515 0.00032749366754515624 4.5991671040419568e-05 -2.367691470330211e-05
leaf_weight=11810 450 637 3295 211 869 2490 278 393 342 421 345 7586 321 313 328 7837 253 558 254 330 349 758 443 838 393 2747 29612 7968 217 16378
leaf_count=11810 450 637 3295 211 869 2490 278 393 342 421 345 7586 321 313 328 7837 253 558 254 330 349 758 443 838 393 2747 29612 7968 217 16378
internal_value=0.000604247 0.0115468 -0.000175332 0.0138773 0.0166891 -0.000386966 0.0146977 0.00322187 0.00459482 0.00645087 -0.000204438 0.000501948 0.00968825 0.00568948 0.00686111 -0.000393801 -0.000540158 0.0111808 0.00902635 0.00199587 0.0166828 0.00825 0.00409436 0.0177005 0.0104689 0.00112812 -0.000643499 0.00142715 0.00575691 -0.000559627
internal_weight=99024 6581 92443 4925 2938 87026 2069 5417 1656 1206 75216 15899 1987 1792 1399 59317 51480 1350 792 3625 1398 1071 864 1187 671 3000 48480 8313 538 45990
internal_count=99024 6581 92443 4925 2938 87026 2069 5417 1656 1206 75216 15899 1987 1792 1399 59317 51480 1350 792 3625 1398 1071 864 1187 671 3000 48480 8313 538 45990
is_linear=0
shrinkage=0.03


Tree=83
num_leaves=31
num_cat=0
split_feature=22 1 22 16 1 14 3 20 17 9 31 27 26 1 24 19 32 32 22 7 13 1 35 21 2 10 31 13 35 27
split_gain=951.488 153.685 79.0503 48.7496 22.2803 21.1509 24.0849 18.6079 18.3297 16.3019 17.6287 12.9751 12.3838 12.2449 15.2361 12.0963 11.9084 11.1776 13.7301 10.7351 9.48288 9.02374 9.10264 8.94913 8.19429 8.16072 10.2979 7.05239 6.70707 8.68171
threshold=11.4945 13.575000000000003 10.176875000000003 13.997500000000002 23.525000000000002 0.69816425956455153 10.321794376825713 5.7695000000000016 13.587500000000002 1.0000000180025095e-35 1.3812249728329637 5.5225000000000017 5.0375000000000005 13.375000000000002 8.0250000000000021 8.7975000000000012 -0.96359376111369355 -0.90255091666790832 10.880833333333333 17.500000000000004 11.894166666666669 5.2750000000000012 85.750000000000014 2.61754059151983 1.091864055375056 11.500000000000002 1.4981258517259308 8.4291666666666689 37.750000000000007 2.007083333333334
decision_type=2 2 2 8 2 2 2 2 2 2 2 2 2 2 8 10 2 2 2 2 2 2 2 2 2 2 2 2 2 2
left_child=2 3 7 5 9 6 -2 19 12 -3 -11 -5 -8 14 -4 -15 -7 -16 27 -1 -12 -21 23 28 -9 26 -13 -19 -23 -30
right_child=1 4 13 11 -6 16 8 24 -10 10 20 25 -14 15 17 -17 -18 18 -20 21 -22 22 -24 -25 -26 -27 -28 -29 29 -31
leaf_value=-0.0034470014858968543 4.3895117857883913e-05 -5.7718950700261779e-05 4.3533096021202143e-05 4.389518746317248e-05 -2.2377823645857165e-05 4.389511785606204e-05 4.3895117855140095e-05 -0.0013878549045981336 4.3895117856108667e-05 4.3895117855832887e-05 -1.7292191261608332e-06 4.3895117855722305e-05 4.3895117765254673e-05 8.5894349643484665e-06 4.6089643557968295e-05 4.7590124198552128e-05 4.3895117855689e-05 3.8722132683846054e-05 4.4063353213552646e-05 -0.0033244707663395196 4.5620520937035276e-05 -0.0032047641428095217 0.012375528566088459 0.0031327473136795502 4.603002220062274e-05 4.3895117855722305e-05 4.3895117855722305e-05 7.2178852337117429e-05 -0.002206477294892008 0.0013056046662401053
leaf_weight=16566 675 202 1850 202 472 485 219 3329 852 438 238 576 246 1634 715 556 325 316 450 9197 646 6678 247 3125 35797 542 441 316 4598 7184
leaf_count=16566 675 202 1850 202 472 485 219 3329 852 438 238 576 246 1634 715 556 325 316 450 9197 646 6678 247 3125 35797 542 441 316 4598 7184
internal_value=0.000590272 0.0116275 -0.000192453 0.0146631 0.00466866 0.0121603 0.0138327 -0.000419979 0.0162095 0.00642773 0.00763677 0.0185997 0.0112021 0.00318538 0.00424945 0.00140774 0.00798773 0.00621476 0.00813615 -0.000818383 0.00514961 -0.000489045 -0.00015689 -0.000223021 6.4705e-05 0.019548 0.0177094 0.00521821 -0.000474412 -4.37778e-05
internal_weight=99117 6559 92558 4563 1996 2802 1992 86721 1317 1524 1322 1761 465 5837 3647 2190 810 1797 1082 47595 884 31029 21832 21585 39126 1559 1017 632 18460 11782
internal_count=99117 6559 92558 4563 1996 2802 1992 86721 1317 1524 1322 1761 465 5837 3647 2190 810 1797 1082 47595 884 31029 21832 21585 39126 1559 1017 632 18460 11782
is_linear=0
shrinkage=0.03


Tree=84
num_leaves=31
num_cat=0
split_feature=23 2 23 22 2 27 35 25 2 32 2 32 12 26 26 33 32 24 22 10 32 2 22 2 19 25 32 19 32 8
split_gain=956.311 131.453 95.5537 44.1641 21.3602 19.0193 14.9816 14.7848 13.7653 13.7584 13.3587 12.7059 15.048 11.3187 11.3093 17.6088 10.1414 16.6859 9.93181 9.78954 9.62609 9.08255 8.69856 8.65405 10.0989 9.26126 8.30218 8.28039 8.94056 7.34985
threshold=0.95802549872652831 1.1454304126959505 0.90224575742711521 13.050625000000002 1.1714236925654091 2.547083333333334 39.250000000000007 7.432500000000001 1.1203756394215605 -0.95368063612909426 1.2171714731601126 -0.96359376111369355 10.727500000000003 2.6175000000000006 3.3825000000000003 0.11319890333640049 -0.96811077628253228 8.0250000000000021 11.068875 2.5000000000000004 -0.80382625221112003 1.1753829650923688 13.504000000000003 1.1524226626396639 8.8675000000000015 1.2075000000000002 0.87032255546191739 5.2175000000000011 -0.8949002852437673 13.500000000000002
decision_type=2 2 2 2 2 2 2 8 2 2 2 2 10 2 2 2 2 8 2 2 2 2 2 2 10 8 2 10 2 2
left_child=2 7 5 11 9 19 20 22 -4 -5 23 21 14 -10 -13 -16 -15 -18 -19 -1 -7 -3 -2 -8 25 -25 -20 -21 -29 -27
right_child=1 3 8 4 -6 6 10 -9 13 -11 -12 12 -14 16 15 -17 17 18 26 27 -22 -23 -24 24 -26 29 -28 28 -30 -31
leaf_value=-0.004775690165850565 3.409027013869026e-05 4.2578264154875529e-05 -1.459459448937661e-05 4.2578264320050071e-05 4.2578264320050071e-05 -0.0021682601379621057 -1.7836774874442351e-05 4.2723647092926887e-05 4.1140673023440631e-05 4.2578264320050071e-05 -0.00021916091155588718 4.2578263119646965e-05 4.2578264320040083e-05 4.2504625368109427e-05 4.2578265735047503e-05 4.2578270597402041e-05 4.2563841055180537e-05 4.4245529166070385e-05 4.4761399439954048e-05 -0.0019710605727510026 -2.5403251495438235e-05 4.2578264347638002e-05 4.261778099644372e-05 0.0020891870945294209 0.00020321202490671171 8.0342343739824295e-05 4.2531087417462561e-05 0.0061957792346359619 0.00057594526358632281 0.00052001723769523091
leaf_weight=5305 684 262 842 447 1356 8341 12662 468 773 205 7818 207 688 1018 392 463 1801 1016 355 26018 8937 380 243 295 325 9653 444 213 897 6649
leaf_count=5305 684 262 842 447 1356 8341 12662 468 773 205 7818 207 688 1018 392 463 1801 1016 355 26018 8937 380 243 295 325 9653 444 213 897 6649
internal_value=0.000606673 0.0124267 -0.000127626 0.0149694 0.0182742 -0.000384755 -4.33398e-05 0.00438214 0.00345427 0.0135982 0.000294169 0.0121627 0.0135043 0.00400942 0.0111565 0.0126802 0.00456952 0.005314 0.00734341 -0.000960263 -0.000773825 0.00842967 0.00216631 0.000585622 0.00102936 0.000925731 0.00985448 -0.000729518 0.00180269 0.000829336
internal_weight=99157 5795 93362 4400 2008 87113 54680 1395 6249 652 37402 2392 1750 5407 1062 855 4634 3616 1815 32433 17278 642 927 29584 16922 16597 799 27128 1110 16302
internal_count=99157 5795 93362 4400 2008 87113 54680 1395 6249 652 37402 2392 1750 5407 1062 855 4634 3616 1815 32433 17278 642 927 29584 16922 16597 799 27128 1110 16302
is_linear=0
shrinkage=0.03


Tree=85
num_leaves=31
num_cat=0
split_feature=23 16 23 23 10 34 34 16 10 10 25 34 9 33 17 15 3 10 35 35 34 10 34 13 31 26 17 26 10 19
split_gain=931.184 80.5157 66.0329 40.1482 41.1213 48.3121 20.0709 18.3375 17.0198 19.553 15.4728 12.6127 20.8028 11.1211 11.0991 10.457 10.2379 9.98966 8.84419 8.65989 11.0768 12.6813 18.1457 11.2918 8.44856 10.1606 8.90407 8.15995 10.7312 8.14148
threshold=0.94471827380329176 12.892500000000002 0.90224575742711521 0.96853676129614419 11.500000000000002 950.82500000000016 958.22500000000014 6.8125000000000009 10.500000000000002 3.5000000000000004 8.4175000000000022 956.02500000000009 4.5000000000000009 -0.12186934340514725 10.397500000000003 -0.37499999999999983 10.702133751397637 1.5000000000000002 36.250000000000007 37.750000000000007 951.82500000000016 3.5000000000000004 947.47500000000014 2.6958333333333342 2.085535092841849 5.3775000000000013 4.9575000000000005 2.2175000000000007 2.5000000000000004 1.6125000000000005
decision_type=2 8 2 2 2 2 2 10 2 2 8 2 2 2 2 10 2 2 2 2 2 2 2 2 2 2 2 2 2 10
left_child=2 8 7 18 5 -5 -4 14 9 15 -11 12 -7 -10 17 -2 -13 -1 -3 -19 21 22 -21 -22 26 -26 27 -9 -29 -23
right_child=1 3 6 4 -6 11 -8 24 13 10 -12 16 -14 -15 -16 -17 -18 19 -20 20 23 29 -24 -25 25 -27 -28 28 -30 -31
leaf_value=-0.0050674398256223344 4.1300915971979046e-05 4.1300921386574697e-05 4.1225376051949867e-05 4.1300916390447637e-05 4.1300916390447637e-05 4.1300916390447637e-05 4.1082885136789483e-05 -0.00011006584701138692 4.1300916536574081e-05 4.1325367374225315e-05 4.1300916339315205e-05 4.1300916390447637e-05 4.1300916361250994e-05 4.1300916538872244e-05 0.00073292455505949091 4.1300916374706214e-05 4.1300916390447637e-05 -0.0034512807768392667 4.1301479679021597e-05 0.013569697876016759 -0.0037041843627815432 -0.0011592074380254891 0.00055589910578879125 -0.00071153123853482953 -0.00037425339151821667 0.00050921622744901302 3.577735747968935e-05 0.0051105643211600826 0.0027686580932145045 0.0018888151318852736
leaf_weight=4024 201 206 3659 500 737 736 1811 1337 221 1020 217 260 214 271 2069 533 713 11984 804 226 7941 6243 438 11678 11083 264 22957 238 1911 4728
leaf_count=4024 201 206 3659 500 737 736 1811 1337 221 1020 217 260 214 271 2069 533 713 11984 804 226 7941 6243 438 11678 11083 264 22957 238 1911 4728
internal_value=0.000601517 0.0114554 -0.000176607 0.0139976 0.0156682 0.0137236 0.00301918 -0.00037742 0.00713168 0.0058588 0.00353382 0.0158823 0.0132565 0.0121207 -0.000758331 0.00972666 0.018365 -0.000852519 0.00871921 -0.000719285 -0.000456253 0.000277061 0.00428699 -0.000891103 0.000119856 -0.000564747 0.000413679 0.00182526 0.00296797 3.25248e-05
internal_weight=99224 6633 92591 4170 3160 2423 5470 87121 2463 1971 1237 1923 950 492 49331 734 973 47262 1010 43238 31254 11635 664 19619 37790 11347 26443 3486 2149 10971
internal_count=99224 6633 92591 4170 3160 2423 5470 87121 2463 1971 1237 1923 950 492 49331 734 973 47262 1010 43238 31254 11635 664 19619 37790 11347 26443 3486 2149 10971
is_linear=0
shrinkage=0.03


Tree=86
num_leaves=31
num_cat=0
split_feature=22 2 22 16 34 1 31 14 0 22 32 18 32 2 25 24 26 12 32 34 35 29 33 19 1 13 34 19 35 1
split_gain=955.046 139.57 82.7016 54.9148 23.9195 20.177 20.2177 19.8897 23.8276 18.0535 17.0596 17.5555 13.9093 22.7193 13.8729 12.1781 12.0716 11.3628 10.5049 10.024 9.56007 9.00794 8.31231 7.9177 7.84959 8.04531 7.64205 7.48491 10.5972 9.14584
threshold=11.625333333333336 1.1474195251904404 10.176875000000003 13.997500000000002 958.22500000000014 23.525000000000002 1.2750705252476495 0.69816425956455153 10.622500000000002 4.1822083333333344 -0.94260559819261247 8.4775000000000027 -0.92384435400961384 1.1762199089169951 6.3625000000000016 8.0250000000000021 4.0725000000000007 12.662500000000001 -0.96359376111369355 951.82500000000016 61.750000000000007 7.0225000000000017 -0.78257835753184624 8.8675000000000015 -1.0000000180025095e-35 8.3175000000000026 967.77500000000009 5.182500000000001 54.250000000000007 -2.1749999999999994
decision_type=2 2 2 8 2 2 2 2 2 2 2 10 2 2 10 8 2 10 2 2 2 2 2 10 2 2 2 10 2 2
left_child=2 5 9 7 23 6 -2 8 -3 19 -6 -12 13 -10 16 -13 -5 -8 -9 20 22 -17 -1 24 25 -4 -21 28 -11 -30
right_child=1 3 4 14 10 -7 17 18 12 27 11 15 -14 -15 -16 21 -18 -19 -20 26 -22 -23 -24 -25 -26 -27 -28 -29 29 -31
leaf_value=0.0018648775436717784 4.0265008601712002e-05 4.0061888962033463e-05 3.9339912338322014e-05 4.006188889872475e-05 3.6995299464465115e-05 -2.3922131956141122e-05 3.9950514701072719e-05 4.0061888899081798e-05 4.0061888898714755e-05 -0.00057608452582328046 4.0300640872572564e-05 3.9792430960398371e-05 4.006188889872475e-05 4.0061888911054886e-05 4.0061888898734745e-05 4.5493177082903679e-05 4.0061888898734745e-05 4.2305903774323415e-05 4.0061888898722751e-05 -0.0031880190040593529 0.0031441910707052877 3.9751766312643433e-05 -0.0022581589859934294 4.0827292320980702e-05 3.1087129118609416e-05 4.3724192081989159e-05 0.013107444187606418 0.00013577186777188665 -0.00046366770583373241 0.00028849571067153908
leaf_weight=1286 200 671 203 249 502 447 409 507 286 18920 383 515 446 440 1146 424 431 610 333 16629 2392 219 8923 1089 2628 205 565 15566 6421 16258
leaf_count=1286 200 671 203 249 502 447 409 507 286 18920 383 515 446 440 1146 424 431 610 333 16629 2392 219 8923 1089 2628 205 565 15566 6421 16258
internal_value=0.000620705 0.0120413 -0.000137159 0.0147813 0.00321821 0.00460323 0.00659559 0.0120056 0.0137614 -0.000375324 0.00586963 0.00743014 0.0163585 0.0136005 0.0188159 0.00926569 0.0151533 0.00483691 0.00809467 -0.000973994 -0.000331034 0.0120231 -0.000731056 0.00189952 0.00110885 0.00495399 -0.00144497 -6.32332e-05 -0.00027322 0.000164124
internal_weight=99303 6175 93128 4509 6168 1666 1219 2683 1843 86960 2043 1541 1172 726 1826 1158 680 1019 840 29795 12601 643 10209 4125 3036 408 17194 57165 41599 22679
internal_count=99303 6175 93128 4509 6168 1666 1219 2683 1843 86960 2043 1541 1172 726 1826 1158 680 1019 840 29795 12601 643 10209 4125 3036 408 17194 57165 41599 22679
is_linear=0
shrinkage=0.03


Tree=87
num_leaves=31
num_cat=0
split_feature=23 2 23 16 32 0 16 1 31 25 9 24 1 1 10 8 32 17 8 9 24 7 2 0 20 23 32 1 11 24
split_gain=925.613 137.819 77.7075 53.3593 19.1325 35.5665 17.8611 15.6888 20.0289 14.8837 13.3338 12.1771 12.069 10.8386 10.814 10.5566 14.5439 10.2885 9.12272 8.63397 8.20494 7.87522 7.70791 7.31942 8.28447 7.27595 6.78077 7.21048 6.75524 7.29496
threshold=0.95123381308365573 1.1474195251904404 0.90224575742711521 13.997500000000002 -0.96359376111369355 10.622500000000002 6.8125000000000009 23.525000000000002 1.3812249728329637 6.3625000000000016 4.5000000000000009 8.0250000000000021 7.6250000000000009 21.725000000000005 1.5000000000000002 12.500000000000002 -0.84335933205092495 10.397500000000003 13.500000000000002 2.5000000000000004 10.625000000000002 17.500000000000004 1.2386194290078867 6.2025000000000015 7.2312500000000011 0.98197505710993016 -0.92384435400961384 6.9750000000000005 1.7375000000000005 4.1250000000000009
decision_type=2 2 2 8 2 2 10 2 2 10 2 10 2 2 2 2 2 2 2 2 8 2 2 2 2 2 2 2 10 8
left_child=2 7 6 4 12 18 14 8 -2 10 -5 13 20 22 -1 19 -17 21 -6 -13 -3 -16 -4 24 -19 -10 27 -7 -8 -30
right_child=1 3 11 9 5 26 28 -9 25 -11 -12 15 -14 -15 17 16 -18 23 -20 -21 -22 -23 -24 -25 -26 -27 -28 -29 29 -31
leaf_value=-0.005101445820904691 3.8826856300954173e-05 3.8860032234068195e-05 3.8797605213511944e-05 3.8860032231773366e-05 3.8860032035246814e-05 3.8860032231370354e-05 0.0034085427885476773 -2.3204467997457455e-05 4.0371284980722509e-05 3.8860032231773366e-05 3.8860032231773366e-05 4.5501175083452907e-05 3.8860032226367019e-05 -0.00037008664779693474 -0.0027198848863352839 3.3943916456443676e-05 3.8259430390809032e-05 0.0019584363149492646 3.8860030670402332e-05 5.5650370853785876e-05 3.8860032382752503e-05 -0.00083746712606482833 4.3850036587447239e-05 -6.6477240724235325e-05 0.0021703052051793448 3.8400832236275044e-05 3.8860032231763371e-05 3.8860032231750381e-05 -0.0017936133895820154 5.2482094240827161e-05
leaf_weight=4141 337 250 3614 475 574 223 845 412 615 1130 208 324 440 460 15234 557 302 878 263 317 327 28079 240 823 212 234 567 200 7133 29645
leaf_count=4141 337 250 3614 475 574 223 845 412 615 1130 208 324 440 460 15234 557 302 878 263 317 327 28079 240 823 212 234 567 200 7133 29645
internal_value=0.000611755 0.0117772 -0.000141388 0.0143842 0.0117789 0.0136294 -0.000365884 0.00415845 0.00590428 0.0184274 0.0146817 0.00321498 0.00840411 0.00240055 -0.000741129 0.00554153 0.0033368 -0.00060662 0.00898931 0.00844737 0.0112526 -0.000701764 0.00291993 0.00154379 0.00315068 0.00341101 0.0174874 0.0142079 0.000126527 6.54099e-05
internal_weight=99059 6255 92804 4657 2844 1827 86990 1598 1186 1813 683 5814 1017 4314 49367 1500 859 45226 837 641 577 43313 3854 1913 1090 849 990 423 37623 36778
internal_count=99059 6255 92804 4657 2844 1827 86990 1598 1186 1813 683 5814 1017 4314 49367 1500 859 45226 837 641 577 43313 3854 1913 1090 849 990 423 37623 36778
is_linear=0
shrinkage=0.03


Tree=88
num_leaves=31
num_cat=0
split_feature=22 2 22 20 34 2 22 32 25 25 17 32 12 26 33 8 10 35 1 12 32 21 19 26 24 12 8 33 35 22
split_gain=934.177 141.697 75.0805 49.5863 20.247 19.4117 18.8196 17.4382 17.1543 13.6255 12.2604 11.6864 14.0893 12.5432 14.5723 11.1704 11.1407 9.57889 13.2062 15.909 10.8332 9.92532 9.39159 8.72037 8.62233 7.47687 9.93371 6.99931 6.80571 6.73196
threshold=11.625333333333336 1.1474195251904404 10.389791666666669 12.953375000000003 958.22500000000014 1.1714236925654091 2.6210000000000009 -0.94260559819261247 6.3625000000000016 6.5325000000000015 13.922500000000003 -0.96359376111369355 10.727500000000003 3.4025000000000007 0.11319890333640049 16.500000000000004 10.500000000000002 43.750000000000007 0.32500000000000012 5.5925000000000011 -0.82903757255504162 3.650592325346993 8.8675000000000015 6.3625000000000016 8.2250000000000014 8.927500000000002 17.500000000000004 0.15643446504023081 47.750000000000007 13.274833333333335
decision_type=2 2 2 2 2 2 2 2 8 8 2 2 10 2 2 2 2 2 2 10 2 2 10 2 10 10 2 2 2 2
left_child=2 8 6 11 22 9 -1 -6 29 -5 -7 16 13 -13 28 24 -3 20 19 -19 -8 -20 -4 -10 27 -24 -27 -9 -15 -2
right_child=1 3 4 5 7 10 17 15 23 -11 -12 12 -14 14 -16 -17 -18 18 21 -21 -22 -23 25 -25 -26 26 -28 -29 -30 -31
leaf_value=-0.003576536268331809 -9.1325438206246728e-06 3.7694231223201219e-05 3.7427117268629126e-05 3.7694231264820962e-05 3.5629191699389524e-05 3.7694231264824296e-05 -0.0019345163171842405 3.8714191625325297e-05 3.9601328742911998e-05 3.7694231264820962e-05 3.7694231264820962e-05 3.7694230100432376e-05 3.7694231264794318e-05 3.7694235915213121e-05 3.7694237092126268e-05 3.7732329492708519e-05 3.7694300301710685e-05 -0.0034118657851112317 0.00011051946694354498 5.2294339753775682e-05 -2.3261762417609866e-05 0.0015510042437430027 3.5869206274947046e-05 3.7616217699066863e-05 3.7433144648988865e-05 3.870637134222374e-05 2.9588533652269542e-05 3.1687926218230134e-05 3.7682019148737218e-05 3.7605290690349013e-05
leaf_weight=10587 608 399 2433 315 444 224 11684 332 565 370 1241 207 618 200 433 281 226 9393 34394 6740 13303 1799 298 265 241 433 203 318 204 221
leaf_count=10587 608 399 2433 315 444 224 11684 332 565 370 1241 207 618 200 433 281 226 9393 34394 6740 13303 1799 298 265 241 433 203 318 204 221
internal_value=0.000598914 0.0119705 -0.000148018 0.0147656 0.00343244 0.0180557 -0.000351175 0.00618877 0.00447296 0.0136739 0.020051 0.0116401 0.0129718 0.0107417 0.0123741 0.00810025 0.00802381 -0.000188689 4.20776e-05 -0.000671645 -0.000671856 0.000360268 0.00210231 0.00750898 0.00639174 0.00465176 0.00647738 0.00453435 0.00811247 0.00140647
internal_weight=98979 6096 92883 4437 4983 2150 87900 1616 1659 685 1465 2287 1662 1044 837 1172 625 77313 52326 16133 24987 36193 3367 830 891 934 636 650 404 829
internal_count=98979 6096 92883 4437 4983 2150 87900 1616 1659 685 1465 2287 1662 1044 837 1172 625 77313 52326 16133 24987 36193 3367 830 891 934 636 650 404 829
is_linear=0
shrinkage=0.03


Tree=89
num_leaves=31
num_cat=0
split_feature=23 2 23 23 17 34 22 2 31 35 25 32 11 27 21 2 12 10 33 34 35 19 8 12 35 34 10 0 2 32
split_gain=972.649 141.999 62.221 57.2792 23.0266 19.2253 18.5734 15.6705 23.4874 14.7457 13.8354 13.2857 18.7279 11.5641 10.5546 10.026 9.68939 15.0726 12.0881 13.0508 11.3314 9.177 9.70961 8.57756 8.05581 8.0313 7.82897 13.5069 7.02198 8.34194
threshold=0.94471827380329176 1.1474195251904404 0.97102885636651037 0.90224575742711521 13.477500000000003 958.22500000000014 2.6210000000000009 1.1147052438648881 1.3258301079052313 71.250000000000014 5.642500000000001 -0.90992662233962551 8.4575000000000014 6.8975 3.7013606435342759 1.0769155455750139 5.5925000000000011 2.5000000000000004 0.44618082326431213 950.02500000000009 63.250000000000007 10.002500000000003 15.500000000000002 12.662500000000001 44.250000000000007 951.92500000000018 11.500000000000002 10.622500000000002 1.1247621642456853 -0.7880107536067219
decision_type=2 2 2 2 2 2 2 2 2 2 8 2 10 2 2 2 10 2 2 2 2 10 2 10 2 2 2 2 2 2
left_child=3 7 9 6 13 -5 -1 -2 -9 21 -6 -7 -13 -4 15 -8 17 25 20 24 -19 22 -3 -10 -20 -17 27 -12 29 -18
right_child=1 2 4 5 10 11 14 8 23 -11 26 12 -14 -15 -16 16 28 18 19 -21 -22 -23 -24 -25 -26 -27 -28 -29 -30 -31
leaf_value=-0.0035780941847933906 -2.3696373819822592e-05 3.6563400804109359e-05 3.6563404327224488e-05 3.5776658096611234e-05 3.6563404326874772e-05 3.5973022294274461e-05 -0.0028042422372855972 3.6704159086332621e-05 3.5977608841055234e-05 3.6563489145459762e-05 3.6563404326874772e-05 3.4044154666469371e-05 3.8099796604524263e-05 3.6563404326874772e-05 0.00087194519408994567 0.0044126457404435769 -0.0017664614996455634 -0.0017384084068902117 0.0027552114058423181 -6.8210080599852719e-05 0.00054665689451929638 3.6563429719831606e-05 3.6563409227165733e-05 3.9434122745920506e-05 0.008550827094044821 -0.0045255360721153399 3.6563404326874772e-05 3.6563404326874772e-05 9.7433171788828904e-05 0.00016707099831767989
leaf_weight=10595 458 759 205 3651 337 521 2772 272 404 684 231 673 601 345 3592 202 5657 17551 1196 3027 9924 268 271 540 542 6564 623 1234 21907 3617
leaf_count=10595 458 759 205 3651 337 521 2772 272 404 684 231 673 601 345 3592 202 5657 17551 1196 3027 9924 268 271 540 542 6564 623 1234 21907 3617
internal_value=0.000631787 0.0117265 0.0142763 -0.000163354 0.0170285 0.00282003 -0.000349945 0.00415604 0.0059312 0.0101127 0.0183025 0.00535833 0.00700391 0.0112973 -0.000186962 -0.000265159 -0.000195194 -0.000510318 -0.000240038 0.00115409 -0.000481988 0.012 0.0106087 0.00365437 0.00322203 -0.00179708 0.0192384 0.0178469 0.000199031 -0.000492726
internal_weight=99223 6631 4957 92592 2975 5446 87146 1674 1216 1982 2425 1795 1274 550 76551 72959 70187 39006 32240 4765 27475 1298 1030 944 1738 6766 2088 1465 31181 9274
internal_count=99223 6631 4957 92592 2975 5446 87146 1674 1216 1982 2425 1795 1274 550 76551 72959 70187 39006 32240 4765 27475 1298 1030 944 1738 6766 2088 1465 31181 9274
is_linear=0
shrinkage=0.03


Tree=90
num_leaves=31
num_cat=0
split_feature=23 2 23 20 2 34 25 27 32 23 25 32 34 34 8 2 8 19 26 10 33 8 35 31 35 33 34 29 35 25
split_gain=955.718 125.378 72.9724 56.2099 21.1664 19.5023 16.9127 15.76 15.6046 15.4332 14.6426 14.5055 12.6373 14.1078 18.6338 12.5846 12.1842 10.9028 9.89469 9.57389 9.32641 8.78075 8.43172 7.85132 7.79992 7.63632 17.8989 9.46047 9.39295 11.3001
threshold=0.95123381308365573 1.1474195251904404 0.90224575742711521 13.143125000000003 1.1714236925654091 958.22500000000014 5.4825000000000008 2.5720833333333339 -0.96359376111369355 0.96853676129614419 6.4675000000000011 -0.94260559819261247 951.92500000000018 967.52500000000009 15.500000000000002 1.0755131976497585 14.500000000000002 5.182500000000001 6.3625000000000016 8.5000000000000018 -0.58778525229247303 6.5000000000000009 52.750000000000007 1.3640388349514565 62.250000000000007 0.3090169943749474 943.72500000000014 2.8075000000000006 30.750000000000004 4.5775000000000015
decision_type=2 2 2 2 2 2 10 2 2 2 8 2 2 2 2 2 2 10 2 2 2 2 2 2 2 2 2 2 2 8
left_child=2 10 7 6 19 -4 -3 12 -8 21 -2 -7 17 -14 -15 -9 22 24 23 -5 -17 -10 -13 -12 -1 -22 28 -28 -27 -30
right_child=1 3 5 4 -6 11 8 15 9 -11 18 16 13 14 -16 20 -18 -19 -20 -21 25 -23 -24 -25 -26 26 27 -29 29 -31
leaf_value=-0.0018750248919431715 3.5999410003753935e-05 3.5466502197057935e-05 3.5596228910786596e-05 3.546650219706793e-05 3.546650219706793e-05 3.1840224861264151e-05 3.5466502196471056e-05 -0.0030853767639690559 3.5464785724255181e-05 3.5466502197057935e-05 3.5603061166474864e-05 3.5136249613234579e-05 -0.0031211337817267067 -0.0038000897782354453 0.017688412431563459 0.0021101546999882613 3.5992791021881572e-05 0.0028226144310904756 3.5357718325300657e-05 3.546650219706793e-05 -6.3317447136890248e-05 3.5466516150852062e-05 3.5672254253452839e-05 3.7480291365142781e-05 0.0015917207988504617 0.00064003825598123111 -0.0018410464417123668 0.00022018445828513456 0.0080582021434769929 0.0022553280657433526
leaf_weight=9363 800 820 3870 315 1342 468 429 2499 202 743 216 349 19375 494 250 2287 458 766 241 282 36191 533 663 283 3040 355 3997 7973 279 200
leaf_count=9363 800 820 3870 315 1342 468 429 2499 202 743 216 349 19375 494 250 2287 458 766 241 282 36191 533 663 283 3040 355 3997 7973 279 200
internal_value=0.000630863 0.0120241 -0.000131038 0.0144727 0.0183966 0.00312334 0.0116541 -0.000348291 0.013216 0.0146905 0.00458252 0.00557694 -0.000861263 -0.00133408 0.00270761 -3.07336e-05 0.00703729 -0.000138683 0.00761074 0.0134701 7.06605e-05 0.0114527 0.00515634 0.010006 -0.000353724 -1.68374e-05 0.000612693 0.000315657 0.00484863 0.00756818
internal_weight=99083 6206 92877 4666 1939 5808 2727 87069 1907 1478 1540 1938 33288 20119 744 53781 1470 13169 740 597 51282 735 1012 499 12403 48995 12804 11970 834 479
internal_count=99083 6206 92877 4666 1939 5808 2727 87069 1907 1478 1540 1938 33288 20119 744 53781 1470 13169 740 597 51282 735 1012 499 12403 48995 12804 11970 834 479
is_linear=0
shrinkage=0.03


Tree=91
num_leaves=31
num_cat=0
split_feature=23 1 23 16 32 3 34 22 32 24 1 2 10 27 10 35 32 29 34 26 1 19 33 28 35 17 19 12 18 27
split_gain=938.264 142.336 81.2698 45.2779 21.2309 31.4732 20.0415 15.685 15.1063 16.0719 11.4587 11.2485 10.2185 14.9129 9.14366 12.2009 10.9257 10.1018 13.1702 7.60024 8.49706 8.19795 8.49543 7.41475 9.35196 9.66573 7.37831 10.9937 14.9366 7.11241
threshold=0.95802549872652831 15.275000000000002 0.90224575742711521 13.997500000000002 -0.96359376111369355 10.321794376825713 958.02500000000009 2.6210000000000009 -0.94260559819261247 7.1750000000000016 25.175000000000004 1.1753829650923688 11.500000000000002 6.3643750000000008 1.5000000000000002 40.250000000000007 -0.82903757255504162 3.0725000000000007 952.72500000000014 3.8625000000000007 32.82500000000001 7.972500000000001 0.15643446504023081 1.5414981885918386 56.750000000000007 14.327500000000002 8.8675000000000015 9.3125000000000018 10.912500000000001 3.0006250000000008
decision_type=2 2 2 8 2 2 2 2 2 8 2 2 2 2 2 2 2 2 2 2 2 8 2 2 2 2 10 10 10 2
left_child=2 3 7 4 11 -6 26 -1 -8 -10 23 -2 13 -5 17 16 -16 -9 -19 -18 21 -21 -23 -3 25 -25 -4 -28 -29 -17
right_child=1 10 6 12 5 -7 8 14 9 -11 -12 -13 -14 -15 15 29 19 18 -20 20 -22 22 -24 24 -26 -27 27 28 -30 -31
leaf_value=-0.0032222389455551191 3.4402507126348707e-05 3.4132221945651905e-05 3.4599800316540421e-05 3.4402507131154887e-05 3.4402511071160422e-05 3.4402507131144899e-05 3.3131632858965921e-05 -0.0046381336960162334 3.3262694549664846e-05 3.5867487066523507e-05 -6.2163131042239621e-05 3.4402507133379778e-05 3.4402507131154887e-05 3.4402507131154887e-05 -0.0019816663772992027 -0.00033155274889073549 -0.00017845712444228279 0.0020039444583208532 -6.5307090683475557e-05 0.0005328111746690119 -0.0013267308395780669 0.00036812592109968623 0.0037682305237973705 4.1143406232773659e-05 3.4197764520222938e-05 3.4520941765191495e-05 -6.791051408647378e-06 3.5348349713633433e-05 3.4930125394887486e-05 0.00014692790975031733
leaf_weight=10556 425 251 2907 316 581 1086 565 4566 453 1119 220 506 592 859 9998 24671 8150 237 2179 1028 855 511 449 261 316 335 393 289 442 23862
leaf_count=10556 425 251 2907 316 581 1086 565 4566 453 1119 220 506 592 859 9998 24671 8150 237 2179 1028 855 511 449 261 316 335 393 289 442 23862
internal_value=0.000617439 0.0123755 -0.000108115 0.0150309 0.012461 0.014503 0.00321821 -0.000343943 0.00556443 0.00707292 0.00397046 0.00874679 0.0187635 0.0169449 -0.000194326 -9.03515e-05 -0.000694562 -0.00122885 0.000339528 -4.17356e-05 0.00129249 0.00236628 0.00435233 0.00515497 0.00640567 0.00860566 0.00196903 0.00402834 0.00619158 0.00017102
internal_weight=98978 5748 93230 4365 2598 1667 6168 87062 2137 1572 1383 931 1767 1175 76506 69524 20991 6982 2416 10993 2843 1988 960 1163 912 596 4031 1124 731 48533
internal_count=98978 5748 93230 4365 2598 1667 6168 87062 2137 1572 1383 931 1767 1175 76506 69524 20991 6982 2416 10993 2843 1988 960 1163 912 596 4031 1124 731 48533
is_linear=0
shrinkage=0.03


Tree=92
num_leaves=31
num_cat=0
split_feature=23 1 23 23 14 34 20 32 22 24 1 31 25 32 23 35 1 31 29 8 23 25 22 25 2 32 31 34 27 2
split_gain=936.552 130.134 81.9462 45.4645 23.8342 21.2006 15.7606 15.3567 15.2778 14.5461 13.498 17.4818 11.7419 14.978 9.59625 8.7531 12.6163 9.78049 12.1588 8.42581 8.35495 8.03605 8.01577 7.96479 7.82433 7.74875 7.72659 7.49338 7.08736 11.7038
threshold=0.95802549872652831 15.275000000000002 0.90224575742711521 0.97769015574246521 0.63388353294065891 958.02500000000009 13.866125 -0.94260559819261247 2.6210000000000009 7.0250000000000012 23.225000000000005 1.3258301079052313 5.4825000000000008 -0.96359376111369355 0.96853676129614419 43.750000000000007 0.47500000000000009 1.8073767772118723 3.8725000000000005 14.500000000000002 0.92578450925712452 5.7175000000000011 13.756541666666669 6.6525000000000007 1.2062830380741694 -0.82903757255504162 1.3143322444050507 974.87500000000011 2.5864583333333342 1.1524226626396639
decision_type=2 2 2 2 2 2 2 2 2 8 2 2 8 2 2 2 2 2 2 2 2 10 2 10 2 2 2 2 2 2
left_child=2 3 8 12 -5 20 -6 -7 -1 -9 11 -3 -2 -14 -15 25 17 27 -19 -11 -4 -8 -13 24 -22 -10 -27 -17 -18 -30
right_child=1 10 5 4 6 7 21 9 15 19 -12 22 13 14 -16 16 28 18 -20 -21 23 -23 -24 -25 -26 26 -28 -29 29 -31
leaf_value=-0.0033138210410682111 3.3370429736757634e-05 3.3492313800586682e-05 3.1833200872569688e-05 3.3370431917220109e-05 3.3370431917214112e-05 3.312388800301269e-05 3.3370431917220109e-05 3.2357395263383766e-05 -0.0017686707753736175 3.4443887315469583e-05 -1.4880632653261339e-05 3.5185585216064298e-05 3.3370431943825387e-05 3.3370426855506888e-05 3.3370435261066854e-05 -0.0023599445972305477 -0.00031691476833150005 -7.9523907442660135e-05 0.00033538045251795933 3.5715105566151198e-05 3.3887156786509552e-05 3.3370431917220109e-05 3.3148055848858133e-05 3.3693016903197121e-05 3.3616933618910715e-05 0.00013194381128157405 -0.0006880940874381458 0.0015311931188786681 -7.0345387378912224e-05 0.00045970432310473677
leaf_weight=10639 529 206 2548 1535 367 574 202 372 11665 812 392 563 341 667 492 7159 13710 8107 695 374 884 354 222 311 282 7625 5662 262 9843 11885
leaf_count=10639 529 206 2548 1535 367 574 202 372 11665 812 392 563 341 667 492 7159 13710 8107 695 374 884 354 222 311 282 7625 5662 262 9843 11885
internal_value=0.000611608 0.0122298 -0.000119116 0.0147081 0.0174689 0.00322444 0.0135032 0.00564062 -0.000355227 0.00718234 0.00416498 0.00602108 0.0113289 0.0126977 0.0143325 -0.00020725 1.56188e-05 -0.000677164 -6.81991e-07 0.00880101 0.00193921 0.0167059 0.00393038 0.00373077 0.00257216 -0.000668591 -0.000173112 -0.00147899 0.000332815 0.000669764
internal_weight=99279 5870 93409 4487 2458 6157 923 2132 87252 1558 1383 991 2029 1500 1159 76613 51661 16223 8802 1186 4025 556 785 1477 1166 24952 13287 7421 35438 21728
internal_count=99279 5870 93409 4487 2458 6157 923 2132 87252 1558 1383 991 2029 1500 1159 76613 51661 16223 8802 1186 4025 556 785 1477 1166 24952 13287 7421 35438 21728
is_linear=0
shrinkage=0.03


Tree=93
num_leaves=31
num_cat=0
split_feature=23 2 23 23 16 34 32 22 31 2 34 22 32 24 16 35 10 19 9 35 24 32 19 0 33 1 34 1 31 9
split_gain=970.607 128.227 64.8761 57.0717 28.5555 19.4719 16.6651 15.7767 14.4904 13.3136 13.0985 12.4596 12.4374 15.2384 12.0561 11.6692 11.2577 10.1853 14.2688 11.8808 10.8113 9.70759 9.24216 8.92423 8.52069 7.8104 7.39505 13.2864 13.8631 7.34543
threshold=0.94471827380329176 1.1474195251904404 0.97102885636651037 0.90224575742711521 12.892500000000002 958.02500000000009 -0.96359376111369355 2.7275833333333339 1.2357433217189318 1.1714236925654091 954.22500000000014 13.504000000000003 -0.97233289553061575 7.0250000000000012 15.287500000000001 71.250000000000014 1.5000000000000002 5.182500000000001 3.5000000000000004 39.250000000000007 6.3750000000000009 -0.79332313182700742 10.002500000000003 8.3825000000000021 0.39073112848927366 23.675000000000004 960.02500000000009 5.2750000000000012 1.1610343578959099 3.5000000000000004
decision_type=2 2 2 2 8 2 2 2 2 2 2 2 2 8 8 2 2 10 2 2 10 2 10 2 2 2 2 2 2 2
left_child=3 8 15 7 6 -5 -4 -1 -2 10 -6 -10 -7 -14 -11 22 -9 19 -19 21 24 -18 29 -15 -21 26 -26 -28 -29 -3
right_child=1 2 4 5 9 12 -8 16 11 14 -12 -13 13 23 -16 -17 17 18 -20 20 -22 -23 -24 -25 25 -27 27 28 -30 -31
leaf_value=-0.0030292739229798296 3.2386329844301203e-05 3.2356325836866426e-05 3.236931893834782e-05 3.2540342395267483e-05 3.236931895969408e-05 3.8990388987036351e-06 3.2369321921640096e-05 -0.002038080471910713 3.403916632582474e-05 3.2369318959704075e-05 3.2369318959704075e-05 3.2250420150226477e-05 1.8761326142684124e-05 3.2050959385212122e-05 3.2369318959704075e-05 3.236950329431493e-05 -0.0034971978606233201 0.00044667091964061234 -0.00010280573100673013 -0.00017996056345485992 0.00056082380687669351 -7.1966296849654824e-05 3.2369465188746283e-05 3.7144441808670956e-05 -0.00053266532352694643 0.0057160648404797985 0.00059317361704476078 0.0066095001968346865 0.00013244217198890907 3.2369322933368802e-05
leaf_weight=11767 216 455 323 3539 311 333 280 6783 985 1250 279 448 361 311 561 694 7221 7660 6914 32465 2214 7601 281 853 2535 493 857 214 204 572
leaf_count=11767 216 455 323 3539 311 333 280 6783 985 1250 279 448 361 311 561 694 7221 7660 6914 32465 2214 7601 281 853 2535 493 857 214 204 572
internal_value=0.000639793 0.0117004 0.0140894 -0.000158075 0.0168853 0.00283395 0.0108898 -0.00034399 0.00442745 0.0183653 0.0141681 0.00331085 0.00531723 0.00646078 0.01969 0.00986248 -0.000184033 -6.8351e-05 0.000635022 -0.000258917 1.60046e-05 -0.000981723 0.011543 0.00812489 -0.000106709 0.00114694 0.000684141 0.00254297 0.00689362 0.010125
internal_weight=98980 6655 5006 92325 3004 5397 603 86928 1649 2401 590 1433 1858 1525 1811 2002 75161 68378 14574 53804 38982 14822 1308 1164 36768 4303 3810 1275 418 1027
internal_count=98980 6655 5006 92325 3004 5397 603 86928 1649 2401 590 1433 1858 1525 1811 2002 75161 68378 14574 53804 38982 14822 1308 1164 36768 4303 3810 1275 418 1027
is_linear=0
shrinkage=0.03


Tree=94
num_leaves=31
num_cat=0
split_feature=23 2 23 20 2 34 1 20 29 10 35 9 24 2 6 24 35 14 8 34 35 9 23 1 1 8 20 10 29 21
split_gain=975.677 141.342 68.9279 59.1967 19.7905 17.5834 17.4149 13.1836 12.9224 14.6353 12.7241 10.7673 15.4483 11.3124 9.80201 8.91215 8.6785 8.33887 8.33314 12.258 7.91476 8.88051 7.89992 7.38712 13.256 11.7199 7.31259 6.97986 9.5697 8.6034
threshold=0.95123381308365573 1.1474195251904404 0.90224575742711521 13.143125000000003 1.1714236925654091 958.22500000000014 23.525000000000002 2.2883750000000007 8.0275000000000016 4.5000000000000009 68.250000000000014 3.5000000000000004 8.1750000000000025 1.2333019773299563 1.5000000000000002 9.1750000000000025 57.250000000000007 0.63388353294065891 15.500000000000002 952.92500000000018 58.750000000000007 3.5000000000000004 0.24908386293528875 7.6250000000000009 1.7250000000000003 12.500000000000002 10.964500000000003 1.5000000000000002 3.0725000000000007 2.5866334297685603
decision_type=2 2 2 2 2 2 2 2 2 2 2 2 8 2 2 10 2 2 2 2 2 2 2 2 2 2 2 2 2 2
left_child=2 6 7 10 17 15 8 -1 -2 -10 18 13 -13 -7 22 -4 -11 -5 19 -3 21 -21 -9 24 25 -12 -14 28 -16 -29
right_child=1 3 5 4 -6 11 -8 14 9 16 23 12 26 -15 27 -17 -18 -19 -20 20 -22 -23 -24 -25 -26 -27 -28 29 -30 -31
leaf_value=-0.0035913260714594336 3.3128377298587974e-05 3.1398241242912569e-05 3.1564132123408363e-05 3.139823939091402e-05 3.139823939091402e-05 2.5086995928897958e-05 -2.4395845587379393e-05 -0.0024823628921032087 3.183429194791679e-05 3.2588075690047932e-05 3.1426211126988065e-05 2.9780631753121024e-05 3.9994161167112944e-05 8.3140702674822117e-05 -0.0042763157224357971 5.1744888456689544e-05 3.0819814562429434e-05 3.139823939091402e-05 3.1398243600559016e-05 3.1398239328519811e-05 3.1398239390169275e-05 3.1398239390904025e-05 -4.7406943435532489e-05 3.1373178907948548e-05 3.1398239390530992e-05 3.1398240316476218e-05 3.249652835045837e-05 -3.1651045927025833e-05 0.0001638069020219679 0.00057150462363993269
leaf_weight=7874 415 210 3459 232 1339 891 412 13617 243 263 374 374 265 218 3103 395 267 346 352 317 370 361 15736 208 295 237 207 34357 1594 10731
leaf_count=7874 415 210 3459 232 1339 891 412 13617 243 263 374 374 265 218 3103 395 267 346 352 317 370 361 15736 208 295 237 207 34357 1594 10731
internal_value=0.000659795 0.0121369 -0.000112502 0.0147863 0.0188444 0.00305005 0.00442991 -0.0003238 0.00626655 0.00854884 0.0119011 0.0053648 0.00791069 0.00339587 -0.000207271 0.00187043 0.00566355 0.0139554 0.0136347 0.01238 0.0137094 0.0156896 -0.00064204 0.00934584 0.0105181 0.00788474 0.0114969 4.91055e-05 -0.00105083 0.000163794
internal_weight=99062 6241 92821 4641 1917 5809 1600 87012 1188 773 2724 1955 846 1109 79138 3854 530 578 1610 1258 1048 678 29353 1114 906 611 472 49785 4697 45088
internal_count=99062 6241 92821 4641 1917 5809 1600 87012 1188 773 2724 1955 846 1109 79138 3854 530 578 1610 1258 1048 678 29353 1114 906 611 472 49785 4697 45088
is_linear=0
shrinkage=0.03


Tree=95
num_leaves=31
num_cat=0
split_feature=23 1 23 16 34 25 32 0 22 23 9 24 1 22 1 31 35 1 12 35 12 31 1 31 15 31 10 31 22 34
split_gain=930.888 138.062 74.9012 51.8036 22.2428 21.4135 17.7848 23.9031 15.5621 15.3271 14.5813 17.5687 13.1491 12.1772 11.0175 15.2337 9.37435 9.95975 12.244 9.42474 9.50189 9.30062 10.2343 10.1441 8.51633 8.15138 7.97305 8.6137 7.26093 7.22005
threshold=0.95802549872652831 15.275000000000002 0.90224575742711521 13.997500000000002 958.22500000000014 5.5475000000000012 -0.96359376111369355 10.622500000000002 2.6210000000000009 0.97930537588274169 3.5000000000000004 8.0250000000000021 -5.1749999999999989 11.068875 23.525000000000002 1.3143322444050507 31.250000000000004 -2.1749999999999994 5.1725000000000012 63.250000000000007 10.402500000000002 1.3448496905393461 25.325000000000006 1.0274352229183144 -0.50999999999999923 1.1869068841949832 11.500000000000002 1.4981258517259308 13.504000000000003 952.12500000000011
decision_type=2 2 2 8 2 8 2 2 2 2 2 8 2 2 2 2 2 2 10 2 10 2 2 2 10 2 2 2 2 2
left_child=2 3 8 5 25 -2 24 -8 29 -5 12 -12 -6 -13 15 -3 -10 18 -18 20 21 22 -19 -24 -7 -4 27 -11 -17 -1
right_child=1 14 4 9 10 6 7 -9 16 26 11 13 -14 -15 -16 28 17 19 -20 -21 -22 -23 23 -25 -26 -27 -28 -29 -30 -31
leaf_value=-0.0016266641833802237 3.0456292187513731e-05 3.0529157303504917e-05 4.7967874773765513e-05 3.045629204359912e-05 7.9232455696476298e-05 3.0456292199987355e-05 3.0456291909639609e-05 3.0456292209180001e-05 -0.00059386421387474966 3.0456292209186662e-05 2.9930414668609684e-05 3.4059711749697673e-05 2.4334386051032553e-05 3.205346455471658e-05 -1.4669850910548065e-05 3.2114991350847832e-05 -0.0041634705572799486 -1.6446822342861312e-05 4.6554962508391045e-05 0.00031370134901709566 0.00059055300618695791 -0.00037800240279362935 0.0081241157537707623 0.0019420930591659911 3.0456292210738755e-05 3.0467922088658583e-05 3.0456292209186662e-05 3.0456292209186662e-05 3.0283189564476361e-05 -0.0040132415667350155
leaf_weight=4148 657 200 227 538 252 245 510 796 12759 526 380 300 943 223 358 498 5399 8024 4438 21606 1005 20807 221 2226 441 3891 419 331 332 6440
leaf_count=4148 657 200 227 538 252 245 510 796 12759 526 380 300 943 223 358 498 5399 8024 4438 21606 1005 20807 221 2226 441 3891 419 331 332 6440
internal_value=0.000646023 0.0122485 -8.2289e-05 0.0148167 0.00309789 0.0120961 0.0136525 0.01573 -0.000309482 0.0187455 0.00560913 0.00848128 0.0034125 0.0120284 0.00396698 0.00553623 -0.000160218 -1.15806e-05 -0.000889149 0.00014868 -0.000175886 -0.000268325 0.000460767 0.00215701 0.00961216 0.00181324 0.0205948 0.0186299 0.0037006 -0.00138714
internal_weight=99140 5851 93289 4463 6216 2649 1992 1306 87073 1814 2098 903 1195 523 1388 1030 76485 63726 9837 53889 32283 31278 10471 2447 686 4118 1276 857 830 10588
internal_count=99140 5851 93289 4463 6216 2649 1992 1306 87073 1814 2098 903 1195 523 1388 1030 76485 63726 9837 53889 32283 31278 10471 2447 686 4118 1276 857 830 10588
is_linear=0
shrinkage=0.03


Tree=96
num_leaves=31
num_cat=0
split_feature=23 1 23 16 32 3 34 1 31 32 22 8 31 27 31 23 2 1 31 19 9 35 1 12 27 35 1 27 34 31
split_gain=922.964 137.462 77.6368 47.6428 22.5089 29.4623 21.0298 14.8293 24.575 13.7106 13.1632 12.1938 11.6174 11.4631 15.3641 11.0804 10.8722 10.7003 19.3552 9.19216 13.329 10.7446 11.7373 17.205 8.54765 8.02405 8.09202 7.86799 7.84307 7.38561
threshold=0.95802549872652831 15.275000000000002 0.90224575742711521 13.997500000000002 -0.96359376111369355 10.439077069198984 958.02500000000009 21.875000000000004 1.3949988541162692 -0.93038214053199442 2.6210000000000009 14.500000000000002 1.8701187327197217 6.0914583333333345 1.8004958342549586 0.92135163589546987 1.1753829650923688 23.525000000000002 1.2855743068152372 5.182500000000001 3.5000000000000004 54.250000000000007 -1.6249999999999998 5.1725000000000012 6.2993750000000013 54.250000000000007 7.825000000000002 2.7620833333333339 966.72500000000014 1.8073767772118723
decision_type=2 2 2 8 2 2 2 2 2 2 2 2 2 2 2 2 2 2 2 10 2 2 2 10 2 2 2 2 2 2
left_child=2 3 10 4 16 12 15 8 -3 -8 -1 25 -6 14 -5 -4 -2 18 -17 21 -21 -12 23 -23 -7 26 -11 28 -24 -25
right_child=1 7 6 13 5 24 9 -9 -10 11 19 -13 -14 -15 -16 17 -18 -19 -20 20 -22 22 27 29 -26 -27 -28 -29 -30 -31
leaf_value=-0.0028456202281225839 2.9542603414343116e-05 2.9613261101733366e-05 2.3303204243775935e-05 2.9542603442910264e-05 2.9542602950057839e-05 2.9542663754102496e-05 2.9115638690578369e-05 3.2478240316084145e-06 2.9311728070877819e-05 2.9298104494679399e-05 -0.00064124080649681221 2.9786670001683558e-05 2.9543170663217653e-05 2.9542603442910264e-05 2.9542603442910264e-05 3.3779500279835729e-05 2.9542603464259852e-05 -8.8734637025218878e-05 3.0405010304710431e-05 0.00033491411942979777 -0.00014423030295960702 -0.0042176960411287835 -0.00043637212274298123 -0.00075992844362573694 2.9542603442900273e-05 3.003943793790209e-05 2.7777724909929801e-05 0.00050148674927980898 0.008154235429397496 0.0006027474140422195
leaf_weight=10590 437 205 2294 202 395 324 596 560 610 200 27998 491 243 1338 281 212 519 273 1266 8387 7489 5631 12360 1632 697 660 200 10487 271 2102
leaf_count=10590 437 205 2294 202 395 324 596 560 610 200 27998 491 243 1338 281 212 519 273 1266 8387 7489 5631 12360 1632 697 660 200 10487 271 2102
internal_value=0.000635136 0.0122295 -8.88631e-05 0.0147967 0.0121546 0.0142806 0.0031554 0.00392391 0.0064939 0.00555251 -0.000320074 0.00703535 0.00910731 0.0185471 0.0142439 0.00187778 0.00840999 0.00367141 0.00467701 -0.000182565 0.000459794 -0.000351206 2.00375e-05 -0.000875668 0.0174532 0.0051831 0.00851852 0.000382995 -0.000121321 0.000702861
internal_weight=98950 5811 93139 4436 2615 1659 6192 1375 815 2147 86947 1551 638 1821 483 4045 956 1751 1478 76357 15876 60481 32483 9365 1021 1060 400 23118 12631 3734
internal_count=98950 5811 93139 4436 2615 1659 6192 1375 815 2147 86947 1551 638 1821 483 4045 956 1751 1478 76357 15876 60481 32483 9365 1021 1060 400 23118 12631 3734
is_linear=0
shrinkage=0.03


Tree=97
num_leaves=31
num_cat=0
split_feature=23 2 16 23 32 0 27 1 31 34 22 32 0 25 6 2 35 24 10 1 23 19 9 9 35 34 33 19 10 5
split_gain=931.559 129.27 69.5842 52.8678 25.8426 37.8644 19.8711 18.7475 30.2473 17.1995 12.9992 11.0563 11.977 10.3488 10.0642 9.43071 9.07968 10.8414 9.48915 8.19084 7.82043 7.78791 10.9053 10.5477 9.04527 14.6745 8.43704 10.0522 11.1216 9.7246
threshold=0.94471827380329176 1.1474195251904404 13.997500000000002 0.90224575742711521 -0.96359376111369355 10.622500000000002 5.920625000000002 21.875000000000004 1.3812249728329637 958.22500000000014 2.4865000000000004 -0.94260559819261247 8.3825000000000021 5.5125000000000011 2.5000000000000004 1.1762199089169951 19.750000000000004 7.3750000000000009 1.5000000000000002 1.7250000000000003 0.98197505710993016 4.9225000000000012 3.5000000000000004 2.5000000000000004 54.250000000000007 952.82500000000016 0.39073112848927366 1.0000000180025095e-35 7.5000000000000009 0.1133300012348553
decision_type=2 2 8 2 2 2 2 2 2 2 2 2 2 8 2 2 2 10 2 2 2 10 2 2 2 2 2 10 2 2
left_child=3 7 4 10 15 -6 19 8 -2 -5 -1 -11 -13 -7 16 -3 -12 18 -18 -4 -10 23 -23 24 -20 -26 -25 29 -29 -28
right_child=1 2 6 9 5 13 -8 -9 20 11 14 12 -14 -15 -16 -17 17 -19 21 -21 -22 22 -24 26 25 -27 27 28 -30 -31
leaf_value=-0.003019090556433692 2.8749652892299247e-05 2.8656325311912087e-05 2.8656390535256201e-05 2.8731938612120213e-05 2.865632486155567e-05 2.865632573744287e-05 2.8656325339623255e-05 1.1893288075801589e-05 3.0441295203021359e-05 2.5587741972358246e-05 -0.0017031313485848692 2.4602176388560658e-05 2.9501559109824659e-05 2.8656325339613263e-05 0.00056020298377023128 2.8656325336243254e-05 -0.0025160877570660524 0.00023781128098534165 -0.0022510954412371317 2.8656325339623255e-05 2.8109776198307883e-05 0.00054843141863022298 -0.0001491274964100131 -9.4827811199899712e-05 0.0025599235807284436 -0.0013272655785156028 0.0052941863841530906 0.0044345880958155436 -0.0038915721232883286 0.00012054800018236222
leaf_weight=9043 283 470 203 3613 990 206 1448 653 559 427 3650 514 852 827 10079 635 6082 2806 9390 206 200 5951 5738 21108 2733 7321 918 606 1237 604
leaf_count=9043 283 470 203 3613 990 206 1448 653 559 427 3650 514 852 827 10079 635 6082 2806 9390 206 200 5951 5738 21108 2733 7321 918 606 1237 604
internal_value=0.00065485 0.0114705 0.0139028 -0.000125339 0.0111382 0.0131612 0.0185172 0.00429706 0.0067851 0.00275217 -0.000303744 0.00515072 0.00646389 0.0171879 -0.000179208 0.00739189 -0.000310086 -0.000227632 -0.000310636 0.0123986 0.00361649 -0.000187518 0.000500512 -0.000370681 -0.00089218 -0.000266628 4.37529e-05 0.00143768 -5.35721e-05 0.00323772
internal_weight=99352 6680 4985 92672 3128 2023 1857 1695 1042 5406 87266 1793 1366 1033 78223 1105 68144 64494 61688 409 759 55606 11689 43917 19444 10054 24473 3365 1843 1522
internal_count=99352 6680 4985 92672 3128 2023 1857 1695 1042 5406 87266 1793 1366 1033 78223 1105 68144 64494 61688 409 759 55606 11689 43917 19444 10054 24473 3365 1843 1522
is_linear=0
shrinkage=0.03


Tree=98
num_leaves=31
num_cat=0
split_feature=23 1 23 23 16 34 1 31 31 1 24 34 16 32 24 35 14 31 32 21 35 30 8 29 30 0 27 28 16 34
split_gain=946.497 140.545 70.8901 52.8997 27.3318 17.9187 17.3482 32.0003 15.8658 14.8882 14.2667 13.2532 10.8626 10.5282 11.2417 10.4527 10.2668 9.96121 12.7392 13.2739 9.43331 9.09609 8.60348 8.47708 8.35577 8.27081 7.69005 7.63167 7.95471 6.66611
threshold=0.94471827380329176 14.975000000000003 0.97102885636651037 0.90224575742711521 12.892500000000002 958.02500000000009 21.875000000000004 1.3812249728329637 1.5368841264838746 8.8250000000000028 4.0750000000000011 954.32500000000016 15.287500000000001 -0.94260559819261247 7.575000000000002 68.250000000000014 3.0704410649503333 1.752707020295907 -0.74892720285008318 2.6908356043987989 52.250000000000007 4.5250000000000012 6.5000000000000009 8.1425000000000018 6.7250000000000005 8.3825000000000021 1.8179166666666668 0.97074713460136708 6.9075000000000015 954.02500000000009
decision_type=2 2 2 2 8 2 2 2 2 2 8 2 8 2 8 2 2 2 2 2 2 2 2 2 2 2 2 2 10 2
left_child=3 2 15 10 8 -5 7 -3 -4 12 26 -11 -6 -7 -15 -2 17 18 19 -12 -19 29 -17 -9 -22 -16 -1 28 -21 -20
right_child=1 6 4 5 9 13 -8 23 -10 11 16 -13 -14 14 25 22 -18 20 21 27 24 -23 -24 -25 -26 -27 -28 -29 -30 -31
leaf_value=-0.0034030953247170368 2.779662922826387e-05 2.7944364076009018e-05 2.7796635553151149e-05 2.7832672023311657e-05 2.779663557943346e-05 2.3854971396887193e-05 1.1536489433526808e-05 2.7480005672225755e-05 2.7796635397155931e-05 2.779663557943346e-05 -0.0016947433047018576 2.779663557943346e-05 2.779663557943346e-05 2.602505080128714e-05 2.3864111096904006e-05 2.7667335463126273e-05 0.0025216419667580944 -0.00012301207015264049 0.00024001383118480715 0.0011579635950719289 0.00023818237772880944 0.00015223244539813076 2.7873450583487668e-05 2.8137337464015613e-05 0.00031554657859452325 2.8916296591032786e-05 -0.0011271808324014221 0.00016862577719183524 0.0046722390016238633 -0.0027340464527083556
leaf_weight=7499 1168 255 374 3581 1241 451 653 392 203 336 15018 276 557 542 235 211 418 7525 3219 212 11730 12245 641 349 3141 642 21235 1632 230 3088
leaf_count=7499 1168 255 374 3581 1241 451 653 392 203 336 15018 276 557 542 235 211 418 7525 3219 212 11730 12245 641 349 3141 642 21235 1632 230 3088
internal_value=0.000662843 0.0115856 0.014086 -0.000122497 0.0170284 0.00274322 0.003974 0.00645554 0.0109948 0.0184472 -0.0003018 0.0141394 0.0198702 0.00512 0.00638553 0.0097037 -3.27394e-05 -6.66731e-05 -0.000378188 -0.000968943 0.000429087 0.00016619 0.00709918 0.00325335 0.000866966 0.00847959 -0.000849091 0.0012785 0.00475168 -0.000759031
internal_weight=99299 6656 5007 92643 2987 5451 1649 996 577 2410 87192 612 1798 1870 1419 2020 58458 58040 35644 17092 22396 18552 852 741 14871 877 28734 2074 442 6307
internal_count=99299 6656 5007 92643 2987 5451 1649 996 577 2410 87192 612 1798 1870 1419 2020 58458 58040 35644 17092 22396 18552 852 741 14871 877 28734 2074 442 6307
is_linear=0
shrinkage=0.03


Tree=99
num_leaves=31
num_cat=0
split_feature=23 1 23 22 16 25 32 34 16 10 16 35 35 34 11 19 32 24 19 34 31 27 32 1 10 17 10 25 1 21
split_gain=926.534 140.911 67.1669 51.3925 32.4246 16.4055 16.3167 14.9458 13.4701 14.7473 12.1552 11.7826 10.9326 9.63967 15.8274 9.07965 8.84839 8.88352 8.43926 8.88416 8.36469 8.33821 8.97054 8.42006 7.73831 8.41109 7.45452 8.21164 7.27058 7.25427
threshold=0.94471827380329176 14.975000000000003 0.97102885636651037 10.389791666666669 12.892500000000002 7.0725000000000007 -0.96359376111369355 958.22500000000014 6.8125000000000009 2.5000000000000004 15.287500000000001 68.250000000000014 39.250000000000007 966.87500000000011 4.097500000000001 8.8675000000000015 -0.96359376111369355 6.825000000000002 10.002500000000003 956.72500000000014 2.3816876958252187 2.5043750000000009 -0.83385407025023295 -1.0000000180025095e-35 3.5000000000000004 3.8125000000000009 6.5000000000000009 6.0675000000000008 21.725000000000005 1.3929487580868141
decision_type=2 2 2 2 8 8 2 2 8 2 8 2 2 2 8 10 2 8 10 2 2 2 2 2 2 2 2 8 2 2
left_child=3 2 11 8 6 -3 -4 15 9 -1 -6 18 -11 20 -15 -5 -9 -18 19 -2 -10 -14 24 -24 25 -23 27 -17 -7 -16
right_child=1 5 4 7 10 28 -8 16 13 12 -12 -13 21 14 29 26 17 -19 -20 -21 -22 22 23 -25 -26 -27 -28 -29 -30 -31
leaf_value=-0.0039892274752527344 2.6963260302023262e-05 2.6771853735929606e-05 2.6962736491039823e-05 2.6322810731406186e-05 2.6962736512051722e-05 2.6853765485755907e-05 2.6962739740841147e-05 2.3139322254980276e-05 3.2243462577957739e-05 -0.002790069905720343 2.6962736512051722e-05 2.6960286387753091e-05 -0.00083763648104526634 0.017067730956889238 -0.0013369101765081947 -3.368742336958769e-05 1.4926582938357676e-05 2.7736363286543497e-05 2.6963091600017277e-05 2.6962723828594278e-05 -0.0018550695837920737 0.010031796384865108 -0.0039018931251435275 0.0036411366335185311 -0.0010953086132822235 0.00028671877520619615 5.2658072105914606e-05 2.5620637350070028e-05 4.8324929971280756e-05 0.00058916392971364632
leaf_weight=5997 343 1029 332 2361 1669 385 271 302 35505 13251 689 837 17624 201 393 280 208 853 261 582 4636 213 540 4107 4632 403 348 265 204 639
leaf_count=5997 343 1029 332 2361 1669 385 271 302 35505 13251 689 837 17624 201 393 280 208 853 261 582 4636 213 540 4107 4632 403 348 265 204 639
internal_value=0.000664217 0.0115187 0.0140144 -0.000108923 0.0169005 0.00381146 0.0105444 0.00297469 -0.000270609 -0.00061941 0.0185002 0.00975888 -0.000414961 0.000123685 0.00273102 0.00186499 0.00560746 0.00689212 0.0116977 0.0102419 4.32664e-05 -7.40089e-05 0.000622727 0.0015819 -0.000227299 0.00291787 0.00443318 0.00220909 0.00778283 0.00120926
internal_weight=99360 6602 4984 92758 2961 1618 603 4617 88141 46767 2358 2023 40770 41374 1233 3254 1363 1061 1186 925 40141 27519 9895 4647 5248 616 893 545 589 1032
internal_count=99360 6602 4984 92758 2961 1618 603 4617 88141 46767 2358 2023 40770 41374 1233 3254 1363 1061 1186 925 40141 27519 9895 4647 5248 616 893 545 589 1032
is_linear=0
shrinkage=0.03


Tree=100
num_leaves=31
num_cat=0
split_feature=23 2 23 22 16 32 1 31 1 34 24 0 32 2 18 24 2 32 12 26 24 9 9 31 32 19 31 26 21 34
split_gain=933.273 141.165 70.4804 51.3919 33.3442 24.46 17.4326 32.4202 15.8503 14.0971 12.9627 9.81728 9.53327 9.24129 8.91042 8.58792 8.53353 8.51151 9.34484 10.1705 8.02134 9.22658 7.79175 6.74596 13.8978 11.4586 11.2207 10.5781 8.42909 7.87372
threshold=0.94471827380329176 1.1474195251904404 0.97102885636651037 10.176875000000003 13.997500000000002 -0.95878322595067689 21.875000000000004 1.3812249728329637 8.8250000000000028 958.02500000000009 4.0750000000000011 10.622500000000002 -0.97233289553061575 1.0755131976497585 8.4775000000000027 9.2250000000000014 1.2221243581812249 -0.96359376111369355 10.112500000000002 3.3025000000000007 8.0250000000000021 3.5000000000000004 4.5000000000000009 1.7233553997606079 -0.74892720285008318 7.807500000000001 1.4011430809716037 3.2075000000000005 2.6908356043987989 967.27500000000009
decision_type=2 2 2 2 8 2 2 2 2 2 8 2 2 2 10 10 2 2 10 2 8 2 2 2 2 10 2 2 2 2
left_child=3 6 17 10 5 8 7 -2 -4 15 -1 -7 -11 -12 -14 -5 23 -3 19 -19 -16 -22 -6 24 25 28 -27 -26 -15 -25
right_child=1 2 4 9 22 11 -8 -9 -10 12 13 -13 14 16 20 -17 -18 18 -20 -21 21 -23 -24 29 27 26 -28 -29 -30 -31
leaf_value=-0.0018254328577491112 2.6243219418675689e-05 2.6151372017811607e-05 2.6153854419315161e-05 2.596580886972953e-05 2.6153854416690602e-05 2.6153853952964878e-05 2.8445167243567632e-06 2.6090560739731699e-05 2.6153854390698061e-05 1.5076516422209974e-05 -0.0026979148951097307 2.6153854416680611e-05 2.6577209120813849e-05 -0.0019944404191899003 2.5000810028871223e-05 5.9069359435303264e-05 -0.00053518771213006695 2.5758549273791066e-05 2.6153851351139456e-05 2.6165461620716693e-05 2.539143409960839e-05 3.0143015462410848e-05 2.6153854416690602e-05 0.00020197930932011512 1.7561143260425373e-05 0.00072308882972736189 -0.00020716476730613941 0.00091027014105900315 0.0008858957195156885 0.0051142226692859694
leaf_weight=28851 279 479 391 3569 1129 205 643 752 285 333 2303 563 399 11752 489 375 6774 201 682 657 330 318 387 19161 11492 243 269 4078 1729 281
leaf_count=28851 279 479 391 3569 1129 205 643 752 285 333 2303 563 399 11752 489 375 6774 201 682 657 330 318 387 19161 11492 243 269 4078 1729 281
internal_value=0.000661874 0.0115111 0.0140435 -0.000116959 0.0169983 0.0136356 0.0039595 0.00636776 0.00935683 0.00261275 -0.000299628 0.0173169 0.00475614 -4.14213e-05 0.00575081 0.0015923 3.55471e-05 0.00968034 0.0107767 0.00859328 0.0071007 0.00928943 0.020146 0.000173535 -0.000111912 -0.0007979 0.00358607 0.000504654 -0.000965669 0.000607497
internal_weight=99399 6653 4979 92746 2960 1444 1674 1031 676 5813 86933 768 1869 58082 1536 3944 55779 2019 1540 858 1137 648 1516 49005 29563 13993 512 15570 13481 19442
internal_count=99399 6653 4979 92746 2960 1444 1674 1031 676 5813 86933 768 1869 58082 1536 3944 55779 2019 1540 858 1137 648 1516 49005 29563 13993 512 15570 13481 19442
is_linear=0
shrinkage=0.03


Tree=101
num_leaves=31
num_cat=0
split_feature=23 2 22 16 23 25 1 31 34 28 22 34 35 9 24 26 4 17 15 26 19 34 16 11 10 31 19 34 1 14
split_gain=923.978 140.943 60.4149 56.2823 17.3375 16.8441 15.6695 32.0629 15.5847 13.3632 13.0958 14.5558 15.6018 12.8234 13.241 11.7487 11.4059 18.123 13.451 9.8698 9.65694 8.85518 14.6393 8.53276 8.20523 13.1967 7.98123 7.91085 7.6664 7.35863
threshold=0.95123381308365573 1.1474195251904404 10.389791666666669 13.997500000000002 0.9808168523507349 5.5475000000000012 21.875000000000004 1.3812249728329637 958.22500000000014 1.0441159536466025 6.3442499999999997 951.82500000000016 61.750000000000007 3.5000000000000004 8.0250000000000021 3.6125000000000007 0.91416700100052362 13.587500000000002 -0.43999999999999978 5.0375000000000005 8.8675000000000015 967.52500000000009 6.8125000000000009 3.8825000000000007 8.5000000000000018 1.463629327329018 5.0525000000000011 942.02500000000009 -0.27499999999999986 2.1483064992306642
decision_type=2 2 2 8 2 8 2 2 2 2 2 2 2 2 8 2 2 2 10 2 10 2 8 8 2 2 10 2 2 2
left_child=2 6 10 5 15 -3 7 -2 20 -7 11 12 26 -10 -15 -5 -11 19 -19 -18 -4 28 -23 29 25 -6 -1 -14 -13 -12
right_child=1 3 8 4 24 9 -8 -9 13 16 23 21 27 14 -16 -17 17 18 -20 -21 -22 22 -24 -25 -26 -27 -28 -29 -30 -31
leaf_value=-0.0012687353262752692 2.5431133212445931e-05 2.5369238446976259e-05 2.5311458632130641e-05 2.5369238428969429e-05 2.5369238784188617e-05 2.5369237466513315e-05 1.0301903636712461e-05 2.5133169031346921e-05 2.269513586960037e-05 2.5369238334375097e-05 0.0012977183670395548 -0.0036484454737708617 0.0085928219931646014 2.538365927250541e-05 2.6583312088936023e-05 2.5369238784188617e-05 2.5369238804925362e-05 2.536923878648044e-05 2.5369238784188617e-05 2.5369237075505153e-05 2.6044910231594054e-05 -0.00059988855481709258 0.015418969245762019 1.302835381057916e-05 2.5369238784188617e-05 2.5369238784188617e-05 0.0024225034969201828 0.0025398978729517584 -0.001670654405806316 0.0031898525232663269
leaf_weight=18090 245 729 2447 251 253 205 614 715 848 529 944 8356 201 274 405 437 200 202 692 309 973 877 202 32694 648 218 1262 4488 20513 213
leaf_count=18090 245 729 2447 251 253 205 614 715 848 529 944 8356 201 274 405 437 200 202 692 309 973 877 202 32694 648 218 1262 4488 20513 213
internal_value=0.000637809 0.0118009 -0.000114353 0.0144145 0.0185811 0.0117597 0.00402027 0.00640414 0.00310965 0.0131134 -0.00029609 -0.000586121 -3.63061e-05 0.00562598 0.0086886 0.0145974 0.0138895 0.0153345 0.0179399 0.0106284 0.00197956 -0.00102741 0.00163561 0.000166499 0.0209546 0.0174517 -0.000412565 0.00151534 -0.00112721 0.00269277
internal_weight=99034 6247 92787 4673 1807 2866 1574 960 4947 2137 87840 53989 24041 1527 679 688 1932 1403 894 509 3420 29948 1079 33851 1119 471 19352 4689 28869 1157
internal_count=99034 6247 92787 4673 1807 2866 1574 960 4947 2137 87840 53989 24041 1527 679 688 1932 1403 894 509 3420 29948 1079 33851 1119 471 19352 4689 28869 1157
is_linear=0
shrinkage=0.03


Tree=102
num_leaves=31
num_cat=0
split_feature=23 1 23 16 32 0 34 9 1 1 31 32 23 22 1 22 8 31 35 1 12 15 14 32 1 32 8 30 23 16
split_gain=939.651 142.675 71.1772 52.299 24.3967 34.0077 18.8368 14.2453 15.6031 14.1492 20.9849 13.8157 13.146 12.487 12.2695 11.9692 9.24632 8.56394 8.21341 11.046 10.9319 8.07651 7.84936 7.5485 7.38246 7.37165 8.59604 7.05195 6.81189 6.77986
threshold=0.95802549872652831 15.275000000000002 0.90224575742711521 13.997500000000002 -0.96359376111369355 10.622500000000002 958.22500000000014 3.5000000000000004 -3.1249999999999996 21.875000000000004 1.3949988541162692 0.99140711019144634 0.97930537588274169 11.068875 9.2250000000000014 2.5881666666666674 13.500000000000002 1.1869068841949832 37.750000000000007 0.47500000000000009 5.4875000000000016 -0.47500000000000037 2.7191037126229696 -0.82903757255504162 1.7250000000000003 0.98624804680367306 17.500000000000004 5.0250000000000012 0.92135163589546987 12.307500000000003
decision_type=2 2 2 8 2 2 2 2 2 2 2 2 2 2 2 2 2 2 2 2 10 10 2 2 2 2 2 2 2 10
left_child=2 3 15 4 14 16 17 11 -9 10 -3 -8 24 -10 21 -1 -6 -4 22 20 -20 -2 23 -17 -5 -22 -27 -21 -19 -30
right_child=1 9 6 12 5 -7 7 8 13 -11 -12 -13 -14 -15 -16 18 -18 28 19 27 25 -23 -24 -25 -26 26 -28 -29 29 -31
leaf_value=-0.0026172443373630419 2.4608161634612767e-05 2.4668166992778406e-05 5.233772800702141e-05 2.4608161468037656e-05 2.4608161533060079e-05 2.4608161620663927e-05 2.1537160424523384e-05 1.4639028603181669e-05 3.4757905111470391e-05 1.279682724822569e-05 2.4355324418385835e-05 2.5099038771101423e-05 2.4608161620663927e-05 2.5628278589853717e-05 2.4608161519011069e-05 -0.0019771102310145068 2.460815965202867e-05 1.7249397203240588e-05 -0.0025813414906407759 -0.0001968550128624352 -9.4664917504977362e-05 2.4608161623761448e-05 0.0035052298749091316 -5.9274945796174779e-05 2.4608161460022424e-05 8.5073340568888592e-05 0.0009214736217474553 0.0002046812220005119 2.4313010408656039e-05 2.5056317456002561e-05
leaf_weight=10127 209 210 222 246 483 973 952 254 421 567 621 265 1271 230 412 8638 228 2217 9431 20372 4925 360 285 9881 272 1561 475 21550 879 823
leaf_count=10127 209 210 222 246 483 973 952 254 421 567 621 265 1271 230 412 8638 228 2217 9431 20372 4925 360 285 9881 272 1561 475 21550 879 823
internal_value=0.000660896 0.0123176 -6.92317e-05 0.0149401 0.0122303 0.0144334 0.00301867 0.00531453 0.00815934 0.0039387 0.00641986 0.0031743 0.0189314 0.0106052 0.00839452 -0.000291061 0.00933938 0.00183719 -0.000163687 1.21394e-05 -0.000648046 0.0112422 -0.00070881 -0.000785306 0.0145813 0.00025366 0.00176972 0.000270326 0.00150688 0.00293146
internal_weight=99360 5852 93508 4454 2665 1684 6263 2122 905 1398 831 1217 1789 651 981 87245 711 4141 77118 58314 16392 569 18804 18519 518 6961 2036 41922 3919 1702
internal_count=99360 5852 93508 4454 2665 1684 6263 2122 905 1398 831 1217 1789 651 981 87245 711 4141 77118 58314 16392 569 18804 18519 518 6961 2036 41922 3919 1702
is_linear=0
shrinkage=0.03


Tree=103
num_leaves=31
num_cat=0
split_feature=23 2 23 16 32 0 2 25 34 2 31 32 12 19 24 32 9 26 24 35 8 14 20 34 19 28 21 32 9 34
split_gain=911.242 132.79 69.8845 48.6324 20.6584 39.1477 16.6184 16.2088 15.8591 15.0893 28.3641 13.4207 12.5933 11.6797 10.8958 13.9741 10.5086 10.4563 10.0966 9.51008 8.52937 7.77735 7.67693 7.54596 7.29128 10.2894 7.26098 7.35456 7.01434 8.14363
threshold=0.95802549872652831 1.1474195251904404 0.90224575742711521 13.997500000000002 -0.95878322595067689 10.622500000000002 1.1753829650923688 6.3625000000000016 954.62500000000011 1.1198060051589478 1.3812249728329637 0.99535829673000953 9.3825000000000021 5.1175000000000006 8.0250000000000021 -0.97233289553061575 3.5000000000000004 4.0725000000000007 3.8250000000000006 35.250000000000007 13.500000000000002 0.33477604454321114 8.3355000000000032 961.52500000000009 8.4125000000000014 1.8587921697809759 3.8826772067268767 -0.069756473744125441 1.5000000000000002 951.82500000000016
decision_type=2 2 2 8 2 2 2 10 2 2 2 2 10 10 8 2 2 2 8 2 2 2 2 2 10 2 2 2 2 2
left_child=2 9 13 4 6 20 -3 17 -4 -2 -11 14 -13 18 -10 -16 22 -5 -1 26 -6 -21 -15 -8 25 -17 27 -20 29 -23
right_child=1 3 8 7 5 -7 23 -9 11 10 -12 12 -14 16 15 24 -18 -19 19 21 -22 28 -24 -25 -26 -27 -28 -29 -30 -31
leaf_value=-0.0020073214295552909 1.9366664941975708e-05 2.3869916749882368e-05 2.4460713441027958e-05 2.3869916772024656e-05 2.386991633835156e-05 2.386991677204464e-05 2.3869916793903074e-05 2.386991677204464e-05 2.1841970961872238e-05 2.3928121982995653e-05 2.3745152318705348e-05 2.4969697596733953e-05 2.358760882100519e-05 0.0013866028579220435 1.8385673638020607e-05 6.3594100528673955e-05 -0.00010472434024366706 2.386991677204464e-05 -0.0035283184826818206 -0.00019285519982368762 2.386991490354262e-05 0.00099550269366658435 4.5310424917614644e-06 2.3869916765184743e-05 2.4692643041479555e-05 2.3768442669200863e-05 0.0041554792408174087 -5.7212400960678539e-05 0.00073095892570410818 -0.00099192450704486197
leaf_weight=24299 563 453 2928 249 470 895 379 1117 1051 217 665 383 205 5111 535 262 7800 398 5648 12245 233 2092 3528 208 248 597 309 4769 16672 4814
leaf_count=24299 563 453 2928 249 470 895 379 1117 1051 217 665 383 205 5111 535 262 7800 398 5648 12245 233 2092 3528 208 248 597 309 4769 16672 4814
internal_value=0.000677225 0.0121615 -4.15832e-05 0.0147502 0.0121249 0.0142832 0.00875598 0.0186309 0.00303235 0.00425172 0.00668997 0.00446348 0.00855986 -0.000260403 0.00355485 0.00507832 0.000459924 0.0145997 -0.000427562 -0.000168772 0.00888559 6.58975e-05 0.00118036 0.012076 0.0069955 0.00562847 -0.000952195 -0.00108722 0.000384429 -0.000419332
internal_weight=99343 5847 93496 4402 2638 1598 1040 1764 6209 1445 882 3281 588 87287 2693 1642 16439 647 70848 46549 703 35823 8639 587 1107 859 10726 10417 23578 6906
internal_count=99343 5847 93496 4402 2638 1598 1040 1764 6209 1445 882 3281 588 87287 2693 1642 16439 647 70848 46549 703 35823 8639 587 1107 859 10726 10417 23578 6906
is_linear=0
shrinkage=0.03


Tree=104
num_leaves=31
num_cat=0
split_feature=22 2 22 16 32 0 2 31 34 9 27 14 27 35 32 19 22 31 32 2 2 12 32 35 26 2 32 2 29 34
split_gain=922.942 153.269 62.3023 49.6659 20.6384 33.5533 18.886 36.5971 15.874 17.6806 11.8543 11.2612 11.2228 10.6896 10.3181 9.35628 9.25674 8.58551 8.54675 8.43775 8.25483 13.1672 11.6222 9.17112 9.95864 8.08324 7.98695 17.6138 7.59148 7.0812
threshold=11.625333333333336 1.1474195251904404 10.389791666666669 13.997500000000002 -0.96359376111369355 10.622500000000002 1.1198060051589478 1.3812249728329637 958.22500000000014 3.5000000000000004 5.920625000000002 0.69816425956455153 1.8179166666666668 28.750000000000004 0.99140711019144634 8.7225000000000019 11.068875 1.9102946203946392 0.96359376111369366 1.1730874989902855 1.2171714731601126 5.1725000000000012 0.97988739209073494 64.250000000000014 5.4975000000000014 1.1209458535137855 -0.90992662233962551 1.1762199089169951 8.5175000000000018 952.12500000000011
decision_type=2 2 2 8 2 2 2 2 2 2 2 2 2 2 2 10 2 2 2 2 2 10 2 2 2 2 2 2 2 2
left_child=2 6 12 4 11 17 -2 -8 15 14 -5 19 -1 -14 -10 -4 -11 18 -6 -3 23 -22 -23 24 -15 -26 27 -7 -9 -25
right_child=1 3 8 10 5 26 7 28 9 16 -12 -13 13 20 -16 -17 -18 -19 -20 -21 21 22 -24 29 25 -27 -28 -29 -30 -31
leaf_value=-0.0021590074875466785 9.0279417619065774e-06 2.3153819246514161e-05 2.2964984116268239e-05 2.3153819268864284e-05 2.3151415596675803e-05 2.3153819268862952e-05 2.3220239128820083e-05 2.3137750610123829e-05 1.6866253039747769e-05 2.3616475300674563e-05 2.3153819268882935e-05 2.3153819268831632e-05 -0.0007963323720300917 -5.9671955294890263e-05 2.3436840101288239e-05 2.4012259605318274e-05 2.3448747937788736e-05 2.3154000576179247e-05 2.3153818955058435e-05 2.3153819407185638e-05 -0.0034830347525188687 -0.00035480628496714248 0.00016657004520455153 0.0017957574890953409 0.0024336154341289902 -0.00039544791909017782 2.3153819297103918e-05 2.3153819268499907e-05 2.2849449758614026e-05 0.00011391136153907632
leaf_weight=12443 653 202 2366 359 213 204 267 438 738 417 1433 484 11309 34570 203 1037 294 218 268 305 5714 3279 1901 5092 278 230 494 294 312 13113
leaf_count=12443 653 202 2366 359 213 204 267 438 738 417 1433 484 11309 34570 203 1037 294 218 268 305 5714 3279 1901 5092 278 230 494 294 312 13113
internal_value=0.000670371 0.0119268 -7.40095e-05 0.0148198 0.0121898 0.0142199 0.00415522 0.00670156 0.00316304 0.00557272 0.0187112 0.00867169 -0.000260275 -0.000122638 0.00285095 0.0019868 0.00912989 0.00908097 0.00672222 0.0117949 2.72499e-05 -0.000725021 0.000370298 0.000181109 -0.000102443 0.00404678 0.0177773 0.0147435 0.00325828 0.000727347
internal_weight=99128 6144 92984 4474 2682 1691 1670 1017 5055 1652 1792 991 87929 75486 941 3403 711 699 481 507 64177 10894 5180 53283 35078 508 992 498 750 18205
internal_count=99128 6144 92984 4474 2682 1691 1670 1017 5055 1652 1792 991 87929 75486 941 3403 711 699 481 507 64177 10894 5180 53283 35078 508 992 498 750 18205
is_linear=0
shrinkage=0.03


Tree=105
num_leaves=31
num_cat=0
split_feature=23 1 22 20 32 2 3 1 31 31 24 25 24 22 1 7 4 16 25 11 19 1 1 21 1 26 33 28 21 20
split_gain=923.5 136.85 58.3338 51.7514 22.9059 20.358 18.4493 15.9401 28.7137 15.3308 11.8545 11.7969 11.3074 11.1218 12.1699 12.1134 10.5365 10.5195 10.1381 9.21772 8.17814 7.84595 9.03129 7.64515 6.70065 7.41028 6.66134 12.2829 6.03708 5.34229
threshold=0.95123381308365573 15.275000000000002 10.389791666666669 13.143125000000003 -0.96359376111369355 1.1714236925654091 10.439077069198984 21.875000000000004 1.3812249728329637 1.8701187327197217 8.0250000000000021 6.5325000000000015 8.8750000000000018 6.5192500000000013 -0.27499999999999986 17.500000000000004 0.91587576485991729 15.287500000000001 5.642500000000001 2.9925000000000006 8.9325000000000028 7.6250000000000009 1.9250000000000005 2.7863098279314986 18.275000000000002 2.6175000000000006 -0.4539904997395468 1.993431922871099 1.7709229584835513 11.075625
decision_type=2 2 2 2 2 2 2 2 2 2 10 8 8 2 2 2 2 8 8 10 10 2 2 2 2 2 2 2 2 2
left_child=2 3 13 4 21 11 9 8 -3 12 24 -5 -6 14 -1 -16 20 23 -8 -15 -12 22 -2 -7 25 -4 27 -17 -20 -27
right_child=1 7 10 5 6 17 18 -9 -10 -11 16 -13 -14 19 15 26 -18 -19 28 -21 -22 -23 -24 -25 -26 29 -28 -29 -30 -31
leaf_value=-0.0028700592383321365 2.2459202672158173e-05 2.2528585613852799e-05 -7.0196894684995269e-05 2.2459204690816745e-05 2.2459203222045138e-05 2.2459204690816745e-05 2.2459205062620279e-05 1.015903787882466e-05 2.2233782604995998e-05 2.2459204051852607e-05 2.3239476217845396e-05 2.2459204690816745e-05 2.2459204218344685e-05 0.0024858748686263313 -0.0020093527637624676 0.0010725367333961192 2.2100638316624453e-05 2.2459204690816745e-05 2.2459204690453704e-05 2.0780708645151153e-05 2.3494895871407629e-05 2.2452207384950729e-05 2.2459204663358482e-05 2.2459204690816745e-05 -2.7112174427457169e-05 2.2911982816179455e-05 -0.00040116748957771286 0.007527255273600421 2.2459204691832602e-05 2.2843798694773131e-05
leaf_weight=9718 232 215 443 308 342 624 205 619 687 489 623 353 340 287 16110 6314 441 478 366 31698 297 297 201 225 730 1554 23529 320 322 889
leaf_count=9718 232 215 443 308 342 624 205 619 687 489 623 353 340 287 16110 6314 441 478 366 31698 297 297 201 225 730 1554 23529 320 322 889
internal_value=0.000656571 0.0117646 -9.72382e-05 0.0142561 0.011582 0.0179759 0.0132035 0.00391022 0.00644322 0.0106352 0.00306082 0.013464 0.00763319 -0.00027606 -0.000530985 -0.000328213 0.00544436 0.0201644 0.0164933 0.000170209 0.00726486 0.00693877 0.0095 0.0178841 0.00215741 0.00280595 2.65506e-05 0.000865792 0.0182771 0.00345221
internal_weight=99256 6303 92953 4782 2794 1988 2064 1521 902 1171 4977 661 682 87976 55991 46273 1361 1327 893 31985 920 730 433 849 3616 2886 30163 6634 688 2443
internal_count=99256 6303 92953 4782 2794 1988 2064 1521 902 1171 4977 661 682 87976 55991 46273 1361 1327 893 31985 920 730 433 849 3616 2886 30163 6634 688 2443
is_linear=0
shrinkage=0.03


Tree=106
num_leaves=31
num_cat=0
split_feature=23 2 22 20 2 32 12 34 9 24 1 24 32 25 19 32 20 1 1 18 5 26 33 2 9 10 21 10 34 8
split_gain=910.491 140.12 68.2312 43.8426 20.6055 17.7393 19.5399 15.3539 17.3417 16.9982 14.1451 11.5919 11.3136 11.1312 11.0455 11.036 11.025 9.6646 14.4872 9.35136 10.0759 9.2891 14.6391 8.19999 7.84355 7.37618 11.2222 7.14868 9.27908 7.9779
threshold=0.95802549872652831 1.1474195251904404 10.389791666666669 13.143125000000003 1.1714236925654091 -0.95878322595067689 10.727500000000003 958.22500000000014 3.5000000000000004 8.0250000000000021 21.875000000000004 3.8750000000000004 -0.95368063612909426 7.5625000000000009 8.7225000000000019 0.99140711019144634 11.075625 7.6250000000000009 1.9250000000000005 10.792500000000002 0.84429987514149074 3.3675000000000006 0.11319890333640049 1.0755131976497585 3.5000000000000004 11.500000000000002 2.7219189002563868 2.5000000000000004 966.42500000000018 11.500000000000002
decision_type=2 2 2 2 2 2 10 2 2 8 2 8 2 8 10 2 2 2 2 10 2 2 2 2 2 2 2 2 2 2
left_child=2 10 11 5 12 17 21 14 15 -10 13 27 -5 -2 -4 -9 -11 18 -3 20 -16 -7 -23 -13 -24 26 -6 -1 -29 -30
right_child=1 3 7 4 25 6 -8 8 9 16 -12 23 -14 -15 19 -17 -18 -19 -20 -21 -22 22 24 -25 -26 -27 -28 28 29 -31
leaf_value=-0.0035088257577685225 2.1837867287238799e-05 2.1785426591992561e-05 2.1665721529037228e-05 2.178542855009291e-05 2.178542855009291e-05 2.1785427384825029e-05 2.1785428551065466e-05 1.6665177693777621e-05 2.1812191236011178e-05 3.049470406547508e-05 2.1362631421469496e-05 -0.0023859963713576322 2.178542855009291e-05 2.1650342033123769e-05 2.4684865395292464e-05 2.1199754877453401e-05 2.4515867707478601e-05 2.1785638327118602e-05 2.1785428531123353e-05 2.2324465796437013e-05 2.260453233267068e-05 2.178536441615808e-05 2.1786240048664585e-05 1.2947814297401682e-05 2.1785428363318187e-05 2.178542855009291e-05 2.178542855009624e-05 -0.0014171347656904735 0.00082120453663058369 0.01272800628283407
leaf_weight=3737 577 203 2515 417 638 202 661 728 280 210 568 2337 208 306 239 204 229 291 215 758 211 384 211 58524 267 468 203 23035 259 200
leaf_count=3737 577 203 2515 417 638 202 661 728 280 210 568 2337 208 306 239 204 229 291 215 758 211 384 211 58524 267 468 203 23035 259 200
internal_value=0.000663963 0.0121726 -5.31509e-05 0.0148539 0.0182506 0.012123 0.0137775 0.00322699 0.00563225 0.00912017 0.00407761 -0.000253426 0.0135476 0.00644257 0.00215424 0.00290715 0.012777 0.00802941 0.0109362 0.00450618 0.00791209 0.0111581 0.012519 -2.32156e-05 0.0160373 0.0204361 0.0184362 -0.000767845 -0.000573727 0.00362715
internal_weight=99285 5819 93466 4368 1934 2434 1725 5374 1651 719 1451 88092 625 883 3723 932 439 709 418 1208 450 1064 862 60861 478 1309 841 27231 23494 459
internal_count=99285 5819 93466 4368 1934 2434 1725 5374 1651 719 1451 88092 625 883 3723 932 439 709 418 1208 450 1064 862 60861 478 1309 841 27231 23494 459
is_linear=0
shrinkage=0.03


Tree=107
num_leaves=31
num_cat=0
split_feature=22 2 22 16 32 0 2 31 34 25 9 9 24 2 2 19 22 8 22 8 25 7 17 34 15 2 35 19 27 14
split_gain=928.59 149.917 56.8525 48.9519 22.2469 33.4181 16.8211 29.3562 16.6772 14.6088 14.1084 14.0519 15.4684 13.1437 11.5244 11.2692 10.9317 9.92139 9.28638 8.34068 11.3378 8.27293 8.21738 7.64902 7.09348 7.00366 6.90728 8.40622 6.55492 6.00622
threshold=11.625333333333336 1.1454304126959505 10.320583333333335 13.997500000000002 -0.95878322595067689 10.622500000000002 1.1198060051589478 1.3812249728329637 958.22500000000014 6.3625000000000016 4.5000000000000009 3.5000000000000004 8.0250000000000021 1.1753829650923688 1.2326117607463563 8.8675000000000015 2.6210000000000009 12.500000000000002 11.068875 18.500000000000004 6.0675000000000008 39.500000000000007 13.372500000000002 952.12500000000011 -0.47500000000000037 1.0755131976497585 25.750000000000004 1.5025000000000002 3.0164583333333339 1.2882384613623898
decision_type=2 2 2 8 2 2 2 2 2 10 2 2 8 2 2 10 2 2 2 2 8 2 2 2 10 2 2 10 2 2
left_child=2 6 16 4 13 17 -2 -8 15 10 -5 14 -13 -3 -10 -4 23 -6 -14 20 -17 25 -7 26 -15 -18 -1 -28 29 -27
right_child=1 3 8 9 5 22 7 -9 11 -11 -12 12 18 24 -16 19 21 -19 -20 -21 -22 -23 -24 -25 -26 28 27 -29 -30 -31
leaf_value=-0.0042842532932358323 1.5508483905852974e-05 2.1131865700582558e-05 2.048301680365183e-05 2.1131865693588823e-05 2.1131865282321137e-05 2.1131865512044042e-05 2.1182731268620803e-05 2.0932864533297387e-05 1.4627672047046181e-05 2.1131865693588823e-05 2.1131865693588823e-05 2.0795194550576102e-05 2.3532719700588575e-05 2.1131865834389528e-05 6.8791939537505629e-05 2.2010974500223546e-05 -0.0025975185489910736 2.1131864007457439e-05 2.2132568240394721e-05 -1.7705982950613784e-05 2.3390122464563851e-05 0.00032525321255349462 2.1131865693578832e-05 -0.0032873771566515422 2.113186569281244e-05 -0.0014957071605307215 -0.0010817914069978631 0.0044173931933014438 1.2110610940195831e-05 0.0010151649878543268
leaf_weight=926 649 492 2677 481 451 249 231 663 790 1159 213 312 242 219 202 475 1994 259 201 264 279 14887 682 6445 384 24597 2489 755 32117 3448
leaf_count=926 649 492 2677 481 451 249 231 663 790 1159 213 312 242 219 202 475 1994 259 201 264 279 14887 682 6445 384 24597 2489 755 32117 3448
internal_value=0.000672571 0.0119756 -7.24995e-05 0.0146937 0.0120985 0.0143238 0.00387015 0.00652725 0.00290141 0.0184828 0.0147897 0.00531336 0.00838816 0.00871364 0.00294283 0.0017554 -0.000257281 0.00931468 0.0119665 0.00443402 0.00603162 -0.000132892 0.0180737 -0.00115961 0.0116793 -0.000285035 -0.000158085 0.000494921 -0.000226969 -0.000562033
internal_weight=99232 6132 93100 4589 2736 1641 1543 894 5442 1853 694 1747 755 1095 992 3695 87658 710 443 1018 754 77043 931 10615 603 62156 4170 3244 60162 28045
internal_count=99232 6132 93100 4589 2736 1641 1543 894 5442 1853 694 1747 755 1095 992 3695 87658 710 443 1018 754 77043 931 10615 603 62156 4170 3244 60162 28045
is_linear=0
shrinkage=0.03


Tree=108
num_leaves=31
num_cat=0
split_feature=23 2 22 16 32 3 1 34 29 35 27 27 14 30 32 24 35 2 12 25 17 35 26 34 10 32 21 23 27 5
split_gain=888.133 138.719 66.2732 48.0452 18.2672 33.5229 16.7156 14.484 14.3161 13.7772 13.3533 12.2298 12.0968 9.18367 10.0247 10.3488 9.09688 9.72598 13.7487 8.8477 11.8299 8.43915 7.99857 9.69198 7.99053 7.74621 7.4047 7.12941 6.34633 6.72278
threshold=0.95802549872652831 1.1474195251904404 10.389791666666669 13.997500000000002 -0.96359376111369355 10.321794376825713 21.875000000000004 958.22500000000014 8.0275000000000016 56.750000000000007 5.920625000000002 1.8179166666666668 0.69816425956455153 14.725000000000003 -0.94260559819261247 6.825000000000002 30.750000000000004 1.2069440754610683 5.4875000000000016 6.7175000000000011 13.182500000000003 63.250000000000007 5.4975000000000014 948.97500000000014 11.500000000000002 0.98624804680367306 4.2841787361703583 0.97769015574246521 3.0606250000000004 0.67262412045551845
decision_type=2 2 2 8 2 2 2 2 2 2 2 2 2 2 2 8 2 2 10 10 2 2 2 2 2 2 2 2 2 2
left_child=2 6 11 4 12 -6 8 19 -2 -10 -5 -1 27 14 -9 -16 -13 21 -19 -4 -21 22 26 -24 -12 -20 -18 -3 -27 -30
right_child=1 3 7 10 5 -7 -8 13 9 -11 24 16 -14 -15 15 -17 17 18 25 20 -22 -23 23 -25 -26 28 -28 -29 29 -31
leaf_value=-0.0021285846359666927 2.1306604994532718e-05 2.0497907825983706e-05 2.0567418512475731e-05 2.049790972277976e-05 2.0497909323852202e-05 2.0497909722769768e-05 7.3461989128631439e-06 1.063788959866141e-05 2.0382576331645642e-05 2.0317580521884702e-05 2.049790972277976e-05 -0.0006055264224515219 2.0497909713152075e-05 2.1468590599027419e-05 1.7303986660169233e-05 2.0612435553886335e-05 -4.8335477430298635e-05 -0.0025673065203125891 -6.4362531001771136e-05 2.2873969914269965e-05 2.3449486579807386e-05 0.00050040388244694479 0.0029367962605788872 -0.00055546158942822556 2.049790972277976e-05 0.0035784730908852234 0.0010171300845932352 2.0497909852302821e-05 7.4441764971735629e-05 9.0350413714388459e-05
leaf_weight=12390 335 258 2971 361 590 1070 578 385 308 261 955 13091 469 201 235 841 30464 8898 5199 425 287 14899 234 217 449 204 421 218 1830 203
leaf_count=12390 335 258 2971 361 590 1070 578 385 308 261 955 13091 469 201 235 841 30464 8898 5199 425 287 14899 234 217 449 204 421 218 1830 203
internal_value=0.000667784 0.012 -4.28808e-05 0.014688 0.0120517 0.013964 0.00405111 0.00319906 0.00658746 0.00946516 0.0185339 -0.000239851 0.00863684 0.0055213 0.00466371 0.00614431 -9.67429e-05 5.37437e-05 -0.000575434 0.00214506 0.00513807 0.000276059 -3.44668e-06 0.00394079 0.0198992 0.000376562 -6.16712e-05 0.012 0.00185058 0.00133513
internal_weight=99247 5852 93395 4370 2605 1660 1482 5345 904 569 1765 88050 945 1662 1461 1076 75660 62569 16334 3683 712 46235 31336 451 1404 7436 30885 476 2237 2033
internal_count=99247 5852 93395 4370 2605 1660 1482 5345 904 569 1765 88050 945 1662 1461 1076 75660 62569 16334 3683 712 46235 31336 451 1404 7436 30885 476 2237 2033
is_linear=0
shrinkage=0.03


Tree=109
num_leaves=31
num_cat=0
split_feature=23 1 22 16 32 0 1 25 1 31 23 32 9 24 22 8 14 19 7 2 25 10 29 19 9 35 10 14 9 10
split_gain=928.449 140.735 63.0449 48.1699 21.9588 35.5723 14.7709 13.8336 12.8396 22.9077 12.8272 14.4499 12.2507 11.7999 9.9387 8.91441 7.88466 7.67132 7.61274 7.179 6.7436 6.68905 10.6929 6.76655 8.63846 8.15745 7.12937 10.1843 10.2795 6.35819
threshold=0.95802549872652831 15.275000000000002 10.389791666666669 13.997500000000002 -0.96359376111369355 10.622500000000002 8.0250000000000021 6.3625000000000016 21.875000000000004 1.3877854262061438 0.92986604680737783 -0.8949002852437673 4.5000000000000009 8.0250000000000021 2.5881666666666674 13.500000000000002 0.63388353294065891 8.7225000000000019 41.500000000000007 1.0755131976497585 5.642500000000001 1.5000000000000002 3.3925000000000005 5.1175000000000006 3.5000000000000004 54.750000000000007 6.5000000000000009 1.2882384613623898 2.5000000000000004 11.500000000000002
decision_type=2 2 2 8 2 2 2 10 2 2 2 2 2 8 2 2 2 10 2 2 8 2 2 10 2 2 2 2 2 2
left_child=2 3 14 4 6 15 16 12 9 -3 17 -12 -5 -13 -1 -6 -2 -4 19 -16 -7 22 -21 25 -25 26 27 -23 -29 -9
right_child=1 8 10 7 5 20 -8 29 -10 -11 11 13 -14 -15 18 -17 -18 -19 -20 21 -22 23 -24 24 -26 -27 -28 28 -30 -31
leaf_value=-0.002338129373012008 1.9882972527214864e-05 1.9908051180725917e-05 1.7786404840243064e-05 1.9882972431095602e-05 1.9882980122709458e-05 1.9882972435928402e-05 1.9882972434492885e-05 1.9882972431095602e-05 2.25018602110021e-05 1.9610751557033082e-05 2.0476134432575455e-05 1.998580682736959e-05 1.9882972431095602e-05 1.9580317987024267e-05 -0.0027032459222316972 1.9882970160700579e-05 1.9882972426165846e-05 2.2712806373946791e-05 0.00044941254763870798 -0.0034049194397609492 1.9882972431078949e-05 -0.0003093153311344011 8.4164687167226823e-05 0.00035607275749140909 -7.6560237942439784e-05 5.7464687898027986e-05 -0.00088638989323535635 -0.0010729009955925226 0.0050865138968266832 1.9882972431095602e-05
leaf_weight=10221 255 202 2511 482 487 210 438 705 555 607 922 467 202 547 2156 210 260 901 11748 4449 758 6565 1684 6699 5979 23279 13961 596 749 429
leaf_count=10221 255 202 2511 482 487 210 438 705 555 607 922 467 202 547 2156 210 260 901 11748 4449 758 6565 1684 6699 5979 23279 13961 596 749 429
internal_value=0.000673706 0.0123152 -4.95732e-05 0.0149048 0.0122516 0.0143443 0.00853967 0.0186813 0.00386998 0.00626904 0.00311153 0.00506028 0.0150479 0.00752502 -0.00024166 0.00907265 0.0119712 0.002 -0.000126173 -0.000251218 0.018074 -0.000193744 -0.00113539 -9.3788e-05 0.000518489 -0.000265752 -0.000681707 3.7902e-05 0.00241111 0.0207972
internal_weight=99234 5800 93434 4436 2618 1665 953 1818 1364 809 5348 1936 684 1014 88086 697 515 3412 77865 66117 968 63961 6133 57828 12678 45150 21871 7910 1345 1134
internal_count=99234 5800 93434 4436 2618 1665 953 1818 1364 809 5348 1936 684 1014 88086 697 515 3412 77865 66117 968 63961 6133 57828 12678 45150 21871 7910 1345 1134
is_linear=0
shrinkage=0.03


Tree=110
num_leaves=31
num_cat=0
split_feature=23 2 22 23 10 32 2 31 12 34 9 24 26 33 2 22 19 19 25 32 9 32 27 32 31 2 21 31 30 34
split_gain=918.362 138.046 63.3549 39.4899 20.5268 16.826 15.7475 29.4059 15.0316 13.0168 16.15 15.3162 12.9731 14.2646 12.7832 12.1343 11.1375 10.8519 11.6572 10.5328 10.1816 9.84612 11.0291 9.50381 9.68417 7.49401 7.32788 10.4362 7.22385 7.4136
threshold=0.95802549872652831 1.1454304126959505 10.389791666666669 0.97930537588274169 11.500000000000002 -0.95878322595067689 1.1198060051589478 1.3949988541162692 10.727500000000003 958.22500000000014 3.5000000000000004 8.0250000000000021 3.4025000000000007 0.11319890333640049 1.1753829650923688 11.068875 4.9225000000000012 9.3525000000000027 6.5925000000000011 0.99140711019144634 3.5000000000000004 -0.95878322595067689 2.5593750000000006 -0.99140711019144601 1.4392130694106136 1.0755131976497585 1.5429157327301806 1.5227953894678705 8.7750000000000021 942.42500000000018
decision_type=2 2 2 2 2 2 2 2 10 2 2 8 2 2 2 2 10 10 10 2 2 2 2 2 2 2 2 2 2 2
left_child=2 6 16 5 23 14 -2 -8 12 17 19 -12 -7 -14 -3 -13 21 -4 -19 -11 28 -1 -23 -5 -25 -24 -26 -28 29 -18
right_child=1 3 9 4 -6 8 7 -9 -10 10 11 15 13 -15 -16 -17 20 18 -20 -21 -22 22 25 24 26 -27 27 -29 -30 -31
leaf_value=-0.0019880553426521452 -3.4081093718793704e-06 1.9278523442715046e-05 1.9197675868581271e-05 1.9286483258164064e-05 1.9286483258164064e-05 1.9286482097725654e-05 1.9342302790516058e-05 1.9019656754052372e-05 1.9286483257294761e-05 1.6496774785326184e-05 1.9441608448910185e-05 2.0491304526664472e-05 1.9286420887763221e-05 1.9286560522335793e-05 1.9286483238130092e-05 2.1945923737269362e-05 0.0046219933129064191 1.9862817722639459e-05 1.9680678984735581e-05 1.8424817526198869e-05 -0.00011383122927404287 -0.001446150627404514 -0.0029724786230996779 1.9286483258164064e-05 1.9286483258164064e-05 8.5558245692118448e-05 1.9286483258150742e-05 1.9286483258164064e-05 2.0997752354897018e-06 0.00075488704559993007
leaf_weight=13791 542 278 2925 244 539 212 205 607 607 756 290 219 387 440 388 217 330 532 217 204 8448 26104 1445 504 287 28680 226 302 3568 5630
leaf_count=13791 542 278 2925 244 539 212 205 607 607 756 290 219 387 440 388 217 330 532 217 204 8448 26104 1445 504 287 28680 226 302 3568 5630
internal_value=0.000684441 0.0122962 -3.36122e-05 0.0148649 0.0178662 0.0121036 0.00389845 0.00652876 0.0137444 0.00313141 0.00531165 0.00867579 0.0114397 0.0131358 0.00797615 0.0122041 -0.000226566 0.00212503 0.00533554 0.00273575 0.000439463 -0.000397573 -0.000221344 0.0160083 0.0170415 0.000169764 0.0147988 0.0124503 0.00111151 0.00175021
internal_weight=99124 5768 93356 4414 2102 2312 1354 812 1646 5360 1686 726 1039 827 666 436 87996 3674 749 960 17976 70020 56229 1563 1319 30125 815 528 9528 5960
internal_count=99124 5768 93356 4414 2102 2312 1354 812 1646 5360 1686 726 1039 827 666 436 87996 3674 749 960 17976 70020 56229 1563 1319 30125 815 528 9528 5960
is_linear=0
shrinkage=0.03


Tree=111
num_leaves=31
num_cat=0
split_feature=22 2 22 20 2 2 31 34 25 9 24 22 20 16 25 2 7 20 30 21 2 16 18 19 18 21 29 24 25 10
split_gain=912.206 144.684 53.6697 50.3385 19.3952 17.2273 39.424 16.7057 15.1809 11.828 17.5978 11.0004 10.8795 10.2477 9.38038 8.85674 8.09833 8.09168 15.2496 8.00504 7.75348 7.55527 8.00753 7.04823 7.40704 6.7215 6.32785 6.20625 7.8363 7.98546
threshold=11.625333333333336 1.1474195251904404 10.389791666666669 13.143125000000003 1.1714236925654091 1.1198060051589478 1.3812249728329637 958.22500000000014 5.392500000000001 3.5000000000000004 8.0250000000000021 2.3172083333333338 11.075625 15.287500000000001 6.5325000000000015 1.2310042558604566 41.500000000000007 12.240125000000003 14.125000000000002 4.0480622336869425 1.0755131976497585 12.017500000000002 11.142500000000002 8.8675000000000015 10.792500000000002 2.7863098279314986 8.5175000000000018 8.0250000000000021 3.5575000000000006 9.5000000000000018
decision_type=2 2 2 2 2 2 2 2 8 2 8 2 2 8 8 2 2 2 2 2 2 10 10 10 10 2 2 10 10 2
left_child=2 5 11 8 14 -2 -7 23 -3 15 -11 -1 -12 25 -5 -9 19 21 -19 20 -13 -10 -23 -4 -25 -6 -8 -22 29 -29
right_child=1 3 7 4 13 6 26 9 17 10 12 16 -14 -15 -16 -17 -18 18 -20 -21 27 22 -24 24 -26 -27 -28 28 -30 -31
leaf_value=-0.0031517752793361626 3.2926157540335394e-05 1.8707886462092647e-05 1.8584277469026308e-05 1.8707888760417511e-05 1.8707888760417511e-05 1.8730540561588959e-05 1.8475557523655038e-05 1.302822937958928e-05 1.8729264164514258e-05 1.8814392148952528e-05 2.0828474720612983e-05 -0.002508507587317656 1.9127227475908395e-05 1.8707888760417511e-05 1.8707888760417511e-05 6.243572006526972e-05 0.00044295593038228914 1.8707888759584844e-05 1.8707888832056576e-05 0.00082514853287287554 -0.00013851491500032619 1.870787146894603e-05 1.8693131222081661e-05 1.9297206720815252e-05 1.8021856744281905e-05 1.8707888760417511e-05 1.8534562989548365e-05 0.0010261856220383412 5.5289466055485902e-08 0.0022155024330921865
leaf_weight=7092 651 590 2472 286 612 269 438 715 225 281 215 2189 219 490 327 221 12190 622 483 1512 63402 430 207 381 558 224 296 342 1146 251
leaf_count=7092 651 590 2472 286 612 269 438 715 225 281 215 2189 219 490 327 221 12190 622 483 1512 63402 430 207 381 558 224 296 342 1146 251
internal_value=0.000677786 0.0118635 -6.10367e-05 0.0146527 0.0183194 0.0042604 0.00671726 0.00294138 0.0118419 0.00541485 0.0083125 -0.000233658 0.0120683 0.0204072 0.0136748 0.00316897 -0.000134458 0.0131182 0.0148784 -0.000260666 -0.000309201 0.0107889 0.00898598 0.001738 0.00394386 0.0180999 0.00306901 -0.0002501 0.00151548 0.00429933
internal_weight=99336 6150 93186 4496 1939 1654 1003 5062 2557 1651 715 88124 434 1326 613 936 81032 1967 1105 68842 67330 862 637 3411 939 836 734 65141 1739 593
internal_count=99336 6150 93186 4496 1939 1654 1003 5062 2557 1651 715 88124 434 1326 613 936 81032 1967 1105 68842 67330 862 637 3411 939 836 734 65141 1739 593
is_linear=0
shrinkage=0.03


Tree=112
num_leaves=31
num_cat=0
split_feature=23 1 23 20 2 25 1 31 19 18 22 28 27 6 9 35 30 34 24 25 6 8 23 30 29 24 33 19 11 34
split_gain=918.49 138.566 60.1632 45.9313 19.6933 15.152 15.0361 22.4447 14.6825 11.6585 9.68306 9.42163 8.28437 7.92847 7.84565 7.80363 8.9737 11.3305 7.78315 8.14129 7.71866 7.63428 7.34023 13.9011 6.63168 10.7537 6.51313 7.72581 8.34474 6.52886
threshold=0.95802549872652831 15.275000000000002 0.92135163589546987 13.143125000000003 1.1714236925654091 5.392500000000001 21.875000000000004 1.3949988541162692 8.7225000000000019 10.687500000000002 2.3172083333333338 2.2606009523569099 6.4443750000000009 2.5000000000000004 3.5000000000000004 43.750000000000007 3.7750000000000008 952.02500000000009 8.1750000000000025 7.1525000000000007 1.5000000000000002 14.500000000000002 0.96853676129614419 13.725000000000003 7.0225000000000017 8.0750000000000028 0.36648727148060622 3.8625000000000007 2.9525000000000006 962.72500000000014
decision_type=2 2 2 2 2 8 2 2 10 10 2 2 2 2 2 2 2 2 10 8 2 2 2 2 2 8 2 10 10 2
left_child=2 3 8 5 14 -2 7 -3 10 12 -1 -10 21 15 -5 18 17 20 -12 -20 -17 -4 -7 -24 25 -11 -18 28 -28 -30
right_child=1 6 9 4 -6 22 -8 -9 11 24 13 -13 -14 -15 -16 16 26 -19 19 -21 -22 -23 23 -25 -26 -27 27 -29 29 -31
leaf_value=-0.0030009122306462574 1.8146649868230334e-05 1.816857063872912e-05 1.7261347768871649e-05 1.8146652097898444e-05 1.8146652097603687e-05 1.8146338332939436e-05 1.4636042705307645e-05 1.7901777065035816e-05 3.4734667359953564e-05 1.8293928430975769e-05 -0.00058378649283562397 0.00012429841670012716 1.868014979406391e-05 0.00039490811448697 1.8146652097603687e-05 -0.0013979137721285661 1.3469781574489892e-05 -0.0019285333207791173 4.4542354102411355e-05 0.0010709536313430175 0.0019736016853515882 1.8228282702392738e-05 1.8146652098592896e-05 1.8146652199930532e-05 1.7862065461540234e-05 2.1552681401366714e-05 -0.00065386018249673564 5.0039519102261786e-05 0.0037957168402099435 -0.00034801158276320018
leaf_weight=7028 547 208 509 366 1334 857 575 622 1789 404 21721 303 293 10511 261 2079 27681 10340 775 239 3025 315 608 498 848 356 657 2860 1345 217
leaf_count=7028 547 208 509 366 1334 857 575 622 1789 404 21721 303 293 10511 261 2079 27681 10340 775 239 3025 315 608 498 848 356 657 2860 1345 217
internal_value=0.000705079 0.012204 -1.97756e-05 0.0147849 0.0182487 0.0120477 0.00396808 0.00653892 -0.000152029 0.00436813 -0.000210821 0.00232904 0.00671925 -0.000118594 0.0136377 -0.000232536 -1.64292e-05 -0.000612468 -0.000690634 0.00187242 0.000543746 0.00512425 0.0132881 0.0149703 0.00271916 0.0047451 0.000264611 0.00125157 0.00257779 0.00376771
internal_weight=99171 5876 93295 4471 1961 2510 1405 830 90570 2725 88478 2092 1117 81450 627 70939 48204 15444 22735 1014 5104 824 1963 1106 1608 760 32760 5079 2219 1562
internal_count=99171 5876 93295 4471 1961 2510 1405 830 90570 2725 88478 2092 1117 81450 627 70939 48204 15444 22735 1014 5104 824 1963 1106 1608 760 32760 5079 2219 1562
is_linear=0
shrinkage=0.03


Tree=113
num_leaves=31
num_cat=0
split_feature=23 2 23 23 16 19 32 32 10 2 31 12 10 30 8 32 31 32 8 21 19 31 33 26 21 32 19 31 29 21
split_gain=937.531 144.231 64.2384 48.6805 19.4787 17.3662 17.1568 14.9135 15.8741 13.9704 25.3403 13.4662 10.6345 10.7304 10.0221 9.37411 13.2551 8.54634 15.2367 8.21273 9.06202 9.4083 15.6285 8.64502 8.52274 7.89192 11.7705 7.61689 14.206 7.51999
threshold=0.95802549872652831 1.1454304126959505 0.92135163589546987 0.97769015574246521 14.942500000000003 8.7225000000000019 0.91702515554752073 -0.94828754594723508 10.500000000000002 1.1198060051589478 1.3949988541162692 10.727500000000003 1.5000000000000002 5.8250000000000011 9.5000000000000018 -0.91702515554752051 1.3949988541162692 -0.92384435400961384 13.500000000000002 1.7160591355667723 3.5875000000000004 1.7093491209185507 -0.46173103126271881 5.682500000000001 3.1102436600554593 0.93663652364155514 5.892500000000001 1.8701187327197217 5.9625000000000012 1.8398700701359241
decision_type=2 2 2 2 8 10 2 2 2 2 2 10 2 2 2 2 2 2 2 2 10 2 2 2 2 2 8 2 2 2
left_child=2 9 5 7 15 12 -4 8 -3 -2 -11 27 13 -1 -8 16 -5 18 -7 20 -14 -22 -23 25 -25 26 -21 28 -9 -18
right_child=1 3 6 4 -6 17 14 11 -10 10 -12 -13 19 -15 -16 -17 29 -19 -20 23 21 22 -24 24 -26 -27 -28 -29 -30 -31
leaf_value=-0.0036861352811636194 1.5227304526773542e-05 1.7584624109054679e-05 1.8495872134431935e-05 1.7602252541148999e-05 1.7602252534674177e-05 0.00040057765515631781 1.7487975294013878e-05 1.7601847617181311e-05 1.7602250557369193e-05 1.7491424009926896e-05 1.733978483166041e-05 1.7602256220815569e-05 -0.00096458981567313501 1.1079599603350808e-05 1.7212943631620512e-05 1.7602252534674177e-05 1.7602252534674177e-05 1.2640548365784321e-05 9.2871960185618717e-05 -0.00038066780068560284 -0.00014743016616390663 0.0043459960347550647 0.00032886828988335295 5.0434997248050006e-05 0.0024019935147474992 -6.5914431820993655e-05 0.00053192705801045534 1.7602256202763345e-05 1.7602327475707557e-05 1.7602252534674177e-05
leaf_weight=5548 572 437 1607 286 830 243 397 272 242 205 605 414 30189 2829 696 569 394 1451 408 11272 5417 932 3897 468 200 15586 12320 393 255 367
leaf_count=5548 572 437 1607 286 830 243 397 272 242 205 605 414 30189 2829 696 569 394 1451 408 11272 5417 932 3897 468 200 15586 12320 393 255 367
internal_value=0.000676061 0.012331 -5.29617e-05 0.0149536 0.017814 -0.00018873 0.00450277 0.0114425 0.00772368 0.00384571 0.0063681 0.0132995 -0.000252688 -0.00126951 0.00739617 0.0157754 0.0139249 0.00250308 0.00534604 -0.000146514 -0.000447701 0.00032309 0.00128527 0.000159142 0.00353046 0.000101217 0.00044726 0.0111568 0.00864474 0.0117063
internal_weight=99301 5841 93460 4459 2446 90760 2700 2013 679 1382 810 1334 88658 8377 1093 1616 1047 2102 651 80281 40435 10246 4829 39846 668 39178 23592 920 527 761
internal_count=99301 5841 93460 4459 2446 90760 2700 2013 679 1382 810 1334 88658 8377 1093 1616 1047 2102 651 80281 40435 10246 4829 39846 668 39178 23592 920 527 761
is_linear=0
shrinkage=0.03


Tree=114
num_leaves=31
num_cat=0
split_feature=23 1 16 23 32 0 23 1 31 19 32 1 24 32 21 31 30 32 8 8 12 33 28 8 21 31 7 25 7 1
split_gain=915.529 129.849 63.4 45.9897 22.6554 37.2313 14.8466 14.5176 29.894 12.4549 11.2004 9.41423 9.07128 8.23525 8.45256 8.08046 7.79831 7.28551 9.90067 7.23914 7.85624 7.1814 8.49798 6.9391 6.83928 6.81081 6.95898 6.69114 6.6356 6.71849
threshold=0.95123381308365573 15.275000000000002 13.997500000000002 0.92135163589546987 -0.96359376111369355 10.622500000000002 0.96853676129614419 21.875000000000004 1.3812249728329637 8.7225000000000019 0.94828754594723541 8.0250000000000021 3.8750000000000004 -0.91702515554752051 2.452331075022661 1.9295667837346635 6.1750000000000016 -0.92384435400961384 13.500000000000002 13.500000000000002 9.3125000000000018 -0.4539904997395468 2.0244639204532375 13.500000000000002 1.9887576209377562 2.24716238459887 19.500000000000004 5.5775000000000015 17.500000000000004 5.9250000000000016
decision_type=2 2 8 2 2 2 2 2 2 10 2 2 8 2 2 2 2 2 2 2 10 2 2 2 2 2 2 10 2 2
left_child=3 2 4 9 11 23 -4 8 -3 12 -5 24 28 14 15 -14 21 18 -11 20 -12 22 25 -6 -2 -15 -27 -8 -1 -30
right_child=1 7 6 10 5 -7 27 -9 -10 17 19 -13 13 16 -16 -17 -18 -19 -20 -21 -22 -23 -24 -25 -26 26 -28 -29 29 -31
leaf_value=-0.0024754955112438488 1.7074185086042304e-05 1.7385611418254676e-05 1.7074147986802526e-05 1.8999827617903248e-05 1.7074184370271528e-05 1.7074184959596781e-05 1.707418495863422e-05 4.0705277256775085e-05 1.6864043941043905e-05 0.00043525431090026711 1.5507039020552237e-05 1.7074184961728411e-05 -0.001061738265645895 0.00015834421677038968 0.00041161527453772767 0.00038095895057828349 8.6152827974549028e-05 9.0064949933558606e-06 8.7509925141159297e-05 1.7131627537738549e-05 1.5974177708190096e-05 -0.00025842030995756443 0.0072022412760311787 1.7074178743336141e-05 1.707418494151791e-05 0.0012593603000302489 0.0063383550789903988 1.707418495863422e-05 -0.0022973962487854464 0.00010166602915273826
leaf_weight=8623 387 200 231 1456 579 1019 290 607 679 262 281 470 13127 4928 3398 3359 17176 1439 400 362 222 18506 398 265 206 296 246 1329 6733 11798
leaf_count=8623 387 200 231 1456 579 1019 290 607 679 262 281 470 13127 4928 3398 3359 17176 1439 400 362 222 18506 398 265 206 296 246 1329 6733 11798
internal_value=0.000695568 0.0117942 0.0142025 -5.22504e-05 0.0114166 0.0134213 0.018566 0.00403219 0.00648529 -0.000159074 0.00411307 0.00785674 -0.000213268 -1.14267e-05 -0.00051345 -0.000794252 0.000228853 0.00212108 0.00471364 0.00681034 0.00441142 -0.000116166 0.000797888 0.00867844 0.0103696 0.000487671 0.00366362 0.0196016 -0.000669834 -0.000349753
internal_weight=99272 6262 4776 93010 2926 1863 1850 1486 879 90689 2321 1063 88588 61434 19884 16486 41550 2101 662 865 503 24374 5868 844 593 5470 542 1619 27154 18531
internal_count=99272 6262 4776 93010 2926 1863 1850 1486 879 90689 2321 1063 88588 61434 19884 16486 41550 2101 662 865 503 24374 5868 844 593 5470 542 1619 27154 18531
is_linear=0
shrinkage=0.03


Tree=115
num_leaves=31
num_cat=0
split_feature=23 1 23 22 1 31 16 32 23 10 18 8 32 19 22 35 30 34 34 10 10 32 33 26 26 8 19 35 9 11
split_gain=908.486 137.827 73.0934 30.3826 20.8605 18.1119 14.584 14.454 17.3206 15.1896 11.6049 11.3095 10.726 10.2198 9.09219 9.04682 11.5993 11.7231 8.79951 11.7206 8.40653 8.35242 7.99494 9.84102 7.61117 9.09474 7.54129 7.50999 7.9748 7.40952
threshold=0.94471827380329176 14.975000000000003 0.97769015574246521 10.880833333333333 8.8250000000000028 1.2300199600798405 15.287500000000001 -0.94828754594723508 0.96853676129614419 10.500000000000002 10.792500000000002 15.500000000000002 -0.95368063612909426 5.182500000000001 13.504000000000003 39.250000000000007 4.5250000000000012 952.52500000000009 966.42500000000018 2.5000000000000004 2.5000000000000004 -0.74892720285008318 0.39073112848927366 1.6025000000000003 3.3175000000000008 6.5000000000000009 3.8275000000000006 62.250000000000007 2.5000000000000004 10.587500000000002
decision_type=2 2 2 2 2 2 8 2 2 2 10 2 2 10 2 2 2 2 2 2 2 2 2 2 2 2 10 2 2 10
left_child=3 2 7 13 6 -3 29 9 11 -2 -5 24 -6 15 -7 21 17 27 -19 -20 -15 -1 23 -18 -9 -26 -24 -17 -29 -4
right_child=1 5 4 10 12 14 -8 8 -10 -11 -12 -13 -14 20 -16 16 22 18 19 -21 -22 -23 26 -25 25 -27 -28 28 -30 -31
leaf_value=-0.0030609389334308595 1.6545309335624923e-05 1.657720245671901e-05 1.6561959409874259e-05 1.6685866728982646e-05 1.6561959410237304e-05 1.701862471254714e-05 1.6561959409874259e-05 1.6248620381000431e-05 1.6561967621513455e-05 1.6561957488068212e-05 1.4903219230093873e-05 1.6582715298775196e-05 1.6561959409867598e-05 -0.0001730256684980312 1.6444381292571864e-05 -0.00055942656463543597 -0.0018704005437616396 -0.0019825773567056144 -0.0035168983803663266 0.0089270913588893677 0.00011618360115720482 -0.00015965002346881069 0.0029769868990033375 5.7044309381347741e-05 1.6548355660307433e-05 1.7149058290255108e-05 -0.0014804073410686991 0.0055534081435399509 0.00022998533757222897 1.6561959409875926e-05
leaf_weight=8495 514 206 238 1087 479 965 519 208 544 326 1181 304 234 2306 442 6528 5071 17719 549 544 15095 9565 2313 17718 325 383 741 1381 2160 926
leaf_count=8495 514 206 238 1087 479 965 519 208 544 326 1181 304 234 2306 442 6528 5071 17719 549 544 15095 9565 2313 17718 325 383 741 1381 2160 926
internal_value=0.000698105 0.0114356 0.0138941 -7.05084e-05 0.0176851 0.00379543 0.0195444 0.0103787 0.0119322 0.00706509 0.00335504 0.00986939 0.0131908 -0.000156836 0.00255595 -0.000312988 -0.000120814 -0.000533927 -0.000976033 0.00163115 0.000496207 -0.000895102 0.000340877 0.000147538 0.00812378 0.00960168 0.00178097 0.000292137 0.00140355 0.0174919
internal_weight=99066 6613 5000 92453 2396 1613 1683 2604 1764 840 2268 1220 713 90185 1407 72784 54724 28881 18812 1093 17401 18060 25843 22789 916 708 3054 10069 3541 1164
internal_count=99066 6613 5000 92453 2396 1613 1683 2604 1764 840 2268 1220 713 90185 1407 72784 54724 28881 18812 1093 17401 18060 25843 22789 916 708 3054 10069 3541 1164
is_linear=0
shrinkage=0.03


Tree=116
num_leaves=31
num_cat=0
split_feature=23 2 16 23 32 0 2 31 23 26 18 16 21 17 6 19 31 34 33 28 19 32 31 32 16 31 18 34 17 26
split_gain=905.496 140.909 54.1713 40.2848 23.19 35.0193 17.2941 32.1935 15.8501 13.9423 13.2449 10.2063 9.29175 10.253 9.08116 8.33035 7.38507 7.42779 7.13544 10.8839 6.9847 9.61003 6.15826 9.31833 6.09284 6.02806 5.68947 8.22954 5.66399 6.44395
threshold=0.95123381308365573 1.1474195251904404 13.997500000000002 0.92135163589546987 -0.96359376111369355 10.622500000000002 1.1198060051589478 1.3812249728329637 0.9808168523507349 3.5375000000000005 10.687500000000002 7.0475000000000012 2.0728371257734257 13.922500000000003 1.5000000000000002 5.2525000000000013 2.3532736906568688 942.82500000000016 -0.66259481767468253 1.7540043470706996 9.2125000000000021 -0.88697705852364728 1.9102946203946392 0.95878322595067733 14.942500000000003 1.4981258517259308 6.3575000000000008 946.57500000000016 4.9575000000000005 2.2175000000000007
decision_type=2 2 8 2 2 2 2 2 2 2 10 10 2 2 2 10 2 2 2 2 10 2 2 2 8 2 10 2 2 2
left_child=3 6 4 11 12 22 -2 -8 9 -4 -5 14 13 -3 -1 18 28 -18 19 -16 21 -7 23 -6 25 -10 27 -17 29 -13
right_child=1 2 8 10 5 20 7 -9 24 -11 -12 16 -14 -15 15 26 17 -19 -20 -21 -22 -23 -24 -25 -26 -27 -28 -29 -30 -31
leaf_value=-0.0017024270402348745 -9.1567510794058146e-06 1.6065100610124228e-05 1.606509707706331e-05 1.6047062486416185e-05 1.6046552314971097e-05 1.6065100627323802e-05 1.607994008902991e-05 1.5835397735436325e-05 1.6065100627576932e-05 1.6065100638231743e-05 1.5669839154515005e-05 -0.00050188140362773554 1.6051812215186478e-05 1.606510076077039e-05 0.0011147077562462403 0.0057322694055246797 0.0055407923494305749 -0.0019136920273981404 -0.0007605342423379597 0.0075130458972708508 1.6065100627083993e-05 1.606510062851285e-05 1.6065069857955933e-05 1.6065108264587954e-05 1.6065100627576932e-05 1.6065100627576932e-05 0.00015630025518129754 0.0017806097856330782 1.5718702446650967e-05 0.0025347233367992951
leaf_weight=19149 590 462 216 995 244 382 242 709 200 462 1365 1416 256 281 2919 220 227 4519 27505 238 279 325 266 299 727 200 793 530 30929 2311
leaf_count=19149 590 462 216 995 244 382 242 709 200 462 1365 1416 256 281 2919 220 227 4519 27505 238 279 325 266 299 727 200 793 530 30929 2311
internal_value=0.000650829 0.0118047 0.0144338 -8.52446e-05 0.0117749 0.013825 0.00393726 0.00642992 0.0185055 0.0146354 0.00378013 -0.000185962 0.00804084 0.00973396 -0.000464613 -0.00015694 0.000177227 -0.000932015 -0.000265302 0.00108444 0.0176307 0.0157711 0.00910688 0.00715511 0.0207588 0.0171852 0.00199031 0.0038543 0.000329245 0.00143328
internal_weight=99256 6140 4599 93116 2794 1795 1541 951 1805 678 2360 90756 999 743 51354 32205 39402 4746 30662 3157 986 707 809 543 1127 400 1543 750 34656 3727
internal_count=99256 6140 4599 93116 2794 1795 1541 951 1805 678 2360 90756 999 743 51354 32205 39402 4746 30662 3157 986 707 809 543 1127 400 1543 750 34656 3727
is_linear=0
shrinkage=0.03


Tree=117
num_leaves=31
num_cat=0
split_feature=23 2 23 23 16 1 32 29 2 35 18 34 16 12 30 20 35 28 32 30 32 35 26 34 11 26 16 30 18 8
split_gain=902.124 129.19 56.9913 45.1747 27.3424 19.3321 15.4781 15.2196 14.6917 13.1443 12.0455 11.7837 11.7435 8.59439 8.21927 7.72946 7.29585 7.00117 6.68299 7.16402 11.3828 6.71714 6.60711 7.83631 9.47014 10.5051 6.54454 6.9451 6.2979 6.07325
threshold=0.95123381308365573 1.1474195251904404 0.97102885636651037 0.92135163589546987 12.892500000000002 21.875000000000004 -0.96359376111369355 8.0275000000000016 1.1714236925654091 56.750000000000007 10.687500000000002 954.22500000000014 15.287500000000001 11.247500000000002 7.6750000000000016 2.2883750000000007 68.250000000000014 2.0909816261222773 -0.95878322595067689 5.0250000000000012 0.87032255546191739 37.750000000000007 2.4075000000000006 960.52500000000009 5.557500000000001 2.8675000000000006 6.4875000000000016 6.9250000000000016 14.027500000000002 15.500000000000002
decision_type=2 2 2 2 8 2 2 2 2 2 10 2 8 10 2 2 2 2 2 2 2 2 2 2 10 2 10 2 10 2
left_child=3 5 16 13 6 7 -4 -2 11 -9 14 -6 28 15 -5 -1 29 -18 21 20 -20 -17 -21 -24 25 -25 -23 -28 -10 -3
right_child=1 2 4 10 8 -7 -8 9 12 -11 -12 -13 -14 -15 -16 18 17 -19 19 22 -22 26 23 24 -26 -27 27 -29 -30 -31
leaf_value=-0.0021705765534061039 1.6963284978381954e-05 1.5582964177226091e-05 1.5583147737596726e-05 1.5373804878210359e-05 1.5583147615451099e-05 3.2123007504292201e-06 1.5583159980342202e-05 1.5592357912396155e-05 1.5583147609645742e-05 1.5401528446786771e-05 1.5696468730358547e-05 1.558314760874313e-05 1.5583147608749791e-05 0.00023492903541541543 1.5480966164986843e-05 -0.0014057204973512035 1.5679408917041636e-05 1.5575600095550274e-05 0.00047120165886962659 -8.0238268082648555e-05 -0.0014303037822931441 -0.0018199786342015455 5.3031522044841845e-05 0.0015999736205383904 3.2464089493594582e-05 0.0043939965104342832 0.001873823252895378 -3.006823794116098e-06 1.5583147608749791e-05 1.5583914230326012e-05
leaf_weight=7784 365 731 336 225 306 608 269 318 610 252 1308 263 548 1512 770 5860 466 246 14807 13678 16063 5843 16928 274 2696 254 1379 3357 614 228
leaf_count=7784 365 731 336 225 306 608 269 318 610 252 1308 263 548 1512 770 5860 466 246 14807 13678 16063 5843 16928 274 2696 254 1379 3357 614 228
internal_value=0.000697713 0.0118102 0.0143204 -4.10173e-05 0.016839 0.00427713 0.0109918 0.0069734 0.0183235 0.0100174 0.00410355 0.0138554 0.0197152 -0.000146783 0.006585 -0.000184971 0.00984308 0.00743933 -9.83074e-05 3.89453e-05 -0.000291499 -0.000638349 0.000340475 0.000685816 0.00204026 0.00569606 -0.000186792 0.000641636 0.0178828 0.0115799
internal_weight=98898 6160 4617 92738 2946 1543 605 935 2341 570 2303 569 1772 90435 995 88923 1671 712 81139 64700 30870 16439 33830 20152 3224 528 10579 4736 1224 959
internal_count=98898 6160 4617 92738 2946 1543 605 935 2341 570 2303 569 1772 90435 995 88923 1671 712 81139 64700 30870 16439 33830 20152 3224 528 10579 4736 1224 959
is_linear=0
shrinkage=0.03


Tree=118
num_leaves=31
num_cat=0
split_feature=23 2 23 22 10 1 29 10 32 20 12 1 14 18 10 14 20 34 35 29 21 20 27 34 8 8 35 22 1 8
split_gain=926.031 138.296 72.044 31.9713 18.5376 16.0801 15.3449 14.3954 14.2008 17.4262 13.0859 12.5725 11.1346 9.81691 9.75133 9.68554 10.0866 11.2724 15.1927 9.35757 9.03833 8.80859 8.02496 7.76341 18.5857 7.58233 7.56062 7.41544 6.99593 6.54353
threshold=0.94471827380329176 1.1474195251904404 0.97769015574246521 10.880833333333333 11.500000000000002 21.875000000000004 8.0275000000000016 4.5000000000000009 -0.95878322595067689 12.240125000000003 10.112500000000002 23.075000000000006 0.63388353294065891 10.687500000000002 10.500000000000002 1.2882384613623898 5.8811250000000017 951.82500000000016 47.750000000000007 7.2375000000000016 3.3308826406838565 13.866125 6.4443750000000009 967.77500000000009 15.500000000000002 9.5000000000000018 60.250000000000007 13.504000000000003 1.0000000180025095e-35 9.5000000000000018
decision_type=2 2 2 2 2 2 2 2 2 2 10 2 2 10 2 2 2 2 2 2 2 2 2 2 2 2 2 2 2 2
left_child=3 5 8 15 12 6 -2 -8 14 10 -10 13 19 22 -3 16 17 18 20 -4 -1 -14 28 -19 -25 -20 -9 -6 -5 -12
right_child=1 2 4 11 27 -7 7 26 9 -11 29 -13 21 -15 -16 -17 -18 23 25 -21 -22 -23 -24 24 -26 -27 -28 -29 -30 -31
leaf_value=-0.0021277038778737081 1.563223906457689e-05 1.5099906763783587e-05 1.5115653180487464e-05 1.7407576161211065e-05 1.5115653181308806e-05 2.3169077181921327e-05 1.5399791197521869e-05 1.500580037109747e-05 1.5115456732126747e-05 1.5115653705484714e-05 1.5103063155682325e-05 -0.00013286287841941897 1.5115653180487464e-05 1.5799422719107171e-05 1.5115651316831569e-05 0.00055620919903769995 6.2574581798346957e-06 -0.0020008507248467744 0.00067994242853050004 1.5115653180487464e-05 0.0052683279915434478 1.5115653180487464e-05 1.8659492090530093e-05 -0.0023120027698411982 0.018519730158508732 0.004734620404807246 1.4690233981895128e-05 1.5115653180487464e-05 1.520468022483068e-05 1.5115028538552621e-05
leaf_weight=10174 374 435 255 201 267 637 214 209 762 572 217 344 311 1003 273 10924 36540 23927 5518 767 462 459 229 553 224 1920 216 357 504 297
leaf_count=10174 374 435 255 201 267 637 214 209 762 572 217 344 311 1003 273 10924 36540 23927 5518 767 462 459 229 553 224 1920 216 357 504 297
internal_value=0.000696066 0.0115292 0.0140253 -7.98576e-05 0.0177497 0.00398791 0.00632711 0.00913509 0.0104772 0.0118705 0.00984543 0.00342388 0.0160901 0.00436097 0.00678261 -0.000168605 -0.000283954 -0.000596593 -2.72146e-05 0.018222 -0.000754441 0.0131613 0.00656869 -0.00101307 0.00192967 0.00101249 0.00582558 0.0223498 0.00492253 0.0135607
internal_weight=99145 6622 4972 92523 2416 1650 1013 639 2556 1848 1276 2281 1792 1937 708 90242 79318 42778 18074 1022 10636 770 934 24704 777 7438 425 624 705 514
internal_count=99145 6622 4972 92523 2416 1650 1013 639 2556 1848 1276 2281 1792 1937 708 90242 79318 42778 18074 1022 10636 770 934 24704 777 7438 425 624 705 514
is_linear=0
shrinkage=0.03


Tree=119
num_leaves=31
num_cat=0
split_feature=23 2 16 23 25 27 1 31 10 17 0 26 8 18 22 10 29 19 35 34 14 12 27 2 5 35 34 25 9 33
split_gain=898.915 146.046 57.3718 44.2641 16.8609 16.7723 16.0331 28.904 14.817 13.529 22.4533 17.3446 12.5552 12.3631 9.5575 7.4099 11.311 7.95667 8.76892 8.64435 7.17637 7.11714 6.65395 6.12259 10.7939 6.1408 8.04018 5.80077 6.2725 11.8248
threshold=0.95123381308365573 1.1474195251904404 13.997500000000002 0.92135163589546987 5.5475000000000012 6.0914583333333345 21.875000000000004 1.3812249728329637 11.500000000000002 13.587500000000002 10.622500000000002 4.6025000000000009 9.5000000000000018 10.687500000000002 2.3172083333333338 1.5000000000000002 3.3675000000000006 4.9225000000000012 47.750000000000007 942.82500000000016 0.47355481856152315 5.8125000000000009 5.7093750000000005 1.2296297279618553 0.70692474687801332 71.250000000000014 961.72500000000014 3.3025000000000007 1.5000000000000002 -0.33379414889141251
decision_type=2 2 8 2 8 2 2 2 2 2 2 2 2 10 2 2 2 10 2 2 2 10 2 2 2 2 2 10 2 2
left_child=3 6 4 14 -3 8 7 -2 -4 11 12 -6 -11 22 -1 16 -16 18 -17 21 -12 -19 -5 24 25 -18 -27 28 29 -21
right_child=1 2 5 13 9 -7 -8 -9 -10 10 20 -13 -14 -15 15 17 23 19 -20 27 -22 -23 -24 -25 -26 26 -28 -29 -30 -31
leaf_value=-0.0025338707413396304 1.4710206835022708e-05 1.4662182601996587e-05 1.4662183585052889e-05 1.4725143138008403e-05 1.4662384498225444e-05 1.4662183585073539e-05 -6.1333261814372801e-06 1.4414749893851709e-05 1.4662183585073539e-05 1.4660511033139922e-05 1.4662183623669333e-05 1.4661605523834788e-05 1.4662183010758052e-05 1.5074723008272867e-05 -0.0027432839697367583 -0.0004561904346208567 -5.0390742854259006e-05 0.0055850831934771469 4.0018521537817905e-05 0.0027880735836958762 1.4662183710403287e-05 0.00029938116706779258 1.434965691205478e-05 -0.00019119498307530123 0.00022554750102746988 0.0023796813006472122 -9.1998979069551312e-05 4.8326295935712152e-08 0.00025988559358037735 0.0006046197319307
leaf_weight=7055 232 728 267 593 219 1279 607 709 247 243 594 400 291 1344 5579 23342 562 314 34851 379 356 637 417 717 300 449 356 10650 4535 952
leaf_count=7055 232 728 267 593 219 1279 607 709 247 243 594 400 291 1344 5579 23342 562 314 34851 379 356 637 417 717 300 449 356 10650 4535 952
internal_value=0.000679655 0.011762 0.0144303 -5.61719e-05 0.0117303 0.0186491 0.00377077 0.00621247 0.0137919 0.0131029 0.0146797 0.00923558 0.00960668 0.00400085 -0.000161707 -7.22134e-05 -0.000942395 1.9427e-05 -0.00014913 0.000580872 0.017466 0.0033546 0.00650246 0.000786102 0.0017817 0.00064067 0.00231481 0.000420192 0.00117731 0.00298428
internal_weight=99204 6172 4624 93032 2831 1793 1548 941 514 2103 1484 619 534 2354 90678 83623 7963 75660 58193 17467 950 951 1010 2384 1667 1367 805 16516 5866 1331
internal_count=99204 6172 4624 93032 2831 1793 1548 941 514 2103 1484 619 534 2354 90678 83623 7963 75660 58193 17467 950 951 1010 2384 1667 1367 805 16516 5866 1331
is_linear=0
shrinkage=0.03


Tree=120
num_leaves=31
num_cat=0
split_feature=23 1 23 20 2 18 1 31 25 16 10 35 24 25 30 12 8 34 28 15 8 14 28 30 11 0 33 35 30 33
split_gain=925.808 149.358 60.8682 47.745 20.7768 13.6454 13.5651 22.4715 13.0384 11.259 9.47803 9.55741 10.5305 8.6778 8.30455 8.03544 7.96453 9.482 10.054 7.94452 7.63563 7.56122 7.51227 8.71962 10.9615 7.46601 6.862 9.26403 8.98066 8.4519
threshold=0.95802549872652831 15.275000000000002 0.92135163589546987 13.143125000000003 1.1714236925654091 10.687500000000002 21.875000000000004 1.3949988541162692 5.5475000000000012 15.287500000000001 1.5000000000000002 40.250000000000007 8.1750000000000025 6.5325000000000015 5.8250000000000011 9.3825000000000021 13.500000000000002 967.27500000000009 1.2527968710006181 -0.48500000000000015 14.500000000000002 2.0666629688137514 1.1479383694243812 16.125000000000004 10.587500000000002 7.9025000000000007 1.0000000180025095e-35 85.250000000000014 4.1750000000000016 0.24192189559966756
decision_type=2 2 2 2 2 10 2 2 8 8 2 2 10 8 2 10 2 2 2 10 2 2 2 2 10 2 2 2 2 2
left_child=2 3 10 8 13 15 7 -3 -2 -6 14 12 21 -5 -1 20 -13 26 -19 -10 -4 -12 -21 24 -24 -14 -18 28 -28 -29
right_child=1 6 5 4 9 -7 -8 -9 19 -11 11 16 25 -15 -16 -17 17 18 -20 22 -22 -23 23 -25 -26 -27 27 29 -30 -31
leaf_value=-0.0031090846047374279 1.4222316514109768e-05 1.4178369959751748e-05 1.3929319866936683e-05 1.4222318077512507e-05 1.4222318077581782e-05 1.4512541553940029e-05 4.9988325415144938e-07 1.3979421033870619e-05 1.4222318081409126e-05 1.4222318077522499e-05 -0.00059347852418666406 -2.6716031383991546e-05 0.0020943158366209026 1.4222318077515838e-05 5.7893018271470972e-06 1.3934922643242871e-05 -8.9424795386341791e-06 0.014165965404621481 2.7843137845499278e-05 1.4222316424604697e-05 1.5722666789737136e-05 0.001995687830928454 1.4222317078640412e-05 1.4222376282145562e-05 1.4222546984262729e-05 1.0687817040465619e-05 -0.00071974895441546298 0.00011360364355214814 0.00055822748942872639 0.0088034792806430794
leaf_weight=5550 613 211 390 296 855 1547 554 625 300 495 22274 38103 382 349 2983 559 10379 321 323 228 217 897 628 210 463 869 3034 202 5172 232
leaf_count=5550 613 211 390 296 855 1547 554 625 300 495 22274 38103 382 349 2983 559 10379 321 323 228 217 897 628 210 463 869 3034 202 5172 232
internal_value=0.000678751 0.0122752 -4.50783e-05 0.0149615 0.0184275 0.00437859 0.00367742 0.00607848 0.0120981 0.0205904 -0.000177601 -7.87665e-05 -0.000576248 0.0137769 -0.00112895 0.00682494 0.000131588 0.000621872 0.00418798 0.0133822 0.00437745 -0.000721135 0.0142784 0.0151815 0.0162838 0.00209952 0.000500052 0.00112435 0.000896601 0.0053713
internal_weight=99261 5827 93434 4437 1995 2713 1390 836 2442 1350 90721 82188 24422 645 8533 1166 57766 19663 644 1829 607 23171 1529 1301 1091 1251 19019 8640 8206 434
internal_count=99261 5827 93434 4437 1995 2713 1390 836 2442 1350 90721 82188 24422 645 8533 1166 57766 19663 644 1829 607 23171 1529 1301 1091 1251 19019 8640 8206 434
is_linear=0
shrinkage=0.03


Tree=121
num_leaves=31
num_cat=0
split_feature=22 2 16 22 1 31 32 3 32 10 31 2 31 6 5 9 24 19 34 24 4 24 29 34 26 10 1 16 19 1
split_gain=915.083 147.375 54.908 51.3153 18.3821 37.769 17.6625 27.7366 15.5796 13.3779 18.2907 11.4237 11.1901 8.717 8.63412 8.27983 8.57998 8.10615 11.1033 7.94625 7.98388 7.92715 7.28247 7.28062 7.22309 6.79243 7.21605 6.96789 7.53353 7.73353
threshold=11.625333333333336 1.1474195251904404 13.997500000000002 10.980916666666667 21.875000000000004 1.3812249728329637 -0.96359376111369355 10.321794376825713 0.90992662233962551 11.500000000000002 1.5039617901979414 1.1753829650923688 1.8701187327197217 1.5000000000000002 0.28528506894366484 1.5000000000000002 8.0250000000000021 9.2775000000000016 956.62500000000011 8.2250000000000014 0.91339065212439718 10.625000000000002 8.5175000000000018 959.02500000000009 4.8825000000000012 2.5000000000000004 -8.3749999999999982 8.7525000000000031 8.9975000000000023 -2.1749999999999994
decision_type=2 2 8 2 2 2 2 2 2 2 2 2 2 2 2 2 8 10 2 10 2 8 2 2 2 2 2 8 8 2
left_child=3 4 6 13 5 -2 11 12 19 10 -4 -3 -8 14 -1 -10 -17 18 -9 -5 -21 -13 -7 -18 -20 27 -27 -15 -29 -30
right_child=1 2 9 8 -6 22 7 17 15 -11 -12 21 -14 25 -16 16 23 -19 24 20 -22 -23 -24 -25 -26 26 -28 28 29 -31
leaf_value=-0.0016199801145960295 1.3853609110058284e-05 1.3795648533033721e-05 1.3795648535195325e-05 1.0505921650398875e-05 2.0448465404222154e-05 1.4311446764809776e-05 1.3795697882584834e-05 1.3795650289554665e-05 1.3293220143280364e-05 1.3795648535195325e-05 1.3795648535195325e-05 1.379565976000409e-05 1.3796989969735439e-05 -0.0024687587217946685 8.715412952950974e-06 1.3968298602224257e-05 1.3014962995549677e-05 1.379564853342341e-05 1.3795648533077019e-05 1.7532602559742202e-05 1.315447299891818e-05 1.3795648672322302e-05 1.3580719851029297e-05 1.2723646550227927e-05 1.3795648572632047e-05 0.0014851393611808707 5.1460263368081913e-05 -0.00018922593327151249 2.4714868702324644e-06 0.00084468816567856951
leaf_weight=20753 265 431 694 871 652 447 375 210 200 609 545 226 231 5091 13129 336 223 304 343 220 310 323 298 204 203 216 47444 1267 1949 840
leaf_count=20753 265 431 694 871 652 447 375 210 200 609 545 226 231 5091 13129 336 223 304 343 220 310 323 298 204 203 216 47444 1267 1949 840
internal_value=0.000695798 0.0118929 0.0147139 -4.5553e-05 0.00424355 0.00676847 0.0118982 0.0137953 0.00431321 0.0187026 0.0167387 0.00861929 0.00856301 -0.000159405 -0.000540208 0.00724277 0.00866016 0.0167324 0.0148384 0.00228094 0.00515888 0.0114856 0.00326 0.0114792 0.017118 6.77491e-05 0.000211475 -0.000680836 0.000246737 0.00111775
internal_weight=99209 6156 4494 93053 1662 1010 2646 1666 2364 1848 1239 980 606 90689 33882 963 763 1060 756 1401 530 549 745 427 546 56807 47660 9147 4056 2789
internal_count=99209 6156 4494 93053 1662 1010 2646 1666 2364 1848 1239 980 606 90689 33882 963 763 1060 756 1401 530 549 745 427 546 56807 47660 9147 4056 2789
is_linear=0
shrinkage=0.03


Tree=122
num_leaves=31
num_cat=0
split_feature=23 1 20 23 32 4 2 1 29 35 1 16 24 10 29 0 32 2 16 2 2 17 19 22 32 21 21 33 34 35
split_gain=916.592 146.574 62.408 40.8859 18.4652 18.4124 18.24 16.8648 14.0435 17.8597 10.9355 10.8609 10.0563 9.18928 9.19083 9.00082 8.53479 11.4324 8.43207 7.93796 7.1637 7.08844 8.60617 7.05478 6.91259 6.74485 6.109 5.5777 17.3723 7.64149
threshold=0.95123381308365573 15.275000000000002 13.143125000000003 0.92135163589546987 -0.96359376111369355 0.91501037992003975 1.1714236925654091 21.875000000000004 8.0275000000000016 55.750000000000007 22.025000000000002 14.187500000000002 8.0250000000000021 1.5000000000000002 6.3175000000000008 10.407500000000002 -0.97625883275952019 1.161334974430922 15.287500000000001 1.0755131976497585 1.1770580455002846 12.052500000000002 10.812500000000002 2.3172083333333338 0.95878322595067733 2.7863098279314986 4.1512769099994165 0.44618082326431213 943.87500000000011 31.750000000000004
decision_type=2 2 2 2 2 2 2 2 2 2 2 10 10 2 2 2 2 2 8 2 2 2 8 2 2 2 2 2 2 2
left_child=3 2 4 13 21 11 16 8 -3 -10 12 -6 24 14 -1 -14 -4 -18 25 -15 -7 -2 -23 -21 -5 -8 27 -25 29 -29
right_child=1 7 6 10 5 20 18 -9 9 -11 -12 -13 15 19 -16 -17 17 -19 -20 23 -22 22 -24 26 -26 -27 -28 28 -30 -31
leaf_value=-0.00089206704364441303 1.3360025949108748e-05 1.3882103361866348e-05 1.3381779079129075e-05 1.4194885380870509e-05 1.3381774715479632e-05 1.5411378708038713e-05 1.3381779079302269e-05 -1.0397336267227163e-05 1.3431634401547359e-05 1.3214215652048721e-05 -8.546177371139137e-05 1.3381778993247772e-05 1.3380703125629445e-05 -0.0021270824876257043 0.00018848097716035904 1.3005179948323246e-05 1.3381779079135736e-05 1.3381779079132405e-05 1.3381779079139066e-05 -0.002080805866969094 1.3381778918774011e-05 1.3382219623214607e-05 1.3381823233094887e-05 -3.7872379002079624e-06 1.3383554502074401e-05 1.3381779079142397e-05 0.00094706707805318957 0.003898855484582164 0.00018671856110642827 0.0074958513235081053
leaf_weight=8268 231 350 221 828 828 224 635 621 305 239 278 356 377 2869 221 236 208 205 482 6175 615 210 300 63452 614 214 1448 313 7441 389
leaf_count=8268 231 350 221 828 828 224 635 621 305 239 278 356 377 2869 221 236 208 205 482 6175 615 210 300 63452 614 214 1448 313 7441 389
internal_value=0.000715131 0.0118368 0.0144366 -3.29021e-05 0.0114908 0.0129837 0.0185406 0.00370066 0.00632703 0.0093224 0.00388409 0.0104861 0.00463835 -0.000134002 -0.00107335 0.00784951 0.0141127 0.016701 0.0205891 -3.68009e-05 0.0164254 0.00735523 0.00932039 1.93876e-05 0.00325086 0.0184813 0.000101727 6.26389e-05 0.000801546 0.00529561
internal_weight=99153 6244 4729 92909 2764 2023 1965 1515 894 544 2333 1184 2055 90576 8489 613 634 413 1331 82087 839 741 510 79218 1442 849 73043 71595 8143 702
internal_count=99153 6244 4729 92909 2764 2023 1965 1515 894 544 2333 1184 2055 90576 8489 613 634 413 1331 82087 839 741 510 79218 1442 849 73043 71595 8143 702
is_linear=0
shrinkage=0.03


Tree=123
num_leaves=31
num_cat=0
split_feature=22 2 16 22 32 0 1 31 20 2 26 32 24 24 32 1 10 31 21 14 35 10 12 19 34 31 17 32 31 2
split_gain=891.106 142.46 53.438 46.3521 21.0176 34.2983 16.6286 33.1095 13.6431 13.329 12.5823 12.5671 9.54547 9.43805 9.17126 13.2134 8.80646 8.31452 8.14105 8.08322 8.1273 8.3926 12.3135 12.7972 7.83223 14.6013 9.21785 7.73027 7.16385 7.1533
threshold=11.625333333333336 1.1474195251904404 13.997500000000002 11.068875 -0.96359376111369355 10.622500000000002 21.875000000000004 1.3812249728329637 13.143125000000003 1.1753829650923688 3.6125000000000007 -0.8949002852437673 8.0250000000000021 7.075000000000002 -0.91702515554752051 7.4250000000000016 11.500000000000002 1.9102946203946392 1.9381998732983103 1.2882384613623898 28.750000000000004 2.5000000000000004 5.5925000000000011 8.7225000000000019 966.87500000000011 1.7719481758790285 7.6175000000000006 0.96359376111369366 1.5039617901979414 1.2221243581812249
decision_type=2 2 8 2 2 2 2 2 2 2 2 2 8 10 2 2 2 2 2 2 2 2 10 8 2 2 2 2 2 2
left_child=3 6 4 13 9 17 7 -2 10 -3 -4 -5 -13 19 15 -7 28 27 -11 20 -1 22 -22 -24 -23 -26 -27 -6 -10 -25
right_child=1 2 8 11 5 14 -8 -9 16 18 -12 12 -14 -15 -16 -17 -18 -19 -20 -21 21 24 23 29 25 26 -28 -29 -30 -31
leaf_value=-0.0011505348700801366 1.2977998952171389e-05 1.2980325704363881e-05 1.298032220987122e-05 1.3914193715191721e-05 1.2962341095141565e-05 1.298032570504204e-05 3.3938221618505922e-05 1.3258945465508543e-05 1.2980325706763995e-05 1.2980325839774265e-05 1.2980328700725048e-05 1.2982047867011736e-05 1.2367024808314086e-05 4.4659629387388365e-05 1.2980325704772588e-05 1.298032565273055e-05 1.2980325706763995e-05 1.2981084730884218e-05 1.298071088585262e-05 0.00056958261540670976 -0.0025470460147738669 -3.1007954328619022e-05 -0.0021260955101648341 0.00049710922127514266 -8.3967772586345042e-05 0.012192678301281481 0.00028135418632795333 1.2980373573727721e-05 1.2980325706763995e-05 2.4503176986845717e-05
leaf_weight=9180 256 462 221 950 200 262 642 741 514 347 403 453 550 5990 518 201 374 220 203 10171 8388 51716 1424 1306 766 213 218 271 296 1579
leaf_count=9180 256 462 221 950 200 262 642 741 514 347 403 453 550 5990 518 201 374 220 203 10171 8388 51716 1424 1306 766 213 218 271 296 1579
internal_value=0.000695021 0.0117678 0.0145284 -3.62943e-05 0.0117992 0.0138784 0.00418066 0.00659581 0.0185361 0.00831268 0.0146709 0.00453064 0.00686607 -0.000134604 0.0174919 0.0140833 0.0205029 0.00865948 0.0114595 -0.000215769 -0.000323685 -0.000206661 -0.00089915 0.000404033 -4.04217e-05 0.00235358 0.00673624 0.00629622 0.0184417 0.0015519
internal_weight=99035 6131 4492 92904 2684 1672 1639 997 1808 1012 624 1953 1003 90951 981 463 1184 691 550 84961 74790 65610 12697 4309 52913 1197 431 471 810 2885
internal_count=99035 6131 4492 92904 2684 1672 1639 997 1808 1012 624 1953 1003 90951 981 463 1184 691 550 84961 74790 65610 12697 4309 52913 1197 431 471 810 2885
is_linear=0
shrinkage=0.03


Tree=124
num_leaves=31
num_cat=0
split_feature=22 1 16 22 14 0 17 1 29 35 0 10 29 33 24 34 24 11 16 10 35 29 17 8 16 9 21 8 34 22
split_gain=898.966 150.649 49.7033 48.4175 21.54 25.1333 18.6517 17.7465 18.0029 14.6431 14.2374 13.3698 17.5896 9.94732 9.29782 8.81421 10.7417 10.8059 8.64935 8.33593 9.42536 8.52378 8.40609 8.10898 7.72549 7.62244 8.45012 12.3243 9.94753 6.69179
threshold=11.625333333333336 14.975000000000003 13.997500000000002 11.068875 0.69816425956455153 10.622500000000002 12.537500000000001 21.875000000000004 8.0275000000000016 55.750000000000007 10.997500000000002 11.500000000000002 7.6275000000000013 -0.25881904510252068 7.075000000000002 954.12500000000011 8.1250000000000018 9.8325000000000014 12.382500000000002 1.5000000000000002 37.750000000000007 3.0725000000000007 10.447500000000002 12.500000000000002 12.892500000000002 5.5000000000000009 1.9681720572429051 13.500000000000002 953.42500000000018 13.274833333333335
decision_type=2 2 8 2 2 2 2 2 2 2 2 2 2 2 10 2 8 10 10 2 2 2 2 2 10 2 2 2 2 2
left_child=3 2 4 14 5 23 -7 8 -3 -10 15 12 -4 -6 19 -5 -17 -18 -8 21 22 -1 -21 -2 -15 -22 -27 -28 -29 -13
right_child=1 7 11 10 13 6 18 -9 9 -11 -12 29 -14 24 -16 16 17 -19 -20 20 25 -23 -24 -25 -26 26 27 28 -30 -31
leaf_value=-0.0028924520585165486 1.2590962366517688e-05 1.3067871897044503e-05 1.2590915935559277e-05 1.4026422400935656e-05 1.2590928531900956e-05 1.2583609298841934e-05 1.2590916043610825e-05 -1.0824169784739116e-05 1.2911327398962996e-05 1.2413255204233971e-05 1.1757211174582928e-05 1.2590915982401063e-05 1.2590915935561942e-05 1.2574339401296339e-05 4.3831568169169218e-05 1.2551783994074749e-05 1.2833186087788119e-05 1.2031389737892425e-05 1.2590915971932847e-05 -0.0013225017494100026 -1.2749601188356551e-05 1.8265670403012711e-05 0.00010316219068653653 1.2590912364864869e-05 1.2590915944614344e-05 5.7838546005081755e-05 8.1838589401956872e-05 0.0050468176372302654 0.00092257144861769384 1.2590915935561942e-05
leaf_weight=5492 444 402 409 379 237 243 305 630 301 249 626 267 814 385 5996 359 333 254 662 17366 48954 2590 1949 227 242 4961 2492 524 592 352
leaf_count=5492 444 402 409 379 237 243 305 630 301 249 626 267 814 385 5996 359 333 254 662 17366 48954 2590 1949 227 242 4961 2492 524 592 352
internal_value=0.000728001 0.0118129 0.0145642 -8.94851e-06 0.0119618 0.0137736 0.0163704 0.00381474 0.00638871 0.00989189 0.00466104 0.0183996 0.0164096 0.00796087 -0.000109414 0.00641729 0.00796214 0.0104544 0.01825 -0.000190051 -9.36202e-05 -0.00110622 -0.000666926 0.00900444 0.00590032 9.8925e-05 0.000924072 0.00202768 0.0046405 0.0221683
internal_weight=99036 6169 4587 92867 2745 1881 1210 1582 952 550 1951 1842 1223 864 90916 1325 946 587 967 84920 76838 8082 19315 671 627 57523 8569 3608 1116 619
internal_count=99036 6169 4587 92867 2745 1881 1210 1582 952 550 1951 1842 1223 864 90916 1325 946 587 967 84920 76838 8082 19315 671 627 57523 8569 3608 1116 619
is_linear=0
shrinkage=0.03


Tree=125
num_leaves=31
num_cat=0
split_feature=23 1 23 16 32 3 1 27 32 1 2 30 35 8 24 19 34 1 19 32 12 34 8 24 19 18 10 25 4 2
split_gain=915.76 142.111 56.2549 49.4132 24.0745 38.0786 16.2996 15.3643 15.1064 13.605 12.2102 9.7931 14.3459 8.7023 8.59331 7.63669 7.60542 7.08508 6.38073 6.22615 8.31687 7.18036 6.04961 5.93858 5.87944 11.2648 5.87317 5.82385 5.74584 5.66282
threshold=0.95802549872652831 15.275000000000002 0.92986604680737783 13.997500000000002 -0.95878322595067689 10.321794376825713 21.875000000000004 6.0914583333333345 0.90255091666790865 1.4250000000000005 1.1753829650923688 12.525000000000002 58.250000000000007 13.500000000000002 4.1250000000000009 8.7225000000000019 961.52500000000009 34.475000000000009 5.8575000000000008 -0.91702515554752051 10.402500000000002 974.87500000000011 12.500000000000002 7.7750000000000012 7.0725000000000007 7.6325000000000012 11.500000000000002 5.642500000000001 0.91339065212439718 1.2221243581812249
decision_type=2 2 2 8 2 2 2 2 2 2 2 2 2 2 8 10 2 2 10 2 10 2 2 10 10 10 2 8 2 2
left_child=2 3 14 4 10 22 11 9 23 -5 -2 -3 -13 15 18 -10 -12 19 -1 20 24 29 -6 -4 -16 -26 -9 -7 -25 -21
right_child=1 6 8 7 5 27 -8 26 13 -11 16 12 -14 -15 17 -17 -18 -19 -20 21 -22 -23 -24 28 25 -27 -28 -29 -30 -31
leaf_value=-0.0014098082236044865 1.2213188454378576e-05 1.1924427378178226e-05 1.228189025364812e-05 1.2213188457496082e-05 1.2213233495522723e-05 1.2213188083100294e-05 -4.1528638775453035e-06 1.2213188457496082e-05 1.1162893204070822e-05 1.2213188457496082e-05 1.2213560689541269e-05 1.2136583844828905e-05 1.2887992816392961e-05 1.224732959547281e-05 -0.00095943602911909833 1.238175498305961e-05 1.2213188459587742e-05 -0.0020788672827714064 0.00068635726229799166 8.5628416309343472e-05 8.4137997421530606e-05 0.00021426259943247537 1.2213183869790102e-05 1.3086311167754827e-05 0.0024421366389616528 -5.6215552513438904e-06 1.2213188457496082e-05 1.2213188454731627e-05 1.2481221835598522e-05 -9.4188101053051791e-05
leaf_weight=27432 468 211 624 244 378 214 587 972 309 234 367 337 271 285 15614 206 216 1956 1823 35043 2346 227 213 207 315 1217 379 793 327 5428
leaf_count=27432 468 211 624 244 378 214 587 972 309 234 367 337 271 285 15614 206 216 1956 1823 35043 2346 227 213 207 315 1217 379 793 327 5428
internal_value=0.000699369 0.0121732 -2.43891e-05 0.0147838 0.0121187 0.0144517 0.00383558 0.0186003 0.00500051 0.013677 0.00851989 0.00655704 0.00847635 0.00816149 -0.000132301 0.00574038 0.0114133 6.7287e-05 -0.000556221 0.000125093 -0.000315742 0.00033624 0.00830033 0.00279106 -0.000545042 0.00122576 0.0202854 0.018003 0.00509833 0.000306032
internal_weight=99243 5884 93359 4478 2649 1598 1406 1829 1958 478 1051 819 608 800 91401 515 583 62146 29255 60190 19492 40698 591 1158 17146 1532 1351 1007 534 40471
internal_count=99243 5884 93359 4478 2649 1598 1406 1829 1958 478 1051 819 608 800 91401 515 583 62146 29255 60190 19492 40698 591 1158 17146 1532 1351 1007 534 40471
is_linear=0
shrinkage=0.03


Tree=126
num_leaves=31
num_cat=0
split_feature=23 2 23 16 32 0 2 31 25 2 0 27 31 8 19 26 21 22 7 8 21 2 12 34 28 19 34 35 34 35
split_gain=931.946 142.93 53.2142 46.7028 22.371 34.1165 16.473 26.0455 14.0186 13.256 11.1176 19.477 9.93947 10.5615 9.39445 9.08291 8.136 8.00796 7.32287 7.15998 6.73907 6.46333 6.30739 13.6524 10.459 7.61456 10.8064 7.11366 7.40175 6.36058
threshold=0.95802549872652831 1.1454304126959505 0.92135163589546987 13.997500000000002 -0.96359376111369355 10.622500000000002 1.1198060051589478 1.3949988541162692 6.3625000000000016 1.1753829650923688 10.407500000000002 5.7093750000000005 1.9102946203946392 9.5000000000000018 8.177500000000002 4.0725000000000007 1.9381998732983103 2.3172083333333338 42.500000000000007 15.500000000000002 4.0480622336869425 1.0755131976497585 5.4875000000000016 951.32500000000016 2.5733115403642555 6.5475000000000012 946.82500000000016 54.250000000000007 941.52500000000009 40.250000000000007
decision_type=2 2 2 8 2 2 2 2 10 2 2 2 2 2 10 2 2 2 2 2 2 2 10 2 2 10 2 2 2 2
left_child=2 6 17 4 9 12 -2 -8 15 -3 11 19 13 -6 -13 -5 -11 -1 20 -4 21 -19 23 24 25 27 -27 -23 -29 -25
right_child=1 3 10 8 5 -7 7 -9 -10 16 -12 14 -14 -15 -16 -17 -18 18 -20 -21 -22 22 -24 29 -26 26 -28 28 -30 -31
leaf_value=-0.0022596024172798061 1.7194931874819907e-06 1.1846792800743521e-05 1.1459123187795773e-05 1.1846792803749118e-05 1.1846806287026316e-05 1.1846792800798145e-05 1.1781833169389278e-05 1.1609412805588581e-05 1.1846792803772431e-05 1.1846990118200562e-05 1.2098464590900703e-05 1.0774919861244831e-05 1.1848068611391981e-05 1.1847395131713289e-05 1.1653618768060986e-05 1.1846792803772431e-05 1.1847168710824584e-05 -0.0019594301358676148 0.00044573132759766481 1.2137038570213532e-05 0.00067505955174987364 -0.0010055465552357523 1.1330695660943024e-05 -0.0043503736802476259 0.0068060390976409178 0.0037359673918985368 -0.0021525615308683856 0.0074582567421827579 0.001158172275393052 -0.0011634038340410816
leaf_weight=7081 575 438 680 235 248 953 202 607 1136 309 1198 314 211 243 244 423 201 2244 10725 298 1569 8990 31857 2774 213 258 209 211 3961 20363
leaf_count=7081 575 438 680 235 248 953 202 607 1136 309 1198 314 211 243 244 423 201 2244 10725 298 1569 8990 31857 2774 213 258 209 211 3961 20363
internal_value=0.000708663 0.0123915 -1.67078e-05 0.0150361 0.0124199 0.0145392 0.00396544 0.0067113 0.0187871 0.00866317 0.00410296 0.00578975 0.0094116 0.0069496 0.0102416 0.0150317 0.0119417 -0.000141444 -5.91523e-05 0.00321058 -0.00016719 -0.000210172 -0.000158453 -0.000424968 0.000320213 0.000215857 0.00395975 8.15668e-05 0.00110462 -0.000870755
internal_weight=98970 5781 93189 4397 2603 1655 1384 809 1794 948 2734 1536 702 491 558 658 510 90455 83374 978 72649 71080 68836 36979 13842 13629 467 13162 4172 23137
internal_count=98970 5781 93189 4397 2603 1655 1384 809 1794 948 2734 1536 702 491 558 658 510 90455 83374 978 72649 71080 68836 36979 13842 13629 467 13162 4172 23137
is_linear=0
shrinkage=0.03


Tree=127
num_leaves=31
num_cat=0
split_feature=22 1 20 22 32 10 1 31 0 32 26 33 8 22 17 25 1 1 24 8 33 28 15 24 14 35 30 1 25 32
split_gain=886.292 150.257 48.6001 45.727 19.6135 18.6324 17.6182 34.2688 16.7882 15.3909 14.2266 17.4552 9.62063 8.54898 7.69042 8.26273 7.34817 13.1091 7.00967 10.113 6.68604 11.7967 6.60245 6.19409 7.28806 7.02359 8.54577 8.19448 7.98691 8.06519
threshold=11.625333333333336 14.975000000000003 13.143125000000003 11.068875 -0.95878322595067689 11.500000000000002 21.875000000000004 1.3812249728329637 10.622500000000002 0.90992662233962551 3.3675000000000006 0.10452846326765323 14.500000000000002 2.3172083333333338 13.477500000000003 6.5325000000000015 7.6250000000000009 2.3750000000000004 8.2250000000000014 13.500000000000002 -0.58778525229247303 1.7222242157787337 0.2500000000000005 7.075000000000002 2.0666629688137514 39.750000000000007 3.7750000000000008 -1.6249999999999998 5.642500000000001 -0.23343647497176639
decision_type=2 2 2 2 2 2 2 2 2 2 2 2 2 2 2 8 2 2 10 2 2 2 10 10 2 2 2 2 10 2
left_child=3 2 4 13 16 14 7 -3 10 18 -6 -12 22 -1 -4 -16 17 -2 -5 -20 21 -15 -11 24 25 28 27 -27 -22 -30
right_child=1 6 5 9 8 -7 -8 -9 -10 12 11 -13 -14 20 15 -17 -18 -19 19 -21 23 -23 -24 -25 -26 26 -28 -29 29 -31
leaf_value=-0.0021901951631626911 1.1491378950076794e-05 1.1693718934628702e-05 1.1491389019663289e-05 1.0636971499099775e-05 1.1491385656396956e-05 1.1491389019659958e-05 -8.1909634489681099e-06 1.1435757541275214e-05 1.1491387275891495e-05 9.8933365226483435e-06 1.1490913473614084e-05 1.1491388799053092e-05 1.1433839694774789e-05 0.00087076900050670652 1.1491389019659958e-05 1.1491389019659958e-05 1.148471710368788e-05 1.1491580414653147e-05 1.5086388377093529e-05 8.2333791620869312e-06 -0.0011717982547291962 0.0031504347853919821 1.0775991803180229e-05 3.7410432730852767e-05 0.0012779010004890126 -0.0034149559698391516 2.8494998067871702e-05 -0.0004083935547115548 -0.0010226622855974174 0.00049294261949722306
leaf_weight=7079 233 243 259 700 209 469 622 756 701 332 377 504 232 6009 404 812 318 207 241 231 16325 860 204 5862 2242 3551 35688 11586 654 1194
leaf_count=7079 233 243 259 700 209 469 622 756 701 332 377 504 232 6009 404 812 318 207 241 231 16325 860 204 5862 2242 3551 35688 11586 654 1194
internal_value=0.000695476 0.0117549 0.0145778 -3.22605e-05 0.0118062 0.0181724 0.00390959 0.00636753 0.0135284 0.00451928 0.0110959 0.0127619 0.00780854 -0.000129483 0.0163885 0.01743 0.00767497 0.0101798 0.00233985 0.00514465 -4.50493e-05 0.000851469 0.00551201 -0.00012497 -0.00020212 -0.000256859 -7.58418e-05 -0.000673029 -0.000762956 0.00110415
internal_weight=99104 6114 4493 92990 2549 1944 1621 999 1791 1940 1090 881 768 91050 1475 1216 758 440 1172 472 83971 6869 536 77102 71240 68998 50825 15137 18173 1848
internal_count=99104 6114 4493 92990 2549 1944 1621 999 1791 1940 1090 881 768 91050 1475 1216 758 440 1172 472 83971 6869 536 77102 71240 68998 50825 15137 18173 1848
is_linear=0
shrinkage=0.03


Tree=128
num_leaves=31
num_cat=0
split_feature=23 2 16 22 32 4 1 31 23 2 1 32 12 21 9 34 6 29 8 33 28 1 28 25 35 26 34 12 14 24
split_gain=935.934 144.088 58.2659 39.9156 23.1402 41.1589 16.7857 31.2781 15.5595 10.7154 10.3037 9.61344 11.1294 9.10418 8.68064 7.95001 7.72325 8.64205 6.97662 6.78443 9.40959 6.77614 6.79899 6.21634 5.91232 5.63687 5.41153 5.39419 5.25509 5.45084
threshold=0.95123381308365573 1.1474195251904404 13.997500000000002 11.068875 -0.96359376111369355 0.91501037992003975 21.875000000000004 1.3812249728329637 0.96853676129614419 1.1753829650923688 22.025000000000002 0.94828754594723541 9.3125000000000018 1.9887576209377562 4.5000000000000009 956.12500000000011 1.5000000000000002 2.7275000000000005 14.500000000000002 -0.66259481767468253 1.7880876060250255 29.175000000000004 1.2598673038010384 5.8225000000000007 39.750000000000007 3.8625000000000007 957.72500000000014 11.867500000000001 0.13175102782643081 7.075000000000002
decision_type=2 2 8 2 2 2 2 2 2 2 2 2 10 2 2 2 2 2 2 2 2 2 2 8 2 2 2 10 2 10
left_child=3 6 4 16 9 18 7 -2 -4 -3 11 -5 -13 -11 -10 -16 17 -1 26 20 25 22 24 -7 -19 -18 -6 -9 -21 -30
right_child=1 2 8 10 5 23 -8 27 14 13 -12 12 -14 -15 15 -17 19 21 -20 28 -22 -23 -24 -25 -26 -27 -28 -29 29 -31
leaf_value=-0.0017374894089733394 1.1145032871382097e-05 1.114664731734493e-05 1.1145793997645719e-05 1.3316350077252839e-05 1.1146934614128861e-05 1.1146647009322905e-05 5.4186303275247823e-06 -3.4372462338601027e-05 1.114664734906956e-05 1.1146647600478454e-05 -4.1144138725780488e-05 1.0857790653316935e-05 1.0075682382939543e-05 1.114699530865196e-05 1.114664734906956e-05 1.114664734906956e-05 0.00095844073577680707 -0.00037168935761357512 1.1146523768276597e-05 -0.00022784111820038809 0.0074757521685006809 -0.0016899729103486323 -2.4948676070497554e-05 1.1146647346211847e-05 0.00047363689912650794 0.0034285623790250041 1.1147445461738402e-05 1.1542682112198744e-05 -1.8309415858753768e-05 6.8515308564407563e-05
leaf_weight=16459 255 435 220 982 276 266 606 237 1204 393 296 296 282 204 201 213 3232 1555 235 4961 322 2365 8962 755 4705 238 299 498 44724 3572
leaf_count=16459 255 435 220 982 276 266 606 237 1204 393 296 296 282 204 201 213 3232 1555 235 4961 322 2365 8962 755 4705 238 299 498 44724 3572
internal_value=0.000671374 0.0118596 0.0145021 -8.7171e-05 0.0117856 0.0138219 0.00405496 0.00645226 0.0186902 0.00812343 0.00426222 0.00523323 0.00829503 0.0107292 0.0197264 0.0155084 -0.000176016 -0.000533553 0.00868712 3.73849e-05 0.00126258 -7.11126e-05 0.00016116 0.0178333 0.000919393 0.000802877 0.00680172 0.00326351 -4.99613e-05 4.55884e-05
internal_weight=99248 6297 4701 92951 2863 1831 1596 990 1838 1032 1856 1560 578 597 1618 414 91095 34046 810 57049 3792 17587 15222 1021 6260 3470 575 735 53257 48296
internal_count=99248 6297 4701 92951 2863 1831 1596 990 1838 1032 1856 1560 578 597 1618 414 91095 34046 810 57049 3792 17587 15222 1021 6260 3470 575 735 53257 48296
is_linear=0
shrinkage=0.03


Tree=129
num_leaves=31
num_cat=0
split_feature=23 16 23 34 10 32 23 34 0 10 0 34 24 34 23 10 29 24 32 35 24 32 35 21 9 30 34 34 6 19
split_gain=913.475 65.434 49.735 37.5185 33.8888 31.9925 29.0556 19.9602 13.175 12.3357 13.4325 12.6172 12.188 9.00334 8.98632 8.83833 8.53323 8.36105 7.36922 7.24337 8.87161 9.61565 7.2396 6.58139 6.49751 6.25492 10.4828 11.66 7.83132 7.11404
threshold=0.95802549872652831 12.892500000000002 0.92986604680737783 951.92500000000018 10.500000000000002 -0.96359376111369355 0.97102885636651037 950.12500000000011 10.407500000000002 11.500000000000002 10.622500000000002 955.22500000000014 8.0250000000000021 948.12500000000011 0.9808168523507349 1.5000000000000002 3.0725000000000007 8.1750000000000025 0.96359376111369366 40.250000000000007 8.0250000000000021 -0.82903757255504162 62.750000000000007 2.9934261307041754 3.5000000000000004 3.7750000000000008 953.72500000000014 966.42500000000018 1.5000000000000002 1.5325000000000004
decision_type=2 8 2 2 2 2 2 2 2 2 2 2 8 2 2 2 2 10 2 2 10 2 2 2 2 2 2 2 2 10
left_child=2 5 15 4 13 -2 17 -7 12 10 -8 22 -4 -3 -15 16 -1 18 -5 20 21 23 -12 -17 -14 26 28 -28 -21 -30
right_child=1 3 8 6 -6 7 9 -9 -10 -11 11 -13 24 14 -16 19 -18 -19 -20 25 -22 -23 -24 -25 -26 -27 27 -29 29 -31
leaf_value=-0.0025343146960839875 1.0812359354360195e-05 1.0812248172463734e-05 1.0983102243954107e-05 1.3349481032954856e-05 1.0812247928598806e-05 1.3351440758193611e-05 1.0812247941132114e-05 1.0812247294216259e-05 1.0831879961021862e-05 1.0812247928598806e-05 1.0812247928598806e-05 1.0812247928598806e-05 1.0356552055724162e-05 1.0760502801249184e-05 1.0812247928598806e-05 -0.0019917286718469352 1.1301364540910336e-05 1.0810069459520343e-05 1.081211570480689e-05 -0.0011119142627757366 0.00012739755518522271 -1.0350978760876872e-05 1.0812247928598806e-05 0.0011586813311410616 1.1172332461517935e-05 7.001797089037865e-05 -0.0019088149350665684 0.0077466215782135642 0.00030095123307520842 0.0033460896655334877
leaf_weight=5618 995 215 464 205 206 212 258 780 880 492 275 826 328 211 282 9670 3031 202 345 3489 1505 12862 329 628 259 37742 10565 581 3440 2499
leaf_count=5618 995 215 464 205 206 212 258 780 880 492 275 826 328 211 282 9670 3031 202 345 3489 1505 12862 329 628 259 37742 10565 581 3440 2499
internal_value=0.000684694 0.0121978 -3.36989e-05 0.0144851 0.00909467 0.00774548 0.0161471 0.0115486 0.00472469 0.0179176 0.0165718 0.0177282 0.00698579 0.00589902 0.00811446 -0.000134229 -0.00104657 0.01093 0.00886486 -3.90796e-05 -0.000470005 -0.000615153 0.0141675 -0.00129807 0.00984628 0.000143207 -0.000277565 -0.000900189 0.000458602 0.00112096
internal_weight=99394 5833 93561 3846 914 1987 2932 992 1931 2180 1688 1430 1051 708 493 91630 8649 752 550 82981 24665 23160 604 10298 587 58316 20574 11146 9428 5939
internal_count=99394 5833 93561 3846 914 1987 2932 992 1931 2180 1688 1430 1051 708 493 91630 8649 752 550 82981 24665 23160 604 10298 587 58316 20574 11146 9428 5939
is_linear=0
shrinkage=0.03


Tree=130
num_leaves=31
num_cat=0
split_feature=23 2 23 16 14 22 1 31 35 29 2 16 9 7 30 35 29 11 33 26 24 9 27 28 21 26 26 35 26 25
split_gain=892.746 129.635 69.5363 28.7669 25.63 25.3058 17.4586 30.1415 13.0316 8.79004 8.56346 8.34672 8.17917 7.47082 8.1321 7.72964 6.8893 7.90044 6.64642 9.01318 5.92602 5.93801 5.79764 5.7375 5.18001 5.26393 5.52248 5.09854 4.98565 6.79216
threshold=0.94471827380329176 1.1474195251904404 0.97102885636651037 13.997500000000002 0.63388353294065891 11.068875 21.875000000000004 1.3812249728329637 68.250000000000014 8.6625000000000014 1.1506165147735528 12.082500000000001 4.5000000000000009 18.500000000000004 3.9250000000000007 39.750000000000007 9.5775000000000023 12.017500000000002 -0.66259481767468253 3.8625000000000007 8.0250000000000021 3.5000000000000004 5.4356250000000008 1.7540043470706996 2.5866334297685603 3.6625000000000005 5.7625000000000011 47.250000000000007 2.3375000000000004 0.94750000000000012
decision_type=2 2 2 8 2 2 2 2 2 2 2 10 2 2 2 2 2 10 2 2 8 2 2 2 2 2 2 2 2 8
left_child=5 6 8 4 16 13 7 -2 11 -9 -7 -3 -5 14 -1 22 17 -4 19 23 -12 -22 -16 -15 -20 28 -27 -13 29 -26
right_child=1 2 3 12 -6 10 -8 9 -10 -11 20 27 -14 18 15 -17 -18 -19 24 -21 21 -23 -24 -25 25 26 -28 -29 -30 -31
leaf_value=-0.0020315824107472874 1.0418918907202368e-05 1.0487861576432555e-05 1.0487880487991541e-05 1.0487880490739343e-05 1.0487897458426598e-05 9.1040116428409149e-06 1.6787922040870691e-05 1.0926445581276312e-05 1.0482793576760114e-05 1.039163591886106e-05 1.0314446534905873e-05 1.0487783133206858e-05 1.0487880490739343e-05 0.00093783190969681828 -0.0018459861828738749 2.3476967801572268e-05 1.0487880488754264e-05 1.0487880708427264e-05 -4.4349367458155204e-05 0.0058711586269668582 8.9075568037411125e-06 1.6839588838784782e-05 8.8250484682827948e-05 0.0060021598524061187 0.0052655841770596337 -0.00025246226346457596 0.00038147695363600388 1.0476770721067219e-05 0.0007895787300091872 -0.00010257999015839688
leaf_weight=10796 263 216 386 1122 523 673 665 448 847 308 329 410 391 3256 6248 15726 247 273 40633 347 262 215 1310 263 264 3066 240 536 4822 4193
leaf_count=10796 263 216 386 1122 523 673 665 448 847 308 329 410 391 3256 6248 15726 247 273 40633 347 262 215 1310 263 264 3066 240 536 4822 4193
internal_value=0.000657876 0.0112839 0.0137282 0.0166725 0.0135167 -0.000103716 0.00407815 0.00653613 0.0093858 0.00344547 0.00378234 0.0114602 0.0195988 -0.000166965 -0.000518411 -0.000202757 0.0165774 0.0182575 4.28797e-05 0.00124309 0.00585943 0.00798548 -0.000990877 0.000784051 -4.44176e-05 0.000487291 -0.000540019 0.0101388 0.000853403 0.000129762
internal_weight=99278 6635 4951 2942 1429 92643 1684 1019 2009 756 1479 1162 1513 91164 34080 23284 906 659 57084 3866 806 477 7558 3519 53218 12585 3306 946 9279 4457
internal_count=99278 6635 4951 2942 1429 92643 1684 1019 2009 756 1479 1162 1513 91164 34080 23284 906 659 57084 3866 806 477 7558 3519 53218 12585 3306 946 9279 4457
is_linear=0
shrinkage=0.03


Tree=131
num_leaves=31
num_cat=0
split_feature=22 2 16 22 32 0 1 31 10 27 2 1 8 32 2 22 2 29 24 9 24 33 28 10 29 33 21 10 8 12
split_gain=905.278 153.113 54.2836 47.4291 22.7819 32.0821 18.7824 35.3222 15.5547 25.3532 13.9012 12.5825 8.64565 8.13976 14.4963 7.43243 7.076 6.91649 6.5033 6.46152 8.97135 6.34876 7.37636 6.43684 10.1876 6.4953 6.75789 6.62689 6.1031 9.38583
threshold=11.625333333333336 1.1474195251904404 13.997500000000002 11.068875 -0.96359376111369355 10.622500000000002 21.875000000000004 1.3877854262061438 11.500000000000002 6.3643750000000008 1.1506165147735528 8.0250000000000021 13.500000000000002 -0.90992662233962551 1.1770580455002846 2.3172083333333338 1.0755131976497585 8.8475000000000019 10.625000000000002 3.5000000000000004 8.0250000000000021 -0.58778525229247303 2.0244639204532375 1.5000000000000002 3.0725000000000007 0.39073112848927366 2.3758121417915601 8.5000000000000018 3.5000000000000004 5.6325000000000012
decision_type=2 2 8 2 2 2 2 2 2 2 2 2 2 2 2 2 2 2 8 2 8 2 2 2 2 2 2 2 2 10
left_child=3 6 4 15 11 12 7 -2 9 -4 -5 18 -6 14 -7 -1 -17 -9 -3 -12 -21 22 -18 24 -23 28 27 -27 29 -25
right_child=1 2 8 10 5 13 -8 17 -10 -11 19 -13 -14 -15 -16 16 21 -19 -20 20 -22 23 -24 25 -26 26 -28 -29 -30 -31
leaf_value=-0.0020514495239369961 1.0418767431092051e-05 1.0173451830590707e-05 1.0173244076003839e-05 6.4575332391187349e-06 1.0173404893653333e-05 1.0173244016234984e-05 9.2306994364133028e-07 1.0607841547393627e-05 1.0173244076017163e-05 1.0173244076017163e-05 9.7319429238324359e-06 1.0173244039088659e-05 1.0173226666466694e-05 1.017324407332698e-05 1.0173244067207543e-05 -0.0016906605131607596 0.00091544607189989748 9.9583292468242152e-06 1.0173720452566785e-05 1.0275505064155506e-05 1.3119319722187938e-05 -0.002725266801683912 0.0050191765221070288 -0.00057398087907566781 1.6619532640267387e-05 0.0014459573869308802 0.0019296462233760183 -0.00016255388921707748 -5.7602615189792373e-05 0.00040004907489265971
leaf_weight=7017 273 232 347 685 475 205 647 480 611 845 746 449 236 488 273 2640 6336 263 307 221 304 4568 483 5064 2981 3484 3122 4845 45564 4955
leaf_count=7017 273 232 347 685 475 205 647 480 611 845 746 449 236 488 273 2640 6336 263 307 221 304 4568 483 5064 2981 3484 3122 4845 45564 4955
internal_value=0.000685136 0.011846 0.0147364 -5.11188e-05 0.0119719 0.0141136 0.00405935 0.00659354 0.0187782 0.0166115 0.00456502 0.00828399 0.00917179 0.0176849 0.0145466 -0.000150521 -7.21746e-05 0.00315642 0.0113658 0.00641614 0.0089717 -2.25541e-05 0.000853311 -0.000102685 -0.000932884 -9.12973e-06 0.000641323 0.000194744 -0.000143179 0.000527034
internal_weight=99146 6131 4468 93015 2665 1677 1663 1016 1803 1192 1956 988 711 966 478 91059 84042 743 539 1271 525 81402 6819 74583 7549 67034 11451 8329 55583 10019
internal_count=99146 6131 4468 93015 2665 1677 1663 1016 1803 1192 1956 988 711 966 478 91059 84042 743 539 1271 525 81402 6819 74583 7549 67034 11451 8329 55583 10019
is_linear=0
shrinkage=0.03


Tree=132
num_leaves=31
num_cat=0
split_feature=23 1 23 20 2 32 4 1 12 26 33 34 25 24 1 1 14 9 10 29 2 32 10 21 22 26 21 10 25 34
split_gain=919.644 135.993 51.9902 48.9231 17.9922 17.4653 16.1662 14.7989 13.2155 12.2598 15.4686 11.9558 16.4418 11.4032 9.48465 13.5313 9.22857 9.09239 7.28418 8.70293 7.42677 7.27701 6.59461 12.5029 6.34188 6.00462 6.58542 5.70096 6.59461 5.51546
threshold=0.95802549872652831 15.275000000000002 0.92986604680737783 13.143125000000003 1.1714236925654091 -0.95878322595067689 0.91501037992003975 21.875000000000004 10.612500000000002 3.3825000000000003 0.10452846326765323 949.32500000000016 7.0725000000000007 8.1750000000000025 7.6250000000000009 2.2250000000000005 0.63388353294065891 3.5000000000000004 1.5000000000000002 3.0725000000000007 1.0755131976497585 0.9426055981926128 11.500000000000002 2.6613048960551247 2.0255416666666668 5.7625000000000011 2.5866334297685603 10.500000000000002 6.1625000000000005 974.87500000000011
decision_type=2 2 2 2 2 2 2 2 10 2 2 2 8 10 2 2 2 2 2 2 2 2 2 2 2 2 2 2 10 2
left_child=2 3 18 5 16 14 9 11 13 -7 -11 -3 -13 21 15 -2 -5 -12 19 -1 -20 -4 23 -6 -22 -26 -27 28 -8 -21
right_child=1 7 8 4 22 6 27 -9 -10 10 17 12 -14 -15 -16 -17 -18 -19 20 29 24 -23 -24 -25 25 26 -28 -29 -30 -31
leaf_value=-0.0024937553503441919 9.8680249169269534e-06 9.558662931341555e-06 1.0351046433403912e-05 9.8680467537326512e-06 9.8680467537359817e-06 9.8680434612430368e-06 9.8680450625288065e-06 1.293690973325313e-05 9.8841746029654229e-06 9.8675591489189154e-06 1.2381803123149292e-05 1.0930247615073916e-05 9.7937883170529091e-06 9.1901998499116424e-06 9.8686737309194859e-06 9.8682482756717866e-06 9.8680467537293207e-06 9.8680907769550644e-06 -0.0017519951477375133 -1.136800066283805e-05 -0.0025780656716526532 9.8277589035500325e-06 9.8680467537359817e-06 9.8680612679225008e-06 8.8467295036309674e-08 4.7599061084967647e-05 0.00064172488883942934 9.8680455046328371e-06 9.8680464995856365e-06 0.00028224292884267859
leaf_weight=5625 225 312 338 256 638 211 211 569 715 328 235 294 220 378 300 200 377 274 2873 2816 3861 517 464 209 75001 796 325 218 313 208
leaf_count=5625 225 312 338 256 638 211 211 569 715 328 235 294 220 378 300 200 377 274 2873 2816 3861 517 464 209 75001 796 325 218 313 208
internal_value=0.000659829 0.0121895 -6.3013e-05 0.0147453 0.0183417 0.0119345 0.0135376 0.00399643 0.00478034 0.0110313 0.0126591 0.00654874 0.00934104 0.0066567 0.00791096 0.0107791 0.0139514 0.0159397 -0.000166376 -0.00099457 -7.98694e-05 0.00469186 0.0204005 0.0184965 -2.59921e-05 3.42053e-05 0.0022087 0.0169799 0.014949 0.00030307
internal_weight=99307 5854 93453 4459 1944 2515 1790 1395 1948 1048 837 826 514 1233 725 425 633 509 91505 8649 82856 855 1311 847 79983 76122 1121 742 524 3024
internal_count=99307 5854 93453 4459 1944 2515 1790 1395 1948 1048 837 826 514 1233 725 425 633 509 91505 8649 82856 855 1311 847 79983 76122 1121 742 524 3024
is_linear=0
shrinkage=0.03


Tree=133
num_leaves=31
num_cat=0
split_feature=23 1 20 23 10 32 12 1 31 26 33 32 1 1 35 21 2 8 9 1 12 35 8 32 19 9 32 1 17 35
split_gain=949.028 143.383 53.9826 36.2918 18.9223 18.5798 19.6451 16.9534 27.0701 12.0908 14.8383 11.098 10.3202 14.1381 9.45016 9.39939 11.1515 8.49224 8.23478 7.41632 8.9305 8.09264 9.08736 6.93549 6.75152 12.0231 7.42115 10.149 9.93006 8.54071
threshold=0.95123381308365573 15.275000000000002 13.143125000000003 0.92986604680737783 11.500000000000002 -0.95878322595067689 10.727500000000003 21.875000000000004 1.3812249728329637 3.4025000000000007 0.11319890333640049 0.90255091666790865 7.6250000000000009 2.3750000000000004 49.250000000000007 2.8404526852443621 1.1714236925654091 13.500000000000002 3.5000000000000004 -1.6249999999999998 5.4875000000000016 64.250000000000014 18.500000000000004 0.98624804680367306 5.1175000000000006 3.5000000000000004 -0.47714059151611382 19.325000000000006 4.0825000000000005 29.250000000000004
decision_type=2 2 2 2 2 2 10 2 2 2 2 2 2 2 2 2 2 2 2 2 10 2 2 2 10 2 2 2 2 2
left_child=3 2 5 19 15 12 9 8 -3 -7 14 -5 13 -2 -11 16 18 -13 -4 20 -1 24 -23 -22 26 -26 -21 -28 -29 -30
right_child=1 7 4 11 -6 6 -8 -9 -10 10 -12 17 -14 -15 -16 -17 -18 -19 -20 21 23 22 -24 -25 25 -27 27 28 29 -31
leaf_value=-0.0022250726329194788 9.5719910365876792e-06 9.7062569127783709e-06 9.5720053511205705e-06 9.2187309661561804e-06 9.5720053511239027e-06 9.5720021875345121e-06 9.5720043688851001e-06 -1.1866474452043584e-05 9.9442566445511852e-06 9.5720257723926132e-06 9.5720584923086876e-06 8.7599731260157295e-06 9.5726135189933e-06 9.5725086687448163e-06 9.5376828538795697e-06 9.5720053511205705e-06 9.5720053511239027e-06 9.6026660438851589e-06 9.57200535111724e-06 -0.0014522557886797838 -9.403609073166611e-05 2.6761318440783332e-05 0.001345344074887287 8.4384816308565865e-05 0.00025437056615791126 -7.3114569572830799e-05 -0.00013054965752989033 -0.00067012360889732265 8.6022393176823358e-05 0.0032070542256635391
leaf_weight=8213 269 206 335 901 460 281 688 604 673 219 549 419 326 223 246 241 699 246 251 21137 3470 18241 5341 1800 6571 5396 10960 4818 2415 2985
leaf_count=8213 269 206 335 901 460 281 688 604 673 219 549 419 326 223 246 241 699 246 251 21137 3470 18241 5341 1800 6571 5396 10960 4818 2415 2985
internal_value=0.000679527 0.0119713 0.0144948 -8.3074e-05 0.0182983 0.0117701 0.0133506 0.00380443 0.00645136 0.0110885 0.0126183 0.00443794 0.00788092 0.0106117 0.00852128 0.0165656 0.0176163 0.00736567 0.0142843 -0.000160818 -0.000810277 -4.83126e-05 0.000415652 0.000153554 -0.000249895 0.000379134 -0.000427813 -3.08745e-05 0.000649124 0.00153191
internal_weight=99183 6270 4787 92913 1986 2801 1983 1483 879 1295 1014 1566 818 492 465 1526 1285 665 586 91347 13483 77864 23582 5270 54282 11967 42315 21178 10218 5400
internal_count=99183 6270 4787 92913 1986 2801 1983 1483 879 1295 1014 1566 818 492 465 1526 1285 665 586 91347 13483 77864 23582 5270 54282 11967 42315 21178 10218 5400
is_linear=0
shrinkage=0.03


Tree=134
num_leaves=31
num_cat=0
split_feature=22 1 20 22 1 31 32 3 1 32 31 25 32 17 33 10 29 29 24 34 10 14 19 32 28 10 32 1 1 27
split_gain=907.92 153.947 53.7685 36.5445 19.151 33.9223 18.8986 17.1137 15.9455 14.4054 10.3711 10.8741 9.29257 8.65255 8.04937 7.05087 7.32391 6.69752 6.56669 6.16693 6.1047 5.86516 5.83422 8.04905 7.682 6.1217 5.91683 5.43594 5.20199 5.36624
threshold=11.625333333333336 14.675000000000002 13.143125000000003 11.068875 21.875000000000004 1.3877854262061438 -0.96359376111369355 10.439077069198984 8.8250000000000028 0.90255091666790865 1.8701187327197217 6.3625000000000016 -0.95368063612909426 14.192500000000003 0.11319890333640049 1.5000000000000002 3.0725000000000007 8.8475000000000019 9.2250000000000014 956.62500000000011 10.500000000000002 2.0666629688137514 3.6525000000000007 -0.96811077628253228 0.38680852249175784 3.5000000000000004 -0.71322329076259927 8.6250000000000018 34.775000000000006 2.7620833333333339
decision_type=2 2 2 2 2 2 2 2 2 2 2 8 2 2 2 2 2 2 10 2 2 2 10 2 2 2 2 2 2 2
left_child=3 2 6 15 5 -3 20 10 13 18 11 -8 -10 -4 -12 16 -1 -7 -5 -11 -2 22 23 25 26 27 -24 -17 29 -25
right_child=1 4 8 9 -6 17 7 -9 12 19 14 -13 -14 -15 -16 21 -18 -19 -20 -21 -22 -23 24 28 -26 -27 -28 -29 -30 -31
leaf_value=-0.0021958081101943095 9.2859241120291088e-06 9.2884355990595218e-06 9.2848451905902509e-06 6.4753241604571463e-06 8.6326478689779935e-07 1.0146758475567674e-05 9.2692198520630351e-06 9.2848436797288161e-06 9.2848451905835899e-06 9.4256714021789811e-06 9.2847349556214927e-06 9.2848421219082762e-06 9.2848451905869204e-06 9.2848451905902509e-06 1.1723187274687019e-05 -0.00084971048409756774 5.5676997794218421e-06 9.0802048598478265e-06 1.4909803915486842e-05 8.867575374359836e-06 9.2848232879333879e-06 0.0010711706384668352 0.003943530929408366 -0.00068994522214417574 2.383683825007742e-05 -0.0024496749731175191 0.00076906967140712038 0.0033097727516831323 -0.0029115851954659294 4.919821335023111e-05
leaf_weight=5590 460 280 239 935 669 500 250 828 392 361 228 340 208 1066 215 1096 3044 259 237 431 249 2677 443 24543 22817 8058 513 413 1165 20631
leaf_count=5590 460 280 239 935 669 500 250 828 392 361 228 340 208 1066 215 1096 3044 259 237 431 249 2677 443 24543 22817 8058 513 413 1165 20631
internal_value=0.000652488 0.0117794 0.014702 -8.82332e-05 0.00410158 0.0066408 0.0118252 0.0134228 0.0185419 0.00395531 0.0107428 0.00801681 0.0142314 0.0204618 0.0142433 -0.000175725 -0.000991088 0.00330236 0.00183008 0.00706901 0.00756723 -9.0189e-05 -0.000136628 -0.00030402 0.000257002 -0.00109601 0.00288449 0.000655878 -0.000140407 -8.92457e-05
internal_weight=99137 6183 4475 92954 1708 1039 2570 1861 1905 1964 1033 590 600 1305 443 90990 8634 759 1172 792 709 82356 79679 55906 23773 9567 956 1509 46339 45174
internal_count=99137 6183 4475 92954 1708 1039 2570 1861 1905 1964 1033 590 600 1305 443 90990 8634 759 1172 792 709 82356 79679 55906 23773 9567 956 1509 46339 45174
is_linear=0
shrinkage=0.03


Tree=135
num_leaves=31
num_cat=0
split_feature=23 1 23 16 32 0 1 25 9 0 1 31 31 8 8 22 33 28 29 30 25 16 16 1 35 34 33 12 10 5
split_gain=944.467 149.035 48.2089 47.0653 19.7425 33.3604 14.7067 14.3127 14.3618 13.0914 13.0859 18.5841 12.3393 7.84232 6.58862 6.42687 6.30295 6.36797 9.18149 5.85655 5.7625 5.58257 5.51863 5.38017 8.97197 7.31994 10.5302 7.28783 6.38592 8.57158
threshold=0.95802549872652831 15.275000000000002 0.92986604680737783 13.997500000000002 -0.96359376111369355 10.622500000000002 8.0250000000000021 6.3625000000000016 4.5000000000000009 11.247500000000002 21.875000000000004 1.4011430809716037 1.3949988541162692 13.500000000000002 15.500000000000002 2.3172083333333338 -0.57357643635104616 1.7222242157787337 1.8825000000000005 12.525000000000002 5.642500000000001 12.892500000000002 12.717500000000003 -1.6249999999999998 64.250000000000014 968.27500000000009 0.1478037830001481 4.7275000000000009 6.5000000000000009 0.91328219524078758
decision_type=2 2 2 8 2 2 2 10 2 2 2 2 2 2 2 2 2 2 2 2 8 10 10 2 2 2 2 10 2 2
left_child=2 3 15 4 6 13 21 8 -5 12 11 -3 -4 -6 -14 -1 17 -17 -19 -13 -7 -2 -8 25 28 27 -27 -18 -25 -30
right_child=1 10 9 7 5 20 22 -9 -10 -11 -12 19 14 -15 -16 16 23 18 -20 -21 -22 -23 -24 24 -26 26 -28 -29 29 -31
leaf_value=-0.0019539155288154008 9.0067618516276316e-06 8.8675313324423858e-06 8.5831718607857283e-06 9.0062998348727773e-06 9.0073649212552013e-06 9.006324176393391e-06 8.9804214148850355e-06 9.0062998348727773e-06 9.006299834856123e-06 8.7479104530652218e-06 1.3708822336276608e-05 -3.9953325400273738e-05 8.7279941162100103e-06 9.0062742317431603e-06 9.344800702891786e-06 0.00071663421170682206 -0.0027520617996106707 0.0078654502252149556 0.00014726104699987734 9.5424691603930907e-06 9.0062998322072409e-06 9.0066397347859905e-06 9.0062998340567627e-06 3.1870530872820365e-05 0.00019551202480579954 2.8633139256459971e-06 0.0072188263656576632 -1.7614608287168653e-05 -0.00023770723925505669 0.000222961094498888
leaf_weight=7082 332 205 297 480 468 209 222 1132 206 578 578 203 755 219 333 6325 4924 408 563 413 770 206 220 19226 19307 751 217 5842 26542 484
leaf_count=7082 332 205 297 480 468 209 222 1132 206 578 578 203 755 219 333 6325 4924 408 563 413 770 206 220 19226 19307 751 217 5842 26542 484
internal_value=0.000669725 0.0123451 -6.19621e-05 0.0150208 0.0124187 0.0144237 0.00895431 0.0187636 0.0150825 0.00458384 0.00378419 0.00620702 0.00616187 0.00924711 0.0046441 -0.00016169 -8.89787e-05 0.000753595 0.00300922 0.00354589 0.0179909 0.0122762 0.00481879 -0.000168556 -6.26418e-05 -0.000760031 0.00173278 -0.000984867 -0.000289384 -0.00058666
internal_weight=99497 5863 93634 4464 2646 1666 980 1818 686 1963 1399 821 1385 687 1088 91671 84589 7296 971 616 979 538 442 77293 65559 11734 968 10766 46252 27026
internal_count=99497 5863 93634 4464 2646 1666 980 1818 686 1963 1399 821 1385 687 1088 91671 84589 7296 971 616 979 538 442 77293 65559 11734 968 10766 46252 27026
is_linear=0
shrinkage=0.03


Tree=136
num_leaves=31
num_cat=0
split_feature=23 1 23 20 2 32 0 1 31 3 24 26 8 1 1 9 10 2 35 34 17 6 8 27 14 19 9 23 21 23
split_gain=935.354 139.678 48.9321 46.1393 20.538 17.4685 17.8486 15.3944 19.2324 13.9194 14.3857 13.1642 14.9449 11.2812 14.3212 10.1276 8.87168 8.02491 8.3656 10.34 7.67013 6.9797 6.36646 7.16376 7.01614 6.02712 8.92894 7.6713 6.27357 5.80665
threshold=0.95802549872652831 15.275000000000002 0.92986604680737783 13.143125000000003 1.1714236925654091 -0.95878322595067689 10.622500000000002 21.875000000000004 1.4011430809716037 10.570815652417121 8.2250000000000014 3.3825000000000003 6.5000000000000009 7.6250000000000009 2.2250000000000005 3.5000000000000004 11.500000000000002 1.2221243581812249 64.250000000000014 942.02500000000009 14.192500000000003 2.5000000000000004 17.500000000000004 1.7170833333333337 0.442728283864192 5.1175000000000006 3.5000000000000004 0.66086942442983743 4.0480622336869425 0.10859447961443883
decision_type=2 2 2 2 2 2 2 2 2 2 10 2 2 2 2 2 2 2 2 2 2 2 2 2 2 10 2 2 2 2
left_child=2 3 17 5 15 13 11 8 -3 10 -4 -7 -13 14 -2 -5 -14 18 21 -20 -6 25 23 -21 29 28 27 -27 -1 -24
right_child=1 7 9 4 20 6 -8 -9 -10 -11 -12 12 16 -15 -16 -17 -18 -19 19 22 -22 -23 24 -25 -26 26 -28 -29 -30 -31
leaf_value=-0.00049400108805591758 8.7360934914692498e-06 8.664102581354505e-06 8.8810614366274802e-06 8.7361108398220642e-06 8.7361108398253948e-06 8.7361078330738799e-06 8.7361093743842925e-06 4.2610217320215858e-07 9.3043773080957635e-06 8.4812358426747291e-06 8.3376173131818326e-06 8.735994945927582e-06 8.7361078747985095e-06 8.7312474243643169e-06 8.7363994703681941e-06 8.7361108398187337e-06 1.1101302661398193e-05 -0.00024265050133717258 0.0072309240715607934 -0.0015793798141431419 8.7361108398253948e-06 0.00039365632313053338 0.0040712711967852483 8.7272359955495871e-05 0.0015944802289048897 0.0012879458666047682 -0.00012112724882433395 -8.0751349227425881e-06 0.00068397435258052311 -8.5800461581182441e-05
leaf_weight=36841 217 202 768 364 241 202 713 568 590 792 350 278 377 307 207 254 204 10151 212 3346 1087 6909 845 15833 3780 3120 4823 2718 630 2218
leaf_count=36841 217 202 768 364 241 202 713 568 590 792 350 278 377 307 207 254 204 10151 212 3346 1087 6909 845 15833 3780 3120 4823 2718 630 2218
internal_value=0.000649699 0.0123224 -7.76515e-05 0.0148916 0.0183813 0.0121494 0.0137707 0.00389011 0.00657967 0.00466841 0.00681745 0.0111979 0.012816 0.0081481 0.0113007 0.0136372 0.015558 -0.000177052 -7.76951e-05 0.000363123 0.0205296 -0.000287815 0.000308679 2.83041e-05 0.0010939 -0.000415814 0.000213481 0.00100222 -0.000594861 2.64009e-05
internal_weight=99147 5811 93336 4451 1946 2505 1774 1360 792 1910 1118 1061 859 731 424 618 581 91426 81275 26234 1328 55041 26022 19179 6843 48132 10661 5838 37471 3063
internal_count=99147 5811 93336 4451 1946 2505 1774 1360 792 1910 1118 1061 859 731 424 618 581 91426 81275 26234 1328 55041 26022 19179 6843 48132 10661 5838 37471 3063
is_linear=0
shrinkage=0.03


Tree=137
num_leaves=31
num_cat=0
split_feature=22 1 16 22 32 0 1 31 20 1 26 2 10 8 10 16 31 35 32 26 1 32 24 14 34 1 8 33 10 8
split_gain=915.571 148.974 57.9828 32.3841 20.3234 36.3112 19.6744 34.4126 14.7532 12.8082 12.098 11.76 10.4424 8.95539 8.18831 8.13512 7.50583 6.98775 7.08657 8.26628 9.77247 6.74397 6.99719 6.66086 6.38649 19.1999 14.0169 13.242 9.05748 14.6571
threshold=11.625333333333336 14.975000000000003 13.997500000000002 11.068875 -0.96359376111369355 10.622500000000002 21.875000000000004 1.3812249728329637 13.143125000000003 14.975000000000003 3.6125000000000007 1.1753829650923688 11.500000000000002 12.500000000000002 1.5000000000000002 12.892500000000002 1.5039617901979414 23.750000000000004 0.85260769842926931 3.9825000000000008 25.925000000000004 0.90255091666790865 8.2250000000000014 0.54932534379303533 946.02500000000009 10.675000000000002 7.5000000000000009 0.49240481012316878 8.5000000000000018 11.500000000000002
decision_type=2 2 8 2 2 2 2 2 2 2 2 2 2 2 2 10 2 2 2 2 2 2 10 2 2 2 2 2 2 2
left_child=3 2 4 14 11 13 7 -3 10 21 -4 -2 16 -6 -1 -13 -10 18 -16 -20 -21 22 -5 -7 25 26 -19 28 -27 -30
right_child=1 6 8 9 5 23 -8 -9 12 -11 -12 15 -14 -15 17 -17 -18 24 19 20 -22 -23 -24 -25 -26 27 -28 -29 29 -31
leaf_value=-0.0002398580141356307 8.4740274816303532e-06 8.4041848747717918e-06 8.4740245980829959e-06 8.2225093064695893e-06 8.4747013859653988e-06 8.4740275120653854e-06 -6.6029987374426943e-06 9.2769503272471788e-06 8.4740275146299996e-06 3.9268134545955566e-06 8.4740438203269994e-06 8.4739790293908436e-06 8.4740275146299996e-06 8.4740086615409098e-06 -0.0019126633528359172 8.474364512522924e-06 8.474027514626669e-06 0.0016076004956623029 -0.00018426673858678466 0.0043627520649696392 0.00024514663435584451 8.6692517399622461e-06 8.710917114144098e-06 8.474026623183083e-06 -1.7859404731355384e-05 -0.00014132283748990724 0.0089490518241508773 0.0044910277198544849 -0.00010873740180411986 0.0079661801316854922
leaf_weight=8671 462 248 214 374 471 677 651 748 553 638 396 361 384 248 5173 205 295 217 1855 246 658 637 276 307 63519 9107 206 997 374 228
leaf_count=8671 462 248 214 374 471 677 651 748 553 638 396 361 384 248 5173 205 295 217 1855 246 658 637 276 307 63519 9107 206 997 374 228
internal_value=0.000668021 0.0118072 0.0145917 -7.6175e-05 0.0117752 0.0138004 0.00405508 0.0066953 0.0187244 0.00376943 0.0146341 0.0083698 0.0206823 0.00858149 -0.000157503 0.0112644 0.0185416 -6.53879e-05 -0.00091168 0.000315846 0.00266007 0.00548684 0.00329771 0.0175511 2.45931e-05 0.000687353 0.00691822 0.000438054 9.91346e-05 0.00364745
internal_weight=99396 6220 4573 93176 2731 1703 1647 996 1842 1925 610 1028 1232 719 91251 566 848 82580 7932 2759 904 1287 650 984 74648 11129 423 10706 9709 602
internal_count=99396 6220 4573 93176 2731 1703 1647 996 1842 1925 610 1028 1232 719 91251 566 848 82580 7932 2759 904 1287 650 984 74648 11129 423 10706 9709 602
is_linear=0
shrinkage=0.03


Tree=138
num_leaves=31
num_cat=0
split_feature=22 1 16 22 32 0 1 31 14 2 22 26 1 8 17 9 34 6 30 32 12 8 2 21 32 32 16 1 16 28
split_gain=923.583 154.577 58.5645 32.1257 23.8904 33.0742 17.1111 29.186 13.9426 12.5426 11.9626 12.8582 10.1852 9.93815 9.36984 9.06758 15.7218 7.8053 7.32468 7.07639 6.74217 6.66269 6.27413 5.67932 6.71982 6.13218 7.8342 5.59515 4.98368 4.96691
threshold=11.625333333333336 15.475000000000003 13.997500000000002 11.068875 -0.96359376111369355 10.622500000000002 21.875000000000004 1.3812249728329637 0.69816425956455153 1.1506165147735528 13.274833333333335 3.5575000000000006 7.6250000000000009 13.500000000000002 13.477500000000003 3.5000000000000004 956.52500000000009 1.5000000000000002 4.6250000000000009 0.9426055981926128 12.247500000000002 7.5000000000000009 1.1722550054091918 2.5866334297685603 0.89490028524376763 -0.13052122218260639 9.2825000000000024 29.175000000000004 14.942500000000003 1.2127757415303815
decision_type=2 2 8 2 2 2 2 2 2 2 2 2 2 2 2 2 2 2 2 2 10 2 2 2 2 2 8 2 8 2
left_child=3 2 4 17 8 13 7 -3 12 -5 11 -4 -2 -6 -7 19 -17 18 -1 -11 -9 -13 -12 -19 25 -25 29 -20 -24 -27
right_child=1 6 10 9 5 14 -8 20 -10 15 22 21 -14 -15 -16 16 -18 23 27 -21 -22 -23 28 24 -26 26 -28 -29 -30 -31
leaf_value=-0.0017624641062491408 8.2200823851234807e-06 8.1520593285278058e-06 8.2198043295855153e-06 3.8552241461209386e-06 8.2197690346430536e-06 8.2198006165534735e-06 6.1140907012924289e-07 -2.9226086491991867e-05 8.2198001623934316e-06 5.6004466134383084e-06 8.2198066891892014e-06 8.2198066886209846e-06 8.2203697836486064e-06 8.2197823969672944e-06 8.2198066867045217e-06 7.8965553247001278e-06 8.9424537652882379e-06 -3.0463604142602041e-05 7.1923328036094244e-06 8.2893719222798523e-06 9.2735881444649938e-06 8.2198344894179867e-06 8.2198066891892014e-06 0.00039949505434907047 -7.2148207987034763e-06 0.0037037709247888799 -0.00026173111127522733 -0.001561937481224055 8.2198066891925319e-06 0.004811137505034045
leaf_weight=14094 289 221 216 683 469 320 662 303 531 416 305 203 233 231 692 215 316 43619 17278 330 406 309 276 4521 7120 630 468 2707 554 637
leaf_count=14094 289 221 216 683 469 320 662 303 531 416 305 203 233 231 692 215 316 43619 17278 330 406 309 276 4521 7120 630 468 2707 554 637
internal_value=0.000663294 0.0118506 0.0146225 -8.52553e-05 0.0118105 0.0140093 0.00377207 0.00638503 0.0081862 0.00370992 0.0187532 0.0154789 0.0116584 0.00889362 0.0174867 0.00545944 0.00844589 -0.00016713 -0.000526259 0.00329161 0.00336555 0.0180928 0.0207763 4.76309e-05 0.000588296 0.00130522 0.00281896 -0.000156829 0.0222754 0.00404009
internal_weight=99254 6220 4628 93034 2765 1712 1592 930 1053 1960 1863 728 522 700 1012 1277 531 91074 34079 746 709 512 1135 56995 13376 6256 1735 19985 830 1267
internal_count=99254 6220 4628 93034 2765 1712 1592 930 1053 1960 1863 728 522 700 1012 1277 531 91074 34079 746 709 512 1135 56995 13376 6256 1735 19985 830 1267
is_linear=0
shrinkage=0.03


Tree=139
num_leaves=31
num_cat=0
split_feature=23 16 34 27 33 23 32 34 16 0 34 12 31 23 17 0 35 14 15 35 35 26 31 33 33 30 28 15 14 34
split_gain=907.666 77.8247 43.5236 36.4319 32.6384 30.7942 25.8459 19.0972 13.6881 9.48671 8.55633 8.43528 8.42667 8.32081 7.50124 13.712 11.6462 8.59643 7.23354 6.8914 6.82606 8.08109 7.26033 8.50726 6.11335 6.01397 5.09375 5.0666 4.66635 4.35782
threshold=0.95123381308365573 12.892500000000002 951.92500000000018 5.4779166666666672 0.19936034309715231 0.92986604680737783 -0.96359376111369355 950.12500000000011 14.942500000000003 11.247500000000002 954.92500000000018 12.247500000000002 1.3640388349514565 0.97769015574246521 12.767500000000002 10.622500000000002 58.750000000000007 0.37935251855406088 -0.0899999999999999 53.250000000000007 22.250000000000004 1.8875000000000004 2.266552815921322 -0.23343647497176648 -0.19080899537654469 4.9250000000000016 2.6562951949713081 -0.41749999999999948 0.26288463883106666 956.62500000000011
decision_type=2 8 2 2 2 2 2 2 8 2 2 10 2 2 2 2 2 2 10 2 2 2 2 2 2 2 2 10 2 2
left_child=5 6 4 -4 13 20 19 -8 14 12 -10 18 -7 -3 -5 16 -16 -17 -9 -2 -1 28 -23 -24 -15 -25 27 -21 -22 -14
right_child=1 2 3 8 -6 9 7 11 10 -11 -12 -13 29 24 15 17 -18 -19 -20 26 21 22 23 25 -26 -27 -28 -29 -30 -31
leaf_value=-0.00047559054986517354 7.9761733979044617e-06 7.9146317799540926e-06 7.9742277841077229e-06 7.9732124884934752e-06 7.9732124885167889e-06 7.4962906230402469e-06 8.010129735348054e-06 7.9634644001169707e-06 7.9732124885167889e-06 5.9352971111230332e-06 7.9732124885167889e-06 7.9732118671305135e-06 8.1640812858481986e-06 7.9732124885001363e-06 7.9732073663744123e-06 7.9732124885134584e-06 7.9734740793258041e-06 7.9732124885134584e-06 7.9737882521690067e-06 7.9731227271438464e-06 -0.0016628913010684426 3.8267659466679755e-05 0.0011468712451207577 -0.0038046418844822853 7.9732124884901447e-06 4.7433678497666422e-05 7.9560139686102834e-06 7.9736720279499625e-06 -0.00042658058184433153 8.3315651017075617e-06
leaf_weight=6779 398 233 400 204 214 224 235 219 296 441 594 331 415 238 373 473 209 556 334 205 5796 49626 2219 5369 241 2257 225 257 19395 488
leaf_count=6779 398 233 400 204 214 224 235 219 296 441 594 331 415 238 373 473 209 556 334 205 5796 49626 2219 5369 241 2257 225 257 19395 488
internal_value=0.000647341 0.0117236 0.0142039 0.0159116 0.0084232 -9.57605e-05 0.00716523 0.0103585 0.0171642 0.00406611 0.0203464 0.0123712 0.00552032 0.0052636 0.0155522 0.0162605 0.0123578 0.0183975 0.00993011 0.00383945 -0.000167345 -9.39688e-05 9.67946e-05 -0.000647209 0.0075062 -0.00112279 0.00564884 0.00743897 -0.000544254 0.00418612
internal_weight=99244 6235 4031 3105 926 93009 2204 1119 2705 1568 890 884 1127 712 1815 1611 582 1029 553 1085 91441 84662 59471 9845 479 7626 687 462 25191 903
internal_count=99244 6235 4031 3105 926 93009 2204 1119 2705 1568 890 884 1127 712 1815 1611 582 1029 553 1085 91441 84662 59471 9845 479 7626 687 462 25191 903
is_linear=0
shrinkage=0.03


Tree=140
num_leaves=31
num_cat=0
split_feature=23 2 16 22 32 3 25 9 2 31 12 31 2 25 10 35 21 34 25 5 8 32 26 12 34 2 8 24 33 33
split_gain=912.402 133.828 50.6056 41.1524 24.3601 34.1726 14.485 16.7629 14.1626 23.8362 12.193 11.2562 11.0697 9.38592 7.5646 7.7822 7.51197 7.40107 7.26638 6.41696 5.36737 5.2802 6.67111 5.26142 4.98387 17.9624 14.8525 12.0613 7.37979 6.6082
threshold=0.95802549872652831 1.1454304126959505 13.997500000000002 11.178125000000001 -0.96359376111369355 10.321794376825713 6.3625000000000016 4.5000000000000009 1.1198060051589478 1.3877854262061438 10.612500000000002 1.8701187327197217 1.1753829650923688 6.6525000000000007 1.5000000000000002 23.750000000000004 1.9485699884681715 956.62500000000011 5.8225000000000007 0.70692474687801332 15.500000000000002 0.77159520228797462 3.4825000000000008 12.662500000000001 946.02500000000009 1.1637895794347288 8.5000000000000018 6.2250000000000005 0.56638466991089664 -0.57357643635104616
decision_type=2 2 8 2 2 2 10 2 2 2 10 2 2 10 2 2 2 2 8 2 2 2 2 10 2 2 2 10 2 2
left_child=3 8 4 14 12 11 7 -4 -2 -10 13 -6 -3 17 19 21 -14 -5 -7 20 -1 -16 -23 -11 25 27 -27 28 29 -17
right_child=1 2 6 10 5 18 -8 -9 9 23 -12 -13 16 -15 15 24 -18 -19 -20 -21 -22 22 -24 -25 -26 26 -28 -29 -30 -31
leaf_value=-0.0020341486317636825 2.1779104167832752e-05 7.7339992212288594e-06 7.7340161138628186e-06 7.8727329430128281e-06 7.7339729033143522e-06 7.734306313760263e-06 7.7340161138628186e-06 7.7340161138494947e-06 7.5994144800680206e-06 9.9479187428519463e-06 7.9069455167235508e-06 1.0122036011784509e-05 7.7341599109637118e-06 7.3305087923336565e-06 -0.0021605850175555209 0.0023644370625932882 7.7343325423812041e-06 8.4166443947625938e-06 7.7340161114480835e-06 3.8449254942457903e-05 -1.7072365746769736e-05 -0.00048646869868114451 0.00072592023038859364 7.3464981831483643e-06 -1.3301446417518815e-05 0.004122189143344261 0.008631526058872822 0.0019647230822576198 0.005559466702771446 -0.0009239275090331023
leaf_weight=5297 573 462 466 423 370 285 1132 206 200 293 816 221 328 272 4746 1990 204 409 778 629 2666 1580 1544 307 63834 239 203 656 687 7403
leaf_count=5297 573 462 466 423 370 285 1132 206 200 293 816 221 328 272 4746 1990 204 409 778 629 2666 1580 1544 307 63834 239 203 656 687 7403
internal_value=0.000647957 0.0121621 0.0146857 -7.07938e-05 0.012 0.0142423 0.0185837 0.014836 0.00395573 0.00652174 0.00427013 0.00835067 0.00821622 0.00631921 -0.000162136 -7.42705e-05 0.011162 0.00468817 0.0174635 -0.00100919 -0.00123984 -0.000971429 -1.34235e-05 0.00347107 1.99148e-05 0.000604131 0.00649664 0.000358625 0.00010114 -0.000119069
internal_weight=99219 5825 4452 93394 2648 1654 1804 672 1373 800 1920 591 994 1104 91474 82882 532 832 1063 8592 7963 7870 3124 600 75012 11178 442 10736 10080 9393
internal_count=99219 5825 4452 93394 2648 1654 1804 672 1373 800 1920 591 994 1104 91474 82882 532 832 1063 8592 7963 7870 3124 600 75012 11178 442 10736 10080 9393
is_linear=0
shrinkage=0.03


Tree=141
num_leaves=31
num_cat=0
split_feature=22 1 16 22 15 0 1 31 2 29 11 20 8 25 26 24 34 29 6 33 28 24 34 19 31 26 20 15 26 15
split_gain=928.429 157.044 46.3249 30.2039 23.7277 26.5069 21.9791 28.454 13.5948 12.6281 12.5412 12.2801 10.2628 9.76484 8.50598 7.67946 11.4678 7.51203 6.46612 6.33055 6.81543 5.72642 5.56721 4.68398 4.36072 4.59561 4.02203 5.10676 3.64507 3.42944
threshold=11.625333333333336 13.575000000000003 14.187500000000002 11.068875 -0.49500000000000061 10.622500000000002 21.875000000000004 1.3812249728329637 1.18232358215727 9.3725000000000023 9.6725000000000012 12.953375000000003 12.500000000000002 6.3125000000000009 4.182500000000001 8.1250000000000018 956.62500000000011 7.5475000000000003 1.5000000000000002 -0.66259481767468253 1.993431922871099 2.2250000000000005 950.02500000000009 9.5025000000000013 2.24716238459887 1.8125000000000002 4.1422500000000015 0.11500000000000112 5.432500000000001 -1.5525
decision_type=2 2 8 2 10 2 2 2 2 2 10 2 2 10 2 8 2 2 2 2 2 8 2 10 2 2 2 10 2 8
left_child=3 2 4 18 8 12 7 -3 -2 11 15 -7 -6 14 -4 -5 -17 -9 21 20 24 -1 -19 -11 25 -20 27 -27 -8 -21
right_child=1 6 13 10 5 9 28 17 -10 23 -12 -13 -14 -15 -16 16 -18 22 19 29 -22 -23 -24 -25 -26 26 -28 -29 -30 -31
leaf_value=-0.0024895322697397033 7.4768050522781201e-06 7.5019956302169175e-06 7.5019956300736986e-06 7.6686092935457978e-06 7.501952554124225e-06 7.5019889739416745e-06 3.7048237860607697e-05 8.2608428529462592e-06 7.5022784151883711e-06 7.5019916176588433e-06 6.7000796153182657e-06 7.5019956304300801e-06 7.5019764983380597e-06 7.5019956304467336e-06 7.5019956304467336e-06 7.8497640886899693e-06 1.0486194098703328e-05 7.0186799147342598e-06 -0.0013310281255735034 0.00090248013772616326 0.0069330477596721797 -6.8076419090854485e-05 8.1399492911522397e-06 7.5026827030622017e-06 0.0061951896340863575 0.0012400352572049939 -0.0014280998911303049 0.006483307320317367 -6.1537150954977119e-05 -1.592423741175699e-05
leaf_weight=4555 260 367 216 418 523 658 370 335 334 285 1086 315 216 1028 316 205 222 221 984 2290 210 29374 289 206 277 1288 606 451 280 50813
leaf_count=4555 260 367 216 418 523 658 370 335 334 285 1086 315 216 1028 316 205 222 221 984 2290 210 29374 289 206 277 1288 606 451 280 50813
internal_value=0.000684585 0.0119012 0.0150158 -6.7868e-05 0.0126585 0.0140992 0.00459239 0.00697124 0.00724207 0.016452 0.00363998 0.0184877 0.00935887 0.0191885 0.0155196 0.00637059 0.0091875 0.0039 -0.000146875 4.85377e-05 0.00122795 -0.000474657 0.00617476 0.0122722 0.000917197 0.000612777 0.00133404 0.00206594 0.000137404 -3.63229e-05
internal_weight=98998 6219 4357 92779 2797 2203 1862 1212 594 1464 1931 973 739 1560 532 845 427 845 90848 56919 3816 33929 510 491 3606 3329 2345 1739 650 53103
internal_count=98998 6219 4357 92779 2797 2203 1862 1212 594 1464 1931 973 739 1560 532 845 427 845 90848 56919 3816 33929 510 491 3606 3329 2345 1739 650 53103
is_linear=0
shrinkage=0.03


Tree=142
num_leaves=31
num_cat=0
split_feature=23 1 16 23 25 1 29 35 17 3 26 15 25 9 0 27 8 27 1 1 35 8 35 33 15 34 11 9 18 17
split_gain=926.754 140.765 59.2787 30.7733 16.257 15.0034 15.0555 16.2995 13.6459 18.9025 18.3788 17.7874 13.6148 13.3537 9.69642 7.57881 7.49912 6.61947 6.23715 6.63312 9.10245 7.99603 11.5177 5.87919 5.36502 5.24231 10.9458 5.07279 4.80741 4.52032
threshold=0.95123381308365573 14.975000000000003 13.997500000000002 0.92986604680737783 5.5475000000000012 21.875000000000004 8.0275000000000016 56.750000000000007 13.587500000000002 10.439077069198984 4.6025000000000009 -0.48500000000000015 6.3625000000000016 4.5000000000000009 11.247500000000002 5.7093750000000005 9.5000000000000018 1.7170833333333337 34.775000000000006 1.5750000000000004 54.750000000000007 15.500000000000002 93.750000000000014 -0.25881904510252068 3.3449999999999998 967.52500000000009 5.3775000000000013 2.5000000000000004 5.6325000000000012 3.0975000000000006
decision_type=2 2 8 2 8 2 2 2 2 2 2 10 10 2 2 2 2 2 2 2 2 2 2 2 10 2 10 2 8 2
left_child=3 2 4 17 23 6 -3 -8 10 16 -6 -11 13 -4 15 -5 -10 -1 19 21 24 22 28 -2 -21 -23 -27 -17 -19 -30
right_child=1 5 12 14 8 -7 7 -9 9 11 -12 -13 -14 -15 -16 27 -18 18 -20 20 -22 25 -24 -25 -26 26 -28 -29 29 -31
leaf_value=-0.0015213847545061693 7.2772087718930846e-06 8.8950362602087845e-06 7.2769357615320995e-06 7.7711836935234751e-06 7.2769300579911266e-06 2.0605836461039525e-05 7.146250239138396e-06 7.102766749689237e-06 7.2768935420775004e-06 7.2773756347832559e-06 7.2768370707490206e-06 7.2769358005680051e-06 7.2769357615320995e-06 7.276935761528769e-06 5.8760215793193227e-06 6.2907467147965689e-06 7.2768467768719533e-06 -0.0026766142514989067 -0.0020916471034734827 -3.9324483143823307e-05 0.00027914805477496739 2.2806115690351604e-05 0.0044579650915729579 7.2768814486370342e-06 0.0015530098552434923 0.01571207494946655 -1.3033912004724916e-05 7.1546411134797277e-06 0.0032204952619029068 -9.9127030106289642e-05
leaf_weight=9916 203 376 508 647 223 583 323 259 208 203 428 792 1148 202 452 216 279 6486 2139 36673 22634 6036 234 535 271 212 370 280 369 6037
leaf_count=9916 203 376 508 647 223 583 323 259 208 203 428 792 1148 202 452 216 279 6486 2139 36673 22634 6036 234 535 271 212 370 280 369 6037
internal_value=0.000669178 0.0118279 0.0143923 -8.3957e-05 0.0116506 0.00393726 0.00623676 0.0092402 0.0129892 0.0146026 0.00923323 0.016995 0.0185862 0.0150629 0.00404062 0.0055061 0.00959146 -0.000156169 -6.70594e-05 -2.39018e-05 0.000134031 -0.00050038 -0.000928947 0.00772005 -0.000156216 0.00034969 0.00305622 0.00828742 -0.00104955 -0.000466075
internal_weight=99242 6270 4729 92972 2871 1541 958 582 2133 1482 651 995 1858 710 1595 1143 487 91377 81461 79322 59578 19744 13126 738 36944 6618 582 496 12892 6406
internal_count=99242 6270 4729 92972 2871 1541 958 582 2133 1482 651 995 1858 710 1595 1143 487 91377 81461 79322 59578 19744 13126 738 36944 6618 582 496 12892 6406
is_linear=0
shrinkage=0.03


Tree=143
num_leaves=31
num_cat=0
split_feature=23 1 16 23 25 1 31 23 17 3 26 15 0 25 10 31 31 8 22 6 21 22 1 19 29 19 1 1 12 19
split_gain=920.434 146.379 58.6663 29.0222 17.6722 17.4498 30.404 16.2492 15.7586 24.9746 17.4575 14.9923 9.87048 9.0973 9.03617 8.81796 8.43724 7.52716 6.44477 5.62615 6.28937 5.45881 5.21655 5.63747 4.7054 6.13357 9.08137 4.68702 6.77615 6.45417
threshold=0.95123381308365573 14.975000000000003 13.997500000000002 0.92986604680737783 5.5475000000000012 21.875000000000004 1.3812249728329637 0.97930537588274169 13.587500000000002 10.439077069198984 4.6025000000000009 -0.44750000000000018 11.247500000000002 6.3125000000000009 11.500000000000002 1.3640388349514565 1.4981258517259308 9.5000000000000018 2.3172083333333338 2.5000000000000004 4.0480622336869425 13.504000000000003 33.875000000000007 5.6775000000000011 2.3975000000000004 8.177500000000002 9.5750000000000028 -2.4749999999999996 5.3775000000000013 8.8675000000000015
decision_type=2 2 8 2 8 2 2 2 2 2 2 10 2 10 2 2 2 2 2 2 2 2 2 10 2 8 2 2 10 8
left_child=3 2 4 18 -2 6 -3 13 10 17 -6 -11 15 -4 16 -5 -9 -10 -1 20 22 -8 27 -24 25 -22 -27 28 -20 -30
right_child=1 5 7 12 8 -7 21 14 9 11 -12 -13 -14 -15 -16 -17 -18 -19 19 -21 24 -23 23 -25 -26 26 -28 -29 29 -31
leaf_value=-0.0017520026710418012 7.0586111586940568e-06 7.2772692945489938e-06 7.0585991220460249e-06 6.6016634609654514e-06 7.0586221562518593e-06 -2.0292137585953275e-06 9.3460513559562308e-06 7.0586276886863696e-06 7.0585867358152755e-06 7.0592479423596008e-06 7.055437336938721e-06 7.0586278055781978e-06 3.8288609348923507e-06 7.0586453012943655e-06 7.0586276886863696e-06 7.4841127250035994e-06 7.058627688683039e-06 7.0585394086564167e-06 -0.0023047430751511932 0.0003481925499733931 -0.00014343446604846171 6.5566275645365823e-06 -0.0026517538674504957 0.00080137122978623165 -2.3204330830439713e-06 0.0018658726350276288 0.0052098959849980336 -1.1994138553730327e-05 -0.0012782905926606843 4.1632731527718769e-05
leaf_weight=7049 726 224 296 220 204 616 468 531 218 215 417 763 432 275 408 901 320 262 4803 10915 291 226 2003 356 735 339 217 61140 896 2869
leaf_count=7049 726 224 296 220 204 616 468 531 218 215 417 763 432 275 408 901 320 262 4803 10915 291 226 2003 356 735 339 217 61140 896 2869
internal_value=0.000663327 0.011881 0.0145377 -8.00471e-05 0.0117705 0.00383236 0.00644204 0.0187357 0.0131876 0.0149118 0.00905271 0.0176765 0.0039801 0.0142656 0.0206986 0.00545915 0.0186414 0.00915464 -0.000149087 -7.64117e-05 -0.000170623 0.00328755 -0.000211747 -0.00159772 0.00169754 0.00321479 0.00504813 -0.000164733 -0.00082165 0.000131299
internal_weight=99335 6169 4635 93166 2805 1534 918 1830 2079 1458 621 978 1553 571 1259 1121 851 480 91613 84564 73649 694 72067 2359 1582 847 556 69708 8568 3765
internal_count=99335 6169 4635 93166 2805 1534 918 1830 2079 1458 621 978 1553 571 1259 1121 851 480 91613 84564 73649 694 72067 2359 1582 847 556 69708 8568 3765
is_linear=0
shrinkage=0.03


Tree=144
num_leaves=31
num_cat=0
split_feature=23 1 20 23 10 1 25 3 29 35 24 21 2 25 26 19 4 33 8 17 7 12 17 33 26 14 10 19 21 29
split_gain=906.193 145.006 48.304 43.8603 19.8713 16.0437 15.2112 11.9485 11.7171 16.5703 11.207 9.54417 11.2166 11.0013 8.3683 13.3558 9.60087 9.62683 9.14348 8.54427 6.42689 8.30213 6.30635 6.11123 5.30399 4.93629 4.89321 4.64626 4.52708 6.0218
threshold=0.95802549872652831 15.275000000000002 13.143125000000003 0.92986604680737783 11.500000000000002 21.875000000000004 5.4825000000000008 10.570815652417121 8.0275000000000016 55.750000000000007 8.2250000000000014 2.8404526852443621 1.1714236925654091 6.5325000000000015 5.0375000000000005 10.002500000000003 0.91501037992003975 0.11319890333640049 13.500000000000002 13.702500000000002 17.500000000000004 5.4875000000000016 13.092500000000003 -0.66259481767468253 3.8625000000000007 0.3168990375498198 2.5000000000000004 10.812500000000002 3.4321485615295804 0.97750000000000015
decision_type=2 2 2 2 2 2 8 2 2 2 10 2 2 8 2 10 2 2 2 2 2 10 2 2 2 2 2 10 2 2
left_child=3 2 6 20 11 8 22 10 -3 -10 -5 12 13 -4 16 19 17 -8 -19 -16 21 -1 -2 24 -22 26 -25 -14 -27 -30
right_child=1 5 4 7 -6 -7 14 -9 9 -11 -12 -13 27 -15 15 -17 -18 18 -20 -21 23 -23 -24 25 -26 28 -28 -29 29 -31
leaf_value=-0.0013902474445409356 7.3092116478488785e-06 8.6729144726593868e-06 6.846868858022548e-06 6.9890645383730016e-06 6.8468688580258785e-06 -1.1144562150063097e-05 6.8289784917174854e-06 6.8282810091336046e-06 6.7141543618755711e-06 6.6713655596895698e-06 6.3227772407388188e-06 6.846868858022548e-06 6.8468688580258785e-06 6.846868858022548e-06 6.8302232812609619e-06 6.8476071554157688e-06 6.8468623956718933e-06 6.8468659823785002e-06 6.8468614048800857e-06 6.8468859422761112e-06 0.0016718913417184526 4.2618658493698899e-06 6.8268201581256345e-06 -0.00040209131787443954 0.0055240401314499412 1.236777999223767e-05 -1.6947712593699938e-05 6.846868858022548e-06 0.0041709198980547733 0.0004399250999447135
leaf_weight=18421 286 304 250 791 478 560 205 799 286 241 353 231 467 311 224 230 545 300 201 225 3625 13828 303 3897 359 35452 12986 229 239 2677
leaf_count=18421 286 304 250 791 478 560 205 799 286 241 353 231 467 311 224 230 545 300 201 225 3625 13828 303 3897 359 35452 12986 229 239 2677
internal_value=0.000664508 0.0120867 0.0147094 -5.44895e-05 0.0182557 0.00360817 0.0119109 0.0043999 0.00624043 0.00892669 0.00636031 0.0164206 0.0174794 0.0140406 0.0132093 0.0103553 0.014711 0.012211 0.0144605 0.00720925 -0.00014933 -0.000490079 0.00758081 3.62079e-05 0.00117022 -4.56609e-05 -0.000473059 0.0201312 0.000142443 0.00127764
internal_weight=99303 5876 4485 93427 1966 1391 2519 1943 831 527 1144 1488 1257 561 1930 679 1251 706 501 449 91484 32249 589 59235 3984 55251 16883 696 38368 2916
internal_count=99303 5876 4485 93427 1966 1391 2519 1943 831 527 1144 1488 1257 561 1930 679 1251 706 501 449 91484 32249 589 59235 3984 55251 16883 696 38368 2916
is_linear=0
shrinkage=0.03


Tree=145
num_leaves=31
num_cat=0
split_feature=23 23 10 32 34 10 21 10 23 25 25 23 17 8 23 34 6 35 24 28 28 26 32 31 11 20 23 25 21 32
split_gain=928.589 77.5503 44.5897 43.6927 35.9042 26.4935 16.8834 18.4455 16.5552 15.7774 15.6487 9.11735 8.77622 15.0266 9.22343 6.88982 5.89204 6.44391 5.87005 7.39369 5.74887 5.90568 5.53188 5.39494 6.20757 5.67271 5.33808 9.42833 5.11289 5.13243
threshold=0.94471827380329176 0.97769015574246521 10.500000000000002 -0.94828754594723508 949.52500000000009 10.500000000000002 3.1374282855371853 3.5000000000000004 0.92986604680737783 6.5325000000000015 5.4525000000000015 0.9808168523507349 15.497500000000002 15.500000000000002 0.96853676129614419 960.62500000000011 2.5000000000000004 22.250000000000004 8.0750000000000028 1.3444356776381416 2.7019157937194378 1.8875000000000004 -0.96359376111369355 2.4397540266106446 6.017500000000001 5.6505000000000001 0.6309728342837756 5.3325000000000014 4.0480622336869425 -0.97625883275952019
decision_type=2 2 2 2 2 2 2 2 2 8 8 2 2 2 2 2 2 2 10 2 2 2 2 2 10 2 2 8 2 2
left_child=8 3 4 5 -3 -2 7 -6 16 -9 -5 -4 13 14 -12 -13 17 -1 19 -10 21 -19 -11 28 -25 -26 27 -22 29 -23
right_child=1 2 11 10 6 -7 -8 9 18 22 12 15 -14 -15 -16 -17 -18 20 -20 -21 26 23 -24 24 25 -27 -28 -29 -30 -31
leaf_value=-0.00057148931836497685 6.6290113719119727e-06 6.6421869014487982e-06 6.6414631324707152e-06 6.9200334697375937e-06 6.6414627922861679e-06 6.6414393813629681e-06 6.6414625672769308e-06 6.6414627922861679e-06 7.6693641706127572e-06 6.6414627922861679e-06 6.6242025247771911e-06 6.6414627922861679e-06 6.6429584323413057e-06 6.6414603650877255e-06 6.6414695099625827e-06 6.6414627922861679e-06 0.0003101153965033567 -0.0008635511509380065 9.3407242010751464e-06 -9.060774990365949e-07 0.0028681232053705996 -0.00040195467487745714 6.641462792279506e-06 -0.0037131541411558628 0.0052817124809092248 -0.00041407835312653459 1.6258194317497752e-07 -0.0019729986149215305 0.00080099533753770881 1.9646180043983995e-05
leaf_weight=5909 1085 404 227 430 801 315 248 378 268 223 675 379 296 406 288 283 11575 21432 333 524 576 6573 201 3461 229 1377 1162 312 943 38154
leaf_count=5909 1085 404 227 430 801 315 248 378 268 223 675 379 296 406 288 283 11575 21432 333 524 576 6573 201 3461 229 1377 1162 312 943 38154
internal_value=0.000657561 0.011492 0.0149152 0.00839571 0.0126173 0.00427046 0.0143842 0.0155168 -0.00011789 0.0121487 0.0111357 0.0206409 0.0124581 0.0113559 0.00922624 0.0225247 -0.000162353 -0.000253754 0.00349115 0.00206273 -0.0001778 -0.000222338 0.0161259 -4.5939e-05 -0.000974173 0.000566107 0.00138686 0.00313102 5.71421e-05 1.09311e-05
internal_weight=99467 6639 3144 3495 2255 1400 1851 1603 92828 802 2095 889 1665 1369 963 662 91703 80128 1125 792 74219 72169 424 50737 5067 1606 2050 888 45670 44727
internal_count=99467 6639 3144 3495 2255 1400 1851 1603 92828 802 2095 889 1665 1369 963 662 91703 80128 1125 792 74219 72169 424 50737 5067 1606 2050 888 45670 44727
is_linear=0
shrinkage=0.03


Tree=146
num_leaves=31
num_cat=0
split_feature=23 1 16 23 32 0 25 2 1 31 9 0 24 31 14 8 8 24 10 11 35 27 8 16 9 34 2 34 31 26
split_gain=921.28 147.854 47.0514 40.4345 20.9263 36.5763 15.6371 14.7929 14.6517 16.4313 11.701 10.4026 10.2324 10.1874 6.50681 6.45409 6.34212 6.03696 5.62355 13.1628 7.25923 7.3887 8.41995 6.57541 14.1725 10.0109 8.7722 7.41632 7.83275 6.04085
threshold=0.95802549872652831 15.275000000000002 13.997500000000002 0.92986604680737783 -0.95878322595067689 10.622500000000002 6.3625000000000016 1.1753829650923688 21.875000000000004 1.3949988541162692 4.5000000000000009 10.407500000000002 8.2250000000000014 1.8701187327197217 0.63388353294065891 9.5000000000000018 10.500000000000002 7.3750000000000009 2.5000000000000004 8.5075000000000021 40.250000000000007 4.0206250000000017 12.500000000000002 1.0000000180025095e-35 2.5000000000000004 961.82500000000016 1.2333019773299563 952.12500000000011 2.0718158575290944 5.4975000000000014
decision_type=2 2 8 2 2 2 10 2 2 2 2 2 10 2 2 2 2 10 2 10 2 2 2 10 2 2 2 2 2 2
left_child=3 2 4 18 7 13 10 -2 9 -3 16 12 -5 15 -9 -6 -4 -7 19 23 21 -20 29 24 -1 -26 -27 28 -25 -23
right_child=1 8 6 11 5 17 -8 14 -10 -11 -12 -13 -14 -15 -16 -17 -18 -19 20 -21 -22 22 -24 27 25 26 -28 -29 -30 -31
leaf_value=-0.0016626354167567918 6.442213445519777e-06 6.3019416299875158e-06 6.4422189085144856e-06 6.558932048870147e-06 6.4421791842339537e-06 6.4422188975878529e-06 6.4422189085178161e-06 6.442491610984567e-06 -1.8332660883824124e-06 7.5568782190253757e-06 6.4422189085144856e-06 6.4137463088165253e-06 6.0641278906578196e-06 6.4434520431788654e-06 6.4424860020197439e-06 6.4428052223286514e-06 6.4422189085178161e-06 6.4422189015000965e-06 -0.0015881416390778813 0.00013666043337021424 3.7574134817590641e-05 0.0001487078253341095 -6.5204760131959419e-05 0.0030240461794026926 0.0024198851742009589 -0.00055329501786668359 0.0086116710303871993 -0.00087826770080388417 -0.0017214424739465694 0.00039055931389019201
leaf_weight=901 459 205 247 745 200 445 1150 291 572 613 200 884 315 251 286 235 222 459 15170 801 52209 2887 6238 426 389 329 205 11337 245 231
leaf_count=901 459 205 247 745 200 445 1150 291 572 613 200 884 315 251 286 235 222 459 15170 801 52209 2887 6238 426 389 329 205 11337 245 231
internal_value=0.000674509 0.0122337 0.0149022 -4.89307e-05 0.0122851 0.0144639 0.0186365 0.00888761 0.00367742 0.00624058 0.0147374 0.00422678 0.00622535 0.00913459 0.0120773 0.00623864 0.0173481 0.0184356 -0.00014013 -0.000678987 -3.73346e-05 -0.000463007 0.000199978 -0.00089586 0.000780754 0.0033847 0.000701298 -0.00115075 0.00190385 0.00147166
internal_weight=99147 5835 4445 93312 2626 1590 1819 1036 1390 818 669 1944 1060 686 577 435 469 904 91368 14633 76735 24526 9356 13832 1824 923 534 12008 671 3118
internal_count=99147 5835 4445 93312 2626 1590 1819 1036 1390 818 669 1944 1060 686 577 435 469 904 91368 14633 76735 24526 9356 13832 1824 923 534 12008 671 3118
is_linear=0
shrinkage=0.03


Tree=147
num_leaves=31
num_cat=0
split_feature=23 2 16 23 32 0 2 31 23 2 10 31 31 3 31 34 2 22 32 2 22 16 33 28 29 31 11 16 35 26
split_gain=929.634 138.4 46.6673 35.2826 25.4729 28.4709 17.0685 25.301 13.9525 11.8946 10.4759 13.114 10.1593 9.90176 11.7398 9.24064 6.71515 5.90396 5.74297 5.58237 5.47422 5.24731 4.5998 6.11778 5.65623 4.98546 5.84747 8.97642 8.75241 5.7774
threshold=0.95802549872652831 1.1454304126959505 13.997500000000002 0.92986604680737783 -0.96359376111369355 10.622500000000002 1.1198060051589478 1.3877854262061438 0.96853676129614419 1.1753829650923688 11.500000000000002 1.5039617901979414 1.8701187327197217 10.570815652417121 1.4011430809716037 958.72500000000014 1.2016759735621569 2.0255416666666668 0.97233289553061597 1.0755131976497585 13.504000000000003 12.717500000000003 -0.58778525229247303 2.0244639204532375 1.9525000000000003 2.3532736906568688 5.5925000000000011 7.8525000000000009 43.750000000000007 1.8875000000000004
decision_type=2 2 8 2 2 2 2 2 2 2 2 2 2 2 2 2 2 2 2 2 2 10 2 2 2 2 10 8 2 2
left_child=3 6 4 17 9 12 -2 -8 -4 21 11 -10 18 14 -5 -13 -11 -1 -6 -19 -9 -3 23 -21 -25 29 -27 28 -28 -24
right_child=1 2 8 13 5 -7 7 20 10 16 -12 15 -14 -15 -16 -17 -18 19 -20 22 -22 -23 25 24 -26 26 27 -29 -30 -31
leaf_value=-0.0022744371124211616 8.8951909657233904e-07 6.2144351397142028e-06 6.2367464536203803e-06 5.8593591390854185e-06 6.2487843039504825e-06 6.2489523344566582e-06 6.1238178896039215e-06 8.4386684966897273e-06 6.2489523412612153e-06 6.2493523971653813e-06 6.2489523412612153e-06 6.2489523412578847e-06 6.2501484818844317e-06 6.4126762478766693e-06 6.3750236366677539e-06 6.2489523412612153e-06 6.2488798635764482e-06 -0.0012874861322579002 6.2489196968873448e-06 0.00084227856615006445 6.2123635248479014e-06 6.248951681807309e-06 -0.00056773890742523893 0.0078183765627365398 0.00032857684791657362 -0.0025405701517123426 -0.0012095129126075766 -0.00094805035196999891 0.0041344318560560239 2.0695471431616649e-05
leaf_weight=4269 569 215 204 246 221 964 203 392 634 261 565 238 259 770 890 200 263 2745 213 6953 229 223 18697 230 269 5766 650 2155 936 48873
leaf_count=4269 569 215 204 246 221 964 203 392 634 261 565 238 259 770 890 200 263 2745 213 6953 229 223 18697 230 269 5766 650 2155 936 48873
internal_value=0.000685993 0.0122791 0.0148555 -4.07373e-05 0.0122344 0.0145 0.00400644 0.00675271 0.0185412 0.00827715 0.0194817 0.0175153 0.00974355 0.00399372 0.00576862 0.013219 0.0113195 -0.000124952 0.00680638 -7.16331e-05 0.0036853 0.00455079 -2.83562e-05 0.000683116 0.003875 -9.71829e-05 -0.000740224 0.000183395 0.00189315 -6.65998e-06
internal_weight=99302 5853 4460 93449 2619 1657 1393 824 1841 962 1637 1072 693 1906 1136 438 524 91543 434 87274 621 438 84529 7452 499 77077 9507 3741 1586 67570
internal_count=99302 5853 4460 93449 2619 1657 1393 824 1841 962 1637 1072 693 1906 1136 438 524 91543 434 87274 621 438 84529 7452 499 77077 9507 3741 1586 67570
is_linear=0
shrinkage=0.03


Tree=148
num_leaves=31
num_cat=0
split_feature=23 2 16 23 25 25 2 31 15 0 17 0 23 27 21 10 26 14 35 27 31 8 10 16 16 26 0 8 30 8
split_gain=941.118 141.915 48.7447 33.1024 17.9444 16.4197 16.031 25.9664 12.9899 16.8236 20.1859 10.4922 9.40349 8.83057 8.20435 7.4137 5.84848 5.5366 6.19028 8.57628 7.89226 7.53142 6.18942 9.23225 5.4548 6.49926 9.79677 5.43473 5.31359 5.28361
threshold=0.95802549872652831 1.1454304126959505 13.997500000000002 0.92986604680737783 6.3625000000000016 5.5475000000000012 1.1198060051589478 1.3812249728329637 -0.48500000000000015 10.622500000000002 13.587500000000002 10.407500000000002 0.97930537588274169 5.7093750000000005 1.302898691344786 11.500000000000002 3.1275000000000004 1.2882384613623898 40.250000000000007 4.6906250000000016 2.4251075423810255 12.500000000000002 2.5000000000000004 9.6475000000000026 7.7525000000000013 4.182500000000001 8.4875000000000025 11.500000000000002 12.525000000000002 14.500000000000002
decision_type=2 2 8 2 10 8 2 2 10 2 2 2 2 2 2 2 2 2 2 2 2 2 2 8 10 2 2 2 2 2
left_child=3 6 5 17 12 14 -2 -8 -7 27 -11 13 -4 16 -3 -6 -5 18 19 -1 22 24 23 -20 -21 -26 -27 -10 -9 -25
right_child=1 2 4 11 15 8 7 28 9 10 -12 -13 -14 -15 -16 -17 -18 -19 20 21 -22 -23 -24 29 25 26 -28 -29 -30 -31
leaf_value=-0.0017030648147768961 9.0030981972169137e-06 6.0614650870822592e-06 6.04941199289552e-06 -3.0898817499724896e-06 6.0614837710237788e-06 6.0617149970536866e-06 5.9410788942952889e-06 -4.0003690939864618e-05 6.0614466491394862e-06 6.0615983681222562e-06 6.0614837961503462e-06 5.7449968538536563e-06 6.0614837710237788e-06 5.7577569434310266e-06 6.0482309340276249e-06 6.0614837710237788e-06 6.5098852402689643e-06 0.00036462197806418089 -0.0016715859243410843 -0.00066359787731669838 -0.0019176405571294732 -4.0670609323619069e-05 4.5811899785420663e-05 -4.0651143393396482e-05 8.0051910605098944e-05 0.0015206916036737163 0.00011104407618643515 6.0614104672807034e-06 6.7373288406060786e-06 0.00016048627901866453
leaf_weight=15566 565 207 293 200 716 413 203 207 245 334 756 893 380 390 440 446 445 11068 7350 389 6395 3565 41033 2897 1064 203 246 221 426 1679
leaf_count=15566 565 207 293 200 716 413 203 207 245 334 756 893 380 390 440 446 445 11068 7350 389 6395 3565 41033 2897 1064 203 246 221 426 1679
internal_value=0.000667623 0.0123329 0.0149522 -6.40239e-05 0.0187255 0.0122747 0.00398791 0.00661355 0.0136489 0.0149212 0.0169863 0.003821 0.0145885 0.00587019 0.00801994 0.0210488 0.00366923 -0.00014613 -0.000232748 -0.000674922 -7.60128e-05 0.000347039 4.42369e-05 -0.000557205 0.0018689 0.00268182 0.00568943 0.00996178 0.00355956 0.000500327
internal_weight=99235 5852 4451 93383 1835 2616 1401 836 1969 1556 1090 1928 673 1035 647 1162 645 91455 80387 21033 59354 5467 52959 11926 1902 1513 449 466 633 4576
internal_count=99235 5852 4451 93383 1835 2616 1401 836 1969 1556 1090 1928 673 1035 647 1162 645 91455 80387 21033 59354 5467 52959 11926 1902 1513 449 466 633 4576
is_linear=0
shrinkage=0.03


Tree=149
num_leaves=31
num_cat=0
split_feature=22 2 16 22 25 2 31 17 0 22 8 26 3 2 16 24 22 29 35 19 26 34 24 2 31 11 31 35 8 33
split_gain=903.615 154.467 52.9601 27.9317 19.2102 17.683 35.1529 15.4728 19.8312 15.1276 13.6398 11.571 10.5592 9.29358 6.1372 5.86492 5.7199 5.67483 5.28952 7.07809 7.00516 8.41276 6.63906 6.47586 6.07086 10.4811 5.72072 6.66904 6.17042 7.4528
threshold=11.625333333333336 1.1474195251904404 13.997500000000002 11.178125000000001 5.5475000000000012 1.1198060051589478 1.3812249728329637 13.477500000000003 10.622500000000002 12.654666666666669 9.5000000000000018 4.6325000000000012 10.570815652417121 1.2016759735621569 12.892500000000002 8.2250000000000014 2.0255416666666668 8.6625000000000014 39.250000000000007 5.1175000000000006 3.3375000000000004 945.57500000000016 9.0750000000000028 1.2069440754610683 1.7233553997606079 8.3475000000000019 1.3448496905393461 63.250000000000007 15.500000000000002 -0.10452846326765344
decision_type=2 2 8 2 8 2 2 2 2 2 2 2 2 2 10 10 2 2 2 8 2 2 8 2 2 10 2 2 2 2
left_child=3 5 4 16 -3 -2 -7 11 10 13 -9 -6 15 -4 -10 -5 -1 -8 19 -18 21 22 -21 26 -25 -26 -20 -28 29 -29
right_child=1 2 9 12 7 6 17 8 14 -11 -12 -13 -14 -15 -16 -17 18 -19 23 20 -22 -23 -24 24 25 -27 27 28 -30 -31
leaf_value=-0.0023000734145571509 9.9988446208036763e-06 5.8795829494021732e-06 5.8797104108232466e-06 5.9981806700026842e-06 5.8796269927249553e-06 5.8711851673873777e-06 7.9833885765723246e-06 5.8795849920578737e-06 5.8799573579142076e-06 5.8796392578930319e-06 5.8795694715733612e-06 5.8795970704161873e-06 5.7719407095635496e-06 5.8799562492062301e-06 5.8796392931015352e-06 6.2512690936152756e-06 -0.0019873676310477677 5.3837339964979409e-06 0.00051420889199696018 0.0036117981554251708 0.00011604456699739922 -0.00041309535818167566 -8.6311290272465319e-05 -0.00046225176548058143 -3.943160909159582e-05 5.4833641254091732e-05 -8.046124121928157e-05 0.00072958527605185416 0.00086087566126967811 -0.00020655217802998763
leaf_weight=4363 643 671 214 618 202 265 473 233 468 1370 258 356 626 217 491 318 8521 280 11635 608 6256 5575 1719 7928 10573 770 18369 5053 4927 5204
leaf_count=4363 643 671 214 618 202 265 473 233 468 1370 258 356 626 217 491 318 8521 280 11635 608 6256 5575 1719 7928 10573 770 18369 5053 4927 5204
internal_value=0.000666048 0.0118072 0.0147023 -6.97239e-05 0.0119832 0.00397779 0.00642815 0.0134605 0.0151134 0.0187027 0.0100343 0.00906927 0.00390172 0.0134794 0.0176483 0.00591073 -0.000137729 0.0030752 -8.46202e-05 -0.00047862 -6.73593e-05 -0.000660934 0.000852915 5.40294e-05 -0.000406361 3.88608e-05 0.000250392 5.15816e-05 0.000516689 9.73487e-05
internal_weight=99204 6141 4480 93063 2679 1661 1018 2008 1450 1801 491 558 1562 431 959 936 91501 753 87138 22679 14158 7902 2327 64459 19271 11343 45188 33553 15184 10257
internal_count=99204 6141 4480 93063 2679 1661 1018 2008 1450 1801 491 558 1562 431 959 936 91501 753 87138 22679 14158 7902 2327 64459 19271 11343 45188 33553 15184 10257
is_linear=0
shrinkage=0.03


Tree=150
num_leaves=31
num_cat=0
split_feature=20 2 16 20 25 1 31 25 4 15 11 26 29 8 34 24 29 20 6 27 35 19 21 26 34 1 8 8 12 33
split_gain=897.639 158.257 51.2289 29.6843 18.8516 18.5922 32.3312 14.1394 13.8488 17.7652 12.2076 9.90086 8.73527 7.98521 7.22003 7.21904 6.04251 5.85697 5.69857 5.46798 5.30934 6.37492 6.78624 6.41372 6.13461 5.08808 5.95846 6.42424 6.53761 8.18206
threshold=11.7155 1.1474195251904404 13.997500000000002 11.160000000000002 5.5475000000000012 21.875000000000004 1.3812249728329637 6.3625000000000016 0.91416700100052362 -0.48500000000000015 9.6725000000000012 4.0725000000000007 9.5775000000000023 11.500000000000002 956.62500000000011 9.6250000000000018 8.0275000000000016 12.953375000000003 2.5000000000000004 1.6420833333333336 39.750000000000007 5.1175000000000006 3.954139787384618 3.4825000000000008 945.72500000000014 0.92500000000000016 15.500000000000002 3.5000000000000004 6.3225000000000007 0.17364817766693022
decision_type=2 2 8 2 8 2 2 10 2 10 10 2 2 2 2 8 2 2 2 2 2 8 2 2 2 2 2 2 10 2
left_child=3 5 4 18 15 6 -2 11 13 -10 14 -4 17 -6 -5 -3 -8 -11 19 -1 21 -21 23 24 -23 26 27 28 -22 -30
right_child=1 2 7 10 8 -7 16 -9 9 12 -12 -13 -14 -15 -16 -17 -18 -19 -20 20 25 22 -24 -25 -26 -27 -28 -29 29 -31
leaf_value=-0.0015793473687662851 5.5776735272727863e-06 5.6969068686596459e-06 5.7032500801457162e-06 6.0828949989993579e-06 5.7016083249307468e-06 1.9641866605972598e-05 6.5635510725093536e-06 5.7032500801557086e-06 5.7035600432829504e-06 5.7032502122461667e-06 5.1732862596900679e-06 5.7032500801557086e-06 5.7032956420066858e-06 5.7031773129429736e-06 6.5717516959440387e-06 5.7032345157692616e-06 6.0840709545463187e-06 5.7032500977808498e-06 0.00033532971226246617 -0.002148184112857855 -0.00095013247219640558 0.00045680321856431339 0.0041322706312051441 7.3171171514044837e-05 -0.00051635151035717131 4.587574992907506e-05 2.2465286198550816e-05 -0.00094889277483118522 0.00024701768912140283 -0.0025050630916698723
leaf_weight=7436 276 264 251 450 250 663 374 1134 337 547 1065 412 337 210 388 386 374 275 11552 7589 2434 2129 239 4976 5233 35707 5532 7375 894 258
leaf_count=7436 276 264 251 450 250 663 374 1134 337 547 1065 412 337 210 388 386 374 275 11552 7589 2434 2129 239 4976 5233 35707 5532 7375 894 258
internal_value=0.000668622 0.0118228 0.0148142 -6.0379e-05 0.0120804 0.00399468 0.00651895 0.0187342 0.0135604 0.014978 0.00364308 0.0149865 0.0167552 0.00883871 0.00634164 0.00755725 0.00323506 0.0184933 -0.000137721 -0.000227875 -0.000148237 -0.000561599 -0.000147116 -0.000244998 -0.000807114 1.14924e-05 -0.000424234 -0.0008292 0.000212196 0.00206914
internal_weight=99347 6090 4403 93257 2606 1687 1024 1797 1956 1496 1903 663 1159 460 838 650 748 822 91354 79802 72366 20166 12577 12338 7362 52200 16493 10961 3586 1152
internal_count=99347 6090 4403 93257 2606 1687 1024 1797 1956 1496 1903 663 1159 460 838 650 748 822 91354 79802 72366 20166 12577 12338 7362 52200 16493 10961 3586 1152
is_linear=0
shrinkage=0.03


Tree=151
num_leaves=31
num_cat=0
split_feature=23 1 20 23 1 25 1 31 26 3 31 17 25 17 3 27 21 17 12 22 33 26 28 12 10 29 1 33 34 16
split_gain=917.079 147.409 46.3757 35.4958 20.825 18.2034 16.3302 19.2114 9.81302 12.824 11.9982 9.9785 9.51226 9.33927 8.91602 9.64246 7.13041 6.63852 5.86743 5.70078 5.59669 4.82596 4.80932 6.57606 4.65507 8.21008 4.75702 4.73062 9.65719 8.68606
threshold=0.95802549872652831 15.275000000000002 13.143125000000003 0.92986604680737783 8.8250000000000028 5.4825000000000008 21.875000000000004 1.3949988541162692 5.0375000000000005 10.321794376825713 1.8559704458049615 14.787500000000001 6.5325000000000015 13.922500000000003 10.570815652417121 5.7093750000000005 2.8045135489402262 13.372500000000002 12.462500000000002 2.0255416666666668 -0.58778525229247303 3.0475000000000003 2.0093064709673105 4.1275000000000013 1.5000000000000002 3.0725000000000007 34.775000000000006 0.3090169943749474 943.72500000000014 8.0275000000000016
decision_type=2 2 2 2 2 8 2 2 2 2 2 2 8 2 2 2 2 2 10 2 2 2 2 10 2 2 2 2 2 10
left_child=3 2 5 19 13 17 7 -3 9 10 16 -10 -6 -4 15 21 -7 -2 -9 -1 22 -5 -21 -24 25 -22 27 -26 29 -29
right_child=1 6 4 14 12 8 -8 18 11 -11 -12 -13 -14 -15 -16 -17 -18 -19 -20 20 24 -23 23 -25 26 -27 -28 28 -30 -31
leaf_value=-0.002145321268082001 5.5256698856231962e-06 5.4119556622338051e-06 5.5321526978868714e-06 -3.3482680514816951e-05 5.5321525777463076e-06 5.5321250495808186e-06 -9.9011963441767525e-06 6.507313428268935e-06 5.532796209535478e-06 5.5321530380914027e-06 5.4597506028838729e-06 5.5321506320802613e-06 5.5321525777463076e-06 5.5321525777496381e-06 5.7900678342781561e-06 5.6357483999303065e-06 5.5321531656593588e-06 5.4542558228165555e-06 6.0384296277159102e-06 0.00090383525021606344 -0.0022195243472116519 6.1518563689122448e-06 0.0074015506359237249 -0.00011760595055513826 -3.2342563834818485e-05 1.5233455597448709e-05 -0.0016997209864951805 0.0038568117528699074 5.3313875481100223e-05 0.0042506611503767208
leaf_weight=4330 318 209 203 201 293 202 579 264 457 601 204 231 335 1126 784 484 200 258 341 6943 4814 461 264 250 52293 2928 2010 983 15757 306
leaf_count=4330 318 209 203 201 293 202 579 264 457 601 204 231 335 1126 784 484 200 258 341 6943 4814 461 264 250 52293 2928 2010 983 15757 306
internal_value=0.000688636 0.0122343 0.01491 -3.61379e-05 0.0183838 0.0121272 0.00370601 0.00643223 0.0135553 0.0152302 0.0119509 0.0105281 0.0136588 0.020557 0.0039845 0.00566638 0.00875676 0.00735284 0.00366393 -0.00012174 -6.85599e-05 0.00327436 0.000716831 0.00350289 -0.00014265 -0.0008411 -6.68085e-05 -2.50497e-05 0.00040889 0.00290031
internal_weight=98629 5821 4428 92808 1957 2471 1393 814 1895 1207 606 688 628 1329 1930 1146 402 576 605 90878 86548 662 7457 514 79091 7742 71349 69339 17046 1289
internal_count=98629 5821 4428 92808 1957 2471 1393 814 1895 1207 606 688 628 1329 1930 1146 402 576 605 90878 86548 662 7457 514 79091 7742 71349 69339 17046 1289
is_linear=0
shrinkage=0.03


Tree=152
num_leaves=31
num_cat=0
split_feature=23 1 23 23 2 32 1 31 25 12 1 8 26 25 22 12 30 30 33 22 10 8 33 24 29 35 32 1 29 8
split_gain=954.637 149.82 52.6578 35.4612 20.094 18.8108 16.0153 19.3001 13.1677 12.2579 11.205 8.76731 9.61453 8.64457 8.35843 7.0699 10.6351 6.44615 6.18697 6.10347 5.65779 5.1926 10.0222 5.18378 5.1632 6.05553 7.05775 5.44038 5.04396 5.11492
threshold=0.95802549872652831 15.275000000000002 0.97769015574246521 0.92986604680737783 1.1714236925654091 -0.95878322595067689 21.875000000000004 1.4011430809716037 6.5925000000000011 10.727500000000003 7.6250000000000009 6.5000000000000009 3.4175000000000004 4.7175000000000011 13.274833333333335 10.507500000000002 13.925000000000002 14.225000000000003 0.13052122218260662 13.504000000000003 11.500000000000002 14.500000000000002 0.06104621499353461 3.9750000000000005 1.1425000000000003 41.250000000000007 0.93663652364155514 24.725000000000005 3.0975000000000006 13.500000000000002
decision_type=2 2 2 2 2 2 2 2 8 10 2 2 2 8 2 10 2 2 2 2 2 2 2 8 2 2 2 2 2 2
left_child=3 2 5 23 8 10 7 -3 -4 11 -2 -7 -13 -5 17 16 21 -6 -14 -9 -16 22 -15 24 27 -26 -27 -1 -28 -30
right_child=1 6 4 13 14 9 -8 19 -10 -11 -12 12 18 15 20 -17 -18 -19 -20 -21 -22 -23 -24 -25 25 26 28 -29 29 -31
leaf_value=-0.0021324380523180387 5.3663424281558125e-06 5.2479846515862678e-06 5.366188000420546e-06 2.9229121384034843e-06 5.3661884344452443e-06 5.3555672727645386e-06 -9.286826372446262e-06 7.3802119018051556e-06 5.3661880004152173e-06 5.3661810383169356e-06 5.326176471262198e-06 5.366462832577951e-06 5.3667219030898636e-06 8.2887915741339628e-06 5.3661880004185478e-06 5.149035395111134e-06 6.0006247398152064e-06 5.3661883303979253e-06 5.3661689450079654e-06 5.3017630797213674e-06 5.3661880004185478e-06 7.9780529556103478e-06 1.4055069789919993e-06 4.3049467810130081e-06 -0.0022033602644150473 0.00048199159948097644 -0.0030362054593522031 0.0040413719506664824 -0.0001476142057446154 0.0039362283390102356
leaf_weight=4709 343 204 357 440 321 250 561 380 382 491 262 202 213 201 742 477 215 216 275 217 426 249 356 63280 5767 12175 4565 292 393 213
leaf_count=4709 343 204 357 440 321 250 561 380 382 491 262 202 213 201 742 477 215 216 275 217 426 249 356 63280 5767 12175 4565 292 393 213
internal_value=0.000697405 0.0124566 0.0151037 -3.92777e-05 0.0180882 0.0114855 0.00372641 0.00643548 0.013754 0.0133684 0.00695902 0.0112381 0.0129928 0.00397118 0.0199211 0.00505389 0.00645906 0.0164004 0.015286 0.00365282 0.0214629 0.00482367 0.00316548 -0.000124532 -0.00046346 -0.000274203 5.87791e-06 -0.001337 -0.000922141 0.00163993
internal_weight=99174 5842 4480 93332 2444 2036 1362 801 739 1431 605 940 690 1938 1705 1498 1021 537 488 597 1168 806 557 91394 28114 23113 17346 5001 5171 606
internal_count=99174 5842 4480 93332 2444 2036 1362 801 739 1431 605 940 690 1938 1705 1498 1021 537 488 597 1168 806 557 91394 28114 23113 17346 5001 5171 606
is_linear=0
shrinkage=0.03


Tree=153
num_leaves=31
num_cat=0
split_feature=23 2 16 23 32 0 1 31 27 2 8 21 3 30 10 31 14 10 28 21 35 27 8 10 13 34 25 8 28 23
split_gain=938.182 139.518 48.6638 29.8741 23.7148 29.1247 16.3738 23.4636 16.3487 13.3672 9.01477 7.613 7.38522 12.1913 6.94347 10.4557 6.26265 6.02717 7.53253 5.34565 5.43869 9.03626 8.22494 7.08014 10.8379 5.64442 9.57295 6.74872 5.35552 8.55306
threshold=0.95802549872652831 1.1474195251904404 13.997500000000002 0.92986604680737783 -0.96359376111369355 10.622500000000002 21.875000000000004 1.3812249728329637 5.920625000000002 1.1753829650923688 13.500000000000002 1.9381998732983103 10.570815652417121 13.925000000000002 11.500000000000002 1.4981258517259308 1.2882384613623898 6.5000000000000009 1.3676424360231121 4.0480622336869425 40.250000000000007 4.545625000000002 13.500000000000002 2.5000000000000004 5.7058333333333353 965.97500000000014 3.0575000000000006 17.500000000000004 2.7019157937194378 0.6309728342837756
decision_type=2 2 8 2 2 2 2 2 2 2 2 2 2 2 2 2 2 2 2 2 2 2 2 2 2 2 10 2 2 2
left_child=3 6 4 16 9 10 7 -2 -4 -3 -6 -11 13 -5 15 -10 19 18 -18 20 21 -1 -23 24 -22 28 27 -27 -25 -30
right_child=1 2 8 12 5 -7 -8 -9 14 11 -12 -13 -14 -15 -16 -17 17 -19 -20 -21 23 22 -24 25 -26 26 -28 -29 29 -31
leaf_value=-0.0017259212717830208 5.0891223941148016e-06 5.2051866045558593e-06 5.2052025882895949e-06 5.3917146510251699e-06 5.2062098947258656e-06 5.205202351443727e-06 1.972280036269036e-05 5.85746174046027e-06 5.2052023604065578e-06 5.2052099962351939e-06 5.205138369888353e-06 5.2054699890204421e-06 5.1588061378426972e-06 5.742774813043476e-06 5.2052023604065578e-06 5.2052023604032273e-06 0.00283654951108812 -8.0447875345220191e-06 -3.3909436037548106e-05 0.00055490411964188608 -0.0019294735886772804 0.00016894392848705947 -9.0143553175700417e-05 -5.8192697765124812e-06 1.9267093756442257e-05 0.0030619527198991856 -2.9535611353754226e-05 0.012283960137138238 0.0032430694533732993 -3.5510808010579347e-05
leaf_weight=14823 218 410 367 960 479 955 574 653 621 325 221 203 792 212 462 378 2809 6360 1899 1547 8310 2767 3167 42682 4543 545 989 213 427 474
leaf_count=14823 218 410 367 960 479 955 574 653 621 325 221 203 792 212 462 378 2809 6360 1899 1547 8310 2767 3167 42682 4543 545 989 213 427 474
internal_value=0.000709477 0.0123424 0.0149858 -2.08189e-05 0.0122945 0.0144669 0.00423103 0.00681164 0.0187594 0.00840509 0.00970213 0.0115497 0.00363535 0.00514358 0.0202162 0.0185289 -9.94437e-05 0.000569493 0.00138256 -0.000191461 -0.000225727 -0.000642569 0.000346522 -7.69753e-05 -0.000698321 9.92603e-05 0.00176883 0.00429358 3.21412e-05 0.00231457
internal_weight=99385 5866 4421 93519 2593 1655 1445 871 1828 938 700 528 1964 1172 1461 999 91555 11068 4708 80487 78940 20757 5934 58183 12853 45330 1747 758 43583 901
internal_count=99385 5866 4421 93519 2593 1655 1445 871 1828 938 700 528 1964 1172 1461 999 91555 11068 4708 80487 78940 20757 5934 58183 12853 45330 1747 758 43583 901
is_linear=0
shrinkage=0.03


Tree=154
num_leaves=31
num_cat=0
split_feature=23 2 16 32 0 22 27 1 28 35 1 34 19 32 25 27 8 7 12 10 33 14 8 26 21 35 8 26 35 34
split_gain=919.653 150.118 57.2946 20.8337 41.1829 18.3189 17.0002 16.546 15.2923 18.3864 11.2067 8.64386 7.96564 11.263 7.58861 6.89418 5.78784 5.52328 8.05362 5.51488 5.48872 5.52175 5.39033 4.8461 4.36719 6.13364 4.37883 4.64967 4.53283 6.08883
threshold=0.95123381308365573 1.1474195251904404 13.997500000000002 -0.96359376111369355 10.622500000000002 11.178125000000001 5.920625000000002 21.875000000000004 1.7006469335657679 67.750000000000014 8.0250000000000021 961.52500000000009 9.2125000000000021 -0.90992662233962551 4.7175000000000011 7.156458333333334 9.5000000000000018 17.500000000000004 5.4875000000000016 11.500000000000002 -0.66259481767468253 0.16403759731637088 4.5000000000000009 3.8625000000000007 2.452331075022661 88.750000000000014 8.5000000000000018 3.6625000000000005 78.750000000000014 954.22500000000014
decision_type=2 2 8 2 2 2 2 2 2 2 2 2 10 2 8 2 2 2 10 2 2 2 2 2 2 2 2 2 2 2
left_child=5 7 3 10 16 17 -4 8 -2 15 11 -3 13 -6 -7 -10 -5 18 -1 22 23 -22 -8 -19 -23 26 27 -26 29 -28
right_child=1 2 6 4 12 14 19 -9 9 -11 -12 -13 -14 -15 -16 -17 -18 20 -20 -21 21 24 -24 -25 25 -27 28 -29 -30 -31
leaf_value=-0.00124558661498967 4.3693369826183801e-06 5.0493052166855617e-06 5.0490466028385581e-06 5.0490309400508248e-06 5.0490395366276088e-06 -4.0309232267468073e-05 5.0490462895957928e-06 -2.9803112907300642e-06 1.1180982026218728e-05 4.388924915955661e-06 5.0490370756486656e-06 5.0491958554221839e-06 5.0490462710872648e-06 5.0491582107214939e-06 5.405577108903436e-06 5.2200635697469997e-06 5.0490142239825945e-06 0.0014702102747964395 1.0151464290928391e-05 5.0490462895957928e-06 -0.00013887710337037975 -2.6188164497725334e-05 5.0490462895957928e-06 0.0052283270758493976 0.00012708858607701773 0.0027331246007801556 0.0012664740041800936 -0.0011778494313361197 0.0021711264998620495 -3.2978292009823401e-05
leaf_weight=18380 268 346 378 412 367 354 244 600 200 201 429 231 300 341 1136 299 389 3628 13978 455 7042 35063 730 373 3603 353 3479 1664 609 3218
leaf_count=18380 268 346 378 412 367 354 244 600 200 201 429 231 300 341 1136 299 389 3628 13978 455 7042 35063 730 373 3603 353 3479 1664 609 3218
internal_value=0.000663133 0.0118547 0.014574 0.0118564 0.0137944 -8.33296e-05 0.0187632 0.00381818 0.00623433 0.00855319 0.00832047 0.0110464 0.0178342 0.0158289 0.0032107 0.0116131 0.00863151 -0.000137207 -0.000452184 0.020295 3.54686e-05 -4.25728e-05 0.0187109 0.00110759 7.25709e-05 0.000543809 0.000433375 -0.000225911 0.000908493 0.000681736
internal_weight=99070 6190 4622 2815 1809 92880 1807 1568 968 700 1006 577 1008 708 1490 499 801 91390 32358 1429 59032 55031 974 4001 47989 12926 12573 5267 7306 6697
internal_count=99070 6190 4622 2815 1809 92880 1807 1568 968 700 1006 577 1008 708 1490 499 801 91390 32358 1429 59032 55031 974 4001 47989 12926 12573 5267 7306 6697
is_linear=0
shrinkage=0.03


Tree=155
num_leaves=31
num_cat=0
split_feature=23 2 16 23 25 1 31 27 15 0 29 4 27 20 8 24 30 24 16 22 28 29 35 2 9 34 12 34 35 34
split_gain=916.204 148.961 53.3238 30.8915 18.6019 16.0184 28.9735 14.2419 11.9765 15.1113 10.0856 9.81986 9.89824 8.77291 8.28776 6.33146 6.00698 10.2744 5.49597 5.34392 5.13449 4.96632 6.56573 5.87309 8.73788 5.28155 6.20913 4.86679 5.14981 4.81017
threshold=0.95802549872652831 1.1474195251904404 13.997500000000002 0.92986604680737783 5.5475000000000012 21.875000000000004 1.3812249728329637 5.920625000000002 -0.50999999999999923 10.622500000000002 9.5775000000000023 0.91339065212439718 5.7093750000000005 12.953375000000003 9.5000000000000018 4.0250000000000012 15.225000000000003 9.8250000000000028 15.752500000000003 13.504000000000003 1.8344558116776717 1.1425000000000003 39.250000000000007 1.181477932733173 5.5000000000000009 966.27500000000009 3.4075000000000006 947.87500000000011 90.250000000000014 951.92500000000018
decision_type=2 2 8 2 8 2 2 2 10 2 2 2 2 2 2 8 2 8 8 2 2 2 2 2 2 2 10 2 2 2
left_child=3 5 4 15 16 6 -2 -4 -6 14 13 12 -5 20 -10 21 17 -3 -9 -8 -11 29 -23 24 -24 27 -27 -25 -29 -1
right_child=1 2 7 11 8 -7 19 18 9 10 -12 -13 -14 -15 -16 -17 -18 -19 -20 -21 -22 22 23 25 -26 26 -28 28 -30 -31
leaf_value=0.00022603518387511012 4.7894533736637018e-06 4.8995716170963097e-06 4.8975750510937832e-06 5.0714351312131092e-06 4.897785293836998e-06 -2.8909019520073629e-06 6.6476522317504559e-06 4.8975749009072531e-06 4.8975595764289005e-06 4.8978531355958751e-06 4.8976508563539634e-06 4.6863569065793213e-06 4.9310012939265645e-06 4.8975748862356557e-06 4.8975277605705216e-06 6.2481006639825141e-06 4.8776940162332028e-06 4.8979593079460674e-06 4.8975749009072531e-06 4.3717194877734843e-06 4.8975683505303452e-06 -0.0021590844252404222 0.00010263813080560569 0.0066772055988983071 0.0025581108529904783 -0.002758159184430866 0.0074744279620964499 -0.0023216480728499773 0.0026994346748820792 -0.0021717265525921033
leaf_weight=1251 230 222 358 655 374 569 432 996 204 265 344 872 389 264 285 62805 210 206 438 233 218 5234 8954 201 1654 278 368 6419 316 3753
leaf_count=1251 230 222 358 655 374 569 432 996 204 265 344 872 389 264 285 62805 210 206 438 233 218 5234 8954 201 1654 278 368 6419 316 3753
internal_value=0.000681592 0.0121948 0.0149597 -4.18347e-05 0.0121617 0.00389244 0.00638333 0.0189616 0.0136233 0.0147823 0.0167765 0.00372306 0.00567969 0.0188019 0.0102085 -0.000121102 0.00761431 0.00964434 0.0203391 0.00315672 0.0160266 -0.000492527 -0.000309105 -3.9572e-05 0.000416093 -0.000676948 0.00190783 -0.000918888 -0.00105712 -0.00134997
internal_weight=98997 5848 4384 93149 2592 1464 895 1792 1954 1580 1091 1916 1044 747 489 91233 638 428 1434 665 483 28428 23424 18190 10608 7582 646 6936 6735 5004
internal_count=98997 5848 4384 93149 2592 1464 895 1792 1954 1580 1091 1916 1044 747 489 91233 638 428 1434 665 483 28428 23424 18190 10608 7582 646 6936 6735 5004
is_linear=0
shrinkage=0.03


Tree=156
num_leaves=31
num_cat=0
split_feature=23 2 20 23 10 32 0 2 31 3 31 31 35 2 2 25 2 33 12 24 19 8 32 17 31 33 9 17 25 8
split_gain=920.741 132.678 46.7966 29.6609 20.3628 19.6959 15.3091 15.2428 19.3012 10.6493 13.1533 9.77134 16.4765 9.35044 15.456 8.58502 8.77159 8.35672 6.23746 5.42784 5.89704 5.01041 6.64855 6.65062 6.76944 6.56974 7.35859 7.02402 6.58266 6.07953
threshold=0.95802549872652831 1.1454304126959505 13.143125000000003 0.92986604680737783 11.500000000000002 -0.95878322595067689 10.622500000000002 1.1198060051589478 1.3949988541162692 10.570815652417121 1.3640388349514565 1.8701187327197217 53.250000000000007 1.1753829650923688 1.2016759735621569 6.5325000000000015 1.1708009812811209 0.11319890333640049 12.052500000000002 3.6250000000000004 5.8575000000000008 3.5000000000000004 -0.81408451933196946 2.2475000000000005 2.329289318755257 -0.21643137258081238 4.5000000000000009 7.517500000000001 4.6025000000000009 8.5000000000000018
decision_type=2 2 2 2 2 2 2 2 2 2 2 2 2 2 2 8 2 2 10 8 10 2 2 2 2 2 2 2 10 2
left_child=3 7 5 19 15 13 11 -2 -9 10 -5 12 -7 -3 -15 16 -4 -13 -10 20 -1 25 23 -23 -25 26 27 -21 -29 -24
right_child=1 2 4 9 -6 6 -8 8 18 -11 -12 17 -14 14 -16 -17 -18 -19 -20 21 -22 22 29 24 -26 -27 -28 28 -30 -31
leaf_value=-0.001014404607735967 1.9307252749094505e-05 4.741410558406489e-06 4.7506477742420555e-06 4.6293955732063237e-06 4.750647653881668e-06 4.7506429399451972e-06 4.750643059912553e-06 4.6474335857693557e-06 -2.872955807171137e-05 4.450162429275872e-06 4.9648077391173383e-06 4.7365188809003157e-06 4.7505094077637811e-06 4.7508177660593454e-06 4.7502874788751813e-06 4.750647653881668e-06 4.750647653881668e-06 7.1486891235461587e-06 6.4482226647966095e-06 0.0017670883889889537 0.00088553356742344859 0.0016848085219407169 -0.00013141311058843396 -0.00027316246247459651 0.0024636790911293262 -6.0020421633311111e-06 -0.00045479025083509472 0.0017143097328702452 -8.3079841758512132e-05 6.3889901399280221e-05
leaf_weight=24014 559 300 286 228 498 259 705 200 224 811 906 211 350 227 202 951 264 229 387 2184 1178 2290 7971 20608 936 5327 1305 1058 225 24015
leaf_count=24014 559 300 286 228 498 259 705 200 224 811 906 211 350 227 202 951 264 229 387 2184 1178 2290 7971 20608 936 5327 1305 1058 225 24015
internal_value=0.00068824 0.0122254 0.0147212 -3.79113e-05 0.0181602 0.0119216 0.0136543 0.00403636 0.00665073 0.00362308 0.00549429 0.0112457 0.00865309 0.00768801 0.0105138 0.0162928 0.013027 0.0146966 0.00393993 -0.000116259 -0.000490773 2.68939e-05 -8.43715e-05 -0.000463611 -0.000627037 0.000641626 0.00144944 0.00217137 0.00392935 0.000198243
internal_weight=98908 5852 4482 93056 1999 2483 1754 1370 811 1945 1134 1049 609 729 429 1501 550 440 611 91111 25192 65919 55820 23834 21544 10099 4772 3467 1283 31986
internal_count=98908 5852 4482 93056 1999 2483 1754 1370 811 1945 1134 1049 609 729 429 1501 550 440 611 91111 25192 65919 55820 23834 21544 10099 4772 3467 1283 31986
is_linear=0
shrinkage=0.03


Tree=157
num_leaves=31
num_cat=0
split_feature=22 1 20 22 1 1 31 15 25 25 30 28 11 26 35 10 21 34 20 19 24 21 35 8 1 13 31 1 10 21
split_gain=882.56 142.756 42.458 25.0766 24.6877 23.9727 24.6311 19.5721 13.5895 10.8395 9.7426 8.97969 8.56158 7.75895 7.9176 7.60141 13.3304 6.49124 6.36426 5.87971 5.38158 5.13339 5.24586 6.74135 7.88364 6.28142 6.04849 10.3614 7.27216 6.27059
threshold=11.625333333333336 13.575000000000003 13.143125000000003 11.178125000000001 8.8250000000000028 21.875000000000004 1.3812249728329637 -0.49500000000000061 5.4825000000000008 6.5325000000000015 13.125000000000002 1.0768583742910209 9.6725000000000012 3.4025000000000007 55.750000000000007 11.500000000000002 2.7219189002563868 956.62500000000011 13.143125000000003 9.9025000000000016 9.8250000000000028 4.0480622336869425 40.250000000000007 13.500000000000002 4.8750000000000009 3.3208333333333342 1.1693139975793747 23.525000000000002 9.5000000000000018 1.4297823260899671
decision_type=2 2 2 2 2 2 2 10 8 8 2 2 10 2 2 2 2 2 2 10 8 2 2 2 2 2 2 2 2 2
left_child=3 2 7 21 15 6 -3 -2 20 -6 -8 -10 17 -13 -15 16 -4 -5 -12 -16 -9 22 -1 24 25 -24 27 28 -26 -29
right_child=1 5 4 12 9 -7 10 8 11 -11 18 13 -14 14 19 -17 -18 -19 -20 -21 -22 -23 23 -25 26 -27 -28 29 -30 -31
leaf_value=-0.00019332973650382993 4.6025398011260633e-06 4.6081282204302185e-06 4.6081282242638184e-06 4.8326957165972281e-06 4.6081282265986004e-06 2.2249670685662215e-06 4.74733253010035e-06 4.585488429294896e-06 4.6080643352079439e-06 4.6081282242604879e-06 6.3121912457682426e-06 4.6081202262282511e-06 4.4988360457864915e-06 4.6088520639007606e-06 4.6081210983939246e-06 4.6081282242638184e-06 4.6081279421028577e-06 5.3163736678696334e-06 4.5388726756972444e-06 4.6082598527086295e-06 4.5967438814187297e-06 0.000468026640505077 -0.0021612837436313847 8.01004379293369e-05 -0.00015919480450948264 -6.0041710494168317e-05 -4.0725491968609528e-05 0.0025795328586456618 0.0027970491171765682 0.0051025575210223292
leaf_weight=24488 454 390 656 302 243 643 342 223 201 255 219 203 868 442 411 473 202 352 281 279 229 2063 5273 22819 2993 12340 20038 327 729 586
leaf_count=24488 454 390 656 302 243 643 342 223 201 255 219 203 868 442 411 473 202 352 281 279 229 2063 5273 22819 2993 12340 20038 327 729 586
internal_value=0.000642591 0.0116488 0.0146766 -8.39645e-05 0.0181587 0.00473138 0.00717381 0.0120368 0.0133246 0.0122386 0.00424321 0.0146866 0.00372888 0.0155933 0.016591 0.0203196 0.0183268 0.00630956 0.00689109 0.0143309 0.00858643 -0.000147479 -0.000181578 -4.07779e-05 -0.000265022 -0.000749745 8.10837e-05 0.00105711 0.000352562 0.00391176
internal_weight=99324 6146 4271 93178 1829 1875 1232 2442 1988 498 842 1536 1522 1335 1132 1331 858 654 500 690 452 91656 89593 65105 42286 17613 24673 4635 3722 913
internal_count=99324 6146 4271 93178 1829 1875 1232 2442 1988 498 842 1536 1522 1335 1132 1331 858 654 500 690 452 91656 89593 65105 42286 17613 24673 4635 3722 913
is_linear=0
shrinkage=0.03


Tree=158
num_leaves=31
num_cat=0
split_feature=23 2 16 32 0 1 25 23 29 9 35 2 8 19 32 21 10 0 27 7 21 35 21 29 16 35 32 28 19 32
split_gain=932.499 138.549 53.7946 23.1166 38.2284 19.0198 16.9867 16.4096 16.2582 15.3359 14.5495 12.5104 8.68526 8.68433 8.41242 7.61582 6.64854 6.56814 8.04803 5.15823 5.31199 5.10383 5.07171 4.58977 4.52008 3.87206 3.83032 3.60264 5.08352 6.56076
threshold=0.95123381308365573 1.1474195251904404 13.997500000000002 -0.96359376111369355 10.622500000000002 21.875000000000004 6.3625000000000016 0.92986604680737783 8.0275000000000016 4.5000000000000009 55.750000000000007 1.1753829650923688 13.500000000000002 8.7975000000000012 -0.90992662233962551 1.9485699884681715 11.500000000000002 10.407500000000002 5.7093750000000005 42.500000000000007 4.0480622336869425 22.750000000000004 2.452331075022661 0.48750000000000004 9.3725000000000023 58.750000000000007 0.9681107762825325 2.5003705943556072 6.2525000000000013 -0.05233595624294396
decision_type=2 2 8 2 2 2 10 2 2 2 2 2 2 10 2 2 2 2 2 2 2 2 2 2 10 2 2 2 8 2
left_child=7 5 3 11 12 8 9 19 -2 22 -10 -3 25 14 -6 -13 -8 18 -9 20 21 24 -4 -23 -1 -5 -21 -25 29 -29
right_child=1 2 6 4 13 -7 16 17 10 -11 -12 15 -14 -15 -16 -17 -18 -19 -20 26 -22 23 -24 27 -26 -27 -28 28 -30 -31
leaf_value=-0.0021323129510279703 6.3132204800148194e-06 4.4698653928232356e-06 4.4698843775370364e-06 4.4697433250873165e-06 4.4698809653498369e-06 -3.4501414879772872e-06 4.4698843775370364e-06 5.0150238557877407e-06 4.5748820152047284e-06 4.4698843738533164e-06 4.3080932958350358e-06 4.4702542665531194e-06 4.4697966521600741e-06 4.4698843633140793e-06 4.4699906623646424e-06 4.4701945718751162e-06 4.4698843775370364e-06 2.456172094478237e-06 5.3145737318557206e-06 0.00071980436618477564 0.00042987249038890947 -0.0027358662304357104 4.4698843775223819e-06 -4.6220212432717123e-05 5.6274688501054851e-05 4.4717499302060479e-06 -8.8851517422553473e-05 0.00089116900749766463 9.3398396759725157e-06 0.0017348358118815198
leaf_weight=5161 373 440 258 207 358 599 710 556 320 200 276 374 268 310 340 215 423 689 323 8942 1593 1002 215 68426 957 339 2544 519 2073 230
leaf_count=5161 373 440 258 207 358 599 710 556 320 200 276 374 268 310 340 215 423 689 323 8942 1593 1002 215 68426 957 339 2544 519 2073 230
internal_value=0.000655347 0.0118917 0.0144871 0.0118792 0.0139212 0.00416147 0.0185599 -9.72379e-05 0.00674846 0.0145442 0.00980366 0.00821373 0.00899634 0.0178342 0.0157127 0.0110657 0.0208708 0.00294088 0.00465271 -0.000149489 -0.000234888 -0.000269788 0.0174916 -0.000199295 -0.00110142 0.00671869 0.000444869 -0.000170857 0.000878669 0.00298806
internal_weight=99240 6225 4657 2851 1822 1568 1806 93015 969 673 596 1029 814 1008 698 589 1133 1568 879 91447 79961 78368 473 72250 6118 546 11486 71248 2822 749
internal_count=99240 6225 4657 2851 1822 1568 1806 93015 969 673 596 1029 814 1008 698 589 1133 1568 879 91447 79961 78368 473 72250 6118 546 11486 71248 2822 749
is_linear=0
shrinkage=0.03


Tree=159
num_leaves=31
num_cat=0
split_feature=23 1 16 23 1 31 14 23 34 20 21 19 35 34 18 31 16 1 31 24 34 12 8 2 21 17 15 31 35 12
split_gain=888.293 144.111 52.0945 28.9082 15.7929 26.8387 15.3546 25.157 12.1248 10.6209 10.0147 9.18642 8.14661 12.7098 6.84033 6.81032 9.64745 5.94422 13.2592 5.68946 5.30022 5.10186 4.80959 4.78123 4.40971 4.40133 4.24062 5.11874 4.41316 5.52835
threshold=0.95802549872652831 15.275000000000002 13.997500000000002 0.93853258385816518 21.875000000000004 1.3949988541162692 0.63388353294065891 0.97769015574246521 958.02500000000009 14.321875000000002 2.0513935811552613 9.802500000000002 53.750000000000007 954.12500000000011 14.682500000000003 1.579263461538462 12.892500000000002 1.4250000000000005 1.5039617901979414 3.4750000000000005 957.62500000000011 12.917500000000002 3.5000000000000004 1.1714236925654091 0.90986194007014265 13.812500000000002 -0.28500000000000003 1.0954180126814028 54.750000000000007 10.212500000000002
decision_type=2 2 8 2 2 2 2 2 2 2 2 10 2 2 10 2 10 2 2 8 2 10 2 2 2 2 10 2 2 10
left_child=3 2 6 19 5 -3 7 8 11 17 -10 -2 13 -5 -9 16 25 20 -19 -1 -4 -7 -21 -11 -24 -8 27 -26 29 -29
right_child=1 4 9 12 -6 21 15 14 10 23 -12 -13 -14 -15 -16 -17 -18 18 -20 22 -22 -23 24 -25 26 -27 -28 28 -30 -31
leaf_value=-0.00082632529369011274 4.2789130185072468e-06 4.2325202711268602e-06 4.3357878462113587e-06 7.5169552509926924e-06 -7.3184815527645746e-06 6.0936619414678499e-06 4.3156443507039047e-06 4.335788117247387e-06 4.3357490419015931e-06 4.3357878462080281e-06 4.3357219093232892e-06 4.3357702227382212e-06 4.2272715939062633e-06 4.0616052187225634e-06 4.3357878231005085e-06 4.3364920054494226e-06 4.3362437083015071e-06 4.3357879376282323e-06 4.3357878462113587e-06 0.00017700472606774431 4.3357879628513895e-06 4.2123547076035828e-06 -0.00034950765153396967 4.3357878462113587e-06 0.0022250126793344053 4.3365003026953229e-06 -2.0032875257291839e-05 -8.4752401693632165e-05 0.00021252627365196062 0.00017718173276540017
leaf_weight=24136 240 213 275 268 577 321 215 425 395 202 239 220 686 228 212 230 237 250 331 10437 229 297 9138 482 2354 203 31871 6624 7511 238
leaf_count=24136 240 213 275 268 577 321 215 425 395 202 239 220 686 228 212 230 237 250 331 10437 229 297 9138 482 2354 203 31871 6624 7511 238
internal_value=0.000649497 0.012044 0.0147232 -5.71475e-05 0.00367728 0.0063122 0.0119886 0.0136503 0.0107989 0.0187221 0.0135023 0.00696774 0.00459478 0.00750898 0.0184252 0.00867977 0.00702273 0.0166651 0.0142782 -0.00011696 0.0192495 0.00309149 2.31886e-05 0.0218403 -8.39619e-05 0.00419858 2.97505e-05 0.000416507 0.000203852 -0.000346003
internal_weight=99284 5793 4385 93491 1408 831 2616 1731 1094 1769 634 460 1182 496 637 885 655 1085 581 92309 504 618 68173 684 57736 418 48598 16727 14373 6862
internal_count=99284 5793 4385 93491 1408 831 2616 1731 1094 1769 634 460 1182 496 637 885 655 1085 581 92309 504 618 68173 684 57736 418 48598 16727 14373 6862
is_linear=0
shrinkage=0.03


Tree=160
num_leaves=31
num_cat=0
split_feature=23 1 16 23 32 3 1 2 23 29 25 8 25 12 27 19 25 14 10 6 16 23 16 25 19 24 33 3 28 11
split_gain=930.561 154.103 46.3465 28.192 22.3685 33.6707 17.4284 14.5536 14.5079 11.7559 9.97107 9.52797 9.23271 8.22682 8.4303 8.24963 7.14778 6.07545 6.03867 5.01616 5.15285 4.94663 4.42178 4.40808 6.17759 5.47955 4.93673 4.33212 4.0634 3.64328
threshold=0.95802549872652831 15.275000000000002 13.997500000000002 0.92986604680737783 -0.96359376111369355 10.321794376825713 21.875000000000004 1.1753829650923688 0.96853676129614419 8.0275000000000016 7.432500000000001 13.500000000000002 5.4525000000000015 10.507500000000002 5.7093750000000005 8.177500000000002 5.642500000000001 0.63388353294065891 11.500000000000002 2.5000000000000004 3.2075000000000005 0.71491431506816239 12.717500000000003 3.9725000000000006 3.5875000000000004 0.57500000000000018 -0.55191596924288666 0.58648263529075029 1.8223508157744417 11.372500000000002
decision_type=2 2 8 2 2 2 2 2 2 2 8 2 10 10 2 10 8 2 2 2 8 2 10 8 10 10 2 2 2 10
left_child=3 2 4 19 7 11 9 22 -4 -3 -11 -6 -10 14 28 -16 -7 -9 -14 20 23 -21 -2 24 -1 -26 -25 -22 -5 -18
right_child=1 6 8 13 5 16 -8 17 12 10 -12 -13 18 -15 15 -17 29 -19 -20 21 27 -23 -24 26 25 -27 -28 -29 -30 -31
leaf_value=-0.0017035882496771598 4.185526268177079e-06 5.7866677222670725e-06 4.1920112180682256e-06 4.8988765008635921e-06 4.2056437941439764e-06 4.207142316696957e-06 -1.288468050435254e-05 4.2060380952047006e-06 4.2057142108253844e-06 4.045403622527921e-06 4.0874246914299911e-06 4.205579323703912e-06 4.2057142108253844e-06 3.9857996063662508e-06 4.2364642351539364e-06 4.8523294953017877e-06 4.2056933504552862e-06 4.2060297080703798e-06 4.2057142108253844e-06 0.0010242056205646446 0.0059271913151931893 -5.9936668106304204e-05 4.2063818746396193e-06 0.0057037410972736475 0.012787056658691355 -0.00038065175645200924 -0.0001576314256949629 -1.951237653621535e-05 -4.3428505591090043e-05 4.2057142121460383e-06
leaf_weight=11805 209 300 214 450 399 231 578 264 266 306 213 203 829 744 286 222 338 268 517 9728 206 1934 219 550 200 358 3070 63803 231 505
leaf_count=11805 209 300 214 450 399 231 578 264 266 306 213 203 829 744 286 222 338 268 517 9728 206 1934 219 550 200 358 3070 63803 231 505
internal_value=0.000655015 0.0122481 0.0149684 -7.1385e-05 0.0123749 0.0144807 0.00353709 0.00864249 0.0186685 0.00633859 0.00905153 0.00868863 0.0196623 0.00350929 0.00505276 0.00796491 0.0176719 0.0119441 0.0207269 -0.000147089 -0.000231834 0.000434044 0.00444804 -0.000713598 -0.000983102 0.00208881 0.000206896 -0.000111492 0.00283819 0.0190224
internal_weight=99446 5859 4462 93587 2636 1676 1397 960 1826 819 519 602 1612 1933 1189 508 1074 532 1346 91654 79992 11662 428 15983 12363 558 3620 64009 681 843
internal_count=99446 5859 4462 93587 2636 1676 1397 960 1826 819 519 602 1612 1933 1189 508 1074 532 1346 91654 79992 11662 428 15983 12363 558 3620 64009 681 843
is_linear=0
shrinkage=0.03


Tree=161
num_leaves=31
num_cat=0
split_feature=22 2 16 22 1 31 14 0 27 17 26 11 31 29 16 27 31 34 7 5 33 28 14 28 34 28 33 35 34 21
split_gain=908.846 148.349 53.4921 19.3322 19.0444 32.994 17.2367 22.2208 16.747 16.7239 12.5998 9.5994 9.00166 7.83327 6.68102 6.43267 6.03682 5.14112 4.53233 6.6273 4.08625 5.15886 4.23095 4.05759 7.14618 4.29765 3.97393 11.2477 9.65768 7.31094
threshold=11.625333333333336 1.1474195251904404 13.997500000000002 11.178125000000001 21.875000000000004 1.3812249728329637 0.69816425956455153 10.622500000000002 5.920625000000002 13.587500000000002 5.1225000000000014 9.6725000000000012 1.5295045402171272 8.6625000000000014 15.752500000000003 5.4779166666666672 1.4147461198532298 957.32500000000016 17.500000000000004 0.28037802318871974 -0.66259481767468253 2.0244639204532375 0.13175102782643081 1.2127757415303815 949.22500000000014 0.47913550605562411 0.40673664307580004 85.750000000000014 950.02500000000009 1.1203014843203021
decision_type=2 2 8 2 2 2 2 2 2 2 2 10 2 2 8 2 2 2 2 2 2 2 2 2 2 2 2 2 2 2
left_child=3 4 6 18 5 -2 7 15 -4 10 -9 17 16 -7 -10 -3 -8 -5 19 -1 21 -20 -22 24 -21 -26 -24 28 29 -28
right_child=1 2 8 11 -6 13 12 9 14 -11 -12 -13 -14 -15 -16 -17 -18 -19 20 23 22 -23 26 -25 25 -27 27 -29 -30 -31
leaf_value=-0.0010864570669581279 3.982921922250915e-06 4.0511274101621248e-06 4.0795723901983758e-06 4.2817039965263527e-06 1.9370885260914239e-05 5.7467603949470691e-06 4.0798488168281021e-06 4.0795153493911049e-06 4.079542784501955e-06 4.0795427621098665e-06 4.0794764591570635e-06 3.2156294351699579e-06 4.0799270782524267e-06 3.6871767967821029e-06 4.079542784501955e-06 4.0794745017891376e-06 4.079605461897434e-06 4.5448825245608027e-06 0.0012544321995537533 -0.00042743458880169168 -0.00018727883830193747 0.0060396659011040521 -1.6487992164127924e-05 -2.3583237730941952e-05 0.0028419073055837908 0.00023884654548773386 -0.00056633651619025782 0.011444222248778016 -9.745989763312201e-05 0.002769811234103671
leaf_weight=19437 267 227 368 361 653 479 218 204 1005 800 229 854 275 289 418 419 343 296 3773 1576 5070 204 40712 8097 315 2871 969 292 5722 2336
leaf_count=19437 267 227 368 361 653 479 218 204 1005 800 229 854 275 289 418 419 343 296 3773 1576 5070 204 40712 8097 315 2871 969 292 5722 2336
internal_value=0.000665223 0.0117871 0.0146269 -7.70273e-05 0.00418547 0.00670673 0.0119283 0.0135366 0.0186732 0.0159136 0.0109384 0.00328298 0.00825446 0.00350065 0.0201828 0.00891244 0.0059841 0.00599547 -0.000132766 -0.000418502 2.34578e-05 0.000951531 -4.36076e-05 0.000109841 0.000804279 0.00162081 4.01104e-05 0.000598777 0.000409543 0.0016994
internal_weight=99079 6194 4506 92885 1688 1035 2715 1879 1791 1233 433 1511 836 768 1423 646 561 657 91374 32296 59078 3977 55101 12859 4762 3186 50031 9319 9027 3305
internal_count=99079 6194 4506 92885 1688 1035 2715 1879 1791 1233 433 1511 836 768 1423 646 561 657 91374 32296 59078 3977 55101 12859 4762 3186 50031 9319 9027 3305
is_linear=0
shrinkage=0.03


Tree=162
num_leaves=31
num_cat=0
split_feature=23 1 16 23 32 0 1 25 9 16 25 15 32 25 8 22 8 25 10 8 14 23 9 10 10 28 28 18 32 10
split_gain=938.61 146.405 44.6303 27.3836 20.1135 35.2124 14.9052 14.6437 12.6063 11.4841 10.9086 9.80514 7.27262 9.58528 6.6958 5.5091 5.23931 4.94633 4.90022 4.65161 4.58429 4.58335 4.50687 7.015 4.44889 6.24185 4.35459 4.83407 4.55766 4.96539
threshold=0.95802549872652831 15.275000000000002 13.997500000000002 0.92986604680737783 -0.96359376111369355 10.622500000000002 21.875000000000004 6.3625000000000016 4.5000000000000009 12.892500000000002 7.432500000000001 -0.43999999999999978 0.90255091666790865 6.8625000000000016 13.500000000000002 2.0255416666666668 14.500000000000002 5.642500000000001 11.500000000000002 10.500000000000002 1.2882384613623898 0.97930537588274169 3.5000000000000004 7.5000000000000009 6.5000000000000009 1.3676424360231121 2.9064466776774478 5.1775000000000011 -0.95878322595067689 2.5000000000000004
decision_type=2 2 8 2 2 2 2 10 2 10 8 10 2 8 2 2 2 8 2 2 2 2 2 2 2 2 2 10 2 2
left_child=3 2 4 15 9 14 10 8 19 11 21 -2 22 16 -6 -1 -14 -7 -9 -4 26 -3 -5 -24 25 -22 28 -28 -17 -30
right_child=1 6 7 12 5 17 -8 18 -10 -11 -12 -13 13 -15 -16 20 -18 -19 -20 -21 24 -23 23 -25 -26 -27 27 -29 29 -31
leaf_value=-0.0019511133342648712 3.9395430115752425e-06 5.640351812100655e-06 3.9571565009677285e-06 1.2811610363200645e-06 3.9570902667362959e-06 3.9580766970537247e-06 2.9877625002778598e-06 3.9571565009677285e-06 3.9571564973939212e-06 3.957538416634605e-06 3.8629812078934963e-06 3.9574752737292498e-06 3.7532303476791163e-06 3.5579726379039462e-06 3.9570836540525618e-06 -0.00032886418774916035 6.0101424497112353e-06 3.9571564703089204e-06 3.9571565009677285e-06 3.9575066397091502e-06 0.0026482757312165208 3.6920892797942301e-06 6.1253870373526826e-06 1.3766051734451778e-05 -2.1419910165533415e-05 -0.00013960972481417863 0.0054770791854895267 7.9977930483257078e-05 -0.00013616894754021707 7.9725412882447605e-06
leaf_weight=4320 253 325 257 634 463 203 562 694 210 389 289 333 394 200 224 14460 208 781 426 213 2776 212 282 225 6288 1938 230 960 11372 49125
leaf_count=4320 253 325 257 634 463 203 562 694 210 389 289 333 394 200 224 14460 208 781 426 213 2776 212 282 225 6288 1938 230 960 11372 49125
internal_value=0.000670239 0.0123391 0.0149926 -5.91548e-05 0.012464 0.0144791 0.00381622 0.0186648 0.0149343 0.00895408 0.00636823 0.0062132 0.00346047 0.00564312 0.0091604 -0.000134104 0.00369687 0.0181274 0.0208533 0.0176842 -8.22345e-05 0.00378044 0.00190838 0.00400195 0.000490051 0.00118627 -0.000164947 0.0016318 -0.000193579 -7.91882e-05
internal_weight=99246 5834 4446 93412 2646 1671 1388 1800 680 975 826 586 1943 802 687 91469 602 984 1120 470 87149 537 1141 507 11002 4714 76147 1190 74957 60497
internal_count=99246 5834 4446 93412 2646 1671 1388 1800 680 975 826 586 1943 802 687 91469 602 984 1120 470 87149 537 1141 507 11002 4714 76147 1190 74957 60497
is_linear=0
shrinkage=0.03


Tree=163
num_leaves=31
num_cat=0
split_feature=22 1 16 1 14 0 27 22 10 29 26 32 32 34 9 19 8 19 7 24 24 26 25 1 34 26 20 24 10 19
split_gain=920.984 147.77 53.2366 24.9383 21.5702 23.1621 18.5066 16.3492 14.616 17.8093 14.4889 13.0137 11.0957 9.08809 9.56601 8.54109 8.2072 6.25671 5.84201 5.29997 5.10075 5.09527 4.7442 4.68493 4.06441 3.90005 3.80704 6.88645 4.80673 4.43297
threshold=11.625333333333336 13.575000000000003 13.997500000000002 21.875000000000004 0.69816425956455153 10.622500000000002 7.156458333333334 11.068875 11.500000000000002 7.6275000000000013 6.3625000000000016 -0.95878322595067689 -0.95878322595067689 954.32500000000016 3.5000000000000004 8.7225000000000019 12.500000000000002 9.802500000000002 18.500000000000004 2.5750000000000006 8.6750000000000025 4.1175000000000006 6.1625000000000005 8.0250000000000021 959.12500000000011 3.3825000000000003 8.5727500000000028 8.0250000000000021 1.5000000000000002 5.1175000000000006
decision_type=2 2 8 2 2 2 2 2 2 2 2 2 2 2 2 10 2 10 2 8 8 2 10 2 2 2 2 10 2 10
left_child=7 2 4 6 5 16 25 18 9 -4 -8 17 23 -9 15 -15 24 -7 19 -1 -16 -10 -5 -6 -2 -3 27 28 -20 -30
right_child=1 3 8 22 12 11 10 13 21 -11 -12 -13 -14 14 20 -17 -18 -19 26 -21 -22 -23 -24 -25 -26 -27 -28 -29 29 -31
leaf_value=-0.0018094161861858719 3.8383111249407075e-06 1.1422705250814235e-05 3.8384418059367315e-06 -9.1561920754857517e-05 3.8387537698378315e-06 3.8384143653342306e-06 3.838391775663474e-06 1.8664191181705369e-06 3.8384418059400629e-06 3.8384418059400629e-06 3.8383967416982155e-06 3.8384374011257886e-06 3.8388145717952293e-06 -1.8164027659351875e-06 3.9539763081519736e-06 6.0254293888435502e-06 3.8383894991793047e-06 3.8394736090486702e-06 -0.0011641591425777266 -5.4651503955357529e-05 1.1671712524607969e-05 3.8384418059400629e-06 3.4140172297166526e-05 3.7853030030154943e-06 3.8395058327718963e-06 3.6336749183341065e-06 -2.0717219775183968e-05 0.0018577013859800472 0.00011221509802171181 0.00058889902409395506
leaf_weight=5568 202 209 392 329 290 277 378 824 221 763 237 653 275 455 227 245 217 204 4329 28310 234 393 306 218 215 412 9670 610 36636 5712
leaf_count=5568 202 209 392 329 290 277 378 824 221 763 237 653 275 455 227 245 217 204 4329 28310 234 393 306 218 215 412 9670 610 36636 5712
internal_value=0.000673194 0.0118717 0.0149202 0.00481183 0.0120998 0.0139459 0.00728606 -7.43341e-05 0.0189419 0.0167716 0.0109597 0.0165303 0.00786929 0.00261558 0.0043199 0.00208511 0.00923005 0.0125247 -0.000133257 -0.00044518 0.00765451 0.0228562 -2.34382e-05 0.00515789 0.0066327 0.00358946 5.22973e-05 0.000163219 0.000121652 0.000219016
internal_weight=99011 6191 4320 1871 2551 1768 1236 92820 1769 1155 615 1134 783 1985 1161 700 634 481 90835 33878 461 614 635 508 417 621 56957 47287 46677 42348
internal_count=99011 6191 4320 1871 2551 1768 1236 92820 1769 1155 615 1134 783 1985 1161 700 634 481 90835 33878 461 614 635 508 417 621 56957 47287 46677 42348
is_linear=0
shrinkage=0.03


Tree=164
num_leaves=31
num_cat=0
split_feature=23 1 16 23 32 0 1 31 23 1 31 32 19 25 9 24 1 16 1 35 22 27 19 32 1 17 8 35 31 32
split_gain=886.853 131.755 50.569 24.0238 19.9245 36.7061 18.4546 29.1187 16.9922 13.5377 9.758 10.1899 8.58885 7.54375 6.161 7.26327 5.88694 5.37928 5.24412 7.07599 7.67206 7.99739 6.99993 8.03032 7.68885 9.2543 7.18778 6.77621 8.23827 5.89753
threshold=0.95802549872652831 14.675000000000002 13.997500000000002 0.92986604680737783 -0.96359376111369355 10.622500000000002 21.875000000000004 1.3812249728329637 0.9808168523507349 8.0250000000000021 1.9102946203946392 0.95878322595067733 9.9025000000000016 6.3125000000000009 3.5000000000000004 8.2250000000000014 8.8250000000000028 12.892500000000002 -1.6249999999999998 54.750000000000007 8.8396250000000034 2.0220833333333341 5.1175000000000006 -0.49240481012316845 19.325000000000006 7.3175000000000017 12.500000000000002 15.750000000000002 1.280260016236092 0.82409480842201688
decision_type=2 2 8 2 2 2 2 2 2 2 2 2 10 10 2 10 2 10 2 2 2 2 10 2 2 2 2 2 2 2
left_child=3 2 4 18 9 10 7 -3 13 17 11 -6 14 -4 -5 -16 -10 -2 -1 22 21 -21 23 -20 -25 26 29 -27 -29 -26
right_child=1 6 8 12 5 -7 -8 -9 16 -11 -12 -13 -14 -15 15 -17 -18 -19 19 20 -22 -23 -24 24 25 27 -28 28 -30 -31
leaf_value=-0.00013713555172135502 3.7236576943677767e-06 3.6308510559238214e-06 3.7119254251150523e-06 2.1404349442666337e-06 3.6835597253459529e-06 3.723288663102231e-06 -4.4355069833790224e-06 3.9230443114969287e-06 3.7232885517612947e-06 3.7232398412923028e-06 5.726889063249369e-06 3.7232661880945265e-06 4.5798660085627495e-06 3.7236356190695206e-06 3.6059401757674277e-06 1.4107503613466355e-05 3.7232885517579637e-06 3.7235948798208795e-06 -0.0014505512751366899 -0.00030932603504685963 -3.4043617370513882e-05 0.0006151410875842744 4.9642929174098296e-05 -0.00017450773411196944 0.0046823854584857614 -0.00075863274268556991 -0.0014082593382600413 0.0020184848537462673 2.0318982526480454e-05 -2.4505548612527501e-05
leaf_weight=13479 331 239 288 950 214 930 554 677 878 419 212 277 277 324 508 201 261 213 16878 9099 4524 21123 9772 7170 1381 226 4230 1214 656 1558
leaf_count=13479 331 239 288 950 214 930 554 677 878 419 212 277 277 324 508 201 261 213 16878 9099 4524 21123 9772 7170 1381 226 4230 1214 656 1558
internal_value=0.000673991 0.0120335 0.0146574 -3.52604e-05 0.0119539 0.0139872 0.00425085 0.00685342 0.0186202 0.00845145 0.0087161 0.00628427 0.00326739 0.0143339 0.0024357 0.00454202 0.0208505 0.0115628 -0.00010546 -1.08312e-05 0.000307674 0.000480166 -0.000267696 -0.000474789 -2.73794e-06 0.00056796 5.47804e-05 0.0023189 0.002912 0.00119327
internal_weight=99063 5817 4347 93246 2596 1633 1470 916 1751 963 703 491 1936 612 1659 709 1139 544 91310 77831 34746 30222 43085 33313 16435 9265 7169 2096 1870 2939
internal_count=99063 5817 4347 93246 2596 1633 1470 916 1751 963 703 491 1936 612 1659 709 1139 544 91310 77831 34746 30222 43085 33313 16435 9265 7169 2096 1870 2939
is_linear=0
shrinkage=0.03


Tree=165
num_leaves=31
num_cat=0
split_feature=22 2 16 2 31 25 22 22 15 4 17 10 31 8 24 12 26 22 12 35 17 2 22 21 25 8 25 24 31 31
split_gain=913.454 155.38 54.7144 17.798 31.5161 17.1006 16.3646 14.4094 13.6392 17.0844 16.9697 8.71339 8.44882 8.35718 7.13893 6.98837 6.92215 5.93228 5.71473 4.57078 6.72989 6.63858 6.11238 6.10158 5.9886 5.7953 6.1664 5.24622 6.38603 6.08831
threshold=11.625333333333336 1.1474195251904404 13.997500000000002 1.1198060051589478 1.3812249728329637 5.5475000000000012 11.178125000000001 12.654666666666669 -0.48500000000000015 0.91501037992003975 13.587500000000002 11.500000000000002 1.4981258517259308 9.5000000000000018 9.8250000000000028 10.867500000000001 4.0725000000000007 2.0255416666666668 12.662500000000001 43.750000000000007 2.5375000000000005 1.2221243581812249 8.7359166666666699 3.5950530229219599 4.8275000000000015 17.500000000000004 3.6725000000000008 3.9750000000000005 1.2300199600798405 1.7233553997606079
decision_type=2 2 8 2 2 8 2 2 10 2 2 2 2 2 8 10 2 2 10 2 2 2 2 2 8 2 8 8 2 2
left_child=6 3 5 -2 -5 14 17 16 -7 13 -11 12 -9 -10 -3 -8 -4 -1 -6 -19 23 22 27 25 -23 -21 -27 28 -22 -29
right_child=1 2 7 4 18 8 15 11 9 10 -12 -13 -14 -15 -16 -17 -18 19 -20 20 21 24 -24 -25 -26 26 -28 29 -30 -31
leaf_value=-0.0019070473073851586 1.8138768732141109e-05 3.6082493465794397e-06 3.6115406529053344e-06 3.5234673944173343e-06 5.1689371440000185e-06 3.611949899189668e-06 3.7913566210991947e-06 3.6115898952071565e-06 3.6114939711484606e-06 3.6116480419291837e-06 3.6115900124000787e-06 3.6115898952071565e-06 3.6115898952038259e-06 3.6115673650113904e-06 3.6120868086608747e-06 1.5827456346773071e-06 3.6122498693622411e-06 -0.00011088936428693535 3.6920371863924384e-06 0.0004206223428694081 0.0017544033887660498 -0.001036497640513463 -2.4976648705962167e-05 0.0024945656604741604 1.3684278505063929e-05 0.0016491618575781833 0.0083438816963215395 4.2634306614348019e-05 -0.00077545238870111073 0.00073125380953086179
leaf_weight=4304 670 291 230 274 358 440 1009 565 205 339 772 453 376 257 372 508 204 27961 379 5057 1845 6312 7765 362 2455 932 355 11692 11544 10962
leaf_count=4304 670 291 230 274 358 440 1009 565 205 339 772 453 376 257 372 508 204 27961 379 5057 1845 6312 7765 362 2455 932 355 11692 11544 10962
internal_value=0.000658982 0.0118183 0.0147212 0.00401957 0.00652264 0.0119441 -8.32624e-05 0.018743 0.0133305 0.0146521 0.0166909 0.0202773 0.0183584 0.00962313 0.00766617 0.00300197 0.0136401 -0.000134549 0.00324663 -8.08746e-05 6.82616e-05 -4.59307e-05 0.0001049 0.000962896 -0.000799248 0.000744683 0.00253792 0.00026939 -0.00020136 0.000547596
internal_weight=99248 6185 4504 1681 1011 2676 93063 1828 2013 1573 1111 1394 941 462 663 1517 434 91546 737 87242 59281 52575 43808 6706 8767 6344 1287 36043 13389 22654
internal_count=99248 6185 4504 1681 1011 2676 93063 1828 2013 1573 1111 1394 941 462 663 1517 434 91546 737 87242 59281 52575 43808 6706 8767 6344 1287 36043 13389 22654
is_linear=0
shrinkage=0.03


Tree=166
num_leaves=31
num_cat=0
split_feature=23 1 16 23 32 0 1 31 1 20 19 31 8 21 9 34 1 19 32 12 24 35 1 32 35 32 29 8 31 21
split_gain=917.803 148.357 48.611 28.3288 20.0228 35.9836 14.8466 25.5363 13.5231 13.0106 10.0538 9.7171 10.494 8.42867 8.04509 13.2103 7.62259 5.96076 10.0609 5.36973 4.83115 6.15917 7.89166 5.73728 5.23004 6.72636 7.86229 6.3735 5.21542 4.95183
threshold=0.95802549872652831 15.275000000000002 13.997500000000002 0.92986604680737783 -0.96359376111369355 10.622500000000002 21.875000000000004 1.3949988541162692 8.8250000000000028 13.143125000000003 9.9025000000000016 1.9102946203946392 9.5000000000000018 1.8398700701359241 3.5000000000000004 955.82500000000016 8.8250000000000028 9.2125000000000021 -0.88697705852364728 12.462500000000002 7.075000000000002 40.250000000000007 -2.7749999999999995 -0.92384435400961384 66.750000000000014 0.97233289553061597 2.3025000000000007 13.500000000000002 1.0989228449650617 3.0386629448835301
decision_type=2 2 8 2 2 2 2 2 2 2 10 2 2 2 2 2 2 10 2 10 10 2 2 2 2 2 2 2 2 2
left_child=3 2 4 20 8 11 7 -3 13 -4 14 12 -6 -2 -5 -16 -11 18 -7 -9 21 23 24 29 25 28 -27 -28 -23 -1
right_child=1 6 9 10 5 17 -8 19 -10 16 -12 -13 -14 -15 15 -17 -18 -19 -20 -21 -22 22 -24 -25 -26 26 27 -29 -30 -31
leaf_value=-0.0015702372185515024 3.5036183698500253e-06 3.417423580203274e-06 3.5035803309113598e-06 1.9266727724993382e-06 3.4977763893521002e-06 3.5033168086107124e-06 -4.8466048358419831e-06 -2.9148966019261684e-05 3.5031951267827653e-06 3.5032421983494097e-06 4.9135305947506138e-06 3.4449858249707699e-06 3.5038126678210711e-06 3.5035309712183602e-06 8.2277888728912876e-06 5.5028141294351115e-06 3.5032421983460792e-06 3.5032423120284759e-06 3.5032357813558066e-06 3.0016168760615522e-06 2.3537094942149732e-05 0.0025339520206392597 3.4465777748660108e-05 -6.766538533279132e-05 -0.0010329480944251371 -0.003230471964840837 0.00016606981244884895 0.0025918067652030904 -0.0022903034705323709 0.00057719100153105329
leaf_weight=7537 342 207 584 911 237 386 569 275 412 919 286 215 255 206 370 343 284 295 315 340 6180 266 53332 14524 7140 263 496 237 1166 478
leaf_count=7537 342 207 584 911 237 386 569 275 412 919 286 215 255 206 370 343 284 295 315 340 6180 266 53332 14524 7140 263 496 237 1166 478
internal_value=0.00066566 0.0121976 0.0148687 -5.51357e-05 0.012253 0.0142219 0.00362966 0.00619589 0.00870466 0.0187215 0.00355614 0.00894522 0.00650704 0.011783 0.00262615 0.00500139 0.0205803 0.0179041 0.0161006 0.00307258 -0.000130611 -0.000189212 -3.67228e-05 -0.000614665 -0.000829835 0.000372379 0.00225974 0.00384959 -0.000943633 -0.00125873
internal_weight=99370 5841 4450 93529 2663 1703 1391 822 960 1787 1910 707 492 548 1624 713 1203 996 701 615 91619 85439 62900 22539 9568 2428 996 733 1432 8015
internal_count=99370 5841 4450 93529 2663 1703 1391 822 960 1787 1910 707 492 548 1624 713 1203 996 701 615 91619 85439 62900 22539 9568 2428 996 733 1432 8015
is_linear=0
shrinkage=0.03


Tree=167
num_leaves=31
num_cat=0
split_feature=23 1 16 23 32 0 23 1 31 1 10 31 26 21 8 12 30 26 35 19 32 27 24 16 10 34 16 17 19 12
split_gain=899.973 142.568 51.0256 23.6612 20.6871 35.1387 16.1763 14.5347 21.0566 11.6089 10.9763 16.8868 10.1074 8.5564 7.50496 7.00855 11.746 6.04839 6.45224 5.549 7.51907 5.24044 4.2754 4.23862 4.1533 4.35525 5.62625 4.55928 4.14506 3.88594
threshold=0.95802549872652831 15.275000000000002 13.997500000000002 0.92986604680737783 -0.96359376111369355 10.622500000000002 0.9808168523507349 21.875000000000004 1.4011430809716037 8.0250000000000021 10.500000000000002 1.477577338016965 3.6125000000000007 1.9381998732983103 13.500000000000002 10.507500000000002 14.025000000000002 3.0475000000000003 54.250000000000007 8.8675000000000015 -0.90992662233962551 1.7170833333333337 2.1250000000000004 12.717500000000003 2.5000000000000004 959.42500000000018 5.0525000000000011 2.9325000000000006 0.64250000000000018 12.662500000000001
decision_type=2 2 8 2 2 2 2 2 2 2 2 2 2 2 2 10 2 2 2 10 2 2 8 10 2 2 10 2 10 10
left_child=3 2 4 21 9 14 12 8 -3 13 11 -8 -4 -2 -6 16 17 -5 -19 20 -7 22 -1 -11 -24 28 27 -27 -26 -10
right_child=1 7 6 15 5 19 10 -9 29 23 -12 -13 -14 -15 -16 -17 -18 18 -20 -21 -22 -23 24 -25 25 26 -28 -29 -30 -31
leaf_value=-0.0019337662443547749 3.3984895862257202e-06 3.3065910720597722e-06 3.3981253122672415e-06 -2.9697835582176424e-06 3.3982162872947529e-06 3.3981351570722126e-06 3.3981449323994273e-06 -4.7012066907681228e-06 5.9308581396022575e-06 3.3816566935418458e-06 3.3981449323994273e-06 3.3981449288988939e-06 3.3988166783836226e-06 3.3984436749129484e-06 3.3980041277148485e-06 2.7279669998312271e-06 5.3131624086444339e-06 4.177657202761864e-06 4.0671871013486789e-06 3.3983946054246661e-06 3.3981393072223382e-06 -5.3322231266883513e-06 -0.0018610945361886169 3.3988424712806728e-06 -0.0020184295113952026 0.0026201165965009147 0.010448840974199682 -0.0017625988880644718 0.001304204001934 2.7669083605230682e-06
leaf_weight=4960 328 204 250 210 470 320 433 573 290 210 507 221 434 201 222 739 213 300 478 320 317 81599 1072 219 1665 358 233 482 1219 301
leaf_count=4960 328 204 250 210 470 320 433 573 290 210 507 221 434 201 222 739 213 300 478 320 317 81599 1072 219 1665 358 233 482 1219 301
internal_value=0.000677342 0.0121185 0.0147193 -3.52182e-05 0.0119713 0.0140224 0.0185595 0.00363146 0.00624375 0.00838629 0.0207864 0.0178725 0.014656 0.0113539 0.00877188 0.00323907 0.00464925 0.00323867 0.00445211 0.0177536 0.0158084 -0.000104747 -0.000753153 0.00463825 -0.000136473 0.00031272 0.0019397 0.000781064 -0.000294912 0.00331711
internal_weight=99348 5820 4452 93528 2607 1649 1845 1368 795 958 1161 654 684 529 692 1940 1201 988 778 957 637 91588 9989 429 5029 3957 1073 840 2884 591
internal_count=99348 5820 4452 93528 2607 1649 1845 1368 795 958 1161 654 684 529 692 1940 1201 988 778 957 637 91588 9989 429 5029 3957 1073 840 2884 591
is_linear=0
shrinkage=0.03


Tree=168
num_leaves=31
num_cat=0
split_feature=23 1 16 23 32 3 1 31 23 31 1 10 31 17 26 32 12 30 26 31 30 16 35 32 26 1 19 9 8 17
split_gain=920.771 146.295 53.4036 22.6021 19.448 32.0653 17.5965 24.1711 14.3791 14.1856 10.8735 9.08733 9.34538 8.05227 7.08112 6.77616 5.53457 5.26729 4.9786 5.44335 5.0962 5.34496 4.71995 7.67024 7.57541 7.25046 7.49128 5.13721 7.2637 4.96714
threshold=0.95802549872652831 15.275000000000002 13.997500000000002 0.92986604680737783 -0.96359376111369355 10.321794376825713 21.875000000000004 1.3877854262061438 0.9808168523507349 1.8631314990851078 8.8250000000000028 11.500000000000002 1.4981258517259308 13.587500000000002 3.6125000000000007 0.90255091666790865 12.917500000000002 11.925000000000002 1.8875000000000004 2.4544641405106522 3.8250000000000006 7.472500000000001 26.750000000000004 0.77159520228797462 3.4825000000000008 26.425000000000004 10.537500000000001 4.5000000000000009 13.500000000000002 2.3075000000000006
decision_type=2 2 8 2 2 2 2 2 2 2 2 2 2 2 2 2 10 2 2 2 2 8 2 2 2 2 8 2 2 2
left_child=3 2 4 18 10 9 7 -3 14 -6 13 12 -10 -2 -4 -5 -9 -17 -1 22 -21 -22 23 -20 -25 26 -26 28 -27 -24
right_child=1 6 8 15 5 -7 -8 16 11 -11 -12 -13 -14 -15 -16 17 -18 -19 19 20 21 -23 29 24 25 27 -28 -29 -30 -31
leaf_value=-0.00052710712863406495 3.2961370322692749e-06 3.2152327243299929e-06 3.2961710871920716e-06 3.7360334672732815e-06 3.2961731445808849e-06 3.2961946305198251e-06 -1.1179796049855158e-05 5.5569712279446292e-06 3.2962005844261455e-06 3.7272794962446248e-06 3.2961339988424318e-06 3.2962005844261455e-06 3.2962005844228146e-06 3.2969729803831869e-06 3.2967705902453568e-06 3.3783571842560532e-06 3.0537458288551432e-06 3.6333512441525777e-06 -0.0012637860680724295 -0.0030792430642006571 0.0013842286418451282 -0.0015140038957114361 0.0018618556978409195 -0.00013921002197431155 0.00019922017028536532 0.0019809641191698424 0.0057555814055270582 -0.0026803535408774946 -0.00039027929563292411 1.4607174801415378e-05
leaf_weight=25871 282 203 235 1151 377 1081 571 319 491 229 419 367 299 271 428 597 318 211 5676 2868 1137 1625 5187 1669 321 442 300 370 533 45559
leaf_count=25871 282 203 235 1151 377 1081 571 319 491 229 419 367 299 271 428 597 318 211 5676 2868 1137 1625 5187 1669 321 442 300 370 533 45559
internal_value=0.000688739 0.0121883 0.0148401 -3.61526e-05 0.0120845 0.0140479 0.00374788 0.00649704 0.0188219 0.00841571 0.00862231 0.02092 0.0187925 0.0113817 0.0150314 0.00314817 0.00356542 0.00524723 -0.000104453 3.4387e-05 -0.000857144 6.28833e-05 0.000118027 -0.000502684 0.000572801 0.00183257 0.0045 0.000588888 0.00172959 0.000231955
internal_weight=99407 5890 4479 93517 2659 1687 1411 840 1820 606 972 1157 790 553 663 1959 637 808 91558 65687 5630 2762 60057 9311 3635 1966 621 1345 975 50746
internal_count=99407 5890 4479 93517 2659 1687 1411 840 1820 606 972 1157 790 553 663 1959 637 808 91558 65687 5630 2762 60057 9311 3635 1966 621 1345 975 50746
is_linear=0
shrinkage=0.03


Tree=169
num_leaves=31
num_cat=0
split_feature=23 1 20 23 1 25 1 31 16 14 23 30 12 27 35 8 34 9 29 23 6 12 14 34 18 24 10 28 34 10
split_gain=912.327 143.954 46.6521 25.1884 20.9254 14.436 13.153 23.2018 9.6491 8.51984 7.02758 15.4091 6.26452 7.52854 6.11814 6.03841 10.4995 6.78797 5.25519 4.82978 4.808 5.62604 4.86933 4.74488 4.67147 4.45041 4.42021 3.8445 3.62867 3.60247
threshold=0.95802549872652831 15.275000000000002 13.143125000000003 0.92986604680737783 8.8250000000000028 5.392500000000001 21.875000000000004 1.3949988541162692 15.287500000000001 0.63388353294065891 0.96853676129614419 13.725000000000003 10.507500000000002 5.2635416666666677 58.750000000000007 6.5000000000000009 956.52500000000009 3.5000000000000004 8.1425000000000018 0.94471827380329176 1.5000000000000002 5.4475000000000007 0.27610384519842268 960.52500000000009 0.87750000000000017 10.475000000000001 9.5000000000000018 1.2459597201029986 958.02500000000009 5.5000000000000009
decision_type=2 2 2 2 2 8 2 2 8 2 2 2 10 2 2 2 2 2 2 2 2 10 2 2 10 8 2 2 2 2
left_child=3 2 5 20 8 28 7 -3 23 -6 15 -12 13 -5 19 -7 -17 -18 -9 -15 21 22 -1 26 -22 -13 -4 29 -2 -23
right_child=1 6 4 12 9 10 -8 18 -10 -11 11 25 -14 14 -16 16 17 -19 -20 -21 24 27 -24 -25 -26 -27 -28 -29 -30 -31
leaf_value=-0.0023664877905656555 3.2015609682256583e-06 3.1193027905195108e-06 3.1973145668884317e-06 3.6628593319998348e-06 3.1973145668917622e-06 3.1679718930943679e-06 1.7886651033988121e-05 4.7366868464548963e-06 3.1973145668917622e-06 3.1973516762014733e-06 3.1975855452182068e-06 3.1972958341031087e-06 3.4228115370963283e-06 2.6367488544665196e-06 3.660290925645085e-06 3.1786931725594212e-06 3.1965669751679312e-06 3.1969024715472472e-06 2.5922887348406308e-06 3.7869739904872191e-06 0.0019121402339102678 0.00049215501232946891 -0.00051474134877371128 3.1973145669883515e-06 -3.8515377123966326e-07 3.1983287878775179e-06 3.1973145668917622e-06 -3.5144673469020834e-05 3.1829507087301324e-06 3.8537894233137136e-07
leaf_weight=4840 343 206 321 455 250 201 561 296 483 386 616 201 749 231 304 231 211 202 318 209 1625 2435 14314 314 55541 278 208 8838 205 3613
leaf_count=4840 343 206 321 455 250 201 561 296 483 386 616 201 749 231 304 231 211 202 318 209 1625 2435 14314 314 55541 278 208 8838 205 3613
internal_value=0.000670825 0.0121773 0.0148013 -5.00442e-05 0.0182837 0.0120241 0.00369913 0.00610909 0.0204748 0.0135913 0.0132494 0.0149045 0.00332104 0.00466196 0.00651268 0.0110294 0.0124622 0.0153373 0.00313086 0.00876404 -0.000122223 -0.000404465 -0.000744403 0.0182441 4.58617e-05 0.0106674 0.0201742 3.30394e-05 0.00760579 0.000615562
internal_weight=98985 5831 4450 93154 1962 2488 1381 820 1326 636 1940 1095 1948 1199 744 845 644 413 614 440 91206 34040 19154 843 57166 479 529 14886 548 6048
internal_count=98985 5831 4450 93154 1962 2488 1381 820 1326 636 1940 1095 1948 1199 744 845 644 413 614 440 91206 34040 19154 843 57166 479 529 14886 548 6048
is_linear=0
shrinkage=0.03


Tree=170
num_leaves=31
num_cat=0
split_feature=22 2 22 2 1 31 22 32 16 2 16 8 9 9 32 19 29 34 35 24 26 35 9 1 2 19 8 32 24 10
split_gain=900.235 157.997 46.3603 29.7276 17.1809 18.1654 16.071 14.4137 11.1404 10.8063 9.98359 9.05164 19.9207 11.1247 8.51421 8.16133 5.77936 5.69028 5.41838 5.33377 4.82628 4.80434 4.65976 6.84177 4.89725 7.74817 4.33711 6.16103 5.45412 7.98216
threshold=11.625333333333336 1.1474195251904404 12.85191666666667 1.1714236925654091 23.525000000000002 1.2750705252476495 11.068875 -0.95368063612909426 15.287500000000001 1.170178931693068 13.997500000000002 6.5000000000000009 4.5000000000000009 3.5000000000000004 0.90255091666790865 9.9025000000000016 8.5175000000000018 958.62500000000011 51.250000000000007 3.6250000000000004 4.347500000000001 60.250000000000007 5.5000000000000009 10.125000000000002 1.1500157229196466 4.3225000000000007 3.5000000000000004 -0.82903757255504162 7.9250000000000016 9.5000000000000018
decision_type=2 2 2 2 2 2 2 2 8 2 10 2 2 2 2 10 2 2 2 8 2 2 2 2 2 10 2 2 10 2
left_child=6 4 9 7 5 -2 19 10 -5 21 -4 17 13 15 -8 -13 -7 -11 -18 22 -16 -3 -1 -24 25 -25 -21 28 -28 -30
right_child=1 2 3 8 -6 16 14 -9 -10 11 -12 12 -14 -15 20 -17 18 -19 -20 26 -22 -23 23 24 -26 -27 27 -29 29 -31
leaf_value=-0.0010147989630300022 3.0260068675724837e-06 3.1077652486871697e-06 3.1013937236701317e-06 3.1013951298852757e-06 -3.9589156488823503e-05 6.5412232250194877e-06 2.4814296839948955e-06 3.1013951298852757e-06 3.1013951298852757e-06 3.1012945569519613e-06 3.1013951298786147e-06 3.1038149343520781e-06 3.1013589866305717e-06 3.1013421000360553e-06 4.4533807673987253e-06 3.1017164626423454e-06 1.059335573652058e-05 3.1011497842193206e-06 2.9461353541350515e-06 0.00017442916083241887 2.4032789353656267e-06 3.0503228336664633e-06 -0.0013213438624298456 -4.8060358754176135e-06 0.0036003701548266666 0.0036480264549755875 -0.00042586113926408836 1.8756340174769807e-05 -5.7119827619900309e-06 0.00050162206853212709
leaf_weight=21725 201 212 243 1070 448 503 1189 230 494 225 218 421 343 318 500 295 204 225 313 10108 288 219 1594 1332 352 291 21532 32340 1256 544
leaf_count=21725 201 212 243 1070 448 503 1189 230 494 225 218 421 343 318 500 295 204 225 313 10108 288 219 1594 1332 352 291 21532 32340 1256 544
internal_value=0.000657117 0.0117382 0.0146527 0.0177146 0.00383692 0.00567455 -7.96624e-05 0.0123664 0.0200306 0.0115625 0.00913519 0.0125813 0.0138126 0.015898 0.00259283 0.0136227 0.00400976 0.0087033 0.00622414 -0.000137815 0.00500126 0.00714908 -0.000508005 0.000496082 0.00167424 0.00097113 4.55959e-06 -9.92518e-05 -0.000470755 0.00111357
internal_weight=99233 6182 4513 2255 1669 1221 93051 691 1564 2258 461 1827 1377 1034 1977 716 1020 450 517 91074 788 431 25294 3569 1975 1623 65780 55672 23332 1800
internal_count=99233 6182 4513 2255 1669 1221 93051 691 1564 2258 461 1827 1377 1034 1977 716 1020 450 517 91074 788 431 25294 3569 1975 1623 65780 55672 23332 1800
is_linear=0
shrinkage=0.03


Tree=171
num_leaves=31
num_cat=0
split_feature=23 2 16 32 3 23 2 31 2 23 31 10 26 21 31 12 19 26 32 12 35 24 10 19 2 25 9 10 16 7
split_gain=921.822 140.457 48.2719 19.7112 30.8705 19.4251 17.232 25.3657 14.1412 13.7356 11.043 9.49051 9.10386 8.21232 8.10878 7.88089 7.44124 9.11227 10.3322 5.90648 5.36071 5.88553 5.25238 4.94088 4.88482 5.91472 6.29914 7.83372 6.51281 4.70179
threshold=0.95802549872652831 1.1474195251904404 13.997500000000002 -0.96359376111369355 10.439077069198984 0.94471827380329176 1.1198060051589478 1.3640388349514565 1.1753829650923688 0.9808168523507349 1.8631314990851078 11.500000000000002 3.6125000000000007 1.9381998732983103 1.477577338016965 10.507500000000002 9.2775000000000016 5.0375000000000005 -0.88697705852364728 12.662500000000001 19.750000000000004 7.075000000000002 1.5000000000000002 10.812500000000002 1.2333019773299563 3.1825000000000006 4.5000000000000009 9.5000000000000018 9.2825000000000024 41.500000000000007
decision_type=2 2 8 2 2 2 2 2 2 2 2 2 2 2 2 10 10 2 2 10 2 10 2 8 2 10 2 2 10 2
left_child=5 6 3 8 10 20 -2 -8 -3 12 -5 14 -4 -10 -11 23 17 18 -6 -9 -1 22 -22 -7 25 26 27 -23 -29 -24
right_child=1 2 9 4 16 15 7 19 13 11 -12 -13 -14 -15 -16 -17 -18 -19 -20 -21 21 24 29 -25 -26 -27 -28 28 -30 -31
leaf_value=-0.00041251576234039818 -3.5737014449066517e-06 3.0087013580014291e-06 3.0083273110437236e-06 3.0083361894817084e-06 3.0083519189993965e-06 3.7982777324629622e-06 2.9817810845452973e-06 5.2241093684357584e-06 3.008668271059044e-06 3.0083532759872519e-06 2.9927636858551042e-06 3.0083532759872519e-06 3.0089453737713877e-06 3.008570799495288e-06 3.0083532759872519e-06 2.473724383107445e-06 3.0083460747376553e-06 3.008566477973806e-06 3.0083473801700842e-06 2.8838691563948249e-06 -0.0003313668059833258 0.00011498717630191723 -3.6967088110329004e-05 2.3489989981144594e-06 7.133602009329554e-05 2.2499466263149139e-07 -1.4031418781434989e-05 0.00195965893188983 1.6135361914473969e-05 0.00041103761224209448
leaf_weight=5029 562 414 220 389 260 204 202 304 332 447 254 372 405 200 337 334 292 244 205 371 8188 544 62444 224 326 4258 517 271 238 10692
leaf_count=5029 562 414 220 389 260 204 202 304 332 447 254 372 405 200 337 334 292 244 205 371 8188 544 62444 224 326 4258 517 271 238 10692
internal_value=0.000653717 0.0122425 0.014917 0.0122543 0.0142559 -6.8798e-05 0.00409487 0.00671088 0.00871924 0.0187441 0.00901389 0.0207597 0.014881 0.0119441 0.0185779 0.00468579 0.0175616 0.0156345 0.0181596 0.00386029 -0.000108214 -5.34282e-05 -0.000121138 0.00735797 0.00084072 0.000638779 0.00220952 0.00353592 0.00619261 -4.04431e-05
internal_weight=99079 5810 4371 2590 1644 93269 1439 877 946 1781 643 1156 625 532 784 762 1001 709 465 675 92507 87478 81324 428 6154 5828 1570 1053 509 73136
internal_count=99079 5810 4371 2590 1644 93269 1439 877 946 1781 643 1156 625 532 784 762 1001 709 465 675 92507 87478 81324 428 6154 5828 1570 1053 509 73136
is_linear=0
shrinkage=0.03


Tree=172
num_leaves=31
num_cat=0
split_feature=23 2 16 23 32 0 1 31 27 2 32 8 22 34 22 35 25 16 7 35 18 34 19 14 31 19 1 18 31 11
split_gain=925.806 139.841 50.2355 25.7879 21.2987 36.6358 15.5467 28.1713 13.4537 12.3694 7.53322 7.09291 6.12007 6.0696 5.88678 5.70662 5.33476 5.1403 4.57311 6.29505 5.185 4.41957 4.25621 5.34739 4.19941 3.97077 3.94064 5.37234 5.93563 6.18512
threshold=0.95802549872652831 1.1474195251904404 13.997500000000002 0.93853258385816518 -0.96359376111369355 10.622500000000002 21.875000000000004 1.3640388349514565 5.920625000000002 1.1753829650923688 0.90255091666790865 13.500000000000002 2.0255416666666668 961.12500000000011 13.504000000000003 51.750000000000007 5.642500000000001 15.752500000000003 41.500000000000007 26.750000000000004 0.87750000000000017 948.22500000000014 5.6125000000000016 1.7326304649660522 1.1366824535815541 9.2125000000000021 0.32500000000000012 5.6325000000000012 1.6955301658548196 8.5075000000000021
decision_type=2 2 8 2 2 2 2 2 2 2 2 2 2 2 2 2 8 8 2 2 10 2 8 2 2 10 2 10 2 10
left_child=3 6 4 12 9 11 7 -2 -4 -3 -5 25 -1 -11 -9 -12 -7 -10 19 22 -21 -8 -14 -24 -20 -6 27 -22 -29 -30
right_child=1 2 8 10 5 16 21 14 17 13 15 -13 18 -15 -16 -17 -18 -19 24 20 26 -23 23 -25 -26 -27 -28 28 29 -31
leaf_value=-0.0018277219629675692 2.845433436626934e-06 2.9180275083184879e-06 2.9181003183106423e-06 3.7103219612449685e-06 5.0796507439998525e-06 2.9199306323002269e-06 3.9560461466439098e-05 5.048642546037207e-06 2.9181026777091999e-06 2.9184096145484782e-06 3.1406228816921453e-06 2.9180377915301416e-06 -0.0019789723759748297 2.9180339276819913e-06 2.5907872912051628e-06 3.4761728639862481e-06 2.9180969587638825e-06 2.9181026777091999e-06 0.0021489221965618915 0.0018482102662204418 -0.0015515594843941347 -6.1692163885228283e-05 -0.00010659798462439185 0.0060474573759697024 6.7158495747379965e-05 2.9181345251572121e-06 6.9892873266041989e-06 -0.00020123706791012717 1.6302166943704677e-05 8.9641839100627595e-05
leaf_weight=4296 207 421 378 634 206 207 264 430 1015 302 246 227 3829 215 245 242 755 429 2349 1102 8112 305 4536 280 10749 261 49368 2238 4684 597
leaf_count=4296 207 421 378 634 206 207 264 430 1015 302 246 227 3829 215 245 242 755 429 2349 1102 8112 305 4536 280 10749 261 49368 2238 4684 597
internal_value=0.00068365 0.0122376 0.0148907 -4.38104e-05 0.0121616 0.0142216 0.00413942 0.00662232 0.0187323 0.00846872 0.00446673 0.00886695 -9.89752e-05 0.011569 0.00359559 0.00725355 0.0180186 0.0200952 -4.48732e-05 -0.000135491 -3.58976e-05 0.00026655 -0.000896533 -0.000302428 0.000472105 0.00662924 -7.05656e-05 -0.000485611 9.21045e-05 0.000640748
internal_weight=99129 5867 4416 93262 2594 1656 1451 882 1822 938 1122 694 92140 517 675 488 962 1444 87844 74746 66101 569 8645 4816 13098 467 64999 15631 7519 5281
internal_count=99129 5867 4416 93262 2594 1656 1451 882 1822 938 1122 694 92140 517 675 488 962 1444 87844 74746 66101 569 8645 4816 13098 467 64999 15631 7519 5281
is_linear=0
shrinkage=0.03


Tree=173
num_leaves=31
num_cat=0
split_feature=23 2 16 32 0 23 2 31 23 2 10 31 21 31 8 26 12 12 24 32 2 25 10 34 2 8 26 16 10 35
split_gain=927.75 147.505 43.9684 21.1561 31.7029 20.6327 15.9564 25.6185 14.6945 11.1663 10.0072 15.6787 9.35152 7.85515 9.14264 6.47894 6.28437 6.06745 5.76362 5.54103 8.76643 5.49808 5.85198 5.2009 6.04629 5.70073 5.16924 4.63636 4.56722 5.5596
threshold=0.95802549872652831 1.1454304126959505 13.997500000000002 -0.96359376111369355 10.622500000000002 0.94471827380329176 1.1198060051589478 1.3949988541162692 0.9808168523507349 1.1753829650923688 10.500000000000002 1.477577338016965 1.9485699884681715 1.9102946203946392 9.5000000000000018 3.5375000000000005 10.402500000000002 12.662500000000001 7.075000000000002 -0.90992662233962551 1.1770580455002846 3.1825000000000006 9.5000000000000018 945.57500000000016 1.2333019773299563 13.500000000000002 3.8825000000000007 12.717500000000003 1.5000000000000002 39.250000000000007
decision_type=2 2 8 2 2 2 2 2 2 2 2 2 2 2 2 2 10 10 10 2 2 10 2 2 2 2 2 10 2 2
left_child=5 6 3 9 13 18 -2 -8 15 27 11 -10 -11 14 -5 -4 -7 -9 28 20 -6 22 -20 25 -25 -23 -24 -3 -1 -30
right_child=1 2 8 4 19 16 7 17 10 12 -12 -13 -14 -15 -16 -17 -18 -19 21 -21 -22 23 26 24 -26 -27 -28 -29 29 -31
leaf_value=-0.00039730261030351154 -4.6533042455543238e-06 2.8208677375710431e-06 2.8305345393632504e-06 2.8246590766075492e-06 2.830558452666665e-06 3.3821771040964952e-06 2.7604102259093377e-06 4.9140523223564659e-06 2.8305595973776576e-06 2.8308573261126569e-06 2.8305595973776576e-06 2.8305595939777106e-06 2.8307432996198044e-06 2.7753989828582791e-06 2.8311124339341909e-06 2.8310182039696238e-06 2.5055082845058595e-06 2.2726444129793855e-06 6.1271301500135381e-05 2.8305541223204955e-06 2.8305527744953983e-06 0.002765860730396029 0.00012080124554551874 -6.5164238303770146e-06 6.6171504461258004e-05 8.6306155160539795e-05 0.0018497456670848946 2.8311322985777018e-06 -0.00028254086838652048 1.2434875173678556e-05
leaf_weight=8154 574 219 200 235 200 388 205 302 422 330 508 218 208 208 249 452 374 320 993 495 267 206 505 4184 278 316 215 215 21277 56555
leaf_count=8154 574 219 200 235 200 388 205 302 422 330 508 218 208 208 249 452 374 320 993 495 267 206 505 4184 278 316 215 215 21277 56555
internal_value=0.000666559 0.0122752 0.0149587 0.0124333 0.0145136 -5.79461e-05 0.00377454 0.00642909 0.0185983 0.00883726 0.0207164 0.0178605 0.0117238 0.00950359 0.00727607 0.0147397 0.00484224 0.00333971 -9.84924e-05 0.0180496 0.0152733 0.00074888 0.00221246 0.000244136 -8.86508e-05 0.00306262 0.00426207 0.00516629 -0.00016453 -9.37351e-05
internal_weight=99272 5827 4426 2626 1654 93445 1401 827 1800 972 1148 640 538 692 484 652 762 622 92683 962 467 6697 1713 4984 4462 522 720 434 85986 77832
internal_count=99272 5827 4426 2626 1654 93445 1401 827 1800 972 1148 640 538 692 484 652 762 622 92683 962 467 6697 1713 4984 4462 522 720 434 85986 77832
is_linear=0
shrinkage=0.03


Tree=174
num_leaves=31
num_cat=0
split_feature=23 2 16 32 0 23 1 31 27 2 31 32 21 12 19 32 9 24 27 33 22 34 34 34 5 31 2 8 26 34
split_gain=937.535 147.363 52.9335 17.883 35.9561 16.5595 16.029 29.4217 15.2363 14.1196 11.0057 12.422 7.52731 7.13482 6.44108 8.25649 6.26515 4.9472 5.18294 5.81579 4.47868 4.14564 15.1171 9.66386 7.13382 6.44314 6.23211 7.72851 8.72762 6.01782
threshold=0.95802549872652831 1.1474195251904404 13.997500000000002 -0.96359376111369355 10.622500000000002 0.93853258385816518 21.875000000000004 1.3812249728329637 5.920625000000002 1.1753829650923688 1.9102946203946392 0.96359376111369366 1.927688218546032 10.507500000000002 9.2125000000000021 -0.90992662233962551 3.5000000000000004 7.075000000000002 1.7170833333333337 -0.55191596924288666 13.504000000000003 960.02500000000009 962.22500000000014 953.42500000000018 0.24709466102202646 1.8287928651928265 1.2296297279618553 17.500000000000004 2.2175000000000007 951.02500000000009
decision_type=2 2 8 2 2 2 2 2 2 2 2 2 2 10 10 2 2 8 2 2 2 2 2 2 2 2 2 2 2 2
left_child=5 6 3 9 10 17 7 -2 -4 -3 11 -5 -11 16 15 -6 -7 18 -1 -20 -9 23 26 29 -25 -26 27 -23 -29 -19
right_child=1 2 8 4 14 13 -8 20 -10 12 -12 -13 -14 -15 -16 -17 -18 21 19 -21 -22 22 -24 24 25 -27 -28 28 -30 -31
leaf_value=-0.0015640493021166575 2.6775979191306919e-06 2.7456157980144313e-06 2.7456419654015018e-06 2.6553736104339975e-06 2.7456257936242509e-06 2.8536791099087467e-06 1.7597722524353987e-05 4.7685052413304335e-06 2.7456428094563278e-06 2.7458386904907942e-06 4.8439992521931429e-06 2.7458889927367557e-06 2.7459358868879398e-06 1.8603091665658767e-06 2.7456361912603365e-06 2.7456380391388533e-06 5.648220568206253e-06 3.1089279842368299e-05 0.0011142931799349813 -0.00011527114158322616 2.3415566177044301e-06 0.00052075714238994375 -7.6850172849053678e-06 -0.0026007149431229795 -4.7153929385622681e-05 0.00023716315964240106 -4.2439201358327457e-05 0.011495259541783934 0.00031051680764226122 0.0002785336175320244
leaf_weight=6090 220 420 353 207 331 390 569 436 1415 334 206 272 202 486 289 330 274 18237 4194 37054 234 1987 5787 5733 4585 2272 683 259 311 4787
leaf_count=6090 220 420 353 207 331 390 569 436 1415 334 206 272 202 486 289 330 274 18237 4194 37054 234 1987 5787 5733 4585 2272 683 259 311 4787
internal_value=0.00069285 0.0123709 0.0151313 0.0123525 0.0142774 -3.7334e-05 0.00410041 0.00660335 0.0191574 0.00900312 0.00893478 0.00632851 0.0122218 0.00353247 0.0180628 0.0161216 0.0055426 -8.21563e-05 -0.000295799 -0.000175115 0.00342222 0.000144402 0.000718445 -1.17986e-06 -0.000669314 -1.61768e-05 0.00235747 0.0030363 0.00610435 0.000364236
internal_weight=98947 5818 4359 2591 1635 93129 1459 890 1768 956 685 479 536 1150 950 661 664 91979 47338 41248 670 44641 9027 35614 12590 6857 3240 2557 570 23024
internal_count=98947 5818 4359 2591 1635 93129 1459 890 1768 956 685 479 536 1150 950 661 664 91979 47338 41248 670 44641 9027 35614 12590 6857 3240 2557 570 23024
is_linear=0
shrinkage=0.03


Tree=175
num_leaves=31
num_cat=0
split_feature=23 2 20 23 2 1 31 32 0 31 35 1 1 32 2 32 35 10 6 35 18 20 29 28 20 29 19 32 29 35
split_gain=910.895 142.72 46.7119 20.6292 19.1154 17.2705 30.4966 16.8779 19.3886 11.2679 15.2471 8.75966 12.9051 7.94717 6.67829 5.81647 5.33178 4.57128 4.50787 5.1643 4.45997 9.95952 4.31736 4.28472 4.21311 3.87435 3.76002 3.84489 3.31374 3.18791
threshold=0.95802549872652831 1.1474195251904404 13.143125000000003 0.93853258385816518 1.1714236925654091 21.875000000000004 1.3812249728329637 -0.95878322595067689 10.622500000000002 1.8701187327197217 53.250000000000007 7.6250000000000009 1.9250000000000005 -0.95368063612909426 1.2089315417241404 0.91702515554752073 50.250000000000007 11.500000000000002 2.5000000000000004 21.250000000000004 14.312500000000002 14.321875000000002 8.0275000000000016 2.9064466776774478 8.7584999999999997 0.48750000000000004 8.8675000000000015 -0.8949002852437673 9.5775000000000023 54.250000000000007
decision_type=2 2 2 2 2 2 2 2 2 2 2 2 2 2 2 2 2 2 2 2 10 2 2 2 2 2 10 2 2 2
left_child=3 5 7 18 13 6 -2 11 9 10 -9 12 -3 -4 -11 -5 -17 20 19 -1 -6 -22 -8 25 -20 -21 27 -10 -7 -27
right_child=1 2 4 15 17 28 22 8 26 14 -12 -13 -14 -15 -16 16 -18 -19 24 23 21 -23 -24 -25 -26 29 -28 -29 -30 -31
leaf_value=-0.00040987233544535702 2.5954842314912516e-06 2.6634808235734189e-06 2.6632735251697068e-06 3.1445233327364084e-06 2.6632735218866664e-06 3.5380345761948373e-05 4.6449743337377644e-06 2.6632398639260353e-06 2.6632570198159566e-06 2.5788525266212668e-06 2.6631035961022232e-06 2.6638135121248574e-06 2.6632374954255319e-06 2.6632735251730378e-06 4.8380444615511469e-06 2.655698294390385e-06 3.0843976057299389e-06 2.6632735251730378e-06 0.00091799082913091501 -0.0021497369627760028 2.6634837412209399e-06 2.6632735251730378e-06 2.2309594053404602e-06 0.00026969001301000659 -4.7581928262147335e-05 -7.7879167151464481e-05 2.6635028448019692e-06 2.6632547788718595e-06 -2.7473732716991606e-05 1.0586984003915222e-05
leaf_weight=5293 224 210 407 693 258 214 322 252 219 201 344 297 213 208 243 230 242 466 9705 1028 226 337 336 1331 1859 31949 214 268 352 41083
leaf_count=5293 224 210 407 693 258 214 322 252 219 201 344 297 213 208 243 230 242 466 9705 1028 226 337 336 1331 1859 31949 214 268 352 41083
internal_value=0.000668937 0.0121883 0.0148949 -4.82676e-05 0.0184499 0.00400963 0.00662232 0.0121156 0.0137268 0.0110239 0.00820632 0.00815172 0.0109136 0.0138629 0.0146726 0.00391026 0.00646541 0.0205797 -9.84691e-05 -0.000177869 0.0188462 0.0169384 0.00331222 -0.000114238 0.000455354 -0.000144603 0.0176303 0.01575 -8.40638e-05 -0.00011879
internal_weight=99224 5811 4363 93413 1902 1448 882 2461 1741 1040 596 720 423 615 444 1165 472 1287 92248 80684 821 563 658 75391 11564 74060 701 487 566 73032
internal_count=99224 5811 4363 93413 1902 1448 882 2461 1741 1040 596 720 423 615 444 1165 472 1287 92248 80684 821 563 658 75391 11564 74060 701 487 566 73032
is_linear=0
shrinkage=0.03


Tree=176
num_leaves=31
num_cat=0
split_feature=22 2 16 32 0 1 31 25 2 26 22 24 32 8 17 12 24 16 6 12 28 24 17 34 26 24 32 25 35 8
split_gain=924.476 153.401 50.1424 19.3423 30.6661 19.18 34.5645 15.3985 11.4971 10.8928 9.72745 9.17193 8.72222 8.60851 8.20459 6.40274 5.72191 5.34536 5.22262 5.28516 6.12704 4.75112 4.59263 4.17003 5.41336 4.40035 3.9722 3.91841 3.87125 3.88799
threshold=11.625333333333336 1.1474195251904404 13.997500000000002 -0.96359376111369355 10.622500000000002 21.875000000000004 1.3812249728329637 6.3625000000000016 1.1753829650923688 4.0725000000000007 11.178125000000001 10.625000000000002 -0.8949002852437673 12.500000000000002 13.372500000000002 12.052500000000002 9.5750000000000028 14.652500000000002 1.5000000000000002 5.4475000000000007 1.2459597201029986 11.875000000000002 13.702500000000002 949.72500000000014 3.5175000000000005 3.1750000000000007 0.9681107762825325 6.1625000000000005 81.250000000000014 3.5000000000000004
decision_type=2 2 8 2 2 2 2 10 2 2 2 8 2 2 2 10 8 8 2 10 2 8 2 2 2 10 2 10 2 2
left_child=10 5 3 8 13 6 -2 9 -3 -4 18 -10 -12 26 -6 -8 -14 -9 19 -1 23 -11 -17 -21 28 -26 -5 -7 29 -25
right_child=1 2 7 4 14 27 15 17 11 21 12 -13 16 -15 -16 22 -18 -19 -20 20 -22 -23 -24 24 25 -27 -28 -29 -30 -31
leaf_value=-0.0010424685868055394 2.6825546295066163e-06 2.5839132833915812e-06 2.5833694524848974e-06 2.5803608869046088e-06 2.5833205662795232e-06 -7.5638173595813366e-05 -3.907784919099599e-05 2.5833753194148823e-06 2.5834507795677092e-06 2.5833753194148823e-06 1.0919956605626169e-09 2.5836689157521241e-06 2.7496697534165704e-06 2.583330345195503e-06 2.5833707052325127e-06 7.8207620336552575e-06 1.4559944400470016e-05 2.5833753194182128e-06 6.4113451018561673e-06 -0.00015392886593590394 -4.7608549005428991e-05 2.5833753194182128e-06 2.2103650692707692e-06 0.0024046148964740432 9.417441829469353e-05 -0.00046439427771917559 2.5836078507275192e-06 3.0356736251035963e-05 -3.6893363088275064e-05 0.00080867672717071181
leaf_weight=19366 260 447 235 201 258 349 272 337 245 223 807 339 536 247 696 235 237 822 57271 2168 8778 212 248 425 850 615 270 302 444 1583
leaf_count=19366 260 447 235 201 258 349 272 337 245 223 807 339 536 247 696 235 237 822 57271 2168 8778 212 248 425 850 615 270 302 444 1583
internal_value=0.000650624 0.0118646 0.0147243 0.0120831 0.014093 0.00406463 0.00663235 0.018584 0.00877123 0.0147111 -9.66865e-05 0.0115416 0.00223344 0.0093029 0.0176309 0.00333553 0.0045 0.02075 -0.000137042 -0.000430187 -4.64155e-06 0.0175568 0.00539139 0.0007266 0.0013103 -0.000132654 0.00680042 4.11578e-05 0.00217094 0.00273025
internal_weight=99278 6198 4532 2703 1672 1666 1015 1829 1031 670 93080 584 1580 718 954 755 773 1159 91500 34229 14863 435 483 6085 3917 1465 471 651 2452 2008
internal_count=99278 6198 4532 2703 1672 1666 1015 1829 1031 670 93080 584 1580 718 954 755 773 1159 91500 34229 14863 435 483 6085 3917 1465 471 651 2452 2008
is_linear=0
shrinkage=0.03


Tree=177
num_leaves=31
num_cat=0
split_feature=23 2 20 2 32 23 2 31 25 3 26 10 16 2 26 32 2 12 34 24 26 33 31 32 8 31 34 26 11 2
split_gain=913.844 137.72 52.3925 20.1945 17.403 17.0198 16.2892 24.7319 15.9049 12.3879 11.1271 15.7247 8.94777 8.72321 8.27347 8.13239 10.9768 6.63067 4.86923 4.76882 4.52444 4.73094 6.22693 5.86211 9.39525 6.2178 6.18825 5.14616 5.66471 5.58142
threshold=0.95802549872652831 1.1454304126959505 13.143125000000003 1.1714236925654091 -0.96359376111369355 0.93853258385816518 1.1198060051589478 1.3949988541162692 5.392500000000001 10.321794376825713 3.5375000000000005 11.500000000000002 15.287500000000001 1.1753829650923688 5.0025000000000013 -0.97625883275952019 1.161334974430922 10.402500000000002 960.52500000000009 10.075000000000003 1.8875000000000004 -0.4539904997395468 2.3402687590187594 0.7489272028500833 8.5000000000000018 1.9164833890014068 968.92500000000018 3.1025000000000005 8.7725000000000026 1.231692672829741
decision_type=2 2 2 2 2 2 2 2 8 2 2 2 8 2 2 2 2 10 2 8 2 2 2 2 2 2 2 2 10 2
left_child=5 6 4 15 13 20 -2 -8 -6 10 -10 -12 18 -3 -11 -4 -17 19 -5 -7 -1 -22 23 25 -25 -23 27 -26 29 -29
right_child=1 2 3 12 8 17 7 -9 9 14 11 -13 -14 -15 -16 16 -18 -19 -20 -21 21 22 -24 24 26 -27 -28 28 -30 -31
leaf_value=-0.00051308349899676601 -5.1281268999425752e-06 2.4915382827894736e-06 2.5058729815561688e-06 2.5058740598349335e-06 2.504691445262557e-06 2.7980737867878553e-06 2.4389288157233844e-06 2.9302923083993212e-06 2.5057950251128335e-06 2.5058581880643694e-06 2.5057489320705265e-06 4.1963391829405581e-06 2.5058740598349335e-06 2.5060440022440268e-06 2.505892024911027e-06 2.5058744471551097e-06 2.505874059831603e-06 1.8161339162647838e-06 2.5060612995619902e-06 4.4426135277099738e-06 0.00090811947569283894 -0.0001181152060807112 -0.0015065852690295239 -3.5786562195625481e-05 1.9844908920129135e-05 0.00041164782347302085 0.00054534769301581537 0.00086294985785612696 -1.3429827837507791e-05 -8.7069399437974466e-05
leaf_weight=25726 565 276 228 520 337 428 211 603 204 514 355 203 479 388 246 202 216 547 330 202 8729 20187 7181 10309 8888 3671 278 5507 1172 455
leaf_count=25726 565 276 228 520 337 428 211 603 204 514 355 203 479 388 246 202 216 547 330 202 8729 20187 7181 10309 8888 3671 278 5507 1172 455
internal_value=0.000681702 0.0121505 0.0146915 0.0183712 0.0117805 -4.14865e-05 0.00383887 0.00654212 0.0132795 0.0145933 0.0117262 0.0139183 0.0205345 0.00751569 0.0173725 0.0137972 0.0163262 0.00353553 0.018386 0.00562205 -8.73873e-05 4.35201e-05 -5.50542e-05 6.25884e-05 0.000368715 -0.000278842 0.000816927 0.000739002 0.00133884 0.00171342
internal_weight=99157 5877 4498 1975 2523 93280 1379 814 1859 1522 762 558 1329 664 760 646 418 1177 850 630 92103 66377 57648 50467 26609 23858 16300 16022 7134 5962
internal_count=99157 5877 4498 1975 2523 93280 1379 814 1859 1522 762 558 1329 664 760 646 418 1177 850 630 92103 66377 57648 50467 26609 23858 16300 16022 7134 5962
is_linear=0
shrinkage=0.03


Tree=178
num_leaves=31
num_cat=0
split_feature=23 1 20 10 25 23 1 21 25 2 25 15 28 30 3 9 26 19 12 6 24 9 21 4 15 23 22 1 1 30
split_gain=893.463 141.945 49.3326 21.4009 17.3418 14.1898 14.0896 11.9232 11.5234 9.84861 9.91932 7.84257 7.67013 7.45053 10.84 6.92939 6.90998 6.78129 5.35974 4.79264 4.99246 4.46345 4.36738 4.41117 4.24134 4.67023 3.97602 3.68666 3.70057 3.4023
threshold=0.95802549872652831 15.275000000000002 13.143125000000003 11.500000000000002 5.4825000000000008 0.93853258385816518 21.875000000000004 2.9934261307041754 7.432500000000001 1.1714236925654091 6.5325000000000015 -0.49500000000000061 1.1294836578184293 16.125000000000004 10.439077069198984 2.5000000000000004 4.0225000000000017 10.412500000000001 10.402500000000002 1.5000000000000002 2.2250000000000005 3.5000000000000004 2.6469282509205336 0.014048175604732401 -1.5525 0.23963124920389853 13.274833333333335 28.925000000000004 -1.7249999999999999 16.975000000000005
decision_type=2 2 2 2 8 2 2 2 8 2 8 10 2 2 2 2 2 10 10 2 8 2 2 2 8 2 2 2 2 2
left_child=5 2 4 7 15 19 8 9 26 10 -4 -6 -13 14 16 -2 -14 -11 21 20 -1 -7 24 -24 25 -21 -3 28 -22 -8
right_child=1 6 3 -5 11 18 29 -9 -10 17 -12 12 13 -15 -16 -17 -18 -19 -20 22 27 -23 23 -25 -26 -27 -28 -29 -30 -31
leaf_value=-0.0018059613302049979 4.4009863708205363e-06 4.144822502278043e-06 2.4306978049670744e-06 2.4306978380406185e-06 2.4309775282149726e-06 2.4731288364931418e-06 3.5903958629096566e-05 2.4306974179899568e-06 2.3639752011883618e-06 2.4306978380406185e-06 2.4306978380372879e-06 2.4305070178776144e-06 2.4306300163190465e-06 2.431648318669731e-06 2.431237081014759e-06 2.4045549477680734e-06 2.4305762957776975e-06 2.4306978380372879e-06 1.8830567883995814e-06 0.00392296598079017 -0.00012283370522277962 5.0124130252678147e-06 0.0045245657995963175 0.00010431899885228856 -2.9890815002334588e-05 -0.00012169262538268444 2.0539886616981309e-06 -0.0012296181459971905 3.0402461692169423e-06 -2.4226531720612508e-05
leaf_weight=4546 255 321 258 469 310 357 256 203 301 435 310 216 298 222 565 355 288 283 538 1157 4536 266 473 12168 43276 748 202 3149 22281 319
leaf_count=4546 255 321 258 469 310 357 256 203 301 435 310 216 298 222 565 355 288 283 538 1157 4536 266 473 12168 43276 748 202 3149 22281 319
internal_value=0.000637612 0.0119898 0.0145995 0.0181895 0.0117673 -7.52414e-05 0.00363461 0.0163072 0.00613751 0.0173912 0.0141466 0.0131896 0.0140609 0.0149064 0.0159057 0.00726829 0.0128122 0.0198423 0.00321355 -0.000116766 -0.000396501 0.00509713 5.0218e-05 0.000543017 -8.77049e-05 0.00129581 0.00339204 -0.000255848 -0.000141713 2.58614e-05
internal_weight=99361 5866 4467 1958 2509 93495 1399 1489 824 1286 568 1899 1589 1373 1151 610 586 718 1161 92334 34512 623 57822 12641 45181 1905 523 29966 26817 575
internal_count=99361 5866 4467 1958 2509 93495 1399 1489 824 1286 568 1899 1589 1373 1151 610 586 718 1161 92334 34512 623 57822 12641 45181 1905 523 29966 26817 575
is_linear=0
shrinkage=0.03


Tree=179
num_leaves=31
num_cat=0
split_feature=23 1 16 32 3 2 23 25 9 1 31 31 19 1 19 24 10 16 30 21 29 35 19 10 12 19 29 32 24 23
split_gain=899.698 147.55 50.6603 19.0098 36.1145 16.69 16.653 16.5551 17.7547 13.3166 22.43 7.90866 7.56137 7.20765 5.19958 4.97705 4.96336 4.75434 4.70519 4.30092 4.50902 4.65024 6.65944 6.39962 7.56846 7.38375 6.77687 5.79543 5.9151 5.06232
threshold=0.95802549872652831 15.275000000000002 13.997500000000002 -0.95878322595067689 10.702133751397637 1.1753829650923688 0.94471827380329176 6.3625000000000016 4.5000000000000009 21.875000000000004 1.3949988541162692 1.8701187327197217 11.027500000000002 1.7250000000000003 9.0675000000000026 7.3750000000000009 11.500000000000002 12.717500000000003 15.375000000000002 4.0480622336869425 0.48750000000000004 40.250000000000007 5.1175000000000006 2.5000000000000004 6.0675000000000017 3.8275000000000006 3.0325000000000006 -0.46173103126271881 8.5750000000000028 0.70348807592144402
decision_type=2 2 8 2 2 2 2 10 2 2 2 2 8 2 10 10 2 10 2 2 2 2 10 2 10 10 2 2 10 2
left_child=6 2 3 5 11 17 19 8 -4 10 -3 12 -5 -7 15 -6 -9 -2 -12 20 -1 22 27 24 -23 26 -26 28 -22 -25
right_child=1 9 7 4 14 13 -8 16 -10 -11 18 -13 -14 -15 -16 -17 -18 -19 -20 -21 21 23 -24 29 25 -27 -28 -29 -30 -31
leaf_value=-0.0021383844399879676 2.342857681946432e-06 2.2948416952184301e-06 2.357776902900399e-06 2.2707738799010446e-06 2.3577764227744599e-06 2.3575391044984974e-06 2.6353865063643455e-06 2.357776902900399e-06 2.357775831104414e-06 -2.9274257315127933e-06 2.311116704968308e-06 2.2677397877735041e-06 2.3587331648312841e-06 2.3582785298337238e-06 2.357768772320856e-06 2.3577663891624199e-06 2.357776902900399e-06 2.3587013715975944e-06 1.9508866065676507e-06 0.00041854746364552775 -0.0018325128855210381 -0.001399438214747438 4.6269174684645133e-05 0.00030863564615251461 0.0037151103657940853 -7.5877988896687619e-05 5.260220658446596e-05 -4.2008283180971533e-05 0.0017186892660430485 -1.3671093108839071e-05
leaf_weight=1177 226 209 468 208 327 283 771 716 205 572 349 271 269 319 255 255 402 238 260 2064 9610 9210 5880 41877 212 1520 2569 8947 201 9367
leaf_count=1177 226 209 468 208 327 283 771 716 205 572 349 271 269 319 255 255 402 238 260 2064 9610 9210 5880 41877 212 1520 2569 8947 201 9367
internal_value=0.000624926 0.0120514 0.0147187 0.0120395 0.0141415 0.00886274 -8.91239e-05 0.0186398 0.014677 0.00350538 0.00594897 0.009251 0.0068029 0.0121483 0.0184311 0.0164974 0.0209492 0.00451599 0.00298534 -0.000125779 -0.000156666 -0.000132319 -0.000483059 1.15741e-06 -0.000579536 0.000459126 0.00137724 -0.000759154 -0.00126253 0.000154305
internal_weight=99237 5832 4442 2651 1585 1066 93405 1791 673 1390 818 748 477 602 837 582 1118 464 609 92634 90570 89393 24638 64755 13511 4301 2781 18758 9811 51244
internal_count=99237 5832 4442 2651 1585 1066 93405 1791 673 1390 818 748 477 602 837 582 1118 464 609 92634 90570 89393 24638 64755 13511 4301 2781 18758 9811 51244
is_linear=0
shrinkage=0.03


Tree=180
num_leaves=31
num_cat=0
split_feature=23 1 16 23 25 1 20 4 17 26 25 25 10 29 24 8 14 20 19 14 35 10 11 34 33 10 19 21 8 18
split_gain=896.324 145.634 55.3269 14.9708 14.4811 14.4554 14.2486 11.0525 21.1136 12.2206 10.9721 8.28352 7.80103 10.4159 5.97153 5.60176 5.27857 5.21482 4.62035 3.9101 5.83036 5.76099 4.91381 4.5704 11.6446 7.75066 6.13952 4.98139 6.00086 6.47413
threshold=0.95802549872652831 15.275000000000002 13.997500000000002 0.93853258385816518 5.5475000000000012 21.875000000000004 13.143125000000003 0.91416700100052362 13.702500000000002 5.1225000000000014 7.432500000000001 6.3125000000000009 10.500000000000002 10.092500000000001 9.8250000000000028 9.5000000000000018 0.5688511812874375 13.363125000000002 9.9025000000000016 0.28354893757513583 31.250000000000004 2.5000000000000004 8.5075000000000021 946.57500000000016 0.47714059151611404 9.5000000000000018 6.1125000000000016 1.3608240456619467 13.500000000000002 0.93750000000000011
decision_type=2 2 8 2 8 2 2 2 2 2 8 10 2 2 8 2 2 2 10 2 2 2 10 2 2 2 8 2 2 8
left_child=3 2 4 19 14 10 11 15 9 -9 17 -4 13 -8 -2 -6 -10 -3 -5 21 -21 22 -1 24 25 -22 -26 -25 -29 -30
right_child=1 5 6 18 7 -7 12 8 16 -11 -12 -13 -14 -15 -16 -17 -18 -19 -20 20 23 -23 -24 27 26 -27 -28 28 29 -31
leaf_value=-0.00051483747934288405 2.2875599283156411e-06 3.7010435770187641e-06 2.2768242347113442e-06 2.5261015653754714e-06 2.2871965304904763e-06 -4.4767483546458767e-06 2.2870435925914645e-06 2.2870083603643285e-06 2.2870375254065575e-06 2.2867660881520366e-06 2.2233171236634389e-06 2.287414519260844e-06 2.2870435958122213e-06 2.2870435958122213e-06 2.2867848391364287e-06 2.2869537042483709e-06 2.2877992439562789e-06 1.9338424036490057e-06 2.9533601000080223e-06 -0.00023629473913174492 0.00022315870461763279 -2.2498659862563164e-05 3.0301022918018947e-05 -0.00021666801066337447 0.0038229520342452105 0.0042134469970505767 0.0059789666462872256 -1.312475701525451e-05 0.0072751338746562481 0.00018819731790093485
leaf_weight=5183 276 327 291 946 204 574 275 203 664 325 293 302 536 399 371 288 291 202 213 12310 7337 19255 246 15220 415 289 269 19899 386 11467
leaf_count=5183 276 327 291 946 204 574 275 203 664 325 293 302 536 399 371 288 291 202 213 12310 7337 19255 246 15220 415 289 269 19899 386 11467
internal_value=0.000632393 0.0120489 0.0147122 -7.94635e-05 0.0118858 0.00358458 0.0187782 0.0131742 0.0144899 0.00952345 0.00612334 0.0146839 0.020716 0.0181856 0.0078819 0.00910261 0.0171719 0.00348876 0.00330155 -0.000122106 -4.08374e-06 -0.000445219 -0.00130788 0.000127407 0.000775706 0.00043795 0.00451088 1.26438e-05 0.000226532 0.000760752
internal_weight=99256 5821 4425 93435 2622 1396 1803 1975 1483 528 822 593 1210 674 647 492 955 529 1159 92276 67592 24684 5429 55282 8310 7626 684 46972 31752 11853
internal_count=99256 5821 4425 93435 2622 1396 1803 1975 1483 528 822 593 1210 674 647 492 955 529 1159 92276 67592 24684 5429 55282 8310 7626 684 46972 31752 11853
is_linear=0
shrinkage=0.03


Tree=181
num_leaves=31
num_cat=0
split_feature=23 1 16 32 3 1 1 31 23 25 31 34 25 16 15 25 21 30 29 25 34 7 1 23 29 24 32 9 10 34
split_gain=910.26 141.323 56.9574 19.2579 40.0189 14.9874 13.8748 18.0801 12.1828 12.0517 11.0013 9.33492 8.40417 8.18028 7.06667 5.82063 5.11919 5.11642 4.91053 4.53722 4.21595 3.74813 4.01607 3.90396 3.70782 3.56611 3.89909 3.92421 3.43799 3.16387
threshold=0.95802549872652831 15.275000000000002 14.187500000000002 -0.96359376111369355 10.439077069198984 8.0250000000000021 21.875000000000004 1.4071964257589935 0.92986604680737783 6.3125000000000009 1.8701187327197217 956.32500000000016 5.642500000000001 12.717500000000003 -0.47500000000000037 6.7925000000000013 4.0480622336869425 12.525000000000002 0.48750000000000004 4.7175000000000011 948.22500000000014 41.500000000000007 33.875000000000007 0.73902481484594029 0.97750000000000015 6.7750000000000012 0.97988739209073494 3.5000000000000004 11.500000000000002 946.02500000000009
decision_type=2 2 8 2 2 2 2 2 2 10 2 2 8 10 10 8 2 2 2 10 2 2 2 2 2 8 2 2 2 2
left_child=8 2 3 5 10 14 7 -3 16 11 15 -4 -6 -7 -2 -5 18 -9 -1 -10 -8 22 29 -23 -18 -21 27 -27 -11 -20
right_child=1 6 9 4 12 13 20 17 19 28 -12 -13 -14 -15 -16 -17 24 -19 21 25 -22 23 -24 -25 -26 26 -28 -29 -30 -31
leaf_value=-0.0021288132181116574 2.2186658691580875e-06 2.1592969306527544e-06 2.2184322879370553e-06 2.1340238656519793e-06 2.2189331304645067e-06 2.1108967048188986e-06 3.8491900179804525e-05 -4.0636005751926159e-05 -3.7242268101422833e-07 2.2184322879370553e-06 2.1392564788680346e-06 2.2184323080598057e-06 2.2184262667221828e-06 2.2193281199389679e-06 2.2184268161407062e-06 2.2186193103312934e-06 0.004778800324503887 3.4232817165902317e-06 0.00029746616669350413 -1.4132049718235117e-05 -5.4053903342651176e-05 0.00076245996227096229 -0.0012859289299453742 -5.1478099797936033e-05 0.00029669255460441858 1.4804357644215837e-06 4.7991881331477249e-06 1.2702978156311494e-05 2.2184322879370553e-06 -4.4771643538108472e-05
leaf_weight=1187 201 204 349 244 215 222 276 202 546 644 279 224 870 249 357 207 207 398 10427 203 302 10919 2489 1878 1819 435 388 372 422 62404
leaf_count=1187 201 204 349 244 215 222 276 202 546 644 279 224 870 249 357 207 207 398 10427 203 302 10919 2489 1878 1819 435 388 372 422 62404
internal_value=0.000661492 0.0121201 0.0147039 0.0120948 0.0139698 0.00873598 0.00371593 0.00625216 -5.96283e-05 0.0191807 0.00844898 0.0153478 0.0176284 0.00472059 0.0120533 0.00545395 -0.000109707 0.00357025 -0.00014357 0.00228733 0.000164665 -0.00011769 -0.000198341 0.000356897 0.00137962 0.00319031 0.0038125 0.00259729 0.0211597 -0.000157794
internal_weight=99139 5865 4483 2844 1815 1029 1382 804 93274 1639 730 573 1085 471 558 451 91330 600 89304 1944 578 88117 75320 12797 2026 1398 1195 807 1066 72831
internal_count=99139 5865 4483 2844 1815 1029 1382 804 93274 1639 730 573 1085 471 558 451 91330 600 89304 1944 578 88117 75320 12797 2026 1398 1195 807 1066 72831
is_linear=0
shrinkage=0.03


Tree=182
num_leaves=31
num_cat=0
split_feature=23 1 16 32 0 1 31 25 23 2 31 10 32 14 30 23 10 25 31 27 33 34 12 16 31 34 27 25 35 22
split_gain=908.3 133.488 55.5782 18.6385 38.5598 16.2525 23.7563 13.191 11.6945 11.4453 11.2621 9.19855 8.65093 6.45419 5.86142 6.10215 5.0117 4.91017 4.56139 4.45691 4.60151 4.21322 4.16697 3.65307 3.60909 5.90528 7.71734 3.80417 5.40416 6.28194
threshold=0.95802549872652831 15.275000000000002 13.997500000000002 -0.96359376111369355 10.622500000000002 21.875000000000004 1.3877854262061438 6.3625000000000016 0.94471827380329176 1.1753829650923688 1.9102946203946392 8.5000000000000018 0.95878322595067733 0.69816425956455153 12.525000000000002 0.97930537588274169 11.500000000000002 5.642500000000001 1.4841885672919064 1.6793750000000003 -0.53727914962411594 948.22500000000014 10.402500000000002 12.717500000000003 2.1420728867069374 949.82500000000016 2.3920833333333342 6.5325000000000015 72.250000000000014 3.9601666666666673
decision_type=2 2 8 2 2 2 2 10 2 2 2 2 2 2 2 2 2 8 2 2 2 2 10 10 2 2 2 8 2 2
left_child=8 2 3 9 10 6 -3 11 19 23 12 -4 -5 -11 -8 -16 18 -6 -9 -1 24 -7 -10 -2 27 -26 -27 -21 29 -29
right_child=1 5 7 4 17 21 14 16 22 13 -12 -13 -14 -15 15 -17 -18 -19 -20 20 -22 -23 -24 -25 25 26 -28 28 -30 -31
leaf_value=-0.0011480579325445009 2.1424393090940797e-06 2.0882645750153193e-06 2.1518793192976115e-06 2.0110767521153151e-06 2.1525392874477412e-06 3.7881760455740274e-05 -4.4710437247927282e-05 2.1518793192976115e-06 2.5631230320577458e-06 2.1521058930840106e-06 3.0555683012768846e-06 2.151879319294281e-06 2.1523501546144078e-06 2.1519402068992386e-06 4.0077005485250618e-06 1.6967036390759356e-06 2.1518793192976115e-06 2.1518717951662933e-06 2.1518793162034201e-06 0.00015299754496774602 -1.4640430721776473e-05 -5.4394077990477616e-05 1.6623862248732467e-06 2.1527408705071762e-06 9.3269176632693173e-06 0.0019216176397834548 0.005359866215070311 0.0081598546344482607 -0.0021100701595237899 2.1648438427296258e-05
leaf_weight=9108 216 205 238 200 208 249 200 419 405 285 206 413 289 243 207 214 441 774 280 5972 75915 304 366 223 558 314 203 327 208 268
leaf_count=9108 216 205 238 200 208 249 200 419 405 285 206 413 289 243 207 214 441 774 280 5972 75915 304 366 223 558 314 203 327 208 268
internal_value=0.000638589 0.0121392 0.0146723 0.0118641 0.0137925 0.00396893 0.00662094 0.0187734 -7.60506e-05 0.00846605 0.00829286 0.0150869 0.00571457 0.0114371 0.00363738 0.00562676 0.0208035 0.0176231 0.0187969 -0.000106689 -3.81409e-05 -1.61297e-05 0.00359149 0.00480405 0.000653086 0.00226389 0.00455747 0.000396017 0.00232797 0.003775
internal_weight=99458 5814 4435 2644 1677 1379 826 1791 93644 967 695 651 489 528 621 421 1140 982 699 92873 83765 553 771 439 7850 1075 517 6775 803 595
internal_count=99458 5814 4435 2644 1677 1379 826 1791 93644 967 695 651 489 528 621 421 1140 982 699 92873 83765 553 771 439 7850 1075 517 6775 803 595
is_linear=0
shrinkage=0.03


Tree=183
num_leaves=31
num_cat=0
split_feature=23 1 16 32 0 2 23 25 27 31 19 10 32 15 10 11 16 1 24 12 35 10 11 34 34 6 20 32 19 29
split_gain=898.4 143.039 53.7074 20.5877 37.1134 19.3282 13.9321 13.9262 13.7839 10.8495 9.28935 8.79534 7.58362 6.88101 5.66617 5.1635 4.90096 4.84709 4.57505 4.40127 4.24848 4.38316 8.16707 6.84427 4.15888 3.99148 3.8217 3.79769 6.9179 8.76122
threshold=0.95802549872652831 15.275000000000002 13.997500000000002 -0.95878322595067689 10.622500000000002 1.1753829650923688 0.92986604680737783 7.432500000000001 6.0293750000000008 1.9102946203946392 9.9025000000000016 11.500000000000002 0.96359376111369366 -0.47500000000000037 11.500000000000002 11.082500000000001 12.717500000000003 21.725000000000005 7.3750000000000009 13.182500000000003 19.750000000000004 2.5000000000000004 8.7725000000000026 961.72500000000014 950.22500000000014 2.5000000000000004 8.0593750000000011 -0.47714059151611382 3.5875000000000004 3.0525000000000007
decision_type=2 2 8 2 2 2 2 8 2 2 10 2 2 10 2 8 10 2 10 10 2 2 10 2 2 2 2 2 10 2
left_child=6 2 3 5 9 16 20 17 11 12 -8 -4 -5 -7 15 -10 -2 19 -6 -3 -1 22 -22 -24 -9 27 -27 28 -23 -30
right_child=1 7 8 4 18 13 10 24 14 -11 -12 -13 -14 -15 -16 -17 -18 -19 -20 -21 21 25 23 -25 -26 26 -28 -29 29 -31
leaf_value=-0.00047258506587194351 2.0328524049785058e-06 1.7335625348258165e-06 2.0873509013468416e-06 2.0094077491832414e-06 2.0873221622396257e-06 2.0875427162925231e-06 2.7102430834642723e-06 2.4727584715739964e-05 2.0873170862245606e-06 1.884934955087597e-06 6.1980047391214664e-06 2.0873229397135869e-06 2.0874902532153073e-06 2.0873820006916952e-06 2.0873229397189165e-06 2.0873229397189165e-06 2.0881660502269918e-06 -1.2949231066368304e-05 2.0873156415335268e-06 3.2003506345107094e-06 -0.0002117007032014384 -0.0006771628200959029 0.00019134638132068172 -4.1358007117899829e-05 2.031870085480447e-06 0.0014442110447503819 -4.446723434541681e-05 2.5958994511136747e-05 0.0020759150325521968 -2.2229834602520703e-05
leaf_weight=4929 224 264 250 200 453 206 1647 221 207 214 297 203 274 389 408 726 239 418 451 241 13924 21621 392 254 233 7080 1927 31516 2636 7007
leaf_count=4929 224 264 250 200 453 206 1647 221 207 214 297 203 274 389 408 726 239 418 451 241 13924 21621 392 254 233 7080 1927 31516 2636 7007
internal_value=0.000645664 0.0120747 0.0146905 0.0119322 0.0141039 0.00861336 -6.85372e-05 0.00360998 0.0187204 0.00875325 0.00244125 0.0138668 0.00611273 0.012175 0.0203024 0.0187004 0.00395513 0.00147737 0.0181056 0.00344118 -0.000122116 -7.31926e-05 -0.000547514 0.00273733 0.00788235 2.31077e-05 0.000613515 -6.16396e-05 -0.000295885 0.000372201
internal_weight=99051 5821 4444 2650 1592 1058 93230 1377 1794 688 1944 453 474 595 1341 933 463 923 904 505 91286 86357 14570 646 454 71787 9007 62780 31264 9643
internal_count=99051 5821 4444 2650 1592 1058 93230 1377 1794 688 1944 453 474 595 1341 933 463 923 904 505 91286 86357 14570 646 454 71787 9007 62780 31264 9643
is_linear=0
shrinkage=0.03


Tree=184
num_leaves=31
num_cat=0
split_feature=23 1 16 32 0 25 1 31 22 1 26 31 32 19 34 22 24 22 1 34 11 16 35 19 34 26 12 32 1 23
split_gain=901.32 143.55 50.5717 20.3194 35.4952 15.0196 14.1727 23.6457 13.7415 13.0261 9.72447 9.02083 8.33852 6.65036 6.28706 5.71773 5.29318 4.96187 4.39944 3.87435 3.70816 4.92772 3.6541 7.14899 5.83009 6.01216 5.82026 5.45284 5.28102 5.68019
threshold=0.95802549872652831 15.275000000000002 13.997500000000002 -0.96359376111369355 10.622500000000002 6.3625000000000016 21.875000000000004 1.3949988541162692 11.178125000000001 7.6250000000000009 4.0725000000000007 1.9102946203946392 0.95878322595067733 9.802500000000002 961.12500000000011 13.050625000000002 11.875000000000002 13.504000000000003 11.675000000000002 948.22500000000014 10.277500000000002 14.942500000000003 39.250000000000007 5.1175000000000006 945.72500000000014 5.4975000000000014 6.472500000000001 -0.60873824923885311 -1.6249999999999998 0.72702945767932681
decision_type=2 2 8 2 2 10 2 2 2 2 2 2 2 10 2 2 8 2 2 2 10 8 2 10 2 2 10 2 2 2
left_child=8 2 3 9 11 10 7 -3 22 14 -4 12 -5 -10 -2 -6 -12 -9 -11 -8 -7 -22 23 27 26 -26 -25 -1 -24 -30
right_child=1 6 5 4 15 20 19 17 13 18 16 -13 -14 -15 -16 -17 -18 -19 -20 -21 21 -23 28 24 25 -27 -28 -29 29 -31
leaf_value=-0.0017323581570146101 2.0248657924708346e-06 1.9709139829149347e-06 2.0247034567566491e-06 1.9488464235017931e-06 2.0246474355756214e-06 2.0247032515241515e-06 3.4078519747297163e-05 3.5651798549429791e-06 3.0424198798151278e-06 2.0219867595538069e-06 2.0247032515241515e-06 3.9199049961602394e-06 2.0248655456189813e-06 6.0978688267887544e-06 2.0248261266608837e-06 2.0247034008193281e-06 2.024703251527482e-06 1.5439476803310816e-06 2.0287173231159359e-06 -5.1432537981632717e-05 2.0247032515241515e-06 2.024703251527482e-06 -9.0207124418213429e-05 0.0026987364481519099 -5.8366697890326336e-05 0.00037562900960552036 0.00033854781473960035 -6.5906038595821433e-05 0.00024406746031304584 -2.1562865816426541e-05
leaf_weight=9075 290 210 243 202 632 227 272 400 1542 264 203 218 287 349 216 347 211 217 202 308 353 563 13474 443 3640 322 1023 9160 46144 8189
leaf_count=9075 290 210 243 202 632 227 272 400 1542 264 203 218 287 349 216 347 211 217 202 308 353 563 13474 443 3640 322 1023 9160 46144 8189
internal_value=0.000671584 0.0120741 0.0147089 0.0120338 0.0140402 0.018615 0.00370326 0.00621274 -4.53384e-05 0.00849949 0.0147417 0.00881882 0.00644332 0.00248259 0.0118239 0.017747 0.0175847 0.00319775 0.00480255 0.000102563 0.0207674 0.021772 -9.77323e-05 -0.000418667 0.000536719 -6.20123e-05 0.00214956 -0.000703126 1.42888e-05 0.00014614
internal_weight=99226 5865 4458 2658 1686 1800 1407 827 93361 972 657 707 489 1891 506 979 414 617 466 580 1143 916 91470 23663 5428 3962 1466 18235 67807 54333
internal_count=99226 5865 4458 2658 1686 1800 1407 827 93361 972 657 707 489 1891 506 979 414 617 466 580 1143 916 91470 23663 5428 3962 1466 18235 67807 54333
is_linear=0
shrinkage=0.03


Tree=185
num_leaves=31
num_cat=0
split_feature=22 2 20 16 32 3 26 1 11 33 29 10 22 10 19 16 22 28 19 10 32 30 32 21 29 17 29 35 26 10
split_gain=876.352 159.998 54.0291 18.9467 18.0454 16.0181 16.4183 15.1063 14.4368 13.0007 11.5246 11.052 8.6956 7.34294 6.88634 6.5763 6.25968 6.09303 4.77541 4.74351 6.8166 4.22316 4.12192 3.97974 6.73874 7.31006 5.30158 4.48161 6.86887 7.20233
threshold=11.625333333333336 1.1474195251904404 13.143125000000003 13.997500000000002 -0.95878322595067689 10.439077069198984 3.3825000000000003 23.525000000000002 15.100000000000003 0.10452846326765323 8.0275000000000016 4.5000000000000009 11.178125000000001 11.500000000000002 10.002500000000003 13.842500000000003 13.504000000000003 1.9209337462442344 9.802500000000002 10.500000000000002 0.95878322595067733 16.625000000000004 -0.95878322595067689 3.650592325346993 0.94250000000000023 1.4375000000000002 0.48750000000000004 40.250000000000007 3.4825000000000008 9.5000000000000018
decision_type=2 2 2 8 2 2 2 2 10 2 2 2 2 2 10 10 2 2 10 2 2 2 2 2 2 2 2 2 2 2
left_child=12 7 4 8 14 6 -6 10 22 -8 -2 -12 23 21 17 -11 -13 -3 -14 20 -7 -5 -4 26 -25 -26 -1 28 -28 -30
right_child=1 2 3 13 5 19 9 -9 -10 15 11 16 18 -15 -16 -17 -18 -19 -20 -21 -22 -23 -24 24 25 -27 27 -29 29 -31
leaf_value=-0.0020781446697123382 3.6740806166013494e-06 1.9480231861205708e-06 1.9646110841886611e-06 1.9639621509848214e-06 1.9639264630756243e-06 1.963991805467206e-06 1.8987777855795452e-06 -2.9833026020980035e-05 1.9640145668964326e-06 1.9715893721794497e-06 2.3569741827690074e-06 2.9973863339560755e-06 2.880838630501259e-06 1.9639621539824235e-06 1.9647600028153897e-06 1.9638246957229495e-06 1.859094729475207e-06 1.9625249302121426e-06 6.0264109144044167e-06 1.9642410961218103e-06 1.9639347025342421e-06 1.9639621539824235e-06 1.9640431871793163e-06 0.0054014626052094235 0.0035533551926236681 5.6634373198258809e-05 -0.00063065668737008246 2.8325370002590942e-06 -5.1591779836765277e-06 0.00090280933373972528
leaf_weight=1154 457 203 207 318 202 295 319 453 234 247 250 302 1307 370 225 232 230 348 235 226 250 504 290 270 220 3662 14793 62216 8644 471
leaf_count=1154 457 203 207 318 202 295 319 453 234 247 250 302 1307 370 225 232 230 348 235 226 250 504 290 270 220 3662 14793 62216 8644 471
internal_value=0.000664097 0.0116157 0.0145877 0.018403 0.0116767 0.0133598 0.0107463 0.00374425 0.0143845 0.0126725 0.00545257 0.00765438 -6.23387e-05 0.020797 0.00777465 0.015812 0.00512849 0.0058759 0.00216807 0.0166585 0.0148091 0.0188924 0.0172888 -0.000100072 0.000806831 0.000484692 -0.000143259 -0.000116129 -0.000465187 0.000182565
internal_weight=99134 6162 4470 1923 2547 1771 1000 1692 731 798 1239 782 92972 1192 776 479 532 551 1542 771 545 822 497 91430 4152 3882 87278 86124 23908 9115
internal_count=99134 6162 4470 1923 2547 1771 1000 1692 731 798 1239 782 92972 1192 776 479 532 551 1542 771 545 822 497 91430 4152 3882 87278 86124 23908 9115
is_linear=0
shrinkage=0.03


Tree=186
num_leaves=31
num_cat=0
split_feature=23 2 20 2 22 2 31 25 25 23 30 10 21 19 28 25 19 33 0 9 34 21 23 9 8 19 26 26 19 27
split_gain=892.595 146.892 43.6904 20.205 13.1867 12.5737 25.2715 11.8744 11.624 8.94157 15.5333 7.19075 12.2128 7.04139 5.5165 5.47985 5.54463 5.11134 4.96748 4.06854 3.96883 3.60933 5.56654 4.56532 6.79391 6.22895 3.69723 4.21856 3.59929 3.3839
threshold=0.95802549872652831 1.1454304126959505 13.143125000000003 1.1714236925654091 11.178125000000001 1.1198060051589478 1.3949988541162692 6.5325000000000015 5.392500000000001 0.96853676129614419 13.725000000000003 11.500000000000002 2.6613048960551247 8.8675000000000015 1.2992333463577252 4.7175000000000011 9.9025000000000016 -0.14780378300014829 10.407500000000002 2.5000000000000004 948.22500000000014 3.5950530229219599 0.65056811030145212 2.5000000000000004 14.500000000000002 7.472500000000001 3.6275000000000004 2.0425000000000004 3.1675000000000004 1.7343750000000002
decision_type=2 2 2 2 2 2 2 8 8 2 2 2 2 10 2 10 10 2 2 2 2 2 2 2 2 8 2 2 10 2
left_child=4 5 8 7 21 20 -7 -4 19 14 -11 12 -5 -12 -10 -6 -17 -8 -16 -3 -2 29 23 28 26 -26 27 -25 -23 -1
right_child=1 2 3 11 15 6 17 -9 9 10 13 -13 -14 -15 18 16 -18 -19 -20 -21 -22 22 -24 24 25 -27 -28 -29 -30 -31
leaf_value=-0.00090686377129849886 3.5456589281809276e-05 3.7956861424036894e-06 1.9050432572809139e-06 1.9050432893619183e-06 -1.8104212674674435e-07 1.8497602738265505e-06 2.9074647439386593e-06 1.9050432903364644e-06 1.8219627559024064e-06 1.9051115465116127e-06 1.9049618966872796e-06 1.9050432893619183e-06 1.9055066336748361e-06 1.9059046209612961e-06 1.8959015544228741e-06 4.3297398592301389e-06 5.9380803960817908e-06 -1.1175109625205514e-06 1.9046278158330043e-06 1.8901470996715671e-06 -5.3496875555615921e-05 -0.0024437081067077474 -0.00021114886977913617 -0.0011656690714760096 0.0021398090455996255 0.0040505387672145274 -0.0023953106783256282 0.0017338325491583161 0.0020494341632364766 -1.870397782701767e-05
leaf_weight=10094 260 233 303 624 535 205 385 342 202 608 202 475 217 278 317 1143 232 221 319 301 330 1022 1249 347 289 358 342 661 212 76690
leaf_count=10094 260 233 303 624 535 205 385 342 202 608 202 475 217 278 317 1143 232 221 319 301 330 1022 1249 347 289 358 342 661 212 76690
internal_value=0.000629811 0.0120206 0.0147011 0.0180656 -8.25515e-05 0.00353983 0.00595221 0.0135 0.0119878 0.0130875 0.0149369 0.0202438 0.0182589 0.010701 0.0106121 0.0023812 0.00338043 0.00281833 0.012 0.00793692 0.00020168 -0.000134241 0.000695651 0.0013526 0.00223726 0.00475307 0.00101845 0.0019309 -8.23252e-05 -0.00017712
internal_weight=98996 5822 4421 1961 93174 1401 811 645 2460 1926 1088 1316 841 480 838 1910 1375 606 636 534 590 91264 4480 3231 1997 647 1350 1008 1234 86784
internal_count=98996 5822 4421 1961 93174 1401 811 645 2460 1926 1088 1316 841 480 838 1910 1375 606 636 534 590 91264 4480 3231 1997 647 1350 1008 1234 86784
is_linear=0
shrinkage=0.03


Tree=187
num_leaves=31
num_cat=0
split_feature=23 2 16 32 0 1 31 27 1 23 24 23 31 32 10 19 34 14 31 26 24 0 35 16 4 24 28 10 26 3
split_gain=920.29 144.398 51.1198 23.7166 37.9175 14.6181 36.3153 12.3214 11.7944 10.6477 7.4824 7.28847 6.31482 8.61965 5.95394 5.41363 7.92103 4.22752 4.78235 4.11514 6.59625 6.19495 4.72081 5.64652 4.78563 6.40641 4.10811 4.8808 3.91885 3.91061
threshold=0.95802549872652831 1.1474195251904404 13.997500000000002 -0.96359376111369355 10.622500000000002 21.875000000000004 1.3812249728329637 5.920625000000002 9.2250000000000014 0.93853258385816518 10.625000000000002 0.98197505710993016 1.9102946203946392 0.9681107762825325 11.500000000000002 9.2125000000000021 957.12500000000011 1.2882384613623898 2.5473523311194146 1.6775000000000004 6.3750000000000009 5.9825000000000008 26.750000000000004 8.4975000000000023 0.69172859185232982 8.5750000000000028 1.2928956518612609 6.5000000000000009 5.8425000000000011 2.8963702234279309
decision_type=2 2 8 2 2 2 2 2 2 2 8 2 2 2 2 10 2 2 2 2 10 2 2 10 2 8 2 2 2 2
left_child=9 5 3 8 12 6 -2 -4 10 17 -3 -8 13 -5 -9 16 -6 18 19 20 -1 -22 23 -21 25 -25 27 -19 -24 -28
right_child=1 2 7 4 15 -7 11 14 -10 -11 -12 -13 -14 -15 -16 -17 -18 26 -20 22 21 -23 28 24 -26 -27 29 -29 -30 -31
leaf_value=-0.00087167388065534335 1.7864527759120508e-06 1.8480284563238135e-06 1.8481605168430003e-06 1.8449221536653847e-06 1.8479680100437928e-06 8.0426520377882256e-06 2.1074509107854576e-06 1.8478919906816937e-06 1.8478013222243126e-06 2.0410699164508104e-06 1.8481458562236153e-06 1.392724077374785e-06 1.6565815305377425e-06 1.8480469849557756e-06 1.8478919906816937e-06 1.8478824759360355e-06 1.8478802033171035e-06 0.0023921398751330998 -0.0017328231075784282 -0.0015008715873914289 0.0042040492498299671 -0.00011697461670810538 1.2279769355400533e-05 -5.3763369234225423e-05 -6.584325610919261e-05 0.00074141948864379274 0.0027829908644591561 0.00013513610395187703 4.4452900049092304e-05 -0.00013687526295383018
leaf_weight=16351 230 226 366 210 209 555 463 1001 378 1174 340 201 212 275 458 285 459 2585 5108 5976 307 257 50507 467 979 663 480 3299 593 4627
leaf_count=16351 230 226 366 210 209 555 463 1001 378 1174 340 201 212 275 458 285 459 2585 5108 5976 307 257 50507 467 979 663 480 3299 593 4627
internal_value=0.0006804 0.0121992 0.0148922 0.0121385 0.0143202 0.00396355 0.00632703 0.0187623 0.00826976 -4.41117e-05 0.0110018 0.00271749 0.00890171 0.00688775 0.020043 0.0182161 0.0164131 -8.03335e-05 -0.000155074 -9.53952e-05 -0.000507979 0.00266784 2.25538e-05 -0.000650804 0.000682592 0.00200881 0.000471716 0.00101172 0.000129145 -0.000150822
internal_weight=99241 5868 4419 2594 1650 1449 894 1825 944 93373 566 664 697 485 1459 953 668 92199 81208 76100 16915 564 59185 8085 2109 1130 10991 5884 51100 5107
internal_count=99241 5868 4419 2594 1650 1449 894 1825 944 93373 566 664 697 485 1459 953 668 92199 81208 76100 16915 564 59185 8085 2109 1130 10991 5884 51100 5107
is_linear=0
shrinkage=0.03


Tree=188
num_leaves=31
num_cat=0
split_feature=22 2 20 2 1 31 22 25 32 32 17 12 2 29 31 10 20 17 32 22 11 34 14 28 10 18 34 25 9 19
split_gain=891.473 156.691 39.6686 23.9846 16.2945 22.9681 15.8004 14.08 15.2523 11.3236 11.3215 9.63888 10.3534 7.1964 7.12919 5.63363 5.6111 5.28924 4.99619 4.53615 4.44731 4.28182 3.32759 4.58646 5.10517 3.40944 5.52365 3.20503 3.15638 5.74426
threshold=11.751791666666668 1.1518199836471661 12.953375000000003 1.1714236925654091 21.875000000000004 1.3812249728329637 11.178125000000001 5.392500000000001 -0.96359376111369355 -0.95368063612909426 13.922500000000003 10.867500000000001 1.2089315417241404 8.0275000000000016 1.8773442608430615 10.500000000000002 11.466000000000003 13.477500000000003 0.98321746822993605 2.0255416666666668 10.832500000000001 951.12500000000011 2.0666629688137514 1.3676424360231121 4.5000000000000009 1.4075000000000004 943.32500000000016 5.1325000000000012 5.5000000000000009 5.2875000000000005
decision_type=2 2 2 2 2 2 2 8 2 2 2 10 2 2 2 2 2 2 2 2 8 2 2 2 2 10 2 10 2 8
left_child=6 4 7 9 5 -2 19 17 -9 -4 -5 12 15 -7 18 -10 -16 -3 -8 -1 -12 -15 25 24 -24 26 -21 -6 -27 -30
right_child=1 2 3 10 27 13 14 8 11 -11 20 -13 -14 21 16 -17 -18 -19 -20 22 -22 -23 23 -25 -26 28 -28 -29 29 -31
leaf_value=-0.0015455856092356684 1.7924456575782248e-06 1.7829529446553548e-06 1.7924552338732801e-06 1.7929193862171454e-06 -7.740525305568457e-05 4.6633117880443226e-06 1.6515592343896671e-06 1.7926835815437632e-06 1.7922842673312252e-06 1.7924552194048537e-06 1.7924552309622754e-06 1.7924109329336967e-06 1.7981673305148208e-06 1.5515714129143604e-06 3.1102782231862134e-06 1.7296498246410737e-06 3.5798220221949782e-06 1.601563600036604e-06 5.8703377165448467e-06 0.0058103149450293703 1.7924552309622754e-06 2.3158770343383194e-06 0.0068120755493899284 -9.1691344117540425e-05 0.0013996971006376435 -4.5648416647793287e-05 0.00032762541249112932 3.0863291331243254e-05 0.0018236703811017063 -1.4606028649517954e-05
leaf_weight=4300 326 240 368 231 246 364 1226 344 225 203 309 413 340 216 253 206 257 202 228 360 994 217 327 1346 1023 68606 3809 360 3429 8423
leaf_count=4300 326 240 368 231 246 364 1226 344 225 203 309 413 340 216 253 206 257 202 228 360 994 217 327 1346 1023 68606 3809 360 3429 8423
internal_value=0.000663376 0.0120671 0.0152757 0.0181635 0.0044827 0.00661436 -4.44596e-05 0.0121519 0.0135264 0.0127031 0.0201481 0.0151539 0.0129858 0.00382668 0.00261452 0.00969495 0.00565048 0.00730201 0.00153393 -0.000101596 0.0212775 0.00641781 -5.47254e-05 0.000981858 0.00221402 -8.78044e-05 0.000748202 0.000510638 -0.000131167 0.000320822
internal_weight=99391 5804 4075 2105 1729 1123 93587 1970 1528 571 1534 1184 771 797 1964 431 510 442 1454 91623 1303 433 87323 2696 1350 84627 4169 606 80458 11852
internal_count=99391 5804 4075 2105 1729 1123 93587 1970 1528 571 1534 1184 771 797 1964 431 510 442 1454 91623 1303 433 87323 2696 1350 84627 4169 606 80458 11852
is_linear=0
shrinkage=0.03


Tree=189
num_leaves=31
num_cat=0
split_feature=23 2 16 0 17 15 26 27 2 31 31 31 8 22 22 15 16 16 9 29 14 20 35 28 31 26 31 13 7 29
split_gain=892.87 152.106 48.3266 19.0142 24.5938 21.3666 21.1307 12.9149 12.6797 14.5779 12.032 10.2137 10.3476 7.17986 7.11768 4.9951 4.47362 4.30519 3.82454 3.80657 3.46093 4.68359 4.49949 4.49196 3.82256 3.47297 4.42351 3.80835 5.25574 3.44802
threshold=0.95802549872652831 1.1454304126959505 13.997500000000002 10.622500000000002 13.587500000000002 -0.45500000000000024 5.0375000000000005 6.0914583333333345 1.1133904006905853 1.3258301079052313 1.8004958342549586 1.9102946203946392 9.5000000000000018 13.504000000000003 11.178125000000001 0.61500000000000121 13.102500000000003 15.752500000000003 4.5000000000000009 0.48750000000000004 1.2882384613623898 8.4727500000000013 19.750000000000004 2.9064466776774478 1.2000496524329696 1.6775000000000004 2.7180967608219344 0.87666666666666682 19.500000000000004 9.3725000000000023
decision_type=2 2 8 2 2 10 2 2 2 2 2 2 2 2 2 10 10 8 2 2 2 2 2 2 2 2 2 2 2 2
left_child=14 8 3 11 6 -6 -5 10 -2 -10 -4 12 -3 -11 19 16 -7 18 -9 -1 22 -22 -21 25 -25 -24 27 28 -27 -8
right_child=1 2 7 4 5 15 29 17 9 13 -12 -13 -14 -15 -16 -17 -18 -19 -20 20 21 -23 23 24 -26 26 -28 -29 -30 -31
leaf_value=-0.0016239361031317749 -2.7105003245695967e-05 1.672885687677026e-06 1.7386815740270121e-06 1.7385657048440972e-06 1.7389209730889198e-06 1.7386722447675987e-06 1.7384029895534133e-06 1.7386815740350058e-06 1.6782175767260376e-06 3.4186618896858698e-06 1.7386815740350058e-06 1.4760342107167368e-06 1.7387350252375591e-06 1.7000576508779365e-06 2.2465814181171772e-06 1.7386711780392253e-06 1.7387247985956032e-06 1.7386815740350058e-06 1.7386815740083605e-06 -0.00056478026729299467 0.00091527409030746289 -0.00011885803267778216 -0.00065405798499393493 0.0025859665254204154 0.00011860012425873756 -0.0011566049484892881 -0.0024286050883886912 -1.0741862758717264e-07 0.0062351691579359382 1.7272585212146917e-06
leaf_weight=1198 386 266 204 353 258 352 200 703 209 493 294 213 273 314 1889 202 309 414 209 3979 9370 1724 16984 337 803 221 2042 54386 363 220
leaf_count=1198 386 266 204 353 258 352 200 703 209 493 294 213 273 314 1889 202 309 414 209 3979 9370 1724 16984 337 803 221 2042 54386 363 220
internal_value=0.000638036 0.0119796 0.0146816 0.0120453 0.0136588 0.016516 0.00943573 0.0184625 0.00334328 0.005095 0.0140278 0.0079181 0.00563051 0.00322537 -7.63986e-05 0.0187915 0.0201757 0.0200691 0.0185758 -0.00011411 -9.17492e-05 0.00040436 -0.000161338 -0.000109235 0.00175546 -0.00013808 -2.58877e-05 2.51016e-05 0.00242445 0.0048
internal_weight=99168 5872 4470 2646 1894 1121 773 1824 1402 1016 498 752 539 807 93296 863 661 1326 912 91407 90209 11094 79115 75136 1140 73996 57012 54970 584 420
internal_count=99168 5872 4470 2646 1894 1121 773 1824 1402 1016 498 752 539 807 93296 863 661 1326 912 91407 90209 11094 79115 75136 1140 73996 57012 54970 584 420
is_linear=0
shrinkage=0.03


Tree=190
num_leaves=31
num_cat=0
split_feature=23 1 23 14 16 32 31 1 23 22 22 13 31 16 34 1 35 13 19 29 34 35 1 34 34 31 24 27 8 32
split_gain=896.977 142.682 51.1512 19.0766 19.128 14.0259 13.3491 12.485 10.973 8.59732 7.68171 7.52266 9.09853 6.42193 5.19599 4.99744 4.82885 4.62806 4.14182 3.86084 3.85847 3.80961 6.11509 11.6891 6.22804 21.4216 6.55459 5.81097 5.43964 6.16183
threshold=0.95802549872652831 15.275000000000002 0.97769015574246521 0.63388353294065891 13.997500000000002 -0.95878322595067689 1.2405645287847513 7.6250000000000009 0.96853676129614419 11.178125000000001 13.504000000000003 9.9950000000000028 1.8701187327197217 14.942500000000003 950.72500000000014 8.6250000000000018 66.750000000000014 11.204166666666667 9.802500000000002 0.48750000000000004 955.12500000000011 45.250000000000007 5.2750000000000012 944.02500000000009 960.62500000000011 1.0922569369795909 8.7750000000000021 3.7979166666666671 15.500000000000002 -0.80382625221112003
decision_type=2 2 2 2 8 2 2 2 2 2 2 2 2 8 2 2 2 2 10 2 2 2 2 2 2 2 8 2 2 2
left_child=9 2 5 13 20 7 -3 -2 11 19 -8 12 -7 17 -12 -6 -10 -4 -11 -1 -5 27 23 -23 -24 -26 -27 -21 -25 -30
right_child=1 6 3 4 15 8 10 -9 16 18 14 -13 -14 -15 -16 -17 -18 -19 -20 21 -22 22 24 28 25 26 -28 -29 29 -31
leaf_value=-0.0017524404615539542 1.6865377429634138e-06 1.6180233955664923e-06 1.6865211268135559e-06 1.6879616294507293e-06 1.6865211268135559e-06 1.6717929277004487e-06 2.950080843612152e-06 1.527830399598029e-06 1.688318555279622e-06 2.0130149231889494e-06 7.1553798112367057e-06 1.6808050340044733e-06 3.7057405121165843e-06 1.6865211268135559e-06 1.5931937892255109e-06 1.6865200758342524e-06 1.6863560223636111e-06 1.6865211268102254e-06 3.0185708595518437e-06 -0.00122168148115287 1.68663322941155e-06 0.0073164859815702662 9.0911907705960577e-05 -0.00015770991128646883 0.004629016724078232 -4.807130144057314e-05 0.0019162329619380608 1.5139352812768406e-05 -0.00025621161403629241 0.00023322685485653425
leaf_weight=1192 333 200 295 200 295 234 782 250 362 1540 221 395 215 477 200 200 203 708 338 18242 220 205 27901 19225 391 1707 460 12717 3232 6203
leaf_count=1192 333 200 295 200 295 234 782 250 362 1540 221 395 215 477 200 200 203 708 338 18242 220 205 27901 19225 391 1707 460 12717 3232 6203
internal_value=0.000635322 0.012088 0.0147493 0.0177187 0.0141359 0.0111437 0.00374361 0.00712755 0.0127744 -7.56129e-05 0.00252566 0.0104806 0.00767181 0.0198788 0.0057676 0.01815 0.0160789 0.0182351 0.00193096 -0.000116912 0.00924706 -9.44651e-05 4.63173e-05 -0.00026654 0.000342797 0.0017581 0.000584253 -0.000364198 -0.000318159 0.000271715
internal_weight=99143 5790 4387 2395 915 1992 1403 583 1409 93353 1203 844 449 1480 421 495 565 1003 1878 91475 420 90283 59324 28865 30459 2558 2167 30959 28660 9435
internal_count=99143 5790 4387 2395 915 1992 1403 583 1409 93353 1203 844 449 1480 421 495 565 1003 1878 91475 420 90283 59324 28865 30459 2558 2167 30959 28660 9435
is_linear=0
shrinkage=0.03


Tree=191
num_leaves=31
num_cat=0
split_feature=23 2 16 14 4 1 31 17 27 22 31 33 31 22 10 31 24 10 33 21 29 9 10 34 18 29 34 34 34 34
split_gain=911.111 139.543 52.6622 15.9365 25.5046 15.0744 19.9235 14.3181 12.3758 10.8868 10.2546 9.83119 8.36446 6.64539 5.54523 12.621 4.5781 4.95141 5.53806 4.94292 7.26097 6.64992 4.81233 5.19553 8.92597 11.1369 10.1892 8.41186 8.02746 5.45537
threshold=0.95802549872652831 1.1474195251904404 13.997500000000002 0.63388353294065891 0.91501037992003975 23.525000000000002 1.3086863751623479 13.587500000000002 5.920625000000002 13.504000000000003 1.8701187327197217 -0.25881904510252068 1.5509605483095885 11.178125000000001 11.500000000000002 1.5039617901979414 7.075000000000002 1.5000000000000002 -0.66259481767468253 4.0480622336869425 2.3775000000000004 2.5000000000000004 9.5000000000000018 953.42500000000018 5.6325000000000012 3.4625000000000004 958.02500000000009 962.02500000000009 968.27500000000009 951.02500000000009
decision_type=2 2 8 2 2 2 2 2 2 2 2 2 2 2 2 2 8 2 2 2 2 2 2 2 8 2 2 2 2 2
left_child=13 5 3 4 10 6 -2 -6 -4 -8 -3 -5 -13 16 15 -10 17 18 -1 22 21 -21 23 29 28 26 -26 -28 -25 -18
right_child=1 2 8 11 7 -7 9 -9 14 -11 -12 12 -14 -15 -16 -17 19 -19 -20 20 -22 -23 -24 24 25 -27 27 -29 -30 -31
leaf_value=0.0026894175958153267 2.0249375202663584e-06 1.6380497139236082e-06 1.636192245457746e-06 1.6363078336174182e-06 1.6357504614816776e-06 -2.7775659602691237e-05 3.0392752263955224e-06 1.6359328159764255e-06 1.6359254930076173e-06 1.5365050754889698e-06 1.5451540335899371e-06 1.6355941926471384e-06 1.6364521574296908e-06 2.1770099455669971e-06 1.6359254930076173e-06 1.6359254900666363e-06 6.6741972739704814e-08 -8.849844586134164e-05 -0.0013817043877725024 0.00013277933950877618 -2.9755088387706241e-05 0.003835261652430819 9.6070926083652303e-05 -0.002049193064779044 2.5350114776930832e-05 -2.0940057105757592e-05 0.0020687445781042346 0.00037231827137991654 0.01544127292960216 0.00040485695335602199
leaf_weight=222 203 361 345 243 358 355 513 772 621 344 224 439 215 1897 455 352 17282 41849 5122 203 627 338 5946 8229 657 6146 355 271 265 3974
leaf_count=222 203 361 345 243 358 355 513 772 621 344 224 439 215 1897 455 352 17282 41849 5122 203 627 338 5946 8229 657 6146 355 271 265 3974
internal_value=0.000638393 0.0121705 0.0148121 0.0120573 0.0137703 0.00396127 0.00574648 0.0164141 0.0188251 0.00369954 0.0085678 0.00872395 0.00671927 -7.84797e-05 0.0201019 0.0185184 -0.000114963 -0.000320544 -0.00118003 0.00010409 0.00202557 0.00455494 5.18194e-05 -7.49523e-05 -0.000484619 0.000274818 0.00281133 0.00553407 -0.00114861 0.000231973
internal_weight=99183 5800 4385 2612 1715 1415 1060 1130 1773 857 585 897 654 93383 1428 973 91486 47193 5344 44293 1168 541 43125 37179 15923 7429 1283 626 8494 21256
internal_count=99183 5800 4385 2612 1715 1415 1060 1130 1773 857 585 897 654 93383 1428 973 91486 47193 5344 44293 1168 541 43125 37179 15923 7429 1283 626 8494 21256
is_linear=0
shrinkage=0.03


Tree=192
num_leaves=31
num_cat=0
split_feature=23 2 16 32 0 27 10 1 31 2 31 21 23 8 23 32 2 19 10 31 22 18 1 35 8 17 13 11 14 11
split_gain=898.235 148.432 53.8806 20.3841 37.9644 14.3242 14.0318 13.2127 14.4741 12.8459 10.567 8.42253 7.84472 7.43119 7.35554 6.92397 8.09105 5.4828 5.27808 8.09038 3.6447 3.54637 4.37931 6.55883 6.4982 4.42833 3.47326 3.29812 2.98164 6.09541
threshold=0.95802549872652831 1.1474195251904404 13.997500000000002 -0.96359376111369355 10.622500000000002 6.0914583333333345 11.500000000000002 23.525000000000002 1.3640388349514565 1.1753829650923688 1.9102946203946392 1.9381998732983103 0.92986604680737783 9.5000000000000018 0.98197505710993016 -0.90992662233962551 1.1787379071564679 10.097500000000002 11.500000000000002 1.4981258517259308 2.0255416666666668 1.5575000000000003 22.625000000000004 31.750000000000004 14.500000000000002 2.1825000000000006 2.4625000000000008 1.0375000000000003 0.18991225917575918 6.3725000000000014
decision_type=2 2 8 2 2 2 2 2 2 2 2 2 2 2 2 2 2 10 2 2 2 10 2 2 2 2 2 10 2 10
left_child=12 7 3 9 10 6 -4 8 -2 -3 13 -11 20 -5 -10 16 -6 -14 19 -7 26 22 24 -24 -22 -26 -1 -27 29 -23
right_child=1 2 5 4 15 18 -8 -9 14 11 -12 -13 17 -15 -16 -17 -18 -19 -20 -21 21 28 23 -25 25 27 -28 -29 -30 -31
leaf_value=-0.0016421268367836999 1.5187429357685542e-06 1.5870675643089395e-06 1.586823572606678e-06 1.5243284945527269e-06 1.5868416416942032e-06 1.5868477282188209e-06 1.5868477282188209e-06 -2.2858769402080981e-05 5.5392462000834058e-06 1.5870504151318231e-06 3.2706194988363356e-06 1.5869833510503246e-06 2.053483229511599e-06 1.586335091451222e-06 1.3901894642154299e-06 1.5868390679996591e-06 1.5868262674508304e-06 6.2817601945226066e-06 1.5868477282188209e-06 1.5868477253644374e-06 -0.00064245762077796672 -0.0017886790059760049 -0.00036493634364311137 0.0060165491692470196 0.011781005070146625 0.005926050099165402 0.0021902675028157136 0.00048990849627020391 -1.4795905836975097e-05 1.2738695495606442e-05
leaf_weight=3913 272 395 232 226 208 603 228 378 548 328 215 200 1691 264 260 497 257 249 397 331 2669 7792 436 602 201 291 358 918 69255 4903
leaf_count=3913 272 395 232 226 208 603 228 378 548 328 215 200 1691 264 260 497 257 249 397 331 2669 7792 436 602 201 291 358 918 69255 4903
internal_value=0.000634157 0.0120436 0.014801 0.0119884 0.0139827 0.0188235 0.0139355 0.00373616 0.00541935 0.00833082 0.00859859 0.0113809 -8.06585e-05 0.00606061 0.00336531 0.0178635 0.0148404 0.00180463 0.0204543 0.018901 -0.000120798 -7.87976e-05 0.000687036 0.00242186 0.000243143 0.00188693 -0.000975913 0.00118863 -0.000126656 -0.000549213
internal_weight=99117 5839 4381 2590 1667 1791 460 1458 1080 923 705 528 93278 490 808 962 465 1940 1331 934 91338 87067 5117 1038 4079 1410 4271 1209 81950 12695
internal_count=99117 5839 4381 2590 1667 1791 460 1458 1080 923 705 528 93278 490 808 962 465 1940 1331 934 91338 87067 5117 1038 4079 1410 4271 1209 81950 12695
is_linear=0
shrinkage=0.03


Tree=193
num_leaves=31
num_cat=0
split_feature=23 1 20 1 32 3 31 25 1 31 16 25 1 1 22 34 33 19 10 10 32 13 33 28 30 14 29 34 34 14
split_gain=922.932 151.202 51.2721 20.0623 19.1212 21.8302 15.4051 14.1186 13.7539 27.0118 9.77973 9.49687 8.72632 13.1787 5.7314 4.58803 4.4594 4.42589 4.26687 3.95759 6.30332 3.62066 3.46123 4.245 4.27318 3.48504 4.91834 5.137 3.59321 3.39129
threshold=0.95802549872652831 15.275000000000002 13.143125000000003 8.8250000000000028 -0.95878322595067689 10.439077069198984 1.8701187327197217 6.3625000000000016 21.875000000000004 1.3877854262061438 15.287500000000001 6.5325000000000015 8.4250000000000025 2.3750000000000004 11.178125000000001 960.62500000000011 -0.13917310096006555 9.802500000000002 9.5000000000000018 10.500000000000002 0.95878322595067733 9.6441666666666688 -0.66259481767468253 1.7432246807176563 3.3750000000000004 0.3168990375498198 2.7075000000000005 951.42500000000018 947.57500000000016 0.17322913534781684
decision_type=2 2 2 2 2 2 2 8 2 2 8 8 2 2 2 2 2 10 2 2 2 2 2 2 2 2 2 2 2 2
left_child=14 2 4 10 12 6 7 -6 9 -3 15 -5 13 -2 22 18 -11 -16 -4 20 -7 -8 23 -1 -25 26 27 29 -28 -24
right_child=1 8 3 11 5 19 21 -9 -10 16 -12 -13 -14 -15 17 -17 -18 -19 -20 -21 -22 -23 25 24 -26 -27 28 -29 -30 -31
leaf_value=0.00048338329594281939 1.5396858417626723e-06 1.5209381496639668e-06 1.5392422963689255e-06 1.5392422656002047e-06 1.4218673567551594e-06 1.5402125876495808e-06 2.6616832185541338e-06 1.5409779103447984e-06 -3.8556654549537494e-06 2.6524064244461096e-06 1.5392422963722563e-06 1.5392422962490215e-06 1.5398144398948154e-06 1.5394702250781654e-06 1.9254049946873142e-06 1.5392979642890066e-06 -8.6302410801285916e-07 4.9305654084597082e-06 1.5392422963722563e-06 1.53932027054271e-06 1.539183143792755e-06 1.4618238443554347e-06 -0.0014597550469772967 0.0075860727343949989 0.00059962300442359395 -8.6022697816481896e-06 -0.0010098896393154644 -0.0016873297775949457 8.2847238823418495e-06 0.0012887494137462225
leaf_weight=5704 229 205 324 309 254 315 214 321 555 409 495 342 285 206 1545 310 203 349 200 222 262 203 1454 268 347 58863 1830 8675 12506 1944
leaf_count=5704 229 205 324 309 254 315 214 321 555 409 495 342 285 206 1545 310 203 349 200 222 262 203 1454 268 347 58863 1830 8675 12506 1944
internal_value=0.00065077 0.0121917 0.0148525 0.0184836 0.0119583 0.0136286 0.0105557 0.00726724 0.00345969 0.00592336 0.0206469 0.0139436 0.00773793 0.0103977 -7.3645e-05 0.0183647 0.00271313 0.00155766 0.0202798 0.0173545 0.0156856 0.0149502 -0.000107462 0.000569734 0.00292742 -0.000157675 -0.00044397 -0.000889966 -6.81968e-05 9.87357e-05
internal_weight=99348 5863 4491 1980 2511 1791 992 575 1372 817 1329 651 720 435 93485 834 612 1894 524 799 577 417 91591 6319 615 85272 26409 12073 14336 3398
internal_count=99348 5863 4491 1980 2511 1791 992 575 1372 817 1329 651 720 435 93485 834 612 1894 524 799 577 417 91591 6319 615 85272 26409 12073 14336 3398
is_linear=0
shrinkage=0.03


Tree=194
num_leaves=31
num_cat=0
split_feature=23 2 16 25 25 17 3 17 35 14 10 8 23 22 33 21 10 24 6 35 27 8 33 33 24 5 14 35 34 29
split_gain=914.599 142.911 49.2694 15.454 15.1646 14.0532 17.2304 11.9331 10.8417 9.02461 8.26125 7.72548 13.0715 6.65593 5.83474 5.72525 4.84334 4.70488 4.07266 4.7629 5.86007 4.62925 7.62702 6.87577 6.60954 10.3973 6.24594 6.05739 7.71829 5.99978
threshold=0.95802549872652831 1.1454304126959505 13.997500000000002 5.5475000000000012 6.3625000000000016 13.587500000000002 10.439077069198984 15.497500000000002 46.750000000000007 0.5688511812874375 8.5000000000000018 13.500000000000002 0.97930537588274169 11.178125000000001 -0.16504132135358066 1.302898691344786 11.500000000000002 9.6750000000000025 2.5000000000000004 43.750000000000007 3.7979166666666671 13.500000000000002 -0.27563735581699894 -0.0087262032186418287 6.3750000000000009 0.33758679304163292 0.3168990375498198 76.250000000000014 968.27500000000009 0.86750000000000005
decision_type=2 2 8 8 10 2 2 2 2 2 2 2 2 2 2 2 2 8 2 2 2 2 2 2 10 2 2 2 2 2
left_child=13 7 3 15 11 10 -7 14 -9 -8 -5 12 -4 18 -2 -3 -6 -17 19 20 -1 22 24 -23 -21 -26 -25 28 -28 -24
right_child=1 2 4 5 16 6 9 8 -10 -11 -12 -13 -14 -15 -16 17 -18 -19 -20 21 -22 23 29 26 25 -27 27 -29 -30 -31
leaf_value=-0.0016134477862199375 6.8459596192482759e-06 1.4934320775642131e-06 1.4314348276933674e-06 1.4924370509008558e-06 1.4930650274802559e-06 1.4936662514676891e-06 1.493058323056573e-06 2.2464884564005194e-05 1.4030760948080534e-06 1.4937126507420516e-06 1.4931016519370566e-06 1.4938618403502827e-06 1.4930650274802559e-06 2.7136514326314431e-06 -9.3453542213451812e-07 1.496164984818301e-06 1.4930650274802559e-06 1.4712733244452007e-06 0.0002203757764796068 0.0001394961016328755 -2.6634137121317458e-06 -6.6435268423489758e-05 -0.002027985101308305 -1.0626059164984665e-05 0.0048134958831086583 7.5175204097002182e-05 0.00029034795016622434 0.0024987844282259998 0.012684205674313057 -0.00010103913861259638
leaf_weight=15005 346 202 203 303 673 407 703 234 256 297 281 215 254 1889 534 239 437 225 11503 10998 10505 9498 1456 3372 205 465 4486 1230 206 22529
leaf_count=15005 346 202 203 303 673 407 703 234 256 297 281 215 254 1889 534 239 437 225 11503 10998 10505 9498 1456 3372 205 465 4486 1230 206 22529
internal_value=0.000607617 0.0121522 0.0147644 0.0121296 0.018648 0.0134654 0.0151126 0.00366545 0.00739394 0.0172537 0.00940238 0.014836 0.0123571 -0.000111418 0.00155932 0.00806557 0.0208789 0.00611514 -0.000147864 -0.0002238 -0.000562023 -6.529e-05 -0.000266112 0.000315688 0.000362888 0.00324444 0.000895579 0.00148203 0.000988715 -0.000572114
internal_weight=99156 5809 4439 2657 1782 1991 1407 1370 490 1000 584 672 457 93347 880 666 1110 464 91458 79955 25510 54445 35653 18792 11668 670 9294 5922 4692 23985
internal_count=99156 5809 4439 2657 1782 1991 1407 1370 490 1000 584 672 457 93347 880 666 1110 464 91458 79955 25510 54445 35653 18792 11668 670 9294 5922 4692 23985
is_linear=0
shrinkage=0.03


Tree=195
num_leaves=31
num_cat=0
split_feature=22 2 16 32 0 2 27 25 2 8 26 14 22 10 19 34 33 10 14 20 10 34 25 12 2 28 16 25 28 33
split_gain=848.515 170.008 52.5623 21.0399 31.1121 15.377 14.9581 11.5546 10.1985 9.45092 9.00775 7.92819 7.78479 5.20893 5.14961 10.7704 4.67847 4.40603 3.65948 3.80475 3.87119 3.7264 3.65086 3.9247 5.024 4.77334 3.63923 3.59376 3.52137 3.39137
threshold=11.751791666666668 1.1474195251904404 13.997500000000002 -0.95878322595067689 10.622500000000002 1.1753829650923688 6.0914583333333345 7.0725000000000007 1.2029886828859271 12.500000000000002 6.2325000000000008 0.69816425956455153 11.178125000000001 11.500000000000002 8.8675000000000015 957.72500000000014 -0.095842103007655791 3.5000000000000004 1.2882384613623898 7.7988750000000007 6.5000000000000009 945.27500000000009 1.0525000000000004 5.9925000000000006 1.1336390725949739 1.0573625795492083 12.717500000000003 3.0125000000000006 2.9064466776774478 -0.58778525229247303
decision_type=2 2 8 2 2 2 2 8 2 2 2 2 2 2 10 2 2 2 2 2 2 2 10 10 2 2 10 10 2 2
left_child=12 7 3 5 9 26 8 16 -4 -5 -9 -7 18 -8 15 -6 -2 -14 28 20 22 -22 -20 -24 25 -25 -3 -26 29 -1
right_child=1 2 6 4 14 11 13 10 -10 -11 -12 -13 17 -15 -16 -17 -18 -19 19 -21 21 -23 23 24 27 -27 -28 -29 -30 -31
leaf_value=0.00064768033579240916 2.6852929835829984e-06 1.4287357722508885e-06 1.4482730766285367e-06 1.4521852557456937e-06 1.448631617492202e-06 1.4484928462340308e-06 1.448273076655182e-06 6.4234049904904184e-06 1.448273076655182e-06 1.4476516538119988e-06 1.2101329078006982e-06 1.4483611880233836e-06 3.163986640196681e-06 1.448273076655182e-06 1.4482631056754913e-06 1.4482586733369763e-06 -4.4330805069428763e-05 1.2332836562508231e-06 -0.0023584222424525825 -0.00010898244480980038 0.0023253389197407893 -0.00071275609469568786 0.0019371160978089025 0.0082567394534370665 0.0045838659877608353 -0.00079266841013391431 1.4488999514888764e-06 0.0027424292593629792 0.00040715631910697754 -6.1790865351397896e-05
leaf_weight=7364 625 208 210 374 201 322 932 359 214 212 232 255 481 380 259 408 335 1471 364 2313 1327 3732 2141 203 203 391 236 288 1214 71795
leaf_count=7364 625 208 210 374 201 322 932 359 214 212 232 255 481 380 259 408 335 1471 364 2313 1327 3732 2141 203 203 391 236 288 1214 71795
internal_value=0.000593342 0.0117607 0.0148854 0.0120302 0.0143646 0.00865205 0.0189098 0.00325643 0.0136783 0.00890355 0.00653859 0.0118711 -9.70187e-05 0.0205421 0.0179794 0.0161287 0.00121243 0.00177517 -0.000137126 0.000376948 0.000665934 0.000130923 0.00141864 0.00174002 0.00320642 0.00133222 0.00438307 0.0054375 -0.000207259 -0.000231886
internal_weight=99049 5762 4211 2475 1454 1021 1736 1551 424 586 591 577 93287 1312 868 609 960 1952 91335 10962 8649 5059 3590 3226 1085 594 444 491 80373 79159
internal_count=99049 5762 4211 2475 1454 1021 1736 1551 424 586 591 577 93287 1312 868 609 960 1952 91335 10962 8649 5059 3590 3226 1085 594 444 491 80373 79159
is_linear=0
shrinkage=0.03


Tree=196
num_leaves=31
num_cat=0
split_feature=23 2 20 32 0 2 35 31 32 25 16 2 2 2 21 2 16 22 22 21 15 31 34 2 35 19 20 2 35 34
split_gain=872.616 170.589 51.8014 19.8578 19.8271 19.5189 11.5576 21.5842 11.5078 9.06826 8.54941 8.46649 12.0549 6.5405 6.00413 5.83944 5.64155 5.01253 4.5415 3.6332 3.56269 3.55846 4.61564 3.50688 3.49838 7.17993 4.57241 7.48789 6.47987 7.23031
threshold=0.95802549872652831 1.1454304126959505 13.143125000000003 -0.95878322595067689 10.622500000000002 1.1714236925654091 51.250000000000007 1.8701187327197217 -0.95368063612909426 7.0725000000000007 15.287500000000001 1.1753829650923688 1.2010206926423612 1.1253368532589978 2.8045135489402262 1.1997122724381479 13.997500000000002 11.178125000000001 13.504000000000003 1.7709229584835513 -0.17750000000000019 2.7180967608219344 942.22500000000014 1.1977549787502133 39.250000000000007 6.642500000000001 8.7081666666666688 1.2167232008117836 64.250000000000014 942.02500000000009
decision_type=2 2 2 2 2 2 2 2 2 8 8 2 2 2 2 2 10 2 2 2 10 2 2 2 2 10 2 2 2 2
left_child=17 9 3 11 6 8 15 -8 16 18 14 -3 -13 -11 20 -5 -4 21 -2 23 -7 24 -23 -6 25 -1 27 28 -26 -30
right_child=1 2 5 4 19 10 7 -9 -10 13 -12 12 -14 -15 -16 -17 -18 -19 -20 -21 -22 22 -24 -25 26 -27 -28 -29 29 -31
leaf_value=-0.00041117318576178061 -3.3488048977994446e-05 1.4053416286319287e-06 1.404808425340409e-06 1.4046441978121659e-06 1.404661990318869e-06 1.40482488435123e-06 1.4041050796420596e-06 3.0183091175159027e-06 1.4048248975406796e-06 2.3483387551970552e-05 1.4048248843545607e-06 1.4050430705137006e-06 1.4048007599659788e-06 1.1586649848205344e-06 1.4048248843545607e-06 1.4065163215482012e-06 1.4048248842346566e-06 1.9612660238566005e-06 1.2981712201443062e-06 1.4051869881459776e-06 1.4048248844321631e-06 0.0045482564197055538 -0.0020040873784916919 1.4048711615241137e-06 -8.1350375243793431e-06 0.00010399498112686811 -2.0261821619513071e-05 -0.00062163358797260866 0.0064815509551285492 0.00069894035942170355
leaf_weight=20271 647 289 222 237 216 262 373 237 208 241 480 207 216 274 210 218 221 1899 232 274 338 203 3254 219 24450 2998 10980 10144 208 18976
leaf_count=20271 647 289 222 237 216 262 373 237 208 241 480 207 216 274 210 218 221 1899 232 274 338 203 3254 219 24450 2998 10980 10144 208 18976
internal_value=0.000614641 0.011879 0.0147583 0.0118434 0.0135514 0.0184517 0.0108645 0.00804878 0.0139893 0.0027148 0.0206409 0.00752301 0.0102126 0.00585577 0.0184417 0.0145109 0.011029 -8.8117e-05 0.000851809 0.0174832 0.0200826 -0.000119818 -0.00106326 0.0153068 -8.27093e-05 -0.00039817 3.06649e-05 0.00014458 0.000315268 0.000727916
internal_weight=99204 5821 4427 2486 1774 1941 1065 610 651 1394 1290 712 423 515 810 455 443 93383 879 709 600 91484 3457 435 88027 23269 64758 53778 43634 19184
internal_count=99204 5821 4427 2486 1774 1941 1065 610 651 1394 1290 712 423 515 810 455 443 93383 879 709 600 91484 3457 435 88027 23269 64758 53778 43634 19184
is_linear=0
shrinkage=0.03


Tree=197
num_leaves=31
num_cat=0
split_feature=23 1 20 2 32 25 4 14 10 1 1 10 26 10 11 29 18 20 34 12 14 10 29 5 29 9 19 26 26 21
split_gain=865.081 171.676 52.358 24.7072 17.4071 16.2688 12.8024 10.6984 9.29608 7.92643 7.87303 7.256 5.82847 5.64033 5.06968 5.0041 4.8884 10.2789 3.74552 7.44432 6.78133 6.18413 9.32783 6.93443 5.51091 4.99069 9.83626 9.69699 8.91053 5.59882
threshold=0.95802549872652831 15.275000000000002 13.143125000000003 1.1714236925654091 -0.96359376111369355 5.4825000000000008 0.91501037992003975 0.63388353294065891 11.500000000000002 23.525000000000002 8.0250000000000021 11.500000000000002 5.0025000000000013 5.5000000000000009 12.442500000000003 5.9625000000000012 14.312500000000002 14.321875000000002 952.82500000000016 5.4875000000000016 0.27610384519842268 6.5000000000000009 2.3375000000000004 0.91328219524078758 4.307500000000001 5.5000000000000009 1.1025000000000003 1.7975000000000001 2.5125000000000006 2.9541099543822589
decision_type=2 2 2 2 2 8 2 2 2 2 2 2 2 2 10 2 10 2 2 10 2 2 2 2 2 2 10 2 2 2
left_child=18 2 4 7 10 -6 8 -4 15 13 -2 16 -8 14 -3 -7 -5 -18 21 20 -20 -1 -23 -24 -21 -22 29 -28 -29 -27
right_child=1 9 3 11 5 6 12 -9 -10 -11 -12 -13 -14 -15 -16 -17 17 -19 19 24 25 22 23 -25 -26 26 27 28 -30 -31
leaf_value=0.00025128317308737661 1.3628458293157841e-06 5.1459978289725146e-06 1.3626801393260454e-06 1.3626801350874461e-06 1.3399532203706525e-06 1.2974200314164185e-06 1.3626125299426305e-06 1.3626792132773438e-06 1.3643208319025213e-06 -2.144030387781548e-05 1.3632727021978155e-06 1.3626801378252561e-06 1.3626489795305211e-06 4.134281893530822e-07 3.6017558316805299e-06 1.363105776862113e-06 1.3648492298822225e-06 1.3626801378252561e-06 -0.0017098733405603288 8.0976424918607345e-05 -0.0006042154017741225 0.00055261263353614191 -0.00039299750508393368 9.1990815741044421e-05 -2.3413256642690336e-06 -0.0013848039573923731 -0.00049612959559723927 0.0065360117251432141 0.0027601689654415005 0.0022610862170347407
leaf_weight=16306 369 251 259 283 359 290 438 372 308 370 271 478 206 380 378 211 235 332 8463 11107 17459 10350 14870 607 11434 1468 386 280 306 202
leaf_count=16306 369 251 259 283 359 290 438 372 308 370 271 478 206 380 378 211 235 332 8463 11107 17459 10350 14870 607 11434 1468 386 280 306 202
internal_value=0.000628941 0.0118758 0.0147615 0.0184384 0.0117924 0.0133043 0.0147263 0.0133443 0.0120553 0.002625 0.00744186 0.0207997 0.017963 0.00399704 0.00573028 0.00936166 0.018807 0.016799 -7.00757e-05 -0.000242713 -0.000564319 0.000139327 -0.000149466 -0.000615619 0.000164862 -0.00026425 0.000949754 0.00334084 0.00575634 -0.000447762
internal_weight=99028 5790 4411 1959 2452 1812 1453 631 809 1379 640 1328 644 1009 629 501 850 567 93238 51105 28564 42133 25827 15477 22541 20101 2642 972 586 1670
internal_count=99028 5790 4411 1959 2452 1812 1453 631 809 1379 640 1328 644 1009 629 501 850 567 93238 51105 28564 42133 25827 15477 22541 20101 2642 972 586 1670
is_linear=0
shrinkage=0.03


Tree=198
num_leaves=31
num_cat=0
split_feature=23 1 16 32 3 25 9 2 21 31 24 31 25 17 8 16 22 16 22 1 8 18 1 35 31 8 25 5 11 19
split_gain=853.479 174.124 54.3657 19.9921 33.996 16.7534 12.9451 11.9828 8.5057 8.41575 6.56391 6.38655 7.65503 5.57736 3.92731 3.75835 3.61755 3.34177 3.16099 3.26595 4.15017 3.24431 4.97714 7.24802 5.21215 5.00287 5.45788 4.76715 4.32128 3.85623
threshold=0.95802549872652831 15.275000000000002 13.997500000000002 -0.96359376111369355 10.702133751397637 6.3625000000000016 4.5000000000000009 1.1753829650923688 1.9381998732983103 1.2405645287847513 7.3750000000000009 1.8701187327197217 6.6525000000000007 14.192500000000003 10.500000000000002 12.717500000000003 13.504000000000003 14.652500000000002 2.0255416666666668 19.775000000000002 5.5000000000000009 2.3675000000000006 22.625000000000004 29.250000000000004 1.062041100173587 16.500000000000004 4.0525000000000011 0.018168234460294665 1.8975000000000002 3.4725000000000006
decision_type=2 2 8 2 2 10 2 2 2 2 10 2 8 2 2 10 2 8 2 2 2 10 2 2 2 2 8 2 10 8
left_child=18 2 3 7 11 6 14 15 -9 -3 13 12 -5 -6 -4 -2 -11 -7 19 -1 -21 22 25 -24 29 -20 27 -27 -28 -25
right_child=1 9 5 4 10 17 -8 8 -10 16 -12 -13 -14 -15 -16 -17 -18 -19 21 20 -22 -23 23 24 -26 26 28 -29 -30 -31
leaf_value=-0.0015674503185603981 1.3192814363080962e-06 4.5366493274910106e-07 1.3217997336900654e-06 1.278048404172084e-06 1.3217850620109752e-06 1.3217997336834042e-06 1.3217987547764486e-06 1.3219604544367769e-06 1.3219832864197478e-06 8.6303993798185239e-07 1.3217897479378403e-06 1.2584974304741257e-06 1.3255197087247428e-06 1.3217825519825922e-06 1.3222329219166935e-06 1.3223745240616836e-06 1.1818672002328334e-06 1.3217997336900654e-06 -0.00038400024473238703 0.0034706247210595279 -0.0011035348961090465 -1.074487066721197e-05 -0.00057317355619121121 0.010837789004987834 0.0027133642765990135 0.0042557339062331244 0.0011321386317195558 -0.00065802039887008967 0.011499225356999206 0.0057995088977392702
leaf_weight=3197 217 207 254 239 232 317 206 324 204 768 449 252 254 237 216 232 413 797 6857 219 880 76858 1147 205 1075 497 209 1525 261 438
leaf_count=3197 217 207 254 239 232 317 206 324 204 768 449 252 254 237 216 232 413 797 6857 219 880 76858 1147 205 1075 497 209 1525 261 438
internal_value=0.000599267 0.0117424 0.0146449 0.0118639 0.0138795 0.0187019 0.0147313 0.00837984 0.0114371 0.00245944 0.017753 0.00902 0.00690964 0.0148797 0.0174947 0.00469824 0.00146459 0.0210349 -9.56815e-05 -0.000890026 0.000519021 -5.73219e-05 0.000396758 0.00148955 0.00271967 6.12565e-05 0.00121105 0.000529846 0.00410526 0.00484722
internal_weight=99186 5818 4430 2640 1663 1790 676 977 528 1388 918 745 493 469 470 449 1181 1114 93368 4296 1099 89072 12214 2865 1718 9349 2492 2022 470 643
internal_count=99186 5818 4430 2640 1663 1790 676 977 528 1388 918 745 493 469 470 449 1181 1114 93368 4296 1099 89072 12214 2865 1718 9349 2492 2022 470 643
is_linear=0
shrinkage=0.03


Tree=199
num_leaves=31
num_cat=0
split_feature=23 1 16 32 0 25 1 15 23 8 31 25 22 10 16 33 10 7 35 10 11 19 28 2 9 16 34 1 9 31
split_gain=877.626 176.791 53.3004 19.5848 33.1672 15.1736 13.3259 7.91376 7.7469 7.36006 7.32769 6.78042 5.061 4.88776 4.26782 3.87665 5.54125 3.86653 3.51513 3.21242 4.94203 5.48486 6.60772 5.82978 5.17173 6.14638 8.73535 7.1296 4.97072 4.98182
threshold=0.95802549872652831 15.275000000000002 13.997500000000002 -0.96359376111369355 10.622500000000002 6.3625000000000016 8.8250000000000028 -0.47500000000000037 0.97930537588274169 12.500000000000002 1.2685486154071994 5.642500000000001 13.050625000000002 11.500000000000002 12.717500000000003 -0.16504132135358066 5.5000000000000009 42.500000000000007 19.750000000000004 2.5000000000000004 7.7525000000000013 8.9975000000000023 1.4817444673960352 1.2228028763892957 1.0000000180025095e-35 1.0000000180025095e-35 961.82500000000016 -8.8749999999999982 2.5000000000000004 1.1736176997680794
decision_type=2 2 8 2 2 10 2 10 2 2 2 8 2 2 10 2 2 2 2 2 10 8 2 2 2 10 2 2 2 2
left_child=17 2 3 6 9 8 7 -2 -4 -5 -3 -6 -13 -7 -8 16 -12 18 -1 20 24 -22 23 -23 -20 26 -26 -28 29 -27
right_child=1 10 5 4 11 13 14 -9 -10 -11 15 12 -14 -15 -16 -17 -18 -19 19 -21 21 22 -24 -25 25 28 27 -29 -30 -31
leaf_value=-0.00034408094732201063 1.2823920861056473e-06 7.528832434524613e-07 1.2740207487837366e-06 1.2896774685156043e-06 1.2830524524905766e-06 1.282145741680063e-06 1.279651420634038e-06 1.2823475898848802e-06 1.282145741680063e-06 1.2833115891419666e-06 1.2019756176696593e-05 1.2820678965898199e-06 1.2821378854810383e-06 1.282145741680063e-06 1.2826111138494476e-06 -8.8006139369407974e-07 -1.9783488758862155e-07 0.00017239881275190651 -0.0026254365465560093 -1.7774632936140566e-06 -0.00032703132171508554 0.0020838498665213109 -7.3944962757255255e-07 0.00012836972524683077 0.0024167616522708059 0.00085197994600645166 0.0062575198269650498 -0.0011105683778610304 -0.00097403411575943668 -4.3453115511449295e-05
leaf_weight=4327 200 226 279 446 214 700 220 340 379 246 360 474 299 434 212 561 216 11726 1609 64204 453 235 673 322 350 376 305 640 5709 2340
leaf_count=4327 200 226 279 446 214 700 220 340 379 246 360 474 299 434 212 561 216 11726 1609 64204 453 235 673 322 350 376 305 640 5709 2340
internal_value=0.000600575 0.0119122 0.0148091 0.0120621 0.0140398 0.018828 0.00859161 0.0117248 0.0149412 0.008901 0.00244956 0.0175796 0.0189602 0.0210079 0.00458581 0.00145271 0.0031704 -0.000104178 -0.00017743 -0.000130768 -0.000560499 0.000954383 0.0019919 0.00439324 -0.000785866 -0.000524422 0.00139615 -0.000110527 -0.000820285 0.000235942
internal_weight=99075 5806 4443 2651 1679 1792 972 540 658 692 1363 987 773 1134 432 1137 576 93269 81543 77216 13012 1683 1230 557 11329 9720 1295 945 8425 2716
internal_count=99075 5806 4443 2651 1679 1792 972 540 658 692 1363 987 773 1134 432 1137 576 93269 81543 77216 13012 1683 1230 557 11329 9720 1295 945 8425 2716
is_linear=0
shrinkage=0.03


Tree=200
num_leaves=31
num_cat=0
split_feature=23 1 20 2 32 3 31 35 1 1 25 17 1 31 26 10 31 2 26 22 19 24 35 11 3 10 19 31 11 18
split_gain=874.71 173.662 54.5832 22.0944 19.7516 19.9939 13.3094 20.0795 10.6292 16.479 9.83377 8.35748 8.26078 13.5032 5.54336 4.24753 5.18787 4.20641 6.22838 4.48378 4.0043 3.77374 3.63751 4.76539 6.84552 3.57944 5.6458 3.50337 3.45728 6.20486
threshold=0.95802549872652831 15.275000000000002 13.143125000000003 1.1714236925654091 -0.95878322595067689 10.439077069198984 1.8701187327197217 53.250000000000007 7.6250000000000009 1.7250000000000003 6.5325000000000015 13.922500000000003 23.525000000000002 1.3143322444050507 5.0375000000000005 1.5000000000000002 2.1126132298089373 1.2296297279618553 1.9925000000000004 3.2277916666666671 1.3325000000000002 10.425000000000002 75.750000000000014 4.6025000000000018 6.4456300545073022 11.500000000000002 10.412500000000001 1.1366824535815541 2.8775000000000008 2.3675000000000006
decision_type=2 2 2 2 2 2 2 2 2 2 8 2 2 2 2 2 2 2 2 2 8 10 2 10 2 2 10 2 10 10
left_child=15 2 4 10 8 6 7 -6 9 -2 -4 -5 13 -3 -7 16 17 18 -1 -20 28 -22 -21 -24 -25 26 -13 -19 -17 -30
right_child=1 12 3 11 5 14 -8 -9 -10 -11 -12 25 -14 -15 -16 20 -18 27 19 22 21 -23 23 24 -26 -27 -28 -29 29 -31
leaf_value=-0.00086122290350173472 1.2422394313900406e-06 9.9481985078697661e-07 1.2441251386408058e-06 1.2440363379273567e-06 1.2452649510452663e-06 1.243626446293574e-06 1.1860509148675646e-06 1.2397693869675472e-06 1.244224952581252e-06 1.2438520252455731e-06 1.2436813722138674e-06 1.2436813694294278e-06 -2.0806148935677004e-05 2.4158060530010868e-06 1.2436670361943967e-06 -0.001481459816868412 -0.0017292796385546994 0.00033009138817994811 0.0018217188423771719 -2.7432183305409176e-05 1.4434087351988811e-06 5.1125294197058576e-05 -0.0018193111044163045 0.0038804445388559848 3.3752732748928426e-05 1.2436813694294278e-06 1.2436813695959602e-06 -0.00049370214004127713 0.0056309404305679035 -0.0010477847909725168
leaf_weight=2089 207 201 293 202 243 572 408 315 296 216 338 444 384 810 203 3320 2487 230 244 1089 78275 230 232 240 509 429 281 1751 437 2325
leaf_count=2089 207 201 293 202 243 572 408 315 296 216 338 444 384 810 203 3320 2487 230 244 1089 78275 230 232 240 509 429 281 1751 437 2325
internal_value=0.000615074 0.0118717 0.0147662 0.0184834 0.0117323 0.0134691 0.0104861 0.00736412 0.00746271 0.010493 0.0136274 0.0206848 0.002625 0.00404232 0.0170962 -8.91697e-05 -0.000713498 -0.000260135 0.000256578 0.0013273 -2.36554e-05 3.38166e-05 0.000867469 0.00218763 0.00334615 0.0217325 0.0199521 -0.00140635 -0.00076491 1.9515e-05
internal_weight=99300 5842 4447 1987 2460 1741 966 558 719 423 631 1356 1395 1011 775 93458 8871 6384 4403 2314 84587 78505 2070 981 749 1154 725 1981 6082 2762
internal_count=99300 5842 4447 1987 2460 1741 966 558 719 423 631 1356 1395 1011 775 93458 8871 6384 4403 2314 84587 78505 2070 981 749 1154 725 1981 6082 2762
is_linear=0
shrinkage=0.03


Tree=201
num_leaves=31
num_cat=0
split_feature=23 1 22 1 32 25 25 12 10 25 1 1 17 25 10 10 9 8 34 1 25 14 1 19 24 19 11 18 35 25
split_gain=853.799 181.737 44.8937 21.764 15.0506 15.2204 13.68 12.4953 12.7978 9.92542 9.17156 16.2382 7.68557 4.99625 4.71392 3.67227 3.77254 4.07811 6.67784 7.76677 5.34005 6.56663 4.92239 4.47443 3.97342 3.64787 3.31058 4.89932 4.0798 4.00406
threshold=0.95802549872652831 15.275000000000002 13.050625000000002 8.8250000000000028 -0.95878322595067689 5.392500000000001 6.5325000000000015 10.727500000000003 11.500000000000002 8.4175000000000022 7.6250000000000009 1.7250000000000003 13.922500000000003 6.3625000000000016 11.500000000000002 1.5000000000000002 1.0000000180025095e-35 15.500000000000002 955.12500000000011 -5.1749999999999989 1.9925000000000004 0.35257386932858931 -1.3249999999999995 8.3425000000000029 6.8750000000000009 1.3325000000000002 2.8425000000000007 2.2175000000000007 58.750000000000007 2.3875000000000006
decision_type=2 2 2 2 2 10 8 10 2 8 2 2 2 10 2 2 2 2 2 2 10 2 2 10 8 8 10 10 2 8
left_child=15 2 4 12 10 -6 -5 8 13 -3 11 -2 -4 -7 -14 16 -1 23 -19 -20 22 -22 -21 -18 -23 26 -17 -28 -29 -30
right_child=1 9 3 6 5 7 -8 -9 -10 -11 -12 -13 14 -15 -16 25 17 18 19 20 21 24 -24 -25 -26 -27 27 28 29 -31
leaf_value=-0.0028356493403895689 1.2062762249143155e-06 6.0304986913843138e-07 1.2067574811425174e-06 1.2063567857523161e-06 1.2195369209055949e-06 1.1378324350153069e-06 1.2063709284093615e-06 1.2063113092984936e-06 1.2080257071933608e-06 5.7414913771147708e-06 1.2068251449437219e-06 1.2065616014300672e-06 1.2063709283460788e-06 1.2078032590719298e-06 1.2063709283460788e-06 -0.0013924899566140003 -0.00080531109600447213 -0.00016886799635758182 -0.00056407343509256463 0.0037621614887598195 -2.7970975725446489e-05 0.00035480837064788437 0.00075847327193963928 4.340377965290321e-05 0.0015740965164101101 4.536143589083669e-07 0.0067766977029784662 -0.0021581535526771522 0.0022522700958597245 -0.0003160558826563209
leaf_weight=1207 208 1055 206 281 393 253 351 504 330 329 299 219 740 218 428 3219 4772 694 384 279 499 205 225 305 226 78417 399 1799 233 407
leaf_count=1207 208 1055 206 281 393 253 351 504 330 329 299 219 740 218 428 3219 4772 694 384 279 499 205 225 305 226 78417 399 1799 233 407
internal_value=0.000588137 0.0117371 0.014699 0.0180418 0.0119012 0.0134621 0.0132245 0.0150344 0.0125397 0.00223758 0.00818331 0.0109931 0.0202016 0.00919538 0.0212072 -0.000107425 -0.000690604 -0.00044206 0.000545887 0.00150082 0.00251425 0.00115508 0.00498625 -0.000930933 0.00384633 -4.66632e-05 -0.000755692 -8.4425e-06 -0.000514321 0.00153488
internal_weight=99084 5814 4430 2006 2424 1698 632 1305 801 1384 726 427 1374 471 1168 93270 8796 7589 2512 1818 1434 930 504 5077 431 84474 6057 2838 2439 640
internal_count=99084 5814 4430 2006 2424 1698 632 1305 801 1384 726 427 1374 471 1168 93270 8796 7589 2512 1818 1434 930 504 5077 431 84474 6057 2838 2439 640
is_linear=0
shrinkage=0.03


Tree=202
num_leaves=31
num_cat=0
split_feature=23 1 16 32 0 25 2 26 31 32 25 21 10 25 16 10 12 19 29 21 34 16 31 16 25 26 34 35 20 34
split_gain=814.412 191.872 52.294 18.4927 34.9013 13.423 10.5503 8.86225 8.32394 7.91875 7.60763 7.52769 5.89933 4.54999 3.9851 3.7512 4.58637 9.51616 7.09673 5.54776 5.28787 4.75907 4.49138 5.17395 4.98249 6.5897 5.37201 3.89536 10.463 7.84881
threshold=0.95802549872652831 15.275000000000002 13.997500000000002 -0.96359376111369355 10.622500000000002 6.3625000000000016 1.1753829650923688 4.0725000000000007 1.9102946203946392 0.95878322595067733 5.642500000000001 1.9381998732983103 11.500000000000002 8.4175000000000022 12.717500000000003 2.5000000000000004 5.4875000000000016 8.3425000000000029 3.0325000000000006 4.2841787361703583 955.32500000000016 10.847500000000002 0.98945979725038191 4.0425000000000013 7.3225000000000007 1.9475000000000005 952.92500000000018 63.250000000000007 8.5177500000000013 942.02500000000009
decision_type=2 2 8 2 2 10 2 2 2 2 8 2 2 8 10 2 10 8 2 2 2 10 2 8 8 2 2 2 2 2
left_child=15 2 3 6 8 7 14 -4 9 -5 -6 -8 -7 -3 -2 16 19 -18 -19 22 21 -20 23 -1 26 -26 -24 -17 29 -29
right_child=1 13 5 4 10 12 11 -9 -10 -11 -12 -13 -14 -15 -16 27 17 18 20 -21 -22 -23 24 -25 25 -27 -28 28 -30 -31
leaf_value=-0.0010009146420898137 1.1683915065602346e-06 3.7311483906843355e-07 1.1702694941262987e-06 1.0978147758072173e-06 1.1710915496276896e-06 1.1701798004948305e-06 1.170322606017713e-06 1.1701798004948305e-06 9.5896134776340953e-07 1.1735761759623653e-06 1.1701664576047042e-06 1.1702137117153288e-06 1.1701798004948305e-06 3.5417860451736335e-06 1.1706520648364358e-06 -1.5316888008019047e-05 -0.00065659333301937739 0.002888782080318811 0.002253348392700848 0.0015072483077056352 -2.2765269832016416e-06 2.4744241252316891e-07 0.0020635183479528322 0.0025989063127306476 -0.0021652035541378325 0.0043825965625533796 -0.0017776633425704777 0.0059856356596815971 -3.2132361874447383e-05 0.00059554121741881233
leaf_weight=490 215 1073 239 200 207 696 324 422 215 278 772 201 408 319 226 53092 1893 505 284 207 2883 409 260 247 276 391 7079 204 4859 20238
leaf_count=490 215 1073 239 200 207 696 324 422 215 278 772 201 408 319 226 53092 1893 505 284 207 2883 409 260 247 276 391 7079 204 4859 20238
internal_value=0.000608613 0.0115164 0.0145828 0.0118638 0.0137889 0.0186017 0.00847786 0.0149504 0.00854011 0.0062236 0.0174421 0.0113491 0.0207105 0.00179957 0.00497085 -6.93413e-05 -0.000505192 0.000138484 0.000953744 -0.000934674 0.000480871 0.00282378 -0.00105041 0.00118464 -0.00125677 0.00121875 -0.00148244 1.36603e-05 0.000319963 0.0006174
internal_weight=99112 5795 4403 2638 1672 1765 966 661 693 478 979 525 1104 1392 441 93317 14924 5974 4081 8950 3576 693 8743 737 8006 667 7339 78393 25301 20442
internal_count=99112 5795 4403 2638 1672 1765 966 661 693 478 979 525 1104 1392 441 93317 14924 5974 4081 8950 3576 693 8743 737 8006 667 7339 78393 25301 20442
is_linear=0
shrinkage=0.03


Tree=203
num_leaves=31
num_cat=0
split_feature=23 1 16 32 3 25 2 23 10 8 14 25 16 10 31 31 10 23 19 6 30 26 20 1 34 25 34 10 32 15
split_gain=827.592 202.472 52.5153 19.0945 31.1747 16.6876 14.4068 14.2631 10.1793 10.0059 7.52286 6.59236 4.93785 4.74273 4.67888 4.23695 4.08422 3.98606 4.57627 4.34452 3.9694 3.89338 8.47267 4.31133 4.4055 4.94364 3.82675 3.55587 3.12451 3.95295
threshold=0.9636624865290373 15.275000000000002 13.997500000000002 -0.96359376111369355 10.439077069198984 6.3625000000000016 1.1753829650923688 0.95802549872652831 8.5000000000000018 11.500000000000002 0.75832600729061161 5.8225000000000007 12.717500000000003 1.5000000000000002 1.6350004952588792 2.1197639604511913 11.500000000000002 0.92986604680737783 9.9025000000000016 2.5000000000000004 15.975000000000003 1.9725000000000004 2.8705000000000007 -2.7749999999999995 974.87500000000011 1.3175000000000001 952.52500000000009 5.5000000000000009 0.99901018088683491 0.019999999999999688
decision_type=2 2 8 2 2 10 2 2 2 2 2 8 10 2 2 2 2 2 10 2 2 2 2 2 2 10 2 2 2 10
left_child=7 2 3 6 9 8 12 13 -4 -5 -8 -6 -2 15 -9 21 -7 19 -19 28 27 -1 -23 24 25 -24 -25 -3 -15 -30
right_child=1 20 5 4 11 16 10 14 -10 -11 -12 -13 -14 17 -16 -17 -18 18 -20 -21 -22 22 23 26 -26 -27 -28 -29 29 -31
leaf_value=-0.0011181564967048285 1.1228928769739302e-06 1.1689945428228209e-05 1.1350744064797523e-06 1.1383326935532346e-06 1.1362634911065786e-06 1.1350744064797523e-06 1.1352550750603995e-06 9.264373410189375e-07 1.1350744064780871e-06 1.1358079128587217e-06 1.1350443381452634e-06 1.1350671400323086e-06 1.1354825646969769e-06 -4.2553490235066603e-05 3.1808900809970894e-06 -0.0017581781083191984 1.1350744064797523e-06 1.4915830633665903e-06 9.6191289437352894e-06 0.00035015849675186815 -3.3563743854214678e-08 0.0013968427454099754 9.1508645149361294e-05 0.0017972255810076636 0.0004405529750663717 -0.0030100571026494718 1.7158409472929041e-05 2.6375835625813815e-07 -6.5441891031850746e-05 0.00043891262123633973
leaf_weight=2413 207 339 260 332 247 698 281 204 376 217 230 711 216 68971 201 2412 447 1443 283 10432 697 310 517 222 230 1353 1411 247 1494 1812
leaf_count=2413 207 339 260 332 247 698 281 204 376 217 230 711 216 68971 201 2412 447 1443 283 10432 697 310 517 222 230 1353 1411 247 1494 1812
internal_value=0.000605545 0.0119047 0.0150731 0.0121656 0.0142718 0.0190129 0.00870926 -5.88399e-05 0.0148549 0.00845307 0.0120872 0.0175452 0.00453505 -8.33698e-05 0.00552439 -0.000743154 0.0212478 -1.40343e-05 0.00141074 -4.38506e-05 0.0014604 -0.000341743 0.000227519 -0.000170948 -0.00106888 -0.001552 0.000983516 0.00326903 -0.000126464 0.000773784
internal_weight=99213 5505 4222 2441 1507 1781 934 93708 636 549 511 958 423 93303 405 8868 1145 84435 1726 82709 1283 6456 4043 3733 2100 1870 1633 586 72277 3306
internal_count=99213 5505 4222 2441 1507 1781 934 93708 636 549 511 958 423 93303 405 8868 1145 84435 1726 82709 1283 6456 4043 3733 2100 1870 1633 586 72277 3306
is_linear=0
shrinkage=0.03


Tree=204
num_leaves=31
num_cat=0
split_feature=23 1 20 10 32 3 31 25 31 1 1 29 21 5 10 19 12 19 27 34 31 24 32 31 31 34 21 28 1 19
split_gain=808.135 227.379 50.5165 18.658 17.0785 20.5464 13.0483 18.6152 9.92126 8.88708 14.0208 8.85727 9.57299 5.25654 4.30152 4.73305 4.1329 9.25433 8.21746 6.98429 4.3677 4.11506 4.16082 8.86023 6.87405 9.78125 5.88837 7.87866 5.74389 7.32945
threshold=0.95802549872652831 15.275000000000002 13.143125000000003 11.500000000000002 -0.95878322595067689 10.439077069198984 1.8701187327197217 6.3625000000000016 1.4271428214276785 7.6250000000000009 1.9250000000000005 9.3725000000000023 1.3929487580868141 0.96387366860590196 2.5000000000000004 1.3325000000000002 5.3775000000000013 8.8675000000000015 3.0606250000000004 961.82500000000016 0.63848643749595391 10.425000000000002 -0.74892720285008318 1.9164833890014068 2.1570454966213091 942.22500000000014 2.388009893194885 1.0244775083786879 22.325000000000006 4.2525000000000013
decision_type=2 2 2 2 2 2 2 8 2 2 2 2 2 2 2 8 10 8 2 2 2 10 2 2 2 2 2 2 2 10
left_child=14 2 4 8 9 6 7 -6 -4 10 -2 13 -13 -10 16 -16 20 -18 19 -19 -1 22 23 26 -24 -26 -17 -28 -25 -30
right_child=1 -3 3 -5 5 -7 -8 -9 11 -11 -12 12 -14 -15 15 21 17 18 -20 -21 -22 -23 24 28 25 -27 27 -29 29 -31
leaf_value=0.0017366421783550487 1.1011364823454439e-06 6.543724967622566e-07 1.1010221742857596e-06 1.1010221742857596e-06 9.8469290453279829e-07 1.1014938198783409e-06 1.0428047212245153e-06 1.1025164966698848e-06 1.1041827127467041e-06 1.1017603409835263e-06 1.1011514738734629e-06 1.1010221749452313e-06 1.1010078595896643e-06 1.1010221715979095e-06 -0.00095293690842399882 -0.00028738315836330684 -0.00041634829963172159 0.0048214650294724579 1.6643692230235985e-05 -0.0014433760526634464 -0.0012825112314745583 5.1314038287675334e-05 7.8445850924591503e-05 0.00072104681538226966 0.0036448180455488453 -0.00018322064600133901 0.0021434130028281169 -5.6673973592962222e-05 -0.0030819448661834289 0.00095154867764867424
leaf_weight=246 207 1384 530 452 265 769 413 311 201 302 211 201 285 261 5939 19213 2234 371 3431 201 8443 227 30329 6475 347 9199 969 3227 1471 1131
leaf_count=246 207 1384 530 452 265 769 413 311 201 302 211 201 285 261 5939 19213 2234 371 3431 201 8443 227 30329 6475 347 9199 969 3227 1471 1131
internal_value=0.000577178 0.0114463 0.0147736 0.0184341 0.0118913 0.0134974 0.0105362 0.00750774 0.016673 0.00790345 0.0107234 0.0146443 0.0115723 0.0177173 -9.7039e-05 -8.29033e-06 -0.000563794 2.54719e-05 0.000888472 0.00420104 -0.000986543 5.8352e-05 4.55594e-05 -0.000206458 0.000250877 -0.000451053 -0.000514949 0.000502737 0.000588966 -0.000600691
internal_weight=99245 5792 4408 1930 2478 1758 989 576 1478 720 418 948 486 462 93453 78527 14926 6237 4003 572 8689 72588 72361 32486 39875 9546 23409 4196 9077 2602
internal_count=99245 5792 4408 1930 2478 1758 989 576 1478 720 418 948 486 462 93453 78527 14926 6237 4003 572 8689 72588 72361 32486 39875 9546 23409 4196 9077 2602
is_linear=0
shrinkage=0.03


Tree=205
num_leaves=31
num_cat=0
split_feature=23 1 20 2 32 25 23 3 2 32 33 8 17 21 14 20 29 33 31 17 34 18 1 35 34 34 8 25 24 33
split_gain=806.519 216.2 45.5639 20.5561 17.0005 15.9707 12.116 10.3357 10.1808 9.80511 6.62147 6.26397 5.18952 4.56977 3.68142 4.39524 3.30729 3.27747 3.7527 3.74318 7.16368 3.16216 5.55387 11.1887 6.99647 6.90482 6.57002 4.71685 7.8133 4.12357
threshold=0.9636624865290373 15.275000000000002 13.143125000000003 1.1714236925654091 -0.95878322595067689 5.392500000000001 0.95802549872652831 10.439077069198984 1.1753829650923688 -0.95368063612909426 0.11319890333640049 12.500000000000002 14.192500000000003 1.302898691344786 1.2882384613623898 7.7988750000000007 0.48750000000000004 -0.57357643635104616 2.1420728867069374 3.3775000000000004 949.82500000000016 5.5925000000000011 -1.6249999999999998 63.250000000000007 944.82500000000016 968.92500000000018 18.500000000000004 1.6625000000000003 1.2750000000000001 0.24192189559966756
decision_type=2 2 2 2 2 8 2 2 2 2 2 2 2 2 2 2 2 2 2 2 2 8 2 2 2 2 2 8 10 2
left_child=6 2 4 9 8 -6 14 10 -2 13 -7 -12 -5 -4 16 -16 -1 18 -18 -20 -21 22 25 29 -25 -19 -26 28 -28 -24
right_child=1 -3 3 12 5 7 -8 -9 -10 -11 11 -13 -14 -15 15 -17 17 21 19 20 -22 -23 23 24 26 -27 27 -29 -30 -31
leaf_value=-0.0013907412480982835 1.0684566005381147e-06 9.1706605143127007e-07 1.0679915409339546e-06 1.0681896426213354e-06 1.0425941312586228e-06 1.0158926465253515e-06 9.7431851989770403e-07 1.0680317196576361e-06 1.0681291325853603e-06 1.0679915092026704e-06 1.067481796876869e-06 1.0694354776392963e-06 1.067991509056121e-06 1.0679780301294217e-06 0.0011241467089437617 -8.1611981514881918e-05 0.00029402710131208875 -0.0016981392416405754 -0.00027163538614019002 0.0002585662716056902 0.0055096660905134516 -2.1007909281500759e-07 -0.0017546864450881563 0.005643531318700633 2.6176669197081573e-05 0.01023298654093315 0.014024672908843187 0.0020687488295853939 0.00051066054532530273 -0.00019567470678234341
leaf_weight=1191 263 1266 203 247 252 221 379 601 398 203 269 218 1098 241 8677 2551 6803 6204 283 280 265 36137 11901 404 7479 208 202 1529 209 9159
leaf_count=1191 263 1266 203 247 252 221 379 601 398 203 269 218 1098 241 8677 2551 6803 6204 283 280 265 36137 11901 404 7479 208 202 1529 209 9159
internal_value=0.000577647 0.0117593 0.015022 0.0183395 0.0120135 0.0137337 -7.5779e-05 0.0150708 0.00787838 0.0137255 0.0124208 0.0144085 0.0205 0.0109978 -9.76186e-05 0.000411822 -0.00016718 -0.000144065 0.000447485 0.00234814 0.00379091 -0.000205565 -0.00039933 -0.000232421 0.000603479 -0.00120243 0.000436438 0.00198972 0.00482452 -0.00062236
internal_weight=99341 5480 4214 1992 2222 1561 93861 1309 661 647 708 487 1345 444 93482 11228 82254 81063 7631 828 545 73432 37295 30883 9823 6412 9419 1940 411 21060
internal_count=99341 5480 4214 1992 2222 1561 93861 1309 661 647 708 487 1345 444 93482 11228 82254 81063 7631 828 545 73432 37295 30883 9823 6412 9419 1940 411 21060
is_linear=0
shrinkage=0.03


Tree=206
num_leaves=31
num_cat=0
split_feature=23 1 23 14 2 21 32 23 35 2 17 26 10 11 10 35 1 11 22 32 30 29 9 2 26 15 2 9 1 12
split_gain=809.206 218.298 49.5828 18.2944 14.1137 14.4003 14.1386 13.8259 12.9773 12.4507 13.9708 5.97685 5.12206 7.23355 4.51736 4.39298 5.08991 4.34986 3.53619 3.39807 5.53466 5.41671 8.13838 5.59995 4.19349 3.13335 3.09321 8.05748 6.3687 4.72991
threshold=0.9636624865290373 15.275000000000002 0.97769015574246521 0.63388353294065891 1.1770580455002846 2.0728371257734257 -0.95368063612909426 0.95802549872652831 63.750000000000007 1.1714236925654091 15.497500000000002 5.0375000000000005 11.500000000000002 11.082500000000001 1.5000000000000002 57.250000000000007 -5.4249999999999989 14.622500000000002 13.504000000000003 -0.80382625221112003 5.6250000000000009 4.0625000000000009 2.5000000000000004 1.2176200759404772 2.9175000000000004 0.077499999999999694 1.2439829322312679 4.5000000000000009 -10.574999999999998 5.5925000000000011
decision_type=2 2 2 2 2 2 2 2 2 2 2 2 2 10 2 2 2 10 2 2 2 2 2 2 2 10 2 2 2 10
left_child=7 2 4 12 6 11 -2 14 -7 -5 -11 -6 13 -4 15 -1 -17 -15 -14 24 -21 22 23 -22 -18 -23 -16 28 -28 -30
right_child=1 -3 3 9 5 8 -8 -9 -10 10 -12 -13 18 17 26 16 19 -19 -20 20 21 25 -24 -25 -26 -27 27 -29 29 -31
leaf_value=-0.0014318765194004492 8.5589385911288841e-07 8.895540698883319e-07 1.038272677996721e-06 1.0361649010860227e-06 1.035770300491512e-06 1.035756160820713e-06 1.0352575612219232e-06 9.8006460070187973e-07 1.0365751162455526e-06 1.0359606854926095e-06 1.0359517637859027e-06 1.0361190047603053e-06 1.0359517637592574e-06 1.0359521566146859e-06 -7.8761622716494245e-06 -0.0012864841531986264 -0.0018074734151508332 1.0359517637859027e-06 1.0359517637859027e-06 -0.00035565824222849216 0.0011794644906508442 6.2782952329982163e-05 0.0037561199470102801 -0.0017930243353846997 0.0013976738614734706 -4.1539142726838564e-05 -0.0022272804175117586 0.0047859704379716204 -0.0010064267234444007 0.00022708108288107024
leaf_weight=1526 225 1274 220 410 348 367 202 398 398 280 234 222 218 512 82590 2052 1479 288 259 2035 204 294 326 222 325 382 617 305 493 531
leaf_count=1526 225 1274 220 410 348 367 202 398 398 280 234 222 218 512 82590 2052 1479 288 259 2035 204 294 326 222 325 382 617 305 493 531
internal_value=0.000558156 0.011783 0.015091 0.0178924 0.011202 0.0127276 0.00634028 -9.5614e-05 0.00991558 0.0143897 0.0175491 0.0163826 0.0199993 0.0184976 -0.000119537 -0.000764407 -0.000458357 0.0199006 0.0229855 3.58491e-05 0.000585639 0.00201396 0.00375693 0.00100232 -0.00101824 6.16733e-05 -5.20228e-05 0.00112865 0.000289793 0.00173761
internal_weight=99236 5457 4183 2421 1762 1335 427 93779 765 924 514 570 1497 1020 93381 8845 7319 800 477 5267 3463 1428 752 426 1804 676 84536 1946 1641 1024
internal_count=99236 5457 4183 2421 1762 1335 427 93779 765 924 514 570 1497 1020 93381 8845 7319 800 477 5267 3463 1428 752 426 1804 676 84536 1946 1641 1024
is_linear=0
shrinkage=0.03


Tree=207
num_leaves=31
num_cat=0
split_feature=23 1 16 3 32 2 25 23 10 16 8 16 31 25 24 25 35 10 35 32 9 31 35 32 26 9 11 24 2 25
split_gain=799.523 211.664 47.9376 19.2147 38.6405 18.1422 14.4778 13.6414 11.8825 6.51811 6.43785 5.62654 5.25646 4.60924 4.02098 5.54365 6.79636 4.01643 6.6339 7.85418 7.76796 5.53544 4.30361 4.83774 6.91654 5.1794 5.42918 7.3285 5.12875 5.23931
threshold=0.9636624865290373 15.275000000000002 13.997500000000002 10.439077069198984 -0.95878322595067689 1.1753829650923688 6.3625000000000016 0.95802549872652831 8.5000000000000018 12.892500000000002 10.500000000000002 14.942500000000003 1.4841885672919064 5.8225000000000007 8.2250000000000014 7.8675000000000006 34.750000000000007 2.5000000000000004 87.750000000000014 -0.93038214053199442 1.5000000000000002 2.0718158575290944 39.250000000000007 -0.46173103126271881 2.9025000000000007 4.5000000000000009 9.0275000000000016 4.2250000000000005 1.1122658585646967 3.2425000000000006
decision_type=2 2 8 2 2 2 10 2 2 10 2 8 2 8 10 8 2 2 2 2 2 2 2 2 2 2 10 8 2 10
left_child=7 2 3 10 5 -5 8 14 -4 -7 -2 12 -8 -6 17 -16 -17 -1 22 -20 -21 -22 23 -19 28 26 27 -26 29 -25
right_child=1 -3 6 4 13 9 11 -9 -10 -11 -12 -13 -14 -15 15 16 -18 18 19 20 21 -23 -24 24 25 -27 -28 -29 -30 -31
leaf_value=-0.00011430534944196213 1.0079055028888727e-06 1.6852337925934806e-06 1.004873210268542e-06 1.0051741817299609e-06 1.0059412644369825e-06 1.0048875489188091e-06 1.0048732108614011e-06 9.5066266268095661e-07 1.0048732108514091e-06 1.0050675717419434e-06 1.0054778627566208e-06 1.0048732108713931e-06 1.0048732108680624e-06 1.0048659432548844e-06 5.3135078764873728e-06 0.00071894657681057178 9.6450669929371004e-06 -0.00089830133126702575 -0.00030757812014936894 -4.5775116553480322e-05 0.0023979010159296526 0.0041401812373943591 9.826088711305524e-06 -0.0018676355028096603 -0.0014062757612664212 -0.00012885869732769123 -6.7175947222307677e-05 0.001567212791653178 -0.00086322345081198181 0.0025530458406351412
leaf_weight=14568 341 1267 245 392 218 310 217 383 385 209 232 659 231 673 2574 231 416 11607 594 371 532 205 51325 1531 936 1840 487 3006 2200 778
leaf_count=14568 341 1267 245 392 218 310 217 383 385 209 232 659 231 673 2574 231 416 11607 594 371 532 205 51325 1531 936 1840 487 3006 2200 778
internal_value=0.000577065 0.0118189 0.0151188 0.0122962 0.0138262 0.00939629 0.0189317 -6.96884e-05 0.0150236 0.0130592 0.00740657 0.0210782 0.017894 0.0182779 -9.30527e-05 0.000947612 0.00341871 -0.000130356 -4.22458e-05 0.00180668 0.0032938 0.00506604 -8.5058e-05 -0.000432113 2.55951e-05 0.000669907 0.0012253 0.00159463 -0.000869961 0.000117977
internal_weight=98963 5379 4112 2375 1802 911 1737 93584 630 519 573 1107 448 891 93201 3221 647 89980 75412 1702 1108 737 73710 22385 10778 6269 4429 3942 4509 2309
internal_count=98963 5379 4112 2375 1802 911 1737 93584 630 519 573 1107 448 891 93201 3221 647 89980 75412 1702 1108 737 73710 22385 10778 6269 4429 3942 4509 2309
is_linear=0
shrinkage=0.03


Tree=208
num_leaves=31
num_cat=0
split_feature=23 1 20 25 2 32 3 23 16 16 25 24 21 19 26 33 24 25 11 10 35 19 16 25 32 26 15 29 31 20
split_gain=782.386 219.221 44.4436 17.9415 17.6929 15.5537 14.6796 13.0697 10.3847 9.56906 9.06993 8.85698 7.93741 7.68587 5.21267 3.45194 3.41018 5.13459 5.49943 3.65889 3.80267 5.28924 4.26683 3.89232 4.1336 5.40866 4.79339 4.57243 5.27306 3.59408
threshold=0.9636624865290373 15.275000000000002 13.143125000000003 5.392500000000001 1.1714236925654091 -0.96359376111369355 10.321794376825713 0.95802549872652831 15.287500000000001 14.187500000000002 6.5325000000000015 9.6750000000000025 2.7688458781711129 9.1375000000000028 5.0025000000000013 -0.93663652364155492 8.0750000000000028 1.9075000000000004 7.4625000000000012 1.5000000000000002 39.250000000000007 5.1175000000000006 6.4425000000000008 0.57250000000000012 0.11319890333640062 2.1325000000000007 2.4475000000000002 1.2175000000000005 2.0976871657754015 8.0593750000000011
decision_type=2 2 2 8 2 2 2 2 8 10 8 8 2 10 2 2 10 10 10 2 2 10 10 10 2 2 10 2 2 2
left_child=7 2 3 11 10 13 9 15 12 -7 -4 -2 -6 -5 -8 -1 19 18 -18 -17 21 23 -23 -21 26 -26 -25 -27 -29 -22
right_child=1 -3 4 5 8 6 14 -9 -10 -11 -12 -13 -14 -15 -16 16 17 -19 -20 20 29 22 -24 24 25 27 -28 28 -30 -31
leaf_value=0.0017805182038368149 9.4991835010089059e-07 5.5760919412719382e-07 9.7471409443050666e-07 9.6720228119240305e-07 9.7472701453882319e-07 9.7348152201304216e-07 9.7516549296132667e-07 9.2214278279989514e-07 9.7472701454548447e-07 9.7617673415983931e-07 9.7472701334311294e-07 9.631778036645056e-07 9.7472701454548447e-07 9.7623333602303578e-07 9.7536189517309855e-07 -0.00016225397689727193 0.0026567430018200719 3.404946034458591e-06 9.3557149831480223e-06 -0.0030557953241398183 0.00019335733581538002 0.0025601831700778747 1.509591524363918e-05 -0.0014195976805778231 -0.0014341947171699326 0.005941325689287914 0.0026047846546639647 0.00035044112386241642 -0.0019586959362684871 -1.6552964879470583e-05
leaf_weight=1911 206 1262 287 201 613 395 489 376 484 237 342 248 229 202 207 8487 234 3018 338 1734 44449 609 4047 8539 1528 231 301 4462 588 12822
leaf_count=1911 206 1262 287 201 613 395 489 376 484 237 342 248 229 202 207 8487 234 3018 338 1734 44449 609 4047 8539 1528 231 301 4462 588 12822
internal_value=0.000559965 0.011656 0.0149891 0.0119931 0.0182985 0.0133911 0.0149707 -8.05097e-05 0.0203171 0.0114819 0.0139164 0.00657516 0.0180213 0.00806618 0.0180342 -0.000103149 -0.000129563 0.000776077 0.00336915 -0.000166637 -0.00010326 -0.000438079 0.000459557 -0.000678572 -0.000528747 2.68558e-05 -0.000956473 0.000481838 0.0002908 2.56121e-05
internal_weight=99076 5402 4140 2185 1955 1731 1328 93674 1326 632 629 454 842 403 696 93298 91387 3590 572 87797 79310 22039 4656 17383 15649 6809 8840 5281 5050 57271
internal_count=99076 5402 4140 2185 1955 1731 1328 93674 1326 632 629 454 842 403 696 93298 91387 3590 572 87797 79310 22039 4656 17383 15649 6809 8840 5281 5050 57271
is_linear=0
shrinkage=0.03


Tree=209
num_leaves=31
num_cat=0
split_feature=23 1 16 4 32 2 10 27 23 14 23 8 22 14 28 20 10 9 25 12 8 27 18 32 10 11 8 16 9 33
split_gain=784.898 210.335 47.2173 18.1156 37.2805 12.8543 12.1568 17.9117 12.0449 7.73206 5.78237 5.5517 3.81311 3.44601 4.30381 3.64857 5.84475 5.40261 4.61014 4.69305 3.83876 3.75126 3.18528 3.17102 4.42472 7.69461 4.26631 4.58732 8.91922 4.57998
threshold=0.9636624865290373 15.275000000000002 13.997500000000002 0.91501037992003975 -0.95878322595067689 1.1753829650923688 11.500000000000002 6.3643750000000008 0.95802549872652831 0.69816425956455153 0.9808168523507349 9.5000000000000018 12.85191666666667 1.2882384613623898 2.9064466776774478 7.7988750000000007 6.5000000000000009 2.5000000000000004 1.1125000000000003 6.9275000000000011 6.5000000000000009 3.5464583333333342 13.072500000000002 -0.97625883275952019 2.5000000000000004 8.7725000000000026 13.500000000000002 12.547500000000001 2.5000000000000004 0.19936034309715231
decision_type=2 2 8 2 2 2 2 2 2 2 2 2 2 2 2 2 2 2 10 10 2 2 8 2 2 10 2 8 2 2
left_child=8 2 3 11 5 -5 7 -4 13 -7 -8 -2 -6 14 22 16 17 20 -19 -20 -15 -21 23 -1 25 26 29 -28 -29 -25
right_child=1 -3 6 4 12 9 10 -9 -10 -11 -12 -13 -14 15 -16 -17 -18 18 19 21 -22 -23 -24 24 -26 -27 27 28 -30 -31
leaf_value=-0.0003913419089129916 9.484163979538173e-07 7.9558215818953392e-07 9.4550159313630184e-07 9.4587463532302958e-07 9.4537917041392914e-07 9.4559640738234304e-07 9.4685375432557167e-07 9.4548520410908662e-07 8.5365556295661215e-07 9.4511259517870978e-07 9.4548520410908662e-07 9.5651438559052326e-07 9.4548050448506337e-07 0.003477647990142713 0.00018192896451179409 -4.3142629085540782e-05 5.2304284497636244e-05 -0.0013454653521916594 0.003895710408510865 0.0081145565405209754 -0.00073769995879890418 0.0020290741673373433 1.749904289881643e-05 -0.00044551860733376157 -1.0506486592598563e-06 0.00010476902648206665 -5.0502848556914776e-05 -0.00032825433293677233 0.0012010236374729465 -0.0015643587476760993
leaf_weight=11200 316 1268 310 401 486 283 217 859 390 252 361 265 422 374 1392 2547 4976 241 1378 208 1144 212 523 4276 56629 489 4290 356 350 2839
leaf_count=11200 316 1268 310 401 486 283 217 859 390 252 361 265 422 374 1392 2547 4976 241 1378 208 1144 212 523 4276 56629 489 4290 356 350 2839
internal_value=0.000579574 0.0116529 0.0149016 0.012142 0.0136063 0.009322 0.0186866 0.0167402 -6.31223e-05 0.0123611 0.022446 0.00741809 0.0179474 -8.52205e-05 -0.000152061 0.000411366 0.000708713 0.00163644 0.00264335 0.00316472 0.00027971 0.00592941 -0.000180541 -0.000195776 -0.000119985 -0.000628323 -0.000777733 -0.00010558 0.00212658 -0.0012493
internal_weight=99254 5440 4172 2425 1844 936 1747 1169 93814 535 578 581 908 93424 82344 11080 8533 3557 2039 1798 1518 420 80952 80429 69229 12600 12111 4996 706 7115
internal_count=99254 5440 4172 2425 1844 936 1747 1169 93814 535 578 581 908 93424 82344 11080 8533 3557 2039 1798 1518 420 80952 80429 69229 12600 12111 4996 706 7115
is_linear=0
shrinkage=0.03


Tree=210
num_leaves=31
num_cat=0
split_feature=23 1 16 3 32 23 25 2 8 23 21 10 31 14 17 23 12 34 19 9 35 21 10 31 17 33 8 23 12 33
split_gain=806.78 221.232 47.5034 22.4405 41.3094 13.7311 12.757 12.3289 9.27045 9.16086 8.51545 5.20538 5.13536 3.12765 3.55588 4.83501 3.55138 4.57904 6.06598 8.74071 5.97938 5.13073 4.8849 4.82741 4.48377 4.01454 3.68276 3.60605 3.42521 5.09392
threshold=0.9636624865290373 15.275000000000002 13.997500000000002 10.439077069198984 -0.95878322595067689 0.95802549872652831 6.3625000000000016 1.1753829650923688 9.5000000000000018 0.97930537588274169 1.9381998732983103 11.500000000000002 1.4841885672919064 0.44727880939446907 14.192500000000003 0.9335871875078281 6.3225000000000007 951.52500000000009 4.9225000000000012 2.5000000000000004 62.250000000000007 3.5950530229219599 6.5000000000000009 2.0100571475860551 12.692500000000003 -0.88697705852364728 3.5000000000000004 0.054446051710463697 8.7525000000000031 0.13052122218260662
decision_type=2 2 8 2 2 2 10 2 2 2 2 2 2 2 2 2 10 2 10 2 2 2 2 2 2 2 2 2 10 2
left_child=5 2 3 8 7 13 9 -5 -2 -4 -9 12 -8 16 15 -15 17 18 20 -20 21 25 -22 -24 -19 27 28 -1 29 -18
right_child=1 -3 6 4 -6 -7 11 10 -10 -11 -12 -13 -14 14 -16 -17 26 24 19 -21 22 -23 23 -25 -26 -27 -28 -29 -30 -31
leaf_value=0.004634445040140248 9.1993153309194914e-07 7.7171469344494704e-07 9.1037048328188449e-07 9.1750647539844397e-07 9.1711608935174377e-07 8.3547132234304435e-07 9.1712064798521453e-07 9.1730814231860687e-07 9.1752944780487674e-07 9.1712064797855314e-07 9.1740592807578171e-07 9.1712064798521453e-07 9.1712063362203714e-07 1.8359224707626036e-05 -4.2206431088115389e-05 1.1322173868918428e-05 0.00028473074073770562 -0.0011111356982700306 0.0054883702827537625 0.00039339425942637018 -0.00087335925258174684 0.0030900342393389568 0.0045870671378583144 7.2417371254517859e-05 0.00031201318930957679 -0.0013171526900369755 -3.6106664831736524e-06 -0.0020205704781395832 -1.2565716813059956e-05 -0.00037878511874691061
leaf_weight=340 302 1276 271 388 908 404 422 344 263 379 201 421 287 50750 740 571 1429 17980 279 541 472 214 559 356 208 5485 12063 210 693 453
leaf_count=340 302 1276 271 388 908 404 422 344 263 379 201 421 287 50750 740 571 1429 17980 279 541 472 214 559 356 208 5485 12063 210 693 453
internal_value=0.000566986 0.0117695 0.0150995 0.0122986 0.0139095 -8.63029e-05 0.0188403 0.00939339 0.00697368 0.0152061 0.0123 0.0208546 0.0188697 -0.00011033 4.43084e-05 7.41722e-05 -0.000305327 -0.00051154 6.52398e-05 0.00250909 -0.000198666 -0.00059434 0.00157974 0.00285326 -0.000779641 -0.000757451 7.00669e-05 0.00167567 0.00109884 0.00176153
internal_weight=99209 5462 4186 2406 1841 93747 1780 933 565 650 545 1130 709 93343 52061 51321 41282 26644 8456 820 7636 6249 1387 915 18188 6035 14638 550 2575 1882
internal_count=99209 5462 4186 2406 1841 93747 1780 933 565 650 545 1130 709 93343 52061 51321 41282 26644 8456 820 7636 6249 1387 915 18188 6035 14638 550 2575 1882
is_linear=0
shrinkage=0.03


Tree=211
num_leaves=31
num_cat=0
split_feature=22 2 16 0 32 25 2 26 14 8 16 32 24 34 6 31 25 33 34 16 34 34 24 31 8 8 26 26 16 32
split_gain=748.71 242.093 52.5686 19.6933 43.5093 14.9822 13.9582 10.182 9.19585 7.92743 5.82309 5.2724 4.29308 3.83074 3.73825 3.09394 3.49176 3.17982 3.01362 4.99472 3.79501 6.19045 8.60424 6.08297 6.03015 5.37892 10.2019 4.48015 5.86769 6.04245
threshold=11.751791666666668 1.1474195251904404 13.997500000000002 10.622500000000002 -0.95878322595067689 6.3625000000000016 1.1753829650923688 4.0725000000000007 0.72500000000000386 9.5000000000000018 14.652500000000002 -0.90992662233962551 8.0750000000000028 965.12500000000011 2.5000000000000004 1.1400357746496315 4.2525000000000013 -0.42261826174069922 967.27500000000009 11.332500000000001 962.02500000000009 960.02500000000009 6.9750000000000005 1.0889700530310911 1.5000000000000002 15.500000000000002 2.1475000000000004 2.6925000000000008 11.697500000000002 0.98624804680367306
decision_type=2 2 8 2 2 10 2 2 2 2 8 2 10 2 2 2 10 2 2 8 2 2 8 2 2 2 2 2 8 2
left_child=12 -2 3 9 6 7 -5 -4 -8 -3 -7 -6 14 -13 18 16 -16 -17 20 -20 21 -1 23 -23 -24 -26 -27 -22 -29 -30
right_child=1 2 5 4 11 10 8 -9 -10 -11 -12 13 -14 -15 15 17 -18 -19 19 -21 27 22 24 -25 25 26 -28 28 29 -31
leaf_value=-6.6224262271982189e-05 6.6126247518005778e-07 8.9233069774048233e-07 8.8959665927701437e-07 8.9077259913250542e-07 8.895881144821427e-07 8.8960703030438458e-07 8.8991550936667885e-07 8.8960702853912991e-07 8.8959342443128969e-07 8.9010855267174028e-07 8.8960702854579129e-07 8.8964228236565468e-07 1.7405969434727274e-05 8.8959469502158933e-07 0.0010620624184069277 0.0022443857313240185 0.0031471218603288508 -3.7584099504675927e-05 0.00014857812723188091 0.0094886088435250596 -0.00077854362892423249 0.0031592986666881258 0.0032242978939291053 -0.00022938462732188282 4.8802426504834167e-05 0.010536884750562791 7.0299565857521754e-05 -8.1626023904143578e-05 -3.5178755523634039e-06 0.00026631218687009573
leaf_weight=61657 1572 320 228 418 385 318 328 399 243 282 794 240 3582 236 1752 1643 507 7425 1780 212 6081 342 215 3344 1328 310 510 2036 202 324
leaf_count=61657 1572 320 228 418 385 318 328 399 243 282 794 240 3582 236 1752 1643 507 7425 1780 212 6081 342 215 3344 1328 310 510 2036 202 324
internal_value=0.000541022 0.01103 0.0147919 0.0119145 0.0134555 0.0188033 0.00908752 0.0148244 0.0121302 0.00710708 0.0209705 0.0183915 -0.00010777 0.0207318 -0.000148473 0.000360836 0.00135291 0.000113082 -0.000222131 0.000928392 -0.000252208 -0.000176604 0.00073885 -0.000167435 0.00214991 0.00166094 0.00356364 -0.000844011 0.000208024 0.00301695
internal_weight=99013 5763 4191 2452 1850 1739 989 627 571 602 1112 861 93250 476 89668 11327 2259 9068 78341 1992 76349 67706 6049 3686 2363 2148 820 8643 2562 526
internal_count=99013 5763 4191 2452 1850 1739 989 627 571 602 1112 861 93250 476 89668 11327 2259 9068 78341 1992 76349 67706 6049 3686 2363 2148 820 8643 2562 526
is_linear=0
shrinkage=0.03


Tree=212
num_leaves=31
num_cat=0
split_feature=22 1 20 2 1 32 17 32 3 35 18 28 31 11 22 10 19 31 32 30 22 26 19 11 18 5 24 1 34 1
split_gain=764.421 238.525 51.3957 22.2457 14.5202 13.0427 12.6155 12.4201 11.7039 12.2737 8.59234 7.00129 6.1812 5.41985 3.66256 3.46311 7.37163 5.76096 5.40282 6.49641 5.46605 3.77207 3.543 3.48578 4.05187 3.11936 3.04008 2.83305 4.18661 11.0043
threshold=11.751791666666668 15.275000000000002 12.953375000000003 1.1714236925654091 7.6250000000000009 -0.95368063612909426 13.922500000000003 -0.94260559819261247 10.321794376825713 51.250000000000007 13.072500000000002 1.5414981885918386 1.433025158402585 10.832500000000001 11.625333333333336 1.5000000000000002 8.7225000000000019 1.3448496905393461 0.71322329076259949 6.5250000000000012 4.5192500000000013 2.6025000000000005 1.3325000000000002 2.7675000000000005 3.3675000000000006 0.059678779581837198 10.125000000000002 34.775000000000006 945.42500000000018 10.675000000000002
decision_type=2 2 2 2 2 2 2 2 2 2 8 2 2 8 2 2 10 2 2 2 2 2 8 10 10 2 10 2 2 2
left_child=14 2 4 5 8 12 -5 -6 9 -2 11 -10 -4 -8 15 16 17 18 21 20 -20 -1 23 -17 25 -25 27 28 29 -24
right_child=1 -3 3 6 7 -7 13 -9 10 -11 -12 -13 -14 -15 -16 22 -18 -19 19 -21 -22 -23 26 24 -26 -27 -28 -29 -30 -31
leaf_value=-0.0012302706200521866 8.6424647961158559e-07 1.2209150132825623e-06 8.6325750177628045e-07 8.6329049572913379e-07 7.0795647999277728e-07 8.6291879488942231e-07 8.6291881768785216e-07 8.6069338789740432e-07 8.6316792386020849e-07 8.6320236372783291e-07 8.6301180560854889e-07 8.6339492869121646e-07 8.6291878792499332e-07 8.6291881768785216e-07 2.6555794064456474e-06 -0.0015150035876363153 3.4460266236949755e-05 -0.00038429999955870593 0.00085455013795710205 0.0020367061170060686 -0.0029381911870442323 0.0015476984616435944 0.0064702740021666269 0.00015449152561124849 -0.0015061861167521015 0.0028360500506668454 7.7495258326413418e-05 -0.0011005320184610376 -5.6874141063700806e-06 0.00029496764654868946
leaf_weight=751 278 1492 208 233 283 241 288 223 228 398 256 357 298 988 399 3113 342 6717 308 242 259 201 343 861 1657 429 297 2034 65767 9688
leaf_count=751 278 1492 208 233 283 241 288 223 228 398 256 357 298 988 399 3113 342 6717 308 242 259 201 343 861 1657 429 297 2034 65767 9688
internal_value=0.000559596 0.0111508 0.0147486 0.0178779 0.0112234 0.0134561 0.0200152 0.00671624 0.0126997 0.00962114 0.0151028 0.017161 0.0105323 0.0212272 -9.53194e-05 -0.000107694 -0.000673089 -0.00084805 0.000677802 0.00247297 0.000697552 -0.000852665 -4.84246e-05 -0.000746909 -7.11454e-06 0.00125096 5.79702e-06 -5.85911e-06 2.38242e-05 0.000594559
internal_weight=99179 5771 4279 2256 2023 747 1509 506 1517 676 841 585 506 1276 93408 93009 8820 8478 1761 809 567 952 84189 6060 2947 1290 78129 77832 75798 10031
internal_count=99179 5771 4279 2256 2023 747 1509 506 1517 676 841 585 506 1276 93408 93009 8820 8478 1761 809 567 952 84189 6060 2947 1290 78129 77832 75798 10031
is_linear=0
shrinkage=0.03


Tree=213
num_leaves=31
num_cat=0
split_feature=22 1 20 2 32 3 27 25 21 10 10 21 21 1 22 1 34 35 10 31 20 34 5 19 1 1 26 1 35 35
split_gain=772.285 245.21 51.2119 22.1248 18.2168 17.8039 12.3862 8.46574 8.23845 7.26982 5.90747 11.1473 5.28483 4.29671 3.54093 3.56011 3.51724 6.37619 8.81924 9.74528 7.6165 6.78604 5.73775 5.69704 6.47911 5.22689 6.69852 6.4198 4.9977 4.82626
threshold=11.751791666666668 15.275000000000002 13.143125000000003 1.1714236925654091 -0.96359376111369355 10.439077069198984 5.4779166666666672 6.5325000000000015 2.8045135489402262 10.500000000000002 11.500000000000002 2.7219189002563868 1.7709229584835513 4.2750000000000012 11.068875 22.025000000000002 952.82500000000016 63.250000000000007 6.5000000000000009 1.2000496524329696 7.7605000000000013 942.02500000000009 0.91328219524078758 5.4275000000000011 25.025000000000002 33.875000000000007 3.2575000000000003 27.925000000000004 25.250000000000004 38.750000000000007
decision_type=2 2 2 2 2 2 2 8 2 2 2 2 2 2 2 2 2 2 2 2 2 2 2 10 2 2 2 2 2 2
left_child=14 2 4 7 9 6 -6 -4 -8 -2 11 -5 13 -7 16 -16 17 18 19 23 21 -19 -20 25 -25 26 27 -1 -29 -28
right_child=1 -3 3 10 5 12 8 -9 -10 -11 -12 -13 -14 -15 15 -17 -18 20 22 -21 -22 -23 -24 24 -26 -27 29 28 -30 -31
leaf_value=-0.00028660187552233377 8.3887972445517704e-07 4.7047759114314164e-07 8.3701872154007258e-07 8.3703125315581771e-07 5.2549670531365503e-07 8.3695600073660489e-07 8.3739933073277236e-07 8.3703123104350572e-07 8.3831908522347119e-07 8.3732985491407242e-07 8.3703125315581771e-07 8.3731932921216051e-07 8.388827777228158e-07 8.3684137593489243e-07 7.2406389542106895e-06 -0.00020010796085450088 -5.4555068163639753e-05 0.006285341362595045 -0.00043941367864439262 -2.5924357122468826e-05 -9.7628328034837298e-05 0.0018650956001919159 0.00032100260844261153 0.0024166790383583553 0.0012890459365477956 -0.0014945996456828012 0.0027008340031106546 0.0021528206664008565 0.012003480453345742 0.003992618226377931
leaf_weight=1595 437 1479 297 658 260 243 341 324 287 227 479 201 333 235 1991 308 49724 218 20771 7662 1723 6047 341 211 475 521 1122 342 203 233
leaf_count=1595 437 1479 297 658 260 243 341 324 287 227 479 201 333 235 1991 308 49724 218 20771 7662 1723 6047 341 211 475 521 1122 342 203 233
internal_value=0.000579859 0.0111965 0.014801 0.0184078 0.0117783 0.0134349 0.0103875 0.0135096 0.0126635 0.00747085 0.0206225 0.0187882 0.0166875 0.0142981 -7.94835e-05 0.00108203 -0.000108825 9.52029e-05 -8.65573e-05 0.000549599 0.000856499 0.0013421 -0.000459157 0.00162396 0.00414182 0.00118926 0.00160714 0.00055944 0.00335454 0.00325368
internal_weight=99288 5801 4322 1959 2363 1699 888 621 628 664 1338 859 811 478 93487 2299 91188 41464 33476 12364 7988 6265 21112 4702 686 4016 3495 2140 545 1355
internal_count=99288 5801 4322 1959 2363 1699 888 621 628 664 1338 859 811 478 93487 2299 91188 41464 33476 12364 7988 6265 21112 4702 686 4016 3495 2140 545 1355
is_linear=0
shrinkage=0.03


Tree=214
num_leaves=31
num_cat=0
split_feature=20 2 16 12 14 25 17 26 20 20 33 16 10 31 14 24 20 16 35 8 2 33 19 9 35 12 8 33 31 35
split_gain=739.6 255.904 55.7 28.4085 25.6699 17.0618 15.0221 10.8516 9.21644 9.11933 7.45248 7.66515 5.28766 4.90526 4.51652 3.92627 5.07575 5.24716 3.96527 4.91258 7.5748 7.37248 9.28901 7.08718 6.65345 5.06407 6.42783 9.03468 6.85542 8.57232
threshold=11.842750000000001 1.1454304126959505 13.997500000000002 10.022500000000003 0.69816425956455153 6.3625000000000016 12.537500000000001 4.097500000000001 11.7155 12.953375000000003 -0.25881904510252068 12.892500000000002 11.500000000000002 1.4841885672919064 0.29310123393348303 8.5250000000000021 8.3783750000000019 8.0275000000000016 37.750000000000007 13.500000000000002 1.1880635331116964 -0.0087262032186418287 1.9975000000000003 5.5000000000000009 93.750000000000014 4.6925000000000017 4.5000000000000009 0.15643446504023081 1.6955301658548196 71.750000000000014
decision_type=2 2 8 10 2 10 2 2 2 2 2 10 2 2 2 10 2 10 2 2 2 2 8 2 2 10 2 2 2 2
left_child=8 -2 3 -3 6 7 -5 -4 15 14 -6 -12 13 -7 -8 18 17 -17 -1 20 -20 22 23 -21 25 -22 27 28 -27 -30
right_child=1 2 5 4 10 12 9 -9 -10 -11 11 -13 -14 -15 -16 16 -18 -19 19 21 24 -23 -24 -25 -26 26 -28 -29 29 -31
leaf_value=-0.00015663743070436543 3.1605787893317823e-07 8.1227559949797897e-07 8.1190099020036607e-07 8.0956237512697092e-07 8.1218368832680632e-07 8.1192031555987746e-07 8.1273211553378745e-07 8.1192031554988544e-07 9.7393952794622155e-06 8.1191452553420714e-07 7.8654352332563347e-07 8.1234939884544664e-07 8.1192031555987746e-07 8.1192030163435013e-07 8.1177329702586396e-07 0.0017045245317917426 8.6598134567839046e-06 0.001753698988852028 2.4753931261408677e-05 0.0024674905810490354 -0.0014975768776233067 0.00027490902847262518 -0.00022764004383033672 0.0056783888106605417 0.0024939184457717909 -0.00025602881119134136 -0.00019397353448203123 -0.0012912225494974756 9.4022053269560135e-06 0.0021565785815305214
leaf_weight=21275 1495 367 238 238 200 434 353 401 396 477 288 209 423 297 263 273 1921 208 26416 900 8571 12083 11170 261 364 548 5586 1216 1186 996
leaf_count=21275 1495 367 238 238 200 434 353 401 396 477 288 209 423 297 263 273 1921 208 26416 900 8571 12083 11170 261 364 548 5586 1216 1186 996
internal_value=0.000545346 0.011048 0.0148476 0.0118062 0.0131953 0.018866 0.015649 0.0146786 -9.44585e-05 0.0171503 0.00843162 0.00635259 0.0211113 0.0191535 0.0144638 -0.000114026 0.00108184 0.00382099 -0.000145799 -3.58005e-05 -0.000222087 0.000306646 -0.000209388 0.00233876 -0.000688123 -0.000769219 -0.000293175 0.000633257 0.00159049 0.00234293
internal_weight=99053 5683 4188 2395 2028 1793 1331 639 93370 1093 697 497 1154 731 616 92974 2402 481 90572 69297 44883 24414 12331 1161 18467 18103 9532 3946 2730 2182
internal_count=99053 5683 4188 2395 2028 1793 1331 639 93370 1093 697 497 1154 731 616 92974 2402 481 90572 69297 44883 24414 12331 1161 18467 18103 9532 3946 2730 2182
is_linear=0
shrinkage=0.03


Tree=215
num_leaves=31
num_cat=0
split_feature=23 1 16 0 32 16 25 2 10 23 35 17 35 25 10 23 0 18 1 8 8 25 27 19 24 29 25 10 14 35
split_gain=765.227 207.027 58.2486 32.5177 38.932 15.146 13.7396 11.3186 9.17884 7.96188 7.61333 6.30194 6.16526 3.56297 3.37541 3.28339 4.37398 3.50768 4.50688 4.29014 4.0782 3.54059 3.38698 4.18642 3.0014 3.82068 4.35192 5.53264 3.33542 3.94345
threshold=0.9636624865290373 15.275000000000002 14.187500000000002 10.622500000000002 -0.95878322595067689 12.892500000000002 6.3625000000000016 1.1762199089169951 8.5000000000000018 0.95802549872652831 51.250000000000007 13.587500000000002 70.250000000000014 5.9925000000000006 11.500000000000002 0.024452743522479416 2.6525000000000007 1.5575000000000003 22.625000000000004 13.500000000000002 15.500000000000002 3.6025000000000005 1.8664583333333336 4.6225000000000014 8.0750000000000028 6.0125000000000011 7.0075000000000012 3.5000000000000004 1.2882384613623898 26.750000000000004
decision_type=2 2 8 2 2 10 10 2 2 2 2 2 2 8 2 2 2 10 2 2 2 8 2 8 10 2 8 2 2 2
left_child=9 2 3 10 5 7 8 -5 -4 15 -2 -6 -7 -12 -8 16 -1 18 20 -20 -17 22 23 -22 28 26 27 -26 29 -19
right_child=1 -3 6 4 11 12 14 -9 -10 -11 13 -13 -14 -15 -16 17 -18 24 19 -21 21 -23 -24 -25 25 -27 -28 -29 -30 -31
leaf_value=-0.0011919972292671541 7.4657826217183747e-07 1.0857713093848086e-06 7.8756270609381389e-07 7.7458662868457039e-07 7.8755530120044881e-07 7.8773824309541489e-07 7.8756270609381389e-07 7.8775746966408377e-07 7.8756270607716059e-07 2.06946702716113e-06 6.8000873612694693e-07 7.8755347533765453e-07 7.8789446297911062e-07 7.9414781055077592e-07 7.8756270609381389e-07 -0.00045245915612604222 0.0057285237029903024 -0.00033239478224645448 0.0064502479658756677 0.0002670751776685476 -0.0014331615952998347 0.010665010242020516 -0.00060617245937718189 0.0054945432213854431 0.00045057353801750908 1.3250625515859315e-06 0.00086758356878848821 -8.0661826047856425e-06 0.00017365774863926803 -2.2891343228313987e-05
leaf_weight=4837 202 1246 218 237 242 202 604 305 333 396 221 685 240 269 418 2642 292 7395 486 388 201 300 445 307 223 2402 309 671 10246 62065
leaf_count=4837 202 1246 218 237 242 202 604 305 333 396 221 685 240 269 418 2642 292 7395 486 388 201 300 445 307 223 2402 309 671 10246 62065
internal_value=0.000561424 0.0115135 0.0147123 0.0119137 0.0139337 0.00969464 0.0192909 0.00624132 0.0151565 -7.35505e-05 0.00627547 0.0183573 0.0138121 0.00418182 0.0214352 -9.1693e-05 -0.000829179 -4.87037e-05 0.000742144 0.00268259 0.000303845 0.00170986 0.000804801 0.00246784 -9.40163e-05 0.000752077 0.00212831 0.0010545 -0.000132329 -0.000206867
internal_weight=99027 5422 4176 2603 1911 984 1573 542 551 93605 692 927 442 490 1022 93209 5129 88080 4769 874 3895 1253 953 508 83311 3605 1203 894 79706 69460
internal_count=99027 5422 4176 2603 1911 984 1573 542 551 93605 692 927 442 490 1022 93209 5129 88080 4769 874 3895 1253 953 508 83311 3605 1203 894 79706 69460
is_linear=0
shrinkage=0.03


Tree=216
num_leaves=31
num_cat=0
split_feature=22 1 20 2 18 1 25 12 25 17 27 11 26 22 34 18 19 1 33 19 8 19 34 20 9 12 35 9 20 31
split_gain=735.42 240.144 59.1853 22.1561 13.4913 14.2717 13.106 12.8551 13.2035 12.1803 6.29157 6.14154 5.75753 3.37252 3.70155 4.70853 5.77263 5.00886 6.43707 5.33961 5.25007 6.08413 4.37919 5.21247 6.37569 4.22138 7.37069 7.68608 6.50348 7.22184
threshold=11.751791666666668 15.275000000000002 12.953375000000003 1.1714236925654091 13.072500000000002 10.475000000000001 6.7175000000000011 10.727500000000003 6.3625000000000016 13.922500000000003 5.8256250000000014 10.832500000000001 5.0375000000000005 11.275833333333335 952.82500000000016 3.9075000000000006 5.9575000000000005 20.925000000000004 0.32556815445715659 4.3825000000000012 12.500000000000002 4.3525000000000009 946.02500000000009 6.8022500000000008 2.5000000000000004 5.4875000000000016 38.250000000000007 2.5000000000000004 8.5727500000000028 1.7233553997606079
decision_type=2 2 2 2 8 2 8 10 10 2 2 10 2 2 2 10 10 2 2 10 2 8 2 2 2 10 2 2 2 2
left_child=13 2 4 6 5 7 -4 8 -2 -5 -6 -11 -9 14 15 16 -1 -17 19 -19 21 -20 23 24 -21 26 -16 -28 29 -27
right_child=1 -3 3 9 10 -7 -8 12 -10 11 -12 -13 -14 -15 25 17 -18 18 20 22 -22 -23 -24 -25 -26 28 27 -29 -30 -31
leaf_value=0.00041661787632065681 6.8374094851284616e-07 5.0435614966393815e-07 7.640283361896044e-07 7.6428073078949052e-07 6.8279461263309751e-07 7.075871174627814e-07 7.6393580622850882e-07 7.6374651125542315e-07 7.6823314293252457e-07 7.6393582491229847e-07 7.6419136736814005e-07 7.6393582491229847e-07 7.652789662259969e-07 5.1125911660632178e-06 -0.0027864162742469237 6.1616111140403807e-05 0.0033576361726820867 -0.001563160808658736 0.0047151591099998088 0.0050921386890861739 -0.00065010902466303589 0.00032711486139176183 -0.00031033997203376177 -8.8741498756805817e-06 -0.00090813090925535573 -0.00032540012421110212 -0.0012947852781033575 0.0001046175657366315 -1.7466409741390897e-05 0.00076255855699010279
leaf_weight=14701 342 1453 365 233 228 264 368 318 276 289 357 979 263 1535 2464 11005 486 7813 340 395 1581 1325 2401 1395 266 5309 11813 14329 10067 6198
leaf_count=14701 342 1453 365 233 228 264 368 318 276 289 357 979 263 1535 2464 11005 486 7813 340 395 1581 1325 2401 1395 266 5309 11813 14329 10067 6198
internal_value=0.000524046 0.0109469 0.0145192 0.0179089 0.0107871 0.0123372 0.0134431 0.0137317 0.0105554 0.0200378 0.00683898 0.021238 0.0169915 -0.000116336 -0.000139663 6.91863e-05 0.000490323 -0.000172021 -0.000519168 -0.000833402 0.000668101 0.00184132 -4.70712e-06 0.00101019 0.00319369 -0.000313242 -0.000552166 -0.000404101 3.61391e-06 0.000490705
internal_weight=99158 5735 4282 2234 2048 1463 733 1199 618 1501 585 1268 581 93423 91888 41708 15187 26521 15516 12270 3246 1665 4457 2056 661 50180 28606 26142 21574 11507
internal_count=99158 5735 4282 2234 2048 1463 733 1199 618 1501 585 1268 581 93423 91888 41708 15187 26521 15516 12270 3246 1665 4457 2056 661 50180 28606 26142 21574 11507
is_linear=0
shrinkage=0.03


Tree=217
num_leaves=31
num_cat=0
split_feature=23 2 20 2 25 27 32 16 4 24 21 23 3 16 2 35 34 2 24 25 26 8 21 13 30 34 30 17 16 34
split_gain=742.954 215.325 54.549 22.0517 15.0661 13.5158 17.04 11.7895 8.58763 8.4129 7.32073 6.91139 5.35816 10.2987 3.85947 5.76924 6.45403 5.61702 3.98925 4.21565 3.92319 3.8966 5.15731 7.27705 5.61463 4.90034 5.34298 3.79897 9.7108 9.28886
threshold=0.9636624865290373 1.1454304126959505 12.953375000000003 1.1714236925654091 6.5325000000000015 5.6585416666666681 -0.96359376111369355 15.287500000000001 0.86529689532254073 8.9250000000000025 2.8404526852443621 0.95802549872652831 10.439077069198984 13.997500000000002 1.2073851696942739 64.250000000000014 942.02500000000009 1.1971039659781793 8.2250000000000014 1.9075000000000004 5.7625000000000011 8.5000000000000018 2.3373983935132268 5.1141666666666685 4.6250000000000009 948.22500000000014 5.2750000000000012 2.9325000000000006 7.472500000000001 967.97500000000014
decision_type=2 2 2 2 8 2 2 8 2 10 2 2 2 10 2 2 2 2 10 10 2 2 2 2 2 2 2 2 10 2
left_child=11 -2 5 4 -4 8 9 10 -3 -7 -5 14 13 -8 15 17 -17 18 -1 -20 -21 -18 25 24 -24 26 -23 28 29 -16
right_child=1 2 3 7 -6 6 12 -9 -10 -11 -12 -13 -14 -15 27 16 21 -19 19 20 -22 22 23 -25 -26 -27 -28 -29 -30 -31
leaf_value=-3.9433652740791465e-05 6.2079804011072598e-07 4.6156234203610942e-07 7.4100281955757271e-07 7.4101775016099936e-07 7.4101775399459943e-07 7.4109240158937161e-07 7.412764114433923e-07 7.4101775016432999e-07 7.4068928677590807e-07 7.4097645629513944e-07 7.4101775016432999e-07 1.7957384477636653e-06 7.409075103373854e-07 7.423231865366642e-07 -0.0005741365727810402 0.0053015357334891891 -1.4465869290536235e-06 -0.00038528085913765755 0.0016213222928698101 1.4023443870569974e-06 6.9078368257161884e-05 0.0083461909774267505 0.003444608945860328 3.8709017742559746e-05 0.0032240452909911886 3.2179365781495606e-05 4.789466006369653e-06 -7.2716608845626218e-05 0.0055673706781361448 0.015451087331991352
leaf_weight=49479 1256 231 336 758 374 256 206 499 326 201 225 378 509 207 2298 204 10364 2229 273 1569 329 200 740 1113 349 6077 213 17418 201 225
leaf_count=49479 1256 231 336 758 374 256 206 499 326 201 225 378 509 207 2298 204 10364 2229 273 1569 329 200 740 1113 349 6077 213 17418 201 225
internal_value=0.000533589 0.0113654 0.0146712 0.0179263 0.0133846 0.010949 0.0125527 0.0200498 0.00690213 0.00768182 0.0179059 -8.9651e-05 0.0149126 0.0120359 -0.000106158 -4.8815e-06 0.000440695 -0.000164187 -0.000100475 0.00115671 0.0006495 0.000383085 0.000851327 0.00210421 0.00384186 0.000424942 0.00356698 -0.000473818 0.00056724 5.57746e-05
internal_weight=99043 5384 4128 2192 710 1936 1379 1482 557 457 983 93659 922 413 93281 73139 19260 53879 51650 2171 1898 19056 8692 2202 1089 6490 413 20142 2724 2523
internal_count=99043 5384 4128 2192 710 1936 1379 1482 557 457 983 93659 922 413 93281 73139 19260 53879 51650 2171 1898 19056 8692 2202 1089 6490 413 20142 2724 2523
is_linear=0
shrinkage=0.03


Tree=218
num_leaves=31
num_cat=0
split_feature=23 2 20 2 18 32 34 28 2 23 16 12 21 23 10 32 24 6 24 12 10 32 33 33 24 29 25 30 21 29
split_gain=741.79 218.933 58.3533 19.6538 17.6376 11.5671 10.0747 13.1851 8.69938 8.5366 8.28847 8.26473 7.36177 5.61123 5.12338 4.67699 3.69848 3.34229 3.22352 4.55216 3.26183 3.20288 3.1137 4.32122 3.65995 3.27346 4.89423 3.23444 3.00968 3.26547
threshold=0.9636624865290373 1.1454304126959505 13.143125000000003 1.1714236925654091 13.072500000000002 -0.97625883275952019 953.02500000000009 1.7432246807176563 1.161334974430922 0.95802549872652831 15.287500000000001 9.6275000000000031 2.7863098279314986 0.96853676129614419 3.5000000000000004 -0.94260559819261247 9.5250000000000021 2.5000000000000004 7.075000000000002 5.4125000000000005 9.5000000000000018 0.94828754594723541 0.24192189559966756 0.034899496702501191 8.9750000000000014 5.6325000000000012 5.2825000000000015 14.325000000000003 4.1512769099994165 0.48750000000000004
decision_type=2 2 2 2 8 2 2 2 2 2 8 10 2 2 2 2 8 2 10 10 2 2 2 2 10 2 8 2 2 2
left_child=9 -2 4 5 6 -4 -3 13 -7 17 12 -6 -5 -8 -13 -9 -17 18 28 20 -20 -19 23 -21 25 26 -25 -24 29 -1
right_child=1 2 3 10 11 8 7 15 -10 -11 -12 14 -14 -15 -16 16 -18 21 19 22 -22 -23 27 24 -26 -27 -28 -29 -30 -31
leaf_value=-0.0012335022158259143 3.1984936933682205e-07 7.0580061321101611e-07 7.1877980273415967e-07 7.1878721765283869e-07 7.2634150822913241e-07 7.1912169045895701e-07 6.7879967746887621e-07 7.186478417817303e-07 7.1878719019080308e-07 2.2743588850637058e-06 7.1878721765949997e-07 7.190459282493905e-07 7.1878721765949997e-07 7.1904935064721766e-07 7.1924145706651037e-07 7.1997310887472738e-07 7.1952438127613378e-07 0.00052369737386128074 0.0011464951016442626 -1.4503601395842978e-06 0.0023607170026980723 -6.6277985964759465e-05 -5.5123547131492585e-05 4.0988941734365622e-06 0.00016883561151894043 -4.8775775568499209e-08 0.00018424347833238759 1.6728356726236627e-05 0.00034226865642090874 -5.9352584113930344e-05
leaf_weight=1006 1255 208 230 608 205 208 275 254 203 403 483 249 229 271 310 210 251 8510 349 2693 202 3301 1412 279 255 637 202 249 1221 73186
leaf_count=1006 1255 208 230 608 205 208 275 254 203 403 483 249 229 271 310 210 251 8510 349 2693 202 3301 1412 279 255 637 202 249 1221 73186
internal_value=0.000537324 0.0112932 0.0145792 0.0183708 0.0112158 0.0138344 0.0131499 0.0141682 0.0168678 -8.73716e-05 0.0205132 0.00743563 0.0183955 0.0104755 0.00931383 0.0168958 0.0188562 -0.00010626 -0.000174465 0.000478433 0.00307014 0.000365351 0.000226622 0.000673544 0.00203991 0.00128762 0.00314197 -0.000866147 -0.000228845 -0.000253192
internal_weight=99354 5449 4194 1961 2233 641 1469 1261 411 93905 1320 764 837 546 559 715 461 93502 81691 6278 551 11811 5727 4066 1373 1118 481 1661 75413 74192
internal_count=99354 5449 4194 1961 2233 641 1469 1261 411 93905 1320 764 837 546 559 715 461 93502 81691 6278 551 11811 5727 4066 1373 1118 481 1661 75413 74192
is_linear=0
shrinkage=0.03


Tree=219
num_leaves=31
num_cat=0
split_feature=23 1 16 0 32 16 25 2 23 25 10 31 17 1 13 10 9 35 2 31 16 19 32 28 10 31 32 16 34 27
split_gain=737.866 227.164 57.0391 31.1133 50.2442 13.1113 12.1242 8.36325 7.51972 7.20316 6.51436 8.53778 5.54385 4.87926 4.74647 3.89399 4.14858 4.08221 5.78497 4.27452 9.13035 3.17622 6.61591 6.52453 6.10509 7.92834 4.47121 4.25249 3.78887 4.08118
threshold=0.9636624865290373 15.275000000000002 14.187500000000002 10.622500000000002 -0.95878322595067689 12.892500000000002 5.4525000000000015 1.1762199089169951 0.95802549872652831 6.7925000000000013 11.500000000000002 1.4981258517259308 13.477500000000003 8.2250000000000014 9.6441666666666688 1.5000000000000002 1.0000000180025095e-35 76.250000000000014 1.2049631332052237 1.0989228449650617 3.2075000000000005 3.5875000000000004 -0.96811077628253228 0.38680852249175784 3.5000000000000004 1.7453860489153203 -0.77159520228797429 5.2325000000000008 942.97500000000014 2.1370833333333339
decision_type=2 2 8 2 2 10 10 2 2 8 2 2 2 2 2 2 2 2 2 2 10 10 2 2 2 2 2 8 2 2
left_child=8 2 3 9 5 7 -4 -5 15 14 11 -8 -6 -7 -2 16 -1 19 -19 20 -18 22 24 26 25 27 -23 -17 -25 -30
right_child=1 -3 6 4 12 13 10 -9 -10 -11 -12 -13 -14 -15 -16 21 17 18 -20 -21 -22 23 -24 28 -26 -27 -28 -29 29 -31
leaf_value=-0.0024330135789742391 4.9210297979326586e-07 3.1025388825711705e-07 6.9720195353339948e-07 6.9725858551250574e-07 6.9722283963860717e-07 6.9727260631923679e-07 6.9722360113044776e-07 6.9739054622051316e-07 1.7368291695318838e-06 6.9970762850091176e-07 6.9722360113044776e-07 6.9722358761992169e-07 6.9721464856176142e-07 6.9754307871150437e-07 6.485657986813147e-07 0.0030711129952319294 -0.0011563890021802083 0.0018716017468050515 6.2999723870625794e-06 -0.00039784099145396282 0.0020691749056693611 0.0035157781137274136 -3.8809286869916821e-06 0.0014233712157085579 -0.0011818716084898964 0.0048348792366795599 0.00055783009814799466 -0.00061894574377540474 0.0019979874171976598 -5.5405944869879594e-06
leaf_weight=1241 203 1300 282 237 229 224 419 324 395 223 521 332 702 204 260 401 227 209 2609 4308 222 489 48054 1660 8780 312 559 905 1577 21840
leaf_count=1241 203 1300 282 237 229 224 419 324 395 223 521 332 702 204 260 401 227 209 2609 4308 222 489 48054 1660 8780 312 559 905 1577 21840
internal_value=0.000532336 0.0112479 0.0146651 0.0119081 0.0138701 0.00908752 0.0192354 0.0059841 -9.20545e-05 0.00635601 0.0205278 0.018369 0.018875 0.0130393 0.00414744 -0.000109628 -0.000709444 -0.000445251 0.000459085 -0.000980891 0.00179075 -4.70675e-05 -0.000169972 0.000227898 -0.000855908 0.000835489 0.00254131 -0.000196797 0.00013073 3.24047e-05
internal_weight=99248 5460 4160 2606 1920 989 1554 561 93788 686 1272 751 931 428 463 93393 8816 7575 2818 4757 449 84577 58452 26125 10398 1618 1048 1306 25077 23417
internal_count=99248 5460 4160 2606 1920 989 1554 561 93788 686 1272 751 931 428 463 93393 8816 7575 2818 4757 449 84577 58452 26125 10398 1618 1048 1306 25077 23417
is_linear=0
shrinkage=0.03


Tree=220
num_leaves=31
num_cat=0
split_feature=23 1 16 3 32 2 27 1 22 16 32 10 17 2 35 10 23 34 35 34 10 18 8 33 19 19 27 32 9 19
split_gain=746.026 220.844 57.4603 26.3597 32.2982 15.2681 14.9292 10.8958 7.43092 7.4114 6.94448 5.83572 4.44435 4.3885 4.19366 5.39033 4.80205 3.35725 5.31146 10.0481 7.32719 6.05157 5.15425 5.13608 5.29803 5.21616 6.85977 4.6109 4.42214 7.68478
threshold=0.9636624865290373 15.275000000000002 13.997500000000002 10.439077069198984 -0.95878322595067689 1.1753829650923688 6.0914583333333345 1.4250000000000005 11.178125000000001 12.892500000000002 0.9681107762825325 11.500000000000002 13.477500000000003 1.1089058206799027 53.750000000000007 8.5000000000000018 0.95802549872652831 952.92500000000018 63.250000000000007 942.02500000000009 6.5000000000000009 7.4575000000000014 20.500000000000004 -0.77159520228797429 1.7525000000000002 6.642500000000001 3.6670833333333337 -0.71322329076259927 1.5000000000000002 1.5725000000000005
decision_type=2 2 8 2 2 2 2 2 2 10 2 2 2 2 2 2 2 2 2 2 2 10 2 2 10 10 2 2 2 10
left_child=8 2 3 10 5 -5 7 -4 17 -7 -2 -8 -6 -10 15 -15 -16 18 20 -20 22 -21 -1 24 -22 27 -27 -25 29 -29
right_child=1 -3 6 4 12 9 11 -9 13 -11 -12 -13 -14 14 16 -17 -18 -19 19 21 23 -23 -24 25 -26 26 -28 28 -30 -31
leaf_value=0.00042574165918315754 6.8197990591749258e-07 9.797748300216852e-07 6.7630689309816636e-07 6.7655287675227427e-07 6.7617769798689055e-07 6.7626521237657899e-07 6.7630689309816636e-07 6.7643015139029658e-07 -0.00033413285745610959 6.7655132341156139e-07 6.7864787278160141e-07 6.7630689309816636e-07 6.7630161525666922e-07 4.5049917701315088e-05 -2.0129242387956213e-06 4.6942315316509575e-06 2.724224380855159e-06 -4.7866742318738439e-05 0.006048633047143182 0.0014131625779490529 0.00038072842559555846 -0.00014518178104856448 -0.00087892406530274173 -0.0016555422736063479 0.0071789619853713767 0.0019272573860321584 1.0520083935700046e-05 -1.8402763761343755e-05 -0.00033877546831565073 0.0042614723207387867
leaf_weight=10991 257 1277 240 410 211 300 950 209 227 209 317 384 664 417 893 515 201 49279 226 5980 1142 2079 1509 10173 379 308 1196 1280 6288 498
leaf_count=10991 257 1277 240 410 211 300 950 209 227 209 317 384 664 417 893 515 201 49279 226 5980 1142 2079 1509 10173 379 308 1196 1280 6288 498
internal_value=0.000557527 0.011365 0.0147178 0.0116081 0.0134008 0.00938636 0.0188037 0.0137511 -6.9915e-05 0.0128463 0.00593782 0.0204466 0.0175398 0.0016302 0.00207385 0.00354749 0.000808007 -0.000111943 8.49615e-05 0.000765379 -8.20878e-05 0.000588169 0.000494202 -0.000420895 0.00125622 -0.000550386 0.00114513 -0.000690474 -0.000154628 0.00116433
internal_weight=99009 5428 4151 2368 1794 919 1783 449 93581 509 574 1334 875 2253 2026 932 1094 91328 42049 8285 33764 8059 12500 21264 1521 19743 1504 18239 8066 1778
internal_count=99009 5428 4151 2368 1794 919 1783 449 93581 509 574 1334 875 2253 2026 932 1094 91328 42049 8285 33764 8059 12500 21264 1521 19743 1504 18239 8066 1778
is_linear=0
shrinkage=0.03


Tree=221
num_leaves=31
num_cat=0
split_feature=23 1 22 1 32 27 17 32 12 24 0 11 22 32 18 10 1 14 20 10 26 8 28 23 32 19 27 33 30 26
split_gain=736.921 215.971 55.5176 22.5814 17.4543 13.1466 10.5653 9.8731 8.79955 8.51376 7.80222 6.88335 5.61082 4.21875 3.89011 3.88375 3.40301 3.13565 4.18449 5.83953 3.61723 5.27841 3.22003 5.10861 4.12264 4.39687 4.04479 3.97452 3.65876 3.24963
threshold=0.9636624865290373 15.275000000000002 12.85191666666667 8.8250000000000028 -0.95368063612909426 5.5225000000000017 13.702500000000002 -0.96359376111369355 10.867500000000001 8.9750000000000014 9.8625000000000025 10.832500000000001 11.178125000000001 -0.97988739209073461 10.222500000000002 1.5000000000000002 22.925000000000004 1.2882384613623898 7.7988750000000007 6.5000000000000009 5.7625000000000011 9.5000000000000018 2.9064466776774478 0.64054491253449763 -0.97625883275952019 3.6775000000000007 2.3785416666666674 0.13052122218260662 6.0250000000000012 1.6775000000000004
decision_type=2 2 2 2 2 2 2 2 10 10 2 10 2 2 10 2 2 2 2 2 2 2 2 2 2 10 2 2 2 2
left_child=12 2 5 6 13 10 -4 9 14 -7 -2 -8 15 -5 -9 -1 -14 20 19 -19 22 -22 24 27 25 28 -27 -24 -17 -26
right_child=1 -3 3 4 -6 7 11 8 -10 -11 -12 -13 16 -15 -16 17 -18 18 -20 -21 21 -23 23 -25 29 26 -28 -29 -30 -31
leaf_value=-0.0001489550759766789 3.9830634181593782e-07 2.9917653834670519e-07 6.5634344193932216e-07 6.560049633768484e-07 6.560107370390256e-07 6.5640159245073273e-07 6.560176863068534e-07 6.5838569876323134e-07 6.5587172319090636e-07 6.5613554093291173e-07 6.5564493226921699e-07 6.560176863068534e-07 6.0903945548673733e-06 6.566815617248256e-07 6.5831960399664879e-07 -0.00061098282143414156 -8.0942834874330854e-05 0.0022816149159386634 -0.00014277398730855279 0.00010507459652189986 0.00033355302685845079 8.4644096486757032e-05 0.0047604254787769742 -3.6474040949893145e-05 -0.00055545067788566143 0.0030868999447336409 -2.1816835672322509e-05 0.0010557516710498721 -0.0025146127894859656 8.6550309914207615e-06
leaf_weight=8688 218 1232 206 215 253 270 333 264 423 210 216 1014 1968 278 303 3491 308 3235 2251 5049 219 662 288 565 13210 223 2956 205 3229 47571
leaf_count=8688 218 1232 206 215 253 270 333 264 423 210 216 1014 1968 278 303 3491 308 3235 2251 5049 219 662 288 565 13210 223 2956 205 3229 47571
internal_value=0.000550141 0.0112858 0.0145202 0.0176706 0.0131984 0.0106799 0.0197696 0.0120407 0.0137789 0.00835051 0.00598633 0.0207759 -7.03767e-05 0.00974096 0.0111346 -0.000106874 0.00139939 -4.37963e-05 0.000439753 0.000751357 -0.000113971 0.0017912 -0.000137491 0.00150141 -0.000162128 -0.000729706 0.000189384 0.00371687 -0.00116431 -6.96385e-05
internal_weight=99553 5435 4203 2299 746 1904 1553 1470 990 480 434 1347 94118 493 567 91842 2276 83154 10535 8284 72619 881 71738 1058 70680 9899 3179 493 6720 60781
internal_count=99553 5435 4203 2299 746 1904 1553 1470 990 480 434 1347 94118 493 567 91842 2276 83154 10535 8284 72619 881 71738 1058 70680 9899 3179 493 6720 60781
is_linear=0
shrinkage=0.03


Tree=222
num_leaves=31
num_cat=0
split_feature=23 2 20 25 2 12 15 2 16 9 23 34 2 35 34 9 22 20 2 19 34 32 30 25 35 35 34 33 25 24
split_gain=760.586 215.082 59.2463 17.6057 16.9142 14.6695 12.4481 12.1459 9.43002 9.13099 5.82879 4.33159 3.75706 5.55762 6.5839 10.2059 4.66968 5.51582 4.23239 4.10477 5.5974 6.52605 10.8034 6.64195 11.1495 4.95893 5.06206 3.85093 4.18304 4.7993
threshold=0.9636624865290373 1.1454304126959505 13.143125000000003 6.3125000000000009 1.1714236925654091 10.022500000000003 -0.43999999999999978 1.1753829650923688 15.287500000000001 3.5000000000000004 0.92986604680737783 960.62500000000011 1.2167232008117836 54.750000000000007 942.22500000000014 2.5000000000000004 2.0255416666666668 8.5177500000000013 1.1375424524326823 5.1175000000000006 960.62500000000011 -0.35836794954530055 8.6250000000000018 3.2825000000000006 41.750000000000007 24.750000000000004 947.47500000000014 -0.88697705852364728 3.4175000000000004 8.1250000000000018
decision_type=2 2 2 8 2 10 10 2 8 2 2 2 2 2 2 2 2 2 2 10 2 2 2 8 2 2 2 2 10 10
left_child=10 -2 3 5 9 -3 -5 -7 11 -4 12 -6 13 19 15 -15 18 -18 -16 27 21 22 23 24 -21 26 -23 -1 29 -29
right_child=1 2 4 6 8 7 -8 -9 -10 -11 -12 -13 -14 14 16 -17 17 -19 -20 20 -22 25 -24 -25 -26 -27 -28 28 -30 -31
leaf_value=0.0016191527451923234 9.6217190563296921e-07 5.2339391905888171e-07 6.3634302917018032e-07 6.3626078034913076e-07 6.3633715571498321e-07 6.2371182391496304e-07 6.3731150168637263e-07 6.3663412984510775e-07 6.3633715571831395e-07 6.3632763162013719e-07 5.0192665766868313e-06 6.3663171969769177e-07 -0.00015148170853436448 0.0068312311498268394 0.0020311083643408064 -0.00076759070305337676 0.00036077486284087797 -3.3588260765412977e-05 -0.00169340385583135 0.001665183770631755 0.0003257146066976433 0.00169318264539283 -3.590741476085164e-05 0.00087696720108043917 0.0049318051102817456 -0.00014602888066369779 -1.8996140773306358e-05 -0.0013617190139491198 -8.8991840960772606e-06 0.0028170722052525345
leaf_weight=1251 1243 348 369 205 523 200 960 496 486 258 2322 317 13419 308 350 316 26795 5605 1545 255 436 281 2785 1350 205 3786 650 19662 12123 207
leaf_count=1251 1243 348 369 205 523 200 960 496 486 258 2322 317 13419 308 350 316 26795 5605 1545 255 436 281 2785 1350 205 3786 650 19662 12123 207
internal_value=0.000538879 0.011476 0.014743 0.0113293 0.0185654 0.00842517 0.0138846 0.0109301 0.0205424 0.0142547 -9.29259e-05 0.0183195 -0.000130697 -5.08253e-05 0.000230299 0.00327186 0.000174489 0.000259219 -0.00127105 -0.000279166 0.000262072 0.000105613 0.000909782 0.00271074 0.00580645 -0.000677891 0.00127885 -0.000437892 -0.000501798 -0.0007697
internal_weight=99056 5405 4162 2209 1953 1044 1165 696 1326 627 93651 840 91329 77910 34919 624 34295 32400 1895 42991 9748 9312 4595 1810 460 4717 931 33243 31992 19869
internal_count=99056 5405 4162 2209 1953 1044 1165 696 1326 627 93651 840 91329 77910 34919 624 34295 32400 1895 42991 9748 9312 4595 1810 460 4717 931 33243 31992 19869
is_linear=0
shrinkage=0.03


Tree=223
num_leaves=31
num_cat=0
split_feature=23 1 20 2 18 32 29 3 9 22 17 22 11 11 2 35 25 26 24 35 29 20 25 19 35 8 19 15 35 30
split_gain=734.993 229.122 59.4953 21.5182 18.9998 9.71423 19.5827 8.55107 8.18066 6.74044 6.39167 4.92404 6.28658 6.6939 3.7142 3.32322 3.57921 3.87057 3.11407 3.62419 4.14183 7.77298 4.24284 5.43988 6.16648 6.07876 5.69611 4.21622 4.15265 3.6821
threshold=0.9636624865290373 15.275000000000002 13.143125000000003 1.1714236925654091 13.072500000000002 -0.95878322595067689 5.9625000000000012 10.439077069198984 3.5000000000000004 11.178125000000001 12.537500000000001 15.993083333333336 14.622500000000002 10.832500000000001 1.1089058206799027 56.750000000000007 5.6075000000000008 4.6325000000000012 4.0250000000000012 22.750000000000004 1.1425000000000003 3.8050000000000006 3.4775000000000005 0.27250000000000008 40.250000000000007 12.500000000000002 1.5325000000000004 0.037499999999999652 34.750000000000007 3.6750000000000007
decision_type=2 2 2 2 8 2 2 2 2 2 2 2 10 10 2 2 8 2 8 2 2 2 8 10 2 2 10 10 2 2
left_child=9 2 4 8 5 -2 -7 -6 -4 18 -9 12 13 -5 -11 16 -16 -18 19 -1 28 22 27 -24 -25 -26 -27 -22 -21 -23
right_child=1 -3 3 11 7 6 -8 10 -10 14 -12 -13 -14 -15 15 -17 17 -19 -20 20 21 29 23 24 25 26 -28 -29 -30 -31
leaf_value=-0.0017306315611914837 6.1748557405927324e-07 2.6440636503588521e-07 6.1726590287541467e-07 6.172470410459318e-07 6.1935265881148631e-07 6.1680641001426999e-07 6.1819213981850745e-07 6.1616107053688405e-07 6.1723305377792134e-07 -0.00029969119243173362 6.1943068775938133e-07 6.172470410459318e-07 6.172470410292785e-07 6.172470410459318e-07 3.8981216511216119e-05 1.8563384434455708e-06 4.2718514905448757e-08 9.1293774521572493e-06 -2.6722896584080664e-06 0.0050567833354298423 -0.00098880445054586974 -0.0027362386856467041 0.0067166335550305697 -0.0021104264607246801 0.00077955224590795067 0.0018106537306463466 0.0088838913997812685 0.00058063415054205594 -0.0010550056555901986 -0.00032309534749197456
leaf_weight=1416 366 1315 384 271 311 495 622 215 252 232 229 255 325 495 364 1020 440 228 63016 215 2990 3977 369 597 1240 299 315 2491 4718 9816
leaf_count=1416 366 1315 384 271 311 495 622 215 252 232 229 255 325 495 364 1020 440 228 63016 215 2990 3977 369 597 1240 299 315 2491 4718 9816
internal_value=0.000534592 0.0111525 0.0145562 0.0183563 0.0111574 0.0131391 0.0145535 0.00720395 0.0135913 -9.28987e-05 0.00986191 0.0205492 0.0194042 0.0210272 0.00151507 0.00192222 0.00311861 0.00179198 -0.000133135 -0.000393666 -0.00031596 -0.000140369 0.000584757 0.0015292 0.00101262 0.00186552 0.00429402 9.78848e-05 -0.00110146 -0.000576823
internal_weight=99278 5535 4220 1982 2238 1483 1117 755 636 93743 444 1346 1091 766 2284 2052 1032 668 91459 28443 27027 22094 8301 2820 2451 1854 614 5481 4933 13793
internal_count=99278 5535 4220 1982 2238 1483 1117 755 636 93743 444 1346 1091 766 2284 2052 1032 668 91459 28443 27027 22094 8301 2820 2451 1854 614 5481 4933 13793
is_linear=0
shrinkage=0.03


Tree=224
num_leaves=31
num_cat=0
split_feature=22 1 22 2 27 32 25 22 16 16 28 21 4 16 1 1 16 7 29 34 35 16 17 29 2 18 21 11 9 19
split_gain=709.592 238.067 53.7967 23.8665 17.2598 15.9454 13.615 11.638 10.3842 7.13281 6.5822 6.40734 5.96536 7.11928 4.95604 4.6194 5.34033 3.4697 3.12042 3.09417 3.01473 4.53772 3.61532 6.03196 7.02454 5.58356 5.6674 4.30171 3.94186 6.36293
threshold=11.875500000000004 15.275000000000002 13.050625000000002 1.1714236925654091 5.4779166666666672 -0.96359376111369355 6.5325000000000015 11.4945 15.287500000000001 12.802500000000002 1.4267412605083543 2.7863098279314986 0.91501037992003975 13.997500000000002 5.0750000000000011 2.2250000000000005 12.997500000000002 41.500000000000007 0.48750000000000004 953.62500000000011 25.750000000000004 8.0725000000000033 2.5375000000000005 1.1425000000000003 1.2449204606000315 1.1125000000000003 3.365756103973232 4.892500000000001 5.5000000000000009 4.4975000000000014
decision_type=2 2 2 2 2 2 8 2 8 10 2 2 2 10 2 2 8 2 2 2 2 10 2 2 2 10 2 10 2 8
left_child=7 2 4 6 -2 9 -4 17 11 -6 -7 -5 13 -12 -14 16 -9 18 -1 -19 21 -20 23 -22 25 -25 27 -27 -24 -30
right_child=1 -3 3 8 5 10 -8 15 -10 -11 12 -13 14 -15 -16 -17 -18 19 20 -21 22 -23 28 24 -26 26 -28 -29 29 -31
leaf_value=-0.0010741974843924819 5.8853211158627033e-07 9.2537341061201155e-07 5.9870902582721619e-07 5.987296298082256e-07 5.9760687582843809e-07 5.9849938282664449e-07 5.9872214696721216e-07 5.8242854007350965e-07 5.9872962981488698e-07 6.0047052606537753e-07 6.1187514456495505e-07 5.9872962981488698e-07 5.9978240059740912e-07 5.9979574480438079e-07 5.9838362146291679e-07 3.1017079504485172e-06 1.0815897747399327e-05 0.00076187141623988567 -0.0016522161929687096 -1.9577432052280955e-05 -0.0010653240553674607 3.1322475133299664e-05 -4.0855221784868358e-05 0.0093592232427304918 0.0032542862031418704 0.00072849077079007167 0.0019477254722067437 -0.0024992911637139767 0.0024774954647060563 -3.5406662509689989e-06
leaf_weight=1028 362 1391 292 665 307 211 351 204 500 205 226 223 244 216 210 702 241 6709 6041 6862 1658 2224 50945 367 215 5567 468 1372 1880 7152
leaf_count=1028 362 1391 292 665 307 211 351 204 500 205 226 223 244 216 210 702 241 6709 6041 6862 1658 2224 50945 367 215 5567 468 1372 1880 7152
internal_value=0.000538008 0.0111041 0.0148081 0.0182549 0.0112372 0.0125634 0.0132731 -7.22455e-05 0.0205068 0.00805416 0.0146034 0.0182822 0.0157625 0.0129396 0.0183399 0.00292448 0.0053 -0.000109566 -0.000185766 0.000333455 -0.000164031 -0.000705563 -9.97006e-05 0.000439183 0.00078096 0.000630929 0.000450485 0.000233726 -0.000186407 0.000391058
internal_weight=99038 5403 4012 2031 1981 1619 643 93635 1388 512 1107 888 896 442 454 1147 445 92488 78917 13571 77889 8265 69624 9647 7989 7774 7407 6939 59977 9032
internal_count=99038 5403 4012 2031 1981 1619 643 93635 1388 512 1107 888 896 442 454 1147 445 92488 78917 13571 77889 8265 69624 9647 7989 7774 7407 6939 59977 9032
is_linear=0
shrinkage=0.03


Tree=225
num_leaves=31
num_cat=0
split_feature=23 1 20 2 18 23 34 16 25 3 28 17 2 18 34 23 14 11 31 34 2 1 1 3 25 8 27 25 31 26
split_gain=737.904 210.314 43.6703 22.7602 17.7612 14.3282 13.1655 9.5839 9.2004 8.04178 7.12943 7.1172 6.76749 5.3183 8.03113 4.74415 3.22608 3.92992 3.30426 3.19812 4.90862 4.27698 4.52181 3.68761 3.83255 3.26404 3.95691 2.96888 3.42111 2.91846
threshold=0.96514704198614198 15.275000000000002 13.143125000000003 1.1714236925654091 13.072500000000002 0.9636624865290373 954.02500000000009 15.287500000000001 6.5325000000000015 10.439077069198984 1.7323009739512707 12.767500000000002 1.2248429590802654 14.312500000000002 958.62500000000011 0.92986604680737783 1.2882384613623898 8.4025000000000016 2.5685589397293289 945.42500000000018 1.0755131976497585 18.575000000000006 16.675000000000004 5.4290179261797862 3.1375000000000006 9.5000000000000018 2.2635416666666672 2.6625000000000005 1.4071964257589935 1.2075000000000002
decision_type=2 2 2 2 8 2 2 8 8 2 2 2 2 10 2 2 2 8 2 2 2 2 2 2 10 2 2 10 2 2
left_child=5 2 4 8 6 15 -2 13 -4 -6 12 -11 -8 -5 -15 16 18 19 -1 20 -18 22 25 24 -23 -21 -27 28 -22 -20
right_child=1 -3 3 7 9 -7 10 -9 -10 11 -12 -13 -14 14 -16 -17 17 -19 29 21 27 23 -24 -25 -26 26 -28 -29 -30 -31
leaf_value=-2.6295285238164368e-05 5.7913681369536886e-07 8.7338706783505565e-07 5.8075479139052531e-07 5.8076315198607453e-07 5.8002880297565938e-07 5.7441220638332346e-07 5.8071574678894549e-07 5.8076774092197248e-07 5.8076048255806249e-07 5.653665725819112e-07 5.8120274606541154e-07 5.8367999232533664e-07 5.8093840513473435e-07 5.8076774091997401e-07 5.8217452463815709e-07 4.2876252284240745e-06 -0.0015334797984640951 -0.00026871238288596832 0.0010798299874978079 -0.00010161674932768585 0.0068086992737084583 -0.0013939868712524242 0.0024707733157343496 -0.001854110538552074 0.0026524169081187255 -0.0017724817846278989 0.0022577464680318331 0.001565915018329029 0.0031258843831648165 -0.0016233186686287981
leaf_weight=75761 280 1168 305 288 235 399 222 476 341 218 588 203 205 327 246 2319 411 1930 372 1991 295 1039 362 979 610 422 1605 839 604 4304
leaf_count=75761 280 1168 305 288 235 399 222 476 341 218 588 203 205 327 246 2319 411 1930 372 1991 295 1039 362 979 610 422 1605 839 604 4304
internal_value=0.000541001 0.0116475 0.0149627 0.0181192 0.0117163 -6.08621e-05 0.0137654 0.0203942 0.0132903 0.00759758 0.0153676 0.0100634 0.0121042 0.0182182 0.0161782 -8.51277e-05 -0.000119111 0.000360529 -0.00018524 0.000619842 0.00163092 0.000308854 0.000882553 -0.000647171 0.000219467 0.000590603 0.00143652 0.00232702 0.00352102 -0.00095877
internal_weight=99344 5102 3934 1983 1951 94242 1295 1337 646 656 1015 421 427 861 573 93843 91524 11087 80437 9157 2149 7008 4380 2628 1649 4018 2027 1738 899 4676
internal_count=99344 5102 3934 1983 1951 94242 1295 1337 646 656 1015 421 427 861 573 93843 91524 11087 80437 9157 2149 7008 4380 2628 1649 4018 2027 1738 899 4676
is_linear=0
shrinkage=0.03


Tree=226
num_leaves=31
num_cat=0
split_feature=22 1 20 1 1 29 32 18 32 22 21 22 26 11 1 10 31 32 34 35 33 1 21 26 19 5 25 9 33 35
split_gain=694.73 226.863 54.5622 20.5594 17.5895 23.5261 16.371 12.0347 8.85608 6.79418 7.04178 6.49346 6.42743 4.68198 4.29914 3.19939 3.3735 5.68649 6.12628 4.036 3.6011 3.46318 4.49616 3.38629 3.22324 2.99159 2.87385 2.59296 2.5382 7.89611
threshold=11.875500000000004 15.275000000000002 13.143125000000003 8.8250000000000028 7.6250000000000009 5.6325000000000012 -0.93038214053199442 13.072500000000002 -0.95368063612909426 15.993083333333336 2.9541099543822589 11.37916666666667 4.182500000000001 14.622500000000002 0.32500000000000012 1.5000000000000002 1.3380732895860949 0.71322329076259949 957.62500000000011 71.250000000000014 -0.50751903745502724 -2.1749999999999994 2.6013267848564872 2.5725000000000007 1.3325000000000002 0.69944720480857459 5.4825000000000008 3.5000000000000004 0.31729257441605191 87.750000000000014
decision_type=2 2 2 2 2 2 2 10 2 2 2 2 2 10 2 2 2 2 2 2 2 2 2 2 8 2 8 2 2 2
left_child=11 2 4 9 5 12 -6 14 27 10 13 15 -2 -4 -7 16 17 23 -19 20 -18 26 -23 -1 -17 -22 -21 -5 -26 -30
right_child=1 -3 3 8 6 7 -8 -9 -10 -11 -12 -13 -14 -15 -16 24 19 18 -20 21 25 22 -24 -25 28 -27 -28 -29 29 -31
leaf_value=-0.0010981890278207438 3.3877323673131352e-07 8.3680413679010349e-07 5.6334470869501271e-07 5.6336344699126544e-07 5.0302888154945517e-07 5.6506641557874101e-07 5.6448625011640271e-07 5.6367542291893174e-07 5.6333861890667241e-07 5.6334470869501271e-07 5.6334470869501271e-07 3.487024941308763e-06 5.4748724617192932e-07 5.633447086783594e-07 5.6359671818162477e-07 -0.00083854355037233091 0.0014765005330529915 0.0012345702711135647 5.8721517437483325e-05 -0.0013917748384827554 -0.0016535003293660369 -1.8937884292513641e-06 0.0025120716042154167 0.0011005974565446738 -1.5433211212092252e-05 3.5913797468167206e-05 3.9779532768020523e-05 5.6331578025203829e-07 8.3348257591562761e-05 0.0042633773113008181
leaf_weight=721 243 1353 537 244 353 340 209 355 204 255 242 1555 211 285 327 6007 204 314 481 1688 2845 1107 313 200 59990 206 658 204 17002 209
leaf_count=721 243 1353 537 244 353 340 209 355 204 255 242 1555 211 285 327 6007 204 314 481 1688 2845 1107 313 200 59990 206 658 204 17002 209
internal_value=0.000519728 0.0110162 0.0145972 0.0181716 0.0111043 0.0128305 0.00649735 0.0153593 0.0135982 0.0203724 0.019072 -8.2777e-05 0.00703268 0.0204885 0.0177812 -0.000115335 -0.000661291 0.000529924 0.00238125 -0.000952605 -0.00172546 -0.000283215 0.00088421 -0.00107235 -5.79724e-05 -0.00198397 -0.000990218 0.0110066 -5.86813e-06 0.000315229
internal_weight=98862 5362 4009 1971 2038 1476 562 1022 652 1319 1064 93500 454 822 667 91945 8737 1716 795 7021 3255 3766 1420 921 83208 3051 2346 448 77201 17211
internal_count=98862 5362 4009 1971 2038 1476 562 1022 652 1319 1064 93500 454 822 667 91945 8737 1716 795 7021 3255 3766 1420 921 83208 3051 2346 448 77201 17211
is_linear=0
shrinkage=0.03


Tree=227
num_leaves=31
num_cat=0
split_feature=22 2 16 4 17 15 26 25 10 22 25 16 16 33 10 21 34 18 10 31 2 17 6 17 24 34 34 19 12 12
split_gain=693.138 237.346 54.7877 34.2157 29.1876 25.5935 17.5363 11.2843 13.65 7.62741 5.24251 4.3875 3.85202 3.0907 5.4261 4.69509 3.07223 6.15835 7.92165 6.51228 5.94342 5.38931 4.87857 5.4702 5.5267 5.15052 6.89045 5.96825 4.89982 4.81023
threshold=11.875500000000004 1.1480176067867423 14.187500000000002 0.91501037992003975 13.587500000000002 -0.41749999999999948 5.0375000000000005 6.3625000000000016 9.5000000000000018 11.178125000000001 5.9525000000000015 14.942500000000003 13.102500000000003 -0.11319890333640036 5.5000000000000009 1.7486182044668341 952.82500000000016 3.4025000000000007 6.5000000000000009 1.2000496524329696 1.1268722322914713 6.8275000000000015 1.5000000000000002 6.1675000000000013 3.2750000000000008 947.57500000000016 950.92500000000018 4.9875000000000016 4.5225000000000017 5.4875000000000016
decision_type=2 2 8 2 2 10 2 10 2 2 8 8 10 2 2 2 2 10 2 2 2 2 2 2 10 2 2 8 10 10
left_child=9 13 3 10 6 -6 -5 8 -4 16 -3 -9 -7 14 15 -2 17 22 19 -19 -21 -22 -1 28 25 27 -27 -25 -24 -18
right_child=1 2 7 4 5 12 -8 11 -10 -11 -12 -13 -14 -15 -16 -17 29 18 -20 20 21 -23 23 24 -26 26 -28 -29 -30 -31
leaf_value=-0.00021313227165502171 1.6698142110874075e-05 3.7587389735693756e-07 5.4644436741857486e-07 5.4623397131803307e-07 5.4668881663610944e-07 5.465582605135299e-07 5.4641570004343443e-07 5.4644436743522816e-07 5.4644436743189752e-07 4.364002980064008e-06 5.5338143874253806e-07 5.4644436743522816e-07 5.4647567268345366e-07 -5.5634940703042092e-07 -5.1615677115896291e-07 1.787399732319228e-06 -0.00066112314380278533 0.001375436587223995 -0.00026664459278461818 -0.00068696611648005445 0.0030037413456947141 -1.3680924318082433e-07 0.00035371495439335984 -0.00059373911905629794 -0.0013789782679955759 0.0093021754685807083 0.0040315279360110959 0.0031640470366486773 0.0054164071386758996 4.6127984903543413e-06
leaf_weight=4525 223 212 224 299 288 446 376 352 292 2307 355 666 428 672 303 292 28579 3017 17620 3834 1638 3023 5766 381 424 420 301 351 277 21392
leaf_count=4525 223 212 224 299 288 446 376 352 292 2307 355 666 428 672 303 292 28579 3017 17620 3834 1638 3023 5766 381 424 420 301 351 277 21392
internal_value=0.000527163 0.0109453 0.0147999 0.0119253 0.0139137 0.0168072 0.00884559 0.0192515 0.0152821 -7.59116e-05 0.00541783 0.0211789 0.019372 0.000742474 0.0019757 0.00383654 -0.000118883 7.16409e-05 -0.000167005 0.000444907 1.9411e-05 0.000738748 0.00063012 0.00107886 0.0024915 0.00336831 0.00516116 0.00157938 0.000638392 -0.000277394
internal_weight=99283 5428 3938 2404 1837 1162 675 1534 516 93855 567 1018 874 1490 818 515 91548 41577 29132 11512 8495 4661 12445 7920 1877 1453 721 732 6043 49971
internal_count=99283 5428 3938 2404 1837 1162 675 1534 516 93855 567 1018 874 1490 818 515 91548 41577 29132 11512 8495 4661 12445 7920 1877 1453 721 732 6043 49971
is_linear=0
shrinkage=0.03


Tree=228
num_leaves=31
num_cat=0
split_feature=23 2 20 16 14 25 23 34 14 35 21 1 25 3 23 35 1 35 34 9 20 5 8 23 13 26 30 33 34 25
split_gain=694.872 210.137 53.5306 23.9034 19.5398 12.6375 11.1004 9.1069 8.02776 5.76485 8.27451 4.66315 4.62859 3.93218 3.65486 3.24354 2.81086 4.14707 6.53819 9.52262 4.33426 4.63511 4.44274 4.39048 6.23438 4.29255 4.16351 4.11079 4.08397 3.89089
threshold=0.96514704198614198 1.1474195251904404 12.953375000000003 14.942500000000003 0.69816425956455153 5.4825000000000008 0.9636624865290373 952.92500000000018 0.72500000000000386 51.750000000000007 1.5610913649056835 7.825000000000002 6.9425000000000008 10.439077069198984 0.92986604680737783 19.750000000000004 -1.6249999999999998 54.750000000000007 942.22500000000014 2.5000000000000004 8.7081666666666688 0.043058484026880318 16.500000000000004 0.056512085040748658 3.2491666666666674 5.4975000000000014 2.1250000000000004 -0.41467745240824966 954.42500000000018 4.3775000000000013
decision_type=2 2 2 8 2 8 2 2 2 2 2 2 10 2 2 2 2 2 2 2 2 2 2 2 2 2 2 2 2 8
left_child=6 -2 5 4 9 -3 14 -7 13 -4 -11 -5 -6 -9 15 -1 29 25 19 -19 21 22 -20 24 -23 -18 -24 -26 -29 -17
right_child=1 2 3 11 12 7 -8 8 -10 10 -12 -13 -14 -15 -16 16 17 18 20 -21 -22 23 26 -25 27 -27 -28 28 -30 -31
leaf_value=-0.00030245970457886767 1.2654606081655166e-06 5.0632377089336805e-07 5.3005103620940016e-07 5.3005103641257097e-07 5.3026603171904653e-07 5.194891622568938e-07 5.1546855401742754e-07 5.3131551903451423e-07 5.3022717885986553e-07 5.3005168582309631e-07 5.3005103640824104e-07 5.3005103639258702e-07 5.3043597545956078e-07 5.3016151269735795e-07 4.2330828906611547e-06 -0.00071709632413405561 -7.6629236379329726e-05 0.006466656299655843 -0.00071596836255042717 -0.00068635513121006509 -3.1642724068449898e-05 0.00038692598189543463 0.006899618092754153 0.0003509238490941175 0.0022218535096127185 0.00027428027576038014 1.7970224087302421e-05 0.0038814986277222255 0.0059701290881121081 1.8911765716466381e-05
leaf_weight=4997 1216 391 250 585 285 209 389 378 205 250 394 208 215 466 2319 9023 37124 278 5874 309 4980 1090 547 19871 267 956 1176 243 208 4425
leaf_count=4997 1216 391 250 585 285 209 389 378 205 250 394 208 215 466 2319 9023 37124 278 5874 309 4980 1090 547 19871 267 956 1176 243 208 4425
internal_value=0.000514218 0.0113474 0.0147883 0.0178782 0.0153881 0.0106487 -6.81122e-05 0.0121188 0.0132666 0.0180734 0.0162527 0.0221316 0.0104554 0.0145795 -8.92399e-05 -0.000119117 -7.60982e-05 -2.59231e-06 0.000233901 0.0033598 0.000179854 0.000319046 -0.00031847 0.000542473 0.00195587 -0.000218985 0.0010191 0.00411618 0.00584868 -0.000474542
internal_weight=99128 5052 3836 2187 1394 1649 94076 1258 1049 894 644 793 500 844 93687 91368 86371 72923 34843 587 34256 29276 7597 21679 1808 38080 1723 718 451 13448
internal_count=99128 5052 3836 2187 1394 1649 94076 1258 1049 894 644 793 500 844 93687 91368 86371 72923 34843 587 34256 29276 7597 21679 1808 38080 1723 718 451 13448
is_linear=0
shrinkage=0.03


Tree=229
num_leaves=31
num_cat=0
split_feature=23 2 20 29 32 2 32 1 1 17 0 35 24 29 35 19 20 1 7 35 19 17 14 33 26 34 25 25 18 4
split_gain=702.564 220.024 63.7783 21.1048 24.2346 17.9925 11.149 8.24869 16.1451 8.22557 8.15779 6.77254 3.28275 4.43153 5.59986 3.78164 3.04433 3.86699 3.10208 3.67533 5.32557 5.34044 5.46402 7.08602 8.19621 7.27547 5.24675 4.10996 4.46346 4.09134
threshold=0.9636624865290373 1.1480176067867423 13.143125000000003 5.5825000000000014 -0.95878322595067689 1.1714236925654091 -0.95368063612909426 8.0250000000000021 2.2250000000000005 14.192500000000003 10.622500000000002 53.750000000000007 8.5750000000000028 6.472500000000001 37.250000000000007 8.177500000000002 11.466000000000003 20.625000000000004 42.500000000000007 37.750000000000007 5.1175000000000006 6.2175000000000011 0.53570047601247028 0.087155742747658027 2.6275000000000004 950.52500000000009 6.6525000000000007 3.4575000000000005 7.5425000000000013 0.0820154097638989
decision_type=2 2 2 2 2 2 2 2 2 2 2 2 10 2 2 10 2 2 2 2 8 2 2 2 2 2 8 10 10 2
left_child=12 -2 3 11 7 6 -4 8 -5 -7 -6 -3 16 14 -14 -16 18 -18 19 20 -1 -22 23 27 -25 -26 -27 28 -23 -24
right_child=1 2 5 4 10 9 -8 -9 -10 -11 -12 -13 13 -15 15 -17 17 -19 -20 -21 21 22 29 24 25 26 -28 -29 -30 -31
leaf_value=-0.0015115147270496532 1.2399495603709898e-06 4.7098901274744694e-07 5.1414199665034127e-07 5.1222619011026534e-07 5.1521886602068358e-07 5.1427963894460694e-07 5.1414339283322741e-07 5.1870002088732003e-07 5.1438330675557256e-07 5.1414950532069344e-07 5.1426774925200649e-07 4.0821139517276254e-07 0.0014290318852648476 -4.273362139284309e-07 -7.7870128367296669e-06 2.0852500354566759e-05 8.2712802757683695e-06 -0.00014544563935908078 0.00017574924646671211 -2.4371741526523901e-05 -0.0016957166453245263 0.0033811353819165391 0.0045042136236695006 -0.00012427706833227026 0.00043157242289806441 0.0019584361386327524 4.8897046088238745e-05 -0.00014317812661036931 -0.00094629498382207467 -0.00013029323381660073
leaf_weight=7309 1357 215 389 203 374 230 203 232 204 1098 640 329 257 1536 465 200 791 229 11349 60321 4132 299 286 501 535 411 201 1245 216 3329
leaf_count=7309 1357 215 389 203 374 230 203 232 204 1098 640 329 257 1536 465 200 791 229 11349 60321 4132 299 286 501 535 411 201 1245 216 3329
internal_value=0.00050723 0.0109487 0.0143981 0.0108624 0.0125519 0.0184052 0.013809 0.00787733 0.0104345 0.0203946 0.0154446 0.0056612 -0.000103892 0.000976857 0.00261489 0.00114179 -0.000133087 0.00149268 -0.000151567 -0.000218366 -0.000588663 -0.000176076 0.000327404 0.0011884 0.00259891 0.00399219 0.00621394 -0.000135978 0.00210577 -0.000484807
internal_weight=99086 5474 4117 2197 1653 1920 592 639 407 1328 1014 544 93612 2458 922 665 91154 1020 90134 78785 18464 11155 7023 3408 1648 1147 612 1760 515 3615
internal_count=99086 5474 4117 2197 1653 1920 592 639 407 1328 1014 544 93612 2458 922 665 91154 1020 90134 78785 18464 11155 7023 3408 1648 1147 612 1760 515 3615
is_linear=0
shrinkage=0.03


Tree=230
num_leaves=31
num_cat=0
split_feature=22 2 20 2 27 32 3 21 32 10 21 26 22 19 14 35 19 21 13 2 33 9 12 19 20 9 19 33 11 34
split_gain=671.633 253.951 52.8945 19.9241 19.1021 19.1203 8.84837 9.62579 7.55764 6.60575 13.2698 6.33082 6.04725 5.66749 3.26102 2.98195 3.6119 5.53695 8.75899 3.41104 8.52064 6.73647 5.41297 3.95791 3.36753 3.08735 5.07063 7.08947 8.20025 6.58513
threshold=11.875500000000004 1.1480176067867423 13.143125000000003 1.1714236925654091 5.4779166666666672 -0.96359376111369355 10.439077069198984 2.9541099543822589 -0.96359376111369355 11.500000000000002 2.7069370759829208 5.0375000000000005 11.178125000000001 11.027500000000002 0.32746501085356472 26.750000000000004 3.3175000000000008 2.8045135489402262 5.2041666666666684 1.0898829411857502 0.47714059151611404 3.5000000000000004 2.8275000000000006 5.1175000000000006 1.1275000000000002 5.5000000000000009 6.0725000000000007 0.1218693434051476 2.9525000000000006 946.42500000000018
decision_type=2 2 2 2 2 2 2 2 2 2 2 2 2 8 2 2 8 2 2 2 2 2 10 10 2 2 8 2 10 2
left_child=12 -2 4 8 -3 13 7 -7 -4 10 -5 14 15 -6 -8 16 -1 -18 -19 20 22 -22 -17 -24 -21 -26 27 28 -27 -30
right_child=1 2 3 9 5 6 11 -9 -10 -11 -12 -13 -14 -15 -16 19 17 18 -20 24 21 -23 23 -25 25 26 -28 -29 29 -31
leaf_value=-0.001686464733901082 3.1356085357869824e-07 4.7367067964263776e-07 4.9871773675103092e-07 4.9872502016157228e-07 5.0020734097100388e-07 5.0380310891773309e-07 4.9969690184320864e-07 4.997780180387552e-07 4.987188856548672e-07 4.9872502016157228e-07 4.9893469181827571e-07 4.9944268228130363e-07 4.5030868653761489e-06 4.9875184359837732e-07 4.9834665746653602e-07 0.0046838264122273845 -0.00012954141674299517 0.0037543165702827522 -2.6884524414093614e-05 -0.0017624408899942863 0.0013691706021597865 0.0048653277144584534 -0.0016049799725315161 0.001034466444448723 -3.9230517606877555e-05 -0.00018329059072414748 -8.860961125198851e-06 -0.00011918361130400123 -0.0014263934194570032 0.0028314785843137668
leaf_weight=2946 1483 357 328 648 201 335 216 200 265 467 206 201 2307 313 201 235 6939 295 364 365 245 215 1033 223 66887 764 7733 1721 293 1218
leaf_count=2946 1483 357 328 648 201 335 216 200 265 467 206 201 2307 313 201 235 6939 295 364 365 245 215 1033 223 66887 764 7733 1721 293 1218
internal_value=0.000496708 0.0107588 0.014739 0.0183314 0.0113051 0.0126549 0.0148109 0.01175 0.0135301 0.0204276 0.0185308 0.0173451 -9.70174e-05 0.00772254 0.0195711 -0.000135308 -0.000609727 -0.000263581 0.00235391 -7.34653e-05 0.00116411 0.00470968 5.81544e-05 -0.000727994 -0.000104108 -9.06635e-05 0.000358189 0.00122519 0.00232237 0.0035996
internal_weight=99204 5421 3938 1914 2024 1667 1153 535 593 1321 854 618 93783 514 417 91476 10544 7598 659 80932 1951 460 1491 1256 78981 78616 11729 3996 2275 1511
internal_count=99204 5421 3938 1914 2024 1667 1153 535 593 1321 854 618 93783 514 417 91476 10544 7598 659 80932 1951 460 1491 1256 78981 78616 11729 3996 2275 1511
is_linear=0
shrinkage=0.03


Tree=231
num_leaves=31
num_cat=0
split_feature=23 2 20 14 16 18 23 34 16 30 12 32 35 11 29 2 24 35 34 10 8 18 2 17 9 10 18 2 35 34
split_gain=681.078 223.113 51.2685 21.9843 22.7068 17.0121 9.76797 9.72271 7.31241 5.38852 5.02501 7.58295 4.3846 7.80469 5.51084 4.22638 3.80588 4.00976 5.59031 9.87109 23.6943 8.25795 6.59086 4.46268 4.43481 4.81911 5.47098 5.41759 6.5457 6.75927
threshold=0.96514704198614198 1.1480176067867423 12.953375000000003 0.63388353294065891 13.997500000000002 13.072500000000002 0.9636624865290373 955.02500000000009 14.942500000000003 15.825000000000003 10.727500000000003 -0.93038214053199442 50.750000000000007 12.017500000000002 9.5775000000000023 1.174756038440929 7.075000000000002 26.250000000000004 946.02500000000009 8.5000000000000018 11.500000000000002 3.0275000000000007 1.103719257009437 2.5375000000000005 5.5000000000000009 10.500000000000002 8.0275000000000016 1.1081619006220202 57.750000000000007 959.32500000000016
decision_type=2 2 2 2 8 8 2 2 8 2 10 2 2 10 2 2 8 2 2 2 2 10 2 2 2 2 10 2 2 2
left_child=6 -2 5 8 -5 7 16 -3 12 -7 -9 -12 -4 -14 -15 -6 17 -1 19 21 -21 22 -19 -24 -20 26 27 -26 -29 -30
right_child=1 2 3 4 15 9 -8 10 -10 -11 11 -13 13 14 -16 -17 -18 18 24 20 -22 -23 23 -25 25 -27 -28 28 29 -31
leaf_value=-0.00089460499670052747 1.1445540771962655e-07 4.83312920206667e-07 4.8375929392588543e-07 4.8418523290945521e-07 4.8374609078727205e-07 4.6444606895401637e-07 4.732760486581e-07 4.8463076118832049e-07 4.837632695564586e-07 4.9641059364823719e-07 4.8356367459589928e-07 4.8432884131255344e-07 4.857709632677398e-07 4.8375732907168782e-07 4.8376325750609789e-07 4.837632695564586e-07 5.9137899304362301e-06 0.0078237743592055632 -0.00021244077263706616 4.449675232984396e-05 0.0070818835088278373 -0.00091357978314519635 0.0050822781002103495 -0.0010372298812819575 0.0040642251067494794 -0.00013325773085226577 -0.00031601702513977647 -0.00028671615702052745 0.002213862028265132 -0.00066127086136935241
leaf_weight=4052 1224 310 220 380 202 288 390 342 448 212 206 249 200 202 239 287 45936 335 33070 473 231 2806 232 539 230 1705 706 1337 1496 446
leaf_count=4052 1224 310 220 380 202 288 390 342 448 212 206 249 200 202 239 287 45936 335 33070 473 231 2806 232 539 230 1705 706 1337 1496 446
internal_value=0.000499918 0.011273 0.0148694 0.0178818 0.014008 0.0107438 -7.4818e-05 0.0128228 0.0203904 0.00605941 0.0145997 0.0167935 0.0184607 0.0168529 0.0191637 0.0182854 -9.46812e-05 -0.000282484 -0.000198529 0.00078814 0.00404513 0.000197599 0.00238704 0.000846649 -0.000315426 0.000440506 0.000984596 0.00146927 0.00115195 0.00226194
internal_weight=98993 5009 3785 2178 869 1607 93984 1107 1309 500 797 455 861 641 441 489 93594 47658 43606 4616 704 3912 1106 771 38990 5920 4215 3509 3279 1942
internal_count=98993 5009 3785 2178 869 1607 93984 1107 1309 500 797 455 861 641 441 489 93594 47658 43606 4616 704 3912 1106 771 38990 5920 4215 3509 3279 1942
is_linear=0
shrinkage=0.03


Tree=232
num_leaves=31
num_cat=0
split_feature=23 2 22 16 14 27 15 22 16 18 29 18 2 2 31 23 35 17 15 2 10 31 35 19 14 19 26 34 25 19
split_gain=675.177 208.752 52.3186 23.092 18.3116 15.1352 8.40971 8.38065 7.06153 6.64385 9.00715 6.36487 5.49653 5.07401 4.55786 3.92589 4.33121 4.32266 3.66722 3.30275 3.03552 3.6738 3.1514 3.42809 3.1409 3.52279 3.38021 4.06372 5.74936 3.11147
threshold=0.96514704198614198 1.1480176067867423 12.85191666666667 14.942500000000003 0.69816425956455153 5.4779166666666672 -0.47500000000000037 11.178125000000001 13.447500000000002 12.692500000000003 5.9625000000000012 14.027500000000002 1.1770580455002846 1.1089058206799027 1.5098576240930555 0.9636624865290373 53.750000000000007 12.327500000000002 -0.0899999999999999 1.1893466545794473 1.5000000000000002 2.1197639604511913 24.250000000000004 1.9175000000000002 1.7800936301499966 2.5525000000000007 3.4825000000000008 946.67500000000018 3.3975000000000009 8.6525000000000016
decision_type=2 2 2 8 2 2 10 2 10 10 2 10 2 2 2 2 2 2 10 2 2 2 2 8 2 10 2 2 8 10
left_child=7 -2 5 4 11 -3 -7 20 -6 10 -8 -4 -5 -9 -11 16 17 -15 -13 -19 21 29 23 -22 26 -26 -25 -28 -29 -1
right_child=1 2 3 12 8 6 9 13 -10 14 -12 18 -14 15 -16 -17 -18 19 -20 -21 22 -23 -24 24 25 -27 27 28 -30 -31
leaf_value=-8.0950504429225917e-05 7.5400828547070742e-07 4.5054601208964013e-07 4.6935822403864247e-07 4.692498689960055e-07 4.6955918040726426e-07 4.6993986134026066e-07 4.5810442011462447e-07 -0.00018296223266506148 4.6923888227849163e-07 4.6933456827269456e-07 4.699870616120538e-07 4.6920928245958954e-07 4.6925037146983151e-07 0.00011417004062760488 4.7100274960576449e-07 4.6379155207332268e-07 1.5135254419695875e-06 2.7934064100319539e-06 4.6925088657445709e-07 8.2607828614711385e-06 -0.0017594549961714688 -0.0011662580469840051 2.3485357843167076e-06 -0.00081423729699233859 0.0060110987332643636 -0.00010507422148363753 -0.00063862819794171502 0.0036380645676670344 4.6982633453162698e-05 9.0565710570276241e-05
leaf_weight=6000 1203 301 446 202 260 212 240 259 233 208 416 203 583 225 209 358 1142 516 295 207 1296 2434 74559 3008 200 279 1958 397 1158 206
leaf_count=6000 1203 301 446 202 260 212 240 259 233 208 416 203 583 225 209 358 1142 516 295 207 1296 2434 74559 3008 200 279 1958 397 1158 206
internal_value=0.000512719 0.0112374 0.0146751 0.0176578 0.0152767 0.0104538 0.0118721 -5.83403e-05 0.0104036 0.0129601 0.0149047 0.0177534 0.0218924 0.00158518 0.00976066 0.00200815 0.00150358 0.00299685 0.0150417 0.00184203 -0.00010705 -0.00064199 -5.12317e-05 -0.000605711 -0.000342613 0.00198967 -0.000515324 0.000116827 0.00125961 -0.000254066
internal_weight=99213 5011 3808 2222 1437 1586 1285 94202 493 1073 656 944 785 2707 417 2448 2090 948 498 723 91495 8640 82855 8296 7000 479 6521 3513 1555 6206
internal_count=99213 5011 3808 2222 1437 1586 1285 94202 493 1073 656 944 785 2707 417 2448 2090 948 498 723 91495 8640 82855 8296 7000 479 6521 3513 1555 6206
is_linear=0
shrinkage=0.03


Tree=233
num_leaves=31
num_cat=0
split_feature=23 2 20 2 18 16 23 14 2 0 35 21 24 26 23 8 17 33 9 19 31 33 22 30 26 14 30 28 15 19
split_gain=660.326 217.963 51.9317 24.062 20.0028 14.7534 11.3052 10.8124 10.1167 12.5778 9.02965 7.96229 4.8883 4.28511 4.16047 3.21877 4.75653 2.84261 4.06409 2.76609 2.74032 3.22985 5.00623 5.08541 2.58789 2.81828 2.5846 2.53812 3.6221 3.14903
threshold=0.96514704198614198 1.1480176067867423 12.953375000000003 1.1714236925654091 13.072500000000002 15.287500000000001 0.9636624865290373 0.63388353294065891 1.1770580455002846 10.622500000000002 46.250000000000007 2.8568198004068486 8.2250000000000014 4.847500000000001 0.92986604680737783 15.500000000000002 15.082500000000001 -0.93663652364155492 1.5000000000000002 1.1025000000000003 2.5685589397293289 -0.19080899537654469 4.4494583333333351 4.3750000000000009 5.1775000000000011 0.94570300098893478 6.1250000000000009 1.6722489846436843 0.44500000000000078 8.8675000000000015
decision_type=2 2 2 2 8 8 2 2 2 2 2 2 10 2 2 2 2 2 2 10 2 2 2 2 2 2 2 2 8 10
left_child=6 24 4 7 8 11 14 -4 -3 10 -10 15 -6 -11 17 16 -5 18 19 -1 27 22 -22 -24 25 -2 -23 -19 29 -29
right_child=1 2 3 5 12 -7 -8 -9 9 13 -12 -13 -14 -15 -16 -17 -18 20 -20 -21 21 26 23 -25 -26 -27 -28 28 -30 -31
leaf_value=0.00062203216831764553 2.1314054776765399e-05 4.5586028543986853e-07 4.5516639322771635e-07 4.5536763960019182e-07 4.5443584042226025e-07 4.5517286032636938e-07 4.5153868572462581e-07 4.5543922640632494e-07 4.5589143882539598e-07 4.5616296299752489e-07 4.0274370568194052e-07 4.5517285682583616e-07 4.5525453122308156e-07 4.5557235652582404e-07 4.7690614968454167e-06 4.5517296394348424e-07 4.5517286032570319e-07 -3.2763402181912315e-06 0.00030273112861441462 0.0051133962755005929 -0.001337374515170988 -0.0015891793544501414 0.006186661541510043 0.00015267402638271754 -3.0112810646354403e-07 -4.1946278015347893e-07 0.0005342693316588488 -2.3673200602757348e-05 -0.00015338769860589373 5.2463813205803066e-05
leaf_weight=252 315 283 280 233 304 510 380 383 208 214 200 221 216 215 2359 225 313 63554 1447 216 651 3685 227 465 635 276 228 13523 6339 507
leaf_count=252 315 283 280 233 304 510 380 383 208 214 200 221 216 215 2359 225 313 63554 1447 216 651 3685 227 465 635 276 228 13523 6339 507
internal_value=0.000502664 0.0110856 0.014626 0.0176889 0.010541 0.0198235 -6.53154e-05 0.012741 0.0128 0.0144762 0.0104746 0.0174764 0.0056 0.0181175 -8.6446e-05 0.0189781 0.0204392 -0.000118685 0.00102344 0.00343763 -0.000143266 -0.000807452 0.000460682 0.00222955 8.28588e-05 0.00150503 -0.00124273 -0.000101624 -0.000393002 -0.000123976
internal_weight=98864 5031 3805 2165 1640 1502 93833 663 1120 837 408 992 520 429 93453 771 546 91094 1915 468 89179 5256 1343 692 1226 591 3913 83923 20369 14030
internal_count=98864 5031 3805 2165 1640 1502 93833 663 1120 837 408 992 520 429 93453 771 546 91094 1915 468 89179 5256 1343 692 1226 591 3913 83923 20369 14030
is_linear=0
shrinkage=0.03


Tree=234
num_leaves=31
num_cat=0
split_feature=23 2 16 0 32 23 16 1 1 19 2 1 23 10 21 34 32 34 23 34 17 34 34 9 34 31 25 10 16 9
split_gain=650.819 216.77 42.5892 22.3692 27.9444 20.1794 18.9586 11.2878 10.6478 10.1616 8.68421 7.7492 7.46659 6.55937 4.31492 3.15495 6.11906 3.19461 3.10515 3.63265 9.28099 4.19113 5.08847 11.0044 7.1561 6.05217 7.14045 4.25949 4.07882 4.01622
threshold=0.96670068314595881 1.1480176067867423 14.942500000000003 10.622500000000002 -0.95368063612909426 0.9636624865290373 12.892500000000002 8.2250000000000014 13.875000000000002 11.027500000000002 1.2016759735621569 7.6250000000000009 0.98197505710993016 9.5000000000000018 2.7537195300148336 974.87500000000011 -0.73724926354828224 970.87500000000011 0.92986604680737783 966.87500000000011 2.9325000000000006 963.52500000000009 960.22500000000014 1.0000000180025095e-35 961.72500000000014 1.109330684089527 6.1175000000000006 9.5000000000000018 13.707500000000001 3.5000000000000004
decision_type=2 2 8 2 2 2 10 2 2 8 2 2 2 2 2 2 2 2 2 2 2 2 2 2 2 2 8 2 8 2
left_child=5 -2 3 9 6 15 11 -8 10 -3 -7 -5 -4 -14 -11 17 -17 18 19 21 -21 22 -1 -24 28 27 -27 -26 -25 -22
right_child=1 2 12 4 -6 8 7 -9 -10 14 -12 -13 13 -15 -16 16 -18 -19 -20 20 29 -23 23 24 25 26 -28 -29 -30 -31
leaf_value=-4.3889800299744117e-05 6.5512597952223519e-07 4.4003843827674294e-07 4.4227705341404185e-07 4.4172845568885159e-07 4.4151034299021721e-07 4.3481986320740603e-07 4.4151777502388075e-07 4.4269601894963984e-07 -7.3704907485261365e-07 4.4352806937819623e-07 4.2617996789950929e-07 4.4154095545811956e-07 4.415176895755657e-07 4.415176745176108e-07 4.424734813779363e-07 -0.00017290270916392347 0.0021672686192752196 -0.00052038589282336174 4.87704172289598e-06 0.01435040590850368 -0.00094928414347768904 -0.00018218351614090688 -0.00054002228003591354 0.00082000217199622175 0.00018725156753643916 -0.00013166487242974843 0.00011108385607467185 0.0062294372581882737 0.0018884727314298765 0.0009364987081987824
leaf_weight=72778 1152 211 224 272 886 268 351 268 203 204 290 203 304 381 203 261 206 626 2223 284 533 5623 1958 4196 227 3269 304 224 287 739
leaf_count=72778 1152 211 224 272 886 268 351 268 203 204 290 203 304 381 203 261 206 626 2223 284 533 5623 1958 4196 227 3269 304 224 287 739
internal_value=0.000503776 0.0114436 0.0151478 0.013141 0.0147053 -3.61579e-05 0.0113995 0.0148606 0.00481332 0.00805136 0.00693783 0.00678125 0.0207801 0.0224565 0.0107985 -7.57824e-05 0.00237076 -8.81584e-05 -7.3665e-05 -0.000100922 0.00133376 -0.000126116 -7.2543e-05 0.000545845 0.00101257 9.38191e-05 -0.00032113 0.00334868 0.00183623 0.000230226
internal_weight=99158 4659 3507 2598 1980 94499 1094 619 761 618 558 475 909 685 407 93738 467 93271 92645 90422 1556 88866 83243 10465 8507 4024 3573 451 4483 1272
internal_count=99158 4659 3507 2598 1980 94499 1094 619 761 618 558 475 909 685 407 93738 467 93271 92645 90422 1556 88866 83243 10465 8507 4024 3573 451 4483 1272
is_linear=0
shrinkage=0.03


Tree=235
num_leaves=31
num_cat=0
split_feature=23 34 16 14 0 10 34 32 16 23 23 23 25 30 31 25 22 25 22 11 25 34 17 34 27 24 22 29 30 16
split_gain=676.575 89.462 41.5927 33.7073 21.6864 19.1677 17.7265 10.7403 9.25876 8.19619 7.88968 6.70513 5.74978 5.035 4.63641 3.4712 3.01487 3.60992 2.96056 4.22159 4.02414 2.87414 2.81417 5.01823 5.15382 4.24508 4.78184 3.99693 7.54011 4.34392
threshold=0.96514704198614198 952.22500000000014 14.942500000000003 0.71791944766340521 10.622500000000002 10.500000000000002 954.92500000000018 -0.93038214053199442 13.707500000000001 0.92986604680737783 0.98287740697519665 0.97769015574246521 5.8675000000000006 15.675000000000002 1.5039617901979414 4.807500000000001 11.875500000000004 5.392500000000001 2.1072083333333338 2.6975000000000007 0.98250000000000015 948.87500000000011 2.2475000000000005 960.62500000000011 4.8185416666666683 5.4250000000000016 2.8798333333333335 1.1925000000000001 3.7750000000000008 5.8425000000000011
decision_type=2 2 8 2 2 2 2 2 10 2 2 2 10 2 2 8 2 8 2 10 10 2 2 2 2 8 2 2 2 8
left_child=9 5 3 4 12 10 -4 11 14 18 13 -6 -3 -2 -5 -11 17 -17 19 21 -21 -1 23 24 27 26 -25 -20 29 -29
right_child=1 2 6 8 7 -7 -8 -9 -10 15 -12 -13 -14 -15 -16 16 -18 -19 22 20 -22 -23 -24 25 -26 -27 -28 28 -30 -31
leaf_value=0.00029116086643398819 3.9700890899341257e-06 4.4083536443224228e-07 4.2827214428164947e-07 4.2776428060407486e-07 4.281052004683802e-07 4.2827214428164947e-07 4.2827215888996402e-07 4.282628082118311e-07 4.2826116071338827e-07 -9.1885977919049062e-07 4.2827279327384266e-07 4.282726409177151e-07 4.3005801233448676e-07 -3.1174804265732267e-07 4.2840605993396855e-07 1.5870957465993075e-05 4.4741893701294444e-07 3.7644204419780531e-06 -0.0022770991011345876 0.0065509833808248515 -0.0011234691389247742 -0.001209273730840431 -3.3522565299795027e-05 -0.0015924234403156771 0.0033631345952093734 0.0057238716815673192 0.0035192661371822374 0.0025586346410363114 -0.00081174938580828133 -0.00032351018918656767
leaf_weight=1046 451 206 268 344 303 215 585 570 271 598 332 454 362 434 210 360 322 1435 740 211 302 3504 78193 303 223 501 332 1398 4089 656
leaf_count=1046 451 206 268 344 303 215 585 570 271 598 332 454 362 434 210 360 322 1435 740 211 302 3504 78193 303 223 501 332 1398 4089 656
internal_value=0.000475957 0.0112186 0.0137566 0.0119009 0.0141079 0.00486012 0.0195699 0.016223 0.00677711 -9.5301e-05 0.0033707 0.0136732 0.00906806 0.00187079 0.00448658 0.00152757 0.00209661 0.00160833 -0.000143537 -0.000848264 0.00172008 -0.00113941 -0.00010221 0.000424881 0.000128251 0.00227169 0.000632812 -1.87289e-05 0.000232758 0.00171345
internal_weight=99218 5005 3573 2720 1895 1432 853 1327 825 94213 1217 757 568 885 554 2715 2117 1795 91498 5063 513 4550 86435 8242 7106 1136 635 6883 6143 2054
internal_count=99218 5005 3573 2720 1895 1432 853 1327 825 94213 1217 757 568 885 554 2715 2117 1795 91498 5063 513 4550 86435 8242 7106 1136 635 6883 6143 2054
is_linear=0
shrinkage=0.03


Tree=236
num_leaves=31
num_cat=0
split_feature=20 2 20 2 18 20 4 19 2 13 35 16 32 18 20 7 32 32 33 11 12 27 6 28 29 2 20 35 2 19
split_gain=628.318 247.804 50.7975 22.2633 15.331 13.1991 11.7982 14.1201 9.73549 12.5627 8.85778 8.34299 8.29426 4.75632 3.96739 3.07267 3.98395 3.43303 4.33302 3.69052 5.38043 4.74592 3.58704 3.34061 2.99426 2.9923 2.81789 2.78329 4.91337 4.67076
threshold=12.111625000000002 1.1480176067867423 13.143125000000003 1.1714236925654091 12.367500000000001 11.842750000000001 0.91416700100052362 8.8675000000000015 1.1806334921352273 10.097500000000002 55.750000000000007 15.287500000000001 -0.96359376111369355 14.312500000000002 11.075625 41.500000000000007 0.9426055981926128 0.99901018088683491 1.0000000180025095e-35 7.6275000000000013 5.5925000000000011 4.045625000000002 1.5000000000000002 1.1674830476999085 9.5775000000000023 1.1089058206799027 14.321875000000002 54.750000000000007 1.2078265864532038 5.1175000000000006
decision_type=2 2 2 2 8 2 2 10 2 2 2 8 2 10 2 2 2 2 2 10 10 2 2 2 2 2 2 2 2 10
left_child=5 24 4 12 10 14 -6 -8 -7 -10 -3 13 -4 -5 15 17 -17 27 -19 20 23 22 -22 -20 -2 -16 -15 29 -29 -1
right_child=1 2 3 11 6 8 7 -9 9 -11 -12 -13 -14 26 25 16 -18 18 19 -21 21 -23 -24 -25 -26 -27 -28 28 -30 -31
leaf_value=-0.00036623436765926106 4.9063210129927899e-06 4.1628768261781433e-07 4.1540410951390601e-07 4.1541686156665312e-07 4.1407181085416317e-07 -1.1682549998470379e-07 4.0812542994816956e-07 4.1698175233951057e-07 2.6260905312325277e-07 4.0515069605562278e-07 4.1541036116310437e-07 4.1542397995253384e-07 4.1541518215337802e-07 4.1562166292918864e-07 -0.00029357542810749517 0.00053913360742386199 -0.00014033571046116291 -0.00021800114072115351 -0.0012783283523084023 -0.00012978572564280476 0.0010508913045248769 4.4828526486309964e-05 0.0030730753551993142 0.0011535123215076237 -3.3900947833626613e-07 7.6106436657752409e-06 4.154244616905167e-07 5.8797192172291846e-05 -0.0001128596395110426 2.3166777886002077e-05
leaf_weight=27651 726 422 343 297 222 311 304 313 212 233 395 477 254 333 277 9523 3720 1008 659 383 228 400 335 399 652 2413 215 23943 14442 7893
leaf_count=27651 726 422 343 297 222 311 304 313 212 233 395 477 254 333 277 9523 3720 1008 659 383 228 400 335 399 652 2413 215 23943 14442 7893
internal_value=0.000492998 0.0109018 0.0150628 0.0184007 0.0111511 -5.5831e-05 0.00821445 0.010336 0.00387911 0.0067 0.0140985 0.0206134 0.0133704 0.0185118 -8.79305e-05 -0.000121671 0.000300497 -0.000193973 0.000735732 0.00142715 0.0019383 0.00355475 0.00531866 0.000457196 9.11056e-05 0.00104638 0.0164485 -0.000236928 -5.97819e-05 -0.000428198
internal_weight=98983 4953 3575 1919 1656 94030 839 617 756 445 817 1322 597 845 93274 90584 13243 77341 3412 2404 2021 963 563 1058 1378 2690 548 73929 38385 35544
internal_count=98983 4953 3575 1919 1656 94030 839 617 756 445 817 1322 597 845 93274 90584 13243 77341 3412 2404 2021 963 563 1058 1378 2690 548 73929 38385 35544
is_linear=0
shrinkage=0.03


Tree=237
num_leaves=31
num_cat=0
split_feature=23 2 20 2 29 32 3 2 35 17 32 23 16 22 17 2 10 10 16 28 30 32 35 16 13 19 32 35 30 18
split_gain=661.549 218.118 67.011 20.8727 18.1846 19.9367 17.8083 13.0714 10.506 10.1041 7.50363 5.67079 3.56197 3.23162 3.19792 7.44021 4.47614 3.94738 4.29379 5.68453 4.32945 4.06271 8.4573 5.49921 6.69542 5.04917 5.57591 4.87195 4.86313 6.4353
threshold=0.96514704198614198 1.1480176067867423 13.143125000000003 1.1714236925654091 5.2025000000000015 -0.94828754594723508 10.439077069198984 1.1753829650923688 49.750000000000007 13.922500000000003 -0.96359376111369355 0.9636624865290373 15.287500000000001 2.3172083333333338 2.5375000000000005 1.2333019773299563 4.5000000000000009 2.5000000000000004 11.637500000000003 0.79835246958099237 6.4250000000000016 -0.90630778703664994 86.250000000000014 6.8575000000000008 3.931666666666668 5.6775000000000011 0.77159520228797462 89.250000000000014 4.3250000000000011 2.3275000000000006
decision_type=2 2 2 2 2 2 2 2 2 2 2 2 8 2 2 2 2 2 8 2 2 2 2 10 2 8 2 2 2 10
left_child=11 -2 4 10 -3 7 8 -6 -7 -5 -4 13 -11 -1 15 16 -15 18 20 -20 -16 23 28 -19 -25 26 -24 -27 29 -23
right_child=1 2 3 9 5 6 -8 -9 -10 12 -12 -13 -14 14 17 -17 -18 21 19 -21 -22 22 25 24 -26 27 -28 -29 -30 -31
leaf_value=-0.00070280108583450245 2.0864301661796255e-07 2.1565584531878125e-07 4.0294458211076468e-07 4.0309117008891072e-07 3.9264162522978375e-07 4.0360556610815648e-07 4.0361711284853105e-07 4.0301387249411563e-07 4.0356365141250595e-07 4.0296124285416143e-07 4.0295259452816086e-07 3.9770996004828696e-07 4.0296126055272549e-07 0.0018012017926928663 -0.0013973931909394865 0.0034187327185038262 -0.00016563377225878529 -0.0011511186830715045 0.0015333119723735075 -1.940055701419474e-06 1.1755518145130997e-05 0.00043852087690069986 0.0016897749991373549 0.0030590643784044035 -8.624355355699972e-07 0.0013828890822198618 0.0042505867380390402 -0.00040208445420699009 3.1575646939875357e-05 -0.0012480933749827367
leaf_weight=7049 1234 279 330 200 252 203 553 398 208 710 251 383 433 2390 6923 296 6272 11799 370 2692 2642 4808 262 401 11581 363 221 279 25610 9752
leaf_count=7049 1234 279 330 200 252 203 553 398 208 710 251 383 433 2390 6923 296 6272 11799 370 2692 2642 4808 262 401 11581 363 221 279 25610 9752
internal_value=0.000482183 0.0110536 0.0145942 0.0185474 0.0105379 0.0117591 0.0145077 0.00760305 0.00958413 0.0206461 0.0135614 -8.5858e-05 0.0217866 -0.000100838 -5.05742e-05 0.000485997 0.000324679 -0.00011246 -0.000597768 0.000379523 -0.000910659 -1.82549e-05 0.000161622 -0.000330573 0.000122132 0.00272124 0.00502254 0.000964451 8.96072e-05 -0.000348095
internal_weight=99144 5051 3817 1924 1893 1614 964 650 411 1343 581 94093 1143 93710 86661 8958 8662 77703 12627 3062 9565 65076 41295 23781 11982 1125 483 642 40170 14560
internal_count=99144 5051 3817 1924 1893 1614 964 650 411 1343 581 94093 1143 93710 86661 8958 8662 77703 12627 3062 9565 65076 41295 23781 11982 1125 483 642 40170 14560
is_linear=0
shrinkage=0.03


Tree=238
num_leaves=31
num_cat=0
split_feature=23 2 20 2 29 32 3 16 14 25 21 1 22 34 15 1 35 34 8 33 21 26 25 22 34 24 31 11 34 15
split_gain=675.989 224.256 56.0401 20.1293 19.7996 19.3332 12.9292 10.1196 8.88527 8.84784 7.52586 7.33748 5.10414 6.37679 4.5096 3.19432 6.04375 4.81232 4.80473 5.1011 7.40644 8.53131 4.93705 3.907 5.00581 3.89954 3.82853 8.39547 6.80617 5.09028
threshold=0.96514704198614198 1.1480176067867423 13.143125000000003 1.1714236925654091 5.2025000000000015 -0.96359376111369355 10.321794376825713 15.287500000000001 0.39865398530554452 6.5325000000000015 2.7863098279314986 8.0250000000000021 11.875500000000004 952.42500000000018 -0.14000000000000032 0.47500000000000009 63.250000000000007 942.02500000000009 11.500000000000002 1.0000000180025095e-35 2.2640925319098568 1.5825000000000002 3.6525000000000007 5.9851666666666672 952.42500000000018 2.4750000000000005 1.7020273972602742 8.1975000000000033 956.42500000000018 1.4250000000000007
decision_type=2 2 2 2 2 2 2 8 2 8 2 2 2 2 10 2 2 2 2 2 2 2 8 2 2 8 2 10 2 10
left_child=12 -2 4 9 -3 11 -7 10 -8 -4 14 -6 15 -14 -5 26 -17 -18 -19 23 -21 -22 -23 24 -20 -26 29 -28 -29 -1
right_child=1 2 3 7 5 6 8 -9 -10 -11 -12 -13 13 -15 -16 16 17 18 19 20 21 22 -24 -25 25 -27 27 28 -30 -31
leaf_value=-0.00038189535119095505 9.6844686543080392e-08 2.3300295953987415e-07 3.9084235287201172e-07 3.9086153160394766e-07 3.9083584621679712e-07 3.9149743276900573e-07 3.9208258447340312e-07 3.9087242273527775e-07 3.9050908224758093e-07 3.9086473633648174e-07 3.9087063259041433e-07 3.9271678559771316e-07 -9.8473646310881504e-07 4.2556983509856039e-07 3.9087276021165184e-07 -2.7034933207527034e-05 0.0046446996300620758 1.5626319703798685e-06 0.0051475684982549641 0.00029751839226080406 0.0060792387028859342 0.0035175370816247749 6.6298384996870126e-05 -7.2334007603680464e-05 -0.0023109266160990694 0.0013240581949041986 -7.1945466192585569e-05 0.00011605432353638977 6.427396185798573e-06 0.004444792261692517
leaf_weight=8117 1230 266 272 309 311 353 450 485 281 328 224 203 209 211 314 52678 205 12878 632 2118 217 281 488 2117 443 1180 10801 436 863 232
leaf_count=8117 1230 266 272 309 311 353 450 485 281 328 224 203 209 211 314 52678 205 12878 632 2118 217 281 488 2117 443 1180 10801 436 863 232
internal_value=0.000468987 0.0111831 0.0147861 0.018381 0.0110209 0.0122807 0.014562 0.0204817 0.0168709 0.0135868 0.0182148 0.00737572 -0.000103793 0.00317647 0.0200016 -0.000118667 -2.60923e-05 0.000410085 0.000363377 0.000968052 0.00189707 0.00403834 0.00252326 0.000307059 0.00117478 0.000289311 -0.000450133 -0.000109047 0.00216488 -0.000944099
internal_weight=99132 5026 3796 1932 1864 1598 1084 1332 731 600 847 514 94106 420 623 93686 73237 20559 20354 7476 3104 986 769 4372 2255 1623 20449 12100 1299 8349
internal_count=99132 5026 3796 1932 1864 1598 1084 1332 731 600 847 514 94106 420 623 93686 73237 20559 20354 7476 3104 986 769 4372 2255 1623 20449 12100 1299 8349
is_linear=0
shrinkage=0.03


Tree=239
num_leaves=31
num_cat=0
split_feature=23 2 20 29 2 35 1 0 26 23 16 21 9 24 31 15 9 8 31 28 35 16 15 30 24 31 17 1 22 29
split_gain=687.8 226.57 61.6749 22.3639 20.0346 16.7093 17.8832 20.3947 12.6462 10.3368 9.72126 6.88796 6.42798 3.90599 4.1271 3.70649 3.67339 4.57604 4.60265 6.11845 4.08667 3.65964 3.476 5.62243 8.59205 3.48079 3.13355 2.99991 3.86791 2.97392
threshold=0.96514704198614198 1.1480176067867423 13.143125000000003 5.2025000000000015 1.1714236925654091 55.750000000000007 7.6250000000000009 10.622500000000002 5.0375000000000005 0.9636624865290373 15.287500000000001 2.7863098279314986 3.5000000000000004 4.0250000000000012 2.5262220277534699 -0.17750000000000019 5.5000000000000009 20.500000000000004 1.1532439420973504 1.1223301637537919 53.750000000000007 5.3725000000000014 -0.28500000000000003 7.1750000000000016 7.075000000000002 1.9295667837346635 8.2375000000000025 10.475000000000001 4.2477916666666671 9.3725000000000023
decision_type=2 2 2 2 2 2 2 2 2 2 8 2 2 8 2 10 2 2 2 2 2 10 8 2 10 2 2 2 2 2
left_child=9 29 3 -3 12 -5 7 -7 -9 13 11 15 -4 14 16 -6 -1 18 19 -18 -20 -19 23 24 -15 -25 -27 -22 -29 -2
right_child=1 2 4 5 10 6 -8 8 -10 -11 -12 -13 -14 22 -16 -17 17 21 20 -21 27 -23 -24 25 -26 26 -28 28 -30 -31
leaf_value=-0.00050869947204803189 4.2655306372629734e-06 2.2301909019618676e-07 3.7915440819111859e-07 3.845611417974126e-07 3.7913568564440457e-07 3.7769808067134034e-07 3.1919803181838233e-07 3.7915307885327817e-07 3.7924161196955655e-07 7.0729149183157421e-07 3.7914625005242007e-07 3.7914628950419524e-07 3.7912298623155038e-07 0.00055209104086436376 -0.0015317628965224538 3.791465776536995e-07 1.9709474352906517e-05 0.0079979021922120322 -0.0020477887894296757 0.0043557897143782238 -0.00070564114127958061 0.00017699502293383462 -1.0743603069208739e-05 -2.272031403309159e-05 0.0023159519746837748 0.0010909449367570729 1.0877010308584233e-05 0.0043215294155926282 0.00029478125681225764 -2.833245590605493e-07
leaf_weight=21180 610 283 348 470 283 212 277 354 317 399 494 224 248 13038 3874 334 433 273 864 279 961 208 42069 8428 277 460 893 200 299 641
leaf_count=21180 610 283 348 470 283 212 277 354 317 399 494 224 248 13038 3874 334 433 273 864 279 961 208 42069 8428 277 460 893 200 299 641
internal_value=0.00047856 0.0112088 0.0148137 0.0109442 0.018609 0.0122936 0.0102747 0.0123547 0.0149068 -0.000102773 0.0206978 0.0184362 0.013797 -0.000123405 -0.000415839 0.0201752 -0.000272894 0.00062436 0.000191384 0.00229289 -0.00045599 0.00332716 4.8328e-06 0.000300506 0.000701576 -0.000245556 0.00116421 0.000511945 0.0023869 0.000117038
internal_weight=99230 5095 3844 1913 1931 1630 1160 883 671 94135 1335 841 596 93736 28571 617 24697 3517 3036 712 2324 481 65165 23096 13315 9781 1353 1460 499 1251
internal_count=99230 5095 3844 1913 1931 1630 1160 883 671 94135 1335 841 596 93736 28571 617 24697 3517 3036 712 2324 481 65165 23096 13315 9781 1353 1460 499 1251
is_linear=0
shrinkage=0.03


Tree=240
num_leaves=31
num_cat=0
split_feature=23 2 20 29 2 15 17 3 16 23 10 30 34 29 30 9 22 2 33 35 35 9 25 19 18 25 1 26 10 30
split_gain=647.376 214.156 59.5075 23.2283 21.121 14.9703 13.8781 11.0971 11.0693 9.78227 7.64252 6.42336 5.67615 3.2124 2.69457 2.72356 2.55678 2.74324 2.55505 3.21309 5.02403 4.84029 4.96206 3.6699 2.56379 4.36696 2.72603 2.59822 2.50554 4.41287
threshold=0.96514704198614198 1.1480176067867423 13.143125000000003 5.2475000000000014 1.1714236925654091 -0.49500000000000061 12.182500000000003 10.439077069198984 15.287500000000001 0.9636624865290373 8.5000000000000018 15.075000000000003 960.52500000000009 0.48750000000000004 15.225000000000003 2.5000000000000004 11.068875 1.1133904006905853 -0.66259481767468253 83.750000000000014 72.250000000000014 1.5000000000000002 0.86750000000000005 2.4525000000000006 2.4875000000000007 3.4175000000000004 25.775000000000002 3.4675000000000007 1.5000000000000002 11.525000000000002
decision_type=2 2 2 2 2 10 2 2 8 2 2 2 2 2 2 2 2 2 2 2 2 2 10 10 10 8 2 2 2 2
left_child=9 14 3 -3 10 -5 -7 -8 12 13 -4 -9 -6 -1 15 -2 18 -18 19 20 21 22 -15 -24 25 26 27 -23 29 -20
right_child=1 2 4 5 8 6 7 11 -10 -11 -12 -13 -14 16 -16 -17 17 -19 28 -21 -22 24 23 -25 -26 -27 -28 -29 -30 -31
leaf_value=-0.00093833610254318847 -9.1955377920838185e-07 2.1932229804622061e-07 3.6775809347142929e-07 3.6797934008840317e-07 3.6777190081923611e-07 3.6122800684323938e-07 3.6823059277832443e-07 3.6912406898315326e-07 3.6777186255054769e-07 6.5570497915001799e-07 3.6776298535490244e-07 3.678249173044712e-07 3.6795977027326287e-07 0.0038455790719282576 -2.7482482228946556e-07 2.3243284489622341e-05 -0.00019618686575876177 4.638349028269761e-06 -0.00020400169754310058 0.0042349644264779119 -0.0016498074918934169 -0.0019584372001901951 -1.1289477657038035e-06 0.0046264528015892972 -0.00076580081249017482 0.0057854433784987344 0.0093671104403666421 0.0015263927525468301 -2.4272793406194812e-05 4.4667110882377069e-05
leaf_weight=1178 203 298 317 291 511 212 349 503 485 397 273 254 320 284 794 244 322 2357 7681 348 984 927 647 275 1870 400 215 201 75871 284
leaf_count=1178 203 298 317 291 511 212 349 503 485 397 273 254 320 284 794 244 322 2357 7681 348 984 927 647 275 1870 400 215 201 75871 284
internal_value=0.000466011 0.0109207 0.0144398 0.0106428 0.0182009 0.0120651 0.0134286 0.0147813 0.0203573 -9.5209e-05 0.0132605 0.0168622 0.0179749 -0.000115207 9.38998e-05 0.00194469 -9.53704e-05 0.000817063 -0.000122578 0.000467348 0.000298036 0.000697139 0.00233856 0.00125566 0.000146765 0.000973111 0.000149109 -0.000444837 -0.000165886 -0.000671895
internal_weight=99295 5054 3813 1907 1906 1609 1318 1106 1316 94241 590 757 831 93844 1241 447 92666 2679 89987 6151 5803 4819 1206 922 3613 1743 1343 1128 83836 7965
internal_count=99295 5054 3813 1907 1906 1609 1318 1106 1316 94241 590 757 831 93844 1241 447 92666 2679 89987 6151 5803 4819 1206 922 3613 1743 1343 1128 83836 7965
is_linear=0
shrinkage=0.03


Tree=241
num_leaves=31
num_cat=0
split_feature=23 2 23 29 16 32 14 3 23 2 18 10 17 23 32 32 28 24 35 34 9 25 7 35 23 2 35 28 8 31
split_gain=650.286 228.197 59.9341 24.1503 23.002 14.4843 14.4571 10.8253 10.3921 9.09518 6.86572 5.39922 5.00807 3.29034 2.92327 2.73556 5.62297 4.21412 3.59398 3.39716 2.88171 2.64457 2.5203 3.149 3.0699 2.69142 4.62637 4.65442 4.15042 5.21369
threshold=0.96514704198614198 1.1480176067867423 0.97930537588274169 5.4925000000000006 14.942500000000003 -0.95878322595067689 0.69816425956455153 10.439077069198984 0.9636624865290373 1.1753829650923688 15.420000000000002 9.5000000000000018 13.922500000000003 0.92986604680737783 0.96359376111369366 0.99961926108774357 1.1604381355093245 6.2250000000000005 69.250000000000014 960.42500000000018 2.5000000000000004 4.7175000000000011 41.500000000000007 24.250000000000004 0.71491431506816239 1.2089315417241404 64.250000000000014 2.3055720531610988 16.500000000000004 1.6824627401430094
decision_type=2 2 2 2 8 2 2 2 2 2 10 2 2 2 2 2 2 10 2 2 2 8 2 2 2 2 2 2 2 2
left_child=8 -2 3 -3 6 9 10 -7 13 -5 -4 -6 -8 15 -9 22 19 18 20 -17 -18 -15 23 -1 -24 26 27 -25 29 -27
right_child=1 2 4 5 11 7 12 14 -10 -11 -12 -13 -14 21 -16 16 17 -19 -20 -21 -22 -23 24 25 -26 28 -28 -29 -30 -31
leaf_value=-0.00027572830134792479 -4.841612694096077e-08 2.7068743031103054e-07 3.5673095251098629e-07 3.5836370025466021e-07 3.5673872128327844e-07 3.5716875774638442e-07 3.5694358294540464e-07 3.5738262927687003e-07 6.734416383780139e-07 3.5681703172474322e-07 3.5674281110176231e-07 3.5673870667496389e-07 3.5690153413565172e-07 -1.9079782829865274e-06 3.5713556560401648e-07 -0.00023470571543808826 -3.6584916881345452e-05 -9.7709138095424889e-05 0.0019124413351857901 0.001756791966269256 0.00096759168416527647 5.3908203148024459e-06 0.00062322923395028394 -0.00011083833148741395 -7.45999028467776e-05 -0.0008938330985119973 0.00012318157906289674 0.00015008411907710406 2.4812772254529935e-05 -4.7644481068157552e-05
leaf_weight=7049 1268 392 541 208 325 291 200 309 385 321 282 457 291 485 228 996 235 227 255 327 353 1838 10934 34418 2094 4639 16318 2917 4560 6170
leaf_count=7049 1268 392 541 208 325 291 200 309 385 321 282 457 291 485 228 996 235 227 255 327 353 1838 10934 34418 2094 4639 16318 2917 4560 6170
internal_value=0.000486527 0.0109009 0.0145364 0.0103837 0.0179686 0.0122753 0.0154117 0.0147731 -7.92959e-05 0.00826404 0.0178877 0.0221398 0.011123 -9.96063e-05 0.0173413 -0.000127939 0.000871976 0.00248372 0.00345637 -0.000435995 0.00213491 0.00101417 -0.000154842 -0.000220872 0.000230645 -0.000159156 -5.88736e-05 -0.000243038 -0.000509107 -0.000829204
internal_weight=99313 5113 3845 1749 2096 1357 1314 828 94200 529 823 782 491 93815 537 91492 2393 1070 843 1323 588 2323 89099 76071 13028 69022 53653 37335 15369 10809
internal_count=99313 5113 3845 1749 2096 1357 1314 828 94200 529 823 782 491 93815 537 91492 2393 1070 843 1323 588 2323 89099 76071 13028 69022 53653 37335 15369 10809
is_linear=0
shrinkage=0.03


Tree=242
num_leaves=31
num_cat=0
split_feature=23 2 23 23 16 34 14 15 29 2 28 10 18 31 18 10 31 35 2 16 16 34 24 24 9 34 22 28 24 15
split_gain=645.813 220.643 44.0989 22.9499 21.5258 20.2156 18.4128 10.8949 13.3782 9.1305 10.0348 8.38954 7.67682 7.1323 4.01805 3.39772 3.54632 3.67757 4.20639 3.25434 3.21942 5.10326 6.28232 2.87068 2.85925 3.16657 3.9797 4.96473 4.53054 2.68283
threshold=0.96670068314595881 1.1480176067867423 0.97930537588274169 0.9636624865290373 13.997500000000002 951.92500000000018 0.92778858872906633 -0.49500000000000061 5.5825000000000014 1.1540328943122928 2.0909816261222773 11.500000000000002 14.682500000000003 1.4981258517259308 12.367500000000001 1.5000000000000002 1.3448496905393461 71.250000000000014 1.2200933140650199 3.4275000000000007 1.9325000000000003 958.02500000000009 4.575000000000002 7.325000000000002 4.5000000000000009 963.92500000000018 9.2006250000000023 0.78458521388912217 4.9250000000000016 -0.32999999999999985
decision_type=2 2 2 2 8 2 2 10 2 2 2 2 10 2 10 2 2 2 2 10 10 2 8 10 2 2 2 2 8 10
left_child=3 -2 5 15 6 -3 12 -7 -9 -5 -11 13 -4 -6 -10 16 20 29 19 -19 -1 22 -22 -20 25 26 27 -21 -29 -18
right_child=1 2 4 9 11 7 -8 8 14 10 -12 -13 -14 -15 -16 -17 17 18 23 24 21 -23 -24 -25 -26 -27 -28 28 -30 -31
leaf_value=-0.00098316368425094215 3.1105765690480263e-08 2.4928495439480655e-07 3.4602691401533792e-07 -3.0308981947031941e-07 3.4603655920339983e-07 3.4666115039883038e-07 3.4635809533730658e-07 3.3563512428003148e-07 3.4677642830376952e-07 3.0720460570870556e-07 5.7551537729870301e-07 3.4603654547438187e-07 3.477113648975294e-07 3.4603520189913082e-07 3.4628059330641018e-07 -2.9467526823454031e-06 -5.1842207786822473e-05 -0.00092039183852998124 -0.00086595039203300023 1.8690181042102515e-05 0.0028259358222228817 -0.00017081573352168534 9.3815987967784537e-05 5.0912985887445747e-05 -0.0025787282137532375 -7.6281936970707344e-05 -5.9722431297037915e-06 0.0016341198282074779 0.0037456796653982122 -0.0013616926544738643
leaf_weight=323 1163 240 341 213 539 210 242 219 415 351 203 403 247 322 348 84854 972 260 2099 215 230 900 318 222 201 245 207 207 231 2356
leaf_count=323 1163 240 341 213 539 210 242 219 415 351 203 403 247 322 348 84854 972 260 2099 215 230 900 318 222 201 245 207 207 231 2356
internal_value=0.000489843 0.0113513 0.0150841 -4.90537e-05 0.0178742 0.0109562 0.0139401 0.0125514 0.0138845 0.00510233 0.00711628 0.0203924 0.0168061 0.0184261 0.0157695 -9.14281e-05 -0.00064598 -0.000941136 -0.000313721 0.000886059 0.000555743 0.00116036 0.00342857 -0.00112339 0.00149657 0.00209459 0.00294798 0.00408966 0.00590519 -0.00167237
internal_weight=99296 4689 3526 94607 2094 1432 830 1192 982 767 554 1264 588 861 763 93840 8986 7215 3887 1566 1771 1448 548 2321 1306 1105 860 653 438 3328
internal_count=99296 4689 3526 94607 2094 1432 830 1192 982 767 554 1264 588 861 763 93840 8986 7215 3887 1566 1771 1448 548 2321 1306 1105 860 653 438 3328
is_linear=0
shrinkage=0.03


Tree=243
num_leaves=31
num_cat=0
split_feature=23 2 20 34 23 2 18 32 2 29 16 15 3 16 11 11 23 22 18 8 2 8 31 26 17 22 31 15 20 32
split_gain=648.737 219.568 43.1687 21.4193 21.4015 19.9446 15.2743 10.5642 9.5437 9.35353 8.61865 7.05257 7.15615 4.34211 3.86012 6.15081 3.48541 2.8586 3.49375 6.37547 4.95373 5.71039 5.42173 6.6431 4.82454 4.48676 3.67156 4.58421 3.87719 3.82894
threshold=0.96670068314595881 1.1480176067867423 13.143125000000003 951.92500000000018 0.9636624865290373 1.1714236925654091 13.542500000000002 -0.95368063612909426 1.1540328943122928 5.9625000000000012 15.287500000000001 -0.37499999999999983 10.439077069198984 12.892500000000002 14.622500000000002 11.082500000000001 0.92986604680737783 2.3172083333333338 3.3325000000000005 18.500000000000004 1.1081619006220202 13.500000000000002 1.0651365588319497 2.6475000000000004 2.5975000000000006 2.9757500000000001 2.1970851195303758 -0.6100000000000001 2.4661250000000003 -0.93663652364155492
decision_type=2 2 2 2 2 2 8 2 2 2 8 10 2 10 10 10 2 2 10 2 2 2 2 2 2 2 2 10 2 2
left_child=4 -2 3 -3 16 7 11 -4 -6 -10 14 -5 -13 -14 15 -7 17 -1 19 20 21 22 23 -19 -22 -25 28 -28 -21 -30
right_child=1 2 5 6 8 10 -8 -9 9 -11 -12 12 13 -15 -16 -17 -18 18 -20 26 24 -23 -24 25 -26 -27 27 -29 29 -31
leaf_value=-0.00065875583731303631 4.7555143979693955e-07 2.540160569552974e-07 3.3563692645177664e-07 3.3626691551912189e-07 -4.8349664162006253e-07 3.3565548622882522e-07 3.3639115107453318e-07 3.3564744425942757e-07 3.2443114763703265e-07 3.2884417867085066e-07 3.356554491085184e-07 3.361551789027306e-07 3.3548715390074864e-07 3.3660553628078735e-07 3.3565523798406716e-07 3.3565560961679175e-07 4.3686808962029367e-06 0.0070447534102200801 -2.6411049635629569e-05 0.012320872577368514 0.0014773379810545946 -0.00058473741058258952 0.0016036517241132646 -0.0021490191740641488 -0.00050760756421506766 0.0062838649524026438 0.010424139848421474 0.0022977190761665641 0.0035343180672211256 0.00012813697575303595
leaf_weight=7048 1157 257 391 200 211 212 324 208 273 301 472 313 233 268 282 329 2339 201 64764 354 2296 1308 1003 200 10520 263 205 464 481 2428
leaf_count=7048 1157 257 391 200 211 212 324 208 273 301 472 313 233 268 282 329 2339 201 64764 354 2296 1308 1003 200 10520 263 205 464 481 2428
internal_value=0.0005001 0.0114388 0.0151898 0.0114844 -3.73644e-05 0.0182717 0.0130052 0.0135149 0.00487975 0.00687047 0.0204115 0.0148263 0.0161026 0.0184328 0.01825 0.0199396 -7.87404e-05 -0.000107986 -5.95448e-05 0.000289993 2.07007e-05 0.00112248 0.00228409 0.00437668 -0.000235396 0.00235256 0.00137008 0.00338724 0.000951958 0.000587851
internal_weight=99305 4646 3489 1595 94659 1894 1338 599 785 574 1295 1014 814 501 823 541 93874 91535 84487 19723 15791 2975 1667 664 12816 463 3932 669 3263 2909
internal_count=99305 4646 3489 1595 94659 1894 1338 599 785 574 1295 1014 814 501 823 541 93874 91535 84487 19723 15791 2975 1667 664 12816 463 3932 669 3263 2909
is_linear=0
shrinkage=0.03


Tree=244
num_leaves=31
num_cat=0
split_feature=23 2 20 23 2 34 18 2 28 10 10 21 15 3 23 24 10 34 30 34 5 31 21 8 27 32 25 27 23 33
split_gain=639.11 212.163 50.0948 23.1906 20.8055 19.4678 12.6185 9.41757 8.6993 8.47069 6.33758 10.0523 6.02517 6.47656 4.45907 3.22899 4.60882 4.86339 8.64099 5.06635 7.45942 6.35568 5.61906 5.45615 5.09139 5.10518 4.47202 4.33539 4.21579 4.21205
threshold=0.96670068314595881 1.1480176067867423 13.143125000000003 0.9636624865290373 1.1714236925654091 952.02500000000009 14.027500000000002 1.1540328943122928 2.0909816261222773 8.5000000000000018 11.500000000000002 2.6613048960551247 -0.39999999999999963 10.439077069198984 0.92986604680737783 7.075000000000002 9.5000000000000018 968.27500000000009 5.4250000000000016 953.52500000000009 0.24709466102202646 1.7453860489153203 4.0480622336869425 1.5000000000000002 3.3185416666666678 -0.91702515554752051 4.1675000000000013 1.7170833333333337 0.8654417546310893 0.47714059151611404
decision_type=2 2 2 2 2 2 8 2 2 2 2 2 10 2 2 8 2 2 2 2 2 2 2 2 2 2 10 2 2 2
left_child=3 -2 5 14 9 -3 12 -5 -9 -4 11 -6 -7 -14 15 27 17 19 -19 29 22 28 -21 26 25 -25 -23 -1 -22 -17
right_child=1 2 4 7 10 6 -8 8 -10 -11 -12 -13 13 -15 -16 16 -18 18 -20 20 21 23 -24 24 -26 -27 -28 -29 -30 -31
leaf_value=-0.00087553027672004663 6.0625729686553343e-07 2.2798759884041462e-07 3.2556443474773819e-07 -2.3211584985083355e-07 3.2558582677121767e-07 3.2694854507975314e-07 3.2484732424675751e-07 2.8812317450221948e-07 3.3306995092821431e-07 3.2557792123633078e-07 3.255857856354627e-07 3.2571768359468399e-07 3.2607052353528231e-07 3.2590813987543043e-07 4.7669588714616125e-06 1.2738673976221665e-05 9.3862636869631051e-05 0.014598611320669053 -1.854699393865511e-05 -0.001854148508325223 -0.00019521375727019194 0.00012885982451026821 0.0022118605659058486 -0.00035815582530981997 -1.336375643384291e-05 0.0021223771819248627 0.00094562608661245655 -6.0665019193629761e-05 2.0598200757059914e-05 0.0015796836974257429
leaf_weight=6122 1158 248 317 218 625 214 241 361 207 271 482 214 309 547 2338 19475 6052 209 346 7893 3292 203 316 290 1790 512 239 41186 1030 2460
leaf_count=6122 1158 248 317 218 625 214 241 361 207 271 482 214 309 547 2338 19475 6052 209 346 7893 3292 203 316 290 1790 512 239 41186 1030 2460
internal_value=0.00047721 0.0113587 0.0150665 -5.5816e-05 0.0183401 0.0110121 0.0124673 0.00505942 0.00707853 0.0134165 0.0204728 0.0185581 0.0138698 0.0150314 -9.89683e-05 -0.000132083 5.257e-05 -6.9759e-05 0.00270536 -0.000111186 -0.000525049 0.000168726 -0.00114646 0.00122014 0.000690796 0.00266914 0.00428188 -0.00030423 -0.000569911 0.000182543
internal_weight=99165 4626 3468 94539 1909 1559 1311 786 568 588 1321 839 1070 856 93753 91415 44107 38055 555 37500 15565 7356 8209 3034 2592 802 442 47308 4322 21935
internal_count=99165 4626 3468 94539 1909 1559 1311 786 568 588 1321 839 1070 856 93753 91415 44107 38055 555 37500 15565 7356 8209 3034 2592 802 442 47308 4322 21935
is_linear=0
shrinkage=0.03


Tree=245
num_leaves=31
num_cat=0
split_feature=22 2 16 22 15 4 17 34 26 35 2 22 11 15 2 2 10 30 32 35 22 20 26 34 15 11 35 19 26 34
split_gain=644.47 253.318 44.052 24.3563 16.9923 19.3793 20.2602 13.7524 9.67646 8.74083 8.29478 4.56656 4.07101 5.05164 3.61668 3.32819 2.89985 3.21085 4.5653 4.94316 4.26461 3.8919 5.60633 7.50765 3.63635 4.1882 2.9118 4.52896 4.70547 6.77054
threshold=12.155208333333336 1.1480176067867423 14.942500000000003 11.875500000000004 -0.92250000000000021 0.91501037992003975 13.922500000000003 960.12500000000011 5.1775000000000011 60.750000000000007 1.1739211758260308 11.178125000000001 11.372500000000002 -0.17750000000000019 1.1572668949413869 1.1133904006905853 1.5000000000000002 6.3750000000000009 0.9426055981926128 71.250000000000014 6.3442499999999997 3.6688750000000003 1.9475000000000005 958.62500000000011 0.17000000000000001 7.9175000000000013 37.750000000000007 3.3175000000000008 3.3025000000000007 945.57500000000016
decision_type=2 2 8 2 10 2 2 2 2 2 2 2 10 10 2 2 2 2 2 2 2 2 2 2 10 10 2 8 2 2
left_child=3 -2 4 11 -3 9 8 14 -7 -6 -4 16 -8 -14 -5 -13 17 21 19 -19 -21 22 -1 -24 25 -20 27 -18 29 -29
right_child=1 2 10 7 5 6 12 -9 -10 -11 -12 15 13 -15 -16 -17 26 18 24 20 -22 -23 23 -25 -26 -27 -28 28 -30 -31
leaf_value=-0.0005146129419917072 -5.8594537741818443e-08 3.1578167732816299e-07 3.1581443740491544e-07 1.9583699216975893e-07 3.157063012696417e-07 3.1573139219938309e-07 3.1577376433102415e-07 3.0872480631236753e-07 3.1604998219491235e-07 3.1802770295037846e-07 3.1581823671245067e-07 -0.00018396455578211234 3.1581892523764922e-07 3.1581847020381221e-07 2.7947947926598717e-07 5.7176245863377325e-06 -0.0014758985088362475 -0.0016642797228269305 0.00038102797720172653 0.0035034105315014641 -7.1561420235832784e-06 -0.0024573982636304434 0.0027582059250584562 -0.00028167216165809279 -1.4419300923192749e-05 8.0136673272055464e-05 6.6268845654580295e-06 0.00082789772461843488 0.00010469867634620322 -0.00048899652242518114
leaf_weight=1206 1258 289 210 273 227 282 281 217 302 278 702 220 275 529 299 2123 5412 884 213 210 819 3925 398 465 306 238 61146 2558 7593 6099
leaf_count=1206 1258 289 210 273 227 282 281 217 302 278 702 220 275 529 299 2123 5412 884 213 210 819 3925 398 465 306 238 61146 2558 7593 6099
internal_value=0.000483152 0.0114017 0.015679 -5.21311e-05 0.0135377 0.0144507 0.0160233 0.0051801 0.0113379 0.00914706 0.0213566 -9.64087e-05 0.0184817 0.0197132 0.00269324 0.00120997 -0.000129935 -0.000651979 0.000213083 -0.00056778 0.000844293 -0.00103717 1.59106e-05 0.00185599 0.00217716 0.003875 -7.52788e-05 -0.000374118 -0.000123655 -0.000601594
internal_weight=99237 4633 3375 94604 2463 2174 1669 789 584 505 912 93815 1085 804 572 2343 91472 8664 2670 1913 1029 5994 2069 863 757 451 82808 21662 16250 8657
internal_count=99237 4633 3375 94604 2463 2174 1669 789 584 505 912 93815 1085 804 572 2343 91472 8664 2670 1913 1029 5994 2069 863 757 451 82808 21662 16250 8657
is_linear=0
shrinkage=0.03


Tree=246
num_leaves=31
num_cat=0
split_feature=22 2 20 27 2 25 2 18 5 22 14 28 22 10 30 9 32 19 8 32 30 33 14 29 31 21 35 26 11 29
split_gain=633.824 249.231 67.3664 25.3041 22.9986 13.6003 12.8697 8.59191 8.29357 8.25106 9.49062 6.94021 4.19991 3.33678 4.2529 3.35405 3.23665 3.1415 4.47149 4.94666 8.84888 4.10755 3.39123 3.08344 2.99829 2.91405 2.72707 2.62133 2.57731 2.6798
threshold=11.875500000000004 1.1480176067867423 12.953375000000003 5.6585416666666681 1.1714236925654091 6.5325000000000015 1.1762199089169951 13.072500000000002 0.88089429280267717 15.993083333333336 0.955981171362702 1.8119826825765639 11.178125000000001 1.5000000000000002 10.575000000000003 1.0000000180025095e-35 -0.90255091666790832 2.2325000000000008 18.500000000000004 -0.87878364999916136 4.7750000000000012 0.04361772647272262 0.45532955098477979 3.1825000000000006 3.04497191011236 2.3239411554152958 65.250000000000014 3.1575000000000006 2.7675000000000005 1.0675000000000001
decision_type=2 2 2 2 2 8 2 10 2 2 2 2 2 2 2 2 2 10 2 2 2 2 2 2 2 2 2 2 10 2
left_child=12 27 3 8 5 -4 -5 11 -3 10 -6 -8 13 14 15 -1 -16 18 23 -20 21 -21 -19 28 -15 -25 -24 -2 29 -17
right_child=1 2 4 6 9 -7 7 -9 -10 -11 -12 -13 -14 24 16 17 -18 22 19 20 -22 -23 26 25 -26 -27 -28 -29 -30 -31
leaf_value=-0.0023524980112688441 8.5038262908399002e-06 1.275137946375265e-07 3.0630085790739333e-07 2.896652558555755e-07 3.063436896122429e-07 3.0634851951871764e-07 3.0640804083326145e-07 3.0616022086461289e-07 3.0725690984173542e-07 3.0634366452897407e-07 3.063436619976656e-07 3.0670733737864358e-07 4.4524213677288312e-06 -4.917418238210569e-06 -2.7918817385297731e-05 -0.00057421421948798408 0.00015120454366312707 -0.0016251123477185082 -0.0014413094990453933 0.0027676358485783118 0.0037634480867725383 -0.00095927306926997416 -0.0016872923184278214 -5.3593224047845387e-05 -0.0016261941742696116 0.0012620232358247342 0.00047538024750559015 -3.1121002429894845e-07 -0.0018065090069982238 0.00045399029894236553
leaf_weight=1125 250 248 312 303 1021 363 307 290 231 260 212 363 2277 81542 229 445 273 1365 278 203 212 221 356 721 1233 392 696 1209 1274 773
leaf_count=1125 250 248 312 303 1021 363 307 290 231 260 212 363 2277 81542 229 445 273 1365 278 203 212 221 356 721 1233 392 696 1209 1274 773
internal_value=0.000504177 0.0105234 0.0144674 0.0100252 0.0180055 0.0132132 0.0122484 0.0139585 0.00409711 0.0201208 0.0188942 0.0158667 -7.09791e-05 -0.000102734 -0.000666317 -0.000833499 0.002 -0.000586083 -0.000118701 0.00174973 0.00320125 0.000671328 -0.00145789 -0.000594184 -4.43955e-05 0.000716457 -0.00017597 -5.94269e-05 -0.00117982 -0.000191334
internal_weight=98984 5369 3910 1742 2168 675 1263 960 479 1493 1233 670 93615 91338 8563 8061 502 6936 4519 914 636 424 2417 3605 82775 1113 1052 1459 2492 1218
internal_count=98984 5369 3910 1742 2168 675 1263 960 479 1493 1233 670 93615 91338 8563 8061 502 6936 4519 914 636 424 2417 3605 82775 1113 1052 1459 2492 1218
is_linear=0
shrinkage=0.03


Tree=247
num_leaves=31
num_cat=0
split_feature=23 2 16 0 32 2 23 1 27 25 8 16 1 29 14 32 25 18 1 35 34 34 9 1 27 8 2 34 11 5
split_gain=654.509 222.524 48.2826 28.6584 27.7958 25.7393 19.0108 12.3699 11.5937 8.79549 8.34142 8.01422 7.4921 13.6195 5.32264 4.96798 4.00877 4.25537 4.11491 6.13304 6.5243 4.08577 3.96201 6.8899 9.25357 4.82367 4.83372 4.74665 4.17481 7.55068
threshold=0.96670068314595881 1.1480176067867423 14.942500000000003 10.622500000000002 -0.91702515554752051 1.1714236925654091 0.9636624865290373 -0.47499999999999992 5.6585416666666681 6.3125000000000009 16.500000000000004 13.102500000000003 12.675000000000002 6.0125000000000011 0.28969811873741486 -0.97233289553061575 3.7375000000000007 14.027500000000002 -1.6249999999999998 64.250000000000014 966.87500000000011 942.82500000000016 5.5000000000000009 -2.0249999999999995 4.248541666666668 1.5000000000000002 1.1964536605084051 961.02500000000009 8.1975000000000033 0.88820660255785766
decision_type=2 2 8 2 2 2 2 2 2 10 2 10 2 2 2 2 8 8 2 2 2 2 2 2 2 2 2 2 10 2
left_child=6 -2 3 8 5 11 16 -7 -3 -4 15 -5 13 -8 -10 -9 18 22 -1 -20 21 -21 -18 24 27 -25 28 -24 -27 -30
right_child=1 2 9 4 -6 7 12 10 14 -11 -12 -13 -14 -15 -16 -17 17 -19 19 20 -22 -23 23 25 -26 26 -28 -29 29 -31
leaf_value=-0.00080175598197895542 -4.1802570268645309e-08 2.2146570196057701e-07 2.9715348065406366e-07 2.8876566190549902e-07 2.9714745103492921e-07 2.971321744383573e-07 2.8264564668709776e-07 2.971430524401075e-07 3.0016421154299697e-07 2.9715337892310954e-07 2.9714920861827489e-07 2.9831127765503303e-07 -4.5573264282441613e-07 2.9663500969223655e-07 2.9892263929714617e-07 2.9715483277235751e-07 -9.4372888900573488e-07 7.074847121600634e-05 -0.00034452708233759477 0.0043422498744080697 0.0062689034392597086 0.00011194330814289058 0.0041977207808088822 -0.0020323473415287583 -0.00013364689627832533 0.00069616529829944819 -6.0105573271275192e-05 0.0018529884262291198 -7.373318659833686e-05 0.00012685777674506952
leaf_weight=7153 1163 220 274 251 565 220 272 217 208 653 226 286 210 273 211 231 38277 245 27687 261 340 12953 218 382 274 3357 844 226 1100 267
leaf_count=7153 1163 220 274 251 565 220 272 217 208 653 226 286 210 273 211 231 38277 245 27687 261 340 12953 218 382 274 3357 844 226 1100 267
internal_value=0.000498016 0.0113879 0.0151034 0.012983 0.0147586 0.0124492 -4.79847e-05 0.0155706 0.00736491 0.021029 0.0176112 0.00715683 0.00467763 0.00651818 0.0102665 0.0200795 -8.6357e-05 0.000116826 -0.000276081 -0.000160816 0.000361973 0.000255541 9.5105e-05 0.000769668 0.00353527 0.000433249 0.000657814 0.00618708 0.00103151 -0.000365161
internal_weight=99064 4725 3562 2635 1996 1431 94339 894 639 927 674 537 755 545 419 448 93584 45190 48394 41241 13554 13214 44945 6668 718 5950 5568 444 4724 1367
internal_count=99064 4725 3562 2635 1996 1431 94339 894 639 927 674 537 755 545 419 448 93584 45190 48394 41241 13554 13214 44945 6668 718 5950 5568 444 4724 1367
is_linear=0
shrinkage=0.03


Tree=248
num_leaves=31
num_cat=0
split_feature=22 2 20 22 34 2 34 14 3 14 16 21 16 22 27 7 34 18 35 16 1 34 31 21 24 27 26 10 26 11
split_gain=629.217 247.363 41.1935 24.3641 20.982 20.104 17.8299 14.3876 8.73689 8.5816 8.35217 7.81263 5.39531 4.46601 4.19052 3.28684 3.33983 2.77154 2.65461 4.46221 2.74987 4.42108 5.73904 9.3862 6.07154 7.48862 5.88883 5.73508 9.31208 5.12498
threshold=12.155208333333336 1.1480176067867423 13.143125000000003 11.875500000000004 951.92500000000018 1.1714236925654091 960.12500000000011 0.72500000000000386 10.439077069198984 0.63388353294065891 15.287500000000001 2.8223783923765242 13.102500000000003 11.068875 5.6585416666666681 41.500000000000007 953.62500000000011 8.2175000000000029 23.750000000000004 9.3725000000000023 0.32500000000000012 960.12500000000011 1.0757407032462714 2.1598599490063575 7.4250000000000016 1.767916666666667 3.5175000000000005 9.5000000000000018 2.1025000000000005 2.3475000000000006
decision_type=2 2 2 2 2 2 2 2 2 2 8 2 10 2 2 2 2 10 2 10 2 2 2 2 8 2 2 2 2 10
left_child=3 -2 4 13 -3 9 14 8 -6 -4 11 -7 -10 15 -5 18 17 -17 19 -1 -20 -22 23 -23 27 29 -27 28 -24 -26
right_child=1 2 5 6 7 10 -8 -9 12 -11 -12 -13 -14 -15 -16 16 -18 -19 20 -21 21 22 24 -25 25 26 -28 -29 -30 -31
leaf_value=-0.0012115592214065017 -4.6246323770482434e-08 2.1220327847570886e-07 2.8823115037379662e-07 -9.177923712196703e-08 2.8950699345831052e-07 2.8823910335540324e-07 2.8635706353103499e-07 2.8822585385057664e-07 2.8808964865345567e-07 2.8821617314445312e-07 2.8823876996525294e-07 2.8829941951704677e-07 2.9180127691453155e-07 5.4036241574262343e-06 2.601239496676751e-07 0.0014809505769279739 -5.7994302574020839e-05 -0.00014891319617618779 -9.2060624688914932e-05 9.6078414174206051e-05 -3.2965639560912768e-05 0.00044076180661773253 -0.0015415775470798137 0.0066218029265417838 0.0035958123081530498 -7.4603301702047536e-06 0.00019521653134140816 -0.0004744188001254501 0.0025949737016746949 0.010105190190628636
leaf_weight=5670 1253 245 230 215 346 640 230 255 326 365 466 216 268 2707 343 5496 6775 1162 16473 1011 47512 527 453 257 213 1440 373 3240 432 204
leaf_count=5670 1253 245 230 215 346 640 230 255 326 365 466 216 268 2707 343 5496 6775 1162 16473 1011 47512 527 453 257 213 1440 373 3240 432 204
internal_value=0.000480945 0.0112979 0.0155381 -4.60118e-05 0.0116263 0.0184386 0.00519042 0.0132625 0.0149841 0.013625 0.0205456 0.0184808 0.0172588 -9.02083e-05 0.00224867 -0.000125862 0.000307411 0.000784331 -0.000200682 -0.000772211 -0.000146945 -4.45155e-05 0.000651315 0.00306464 0.000351414 0.00161074 0.000770626 -0.000330509 0.00180337 0.0052109
internal_weight=99343 4610 3357 94733 1440 1917 788 1195 940 595 1322 856 594 93945 558 91238 13433 6658 77805 6681 71124 54651 7139 784 6355 2230 1813 4125 885 417
internal_count=99343 4610 3357 94733 1440 1917 788 1195 940 595 1322 856 594 93945 558 91238 13433 6658 77805 6681 71124 54651 7139 784 6355 2230 1813 4125 885 417
is_linear=0
shrinkage=0.03


Tree=249
num_leaves=31
num_cat=0
split_feature=23 2 20 2 29 23 1 25 17 1 29 18 16 28 21 22 34 1 21 30 35 26 21 33 34 19 34 9 35 34
split_gain=655.733 231.267 54.568 22.7771 17.1369 17.0252 16.7799 15.2705 10.7841 9.40154 11.0865 6.97869 4.70534 3.65901 3.42299 2.81358 3.50691 2.70516 3.32384 2.44743 2.3925 2.51609 4.96989 2.76658 9.53123 6.75759 7.41394 7.09184 5.85722 4.82785
threshold=0.96670068314595881 1.1480176067867423 12.953375000000003 1.1714236925654091 5.4925000000000006 0.9636624865290373 7.6250000000000009 6.5325000000000015 13.922500000000003 12.825000000000003 5.9625000000000012 13.072500000000002 15.287500000000001 1.8720039947930933 2.6613048960551247 2.0255416666666668 949.22500000000014 19.925000000000004 0.63751960724008794 15.525000000000002 19.750000000000004 5.7625000000000011 2.9144958826194465 0.44618082326431213 950.12500000000011 8.2275000000000027 960.02500000000009 3.5000000000000004 25.750000000000004 943.52500000000009
decision_type=2 2 2 2 2 2 2 8 2 2 2 10 8 2 2 2 2 2 2 2 2 2 2 2 2 8 2 2 2 2
left_child=5 19 4 7 -3 15 11 -4 -5 10 -7 13 14 -6 -10 16 17 -1 -19 -2 -17 23 -23 -22 28 -26 -27 -28 -25 -30
right_child=1 2 3 8 6 9 -8 -9 12 -11 -12 -13 -14 -15 -16 20 -18 18 -20 -21 21 22 -24 24 25 26 27 -29 29 -31
leaf_value=-0.0016804370566114626 7.010214427509709e-06 2.0719808328406585e-07 2.7954227330262424e-07 2.7977376459412269e-07 2.8078541268686436e-07 2.7275344977928383e-07 2.7878653871438172e-07 2.7979574252464762e-07 2.7959168063418361e-07 -6.7869049841462464e-07 2.7324134797113153e-07 2.7949959767690876e-07 2.795916144437971e-07 2.7992855526398236e-07 2.7958980262643428e-07 -0.0001796908751681856 -0.00093918939361908752 -0.00059227238897243773 0.0037251488109413169 -3.074866908554466e-07 -1.0937320416462003e-05 7.9229328886148814e-06 0.0008870007120681708 -0.00049263103008589341 -0.00024742329200177934 -2.3692795106926567e-05 0.00031838453410503771 0.0060617461219826564 0.0052937091567222452 0.002499984275825162
leaf_weight=283 420 286 315 232 249 274 287 372 578 200 286 249 450 269 264 4843 3261 316 429 747 72549 1200 312 749 4878 1433 477 457 580 1605
leaf_count=283 420 286 315 232 249 274 287 372 578 200 286 249 450 269 264 4843 3261 316 429 747 72549 1200 312 749 4878 1433 477 457 580 1605
internal_value=0.000482221 0.0113902 0.0151932 0.0180988 0.0103494 -6.50761e-05 0.0121133 0.0133656 0.0201818 0.00439216 0.00637168 0.0144288 0.0212984 0.0164742 0.0195797 -0.000101589 -0.000851654 0.000673765 0.00162 -0.0001971 -6.54304e-05 -2.81329e-05 0.0011826 -5.03313e-05 0.000412705 -0.000171725 0.00114207 0.00321406 0.00185369 0.00263699
internal_weight=98850 4718 3551 2211 1340 94132 1054 687 1524 760 560 767 1292 518 842 93372 4289 1028 745 1167 89083 84240 1512 82728 10179 7245 2367 934 2934 2185
internal_count=98850 4718 3551 2211 1340 94132 1054 687 1524 760 560 767 1292 518 842 93372 4289 1028 745 1167 89083 84240 1512 82728 10179 7245 2367 934 2934 2185
is_linear=0
shrinkage=0.03


Tree=250
num_leaves=31
num_cat=0
split_feature=23 1 20 1 29 32 23 1 16 32 4 1 29 21 23 25 5 10 30 9 35 31 1 16 21 17 8 16 26 16
split_gain=645.749 207.654 46.9441 21.3366 18.9416 18.5253 17.6242 14.4844 10.1406 10.0684 9.13713 8.07947 12.0226 7.08926 3.17708 3.33495 2.80643 2.72494 3.60427 3.55491 3.15661 5.93962 4.83136 5.05007 4.47328 4.11173 4.99659 3.24575 4.50551 2.99056
threshold=0.96670068314595881 14.675000000000002 13.143125000000003 8.8250000000000028 5.4925000000000006 -0.94260559819261247 0.9636624865290373 7.6250000000000009 15.287500000000001 -0.95368063612909426 0.91501037992003975 12.975000000000001 6.0125000000000011 2.7688458781711129 0.9161370581788213 4.2975000000000012 0.79968812258804356 1.5000000000000002 11.625000000000002 1.0000000180025095e-35 71.250000000000014 1.0989228449650617 -2.7749999999999995 5.8425000000000011 2.7863098279314986 8.9825000000000017 16.500000000000004 2.2675000000000005 1.4675000000000005 11.882500000000002
decision_type=2 2 2 2 2 2 2 2 8 2 2 2 2 2 2 8 2 2 2 2 2 2 2 10 2 2 2 10 2 10
left_child=6 2 4 8 -2 7 14 -6 13 -5 -7 12 -8 -4 17 -16 -17 18 19 -1 21 -21 -22 -24 25 26 -25 28 -23 -29
right_child=1 -3 3 9 5 10 11 -9 -10 -11 -12 -13 -14 -15 15 16 -18 -19 -20 20 22 27 23 24 -26 -27 -28 29 -30 -31
leaf_value=-0.0022015125339428883 2.0825138824164803e-07 1.1727826758400894e-06 2.712039253994017e-07 2.7118223017486007e-07 2.7116949687776636e-07 2.7217205839091818e-07 2.2338046594133318e-07 2.6307373438672065e-07 2.7120386601131582e-07 2.7119037684861851e-07 2.7183915149287124e-07 -5.0745162432697269e-07 2.6479583875582691e-07 2.7131785520086754e-07 -1.3477258543727438e-05 -2.0018355528228504e-06 1.2364217313282412e-05 -1.7729954339147718e-05 6.4948640827833481e-05 0.0011600825919469095 -0.00040474220347960359 -0.00081757060407364949 -0.00035503512107749711 0.0029883543733981357 0.0031676542949474261 -2.1734576500698209e-05 0.00030475375377047881 -0.0015651753147646796 0.0028986038773090306 7.7242165419808605e-05
leaf_weight=1189 301 1147 590 397 358 284 292 229 479 200 426 211 273 231 694 1074 2123 81471 218 286 1795 215 792 245 204 477 210 2329 201 230
leaf_count=1189 301 1147 590 397 358 284 292 229 479 200 426 211 273 231 694 1074 2123 81471 218 286 1795 215 792 245 204 477 210 2329 201 230
internal_value=0.000481537 0.0113996 0.01503 0.0182382 0.0111765 0.0127488 -5.51872e-05 0.00868074 0.0204368 0.0133206 0.016028 0.00443278 0.00628947 0.0181199 -9.25688e-05 0.000746149 0.00115521 -0.000128925 -0.000643521 -0.000745782 -0.000486766 -0.00116748 0.000110246 0.00115158 0.00242945 0.00153042 0.00355435 -0.00156544 0.00088361 -0.00196451
internal_weight=99171 4642 3495 1897 1598 1297 94529 587 1300 597 710 776 565 821 93753 3891 3197 89862 8391 8173 6984 3261 3723 1928 1136 932 455 2975 416 2559
internal_count=99171 4642 3495 1897 1598 1297 94529 587 1300 597 710 776 565 821 93753 3891 3197 89862 8391 8173 6984 3261 3723 1928 1136 932 455 2975 416 2559
is_linear=0
shrinkage=0.03


Tree=251
num_leaves=31
num_cat=0
split_feature=23 2 20 29 23 10 35 1 1 1 29 31 21 2 25 31 24 15 11 34 26 31 34 10 30 31 34 34 35 25
split_gain=618.051 211.531 48.4104 24.0868 17.9084 17.1051 16.4865 22.9939 12.7205 10.1611 13.6256 9.75842 9.73829 9.18257 6.42431 3.82907 2.69478 4.07282 4.40304 10.3131 5.23546 4.19598 3.41022 3.13783 3.98045 3.02462 2.90694 3.62291 2.72785 5.85193
threshold=0.96670068314595881 1.1480176067867423 13.143125000000003 5.4925000000000006 0.9636624865290373 11.500000000000002 55.750000000000007 7.6250000000000009 1.9250000000000005 12.825000000000003 6.0125000000000011 1.5509605483095885 2.9541099543822589 1.1714236925654091 6.5325000000000015 1.4699619034334859 7.075000000000002 0.37500000000000017 6.9525000000000015 953.72500000000014 2.9925000000000006 1.3812249728329637 948.97500000000014 1.5000000000000002 10.575000000000003 3.04497191011236 952.52500000000009 950.92500000000018 39.250000000000007 3.0775000000000006
decision_type=2 2 2 2 2 2 2 2 2 2 2 2 2 2 8 2 10 10 10 2 2 2 2 2 2 2 2 2 2 10
left_child=4 -2 3 -3 16 12 -5 8 11 10 -6 -8 13 14 -4 -15 23 18 19 -18 -20 -21 -22 24 -1 28 27 -24 29 -25
right_child=1 2 5 6 9 -7 7 -9 -10 -11 -12 -13 -14 15 -16 -17 17 -19 20 21 22 -23 26 25 -26 -27 -28 -29 -30 -31
leaf_value=-0.00027114737427871572 1.915175872293475e-07 2.0200389858837652e-07 2.6300168287862746e-07 2.6881781075260899e-07 1.2878779093838943e-07 2.6306772571316192e-07 2.6289929883308962e-07 1.8401101870557747e-07 2.6295464972458934e-07 -1.6133869847301433e-06 2.5685196359148676e-07 2.7130842134237554e-07 2.630505642255159e-07 2.6306833888318579e-07 2.6305483162053005e-07 2.6306775004369952e-07 0.0022280410904707403 -8.8771831113099164e-06 -2.9846760262394189e-05 -0.00059019639822732067 -0.00027489086075872387 0.0010616237117699878 5.5828690388047825e-05 -0.0012387798008029998 6.2734106752702286e-05 -0.0016032874655515386 2.2695154201926027e-05 0.00012718530674810197 4.8784997398998827e-06 1.1011306034798872e-05
leaf_weight=7916 1161 312 224 367 281 458 210 229 263 219 286 213 200 398 275 323 339 2375 1211 302 402 208 261 10756 340 1244 2014 208 55697 10434
leaf_count=7916 1161 312 224 367 281 458 210 229 263 219 286 213 200 398 275 323 339 2375 1211 302 402 208 261 10756 340 1244 2014 208 55697 10434
internal_value=0.000444381 0.0111365 0.0148387 0.0109306 -8.04151e-05 0.0181179 0.0127459 0.0104837 0.0132156 0.00441466 0.00651923 0.00979206 0.0163579 0.0173878 0.0139345 0.0196653 -0.000118353 0.000434129 0.000924242 0.00288407 0.000514996 0.000174757 0.00120934 -0.00016519 -0.000721221 -0.000106392 0.0016242 0.00374051 -8.25971e-05 -0.000372258
internal_weight=99126 4633 3472 1594 94493 1878 1282 915 686 786 567 423 1420 1220 499 721 93707 7320 4945 849 4096 510 2885 86387 8256 78131 2483 469 76887 21190
internal_count=99126 4633 3472 1594 94493 1878 1282 915 686 786 567 423 1420 1220 499 721 93707 7320 4945 849 4096 510 2885 86387 8256 78131 2483 469 76887 21190
is_linear=0
shrinkage=0.03


Tree=252
num_leaves=31
num_cat=0
split_feature=23 2 20 29 2 32 23 32 16 33 2 4 18 34 28 23 34 10 18 5 31 16 23 27 2 34 8 25 9 8
split_gain=637.213 215.917 56.569 26.26 20.1594 19.7375 16.7945 9.40024 9.30153 8.70488 8.46186 8.41658 5.10042 6.33448 2.91865 2.79065 3.0758 5.94804 6.36171 5.75412 4.58204 8.32711 9.39594 6.60107 5.13517 6.13318 7.56815 4.89482 5.56527 7.30731
threshold=0.96670068314595881 1.1480176067867423 13.143125000000003 5.4925000000000006 1.1714236925654091 -0.94828754594723508 0.9636624865290373 -0.95368063612909426 15.287500000000001 -0.14780378300014829 1.1753829650923688 0.91501037992003975 14.312500000000002 958.62500000000011 1.5779357558716833 0.9161370581788213 952.92500000000018 6.5000000000000009 3.9075000000000006 0.92795797061045637 1.3021384754672358 8.5425000000000022 0.66086942442983743 4.6614583333333348 1.1268722322914713 942.42500000000018 6.5000000000000009 3.9075000000000006 4.5000000000000009 16.500000000000004
decision_type=2 2 2 2 2 2 2 2 8 2 2 2 10 2 2 2 2 2 10 2 2 10 2 2 2 2 2 8 2 2
left_child=6 -2 3 -3 7 10 15 -4 12 -8 -5 -7 -6 -14 -11 16 17 20 -19 -20 21 -1 23 -23 25 26 -22 28 -26 -30
right_child=1 2 4 5 8 11 9 -9 -10 14 -12 -13 13 -15 -16 -17 -18 18 19 -21 24 22 -24 -25 27 -27 -28 -29 29 -31
leaf_value=0.00089137779260297636 1.7327179712981052e-07 1.9085522054164798e-07 2.5515720291635622e-07 2.566126534554924e-07 2.5516891160703992e-07 2.5611403790491565e-07 2.6506982102936225e-07 2.551633195368996e-07 2.5517569445465683e-07 -2.2419628399599041e-07 2.5514074722438883e-07 2.5568731177982863e-07 2.551757689516676e-07 2.551335742706495e-07 2.3282588154322088e-07 6.115442591974624e-06 -5.8397087976091591e-05 0.00043044740254122142 -0.00040714605896451816 0.00026899371804918687 0.0048399379553208102 0.0041692842704185345 6.9697431536482784e-05 0.0020572169083805996 0.0037129423986336893 -0.0016277430005431448 -0.00035837085362247501 -4.5145647363304952e-05 -0.0017830698547218657 0.0023467925301583485
leaf_weight=5085 1154 298 377 213 302 275 248 201 494 200 331 461 297 242 321 3871 48306 9952 15422 257 201 305 859 250 1934 3647 303 2391 678 285
leaf_count=5085 1154 298 377 213 302 275 248 201 494 200 331 461 297 242 321 3871 48306 9952 15422 257 201 305 859 250 1934 3647 303 2391 678 285
internal_value=0.000477385 0.0113194 0.0150335 0.0107682 0.0185146 0.0126303 -5.60206e-05 0.0135952 0.0205858 0.00434496 0.00817486 0.0158462 0.0183652 0.0162187 0.00210456 -9.23517e-05 -0.000126336 6.28511e-05 -0.000220121 -0.000596596 0.000517844 0.00113053 0.00316279 0.0061875 9.56155e-05 -0.000693697 0.00239293 0.000715284 0.00154342 -0.000319216
internal_weight=99160 4645 3491 1578 1913 1280 94515 578 1335 769 544 736 841 539 521 93746 89875 41569 25631 15679 15938 6499 1414 555 9439 4151 504 5288 2897 963
internal_count=99160 4645 3491 1578 1913 1280 94515 578 1335 769 544 736 841 539 521 93746 89875 41569 25631 15679 15938 6499 1414 555 9439 4151 504 5288 2897 963
is_linear=0
shrinkage=0.03


Tree=253
num_leaves=31
num_cat=0
split_feature=23 2 20 29 16 14 32 23 3 2 29 18 25 1 1 34 12 35 9 8 34 10 24 28 21 32 2 9 35 34
split_gain=646.819 228.376 53.0228 22.1993 21.1187 19.9388 17.3642 14.7707 8.17783 7.4521 10.9223 6.45751 5.5291 5.41004 3.83408 3.70891 5.029 6.99275 8.00837 5.88872 8.07235 6.07748 9.14786 5.70451 6.30542 5.64401 4.85169 10.9889 4.49752 6.85824
threshold=0.96670068314595881 1.1480176067867423 12.953375000000003 5.4925000000000006 14.942500000000003 0.69816425956455153 -0.94828754594723508 0.9636624865290373 10.439077069198984 1.1540328943122928 6.0125000000000011 14.682500000000003 6.7925000000000013 5.4750000000000005 6.3750000000000009 952.82500000000016 5.4875000000000016 40.250000000000007 2.5000000000000004 12.500000000000002 966.72500000000014 9.5000000000000018 0.52500000000000013 1.2992333463577252 0.71446920683383008 0.15643446504023095 1.1660487668648771 5.5000000000000009 62.250000000000007 942.02500000000009
decision_type=2 2 2 2 8 2 2 2 2 2 2 10 10 2 2 2 10 2 2 2 2 2 10 2 2 2 2 2 2 2
left_child=7 -2 3 -3 5 11 14 15 -8 -9 -11 -4 -7 -6 -5 28 17 -17 -19 26 21 -21 25 24 -18 -23 27 -20 -1 -30
right_child=1 2 4 6 13 12 8 9 -10 10 -12 -13 -14 -15 -16 16 23 18 19 20 -22 22 -24 -25 -26 -27 -28 -29 29 -31
leaf_value=-8.1302469069288726e-06 -5.4713481768553504e-08 2.1599412371009484e-07 2.4751384426036082e-07 2.4748652539652306e-07 2.4752042310782759e-07 2.4748725759059452e-07 2.5026213932354556e-07 -5.7072570479955957e-07 2.4809342732017251e-07 2.4847236325960262e-07 2.4080894928420078e-07 2.4758062462466995e-07 2.4787269237824815e-07 2.4752037442071334e-07 2.4109595447074914e-07 -0.0023342365189580826 0.0019278161439405706 -0.0010339241789765878 -0.00032648111335132067 -0.00027590024218827999 0.012959977960936552 0.002595985244354857 0.00095170029327094918 -6.4422815503595294e-06 4.1150586020378685e-05 0.0099181415803688815 -0.00068247781665566184 0.0038899076718246208 0.0045649389912146227 0.00026153220469453099
leaf_weight=33660 1192 287 522 240 525 305 230 206 370 276 287 380 205 260 201 2930 637 11692 958 3011 290 203 1948 13658 8540 241 6959 342 258 8476
leaf_count=33660 1192 287 522 240 525 305 230 206 370 276 287 380 205 260 201 2930 637 11692 958 3011 290 203 1948 13658 8540 241 6959 342 258 8476
internal_value=0.00048737 0.0113234 0.0151572 0.0103571 0.0180286 0.015705 0.0123872 -5.36713e-05 0.015719 0.00407364 0.00584683 0.0184168 0.0107767 0.0220823 0.0077287 -8.77224e-05 -0.000259016 -0.000524232 -0.000365395 0.000119939 0.000861881 0.000597448 0.00172466 7.28977e-05 0.000651165 0.00558575 -0.0003917 0.00128736 0.000120002 0.000726398
internal_weight=99289 4717 3525 1328 2197 1412 1041 94572 600 769 563 902 510 785 441 93803 51409 28574 25644 13952 5693 5403 2392 22835 9177 444 8259 1300 42394 8734
internal_count=99289 4717 3525 1328 2197 1412 1041 94572 600 769 563 902 510 785 441 93803 51409 28574 25644 13952 5693 5403 2392 22835 9177 444 8259 1300 42394 8734
is_linear=0
shrinkage=0.03


Tree=254
num_leaves=31
num_cat=0
split_feature=23 2 20 2 3 32 25 23 16 1 2 28 25 18 34 14 24 20 16 19 14 31 33 8 14 9 26 32 31 16
split_gain=631.028 215.073 53.7895 22.0259 18.523 25.9813 20.0633 18.4124 12.3439 9.66019 8.00097 13.1976 6.32243 5.06394 8.46494 3.59359 2.73137 3.5872 4.47993 3.08019 2.96402 3.16043 3.07928 3.57495 3.04457 2.97731 3.19096 5.39529 6.44365 3.56686
threshold=0.96670068314595881 1.1480176067867423 13.143125000000003 1.1714236925654091 10.439077069198984 -0.94260559819261247 6.3625000000000016 0.9636624865290373 15.287500000000001 7.6250000000000009 1.1540328943122928 2.0909816261222773 6.5325000000000015 14.312500000000002 960.22500000000014 0.29968038529962981 7.8750000000000009 7.9205000000000005 7.6575000000000015 7.3375000000000012 1.2882384613623898 2.5685589397293289 -0.23343647497176648 5.5000000000000009 0.49766956909177867 1.0000000180025095e-35 3.9825000000000008 0.98624804680367306 1.4575407081933318 10.947500000000002
decision_type=2 2 2 2 2 2 8 2 8 2 2 2 8 10 2 2 10 2 10 8 2 2 2 2 2 2 2 2 2 8
left_child=7 -2 4 12 6 9 -3 16 13 -6 -9 -12 -4 -5 -15 -7 20 18 -18 -19 21 25 23 24 -23 26 27 29 -29 -1
right_child=1 2 3 8 5 15 -8 10 -10 -11 11 -13 -14 14 -16 -17 17 19 -20 -21 -22 22 -24 -25 -26 -27 -28 28 -30 -31
leaf_value=-0.00042572019481766193 3.2216468616841352e-07 1.6411432216534294e-08 2.4005862964471267e-07 2.4008600105318575e-07 2.4006192963499371e-07 2.4478601804878155e-07 2.4797788338415392e-07 -4.5128612826034616e-07 2.4009481092335232e-07 2.415125938650535e-07 2.0618448186127124e-07 2.4026634673157685e-07 2.4008195363078851e-07 2.4009308887351644e-07 2.4155772879068674e-07 2.4043660544768526e-07 0.00078261978076448076 -0.00013169652683642214 0.0016985452900478422 9.5623074262090735e-06 0.00013144337348700019 0.0037164898765568131 -0.0014490508499896918 -0.0011436595893345996 0.00011862998988684147 -1.2589995782464891e-05 -0.00031066038148271357 0.00255137288182184 0.00012445302128720633 -0.00054545113387748892
leaf_weight=7358 1178 272 274 287 341 263 292 213 493 227 357 211 300 367 200 209 412 683 352 2927 10722 210 3555 590 262 62952 1458 220 1064 875
leaf_count=7358 1178 272 274 287 341 263 292 213 493 227 357 211 300 367 200 209 412 683 352 2927 10722 210 3555 590 262 62952 1458 220 1064 875
internal_value=0.000462003 0.0111812 0.0148853 0.018285 0.0107694 0.0131483 0.0063058 -7.24702e-05 0.0204209 0.00870157 0.0045 0.00634555 0.0131399 0.0179721 0.0159598 0.0183522 -0.000110845 0.000620689 0.00248114 0.000224066 -0.000146722 -0.000210595 -0.000971658 0.000444235 0.00237736 -0.000163002 -0.000618853 -0.000418085 0.00138712 -0.000700292
internal_weight=99124 4703 3525 1921 1604 1040 564 94421 1347 568 781 568 574 854 567 472 93640 4374 764 3610 89266 78544 4617 1062 472 73927 10975 9517 1284 8233
internal_count=99124 4703 3525 1921 1604 1040 564 94421 1347 568 781 568 574 854 567 472 93640 4374 764 3610 89266 78544 4617 1062 472 73927 10975 9517 1284 8233
is_linear=0
shrinkage=0.03


Tree=255
num_leaves=31
num_cat=0
split_feature=23 2 20 29 2 14 23 16 33 25 19 23 20 8 34 12 35 9 31 23 8 34 25 34 20 0 31 34 19 35
split_gain=611.781 223.566 51.3005 25.5753 20.6351 17.6719 14.7814 8.96671 8.87345 8.63678 6.90385 4.26323 3.03336 2.73109 2.66068 4.69619 7.18239 7.74785 5.60981 5.74998 4.90065 8.19383 8.23096 14.6854 10.633 4.84155 7.89189 6.2787 4.52666 5.78109
threshold=0.96670068314595881 1.1480176067867423 13.143125000000003 5.4925000000000006 1.1714236925654091 0.37935251855406088 0.9636624865290373 15.287500000000001 -0.14780378300014829 6.5325000000000015 8.7975000000000012 0.98287740697519665 14.321875000000002 8.5000000000000018 952.82500000000016 5.6325000000000012 34.750000000000007 2.5000000000000004 1.7233553997606079 0.65056811030145212 12.500000000000002 966.72500000000014 4.2725000000000017 956.92500000000018 3.9022500000000009 7.1275000000000013 2.1420728867069374 956.02500000000009 7.807500000000001 28.250000000000004
decision_type=2 2 2 2 2 2 2 8 2 8 10 2 2 2 2 10 2 2 2 2 2 2 8 2 2 2 2 2 8 2
left_child=6 -2 3 -3 9 -5 14 11 -8 -4 -7 -6 -13 -10 -1 16 -16 -18 28 25 -19 22 -22 -24 -25 27 -27 -20 -17 -30
right_child=1 2 4 5 7 10 8 -9 13 -11 -12 12 -14 -15 15 18 17 20 19 -21 21 -23 23 24 -26 26 -28 -29 29 -31
leaf_value=1.1166607863430932e-05 -1.7366124735573862e-07 2.0902195703276226e-07 2.328583765461198e-07 2.3417166971517742e-07 2.3295811218071448e-07 2.3156262465851007e-07 2.3402101488722434e-07 2.328919660854467e-07 -4.4907892517160756e-08 2.3288054601056097e-07 2.33861789515758e-07 2.3288676327356223e-07 2.3289195791787552e-07 2.3365663956993083e-07 -0.0028086224681595235 -0.0002395255824346143 -0.001040985122157444 -0.00038765255698151353 -0.0027918772142400757 1.0869801269075552e-08 -0.00018336812652126495 0.012304298003748028 -0.00078281815577402986 0.015533932488060473 0.0022080857166712842 0.0012597354009244756 0.0038651185028274978 0.0016147102323753504 0.00018251737518491074 -4.7533402245680814e-06
leaf_weight=42380 1179 311 290 612 339 378 230 477 219 311 278 262 227 306 1868 3487 12562 8853 983 6936 4728 326 612 218 603 860 227 2129 566 6547
leaf_count=42380 1179 311 290 612 339 378 230 477 219 311 278 262 227 306 1868 3487 12562 8853 983 6936 4728 326 612 218 603 860 227 2129 566 6547
internal_value=0.00044153 0.0110426 0.0148582 0.0107973 0.0181852 0.0126834 -8.1463e-05 0.0203473 0.00408553 0.0133614 0.0091407 0.0181585 0.015917 0.00189623 -0.000115189 -0.000260047 -0.000504787 -0.00038399 7.52063e-05 0.000545331 6.84255e-05 0.000694546 0.000447129 0.00243463 0.00504479 0.00142079 0.00314011 0.000816169 -0.000418671 1.55936e-05
internal_weight=99304 4664 3485 1579 1906 1268 94640 1305 755 601 656 828 489 525 93885 51505 29770 27902 21735 11135 15340 6487 6161 1433 821 4199 1087 3112 10600 7113
internal_count=99304 4664 3485 1579 1906 1268 94640 1305 755 601 656 828 489 525 93885 51505 29770 27902 21735 11135 15340 6487 6161 1433 821 4199 1087 3112 10600 7113
is_linear=0
shrinkage=0.03


Tree=256
num_leaves=31
num_cat=0
split_feature=23 2 22 2 3 25 17 23 25 30 33 10 21 14 24 6 12 18 24 30 22 35 33 35 22 31 34 9 34 1
split_gain=623.872 224.97 52.9983 25.1411 20.8376 16.6326 15.1083 13.7456 10.995 7.6867 7.65334 6.87957 11.9162 4.99834 3.52494 2.81806 5.07414 3.76767 4.08397 3.86304 3.28628 3.12722 3.10557 6.51691 5.38006 5.63032 4.88167 10.15 4.1395 3.84116
threshold=0.96670068314595881 1.1480176067867423 13.050625000000002 1.1714236925654091 10.439077069198984 6.3625000000000016 12.402500000000002 0.9636624865290373 6.5325000000000015 14.925000000000002 -0.14780378300014829 11.500000000000002 2.6613048960551247 0.31005375877956382 7.7750000000000012 1.5000000000000002 5.4475000000000007 0.82250000000000012 1.8250000000000004 1.5250000000000001 1.9809166666666664 25.750000000000004 0.39073112848927366 87.250000000000014 2.9107500000000006 1.3325847862575191 959.32500000000016 3.5000000000000004 943.72500000000014 20.475000000000005
decision_type=2 2 2 2 2 8 2 2 8 2 2 2 2 2 10 2 10 10 8 2 2 2 2 2 2 2 2 2 2 2
left_child=7 -2 4 8 5 -3 -6 15 -4 13 -9 12 -5 -8 -12 16 21 18 20 -20 -17 -1 -19 24 -24 26 29 -28 -27 -26
right_child=1 2 3 11 6 -7 9 10 -10 -11 14 -13 -14 -15 -16 17 -18 22 19 -21 -22 -23 23 -25 25 28 27 -29 -30 -31
leaf_value=-0.0017569112051293958 -2.1817423009148037e-07 1.2590117459243544e-07 2.2586808677726998e-07 2.2590531331245778e-07 2.1928840586487322e-07 2.3351339679233973e-07 2.3095486766018668e-07 2.3566483707160301e-07 2.2589412963180954e-07 2.2713269281382507e-07 -2.9414232733527087e-08 2.2590520710408234e-07 2.2588693924019409e-07 2.2659096841579686e-07 2.2687182105242952e-07 0.0031482515167850786 5.6564022089800045e-06 -9.3210588004494213e-06 0.0056555832468897695 -0.00042239043445022718 0.010132841041585617 -0.00045074965013006352 -0.00088687649706389253 0.0043620572227098392 -0.00039698814919733404 0.0023663568511502519 0.0018243667169477338 0.0063477306545602508 -5.3916647477473265e-05 0.0019139353068849706
leaf_weight=1739 1152 279 264 684 232 277 263 248 327 276 295 473 240 207 231 211 15847 46687 213 706 225 17616 2429 213 908 201 391 220 3666 2465
leaf_count=1739 1152 279 264 684 232 277 263 248 327 276 295 473 240 207 231 211 15847 46687 213 706 225 17616 2429 213 908 201 391 220 3666 2465
internal_value=0.000473485 0.0111665 0.014926 0.0181716 0.0106745 0.00595722 0.0133123 -5.5896e-05 0.0127802 0.0153955 0.00391271 0.0203987 0.0185877 0.0178105 0.00183051 -8.88723e-05 -0.000300964 3.86908e-05 0.00159926 0.000457791 0.00397279 -0.000626809 1.57312e-06 0.000467803 0.000358774 0.000740452 0.00153121 0.00398864 -7.51557e-05 0.00108082
internal_weight=99185 4674 3522 1988 1534 556 978 94511 591 746 774 1397 924 470 526 93737 35202 58535 1355 919 436 19355 57180 10493 10280 7851 3984 611 3867 3373
internal_count=99185 4674 3522 1988 1534 556 978 94511 591 746 774 1397 924 470 526 93737 35202 58535 1355 919 436 19355 57180 10493 10280 7851 3984 611 3867 3373
is_linear=0
shrinkage=0.03


Tree=257
num_leaves=31
num_cat=0
split_feature=23 34 14 23 10 22 10 34 35 19 24 18 27 18 31 28 26 33 9 29 21 7 32 35 27 34 3 22 19 34
split_gain=623.414 86.126 27.5131 24.7343 20.7665 18.3559 28.5079 18.9666 8.93267 8.05404 7.58919 7.38846 7.87967 7.19277 5.63937 4.28815 3.04268 2.62655 3.81697 2.75418 2.67548 2.52488 2.99155 2.84444 6.5712 6.4351 3.85609 5.40057 4.71121 4.84586
threshold=0.96853676129614419 952.22500000000014 1.8308672808262163 0.9636624865290373 9.5000000000000018 13.050625000000002 11.500000000000002 956.02500000000009 64.250000000000014 12.802500000000002 8.8250000000000028 13.542500000000002 6.0293750000000008 14.312500000000002 1.4913118961352658 1.8720039947930933 5.432500000000001 -0.93663652364155492 1.5000000000000002 0.68250000000000022 3.1102436600554593 41.500000000000007 0.94828754594723541 37.750000000000007 4.0206250000000017 949.22500000000014 3.7545566292373915 5.1711250000000009 5.1175000000000006 943.72500000000014
decision_type=2 2 2 2 2 2 2 2 2 8 10 8 2 10 2 2 2 2 2 2 2 2 2 2 2 2 2 2 10 2
left_child=3 4 5 17 8 11 7 9 16 -7 -5 12 -3 -9 -15 -14 -2 18 -1 20 -19 23 -23 24 25 26 27 -21 -28 -30
right_child=1 2 -4 10 -6 6 -8 13 -10 -11 -12 -13 15 14 -16 -17 -18 19 -20 21 -22 22 -24 -25 -26 -27 28 -29 29 -31
leaf_value=0.002563461471877923 1.3360712614791067e-05 2.1888312385939967e-07 2.1912805135915171e-07 2.1399372684847999e-07 2.1946006929444241e-07 2.1912636633864634e-07 2.1912805089119301e-07 2.1912760498140048e-07 2.1912800774570584e-07 2.1912807291613305e-07 2.1739685820865162e-07 2.2044224708278549e-07 2.2152614464143737e-07 2.1912802684609339e-07 2.1911625475379281e-07 2.2026504276350453e-07 -2.1098571056921145e-07 -0.00075338902568491083 0.00033087317970712361 6.6525804498080467e-06 0.0022528804520207625 0.00039638219348485973 -4.6285388663244995e-05 -5.4186946546039232e-06 1.0605347162570895e-05 -0.0022298269619759662 -0.0022280623931576569 0.0034864055059654494 0.0035851591809539121 -0.00080161847705412725
leaf_weight=453 377 258 206 883 269 227 384 273 276 394 279 257 228 212 212 338 371 2111 1410 3018 222 9412 3765 57522 7822 4298 2884 207 201 389
leaf_count=453 377 258 206 883 269 227 384 273 276 394 279 257 228 212 212 338 371 2111 1410 3018 222 9412 3765 57522 7822 4298 2884 207 201 389
internal_value=0.00045295 0.0116431 0.0144399 -5.26772e-05 0.00514715 0.0152227 0.0172021 0.0149932 0.00316618 0.0110176 0.00428792 0.0120414 0.0134475 0.0184316 0.0155664 0.0154676 0.00144223 -0.000106724 0.00100696 -0.000129366 -0.00114585 -0.000102812 0.000280609 -0.000169008 -0.00048911 -0.000961735 -0.000379923 0.000366872 -0.00107272 0.00136134
internal_weight=99158 4282 2989 94876 1293 2783 1702 1318 1024 621 1162 1081 824 697 424 566 748 93714 1863 91851 2333 89518 13177 76341 18819 10997 6699 3225 3474 590
internal_count=99158 4282 2989 94876 1293 2783 1702 1318 1024 621 1162 1081 824 697 424 566 748 93714 1863 91851 2333 89518 13177 76341 18819 10997 6699 3225 3474 590
is_linear=0
shrinkage=0.03


Tree=258
num_leaves=31
num_cat=0
split_feature=22 34 16 14 34 18 22 34 0 9 16 34 32 21 35 30 11 25 21 32 12 31 34 32 19 17 34 30 34 35
split_gain=583.184 114.94 36.3763 32.3156 19.9389 18.1358 16.2064 15.693 15.2591 13.7027 10.4873 10.4911 8.07306 7.9904 6.86106 5.45655 4.13773 3.51024 2.59714 3.06735 5.03466 2.63194 4.57868 2.80767 5.99059 2.77328 3.33578 3.22026 4.72211 7.90351
threshold=12.155208333333336 952.22500000000014 14.942500000000003 0.69816425956455153 954.92500000000018 14.312500000000002 11.875500000000004 958.82500000000016 10.622500000000002 2.5000000000000004 12.892500000000002 955.72500000000014 -0.95878322595067689 2.7863098279314986 68.750000000000014 15.525000000000002 11.372500000000002 5.5125000000000011 0.47264327502167042 0.93663652364155514 6.2125000000000012 2.5685589397293289 942.22500000000014 -0.90992662233962551 3.3575000000000008 2.2475000000000005 967.77500000000009 4.2750000000000012 948.22500000000014 57.250000000000007
decision_type=2 2 8 2 2 10 2 2 2 2 10 2 2 2 2 2 10 10 2 2 10 2 2 2 10 2 2 2 2 2
left_child=6 5 3 8 -4 15 18 17 13 -7 -5 -12 14 -3 -10 -2 -14 -8 19 -1 -21 25 -23 24 -24 26 27 28 29 -20
right_child=1 2 4 10 -6 9 7 -9 12 -11 11 -13 16 -15 -16 -17 -18 -19 21 20 -22 22 23 -25 -26 -27 -28 -29 -30 -31
leaf_value=-0.00083335068715816745 2.1947094148377921e-07 2.1834232961790139e-07 2.125542098496691e-07 2.1223033518259774e-07 2.125542093633914e-07 2.1255416897569822e-07 -8.8102137514223242e-06 2.1357880038600543e-07 2.1305584326390991e-07 9.9884483928148217e-07 2.1264463599456005e-07 2.1252846382768809e-07 2.1246016087783483e-07 2.1688069010372679e-07 2.1255253972896069e-07 -1.108736109817613e-06 2.1254148253079399e-07 1.8883968117888727e-07 0.0017643119325748819 -0.00053138697383855375 0.0032051307434199814 0.0032396553593917405 -0.0012068367685273446 -0.0013780518984886283 0.0036757237123593123 -4.9866786857632128e-06 0.0095340990537028294 -0.00044572685005597317 0.00035520664984225233 0.0053128672156105049
leaf_weight=3554 485 201 268 326 554 248 236 271 208 321 236 201 236 205 280 378 441 275 1024 341 200 338 714 3917 345 74859 200 4152 3817 297
leaf_count=3554 485 201 268 326 554 248 236 271 208 321 236 201 236 205 280 378 441 275 1024 341 200 338 714 3917 345 74859 200 4152 3817 297
internal_value=0.000443706 0.0108831 0.0140785 0.0121154 0.0195453 0.00381628 -6.34626e-05 0.00422363 0.0145793 0.00794948 0.00698047 0.00999774 0.0163462 0.00937226 0.0130953 0.00106106 0.0185762 0.00109884 -9.94429e-05 -0.000837806 0.00125824 -6.56763e-05 -0.000712917 -0.000943185 0.000425751 -2.48602e-05 0.000458135 0.000374394 0.000876142 0.00241855
internal_weight=99128 4588 3156 2334 822 1432 94540 782 1571 569 763 437 1165 406 488 863 677 511 93758 4095 541 89663 5314 4976 1059 84349 9490 9290 5138 1321
internal_count=99128 4588 3156 2334 822 1432 94540 782 1571 569 763 437 1165 406 488 863 677 511 93758 4095 541 89663 5314 4976 1059 84349 9490 9290 5138 1321
is_linear=0
shrinkage=0.03


Tree=259
num_leaves=31
num_cat=0
split_feature=23 2 20 29 2 32 2 23 1 33 25 17 4 24 24 31 32 26 35 8 32 28 34 34 35 35 25 19 12 19
split_gain=601.266 207.16 58.7108 28.5653 26.3737 22.7298 18.0538 15.4251 14.5235 8.06797 6.67395 4.94998 4.00591 3.10024 2.80937 3.65905 3.19653 4.68146 7.2823 6.80079 6.68747 5.70305 5.58105 5.19122 5.03997 4.48723 3.79022 5.71274 3.61859 3.57293
threshold=0.96670068314595881 1.1480176067867423 13.143125000000003 5.4925000000000006 1.1714236925654091 0.9426055981926128 1.1739211758260308 0.9636624865290373 1.0000000180025095e-35 -0.14780378300014829 6.5325000000000015 14.192500000000003 0.91501037992003975 8.0250000000000021 4.0250000000000012 2.5262220277534699 0.93038214053199464 1.8275000000000003 38.250000000000007 8.5000000000000018 0.7489272028500833 0.87000897982862213 955.92500000000018 952.62500000000011 58.250000000000007 71.750000000000014 3.7175000000000007 2.1225000000000005 3.5825000000000005 3.6125000000000007
decision_type=2 2 2 2 2 2 2 2 2 2 8 2 2 10 8 2 2 2 2 2 2 2 2 2 2 2 8 10 10 8
left_child=7 -2 3 -3 10 6 -5 14 -8 -9 -4 -6 -7 -11 15 16 17 -1 29 21 22 24 -21 -22 -20 -26 -24 -28 -27 -19
right_child=1 2 4 5 11 12 8 9 -10 13 -12 -13 -14 -15 -16 -17 -18 18 19 20 23 -23 26 -25 25 28 27 -29 -30 -31
leaf_value=-0.00053200097174767953 -1.1390590592987015e-08 1.5179448833224641e-07 2.0611074784099992e-07 2.0731376931815149e-07 2.063383697898706e-07 2.0745403562494773e-07 2.0608032133773157e-07 3.078467554039854e-07 2.0619969665736092e-07 5.1884892883915352e-08 2.0616629732311685e-07 2.0617760437023598e-07 2.1310046642862296e-07 2.0534352115813594e-07 -5.0346548837953978e-07 -0.0013188826264894304 -0.0010605515637111314 -0.0018800493520514823 -0.0011978036519865931 -5.2670072219117129e-05 0.0067673061905240374 -0.00090373975027846888 0.0010130920440572569 0.0026862063553039399 0.0037282513879133431 -0.00099343256895262052 0.011628420581062598 0.0018040304860133928 0.0010382456680292544 0.00062833780421503449
leaf_weight=7378 1151 313 270 246 234 213 202 242 360 329 318 1078 250 212 65212 3825 6331 1814 906 1495 252 2404 547 555 680 312 200 200 319 1293
leaf_count=7378 1151 313 270 246 234 213 202 242 360 329 318 1078 250 212 65212 3825 6331 1814 906 1495 252 2404 547 555 680 312 200 200 319 1293
internal_value=0.000438111 0.0109817 0.0146225 0.0103008 0.018189 0.0122939 0.00915867 -7.9547e-05 0.0121058 0.00410025 0.0127083 0.0205877 0.017609 0.00202747 -0.000114684 -0.00036306 -0.000229153 -2.85955e-05 0.000364141 0.000849523 0.00190012 0.000109597 0.0011132 0.00425985 0.00120567 0.00239134 0.00290861 0.00511111 0.00056132 -0.000864718
internal_weight=99141 4635 3484 1584 1900 1271 808 94506 562 783 588 1312 463 541 93723 28511 24686 18355 10977 7870 3249 4621 2442 807 2217 1311 947 400 631 3107
internal_count=99141 4635 3484 1584 1900 1271 808 94506 562 783 588 1312 463 541 93723 28511 24686 18355 10977 7870 3249 4621 2442 807 2217 1311 947 400 631 3107
is_linear=0
shrinkage=0.03


Tree=260
num_leaves=31
num_cat=0
split_feature=23 2 20 2 29 14 23 16 19 18 33 11 28 21 11 1 31 35 29 28 30 14 21 29 35 19 17 26 35 27
split_gain=610.929 205.309 55.0051 29.5965 26.3063 21.3345 13.4959 11.4876 10.4687 7.95844 6.79004 4.64673 2.67716 2.5929 3.07546 2.50878 2.33164 3.4227 2.21352 2.10298 3.39556 3.58856 3.27393 3.45683 3.03916 3.01288 3.2273 2.97848 3.39159 3.28973
threshold=0.96670068314595881 1.1480176067867423 13.143125000000003 1.1714236925654091 5.4925000000000006 0.3834818552856466 0.9636624865290373 14.942500000000003 8.7975000000000012 14.312500000000002 -0.14780378300014829 14.622500000000002 1.5779357558716833 0.47264327502167042 2.0575000000000006 5.6750000000000016 3.04497191011236 71.250000000000014 9.5775000000000023 1.2198112897438642 6.6250000000000009 1.1777556339637438 1.4108057685704927 2.2625000000000006 15.750000000000002 6.2125000000000012 13.587500000000002 3.3175000000000008 24.250000000000004 3.0164583333333339
decision_type=2 2 2 2 2 2 2 8 10 10 2 10 2 2 10 2 2 2 2 2 2 2 2 2 2 8 2 2 2 2
left_child=6 18 4 11 -3 15 13 9 -7 -5 -8 -4 -12 14 -1 -6 19 -18 -2 20 21 27 -22 -24 -21 -25 -27 28 -15 -30
right_child=1 2 3 7 5 8 10 -9 -10 -11 12 -13 -14 16 -16 -17 17 -19 -20 24 22 -23 23 25 -26 26 -28 -29 29 -31
leaf_value=-0.001524414501365496 5.5696742401732614e-06 1.8040075380286302e-07 1.9998115190822395e-07 1.9998284663924615e-07 2.0508720885881182e-07 1.9840214538269229e-07 2.8864243306170323e-07 1.9999225495337391e-07 2.0121545719262401e-07 2.0015347735396984e-07 -6.9349766773005213e-08 1.9997123120170525e-07 2.0097610844205247e-07 -0.0012573658782928266 -0.00016214269227567374 1.9994319544691663e-07 -0.0015852229482319433 0.001492107649693594 -3.1802123746618525e-07 -0.00028096415314113441 -2.6475831407113057e-05 0.00079522481565147071 0.0028810304274756301 -2.2218785491614491e-05 -1.2555656707842238e-05 0.0001827953942604854 -1.3019115687539586e-05 -0.00052407142354327866 -7.5520733362018921e-05 0.00079646060572900507
leaf_weight=928 580 310 328 266 420 373 247 625 289 471 212 262 320 1241 3191 202 1116 399 591 1120 3511 4459 225 2031 40906 3150 355 5388 22450 3298
leaf_count=928 580 310 328 266 420 373 247 625 289 471 212 262 320 1241 3191 202 1116 399 591 1120 3511 4459 225 2031 40906 3150 355 5388 22450 3298
internal_value=0.000436571 0.0109676 0.0145598 0.0179479 0.0103677 0.012256 -8.93801e-05 0.0204053 0.0084018 0.0175593 0.00383036 0.0121513 0.00188827 -0.000122147 -0.000857663 0.0162584 -8.83069e-05 -0.00125329 7.39789e-05 -6.82112e-05 7.16927e-05 -5.7491e-05 0.000584671 0.00102445 -0.000221694 0.000873849 0.00140598 -0.000167409 -3.87871e-05 3.51797e-05
internal_weight=99264 4717 3546 1952 1594 1284 94547 1362 662 737 779 590 532 93768 4119 622 89649 1515 1171 88134 46108 36836 9272 5761 42026 5536 3505 32377 26989 25748
internal_count=99264 4717 3546 1952 1594 1284 94547 1362 662 737 779 590 532 93768 4119 622 89649 1515 1171 88134 46108 36836 9272 5761 42026 5536 3505 32377 26989 25748
is_linear=0
shrinkage=0.03


Tree=261
num_leaves=31
num_cat=0
split_feature=23 2 23 2 34 25 14 3 16 23 16 25 1 29 34 34 8 10 35 16 34 5 10 12 25 16 12 32 19 27
split_gain=598.77 209.772 59.3557 29.1769 23.1054 17.7125 16.6231 16.2299 11.6702 11.521 10.639 9.72909 5.89859 11.1536 4.90942 2.90586 5.66918 5.54656 5.8059 6.514 6.29726 6.11615 5.9354 5.8589 8.27228 5.24283 4.61326 4.15895 6.99298 6.01147
threshold=0.96670068314595881 1.1480176067867423 0.9808168523507349 1.1714236925654091 952.02500000000009 5.4825000000000008 0.72500000000000386 10.439077069198984 15.287500000000001 0.9636624865290373 12.892500000000002 6.5325000000000015 12.675000000000002 5.9625000000000012 960.22500000000014 953.52500000000009 16.500000000000004 6.5000000000000009 62.750000000000007 5.1875000000000009 943.52500000000009 0.91328219524078758 8.5000000000000018 6.392500000000001 3.0125000000000006 12.307500000000003 2.6025000000000005 -0.5948001377222607 5.6475000000000009 3.1893750000000005
decision_type=2 2 2 2 2 8 2 2 8 2 10 8 2 2 2 2 2 2 2 10 2 2 2 10 10 10 10 2 10 2
left_child=9 -2 4 11 -3 -6 7 -7 14 15 -9 -4 13 -11 -5 17 26 -1 21 23 -21 27 -23 24 -20 -18 -17 28 -19 -30
right_child=1 2 3 8 5 6 -8 10 -10 12 -12 -13 -14 -15 -16 16 25 18 19 20 -22 22 -24 -25 -26 -27 -28 -29 29 -31
leaf_value=0.00013065465788878461 -1.5079441229026713e-09 1.3028301711208947e-07 1.9392856957178278e-07 1.9398738785647573e-07 1.7396585039186618e-07 2.0101206943623495e-07 1.9414868746348013e-07 1.9386108949137614e-07 1.9399248777363098e-07 2.0302007807217421e-07 1.951814275563347e-07 1.9398284679894572e-07 -5.2662931352663341e-07 2.0165656222874836e-07 1.9397034663137801e-07 -0.00091731883465640625 1.6581498837788255e-05 -0.0016065441567538555 0.0018730263700377436 0.0043141251965717097 -0.00022403913328186315 -2.3290335804558675e-05 0.00028022398028355714 -0.0018975659849506854 0.0066139339108237157 4.7003146193523857e-05 -2.343083503358989e-05 -1.9537953343243059e-05 0.0041623758645871548 4.7253864467588865e-05
leaf_weight=18358 1201 300 257 483 238 359 241 267 483 273 327 260 210 281 327 7178 13656 10027 1589 200 2762 248 312 284 409 330 26957 9988 207 1275
leaf_count=18358 1201 300 257 483 238 359 241 267 483 273 327 260 210 281 327 7178 13656 10027 1589 200 2762 248 312 284 409 330 26957 9988 207 1275
internal_value=0.000438494 0.0108342 0.0145035 0.018314 0.0104801 0.0120626 0.0135513 0.0153351 0.0207481 -8.35764e-05 0.0184107 0.0120862 0.00357347 0.00518426 0.0182577 -0.000113558 -0.000276213 5.78786e-05 -0.000213251 0.000683558 -0.000244692 -0.000426571 0.00265487 0.00188631 0.00245931 0.000232434 -0.000484623 -0.000507442 -0.00089604 0.00102488
internal_weight=99287 4743 3542 1810 1732 1432 1194 953 1293 94544 594 517 764 554 810 93780 48121 45659 27301 5244 2962 22057 560 2282 1998 13986 34135 21497 11509 1482
internal_count=99287 4743 3542 1810 1732 1432 1194 953 1293 94544 594 517 764 554 810 93780 48121 45659 27301 5244 2962 22057 560 2282 1998 13986 34135 21497 11509 1482
is_linear=0
shrinkage=0.03


Tree=262
num_leaves=31
num_cat=0
split_feature=23 2 22 2 29 23 32 16 1 27 25 4 21 8 1 34 24 9 25 33 24 32 19 34 8 16 31 32 16 27
split_gain=590.761 198.613 42.763 30.5794 23.7856 23.0288 16.5911 11.8513 9.07946 12.3364 8.9039 8.2989 7.25232 4.05825 3.35079 2.78345 2.75962 2.53571 5.97087 10.1189 4.08093 3.63012 4.89449 3.47301 3.45343 2.6159 2.76763 3.71781 4.54213 3.19751
threshold=0.96853676129614419 1.1480176067867423 13.050625000000002 1.1714236925654091 5.4925000000000006 0.9636624865290373 -0.94828754594723508 15.287500000000001 14.175000000000002 5.6585416666666681 6.5325000000000015 0.91501037992003975 2.7688458781711129 9.5000000000000018 6.3750000000000009 948.32500000000016 10.425000000000002 1.0000000180025095e-35 0.46250000000000008 -0.30069434954884217 6.4250000000000016 0.99535829673000953 8.177500000000002 941.07500000000016 15.500000000000002 0.82250000000000012 2.1499385749385755 -0.73724926354828224 10.337500000000002 3.8364583333333337
decision_type=2 2 2 2 2 2 2 8 2 2 8 2 2 2 2 2 10 2 10 2 8 2 8 2 2 10 2 2 10 2
left_child=5 15 4 10 -3 16 14 12 9 -7 -4 -8 -5 -11 -6 -2 17 18 19 -1 -21 23 -23 -20 -24 -25 27 28 -27 -29
right_child=1 2 3 7 6 8 11 -9 -10 13 -12 -13 -14 -15 -16 -17 -18 -19 21 20 -22 22 24 25 -26 26 -28 29 -30 -31
leaf_value=0.0066074436085584868 1.9923200704597963e-05 1.3660965555772897e-07 1.8808417143412193e-07 1.8816282528735044e-07 1.8816112851816057e-07 1.0167989404415223e-07 1.8845496387753789e-07 1.881727131680666e-07 -5.1813293560298846e-07 1.7462997126422785e-07 1.8816290960830709e-07 1.9682519001640308e-07 1.8816696051817914e-07 1.9881882911021441e-07 1.8920244969744536e-07 -4.3128066225964022e-07 5.2944079757313926e-05 -6.0946261925277322e-06 0.0022365248790881596 -0.001097914312073085 0.002513557679389418 0.0026065585028697178 -8.7637228698073623e-05 -0.0021706607477904572 0.0024991349896179922 -0.0018017883724140409 -0.0018098877563833958 -0.00057871412263157626 0.00024525818385096488 7.6697847904054763e-05
leaf_weight=401 336 217 272 664 230 307 220 490 275 220 315 362 233 340 210 713 247 79746 275 963 200 206 588 687 271 3820 1826 2874 372 1299
leaf_count=401 336 217 272 664 230 307 220 490 275 220 315 362 233 340 210 713 247 79746 275 963 200 206 588 687 271 3820 1826 2874 372 1299
internal_value=0.00041925 0.0113391 0.0150345 0.0177908 0.0105892 -7.1649e-05 0.0124966 0.0202435 0.00415344 0.00565252 0.0118733 0.015833 0.0179368 0.00828319 0.00795506 2.84559e-06 -0.000123321 -0.000131762 -0.000507435 0.00123518 -0.000187501 -0.000730918 0.000939252 -0.000890752 -6.59729e-05 -0.000975283 -0.000853571 -0.000621865 -0.00125232 1.22061e-05
internal_weight=99179 4262 3213 1974 1239 94917 1022 1387 1142 867 587 582 897 560 440 1049 93775 93528 13782 1564 1163 12218 1065 11153 859 10878 10191 8365 4192 4173
internal_count=99179 4262 3213 1974 1239 94917 1022 1387 1142 867 587 582 897 560 440 1049 93775 93528 13782 1564 1163 12218 1065 11153 859 10878 10191 8365 4192 4173
is_linear=0
shrinkage=0.03


Tree=263
num_leaves=31
num_cat=0
split_feature=23 2 23 1 23 29 14 16 1 27 21 32 3 10 26 34 10 35 16 34 22 34 10 31 3 9 28 5 7 27
split_gain=573.845 208.546 47.158 25.4803 22.4616 21.6765 19.8215 14.406 8.97634 10.8969 7.22216 7.06626 8.52951 5.84902 3.57644 3.5705 3.92337 6.36066 6.99599 5.15845 4.91572 4.39605 7.56781 7.2984 6.90484 5.25607 5.37902 3.99867 5.76807 6.32019
threshold=0.96853676129614419 1.1480176067867423 0.9808168523507349 8.8250000000000028 0.9636624865290373 5.4925000000000006 0.63388353294065891 14.942500000000003 14.175000000000002 5.6585416666666681 2.7219189002563868 -0.94260559819261247 10.439077069198984 8.5000000000000018 4.847500000000001 953.22500000000014 6.5000000000000009 63.250000000000007 5.2775000000000007 943.87500000000011 9.0435000000000034 946.17500000000018 8.5000000000000018 1.8219146998781011 3.0967470811856481 5.5000000000000009 1.7880876060250255 0.21487968964902812 20.500000000000004 2.0220833333333341
decision_type=2 2 2 2 2 2 2 8 2 2 2 2 2 2 2 2 2 2 10 2 2 2 2 2 2 2 2 2 2 2
left_child=4 -2 5 7 15 -3 11 10 9 -6 -4 -7 -13 -5 -11 16 -1 20 27 -20 21 22 24 -24 25 26 -18 28 -19 -30
right_child=1 2 3 13 8 6 -8 -9 -10 14 -12 12 -14 -15 -16 -17 17 18 19 -21 -22 -23 23 -25 -26 -27 -28 -29 29 -31
leaf_value=0.00014911322847757758 -2.117559861346157e-07 1.3334315807768321e-07 1.8252152469422356e-07 1.8250394863025366e-07 1.0759098935798638e-07 1.8354873193567137e-07 1.8262067642771383e-07 1.825275317564042e-07 -4.2507401315585521e-07 1.903680067461739e-07 1.8435181109838898e-07 1.8359204961293508e-07 1.8303498720340094e-07 1.8251734466123714e-07 1.8101688748606292e-07 -2.5483837080590041e-05 0.00112175210156358 0.0013464908924016386 0.004250961515936129 -0.00016422238979234321 3.62120874848304e-05 -0.0011797253249327022 0.0014748505967019504 0.0062626055333998782 -0.0011643972903838421 -0.0030579093478145174 0.0055164054201944741 -0.00091009158551379915 0.0020276012152580119 0.0064137582754124284
leaf_weight=17409 1071 235 497 273 301 271 374 587 288 284 201 205 339 236 283 49634 2147 791 206 2465 2157 9967 474 309 6327 309 201 407 491 474
leaf_count=17409 1071 235 497 273 301 271 374 587 288 284 201 205 339 236 283 49634 2147 791 206 2465 2157 9967 474 309 6327 309 201 407 491 474
internal_value=0.00043108 0.0111581 0.0149693 0.0182201 -5.41675e-05 0.0108244 0.0124648 0.0205 0.00409302 0.00560825 0.0172916 0.0150915 0.0171366 0.012321 0.00804021 -0.000105511 9.08033e-05 -0.000137487 0.000846868 -0.000180494 -0.000354997 -0.000503674 -5.12696e-05 0.00276777 -0.000298365 0.000983846 0.00146876 0.00211301 0.00273254 0.0042835
internal_weight=99213 4289 3218 1794 94924 1424 1189 1285 1156 868 698 815 544 509 567 93768 44134 26725 4834 2671 21891 19734 9767 783 8984 2657 2348 2163 1756 965
internal_count=99213 4289 3218 1794 94924 1424 1189 1285 1156 868 698 815 544 509 567 93768 44134 26725 4834 2671 21891 19734 9767 783 8984 2657 2348 2163 1756 965
is_linear=0
shrinkage=0.03


Tree=264
num_leaves=31
num_cat=0
split_feature=23 2 23 2 23 14 3 32 1 27 25 10 8 31 18 24 31 25 25 12 33 35 3 1 35 21 9 33 14 28
split_gain=584.868 200.627 39.8919 26.3139 24.9932 15.6075 16.5161 14.9559 10.6235 14.0434 7.57488 7.26556 5.22188 4.85397 4.02926 3.00578 4.23569 5.54169 6.0649 3.63384 4.56268 2.84676 5.42328 4.27104 2.76265 3.12267 4.57888 3.32372 2.50624 4.98196
threshold=0.96853676129614419 1.1480176067867423 0.9808168523507349 1.1714236925654091 0.9636624865290373 0.68537094579018787 10.439077069198984 -0.94260559819261247 14.175000000000002 5.6585416666666681 6.5325000000000015 11.500000000000002 9.5000000000000018 1.4392130694106136 15.002500000000001 1.9750000000000003 1.1610343578959099 3.4375000000000009 4.3175000000000017 2.7125000000000004 -0.86159635224327535 30.750000000000004 2.7979294677408952 22.625000000000004 62.250000000000007 1.8106760937305144 4.5000000000000009 -0.026175951569892126 2.0666629688137514 1.3676424360231121
decision_type=2 2 2 2 2 2 2 2 2 2 8 2 2 2 10 8 2 10 10 10 2 2 2 2 2 2 2 2 2 2
left_child=4 -2 5 10 15 6 -3 -8 9 -6 -4 13 -11 -5 -15 16 17 21 -19 -18 -21 -1 23 -23 -22 26 27 -26 -17 -30
right_child=1 2 3 11 8 -7 7 -9 -10 12 -12 -13 -14 14 -16 28 19 18 -20 20 24 22 -24 -25 25 -27 -28 -29 29 -31
leaf_value=-0.0019752009132060241 -1.4563795571520544e-07 1.7675312709797273e-07 1.7696612594986227e-07 1.7705211137530873e-07 9.2006645122655328e-08 1.7714205435868684e-07 1.7703850546389912e-07 1.7754393758839803e-07 -4.2411144539957086e-07 1.6334860329722138e-07 1.770418243207672e-07 1.7705170532344994e-07 1.8284685764631616e-07 1.7705173910309568e-07 1.7705181154914344e-07 -4.356944245813565e-06 -0.0011972858811486785 0.0024231627232922976 -0.0013531801692783106 0.0048509443769537341 -0.0016458544581885576 -0.0004493192402380327 0.0064610999187457805 0.0077466274213475591 -0.0014506782386454328 -0.0011445527726256955 0.0039391298384937566 0.0024355675712515981 0.0021398805109138384 -9.014958054534218e-05
leaf_weight=531 1052 386 254 347 296 371 279 376 292 224 265 461 353 215 277 79848 3655 213 205 209 2453 1355 259 212 497 1121 270 379 1250 1332
leaf_count=531 1052 386 254 347 296 371 279 376 292 224 265 461 353 215 277 79848 3655 213 205 209 2453 1355 259 212 497 1121 270 379 1250 1332
internal_value=0.000452318 0.0112899 0.0149898 0.0179457 -3.70904e-05 0.011132 0.0130182 0.0159318 0.00432051 0.00596925 0.0120286 0.0202529 0.00867526 0.0182737 0.0159235 -9.14458e-05 -0.000548839 0.000469424 0.0036312 -0.000878101 -0.000345967 -9.77992e-05 0.000465319 -0.000204199 -0.000539683 0.000215228 0.00131364 0.000251986 -2.83867e-05 0.000890606
internal_weight=99237 4283 3231 1819 94954 1412 1041 655 1165 873 519 1300 577 839 492 93789 11359 2775 418 8584 4929 2357 1826 1567 4720 2267 1146 876 82430 2582
internal_count=99237 4283 3231 1819 94954 1412 1041 655 1165 873 519 1300 577 839 492 93789 11359 2775 418 8584 4929 2357 1826 1567 4720 2267 1146 876 82430 2582
is_linear=0
shrinkage=0.03


end of trees

feature_importances:
level1_ens=550
wdir_sin=523
temp_fc=520
air_density=472
pres=461
ens_mean3=410
wind_ecmwf=379
shear=348
wind10_cma=321
month=310
wind10_ukmo=305
rh=299
hour=291
wind_aifs=275
wind10_jma=231
ens10_mean=179
wind_gfs=177
ens_std=173
ens_mean=162
day_of_week=157
wind10=157
wdir_cos=156
wind_fc_next=148
wind_fc_std3=132
wind_fc=109
ens10_std=109
gust=107
wind_icon=100
wind_fc_prev=85
wind_corrected=78
wind_fc_ramp=76
level1_mean3=34
level1=33
run_day=29
lead_hours=27
wind_fc_mean3=27

parameters:
[boosting: gbdt]
[objective: quantile]
[metric: quantile]
[tree_learner: serial]
[device_type: cpu]
[data_sample_strategy: bagging]
[data: ]
[valid: ]
[num_iterations: 265]
[learning_rate: 0.03]
[num_leaves: 31]
[num_threads: 0]
[seed: 42]
[deterministic: 0]
[force_col_wise: 0]
[force_row_wise: 0]
[histogram_pool_size: -1]
[max_depth: -1]
[min_data_in_leaf: 200]
[min_sum_hessian_in_leaf: 0.001]
[bagging_fraction: 0.8]
[pos_bagging_fraction: 1]
[neg_bagging_fraction: 1]
[bagging_freq: 1]
[bagging_seed: 400]
[bagging_by_query: 0]
[feature_fraction: 0.8]
[feature_fraction_bynode: 1]
[feature_fraction_seed: 30056]
[extra_trees: 0]
[extra_seed: 12879]
[early_stopping_round: 0]
[early_stopping_min_delta: 0]
[first_metric_only: 0]
[max_delta_step: 0]
[lambda_l1: 0]
[lambda_l2: 5]
[linear_lambda: 0]
[min_gain_to_split: 0]
[drop_rate: 0.1]
[max_drop: 50]
[skip_drop: 0.5]
[xgboost_dart_mode: 0]
[uniform_drop: 0]
[drop_seed: 17869]
[top_rate: 0.2]
[other_rate: 0.1]
[min_data_per_group: 100]
[max_cat_threshold: 32]
[cat_l2: 10]
[cat_smooth: 10]
[max_cat_to_onehot: 4]
[top_k: 20]
[monotone_constraints: ]
[monotone_constraints_method: basic]
[monotone_penalty: 0]
[feature_contri: ]
[forcedsplits_filename: ]
[refit_decay_rate: 0.9]
[cegb_tradeoff: 1]
[cegb_penalty_split: 0]
[cegb_penalty_feature_lazy: ]
[cegb_penalty_feature_coupled: ]
[path_smooth: 0]
[interaction_constraints: ]
[verbosity: -1]
[saved_feature_importance_type: 0]
[use_quantized_grad: 0]
[num_grad_quant_bins: 4]
[quant_train_renew_leaf: 0]
[stochastic_rounding: 1]
[linear_tree: 0]
[max_bin: 255]
[max_bin_by_feature: ]
[min_data_in_bin: 3]
[bin_construct_sample_cnt: 200000]
[data_random_seed: 175]
[is_enable_sparse: 1]
[enable_bundle: 1]
[use_missing: 1]
[zero_as_missing: 0]
[feature_pre_filter: 1]
[pre_partition: 0]
[two_round: 0]
[header: 0]
[label_column: ]
[weight_column: ]
[group_column: ]
[ignore_column: ]
[categorical_feature: ]
[forcedbins_filename: ]
[precise_float_parser: 0]
[parser_config_file: ]
[objective_seed: 16083]
[num_class: 1]
[is_unbalance: 0]
[scale_pos_weight: 1]
[sigmoid: 1]
[boost_from_average: 1]
[reg_sqrt: 0]
[alpha: 0.9]
[fair_c: 1]
[poisson_max_delta_step: 0.7]
[tweedie_variance_power: 1.5]
[lambdarank_truncation_level: 30]
[lambdarank_norm: 1]
[label_gain: ]
[lambdarank_position_bias_regularization: 0]
[eval_at: ]
[multi_error_top_k: 1]
[auc_mu_weights: ]
[num_machines: 1]
[local_listen_port: 12400]
[time_out: 120]
[machine_list_filename: ]
[machines: ]
[gpu_platform_id: -1]
[gpu_device_id: -1]
[gpu_device_id_list: ]
[gpu_use_dp: 0]
[num_gpu: 1]

end of parameters

pandas_categorical:[]
