time_utc,month,issue_time,lead_hours,actual,prediction
2025-10-31 18:00:00,2025-11,2025-10-31 17:00:00,1,0.096667,0.057912
2025-10-31 19:00:00,2025-11,2025-10-31 17:00:00,2,0.126667,0.174111
2025-10-31 20:00:00,2025-11,2025-10-31 17:00:00,3,0.531667,0.330990
2025-10-31 21:00:00,2025-11,2025-10-31 17:00:00,4,0.658333,0.632949
2025-10-31 22:00:00,2025-11,2025-10-31 17:00:00,5,0.980000,0.962641
2025-10-31 23:00:00,2025-11,2025-10-31 17:00:00,6,0.990000,0.981176
2025-11-01 00:00:00,2025-11,2025-10-31 17:00:00,7,0.990000,0.974991
2025-11-01 01:00:00,2025-11,2025-10-31 17:00:00,8,0.990000,0.968397
2025-11-01 02:00:00,2025-11,2025-10-31 17:00:00,9,0.986667,0.965316
2025-11-01 03:00:00,2025-11,2025-10-31 17:00:00,10,0.953333,0.966815
2025-11-01 04:00:00,2025-11,2025-10-31 17:00:00,11,0.990000,0.963562
2025-11-01 05:00:00,2025-11,2025-10-31 17:00:00,12,0.990000,0.953534
2025-11-01 06:00:00,2025-11,2025-10-31 17:00:00,13,0.990000,0.921806
2025-11-01 07:00:00,2025-11,2025-10-31 17:00:00,14,0.990000,0.883728
2025-11-01 08:00:00,2025-11,2025-10-31 17:00:00,15,0.988333,0.869496
2025-11-01 09:00:00,2025-11,2025-10-31 17:00:00,16,0.990000,0.830974
2025-11-01 10:00:00,2025-11,2025-10-31 17:00:00,17,0.965000,0.679810
2025-11-01 11:00:00,2025-11,2025-10-31 17:00:00,18,0.861667,0.563780
2025-11-01 12:00:00,2025-11,2025-10-31 17:00:00,19,0.608333,0.408041
2025-11-01 13:00:00,2025-11,2025-10-31 17:00:00,20,0.293333,0.311921
2025-11-01 14:00:00,2025-11,2025-10-31 17:00:00,21,0.221667,0.235947
2025-11-01 15:00:00,2025-11,2025-10-31 17:00:00,22,0.228333,0.131228
2025-11-01 16:00:00,2025-11,2025-10-31 17:00:00,23,0.146667,0.052337
2025-11-01 17:00:00,2025-11,2025-10-31 17:00:00,24,0.035000,0.019622
2025-11-01 18:00:00,2025-11,2025-10-31 17:00:00,25,0.021667,0.016257
2025-11-01 19:00:00,2025-11,2025-10-31 17:00:00,26,0.151667,0.039767
2025-11-01 20:00:00,2025-11,2025-10-31 17:00:00,27,0.566667,0.100351
2025-11-01 21:00:00,2025-11,2025-10-31 17:00:00,28,0.393333,0.189120
2025-11-01 22:00:00,2025-11,2025-10-31 17:00:00,29,0.946667,0.480571
2025-11-01 23:00:00,2025-11,2025-10-31 17:00:00,30,0.770000,0.791274
2025-11-02 00:00:00,2025-11,2025-10-31 17:00:00,31,0.991667,0.898917
2025-11-02 01:00:00,2025-11,2025-10-31 17:00:00,32,0.988333,0.892324
2025-11-02 02:00:00,2025-11,2025-10-31 17:00:00,33,0.976667,0.866718
2025-11-02 03:00:00,2025-11,2025-10-31 17:00:00,34,0.836667,0.894649
2025-11-02 04:00:00,2025-11,2025-10-31 17:00:00,35,0.915000,0.908559
2025-11-02 05:00:00,2025-11,2025-10-31 17:00:00,36,0.963333,0.931856
2025-11-02 06:00:00,2025-11,2025-10-31 17:00:00,37,0.965000,0.883121
2025-11-02 07:00:00,2025-11,2025-10-31 17:00:00,38,0.963333,0.818588
2025-11-02 08:00:00,2025-11,2025-10-31 17:00:00,39,0.886667,0.724489
2025-11-02 09:00:00,2025-11,2025-10-31 17:00:00,40,0.723333,0.592802
2025-11-02 10:00:00,2025-11,2025-10-31 17:00:00,41,0.420000,0.455717
2025-11-02 11:00:00,2025-11,2025-10-31 17:00:00,42,0.170000,0.393644
2025-11-02 12:00:00,2025-11,2025-10-31 17:00:00,43,0.155000,0.290919
2025-11-02 13:00:00,2025-11,2025-10-31 17:00:00,44,0.495000,0.263997
2025-11-02 14:00:00,2025-11,2025-10-31 17:00:00,45,0.298333,0.291585
2025-11-02 15:00:00,2025-11,2025-10-31 17:00:00,46,0.263333,0.315515
2025-11-02 16:00:00,2025-11,2025-10-31 17:00:00,47,0.063333,0.342965
2025-11-02 17:00:00,2025-11,2025-10-31 17:00:00,48,0.061667,0.326315
2025-11-01 18:00:00,2025-11,2025-11-01 17:00:00,1,0.021667,0.041019
2025-11-01 19:00:00,2025-11,2025-11-01 17:00:00,2,0.151667,0.109785
2025-11-01 20:00:00,2025-11,2025-11-01 17:00:00,3,0.566667,0.218833
2025-11-01 21:00:00,2025-11,2025-11-01 17:00:00,4,0.393333,0.609015
2025-11-01 22:00:00,2025-11,2025-11-01 17:00:00,5,0.946667,0.771442
2025-11-01 23:00:00,2025-11,2025-11-01 17:00:00,6,0.770000,0.852002
2025-11-02 00:00:00,2025-11,2025-11-01 17:00:00,7,0.991667,0.896875
2025-11-02 01:00:00,2025-11,2025-11-01 17:00:00,8,0.988333,0.865393
2025-11-02 02:00:00,2025-11,2025-11-01 17:00:00,9,0.976667,0.840783
2025-11-02 03:00:00,2025-11,2025-11-01 17:00:00,10,0.836667,0.875231
2025-11-02 04:00:00,2025-11,2025-11-01 17:00:00,11,0.915000,0.903165
2025-11-02 05:00:00,2025-11,2025-11-01 17:00:00,12,0.963333,0.919794
2025-11-02 06:00:00,2025-11,2025-11-01 17:00:00,13,0.965000,0.867641
2025-11-02 07:00:00,2025-11,2025-11-01 17:00:00,14,0.963333,0.780762
2025-11-02 08:00:00,2025-11,2025-11-01 17:00:00,15,0.886667,0.714101
2025-11-02 09:00:00,2025-11,2025-11-01 17:00:00,16,0.723333,0.586024
2025-11-02 10:00:00,2025-11,2025-11-01 17:00:00,17,0.420000,0.515874
2025-11-02 11:00:00,2025-11,2025-11-01 17:00:00,18,0.170000,0.367879
2025-11-02 12:00:00,2025-11,2025-11-01 17:00:00,19,0.155000,0.253160
2025-11-02 13:00:00,2025-11,2025-11-01 17:00:00,20,0.495000,0.196304
2025-11-02 14:00:00,2025-11,2025-11-01 17:00:00,21,0.298333,0.176685
2025-11-02 15:00:00,2025-11,2025-11-01 17:00:00,22,0.263333,0.214176
2025-11-02 16:00:00,2025-11,2025-11-01 17:00:00,23,0.063333,0.251630
2025-11-02 17:00:00,2025-11,2025-11-01 17:00:00,24,0.061667,0.258010
2025-11-02 18:00:00,2025-11,2025-11-01 17:00:00,25,0.041667,0.179487
2025-11-02 19:00:00,2025-11,2025-11-01 17:00:00,26,0.043333,0.152391
2025-11-02 20:00:00,2025-11,2025-11-01 17:00:00,27,0.016667,0.132487
2025-11-02 21:00:00,2025-11,2025-11-01 17:00:00,28,0.075000,0.089112
2025-11-02 22:00:00,2025-11,2025-11-01 17:00:00,29,0.031667,0.052490
2025-11-02 23:00:00,2025-11,2025-11-01 17:00:00,30,0.016667,0.036577
2025-11-03 00:00:00,2025-11,2025-11-01 17:00:00,31,0.010000,0.030164
2025-11-03 01:00:00,2025-11,2025-11-01 17:00:00,32,0.021667,0.031314
2025-11-03 02:00:00,2025-11,2025-11-01 17:00:00,33,0.088333,0.025379
2025-11-03 03:00:00,2025-11,2025-11-01 17:00:00,34,0.043333,0.017403
2025-11-03 04:00:00,2025-11,2025-11-01 17:00:00,35,0.045000,0.015139
2025-11-03 05:00:00,2025-11,2025-11-01 17:00:00,36,0.120000,0.033165
2025-11-03 06:00:00,2025-11,2025-11-01 17:00:00,37,0.138333,0.050559
2025-11-03 07:00:00,2025-11,2025-11-01 17:00:00,38,0.220000,0.104677
2025-11-03 08:00:00,2025-11,2025-11-01 17:00:00,39,0.445000,0.155532
2025-11-03 09:00:00,2025-11,2025-11-01 17:00:00,40,0.398333,0.178261
2025-11-03 10:00:00,2025-11,2025-11-01 17:00:00,41,0.230000,0.261020
2025-11-03 11:00:00,2025-11,2025-11-01 17:00:00,42,0.305000,0.285840
2025-11-03 12:00:00,2025-11,2025-11-01 17:00:00,43,0.605000,0.289102
2025-11-03 13:00:00,2025-11,2025-11-01 17:00:00,44,0.776667,0.273878
2025-11-03 14:00:00,2025-11,2025-11-01 17:00:00,45,0.506667,0.179589
2025-11-03 15:00:00,2025-11,2025-11-01 17:00:00,46,0.306667,0.112237
2025-11-03 16:00:00,2025-11,2025-11-01 17:00:00,47,0.053333,0.096279
2025-11-03 17:00:00,2025-11,2025-11-01 17:00:00,48,0.018333,0.094078
2025-11-02 18:00:00,2025-11,2025-11-02 17:00:00,1,0.041667,0.236470
2025-11-02 19:00:00,2025-11,2025-11-02 17:00:00,2,0.043333,0.161805
2025-11-02 20:00:00,2025-11,2025-11-02 17:00:00,3,0.016667,0.126891
2025-11-02 21:00:00,2025-11,2025-11-02 17:00:00,4,0.075000,0.085512
2025-11-02 22:00:00,2025-11,2025-11-02 17:00:00,5,0.031667,0.045537
2025-11-02 23:00:00,2025-11,2025-11-02 17:00:00,6,0.016667,0.023501
2025-11-03 00:00:00,2025-11,2025-11-02 17:00:00,7,0.010000,0.034087
2025-11-03 01:00:00,2025-11,2025-11-02 17:00:00,8,0.021667,0.030970
2025-11-03 02:00:00,2025-11,2025-11-02 17:00:00,9,0.088333,0.026576
2025-11-03 03:00:00,2025-11,2025-11-02 17:00:00,10,0.043333,0.020212
2025-11-03 04:00:00,2025-11,2025-11-02 17:00:00,11,0.045000,0.016711
2025-11-03 05:00:00,2025-11,2025-11-02 17:00:00,12,0.120000,0.037468
2025-11-03 06:00:00,2025-11,2025-11-02 17:00:00,13,0.138333,0.051808
2025-11-03 07:00:00,2025-11,2025-11-02 17:00:00,14,0.220000,0.103684
2025-11-03 08:00:00,2025-11,2025-11-02 17:00:00,15,0.445000,0.167908
2025-11-03 09:00:00,2025-11,2025-11-02 17:00:00,16,0.398333,0.219327
2025-11-03 10:00:00,2025-11,2025-11-02 17:00:00,17,0.230000,0.229607
2025-11-03 11:00:00,2025-11,2025-11-02 17:00:00,18,0.305000,0.288855
2025-11-03 12:00:00,2025-11,2025-11-02 17:00:00,19,0.605000,0.259160
2025-11-03 13:00:00,2025-11,2025-11-02 17:00:00,20,0.776667,0.226719
2025-11-03 14:00:00,2025-11,2025-11-02 17:00:00,21,0.506667,0.227861
2025-11-03 15:00:00,2025-11,2025-11-02 17:00:00,22,0.306667,0.173326
2025-11-03 16:00:00,2025-11,2025-11-02 17:00:00,23,0.053333,0.135321
2025-11-03 17:00:00,2025-11,2025-11-02 17:00:00,24,0.018333,0.100642
2025-11-03 18:00:00,2025-11,2025-11-02 17:00:00,25,0.020000,0.045405
2025-11-03 19:00:00,2025-11,2025-11-02 17:00:00,26,0.013333,0.098694
2025-11-03 20:00:00,2025-11,2025-11-02 17:00:00,27,0.038333,0.167908
2025-11-03 21:00:00,2025-11,2025-11-02 17:00:00,28,0.190000,0.344483
2025-11-03 22:00:00,2025-11,2025-11-02 17:00:00,29,0.683333,0.515102
2025-11-03 23:00:00,2025-11,2025-11-02 17:00:00,30,0.971667,0.773496
2025-11-04 00:00:00,2025-11,2025-11-02 17:00:00,31,0.990000,0.897879
2025-11-04 01:00:00,2025-11,2025-11-02 17:00:00,32,0.990000,0.948899
2025-11-04 02:00:00,2025-11,2025-11-02 17:00:00,33,0.990000,0.968245
2025-11-04 03:00:00,2025-11,2025-11-02 17:00:00,34,0.990000,0.988350
2025-11-04 04:00:00,2025-11,2025-11-02 17:00:00,35,0.990000,0.987814
2025-11-04 05:00:00,2025-11,2025-11-02 17:00:00,36,0.990000,0.986789
2025-11-04 06:00:00,2025-11,2025-11-02 17:00:00,37,0.990000,0.984922
2025-11-04 07:00:00,2025-11,2025-11-02 17:00:00,38,0.990000,0.985978
2025-11-04 08:00:00,2025-11,2025-11-02 17:00:00,39,0.983333,0.987103
2025-11-04 09:00:00,2025-11,2025-11-02 17:00:00,40,0.990000,0.986184
2025-11-04 10:00:00,2025-11,2025-11-02 17:00:00,41,0.990000,0.980536
2025-11-04 11:00:00,2025-11,2025-11-02 17:00:00,42,0.990000,0.964405
2025-11-04 12:00:00,2025-11,2025-11-02 17:00:00,43,0.971667,0.961980
2025-11-04 13:00:00,2025-11,2025-11-02 17:00:00,44,0.675000,0.949957
2025-11-04 14:00:00,2025-11,2025-11-02 17:00:00,45,0.520000,0.914173
2025-11-04 15:00:00,2025-11,2025-11-02 17:00:00,46,0.541667,0.890483
2025-11-04 16:00:00,2025-11,2025-11-02 17:00:00,47,0.503333,0.872072
2025-11-04 17:00:00,2025-11,2025-11-02 17:00:00,48,0.783333,0.864392
2025-11-03 18:00:00,2025-11,2025-11-03 17:00:00,1,0.020000,0.054412
2025-11-03 19:00:00,2025-11,2025-11-03 17:00:00,2,0.013333,0.117617
2025-11-03 20:00:00,2025-11,2025-11-03 17:00:00,3,0.038333,0.309471
2025-11-03 21:00:00,2025-11,2025-11-03 17:00:00,4,0.190000,0.479373
2025-11-03 22:00:00,2025-11,2025-11-03 17:00:00,5,0.683333,0.697675
2025-11-03 23:00:00,2025-11,2025-11-03 17:00:00,6,0.971667,0.893227
2025-11-04 00:00:00,2025-11,2025-11-03 17:00:00,7,0.990000,0.933405
2025-11-04 01:00:00,2025-11,2025-11-03 17:00:00,8,0.990000,0.973846
2025-11-04 02:00:00,2025-11,2025-11-03 17:00:00,9,0.990000,0.989026
2025-11-04 03:00:00,2025-11,2025-11-03 17:00:00,10,0.990000,0.987250
2025-11-04 04:00:00,2025-11,2025-11-03 17:00:00,11,0.990000,0.982778
2025-11-04 05:00:00,2025-11,2025-11-03 17:00:00,12,0.990000,0.981750
2025-11-04 06:00:00,2025-11,2025-11-03 17:00:00,13,0.990000,0.982333
2025-11-04 07:00:00,2025-11,2025-11-03 17:00:00,14,0.990000,0.981015
2025-11-04 08:00:00,2025-11,2025-11-03 17:00:00,15,0.983333,0.976857
2025-11-04 09:00:00,2025-11,2025-11-03 17:00:00,16,0.990000,0.977883
2025-11-04 10:00:00,2025-11,2025-11-03 17:00:00,17,0.990000,0.974102
2025-11-04 11:00:00,2025-11,2025-11-03 17:00:00,18,0.990000,0.964197
2025-11-04 12:00:00,2025-11,2025-11-03 17:00:00,19,0.971667,0.954502
2025-11-04 13:00:00,2025-11,2025-11-03 17:00:00,20,0.675000,0.958479
2025-11-04 14:00:00,2025-11,2025-11-03 17:00:00,21,0.520000,0.945290
2025-11-04 15:00:00,2025-11,2025-11-03 17:00:00,22,0.541667,0.949459
2025-11-04 16:00:00,2025-11,2025-11-03 17:00:00,23,0.503333,0.960939
2025-11-04 17:00:00,2025-11,2025-11-03 17:00:00,24,0.783333,0.936230
2025-11-04 18:00:00,2025-11,2025-11-03 17:00:00,25,0.966667,0.945656
2025-11-04 19:00:00,2025-11,2025-11-03 17:00:00,26,0.988333,0.953195
2025-11-04 20:00:00,2025-11,2025-11-03 17:00:00,27,0.990000,0.961727
2025-11-04 21:00:00,2025-11,2025-11-03 17:00:00,28,0.778333,0.971319
2025-11-04 22:00:00,2025-11,2025-11-03 17:00:00,29,0.980000,0.991167
2025-11-04 23:00:00,2025-11,2025-11-03 17:00:00,30,0.866667,0.992670
2025-11-05 00:00:00,2025-11,2025-11-03 17:00:00,31,0.655000,0.991504
2025-11-05 01:00:00,2025-11,2025-11-03 17:00:00,32,0.828333,0.989524
2025-11-05 02:00:00,2025-11,2025-11-03 17:00:00,33,0.991667,0.991787
2025-11-05 03:00:00,2025-11,2025-11-03 17:00:00,34,0.990000,0.991021
2025-11-05 04:00:00,2025-11,2025-11-03 17:00:00,35,0.990000,0.987911
2025-11-05 05:00:00,2025-11,2025-11-03 17:00:00,36,0.990000,0.992304
2025-11-05 06:00:00,2025-11,2025-11-03 17:00:00,37,0.990000,0.993099
2025-11-05 07:00:00,2025-11,2025-11-03 17:00:00,38,0.990000,0.993072
2025-11-05 08:00:00,2025-11,2025-11-03 17:00:00,39,0.990000,0.989897
2025-11-05 09:00:00,2025-11,2025-11-03 17:00:00,40,0.990000,0.984777
2025-11-05 10:00:00,2025-11,2025-11-03 17:00:00,41,0.973333,0.977159
2025-11-05 11:00:00,2025-11,2025-11-03 17:00:00,42,0.971667,0.976986
2025-11-05 12:00:00,2025-11,2025-11-03 17:00:00,43,0.876667,0.956450
2025-11-05 13:00:00,2025-11,2025-11-03 17:00:00,44,0.783333,0.957099
2025-11-05 14:00:00,2025-11,2025-11-03 17:00:00,45,0.735000,0.915554
2025-11-05 15:00:00,2025-11,2025-11-03 17:00:00,46,0.465000,0.808755
2025-11-05 16:00:00,2025-11,2025-11-03 17:00:00,47,0.391667,0.662918
2025-11-05 17:00:00,2025-11,2025-11-03 17:00:00,48,0.256667,0.563932
2025-11-04 18:00:00,2025-11,2025-11-04 17:00:00,1,0.966667,0.976218
2025-11-04 19:00:00,2025-11,2025-11-04 17:00:00,2,0.988333,0.978296
2025-11-04 20:00:00,2025-11,2025-11-04 17:00:00,3,0.990000,0.977114
2025-11-04 21:00:00,2025-11,2025-11-04 17:00:00,4,0.778333,0.978140
2025-11-04 22:00:00,2025-11,2025-11-04 17:00:00,5,0.980000,0.976386
2025-11-04 23:00:00,2025-11,2025-11-04 17:00:00,6,0.866667,0.978683
2025-11-05 00:00:00,2025-11,2025-11-04 17:00:00,7,0.655000,0.969153
2025-11-05 01:00:00,2025-11,2025-11-04 17:00:00,8,0.828333,0.967008
2025-11-05 02:00:00,2025-11,2025-11-04 17:00:00,9,0.991667,0.958583
2025-11-05 03:00:00,2025-11,2025-11-04 17:00:00,10,0.990000,0.981195
2025-11-05 04:00:00,2025-11,2025-11-04 17:00:00,11,0.990000,0.986648
2025-11-05 05:00:00,2025-11,2025-11-04 17:00:00,12,0.990000,0.990701
2025-11-05 06:00:00,2025-11,2025-11-04 17:00:00,13,0.990000,0.991782
2025-11-05 07:00:00,2025-11,2025-11-04 17:00:00,14,0.990000,0.990361
2025-11-05 08:00:00,2025-11,2025-11-04 17:00:00,15,0.990000,0.987491
2025-11-05 09:00:00,2025-11,2025-11-04 17:00:00,16,0.990000,0.982161
2025-11-05 10:00:00,2025-11,2025-11-04 17:00:00,17,0.973333,0.973294
2025-11-05 11:00:00,2025-11,2025-11-04 17:00:00,18,0.971667,0.969848
2025-11-05 12:00:00,2025-11,2025-11-04 17:00:00,19,0.876667,0.956410
2025-11-05 13:00:00,2025-11,2025-11-04 17:00:00,20,0.783333,0.951803
2025-11-05 14:00:00,2025-11,2025-11-04 17:00:00,21,0.735000,0.945982
2025-11-05 15:00:00,2025-11,2025-11-04 17:00:00,22,0.465000,0.863706
2025-11-05 16:00:00,2025-11,2025-11-04 17:00:00,23,0.391667,0.790086
2025-11-05 17:00:00,2025-11,2025-11-04 17:00:00,24,0.256667,0.729140
2025-11-05 18:00:00,2025-11,2025-11-04 17:00:00,25,0.290000,0.621115
2025-11-05 19:00:00,2025-11,2025-11-04 17:00:00,26,0.213333,0.419454
2025-11-05 20:00:00,2025-11,2025-11-04 17:00:00,27,0.143333,0.224482
2025-11-05 21:00:00,2025-11,2025-11-04 17:00:00,28,0.156667,0.173122
2025-11-05 22:00:00,2025-11,2025-11-04 17:00:00,29,0.123333,0.100989
2025-11-05 23:00:00,2025-11,2025-11-04 17:00:00,30,0.085000,0.072283
2025-11-06 00:00:00,2025-11,2025-11-04 17:00:00,31,0.041667,0.045628
2025-11-06 01:00:00,2025-11,2025-11-04 17:00:00,32,0.010000,0.044169
2025-11-06 02:00:00,2025-11,2025-11-04 17:00:00,33,0.010000,0.029082
2025-11-06 03:00:00,2025-11,2025-11-04 17:00:00,34,0.016667,0.019119
2025-11-06 04:00:00,2025-11,2025-11-04 17:00:00,35,0.088333,0.033731
2025-11-06 05:00:00,2025-11,2025-11-04 17:00:00,36,0.171667,0.099604
2025-11-06 06:00:00,2025-11,2025-11-04 17:00:00,37,0.470000,0.218795
2025-11-06 07:00:00,2025-11,2025-11-04 17:00:00,38,0.855000,0.308387
2025-11-06 08:00:00,2025-11,2025-11-04 17:00:00,39,0.961667,0.377399
2025-11-06 09:00:00,2025-11,2025-11-04 17:00:00,40,0.906667,0.424464
2025-11-06 10:00:00,2025-11,2025-11-04 17:00:00,41,0.885000,0.505011
2025-11-06 11:00:00,2025-11,2025-11-04 17:00:00,42,0.960000,0.587069
2025-11-06 12:00:00,2025-11,2025-11-04 17:00:00,43,0.985000,0.687728
2025-11-06 13:00:00,2025-11,2025-11-04 17:00:00,44,0.878333,0.557475
2025-11-06 14:00:00,2025-11,2025-11-04 17:00:00,45,0.630000,0.444317
2025-11-06 15:00:00,2025-11,2025-11-04 17:00:00,46,0.448333,0.356924
2025-11-06 16:00:00,2025-11,2025-11-04 17:00:00,47,0.561667,0.336711
2025-11-06 17:00:00,2025-11,2025-11-04 17:00:00,48,0.496667,0.312983
2025-11-05 18:00:00,2025-11,2025-11-05 17:00:00,1,0.290000,0.314032
2025-11-05 19:00:00,2025-11,2025-11-05 17:00:00,2,0.213333,0.223448
2025-11-05 20:00:00,2025-11,2025-11-05 17:00:00,3,0.143333,0.167270
2025-11-05 21:00:00,2025-11,2025-11-05 17:00:00,4,0.156667,0.111162
2025-11-05 22:00:00,2025-11,2025-11-05 17:00:00,5,0.123333,0.072468
2025-11-05 23:00:00,2025-11,2025-11-05 17:00:00,6,0.085000,0.047646
2025-11-06 00:00:00,2025-11,2025-11-05 17:00:00,7,0.041667,0.047667
2025-11-06 01:00:00,2025-11,2025-11-05 17:00:00,8,0.010000,0.034314
2025-11-06 02:00:00,2025-11,2025-11-05 17:00:00,9,0.010000,0.027781
2025-11-06 03:00:00,2025-11,2025-11-05 17:00:00,10,0.016667,0.021939
2025-11-06 04:00:00,2025-11,2025-11-05 17:00:00,11,0.088333,0.045664
2025-11-06 05:00:00,2025-11,2025-11-05 17:00:00,12,0.171667,0.098326
2025-11-06 06:00:00,2025-11,2025-11-05 17:00:00,13,0.470000,0.271437
2025-11-06 07:00:00,2025-11,2025-11-05 17:00:00,14,0.855000,0.377873
2025-11-06 08:00:00,2025-11,2025-11-05 17:00:00,15,0.961667,0.504090
2025-11-06 09:00:00,2025-11,2025-11-05 17:00:00,16,0.906667,0.549660
2025-11-06 10:00:00,2025-11,2025-11-05 17:00:00,17,0.885000,0.512127
2025-11-06 11:00:00,2025-11,2025-11-05 17:00:00,18,0.960000,0.467286
2025-11-06 12:00:00,2025-11,2025-11-05 17:00:00,19,0.985000,0.380898
2025-11-06 13:00:00,2025-11,2025-11-05 17:00:00,20,0.878333,0.367429
2025-11-06 14:00:00,2025-11,2025-11-05 17:00:00,21,0.630000,0.297268
2025-11-06 15:00:00,2025-11,2025-11-05 17:00:00,22,0.448333,0.282018
2025-11-06 16:00:00,2025-11,2025-11-05 17:00:00,23,0.561667,0.232838
2025-11-06 17:00:00,2025-11,2025-11-05 17:00:00,24,0.496667,0.207357
2025-11-06 18:00:00,2025-11,2025-11-05 17:00:00,25,0.376667,0.180000
2025-11-06 19:00:00,2025-11,2025-11-05 17:00:00,26,0.281667,0.175796
2025-11-06 20:00:00,2025-11,2025-11-05 17:00:00,27,0.480000,0.198494
2025-11-06 21:00:00,2025-11,2025-11-05 17:00:00,28,0.498333,0.223520
2025-11-06 22:00:00,2025-11,2025-11-05 17:00:00,29,0.373333,0.336267
2025-11-06 23:00:00,2025-11,2025-11-05 17:00:00,30,0.238333,0.537873
2025-11-07 00:00:00,2025-11,2025-11-05 17:00:00,31,0.388333,0.734867
2025-11-07 01:00:00,2025-11,2025-11-05 17:00:00,32,0.578333,0.854121
2025-11-07 02:00:00,2025-11,2025-11-05 17:00:00,33,0.976667,0.876566
2025-11-07 03:00:00,2025-11,2025-11-05 17:00:00,34,0.981667,0.956936
2025-11-07 04:00:00,2025-11,2025-11-05 17:00:00,35,0.990000,0.982209
2025-11-07 05:00:00,2025-11,2025-11-05 17:00:00,36,0.990000,0.988819
2025-11-07 06:00:00,2025-11,2025-11-05 17:00:00,37,0.990000,0.991580
2025-11-07 07:00:00,2025-11,2025-11-05 17:00:00,38,0.990000,0.994784
2025-11-07 08:00:00,2025-11,2025-11-05 17:00:00,39,0.990000,0.993052
2025-11-07 09:00:00,2025-11,2025-11-05 17:00:00,40,0.990000,0.990992
2025-11-07 10:00:00,2025-11,2025-11-05 17:00:00,41,0.988333,0.987545
2025-11-07 11:00:00,2025-11,2025-11-05 17:00:00,42,0.990000,0.986242
2025-11-07 12:00:00,2025-11,2025-11-05 17:00:00,43,0.863333,0.972009
2025-11-07 13:00:00,2025-11,2025-11-05 17:00:00,44,0.786667,0.984422
2025-11-07 14:00:00,2025-11,2025-11-05 17:00:00,45,0.896667,0.984860
2025-11-07 15:00:00,2025-11,2025-11-05 17:00:00,46,0.990000,0.962789
2025-11-07 16:00:00,2025-11,2025-11-05 17:00:00,47,0.918333,0.931482
2025-11-07 17:00:00,2025-11,2025-11-05 17:00:00,48,0.583333,0.911076
2025-11-06 18:00:00,2025-11,2025-11-06 17:00:00,1,0.376667,0.221876
2025-11-06 19:00:00,2025-11,2025-11-06 17:00:00,2,0.281667,0.229699
2025-11-06 20:00:00,2025-11,2025-11-06 17:00:00,3,0.480000,0.239708
2025-11-06 21:00:00,2025-11,2025-11-06 17:00:00,4,0.498333,0.353499
2025-11-06 22:00:00,2025-11,2025-11-06 17:00:00,5,0.373333,0.478195
2025-11-06 23:00:00,2025-11,2025-11-06 17:00:00,6,0.238333,0.665642
2025-11-07 00:00:00,2025-11,2025-11-06 17:00:00,7,0.388333,0.775403
2025-11-07 01:00:00,2025-11,2025-11-06 17:00:00,8,0.578333,0.856447
2025-11-07 02:00:00,2025-11,2025-11-06 17:00:00,9,0.976667,0.931716
2025-11-07 03:00:00,2025-11,2025-11-06 17:00:00,10,0.981667,0.984979
2025-11-07 04:00:00,2025-11,2025-11-06 17:00:00,11,0.990000,0.993485
2025-11-07 05:00:00,2025-11,2025-11-06 17:00:00,12,0.990000,0.995000
2025-11-07 06:00:00,2025-11,2025-11-06 17:00:00,13,0.990000,0.995000
2025-11-07 07:00:00,2025-11,2025-11-06 17:00:00,14,0.990000,0.995000
2025-11-07 08:00:00,2025-11,2025-11-06 17:00:00,15,0.990000,0.995000
2025-11-07 09:00:00,2025-11,2025-11-06 17:00:00,16,0.990000,0.991695
2025-11-07 10:00:00,2025-11,2025-11-06 17:00:00,17,0.988333,0.990337
2025-11-07 11:00:00,2025-11,2025-11-06 17:00:00,18,0.990000,0.988749
2025-11-07 12:00:00,2025-11,2025-11-06 17:00:00,19,0.863333,0.982659
2025-11-07 13:00:00,2025-11,2025-11-06 17:00:00,20,0.786667,0.972285
2025-11-07 14:00:00,2025-11,2025-11-06 17:00:00,21,0.896667,0.952929
2025-11-07 15:00:00,2025-11,2025-11-06 17:00:00,22,0.990000,0.902137
2025-11-07 16:00:00,2025-11,2025-11-06 17:00:00,23,0.918333,0.852248
2025-11-07 17:00:00,2025-11,2025-11-06 17:00:00,24,0.583333,0.697392
2025-11-07 18:00:00,2025-11,2025-11-06 17:00:00,25,0.505000,0.537051
2025-11-07 19:00:00,2025-11,2025-11-06 17:00:00,26,0.756667,0.432510
2025-11-07 20:00:00,2025-11,2025-11-06 17:00:00,27,0.778333,0.360715
2025-11-07 21:00:00,2025-11,2025-11-06 17:00:00,28,0.811667,0.330207
2025-11-07 22:00:00,2025-11,2025-11-06 17:00:00,29,0.660000,0.251818
2025-11-07 23:00:00,2025-11,2025-11-06 17:00:00,30,0.905000,0.250341
2025-11-08 00:00:00,2025-11,2025-11-06 17:00:00,31,0.755000,0.231736
2025-11-08 01:00:00,2025-11,2025-11-06 17:00:00,32,0.870000,0.295752
2025-11-08 02:00:00,2025-11,2025-11-06 17:00:00,33,0.951667,0.313570
2025-11-08 03:00:00,2025-11,2025-11-06 17:00:00,34,0.941667,0.476197
2025-11-08 04:00:00,2025-11,2025-11-06 17:00:00,35,0.976667,0.538903
2025-11-08 05:00:00,2025-11,2025-11-06 17:00:00,36,0.936667,0.593434
2025-11-08 06:00:00,2025-11,2025-11-06 17:00:00,37,0.851667,0.574674
2025-11-08 07:00:00,2025-11,2025-11-06 17:00:00,38,0.610000,0.489663
2025-11-08 08:00:00,2025-11,2025-11-06 17:00:00,39,0.330000,0.469357
2025-11-08 09:00:00,2025-11,2025-11-06 17:00:00,40,0.418333,0.360720
2025-11-08 10:00:00,2025-11,2025-11-06 17:00:00,41,0.490000,0.307494
2025-11-08 11:00:00,2025-11,2025-11-06 17:00:00,42,0.300000,0.190550
2025-11-08 12:00:00,2025-11,2025-11-06 17:00:00,43,0.291667,0.146518
2025-11-08 13:00:00,2025-11,2025-11-06 17:00:00,44,0.295000,0.145234
2025-11-08 14:00:00,2025-11,2025-11-06 17:00:00,45,0.213333,0.117644
2025-11-08 15:00:00,2025-11,2025-11-06 17:00:00,46,0.141667,0.103674
2025-11-08 16:00:00,2025-11,2025-11-06 17:00:00,47,0.125000,0.117669
2025-11-08 17:00:00,2025-11,2025-11-06 17:00:00,48,0.101667,0.111924
2025-11-07 18:00:00,2025-11,2025-11-07 17:00:00,1,0.505000,0.467609
2025-11-07 19:00:00,2025-11,2025-11-07 17:00:00,2,0.756667,0.434577
2025-11-07 20:00:00,2025-11,2025-11-07 17:00:00,3,0.778333,0.327176
2025-11-07 21:00:00,2025-11,2025-11-07 17:00:00,4,0.811667,0.313538
2025-11-07 22:00:00,2025-11,2025-11-07 17:00:00,5,0.660000,0.296623
2025-11-07 23:00:00,2025-11,2025-11-07 17:00:00,6,0.905000,0.290024
2025-11-08 00:00:00,2025-11,2025-11-07 17:00:00,7,0.755000,0.321939
2025-11-08 01:00:00,2025-11,2025-11-07 17:00:00,8,0.870000,0.316726
2025-11-08 02:00:00,2025-11,2025-11-07 17:00:00,9,0.951667,0.346660
2025-11-08 03:00:00,2025-11,2025-11-07 17:00:00,10,0.941667,0.495932
2025-11-08 04:00:00,2025-11,2025-11-07 17:00:00,11,0.976667,0.573456
2025-11-08 05:00:00,2025-11,2025-11-07 17:00:00,12,0.936667,0.657327
2025-11-08 06:00:00,2025-11,2025-11-07 17:00:00,13,0.851667,0.670136
2025-11-08 07:00:00,2025-11,2025-11-07 17:00:00,14,0.610000,0.616908
2025-11-08 08:00:00,2025-11,2025-11-07 17:00:00,15,0.330000,0.501337
2025-11-08 09:00:00,2025-11,2025-11-07 17:00:00,16,0.418333,0.446013
2025-11-08 10:00:00,2025-11,2025-11-07 17:00:00,17,0.490000,0.352609
2025-11-08 11:00:00,2025-11,2025-11-07 17:00:00,18,0.300000,0.283361
2025-11-08 12:00:00,2025-11,2025-11-07 17:00:00,19,0.291667,0.185998
2025-11-08 13:00:00,2025-11,2025-11-07 17:00:00,20,0.295000,0.130503
2025-11-08 14:00:00,2025-11,2025-11-07 17:00:00,21,0.213333,0.083339
2025-11-08 15:00:00,2025-11,2025-11-07 17:00:00,22,0.141667,0.063389
2025-11-08 16:00:00,2025-11,2025-11-07 17:00:00,23,0.125000,0.044651
2025-11-08 17:00:00,2025-11,2025-11-07 17:00:00,24,0.101667,0.035790
2025-11-08 18:00:00,2025-11,2025-11-07 17:00:00,25,0.073333,0.020241
2025-11-08 19:00:00,2025-11,2025-11-07 17:00:00,26,0.093333,0.017495
2025-11-08 20:00:00,2025-11,2025-11-07 17:00:00,27,0.026667,0.022810
2025-11-08 21:00:00,2025-11,2025-11-07 17:00:00,28,0.030000,0.031129
2025-11-08 22:00:00,2025-11,2025-11-07 17:00:00,29,0.061667,0.052887
2025-11-08 23:00:00,2025-11,2025-11-07 17:00:00,30,0.053333,0.072734
2025-11-09 00:00:00,2025-11,2025-11-07 17:00:00,31,0.041667,0.081060
2025-11-09 01:00:00,2025-11,2025-11-07 17:00:00,32,0.025000,0.089332
2025-11-09 02:00:00,2025-11,2025-11-07 17:00:00,33,0.010000,0.182499
2025-11-09 03:00:00,2025-11,2025-11-07 17:00:00,34,0.065000,0.262135
2025-11-09 04:00:00,2025-11,2025-11-07 17:00:00,35,0.175000,0.409947
2025-11-09 05:00:00,2025-11,2025-11-07 17:00:00,36,0.245000,0.549039
2025-11-09 06:00:00,2025-11,2025-11-07 17:00:00,37,0.470000,0.677043
2025-11-09 07:00:00,2025-11,2025-11-07 17:00:00,38,0.640000,0.765142
2025-11-09 08:00:00,2025-11,2025-11-07 17:00:00,39,0.833333,0.797383
2025-11-09 09:00:00,2025-11,2025-11-07 17:00:00,40,0.915000,0.782867
2025-11-09 10:00:00,2025-11,2025-11-07 17:00:00,41,0.810000,0.775958
2025-11-09 11:00:00,2025-11,2025-11-07 17:00:00,42,0.863333,0.665792
2025-11-09 12:00:00,2025-11,2025-11-07 17:00:00,43,0.990000,0.475682
2025-11-09 13:00:00,2025-11,2025-11-07 17:00:00,44,0.846667,0.454265
2025-11-09 14:00:00,2025-11,2025-11-07 17:00:00,45,0.591667,0.370876
2025-11-09 15:00:00,2025-11,2025-11-07 17:00:00,46,0.380000,0.303133
2025-11-09 16:00:00,2025-11,2025-11-07 17:00:00,47,0.186667,0.282035
2025-11-09 17:00:00,2025-11,2025-11-07 17:00:00,48,0.153333,0.215443
2025-11-08 18:00:00,2025-11,2025-11-08 17:00:00,1,0.073333,0.052180
2025-11-08 19:00:00,2025-11,2025-11-08 17:00:00,2,0.093333,0.044503
2025-11-08 20:00:00,2025-11,2025-11-08 17:00:00,3,0.026667,0.043754
2025-11-08 21:00:00,2025-11,2025-11-08 17:00:00,4,0.030000,0.059583
2025-11-08 22:00:00,2025-11,2025-11-08 17:00:00,5,0.061667,0.081637
2025-11-08 23:00:00,2025-11,2025-11-08 17:00:00,6,0.053333,0.088926
2025-11-09 00:00:00,2025-11,2025-11-08 17:00:00,7,0.041667,0.125232
2025-11-09 01:00:00,2025-11,2025-11-08 17:00:00,8,0.025000,0.164260
2025-11-09 02:00:00,2025-11,2025-11-08 17:00:00,9,0.010000,0.243154
2025-11-09 03:00:00,2025-11,2025-11-08 17:00:00,10,0.065000,0.429951
2025-11-09 04:00:00,2025-11,2025-11-08 17:00:00,11,0.175000,0.585441
2025-11-09 05:00:00,2025-11,2025-11-08 17:00:00,12,0.245000,0.705296
2025-11-09 06:00:00,2025-11,2025-11-08 17:00:00,13,0.470000,0.755352
2025-11-09 07:00:00,2025-11,2025-11-08 17:00:00,14,0.640000,0.800016
2025-11-09 08:00:00,2025-11,2025-11-08 17:00:00,15,0.833333,0.808790
2025-11-09 09:00:00,2025-11,2025-11-08 17:00:00,16,0.915000,0.811476
2025-11-09 10:00:00,2025-11,2025-11-08 17:00:00,17,0.810000,0.779163
2025-11-09 11:00:00,2025-11,2025-11-08 17:00:00,18,0.863333,0.689525
2025-11-09 12:00:00,2025-11,2025-11-08 17:00:00,19,0.990000,0.624758
2025-11-09 13:00:00,2025-11,2025-11-08 17:00:00,20,0.846667,0.444534
2025-11-09 14:00:00,2025-11,2025-11-08 17:00:00,21,0.591667,0.316127
2025-11-09 15:00:00,2025-11,2025-11-08 17:00:00,22,0.380000,0.225395
2025-11-09 16:00:00,2025-11,2025-11-08 17:00:00,23,0.186667,0.096337
2025-11-09 17:00:00,2025-11,2025-11-08 17:00:00,24,0.153333,0.055429
2025-11-09 18:00:00,2025-11,2025-11-08 17:00:00,25,0.081667,0.037496
2025-11-09 19:00:00,2025-11,2025-11-08 17:00:00,26,0.030000,0.029892
2025-11-09 20:00:00,2025-11,2025-11-08 17:00:00,27,0.048333,0.017772
2025-11-09 21:00:00,2025-11,2025-11-08 17:00:00,28,0.028333,0.013606
2025-11-09 22:00:00,2025-11,2025-11-08 17:00:00,29,0.050000,0.012101
2025-11-09 23:00:00,2025-11,2025-11-08 17:00:00,30,0.013333,0.010765
2025-11-10 00:00:00,2025-11,2025-11-08 17:00:00,31,0.060000,0.014269
2025-11-10 01:00:00,2025-11,2025-11-08 17:00:00,32,0.093333,0.017391
2025-11-10 02:00:00,2025-11,2025-11-08 17:00:00,33,0.023333,0.015538
2025-11-10 03:00:00,2025-11,2025-11-08 17:00:00,34,0.221667,0.033494
2025-11-10 04:00:00,2025-11,2025-11-08 17:00:00,35,0.118333,0.079929
2025-11-10 05:00:00,2025-11,2025-11-08 17:00:00,36,0.203333,0.135675
2025-11-10 06:00:00,2025-11,2025-11-08 17:00:00,37,0.438333,0.247851
2025-11-10 07:00:00,2025-11,2025-11-08 17:00:00,38,0.606667,0.359511
2025-11-10 08:00:00,2025-11,2025-11-08 17:00:00,39,0.376667,0.548940
2025-11-10 09:00:00,2025-11,2025-11-08 17:00:00,40,0.601667,0.671849
2025-11-10 10:00:00,2025-11,2025-11-08 17:00:00,41,0.573333,0.634125
2025-11-10 11:00:00,2025-11,2025-11-08 17:00:00,42,0.311667,0.481391
2025-11-10 12:00:00,2025-11,2025-11-08 17:00:00,43,0.336667,0.341487
2025-11-10 13:00:00,2025-11,2025-11-08 17:00:00,44,0.456667,0.173167
2025-11-10 14:00:00,2025-11,2025-11-08 17:00:00,45,0.600000,0.124646
2025-11-10 15:00:00,2025-11,2025-11-08 17:00:00,46,0.396667,0.109787
2025-11-10 16:00:00,2025-11,2025-11-08 17:00:00,47,0.351667,0.102565
2025-11-10 17:00:00,2025-11,2025-11-08 17:00:00,48,0.175000,0.069116
2025-11-09 18:00:00,2025-11,2025-11-09 17:00:00,1,0.081667,0.068936
2025-11-09 19:00:00,2025-11,2025-11-09 17:00:00,2,0.030000,0.057771
2025-11-09 20:00:00,2025-11,2025-11-09 17:00:00,3,0.048333,0.057416
2025-11-09 21:00:00,2025-11,2025-11-09 17:00:00,4,0.028333,0.061445
2025-11-09 22:00:00,2025-11,2025-11-09 17:00:00,5,0.050000,0.059036
2025-11-09 23:00:00,2025-11,2025-11-09 17:00:00,6,0.013333,0.049804
2025-11-10 00:00:00,2025-11,2025-11-09 17:00:00,7,0.060000,0.035839
2025-11-10 01:00:00,2025-11,2025-11-09 17:00:00,8,0.093333,0.027507
2025-11-10 02:00:00,2025-11,2025-11-09 17:00:00,9,0.023333,0.014723
2025-11-10 03:00:00,2025-11,2025-11-09 17:00:00,10,0.221667,0.010366
2025-11-10 04:00:00,2025-11,2025-11-09 17:00:00,11,0.118333,0.017686
2025-11-10 05:00:00,2025-11,2025-11-09 17:00:00,12,0.203333,0.048496
2025-11-10 06:00:00,2025-11,2025-11-09 17:00:00,13,0.438333,0.125218
2025-11-10 07:00:00,2025-11,2025-11-09 17:00:00,14,0.606667,0.290156
2025-11-10 08:00:00,2025-11,2025-11-09 17:00:00,15,0.376667,0.554105
2025-11-10 09:00:00,2025-11,2025-11-09 17:00:00,16,0.601667,0.718601
2025-11-10 10:00:00,2025-11,2025-11-09 17:00:00,17,0.573333,0.794549
2025-11-10 11:00:00,2025-11,2025-11-09 17:00:00,18,0.311667,0.733436
2025-11-10 12:00:00,2025-11,2025-11-09 17:00:00,19,0.336667,0.532412
2025-11-10 13:00:00,2025-11,2025-11-09 17:00:00,20,0.456667,0.441371
2025-11-10 14:00:00,2025-11,2025-11-09 17:00:00,21,0.600000,0.337289
2025-11-10 15:00:00,2025-11,2025-11-09 17:00:00,22,0.396667,0.222698
2025-11-10 16:00:00,2025-11,2025-11-09 17:00:00,23,0.351667,0.167980
2025-11-10 17:00:00,2025-11,2025-11-09 17:00:00,24,0.175000,0.175816
2025-11-10 18:00:00,2025-11,2025-11-09 17:00:00,25,0.203333,0.123782
2025-11-10 19:00:00,2025-11,2025-11-09 17:00:00,26,0.130000,0.054157
2025-11-10 20:00:00,2025-11,2025-11-09 17:00:00,27,0.010000,0.035793
2025-11-10 21:00:00,2025-11,2025-11-09 17:00:00,28,0.010000,0.022736
2025-11-10 22:00:00,2025-11,2025-11-09 17:00:00,29,0.030000,0.035388
2025-11-10 23:00:00,2025-11,2025-11-09 17:00:00,30,0.263333,0.048269
2025-11-11 00:00:00,2025-11,2025-11-09 17:00:00,31,0.330000,0.153823
2025-11-11 01:00:00,2025-11,2025-11-09 17:00:00,32,0.253333,0.335126
2025-11-11 02:00:00,2025-11,2025-11-09 17:00:00,33,0.378333,0.646476
2025-11-11 03:00:00,2025-11,2025-11-09 17:00:00,34,0.918333,0.832624
2025-11-11 04:00:00,2025-11,2025-11-09 17:00:00,35,0.973333,0.903758
2025-11-11 05:00:00,2025-11,2025-11-09 17:00:00,36,0.990000,0.950949
2025-11-11 06:00:00,2025-11,2025-11-09 17:00:00,37,0.988333,0.962806
2025-11-11 07:00:00,2025-11,2025-11-09 17:00:00,38,0.985000,0.972171
2025-11-11 08:00:00,2025-11,2025-11-09 17:00:00,39,0.980000,0.973054
2025-11-11 09:00:00,2025-11,2025-11-09 17:00:00,40,0.965000,0.974252
2025-11-11 10:00:00,2025-11,2025-11-09 17:00:00,41,0.980000,0.919684
2025-11-11 11:00:00,2025-11,2025-11-09 17:00:00,42,0.988333,0.878751
2025-11-11 12:00:00,2025-11,2025-11-09 17:00:00,43,0.946667,0.785170
2025-11-11 13:00:00,2025-11,2025-11-09 17:00:00,44,0.863333,0.765926
2025-11-11 14:00:00,2025-11,2025-11-09 17:00:00,45,0.851667,0.797772
2025-11-11 15:00:00,2025-11,2025-11-09 17:00:00,46,0.878333,0.746921
2025-11-11 16:00:00,2025-11,2025-11-09 17:00:00,47,0.926667,0.734224
2025-11-11 17:00:00,2025-11,2025-11-09 17:00:00,48,0.823333,0.733910
2025-11-10 18:00:00,2025-11,2025-11-10 17:00:00,1,0.203333,0.111040
2025-11-10 19:00:00,2025-11,2025-11-10 17:00:00,2,0.130000,0.081201
2025-11-10 20:00:00,2025-11,2025-11-10 17:00:00,3,0.010000,0.035473
2025-11-10 21:00:00,2025-11,2025-11-10 17:00:00,4,0.010000,0.020848
2025-11-10 22:00:00,2025-11,2025-11-10 17:00:00,5,0.030000,0.023281
2025-11-10 23:00:00,2025-11,2025-11-10 17:00:00,6,0.263333,0.064596
2025-11-11 00:00:00,2025-11,2025-11-10 17:00:00,7,0.330000,0.134694
2025-11-11 01:00:00,2025-11,2025-11-10 17:00:00,8,0.253333,0.293211
2025-11-11 02:00:00,2025-11,2025-11-10 17:00:00,9,0.378333,0.541717
2025-11-11 03:00:00,2025-11,2025-11-10 17:00:00,10,0.918333,0.816016
2025-11-11 04:00:00,2025-11,2025-11-10 17:00:00,11,0.973333,0.863140
2025-11-11 05:00:00,2025-11,2025-11-10 17:00:00,12,0.990000,0.940420
2025-11-11 06:00:00,2025-11,2025-11-10 17:00:00,13,0.988333,0.965927
2025-11-11 07:00:00,2025-11,2025-11-10 17:00:00,14,0.985000,0.977747
2025-11-11 08:00:00,2025-11,2025-11-10 17:00:00,15,0.980000,0.982264
2025-11-11 09:00:00,2025-11,2025-11-10 17:00:00,16,0.965000,0.948213
2025-11-11 10:00:00,2025-11,2025-11-10 17:00:00,17,0.980000,0.929019
2025-11-11 11:00:00,2025-11,2025-11-10 17:00:00,18,0.988333,0.874093
2025-11-11 12:00:00,2025-11,2025-11-10 17:00:00,19,0.946667,0.787462
2025-11-11 13:00:00,2025-11,2025-11-10 17:00:00,20,0.863333,0.774292
2025-11-11 14:00:00,2025-11,2025-11-10 17:00:00,21,0.851667,0.833896
2025-11-11 15:00:00,2025-11,2025-11-10 17:00:00,22,0.878333,0.821294
2025-11-11 16:00:00,2025-11,2025-11-10 17:00:00,23,0.926667,0.827064
2025-11-11 17:00:00,2025-11,2025-11-10 17:00:00,24,0.823333,0.832885
2025-11-11 18:00:00,2025-11,2025-11-10 17:00:00,25,0.486667,0.801915
2025-11-11 19:00:00,2025-11,2025-11-10 17:00:00,26,0.575000,0.773046
2025-11-11 20:00:00,2025-11,2025-11-10 17:00:00,27,0.468333,0.720660
2025-11-11 21:00:00,2025-11,2025-11-10 17:00:00,28,0.606667,0.665972
2025-11-11 22:00:00,2025-11,2025-11-10 17:00:00,29,0.738333,0.661707
2025-11-11 23:00:00,2025-11,2025-11-10 17:00:00,30,0.668333,0.660514
2025-11-12 00:00:00,2025-11,2025-11-10 17:00:00,31,0.288333,0.647157
2025-11-12 01:00:00,2025-11,2025-11-10 17:00:00,32,0.355000,0.661562
2025-11-12 02:00:00,2025-11,2025-11-10 17:00:00,33,0.716667,0.647472
2025-11-12 03:00:00,2025-11,2025-11-10 17:00:00,34,0.743333,0.688268
2025-11-12 04:00:00,2025-11,2025-11-10 17:00:00,35,0.696667,0.722516
2025-11-12 05:00:00,2025-11,2025-11-10 17:00:00,36,0.965000,0.729159
2025-11-12 06:00:00,2025-11,2025-11-10 17:00:00,37,0.736667,0.732006
2025-11-12 07:00:00,2025-11,2025-11-10 17:00:00,38,0.606667,0.596205
2025-11-12 08:00:00,2025-11,2025-11-10 17:00:00,39,0.551667,0.396574
2025-11-12 09:00:00,2025-11,2025-11-10 17:00:00,40,0.185000,0.292593
2025-11-12 10:00:00,2025-11,2025-11-10 17:00:00,41,0.075000,0.157835
2025-11-12 11:00:00,2025-11,2025-11-10 17:00:00,42,0.010000,0.099440
2025-11-12 12:00:00,2025-11,2025-11-10 17:00:00,43,0.010000,0.069166
2025-11-12 13:00:00,2025-11,2025-11-10 17:00:00,44,0.010000,0.070790
2025-11-12 14:00:00,2025-11,2025-11-10 17:00:00,45,0.010000,0.071374
2025-11-12 15:00:00,2025-11,2025-11-10 17:00:00,46,0.011667,0.084442
2025-11-12 16:00:00,2025-11,2025-11-10 17:00:00,47,0.030000,0.078074
2025-11-12 17:00:00,2025-11,2025-11-10 17:00:00,48,0.010000,0.083758
2025-11-11 18:00:00,2025-11,2025-11-11 17:00:00,1,0.486667,0.787878
2025-11-11 19:00:00,2025-11,2025-11-11 17:00:00,2,0.575000,0.816332
2025-11-11 20:00:00,2025-11,2025-11-11 17:00:00,3,0.468333,0.815415
2025-11-11 21:00:00,2025-11,2025-11-11 17:00:00,4,0.606667,0.831926
2025-11-11 22:00:00,2025-11,2025-11-11 17:00:00,5,0.738333,0.821985
2025-11-11 23:00:00,2025-11,2025-11-11 17:00:00,6,0.668333,0.792943
2025-11-12 00:00:00,2025-11,2025-11-11 17:00:00,7,0.288333,0.782635
2025-11-12 01:00:00,2025-11,2025-11-11 17:00:00,8,0.355000,0.757137
2025-11-12 02:00:00,2025-11,2025-11-11 17:00:00,9,0.716667,0.667434
2025-11-12 03:00:00,2025-11,2025-11-11 17:00:00,10,0.743333,0.679995
2025-11-12 04:00:00,2025-11,2025-11-11 17:00:00,11,0.696667,0.708877
2025-11-12 05:00:00,2025-11,2025-11-11 17:00:00,12,0.965000,0.769773
2025-11-12 06:00:00,2025-11,2025-11-11 17:00:00,13,0.736667,0.745750
2025-11-12 07:00:00,2025-11,2025-11-11 17:00:00,14,0.606667,0.584975
2025-11-12 08:00:00,2025-11,2025-11-11 17:00:00,15,0.551667,0.410643
2025-11-12 09:00:00,2025-11,2025-11-11 17:00:00,16,0.185000,0.210056
2025-11-12 10:00:00,2025-11,2025-11-11 17:00:00,17,0.075000,0.138815
2025-11-12 11:00:00,2025-11,2025-11-11 17:00:00,18,0.010000,0.086888
2025-11-12 12:00:00,2025-11,2025-11-11 17:00:00,19,0.010000,0.055342
2025-11-12 13:00:00,2025-11,2025-11-11 17:00:00,20,0.010000,0.040597
2025-11-12 14:00:00,2025-11,2025-11-11 17:00:00,21,0.010000,0.036395
2025-11-12 15:00:00,2025-11,2025-11-11 17:00:00,22,0.011667,0.022047
2025-11-12 16:00:00,2025-11,2025-11-11 17:00:00,23,0.030000,0.017512
2025-11-12 17:00:00,2025-11,2025-11-11 17:00:00,24,0.010000,0.019997
2025-11-12 18:00:00,2025-11,2025-11-11 17:00:00,25,0.033333,0.017480
2025-11-12 19:00:00,2025-11,2025-11-11 17:00:00,26,0.066667,0.021062
2025-11-12 20:00:00,2025-11,2025-11-11 17:00:00,27,0.096667,0.038277
2025-11-12 21:00:00,2025-11,2025-11-11 17:00:00,28,0.151667,0.055135
2025-11-12 22:00:00,2025-11,2025-11-11 17:00:00,29,0.418333,0.064902
2025-11-12 23:00:00,2025-11,2025-11-11 17:00:00,30,0.201667,0.128955
2025-11-13 00:00:00,2025-11,2025-11-11 17:00:00,31,0.140000,0.174391
2025-11-13 01:00:00,2025-11,2025-11-11 17:00:00,32,0.155000,0.166651
2025-11-13 02:00:00,2025-11,2025-11-11 17:00:00,33,0.131667,0.169444
2025-11-13 03:00:00,2025-11,2025-11-11 17:00:00,34,0.086667,0.166305
2025-11-13 04:00:00,2025-11,2025-11-11 17:00:00,35,0.038333,0.151231
2025-11-13 05:00:00,2025-11,2025-11-11 17:00:00,36,0.068333,0.120674
2025-11-13 06:00:00,2025-11,2025-11-11 17:00:00,37,0.078333,0.067472
2025-11-13 07:00:00,2025-11,2025-11-11 17:00:00,38,0.026667,0.029987
2025-11-13 08:00:00,2025-11,2025-11-11 17:00:00,39,0.010000,0.042633
2025-11-13 09:00:00,2025-11,2025-11-11 17:00:00,40,0.043333,0.057342
2025-11-13 10:00:00,2025-11,2025-11-11 17:00:00,41,0.230000,0.194488
2025-11-13 11:00:00,2025-11,2025-11-11 17:00:00,42,0.923333,0.313667
2025-11-13 12:00:00,2025-11,2025-11-11 17:00:00,43,0.571667,0.443678
2025-11-13 13:00:00,2025-11,2025-11-11 17:00:00,44,0.363333,0.403620
2025-11-13 14:00:00,2025-11,2025-11-11 17:00:00,45,0.236667,0.328581
2025-11-13 15:00:00,2025-11,2025-11-11 17:00:00,46,0.096667,0.188588
2025-11-13 16:00:00,2025-11,2025-11-11 17:00:00,47,0.133333,0.126049
2025-11-13 17:00:00,2025-11,2025-11-11 17:00:00,48,0.138333,0.081671
2025-11-12 18:00:00,2025-11,2025-11-12 17:00:00,1,0.033333,0.014692
2025-11-12 19:00:00,2025-11,2025-11-12 17:00:00,2,0.066667,0.014002
2025-11-12 20:00:00,2025-11,2025-11-12 17:00:00,3,0.096667,0.017804
2025-11-12 21:00:00,2025-11,2025-11-12 17:00:00,4,0.151667,0.044927
2025-11-12 22:00:00,2025-11,2025-11-12 17:00:00,5,0.418333,0.063404
2025-11-12 23:00:00,2025-11,2025-11-12 17:00:00,6,0.201667,0.096232
2025-11-13 00:00:00,2025-11,2025-11-12 17:00:00,7,0.140000,0.184790
2025-11-13 01:00:00,2025-11,2025-11-12 17:00:00,8,0.155000,0.269339
2025-11-13 02:00:00,2025-11,2025-11-12 17:00:00,9,0.131667,0.321536
2025-11-13 03:00:00,2025-11,2025-11-12 17:00:00,10,0.086667,0.338990
2025-11-13 04:00:00,2025-11,2025-11-12 17:00:00,11,0.038333,0.309878
2025-11-13 05:00:00,2025-11,2025-11-12 17:00:00,12,0.068333,0.301753
2025-11-13 06:00:00,2025-11,2025-11-12 17:00:00,13,0.078333,0.257961
2025-11-13 07:00:00,2025-11,2025-11-12 17:00:00,14,0.026667,0.102472
2025-11-13 08:00:00,2025-11,2025-11-12 17:00:00,15,0.010000,0.038979
2025-11-13 09:00:00,2025-11,2025-11-12 17:00:00,16,0.043333,0.021800
2025-11-13 10:00:00,2025-11,2025-11-12 17:00:00,17,0.230000,0.044918
2025-11-13 11:00:00,2025-11,2025-11-12 17:00:00,18,0.923333,0.158599
2025-11-13 12:00:00,2025-11,2025-11-12 17:00:00,19,0.571667,0.325382
2025-11-13 13:00:00,2025-11,2025-11-12 17:00:00,20,0.363333,0.347421
2025-11-13 14:00:00,2025-11,2025-11-12 17:00:00,21,0.236667,0.293735
2025-11-13 15:00:00,2025-11,2025-11-12 17:00:00,22,0.096667,0.211892
2025-11-13 16:00:00,2025-11,2025-11-12 17:00:00,23,0.133333,0.156345
2025-11-13 17:00:00,2025-11,2025-11-12 17:00:00,24,0.138333,0.099010
2025-11-13 18:00:00,2025-11,2025-11-12 17:00:00,25,0.075000,0.061443
2025-11-13 19:00:00,2025-11,2025-11-12 17:00:00,26,0.010000,0.033574
2025-11-13 20:00:00,2025-11,2025-11-12 17:00:00,27,0.010000,0.018809
2025-11-13 21:00:00,2025-11,2025-11-12 17:00:00,28,0.023333,0.013410
2025-11-13 22:00:00,2025-11,2025-11-12 17:00:00,29,0.063333,0.019092
2025-11-13 23:00:00,2025-11,2025-11-12 17:00:00,30,0.185000,0.053178
2025-11-14 00:00:00,2025-11,2025-11-12 17:00:00,31,0.565000,0.087764
2025-11-14 01:00:00,2025-11,2025-11-12 17:00:00,32,0.253333,0.129166
2025-11-14 02:00:00,2025-11,2025-11-12 17:00:00,33,0.261667,0.200976
2025-11-14 03:00:00,2025-11,2025-11-12 17:00:00,34,0.156667,0.251920
2025-11-14 04:00:00,2025-11,2025-11-12 17:00:00,35,0.383333,0.303775
2025-11-14 05:00:00,2025-11,2025-11-12 17:00:00,36,0.726667,0.284147
2025-11-14 06:00:00,2025-11,2025-11-12 17:00:00,37,0.700000,0.282790
2025-11-14 07:00:00,2025-11,2025-11-12 17:00:00,38,0.411667,0.248393
2025-11-14 08:00:00,2025-11,2025-11-12 17:00:00,39,0.511667,0.198931
2025-11-14 09:00:00,2025-11,2025-11-12 17:00:00,40,0.501667,0.159628
2025-11-14 10:00:00,2025-11,2025-11-12 17:00:00,41,0.411667,0.152180
2025-11-14 11:00:00,2025-11,2025-11-12 17:00:00,42,0.308333,0.139323
2025-11-14 12:00:00,2025-11,2025-11-12 17:00:00,43,0.148333,0.221777
2025-11-14 13:00:00,2025-11,2025-11-12 17:00:00,44,0.361667,0.285248
2025-11-14 14:00:00,2025-11,2025-11-12 17:00:00,45,0.176667,0.284868
2025-11-14 15:00:00,2025-11,2025-11-12 17:00:00,46,0.325000,0.285525
2025-11-14 16:00:00,2025-11,2025-11-12 17:00:00,47,0.150000,0.289931
2025-11-14 17:00:00,2025-11,2025-11-12 17:00:00,48,0.066667,0.416716
2025-11-13 18:00:00,2025-11,2025-11-13 17:00:00,1,0.075000,0.048644
2025-11-13 19:00:00,2025-11,2025-11-13 17:00:00,2,0.010000,0.028592
2025-11-13 20:00:00,2025-11,2025-11-13 17:00:00,3,0.010000,0.025462
2025-11-13 21:00:00,2025-11,2025-11-13 17:00:00,4,0.023333,0.010248
2025-11-13 22:00:00,2025-11,2025-11-13 17:00:00,5,0.063333,0.018128
2025-11-13 23:00:00,2025-11,2025-11-13 17:00:00,6,0.185000,0.072403
2025-11-14 00:00:00,2025-11,2025-11-13 17:00:00,7,0.565000,0.168589
2025-11-14 01:00:00,2025-11,2025-11-13 17:00:00,8,0.253333,0.192078
2025-11-14 02:00:00,2025-11,2025-11-13 17:00:00,9,0.261667,0.206169
2025-11-14 03:00:00,2025-11,2025-11-13 17:00:00,10,0.156667,0.279420
2025-11-14 04:00:00,2025-11,2025-11-13 17:00:00,11,0.383333,0.365428
2025-11-14 05:00:00,2025-11,2025-11-13 17:00:00,12,0.726667,0.362743
2025-11-14 06:00:00,2025-11,2025-11-13 17:00:00,13,0.700000,0.387108
2025-11-14 07:00:00,2025-11,2025-11-13 17:00:00,14,0.411667,0.359484
2025-11-14 08:00:00,2025-11,2025-11-13 17:00:00,15,0.511667,0.298701
2025-11-14 09:00:00,2025-11,2025-11-13 17:00:00,16,0.501667,0.249311
2025-11-14 10:00:00,2025-11,2025-11-13 17:00:00,17,0.411667,0.242384
2025-11-14 11:00:00,2025-11,2025-11-13 17:00:00,18,0.308333,0.108702
2025-11-14 12:00:00,2025-11,2025-11-13 17:00:00,19,0.148333,0.079726
2025-11-14 13:00:00,2025-11,2025-11-13 17:00:00,20,0.361667,0.079499
2025-11-14 14:00:00,2025-11,2025-11-13 17:00:00,21,0.176667,0.087172
2025-11-14 15:00:00,2025-11,2025-11-13 17:00:00,22,0.325000,0.115749
2025-11-14 16:00:00,2025-11,2025-11-13 17:00:00,23,0.150000,0.167981
2025-11-14 17:00:00,2025-11,2025-11-13 17:00:00,24,0.066667,0.238846
2025-11-14 18:00:00,2025-11,2025-11-13 17:00:00,25,0.061667,0.253810
2025-11-14 19:00:00,2025-11,2025-11-13 17:00:00,26,0.110000,0.280611
2025-11-14 20:00:00,2025-11,2025-11-13 17:00:00,27,0.228333,0.304378
2025-11-14 21:00:00,2025-11,2025-11-13 17:00:00,28,0.195000,0.360385
2025-11-14 22:00:00,2025-11,2025-11-13 17:00:00,29,0.191667,0.380805
2025-11-14 23:00:00,2025-11,2025-11-13 17:00:00,30,0.240000,0.393708
2025-11-15 00:00:00,2025-11,2025-11-13 17:00:00,31,0.240000,0.389248
2025-11-15 01:00:00,2025-11,2025-11-13 17:00:00,32,0.261667,0.387398
2025-11-15 02:00:00,2025-11,2025-11-13 17:00:00,33,0.561667,0.421183
2025-11-15 03:00:00,2025-11,2025-11-13 17:00:00,34,0.400000,0.436591
2025-11-15 04:00:00,2025-11,2025-11-13 17:00:00,35,0.103333,0.494360
2025-11-15 05:00:00,2025-11,2025-11-13 17:00:00,36,0.270000,0.545334
2025-11-15 06:00:00,2025-11,2025-11-13 17:00:00,37,0.316667,0.598080
2025-11-15 07:00:00,2025-11,2025-11-13 17:00:00,38,0.423333,0.625699
2025-11-15 08:00:00,2025-11,2025-11-13 17:00:00,39,0.545000,0.594616
2025-11-15 09:00:00,2025-11,2025-11-13 17:00:00,40,0.465000,0.577358
2025-11-15 10:00:00,2025-11,2025-11-13 17:00:00,41,0.375000,0.551453
2025-11-15 11:00:00,2025-11,2025-11-13 17:00:00,42,0.170000,0.501407
2025-11-15 12:00:00,2025-11,2025-11-13 17:00:00,43,0.100000,0.478422
2025-11-15 13:00:00,2025-11,2025-11-13 17:00:00,44,0.065000,0.431143
2025-11-15 14:00:00,2025-11,2025-11-13 17:00:00,45,0.165000,0.374313
2025-11-15 15:00:00,2025-11,2025-11-13 17:00:00,46,0.511667,0.387488
2025-11-15 16:00:00,2025-11,2025-11-13 17:00:00,47,0.513333,0.463698
2025-11-15 17:00:00,2025-11,2025-11-13 17:00:00,48,0.281667,0.477413
2025-11-14 18:00:00,2025-11,2025-11-14 17:00:00,1,0.061667,0.220573
2025-11-14 19:00:00,2025-11,2025-11-14 17:00:00,2,0.110000,0.213009
2025-11-14 20:00:00,2025-11,2025-11-14 17:00:00,3,0.228333,0.198251
2025-11-14 21:00:00,2025-11,2025-11-14 17:00:00,4,0.195000,0.246125
2025-11-14 22:00:00,2025-11,2025-11-14 17:00:00,5,0.191667,0.297017
2025-11-14 23:00:00,2025-11,2025-11-14 17:00:00,6,0.240000,0.367331
2025-11-15 00:00:00,2025-11,2025-11-14 17:00:00,7,0.240000,0.364843
2025-11-15 01:00:00,2025-11,2025-11-14 17:00:00,8,0.261667,0.382214
2025-11-15 02:00:00,2025-11,2025-11-14 17:00:00,9,0.561667,0.372064
2025-11-15 03:00:00,2025-11,2025-11-14 17:00:00,10,0.400000,0.428564
2025-11-15 04:00:00,2025-11,2025-11-14 17:00:00,11,0.103333,0.467203
2025-11-15 05:00:00,2025-11,2025-11-14 17:00:00,12,0.270000,0.541371
2025-11-15 06:00:00,2025-11,2025-11-14 17:00:00,13,0.316667,0.556059
2025-11-15 07:00:00,2025-11,2025-11-14 17:00:00,14,0.423333,0.501092
2025-11-15 08:00:00,2025-11,2025-11-14 17:00:00,15,0.545000,0.477983
2025-11-15 09:00:00,2025-11,2025-11-14 17:00:00,16,0.465000,0.441448
2025-11-15 10:00:00,2025-11,2025-11-14 17:00:00,17,0.375000,0.425502
2025-11-15 11:00:00,2025-11,2025-11-14 17:00:00,18,0.170000,0.404541
2025-11-15 12:00:00,2025-11,2025-11-14 17:00:00,19,0.100000,0.382570
2025-11-15 13:00:00,2025-11,2025-11-14 17:00:00,20,0.065000,0.338735
2025-11-15 14:00:00,2025-11,2025-11-14 17:00:00,21,0.165000,0.286991
2025-11-15 15:00:00,2025-11,2025-11-14 17:00:00,22,0.511667,0.274453
2025-11-15 16:00:00,2025-11,2025-11-14 17:00:00,23,0.513333,0.336871
2025-11-15 17:00:00,2025-11,2025-11-14 17:00:00,24,0.281667,0.362150
2025-11-15 18:00:00,2025-11,2025-11-14 17:00:00,25,0.395000,0.506528
2025-11-15 19:00:00,2025-11,2025-11-14 17:00:00,26,0.533333,0.579733
2025-11-15 20:00:00,2025-11,2025-11-14 17:00:00,27,0.690000,0.672572
2025-11-15 21:00:00,2025-11,2025-11-14 17:00:00,28,0.990000,0.761474
2025-11-15 22:00:00,2025-11,2025-11-14 17:00:00,29,0.990000,0.795673
2025-11-15 23:00:00,2025-11,2025-11-14 17:00:00,30,0.978333,0.846289
2025-11-16 00:00:00,2025-11,2025-11-14 17:00:00,31,0.990000,0.900671
2025-11-16 01:00:00,2025-11,2025-11-14 17:00:00,32,0.988333,0.934555
2025-11-16 02:00:00,2025-11,2025-11-14 17:00:00,33,0.986667,0.952199
2025-11-16 03:00:00,2025-11,2025-11-14 17:00:00,34,0.978333,0.958664
2025-11-16 04:00:00,2025-11,2025-11-14 17:00:00,35,0.970000,0.979737
2025-11-16 05:00:00,2025-11,2025-11-14 17:00:00,36,0.981667,0.982509
2025-11-16 06:00:00,2025-11,2025-11-14 17:00:00,37,0.990000,0.980282
2025-11-16 07:00:00,2025-11,2025-11-14 17:00:00,38,0.990000,0.978730
2025-11-16 08:00:00,2025-11,2025-11-14 17:00:00,39,0.988333,0.981188
2025-11-16 09:00:00,2025-11,2025-11-14 17:00:00,40,0.948333,0.970623
2025-11-16 10:00:00,2025-11,2025-11-14 17:00:00,41,0.848333,0.941167
2025-11-16 11:00:00,2025-11,2025-11-14 17:00:00,42,0.836667,0.780958
2025-11-16 12:00:00,2025-11,2025-11-14 17:00:00,43,0.253333,0.635217
2025-11-16 13:00:00,2025-11,2025-11-14 17:00:00,44,0.173333,0.538244
2025-11-16 14:00:00,2025-11,2025-11-14 17:00:00,45,0.338333,0.425876
2025-11-16 15:00:00,2025-11,2025-11-14 17:00:00,46,0.270000,0.409584
2025-11-16 16:00:00,2025-11,2025-11-14 17:00:00,47,0.091667,0.349536
2025-11-16 17:00:00,2025-11,2025-11-14 17:00:00,48,0.020000,0.341646
2025-11-15 18:00:00,2025-11,2025-11-15 17:00:00,1,0.395000,0.593708
2025-11-15 19:00:00,2025-11,2025-11-15 17:00:00,2,0.533333,0.665850
2025-11-15 20:00:00,2025-11,2025-11-15 17:00:00,3,0.690000,0.784775
2025-11-15 21:00:00,2025-11,2025-11-15 17:00:00,4,0.990000,0.833235
2025-11-15 22:00:00,2025-11,2025-11-15 17:00:00,5,0.990000,0.893130
2025-11-15 23:00:00,2025-11,2025-11-15 17:00:00,6,0.978333,0.949152
2025-11-16 00:00:00,2025-11,2025-11-15 17:00:00,7,0.990000,0.976096
2025-11-16 01:00:00,2025-11,2025-11-15 17:00:00,8,0.988333,0.984217
2025-11-16 02:00:00,2025-11,2025-11-15 17:00:00,9,0.986667,0.987467
2025-11-16 03:00:00,2025-11,2025-11-15 17:00:00,10,0.978333,0.989910
2025-11-16 04:00:00,2025-11,2025-11-15 17:00:00,11,0.970000,0.987450
2025-11-16 05:00:00,2025-11,2025-11-15 17:00:00,12,0.981667,0.991482
2025-11-16 06:00:00,2025-11,2025-11-15 17:00:00,13,0.990000,0.989218
2025-11-16 07:00:00,2025-11,2025-11-15 17:00:00,14,0.990000,0.990228
2025-11-16 08:00:00,2025-11,2025-11-15 17:00:00,15,0.988333,0.983124
2025-11-16 09:00:00,2025-11,2025-11-15 17:00:00,16,0.948333,0.973083
2025-11-16 10:00:00,2025-11,2025-11-15 17:00:00,17,0.848333,0.951166
2025-11-16 11:00:00,2025-11,2025-11-15 17:00:00,18,0.836667,0.893327
2025-11-16 12:00:00,2025-11,2025-11-15 17:00:00,19,0.253333,0.792295
2025-11-16 13:00:00,2025-11,2025-11-15 17:00:00,20,0.173333,0.734342
2025-11-16 14:00:00,2025-11,2025-11-15 17:00:00,21,0.338333,0.653459
2025-11-16 15:00:00,2025-11,2025-11-15 17:00:00,22,0.270000,0.533303
2025-11-16 16:00:00,2025-11,2025-11-15 17:00:00,23,0.091667,0.418869
2025-11-16 17:00:00,2025-11,2025-11-15 17:00:00,24,0.020000,0.281190
2025-11-16 18:00:00,2025-11,2025-11-15 17:00:00,25,0.010000,0.141378
2025-11-16 19:00:00,2025-11,2025-11-15 17:00:00,26,0.010000,0.133616
2025-11-16 20:00:00,2025-11,2025-11-15 17:00:00,27,0.010000,0.121857
2025-11-16 21:00:00,2025-11,2025-11-15 17:00:00,28,0.010000,0.119537
2025-11-16 22:00:00,2025-11,2025-11-15 17:00:00,29,0.010000,0.121868
2025-11-16 23:00:00,2025-11,2025-11-15 17:00:00,30,0.008333,0.124436
2025-11-17 00:00:00,2025-11,2025-11-15 17:00:00,31,0.010000,0.122779
2025-11-17 01:00:00,2025-11,2025-11-15 17:00:00,32,0.010000,0.162985
2025-11-17 02:00:00,2025-11,2025-11-15 17:00:00,33,0.010000,0.174884
2025-11-17 03:00:00,2025-11,2025-11-15 17:00:00,34,0.010000,0.196839
2025-11-17 04:00:00,2025-11,2025-11-15 17:00:00,35,0.010000,0.136723
2025-11-17 05:00:00,2025-11,2025-11-15 17:00:00,36,0.010000,0.129333
2025-11-17 06:00:00,2025-11,2025-11-15 17:00:00,37,0.010000,0.158089
2025-11-17 07:00:00,2025-11,2025-11-15 17:00:00,38,0.028333,0.161267
2025-11-17 08:00:00,2025-11,2025-11-15 17:00:00,39,0.010000,0.162184
2025-11-17 09:00:00,2025-11,2025-11-15 17:00:00,40,0.010000,0.178743
2025-11-17 10:00:00,2025-11,2025-11-15 17:00:00,41,0.028333,0.209306
2025-11-17 11:00:00,2025-11,2025-11-15 17:00:00,42,0.023333,0.309528
2025-11-17 12:00:00,2025-11,2025-11-15 17:00:00,43,0.013333,0.385429
2025-11-17 13:00:00,2025-11,2025-11-15 17:00:00,44,0.026667,0.438668
2025-11-17 14:00:00,2025-11,2025-11-15 17:00:00,45,0.011667,0.454592
2025-11-17 15:00:00,2025-11,2025-11-15 17:00:00,46,0.036667,0.486110
2025-11-17 16:00:00,2025-11,2025-11-15 17:00:00,47,0.046667,0.486733
2025-11-17 17:00:00,2025-11,2025-11-15 17:00:00,48,0.148333,0.515240
2025-11-16 18:00:00,2025-11,2025-11-16 17:00:00,1,0.010000,0.152965
2025-11-16 19:00:00,2025-11,2025-11-16 17:00:00,2,0.010000,0.123694
2025-11-16 20:00:00,2025-11,2025-11-16 17:00:00,3,0.010000,0.115665
2025-11-16 21:00:00,2025-11,2025-11-16 17:00:00,4,0.010000,0.115921
2025-11-16 22:00:00,2025-11,2025-11-16 17:00:00,5,0.010000,0.116238
2025-11-16 23:00:00,2025-11,2025-11-16 17:00:00,6,0.008333,0.084545
2025-11-17 00:00:00,2025-11,2025-11-16 17:00:00,7,0.010000,0.081139
2025-11-17 01:00:00,2025-11,2025-11-16 17:00:00,8,0.010000,0.095472
2025-11-17 02:00:00,2025-11,2025-11-16 17:00:00,9,0.010000,0.150346
2025-11-17 03:00:00,2025-11,2025-11-16 17:00:00,10,0.010000,0.177216
2025-11-17 04:00:00,2025-11,2025-11-16 17:00:00,11,0.010000,0.165466
2025-11-17 05:00:00,2025-11,2025-11-16 17:00:00,12,0.010000,0.149422
2025-11-17 06:00:00,2025-11,2025-11-16 17:00:00,13,0.010000,0.181635
2025-11-17 07:00:00,2025-11,2025-11-16 17:00:00,14,0.028333,0.191366
2025-11-17 08:00:00,2025-11,2025-11-16 17:00:00,15,0.010000,0.174475
2025-11-17 09:00:00,2025-11,2025-11-16 17:00:00,16,0.010000,0.170928
2025-11-17 10:00:00,2025-11,2025-11-16 17:00:00,17,0.028333,0.209309
2025-11-17 11:00:00,2025-11,2025-11-16 17:00:00,18,0.023333,0.306183
2025-11-17 12:00:00,2025-11,2025-11-16 17:00:00,19,0.013333,0.368168
2025-11-17 13:00:00,2025-11,2025-11-16 17:00:00,20,0.026667,0.432662
2025-11-17 14:00:00,2025-11,2025-11-16 17:00:00,21,0.011667,0.503873
2025-11-17 15:00:00,2025-11,2025-11-16 17:00:00,22,0.036667,0.569208
2025-11-17 16:00:00,2025-11,2025-11-16 17:00:00,23,0.046667,0.687636
2025-11-17 17:00:00,2025-11,2025-11-16 17:00:00,24,0.148333,0.687729
2025-11-17 18:00:00,2025-11,2025-11-16 17:00:00,25,0.208333,0.650877
2025-11-17 19:00:00,2025-11,2025-11-16 17:00:00,26,0.295000,0.685513
2025-11-17 20:00:00,2025-11,2025-11-16 17:00:00,27,0.360000,0.738799
2025-11-17 21:00:00,2025-11,2025-11-16 17:00:00,28,0.583333,0.796330
2025-11-17 22:00:00,2025-11,2025-11-16 17:00:00,29,0.806667,0.842686
2025-11-17 23:00:00,2025-11,2025-11-16 17:00:00,30,0.840000,0.852672
2025-11-18 00:00:00,2025-11,2025-11-16 17:00:00,31,0.856667,0.887346
2025-11-18 01:00:00,2025-11,2025-11-16 17:00:00,32,0.868333,0.905044
2025-11-18 02:00:00,2025-11,2025-11-16 17:00:00,33,0.905000,0.942473
2025-11-18 03:00:00,2025-11,2025-11-16 17:00:00,34,0.551667,0.968131
2025-11-18 04:00:00,2025-11,2025-11-16 17:00:00,35,0.805000,0.987717
2025-11-18 05:00:00,2025-11,2025-11-16 17:00:00,36,0.988333,0.990162
2025-11-18 06:00:00,2025-11,2025-11-16 17:00:00,37,0.986667,0.992903
2025-11-18 07:00:00,2025-11,2025-11-16 17:00:00,38,0.986667,0.993264
2025-11-18 08:00:00,2025-11,2025-11-16 17:00:00,39,0.988333,0.987672
2025-11-18 09:00:00,2025-11,2025-11-16 17:00:00,40,0.983333,0.986710
2025-11-18 10:00:00,2025-11,2025-11-16 17:00:00,41,0.808333,0.972081
2025-11-18 11:00:00,2025-11,2025-11-16 17:00:00,42,0.808333,0.907797
2025-11-18 12:00:00,2025-11,2025-11-16 17:00:00,43,0.988333,0.816924
2025-11-18 13:00:00,2025-11,2025-11-16 17:00:00,44,0.985000,0.723852
2025-11-18 14:00:00,2025-11,2025-11-16 17:00:00,45,0.986667,0.635909
2025-11-18 15:00:00,2025-11,2025-11-16 17:00:00,46,0.966667,0.493265
2025-11-18 16:00:00,2025-11,2025-11-16 17:00:00,47,0.875000,0.375075
2025-11-18 17:00:00,2025-11,2025-11-16 17:00:00,48,0.428333,0.307617
2025-11-17 18:00:00,2025-11,2025-11-17 17:00:00,1,0.208333,0.647049
2025-11-17 19:00:00,2025-11,2025-11-17 17:00:00,2,0.295000,0.675782
2025-11-17 20:00:00,2025-11,2025-11-17 17:00:00,3,0.360000,0.762939
2025-11-17 21:00:00,2025-11,2025-11-17 17:00:00,4,0.583333,0.813887
2025-11-17 22:00:00,2025-11,2025-11-17 17:00:00,5,0.806667,0.835707
2025-11-17 23:00:00,2025-11,2025-11-17 17:00:00,6,0.840000,0.866394
2025-11-18 00:00:00,2025-11,2025-11-17 17:00:00,7,0.856667,0.894814
2025-11-18 01:00:00,2025-11,2025-11-17 17:00:00,8,0.868333,0.913944
2025-11-18 02:00:00,2025-11,2025-11-17 17:00:00,9,0.905000,0.946158
2025-11-18 03:00:00,2025-11,2025-11-17 17:00:00,10,0.551667,0.962471
2025-11-18 04:00:00,2025-11,2025-11-17 17:00:00,11,0.805000,0.986106
2025-11-18 05:00:00,2025-11,2025-11-17 17:00:00,12,0.988333,0.990616
2025-11-18 06:00:00,2025-11,2025-11-17 17:00:00,13,0.986667,0.991697
2025-11-18 07:00:00,2025-11,2025-11-17 17:00:00,14,0.986667,0.990209
2025-11-18 08:00:00,2025-11,2025-11-17 17:00:00,15,0.988333,0.989325
2025-11-18 09:00:00,2025-11,2025-11-17 17:00:00,16,0.983333,0.982086
2025-11-18 10:00:00,2025-11,2025-11-17 17:00:00,17,0.808333,0.952888
2025-11-18 11:00:00,2025-11,2025-11-17 17:00:00,18,0.808333,0.924205
2025-11-18 12:00:00,2025-11,2025-11-17 17:00:00,19,0.988333,0.835637
2025-11-18 13:00:00,2025-11,2025-11-17 17:00:00,20,0.985000,0.748691
2025-11-18 14:00:00,2025-11,2025-11-17 17:00:00,21,0.986667,0.649542
2025-11-18 15:00:00,2025-11,2025-11-17 17:00:00,22,0.966667,0.619492
2025-11-18 16:00:00,2025-11,2025-11-17 17:00:00,23,0.875000,0.436126
2025-11-18 17:00:00,2025-11,2025-11-17 17:00:00,24,0.428333,0.365564
2025-11-18 18:00:00,2025-11,2025-11-17 17:00:00,25,0.580000,0.226702
2025-11-18 19:00:00,2025-11,2025-11-17 17:00:00,26,0.605000,0.215473
2025-11-18 20:00:00,2025-11,2025-11-17 17:00:00,27,0.678333,0.198706
2025-11-18 21:00:00,2025-11,2025-11-17 17:00:00,28,0.605000,0.150951
2025-11-18 22:00:00,2025-11,2025-11-17 17:00:00,29,0.603333,0.141407
2025-11-18 23:00:00,2025-11,2025-11-17 17:00:00,30,0.563333,0.120972
2025-11-19 00:00:00,2025-11,2025-11-17 17:00:00,31,0.503333,0.117251
2025-11-19 01:00:00,2025-11,2025-11-17 17:00:00,32,0.588333,0.135010
2025-11-19 02:00:00,2025-11,2025-11-17 17:00:00,33,0.445000,0.150807
2025-11-19 03:00:00,2025-11,2025-11-17 17:00:00,34,0.333333,0.148054
2025-11-19 04:00:00,2025-11,2025-11-17 17:00:00,35,0.140000,0.097554
2025-11-19 05:00:00,2025-11,2025-11-17 17:00:00,36,0.136667,0.097739
2025-11-19 06:00:00,2025-11,2025-11-17 17:00:00,37,0.341667,0.083677
2025-11-19 07:00:00,2025-11,2025-11-17 17:00:00,38,0.063333,0.043058
2025-11-19 08:00:00,2025-11,2025-11-17 17:00:00,39,0.013333,0.037013
2025-11-19 09:00:00,2025-11,2025-11-17 17:00:00,40,0.010000,0.032053
2025-11-19 10:00:00,2025-11,2025-11-17 17:00:00,41,0.010000,0.040095
2025-11-19 11:00:00,2025-11,2025-11-17 17:00:00,42,0.010000,0.038169
2025-11-19 12:00:00,2025-11,2025-11-17 17:00:00,43,0.010000,0.036295
2025-11-19 13:00:00,2025-11,2025-11-17 17:00:00,44,0.010000,0.020206
2025-11-19 14:00:00,2025-11,2025-11-17 17:00:00,45,0.010000,0.018991
2025-11-19 15:00:00,2025-11,2025-11-17 17:00:00,46,0.013333,0.020716
2025-11-19 16:00:00,2025-11,2025-11-17 17:00:00,47,0.013333,0.018744
2025-11-19 17:00:00,2025-11,2025-11-17 17:00:00,48,0.010000,0.035072
2025-11-18 18:00:00,2025-11,2025-11-18 17:00:00,1,0.580000,0.178233
2025-11-18 19:00:00,2025-11,2025-11-18 17:00:00,2,0.605000,0.165536
2025-11-18 20:00:00,2025-11,2025-11-18 17:00:00,3,0.678333,0.150985
2025-11-18 21:00:00,2025-11,2025-11-18 17:00:00,4,0.605000,0.145451
2025-11-18 22:00:00,2025-11,2025-11-18 17:00:00,5,0.603333,0.144376
2025-11-18 23:00:00,2025-11,2025-11-18 17:00:00,6,0.563333,0.127444
2025-11-19 00:00:00,2025-11,2025-11-18 17:00:00,7,0.503333,0.141887
2025-11-19 01:00:00,2025-11,2025-11-18 17:00:00,8,0.588333,0.130181
2025-11-19 02:00:00,2025-11,2025-11-18 17:00:00,9,0.445000,0.122036
2025-11-19 03:00:00,2025-11,2025-11-18 17:00:00,10,0.333333,0.095929
2025-11-19 04:00:00,2025-11,2025-11-18 17:00:00,11,0.140000,0.082993
2025-11-19 05:00:00,2025-11,2025-11-18 17:00:00,12,0.136667,0.074871
2025-11-19 06:00:00,2025-11,2025-11-18 17:00:00,13,0.341667,0.073948
2025-11-19 07:00:00,2025-11,2025-11-18 17:00:00,14,0.063333,0.063106
2025-11-19 08:00:00,2025-11,2025-11-18 17:00:00,15,0.013333,0.028031
2025-11-19 09:00:00,2025-11,2025-11-18 17:00:00,16,0.010000,0.023248
2025-11-19 10:00:00,2025-11,2025-11-18 17:00:00,17,0.010000,0.025303
2025-11-19 11:00:00,2025-11,2025-11-18 17:00:00,18,0.010000,0.031269
2025-11-19 12:00:00,2025-11,2025-11-18 17:00:00,19,0.010000,0.053717
2025-11-19 13:00:00,2025-11,2025-11-18 17:00:00,20,0.010000,0.060645
2025-11-19 14:00:00,2025-11,2025-11-18 17:00:00,21,0.010000,0.065096
2025-11-19 15:00:00,2025-11,2025-11-18 17:00:00,22,0.013333,0.078839
2025-11-19 16:00:00,2025-11,2025-11-18 17:00:00,23,0.013333,0.068255
2025-11-19 17:00:00,2025-11,2025-11-18 17:00:00,24,0.010000,0.072572
2025-11-19 18:00:00,2025-11,2025-11-18 17:00:00,25,0.041667,0.055797
2025-11-19 19:00:00,2025-11,2025-11-18 17:00:00,26,0.023333,0.059750
2025-11-19 20:00:00,2025-11,2025-11-18 17:00:00,27,0.010000,0.071733
2025-11-19 21:00:00,2025-11,2025-11-18 17:00:00,28,0.010000,0.084007
2025-11-19 22:00:00,2025-11,2025-11-18 17:00:00,29,0.010000,0.083118
2025-11-19 23:00:00,2025-11,2025-11-18 17:00:00,30,0.010000,0.060961
2025-11-20 00:00:00,2025-11,2025-11-18 17:00:00,31,0.010000,0.063105
2025-11-20 01:00:00,2025-11,2025-11-18 17:00:00,32,0.010000,0.057182
2025-11-20 02:00:00,2025-11,2025-11-18 17:00:00,33,0.010000,0.050195
2025-11-20 03:00:00,2025-11,2025-11-18 17:00:00,34,0.010000,0.035741
2025-11-20 04:00:00,2025-11,2025-11-18 17:00:00,35,0.010000,0.018925
2025-11-20 05:00:00,2025-11,2025-11-18 17:00:00,36,0.010000,0.035120
2025-11-20 06:00:00,2025-11,2025-11-18 17:00:00,37,0.018333,0.037185
2025-11-20 07:00:00,2025-11,2025-11-18 17:00:00,38,0.015000,0.033253
2025-11-20 08:00:00,2025-11,2025-11-18 17:00:00,39,0.010000,0.027552
2025-11-20 09:00:00,2025-11,2025-11-18 17:00:00,40,0.010000,0.031796
2025-11-20 10:00:00,2025-11,2025-11-18 17:00:00,41,0.010000,0.029213
2025-11-20 11:00:00,2025-11,2025-11-18 17:00:00,42,0.010000,0.038053
2025-11-20 12:00:00,2025-11,2025-11-18 17:00:00,43,0.010000,0.042703
2025-11-20 13:00:00,2025-11,2025-11-18 17:00:00,44,0.011667,0.040326
2025-11-20 14:00:00,2025-11,2025-11-18 17:00:00,45,0.011667,0.039655
2025-11-20 15:00:00,2025-11,2025-11-18 17:00:00,46,0.010000,0.062112
2025-11-20 16:00:00,2025-11,2025-11-18 17:00:00,47,0.015000,0.072726
2025-11-20 17:00:00,2025-11,2025-11-18 17:00:00,48,0.088333,0.125600
2025-11-19 18:00:00,2025-11,2025-11-19 17:00:00,1,0.041667,0.080046
2025-11-19 19:00:00,2025-11,2025-11-19 17:00:00,2,0.023333,0.063897
2025-11-19 20:00:00,2025-11,2025-11-19 17:00:00,3,0.010000,0.054410
2025-11-19 21:00:00,2025-11,2025-11-19 17:00:00,4,0.010000,0.034474
2025-11-19 22:00:00,2025-11,2025-11-19 17:00:00,5,0.010000,0.028185
2025-11-19 23:00:00,2025-11,2025-11-19 17:00:00,6,0.010000,0.029887
2025-11-20 00:00:00,2025-11,2025-11-19 17:00:00,7,0.010000,0.027656
2025-11-20 01:00:00,2025-11,2025-11-19 17:00:00,8,0.010000,0.028632
2025-11-20 02:00:00,2025-11,2025-11-19 17:00:00,9,0.010000,0.019620
2025-11-20 03:00:00,2025-11,2025-11-19 17:00:00,10,0.010000,0.026190
2025-11-20 04:00:00,2025-11,2025-11-19 17:00:00,11,0.010000,0.028126
2025-11-20 05:00:00,2025-11,2025-11-19 17:00:00,12,0.010000,0.038893
2025-11-20 06:00:00,2025-11,2025-11-19 17:00:00,13,0.018333,0.048118
2025-11-20 07:00:00,2025-11,2025-11-19 17:00:00,14,0.015000,0.049553
2025-11-20 08:00:00,2025-11,2025-11-19 17:00:00,15,0.010000,0.043757
2025-11-20 09:00:00,2025-11,2025-11-19 17:00:00,16,0.010000,0.035565
2025-11-20 10:00:00,2025-11,2025-11-19 17:00:00,17,0.010000,0.041435
2025-11-20 11:00:00,2025-11,2025-11-19 17:00:00,18,0.010000,0.038790
2025-11-20 12:00:00,2025-11,2025-11-19 17:00:00,19,0.010000,0.041001
2025-11-20 13:00:00,2025-11,2025-11-19 17:00:00,20,0.011667,0.059743
2025-11-20 14:00:00,2025-11,2025-11-19 17:00:00,21,0.011667,0.073654
2025-11-20 15:00:00,2025-11,2025-11-19 17:00:00,22,0.010000,0.094040
2025-11-20 16:00:00,2025-11,2025-11-19 17:00:00,23,0.015000,0.108219
2025-11-20 17:00:00,2025-11,2025-11-19 17:00:00,24,0.088333,0.157946
2025-11-20 18:00:00,2025-11,2025-11-19 17:00:00,25,0.178333,0.145173
2025-11-20 19:00:00,2025-11,2025-11-19 17:00:00,26,0.225000,0.174527
2025-11-20 20:00:00,2025-11,2025-11-19 17:00:00,27,0.263333,0.222265
2025-11-20 21:00:00,2025-11,2025-11-19 17:00:00,28,0.195000,0.271772
2025-11-20 22:00:00,2025-11,2025-11-19 17:00:00,29,0.203333,0.341172
2025-11-20 23:00:00,2025-11,2025-11-19 17:00:00,30,0.173333,0.361399
2025-11-21 00:00:00,2025-11,2025-11-19 17:00:00,31,0.150000,0.354195
2025-11-21 01:00:00,2025-11,2025-11-19 17:00:00,32,0.198333,0.391973
2025-11-21 02:00:00,2025-11,2025-11-19 17:00:00,33,0.320000,0.398336
2025-11-21 03:00:00,2025-11,2025-11-19 17:00:00,34,0.286667,0.412514
2025-11-21 04:00:00,2025-11,2025-11-19 17:00:00,35,0.111667,0.416199
2025-11-21 05:00:00,2025-11,2025-11-19 17:00:00,36,0.456667,0.436840
2025-11-21 06:00:00,2025-11,2025-11-19 17:00:00,37,0.735000,0.482898
2025-11-21 07:00:00,2025-11,2025-11-19 17:00:00,38,0.091667,0.479206
2025-11-21 08:00:00,2025-11,2025-11-19 17:00:00,39,0.446667,0.424922
2025-11-21 09:00:00,2025-11,2025-11-19 17:00:00,40,0.278333,0.321185
2025-11-21 10:00:00,2025-11,2025-11-19 17:00:00,41,0.250000,0.286191
2025-11-21 11:00:00,2025-11,2025-11-19 17:00:00,42,0.085000,0.215866
2025-11-21 12:00:00,2025-11,2025-11-19 17:00:00,43,0.081667,0.185850
2025-11-21 13:00:00,2025-11,2025-11-19 17:00:00,44,0.070000,0.177763
2025-11-21 14:00:00,2025-11,2025-11-19 17:00:00,45,0.016667,0.160027
2025-11-21 15:00:00,2025-11,2025-11-19 17:00:00,46,0.083333,0.133408
2025-11-21 16:00:00,2025-11,2025-11-19 17:00:00,47,0.126667,0.117332
2025-11-21 17:00:00,2025-11,2025-11-19 17:00:00,48,0.055000,0.076033
2025-11-20 18:00:00,2025-11,2025-11-20 17:00:00,1,0.178333,0.131675
2025-11-20 19:00:00,2025-11,2025-11-20 17:00:00,2,0.225000,0.172440
2025-11-20 20:00:00,2025-11,2025-11-20 17:00:00,3,0.263333,0.225933
2025-11-20 21:00:00,2025-11,2025-11-20 17:00:00,4,0.195000,0.249556
2025-11-20 22:00:00,2025-11,2025-11-20 17:00:00,5,0.203333,0.282894
2025-11-20 23:00:00,2025-11,2025-11-20 17:00:00,6,0.173333,0.320335
2025-11-21 00:00:00,2025-11,2025-11-20 17:00:00,7,0.150000,0.368916
2025-11-21 01:00:00,2025-11,2025-11-20 17:00:00,8,0.198333,0.401760
2025-11-21 02:00:00,2025-11,2025-11-20 17:00:00,9,0.320000,0.434296
2025-11-21 03:00:00,2025-11,2025-11-20 17:00:00,10,0.286667,0.442981
2025-11-21 04:00:00,2025-11,2025-11-20 17:00:00,11,0.111667,0.477055
2025-11-21 05:00:00,2025-11,2025-11-20 17:00:00,12,0.456667,0.471427
2025-11-21 06:00:00,2025-11,2025-11-20 17:00:00,13,0.735000,0.475269
2025-11-21 07:00:00,2025-11,2025-11-20 17:00:00,14,0.091667,0.483266
2025-11-21 08:00:00,2025-11,2025-11-20 17:00:00,15,0.446667,0.410838
2025-11-21 09:00:00,2025-11,2025-11-20 17:00:00,16,0.278333,0.304059
2025-11-21 10:00:00,2025-11,2025-11-20 17:00:00,17,0.250000,0.313930
2025-11-21 11:00:00,2025-11,2025-11-20 17:00:00,18,0.085000,0.244706
2025-11-21 12:00:00,2025-11,2025-11-20 17:00:00,19,0.081667,0.178715
2025-11-21 13:00:00,2025-11,2025-11-20 17:00:00,20,0.070000,0.147100
2025-11-21 14:00:00,2025-11,2025-11-20 17:00:00,21,0.016667,0.133092
2025-11-21 15:00:00,2025-11,2025-11-20 17:00:00,22,0.083333,0.095901
2025-11-21 16:00:00,2025-11,2025-11-20 17:00:00,23,0.126667,0.073920
2025-11-21 17:00:00,2025-11,2025-11-20 17:00:00,24,0.055000,0.072121
2025-11-21 18:00:00,2025-11,2025-11-20 17:00:00,25,0.011667,0.054730
2025-11-21 19:00:00,2025-11,2025-11-20 17:00:00,26,0.010000,0.048151
2025-11-21 20:00:00,2025-11,2025-11-20 17:00:00,27,0.013333,0.046323
2025-11-21 21:00:00,2025-11,2025-11-20 17:00:00,28,0.010000,0.026992
2025-11-21 22:00:00,2025-11,2025-11-20 17:00:00,29,0.010000,0.017441
2025-11-21 23:00:00,2025-11,2025-11-20 17:00:00,30,0.010000,0.016419
2025-11-22 00:00:00,2025-11,2025-11-20 17:00:00,31,0.031667,0.020896
2025-11-22 01:00:00,2025-11,2025-11-20 17:00:00,32,0.508333,0.036756
2025-11-22 02:00:00,2025-11,2025-11-20 17:00:00,33,0.576667,0.047531
2025-11-22 03:00:00,2025-11,2025-11-20 17:00:00,34,0.646667,0.055816
2025-11-22 04:00:00,2025-11,2025-11-20 17:00:00,35,0.325000,0.069265
2025-11-22 05:00:00,2025-11,2025-11-20 17:00:00,36,0.348333,0.086729
2025-11-22 06:00:00,2025-11,2025-11-20 17:00:00,37,0.566667,0.151145
2025-11-22 07:00:00,2025-11,2025-11-20 17:00:00,38,0.805000,0.270829
2025-11-22 08:00:00,2025-11,2025-11-20 17:00:00,39,0.626667,0.335161
2025-11-22 09:00:00,2025-11,2025-11-20 17:00:00,40,0.741667,0.408277
2025-11-22 10:00:00,2025-11,2025-11-20 17:00:00,41,0.600000,0.430154
2025-11-22 11:00:00,2025-11,2025-11-20 17:00:00,42,0.478333,0.410375
2025-11-22 12:00:00,2025-11,2025-11-20 17:00:00,43,0.980000,0.317222
2025-11-22 13:00:00,2025-11,2025-11-20 17:00:00,44,0.828333,0.294748
2025-11-22 14:00:00,2025-11,2025-11-20 17:00:00,45,0.988333,0.266433
2025-11-22 15:00:00,2025-11,2025-11-20 17:00:00,46,0.191667,0.188900
2025-11-22 16:00:00,2025-11,2025-11-20 17:00:00,47,0.020000,0.121082
2025-11-22 17:00:00,2025-11,2025-11-20 17:00:00,48,0.010000,0.099987
2025-11-21 18:00:00,2025-11,2025-11-21 17:00:00,1,0.011667,0.048485
2025-11-21 19:00:00,2025-11,2025-11-21 17:00:00,2,0.010000,0.048944
2025-11-21 20:00:00,2025-11,2025-11-21 17:00:00,3,0.013333,0.040598
2025-11-21 21:00:00,2025-11,2025-11-21 17:00:00,4,0.010000,0.024193
2025-11-21 22:00:00,2025-11,2025-11-21 17:00:00,5,0.010000,0.018242
2025-11-21 23:00:00,2025-11,2025-11-21 17:00:00,6,0.010000,0.016442
2025-11-22 00:00:00,2025-11,2025-11-21 17:00:00,7,0.031667,0.013746
2025-11-22 01:00:00,2025-11,2025-11-21 17:00:00,8,0.508333,0.021202
2025-11-22 02:00:00,2025-11,2025-11-21 17:00:00,9,0.576667,0.035985
2025-11-22 03:00:00,2025-11,2025-11-21 17:00:00,10,0.646667,0.054659
2025-11-22 04:00:00,2025-11,2025-11-21 17:00:00,11,0.325000,0.081202
2025-11-22 05:00:00,2025-11,2025-11-21 17:00:00,12,0.348333,0.127349
2025-11-22 06:00:00,2025-11,2025-11-21 17:00:00,13,0.566667,0.177010
2025-11-22 07:00:00,2025-11,2025-11-21 17:00:00,14,0.805000,0.277465
2025-11-22 08:00:00,2025-11,2025-11-21 17:00:00,15,0.626667,0.367245
2025-11-22 09:00:00,2025-11,2025-11-21 17:00:00,16,0.741667,0.511916
2025-11-22 10:00:00,2025-11,2025-11-21 17:00:00,17,0.600000,0.534035
2025-11-22 11:00:00,2025-11,2025-11-21 17:00:00,18,0.478333,0.535546
2025-11-22 12:00:00,2025-11,2025-11-21 17:00:00,19,0.980000,0.407854
2025-11-22 13:00:00,2025-11,2025-11-21 17:00:00,20,0.828333,0.321361
2025-11-22 14:00:00,2025-11,2025-11-21 17:00:00,21,0.988333,0.178112
2025-11-22 15:00:00,2025-11,2025-11-21 17:00:00,22,0.191667,0.081526
2025-11-22 16:00:00,2025-11,2025-11-21 17:00:00,23,0.020000,0.062016
2025-11-22 17:00:00,2025-11,2025-11-21 17:00:00,24,0.010000,0.040802
2025-11-22 18:00:00,2025-11,2025-11-21 17:00:00,25,0.166667,0.070376
2025-11-22 19:00:00,2025-11,2025-11-21 17:00:00,26,0.126667,0.106057
2025-11-22 20:00:00,2025-11,2025-11-21 17:00:00,27,0.091667,0.225330
2025-11-22 21:00:00,2025-11,2025-11-21 17:00:00,28,0.163333,0.466973
2025-11-22 22:00:00,2025-11,2025-11-21 17:00:00,29,0.356667,0.778027
2025-11-22 23:00:00,2025-11,2025-11-21 17:00:00,30,0.440000,0.890481
2025-11-23 00:00:00,2025-11,2025-11-21 17:00:00,31,0.675000,0.954509
2025-11-23 01:00:00,2025-11,2025-11-21 17:00:00,32,0.920000,0.976766
2025-11-23 02:00:00,2025-11,2025-11-21 17:00:00,33,0.953333,0.979789
2025-11-23 03:00:00,2025-11,2025-11-21 17:00:00,34,0.975000,0.977820
2025-11-23 04:00:00,2025-11,2025-11-21 17:00:00,35,0.901667,0.989691
2025-11-23 05:00:00,2025-11,2025-11-21 17:00:00,36,0.970000,0.994434
2025-11-23 06:00:00,2025-11,2025-11-21 17:00:00,37,0.986667,0.993515
2025-11-23 07:00:00,2025-11,2025-11-21 17:00:00,38,0.978333,0.932158
2025-11-23 08:00:00,2025-11,2025-11-21 17:00:00,39,0.933333,0.833624
2025-11-23 09:00:00,2025-11,2025-11-21 17:00:00,40,0.873333,0.609508
2025-11-23 10:00:00,2025-11,2025-11-21 17:00:00,41,0.863333,0.474361
2025-11-23 11:00:00,2025-11,2025-11-21 17:00:00,42,0.903333,0.342301
2025-11-23 12:00:00,2025-11,2025-11-21 17:00:00,43,0.453333,0.194281
2025-11-23 13:00:00,2025-11,2025-11-21 17:00:00,44,0.210000,0.119545
2025-11-23 14:00:00,2025-11,2025-11-21 17:00:00,45,0.076667,0.088556
2025-11-23 15:00:00,2025-11,2025-11-21 17:00:00,46,0.050000,0.055445
2025-11-23 16:00:00,2025-11,2025-11-21 17:00:00,47,0.010000,0.046723
2025-11-23 17:00:00,2025-11,2025-11-21 17:00:00,48,0.010000,0.040247
2025-11-22 18:00:00,2025-11,2025-11-22 17:00:00,1,0.166667,0.052194
2025-11-22 19:00:00,2025-11,2025-11-22 17:00:00,2,0.126667,0.052020
2025-11-22 20:00:00,2025-11,2025-11-22 17:00:00,3,0.091667,0.109115
2025-11-22 21:00:00,2025-11,2025-11-22 17:00:00,4,0.163333,0.338274
2025-11-22 22:00:00,2025-11,2025-11-22 17:00:00,5,0.356667,0.545370
2025-11-22 23:00:00,2025-11,2025-11-22 17:00:00,6,0.440000,0.860970
2025-11-23 00:00:00,2025-11,2025-11-22 17:00:00,7,0.675000,0.928630
2025-11-23 01:00:00,2025-11,2025-11-22 17:00:00,8,0.920000,0.962199
2025-11-23 02:00:00,2025-11,2025-11-22 17:00:00,9,0.953333,0.980468
2025-11-23 03:00:00,2025-11,2025-11-22 17:00:00,10,0.975000,0.983074
2025-11-23 04:00:00,2025-11,2025-11-22 17:00:00,11,0.901667,0.992126
2025-11-23 05:00:00,2025-11,2025-11-22 17:00:00,12,0.970000,0.989625
2025-11-23 06:00:00,2025-11,2025-11-22 17:00:00,13,0.986667,0.991523
2025-11-23 07:00:00,2025-11,2025-11-22 17:00:00,14,0.978333,0.950653
2025-11-23 08:00:00,2025-11,2025-11-22 17:00:00,15,0.933333,0.829578
2025-11-23 09:00:00,2025-11,2025-11-22 17:00:00,16,0.873333,0.625008
2025-11-23 10:00:00,2025-11,2025-11-22 17:00:00,17,0.863333,0.507514
2025-11-23 11:00:00,2025-11,2025-11-22 17:00:00,18,0.903333,0.379025
2025-11-23 12:00:00,2025-11,2025-11-22 17:00:00,19,0.453333,0.320566
2025-11-23 13:00:00,2025-11,2025-11-22 17:00:00,20,0.210000,0.214105
2025-11-23 14:00:00,2025-11,2025-11-22 17:00:00,21,0.076667,0.119956
2025-11-23 15:00:00,2025-11,2025-11-22 17:00:00,22,0.050000,0.078339
2025-11-23 16:00:00,2025-11,2025-11-22 17:00:00,23,0.010000,0.053149
2025-11-23 17:00:00,2025-11,2025-11-22 17:00:00,24,0.010000,0.042664
2025-11-23 18:00:00,2025-11,2025-11-22 17:00:00,25,0.010000,0.027802
2025-11-23 19:00:00,2025-11,2025-11-22 17:00:00,26,0.010000,0.023126
2025-11-23 20:00:00,2025-11,2025-11-22 17:00:00,27,0.010000,0.019265
2025-11-23 21:00:00,2025-11,2025-11-22 17:00:00,28,0.010000,0.022317
2025-11-23 22:00:00,2025-11,2025-11-22 17:00:00,29,0.018333,0.022354
2025-11-23 23:00:00,2025-11,2025-11-22 17:00:00,30,0.010000,0.030521
2025-11-24 00:00:00,2025-11,2025-11-22 17:00:00,31,0.010000,0.047535
2025-11-24 01:00:00,2025-11,2025-11-22 17:00:00,32,0.010000,0.100005
2025-11-24 02:00:00,2025-11,2025-11-22 17:00:00,33,0.040000,0.139109
2025-11-24 03:00:00,2025-11,2025-11-22 17:00:00,34,0.203333,0.194183
2025-11-24 04:00:00,2025-11,2025-11-22 17:00:00,35,0.145000,0.209754
2025-11-24 05:00:00,2025-11,2025-11-22 17:00:00,36,0.098333,0.186911
2025-11-24 06:00:00,2025-11,2025-11-22 17:00:00,37,0.136667,0.145401
2025-11-24 07:00:00,2025-11,2025-11-22 17:00:00,38,0.055000,0.082918
2025-11-24 08:00:00,2025-11,2025-11-22 17:00:00,39,0.018333,0.039665
2025-11-24 09:00:00,2025-11,2025-11-22 17:00:00,40,0.010000,0.018131
2025-11-24 10:00:00,2025-11,2025-11-22 17:00:00,41,0.010000,0.019168
2025-11-24 11:00:00,2025-11,2025-11-22 17:00:00,42,0.010000,0.056461
2025-11-24 12:00:00,2025-11,2025-11-22 17:00:00,43,0.010000,0.089083
2025-11-24 13:00:00,2025-11,2025-11-22 17:00:00,44,0.031667,0.134473
2025-11-24 14:00:00,2025-11,2025-11-22 17:00:00,45,0.198333,0.297673
2025-11-24 15:00:00,2025-11,2025-11-22 17:00:00,46,0.255000,0.361222
2025-11-24 16:00:00,2025-11,2025-11-22 17:00:00,47,0.281667,0.427656
2025-11-24 17:00:00,2025-11,2025-11-22 17:00:00,48,0.526667,0.457861
2025-11-23 18:00:00,2025-11,2025-11-23 17:00:00,1,0.010000,0.015681
2025-11-23 19:00:00,2025-11,2025-11-23 17:00:00,2,0.010000,0.013078
2025-11-23 20:00:00,2025-11,2025-11-23 17:00:00,3,0.010000,0.011796
2025-11-23 21:00:00,2025-11,2025-11-23 17:00:00,4,0.010000,0.012678
2025-11-23 22:00:00,2025-11,2025-11-23 17:00:00,5,0.018333,0.021034
2025-11-23 23:00:00,2025-11,2025-11-23 17:00:00,6,0.010000,0.024900
2025-11-24 00:00:00,2025-11,2025-11-23 17:00:00,7,0.010000,0.068843
2025-11-24 01:00:00,2025-11,2025-11-23 17:00:00,8,0.010000,0.096036
2025-11-24 02:00:00,2025-11,2025-11-23 17:00:00,9,0.040000,0.116253
2025-11-24 03:00:00,2025-11,2025-11-23 17:00:00,10,0.203333,0.118219
2025-11-24 04:00:00,2025-11,2025-11-23 17:00:00,11,0.145000,0.142355
2025-11-24 05:00:00,2025-11,2025-11-23 17:00:00,12,0.098333,0.124680
2025-11-24 06:00:00,2025-11,2025-11-23 17:00:00,13,0.136667,0.096752
2025-11-24 07:00:00,2025-11,2025-11-23 17:00:00,14,0.055000,0.060153
2025-11-24 08:00:00,2025-11,2025-11-23 17:00:00,15,0.018333,0.025126
2025-11-24 09:00:00,2025-11,2025-11-23 17:00:00,16,0.010000,0.017203
2025-11-24 10:00:00,2025-11,2025-11-23 17:00:00,17,0.010000,0.022201
2025-11-24 11:00:00,2025-11,2025-11-23 17:00:00,18,0.010000,0.040087
2025-11-24 12:00:00,2025-11,2025-11-23 17:00:00,19,0.010000,0.058600
2025-11-24 13:00:00,2025-11,2025-11-23 17:00:00,20,0.031667,0.087256
2025-11-24 14:00:00,2025-11,2025-11-23 17:00:00,21,0.198333,0.154174
2025-11-24 15:00:00,2025-11,2025-11-23 17:00:00,22,0.255000,0.236367
2025-11-24 16:00:00,2025-11,2025-11-23 17:00:00,23,0.281667,0.326594
2025-11-24 17:00:00,2025-11,2025-11-23 17:00:00,24,0.526667,0.450682
2025-11-24 18:00:00,2025-11,2025-11-23 17:00:00,25,0.808333,0.559213
2025-11-24 19:00:00,2025-11,2025-11-23 17:00:00,26,0.990000,0.647141
2025-11-24 20:00:00,2025-11,2025-11-23 17:00:00,27,0.978333,0.708402
2025-11-24 21:00:00,2025-11,2025-11-23 17:00:00,28,0.913333,0.758160
2025-11-24 22:00:00,2025-11,2025-11-23 17:00:00,29,0.761667,0.793458
2025-11-24 23:00:00,2025-11,2025-11-23 17:00:00,30,0.335000,0.733266
2025-11-25 00:00:00,2025-11,2025-11-23 17:00:00,31,0.388333,0.598848
2025-11-25 01:00:00,2025-11,2025-11-23 17:00:00,32,0.633333,0.572977
2025-11-25 02:00:00,2025-11,2025-11-23 17:00:00,33,0.075000,0.412337
2025-11-25 03:00:00,2025-11,2025-11-23 17:00:00,34,0.045000,0.266390
2025-11-25 04:00:00,2025-11,2025-11-23 17:00:00,35,0.010000,0.108330
2025-11-25 05:00:00,2025-11,2025-11-23 17:00:00,36,0.010000,0.068598
2025-11-25 06:00:00,2025-11,2025-11-23 17:00:00,37,0.010000,0.058669
2025-11-25 07:00:00,2025-11,2025-11-23 17:00:00,38,0.055000,0.069419
2025-11-25 08:00:00,2025-11,2025-11-23 17:00:00,39,0.068333,0.117516
2025-11-25 09:00:00,2025-11,2025-11-23 17:00:00,40,0.125000,0.175287
2025-11-25 10:00:00,2025-11,2025-11-23 17:00:00,41,0.130000,0.319843
2025-11-25 11:00:00,2025-11,2025-11-23 17:00:00,42,0.235000,0.452320
2025-11-25 12:00:00,2025-11,2025-11-23 17:00:00,43,0.380000,0.817117
2025-11-25 13:00:00,2025-11,2025-11-23 17:00:00,44,0.853333,0.983975
2025-11-25 14:00:00,2025-11,2025-11-23 17:00:00,45,0.990000,0.982039
2025-11-25 15:00:00,2025-11,2025-11-23 17:00:00,46,0.990000,0.990746
2025-11-25 16:00:00,2025-11,2025-11-23 17:00:00,47,0.990000,0.987059
2025-11-25 17:00:00,2025-11,2025-11-23 17:00:00,48,0.988333,0.987021
2025-11-24 18:00:00,2025-11,2025-11-24 17:00:00,1,0.808333,0.583199
2025-11-24 19:00:00,2025-11,2025-11-24 17:00:00,2,0.990000,0.720650
2025-11-24 20:00:00,2025-11,2025-11-24 17:00:00,3,0.978333,0.767870
2025-11-24 21:00:00,2025-11,2025-11-24 17:00:00,4,0.913333,0.781383
2025-11-24 22:00:00,2025-11,2025-11-24 17:00:00,5,0.761667,0.798589
2025-11-24 23:00:00,2025-11,2025-11-24 17:00:00,6,0.335000,0.759030
2025-11-25 00:00:00,2025-11,2025-11-24 17:00:00,7,0.388333,0.616323
2025-11-25 01:00:00,2025-11,2025-11-24 17:00:00,8,0.633333,0.486209
2025-11-25 02:00:00,2025-11,2025-11-24 17:00:00,9,0.075000,0.327908
2025-11-25 03:00:00,2025-11,2025-11-24 17:00:00,10,0.045000,0.189632
2025-11-25 04:00:00,2025-11,2025-11-24 17:00:00,11,0.010000,0.075385
2025-11-25 05:00:00,2025-11,2025-11-24 17:00:00,12,0.010000,0.027891
2025-11-25 06:00:00,2025-11,2025-11-24 17:00:00,13,0.010000,0.026135
2025-11-25 07:00:00,2025-11,2025-11-24 17:00:00,14,0.055000,0.062232
2025-11-25 08:00:00,2025-11,2025-11-24 17:00:00,15,0.068333,0.159702
2025-11-25 09:00:00,2025-11,2025-11-24 17:00:00,16,0.125000,0.364164
2025-11-25 10:00:00,2025-11,2025-11-24 17:00:00,17,0.130000,0.592934
2025-11-25 11:00:00,2025-11,2025-11-24 17:00:00,18,0.235000,0.689561
2025-11-25 12:00:00,2025-11,2025-11-24 17:00:00,19,0.380000,0.898929
2025-11-25 13:00:00,2025-11,2025-11-24 17:00:00,20,0.853333,0.969618
2025-11-25 14:00:00,2025-11,2025-11-24 17:00:00,21,0.990000,0.990601
2025-11-25 15:00:00,2025-11,2025-11-24 17:00:00,22,0.990000,0.990481
2025-11-25 16:00:00,2025-11,2025-11-24 17:00:00,23,0.990000,0.989108
2025-11-25 17:00:00,2025-11,2025-11-24 17:00:00,24,0.988333,0.988421
2025-11-25 18:00:00,2025-11,2025-11-24 17:00:00,25,0.985000,0.987890
2025-11-25 19:00:00,2025-11,2025-11-24 17:00:00,26,0.990000,0.986352
2025-11-25 20:00:00,2025-11,2025-11-24 17:00:00,27,0.986667,0.984952
2025-11-25 21:00:00,2025-11,2025-11-24 17:00:00,28,0.990000,0.981292
2025-11-25 22:00:00,2025-11,2025-11-24 17:00:00,29,0.988333,0.981797
2025-11-25 23:00:00,2025-11,2025-11-24 17:00:00,30,0.988333,0.980248
2025-11-26 00:00:00,2025-11,2025-11-24 17:00:00,31,0.990000,0.982326
2025-11-26 01:00:00,2025-11,2025-11-24 17:00:00,32,0.990000,0.983465
2025-11-26 02:00:00,2025-11,2025-11-24 17:00:00,33,0.923333,0.983405
2025-11-26 03:00:00,2025-11,2025-11-24 17:00:00,34,0.980000,0.988001
2025-11-26 04:00:00,2025-11,2025-11-24 17:00:00,35,0.990000,0.988320
2025-11-26 05:00:00,2025-11,2025-11-24 17:00:00,36,0.990000,0.987119
2025-11-26 06:00:00,2025-11,2025-11-24 17:00:00,37,0.990000,0.987982
2025-11-26 07:00:00,2025-11,2025-11-24 17:00:00,38,0.990000,0.987983
2025-11-26 08:00:00,2025-11,2025-11-24 17:00:00,39,0.990000,0.986695
2025-11-26 09:00:00,2025-11,2025-11-24 17:00:00,40,0.990000,0.978033
2025-11-26 10:00:00,2025-11,2025-11-24 17:00:00,41,0.988333,0.970940
2025-11-26 11:00:00,2025-11,2025-11-24 17:00:00,42,0.990000,0.956830
2025-11-26 12:00:00,2025-11,2025-11-24 17:00:00,43,0.990000,0.961802
2025-11-26 13:00:00,2025-11,2025-11-24 17:00:00,44,0.880000,0.953526
2025-11-26 14:00:00,2025-11,2025-11-24 17:00:00,45,0.803333,0.930085
2025-11-26 15:00:00,2025-11,2025-11-24 17:00:00,46,0.353333,0.870533
2025-11-26 16:00:00,2025-11,2025-11-24 17:00:00,47,0.855000,0.670263
2025-11-26 17:00:00,2025-11,2025-11-24 17:00:00,48,0.543333,0.479570
2025-11-25 18:00:00,2025-11,2025-11-25 17:00:00,1,0.985000,0.984863
2025-11-25 19:00:00,2025-11,2025-11-25 17:00:00,2,0.990000,0.983587
2025-11-25 20:00:00,2025-11,2025-11-25 17:00:00,3,0.986667,0.984013
2025-11-25 21:00:00,2025-11,2025-11-25 17:00:00,4,0.990000,0.983669
2025-11-25 22:00:00,2025-11,2025-11-25 17:00:00,5,0.988333,0.983708
2025-11-25 23:00:00,2025-11,2025-11-25 17:00:00,6,0.988333,0.984031
2025-11-26 00:00:00,2025-11,2025-11-25 17:00:00,7,0.990000,0.985293
2025-11-26 01:00:00,2025-11,2025-11-25 17:00:00,8,0.990000,0.986230
2025-11-26 02:00:00,2025-11,2025-11-25 17:00:00,9,0.923333,0.987236
2025-11-26 03:00:00,2025-11,2025-11-25 17:00:00,10,0.980000,0.989230
2025-11-26 04:00:00,2025-11,2025-11-25 17:00:00,11,0.990000,0.988471
2025-11-26 05:00:00,2025-11,2025-11-25 17:00:00,12,0.990000,0.988542
2025-11-26 06:00:00,2025-11,2025-11-25 17:00:00,13,0.990000,0.988558
2025-11-26 07:00:00,2025-11,2025-11-25 17:00:00,14,0.990000,0.988868
2025-11-26 08:00:00,2025-11,2025-11-25 17:00:00,15,0.990000,0.987627
2025-11-26 09:00:00,2025-11,2025-11-25 17:00:00,16,0.990000,0.983880
2025-11-26 10:00:00,2025-11,2025-11-25 17:00:00,17,0.988333,0.979074
2025-11-26 11:00:00,2025-11,2025-11-25 17:00:00,18,0.990000,0.967742
2025-11-26 12:00:00,2025-11,2025-11-25 17:00:00,19,0.990000,0.951676
2025-11-26 13:00:00,2025-11,2025-11-25 17:00:00,20,0.880000,0.922369
2025-11-26 14:00:00,2025-11,2025-11-25 17:00:00,21,0.803333,0.892901
2025-11-26 15:00:00,2025-11,2025-11-25 17:00:00,22,0.353333,0.754697
2025-11-26 16:00:00,2025-11,2025-11-25 17:00:00,23,0.855000,0.522557
2025-11-26 17:00:00,2025-11,2025-11-25 17:00:00,24,0.543333,0.256598
2025-11-26 18:00:00,2025-11,2025-11-25 17:00:00,25,0.320000,0.172033
2025-11-26 19:00:00,2025-11,2025-11-25 17:00:00,26,0.256667,0.091530
2025-11-26 20:00:00,2025-11,2025-11-25 17:00:00,27,0.103333,0.073209
2025-11-26 21:00:00,2025-11,2025-11-25 17:00:00,28,0.120000,0.045804
2025-11-26 22:00:00,2025-11,2025-11-25 17:00:00,29,0.250000,0.020397
2025-11-26 23:00:00,2025-11,2025-11-25 17:00:00,30,0.463333,0.009330
2025-11-27 00:00:00,2025-11,2025-11-25 17:00:00,31,0.273333,0.014296
2025-11-27 01:00:00,2025-11,2025-11-25 17:00:00,32,0.076667,0.012842
2025-11-27 02:00:00,2025-11,2025-11-25 17:00:00,33,0.010000,0.017024
2025-11-27 03:00:00,2025-11,2025-11-25 17:00:00,34,0.010000,0.026434
2025-11-27 04:00:00,2025-11,2025-11-25 17:00:00,35,0.010000,0.015641
2025-11-27 05:00:00,2025-11,2025-11-25 17:00:00,36,0.010000,0.019430
2025-11-27 06:00:00,2025-11,2025-11-25 17:00:00,37,0.010000,0.024600
2025-11-27 07:00:00,2025-11,2025-11-25 17:00:00,38,0.033333,0.050013
2025-11-27 08:00:00,2025-11,2025-11-25 17:00:00,39,0.190000,0.071327
2025-11-27 09:00:00,2025-11,2025-11-25 17:00:00,40,0.193333,0.129463
2025-11-27 10:00:00,2025-11,2025-11-25 17:00:00,41,0.206667,0.198399
2025-11-27 11:00:00,2025-11,2025-11-25 17:00:00,42,0.333333,0.303955
2025-11-27 12:00:00,2025-11,2025-11-25 17:00:00,43,0.518333,0.299673
2025-11-27 13:00:00,2025-11,2025-11-25 17:00:00,44,0.793333,0.297148
2025-11-27 14:00:00,2025-11,2025-11-25 17:00:00,45,0.825000,0.290456
2025-11-27 15:00:00,2025-11,2025-11-25 17:00:00,46,0.651667,0.222779
2025-11-27 16:00:00,2025-11,2025-11-25 17:00:00,47,0.238333,0.187947
2025-11-27 17:00:00,2025-11,2025-11-25 17:00:00,48,0.033333,0.148968
2025-11-26 18:00:00,2025-11,2025-11-26 17:00:00,1,0.320000,0.160857
2025-11-26 19:00:00,2025-11,2025-11-26 17:00:00,2,0.256667,0.102182
2025-11-26 20:00:00,2025-11,2025-11-26 17:00:00,3,0.103333,0.073500
2025-11-26 21:00:00,2025-11,2025-11-26 17:00:00,4,0.120000,0.037079
2025-11-26 22:00:00,2025-11,2025-11-26 17:00:00,5,0.250000,0.021572
2025-11-26 23:00:00,2025-11,2025-11-26 17:00:00,6,0.463333,0.014558
2025-11-27 00:00:00,2025-11,2025-11-26 17:00:00,7,0.273333,0.026022
2025-11-27 01:00:00,2025-11,2025-11-26 17:00:00,8,0.076667,0.039172
2025-11-27 02:00:00,2025-11,2025-11-26 17:00:00,9,0.010000,0.032295
2025-11-27 03:00:00,2025-11,2025-11-26 17:00:00,10,0.010000,0.033706
2025-11-27 04:00:00,2025-11,2025-11-26 17:00:00,11,0.010000,0.017518
2025-11-27 05:00:00,2025-11,2025-11-26 17:00:00,12,0.010000,0.009411
2025-11-27 06:00:00,2025-11,2025-11-26 17:00:00,13,0.010000,0.010226
2025-11-27 07:00:00,2025-11,2025-11-26 17:00:00,14,0.033333,0.025809
2025-11-27 08:00:00,2025-11,2025-11-26 17:00:00,15,0.190000,0.055631
2025-11-27 09:00:00,2025-11,2025-11-26 17:00:00,16,0.193333,0.082077
2025-11-27 10:00:00,2025-11,2025-11-26 17:00:00,17,0.206667,0.163402
2025-11-27 11:00:00,2025-11,2025-11-26 17:00:00,18,0.333333,0.287082
2025-11-27 12:00:00,2025-11,2025-11-26 17:00:00,19,0.518333,0.365865
2025-11-27 13:00:00,2025-11,2025-11-26 17:00:00,20,0.793333,0.408564
2025-11-27 14:00:00,2025-11,2025-11-26 17:00:00,21,0.825000,0.366206
2025-11-27 15:00:00,2025-11,2025-11-26 17:00:00,22,0.651667,0.341148
2025-11-27 16:00:00,2025-11,2025-11-26 17:00:00,23,0.238333,0.327190
2025-11-27 17:00:00,2025-11,2025-11-26 17:00:00,24,0.033333,0.276754
2025-11-27 18:00:00,2025-11,2025-11-26 17:00:00,25,0.013333,0.153383
2025-11-27 19:00:00,2025-11,2025-11-26 17:00:00,26,0.041667,0.105715
2025-11-27 20:00:00,2025-11,2025-11-26 17:00:00,27,0.010000,0.062579
2025-11-27 21:00:00,2025-11,2025-11-26 17:00:00,28,0.010000,0.015644
2025-11-27 22:00:00,2025-11,2025-11-26 17:00:00,29,0.010000,0.008789
2025-11-27 23:00:00,2025-11,2025-11-26 17:00:00,30,0.010000,0.008211
2025-11-28 00:00:00,2025-11,2025-11-26 17:00:00,31,0.010000,0.009387
2025-11-28 01:00:00,2025-11,2025-11-26 17:00:00,32,0.010000,0.012191
2025-11-28 02:00:00,2025-11,2025-11-26 17:00:00,33,0.010000,0.012738
2025-11-28 03:00:00,2025-11,2025-11-26 17:00:00,34,0.010000,0.012198
2025-11-28 04:00:00,2025-11,2025-11-26 17:00:00,35,0.010000,0.012378
2025-11-28 05:00:00,2025-11,2025-11-26 17:00:00,36,0.010000,0.010838
2025-11-28 06:00:00,2025-11,2025-11-26 17:00:00,37,0.010000,0.011230
2025-11-28 07:00:00,2025-11,2025-11-26 17:00:00,38,0.010000,0.012187
2025-11-28 08:00:00,2025-11,2025-11-26 17:00:00,39,0.010000,0.011134
2025-11-28 09:00:00,2025-11,2025-11-26 17:00:00,40,0.010000,0.011805
2025-11-28 10:00:00,2025-11,2025-11-26 17:00:00,41,0.010000,0.041884
2025-11-28 11:00:00,2025-11,2025-11-26 17:00:00,42,0.010000,0.113853
2025-11-28 12:00:00,2025-11,2025-11-26 17:00:00,43,0.013333,0.268877
2025-11-28 13:00:00,2025-11,2025-11-26 17:00:00,44,0.041667,0.284897
2025-11-28 14:00:00,2025-11,2025-11-26 17:00:00,45,0.038333,0.367726
2025-11-28 15:00:00,2025-11,2025-11-26 17:00:00,46,0.043333,0.364307
2025-11-28 16:00:00,2025-11,2025-11-26 17:00:00,47,0.215000,0.300062
2025-11-28 17:00:00,2025-11,2025-11-26 17:00:00,48,0.345000,0.310974
2025-11-27 18:00:00,2025-11,2025-11-27 17:00:00,1,0.013333,0.112001
2025-11-27 19:00:00,2025-11,2025-11-27 17:00:00,2,0.041667,0.089562
2025-11-27 20:00:00,2025-11,2025-11-27 17:00:00,3,0.010000,0.031148
2025-11-27 21:00:00,2025-11,2025-11-27 17:00:00,4,0.010000,0.025656
2025-11-27 22:00:00,2025-11,2025-11-27 17:00:00,5,0.010000,0.014214
2025-11-27 23:00:00,2025-11,2025-11-27 17:00:00,6,0.010000,0.008553
2025-11-28 00:00:00,2025-11,2025-11-27 17:00:00,7,0.010000,0.008697
2025-11-28 01:00:00,2025-11,2025-11-27 17:00:00,8,0.010000,0.011110
2025-11-28 02:00:00,2025-11,2025-11-27 17:00:00,9,0.010000,0.011112
2025-11-28 03:00:00,2025-11,2025-11-27 17:00:00,10,0.010000,0.011998
2025-11-28 04:00:00,2025-11,2025-11-27 17:00:00,11,0.010000,0.012418
2025-11-28 05:00:00,2025-11,2025-11-27 17:00:00,12,0.010000,0.012046
2025-11-28 06:00:00,2025-11,2025-11-27 17:00:00,13,0.010000,0.010778
2025-11-28 07:00:00,2025-11,2025-11-27 17:00:00,14,0.010000,0.010069
2025-11-28 08:00:00,2025-11,2025-11-27 17:00:00,15,0.010000,0.010466
2025-11-28 09:00:00,2025-11,2025-11-27 17:00:00,16,0.010000,0.011192
2025-11-28 10:00:00,2025-11,2025-11-27 17:00:00,17,0.010000,0.022636
2025-11-28 11:00:00,2025-11,2025-11-27 17:00:00,18,0.010000,0.043929
2025-11-28 12:00:00,2025-11,2025-11-27 17:00:00,19,0.013333,0.063395
2025-11-28 13:00:00,2025-11,2025-11-27 17:00:00,20,0.041667,0.110579
2025-11-28 14:00:00,2025-11,2025-11-27 17:00:00,21,0.038333,0.115287
2025-11-28 15:00:00,2025-11,2025-11-27 17:00:00,22,0.043333,0.116689
2025-11-28 16:00:00,2025-11,2025-11-27 17:00:00,23,0.215000,0.093585
2025-11-28 17:00:00,2025-11,2025-11-27 17:00:00,24,0.345000,0.076792
2025-11-28 18:00:00,2025-11,2025-11-27 17:00:00,25,0.218333,0.048465
2025-11-28 19:00:00,2025-11,2025-11-27 17:00:00,26,0.075000,0.044391
2025-11-28 20:00:00,2025-11,2025-11-27 17:00:00,27,0.010000,0.041020
2025-11-28 21:00:00,2025-11,2025-11-27 17:00:00,28,0.010000,0.032983
2025-11-28 22:00:00,2025-11,2025-11-27 17:00:00,29,0.010000,0.032007
2025-11-28 23:00:00,2025-11,2025-11-27 17:00:00,30,0.010000,0.025173
2025-11-29 00:00:00,2025-11,2025-11-27 17:00:00,31,0.010000,0.021189
2025-11-29 01:00:00,2025-11,2025-11-27 17:00:00,32,0.010000,0.019729
2025-11-29 02:00:00,2025-11,2025-11-27 17:00:00,33,0.010000,0.036941
2025-11-29 03:00:00,2025-11,2025-11-27 17:00:00,34,0.010000,0.055595
2025-11-29 04:00:00,2025-11,2025-11-27 17:00:00,35,0.010000,0.095112
2025-11-29 05:00:00,2025-11,2025-11-27 17:00:00,36,0.010000,0.176720
2025-11-29 06:00:00,2025-11,2025-11-27 17:00:00,37,0.036667,0.273829
2025-11-29 07:00:00,2025-11,2025-11-27 17:00:00,38,0.096667,0.320810
2025-11-29 08:00:00,2025-11,2025-11-27 17:00:00,39,0.145000,0.317517
2025-11-29 09:00:00,2025-11,2025-11-27 17:00:00,40,0.193333,0.301613
2025-11-29 10:00:00,2025-11,2025-11-27 17:00:00,41,0.203333,0.263951
2025-11-29 11:00:00,2025-11,2025-11-27 17:00:00,42,0.166667,0.190799
2025-11-29 12:00:00,2025-11,2025-11-27 17:00:00,43,0.115000,0.128165
2025-11-29 13:00:00,2025-11,2025-11-27 17:00:00,44,0.065000,0.117254
2025-11-29 14:00:00,2025-11,2025-11-27 17:00:00,45,0.061667,0.111544
2025-11-29 15:00:00,2025-11,2025-11-27 17:00:00,46,0.045000,0.116177
2025-11-29 16:00:00,2025-11,2025-11-27 17:00:00,47,0.096667,0.117793
2025-11-29 17:00:00,2025-11,2025-11-27 17:00:00,48,0.078333,0.124757
2025-11-28 18:00:00,2025-11,2025-11-28 17:00:00,1,0.218333,0.063115
2025-11-28 19:00:00,2025-11,2025-11-28 17:00:00,2,0.075000,0.036496
2025-11-28 20:00:00,2025-11,2025-11-28 17:00:00,3,0.010000,0.021353
2025-11-28 21:00:00,2025-11,2025-11-28 17:00:00,4,0.010000,0.011465
2025-11-28 22:00:00,2025-11,2025-11-28 17:00:00,5,0.010000,0.011338
2025-11-28 23:00:00,2025-11,2025-11-28 17:00:00,6,0.010000,0.010600
2025-11-29 00:00:00,2025-11,2025-11-28 17:00:00,7,0.010000,0.011204
2025-11-29 01:00:00,2025-11,2025-11-28 17:00:00,8,0.010000,0.012642
2025-11-29 02:00:00,2025-11,2025-11-28 17:00:00,9,0.010000,0.018976
2025-11-29 03:00:00,2025-11,2025-11-28 17:00:00,10,0.010000,0.035817
2025-11-29 04:00:00,2025-11,2025-11-28 17:00:00,11,0.010000,0.060141
2025-11-29 05:00:00,2025-11,2025-11-28 17:00:00,12,0.010000,0.087213
2025-11-29 06:00:00,2025-11,2025-11-28 17:00:00,13,0.036667,0.120178
2025-11-29 07:00:00,2025-11,2025-11-28 17:00:00,14,0.096667,0.177338
2025-11-29 08:00:00,2025-11,2025-11-28 17:00:00,15,0.145000,0.200610
2025-11-29 09:00:00,2025-11,2025-11-28 17:00:00,16,0.193333,0.209775
2025-11-29 10:00:00,2025-11,2025-11-28 17:00:00,17,0.203333,0.196402
2025-11-29 11:00:00,2025-11,2025-11-28 17:00:00,18,0.166667,0.207710
2025-11-29 12:00:00,2025-11,2025-11-28 17:00:00,19,0.115000,0.185899
2025-11-29 13:00:00,2025-11,2025-11-28 17:00:00,20,0.065000,0.185982
2025-11-29 14:00:00,2025-11,2025-11-28 17:00:00,21,0.061667,0.169228
2025-11-29 15:00:00,2025-11,2025-11-28 17:00:00,22,0.045000,0.155957
2025-11-29 16:00:00,2025-11,2025-11-28 17:00:00,23,0.096667,0.157387
2025-11-29 17:00:00,2025-11,2025-11-28 17:00:00,24,0.078333,0.150671
2025-11-29 18:00:00,2025-11,2025-11-28 17:00:00,25,0.026667,0.131354
2025-11-29 19:00:00,2025-11,2025-11-28 17:00:00,26,0.036667,0.117243
2025-11-29 20:00:00,2025-11,2025-11-28 17:00:00,27,0.010000,0.085251
2025-11-29 21:00:00,2025-11,2025-11-28 17:00:00,28,0.008333,0.064198
2025-11-29 22:00:00,2025-11,2025-11-28 17:00:00,29,0.010000,0.037233
2025-11-29 23:00:00,2025-11,2025-11-28 17:00:00,30,0.010000,0.022169
2025-11-30 00:00:00,2025-11,2025-11-28 17:00:00,31,0.010000,0.030035
2025-11-30 01:00:00,2025-11,2025-11-28 17:00:00,32,0.010000,0.029959
2025-11-30 02:00:00,2025-11,2025-11-28 17:00:00,33,0.010000,0.015157
2025-11-30 03:00:00,2025-11,2025-11-28 17:00:00,34,0.010000,0.014355
2025-11-30 04:00:00,2025-11,2025-11-28 17:00:00,35,0.010000,0.014522
2025-11-30 05:00:00,2025-11,2025-11-28 17:00:00,36,0.010000,0.013853
2025-11-30 06:00:00,2025-11,2025-11-28 17:00:00,37,0.013333,0.015746
2025-11-30 07:00:00,2025-11,2025-11-28 17:00:00,38,0.023333,0.019579
2025-11-30 08:00:00,2025-11,2025-11-28 17:00:00,39,0.010000,0.019466
2025-11-30 09:00:00,2025-11,2025-11-28 17:00:00,40,0.045000,0.056864
2025-11-30 10:00:00,2025-11,2025-11-28 17:00:00,41,0.136667,0.083510
2025-11-30 11:00:00,2025-11,2025-11-28 17:00:00,42,0.193333,0.121215
2025-11-30 12:00:00,2025-11,2025-11-28 17:00:00,43,0.158333,0.119022
2025-11-30 13:00:00,2025-11,2025-11-28 17:00:00,44,0.125000,0.105487
2025-11-30 14:00:00,2025-11,2025-11-28 17:00:00,45,0.036667,0.093635
2025-11-30 15:00:00,2025-11,2025-11-28 17:00:00,46,0.120000,0.073786
2025-11-30 16:00:00,2025-11,2025-11-28 17:00:00,47,0.036667,0.032571
2025-11-30 18:00:00,2025-12,2025-11-30 17:00:00,1,0.010000,0.009991
2025-11-30 19:00:00,2025-12,2025-11-30 17:00:00,2,0.010000,0.012379
2025-11-30 20:00:00,2025-12,2025-11-30 17:00:00,3,0.010000,0.013979
2025-11-30 21:00:00,2025-12,2025-11-30 17:00:00,4,0.008333,0.013090
2025-11-30 22:00:00,2025-12,2025-11-30 17:00:00,5,0.010000,0.026099
2025-11-30 23:00:00,2025-12,2025-11-30 17:00:00,6,0.013333,0.053335
2025-12-01 00:00:00,2025-12,2025-11-30 17:00:00,7,0.015000,0.142333
2025-12-01 01:00:00,2025-12,2025-11-30 17:00:00,8,0.063333,0.196075
2025-12-01 02:00:00,2025-12,2025-11-30 17:00:00,9,0.073333,0.229702
2025-12-01 03:00:00,2025-12,2025-11-30 17:00:00,10,0.185000,0.326292
2025-12-01 04:00:00,2025-12,2025-11-30 17:00:00,11,0.183333,0.548148
2025-12-01 05:00:00,2025-12,2025-11-30 17:00:00,12,0.131667,0.732678
2025-12-01 06:00:00,2025-12,2025-11-30 17:00:00,13,0.478333,0.858434
2025-12-01 07:00:00,2025-12,2025-11-30 17:00:00,14,0.936667,0.893183
2025-12-01 08:00:00,2025-12,2025-11-30 17:00:00,15,0.976667,0.911585
2025-12-01 09:00:00,2025-12,2025-11-30 17:00:00,16,0.853333,0.915365
2025-12-01 10:00:00,2025-12,2025-11-30 17:00:00,17,0.681667,0.926345
2025-12-01 11:00:00,2025-12,2025-11-30 17:00:00,18,0.598333,0.840227
2025-12-01 12:00:00,2025-12,2025-11-30 17:00:00,19,0.705000,0.717666
2025-12-01 13:00:00,2025-12,2025-11-30 17:00:00,20,0.908333,0.662921
2025-12-01 14:00:00,2025-12,2025-11-30 17:00:00,21,0.990000,0.579462
2025-12-01 15:00:00,2025-12,2025-11-30 17:00:00,22,0.983333,0.583159
2025-12-01 16:00:00,2025-12,2025-11-30 17:00:00,23,0.983333,0.636713
2025-12-01 17:00:00,2025-12,2025-11-30 17:00:00,24,0.826667,0.523210
2025-12-01 18:00:00,2025-12,2025-11-30 17:00:00,25,0.650000,0.383710
2025-12-01 19:00:00,2025-12,2025-11-30 17:00:00,26,0.645000,0.235366
2025-12-01 20:00:00,2025-12,2025-11-30 17:00:00,27,0.173333,0.142377
2025-12-01 21:00:00,2025-12,2025-11-30 17:00:00,28,0.068333,0.072546
2025-12-01 22:00:00,2025-12,2025-11-30 17:00:00,29,0.038333,0.065990
2025-12-01 23:00:00,2025-12,2025-11-30 17:00:00,30,0.025000,0.038063
2025-12-02 00:00:00,2025-12,2025-11-30 17:00:00,31,0.038333,0.034363
2025-12-02 01:00:00,2025-12,2025-11-30 17:00:00,32,0.106667,0.026670
2025-12-02 02:00:00,2025-12,2025-11-30 17:00:00,33,0.136667,0.022574
2025-12-02 03:00:00,2025-12,2025-11-30 17:00:00,34,0.106667,0.027280
2025-12-02 04:00:00,2025-12,2025-11-30 17:00:00,35,0.100000,0.014662
2025-12-02 05:00:00,2025-12,2025-11-30 17:00:00,36,0.093333,0.014431
2025-12-02 06:00:00,2025-12,2025-11-30 17:00:00,37,0.066667,0.012596
2025-12-02 07:00:00,2025-12,2025-11-30 17:00:00,38,0.038333,0.014382
2025-12-02 08:00:00,2025-12,2025-11-30 17:00:00,39,0.063333,0.022029
2025-12-02 09:00:00,2025-12,2025-11-30 17:00:00,40,0.045000,0.064550
2025-12-02 10:00:00,2025-12,2025-11-30 17:00:00,41,0.011667,0.120154
2025-12-02 11:00:00,2025-12,2025-11-30 17:00:00,42,0.010000,0.121896
2025-12-02 12:00:00,2025-12,2025-11-30 17:00:00,43,0.010000,0.121905
2025-12-02 13:00:00,2025-12,2025-11-30 17:00:00,44,0.010000,0.112069
2025-12-02 14:00:00,2025-12,2025-11-30 17:00:00,45,0.010000,0.074043
2025-12-02 15:00:00,2025-12,2025-11-30 17:00:00,46,0.013333,0.054455
2025-12-02 16:00:00,2025-12,2025-11-30 17:00:00,47,0.010000,0.028948
2025-12-02 17:00:00,2025-12,2025-11-30 17:00:00,48,0.010000,0.012992
2025-12-01 18:00:00,2025-12,2025-12-01 17:00:00,1,0.650000,0.229672
2025-12-01 19:00:00,2025-12,2025-12-01 17:00:00,2,0.645000,0.100141
2025-12-01 20:00:00,2025-12,2025-12-01 17:00:00,3,0.173333,0.067032
2025-12-01 21:00:00,2025-12,2025-12-01 17:00:00,4,0.068333,0.058667
2025-12-01 22:00:00,2025-12,2025-12-01 17:00:00,5,0.038333,0.035032
2025-12-01 23:00:00,2025-12,2025-12-01 17:00:00,6,0.025000,0.027839
2025-12-02 00:00:00,2025-12,2025-12-01 17:00:00,7,0.038333,0.021933
2025-12-02 01:00:00,2025-12,2025-12-01 17:00:00,8,0.106667,0.027589
2025-12-02 02:00:00,2025-12,2025-12-01 17:00:00,9,0.136667,0.031217
2025-12-02 03:00:00,2025-12,2025-12-01 17:00:00,10,0.106667,0.032039
2025-12-02 04:00:00,2025-12,2025-12-01 17:00:00,11,0.100000,0.032678
2025-12-02 05:00:00,2025-12,2025-12-01 17:00:00,12,0.093333,0.032980
2025-12-02 06:00:00,2025-12,2025-12-01 17:00:00,13,0.066667,0.039247
2025-12-02 07:00:00,2025-12,2025-12-01 17:00:00,14,0.038333,0.049086
2025-12-02 08:00:00,2025-12,2025-12-01 17:00:00,15,0.063333,0.067192
2025-12-02 09:00:00,2025-12,2025-12-01 17:00:00,16,0.045000,0.088546
2025-12-02 10:00:00,2025-12,2025-12-01 17:00:00,17,0.011667,0.125927
2025-12-02 11:00:00,2025-12,2025-12-01 17:00:00,18,0.010000,0.150926
2025-12-02 12:00:00,2025-12,2025-12-01 17:00:00,19,0.010000,0.159879
2025-12-02 13:00:00,2025-12,2025-12-01 17:00:00,20,0.010000,0.138933
2025-12-02 14:00:00,2025-12,2025-12-01 17:00:00,21,0.010000,0.084240
2025-12-02 15:00:00,2025-12,2025-12-01 17:00:00,22,0.013333,0.072155
2025-12-02 16:00:00,2025-12,2025-12-01 17:00:00,23,0.010000,0.027864
2025-12-02 17:00:00,2025-12,2025-12-01 17:00:00,24,0.010000,0.016330
2025-12-02 18:00:00,2025-12,2025-12-01 17:00:00,25,0.011667,0.015211
2025-12-02 19:00:00,2025-12,2025-12-01 17:00:00,26,0.111667,0.013212
2025-12-02 20:00:00,2025-12,2025-12-01 17:00:00,27,0.195000,0.014323
2025-12-02 21:00:00,2025-12,2025-12-01 17:00:00,28,0.220000,0.031276
2025-12-02 22:00:00,2025-12,2025-12-01 17:00:00,29,0.306667,0.038231
2025-12-02 23:00:00,2025-12,2025-12-01 17:00:00,30,0.378333,0.072347
2025-12-03 00:00:00,2025-12,2025-12-01 17:00:00,31,0.388333,0.091232
2025-12-03 01:00:00,2025-12,2025-12-01 17:00:00,32,0.646667,0.094429
2025-12-03 02:00:00,2025-12,2025-12-01 17:00:00,33,0.708333,0.127357
2025-12-03 03:00:00,2025-12,2025-12-01 17:00:00,34,0.628333,0.164061
2025-12-03 04:00:00,2025-12,2025-12-01 17:00:00,35,0.280000,0.205114
2025-12-03 05:00:00,2025-12,2025-12-01 17:00:00,36,0.200000,0.212879
2025-12-03 06:00:00,2025-12,2025-12-01 17:00:00,37,0.266667,0.230720
2025-12-03 07:00:00,2025-12,2025-12-01 17:00:00,38,0.318333,0.263129
2025-12-03 08:00:00,2025-12,2025-12-01 17:00:00,39,0.171667,0.234629
2025-12-03 09:00:00,2025-12,2025-12-01 17:00:00,40,0.116667,0.239168
2025-12-03 10:00:00,2025-12,2025-12-01 17:00:00,41,0.116667,0.223429
2025-12-03 11:00:00,2025-12,2025-12-01 17:00:00,42,0.150000,0.222191
2025-12-03 12:00:00,2025-12,2025-12-01 17:00:00,43,0.300000,0.222548
2025-12-03 13:00:00,2025-12,2025-12-01 17:00:00,44,0.433333,0.280478
2025-12-03 14:00:00,2025-12,2025-12-01 17:00:00,45,0.365000,0.263743
2025-12-03 15:00:00,2025-12,2025-12-01 17:00:00,46,0.265000,0.312624
2025-12-03 16:00:00,2025-12,2025-12-01 17:00:00,47,0.181667,0.325311
2025-12-03 17:00:00,2025-12,2025-12-01 17:00:00,48,0.311667,0.320228
2025-12-02 18:00:00,2025-12,2025-12-02 17:00:00,1,0.011667,0.012458
2025-12-02 19:00:00,2025-12,2025-12-02 17:00:00,2,0.111667,0.014565
2025-12-02 20:00:00,2025-12,2025-12-02 17:00:00,3,0.195000,0.036516
2025-12-02 21:00:00,2025-12,2025-12-02 17:00:00,4,0.220000,0.042337
2025-12-02 22:00:00,2025-12,2025-12-02 17:00:00,5,0.306667,0.079807
2025-12-02 23:00:00,2025-12,2025-12-02 17:00:00,6,0.378333,0.096047
2025-12-03 00:00:00,2025-12,2025-12-02 17:00:00,7,0.388333,0.095767
2025-12-03 01:00:00,2025-12,2025-12-02 17:00:00,8,0.646667,0.085065
2025-12-03 02:00:00,2025-12,2025-12-02 17:00:00,9,0.708333,0.125325
2025-12-03 03:00:00,2025-12,2025-12-02 17:00:00,10,0.628333,0.161994
2025-12-03 04:00:00,2025-12,2025-12-02 17:00:00,11,0.280000,0.206889
2025-12-03 05:00:00,2025-12,2025-12-02 17:00:00,12,0.200000,0.210803
2025-12-03 06:00:00,2025-12,2025-12-02 17:00:00,13,0.266667,0.229201
2025-12-03 07:00:00,2025-12,2025-12-02 17:00:00,14,0.318333,0.260001
2025-12-03 08:00:00,2025-12,2025-12-02 17:00:00,15,0.171667,0.254916
2025-12-03 09:00:00,2025-12,2025-12-02 17:00:00,16,0.116667,0.259906
2025-12-03 10:00:00,2025-12,2025-12-02 17:00:00,17,0.116667,0.243355
2025-12-03 11:00:00,2025-12,2025-12-02 17:00:00,18,0.150000,0.228083
2025-12-03 12:00:00,2025-12,2025-12-02 17:00:00,19,0.300000,0.244167
2025-12-03 13:00:00,2025-12,2025-12-02 17:00:00,20,0.433333,0.257461
2025-12-03 14:00:00,2025-12,2025-12-02 17:00:00,21,0.365000,0.252737
2025-12-03 15:00:00,2025-12,2025-12-02 17:00:00,22,0.265000,0.236272
2025-12-03 16:00:00,2025-12,2025-12-02 17:00:00,23,0.181667,0.273963
2025-12-03 17:00:00,2025-12,2025-12-02 17:00:00,24,0.311667,0.310461
2025-12-03 18:00:00,2025-12,2025-12-02 17:00:00,25,0.185000,0.285327
2025-12-03 19:00:00,2025-12,2025-12-02 17:00:00,26,0.100000,0.316797
2025-12-03 20:00:00,2025-12,2025-12-02 17:00:00,27,0.178333,0.354613
2025-12-03 21:00:00,2025-12,2025-12-02 17:00:00,28,0.151667,0.353152
2025-12-03 22:00:00,2025-12,2025-12-02 17:00:00,29,0.093333,0.352573
2025-12-03 23:00:00,2025-12,2025-12-02 17:00:00,30,0.105000,0.302831
2025-12-04 00:00:00,2025-12,2025-12-02 17:00:00,31,0.101667,0.314223
2025-12-04 01:00:00,2025-12,2025-12-02 17:00:00,32,0.165000,0.295931
2025-12-04 02:00:00,2025-12,2025-12-02 17:00:00,33,0.200000,0.307981
2025-12-04 03:00:00,2025-12,2025-12-02 17:00:00,34,0.115000,0.322110
2025-12-04 04:00:00,2025-12,2025-12-02 17:00:00,35,0.058333,0.356670
2025-12-04 05:00:00,2025-12,2025-12-02 17:00:00,36,0.021667,0.327243
2025-12-04 06:00:00,2025-12,2025-12-02 17:00:00,37,0.040000,0.268977
2025-12-04 07:00:00,2025-12,2025-12-02 17:00:00,38,0.043333,0.188932
2025-12-04 08:00:00,2025-12,2025-12-02 17:00:00,39,0.051667,0.115324
2025-12-04 09:00:00,2025-12,2025-12-02 17:00:00,40,0.025000,0.089658
2025-12-04 10:00:00,2025-12,2025-12-02 17:00:00,41,0.181667,0.069353
2025-12-04 11:00:00,2025-12,2025-12-02 17:00:00,42,0.225000,0.067463
2025-12-04 12:00:00,2025-12,2025-12-02 17:00:00,43,0.185000,0.068637
2025-12-04 13:00:00,2025-12,2025-12-02 17:00:00,44,0.063333,0.073835
2025-12-04 14:00:00,2025-12,2025-12-02 17:00:00,45,0.013333,0.035766
2025-12-04 15:00:00,2025-12,2025-12-02 17:00:00,46,0.120000,0.023711
2025-12-04 16:00:00,2025-12,2025-12-02 17:00:00,47,0.088333,0.021060
2025-12-04 17:00:00,2025-12,2025-12-02 17:00:00,48,0.036667,0.018955
2025-12-03 18:00:00,2025-12,2025-12-03 17:00:00,1,0.185000,0.254603
2025-12-03 19:00:00,2025-12,2025-12-03 17:00:00,2,0.100000,0.248822
2025-12-03 20:00:00,2025-12,2025-12-03 17:00:00,3,0.178333,0.212217
2025-12-03 21:00:00,2025-12,2025-12-03 17:00:00,4,0.151667,0.257872
2025-12-03 22:00:00,2025-12,2025-12-03 17:00:00,5,0.093333,0.275714
2025-12-03 23:00:00,2025-12,2025-12-03 17:00:00,6,0.105000,0.252993
2025-12-04 00:00:00,2025-12,2025-12-03 17:00:00,7,0.101667,0.234219
2025-12-04 01:00:00,2025-12,2025-12-03 17:00:00,8,0.165000,0.235778
2025-12-04 02:00:00,2025-12,2025-12-03 17:00:00,9,0.200000,0.240795
2025-12-04 03:00:00,2025-12,2025-12-03 17:00:00,10,0.115000,0.234350
2025-12-04 04:00:00,2025-12,2025-12-03 17:00:00,11,0.058333,0.227764
2025-12-04 05:00:00,2025-12,2025-12-03 17:00:00,12,0.021667,0.278987
2025-12-04 06:00:00,2025-12,2025-12-03 17:00:00,13,0.040000,0.286617
2025-12-04 07:00:00,2025-12,2025-12-03 17:00:00,14,0.043333,0.237883
2025-12-04 08:00:00,2025-12,2025-12-03 17:00:00,15,0.051667,0.196769
2025-12-04 09:00:00,2025-12,2025-12-03 17:00:00,16,0.025000,0.155633
2025-12-04 10:00:00,2025-12,2025-12-03 17:00:00,17,0.181667,0.121770
2025-12-04 11:00:00,2025-12,2025-12-03 17:00:00,18,0.225000,0.069721
2025-12-04 12:00:00,2025-12,2025-12-03 17:00:00,19,0.185000,0.022040
2025-12-04 13:00:00,2025-12,2025-12-03 17:00:00,20,0.063333,0.017024
2025-12-04 14:00:00,2025-12,2025-12-03 17:00:00,21,0.013333,0.014219
2025-12-04 15:00:00,2025-12,2025-12-03 17:00:00,22,0.120000,0.014156
2025-12-04 16:00:00,2025-12,2025-12-03 17:00:00,23,0.088333,0.014116
2025-12-04 17:00:00,2025-12,2025-12-03 17:00:00,24,0.036667,0.015604
2025-12-04 18:00:00,2025-12,2025-12-03 17:00:00,25,0.016667,0.011361
2025-12-04 19:00:00,2025-12,2025-12-03 17:00:00,26,0.013333,0.009826
2025-12-04 20:00:00,2025-12,2025-12-03 17:00:00,27,0.015000,0.010865
2025-12-04 21:00:00,2025-12,2025-12-03 17:00:00,28,0.028333,0.011777
2025-12-04 22:00:00,2025-12,2025-12-03 17:00:00,29,0.056667,0.011310
2025-12-04 23:00:00,2025-12,2025-12-03 17:00:00,30,0.035000,0.031665
2025-12-05 00:00:00,2025-12,2025-12-03 17:00:00,31,0.065000,0.053842
2025-12-05 01:00:00,2025-12,2025-12-03 17:00:00,32,0.011667,0.057823
2025-12-05 02:00:00,2025-12,2025-12-03 17:00:00,33,0.010000,0.065665
2025-12-05 03:00:00,2025-12,2025-12-03 17:00:00,34,0.013333,0.054096
2025-12-05 04:00:00,2025-12,2025-12-03 17:00:00,35,0.010000,0.054587
2025-12-05 05:00:00,2025-12,2025-12-03 17:00:00,36,0.010000,0.073003
2025-12-05 06:00:00,2025-12,2025-12-03 17:00:00,37,0.010000,0.128863
2025-12-05 07:00:00,2025-12,2025-12-03 17:00:00,38,0.010000,0.190788
2025-12-05 08:00:00,2025-12,2025-12-03 17:00:00,39,0.010000,0.282050
2025-12-05 09:00:00,2025-12,2025-12-03 17:00:00,40,0.010000,0.371169
2025-12-05 10:00:00,2025-12,2025-12-03 17:00:00,41,0.008333,0.455607
2025-12-05 11:00:00,2025-12,2025-12-03 17:00:00,42,0.021667,0.469880
2025-12-05 12:00:00,2025-12,2025-12-03 17:00:00,43,0.160000,0.453494
2025-12-05 13:00:00,2025-12,2025-12-03 17:00:00,44,0.181667,0.437220
2025-12-05 14:00:00,2025-12,2025-12-03 17:00:00,45,0.173333,0.389088
2025-12-05 15:00:00,2025-12,2025-12-03 17:00:00,46,0.076667,0.308313
2025-12-05 16:00:00,2025-12,2025-12-03 17:00:00,47,0.121667,0.263377
2025-12-05 17:00:00,2025-12,2025-12-03 17:00:00,48,0.143333,0.204680
2025-12-04 18:00:00,2025-12,2025-12-04 17:00:00,1,0.016667,0.011351
2025-12-04 19:00:00,2025-12,2025-12-04 17:00:00,2,0.013333,0.011724
2025-12-04 20:00:00,2025-12,2025-12-04 17:00:00,3,0.015000,0.011037
2025-12-04 21:00:00,2025-12,2025-12-04 17:00:00,4,0.028333,0.012045
2025-12-04 22:00:00,2025-12,2025-12-04 17:00:00,5,0.056667,0.012264
2025-12-04 23:00:00,2025-12,2025-12-04 17:00:00,6,0.035000,0.011971
2025-12-05 00:00:00,2025-12,2025-12-04 17:00:00,7,0.065000,0.020864
2025-12-05 01:00:00,2025-12,2025-12-04 17:00:00,8,0.011667,0.036518
2025-12-05 02:00:00,2025-12,2025-12-04 17:00:00,9,0.010000,0.030694
2025-12-05 03:00:00,2025-12,2025-12-04 17:00:00,10,0.013333,0.026699
2025-12-05 04:00:00,2025-12,2025-12-04 17:00:00,11,0.010000,0.025456
2025-12-05 05:00:00,2025-12,2025-12-04 17:00:00,12,0.010000,0.041435
2025-12-05 06:00:00,2025-12,2025-12-04 17:00:00,13,0.010000,0.072216
2025-12-05 07:00:00,2025-12,2025-12-04 17:00:00,14,0.010000,0.140474
2025-12-05 08:00:00,2025-12,2025-12-04 17:00:00,15,0.010000,0.237606
2025-12-05 09:00:00,2025-12,2025-12-04 17:00:00,16,0.010000,0.292785
2025-12-05 10:00:00,2025-12,2025-12-04 17:00:00,17,0.008333,0.397440
2025-12-05 11:00:00,2025-12,2025-12-04 17:00:00,18,0.021667,0.448782
2025-12-05 12:00:00,2025-12,2025-12-04 17:00:00,19,0.160000,0.477865
2025-12-05 13:00:00,2025-12,2025-12-04 17:00:00,20,0.181667,0.458325
2025-12-05 14:00:00,2025-12,2025-12-04 17:00:00,21,0.173333,0.421483
2025-12-05 15:00:00,2025-12,2025-12-04 17:00:00,22,0.076667,0.338437
2025-12-05 16:00:00,2025-12,2025-12-04 17:00:00,23,0.121667,0.292973
2025-12-05 17:00:00,2025-12,2025-12-04 17:00:00,24,0.143333,0.191338
2025-12-05 18:00:00,2025-12,2025-12-04 17:00:00,25,0.011667,0.136726
2025-12-05 19:00:00,2025-12,2025-12-04 17:00:00,26,0.010000,0.068154
2025-12-05 20:00:00,2025-12,2025-12-04 17:00:00,27,0.011667,0.023640
2025-12-05 21:00:00,2025-12,2025-12-04 17:00:00,28,0.008333,0.015329
2025-12-05 22:00:00,2025-12,2025-12-04 17:00:00,29,0.010000,0.012602
2025-12-05 23:00:00,2025-12,2025-12-04 17:00:00,30,0.010000,0.013188
2025-12-06 00:00:00,2025-12,2025-12-04 17:00:00,31,0.021667,0.018837
2025-12-06 01:00:00,2025-12,2025-12-04 17:00:00,32,0.021667,0.052063
2025-12-06 02:00:00,2025-12,2025-12-04 17:00:00,33,0.170000,0.075601
2025-12-06 03:00:00,2025-12,2025-12-04 17:00:00,34,0.185000,0.102860
2025-12-06 04:00:00,2025-12,2025-12-04 17:00:00,35,0.106667,0.195515
2025-12-06 05:00:00,2025-12,2025-12-04 17:00:00,36,0.108333,0.250799
2025-12-06 06:00:00,2025-12,2025-12-04 17:00:00,37,0.730000,0.310115
2025-12-06 07:00:00,2025-12,2025-12-04 17:00:00,38,0.653333,0.398641
2025-12-06 08:00:00,2025-12,2025-12-04 17:00:00,39,0.571667,0.417106
2025-12-06 09:00:00,2025-12,2025-12-04 17:00:00,40,0.408333,0.410153
2025-12-06 10:00:00,2025-12,2025-12-04 17:00:00,41,0.323333,0.402559
2025-12-06 11:00:00,2025-12,2025-12-04 17:00:00,42,0.093333,0.377176
2025-12-06 12:00:00,2025-12,2025-12-04 17:00:00,43,0.010000,0.357285
2025-12-06 13:00:00,2025-12,2025-12-04 17:00:00,44,0.010000,0.377743
2025-12-06 14:00:00,2025-12,2025-12-04 17:00:00,45,0.010000,0.388367
2025-12-06 15:00:00,2025-12,2025-12-04 17:00:00,46,0.010000,0.419674
2025-12-06 16:00:00,2025-12,2025-12-04 17:00:00,47,0.050000,0.489701
2025-12-06 17:00:00,2025-12,2025-12-04 17:00:00,48,0.090000,0.531358
2025-12-05 18:00:00,2025-12,2025-12-05 17:00:00,1,0.011667,0.073334
2025-12-05 19:00:00,2025-12,2025-12-05 17:00:00,2,0.010000,0.039545
2025-12-05 20:00:00,2025-12,2025-12-05 17:00:00,3,0.011667,0.019621
2025-12-05 21:00:00,2025-12,2025-12-05 17:00:00,4,0.008333,0.015509
2025-12-05 22:00:00,2025-12,2025-12-05 17:00:00,5,0.010000,0.011518
2025-12-05 23:00:00,2025-12,2025-12-05 17:00:00,6,0.010000,0.011607
2025-12-06 00:00:00,2025-12,2025-12-05 17:00:00,7,0.021667,0.011617
2025-12-06 01:00:00,2025-12,2025-12-05 17:00:00,8,0.021667,0.011735
2025-12-06 02:00:00,2025-12,2025-12-05 17:00:00,9,0.170000,0.023424
2025-12-06 03:00:00,2025-12,2025-12-05 17:00:00,10,0.185000,0.064981
2025-12-06 04:00:00,2025-12,2025-12-05 17:00:00,11,0.106667,0.114895
2025-12-06 05:00:00,2025-12,2025-12-05 17:00:00,12,0.108333,0.187687
2025-12-06 06:00:00,2025-12,2025-12-05 17:00:00,13,0.730000,0.312254
2025-12-06 07:00:00,2025-12,2025-12-05 17:00:00,14,0.653333,0.332243
2025-12-06 08:00:00,2025-12,2025-12-05 17:00:00,15,0.571667,0.304714
2025-12-06 09:00:00,2025-12,2025-12-05 17:00:00,16,0.408333,0.283918
2025-12-06 10:00:00,2025-12,2025-12-05 17:00:00,17,0.323333,0.270248
2025-12-06 11:00:00,2025-12,2025-12-05 17:00:00,18,0.093333,0.318172
2025-12-06 12:00:00,2025-12,2025-12-05 17:00:00,19,0.010000,0.376218
2025-12-06 13:00:00,2025-12,2025-12-05 17:00:00,20,0.010000,0.356884
2025-12-06 14:00:00,2025-12,2025-12-05 17:00:00,21,0.010000,0.377626
2025-12-06 15:00:00,2025-12,2025-12-05 17:00:00,22,0.010000,0.351740
2025-12-06 16:00:00,2025-12,2025-12-05 17:00:00,23,0.050000,0.353336
2025-12-06 17:00:00,2025-12,2025-12-05 17:00:00,24,0.090000,0.346370
2025-12-06 18:00:00,2025-12,2025-12-05 17:00:00,25,0.108333,0.406650
2025-12-06 19:00:00,2025-12,2025-12-05 17:00:00,26,0.141667,0.409814
2025-12-06 20:00:00,2025-12,2025-12-05 17:00:00,27,0.130000,0.423025
2025-12-06 21:00:00,2025-12,2025-12-05 17:00:00,28,0.223333,0.443428
2025-12-06 22:00:00,2025-12,2025-12-05 17:00:00,29,0.293333,0.429818
2025-12-06 23:00:00,2025-12,2025-12-05 17:00:00,30,0.431667,0.414996
2025-12-07 00:00:00,2025-12,2025-12-05 17:00:00,31,0.445000,0.399392
2025-12-07 01:00:00,2025-12,2025-12-05 17:00:00,32,0.506667,0.387550
2025-12-07 02:00:00,2025-12,2025-12-05 17:00:00,33,0.101667,0.324497
2025-12-07 03:00:00,2025-12,2025-12-05 17:00:00,34,0.030000,0.267479
2025-12-07 04:00:00,2025-12,2025-12-05 17:00:00,35,0.055000,0.197979
2025-12-07 05:00:00,2025-12,2025-12-05 17:00:00,36,0.010000,0.148571
2025-12-07 06:00:00,2025-12,2025-12-05 17:00:00,37,0.010000,0.123885
2025-12-07 07:00:00,2025-12,2025-12-05 17:00:00,38,0.011667,0.095256
2025-12-07 08:00:00,2025-12,2025-12-05 17:00:00,39,0.011667,0.059663
2025-12-07 09:00:00,2025-12,2025-12-05 17:00:00,40,0.010000,0.029086
2025-12-07 10:00:00,2025-12,2025-12-05 17:00:00,41,0.023333,0.016277
2025-12-07 11:00:00,2025-12,2025-12-05 17:00:00,42,0.016667,0.019820
2025-12-07 12:00:00,2025-12,2025-12-05 17:00:00,43,0.075000,0.028748
2025-12-07 13:00:00,2025-12,2025-12-05 17:00:00,44,0.016667,0.028957
2025-12-07 14:00:00,2025-12,2025-12-05 17:00:00,45,0.011667,0.026779
2025-12-07 15:00:00,2025-12,2025-12-05 17:00:00,46,0.088333,0.027033
2025-12-07 16:00:00,2025-12,2025-12-05 17:00:00,47,0.016667,0.020800
2025-12-07 17:00:00,2025-12,2025-12-05 17:00:00,48,0.010000,0.022875
2025-12-06 18:00:00,2025-12,2025-12-06 17:00:00,1,0.108333,0.238737
2025-12-06 19:00:00,2025-12,2025-12-06 17:00:00,2,0.141667,0.229457
2025-12-06 20:00:00,2025-12,2025-12-06 17:00:00,3,0.130000,0.256261
2025-12-06 21:00:00,2025-12,2025-12-06 17:00:00,4,0.223333,0.294694
2025-12-06 22:00:00,2025-12,2025-12-06 17:00:00,5,0.293333,0.296268
2025-12-06 23:00:00,2025-12,2025-12-06 17:00:00,6,0.431667,0.349900
2025-12-07 00:00:00,2025-12,2025-12-06 17:00:00,7,0.445000,0.415386
2025-12-07 01:00:00,2025-12,2025-12-06 17:00:00,8,0.506667,0.468361
2025-12-07 02:00:00,2025-12,2025-12-06 17:00:00,9,0.101667,0.456600
2025-12-07 03:00:00,2025-12,2025-12-06 17:00:00,10,0.030000,0.382744
2025-12-07 04:00:00,2025-12,2025-12-06 17:00:00,11,0.055000,0.385974
2025-12-07 05:00:00,2025-12,2025-12-06 17:00:00,12,0.010000,0.463725
2025-12-07 06:00:00,2025-12,2025-12-06 17:00:00,13,0.010000,0.470537
2025-12-07 07:00:00,2025-12,2025-12-06 17:00:00,14,0.011667,0.400222
2025-12-07 08:00:00,2025-12,2025-12-06 17:00:00,15,0.011667,0.284789
2025-12-07 09:00:00,2025-12,2025-12-06 17:00:00,16,0.010000,0.165457
2025-12-07 10:00:00,2025-12,2025-12-06 17:00:00,17,0.023333,0.094144
2025-12-07 11:00:00,2025-12,2025-12-06 17:00:00,18,0.016667,0.069432
2025-12-07 12:00:00,2025-12,2025-12-06 17:00:00,19,0.075000,0.032126
2025-12-07 13:00:00,2025-12,2025-12-06 17:00:00,20,0.016667,0.018559
2025-12-07 14:00:00,2025-12,2025-12-06 17:00:00,21,0.011667,0.016294
2025-12-07 15:00:00,2025-12,2025-12-06 17:00:00,22,0.088333,0.024221
2025-12-07 16:00:00,2025-12,2025-12-06 17:00:00,23,0.016667,0.021952
2025-12-07 17:00:00,2025-12,2025-12-06 17:00:00,24,0.010000,0.051864
2025-12-07 18:00:00,2025-12,2025-12-06 17:00:00,25,0.010000,0.056109
2025-12-07 19:00:00,2025-12,2025-12-06 17:00:00,26,0.010000,0.057984
2025-12-07 20:00:00,2025-12,2025-12-06 17:00:00,27,0.010000,0.057555
2025-12-07 21:00:00,2025-12,2025-12-06 17:00:00,28,0.050000,0.106403
2025-12-07 22:00:00,2025-12,2025-12-06 17:00:00,29,0.238333,0.242463
2025-12-07 23:00:00,2025-12,2025-12-06 17:00:00,30,0.156667,0.330106
2025-12-08 00:00:00,2025-12,2025-12-06 17:00:00,31,0.626667,0.401412
2025-12-08 01:00:00,2025-12,2025-12-06 17:00:00,32,0.620000,0.377091
2025-12-08 02:00:00,2025-12,2025-12-06 17:00:00,33,0.435000,0.249749
2025-12-08 03:00:00,2025-12,2025-12-06 17:00:00,34,0.340000,0.153415
2025-12-08 04:00:00,2025-12,2025-12-06 17:00:00,35,0.178333,0.145188
2025-12-08 05:00:00,2025-12,2025-12-06 17:00:00,36,0.011667,0.088831
2025-12-08 06:00:00,2025-12,2025-12-06 17:00:00,37,0.013333,0.056121
2025-12-08 07:00:00,2025-12,2025-12-06 17:00:00,38,0.010000,0.060216
2025-12-08 08:00:00,2025-12,2025-12-06 17:00:00,39,0.041667,0.075092
2025-12-08 09:00:00,2025-12,2025-12-06 17:00:00,40,0.413333,0.198723
2025-12-08 10:00:00,2025-12,2025-12-06 17:00:00,41,0.513333,0.330830
2025-12-08 11:00:00,2025-12,2025-12-06 17:00:00,42,0.308333,0.433646
2025-12-08 12:00:00,2025-12,2025-12-06 17:00:00,43,0.700000,0.678588
2025-12-08 13:00:00,2025-12,2025-12-06 17:00:00,44,0.933333,0.809944
2025-12-08 14:00:00,2025-12,2025-12-06 17:00:00,45,0.955000,0.859366
2025-12-08 15:00:00,2025-12,2025-12-06 17:00:00,46,0.975000,0.923865
2025-12-08 16:00:00,2025-12,2025-12-06 17:00:00,47,0.865000,0.875602
2025-12-08 17:00:00,2025-12,2025-12-06 17:00:00,48,0.955000,0.822611
2025-12-07 18:00:00,2025-12,2025-12-07 17:00:00,1,0.010000,0.048174
2025-12-07 19:00:00,2025-12,2025-12-07 17:00:00,2,0.010000,0.131845
2025-12-07 20:00:00,2025-12,2025-12-07 17:00:00,3,0.010000,0.172804
2025-12-07 21:00:00,2025-12,2025-12-07 17:00:00,4,0.050000,0.208487
2025-12-07 22:00:00,2025-12,2025-12-07 17:00:00,5,0.238333,0.277950
2025-12-07 23:00:00,2025-12,2025-12-07 17:00:00,6,0.156667,0.373443
2025-12-08 00:00:00,2025-12,2025-12-07 17:00:00,7,0.626667,0.515669
2025-12-08 01:00:00,2025-12,2025-12-07 17:00:00,8,0.620000,0.688263
2025-12-08 02:00:00,2025-12,2025-12-07 17:00:00,9,0.435000,0.742406
2025-12-08 03:00:00,2025-12,2025-12-07 17:00:00,10,0.340000,0.712441
2025-12-08 04:00:00,2025-12,2025-12-07 17:00:00,11,0.178333,0.632857
2025-12-08 05:00:00,2025-12,2025-12-07 17:00:00,12,0.011667,0.384215
2025-12-08 06:00:00,2025-12,2025-12-07 17:00:00,13,0.013333,0.158339
2025-12-08 07:00:00,2025-12,2025-12-07 17:00:00,14,0.010000,0.060627
2025-12-08 08:00:00,2025-12,2025-12-07 17:00:00,15,0.041667,0.063875
2025-12-08 09:00:00,2025-12,2025-12-07 17:00:00,16,0.413333,0.226280
2025-12-08 10:00:00,2025-12,2025-12-07 17:00:00,17,0.513333,0.546575
2025-12-08 11:00:00,2025-12,2025-12-07 17:00:00,18,0.308333,0.789186
2025-12-08 12:00:00,2025-12,2025-12-07 17:00:00,19,0.700000,0.932617
2025-12-08 13:00:00,2025-12,2025-12-07 17:00:00,20,0.933333,0.946453
2025-12-08 14:00:00,2025-12,2025-12-07 17:00:00,21,0.955000,0.946219
2025-12-08 15:00:00,2025-12,2025-12-07 17:00:00,22,0.975000,0.947507
2025-12-08 16:00:00,2025-12,2025-12-07 17:00:00,23,0.865000,0.894259
2025-12-08 17:00:00,2025-12,2025-12-07 17:00:00,24,0.955000,0.790769
2025-12-08 18:00:00,2025-12,2025-12-07 17:00:00,25,0.775000,0.661349
2025-12-08 19:00:00,2025-12,2025-12-07 17:00:00,26,0.280000,0.523119
2025-12-08 20:00:00,2025-12,2025-12-07 17:00:00,27,0.148333,0.292452
2025-12-08 21:00:00,2025-12,2025-12-07 17:00:00,28,0.121667,0.182728
2025-12-08 22:00:00,2025-12,2025-12-07 17:00:00,29,0.071667,0.091753
2025-12-08 23:00:00,2025-12,2025-12-07 17:00:00,30,0.026667,0.039283
2025-12-09 00:00:00,2025-12,2025-12-07 17:00:00,31,0.010000,0.045101
2025-12-09 01:00:00,2025-12,2025-12-07 17:00:00,32,0.010000,0.039304
2025-12-09 02:00:00,2025-12,2025-12-07 17:00:00,33,0.010000,0.085953
2025-12-09 03:00:00,2025-12,2025-12-07 17:00:00,34,0.176667,0.201389
2025-12-09 04:00:00,2025-12,2025-12-07 17:00:00,35,0.828333,0.370784
2025-12-09 05:00:00,2025-12,2025-12-07 17:00:00,36,0.915000,0.854562
2025-12-09 06:00:00,2025-12,2025-12-07 17:00:00,37,0.986667,0.969731
2025-12-09 07:00:00,2025-12,2025-12-07 17:00:00,38,0.986667,0.978411
2025-12-09 08:00:00,2025-12,2025-12-07 17:00:00,39,0.988333,0.966631
2025-12-09 09:00:00,2025-12,2025-12-07 17:00:00,40,0.980000,0.898778
2025-12-09 10:00:00,2025-12,2025-12-07 17:00:00,41,0.931667,0.560590
2025-12-09 11:00:00,2025-12,2025-12-07 17:00:00,42,0.941667,0.274161
2025-12-09 12:00:00,2025-12,2025-12-07 17:00:00,43,0.885000,0.110912
2025-12-09 13:00:00,2025-12,2025-12-07 17:00:00,44,0.935000,0.083587
2025-12-09 14:00:00,2025-12,2025-12-07 17:00:00,45,0.815000,0.043141
2025-12-09 15:00:00,2025-12,2025-12-07 17:00:00,46,0.531667,0.045464
2025-12-09 16:00:00,2025-12,2025-12-07 17:00:00,47,0.165000,0.058472
2025-12-09 17:00:00,2025-12,2025-12-07 17:00:00,48,0.048333,0.086655
2025-12-08 18:00:00,2025-12,2025-12-08 17:00:00,1,0.775000,0.608061
2025-12-08 19:00:00,2025-12,2025-12-08 17:00:00,2,0.280000,0.554855
2025-12-08 20:00:00,2025-12,2025-12-08 17:00:00,3,0.148333,0.366271
2025-12-08 21:00:00,2025-12,2025-12-08 17:00:00,4,0.121667,0.215194
2025-12-08 22:00:00,2025-12,2025-12-08 17:00:00,5,0.071667,0.104754
2025-12-08 23:00:00,2025-12,2025-12-08 17:00:00,6,0.026667,0.039776
2025-12-09 00:00:00,2025-12,2025-12-08 17:00:00,7,0.010000,0.027030
2025-12-09 01:00:00,2025-12,2025-12-08 17:00:00,8,0.010000,0.027934
2025-12-09 02:00:00,2025-12,2025-12-08 17:00:00,9,0.010000,0.072714
2025-12-09 03:00:00,2025-12,2025-12-08 17:00:00,10,0.176667,0.237934
2025-12-09 04:00:00,2025-12,2025-12-08 17:00:00,11,0.828333,0.514506
2025-12-09 05:00:00,2025-12,2025-12-08 17:00:00,12,0.915000,0.838756
2025-12-09 06:00:00,2025-12,2025-12-08 17:00:00,13,0.986667,0.977782
2025-12-09 07:00:00,2025-12,2025-12-08 17:00:00,14,0.986667,0.988168
2025-12-09 08:00:00,2025-12,2025-12-08 17:00:00,15,0.988333,0.986234
2025-12-09 09:00:00,2025-12,2025-12-08 17:00:00,16,0.980000,0.975193
2025-12-09 10:00:00,2025-12,2025-12-08 17:00:00,17,0.931667,0.909949
2025-12-09 11:00:00,2025-12,2025-12-08 17:00:00,18,0.941667,0.654897
2025-12-09 12:00:00,2025-12,2025-12-08 17:00:00,19,0.885000,0.265043
2025-12-09 13:00:00,2025-12,2025-12-08 17:00:00,20,0.935000,0.128065
2025-12-09 14:00:00,2025-12,2025-12-08 17:00:00,21,0.815000,0.069021
2025-12-09 15:00:00,2025-12,2025-12-08 17:00:00,22,0.531667,0.059469
2025-12-09 16:00:00,2025-12,2025-12-08 17:00:00,23,0.165000,0.069838
2025-12-09 17:00:00,2025-12,2025-12-08 17:00:00,24,0.048333,0.105707
2025-12-09 18:00:00,2025-12,2025-12-08 17:00:00,25,0.348333,0.197499
2025-12-09 19:00:00,2025-12,2025-12-08 17:00:00,26,0.633333,0.303815
2025-12-09 20:00:00,2025-12,2025-12-08 17:00:00,27,0.771667,0.595510
2025-12-09 21:00:00,2025-12,2025-12-08 17:00:00,28,0.948333,0.866022
2025-12-09 22:00:00,2025-12,2025-12-08 17:00:00,29,0.990000,0.969709
2025-12-09 23:00:00,2025-12,2025-12-08 17:00:00,30,0.981667,0.976577
2025-12-10 00:00:00,2025-12,2025-12-08 17:00:00,31,0.975000,0.985245
2025-12-10 01:00:00,2025-12,2025-12-08 17:00:00,32,0.990000,0.986966
2025-12-10 02:00:00,2025-12,2025-12-08 17:00:00,33,0.980000,0.985309
2025-12-10 03:00:00,2025-12,2025-12-08 17:00:00,34,0.916667,0.981191
2025-12-10 04:00:00,2025-12,2025-12-08 17:00:00,35,0.790000,0.973474
2025-12-10 05:00:00,2025-12,2025-12-08 17:00:00,36,0.915000,0.959578
2025-12-10 06:00:00,2025-12,2025-12-08 17:00:00,37,0.941667,0.954352
2025-12-10 07:00:00,2025-12,2025-12-08 17:00:00,38,0.931667,0.955028
2025-12-10 08:00:00,2025-12,2025-12-08 17:00:00,39,0.966667,0.957608
2025-12-10 09:00:00,2025-12,2025-12-08 17:00:00,40,0.976667,0.930346
2025-12-10 10:00:00,2025-12,2025-12-08 17:00:00,41,0.990000,0.901262
2025-12-10 11:00:00,2025-12,2025-12-08 17:00:00,42,0.986667,0.922158
2025-12-10 12:00:00,2025-12,2025-12-08 17:00:00,43,0.963333,0.950107
2025-12-10 13:00:00,2025-12,2025-12-08 17:00:00,44,0.990000,0.897006
2025-12-10 14:00:00,2025-12,2025-12-08 17:00:00,45,0.990000,0.881866
2025-12-10 15:00:00,2025-12,2025-12-08 17:00:00,46,0.990000,0.871473
2025-12-10 16:00:00,2025-12,2025-12-08 17:00:00,47,0.990000,0.895554
2025-12-10 17:00:00,2025-12,2025-12-08 17:00:00,48,0.981667,0.917950
2025-12-09 18:00:00,2025-12,2025-12-09 17:00:00,1,0.348333,0.069424
2025-12-09 19:00:00,2025-12,2025-12-09 17:00:00,2,0.633333,0.248104
2025-12-09 20:00:00,2025-12,2025-12-09 17:00:00,3,0.771667,0.456620
2025-12-09 21:00:00,2025-12,2025-12-09 17:00:00,4,0.948333,0.731827
2025-12-09 22:00:00,2025-12,2025-12-09 17:00:00,5,0.990000,0.880047
2025-12-09 23:00:00,2025-12,2025-12-09 17:00:00,6,0.981667,0.986178
2025-12-10 00:00:00,2025-12,2025-12-09 17:00:00,7,0.975000,0.989213
2025-12-10 01:00:00,2025-12,2025-12-09 17:00:00,8,0.990000,0.989407
2025-12-10 02:00:00,2025-12,2025-12-09 17:00:00,9,0.980000,0.978091
2025-12-10 03:00:00,2025-12,2025-12-09 17:00:00,10,0.916667,0.977020
2025-12-10 04:00:00,2025-12,2025-12-09 17:00:00,11,0.790000,0.950734
2025-12-10 05:00:00,2025-12,2025-12-09 17:00:00,12,0.915000,0.945975
2025-12-10 06:00:00,2025-12,2025-12-09 17:00:00,13,0.941667,0.956665
2025-12-10 07:00:00,2025-12,2025-12-09 17:00:00,14,0.931667,0.958924
2025-12-10 08:00:00,2025-12,2025-12-09 17:00:00,15,0.966667,0.959746
2025-12-10 09:00:00,2025-12,2025-12-09 17:00:00,16,0.976667,0.953892
2025-12-10 10:00:00,2025-12,2025-12-09 17:00:00,17,0.990000,0.950814
2025-12-10 11:00:00,2025-12,2025-12-09 17:00:00,18,0.986667,0.943455
2025-12-10 12:00:00,2025-12,2025-12-09 17:00:00,19,0.963333,0.947407
2025-12-10 13:00:00,2025-12,2025-12-09 17:00:00,20,0.990000,0.959934
2025-12-10 14:00:00,2025-12,2025-12-09 17:00:00,21,0.990000,0.976512
2025-12-10 15:00:00,2025-12,2025-12-09 17:00:00,22,0.990000,0.967491
2025-12-10 16:00:00,2025-12,2025-12-09 17:00:00,23,0.990000,0.962296
2025-12-10 17:00:00,2025-12,2025-12-09 17:00:00,24,0.981667,0.924110
2025-12-10 18:00:00,2025-12,2025-12-09 17:00:00,25,0.906667,0.856512
2025-12-10 19:00:00,2025-12,2025-12-09 17:00:00,26,0.475000,0.853863
2025-12-10 20:00:00,2025-12,2025-12-09 17:00:00,27,0.361667,0.736297
2025-12-10 21:00:00,2025-12,2025-12-09 17:00:00,28,0.093333,0.596476
2025-12-10 22:00:00,2025-12,2025-12-09 17:00:00,29,0.010000,0.323250
2025-12-10 23:00:00,2025-12,2025-12-09 17:00:00,30,0.010000,0.145043
2025-12-11 00:00:00,2025-12,2025-12-09 17:00:00,31,0.033333,0.060882
2025-12-11 01:00:00,2025-12,2025-12-09 17:00:00,32,0.010000,0.143804
2025-12-11 02:00:00,2025-12,2025-12-09 17:00:00,33,0.176667,0.414149
2025-12-11 03:00:00,2025-12,2025-12-09 17:00:00,34,0.995000,0.830026
2025-12-11 04:00:00,2025-12,2025-12-09 17:00:00,35,0.990000,0.964454
2025-12-11 05:00:00,2025-12,2025-12-09 17:00:00,36,0.990000,0.989915
2025-12-11 06:00:00,2025-12,2025-12-09 17:00:00,37,0.988333,0.989752
2025-12-11 07:00:00,2025-12,2025-12-09 17:00:00,38,0.990000,0.989793
2025-12-11 08:00:00,2025-12,2025-12-09 17:00:00,39,0.990000,0.989745
2025-12-11 09:00:00,2025-12,2025-12-09 17:00:00,40,0.990000,0.989677
2025-12-11 10:00:00,2025-12,2025-12-09 17:00:00,41,0.990000,0.989817
2025-12-11 11:00:00,2025-12,2025-12-09 17:00:00,42,0.990000,0.989577
2025-12-11 12:00:00,2025-12,2025-12-09 17:00:00,43,0.990000,0.989604
2025-12-11 13:00:00,2025-12,2025-12-09 17:00:00,44,0.990000,0.989554
2025-12-11 14:00:00,2025-12,2025-12-09 17:00:00,45,0.990000,0.989572
2025-12-11 15:00:00,2025-12,2025-12-09 17:00:00,46,0.990000,0.989585
2025-12-11 16:00:00,2025-12,2025-12-09 17:00:00,47,0.990000,0.989608
2025-12-11 17:00:00,2025-12,2025-12-09 17:00:00,48,0.990000,0.989620
2025-12-10 18:00:00,2025-12,2025-12-10 17:00:00,1,0.906667,0.890375
2025-12-10 19:00:00,2025-12,2025-12-10 17:00:00,2,0.475000,0.814174
2025-12-10 20:00:00,2025-12,2025-12-10 17:00:00,3,0.361667,0.622362
2025-12-10 21:00:00,2025-12,2025-12-10 17:00:00,4,0.093333,0.412042
2025-12-10 22:00:00,2025-12,2025-12-10 17:00:00,5,0.010000,0.259371
2025-12-10 23:00:00,2025-12,2025-12-10 17:00:00,6,0.010000,0.094572
2025-12-11 00:00:00,2025-12,2025-12-10 17:00:00,7,0.033333,0.062595
2025-12-11 01:00:00,2025-12,2025-12-10 17:00:00,8,0.010000,0.144523
2025-12-11 02:00:00,2025-12,2025-12-10 17:00:00,9,0.176667,0.597294
2025-12-11 03:00:00,2025-12,2025-12-10 17:00:00,10,0.995000,0.944491
2025-12-11 04:00:00,2025-12,2025-12-10 17:00:00,11,0.990000,0.988479
2025-12-11 05:00:00,2025-12,2025-12-10 17:00:00,12,0.990000,0.989517
2025-12-11 06:00:00,2025-12,2025-12-10 17:00:00,13,0.988333,0.989761
2025-12-11 07:00:00,2025-12,2025-12-10 17:00:00,14,0.990000,0.989747
2025-12-11 08:00:00,2025-12,2025-12-10 17:00:00,15,0.990000,0.989783
2025-12-11 09:00:00,2025-12,2025-12-10 17:00:00,16,0.990000,0.989717
2025-12-11 10:00:00,2025-12,2025-12-10 17:00:00,17,0.990000,0.989877
2025-12-11 11:00:00,2025-12,2025-12-10 17:00:00,18,0.990000,0.989646
2025-12-11 12:00:00,2025-12,2025-12-10 17:00:00,19,0.990000,0.989687
2025-12-11 13:00:00,2025-12,2025-12-10 17:00:00,20,0.990000,0.989634
2025-12-11 14:00:00,2025-12,2025-12-10 17:00:00,21,0.990000,0.989603
2025-12-11 15:00:00,2025-12,2025-12-10 17:00:00,22,0.990000,0.989587
2025-12-11 16:00:00,2025-12,2025-12-10 17:00:00,23,0.990000,0.989599
2025-12-11 17:00:00,2025-12,2025-12-10 17:00:00,24,0.990000,0.989578
2025-12-11 18:00:00,2025-12,2025-12-10 17:00:00,25,0.990000,0.989666
2025-12-11 19:00:00,2025-12,2025-12-10 17:00:00,26,0.990000,0.989666
2025-12-11 20:00:00,2025-12,2025-12-10 17:00:00,27,0.990000,0.989653
2025-12-11 21:00:00,2025-12,2025-12-10 17:00:00,28,0.990000,0.989625
2025-12-11 22:00:00,2025-12,2025-12-10 17:00:00,29,0.990000,0.989621
2025-12-11 23:00:00,2025-12,2025-12-10 17:00:00,30,0.990000,0.989497
2025-12-12 00:00:00,2025-12,2025-12-10 17:00:00,31,0.990000,0.989920
2025-12-12 02:00:00,2025-12,2025-12-10 17:00:00,33,0.990000,0.989737
2025-12-12 03:00:00,2025-12,2025-12-10 17:00:00,34,0.990000,0.989606
2025-12-12 04:00:00,2025-12,2025-12-10 17:00:00,35,0.990000,0.989592
2025-12-12 05:00:00,2025-12,2025-12-10 17:00:00,36,0.990000,0.989634
2025-12-12 06:00:00,2025-12,2025-12-10 17:00:00,37,0.990000,0.989516
2025-12-12 07:00:00,2025-12,2025-12-10 17:00:00,38,0.990000,0.989519
2025-12-12 08:00:00,2025-12,2025-12-10 17:00:00,39,0.990000,0.989781
2025-12-12 09:00:00,2025-12,2025-12-10 17:00:00,40,0.988333,0.990178
2025-12-12 10:00:00,2025-12,2025-12-10 17:00:00,41,0.990000,0.985021
2025-12-12 11:00:00,2025-12,2025-12-10 17:00:00,42,0.990000,0.982386
2025-12-12 12:00:00,2025-12,2025-12-10 17:00:00,43,0.990000,0.976232
2025-12-12 14:00:00,2025-12,2025-12-10 17:00:00,45,0.990000,0.978100
2025-12-12 15:00:00,2025-12,2025-12-10 17:00:00,46,0.990000,0.978307
2025-12-12 16:00:00,2025-12,2025-12-10 17:00:00,47,0.990000,0.971987
2025-12-12 17:00:00,2025-12,2025-12-10 17:00:00,48,0.990000,0.965278
2025-12-11 18:00:00,2025-12,2025-12-11 17:00:00,1,0.990000,0.989671
2025-12-11 19:00:00,2025-12,2025-12-11 17:00:00,2,0.990000,0.989658
2025-12-11 20:00:00,2025-12,2025-12-11 17:00:00,3,0.990000,0.989645
2025-12-11 21:00:00,2025-12,2025-12-11 17:00:00,4,0.990000,0.989624
2025-12-11 22:00:00,2025-12,2025-12-11 17:00:00,5,0.990000,0.989335
2025-12-11 23:00:00,2025-12,2025-12-11 17:00:00,6,0.990000,0.989612
2025-12-12 00:00:00,2025-12,2025-12-11 17:00:00,7,0.990000,0.988938
2025-12-12 02:00:00,2025-12,2025-12-11 17:00:00,9,0.990000,0.988458
2025-12-12 03:00:00,2025-12,2025-12-11 17:00:00,10,0.990000,0.988267
2025-12-12 04:00:00,2025-12,2025-12-11 17:00:00,11,0.990000,0.989668
2025-12-12 05:00:00,2025-12,2025-12-11 17:00:00,12,0.990000,0.986885
2025-12-12 06:00:00,2025-12,2025-12-11 17:00:00,13,0.990000,0.986910
2025-12-12 07:00:00,2025-12,2025-12-11 17:00:00,14,0.990000,0.989666
2025-12-12 08:00:00,2025-12,2025-12-11 17:00:00,15,0.990000,0.989821
2025-12-12 09:00:00,2025-12,2025-12-11 17:00:00,16,0.988333,0.989789
2025-12-12 10:00:00,2025-12,2025-12-11 17:00:00,17,0.990000,0.988511
2025-12-12 11:00:00,2025-12,2025-12-11 17:00:00,18,0.990000,0.975639
2025-12-12 12:00:00,2025-12,2025-12-11 17:00:00,19,0.990000,0.971789
2025-12-12 14:00:00,2025-12,2025-12-11 17:00:00,21,0.990000,0.973043
2025-12-12 15:00:00,2025-12,2025-12-11 17:00:00,22,0.990000,0.974194
2025-12-12 16:00:00,2025-12,2025-12-11 17:00:00,23,0.990000,0.967826
2025-12-12 17:00:00,2025-12,2025-12-11 17:00:00,24,0.990000,0.971357
2025-12-12 18:00:00,2025-12,2025-12-11 17:00:00,25,0.990000,0.950990
2025-12-12 19:00:00,2025-12,2025-12-11 17:00:00,26,0.898333,0.867064
2025-12-12 20:00:00,2025-12,2025-12-11 17:00:00,27,0.538333,0.698509
2025-12-12 21:00:00,2025-12,2025-12-11 17:00:00,28,0.193333,0.367023
2025-12-12 22:00:00,2025-12,2025-12-11 17:00:00,29,0.056667,0.165566
2025-12-12 23:00:00,2025-12,2025-12-11 17:00:00,30,0.011667,0.087695
2025-12-13 00:00:00,2025-12,2025-12-11 17:00:00,31,0.026667,0.048103
2025-12-13 01:00:00,2025-12,2025-12-11 17:00:00,32,0.025000,0.016969
2025-12-13 02:00:00,2025-12,2025-12-11 17:00:00,33,0.015000,0.011289
2025-12-13 03:00:00,2025-12,2025-12-11 17:00:00,34,0.066667,0.041190
2025-12-13 04:00:00,2025-12,2025-12-11 17:00:00,35,0.205000,0.092294
2025-12-13 05:00:00,2025-12,2025-12-11 17:00:00,36,0.151667,0.158042
2025-12-13 06:00:00,2025-12,2025-12-11 17:00:00,37,0.265000,0.259533
2025-12-13 07:00:00,2025-12,2025-12-11 17:00:00,38,0.416667,0.343200
2025-12-13 08:00:00,2025-12,2025-12-11 17:00:00,39,0.443333,0.429806
2025-12-13 09:00:00,2025-12,2025-12-11 17:00:00,40,0.536667,0.537641
2025-12-13 10:00:00,2025-12,2025-12-11 17:00:00,41,0.738333,0.491203
2025-12-13 11:00:00,2025-12,2025-12-11 17:00:00,42,0.916667,0.329873
2025-12-13 12:00:00,2025-12,2025-12-11 17:00:00,43,0.913333,0.318226
2025-12-13 13:00:00,2025-12,2025-12-11 17:00:00,44,0.880000,0.387822
2025-12-13 14:00:00,2025-12,2025-12-11 17:00:00,45,0.990000,0.484912
2025-12-13 15:00:00,2025-12,2025-12-11 17:00:00,46,0.916667,0.604837
2025-12-13 16:00:00,2025-12,2025-12-11 17:00:00,47,0.866667,0.643131
2025-12-13 17:00:00,2025-12,2025-12-11 17:00:00,48,0.316667,0.547911
2025-12-12 18:00:00,2025-12,2025-12-12 17:00:00,1,0.990000,0.893765
2025-12-12 19:00:00,2025-12,2025-12-12 17:00:00,2,0.898333,0.577706
2025-12-12 20:00:00,2025-12,2025-12-12 17:00:00,3,0.538333,0.208352
2025-12-12 21:00:00,2025-12,2025-12-12 17:00:00,4,0.193333,0.109404
2025-12-12 22:00:00,2025-12,2025-12-12 17:00:00,5,0.056667,0.056903
2025-12-12 23:00:00,2025-12,2025-12-12 17:00:00,6,0.011667,0.043491
2025-12-13 00:00:00,2025-12,2025-12-12 17:00:00,7,0.026667,0.026394
2025-12-13 01:00:00,2025-12,2025-12-12 17:00:00,8,0.025000,0.025987
2025-12-13 02:00:00,2025-12,2025-12-12 17:00:00,9,0.015000,0.015583
2025-12-13 03:00:00,2025-12,2025-12-12 17:00:00,10,0.066667,0.021255
2025-12-13 04:00:00,2025-12,2025-12-12 17:00:00,11,0.205000,0.071278
2025-12-13 05:00:00,2025-12,2025-12-12 17:00:00,12,0.151667,0.206392
2025-12-13 06:00:00,2025-12,2025-12-12 17:00:00,13,0.265000,0.242846
2025-12-13 07:00:00,2025-12,2025-12-12 17:00:00,14,0.416667,0.338694
2025-12-13 08:00:00,2025-12,2025-12-12 17:00:00,15,0.443333,0.476127
2025-12-13 09:00:00,2025-12,2025-12-12 17:00:00,16,0.536667,0.602496
2025-12-13 10:00:00,2025-12,2025-12-12 17:00:00,17,0.738333,0.599710
2025-12-13 11:00:00,2025-12,2025-12-12 17:00:00,18,0.916667,0.349564
2025-12-13 12:00:00,2025-12,2025-12-12 17:00:00,19,0.913333,0.280577
2025-12-13 13:00:00,2025-12,2025-12-12 17:00:00,20,0.880000,0.292330
2025-12-13 14:00:00,2025-12,2025-12-12 17:00:00,21,0.990000,0.314487
2025-12-13 15:00:00,2025-12,2025-12-12 17:00:00,22,0.916667,0.328815
2025-12-13 16:00:00,2025-12,2025-12-12 17:00:00,23,0.866667,0.430542
2025-12-13 17:00:00,2025-12,2025-12-12 17:00:00,24,0.316667,0.487785
2025-12-13 18:00:00,2025-12,2025-12-12 17:00:00,25,0.286667,0.278754
2025-12-13 19:00:00,2025-12,2025-12-12 17:00:00,26,0.076667,0.172080
2025-12-13 20:00:00,2025-12,2025-12-12 17:00:00,27,0.353333,0.131691
2025-12-13 21:00:00,2025-12,2025-12-12 17:00:00,28,0.708333,0.134999
2025-12-13 22:00:00,2025-12,2025-12-12 17:00:00,29,0.605000,0.209865
2025-12-13 23:00:00,2025-12,2025-12-12 17:00:00,30,0.358333,0.276345
2025-12-14 00:00:00,2025-12,2025-12-12 17:00:00,31,0.305000,0.339176
2025-12-14 01:00:00,2025-12,2025-12-12 17:00:00,32,0.378333,0.460371
2025-12-14 02:00:00,2025-12,2025-12-12 17:00:00,33,0.730000,0.567050
2025-12-14 03:00:00,2025-12,2025-12-12 17:00:00,34,0.730000,0.626376
2025-12-14 04:00:00,2025-12,2025-12-12 17:00:00,35,0.821667,0.566902
2025-12-14 05:00:00,2025-12,2025-12-12 17:00:00,36,0.916667,0.474905
2025-12-14 06:00:00,2025-12,2025-12-12 17:00:00,37,0.976667,0.400432
2025-12-14 07:00:00,2025-12,2025-12-12 17:00:00,38,0.986667,0.321767
2025-12-14 08:00:00,2025-12,2025-12-12 17:00:00,39,0.760000,0.222152
2025-12-14 09:00:00,2025-12,2025-12-12 17:00:00,40,0.291667,0.092538
2025-12-14 10:00:00,2025-12,2025-12-12 17:00:00,41,0.030000,0.067483
2025-12-14 11:00:00,2025-12,2025-12-12 17:00:00,42,0.031667,0.075099
2025-12-14 12:00:00,2025-12,2025-12-12 17:00:00,43,0.246667,0.099254
2025-12-14 13:00:00,2025-12,2025-12-12 17:00:00,44,0.888333,0.226290
2025-12-14 14:00:00,2025-12,2025-12-12 17:00:00,45,0.990000,0.506325
2025-12-14 15:00:00,2025-12,2025-12-12 17:00:00,46,0.990000,0.837681
2025-12-14 16:00:00,2025-12,2025-12-12 17:00:00,47,0.990000,0.955889
2025-12-14 17:00:00,2025-12,2025-12-12 17:00:00,48,0.990000,0.970260
2025-12-13 18:00:00,2025-12,2025-12-13 17:00:00,1,0.286667,0.377050
2025-12-13 19:00:00,2025-12,2025-12-13 17:00:00,2,0.076667,0.250688
2025-12-13 20:00:00,2025-12,2025-12-13 17:00:00,3,0.353333,0.201651
2025-12-13 21:00:00,2025-12,2025-12-13 17:00:00,4,0.708333,0.175685
2025-12-13 22:00:00,2025-12,2025-12-13 17:00:00,5,0.605000,0.168810
2025-12-13 23:00:00,2025-12,2025-12-13 17:00:00,6,0.358333,0.299306
2025-12-14 00:00:00,2025-12,2025-12-13 17:00:00,7,0.305000,0.516027
2025-12-14 01:00:00,2025-12,2025-12-13 17:00:00,8,0.378333,0.647717
2025-12-14 02:00:00,2025-12,2025-12-13 17:00:00,9,0.730000,0.661768
2025-12-14 03:00:00,2025-12,2025-12-13 17:00:00,10,0.730000,0.618020
2025-12-14 04:00:00,2025-12,2025-12-13 17:00:00,11,0.821667,0.578859
2025-12-14 05:00:00,2025-12,2025-12-13 17:00:00,12,0.916667,0.509788
2025-12-14 06:00:00,2025-12,2025-12-13 17:00:00,13,0.976667,0.371838
2025-12-14 07:00:00,2025-12,2025-12-13 17:00:00,14,0.986667,0.291213
2025-12-14 08:00:00,2025-12,2025-12-13 17:00:00,15,0.760000,0.136834
2025-12-14 09:00:00,2025-12,2025-12-13 17:00:00,16,0.291667,0.060320
2025-12-14 10:00:00,2025-12,2025-12-13 17:00:00,17,0.030000,0.032775
2025-12-14 11:00:00,2025-12,2025-12-13 17:00:00,18,0.031667,0.089400
2025-12-14 12:00:00,2025-12,2025-12-13 17:00:00,19,0.246667,0.249843
2025-12-14 13:00:00,2025-12,2025-12-13 17:00:00,20,0.888333,0.468548
2025-12-14 14:00:00,2025-12,2025-12-13 17:00:00,21,0.990000,0.796075
2025-12-14 15:00:00,2025-12,2025-12-13 17:00:00,22,0.990000,0.875127
2025-12-14 16:00:00,2025-12,2025-12-13 17:00:00,23,0.990000,0.959010
2025-12-14 17:00:00,2025-12,2025-12-13 17:00:00,24,0.990000,0.965332
2025-12-14 18:00:00,2025-12,2025-12-13 17:00:00,25,0.990000,0.972604
2025-12-14 19:00:00,2025-12,2025-12-13 17:00:00,26,0.960000,0.975132
2025-12-14 20:00:00,2025-12,2025-12-13 17:00:00,27,0.890000,0.957082
2025-12-14 21:00:00,2025-12,2025-12-13 17:00:00,28,0.555000,0.777371
2025-12-14 22:00:00,2025-12,2025-12-13 17:00:00,29,0.236667,0.331184
2025-12-14 23:00:00,2025-12,2025-12-13 17:00:00,30,0.016667,0.133147
2025-12-15 00:00:00,2025-12,2025-12-13 17:00:00,31,0.018333,0.113449
2025-12-15 01:00:00,2025-12,2025-12-13 17:00:00,32,0.643333,0.224863
2025-12-15 02:00:00,2025-12,2025-12-13 17:00:00,33,0.575000,0.410590
2025-12-15 03:00:00,2025-12,2025-12-13 17:00:00,34,0.760000,0.795089
2025-12-15 04:00:00,2025-12,2025-12-13 17:00:00,35,0.993333,0.924584
2025-12-15 05:00:00,2025-12,2025-12-13 17:00:00,36,0.990000,0.991703
2025-12-15 06:00:00,2025-12,2025-12-13 17:00:00,37,0.990000,0.987399
2025-12-15 07:00:00,2025-12,2025-12-13 17:00:00,38,0.990000,0.989880
2025-12-15 08:00:00,2025-12,2025-12-13 17:00:00,39,0.990000,0.989794
2025-12-15 09:00:00,2025-12,2025-12-13 17:00:00,40,0.990000,0.989517
2025-12-15 10:00:00,2025-12,2025-12-13 17:00:00,41,0.990000,0.990557
2025-12-15 11:00:00,2025-12,2025-12-13 17:00:00,42,0.990000,0.982868
2025-12-15 12:00:00,2025-12,2025-12-13 17:00:00,43,0.990000,0.978228
2025-12-15 13:00:00,2025-12,2025-12-13 17:00:00,44,0.990000,0.949603
2025-12-15 14:00:00,2025-12,2025-12-13 17:00:00,45,0.978333,0.864343
2025-12-15 15:00:00,2025-12,2025-12-13 17:00:00,46,0.465000,0.670151
2025-12-15 16:00:00,2025-12,2025-12-13 17:00:00,47,0.035000,0.364230
2025-12-15 17:00:00,2025-12,2025-12-13 17:00:00,48,0.026667,0.230179
2025-12-14 18:00:00,2025-12,2025-12-14 17:00:00,1,0.990000,0.971334
2025-12-14 19:00:00,2025-12,2025-12-14 17:00:00,2,0.960000,0.971343
2025-12-14 20:00:00,2025-12,2025-12-14 17:00:00,3,0.890000,0.956520
2025-12-14 21:00:00,2025-12,2025-12-14 17:00:00,4,0.555000,0.842153
2025-12-14 22:00:00,2025-12,2025-12-14 17:00:00,5,0.236667,0.536272
2025-12-14 23:00:00,2025-12,2025-12-14 17:00:00,6,0.016667,0.168437
2025-12-15 00:00:00,2025-12,2025-12-14 17:00:00,7,0.018333,0.111392
2025-12-15 01:00:00,2025-12,2025-12-14 17:00:00,8,0.643333,0.131611
2025-12-15 02:00:00,2025-12,2025-12-14 17:00:00,9,0.575000,0.266502
2025-12-15 03:00:00,2025-12,2025-12-14 17:00:00,10,0.760000,0.664658
2025-12-15 04:00:00,2025-12,2025-12-14 17:00:00,11,0.993333,0.843524
2025-12-15 05:00:00,2025-12,2025-12-14 17:00:00,12,0.990000,0.983193
2025-12-15 06:00:00,2025-12,2025-12-14 17:00:00,13,0.990000,0.988014
2025-12-15 07:00:00,2025-12,2025-12-14 17:00:00,14,0.990000,0.969155
2025-12-15 08:00:00,2025-12,2025-12-14 17:00:00,15,0.990000,0.991568
2025-12-15 09:00:00,2025-12,2025-12-14 17:00:00,16,0.990000,0.984875
2025-12-15 10:00:00,2025-12,2025-12-14 17:00:00,17,0.990000,0.990060
2025-12-15 11:00:00,2025-12,2025-12-14 17:00:00,18,0.990000,0.980872
2025-12-15 12:00:00,2025-12,2025-12-14 17:00:00,19,0.990000,0.984839
2025-12-15 13:00:00,2025-12,2025-12-14 17:00:00,20,0.990000,0.973545
2025-12-15 14:00:00,2025-12,2025-12-14 17:00:00,21,0.978333,0.757418
2025-12-15 15:00:00,2025-12,2025-12-14 17:00:00,22,0.465000,0.551194
2025-12-15 16:00:00,2025-12,2025-12-14 17:00:00,23,0.035000,0.308441
2025-12-15 17:00:00,2025-12,2025-12-14 17:00:00,24,0.026667,0.115528
2025-12-15 18:00:00,2025-12,2025-12-14 17:00:00,25,0.010000,0.042385
2025-12-15 19:00:00,2025-12,2025-12-14 17:00:00,26,0.010000,0.017771
2025-12-15 20:00:00,2025-12,2025-12-14 17:00:00,27,0.011667,0.022555
2025-12-15 21:00:00,2025-12,2025-12-14 17:00:00,28,0.035000,0.032904
2025-12-15 22:00:00,2025-12,2025-12-14 17:00:00,29,0.058333,0.016821
2025-12-15 23:00:00,2025-12,2025-12-14 17:00:00,30,0.358333,0.055540
2025-12-16 00:00:00,2025-12,2025-12-14 17:00:00,31,0.433333,0.122623
2025-12-16 01:00:00,2025-12,2025-12-14 17:00:00,32,0.640000,0.175215
2025-12-16 02:00:00,2025-12,2025-12-14 17:00:00,33,0.960000,0.194712
2025-12-16 03:00:00,2025-12,2025-12-14 17:00:00,34,0.988333,0.279718
2025-12-16 04:00:00,2025-12,2025-12-14 17:00:00,35,0.938333,0.454014
2025-12-16 05:00:00,2025-12,2025-12-14 17:00:00,36,0.975000,0.605623
2025-12-16 06:00:00,2025-12,2025-12-14 17:00:00,37,0.965000,0.584250
2025-12-16 07:00:00,2025-12,2025-12-14 17:00:00,38,0.951667,0.503031
2025-12-16 08:00:00,2025-12,2025-12-14 17:00:00,39,0.880000,0.397689
2025-12-16 09:00:00,2025-12,2025-12-14 17:00:00,40,0.760000,0.291950
2025-12-16 10:00:00,2025-12,2025-12-14 17:00:00,41,0.688333,0.231420
2025-12-16 11:00:00,2025-12,2025-12-14 17:00:00,42,0.458333,0.116811
2025-12-16 12:00:00,2025-12,2025-12-14 17:00:00,43,0.115000,0.060043
2025-12-16 13:00:00,2025-12,2025-12-14 17:00:00,44,0.011667,0.057445
2025-12-16 14:00:00,2025-12,2025-12-14 17:00:00,45,0.011667,0.064887
2025-12-16 15:00:00,2025-12,2025-12-14 17:00:00,46,0.100000,0.076719
2025-12-16 16:00:00,2025-12,2025-12-14 17:00:00,47,0.010000,0.096745
2025-12-16 17:00:00,2025-12,2025-12-14 17:00:00,48,0.010000,0.088480
2025-12-15 18:00:00,2025-12,2025-12-15 17:00:00,1,0.010000,0.033384
2025-12-15 19:00:00,2025-12,2025-12-15 17:00:00,2,0.010000,0.014345
2025-12-15 20:00:00,2025-12,2025-12-15 17:00:00,3,0.011667,0.012892
2025-12-15 21:00:00,2025-12,2025-12-15 17:00:00,4,0.035000,0.012801
2025-12-15 22:00:00,2025-12,2025-12-15 17:00:00,5,0.058333,0.017950
2025-12-15 23:00:00,2025-12,2025-12-15 17:00:00,6,0.358333,0.034368
2025-12-16 00:00:00,2025-12,2025-12-15 17:00:00,7,0.433333,0.080899
2025-12-16 01:00:00,2025-12,2025-12-15 17:00:00,8,0.640000,0.143802
2025-12-16 02:00:00,2025-12,2025-12-15 17:00:00,9,0.960000,0.247004
2025-12-16 03:00:00,2025-12,2025-12-15 17:00:00,10,0.988333,0.427102
2025-12-16 04:00:00,2025-12,2025-12-15 17:00:00,11,0.938333,0.637823
2025-12-16 05:00:00,2025-12,2025-12-15 17:00:00,12,0.975000,0.744566
2025-12-16 06:00:00,2025-12,2025-12-15 17:00:00,13,0.965000,0.789386
2025-12-16 07:00:00,2025-12,2025-12-15 17:00:00,14,0.951667,0.725070
2025-12-16 08:00:00,2025-12,2025-12-15 17:00:00,15,0.880000,0.553906
2025-12-16 09:00:00,2025-12,2025-12-15 17:00:00,16,0.760000,0.333571
2025-12-16 10:00:00,2025-12,2025-12-15 17:00:00,17,0.688333,0.300356
2025-12-16 11:00:00,2025-12,2025-12-15 17:00:00,18,0.458333,0.199681
2025-12-16 12:00:00,2025-12,2025-12-15 17:00:00,19,0.115000,0.146190
2025-12-16 13:00:00,2025-12,2025-12-15 17:00:00,20,0.011667,0.146158
2025-12-16 14:00:00,2025-12,2025-12-15 17:00:00,21,0.011667,0.162546
2025-12-16 15:00:00,2025-12,2025-12-15 17:00:00,22,0.100000,0.201098
2025-12-16 16:00:00,2025-12,2025-12-15 17:00:00,23,0.010000,0.214917
2025-12-16 17:00:00,2025-12,2025-12-15 17:00:00,24,0.010000,0.146130
2025-12-16 18:00:00,2025-12,2025-12-15 17:00:00,25,0.010000,0.163765
2025-12-16 19:00:00,2025-12,2025-12-15 17:00:00,26,0.010000,0.205674
2025-12-16 20:00:00,2025-12,2025-12-15 17:00:00,27,0.086667,0.190707
2025-12-16 21:00:00,2025-12,2025-12-15 17:00:00,28,0.180000,0.197393
2025-12-16 22:00:00,2025-12,2025-12-15 17:00:00,29,0.011667,0.126411
2025-12-16 23:00:00,2025-12,2025-12-15 17:00:00,30,0.010000,0.033857
2025-12-17 00:00:00,2025-12,2025-12-15 17:00:00,31,0.060000,0.041129
2025-12-17 01:00:00,2025-12,2025-12-15 17:00:00,32,0.108333,0.031043
2025-12-17 02:00:00,2025-12,2025-12-15 17:00:00,33,0.130000,0.018678
2025-12-17 03:00:00,2025-12,2025-12-15 17:00:00,34,0.055000,0.019721
2025-12-17 04:00:00,2025-12,2025-12-15 17:00:00,35,0.010000,0.024601
2025-12-17 05:00:00,2025-12,2025-12-15 17:00:00,36,0.010000,0.051399
2025-12-17 06:00:00,2025-12,2025-12-15 17:00:00,37,0.010000,0.051549
2025-12-17 07:00:00,2025-12,2025-12-15 17:00:00,38,0.010000,0.073867
2025-12-17 08:00:00,2025-12,2025-12-15 17:00:00,39,0.010000,0.150212
2025-12-17 09:00:00,2025-12,2025-12-15 17:00:00,40,0.010000,0.285762
2025-12-17 10:00:00,2025-12,2025-12-15 17:00:00,41,0.010000,0.354666
2025-12-17 11:00:00,2025-12,2025-12-15 17:00:00,42,0.065000,0.672059
2025-12-17 12:00:00,2025-12,2025-12-15 17:00:00,43,0.220000,0.762474
2025-12-17 13:00:00,2025-12,2025-12-15 17:00:00,44,0.195000,0.761816
2025-12-17 14:00:00,2025-12,2025-12-15 17:00:00,45,0.391667,0.748945
2025-12-17 15:00:00,2025-12,2025-12-15 17:00:00,46,0.425000,0.682876
2025-12-17 16:00:00,2025-12,2025-12-15 17:00:00,47,0.500000,0.570964
2025-12-17 17:00:00,2025-12,2025-12-15 17:00:00,48,0.716667,0.454865
2025-12-16 18:00:00,2025-12,2025-12-16 17:00:00,1,0.010000,0.139087
2025-12-16 19:00:00,2025-12,2025-12-16 17:00:00,2,0.010000,0.146889
2025-12-16 20:00:00,2025-12,2025-12-16 17:00:00,3,0.086667,0.116764
2025-12-16 21:00:00,2025-12,2025-12-16 17:00:00,4,0.180000,0.076886
2025-12-16 22:00:00,2025-12,2025-12-16 17:00:00,5,0.011667,0.042994
2025-12-16 23:00:00,2025-12,2025-12-16 17:00:00,6,0.010000,0.045963
2025-12-17 00:00:00,2025-12,2025-12-16 17:00:00,7,0.060000,0.053979
2025-12-17 01:00:00,2025-12,2025-12-16 17:00:00,8,0.108333,0.060307
2025-12-17 02:00:00,2025-12,2025-12-16 17:00:00,9,0.130000,0.050229
2025-12-17 03:00:00,2025-12,2025-12-16 17:00:00,10,0.055000,0.045183
2025-12-17 04:00:00,2025-12,2025-12-16 17:00:00,11,0.010000,0.049662
2025-12-17 05:00:00,2025-12,2025-12-16 17:00:00,12,0.010000,0.091329
2025-12-17 06:00:00,2025-12,2025-12-16 17:00:00,13,0.010000,0.118666
2025-12-17 07:00:00,2025-12,2025-12-16 17:00:00,14,0.010000,0.216560
2025-12-17 08:00:00,2025-12,2025-12-16 17:00:00,15,0.010000,0.293887
2025-12-17 09:00:00,2025-12,2025-12-16 17:00:00,16,0.010000,0.468204
2025-12-17 10:00:00,2025-12,2025-12-16 17:00:00,17,0.010000,0.654980
2025-12-17 11:00:00,2025-12,2025-12-16 17:00:00,18,0.065000,0.696671
2025-12-17 12:00:00,2025-12,2025-12-16 17:00:00,19,0.220000,0.731448
2025-12-17 13:00:00,2025-12,2025-12-16 17:00:00,20,0.195000,0.689408
2025-12-17 14:00:00,2025-12,2025-12-16 17:00:00,21,0.391667,0.600194
2025-12-17 15:00:00,2025-12,2025-12-16 17:00:00,22,0.425000,0.595974
2025-12-17 16:00:00,2025-12,2025-12-16 17:00:00,23,0.500000,0.518966
2025-12-17 17:00:00,2025-12,2025-12-16 17:00:00,24,0.716667,0.373428
2025-12-17 18:00:00,2025-12,2025-12-16 17:00:00,25,0.853333,0.261745
2025-12-17 19:00:00,2025-12,2025-12-16 17:00:00,26,0.653333,0.214613
2025-12-17 20:00:00,2025-12,2025-12-16 17:00:00,27,0.550000,0.164413
2025-12-17 21:00:00,2025-12,2025-12-16 17:00:00,28,0.335000,0.139164
2025-12-17 22:00:00,2025-12,2025-12-16 17:00:00,29,0.463333,0.130063
2025-12-17 23:00:00,2025-12,2025-12-16 17:00:00,30,0.605000,0.120920
2025-12-18 00:00:00,2025-12,2025-12-16 17:00:00,31,0.486667,0.118264
2025-12-18 01:00:00,2025-12,2025-12-16 17:00:00,32,0.225000,0.106601
2025-12-18 02:00:00,2025-12,2025-12-16 17:00:00,33,0.165000,0.099293
2025-12-18 03:00:00,2025-12,2025-12-16 17:00:00,34,0.168333,0.102972
2025-12-18 04:00:00,2025-12,2025-12-16 17:00:00,35,0.178333,0.087782
2025-12-18 05:00:00,2025-12,2025-12-16 17:00:00,36,0.140000,0.080549
2025-12-18 06:00:00,2025-12,2025-12-16 17:00:00,37,0.285000,0.094206
2025-12-18 07:00:00,2025-12,2025-12-16 17:00:00,38,0.665000,0.188862
2025-12-18 08:00:00,2025-12,2025-12-16 17:00:00,39,0.696667,0.335146
2025-12-18 09:00:00,2025-12,2025-12-16 17:00:00,40,0.890000,0.531689
2025-12-18 10:00:00,2025-12,2025-12-16 17:00:00,41,0.930000,0.718961
2025-12-18 11:00:00,2025-12,2025-12-16 17:00:00,42,0.948333,0.759350
2025-12-18 12:00:00,2025-12,2025-12-16 17:00:00,43,0.968333,0.807835
2025-12-18 13:00:00,2025-12,2025-12-16 17:00:00,44,0.990000,0.822763
2025-12-18 14:00:00,2025-12,2025-12-16 17:00:00,45,0.988333,0.846429
2025-12-18 15:00:00,2025-12,2025-12-16 17:00:00,46,0.983333,0.889882
2025-12-18 16:00:00,2025-12,2025-12-16 17:00:00,47,0.916667,0.862625
2025-12-18 17:00:00,2025-12,2025-12-16 17:00:00,48,0.970000,0.855263
2025-12-17 18:00:00,2025-12,2025-12-17 17:00:00,1,0.853333,0.399784
2025-12-17 19:00:00,2025-12,2025-12-17 17:00:00,2,0.653333,0.297517
2025-12-17 20:00:00,2025-12,2025-12-17 17:00:00,3,0.550000,0.226940
2025-12-17 21:00:00,2025-12,2025-12-17 17:00:00,4,0.335000,0.167020
2025-12-17 22:00:00,2025-12,2025-12-17 17:00:00,5,0.463333,0.149211
2025-12-17 23:00:00,2025-12,2025-12-17 17:00:00,6,0.605000,0.126093
2025-12-18 00:00:00,2025-12,2025-12-17 17:00:00,7,0.486667,0.095687
2025-12-18 01:00:00,2025-12,2025-12-17 17:00:00,8,0.225000,0.098678
2025-12-18 02:00:00,2025-12,2025-12-17 17:00:00,9,0.165000,0.118250
2025-12-18 03:00:00,2025-12,2025-12-17 17:00:00,10,0.168333,0.154943
2025-12-18 04:00:00,2025-12,2025-12-17 17:00:00,11,0.178333,0.170730
2025-12-18 05:00:00,2025-12,2025-12-17 17:00:00,12,0.140000,0.236433
2025-12-18 06:00:00,2025-12,2025-12-17 17:00:00,13,0.285000,0.325905
2025-12-18 07:00:00,2025-12,2025-12-17 17:00:00,14,0.665000,0.403704
2025-12-18 08:00:00,2025-12,2025-12-17 17:00:00,15,0.696667,0.644612
2025-12-18 09:00:00,2025-12,2025-12-17 17:00:00,16,0.890000,0.787848
2025-12-18 10:00:00,2025-12,2025-12-17 17:00:00,17,0.930000,0.873086
2025-12-18 11:00:00,2025-12,2025-12-17 17:00:00,18,0.948333,0.925610
2025-12-18 12:00:00,2025-12,2025-12-17 17:00:00,19,0.968333,0.901109
2025-12-18 13:00:00,2025-12,2025-12-17 17:00:00,20,0.990000,0.913877
2025-12-18 14:00:00,2025-12,2025-12-17 17:00:00,21,0.988333,0.928511
2025-12-18 15:00:00,2025-12,2025-12-17 17:00:00,22,0.983333,0.925392
2025-12-18 16:00:00,2025-12,2025-12-17 17:00:00,23,0.916667,0.874393
2025-12-18 17:00:00,2025-12,2025-12-17 17:00:00,24,0.970000,0.816977
2025-12-18 18:00:00,2025-12,2025-12-17 17:00:00,25,0.740000,0.730917
2025-12-18 19:00:00,2025-12,2025-12-17 17:00:00,26,0.983333,0.665692
2025-12-18 20:00:00,2025-12,2025-12-17 17:00:00,27,0.990000,0.605378
2025-12-18 21:00:00,2025-12,2025-12-17 17:00:00,28,0.970000,0.456059
2025-12-18 22:00:00,2025-12,2025-12-17 17:00:00,29,0.938333,0.344705
2025-12-18 23:00:00,2025-12,2025-12-17 17:00:00,30,0.566667,0.204160
2025-12-19 00:00:00,2025-12,2025-12-17 17:00:00,31,0.135000,0.099846
2025-12-19 01:00:00,2025-12,2025-12-17 17:00:00,32,0.010000,0.029372
2025-12-19 02:00:00,2025-12,2025-12-17 17:00:00,33,0.011667,0.030657
2025-12-19 03:00:00,2025-12,2025-12-17 17:00:00,34,0.031667,0.040561
2025-12-19 04:00:00,2025-12,2025-12-17 17:00:00,35,0.010000,0.054450
2025-12-19 05:00:00,2025-12,2025-12-17 17:00:00,36,0.086667,0.130949
2025-12-19 06:00:00,2025-12,2025-12-17 17:00:00,37,0.240000,0.246231
2025-12-19 07:00:00,2025-12,2025-12-17 17:00:00,38,0.486667,0.367278
2025-12-19 08:00:00,2025-12,2025-12-17 17:00:00,39,0.736667,0.480896
2025-12-19 09:00:00,2025-12,2025-12-17 17:00:00,40,0.866667,0.641934
2025-12-19 10:00:00,2025-12,2025-12-17 17:00:00,41,0.986667,0.683394
2025-12-19 11:00:00,2025-12,2025-12-17 17:00:00,42,0.986667,0.508953
2025-12-19 12:00:00,2025-12,2025-12-17 17:00:00,43,0.990000,0.347502
2025-12-19 13:00:00,2025-12,2025-12-17 17:00:00,44,0.990000,0.313443
2025-12-19 14:00:00,2025-12,2025-12-17 17:00:00,45,0.988333,0.384069
2025-12-19 15:00:00,2025-12,2025-12-17 17:00:00,46,0.911667,0.557060
2025-12-19 16:00:00,2025-12,2025-12-17 17:00:00,47,0.978333,0.653681
2025-12-19 17:00:00,2025-12,2025-12-17 17:00:00,48,0.990000,0.813292
2025-12-18 18:00:00,2025-12,2025-12-18 17:00:00,1,0.740000,0.686420
2025-12-18 19:00:00,2025-12,2025-12-18 17:00:00,2,0.983333,0.619231
2025-12-18 20:00:00,2025-12,2025-12-18 17:00:00,3,0.990000,0.570710
2025-12-18 21:00:00,2025-12,2025-12-18 17:00:00,4,0.970000,0.447951
2025-12-18 22:00:00,2025-12,2025-12-18 17:00:00,5,0.938333,0.316556
2025-12-18 23:00:00,2025-12,2025-12-18 17:00:00,6,0.566667,0.190747
2025-12-19 00:00:00,2025-12,2025-12-18 17:00:00,7,0.135000,0.139854
2025-12-19 01:00:00,2025-12,2025-12-18 17:00:00,8,0.010000,0.050411
2025-12-19 02:00:00,2025-12,2025-12-18 17:00:00,9,0.011667,0.022852
2025-12-19 03:00:00,2025-12,2025-12-18 17:00:00,10,0.031667,0.036191
2025-12-19 04:00:00,2025-12,2025-12-18 17:00:00,11,0.010000,0.060220
2025-12-19 05:00:00,2025-12,2025-12-18 17:00:00,12,0.086667,0.124158
2025-12-19 06:00:00,2025-12,2025-12-18 17:00:00,13,0.240000,0.274073
2025-12-19 07:00:00,2025-12,2025-12-18 17:00:00,14,0.486667,0.394678
2025-12-19 08:00:00,2025-12,2025-12-18 17:00:00,15,0.736667,0.635930
2025-12-19 09:00:00,2025-12,2025-12-18 17:00:00,16,0.866667,0.771012
2025-12-19 10:00:00,2025-12,2025-12-18 17:00:00,17,0.986667,0.786142
2025-12-19 11:00:00,2025-12,2025-12-18 17:00:00,18,0.986667,0.816602
2025-12-19 12:00:00,2025-12,2025-12-18 17:00:00,19,0.990000,0.828814
2025-12-19 13:00:00,2025-12,2025-12-18 17:00:00,20,0.990000,0.841402
2025-12-19 14:00:00,2025-12,2025-12-18 17:00:00,21,0.988333,0.843987
2025-12-19 15:00:00,2025-12,2025-12-18 17:00:00,22,0.911667,0.864433
2025-12-19 16:00:00,2025-12,2025-12-18 17:00:00,23,0.978333,0.901231
2025-12-19 17:00:00,2025-12,2025-12-18 17:00:00,24,0.990000,0.915534
2025-12-19 18:00:00,2025-12,2025-12-18 17:00:00,25,0.990000,0.909485
2025-12-19 19:00:00,2025-12,2025-12-18 17:00:00,26,0.945000,0.906345
2025-12-19 20:00:00,2025-12,2025-12-18 17:00:00,27,0.983333,0.894610
2025-12-19 21:00:00,2025-12,2025-12-18 17:00:00,28,0.980000,0.861215
2025-12-19 22:00:00,2025-12,2025-12-18 17:00:00,29,0.743333,0.818596
2025-12-19 23:00:00,2025-12,2025-12-18 17:00:00,30,0.500000,0.683570
2025-12-20 00:00:00,2025-12,2025-12-18 17:00:00,31,0.128333,0.613413
2025-12-20 01:00:00,2025-12,2025-12-18 17:00:00,32,0.090000,0.451939
2025-12-20 02:00:00,2025-12,2025-12-18 17:00:00,33,0.196667,0.362349
2025-12-20 03:00:00,2025-12,2025-12-18 17:00:00,34,0.105000,0.323603
2025-12-20 04:00:00,2025-12,2025-12-18 17:00:00,35,0.116667,0.420844
2025-12-20 05:00:00,2025-12,2025-12-18 17:00:00,36,0.145000,0.533550
2025-12-20 06:00:00,2025-12,2025-12-18 17:00:00,37,0.210000,0.547818
2025-12-20 07:00:00,2025-12,2025-12-18 17:00:00,38,0.383333,0.486962
2025-12-20 08:00:00,2025-12,2025-12-18 17:00:00,39,0.263333,0.394744
2025-12-20 09:00:00,2025-12,2025-12-18 17:00:00,40,0.246667,0.329587
2025-12-20 10:00:00,2025-12,2025-12-18 17:00:00,41,0.110000,0.260742
2025-12-20 11:00:00,2025-12,2025-12-18 17:00:00,42,0.010000,0.187399
2025-12-20 12:00:00,2025-12,2025-12-18 17:00:00,43,0.010000,0.158627
2025-12-20 13:00:00,2025-12,2025-12-18 17:00:00,44,0.010000,0.167841
2025-12-20 14:00:00,2025-12,2025-12-18 17:00:00,45,0.010000,0.184795
2025-12-20 15:00:00,2025-12,2025-12-18 17:00:00,46,0.010000,0.216607
2025-12-20 16:00:00,2025-12,2025-12-18 17:00:00,47,0.010000,0.265178
2025-12-20 17:00:00,2025-12,2025-12-18 17:00:00,48,0.058333,0.274788
2025-12-19 18:00:00,2025-12,2025-12-19 17:00:00,1,0.990000,0.922634
2025-12-19 19:00:00,2025-12,2025-12-19 17:00:00,2,0.945000,0.920106
2025-12-19 20:00:00,2025-12,2025-12-19 17:00:00,3,0.983333,0.903822
2025-12-19 21:00:00,2025-12,2025-12-19 17:00:00,4,0.980000,0.867993
2025-12-19 22:00:00,2025-12,2025-12-19 17:00:00,5,0.743333,0.790259
2025-12-19 23:00:00,2025-12,2025-12-19 17:00:00,6,0.500000,0.666453
2025-12-20 00:00:00,2025-12,2025-12-19 17:00:00,7,0.128333,0.542394
2025-12-20 01:00:00,2025-12,2025-12-19 17:00:00,8,0.090000,0.491994
2025-12-20 02:00:00,2025-12,2025-12-19 17:00:00,9,0.196667,0.455881
2025-12-20 03:00:00,2025-12,2025-12-19 17:00:00,10,0.105000,0.489258
2025-12-20 04:00:00,2025-12,2025-12-19 17:00:00,11,0.116667,0.601534
2025-12-20 05:00:00,2025-12,2025-12-19 17:00:00,12,0.145000,0.588266
2025-12-20 06:00:00,2025-12,2025-12-19 17:00:00,13,0.210000,0.501948
2025-12-20 07:00:00,2025-12,2025-12-19 17:00:00,14,0.383333,0.400366
2025-12-20 08:00:00,2025-12,2025-12-19 17:00:00,15,0.263333,0.313582
2025-12-20 09:00:00,2025-12,2025-12-19 17:00:00,16,0.246667,0.240252
2025-12-20 10:00:00,2025-12,2025-12-19 17:00:00,17,0.110000,0.143030
2025-12-20 11:00:00,2025-12,2025-12-19 17:00:00,18,0.010000,0.086060
2025-12-20 12:00:00,2025-12,2025-12-19 17:00:00,19,0.010000,0.061822
2025-12-20 13:00:00,2025-12,2025-12-19 17:00:00,20,0.010000,0.046497
2025-12-20 14:00:00,2025-12,2025-12-19 17:00:00,21,0.010000,0.082815
2025-12-20 15:00:00,2025-12,2025-12-19 17:00:00,22,0.010000,0.155207
2025-12-20 16:00:00,2025-12,2025-12-19 17:00:00,23,0.010000,0.212347
2025-12-20 17:00:00,2025-12,2025-12-19 17:00:00,24,0.058333,0.279190
2025-12-20 18:00:00,2025-12,2025-12-19 17:00:00,25,0.040000,0.333020
2025-12-20 19:00:00,2025-12,2025-12-19 17:00:00,26,0.081667,0.409858
2025-12-20 20:00:00,2025-12,2025-12-19 17:00:00,27,0.298333,0.588690
2025-12-20 21:00:00,2025-12,2025-12-19 17:00:00,28,0.228333,0.597575
2025-12-20 22:00:00,2025-12,2025-12-19 17:00:00,29,0.716667,0.660138
2025-12-20 23:00:00,2025-12,2025-12-19 17:00:00,30,0.998333,0.736678
2025-12-21 00:00:00,2025-12,2025-12-19 17:00:00,31,0.863333,0.840982
2025-12-21 01:00:00,2025-12,2025-12-19 17:00:00,32,0.325000,0.833423
2025-12-21 02:00:00,2025-12,2025-12-19 17:00:00,33,0.305000,0.784559
2025-12-21 03:00:00,2025-12,2025-12-19 17:00:00,34,0.325000,0.685143
2025-12-21 04:00:00,2025-12,2025-12-19 17:00:00,35,0.371667,0.674701
2025-12-21 05:00:00,2025-12,2025-12-19 17:00:00,36,0.378333,0.682148
2025-12-21 06:00:00,2025-12,2025-12-19 17:00:00,37,0.311667,0.695529
2025-12-21 07:00:00,2025-12,2025-12-19 17:00:00,38,0.306667,0.707215
2025-12-21 08:00:00,2025-12,2025-12-19 17:00:00,39,0.328333,0.720498
2025-12-21 09:00:00,2025-12,2025-12-19 17:00:00,40,0.500000,0.661847
2025-12-21 10:00:00,2025-12,2025-12-19 17:00:00,41,0.416667,0.591740
2025-12-21 11:00:00,2025-12,2025-12-19 17:00:00,42,0.466667,0.631776
2025-12-21 12:00:00,2025-12,2025-12-19 17:00:00,43,0.563333,0.602015
2025-12-21 13:00:00,2025-12,2025-12-19 17:00:00,44,0.751667,0.595302
2025-12-21 14:00:00,2025-12,2025-12-19 17:00:00,45,0.688333,0.545681
2025-12-21 15:00:00,2025-12,2025-12-19 17:00:00,46,0.673333,0.556016
2025-12-21 16:00:00,2025-12,2025-12-19 17:00:00,47,0.503333,0.501008
2025-12-21 17:00:00,2025-12,2025-12-19 17:00:00,48,0.570000,0.405294
2025-12-20 18:00:00,2025-12,2025-12-20 17:00:00,1,0.040000,0.318074
2025-12-20 19:00:00,2025-12,2025-12-20 17:00:00,2,0.081667,0.345552
2025-12-20 20:00:00,2025-12,2025-12-20 17:00:00,3,0.298333,0.517504
2025-12-20 21:00:00,2025-12,2025-12-20 17:00:00,4,0.228333,0.556987
2025-12-20 22:00:00,2025-12,2025-12-20 17:00:00,5,0.716667,0.678396
2025-12-20 23:00:00,2025-12,2025-12-20 17:00:00,6,0.998333,0.733808
2025-12-21 00:00:00,2025-12,2025-12-20 17:00:00,7,0.863333,0.793926
2025-12-21 01:00:00,2025-12,2025-12-20 17:00:00,8,0.325000,0.776951
2025-12-21 02:00:00,2025-12,2025-12-20 17:00:00,9,0.305000,0.758204
2025-12-21 03:00:00,2025-12,2025-12-20 17:00:00,10,0.325000,0.691143
2025-12-21 04:00:00,2025-12,2025-12-20 17:00:00,11,0.371667,0.726212
2025-12-21 05:00:00,2025-12,2025-12-20 17:00:00,12,0.378333,0.624783
2025-12-21 06:00:00,2025-12,2025-12-20 17:00:00,13,0.311667,0.615989
2025-12-21 07:00:00,2025-12,2025-12-20 17:00:00,14,0.306667,0.597321
2025-12-21 08:00:00,2025-12,2025-12-20 17:00:00,15,0.328333,0.591206
2025-12-21 09:00:00,2025-12,2025-12-20 17:00:00,16,0.500000,0.639353
2025-12-21 10:00:00,2025-12,2025-12-20 17:00:00,17,0.416667,0.684979
2025-12-21 11:00:00,2025-12,2025-12-20 17:00:00,18,0.466667,0.697001
2025-12-21 12:00:00,2025-12,2025-12-20 17:00:00,19,0.563333,0.686795
2025-12-21 13:00:00,2025-12,2025-12-20 17:00:00,20,0.751667,0.670416
2025-12-21 14:00:00,2025-12,2025-12-20 17:00:00,21,0.688333,0.657995
2025-12-21 15:00:00,2025-12,2025-12-20 17:00:00,22,0.673333,0.607490
2025-12-21 16:00:00,2025-12,2025-12-20 17:00:00,23,0.503333,0.526516
2025-12-21 17:00:00,2025-12,2025-12-20 17:00:00,24,0.570000,0.515735
2025-12-21 18:00:00,2025-12,2025-12-20 17:00:00,25,0.656667,0.308582
2025-12-21 19:00:00,2025-12,2025-12-20 17:00:00,26,0.481667,0.231379
2025-12-21 20:00:00,2025-12,2025-12-20 17:00:00,27,0.178333,0.120036
2025-12-21 21:00:00,2025-12,2025-12-20 17:00:00,28,0.010000,0.067632
2025-12-21 22:00:00,2025-12,2025-12-20 17:00:00,29,0.015000,0.045892
2025-12-21 23:00:00,2025-12,2025-12-20 17:00:00,30,0.095000,0.021314
2025-12-22 00:00:00,2025-12,2025-12-20 17:00:00,31,0.200000,0.027309
2025-12-22 01:00:00,2025-12,2025-12-20 17:00:00,32,0.133333,0.031751
2025-12-22 02:00:00,2025-12,2025-12-20 17:00:00,33,0.181667,0.136262
2025-12-22 03:00:00,2025-12,2025-12-20 17:00:00,34,0.553333,0.356520
2025-12-22 04:00:00,2025-12,2025-12-20 17:00:00,35,0.965000,0.681867
2025-12-22 05:00:00,2025-12,2025-12-20 17:00:00,36,0.975000,0.851681
2025-12-22 06:00:00,2025-12,2025-12-20 17:00:00,37,0.986667,0.937554
2025-12-22 07:00:00,2025-12,2025-12-20 17:00:00,38,0.956667,0.970281
2025-12-22 08:00:00,2025-12,2025-12-20 17:00:00,39,0.988333,0.976429
2025-12-22 09:00:00,2025-12,2025-12-20 17:00:00,40,0.988333,0.950842
2025-12-22 10:00:00,2025-12,2025-12-20 17:00:00,41,0.990000,0.917087
2025-12-22 11:00:00,2025-12,2025-12-20 17:00:00,42,0.990000,0.896296
2025-12-22 12:00:00,2025-12,2025-12-20 17:00:00,43,0.975000,0.886784
2025-12-22 13:00:00,2025-12,2025-12-20 17:00:00,44,0.585000,0.871040
2025-12-22 14:00:00,2025-12,2025-12-20 17:00:00,45,0.115000,0.827181
2025-12-22 15:00:00,2025-12,2025-12-20 17:00:00,46,0.173333,0.731967
2025-12-22 16:00:00,2025-12,2025-12-20 17:00:00,47,0.111667,0.548220
2025-12-22 17:00:00,2025-12,2025-12-20 17:00:00,48,0.075000,0.381705
2025-12-21 18:00:00,2025-12,2025-12-21 17:00:00,1,0.656667,0.324283
2025-12-21 19:00:00,2025-12,2025-12-21 17:00:00,2,0.481667,0.214500
2025-12-21 20:00:00,2025-12,2025-12-21 17:00:00,3,0.178333,0.169540
2025-12-21 21:00:00,2025-12,2025-12-21 17:00:00,4,0.010000,0.104799
2025-12-21 22:00:00,2025-12,2025-12-21 17:00:00,5,0.015000,0.067679
2025-12-21 23:00:00,2025-12,2025-12-21 17:00:00,6,0.095000,0.018598
2025-12-22 00:00:00,2025-12,2025-12-21 17:00:00,7,0.200000,0.024727
2025-12-22 01:00:00,2025-12,2025-12-21 17:00:00,8,0.133333,0.035824
2025-12-22 02:00:00,2025-12,2025-12-21 17:00:00,9,0.181667,0.105489
2025-12-22 03:00:00,2025-12,2025-12-21 17:00:00,10,0.553333,0.280430
2025-12-22 04:00:00,2025-12,2025-12-21 17:00:00,11,0.965000,0.632859
2025-12-22 05:00:00,2025-12,2025-12-21 17:00:00,12,0.975000,0.816622
2025-12-22 06:00:00,2025-12,2025-12-21 17:00:00,13,0.986667,0.945351
2025-12-22 07:00:00,2025-12,2025-12-21 17:00:00,14,0.956667,0.951878
2025-12-22 08:00:00,2025-12,2025-12-21 17:00:00,15,0.988333,0.951599
2025-12-22 09:00:00,2025-12,2025-12-21 17:00:00,16,0.988333,0.921524
2025-12-22 10:00:00,2025-12,2025-12-21 17:00:00,17,0.990000,0.863542
2025-12-22 11:00:00,2025-12,2025-12-21 17:00:00,18,0.990000,0.845875
2025-12-22 12:00:00,2025-12,2025-12-21 17:00:00,19,0.975000,0.843099
2025-12-22 13:00:00,2025-12,2025-12-21 17:00:00,20,0.585000,0.763939
2025-12-22 14:00:00,2025-12,2025-12-21 17:00:00,21,0.115000,0.610904
2025-12-22 15:00:00,2025-12,2025-12-21 17:00:00,22,0.173333,0.422457
2025-12-22 16:00:00,2025-12,2025-12-21 17:00:00,23,0.111667,0.308178
2025-12-22 17:00:00,2025-12,2025-12-21 17:00:00,24,0.075000,0.240071
2025-12-22 18:00:00,2025-12,2025-12-21 17:00:00,25,0.023333,0.148466
2025-12-22 19:00:00,2025-12,2025-12-21 17:00:00,26,0.010000,0.139354
2025-12-22 20:00:00,2025-12,2025-12-21 17:00:00,27,0.010000,0.099936
2025-12-22 21:00:00,2025-12,2025-12-21 17:00:00,28,0.015000,0.058707
2025-12-22 22:00:00,2025-12,2025-12-21 17:00:00,29,0.010000,0.032562
2025-12-22 23:00:00,2025-12,2025-12-21 17:00:00,30,0.010000,0.026271
2025-12-23 00:00:00,2025-12,2025-12-21 17:00:00,31,0.010000,0.027028
2025-12-23 01:00:00,2025-12,2025-12-21 17:00:00,32,0.010000,0.033482
2025-12-23 02:00:00,2025-12,2025-12-21 17:00:00,33,0.035000,0.022583
2025-12-23 03:00:00,2025-12,2025-12-21 17:00:00,34,0.021667,0.025015
2025-12-23 04:00:00,2025-12,2025-12-21 17:00:00,35,0.010000,0.016178
2025-12-23 05:00:00,2025-12,2025-12-21 17:00:00,36,0.010000,0.013917
2025-12-23 06:00:00,2025-12,2025-12-21 17:00:00,37,0.010000,0.015935
2025-12-23 07:00:00,2025-12,2025-12-21 17:00:00,38,0.010000,0.017726
2025-12-23 08:00:00,2025-12,2025-12-21 17:00:00,39,0.010000,0.030574
2025-12-23 09:00:00,2025-12,2025-12-21 17:00:00,40,0.010000,0.040537
2025-12-23 10:00:00,2025-12,2025-12-21 17:00:00,41,0.010000,0.050384
2025-12-23 11:00:00,2025-12,2025-12-21 17:00:00,42,0.010000,0.073000
2025-12-23 12:00:00,2025-12,2025-12-21 17:00:00,43,0.010000,0.077616
2025-12-23 13:00:00,2025-12,2025-12-21 17:00:00,44,0.010000,0.054369
2025-12-23 14:00:00,2025-12,2025-12-21 17:00:00,45,0.010000,0.041177
2025-12-23 15:00:00,2025-12,2025-12-21 17:00:00,46,0.010000,0.028657
2025-12-23 16:00:00,2025-12,2025-12-21 17:00:00,47,0.008333,0.024249
2025-12-23 17:00:00,2025-12,2025-12-21 17:00:00,48,0.078333,0.022785
2025-12-22 18:00:00,2025-12,2025-12-22 17:00:00,1,0.023333,0.030311
2025-12-22 19:00:00,2025-12,2025-12-22 17:00:00,2,0.010000,0.031638
2025-12-22 20:00:00,2025-12,2025-12-22 17:00:00,3,0.010000,0.039497
2025-12-22 21:00:00,2025-12,2025-12-22 17:00:00,4,0.015000,0.034181
2025-12-22 22:00:00,2025-12,2025-12-22 17:00:00,5,0.010000,0.037165
2025-12-22 23:00:00,2025-12,2025-12-22 17:00:00,6,0.010000,0.040124
2025-12-23 00:00:00,2025-12,2025-12-22 17:00:00,7,0.010000,0.043485
2025-12-23 01:00:00,2025-12,2025-12-22 17:00:00,8,0.010000,0.051688
2025-12-23 02:00:00,2025-12,2025-12-22 17:00:00,9,0.035000,0.041993
2025-12-23 03:00:00,2025-12,2025-12-22 17:00:00,10,0.021667,0.040359
2025-12-23 04:00:00,2025-12,2025-12-22 17:00:00,11,0.010000,0.025095
2025-12-23 05:00:00,2025-12,2025-12-22 17:00:00,12,0.010000,0.014323
2025-12-23 06:00:00,2025-12,2025-12-22 17:00:00,13,0.010000,0.021598
2025-12-23 07:00:00,2025-12,2025-12-22 17:00:00,14,0.010000,0.017640
2025-12-23 08:00:00,2025-12,2025-12-22 17:00:00,15,0.010000,0.020206
2025-12-23 09:00:00,2025-12,2025-12-22 17:00:00,16,0.010000,0.025954
2025-12-23 10:00:00,2025-12,2025-12-22 17:00:00,17,0.010000,0.041556
2025-12-23 11:00:00,2025-12,2025-12-22 17:00:00,18,0.010000,0.083479
2025-12-23 12:00:00,2025-12,2025-12-22 17:00:00,19,0.010000,0.066346
2025-12-23 13:00:00,2025-12,2025-12-22 17:00:00,20,0.010000,0.041335
2025-12-23 14:00:00,2025-12,2025-12-22 17:00:00,21,0.010000,0.028095
2025-12-23 15:00:00,2025-12,2025-12-22 17:00:00,22,0.010000,0.022768
2025-12-23 16:00:00,2025-12,2025-12-22 17:00:00,23,0.008333,0.024884
2025-12-23 17:00:00,2025-12,2025-12-22 17:00:00,24,0.078333,0.029788
2025-12-23 18:00:00,2025-12,2025-12-22 17:00:00,25,0.180000,0.037123
2025-12-23 19:00:00,2025-12,2025-12-22 17:00:00,26,0.305000,0.036066
2025-12-23 20:00:00,2025-12,2025-12-22 17:00:00,27,0.735000,0.080115
2025-12-23 21:00:00,2025-12,2025-12-22 17:00:00,28,0.653333,0.143668
2025-12-23 22:00:00,2025-12,2025-12-22 17:00:00,29,0.568333,0.161432
2025-12-23 23:00:00,2025-12,2025-12-22 17:00:00,30,0.763333,0.179699
2025-12-24 00:00:00,2025-12,2025-12-22 17:00:00,31,0.883333,0.205427
2025-12-24 01:00:00,2025-12,2025-12-22 17:00:00,32,0.583333,0.237447
2025-12-24 02:00:00,2025-12,2025-12-22 17:00:00,33,0.681667,0.253043
2025-12-24 03:00:00,2025-12,2025-12-22 17:00:00,34,0.558333,0.266534
2025-12-24 04:00:00,2025-12,2025-12-22 17:00:00,35,0.458333,0.293491
2025-12-24 05:00:00,2025-12,2025-12-22 17:00:00,36,0.271667,0.312757
2025-12-24 06:00:00,2025-12,2025-12-22 17:00:00,37,0.213333,0.307323
2025-12-24 07:00:00,2025-12,2025-12-22 17:00:00,38,0.230000,0.386918
2025-12-24 08:00:00,2025-12,2025-12-22 17:00:00,39,0.235000,0.447215
2025-12-24 09:00:00,2025-12,2025-12-22 17:00:00,40,0.208333,0.449338
2025-12-24 10:00:00,2025-12,2025-12-22 17:00:00,41,0.260000,0.399249
2025-12-24 11:00:00,2025-12,2025-12-22 17:00:00,42,0.295000,0.522190
2025-12-24 12:00:00,2025-12,2025-12-22 17:00:00,43,0.248333,0.533438
2025-12-24 13:00:00,2025-12,2025-12-22 17:00:00,44,0.286667,0.593962
2025-12-24 14:00:00,2025-12,2025-12-22 17:00:00,45,0.551667,0.710065
2025-12-24 15:00:00,2025-12,2025-12-22 17:00:00,46,0.561667,0.771003
2025-12-24 16:00:00,2025-12,2025-12-22 17:00:00,47,0.365000,0.817388
2025-12-24 17:00:00,2025-12,2025-12-22 17:00:00,48,0.543333,0.857404
2025-12-23 18:00:00,2025-12,2025-12-23 17:00:00,1,0.180000,0.066283
2025-12-23 19:00:00,2025-12,2025-12-23 17:00:00,2,0.305000,0.102764
2025-12-23 20:00:00,2025-12,2025-12-23 17:00:00,3,0.735000,0.187895
2025-12-23 21:00:00,2025-12,2025-12-23 17:00:00,4,0.653333,0.220005
2025-12-23 22:00:00,2025-12,2025-12-23 17:00:00,5,0.568333,0.255676
2025-12-23 23:00:00,2025-12,2025-12-23 17:00:00,6,0.763333,0.301807
2025-12-24 00:00:00,2025-12,2025-12-23 17:00:00,7,0.883333,0.325009
2025-12-24 01:00:00,2025-12,2025-12-23 17:00:00,8,0.583333,0.311971
2025-12-24 02:00:00,2025-12,2025-12-23 17:00:00,9,0.681667,0.341598
2025-12-24 03:00:00,2025-12,2025-12-23 17:00:00,10,0.558333,0.314103
2025-12-24 04:00:00,2025-12,2025-12-23 17:00:00,11,0.458333,0.335465
2025-12-24 05:00:00,2025-12,2025-12-23 17:00:00,12,0.271667,0.362158
2025-12-24 06:00:00,2025-12,2025-12-23 17:00:00,13,0.213333,0.402223
2025-12-24 07:00:00,2025-12,2025-12-23 17:00:00,14,0.230000,0.467394
2025-12-24 08:00:00,2025-12,2025-12-23 17:00:00,15,0.235000,0.497472
2025-12-24 09:00:00,2025-12,2025-12-23 17:00:00,16,0.208333,0.480856
2025-12-24 10:00:00,2025-12,2025-12-23 17:00:00,17,0.260000,0.438323
2025-12-24 11:00:00,2025-12,2025-12-23 17:00:00,18,0.295000,0.528959
2025-12-24 12:00:00,2025-12,2025-12-23 17:00:00,19,0.248333,0.525341
2025-12-24 13:00:00,2025-12,2025-12-23 17:00:00,20,0.286667,0.519798
2025-12-24 14:00:00,2025-12,2025-12-23 17:00:00,21,0.551667,0.641811
2025-12-24 15:00:00,2025-12,2025-12-23 17:00:00,22,0.561667,0.739785
2025-12-24 16:00:00,2025-12,2025-12-23 17:00:00,23,0.365000,0.836640
2025-12-24 17:00:00,2025-12,2025-12-23 17:00:00,24,0.543333,0.893013
2025-12-24 18:00:00,2025-12,2025-12-23 17:00:00,25,0.471667,0.905678
2025-12-24 19:00:00,2025-12,2025-12-23 17:00:00,26,0.473333,0.952457
2025-12-24 20:00:00,2025-12,2025-12-23 17:00:00,27,0.671667,0.967993
2025-12-24 21:00:00,2025-12,2025-12-23 17:00:00,28,0.433333,0.969354
2025-12-24 22:00:00,2025-12,2025-12-23 17:00:00,29,0.565000,0.974909
2025-12-24 23:00:00,2025-12,2025-12-23 17:00:00,30,0.555000,0.978438
2025-12-25 00:00:00,2025-12,2025-12-23 17:00:00,31,0.396667,0.974072
2025-12-25 01:00:00,2025-12,2025-12-23 17:00:00,32,0.430000,0.977247
2025-12-25 02:00:00,2025-12,2025-12-23 17:00:00,33,0.398333,0.973077
2025-12-25 03:00:00,2025-12,2025-12-23 17:00:00,34,0.173333,0.972624
2025-12-25 04:00:00,2025-12,2025-12-23 17:00:00,35,0.148333,0.980622
2025-12-25 05:00:00,2025-12,2025-12-23 17:00:00,36,0.205000,0.987428
2025-12-25 06:00:00,2025-12,2025-12-23 17:00:00,37,0.125000,0.986097
2025-12-25 07:00:00,2025-12,2025-12-23 17:00:00,38,0.203333,0.989332
2025-12-25 08:00:00,2025-12,2025-12-23 17:00:00,39,0.161667,0.983541
2025-12-25 09:00:00,2025-12,2025-12-23 17:00:00,40,0.196667,0.984645
2025-12-25 10:00:00,2025-12,2025-12-23 17:00:00,41,0.191667,0.981781
2025-12-25 11:00:00,2025-12,2025-12-23 17:00:00,42,0.148333,0.953035
2025-12-25 12:00:00,2025-12,2025-12-23 17:00:00,43,0.151667,0.943696
2025-12-25 13:00:00,2025-12,2025-12-23 17:00:00,44,0.353333,0.946266
2025-12-25 14:00:00,2025-12,2025-12-23 17:00:00,45,0.766667,0.920627
2025-12-25 15:00:00,2025-12,2025-12-23 17:00:00,46,0.850000,0.909627
2025-12-25 16:00:00,2025-12,2025-12-23 17:00:00,47,0.455000,0.894897
2025-12-25 17:00:00,2025-12,2025-12-23 17:00:00,48,0.253333,0.885498
2025-12-24 18:00:00,2025-12,2025-12-24 17:00:00,1,0.471667,0.898282
2025-12-24 19:00:00,2025-12,2025-12-24 17:00:00,2,0.473333,0.926039
2025-12-24 20:00:00,2025-12,2025-12-24 17:00:00,3,0.671667,0.956800
2025-12-24 21:00:00,2025-12,2025-12-24 17:00:00,4,0.433333,0.959927
2025-12-24 22:00:00,2025-12,2025-12-24 17:00:00,5,0.565000,0.967748
2025-12-24 23:00:00,2025-12,2025-12-24 17:00:00,6,0.555000,0.968655
2025-12-25 00:00:00,2025-12,2025-12-24 17:00:00,7,0.396667,0.976169
2025-12-25 01:00:00,2025-12,2025-12-24 17:00:00,8,0.430000,0.979023
2025-12-25 02:00:00,2025-12,2025-12-24 17:00:00,9,0.398333,0.975282
2025-12-25 03:00:00,2025-12,2025-12-24 17:00:00,10,0.173333,0.970736
2025-12-25 04:00:00,2025-12,2025-12-24 17:00:00,11,0.148333,0.968183
2025-12-25 05:00:00,2025-12,2025-12-24 17:00:00,12,0.205000,0.989471
2025-12-25 06:00:00,2025-12,2025-12-24 17:00:00,13,0.125000,0.989202
2025-12-25 07:00:00,2025-12,2025-12-24 17:00:00,14,0.203333,0.990834
2025-12-25 08:00:00,2025-12,2025-12-24 17:00:00,15,0.161667,0.990511
2025-12-25 09:00:00,2025-12,2025-12-24 17:00:00,16,0.196667,0.988454
2025-12-25 10:00:00,2025-12,2025-12-24 17:00:00,17,0.191667,0.986767
2025-12-25 11:00:00,2025-12,2025-12-24 17:00:00,18,0.148333,0.954910
2025-12-25 12:00:00,2025-12,2025-12-24 17:00:00,19,0.151667,0.946126
2025-12-25 13:00:00,2025-12,2025-12-24 17:00:00,20,0.353333,0.910567
2025-12-25 14:00:00,2025-12,2025-12-24 17:00:00,21,0.766667,0.899889
2025-12-25 15:00:00,2025-12,2025-12-24 17:00:00,22,0.850000,0.881117
2025-12-25 16:00:00,2025-12,2025-12-24 17:00:00,23,0.455000,0.874877
2025-12-25 17:00:00,2025-12,2025-12-24 17:00:00,24,0.253333,0.849830
2025-12-25 18:00:00,2025-12,2025-12-24 17:00:00,25,0.313333,0.691330
2025-12-25 19:00:00,2025-12,2025-12-24 17:00:00,26,0.451667,0.659030
2025-12-25 20:00:00,2025-12,2025-12-24 17:00:00,27,0.640000,0.524444
2025-12-25 21:00:00,2025-12,2025-12-24 17:00:00,28,0.276667,0.360832
2025-12-25 22:00:00,2025-12,2025-12-24 17:00:00,29,0.345000,0.225029
2025-12-25 23:00:00,2025-12,2025-12-24 17:00:00,30,0.235000,0.137180
2025-12-26 00:00:00,2025-12,2025-12-24 17:00:00,31,0.120000,0.068631
2025-12-26 01:00:00,2025-12,2025-12-24 17:00:00,32,0.051667,0.036641
2025-12-26 02:00:00,2025-12,2025-12-24 17:00:00,33,0.026667,0.022583
2025-12-26 03:00:00,2025-12,2025-12-24 17:00:00,34,0.016667,0.022845
2025-12-26 04:00:00,2025-12,2025-12-24 17:00:00,35,0.156667,0.032063
2025-12-26 05:00:00,2025-12,2025-12-24 17:00:00,36,0.058333,0.071449
2025-12-26 06:00:00,2025-12,2025-12-24 17:00:00,37,0.083333,0.152607
2025-12-26 07:00:00,2025-12,2025-12-24 17:00:00,38,0.231667,0.251971
2025-12-26 08:00:00,2025-12,2025-12-24 17:00:00,39,0.828333,0.414859
2025-12-26 09:00:00,2025-12,2025-12-24 17:00:00,40,0.991667,0.628073
2025-12-26 10:00:00,2025-12,2025-12-24 17:00:00,41,0.990000,0.709685
2025-12-26 11:00:00,2025-12,2025-12-24 17:00:00,42,0.990000,0.709969
2025-12-26 12:00:00,2025-12,2025-12-24 17:00:00,43,0.963333,0.658224
2025-12-26 13:00:00,2025-12,2025-12-24 17:00:00,44,0.736667,0.590361
2025-12-26 14:00:00,2025-12,2025-12-24 17:00:00,45,0.851667,0.423900
2025-12-26 15:00:00,2025-12,2025-12-24 17:00:00,46,0.388333,0.380856
2025-12-26 16:00:00,2025-12,2025-12-24 17:00:00,47,0.291667,0.312280
2025-12-26 17:00:00,2025-12,2025-12-24 17:00:00,48,0.213333,0.245768
2025-12-25 18:00:00,2025-12,2025-12-25 17:00:00,1,0.313333,0.713595
2025-12-25 19:00:00,2025-12,2025-12-25 17:00:00,2,0.451667,0.721207
2025-12-25 20:00:00,2025-12,2025-12-25 17:00:00,3,0.640000,0.685438
2025-12-25 21:00:00,2025-12,2025-12-25 17:00:00,4,0.276667,0.552420
2025-12-25 22:00:00,2025-12,2025-12-25 17:00:00,5,0.345000,0.334852
2025-12-25 23:00:00,2025-12,2025-12-25 17:00:00,6,0.235000,0.201935
2025-12-26 00:00:00,2025-12,2025-12-25 17:00:00,7,0.120000,0.207118
2025-12-26 01:00:00,2025-12,2025-12-25 17:00:00,8,0.051667,0.171634
2025-12-26 02:00:00,2025-12,2025-12-25 17:00:00,9,0.026667,0.077976
2025-12-26 03:00:00,2025-12,2025-12-25 17:00:00,10,0.016667,0.049478
2025-12-26 04:00:00,2025-12,2025-12-25 17:00:00,11,0.156667,0.035159
2025-12-26 05:00:00,2025-12,2025-12-25 17:00:00,12,0.058333,0.044817
2025-12-26 06:00:00,2025-12,2025-12-25 17:00:00,13,0.083333,0.093313
2025-12-26 07:00:00,2025-12,2025-12-25 17:00:00,14,0.231667,0.216045
2025-12-26 08:00:00,2025-12,2025-12-25 17:00:00,15,0.828333,0.336547
2025-12-26 09:00:00,2025-12,2025-12-25 17:00:00,16,0.991667,0.564768
2025-12-26 10:00:00,2025-12,2025-12-25 17:00:00,17,0.990000,0.710239
2025-12-26 11:00:00,2025-12,2025-12-25 17:00:00,18,0.990000,0.731610
2025-12-26 12:00:00,2025-12,2025-12-25 17:00:00,19,0.963333,0.668538
2025-12-26 13:00:00,2025-12,2025-12-25 17:00:00,20,0.736667,0.591468
2025-12-26 14:00:00,2025-12,2025-12-25 17:00:00,21,0.851667,0.549194
2025-12-26 15:00:00,2025-12,2025-12-25 17:00:00,22,0.388333,0.463275
2025-12-26 16:00:00,2025-12,2025-12-25 17:00:00,23,0.291667,0.415795
2025-12-26 17:00:00,2025-12,2025-12-25 17:00:00,24,0.213333,0.335366
2025-12-26 18:00:00,2025-12,2025-12-25 17:00:00,25,0.253333,0.240748
2025-12-26 19:00:00,2025-12,2025-12-25 17:00:00,26,0.180000,0.147783
2025-12-26 20:00:00,2025-12,2025-12-25 17:00:00,27,0.201667,0.084925
2025-12-26 21:00:00,2025-12,2025-12-25 17:00:00,28,0.138333,0.031735
2025-12-26 22:00:00,2025-12,2025-12-25 17:00:00,29,0.018333,0.030472
2025-12-26 23:00:00,2025-12,2025-12-25 17:00:00,30,0.041667,0.029295
2025-12-27 00:00:00,2025-12,2025-12-25 17:00:00,31,0.118333,0.044427
2025-12-27 01:00:00,2025-12,2025-12-25 17:00:00,32,0.223333,0.176399
2025-12-27 02:00:00,2025-12,2025-12-25 17:00:00,33,0.206667,0.291118
2025-12-27 03:00:00,2025-12,2025-12-25 17:00:00,34,0.255000,0.533670
2025-12-27 04:00:00,2025-12,2025-12-25 17:00:00,35,0.748333,0.811107
2025-12-27 05:00:00,2025-12,2025-12-25 17:00:00,36,0.970000,0.964794
2025-12-27 06:00:00,2025-12,2025-12-25 17:00:00,37,0.906667,0.986198
2025-12-27 07:00:00,2025-12,2025-12-25 17:00:00,38,0.911667,0.987832
2025-12-27 08:00:00,2025-12,2025-12-25 17:00:00,39,0.925000,0.974215
2025-12-27 09:00:00,2025-12,2025-12-25 17:00:00,40,0.913333,0.953489
2025-12-27 10:00:00,2025-12,2025-12-25 17:00:00,41,0.873333,0.847831
2025-12-27 11:00:00,2025-12,2025-12-25 17:00:00,42,0.950000,0.692449
2025-12-27 12:00:00,2025-12,2025-12-25 17:00:00,43,0.918333,0.522292
2025-12-27 13:00:00,2025-12,2025-12-25 17:00:00,44,0.603333,0.409261
2025-12-27 14:00:00,2025-12,2025-12-25 17:00:00,45,0.270000,0.336982
2025-12-27 15:00:00,2025-12,2025-12-25 17:00:00,46,0.151667,0.378189
2025-12-27 16:00:00,2025-12,2025-12-25 17:00:00,47,0.391667,0.363225
2025-12-27 17:00:00,2025-12,2025-12-25 17:00:00,48,0.278333,0.363599
2025-12-26 18:00:00,2025-12,2025-12-26 17:00:00,1,0.253333,0.164799
2025-12-26 19:00:00,2025-12,2025-12-26 17:00:00,2,0.180000,0.125751
2025-12-26 20:00:00,2025-12,2025-12-26 17:00:00,3,0.201667,0.092752
2025-12-26 21:00:00,2025-12,2025-12-26 17:00:00,4,0.138333,0.028640
2025-12-26 22:00:00,2025-12,2025-12-26 17:00:00,5,0.018333,0.020899
2025-12-26 23:00:00,2025-12,2025-12-26 17:00:00,6,0.041667,0.016173
2025-12-27 00:00:00,2025-12,2025-12-26 17:00:00,7,0.118333,0.034872
2025-12-27 01:00:00,2025-12,2025-12-26 17:00:00,8,0.223333,0.118531
2025-12-27 02:00:00,2025-12,2025-12-26 17:00:00,9,0.206667,0.251818
2025-12-27 03:00:00,2025-12,2025-12-26 17:00:00,10,0.255000,0.610266
2025-12-27 04:00:00,2025-12,2025-12-26 17:00:00,11,0.748333,0.868928
2025-12-27 05:00:00,2025-12,2025-12-26 17:00:00,12,0.970000,0.985583
2025-12-27 06:00:00,2025-12,2025-12-26 17:00:00,13,0.906667,0.986492
2025-12-27 07:00:00,2025-12,2025-12-26 17:00:00,14,0.911667,0.986862
2025-12-27 08:00:00,2025-12,2025-12-26 17:00:00,15,0.925000,0.981032
2025-12-27 09:00:00,2025-12,2025-12-26 17:00:00,16,0.913333,0.949803
2025-12-27 10:00:00,2025-12,2025-12-26 17:00:00,17,0.873333,0.795390
2025-12-27 11:00:00,2025-12,2025-12-26 17:00:00,18,0.950000,0.668648
2025-12-27 12:00:00,2025-12,2025-12-26 17:00:00,19,0.918333,0.522660
2025-12-27 13:00:00,2025-12,2025-12-26 17:00:00,20,0.603333,0.350508
2025-12-27 14:00:00,2025-12,2025-12-26 17:00:00,21,0.270000,0.319079
2025-12-27 15:00:00,2025-12,2025-12-26 17:00:00,22,0.151667,0.348413
2025-12-27 16:00:00,2025-12,2025-12-26 17:00:00,23,0.391667,0.359342
2025-12-27 17:00:00,2025-12,2025-12-26 17:00:00,24,0.278333,0.357830
2025-12-27 18:00:00,2025-12,2025-12-26 17:00:00,25,0.730000,0.334426
2025-12-27 19:00:00,2025-12,2025-12-26 17:00:00,26,0.598333,0.345873
2025-12-27 20:00:00,2025-12,2025-12-26 17:00:00,27,0.881667,0.337187
2025-12-27 21:00:00,2025-12,2025-12-26 17:00:00,28,0.903333,0.415020
2025-12-27 22:00:00,2025-12,2025-12-26 17:00:00,29,0.970000,0.505999
2025-12-27 23:00:00,2025-12,2025-12-26 17:00:00,30,0.890000,0.555426
2025-12-28 00:00:00,2025-12,2025-12-26 17:00:00,31,0.735000,0.727257
2025-12-28 01:00:00,2025-12,2025-12-26 17:00:00,32,0.633333,0.747316
2025-12-28 02:00:00,2025-12,2025-12-26 17:00:00,33,0.673333,0.762060
2025-12-28 03:00:00,2025-12,2025-12-26 17:00:00,34,0.520000,0.840999
2025-12-28 04:00:00,2025-12,2025-12-26 17:00:00,35,0.676667,0.909579
2025-12-28 05:00:00,2025-12,2025-12-26 17:00:00,36,0.838333,0.928715
2025-12-28 06:00:00,2025-12,2025-12-26 17:00:00,37,0.870000,0.948190
2025-12-28 07:00:00,2025-12,2025-12-26 17:00:00,38,0.896667,0.943507
2025-12-28 08:00:00,2025-12,2025-12-26 17:00:00,39,0.635000,0.937180
2025-12-28 09:00:00,2025-12,2025-12-26 17:00:00,40,0.825000,0.928025
2025-12-28 10:00:00,2025-12,2025-12-26 17:00:00,41,0.845000,0.928201
2025-12-28 11:00:00,2025-12,2025-12-26 17:00:00,42,0.960000,0.874790
2025-12-28 12:00:00,2025-12,2025-12-26 17:00:00,43,0.651667,0.801386
2025-12-28 13:00:00,2025-12,2025-12-26 17:00:00,44,0.830000,0.799744
2025-12-28 14:00:00,2025-12,2025-12-26 17:00:00,45,0.593333,0.786104
2025-12-28 15:00:00,2025-12,2025-12-26 17:00:00,46,0.553333,0.786838
2025-12-28 16:00:00,2025-12,2025-12-26 17:00:00,47,0.261667,0.755021
2025-12-28 17:00:00,2025-12,2025-12-26 17:00:00,48,0.385000,0.671465
2025-12-27 18:00:00,2025-12,2025-12-27 17:00:00,1,0.730000,0.397138
2025-12-27 19:00:00,2025-12,2025-12-27 17:00:00,2,0.598333,0.416043
2025-12-27 20:00:00,2025-12,2025-12-27 17:00:00,3,0.881667,0.482597
2025-12-27 21:00:00,2025-12,2025-12-27 17:00:00,4,0.903333,0.591609
2025-12-27 22:00:00,2025-12,2025-12-27 17:00:00,5,0.970000,0.645879
2025-12-27 23:00:00,2025-12,2025-12-27 17:00:00,6,0.890000,0.709218
2025-12-28 00:00:00,2025-12,2025-12-27 17:00:00,7,0.735000,0.759541
2025-12-28 01:00:00,2025-12,2025-12-27 17:00:00,8,0.633333,0.795331
2025-12-28 02:00:00,2025-12,2025-12-27 17:00:00,9,0.673333,0.853369
2025-12-28 03:00:00,2025-12,2025-12-27 17:00:00,10,0.520000,0.882406
2025-12-28 04:00:00,2025-12,2025-12-27 17:00:00,11,0.676667,0.942182
2025-12-28 05:00:00,2025-12,2025-12-27 17:00:00,12,0.838333,0.956584
2025-12-28 06:00:00,2025-12,2025-12-27 17:00:00,13,0.870000,0.961662
2025-12-28 07:00:00,2025-12,2025-12-27 17:00:00,14,0.896667,0.956885
2025-12-28 08:00:00,2025-12,2025-12-27 17:00:00,15,0.635000,0.939392
2025-12-28 09:00:00,2025-12,2025-12-27 17:00:00,16,0.825000,0.934966
2025-12-28 10:00:00,2025-12,2025-12-27 17:00:00,17,0.845000,0.932152
2025-12-28 11:00:00,2025-12,2025-12-27 17:00:00,18,0.960000,0.872299
2025-12-28 12:00:00,2025-12,2025-12-27 17:00:00,19,0.651667,0.786143
2025-12-28 13:00:00,2025-12,2025-12-27 17:00:00,20,0.830000,0.760562
2025-12-28 14:00:00,2025-12,2025-12-27 17:00:00,21,0.593333,0.716040
2025-12-28 15:00:00,2025-12,2025-12-27 17:00:00,22,0.553333,0.601539
2025-12-28 16:00:00,2025-12,2025-12-27 17:00:00,23,0.261667,0.516158
2025-12-28 17:00:00,2025-12,2025-12-27 17:00:00,24,0.385000,0.452908
2025-12-28 18:00:00,2025-12,2025-12-27 17:00:00,25,0.341667,0.284645
2025-12-28 19:00:00,2025-12,2025-12-27 17:00:00,26,0.341667,0.261639
2025-12-28 20:00:00,2025-12,2025-12-27 17:00:00,27,0.360000,0.193698
2025-12-28 21:00:00,2025-12,2025-12-27 17:00:00,28,0.293333,0.170886
2025-12-28 22:00:00,2025-12,2025-12-27 17:00:00,29,0.278333,0.130913
2025-12-28 23:00:00,2025-12,2025-12-27 17:00:00,30,0.310000,0.121425
2025-12-29 00:00:00,2025-12,2025-12-27 17:00:00,31,0.498333,0.108668
2025-12-29 01:00:00,2025-12,2025-12-27 17:00:00,32,0.658333,0.114672
2025-12-29 02:00:00,2025-12,2025-12-27 17:00:00,33,0.885000,0.108606
2025-12-29 03:00:00,2025-12,2025-12-27 17:00:00,34,0.550000,0.216119
2025-12-29 04:00:00,2025-12,2025-12-27 17:00:00,35,0.295000,0.272910
2025-12-29 05:00:00,2025-12,2025-12-27 17:00:00,36,0.225000,0.462023
2025-12-29 06:00:00,2025-12,2025-12-27 17:00:00,37,0.613333,0.603980
2025-12-29 07:00:00,2025-12,2025-12-27 17:00:00,38,0.466667,0.688854
2025-12-29 08:00:00,2025-12,2025-12-27 17:00:00,39,0.760000,0.713637
2025-12-29 09:00:00,2025-12,2025-12-27 17:00:00,40,0.933333,0.656874
2025-12-29 10:00:00,2025-12,2025-12-27 17:00:00,41,0.956667,0.705201
2025-12-29 11:00:00,2025-12,2025-12-27 17:00:00,42,0.988333,0.821988
2025-12-29 12:00:00,2025-12,2025-12-27 17:00:00,43,0.990000,0.894604
2025-12-29 13:00:00,2025-12,2025-12-27 17:00:00,44,0.990000,0.946564
2025-12-29 14:00:00,2025-12,2025-12-27 17:00:00,45,0.990000,0.966007
2025-12-29 15:00:00,2025-12,2025-12-27 17:00:00,46,0.990000,0.969963
2025-12-29 16:00:00,2025-12,2025-12-27 17:00:00,47,0.990000,0.977012
2025-12-29 17:00:00,2025-12,2025-12-27 17:00:00,48,0.990000,0.978387
2025-12-28 18:00:00,2025-12,2025-12-28 17:00:00,1,0.341667,0.285912
2025-12-28 19:00:00,2025-12,2025-12-28 17:00:00,2,0.341667,0.247165
2025-12-28 20:00:00,2025-12,2025-12-28 17:00:00,3,0.360000,0.210861
2025-12-28 21:00:00,2025-12,2025-12-28 17:00:00,4,0.293333,0.211869
2025-12-28 22:00:00,2025-12,2025-12-28 17:00:00,5,0.278333,0.229176
2025-12-28 23:00:00,2025-12,2025-12-28 17:00:00,6,0.310000,0.259909
2025-12-29 00:00:00,2025-12,2025-12-28 17:00:00,7,0.498333,0.349191
2025-12-29 01:00:00,2025-12,2025-12-28 17:00:00,8,0.658333,0.379497
2025-12-29 02:00:00,2025-12,2025-12-28 17:00:00,9,0.885000,0.461715
2025-12-29 03:00:00,2025-12,2025-12-28 17:00:00,10,0.550000,0.484362
2025-12-29 04:00:00,2025-12,2025-12-28 17:00:00,11,0.295000,0.501862
2025-12-29 05:00:00,2025-12,2025-12-28 17:00:00,12,0.225000,0.578562
2025-12-29 06:00:00,2025-12,2025-12-28 17:00:00,13,0.613333,0.592276
2025-12-29 07:00:00,2025-12,2025-12-28 17:00:00,14,0.466667,0.682983
2025-12-29 08:00:00,2025-12,2025-12-28 17:00:00,15,0.760000,0.712798
2025-12-29 09:00:00,2025-12,2025-12-28 17:00:00,16,0.933333,0.823699
2025-12-29 10:00:00,2025-12,2025-12-28 17:00:00,17,0.956667,0.849543
2025-12-29 11:00:00,2025-12,2025-12-28 17:00:00,18,0.988333,0.839879
2025-12-29 12:00:00,2025-12,2025-12-28 17:00:00,19,0.990000,0.901745
2025-12-29 13:00:00,2025-12,2025-12-28 17:00:00,20,0.990000,0.951626
2025-12-29 14:00:00,2025-12,2025-12-28 17:00:00,21,0.990000,0.962331
2025-12-29 15:00:00,2025-12,2025-12-28 17:00:00,22,0.990000,0.964965
2025-12-29 16:00:00,2025-12,2025-12-28 17:00:00,23,0.990000,0.974455
2025-12-29 17:00:00,2025-12,2025-12-28 17:00:00,24,0.990000,0.977865
2025-12-29 18:00:00,2025-12,2025-12-28 17:00:00,25,0.990000,0.981446
2025-12-29 19:00:00,2025-12,2025-12-28 17:00:00,26,0.990000,0.981507
2025-12-29 20:00:00,2025-12,2025-12-28 17:00:00,27,0.990000,0.981198
2025-12-29 21:00:00,2025-12,2025-12-28 17:00:00,28,0.990000,0.981537
2025-12-29 22:00:00,2025-12,2025-12-28 17:00:00,29,0.990000,0.981872
2025-12-29 23:00:00,2025-12,2025-12-28 17:00:00,30,0.990000,0.981741
2025-12-30 00:00:00,2025-12,2025-12-28 17:00:00,31,0.990000,0.981420
2025-12-30 01:00:00,2025-12,2025-12-28 17:00:00,32,0.986667,0.979494
2025-12-30 02:00:00,2025-12,2025-12-28 17:00:00,33,0.865000,0.974515
2025-12-30 03:00:00,2025-12,2025-12-28 17:00:00,34,0.945000,0.967961
2025-12-30 04:00:00,2025-12,2025-12-28 17:00:00,35,0.971667,0.929292
2025-12-30 05:00:00,2025-12,2025-12-28 17:00:00,36,0.928333,0.876294
2025-12-30 06:00:00,2025-12,2025-12-28 17:00:00,37,0.990000,0.828564
2025-12-30 07:00:00,2025-12,2025-12-28 17:00:00,38,0.951667,0.753687
2025-12-30 08:00:00,2025-12,2025-12-28 17:00:00,39,0.990000,0.629576
2025-12-30 09:00:00,2025-12,2025-12-28 17:00:00,40,0.988333,0.464906
2025-12-30 10:00:00,2025-12,2025-12-28 17:00:00,41,0.990000,0.347992
2025-12-30 11:00:00,2025-12,2025-12-28 17:00:00,42,0.990000,0.342106
2025-12-30 12:00:00,2025-12,2025-12-28 17:00:00,43,0.960000,0.323821
2025-12-30 13:00:00,2025-12,2025-12-28 17:00:00,44,0.956667,0.238227
2025-12-30 14:00:00,2025-12,2025-12-28 17:00:00,45,0.588333,0.145134
2025-12-30 15:00:00,2025-12,2025-12-28 17:00:00,46,0.745000,0.119426
2025-12-30 16:00:00,2025-12,2025-12-28 17:00:00,47,0.653333,0.116543
2025-12-30 17:00:00,2025-12,2025-12-28 17:00:00,48,0.858333,0.111112
2025-12-29 18:00:00,2025-12,2025-12-29 17:00:00,1,0.990000,0.982222
2025-12-29 19:00:00,2025-12,2025-12-29 17:00:00,2,0.990000,0.982553
2025-12-29 20:00:00,2025-12,2025-12-29 17:00:00,3,0.990000,0.982262
2025-12-29 21:00:00,2025-12,2025-12-29 17:00:00,4,0.990000,0.982261
2025-12-29 22:00:00,2025-12,2025-12-29 17:00:00,5,0.990000,0.982247
2025-12-29 23:00:00,2025-12,2025-12-29 17:00:00,6,0.990000,0.982239
2025-12-30 00:00:00,2025-12,2025-12-29 17:00:00,7,0.990000,0.981975
2025-12-30 01:00:00,2025-12,2025-12-29 17:00:00,8,0.986667,0.979853
2025-12-30 02:00:00,2025-12,2025-12-29 17:00:00,9,0.865000,0.967836
2025-12-30 03:00:00,2025-12,2025-12-29 17:00:00,10,0.945000,0.950022
2025-12-30 04:00:00,2025-12,2025-12-29 17:00:00,11,0.971667,0.892347
2025-12-30 05:00:00,2025-12,2025-12-29 17:00:00,12,0.928333,0.770882
2025-12-30 06:00:00,2025-12,2025-12-29 17:00:00,13,0.990000,0.694794
2025-12-30 07:00:00,2025-12,2025-12-29 17:00:00,14,0.951667,0.560851
2025-12-30 08:00:00,2025-12,2025-12-29 17:00:00,15,0.990000,0.503119
2025-12-30 09:00:00,2025-12,2025-12-29 17:00:00,16,0.988333,0.401851
2025-12-30 10:00:00,2025-12,2025-12-29 17:00:00,17,0.990000,0.264033
2025-12-30 11:00:00,2025-12,2025-12-29 17:00:00,18,0.990000,0.277634
2025-12-30 12:00:00,2025-12,2025-12-29 17:00:00,19,0.960000,0.210781
2025-12-30 13:00:00,2025-12,2025-12-29 17:00:00,20,0.956667,0.117929
2025-12-30 14:00:00,2025-12,2025-12-29 17:00:00,21,0.588333,0.103736
2025-12-30 15:00:00,2025-12,2025-12-29 17:00:00,22,0.745000,0.092591
2025-12-30 16:00:00,2025-12,2025-12-29 17:00:00,23,0.653333,0.114840
2025-12-30 17:00:00,2025-12,2025-12-29 17:00:00,24,0.858333,0.124693
2025-12-30 18:00:00,2025-12,2025-12-29 17:00:00,25,0.395000,0.106644
2025-12-30 19:00:00,2025-12,2025-12-29 17:00:00,26,0.256667,0.087182
2025-12-30 20:00:00,2025-12,2025-12-29 17:00:00,27,0.138333,0.091416
2025-12-30 21:00:00,2025-12,2025-12-29 17:00:00,28,0.018333,0.073492
2025-12-30 22:00:00,2025-12,2025-12-29 17:00:00,29,0.010000,0.070770
2025-12-30 23:00:00,2025-12,2025-12-29 17:00:00,30,0.010000,0.051994
2025-12-31 00:00:00,2025-12,2025-12-29 17:00:00,31,0.158333,0.038848
2025-12-31 01:00:00,2025-12,2025-12-29 17:00:00,32,0.258333,0.032020
2025-12-31 02:00:00,2025-12,2025-12-29 17:00:00,33,0.735000,0.038245
2025-12-31 03:00:00,2025-12,2025-12-29 17:00:00,34,0.203333,0.042529
2025-12-31 04:00:00,2025-12,2025-12-29 17:00:00,35,0.110000,0.046839
2025-12-31 05:00:00,2025-12,2025-12-29 17:00:00,36,0.080000,0.051793
2025-12-31 06:00:00,2025-12,2025-12-29 17:00:00,37,0.165000,0.048544
2025-12-31 07:00:00,2025-12,2025-12-29 17:00:00,38,0.323333,0.032699
2025-12-31 08:00:00,2025-12,2025-12-29 17:00:00,39,0.100000,0.024204
2025-12-31 09:00:00,2025-12,2025-12-29 17:00:00,40,0.010000,0.015976
2025-12-31 10:00:00,2025-12,2025-12-29 17:00:00,41,0.010000,0.015556
2025-12-31 11:00:00,2025-12,2025-12-29 17:00:00,42,0.040000,0.034556
2025-12-31 12:00:00,2025-12,2025-12-29 17:00:00,43,0.051667,0.060270
2025-12-31 13:00:00,2025-12,2025-12-29 17:00:00,44,0.023333,0.088347
2025-12-31 14:00:00,2025-12,2025-12-29 17:00:00,45,0.028333,0.117441
2025-12-31 15:00:00,2025-12,2025-12-29 17:00:00,46,0.031667,0.141672
2025-12-31 16:00:00,2025-12,2025-12-29 17:00:00,47,0.010000,0.239242
2025-12-31 18:00:00,2026-01,2025-12-31 17:00:00,1,0.015000,0.605698
2025-12-31 19:00:00,2026-01,2025-12-31 17:00:00,2,0.160000,0.674530
2025-12-31 20:00:00,2026-01,2025-12-31 17:00:00,3,0.636667,0.750566
2025-12-31 21:00:00,2026-01,2025-12-31 17:00:00,4,0.988333,0.813050
2025-12-31 22:00:00,2026-01,2025-12-31 17:00:00,5,0.990000,0.945094
2025-12-31 23:00:00,2026-01,2025-12-31 17:00:00,6,0.988333,0.965283
2026-01-01 00:00:00,2026-01,2025-12-31 17:00:00,7,0.956667,0.961806
2026-01-01 01:00:00,2026-01,2025-12-31 17:00:00,8,0.826667,0.923916
2026-01-01 02:00:00,2026-01,2025-12-31 17:00:00,9,0.571667,0.749366
2026-01-01 03:00:00,2026-01,2025-12-31 17:00:00,10,0.408333,0.518228
2026-01-01 04:00:00,2026-01,2025-12-31 17:00:00,11,0.336667,0.289751
2026-01-01 05:00:00,2026-01,2025-12-31 17:00:00,12,0.115000,0.260501
2026-01-01 06:00:00,2026-01,2025-12-31 17:00:00,13,0.045000,0.133583
2026-01-01 07:00:00,2026-01,2025-12-31 17:00:00,14,0.065000,0.048277
2026-01-01 08:00:00,2026-01,2025-12-31 17:00:00,15,0.018333,0.016487
2026-01-01 09:00:00,2026-01,2025-12-31 17:00:00,16,0.010000,0.021255
2026-01-01 10:00:00,2026-01,2025-12-31 17:00:00,17,0.010000,0.033360
2026-01-01 11:00:00,2026-01,2025-12-31 17:00:00,18,0.011667,0.052500
2026-01-01 12:00:00,2026-01,2025-12-31 17:00:00,19,0.023333,0.047414
2026-01-01 13:00:00,2026-01,2025-12-31 17:00:00,20,0.020000,0.045533
2026-01-01 14:00:00,2026-01,2025-12-31 17:00:00,21,0.073333,0.041635
2026-01-01 15:00:00,2026-01,2025-12-31 17:00:00,22,0.076667,0.034097
2026-01-01 16:00:00,2026-01,2025-12-31 17:00:00,23,0.043333,0.035952
2026-01-01 17:00:00,2026-01,2025-12-31 17:00:00,24,0.010000,0.040419
2026-01-01 18:00:00,2026-01,2025-12-31 17:00:00,25,0.011667,0.035962
2026-01-01 19:00:00,2026-01,2025-12-31 17:00:00,26,0.010000,0.030390
2026-01-01 20:00:00,2026-01,2025-12-31 17:00:00,27,0.010000,0.024954
2026-01-01 21:00:00,2026-01,2025-12-31 17:00:00,28,0.011667,0.030928
2026-01-01 22:00:00,2026-01,2025-12-31 17:00:00,29,0.010000,0.031624
2026-01-01 23:00:00,2026-01,2025-12-31 17:00:00,30,0.010000,0.031093
2026-01-02 00:00:00,2026-01,2025-12-31 17:00:00,31,0.010000,0.027085
2026-01-02 01:00:00,2026-01,2025-12-31 17:00:00,32,0.010000,0.025223
2026-01-02 02:00:00,2026-01,2025-12-31 17:00:00,33,0.010000,0.027964
2026-01-02 03:00:00,2026-01,2025-12-31 17:00:00,34,0.075000,0.048668
2026-01-02 04:00:00,2026-01,2025-12-31 17:00:00,35,0.280000,0.060474
2026-01-02 05:00:00,2026-01,2025-12-31 17:00:00,36,0.405000,0.108198
2026-01-02 06:00:00,2026-01,2025-12-31 17:00:00,37,0.646667,0.140423
2026-01-02 07:00:00,2026-01,2025-12-31 17:00:00,38,0.843333,0.173162
2026-01-02 08:00:00,2026-01,2025-12-31 17:00:00,39,0.710000,0.162276
2026-01-02 09:00:00,2026-01,2025-12-31 17:00:00,40,0.575000,0.165432
2026-01-02 10:00:00,2026-01,2025-12-31 17:00:00,41,0.423333,0.154770
2026-01-02 11:00:00,2026-01,2025-12-31 17:00:00,42,0.358333,0.234717
2026-01-02 12:00:00,2026-01,2025-12-31 17:00:00,43,0.425000,0.278589
2026-01-02 13:00:00,2026-01,2025-12-31 17:00:00,44,0.445000,0.275144
2026-01-02 14:00:00,2026-01,2025-12-31 17:00:00,45,0.608333,0.261120
2026-01-02 15:00:00,2026-01,2025-12-31 17:00:00,46,0.875000,0.242195
2026-01-02 16:00:00,2026-01,2025-12-31 17:00:00,47,0.605000,0.263675
2026-01-02 17:00:00,2026-01,2025-12-31 17:00:00,48,0.316667,0.285261
2026-01-01 18:00:00,2026-01,2026-01-01 17:00:00,1,0.011667,0.024072
2026-01-01 19:00:00,2026-01,2026-01-01 17:00:00,2,0.010000,0.022336
2026-01-01 20:00:00,2026-01,2026-01-01 17:00:00,3,0.010000,0.024381
2026-01-01 21:00:00,2026-01,2026-01-01 17:00:00,4,0.011667,0.028135
2026-01-01 22:00:00,2026-01,2026-01-01 17:00:00,5,0.010000,0.032615
2026-01-01 23:00:00,2026-01,2026-01-01 17:00:00,6,0.010000,0.033353
2026-01-02 00:00:00,2026-01,2026-01-01 17:00:00,7,0.010000,0.031040
2026-01-02 01:00:00,2026-01,2026-01-01 17:00:00,8,0.010000,0.021188
2026-01-02 02:00:00,2026-01,2026-01-01 17:00:00,9,0.010000,0.019331
2026-01-02 03:00:00,2026-01,2026-01-01 17:00:00,10,0.075000,0.030445
2026-01-02 04:00:00,2026-01,2026-01-01 17:00:00,11,0.280000,0.073975
2026-01-02 05:00:00,2026-01,2026-01-01 17:00:00,12,0.405000,0.116417
2026-01-02 06:00:00,2026-01,2026-01-01 17:00:00,13,0.646667,0.170644
2026-01-02 07:00:00,2026-01,2026-01-01 17:00:00,14,0.843333,0.199507
2026-01-02 08:00:00,2026-01,2026-01-01 17:00:00,15,0.710000,0.174119
2026-01-02 09:00:00,2026-01,2026-01-01 17:00:00,16,0.575000,0.179076
2026-01-02 10:00:00,2026-01,2026-01-01 17:00:00,17,0.423333,0.170162
2026-01-02 11:00:00,2026-01,2026-01-01 17:00:00,18,0.358333,0.238213
2026-01-02 12:00:00,2026-01,2026-01-01 17:00:00,19,0.425000,0.221497
2026-01-02 13:00:00,2026-01,2026-01-01 17:00:00,20,0.445000,0.222735
2026-01-02 14:00:00,2026-01,2026-01-01 17:00:00,21,0.608333,0.264258
2026-01-02 15:00:00,2026-01,2026-01-01 17:00:00,22,0.875000,0.262954
2026-01-02 16:00:00,2026-01,2026-01-01 17:00:00,23,0.605000,0.262729
2026-01-02 17:00:00,2026-01,2026-01-01 17:00:00,24,0.316667,0.271946
2026-01-02 18:00:00,2026-01,2026-01-01 17:00:00,25,0.261667,0.313690
2026-01-02 19:00:00,2026-01,2026-01-01 17:00:00,26,0.221667,0.315574
2026-01-02 20:00:00,2026-01,2026-01-01 17:00:00,27,0.361667,0.319326
2026-01-02 21:00:00,2026-01,2026-01-01 17:00:00,28,0.178333,0.324407
2026-01-02 22:00:00,2026-01,2026-01-01 17:00:00,29,0.210000,0.321034
2026-01-02 23:00:00,2026-01,2026-01-01 17:00:00,30,0.255000,0.306136
2026-01-03 00:00:00,2026-01,2026-01-01 17:00:00,31,0.160000,0.312960
2026-01-03 01:00:00,2026-01,2026-01-01 17:00:00,32,0.260000,0.306099
2026-01-03 02:00:00,2026-01,2026-01-01 17:00:00,33,0.228333,0.315947
2026-01-03 03:00:00,2026-01,2026-01-01 17:00:00,34,0.165000,0.328848
2026-01-03 04:00:00,2026-01,2026-01-01 17:00:00,35,0.151667,0.409877
2026-01-03 05:00:00,2026-01,2026-01-01 17:00:00,36,0.073333,0.438094
2026-01-03 06:00:00,2026-01,2026-01-01 17:00:00,37,0.133333,0.407501
2026-01-03 07:00:00,2026-01,2026-01-01 17:00:00,38,0.176667,0.380037
2026-01-03 08:00:00,2026-01,2026-01-01 17:00:00,39,0.171667,0.385682
2026-01-03 09:00:00,2026-01,2026-01-01 17:00:00,40,0.196667,0.364448
2026-01-03 10:00:00,2026-01,2026-01-01 17:00:00,41,0.243333,0.366955
2026-01-03 11:00:00,2026-01,2026-01-01 17:00:00,42,0.255000,0.343849
2026-01-03 12:00:00,2026-01,2026-01-01 17:00:00,43,0.521667,0.330984
2026-01-03 13:00:00,2026-01,2026-01-01 17:00:00,44,0.215000,0.296611
2026-01-03 14:00:00,2026-01,2026-01-01 17:00:00,45,0.568333,0.306632
2026-01-03 15:00:00,2026-01,2026-01-01 17:00:00,46,0.298333,0.343095
2026-01-03 16:00:00,2026-01,2026-01-01 17:00:00,47,0.190000,0.327355
2026-01-03 17:00:00,2026-01,2026-01-01 17:00:00,48,0.308333,0.316149
2026-01-02 18:00:00,2026-01,2026-01-02 17:00:00,1,0.261667,0.322372
2026-01-02 19:00:00,2026-01,2026-01-02 17:00:00,2,0.221667,0.331626
2026-01-02 20:00:00,2026-01,2026-01-02 17:00:00,3,0.361667,0.314385
2026-01-02 21:00:00,2026-01,2026-01-02 17:00:00,4,0.178333,0.321004
2026-01-02 22:00:00,2026-01,2026-01-02 17:00:00,5,0.210000,0.329672
2026-01-02 23:00:00,2026-01,2026-01-02 17:00:00,6,0.255000,0.327369
2026-01-03 00:00:00,2026-01,2026-01-02 17:00:00,7,0.160000,0.326033
2026-01-03 01:00:00,2026-01,2026-01-02 17:00:00,8,0.260000,0.334336
2026-01-03 02:00:00,2026-01,2026-01-02 17:00:00,9,0.228333,0.341396
2026-01-03 03:00:00,2026-01,2026-01-02 17:00:00,10,0.165000,0.420781
2026-01-03 04:00:00,2026-01,2026-01-02 17:00:00,11,0.151667,0.484162
2026-01-03 05:00:00,2026-01,2026-01-02 17:00:00,12,0.073333,0.519410
2026-01-03 06:00:00,2026-01,2026-01-02 17:00:00,13,0.133333,0.527242
2026-01-03 07:00:00,2026-01,2026-01-02 17:00:00,14,0.176667,0.537496
2026-01-03 08:00:00,2026-01,2026-01-02 17:00:00,15,0.171667,0.536823
2026-01-03 09:00:00,2026-01,2026-01-02 17:00:00,16,0.196667,0.539020
2026-01-03 10:00:00,2026-01,2026-01-02 17:00:00,17,0.243333,0.490642
2026-01-03 11:00:00,2026-01,2026-01-02 17:00:00,18,0.255000,0.429432
2026-01-03 12:00:00,2026-01,2026-01-02 17:00:00,19,0.521667,0.343093
2026-01-03 13:00:00,2026-01,2026-01-02 17:00:00,20,0.215000,0.308267
2026-01-03 14:00:00,2026-01,2026-01-02 17:00:00,21,0.568333,0.307352
2026-01-03 15:00:00,2026-01,2026-01-02 17:00:00,22,0.298333,0.301671
2026-01-03 16:00:00,2026-01,2026-01-02 17:00:00,23,0.190000,0.313354
2026-01-03 17:00:00,2026-01,2026-01-02 17:00:00,24,0.308333,0.393275
2026-01-03 18:00:00,2026-01,2026-01-02 17:00:00,25,0.231667,0.402325
2026-01-03 19:00:00,2026-01,2026-01-02 17:00:00,26,0.286667,0.395193
2026-01-03 20:00:00,2026-01,2026-01-02 17:00:00,27,0.280000,0.389986
2026-01-03 21:00:00,2026-01,2026-01-02 17:00:00,28,0.190000,0.394189
2026-01-03 22:00:00,2026-01,2026-01-02 17:00:00,29,0.273333,0.463341
2026-01-03 23:00:00,2026-01,2026-01-02 17:00:00,30,0.266667,0.491804
2026-01-04 00:00:00,2026-01,2026-01-02 17:00:00,31,0.391667,0.492000
2026-01-04 01:00:00,2026-01,2026-01-02 17:00:00,32,0.308333,0.477978
2026-01-04 02:00:00,2026-01,2026-01-02 17:00:00,33,0.501667,0.355912
2026-01-04 03:00:00,2026-01,2026-01-02 17:00:00,34,0.071667,0.229417
2026-01-04 04:00:00,2026-01,2026-01-02 17:00:00,35,0.071667,0.158618
2026-01-04 05:00:00,2026-01,2026-01-02 17:00:00,36,0.073333,0.053826
2026-01-04 06:00:00,2026-01,2026-01-02 17:00:00,37,0.010000,0.017334
2026-01-04 07:00:00,2026-01,2026-01-02 17:00:00,38,0.010000,0.017415
2026-01-04 08:00:00,2026-01,2026-01-02 17:00:00,39,0.010000,0.018569
2026-01-04 09:00:00,2026-01,2026-01-02 17:00:00,40,0.033333,0.056256
2026-01-04 10:00:00,2026-01,2026-01-02 17:00:00,41,0.253333,0.097891
2026-01-04 11:00:00,2026-01,2026-01-02 17:00:00,42,0.616667,0.206201
2026-01-04 12:00:00,2026-01,2026-01-02 17:00:00,43,0.601667,0.290044
2026-01-04 13:00:00,2026-01,2026-01-02 17:00:00,44,0.636667,0.329516
2026-01-04 14:00:00,2026-01,2026-01-02 17:00:00,45,0.475000,0.399855
2026-01-04 15:00:00,2026-01,2026-01-02 17:00:00,46,0.323333,0.524051
2026-01-04 16:00:00,2026-01,2026-01-02 17:00:00,47,0.468333,0.500423
2026-01-04 17:00:00,2026-01,2026-01-02 17:00:00,48,0.766667,0.507196
2026-01-03 18:00:00,2026-01,2026-01-03 17:00:00,1,0.231667,0.286990
2026-01-03 19:00:00,2026-01,2026-01-03 17:00:00,2,0.286667,0.308739
2026-01-03 20:00:00,2026-01,2026-01-03 17:00:00,3,0.280000,0.331430
2026-01-03 21:00:00,2026-01,2026-01-03 17:00:00,4,0.190000,0.345565
2026-01-03 22:00:00,2026-01,2026-01-03 17:00:00,5,0.273333,0.380668
2026-01-03 23:00:00,2026-01,2026-01-03 17:00:00,6,0.266667,0.415699
2026-01-04 00:00:00,2026-01,2026-01-03 17:00:00,7,0.391667,0.443536
2026-01-04 01:00:00,2026-01,2026-01-03 17:00:00,8,0.308333,0.387764
2026-01-04 02:00:00,2026-01,2026-01-03 17:00:00,9,0.501667,0.269638
2026-01-04 03:00:00,2026-01,2026-01-03 17:00:00,10,0.071667,0.180966
2026-01-04 04:00:00,2026-01,2026-01-03 17:00:00,11,0.071667,0.089335
2026-01-04 05:00:00,2026-01,2026-01-03 17:00:00,12,0.073333,0.041008
2026-01-04 06:00:00,2026-01,2026-01-03 17:00:00,13,0.010000,0.016500
2026-01-04 07:00:00,2026-01,2026-01-03 17:00:00,14,0.010000,0.016854
2026-01-04 08:00:00,2026-01,2026-01-03 17:00:00,15,0.010000,0.025954
2026-01-04 09:00:00,2026-01,2026-01-03 17:00:00,16,0.033333,0.062374
2026-01-04 10:00:00,2026-01,2026-01-03 17:00:00,17,0.253333,0.124203
2026-01-04 11:00:00,2026-01,2026-01-03 17:00:00,18,0.616667,0.253141
2026-01-04 12:00:00,2026-01,2026-01-03 17:00:00,19,0.601667,0.325197
2026-01-04 13:00:00,2026-01,2026-01-03 17:00:00,20,0.636667,0.375088
2026-01-04 14:00:00,2026-01,2026-01-03 17:00:00,21,0.475000,0.409697
2026-01-04 15:00:00,2026-01,2026-01-03 17:00:00,22,0.323333,0.384086
2026-01-04 16:00:00,2026-01,2026-01-03 17:00:00,23,0.468333,0.338231
2026-01-04 17:00:00,2026-01,2026-01-03 17:00:00,24,0.766667,0.323353
2026-01-04 18:00:00,2026-01,2026-01-03 17:00:00,25,0.286667,0.256555
2026-01-04 19:00:00,2026-01,2026-01-03 17:00:00,26,0.326667,0.241368
2026-01-04 20:00:00,2026-01,2026-01-03 17:00:00,27,0.341667,0.231411
2026-01-04 21:00:00,2026-01,2026-01-03 17:00:00,28,0.278333,0.220724
2026-01-04 22:00:00,2026-01,2026-01-03 17:00:00,29,0.170000,0.207557
2026-01-04 23:00:00,2026-01,2026-01-03 17:00:00,30,0.123333,0.160609
2026-01-05 00:00:00,2026-01,2026-01-03 17:00:00,31,0.045000,0.101461
2026-01-05 01:00:00,2026-01,2026-01-03 17:00:00,32,0.010000,0.067491
2026-01-05 02:00:00,2026-01,2026-01-03 17:00:00,33,0.010000,0.032394
2026-01-05 03:00:00,2026-01,2026-01-03 17:00:00,34,0.010000,0.029010
2026-01-05 04:00:00,2026-01,2026-01-03 17:00:00,35,0.010000,0.030460
2026-01-05 05:00:00,2026-01,2026-01-03 17:00:00,36,0.010000,0.027678
2026-01-05 06:00:00,2026-01,2026-01-03 17:00:00,37,0.018333,0.024022
2026-01-05 07:00:00,2026-01,2026-01-03 17:00:00,38,0.031667,0.019980
2026-01-05 08:00:00,2026-01,2026-01-03 17:00:00,39,0.010000,0.018791
2026-01-05 09:00:00,2026-01,2026-01-03 17:00:00,40,0.010000,0.020895
2026-01-05 10:00:00,2026-01,2026-01-03 17:00:00,41,0.020000,0.022408
2026-01-05 11:00:00,2026-01,2026-01-03 17:00:00,42,0.036667,0.021135
2026-01-05 12:00:00,2026-01,2026-01-03 17:00:00,43,0.068333,0.021188
2026-01-05 13:00:00,2026-01,2026-01-03 17:00:00,44,0.083333,0.038904
2026-01-05 14:00:00,2026-01,2026-01-03 17:00:00,45,0.131667,0.100610
2026-01-05 15:00:00,2026-01,2026-01-03 17:00:00,46,0.188333,0.199567
2026-01-05 16:00:00,2026-01,2026-01-03 17:00:00,47,0.376667,0.254049
2026-01-05 17:00:00,2026-01,2026-01-03 17:00:00,48,0.421667,0.464986
2026-01-04 18:00:00,2026-01,2026-01-04 17:00:00,1,0.286667,0.205793
2026-01-04 19:00:00,2026-01,2026-01-04 17:00:00,2,0.326667,0.138528
2026-01-04 20:00:00,2026-01,2026-01-04 17:00:00,3,0.341667,0.106697
2026-01-04 21:00:00,2026-01,2026-01-04 17:00:00,4,0.278333,0.081037
2026-01-04 22:00:00,2026-01,2026-01-04 17:00:00,5,0.170000,0.043937
2026-01-04 23:00:00,2026-01,2026-01-04 17:00:00,6,0.123333,0.031485
2026-01-05 00:00:00,2026-01,2026-01-04 17:00:00,7,0.045000,0.025037
2026-01-05 01:00:00,2026-01,2026-01-04 17:00:00,8,0.010000,0.016304
2026-01-05 02:00:00,2026-01,2026-01-04 17:00:00,9,0.010000,0.012590
2026-01-05 03:00:00,2026-01,2026-01-04 17:00:00,10,0.010000,0.014334
2026-01-05 04:00:00,2026-01,2026-01-04 17:00:00,11,0.010000,0.014739
2026-01-05 05:00:00,2026-01,2026-01-04 17:00:00,12,0.010000,0.015050
2026-01-05 06:00:00,2026-01,2026-01-04 17:00:00,13,0.018333,0.014973
2026-01-05 07:00:00,2026-01,2026-01-04 17:00:00,14,0.031667,0.013027
2026-01-05 08:00:00,2026-01,2026-01-04 17:00:00,15,0.010000,0.013247
2026-01-05 09:00:00,2026-01,2026-01-04 17:00:00,16,0.010000,0.014404
2026-01-05 10:00:00,2026-01,2026-01-04 17:00:00,17,0.020000,0.016938
2026-01-05 11:00:00,2026-01,2026-01-04 17:00:00,18,0.036667,0.025668
2026-01-05 12:00:00,2026-01,2026-01-04 17:00:00,19,0.068333,0.054458
2026-01-05 13:00:00,2026-01,2026-01-04 17:00:00,20,0.083333,0.124260
2026-01-05 14:00:00,2026-01,2026-01-04 17:00:00,21,0.131667,0.178942
2026-01-05 15:00:00,2026-01,2026-01-04 17:00:00,22,0.188333,0.242932
2026-01-05 16:00:00,2026-01,2026-01-04 17:00:00,23,0.376667,0.293921
2026-01-05 17:00:00,2026-01,2026-01-04 17:00:00,24,0.421667,0.462101
2026-01-05 18:00:00,2026-01,2026-01-04 17:00:00,25,0.375000,0.574361
2026-01-05 19:00:00,2026-01,2026-01-04 17:00:00,26,0.318333,0.644684
2026-01-05 20:00:00,2026-01,2026-01-04 17:00:00,27,0.816667,0.752038
2026-01-05 21:00:00,2026-01,2026-01-04 17:00:00,28,0.986667,0.805329
2026-01-05 22:00:00,2026-01,2026-01-04 17:00:00,29,0.843333,0.847370
2026-01-05 23:00:00,2026-01,2026-01-04 17:00:00,30,0.970000,0.847106
2026-01-06 00:00:00,2026-01,2026-01-04 17:00:00,31,0.876667,0.860638
2026-01-06 01:00:00,2026-01,2026-01-04 17:00:00,32,0.973333,0.859952
2026-01-06 02:00:00,2026-01,2026-01-04 17:00:00,33,0.990000,0.882761
2026-01-06 03:00:00,2026-01,2026-01-04 17:00:00,34,0.978333,0.963466
2026-01-06 04:00:00,2026-01,2026-01-04 17:00:00,35,0.968333,0.983899
2026-01-06 05:00:00,2026-01,2026-01-04 17:00:00,36,0.986667,0.984001
2026-01-06 06:00:00,2026-01,2026-01-04 17:00:00,37,0.976667,0.983477
2026-01-06 07:00:00,2026-01,2026-01-04 17:00:00,38,0.968333,0.985393
2026-01-06 08:00:00,2026-01,2026-01-04 17:00:00,39,0.986667,0.986944
2026-01-06 09:00:00,2026-01,2026-01-04 17:00:00,40,0.990000,0.987595
2026-01-06 10:00:00,2026-01,2026-01-04 17:00:00,41,0.988333,0.978435
2026-01-06 11:00:00,2026-01,2026-01-04 17:00:00,42,0.988333,0.966712
2026-01-06 12:00:00,2026-01,2026-01-04 17:00:00,43,0.990000,0.911805
2026-01-06 13:00:00,2026-01,2026-01-04 17:00:00,44,0.855000,0.854064
2026-01-06 14:00:00,2026-01,2026-01-04 17:00:00,45,0.696667,0.764406
2026-01-06 15:00:00,2026-01,2026-01-04 17:00:00,46,0.463333,0.600688
2026-01-06 16:00:00,2026-01,2026-01-04 17:00:00,47,0.230000,0.389896
2026-01-06 17:00:00,2026-01,2026-01-04 17:00:00,48,0.020000,0.282717
2026-01-05 18:00:00,2026-01,2026-01-05 17:00:00,1,0.375000,0.490127
2026-01-05 19:00:00,2026-01,2026-01-05 17:00:00,2,0.318333,0.601055
2026-01-05 20:00:00,2026-01,2026-01-05 17:00:00,3,0.816667,0.721734
2026-01-05 21:00:00,2026-01,2026-01-05 17:00:00,4,0.986667,0.761582
2026-01-05 22:00:00,2026-01,2026-01-05 17:00:00,5,0.843333,0.831443
2026-01-05 23:00:00,2026-01,2026-01-05 17:00:00,6,0.970000,0.856739
2026-01-06 00:00:00,2026-01,2026-01-05 17:00:00,7,0.876667,0.879877
2026-01-06 01:00:00,2026-01,2026-01-05 17:00:00,8,0.973333,0.872126
2026-01-06 02:00:00,2026-01,2026-01-05 17:00:00,9,0.990000,0.909617
2026-01-06 03:00:00,2026-01,2026-01-05 17:00:00,10,0.978333,0.975428
2026-01-06 04:00:00,2026-01,2026-01-05 17:00:00,11,0.968333,0.986623
2026-01-06 05:00:00,2026-01,2026-01-05 17:00:00,12,0.986667,0.986892
2026-01-06 06:00:00,2026-01,2026-01-05 17:00:00,13,0.976667,0.987161
2026-01-06 07:00:00,2026-01,2026-01-05 17:00:00,14,0.968333,0.986971
2026-01-06 08:00:00,2026-01,2026-01-05 17:00:00,15,0.986667,0.976575
2026-01-06 09:00:00,2026-01,2026-01-05 17:00:00,16,0.990000,0.975914
2026-01-06 10:00:00,2026-01,2026-01-05 17:00:00,17,0.988333,0.975235
2026-01-06 11:00:00,2026-01,2026-01-05 17:00:00,18,0.988333,0.968817
2026-01-06 12:00:00,2026-01,2026-01-05 17:00:00,19,0.990000,0.949448
2026-01-06 13:00:00,2026-01,2026-01-05 17:00:00,20,0.855000,0.899113
2026-01-06 14:00:00,2026-01,2026-01-05 17:00:00,21,0.696667,0.795297
2026-01-06 15:00:00,2026-01,2026-01-05 17:00:00,22,0.463333,0.507966
2026-01-06 16:00:00,2026-01,2026-01-05 17:00:00,23,0.230000,0.267176
2026-01-06 17:00:00,2026-01,2026-01-05 17:00:00,24,0.020000,0.170816
2026-01-06 18:00:00,2026-01,2026-01-05 17:00:00,25,0.010000,0.078070
2026-01-06 19:00:00,2026-01,2026-01-05 17:00:00,26,0.028333,0.029436
2026-01-06 20:00:00,2026-01,2026-01-05 17:00:00,27,0.028333,0.015468
2026-01-06 21:00:00,2026-01,2026-01-05 17:00:00,28,0.010000,0.018667
2026-01-06 22:00:00,2026-01,2026-01-05 17:00:00,29,0.010000,0.017655
2026-01-06 23:00:00,2026-01,2026-01-05 17:00:00,30,0.010000,0.022492
2026-01-07 00:00:00,2026-01,2026-01-05 17:00:00,31,0.010000,0.030153
2026-01-07 01:00:00,2026-01,2026-01-05 17:00:00,32,0.010000,0.032345
2026-01-07 02:00:00,2026-01,2026-01-05 17:00:00,33,0.010000,0.027762
2026-01-07 03:00:00,2026-01,2026-01-05 17:00:00,34,0.010000,0.029933
2026-01-07 04:00:00,2026-01,2026-01-05 17:00:00,35,0.010000,0.028383
2026-01-07 05:00:00,2026-01,2026-01-05 17:00:00,36,0.010000,0.026453
2026-01-07 06:00:00,2026-01,2026-01-05 17:00:00,37,0.010000,0.014408
2026-01-07 07:00:00,2026-01,2026-01-05 17:00:00,38,0.010000,0.014276
2026-01-07 08:00:00,2026-01,2026-01-05 17:00:00,39,0.010000,0.012714
2026-01-07 09:00:00,2026-01,2026-01-05 17:00:00,40,0.010000,0.014129
2026-01-07 10:00:00,2026-01,2026-01-05 17:00:00,41,0.011667,0.018364
2026-01-07 11:00:00,2026-01,2026-01-05 17:00:00,42,0.028333,0.026501
2026-01-07 12:00:00,2026-01,2026-01-05 17:00:00,43,0.020000,0.030687
2026-01-07 13:00:00,2026-01,2026-01-05 17:00:00,44,0.011667,0.029118
2026-01-07 14:00:00,2026-01,2026-01-05 17:00:00,45,0.010000,0.035776
2026-01-07 15:00:00,2026-01,2026-01-05 17:00:00,46,0.010000,0.064018
2026-01-07 16:00:00,2026-01,2026-01-05 17:00:00,47,0.010000,0.086728
2026-01-07 17:00:00,2026-01,2026-01-05 17:00:00,48,0.010000,0.113330
2026-01-06 18:00:00,2026-01,2026-01-06 17:00:00,1,0.010000,0.046011
2026-01-06 19:00:00,2026-01,2026-01-06 17:00:00,2,0.028333,0.035214
2026-01-06 20:00:00,2026-01,2026-01-06 17:00:00,3,0.028333,0.024781
2026-01-06 21:00:00,2026-01,2026-01-06 17:00:00,4,0.010000,0.013879
2026-01-06 22:00:00,2026-01,2026-01-06 17:00:00,5,0.010000,0.013301
2026-01-06 23:00:00,2026-01,2026-01-06 17:00:00,6,0.010000,0.018041
2026-01-07 00:00:00,2026-01,2026-01-06 17:00:00,7,0.010000,0.020759
2026-01-07 01:00:00,2026-01,2026-01-06 17:00:00,8,0.010000,0.029715
2026-01-07 02:00:00,2026-01,2026-01-06 17:00:00,9,0.010000,0.017485
2026-01-07 03:00:00,2026-01,2026-01-06 17:00:00,10,0.010000,0.015034
2026-01-07 04:00:00,2026-01,2026-01-06 17:00:00,11,0.010000,0.028472
2026-01-07 05:00:00,2026-01,2026-01-06 17:00:00,12,0.010000,0.030958
2026-01-07 06:00:00,2026-01,2026-01-06 17:00:00,13,0.010000,0.017042
2026-01-07 07:00:00,2026-01,2026-01-06 17:00:00,14,0.010000,0.015230
2026-01-07 08:00:00,2026-01,2026-01-06 17:00:00,15,0.010000,0.012410
2026-01-07 09:00:00,2026-01,2026-01-06 17:00:00,16,0.010000,0.012496
2026-01-07 10:00:00,2026-01,2026-01-06 17:00:00,17,0.011667,0.014071
2026-01-07 11:00:00,2026-01,2026-01-06 17:00:00,18,0.028333,0.019766
2026-01-07 12:00:00,2026-01,2026-01-06 17:00:00,19,0.020000,0.034944
2026-01-07 13:00:00,2026-01,2026-01-06 17:00:00,20,0.011667,0.040166
2026-01-07 14:00:00,2026-01,2026-01-06 17:00:00,21,0.010000,0.050689
2026-01-07 15:00:00,2026-01,2026-01-06 17:00:00,22,0.010000,0.073656
2026-01-07 16:00:00,2026-01,2026-01-06 17:00:00,23,0.010000,0.082522
2026-01-07 17:00:00,2026-01,2026-01-06 17:00:00,24,0.010000,0.086365
2026-01-07 18:00:00,2026-01,2026-01-06 17:00:00,25,0.010000,0.075452
2026-01-07 19:00:00,2026-01,2026-01-06 17:00:00,26,0.010000,0.069794
2026-01-07 20:00:00,2026-01,2026-01-06 17:00:00,27,0.010000,0.064944
2026-01-07 21:00:00,2026-01,2026-01-06 17:00:00,28,0.010000,0.059275
2026-01-07 22:00:00,2026-01,2026-01-06 17:00:00,29,0.010000,0.061974
2026-01-07 23:00:00,2026-01,2026-01-06 17:00:00,30,0.010000,0.047216
2026-01-08 00:00:00,2026-01,2026-01-06 17:00:00,31,0.010000,0.044546
2026-01-08 01:00:00,2026-01,2026-01-06 17:00:00,32,0.010000,0.059597
2026-01-08 02:00:00,2026-01,2026-01-06 17:00:00,33,0.010000,0.072797
2026-01-08 03:00:00,2026-01,2026-01-06 17:00:00,34,0.010000,0.086305
2026-01-08 04:00:00,2026-01,2026-01-06 17:00:00,35,0.010000,0.109267
2026-01-08 05:00:00,2026-01,2026-01-06 17:00:00,36,0.010000,0.128221
2026-01-08 06:00:00,2026-01,2026-01-06 17:00:00,37,0.010000,0.134128
2026-01-08 07:00:00,2026-01,2026-01-06 17:00:00,38,0.008333,0.190472
2026-01-08 08:00:00,2026-01,2026-01-06 17:00:00,39,0.010000,0.264559
2026-01-08 09:00:00,2026-01,2026-01-06 17:00:00,40,0.183333,0.293263
2026-01-08 10:00:00,2026-01,2026-01-06 17:00:00,41,0.138333,0.346157
2026-01-08 11:00:00,2026-01,2026-01-06 17:00:00,42,0.135000,0.305190
2026-01-08 12:00:00,2026-01,2026-01-06 17:00:00,43,0.120000,0.268433
2026-01-08 13:00:00,2026-01,2026-01-06 17:00:00,44,0.010000,0.246720
2026-01-08 14:00:00,2026-01,2026-01-06 17:00:00,45,0.013333,0.269496
2026-01-08 15:00:00,2026-01,2026-01-06 17:00:00,46,0.013333,0.304422
2026-01-08 16:00:00,2026-01,2026-01-06 17:00:00,47,0.010000,0.490156
2026-01-08 17:00:00,2026-01,2026-01-06 17:00:00,48,0.010000,0.658362
2026-01-07 18:00:00,2026-01,2026-01-07 17:00:00,1,0.010000,0.018076
2026-01-07 19:00:00,2026-01,2026-01-07 17:00:00,2,0.010000,0.018493
2026-01-07 20:00:00,2026-01,2026-01-07 17:00:00,3,0.010000,0.016165
2026-01-07 21:00:00,2026-01,2026-01-07 17:00:00,4,0.010000,0.022409
2026-01-07 22:00:00,2026-01,2026-01-07 17:00:00,5,0.010000,0.026064
2026-01-07 23:00:00,2026-01,2026-01-07 17:00:00,6,0.010000,0.040504
2026-01-08 00:00:00,2026-01,2026-01-07 17:00:00,7,0.010000,0.031702
2026-01-08 01:00:00,2026-01,2026-01-07 17:00:00,8,0.010000,0.027956
2026-01-08 02:00:00,2026-01,2026-01-07 17:00:00,9,0.010000,0.033498
2026-01-08 03:00:00,2026-01,2026-01-07 17:00:00,10,0.010000,0.035694
2026-01-08 04:00:00,2026-01,2026-01-07 17:00:00,11,0.010000,0.057536
2026-01-08 05:00:00,2026-01,2026-01-07 17:00:00,12,0.010000,0.093626
2026-01-08 06:00:00,2026-01,2026-01-07 17:00:00,13,0.010000,0.103742
2026-01-08 07:00:00,2026-01,2026-01-07 17:00:00,14,0.008333,0.119749
2026-01-08 08:00:00,2026-01,2026-01-07 17:00:00,15,0.010000,0.158842
2026-01-08 09:00:00,2026-01,2026-01-07 17:00:00,16,0.183333,0.215295
2026-01-08 10:00:00,2026-01,2026-01-07 17:00:00,17,0.138333,0.241522
2026-01-08 11:00:00,2026-01,2026-01-07 17:00:00,18,0.135000,0.268844
2026-01-08 12:00:00,2026-01,2026-01-07 17:00:00,19,0.120000,0.353006
2026-01-08 13:00:00,2026-01,2026-01-07 17:00:00,20,0.010000,0.469195
2026-01-08 14:00:00,2026-01,2026-01-07 17:00:00,21,0.013333,0.578640
2026-01-08 15:00:00,2026-01,2026-01-07 17:00:00,22,0.013333,0.658853
2026-01-08 16:00:00,2026-01,2026-01-07 17:00:00,23,0.010000,0.698458
2026-01-08 17:00:00,2026-01,2026-01-07 17:00:00,24,0.010000,0.710001
2026-01-08 18:00:00,2026-01,2026-01-07 17:00:00,25,0.011667,0.683901
2026-01-08 19:00:00,2026-01,2026-01-07 17:00:00,26,0.010000,0.692103
2026-01-08 20:00:00,2026-01,2026-01-07 17:00:00,27,0.013333,0.707437
2026-01-08 21:00:00,2026-01,2026-01-07 17:00:00,28,0.010000,0.710298
2026-01-08 22:00:00,2026-01,2026-01-07 17:00:00,29,0.010000,0.698399
2026-01-08 23:00:00,2026-01,2026-01-07 17:00:00,30,0.010000,0.689616
2026-01-09 00:00:00,2026-01,2026-01-07 17:00:00,31,0.010000,0.733442
2026-01-09 01:00:00,2026-01,2026-01-07 17:00:00,32,0.010000,0.737867
2026-01-09 02:00:00,2026-01,2026-01-07 17:00:00,33,0.010000,0.707531
2026-01-09 03:00:00,2026-01,2026-01-07 17:00:00,34,0.010000,0.696887
2026-01-09 04:00:00,2026-01,2026-01-07 17:00:00,35,0.010000,0.721713
2026-01-09 05:00:00,2026-01,2026-01-07 17:00:00,36,0.010000,0.667207
2026-01-09 06:00:00,2026-01,2026-01-07 17:00:00,37,0.010000,0.553020
2026-01-09 07:00:00,2026-01,2026-01-07 17:00:00,38,0.011667,0.458145
2026-01-09 08:00:00,2026-01,2026-01-07 17:00:00,39,0.010000,0.345571
2026-01-09 09:00:00,2026-01,2026-01-07 17:00:00,40,0.010000,0.298303
2026-01-09 10:00:00,2026-01,2026-01-07 17:00:00,41,0.026667,0.227216
2026-01-09 11:00:00,2026-01,2026-01-07 17:00:00,42,0.030000,0.152340
2026-01-09 12:00:00,2026-01,2026-01-07 17:00:00,43,0.011667,0.102988
2026-01-09 13:00:00,2026-01,2026-01-07 17:00:00,44,0.008333,0.070303
2026-01-09 14:00:00,2026-01,2026-01-07 17:00:00,45,0.010000,0.058075
2026-01-09 15:00:00,2026-01,2026-01-07 17:00:00,46,0.010000,0.037849
2026-01-09 16:00:00,2026-01,2026-01-07 17:00:00,47,0.010000,0.023088
2026-01-09 17:00:00,2026-01,2026-01-07 17:00:00,48,0.010000,0.028807
2026-01-08 18:00:00,2026-01,2026-01-08 17:00:00,1,0.011667,0.422123
2026-01-08 19:00:00,2026-01,2026-01-08 17:00:00,2,0.010000,0.506909
2026-01-08 20:00:00,2026-01,2026-01-08 17:00:00,3,0.013333,0.503098
2026-01-08 21:00:00,2026-01,2026-01-08 17:00:00,4,0.010000,0.522051
2026-01-08 22:00:00,2026-01,2026-01-08 17:00:00,5,0.010000,0.546547
2026-01-08 23:00:00,2026-01,2026-01-08 17:00:00,6,0.010000,0.458131
2026-01-09 00:00:00,2026-01,2026-01-08 17:00:00,7,0.010000,0.317180
2026-01-09 01:00:00,2026-01,2026-01-08 17:00:00,8,0.010000,0.273176
2026-01-09 02:00:00,2026-01,2026-01-08 17:00:00,9,0.010000,0.180441
2026-01-09 03:00:00,2026-01,2026-01-08 17:00:00,10,0.010000,0.175410
2026-01-09 04:00:00,2026-01,2026-01-08 17:00:00,11,0.010000,0.173552
2026-01-09 05:00:00,2026-01,2026-01-08 17:00:00,12,0.010000,0.156196
2026-01-09 06:00:00,2026-01,2026-01-08 17:00:00,13,0.010000,0.149324
2026-01-09 07:00:00,2026-01,2026-01-08 17:00:00,14,0.011667,0.136691
2026-01-09 08:00:00,2026-01,2026-01-08 17:00:00,15,0.010000,0.131467
2026-01-09 09:00:00,2026-01,2026-01-08 17:00:00,16,0.010000,0.147459
2026-01-09 10:00:00,2026-01,2026-01-08 17:00:00,17,0.026667,0.147225
2026-01-09 11:00:00,2026-01,2026-01-08 17:00:00,18,0.030000,0.186693
2026-01-09 12:00:00,2026-01,2026-01-08 17:00:00,19,0.011667,0.177150
2026-01-09 13:00:00,2026-01,2026-01-08 17:00:00,20,0.008333,0.175815
2026-01-09 14:00:00,2026-01,2026-01-08 17:00:00,21,0.010000,0.164951
2026-01-09 15:00:00,2026-01,2026-01-08 17:00:00,22,0.010000,0.166244
2026-01-09 16:00:00,2026-01,2026-01-08 17:00:00,23,0.010000,0.163725
2026-01-09 17:00:00,2026-01,2026-01-08 17:00:00,24,0.010000,0.121931
2026-01-09 18:00:00,2026-01,2026-01-08 17:00:00,25,0.010000,0.099528
2026-01-09 19:00:00,2026-01,2026-01-08 17:00:00,26,0.010000,0.100604
2026-01-09 20:00:00,2026-01,2026-01-08 17:00:00,27,0.010000,0.125329
2026-01-09 21:00:00,2026-01,2026-01-08 17:00:00,28,0.010000,0.167858
2026-01-09 22:00:00,2026-01,2026-01-08 17:00:00,29,0.010000,0.204746
2026-01-09 23:00:00,2026-01,2026-01-08 17:00:00,30,0.028333,0.217971
2026-01-10 00:00:00,2026-01,2026-01-08 17:00:00,31,0.061667,0.309846
2026-01-10 01:00:00,2026-01,2026-01-08 17:00:00,32,0.058333,0.306997
2026-01-10 02:00:00,2026-01,2026-01-08 17:00:00,33,0.051667,0.307312
2026-01-10 03:00:00,2026-01,2026-01-08 17:00:00,34,0.115000,0.318161
2026-01-10 04:00:00,2026-01,2026-01-08 17:00:00,35,0.070000,0.317804
2026-01-10 05:00:00,2026-01,2026-01-08 17:00:00,36,0.090000,0.273540
2026-01-10 06:00:00,2026-01,2026-01-08 17:00:00,37,0.053333,0.322563
2026-01-10 07:00:00,2026-01,2026-01-08 17:00:00,38,0.213333,0.301313
2026-01-10 08:00:00,2026-01,2026-01-08 17:00:00,39,0.191667,0.311422
2026-01-10 09:00:00,2026-01,2026-01-08 17:00:00,40,0.188333,0.331748
2026-01-10 10:00:00,2026-01,2026-01-08 17:00:00,41,0.180000,0.308120
2026-01-10 11:00:00,2026-01,2026-01-08 17:00:00,42,0.151667,0.255493
2026-01-10 12:00:00,2026-01,2026-01-08 17:00:00,43,0.416667,0.203315
2026-01-10 13:00:00,2026-01,2026-01-08 17:00:00,44,0.388333,0.229459
2026-01-10 14:00:00,2026-01,2026-01-08 17:00:00,45,0.540000,0.279715
2026-01-10 15:00:00,2026-01,2026-01-08 17:00:00,46,0.575000,0.285241
2026-01-10 16:00:00,2026-01,2026-01-08 17:00:00,47,0.345000,0.379455
2026-01-10 17:00:00,2026-01,2026-01-08 17:00:00,48,0.408333,0.455135
2026-01-09 18:00:00,2026-01,2026-01-09 17:00:00,1,0.010000,0.159773
2026-01-09 19:00:00,2026-01,2026-01-09 17:00:00,2,0.010000,0.178542
2026-01-09 20:00:00,2026-01,2026-01-09 17:00:00,3,0.010000,0.266166
2026-01-09 21:00:00,2026-01,2026-01-09 17:00:00,4,0.010000,0.330400
2026-01-09 22:00:00,2026-01,2026-01-09 17:00:00,5,0.010000,0.317850
2026-01-09 23:00:00,2026-01,2026-01-09 17:00:00,6,0.028333,0.316063
2026-01-10 00:00:00,2026-01,2026-01-09 17:00:00,7,0.061667,0.292206
2026-01-10 01:00:00,2026-01,2026-01-09 17:00:00,8,0.058333,0.223106
2026-01-10 02:00:00,2026-01,2026-01-09 17:00:00,9,0.051667,0.220912
2026-01-10 03:00:00,2026-01,2026-01-09 17:00:00,10,0.115000,0.225783
2026-01-10 04:00:00,2026-01,2026-01-09 17:00:00,11,0.070000,0.267477
2026-01-10 05:00:00,2026-01,2026-01-09 17:00:00,12,0.090000,0.332954
2026-01-10 06:00:00,2026-01,2026-01-09 17:00:00,13,0.053333,0.376268
2026-01-10 07:00:00,2026-01,2026-01-09 17:00:00,14,0.213333,0.468078
2026-01-10 08:00:00,2026-01,2026-01-09 17:00:00,15,0.191667,0.452689
2026-01-10 09:00:00,2026-01,2026-01-09 17:00:00,16,0.188333,0.518539
2026-01-10 10:00:00,2026-01,2026-01-09 17:00:00,17,0.180000,0.515465
2026-01-10 11:00:00,2026-01,2026-01-09 17:00:00,18,0.151667,0.459246
2026-01-10 12:00:00,2026-01,2026-01-09 17:00:00,19,0.416667,0.332769
2026-01-10 13:00:00,2026-01,2026-01-09 17:00:00,20,0.388333,0.436983
2026-01-10 14:00:00,2026-01,2026-01-09 17:00:00,21,0.540000,0.507480
2026-01-10 15:00:00,2026-01,2026-01-09 17:00:00,22,0.575000,0.561555
2026-01-10 16:00:00,2026-01,2026-01-09 17:00:00,23,0.345000,0.584935
2026-01-10 17:00:00,2026-01,2026-01-09 17:00:00,24,0.408333,0.601185
2026-01-10 18:00:00,2026-01,2026-01-09 17:00:00,25,0.840000,0.699358
2026-01-10 19:00:00,2026-01,2026-01-09 17:00:00,26,0.898333,0.732485
2026-01-10 20:00:00,2026-01,2026-01-09 17:00:00,27,0.711667,0.774911
2026-01-10 21:00:00,2026-01,2026-01-09 17:00:00,28,0.771667,0.801516
2026-01-10 22:00:00,2026-01,2026-01-09 17:00:00,29,0.850000,0.818382
2026-01-10 23:00:00,2026-01,2026-01-09 17:00:00,30,0.468333,0.871897
2026-01-11 00:00:00,2026-01,2026-01-09 17:00:00,31,0.553333,0.884591
2026-01-11 01:00:00,2026-01,2026-01-09 17:00:00,32,0.486667,0.895264
2026-01-11 02:00:00,2026-01,2026-01-09 17:00:00,33,0.210000,0.891529
2026-01-11 03:00:00,2026-01,2026-01-09 17:00:00,34,0.325000,0.943348
2026-01-11 04:00:00,2026-01,2026-01-09 17:00:00,35,0.280000,0.961412
2026-01-11 05:00:00,2026-01,2026-01-09 17:00:00,36,0.403333,0.947145
2026-01-11 06:00:00,2026-01,2026-01-09 17:00:00,37,0.596667,0.924730
2026-01-11 07:00:00,2026-01,2026-01-09 17:00:00,38,0.600000,0.920324
2026-01-11 08:00:00,2026-01,2026-01-09 17:00:00,39,0.313333,0.899380
2026-01-11 09:00:00,2026-01,2026-01-09 17:00:00,40,0.218333,0.901601
2026-01-11 10:00:00,2026-01,2026-01-09 17:00:00,41,0.280000,0.857311
2026-01-11 11:00:00,2026-01,2026-01-09 17:00:00,42,0.231667,0.858348
2026-01-11 12:00:00,2026-01,2026-01-09 17:00:00,43,0.445000,0.830996
2026-01-11 13:00:00,2026-01,2026-01-09 17:00:00,44,0.451667,0.784129
2026-01-11 14:00:00,2026-01,2026-01-09 17:00:00,45,0.275000,0.663384
2026-01-11 15:00:00,2026-01,2026-01-09 17:00:00,46,0.606667,0.619038
2026-01-11 16:00:00,2026-01,2026-01-09 17:00:00,47,0.550000,0.597539
2026-01-11 17:00:00,2026-01,2026-01-09 17:00:00,48,0.331667,0.571371
2026-01-10 18:00:00,2026-01,2026-01-10 17:00:00,1,0.840000,0.778874
2026-01-10 19:00:00,2026-01,2026-01-10 17:00:00,2,0.898333,0.800174
2026-01-10 20:00:00,2026-01,2026-01-10 17:00:00,3,0.711667,0.808562
2026-01-10 21:00:00,2026-01,2026-01-10 17:00:00,4,0.771667,0.805271
2026-01-10 22:00:00,2026-01,2026-01-10 17:00:00,5,0.850000,0.820720
2026-01-10 23:00:00,2026-01,2026-01-10 17:00:00,6,0.468333,0.877570
2026-01-11 00:00:00,2026-01,2026-01-10 17:00:00,7,0.553333,0.886496
2026-01-11 01:00:00,2026-01,2026-01-10 17:00:00,8,0.486667,0.884548
2026-01-11 02:00:00,2026-01,2026-01-10 17:00:00,9,0.210000,0.854714
2026-01-11 03:00:00,2026-01,2026-01-10 17:00:00,10,0.325000,0.893107
2026-01-11 04:00:00,2026-01,2026-01-10 17:00:00,11,0.280000,0.927743
2026-01-11 05:00:00,2026-01,2026-01-10 17:00:00,12,0.403333,0.921716
2026-01-11 06:00:00,2026-01,2026-01-10 17:00:00,13,0.596667,0.917209
2026-01-11 07:00:00,2026-01,2026-01-10 17:00:00,14,0.600000,0.928452
2026-01-11 08:00:00,2026-01,2026-01-10 17:00:00,15,0.313333,0.911292
2026-01-11 09:00:00,2026-01,2026-01-10 17:00:00,16,0.218333,0.917404
2026-01-11 10:00:00,2026-01,2026-01-10 17:00:00,17,0.280000,0.859583
2026-01-11 11:00:00,2026-01,2026-01-10 17:00:00,18,0.231667,0.738745
2026-01-11 12:00:00,2026-01,2026-01-10 17:00:00,19,0.445000,0.642125
2026-01-11 13:00:00,2026-01,2026-01-10 17:00:00,20,0.451667,0.513048
2026-01-11 14:00:00,2026-01,2026-01-10 17:00:00,21,0.275000,0.500155
2026-01-11 15:00:00,2026-01,2026-01-10 17:00:00,22,0.606667,0.491527
2026-01-11 16:00:00,2026-01,2026-01-10 17:00:00,23,0.550000,0.545275
2026-01-11 17:00:00,2026-01,2026-01-10 17:00:00,24,0.331667,0.572796
2026-01-11 18:00:00,2026-01,2026-01-10 17:00:00,25,0.580000,0.496714
2026-01-11 19:00:00,2026-01,2026-01-10 17:00:00,26,0.403333,0.411899
2026-01-11 20:00:00,2026-01,2026-01-10 17:00:00,27,0.068333,0.333080
2026-01-11 21:00:00,2026-01,2026-01-10 17:00:00,28,0.015000,0.208481
2026-01-11 22:00:00,2026-01,2026-01-10 17:00:00,29,0.023333,0.163039
2026-01-11 23:00:00,2026-01,2026-01-10 17:00:00,30,0.010000,0.100294
2026-01-12 00:00:00,2026-01,2026-01-10 17:00:00,31,0.010000,0.055051
2026-01-12 01:00:00,2026-01,2026-01-10 17:00:00,32,0.010000,0.018795
2026-01-12 02:00:00,2026-01,2026-01-10 17:00:00,33,0.010000,0.013457
2026-01-12 03:00:00,2026-01,2026-01-10 17:00:00,34,0.010000,0.012508
2026-01-12 04:00:00,2026-01,2026-01-10 17:00:00,35,0.010000,0.010977
2026-01-12 05:00:00,2026-01,2026-01-10 17:00:00,36,0.010000,0.016019
2026-01-12 06:00:00,2026-01,2026-01-10 17:00:00,37,0.011667,0.058376
2026-01-12 07:00:00,2026-01,2026-01-10 17:00:00,38,0.096667,0.137819
2026-01-12 08:00:00,2026-01,2026-01-10 17:00:00,39,0.163333,0.222433
2026-01-12 09:00:00,2026-01,2026-01-10 17:00:00,40,0.056667,0.359355
2026-01-12 10:00:00,2026-01,2026-01-10 17:00:00,41,0.153333,0.551767
2026-01-12 11:00:00,2026-01,2026-01-10 17:00:00,42,0.545000,0.668625
2026-01-12 12:00:00,2026-01,2026-01-10 17:00:00,43,0.615000,0.613804
2026-01-12 13:00:00,2026-01,2026-01-10 17:00:00,44,0.580000,0.444562
2026-01-12 14:00:00,2026-01,2026-01-10 17:00:00,45,0.563333,0.336510
2026-01-12 15:00:00,2026-01,2026-01-10 17:00:00,46,0.285000,0.241195
2026-01-12 16:00:00,2026-01,2026-01-10 17:00:00,47,0.263333,0.174378
2026-01-12 17:00:00,2026-01,2026-01-10 17:00:00,48,0.118333,0.104130
2026-01-11 18:00:00,2026-01,2026-01-11 17:00:00,1,0.580000,0.361658
2026-01-11 19:00:00,2026-01,2026-01-11 17:00:00,2,0.403333,0.236145
2026-01-11 20:00:00,2026-01,2026-01-11 17:00:00,3,0.068333,0.177608
2026-01-11 21:00:00,2026-01,2026-01-11 17:00:00,4,0.015000,0.122990
2026-01-11 22:00:00,2026-01,2026-01-11 17:00:00,5,0.023333,0.076638
2026-01-11 23:00:00,2026-01,2026-01-11 17:00:00,6,0.010000,0.038149
2026-01-12 00:00:00,2026-01,2026-01-11 17:00:00,7,0.010000,0.016040
2026-01-12 01:00:00,2026-01,2026-01-11 17:00:00,8,0.010000,0.013533
2026-01-12 02:00:00,2026-01,2026-01-11 17:00:00,9,0.010000,0.012535
2026-01-12 03:00:00,2026-01,2026-01-11 17:00:00,10,0.010000,0.010846
2026-01-12 04:00:00,2026-01,2026-01-11 17:00:00,11,0.010000,0.013227
2026-01-12 05:00:00,2026-01,2026-01-11 17:00:00,12,0.010000,0.019171
2026-01-12 06:00:00,2026-01,2026-01-11 17:00:00,13,0.011667,0.052396
2026-01-12 07:00:00,2026-01,2026-01-11 17:00:00,14,0.096667,0.115938
2026-01-12 08:00:00,2026-01,2026-01-11 17:00:00,15,0.163333,0.200271
2026-01-12 09:00:00,2026-01,2026-01-11 17:00:00,16,0.056667,0.260324
2026-01-12 10:00:00,2026-01,2026-01-11 17:00:00,17,0.153333,0.302933
2026-01-12 11:00:00,2026-01,2026-01-11 17:00:00,18,0.545000,0.361808
2026-01-12 12:00:00,2026-01,2026-01-11 17:00:00,19,0.615000,0.361150
2026-01-12 13:00:00,2026-01,2026-01-11 17:00:00,20,0.580000,0.328516
2026-01-12 14:00:00,2026-01,2026-01-11 17:00:00,21,0.563333,0.278468
2026-01-12 15:00:00,2026-01,2026-01-11 17:00:00,22,0.285000,0.184671
2026-01-12 16:00:00,2026-01,2026-01-11 17:00:00,23,0.263333,0.134379
2026-01-12 17:00:00,2026-01,2026-01-11 17:00:00,24,0.118333,0.101889
2026-01-12 18:00:00,2026-01,2026-01-11 17:00:00,25,0.223333,0.098826
2026-01-12 19:00:00,2026-01,2026-01-11 17:00:00,26,0.138333,0.103511
2026-01-12 20:00:00,2026-01,2026-01-11 17:00:00,27,0.148333,0.094939
2026-01-12 21:00:00,2026-01,2026-01-11 17:00:00,28,0.228333,0.079802
2026-01-12 22:00:00,2026-01,2026-01-11 17:00:00,29,0.176667,0.073763
2026-01-12 23:00:00,2026-01,2026-01-11 17:00:00,30,0.045000,0.060890
2026-01-13 00:00:00,2026-01,2026-01-11 17:00:00,31,0.010000,0.035445
2026-01-13 01:00:00,2026-01,2026-01-11 17:00:00,32,0.021667,0.025766
2026-01-13 02:00:00,2026-01,2026-01-11 17:00:00,33,0.113333,0.024024
2026-01-13 03:00:00,2026-01,2026-01-11 17:00:00,34,0.148333,0.043979
2026-01-13 04:00:00,2026-01,2026-01-11 17:00:00,35,0.180000,0.080788
2026-01-13 05:00:00,2026-01,2026-01-11 17:00:00,36,0.233333,0.201844
2026-01-13 06:00:00,2026-01,2026-01-11 17:00:00,37,0.515000,0.263386
2026-01-13 07:00:00,2026-01,2026-01-11 17:00:00,38,0.640000,0.366132
2026-01-13 08:00:00,2026-01,2026-01-11 17:00:00,39,0.783333,0.602041
2026-01-13 09:00:00,2026-01,2026-01-11 17:00:00,40,0.985000,0.808929
2026-01-13 10:00:00,2026-01,2026-01-11 17:00:00,41,0.990000,0.898819
2026-01-13 11:00:00,2026-01,2026-01-11 17:00:00,42,0.990000,0.860109
2026-01-13 12:00:00,2026-01,2026-01-11 17:00:00,43,0.990000,0.854874
2026-01-13 13:00:00,2026-01,2026-01-11 17:00:00,44,0.990000,0.903304
2026-01-13 14:00:00,2026-01,2026-01-11 17:00:00,45,0.990000,0.908616
2026-01-13 15:00:00,2026-01,2026-01-11 17:00:00,46,0.926667,0.904306
2026-01-13 16:00:00,2026-01,2026-01-11 17:00:00,47,0.951667,0.826891
2026-01-13 17:00:00,2026-01,2026-01-11 17:00:00,48,0.918333,0.839951
2026-01-12 18:00:00,2026-01,2026-01-12 17:00:00,1,0.223333,0.067555
2026-01-12 19:00:00,2026-01,2026-01-12 17:00:00,2,0.138333,0.055517
2026-01-12 20:00:00,2026-01,2026-01-12 17:00:00,3,0.148333,0.039324
2026-01-12 21:00:00,2026-01,2026-01-12 17:00:00,4,0.228333,0.034047
2026-01-12 22:00:00,2026-01,2026-01-12 17:00:00,5,0.176667,0.019167
2026-01-12 23:00:00,2026-01,2026-01-12 17:00:00,6,0.045000,0.012862
2026-01-13 00:00:00,2026-01,2026-01-12 17:00:00,7,0.010000,0.012335
2026-01-13 01:00:00,2026-01,2026-01-12 17:00:00,8,0.021667,0.012342
2026-01-13 02:00:00,2026-01,2026-01-12 17:00:00,9,0.113333,0.017323
2026-01-13 03:00:00,2026-01,2026-01-12 17:00:00,10,0.148333,0.056638
2026-01-13 04:00:00,2026-01,2026-01-12 17:00:00,11,0.180000,0.176020
2026-01-13 05:00:00,2026-01,2026-01-12 17:00:00,12,0.233333,0.247960
2026-01-13 06:00:00,2026-01,2026-01-12 17:00:00,13,0.515000,0.484016
2026-01-13 07:00:00,2026-01,2026-01-12 17:00:00,14,0.640000,0.669901
2026-01-13 08:00:00,2026-01,2026-01-12 17:00:00,15,0.783333,0.801894
2026-01-13 09:00:00,2026-01,2026-01-12 17:00:00,16,0.985000,0.903264
2026-01-13 10:00:00,2026-01,2026-01-12 17:00:00,17,0.990000,0.928667
2026-01-13 11:00:00,2026-01,2026-01-12 17:00:00,18,0.990000,0.928821
2026-01-13 12:00:00,2026-01,2026-01-12 17:00:00,19,0.990000,0.941713
2026-01-13 13:00:00,2026-01,2026-01-12 17:00:00,20,0.990000,0.925822
2026-01-13 14:00:00,2026-01,2026-01-12 17:00:00,21,0.990000,0.876595
2026-01-13 15:00:00,2026-01,2026-01-12 17:00:00,22,0.926667,0.865889
2026-01-13 16:00:00,2026-01,2026-01-12 17:00:00,23,0.951667,0.808394
2026-01-13 17:00:00,2026-01,2026-01-12 17:00:00,24,0.918333,0.768668
2026-01-13 18:00:00,2026-01,2026-01-12 17:00:00,25,0.758333,0.673195
2026-01-13 19:00:00,2026-01,2026-01-12 17:00:00,26,0.838333,0.623895
2026-01-13 20:00:00,2026-01,2026-01-12 17:00:00,27,0.935000,0.545558
2026-01-13 21:00:00,2026-01,2026-01-12 17:00:00,28,0.863333,0.458120
2026-01-13 22:00:00,2026-01,2026-01-12 17:00:00,29,0.570000,0.317488
2026-01-13 23:00:00,2026-01,2026-01-12 17:00:00,30,0.360000,0.177236
2026-01-14 00:00:00,2026-01,2026-01-12 17:00:00,31,0.091667,0.111206
2026-01-14 01:00:00,2026-01,2026-01-12 17:00:00,32,0.036667,0.053533
2026-01-14 02:00:00,2026-01,2026-01-12 17:00:00,33,0.316667,0.023936
2026-01-14 03:00:00,2026-01,2026-01-12 17:00:00,34,0.260000,0.033765
2026-01-14 04:00:00,2026-01,2026-01-12 17:00:00,35,0.045000,0.043709
2026-01-14 05:00:00,2026-01,2026-01-12 17:00:00,36,0.015000,0.040448
2026-01-14 06:00:00,2026-01,2026-01-12 17:00:00,37,0.063333,0.042417
2026-01-14 07:00:00,2026-01,2026-01-12 17:00:00,38,0.113333,0.053908
2026-01-14 08:00:00,2026-01,2026-01-12 17:00:00,39,0.136667,0.089157
2026-01-14 09:00:00,2026-01,2026-01-12 17:00:00,40,0.170000,0.126096
2026-01-14 10:00:00,2026-01,2026-01-12 17:00:00,41,0.115000,0.210619
2026-01-14 11:00:00,2026-01,2026-01-12 17:00:00,42,0.155000,0.232521
2026-01-14 12:00:00,2026-01,2026-01-12 17:00:00,43,0.140000,0.257725
2026-01-14 13:00:00,2026-01,2026-01-12 17:00:00,44,0.133333,0.275285
2026-01-14 14:00:00,2026-01,2026-01-12 17:00:00,45,0.200000,0.265099
2026-01-14 15:00:00,2026-01,2026-01-12 17:00:00,46,0.361667,0.257305
2026-01-14 16:00:00,2026-01,2026-01-12 17:00:00,47,0.240000,0.285238
2026-01-14 17:00:00,2026-01,2026-01-12 17:00:00,48,0.108333,0.264929
2026-01-13 18:00:00,2026-01,2026-01-13 17:00:00,1,0.758333,0.663732
2026-01-13 19:00:00,2026-01,2026-01-13 17:00:00,2,0.838333,0.600788
2026-01-13 20:00:00,2026-01,2026-01-13 17:00:00,3,0.935000,0.568010
2026-01-13 21:00:00,2026-01,2026-01-13 17:00:00,4,0.863333,0.496059
2026-01-13 22:00:00,2026-01,2026-01-13 17:00:00,5,0.570000,0.377912
2026-01-13 23:00:00,2026-01,2026-01-13 17:00:00,6,0.360000,0.291492
2026-01-14 00:00:00,2026-01,2026-01-13 17:00:00,7,0.091667,0.191016
2026-01-14 01:00:00,2026-01,2026-01-13 17:00:00,8,0.036667,0.161018
2026-01-14 02:00:00,2026-01,2026-01-13 17:00:00,9,0.316667,0.103159
2026-01-14 03:00:00,2026-01,2026-01-13 17:00:00,10,0.260000,0.042895
2026-01-14 04:00:00,2026-01,2026-01-13 17:00:00,11,0.045000,0.024720
2026-01-14 05:00:00,2026-01,2026-01-13 17:00:00,12,0.015000,0.012726
2026-01-14 06:00:00,2026-01,2026-01-13 17:00:00,13,0.063333,0.012828
2026-01-14 07:00:00,2026-01,2026-01-13 17:00:00,14,0.113333,0.019344
2026-01-14 08:00:00,2026-01,2026-01-13 17:00:00,15,0.136667,0.050655
2026-01-14 09:00:00,2026-01,2026-01-13 17:00:00,16,0.170000,0.095368
2026-01-14 10:00:00,2026-01,2026-01-13 17:00:00,17,0.115000,0.182754
2026-01-14 11:00:00,2026-01,2026-01-13 17:00:00,18,0.155000,0.251456
2026-01-14 12:00:00,2026-01,2026-01-13 17:00:00,19,0.140000,0.268860
2026-01-14 13:00:00,2026-01,2026-01-13 17:00:00,20,0.133333,0.275951
2026-01-14 14:00:00,2026-01,2026-01-13 17:00:00,21,0.200000,0.306948
2026-01-14 15:00:00,2026-01,2026-01-13 17:00:00,22,0.361667,0.344028
2026-01-14 16:00:00,2026-01,2026-01-13 17:00:00,23,0.240000,0.336768
2026-01-14 17:00:00,2026-01,2026-01-13 17:00:00,24,0.108333,0.317737
2026-01-14 18:00:00,2026-01,2026-01-13 17:00:00,25,0.046667,0.270416
2026-01-14 19:00:00,2026-01,2026-01-13 17:00:00,26,0.020000,0.246083
2026-01-14 20:00:00,2026-01,2026-01-13 17:00:00,27,0.020000,0.169006
2026-01-14 21:00:00,2026-01,2026-01-13 17:00:00,28,0.011667,0.112561
2026-01-14 22:00:00,2026-01,2026-01-13 17:00:00,29,0.010000,0.064509
2026-01-14 23:00:00,2026-01,2026-01-13 17:00:00,30,0.010000,0.048889
2026-01-15 00:00:00,2026-01,2026-01-13 17:00:00,31,0.010000,0.038256
2026-01-15 01:00:00,2026-01,2026-01-13 17:00:00,32,0.010000,0.030227
2026-01-15 02:00:00,2026-01,2026-01-13 17:00:00,33,0.010000,0.021649
2026-01-15 03:00:00,2026-01,2026-01-13 17:00:00,34,0.010000,0.012742
2026-01-15 04:00:00,2026-01,2026-01-13 17:00:00,35,0.010000,0.014727
2026-01-15 05:00:00,2026-01,2026-01-13 17:00:00,36,0.010000,0.012970
2026-01-15 06:00:00,2026-01,2026-01-13 17:00:00,37,0.010000,0.012925
2026-01-15 07:00:00,2026-01,2026-01-13 17:00:00,38,0.010000,0.014034
2026-01-15 08:00:00,2026-01,2026-01-13 17:00:00,39,0.010000,0.014187
2026-01-15 09:00:00,2026-01,2026-01-13 17:00:00,40,0.020000,0.016505
2026-01-15 10:00:00,2026-01,2026-01-13 17:00:00,41,0.040000,0.016077
2026-01-15 11:00:00,2026-01,2026-01-13 17:00:00,42,0.083333,0.024131
2026-01-15 12:00:00,2026-01,2026-01-13 17:00:00,43,0.091667,0.025812
2026-01-15 13:00:00,2026-01,2026-01-13 17:00:00,44,0.063333,0.026415
2026-01-15 14:00:00,2026-01,2026-01-13 17:00:00,45,0.113333,0.035384
2026-01-15 15:00:00,2026-01,2026-01-13 17:00:00,46,0.208333,0.038611
2026-01-15 16:00:00,2026-01,2026-01-13 17:00:00,47,0.045000,0.032855
2026-01-15 17:00:00,2026-01,2026-01-13 17:00:00,48,0.010000,0.036305
2026-01-14 18:00:00,2026-01,2026-01-14 17:00:00,1,0.046667,0.302846
2026-01-14 19:00:00,2026-01,2026-01-14 17:00:00,2,0.020000,0.276739
2026-01-14 20:00:00,2026-01,2026-01-14 17:00:00,3,0.020000,0.234952
2026-01-14 21:00:00,2026-01,2026-01-14 17:00:00,4,0.011667,0.170812
2026-01-14 22:00:00,2026-01,2026-01-14 17:00:00,5,0.010000,0.110020
2026-01-14 23:00:00,2026-01,2026-01-14 17:00:00,6,0.010000,0.049998
2026-01-15 00:00:00,2026-01,2026-01-14 17:00:00,7,0.010000,0.034506
2026-01-15 01:00:00,2026-01,2026-01-14 17:00:00,8,0.010000,0.013808
2026-01-15 02:00:00,2026-01,2026-01-14 17:00:00,9,0.010000,0.012078
2026-01-15 03:00:00,2026-01,2026-01-14 17:00:00,10,0.010000,0.013769
2026-01-15 04:00:00,2026-01,2026-01-14 17:00:00,11,0.010000,0.014363
2026-01-15 05:00:00,2026-01,2026-01-14 17:00:00,12,0.010000,0.013776
2026-01-15 06:00:00,2026-01,2026-01-14 17:00:00,13,0.010000,0.013726
2026-01-15 07:00:00,2026-01,2026-01-14 17:00:00,14,0.010000,0.029229
2026-01-15 08:00:00,2026-01,2026-01-14 17:00:00,15,0.010000,0.040861
2026-01-15 09:00:00,2026-01,2026-01-14 17:00:00,16,0.020000,0.126271
2026-01-15 10:00:00,2026-01,2026-01-14 17:00:00,17,0.040000,0.116625
2026-01-15 11:00:00,2026-01,2026-01-14 17:00:00,18,0.083333,0.070958
2026-01-15 12:00:00,2026-01,2026-01-14 17:00:00,19,0.091667,0.033634
2026-01-15 13:00:00,2026-01,2026-01-14 17:00:00,20,0.063333,0.030159
2026-01-15 14:00:00,2026-01,2026-01-14 17:00:00,21,0.113333,0.033868
2026-01-15 15:00:00,2026-01,2026-01-14 17:00:00,22,0.208333,0.022187
2026-01-15 16:00:00,2026-01,2026-01-14 17:00:00,23,0.045000,0.023355
2026-01-15 17:00:00,2026-01,2026-01-14 17:00:00,24,0.010000,0.024564
2026-01-15 18:00:00,2026-01,2026-01-14 17:00:00,25,0.095000,0.022951
2026-01-15 19:00:00,2026-01,2026-01-14 17:00:00,26,0.138333,0.027745
2026-01-15 20:00:00,2026-01,2026-01-14 17:00:00,27,0.073333,0.024868
2026-01-15 21:00:00,2026-01,2026-01-14 17:00:00,28,0.050000,0.034212
2026-01-15 22:00:00,2026-01,2026-01-14 17:00:00,29,0.040000,0.052006
2026-01-15 23:00:00,2026-01,2026-01-14 17:00:00,30,0.013333,0.090005
2026-01-16 00:00:00,2026-01,2026-01-14 17:00:00,31,0.031667,0.118520
2026-01-16 01:00:00,2026-01,2026-01-14 17:00:00,32,0.020000,0.152510
2026-01-16 02:00:00,2026-01,2026-01-14 17:00:00,33,0.030000,0.180646
2026-01-16 03:00:00,2026-01,2026-01-14 17:00:00,34,0.071667,0.195282
2026-01-16 04:00:00,2026-01,2026-01-14 17:00:00,35,0.016667,0.221915
2026-01-16 05:00:00,2026-01,2026-01-14 17:00:00,36,0.048333,0.187496
2026-01-16 06:00:00,2026-01,2026-01-14 17:00:00,37,0.040000,0.182842
2026-01-16 07:00:00,2026-01,2026-01-14 17:00:00,38,0.090000,0.248619
2026-01-16 08:00:00,2026-01,2026-01-14 17:00:00,39,0.230000,0.366286
2026-01-16 09:00:00,2026-01,2026-01-14 17:00:00,40,0.383333,0.436956
2026-01-16 10:00:00,2026-01,2026-01-14 17:00:00,41,0.375000,0.516229
2026-01-16 11:00:00,2026-01,2026-01-14 17:00:00,42,0.446667,0.571782
2026-01-16 12:00:00,2026-01,2026-01-14 17:00:00,43,0.605000,0.590091
2026-01-16 13:00:00,2026-01,2026-01-14 17:00:00,44,0.766667,0.595297
2026-01-16 14:00:00,2026-01,2026-01-14 17:00:00,45,0.971667,0.656969
2026-01-16 15:00:00,2026-01,2026-01-14 17:00:00,46,0.928333,0.580249
2026-01-16 16:00:00,2026-01,2026-01-14 17:00:00,47,0.876667,0.635863
2026-01-16 17:00:00,2026-01,2026-01-14 17:00:00,48,0.850000,0.638460
2026-01-15 18:00:00,2026-01,2026-01-15 17:00:00,1,0.095000,0.033047
2026-01-15 19:00:00,2026-01,2026-01-15 17:00:00,2,0.138333,0.033059
2026-01-15 20:00:00,2026-01,2026-01-15 17:00:00,3,0.073333,0.031705
2026-01-15 21:00:00,2026-01,2026-01-15 17:00:00,4,0.050000,0.035308
2026-01-15 22:00:00,2026-01,2026-01-15 17:00:00,5,0.040000,0.037877
2026-01-15 23:00:00,2026-01,2026-01-15 17:00:00,6,0.013333,0.042804
2026-01-16 00:00:00,2026-01,2026-01-15 17:00:00,7,0.031667,0.044732
2026-01-16 01:00:00,2026-01,2026-01-15 17:00:00,8,0.020000,0.040424
2026-01-16 02:00:00,2026-01,2026-01-15 17:00:00,9,0.030000,0.048133
2026-01-16 03:00:00,2026-01,2026-01-15 17:00:00,10,0.071667,0.056968
2026-01-16 04:00:00,2026-01,2026-01-15 17:00:00,11,0.016667,0.089596
2026-01-16 05:00:00,2026-01,2026-01-15 17:00:00,12,0.048333,0.111849
2026-01-16 06:00:00,2026-01,2026-01-15 17:00:00,13,0.040000,0.141865
2026-01-16 07:00:00,2026-01,2026-01-15 17:00:00,14,0.090000,0.186669
2026-01-16 08:00:00,2026-01,2026-01-15 17:00:00,15,0.230000,0.237822
2026-01-16 09:00:00,2026-01,2026-01-15 17:00:00,16,0.383333,0.340172
2026-01-16 10:00:00,2026-01,2026-01-15 17:00:00,17,0.375000,0.551131
2026-01-16 11:00:00,2026-01,2026-01-15 17:00:00,18,0.446667,0.627448
2026-01-16 12:00:00,2026-01,2026-01-15 17:00:00,19,0.605000,0.706164
2026-01-16 13:00:00,2026-01,2026-01-15 17:00:00,20,0.766667,0.769470
2026-01-16 14:00:00,2026-01,2026-01-15 17:00:00,21,0.971667,0.829537
2026-01-16 15:00:00,2026-01,2026-01-15 17:00:00,22,0.928333,0.909382
2026-01-16 16:00:00,2026-01,2026-01-15 17:00:00,23,0.876667,0.941433
2026-01-16 17:00:00,2026-01,2026-01-15 17:00:00,24,0.850000,0.933867
2026-01-16 18:00:00,2026-01,2026-01-15 17:00:00,25,0.968333,0.951237
2026-01-16 19:00:00,2026-01,2026-01-15 17:00:00,26,0.960000,0.957164
2026-01-16 20:00:00,2026-01,2026-01-15 17:00:00,27,0.895000,0.959620
2026-01-16 21:00:00,2026-01,2026-01-15 17:00:00,28,0.825000,0.986476
2026-01-16 22:00:00,2026-01,2026-01-15 17:00:00,29,0.816667,0.987514
2026-01-16 23:00:00,2026-01,2026-01-15 17:00:00,30,0.903333,0.987531
2026-01-17 00:00:00,2026-01,2026-01-15 17:00:00,31,0.700000,0.987531
2026-01-17 01:00:00,2026-01,2026-01-15 17:00:00,32,0.620000,0.987525
2026-01-17 02:00:00,2026-01,2026-01-15 17:00:00,33,0.408333,0.987282
2026-01-17 03:00:00,2026-01,2026-01-15 17:00:00,34,0.418333,0.977653
2026-01-17 04:00:00,2026-01,2026-01-15 17:00:00,35,0.283333,0.894264
2026-01-17 05:00:00,2026-01,2026-01-15 17:00:00,36,0.131667,0.765272
2026-01-17 06:00:00,2026-01,2026-01-15 17:00:00,37,0.051667,0.562535
2026-01-17 07:00:00,2026-01,2026-01-15 17:00:00,38,0.063333,0.328273
2026-01-17 08:00:00,2026-01,2026-01-15 17:00:00,39,0.088333,0.245626
2026-01-17 09:00:00,2026-01,2026-01-15 17:00:00,40,0.053333,0.214217
2026-01-17 10:00:00,2026-01,2026-01-15 17:00:00,41,0.033333,0.178414
2026-01-17 11:00:00,2026-01,2026-01-15 17:00:00,42,0.010000,0.104895
2026-01-17 12:00:00,2026-01,2026-01-15 17:00:00,43,0.010000,0.081593
2026-01-17 13:00:00,2026-01,2026-01-15 17:00:00,44,0.028333,0.054468
2026-01-17 14:00:00,2026-01,2026-01-15 17:00:00,45,0.013333,0.050635
2026-01-17 15:00:00,2026-01,2026-01-15 17:00:00,46,0.010000,0.037916
2026-01-17 16:00:00,2026-01,2026-01-15 17:00:00,47,0.010000,0.030442
2026-01-17 17:00:00,2026-01,2026-01-15 17:00:00,48,0.010000,0.028389
2026-01-16 18:00:00,2026-01,2026-01-16 17:00:00,1,0.968333,0.985968
2026-01-16 19:00:00,2026-01,2026-01-16 17:00:00,2,0.960000,0.987877
2026-01-16 20:00:00,2026-01,2026-01-16 17:00:00,3,0.895000,0.987909
2026-01-16 21:00:00,2026-01,2026-01-16 17:00:00,4,0.825000,0.987545
2026-01-16 22:00:00,2026-01,2026-01-16 17:00:00,5,0.816667,0.987545
2026-01-16 23:00:00,2026-01,2026-01-16 17:00:00,6,0.903333,0.987493
2026-01-17 00:00:00,2026-01,2026-01-16 17:00:00,7,0.700000,0.987475
2026-01-17 01:00:00,2026-01,2026-01-16 17:00:00,8,0.620000,0.987591
2026-01-17 02:00:00,2026-01,2026-01-16 17:00:00,9,0.408333,0.984035
2026-01-17 03:00:00,2026-01,2026-01-16 17:00:00,10,0.418333,0.958999
2026-01-17 04:00:00,2026-01,2026-01-16 17:00:00,11,0.283333,0.861895
2026-01-17 05:00:00,2026-01,2026-01-16 17:00:00,12,0.131667,0.612485
2026-01-17 06:00:00,2026-01,2026-01-16 17:00:00,13,0.051667,0.496910
2026-01-17 07:00:00,2026-01,2026-01-16 17:00:00,14,0.063333,0.313301
2026-01-17 08:00:00,2026-01,2026-01-16 17:00:00,15,0.088333,0.266622
2026-01-17 09:00:00,2026-01,2026-01-16 17:00:00,16,0.053333,0.249690
2026-01-17 10:00:00,2026-01,2026-01-16 17:00:00,17,0.033333,0.186616
2026-01-17 11:00:00,2026-01,2026-01-16 17:00:00,18,0.010000,0.124610
2026-01-17 12:00:00,2026-01,2026-01-16 17:00:00,19,0.010000,0.089354
2026-01-17 13:00:00,2026-01,2026-01-16 17:00:00,20,0.028333,0.079026
2026-01-17 14:00:00,2026-01,2026-01-16 17:00:00,21,0.013333,0.062962
2026-01-17 15:00:00,2026-01,2026-01-16 17:00:00,22,0.010000,0.063911
2026-01-17 16:00:00,2026-01,2026-01-16 17:00:00,23,0.010000,0.052363
2026-01-17 17:00:00,2026-01,2026-01-16 17:00:00,24,0.010000,0.043702
2026-01-17 18:00:00,2026-01,2026-01-16 17:00:00,25,0.010000,0.032628
2026-01-17 19:00:00,2026-01,2026-01-16 17:00:00,26,0.010000,0.024293
2026-01-17 20:00:00,2026-01,2026-01-16 17:00:00,27,0.010000,0.021969
2026-01-17 21:00:00,2026-01,2026-01-16 17:00:00,28,0.010000,0.021035
2026-01-17 22:00:00,2026-01,2026-01-16 17:00:00,29,0.010000,0.020930
2026-01-17 23:00:00,2026-01,2026-01-16 17:00:00,30,0.010000,0.018998
2026-01-18 00:00:00,2026-01,2026-01-16 17:00:00,31,0.013333,0.022452
2026-01-18 01:00:00,2026-01,2026-01-16 17:00:00,32,0.010000,0.029541
2026-01-18 02:00:00,2026-01,2026-01-16 17:00:00,33,0.011667,0.028495
2026-01-18 03:00:00,2026-01,2026-01-16 17:00:00,34,0.096667,0.023428
2026-01-18 04:00:00,2026-01,2026-01-16 17:00:00,35,0.051667,0.035300
2026-01-18 05:00:00,2026-01,2026-01-16 17:00:00,36,0.153333,0.135401
2026-01-18 06:00:00,2026-01,2026-01-16 17:00:00,37,0.233333,0.209566
2026-01-18 07:00:00,2026-01,2026-01-16 17:00:00,38,0.351667,0.244458
2026-01-18 08:00:00,2026-01,2026-01-16 17:00:00,39,0.375000,0.254439
2026-01-18 09:00:00,2026-01,2026-01-16 17:00:00,40,0.231667,0.258823
2026-01-18 10:00:00,2026-01,2026-01-16 17:00:00,41,0.168333,0.259159
2026-01-18 11:00:00,2026-01,2026-01-16 17:00:00,42,0.120000,0.224088
2026-01-18 12:00:00,2026-01,2026-01-16 17:00:00,43,0.191667,0.157044
2026-01-18 13:00:00,2026-01,2026-01-16 17:00:00,44,0.203333,0.146949
2026-01-18 14:00:00,2026-01,2026-01-16 17:00:00,45,0.291667,0.177768
2026-01-18 15:00:00,2026-01,2026-01-16 17:00:00,46,0.306667,0.213618
2026-01-18 16:00:00,2026-01,2026-01-16 17:00:00,47,0.316667,0.247443
2026-01-18 17:00:00,2026-01,2026-01-16 17:00:00,48,0.225000,0.320406
2026-01-17 18:00:00,2026-01,2026-01-17 17:00:00,1,0.010000,0.029420
2026-01-17 19:00:00,2026-01,2026-01-17 17:00:00,2,0.010000,0.022195
2026-01-17 20:00:00,2026-01,2026-01-17 17:00:00,3,0.010000,0.020048
2026-01-17 21:00:00,2026-01,2026-01-17 17:00:00,4,0.010000,0.018469
2026-01-17 22:00:00,2026-01,2026-01-17 17:00:00,5,0.010000,0.017788
2026-01-17 23:00:00,2026-01,2026-01-17 17:00:00,6,0.010000,0.019287
2026-01-18 00:00:00,2026-01,2026-01-17 17:00:00,7,0.013333,0.020531
2026-01-18 01:00:00,2026-01,2026-01-17 17:00:00,8,0.010000,0.028104
2026-01-18 02:00:00,2026-01,2026-01-17 17:00:00,9,0.011667,0.029460
2026-01-18 03:00:00,2026-01,2026-01-17 17:00:00,10,0.096667,0.042613
2026-01-18 04:00:00,2026-01,2026-01-17 17:00:00,11,0.051667,0.059722
2026-01-18 05:00:00,2026-01,2026-01-17 17:00:00,12,0.153333,0.109256
2026-01-18 06:00:00,2026-01,2026-01-17 17:00:00,13,0.233333,0.146039
2026-01-18 07:00:00,2026-01,2026-01-17 17:00:00,14,0.351667,0.184743
2026-01-18 08:00:00,2026-01,2026-01-17 17:00:00,15,0.375000,0.183514
2026-01-18 09:00:00,2026-01,2026-01-17 17:00:00,16,0.231667,0.178067
2026-01-18 10:00:00,2026-01,2026-01-17 17:00:00,17,0.168333,0.177173
2026-01-18 11:00:00,2026-01,2026-01-17 17:00:00,18,0.120000,0.229858
2026-01-18 12:00:00,2026-01,2026-01-17 17:00:00,19,0.191667,0.273083
2026-01-18 13:00:00,2026-01,2026-01-17 17:00:00,20,0.203333,0.279611
2026-01-18 14:00:00,2026-01,2026-01-17 17:00:00,21,0.291667,0.294600
2026-01-18 15:00:00,2026-01,2026-01-17 17:00:00,22,0.306667,0.294899
2026-01-18 16:00:00,2026-01,2026-01-17 17:00:00,23,0.316667,0.314960
2026-01-18 17:00:00,2026-01,2026-01-17 17:00:00,24,0.225000,0.317312
2026-01-18 18:00:00,2026-01,2026-01-17 17:00:00,25,0.356667,0.355512
2026-01-18 19:00:00,2026-01,2026-01-17 17:00:00,26,0.615000,0.465990
2026-01-18 20:00:00,2026-01,2026-01-17 17:00:00,27,0.535000,0.561136
2026-01-18 21:00:00,2026-01,2026-01-17 17:00:00,28,0.391667,0.655624
2026-01-18 22:00:00,2026-01,2026-01-17 17:00:00,29,0.338333,0.736688
2026-01-18 23:00:00,2026-01,2026-01-17 17:00:00,30,0.470000,0.784007
2026-01-19 00:00:00,2026-01,2026-01-17 17:00:00,31,0.348333,0.800276
2026-01-19 01:00:00,2026-01,2026-01-17 17:00:00,32,0.135000,0.798194
2026-01-19 02:00:00,2026-01,2026-01-17 17:00:00,33,0.266667,0.787002
2026-01-19 03:00:00,2026-01,2026-01-17 17:00:00,34,0.315000,0.801820
2026-01-19 04:00:00,2026-01,2026-01-17 17:00:00,35,0.331667,0.793864
2026-01-19 05:00:00,2026-01,2026-01-17 17:00:00,36,0.286667,0.767792
2026-01-19 06:00:00,2026-01,2026-01-17 17:00:00,37,0.370000,0.706768
2026-01-19 07:00:00,2026-01,2026-01-17 17:00:00,38,0.356667,0.692580
2026-01-19 08:00:00,2026-01,2026-01-17 17:00:00,39,0.313333,0.680073
2026-01-19 09:00:00,2026-01,2026-01-17 17:00:00,40,0.288333,0.593569
2026-01-19 10:00:00,2026-01,2026-01-17 17:00:00,41,0.263333,0.471612
2026-01-19 11:00:00,2026-01,2026-01-17 17:00:00,42,0.228333,0.397354
2026-01-19 12:00:00,2026-01,2026-01-17 17:00:00,43,0.421667,0.192622
2026-01-19 13:00:00,2026-01,2026-01-17 17:00:00,44,0.361667,0.120542
2026-01-19 14:00:00,2026-01,2026-01-17 17:00:00,45,0.326667,0.112801
2026-01-19 15:00:00,2026-01,2026-01-17 17:00:00,46,0.033333,0.110472
2026-01-19 16:00:00,2026-01,2026-01-17 17:00:00,47,0.070000,0.110818
2026-01-19 17:00:00,2026-01,2026-01-17 17:00:00,48,0.015000,0.097568
2026-01-18 18:00:00,2026-01,2026-01-18 17:00:00,1,0.356667,0.430674
2026-01-18 19:00:00,2026-01,2026-01-18 17:00:00,2,0.615000,0.635922
2026-01-18 20:00:00,2026-01,2026-01-18 17:00:00,3,0.535000,0.701227
2026-01-18 21:00:00,2026-01,2026-01-18 17:00:00,4,0.391667,0.778361
2026-01-18 22:00:00,2026-01,2026-01-18 17:00:00,5,0.338333,0.801877
2026-01-18 23:00:00,2026-01,2026-01-18 17:00:00,6,0.470000,0.812534
2026-01-19 00:00:00,2026-01,2026-01-18 17:00:00,7,0.348333,0.801465
2026-01-19 01:00:00,2026-01,2026-01-18 17:00:00,8,0.135000,0.791037
2026-01-19 02:00:00,2026-01,2026-01-18 17:00:00,9,0.266667,0.768327
2026-01-19 03:00:00,2026-01,2026-01-18 17:00:00,10,0.315000,0.777632
2026-01-19 04:00:00,2026-01,2026-01-18 17:00:00,11,0.331667,0.822462
2026-01-19 05:00:00,2026-01,2026-01-18 17:00:00,12,0.286667,0.862437
2026-01-19 06:00:00,2026-01,2026-01-18 17:00:00,13,0.370000,0.801479
2026-01-19 07:00:00,2026-01,2026-01-18 17:00:00,14,0.356667,0.783967
2026-01-19 08:00:00,2026-01,2026-01-18 17:00:00,15,0.313333,0.691558
2026-01-19 09:00:00,2026-01,2026-01-18 17:00:00,16,0.288333,0.689054
2026-01-19 10:00:00,2026-01,2026-01-18 17:00:00,17,0.263333,0.546272
2026-01-19 11:00:00,2026-01,2026-01-18 17:00:00,18,0.228333,0.414110
2026-01-19 12:00:00,2026-01,2026-01-18 17:00:00,19,0.421667,0.230281
2026-01-19 13:00:00,2026-01,2026-01-18 17:00:00,20,0.361667,0.138104
2026-01-19 14:00:00,2026-01,2026-01-18 17:00:00,21,0.326667,0.120863
2026-01-19 15:00:00,2026-01,2026-01-18 17:00:00,22,0.033333,0.107828
2026-01-19 16:00:00,2026-01,2026-01-18 17:00:00,23,0.070000,0.103460
2026-01-19 17:00:00,2026-01,2026-01-18 17:00:00,24,0.015000,0.096963
2026-01-19 18:00:00,2026-01,2026-01-18 17:00:00,25,0.010000,0.086216
2026-01-19 19:00:00,2026-01,2026-01-18 17:00:00,26,0.010000,0.091993
2026-01-19 20:00:00,2026-01,2026-01-18 17:00:00,27,0.010000,0.103649
2026-01-19 21:00:00,2026-01,2026-01-18 17:00:00,28,0.010000,0.104632
2026-01-19 22:00:00,2026-01,2026-01-18 17:00:00,29,0.013333,0.098200
2026-01-19 23:00:00,2026-01,2026-01-18 17:00:00,30,0.108333,0.098039
2026-01-20 00:00:00,2026-01,2026-01-18 17:00:00,31,0.035000,0.077990
2026-01-20 01:00:00,2026-01,2026-01-18 17:00:00,32,0.010000,0.066537
2026-01-20 02:00:00,2026-01,2026-01-18 17:00:00,33,0.010000,0.041426
2026-01-20 03:00:00,2026-01,2026-01-18 17:00:00,34,0.010000,0.023908
2026-01-20 04:00:00,2026-01,2026-01-18 17:00:00,35,0.018333,0.024537
2026-01-20 05:00:00,2026-01,2026-01-18 17:00:00,36,0.051667,0.015762
2026-01-20 06:00:00,2026-01,2026-01-18 17:00:00,37,0.018333,0.011899
2026-01-20 07:00:00,2026-01,2026-01-18 17:00:00,38,0.030000,0.011562
2026-01-20 08:00:00,2026-01,2026-01-18 17:00:00,39,0.093333,0.011588
2026-01-20 09:00:00,2026-01,2026-01-18 17:00:00,40,0.035000,0.013210
2026-01-20 10:00:00,2026-01,2026-01-18 17:00:00,41,0.013333,0.012971
2026-01-20 11:00:00,2026-01,2026-01-18 17:00:00,42,0.010000,0.012971
2026-01-20 12:00:00,2026-01,2026-01-18 17:00:00,43,0.010000,0.013543
2026-01-20 13:00:00,2026-01,2026-01-18 17:00:00,44,0.010000,0.013022
2026-01-20 14:00:00,2026-01,2026-01-18 17:00:00,45,0.010000,0.016327
2026-01-20 15:00:00,2026-01,2026-01-18 17:00:00,46,0.010000,0.021317
2026-01-20 16:00:00,2026-01,2026-01-18 17:00:00,47,0.041667,0.038704
2026-01-20 17:00:00,2026-01,2026-01-18 17:00:00,48,0.183333,0.050325
2026-01-19 18:00:00,2026-01,2026-01-19 17:00:00,1,0.010000,0.069359
2026-01-19 19:00:00,2026-01,2026-01-19 17:00:00,2,0.010000,0.065900
2026-01-19 20:00:00,2026-01,2026-01-19 17:00:00,3,0.010000,0.067066
2026-01-19 21:00:00,2026-01,2026-01-19 17:00:00,4,0.010000,0.064993
2026-01-19 22:00:00,2026-01,2026-01-19 17:00:00,5,0.013333,0.058357
2026-01-19 23:00:00,2026-01,2026-01-19 17:00:00,6,0.108333,0.056127
2026-01-20 00:00:00,2026-01,2026-01-19 17:00:00,7,0.035000,0.031452
2026-01-20 01:00:00,2026-01,2026-01-19 17:00:00,8,0.010000,0.017502
2026-01-20 02:00:00,2026-01,2026-01-19 17:00:00,9,0.010000,0.026262
2026-01-20 03:00:00,2026-01,2026-01-19 17:00:00,10,0.010000,0.026908
2026-01-20 04:00:00,2026-01,2026-01-19 17:00:00,11,0.018333,0.015292
2026-01-20 05:00:00,2026-01,2026-01-19 17:00:00,12,0.051667,0.012145
2026-01-20 06:00:00,2026-01,2026-01-19 17:00:00,13,0.018333,0.012574
2026-01-20 07:00:00,2026-01,2026-01-19 17:00:00,14,0.030000,0.012085
2026-01-20 08:00:00,2026-01,2026-01-19 17:00:00,15,0.093333,0.011358
2026-01-20 09:00:00,2026-01,2026-01-19 17:00:00,16,0.035000,0.011807
2026-01-20 10:00:00,2026-01,2026-01-19 17:00:00,17,0.013333,0.013218
2026-01-20 11:00:00,2026-01,2026-01-19 17:00:00,18,0.010000,0.012709
2026-01-20 12:00:00,2026-01,2026-01-19 17:00:00,19,0.010000,0.015298
2026-01-20 13:00:00,2026-01,2026-01-19 17:00:00,20,0.010000,0.016816
2026-01-20 14:00:00,2026-01,2026-01-19 17:00:00,21,0.010000,0.017118
2026-01-20 15:00:00,2026-01,2026-01-19 17:00:00,22,0.010000,0.034804
2026-01-20 16:00:00,2026-01,2026-01-19 17:00:00,23,0.041667,0.061447
2026-01-20 17:00:00,2026-01,2026-01-19 17:00:00,24,0.183333,0.198524
2026-01-20 18:00:00,2026-01,2026-01-19 17:00:00,25,0.273333,0.275898
2026-01-20 19:00:00,2026-01,2026-01-19 17:00:00,26,0.260000,0.464624
2026-01-20 20:00:00,2026-01,2026-01-19 17:00:00,27,0.391667,0.684760
2026-01-20 21:00:00,2026-01,2026-01-19 17:00:00,28,0.673333,0.786064
2026-01-20 22:00:00,2026-01,2026-01-19 17:00:00,29,0.801667,0.825230
2026-01-20 23:00:00,2026-01,2026-01-19 17:00:00,30,0.946667,0.888141
2026-01-21 00:00:00,2026-01,2026-01-19 17:00:00,31,0.886667,0.886437
2026-01-21 01:00:00,2026-01,2026-01-19 17:00:00,32,0.993333,0.888397
2026-01-21 02:00:00,2026-01,2026-01-19 17:00:00,33,0.990000,0.886352
2026-01-21 03:00:00,2026-01,2026-01-19 17:00:00,34,0.990000,0.884554
2026-01-21 04:00:00,2026-01,2026-01-19 17:00:00,35,0.946667,0.903852
2026-01-21 05:00:00,2026-01,2026-01-19 17:00:00,36,0.990000,0.974819
2026-01-21 06:00:00,2026-01,2026-01-19 17:00:00,37,0.990000,0.977766
2026-01-21 07:00:00,2026-01,2026-01-19 17:00:00,38,0.988333,0.975764
2026-01-21 08:00:00,2026-01,2026-01-19 17:00:00,39,0.988333,0.967043
2026-01-21 09:00:00,2026-01,2026-01-19 17:00:00,40,0.958333,0.962797
2026-01-21 10:00:00,2026-01,2026-01-19 17:00:00,41,0.988333,0.913839
2026-01-21 11:00:00,2026-01,2026-01-19 17:00:00,42,0.980000,0.869876
2026-01-21 12:00:00,2026-01,2026-01-19 17:00:00,43,0.361667,0.783257
2026-01-21 13:00:00,2026-01,2026-01-19 17:00:00,44,0.060000,0.755624
2026-01-21 14:00:00,2026-01,2026-01-19 17:00:00,45,0.216667,0.758463
2026-01-21 15:00:00,2026-01,2026-01-19 17:00:00,46,0.186667,0.790934
2026-01-21 16:00:00,2026-01,2026-01-19 17:00:00,47,0.178333,0.787036
2026-01-21 17:00:00,2026-01,2026-01-19 17:00:00,48,0.328333,0.750604
2026-01-20 18:00:00,2026-01,2026-01-20 17:00:00,1,0.273333,0.312258
2026-01-20 19:00:00,2026-01,2026-01-20 17:00:00,2,0.260000,0.566456
2026-01-20 20:00:00,2026-01,2026-01-20 17:00:00,3,0.391667,0.754794
2026-01-20 21:00:00,2026-01,2026-01-20 17:00:00,4,0.673333,0.827042
2026-01-20 22:00:00,2026-01,2026-01-20 17:00:00,5,0.801667,0.840307
2026-01-20 23:00:00,2026-01,2026-01-20 17:00:00,6,0.946667,0.881359
2026-01-21 00:00:00,2026-01,2026-01-20 17:00:00,7,0.886667,0.882999
2026-01-21 01:00:00,2026-01,2026-01-20 17:00:00,8,0.993333,0.883117
2026-01-21 02:00:00,2026-01,2026-01-20 17:00:00,9,0.990000,0.883379
2026-01-21 03:00:00,2026-01,2026-01-20 17:00:00,10,0.990000,0.898399
2026-01-21 04:00:00,2026-01,2026-01-20 17:00:00,11,0.946667,0.928937
2026-01-21 05:00:00,2026-01,2026-01-20 17:00:00,12,0.990000,0.975503
2026-01-21 06:00:00,2026-01,2026-01-20 17:00:00,13,0.990000,0.985459
2026-01-21 07:00:00,2026-01,2026-01-20 17:00:00,14,0.988333,0.979965
2026-01-21 08:00:00,2026-01,2026-01-20 17:00:00,15,0.988333,0.973604
2026-01-21 09:00:00,2026-01,2026-01-20 17:00:00,16,0.958333,0.970795
2026-01-21 10:00:00,2026-01,2026-01-20 17:00:00,17,0.988333,0.931182
2026-01-21 11:00:00,2026-01,2026-01-20 17:00:00,18,0.980000,0.866057
2026-01-21 12:00:00,2026-01,2026-01-20 17:00:00,19,0.361667,0.815451
2026-01-21 13:00:00,2026-01,2026-01-20 17:00:00,20,0.060000,0.834111
2026-01-21 14:00:00,2026-01,2026-01-20 17:00:00,21,0.216667,0.842356
2026-01-21 15:00:00,2026-01,2026-01-20 17:00:00,22,0.186667,0.847854
2026-01-21 16:00:00,2026-01,2026-01-20 17:00:00,23,0.178333,0.833710
2026-01-21 17:00:00,2026-01,2026-01-20 17:00:00,24,0.328333,0.823388
2026-01-21 18:00:00,2026-01,2026-01-20 17:00:00,25,0.440000,0.740620
2026-01-21 19:00:00,2026-01,2026-01-20 17:00:00,26,0.548333,0.723294
2026-01-21 20:00:00,2026-01,2026-01-20 17:00:00,27,0.398333,0.622920
2026-01-21 21:00:00,2026-01,2026-01-20 17:00:00,28,0.456667,0.427387
2026-01-21 22:00:00,2026-01,2026-01-20 17:00:00,29,0.275000,0.188765
2026-01-21 23:00:00,2026-01,2026-01-20 17:00:00,30,0.431667,0.171620
2026-01-22 00:00:00,2026-01,2026-01-20 17:00:00,31,0.095000,0.124498
2026-01-22 01:00:00,2026-01,2026-01-20 17:00:00,32,0.033333,0.125171
2026-01-22 02:00:00,2026-01,2026-01-20 17:00:00,33,0.010000,0.143130
2026-01-22 03:00:00,2026-01,2026-01-20 17:00:00,34,0.033333,0.185436
2026-01-22 04:00:00,2026-01,2026-01-20 17:00:00,35,0.016667,0.170356
2026-01-22 05:00:00,2026-01,2026-01-20 17:00:00,36,0.011667,0.179425
2026-01-22 06:00:00,2026-01,2026-01-20 17:00:00,37,0.010000,0.217935
2026-01-22 07:00:00,2026-01,2026-01-20 17:00:00,38,0.156667,0.127701
2026-01-22 08:00:00,2026-01,2026-01-20 17:00:00,39,0.320000,0.150539
2026-01-22 09:00:00,2026-01,2026-01-20 17:00:00,40,0.301667,0.279720
2026-01-22 10:00:00,2026-01,2026-01-20 17:00:00,41,0.508333,0.508137
2026-01-22 11:00:00,2026-01,2026-01-20 17:00:00,42,0.471667,0.772633
2026-01-22 12:00:00,2026-01,2026-01-20 17:00:00,43,0.451667,0.852393
2026-01-22 13:00:00,2026-01,2026-01-20 17:00:00,44,0.706667,0.940140
2026-01-22 14:00:00,2026-01,2026-01-20 17:00:00,45,0.758333,0.959376
2026-01-22 15:00:00,2026-01,2026-01-20 17:00:00,46,0.698333,0.956072
2026-01-22 16:00:00,2026-01,2026-01-20 17:00:00,47,0.970000,0.952077
2026-01-22 17:00:00,2026-01,2026-01-20 17:00:00,48,0.988333,0.951329
2026-01-21 18:00:00,2026-01,2026-01-21 17:00:00,1,0.440000,0.633707
2026-01-21 19:00:00,2026-01,2026-01-21 17:00:00,2,0.548333,0.642623
2026-01-21 20:00:00,2026-01,2026-01-21 17:00:00,3,0.398333,0.564319
2026-01-21 21:00:00,2026-01,2026-01-21 17:00:00,4,0.456667,0.295622
2026-01-21 22:00:00,2026-01,2026-01-21 17:00:00,5,0.275000,0.196739
2026-01-21 23:00:00,2026-01,2026-01-21 17:00:00,6,0.431667,0.205462
2026-01-22 00:00:00,2026-01,2026-01-21 17:00:00,7,0.095000,0.172933
2026-01-22 01:00:00,2026-01,2026-01-21 17:00:00,8,0.033333,0.141235
2026-01-22 02:00:00,2026-01,2026-01-21 17:00:00,9,0.010000,0.136205
2026-01-22 03:00:00,2026-01,2026-01-21 17:00:00,10,0.033333,0.159540
2026-01-22 04:00:00,2026-01,2026-01-21 17:00:00,11,0.016667,0.160271
2026-01-22 05:00:00,2026-01,2026-01-21 17:00:00,12,0.011667,0.178006
2026-01-22 06:00:00,2026-01,2026-01-21 17:00:00,13,0.010000,0.134018
2026-01-22 07:00:00,2026-01,2026-01-21 17:00:00,14,0.156667,0.086635
2026-01-22 08:00:00,2026-01,2026-01-21 17:00:00,15,0.320000,0.104316
2026-01-22 09:00:00,2026-01,2026-01-21 17:00:00,16,0.301667,0.271425
2026-01-22 10:00:00,2026-01,2026-01-21 17:00:00,17,0.508333,0.475132
2026-01-22 11:00:00,2026-01,2026-01-21 17:00:00,18,0.471667,0.733165
2026-01-22 12:00:00,2026-01,2026-01-21 17:00:00,19,0.451667,0.810418
2026-01-22 13:00:00,2026-01,2026-01-21 17:00:00,20,0.706667,0.878507
2026-01-22 14:00:00,2026-01,2026-01-21 17:00:00,21,0.758333,0.938566
2026-01-22 15:00:00,2026-01,2026-01-21 17:00:00,22,0.698333,0.970359
2026-01-22 16:00:00,2026-01,2026-01-21 17:00:00,23,0.970000,0.977495
2026-01-22 17:00:00,2026-01,2026-01-21 17:00:00,24,0.988333,0.976464
2026-01-22 18:00:00,2026-01,2026-01-21 17:00:00,25,0.990000,0.979100
2026-01-22 19:00:00,2026-01,2026-01-21 17:00:00,26,0.990000,0.970378
2026-01-22 20:00:00,2026-01,2026-01-21 17:00:00,27,0.985000,0.926989
2026-01-22 21:00:00,2026-01,2026-01-21 17:00:00,28,0.833333,0.801930
2026-01-22 22:00:00,2026-01,2026-01-21 17:00:00,29,0.456667,0.715567
2026-01-22 23:00:00,2026-01,2026-01-21 17:00:00,30,0.423333,0.614420
2026-01-23 00:00:00,2026-01,2026-01-21 17:00:00,31,0.456667,0.609442
2026-01-23 01:00:00,2026-01,2026-01-21 17:00:00,32,0.300000,0.542104
2026-01-23 02:00:00,2026-01,2026-01-21 17:00:00,33,0.720000,0.339603
2026-01-23 03:00:00,2026-01,2026-01-21 17:00:00,34,0.833333,0.227404
2026-01-23 04:00:00,2026-01,2026-01-21 17:00:00,35,0.905000,0.209472
2026-01-23 05:00:00,2026-01,2026-01-21 17:00:00,36,0.503333,0.220840
2026-01-23 06:00:00,2026-01,2026-01-21 17:00:00,37,0.233333,0.187125
2026-01-23 07:00:00,2026-01,2026-01-21 17:00:00,38,0.125000,0.184877
2026-01-23 08:00:00,2026-01,2026-01-21 17:00:00,39,0.171667,0.191844
2026-01-23 09:00:00,2026-01,2026-01-21 17:00:00,40,0.301667,0.216433
2026-01-23 10:00:00,2026-01,2026-01-21 17:00:00,41,0.650000,0.225851
2026-01-23 11:00:00,2026-01,2026-01-21 17:00:00,42,0.523333,0.220428
2026-01-23 12:00:00,2026-01,2026-01-21 17:00:00,43,0.363333,0.202108
2026-01-23 13:00:00,2026-01,2026-01-21 17:00:00,44,0.151667,0.191659
2026-01-23 14:00:00,2026-01,2026-01-21 17:00:00,45,0.073333,0.205265
2026-01-23 15:00:00,2026-01,2026-01-21 17:00:00,46,0.023333,0.221192
2026-01-23 16:00:00,2026-01,2026-01-21 17:00:00,47,0.038333,0.192666
2026-01-23 17:00:00,2026-01,2026-01-21 17:00:00,48,0.010000,0.159689
2026-01-22 18:00:00,2026-01,2026-01-22 17:00:00,1,0.990000,0.979072
2026-01-22 19:00:00,2026-01,2026-01-22 17:00:00,2,0.990000,0.970271
2026-01-22 20:00:00,2026-01,2026-01-22 17:00:00,3,0.985000,0.955385
2026-01-22 21:00:00,2026-01,2026-01-22 17:00:00,4,0.833333,0.910536
2026-01-22 22:00:00,2026-01,2026-01-22 17:00:00,5,0.456667,0.836367
2026-01-22 23:00:00,2026-01,2026-01-22 17:00:00,6,0.423333,0.754949
2026-01-23 00:00:00,2026-01,2026-01-22 17:00:00,7,0.456667,0.649834
2026-01-23 01:00:00,2026-01,2026-01-22 17:00:00,8,0.300000,0.591449
2026-01-23 02:00:00,2026-01,2026-01-22 17:00:00,9,0.720000,0.527698
2026-01-23 03:00:00,2026-01,2026-01-22 17:00:00,10,0.833333,0.451688
2026-01-23 04:00:00,2026-01,2026-01-22 17:00:00,11,0.905000,0.356937
2026-01-23 05:00:00,2026-01,2026-01-22 17:00:00,12,0.503333,0.333246
2026-01-23 06:00:00,2026-01,2026-01-22 17:00:00,13,0.233333,0.402730
2026-01-23 07:00:00,2026-01,2026-01-22 17:00:00,14,0.125000,0.351475
2026-01-23 08:00:00,2026-01,2026-01-22 17:00:00,15,0.171667,0.290032
2026-01-23 09:00:00,2026-01,2026-01-22 17:00:00,16,0.301667,0.251022
2026-01-23 10:00:00,2026-01,2026-01-22 17:00:00,17,0.650000,0.234377
2026-01-23 11:00:00,2026-01,2026-01-22 17:00:00,18,0.523333,0.259781
2026-01-23 12:00:00,2026-01,2026-01-22 17:00:00,19,0.363333,0.335519
2026-01-23 13:00:00,2026-01,2026-01-22 17:00:00,20,0.151667,0.326583
2026-01-23 14:00:00,2026-01,2026-01-22 17:00:00,21,0.073333,0.321606
2026-01-23 15:00:00,2026-01,2026-01-22 17:00:00,22,0.023333,0.263502
2026-01-23 16:00:00,2026-01,2026-01-22 17:00:00,23,0.038333,0.223327
2026-01-23 17:00:00,2026-01,2026-01-22 17:00:00,24,0.010000,0.216756
2026-01-23 18:00:00,2026-01,2026-01-22 17:00:00,25,0.010000,0.151264
2026-01-23 19:00:00,2026-01,2026-01-22 17:00:00,26,0.010000,0.105903
2026-01-23 20:00:00,2026-01,2026-01-22 17:00:00,27,0.010000,0.070096
2026-01-23 21:00:00,2026-01,2026-01-22 17:00:00,28,0.010000,0.067811
2026-01-23 22:00:00,2026-01,2026-01-22 17:00:00,29,0.010000,0.151347
2026-01-23 23:00:00,2026-01,2026-01-22 17:00:00,30,0.010000,0.246304
2026-01-24 00:00:00,2026-01,2026-01-22 17:00:00,31,0.033333,0.364279
2026-01-24 01:00:00,2026-01,2026-01-22 17:00:00,32,0.108333,0.638595
2026-01-24 02:00:00,2026-01,2026-01-22 17:00:00,33,0.710000,0.704108
2026-01-24 03:00:00,2026-01,2026-01-22 17:00:00,34,0.971667,0.886898
2026-01-24 04:00:00,2026-01,2026-01-22 17:00:00,35,0.990000,0.978704
2026-01-24 05:00:00,2026-01,2026-01-22 17:00:00,36,0.990000,0.984099
2026-01-24 06:00:00,2026-01,2026-01-22 17:00:00,37,0.853333,0.986026
2026-01-24 07:00:00,2026-01,2026-01-22 17:00:00,38,0.990000,0.987638
2026-01-24 08:00:00,2026-01,2026-01-22 17:00:00,39,0.990000,0.987145
2026-01-24 09:00:00,2026-01,2026-01-22 17:00:00,40,0.986667,0.986136
2026-01-24 10:00:00,2026-01,2026-01-22 17:00:00,41,0.988333,0.985633
2026-01-24 11:00:00,2026-01,2026-01-22 17:00:00,42,0.990000,0.985679
2026-01-24 12:00:00,2026-01,2026-01-22 17:00:00,43,0.990000,0.983970
2026-01-24 13:00:00,2026-01,2026-01-22 17:00:00,44,0.948333,0.981711
2026-01-24 14:00:00,2026-01,2026-01-22 17:00:00,45,0.970000,0.977945
2026-01-24 15:00:00,2026-01,2026-01-22 17:00:00,46,0.990000,0.974474
2026-01-24 16:00:00,2026-01,2026-01-22 17:00:00,47,0.960000,0.973347
2026-01-24 17:00:00,2026-01,2026-01-22 17:00:00,48,0.971667,0.969713
2026-01-23 18:00:00,2026-01,2026-01-23 17:00:00,1,0.010000,0.041704
2026-01-23 19:00:00,2026-01,2026-01-23 17:00:00,2,0.010000,0.041455
2026-01-23 20:00:00,2026-01,2026-01-23 17:00:00,3,0.010000,0.040914
2026-01-23 21:00:00,2026-01,2026-01-23 17:00:00,4,0.010000,0.052623
2026-01-23 22:00:00,2026-01,2026-01-23 17:00:00,5,0.010000,0.199648
2026-01-23 23:00:00,2026-01,2026-01-23 17:00:00,6,0.010000,0.356029
2026-01-24 00:00:00,2026-01,2026-01-23 17:00:00,7,0.033333,0.692527
2026-01-24 01:00:00,2026-01,2026-01-23 17:00:00,8,0.108333,0.796021
2026-01-24 02:00:00,2026-01,2026-01-23 17:00:00,9,0.710000,0.912015
2026-01-24 03:00:00,2026-01,2026-01-23 17:00:00,10,0.971667,0.963459
2026-01-24 04:00:00,2026-01,2026-01-23 17:00:00,11,0.990000,0.988455
2026-01-24 05:00:00,2026-01,2026-01-23 17:00:00,12,0.990000,0.980770
2026-01-24 06:00:00,2026-01,2026-01-23 17:00:00,13,0.853333,0.983296
2026-01-24 07:00:00,2026-01,2026-01-23 17:00:00,14,0.990000,0.983030
2026-01-24 08:00:00,2026-01,2026-01-23 17:00:00,15,0.990000,0.983728
2026-01-24 09:00:00,2026-01,2026-01-23 17:00:00,16,0.986667,0.985443
2026-01-24 10:00:00,2026-01,2026-01-23 17:00:00,17,0.988333,0.983681
2026-01-24 11:00:00,2026-01,2026-01-23 17:00:00,18,0.990000,0.984450
2026-01-24 12:00:00,2026-01,2026-01-23 17:00:00,19,0.990000,0.984382
2026-01-24 13:00:00,2026-01,2026-01-23 17:00:00,20,0.948333,0.983159
2026-01-24 14:00:00,2026-01,2026-01-23 17:00:00,21,0.970000,0.981558
2026-01-24 15:00:00,2026-01,2026-01-23 17:00:00,22,0.990000,0.974577
2026-01-24 16:00:00,2026-01,2026-01-23 17:00:00,23,0.960000,0.975281
2026-01-24 17:00:00,2026-01,2026-01-23 17:00:00,24,0.971667,0.973907
2026-01-24 18:00:00,2026-01,2026-01-23 17:00:00,25,0.976667,0.919756
2026-01-24 19:00:00,2026-01,2026-01-23 17:00:00,26,0.638333,0.881702
2026-01-24 20:00:00,2026-01,2026-01-23 17:00:00,27,0.295000,0.809342
2026-01-24 21:00:00,2026-01,2026-01-23 17:00:00,28,0.495000,0.651673
2026-01-24 22:00:00,2026-01,2026-01-23 17:00:00,29,0.553333,0.515831
2026-01-24 23:00:00,2026-01,2026-01-23 17:00:00,30,0.131667,0.351160
2026-01-25 00:00:00,2026-01,2026-01-23 17:00:00,31,0.023333,0.124091
2026-01-25 01:00:00,2026-01,2026-01-23 17:00:00,32,0.358333,0.104941
2026-01-25 02:00:00,2026-01,2026-01-23 17:00:00,33,0.353333,0.044238
2026-01-25 03:00:00,2026-01,2026-01-23 17:00:00,34,0.146667,0.033042
2026-01-25 04:00:00,2026-01,2026-01-23 17:00:00,35,0.066667,0.022951
2026-01-25 05:00:00,2026-01,2026-01-23 17:00:00,36,0.008333,0.026442
2026-01-25 06:00:00,2026-01,2026-01-23 17:00:00,37,0.010000,0.026442
2026-01-25 07:00:00,2026-01,2026-01-23 17:00:00,38,0.010000,0.043241
2026-01-25 08:00:00,2026-01,2026-01-23 17:00:00,39,0.010000,0.042426
2026-01-25 09:00:00,2026-01,2026-01-23 17:00:00,40,0.010000,0.076120
2026-01-25 10:00:00,2026-01,2026-01-23 17:00:00,41,0.010000,0.111678
2026-01-25 11:00:00,2026-01,2026-01-23 17:00:00,42,0.010000,0.229886
2026-01-25 12:00:00,2026-01,2026-01-23 17:00:00,43,0.010000,0.287278
2026-01-25 13:00:00,2026-01,2026-01-23 17:00:00,44,0.036667,0.277953
2026-01-25 14:00:00,2026-01,2026-01-23 17:00:00,45,0.148333,0.212626
2026-01-25 15:00:00,2026-01,2026-01-23 17:00:00,46,0.201667,0.132257
2026-01-25 16:00:00,2026-01,2026-01-23 17:00:00,47,0.336667,0.053325
2026-01-25 17:00:00,2026-01,2026-01-23 17:00:00,48,0.610000,0.036016
2026-01-24 18:00:00,2026-01,2026-01-24 17:00:00,1,0.976667,0.900036
2026-01-24 19:00:00,2026-01,2026-01-24 17:00:00,2,0.638333,0.854241
2026-01-24 20:00:00,2026-01,2026-01-24 17:00:00,3,0.295000,0.809040
2026-01-24 21:00:00,2026-01,2026-01-24 17:00:00,4,0.495000,0.643700
2026-01-24 22:00:00,2026-01,2026-01-24 17:00:00,5,0.553333,0.369456
2026-01-24 23:00:00,2026-01,2026-01-24 17:00:00,6,0.131667,0.159068
2026-01-25 00:00:00,2026-01,2026-01-24 17:00:00,7,0.023333,0.130892
2026-01-25 01:00:00,2026-01,2026-01-24 17:00:00,8,0.358333,0.060701
2026-01-25 02:00:00,2026-01,2026-01-24 17:00:00,9,0.353333,0.021522
2026-01-25 03:00:00,2026-01,2026-01-24 17:00:00,10,0.146667,0.013645
2026-01-25 04:00:00,2026-01,2026-01-24 17:00:00,11,0.066667,0.012052
2026-01-25 05:00:00,2026-01,2026-01-24 17:00:00,12,0.008333,0.011442
2026-01-25 06:00:00,2026-01,2026-01-24 17:00:00,13,0.010000,0.013731
2026-01-25 07:00:00,2026-01,2026-01-24 17:00:00,14,0.010000,0.016213
2026-01-25 08:00:00,2026-01,2026-01-24 17:00:00,15,0.010000,0.014925
2026-01-25 09:00:00,2026-01,2026-01-24 17:00:00,16,0.010000,0.023141
2026-01-25 10:00:00,2026-01,2026-01-24 17:00:00,17,0.010000,0.076585
2026-01-25 11:00:00,2026-01,2026-01-24 17:00:00,18,0.010000,0.097420
2026-01-25 12:00:00,2026-01,2026-01-24 17:00:00,19,0.010000,0.091073
2026-01-25 13:00:00,2026-01,2026-01-24 17:00:00,20,0.036667,0.062350
2026-01-25 14:00:00,2026-01,2026-01-24 17:00:00,21,0.148333,0.042398
2026-01-25 15:00:00,2026-01,2026-01-24 17:00:00,22,0.201667,0.021806
2026-01-25 16:00:00,2026-01,2026-01-24 17:00:00,23,0.336667,0.022419
2026-01-25 17:00:00,2026-01,2026-01-24 17:00:00,24,0.610000,0.029447
2026-01-25 18:00:00,2026-01,2026-01-24 17:00:00,25,0.268333,0.029666
2026-01-25 19:00:00,2026-01,2026-01-24 17:00:00,26,0.228333,0.088416
2026-01-25 20:00:00,2026-01,2026-01-24 17:00:00,27,0.295000,0.160214
2026-01-25 21:00:00,2026-01,2026-01-24 17:00:00,28,0.306667,0.221490
2026-01-25 22:00:00,2026-01,2026-01-24 17:00:00,29,0.276667,0.395237
2026-01-25 23:00:00,2026-01,2026-01-24 17:00:00,30,0.603333,0.510812
2026-01-26 00:00:00,2026-01,2026-01-24 17:00:00,31,0.291667,0.581835
2026-01-26 01:00:00,2026-01,2026-01-24 17:00:00,32,0.273333,0.602656
2026-01-26 02:00:00,2026-01,2026-01-24 17:00:00,33,0.313333,0.582894
2026-01-26 03:00:00,2026-01,2026-01-24 17:00:00,34,0.238333,0.615632
2026-01-26 04:00:00,2026-01,2026-01-24 17:00:00,35,0.243333,0.685974
2026-01-26 05:00:00,2026-01,2026-01-24 17:00:00,36,0.476667,0.723706
2026-01-26 06:00:00,2026-01,2026-01-24 17:00:00,37,0.798333,0.832773
2026-01-26 07:00:00,2026-01,2026-01-24 17:00:00,38,0.793333,0.910321
2026-01-26 08:00:00,2026-01,2026-01-24 17:00:00,39,0.760000,0.933717
2026-01-26 09:00:00,2026-01,2026-01-24 17:00:00,40,0.671667,0.963438
2026-01-26 10:00:00,2026-01,2026-01-24 17:00:00,41,0.613333,0.962960
2026-01-26 11:00:00,2026-01,2026-01-24 17:00:00,42,0.400000,0.895712
2026-01-26 12:00:00,2026-01,2026-01-24 17:00:00,43,0.500000,0.807367
2026-01-26 13:00:00,2026-01,2026-01-24 17:00:00,44,0.775000,0.711031
2026-01-26 14:00:00,2026-01,2026-01-24 17:00:00,45,0.298333,0.617985
2026-01-26 15:00:00,2026-01,2026-01-24 17:00:00,46,0.168333,0.528031
2026-01-26 16:00:00,2026-01,2026-01-24 17:00:00,47,0.698333,0.486913
2026-01-26 17:00:00,2026-01,2026-01-24 17:00:00,48,0.900000,0.440875
2026-01-25 18:00:00,2026-01,2026-01-25 17:00:00,1,0.268333,0.034572
2026-01-25 19:00:00,2026-01,2026-01-25 17:00:00,2,0.228333,0.105354
2026-01-25 20:00:00,2026-01,2026-01-25 17:00:00,3,0.295000,0.171352
2026-01-25 21:00:00,2026-01,2026-01-25 17:00:00,4,0.306667,0.285004
2026-01-25 22:00:00,2026-01,2026-01-25 17:00:00,5,0.276667,0.475198
2026-01-25 23:00:00,2026-01,2026-01-25 17:00:00,6,0.603333,0.560704
2026-01-26 00:00:00,2026-01,2026-01-25 17:00:00,7,0.291667,0.600257
2026-01-26 01:00:00,2026-01,2026-01-25 17:00:00,8,0.273333,0.618602
2026-01-26 02:00:00,2026-01,2026-01-25 17:00:00,9,0.313333,0.619486
2026-01-26 03:00:00,2026-01,2026-01-25 17:00:00,10,0.238333,0.633927
2026-01-26 04:00:00,2026-01,2026-01-25 17:00:00,11,0.243333,0.684714
2026-01-26 05:00:00,2026-01,2026-01-25 17:00:00,12,0.476667,0.748587
2026-01-26 06:00:00,2026-01,2026-01-25 17:00:00,13,0.798333,0.862831
2026-01-26 07:00:00,2026-01,2026-01-25 17:00:00,14,0.793333,0.923658
2026-01-26 08:00:00,2026-01,2026-01-25 17:00:00,15,0.760000,0.949876
2026-01-26 09:00:00,2026-01,2026-01-25 17:00:00,16,0.671667,0.969533
2026-01-26 10:00:00,2026-01,2026-01-25 17:00:00,17,0.613333,0.962002
2026-01-26 11:00:00,2026-01,2026-01-25 17:00:00,18,0.400000,0.867007
2026-01-26 12:00:00,2026-01,2026-01-25 17:00:00,19,0.500000,0.795482
2026-01-26 13:00:00,2026-01,2026-01-25 17:00:00,20,0.775000,0.678235
2026-01-26 14:00:00,2026-01,2026-01-25 17:00:00,21,0.298333,0.622567
2026-01-26 15:00:00,2026-01,2026-01-25 17:00:00,22,0.168333,0.561723
2026-01-26 16:00:00,2026-01,2026-01-25 17:00:00,23,0.698333,0.463176
2026-01-26 17:00:00,2026-01,2026-01-25 17:00:00,24,0.900000,0.375880
2026-01-26 18:00:00,2026-01,2026-01-25 17:00:00,25,0.650000,0.182536
2026-01-26 19:00:00,2026-01,2026-01-25 17:00:00,26,0.623333,0.129753
2026-01-26 20:00:00,2026-01,2026-01-25 17:00:00,27,0.480000,0.109172
2026-01-26 21:00:00,2026-01,2026-01-25 17:00:00,28,0.935000,0.120967
2026-01-26 22:00:00,2026-01,2026-01-25 17:00:00,29,0.685000,0.095360
2026-01-26 23:00:00,2026-01,2026-01-25 17:00:00,30,0.406667,0.050754
2026-01-27 00:00:00,2026-01,2026-01-25 17:00:00,31,0.031667,0.031212
2026-01-27 01:00:00,2026-01,2026-01-25 17:00:00,32,0.013333,0.015400
2026-01-27 02:00:00,2026-01,2026-01-25 17:00:00,33,0.010000,0.014704
2026-01-27 03:00:00,2026-01,2026-01-25 17:00:00,34,0.010000,0.016359
2026-01-27 04:00:00,2026-01,2026-01-25 17:00:00,35,0.010000,0.018380
2026-01-27 05:00:00,2026-01,2026-01-25 17:00:00,36,0.010000,0.013076
2026-01-27 06:00:00,2026-01,2026-01-25 17:00:00,37,0.010000,0.015319
2026-01-27 07:00:00,2026-01,2026-01-25 17:00:00,38,0.010000,0.014993
2026-01-27 08:00:00,2026-01,2026-01-25 17:00:00,39,0.010000,0.012798
2026-01-27 09:00:00,2026-01,2026-01-25 17:00:00,40,0.010000,0.013421
2026-01-27 10:00:00,2026-01,2026-01-25 17:00:00,41,0.010000,0.013468
2026-01-27 11:00:00,2026-01,2026-01-25 17:00:00,42,0.010000,0.012752
2026-01-27 12:00:00,2026-01,2026-01-25 17:00:00,43,0.010000,0.012961
2026-01-27 13:00:00,2026-01,2026-01-25 17:00:00,44,0.010000,0.016121
2026-01-27 14:00:00,2026-01,2026-01-25 17:00:00,45,0.016667,0.016165
2026-01-27 15:00:00,2026-01,2026-01-25 17:00:00,46,0.008333,0.012974
2026-01-27 16:00:00,2026-01,2026-01-25 17:00:00,47,0.010000,0.012416
2026-01-27 17:00:00,2026-01,2026-01-25 17:00:00,48,0.010000,0.015083
2026-01-26 18:00:00,2026-01,2026-01-26 17:00:00,1,0.650000,0.635408
2026-01-26 19:00:00,2026-01,2026-01-26 17:00:00,2,0.623333,0.584986
2026-01-26 20:00:00,2026-01,2026-01-26 17:00:00,3,0.480000,0.535749
2026-01-26 21:00:00,2026-01,2026-01-26 17:00:00,4,0.935000,0.401049
2026-01-26 22:00:00,2026-01,2026-01-26 17:00:00,5,0.685000,0.255638
2026-01-26 23:00:00,2026-01,2026-01-26 17:00:00,6,0.406667,0.104153
2026-01-27 00:00:00,2026-01,2026-01-26 17:00:00,7,0.031667,0.112882
2026-01-27 01:00:00,2026-01,2026-01-26 17:00:00,8,0.013333,0.069605
2026-01-27 02:00:00,2026-01,2026-01-26 17:00:00,9,0.010000,0.031942
2026-01-27 03:00:00,2026-01,2026-01-26 17:00:00,10,0.010000,0.027547
2026-01-27 04:00:00,2026-01,2026-01-26 17:00:00,11,0.010000,0.017269
2026-01-27 05:00:00,2026-01,2026-01-26 17:00:00,12,0.010000,0.013685
2026-01-27 06:00:00,2026-01,2026-01-26 17:00:00,13,0.010000,0.012236
2026-01-27 07:00:00,2026-01,2026-01-26 17:00:00,14,0.010000,0.011915
2026-01-27 08:00:00,2026-01,2026-01-26 17:00:00,15,0.010000,0.012083
2026-01-27 09:00:00,2026-01,2026-01-26 17:00:00,16,0.010000,0.012631
2026-01-27 10:00:00,2026-01,2026-01-26 17:00:00,17,0.010000,0.012903
2026-01-27 11:00:00,2026-01,2026-01-26 17:00:00,18,0.010000,0.013937
2026-01-27 12:00:00,2026-01,2026-01-26 17:00:00,19,0.010000,0.017974
2026-01-27 13:00:00,2026-01,2026-01-26 17:00:00,20,0.010000,0.021434
2026-01-27 14:00:00,2026-01,2026-01-26 17:00:00,21,0.016667,0.019684
2026-01-27 15:00:00,2026-01,2026-01-26 17:00:00,22,0.008333,0.027947
2026-01-27 16:00:00,2026-01,2026-01-26 17:00:00,23,0.010000,0.038664
2026-01-27 17:00:00,2026-01,2026-01-26 17:00:00,24,0.010000,0.041100
2026-01-27 18:00:00,2026-01,2026-01-26 17:00:00,25,0.010000,0.035211
2026-01-27 19:00:00,2026-01,2026-01-26 17:00:00,26,0.010000,0.039287
2026-01-27 20:00:00,2026-01,2026-01-26 17:00:00,27,0.010000,0.049909
2026-01-27 21:00:00,2026-01,2026-01-26 17:00:00,28,0.010000,0.063204
2026-01-27 22:00:00,2026-01,2026-01-26 17:00:00,29,0.010000,0.075019
2026-01-27 23:00:00,2026-01,2026-01-26 17:00:00,30,0.010000,0.071018
2026-01-28 00:00:00,2026-01,2026-01-26 17:00:00,31,0.010000,0.105688
2026-01-28 01:00:00,2026-01,2026-01-26 17:00:00,32,0.036667,0.110884
2026-01-28 02:00:00,2026-01,2026-01-26 17:00:00,33,0.040000,0.084128
2026-01-28 03:00:00,2026-01,2026-01-26 17:00:00,34,0.010000,0.065864
2026-01-28 04:00:00,2026-01,2026-01-26 17:00:00,35,0.010000,0.056044
2026-01-28 05:00:00,2026-01,2026-01-26 17:00:00,36,0.010000,0.022261
2026-01-28 06:00:00,2026-01,2026-01-26 17:00:00,37,0.010000,0.018171
2026-01-28 07:00:00,2026-01,2026-01-26 17:00:00,38,0.010000,0.014671
2026-01-28 08:00:00,2026-01,2026-01-26 17:00:00,39,0.010000,0.013521
2026-01-28 09:00:00,2026-01,2026-01-26 17:00:00,40,0.010000,0.023998
2026-01-28 10:00:00,2026-01,2026-01-26 17:00:00,41,0.010000,0.077837
2026-01-28 11:00:00,2026-01,2026-01-26 17:00:00,42,0.078333,0.168283
2026-01-28 12:00:00,2026-01,2026-01-26 17:00:00,43,0.171667,0.284003
2026-01-28 13:00:00,2026-01,2026-01-26 17:00:00,44,0.495000,0.275497
2026-01-28 14:00:00,2026-01,2026-01-26 17:00:00,45,0.718333,0.271616
2026-01-28 15:00:00,2026-01,2026-01-26 17:00:00,46,0.458333,0.255180
2026-01-28 16:00:00,2026-01,2026-01-26 17:00:00,47,0.318333,0.236364
2026-01-28 17:00:00,2026-01,2026-01-26 17:00:00,48,0.228333,0.195568
2026-01-27 18:00:00,2026-01,2026-01-27 17:00:00,1,0.010000,0.043325
2026-01-27 19:00:00,2026-01,2026-01-27 17:00:00,2,0.010000,0.051152
2026-01-27 20:00:00,2026-01,2026-01-27 17:00:00,3,0.010000,0.047849
2026-01-27 21:00:00,2026-01,2026-01-27 17:00:00,4,0.010000,0.046514
2026-01-27 22:00:00,2026-01,2026-01-27 17:00:00,5,0.010000,0.047922
2026-01-27 23:00:00,2026-01,2026-01-27 17:00:00,6,0.010000,0.044227
2026-01-28 00:00:00,2026-01,2026-01-27 17:00:00,7,0.010000,0.070519
2026-01-28 01:00:00,2026-01,2026-01-27 17:00:00,8,0.036667,0.091763
2026-01-28 02:00:00,2026-01,2026-01-27 17:00:00,9,0.040000,0.108407
2026-01-28 03:00:00,2026-01,2026-01-27 17:00:00,10,0.010000,0.090467
2026-01-28 04:00:00,2026-01,2026-01-27 17:00:00,11,0.010000,0.081718
2026-01-28 05:00:00,2026-01,2026-01-27 17:00:00,12,0.010000,0.059081
2026-01-28 06:00:00,2026-01,2026-01-27 17:00:00,13,0.010000,0.040910
2026-01-28 07:00:00,2026-01,2026-01-27 17:00:00,14,0.010000,0.018023
2026-01-28 08:00:00,2026-01,2026-01-27 17:00:00,15,0.010000,0.017261
2026-01-28 09:00:00,2026-01,2026-01-27 17:00:00,16,0.010000,0.019133
2026-01-28 10:00:00,2026-01,2026-01-27 17:00:00,17,0.010000,0.067848
2026-01-28 11:00:00,2026-01,2026-01-27 17:00:00,18,0.078333,0.105218
2026-01-28 12:00:00,2026-01,2026-01-27 17:00:00,19,0.171667,0.141402
2026-01-28 13:00:00,2026-01,2026-01-27 17:00:00,20,0.495000,0.144678
2026-01-28 14:00:00,2026-01,2026-01-27 17:00:00,21,0.718333,0.183700
2026-01-28 15:00:00,2026-01,2026-01-27 17:00:00,22,0.458333,0.227153
2026-01-28 16:00:00,2026-01,2026-01-27 17:00:00,23,0.318333,0.245680
2026-01-28 17:00:00,2026-01,2026-01-27 17:00:00,24,0.228333,0.243070
2026-01-28 18:00:00,2026-01,2026-01-27 17:00:00,25,0.271667,0.172104
2026-01-28 19:00:00,2026-01,2026-01-27 17:00:00,26,0.140000,0.152358
2026-01-28 20:00:00,2026-01,2026-01-27 17:00:00,27,0.200000,0.138112
2026-01-28 21:00:00,2026-01,2026-01-27 17:00:00,28,0.236667,0.106461
2026-01-28 22:00:00,2026-01,2026-01-27 17:00:00,29,0.170000,0.095532
2026-01-28 23:00:00,2026-01,2026-01-27 17:00:00,30,0.043333,0.104703
2026-01-29 00:00:00,2026-01,2026-01-27 17:00:00,31,0.015000,0.103890
2026-01-29 01:00:00,2026-01,2026-01-27 17:00:00,32,0.011667,0.110833
2026-01-29 02:00:00,2026-01,2026-01-27 17:00:00,33,0.010000,0.137986
2026-01-29 03:00:00,2026-01,2026-01-27 17:00:00,34,0.025000,0.145283
2026-01-29 04:00:00,2026-01,2026-01-27 17:00:00,35,0.038333,0.179364
2026-01-29 05:00:00,2026-01,2026-01-27 17:00:00,36,0.016667,0.234151
2026-01-29 06:00:00,2026-01,2026-01-27 17:00:00,37,0.213333,0.324840
2026-01-29 07:00:00,2026-01,2026-01-27 17:00:00,38,0.655000,0.468217
2026-01-29 08:00:00,2026-01,2026-01-27 17:00:00,39,0.866667,0.549931
2026-01-29 09:00:00,2026-01,2026-01-27 17:00:00,40,0.833333,0.601012
2026-01-29 10:00:00,2026-01,2026-01-27 17:00:00,41,0.936667,0.581099
2026-01-29 11:00:00,2026-01,2026-01-27 17:00:00,42,0.958333,0.524577
2026-01-29 12:00:00,2026-01,2026-01-27 17:00:00,43,0.888333,0.465566
2026-01-29 13:00:00,2026-01,2026-01-27 17:00:00,44,0.911667,0.474527
2026-01-29 14:00:00,2026-01,2026-01-27 17:00:00,45,0.981667,0.606066
2026-01-29 15:00:00,2026-01,2026-01-27 17:00:00,46,0.990000,0.757003
2026-01-29 16:00:00,2026-01,2026-01-27 17:00:00,47,0.990000,0.909893
2026-01-29 17:00:00,2026-01,2026-01-27 17:00:00,48,0.990000,0.948967
2026-01-28 18:00:00,2026-01,2026-01-28 17:00:00,1,0.271667,0.305516
2026-01-28 19:00:00,2026-01,2026-01-28 17:00:00,2,0.140000,0.251498
2026-01-28 20:00:00,2026-01,2026-01-28 17:00:00,3,0.200000,0.203219
2026-01-28 21:00:00,2026-01,2026-01-28 17:00:00,4,0.236667,0.165619
2026-01-28 22:00:00,2026-01,2026-01-28 17:00:00,5,0.170000,0.144292
2026-01-28 23:00:00,2026-01,2026-01-28 17:00:00,6,0.043333,0.125685
2026-01-29 00:00:00,2026-01,2026-01-28 17:00:00,7,0.015000,0.124772
2026-01-29 01:00:00,2026-01,2026-01-28 17:00:00,8,0.011667,0.118358
2026-01-29 02:00:00,2026-01,2026-01-28 17:00:00,9,0.010000,0.118184
2026-01-29 03:00:00,2026-01,2026-01-28 17:00:00,10,0.025000,0.142579
2026-01-29 04:00:00,2026-01,2026-01-28 17:00:00,11,0.038333,0.174900
2026-01-29 05:00:00,2026-01,2026-01-28 17:00:00,12,0.016667,0.213977
2026-01-29 06:00:00,2026-01,2026-01-28 17:00:00,13,0.213333,0.311801
2026-01-29 07:00:00,2026-01,2026-01-28 17:00:00,14,0.655000,0.400307
2026-01-29 08:00:00,2026-01,2026-01-28 17:00:00,15,0.866667,0.430777
2026-01-29 09:00:00,2026-01,2026-01-28 17:00:00,16,0.833333,0.543980
2026-01-29 10:00:00,2026-01,2026-01-28 17:00:00,17,0.936667,0.584383
2026-01-29 11:00:00,2026-01,2026-01-28 17:00:00,18,0.958333,0.684724
2026-01-29 12:00:00,2026-01,2026-01-28 17:00:00,19,0.888333,0.707522
2026-01-29 13:00:00,2026-01,2026-01-28 17:00:00,20,0.911667,0.739698
2026-01-29 14:00:00,2026-01,2026-01-28 17:00:00,21,0.981667,0.768255
2026-01-29 15:00:00,2026-01,2026-01-28 17:00:00,22,0.990000,0.839557
2026-01-29 16:00:00,2026-01,2026-01-28 17:00:00,23,0.990000,0.899083
2026-01-29 17:00:00,2026-01,2026-01-28 17:00:00,24,0.990000,0.930941
2026-01-29 18:00:00,2026-01,2026-01-28 17:00:00,25,0.846667,0.909167
2026-01-29 19:00:00,2026-01,2026-01-28 17:00:00,26,0.675000,0.916825
2026-01-29 20:00:00,2026-01,2026-01-28 17:00:00,27,0.696667,0.942423
2026-01-29 21:00:00,2026-01,2026-01-28 17:00:00,28,0.466667,0.940223
2026-01-29 22:00:00,2026-01,2026-01-28 17:00:00,29,0.401667,0.911826
2026-01-29 23:00:00,2026-01,2026-01-28 17:00:00,30,0.701667,0.869770
2026-01-30 00:00:00,2026-01,2026-01-28 17:00:00,31,0.713333,0.821642
2026-01-30 01:00:00,2026-01,2026-01-28 17:00:00,32,0.551667,0.825252
2026-01-30 02:00:00,2026-01,2026-01-28 17:00:00,33,0.571667,0.868058
2026-01-30 03:00:00,2026-01,2026-01-28 17:00:00,34,0.798333,0.901992
2026-01-30 04:00:00,2026-01,2026-01-28 17:00:00,35,0.941667,0.977327
2026-01-30 05:00:00,2026-01,2026-01-28 17:00:00,36,0.960000,0.985821
2026-01-30 06:00:00,2026-01,2026-01-28 17:00:00,37,0.975000,0.987084
2026-01-30 07:00:00,2026-01,2026-01-28 17:00:00,38,0.983333,0.985993
2026-01-30 08:00:00,2026-01,2026-01-28 17:00:00,39,0.945000,0.986814
2026-01-30 09:00:00,2026-01,2026-01-28 17:00:00,40,0.963333,0.984579
2026-01-30 10:00:00,2026-01,2026-01-28 17:00:00,41,0.930000,0.985973
2026-01-30 11:00:00,2026-01,2026-01-28 17:00:00,42,0.961667,0.951565
2026-01-30 12:00:00,2026-01,2026-01-28 17:00:00,43,0.746667,0.843525
2026-01-30 13:00:00,2026-01,2026-01-28 17:00:00,44,0.750000,0.684741
2026-01-30 14:00:00,2026-01,2026-01-28 17:00:00,45,0.540000,0.469555
2026-01-30 15:00:00,2026-01,2026-01-28 17:00:00,46,0.461667,0.285363
2026-01-30 16:00:00,2026-01,2026-01-28 17:00:00,47,0.290000,0.220931
2026-01-30 17:00:00,2026-01,2026-01-28 17:00:00,48,0.155000,0.205692
2026-01-29 18:00:00,2026-01,2026-01-29 17:00:00,1,0.846667,0.912107
2026-01-29 19:00:00,2026-01,2026-01-29 17:00:00,2,0.675000,0.887605
2026-01-29 20:00:00,2026-01,2026-01-29 17:00:00,3,0.696667,0.894395
2026-01-29 21:00:00,2026-01,2026-01-29 17:00:00,4,0.466667,0.899979
2026-01-29 22:00:00,2026-01,2026-01-29 17:00:00,5,0.401667,0.921969
2026-01-29 23:00:00,2026-01,2026-01-29 17:00:00,6,0.701667,0.911465
2026-01-30 00:00:00,2026-01,2026-01-29 17:00:00,7,0.713333,0.916261
2026-01-30 01:00:00,2026-01,2026-01-29 17:00:00,8,0.551667,0.895576
2026-01-30 02:00:00,2026-01,2026-01-29 17:00:00,9,0.571667,0.891645
2026-01-30 03:00:00,2026-01,2026-01-29 17:00:00,10,0.798333,0.964816
2026-01-30 04:00:00,2026-01,2026-01-29 17:00:00,11,0.941667,0.983159
2026-01-30 05:00:00,2026-01,2026-01-29 17:00:00,12,0.960000,0.988196
2026-01-30 06:00:00,2026-01,2026-01-29 17:00:00,13,0.975000,0.987971
2026-01-30 07:00:00,2026-01,2026-01-29 17:00:00,14,0.983333,0.987393
2026-01-30 08:00:00,2026-01,2026-01-29 17:00:00,15,0.945000,0.987823
2026-01-30 09:00:00,2026-01,2026-01-29 17:00:00,16,0.963333,0.985525
2026-01-30 10:00:00,2026-01,2026-01-29 17:00:00,17,0.930000,0.973662
2026-01-30 11:00:00,2026-01,2026-01-29 17:00:00,18,0.961667,0.946668
2026-01-30 12:00:00,2026-01,2026-01-29 17:00:00,19,0.746667,0.768783
2026-01-30 13:00:00,2026-01,2026-01-29 17:00:00,20,0.750000,0.659276
2026-01-30 14:00:00,2026-01,2026-01-29 17:00:00,21,0.540000,0.471650
2026-01-30 15:00:00,2026-01,2026-01-29 17:00:00,22,0.461667,0.294685
2026-01-30 16:00:00,2026-01,2026-01-29 17:00:00,23,0.290000,0.228954
2026-01-30 17:00:00,2026-01,2026-01-29 17:00:00,24,0.155000,0.177140
2026-01-30 18:00:00,2026-01,2026-01-29 17:00:00,25,0.138333,0.123763
2026-01-30 19:00:00,2026-01,2026-01-29 17:00:00,26,0.143333,0.121207
2026-01-30 20:00:00,2026-01,2026-01-29 17:00:00,27,0.186667,0.187308
2026-01-30 21:00:00,2026-01,2026-01-29 17:00:00,28,0.130000,0.356958
2026-01-30 22:00:00,2026-01,2026-01-29 17:00:00,29,0.078333,0.497345
2026-01-30 23:00:00,2026-01,2026-01-29 17:00:00,30,0.111667,0.586351
2026-01-31 00:00:00,2026-01,2026-01-29 17:00:00,31,0.145000,0.672645
2026-01-31 01:00:00,2026-01,2026-01-29 17:00:00,32,0.480000,0.742358
2026-01-31 02:00:00,2026-01,2026-01-29 17:00:00,33,0.501667,0.744537
2026-01-31 03:00:00,2026-01,2026-01-29 17:00:00,34,0.521667,0.750636
2026-01-31 04:00:00,2026-01,2026-01-29 17:00:00,35,0.950000,0.796082
2026-01-31 05:00:00,2026-01,2026-01-29 17:00:00,36,0.958333,0.918835
2026-01-31 06:00:00,2026-01,2026-01-29 17:00:00,37,0.926667,0.952286
2026-01-31 07:00:00,2026-01,2026-01-29 17:00:00,38,0.945000,0.948867
2026-01-31 08:00:00,2026-01,2026-01-29 17:00:00,39,0.878333,0.912729
2026-01-31 09:00:00,2026-01,2026-01-29 17:00:00,40,0.875000,0.895476
2026-01-31 10:00:00,2026-01,2026-01-29 17:00:00,41,0.845000,0.814533
2026-01-31 11:00:00,2026-01,2026-01-29 17:00:00,42,0.798333,0.659728
2026-01-31 12:00:00,2026-01,2026-01-29 17:00:00,43,0.810000,0.371194
2026-01-31 13:00:00,2026-01,2026-01-29 17:00:00,44,0.821667,0.172164
2026-01-31 14:00:00,2026-01,2026-01-29 17:00:00,45,0.338333,0.134509
2026-01-31 15:00:00,2026-01,2026-01-29 17:00:00,46,0.030000,0.126962
2026-01-31 16:00:00,2026-01,2026-01-29 17:00:00,47,0.016667,0.098518
