time_utc,month,issue_time,lead_hours,actual,prediction
2025-10-31 18:00:00,2025-11,2025-10-31 17:00:00,1,0.083333,0.048890
2025-10-31 19:00:00,2025-11,2025-10-31 17:00:00,2,0.123333,0.134526
2025-10-31 20:00:00,2025-11,2025-10-31 17:00:00,3,0.513333,0.378038
2025-10-31 21:00:00,2025-11,2025-10-31 17:00:00,4,0.675000,0.637908
2025-10-31 22:00:00,2025-11,2025-10-31 17:00:00,5,0.970000,0.951347
2025-10-31 23:00:00,2025-11,2025-10-31 17:00:00,6,0.973333,0.955558
2025-11-01 00:00:00,2025-11,2025-10-31 17:00:00,7,0.970000,0.961030
2025-11-01 01:00:00,2025-11,2025-10-31 17:00:00,8,0.970000,0.961056
2025-11-01 02:00:00,2025-11,2025-10-31 17:00:00,9,0.970000,0.960556
2025-11-01 03:00:00,2025-11,2025-10-31 17:00:00,10,0.948333,0.964027
2025-11-01 04:00:00,2025-11,2025-10-31 17:00:00,11,0.970000,0.949312
2025-11-01 05:00:00,2025-11,2025-10-31 17:00:00,12,0.970000,0.957147
2025-11-01 06:00:00,2025-11,2025-10-31 17:00:00,13,0.970000,0.942925
2025-11-01 07:00:00,2025-11,2025-10-31 17:00:00,14,0.970000,0.924429
2025-11-01 08:00:00,2025-11,2025-10-31 17:00:00,15,0.968333,0.908706
2025-11-01 09:00:00,2025-11,2025-10-31 17:00:00,16,0.968333,0.854799
2025-11-01 10:00:00,2025-11,2025-10-31 17:00:00,17,0.968333,0.730458
2025-11-01 11:00:00,2025-11,2025-10-31 17:00:00,18,0.850000,0.644303
2025-11-01 12:00:00,2025-11,2025-10-31 17:00:00,19,0.613333,0.467423
2025-11-01 13:00:00,2025-11,2025-10-31 17:00:00,20,0.300000,0.295493
2025-11-01 14:00:00,2025-11,2025-10-31 17:00:00,21,0.215000,0.162283
2025-11-01 15:00:00,2025-11,2025-10-31 17:00:00,22,0.225000,0.090084
2025-11-01 16:00:00,2025-11,2025-10-31 17:00:00,23,0.143333,0.030096
2025-11-01 17:00:00,2025-11,2025-10-31 17:00:00,24,0.035000,0.011929
2025-11-01 18:00:00,2025-11,2025-10-31 17:00:00,25,0.018333,0.009454
2025-11-01 19:00:00,2025-11,2025-10-31 17:00:00,26,0.133333,0.023426
2025-11-01 20:00:00,2025-11,2025-10-31 17:00:00,27,0.526667,0.039454
2025-11-01 21:00:00,2025-11,2025-10-31 17:00:00,28,0.378333,0.144129
2025-11-01 22:00:00,2025-11,2025-10-31 17:00:00,29,0.901667,0.440339
2025-11-01 23:00:00,2025-11,2025-10-31 17:00:00,30,0.750000,0.766814
2025-11-02 00:00:00,2025-11,2025-10-31 17:00:00,31,0.980000,0.924299
2025-11-02 01:00:00,2025-11,2025-10-31 17:00:00,32,0.971667,0.915640
2025-11-02 02:00:00,2025-11,2025-10-31 17:00:00,33,0.973333,0.952974
2025-11-02 03:00:00,2025-11,2025-10-31 17:00:00,34,0.878333,0.945510
2025-11-02 04:00:00,2025-11,2025-10-31 17:00:00,35,0.946667,0.920356
2025-11-02 05:00:00,2025-11,2025-10-31 17:00:00,36,0.956667,0.923927
2025-11-02 06:00:00,2025-11,2025-10-31 17:00:00,37,0.970000,0.890657
2025-11-02 07:00:00,2025-11,2025-10-31 17:00:00,38,0.961667,0.846383
2025-11-02 08:00:00,2025-11,2025-10-31 17:00:00,39,0.935000,0.780688
2025-11-02 09:00:00,2025-11,2025-10-31 17:00:00,40,0.741667,0.633923
2025-11-02 10:00:00,2025-11,2025-10-31 17:00:00,41,0.396667,0.510829
2025-11-02 11:00:00,2025-11,2025-10-31 17:00:00,42,0.161667,0.387471
2025-11-02 12:00:00,2025-11,2025-10-31 17:00:00,43,0.143333,0.330497
2025-11-02 13:00:00,2025-11,2025-10-31 17:00:00,44,0.445000,0.209605
2025-11-02 14:00:00,2025-11,2025-10-31 17:00:00,45,0.110000,0.240973
2025-11-02 15:00:00,2025-11,2025-10-31 17:00:00,46,0.163333,0.261847
2025-11-02 16:00:00,2025-11,2025-10-31 17:00:00,47,0.043333,0.297922
2025-11-02 17:00:00,2025-11,2025-10-31 17:00:00,48,0.041667,0.296331
2025-11-01 18:00:00,2025-11,2025-11-01 17:00:00,1,0.018333,0.020776
2025-11-01 19:00:00,2025-11,2025-11-01 17:00:00,2,0.133333,0.052503
2025-11-01 20:00:00,2025-11,2025-11-01 17:00:00,3,0.526667,0.134115
2025-11-01 21:00:00,2025-11,2025-11-01 17:00:00,4,0.378333,0.502050
2025-11-01 22:00:00,2025-11,2025-11-01 17:00:00,5,0.901667,0.727547
2025-11-01 23:00:00,2025-11,2025-11-01 17:00:00,6,0.750000,0.834453
2025-11-02 00:00:00,2025-11,2025-11-01 17:00:00,7,0.980000,0.869021
2025-11-02 01:00:00,2025-11,2025-11-01 17:00:00,8,0.971667,0.881624
2025-11-02 02:00:00,2025-11,2025-11-01 17:00:00,9,0.973333,0.829294
2025-11-02 03:00:00,2025-11,2025-11-01 17:00:00,10,0.878333,0.894386
2025-11-02 04:00:00,2025-11,2025-11-01 17:00:00,11,0.946667,0.920656
2025-11-02 05:00:00,2025-11,2025-11-01 17:00:00,12,0.956667,0.894991
2025-11-02 06:00:00,2025-11,2025-11-01 17:00:00,13,0.970000,0.888625
2025-11-02 07:00:00,2025-11,2025-11-01 17:00:00,14,0.961667,0.844810
2025-11-02 08:00:00,2025-11,2025-11-01 17:00:00,15,0.935000,0.807748
2025-11-02 09:00:00,2025-11,2025-11-01 17:00:00,16,0.741667,0.592662
2025-11-02 10:00:00,2025-11,2025-11-01 17:00:00,17,0.396667,0.526851
2025-11-02 11:00:00,2025-11,2025-11-01 17:00:00,18,0.161667,0.384253
2025-11-02 12:00:00,2025-11,2025-11-01 17:00:00,19,0.143333,0.217043
2025-11-02 13:00:00,2025-11,2025-11-01 17:00:00,20,0.445000,0.160408
2025-11-02 14:00:00,2025-11,2025-11-01 17:00:00,21,0.110000,0.146657
2025-11-02 15:00:00,2025-11,2025-11-01 17:00:00,22,0.163333,0.227483
2025-11-02 16:00:00,2025-11,2025-11-01 17:00:00,23,0.043333,0.222390
2025-11-02 17:00:00,2025-11,2025-11-01 17:00:00,24,0.041667,0.222053
2025-11-02 18:00:00,2025-11,2025-11-01 17:00:00,25,0.035000,0.158275
2025-11-02 19:00:00,2025-11,2025-11-01 17:00:00,26,0.030000,0.121224
2025-11-02 20:00:00,2025-11,2025-11-01 17:00:00,27,0.016667,0.089051
2025-11-02 21:00:00,2025-11,2025-11-01 17:00:00,28,0.075000,0.091170
2025-11-02 22:00:00,2025-11,2025-11-01 17:00:00,29,0.020000,0.042539
2025-11-02 23:00:00,2025-11,2025-11-01 17:00:00,30,0.013333,0.044771
2025-11-03 00:00:00,2025-11,2025-11-01 17:00:00,31,0.006667,0.048170
2025-11-03 01:00:00,2025-11,2025-11-01 17:00:00,32,0.006667,0.041374
2025-11-03 02:00:00,2025-11,2025-11-01 17:00:00,33,0.075000,0.028738
2025-11-03 03:00:00,2025-11,2025-11-01 17:00:00,34,0.038333,0.029513
2025-11-03 04:00:00,2025-11,2025-11-01 17:00:00,35,0.040000,0.024172
2025-11-03 05:00:00,2025-11,2025-11-01 17:00:00,36,0.155000,0.035476
2025-11-03 06:00:00,2025-11,2025-11-01 17:00:00,37,0.158333,0.054627
2025-11-03 07:00:00,2025-11,2025-11-01 17:00:00,38,0.273333,0.109475
2025-11-03 08:00:00,2025-11,2025-11-01 17:00:00,39,0.453333,0.147144
2025-11-03 09:00:00,2025-11,2025-11-01 17:00:00,40,0.416667,0.175706
2025-11-03 10:00:00,2025-11,2025-11-01 17:00:00,41,0.248333,0.255321
2025-11-03 11:00:00,2025-11,2025-11-01 17:00:00,42,0.315000,0.311200
2025-11-03 12:00:00,2025-11,2025-11-01 17:00:00,43,0.603333,0.317575
2025-11-03 13:00:00,2025-11,2025-11-01 17:00:00,44,0.770000,0.257518
2025-11-03 14:00:00,2025-11,2025-11-01 17:00:00,45,0.521667,0.172848
2025-11-03 15:00:00,2025-11,2025-11-01 17:00:00,46,0.290000,0.121933
2025-11-03 16:00:00,2025-11,2025-11-01 17:00:00,47,0.040000,0.083044
2025-11-03 17:00:00,2025-11,2025-11-01 17:00:00,48,0.011667,0.086972
2025-11-02 18:00:00,2025-11,2025-11-02 17:00:00,1,0.035000,0.221065
2025-11-02 19:00:00,2025-11,2025-11-02 17:00:00,2,0.030000,0.140147
2025-11-02 20:00:00,2025-11,2025-11-02 17:00:00,3,0.016667,0.115785
2025-11-02 21:00:00,2025-11,2025-11-02 17:00:00,4,0.075000,0.095601
2025-11-02 22:00:00,2025-11,2025-11-02 17:00:00,5,0.020000,0.044453
2025-11-02 23:00:00,2025-11,2025-11-02 17:00:00,6,0.013333,0.029333
2025-11-03 00:00:00,2025-11,2025-11-02 17:00:00,7,0.006667,0.027159
2025-11-03 01:00:00,2025-11,2025-11-02 17:00:00,8,0.006667,0.027160
2025-11-03 02:00:00,2025-11,2025-11-02 17:00:00,9,0.075000,0.025705
2025-11-03 03:00:00,2025-11,2025-11-02 17:00:00,10,0.038333,0.025623
2025-11-03 04:00:00,2025-11,2025-11-02 17:00:00,11,0.040000,0.025294
2025-11-03 05:00:00,2025-11,2025-11-02 17:00:00,12,0.155000,0.051709
2025-11-03 06:00:00,2025-11,2025-11-02 17:00:00,13,0.158333,0.077446
2025-11-03 07:00:00,2025-11,2025-11-02 17:00:00,14,0.273333,0.146771
2025-11-03 08:00:00,2025-11,2025-11-02 17:00:00,15,0.453333,0.181398
2025-11-03 09:00:00,2025-11,2025-11-02 17:00:00,16,0.416667,0.238180
2025-11-03 10:00:00,2025-11,2025-11-02 17:00:00,17,0.248333,0.249485
2025-11-03 11:00:00,2025-11,2025-11-02 17:00:00,18,0.315000,0.278130
2025-11-03 12:00:00,2025-11,2025-11-02 17:00:00,19,0.603333,0.240390
2025-11-03 13:00:00,2025-11,2025-11-02 17:00:00,20,0.770000,0.208653
2025-11-03 14:00:00,2025-11,2025-11-02 17:00:00,21,0.521667,0.179975
2025-11-03 15:00:00,2025-11,2025-11-02 17:00:00,22,0.290000,0.152020
2025-11-03 16:00:00,2025-11,2025-11-02 17:00:00,23,0.040000,0.118418
2025-11-03 17:00:00,2025-11,2025-11-02 17:00:00,24,0.011667,0.070701
2025-11-03 18:00:00,2025-11,2025-11-02 17:00:00,25,0.013333,0.064177
2025-11-03 19:00:00,2025-11,2025-11-02 17:00:00,26,0.011667,0.105846
2025-11-03 20:00:00,2025-11,2025-11-02 17:00:00,27,0.040000,0.135551
2025-11-03 21:00:00,2025-11,2025-11-02 17:00:00,28,0.213333,0.333792
2025-11-03 22:00:00,2025-11,2025-11-02 17:00:00,29,0.700000,0.584877
2025-11-03 23:00:00,2025-11,2025-11-02 17:00:00,30,0.961667,0.886846
2025-11-04 00:00:00,2025-11,2025-11-02 17:00:00,31,0.970000,0.975573
2025-11-04 01:00:00,2025-11,2025-11-02 17:00:00,32,0.970000,0.966622
2025-11-04 02:00:00,2025-11,2025-11-02 17:00:00,33,0.970000,0.967974
2025-11-04 03:00:00,2025-11,2025-11-02 17:00:00,34,0.970000,0.969312
2025-11-04 04:00:00,2025-11,2025-11-02 17:00:00,35,0.970000,0.970188
2025-11-04 05:00:00,2025-11,2025-11-02 17:00:00,36,0.970000,0.971388
2025-11-04 06:00:00,2025-11,2025-11-02 17:00:00,37,0.970000,0.971526
2025-11-04 07:00:00,2025-11,2025-11-02 17:00:00,38,0.970000,0.970760
2025-11-04 08:00:00,2025-11,2025-11-02 17:00:00,39,0.960000,0.970394
2025-11-04 09:00:00,2025-11,2025-11-02 17:00:00,40,0.970000,0.969081
2025-11-04 10:00:00,2025-11,2025-11-02 17:00:00,41,0.970000,0.968123
2025-11-04 11:00:00,2025-11,2025-11-02 17:00:00,42,0.971667,0.957703
2025-11-04 12:00:00,2025-11,2025-11-02 17:00:00,43,0.965000,0.933811
2025-11-04 13:00:00,2025-11,2025-11-02 17:00:00,44,0.726667,0.933138
2025-11-04 14:00:00,2025-11,2025-11-02 17:00:00,45,0.536667,0.895808
2025-11-04 15:00:00,2025-11,2025-11-02 17:00:00,46,0.550000,0.875393
2025-11-04 16:00:00,2025-11,2025-11-02 17:00:00,47,0.481667,0.866905
2025-11-04 17:00:00,2025-11,2025-11-02 17:00:00,48,0.790000,0.890074
2025-11-03 18:00:00,2025-11,2025-11-03 17:00:00,1,0.013333,0.066361
2025-11-03 19:00:00,2025-11,2025-11-03 17:00:00,2,0.011667,0.117408
2025-11-03 20:00:00,2025-11,2025-11-03 17:00:00,3,0.040000,0.284494
2025-11-03 21:00:00,2025-11,2025-11-03 17:00:00,4,0.213333,0.539090
2025-11-03 22:00:00,2025-11,2025-11-03 17:00:00,5,0.700000,0.784651
2025-11-03 23:00:00,2025-11,2025-11-03 17:00:00,6,0.961667,0.943340
2025-11-04 00:00:00,2025-11,2025-11-03 17:00:00,7,0.970000,0.922788
2025-11-04 01:00:00,2025-11,2025-11-03 17:00:00,8,0.970000,0.965173
2025-11-04 02:00:00,2025-11,2025-11-03 17:00:00,9,0.970000,0.970389
2025-11-04 03:00:00,2025-11,2025-11-03 17:00:00,10,0.970000,0.969486
2025-11-04 04:00:00,2025-11,2025-11-03 17:00:00,11,0.970000,0.970503
2025-11-04 05:00:00,2025-11,2025-11-03 17:00:00,12,0.970000,0.970640
2025-11-04 06:00:00,2025-11,2025-11-03 17:00:00,13,0.970000,0.971769
2025-11-04 07:00:00,2025-11,2025-11-03 17:00:00,14,0.970000,0.970426
2025-11-04 08:00:00,2025-11,2025-11-03 17:00:00,15,0.960000,0.967822
2025-11-04 09:00:00,2025-11,2025-11-03 17:00:00,16,0.970000,0.966580
2025-11-04 10:00:00,2025-11,2025-11-03 17:00:00,17,0.970000,0.952649
2025-11-04 11:00:00,2025-11,2025-11-03 17:00:00,18,0.971667,0.934999
2025-11-04 12:00:00,2025-11,2025-11-03 17:00:00,19,0.965000,0.922731
2025-11-04 13:00:00,2025-11,2025-11-03 17:00:00,20,0.726667,0.930839
2025-11-04 14:00:00,2025-11,2025-11-03 17:00:00,21,0.536667,0.940207
2025-11-04 15:00:00,2025-11,2025-11-03 17:00:00,22,0.550000,0.910639
2025-11-04 16:00:00,2025-11,2025-11-03 17:00:00,23,0.481667,0.939138
2025-11-04 17:00:00,2025-11,2025-11-03 17:00:00,24,0.790000,0.934331
2025-11-04 18:00:00,2025-11,2025-11-03 17:00:00,25,0.958333,0.925118
2025-11-04 19:00:00,2025-11,2025-11-03 17:00:00,26,0.975000,0.916215
2025-11-04 20:00:00,2025-11,2025-11-03 17:00:00,27,0.973333,0.917237
2025-11-04 21:00:00,2025-11,2025-11-03 17:00:00,28,0.790000,0.918980
2025-11-04 22:00:00,2025-11,2025-11-03 17:00:00,29,0.958333,0.934992
2025-11-04 23:00:00,2025-11,2025-11-03 17:00:00,30,0.901667,0.950412
2025-11-05 00:00:00,2025-11,2025-11-03 17:00:00,31,0.748333,0.963790
2025-11-05 01:00:00,2025-11,2025-11-03 17:00:00,32,0.856667,0.982363
2025-11-05 02:00:00,2025-11,2025-11-03 17:00:00,33,0.978333,0.979079
2025-11-05 03:00:00,2025-11,2025-11-03 17:00:00,34,0.973333,0.972412
2025-11-05 04:00:00,2025-11,2025-11-03 17:00:00,35,0.976667,0.970228
2025-11-05 05:00:00,2025-11,2025-11-03 17:00:00,36,0.980000,0.970008
2025-11-05 06:00:00,2025-11,2025-11-03 17:00:00,37,0.976667,0.970380
2025-11-05 07:00:00,2025-11,2025-11-03 17:00:00,38,0.980000,0.972224
2025-11-05 08:00:00,2025-11,2025-11-03 17:00:00,39,0.978333,0.970330
2025-11-05 09:00:00,2025-11,2025-11-03 17:00:00,40,0.980000,0.971001
2025-11-05 10:00:00,2025-11,2025-11-03 17:00:00,41,0.956667,0.974480
2025-11-05 11:00:00,2025-11,2025-11-03 17:00:00,42,0.943333,0.964650
2025-11-05 12:00:00,2025-11,2025-11-03 17:00:00,43,0.881667,0.967633
2025-11-05 13:00:00,2025-11,2025-11-03 17:00:00,44,0.806667,0.964582
2025-11-05 14:00:00,2025-11,2025-11-03 17:00:00,45,0.745000,0.942258
2025-11-05 15:00:00,2025-11,2025-11-03 17:00:00,46,0.476667,0.834102
2025-11-05 16:00:00,2025-11,2025-11-03 17:00:00,47,0.390000,0.705732
2025-11-05 17:00:00,2025-11,2025-11-03 17:00:00,48,0.256667,0.674938
2025-11-04 18:00:00,2025-11,2025-11-04 17:00:00,1,0.958333,0.953388
2025-11-04 19:00:00,2025-11,2025-11-04 17:00:00,2,0.975000,0.959226
2025-11-04 20:00:00,2025-11,2025-11-04 17:00:00,3,0.973333,0.956184
2025-11-04 21:00:00,2025-11,2025-11-04 17:00:00,4,0.790000,0.946388
2025-11-04 22:00:00,2025-11,2025-11-04 17:00:00,5,0.958333,0.951662
2025-11-04 23:00:00,2025-11,2025-11-04 17:00:00,6,0.901667,0.938939
2025-11-05 00:00:00,2025-11,2025-11-04 17:00:00,7,0.748333,0.951924
2025-11-05 01:00:00,2025-11,2025-11-04 17:00:00,8,0.856667,0.969706
2025-11-05 02:00:00,2025-11,2025-11-04 17:00:00,9,0.978333,0.994150
2025-11-05 03:00:00,2025-11,2025-11-04 17:00:00,10,0.973333,0.988820
2025-11-05 04:00:00,2025-11,2025-11-04 17:00:00,11,0.976667,0.975981
2025-11-05 05:00:00,2025-11,2025-11-04 17:00:00,12,0.980000,0.977064
2025-11-05 06:00:00,2025-11,2025-11-04 17:00:00,13,0.976667,0.971347
2025-11-05 07:00:00,2025-11,2025-11-04 17:00:00,14,0.980000,0.974697
2025-11-05 08:00:00,2025-11,2025-11-04 17:00:00,15,0.978333,0.976063
2025-11-05 09:00:00,2025-11,2025-11-04 17:00:00,16,0.980000,0.971377
2025-11-05 10:00:00,2025-11,2025-11-04 17:00:00,17,0.956667,0.966210
2025-11-05 11:00:00,2025-11,2025-11-04 17:00:00,18,0.943333,0.960597
2025-11-05 12:00:00,2025-11,2025-11-04 17:00:00,19,0.881667,0.949461
2025-11-05 13:00:00,2025-11,2025-11-04 17:00:00,20,0.806667,0.945127
2025-11-05 14:00:00,2025-11,2025-11-04 17:00:00,21,0.745000,0.959878
2025-11-05 15:00:00,2025-11,2025-11-04 17:00:00,22,0.476667,0.929065
2025-11-05 16:00:00,2025-11,2025-11-04 17:00:00,23,0.390000,0.909106
2025-11-05 17:00:00,2025-11,2025-11-04 17:00:00,24,0.256667,0.822258
2025-11-05 18:00:00,2025-11,2025-11-04 17:00:00,25,0.285000,0.691472
2025-11-05 19:00:00,2025-11,2025-11-04 17:00:00,26,0.206667,0.558872
2025-11-05 20:00:00,2025-11,2025-11-04 17:00:00,27,0.138333,0.257949
2025-11-05 21:00:00,2025-11,2025-11-04 17:00:00,28,0.158333,0.197334
2025-11-05 22:00:00,2025-11,2025-11-04 17:00:00,29,0.116667,0.101583
2025-11-05 23:00:00,2025-11,2025-11-04 17:00:00,30,0.078333,0.073069
2025-11-06 00:00:00,2025-11,2025-11-04 17:00:00,31,0.035000,0.036740
2025-11-06 01:00:00,2025-11,2025-11-04 17:00:00,32,0.010000,0.013314
2025-11-06 02:00:00,2025-11,2025-11-04 17:00:00,33,0.010000,0.010060
2025-11-06 03:00:00,2025-11,2025-11-04 17:00:00,34,0.015000,0.013031
2025-11-06 04:00:00,2025-11,2025-11-04 17:00:00,35,0.096667,0.025477
2025-11-06 05:00:00,2025-11,2025-11-04 17:00:00,36,0.188333,0.064487
2025-11-06 06:00:00,2025-11,2025-11-04 17:00:00,37,0.528333,0.176511
2025-11-06 07:00:00,2025-11,2025-11-04 17:00:00,38,0.853333,0.240114
2025-11-06 08:00:00,2025-11,2025-11-04 17:00:00,39,0.958333,0.329714
2025-11-06 09:00:00,2025-11,2025-11-04 17:00:00,40,0.906667,0.470417
2025-11-06 10:00:00,2025-11,2025-11-04 17:00:00,41,0.905000,0.509043
2025-11-06 11:00:00,2025-11,2025-11-04 17:00:00,42,0.955000,0.669584
2025-11-06 12:00:00,2025-11,2025-11-04 17:00:00,43,0.970000,0.731311
2025-11-06 13:00:00,2025-11,2025-11-04 17:00:00,44,0.900000,0.620281
2025-11-06 14:00:00,2025-11,2025-11-04 17:00:00,45,0.621667,0.427430
2025-11-06 15:00:00,2025-11,2025-11-04 17:00:00,46,0.541667,0.317240
2025-11-06 16:00:00,2025-11,2025-11-04 17:00:00,47,0.620000,0.272796
2025-11-06 17:00:00,2025-11,2025-11-04 17:00:00,48,0.470000,0.246784
2025-11-05 18:00:00,2025-11,2025-11-05 17:00:00,1,0.285000,0.414475
2025-11-05 19:00:00,2025-11,2025-11-05 17:00:00,2,0.206667,0.238434
2025-11-05 20:00:00,2025-11,2025-11-05 17:00:00,3,0.138333,0.166439
2025-11-05 21:00:00,2025-11,2025-11-05 17:00:00,4,0.158333,0.103449
2025-11-05 22:00:00,2025-11,2025-11-05 17:00:00,5,0.116667,0.067018
2025-11-05 23:00:00,2025-11,2025-11-05 17:00:00,6,0.078333,0.034520
2025-11-06 00:00:00,2025-11,2025-11-05 17:00:00,7,0.035000,0.029314
2025-11-06 01:00:00,2025-11,2025-11-05 17:00:00,8,0.010000,0.013717
2025-11-06 02:00:00,2025-11,2025-11-05 17:00:00,9,0.010000,0.013480
2025-11-06 03:00:00,2025-11,2025-11-05 17:00:00,10,0.015000,0.012890
2025-11-06 04:00:00,2025-11,2025-11-05 17:00:00,11,0.096667,0.028296
2025-11-06 05:00:00,2025-11,2025-11-05 17:00:00,12,0.188333,0.089285
2025-11-06 06:00:00,2025-11,2025-11-05 17:00:00,13,0.528333,0.225769
2025-11-06 07:00:00,2025-11,2025-11-05 17:00:00,14,0.853333,0.434910
2025-11-06 08:00:00,2025-11,2025-11-05 17:00:00,15,0.958333,0.559469
2025-11-06 09:00:00,2025-11,2025-11-05 17:00:00,16,0.906667,0.580136
2025-11-06 10:00:00,2025-11,2025-11-05 17:00:00,17,0.905000,0.469637
2025-11-06 11:00:00,2025-11,2025-11-05 17:00:00,18,0.955000,0.437613
2025-11-06 12:00:00,2025-11,2025-11-05 17:00:00,19,0.970000,0.360151
2025-11-06 13:00:00,2025-11,2025-11-05 17:00:00,20,0.900000,0.353190
2025-11-06 14:00:00,2025-11,2025-11-05 17:00:00,21,0.621667,0.250927
2025-11-06 15:00:00,2025-11,2025-11-05 17:00:00,22,0.541667,0.199451
2025-11-06 16:00:00,2025-11,2025-11-05 17:00:00,23,0.620000,0.200399
2025-11-06 17:00:00,2025-11,2025-11-05 17:00:00,24,0.470000,0.180211
2025-11-06 18:00:00,2025-11,2025-11-05 17:00:00,25,0.411667,0.146578
2025-11-06 19:00:00,2025-11,2025-11-05 17:00:00,26,0.240000,0.141963
2025-11-06 20:00:00,2025-11,2025-11-05 17:00:00,27,0.415000,0.193067
2025-11-06 21:00:00,2025-11,2025-11-05 17:00:00,28,0.446667,0.225883
2025-11-06 22:00:00,2025-11,2025-11-05 17:00:00,29,0.335000,0.367825
2025-11-06 23:00:00,2025-11,2025-11-05 17:00:00,30,0.236667,0.635157
2025-11-07 00:00:00,2025-11,2025-11-05 17:00:00,31,0.366667,0.796317
2025-11-07 01:00:00,2025-11,2025-11-05 17:00:00,32,0.581667,0.903127
2025-11-07 02:00:00,2025-11,2025-11-05 17:00:00,33,0.956667,0.939878
2025-11-07 03:00:00,2025-11,2025-11-05 17:00:00,34,0.973333,0.943555
2025-11-07 04:00:00,2025-11,2025-11-05 17:00:00,35,0.976667,0.967091
2025-11-07 05:00:00,2025-11,2025-11-05 17:00:00,36,0.980000,0.970161
2025-11-07 06:00:00,2025-11,2025-11-05 17:00:00,37,0.978333,0.967388
2025-11-07 07:00:00,2025-11,2025-11-05 17:00:00,38,0.973333,0.966031
2025-11-07 08:00:00,2025-11,2025-11-05 17:00:00,39,0.973333,0.974822
2025-11-07 09:00:00,2025-11,2025-11-05 17:00:00,40,0.970000,0.979926
2025-11-07 10:00:00,2025-11,2025-11-05 17:00:00,41,0.975000,0.971957
2025-11-07 11:00:00,2025-11,2025-11-05 17:00:00,42,0.971667,0.963937
2025-11-07 12:00:00,2025-11,2025-11-05 17:00:00,43,0.820000,0.974735
2025-11-07 13:00:00,2025-11,2025-11-05 17:00:00,44,0.755000,0.979628
2025-11-07 14:00:00,2025-11,2025-11-05 17:00:00,45,0.891667,0.973875
2025-11-07 15:00:00,2025-11,2025-11-05 17:00:00,46,0.970000,0.959992
2025-11-07 16:00:00,2025-11,2025-11-05 17:00:00,47,0.880000,0.944854
2025-11-07 17:00:00,2025-11,2025-11-05 17:00:00,48,0.533333,0.904857
2025-11-06 18:00:00,2025-11,2025-11-06 17:00:00,1,0.411667,0.158813
2025-11-06 19:00:00,2025-11,2025-11-06 17:00:00,2,0.240000,0.179638
2025-11-06 20:00:00,2025-11,2025-11-06 17:00:00,3,0.415000,0.233409
2025-11-06 21:00:00,2025-11,2025-11-06 17:00:00,4,0.446667,0.291467
2025-11-06 22:00:00,2025-11,2025-11-06 17:00:00,5,0.335000,0.417649
2025-11-06 23:00:00,2025-11,2025-11-06 17:00:00,6,0.236667,0.633230
2025-11-07 00:00:00,2025-11,2025-11-06 17:00:00,7,0.366667,0.768122
2025-11-07 01:00:00,2025-11,2025-11-06 17:00:00,8,0.581667,0.878541
2025-11-07 02:00:00,2025-11,2025-11-06 17:00:00,9,0.956667,0.957390
2025-11-07 03:00:00,2025-11,2025-11-06 17:00:00,10,0.973333,0.963450
2025-11-07 04:00:00,2025-11,2025-11-06 17:00:00,11,0.976667,0.971580
2025-11-07 05:00:00,2025-11,2025-11-06 17:00:00,12,0.980000,0.976172
2025-11-07 06:00:00,2025-11,2025-11-06 17:00:00,13,0.978333,0.978241
2025-11-07 07:00:00,2025-11,2025-11-06 17:00:00,14,0.973333,0.974563
2025-11-07 08:00:00,2025-11,2025-11-06 17:00:00,15,0.973333,0.977819
2025-11-07 09:00:00,2025-11,2025-11-06 17:00:00,16,0.970000,0.977343
2025-11-07 10:00:00,2025-11,2025-11-06 17:00:00,17,0.975000,0.963940
2025-11-07 11:00:00,2025-11,2025-11-06 17:00:00,18,0.971667,0.966572
2025-11-07 12:00:00,2025-11,2025-11-06 17:00:00,19,0.820000,0.978432
2025-11-07 13:00:00,2025-11,2025-11-06 17:00:00,20,0.755000,0.957407
2025-11-07 14:00:00,2025-11,2025-11-06 17:00:00,21,0.891667,0.961378
2025-11-07 15:00:00,2025-11,2025-11-06 17:00:00,22,0.970000,0.942148
2025-11-07 16:00:00,2025-11,2025-11-06 17:00:00,23,0.880000,0.869224
2025-11-07 17:00:00,2025-11,2025-11-06 17:00:00,24,0.533333,0.735865
2025-11-07 18:00:00,2025-11,2025-11-06 17:00:00,25,0.481667,0.538905
2025-11-07 19:00:00,2025-11,2025-11-06 17:00:00,26,0.726667,0.414601
2025-11-07 20:00:00,2025-11,2025-11-06 17:00:00,27,0.733333,0.361454
2025-11-07 21:00:00,2025-11,2025-11-06 17:00:00,28,0.711667,0.344282
2025-11-07 22:00:00,2025-11,2025-11-06 17:00:00,29,0.653333,0.256868
2025-11-07 23:00:00,2025-11,2025-11-06 17:00:00,30,0.895000,0.248477
2025-11-08 00:00:00,2025-11,2025-11-06 17:00:00,31,0.678333,0.225372
2025-11-08 01:00:00,2025-11,2025-11-06 17:00:00,32,0.831667,0.283121
2025-11-08 02:00:00,2025-11,2025-11-06 17:00:00,33,0.961667,0.311641
2025-11-08 03:00:00,2025-11,2025-11-06 17:00:00,34,0.956667,0.413244
2025-11-08 04:00:00,2025-11,2025-11-06 17:00:00,35,0.961667,0.566963
2025-11-08 05:00:00,2025-11,2025-11-06 17:00:00,36,0.950000,0.605701
2025-11-08 06:00:00,2025-11,2025-11-06 17:00:00,37,0.913333,0.589883
2025-11-08 07:00:00,2025-11,2025-11-06 17:00:00,38,0.686667,0.544029
2025-11-08 08:00:00,2025-11,2025-11-06 17:00:00,39,0.360000,0.452310
2025-11-08 09:00:00,2025-11,2025-11-06 17:00:00,40,0.436667,0.345385
2025-11-08 10:00:00,2025-11,2025-11-06 17:00:00,41,0.498333,0.234382
2025-11-08 11:00:00,2025-11,2025-11-06 17:00:00,42,0.285000,0.143811
2025-11-08 12:00:00,2025-11,2025-11-06 17:00:00,43,0.265000,0.110144
2025-11-08 13:00:00,2025-11,2025-11-06 17:00:00,44,0.256667,0.111490
2025-11-08 14:00:00,2025-11,2025-11-06 17:00:00,45,0.180000,0.093720
2025-11-08 15:00:00,2025-11,2025-11-06 17:00:00,46,0.111667,0.098334
2025-11-08 16:00:00,2025-11,2025-11-06 17:00:00,47,0.105000,0.101682
2025-11-08 17:00:00,2025-11,2025-11-06 17:00:00,48,0.081667,0.101947
2025-11-07 18:00:00,2025-11,2025-11-07 17:00:00,1,0.481667,0.569613
2025-11-07 19:00:00,2025-11,2025-11-07 17:00:00,2,0.726667,0.482721
2025-11-07 20:00:00,2025-11,2025-11-07 17:00:00,3,0.733333,0.358993
2025-11-07 21:00:00,2025-11,2025-11-07 17:00:00,4,0.711667,0.332110
2025-11-07 22:00:00,2025-11,2025-11-07 17:00:00,5,0.653333,0.324763
2025-11-07 23:00:00,2025-11,2025-11-07 17:00:00,6,0.895000,0.311500
2025-11-08 00:00:00,2025-11,2025-11-07 17:00:00,7,0.678333,0.336960
2025-11-08 01:00:00,2025-11,2025-11-07 17:00:00,8,0.831667,0.337793
2025-11-08 02:00:00,2025-11,2025-11-07 17:00:00,9,0.961667,0.344741
2025-11-08 03:00:00,2025-11,2025-11-07 17:00:00,10,0.956667,0.578374
2025-11-08 04:00:00,2025-11,2025-11-07 17:00:00,11,0.961667,0.655997
2025-11-08 05:00:00,2025-11,2025-11-07 17:00:00,12,0.950000,0.711884
2025-11-08 06:00:00,2025-11,2025-11-07 17:00:00,13,0.913333,0.695181
2025-11-08 07:00:00,2025-11,2025-11-07 17:00:00,14,0.686667,0.681425
2025-11-08 08:00:00,2025-11,2025-11-07 17:00:00,15,0.360000,0.595535
2025-11-08 09:00:00,2025-11,2025-11-07 17:00:00,16,0.436667,0.500253
2025-11-08 10:00:00,2025-11,2025-11-07 17:00:00,17,0.498333,0.372451
2025-11-08 11:00:00,2025-11,2025-11-07 17:00:00,18,0.285000,0.221769
2025-11-08 12:00:00,2025-11,2025-11-07 17:00:00,19,0.265000,0.160330
2025-11-08 13:00:00,2025-11,2025-11-07 17:00:00,20,0.256667,0.092563
2025-11-08 14:00:00,2025-11,2025-11-07 17:00:00,21,0.180000,0.059321
2025-11-08 15:00:00,2025-11,2025-11-07 17:00:00,22,0.111667,0.047697
2025-11-08 16:00:00,2025-11,2025-11-07 17:00:00,23,0.105000,0.038269
2025-11-08 17:00:00,2025-11,2025-11-07 17:00:00,24,0.081667,0.034402
2025-11-08 18:00:00,2025-11,2025-11-07 17:00:00,25,0.065000,0.023057
2025-11-08 19:00:00,2025-11,2025-11-07 17:00:00,26,0.088333,0.021500
2025-11-08 20:00:00,2025-11,2025-11-07 17:00:00,27,0.016667,0.016209
2025-11-08 21:00:00,2025-11,2025-11-07 17:00:00,28,0.013333,0.017278
2025-11-08 22:00:00,2025-11,2025-11-07 17:00:00,29,0.046667,0.003256
2025-11-08 23:00:00,2025-11,2025-11-07 17:00:00,30,0.030000,0.011936
2025-11-09 00:00:00,2025-11,2025-11-07 17:00:00,31,0.021667,0.030755
2025-11-09 01:00:00,2025-11,2025-11-07 17:00:00,32,0.011667,0.036800
2025-11-09 02:00:00,2025-11,2025-11-07 17:00:00,33,0.010000,0.088828
2025-11-09 03:00:00,2025-11,2025-11-07 17:00:00,34,0.041667,0.188651
2025-11-09 04:00:00,2025-11,2025-11-07 17:00:00,35,0.158333,0.384084
2025-11-09 05:00:00,2025-11,2025-11-07 17:00:00,36,0.178333,0.614014
2025-11-09 06:00:00,2025-11,2025-11-07 17:00:00,37,0.471667,0.725089
2025-11-09 07:00:00,2025-11,2025-11-07 17:00:00,38,0.621667,0.800250
2025-11-09 08:00:00,2025-11,2025-11-07 17:00:00,39,0.808333,0.817631
2025-11-09 09:00:00,2025-11,2025-11-07 17:00:00,40,0.943333,0.800003
2025-11-09 10:00:00,2025-11,2025-11-07 17:00:00,41,0.823333,0.756447
2025-11-09 11:00:00,2025-11,2025-11-07 17:00:00,42,0.851667,0.677002
2025-11-09 12:00:00,2025-11,2025-11-07 17:00:00,43,0.970000,0.466442
2025-11-09 13:00:00,2025-11,2025-11-07 17:00:00,44,0.741667,0.358436
2025-11-09 14:00:00,2025-11,2025-11-07 17:00:00,45,0.491667,0.316912
2025-11-09 15:00:00,2025-11,2025-11-07 17:00:00,46,0.328333,0.264407
2025-11-09 16:00:00,2025-11,2025-11-07 17:00:00,47,0.146667,0.244728
2025-11-09 17:00:00,2025-11,2025-11-07 17:00:00,48,0.135000,0.192890
2025-11-08 18:00:00,2025-11,2025-11-08 17:00:00,1,0.065000,0.024047
2025-11-08 19:00:00,2025-11,2025-11-08 17:00:00,2,0.088333,0.020872
2025-11-08 20:00:00,2025-11,2025-11-08 17:00:00,3,0.016667,0.020723
2025-11-08 21:00:00,2025-11,2025-11-08 17:00:00,4,0.013333,0.020856
2025-11-08 22:00:00,2025-11,2025-11-08 17:00:00,5,0.046667,0.036133
2025-11-08 23:00:00,2025-11,2025-11-08 17:00:00,6,0.030000,0.049202
2025-11-09 00:00:00,2025-11,2025-11-08 17:00:00,7,0.021667,0.094003
2025-11-09 01:00:00,2025-11,2025-11-08 17:00:00,8,0.011667,0.129655
2025-11-09 02:00:00,2025-11,2025-11-08 17:00:00,9,0.010000,0.161678
2025-11-09 03:00:00,2025-11,2025-11-08 17:00:00,10,0.041667,0.398952
2025-11-09 04:00:00,2025-11,2025-11-08 17:00:00,11,0.158333,0.606237
2025-11-09 05:00:00,2025-11,2025-11-08 17:00:00,12,0.178333,0.710985
2025-11-09 06:00:00,2025-11,2025-11-08 17:00:00,13,0.471667,0.805390
2025-11-09 07:00:00,2025-11,2025-11-08 17:00:00,14,0.621667,0.845003
2025-11-09 08:00:00,2025-11,2025-11-08 17:00:00,15,0.808333,0.835600
2025-11-09 09:00:00,2025-11,2025-11-08 17:00:00,16,0.943333,0.805689
2025-11-09 10:00:00,2025-11,2025-11-08 17:00:00,17,0.823333,0.773152
2025-11-09 11:00:00,2025-11,2025-11-08 17:00:00,18,0.851667,0.724268
2025-11-09 12:00:00,2025-11,2025-11-08 17:00:00,19,0.970000,0.544233
2025-11-09 13:00:00,2025-11,2025-11-08 17:00:00,20,0.741667,0.332084
2025-11-09 14:00:00,2025-11,2025-11-08 17:00:00,21,0.491667,0.259385
2025-11-09 15:00:00,2025-11,2025-11-08 17:00:00,22,0.328333,0.171899
2025-11-09 16:00:00,2025-11,2025-11-08 17:00:00,23,0.146667,0.085275
2025-11-09 17:00:00,2025-11,2025-11-08 17:00:00,24,0.135000,0.047460
2025-11-09 18:00:00,2025-11,2025-11-08 17:00:00,25,0.061667,0.024176
2025-11-09 19:00:00,2025-11,2025-11-08 17:00:00,26,0.023333,0.014234
2025-11-09 20:00:00,2025-11,2025-11-08 17:00:00,27,0.041667,0.008957
2025-11-09 21:00:00,2025-11,2025-11-08 17:00:00,28,0.021667,0.010136
2025-11-09 22:00:00,2025-11,2025-11-08 17:00:00,29,0.033333,0.010217
2025-11-09 23:00:00,2025-11,2025-11-08 17:00:00,30,0.010000,0.009641
2025-11-10 00:00:00,2025-11,2025-11-08 17:00:00,31,0.016667,0.011958
2025-11-10 01:00:00,2025-11,2025-11-08 17:00:00,32,0.010000,0.013093
2025-11-10 02:00:00,2025-11,2025-11-08 17:00:00,33,0.010000,0.010537
2025-11-10 03:00:00,2025-11,2025-11-08 17:00:00,34,0.010000,0.050343
2025-11-10 04:00:00,2025-11,2025-11-08 17:00:00,35,0.121667,0.107158
2025-11-10 05:00:00,2025-11,2025-11-08 17:00:00,36,0.225000,0.170119
2025-11-10 06:00:00,2025-11,2025-11-08 17:00:00,37,0.451667,0.303819
2025-11-10 07:00:00,2025-11,2025-11-08 17:00:00,38,0.605000,0.450180
2025-11-10 08:00:00,2025-11,2025-11-08 17:00:00,39,0.438333,0.592728
2025-11-10 09:00:00,2025-11,2025-11-08 17:00:00,40,0.665000,0.689050
2025-11-10 10:00:00,2025-11,2025-11-08 17:00:00,41,0.623333,0.613701
2025-11-10 11:00:00,2025-11,2025-11-08 17:00:00,42,0.325000,0.426611
2025-11-10 12:00:00,2025-11,2025-11-08 17:00:00,43,0.380000,0.266095
2025-11-10 13:00:00,2025-11,2025-11-08 17:00:00,44,0.458333,0.149682
2025-11-10 14:00:00,2025-11,2025-11-08 17:00:00,45,0.606667,0.096375
2025-11-10 15:00:00,2025-11,2025-11-08 17:00:00,46,0.385000,0.079277
2025-11-10 16:00:00,2025-11,2025-11-08 17:00:00,47,0.336667,0.079144
2025-11-10 17:00:00,2025-11,2025-11-08 17:00:00,48,0.173333,0.049538
2025-11-09 18:00:00,2025-11,2025-11-09 17:00:00,1,0.061667,0.042612
2025-11-09 19:00:00,2025-11,2025-11-09 17:00:00,2,0.023333,0.039225
2025-11-09 20:00:00,2025-11,2025-11-09 17:00:00,3,0.041667,0.016310
2025-11-09 21:00:00,2025-11,2025-11-09 17:00:00,4,0.021667,0.017471
2025-11-09 22:00:00,2025-11,2025-11-09 17:00:00,5,0.033333,0.027581
2025-11-09 23:00:00,2025-11,2025-11-09 17:00:00,6,0.010000,0.010207
2025-11-10 00:00:00,2025-11,2025-11-09 17:00:00,7,0.016667,0.000411
2025-11-10 01:00:00,2025-11,2025-11-09 17:00:00,8,0.010000,0.015722
2025-11-10 02:00:00,2025-11,2025-11-09 17:00:00,9,0.010000,0.008416
2025-11-10 03:00:00,2025-11,2025-11-09 17:00:00,10,0.010000,0.008134
2025-11-10 04:00:00,2025-11,2025-11-09 17:00:00,11,0.121667,0.023321
2025-11-10 05:00:00,2025-11,2025-11-09 17:00:00,12,0.225000,0.046388
2025-11-10 06:00:00,2025-11,2025-11-09 17:00:00,13,0.451667,0.158973
2025-11-10 07:00:00,2025-11,2025-11-09 17:00:00,14,0.605000,0.350664
2025-11-10 08:00:00,2025-11,2025-11-09 17:00:00,15,0.438333,0.606408
2025-11-10 09:00:00,2025-11,2025-11-09 17:00:00,16,0.665000,0.708915
2025-11-10 10:00:00,2025-11,2025-11-09 17:00:00,17,0.623333,0.685266
2025-11-10 11:00:00,2025-11,2025-11-09 17:00:00,18,0.325000,0.696959
2025-11-10 12:00:00,2025-11,2025-11-09 17:00:00,19,0.380000,0.549074
2025-11-10 13:00:00,2025-11,2025-11-09 17:00:00,20,0.458333,0.379443
2025-11-10 14:00:00,2025-11,2025-11-09 17:00:00,21,0.606667,0.280045
2025-11-10 15:00:00,2025-11,2025-11-09 17:00:00,22,0.385000,0.181144
2025-11-10 16:00:00,2025-11,2025-11-09 17:00:00,23,0.336667,0.134852
2025-11-10 17:00:00,2025-11,2025-11-09 17:00:00,24,0.173333,0.143625
2025-11-10 18:00:00,2025-11,2025-11-09 17:00:00,25,0.191667,0.098541
2025-11-10 19:00:00,2025-11,2025-11-09 17:00:00,26,0.128333,0.046482
2025-11-10 20:00:00,2025-11,2025-11-09 17:00:00,27,0.010000,0.020242
2025-11-10 21:00:00,2025-11,2025-11-09 17:00:00,28,0.010000,0.014045
2025-11-10 22:00:00,2025-11,2025-11-09 17:00:00,29,0.026667,0.021016
2025-11-10 23:00:00,2025-11,2025-11-09 17:00:00,30,0.231667,0.037523
2025-11-11 00:00:00,2025-11,2025-11-09 17:00:00,31,0.288333,0.125473
2025-11-11 01:00:00,2025-11,2025-11-09 17:00:00,32,0.210000,0.299021
2025-11-11 02:00:00,2025-11,2025-11-09 17:00:00,33,0.410000,0.638142
2025-11-11 03:00:00,2025-11,2025-11-09 17:00:00,34,0.935000,0.880597
2025-11-11 04:00:00,2025-11,2025-11-09 17:00:00,35,0.973333,0.929992
2025-11-11 05:00:00,2025-11,2025-11-09 17:00:00,36,0.970000,0.951733
2025-11-11 06:00:00,2025-11,2025-11-09 17:00:00,37,0.968333,0.993203
2025-11-11 07:00:00,2025-11,2025-11-09 17:00:00,38,0.970000,0.985290
2025-11-11 08:00:00,2025-11,2025-11-09 17:00:00,39,0.966667,0.990685
2025-11-11 09:00:00,2025-11,2025-11-09 17:00:00,40,0.965000,0.957108
2025-11-11 10:00:00,2025-11,2025-11-09 17:00:00,41,0.970000,0.953816
2025-11-11 11:00:00,2025-11,2025-11-09 17:00:00,42,0.970000,0.925542
2025-11-11 12:00:00,2025-11,2025-11-09 17:00:00,43,0.951667,0.857414
2025-11-11 13:00:00,2025-11,2025-11-09 17:00:00,44,0.810000,0.829105
2025-11-11 14:00:00,2025-11,2025-11-09 17:00:00,45,0.790000,0.806020
2025-11-11 15:00:00,2025-11,2025-11-09 17:00:00,46,0.780000,0.816281
2025-11-11 16:00:00,2025-11,2025-11-09 17:00:00,47,0.873333,0.834857
2025-11-11 17:00:00,2025-11,2025-11-09 17:00:00,48,0.793333,0.827201
2025-11-10 18:00:00,2025-11,2025-11-10 17:00:00,1,0.191667,0.072670
2025-11-10 19:00:00,2025-11,2025-11-10 17:00:00,2,0.128333,0.055689
2025-11-10 20:00:00,2025-11,2025-11-10 17:00:00,3,0.010000,0.013848
2025-11-10 21:00:00,2025-11,2025-11-10 17:00:00,4,0.010000,0.012627
2025-11-10 22:00:00,2025-11,2025-11-10 17:00:00,5,0.026667,0.013558
2025-11-10 23:00:00,2025-11,2025-11-10 17:00:00,6,0.231667,0.043552
2025-11-11 00:00:00,2025-11,2025-11-10 17:00:00,7,0.288333,0.094801
2025-11-11 01:00:00,2025-11,2025-11-10 17:00:00,8,0.210000,0.246403
2025-11-11 02:00:00,2025-11,2025-11-10 17:00:00,9,0.410000,0.593453
2025-11-11 03:00:00,2025-11,2025-11-10 17:00:00,10,0.935000,0.838432
2025-11-11 04:00:00,2025-11,2025-11-10 17:00:00,11,0.973333,0.878398
2025-11-11 05:00:00,2025-11,2025-11-10 17:00:00,12,0.970000,0.938582
2025-11-11 06:00:00,2025-11,2025-11-10 17:00:00,13,0.968333,0.985069
2025-11-11 07:00:00,2025-11,2025-11-10 17:00:00,14,0.970000,0.978159
2025-11-11 08:00:00,2025-11,2025-11-10 17:00:00,15,0.966667,0.979058
2025-11-11 09:00:00,2025-11,2025-11-10 17:00:00,16,0.965000,0.954184
2025-11-11 10:00:00,2025-11,2025-11-10 17:00:00,17,0.970000,0.940319
2025-11-11 11:00:00,2025-11,2025-11-10 17:00:00,18,0.970000,0.927355
2025-11-11 12:00:00,2025-11,2025-11-10 17:00:00,19,0.951667,0.875069
2025-11-11 13:00:00,2025-11,2025-11-10 17:00:00,20,0.810000,0.830967
2025-11-11 14:00:00,2025-11,2025-11-10 17:00:00,21,0.790000,0.822485
2025-11-11 15:00:00,2025-11,2025-11-10 17:00:00,22,0.780000,0.827748
2025-11-11 16:00:00,2025-11,2025-11-10 17:00:00,23,0.873333,0.842646
2025-11-11 17:00:00,2025-11,2025-11-10 17:00:00,24,0.793333,0.848192
2025-11-11 18:00:00,2025-11,2025-11-10 17:00:00,25,0.428333,0.827862
2025-11-11 19:00:00,2025-11,2025-11-10 17:00:00,26,0.506667,0.786169
2025-11-11 20:00:00,2025-11,2025-11-10 17:00:00,27,0.430000,0.762389
2025-11-11 21:00:00,2025-11,2025-11-10 17:00:00,28,0.563333,0.756301
2025-11-11 22:00:00,2025-11,2025-11-10 17:00:00,29,0.688333,0.762930
2025-11-11 23:00:00,2025-11,2025-11-10 17:00:00,30,0.588333,0.768654
2025-11-12 00:00:00,2025-11,2025-11-10 17:00:00,31,0.210000,0.770263
2025-11-12 01:00:00,2025-11,2025-11-10 17:00:00,32,0.293333,0.770954
2025-11-12 02:00:00,2025-11,2025-11-10 17:00:00,33,0.686667,0.736800
2025-11-12 03:00:00,2025-11,2025-11-10 17:00:00,34,0.806667,0.784527
2025-11-12 04:00:00,2025-11,2025-11-10 17:00:00,35,0.713333,0.810914
2025-11-12 05:00:00,2025-11,2025-11-10 17:00:00,36,0.975000,0.809558
2025-11-12 06:00:00,2025-11,2025-11-10 17:00:00,37,0.761667,0.731585
2025-11-12 07:00:00,2025-11,2025-11-10 17:00:00,38,0.601667,0.587310
2025-11-12 08:00:00,2025-11,2025-11-10 17:00:00,39,0.616667,0.393775
2025-11-12 09:00:00,2025-11,2025-11-10 17:00:00,40,0.211667,0.213601
2025-11-12 10:00:00,2025-11,2025-11-10 17:00:00,41,0.073333,0.094315
2025-11-12 11:00:00,2025-11,2025-11-10 17:00:00,42,0.008333,0.074310
2025-11-12 12:00:00,2025-11,2025-11-10 17:00:00,43,0.010000,0.051231
2025-11-12 13:00:00,2025-11,2025-11-10 17:00:00,44,0.010000,0.050323
2025-11-12 14:00:00,2025-11,2025-11-10 17:00:00,45,0.008333,0.036415
2025-11-12 15:00:00,2025-11,2025-11-10 17:00:00,46,0.010000,0.042227
2025-11-12 16:00:00,2025-11,2025-11-10 17:00:00,47,0.025000,0.041541
2025-11-12 17:00:00,2025-11,2025-11-10 17:00:00,48,0.010000,0.046016
2025-11-11 18:00:00,2025-11,2025-11-11 17:00:00,1,0.428333,0.889758
2025-11-11 19:00:00,2025-11,2025-11-11 17:00:00,2,0.506667,0.906417
2025-11-11 20:00:00,2025-11,2025-11-11 17:00:00,3,0.430000,0.918862
2025-11-11 21:00:00,2025-11,2025-11-11 17:00:00,4,0.563333,0.919176
2025-11-11 22:00:00,2025-11,2025-11-11 17:00:00,5,0.688333,0.916679
2025-11-11 23:00:00,2025-11,2025-11-11 17:00:00,6,0.588333,0.880651
2025-11-12 00:00:00,2025-11,2025-11-11 17:00:00,7,0.210000,0.850584
2025-11-12 01:00:00,2025-11,2025-11-11 17:00:00,8,0.293333,0.806644
2025-11-12 02:00:00,2025-11,2025-11-11 17:00:00,9,0.686667,0.753261
2025-11-12 03:00:00,2025-11,2025-11-11 17:00:00,10,0.806667,0.777585
2025-11-12 04:00:00,2025-11,2025-11-11 17:00:00,11,0.713333,0.798245
2025-11-12 05:00:00,2025-11,2025-11-11 17:00:00,12,0.975000,0.777335
2025-11-12 06:00:00,2025-11,2025-11-11 17:00:00,13,0.761667,0.699977
2025-11-12 07:00:00,2025-11,2025-11-11 17:00:00,14,0.601667,0.546581
2025-11-12 08:00:00,2025-11,2025-11-11 17:00:00,15,0.616667,0.320004
2025-11-12 09:00:00,2025-11,2025-11-11 17:00:00,16,0.211667,0.136879
2025-11-12 10:00:00,2025-11,2025-11-11 17:00:00,17,0.073333,0.080394
2025-11-12 11:00:00,2025-11,2025-11-11 17:00:00,18,0.008333,0.059826
2025-11-12 12:00:00,2025-11,2025-11-11 17:00:00,19,0.010000,0.032218
2025-11-12 13:00:00,2025-11,2025-11-11 17:00:00,20,0.010000,0.024074
2025-11-12 14:00:00,2025-11,2025-11-11 17:00:00,21,0.008333,0.013743
2025-11-12 15:00:00,2025-11,2025-11-11 17:00:00,22,0.010000,0.013966
2025-11-12 16:00:00,2025-11,2025-11-11 17:00:00,23,0.025000,0.011864
2025-11-12 17:00:00,2025-11,2025-11-11 17:00:00,24,0.010000,0.013084
2025-11-12 18:00:00,2025-11,2025-11-11 17:00:00,25,0.028333,0.010997
2025-11-12 19:00:00,2025-11,2025-11-11 17:00:00,26,0.055000,0.018180
2025-11-12 20:00:00,2025-11,2025-11-11 17:00:00,27,0.075000,0.023637
2025-11-12 21:00:00,2025-11,2025-11-11 17:00:00,28,0.151667,0.038627
2025-11-12 22:00:00,2025-11,2025-11-11 17:00:00,29,0.350000,0.040843
2025-11-12 23:00:00,2025-11,2025-11-11 17:00:00,30,0.158333,0.040537
2025-11-13 00:00:00,2025-11,2025-11-11 17:00:00,31,0.125000,0.122154
2025-11-13 01:00:00,2025-11,2025-11-11 17:00:00,32,0.133333,0.120837
2025-11-13 02:00:00,2025-11,2025-11-11 17:00:00,33,0.230000,0.072095
2025-11-13 03:00:00,2025-11,2025-11-11 17:00:00,34,0.086667,0.095261
2025-11-13 04:00:00,2025-11,2025-11-11 17:00:00,35,0.035000,0.130135
2025-11-13 05:00:00,2025-11,2025-11-11 17:00:00,36,0.080000,0.082049
2025-11-13 06:00:00,2025-11,2025-11-11 17:00:00,37,0.078333,0.059984
2025-11-13 07:00:00,2025-11,2025-11-11 17:00:00,38,0.030000,0.029698
2025-11-13 08:00:00,2025-11,2025-11-11 17:00:00,39,0.008333,0.055785
2025-11-13 09:00:00,2025-11,2025-11-11 17:00:00,40,0.038333,0.087864
2025-11-13 10:00:00,2025-11,2025-11-11 17:00:00,41,0.238333,0.174816
2025-11-13 11:00:00,2025-11,2025-11-11 17:00:00,42,0.931667,0.370905
2025-11-13 12:00:00,2025-11,2025-11-11 17:00:00,43,0.545000,0.534148
2025-11-13 13:00:00,2025-11,2025-11-11 17:00:00,44,0.355000,0.448048
2025-11-13 14:00:00,2025-11,2025-11-11 17:00:00,45,0.245000,0.306208
2025-11-13 15:00:00,2025-11,2025-11-11 17:00:00,46,0.095000,0.151740
2025-11-13 16:00:00,2025-11,2025-11-11 17:00:00,47,0.130000,0.098295
2025-11-13 17:00:00,2025-11,2025-11-11 17:00:00,48,0.131667,0.084479
2025-11-12 18:00:00,2025-11,2025-11-12 17:00:00,1,0.028333,0.011536
2025-11-12 19:00:00,2025-11,2025-11-12 17:00:00,2,0.055000,0.012788
2025-11-12 20:00:00,2025-11,2025-11-12 17:00:00,3,0.075000,0.015479
2025-11-12 21:00:00,2025-11,2025-11-12 17:00:00,4,0.151667,0.028094
2025-11-12 22:00:00,2025-11,2025-11-12 17:00:00,5,0.350000,0.053813
2025-11-12 23:00:00,2025-11,2025-11-12 17:00:00,6,0.158333,0.046270
2025-11-13 00:00:00,2025-11,2025-11-12 17:00:00,7,0.125000,0.134492
2025-11-13 01:00:00,2025-11,2025-11-12 17:00:00,8,0.133333,0.178301
2025-11-13 02:00:00,2025-11,2025-11-12 17:00:00,9,0.230000,0.269016
2025-11-13 03:00:00,2025-11,2025-11-12 17:00:00,10,0.086667,0.311681
2025-11-13 04:00:00,2025-11,2025-11-12 17:00:00,11,0.035000,0.319385
2025-11-13 05:00:00,2025-11,2025-11-12 17:00:00,12,0.080000,0.279397
2025-11-13 06:00:00,2025-11,2025-11-12 17:00:00,13,0.078333,0.173382
2025-11-13 07:00:00,2025-11,2025-11-12 17:00:00,14,0.030000,0.094875
2025-11-13 08:00:00,2025-11,2025-11-12 17:00:00,15,0.008333,0.035018
2025-11-13 09:00:00,2025-11,2025-11-12 17:00:00,16,0.038333,0.021945
2025-11-13 10:00:00,2025-11,2025-11-12 17:00:00,17,0.238333,0.052626
2025-11-13 11:00:00,2025-11,2025-11-12 17:00:00,18,0.931667,0.154647
2025-11-13 12:00:00,2025-11,2025-11-12 17:00:00,19,0.545000,0.362251
2025-11-13 13:00:00,2025-11,2025-11-12 17:00:00,20,0.355000,0.340145
2025-11-13 14:00:00,2025-11,2025-11-12 17:00:00,21,0.245000,0.259990
2025-11-13 15:00:00,2025-11,2025-11-12 17:00:00,22,0.095000,0.142960
2025-11-13 16:00:00,2025-11,2025-11-12 17:00:00,23,0.130000,0.108652
2025-11-13 17:00:00,2025-11,2025-11-12 17:00:00,24,0.131667,0.073754
2025-11-13 18:00:00,2025-11,2025-11-12 17:00:00,25,0.076667,0.045612
2025-11-13 19:00:00,2025-11,2025-11-12 17:00:00,26,0.010000,0.021718
2025-11-13 20:00:00,2025-11,2025-11-12 17:00:00,27,0.010000,0.011309
2025-11-13 21:00:00,2025-11,2025-11-12 17:00:00,28,0.018333,0.010187
2025-11-13 22:00:00,2025-11,2025-11-12 17:00:00,29,0.060000,0.018658
2025-11-13 23:00:00,2025-11,2025-11-12 17:00:00,30,0.151667,0.034911
2025-11-14 00:00:00,2025-11,2025-11-12 17:00:00,31,0.503333,0.063626
2025-11-14 01:00:00,2025-11,2025-11-12 17:00:00,32,0.243333,0.102923
2025-11-14 02:00:00,2025-11,2025-11-12 17:00:00,33,0.271667,0.152471
2025-11-14 03:00:00,2025-11,2025-11-12 17:00:00,34,0.168333,0.135070
2025-11-14 04:00:00,2025-11,2025-11-12 17:00:00,35,0.373333,0.195539
2025-11-14 05:00:00,2025-11,2025-11-12 17:00:00,36,0.755000,0.225498
2025-11-14 06:00:00,2025-11,2025-11-12 17:00:00,37,0.690000,0.225547
2025-11-14 07:00:00,2025-11,2025-11-12 17:00:00,38,0.493333,0.221811
2025-11-14 08:00:00,2025-11,2025-11-12 17:00:00,39,0.518333,0.179410
2025-11-14 09:00:00,2025-11,2025-11-12 17:00:00,40,0.540000,0.111045
2025-11-14 10:00:00,2025-11,2025-11-12 17:00:00,41,0.458333,0.109039
2025-11-14 11:00:00,2025-11,2025-11-12 17:00:00,42,0.283333,0.081452
2025-11-14 12:00:00,2025-11,2025-11-12 17:00:00,43,0.121667,0.117557
2025-11-14 13:00:00,2025-11,2025-11-12 17:00:00,44,0.266667,0.210308
2025-11-14 14:00:00,2025-11,2025-11-12 17:00:00,45,0.131667,0.249059
2025-11-14 15:00:00,2025-11,2025-11-12 17:00:00,46,0.265000,0.286974
2025-11-14 16:00:00,2025-11,2025-11-12 17:00:00,47,0.108333,0.314220
2025-11-14 17:00:00,2025-11,2025-11-12 17:00:00,48,0.065000,0.374795
2025-11-13 18:00:00,2025-11,2025-11-13 17:00:00,1,0.076667,0.038068
2025-11-13 19:00:00,2025-11,2025-11-13 17:00:00,2,0.010000,0.020235
2025-11-13 20:00:00,2025-11,2025-11-13 17:00:00,3,0.010000,0.018975
2025-11-13 21:00:00,2025-11,2025-11-13 17:00:00,4,0.018333,0.010038
2025-11-13 22:00:00,2025-11,2025-11-13 17:00:00,5,0.060000,0.020296
2025-11-13 23:00:00,2025-11,2025-11-13 17:00:00,6,0.151667,0.031395
2025-11-14 00:00:00,2025-11,2025-11-13 17:00:00,7,0.503333,0.095387
2025-11-14 01:00:00,2025-11,2025-11-13 17:00:00,8,0.243333,0.110825
2025-11-14 02:00:00,2025-11,2025-11-13 17:00:00,9,0.271667,0.093851
2025-11-14 03:00:00,2025-11,2025-11-13 17:00:00,10,0.168333,0.186667
2025-11-14 04:00:00,2025-11,2025-11-13 17:00:00,11,0.373333,0.332425
2025-11-14 05:00:00,2025-11,2025-11-13 17:00:00,12,0.755000,0.348494
2025-11-14 06:00:00,2025-11,2025-11-13 17:00:00,13,0.690000,0.331581
2025-11-14 07:00:00,2025-11,2025-11-13 17:00:00,14,0.493333,0.287805
2025-11-14 08:00:00,2025-11,2025-11-13 17:00:00,15,0.518333,0.266995
2025-11-14 09:00:00,2025-11,2025-11-13 17:00:00,16,0.540000,0.189281
2025-11-14 10:00:00,2025-11,2025-11-13 17:00:00,17,0.458333,0.148035
2025-11-14 11:00:00,2025-11,2025-11-13 17:00:00,18,0.283333,0.070270
2025-11-14 12:00:00,2025-11,2025-11-13 17:00:00,19,0.121667,0.052725
2025-11-14 13:00:00,2025-11,2025-11-13 17:00:00,20,0.266667,0.057828
2025-11-14 14:00:00,2025-11,2025-11-13 17:00:00,21,0.131667,0.072636
2025-11-14 15:00:00,2025-11,2025-11-13 17:00:00,22,0.265000,0.085180
2025-11-14 16:00:00,2025-11,2025-11-13 17:00:00,23,0.108333,0.111267
2025-11-14 17:00:00,2025-11,2025-11-13 17:00:00,24,0.065000,0.191138
2025-11-14 18:00:00,2025-11,2025-11-13 17:00:00,25,0.050000,0.180133
2025-11-14 19:00:00,2025-11,2025-11-13 17:00:00,26,0.075000,0.225327
2025-11-14 20:00:00,2025-11,2025-11-13 17:00:00,27,0.168333,0.262292
2025-11-14 21:00:00,2025-11,2025-11-13 17:00:00,28,0.186667,0.313834
2025-11-14 22:00:00,2025-11,2025-11-13 17:00:00,29,0.178333,0.337631
2025-11-14 23:00:00,2025-11,2025-11-13 17:00:00,30,0.200000,0.350425
2025-11-15 00:00:00,2025-11,2025-11-13 17:00:00,31,0.191667,0.349631
2025-11-15 01:00:00,2025-11,2025-11-13 17:00:00,32,0.221667,0.346880
2025-11-15 02:00:00,2025-11,2025-11-13 17:00:00,33,0.463333,0.345671
2025-11-15 03:00:00,2025-11,2025-11-13 17:00:00,34,0.391667,0.374127
2025-11-15 04:00:00,2025-11,2025-11-13 17:00:00,35,0.091667,0.496748
2025-11-15 05:00:00,2025-11,2025-11-13 17:00:00,36,0.261667,0.567871
2025-11-15 06:00:00,2025-11,2025-11-13 17:00:00,37,0.380000,0.577909
2025-11-15 07:00:00,2025-11,2025-11-13 17:00:00,38,0.555000,0.563700
2025-11-15 08:00:00,2025-11,2025-11-13 17:00:00,39,0.556667,0.563273
2025-11-15 09:00:00,2025-11,2025-11-13 17:00:00,40,0.511667,0.526342
2025-11-15 10:00:00,2025-11,2025-11-13 17:00:00,41,0.400000,0.474068
2025-11-15 11:00:00,2025-11,2025-11-13 17:00:00,42,0.150000,0.473213
2025-11-15 12:00:00,2025-11,2025-11-13 17:00:00,43,0.135000,0.438244
2025-11-15 13:00:00,2025-11,2025-11-13 17:00:00,44,0.076667,0.340143
2025-11-15 14:00:00,2025-11,2025-11-13 17:00:00,45,0.141667,0.309842
2025-11-15 15:00:00,2025-11,2025-11-13 17:00:00,46,0.423333,0.360344
2025-11-15 16:00:00,2025-11,2025-11-13 17:00:00,47,0.428333,0.401790
2025-11-15 17:00:00,2025-11,2025-11-13 17:00:00,48,0.195000,0.401175
2025-11-14 18:00:00,2025-11,2025-11-14 17:00:00,1,0.050000,0.109520
2025-11-14 19:00:00,2025-11,2025-11-14 17:00:00,2,0.075000,0.111120
2025-11-14 20:00:00,2025-11,2025-11-14 17:00:00,3,0.168333,0.153138
2025-11-14 21:00:00,2025-11,2025-11-14 17:00:00,4,0.186667,0.226361
2025-11-14 22:00:00,2025-11,2025-11-14 17:00:00,5,0.178333,0.300406
2025-11-14 23:00:00,2025-11,2025-11-14 17:00:00,6,0.200000,0.345568
2025-11-15 00:00:00,2025-11,2025-11-14 17:00:00,7,0.191667,0.335043
2025-11-15 01:00:00,2025-11,2025-11-14 17:00:00,8,0.221667,0.334304
2025-11-15 02:00:00,2025-11,2025-11-14 17:00:00,9,0.463333,0.317576
2025-11-15 03:00:00,2025-11,2025-11-14 17:00:00,10,0.391667,0.385300
2025-11-15 04:00:00,2025-11,2025-11-14 17:00:00,11,0.091667,0.488623
2025-11-15 05:00:00,2025-11,2025-11-14 17:00:00,12,0.261667,0.546481
2025-11-15 06:00:00,2025-11,2025-11-14 17:00:00,13,0.380000,0.485430
2025-11-15 07:00:00,2025-11,2025-11-14 17:00:00,14,0.555000,0.482414
2025-11-15 08:00:00,2025-11,2025-11-14 17:00:00,15,0.556667,0.374414
2025-11-15 09:00:00,2025-11,2025-11-14 17:00:00,16,0.511667,0.373644
2025-11-15 10:00:00,2025-11,2025-11-14 17:00:00,17,0.400000,0.355870
2025-11-15 11:00:00,2025-11,2025-11-14 17:00:00,18,0.150000,0.352992
2025-11-15 12:00:00,2025-11,2025-11-14 17:00:00,19,0.135000,0.339311
2025-11-15 13:00:00,2025-11,2025-11-14 17:00:00,20,0.076667,0.289477
2025-11-15 14:00:00,2025-11,2025-11-14 17:00:00,21,0.141667,0.238931
2025-11-15 15:00:00,2025-11,2025-11-14 17:00:00,22,0.423333,0.247257
2025-11-15 16:00:00,2025-11,2025-11-14 17:00:00,23,0.428333,0.294321
2025-11-15 17:00:00,2025-11,2025-11-14 17:00:00,24,0.195000,0.344393
2025-11-15 18:00:00,2025-11,2025-11-14 17:00:00,25,0.320000,0.471158
2025-11-15 19:00:00,2025-11,2025-11-14 17:00:00,26,0.346667,0.575678
2025-11-15 20:00:00,2025-11,2025-11-14 17:00:00,27,0.693333,0.706732
2025-11-15 21:00:00,2025-11,2025-11-14 17:00:00,28,0.978333,0.800718
2025-11-15 22:00:00,2025-11,2025-11-14 17:00:00,29,0.970000,0.833126
2025-11-15 23:00:00,2025-11,2025-11-14 17:00:00,30,0.971667,0.886703
2025-11-16 00:00:00,2025-11,2025-11-14 17:00:00,31,0.970000,0.938508
2025-11-16 01:00:00,2025-11,2025-11-14 17:00:00,32,0.970000,0.971916
2025-11-16 02:00:00,2025-11,2025-11-14 17:00:00,33,0.971667,0.975704
2025-11-16 03:00:00,2025-11,2025-11-14 17:00:00,34,0.973333,0.977519
2025-11-16 04:00:00,2025-11,2025-11-14 17:00:00,35,0.963333,0.974105
2025-11-16 05:00:00,2025-11,2025-11-14 17:00:00,36,0.963333,0.980610
2025-11-16 06:00:00,2025-11,2025-11-14 17:00:00,37,0.970000,0.976046
2025-11-16 07:00:00,2025-11,2025-11-14 17:00:00,38,0.970000,0.977784
2025-11-16 08:00:00,2025-11,2025-11-14 17:00:00,39,0.968333,0.976526
2025-11-16 09:00:00,2025-11,2025-11-14 17:00:00,40,0.958333,0.955315
2025-11-16 10:00:00,2025-11,2025-11-14 17:00:00,41,0.868333,0.931716
2025-11-16 11:00:00,2025-11,2025-11-14 17:00:00,42,0.821667,0.749185
2025-11-16 12:00:00,2025-11,2025-11-14 17:00:00,43,0.233333,0.559344
2025-11-16 13:00:00,2025-11,2025-11-14 17:00:00,44,0.153333,0.386191
2025-11-16 14:00:00,2025-11,2025-11-14 17:00:00,45,0.273333,0.320768
2025-11-16 15:00:00,2025-11,2025-11-14 17:00:00,46,0.211667,0.311024
2025-11-16 16:00:00,2025-11,2025-11-14 17:00:00,47,0.073333,0.288022
2025-11-16 17:00:00,2025-11,2025-11-14 17:00:00,48,0.015000,0.315255
2025-11-15 18:00:00,2025-11,2025-11-15 17:00:00,1,0.320000,0.512888
2025-11-15 19:00:00,2025-11,2025-11-15 17:00:00,2,0.346667,0.595372
2025-11-15 20:00:00,2025-11,2025-11-15 17:00:00,3,0.693333,0.701635
2025-11-15 21:00:00,2025-11,2025-11-15 17:00:00,4,0.978333,0.782599
2025-11-15 22:00:00,2025-11,2025-11-15 17:00:00,5,0.970000,0.818435
2025-11-15 23:00:00,2025-11,2025-11-15 17:00:00,6,0.971667,0.880386
2025-11-16 00:00:00,2025-11,2025-11-15 17:00:00,7,0.970000,0.962972
2025-11-16 01:00:00,2025-11,2025-11-15 17:00:00,8,0.970000,0.963836
2025-11-16 02:00:00,2025-11,2025-11-15 17:00:00,9,0.971667,0.962548
2025-11-16 03:00:00,2025-11,2025-11-15 17:00:00,10,0.973333,0.969863
2025-11-16 04:00:00,2025-11,2025-11-15 17:00:00,11,0.963333,0.968451
2025-11-16 05:00:00,2025-11,2025-11-15 17:00:00,12,0.963333,0.978525
2025-11-16 06:00:00,2025-11,2025-11-15 17:00:00,13,0.970000,0.976949
2025-11-16 07:00:00,2025-11,2025-11-15 17:00:00,14,0.970000,0.974544
2025-11-16 08:00:00,2025-11,2025-11-15 17:00:00,15,0.968333,0.968081
2025-11-16 09:00:00,2025-11,2025-11-15 17:00:00,16,0.958333,0.947719
2025-11-16 10:00:00,2025-11,2025-11-15 17:00:00,17,0.868333,0.939371
2025-11-16 11:00:00,2025-11,2025-11-15 17:00:00,18,0.821667,0.880581
2025-11-16 12:00:00,2025-11,2025-11-15 17:00:00,19,0.233333,0.772990
2025-11-16 13:00:00,2025-11,2025-11-15 17:00:00,20,0.153333,0.723059
2025-11-16 14:00:00,2025-11,2025-11-15 17:00:00,21,0.273333,0.579719
2025-11-16 15:00:00,2025-11,2025-11-15 17:00:00,22,0.211667,0.434755
2025-11-16 16:00:00,2025-11,2025-11-15 17:00:00,23,0.073333,0.364884
2025-11-16 17:00:00,2025-11,2025-11-15 17:00:00,24,0.015000,0.273936
2025-11-16 18:00:00,2025-11,2025-11-15 17:00:00,25,0.010000,0.113381
2025-11-16 19:00:00,2025-11,2025-11-15 17:00:00,26,0.010000,0.096090
2025-11-16 20:00:00,2025-11,2025-11-15 17:00:00,27,0.008333,0.083260
2025-11-16 21:00:00,2025-11,2025-11-15 17:00:00,28,0.010000,0.072870
2025-11-16 22:00:00,2025-11,2025-11-15 17:00:00,29,0.010000,0.070290
2025-11-16 23:00:00,2025-11,2025-11-15 17:00:00,30,0.005000,0.060705
2025-11-17 00:00:00,2025-11,2025-11-15 17:00:00,31,0.010000,0.069258
2025-11-17 01:00:00,2025-11,2025-11-15 17:00:00,32,0.010000,0.079764
2025-11-17 02:00:00,2025-11,2025-11-15 17:00:00,33,0.010000,0.076840
2025-11-17 03:00:00,2025-11,2025-11-15 17:00:00,34,0.010000,0.071374
2025-11-17 04:00:00,2025-11,2025-11-15 17:00:00,35,0.010000,0.092768
2025-11-17 05:00:00,2025-11,2025-11-15 17:00:00,36,0.010000,0.086211
2025-11-17 06:00:00,2025-11,2025-11-15 17:00:00,37,0.010000,0.101483
2025-11-17 07:00:00,2025-11,2025-11-15 17:00:00,38,0.018333,0.078582
2025-11-17 08:00:00,2025-11,2025-11-15 17:00:00,39,0.010000,0.094909
2025-11-17 09:00:00,2025-11,2025-11-15 17:00:00,40,0.005000,0.093376
2025-11-17 10:00:00,2025-11,2025-11-15 17:00:00,41,0.026667,0.134107
2025-11-17 11:00:00,2025-11,2025-11-15 17:00:00,42,0.023333,0.231095
2025-11-17 12:00:00,2025-11,2025-11-15 17:00:00,43,0.013333,0.323779
2025-11-17 13:00:00,2025-11,2025-11-15 17:00:00,44,0.016667,0.401863
2025-11-17 14:00:00,2025-11,2025-11-15 17:00:00,45,0.006667,0.435993
2025-11-17 15:00:00,2025-11,2025-11-15 17:00:00,46,0.021667,0.459074
2025-11-17 16:00:00,2025-11,2025-11-15 17:00:00,47,0.030000,0.467363
2025-11-17 17:00:00,2025-11,2025-11-15 17:00:00,48,0.108333,0.476867
2025-11-16 18:00:00,2025-11,2025-11-16 17:00:00,1,0.010000,0.140255
2025-11-16 19:00:00,2025-11,2025-11-16 17:00:00,2,0.010000,0.091147
2025-11-16 20:00:00,2025-11,2025-11-16 17:00:00,3,0.008333,0.079584
2025-11-16 21:00:00,2025-11,2025-11-16 17:00:00,4,0.010000,0.074023
2025-11-16 22:00:00,2025-11,2025-11-16 17:00:00,5,0.010000,0.068266
2025-11-16 23:00:00,2025-11,2025-11-16 17:00:00,6,0.005000,0.054067
2025-11-17 00:00:00,2025-11,2025-11-16 17:00:00,7,0.010000,0.054843
2025-11-17 01:00:00,2025-11,2025-11-16 17:00:00,8,0.010000,0.065855
2025-11-17 02:00:00,2025-11,2025-11-16 17:00:00,9,0.010000,0.080682
2025-11-17 03:00:00,2025-11,2025-11-16 17:00:00,10,0.010000,0.107019
2025-11-17 04:00:00,2025-11,2025-11-16 17:00:00,11,0.010000,0.094384
2025-11-17 05:00:00,2025-11,2025-11-16 17:00:00,12,0.010000,0.098256
2025-11-17 06:00:00,2025-11,2025-11-16 17:00:00,13,0.010000,0.142221
2025-11-17 07:00:00,2025-11,2025-11-16 17:00:00,14,0.018333,0.110976
2025-11-17 08:00:00,2025-11,2025-11-16 17:00:00,15,0.010000,0.110905
2025-11-17 09:00:00,2025-11,2025-11-16 17:00:00,16,0.005000,0.101999
2025-11-17 10:00:00,2025-11,2025-11-16 17:00:00,17,0.026667,0.132206
2025-11-17 11:00:00,2025-11,2025-11-16 17:00:00,18,0.023333,0.219819
2025-11-17 12:00:00,2025-11,2025-11-16 17:00:00,19,0.013333,0.308190
2025-11-17 13:00:00,2025-11,2025-11-16 17:00:00,20,0.016667,0.426659
2025-11-17 14:00:00,2025-11,2025-11-16 17:00:00,21,0.006667,0.473243
2025-11-17 15:00:00,2025-11,2025-11-16 17:00:00,22,0.021667,0.545764
2025-11-17 16:00:00,2025-11,2025-11-16 17:00:00,23,0.030000,0.623896
2025-11-17 17:00:00,2025-11,2025-11-16 17:00:00,24,0.108333,0.611209
2025-11-17 18:00:00,2025-11,2025-11-16 17:00:00,25,0.141667,0.543985
2025-11-17 19:00:00,2025-11,2025-11-16 17:00:00,26,0.195000,0.573191
2025-11-17 20:00:00,2025-11,2025-11-16 17:00:00,27,0.305000,0.656187
2025-11-17 21:00:00,2025-11,2025-11-16 17:00:00,28,0.510000,0.735111
2025-11-17 22:00:00,2025-11,2025-11-16 17:00:00,29,0.698333,0.772531
2025-11-17 23:00:00,2025-11,2025-11-16 17:00:00,30,0.801667,0.808819
2025-11-18 00:00:00,2025-11,2025-11-16 17:00:00,31,0.733333,0.858959
2025-11-18 01:00:00,2025-11,2025-11-16 17:00:00,32,0.818333,0.920112
2025-11-18 02:00:00,2025-11,2025-11-16 17:00:00,33,0.658333,0.929218
2025-11-18 03:00:00,2025-11,2025-11-16 17:00:00,34,0.528333,0.981710
2025-11-18 04:00:00,2025-11,2025-11-16 17:00:00,35,0.863333,0.967210
2025-11-18 05:00:00,2025-11,2025-11-16 17:00:00,36,0.973333,0.957763
2025-11-18 06:00:00,2025-11,2025-11-16 17:00:00,37,0.970000,0.961654
2025-11-18 07:00:00,2025-11,2025-11-16 17:00:00,38,0.970000,0.971534
2025-11-18 08:00:00,2025-11,2025-11-16 17:00:00,39,0.970000,0.973463
2025-11-18 09:00:00,2025-11,2025-11-16 17:00:00,40,0.970000,0.978634
2025-11-18 10:00:00,2025-11,2025-11-16 17:00:00,41,0.838333,0.967288
2025-11-18 11:00:00,2025-11,2025-11-16 17:00:00,42,0.790000,0.932565
2025-11-18 12:00:00,2025-11,2025-11-16 17:00:00,43,0.970000,0.874500
2025-11-18 13:00:00,2025-11,2025-11-16 17:00:00,44,0.966667,0.777332
2025-11-18 14:00:00,2025-11,2025-11-16 17:00:00,45,0.963333,0.696433
2025-11-18 15:00:00,2025-11,2025-11-16 17:00:00,46,0.946667,0.553919
2025-11-18 16:00:00,2025-11,2025-11-16 17:00:00,47,0.826667,0.406175
2025-11-18 17:00:00,2025-11,2025-11-16 17:00:00,48,0.351667,0.327111
2025-11-17 18:00:00,2025-11,2025-11-17 17:00:00,1,0.141667,0.565811
2025-11-17 19:00:00,2025-11,2025-11-17 17:00:00,2,0.195000,0.603167
2025-11-17 20:00:00,2025-11,2025-11-17 17:00:00,3,0.305000,0.670475
2025-11-17 21:00:00,2025-11,2025-11-17 17:00:00,4,0.510000,0.758305
2025-11-17 22:00:00,2025-11,2025-11-17 17:00:00,5,0.698333,0.820403
2025-11-17 23:00:00,2025-11,2025-11-17 17:00:00,6,0.801667,0.858852
2025-11-18 00:00:00,2025-11,2025-11-17 17:00:00,7,0.733333,0.899763
2025-11-18 01:00:00,2025-11,2025-11-17 17:00:00,8,0.818333,0.929659
2025-11-18 02:00:00,2025-11,2025-11-17 17:00:00,9,0.658333,0.989831
2025-11-18 03:00:00,2025-11,2025-11-17 17:00:00,10,0.528333,0.985896
2025-11-18 04:00:00,2025-11,2025-11-17 17:00:00,11,0.863333,0.972668
2025-11-18 05:00:00,2025-11,2025-11-17 17:00:00,12,0.973333,0.966138
2025-11-18 06:00:00,2025-11,2025-11-17 17:00:00,13,0.970000,0.965794
2025-11-18 07:00:00,2025-11,2025-11-17 17:00:00,14,0.970000,0.966378
2025-11-18 08:00:00,2025-11,2025-11-17 17:00:00,15,0.970000,0.963680
2025-11-18 09:00:00,2025-11,2025-11-17 17:00:00,16,0.970000,0.955858
2025-11-18 10:00:00,2025-11,2025-11-17 17:00:00,17,0.838333,0.950711
2025-11-18 11:00:00,2025-11,2025-11-17 17:00:00,18,0.790000,0.944359
2025-11-18 12:00:00,2025-11,2025-11-17 17:00:00,19,0.970000,0.885785
2025-11-18 13:00:00,2025-11,2025-11-17 17:00:00,20,0.966667,0.812441
2025-11-18 14:00:00,2025-11,2025-11-17 17:00:00,21,0.963333,0.709249
2025-11-18 15:00:00,2025-11,2025-11-17 17:00:00,22,0.946667,0.618270
2025-11-18 16:00:00,2025-11,2025-11-17 17:00:00,23,0.826667,0.419007
2025-11-18 17:00:00,2025-11,2025-11-17 17:00:00,24,0.351667,0.320408
2025-11-18 18:00:00,2025-11,2025-11-17 17:00:00,25,0.486667,0.194388
2025-11-18 19:00:00,2025-11,2025-11-17 17:00:00,26,0.475000,0.175187
2025-11-18 20:00:00,2025-11,2025-11-17 17:00:00,27,0.611667,0.157759
2025-11-18 21:00:00,2025-11,2025-11-17 17:00:00,28,0.511667,0.147470
2025-11-18 22:00:00,2025-11,2025-11-17 17:00:00,29,0.513333,0.128219
2025-11-18 23:00:00,2025-11,2025-11-17 17:00:00,30,0.450000,0.111654
2025-11-19 00:00:00,2025-11,2025-11-17 17:00:00,31,0.470000,0.099071
2025-11-19 01:00:00,2025-11,2025-11-17 17:00:00,32,0.561667,0.104786
2025-11-19 02:00:00,2025-11,2025-11-17 17:00:00,33,0.445000,0.110947
2025-11-19 03:00:00,2025-11,2025-11-17 17:00:00,34,0.318333,0.068698
2025-11-19 04:00:00,2025-11,2025-11-17 17:00:00,35,0.108333,0.082411
2025-11-19 05:00:00,2025-11,2025-11-17 17:00:00,36,0.193333,0.074295
2025-11-19 06:00:00,2025-11,2025-11-17 17:00:00,37,0.388333,0.071553
2025-11-19 07:00:00,2025-11,2025-11-17 17:00:00,38,0.071667,0.034171
2025-11-19 08:00:00,2025-11,2025-11-17 17:00:00,39,0.011667,0.027603
2025-11-19 09:00:00,2025-11,2025-11-17 17:00:00,40,0.010000,0.021206
2025-11-19 10:00:00,2025-11,2025-11-17 17:00:00,41,0.010000,0.019582
2025-11-19 11:00:00,2025-11,2025-11-17 17:00:00,42,0.010000,0.022804
2025-11-19 12:00:00,2025-11,2025-11-17 17:00:00,43,0.010000,0.026320
2025-11-19 13:00:00,2025-11,2025-11-17 17:00:00,44,0.010000,0.022853
2025-11-19 14:00:00,2025-11,2025-11-17 17:00:00,45,0.010000,0.017204
2025-11-19 15:00:00,2025-11,2025-11-17 17:00:00,46,0.010000,0.012131
2025-11-19 16:00:00,2025-11,2025-11-17 17:00:00,47,0.011667,0.013529
2025-11-19 17:00:00,2025-11,2025-11-17 17:00:00,48,0.013333,0.022178
2025-11-18 18:00:00,2025-11,2025-11-18 17:00:00,1,0.486667,0.170032
2025-11-18 19:00:00,2025-11,2025-11-18 17:00:00,2,0.475000,0.143327
2025-11-18 20:00:00,2025-11,2025-11-18 17:00:00,3,0.611667,0.138057
2025-11-18 21:00:00,2025-11,2025-11-18 17:00:00,4,0.511667,0.122893
2025-11-18 22:00:00,2025-11,2025-11-18 17:00:00,5,0.513333,0.110468
2025-11-18 23:00:00,2025-11,2025-11-18 17:00:00,6,0.450000,0.102772
2025-11-19 00:00:00,2025-11,2025-11-18 17:00:00,7,0.470000,0.102996
2025-11-19 01:00:00,2025-11,2025-11-18 17:00:00,8,0.561667,0.075071
2025-11-19 02:00:00,2025-11,2025-11-18 17:00:00,9,0.445000,0.065586
2025-11-19 03:00:00,2025-11,2025-11-18 17:00:00,10,0.318333,0.061809
2025-11-19 04:00:00,2025-11,2025-11-18 17:00:00,11,0.108333,0.085284
2025-11-19 05:00:00,2025-11,2025-11-18 17:00:00,12,0.193333,0.060381
2025-11-19 06:00:00,2025-11,2025-11-18 17:00:00,13,0.388333,0.048493
2025-11-19 07:00:00,2025-11,2025-11-18 17:00:00,14,0.071667,0.031150
2025-11-19 08:00:00,2025-11,2025-11-18 17:00:00,15,0.011667,0.013165
2025-11-19 09:00:00,2025-11,2025-11-18 17:00:00,16,0.010000,0.009177
2025-11-19 10:00:00,2025-11,2025-11-18 17:00:00,17,0.010000,0.011891
2025-11-19 11:00:00,2025-11,2025-11-18 17:00:00,18,0.010000,0.017071
2025-11-19 12:00:00,2025-11,2025-11-18 17:00:00,19,0.010000,0.036191
2025-11-19 13:00:00,2025-11,2025-11-18 17:00:00,20,0.010000,0.062799
2025-11-19 14:00:00,2025-11,2025-11-18 17:00:00,21,0.010000,0.061701
2025-11-19 15:00:00,2025-11,2025-11-18 17:00:00,22,0.010000,0.063699
2025-11-19 16:00:00,2025-11,2025-11-18 17:00:00,23,0.011667,0.056400
2025-11-19 17:00:00,2025-11,2025-11-18 17:00:00,24,0.013333,0.051870
2025-11-19 18:00:00,2025-11,2025-11-18 17:00:00,25,0.031667,0.032787
2025-11-19 19:00:00,2025-11,2025-11-18 17:00:00,26,0.015000,0.033001
2025-11-19 20:00:00,2025-11,2025-11-18 17:00:00,27,0.008333,0.046893
2025-11-19 21:00:00,2025-11,2025-11-18 17:00:00,28,0.010000,0.051751
2025-11-19 22:00:00,2025-11,2025-11-18 17:00:00,29,0.008333,0.053817
2025-11-19 23:00:00,2025-11,2025-11-18 17:00:00,30,0.010000,0.046566
2025-11-20 00:00:00,2025-11,2025-11-18 17:00:00,31,0.010000,0.036715
2025-11-20 01:00:00,2025-11,2025-11-18 17:00:00,32,0.010000,0.027027
2025-11-20 02:00:00,2025-11,2025-11-18 17:00:00,33,0.010000,0.019811
2025-11-20 03:00:00,2025-11,2025-11-18 17:00:00,34,0.010000,0.023135
2025-11-20 04:00:00,2025-11,2025-11-18 17:00:00,35,0.010000,0.023290
2025-11-20 05:00:00,2025-11,2025-11-18 17:00:00,36,0.005000,0.033588
2025-11-20 06:00:00,2025-11,2025-11-18 17:00:00,37,0.016667,0.038421
2025-11-20 07:00:00,2025-11,2025-11-18 17:00:00,38,0.011667,0.038347
2025-11-20 08:00:00,2025-11,2025-11-18 17:00:00,39,0.011667,0.023647
2025-11-20 09:00:00,2025-11,2025-11-18 17:00:00,40,0.010000,0.023368
2025-11-20 10:00:00,2025-11,2025-11-18 17:00:00,41,0.010000,0.026208
2025-11-20 11:00:00,2025-11,2025-11-18 17:00:00,42,0.010000,0.030742
2025-11-20 12:00:00,2025-11,2025-11-18 17:00:00,43,0.010000,0.034649
2025-11-20 13:00:00,2025-11,2025-11-18 17:00:00,44,0.011667,0.033389
2025-11-20 14:00:00,2025-11,2025-11-18 17:00:00,45,0.010000,0.029512
2025-11-20 15:00:00,2025-11,2025-11-18 17:00:00,46,0.008333,0.035427
2025-11-20 16:00:00,2025-11,2025-11-18 17:00:00,47,0.015000,0.051601
2025-11-20 17:00:00,2025-11,2025-11-18 17:00:00,48,0.061667,0.089215
2025-11-19 18:00:00,2025-11,2025-11-19 17:00:00,1,0.031667,0.071033
2025-11-19 19:00:00,2025-11,2025-11-19 17:00:00,2,0.015000,0.063444
2025-11-19 20:00:00,2025-11,2025-11-19 17:00:00,3,0.008333,0.026999
2025-11-19 21:00:00,2025-11,2025-11-19 17:00:00,4,0.010000,0.015166
2025-11-19 22:00:00,2025-11,2025-11-19 17:00:00,5,0.008333,0.014570
2025-11-19 23:00:00,2025-11,2025-11-19 17:00:00,6,0.010000,0.014522
2025-11-20 00:00:00,2025-11,2025-11-19 17:00:00,7,0.010000,0.014123
2025-11-20 01:00:00,2025-11,2025-11-19 17:00:00,8,0.010000,0.011017
2025-11-20 02:00:00,2025-11,2025-11-19 17:00:00,9,0.010000,0.013531
2025-11-20 03:00:00,2025-11,2025-11-19 17:00:00,10,0.010000,0.019222
2025-11-20 04:00:00,2025-11,2025-11-19 17:00:00,11,0.010000,0.021840
2025-11-20 05:00:00,2025-11,2025-11-19 17:00:00,12,0.005000,0.031544
2025-11-20 06:00:00,2025-11,2025-11-19 17:00:00,13,0.016667,0.035025
2025-11-20 07:00:00,2025-11,2025-11-19 17:00:00,14,0.011667,0.027440
2025-11-20 08:00:00,2025-11,2025-11-19 17:00:00,15,0.011667,0.020074
2025-11-20 09:00:00,2025-11,2025-11-19 17:00:00,16,0.010000,0.021334
2025-11-20 10:00:00,2025-11,2025-11-19 17:00:00,17,0.010000,0.020524
2025-11-20 11:00:00,2025-11,2025-11-19 17:00:00,18,0.010000,0.019806
2025-11-20 12:00:00,2025-11,2025-11-19 17:00:00,19,0.010000,0.024694
2025-11-20 13:00:00,2025-11,2025-11-19 17:00:00,20,0.011667,0.030979
2025-11-20 14:00:00,2025-11,2025-11-19 17:00:00,21,0.010000,0.053727
2025-11-20 15:00:00,2025-11,2025-11-19 17:00:00,22,0.008333,0.076399
2025-11-20 16:00:00,2025-11,2025-11-19 17:00:00,23,0.015000,0.064963
2025-11-20 17:00:00,2025-11,2025-11-19 17:00:00,24,0.061667,0.094750
2025-11-20 18:00:00,2025-11,2025-11-19 17:00:00,25,0.148333,0.076949
2025-11-20 19:00:00,2025-11,2025-11-19 17:00:00,26,0.201667,0.115665
2025-11-20 20:00:00,2025-11,2025-11-19 17:00:00,27,0.228333,0.166502
2025-11-20 21:00:00,2025-11,2025-11-19 17:00:00,28,0.156667,0.177849
2025-11-20 22:00:00,2025-11,2025-11-19 17:00:00,29,0.181667,0.267870
2025-11-20 23:00:00,2025-11,2025-11-19 17:00:00,30,0.160000,0.283037
2025-11-21 00:00:00,2025-11,2025-11-19 17:00:00,31,0.128333,0.317244
2025-11-21 01:00:00,2025-11,2025-11-19 17:00:00,32,0.161667,0.335787
2025-11-21 02:00:00,2025-11,2025-11-19 17:00:00,33,0.275000,0.329511
2025-11-21 03:00:00,2025-11,2025-11-19 17:00:00,34,0.205000,0.369295
2025-11-21 04:00:00,2025-11,2025-11-19 17:00:00,35,0.138333,0.452200
2025-11-21 05:00:00,2025-11,2025-11-19 17:00:00,36,0.770000,0.475055
2025-11-21 06:00:00,2025-11,2025-11-19 17:00:00,37,0.961667,0.493838
2025-11-21 07:00:00,2025-11,2025-11-19 17:00:00,38,0.843333,0.489869
2025-11-21 08:00:00,2025-11,2025-11-19 17:00:00,39,0.430000,0.379272
2025-11-21 09:00:00,2025-11,2025-11-19 17:00:00,40,0.310000,0.299490
2025-11-21 10:00:00,2025-11,2025-11-19 17:00:00,41,0.251667,0.244016
2025-11-21 11:00:00,2025-11,2025-11-19 17:00:00,42,0.088333,0.150705
2025-11-21 12:00:00,2025-11,2025-11-19 17:00:00,43,0.061667,0.130353
2025-11-21 13:00:00,2025-11,2025-11-19 17:00:00,44,0.048333,0.106372
2025-11-21 14:00:00,2025-11,2025-11-19 17:00:00,45,0.015000,0.094883
2025-11-21 15:00:00,2025-11,2025-11-19 17:00:00,46,0.066667,0.071730
2025-11-21 16:00:00,2025-11,2025-11-19 17:00:00,47,0.095000,0.058462
2025-11-21 17:00:00,2025-11,2025-11-19 17:00:00,48,0.043333,0.044122
2025-11-20 18:00:00,2025-11,2025-11-20 17:00:00,1,0.148333,0.073824
2025-11-20 19:00:00,2025-11,2025-11-20 17:00:00,2,0.201667,0.111685
2025-11-20 20:00:00,2025-11,2025-11-20 17:00:00,3,0.228333,0.158885
2025-11-20 21:00:00,2025-11,2025-11-20 17:00:00,4,0.156667,0.207069
2025-11-20 22:00:00,2025-11,2025-11-20 17:00:00,5,0.181667,0.242016
2025-11-20 23:00:00,2025-11,2025-11-20 17:00:00,6,0.160000,0.263071
2025-11-21 00:00:00,2025-11,2025-11-20 17:00:00,7,0.128333,0.349051
2025-11-21 01:00:00,2025-11,2025-11-20 17:00:00,8,0.161667,0.354991
2025-11-21 02:00:00,2025-11,2025-11-20 17:00:00,9,0.275000,0.387638
2025-11-21 03:00:00,2025-11,2025-11-20 17:00:00,10,0.205000,0.379659
2025-11-21 04:00:00,2025-11,2025-11-20 17:00:00,11,0.138333,0.485086
2025-11-21 05:00:00,2025-11,2025-11-20 17:00:00,12,0.770000,0.562852
2025-11-21 06:00:00,2025-11,2025-11-20 17:00:00,13,0.961667,0.481077
2025-11-21 07:00:00,2025-11,2025-11-20 17:00:00,14,0.843333,0.471873
2025-11-21 08:00:00,2025-11,2025-11-20 17:00:00,15,0.430000,0.391116
2025-11-21 09:00:00,2025-11,2025-11-20 17:00:00,16,0.310000,0.262164
2025-11-21 10:00:00,2025-11,2025-11-20 17:00:00,17,0.251667,0.220968
2025-11-21 11:00:00,2025-11,2025-11-20 17:00:00,18,0.088333,0.184387
2025-11-21 12:00:00,2025-11,2025-11-20 17:00:00,19,0.061667,0.136152
2025-11-21 13:00:00,2025-11,2025-11-20 17:00:00,20,0.048333,0.097150
2025-11-21 14:00:00,2025-11,2025-11-20 17:00:00,21,0.015000,0.076271
2025-11-21 15:00:00,2025-11,2025-11-20 17:00:00,22,0.066667,0.068247
2025-11-21 16:00:00,2025-11,2025-11-20 17:00:00,23,0.095000,0.045221
2025-11-21 17:00:00,2025-11,2025-11-20 17:00:00,24,0.043333,0.041082
2025-11-21 18:00:00,2025-11,2025-11-20 17:00:00,25,0.008333,0.022395
2025-11-21 19:00:00,2025-11,2025-11-20 17:00:00,26,0.008333,0.020416
2025-11-21 20:00:00,2025-11,2025-11-20 17:00:00,27,0.010000,0.013649
2025-11-21 21:00:00,2025-11,2025-11-20 17:00:00,28,0.010000,0.011849
2025-11-21 22:00:00,2025-11,2025-11-20 17:00:00,29,0.010000,0.016325
2025-11-21 23:00:00,2025-11,2025-11-20 17:00:00,30,0.010000,0.004746
2025-11-22 00:00:00,2025-11,2025-11-20 17:00:00,31,0.036667,0.009739
2025-11-22 01:00:00,2025-11,2025-11-20 17:00:00,32,0.513333,0.015817
2025-11-22 02:00:00,2025-11,2025-11-20 17:00:00,33,0.568333,0.013652
2025-11-22 03:00:00,2025-11,2025-11-20 17:00:00,34,0.641667,0.019064
2025-11-22 04:00:00,2025-11,2025-11-20 17:00:00,35,0.350000,0.061401
2025-11-22 05:00:00,2025-11,2025-11-20 17:00:00,36,0.366667,0.087777
2025-11-22 06:00:00,2025-11,2025-11-20 17:00:00,37,0.608333,0.144562
2025-11-22 07:00:00,2025-11,2025-11-20 17:00:00,38,0.818333,0.241498
2025-11-22 08:00:00,2025-11,2025-11-20 17:00:00,39,0.663333,0.306650
2025-11-22 09:00:00,2025-11,2025-11-20 17:00:00,40,0.763333,0.370335
2025-11-22 10:00:00,2025-11,2025-11-20 17:00:00,41,0.593333,0.455812
2025-11-22 11:00:00,2025-11,2025-11-20 17:00:00,42,0.501667,0.421951
2025-11-22 12:00:00,2025-11,2025-11-20 17:00:00,43,0.971667,0.325856
2025-11-22 13:00:00,2025-11,2025-11-20 17:00:00,44,0.825000,0.269092
2025-11-22 14:00:00,2025-11,2025-11-20 17:00:00,45,0.828333,0.262886
2025-11-22 15:00:00,2025-11,2025-11-20 17:00:00,46,0.188333,0.217975
2025-11-22 16:00:00,2025-11,2025-11-20 17:00:00,47,0.011667,0.180513
2025-11-22 17:00:00,2025-11,2025-11-20 17:00:00,48,0.010000,0.118117
2025-11-21 18:00:00,2025-11,2025-11-21 17:00:00,1,0.008333,0.026588
2025-11-21 19:00:00,2025-11,2025-11-21 17:00:00,2,0.008333,0.021042
2025-11-21 20:00:00,2025-11,2025-11-21 17:00:00,3,0.010000,0.014243
2025-11-21 21:00:00,2025-11,2025-11-21 17:00:00,4,0.010000,0.010736
2025-11-21 22:00:00,2025-11,2025-11-21 17:00:00,5,0.010000,0.009641
2025-11-21 23:00:00,2025-11,2025-11-21 17:00:00,6,0.010000,0.010351
2025-11-22 00:00:00,2025-11,2025-11-21 17:00:00,7,0.036667,0.010969
2025-11-22 01:00:00,2025-11,2025-11-21 17:00:00,8,0.513333,0.012101
2025-11-22 02:00:00,2025-11,2025-11-21 17:00:00,9,0.568333,0.024143
2025-11-22 03:00:00,2025-11,2025-11-21 17:00:00,10,0.641667,0.053172
2025-11-22 04:00:00,2025-11,2025-11-21 17:00:00,11,0.350000,0.103428
2025-11-22 05:00:00,2025-11,2025-11-21 17:00:00,12,0.366667,0.141287
2025-11-22 06:00:00,2025-11,2025-11-21 17:00:00,13,0.608333,0.185295
2025-11-22 07:00:00,2025-11,2025-11-21 17:00:00,14,0.818333,0.286859
2025-11-22 08:00:00,2025-11,2025-11-21 17:00:00,15,0.663333,0.380645
2025-11-22 09:00:00,2025-11,2025-11-21 17:00:00,16,0.763333,0.568447
2025-11-22 10:00:00,2025-11,2025-11-21 17:00:00,17,0.593333,0.636360
2025-11-22 11:00:00,2025-11,2025-11-21 17:00:00,18,0.501667,0.589445
2025-11-22 12:00:00,2025-11,2025-11-21 17:00:00,19,0.971667,0.400609
2025-11-22 13:00:00,2025-11,2025-11-21 17:00:00,20,0.825000,0.295630
2025-11-22 14:00:00,2025-11,2025-11-21 17:00:00,21,0.828333,0.198053
2025-11-22 15:00:00,2025-11,2025-11-21 17:00:00,22,0.188333,0.131193
2025-11-22 16:00:00,2025-11,2025-11-21 17:00:00,23,0.011667,0.060938
2025-11-22 17:00:00,2025-11,2025-11-21 17:00:00,24,0.010000,0.038780
2025-11-22 18:00:00,2025-11,2025-11-21 17:00:00,25,0.188333,0.034862
2025-11-22 19:00:00,2025-11,2025-11-21 17:00:00,26,0.116667,0.067617
2025-11-22 20:00:00,2025-11,2025-11-21 17:00:00,27,0.085000,0.172154
2025-11-22 21:00:00,2025-11,2025-11-21 17:00:00,28,0.148333,0.413488
2025-11-22 22:00:00,2025-11,2025-11-21 17:00:00,29,0.416667,0.718903
2025-11-22 23:00:00,2025-11,2025-11-21 17:00:00,30,0.371667,0.850675
2025-11-23 00:00:00,2025-11,2025-11-21 17:00:00,31,0.696667,0.893878
2025-11-23 01:00:00,2025-11,2025-11-21 17:00:00,32,0.928333,0.906517
2025-11-23 02:00:00,2025-11,2025-11-21 17:00:00,33,0.941667,0.942441
2025-11-23 03:00:00,2025-11,2025-11-21 17:00:00,34,0.950000,0.959097
2025-11-23 04:00:00,2025-11,2025-11-21 17:00:00,35,0.938333,0.976805
2025-11-23 05:00:00,2025-11,2025-11-21 17:00:00,36,0.961667,0.995848
2025-11-23 06:00:00,2025-11,2025-11-21 17:00:00,37,0.970000,1.000000
2025-11-23 07:00:00,2025-11,2025-11-21 17:00:00,38,0.948333,0.955356
2025-11-23 08:00:00,2025-11,2025-11-21 17:00:00,39,0.898333,0.889889
2025-11-23 09:00:00,2025-11,2025-11-21 17:00:00,40,0.883333,0.633116
2025-11-23 10:00:00,2025-11,2025-11-21 17:00:00,41,0.898333,0.414359
2025-11-23 11:00:00,2025-11,2025-11-21 17:00:00,42,0.891667,0.272854
2025-11-23 12:00:00,2025-11,2025-11-21 17:00:00,43,0.410000,0.182142
2025-11-23 13:00:00,2025-11,2025-11-21 17:00:00,44,0.183333,0.081311
2025-11-23 14:00:00,2025-11,2025-11-21 17:00:00,45,0.068333,0.038416
2025-11-23 15:00:00,2025-11,2025-11-21 17:00:00,46,0.040000,0.026989
2025-11-23 16:00:00,2025-11,2025-11-21 17:00:00,47,0.006667,0.021137
2025-11-23 17:00:00,2025-11,2025-11-21 17:00:00,48,0.010000,0.019012
2025-11-22 18:00:00,2025-11,2025-11-22 17:00:00,1,0.188333,0.034285
2025-11-22 19:00:00,2025-11,2025-11-22 17:00:00,2,0.116667,0.028361
2025-11-22 20:00:00,2025-11,2025-11-22 17:00:00,3,0.085000,0.051239
2025-11-22 21:00:00,2025-11,2025-11-22 17:00:00,4,0.148333,0.265002
2025-11-22 22:00:00,2025-11,2025-11-22 17:00:00,5,0.416667,0.484348
2025-11-22 23:00:00,2025-11,2025-11-22 17:00:00,6,0.371667,0.778636
2025-11-23 00:00:00,2025-11,2025-11-22 17:00:00,7,0.696667,0.838362
2025-11-23 01:00:00,2025-11,2025-11-22 17:00:00,8,0.928333,0.850309
2025-11-23 02:00:00,2025-11,2025-11-22 17:00:00,9,0.941667,0.866049
2025-11-23 03:00:00,2025-11,2025-11-22 17:00:00,10,0.950000,0.970778
2025-11-23 04:00:00,2025-11,2025-11-22 17:00:00,11,0.938333,0.979813
2025-11-23 05:00:00,2025-11,2025-11-22 17:00:00,12,0.961667,0.991436
2025-11-23 06:00:00,2025-11,2025-11-22 17:00:00,13,0.970000,0.984866
2025-11-23 07:00:00,2025-11,2025-11-22 17:00:00,14,0.948333,0.964012
2025-11-23 08:00:00,2025-11,2025-11-22 17:00:00,15,0.898333,0.882381
2025-11-23 09:00:00,2025-11,2025-11-22 17:00:00,16,0.883333,0.637016
2025-11-23 10:00:00,2025-11,2025-11-22 17:00:00,17,0.898333,0.423765
2025-11-23 11:00:00,2025-11,2025-11-22 17:00:00,18,0.891667,0.369324
2025-11-23 12:00:00,2025-11,2025-11-22 17:00:00,19,0.410000,0.251465
2025-11-23 13:00:00,2025-11,2025-11-22 17:00:00,20,0.183333,0.176027
2025-11-23 14:00:00,2025-11,2025-11-22 17:00:00,21,0.068333,0.065453
2025-11-23 15:00:00,2025-11,2025-11-22 17:00:00,22,0.040000,0.045274
2025-11-23 16:00:00,2025-11,2025-11-22 17:00:00,23,0.006667,0.038069
2025-11-23 17:00:00,2025-11,2025-11-22 17:00:00,24,0.010000,0.023840
2025-11-23 18:00:00,2025-11,2025-11-22 17:00:00,25,0.010000,0.011506
2025-11-23 19:00:00,2025-11,2025-11-22 17:00:00,26,0.008333,0.008510
2025-11-23 20:00:00,2025-11,2025-11-22 17:00:00,27,0.010000,0.007092
2025-11-23 21:00:00,2025-11,2025-11-22 17:00:00,28,0.010000,0.007493
2025-11-23 22:00:00,2025-11,2025-11-22 17:00:00,29,0.015000,0.010760
2025-11-23 23:00:00,2025-11,2025-11-22 17:00:00,30,0.008333,0.014560
2025-11-24 00:00:00,2025-11,2025-11-22 17:00:00,31,0.010000,0.014291
2025-11-24 01:00:00,2025-11,2025-11-22 17:00:00,32,0.010000,0.042676
2025-11-24 02:00:00,2025-11,2025-11-22 17:00:00,33,0.030000,0.077267
2025-11-24 03:00:00,2025-11,2025-11-22 17:00:00,34,0.151667,0.105676
2025-11-24 04:00:00,2025-11,2025-11-22 17:00:00,35,0.158333,0.139353
2025-11-24 05:00:00,2025-11,2025-11-22 17:00:00,36,0.088333,0.125379
2025-11-24 06:00:00,2025-11,2025-11-22 17:00:00,37,0.135000,0.112511
2025-11-24 07:00:00,2025-11,2025-11-22 17:00:00,38,0.058333,0.069574
2025-11-24 08:00:00,2025-11,2025-11-22 17:00:00,39,0.015000,0.024336
2025-11-24 09:00:00,2025-11,2025-11-22 17:00:00,40,0.010000,0.013309
2025-11-24 10:00:00,2025-11,2025-11-22 17:00:00,41,0.010000,0.012534
2025-11-24 11:00:00,2025-11,2025-11-22 17:00:00,42,0.010000,0.031869
2025-11-24 12:00:00,2025-11,2025-11-22 17:00:00,43,0.010000,0.088575
2025-11-24 13:00:00,2025-11,2025-11-22 17:00:00,44,0.031667,0.141856
2025-11-24 14:00:00,2025-11,2025-11-22 17:00:00,45,0.208333,0.217173
2025-11-24 15:00:00,2025-11,2025-11-22 17:00:00,46,0.255000,0.305424
2025-11-24 16:00:00,2025-11,2025-11-22 17:00:00,47,0.281667,0.355285
2025-11-24 17:00:00,2025-11,2025-11-22 17:00:00,48,0.535000,0.465618
2025-11-23 18:00:00,2025-11,2025-11-23 17:00:00,1,0.010000,0.010432
2025-11-23 19:00:00,2025-11,2025-11-23 17:00:00,2,0.008333,0.010484
2025-11-23 20:00:00,2025-11,2025-11-23 17:00:00,3,0.010000,0.010155
2025-11-23 21:00:00,2025-11,2025-11-23 17:00:00,4,0.010000,0.010043
2025-11-23 22:00:00,2025-11,2025-11-23 17:00:00,5,0.015000,0.010208
2025-11-23 23:00:00,2025-11,2025-11-23 17:00:00,6,0.008333,0.012157
2025-11-24 00:00:00,2025-11,2025-11-23 17:00:00,7,0.010000,0.041022
2025-11-24 01:00:00,2025-11,2025-11-23 17:00:00,8,0.010000,0.040604
2025-11-24 02:00:00,2025-11,2025-11-23 17:00:00,9,0.030000,0.058440
2025-11-24 03:00:00,2025-11,2025-11-23 17:00:00,10,0.151667,0.059162
2025-11-24 04:00:00,2025-11,2025-11-23 17:00:00,11,0.158333,0.066148
2025-11-24 05:00:00,2025-11,2025-11-23 17:00:00,12,0.088333,0.083442
2025-11-24 06:00:00,2025-11,2025-11-23 17:00:00,13,0.135000,0.069941
2025-11-24 07:00:00,2025-11,2025-11-23 17:00:00,14,0.058333,0.032270
2025-11-24 08:00:00,2025-11,2025-11-23 17:00:00,15,0.015000,0.014634
2025-11-24 09:00:00,2025-11,2025-11-23 17:00:00,16,0.010000,0.012143
2025-11-24 10:00:00,2025-11,2025-11-23 17:00:00,17,0.010000,0.013261
2025-11-24 11:00:00,2025-11,2025-11-23 17:00:00,18,0.010000,0.027262
2025-11-24 12:00:00,2025-11,2025-11-23 17:00:00,19,0.010000,0.045922
2025-11-24 13:00:00,2025-11,2025-11-23 17:00:00,20,0.031667,0.071337
2025-11-24 14:00:00,2025-11,2025-11-23 17:00:00,21,0.208333,0.131642
2025-11-24 15:00:00,2025-11,2025-11-23 17:00:00,22,0.255000,0.209999
2025-11-24 16:00:00,2025-11,2025-11-23 17:00:00,23,0.281667,0.334247
2025-11-24 17:00:00,2025-11,2025-11-23 17:00:00,24,0.535000,0.435301
2025-11-24 18:00:00,2025-11,2025-11-23 17:00:00,25,0.803333,0.594252
2025-11-24 19:00:00,2025-11,2025-11-23 17:00:00,26,0.975000,0.721713
2025-11-24 20:00:00,2025-11,2025-11-23 17:00:00,27,0.963333,0.759770
2025-11-24 21:00:00,2025-11,2025-11-23 17:00:00,28,0.950000,0.769267
2025-11-24 22:00:00,2025-11,2025-11-23 17:00:00,29,0.800000,0.752008
2025-11-24 23:00:00,2025-11,2025-11-23 17:00:00,30,0.390000,0.721623
2025-11-25 00:00:00,2025-11,2025-11-23 17:00:00,31,0.371667,0.658838
2025-11-25 01:00:00,2025-11,2025-11-23 17:00:00,32,0.688333,0.619033
2025-11-25 02:00:00,2025-11,2025-11-23 17:00:00,33,0.055000,0.457689
2025-11-25 03:00:00,2025-11,2025-11-23 17:00:00,34,0.031667,0.305457
2025-11-25 04:00:00,2025-11,2025-11-23 17:00:00,35,0.010000,0.141660
2025-11-25 05:00:00,2025-11,2025-11-23 17:00:00,36,0.011667,0.103031
2025-11-25 06:00:00,2025-11,2025-11-23 17:00:00,37,0.011667,0.063375
2025-11-25 07:00:00,2025-11,2025-11-23 17:00:00,38,0.056667,0.066773
2025-11-25 08:00:00,2025-11,2025-11-23 17:00:00,39,0.073333,0.082753
2025-11-25 09:00:00,2025-11,2025-11-23 17:00:00,40,0.120000,0.124403
2025-11-25 10:00:00,2025-11,2025-11-23 17:00:00,41,0.135000,0.238381
2025-11-25 11:00:00,2025-11,2025-11-23 17:00:00,42,0.206667,0.442856
2025-11-25 12:00:00,2025-11,2025-11-23 17:00:00,43,0.295000,0.887469
2025-11-25 13:00:00,2025-11,2025-11-23 17:00:00,44,0.848333,1.000000
2025-11-25 14:00:00,2025-11,2025-11-23 17:00:00,45,0.975000,0.965277
2025-11-25 15:00:00,2025-11,2025-11-23 17:00:00,46,0.970000,0.963652
2025-11-25 16:00:00,2025-11,2025-11-23 17:00:00,47,0.970000,0.967102
2025-11-25 17:00:00,2025-11,2025-11-23 17:00:00,48,0.970000,0.968021
2025-11-24 18:00:00,2025-11,2025-11-24 17:00:00,1,0.803333,0.663871
2025-11-24 19:00:00,2025-11,2025-11-24 17:00:00,2,0.975000,0.797101
2025-11-24 20:00:00,2025-11,2025-11-24 17:00:00,3,0.963333,0.807217
2025-11-24 21:00:00,2025-11,2025-11-24 17:00:00,4,0.950000,0.859083
2025-11-24 22:00:00,2025-11,2025-11-24 17:00:00,5,0.800000,0.838269
2025-11-24 23:00:00,2025-11,2025-11-24 17:00:00,6,0.390000,0.819602
2025-11-25 00:00:00,2025-11,2025-11-24 17:00:00,7,0.371667,0.795245
2025-11-25 01:00:00,2025-11,2025-11-24 17:00:00,8,0.688333,0.585064
2025-11-25 02:00:00,2025-11,2025-11-24 17:00:00,9,0.055000,0.383315
2025-11-25 03:00:00,2025-11,2025-11-24 17:00:00,10,0.031667,0.161252
2025-11-25 04:00:00,2025-11,2025-11-24 17:00:00,11,0.010000,0.108206
2025-11-25 05:00:00,2025-11,2025-11-24 17:00:00,12,0.011667,0.044830
2025-11-25 06:00:00,2025-11,2025-11-24 17:00:00,13,0.011667,0.019397
2025-11-25 07:00:00,2025-11,2025-11-24 17:00:00,14,0.056667,0.053879
2025-11-25 08:00:00,2025-11,2025-11-24 17:00:00,15,0.073333,0.129694
2025-11-25 09:00:00,2025-11,2025-11-24 17:00:00,16,0.120000,0.289200
2025-11-25 10:00:00,2025-11,2025-11-24 17:00:00,17,0.135000,0.577524
2025-11-25 11:00:00,2025-11,2025-11-24 17:00:00,18,0.206667,0.706968
2025-11-25 12:00:00,2025-11,2025-11-24 17:00:00,19,0.295000,0.801989
2025-11-25 13:00:00,2025-11,2025-11-24 17:00:00,20,0.848333,0.900882
2025-11-25 14:00:00,2025-11,2025-11-24 17:00:00,21,0.975000,0.945045
2025-11-25 15:00:00,2025-11,2025-11-24 17:00:00,22,0.970000,0.956994
2025-11-25 16:00:00,2025-11,2025-11-24 17:00:00,23,0.970000,0.959738
2025-11-25 17:00:00,2025-11,2025-11-24 17:00:00,24,0.970000,0.963827
2025-11-25 18:00:00,2025-11,2025-11-24 17:00:00,25,0.970000,0.969261
2025-11-25 19:00:00,2025-11,2025-11-24 17:00:00,26,0.970000,0.968386
2025-11-25 20:00:00,2025-11,2025-11-24 17:00:00,27,0.970000,0.968600
2025-11-25 21:00:00,2025-11,2025-11-24 17:00:00,28,0.970000,0.963003
2025-11-25 22:00:00,2025-11,2025-11-24 17:00:00,29,0.965000,0.961450
2025-11-25 23:00:00,2025-11,2025-11-24 17:00:00,30,0.970000,0.959621
2025-11-26 00:00:00,2025-11,2025-11-24 17:00:00,31,0.970000,0.958363
2025-11-26 01:00:00,2025-11,2025-11-24 17:00:00,32,0.970000,0.958587
2025-11-26 02:00:00,2025-11,2025-11-24 17:00:00,33,0.900000,0.957195
2025-11-26 03:00:00,2025-11,2025-11-24 17:00:00,34,0.968333,0.961994
2025-11-26 04:00:00,2025-11,2025-11-24 17:00:00,35,0.970000,0.969419
2025-11-26 05:00:00,2025-11,2025-11-24 17:00:00,36,0.970000,0.970746
2025-11-26 06:00:00,2025-11,2025-11-24 17:00:00,37,0.970000,0.970755
2025-11-26 07:00:00,2025-11,2025-11-24 17:00:00,38,0.970000,0.970705
2025-11-26 08:00:00,2025-11,2025-11-24 17:00:00,39,0.970000,0.970807
2025-11-26 09:00:00,2025-11,2025-11-24 17:00:00,40,0.970000,0.963014
2025-11-26 10:00:00,2025-11,2025-11-24 17:00:00,41,0.970000,0.953544
2025-11-26 11:00:00,2025-11,2025-11-24 17:00:00,42,0.970000,0.929666
2025-11-26 12:00:00,2025-11,2025-11-24 17:00:00,43,0.970000,0.908335
2025-11-26 13:00:00,2025-11,2025-11-24 17:00:00,44,0.878333,0.934465
2025-11-26 14:00:00,2025-11,2025-11-24 17:00:00,45,0.835000,0.914787
2025-11-26 15:00:00,2025-11,2025-11-24 17:00:00,46,0.308333,0.797172
2025-11-26 16:00:00,2025-11,2025-11-24 17:00:00,47,0.823333,0.575461
2025-11-26 17:00:00,2025-11,2025-11-24 17:00:00,48,0.470000,0.383626
2025-11-25 18:00:00,2025-11,2025-11-25 17:00:00,1,0.970000,0.965773
2025-11-25 19:00:00,2025-11,2025-11-25 17:00:00,2,0.970000,0.966063
2025-11-25 20:00:00,2025-11,2025-11-25 17:00:00,3,0.970000,0.967283
2025-11-25 21:00:00,2025-11,2025-11-25 17:00:00,4,0.970000,0.968297
2025-11-25 22:00:00,2025-11,2025-11-25 17:00:00,5,0.965000,0.968919
2025-11-25 23:00:00,2025-11,2025-11-25 17:00:00,6,0.970000,0.969189
2025-11-26 00:00:00,2025-11,2025-11-25 17:00:00,7,0.970000,0.970652
2025-11-26 01:00:00,2025-11,2025-11-25 17:00:00,8,0.970000,0.970747
2025-11-26 02:00:00,2025-11,2025-11-25 17:00:00,9,0.900000,0.970717
2025-11-26 03:00:00,2025-11,2025-11-25 17:00:00,10,0.968333,0.971211
2025-11-26 04:00:00,2025-11,2025-11-25 17:00:00,11,0.970000,0.971611
2025-11-26 05:00:00,2025-11,2025-11-25 17:00:00,12,0.970000,0.970791
2025-11-26 06:00:00,2025-11,2025-11-25 17:00:00,13,0.970000,0.970709
2025-11-26 07:00:00,2025-11,2025-11-25 17:00:00,14,0.970000,0.969814
2025-11-26 08:00:00,2025-11,2025-11-25 17:00:00,15,0.970000,0.969023
2025-11-26 09:00:00,2025-11,2025-11-25 17:00:00,16,0.970000,0.966795
2025-11-26 10:00:00,2025-11,2025-11-25 17:00:00,17,0.970000,0.966495
2025-11-26 11:00:00,2025-11,2025-11-25 17:00:00,18,0.970000,0.946837
2025-11-26 12:00:00,2025-11,2025-11-25 17:00:00,19,0.970000,0.903637
2025-11-26 13:00:00,2025-11,2025-11-25 17:00:00,20,0.878333,0.974370
2025-11-26 14:00:00,2025-11,2025-11-25 17:00:00,21,0.835000,0.949800
2025-11-26 15:00:00,2025-11,2025-11-25 17:00:00,22,0.308333,0.773531
2025-11-26 16:00:00,2025-11,2025-11-25 17:00:00,23,0.823333,0.532644
2025-11-26 17:00:00,2025-11,2025-11-25 17:00:00,24,0.470000,0.270135
2025-11-26 18:00:00,2025-11,2025-11-25 17:00:00,25,0.265000,0.124481
2025-11-26 19:00:00,2025-11,2025-11-25 17:00:00,26,0.205000,0.070694
2025-11-26 20:00:00,2025-11,2025-11-25 17:00:00,27,0.075000,0.044865
2025-11-26 21:00:00,2025-11,2025-11-25 17:00:00,28,0.118333,0.032223
2025-11-26 22:00:00,2025-11,2025-11-25 17:00:00,29,0.223333,0.010201
2025-11-26 23:00:00,2025-11,2025-11-25 17:00:00,30,0.446667,0.007622
2025-11-27 00:00:00,2025-11,2025-11-25 17:00:00,31,0.295000,0.010297
2025-11-27 01:00:00,2025-11,2025-11-25 17:00:00,32,0.098333,0.022258
2025-11-27 02:00:00,2025-11,2025-11-25 17:00:00,33,0.008333,0.025865
2025-11-27 03:00:00,2025-11,2025-11-25 17:00:00,34,0.010000,0.024156
2025-11-27 04:00:00,2025-11,2025-11-25 17:00:00,35,0.010000,0.022850
2025-11-27 05:00:00,2025-11,2025-11-25 17:00:00,36,0.006667,0.017597
2025-11-27 06:00:00,2025-11,2025-11-25 17:00:00,37,0.010000,0.027166
2025-11-27 07:00:00,2025-11,2025-11-25 17:00:00,38,0.030000,0.046896
2025-11-27 08:00:00,2025-11,2025-11-25 17:00:00,39,0.185000,0.065005
2025-11-27 09:00:00,2025-11,2025-11-25 17:00:00,40,0.200000,0.130524
2025-11-27 10:00:00,2025-11,2025-11-25 17:00:00,41,0.205000,0.183099
2025-11-27 11:00:00,2025-11,2025-11-25 17:00:00,42,0.336667,0.264842
2025-11-27 12:00:00,2025-11,2025-11-25 17:00:00,43,0.516667,0.295578
2025-11-27 13:00:00,2025-11,2025-11-25 17:00:00,44,0.790000,0.301501
2025-11-27 14:00:00,2025-11,2025-11-25 17:00:00,45,0.785000,0.284714
2025-11-27 15:00:00,2025-11,2025-11-25 17:00:00,46,0.650000,0.226303
2025-11-27 16:00:00,2025-11,2025-11-25 17:00:00,47,0.223333,0.196100
2025-11-27 17:00:00,2025-11,2025-11-25 17:00:00,48,0.033333,0.169275
2025-11-26 18:00:00,2025-11,2025-11-26 17:00:00,1,0.265000,0.121478
2025-11-26 19:00:00,2025-11,2025-11-26 17:00:00,2,0.205000,0.086165
2025-11-26 20:00:00,2025-11,2025-11-26 17:00:00,3,0.075000,0.045263
2025-11-26 21:00:00,2025-11,2025-11-26 17:00:00,4,0.118333,0.024502
2025-11-26 22:00:00,2025-11,2025-11-26 17:00:00,5,0.223333,0.010744
2025-11-26 23:00:00,2025-11,2025-11-26 17:00:00,6,0.446667,0.012059
2025-11-27 00:00:00,2025-11,2025-11-26 17:00:00,7,0.295000,0.025547
2025-11-27 01:00:00,2025-11,2025-11-26 17:00:00,8,0.098333,0.040925
2025-11-27 02:00:00,2025-11,2025-11-26 17:00:00,9,0.008333,0.038873
2025-11-27 03:00:00,2025-11,2025-11-26 17:00:00,10,0.010000,0.035494
2025-11-27 04:00:00,2025-11,2025-11-26 17:00:00,11,0.010000,0.019728
2025-11-27 05:00:00,2025-11,2025-11-26 17:00:00,12,0.006667,0.013232
2025-11-27 06:00:00,2025-11,2025-11-26 17:00:00,13,0.010000,0.013045
2025-11-27 07:00:00,2025-11,2025-11-26 17:00:00,14,0.030000,0.021674
2025-11-27 08:00:00,2025-11,2025-11-26 17:00:00,15,0.185000,0.053723
2025-11-27 09:00:00,2025-11,2025-11-26 17:00:00,16,0.200000,0.065705
2025-11-27 10:00:00,2025-11,2025-11-26 17:00:00,17,0.205000,0.144319
2025-11-27 11:00:00,2025-11,2025-11-26 17:00:00,18,0.336667,0.268729
2025-11-27 12:00:00,2025-11,2025-11-26 17:00:00,19,0.516667,0.395188
2025-11-27 13:00:00,2025-11,2025-11-26 17:00:00,20,0.790000,0.406116
2025-11-27 14:00:00,2025-11,2025-11-26 17:00:00,21,0.785000,0.385181
2025-11-27 15:00:00,2025-11,2025-11-26 17:00:00,22,0.650000,0.339729
2025-11-27 16:00:00,2025-11,2025-11-26 17:00:00,23,0.223333,0.318221
2025-11-27 17:00:00,2025-11,2025-11-26 17:00:00,24,0.033333,0.261605
2025-11-27 18:00:00,2025-11,2025-11-26 17:00:00,25,0.011667,0.158706
2025-11-27 19:00:00,2025-11,2025-11-26 17:00:00,26,0.036667,0.114032
2025-11-27 20:00:00,2025-11,2025-11-26 17:00:00,27,0.008333,0.088416
2025-11-27 21:00:00,2025-11,2025-11-26 17:00:00,28,0.008333,0.050723
2025-11-27 22:00:00,2025-11,2025-11-26 17:00:00,29,0.008333,0.026669
2025-11-27 23:00:00,2025-11,2025-11-26 17:00:00,30,0.010000,0.012829
2025-11-28 00:00:00,2025-11,2025-11-26 17:00:00,31,0.010000,0.010674
2025-11-28 01:00:00,2025-11,2025-11-26 17:00:00,32,0.010000,0.010297
2025-11-28 02:00:00,2025-11,2025-11-26 17:00:00,33,0.010000,0.010949
2025-11-28 03:00:00,2025-11,2025-11-26 17:00:00,34,0.010000,0.012304
2025-11-28 04:00:00,2025-11,2025-11-26 17:00:00,35,0.010000,0.011703
2025-11-28 05:00:00,2025-11,2025-11-26 17:00:00,36,0.010000,0.011371
2025-11-28 06:00:00,2025-11,2025-11-26 17:00:00,37,0.010000,0.011493
2025-11-28 07:00:00,2025-11,2025-11-26 17:00:00,38,0.010000,0.012898
2025-11-28 08:00:00,2025-11,2025-11-26 17:00:00,39,0.010000,0.012717
2025-11-28 09:00:00,2025-11,2025-11-26 17:00:00,40,0.010000,0.017567
2025-11-28 10:00:00,2025-11,2025-11-26 17:00:00,41,0.010000,0.033294
2025-11-28 11:00:00,2025-11,2025-11-26 17:00:00,42,0.010000,0.146722
2025-11-28 12:00:00,2025-11,2025-11-26 17:00:00,43,0.013333,0.240214
2025-11-28 13:00:00,2025-11,2025-11-26 17:00:00,44,0.033333,0.314338
2025-11-28 14:00:00,2025-11,2025-11-26 17:00:00,45,0.031667,0.377485
2025-11-28 15:00:00,2025-11,2025-11-26 17:00:00,46,0.036667,0.383100
2025-11-28 16:00:00,2025-11,2025-11-26 17:00:00,47,0.176667,0.377842
2025-11-28 17:00:00,2025-11,2025-11-26 17:00:00,48,0.328333,0.331580
2025-11-27 18:00:00,2025-11,2025-11-27 17:00:00,1,0.011667,0.127474
2025-11-27 19:00:00,2025-11,2025-11-27 17:00:00,2,0.036667,0.098783
2025-11-27 20:00:00,2025-11,2025-11-27 17:00:00,3,0.008333,0.032864
2025-11-27 21:00:00,2025-11,2025-11-27 17:00:00,4,0.008333,0.027379
2025-11-27 22:00:00,2025-11,2025-11-27 17:00:00,5,0.008333,0.022978
2025-11-27 23:00:00,2025-11,2025-11-27 17:00:00,6,0.010000,0.016144
2025-11-28 00:00:00,2025-11,2025-11-27 17:00:00,7,0.010000,0.011288
2025-11-28 01:00:00,2025-11,2025-11-27 17:00:00,8,0.010000,0.011229
2025-11-28 02:00:00,2025-11,2025-11-27 17:00:00,9,0.010000,0.011158
2025-11-28 03:00:00,2025-11,2025-11-27 17:00:00,10,0.010000,0.011561
2025-11-28 04:00:00,2025-11,2025-11-27 17:00:00,11,0.010000,0.011268
2025-11-28 05:00:00,2025-11,2025-11-27 17:00:00,12,0.010000,0.011908
2025-11-28 06:00:00,2025-11,2025-11-27 17:00:00,13,0.010000,0.011516
2025-11-28 07:00:00,2025-11,2025-11-27 17:00:00,14,0.010000,0.013079
2025-11-28 08:00:00,2025-11,2025-11-27 17:00:00,15,0.010000,0.012137
2025-11-28 09:00:00,2025-11,2025-11-27 17:00:00,16,0.010000,0.012240
2025-11-28 10:00:00,2025-11,2025-11-27 17:00:00,17,0.010000,0.017028
2025-11-28 11:00:00,2025-11,2025-11-27 17:00:00,18,0.010000,0.041753
2025-11-28 12:00:00,2025-11,2025-11-27 17:00:00,19,0.013333,0.079673
2025-11-28 13:00:00,2025-11,2025-11-27 17:00:00,20,0.033333,0.113387
2025-11-28 14:00:00,2025-11,2025-11-27 17:00:00,21,0.031667,0.136177
2025-11-28 15:00:00,2025-11,2025-11-27 17:00:00,22,0.036667,0.133522
2025-11-28 16:00:00,2025-11,2025-11-27 17:00:00,23,0.176667,0.105395
2025-11-28 17:00:00,2025-11,2025-11-27 17:00:00,24,0.328333,0.087150
2025-11-28 18:00:00,2025-11,2025-11-27 17:00:00,25,0.183333,0.049370
2025-11-28 19:00:00,2025-11,2025-11-27 17:00:00,26,0.063333,0.053219
2025-11-28 20:00:00,2025-11,2025-11-27 17:00:00,27,0.010000,0.035023
2025-11-28 21:00:00,2025-11,2025-11-27 17:00:00,28,0.010000,0.030454
2025-11-28 22:00:00,2025-11,2025-11-27 17:00:00,29,0.010000,0.021643
2025-11-28 23:00:00,2025-11,2025-11-27 17:00:00,30,0.010000,0.015760
2025-11-29 00:00:00,2025-11,2025-11-27 17:00:00,31,0.010000,0.013302
2025-11-29 01:00:00,2025-11,2025-11-27 17:00:00,32,0.010000,0.007855
2025-11-29 02:00:00,2025-11,2025-11-27 17:00:00,33,0.010000,0.011570
2025-11-29 03:00:00,2025-11,2025-11-27 17:00:00,34,0.008333,0.017317
2025-11-29 04:00:00,2025-11,2025-11-27 17:00:00,35,0.010000,0.077244
2025-11-29 05:00:00,2025-11,2025-11-27 17:00:00,36,0.010000,0.122526
2025-11-29 06:00:00,2025-11,2025-11-27 17:00:00,37,0.040000,0.187684
2025-11-29 07:00:00,2025-11,2025-11-27 17:00:00,38,0.073333,0.229417
2025-11-29 08:00:00,2025-11,2025-11-27 17:00:00,39,0.143333,0.234682
2025-11-29 09:00:00,2025-11,2025-11-27 17:00:00,40,0.188333,0.242119
2025-11-29 10:00:00,2025-11,2025-11-27 17:00:00,41,0.195000,0.220671
2025-11-29 11:00:00,2025-11,2025-11-27 17:00:00,42,0.156667,0.155158
2025-11-29 12:00:00,2025-11,2025-11-27 17:00:00,43,0.096667,0.105401
2025-11-29 13:00:00,2025-11,2025-11-27 17:00:00,44,0.066667,0.070497
2025-11-29 14:00:00,2025-11,2025-11-27 17:00:00,45,0.045000,0.060832
2025-11-29 15:00:00,2025-11,2025-11-27 17:00:00,46,0.023333,0.071941
2025-11-29 16:00:00,2025-11,2025-11-27 17:00:00,47,0.080000,0.077654
2025-11-29 17:00:00,2025-11,2025-11-27 17:00:00,48,0.071667,0.085711
2025-11-28 18:00:00,2025-11,2025-11-28 17:00:00,1,0.183333,0.088803
2025-11-28 19:00:00,2025-11,2025-11-28 17:00:00,2,0.063333,0.052390
2025-11-28 20:00:00,2025-11,2025-11-28 17:00:00,3,0.010000,0.026170
2025-11-28 21:00:00,2025-11,2025-11-28 17:00:00,4,0.010000,0.019269
2025-11-28 22:00:00,2025-11,2025-11-28 17:00:00,5,0.010000,0.012305
2025-11-28 23:00:00,2025-11,2025-11-28 17:00:00,6,0.010000,0.010046
2025-11-29 00:00:00,2025-11,2025-11-28 17:00:00,7,0.010000,0.010282
2025-11-29 01:00:00,2025-11,2025-11-28 17:00:00,8,0.010000,0.010596
2025-11-29 02:00:00,2025-11,2025-11-28 17:00:00,9,0.010000,0.009713
2025-11-29 03:00:00,2025-11,2025-11-28 17:00:00,10,0.008333,0.019954
2025-11-29 04:00:00,2025-11,2025-11-28 17:00:00,11,0.010000,0.033225
2025-11-29 05:00:00,2025-11,2025-11-28 17:00:00,12,0.010000,0.050698
2025-11-29 06:00:00,2025-11,2025-11-28 17:00:00,13,0.040000,0.066321
2025-11-29 07:00:00,2025-11,2025-11-28 17:00:00,14,0.073333,0.103194
2025-11-29 08:00:00,2025-11,2025-11-28 17:00:00,15,0.143333,0.128533
2025-11-29 09:00:00,2025-11,2025-11-28 17:00:00,16,0.188333,0.126461
2025-11-29 10:00:00,2025-11,2025-11-28 17:00:00,17,0.195000,0.160704
2025-11-29 11:00:00,2025-11,2025-11-28 17:00:00,18,0.156667,0.201996
2025-11-29 12:00:00,2025-11,2025-11-28 17:00:00,19,0.096667,0.204557
2025-11-29 13:00:00,2025-11,2025-11-28 17:00:00,20,0.066667,0.185203
2025-11-29 14:00:00,2025-11,2025-11-28 17:00:00,21,0.045000,0.156674
2025-11-29 15:00:00,2025-11,2025-11-28 17:00:00,22,0.023333,0.161775
2025-11-29 16:00:00,2025-11,2025-11-28 17:00:00,23,0.080000,0.174723
2025-11-29 17:00:00,2025-11,2025-11-28 17:00:00,24,0.071667,0.130100
2025-11-29 18:00:00,2025-11,2025-11-28 17:00:00,25,0.020000,0.061481
2025-11-29 19:00:00,2025-11,2025-11-28 17:00:00,26,0.026667,0.057210
2025-11-29 20:00:00,2025-11,2025-11-28 17:00:00,27,0.006667,0.042995
2025-11-29 21:00:00,2025-11,2025-11-28 17:00:00,28,0.008333,0.019637
2025-11-29 22:00:00,2025-11,2025-11-28 17:00:00,29,0.005000,0.008068
2025-11-29 23:00:00,2025-11,2025-11-28 17:00:00,30,0.008333,0.005426
2025-11-30 00:00:00,2025-11,2025-11-28 17:00:00,31,0.008333,0.014303
2025-11-30 01:00:00,2025-11,2025-11-28 17:00:00,32,0.010000,0.012441
2025-11-30 02:00:00,2025-11,2025-11-28 17:00:00,33,0.010000,0.013759
2025-11-30 03:00:00,2025-11,2025-11-28 17:00:00,34,0.010000,0.010110
2025-11-30 04:00:00,2025-11,2025-11-28 17:00:00,35,0.010000,0.011565
2025-11-30 05:00:00,2025-11,2025-11-28 17:00:00,36,0.010000,0.011370
2025-11-30 06:00:00,2025-11,2025-11-28 17:00:00,37,0.008333,0.012387
2025-11-30 07:00:00,2025-11,2025-11-28 17:00:00,38,0.010000,0.012941
2025-11-30 08:00:00,2025-11,2025-11-28 17:00:00,39,0.011667,0.023058
2025-11-30 09:00:00,2025-11,2025-11-28 17:00:00,40,0.038333,0.049256
2025-11-30 10:00:00,2025-11,2025-11-28 17:00:00,41,0.145000,0.077401
2025-11-30 11:00:00,2025-11,2025-11-28 17:00:00,42,0.186667,0.093820
2025-11-30 12:00:00,2025-11,2025-11-28 17:00:00,43,0.151667,0.093335
2025-11-30 13:00:00,2025-11,2025-11-28 17:00:00,44,0.120000,0.085917
2025-11-30 14:00:00,2025-11,2025-11-28 17:00:00,45,0.036667,0.071880
2025-11-30 15:00:00,2025-11,2025-11-28 17:00:00,46,0.118333,0.049763
2025-11-30 16:00:00,2025-11,2025-11-28 17:00:00,47,0.035000,0.021806
2025-11-30 18:00:00,2025-12,2025-11-30 17:00:00,1,0.010000,0.011132
2025-11-30 19:00:00,2025-12,2025-11-30 17:00:00,2,0.010000,0.011000
2025-11-30 20:00:00,2025-12,2025-11-30 17:00:00,3,0.008333,0.010838
2025-11-30 21:00:00,2025-12,2025-11-30 17:00:00,4,0.008333,0.010823
2025-11-30 22:00:00,2025-12,2025-11-30 17:00:00,5,0.008333,0.018516
2025-11-30 23:00:00,2025-12,2025-11-30 17:00:00,6,0.011667,0.025993
2025-12-01 00:00:00,2025-12,2025-11-30 17:00:00,7,0.011667,0.125049
2025-12-01 01:00:00,2025-12,2025-11-30 17:00:00,8,0.055000,0.181323
2025-12-01 02:00:00,2025-12,2025-11-30 17:00:00,9,0.063333,0.187585
2025-12-01 03:00:00,2025-12,2025-11-30 17:00:00,10,0.153333,0.270004
2025-12-01 04:00:00,2025-12,2025-11-30 17:00:00,11,0.156667,0.466177
2025-12-01 05:00:00,2025-12,2025-11-30 17:00:00,12,0.131667,0.795071
2025-12-01 06:00:00,2025-12,2025-11-30 17:00:00,13,0.641667,0.865736
2025-12-01 07:00:00,2025-12,2025-11-30 17:00:00,14,0.960000,0.889812
2025-12-01 08:00:00,2025-12,2025-11-30 17:00:00,15,0.963333,0.888695
2025-12-01 09:00:00,2025-12,2025-11-30 17:00:00,16,0.873333,0.846313
2025-12-01 10:00:00,2025-12,2025-11-30 17:00:00,17,0.706667,0.884339
2025-12-01 11:00:00,2025-12,2025-11-30 17:00:00,18,0.583333,0.853056
2025-12-01 12:00:00,2025-12,2025-11-30 17:00:00,19,0.700000,0.795580
2025-12-01 13:00:00,2025-12,2025-11-30 17:00:00,20,0.898333,0.622749
2025-12-01 14:00:00,2025-12,2025-11-30 17:00:00,21,0.975000,0.537395
2025-12-01 15:00:00,2025-12,2025-11-30 17:00:00,22,0.946667,0.491237
2025-12-01 16:00:00,2025-12,2025-11-30 17:00:00,23,0.961667,0.439503
2025-12-01 17:00:00,2025-12,2025-11-30 17:00:00,24,0.881667,0.392780
2025-12-01 18:00:00,2025-12,2025-11-30 17:00:00,25,0.620000,0.258525
2025-12-01 19:00:00,2025-12,2025-11-30 17:00:00,26,0.531667,0.157517
2025-12-01 20:00:00,2025-12,2025-11-30 17:00:00,27,0.145000,0.102556
2025-12-01 21:00:00,2025-12,2025-11-30 17:00:00,28,0.023333,0.069682
2025-12-01 22:00:00,2025-12,2025-11-30 17:00:00,29,0.026667,0.038285
2025-12-01 23:00:00,2025-12,2025-11-30 17:00:00,30,0.025000,0.020613
2025-12-02 00:00:00,2025-12,2025-11-30 17:00:00,31,0.033333,0.020446
2025-12-02 01:00:00,2025-12,2025-11-30 17:00:00,32,0.100000,0.011103
2025-12-02 02:00:00,2025-12,2025-11-30 17:00:00,33,0.148333,0.009963
2025-12-02 03:00:00,2025-12,2025-11-30 17:00:00,34,0.128333,0.010654
2025-12-02 04:00:00,2025-12,2025-11-30 17:00:00,35,0.075000,0.010850
2025-12-02 05:00:00,2025-12,2025-11-30 17:00:00,36,0.096667,0.008350
2025-12-02 06:00:00,2025-12,2025-11-30 17:00:00,37,0.078333,0.010513
2025-12-02 07:00:00,2025-12,2025-11-30 17:00:00,38,0.046667,0.011773
2025-12-02 08:00:00,2025-12,2025-11-30 17:00:00,39,0.071667,0.017533
2025-12-02 09:00:00,2025-12,2025-11-30 17:00:00,40,0.045000,0.052954
2025-12-02 10:00:00,2025-12,2025-11-30 17:00:00,41,0.008333,0.085577
2025-12-02 11:00:00,2025-12,2025-11-30 17:00:00,42,0.010000,0.104663
2025-12-02 12:00:00,2025-12,2025-11-30 17:00:00,43,0.010000,0.075671
2025-12-02 13:00:00,2025-12,2025-11-30 17:00:00,44,0.008333,0.070525
2025-12-02 14:00:00,2025-12,2025-11-30 17:00:00,45,0.006667,0.059372
2025-12-02 15:00:00,2025-12,2025-11-30 17:00:00,46,0.011667,0.043589
2025-12-02 16:00:00,2025-12,2025-11-30 17:00:00,47,0.008333,0.031582
2025-12-02 17:00:00,2025-12,2025-11-30 17:00:00,48,0.010000,0.015305
2025-12-01 18:00:00,2025-12,2025-12-01 17:00:00,1,0.620000,0.208999
2025-12-01 19:00:00,2025-12,2025-12-01 17:00:00,2,0.531667,0.103456
2025-12-01 20:00:00,2025-12,2025-12-01 17:00:00,3,0.145000,0.054439
2025-12-01 21:00:00,2025-12,2025-12-01 17:00:00,4,0.023333,0.028075
2025-12-01 22:00:00,2025-12,2025-12-01 17:00:00,5,0.026667,0.011730
2025-12-01 23:00:00,2025-12,2025-12-01 17:00:00,6,0.025000,0.017039
2025-12-02 00:00:00,2025-12,2025-12-01 17:00:00,7,0.033333,0.010384
2025-12-02 01:00:00,2025-12,2025-12-01 17:00:00,8,0.100000,0.011750
2025-12-02 02:00:00,2025-12,2025-12-01 17:00:00,9,0.148333,0.014296
2025-12-02 03:00:00,2025-12,2025-12-01 17:00:00,10,0.128333,0.028021
2025-12-02 04:00:00,2025-12,2025-12-01 17:00:00,11,0.075000,0.027196
2025-12-02 05:00:00,2025-12,2025-12-01 17:00:00,12,0.096667,0.017988
2025-12-02 06:00:00,2025-12,2025-12-01 17:00:00,13,0.078333,0.020094
2025-12-02 07:00:00,2025-12,2025-12-01 17:00:00,14,0.046667,0.034369
2025-12-02 08:00:00,2025-12,2025-12-01 17:00:00,15,0.071667,0.050640
2025-12-02 09:00:00,2025-12,2025-12-01 17:00:00,16,0.045000,0.069338
2025-12-02 10:00:00,2025-12,2025-12-01 17:00:00,17,0.008333,0.091077
2025-12-02 11:00:00,2025-12,2025-12-01 17:00:00,18,0.010000,0.104686
2025-12-02 12:00:00,2025-12,2025-12-01 17:00:00,19,0.010000,0.093765
2025-12-02 13:00:00,2025-12,2025-12-01 17:00:00,20,0.008333,0.096766
2025-12-02 14:00:00,2025-12,2025-12-01 17:00:00,21,0.006667,0.072579
2025-12-02 15:00:00,2025-12,2025-12-01 17:00:00,22,0.011667,0.052376
2025-12-02 16:00:00,2025-12,2025-12-01 17:00:00,23,0.008333,0.023082
2025-12-02 17:00:00,2025-12,2025-12-01 17:00:00,24,0.010000,0.011012
2025-12-02 18:00:00,2025-12,2025-12-01 17:00:00,25,0.015000,0.010836
2025-12-02 19:00:00,2025-12,2025-12-01 17:00:00,26,0.103333,0.010876
2025-12-02 20:00:00,2025-12,2025-12-01 17:00:00,27,0.173333,0.010844
2025-12-02 21:00:00,2025-12,2025-12-01 17:00:00,28,0.201667,0.018181
2025-12-02 22:00:00,2025-12,2025-12-01 17:00:00,29,0.308333,0.017852
2025-12-02 23:00:00,2025-12,2025-12-01 17:00:00,30,0.321667,0.027380
2025-12-03 00:00:00,2025-12,2025-12-01 17:00:00,31,0.345000,0.038709
2025-12-03 01:00:00,2025-12,2025-12-01 17:00:00,32,0.551667,0.048552
2025-12-03 02:00:00,2025-12,2025-12-01 17:00:00,33,0.631667,0.090423
2025-12-03 03:00:00,2025-12,2025-12-01 17:00:00,34,0.606667,0.134600
2025-12-03 04:00:00,2025-12,2025-12-01 17:00:00,35,0.338333,0.207426
2025-12-03 05:00:00,2025-12,2025-12-01 17:00:00,36,0.171667,0.304417
2025-12-03 06:00:00,2025-12,2025-12-01 17:00:00,37,0.290000,0.338312
2025-12-03 07:00:00,2025-12,2025-12-01 17:00:00,38,0.313333,0.262820
2025-12-03 08:00:00,2025-12,2025-12-01 17:00:00,39,0.175000,0.247824
2025-12-03 09:00:00,2025-12,2025-12-01 17:00:00,40,0.116667,0.250004
2025-12-03 10:00:00,2025-12,2025-12-01 17:00:00,41,0.121667,0.232699
2025-12-03 11:00:00,2025-12,2025-12-01 17:00:00,42,0.186667,0.208034
2025-12-03 12:00:00,2025-12,2025-12-01 17:00:00,43,0.301667,0.223054
2025-12-03 13:00:00,2025-12,2025-12-01 17:00:00,44,0.393333,0.226989
2025-12-03 14:00:00,2025-12,2025-12-01 17:00:00,45,0.295000,0.210837
2025-12-03 15:00:00,2025-12,2025-12-01 17:00:00,46,0.193333,0.255341
2025-12-03 16:00:00,2025-12,2025-12-01 17:00:00,47,0.163333,0.278626
2025-12-03 17:00:00,2025-12,2025-12-01 17:00:00,48,0.355000,0.320922
2025-12-02 18:00:00,2025-12,2025-12-02 17:00:00,1,0.015000,0.010820
2025-12-02 19:00:00,2025-12,2025-12-02 17:00:00,2,0.103333,0.010603
2025-12-02 20:00:00,2025-12,2025-12-02 17:00:00,3,0.173333,0.020205
2025-12-02 21:00:00,2025-12,2025-12-02 17:00:00,4,0.201667,0.005184
2025-12-02 22:00:00,2025-12,2025-12-02 17:00:00,5,0.308333,0.028543
2025-12-02 23:00:00,2025-12,2025-12-02 17:00:00,6,0.321667,0.045347
2025-12-03 00:00:00,2025-12,2025-12-02 17:00:00,7,0.345000,0.051212
2025-12-03 01:00:00,2025-12,2025-12-02 17:00:00,8,0.551667,0.079053
2025-12-03 02:00:00,2025-12,2025-12-02 17:00:00,9,0.631667,0.092274
2025-12-03 03:00:00,2025-12,2025-12-02 17:00:00,10,0.606667,0.126611
2025-12-03 04:00:00,2025-12,2025-12-02 17:00:00,11,0.338333,0.170998
2025-12-03 05:00:00,2025-12,2025-12-02 17:00:00,12,0.171667,0.280001
2025-12-03 06:00:00,2025-12,2025-12-02 17:00:00,13,0.290000,0.306595
2025-12-03 07:00:00,2025-12,2025-12-02 17:00:00,14,0.313333,0.282652
2025-12-03 08:00:00,2025-12,2025-12-02 17:00:00,15,0.175000,0.270254
2025-12-03 09:00:00,2025-12,2025-12-02 17:00:00,16,0.116667,0.260472
2025-12-03 10:00:00,2025-12,2025-12-02 17:00:00,17,0.121667,0.233648
2025-12-03 11:00:00,2025-12,2025-12-02 17:00:00,18,0.186667,0.225173
2025-12-03 12:00:00,2025-12,2025-12-02 17:00:00,19,0.301667,0.194952
2025-12-03 13:00:00,2025-12,2025-12-02 17:00:00,20,0.393333,0.241240
2025-12-03 14:00:00,2025-12,2025-12-02 17:00:00,21,0.295000,0.239873
2025-12-03 15:00:00,2025-12,2025-12-02 17:00:00,22,0.193333,0.237745
2025-12-03 16:00:00,2025-12,2025-12-02 17:00:00,23,0.163333,0.278001
2025-12-03 17:00:00,2025-12,2025-12-02 17:00:00,24,0.355000,0.311163
2025-12-03 18:00:00,2025-12,2025-12-02 17:00:00,25,0.140000,0.286727
2025-12-03 19:00:00,2025-12,2025-12-02 17:00:00,26,0.081667,0.300531
2025-12-03 20:00:00,2025-12,2025-12-02 17:00:00,27,0.140000,0.317658
2025-12-03 21:00:00,2025-12,2025-12-02 17:00:00,28,0.140000,0.323533
2025-12-03 22:00:00,2025-12,2025-12-02 17:00:00,29,0.075000,0.307443
2025-12-03 23:00:00,2025-12,2025-12-02 17:00:00,30,0.080000,0.281295
2025-12-04 00:00:00,2025-12,2025-12-02 17:00:00,31,0.075000,0.251114
2025-12-04 01:00:00,2025-12,2025-12-02 17:00:00,32,0.115000,0.277007
2025-12-04 02:00:00,2025-12,2025-12-02 17:00:00,33,0.170000,0.289007
2025-12-04 03:00:00,2025-12,2025-12-02 17:00:00,34,0.096667,0.334584
2025-12-04 04:00:00,2025-12,2025-12-02 17:00:00,35,0.041667,0.454464
2025-12-04 05:00:00,2025-12,2025-12-02 17:00:00,36,0.021667,0.379125
2025-12-04 06:00:00,2025-12,2025-12-02 17:00:00,37,0.043333,0.301442
2025-12-04 07:00:00,2025-12,2025-12-02 17:00:00,38,0.041667,0.200974
2025-12-04 08:00:00,2025-12,2025-12-02 17:00:00,39,0.065000,0.112848
2025-12-04 09:00:00,2025-12,2025-12-02 17:00:00,40,0.016667,0.067591
2025-12-04 10:00:00,2025-12,2025-12-02 17:00:00,41,0.150000,0.053343
2025-12-04 11:00:00,2025-12,2025-12-02 17:00:00,42,0.218333,0.042756
2025-12-04 12:00:00,2025-12,2025-12-02 17:00:00,43,0.150000,0.043676
2025-12-04 13:00:00,2025-12,2025-12-02 17:00:00,44,0.056667,0.043192
2025-12-04 14:00:00,2025-12,2025-12-02 17:00:00,45,0.010000,0.027368
2025-12-04 15:00:00,2025-12,2025-12-02 17:00:00,46,0.121667,0.011331
2025-12-04 16:00:00,2025-12,2025-12-02 17:00:00,47,0.096667,0.011072
2025-12-04 17:00:00,2025-12,2025-12-02 17:00:00,48,0.055000,0.011373
2025-12-03 18:00:00,2025-12,2025-12-03 17:00:00,1,0.140000,0.190755
2025-12-03 19:00:00,2025-12,2025-12-03 17:00:00,2,0.081667,0.232055
2025-12-03 20:00:00,2025-12,2025-12-03 17:00:00,3,0.140000,0.239839
2025-12-03 21:00:00,2025-12,2025-12-03 17:00:00,4,0.140000,0.204827
2025-12-03 22:00:00,2025-12,2025-12-03 17:00:00,5,0.075000,0.229382
2025-12-03 23:00:00,2025-12,2025-12-03 17:00:00,6,0.080000,0.196051
2025-12-04 00:00:00,2025-12,2025-12-03 17:00:00,7,0.075000,0.178033
2025-12-04 01:00:00,2025-12,2025-12-03 17:00:00,8,0.115000,0.184188
2025-12-04 02:00:00,2025-12,2025-12-03 17:00:00,9,0.170000,0.176324
2025-12-04 03:00:00,2025-12,2025-12-03 17:00:00,10,0.096667,0.202064
2025-12-04 04:00:00,2025-12,2025-12-03 17:00:00,11,0.041667,0.223976
2025-12-04 05:00:00,2025-12,2025-12-03 17:00:00,12,0.021667,0.283754
2025-12-04 06:00:00,2025-12,2025-12-03 17:00:00,13,0.043333,0.272349
2025-12-04 07:00:00,2025-12,2025-12-03 17:00:00,14,0.041667,0.230559
2025-12-04 08:00:00,2025-12,2025-12-03 17:00:00,15,0.065000,0.186890
2025-12-04 09:00:00,2025-12,2025-12-03 17:00:00,16,0.016667,0.138608
2025-12-04 10:00:00,2025-12,2025-12-03 17:00:00,17,0.150000,0.082865
2025-12-04 11:00:00,2025-12,2025-12-03 17:00:00,18,0.218333,0.041276
2025-12-04 12:00:00,2025-12,2025-12-03 17:00:00,19,0.150000,0.010786
2025-12-04 13:00:00,2025-12,2025-12-03 17:00:00,20,0.056667,0.010843
2025-12-04 14:00:00,2025-12,2025-12-03 17:00:00,21,0.010000,0.011005
2025-12-04 15:00:00,2025-12,2025-12-03 17:00:00,22,0.121667,0.011768
2025-12-04 16:00:00,2025-12,2025-12-03 17:00:00,23,0.096667,0.010975
2025-12-04 17:00:00,2025-12,2025-12-03 17:00:00,24,0.055000,0.012592
2025-12-04 18:00:00,2025-12,2025-12-03 17:00:00,25,0.018333,0.011678
2025-12-04 19:00:00,2025-12,2025-12-03 17:00:00,26,0.015000,0.011213
2025-12-04 20:00:00,2025-12,2025-12-03 17:00:00,27,0.008333,0.011103
2025-12-04 21:00:00,2025-12,2025-12-03 17:00:00,28,0.015000,0.011978
2025-12-04 22:00:00,2025-12,2025-12-03 17:00:00,29,0.046667,0.013187
2025-12-04 23:00:00,2025-12,2025-12-03 17:00:00,30,0.011667,0.017218
2025-12-05 00:00:00,2025-12,2025-12-03 17:00:00,31,0.038333,0.032993
2025-12-05 01:00:00,2025-12,2025-12-03 17:00:00,32,0.010000,0.028408
2025-12-05 02:00:00,2025-12,2025-12-03 17:00:00,33,0.010000,0.033442
2025-12-05 03:00:00,2025-12,2025-12-03 17:00:00,34,0.008333,0.037286
2025-12-05 04:00:00,2025-12,2025-12-03 17:00:00,35,0.008333,0.052150
2025-12-05 05:00:00,2025-12,2025-12-03 17:00:00,36,0.010000,0.060866
2025-12-05 06:00:00,2025-12,2025-12-03 17:00:00,37,0.010000,0.126772
2025-12-05 07:00:00,2025-12,2025-12-03 17:00:00,38,0.010000,0.186318
2025-12-05 08:00:00,2025-12,2025-12-03 17:00:00,39,0.008333,0.258287
2025-12-05 09:00:00,2025-12,2025-12-03 17:00:00,40,0.010000,0.359627
2025-12-05 10:00:00,2025-12,2025-12-03 17:00:00,41,0.010000,0.426230
2025-12-05 11:00:00,2025-12,2025-12-03 17:00:00,42,0.025000,0.470739
2025-12-05 12:00:00,2025-12,2025-12-03 17:00:00,43,0.158333,0.459863
2025-12-05 13:00:00,2025-12,2025-12-03 17:00:00,44,0.188333,0.387590
2025-12-05 14:00:00,2025-12,2025-12-03 17:00:00,45,0.161667,0.358160
2025-12-05 15:00:00,2025-12,2025-12-03 17:00:00,46,0.066667,0.251300
2025-12-05 16:00:00,2025-12,2025-12-03 17:00:00,47,0.120000,0.230068
2025-12-05 17:00:00,2025-12,2025-12-03 17:00:00,48,0.145000,0.179050
2025-12-04 18:00:00,2025-12,2025-12-04 17:00:00,1,0.018333,0.010899
2025-12-04 19:00:00,2025-12,2025-12-04 17:00:00,2,0.015000,0.010895
2025-12-04 20:00:00,2025-12,2025-12-04 17:00:00,3,0.008333,0.010876
2025-12-04 21:00:00,2025-12,2025-12-04 17:00:00,4,0.015000,0.010958
2025-12-04 22:00:00,2025-12,2025-12-04 17:00:00,5,0.046667,0.011103
2025-12-04 23:00:00,2025-12,2025-12-04 17:00:00,6,0.011667,0.011037
2025-12-05 00:00:00,2025-12,2025-12-04 17:00:00,7,0.038333,0.013377
2025-12-05 01:00:00,2025-12,2025-12-04 17:00:00,8,0.010000,0.014538
2025-12-05 02:00:00,2025-12,2025-12-04 17:00:00,9,0.010000,0.017960
2025-12-05 03:00:00,2025-12,2025-12-04 17:00:00,10,0.008333,0.013911
2025-12-05 04:00:00,2025-12,2025-12-04 17:00:00,11,0.008333,0.022655
2025-12-05 05:00:00,2025-12,2025-12-04 17:00:00,12,0.010000,0.040619
2025-12-05 06:00:00,2025-12,2025-12-04 17:00:00,13,0.010000,0.074141
2025-12-05 07:00:00,2025-12,2025-12-04 17:00:00,14,0.010000,0.147427
2025-12-05 08:00:00,2025-12,2025-12-04 17:00:00,15,0.008333,0.226692
2025-12-05 09:00:00,2025-12,2025-12-04 17:00:00,16,0.010000,0.272389
2025-12-05 10:00:00,2025-12,2025-12-04 17:00:00,17,0.010000,0.341391
2025-12-05 11:00:00,2025-12,2025-12-04 17:00:00,18,0.025000,0.404010
2025-12-05 12:00:00,2025-12,2025-12-04 17:00:00,19,0.158333,0.419074
2025-12-05 13:00:00,2025-12,2025-12-04 17:00:00,20,0.188333,0.396423
2025-12-05 14:00:00,2025-12,2025-12-04 17:00:00,21,0.161667,0.343753
2025-12-05 15:00:00,2025-12,2025-12-04 17:00:00,22,0.066667,0.298364
2025-12-05 16:00:00,2025-12,2025-12-04 17:00:00,23,0.120000,0.231574
2025-12-05 17:00:00,2025-12,2025-12-04 17:00:00,24,0.145000,0.152042
2025-12-05 18:00:00,2025-12,2025-12-04 17:00:00,25,0.010000,0.088391
2025-12-05 19:00:00,2025-12,2025-12-04 17:00:00,26,0.010000,0.043733
2025-12-05 20:00:00,2025-12,2025-12-04 17:00:00,27,0.011667,0.013830
2025-12-05 21:00:00,2025-12,2025-12-04 17:00:00,28,0.010000,0.010881
2025-12-05 22:00:00,2025-12,2025-12-04 17:00:00,29,0.010000,0.010830
2025-12-05 23:00:00,2025-12,2025-12-04 17:00:00,30,0.010000,0.010817
2025-12-06 00:00:00,2025-12,2025-12-04 17:00:00,31,0.015000,0.010905
2025-12-06 01:00:00,2025-12,2025-12-04 17:00:00,32,0.015000,0.034796
2025-12-06 02:00:00,2025-12,2025-12-04 17:00:00,33,0.125000,0.050418
2025-12-06 03:00:00,2025-12,2025-12-04 17:00:00,34,0.155000,0.101246
2025-12-06 04:00:00,2025-12,2025-12-04 17:00:00,35,0.070000,0.177685
2025-12-06 05:00:00,2025-12,2025-12-04 17:00:00,36,0.135000,0.231338
2025-12-06 06:00:00,2025-12,2025-12-04 17:00:00,37,0.786667,0.332233
2025-12-06 07:00:00,2025-12,2025-12-04 17:00:00,38,0.670000,0.403045
2025-12-06 08:00:00,2025-12,2025-12-04 17:00:00,39,0.616667,0.414098
2025-12-06 09:00:00,2025-12,2025-12-04 17:00:00,40,0.441667,0.393536
2025-12-06 10:00:00,2025-12,2025-12-04 17:00:00,41,0.430000,0.399641
2025-12-06 11:00:00,2025-12,2025-12-04 17:00:00,42,0.091667,0.324699
2025-12-06 12:00:00,2025-12,2025-12-04 17:00:00,43,0.010000,0.260099
2025-12-06 13:00:00,2025-12,2025-12-04 17:00:00,44,0.010000,0.260454
2025-12-06 14:00:00,2025-12,2025-12-04 17:00:00,45,0.010000,0.324756
2025-12-06 15:00:00,2025-12,2025-12-04 17:00:00,46,0.010000,0.339078
2025-12-06 16:00:00,2025-12,2025-12-04 17:00:00,47,0.048333,0.353018
2025-12-06 17:00:00,2025-12,2025-12-04 17:00:00,48,0.070000,0.429890
2025-12-05 18:00:00,2025-12,2025-12-05 17:00:00,1,0.010000,0.040326
2025-12-05 19:00:00,2025-12,2025-12-05 17:00:00,2,0.010000,0.020547
2025-12-05 20:00:00,2025-12,2025-12-05 17:00:00,3,0.011667,0.010249
2025-12-05 21:00:00,2025-12,2025-12-05 17:00:00,4,0.010000,0.010816
2025-12-05 22:00:00,2025-12,2025-12-05 17:00:00,5,0.010000,0.010821
2025-12-05 23:00:00,2025-12,2025-12-05 17:00:00,6,0.010000,0.010821
2025-12-06 00:00:00,2025-12,2025-12-05 17:00:00,7,0.015000,0.010851
2025-12-06 01:00:00,2025-12,2025-12-05 17:00:00,8,0.015000,0.010830
2025-12-06 02:00:00,2025-12,2025-12-05 17:00:00,9,0.125000,0.009817
2025-12-06 03:00:00,2025-12,2025-12-05 17:00:00,10,0.155000,0.044480
2025-12-06 04:00:00,2025-12,2025-12-05 17:00:00,11,0.070000,0.091220
2025-12-06 05:00:00,2025-12,2025-12-05 17:00:00,12,0.135000,0.149995
2025-12-06 06:00:00,2025-12,2025-12-05 17:00:00,13,0.786667,0.288779
2025-12-06 07:00:00,2025-12,2025-12-05 17:00:00,14,0.670000,0.304658
2025-12-06 08:00:00,2025-12,2025-12-05 17:00:00,15,0.616667,0.239954
2025-12-06 09:00:00,2025-12,2025-12-05 17:00:00,16,0.441667,0.226000
2025-12-06 10:00:00,2025-12,2025-12-05 17:00:00,17,0.430000,0.240428
2025-12-06 11:00:00,2025-12,2025-12-05 17:00:00,18,0.091667,0.337801
2025-12-06 12:00:00,2025-12,2025-12-05 17:00:00,19,0.010000,0.371748
2025-12-06 13:00:00,2025-12,2025-12-05 17:00:00,20,0.010000,0.394847
2025-12-06 14:00:00,2025-12,2025-12-05 17:00:00,21,0.010000,0.414960
2025-12-06 15:00:00,2025-12,2025-12-05 17:00:00,22,0.010000,0.317747
2025-12-06 16:00:00,2025-12,2025-12-05 17:00:00,23,0.048333,0.319083
2025-12-06 17:00:00,2025-12,2025-12-05 17:00:00,24,0.070000,0.315531
2025-12-06 18:00:00,2025-12,2025-12-05 17:00:00,25,0.073333,0.338973
2025-12-06 19:00:00,2025-12,2025-12-05 17:00:00,26,0.101667,0.338550
2025-12-06 20:00:00,2025-12,2025-12-05 17:00:00,27,0.133333,0.362387
2025-12-06 21:00:00,2025-12,2025-12-05 17:00:00,28,0.230000,0.386930
2025-12-06 22:00:00,2025-12,2025-12-05 17:00:00,29,0.243333,0.386923
2025-12-06 23:00:00,2025-12,2025-12-05 17:00:00,30,0.343333,0.387959
2025-12-07 00:00:00,2025-12,2025-12-05 17:00:00,31,0.373333,0.420318
2025-12-07 01:00:00,2025-12,2025-12-05 17:00:00,32,0.466667,0.330546
2025-12-07 02:00:00,2025-12,2025-12-05 17:00:00,33,0.050000,0.280202
2025-12-07 03:00:00,2025-12,2025-12-05 17:00:00,34,0.013333,0.211548
2025-12-07 04:00:00,2025-12,2025-12-05 17:00:00,35,0.055000,0.167127
2025-12-07 05:00:00,2025-12,2025-12-05 17:00:00,36,0.008333,0.136644
2025-12-07 06:00:00,2025-12,2025-12-05 17:00:00,37,0.010000,0.114477
2025-12-07 07:00:00,2025-12,2025-12-05 17:00:00,38,0.010000,0.080980
2025-12-07 08:00:00,2025-12,2025-12-05 17:00:00,39,0.020000,0.039566
2025-12-07 09:00:00,2025-12,2025-12-05 17:00:00,40,0.010000,0.011786
2025-12-07 10:00:00,2025-12,2025-12-05 17:00:00,41,0.030000,0.011495
2025-12-07 11:00:00,2025-12,2025-12-05 17:00:00,42,0.006667,0.011522
2025-12-07 12:00:00,2025-12,2025-12-05 17:00:00,43,0.075000,0.012579
2025-12-07 13:00:00,2025-12,2025-12-05 17:00:00,44,0.013333,0.011254
2025-12-07 14:00:00,2025-12,2025-12-05 17:00:00,45,0.010000,0.010862
2025-12-07 15:00:00,2025-12,2025-12-05 17:00:00,46,0.085000,0.010745
2025-12-07 16:00:00,2025-12,2025-12-05 17:00:00,47,0.015000,0.015689
2025-12-07 17:00:00,2025-12,2025-12-05 17:00:00,48,0.010000,0.014899
2025-12-06 18:00:00,2025-12,2025-12-06 17:00:00,1,0.073333,0.175203
2025-12-06 19:00:00,2025-12,2025-12-06 17:00:00,2,0.101667,0.213159
2025-12-06 20:00:00,2025-12,2025-12-06 17:00:00,3,0.133333,0.262373
2025-12-06 21:00:00,2025-12,2025-12-06 17:00:00,4,0.230000,0.308242
2025-12-06 22:00:00,2025-12,2025-12-06 17:00:00,5,0.243333,0.324911
2025-12-06 23:00:00,2025-12,2025-12-06 17:00:00,6,0.343333,0.359866
2025-12-07 00:00:00,2025-12,2025-12-06 17:00:00,7,0.373333,0.397120
2025-12-07 01:00:00,2025-12,2025-12-06 17:00:00,8,0.466667,0.460426
2025-12-07 02:00:00,2025-12,2025-12-06 17:00:00,9,0.050000,0.411304
2025-12-07 03:00:00,2025-12,2025-12-06 17:00:00,10,0.013333,0.297081
2025-12-07 04:00:00,2025-12,2025-12-06 17:00:00,11,0.055000,0.298710
2025-12-07 05:00:00,2025-12,2025-12-06 17:00:00,12,0.008333,0.514596
2025-12-07 06:00:00,2025-12,2025-12-06 17:00:00,13,0.010000,0.440077
2025-12-07 07:00:00,2025-12,2025-12-06 17:00:00,14,0.010000,0.370092
2025-12-07 08:00:00,2025-12,2025-12-06 17:00:00,15,0.020000,0.254345
2025-12-07 09:00:00,2025-12,2025-12-06 17:00:00,16,0.010000,0.101224
2025-12-07 10:00:00,2025-12,2025-12-06 17:00:00,17,0.030000,0.073696
2025-12-07 11:00:00,2025-12,2025-12-06 17:00:00,18,0.006667,0.027227
2025-12-07 12:00:00,2025-12,2025-12-06 17:00:00,19,0.075000,0.012079
2025-12-07 13:00:00,2025-12,2025-12-06 17:00:00,20,0.013333,0.011258
2025-12-07 14:00:00,2025-12,2025-12-06 17:00:00,21,0.010000,0.010858
2025-12-07 15:00:00,2025-12,2025-12-06 17:00:00,22,0.085000,0.010899
2025-12-07 16:00:00,2025-12,2025-12-06 17:00:00,23,0.015000,0.010883
2025-12-07 17:00:00,2025-12,2025-12-06 17:00:00,24,0.010000,0.043537
2025-12-07 18:00:00,2025-12,2025-12-06 17:00:00,25,0.010000,0.022904
2025-12-07 19:00:00,2025-12,2025-12-06 17:00:00,26,0.010000,0.033938
2025-12-07 20:00:00,2025-12,2025-12-06 17:00:00,27,0.010000,0.036223
2025-12-07 21:00:00,2025-12,2025-12-06 17:00:00,28,0.046667,0.105899
2025-12-07 22:00:00,2025-12,2025-12-06 17:00:00,29,0.218333,0.240964
2025-12-07 23:00:00,2025-12,2025-12-06 17:00:00,30,0.151667,0.293600
2025-12-08 00:00:00,2025-12,2025-12-06 17:00:00,31,0.648333,0.324035
2025-12-08 01:00:00,2025-12,2025-12-06 17:00:00,32,0.531667,0.300137
2025-12-08 02:00:00,2025-12,2025-12-06 17:00:00,33,0.383333,0.252506
2025-12-08 03:00:00,2025-12,2025-12-06 17:00:00,34,0.353333,0.143105
2025-12-08 04:00:00,2025-12,2025-12-06 17:00:00,35,0.156667,0.105503
2025-12-08 05:00:00,2025-12,2025-12-06 17:00:00,36,0.010000,0.089868
2025-12-08 06:00:00,2025-12,2025-12-06 17:00:00,37,0.010000,0.066983
2025-12-08 07:00:00,2025-12,2025-12-06 17:00:00,38,0.008333,0.078258
2025-12-08 08:00:00,2025-12,2025-12-06 17:00:00,39,0.040000,0.100115
2025-12-08 09:00:00,2025-12,2025-12-06 17:00:00,40,0.421667,0.204271
2025-12-08 10:00:00,2025-12,2025-12-06 17:00:00,41,0.533333,0.297122
2025-12-08 11:00:00,2025-12,2025-12-06 17:00:00,42,0.330000,0.418668
2025-12-08 12:00:00,2025-12,2025-12-06 17:00:00,43,0.681667,0.647416
2025-12-08 13:00:00,2025-12,2025-12-06 17:00:00,44,0.920000,0.818986
2025-12-08 14:00:00,2025-12,2025-12-06 17:00:00,45,0.946667,0.887896
2025-12-08 15:00:00,2025-12,2025-12-06 17:00:00,46,0.960000,0.877750
2025-12-08 16:00:00,2025-12,2025-12-06 17:00:00,47,0.853333,0.870762
2025-12-08 17:00:00,2025-12,2025-12-06 17:00:00,48,0.945000,0.830765
2025-12-07 18:00:00,2025-12,2025-12-07 17:00:00,1,0.010000,0.038636
2025-12-07 19:00:00,2025-12,2025-12-07 17:00:00,2,0.010000,0.088407
2025-12-07 20:00:00,2025-12,2025-12-07 17:00:00,3,0.010000,0.169026
2025-12-07 21:00:00,2025-12,2025-12-07 17:00:00,4,0.046667,0.199614
2025-12-07 22:00:00,2025-12,2025-12-07 17:00:00,5,0.218333,0.272812
2025-12-07 23:00:00,2025-12,2025-12-07 17:00:00,6,0.151667,0.295421
2025-12-08 00:00:00,2025-12,2025-12-07 17:00:00,7,0.648333,0.411841
2025-12-08 01:00:00,2025-12,2025-12-07 17:00:00,8,0.531667,0.544502
2025-12-08 02:00:00,2025-12,2025-12-07 17:00:00,9,0.383333,0.631811
2025-12-08 03:00:00,2025-12,2025-12-07 17:00:00,10,0.353333,0.591007
2025-12-08 04:00:00,2025-12,2025-12-07 17:00:00,11,0.156667,0.486994
2025-12-08 05:00:00,2025-12,2025-12-07 17:00:00,12,0.010000,0.329234
2025-12-08 06:00:00,2025-12,2025-12-07 17:00:00,13,0.010000,0.143402
2025-12-08 07:00:00,2025-12,2025-12-07 17:00:00,14,0.008333,0.062214
2025-12-08 08:00:00,2025-12,2025-12-07 17:00:00,15,0.040000,0.073665
2025-12-08 09:00:00,2025-12,2025-12-07 17:00:00,16,0.421667,0.216224
2025-12-08 10:00:00,2025-12,2025-12-07 17:00:00,17,0.533333,0.537791
2025-12-08 11:00:00,2025-12,2025-12-07 17:00:00,18,0.330000,0.754975
2025-12-08 12:00:00,2025-12,2025-12-07 17:00:00,19,0.681667,0.898577
2025-12-08 13:00:00,2025-12,2025-12-07 17:00:00,20,0.920000,0.951624
2025-12-08 14:00:00,2025-12,2025-12-07 17:00:00,21,0.946667,0.920702
2025-12-08 15:00:00,2025-12,2025-12-07 17:00:00,22,0.960000,0.917921
2025-12-08 16:00:00,2025-12,2025-12-07 17:00:00,23,0.853333,0.930410
2025-12-08 17:00:00,2025-12,2025-12-07 17:00:00,24,0.945000,0.870225
2025-12-08 18:00:00,2025-12,2025-12-07 17:00:00,25,0.785000,0.726605
2025-12-08 19:00:00,2025-12,2025-12-07 17:00:00,26,0.296667,0.481953
2025-12-08 20:00:00,2025-12,2025-12-07 17:00:00,27,0.150000,0.270804
2025-12-08 21:00:00,2025-12,2025-12-07 17:00:00,28,0.125000,0.164178
2025-12-08 22:00:00,2025-12,2025-12-07 17:00:00,29,0.075000,0.074772
2025-12-08 23:00:00,2025-12,2025-12-07 17:00:00,30,0.025000,0.025346
2025-12-09 00:00:00,2025-12,2025-12-07 17:00:00,31,0.011667,0.013020
2025-12-09 01:00:00,2025-12,2025-12-07 17:00:00,32,0.010000,0.016372
2025-12-09 02:00:00,2025-12,2025-12-07 17:00:00,33,0.010000,0.040021
2025-12-09 03:00:00,2025-12,2025-12-07 17:00:00,34,0.155000,0.157828
2025-12-09 04:00:00,2025-12,2025-12-07 17:00:00,35,0.800000,0.433366
2025-12-09 05:00:00,2025-12,2025-12-07 17:00:00,36,0.908333,0.844251
2025-12-09 06:00:00,2025-12,2025-12-07 17:00:00,37,0.971667,0.933915
2025-12-09 07:00:00,2025-12,2025-12-07 17:00:00,38,0.970000,0.959870
2025-12-09 08:00:00,2025-12,2025-12-07 17:00:00,39,0.963333,0.882411
2025-12-09 09:00:00,2025-12,2025-12-07 17:00:00,40,0.968333,0.726478
2025-12-09 10:00:00,2025-12,2025-12-07 17:00:00,41,0.953333,0.431584
2025-12-09 11:00:00,2025-12,2025-12-07 17:00:00,42,0.953333,0.212023
2025-12-09 12:00:00,2025-12,2025-12-07 17:00:00,43,0.900000,0.070379
2025-12-09 13:00:00,2025-12,2025-12-07 17:00:00,44,0.936667,0.047871
2025-12-09 14:00:00,2025-12,2025-12-07 17:00:00,45,0.865000,0.034959
2025-12-09 15:00:00,2025-12,2025-12-07 17:00:00,46,0.546667,0.041266
2025-12-09 16:00:00,2025-12,2025-12-07 17:00:00,47,0.145000,0.046136
2025-12-09 17:00:00,2025-12,2025-12-07 17:00:00,48,0.040000,0.077325
2025-12-08 18:00:00,2025-12,2025-12-08 17:00:00,1,0.785000,0.661686
2025-12-08 19:00:00,2025-12,2025-12-08 17:00:00,2,0.296667,0.454613
2025-12-08 20:00:00,2025-12,2025-12-08 17:00:00,3,0.150000,0.274572
2025-12-08 21:00:00,2025-12,2025-12-08 17:00:00,4,0.125000,0.159969
2025-12-08 22:00:00,2025-12,2025-12-08 17:00:00,5,0.075000,0.065807
2025-12-08 23:00:00,2025-12,2025-12-08 17:00:00,6,0.025000,0.014689
2025-12-09 00:00:00,2025-12,2025-12-08 17:00:00,7,0.011667,0.010929
2025-12-09 01:00:00,2025-12,2025-12-08 17:00:00,8,0.010000,0.010908
2025-12-09 02:00:00,2025-12,2025-12-08 17:00:00,9,0.010000,0.028189
2025-12-09 03:00:00,2025-12,2025-12-08 17:00:00,10,0.155000,0.167231
2025-12-09 04:00:00,2025-12,2025-12-08 17:00:00,11,0.800000,0.503959
2025-12-09 05:00:00,2025-12,2025-12-08 17:00:00,12,0.908333,0.872670
2025-12-09 06:00:00,2025-12,2025-12-08 17:00:00,13,0.971667,0.964582
2025-12-09 07:00:00,2025-12,2025-12-08 17:00:00,14,0.970000,0.963948
2025-12-09 08:00:00,2025-12,2025-12-08 17:00:00,15,0.963333,0.965697
2025-12-09 09:00:00,2025-12,2025-12-08 17:00:00,16,0.968333,0.969164
2025-12-09 10:00:00,2025-12,2025-12-08 17:00:00,17,0.953333,0.874421
2025-12-09 11:00:00,2025-12,2025-12-08 17:00:00,18,0.953333,0.534020
2025-12-09 12:00:00,2025-12,2025-12-08 17:00:00,19,0.900000,0.221598
2025-12-09 13:00:00,2025-12,2025-12-08 17:00:00,20,0.936667,0.091453
2025-12-09 14:00:00,2025-12,2025-12-08 17:00:00,21,0.865000,0.057217
2025-12-09 15:00:00,2025-12,2025-12-08 17:00:00,22,0.546667,0.046196
2025-12-09 16:00:00,2025-12,2025-12-08 17:00:00,23,0.145000,0.046110
2025-12-09 17:00:00,2025-12,2025-12-08 17:00:00,24,0.040000,0.077914
2025-12-09 18:00:00,2025-12,2025-12-08 17:00:00,25,0.331667,0.160069
2025-12-09 19:00:00,2025-12,2025-12-08 17:00:00,26,0.651667,0.389336
2025-12-09 20:00:00,2025-12,2025-12-08 17:00:00,27,0.791667,0.682782
2025-12-09 21:00:00,2025-12,2025-12-08 17:00:00,28,0.943333,0.890632
2025-12-09 22:00:00,2025-12,2025-12-08 17:00:00,29,0.978333,0.924959
2025-12-09 23:00:00,2025-12,2025-12-08 17:00:00,30,0.975000,0.941496
2025-12-10 00:00:00,2025-12,2025-12-08 17:00:00,31,0.968000,0.968313
2025-12-10 04:00:00,2025-12,2025-12-08 17:00:00,35,0.641667,0.965906
2025-12-10 05:00:00,2025-12,2025-12-08 17:00:00,36,0.930000,0.960320
2025-12-10 06:00:00,2025-12,2025-12-08 17:00:00,37,0.946667,0.957249
2025-12-10 07:00:00,2025-12,2025-12-08 17:00:00,38,0.946667,0.959564
2025-12-10 08:00:00,2025-12,2025-12-08 17:00:00,39,0.961667,0.961642
2025-12-10 09:00:00,2025-12,2025-12-08 17:00:00,40,0.970000,0.945618
2025-12-10 10:00:00,2025-12,2025-12-08 17:00:00,41,0.973333,0.933207
2025-12-10 11:00:00,2025-12,2025-12-08 17:00:00,42,0.973333,0.933338
2025-12-10 12:00:00,2025-12,2025-12-08 17:00:00,43,0.955000,0.949411
2025-12-10 13:00:00,2025-12,2025-12-08 17:00:00,44,0.980000,0.935954
2025-12-10 14:00:00,2025-12,2025-12-08 17:00:00,45,0.980000,0.922664
2025-12-10 15:00:00,2025-12,2025-12-08 17:00:00,46,0.980000,0.839524
2025-12-10 16:00:00,2025-12,2025-12-08 17:00:00,47,0.980000,0.861953
2025-12-10 17:00:00,2025-12,2025-12-08 17:00:00,48,0.970000,0.811979
2025-12-09 18:00:00,2025-12,2025-12-09 17:00:00,1,0.331667,0.041843
2025-12-09 19:00:00,2025-12,2025-12-09 17:00:00,2,0.651667,0.217253
2025-12-09 20:00:00,2025-12,2025-12-09 17:00:00,3,0.791667,0.503687
2025-12-09 21:00:00,2025-12,2025-12-09 17:00:00,4,0.943333,0.741693
2025-12-09 22:00:00,2025-12,2025-12-09 17:00:00,5,0.978333,0.904919
2025-12-09 23:00:00,2025-12,2025-12-09 17:00:00,6,0.975000,0.967921
2025-12-10 00:00:00,2025-12,2025-12-09 17:00:00,7,0.968000,0.969669
2025-12-10 04:00:00,2025-12,2025-12-09 17:00:00,11,0.641667,0.961255
2025-12-10 05:00:00,2025-12,2025-12-09 17:00:00,12,0.930000,0.951765
2025-12-10 06:00:00,2025-12,2025-12-09 17:00:00,13,0.946667,0.955906
2025-12-10 07:00:00,2025-12,2025-12-09 17:00:00,14,0.946667,0.950004
2025-12-10 08:00:00,2025-12,2025-12-09 17:00:00,15,0.961667,0.951481
2025-12-10 09:00:00,2025-12,2025-12-09 17:00:00,16,0.970000,0.963696
2025-12-10 10:00:00,2025-12,2025-12-09 17:00:00,17,0.973333,0.963159
2025-12-10 11:00:00,2025-12,2025-12-09 17:00:00,18,0.973333,0.961799
2025-12-10 12:00:00,2025-12,2025-12-09 17:00:00,19,0.955000,0.957648
2025-12-10 13:00:00,2025-12,2025-12-09 17:00:00,20,0.980000,0.963091
2025-12-10 14:00:00,2025-12,2025-12-09 17:00:00,21,0.980000,0.967210
2025-12-10 15:00:00,2025-12,2025-12-09 17:00:00,22,0.980000,0.962556
2025-12-10 16:00:00,2025-12,2025-12-09 17:00:00,23,0.980000,0.947158
2025-12-10 17:00:00,2025-12,2025-12-09 17:00:00,24,0.970000,0.918445
2025-12-10 18:00:00,2025-12,2025-12-09 17:00:00,25,0.943333,0.831758
2025-12-10 19:00:00,2025-12,2025-12-09 17:00:00,26,0.488333,0.737522
2025-12-10 20:00:00,2025-12,2025-12-09 17:00:00,27,0.353333,0.691486
2025-12-10 21:00:00,2025-12,2025-12-09 17:00:00,28,0.088333,0.515973
2025-12-10 22:00:00,2025-12,2025-12-09 17:00:00,29,0.005000,0.289077
2025-12-10 23:00:00,2025-12,2025-12-09 17:00:00,30,0.008333,0.103448
2025-12-11 00:00:00,2025-12,2025-12-09 17:00:00,31,0.035000,0.033966
2025-12-11 01:00:00,2025-12,2025-12-09 17:00:00,32,0.010000,0.108176
2025-12-11 02:00:00,2025-12,2025-12-09 17:00:00,33,0.328333,0.331601
2025-12-11 03:00:00,2025-12,2025-12-09 17:00:00,34,0.980000,0.793026
2025-12-11 04:00:00,2025-12,2025-12-09 17:00:00,35,0.900000,0.961833
2025-12-11 05:00:00,2025-12,2025-12-09 17:00:00,36,0.306667,0.968308
2025-12-11 06:00:00,2025-12,2025-12-09 17:00:00,37,0.978333,0.967946
2025-12-11 07:00:00,2025-12,2025-12-09 17:00:00,38,0.975000,0.967769
2025-12-11 08:00:00,2025-12,2025-12-09 17:00:00,39,0.220000,0.967702
2025-12-11 10:00:00,2025-12,2025-12-09 17:00:00,41,0.367500,0.967715
2025-12-11 11:00:00,2025-12,2025-12-09 17:00:00,42,0.980000,0.967700
2025-12-11 12:00:00,2025-12,2025-12-09 17:00:00,43,0.973333,0.967700
2025-12-11 13:00:00,2025-12,2025-12-09 17:00:00,44,0.975000,0.967700
2025-12-11 14:00:00,2025-12,2025-12-09 17:00:00,45,0.976667,0.967634
2025-12-11 15:00:00,2025-12,2025-12-09 17:00:00,46,0.980000,0.967634
2025-12-11 16:00:00,2025-12,2025-12-09 17:00:00,47,0.978333,0.967634
2025-12-11 17:00:00,2025-12,2025-12-09 17:00:00,48,0.980000,0.967634
2025-12-10 18:00:00,2025-12,2025-12-10 17:00:00,1,0.943333,0.841733
2025-12-10 19:00:00,2025-12,2025-12-10 17:00:00,2,0.488333,0.702936
2025-12-10 20:00:00,2025-12,2025-12-10 17:00:00,3,0.353333,0.598599
2025-12-10 21:00:00,2025-12,2025-12-10 17:00:00,4,0.088333,0.368746
2025-12-10 22:00:00,2025-12,2025-12-10 17:00:00,5,0.005000,0.196605
2025-12-10 23:00:00,2025-12,2025-12-10 17:00:00,6,0.008333,0.054796
2025-12-11 00:00:00,2025-12,2025-12-10 17:00:00,7,0.035000,0.041760
2025-12-11 01:00:00,2025-12,2025-12-10 17:00:00,8,0.010000,0.111936
2025-12-11 02:00:00,2025-12,2025-12-10 17:00:00,9,0.328333,0.505752
2025-12-11 03:00:00,2025-12,2025-12-10 17:00:00,10,0.980000,0.956279
2025-12-11 04:00:00,2025-12,2025-12-10 17:00:00,11,0.900000,0.968190
2025-12-11 05:00:00,2025-12,2025-12-10 17:00:00,12,0.306667,0.968007
2025-12-11 06:00:00,2025-12,2025-12-10 17:00:00,13,0.978333,0.967849
2025-12-11 07:00:00,2025-12,2025-12-10 17:00:00,14,0.975000,0.967949
2025-12-11 08:00:00,2025-12,2025-12-10 17:00:00,15,0.220000,0.967754
2025-12-11 10:00:00,2025-12,2025-12-10 17:00:00,17,0.367500,0.967615
2025-12-11 11:00:00,2025-12,2025-12-10 17:00:00,18,0.980000,0.967634
2025-12-11 12:00:00,2025-12,2025-12-10 17:00:00,19,0.973333,0.967634
2025-12-11 13:00:00,2025-12,2025-12-10 17:00:00,20,0.975000,0.967634
2025-12-11 14:00:00,2025-12,2025-12-10 17:00:00,21,0.976667,0.967634
2025-12-11 15:00:00,2025-12,2025-12-10 17:00:00,22,0.980000,0.967634
2025-12-11 16:00:00,2025-12,2025-12-10 17:00:00,23,0.978333,0.967634
2025-12-11 17:00:00,2025-12,2025-12-10 17:00:00,24,0.980000,0.967649
2025-12-11 18:00:00,2025-12,2025-12-10 17:00:00,25,0.980000,0.967602
2025-12-11 19:00:00,2025-12,2025-12-10 17:00:00,26,0.980000,0.967602
2025-12-11 20:00:00,2025-12,2025-12-10 17:00:00,27,0.980000,0.967602
2025-12-11 21:00:00,2025-12,2025-12-10 17:00:00,28,0.980000,0.967913
2025-12-11 22:00:00,2025-12,2025-12-10 17:00:00,29,0.980000,0.968078
2025-12-11 23:00:00,2025-12,2025-12-10 17:00:00,30,0.978333,0.968071
2025-12-12 00:00:00,2025-12,2025-12-10 17:00:00,31,0.980000,0.967850
2025-12-12 02:00:00,2025-12,2025-12-10 17:00:00,33,0.978000,0.969871
2025-12-12 03:00:00,2025-12,2025-12-10 17:00:00,34,0.978333,0.967440
2025-12-12 04:00:00,2025-12,2025-12-10 17:00:00,35,0.980000,0.967602
2025-12-12 05:00:00,2025-12,2025-12-10 17:00:00,36,0.976667,0.967602
2025-12-12 06:00:00,2025-12,2025-12-10 17:00:00,37,0.976667,0.967475
2025-12-12 07:00:00,2025-12,2025-12-10 17:00:00,38,0.971667,0.967702
2025-12-12 08:00:00,2025-12,2025-12-10 17:00:00,39,0.978333,0.967753
2025-12-12 09:00:00,2025-12,2025-12-10 17:00:00,40,0.975000,0.970331
2025-12-12 10:00:00,2025-12,2025-12-10 17:00:00,41,0.975000,0.969821
2025-12-12 11:00:00,2025-12,2025-12-10 17:00:00,42,0.973333,0.969609
2025-12-12 12:00:00,2025-12,2025-12-10 17:00:00,43,0.971667,0.966852
2025-12-12 14:00:00,2025-12,2025-12-10 17:00:00,45,0.976667,0.959036
2025-12-12 15:00:00,2025-12,2025-12-10 17:00:00,46,0.980000,0.949885
2025-12-12 16:00:00,2025-12,2025-12-10 17:00:00,47,0.980000,0.948082
2025-12-12 17:00:00,2025-12,2025-12-10 17:00:00,48,0.980000,0.944676
2025-12-11 18:00:00,2025-12,2025-12-11 17:00:00,1,0.980000,0.967602
2025-12-11 19:00:00,2025-12,2025-12-11 17:00:00,2,0.980000,0.967602
2025-12-11 20:00:00,2025-12,2025-12-11 17:00:00,3,0.980000,0.967602
2025-12-11 21:00:00,2025-12,2025-12-11 17:00:00,4,0.980000,0.967602
2025-12-11 22:00:00,2025-12,2025-12-11 17:00:00,5,0.980000,0.968184
2025-12-11 23:00:00,2025-12,2025-12-11 17:00:00,6,0.978333,0.969110
2025-12-12 00:00:00,2025-12,2025-12-11 17:00:00,7,0.980000,0.969309
2025-12-12 02:00:00,2025-12,2025-12-11 17:00:00,9,0.978000,0.969874
2025-12-12 03:00:00,2025-12,2025-12-11 17:00:00,10,0.978333,0.970508
2025-12-12 04:00:00,2025-12,2025-12-11 17:00:00,11,0.980000,0.960041
2025-12-12 05:00:00,2025-12,2025-12-11 17:00:00,12,0.976667,0.948590
2025-12-12 06:00:00,2025-12,2025-12-11 17:00:00,13,0.976667,0.948590
2025-12-12 07:00:00,2025-12,2025-12-11 17:00:00,14,0.971667,0.960019
2025-12-12 08:00:00,2025-12,2025-12-11 17:00:00,15,0.978333,0.967619
2025-12-12 09:00:00,2025-12,2025-12-11 17:00:00,16,0.975000,0.970302
2025-12-12 10:00:00,2025-12,2025-12-11 17:00:00,17,0.975000,0.970621
2025-12-12 11:00:00,2025-12,2025-12-11 17:00:00,18,0.973333,0.970595
2025-12-12 12:00:00,2025-12,2025-12-11 17:00:00,19,0.971667,0.971164
2025-12-12 14:00:00,2025-12,2025-12-11 17:00:00,21,0.976667,0.964233
2025-12-12 15:00:00,2025-12,2025-12-11 17:00:00,22,0.980000,0.960867
2025-12-12 16:00:00,2025-12,2025-12-11 17:00:00,23,0.980000,0.950196
2025-12-12 17:00:00,2025-12,2025-12-11 17:00:00,24,0.980000,0.948570
2025-12-12 18:00:00,2025-12,2025-12-11 17:00:00,25,0.978333,0.948961
2025-12-12 19:00:00,2025-12,2025-12-11 17:00:00,26,0.958333,0.908534
2025-12-12 20:00:00,2025-12,2025-12-11 17:00:00,27,0.511667,0.794999
2025-12-12 21:00:00,2025-12,2025-12-11 17:00:00,28,0.180000,0.457543
2025-12-12 22:00:00,2025-12,2025-12-11 17:00:00,29,0.053333,0.201360
2025-12-12 23:00:00,2025-12,2025-12-11 17:00:00,30,0.011667,0.078169
2025-12-13 00:00:00,2025-12,2025-12-11 17:00:00,31,0.011667,0.046832
2025-12-13 01:00:00,2025-12,2025-12-11 17:00:00,32,0.023333,0.018771
2025-12-13 02:00:00,2025-12,2025-12-11 17:00:00,33,0.008333,0.015281
2025-12-13 03:00:00,2025-12,2025-12-11 17:00:00,34,0.063333,0.029170
2025-12-13 04:00:00,2025-12,2025-12-11 17:00:00,35,0.185000,0.072040
2025-12-13 05:00:00,2025-12,2025-12-11 17:00:00,36,0.050000,0.185281
2025-12-13 06:00:00,2025-12,2025-12-11 17:00:00,37,0.291667,0.289482
2025-12-13 07:00:00,2025-12,2025-12-11 17:00:00,38,0.395000,0.463340
2025-12-13 08:00:00,2025-12,2025-12-11 17:00:00,39,0.441667,0.595213
2025-12-13 09:00:00,2025-12,2025-12-11 17:00:00,40,0.503333,0.695144
2025-12-13 10:00:00,2025-12,2025-12-11 17:00:00,41,0.758333,0.670503
2025-12-13 11:00:00,2025-12,2025-12-11 17:00:00,42,0.930000,0.448254
2025-12-13 12:00:00,2025-12,2025-12-11 17:00:00,43,0.921667,0.403971
2025-12-13 13:00:00,2025-12,2025-12-11 17:00:00,44,0.875000,0.483781
2025-12-13 14:00:00,2025-12,2025-12-11 17:00:00,45,0.975000,0.644763
2025-12-13 15:00:00,2025-12,2025-12-11 17:00:00,46,0.938333,0.735816
2025-12-13 16:00:00,2025-12,2025-12-11 17:00:00,47,0.845000,0.708506
2025-12-13 17:00:00,2025-12,2025-12-11 17:00:00,48,0.315000,0.608968
2025-12-12 18:00:00,2025-12,2025-12-12 17:00:00,1,0.978333,0.912289
2025-12-12 19:00:00,2025-12,2025-12-12 17:00:00,2,0.958333,0.725094
2025-12-12 20:00:00,2025-12,2025-12-12 17:00:00,3,0.511667,0.268358
2025-12-12 21:00:00,2025-12,2025-12-12 17:00:00,4,0.180000,0.083602
2025-12-12 22:00:00,2025-12,2025-12-12 17:00:00,5,0.053333,0.033392
2025-12-12 23:00:00,2025-12,2025-12-12 17:00:00,6,0.011667,0.024073
2025-12-13 00:00:00,2025-12,2025-12-12 17:00:00,7,0.011667,0.017801
2025-12-13 01:00:00,2025-12,2025-12-12 17:00:00,8,0.023333,0.015707
2025-12-13 02:00:00,2025-12,2025-12-12 17:00:00,9,0.008333,0.015672
2025-12-13 03:00:00,2025-12,2025-12-12 17:00:00,10,0.063333,0.023959
2025-12-13 04:00:00,2025-12,2025-12-12 17:00:00,11,0.185000,0.067061
2025-12-13 05:00:00,2025-12,2025-12-12 17:00:00,12,0.050000,0.217038
2025-12-13 06:00:00,2025-12,2025-12-12 17:00:00,13,0.291667,0.294620
2025-12-13 07:00:00,2025-12,2025-12-12 17:00:00,14,0.395000,0.350008
2025-12-13 08:00:00,2025-12,2025-12-12 17:00:00,15,0.441667,0.439958
2025-12-13 09:00:00,2025-12,2025-12-12 17:00:00,16,0.503333,0.715898
2025-12-13 10:00:00,2025-12,2025-12-12 17:00:00,17,0.758333,0.709665
2025-12-13 11:00:00,2025-12,2025-12-12 17:00:00,18,0.930000,0.478940
2025-12-13 12:00:00,2025-12,2025-12-12 17:00:00,19,0.921667,0.351531
2025-12-13 13:00:00,2025-12,2025-12-12 17:00:00,20,0.875000,0.340058
2025-12-13 14:00:00,2025-12,2025-12-12 17:00:00,21,0.975000,0.327161
2025-12-13 15:00:00,2025-12,2025-12-12 17:00:00,22,0.938333,0.381492
2025-12-13 16:00:00,2025-12,2025-12-12 17:00:00,23,0.845000,0.466559
2025-12-13 17:00:00,2025-12,2025-12-12 17:00:00,24,0.315000,0.498927
2025-12-13 18:00:00,2025-12,2025-12-12 17:00:00,25,0.263333,0.373369
2025-12-13 19:00:00,2025-12,2025-12-12 17:00:00,26,0.048333,0.242525
2025-12-13 20:00:00,2025-12,2025-12-12 17:00:00,27,0.386667,0.139442
2025-12-13 21:00:00,2025-12,2025-12-12 17:00:00,28,0.701667,0.150569
2025-12-13 22:00:00,2025-12,2025-12-12 17:00:00,29,0.631667,0.266504
2025-12-13 23:00:00,2025-12,2025-12-12 17:00:00,30,0.375000,0.269556
2025-12-14 00:00:00,2025-12,2025-12-12 17:00:00,31,0.308333,0.376943
2025-12-14 01:00:00,2025-12,2025-12-12 17:00:00,32,0.360000,0.445522
2025-12-14 02:00:00,2025-12,2025-12-12 17:00:00,33,0.680000,0.602391
2025-12-14 03:00:00,2025-12,2025-12-12 17:00:00,34,0.755000,0.641635
2025-12-14 04:00:00,2025-12,2025-12-12 17:00:00,35,0.771667,0.588833
2025-12-14 05:00:00,2025-12,2025-12-12 17:00:00,36,0.891667,0.429183
2025-12-14 06:00:00,2025-12,2025-12-12 17:00:00,37,0.970000,0.389172
2025-12-14 07:00:00,2025-12,2025-12-12 17:00:00,38,0.973333,0.289753
2025-12-14 08:00:00,2025-12,2025-12-12 17:00:00,39,0.738333,0.201030
2025-12-14 09:00:00,2025-12,2025-12-12 17:00:00,40,0.296667,0.094264
2025-12-14 10:00:00,2025-12,2025-12-12 17:00:00,41,0.025000,0.064429
2025-12-14 11:00:00,2025-12,2025-12-12 17:00:00,42,0.030000,0.055467
2025-12-14 12:00:00,2025-12,2025-12-12 17:00:00,43,0.241667,0.098110
2025-12-14 13:00:00,2025-12,2025-12-12 17:00:00,44,0.868333,0.220719
2025-12-14 14:00:00,2025-12,2025-12-12 17:00:00,45,0.978333,0.625339
2025-12-14 15:00:00,2025-12,2025-12-12 17:00:00,46,0.973333,0.873270
2025-12-14 16:00:00,2025-12,2025-12-12 17:00:00,47,0.978333,0.915026
2025-12-14 17:00:00,2025-12,2025-12-12 17:00:00,48,0.980000,0.941393
2025-12-13 18:00:00,2025-12,2025-12-13 17:00:00,1,0.263333,0.498159
2025-12-13 19:00:00,2025-12,2025-12-13 17:00:00,2,0.048333,0.344262
2025-12-13 20:00:00,2025-12,2025-12-13 17:00:00,3,0.386667,0.236590
2025-12-13 21:00:00,2025-12,2025-12-13 17:00:00,4,0.701667,0.154856
2025-12-13 22:00:00,2025-12,2025-12-13 17:00:00,5,0.631667,0.162541
2025-12-13 23:00:00,2025-12,2025-12-13 17:00:00,6,0.375000,0.312828
2025-12-14 00:00:00,2025-12,2025-12-13 17:00:00,7,0.308333,0.534919
2025-12-14 01:00:00,2025-12,2025-12-13 17:00:00,8,0.360000,0.671205
2025-12-14 02:00:00,2025-12,2025-12-13 17:00:00,9,0.680000,0.677129
2025-12-14 03:00:00,2025-12,2025-12-13 17:00:00,10,0.755000,0.676299
2025-12-14 04:00:00,2025-12,2025-12-13 17:00:00,11,0.771667,0.599194
2025-12-14 05:00:00,2025-12,2025-12-13 17:00:00,12,0.891667,0.465370
2025-12-14 06:00:00,2025-12,2025-12-13 17:00:00,13,0.970000,0.384661
2025-12-14 07:00:00,2025-12,2025-12-13 17:00:00,14,0.973333,0.287457
2025-12-14 08:00:00,2025-12,2025-12-13 17:00:00,15,0.738333,0.183466
2025-12-14 09:00:00,2025-12,2025-12-13 17:00:00,16,0.296667,0.055720
2025-12-14 10:00:00,2025-12,2025-12-13 17:00:00,17,0.025000,0.017132
2025-12-14 11:00:00,2025-12,2025-12-13 17:00:00,18,0.030000,0.071059
2025-12-14 12:00:00,2025-12,2025-12-13 17:00:00,19,0.241667,0.202385
2025-12-14 13:00:00,2025-12,2025-12-13 17:00:00,20,0.868333,0.419103
2025-12-14 14:00:00,2025-12,2025-12-13 17:00:00,21,0.978333,0.818976
2025-12-14 15:00:00,2025-12,2025-12-13 17:00:00,22,0.973333,0.919507
2025-12-14 16:00:00,2025-12,2025-12-13 17:00:00,23,0.978333,0.915753
2025-12-14 17:00:00,2025-12,2025-12-13 17:00:00,24,0.980000,0.946886
2025-12-14 18:00:00,2025-12,2025-12-13 17:00:00,25,0.978333,0.946144
2025-12-14 19:00:00,2025-12,2025-12-13 17:00:00,26,0.955000,0.942502
2025-12-14 20:00:00,2025-12,2025-12-13 17:00:00,27,0.913333,0.920353
2025-12-14 21:00:00,2025-12,2025-12-13 17:00:00,28,0.521667,0.813339
2025-12-14 22:00:00,2025-12,2025-12-13 17:00:00,29,0.198333,0.387492
2025-12-14 23:00:00,2025-12,2025-12-13 17:00:00,30,0.016667,0.114922
2025-12-15 00:00:00,2025-12,2025-12-13 17:00:00,31,0.021667,0.115009
2025-12-15 01:00:00,2025-12,2025-12-13 17:00:00,32,0.656667,0.272648
2025-12-15 02:00:00,2025-12,2025-12-13 17:00:00,33,0.583333,0.524650
2025-12-15 03:00:00,2025-12,2025-12-13 17:00:00,34,0.756667,0.753213
2025-12-15 04:00:00,2025-12,2025-12-13 17:00:00,35,0.980000,0.904371
2025-12-15 05:00:00,2025-12,2025-12-13 17:00:00,36,0.970000,0.968570
2025-12-15 06:00:00,2025-12,2025-12-13 17:00:00,37,0.971667,0.957243
2025-12-15 07:00:00,2025-12,2025-12-13 17:00:00,38,0.975000,0.963687
2025-12-15 08:00:00,2025-12,2025-12-13 17:00:00,39,0.976667,0.967448
2025-12-15 09:00:00,2025-12,2025-12-13 17:00:00,40,0.971667,0.967355
2025-12-15 10:00:00,2025-12,2025-12-13 17:00:00,41,0.973333,0.967011
2025-12-15 11:00:00,2025-12,2025-12-13 17:00:00,42,0.971667,0.963754
2025-12-15 12:00:00,2025-12,2025-12-13 17:00:00,43,0.973333,0.965955
2025-12-15 13:00:00,2025-12,2025-12-13 17:00:00,44,0.978333,0.928254
2025-12-15 14:00:00,2025-12,2025-12-13 17:00:00,45,0.970000,0.789969
2025-12-15 15:00:00,2025-12,2025-12-13 17:00:00,46,0.483333,0.653804
2025-12-15 16:00:00,2025-12,2025-12-13 17:00:00,47,0.041667,0.367606
2025-12-15 17:00:00,2025-12,2025-12-13 17:00:00,48,0.025000,0.219159
2025-12-14 18:00:00,2025-12,2025-12-14 17:00:00,1,0.978333,0.947028
2025-12-14 19:00:00,2025-12,2025-12-14 17:00:00,2,0.955000,0.943955
2025-12-14 20:00:00,2025-12,2025-12-14 17:00:00,3,0.913333,0.935474
2025-12-14 21:00:00,2025-12,2025-12-14 17:00:00,4,0.521667,0.904004
2025-12-14 22:00:00,2025-12,2025-12-14 17:00:00,5,0.198333,0.505171
2025-12-14 23:00:00,2025-12,2025-12-14 17:00:00,6,0.016667,0.210748
2025-12-15 00:00:00,2025-12,2025-12-14 17:00:00,7,0.021667,0.079395
2025-12-15 01:00:00,2025-12,2025-12-14 17:00:00,8,0.656667,0.125090
2025-12-15 02:00:00,2025-12,2025-12-14 17:00:00,9,0.583333,0.257111
2025-12-15 03:00:00,2025-12,2025-12-14 17:00:00,10,0.756667,0.689346
2025-12-15 04:00:00,2025-12,2025-12-14 17:00:00,11,0.980000,0.893390
2025-12-15 05:00:00,2025-12,2025-12-14 17:00:00,12,0.970000,0.964638
2025-12-15 06:00:00,2025-12,2025-12-14 17:00:00,13,0.971667,0.963185
2025-12-15 07:00:00,2025-12,2025-12-14 17:00:00,14,0.975000,0.962646
2025-12-15 08:00:00,2025-12,2025-12-14 17:00:00,15,0.976667,0.962759
2025-12-15 09:00:00,2025-12,2025-12-14 17:00:00,16,0.971667,0.962715
2025-12-15 10:00:00,2025-12,2025-12-14 17:00:00,17,0.973333,0.959098
2025-12-15 11:00:00,2025-12,2025-12-14 17:00:00,18,0.971667,0.962987
2025-12-15 12:00:00,2025-12,2025-12-14 17:00:00,19,0.973333,0.965612
2025-12-15 13:00:00,2025-12,2025-12-14 17:00:00,20,0.978333,0.948730
2025-12-15 14:00:00,2025-12,2025-12-14 17:00:00,21,0.970000,0.738070
2025-12-15 15:00:00,2025-12,2025-12-14 17:00:00,22,0.483333,0.544848
2025-12-15 16:00:00,2025-12,2025-12-14 17:00:00,23,0.041667,0.328476
2025-12-15 17:00:00,2025-12,2025-12-14 17:00:00,24,0.025000,0.145465
2025-12-15 18:00:00,2025-12,2025-12-14 17:00:00,25,0.010000,0.031477
2025-12-15 19:00:00,2025-12,2025-12-14 17:00:00,26,0.010000,0.013412
2025-12-15 20:00:00,2025-12,2025-12-14 17:00:00,27,0.008333,0.011040
2025-12-15 21:00:00,2025-12,2025-12-14 17:00:00,28,0.056667,0.015516
2025-12-15 22:00:00,2025-12,2025-12-14 17:00:00,29,0.050000,0.018475
2025-12-15 23:00:00,2025-12,2025-12-14 17:00:00,30,0.310000,0.080327
2025-12-16 00:00:00,2025-12,2025-12-14 17:00:00,31,0.406667,0.143437
2025-12-16 01:00:00,2025-12,2025-12-14 17:00:00,32,0.673333,0.192882
2025-12-16 02:00:00,2025-12,2025-12-14 17:00:00,33,0.968333,0.238941
2025-12-16 03:00:00,2025-12,2025-12-14 17:00:00,34,0.970000,0.328344
2025-12-16 04:00:00,2025-12,2025-12-14 17:00:00,35,0.926667,0.449186
2025-12-16 05:00:00,2025-12,2025-12-14 17:00:00,36,0.971667,0.578061
2025-12-16 06:00:00,2025-12,2025-12-14 17:00:00,37,0.965000,0.570257
2025-12-16 07:00:00,2025-12,2025-12-14 17:00:00,38,0.945000,0.476653
2025-12-16 08:00:00,2025-12,2025-12-14 17:00:00,39,0.956667,0.371993
2025-12-16 09:00:00,2025-12,2025-12-14 17:00:00,40,0.901667,0.257438
2025-12-16 10:00:00,2025-12,2025-12-14 17:00:00,41,0.758333,0.168269
2025-12-16 11:00:00,2025-12,2025-12-14 17:00:00,42,0.466667,0.097315
2025-12-16 12:00:00,2025-12,2025-12-14 17:00:00,43,0.061667,0.063657
2025-12-16 13:00:00,2025-12,2025-12-14 17:00:00,44,0.011667,0.067363
2025-12-16 14:00:00,2025-12,2025-12-14 17:00:00,45,0.015000,0.084287
2025-12-16 15:00:00,2025-12,2025-12-14 17:00:00,46,0.083333,0.086130
2025-12-16 16:00:00,2025-12,2025-12-14 17:00:00,47,0.008333,0.099635
2025-12-16 17:00:00,2025-12,2025-12-14 17:00:00,48,0.008333,0.092443
2025-12-15 18:00:00,2025-12,2025-12-15 17:00:00,1,0.010000,0.023542
2025-12-15 19:00:00,2025-12,2025-12-15 17:00:00,2,0.010000,0.011084
2025-12-15 20:00:00,2025-12,2025-12-15 17:00:00,3,0.008333,0.010869
2025-12-15 21:00:00,2025-12,2025-12-15 17:00:00,4,0.056667,0.010831
2025-12-15 22:00:00,2025-12,2025-12-15 17:00:00,5,0.050000,0.010783
2025-12-15 23:00:00,2025-12,2025-12-15 17:00:00,6,0.310000,0.022850
2025-12-16 00:00:00,2025-12,2025-12-15 17:00:00,7,0.406667,0.063279
2025-12-16 01:00:00,2025-12,2025-12-15 17:00:00,8,0.673333,0.139836
2025-12-16 02:00:00,2025-12,2025-12-15 17:00:00,9,0.968333,0.252682
2025-12-16 03:00:00,2025-12,2025-12-15 17:00:00,10,0.970000,0.468255
2025-12-16 04:00:00,2025-12,2025-12-15 17:00:00,11,0.926667,0.685810
2025-12-16 05:00:00,2025-12,2025-12-15 17:00:00,12,0.971667,0.784255
2025-12-16 06:00:00,2025-12,2025-12-15 17:00:00,13,0.965000,0.859255
2025-12-16 07:00:00,2025-12,2025-12-15 17:00:00,14,0.945000,0.772728
2025-12-16 08:00:00,2025-12,2025-12-15 17:00:00,15,0.956667,0.592244
2025-12-16 09:00:00,2025-12,2025-12-15 17:00:00,16,0.901667,0.393635
2025-12-16 10:00:00,2025-12,2025-12-15 17:00:00,17,0.758333,0.282902
2025-12-16 11:00:00,2025-12,2025-12-15 17:00:00,18,0.466667,0.183148
2025-12-16 12:00:00,2025-12,2025-12-15 17:00:00,19,0.061667,0.107894
2025-12-16 13:00:00,2025-12,2025-12-15 17:00:00,20,0.011667,0.109894
2025-12-16 14:00:00,2025-12,2025-12-15 17:00:00,21,0.015000,0.182123
2025-12-16 15:00:00,2025-12,2025-12-15 17:00:00,22,0.083333,0.195266
2025-12-16 16:00:00,2025-12,2025-12-15 17:00:00,23,0.008333,0.203296
2025-12-16 17:00:00,2025-12,2025-12-15 17:00:00,24,0.008333,0.163927
2025-12-16 18:00:00,2025-12,2025-12-15 17:00:00,25,0.010000,0.168813
2025-12-16 19:00:00,2025-12,2025-12-15 17:00:00,26,0.010000,0.189284
2025-12-16 20:00:00,2025-12,2025-12-15 17:00:00,27,0.085000,0.171868
2025-12-16 21:00:00,2025-12,2025-12-15 17:00:00,28,0.161667,0.157498
2025-12-16 22:00:00,2025-12,2025-12-15 17:00:00,29,0.008333,0.117666
2025-12-16 23:00:00,2025-12,2025-12-15 17:00:00,30,0.010000,0.035710
2025-12-17 00:00:00,2025-12,2025-12-15 17:00:00,31,0.070000,0.035744
2025-12-17 01:00:00,2025-12,2025-12-15 17:00:00,32,0.108333,0.025552
2025-12-17 02:00:00,2025-12,2025-12-15 17:00:00,33,0.128333,0.013081
2025-12-17 03:00:00,2025-12,2025-12-15 17:00:00,34,0.055000,0.012148
2025-12-17 04:00:00,2025-12,2025-12-15 17:00:00,35,0.010000,0.016415
2025-12-17 05:00:00,2025-12,2025-12-15 17:00:00,36,0.008333,0.030873
2025-12-17 06:00:00,2025-12,2025-12-15 17:00:00,37,0.010000,0.040207
2025-12-17 07:00:00,2025-12,2025-12-15 17:00:00,38,0.010000,0.068567
2025-12-17 08:00:00,2025-12,2025-12-15 17:00:00,39,0.010000,0.160197
2025-12-17 09:00:00,2025-12,2025-12-15 17:00:00,40,0.010000,0.218824
2025-12-17 10:00:00,2025-12,2025-12-15 17:00:00,41,0.010000,0.353315
2025-12-17 11:00:00,2025-12,2025-12-15 17:00:00,42,0.063333,0.575511
2025-12-17 12:00:00,2025-12,2025-12-15 17:00:00,43,0.251667,0.669861
2025-12-17 13:00:00,2025-12,2025-12-15 17:00:00,44,0.256667,0.665925
2025-12-17 14:00:00,2025-12,2025-12-15 17:00:00,45,0.405000,0.628075
2025-12-17 15:00:00,2025-12,2025-12-15 17:00:00,46,0.428333,0.542259
2025-12-17 16:00:00,2025-12,2025-12-15 17:00:00,47,0.513333,0.422701
2025-12-17 17:00:00,2025-12,2025-12-15 17:00:00,48,0.711667,0.366923
2025-12-16 18:00:00,2025-12,2025-12-16 17:00:00,1,0.010000,0.108527
2025-12-16 19:00:00,2025-12,2025-12-16 17:00:00,2,0.010000,0.111643
2025-12-16 20:00:00,2025-12,2025-12-16 17:00:00,3,0.085000,0.097005
2025-12-16 21:00:00,2025-12,2025-12-16 17:00:00,4,0.161667,0.042604
2025-12-16 22:00:00,2025-12,2025-12-16 17:00:00,5,0.008333,0.029606
2025-12-16 23:00:00,2025-12,2025-12-16 17:00:00,6,0.010000,0.030646
2025-12-17 00:00:00,2025-12,2025-12-16 17:00:00,7,0.070000,0.033719
2025-12-17 01:00:00,2025-12,2025-12-16 17:00:00,8,0.108333,0.022355
2025-12-17 02:00:00,2025-12,2025-12-16 17:00:00,9,0.128333,0.020211
2025-12-17 03:00:00,2025-12,2025-12-16 17:00:00,10,0.055000,0.022241
2025-12-17 04:00:00,2025-12,2025-12-16 17:00:00,11,0.010000,0.050811
2025-12-17 05:00:00,2025-12,2025-12-16 17:00:00,12,0.008333,0.096400
2025-12-17 06:00:00,2025-12,2025-12-16 17:00:00,13,0.010000,0.125072
2025-12-17 07:00:00,2025-12,2025-12-16 17:00:00,14,0.010000,0.233086
2025-12-17 08:00:00,2025-12,2025-12-16 17:00:00,15,0.010000,0.371222
2025-12-17 09:00:00,2025-12,2025-12-16 17:00:00,16,0.010000,0.475042
2025-12-17 10:00:00,2025-12,2025-12-16 17:00:00,17,0.010000,0.612299
2025-12-17 11:00:00,2025-12,2025-12-16 17:00:00,18,0.063333,0.659426
2025-12-17 12:00:00,2025-12,2025-12-16 17:00:00,19,0.251667,0.582573
2025-12-17 13:00:00,2025-12,2025-12-16 17:00:00,20,0.256667,0.578878
2025-12-17 14:00:00,2025-12,2025-12-16 17:00:00,21,0.405000,0.532331
2025-12-17 15:00:00,2025-12,2025-12-16 17:00:00,22,0.428333,0.494297
2025-12-17 16:00:00,2025-12,2025-12-16 17:00:00,23,0.513333,0.366938
2025-12-17 17:00:00,2025-12,2025-12-16 17:00:00,24,0.711667,0.271545
2025-12-17 18:00:00,2025-12,2025-12-16 17:00:00,25,0.835000,0.174488
2025-12-17 19:00:00,2025-12,2025-12-16 17:00:00,26,0.653333,0.138415
2025-12-17 20:00:00,2025-12,2025-12-16 17:00:00,27,0.588333,0.078453
2025-12-17 21:00:00,2025-12,2025-12-16 17:00:00,28,0.380000,0.063621
2025-12-17 22:00:00,2025-12,2025-12-16 17:00:00,29,0.453333,0.059945
2025-12-17 23:00:00,2025-12,2025-12-16 17:00:00,30,0.610000,0.050462
2025-12-18 00:00:00,2025-12,2025-12-16 17:00:00,31,0.463333,0.044257
2025-12-18 01:00:00,2025-12,2025-12-16 17:00:00,32,0.213333,0.040925
2025-12-18 02:00:00,2025-12,2025-12-16 17:00:00,33,0.180000,0.040613
2025-12-18 03:00:00,2025-12,2025-12-16 17:00:00,34,0.173333,0.039210
2025-12-18 04:00:00,2025-12,2025-12-16 17:00:00,35,0.181667,0.031363
2025-12-18 05:00:00,2025-12,2025-12-16 17:00:00,36,0.145000,0.032992
2025-12-18 06:00:00,2025-12,2025-12-16 17:00:00,37,0.270000,0.054166
2025-12-18 07:00:00,2025-12,2025-12-16 17:00:00,38,0.695000,0.167977
2025-12-18 08:00:00,2025-12,2025-12-16 17:00:00,39,0.680000,0.292402
2025-12-18 09:00:00,2025-12,2025-12-16 17:00:00,40,0.883333,0.541143
2025-12-18 10:00:00,2025-12,2025-12-16 17:00:00,41,0.896667,0.700800
2025-12-18 11:00:00,2025-12,2025-12-16 17:00:00,42,0.933333,0.773532
2025-12-18 12:00:00,2025-12,2025-12-16 17:00:00,43,0.945000,0.792751
2025-12-18 13:00:00,2025-12,2025-12-16 17:00:00,44,0.975000,0.836761
2025-12-18 14:00:00,2025-12,2025-12-16 17:00:00,45,0.968333,0.857607
2025-12-18 15:00:00,2025-12,2025-12-16 17:00:00,46,0.976667,0.843619
2025-12-18 16:00:00,2025-12,2025-12-16 17:00:00,47,0.933333,0.834836
2025-12-18 17:00:00,2025-12,2025-12-16 17:00:00,48,0.963333,0.811019
2025-12-17 18:00:00,2025-12,2025-12-17 17:00:00,1,0.835000,0.319195
2025-12-17 19:00:00,2025-12,2025-12-17 17:00:00,2,0.653333,0.240190
2025-12-17 20:00:00,2025-12,2025-12-17 17:00:00,3,0.588333,0.160081
2025-12-17 21:00:00,2025-12,2025-12-17 17:00:00,4,0.380000,0.112495
2025-12-17 22:00:00,2025-12,2025-12-17 17:00:00,5,0.453333,0.087215
2025-12-17 23:00:00,2025-12,2025-12-17 17:00:00,6,0.610000,0.058873
2025-12-18 00:00:00,2025-12,2025-12-17 17:00:00,7,0.463333,0.044817
2025-12-18 01:00:00,2025-12,2025-12-17 17:00:00,8,0.213333,0.034834
2025-12-18 02:00:00,2025-12,2025-12-17 17:00:00,9,0.180000,0.046381
2025-12-18 03:00:00,2025-12,2025-12-17 17:00:00,10,0.173333,0.069009
2025-12-18 04:00:00,2025-12,2025-12-17 17:00:00,11,0.181667,0.126162
2025-12-18 05:00:00,2025-12,2025-12-17 17:00:00,12,0.145000,0.198137
2025-12-18 06:00:00,2025-12,2025-12-17 17:00:00,13,0.270000,0.267738
2025-12-18 07:00:00,2025-12,2025-12-17 17:00:00,14,0.695000,0.468376
2025-12-18 08:00:00,2025-12,2025-12-17 17:00:00,15,0.680000,0.600557
2025-12-18 09:00:00,2025-12,2025-12-17 17:00:00,16,0.883333,0.673646
2025-12-18 10:00:00,2025-12,2025-12-17 17:00:00,17,0.896667,0.859240
2025-12-18 11:00:00,2025-12,2025-12-17 17:00:00,18,0.933333,0.899048
2025-12-18 12:00:00,2025-12,2025-12-17 17:00:00,19,0.945000,0.921635
2025-12-18 13:00:00,2025-12,2025-12-17 17:00:00,20,0.975000,0.924927
2025-12-18 14:00:00,2025-12,2025-12-17 17:00:00,21,0.968333,0.913656
2025-12-18 15:00:00,2025-12,2025-12-17 17:00:00,22,0.976667,0.864668
2025-12-18 16:00:00,2025-12,2025-12-17 17:00:00,23,0.933333,0.826047
2025-12-18 17:00:00,2025-12,2025-12-17 17:00:00,24,0.963333,0.810762
2025-12-18 18:00:00,2025-12,2025-12-17 17:00:00,25,0.758333,0.737226
2025-12-18 19:00:00,2025-12,2025-12-17 17:00:00,26,0.975000,0.655616
2025-12-18 20:00:00,2025-12,2025-12-17 17:00:00,27,0.980000,0.562244
2025-12-18 21:00:00,2025-12,2025-12-17 17:00:00,28,0.953333,0.425557
2025-12-18 22:00:00,2025-12,2025-12-17 17:00:00,29,0.913333,0.290893
2025-12-18 23:00:00,2025-12,2025-12-17 17:00:00,30,0.615000,0.167351
2025-12-19 00:00:00,2025-12,2025-12-17 17:00:00,31,0.156667,0.109897
2025-12-19 01:00:00,2025-12,2025-12-17 17:00:00,32,0.008333,0.022403
2025-12-19 02:00:00,2025-12,2025-12-17 17:00:00,33,0.011667,0.009958
2025-12-19 03:00:00,2025-12,2025-12-17 17:00:00,34,0.026667,0.011884
2025-12-19 04:00:00,2025-12,2025-12-17 17:00:00,35,0.010000,0.039240
2025-12-19 05:00:00,2025-12,2025-12-17 17:00:00,36,0.100000,0.135509
2025-12-19 06:00:00,2025-12,2025-12-17 17:00:00,37,0.268333,0.296717
2025-12-19 07:00:00,2025-12,2025-12-17 17:00:00,38,0.510000,0.530304
2025-12-19 08:00:00,2025-12,2025-12-17 17:00:00,39,0.761667,0.660070
2025-12-19 09:00:00,2025-12,2025-12-17 17:00:00,40,0.898333,0.731130
2025-12-19 10:00:00,2025-12,2025-12-17 17:00:00,41,0.966667,0.707036
2025-12-19 11:00:00,2025-12,2025-12-17 17:00:00,42,0.975000,0.556236
2025-12-19 12:00:00,2025-12,2025-12-17 17:00:00,43,0.978333,0.256830
2025-12-19 13:00:00,2025-12,2025-12-17 17:00:00,44,0.980000,0.283736
2025-12-19 14:00:00,2025-12,2025-12-17 17:00:00,45,0.975000,0.317057
2025-12-19 15:00:00,2025-12,2025-12-17 17:00:00,46,0.895000,0.530246
2025-12-19 16:00:00,2025-12,2025-12-17 17:00:00,47,0.971667,0.656681
2025-12-19 17:00:00,2025-12,2025-12-17 17:00:00,48,0.973333,0.845648
2025-12-18 18:00:00,2025-12,2025-12-18 17:00:00,1,0.758333,0.685439
2025-12-18 19:00:00,2025-12,2025-12-18 17:00:00,2,0.975000,0.632527
2025-12-18 20:00:00,2025-12,2025-12-18 17:00:00,3,0.980000,0.511759
2025-12-18 21:00:00,2025-12,2025-12-18 17:00:00,4,0.953333,0.403292
2025-12-18 22:00:00,2025-12,2025-12-18 17:00:00,5,0.913333,0.275135
2025-12-18 23:00:00,2025-12,2025-12-18 17:00:00,6,0.615000,0.183000
2025-12-19 00:00:00,2025-12,2025-12-18 17:00:00,7,0.156667,0.103318
2025-12-19 01:00:00,2025-12,2025-12-18 17:00:00,8,0.008333,0.029538
2025-12-19 02:00:00,2025-12,2025-12-18 17:00:00,9,0.011667,0.010048
2025-12-19 03:00:00,2025-12,2025-12-18 17:00:00,10,0.026667,0.009945
2025-12-19 04:00:00,2025-12,2025-12-18 17:00:00,11,0.010000,0.028526
2025-12-19 05:00:00,2025-12,2025-12-18 17:00:00,12,0.100000,0.090750
2025-12-19 06:00:00,2025-12,2025-12-18 17:00:00,13,0.268333,0.231974
2025-12-19 07:00:00,2025-12,2025-12-18 17:00:00,14,0.510000,0.412263
2025-12-19 08:00:00,2025-12,2025-12-18 17:00:00,15,0.761667,0.622769
2025-12-19 09:00:00,2025-12,2025-12-18 17:00:00,16,0.898333,0.739759
2025-12-19 10:00:00,2025-12,2025-12-18 17:00:00,17,0.966667,0.755878
2025-12-19 11:00:00,2025-12,2025-12-18 17:00:00,18,0.975000,0.818891
2025-12-19 12:00:00,2025-12,2025-12-18 17:00:00,19,0.978333,0.860307
2025-12-19 13:00:00,2025-12,2025-12-18 17:00:00,20,0.980000,0.889539
2025-12-19 14:00:00,2025-12,2025-12-18 17:00:00,21,0.975000,0.904297
2025-12-19 15:00:00,2025-12,2025-12-18 17:00:00,22,0.895000,0.893714
2025-12-19 16:00:00,2025-12,2025-12-18 17:00:00,23,0.971667,0.939923
2025-12-19 17:00:00,2025-12,2025-12-18 17:00:00,24,0.973333,0.928372
2025-12-19 18:00:00,2025-12,2025-12-18 17:00:00,25,0.978333,0.924594
2025-12-19 19:00:00,2025-12,2025-12-18 17:00:00,26,0.956667,0.916472
2025-12-19 20:00:00,2025-12,2025-12-18 17:00:00,27,0.966667,0.919649
2025-12-19 21:00:00,2025-12,2025-12-18 17:00:00,28,0.971667,0.883145
2025-12-19 22:00:00,2025-12,2025-12-18 17:00:00,29,0.841667,0.845148
2025-12-19 23:00:00,2025-12,2025-12-18 17:00:00,30,0.535000,0.723853
2025-12-20 00:00:00,2025-12,2025-12-18 17:00:00,31,0.111667,0.655929
2025-12-20 01:00:00,2025-12,2025-12-18 17:00:00,32,0.086667,0.482689
2025-12-20 02:00:00,2025-12,2025-12-18 17:00:00,33,0.185000,0.302040
2025-12-20 03:00:00,2025-12,2025-12-18 17:00:00,34,0.125000,0.276855
2025-12-20 04:00:00,2025-12,2025-12-18 17:00:00,35,0.130000,0.351629
2025-12-20 05:00:00,2025-12,2025-12-18 17:00:00,36,0.166667,0.614346
2025-12-20 06:00:00,2025-12,2025-12-18 17:00:00,37,0.286667,0.712381
2025-12-20 07:00:00,2025-12,2025-12-18 17:00:00,38,0.395000,0.568640
2025-12-20 08:00:00,2025-12,2025-12-18 17:00:00,39,0.295000,0.501230
2025-12-20 09:00:00,2025-12,2025-12-18 17:00:00,40,0.266667,0.393460
2025-12-20 10:00:00,2025-12,2025-12-18 17:00:00,41,0.090000,0.248725
2025-12-20 11:00:00,2025-12,2025-12-18 17:00:00,42,0.010000,0.227632
2025-12-20 12:00:00,2025-12,2025-12-18 17:00:00,43,0.008333,0.224139
2025-12-20 13:00:00,2025-12,2025-12-18 17:00:00,44,0.010000,0.218016
2025-12-20 14:00:00,2025-12,2025-12-18 17:00:00,45,0.010000,0.236445
2025-12-20 15:00:00,2025-12,2025-12-18 17:00:00,46,0.010000,0.273894
2025-12-20 16:00:00,2025-12,2025-12-18 17:00:00,47,0.008333,0.294138
2025-12-20 17:00:00,2025-12,2025-12-18 17:00:00,48,0.060000,0.358674
2025-12-19 18:00:00,2025-12,2025-12-19 17:00:00,1,0.978333,0.947111
2025-12-19 19:00:00,2025-12,2025-12-19 17:00:00,2,0.956667,0.927576
2025-12-19 20:00:00,2025-12,2025-12-19 17:00:00,3,0.966667,0.925834
2025-12-19 21:00:00,2025-12,2025-12-19 17:00:00,4,0.971667,0.920343
2025-12-19 22:00:00,2025-12,2025-12-19 17:00:00,5,0.841667,0.865368
2025-12-19 23:00:00,2025-12,2025-12-19 17:00:00,6,0.535000,0.737614
2025-12-20 00:00:00,2025-12,2025-12-19 17:00:00,7,0.111667,0.608286
2025-12-20 01:00:00,2025-12,2025-12-19 17:00:00,8,0.086667,0.503721
2025-12-20 02:00:00,2025-12,2025-12-19 17:00:00,9,0.185000,0.466429
2025-12-20 03:00:00,2025-12,2025-12-19 17:00:00,10,0.125000,0.518656
2025-12-20 04:00:00,2025-12,2025-12-19 17:00:00,11,0.130000,0.601649
2025-12-20 05:00:00,2025-12,2025-12-19 17:00:00,12,0.166667,0.645834
2025-12-20 06:00:00,2025-12,2025-12-19 17:00:00,13,0.286667,0.540049
2025-12-20 07:00:00,2025-12,2025-12-19 17:00:00,14,0.395000,0.465394
2025-12-20 08:00:00,2025-12,2025-12-19 17:00:00,15,0.295000,0.337624
2025-12-20 09:00:00,2025-12,2025-12-19 17:00:00,16,0.266667,0.212304
2025-12-20 10:00:00,2025-12,2025-12-19 17:00:00,17,0.090000,0.146021
2025-12-20 11:00:00,2025-12,2025-12-19 17:00:00,18,0.010000,0.085440
2025-12-20 12:00:00,2025-12,2025-12-19 17:00:00,19,0.008333,0.070899
2025-12-20 13:00:00,2025-12,2025-12-19 17:00:00,20,0.010000,0.056695
2025-12-20 14:00:00,2025-12,2025-12-19 17:00:00,21,0.010000,0.092418
2025-12-20 15:00:00,2025-12,2025-12-19 17:00:00,22,0.010000,0.173583
2025-12-20 16:00:00,2025-12,2025-12-19 17:00:00,23,0.008333,0.263570
2025-12-20 17:00:00,2025-12,2025-12-19 17:00:00,24,0.060000,0.296149
2025-12-20 18:00:00,2025-12,2025-12-19 17:00:00,25,0.030000,0.395800
2025-12-20 19:00:00,2025-12,2025-12-19 17:00:00,26,0.083333,0.534161
2025-12-20 20:00:00,2025-12,2025-12-19 17:00:00,27,0.303333,0.682563
2025-12-20 21:00:00,2025-12,2025-12-19 17:00:00,28,0.230000,0.683804
2025-12-20 22:00:00,2025-12,2025-12-19 17:00:00,29,0.738333,0.755254
2025-12-20 23:00:00,2025-12,2025-12-19 17:00:00,30,0.980000,0.768280
2025-12-21 00:00:00,2025-12,2025-12-19 17:00:00,31,0.841667,0.857749
2025-12-21 01:00:00,2025-12,2025-12-19 17:00:00,32,0.320000,0.876574
2025-12-21 02:00:00,2025-12,2025-12-19 17:00:00,33,0.310000,0.864109
2025-12-21 03:00:00,2025-12,2025-12-19 17:00:00,34,0.326667,0.754059
2025-12-21 04:00:00,2025-12,2025-12-19 17:00:00,35,0.378333,0.746041
2025-12-21 05:00:00,2025-12,2025-12-19 17:00:00,36,0.388333,0.745440
2025-12-21 06:00:00,2025-12,2025-12-19 17:00:00,37,0.323333,0.762126
2025-12-21 07:00:00,2025-12,2025-12-19 17:00:00,38,0.350000,0.749127
2025-12-21 08:00:00,2025-12,2025-12-19 17:00:00,39,0.311667,0.702045
2025-12-21 09:00:00,2025-12,2025-12-19 17:00:00,40,0.521667,0.695392
2025-12-21 10:00:00,2025-12,2025-12-19 17:00:00,41,0.400000,0.650371
2025-12-21 11:00:00,2025-12,2025-12-19 17:00:00,42,0.468333,0.640066
2025-12-21 12:00:00,2025-12,2025-12-19 17:00:00,43,0.580000,0.584533
2025-12-21 13:00:00,2025-12,2025-12-19 17:00:00,44,0.766667,0.557691
2025-12-21 14:00:00,2025-12,2025-12-19 17:00:00,45,0.683333,0.484552
2025-12-21 15:00:00,2025-12,2025-12-19 17:00:00,46,0.620000,0.470840
2025-12-21 16:00:00,2025-12,2025-12-19 17:00:00,47,0.508333,0.387784
2025-12-21 17:00:00,2025-12,2025-12-19 17:00:00,48,0.580000,0.276996
2025-12-20 18:00:00,2025-12,2025-12-20 17:00:00,1,0.030000,0.365143
2025-12-20 19:00:00,2025-12,2025-12-20 17:00:00,2,0.083333,0.448172
2025-12-20 20:00:00,2025-12,2025-12-20 17:00:00,3,0.303333,0.619069
2025-12-20 21:00:00,2025-12,2025-12-20 17:00:00,4,0.230000,0.619286
2025-12-20 22:00:00,2025-12,2025-12-20 17:00:00,5,0.738333,0.714855
2025-12-20 23:00:00,2025-12,2025-12-20 17:00:00,6,0.980000,0.821310
2025-12-21 00:00:00,2025-12,2025-12-20 17:00:00,7,0.841667,0.886721
2025-12-21 01:00:00,2025-12,2025-12-20 17:00:00,8,0.320000,0.894888
2025-12-21 02:00:00,2025-12,2025-12-20 17:00:00,9,0.310000,0.817949
2025-12-21 03:00:00,2025-12,2025-12-20 17:00:00,10,0.326667,0.795712
2025-12-21 04:00:00,2025-12,2025-12-20 17:00:00,11,0.378333,0.732554
2025-12-21 05:00:00,2025-12,2025-12-20 17:00:00,12,0.388333,0.632514
2025-12-21 06:00:00,2025-12,2025-12-20 17:00:00,13,0.323333,0.627005
2025-12-21 07:00:00,2025-12,2025-12-20 17:00:00,14,0.350000,0.640968
2025-12-21 08:00:00,2025-12,2025-12-20 17:00:00,15,0.311667,0.612620
2025-12-21 09:00:00,2025-12,2025-12-20 17:00:00,16,0.521667,0.576992
2025-12-21 10:00:00,2025-12,2025-12-20 17:00:00,17,0.400000,0.609045
2025-12-21 11:00:00,2025-12,2025-12-20 17:00:00,18,0.468333,0.648225
2025-12-21 12:00:00,2025-12,2025-12-20 17:00:00,19,0.580000,0.661843
2025-12-21 13:00:00,2025-12,2025-12-20 17:00:00,20,0.766667,0.628499
2025-12-21 14:00:00,2025-12,2025-12-20 17:00:00,21,0.683333,0.571113
2025-12-21 15:00:00,2025-12,2025-12-20 17:00:00,22,0.620000,0.555708
2025-12-21 16:00:00,2025-12,2025-12-20 17:00:00,23,0.508333,0.439638
2025-12-21 17:00:00,2025-12,2025-12-20 17:00:00,24,0.580000,0.388293
2025-12-21 18:00:00,2025-12,2025-12-20 17:00:00,25,0.640000,0.241108
2025-12-21 19:00:00,2025-12,2025-12-20 17:00:00,26,0.466667,0.170216
2025-12-21 20:00:00,2025-12,2025-12-20 17:00:00,27,0.171667,0.118185
2025-12-21 21:00:00,2025-12,2025-12-20 17:00:00,28,0.010000,0.042782
2025-12-21 22:00:00,2025-12,2025-12-20 17:00:00,29,0.011667,0.021226
2025-12-21 23:00:00,2025-12,2025-12-20 17:00:00,30,0.086667,0.010968
2025-12-22 00:00:00,2025-12,2025-12-20 17:00:00,31,0.170000,0.014566
2025-12-22 01:00:00,2025-12,2025-12-20 17:00:00,32,0.125000,0.016785
2025-12-22 02:00:00,2025-12,2025-12-20 17:00:00,33,0.145000,0.112699
2025-12-22 03:00:00,2025-12,2025-12-20 17:00:00,34,0.533333,0.451757
2025-12-22 04:00:00,2025-12,2025-12-20 17:00:00,35,0.960000,0.734113
2025-12-22 05:00:00,2025-12,2025-12-20 17:00:00,36,0.970000,0.874905
2025-12-22 06:00:00,2025-12,2025-12-20 17:00:00,37,0.978333,0.923191
2025-12-22 07:00:00,2025-12,2025-12-20 17:00:00,38,0.971667,0.964313
2025-12-22 08:00:00,2025-12,2025-12-20 17:00:00,39,0.980000,0.957747
2025-12-22 09:00:00,2025-12,2025-12-20 17:00:00,40,0.978333,0.949848
2025-12-22 10:00:00,2025-12,2025-12-20 17:00:00,41,0.976667,0.916596
2025-12-22 11:00:00,2025-12,2025-12-20 17:00:00,42,0.973333,0.881620
2025-12-22 12:00:00,2025-12,2025-12-20 17:00:00,43,0.956667,0.857172
2025-12-22 13:00:00,2025-12,2025-12-20 17:00:00,44,0.583333,0.794257
2025-12-22 14:00:00,2025-12,2025-12-20 17:00:00,45,0.098333,0.737084
2025-12-22 15:00:00,2025-12,2025-12-20 17:00:00,46,0.138333,0.632077
2025-12-22 16:00:00,2025-12,2025-12-20 17:00:00,47,0.098333,0.415325
2025-12-22 17:00:00,2025-12,2025-12-20 17:00:00,48,0.066667,0.263921
2025-12-21 18:00:00,2025-12,2025-12-21 17:00:00,1,0.640000,0.240697
2025-12-21 19:00:00,2025-12,2025-12-21 17:00:00,2,0.466667,0.159555
2025-12-21 20:00:00,2025-12,2025-12-21 17:00:00,3,0.171667,0.134370
2025-12-21 21:00:00,2025-12,2025-12-21 17:00:00,4,0.010000,0.073452
2025-12-21 22:00:00,2025-12,2025-12-21 17:00:00,5,0.011667,0.035290
2025-12-21 23:00:00,2025-12,2025-12-21 17:00:00,6,0.086667,0.015834
2025-12-22 00:00:00,2025-12,2025-12-21 17:00:00,7,0.170000,0.010817
2025-12-22 01:00:00,2025-12,2025-12-21 17:00:00,8,0.125000,0.021543
2025-12-22 02:00:00,2025-12,2025-12-21 17:00:00,9,0.145000,0.068840
2025-12-22 03:00:00,2025-12,2025-12-21 17:00:00,10,0.533333,0.208954
2025-12-22 04:00:00,2025-12,2025-12-21 17:00:00,11,0.960000,0.665057
2025-12-22 05:00:00,2025-12,2025-12-21 17:00:00,12,0.970000,0.858918
2025-12-22 06:00:00,2025-12,2025-12-21 17:00:00,13,0.978333,0.932654
2025-12-22 07:00:00,2025-12,2025-12-21 17:00:00,14,0.971667,0.961682
2025-12-22 08:00:00,2025-12,2025-12-21 17:00:00,15,0.980000,0.965546
2025-12-22 09:00:00,2025-12,2025-12-21 17:00:00,16,0.978333,0.904084
2025-12-22 10:00:00,2025-12,2025-12-21 17:00:00,17,0.976667,0.824023
2025-12-22 11:00:00,2025-12,2025-12-21 17:00:00,18,0.973333,0.840235
2025-12-22 12:00:00,2025-12,2025-12-21 17:00:00,19,0.956667,0.843791
2025-12-22 13:00:00,2025-12,2025-12-21 17:00:00,20,0.583333,0.758995
2025-12-22 14:00:00,2025-12,2025-12-21 17:00:00,21,0.098333,0.534778
2025-12-22 15:00:00,2025-12,2025-12-21 17:00:00,22,0.138333,0.326152
2025-12-22 16:00:00,2025-12,2025-12-21 17:00:00,23,0.098333,0.214625
2025-12-22 17:00:00,2025-12,2025-12-21 17:00:00,24,0.066667,0.142655
2025-12-22 18:00:00,2025-12,2025-12-21 17:00:00,25,0.010000,0.073506
2025-12-22 19:00:00,2025-12,2025-12-21 17:00:00,26,0.010000,0.068801
2025-12-22 20:00:00,2025-12,2025-12-21 17:00:00,27,0.010000,0.044911
2025-12-22 21:00:00,2025-12,2025-12-21 17:00:00,28,0.010000,0.031001
2025-12-22 22:00:00,2025-12,2025-12-21 17:00:00,29,0.008333,0.022217
2025-12-22 23:00:00,2025-12,2025-12-21 17:00:00,30,0.006667,0.015529
2025-12-23 00:00:00,2025-12,2025-12-21 17:00:00,31,0.010000,0.018595
2025-12-23 01:00:00,2025-12,2025-12-21 17:00:00,32,0.011667,0.017563
2025-12-23 02:00:00,2025-12,2025-12-21 17:00:00,33,0.021667,0.014824
2025-12-23 03:00:00,2025-12,2025-12-21 17:00:00,34,0.010000,0.010750
2025-12-23 04:00:00,2025-12,2025-12-21 17:00:00,35,0.010000,0.009926
2025-12-23 05:00:00,2025-12,2025-12-21 17:00:00,36,0.010000,0.009811
2025-12-23 06:00:00,2025-12,2025-12-21 17:00:00,37,0.010000,0.009325
2025-12-23 07:00:00,2025-12,2025-12-21 17:00:00,38,0.010000,0.011140
2025-12-23 08:00:00,2025-12,2025-12-21 17:00:00,39,0.010000,0.017359
2025-12-23 09:00:00,2025-12,2025-12-21 17:00:00,40,0.010000,0.026970
2025-12-23 10:00:00,2025-12,2025-12-21 17:00:00,41,0.010000,0.034353
2025-12-23 11:00:00,2025-12,2025-12-21 17:00:00,42,0.010000,0.041077
2025-12-23 12:00:00,2025-12,2025-12-21 17:00:00,43,0.010000,0.038467
2025-12-23 13:00:00,2025-12,2025-12-21 17:00:00,44,0.010000,0.024412
2025-12-23 14:00:00,2025-12,2025-12-21 17:00:00,45,0.010000,0.013150
2025-12-23 15:00:00,2025-12,2025-12-21 17:00:00,46,0.010000,0.010869
2025-12-23 16:00:00,2025-12,2025-12-21 17:00:00,47,0.010000,0.010820
2025-12-23 17:00:00,2025-12,2025-12-21 17:00:00,48,0.091667,0.010821
2025-12-22 18:00:00,2025-12,2025-12-22 17:00:00,1,0.010000,0.014970
2025-12-22 19:00:00,2025-12,2025-12-22 17:00:00,2,0.010000,0.015123
2025-12-22 20:00:00,2025-12,2025-12-22 17:00:00,3,0.010000,0.013581
2025-12-22 21:00:00,2025-12,2025-12-22 17:00:00,4,0.010000,0.013755
2025-12-22 22:00:00,2025-12,2025-12-22 17:00:00,5,0.008333,0.021259
2025-12-22 23:00:00,2025-12,2025-12-22 17:00:00,6,0.006667,0.023014
2025-12-23 00:00:00,2025-12,2025-12-22 17:00:00,7,0.010000,0.018946
2025-12-23 01:00:00,2025-12,2025-12-22 17:00:00,8,0.011667,0.019525
2025-12-23 02:00:00,2025-12,2025-12-22 17:00:00,9,0.021667,0.019221
2025-12-23 03:00:00,2025-12,2025-12-22 17:00:00,10,0.010000,0.010964
2025-12-23 04:00:00,2025-12,2025-12-22 17:00:00,11,0.010000,0.008950
2025-12-23 05:00:00,2025-12,2025-12-22 17:00:00,12,0.010000,0.009635
2025-12-23 06:00:00,2025-12,2025-12-22 17:00:00,13,0.010000,0.011949
2025-12-23 07:00:00,2025-12,2025-12-22 17:00:00,14,0.010000,0.012675
2025-12-23 08:00:00,2025-12,2025-12-22 17:00:00,15,0.010000,0.012669
2025-12-23 09:00:00,2025-12,2025-12-22 17:00:00,16,0.010000,0.011974
2025-12-23 10:00:00,2025-12,2025-12-22 17:00:00,17,0.010000,0.018268
2025-12-23 11:00:00,2025-12,2025-12-22 17:00:00,18,0.010000,0.028549
2025-12-23 12:00:00,2025-12,2025-12-22 17:00:00,19,0.010000,0.024152
2025-12-23 13:00:00,2025-12,2025-12-22 17:00:00,20,0.010000,0.019742
2025-12-23 14:00:00,2025-12,2025-12-22 17:00:00,21,0.010000,0.010817
2025-12-23 15:00:00,2025-12,2025-12-22 17:00:00,22,0.010000,0.010822
2025-12-23 16:00:00,2025-12,2025-12-22 17:00:00,23,0.010000,0.010822
2025-12-23 17:00:00,2025-12,2025-12-22 17:00:00,24,0.091667,0.010876
2025-12-23 18:00:00,2025-12,2025-12-22 17:00:00,25,0.165000,0.012095
2025-12-23 19:00:00,2025-12,2025-12-22 17:00:00,26,0.293333,0.009380
2025-12-23 20:00:00,2025-12,2025-12-22 17:00:00,27,0.761667,0.032788
2025-12-23 21:00:00,2025-12,2025-12-22 17:00:00,28,0.671667,0.098346
2025-12-23 22:00:00,2025-12,2025-12-22 17:00:00,29,0.686667,0.111883
2025-12-23 23:00:00,2025-12,2025-12-22 17:00:00,30,0.838333,0.114160
2025-12-24 00:00:00,2025-12,2025-12-22 17:00:00,31,0.935000,0.141435
2025-12-24 01:00:00,2025-12,2025-12-22 17:00:00,32,0.661667,0.176123
2025-12-24 02:00:00,2025-12,2025-12-22 17:00:00,33,0.778333,0.196334
2025-12-24 03:00:00,2025-12,2025-12-22 17:00:00,34,0.536667,0.250794
2025-12-24 04:00:00,2025-12,2025-12-22 17:00:00,35,0.435000,0.245255
2025-12-24 05:00:00,2025-12,2025-12-22 17:00:00,36,0.265000,0.282941
2025-12-24 06:00:00,2025-12,2025-12-22 17:00:00,37,0.230000,0.304381
2025-12-24 07:00:00,2025-12,2025-12-22 17:00:00,38,0.251667,0.343411
2025-12-24 08:00:00,2025-12,2025-12-22 17:00:00,39,0.231667,0.362603
2025-12-24 09:00:00,2025-12,2025-12-22 17:00:00,40,0.225000,0.413580
2025-12-24 10:00:00,2025-12,2025-12-22 17:00:00,41,0.291667,0.435574
2025-12-24 11:00:00,2025-12,2025-12-22 17:00:00,42,0.353333,0.546459
2025-12-24 12:00:00,2025-12,2025-12-22 17:00:00,43,0.233333,0.522570
2025-12-24 13:00:00,2025-12,2025-12-22 17:00:00,44,0.293333,0.568541
2025-12-24 14:00:00,2025-12,2025-12-22 17:00:00,45,0.488333,0.607083
2025-12-24 15:00:00,2025-12,2025-12-22 17:00:00,46,0.531667,0.692698
2025-12-24 16:00:00,2025-12,2025-12-22 17:00:00,47,0.388333,0.757779
2025-12-24 17:00:00,2025-12,2025-12-22 17:00:00,48,0.501667,0.836625
2025-12-23 18:00:00,2025-12,2025-12-23 17:00:00,1,0.165000,0.021747
2025-12-23 19:00:00,2025-12,2025-12-23 17:00:00,2,0.293333,0.060525
2025-12-23 20:00:00,2025-12,2025-12-23 17:00:00,3,0.761667,0.109016
2025-12-23 21:00:00,2025-12,2025-12-23 17:00:00,4,0.671667,0.134966
2025-12-23 22:00:00,2025-12,2025-12-23 17:00:00,5,0.686667,0.188009
2025-12-23 23:00:00,2025-12,2025-12-23 17:00:00,6,0.838333,0.249116
2025-12-24 00:00:00,2025-12,2025-12-23 17:00:00,7,0.935000,0.257085
2025-12-24 01:00:00,2025-12,2025-12-23 17:00:00,8,0.661667,0.308299
2025-12-24 02:00:00,2025-12,2025-12-23 17:00:00,9,0.778333,0.345154
2025-12-24 03:00:00,2025-12,2025-12-23 17:00:00,10,0.536667,0.300413
2025-12-24 04:00:00,2025-12,2025-12-23 17:00:00,11,0.435000,0.280966
2025-12-24 05:00:00,2025-12,2025-12-23 17:00:00,12,0.265000,0.328409
2025-12-24 06:00:00,2025-12,2025-12-23 17:00:00,13,0.230000,0.373391
2025-12-24 07:00:00,2025-12,2025-12-23 17:00:00,14,0.251667,0.465232
2025-12-24 08:00:00,2025-12,2025-12-23 17:00:00,15,0.231667,0.479665
2025-12-24 09:00:00,2025-12,2025-12-23 17:00:00,16,0.225000,0.508358
2025-12-24 10:00:00,2025-12,2025-12-23 17:00:00,17,0.291667,0.525482
2025-12-24 11:00:00,2025-12,2025-12-23 17:00:00,18,0.353333,0.546532
2025-12-24 12:00:00,2025-12,2025-12-23 17:00:00,19,0.233333,0.545017
2025-12-24 13:00:00,2025-12,2025-12-23 17:00:00,20,0.293333,0.560757
2025-12-24 14:00:00,2025-12,2025-12-23 17:00:00,21,0.488333,0.615201
2025-12-24 15:00:00,2025-12,2025-12-23 17:00:00,22,0.531667,0.722572
2025-12-24 16:00:00,2025-12,2025-12-23 17:00:00,23,0.388333,0.811984
2025-12-24 17:00:00,2025-12,2025-12-23 17:00:00,24,0.501667,0.916845
2025-12-24 18:00:00,2025-12,2025-12-23 17:00:00,25,0.426667,0.962261
2025-12-24 19:00:00,2025-12,2025-12-23 17:00:00,26,0.413333,0.952568
2025-12-24 20:00:00,2025-12,2025-12-23 17:00:00,27,0.653333,0.958270
2025-12-24 21:00:00,2025-12,2025-12-23 17:00:00,28,0.580000,0.952775
2025-12-24 22:00:00,2025-12,2025-12-23 17:00:00,29,0.630000,0.963329
2025-12-24 23:00:00,2025-12,2025-12-23 17:00:00,30,0.576667,0.963277
2025-12-25 00:00:00,2025-12,2025-12-23 17:00:00,31,0.470000,0.960116
2025-12-25 01:00:00,2025-12,2025-12-23 17:00:00,32,0.460000,0.967237
2025-12-25 02:00:00,2025-12,2025-12-23 17:00:00,33,0.273333,0.965754
2025-12-25 03:00:00,2025-12,2025-12-23 17:00:00,34,0.198333,0.957455
2025-12-25 04:00:00,2025-12,2025-12-23 17:00:00,35,0.266667,0.957936
2025-12-25 05:00:00,2025-12,2025-12-23 17:00:00,36,0.213333,0.953253
2025-12-25 06:00:00,2025-12,2025-12-23 17:00:00,37,0.170000,0.960758
2025-12-25 07:00:00,2025-12,2025-12-23 17:00:00,38,0.208333,0.955348
2025-12-25 08:00:00,2025-12,2025-12-23 17:00:00,39,0.185000,0.969254
2025-12-25 09:00:00,2025-12,2025-12-23 17:00:00,40,0.240000,0.985720
2025-12-25 10:00:00,2025-12,2025-12-23 17:00:00,41,0.226667,0.981305
2025-12-25 11:00:00,2025-12,2025-12-23 17:00:00,42,0.125000,0.973403
2025-12-25 12:00:00,2025-12,2025-12-23 17:00:00,43,0.196667,0.951067
2025-12-25 13:00:00,2025-12,2025-12-23 17:00:00,44,0.388333,0.952571
2025-12-25 14:00:00,2025-12,2025-12-23 17:00:00,45,0.666667,0.956580
2025-12-25 15:00:00,2025-12,2025-12-23 17:00:00,46,0.796667,0.938064
2025-12-25 16:00:00,2025-12,2025-12-23 17:00:00,47,0.431667,0.920990
2025-12-25 17:00:00,2025-12,2025-12-23 17:00:00,48,0.215000,0.915120
2025-12-24 18:00:00,2025-12,2025-12-24 17:00:00,1,0.426667,0.954808
2025-12-24 19:00:00,2025-12,2025-12-24 17:00:00,2,0.413333,0.958237
2025-12-24 20:00:00,2025-12,2025-12-24 17:00:00,3,0.653333,0.956416
2025-12-24 21:00:00,2025-12,2025-12-24 17:00:00,4,0.580000,0.951119
2025-12-24 22:00:00,2025-12,2025-12-24 17:00:00,5,0.630000,0.956585
2025-12-24 23:00:00,2025-12,2025-12-24 17:00:00,6,0.576667,0.964534
2025-12-25 00:00:00,2025-12,2025-12-24 17:00:00,7,0.470000,0.966137
2025-12-25 01:00:00,2025-12,2025-12-24 17:00:00,8,0.460000,0.966378
2025-12-25 02:00:00,2025-12,2025-12-24 17:00:00,9,0.273333,0.966378
2025-12-25 03:00:00,2025-12,2025-12-24 17:00:00,10,0.198333,0.965777
2025-12-25 04:00:00,2025-12,2025-12-24 17:00:00,11,0.266667,0.960638
2025-12-25 05:00:00,2025-12,2025-12-24 17:00:00,12,0.213333,0.953675
2025-12-25 06:00:00,2025-12,2025-12-24 17:00:00,13,0.170000,0.956235
2025-12-25 07:00:00,2025-12,2025-12-24 17:00:00,14,0.208333,0.957629
2025-12-25 08:00:00,2025-12,2025-12-24 17:00:00,15,0.185000,0.967051
2025-12-25 09:00:00,2025-12,2025-12-24 17:00:00,16,0.240000,0.982496
2025-12-25 10:00:00,2025-12,2025-12-24 17:00:00,17,0.226667,0.984335
2025-12-25 11:00:00,2025-12,2025-12-24 17:00:00,18,0.125000,0.963882
2025-12-25 12:00:00,2025-12,2025-12-24 17:00:00,19,0.196667,0.950959
2025-12-25 13:00:00,2025-12,2025-12-24 17:00:00,20,0.388333,0.940774
2025-12-25 14:00:00,2025-12,2025-12-24 17:00:00,21,0.666667,0.931838
2025-12-25 15:00:00,2025-12,2025-12-24 17:00:00,22,0.796667,0.931779
2025-12-25 16:00:00,2025-12,2025-12-24 17:00:00,23,0.431667,0.922315
2025-12-25 17:00:00,2025-12,2025-12-24 17:00:00,24,0.215000,0.815254
2025-12-25 18:00:00,2025-12,2025-12-24 17:00:00,25,0.295000,0.703489
2025-12-25 19:00:00,2025-12,2025-12-24 17:00:00,26,0.465000,0.650698
2025-12-25 20:00:00,2025-12,2025-12-24 17:00:00,27,0.531667,0.582010
2025-12-25 21:00:00,2025-12,2025-12-24 17:00:00,28,0.256667,0.373148
2025-12-25 22:00:00,2025-12,2025-12-24 17:00:00,29,0.318333,0.208372
2025-12-25 23:00:00,2025-12,2025-12-24 17:00:00,30,0.203333,0.111015
2025-12-26 00:00:00,2025-12,2025-12-24 17:00:00,31,0.096667,0.053727
2025-12-26 01:00:00,2025-12,2025-12-24 17:00:00,32,0.040000,0.031973
2025-12-26 02:00:00,2025-12,2025-12-24 17:00:00,33,0.021667,0.012937
2025-12-26 03:00:00,2025-12,2025-12-24 17:00:00,34,0.008333,0.017503
2025-12-26 04:00:00,2025-12,2025-12-24 17:00:00,35,0.010000,0.033134
2025-12-26 05:00:00,2025-12,2025-12-24 17:00:00,36,0.010000,0.071643
2025-12-26 06:00:00,2025-12,2025-12-24 17:00:00,37,0.010000,0.178108
2025-12-26 07:00:00,2025-12,2025-12-24 17:00:00,38,0.235000,0.302793
2025-12-26 08:00:00,2025-12,2025-12-24 17:00:00,39,0.756667,0.492502
2025-12-26 09:00:00,2025-12,2025-12-24 17:00:00,40,0.010000,0.706087
2025-12-26 10:00:00,2025-12,2025-12-24 17:00:00,41,0.010000,0.726195
2025-12-26 11:00:00,2025-12,2025-12-24 17:00:00,42,0.933333,0.712113
2025-12-26 12:00:00,2025-12,2025-12-24 17:00:00,43,0.958333,0.678490
2025-12-26 13:00:00,2025-12,2025-12-24 17:00:00,44,0.706667,0.557173
2025-12-26 14:00:00,2025-12,2025-12-24 17:00:00,45,0.791667,0.382119
2025-12-26 15:00:00,2025-12,2025-12-24 17:00:00,46,0.391667,0.360008
2025-12-26 16:00:00,2025-12,2025-12-24 17:00:00,47,0.326667,0.260157
2025-12-26 17:00:00,2025-12,2025-12-24 17:00:00,48,0.215000,0.211067
2025-12-25 18:00:00,2025-12,2025-12-25 17:00:00,1,0.295000,0.718565
2025-12-25 19:00:00,2025-12,2025-12-25 17:00:00,2,0.465000,0.758671
2025-12-25 20:00:00,2025-12,2025-12-25 17:00:00,3,0.531667,0.717151
2025-12-25 21:00:00,2025-12,2025-12-25 17:00:00,4,0.256667,0.555435
2025-12-25 22:00:00,2025-12,2025-12-25 17:00:00,5,0.318333,0.328240
2025-12-25 23:00:00,2025-12,2025-12-25 17:00:00,6,0.203333,0.223600
2025-12-26 00:00:00,2025-12,2025-12-25 17:00:00,7,0.096667,0.220723
2025-12-26 01:00:00,2025-12,2025-12-25 17:00:00,8,0.040000,0.179101
2025-12-26 02:00:00,2025-12,2025-12-25 17:00:00,9,0.021667,0.101103
2025-12-26 03:00:00,2025-12,2025-12-25 17:00:00,10,0.008333,0.043387
2025-12-26 04:00:00,2025-12,2025-12-25 17:00:00,11,0.010000,0.034605
2025-12-26 05:00:00,2025-12,2025-12-25 17:00:00,12,0.010000,0.083679
2025-12-26 06:00:00,2025-12,2025-12-25 17:00:00,13,0.010000,0.142153
2025-12-26 07:00:00,2025-12,2025-12-25 17:00:00,14,0.235000,0.265527
2025-12-26 08:00:00,2025-12,2025-12-25 17:00:00,15,0.756667,0.402033
2025-12-26 09:00:00,2025-12,2025-12-25 17:00:00,16,0.010000,0.623309
2025-12-26 10:00:00,2025-12,2025-12-25 17:00:00,17,0.010000,0.678703
2025-12-26 11:00:00,2025-12,2025-12-25 17:00:00,18,0.933333,0.698259
2025-12-26 12:00:00,2025-12,2025-12-25 17:00:00,19,0.958333,0.683939
2025-12-26 13:00:00,2025-12,2025-12-25 17:00:00,20,0.706667,0.621577
2025-12-26 14:00:00,2025-12,2025-12-25 17:00:00,21,0.791667,0.566553
2025-12-26 15:00:00,2025-12,2025-12-25 17:00:00,22,0.391667,0.435561
2025-12-26 16:00:00,2025-12,2025-12-25 17:00:00,23,0.326667,0.334851
2025-12-26 17:00:00,2025-12,2025-12-25 17:00:00,24,0.215000,0.247185
2025-12-26 18:00:00,2025-12,2025-12-25 17:00:00,25,0.251667,0.156716
2025-12-26 19:00:00,2025-12,2025-12-25 17:00:00,26,0.166667,0.125445
2025-12-26 20:00:00,2025-12,2025-12-25 17:00:00,27,0.198333,0.039530
2025-12-26 21:00:00,2025-12,2025-12-25 17:00:00,28,0.125000,0.010892
2025-12-26 22:00:00,2025-12,2025-12-25 17:00:00,29,0.013333,0.010713
2025-12-26 23:00:00,2025-12,2025-12-25 17:00:00,30,0.038333,0.010623
2025-12-27 00:00:00,2025-12,2025-12-25 17:00:00,31,0.123333,0.006668
2025-12-27 01:00:00,2025-12,2025-12-25 17:00:00,32,0.215000,0.091350
2025-12-27 02:00:00,2025-12,2025-12-25 17:00:00,33,0.198333,0.236079
2025-12-27 03:00:00,2025-12,2025-12-25 17:00:00,34,0.256667,0.554606
2025-12-27 04:00:00,2025-12,2025-12-25 17:00:00,35,0.610000,0.834557
2025-12-27 05:00:00,2025-12,2025-12-25 17:00:00,36,0.960000,0.926128
2025-12-27 06:00:00,2025-12,2025-12-25 17:00:00,37,0.945000,0.941248
2025-12-27 07:00:00,2025-12,2025-12-25 17:00:00,38,0.895000,0.943403
2025-12-27 08:00:00,2025-12,2025-12-25 17:00:00,39,0.890000,0.926006
2025-12-27 09:00:00,2025-12,2025-12-25 17:00:00,40,0.898333,0.884479
2025-12-27 10:00:00,2025-12,2025-12-25 17:00:00,41,0.896667,0.810950
2025-12-27 11:00:00,2025-12,2025-12-25 17:00:00,42,0.955000,0.658515
2025-12-27 12:00:00,2025-12,2025-12-25 17:00:00,43,0.873333,0.463694
2025-12-27 13:00:00,2025-12,2025-12-25 17:00:00,44,0.681667,0.390810
2025-12-27 14:00:00,2025-12,2025-12-25 17:00:00,45,0.293333,0.363260
2025-12-27 15:00:00,2025-12,2025-12-25 17:00:00,46,0.118333,0.378426
2025-12-27 16:00:00,2025-12,2025-12-25 17:00:00,47,0.358333,0.392579
2025-12-27 17:00:00,2025-12,2025-12-25 17:00:00,48,0.256667,0.374367
2025-12-26 18:00:00,2025-12,2025-12-26 17:00:00,1,0.251667,0.112517
2025-12-26 19:00:00,2025-12,2025-12-26 17:00:00,2,0.166667,0.058164
2025-12-26 20:00:00,2025-12,2025-12-26 17:00:00,3,0.198333,0.034049
2025-12-26 21:00:00,2025-12,2025-12-26 17:00:00,4,0.125000,0.010792
2025-12-26 22:00:00,2025-12,2025-12-26 17:00:00,5,0.013333,0.010821
2025-12-26 23:00:00,2025-12,2025-12-26 17:00:00,6,0.038333,0.010713
2025-12-27 00:00:00,2025-12,2025-12-26 17:00:00,7,0.123333,0.014780
2025-12-27 01:00:00,2025-12,2025-12-26 17:00:00,8,0.215000,0.047043
2025-12-27 02:00:00,2025-12,2025-12-26 17:00:00,9,0.198333,0.198714
2025-12-27 03:00:00,2025-12,2025-12-26 17:00:00,10,0.256667,0.621723
2025-12-27 04:00:00,2025-12,2025-12-26 17:00:00,11,0.610000,0.875716
2025-12-27 05:00:00,2025-12,2025-12-26 17:00:00,12,0.960000,0.939951
2025-12-27 06:00:00,2025-12,2025-12-26 17:00:00,13,0.945000,0.945143
2025-12-27 07:00:00,2025-12,2025-12-26 17:00:00,14,0.895000,0.958986
2025-12-27 08:00:00,2025-12,2025-12-26 17:00:00,15,0.890000,0.928082
2025-12-27 09:00:00,2025-12,2025-12-26 17:00:00,16,0.898333,0.899112
2025-12-27 10:00:00,2025-12,2025-12-26 17:00:00,17,0.896667,0.797901
2025-12-27 11:00:00,2025-12,2025-12-26 17:00:00,18,0.955000,0.668434
2025-12-27 12:00:00,2025-12,2025-12-26 17:00:00,19,0.873333,0.531005
2025-12-27 13:00:00,2025-12,2025-12-26 17:00:00,20,0.681667,0.380970
2025-12-27 14:00:00,2025-12,2025-12-26 17:00:00,21,0.293333,0.260457
2025-12-27 15:00:00,2025-12,2025-12-26 17:00:00,22,0.118333,0.244688
2025-12-27 16:00:00,2025-12,2025-12-26 17:00:00,23,0.358333,0.242727
2025-12-27 17:00:00,2025-12,2025-12-26 17:00:00,24,0.256667,0.250890
2025-12-27 18:00:00,2025-12,2025-12-26 17:00:00,25,0.683333,0.233030
2025-12-27 19:00:00,2025-12,2025-12-26 17:00:00,26,0.596667,0.241769
2025-12-27 20:00:00,2025-12,2025-12-26 17:00:00,27,0.881667,0.246751
2025-12-27 21:00:00,2025-12,2025-12-26 17:00:00,28,0.875000,0.313057
2025-12-27 22:00:00,2025-12,2025-12-26 17:00:00,29,0.945000,0.414925
2025-12-27 23:00:00,2025-12,2025-12-26 17:00:00,30,0.898333,0.550769
2025-12-28 00:00:00,2025-12,2025-12-26 17:00:00,31,0.856667,0.685786
2025-12-28 01:00:00,2025-12,2025-12-26 17:00:00,32,0.698333,0.753726
2025-12-28 02:00:00,2025-12,2025-12-26 17:00:00,33,0.705000,0.780949
2025-12-28 03:00:00,2025-12,2025-12-26 17:00:00,34,0.625000,0.854736
2025-12-28 04:00:00,2025-12,2025-12-26 17:00:00,35,0.756667,0.906661
2025-12-28 05:00:00,2025-12,2025-12-26 17:00:00,36,0.923333,0.910539
2025-12-28 06:00:00,2025-12,2025-12-26 17:00:00,37,0.856667,0.922484
2025-12-28 07:00:00,2025-12,2025-12-26 17:00:00,38,0.866667,0.939758
2025-12-28 08:00:00,2025-12,2025-12-26 17:00:00,39,0.816667,0.952743
2025-12-28 09:00:00,2025-12,2025-12-26 17:00:00,40,0.908333,0.973407
2025-12-28 10:00:00,2025-12,2025-12-26 17:00:00,41,0.900000,0.941773
2025-12-28 11:00:00,2025-12,2025-12-26 17:00:00,42,0.951667,0.913134
2025-12-28 12:00:00,2025-12,2025-12-26 17:00:00,43,0.581667,0.886246
2025-12-28 13:00:00,2025-12,2025-12-26 17:00:00,44,0.833333,0.891108
2025-12-28 14:00:00,2025-12,2025-12-26 17:00:00,45,0.421667,0.879626
2025-12-28 15:00:00,2025-12,2025-12-26 17:00:00,46,0.453333,0.882530
2025-12-28 16:00:00,2025-12,2025-12-26 17:00:00,47,0.265000,0.862913
2025-12-28 17:00:00,2025-12,2025-12-26 17:00:00,48,0.416667,0.804146
2025-12-27 18:00:00,2025-12,2025-12-27 17:00:00,1,0.683333,0.278048
2025-12-27 19:00:00,2025-12,2025-12-27 17:00:00,2,0.596667,0.300181
2025-12-27 20:00:00,2025-12,2025-12-27 17:00:00,3,0.881667,0.357606
2025-12-27 21:00:00,2025-12,2025-12-27 17:00:00,4,0.875000,0.537298
2025-12-27 22:00:00,2025-12,2025-12-27 17:00:00,5,0.945000,0.689211
2025-12-27 23:00:00,2025-12,2025-12-27 17:00:00,6,0.898333,0.754053
2025-12-28 00:00:00,2025-12,2025-12-27 17:00:00,7,0.856667,0.821777
2025-12-28 01:00:00,2025-12,2025-12-27 17:00:00,8,0.698333,0.846576
2025-12-28 02:00:00,2025-12,2025-12-27 17:00:00,9,0.705000,0.845381
2025-12-28 03:00:00,2025-12,2025-12-27 17:00:00,10,0.625000,0.906736
2025-12-28 04:00:00,2025-12,2025-12-27 17:00:00,11,0.756667,0.934505
2025-12-28 05:00:00,2025-12,2025-12-27 17:00:00,12,0.923333,0.928442
2025-12-28 06:00:00,2025-12,2025-12-27 17:00:00,13,0.856667,0.930342
2025-12-28 07:00:00,2025-12,2025-12-27 17:00:00,14,0.866667,0.945478
2025-12-28 08:00:00,2025-12,2025-12-27 17:00:00,15,0.816667,0.963126
2025-12-28 09:00:00,2025-12,2025-12-27 17:00:00,16,0.908333,0.975626
2025-12-28 10:00:00,2025-12,2025-12-27 17:00:00,17,0.900000,0.969057
2025-12-28 11:00:00,2025-12,2025-12-27 17:00:00,18,0.951667,0.958489
2025-12-28 12:00:00,2025-12,2025-12-27 17:00:00,19,0.581667,0.896818
2025-12-28 13:00:00,2025-12,2025-12-27 17:00:00,20,0.833333,0.872261
2025-12-28 14:00:00,2025-12,2025-12-27 17:00:00,21,0.421667,0.801502
2025-12-28 15:00:00,2025-12,2025-12-27 17:00:00,22,0.453333,0.699225
2025-12-28 16:00:00,2025-12,2025-12-27 17:00:00,23,0.265000,0.570255
2025-12-28 17:00:00,2025-12,2025-12-27 17:00:00,24,0.416667,0.513111
2025-12-28 18:00:00,2025-12,2025-12-27 17:00:00,25,0.348333,0.402851
2025-12-28 19:00:00,2025-12,2025-12-27 17:00:00,26,0.306667,0.380056
2025-12-28 20:00:00,2025-12,2025-12-27 17:00:00,27,0.358333,0.297342
2025-12-28 21:00:00,2025-12,2025-12-27 17:00:00,28,0.360000,0.229058
2025-12-28 22:00:00,2025-12,2025-12-27 17:00:00,29,0.243333,0.112987
2025-12-28 23:00:00,2025-12,2025-12-27 17:00:00,30,0.276667,0.092121
2025-12-29 00:00:00,2025-12,2025-12-27 17:00:00,31,0.456667,0.083480
2025-12-29 01:00:00,2025-12,2025-12-27 17:00:00,32,0.573333,0.087820
2025-12-29 02:00:00,2025-12,2025-12-27 17:00:00,33,0.791667,0.154721
2025-12-29 03:00:00,2025-12,2025-12-27 17:00:00,34,0.531667,0.182935
2025-12-29 04:00:00,2025-12,2025-12-27 17:00:00,35,0.296667,0.265464
2025-12-29 05:00:00,2025-12,2025-12-27 17:00:00,36,0.215000,0.477299
2025-12-29 06:00:00,2025-12,2025-12-27 17:00:00,37,0.658333,0.624023
2025-12-29 07:00:00,2025-12,2025-12-27 17:00:00,38,0.543333,0.687043
2025-12-29 08:00:00,2025-12,2025-12-27 17:00:00,39,0.743333,0.583673
2025-12-29 09:00:00,2025-12,2025-12-27 17:00:00,40,0.921667,0.458915
2025-12-29 10:00:00,2025-12,2025-12-27 17:00:00,41,0.951667,0.549901
2025-12-29 11:00:00,2025-12,2025-12-27 17:00:00,42,0.973333,0.757832
2025-12-29 12:00:00,2025-12,2025-12-27 17:00:00,43,0.971667,0.888693
2025-12-29 13:00:00,2025-12,2025-12-27 17:00:00,44,0.975000,0.958062
2025-12-29 14:00:00,2025-12,2025-12-27 17:00:00,45,0.975000,0.925619
2025-12-29 15:00:00,2025-12,2025-12-27 17:00:00,46,0.970000,0.944977
2025-12-29 16:00:00,2025-12,2025-12-27 17:00:00,47,0.973333,0.935417
2025-12-29 17:00:00,2025-12,2025-12-27 17:00:00,48,0.970000,0.938706
2025-12-28 18:00:00,2025-12,2025-12-28 17:00:00,1,0.348333,0.257889
2025-12-28 19:00:00,2025-12,2025-12-28 17:00:00,2,0.306667,0.228678
2025-12-28 20:00:00,2025-12,2025-12-28 17:00:00,3,0.358333,0.212427
2025-12-28 21:00:00,2025-12,2025-12-28 17:00:00,4,0.360000,0.211520
2025-12-28 22:00:00,2025-12,2025-12-28 17:00:00,5,0.243333,0.211890
2025-12-28 23:00:00,2025-12,2025-12-28 17:00:00,6,0.276667,0.260149
2025-12-29 00:00:00,2025-12,2025-12-28 17:00:00,7,0.456667,0.309833
2025-12-29 01:00:00,2025-12,2025-12-28 17:00:00,8,0.573333,0.344266
2025-12-29 02:00:00,2025-12,2025-12-28 17:00:00,9,0.791667,0.376586
2025-12-29 03:00:00,2025-12,2025-12-28 17:00:00,10,0.531667,0.399769
2025-12-29 04:00:00,2025-12,2025-12-28 17:00:00,11,0.296667,0.438530
2025-12-29 05:00:00,2025-12,2025-12-28 17:00:00,12,0.215000,0.544698
2025-12-29 06:00:00,2025-12,2025-12-28 17:00:00,13,0.658333,0.474121
2025-12-29 07:00:00,2025-12,2025-12-28 17:00:00,14,0.543333,0.653400
2025-12-29 08:00:00,2025-12,2025-12-28 17:00:00,15,0.743333,0.742736
2025-12-29 09:00:00,2025-12,2025-12-28 17:00:00,16,0.921667,0.829374
2025-12-29 10:00:00,2025-12,2025-12-28 17:00:00,17,0.951667,0.885173
2025-12-29 11:00:00,2025-12,2025-12-28 17:00:00,18,0.973333,0.897720
2025-12-29 12:00:00,2025-12,2025-12-28 17:00:00,19,0.971667,0.850385
2025-12-29 13:00:00,2025-12,2025-12-28 17:00:00,20,0.975000,0.869570
2025-12-29 14:00:00,2025-12,2025-12-28 17:00:00,21,0.975000,0.920241
2025-12-29 15:00:00,2025-12,2025-12-28 17:00:00,22,0.970000,0.932874
2025-12-29 16:00:00,2025-12,2025-12-28 17:00:00,23,0.973333,0.936669
2025-12-29 17:00:00,2025-12,2025-12-28 17:00:00,24,0.970000,0.938002
2025-12-29 18:00:00,2025-12,2025-12-28 17:00:00,25,0.978333,0.952861
2025-12-29 19:00:00,2025-12,2025-12-28 17:00:00,26,0.980000,0.952677
2025-12-29 20:00:00,2025-12,2025-12-28 17:00:00,27,0.980000,0.952129
2025-12-29 21:00:00,2025-12,2025-12-28 17:00:00,28,0.980000,0.952263
2025-12-29 22:00:00,2025-12,2025-12-28 17:00:00,29,0.980000,0.948028
2025-12-29 23:00:00,2025-12,2025-12-28 17:00:00,30,0.976667,0.947858
2025-12-30 00:00:00,2025-12,2025-12-28 17:00:00,31,0.980000,0.947890
2025-12-30 01:00:00,2025-12,2025-12-28 17:00:00,32,0.971667,0.948060
2025-12-30 02:00:00,2025-12,2025-12-28 17:00:00,33,0.845000,0.946435
2025-12-30 03:00:00,2025-12,2025-12-28 17:00:00,34,0.956667,0.938167
2025-12-30 04:00:00,2025-12,2025-12-28 17:00:00,35,0.941667,0.912954
2025-12-30 05:00:00,2025-12,2025-12-28 17:00:00,36,0.931667,0.905799
2025-12-30 06:00:00,2025-12,2025-12-28 17:00:00,37,0.971667,0.819723
2025-12-30 07:00:00,2025-12,2025-12-28 17:00:00,38,0.960000,0.739505
2025-12-30 08:00:00,2025-12,2025-12-28 17:00:00,39,0.970000,0.662698
2025-12-30 09:00:00,2025-12,2025-12-28 17:00:00,40,0.970000,0.507331
2025-12-30 10:00:00,2025-12,2025-12-28 17:00:00,41,0.970000,0.381278
2025-12-30 11:00:00,2025-12,2025-12-28 17:00:00,42,0.970000,0.436396
2025-12-30 12:00:00,2025-12,2025-12-28 17:00:00,43,0.951667,0.401314
2025-12-30 13:00:00,2025-12,2025-12-28 17:00:00,44,0.951667,0.228175
2025-12-30 14:00:00,2025-12,2025-12-28 17:00:00,45,0.625000,0.130758
2025-12-30 15:00:00,2025-12,2025-12-28 17:00:00,46,0.826667,0.109351
2025-12-30 16:00:00,2025-12,2025-12-28 17:00:00,47,0.680000,0.106253
2025-12-30 17:00:00,2025-12,2025-12-28 17:00:00,48,0.890000,0.086984
2025-12-29 18:00:00,2025-12,2025-12-29 17:00:00,1,0.978333,0.948035
2025-12-29 19:00:00,2025-12,2025-12-29 17:00:00,2,0.980000,0.948035
2025-12-29 20:00:00,2025-12,2025-12-29 17:00:00,3,0.980000,0.947924
2025-12-29 21:00:00,2025-12,2025-12-29 17:00:00,4,0.980000,0.947924
2025-12-29 22:00:00,2025-12,2025-12-29 17:00:00,5,0.980000,0.947924
2025-12-29 23:00:00,2025-12,2025-12-29 17:00:00,6,0.976667,0.947792
2025-12-30 00:00:00,2025-12,2025-12-29 17:00:00,7,0.980000,0.947793
2025-12-30 01:00:00,2025-12,2025-12-29 17:00:00,8,0.971667,0.947859
2025-12-30 02:00:00,2025-12,2025-12-29 17:00:00,9,0.845000,0.949274
2025-12-30 03:00:00,2025-12,2025-12-29 17:00:00,10,0.956667,0.926580
2025-12-30 04:00:00,2025-12,2025-12-29 17:00:00,11,0.941667,0.898375
2025-12-30 05:00:00,2025-12,2025-12-29 17:00:00,12,0.931667,0.810911
2025-12-30 06:00:00,2025-12,2025-12-29 17:00:00,13,0.971667,0.726079
2025-12-30 07:00:00,2025-12,2025-12-29 17:00:00,14,0.960000,0.618960
2025-12-30 08:00:00,2025-12,2025-12-29 17:00:00,15,0.970000,0.556065
2025-12-30 09:00:00,2025-12,2025-12-29 17:00:00,16,0.970000,0.461609
2025-12-30 10:00:00,2025-12,2025-12-29 17:00:00,17,0.970000,0.423397
2025-12-30 11:00:00,2025-12,2025-12-29 17:00:00,18,0.970000,0.244572
2025-12-30 12:00:00,2025-12,2025-12-29 17:00:00,19,0.951667,0.209528
2025-12-30 13:00:00,2025-12,2025-12-29 17:00:00,20,0.951667,0.131842
2025-12-30 14:00:00,2025-12,2025-12-29 17:00:00,21,0.625000,0.110550
2025-12-30 15:00:00,2025-12,2025-12-29 17:00:00,22,0.826667,0.108630
2025-12-30 16:00:00,2025-12,2025-12-29 17:00:00,23,0.680000,0.117889
2025-12-30 17:00:00,2025-12,2025-12-29 17:00:00,24,0.890000,0.117797
2025-12-30 18:00:00,2025-12,2025-12-29 17:00:00,25,0.375000,0.114098
2025-12-30 19:00:00,2025-12,2025-12-29 17:00:00,26,0.235000,0.123532
2025-12-30 20:00:00,2025-12,2025-12-29 17:00:00,27,0.125000,0.102548
2025-12-30 21:00:00,2025-12,2025-12-29 17:00:00,28,0.013333,0.092745
2025-12-30 22:00:00,2025-12,2025-12-29 17:00:00,29,0.010000,0.094642
2025-12-30 23:00:00,2025-12,2025-12-29 17:00:00,30,0.010000,0.069519
2025-12-31 00:00:00,2025-12,2025-12-29 17:00:00,31,0.010000,0.038097
2025-12-31 01:00:00,2025-12,2025-12-29 17:00:00,32,0.010000,0.034895
2025-12-31 02:00:00,2025-12,2025-12-29 17:00:00,33,0.010000,0.036281
2025-12-31 03:00:00,2025-12,2025-12-29 17:00:00,34,0.061667,0.053637
2025-12-31 04:00:00,2025-12,2025-12-29 17:00:00,35,0.115000,0.071495
2025-12-31 05:00:00,2025-12,2025-12-29 17:00:00,36,0.086667,0.072736
2025-12-31 06:00:00,2025-12,2025-12-29 17:00:00,37,0.190000,0.060251
2025-12-31 07:00:00,2025-12,2025-12-29 17:00:00,38,0.361667,0.038315
2025-12-31 08:00:00,2025-12,2025-12-29 17:00:00,39,0.101667,0.024990
2025-12-31 09:00:00,2025-12,2025-12-29 17:00:00,40,0.008333,0.014769
2025-12-31 10:00:00,2025-12,2025-12-29 17:00:00,41,0.005000,0.013237
2025-12-31 11:00:00,2025-12,2025-12-29 17:00:00,42,0.036667,0.028499
2025-12-31 12:00:00,2025-12,2025-12-29 17:00:00,43,0.076667,0.069188
2025-12-31 13:00:00,2025-12,2025-12-29 17:00:00,44,0.013333,0.087130
2025-12-31 14:00:00,2025-12,2025-12-29 17:00:00,45,0.018333,0.122231
2025-12-31 15:00:00,2025-12,2025-12-29 17:00:00,46,0.021667,0.141519
2025-12-31 16:00:00,2025-12,2025-12-29 17:00:00,47,0.006667,0.222214
2025-12-31 18:00:00,2026-01,2025-12-31 17:00:00,1,0.015000,0.410336
2025-12-31 19:00:00,2026-01,2025-12-31 17:00:00,2,0.163333,0.431473
2025-12-31 20:00:00,2026-01,2025-12-31 17:00:00,3,0.630000,0.604490
2025-12-31 21:00:00,2026-01,2025-12-31 17:00:00,4,0.976667,0.737008
2025-12-31 22:00:00,2026-01,2025-12-31 17:00:00,5,0.980000,0.928211
2025-12-31 23:00:00,2026-01,2025-12-31 17:00:00,6,0.975000,0.962061
2026-01-01 00:00:00,2026-01,2025-12-31 17:00:00,7,0.956667,0.954849
2026-01-01 01:00:00,2026-01,2025-12-31 17:00:00,8,0.815000,0.944397
2026-01-01 02:00:00,2026-01,2025-12-31 17:00:00,9,0.585000,0.752287
2026-01-01 03:00:00,2026-01,2025-12-31 17:00:00,10,0.435000,0.548620
2026-01-01 04:00:00,2026-01,2025-12-31 17:00:00,11,0.333333,0.316728
2026-01-01 05:00:00,2026-01,2025-12-31 17:00:00,12,0.111667,0.198444
2026-01-01 06:00:00,2026-01,2025-12-31 17:00:00,13,0.056667,0.092846
2026-01-01 07:00:00,2026-01,2025-12-31 17:00:00,14,0.068333,0.026281
2026-01-01 08:00:00,2026-01,2025-12-31 17:00:00,15,0.021667,0.012187
2026-01-01 09:00:00,2026-01,2025-12-31 17:00:00,16,0.008333,0.011491
2026-01-01 10:00:00,2026-01,2025-12-31 17:00:00,17,0.010000,0.011693
2026-01-01 11:00:00,2026-01,2025-12-31 17:00:00,18,0.011667,0.021163
2026-01-01 12:00:00,2026-01,2025-12-31 17:00:00,19,0.023333,0.034797
2026-01-01 13:00:00,2026-01,2025-12-31 17:00:00,20,0.018333,0.037774
2026-01-01 14:00:00,2026-01,2025-12-31 17:00:00,21,0.076667,0.035076
2026-01-01 15:00:00,2026-01,2025-12-31 17:00:00,22,0.065000,0.023773
2026-01-01 16:00:00,2026-01,2025-12-31 17:00:00,23,0.040000,0.034488
2026-01-01 17:00:00,2026-01,2025-12-31 17:00:00,24,0.008333,0.039550
2026-01-01 18:00:00,2026-01,2025-12-31 17:00:00,25,0.008333,0.036147
2026-01-01 19:00:00,2026-01,2025-12-31 17:00:00,26,0.008333,0.028275
2026-01-01 20:00:00,2026-01,2025-12-31 17:00:00,27,0.010000,0.028059
2026-01-01 21:00:00,2026-01,2025-12-31 17:00:00,28,0.008333,0.027188
2026-01-01 22:00:00,2026-01,2025-12-31 17:00:00,29,0.005000,0.027017
2026-01-01 23:00:00,2026-01,2025-12-31 17:00:00,30,0.010000,0.020461
2026-01-02 00:00:00,2026-01,2025-12-31 17:00:00,31,0.010000,0.014282
2026-01-02 01:00:00,2026-01,2025-12-31 17:00:00,32,0.010000,0.015758
2026-01-02 02:00:00,2026-01,2025-12-31 17:00:00,33,0.010000,0.029168
2026-01-02 03:00:00,2026-01,2025-12-31 17:00:00,34,0.076667,0.041713
2026-01-02 04:00:00,2026-01,2025-12-31 17:00:00,35,0.266667,0.040181
2026-01-02 05:00:00,2026-01,2025-12-31 17:00:00,36,0.376667,0.080058
2026-01-02 06:00:00,2026-01,2025-12-31 17:00:00,37,0.676667,0.117182
2026-01-02 07:00:00,2026-01,2025-12-31 17:00:00,38,0.885000,0.140222
2026-01-02 08:00:00,2026-01,2025-12-31 17:00:00,39,0.745000,0.137362
2026-01-02 09:00:00,2026-01,2025-12-31 17:00:00,40,0.581667,0.131752
2026-01-02 10:00:00,2026-01,2025-12-31 17:00:00,41,0.433333,0.117267
2026-01-02 11:00:00,2026-01,2025-12-31 17:00:00,42,0.380000,0.126528
2026-01-02 12:00:00,2026-01,2025-12-31 17:00:00,43,0.446667,0.182361
2026-01-02 13:00:00,2026-01,2025-12-31 17:00:00,44,0.470000,0.191097
2026-01-02 14:00:00,2026-01,2025-12-31 17:00:00,45,0.660000,0.191536
2026-01-02 15:00:00,2026-01,2025-12-31 17:00:00,46,0.885000,0.205467
2026-01-02 16:00:00,2026-01,2025-12-31 17:00:00,47,0.665000,0.230636
2026-01-02 17:00:00,2026-01,2025-12-31 17:00:00,48,0.295000,0.217918
2026-01-01 18:00:00,2026-01,2026-01-01 17:00:00,1,0.008333,0.010807
2026-01-01 19:00:00,2026-01,2026-01-01 17:00:00,2,0.008333,0.010846
2026-01-01 20:00:00,2026-01,2026-01-01 17:00:00,3,0.010000,0.010920
2026-01-01 21:00:00,2026-01,2026-01-01 17:00:00,4,0.008333,0.011287
2026-01-01 22:00:00,2026-01,2026-01-01 17:00:00,5,0.005000,0.019061
2026-01-01 23:00:00,2026-01,2026-01-01 17:00:00,6,0.010000,0.019497
2026-01-02 00:00:00,2026-01,2026-01-01 17:00:00,7,0.010000,0.018975
2026-01-02 01:00:00,2026-01,2026-01-01 17:00:00,8,0.010000,0.010921
2026-01-02 02:00:00,2026-01,2026-01-01 17:00:00,9,0.010000,0.017336
2026-01-02 03:00:00,2026-01,2026-01-01 17:00:00,10,0.076667,0.032121
2026-01-02 04:00:00,2026-01,2026-01-01 17:00:00,11,0.266667,0.067408
2026-01-02 05:00:00,2026-01,2026-01-01 17:00:00,12,0.376667,0.090393
2026-01-02 06:00:00,2026-01,2026-01-01 17:00:00,13,0.676667,0.163730
2026-01-02 07:00:00,2026-01,2026-01-01 17:00:00,14,0.885000,0.204432
2026-01-02 08:00:00,2026-01,2026-01-01 17:00:00,15,0.745000,0.177883
2026-01-02 09:00:00,2026-01,2026-01-01 17:00:00,16,0.581667,0.166855
2026-01-02 10:00:00,2026-01,2026-01-01 17:00:00,17,0.433333,0.142688
2026-01-02 11:00:00,2026-01,2026-01-01 17:00:00,18,0.380000,0.140993
2026-01-02 12:00:00,2026-01,2026-01-01 17:00:00,19,0.446667,0.142908
2026-01-02 13:00:00,2026-01,2026-01-01 17:00:00,20,0.470000,0.152061
2026-01-02 14:00:00,2026-01,2026-01-01 17:00:00,21,0.660000,0.207240
2026-01-02 15:00:00,2026-01,2026-01-01 17:00:00,22,0.885000,0.233570
2026-01-02 16:00:00,2026-01,2026-01-01 17:00:00,23,0.665000,0.217088
2026-01-02 17:00:00,2026-01,2026-01-01 17:00:00,24,0.295000,0.236661
2026-01-02 18:00:00,2026-01,2026-01-01 17:00:00,25,0.211667,0.223554
2026-01-02 19:00:00,2026-01,2026-01-01 17:00:00,26,0.198333,0.232662
2026-01-02 20:00:00,2026-01,2026-01-01 17:00:00,27,0.310000,0.238056
2026-01-02 21:00:00,2026-01,2026-01-01 17:00:00,28,0.158333,0.250438
2026-01-02 22:00:00,2026-01,2026-01-01 17:00:00,29,0.190000,0.231439
2026-01-02 23:00:00,2026-01,2026-01-01 17:00:00,30,0.251667,0.238645
2026-01-03 00:00:00,2026-01,2026-01-01 17:00:00,31,0.146667,0.243395
2026-01-03 01:00:00,2026-01,2026-01-01 17:00:00,32,0.260000,0.212095
2026-01-03 02:00:00,2026-01,2026-01-01 17:00:00,33,0.220000,0.208387
2026-01-03 03:00:00,2026-01,2026-01-01 17:00:00,34,0.118333,0.208871
2026-01-03 04:00:00,2026-01,2026-01-01 17:00:00,35,0.135000,0.376715
2026-01-03 05:00:00,2026-01,2026-01-01 17:00:00,36,0.066667,0.426883
2026-01-03 06:00:00,2026-01,2026-01-01 17:00:00,37,0.143333,0.383653
2026-01-03 07:00:00,2026-01,2026-01-01 17:00:00,38,0.161667,0.378557
2026-01-03 08:00:00,2026-01,2026-01-01 17:00:00,39,0.158333,0.356606
2026-01-03 09:00:00,2026-01,2026-01-01 17:00:00,40,0.196667,0.409920
2026-01-03 10:00:00,2026-01,2026-01-01 17:00:00,41,0.206667,0.422897
2026-01-03 11:00:00,2026-01,2026-01-01 17:00:00,42,0.278333,0.400817
2026-01-03 12:00:00,2026-01,2026-01-01 17:00:00,43,0.506667,0.299325
2026-01-03 13:00:00,2026-01,2026-01-01 17:00:00,44,0.245000,0.216594
2026-01-03 14:00:00,2026-01,2026-01-01 17:00:00,45,0.488333,0.209111
2026-01-03 15:00:00,2026-01,2026-01-01 17:00:00,46,0.285000,0.211171
2026-01-03 16:00:00,2026-01,2026-01-01 17:00:00,47,0.158333,0.215373
2026-01-03 17:00:00,2026-01,2026-01-01 17:00:00,48,0.265000,0.205856
2026-01-02 18:00:00,2026-01,2026-01-02 17:00:00,1,0.211667,0.246781
2026-01-02 19:00:00,2026-01,2026-01-02 17:00:00,2,0.198333,0.204660
2026-01-02 20:00:00,2026-01,2026-01-02 17:00:00,3,0.310000,0.219676
2026-01-02 21:00:00,2026-01,2026-01-02 17:00:00,4,0.158333,0.276986
2026-01-02 22:00:00,2026-01,2026-01-02 17:00:00,5,0.190000,0.285602
2026-01-02 23:00:00,2026-01,2026-01-02 17:00:00,6,0.251667,0.271842
2026-01-03 00:00:00,2026-01,2026-01-02 17:00:00,7,0.146667,0.275214
2026-01-03 01:00:00,2026-01,2026-01-02 17:00:00,8,0.260000,0.262050
2026-01-03 02:00:00,2026-01,2026-01-02 17:00:00,9,0.220000,0.241632
2026-01-03 03:00:00,2026-01,2026-01-02 17:00:00,10,0.118333,0.373663
2026-01-03 04:00:00,2026-01,2026-01-02 17:00:00,11,0.135000,0.445107
2026-01-03 05:00:00,2026-01,2026-01-02 17:00:00,12,0.066667,0.503449
2026-01-03 06:00:00,2026-01,2026-01-02 17:00:00,13,0.143333,0.504043
2026-01-03 07:00:00,2026-01,2026-01-02 17:00:00,14,0.161667,0.506296
2026-01-03 08:00:00,2026-01,2026-01-02 17:00:00,15,0.158333,0.502577
2026-01-03 09:00:00,2026-01,2026-01-02 17:00:00,16,0.196667,0.545146
2026-01-03 10:00:00,2026-01,2026-01-02 17:00:00,17,0.206667,0.504124
2026-01-03 11:00:00,2026-01,2026-01-02 17:00:00,18,0.278333,0.448731
2026-01-03 12:00:00,2026-01,2026-01-02 17:00:00,19,0.506667,0.247444
2026-01-03 13:00:00,2026-01,2026-01-02 17:00:00,20,0.245000,0.209206
2026-01-03 14:00:00,2026-01,2026-01-02 17:00:00,21,0.488333,0.215767
2026-01-03 15:00:00,2026-01,2026-01-02 17:00:00,22,0.285000,0.216938
2026-01-03 16:00:00,2026-01,2026-01-02 17:00:00,23,0.158333,0.222561
2026-01-03 17:00:00,2026-01,2026-01-02 17:00:00,24,0.265000,0.230337
2026-01-03 18:00:00,2026-01,2026-01-02 17:00:00,25,0.183333,0.230170
2026-01-03 19:00:00,2026-01,2026-01-02 17:00:00,26,0.266667,0.229202
2026-01-03 20:00:00,2026-01,2026-01-02 17:00:00,27,0.190000,0.261342
2026-01-03 21:00:00,2026-01,2026-01-02 17:00:00,28,0.168333,0.257503
2026-01-03 22:00:00,2026-01,2026-01-02 17:00:00,29,0.233333,0.289280
2026-01-03 23:00:00,2026-01,2026-01-02 17:00:00,30,0.228333,0.340997
2026-01-04 00:00:00,2026-01,2026-01-02 17:00:00,31,0.370000,0.348636
2026-01-04 01:00:00,2026-01,2026-01-02 17:00:00,32,0.295000,0.378481
2026-01-04 02:00:00,2026-01,2026-01-02 17:00:00,33,0.410000,0.263534
2026-01-04 03:00:00,2026-01,2026-01-02 17:00:00,34,0.048333,0.235822
2026-01-04 04:00:00,2026-01,2026-01-02 17:00:00,35,0.076667,0.162555
2026-01-04 05:00:00,2026-01,2026-01-02 17:00:00,36,0.068333,0.046210
2026-01-04 06:00:00,2026-01,2026-01-02 17:00:00,37,0.010000,0.013678
2026-01-04 07:00:00,2026-01,2026-01-02 17:00:00,38,0.010000,0.014307
2026-01-04 08:00:00,2026-01,2026-01-02 17:00:00,39,0.010000,0.015242
2026-01-04 09:00:00,2026-01,2026-01-02 17:00:00,40,0.031667,0.030005
2026-01-04 10:00:00,2026-01,2026-01-02 17:00:00,41,0.265000,0.069885
2026-01-04 11:00:00,2026-01,2026-01-02 17:00:00,42,0.581667,0.158270
2026-01-04 12:00:00,2026-01,2026-01-02 17:00:00,43,0.620000,0.256349
2026-01-04 13:00:00,2026-01,2026-01-02 17:00:00,44,0.656667,0.267935
2026-01-04 14:00:00,2026-01,2026-01-02 17:00:00,45,0.486667,0.412513
2026-01-04 15:00:00,2026-01,2026-01-02 17:00:00,46,0.346667,0.479365
2026-01-04 16:00:00,2026-01,2026-01-02 17:00:00,47,0.485000,0.464937
2026-01-04 17:00:00,2026-01,2026-01-02 17:00:00,48,0.831667,0.460847
2026-01-03 18:00:00,2026-01,2026-01-03 17:00:00,1,0.183333,0.190771
2026-01-03 19:00:00,2026-01,2026-01-03 17:00:00,2,0.266667,0.209128
2026-01-03 20:00:00,2026-01,2026-01-03 17:00:00,3,0.190000,0.181299
2026-01-03 21:00:00,2026-01,2026-01-03 17:00:00,4,0.168333,0.202057
2026-01-03 22:00:00,2026-01,2026-01-03 17:00:00,5,0.233333,0.243474
2026-01-03 23:00:00,2026-01,2026-01-03 17:00:00,6,0.228333,0.341845
2026-01-04 00:00:00,2026-01,2026-01-03 17:00:00,7,0.370000,0.290283
2026-01-04 01:00:00,2026-01,2026-01-03 17:00:00,8,0.295000,0.256637
2026-01-04 02:00:00,2026-01,2026-01-03 17:00:00,9,0.410000,0.286147
2026-01-04 03:00:00,2026-01,2026-01-03 17:00:00,10,0.048333,0.202978
2026-01-04 04:00:00,2026-01,2026-01-03 17:00:00,11,0.076667,0.081588
2026-01-04 05:00:00,2026-01,2026-01-03 17:00:00,12,0.068333,0.025602
2026-01-04 06:00:00,2026-01,2026-01-03 17:00:00,13,0.010000,0.014869
2026-01-04 07:00:00,2026-01,2026-01-03 17:00:00,14,0.010000,0.016276
2026-01-04 08:00:00,2026-01,2026-01-03 17:00:00,15,0.010000,0.017075
2026-01-04 09:00:00,2026-01,2026-01-03 17:00:00,16,0.031667,0.037750
2026-01-04 10:00:00,2026-01,2026-01-03 17:00:00,17,0.265000,0.091471
2026-01-04 11:00:00,2026-01,2026-01-03 17:00:00,18,0.581667,0.203317
2026-01-04 12:00:00,2026-01,2026-01-03 17:00:00,19,0.620000,0.239066
2026-01-04 13:00:00,2026-01,2026-01-03 17:00:00,20,0.656667,0.307192
2026-01-04 14:00:00,2026-01,2026-01-03 17:00:00,21,0.486667,0.286329
2026-01-04 15:00:00,2026-01,2026-01-03 17:00:00,22,0.346667,0.298637
2026-01-04 16:00:00,2026-01,2026-01-03 17:00:00,23,0.485000,0.286020
2026-01-04 17:00:00,2026-01,2026-01-03 17:00:00,24,0.831667,0.320909
2026-01-04 18:00:00,2026-01,2026-01-03 17:00:00,25,0.276667,0.280673
2026-01-04 19:00:00,2026-01,2026-01-03 17:00:00,26,0.330000,0.267193
2026-01-04 20:00:00,2026-01,2026-01-03 17:00:00,27,0.345000,0.221608
2026-01-04 21:00:00,2026-01,2026-01-03 17:00:00,28,0.276667,0.214461
2026-01-04 22:00:00,2026-01,2026-01-03 17:00:00,29,0.160000,0.228194
2026-01-04 23:00:00,2026-01,2026-01-03 17:00:00,30,0.126667,0.169508
2026-01-05 00:00:00,2026-01,2026-01-03 17:00:00,31,0.048333,0.117730
2026-01-05 01:00:00,2026-01,2026-01-03 17:00:00,32,0.010000,0.096892
2026-01-05 02:00:00,2026-01,2026-01-03 17:00:00,33,0.010000,0.040540
2026-01-05 03:00:00,2026-01,2026-01-03 17:00:00,34,0.010000,0.026305
2026-01-05 04:00:00,2026-01,2026-01-03 17:00:00,35,0.006667,0.025212
2026-01-05 05:00:00,2026-01,2026-01-03 17:00:00,36,0.008333,0.014472
2026-01-05 06:00:00,2026-01,2026-01-03 17:00:00,37,0.013333,0.013684
2026-01-05 07:00:00,2026-01,2026-01-03 17:00:00,38,0.033333,0.013433
2026-01-05 08:00:00,2026-01,2026-01-03 17:00:00,39,0.008333,0.011789
2026-01-05 09:00:00,2026-01,2026-01-03 17:00:00,40,0.006667,0.011235
2026-01-05 10:00:00,2026-01,2026-01-03 17:00:00,41,0.018333,0.011940
2026-01-05 11:00:00,2026-01,2026-01-03 17:00:00,42,0.033333,0.013112
2026-01-05 12:00:00,2026-01,2026-01-03 17:00:00,43,0.073333,0.011672
2026-01-05 13:00:00,2026-01,2026-01-03 17:00:00,44,0.071667,0.043667
2026-01-05 14:00:00,2026-01,2026-01-03 17:00:00,45,0.121667,0.129726
2026-01-05 15:00:00,2026-01,2026-01-03 17:00:00,46,0.151667,0.199520
2026-01-05 16:00:00,2026-01,2026-01-03 17:00:00,47,0.348333,0.268824
2026-01-05 17:00:00,2026-01,2026-01-03 17:00:00,48,0.371667,0.443241
2026-01-04 18:00:00,2026-01,2026-01-04 17:00:00,1,0.276667,0.232311
2026-01-04 19:00:00,2026-01,2026-01-04 17:00:00,2,0.330000,0.134509
2026-01-04 20:00:00,2026-01,2026-01-04 17:00:00,3,0.345000,0.105334
2026-01-04 21:00:00,2026-01,2026-01-04 17:00:00,4,0.276667,0.061819
2026-01-04 22:00:00,2026-01,2026-01-04 17:00:00,5,0.160000,0.033730
2026-01-04 23:00:00,2026-01,2026-01-04 17:00:00,6,0.126667,0.020642
2026-01-05 00:00:00,2026-01,2026-01-04 17:00:00,7,0.048333,0.016981
2026-01-05 01:00:00,2026-01,2026-01-04 17:00:00,8,0.010000,0.013134
2026-01-05 02:00:00,2026-01,2026-01-04 17:00:00,9,0.010000,0.011235
2026-01-05 03:00:00,2026-01,2026-01-04 17:00:00,10,0.010000,0.010856
2026-01-05 04:00:00,2026-01,2026-01-04 17:00:00,11,0.006667,0.011355
2026-01-05 05:00:00,2026-01,2026-01-04 17:00:00,12,0.008333,0.011355
2026-01-05 06:00:00,2026-01,2026-01-04 17:00:00,13,0.013333,0.010798
2026-01-05 07:00:00,2026-01,2026-01-04 17:00:00,14,0.033333,0.010781
2026-01-05 08:00:00,2026-01,2026-01-04 17:00:00,15,0.008333,0.010780
2026-01-05 09:00:00,2026-01,2026-01-04 17:00:00,16,0.006667,0.010780
2026-01-05 10:00:00,2026-01,2026-01-04 17:00:00,17,0.018333,0.010817
2026-01-05 11:00:00,2026-01,2026-01-04 17:00:00,18,0.033333,0.010838
2026-01-05 12:00:00,2026-01,2026-01-04 17:00:00,19,0.073333,0.024801
2026-01-05 13:00:00,2026-01,2026-01-04 17:00:00,20,0.071667,0.092886
2026-01-05 14:00:00,2026-01,2026-01-04 17:00:00,21,0.121667,0.138650
2026-01-05 15:00:00,2026-01,2026-01-04 17:00:00,22,0.151667,0.218590
2026-01-05 16:00:00,2026-01,2026-01-04 17:00:00,23,0.348333,0.262031
2026-01-05 17:00:00,2026-01,2026-01-04 17:00:00,24,0.371667,0.482932
2026-01-05 18:00:00,2026-01,2026-01-04 17:00:00,25,0.346667,0.604503
2026-01-05 19:00:00,2026-01,2026-01-04 17:00:00,26,0.296667,0.665120
2026-01-05 20:00:00,2026-01,2026-01-04 17:00:00,27,0.740000,0.698933
2026-01-05 21:00:00,2026-01,2026-01-04 17:00:00,28,0.956667,0.771895
2026-01-05 22:00:00,2026-01,2026-01-04 17:00:00,29,0.800000,0.836731
2026-01-05 23:00:00,2026-01,2026-01-04 17:00:00,30,0.968333,0.865261
2026-01-06 00:00:00,2026-01,2026-01-04 17:00:00,31,0.878333,0.860936
2026-01-06 01:00:00,2026-01,2026-01-04 17:00:00,32,0.973333,0.854785
2026-01-06 02:00:00,2026-01,2026-01-04 17:00:00,33,0.968333,0.841953
2026-01-06 03:00:00,2026-01,2026-01-04 17:00:00,34,0.965000,0.876644
2026-01-06 04:00:00,2026-01,2026-01-04 17:00:00,35,0.913333,0.960035
2026-01-06 05:00:00,2026-01,2026-01-04 17:00:00,36,0.975000,0.964797
2026-01-06 06:00:00,2026-01,2026-01-04 17:00:00,37,0.973333,0.970632
2026-01-06 07:00:00,2026-01,2026-01-04 17:00:00,38,0.966667,0.971172
2026-01-06 08:00:00,2026-01,2026-01-04 17:00:00,39,0.970000,0.967957
2026-01-06 09:00:00,2026-01,2026-01-04 17:00:00,40,0.965000,0.966159
2026-01-06 10:00:00,2026-01,2026-01-04 17:00:00,41,0.970000,0.964986
2026-01-06 11:00:00,2026-01,2026-01-04 17:00:00,42,0.970000,0.913271
2026-01-06 12:00:00,2026-01,2026-01-04 17:00:00,43,0.970000,0.923727
2026-01-06 13:00:00,2026-01,2026-01-04 17:00:00,44,0.891667,0.889676
2026-01-06 14:00:00,2026-01,2026-01-04 17:00:00,45,0.635000,0.754930
2026-01-06 15:00:00,2026-01,2026-01-04 17:00:00,46,0.485000,0.626434
2026-01-06 16:00:00,2026-01,2026-01-04 17:00:00,47,0.165000,0.451972
2026-01-06 17:00:00,2026-01,2026-01-04 17:00:00,48,0.021667,0.333233
2026-01-05 18:00:00,2026-01,2026-01-05 17:00:00,1,0.346667,0.366532
2026-01-05 19:00:00,2026-01,2026-01-05 17:00:00,2,0.296667,0.494786
2026-01-05 20:00:00,2026-01,2026-01-05 17:00:00,3,0.740000,0.616402
2026-01-05 21:00:00,2026-01,2026-01-05 17:00:00,4,0.956667,0.732984
2026-01-05 22:00:00,2026-01,2026-01-05 17:00:00,5,0.800000,0.819970
2026-01-05 23:00:00,2026-01,2026-01-05 17:00:00,6,0.968333,0.851126
2026-01-06 00:00:00,2026-01,2026-01-05 17:00:00,7,0.878333,0.878404
2026-01-06 01:00:00,2026-01,2026-01-05 17:00:00,8,0.973333,0.876492
2026-01-06 02:00:00,2026-01,2026-01-05 17:00:00,9,0.968333,0.863022
2026-01-06 03:00:00,2026-01,2026-01-05 17:00:00,10,0.965000,0.950011
2026-01-06 04:00:00,2026-01,2026-01-05 17:00:00,11,0.913333,0.970921
2026-01-06 05:00:00,2026-01,2026-01-05 17:00:00,12,0.975000,0.970894
2026-01-06 06:00:00,2026-01,2026-01-05 17:00:00,13,0.973333,0.971382
2026-01-06 07:00:00,2026-01,2026-01-05 17:00:00,14,0.966667,0.971354
2026-01-06 08:00:00,2026-01,2026-01-05 17:00:00,15,0.970000,0.971737
2026-01-06 09:00:00,2026-01,2026-01-05 17:00:00,16,0.965000,0.969240
2026-01-06 10:00:00,2026-01,2026-01-05 17:00:00,17,0.970000,0.965228
2026-01-06 11:00:00,2026-01,2026-01-05 17:00:00,18,0.970000,0.907401
2026-01-06 12:00:00,2026-01,2026-01-05 17:00:00,19,0.970000,0.881888
2026-01-06 13:00:00,2026-01,2026-01-05 17:00:00,20,0.891667,0.898151
2026-01-06 14:00:00,2026-01,2026-01-05 17:00:00,21,0.635000,0.777864
2026-01-06 15:00:00,2026-01,2026-01-05 17:00:00,22,0.485000,0.554649
2026-01-06 16:00:00,2026-01,2026-01-05 17:00:00,23,0.165000,0.300778
2026-01-06 17:00:00,2026-01,2026-01-05 17:00:00,24,0.021667,0.175485
2026-01-06 18:00:00,2026-01,2026-01-05 17:00:00,25,0.008333,0.065456
2026-01-06 19:00:00,2026-01,2026-01-05 17:00:00,26,0.020000,0.006756
2026-01-06 20:00:00,2026-01,2026-01-05 17:00:00,27,0.028333,0.001038
2026-01-06 21:00:00,2026-01,2026-01-05 17:00:00,28,0.008333,0.010694
2026-01-06 22:00:00,2026-01,2026-01-05 17:00:00,29,0.010000,0.011861
2026-01-06 23:00:00,2026-01,2026-01-05 17:00:00,30,0.010000,0.012698
2026-01-07 00:00:00,2026-01,2026-01-05 17:00:00,31,0.010000,0.018102
2026-01-07 01:00:00,2026-01,2026-01-05 17:00:00,32,0.010000,0.016513
2026-01-07 02:00:00,2026-01,2026-01-05 17:00:00,33,0.010000,0.021071
2026-01-07 03:00:00,2026-01,2026-01-05 17:00:00,34,0.010000,0.011124
2026-01-07 04:00:00,2026-01,2026-01-05 17:00:00,35,0.010000,0.022501
2026-01-07 05:00:00,2026-01,2026-01-05 17:00:00,36,0.010000,0.018639
2026-01-07 06:00:00,2026-01,2026-01-05 17:00:00,37,0.010000,0.012908
2026-01-07 07:00:00,2026-01,2026-01-05 17:00:00,38,0.010000,0.012590
2026-01-07 08:00:00,2026-01,2026-01-05 17:00:00,39,0.010000,0.012214
2026-01-07 09:00:00,2026-01,2026-01-05 17:00:00,40,0.010000,0.011547
2026-01-07 10:00:00,2026-01,2026-01-05 17:00:00,41,0.008333,0.012213
2026-01-07 11:00:00,2026-01,2026-01-05 17:00:00,42,0.021667,0.021157
2026-01-07 12:00:00,2026-01,2026-01-05 17:00:00,43,0.020000,0.043686
2026-01-07 13:00:00,2026-01,2026-01-05 17:00:00,44,0.008333,0.027683
2026-01-07 14:00:00,2026-01,2026-01-05 17:00:00,45,0.010000,0.021089
2026-01-07 15:00:00,2026-01,2026-01-05 17:00:00,46,0.010000,0.035883
2026-01-07 16:00:00,2026-01,2026-01-05 17:00:00,47,0.010000,0.053870
2026-01-07 17:00:00,2026-01,2026-01-05 17:00:00,48,0.010000,0.068205
2026-01-06 18:00:00,2026-01,2026-01-06 17:00:00,1,0.008333,0.029341
2026-01-06 19:00:00,2026-01,2026-01-06 17:00:00,2,0.020000,0.019024
2026-01-06 20:00:00,2026-01,2026-01-06 17:00:00,3,0.028333,0.009262
2026-01-06 21:00:00,2026-01,2026-01-06 17:00:00,4,0.008333,0.010652
2026-01-06 22:00:00,2026-01,2026-01-06 17:00:00,5,0.010000,0.010315
2026-01-06 23:00:00,2026-01,2026-01-06 17:00:00,6,0.010000,0.006495
2026-01-07 00:00:00,2026-01,2026-01-06 17:00:00,7,0.010000,0.018143
2026-01-07 01:00:00,2026-01,2026-01-06 17:00:00,8,0.010000,0.017119
2026-01-07 02:00:00,2026-01,2026-01-06 17:00:00,9,0.010000,0.015744
2026-01-07 03:00:00,2026-01,2026-01-06 17:00:00,10,0.010000,0.011538
2026-01-07 04:00:00,2026-01,2026-01-06 17:00:00,11,0.010000,0.014040
2026-01-07 05:00:00,2026-01,2026-01-06 17:00:00,12,0.010000,0.016810
2026-01-07 06:00:00,2026-01,2026-01-06 17:00:00,13,0.010000,0.014354
2026-01-07 07:00:00,2026-01,2026-01-06 17:00:00,14,0.010000,0.010732
2026-01-07 08:00:00,2026-01,2026-01-06 17:00:00,15,0.010000,0.011249
2026-01-07 09:00:00,2026-01,2026-01-06 17:00:00,16,0.010000,0.011161
2026-01-07 10:00:00,2026-01,2026-01-06 17:00:00,17,0.008333,0.011102
2026-01-07 11:00:00,2026-01,2026-01-06 17:00:00,18,0.021667,0.015885
2026-01-07 12:00:00,2026-01,2026-01-06 17:00:00,19,0.020000,0.032087
2026-01-07 13:00:00,2026-01,2026-01-06 17:00:00,20,0.008333,0.021298
2026-01-07 14:00:00,2026-01,2026-01-06 17:00:00,21,0.010000,0.023366
2026-01-07 15:00:00,2026-01,2026-01-06 17:00:00,22,0.010000,0.034478
2026-01-07 16:00:00,2026-01,2026-01-06 17:00:00,23,0.010000,0.043988
2026-01-07 17:00:00,2026-01,2026-01-06 17:00:00,24,0.010000,0.040140
2026-01-07 18:00:00,2026-01,2026-01-06 17:00:00,25,0.010000,0.015813
2026-01-07 19:00:00,2026-01,2026-01-06 17:00:00,26,0.010000,0.019685
2026-01-07 20:00:00,2026-01,2026-01-06 17:00:00,27,0.010000,0.027930
2026-01-07 21:00:00,2026-01,2026-01-06 17:00:00,28,0.010000,0.029510
2026-01-07 22:00:00,2026-01,2026-01-06 17:00:00,29,0.010000,0.019064
2026-01-07 23:00:00,2026-01,2026-01-06 17:00:00,30,0.010000,0.022688
2026-01-08 00:00:00,2026-01,2026-01-06 17:00:00,31,0.010000,0.068019
2026-01-08 01:00:00,2026-01,2026-01-06 17:00:00,32,0.010000,0.096991
2026-01-08 02:00:00,2026-01,2026-01-06 17:00:00,33,0.010000,0.102162
2026-01-08 03:00:00,2026-01,2026-01-06 17:00:00,34,0.010000,0.122422
2026-01-08 04:00:00,2026-01,2026-01-06 17:00:00,35,0.010000,0.139339
2026-01-08 05:00:00,2026-01,2026-01-06 17:00:00,36,0.010000,0.165895
2026-01-08 06:00:00,2026-01,2026-01-06 17:00:00,37,0.006667,0.138232
2026-01-08 07:00:00,2026-01,2026-01-06 17:00:00,38,0.008333,0.153735
2026-01-08 08:00:00,2026-01,2026-01-06 17:00:00,39,0.013333,0.226159
2026-01-08 09:00:00,2026-01,2026-01-06 17:00:00,40,0.186667,0.214437
2026-01-08 10:00:00,2026-01,2026-01-06 17:00:00,41,0.135000,0.266061
2026-01-08 11:00:00,2026-01,2026-01-06 17:00:00,42,0.126667,0.270294
2026-01-08 12:00:00,2026-01,2026-01-06 17:00:00,43,0.100000,0.271739
2026-01-08 13:00:00,2026-01,2026-01-06 17:00:00,44,0.010000,0.320820
2026-01-08 14:00:00,2026-01,2026-01-06 17:00:00,45,0.008333,0.327682
2026-01-08 15:00:00,2026-01,2026-01-06 17:00:00,46,0.011667,0.356749
2026-01-08 16:00:00,2026-01,2026-01-06 17:00:00,47,0.008333,0.427264
2026-01-08 17:00:00,2026-01,2026-01-06 17:00:00,48,0.008333,0.590874
2026-01-07 18:00:00,2026-01,2026-01-07 17:00:00,1,0.010000,0.010580
2026-01-07 19:00:00,2026-01,2026-01-07 17:00:00,2,0.010000,0.009014
2026-01-07 20:00:00,2026-01,2026-01-07 17:00:00,3,0.010000,0.012525
2026-01-07 21:00:00,2026-01,2026-01-07 17:00:00,4,0.010000,0.016680
2026-01-07 22:00:00,2026-01,2026-01-07 17:00:00,5,0.010000,0.016881
2026-01-07 23:00:00,2026-01,2026-01-07 17:00:00,6,0.010000,0.017138
2026-01-08 00:00:00,2026-01,2026-01-07 17:00:00,7,0.010000,0.020754
2026-01-08 01:00:00,2026-01,2026-01-07 17:00:00,8,0.010000,0.020859
2026-01-08 02:00:00,2026-01,2026-01-07 17:00:00,9,0.010000,0.020802
2026-01-08 03:00:00,2026-01,2026-01-07 17:00:00,10,0.010000,0.009718
2026-01-08 04:00:00,2026-01,2026-01-07 17:00:00,11,0.010000,0.027566
2026-01-08 05:00:00,2026-01,2026-01-07 17:00:00,12,0.010000,0.061712
2026-01-08 06:00:00,2026-01,2026-01-07 17:00:00,13,0.006667,0.081607
2026-01-08 07:00:00,2026-01,2026-01-07 17:00:00,14,0.008333,0.116487
2026-01-08 08:00:00,2026-01,2026-01-07 17:00:00,15,0.013333,0.144165
2026-01-08 09:00:00,2026-01,2026-01-07 17:00:00,16,0.186667,0.175635
2026-01-08 10:00:00,2026-01,2026-01-07 17:00:00,17,0.135000,0.226811
2026-01-08 11:00:00,2026-01,2026-01-07 17:00:00,18,0.126667,0.217355
2026-01-08 12:00:00,2026-01,2026-01-07 17:00:00,19,0.100000,0.346374
2026-01-08 13:00:00,2026-01,2026-01-07 17:00:00,20,0.010000,0.308394
2026-01-08 14:00:00,2026-01,2026-01-07 17:00:00,21,0.008333,0.487124
2026-01-08 15:00:00,2026-01,2026-01-07 17:00:00,22,0.011667,0.584175
2026-01-08 16:00:00,2026-01,2026-01-07 17:00:00,23,0.008333,0.630459
2026-01-08 17:00:00,2026-01,2026-01-07 17:00:00,24,0.008333,0.639791
2026-01-08 18:00:00,2026-01,2026-01-07 17:00:00,25,0.010000,0.641342
2026-01-08 19:00:00,2026-01,2026-01-07 17:00:00,26,0.008333,0.683164
2026-01-08 20:00:00,2026-01,2026-01-07 17:00:00,27,0.010000,0.702184
2026-01-08 21:00:00,2026-01,2026-01-07 17:00:00,28,0.011667,0.732025
2026-01-08 22:00:00,2026-01,2026-01-07 17:00:00,29,0.010000,0.743540
2026-01-08 23:00:00,2026-01,2026-01-07 17:00:00,30,0.010000,0.778431
2026-01-09 00:00:00,2026-01,2026-01-07 17:00:00,31,0.008333,0.806288
2026-01-09 01:00:00,2026-01,2026-01-07 17:00:00,32,0.010000,0.807495
2026-01-09 02:00:00,2026-01,2026-01-07 17:00:00,33,0.008333,0.792452
2026-01-09 03:00:00,2026-01,2026-01-07 17:00:00,34,0.008333,0.768153
2026-01-09 04:00:00,2026-01,2026-01-07 17:00:00,35,0.010000,0.772724
2026-01-09 05:00:00,2026-01,2026-01-07 17:00:00,36,0.010000,0.728371
2026-01-09 06:00:00,2026-01,2026-01-07 17:00:00,37,0.010000,0.656995
2026-01-09 07:00:00,2026-01,2026-01-07 17:00:00,38,0.006667,0.547411
2026-01-09 08:00:00,2026-01,2026-01-07 17:00:00,39,0.010000,0.437787
2026-01-09 09:00:00,2026-01,2026-01-07 17:00:00,40,0.010000,0.380077
2026-01-09 10:00:00,2026-01,2026-01-07 17:00:00,41,0.016667,0.239019
2026-01-09 11:00:00,2026-01,2026-01-07 17:00:00,42,0.013333,0.138063
2026-01-09 12:00:00,2026-01,2026-01-07 17:00:00,43,0.010000,0.060653
2026-01-09 13:00:00,2026-01,2026-01-07 17:00:00,44,0.008333,0.039330
2026-01-09 14:00:00,2026-01,2026-01-07 17:00:00,45,0.008333,0.028995
2026-01-09 15:00:00,2026-01,2026-01-07 17:00:00,46,0.010000,0.026059
2026-01-09 16:00:00,2026-01,2026-01-07 17:00:00,47,0.010000,0.025209
2026-01-09 17:00:00,2026-01,2026-01-07 17:00:00,48,0.010000,0.028295
2026-01-08 18:00:00,2026-01,2026-01-08 17:00:00,1,0.010000,0.280957
2026-01-08 19:00:00,2026-01,2026-01-08 17:00:00,2,0.008333,0.440278
2026-01-08 20:00:00,2026-01,2026-01-08 17:00:00,3,0.010000,0.446963
2026-01-08 21:00:00,2026-01,2026-01-08 17:00:00,4,0.011667,0.491867
2026-01-08 22:00:00,2026-01,2026-01-08 17:00:00,5,0.010000,0.531883
2026-01-08 23:00:00,2026-01,2026-01-08 17:00:00,6,0.010000,0.334941
2026-01-09 00:00:00,2026-01,2026-01-08 17:00:00,7,0.008333,0.252449
2026-01-09 01:00:00,2026-01,2026-01-08 17:00:00,8,0.010000,0.229440
2026-01-09 02:00:00,2026-01,2026-01-08 17:00:00,9,0.008333,0.165907
2026-01-09 03:00:00,2026-01,2026-01-08 17:00:00,10,0.008333,0.172351
2026-01-09 04:00:00,2026-01,2026-01-08 17:00:00,11,0.010000,0.148005
2026-01-09 05:00:00,2026-01,2026-01-08 17:00:00,12,0.010000,0.150865
2026-01-09 06:00:00,2026-01,2026-01-08 17:00:00,13,0.010000,0.136224
2026-01-09 07:00:00,2026-01,2026-01-08 17:00:00,14,0.006667,0.116880
2026-01-09 08:00:00,2026-01,2026-01-08 17:00:00,15,0.010000,0.119631
2026-01-09 09:00:00,2026-01,2026-01-08 17:00:00,16,0.010000,0.115798
2026-01-09 10:00:00,2026-01,2026-01-08 17:00:00,17,0.016667,0.110340
2026-01-09 11:00:00,2026-01,2026-01-08 17:00:00,18,0.013333,0.169063
2026-01-09 12:00:00,2026-01,2026-01-08 17:00:00,19,0.010000,0.186843
2026-01-09 13:00:00,2026-01,2026-01-08 17:00:00,20,0.008333,0.184885
2026-01-09 14:00:00,2026-01,2026-01-08 17:00:00,21,0.008333,0.187639
2026-01-09 15:00:00,2026-01,2026-01-08 17:00:00,22,0.010000,0.189497
2026-01-09 16:00:00,2026-01,2026-01-08 17:00:00,23,0.010000,0.186890
2026-01-09 17:00:00,2026-01,2026-01-08 17:00:00,24,0.010000,0.155031
2026-01-09 18:00:00,2026-01,2026-01-08 17:00:00,25,0.010000,0.130967
2026-01-09 19:00:00,2026-01,2026-01-08 17:00:00,26,0.010000,0.086755
2026-01-09 20:00:00,2026-01,2026-01-08 17:00:00,27,0.010000,0.119433
2026-01-09 21:00:00,2026-01,2026-01-08 17:00:00,28,0.010000,0.147311
2026-01-09 22:00:00,2026-01,2026-01-08 17:00:00,29,0.010000,0.157881
2026-01-09 23:00:00,2026-01,2026-01-08 17:00:00,30,0.016667,0.162078
2026-01-10 00:00:00,2026-01,2026-01-08 17:00:00,31,0.043333,0.171765
2026-01-10 01:00:00,2026-01,2026-01-08 17:00:00,32,0.035000,0.184342
2026-01-10 02:00:00,2026-01,2026-01-08 17:00:00,33,0.031667,0.186886
2026-01-10 03:00:00,2026-01,2026-01-08 17:00:00,34,0.080000,0.182233
2026-01-10 04:00:00,2026-01,2026-01-08 17:00:00,35,0.035000,0.198086
2026-01-10 05:00:00,2026-01,2026-01-08 17:00:00,36,0.090000,0.295001
2026-01-10 06:00:00,2026-01,2026-01-08 17:00:00,37,0.050000,0.325937
2026-01-10 07:00:00,2026-01,2026-01-08 17:00:00,38,0.243333,0.340897
2026-01-10 08:00:00,2026-01,2026-01-08 17:00:00,39,0.188333,0.321303
2026-01-10 09:00:00,2026-01,2026-01-08 17:00:00,40,0.210000,0.336026
2026-01-10 10:00:00,2026-01,2026-01-08 17:00:00,41,0.166667,0.318207
2026-01-10 11:00:00,2026-01,2026-01-08 17:00:00,42,0.161667,0.202348
2026-01-10 12:00:00,2026-01,2026-01-08 17:00:00,43,0.446667,0.188714
2026-01-10 13:00:00,2026-01,2026-01-08 17:00:00,44,0.391667,0.185381
2026-01-10 14:00:00,2026-01,2026-01-08 17:00:00,45,0.498333,0.191105
2026-01-10 15:00:00,2026-01,2026-01-08 17:00:00,46,0.536667,0.177455
2026-01-10 16:00:00,2026-01,2026-01-08 17:00:00,47,0.306667,0.205024
2026-01-10 17:00:00,2026-01,2026-01-08 17:00:00,48,0.451667,0.246399
2026-01-09 18:00:00,2026-01,2026-01-09 17:00:00,1,0.010000,0.079384
2026-01-09 19:00:00,2026-01,2026-01-09 17:00:00,2,0.010000,0.068158
2026-01-09 20:00:00,2026-01,2026-01-09 17:00:00,3,0.010000,0.140878
2026-01-09 21:00:00,2026-01,2026-01-09 17:00:00,4,0.010000,0.160243
2026-01-09 22:00:00,2026-01,2026-01-09 17:00:00,5,0.010000,0.172496
2026-01-09 23:00:00,2026-01,2026-01-09 17:00:00,6,0.016667,0.177610
2026-01-10 00:00:00,2026-01,2026-01-09 17:00:00,7,0.043333,0.193558
2026-01-10 01:00:00,2026-01,2026-01-09 17:00:00,8,0.035000,0.178703
2026-01-10 02:00:00,2026-01,2026-01-09 17:00:00,9,0.031667,0.175737
2026-01-10 03:00:00,2026-01,2026-01-09 17:00:00,10,0.080000,0.178884
2026-01-10 04:00:00,2026-01,2026-01-09 17:00:00,11,0.035000,0.263185
2026-01-10 05:00:00,2026-01,2026-01-09 17:00:00,12,0.090000,0.340687
2026-01-10 06:00:00,2026-01,2026-01-09 17:00:00,13,0.050000,0.350937
2026-01-10 07:00:00,2026-01,2026-01-09 17:00:00,14,0.243333,0.424503
2026-01-10 08:00:00,2026-01,2026-01-09 17:00:00,15,0.188333,0.504815
2026-01-10 09:00:00,2026-01,2026-01-09 17:00:00,16,0.210000,0.525711
2026-01-10 10:00:00,2026-01,2026-01-09 17:00:00,17,0.166667,0.507708
2026-01-10 11:00:00,2026-01,2026-01-09 17:00:00,18,0.161667,0.378327
2026-01-10 12:00:00,2026-01,2026-01-09 17:00:00,19,0.446667,0.223006
2026-01-10 13:00:00,2026-01,2026-01-09 17:00:00,20,0.391667,0.231744
2026-01-10 14:00:00,2026-01,2026-01-09 17:00:00,21,0.498333,0.259487
2026-01-10 15:00:00,2026-01,2026-01-09 17:00:00,22,0.536667,0.348958
2026-01-10 16:00:00,2026-01,2026-01-09 17:00:00,23,0.306667,0.406475
2026-01-10 17:00:00,2026-01,2026-01-09 17:00:00,24,0.451667,0.458091
2026-01-10 18:00:00,2026-01,2026-01-09 17:00:00,25,0.871667,0.525800
2026-01-10 19:00:00,2026-01,2026-01-09 17:00:00,26,0.918333,0.545018
2026-01-10 20:00:00,2026-01,2026-01-09 17:00:00,27,0.693333,0.577065
2026-01-10 21:00:00,2026-01,2026-01-09 17:00:00,28,0.686667,0.626252
2026-01-10 22:00:00,2026-01,2026-01-09 17:00:00,29,0.823333,0.680652
2026-01-10 23:00:00,2026-01,2026-01-09 17:00:00,30,0.480000,0.711652
2026-01-11 00:00:00,2026-01,2026-01-09 17:00:00,31,0.553333,0.721891
2026-01-11 01:00:00,2026-01,2026-01-09 17:00:00,32,0.445000,0.710474
2026-01-11 02:00:00,2026-01,2026-01-09 17:00:00,33,0.216667,0.771109
2026-01-11 03:00:00,2026-01,2026-01-09 17:00:00,34,0.323333,0.795126
2026-01-11 04:00:00,2026-01,2026-01-09 17:00:00,35,0.263333,0.866944
2026-01-11 05:00:00,2026-01,2026-01-09 17:00:00,36,0.396667,0.871761
2026-01-11 06:00:00,2026-01,2026-01-09 17:00:00,37,0.676667,0.907593
2026-01-11 07:00:00,2026-01,2026-01-09 17:00:00,38,0.601667,0.892963
2026-01-11 08:00:00,2026-01,2026-01-09 17:00:00,39,0.275000,0.821569
2026-01-11 09:00:00,2026-01,2026-01-09 17:00:00,40,0.230000,0.763888
2026-01-11 10:00:00,2026-01,2026-01-09 17:00:00,41,0.228333,0.699346
2026-01-11 11:00:00,2026-01,2026-01-09 17:00:00,42,0.190000,0.710348
2026-01-11 12:00:00,2026-01,2026-01-09 17:00:00,43,0.458333,0.684567
2026-01-11 13:00:00,2026-01,2026-01-09 17:00:00,44,0.461667,0.576872
2026-01-11 14:00:00,2026-01,2026-01-09 17:00:00,45,0.286667,0.511336
2026-01-11 15:00:00,2026-01,2026-01-09 17:00:00,46,0.491667,0.526673
2026-01-11 16:00:00,2026-01,2026-01-09 17:00:00,47,0.518333,0.523676
2026-01-11 17:00:00,2026-01,2026-01-09 17:00:00,48,0.330000,0.458351
2026-01-10 18:00:00,2026-01,2026-01-10 17:00:00,1,0.871667,0.519001
2026-01-10 19:00:00,2026-01,2026-01-10 17:00:00,2,0.918333,0.586961
2026-01-10 20:00:00,2026-01,2026-01-10 17:00:00,3,0.693333,0.607362
2026-01-10 21:00:00,2026-01,2026-01-10 17:00:00,4,0.686667,0.650995
2026-01-10 22:00:00,2026-01,2026-01-10 17:00:00,5,0.823333,0.678076
2026-01-10 23:00:00,2026-01,2026-01-10 17:00:00,6,0.480000,0.715455
2026-01-11 00:00:00,2026-01,2026-01-10 17:00:00,7,0.553333,0.782993
2026-01-11 01:00:00,2026-01,2026-01-10 17:00:00,8,0.445000,0.728525
2026-01-11 02:00:00,2026-01,2026-01-10 17:00:00,9,0.216667,0.717562
2026-01-11 03:00:00,2026-01,2026-01-10 17:00:00,10,0.323333,0.721237
2026-01-11 04:00:00,2026-01,2026-01-10 17:00:00,11,0.263333,0.749159
2026-01-11 05:00:00,2026-01,2026-01-10 17:00:00,12,0.396667,0.835525
2026-01-11 06:00:00,2026-01,2026-01-10 17:00:00,13,0.676667,0.848551
2026-01-11 07:00:00,2026-01,2026-01-10 17:00:00,14,0.601667,0.858136
2026-01-11 08:00:00,2026-01,2026-01-10 17:00:00,15,0.275000,0.869855
2026-01-11 09:00:00,2026-01,2026-01-10 17:00:00,16,0.230000,0.856320
2026-01-11 10:00:00,2026-01,2026-01-10 17:00:00,17,0.228333,0.803006
2026-01-11 11:00:00,2026-01,2026-01-10 17:00:00,18,0.190000,0.662555
2026-01-11 12:00:00,2026-01,2026-01-10 17:00:00,19,0.458333,0.434915
2026-01-11 13:00:00,2026-01,2026-01-10 17:00:00,20,0.461667,0.313802
2026-01-11 14:00:00,2026-01,2026-01-10 17:00:00,21,0.286667,0.272752
2026-01-11 15:00:00,2026-01,2026-01-10 17:00:00,22,0.491667,0.265727
2026-01-11 16:00:00,2026-01,2026-01-10 17:00:00,23,0.518333,0.302114
2026-01-11 17:00:00,2026-01,2026-01-10 17:00:00,24,0.330000,0.367903
2026-01-11 18:00:00,2026-01,2026-01-10 17:00:00,25,0.490000,0.402271
2026-01-11 19:00:00,2026-01,2026-01-10 17:00:00,26,0.393333,0.275515
2026-01-11 20:00:00,2026-01,2026-01-10 17:00:00,27,0.046667,0.262647
2026-01-11 21:00:00,2026-01,2026-01-10 17:00:00,28,0.010000,0.226368
2026-01-11 22:00:00,2026-01,2026-01-10 17:00:00,29,0.011667,0.174894
2026-01-11 23:00:00,2026-01,2026-01-10 17:00:00,30,0.010000,0.094837
2026-01-12 00:00:00,2026-01,2026-01-10 17:00:00,31,0.010000,0.026693
2026-01-12 01:00:00,2026-01,2026-01-10 17:00:00,32,0.010000,0.009689
2026-01-12 02:00:00,2026-01,2026-01-10 17:00:00,33,0.010000,0.011330
2026-01-12 03:00:00,2026-01,2026-01-10 17:00:00,34,0.010000,0.010783
2026-01-12 04:00:00,2026-01,2026-01-10 17:00:00,35,0.010000,0.008980
2026-01-12 05:00:00,2026-01,2026-01-10 17:00:00,36,0.010000,0.021127
2026-01-12 06:00:00,2026-01,2026-01-10 17:00:00,37,0.008333,0.073062
2026-01-12 07:00:00,2026-01,2026-01-10 17:00:00,38,0.103333,0.152809
2026-01-12 08:00:00,2026-01,2026-01-10 17:00:00,39,0.190000,0.256192
2026-01-12 09:00:00,2026-01,2026-01-10 17:00:00,40,0.066667,0.362284
2026-01-12 10:00:00,2026-01,2026-01-10 17:00:00,41,0.136667,0.470538
2026-01-12 11:00:00,2026-01,2026-01-10 17:00:00,42,0.581667,0.731791
2026-01-12 12:00:00,2026-01,2026-01-10 17:00:00,43,0.623333,0.662308
2026-01-12 13:00:00,2026-01,2026-01-10 17:00:00,44,0.590000,0.508659
2026-01-12 14:00:00,2026-01,2026-01-10 17:00:00,45,0.568333,0.358392
2026-01-12 15:00:00,2026-01,2026-01-10 17:00:00,46,0.285000,0.221706
2026-01-12 16:00:00,2026-01,2026-01-10 17:00:00,47,0.266667,0.118416
2026-01-12 17:00:00,2026-01,2026-01-10 17:00:00,48,0.115000,0.086295
2026-01-11 18:00:00,2026-01,2026-01-11 17:00:00,1,0.490000,0.247458
2026-01-11 19:00:00,2026-01,2026-01-11 17:00:00,2,0.393333,0.212739
2026-01-11 20:00:00,2026-01,2026-01-11 17:00:00,3,0.046667,0.157252
2026-01-11 21:00:00,2026-01,2026-01-11 17:00:00,4,0.010000,0.096223
2026-01-11 22:00:00,2026-01,2026-01-11 17:00:00,5,0.011667,0.043203
2026-01-11 23:00:00,2026-01,2026-01-11 17:00:00,6,0.010000,0.024543
2026-01-12 00:00:00,2026-01,2026-01-11 17:00:00,7,0.010000,0.009815
2026-01-12 01:00:00,2026-01,2026-01-11 17:00:00,8,0.010000,0.011718
2026-01-12 02:00:00,2026-01,2026-01-11 17:00:00,9,0.010000,0.012210
2026-01-12 03:00:00,2026-01,2026-01-11 17:00:00,10,0.010000,0.010752
2026-01-12 04:00:00,2026-01,2026-01-11 17:00:00,11,0.010000,0.006492
2026-01-12 05:00:00,2026-01,2026-01-11 17:00:00,12,0.010000,0.030904
2026-01-12 06:00:00,2026-01,2026-01-11 17:00:00,13,0.008333,0.085085
2026-01-12 07:00:00,2026-01,2026-01-11 17:00:00,14,0.103333,0.155360
2026-01-12 08:00:00,2026-01,2026-01-11 17:00:00,15,0.190000,0.274057
2026-01-12 09:00:00,2026-01,2026-01-11 17:00:00,16,0.066667,0.399061
2026-01-12 10:00:00,2026-01,2026-01-11 17:00:00,17,0.136667,0.376794
2026-01-12 11:00:00,2026-01,2026-01-11 17:00:00,18,0.581667,0.346349
2026-01-12 12:00:00,2026-01,2026-01-11 17:00:00,19,0.623333,0.334335
2026-01-12 13:00:00,2026-01,2026-01-11 17:00:00,20,0.590000,0.268093
2026-01-12 14:00:00,2026-01,2026-01-11 17:00:00,21,0.568333,0.249884
2026-01-12 15:00:00,2026-01,2026-01-11 17:00:00,22,0.285000,0.176282
2026-01-12 16:00:00,2026-01,2026-01-11 17:00:00,23,0.266667,0.120183
2026-01-12 17:00:00,2026-01,2026-01-11 17:00:00,24,0.115000,0.095135
2026-01-12 18:00:00,2026-01,2026-01-11 17:00:00,25,0.221667,0.065787
2026-01-12 19:00:00,2026-01,2026-01-11 17:00:00,26,0.138333,0.088541
2026-01-12 20:00:00,2026-01,2026-01-11 17:00:00,27,0.145000,0.069640
2026-01-12 21:00:00,2026-01,2026-01-11 17:00:00,28,0.223333,0.057437
2026-01-12 22:00:00,2026-01,2026-01-11 17:00:00,29,0.171667,0.044529
2026-01-12 23:00:00,2026-01,2026-01-11 17:00:00,30,0.048333,0.055327
2026-01-13 00:00:00,2026-01,2026-01-11 17:00:00,31,0.008333,0.049527
2026-01-13 01:00:00,2026-01,2026-01-11 17:00:00,32,0.021667,0.032824
2026-01-13 02:00:00,2026-01,2026-01-11 17:00:00,33,0.110000,0.018363
2026-01-13 03:00:00,2026-01,2026-01-11 17:00:00,34,0.111667,0.024398
2026-01-13 04:00:00,2026-01,2026-01-11 17:00:00,35,0.168333,0.057324
2026-01-13 05:00:00,2026-01,2026-01-11 17:00:00,36,0.233333,0.147553
2026-01-13 06:00:00,2026-01,2026-01-11 17:00:00,37,0.503333,0.214196
2026-01-13 07:00:00,2026-01,2026-01-11 17:00:00,38,0.706667,0.189883
2026-01-13 08:00:00,2026-01,2026-01-11 17:00:00,39,0.816667,0.578682
2026-01-13 09:00:00,2026-01,2026-01-11 17:00:00,40,0.983333,0.769077
2026-01-13 10:00:00,2026-01,2026-01-11 17:00:00,41,0.988333,0.859941
2026-01-13 11:00:00,2026-01,2026-01-11 17:00:00,42,0.990000,0.759969
2026-01-13 12:00:00,2026-01,2026-01-11 17:00:00,43,0.990000,0.657044
2026-01-13 13:00:00,2026-01,2026-01-11 17:00:00,44,0.991667,0.659913
2026-01-13 14:00:00,2026-01,2026-01-11 17:00:00,45,0.995000,0.624578
2026-01-13 15:00:00,2026-01,2026-01-11 17:00:00,46,0.970000,0.661993
2026-01-13 16:00:00,2026-01,2026-01-11 17:00:00,47,0.973333,0.661830
2026-01-13 17:00:00,2026-01,2026-01-11 17:00:00,48,0.845000,0.780978
2026-01-12 18:00:00,2026-01,2026-01-12 17:00:00,1,0.221667,0.043201
2026-01-12 19:00:00,2026-01,2026-01-12 17:00:00,2,0.138333,0.031137
2026-01-12 20:00:00,2026-01,2026-01-12 17:00:00,3,0.145000,0.027091
2026-01-12 21:00:00,2026-01,2026-01-12 17:00:00,4,0.223333,0.019976
2026-01-12 22:00:00,2026-01,2026-01-12 17:00:00,5,0.171667,0.015945
2026-01-12 23:00:00,2026-01,2026-01-12 17:00:00,6,0.048333,0.012051
2026-01-13 00:00:00,2026-01,2026-01-12 17:00:00,7,0.008333,0.011345
2026-01-13 01:00:00,2026-01,2026-01-12 17:00:00,8,0.021667,0.010950
2026-01-13 02:00:00,2026-01,2026-01-12 17:00:00,9,0.110000,0.025782
2026-01-13 03:00:00,2026-01,2026-01-12 17:00:00,10,0.111667,0.049077
2026-01-13 04:00:00,2026-01,2026-01-12 17:00:00,11,0.168333,0.122125
2026-01-13 05:00:00,2026-01,2026-01-12 17:00:00,12,0.233333,0.244425
2026-01-13 06:00:00,2026-01,2026-01-12 17:00:00,13,0.503333,0.460396
2026-01-13 07:00:00,2026-01,2026-01-12 17:00:00,14,0.706667,0.666304
2026-01-13 08:00:00,2026-01,2026-01-12 17:00:00,15,0.816667,0.784671
2026-01-13 09:00:00,2026-01,2026-01-12 17:00:00,16,0.983333,0.880535
2026-01-13 10:00:00,2026-01,2026-01-12 17:00:00,17,0.988333,0.941111
2026-01-13 11:00:00,2026-01,2026-01-12 17:00:00,18,0.990000,0.923851
2026-01-13 12:00:00,2026-01,2026-01-12 17:00:00,19,0.990000,0.853343
2026-01-13 13:00:00,2026-01,2026-01-12 17:00:00,20,0.991667,0.739102
2026-01-13 14:00:00,2026-01,2026-01-12 17:00:00,21,0.995000,0.685215
2026-01-13 15:00:00,2026-01,2026-01-12 17:00:00,22,0.970000,0.714395
2026-01-13 16:00:00,2026-01,2026-01-12 17:00:00,23,0.973333,0.724535
2026-01-13 17:00:00,2026-01,2026-01-12 17:00:00,24,0.845000,0.700915
2026-01-13 18:00:00,2026-01,2026-01-12 17:00:00,25,0.700000,0.683305
2026-01-13 19:00:00,2026-01,2026-01-12 17:00:00,26,0.790000,0.658850
2026-01-13 20:00:00,2026-01,2026-01-12 17:00:00,27,0.913333,0.578494
2026-01-13 21:00:00,2026-01,2026-01-12 17:00:00,28,0.758333,0.468425
2026-01-13 22:00:00,2026-01,2026-01-12 17:00:00,29,0.500000,0.359263
2026-01-13 23:00:00,2026-01,2026-01-12 17:00:00,30,0.300000,0.193524
2026-01-14 00:00:00,2026-01,2026-01-12 17:00:00,31,0.063333,0.118713
2026-01-14 01:00:00,2026-01,2026-01-12 17:00:00,32,0.031667,0.073008
2026-01-14 02:00:00,2026-01,2026-01-12 17:00:00,33,0.348333,0.033035
2026-01-14 03:00:00,2026-01,2026-01-12 17:00:00,34,0.263333,0.021692
2026-01-14 04:00:00,2026-01,2026-01-12 17:00:00,35,0.056667,0.043273
2026-01-14 05:00:00,2026-01,2026-01-12 17:00:00,36,0.028333,0.035048
2026-01-14 06:00:00,2026-01,2026-01-12 17:00:00,37,0.070000,0.039686
2026-01-14 07:00:00,2026-01,2026-01-12 17:00:00,38,0.125000,0.055493
2026-01-14 08:00:00,2026-01,2026-01-12 17:00:00,39,0.136667,0.086742
2026-01-14 09:00:00,2026-01,2026-01-12 17:00:00,40,0.148333,0.125736
2026-01-14 10:00:00,2026-01,2026-01-12 17:00:00,41,0.120000,0.192512
2026-01-14 11:00:00,2026-01,2026-01-12 17:00:00,42,0.168333,0.204324
2026-01-14 12:00:00,2026-01,2026-01-12 17:00:00,43,0.133333,0.236538
2026-01-14 13:00:00,2026-01,2026-01-12 17:00:00,44,0.136667,0.219979
2026-01-14 14:00:00,2026-01,2026-01-12 17:00:00,45,0.205000,0.237189
2026-01-14 15:00:00,2026-01,2026-01-12 17:00:00,46,0.366667,0.249169
2026-01-14 16:00:00,2026-01,2026-01-12 17:00:00,47,0.276667,0.263012
2026-01-14 17:00:00,2026-01,2026-01-12 17:00:00,48,0.133333,0.278353
2026-01-13 18:00:00,2026-01,2026-01-13 17:00:00,1,0.700000,0.601198
2026-01-13 19:00:00,2026-01,2026-01-13 17:00:00,2,0.790000,0.563404
2026-01-13 20:00:00,2026-01,2026-01-13 17:00:00,3,0.913333,0.474500
2026-01-13 21:00:00,2026-01,2026-01-13 17:00:00,4,0.758333,0.398595
2026-01-13 22:00:00,2026-01,2026-01-13 17:00:00,5,0.500000,0.226193
2026-01-13 23:00:00,2026-01,2026-01-13 17:00:00,6,0.300000,0.184870
2026-01-14 00:00:00,2026-01,2026-01-13 17:00:00,7,0.063333,0.168557
2026-01-14 01:00:00,2026-01,2026-01-13 17:00:00,8,0.031667,0.166774
2026-01-14 02:00:00,2026-01,2026-01-13 17:00:00,9,0.348333,0.098167
2026-01-14 03:00:00,2026-01,2026-01-13 17:00:00,10,0.263333,0.027913
2026-01-14 04:00:00,2026-01,2026-01-13 17:00:00,11,0.056667,0.019887
2026-01-14 05:00:00,2026-01,2026-01-13 17:00:00,12,0.028333,0.011343
2026-01-14 06:00:00,2026-01,2026-01-13 17:00:00,13,0.070000,0.011542
2026-01-14 07:00:00,2026-01,2026-01-13 17:00:00,14,0.125000,0.015140
2026-01-14 08:00:00,2026-01,2026-01-13 17:00:00,15,0.136667,0.039960
2026-01-14 09:00:00,2026-01,2026-01-13 17:00:00,16,0.148333,0.095766
2026-01-14 10:00:00,2026-01,2026-01-13 17:00:00,17,0.120000,0.165545
2026-01-14 11:00:00,2026-01,2026-01-13 17:00:00,18,0.168333,0.208829
2026-01-14 12:00:00,2026-01,2026-01-13 17:00:00,19,0.133333,0.216706
2026-01-14 13:00:00,2026-01,2026-01-13 17:00:00,20,0.136667,0.310153
2026-01-14 14:00:00,2026-01,2026-01-13 17:00:00,21,0.205000,0.367155
2026-01-14 15:00:00,2026-01,2026-01-13 17:00:00,22,0.366667,0.376713
2026-01-14 16:00:00,2026-01,2026-01-13 17:00:00,23,0.276667,0.371947
2026-01-14 17:00:00,2026-01,2026-01-13 17:00:00,24,0.133333,0.324071
2026-01-14 18:00:00,2026-01,2026-01-13 17:00:00,25,0.060000,0.246379
2026-01-14 19:00:00,2026-01,2026-01-13 17:00:00,26,0.020000,0.208278
2026-01-14 20:00:00,2026-01,2026-01-13 17:00:00,27,0.011667,0.166197
2026-01-14 21:00:00,2026-01,2026-01-13 17:00:00,28,0.011667,0.102245
2026-01-14 22:00:00,2026-01,2026-01-13 17:00:00,29,0.010000,0.046726
2026-01-14 23:00:00,2026-01,2026-01-13 17:00:00,30,0.010000,0.019715
2026-01-15 00:00:00,2026-01,2026-01-13 17:00:00,31,0.010000,0.019457
2026-01-15 01:00:00,2026-01,2026-01-13 17:00:00,32,0.010000,0.015717
2026-01-15 02:00:00,2026-01,2026-01-13 17:00:00,33,0.010000,0.008960
2026-01-15 03:00:00,2026-01,2026-01-13 17:00:00,34,0.010000,0.011056
2026-01-15 04:00:00,2026-01,2026-01-13 17:00:00,35,0.010000,0.010860
2026-01-15 05:00:00,2026-01,2026-01-13 17:00:00,36,0.010000,0.010833
2026-01-15 06:00:00,2026-01,2026-01-13 17:00:00,37,0.010000,0.011308
2026-01-15 07:00:00,2026-01,2026-01-13 17:00:00,38,0.010000,0.014856
2026-01-15 08:00:00,2026-01,2026-01-13 17:00:00,39,0.005000,0.016585
2026-01-15 09:00:00,2026-01,2026-01-13 17:00:00,40,0.025000,0.017791
2026-01-15 10:00:00,2026-01,2026-01-13 17:00:00,41,0.048333,0.015700
2026-01-15 11:00:00,2026-01,2026-01-13 17:00:00,42,0.086667,0.016857
2026-01-15 12:00:00,2026-01,2026-01-13 17:00:00,43,0.103333,0.027894
2026-01-15 13:00:00,2026-01,2026-01-13 17:00:00,44,0.056667,0.023630
2026-01-15 14:00:00,2026-01,2026-01-13 17:00:00,45,0.111667,0.026829
2026-01-15 15:00:00,2026-01,2026-01-13 17:00:00,46,0.288333,0.040010
2026-01-15 16:00:00,2026-01,2026-01-13 17:00:00,47,0.056667,0.031047
2026-01-15 17:00:00,2026-01,2026-01-13 17:00:00,48,0.006667,0.033128
2026-01-14 18:00:00,2026-01,2026-01-14 17:00:00,1,0.060000,0.250343
2026-01-14 19:00:00,2026-01,2026-01-14 17:00:00,2,0.020000,0.189973
2026-01-14 20:00:00,2026-01,2026-01-14 17:00:00,3,0.011667,0.147092
2026-01-14 21:00:00,2026-01,2026-01-14 17:00:00,4,0.011667,0.127622
2026-01-14 22:00:00,2026-01,2026-01-14 17:00:00,5,0.010000,0.079747
2026-01-14 23:00:00,2026-01,2026-01-14 17:00:00,6,0.010000,0.018942
2026-01-15 00:00:00,2026-01,2026-01-14 17:00:00,7,0.010000,0.019878
2026-01-15 01:00:00,2026-01,2026-01-14 17:00:00,8,0.010000,0.013022
2026-01-15 02:00:00,2026-01,2026-01-14 17:00:00,9,0.010000,0.010890
2026-01-15 03:00:00,2026-01,2026-01-14 17:00:00,10,0.010000,0.011297
2026-01-15 04:00:00,2026-01,2026-01-14 17:00:00,11,0.010000,0.011564
2026-01-15 05:00:00,2026-01,2026-01-14 17:00:00,12,0.010000,0.010497
2026-01-15 06:00:00,2026-01,2026-01-14 17:00:00,13,0.010000,0.008763
2026-01-15 07:00:00,2026-01,2026-01-14 17:00:00,14,0.010000,0.029075
2026-01-15 08:00:00,2026-01,2026-01-14 17:00:00,15,0.005000,0.071594
2026-01-15 09:00:00,2026-01,2026-01-14 17:00:00,16,0.025000,0.135901
2026-01-15 10:00:00,2026-01,2026-01-14 17:00:00,17,0.048333,0.136481
2026-01-15 11:00:00,2026-01,2026-01-14 17:00:00,18,0.086667,0.095821
2026-01-15 12:00:00,2026-01,2026-01-14 17:00:00,19,0.103333,0.043018
2026-01-15 13:00:00,2026-01,2026-01-14 17:00:00,20,0.056667,0.040077
2026-01-15 14:00:00,2026-01,2026-01-14 17:00:00,21,0.111667,0.041751
2026-01-15 15:00:00,2026-01,2026-01-14 17:00:00,22,0.288333,0.023824
2026-01-15 16:00:00,2026-01,2026-01-14 17:00:00,23,0.056667,0.012242
2026-01-15 17:00:00,2026-01,2026-01-14 17:00:00,24,0.006667,0.013864
2026-01-15 18:00:00,2026-01,2026-01-14 17:00:00,25,0.098333,0.015811
2026-01-15 19:00:00,2026-01,2026-01-14 17:00:00,26,0.140000,0.020146
2026-01-15 20:00:00,2026-01,2026-01-14 17:00:00,27,0.083333,0.021006
2026-01-15 21:00:00,2026-01,2026-01-14 17:00:00,28,0.048333,0.032655
2026-01-15 22:00:00,2026-01,2026-01-14 17:00:00,29,0.036667,0.060495
2026-01-15 23:00:00,2026-01,2026-01-14 17:00:00,30,0.013333,0.118476
2026-01-16 00:00:00,2026-01,2026-01-14 17:00:00,31,0.041667,0.143378
2026-01-16 01:00:00,2026-01,2026-01-14 17:00:00,32,0.026667,0.201280
2026-01-16 02:00:00,2026-01,2026-01-14 17:00:00,33,0.018333,0.217936
2026-01-16 03:00:00,2026-01,2026-01-14 17:00:00,34,0.026667,0.231115
2026-01-16 04:00:00,2026-01,2026-01-14 17:00:00,35,0.026667,0.245709
2026-01-16 05:00:00,2026-01,2026-01-14 17:00:00,36,0.025000,0.248240
2026-01-16 06:00:00,2026-01,2026-01-14 17:00:00,37,0.036667,0.263565
2026-01-16 07:00:00,2026-01,2026-01-14 17:00:00,38,0.105000,0.274907
2026-01-16 08:00:00,2026-01,2026-01-14 17:00:00,39,0.215000,0.407324
2026-01-16 09:00:00,2026-01,2026-01-14 17:00:00,40,0.428333,0.478777
2026-01-16 10:00:00,2026-01,2026-01-14 17:00:00,41,0.455000,0.578794
2026-01-16 11:00:00,2026-01,2026-01-14 17:00:00,42,0.450000,0.611380
2026-01-16 12:00:00,2026-01,2026-01-14 17:00:00,43,0.671667,0.628710
2026-01-16 13:00:00,2026-01,2026-01-14 17:00:00,44,0.791667,0.639521
2026-01-16 14:00:00,2026-01,2026-01-14 17:00:00,45,0.910000,0.617361
2026-01-16 15:00:00,2026-01,2026-01-14 17:00:00,46,0.888333,0.590347
2026-01-16 16:00:00,2026-01,2026-01-14 17:00:00,47,0.923333,0.609857
2026-01-16 17:00:00,2026-01,2026-01-14 17:00:00,48,0.783333,0.650233
2026-01-15 18:00:00,2026-01,2026-01-15 17:00:00,1,0.098333,0.045691
2026-01-15 19:00:00,2026-01,2026-01-15 17:00:00,2,0.140000,0.079369
2026-01-15 20:00:00,2026-01,2026-01-15 17:00:00,3,0.083333,0.041538
2026-01-15 21:00:00,2026-01,2026-01-15 17:00:00,4,0.048333,0.028278
2026-01-15 22:00:00,2026-01,2026-01-15 17:00:00,5,0.036667,0.034151
2026-01-15 23:00:00,2026-01,2026-01-15 17:00:00,6,0.013333,0.034855
2026-01-16 00:00:00,2026-01,2026-01-15 17:00:00,7,0.041667,0.037008
2026-01-16 01:00:00,2026-01,2026-01-15 17:00:00,8,0.026667,0.039324
2026-01-16 02:00:00,2026-01,2026-01-15 17:00:00,9,0.018333,0.042448
2026-01-16 03:00:00,2026-01,2026-01-15 17:00:00,10,0.026667,0.063882
2026-01-16 04:00:00,2026-01,2026-01-15 17:00:00,11,0.026667,0.098996
2026-01-16 05:00:00,2026-01,2026-01-15 17:00:00,12,0.025000,0.124296
2026-01-16 06:00:00,2026-01,2026-01-15 17:00:00,13,0.036667,0.148110
2026-01-16 07:00:00,2026-01,2026-01-15 17:00:00,14,0.105000,0.217321
2026-01-16 08:00:00,2026-01,2026-01-15 17:00:00,15,0.215000,0.292012
2026-01-16 09:00:00,2026-01,2026-01-15 17:00:00,16,0.428333,0.392379
2026-01-16 10:00:00,2026-01,2026-01-15 17:00:00,17,0.455000,0.522962
2026-01-16 11:00:00,2026-01,2026-01-15 17:00:00,18,0.450000,0.650296
2026-01-16 12:00:00,2026-01,2026-01-15 17:00:00,19,0.671667,0.673434
2026-01-16 13:00:00,2026-01,2026-01-15 17:00:00,20,0.791667,0.780968
2026-01-16 14:00:00,2026-01,2026-01-15 17:00:00,21,0.910000,0.812959
2026-01-16 15:00:00,2026-01,2026-01-15 17:00:00,22,0.888333,0.840363
2026-01-16 16:00:00,2026-01,2026-01-15 17:00:00,23,0.923333,0.887661
2026-01-16 17:00:00,2026-01,2026-01-15 17:00:00,24,0.783333,0.906486
2026-01-16 18:00:00,2026-01,2026-01-15 17:00:00,25,0.920000,0.924578
2026-01-16 19:00:00,2026-01,2026-01-15 17:00:00,26,0.968333,0.943915
2026-01-16 20:00:00,2026-01,2026-01-15 17:00:00,27,0.896667,0.960680
2026-01-16 21:00:00,2026-01,2026-01-15 17:00:00,28,0.795000,0.972052
2026-01-16 22:00:00,2026-01,2026-01-15 17:00:00,29,0.740000,0.972398
2026-01-16 23:00:00,2026-01,2026-01-15 17:00:00,30,0.935000,0.972893
2026-01-17 00:00:00,2026-01,2026-01-15 17:00:00,31,0.798333,0.972527
2026-01-17 01:00:00,2026-01,2026-01-15 17:00:00,32,0.535000,0.972419
2026-01-17 02:00:00,2026-01,2026-01-15 17:00:00,33,0.388333,0.972086
2026-01-17 03:00:00,2026-01,2026-01-15 17:00:00,34,0.363333,0.971483
2026-01-17 04:00:00,2026-01,2026-01-15 17:00:00,35,0.225000,0.856763
2026-01-17 05:00:00,2026-01,2026-01-15 17:00:00,36,0.118333,0.676727
2026-01-17 06:00:00,2026-01,2026-01-15 17:00:00,37,0.018333,0.510217
2026-01-17 07:00:00,2026-01,2026-01-15 17:00:00,38,0.053333,0.301500
2026-01-17 08:00:00,2026-01,2026-01-15 17:00:00,39,0.086667,0.187485
2026-01-17 09:00:00,2026-01,2026-01-15 17:00:00,40,0.053333,0.156308
2026-01-17 10:00:00,2026-01,2026-01-15 17:00:00,41,0.040000,0.116181
2026-01-17 11:00:00,2026-01,2026-01-15 17:00:00,42,0.010000,0.073764
2026-01-17 12:00:00,2026-01,2026-01-15 17:00:00,43,0.013333,0.047538
2026-01-17 13:00:00,2026-01,2026-01-15 17:00:00,44,0.030000,0.029356
2026-01-17 14:00:00,2026-01,2026-01-15 17:00:00,45,0.011667,0.017869
2026-01-17 15:00:00,2026-01,2026-01-15 17:00:00,46,0.010000,0.011781
2026-01-17 16:00:00,2026-01,2026-01-15 17:00:00,47,0.010000,0.010746
2026-01-17 17:00:00,2026-01,2026-01-15 17:00:00,48,0.010000,0.010775
2026-01-16 18:00:00,2026-01,2026-01-16 17:00:00,1,0.920000,0.972319
2026-01-16 19:00:00,2026-01,2026-01-16 17:00:00,2,0.968333,0.972193
2026-01-16 20:00:00,2026-01,2026-01-16 17:00:00,3,0.896667,0.972295
2026-01-16 21:00:00,2026-01,2026-01-16 17:00:00,4,0.795000,0.972679
2026-01-16 22:00:00,2026-01,2026-01-16 17:00:00,5,0.740000,0.973020
2026-01-16 23:00:00,2026-01,2026-01-16 17:00:00,6,0.935000,0.972750
2026-01-17 00:00:00,2026-01,2026-01-16 17:00:00,7,0.798333,0.972554
2026-01-17 01:00:00,2026-01,2026-01-16 17:00:00,8,0.535000,0.972035
2026-01-17 02:00:00,2026-01,2026-01-16 17:00:00,9,0.388333,0.970420
2026-01-17 03:00:00,2026-01,2026-01-16 17:00:00,10,0.363333,0.924985
2026-01-17 04:00:00,2026-01,2026-01-16 17:00:00,11,0.225000,0.797623
2026-01-17 05:00:00,2026-01,2026-01-16 17:00:00,12,0.118333,0.606420
2026-01-17 06:00:00,2026-01,2026-01-16 17:00:00,13,0.018333,0.425787
2026-01-17 07:00:00,2026-01,2026-01-16 17:00:00,14,0.053333,0.332157
2026-01-17 08:00:00,2026-01,2026-01-16 17:00:00,15,0.086667,0.271735
2026-01-17 09:00:00,2026-01,2026-01-16 17:00:00,16,0.053333,0.209860
2026-01-17 10:00:00,2026-01,2026-01-16 17:00:00,17,0.040000,0.160902
2026-01-17 11:00:00,2026-01,2026-01-16 17:00:00,18,0.010000,0.084190
2026-01-17 12:00:00,2026-01,2026-01-16 17:00:00,19,0.013333,0.047158
2026-01-17 13:00:00,2026-01,2026-01-16 17:00:00,20,0.030000,0.043077
2026-01-17 14:00:00,2026-01,2026-01-16 17:00:00,21,0.011667,0.036921
2026-01-17 15:00:00,2026-01,2026-01-16 17:00:00,22,0.010000,0.022607
2026-01-17 16:00:00,2026-01,2026-01-16 17:00:00,23,0.010000,0.019505
2026-01-17 17:00:00,2026-01,2026-01-16 17:00:00,24,0.010000,0.014128
2026-01-17 18:00:00,2026-01,2026-01-16 17:00:00,25,0.010000,0.010712
2026-01-17 19:00:00,2026-01,2026-01-16 17:00:00,26,0.010000,0.010777
2026-01-17 20:00:00,2026-01,2026-01-16 17:00:00,27,0.010000,0.010773
2026-01-17 21:00:00,2026-01,2026-01-16 17:00:00,28,0.010000,0.010770
2026-01-17 22:00:00,2026-01,2026-01-16 17:00:00,29,0.010000,0.010771
2026-01-17 23:00:00,2026-01,2026-01-16 17:00:00,30,0.010000,0.010771
2026-01-18 00:00:00,2026-01,2026-01-16 17:00:00,31,0.010000,0.010718
2026-01-18 01:00:00,2026-01,2026-01-16 17:00:00,32,0.016667,0.011990
2026-01-18 02:00:00,2026-01,2026-01-16 17:00:00,33,0.011667,0.009653
2026-01-18 03:00:00,2026-01,2026-01-16 17:00:00,34,0.085000,0.013160
2026-01-18 04:00:00,2026-01,2026-01-16 17:00:00,35,0.046667,0.008677
2026-01-18 05:00:00,2026-01,2026-01-16 17:00:00,36,0.143333,0.088319
2026-01-18 06:00:00,2026-01,2026-01-16 17:00:00,37,0.238333,0.145446
2026-01-18 07:00:00,2026-01,2026-01-16 17:00:00,38,0.390000,0.184391
2026-01-18 08:00:00,2026-01,2026-01-16 17:00:00,39,0.438333,0.200271
2026-01-18 09:00:00,2026-01,2026-01-16 17:00:00,40,0.256667,0.207066
2026-01-18 10:00:00,2026-01,2026-01-16 17:00:00,41,0.195000,0.203979
2026-01-18 11:00:00,2026-01,2026-01-16 17:00:00,42,0.128333,0.184160
2026-01-18 12:00:00,2026-01,2026-01-16 17:00:00,43,0.186667,0.124774
2026-01-18 13:00:00,2026-01,2026-01-16 17:00:00,44,0.181667,0.133824
2026-01-18 14:00:00,2026-01,2026-01-16 17:00:00,45,0.241667,0.162787
2026-01-18 15:00:00,2026-01,2026-01-16 17:00:00,46,0.253333,0.188239
2026-01-18 16:00:00,2026-01,2026-01-16 17:00:00,47,0.291667,0.187862
2026-01-18 17:00:00,2026-01,2026-01-16 17:00:00,48,0.233333,0.214627
2026-01-17 18:00:00,2026-01,2026-01-17 17:00:00,1,0.010000,0.010748
2026-01-17 19:00:00,2026-01,2026-01-17 17:00:00,2,0.010000,0.010776
2026-01-17 20:00:00,2026-01,2026-01-17 17:00:00,3,0.010000,0.010770
2026-01-17 21:00:00,2026-01,2026-01-17 17:00:00,4,0.010000,0.010771
2026-01-17 22:00:00,2026-01,2026-01-17 17:00:00,5,0.010000,0.010772
2026-01-17 23:00:00,2026-01,2026-01-17 17:00:00,6,0.010000,0.010772
2026-01-18 00:00:00,2026-01,2026-01-17 17:00:00,7,0.010000,0.010773
2026-01-18 01:00:00,2026-01,2026-01-17 17:00:00,8,0.016667,0.010757
2026-01-18 02:00:00,2026-01,2026-01-17 17:00:00,9,0.011667,0.009066
2026-01-18 03:00:00,2026-01,2026-01-17 17:00:00,10,0.085000,0.024880
2026-01-18 04:00:00,2026-01,2026-01-17 17:00:00,11,0.046667,0.030018
2026-01-18 05:00:00,2026-01,2026-01-17 17:00:00,12,0.143333,0.064759
2026-01-18 06:00:00,2026-01,2026-01-17 17:00:00,13,0.238333,0.109540
2026-01-18 07:00:00,2026-01,2026-01-17 17:00:00,14,0.390000,0.154951
2026-01-18 08:00:00,2026-01,2026-01-17 17:00:00,15,0.438333,0.162245
2026-01-18 09:00:00,2026-01,2026-01-17 17:00:00,16,0.256667,0.150076
2026-01-18 10:00:00,2026-01,2026-01-17 17:00:00,17,0.195000,0.146484
2026-01-18 11:00:00,2026-01,2026-01-17 17:00:00,18,0.128333,0.189082
2026-01-18 12:00:00,2026-01,2026-01-17 17:00:00,19,0.186667,0.262773
2026-01-18 13:00:00,2026-01,2026-01-17 17:00:00,20,0.181667,0.243767
2026-01-18 14:00:00,2026-01,2026-01-17 17:00:00,21,0.241667,0.225679
2026-01-18 15:00:00,2026-01,2026-01-17 17:00:00,22,0.253333,0.188692
2026-01-18 16:00:00,2026-01,2026-01-17 17:00:00,23,0.291667,0.189352
2026-01-18 17:00:00,2026-01,2026-01-17 17:00:00,24,0.233333,0.181169
2026-01-18 18:00:00,2026-01,2026-01-17 17:00:00,25,0.350000,0.173166
2026-01-18 19:00:00,2026-01,2026-01-17 17:00:00,26,0.505000,0.282303
2026-01-18 20:00:00,2026-01,2026-01-17 17:00:00,27,0.503333,0.495433
2026-01-18 21:00:00,2026-01,2026-01-17 17:00:00,28,0.370000,0.611834
2026-01-18 22:00:00,2026-01,2026-01-17 17:00:00,29,0.345000,0.655846
2026-01-18 23:00:00,2026-01,2026-01-17 17:00:00,30,0.503333,0.699046
2026-01-19 00:00:00,2026-01,2026-01-17 17:00:00,31,0.336667,0.709618
2026-01-19 01:00:00,2026-01,2026-01-17 17:00:00,32,0.136667,0.690343
2026-01-19 02:00:00,2026-01,2026-01-17 17:00:00,33,0.213333,0.690040
2026-01-19 03:00:00,2026-01,2026-01-17 17:00:00,34,0.311667,0.711564
2026-01-19 04:00:00,2026-01,2026-01-17 17:00:00,35,0.226667,0.806177
2026-01-19 05:00:00,2026-01,2026-01-17 17:00:00,36,0.301667,0.822146
2026-01-19 06:00:00,2026-01,2026-01-17 17:00:00,37,0.333333,0.806410
2026-01-19 07:00:00,2026-01,2026-01-17 17:00:00,38,0.291667,0.780636
2026-01-19 08:00:00,2026-01,2026-01-17 17:00:00,39,0.305000,0.727140
2026-01-19 09:00:00,2026-01,2026-01-17 17:00:00,40,0.280000,0.621939
2026-01-19 10:00:00,2026-01,2026-01-17 17:00:00,41,0.168333,0.446985
2026-01-19 11:00:00,2026-01,2026-01-17 17:00:00,42,0.306667,0.344542
2026-01-19 12:00:00,2026-01,2026-01-17 17:00:00,43,0.481667,0.190796
2026-01-19 13:00:00,2026-01,2026-01-17 17:00:00,44,0.295000,0.143536
2026-01-19 14:00:00,2026-01,2026-01-17 17:00:00,45,0.248333,0.084993
2026-01-19 15:00:00,2026-01,2026-01-17 17:00:00,46,0.018333,0.082301
2026-01-19 16:00:00,2026-01,2026-01-17 17:00:00,47,0.060000,0.076333
2026-01-19 17:00:00,2026-01,2026-01-17 17:00:00,48,0.020000,0.067863
2026-01-18 18:00:00,2026-01,2026-01-18 17:00:00,1,0.350000,0.408383
2026-01-18 19:00:00,2026-01,2026-01-18 17:00:00,2,0.505000,0.591145
2026-01-18 20:00:00,2026-01,2026-01-18 17:00:00,3,0.503333,0.655678
2026-01-18 21:00:00,2026-01,2026-01-18 17:00:00,4,0.370000,0.709032
2026-01-18 22:00:00,2026-01,2026-01-18 17:00:00,5,0.345000,0.720951
2026-01-18 23:00:00,2026-01,2026-01-18 17:00:00,6,0.503333,0.724726
2026-01-19 00:00:00,2026-01,2026-01-18 17:00:00,7,0.336667,0.703594
2026-01-19 01:00:00,2026-01,2026-01-18 17:00:00,8,0.136667,0.692234
2026-01-19 02:00:00,2026-01,2026-01-18 17:00:00,9,0.213333,0.681384
2026-01-19 03:00:00,2026-01,2026-01-18 17:00:00,10,0.311667,0.715230
2026-01-19 04:00:00,2026-01,2026-01-18 17:00:00,11,0.226667,0.851157
2026-01-19 05:00:00,2026-01,2026-01-18 17:00:00,12,0.301667,0.863772
2026-01-19 06:00:00,2026-01,2026-01-18 17:00:00,13,0.333333,0.880978
2026-01-19 07:00:00,2026-01,2026-01-18 17:00:00,14,0.291667,0.848102
2026-01-19 08:00:00,2026-01,2026-01-18 17:00:00,15,0.305000,0.834326
2026-01-19 09:00:00,2026-01,2026-01-18 17:00:00,16,0.280000,0.719597
2026-01-19 10:00:00,2026-01,2026-01-18 17:00:00,17,0.168333,0.527394
2026-01-19 11:00:00,2026-01,2026-01-18 17:00:00,18,0.306667,0.394528
2026-01-19 12:00:00,2026-01,2026-01-18 17:00:00,19,0.481667,0.205962
2026-01-19 13:00:00,2026-01,2026-01-18 17:00:00,20,0.295000,0.115848
2026-01-19 14:00:00,2026-01,2026-01-18 17:00:00,21,0.248333,0.082348
2026-01-19 15:00:00,2026-01,2026-01-18 17:00:00,22,0.018333,0.078719
2026-01-19 16:00:00,2026-01,2026-01-18 17:00:00,23,0.060000,0.085380
2026-01-19 17:00:00,2026-01,2026-01-18 17:00:00,24,0.020000,0.085290
2026-01-19 18:00:00,2026-01,2026-01-18 17:00:00,25,0.010000,0.070148
2026-01-19 19:00:00,2026-01,2026-01-18 17:00:00,26,0.010000,0.075166
2026-01-19 20:00:00,2026-01,2026-01-18 17:00:00,27,0.008333,0.081466
2026-01-19 21:00:00,2026-01,2026-01-18 17:00:00,28,0.010000,0.075107
2026-01-19 22:00:00,2026-01,2026-01-18 17:00:00,29,0.011667,0.068255
2026-01-19 23:00:00,2026-01,2026-01-18 17:00:00,30,0.075000,0.068998
2026-01-20 00:00:00,2026-01,2026-01-18 17:00:00,31,0.020000,0.051663
2026-01-20 01:00:00,2026-01,2026-01-18 17:00:00,32,0.010000,0.040639
2026-01-20 02:00:00,2026-01,2026-01-18 17:00:00,33,0.008333,0.021249
2026-01-20 03:00:00,2026-01,2026-01-18 17:00:00,34,0.008333,0.010516
2026-01-20 04:00:00,2026-01,2026-01-18 17:00:00,35,0.020000,0.017534
2026-01-20 05:00:00,2026-01,2026-01-18 17:00:00,36,0.060000,0.006591
2026-01-20 06:00:00,2026-01,2026-01-18 17:00:00,37,0.011667,0.007676
2026-01-20 07:00:00,2026-01,2026-01-18 17:00:00,38,0.033333,0.013501
2026-01-20 08:00:00,2026-01,2026-01-18 17:00:00,39,0.083333,0.011689
2026-01-20 09:00:00,2026-01,2026-01-18 17:00:00,40,0.040000,0.012785
2026-01-20 10:00:00,2026-01,2026-01-18 17:00:00,41,0.016667,0.011576
2026-01-20 11:00:00,2026-01,2026-01-18 17:00:00,42,0.008333,0.011509
2026-01-20 12:00:00,2026-01,2026-01-18 17:00:00,43,0.010000,0.010797
2026-01-20 13:00:00,2026-01,2026-01-18 17:00:00,44,0.010000,0.010778
2026-01-20 14:00:00,2026-01,2026-01-18 17:00:00,45,0.010000,0.010764
2026-01-20 15:00:00,2026-01,2026-01-18 17:00:00,46,0.010000,0.012314
2026-01-20 16:00:00,2026-01,2026-01-18 17:00:00,47,0.035000,0.020597
2026-01-20 17:00:00,2026-01,2026-01-18 17:00:00,48,0.160000,0.039115
2026-01-19 18:00:00,2026-01,2026-01-19 17:00:00,1,0.010000,0.047776
2026-01-19 19:00:00,2026-01,2026-01-19 17:00:00,2,0.010000,0.052423
2026-01-19 20:00:00,2026-01,2026-01-19 17:00:00,3,0.008333,0.048774
2026-01-19 21:00:00,2026-01,2026-01-19 17:00:00,4,0.010000,0.037847
2026-01-19 22:00:00,2026-01,2026-01-19 17:00:00,5,0.011667,0.036543
2026-01-19 23:00:00,2026-01,2026-01-19 17:00:00,6,0.075000,0.028486
2026-01-20 00:00:00,2026-01,2026-01-19 17:00:00,7,0.020000,0.015720
2026-01-20 01:00:00,2026-01,2026-01-19 17:00:00,8,0.010000,0.009535
2026-01-20 02:00:00,2026-01,2026-01-19 17:00:00,9,0.008333,0.009476
2026-01-20 03:00:00,2026-01,2026-01-19 17:00:00,10,0.008333,0.002285
2026-01-20 04:00:00,2026-01,2026-01-19 17:00:00,11,0.020000,0.009456
2026-01-20 05:00:00,2026-01,2026-01-19 17:00:00,12,0.060000,0.011091
2026-01-20 06:00:00,2026-01,2026-01-19 17:00:00,13,0.011667,0.011931
2026-01-20 07:00:00,2026-01,2026-01-19 17:00:00,14,0.033333,0.011776
2026-01-20 08:00:00,2026-01,2026-01-19 17:00:00,15,0.083333,0.011344
2026-01-20 09:00:00,2026-01,2026-01-19 17:00:00,16,0.040000,0.011385
2026-01-20 10:00:00,2026-01,2026-01-19 17:00:00,17,0.016667,0.011389
2026-01-20 11:00:00,2026-01,2026-01-19 17:00:00,18,0.008333,0.011383
2026-01-20 12:00:00,2026-01,2026-01-19 17:00:00,19,0.010000,0.010824
2026-01-20 13:00:00,2026-01,2026-01-19 17:00:00,20,0.010000,0.010924
2026-01-20 14:00:00,2026-01,2026-01-19 17:00:00,21,0.010000,0.011133
2026-01-20 15:00:00,2026-01,2026-01-19 17:00:00,22,0.010000,0.013803
2026-01-20 16:00:00,2026-01,2026-01-19 17:00:00,23,0.035000,0.045459
2026-01-20 17:00:00,2026-01,2026-01-19 17:00:00,24,0.160000,0.161297
2026-01-20 18:00:00,2026-01,2026-01-19 17:00:00,25,0.263333,0.261878
2026-01-20 19:00:00,2026-01,2026-01-19 17:00:00,26,0.296667,0.437440
2026-01-20 20:00:00,2026-01,2026-01-19 17:00:00,27,0.440000,0.622641
2026-01-20 21:00:00,2026-01,2026-01-19 17:00:00,28,0.651667,0.705039
2026-01-20 22:00:00,2026-01,2026-01-19 17:00:00,29,0.835000,0.829145
2026-01-20 23:00:00,2026-01,2026-01-19 17:00:00,30,0.945000,0.790948
2026-01-21 00:00:00,2026-01,2026-01-19 17:00:00,31,0.886667,0.775928
2026-01-21 01:00:00,2026-01,2026-01-19 17:00:00,32,0.981667,0.771578
2026-01-21 02:00:00,2026-01,2026-01-19 17:00:00,33,0.986667,0.773927
2026-01-21 03:00:00,2026-01,2026-01-19 17:00:00,34,0.990000,0.790914
2026-01-21 04:00:00,2026-01,2026-01-19 17:00:00,35,0.933333,0.825140
2026-01-21 05:00:00,2026-01,2026-01-19 17:00:00,36,0.988333,0.947418
2026-01-21 06:00:00,2026-01,2026-01-19 17:00:00,37,0.990000,0.956297
2026-01-21 07:00:00,2026-01,2026-01-19 17:00:00,38,0.990000,0.953172
2026-01-21 08:00:00,2026-01,2026-01-19 17:00:00,39,0.986667,0.956380
2026-01-21 09:00:00,2026-01,2026-01-19 17:00:00,40,0.975000,0.948324
2026-01-21 10:00:00,2026-01,2026-01-19 17:00:00,41,0.985000,0.864180
2026-01-21 11:00:00,2026-01,2026-01-19 17:00:00,42,0.986667,0.866441
2026-01-21 12:00:00,2026-01,2026-01-19 17:00:00,43,0.281667,0.827409
2026-01-21 13:00:00,2026-01,2026-01-19 17:00:00,44,0.053333,0.740895
2026-01-21 14:00:00,2026-01,2026-01-19 17:00:00,45,0.171667,0.758953
2026-01-21 15:00:00,2026-01,2026-01-19 17:00:00,46,0.200000,0.776822
2026-01-21 16:00:00,2026-01,2026-01-19 17:00:00,47,0.158333,0.798714
2026-01-21 17:00:00,2026-01,2026-01-19 17:00:00,48,0.315000,0.667599
2026-01-20 18:00:00,2026-01,2026-01-20 17:00:00,1,0.263333,0.320620
2026-01-20 19:00:00,2026-01,2026-01-20 17:00:00,2,0.296667,0.554402
2026-01-20 20:00:00,2026-01,2026-01-20 17:00:00,3,0.440000,0.748662
2026-01-20 21:00:00,2026-01,2026-01-20 17:00:00,4,0.651667,0.807295
2026-01-20 22:00:00,2026-01,2026-01-20 17:00:00,5,0.835000,0.839568
2026-01-20 23:00:00,2026-01,2026-01-20 17:00:00,6,0.945000,0.787640
2026-01-21 00:00:00,2026-01,2026-01-20 17:00:00,7,0.886667,0.770845
2026-01-21 01:00:00,2026-01,2026-01-20 17:00:00,8,0.981667,0.764177
2026-01-21 02:00:00,2026-01,2026-01-20 17:00:00,9,0.986667,0.768227
2026-01-21 03:00:00,2026-01,2026-01-20 17:00:00,10,0.990000,0.790997
2026-01-21 04:00:00,2026-01,2026-01-20 17:00:00,11,0.933333,0.901052
2026-01-21 05:00:00,2026-01,2026-01-20 17:00:00,12,0.988333,0.963897
2026-01-21 06:00:00,2026-01,2026-01-20 17:00:00,13,0.990000,0.970585
2026-01-21 07:00:00,2026-01,2026-01-20 17:00:00,14,0.990000,0.963954
2026-01-21 08:00:00,2026-01,2026-01-20 17:00:00,15,0.986667,0.955662
2026-01-21 09:00:00,2026-01,2026-01-20 17:00:00,16,0.975000,0.954225
2026-01-21 10:00:00,2026-01,2026-01-20 17:00:00,17,0.985000,0.874411
2026-01-21 11:00:00,2026-01,2026-01-20 17:00:00,18,0.986667,0.867662
2026-01-21 12:00:00,2026-01,2026-01-20 17:00:00,19,0.281667,0.875635
2026-01-21 13:00:00,2026-01,2026-01-20 17:00:00,20,0.053333,0.855957
2026-01-21 14:00:00,2026-01,2026-01-20 17:00:00,21,0.171667,0.818385
2026-01-21 15:00:00,2026-01,2026-01-20 17:00:00,22,0.200000,0.801329
2026-01-21 16:00:00,2026-01,2026-01-20 17:00:00,23,0.158333,0.763171
2026-01-21 17:00:00,2026-01,2026-01-20 17:00:00,24,0.315000,0.824517
2026-01-21 18:00:00,2026-01,2026-01-20 17:00:00,25,0.475000,0.774600
2026-01-21 19:00:00,2026-01,2026-01-20 17:00:00,26,0.520000,0.716620
2026-01-21 20:00:00,2026-01,2026-01-20 17:00:00,27,0.385000,0.512346
2026-01-21 21:00:00,2026-01,2026-01-20 17:00:00,28,0.428333,0.339898
2026-01-21 22:00:00,2026-01,2026-01-20 17:00:00,29,0.151667,0.126566
2026-01-21 23:00:00,2026-01,2026-01-20 17:00:00,30,0.298333,0.167111
2026-01-22 00:00:00,2026-01,2026-01-20 17:00:00,31,0.090000,0.081421
2026-01-22 01:00:00,2026-01,2026-01-20 17:00:00,32,0.026667,0.086175
2026-01-22 02:00:00,2026-01,2026-01-20 17:00:00,33,0.010000,0.117467
2026-01-22 03:00:00,2026-01,2026-01-20 17:00:00,34,0.028333,0.184276
2026-01-22 04:00:00,2026-01,2026-01-20 17:00:00,35,0.016667,0.161121
2026-01-22 05:00:00,2026-01,2026-01-20 17:00:00,36,0.010000,0.240396
2026-01-22 06:00:00,2026-01,2026-01-20 17:00:00,37,0.008333,0.196213
2026-01-22 07:00:00,2026-01,2026-01-20 17:00:00,38,0.148333,0.155347
2026-01-22 08:00:00,2026-01,2026-01-20 17:00:00,39,0.328333,0.172923
2026-01-22 09:00:00,2026-01,2026-01-20 17:00:00,40,0.321667,0.241756
2026-01-22 10:00:00,2026-01,2026-01-20 17:00:00,41,0.495000,0.390590
2026-01-22 11:00:00,2026-01,2026-01-20 17:00:00,42,0.511667,0.640380
2026-01-22 12:00:00,2026-01,2026-01-20 17:00:00,43,0.468333,0.822773
2026-01-22 13:00:00,2026-01,2026-01-20 17:00:00,44,0.773333,0.862016
2026-01-22 14:00:00,2026-01,2026-01-20 17:00:00,45,0.818333,0.873445
2026-01-22 15:00:00,2026-01,2026-01-20 17:00:00,46,0.698333,0.869487
2026-01-22 16:00:00,2026-01,2026-01-20 17:00:00,47,0.965000,0.871554
2026-01-22 17:00:00,2026-01,2026-01-20 17:00:00,48,0.978333,0.876080
2026-01-21 18:00:00,2026-01,2026-01-21 17:00:00,1,0.475000,0.520376
2026-01-21 19:00:00,2026-01,2026-01-21 17:00:00,2,0.520000,0.490128
2026-01-21 20:00:00,2026-01,2026-01-21 17:00:00,3,0.385000,0.367068
2026-01-21 21:00:00,2026-01,2026-01-21 17:00:00,4,0.428333,0.242427
2026-01-21 22:00:00,2026-01,2026-01-21 17:00:00,5,0.151667,0.174061
2026-01-21 23:00:00,2026-01,2026-01-21 17:00:00,6,0.298333,0.190674
2026-01-22 00:00:00,2026-01,2026-01-21 17:00:00,7,0.090000,0.134798
2026-01-22 01:00:00,2026-01,2026-01-21 17:00:00,8,0.026667,0.121385
2026-01-22 02:00:00,2026-01,2026-01-21 17:00:00,9,0.010000,0.112853
2026-01-22 03:00:00,2026-01,2026-01-21 17:00:00,10,0.028333,0.185557
2026-01-22 04:00:00,2026-01,2026-01-21 17:00:00,11,0.016667,0.153464
2026-01-22 05:00:00,2026-01,2026-01-21 17:00:00,12,0.010000,0.138651
2026-01-22 06:00:00,2026-01,2026-01-21 17:00:00,13,0.008333,0.140793
2026-01-22 07:00:00,2026-01,2026-01-21 17:00:00,14,0.148333,0.107547
2026-01-22 08:00:00,2026-01,2026-01-21 17:00:00,15,0.328333,0.123288
2026-01-22 09:00:00,2026-01,2026-01-21 17:00:00,16,0.321667,0.257220
2026-01-22 10:00:00,2026-01,2026-01-21 17:00:00,17,0.495000,0.446124
2026-01-22 11:00:00,2026-01,2026-01-21 17:00:00,18,0.511667,0.615690
2026-01-22 12:00:00,2026-01,2026-01-21 17:00:00,19,0.468333,0.757369
2026-01-22 13:00:00,2026-01,2026-01-21 17:00:00,20,0.773333,0.814146
2026-01-22 14:00:00,2026-01,2026-01-21 17:00:00,21,0.818333,0.911171
2026-01-22 15:00:00,2026-01,2026-01-21 17:00:00,22,0.698333,0.944376
2026-01-22 16:00:00,2026-01,2026-01-21 17:00:00,23,0.965000,0.957595
2026-01-22 17:00:00,2026-01,2026-01-21 17:00:00,24,0.978333,0.957983
2026-01-22 18:00:00,2026-01,2026-01-21 17:00:00,25,0.981667,0.965155
2026-01-22 19:00:00,2026-01,2026-01-21 17:00:00,26,0.985000,0.960951
2026-01-22 20:00:00,2026-01,2026-01-21 17:00:00,27,0.981667,0.887993
2026-01-22 21:00:00,2026-01,2026-01-21 17:00:00,28,0.831667,0.827814
2026-01-22 22:00:00,2026-01,2026-01-21 17:00:00,29,0.466667,0.757620
2026-01-22 23:00:00,2026-01,2026-01-21 17:00:00,30,0.433333,0.700662
2026-01-23 00:00:00,2026-01,2026-01-21 17:00:00,31,0.466667,0.677158
2026-01-23 01:00:00,2026-01,2026-01-21 17:00:00,32,0.311667,0.567952
2026-01-23 02:00:00,2026-01,2026-01-21 17:00:00,33,0.710000,0.458173
2026-01-23 03:00:00,2026-01,2026-01-21 17:00:00,34,0.848333,0.379977
2026-01-23 04:00:00,2026-01,2026-01-21 17:00:00,35,0.920000,0.201960
2026-01-23 05:00:00,2026-01,2026-01-21 17:00:00,36,0.476667,0.224673
2026-01-23 06:00:00,2026-01,2026-01-21 17:00:00,37,0.250000,0.170858
2026-01-23 07:00:00,2026-01,2026-01-21 17:00:00,38,0.128333,0.168372
2026-01-23 08:00:00,2026-01,2026-01-21 17:00:00,39,0.168333,0.163020
2026-01-23 09:00:00,2026-01,2026-01-21 17:00:00,40,0.315000,0.201653
2026-01-23 10:00:00,2026-01,2026-01-21 17:00:00,41,0.653333,0.250435
2026-01-23 11:00:00,2026-01,2026-01-21 17:00:00,42,0.543333,0.226466
2026-01-23 12:00:00,2026-01,2026-01-21 17:00:00,43,0.383333,0.173870
2026-01-23 13:00:00,2026-01,2026-01-21 17:00:00,44,0.153333,0.180497
2026-01-23 14:00:00,2026-01,2026-01-21 17:00:00,45,0.071667,0.169857
2026-01-23 15:00:00,2026-01,2026-01-21 17:00:00,46,0.023333,0.164281
2026-01-23 16:00:00,2026-01,2026-01-21 17:00:00,47,0.038333,0.173547
2026-01-23 17:00:00,2026-01,2026-01-21 17:00:00,48,0.010000,0.177926
2026-01-22 18:00:00,2026-01,2026-01-22 17:00:00,1,0.981667,0.958586
2026-01-22 19:00:00,2026-01,2026-01-22 17:00:00,2,0.985000,0.949460
2026-01-22 20:00:00,2026-01,2026-01-22 17:00:00,3,0.981667,0.865920
2026-01-22 21:00:00,2026-01,2026-01-22 17:00:00,4,0.831667,0.817277
2026-01-22 22:00:00,2026-01,2026-01-22 17:00:00,5,0.466667,0.766823
2026-01-22 23:00:00,2026-01,2026-01-22 17:00:00,6,0.433333,0.757563
2026-01-23 00:00:00,2026-01,2026-01-22 17:00:00,7,0.466667,0.697909
2026-01-23 01:00:00,2026-01,2026-01-22 17:00:00,8,0.311667,0.668595
2026-01-23 02:00:00,2026-01,2026-01-22 17:00:00,9,0.710000,0.600814
2026-01-23 03:00:00,2026-01,2026-01-22 17:00:00,10,0.848333,0.534666
2026-01-23 04:00:00,2026-01,2026-01-22 17:00:00,11,0.920000,0.424358
2026-01-23 05:00:00,2026-01,2026-01-22 17:00:00,12,0.476667,0.460994
2026-01-23 06:00:00,2026-01,2026-01-22 17:00:00,13,0.250000,0.476346
2026-01-23 07:00:00,2026-01,2026-01-22 17:00:00,14,0.128333,0.397676
2026-01-23 08:00:00,2026-01,2026-01-22 17:00:00,15,0.168333,0.307716
2026-01-23 09:00:00,2026-01,2026-01-22 17:00:00,16,0.315000,0.247522
2026-01-23 10:00:00,2026-01,2026-01-22 17:00:00,17,0.653333,0.255981
2026-01-23 11:00:00,2026-01,2026-01-22 17:00:00,18,0.543333,0.292359
2026-01-23 12:00:00,2026-01,2026-01-22 17:00:00,19,0.383333,0.353146
2026-01-23 13:00:00,2026-01,2026-01-22 17:00:00,20,0.153333,0.380555
2026-01-23 14:00:00,2026-01,2026-01-22 17:00:00,21,0.071667,0.377471
2026-01-23 15:00:00,2026-01,2026-01-22 17:00:00,22,0.023333,0.354395
2026-01-23 16:00:00,2026-01,2026-01-22 17:00:00,23,0.038333,0.279395
2026-01-23 17:00:00,2026-01,2026-01-22 17:00:00,24,0.010000,0.249987
2026-01-23 18:00:00,2026-01,2026-01-22 17:00:00,25,0.010000,0.171542
2026-01-23 19:00:00,2026-01,2026-01-22 17:00:00,26,0.011667,0.130868
2026-01-23 20:00:00,2026-01,2026-01-22 17:00:00,27,0.010000,0.063037
2026-01-23 21:00:00,2026-01,2026-01-22 17:00:00,28,0.010000,0.054015
2026-01-23 22:00:00,2026-01,2026-01-22 17:00:00,29,0.010000,0.110871
2026-01-23 23:00:00,2026-01,2026-01-22 17:00:00,30,0.010000,0.179420
2026-01-24 00:00:00,2026-01,2026-01-22 17:00:00,31,0.018333,0.348835
2026-01-24 01:00:00,2026-01,2026-01-22 17:00:00,32,0.036667,0.548615
2026-01-24 02:00:00,2026-01,2026-01-22 17:00:00,33,0.115000,0.732765
2026-01-24 03:00:00,2026-01,2026-01-22 17:00:00,34,0.010000,0.886294
2026-01-24 04:00:00,2026-01,2026-01-22 17:00:00,35,0.440000,0.972769
2026-01-24 05:00:00,2026-01,2026-01-22 17:00:00,36,0.980000,0.971866
2026-01-24 06:00:00,2026-01,2026-01-22 17:00:00,37,0.623333,0.972099
2026-01-24 07:00:00,2026-01,2026-01-22 17:00:00,38,0.980000,0.972032
2026-01-24 08:00:00,2026-01,2026-01-22 17:00:00,39,0.981667,0.971942
2026-01-24 09:00:00,2026-01,2026-01-22 17:00:00,40,0.990000,0.971924
2026-01-24 10:00:00,2026-01,2026-01-22 17:00:00,41,0.985000,0.972290
2026-01-24 11:00:00,2026-01,2026-01-22 17:00:00,42,0.990000,0.971897
2026-01-24 12:00:00,2026-01,2026-01-22 17:00:00,43,0.990000,0.969875
2026-01-24 13:00:00,2026-01,2026-01-22 17:00:00,44,0.990000,0.900621
2026-01-24 14:00:00,2026-01,2026-01-22 17:00:00,45,0.955000,0.885322
2026-01-24 15:00:00,2026-01,2026-01-22 17:00:00,46,0.990000,0.858529
2026-01-24 16:00:00,2026-01,2026-01-22 17:00:00,47,0.990000,0.833599
2026-01-24 17:00:00,2026-01,2026-01-22 17:00:00,48,0.988333,0.854482
2026-01-23 18:00:00,2026-01,2026-01-23 17:00:00,1,0.010000,0.032038
2026-01-23 19:00:00,2026-01,2026-01-23 17:00:00,2,0.011667,0.027741
2026-01-23 20:00:00,2026-01,2026-01-23 17:00:00,3,0.010000,0.022599
2026-01-23 21:00:00,2026-01,2026-01-23 17:00:00,4,0.010000,0.042986
2026-01-23 22:00:00,2026-01,2026-01-23 17:00:00,5,0.010000,0.183407
2026-01-23 23:00:00,2026-01,2026-01-23 17:00:00,6,0.010000,0.262443
2026-01-24 00:00:00,2026-01,2026-01-23 17:00:00,7,0.018333,0.593701
2026-01-24 01:00:00,2026-01,2026-01-23 17:00:00,8,0.036667,0.728292
2026-01-24 02:00:00,2026-01,2026-01-23 17:00:00,9,0.115000,0.851518
2026-01-24 03:00:00,2026-01,2026-01-23 17:00:00,10,0.010000,0.962695
2026-01-24 04:00:00,2026-01,2026-01-23 17:00:00,11,0.440000,0.970910
2026-01-24 05:00:00,2026-01,2026-01-23 17:00:00,12,0.980000,0.969367
2026-01-24 06:00:00,2026-01,2026-01-23 17:00:00,13,0.623333,0.971786
2026-01-24 07:00:00,2026-01,2026-01-23 17:00:00,14,0.980000,0.971538
2026-01-24 08:00:00,2026-01,2026-01-23 17:00:00,15,0.981667,0.971533
2026-01-24 09:00:00,2026-01,2026-01-23 17:00:00,16,0.990000,0.971533
2026-01-24 10:00:00,2026-01,2026-01-23 17:00:00,17,0.985000,0.971211
2026-01-24 11:00:00,2026-01,2026-01-23 17:00:00,18,0.990000,0.970306
2026-01-24 12:00:00,2026-01,2026-01-23 17:00:00,19,0.990000,0.971249
2026-01-24 13:00:00,2026-01,2026-01-23 17:00:00,20,0.990000,0.966832
2026-01-24 14:00:00,2026-01,2026-01-23 17:00:00,21,0.955000,0.878662
2026-01-24 15:00:00,2026-01,2026-01-23 17:00:00,22,0.990000,0.838742
2026-01-24 16:00:00,2026-01,2026-01-23 17:00:00,23,0.990000,0.839514
2026-01-24 17:00:00,2026-01,2026-01-23 17:00:00,24,0.988333,0.848678
2026-01-24 18:00:00,2026-01,2026-01-23 17:00:00,25,0.965000,0.836985
2026-01-24 19:00:00,2026-01,2026-01-23 17:00:00,26,0.550000,0.804319
2026-01-24 20:00:00,2026-01,2026-01-23 17:00:00,27,0.238333,0.775962
2026-01-24 21:00:00,2026-01,2026-01-23 17:00:00,28,0.490000,0.562618
2026-01-24 22:00:00,2026-01,2026-01-23 17:00:00,29,0.595000,0.463897
2026-01-24 23:00:00,2026-01,2026-01-23 17:00:00,30,0.141667,0.283619
2026-01-25 00:00:00,2026-01,2026-01-23 17:00:00,31,0.023333,0.185694
2026-01-25 01:00:00,2026-01,2026-01-23 17:00:00,32,0.373333,0.088327
2026-01-25 02:00:00,2026-01,2026-01-23 17:00:00,33,0.370000,0.029966
2026-01-25 03:00:00,2026-01,2026-01-23 17:00:00,34,0.131667,0.010501
2026-01-25 04:00:00,2026-01,2026-01-23 17:00:00,35,0.070000,0.009703
2026-01-25 05:00:00,2026-01,2026-01-23 17:00:00,36,0.005000,0.009883
2026-01-25 06:00:00,2026-01,2026-01-23 17:00:00,37,0.010000,0.011860
2026-01-25 07:00:00,2026-01,2026-01-23 17:00:00,38,0.008333,0.032558
2026-01-25 08:00:00,2026-01,2026-01-23 17:00:00,39,0.010000,0.033062
2026-01-25 09:00:00,2026-01,2026-01-23 17:00:00,40,0.010000,0.063217
2026-01-25 10:00:00,2026-01,2026-01-23 17:00:00,41,0.010000,0.105295
2026-01-25 11:00:00,2026-01,2026-01-23 17:00:00,42,0.010000,0.206867
2026-01-25 12:00:00,2026-01,2026-01-23 17:00:00,43,0.010000,0.293490
2026-01-25 13:00:00,2026-01,2026-01-23 17:00:00,44,0.033333,0.269057
2026-01-25 14:00:00,2026-01,2026-01-23 17:00:00,45,0.133333,0.197628
2026-01-25 15:00:00,2026-01,2026-01-23 17:00:00,46,0.215000,0.134023
2026-01-25 16:00:00,2026-01,2026-01-23 17:00:00,47,0.326667,0.043901
2026-01-25 17:00:00,2026-01,2026-01-23 17:00:00,48,0.541667,0.025157
2026-01-24 18:00:00,2026-01,2026-01-24 17:00:00,1,0.965000,0.847641
2026-01-24 19:00:00,2026-01,2026-01-24 17:00:00,2,0.550000,0.820576
2026-01-24 20:00:00,2026-01,2026-01-24 17:00:00,3,0.238333,0.706573
2026-01-24 21:00:00,2026-01,2026-01-24 17:00:00,4,0.490000,0.549477
2026-01-24 22:00:00,2026-01,2026-01-24 17:00:00,5,0.595000,0.250720
2026-01-24 23:00:00,2026-01,2026-01-24 17:00:00,6,0.141667,0.164880
2026-01-25 00:00:00,2026-01,2026-01-24 17:00:00,7,0.023333,0.108965
2026-01-25 01:00:00,2026-01,2026-01-24 17:00:00,8,0.373333,0.034155
2026-01-25 02:00:00,2026-01,2026-01-24 17:00:00,9,0.370000,0.009947
2026-01-25 03:00:00,2026-01,2026-01-24 17:00:00,10,0.131667,0.012770
2026-01-25 04:00:00,2026-01,2026-01-24 17:00:00,11,0.070000,0.010824
2026-01-25 05:00:00,2026-01,2026-01-24 17:00:00,12,0.005000,0.010776
2026-01-25 06:00:00,2026-01,2026-01-24 17:00:00,13,0.010000,0.012358
2026-01-25 07:00:00,2026-01,2026-01-24 17:00:00,14,0.008333,0.013125
2026-01-25 08:00:00,2026-01,2026-01-24 17:00:00,15,0.010000,0.013074
2026-01-25 09:00:00,2026-01,2026-01-24 17:00:00,16,0.010000,0.016299
2026-01-25 10:00:00,2026-01,2026-01-24 17:00:00,17,0.010000,0.069862
2026-01-25 11:00:00,2026-01,2026-01-24 17:00:00,18,0.010000,0.148611
2026-01-25 12:00:00,2026-01,2026-01-24 17:00:00,19,0.010000,0.155046
2026-01-25 13:00:00,2026-01,2026-01-24 17:00:00,20,0.033333,0.089922
2026-01-25 14:00:00,2026-01,2026-01-24 17:00:00,21,0.133333,0.040256
2026-01-25 15:00:00,2026-01,2026-01-24 17:00:00,22,0.215000,0.015979
2026-01-25 16:00:00,2026-01,2026-01-24 17:00:00,23,0.326667,0.014900
2026-01-25 17:00:00,2026-01,2026-01-24 17:00:00,24,0.541667,0.023977
2026-01-25 18:00:00,2026-01,2026-01-24 17:00:00,25,0.220000,0.029016
2026-01-25 19:00:00,2026-01,2026-01-24 17:00:00,26,0.181667,0.089240
2026-01-25 20:00:00,2026-01,2026-01-24 17:00:00,27,0.306667,0.166556
2026-01-25 21:00:00,2026-01,2026-01-24 17:00:00,28,0.318333,0.275635
2026-01-25 22:00:00,2026-01,2026-01-24 17:00:00,29,0.220000,0.402872
2026-01-25 23:00:00,2026-01,2026-01-24 17:00:00,30,0.530000,0.509585
2026-01-26 00:00:00,2026-01,2026-01-24 17:00:00,31,0.270000,0.500121
2026-01-26 01:00:00,2026-01,2026-01-24 17:00:00,32,0.201667,0.545980
2026-01-26 02:00:00,2026-01,2026-01-24 17:00:00,33,0.186667,0.526332
2026-01-26 03:00:00,2026-01,2026-01-24 17:00:00,34,0.240000,0.607169
2026-01-26 04:00:00,2026-01,2026-01-24 17:00:00,35,0.245000,0.731392
2026-01-26 05:00:00,2026-01,2026-01-24 17:00:00,36,0.508333,0.744213
2026-01-26 06:00:00,2026-01,2026-01-24 17:00:00,37,0.846667,0.860358
2026-01-26 07:00:00,2026-01,2026-01-24 17:00:00,38,0.796667,0.937993
2026-01-26 08:00:00,2026-01,2026-01-24 17:00:00,39,0.750000,0.953349
2026-01-26 09:00:00,2026-01,2026-01-24 17:00:00,40,0.738333,0.940751
2026-01-26 10:00:00,2026-01,2026-01-24 17:00:00,41,0.701667,0.925100
2026-01-26 11:00:00,2026-01,2026-01-24 17:00:00,42,0.483333,0.840102
2026-01-26 12:00:00,2026-01,2026-01-24 17:00:00,43,0.620000,0.729574
2026-01-26 13:00:00,2026-01,2026-01-24 17:00:00,44,0.871667,0.656842
2026-01-26 14:00:00,2026-01,2026-01-24 17:00:00,45,0.366667,0.475470
2026-01-26 15:00:00,2026-01,2026-01-24 17:00:00,46,0.166667,0.345643
2026-01-26 16:00:00,2026-01,2026-01-24 17:00:00,47,0.676667,0.308963
2026-01-26 17:00:00,2026-01,2026-01-24 17:00:00,48,0.926667,0.244517
2026-01-25 18:00:00,2026-01,2026-01-25 17:00:00,1,0.220000,0.029461
2026-01-25 19:00:00,2026-01,2026-01-25 17:00:00,2,0.181667,0.110379
2026-01-25 20:00:00,2026-01,2026-01-25 17:00:00,3,0.306667,0.198829
2026-01-25 21:00:00,2026-01,2026-01-25 17:00:00,4,0.318333,0.319998
2026-01-25 22:00:00,2026-01,2026-01-25 17:00:00,5,0.220000,0.468195
2026-01-25 23:00:00,2026-01,2026-01-25 17:00:00,6,0.530000,0.533308
2026-01-26 00:00:00,2026-01,2026-01-25 17:00:00,7,0.270000,0.543771
2026-01-26 01:00:00,2026-01,2026-01-25 17:00:00,8,0.201667,0.526534
2026-01-26 02:00:00,2026-01,2026-01-25 17:00:00,9,0.186667,0.512918
2026-01-26 03:00:00,2026-01,2026-01-25 17:00:00,10,0.240000,0.573711
2026-01-26 04:00:00,2026-01,2026-01-25 17:00:00,11,0.245000,0.678248
2026-01-26 05:00:00,2026-01,2026-01-25 17:00:00,12,0.508333,0.742622
2026-01-26 06:00:00,2026-01,2026-01-25 17:00:00,13,0.846667,0.906473
2026-01-26 07:00:00,2026-01,2026-01-25 17:00:00,14,0.796667,0.947541
2026-01-26 08:00:00,2026-01,2026-01-25 17:00:00,15,0.750000,0.947549
2026-01-26 09:00:00,2026-01,2026-01-25 17:00:00,16,0.738333,0.916835
2026-01-26 10:00:00,2026-01,2026-01-25 17:00:00,17,0.701667,0.908683
2026-01-26 11:00:00,2026-01,2026-01-25 17:00:00,18,0.483333,0.787264
2026-01-26 12:00:00,2026-01,2026-01-25 17:00:00,19,0.620000,0.675893
2026-01-26 13:00:00,2026-01,2026-01-25 17:00:00,20,0.871667,0.575876
2026-01-26 14:00:00,2026-01,2026-01-25 17:00:00,21,0.366667,0.465865
2026-01-26 15:00:00,2026-01,2026-01-25 17:00:00,22,0.166667,0.360845
2026-01-26 16:00:00,2026-01,2026-01-25 17:00:00,23,0.676667,0.266171
2026-01-26 17:00:00,2026-01,2026-01-25 17:00:00,24,0.926667,0.232998
2026-01-26 18:00:00,2026-01,2026-01-25 17:00:00,25,0.705000,0.151130
2026-01-26 19:00:00,2026-01,2026-01-25 17:00:00,26,0.626667,0.131867
2026-01-26 20:00:00,2026-01,2026-01-25 17:00:00,27,0.490000,0.135194
2026-01-26 21:00:00,2026-01,2026-01-25 17:00:00,28,0.935000,0.130686
2026-01-26 22:00:00,2026-01,2026-01-25 17:00:00,29,0.673333,0.087973
2026-01-26 23:00:00,2026-01,2026-01-25 17:00:00,30,0.288333,0.057028
2026-01-27 00:00:00,2026-01,2026-01-25 17:00:00,31,0.028333,0.019703
2026-01-27 01:00:00,2026-01,2026-01-25 17:00:00,32,0.013333,0.000000
2026-01-27 02:00:00,2026-01,2026-01-25 17:00:00,33,0.010000,0.003621
2026-01-27 03:00:00,2026-01,2026-01-25 17:00:00,34,0.008333,0.006999
2026-01-27 04:00:00,2026-01,2026-01-25 17:00:00,35,0.010000,0.003851
2026-01-27 05:00:00,2026-01,2026-01-25 17:00:00,36,0.010000,0.008941
2026-01-27 06:00:00,2026-01,2026-01-25 17:00:00,37,0.010000,0.010156
2026-01-27 07:00:00,2026-01,2026-01-25 17:00:00,38,0.010000,0.011345
2026-01-27 08:00:00,2026-01,2026-01-25 17:00:00,39,0.010000,0.011445
2026-01-27 09:00:00,2026-01,2026-01-25 17:00:00,40,0.010000,0.011927
2026-01-27 10:00:00,2026-01,2026-01-25 17:00:00,41,0.010000,0.011915
2026-01-27 11:00:00,2026-01,2026-01-25 17:00:00,42,0.010000,0.011162
2026-01-27 12:00:00,2026-01,2026-01-25 17:00:00,43,0.010000,0.010772
2026-01-27 13:00:00,2026-01,2026-01-25 17:00:00,44,0.010000,0.010775
2026-01-27 14:00:00,2026-01,2026-01-25 17:00:00,45,0.013333,0.010828
2026-01-27 15:00:00,2026-01,2026-01-25 17:00:00,46,0.006667,0.010857
2026-01-27 16:00:00,2026-01,2026-01-25 17:00:00,47,0.008333,0.010805
2026-01-27 17:00:00,2026-01,2026-01-25 17:00:00,48,0.010000,0.010808
2026-01-26 18:00:00,2026-01,2026-01-26 17:00:00,1,0.705000,0.558648
2026-01-26 19:00:00,2026-01,2026-01-26 17:00:00,2,0.626667,0.486450
2026-01-26 20:00:00,2026-01,2026-01-26 17:00:00,3,0.490000,0.387112
2026-01-26 21:00:00,2026-01,2026-01-26 17:00:00,4,0.935000,0.222264
2026-01-26 22:00:00,2026-01,2026-01-26 17:00:00,5,0.673333,0.188390
2026-01-26 23:00:00,2026-01,2026-01-26 17:00:00,6,0.288333,0.114775
2026-01-27 00:00:00,2026-01,2026-01-26 17:00:00,7,0.028333,0.092348
2026-01-27 01:00:00,2026-01,2026-01-26 17:00:00,8,0.013333,0.026220
2026-01-27 02:00:00,2026-01,2026-01-26 17:00:00,9,0.010000,0.013340
2026-01-27 03:00:00,2026-01,2026-01-26 17:00:00,10,0.008333,0.013013
2026-01-27 04:00:00,2026-01,2026-01-26 17:00:00,11,0.010000,0.005317
2026-01-27 05:00:00,2026-01,2026-01-26 17:00:00,12,0.010000,0.007225
2026-01-27 06:00:00,2026-01,2026-01-26 17:00:00,13,0.010000,0.010445
2026-01-27 07:00:00,2026-01,2026-01-26 17:00:00,14,0.010000,0.010913
2026-01-27 08:00:00,2026-01,2026-01-26 17:00:00,15,0.010000,0.010770
2026-01-27 09:00:00,2026-01,2026-01-26 17:00:00,16,0.010000,0.010774
2026-01-27 10:00:00,2026-01,2026-01-26 17:00:00,17,0.010000,0.010707
2026-01-27 11:00:00,2026-01,2026-01-26 17:00:00,18,0.010000,0.010909
2026-01-27 12:00:00,2026-01,2026-01-26 17:00:00,19,0.010000,0.011049
2026-01-27 13:00:00,2026-01,2026-01-26 17:00:00,20,0.010000,0.011691
2026-01-27 14:00:00,2026-01,2026-01-26 17:00:00,21,0.013333,0.012842
2026-01-27 15:00:00,2026-01,2026-01-26 17:00:00,22,0.006667,0.014823
2026-01-27 16:00:00,2026-01,2026-01-26 17:00:00,23,0.008333,0.017013
2026-01-27 17:00:00,2026-01,2026-01-26 17:00:00,24,0.010000,0.030001
2026-01-27 18:00:00,2026-01,2026-01-26 17:00:00,25,0.010000,0.017602
2026-01-27 19:00:00,2026-01,2026-01-26 17:00:00,26,0.010000,0.015751
2026-01-27 20:00:00,2026-01,2026-01-26 17:00:00,27,0.010000,0.023424
2026-01-27 21:00:00,2026-01,2026-01-26 17:00:00,28,0.010000,0.024666
2026-01-27 22:00:00,2026-01,2026-01-26 17:00:00,29,0.010000,0.034419
2026-01-27 23:00:00,2026-01,2026-01-26 17:00:00,30,0.010000,0.040228
2026-01-28 00:00:00,2026-01,2026-01-26 17:00:00,31,0.008333,0.048156
2026-01-28 01:00:00,2026-01,2026-01-26 17:00:00,32,0.030000,0.053342
2026-01-28 02:00:00,2026-01,2026-01-26 17:00:00,33,0.031667,0.033593
2026-01-28 03:00:00,2026-01,2026-01-26 17:00:00,34,0.010000,0.034693
2026-01-28 04:00:00,2026-01,2026-01-26 17:00:00,35,0.010000,0.022084
2026-01-28 05:00:00,2026-01,2026-01-26 17:00:00,36,0.010000,0.009899
2026-01-28 06:00:00,2026-01,2026-01-26 17:00:00,37,0.010000,0.011254
2026-01-28 07:00:00,2026-01,2026-01-26 17:00:00,38,0.010000,0.012360
2026-01-28 08:00:00,2026-01,2026-01-26 17:00:00,39,0.010000,0.013178
2026-01-28 09:00:00,2026-01,2026-01-26 17:00:00,40,0.051667,0.020287
2026-01-28 10:00:00,2026-01,2026-01-26 17:00:00,41,0.125000,0.070927
2026-01-28 11:00:00,2026-01,2026-01-26 17:00:00,42,0.208333,0.156865
2026-01-28 12:00:00,2026-01,2026-01-26 17:00:00,43,0.148333,0.222077
2026-01-28 13:00:00,2026-01,2026-01-26 17:00:00,44,0.478333,0.185587
2026-01-28 14:00:00,2026-01,2026-01-26 17:00:00,45,0.703333,0.176385
2026-01-28 15:00:00,2026-01,2026-01-26 17:00:00,46,0.493333,0.186462
2026-01-28 16:00:00,2026-01,2026-01-26 17:00:00,47,0.340000,0.210633
2026-01-28 17:00:00,2026-01,2026-01-26 17:00:00,48,0.203333,0.204899
2026-01-27 18:00:00,2026-01,2026-01-27 17:00:00,1,0.010000,0.020003
2026-01-27 19:00:00,2026-01,2026-01-27 17:00:00,2,0.010000,0.024323
2026-01-27 20:00:00,2026-01,2026-01-27 17:00:00,3,0.010000,0.020588
2026-01-27 21:00:00,2026-01,2026-01-27 17:00:00,4,0.010000,0.020561
2026-01-27 22:00:00,2026-01,2026-01-27 17:00:00,5,0.010000,0.031754
2026-01-27 23:00:00,2026-01,2026-01-27 17:00:00,6,0.010000,0.040700
2026-01-28 00:00:00,2026-01,2026-01-27 17:00:00,7,0.008333,0.084962
2026-01-28 01:00:00,2026-01,2026-01-27 17:00:00,8,0.030000,0.115445
2026-01-28 02:00:00,2026-01,2026-01-27 17:00:00,9,0.031667,0.124603
2026-01-28 03:00:00,2026-01,2026-01-27 17:00:00,10,0.010000,0.119036
2026-01-28 04:00:00,2026-01,2026-01-27 17:00:00,11,0.010000,0.091556
2026-01-28 05:00:00,2026-01,2026-01-27 17:00:00,12,0.010000,0.047309
2026-01-28 06:00:00,2026-01,2026-01-27 17:00:00,13,0.010000,0.025098
2026-01-28 07:00:00,2026-01,2026-01-27 17:00:00,14,0.010000,0.015391
2026-01-28 08:00:00,2026-01,2026-01-27 17:00:00,15,0.010000,0.013288
2026-01-28 09:00:00,2026-01,2026-01-27 17:00:00,16,0.051667,0.015950
2026-01-28 10:00:00,2026-01,2026-01-27 17:00:00,17,0.125000,0.062233
2026-01-28 11:00:00,2026-01,2026-01-27 17:00:00,18,0.208333,0.104030
2026-01-28 12:00:00,2026-01,2026-01-27 17:00:00,19,0.148333,0.121382
2026-01-28 13:00:00,2026-01,2026-01-27 17:00:00,20,0.478333,0.129362
2026-01-28 14:00:00,2026-01,2026-01-27 17:00:00,21,0.703333,0.168183
2026-01-28 15:00:00,2026-01,2026-01-27 17:00:00,22,0.493333,0.193261
2026-01-28 16:00:00,2026-01,2026-01-27 17:00:00,23,0.340000,0.226108
2026-01-28 17:00:00,2026-01,2026-01-27 17:00:00,24,0.203333,0.223233
2026-01-28 18:00:00,2026-01,2026-01-27 17:00:00,25,0.265000,0.134809
2026-01-28 19:00:00,2026-01,2026-01-27 17:00:00,26,0.140000,0.134681
2026-01-28 20:00:00,2026-01,2026-01-27 17:00:00,27,0.195000,0.126349
2026-01-28 21:00:00,2026-01,2026-01-27 17:00:00,28,0.208333,0.099569
2026-01-28 22:00:00,2026-01,2026-01-27 17:00:00,29,0.156667,0.088409
2026-01-28 23:00:00,2026-01,2026-01-27 17:00:00,30,0.030000,0.092685
2026-01-29 00:00:00,2026-01,2026-01-27 17:00:00,31,0.010000,0.113083
2026-01-29 01:00:00,2026-01,2026-01-27 17:00:00,32,0.011667,0.107358
2026-01-29 02:00:00,2026-01,2026-01-27 17:00:00,33,0.010000,0.132526
2026-01-29 03:00:00,2026-01,2026-01-27 17:00:00,34,0.020000,0.136828
2026-01-29 04:00:00,2026-01,2026-01-27 17:00:00,35,0.040000,0.189410
2026-01-29 05:00:00,2026-01,2026-01-27 17:00:00,36,0.011667,0.327353
2026-01-29 06:00:00,2026-01,2026-01-27 17:00:00,37,0.201667,0.427609
2026-01-29 07:00:00,2026-01,2026-01-27 17:00:00,38,0.725000,0.539217
2026-01-29 08:00:00,2026-01,2026-01-27 17:00:00,39,0.851667,0.599950
2026-01-29 09:00:00,2026-01,2026-01-27 17:00:00,40,0.876667,0.640813
2026-01-29 10:00:00,2026-01,2026-01-27 17:00:00,41,0.961667,0.647997
2026-01-29 11:00:00,2026-01,2026-01-27 17:00:00,42,0.970000,0.619971
2026-01-29 12:00:00,2026-01,2026-01-27 17:00:00,43,0.918333,0.441849
2026-01-29 13:00:00,2026-01,2026-01-27 17:00:00,44,0.933333,0.478200
2026-01-29 14:00:00,2026-01,2026-01-27 17:00:00,45,0.983333,0.605544
2026-01-29 15:00:00,2026-01,2026-01-27 17:00:00,46,0.990000,0.749321
2026-01-29 16:00:00,2026-01,2026-01-27 17:00:00,47,0.990000,0.814871
2026-01-29 17:00:00,2026-01,2026-01-27 17:00:00,48,0.990000,0.902674
2026-01-28 18:00:00,2026-01,2026-01-28 17:00:00,1,0.265000,0.191012
2026-01-28 19:00:00,2026-01,2026-01-28 17:00:00,2,0.140000,0.139078
2026-01-28 20:00:00,2026-01,2026-01-28 17:00:00,3,0.195000,0.146128
2026-01-28 21:00:00,2026-01,2026-01-28 17:00:00,4,0.208333,0.135827
2026-01-28 22:00:00,2026-01,2026-01-28 17:00:00,5,0.156667,0.103798
2026-01-28 23:00:00,2026-01,2026-01-28 17:00:00,6,0.030000,0.072622
2026-01-29 00:00:00,2026-01,2026-01-28 17:00:00,7,0.010000,0.078499
2026-01-29 01:00:00,2026-01,2026-01-28 17:00:00,8,0.011667,0.072207
2026-01-29 02:00:00,2026-01,2026-01-28 17:00:00,9,0.010000,0.089862
2026-01-29 03:00:00,2026-01,2026-01-28 17:00:00,10,0.020000,0.132845
2026-01-29 04:00:00,2026-01,2026-01-28 17:00:00,11,0.040000,0.200181
2026-01-29 05:00:00,2026-01,2026-01-28 17:00:00,12,0.011667,0.306133
2026-01-29 06:00:00,2026-01,2026-01-28 17:00:00,13,0.201667,0.385669
2026-01-29 07:00:00,2026-01,2026-01-28 17:00:00,14,0.725000,0.433681
2026-01-29 08:00:00,2026-01,2026-01-28 17:00:00,15,0.851667,0.526880
2026-01-29 09:00:00,2026-01,2026-01-28 17:00:00,16,0.876667,0.613459
2026-01-29 10:00:00,2026-01,2026-01-28 17:00:00,17,0.961667,0.671410
2026-01-29 11:00:00,2026-01,2026-01-28 17:00:00,18,0.970000,0.721020
2026-01-29 12:00:00,2026-01,2026-01-28 17:00:00,19,0.918333,0.732180
2026-01-29 13:00:00,2026-01,2026-01-28 17:00:00,20,0.933333,0.712523
2026-01-29 14:00:00,2026-01,2026-01-28 17:00:00,21,0.983333,0.684379
2026-01-29 15:00:00,2026-01,2026-01-28 17:00:00,22,0.990000,0.719796
2026-01-29 16:00:00,2026-01,2026-01-28 17:00:00,23,0.990000,0.785760
2026-01-29 17:00:00,2026-01,2026-01-28 17:00:00,24,0.990000,0.846354
2026-01-29 18:00:00,2026-01,2026-01-28 17:00:00,25,0.838333,0.871285
2026-01-29 19:00:00,2026-01,2026-01-28 17:00:00,26,0.683333,0.879881
2026-01-29 20:00:00,2026-01,2026-01-28 17:00:00,27,0.665000,0.879918
2026-01-29 21:00:00,2026-01,2026-01-28 17:00:00,28,0.501667,0.886142
2026-01-29 22:00:00,2026-01,2026-01-28 17:00:00,29,0.416667,0.856912
2026-01-29 23:00:00,2026-01,2026-01-28 17:00:00,30,0.760000,0.777487
2026-01-30 00:00:00,2026-01,2026-01-28 17:00:00,31,0.685000,0.660948
2026-01-30 01:00:00,2026-01,2026-01-28 17:00:00,32,0.495000,0.679558
2026-01-30 02:00:00,2026-01,2026-01-28 17:00:00,33,0.523333,0.723939
2026-01-30 03:00:00,2026-01,2026-01-28 17:00:00,34,0.798333,0.857388
2026-01-30 04:00:00,2026-01,2026-01-28 17:00:00,35,0.946667,0.954498
2026-01-30 05:00:00,2026-01,2026-01-28 17:00:00,36,0.971667,0.968053
2026-01-30 06:00:00,2026-01,2026-01-28 17:00:00,37,0.976667,0.973620
2026-01-30 07:00:00,2026-01,2026-01-28 17:00:00,38,0.985000,0.973079
2026-01-30 08:00:00,2026-01,2026-01-28 17:00:00,39,0.973333,0.972663
2026-01-30 09:00:00,2026-01,2026-01-28 17:00:00,40,0.966667,0.948594
2026-01-30 10:00:00,2026-01,2026-01-28 17:00:00,41,0.968333,0.933838
2026-01-30 11:00:00,2026-01,2026-01-28 17:00:00,42,0.985000,0.911244
2026-01-30 12:00:00,2026-01,2026-01-28 17:00:00,43,0.788333,0.858812
2026-01-30 13:00:00,2026-01,2026-01-28 17:00:00,44,0.820000,0.692846
2026-01-30 14:00:00,2026-01,2026-01-28 17:00:00,45,0.603333,0.530665
2026-01-30 15:00:00,2026-01,2026-01-28 17:00:00,46,0.578333,0.390980
2026-01-30 16:00:00,2026-01,2026-01-28 17:00:00,47,0.263333,0.283382
2026-01-30 17:00:00,2026-01,2026-01-28 17:00:00,48,0.145000,0.222571
2026-01-29 18:00:00,2026-01,2026-01-29 17:00:00,1,0.838333,0.725825
2026-01-29 19:00:00,2026-01,2026-01-29 17:00:00,2,0.683333,0.728831
2026-01-29 20:00:00,2026-01,2026-01-29 17:00:00,3,0.665000,0.744452
2026-01-29 21:00:00,2026-01,2026-01-29 17:00:00,4,0.501667,0.777002
2026-01-29 22:00:00,2026-01,2026-01-29 17:00:00,5,0.416667,0.806066
2026-01-29 23:00:00,2026-01,2026-01-29 17:00:00,6,0.760000,0.800575
2026-01-30 00:00:00,2026-01,2026-01-29 17:00:00,7,0.685000,0.789337
2026-01-30 01:00:00,2026-01,2026-01-29 17:00:00,8,0.495000,0.735064
2026-01-30 02:00:00,2026-01,2026-01-29 17:00:00,9,0.523333,0.763280
2026-01-30 03:00:00,2026-01,2026-01-29 17:00:00,10,0.798333,0.844024
2026-01-30 04:00:00,2026-01,2026-01-29 17:00:00,11,0.946667,0.943767
2026-01-30 05:00:00,2026-01,2026-01-29 17:00:00,12,0.971667,0.965824
2026-01-30 06:00:00,2026-01,2026-01-29 17:00:00,13,0.976667,0.970207
2026-01-30 07:00:00,2026-01,2026-01-29 17:00:00,14,0.985000,0.971606
2026-01-30 08:00:00,2026-01,2026-01-29 17:00:00,15,0.973333,0.967930
2026-01-30 09:00:00,2026-01,2026-01-29 17:00:00,16,0.966667,0.968607
2026-01-30 10:00:00,2026-01,2026-01-29 17:00:00,17,0.968333,0.897272
2026-01-30 11:00:00,2026-01,2026-01-29 17:00:00,18,0.985000,0.779852
2026-01-30 12:00:00,2026-01,2026-01-29 17:00:00,19,0.788333,0.500184
2026-01-30 13:00:00,2026-01,2026-01-29 17:00:00,20,0.820000,0.358958
2026-01-30 14:00:00,2026-01,2026-01-29 17:00:00,21,0.603333,0.247872
2026-01-30 15:00:00,2026-01,2026-01-29 17:00:00,22,0.578333,0.222726
2026-01-30 16:00:00,2026-01,2026-01-29 17:00:00,23,0.263333,0.188078
2026-01-30 17:00:00,2026-01,2026-01-29 17:00:00,24,0.145000,0.190905
2026-01-30 18:00:00,2026-01,2026-01-29 17:00:00,25,0.153333,0.140228
2026-01-30 19:00:00,2026-01,2026-01-29 17:00:00,26,0.116667,0.145326
2026-01-30 20:00:00,2026-01,2026-01-29 17:00:00,27,0.160000,0.166884
2026-01-30 21:00:00,2026-01,2026-01-29 17:00:00,28,0.121667,0.189608
2026-01-30 22:00:00,2026-01,2026-01-29 17:00:00,29,0.071667,0.272355
2026-01-30 23:00:00,2026-01,2026-01-29 17:00:00,30,0.106667,0.371440
2026-01-31 00:00:00,2026-01,2026-01-29 17:00:00,31,0.103333,0.454429
2026-01-31 01:00:00,2026-01,2026-01-29 17:00:00,32,0.471667,0.508678
2026-01-31 02:00:00,2026-01,2026-01-29 17:00:00,33,0.480000,0.512612
2026-01-31 03:00:00,2026-01,2026-01-29 17:00:00,34,0.658333,0.516598
2026-01-31 04:00:00,2026-01,2026-01-29 17:00:00,35,0.938333,0.507729
2026-01-31 05:00:00,2026-01,2026-01-29 17:00:00,36,0.976667,0.856092
2026-01-31 06:00:00,2026-01,2026-01-29 17:00:00,37,0.968333,0.913950
2026-01-31 07:00:00,2026-01,2026-01-29 17:00:00,38,0.976667,0.909464
2026-01-31 08:00:00,2026-01,2026-01-29 17:00:00,39,0.893333,0.917411
2026-01-31 09:00:00,2026-01,2026-01-29 17:00:00,40,0.900000,0.899942
2026-01-31 10:00:00,2026-01,2026-01-29 17:00:00,41,0.940000,0.746468
2026-01-31 11:00:00,2026-01,2026-01-29 17:00:00,42,0.856667,0.524116
2026-01-31 12:00:00,2026-01,2026-01-29 17:00:00,43,0.825000,0.251918
2026-01-31 13:00:00,2026-01,2026-01-29 17:00:00,44,0.883333,0.166454
2026-01-31 14:00:00,2026-01,2026-01-29 17:00:00,45,0.351667,0.112646
2026-01-31 15:00:00,2026-01,2026-01-29 17:00:00,46,0.026667,0.092915
2026-01-31 16:00:00,2026-01,2026-01-29 17:00:00,47,0.020000,0.079374
